dataset,parent_context_id,biological_component,candidates,replicate_slots,rows_with_two_replicates,status
astrocyte_gse330741,astrocyte_gse330741|slc1a2.1_3281_3381,c01757bd86b181aa,570,14,570,AVAILABLE
astrocyte_gse330741,astrocyte_gse330741|slc1a2.1_3641_3721,c01757bd86b181aa,570,14,570,AVAILABLE
astrocyte_gse330741,astrocyte_gse330741|slc1a2.1_3781_3841,c01757bd86b181aa,570,14,570,AVAILABLE
astrocyte_gse330741,astrocyte_gse330741|slc1a2.1_4181_4281,c01757bd86b181aa,570,14,570,AVAILABLE
astrocyte_gse330741,astrocyte_gse330741|sparc_1041_1121,3d9133d357181a7c,570,14,570,AVAILABLE
astrocyte_gse330741,astrocyte_gse330741|sparc_661_761,3d9133d357181a7c,568,14,568,AVAILABLE
astrocyte_gse330741,astrocyte_gse330741|sparc_901_981,3d9133d357181a7c,566,14,566,AVAILABLE
mikl_gse173098,mikl_gse173098|mikl_gse173098|neurite_soma_mpra|GFP 3UTR MPRA|CAD|mikl:2810459M11Rik:1100.0:a067a0411286d389,f6bc6f9fb9e24ca9,2,3,2,AVAILABLE
mikl_gse173098,mikl_gse173098|mikl_gse173098|neurite_soma_mpra|GFP 3UTR MPRA|CAD|mikl:2810459M11Rik:1150.0:2cabf82a5e3f559c,f6bc6f9fb9e24ca9,2,3,2,AVAILABLE
mikl_gse173098,mikl_gse173098|mikl_gse173098|neurite_soma_mpra|GFP 3UTR MPRA|CAD|mikl:2810459M11Rik:650.0:1f690e58579e71a8,f6bc6f9fb9e24ca9,2,3,2,AVAILABLE
mikl_gse173098,mikl_gse173098|mikl_gse173098|neurite_soma_mpra|GFP 3UTR MPRA|CAD|mikl:2810459M11Rik:750.0:7dfdc6fbe5615be2,f6bc6f9fb9e24ca9,2,3,2,AVAILABLE
mikl_gse173098,mikl_gse173098|mikl_gse173098|neurite_soma_mpra|GFP 3UTR MPRA|CAD|mikl:9130008F23Rik:1000.0:7fedbc7309516444,d535ea86e5ff8786,3,3,3,AVAILABLE
mikl_gse173098,mikl_gse173098|mikl_gse173098|neurite_soma_mpra|GFP 3UTR MPRA|CAD|mikl:9130008F23Rik:1050.0:fc92f093f3ebd19f,d535ea86e5ff8786,2,3,2,AVAILABLE
mikl_gse173098,mikl_gse173098|mikl_gse173098|neurite_soma_mpra|GFP 3UTR MPRA|CAD|mikl:9130008F23Rik:200.0:8ad11f1dd6bd5854,d535ea86e5ff8786,2,3,2,AVAILABLE
mikl_gse173098,mikl_gse173098|mikl_gse173098|neurite_soma_mpra|GFP 3UTR MPRA|CAD|mikl:9130008F23Rik:250.0:26b067cecdaf81aa,d535ea86e5ff8786,2,3,2,AVAILABLE
mikl_gse173098,mikl_gse173098|mikl_gse173098|neurite_soma_mpra|GFP 3UTR MPRA|CAD|mikl:9130008F23Rik:300.0:7bac9b3d0e751b01,d535ea86e5ff8786,2,3,2,AVAILABLE
mikl_gse173098,mikl_gse173098|mikl_gse173098|neurite_soma_mpra|GFP 3UTR MPRA|CAD|mikl:9130008F23Rik:950.0:4724f30bf2792ff4,d535ea86e5ff8786,3,3,3,AVAILABLE
mikl_gse173098,mikl_gse173098|mikl_gse173098|neurite_soma_mpra|GFP 3UTR MPRA|CAD|mikl:A630089N07Rik:0.0:849eb40872eff1de,c59c3810bdf2b258,2,3,2,AVAILABLE
mikl_gse173098,mikl_gse173098|mikl_gse173098|neurite_soma_mpra|GFP 3UTR MPRA|CAD|mikl:A630089N07Rik:1300.0:e050422b2ad7254a,c59c3810bdf2b258,3,3,3,AVAILABLE
mikl_gse173098,mikl_gse173098|mikl_gse173098|neurite_soma_mpra|GFP 3UTR MPRA|CAD|mikl:A630089N07Rik:1350.0:016968247cf64f23,c59c3810bdf2b258,2,3,2,AVAILABLE
mikl_gse173098,mikl_gse173098|mikl_gse173098|neurite_soma_mpra|GFP 3UTR MPRA|CAD|mikl:A630089N07Rik:50.0:8ed57754ff0eeda5,c59c3810bdf2b258,2,3,2,AVAILABLE
mikl_gse173098,mikl_gse173098|mikl_gse173098|neurite_soma_mpra|GFP 3UTR MPRA|CAD|mikl:Abhd17a:100.0:085f6dd94db77809,e44163ca8352cc3c,2,3,2,AVAILABLE
mikl_gse173098,mikl_gse173098|mikl_gse173098|neurite_soma_mpra|GFP 3UTR MPRA|CAD|mikl:Abhd17a:150.0:3f1a7040e8a6dd88,e44163ca8352cc3c,2,3,2,AVAILABLE
mikl_gse173098,mikl_gse173098|mikl_gse173098|neurite_soma_mpra|GFP 3UTR MPRA|CAD|mikl:Abi1:0.0:b49ced2b2ab7d864,208bdb02edf5a5dc,2,3,2,AVAILABLE
mikl_gse173098,mikl_gse173098|mikl_gse173098|neurite_soma_mpra|GFP 3UTR MPRA|CAD|mikl:Abi1:1050.0:6514ccfba5192bba,208bdb02edf5a5dc,3,3,3,AVAILABLE
mikl_gse173098,mikl_gse173098|mikl_gse173098|neurite_soma_mpra|GFP 3UTR MPRA|CAD|mikl:Abi1:1100.0:cbdfde06967aad83,208bdb02edf5a5dc,5,3,5,AVAILABLE
mikl_gse173098,mikl_gse173098|mikl_gse173098|neurite_soma_mpra|GFP 3UTR MPRA|CAD|mikl:Abi1:1150.0:8dc076e9732a197e,208bdb02edf5a5dc,4,3,4,AVAILABLE
mikl_gse173098,mikl_gse173098|mikl_gse173098|neurite_soma_mpra|GFP 3UTR MPRA|CAD|mikl:Abi1:1200.0:cb0f02b4adbd010a,208bdb02edf5a5dc,5,3,5,AVAILABLE
mikl_gse173098,mikl_gse173098|mikl_gse173098|neurite_soma_mpra|GFP 3UTR MPRA|CAD|mikl:Abi1:1250.0:965f0ea9d702c432,208bdb02edf5a5dc,3,3,3,AVAILABLE
mikl_gse173098,mikl_gse173098|mikl_gse173098|neurite_soma_mpra|GFP 3UTR MPRA|CAD|mikl:Abi1:1300.0:d89b4aca475a5c64,208bdb02edf5a5dc,3,3,3,AVAILABLE
mikl_gse173098,mikl_gse173098|mikl_gse173098|neurite_soma_mpra|GFP 3UTR MPRA|CAD|mikl:Abi1:1350.0:8ff4db7268dbaf8b,208bdb02edf5a5dc,2,3,2,AVAILABLE
mikl_gse173098,mikl_gse173098|mikl_gse173098|neurite_soma_mpra|GFP 3UTR MPRA|CAD|mikl:Abi1:1400.0:0bc954835e89f2e7,208bdb02edf5a5dc,3,3,3,AVAILABLE
mikl_gse173098,mikl_gse173098|mikl_gse173098|neurite_soma_mpra|GFP 3UTR MPRA|CAD|mikl:Abi1:1450.0:c6de81d65ae4e95a,208bdb02edf5a5dc,2,3,2,AVAILABLE
mikl_gse173098,mikl_gse173098|mikl_gse173098|neurite_soma_mpra|GFP 3UTR MPRA|CAD|mikl:Abi1:250.0:a089169716893acc,208bdb02edf5a5dc,5,3,5,AVAILABLE
mikl_gse173098,mikl_gse173098|mikl_gse173098|neurite_soma_mpra|GFP 3UTR MPRA|CAD|mikl:Abi1:300.0:e735d92f693936d5,208bdb02edf5a5dc,10,3,10,AVAILABLE
mikl_gse173098,mikl_gse173098|mikl_gse173098|neurite_soma_mpra|GFP 3UTR MPRA|CAD|mikl:Abi1:350.0:85a80cfc6e6254de,208bdb02edf5a5dc,9,3,9,AVAILABLE
mikl_gse173098,mikl_gse173098|mikl_gse173098|neurite_soma_mpra|GFP 3UTR MPRA|CAD|mikl:Abi1:400.0:5ef6ca7299ccf7fc,208bdb02edf5a5dc,9,3,9,AVAILABLE
mikl_gse173098,mikl_gse173098|mikl_gse173098|neurite_soma_mpra|GFP 3UTR MPRA|CAD|mikl:Abi1:450.0:2db8c7c08918bab3,208bdb02edf5a5dc,3,3,3,AVAILABLE
mikl_gse173098,mikl_gse173098|mikl_gse173098|neurite_soma_mpra|GFP 3UTR MPRA|CAD|mikl:Abi1:50.0:e011aa49a55146cf,208bdb02edf5a5dc,2,3,2,AVAILABLE
mikl_gse173098,mikl_gse173098|mikl_gse173098|neurite_soma_mpra|GFP 3UTR MPRA|CAD|mikl:Abi1:500.0:61c5da1e1887538e,208bdb02edf5a5dc,5,3,5,AVAILABLE
mikl_gse173098,mikl_gse173098|mikl_gse173098|neurite_soma_mpra|GFP 3UTR MPRA|CAD|mikl:Abi1:550.0:dc0051cdd649f680,208bdb02edf5a5dc,4,3,4,AVAILABLE
mikl_gse173098,mikl_gse173098|mikl_gse173098|neurite_soma_mpra|GFP 3UTR MPRA|CAD|mikl:Abi1:600.0:f5324228b690fa6a,208bdb02edf5a5dc,3,3,3,AVAILABLE
mikl_gse173098,mikl_gse173098|mikl_gse173098|neurite_soma_mpra|GFP 3UTR MPRA|CAD|mikl:Abi1:650.0:e3c6d7acdbb2cae2,208bdb02edf5a5dc,2,3,2,AVAILABLE
mikl_gse173098,mikl_gse173098|mikl_gse173098|neurite_soma_mpra|GFP 3UTR MPRA|CAD|mikl:Abi1:700.0:93f28eb74cc38fa1,208bdb02edf5a5dc,5,3,5,AVAILABLE
mikl_gse173098,mikl_gse173098|mikl_gse173098|neurite_soma_mpra|GFP 3UTR MPRA|CAD|mikl:Abi1:750.0:2e45e8fe45d0c928,208bdb02edf5a5dc,3,3,3,AVAILABLE
mikl_gse173098,mikl_gse173098|mikl_gse173098|neurite_soma_mpra|GFP 3UTR MPRA|CAD|mikl:Abi1:850.0:2cd05d1b62edc7be,208bdb02edf5a5dc,4,3,4,AVAILABLE
mikl_gse173098,mikl_gse173098|mikl_gse173098|neurite_soma_mpra|GFP 3UTR MPRA|CAD|mikl:Abi1:900.0:88d42ff2a596f8fc,208bdb02edf5a5dc,5,3,5,AVAILABLE
mikl_gse173098,mikl_gse173098|mikl_gse173098|neurite_soma_mpra|GFP 3UTR MPRA|CAD|mikl:Abi1:950.0:7b0dc69891cefea0,208bdb02edf5a5dc,4,3,4,AVAILABLE
mikl_gse173098,mikl_gse173098|mikl_gse173098|neurite_soma_mpra|GFP 3UTR MPRA|CAD|mikl:Aco2:0.0:525e4156e51d0368,245e6ce60dad9eea,2,3,2,AVAILABLE
mikl_gse173098,mikl_gse173098|mikl_gse173098|neurite_soma_mpra|GFP 3UTR MPRA|CAD|mikl:Aco2:100.0:c023260e15cb2a8c,245e6ce60dad9eea,2,3,2,AVAILABLE
mikl_gse173098,mikl_gse173098|mikl_gse173098|neurite_soma_mpra|GFP 3UTR MPRA|CAD|mikl:Aco2:200.0:ca5abeed2cd97add,245e6ce60dad9eea,2,3,2,AVAILABLE
mikl_gse173098,mikl_gse173098|mikl_gse173098|neurite_soma_mpra|GFP 3UTR MPRA|CAD|mikl:Acsm1:50.0:9f50d61d94f9a10d,aee8263988c2172d,2,3,2,AVAILABLE
mikl_gse173098,mikl_gse173098|mikl_gse173098|neurite_soma_mpra|GFP 3UTR MPRA|CAD|mikl:Actb:0.0:dd70c9c5426a3fb2,c688974ce2cd77a3,2,3,2,AVAILABLE
mikl_gse173098,mikl_gse173098|mikl_gse173098|neurite_soma_mpra|GFP 3UTR MPRA|CAD|mikl:Actb:350.0:fedc7a58cd9e2b09,c688974ce2cd77a3,2,3,2,AVAILABLE
mikl_gse173098,mikl_gse173098|mikl_gse173098|neurite_soma_mpra|GFP 3UTR MPRA|CAD|mikl:Actb:50.0:7a558a5e3cc29f3c,c688974ce2cd77a3,2,3,2,AVAILABLE
mikl_gse173098,mikl_gse173098|mikl_gse173098|neurite_soma_mpra|GFP 3UTR MPRA|CAD|mikl:Actb:500.0:aa2aa7fee1dee8b7,c688974ce2cd77a3,2,3,2,AVAILABLE
mikl_gse173098,mikl_gse173098|mikl_gse173098|neurite_soma_mpra|GFP 3UTR MPRA|CAD|mikl:Adamts18:100.0:9c0ebe9d3e4ddeb4,e16e3a7848c3e8c3,2,3,2,AVAILABLE
mikl_gse173098,mikl_gse173098|mikl_gse173098|neurite_soma_mpra|GFP 3UTR MPRA|CAD|mikl:Adamts18:1450.0:2e32ae29eba8eef1,e16e3a7848c3e8c3,3,3,3,AVAILABLE
mikl_gse173098,mikl_gse173098|mikl_gse173098|neurite_soma_mpra|GFP 3UTR MPRA|CAD|mikl:Adamts18:1500.0:e955f27e57dffd4b,e16e3a7848c3e8c3,2,3,2,AVAILABLE
mikl_gse173098,mikl_gse173098|mikl_gse173098|neurite_soma_mpra|GFP 3UTR MPRA|CAD|mikl:Adamts18:1550.0:09a6cf18fe2159c2,e16e3a7848c3e8c3,2,3,2,AVAILABLE
mikl_gse173098,mikl_gse173098|mikl_gse173098|neurite_soma_mpra|GFP 3UTR MPRA|CAD|mikl:Adamts18:1900.0:d6bba881240d8108,e16e3a7848c3e8c3,2,3,2,AVAILABLE
mikl_gse173098,mikl_gse173098|mikl_gse173098|neurite_soma_mpra|GFP 3UTR MPRA|CAD|mikl:Adamts18:200.0:532f6643d4f3f18f,e16e3a7848c3e8c3,2,3,2,AVAILABLE
mikl_gse173098,mikl_gse173098|mikl_gse173098|neurite_soma_mpra|GFP 3UTR MPRA|CAD|mikl:Adamts18:2050.0:a14c281e8081f4dc,e16e3a7848c3e8c3,2,3,2,AVAILABLE
mikl_gse173098,mikl_gse173098|mikl_gse173098|neurite_soma_mpra|GFP 3UTR MPRA|CAD|mikl:Adamts18:2050.0:bed6fcba25004228,e16e3a7848c3e8c3,2,3,2,AVAILABLE
mikl_gse173098,mikl_gse173098|mikl_gse173098|neurite_soma_mpra|GFP 3UTR MPRA|CAD|mikl:Adamts18:2100.0:45456fdc1d8c6313,e16e3a7848c3e8c3,3,3,3,AVAILABLE
mikl_gse173098,mikl_gse173098|mikl_gse173098|neurite_soma_mpra|GFP 3UTR MPRA|CAD|mikl:Adamts18:2100.0:db8b4676775d450b,e16e3a7848c3e8c3,3,3,3,AVAILABLE
mikl_gse173098,mikl_gse173098|mikl_gse173098|neurite_soma_mpra|GFP 3UTR MPRA|CAD|mikl:Adamts18:2150.0:6cb42957b277fc59,e16e3a7848c3e8c3,2,3,2,AVAILABLE
mikl_gse173098,mikl_gse173098|mikl_gse173098|neurite_soma_mpra|GFP 3UTR MPRA|CAD|mikl:Adamts18:2150.0:ab66335c46b38804,e16e3a7848c3e8c3,3,3,3,AVAILABLE
mikl_gse173098,mikl_gse173098|mikl_gse173098|neurite_soma_mpra|GFP 3UTR MPRA|CAD|mikl:Adamts18:2450.0:90d05c7b1b030113,e16e3a7848c3e8c3,2,3,2,AVAILABLE
mikl_gse173098,mikl_gse173098|mikl_gse173098|neurite_soma_mpra|GFP 3UTR MPRA|CAD|mikl:Adamts18:2850.0:65225f67809dc3a9,e16e3a7848c3e8c3,2,3,2,AVAILABLE
mikl_gse173098,mikl_gse173098|mikl_gse173098|neurite_soma_mpra|GFP 3UTR MPRA|CAD|mikl:Adamts18:2900.0:8b7f83d6241250b3,e16e3a7848c3e8c3,2,3,2,AVAILABLE
mikl_gse173098,mikl_gse173098|mikl_gse173098|neurite_soma_mpra|GFP 3UTR MPRA|CAD|mikl:Adap2:300.0:1def4fca0d3f6c2e,41b8c9c04dd984c5,3,3,3,AVAILABLE
mikl_gse173098,mikl_gse173098|mikl_gse173098|neurite_soma_mpra|GFP 3UTR MPRA|CAD|mikl:Agtrap:1000.0:54a0f5d1c89eb6d5,67a2fc9fcc165a75,2,3,2,AVAILABLE
mikl_gse173098,mikl_gse173098|mikl_gse173098|neurite_soma_mpra|GFP 3UTR MPRA|CAD|mikl:Agtrap:1400.0:2aadabe232699c67,67a2fc9fcc165a75,2,3,2,AVAILABLE
mikl_gse173098,mikl_gse173098|mikl_gse173098|neurite_soma_mpra|GFP 3UTR MPRA|CAD|mikl:Agtrap:1900.0:57fa274a0f69b98e,67a2fc9fcc165a75,2,3,2,AVAILABLE
mikl_gse173098,mikl_gse173098|mikl_gse173098|neurite_soma_mpra|GFP 3UTR MPRA|CAD|mikl:Agtrap:2350.0:727f0f55d161c1fc,67a2fc9fcc165a75,3,3,3,AVAILABLE
mikl_gse173098,mikl_gse173098|mikl_gse173098|neurite_soma_mpra|GFP 3UTR MPRA|CAD|mikl:Agtrap:2400.0:b628ae44fc3e9e96,67a2fc9fcc165a75,2,3,2,AVAILABLE
mikl_gse173098,mikl_gse173098|mikl_gse173098|neurite_soma_mpra|GFP 3UTR MPRA|CAD|mikl:Agtrap:2950.0:5d4152ad998d26bd,67a2fc9fcc165a75,4,3,4,AVAILABLE
mikl_gse173098,mikl_gse173098|mikl_gse173098|neurite_soma_mpra|GFP 3UTR MPRA|CAD|mikl:Agtrap:550.0:b89882dcc2b5a013,67a2fc9fcc165a75,2,3,2,AVAILABLE
mikl_gse173098,mikl_gse173098|mikl_gse173098|neurite_soma_mpra|GFP 3UTR MPRA|CAD|mikl:Agtrap:800.0:1bb68705893a676d,67a2fc9fcc165a75,2,3,2,AVAILABLE
mikl_gse173098,mikl_gse173098|mikl_gse173098|neurite_soma_mpra|GFP 3UTR MPRA|CAD|mikl:Agtrap:850.0:18a7e9de103ec91d,67a2fc9fcc165a75,2,3,2,AVAILABLE
mikl_gse173098,mikl_gse173098|mikl_gse173098|neurite_soma_mpra|GFP 3UTR MPRA|CAD|mikl:Agtrap:900.0:9d3a8c5ba7df08d3,67a2fc9fcc165a75,2,3,2,AVAILABLE
mikl_gse173098,mikl_gse173098|mikl_gse173098|neurite_soma_mpra|GFP 3UTR MPRA|CAD|mikl:Agtrap:950.0:7c252b7215a331fe,67a2fc9fcc165a75,3,3,3,AVAILABLE
mikl_gse173098,mikl_gse173098|mikl_gse173098|neurite_soma_mpra|GFP 3UTR MPRA|CAD|mikl:Ankef1:450.0:96cfb7a9639c61ef,915e39e3908737aa,2,3,2,AVAILABLE
mikl_gse173098,mikl_gse173098|mikl_gse173098|neurite_soma_mpra|GFP 3UTR MPRA|CAD|mikl:Ankef1:600.0:472077785c3de555,915e39e3908737aa,2,3,2,AVAILABLE
mikl_gse173098,mikl_gse173098|mikl_gse173098|neurite_soma_mpra|GFP 3UTR MPRA|CAD|mikl:Ankef1:700.0:c1cef64a40474abd,915e39e3908737aa,2,3,2,AVAILABLE
mikl_gse173098,mikl_gse173098|mikl_gse173098|neurite_soma_mpra|GFP 3UTR MPRA|CAD|mikl:Aox3:300.0:64db82ed4f4325be,b9e63ef41e58a189,3,3,3,AVAILABLE
mikl_gse173098,mikl_gse173098|mikl_gse173098|neurite_soma_mpra|GFP 3UTR MPRA|CAD|mikl:Aqp4:100.0:9b11673a7d9a7f70,394ede2e6d945642,3,3,3,AVAILABLE
mikl_gse173098,mikl_gse173098|mikl_gse173098|neurite_soma_mpra|GFP 3UTR MPRA|CAD|mikl:Aqp4:150.0:4ec916f2cad9db64,394ede2e6d945642,3,3,3,AVAILABLE
mikl_gse173098,mikl_gse173098|mikl_gse173098|neurite_soma_mpra|GFP 3UTR MPRA|CAD|mikl:Aqp4:2850.0:d82b4adb8890bf17,394ede2e6d945642,2,3,2,AVAILABLE
mikl_gse173098,mikl_gse173098|mikl_gse173098|neurite_soma_mpra|GFP 3UTR MPRA|CAD|mikl:Aqp4:2900.0:339f8db5dfcaad1c,394ede2e6d945642,2,3,2,AVAILABLE
mikl_gse173098,mikl_gse173098|mikl_gse173098|neurite_soma_mpra|GFP 3UTR MPRA|CAD|mikl:Aqp4:2950.0:2b6caa86b1803b38,394ede2e6d945642,2,3,2,AVAILABLE
mikl_gse173098,mikl_gse173098|mikl_gse173098|neurite_soma_mpra|GFP 3UTR MPRA|CAD|mikl:Aqp4:50.0:60e0d6803b25677c,394ede2e6d945642,3,3,3,AVAILABLE
mikl_gse173098,mikl_gse173098|mikl_gse173098|neurite_soma_mpra|GFP 3UTR MPRA|CAD|mikl:Aqp4:600.0:c00a3ac967413930,394ede2e6d945642,2,3,2,AVAILABLE
mikl_gse173098,mikl_gse173098|mikl_gse173098|neurite_soma_mpra|GFP 3UTR MPRA|CAD|mikl:Aqp4:650.0:cbdd6ebc8fc6c1e1,394ede2e6d945642,2,3,2,AVAILABLE
mikl_gse173098,mikl_gse173098|mikl_gse173098|neurite_soma_mpra|GFP 3UTR MPRA|CAD|mikl:Aqp4:700.0:000c61f063ddca22,394ede2e6d945642,2,3,2,AVAILABLE
mikl_gse173098,mikl_gse173098|mikl_gse173098|neurite_soma_mpra|GFP 3UTR MPRA|CAD|mikl:Arhgap31:1250.0:634da18cdf22235c,e7403113ad0dc27e,2,3,2,AVAILABLE
mikl_gse173098,mikl_gse173098|mikl_gse173098|neurite_soma_mpra|GFP 3UTR MPRA|CAD|mikl:Arid2:0.0:8ed370ea42e0e6ce,d448918320cd6ef4,2,3,2,AVAILABLE
mikl_gse173098,mikl_gse173098|mikl_gse173098|neurite_soma_mpra|GFP 3UTR MPRA|CAD|mikl:Arid2:0.0:ffcf73c3783faae0,d448918320cd6ef4,3,3,3,AVAILABLE
mikl_gse173098,mikl_gse173098|mikl_gse173098|neurite_soma_mpra|GFP 3UTR MPRA|CAD|mikl:Arid2:100.0:5269ff8f108124cd,d448918320cd6ef4,5,3,5,AVAILABLE
mikl_gse173098,mikl_gse173098|mikl_gse173098|neurite_soma_mpra|GFP 3UTR MPRA|CAD|mikl:Arid2:1050.0:ea8a58450ec175c3,d448918320cd6ef4,3,3,3,AVAILABLE
mikl_gse173098,mikl_gse173098|mikl_gse173098|neurite_soma_mpra|GFP 3UTR MPRA|CAD|mikl:Arid2:1100.0:94d1a1400a07a33f,d448918320cd6ef4,3,3,3,AVAILABLE
mikl_gse173098,mikl_gse173098|mikl_gse173098|neurite_soma_mpra|GFP 3UTR MPRA|CAD|mikl:Arid2:1150.0:d684ebad3c6d73fc,d448918320cd6ef4,2,3,2,AVAILABLE
mikl_gse173098,mikl_gse173098|mikl_gse173098|neurite_soma_mpra|GFP 3UTR MPRA|CAD|mikl:Arid2:1300.0:60cfd16e748cc667,d448918320cd6ef4,3,3,3,AVAILABLE
mikl_gse173098,mikl_gse173098|mikl_gse173098|neurite_soma_mpra|GFP 3UTR MPRA|CAD|mikl:Arid2:1350.0:2826d2d15ac780ed,d448918320cd6ef4,4,3,4,AVAILABLE
mikl_gse173098,mikl_gse173098|mikl_gse173098|neurite_soma_mpra|GFP 3UTR MPRA|CAD|mikl:Arid2:1400.0:f6ff115ccdd346eb,d448918320cd6ef4,6,3,6,AVAILABLE
mikl_gse173098,mikl_gse173098|mikl_gse173098|neurite_soma_mpra|GFP 3UTR MPRA|CAD|mikl:Arid2:1450.0:96231b70cc2b8ef7,d448918320cd6ef4,2,3,2,AVAILABLE
mikl_gse173098,mikl_gse173098|mikl_gse173098|neurite_soma_mpra|GFP 3UTR MPRA|CAD|mikl:Arid2:150.0:b783c9c4929118a7,d448918320cd6ef4,5,3,5,AVAILABLE
mikl_gse173098,mikl_gse173098|mikl_gse173098|neurite_soma_mpra|GFP 3UTR MPRA|CAD|mikl:Arid2:1500.0:d495faa93a07bdf6,d448918320cd6ef4,3,3,3,AVAILABLE
mikl_gse173098,mikl_gse173098|mikl_gse173098|neurite_soma_mpra|GFP 3UTR MPRA|CAD|mikl:Arid2:1750.0:f459bfa14cd03f6d,d448918320cd6ef4,2,3,2,AVAILABLE
mikl_gse173098,mikl_gse173098|mikl_gse173098|neurite_soma_mpra|GFP 3UTR MPRA|CAD|mikl:Arid2:200.0:8d4e6789eabc0984,d448918320cd6ef4,3,3,3,AVAILABLE
mikl_gse173098,mikl_gse173098|mikl_gse173098|neurite_soma_mpra|GFP 3UTR MPRA|CAD|mikl:Arid2:2000.0:aeedc2d97be4670b,d448918320cd6ef4,4,3,4,AVAILABLE
mikl_gse173098,mikl_gse173098|mikl_gse173098|neurite_soma_mpra|GFP 3UTR MPRA|CAD|mikl:Arid2:2050.0:fa4d4d9147ce1a8a,d448918320cd6ef4,4,3,4,AVAILABLE
mikl_gse173098,mikl_gse173098|mikl_gse173098|neurite_soma_mpra|GFP 3UTR MPRA|CAD|mikl:Arid2:2100.0:0dfc43df84116ace,d448918320cd6ef4,4,3,4,AVAILABLE
mikl_gse173098,mikl_gse173098|mikl_gse173098|neurite_soma_mpra|GFP 3UTR MPRA|CAD|mikl:Arid2:2200.0:86f92169c49e51d3,d448918320cd6ef4,2,3,2,AVAILABLE
mikl_gse173098,mikl_gse173098|mikl_gse173098|neurite_soma_mpra|GFP 3UTR MPRA|CAD|mikl:Arid2:2250.0:72e5e26ecbe7a3db,d448918320cd6ef4,2,3,2,AVAILABLE
mikl_gse173098,mikl_gse173098|mikl_gse173098|neurite_soma_mpra|GFP 3UTR MPRA|CAD|mikl:Arid2:2300.0:7d537b83fc0adfdf,d448918320cd6ef4,3,3,3,AVAILABLE
mikl_gse173098,mikl_gse173098|mikl_gse173098|neurite_soma_mpra|GFP 3UTR MPRA|CAD|mikl:Arid2:2350.0:7d237d9d1859d7bb,d448918320cd6ef4,3,3,3,AVAILABLE
mikl_gse173098,mikl_gse173098|mikl_gse173098|neurite_soma_mpra|GFP 3UTR MPRA|CAD|mikl:Arid2:2400.0:6ff71ce5b809812c,d448918320cd6ef4,2,3,2,AVAILABLE
mikl_gse173098,mikl_gse173098|mikl_gse173098|neurite_soma_mpra|GFP 3UTR MPRA|CAD|mikl:Arid2:2450.0:d974eaa40b430d1b,d448918320cd6ef4,3,3,3,AVAILABLE
mikl_gse173098,mikl_gse173098|mikl_gse173098|neurite_soma_mpra|GFP 3UTR MPRA|CAD|mikl:Arid2:250.0:be4fe8b2f50e385c,d448918320cd6ef4,3,3,3,AVAILABLE
mikl_gse173098,mikl_gse173098|mikl_gse173098|neurite_soma_mpra|GFP 3UTR MPRA|CAD|mikl:Arid2:2500.0:b0b4fab5b5dba4d9,d448918320cd6ef4,2,3,2,AVAILABLE
mikl_gse173098,mikl_gse173098|mikl_gse173098|neurite_soma_mpra|GFP 3UTR MPRA|CAD|mikl:Arid2:2550.0:cffd1c662d202675,d448918320cd6ef4,4,3,4,AVAILABLE
mikl_gse173098,mikl_gse173098|mikl_gse173098|neurite_soma_mpra|GFP 3UTR MPRA|CAD|mikl:Arid2:2650.0:9cc84a685b7eae12,d448918320cd6ef4,4,3,4,AVAILABLE
mikl_gse173098,mikl_gse173098|mikl_gse173098|neurite_soma_mpra|GFP 3UTR MPRA|CAD|mikl:Arid2:2700.0:706e5421c012ecf0,d448918320cd6ef4,4,3,4,AVAILABLE
mikl_gse173098,mikl_gse173098|mikl_gse173098|neurite_soma_mpra|GFP 3UTR MPRA|CAD|mikl:Arid2:300.0:3818a6747ca8962e,d448918320cd6ef4,3,3,3,AVAILABLE
mikl_gse173098,mikl_gse173098|mikl_gse173098|neurite_soma_mpra|GFP 3UTR MPRA|CAD|mikl:Arid2:350.0:efcbdf94aaf101d2,d448918320cd6ef4,3,3,3,AVAILABLE
mikl_gse173098,mikl_gse173098|mikl_gse173098|neurite_soma_mpra|GFP 3UTR MPRA|CAD|mikl:Arid2:400.0:a25148d0f32dd932,d448918320cd6ef4,4,3,4,AVAILABLE
mikl_gse173098,mikl_gse173098|mikl_gse173098|neurite_soma_mpra|GFP 3UTR MPRA|CAD|mikl:Arid2:450.0:0f5494371ed36f95,d448918320cd6ef4,3,3,3,AVAILABLE
mikl_gse173098,mikl_gse173098|mikl_gse173098|neurite_soma_mpra|GFP 3UTR MPRA|CAD|mikl:Arid2:50.0:06dd39a266ba8a11,d448918320cd6ef4,4,3,4,AVAILABLE
mikl_gse173098,mikl_gse173098|mikl_gse173098|neurite_soma_mpra|GFP 3UTR MPRA|CAD|mikl:Arid2:500.0:b55d614a6bae6903,d448918320cd6ef4,3,3,3,AVAILABLE
mikl_gse173098,mikl_gse173098|mikl_gse173098|neurite_soma_mpra|GFP 3UTR MPRA|CAD|mikl:Arid2:550.0:7bbd6b71f315ae6d,d448918320cd6ef4,2,3,2,AVAILABLE
mikl_gse173098,mikl_gse173098|mikl_gse173098|neurite_soma_mpra|GFP 3UTR MPRA|CAD|mikl:Arid2:750.0:2d540353ec3c7155,d448918320cd6ef4,3,3,3,AVAILABLE
mikl_gse173098,mikl_gse173098|mikl_gse173098|neurite_soma_mpra|GFP 3UTR MPRA|CAD|mikl:Arid2:800.0:969892f9d6183862,d448918320cd6ef4,2,3,2,AVAILABLE
mikl_gse173098,mikl_gse173098|mikl_gse173098|neurite_soma_mpra|GFP 3UTR MPRA|CAD|mikl:Arid2:850.0:687add8b2ffa3c7d,d448918320cd6ef4,3,3,3,AVAILABLE
mikl_gse173098,mikl_gse173098|mikl_gse173098|neurite_soma_mpra|GFP 3UTR MPRA|CAD|mikl:Arid2:950.0:0b81cc4e9ccbd865,d448918320cd6ef4,2,3,2,AVAILABLE
mikl_gse173098,mikl_gse173098|mikl_gse173098|neurite_soma_mpra|GFP 3UTR MPRA|CAD|mikl:Arpc1b:0.0:e2cabe523c6dc719,58b12ed0a1d959d1,2,3,2,AVAILABLE
mikl_gse173098,mikl_gse173098|mikl_gse173098|neurite_soma_mpra|GFP 3UTR MPRA|CAD|mikl:Arpc1b:1300.0:650e7fb5d3f3be74,58b12ed0a1d959d1,2,3,2,AVAILABLE
mikl_gse173098,mikl_gse173098|mikl_gse173098|neurite_soma_mpra|GFP 3UTR MPRA|CAD|mikl:Arpc1b:1350.0:39448d6a3ce5ce7e,58b12ed0a1d959d1,2,3,2,AVAILABLE
mikl_gse173098,mikl_gse173098|mikl_gse173098|neurite_soma_mpra|GFP 3UTR MPRA|CAD|mikl:Arpc1b:1400.0:c2ec33d190af4056,58b12ed0a1d959d1,5,3,5,AVAILABLE
mikl_gse173098,mikl_gse173098|mikl_gse173098|neurite_soma_mpra|GFP 3UTR MPRA|CAD|mikl:Arpc1b:1450.0:4fefad3b36890cf4,58b12ed0a1d959d1,3,3,3,AVAILABLE
mikl_gse173098,mikl_gse173098|mikl_gse173098|neurite_soma_mpra|GFP 3UTR MPRA|CAD|mikl:Arpc1b:1500.0:82634723034d8665,58b12ed0a1d959d1,3,3,3,AVAILABLE
mikl_gse173098,mikl_gse173098|mikl_gse173098|neurite_soma_mpra|GFP 3UTR MPRA|CAD|mikl:Arpc1b:200.0:717932046e8498d6,58b12ed0a1d959d1,2,3,2,AVAILABLE
mikl_gse173098,mikl_gse173098|mikl_gse173098|neurite_soma_mpra|GFP 3UTR MPRA|CAD|mikl:Arpc1b:250.0:4f116bad29dfb78f,58b12ed0a1d959d1,2,3,2,AVAILABLE
mikl_gse173098,mikl_gse173098|mikl_gse173098|neurite_soma_mpra|GFP 3UTR MPRA|CAD|mikl:Arpc1b:300.0:b8421b1f08762c1f,58b12ed0a1d959d1,3,3,3,AVAILABLE
mikl_gse173098,mikl_gse173098|mikl_gse173098|neurite_soma_mpra|GFP 3UTR MPRA|CAD|mikl:Arpc1b:350.0:6f85c2633dffa0dd,58b12ed0a1d959d1,2,3,2,AVAILABLE
mikl_gse173098,mikl_gse173098|mikl_gse173098|neurite_soma_mpra|GFP 3UTR MPRA|CAD|mikl:Atad2:650.0:9cc7d88b7046b7ba,70215c6df919315a,2,3,2,AVAILABLE
mikl_gse173098,mikl_gse173098|mikl_gse173098|neurite_soma_mpra|GFP 3UTR MPRA|CAD|mikl:Bdnf:0.0:161ca683d9e4a57a,d2fc5c881b389eb8,2,3,2,AVAILABLE
mikl_gse173098,mikl_gse173098|mikl_gse173098|neurite_soma_mpra|GFP 3UTR MPRA|CAD|mikl:Bdnf:1000.0:985124990f036723,d2fc5c881b389eb8,3,3,3,AVAILABLE
mikl_gse173098,mikl_gse173098|mikl_gse173098|neurite_soma_mpra|GFP 3UTR MPRA|CAD|mikl:Bdnf:1150.0:8ea411797bdec169,d2fc5c881b389eb8,2,3,2,AVAILABLE
mikl_gse173098,mikl_gse173098|mikl_gse173098|neurite_soma_mpra|GFP 3UTR MPRA|CAD|mikl:Bdnf:1200.0:444a3f8e25257908,d2fc5c881b389eb8,2,3,2,AVAILABLE
mikl_gse173098,mikl_gse173098|mikl_gse173098|neurite_soma_mpra|GFP 3UTR MPRA|CAD|mikl:Bdnf:1250.0:7133f4794e9b4dcf,d2fc5c881b389eb8,2,3,2,AVAILABLE
mikl_gse173098,mikl_gse173098|mikl_gse173098|neurite_soma_mpra|GFP 3UTR MPRA|CAD|mikl:Bdnf:150.0:9eaf02b561eb75ba,d2fc5c881b389eb8,2,3,2,AVAILABLE
mikl_gse173098,mikl_gse173098|mikl_gse173098|neurite_soma_mpra|GFP 3UTR MPRA|CAD|mikl:Bdnf:1550.0:c2afabadaf597c01,d2fc5c881b389eb8,4,3,4,AVAILABLE
mikl_gse173098,mikl_gse173098|mikl_gse173098|neurite_soma_mpra|GFP 3UTR MPRA|CAD|mikl:Bdnf:1600.0:a388434228e17977,d2fc5c881b389eb8,7,3,7,AVAILABLE
mikl_gse173098,mikl_gse173098|mikl_gse173098|neurite_soma_mpra|GFP 3UTR MPRA|CAD|mikl:Bdnf:1650.0:2045802e601454c7,d2fc5c881b389eb8,6,3,6,AVAILABLE
mikl_gse173098,mikl_gse173098|mikl_gse173098|neurite_soma_mpra|GFP 3UTR MPRA|CAD|mikl:Bdnf:1700.0:3ca7eb614c85ad55,d2fc5c881b389eb8,4,3,4,AVAILABLE
mikl_gse173098,mikl_gse173098|mikl_gse173098|neurite_soma_mpra|GFP 3UTR MPRA|CAD|mikl:Bdnf:1900.0:e9570ca6d73bd5c0,d2fc5c881b389eb8,2,3,2,AVAILABLE
mikl_gse173098,mikl_gse173098|mikl_gse173098|neurite_soma_mpra|GFP 3UTR MPRA|CAD|mikl:Bdnf:1950.0:aa5a13dcf685bdf3,d2fc5c881b389eb8,4,3,4,AVAILABLE
mikl_gse173098,mikl_gse173098|mikl_gse173098|neurite_soma_mpra|GFP 3UTR MPRA|CAD|mikl:Bdnf:200.0:3e7370f2f765c737,d2fc5c881b389eb8,2,3,2,AVAILABLE
mikl_gse173098,mikl_gse173098|mikl_gse173098|neurite_soma_mpra|GFP 3UTR MPRA|CAD|mikl:Bdnf:2000.0:176a83fff9205552,d2fc5c881b389eb8,3,3,3,AVAILABLE
mikl_gse173098,mikl_gse173098|mikl_gse173098|neurite_soma_mpra|GFP 3UTR MPRA|CAD|mikl:Bdnf:2600.0:ba868c249d517352,d2fc5c881b389eb8,2,3,2,AVAILABLE
mikl_gse173098,mikl_gse173098|mikl_gse173098|neurite_soma_mpra|GFP 3UTR MPRA|CAD|mikl:Bdnf:2650.0:dcaf0c75bb551d22,d2fc5c881b389eb8,2,3,2,AVAILABLE
mikl_gse173098,mikl_gse173098|mikl_gse173098|neurite_soma_mpra|GFP 3UTR MPRA|CAD|mikl:Bdnf:350.0:aacedbc67d17c6b8,d2fc5c881b389eb8,2,3,2,AVAILABLE
mikl_gse173098,mikl_gse173098|mikl_gse173098|neurite_soma_mpra|GFP 3UTR MPRA|CAD|mikl:Bdnf:450.0:2f1c13dcbae11a84,d2fc5c881b389eb8,3,3,3,AVAILABLE
mikl_gse173098,mikl_gse173098|mikl_gse173098|neurite_soma_mpra|GFP 3UTR MPRA|CAD|mikl:Bdnf:50.0:f42f99ed131c434c,d2fc5c881b389eb8,2,3,2,AVAILABLE
mikl_gse173098,mikl_gse173098|mikl_gse173098|neurite_soma_mpra|GFP 3UTR MPRA|CAD|mikl:Bdnf:500.0:7984106a989acace,d2fc5c881b389eb8,4,3,4,AVAILABLE
mikl_gse173098,mikl_gse173098|mikl_gse173098|neurite_soma_mpra|GFP 3UTR MPRA|CAD|mikl:Bdnf:750.0:56651f12dae20f2b,d2fc5c881b389eb8,2,3,2,AVAILABLE
mikl_gse173098,mikl_gse173098|mikl_gse173098|neurite_soma_mpra|GFP 3UTR MPRA|CAD|mikl:Bdnf:800.0:35532439ba148292,d2fc5c881b389eb8,2,3,2,AVAILABLE
mikl_gse173098,mikl_gse173098|mikl_gse173098|neurite_soma_mpra|GFP 3UTR MPRA|CAD|mikl:Bdnf:900.0:c9b609c4cd567d28,d2fc5c881b389eb8,4,3,4,AVAILABLE
mikl_gse173098,mikl_gse173098|mikl_gse173098|neurite_soma_mpra|GFP 3UTR MPRA|CAD|mikl:Bdnf:950.0:ccafb61d5f7b7dd6,d2fc5c881b389eb8,4,3,4,AVAILABLE
mikl_gse173098,mikl_gse173098|mikl_gse173098|neurite_soma_mpra|GFP 3UTR MPRA|CAD|mikl:Brsk1:150.0:ea92da048fcb40b2,8e5ecf582b1eb85c,5,3,5,AVAILABLE
mikl_gse173098,mikl_gse173098|mikl_gse173098|neurite_soma_mpra|GFP 3UTR MPRA|CAD|mikl:Brsk1:200.0:0b7f4ebe324905a5,8e5ecf582b1eb85c,4,3,4,AVAILABLE
mikl_gse173098,mikl_gse173098|mikl_gse173098|neurite_soma_mpra|GFP 3UTR MPRA|CAD|mikl:Brsk1:250.0:0c4b8e01c92d47f5,8e5ecf582b1eb85c,6,3,6,AVAILABLE
mikl_gse173098,mikl_gse173098|mikl_gse173098|neurite_soma_mpra|GFP 3UTR MPRA|CAD|mikl:Brsk1:300.0:be44a9cc1c7f4991,8e5ecf582b1eb85c,2,3,2,AVAILABLE
mikl_gse173098,mikl_gse173098|mikl_gse173098|neurite_soma_mpra|GFP 3UTR MPRA|CAD|mikl:C130026I21Rik:100.0:b3cbf994c06160f0,d7ded6db9fb1c077,2,3,2,AVAILABLE
mikl_gse173098,mikl_gse173098|mikl_gse173098|neurite_soma_mpra|GFP 3UTR MPRA|CAD|mikl:C130026I21Rik:300.0:b9d15668cbfe6ff3,d7ded6db9fb1c077,2,3,2,AVAILABLE
mikl_gse173098,mikl_gse173098|mikl_gse173098|neurite_soma_mpra|GFP 3UTR MPRA|CAD|mikl:C130026I21Rik:350.0:588af6fd16ae4241,d7ded6db9fb1c077,2,3,2,AVAILABLE
mikl_gse173098,mikl_gse173098|mikl_gse173098|neurite_soma_mpra|GFP 3UTR MPRA|CAD|mikl:C130026I21Rik:400.0:2422f2f807d780ff,d7ded6db9fb1c077,3,3,3,AVAILABLE
mikl_gse173098,mikl_gse173098|mikl_gse173098|neurite_soma_mpra|GFP 3UTR MPRA|CAD|mikl:Calm1:1850.0:202590f9bc857922,7d2d617273ebfe45,2,3,2,AVAILABLE
mikl_gse173098,mikl_gse173098|mikl_gse173098|neurite_soma_mpra|GFP 3UTR MPRA|CAD|mikl:Calm1:1900.0:f9a75e5aac9b468d,7d2d617273ebfe45,2,3,2,AVAILABLE
mikl_gse173098,mikl_gse173098|mikl_gse173098|neurite_soma_mpra|GFP 3UTR MPRA|CAD|mikl:Calm1:250.0:843f7956ad82953a,7d2d617273ebfe45,2,3,2,AVAILABLE
mikl_gse173098,mikl_gse173098|mikl_gse173098|neurite_soma_mpra|GFP 3UTR MPRA|CAD|mikl:Calm1:300.0:c8004066fcd638ba,7d2d617273ebfe45,2,3,2,AVAILABLE
mikl_gse173098,mikl_gse173098|mikl_gse173098|neurite_soma_mpra|GFP 3UTR MPRA|CAD|mikl:Calm1:3050.0:b28e72b2bcbd6a77,7d2d617273ebfe45,2,3,2,AVAILABLE
mikl_gse173098,mikl_gse173098|mikl_gse173098|neurite_soma_mpra|GFP 3UTR MPRA|CAD|mikl:Calm1:3150.0:4a7a16b83801fe4b,7d2d617273ebfe45,2,3,2,AVAILABLE
mikl_gse173098,mikl_gse173098|mikl_gse173098|neurite_soma_mpra|GFP 3UTR MPRA|CAD|mikl:Calm1:600.0:4f811a633d41fd28,7d2d617273ebfe45,2,3,2,AVAILABLE
mikl_gse173098,mikl_gse173098|mikl_gse173098|neurite_soma_mpra|GFP 3UTR MPRA|CAD|mikl:Calm1:650.0:183ae3dc0b626ad5,7d2d617273ebfe45,2,3,2,AVAILABLE
mikl_gse173098,mikl_gse173098|mikl_gse173098|neurite_soma_mpra|GFP 3UTR MPRA|CAD|mikl:Camk2a:1000.0:e6322b4d568c6c40,5b4a92e0a35fd7cd,2,3,2,AVAILABLE
mikl_gse173098,mikl_gse173098|mikl_gse173098|neurite_soma_mpra|GFP 3UTR MPRA|CAD|mikl:Camk2a:1050.0:81b4e0b6b56789b8,5b4a92e0a35fd7cd,2,3,2,AVAILABLE
mikl_gse173098,mikl_gse173098|mikl_gse173098|neurite_soma_mpra|GFP 3UTR MPRA|CAD|mikl:Camk2a:1150.0:f03aad96385f85cc,5b4a92e0a35fd7cd,2,3,2,AVAILABLE
mikl_gse173098,mikl_gse173098|mikl_gse173098|neurite_soma_mpra|GFP 3UTR MPRA|CAD|mikl:Camk2a:1200.0:d2fa5f085b03aa31,5b4a92e0a35fd7cd,4,3,4,AVAILABLE
mikl_gse173098,mikl_gse173098|mikl_gse173098|neurite_soma_mpra|GFP 3UTR MPRA|CAD|mikl:Camk2a:1250.0:ef2a595c76da1994,5b4a92e0a35fd7cd,3,3,3,AVAILABLE
mikl_gse173098,mikl_gse173098|mikl_gse173098|neurite_soma_mpra|GFP 3UTR MPRA|CAD|mikl:Camk2a:1300.0:242a09a0bd2e9bde,5b4a92e0a35fd7cd,6,3,6,AVAILABLE
mikl_gse173098,mikl_gse173098|mikl_gse173098|neurite_soma_mpra|GFP 3UTR MPRA|CAD|mikl:Camk2a:1350.0:be133d5f57f2b055,5b4a92e0a35fd7cd,5,3,5,AVAILABLE
mikl_gse173098,mikl_gse173098|mikl_gse173098|neurite_soma_mpra|GFP 3UTR MPRA|CAD|mikl:Camk2a:1400.0:5c69ac352bdff0d7,5b4a92e0a35fd7cd,5,3,5,AVAILABLE
mikl_gse173098,mikl_gse173098|mikl_gse173098|neurite_soma_mpra|GFP 3UTR MPRA|CAD|mikl:Camk2a:1450.0:fdf59718377c165b,5b4a92e0a35fd7cd,4,3,4,AVAILABLE
mikl_gse173098,mikl_gse173098|mikl_gse173098|neurite_soma_mpra|GFP 3UTR MPRA|CAD|mikl:Camk2a:1550.0:c63ccad57b35cb0f,5b4a92e0a35fd7cd,2,3,2,AVAILABLE
mikl_gse173098,mikl_gse173098|mikl_gse173098|neurite_soma_mpra|GFP 3UTR MPRA|CAD|mikl:Camk2a:1600.0:56f58ea16abc12f6,5b4a92e0a35fd7cd,2,3,2,AVAILABLE
mikl_gse173098,mikl_gse173098|mikl_gse173098|neurite_soma_mpra|GFP 3UTR MPRA|CAD|mikl:Camk2a:1750.0:062dcacc2b6eca0b,5b4a92e0a35fd7cd,2,3,2,AVAILABLE
mikl_gse173098,mikl_gse173098|mikl_gse173098|neurite_soma_mpra|GFP 3UTR MPRA|CAD|mikl:Camk2a:1800.0:0527fdca3174fb6e,5b4a92e0a35fd7cd,2,3,2,AVAILABLE
mikl_gse173098,mikl_gse173098|mikl_gse173098|neurite_soma_mpra|GFP 3UTR MPRA|CAD|mikl:Camk2a:200.0:269ea92ecaf1be52,5b4a92e0a35fd7cd,2,3,2,AVAILABLE
mikl_gse173098,mikl_gse173098|mikl_gse173098|neurite_soma_mpra|GFP 3UTR MPRA|CAD|mikl:Camk2a:2250.0:1052c0c26588091c,5b4a92e0a35fd7cd,2,3,2,AVAILABLE
mikl_gse173098,mikl_gse173098|mikl_gse173098|neurite_soma_mpra|GFP 3UTR MPRA|CAD|mikl:Camk2a:2300.0:f4f906c0049cdb55,5b4a92e0a35fd7cd,2,3,2,AVAILABLE
mikl_gse173098,mikl_gse173098|mikl_gse173098|neurite_soma_mpra|GFP 3UTR MPRA|CAD|mikl:Camk2a:250.0:1f0348441bba294d,5b4a92e0a35fd7cd,2,3,2,AVAILABLE
mikl_gse173098,mikl_gse173098|mikl_gse173098|neurite_soma_mpra|GFP 3UTR MPRA|CAD|mikl:Camk2a:2500.0:ba326f92ce528883,5b4a92e0a35fd7cd,2,3,2,AVAILABLE
mikl_gse173098,mikl_gse173098|mikl_gse173098|neurite_soma_mpra|GFP 3UTR MPRA|CAD|mikl:Camk2a:2550.0:bc2f1a9e6dbc94b8,5b4a92e0a35fd7cd,4,3,4,AVAILABLE
mikl_gse173098,mikl_gse173098|mikl_gse173098|neurite_soma_mpra|GFP 3UTR MPRA|CAD|mikl:Camk2a:2600.0:e40b06d3ed784303,5b4a92e0a35fd7cd,4,3,4,AVAILABLE
mikl_gse173098,mikl_gse173098|mikl_gse173098|neurite_soma_mpra|GFP 3UTR MPRA|CAD|mikl:Camk2a:2650.0:c198c9d90beccb26,5b4a92e0a35fd7cd,4,3,4,AVAILABLE
mikl_gse173098,mikl_gse173098|mikl_gse173098|neurite_soma_mpra|GFP 3UTR MPRA|CAD|mikl:Camk2a:2700.0:5baa62804bd3493a,5b4a92e0a35fd7cd,3,3,3,AVAILABLE
mikl_gse173098,mikl_gse173098|mikl_gse173098|neurite_soma_mpra|GFP 3UTR MPRA|CAD|mikl:Camk2a:2750.0:49817f296dfa2e35,5b4a92e0a35fd7cd,4,3,4,AVAILABLE
mikl_gse173098,mikl_gse173098|mikl_gse173098|neurite_soma_mpra|GFP 3UTR MPRA|CAD|mikl:Camk2a:2800.0:a6a1b63a857338c9,5b4a92e0a35fd7cd,2,3,2,AVAILABLE
mikl_gse173098,mikl_gse173098|mikl_gse173098|neurite_soma_mpra|GFP 3UTR MPRA|CAD|mikl:Camk2a:3000.0:47977a9d96e25c46,5b4a92e0a35fd7cd,4,3,4,AVAILABLE
mikl_gse173098,mikl_gse173098|mikl_gse173098|neurite_soma_mpra|GFP 3UTR MPRA|CAD|mikl:Camk2a:3050.0:a050f21947d9d513,5b4a92e0a35fd7cd,6,3,6,AVAILABLE
mikl_gse173098,mikl_gse173098|mikl_gse173098|neurite_soma_mpra|GFP 3UTR MPRA|CAD|mikl:Camk2a:3100.0:51f4a2f2fea85f05,5b4a92e0a35fd7cd,5,3,5,AVAILABLE
mikl_gse173098,mikl_gse173098|mikl_gse173098|neurite_soma_mpra|GFP 3UTR MPRA|CAD|mikl:Camk2a:350.0:21e3e3de72288a97,5b4a92e0a35fd7cd,2,3,2,AVAILABLE
mikl_gse173098,mikl_gse173098|mikl_gse173098|neurite_soma_mpra|GFP 3UTR MPRA|CAD|mikl:Camk2a:400.0:d969e97fa2933f26,5b4a92e0a35fd7cd,2,3,2,AVAILABLE
mikl_gse173098,mikl_gse173098|mikl_gse173098|neurite_soma_mpra|GFP 3UTR MPRA|CAD|mikl:Camk2a:450.0:3fd915d85b28c721,5b4a92e0a35fd7cd,2,3,2,AVAILABLE
mikl_gse173098,mikl_gse173098|mikl_gse173098|neurite_soma_mpra|GFP 3UTR MPRA|CAD|mikl:Camk2a:750.0:13198a5429bebdaa,5b4a92e0a35fd7cd,2,3,2,AVAILABLE
mikl_gse173098,mikl_gse173098|mikl_gse173098|neurite_soma_mpra|GFP 3UTR MPRA|CAD|mikl:Camk2a:800.0:46e3f392d0e825dc,5b4a92e0a35fd7cd,4,3,4,AVAILABLE
mikl_gse173098,mikl_gse173098|mikl_gse173098|neurite_soma_mpra|GFP 3UTR MPRA|CAD|mikl:Camk2a:850.0:947230cf215a4197,5b4a92e0a35fd7cd,5,3,5,AVAILABLE
mikl_gse173098,mikl_gse173098|mikl_gse173098|neurite_soma_mpra|GFP 3UTR MPRA|CAD|mikl:Camk2a:900.0:399d76fb5f49887c,5b4a92e0a35fd7cd,4,3,4,AVAILABLE
mikl_gse173098,mikl_gse173098|mikl_gse173098|neurite_soma_mpra|GFP 3UTR MPRA|CAD|mikl:Camk2a:950.0:b2489c23d5d25414,5b4a92e0a35fd7cd,4,3,4,AVAILABLE
mikl_gse173098,mikl_gse173098|mikl_gse173098|neurite_soma_mpra|GFP 3UTR MPRA|CAD|mikl:Ccdc141:100.0:3df3132a341750d3,a749d0e139856dbb,2,3,2,AVAILABLE
mikl_gse173098,mikl_gse173098|mikl_gse173098|neurite_soma_mpra|GFP 3UTR MPRA|CAD|mikl:Ccdc141:150.0:0166690264542a87,a749d0e139856dbb,2,3,2,AVAILABLE
mikl_gse173098,mikl_gse173098|mikl_gse173098|neurite_soma_mpra|GFP 3UTR MPRA|CAD|mikl:Ccdc141:3900.0:55c71ef80049912d,a749d0e139856dbb,2,3,2,AVAILABLE
mikl_gse173098,mikl_gse173098|mikl_gse173098|neurite_soma_mpra|GFP 3UTR MPRA|CAD|mikl:Ccdc141:3950.0:649dab40e8f77b73,a749d0e139856dbb,2,3,2,AVAILABLE
mikl_gse173098,mikl_gse173098|mikl_gse173098|neurite_soma_mpra|GFP 3UTR MPRA|CAD|mikl:Ccdc141:50.0:b72344b78e4528c9,a749d0e139856dbb,2,3,2,AVAILABLE
mikl_gse173098,mikl_gse173098|mikl_gse173098|neurite_soma_mpra|GFP 3UTR MPRA|CAD|mikl:Ccnd1:0.0:0dd89b3a621bf0db,1404937f4b28b6a6,2,3,2,AVAILABLE
mikl_gse173098,mikl_gse173098|mikl_gse173098|neurite_soma_mpra|GFP 3UTR MPRA|CAD|mikl:Ccnd1:100.0:a92d1ccb3a47f9bc,1404937f4b28b6a6,2,3,2,AVAILABLE
mikl_gse173098,mikl_gse173098|mikl_gse173098|neurite_soma_mpra|GFP 3UTR MPRA|CAD|mikl:Ccnd1:1000.0:a85c2f5bc361bae3,1404937f4b28b6a6,2,3,2,AVAILABLE
mikl_gse173098,mikl_gse173098|mikl_gse173098|neurite_soma_mpra|GFP 3UTR MPRA|CAD|mikl:Ccnd1:1350.0:5d3a1f471fca16e7,1404937f4b28b6a6,2,3,2,AVAILABLE
mikl_gse173098,mikl_gse173098|mikl_gse173098|neurite_soma_mpra|GFP 3UTR MPRA|CAD|mikl:Ccnd1:1400.0:19347854138845ff,1404937f4b28b6a6,2,3,2,AVAILABLE
mikl_gse173098,mikl_gse173098|mikl_gse173098|neurite_soma_mpra|GFP 3UTR MPRA|CAD|mikl:Ccnd1:150.0:ae5b7b2e2ef4bf75,1404937f4b28b6a6,2,3,2,AVAILABLE
mikl_gse173098,mikl_gse173098|mikl_gse173098|neurite_soma_mpra|GFP 3UTR MPRA|CAD|mikl:Ccnd1:1600.0:55e79be985d4a95a,1404937f4b28b6a6,2,3,2,AVAILABLE
mikl_gse173098,mikl_gse173098|mikl_gse173098|neurite_soma_mpra|GFP 3UTR MPRA|CAD|mikl:Ccnd1:1650.0:82bd9971e46321b1,1404937f4b28b6a6,2,3,2,AVAILABLE
mikl_gse173098,mikl_gse173098|mikl_gse173098|neurite_soma_mpra|GFP 3UTR MPRA|CAD|mikl:Ccnd1:2350.0:ba2ebb7d6241dd89,1404937f4b28b6a6,2,3,2,AVAILABLE
mikl_gse173098,mikl_gse173098|mikl_gse173098|neurite_soma_mpra|GFP 3UTR MPRA|CAD|mikl:Ccnd1:2400.0:e33b0dc11c06a2bf,1404937f4b28b6a6,2,3,2,AVAILABLE
mikl_gse173098,mikl_gse173098|mikl_gse173098|neurite_soma_mpra|GFP 3UTR MPRA|CAD|mikl:Ccnd1:2450.0:36a521bfae4800f0,1404937f4b28b6a6,2,3,2,AVAILABLE
mikl_gse173098,mikl_gse173098|mikl_gse173098|neurite_soma_mpra|GFP 3UTR MPRA|CAD|mikl:Ccnd1:400.0:de81f47c5f94ea34,1404937f4b28b6a6,2,3,2,AVAILABLE
mikl_gse173098,mikl_gse173098|mikl_gse173098|neurite_soma_mpra|GFP 3UTR MPRA|CAD|mikl:Ccnd1:50.0:e4005f2b74af82bb,1404937f4b28b6a6,3,3,3,AVAILABLE
mikl_gse173098,mikl_gse173098|mikl_gse173098|neurite_soma_mpra|GFP 3UTR MPRA|CAD|mikl:Ccnd1:850.0:d39a99a413606bcb,1404937f4b28b6a6,2,3,2,AVAILABLE
mikl_gse173098,mikl_gse173098|mikl_gse173098|neurite_soma_mpra|GFP 3UTR MPRA|CAD|mikl:Ccnd1:900.0:1e8e08f60da74b6e,1404937f4b28b6a6,4,3,4,AVAILABLE
mikl_gse173098,mikl_gse173098|mikl_gse173098|neurite_soma_mpra|GFP 3UTR MPRA|CAD|mikl:Ccnd1:950.0:984d1203031230ca,1404937f4b28b6a6,4,3,4,AVAILABLE
mikl_gse173098,mikl_gse173098|mikl_gse173098|neurite_soma_mpra|GFP 3UTR MPRA|CAD|mikl:Ccnd2:0.0:1a2c5e2c7acf17dd,ffb30bcc9ed68e92,3,3,3,AVAILABLE
mikl_gse173098,mikl_gse173098|mikl_gse173098|neurite_soma_mpra|GFP 3UTR MPRA|CAD|mikl:Ccnd2:0.0:f20154a438f2c7eb,ffb30bcc9ed68e92,6,3,6,AVAILABLE
mikl_gse173098,mikl_gse173098|mikl_gse173098|neurite_soma_mpra|GFP 3UTR MPRA|CAD|mikl:Ccnd2:100.0:a8961f0e36d04b6b,ffb30bcc9ed68e92,4,3,4,AVAILABLE
mikl_gse173098,mikl_gse173098|mikl_gse173098|neurite_soma_mpra|GFP 3UTR MPRA|CAD|mikl:Ccnd2:100.0:cec9b441aedd24da,ffb30bcc9ed68e92,2,3,2,AVAILABLE
mikl_gse173098,mikl_gse173098|mikl_gse173098|neurite_soma_mpra|GFP 3UTR MPRA|CAD|mikl:Ccnd2:2800.0:e2b7e8780e717e9b,ffb30bcc9ed68e92,2,3,2,AVAILABLE
mikl_gse173098,mikl_gse173098|mikl_gse173098|neurite_soma_mpra|GFP 3UTR MPRA|CAD|mikl:Ccnd2:2850.0:80382b2b29b6443d,ffb30bcc9ed68e92,3,3,3,AVAILABLE
mikl_gse173098,mikl_gse173098|mikl_gse173098|neurite_soma_mpra|GFP 3UTR MPRA|CAD|mikl:Ccnd2:2900.0:95c13689bdd91c9c,ffb30bcc9ed68e92,2,3,2,AVAILABLE
mikl_gse173098,mikl_gse173098|mikl_gse173098|neurite_soma_mpra|GFP 3UTR MPRA|CAD|mikl:Ccnd2:300.0:783d39ac5aaf19ce,ffb30bcc9ed68e92,2,3,2,AVAILABLE
mikl_gse173098,mikl_gse173098|mikl_gse173098|neurite_soma_mpra|GFP 3UTR MPRA|CAD|mikl:Ccnd2:3150.0:6e1102854405ce42,ffb30bcc9ed68e92,2,3,2,AVAILABLE
mikl_gse173098,mikl_gse173098|mikl_gse173098|neurite_soma_mpra|GFP 3UTR MPRA|CAD|mikl:Ccnd2:3750.0:3b98f8ba27200a57,ffb30bcc9ed68e92,2,3,2,AVAILABLE
mikl_gse173098,mikl_gse173098|mikl_gse173098|neurite_soma_mpra|GFP 3UTR MPRA|CAD|mikl:Ccnd2:3800.0:c96a831d00cab9ee,ffb30bcc9ed68e92,2,3,2,AVAILABLE
mikl_gse173098,mikl_gse173098|mikl_gse173098|neurite_soma_mpra|GFP 3UTR MPRA|CAD|mikl:Ccnd2:3900.0:f6b7fdc5bff89591,ffb30bcc9ed68e92,2,3,2,AVAILABLE
mikl_gse173098,mikl_gse173098|mikl_gse173098|neurite_soma_mpra|GFP 3UTR MPRA|CAD|mikl:Ccnd2:3950.0:52003a73c11dd3cf,ffb30bcc9ed68e92,2,3,2,AVAILABLE
mikl_gse173098,mikl_gse173098|mikl_gse173098|neurite_soma_mpra|GFP 3UTR MPRA|CAD|mikl:Ccnd2:4500.0:c284925d8daab14a,ffb30bcc9ed68e92,2,3,2,AVAILABLE
mikl_gse173098,mikl_gse173098|mikl_gse173098|neurite_soma_mpra|GFP 3UTR MPRA|CAD|mikl:Ccnd2:4550.0:eb50e12d27b5333a,ffb30bcc9ed68e92,2,3,2,AVAILABLE
mikl_gse173098,mikl_gse173098|mikl_gse173098|neurite_soma_mpra|GFP 3UTR MPRA|CAD|mikl:Ccnd2:4750.0:82a517d821466b6b,ffb30bcc9ed68e92,2,3,2,AVAILABLE
mikl_gse173098,mikl_gse173098|mikl_gse173098|neurite_soma_mpra|GFP 3UTR MPRA|CAD|mikl:Ccnd2:50.0:405c7201623e2c79,ffb30bcc9ed68e92,4,3,4,AVAILABLE
mikl_gse173098,mikl_gse173098|mikl_gse173098|neurite_soma_mpra|GFP 3UTR MPRA|CAD|mikl:Ccnd2:50.0:70d24cc27d096308,ffb30bcc9ed68e92,2,3,2,AVAILABLE
mikl_gse173098,mikl_gse173098|mikl_gse173098|neurite_soma_mpra|GFP 3UTR MPRA|CAD|mikl:Ccnd2:850.0:02ed8a7af97c5065,ffb30bcc9ed68e92,2,3,2,AVAILABLE
mikl_gse173098,mikl_gse173098|mikl_gse173098|neurite_soma_mpra|GFP 3UTR MPRA|CAD|mikl:Ccnd2:900.0:71a591eb053c8104,ffb30bcc9ed68e92,2,3,2,AVAILABLE
mikl_gse173098,mikl_gse173098|mikl_gse173098|neurite_soma_mpra|GFP 3UTR MPRA|CAD|mikl:Ccnd2:950.0:73a18cb5e1e3ec23,ffb30bcc9ed68e92,2,3,2,AVAILABLE
mikl_gse173098,mikl_gse173098|mikl_gse173098|neurite_soma_mpra|GFP 3UTR MPRA|CAD|mikl:Ccni:100.0:c2f5d832b2c37639,39d9ce568294f45e,2,3,2,AVAILABLE
mikl_gse173098,mikl_gse173098|mikl_gse173098|neurite_soma_mpra|GFP 3UTR MPRA|CAD|mikl:Ccni:50.0:b49c70fa771d2059,39d9ce568294f45e,2,3,2,AVAILABLE
mikl_gse173098,mikl_gse173098|mikl_gse173098|neurite_soma_mpra|GFP 3UTR MPRA|CAD|mikl:Cd84:0.0:38576291e7cf6e2b,13ce20f4aa4e1f54,2,3,2,AVAILABLE
mikl_gse173098,mikl_gse173098|mikl_gse173098|neurite_soma_mpra|GFP 3UTR MPRA|CAD|mikl:Cd84:1700.0:31f9b9f1ac2e908e,13ce20f4aa4e1f54,3,3,3,AVAILABLE
mikl_gse173098,mikl_gse173098|mikl_gse173098|neurite_soma_mpra|GFP 3UTR MPRA|CAD|mikl:Cd84:1750.0:56245d95af30a0e7,13ce20f4aa4e1f54,3,3,3,AVAILABLE
mikl_gse173098,mikl_gse173098|mikl_gse173098|neurite_soma_mpra|GFP 3UTR MPRA|CAD|mikl:Cd84:1800.0:321905c129ea4b32,13ce20f4aa4e1f54,2,3,2,AVAILABLE
mikl_gse173098,mikl_gse173098|mikl_gse173098|neurite_soma_mpra|GFP 3UTR MPRA|CAD|mikl:Cd84:2300.0:070efb75a5116980,13ce20f4aa4e1f54,2,3,2,AVAILABLE
mikl_gse173098,mikl_gse173098|mikl_gse173098|neurite_soma_mpra|GFP 3UTR MPRA|CAD|mikl:Cd84:2350.0:551370ea15715c34,13ce20f4aa4e1f54,2,3,2,AVAILABLE
mikl_gse173098,mikl_gse173098|mikl_gse173098|neurite_soma_mpra|GFP 3UTR MPRA|CAD|mikl:Cd84:50.0:649af93ef490bc42,13ce20f4aa4e1f54,2,3,2,AVAILABLE
mikl_gse173098,mikl_gse173098|mikl_gse173098|neurite_soma_mpra|GFP 3UTR MPRA|CAD|mikl:Cd84:550.0:aff403a015819b36,13ce20f4aa4e1f54,2,3,2,AVAILABLE
mikl_gse173098,mikl_gse173098|mikl_gse173098|neurite_soma_mpra|GFP 3UTR MPRA|CAD|mikl:Cd84:600.0:9f2794cf1554347d,13ce20f4aa4e1f54,2,3,2,AVAILABLE
mikl_gse173098,mikl_gse173098|mikl_gse173098|neurite_soma_mpra|GFP 3UTR MPRA|CAD|mikl:Cd84:650.0:d78b0123324ee639,13ce20f4aa4e1f54,2,3,2,AVAILABLE
mikl_gse173098,mikl_gse173098|mikl_gse173098|neurite_soma_mpra|GFP 3UTR MPRA|CAD|mikl:Cd84:700.0:8c2553a6d3b3b292,13ce20f4aa4e1f54,2,3,2,AVAILABLE
mikl_gse173098,mikl_gse173098|mikl_gse173098|neurite_soma_mpra|GFP 3UTR MPRA|CAD|mikl:Cd84:750.0:24aa1e6752a34610,13ce20f4aa4e1f54,2,3,2,AVAILABLE
mikl_gse173098,mikl_gse173098|mikl_gse173098|neurite_soma_mpra|GFP 3UTR MPRA|CAD|mikl:Cdc42:0.0:d11d8e0d86c627e7,7229a410afb7e561,5,3,5,AVAILABLE
mikl_gse173098,mikl_gse173098|mikl_gse173098|neurite_soma_mpra|GFP 3UTR MPRA|CAD|mikl:Cdc42:0.0:db0477c0a8d6dda8,7229a410afb7e561,5,3,5,AVAILABLE
mikl_gse173098,mikl_gse173098|mikl_gse173098|neurite_soma_mpra|GFP 3UTR MPRA|CAD|mikl:Cdc42:100.0:5d342502ab19b913,7229a410afb7e561,4,3,4,AVAILABLE
mikl_gse173098,mikl_gse173098|mikl_gse173098|neurite_soma_mpra|GFP 3UTR MPRA|CAD|mikl:Cdc42:100.0:61e9b4734a163323,7229a410afb7e561,5,3,5,AVAILABLE
mikl_gse173098,mikl_gse173098|mikl_gse173098|neurite_soma_mpra|GFP 3UTR MPRA|CAD|mikl:Cdc42:1000.0:ca385c3480faaf18,7229a410afb7e561,3,3,3,AVAILABLE
mikl_gse173098,mikl_gse173098|mikl_gse173098|neurite_soma_mpra|GFP 3UTR MPRA|CAD|mikl:Cdc42:1050.0:0c0f1b228655abbc,7229a410afb7e561,5,3,5,AVAILABLE
mikl_gse173098,mikl_gse173098|mikl_gse173098|neurite_soma_mpra|GFP 3UTR MPRA|CAD|mikl:Cdc42:1100.0:f8c6365df750a685,7229a410afb7e561,3,3,3,AVAILABLE
mikl_gse173098,mikl_gse173098|mikl_gse173098|neurite_soma_mpra|GFP 3UTR MPRA|CAD|mikl:Cdc42:1150.0:dd21e11121c48f7c,7229a410afb7e561,4,3,4,AVAILABLE
mikl_gse173098,mikl_gse173098|mikl_gse173098|neurite_soma_mpra|GFP 3UTR MPRA|CAD|mikl:Cdc42:1200.0:f67b13a66b211944,7229a410afb7e561,2,3,2,AVAILABLE
mikl_gse173098,mikl_gse173098|mikl_gse173098|neurite_soma_mpra|GFP 3UTR MPRA|CAD|mikl:Cdc42:150.0:1e5ca43ea5a78774,7229a410afb7e561,7,3,7,AVAILABLE
mikl_gse173098,mikl_gse173098|mikl_gse173098|neurite_soma_mpra|GFP 3UTR MPRA|CAD|mikl:Cdc42:150.0:95a9ca84f0c6a0f1,7229a410afb7e561,3,3,3,AVAILABLE
mikl_gse173098,mikl_gse173098|mikl_gse173098|neurite_soma_mpra|GFP 3UTR MPRA|CAD|mikl:Cdc42:200.0:33cc3f298057254a,7229a410afb7e561,7,3,7,AVAILABLE
mikl_gse173098,mikl_gse173098|mikl_gse173098|neurite_soma_mpra|GFP 3UTR MPRA|CAD|mikl:Cdc42:200.0:c74bb28f75952b22,7229a410afb7e561,2,3,2,AVAILABLE
mikl_gse173098,mikl_gse173098|mikl_gse173098|neurite_soma_mpra|GFP 3UTR MPRA|CAD|mikl:Cdc42:250.0:08b528504ad03799,7229a410afb7e561,6,3,6,AVAILABLE
mikl_gse173098,mikl_gse173098|mikl_gse173098|neurite_soma_mpra|GFP 3UTR MPRA|CAD|mikl:Cdc42:250.0:51918db8cfa8b1d0,7229a410afb7e561,2,3,2,AVAILABLE
mikl_gse173098,mikl_gse173098|mikl_gse173098|neurite_soma_mpra|GFP 3UTR MPRA|CAD|mikl:Cdc42:300.0:6e94a271fc2e40e5,7229a410afb7e561,2,3,2,AVAILABLE
mikl_gse173098,mikl_gse173098|mikl_gse173098|neurite_soma_mpra|GFP 3UTR MPRA|CAD|mikl:Cdc42:350.0:4d7a013420ed3a81,7229a410afb7e561,2,3,2,AVAILABLE
mikl_gse173098,mikl_gse173098|mikl_gse173098|neurite_soma_mpra|GFP 3UTR MPRA|CAD|mikl:Cdc42:350.0:e6753b0bb94a4bfc,7229a410afb7e561,2,3,2,AVAILABLE
mikl_gse173098,mikl_gse173098|mikl_gse173098|neurite_soma_mpra|GFP 3UTR MPRA|CAD|mikl:Cdc42:400.0:b1fa3187fd1cc440,7229a410afb7e561,2,3,2,AVAILABLE
mikl_gse173098,mikl_gse173098|mikl_gse173098|neurite_soma_mpra|GFP 3UTR MPRA|CAD|mikl:Cdc42:400.0:c44e7be0f13297dc,7229a410afb7e561,3,3,3,AVAILABLE
mikl_gse173098,mikl_gse173098|mikl_gse173098|neurite_soma_mpra|GFP 3UTR MPRA|CAD|mikl:Cdc42:450.0:3d891bfed757479f,7229a410afb7e561,4,3,4,AVAILABLE
mikl_gse173098,mikl_gse173098|mikl_gse173098|neurite_soma_mpra|GFP 3UTR MPRA|CAD|mikl:Cdc42:50.0:00e031bd84c201c1,7229a410afb7e561,7,3,7,AVAILABLE
mikl_gse173098,mikl_gse173098|mikl_gse173098|neurite_soma_mpra|GFP 3UTR MPRA|CAD|mikl:Cdc42:50.0:8f688675aecf22ad,7229a410afb7e561,5,3,5,AVAILABLE
mikl_gse173098,mikl_gse173098|mikl_gse173098|neurite_soma_mpra|GFP 3UTR MPRA|CAD|mikl:Cdc42:500.0:91c44a621f51683e,7229a410afb7e561,5,3,5,AVAILABLE
mikl_gse173098,mikl_gse173098|mikl_gse173098|neurite_soma_mpra|GFP 3UTR MPRA|CAD|mikl:Cdc42:600.0:6c33cd5ace67a6bb,7229a410afb7e561,2,3,2,AVAILABLE
mikl_gse173098,mikl_gse173098|mikl_gse173098|neurite_soma_mpra|GFP 3UTR MPRA|CAD|mikl:Cdc42:650.0:986bce232b45cde5,7229a410afb7e561,3,3,3,AVAILABLE
mikl_gse173098,mikl_gse173098|mikl_gse173098|neurite_soma_mpra|GFP 3UTR MPRA|CAD|mikl:Cdc42:700.0:e10f9fb8e729c6aa,7229a410afb7e561,4,3,4,AVAILABLE
mikl_gse173098,mikl_gse173098|mikl_gse173098|neurite_soma_mpra|GFP 3UTR MPRA|CAD|mikl:Cdc42:750.0:4258242bf4de3808,7229a410afb7e561,6,3,6,AVAILABLE
mikl_gse173098,mikl_gse173098|mikl_gse173098|neurite_soma_mpra|GFP 3UTR MPRA|CAD|mikl:Cdc42:800.0:bfed5cdf3352cfee,7229a410afb7e561,4,3,4,AVAILABLE
mikl_gse173098,mikl_gse173098|mikl_gse173098|neurite_soma_mpra|GFP 3UTR MPRA|CAD|mikl:Cdc42:850.0:9d5f360cb0a8aabc,7229a410afb7e561,3,3,3,AVAILABLE
mikl_gse173098,mikl_gse173098|mikl_gse173098|neurite_soma_mpra|GFP 3UTR MPRA|CAD|mikl:Cdc42:950.0:1eebbbd479ce6ba1,7229a410afb7e561,4,3,4,AVAILABLE
mikl_gse173098,mikl_gse173098|mikl_gse173098|neurite_soma_mpra|GFP 3UTR MPRA|CAD|mikl:Cdk15:200.0:8ff99f9b25581168,9ecc79dec4de86c1,2,3,2,AVAILABLE
mikl_gse173098,mikl_gse173098|mikl_gse173098|neurite_soma_mpra|GFP 3UTR MPRA|CAD|mikl:Cdk15:250.0:706e74b4e052bfee,9ecc79dec4de86c1,2,3,2,AVAILABLE
mikl_gse173098,mikl_gse173098|mikl_gse173098|neurite_soma_mpra|GFP 3UTR MPRA|CAD|mikl:Cdk15:300.0:5d15124c918dad9e,9ecc79dec4de86c1,2,3,2,AVAILABLE
mikl_gse173098,mikl_gse173098|mikl_gse173098|neurite_soma_mpra|GFP 3UTR MPRA|CAD|mikl:Chmp3:0.0:369cb0ee514441ae,cecd812a12810ebc,2,3,2,AVAILABLE
mikl_gse173098,mikl_gse173098|mikl_gse173098|neurite_soma_mpra|GFP 3UTR MPRA|CAD|mikl:Chmp3:1150.0:745ce1b48ae5825e,cecd812a12810ebc,2,3,2,AVAILABLE
mikl_gse173098,mikl_gse173098|mikl_gse173098|neurite_soma_mpra|GFP 3UTR MPRA|CAD|mikl:Chmp3:1250.0:e06e4fc3d6f2f33f,cecd812a12810ebc,2,3,2,AVAILABLE
mikl_gse173098,mikl_gse173098|mikl_gse173098|neurite_soma_mpra|GFP 3UTR MPRA|CAD|mikl:Chmp3:1350.0:c4a8aa88edfedd72,cecd812a12810ebc,2,3,2,AVAILABLE
mikl_gse173098,mikl_gse173098|mikl_gse173098|neurite_soma_mpra|GFP 3UTR MPRA|CAD|mikl:Chmp3:150.0:56d1554654450a1b,cecd812a12810ebc,2,3,2,AVAILABLE
mikl_gse173098,mikl_gse173098|mikl_gse173098|neurite_soma_mpra|GFP 3UTR MPRA|CAD|mikl:Chmp3:200.0:3ec78b8fdbbcd9dc,cecd812a12810ebc,5,3,5,AVAILABLE
mikl_gse173098,mikl_gse173098|mikl_gse173098|neurite_soma_mpra|GFP 3UTR MPRA|CAD|mikl:Chmp3:250.0:bc3cf92973579a68,cecd812a12810ebc,2,3,2,AVAILABLE
mikl_gse173098,mikl_gse173098|mikl_gse173098|neurite_soma_mpra|GFP 3UTR MPRA|CAD|mikl:Chmp3:50.0:7b0e380b01c047b1,cecd812a12810ebc,5,3,5,AVAILABLE
mikl_gse173098,mikl_gse173098|mikl_gse173098|neurite_soma_mpra|GFP 3UTR MPRA|CAD|mikl:Chmp3:50.0:cce1ed7748f8e298,cecd812a12810ebc,2,3,2,AVAILABLE
mikl_gse173098,mikl_gse173098|mikl_gse173098|neurite_soma_mpra|GFP 3UTR MPRA|CAD|mikl:Chmp3:700.0:b01267354fa29c64,cecd812a12810ebc,2,3,2,AVAILABLE
mikl_gse173098,mikl_gse173098|mikl_gse173098|neurite_soma_mpra|GFP 3UTR MPRA|CAD|mikl:Chmp3:750.0:7021b3472de15ebd,cecd812a12810ebc,2,3,2,AVAILABLE
mikl_gse173098,mikl_gse173098|mikl_gse173098|neurite_soma_mpra|GFP 3UTR MPRA|CAD|mikl:Chmp3:800.0:9f163ebc445612d3,cecd812a12810ebc,2,3,2,AVAILABLE
mikl_gse173098,mikl_gse173098|mikl_gse173098|neurite_soma_mpra|GFP 3UTR MPRA|CAD|mikl:Chrdl1:1050.0:fe81b4b698dbe8a4,3be2580074097529,2,3,2,AVAILABLE
mikl_gse173098,mikl_gse173098|mikl_gse173098|neurite_soma_mpra|GFP 3UTR MPRA|CAD|mikl:Chrdl1:1100.0:d513efd0532aed8f,3be2580074097529,2,3,2,AVAILABLE
mikl_gse173098,mikl_gse173098|mikl_gse173098|neurite_soma_mpra|GFP 3UTR MPRA|CAD|mikl:Chrdl1:1150.0:5b9e38ba95e91a3b,3be2580074097529,2,3,2,AVAILABLE
mikl_gse173098,mikl_gse173098|mikl_gse173098|neurite_soma_mpra|GFP 3UTR MPRA|CAD|mikl:Chrdl1:150.0:b9218a6363bcf818,3be2580074097529,2,3,2,AVAILABLE
mikl_gse173098,mikl_gse173098|mikl_gse173098|neurite_soma_mpra|GFP 3UTR MPRA|CAD|mikl:Chrdl1:1700.0:b6ce9145a782a35b,3be2580074097529,2,3,2,AVAILABLE
mikl_gse173098,mikl_gse173098|mikl_gse173098|neurite_soma_mpra|GFP 3UTR MPRA|CAD|mikl:Chrdl1:1750.0:e1d30425366bbb76,3be2580074097529,3,3,3,AVAILABLE
mikl_gse173098,mikl_gse173098|mikl_gse173098|neurite_soma_mpra|GFP 3UTR MPRA|CAD|mikl:Chrdl1:1800.0:de9085c87984861f,3be2580074097529,3,3,3,AVAILABLE
mikl_gse173098,mikl_gse173098|mikl_gse173098|neurite_soma_mpra|GFP 3UTR MPRA|CAD|mikl:Chrdl1:1850.0:aa875be35f9c7e41,3be2580074097529,2,3,2,AVAILABLE
mikl_gse173098,mikl_gse173098|mikl_gse173098|neurite_soma_mpra|GFP 3UTR MPRA|CAD|mikl:Chrdl1:1900.0:a553ef926ab8c1bf,3be2580074097529,3,3,3,AVAILABLE
mikl_gse173098,mikl_gse173098|mikl_gse173098|neurite_soma_mpra|GFP 3UTR MPRA|CAD|mikl:Chrdl1:1950.0:46b8e953bc3576eb,3be2580074097529,3,3,3,AVAILABLE
mikl_gse173098,mikl_gse173098|mikl_gse173098|neurite_soma_mpra|GFP 3UTR MPRA|CAD|mikl:Chrdl1:200.0:12a461ddcee77e45,3be2580074097529,2,3,2,AVAILABLE
mikl_gse173098,mikl_gse173098|mikl_gse173098|neurite_soma_mpra|GFP 3UTR MPRA|CAD|mikl:Chrdl1:250.0:26521793fe5b6a4f,3be2580074097529,3,3,3,AVAILABLE
mikl_gse173098,mikl_gse173098|mikl_gse173098|neurite_soma_mpra|GFP 3UTR MPRA|CAD|mikl:Chrdl1:350.0:538db7ef1b7e877e,3be2580074097529,2,3,2,AVAILABLE
mikl_gse173098,mikl_gse173098|mikl_gse173098|neurite_soma_mpra|GFP 3UTR MPRA|CAD|mikl:Cnot6l:0.0:65f6f0e0f31618ca,12a8a8f47af955e5,3,3,3,AVAILABLE
mikl_gse173098,mikl_gse173098|mikl_gse173098|neurite_soma_mpra|GFP 3UTR MPRA|CAD|mikl:Cnot6l:100.0:431b6d681ff18dbc,12a8a8f47af955e5,2,3,2,AVAILABLE
mikl_gse173098,mikl_gse173098|mikl_gse173098|neurite_soma_mpra|GFP 3UTR MPRA|CAD|mikl:Cnot6l:100.0:5013cdb1bb19f5d1,12a8a8f47af955e5,3,3,3,AVAILABLE
mikl_gse173098,mikl_gse173098|mikl_gse173098|neurite_soma_mpra|GFP 3UTR MPRA|CAD|mikl:Cnot6l:1000.0:b053c8ba23a8a75c,12a8a8f47af955e5,4,3,4,AVAILABLE
mikl_gse173098,mikl_gse173098|mikl_gse173098|neurite_soma_mpra|GFP 3UTR MPRA|CAD|mikl:Cnot6l:1000.0:d00619b4edf01070,12a8a8f47af955e5,2,3,2,AVAILABLE
mikl_gse173098,mikl_gse173098|mikl_gse173098|neurite_soma_mpra|GFP 3UTR MPRA|CAD|mikl:Cnot6l:1050.0:1bac2b1b4c5d3936,12a8a8f47af955e5,3,3,3,AVAILABLE
mikl_gse173098,mikl_gse173098|mikl_gse173098|neurite_soma_mpra|GFP 3UTR MPRA|CAD|mikl:Cnot6l:1250.0:9b4951b793cbd84f,12a8a8f47af955e5,3,3,3,AVAILABLE
mikl_gse173098,mikl_gse173098|mikl_gse173098|neurite_soma_mpra|GFP 3UTR MPRA|CAD|mikl:Cnot6l:1300.0:ff9560327cb4e8d8,12a8a8f47af955e5,2,3,2,AVAILABLE
mikl_gse173098,mikl_gse173098|mikl_gse173098|neurite_soma_mpra|GFP 3UTR MPRA|CAD|mikl:Cnot6l:1350.0:da5957fdc2bf582e,12a8a8f47af955e5,3,3,3,AVAILABLE
mikl_gse173098,mikl_gse173098|mikl_gse173098|neurite_soma_mpra|GFP 3UTR MPRA|CAD|mikl:Cnot6l:1450.0:b721f2f331f2cf29,12a8a8f47af955e5,2,3,2,AVAILABLE
mikl_gse173098,mikl_gse173098|mikl_gse173098|neurite_soma_mpra|GFP 3UTR MPRA|CAD|mikl:Cnot6l:150.0:cd207dd7b8db48d0,12a8a8f47af955e5,2,3,2,AVAILABLE
mikl_gse173098,mikl_gse173098|mikl_gse173098|neurite_soma_mpra|GFP 3UTR MPRA|CAD|mikl:Cnot6l:1500.0:09f2ce1f4a8e56af,12a8a8f47af955e5,2,3,2,AVAILABLE
mikl_gse173098,mikl_gse173098|mikl_gse173098|neurite_soma_mpra|GFP 3UTR MPRA|CAD|mikl:Cnot6l:1500.0:5033ea1ad486c8a7,12a8a8f47af955e5,6,3,6,AVAILABLE
mikl_gse173098,mikl_gse173098|mikl_gse173098|neurite_soma_mpra|GFP 3UTR MPRA|CAD|mikl:Cnot6l:1550.0:290315146d1c03ca,12a8a8f47af955e5,7,3,7,AVAILABLE
mikl_gse173098,mikl_gse173098|mikl_gse173098|neurite_soma_mpra|GFP 3UTR MPRA|CAD|mikl:Cnot6l:1550.0:7e079437d199b404,12a8a8f47af955e5,4,3,4,AVAILABLE
mikl_gse173098,mikl_gse173098|mikl_gse173098|neurite_soma_mpra|GFP 3UTR MPRA|CAD|mikl:Cnot6l:1600.0:371aa110485978fb,12a8a8f47af955e5,5,3,5,AVAILABLE
mikl_gse173098,mikl_gse173098|mikl_gse173098|neurite_soma_mpra|GFP 3UTR MPRA|CAD|mikl:Cnot6l:1600.0:95f8e8f4095cebb2,12a8a8f47af955e5,2,3,2,AVAILABLE
mikl_gse173098,mikl_gse173098|mikl_gse173098|neurite_soma_mpra|GFP 3UTR MPRA|CAD|mikl:Cnot6l:1650.0:f8503c66eb4648e3,12a8a8f47af955e5,2,3,2,AVAILABLE
mikl_gse173098,mikl_gse173098|mikl_gse173098|neurite_soma_mpra|GFP 3UTR MPRA|CAD|mikl:Cnot6l:1700.0:56a871e6c30c52dc,12a8a8f47af955e5,4,3,4,AVAILABLE
mikl_gse173098,mikl_gse173098|mikl_gse173098|neurite_soma_mpra|GFP 3UTR MPRA|CAD|mikl:Cnot6l:1700.0:d30a811f0c60b682,12a8a8f47af955e5,3,3,3,AVAILABLE
mikl_gse173098,mikl_gse173098|mikl_gse173098|neurite_soma_mpra|GFP 3UTR MPRA|CAD|mikl:Cnot6l:1750.0:9e673ada028f0f16,12a8a8f47af955e5,5,3,5,AVAILABLE
mikl_gse173098,mikl_gse173098|mikl_gse173098|neurite_soma_mpra|GFP 3UTR MPRA|CAD|mikl:Cnot6l:1750.0:bbdc3c4f38259817,12a8a8f47af955e5,3,3,3,AVAILABLE
mikl_gse173098,mikl_gse173098|mikl_gse173098|neurite_soma_mpra|GFP 3UTR MPRA|CAD|mikl:Cnot6l:1800.0:c88bd58f63c4d095,12a8a8f47af955e5,6,3,6,AVAILABLE
mikl_gse173098,mikl_gse173098|mikl_gse173098|neurite_soma_mpra|GFP 3UTR MPRA|CAD|mikl:Cnot6l:1800.0:dd42006cfb41e77b,12a8a8f47af955e5,7,3,7,AVAILABLE
mikl_gse173098,mikl_gse173098|mikl_gse173098|neurite_soma_mpra|GFP 3UTR MPRA|CAD|mikl:Cnot6l:1850.0:174de7f872e86ce9,12a8a8f47af955e5,3,3,3,AVAILABLE
mikl_gse173098,mikl_gse173098|mikl_gse173098|neurite_soma_mpra|GFP 3UTR MPRA|CAD|mikl:Cnot6l:1850.0:9eae929c392c144e,12a8a8f47af955e5,6,3,6,AVAILABLE
mikl_gse173098,mikl_gse173098|mikl_gse173098|neurite_soma_mpra|GFP 3UTR MPRA|CAD|mikl:Cnot6l:1900.0:75dce2b490b03394,12a8a8f47af955e5,4,3,4,AVAILABLE
mikl_gse173098,mikl_gse173098|mikl_gse173098|neurite_soma_mpra|GFP 3UTR MPRA|CAD|mikl:Cnot6l:1900.0:d2c7561ace29a245,12a8a8f47af955e5,4,3,4,AVAILABLE
mikl_gse173098,mikl_gse173098|mikl_gse173098|neurite_soma_mpra|GFP 3UTR MPRA|CAD|mikl:Cnot6l:1950.0:c75a689a864aed57,12a8a8f47af955e5,2,3,2,AVAILABLE
mikl_gse173098,mikl_gse173098|mikl_gse173098|neurite_soma_mpra|GFP 3UTR MPRA|CAD|mikl:Cnot6l:1950.0:c94322ff1111a29a,12a8a8f47af955e5,5,3,5,AVAILABLE
mikl_gse173098,mikl_gse173098|mikl_gse173098|neurite_soma_mpra|GFP 3UTR MPRA|CAD|mikl:Cnot6l:200.0:6ede45fa74c868f2,12a8a8f47af955e5,4,3,4,AVAILABLE
mikl_gse173098,mikl_gse173098|mikl_gse173098|neurite_soma_mpra|GFP 3UTR MPRA|CAD|mikl:Cnot6l:2000.0:4941ee54f6b5f0dc,12a8a8f47af955e5,5,3,5,AVAILABLE
mikl_gse173098,mikl_gse173098|mikl_gse173098|neurite_soma_mpra|GFP 3UTR MPRA|CAD|mikl:Cnot6l:2000.0:c7cf1f28ee8315a6,12a8a8f47af955e5,2,3,2,AVAILABLE
mikl_gse173098,mikl_gse173098|mikl_gse173098|neurite_soma_mpra|GFP 3UTR MPRA|CAD|mikl:Cnot6l:2050.0:1019a0d5787117e7,12a8a8f47af955e5,2,3,2,AVAILABLE
mikl_gse173098,mikl_gse173098|mikl_gse173098|neurite_soma_mpra|GFP 3UTR MPRA|CAD|mikl:Cnot6l:2050.0:4a7e3693cbc297c0,12a8a8f47af955e5,4,3,4,AVAILABLE
mikl_gse173098,mikl_gse173098|mikl_gse173098|neurite_soma_mpra|GFP 3UTR MPRA|CAD|mikl:Cnot6l:2100.0:97d745c1b6059ceb,12a8a8f47af955e5,4,3,4,AVAILABLE
mikl_gse173098,mikl_gse173098|mikl_gse173098|neurite_soma_mpra|GFP 3UTR MPRA|CAD|mikl:Cnot6l:2100.0:d6b018d07b80dd2a,12a8a8f47af955e5,3,3,3,AVAILABLE
mikl_gse173098,mikl_gse173098|mikl_gse173098|neurite_soma_mpra|GFP 3UTR MPRA|CAD|mikl:Cnot6l:2150.0:2f02e33402192bb9,12a8a8f47af955e5,3,3,3,AVAILABLE
mikl_gse173098,mikl_gse173098|mikl_gse173098|neurite_soma_mpra|GFP 3UTR MPRA|CAD|mikl:Cnot6l:2200.0:238bcb6429f029d1,12a8a8f47af955e5,2,3,2,AVAILABLE
mikl_gse173098,mikl_gse173098|mikl_gse173098|neurite_soma_mpra|GFP 3UTR MPRA|CAD|mikl:Cnot6l:2200.0:be2be4f84b857cff,12a8a8f47af955e5,3,3,3,AVAILABLE
mikl_gse173098,mikl_gse173098|mikl_gse173098|neurite_soma_mpra|GFP 3UTR MPRA|CAD|mikl:Cnot6l:2250.0:6b8ba2f14d7a28ad,12a8a8f47af955e5,5,3,5,AVAILABLE
mikl_gse173098,mikl_gse173098|mikl_gse173098|neurite_soma_mpra|GFP 3UTR MPRA|CAD|mikl:Cnot6l:2250.0:b0aa89b9226602b6,12a8a8f47af955e5,3,3,3,AVAILABLE
mikl_gse173098,mikl_gse173098|mikl_gse173098|neurite_soma_mpra|GFP 3UTR MPRA|CAD|mikl:Cnot6l:2300.0:039e31fb2a445ba0,12a8a8f47af955e5,3,3,3,AVAILABLE
mikl_gse173098,mikl_gse173098|mikl_gse173098|neurite_soma_mpra|GFP 3UTR MPRA|CAD|mikl:Cnot6l:2300.0:cc8e7cef9aa2e507,12a8a8f47af955e5,6,3,6,AVAILABLE
mikl_gse173098,mikl_gse173098|mikl_gse173098|neurite_soma_mpra|GFP 3UTR MPRA|CAD|mikl:Cnot6l:2350.0:36ef76f1746b72d9,12a8a8f47af955e5,9,3,9,AVAILABLE
mikl_gse173098,mikl_gse173098|mikl_gse173098|neurite_soma_mpra|GFP 3UTR MPRA|CAD|mikl:Cnot6l:2350.0:458daf474fbf4089,12a8a8f47af955e5,3,3,3,AVAILABLE
mikl_gse173098,mikl_gse173098|mikl_gse173098|neurite_soma_mpra|GFP 3UTR MPRA|CAD|mikl:Cnot6l:2400.0:8807a4a66adca99c,12a8a8f47af955e5,8,3,8,AVAILABLE
mikl_gse173098,mikl_gse173098|mikl_gse173098|neurite_soma_mpra|GFP 3UTR MPRA|CAD|mikl:Cnot6l:2400.0:c88c74cfe697a3c2,12a8a8f47af955e5,5,3,5,AVAILABLE
mikl_gse173098,mikl_gse173098|mikl_gse173098|neurite_soma_mpra|GFP 3UTR MPRA|CAD|mikl:Cnot6l:2450.0:33b2e9b1a69114e4,12a8a8f47af955e5,3,3,3,AVAILABLE
mikl_gse173098,mikl_gse173098|mikl_gse173098|neurite_soma_mpra|GFP 3UTR MPRA|CAD|mikl:Cnot6l:2450.0:82a7d5cd65eb605e,12a8a8f47af955e5,5,3,5,AVAILABLE
mikl_gse173098,mikl_gse173098|mikl_gse173098|neurite_soma_mpra|GFP 3UTR MPRA|CAD|mikl:Cnot6l:250.0:51d697caacfb9846,12a8a8f47af955e5,7,3,7,AVAILABLE
mikl_gse173098,mikl_gse173098|mikl_gse173098|neurite_soma_mpra|GFP 3UTR MPRA|CAD|mikl:Cnot6l:250.0:daa5373c209e1e4c,12a8a8f47af955e5,3,3,3,AVAILABLE
mikl_gse173098,mikl_gse173098|mikl_gse173098|neurite_soma_mpra|GFP 3UTR MPRA|CAD|mikl:Cnot6l:2500.0:1582f199585c22b7,12a8a8f47af955e5,5,3,5,AVAILABLE
mikl_gse173098,mikl_gse173098|mikl_gse173098|neurite_soma_mpra|GFP 3UTR MPRA|CAD|mikl:Cnot6l:2500.0:912f9eaf35a25ecd,12a8a8f47af955e5,2,3,2,AVAILABLE
mikl_gse173098,mikl_gse173098|mikl_gse173098|neurite_soma_mpra|GFP 3UTR MPRA|CAD|mikl:Cnot6l:2550.0:11478622303ca3ce,12a8a8f47af955e5,4,3,4,AVAILABLE
mikl_gse173098,mikl_gse173098|mikl_gse173098|neurite_soma_mpra|GFP 3UTR MPRA|CAD|mikl:Cnot6l:2550.0:c7adad82cadc0765,12a8a8f47af955e5,3,3,3,AVAILABLE
mikl_gse173098,mikl_gse173098|mikl_gse173098|neurite_soma_mpra|GFP 3UTR MPRA|CAD|mikl:Cnot6l:2600.0:51ffc88b6c36d7b7,12a8a8f47af955e5,2,3,2,AVAILABLE
mikl_gse173098,mikl_gse173098|mikl_gse173098|neurite_soma_mpra|GFP 3UTR MPRA|CAD|mikl:Cnot6l:2600.0:d106662636d45894,12a8a8f47af955e5,2,3,2,AVAILABLE
mikl_gse173098,mikl_gse173098|mikl_gse173098|neurite_soma_mpra|GFP 3UTR MPRA|CAD|mikl:Cnot6l:2650.0:d02fed89083ebc26,12a8a8f47af955e5,3,3,3,AVAILABLE
mikl_gse173098,mikl_gse173098|mikl_gse173098|neurite_soma_mpra|GFP 3UTR MPRA|CAD|mikl:Cnot6l:2800.0:68604cd424949993,12a8a8f47af955e5,2,3,2,AVAILABLE
mikl_gse173098,mikl_gse173098|mikl_gse173098|neurite_soma_mpra|GFP 3UTR MPRA|CAD|mikl:Cnot6l:2800.0:fb24275aa41167bf,12a8a8f47af955e5,3,3,3,AVAILABLE
mikl_gse173098,mikl_gse173098|mikl_gse173098|neurite_soma_mpra|GFP 3UTR MPRA|CAD|mikl:Cnot6l:2850.0:60e3a15da970041d,12a8a8f47af955e5,2,3,2,AVAILABLE
mikl_gse173098,mikl_gse173098|mikl_gse173098|neurite_soma_mpra|GFP 3UTR MPRA|CAD|mikl:Cnot6l:2850.0:b8b3a31e382a1ad7,12a8a8f47af955e5,3,3,3,AVAILABLE
mikl_gse173098,mikl_gse173098|mikl_gse173098|neurite_soma_mpra|GFP 3UTR MPRA|CAD|mikl:Cnot6l:2900.0:cb16fe5c699327d8,12a8a8f47af955e5,7,3,7,AVAILABLE
mikl_gse173098,mikl_gse173098|mikl_gse173098|neurite_soma_mpra|GFP 3UTR MPRA|CAD|mikl:Cnot6l:2900.0:ebcbd596f6b55155,12a8a8f47af955e5,3,3,3,AVAILABLE
mikl_gse173098,mikl_gse173098|mikl_gse173098|neurite_soma_mpra|GFP 3UTR MPRA|CAD|mikl:Cnot6l:2950.0:272325bc9df132d3,12a8a8f47af955e5,6,3,6,AVAILABLE
mikl_gse173098,mikl_gse173098|mikl_gse173098|neurite_soma_mpra|GFP 3UTR MPRA|CAD|mikl:Cnot6l:300.0:565c63945d951be6,12a8a8f47af955e5,7,3,7,AVAILABLE
mikl_gse173098,mikl_gse173098|mikl_gse173098|neurite_soma_mpra|GFP 3UTR MPRA|CAD|mikl:Cnot6l:300.0:ceb7d64e750c03ca,12a8a8f47af955e5,2,3,2,AVAILABLE
mikl_gse173098,mikl_gse173098|mikl_gse173098|neurite_soma_mpra|GFP 3UTR MPRA|CAD|mikl:Cnot6l:3000.0:e4a87785be9c539d,12a8a8f47af955e5,8,3,8,AVAILABLE
mikl_gse173098,mikl_gse173098|mikl_gse173098|neurite_soma_mpra|GFP 3UTR MPRA|CAD|mikl:Cnot6l:3350.0:c5b727bf08affade,12a8a8f47af955e5,3,3,3,AVAILABLE
mikl_gse173098,mikl_gse173098|mikl_gse173098|neurite_soma_mpra|GFP 3UTR MPRA|CAD|mikl:Cnot6l:3400.0:df0d91d5c8ffde0a,12a8a8f47af955e5,6,3,6,AVAILABLE
mikl_gse173098,mikl_gse173098|mikl_gse173098|neurite_soma_mpra|GFP 3UTR MPRA|CAD|mikl:Cnot6l:3450.0:d4747a280ebd6971,12a8a8f47af955e5,5,3,5,AVAILABLE
mikl_gse173098,mikl_gse173098|mikl_gse173098|neurite_soma_mpra|GFP 3UTR MPRA|CAD|mikl:Cnot6l:350.0:b2379a07f432c6bd,12a8a8f47af955e5,5,3,5,AVAILABLE
mikl_gse173098,mikl_gse173098|mikl_gse173098|neurite_soma_mpra|GFP 3UTR MPRA|CAD|mikl:Cnot6l:3500.0:787a1aa2fadef871,12a8a8f47af955e5,2,3,2,AVAILABLE
mikl_gse173098,mikl_gse173098|mikl_gse173098|neurite_soma_mpra|GFP 3UTR MPRA|CAD|mikl:Cnot6l:3550.0:f3663eeb5e0006c0,12a8a8f47af955e5,3,3,3,AVAILABLE
mikl_gse173098,mikl_gse173098|mikl_gse173098|neurite_soma_mpra|GFP 3UTR MPRA|CAD|mikl:Cnot6l:3600.0:21a8473e8c7e60d5,12a8a8f47af955e5,4,3,4,AVAILABLE
mikl_gse173098,mikl_gse173098|mikl_gse173098|neurite_soma_mpra|GFP 3UTR MPRA|CAD|mikl:Cnot6l:3650.0:a5446579e61cf0e7,12a8a8f47af955e5,2,3,2,AVAILABLE
mikl_gse173098,mikl_gse173098|mikl_gse173098|neurite_soma_mpra|GFP 3UTR MPRA|CAD|mikl:Cnot6l:3750.0:cf7d9cf44007d6ce,12a8a8f47af955e5,2,3,2,AVAILABLE
mikl_gse173098,mikl_gse173098|mikl_gse173098|neurite_soma_mpra|GFP 3UTR MPRA|CAD|mikl:Cnot6l:3850.0:179cde379ba522bc,12a8a8f47af955e5,4,3,4,AVAILABLE
mikl_gse173098,mikl_gse173098|mikl_gse173098|neurite_soma_mpra|GFP 3UTR MPRA|CAD|mikl:Cnot6l:3900.0:66bdf23f763ef560,12a8a8f47af955e5,5,3,5,AVAILABLE
mikl_gse173098,mikl_gse173098|mikl_gse173098|neurite_soma_mpra|GFP 3UTR MPRA|CAD|mikl:Cnot6l:3950.0:8e33dd06eefd5699,12a8a8f47af955e5,3,3,3,AVAILABLE
mikl_gse173098,mikl_gse173098|mikl_gse173098|neurite_soma_mpra|GFP 3UTR MPRA|CAD|mikl:Cnot6l:400.0:fb3539046bda9bb0,12a8a8f47af955e5,4,3,4,AVAILABLE
mikl_gse173098,mikl_gse173098|mikl_gse173098|neurite_soma_mpra|GFP 3UTR MPRA|CAD|mikl:Cnot6l:4000.0:65e3b61c0c29a320,12a8a8f47af955e5,3,3,3,AVAILABLE
mikl_gse173098,mikl_gse173098|mikl_gse173098|neurite_soma_mpra|GFP 3UTR MPRA|CAD|mikl:Cnot6l:4050.0:b207e6c618e551a1,12a8a8f47af955e5,2,3,2,AVAILABLE
mikl_gse173098,mikl_gse173098|mikl_gse173098|neurite_soma_mpra|GFP 3UTR MPRA|CAD|mikl:Cnot6l:4100.0:78cd3e8203502682,12a8a8f47af955e5,2,3,2,AVAILABLE
mikl_gse173098,mikl_gse173098|mikl_gse173098|neurite_soma_mpra|GFP 3UTR MPRA|CAD|mikl:Cnot6l:4200.0:047f7f0c07bc6436,12a8a8f47af955e5,5,3,5,AVAILABLE
mikl_gse173098,mikl_gse173098|mikl_gse173098|neurite_soma_mpra|GFP 3UTR MPRA|CAD|mikl:Cnot6l:4250.0:9c448ce6a595ae71,12a8a8f47af955e5,7,3,7,AVAILABLE
mikl_gse173098,mikl_gse173098|mikl_gse173098|neurite_soma_mpra|GFP 3UTR MPRA|CAD|mikl:Cnot6l:4300.0:ad764de07b15350f,12a8a8f47af955e5,6,3,6,AVAILABLE
mikl_gse173098,mikl_gse173098|mikl_gse173098|neurite_soma_mpra|GFP 3UTR MPRA|CAD|mikl:Cnot6l:4350.0:ec8c1913366568a9,12a8a8f47af955e5,5,3,5,AVAILABLE
mikl_gse173098,mikl_gse173098|mikl_gse173098|neurite_soma_mpra|GFP 3UTR MPRA|CAD|mikl:Cnot6l:4400.0:c442ec2812678cda,12a8a8f47af955e5,4,3,4,AVAILABLE
mikl_gse173098,mikl_gse173098|mikl_gse173098|neurite_soma_mpra|GFP 3UTR MPRA|CAD|mikl:Cnot6l:4450.0:6f7d5f241becb93d,12a8a8f47af955e5,4,3,4,AVAILABLE
mikl_gse173098,mikl_gse173098|mikl_gse173098|neurite_soma_mpra|GFP 3UTR MPRA|CAD|mikl:Cnot6l:450.0:665a878eb70f5277,12a8a8f47af955e5,2,3,2,AVAILABLE
mikl_gse173098,mikl_gse173098|mikl_gse173098|neurite_soma_mpra|GFP 3UTR MPRA|CAD|mikl:Cnot6l:450.0:f2de06a14d2e079a,12a8a8f47af955e5,3,3,3,AVAILABLE
mikl_gse173098,mikl_gse173098|mikl_gse173098|neurite_soma_mpra|GFP 3UTR MPRA|CAD|mikl:Cnot6l:4500.0:e3bf5007303cfaef,12a8a8f47af955e5,3,3,3,AVAILABLE
mikl_gse173098,mikl_gse173098|mikl_gse173098|neurite_soma_mpra|GFP 3UTR MPRA|CAD|mikl:Cnot6l:4550.0:a0481b979dcacf2e,12a8a8f47af955e5,2,3,2,AVAILABLE
mikl_gse173098,mikl_gse173098|mikl_gse173098|neurite_soma_mpra|GFP 3UTR MPRA|CAD|mikl:Cnot6l:4600.0:b1122c2cda4d8fbd,12a8a8f47af955e5,3,3,3,AVAILABLE
mikl_gse173098,mikl_gse173098|mikl_gse173098|neurite_soma_mpra|GFP 3UTR MPRA|CAD|mikl:Cnot6l:4700.0:219a6717b33a192a,12a8a8f47af955e5,2,3,2,AVAILABLE
mikl_gse173098,mikl_gse173098|mikl_gse173098|neurite_soma_mpra|GFP 3UTR MPRA|CAD|mikl:Cnot6l:4850.0:3831f229cebb797c,12a8a8f47af955e5,2,3,2,AVAILABLE
mikl_gse173098,mikl_gse173098|mikl_gse173098|neurite_soma_mpra|GFP 3UTR MPRA|CAD|mikl:Cnot6l:4900.0:d18fe3376696ad55,12a8a8f47af955e5,2,3,2,AVAILABLE
mikl_gse173098,mikl_gse173098|mikl_gse173098|neurite_soma_mpra|GFP 3UTR MPRA|CAD|mikl:Cnot6l:4950.0:89fff2addb29167f,12a8a8f47af955e5,2,3,2,AVAILABLE
mikl_gse173098,mikl_gse173098|mikl_gse173098|neurite_soma_mpra|GFP 3UTR MPRA|CAD|mikl:Cnot6l:50.0:840cb55bb43a7272,12a8a8f47af955e5,3,3,3,AVAILABLE
mikl_gse173098,mikl_gse173098|mikl_gse173098|neurite_soma_mpra|GFP 3UTR MPRA|CAD|mikl:Cnot6l:500.0:b37ae5884624cc1e,12a8a8f47af955e5,6,3,6,AVAILABLE
mikl_gse173098,mikl_gse173098|mikl_gse173098|neurite_soma_mpra|GFP 3UTR MPRA|CAD|mikl:Cnot6l:5100.0:4dd641a26f3a1132,12a8a8f47af955e5,2,3,2,AVAILABLE
mikl_gse173098,mikl_gse173098|mikl_gse173098|neurite_soma_mpra|GFP 3UTR MPRA|CAD|mikl:Cnot6l:5150.0:72c93cd58c652f9d,12a8a8f47af955e5,2,3,2,AVAILABLE
mikl_gse173098,mikl_gse173098|mikl_gse173098|neurite_soma_mpra|GFP 3UTR MPRA|CAD|mikl:Cnot6l:5200.0:46b21bb17cecbce4,12a8a8f47af955e5,3,3,3,AVAILABLE
mikl_gse173098,mikl_gse173098|mikl_gse173098|neurite_soma_mpra|GFP 3UTR MPRA|CAD|mikl:Cnot6l:5250.0:823a0c0f92685558,12a8a8f47af955e5,2,3,2,AVAILABLE
mikl_gse173098,mikl_gse173098|mikl_gse173098|neurite_soma_mpra|GFP 3UTR MPRA|CAD|mikl:Cnot6l:5350.0:88760c3bd4958ba7,12a8a8f47af955e5,3,3,3,AVAILABLE
mikl_gse173098,mikl_gse173098|mikl_gse173098|neurite_soma_mpra|GFP 3UTR MPRA|CAD|mikl:Cnot6l:5400.0:5f618c60b36f7973,12a8a8f47af955e5,3,3,3,AVAILABLE
mikl_gse173098,mikl_gse173098|mikl_gse173098|neurite_soma_mpra|GFP 3UTR MPRA|CAD|mikl:Cnot6l:5450.0:28e44e4e2dd42492,12a8a8f47af955e5,2,3,2,AVAILABLE
mikl_gse173098,mikl_gse173098|mikl_gse173098|neurite_soma_mpra|GFP 3UTR MPRA|CAD|mikl:Cnot6l:550.0:a9dcf07b47117467,12a8a8f47af955e5,4,3,4,AVAILABLE
mikl_gse173098,mikl_gse173098|mikl_gse173098|neurite_soma_mpra|GFP 3UTR MPRA|CAD|mikl:Cnot6l:550.0:e802c9144ac809ed,12a8a8f47af955e5,5,3,5,AVAILABLE
mikl_gse173098,mikl_gse173098|mikl_gse173098|neurite_soma_mpra|GFP 3UTR MPRA|CAD|mikl:Cnot6l:5600.0:250804dfea56fbe6,12a8a8f47af955e5,2,3,2,AVAILABLE
mikl_gse173098,mikl_gse173098|mikl_gse173098|neurite_soma_mpra|GFP 3UTR MPRA|CAD|mikl:Cnot6l:5650.0:5e0f07f60b97882e,12a8a8f47af955e5,2,3,2,AVAILABLE
mikl_gse173098,mikl_gse173098|mikl_gse173098|neurite_soma_mpra|GFP 3UTR MPRA|CAD|mikl:Cnot6l:5700.0:9eac6a4b28be3fea,12a8a8f47af955e5,4,3,4,AVAILABLE
mikl_gse173098,mikl_gse173098|mikl_gse173098|neurite_soma_mpra|GFP 3UTR MPRA|CAD|mikl:Cnot6l:5750.0:ce9bed38275b6d50,12a8a8f47af955e5,3,3,3,AVAILABLE
mikl_gse173098,mikl_gse173098|mikl_gse173098|neurite_soma_mpra|GFP 3UTR MPRA|CAD|mikl:Cnot6l:5800.0:95ce18cfab4a3318,12a8a8f47af955e5,3,3,3,AVAILABLE
mikl_gse173098,mikl_gse173098|mikl_gse173098|neurite_soma_mpra|GFP 3UTR MPRA|CAD|mikl:Cnot6l:5900.0:930f3f5add0416e5,12a8a8f47af955e5,3,3,3,AVAILABLE
mikl_gse173098,mikl_gse173098|mikl_gse173098|neurite_soma_mpra|GFP 3UTR MPRA|CAD|mikl:Cnot6l:5950.0:78c31949dc6989bd,12a8a8f47af955e5,2,3,2,AVAILABLE
mikl_gse173098,mikl_gse173098|mikl_gse173098|neurite_soma_mpra|GFP 3UTR MPRA|CAD|mikl:Cnot6l:600.0:5d5505ea86d642b0,12a8a8f47af955e5,5,3,5,AVAILABLE
mikl_gse173098,mikl_gse173098|mikl_gse173098|neurite_soma_mpra|GFP 3UTR MPRA|CAD|mikl:Cnot6l:600.0:6f13adde7af9439c,12a8a8f47af955e5,2,3,2,AVAILABLE
mikl_gse173098,mikl_gse173098|mikl_gse173098|neurite_soma_mpra|GFP 3UTR MPRA|CAD|mikl:Cnot6l:6000.0:e7fba27541c0f6b3,12a8a8f47af955e5,3,3,3,AVAILABLE
mikl_gse173098,mikl_gse173098|mikl_gse173098|neurite_soma_mpra|GFP 3UTR MPRA|CAD|mikl:Cnot6l:6100.0:8a55044133a5f063,12a8a8f47af955e5,4,3,4,AVAILABLE
mikl_gse173098,mikl_gse173098|mikl_gse173098|neurite_soma_mpra|GFP 3UTR MPRA|CAD|mikl:Cnot6l:6150.0:062998d603812fdb,12a8a8f47af955e5,5,3,5,AVAILABLE
mikl_gse173098,mikl_gse173098|mikl_gse173098|neurite_soma_mpra|GFP 3UTR MPRA|CAD|mikl:Cnot6l:6200.0:fbd986d93fb6ce2f,12a8a8f47af955e5,6,3,6,AVAILABLE
mikl_gse173098,mikl_gse173098|mikl_gse173098|neurite_soma_mpra|GFP 3UTR MPRA|CAD|mikl:Cnot6l:6250.0:dbff814661115ddd,12a8a8f47af955e5,4,3,4,AVAILABLE
mikl_gse173098,mikl_gse173098|mikl_gse173098|neurite_soma_mpra|GFP 3UTR MPRA|CAD|mikl:Cnot6l:6300.0:50a31fd925d2c65c,12a8a8f47af955e5,3,3,3,AVAILABLE
mikl_gse173098,mikl_gse173098|mikl_gse173098|neurite_soma_mpra|GFP 3UTR MPRA|CAD|mikl:Cnot6l:6350.0:683af2add4245be4,12a8a8f47af955e5,4,3,4,AVAILABLE
mikl_gse173098,mikl_gse173098|mikl_gse173098|neurite_soma_mpra|GFP 3UTR MPRA|CAD|mikl:Cnot6l:6400.0:d6373b6923ad2b51,12a8a8f47af955e5,3,3,3,AVAILABLE
mikl_gse173098,mikl_gse173098|mikl_gse173098|neurite_soma_mpra|GFP 3UTR MPRA|CAD|mikl:Cnot6l:6450.0:a355605f06a1a5e2,12a8a8f47af955e5,3,3,3,AVAILABLE
mikl_gse173098,mikl_gse173098|mikl_gse173098|neurite_soma_mpra|GFP 3UTR MPRA|CAD|mikl:Cnot6l:650.0:06357a31038e2e29,12a8a8f47af955e5,3,3,3,AVAILABLE
mikl_gse173098,mikl_gse173098|mikl_gse173098|neurite_soma_mpra|GFP 3UTR MPRA|CAD|mikl:Cnot6l:650.0:7d4bb812c085abab,12a8a8f47af955e5,3,3,3,AVAILABLE
mikl_gse173098,mikl_gse173098|mikl_gse173098|neurite_soma_mpra|GFP 3UTR MPRA|CAD|mikl:Cnot6l:6500.0:8be257255b2fe2f0,12a8a8f47af955e5,2,3,2,AVAILABLE
mikl_gse173098,mikl_gse173098|mikl_gse173098|neurite_soma_mpra|GFP 3UTR MPRA|CAD|mikl:Cnot6l:6600.0:8b7097509a0501b1,12a8a8f47af955e5,3,3,3,AVAILABLE
mikl_gse173098,mikl_gse173098|mikl_gse173098|neurite_soma_mpra|GFP 3UTR MPRA|CAD|mikl:Cnot6l:6650.0:c0dece124ef9fcf4,12a8a8f47af955e5,4,3,4,AVAILABLE
mikl_gse173098,mikl_gse173098|mikl_gse173098|neurite_soma_mpra|GFP 3UTR MPRA|CAD|mikl:Cnot6l:700.0:ac84dd00b6156e1e,12a8a8f47af955e5,3,3,3,AVAILABLE
mikl_gse173098,mikl_gse173098|mikl_gse173098|neurite_soma_mpra|GFP 3UTR MPRA|CAD|mikl:Cnot6l:750.0:16baae9a3483957f,12a8a8f47af955e5,5,3,5,AVAILABLE
mikl_gse173098,mikl_gse173098|mikl_gse173098|neurite_soma_mpra|GFP 3UTR MPRA|CAD|mikl:Cnot6l:800.0:8619e46a5aea2a77,12a8a8f47af955e5,2,3,2,AVAILABLE
mikl_gse173098,mikl_gse173098|mikl_gse173098|neurite_soma_mpra|GFP 3UTR MPRA|CAD|mikl:Cnot6l:850.0:2a4113ed4d382883,12a8a8f47af955e5,5,3,5,AVAILABLE
mikl_gse173098,mikl_gse173098|mikl_gse173098|neurite_soma_mpra|GFP 3UTR MPRA|CAD|mikl:Cnot6l:900.0:1884cad6f4072331,12a8a8f47af955e5,3,3,3,AVAILABLE
mikl_gse173098,mikl_gse173098|mikl_gse173098|neurite_soma_mpra|GFP 3UTR MPRA|CAD|mikl:Cnot6l:900.0:9c390b1de374e5ec,12a8a8f47af955e5,3,3,3,AVAILABLE
mikl_gse173098,mikl_gse173098|mikl_gse173098|neurite_soma_mpra|GFP 3UTR MPRA|CAD|mikl:Cnot6l:950.0:8858abdafc70bb84,12a8a8f47af955e5,5,3,5,AVAILABLE
mikl_gse173098,mikl_gse173098|mikl_gse173098|neurite_soma_mpra|GFP 3UTR MPRA|CAD|mikl:Cntn2:150.0:aae78a1698b6c321,6627cc7158a27206,2,3,2,AVAILABLE
mikl_gse173098,mikl_gse173098|mikl_gse173098|neurite_soma_mpra|GFP 3UTR MPRA|CAD|mikl:Cntn2:1500.0:d1543be2ac853ad8,6627cc7158a27206,3,3,3,AVAILABLE
mikl_gse173098,mikl_gse173098|mikl_gse173098|neurite_soma_mpra|GFP 3UTR MPRA|CAD|mikl:Cntn2:1550.0:d28b9089b9a7f148,6627cc7158a27206,5,3,5,AVAILABLE
mikl_gse173098,mikl_gse173098|mikl_gse173098|neurite_soma_mpra|GFP 3UTR MPRA|CAD|mikl:Cntn2:1600.0:4bc597425aab9fd5,6627cc7158a27206,5,3,5,AVAILABLE
mikl_gse173098,mikl_gse173098|mikl_gse173098|neurite_soma_mpra|GFP 3UTR MPRA|CAD|mikl:Cntn2:1750.0:9b84383d037df3e6,6627cc7158a27206,2,3,2,AVAILABLE
mikl_gse173098,mikl_gse173098|mikl_gse173098|neurite_soma_mpra|GFP 3UTR MPRA|CAD|mikl:Cntn2:1750.0:d0e430dc26cc0067,6627cc7158a27206,2,3,2,AVAILABLE
mikl_gse173098,mikl_gse173098|mikl_gse173098|neurite_soma_mpra|GFP 3UTR MPRA|CAD|mikl:Cntn2:1800.0:3a62c1381a8965ed,6627cc7158a27206,3,3,3,AVAILABLE
mikl_gse173098,mikl_gse173098|mikl_gse173098|neurite_soma_mpra|GFP 3UTR MPRA|CAD|mikl:Cntn2:1800.0:6c5e9bd3b1dac618,6627cc7158a27206,2,3,2,AVAILABLE
mikl_gse173098,mikl_gse173098|mikl_gse173098|neurite_soma_mpra|GFP 3UTR MPRA|CAD|mikl:Cntn2:1800.0:c397210a573b6b9e,6627cc7158a27206,2,3,2,AVAILABLE
mikl_gse173098,mikl_gse173098|mikl_gse173098|neurite_soma_mpra|GFP 3UTR MPRA|CAD|mikl:Cntn2:1850.0:32106df25d3f1415,6627cc7158a27206,3,3,3,AVAILABLE
mikl_gse173098,mikl_gse173098|mikl_gse173098|neurite_soma_mpra|GFP 3UTR MPRA|CAD|mikl:Cntn2:1850.0:a689793ed1fc77e4,6627cc7158a27206,3,3,3,AVAILABLE
mikl_gse173098,mikl_gse173098|mikl_gse173098|neurite_soma_mpra|GFP 3UTR MPRA|CAD|mikl:Cntn2:1850.0:c31777fd5b138277,6627cc7158a27206,4,3,4,AVAILABLE
mikl_gse173098,mikl_gse173098|mikl_gse173098|neurite_soma_mpra|GFP 3UTR MPRA|CAD|mikl:Cntn2:1900.0:1a5f2b39dbe5f986,6627cc7158a27206,2,3,2,AVAILABLE
mikl_gse173098,mikl_gse173098|mikl_gse173098|neurite_soma_mpra|GFP 3UTR MPRA|CAD|mikl:Cntn2:1900.0:305851cb6f2dc2ef,6627cc7158a27206,3,3,3,AVAILABLE
mikl_gse173098,mikl_gse173098|mikl_gse173098|neurite_soma_mpra|GFP 3UTR MPRA|CAD|mikl:Cntn2:1900.0:a5e6acdedde05d25,6627cc7158a27206,3,3,3,AVAILABLE
mikl_gse173098,mikl_gse173098|mikl_gse173098|neurite_soma_mpra|GFP 3UTR MPRA|CAD|mikl:Cntn2:1950.0:2c226ee79d5a3824,6627cc7158a27206,2,3,2,AVAILABLE
mikl_gse173098,mikl_gse173098|mikl_gse173098|neurite_soma_mpra|GFP 3UTR MPRA|CAD|mikl:Cntn2:1950.0:526ae040dcfd73dc,6627cc7158a27206,2,3,2,AVAILABLE
mikl_gse173098,mikl_gse173098|mikl_gse173098|neurite_soma_mpra|GFP 3UTR MPRA|CAD|mikl:Cntn2:2250.0:546278609d827067,6627cc7158a27206,2,3,2,AVAILABLE
mikl_gse173098,mikl_gse173098|mikl_gse173098|neurite_soma_mpra|GFP 3UTR MPRA|CAD|mikl:Cntn2:2450.0:66c2bfafd47685ee,6627cc7158a27206,2,3,2,AVAILABLE
mikl_gse173098,mikl_gse173098|mikl_gse173098|neurite_soma_mpra|GFP 3UTR MPRA|CAD|mikl:Cntn2:2500.0:4a7aa25b24ef7bc4,6627cc7158a27206,2,3,2,AVAILABLE
mikl_gse173098,mikl_gse173098|mikl_gse173098|neurite_soma_mpra|GFP 3UTR MPRA|CAD|mikl:Cntn2:2750.0:43c91420f1d3793f,6627cc7158a27206,2,3,2,AVAILABLE
mikl_gse173098,mikl_gse173098|mikl_gse173098|neurite_soma_mpra|GFP 3UTR MPRA|CAD|mikl:Cntn2:2850.0:dda14a2e3e17898d,6627cc7158a27206,2,3,2,AVAILABLE
mikl_gse173098,mikl_gse173098|mikl_gse173098|neurite_soma_mpra|GFP 3UTR MPRA|CAD|mikl:Cntn2:3350.0:b8991f98833a2d9c,6627cc7158a27206,2,3,2,AVAILABLE
mikl_gse173098,mikl_gse173098|mikl_gse173098|neurite_soma_mpra|GFP 3UTR MPRA|CAD|mikl:Cntn2:3400.0:1cdd0e0d9e36ea94,6627cc7158a27206,2,3,2,AVAILABLE
mikl_gse173098,mikl_gse173098|mikl_gse173098|neurite_soma_mpra|GFP 3UTR MPRA|CAD|mikl:Col1a1:100.0:1b7fa5a541f18b87,66f2fe8e70c62e4e,2,3,2,AVAILABLE
mikl_gse173098,mikl_gse173098|mikl_gse173098|neurite_soma_mpra|GFP 3UTR MPRA|CAD|mikl:Col1a1:300.0:384be2ebb4f682e3,66f2fe8e70c62e4e,2,3,2,AVAILABLE
mikl_gse173098,mikl_gse173098|mikl_gse173098|neurite_soma_mpra|GFP 3UTR MPRA|CAD|mikl:Col1a1:500.0:58379750caf40d7f,66f2fe8e70c62e4e,2,3,2,AVAILABLE
mikl_gse173098,mikl_gse173098|mikl_gse173098|neurite_soma_mpra|GFP 3UTR MPRA|CAD|mikl:Col1a1:550.0:0b5dedd86528ab81,66f2fe8e70c62e4e,2,3,2,AVAILABLE
mikl_gse173098,mikl_gse173098|mikl_gse173098|neurite_soma_mpra|GFP 3UTR MPRA|CAD|mikl:Col1a1:700.0:55bd125eedcb96a4,66f2fe8e70c62e4e,2,3,2,AVAILABLE
mikl_gse173098,mikl_gse173098|mikl_gse173098|neurite_soma_mpra|GFP 3UTR MPRA|CAD|mikl:Col27a1:1100.0:a949eb7b5fa9ad08,6a60af910c2da03e,2,3,2,AVAILABLE
mikl_gse173098,mikl_gse173098|mikl_gse173098|neurite_soma_mpra|GFP 3UTR MPRA|CAD|mikl:Col27a1:1150.0:9c34bcafc71fe3ad,6a60af910c2da03e,2,3,2,AVAILABLE
mikl_gse173098,mikl_gse173098|mikl_gse173098|neurite_soma_mpra|GFP 3UTR MPRA|CAD|mikl:Col27a1:1350.0:5edcd7084f6eea34,6a60af910c2da03e,2,3,2,AVAILABLE
mikl_gse173098,mikl_gse173098|mikl_gse173098|neurite_soma_mpra|GFP 3UTR MPRA|CAD|mikl:Col27a1:1400.0:49144aebccaf9b72,6a60af910c2da03e,2,3,2,AVAILABLE
mikl_gse173098,mikl_gse173098|mikl_gse173098|neurite_soma_mpra|GFP 3UTR MPRA|CAD|mikl:Col27a1:150.0:e0c88e97d19fe8dd,6a60af910c2da03e,2,3,2,AVAILABLE
mikl_gse173098,mikl_gse173098|mikl_gse173098|neurite_soma_mpra|GFP 3UTR MPRA|CAD|mikl:Col27a1:1650.0:5ddc8306fb2e0f5f,6a60af910c2da03e,2,3,2,AVAILABLE
mikl_gse173098,mikl_gse173098|mikl_gse173098|neurite_soma_mpra|GFP 3UTR MPRA|CAD|mikl:Col27a1:1700.0:d12d2731303a151b,6a60af910c2da03e,2,3,2,AVAILABLE
mikl_gse173098,mikl_gse173098|mikl_gse173098|neurite_soma_mpra|GFP 3UTR MPRA|CAD|mikl:Col27a1:250.0:71e1d673ecdf5ebf,6a60af910c2da03e,2,3,2,AVAILABLE
mikl_gse173098,mikl_gse173098|mikl_gse173098|neurite_soma_mpra|GFP 3UTR MPRA|CAD|mikl:Col27a1:250.0:bc1d5d898f813a5a,6a60af910c2da03e,2,3,2,AVAILABLE
mikl_gse173098,mikl_gse173098|mikl_gse173098|neurite_soma_mpra|GFP 3UTR MPRA|CAD|mikl:Col27a1:300.0:bafd13ef9f1f58fc,6a60af910c2da03e,2,3,2,AVAILABLE
mikl_gse173098,mikl_gse173098|mikl_gse173098|neurite_soma_mpra|GFP 3UTR MPRA|CAD|mikl:Col27a1:300.0:ccc50c028dbd4e3f,6a60af910c2da03e,2,3,2,AVAILABLE
mikl_gse173098,mikl_gse173098|mikl_gse173098|neurite_soma_mpra|GFP 3UTR MPRA|CAD|mikl:Col27a1:350.0:0ef3e677d037dd25,6a60af910c2da03e,3,3,3,AVAILABLE
mikl_gse173098,mikl_gse173098|mikl_gse173098|neurite_soma_mpra|GFP 3UTR MPRA|CAD|mikl:Col27a1:350.0:2bfc32d6d2f21614,6a60af910c2da03e,2,3,2,AVAILABLE
mikl_gse173098,mikl_gse173098|mikl_gse173098|neurite_soma_mpra|GFP 3UTR MPRA|CAD|mikl:Col27a1:350.0:2df00667b921dd61,6a60af910c2da03e,2,3,2,AVAILABLE
mikl_gse173098,mikl_gse173098|mikl_gse173098|neurite_soma_mpra|GFP 3UTR MPRA|CAD|mikl:Col27a1:400.0:09567b77121191ed,6a60af910c2da03e,2,3,2,AVAILABLE
mikl_gse173098,mikl_gse173098|mikl_gse173098|neurite_soma_mpra|GFP 3UTR MPRA|CAD|mikl:Col27a1:50.0:75e6a49a27a12b98,6a60af910c2da03e,2,3,2,AVAILABLE
mikl_gse173098,mikl_gse173098|mikl_gse173098|neurite_soma_mpra|GFP 3UTR MPRA|CAD|mikl:Col27a1:550.0:f8e452e89ac67b43,6a60af910c2da03e,2,3,2,AVAILABLE
mikl_gse173098,mikl_gse173098|mikl_gse173098|neurite_soma_mpra|GFP 3UTR MPRA|CAD|mikl:Col27a1:600.0:f8669cd2bc602e07,6a60af910c2da03e,2,3,2,AVAILABLE
mikl_gse173098,mikl_gse173098|mikl_gse173098|neurite_soma_mpra|GFP 3UTR MPRA|CAD|mikl:Col27a1:650.0:6c23c7f76953e8a0,6a60af910c2da03e,2,3,2,AVAILABLE
mikl_gse173098,mikl_gse173098|mikl_gse173098|neurite_soma_mpra|GFP 3UTR MPRA|CAD|mikl:Col27a1:850.0:030b1b327d7cc845,6a60af910c2da03e,3,3,3,AVAILABLE
mikl_gse173098,mikl_gse173098|mikl_gse173098|neurite_soma_mpra|GFP 3UTR MPRA|CAD|mikl:Col27a1:850.0:1bc0e8ae5c2a6ce5,6a60af910c2da03e,2,3,2,AVAILABLE
mikl_gse173098,mikl_gse173098|mikl_gse173098|neurite_soma_mpra|GFP 3UTR MPRA|CAD|mikl:Col27a1:900.0:86ebe27ba77f0b67,6a60af910c2da03e,2,3,2,AVAILABLE
mikl_gse173098,mikl_gse173098|mikl_gse173098|neurite_soma_mpra|GFP 3UTR MPRA|CAD|mikl:Col3a1:0.0:dd4826239ebb51cf,8357ac4ed7db47fb,2,3,2,AVAILABLE
mikl_gse173098,mikl_gse173098|mikl_gse173098|neurite_soma_mpra|GFP 3UTR MPRA|CAD|mikl:Col3a1:50.0:09f5c0e5d51f606d,8357ac4ed7db47fb,2,3,2,AVAILABLE
mikl_gse173098,mikl_gse173098|mikl_gse173098|neurite_soma_mpra|GFP 3UTR MPRA|CAD|mikl:Col8a1:1600.0:18fbf6006842509f,b9c0ce1702d7ad24,2,3,2,AVAILABLE
mikl_gse173098,mikl_gse173098|mikl_gse173098|neurite_soma_mpra|GFP 3UTR MPRA|CAD|mikl:Col8a1:1650.0:ac143a9c02397071,b9c0ce1702d7ad24,2,3,2,AVAILABLE
mikl_gse173098,mikl_gse173098|mikl_gse173098|neurite_soma_mpra|GFP 3UTR MPRA|CAD|mikl:Colec12:1150.0:00213cf74da73900,57f1852b936c9984,2,3,2,AVAILABLE
mikl_gse173098,mikl_gse173098|mikl_gse173098|neurite_soma_mpra|GFP 3UTR MPRA|CAD|mikl:Colec12:1200.0:95d7090637ff1c58,57f1852b936c9984,2,3,2,AVAILABLE
mikl_gse173098,mikl_gse173098|mikl_gse173098|neurite_soma_mpra|GFP 3UTR MPRA|CAD|mikl:Colec12:1200.0:c6837066a7ba2ae3,57f1852b936c9984,4,3,4,AVAILABLE
mikl_gse173098,mikl_gse173098|mikl_gse173098|neurite_soma_mpra|GFP 3UTR MPRA|CAD|mikl:Colec12:1250.0:35865a7600f6949d,57f1852b936c9984,3,3,3,AVAILABLE
mikl_gse173098,mikl_gse173098|mikl_gse173098|neurite_soma_mpra|GFP 3UTR MPRA|CAD|mikl:Colec12:1250.0:b41d14e3e71d97ba,57f1852b936c9984,2,3,2,AVAILABLE
mikl_gse173098,mikl_gse173098|mikl_gse173098|neurite_soma_mpra|GFP 3UTR MPRA|CAD|mikl:Colec12:1300.0:23907453593aa725,57f1852b936c9984,2,3,2,AVAILABLE
mikl_gse173098,mikl_gse173098|mikl_gse173098|neurite_soma_mpra|GFP 3UTR MPRA|CAD|mikl:Colec12:1400.0:92a7585bf73672da,57f1852b936c9984,3,3,3,AVAILABLE
mikl_gse173098,mikl_gse173098|mikl_gse173098|neurite_soma_mpra|GFP 3UTR MPRA|CAD|mikl:Colec12:1450.0:7e4d2800ad5e46ac,57f1852b936c9984,2,3,2,AVAILABLE
mikl_gse173098,mikl_gse173098|mikl_gse173098|neurite_soma_mpra|GFP 3UTR MPRA|CAD|mikl:Colec12:150.0:e07aab7bddaeedce,57f1852b936c9984,2,3,2,AVAILABLE
mikl_gse173098,mikl_gse173098|mikl_gse173098|neurite_soma_mpra|GFP 3UTR MPRA|CAD|mikl:Colec12:1500.0:cf3cf08d8c103eea,57f1852b936c9984,2,3,2,AVAILABLE
mikl_gse173098,mikl_gse173098|mikl_gse173098|neurite_soma_mpra|GFP 3UTR MPRA|CAD|mikl:Colec12:2200.0:5959573bb0b56c75,57f1852b936c9984,2,3,2,AVAILABLE
mikl_gse173098,mikl_gse173098|mikl_gse173098|neurite_soma_mpra|GFP 3UTR MPRA|CAD|mikl:Colec12:250.0:1f63a6d1a9dcf3ac,57f1852b936c9984,2,3,2,AVAILABLE
mikl_gse173098,mikl_gse173098|mikl_gse173098|neurite_soma_mpra|GFP 3UTR MPRA|CAD|mikl:Colec12:250.0:63620282a1543e00,57f1852b936c9984,3,3,3,AVAILABLE
mikl_gse173098,mikl_gse173098|mikl_gse173098|neurite_soma_mpra|GFP 3UTR MPRA|CAD|mikl:Colec12:2750.0:eddfc446bc4e06f4,57f1852b936c9984,2,3,2,AVAILABLE
mikl_gse173098,mikl_gse173098|mikl_gse173098|neurite_soma_mpra|GFP 3UTR MPRA|CAD|mikl:Colec12:2850.0:8eba9ed6bde1159a,57f1852b936c9984,3,3,3,AVAILABLE
mikl_gse173098,mikl_gse173098|mikl_gse173098|neurite_soma_mpra|GFP 3UTR MPRA|CAD|mikl:Colec12:2900.0:33691831e4a861c1,57f1852b936c9984,4,3,4,AVAILABLE
mikl_gse173098,mikl_gse173098|mikl_gse173098|neurite_soma_mpra|GFP 3UTR MPRA|CAD|mikl:Colec12:2950.0:3cfebb0c880c379e,57f1852b936c9984,3,3,3,AVAILABLE
mikl_gse173098,mikl_gse173098|mikl_gse173098|neurite_soma_mpra|GFP 3UTR MPRA|CAD|mikl:Colec12:300.0:9e65195bd625214d,57f1852b936c9984,2,3,2,AVAILABLE
mikl_gse173098,mikl_gse173098|mikl_gse173098|neurite_soma_mpra|GFP 3UTR MPRA|CAD|mikl:Colec12:300.0:eefb67e906b5ed41,57f1852b936c9984,2,3,2,AVAILABLE
mikl_gse173098,mikl_gse173098|mikl_gse173098|neurite_soma_mpra|GFP 3UTR MPRA|CAD|mikl:Colec12:350.0:2f544f7f5093f76c,57f1852b936c9984,2,3,2,AVAILABLE
mikl_gse173098,mikl_gse173098|mikl_gse173098|neurite_soma_mpra|GFP 3UTR MPRA|CAD|mikl:Colec12:4400.0:1e229684c2eea5ed,57f1852b936c9984,3,3,3,AVAILABLE
mikl_gse173098,mikl_gse173098|mikl_gse173098|neurite_soma_mpra|GFP 3UTR MPRA|CAD|mikl:Colec12:550.0:2eea7b06a0801e69,57f1852b936c9984,2,3,2,AVAILABLE
mikl_gse173098,mikl_gse173098|mikl_gse173098|neurite_soma_mpra|GFP 3UTR MPRA|CAD|mikl:Cox8a:0.0:f0bf4027d0d38352,c320f4cc6d68ed2f,3,3,3,AVAILABLE
mikl_gse173098,mikl_gse173098|mikl_gse173098|neurite_soma_mpra|GFP 3UTR MPRA|CAD|mikl:Cox8a:100.0:a0b0a21a3c066cbd,c320f4cc6d68ed2f,3,3,3,AVAILABLE
mikl_gse173098,mikl_gse173098|mikl_gse173098|neurite_soma_mpra|GFP 3UTR MPRA|CAD|mikl:Cox8a:50.0:6bddac0dddf016bd,c320f4cc6d68ed2f,2,3,2,AVAILABLE
mikl_gse173098,mikl_gse173098|mikl_gse173098|neurite_soma_mpra|GFP 3UTR MPRA|CAD|mikl:Cplx2:1350.0:9dd429f59c592eb7,8cd334c62595cc73,3,3,3,AVAILABLE
mikl_gse173098,mikl_gse173098|mikl_gse173098|neurite_soma_mpra|GFP 3UTR MPRA|CAD|mikl:Cplx2:1400.0:00191a6b14e5d013,8cd334c62595cc73,3,3,3,AVAILABLE
mikl_gse173098,mikl_gse173098|mikl_gse173098|neurite_soma_mpra|GFP 3UTR MPRA|CAD|mikl:Cplx2:1700.0:26925d049736c196,8cd334c62595cc73,2,3,2,AVAILABLE
mikl_gse173098,mikl_gse173098|mikl_gse173098|neurite_soma_mpra|GFP 3UTR MPRA|CAD|mikl:Cplx2:1750.0:fcd92ae83041a41a,8cd334c62595cc73,2,3,2,AVAILABLE
mikl_gse173098,mikl_gse173098|mikl_gse173098|neurite_soma_mpra|GFP 3UTR MPRA|CAD|mikl:Cplx2:1950.0:1bbd1ce8d71dcab5,8cd334c62595cc73,2,3,2,AVAILABLE
mikl_gse173098,mikl_gse173098|mikl_gse173098|neurite_soma_mpra|GFP 3UTR MPRA|CAD|mikl:Cplx2:2000.0:a38f8507ddb1e062,8cd334c62595cc73,2,3,2,AVAILABLE
mikl_gse173098,mikl_gse173098|mikl_gse173098|neurite_soma_mpra|GFP 3UTR MPRA|CAD|mikl:Cplx2:2050.0:074ef311e1f106be,8cd334c62595cc73,2,3,2,AVAILABLE
mikl_gse173098,mikl_gse173098|mikl_gse173098|neurite_soma_mpra|GFP 3UTR MPRA|CAD|mikl:Cplx2:2300.0:4f0b6c746a4523aa,8cd334c62595cc73,2,3,2,AVAILABLE
mikl_gse173098,mikl_gse173098|mikl_gse173098|neurite_soma_mpra|GFP 3UTR MPRA|CAD|mikl:Cplx2:2350.0:32a08e1ab98a0e22,8cd334c62595cc73,3,3,3,AVAILABLE
mikl_gse173098,mikl_gse173098|mikl_gse173098|neurite_soma_mpra|GFP 3UTR MPRA|CAD|mikl:Cplx2:2400.0:b67c5a45626cfb40,8cd334c62595cc73,3,3,3,AVAILABLE
mikl_gse173098,mikl_gse173098|mikl_gse173098|neurite_soma_mpra|GFP 3UTR MPRA|CAD|mikl:Cplx2:3000.0:fee386f858d50273,8cd334c62595cc73,2,3,2,AVAILABLE
mikl_gse173098,mikl_gse173098|mikl_gse173098|neurite_soma_mpra|GFP 3UTR MPRA|CAD|mikl:Cplx2:3050.0:1260a401e0942bff,8cd334c62595cc73,3,3,3,AVAILABLE
mikl_gse173098,mikl_gse173098|mikl_gse173098|neurite_soma_mpra|GFP 3UTR MPRA|CAD|mikl:Cplx2:3750.0:e5eecc7d3c3fc49f,8cd334c62595cc73,2,3,2,AVAILABLE
mikl_gse173098,mikl_gse173098|mikl_gse173098|neurite_soma_mpra|GFP 3UTR MPRA|CAD|mikl:Cplx2:3800.0:37c629b217292637,8cd334c62595cc73,2,3,2,AVAILABLE
mikl_gse173098,mikl_gse173098|mikl_gse173098|neurite_soma_mpra|GFP 3UTR MPRA|CAD|mikl:Cplx2:3900.0:961cd32e624fb8f4,8cd334c62595cc73,2,3,2,AVAILABLE
mikl_gse173098,mikl_gse173098|mikl_gse173098|neurite_soma_mpra|GFP 3UTR MPRA|CAD|mikl:Cplx2:3950.0:a883a16ca09e1ddc,8cd334c62595cc73,3,3,3,AVAILABLE
mikl_gse173098,mikl_gse173098|mikl_gse173098|neurite_soma_mpra|GFP 3UTR MPRA|CAD|mikl:Cplx2:4000.0:9799c49eeab8e378,8cd334c62595cc73,2,3,2,AVAILABLE
mikl_gse173098,mikl_gse173098|mikl_gse173098|neurite_soma_mpra|GFP 3UTR MPRA|CAD|mikl:Cplx2:4050.0:a22635868c44be48,8cd334c62595cc73,3,3,3,AVAILABLE
mikl_gse173098,mikl_gse173098|mikl_gse173098|neurite_soma_mpra|GFP 3UTR MPRA|CAD|mikl:Cplx2:650.0:f09d8433d8b1dda0,8cd334c62595cc73,2,3,2,AVAILABLE
mikl_gse173098,mikl_gse173098|mikl_gse173098|neurite_soma_mpra|GFP 3UTR MPRA|CAD|mikl:Cplx2:700.0:372448c8de6bef4f,8cd334c62595cc73,2,3,2,AVAILABLE
mikl_gse173098,mikl_gse173098|mikl_gse173098|neurite_soma_mpra|GFP 3UTR MPRA|CAD|mikl:Cplx2:750.0:9bd39c068f9ad963,8cd334c62595cc73,2,3,2,AVAILABLE
mikl_gse173098,mikl_gse173098|mikl_gse173098|neurite_soma_mpra|GFP 3UTR MPRA|CAD|mikl:Ctdspl2:0.0:d12237fcecdc42bd,044c11b4a9bbe21c,2,3,2,AVAILABLE
mikl_gse173098,mikl_gse173098|mikl_gse173098|neurite_soma_mpra|GFP 3UTR MPRA|CAD|mikl:Cyp26b1:0.0:5a983e3ff5ac6e67,a310a859a82e35b8,5,3,5,AVAILABLE
mikl_gse173098,mikl_gse173098|mikl_gse173098|neurite_soma_mpra|GFP 3UTR MPRA|CAD|mikl:Cyp26b1:1000.0:bb954e86e30550a8,a310a859a82e35b8,2,3,2,AVAILABLE
mikl_gse173098,mikl_gse173098|mikl_gse173098|neurite_soma_mpra|GFP 3UTR MPRA|CAD|mikl:Cyp26b1:1100.0:814084f7d724a933,a310a859a82e35b8,2,3,2,AVAILABLE
mikl_gse173098,mikl_gse173098|mikl_gse173098|neurite_soma_mpra|GFP 3UTR MPRA|CAD|mikl:Cyp26b1:1150.0:c40b4e5141144b7f,a310a859a82e35b8,2,3,2,AVAILABLE
mikl_gse173098,mikl_gse173098|mikl_gse173098|neurite_soma_mpra|GFP 3UTR MPRA|CAD|mikl:Cyp26b1:1200.0:0cffd2ceea1e3b57,a310a859a82e35b8,3,3,3,AVAILABLE
mikl_gse173098,mikl_gse173098|mikl_gse173098|neurite_soma_mpra|GFP 3UTR MPRA|CAD|mikl:Cyp26b1:2200.0:cc11f2c435c0c85f,a310a859a82e35b8,2,3,2,AVAILABLE
mikl_gse173098,mikl_gse173098|mikl_gse173098|neurite_soma_mpra|GFP 3UTR MPRA|CAD|mikl:Cyp26b1:2250.0:ca80eae5f78b8245,a310a859a82e35b8,3,3,3,AVAILABLE
mikl_gse173098,mikl_gse173098|mikl_gse173098|neurite_soma_mpra|GFP 3UTR MPRA|CAD|mikl:Cyp26b1:2300.0:95c3ff9e7ae1cb6c,a310a859a82e35b8,3,3,3,AVAILABLE
mikl_gse173098,mikl_gse173098|mikl_gse173098|neurite_soma_mpra|GFP 3UTR MPRA|CAD|mikl:Cyp26b1:50.0:b9911d216974b1c0,a310a859a82e35b8,2,3,2,AVAILABLE
mikl_gse173098,mikl_gse173098|mikl_gse173098|neurite_soma_mpra|GFP 3UTR MPRA|CAD|mikl:Cyp26b1:700.0:40d879c124859d87,a310a859a82e35b8,2,3,2,AVAILABLE
mikl_gse173098,mikl_gse173098|mikl_gse173098|neurite_soma_mpra|GFP 3UTR MPRA|CAD|mikl:Cyp26b1:750.0:e9e65c7fb309772a,a310a859a82e35b8,2,3,2,AVAILABLE
mikl_gse173098,mikl_gse173098|mikl_gse173098|neurite_soma_mpra|GFP 3UTR MPRA|CAD|mikl:Dcdc2a:1550.0:b0e7e2de1014cbe4,9844d64e19958ff3,2,3,2,AVAILABLE
mikl_gse173098,mikl_gse173098|mikl_gse173098|neurite_soma_mpra|GFP 3UTR MPRA|CAD|mikl:Dcdc2a:1850.0:58763cd499a05507,9844d64e19958ff3,2,3,2,AVAILABLE
mikl_gse173098,mikl_gse173098|mikl_gse173098|neurite_soma_mpra|GFP 3UTR MPRA|CAD|mikl:Dcdc2a:1900.0:3f2ea886d4f12fde,9844d64e19958ff3,2,3,2,AVAILABLE
mikl_gse173098,mikl_gse173098|mikl_gse173098|neurite_soma_mpra|GFP 3UTR MPRA|CAD|mikl:Dcdc2a:3300.0:f49e4742144fdce8,9844d64e19958ff3,2,3,2,AVAILABLE
mikl_gse173098,mikl_gse173098|mikl_gse173098|neurite_soma_mpra|GFP 3UTR MPRA|CAD|mikl:Dcdc2a:350.0:5697d0179febdf7a,9844d64e19958ff3,2,3,2,AVAILABLE
mikl_gse173098,mikl_gse173098|mikl_gse173098|neurite_soma_mpra|GFP 3UTR MPRA|CAD|mikl:Dcdc2a:3550.0:f050473e0af239c1,9844d64e19958ff3,2,3,2,AVAILABLE
mikl_gse173098,mikl_gse173098|mikl_gse173098|neurite_soma_mpra|GFP 3UTR MPRA|CAD|mikl:Dcdc2a:3600.0:0db7a1cfac22978f,9844d64e19958ff3,2,3,2,AVAILABLE
mikl_gse173098,mikl_gse173098|mikl_gse173098|neurite_soma_mpra|GFP 3UTR MPRA|CAD|mikl:Dcdc2a:3650.0:5b227504af3c1bd4,9844d64e19958ff3,2,3,2,AVAILABLE
mikl_gse173098,mikl_gse173098|mikl_gse173098|neurite_soma_mpra|GFP 3UTR MPRA|CAD|mikl:Dcdc2a:4000.0:fb30c892bcf9c874,9844d64e19958ff3,4,3,4,AVAILABLE
mikl_gse173098,mikl_gse173098|mikl_gse173098|neurite_soma_mpra|GFP 3UTR MPRA|CAD|mikl:Dcdc2a:4050.0:574ceb0906ea7519,9844d64e19958ff3,4,3,4,AVAILABLE
mikl_gse173098,mikl_gse173098|mikl_gse173098|neurite_soma_mpra|GFP 3UTR MPRA|CAD|mikl:Dcdc2a:4100.0:c978139ec9a305e3,9844d64e19958ff3,4,3,4,AVAILABLE
mikl_gse173098,mikl_gse173098|mikl_gse173098|neurite_soma_mpra|GFP 3UTR MPRA|CAD|mikl:Ddc:0.0:82c4881b5076ec2b,a229bbfcaf5a7cf9,2,3,2,AVAILABLE
mikl_gse173098,mikl_gse173098|mikl_gse173098|neurite_soma_mpra|GFP 3UTR MPRA|CAD|mikl:Ddx58:100.0:d7e97e7a056e2516,706f29a53f7b9915,3,3,3,AVAILABLE
mikl_gse173098,mikl_gse173098|mikl_gse173098|neurite_soma_mpra|GFP 3UTR MPRA|CAD|mikl:Ddx58:150.0:115804dd0d234d46,706f29a53f7b9915,3,3,3,AVAILABLE
mikl_gse173098,mikl_gse173098|mikl_gse173098|neurite_soma_mpra|GFP 3UTR MPRA|CAD|mikl:Ddx58:200.0:040607d8866b75de,706f29a53f7b9915,2,3,2,AVAILABLE
mikl_gse173098,mikl_gse173098|mikl_gse173098|neurite_soma_mpra|GFP 3UTR MPRA|CAD|mikl:Disp2:0.0:b977c311091e3f9a,1c3b9ec9a9c90018,2,3,2,AVAILABLE
mikl_gse173098,mikl_gse173098|mikl_gse173098|neurite_soma_mpra|GFP 3UTR MPRA|CAD|mikl:Disp2:100.0:b06aaf771c4aafe0,1c3b9ec9a9c90018,3,3,3,AVAILABLE
mikl_gse173098,mikl_gse173098|mikl_gse173098|neurite_soma_mpra|GFP 3UTR MPRA|CAD|mikl:Disp2:1000.0:b9e3f608a53edb2b,1c3b9ec9a9c90018,2,3,2,AVAILABLE
mikl_gse173098,mikl_gse173098|mikl_gse173098|neurite_soma_mpra|GFP 3UTR MPRA|CAD|mikl:Disp2:1050.0:2e3c8830d731fe16,1c3b9ec9a9c90018,2,3,2,AVAILABLE
mikl_gse173098,mikl_gse173098|mikl_gse173098|neurite_soma_mpra|GFP 3UTR MPRA|CAD|mikl:Disp2:1100.0:c753658abed0d4ed,1c3b9ec9a9c90018,2,3,2,AVAILABLE
mikl_gse173098,mikl_gse173098|mikl_gse173098|neurite_soma_mpra|GFP 3UTR MPRA|CAD|mikl:Disp2:1150.0:3eeee90577c87478,1c3b9ec9a9c90018,2,3,2,AVAILABLE
mikl_gse173098,mikl_gse173098|mikl_gse173098|neurite_soma_mpra|GFP 3UTR MPRA|CAD|mikl:Disp2:1250.0:b760e4bafd5245b7,1c3b9ec9a9c90018,2,3,2,AVAILABLE
mikl_gse173098,mikl_gse173098|mikl_gse173098|neurite_soma_mpra|GFP 3UTR MPRA|CAD|mikl:Disp2:1300.0:1c388f47d7c26c0b,1c3b9ec9a9c90018,2,3,2,AVAILABLE
mikl_gse173098,mikl_gse173098|mikl_gse173098|neurite_soma_mpra|GFP 3UTR MPRA|CAD|mikl:Disp2:150.0:d943868a9d7a4129,1c3b9ec9a9c90018,3,3,3,AVAILABLE
mikl_gse173098,mikl_gse173098|mikl_gse173098|neurite_soma_mpra|GFP 3UTR MPRA|CAD|mikl:Disp2:1700.0:6c69d3b7f65294ab,1c3b9ec9a9c90018,2,3,2,AVAILABLE
mikl_gse173098,mikl_gse173098|mikl_gse173098|neurite_soma_mpra|GFP 3UTR MPRA|CAD|mikl:Disp2:400.0:525c38a1446f217f,1c3b9ec9a9c90018,3,3,3,AVAILABLE
mikl_gse173098,mikl_gse173098|mikl_gse173098|neurite_soma_mpra|GFP 3UTR MPRA|CAD|mikl:Disp2:450.0:a1a0b8d357266a9e,1c3b9ec9a9c90018,3,3,3,AVAILABLE
mikl_gse173098,mikl_gse173098|mikl_gse173098|neurite_soma_mpra|GFP 3UTR MPRA|CAD|mikl:Disp2:50.0:60cc8326db164cd9,1c3b9ec9a9c90018,3,3,3,AVAILABLE
mikl_gse173098,mikl_gse173098|mikl_gse173098|neurite_soma_mpra|GFP 3UTR MPRA|CAD|mikl:Disp2:50.0:afea2886c0560a1d,1c3b9ec9a9c90018,2,3,2,AVAILABLE
mikl_gse173098,mikl_gse173098|mikl_gse173098|neurite_soma_mpra|GFP 3UTR MPRA|CAD|mikl:Disp2:500.0:a846f190ffbc264e,1c3b9ec9a9c90018,2,3,2,AVAILABLE
mikl_gse173098,mikl_gse173098|mikl_gse173098|neurite_soma_mpra|GFP 3UTR MPRA|CAD|mikl:Disp2:900.0:382fa547a0f46ab8,1c3b9ec9a9c90018,2,3,2,AVAILABLE
mikl_gse173098,mikl_gse173098|mikl_gse173098|neurite_soma_mpra|GFP 3UTR MPRA|CAD|mikl:Disp2:950.0:35266a2328d161f4,1c3b9ec9a9c90018,4,3,4,AVAILABLE
mikl_gse173098,mikl_gse173098|mikl_gse173098|neurite_soma_mpra|GFP 3UTR MPRA|CAD|mikl:Dlg4:0.0:872369359ae0bb11,9a18a61a2a63e771,4,3,4,AVAILABLE
mikl_gse173098,mikl_gse173098|mikl_gse173098|neurite_soma_mpra|GFP 3UTR MPRA|CAD|mikl:Dlg4:0.0:f3d10e596c030d58,9a18a61a2a63e771,2,3,2,AVAILABLE
mikl_gse173098,mikl_gse173098|mikl_gse173098|neurite_soma_mpra|GFP 3UTR MPRA|CAD|mikl:Dlg4:100.0:9efc8a9a97194918,9a18a61a2a63e771,5,3,5,AVAILABLE
mikl_gse173098,mikl_gse173098|mikl_gse173098|neurite_soma_mpra|GFP 3UTR MPRA|CAD|mikl:Dlg4:100.0:a3fd6ccfc47f6099,9a18a61a2a63e771,2,3,2,AVAILABLE
mikl_gse173098,mikl_gse173098|mikl_gse173098|neurite_soma_mpra|GFP 3UTR MPRA|CAD|mikl:Dlg4:1000.0:5e6bd32c4df231f0,9a18a61a2a63e771,2,3,2,AVAILABLE
mikl_gse173098,mikl_gse173098|mikl_gse173098|neurite_soma_mpra|GFP 3UTR MPRA|CAD|mikl:Dlg4:1050.0:497680a81955e0e3,9a18a61a2a63e771,2,3,2,AVAILABLE
mikl_gse173098,mikl_gse173098|mikl_gse173098|neurite_soma_mpra|GFP 3UTR MPRA|CAD|mikl:Dlg4:1050.0:9820dbc4ea033368,9a18a61a2a63e771,2,3,2,AVAILABLE
mikl_gse173098,mikl_gse173098|mikl_gse173098|neurite_soma_mpra|GFP 3UTR MPRA|CAD|mikl:Dlg4:1100.0:35c9ddbb6d003eb1,9a18a61a2a63e771,5,3,5,AVAILABLE
mikl_gse173098,mikl_gse173098|mikl_gse173098|neurite_soma_mpra|GFP 3UTR MPRA|CAD|mikl:Dlg4:1150.0:7b01ebfc03e63c2c,9a18a61a2a63e771,8,3,8,AVAILABLE
mikl_gse173098,mikl_gse173098|mikl_gse173098|neurite_soma_mpra|GFP 3UTR MPRA|CAD|mikl:Dlg4:1200.0:9b5eb16d68b14f48,9a18a61a2a63e771,4,3,4,AVAILABLE
mikl_gse173098,mikl_gse173098|mikl_gse173098|neurite_soma_mpra|GFP 3UTR MPRA|CAD|mikl:Dlg4:1250.0:f04c2a4d86fc643f,9a18a61a2a63e771,2,3,2,AVAILABLE
mikl_gse173098,mikl_gse173098|mikl_gse173098|neurite_soma_mpra|GFP 3UTR MPRA|CAD|mikl:Dlg4:1300.0:425a11fdad57c20f,9a18a61a2a63e771,2,3,2,AVAILABLE
mikl_gse173098,mikl_gse173098|mikl_gse173098|neurite_soma_mpra|GFP 3UTR MPRA|CAD|mikl:Dlg4:1350.0:831e73b66597cfd3,9a18a61a2a63e771,3,3,3,AVAILABLE
mikl_gse173098,mikl_gse173098|mikl_gse173098|neurite_soma_mpra|GFP 3UTR MPRA|CAD|mikl:Dlg4:1400.0:ba2cf64faa9790d3,9a18a61a2a63e771,3,3,3,AVAILABLE
mikl_gse173098,mikl_gse173098|mikl_gse173098|neurite_soma_mpra|GFP 3UTR MPRA|CAD|mikl:Dlg4:1450.0:bcf9df132377f6d1,9a18a61a2a63e771,4,3,4,AVAILABLE
mikl_gse173098,mikl_gse173098|mikl_gse173098|neurite_soma_mpra|GFP 3UTR MPRA|CAD|mikl:Dlg4:1450.0:f351e02e355f858f,9a18a61a2a63e771,4,3,4,AVAILABLE
mikl_gse173098,mikl_gse173098|mikl_gse173098|neurite_soma_mpra|GFP 3UTR MPRA|CAD|mikl:Dlg4:150.0:4fcbb79ca293ab4a,9a18a61a2a63e771,2,3,2,AVAILABLE
mikl_gse173098,mikl_gse173098|mikl_gse173098|neurite_soma_mpra|GFP 3UTR MPRA|CAD|mikl:Dlg4:150.0:d56567d98a3ed262,9a18a61a2a63e771,2,3,2,AVAILABLE
mikl_gse173098,mikl_gse173098|mikl_gse173098|neurite_soma_mpra|GFP 3UTR MPRA|CAD|mikl:Dlg4:1500.0:b082e1af787597c2,9a18a61a2a63e771,4,3,4,AVAILABLE
mikl_gse173098,mikl_gse173098|mikl_gse173098|neurite_soma_mpra|GFP 3UTR MPRA|CAD|mikl:Dlg4:1500.0:fe89a65912a58c78,9a18a61a2a63e771,5,3,5,AVAILABLE
mikl_gse173098,mikl_gse173098|mikl_gse173098|neurite_soma_mpra|GFP 3UTR MPRA|CAD|mikl:Dlg4:1550.0:724fc3ffbcd1c129,9a18a61a2a63e771,4,3,4,AVAILABLE
mikl_gse173098,mikl_gse173098|mikl_gse173098|neurite_soma_mpra|GFP 3UTR MPRA|CAD|mikl:Dlg4:1550.0:b5a973432a923e67,9a18a61a2a63e771,2,3,2,AVAILABLE
mikl_gse173098,mikl_gse173098|mikl_gse173098|neurite_soma_mpra|GFP 3UTR MPRA|CAD|mikl:Dlg4:1600.0:4f46d2f96447db2e,9a18a61a2a63e771,2,3,2,AVAILABLE
mikl_gse173098,mikl_gse173098|mikl_gse173098|neurite_soma_mpra|GFP 3UTR MPRA|CAD|mikl:Dlg4:1650.0:87800b5465dd532b,9a18a61a2a63e771,2,3,2,AVAILABLE
mikl_gse173098,mikl_gse173098|mikl_gse173098|neurite_soma_mpra|GFP 3UTR MPRA|CAD|mikl:Dlg4:1700.0:8b5c0ea665b402d7,9a18a61a2a63e771,2,3,2,AVAILABLE
mikl_gse173098,mikl_gse173098|mikl_gse173098|neurite_soma_mpra|GFP 3UTR MPRA|CAD|mikl:Dlg4:1750.0:3b4d22203c8d35f5,9a18a61a2a63e771,2,3,2,AVAILABLE
mikl_gse173098,mikl_gse173098|mikl_gse173098|neurite_soma_mpra|GFP 3UTR MPRA|CAD|mikl:Dlg4:1800.0:b62e336d5eabe0e4,9a18a61a2a63e771,2,3,2,AVAILABLE
mikl_gse173098,mikl_gse173098|mikl_gse173098|neurite_soma_mpra|GFP 3UTR MPRA|CAD|mikl:Dlg4:1850.0:6e69ff0e6b4efa3f,9a18a61a2a63e771,2,3,2,AVAILABLE
mikl_gse173098,mikl_gse173098|mikl_gse173098|neurite_soma_mpra|GFP 3UTR MPRA|CAD|mikl:Dlg4:1900.0:b21993a02916fac2,9a18a61a2a63e771,2,3,2,AVAILABLE
mikl_gse173098,mikl_gse173098|mikl_gse173098|neurite_soma_mpra|GFP 3UTR MPRA|CAD|mikl:Dlg4:1950.0:1337b6b9f62ead80,9a18a61a2a63e771,2,3,2,AVAILABLE
mikl_gse173098,mikl_gse173098|mikl_gse173098|neurite_soma_mpra|GFP 3UTR MPRA|CAD|mikl:Dlg4:200.0:8e3cd1522583aaa4,9a18a61a2a63e771,2,3,2,AVAILABLE
mikl_gse173098,mikl_gse173098|mikl_gse173098|neurite_soma_mpra|GFP 3UTR MPRA|CAD|mikl:Dlg4:200.0:983ac652beb86929,9a18a61a2a63e771,4,3,4,AVAILABLE
mikl_gse173098,mikl_gse173098|mikl_gse173098|neurite_soma_mpra|GFP 3UTR MPRA|CAD|mikl:Dlg4:2000.0:baea840932de47c9,9a18a61a2a63e771,2,3,2,AVAILABLE
mikl_gse173098,mikl_gse173098|mikl_gse173098|neurite_soma_mpra|GFP 3UTR MPRA|CAD|mikl:Dlg4:2050.0:8cadf7bb5148738a,9a18a61a2a63e771,2,3,2,AVAILABLE
mikl_gse173098,mikl_gse173098|mikl_gse173098|neurite_soma_mpra|GFP 3UTR MPRA|CAD|mikl:Dlg4:2050.0:f2f2e7bc8cd16851,9a18a61a2a63e771,2,3,2,AVAILABLE
mikl_gse173098,mikl_gse173098|mikl_gse173098|neurite_soma_mpra|GFP 3UTR MPRA|CAD|mikl:Dlg4:2100.0:efc3f89b81dbfbef,9a18a61a2a63e771,2,3,2,AVAILABLE
mikl_gse173098,mikl_gse173098|mikl_gse173098|neurite_soma_mpra|GFP 3UTR MPRA|CAD|mikl:Dlg4:2150.0:5cfd3568475128cd,9a18a61a2a63e771,2,3,2,AVAILABLE
mikl_gse173098,mikl_gse173098|mikl_gse173098|neurite_soma_mpra|GFP 3UTR MPRA|CAD|mikl:Dlg4:2150.0:c0a5e0a0302101c3,9a18a61a2a63e771,3,3,3,AVAILABLE
mikl_gse173098,mikl_gse173098|mikl_gse173098|neurite_soma_mpra|GFP 3UTR MPRA|CAD|mikl:Dlg4:2200.0:15387e0220087d43,9a18a61a2a63e771,2,3,2,AVAILABLE
mikl_gse173098,mikl_gse173098|mikl_gse173098|neurite_soma_mpra|GFP 3UTR MPRA|CAD|mikl:Dlg4:2200.0:aad7c23448a39501,9a18a61a2a63e771,2,3,2,AVAILABLE
mikl_gse173098,mikl_gse173098|mikl_gse173098|neurite_soma_mpra|GFP 3UTR MPRA|CAD|mikl:Dlg4:2250.0:15cc01e7f8c672c4,9a18a61a2a63e771,2,3,2,AVAILABLE
mikl_gse173098,mikl_gse173098|mikl_gse173098|neurite_soma_mpra|GFP 3UTR MPRA|CAD|mikl:Dlg4:2250.0:639ea5801e8fdbdf,9a18a61a2a63e771,2,3,2,AVAILABLE
mikl_gse173098,mikl_gse173098|mikl_gse173098|neurite_soma_mpra|GFP 3UTR MPRA|CAD|mikl:Dlg4:2300.0:49e05d00fbe2a91c,9a18a61a2a63e771,3,3,3,AVAILABLE
mikl_gse173098,mikl_gse173098|mikl_gse173098|neurite_soma_mpra|GFP 3UTR MPRA|CAD|mikl:Dlg4:2350.0:5de6079f1a93a180,9a18a61a2a63e771,4,3,4,AVAILABLE
mikl_gse173098,mikl_gse173098|mikl_gse173098|neurite_soma_mpra|GFP 3UTR MPRA|CAD|mikl:Dlg4:2400.0:8bea815b5e90e486,9a18a61a2a63e771,5,3,5,AVAILABLE
mikl_gse173098,mikl_gse173098|mikl_gse173098|neurite_soma_mpra|GFP 3UTR MPRA|CAD|mikl:Dlg4:2450.0:589f52064d31c185,9a18a61a2a63e771,2,3,2,AVAILABLE
mikl_gse173098,mikl_gse173098|mikl_gse173098|neurite_soma_mpra|GFP 3UTR MPRA|CAD|mikl:Dlg4:250.0:3bc476fcd37f57d0,9a18a61a2a63e771,4,3,4,AVAILABLE
mikl_gse173098,mikl_gse173098|mikl_gse173098|neurite_soma_mpra|GFP 3UTR MPRA|CAD|mikl:Dlg4:250.0:3f363c6170c7ad7e,9a18a61a2a63e771,2,3,2,AVAILABLE
mikl_gse173098,mikl_gse173098|mikl_gse173098|neurite_soma_mpra|GFP 3UTR MPRA|CAD|mikl:Dlg4:2500.0:28cc4189aac8a801,9a18a61a2a63e771,2,3,2,AVAILABLE
mikl_gse173098,mikl_gse173098|mikl_gse173098|neurite_soma_mpra|GFP 3UTR MPRA|CAD|mikl:Dlg4:2600.0:0560ee4b2b8e2a03,9a18a61a2a63e771,2,3,2,AVAILABLE
mikl_gse173098,mikl_gse173098|mikl_gse173098|neurite_soma_mpra|GFP 3UTR MPRA|CAD|mikl:Dlg4:2650.0:c08adba50d6536ed,9a18a61a2a63e771,2,3,2,AVAILABLE
mikl_gse173098,mikl_gse173098|mikl_gse173098|neurite_soma_mpra|GFP 3UTR MPRA|CAD|mikl:Dlg4:2700.0:fb40762b84a5c5e4,9a18a61a2a63e771,2,3,2,AVAILABLE
mikl_gse173098,mikl_gse173098|mikl_gse173098|neurite_soma_mpra|GFP 3UTR MPRA|CAD|mikl:Dlg4:2750.0:152f3c97002d638e,9a18a61a2a63e771,4,3,4,AVAILABLE
mikl_gse173098,mikl_gse173098|mikl_gse173098|neurite_soma_mpra|GFP 3UTR MPRA|CAD|mikl:Dlg4:2800.0:b0223637d50bb1ef,9a18a61a2a63e771,4,3,4,AVAILABLE
mikl_gse173098,mikl_gse173098|mikl_gse173098|neurite_soma_mpra|GFP 3UTR MPRA|CAD|mikl:Dlg4:2850.0:52c47ea8d05593df,9a18a61a2a63e771,2,3,2,AVAILABLE
mikl_gse173098,mikl_gse173098|mikl_gse173098|neurite_soma_mpra|GFP 3UTR MPRA|CAD|mikl:Dlg4:2950.0:326906aea8ca6d73,9a18a61a2a63e771,2,3,2,AVAILABLE
mikl_gse173098,mikl_gse173098|mikl_gse173098|neurite_soma_mpra|GFP 3UTR MPRA|CAD|mikl:Dlg4:300.0:0334c59139d58ff1,9a18a61a2a63e771,4,3,4,AVAILABLE
mikl_gse173098,mikl_gse173098|mikl_gse173098|neurite_soma_mpra|GFP 3UTR MPRA|CAD|mikl:Dlg4:300.0:66322af21d6e1602,9a18a61a2a63e771,5,3,5,AVAILABLE
mikl_gse173098,mikl_gse173098|mikl_gse173098|neurite_soma_mpra|GFP 3UTR MPRA|CAD|mikl:Dlg4:300.0:d195f8d6f86455e7,9a18a61a2a63e771,3,3,3,AVAILABLE
mikl_gse173098,mikl_gse173098|mikl_gse173098|neurite_soma_mpra|GFP 3UTR MPRA|CAD|mikl:Dlg4:3100.0:346a9ea921249361,9a18a61a2a63e771,3,3,3,AVAILABLE
mikl_gse173098,mikl_gse173098|mikl_gse173098|neurite_soma_mpra|GFP 3UTR MPRA|CAD|mikl:Dlg4:3250.0:a48a1f5e0890bba8,9a18a61a2a63e771,2,3,2,AVAILABLE
mikl_gse173098,mikl_gse173098|mikl_gse173098|neurite_soma_mpra|GFP 3UTR MPRA|CAD|mikl:Dlg4:3350.0:1fe9060cf9dcc4c7,9a18a61a2a63e771,2,3,2,AVAILABLE
mikl_gse173098,mikl_gse173098|mikl_gse173098|neurite_soma_mpra|GFP 3UTR MPRA|CAD|mikl:Dlg4:350.0:76c02b45eafda458,9a18a61a2a63e771,4,3,4,AVAILABLE
mikl_gse173098,mikl_gse173098|mikl_gse173098|neurite_soma_mpra|GFP 3UTR MPRA|CAD|mikl:Dlg4:3550.0:59f1b5aaa3aefd70,9a18a61a2a63e771,2,3,2,AVAILABLE
mikl_gse173098,mikl_gse173098|mikl_gse173098|neurite_soma_mpra|GFP 3UTR MPRA|CAD|mikl:Dlg4:3600.0:50988bad26b18321,9a18a61a2a63e771,4,3,4,AVAILABLE
mikl_gse173098,mikl_gse173098|mikl_gse173098|neurite_soma_mpra|GFP 3UTR MPRA|CAD|mikl:Dlg4:3650.0:bba877e8b717b4fc,9a18a61a2a63e771,3,3,3,AVAILABLE
mikl_gse173098,mikl_gse173098|mikl_gse173098|neurite_soma_mpra|GFP 3UTR MPRA|CAD|mikl:Dlg4:3700.0:16f131283162ea6a,9a18a61a2a63e771,4,3,4,AVAILABLE
mikl_gse173098,mikl_gse173098|mikl_gse173098|neurite_soma_mpra|GFP 3UTR MPRA|CAD|mikl:Dlg4:3800.0:b9250dd873683f2c,9a18a61a2a63e771,2,3,2,AVAILABLE
mikl_gse173098,mikl_gse173098|mikl_gse173098|neurite_soma_mpra|GFP 3UTR MPRA|CAD|mikl:Dlg4:400.0:e9549dc2ea384a4c,9a18a61a2a63e771,8,3,8,AVAILABLE
mikl_gse173098,mikl_gse173098|mikl_gse173098|neurite_soma_mpra|GFP 3UTR MPRA|CAD|mikl:Dlg4:4050.0:a8711a1118756a71,9a18a61a2a63e771,2,3,2,AVAILABLE
mikl_gse173098,mikl_gse173098|mikl_gse173098|neurite_soma_mpra|GFP 3UTR MPRA|CAD|mikl:Dlg4:4100.0:2b7f7b8f66bc5c65,9a18a61a2a63e771,2,3,2,AVAILABLE
mikl_gse173098,mikl_gse173098|mikl_gse173098|neurite_soma_mpra|GFP 3UTR MPRA|CAD|mikl:Dlg4:4150.0:66c013553a522023,9a18a61a2a63e771,2,3,2,AVAILABLE
mikl_gse173098,mikl_gse173098|mikl_gse173098|neurite_soma_mpra|GFP 3UTR MPRA|CAD|mikl:Dlg4:4300.0:0fa54b490735c693,9a18a61a2a63e771,2,3,2,AVAILABLE
mikl_gse173098,mikl_gse173098|mikl_gse173098|neurite_soma_mpra|GFP 3UTR MPRA|CAD|mikl:Dlg4:4350.0:20a9012b2571e000,9a18a61a2a63e771,2,3,2,AVAILABLE
mikl_gse173098,mikl_gse173098|mikl_gse173098|neurite_soma_mpra|GFP 3UTR MPRA|CAD|mikl:Dlg4:450.0:67e5bc608b3a8ffd,9a18a61a2a63e771,3,3,3,AVAILABLE
mikl_gse173098,mikl_gse173098|mikl_gse173098|neurite_soma_mpra|GFP 3UTR MPRA|CAD|mikl:Dlg4:450.0:936716f48dc3f5db,9a18a61a2a63e771,2,3,2,AVAILABLE
mikl_gse173098,mikl_gse173098|mikl_gse173098|neurite_soma_mpra|GFP 3UTR MPRA|CAD|mikl:Dlg4:4700.0:fa10d754491c9545,9a18a61a2a63e771,2,3,2,AVAILABLE
mikl_gse173098,mikl_gse173098|mikl_gse173098|neurite_soma_mpra|GFP 3UTR MPRA|CAD|mikl:Dlg4:4850.0:d5257cc3696f1d2a,9a18a61a2a63e771,2,3,2,AVAILABLE
mikl_gse173098,mikl_gse173098|mikl_gse173098|neurite_soma_mpra|GFP 3UTR MPRA|CAD|mikl:Dlg4:4900.0:2c99c87889ffdadd,9a18a61a2a63e771,4,3,4,AVAILABLE
mikl_gse173098,mikl_gse173098|mikl_gse173098|neurite_soma_mpra|GFP 3UTR MPRA|CAD|mikl:Dlg4:4950.0:41e22919f5a2e813,9a18a61a2a63e771,3,3,3,AVAILABLE
mikl_gse173098,mikl_gse173098|mikl_gse173098|neurite_soma_mpra|GFP 3UTR MPRA|CAD|mikl:Dlg4:50.0:42a30d99d4932221,9a18a61a2a63e771,3,3,3,AVAILABLE
mikl_gse173098,mikl_gse173098|mikl_gse173098|neurite_soma_mpra|GFP 3UTR MPRA|CAD|mikl:Dlg4:50.0:773cea70c8c9a249,9a18a61a2a63e771,2,3,2,AVAILABLE
mikl_gse173098,mikl_gse173098|mikl_gse173098|neurite_soma_mpra|GFP 3UTR MPRA|CAD|mikl:Dlg4:50.0:f674a53f0994a362,9a18a61a2a63e771,2,3,2,AVAILABLE
mikl_gse173098,mikl_gse173098|mikl_gse173098|neurite_soma_mpra|GFP 3UTR MPRA|CAD|mikl:Dlg4:500.0:4aaad6aa802f643a,9a18a61a2a63e771,2,3,2,AVAILABLE
mikl_gse173098,mikl_gse173098|mikl_gse173098|neurite_soma_mpra|GFP 3UTR MPRA|CAD|mikl:Dlg4:5000.0:69b15fbcd5134305,9a18a61a2a63e771,4,3,4,AVAILABLE
mikl_gse173098,mikl_gse173098|mikl_gse173098|neurite_soma_mpra|GFP 3UTR MPRA|CAD|mikl:Dlg4:5050.0:9160b201e05f280b,9a18a61a2a63e771,2,3,2,AVAILABLE
mikl_gse173098,mikl_gse173098|mikl_gse173098|neurite_soma_mpra|GFP 3UTR MPRA|CAD|mikl:Dlg4:5200.0:f14089646df60352,9a18a61a2a63e771,3,3,3,AVAILABLE
mikl_gse173098,mikl_gse173098|mikl_gse173098|neurite_soma_mpra|GFP 3UTR MPRA|CAD|mikl:Dlg4:5250.0:0e41cf59d716a9c0,9a18a61a2a63e771,6,3,6,AVAILABLE
mikl_gse173098,mikl_gse173098|mikl_gse173098|neurite_soma_mpra|GFP 3UTR MPRA|CAD|mikl:Dlg4:550.0:4f77c18ca7d8ac23,9a18a61a2a63e771,2,3,2,AVAILABLE
mikl_gse173098,mikl_gse173098|mikl_gse173098|neurite_soma_mpra|GFP 3UTR MPRA|CAD|mikl:Dlg4:550.0:c8096c117c648552,9a18a61a2a63e771,4,3,4,AVAILABLE
mikl_gse173098,mikl_gse173098|mikl_gse173098|neurite_soma_mpra|GFP 3UTR MPRA|CAD|mikl:Dlg4:600.0:33c4daef1c8d2038,9a18a61a2a63e771,2,3,2,AVAILABLE
mikl_gse173098,mikl_gse173098|mikl_gse173098|neurite_soma_mpra|GFP 3UTR MPRA|CAD|mikl:Dlg4:600.0:9568bfd284aa2f6d,9a18a61a2a63e771,6,3,6,AVAILABLE
mikl_gse173098,mikl_gse173098|mikl_gse173098|neurite_soma_mpra|GFP 3UTR MPRA|CAD|mikl:Dlg4:650.0:a9916f8d41363ff7,9a18a61a2a63e771,5,3,5,AVAILABLE
mikl_gse173098,mikl_gse173098|mikl_gse173098|neurite_soma_mpra|GFP 3UTR MPRA|CAD|mikl:Dlg4:700.0:4dcf70efe7cb9432,9a18a61a2a63e771,6,3,6,AVAILABLE
mikl_gse173098,mikl_gse173098|mikl_gse173098|neurite_soma_mpra|GFP 3UTR MPRA|CAD|mikl:Dlg4:750.0:3754f05dd426687e,9a18a61a2a63e771,2,3,2,AVAILABLE
mikl_gse173098,mikl_gse173098|mikl_gse173098|neurite_soma_mpra|GFP 3UTR MPRA|CAD|mikl:Dlg4:750.0:74bdb1762f1aa118,9a18a61a2a63e771,6,3,6,AVAILABLE
mikl_gse173098,mikl_gse173098|mikl_gse173098|neurite_soma_mpra|GFP 3UTR MPRA|CAD|mikl:Dlg4:800.0:b63160d28f523371,9a18a61a2a63e771,6,3,6,AVAILABLE
mikl_gse173098,mikl_gse173098|mikl_gse173098|neurite_soma_mpra|GFP 3UTR MPRA|CAD|mikl:Dlg4:850.0:ec71c38153612279,9a18a61a2a63e771,8,3,8,AVAILABLE
mikl_gse173098,mikl_gse173098|mikl_gse173098|neurite_soma_mpra|GFP 3UTR MPRA|CAD|mikl:Dlg4:900.0:45c59fc77ee42d35,9a18a61a2a63e771,4,3,4,AVAILABLE
mikl_gse173098,mikl_gse173098|mikl_gse173098|neurite_soma_mpra|GFP 3UTR MPRA|CAD|mikl:Dlg4:950.0:1bb04b5a17986c8c,9a18a61a2a63e771,3,3,3,AVAILABLE
mikl_gse173098,mikl_gse173098|mikl_gse173098|neurite_soma_mpra|GFP 3UTR MPRA|CAD|mikl:Dock8:550.0:f39d531d71baa318,aeed1b500d7dc380,2,3,2,AVAILABLE
mikl_gse173098,mikl_gse173098|mikl_gse173098|neurite_soma_mpra|GFP 3UTR MPRA|CAD|mikl:Dock8:600.0:6cb2aabd429c05e4,aeed1b500d7dc380,2,3,2,AVAILABLE
mikl_gse173098,mikl_gse173098|mikl_gse173098|neurite_soma_mpra|GFP 3UTR MPRA|CAD|mikl:Dock8:900.0:57414fec78211f73,aeed1b500d7dc380,2,3,2,AVAILABLE
mikl_gse173098,mikl_gse173098|mikl_gse173098|neurite_soma_mpra|GFP 3UTR MPRA|CAD|mikl:Dtx3l:1050.0:cac7e2f49abb573f,e20abc0a55e4d196,2,3,2,AVAILABLE
mikl_gse173098,mikl_gse173098|mikl_gse173098|neurite_soma_mpra|GFP 3UTR MPRA|CAD|mikl:Dtx3l:1100.0:4d1d4635ea3b8787,e20abc0a55e4d196,2,3,2,AVAILABLE
mikl_gse173098,mikl_gse173098|mikl_gse173098|neurite_soma_mpra|GFP 3UTR MPRA|CAD|mikl:Dtx3l:1150.0:4d15b5a4d250b5e0,e20abc0a55e4d196,2,3,2,AVAILABLE
mikl_gse173098,mikl_gse173098|mikl_gse173098|neurite_soma_mpra|GFP 3UTR MPRA|CAD|mikl:Dtx3l:1200.0:81b5c5c5ff123526,e20abc0a55e4d196,2,3,2,AVAILABLE
mikl_gse173098,mikl_gse173098|mikl_gse173098|neurite_soma_mpra|GFP 3UTR MPRA|CAD|mikl:Dtx3l:2550.0:d42755bad958d833,e20abc0a55e4d196,2,3,2,AVAILABLE
mikl_gse173098,mikl_gse173098|mikl_gse173098|neurite_soma_mpra|GFP 3UTR MPRA|CAD|mikl:Dtx3l:2600.0:8bc4a598c13807ba,e20abc0a55e4d196,4,3,4,AVAILABLE
mikl_gse173098,mikl_gse173098|mikl_gse173098|neurite_soma_mpra|GFP 3UTR MPRA|CAD|mikl:Dtx3l:550.0:50448b7c6be3bb06,e20abc0a55e4d196,2,3,2,AVAILABLE
mikl_gse173098,mikl_gse173098|mikl_gse173098|neurite_soma_mpra|GFP 3UTR MPRA|CAD|mikl:Dtx3l:600.0:ef7177d0756428f9,e20abc0a55e4d196,2,3,2,AVAILABLE
mikl_gse173098,mikl_gse173098|mikl_gse173098|neurite_soma_mpra|GFP 3UTR MPRA|CAD|mikl:Dusp18:2400.0:31deaa8333076d1c,6abeefd42811260b,2,3,2,AVAILABLE
mikl_gse173098,mikl_gse173098|mikl_gse173098|neurite_soma_mpra|GFP 3UTR MPRA|CAD|mikl:Dusp18:2700.0:8ef1b22c8a2b5791,6abeefd42811260b,2,3,2,AVAILABLE
mikl_gse173098,mikl_gse173098|mikl_gse173098|neurite_soma_mpra|GFP 3UTR MPRA|CAD|mikl:Dusp18:2850.0:dfbfadd600af2223,6abeefd42811260b,3,3,3,AVAILABLE
mikl_gse173098,mikl_gse173098|mikl_gse173098|neurite_soma_mpra|GFP 3UTR MPRA|CAD|mikl:Dusp18:2900.0:573dc542c438c7a8,6abeefd42811260b,3,3,3,AVAILABLE
mikl_gse173098,mikl_gse173098|mikl_gse173098|neurite_soma_mpra|GFP 3UTR MPRA|CAD|mikl:Dusp18:3500.0:5122ba8d730f76f0,6abeefd42811260b,2,3,2,AVAILABLE
mikl_gse173098,mikl_gse173098|mikl_gse173098|neurite_soma_mpra|GFP 3UTR MPRA|CAD|mikl:Ebf1:2350.0:07dc7f1c116c5a3f,98870faabce27eb6,2,3,2,AVAILABLE
mikl_gse173098,mikl_gse173098|mikl_gse173098|neurite_soma_mpra|GFP 3UTR MPRA|CAD|mikl:Ebf1:2400.0:db633ecd5268f690,98870faabce27eb6,4,3,4,AVAILABLE
mikl_gse173098,mikl_gse173098|mikl_gse173098|neurite_soma_mpra|GFP 3UTR MPRA|CAD|mikl:Ebf1:300.0:71377d1bf42b7926,98870faabce27eb6,2,3,2,AVAILABLE
mikl_gse173098,mikl_gse173098|mikl_gse173098|neurite_soma_mpra|GFP 3UTR MPRA|CAD|mikl:Ebf1:800.0:9d80aa51742e3493,98870faabce27eb6,2,3,2,AVAILABLE
mikl_gse173098,mikl_gse173098|mikl_gse173098|neurite_soma_mpra|GFP 3UTR MPRA|CAD|mikl:Ebf1:850.0:8ffba097265fd999,98870faabce27eb6,2,3,2,AVAILABLE
mikl_gse173098,mikl_gse173098|mikl_gse173098|neurite_soma_mpra|GFP 3UTR MPRA|CAD|mikl:Ebf1:900.0:19a347cd42e54091,98870faabce27eb6,2,3,2,AVAILABLE
mikl_gse173098,mikl_gse173098|mikl_gse173098|neurite_soma_mpra|GFP 3UTR MPRA|CAD|mikl:Eef2:100.0:be0a66316409d6a9,640f3876f2eba97b,2,3,2,AVAILABLE
mikl_gse173098,mikl_gse173098|mikl_gse173098|neurite_soma_mpra|GFP 3UTR MPRA|CAD|mikl:Eef2:150.0:4a80e3a428a84590,640f3876f2eba97b,2,3,2,AVAILABLE
mikl_gse173098,mikl_gse173098|mikl_gse173098|neurite_soma_mpra|GFP 3UTR MPRA|CAD|mikl:Egf:1600.0:3636de7afe802d95,03c615457e05403d,2,3,2,AVAILABLE
mikl_gse173098,mikl_gse173098|mikl_gse173098|neurite_soma_mpra|GFP 3UTR MPRA|CAD|mikl:Egf:1900.0:14c0b59ee7db1c7d,03c615457e05403d,3,3,3,AVAILABLE
mikl_gse173098,mikl_gse173098|mikl_gse173098|neurite_soma_mpra|GFP 3UTR MPRA|CAD|mikl:Egf:1950.0:9c680a928618fcd3,03c615457e05403d,2,3,2,AVAILABLE
mikl_gse173098,mikl_gse173098|mikl_gse173098|neurite_soma_mpra|GFP 3UTR MPRA|CAD|mikl:Egf:200.0:c4bc927421e86137,03c615457e05403d,2,3,2,AVAILABLE
mikl_gse173098,mikl_gse173098|mikl_gse173098|neurite_soma_mpra|GFP 3UTR MPRA|CAD|mikl:Egf:2000.0:997f082f34e8d67a,03c615457e05403d,3,3,3,AVAILABLE
mikl_gse173098,mikl_gse173098|mikl_gse173098|neurite_soma_mpra|GFP 3UTR MPRA|CAD|mikl:Egf:2400.0:5c1e01b105a25350,03c615457e05403d,2,3,2,AVAILABLE
mikl_gse173098,mikl_gse173098|mikl_gse173098|neurite_soma_mpra|GFP 3UTR MPRA|CAD|mikl:Egf:2450.0:053d2f23edc2146d,03c615457e05403d,2,3,2,AVAILABLE
mikl_gse173098,mikl_gse173098|mikl_gse173098|neurite_soma_mpra|GFP 3UTR MPRA|CAD|mikl:Egf:2900.0:fc66292a37ef19cc,03c615457e05403d,2,3,2,AVAILABLE
mikl_gse173098,mikl_gse173098|mikl_gse173098|neurite_soma_mpra|GFP 3UTR MPRA|CAD|mikl:Egf:2950.0:98a3736cdb6899ce,03c615457e05403d,2,3,2,AVAILABLE
mikl_gse173098,mikl_gse173098|mikl_gse173098|neurite_soma_mpra|GFP 3UTR MPRA|CAD|mikl:Eif3f:100.0:8c4d51e22b73c7ec,688e94039c09acf6,2,3,2,AVAILABLE
mikl_gse173098,mikl_gse173098|mikl_gse173098|neurite_soma_mpra|GFP 3UTR MPRA|CAD|mikl:Eif3f:150.0:557cc67536b7d1e0,688e94039c09acf6,2,3,2,AVAILABLE
mikl_gse173098,mikl_gse173098|mikl_gse173098|neurite_soma_mpra|GFP 3UTR MPRA|CAD|mikl:Eif3f:200.0:2ac84089049e2852,688e94039c09acf6,3,3,3,AVAILABLE
mikl_gse173098,mikl_gse173098|mikl_gse173098|neurite_soma_mpra|GFP 3UTR MPRA|CAD|mikl:Eif3f:650.0:bece60509ee25e4d,688e94039c09acf6,2,3,2,AVAILABLE
mikl_gse173098,mikl_gse173098|mikl_gse173098|neurite_soma_mpra|GFP 3UTR MPRA|CAD|mikl:Ern1:100.0:1cadb708cab3b501,4fd8472f08966118,2,3,2,AVAILABLE
mikl_gse173098,mikl_gse173098|mikl_gse173098|neurite_soma_mpra|GFP 3UTR MPRA|CAD|mikl:Ern1:1250.0:4d50402e0f7ffdc0,4fd8472f08966118,3,3,3,AVAILABLE
mikl_gse173098,mikl_gse173098|mikl_gse173098|neurite_soma_mpra|GFP 3UTR MPRA|CAD|mikl:Ern1:450.0:7646f54365e09482,4fd8472f08966118,2,3,2,AVAILABLE
mikl_gse173098,mikl_gse173098|mikl_gse173098|neurite_soma_mpra|GFP 3UTR MPRA|CAD|mikl:Ern1:600.0:399f792267c07032,4fd8472f08966118,2,3,2,AVAILABLE
mikl_gse173098,mikl_gse173098|mikl_gse173098|neurite_soma_mpra|GFP 3UTR MPRA|CAD|mikl:Ern1:700.0:c599f3acac789dbc,4fd8472f08966118,3,3,3,AVAILABLE
mikl_gse173098,mikl_gse173098|mikl_gse173098|neurite_soma_mpra|GFP 3UTR MPRA|CAD|mikl:Ern1:750.0:d413c5077018094f,4fd8472f08966118,3,3,3,AVAILABLE
mikl_gse173098,mikl_gse173098|mikl_gse173098|neurite_soma_mpra|GFP 3UTR MPRA|CAD|mikl:Esr1:1250.0:357e509c10e78704,5097003a71c9cfad,2,3,2,AVAILABLE
mikl_gse173098,mikl_gse173098|mikl_gse173098|neurite_soma_mpra|GFP 3UTR MPRA|CAD|mikl:Esr1:1300.0:38dacb48fcb6cfd3,5097003a71c9cfad,2,3,2,AVAILABLE
mikl_gse173098,mikl_gse173098|mikl_gse173098|neurite_soma_mpra|GFP 3UTR MPRA|CAD|mikl:Esr1:700.0:c8f6fd1d5e692d2b,5097003a71c9cfad,2,3,2,AVAILABLE
mikl_gse173098,mikl_gse173098|mikl_gse173098|neurite_soma_mpra|GFP 3UTR MPRA|CAD|mikl:Esr1:750.0:f81c41640cb01c13,5097003a71c9cfad,2,3,2,AVAILABLE
mikl_gse173098,mikl_gse173098|mikl_gse173098|neurite_soma_mpra|GFP 3UTR MPRA|CAD|mikl:Etv4:400.0:928ad419a14796a9,e78f68ae2157673a,2,3,2,AVAILABLE
mikl_gse173098,mikl_gse173098|mikl_gse173098|neurite_soma_mpra|GFP 3UTR MPRA|CAD|mikl:Exo1:1200.0:7d74b194a1da98a8,479774413af4279e,3,3,3,AVAILABLE
mikl_gse173098,mikl_gse173098|mikl_gse173098|neurite_soma_mpra|GFP 3UTR MPRA|CAD|mikl:Exo1:1250.0:4684f981b630eab7,479774413af4279e,2,3,2,AVAILABLE
mikl_gse173098,mikl_gse173098|mikl_gse173098|neurite_soma_mpra|GFP 3UTR MPRA|CAD|mikl:Exo1:1300.0:8b15493e8aa2a991,479774413af4279e,2,3,2,AVAILABLE
mikl_gse173098,mikl_gse173098|mikl_gse173098|neurite_soma_mpra|GFP 3UTR MPRA|CAD|mikl:Exo1:2000.0:48ae3b97abf98dd7,479774413af4279e,3,3,3,AVAILABLE
mikl_gse173098,mikl_gse173098|mikl_gse173098|neurite_soma_mpra|GFP 3UTR MPRA|CAD|mikl:Exo1:2050.0:0f15dd455efadbad,479774413af4279e,2,3,2,AVAILABLE
mikl_gse173098,mikl_gse173098|mikl_gse173098|neurite_soma_mpra|GFP 3UTR MPRA|CAD|mikl:Exo1:2450.0:118649ca8e4dd65e,479774413af4279e,2,3,2,AVAILABLE
mikl_gse173098,mikl_gse173098|mikl_gse173098|neurite_soma_mpra|GFP 3UTR MPRA|CAD|mikl:Exo1:2500.0:c2e7ec0b101c9bd8,479774413af4279e,3,3,3,AVAILABLE
mikl_gse173098,mikl_gse173098|mikl_gse173098|neurite_soma_mpra|GFP 3UTR MPRA|CAD|mikl:Exo1:2550.0:bf90fab1fac250ce,479774413af4279e,3,3,3,AVAILABLE
mikl_gse173098,mikl_gse173098|mikl_gse173098|neurite_soma_mpra|GFP 3UTR MPRA|CAD|mikl:Exo1:2650.0:1d22117d5794ce3b,479774413af4279e,3,3,3,AVAILABLE
mikl_gse173098,mikl_gse173098|mikl_gse173098|neurite_soma_mpra|GFP 3UTR MPRA|CAD|mikl:Exo1:3800.0:8ae688ad2fd41247,479774413af4279e,3,3,3,AVAILABLE
mikl_gse173098,mikl_gse173098|mikl_gse173098|neurite_soma_mpra|GFP 3UTR MPRA|CAD|mikl:Exo1:3850.0:826fa2fec932ddb9,479774413af4279e,3,3,3,AVAILABLE
mikl_gse173098,mikl_gse173098|mikl_gse173098|neurite_soma_mpra|GFP 3UTR MPRA|CAD|mikl:Exo1:4400.0:823685cf62564972,479774413af4279e,2,3,2,AVAILABLE
mikl_gse173098,mikl_gse173098|mikl_gse173098|neurite_soma_mpra|GFP 3UTR MPRA|CAD|mikl:Exo1:4500.0:682aa9e53f446744,479774413af4279e,2,3,2,AVAILABLE
mikl_gse173098,mikl_gse173098|mikl_gse173098|neurite_soma_mpra|GFP 3UTR MPRA|CAD|mikl:Exo1:600.0:89106f6d56057185,479774413af4279e,2,3,2,AVAILABLE
mikl_gse173098,mikl_gse173098|mikl_gse173098|neurite_soma_mpra|GFP 3UTR MPRA|CAD|mikl:Exo1:650.0:83eb7546366cb92d,479774413af4279e,3,3,3,AVAILABLE
mikl_gse173098,mikl_gse173098|mikl_gse173098|neurite_soma_mpra|GFP 3UTR MPRA|CAD|mikl:Fgf13:300.0:ebf5ff66a396fdbc,d381d2af5858503f,2,3,2,AVAILABLE
mikl_gse173098,mikl_gse173098|mikl_gse173098|neurite_soma_mpra|GFP 3UTR MPRA|CAD|mikl:Fgf3:1000.0:762b25346e4cc476,0d6ed4e3684eb6c7,4,3,4,AVAILABLE
mikl_gse173098,mikl_gse173098|mikl_gse173098|neurite_soma_mpra|GFP 3UTR MPRA|CAD|mikl:Fgf3:1100.0:ffac884dbad0dfd9,0d6ed4e3684eb6c7,2,3,2,AVAILABLE
mikl_gse173098,mikl_gse173098|mikl_gse173098|neurite_soma_mpra|GFP 3UTR MPRA|CAD|mikl:Fgf3:1200.0:c866a124c7aee490,0d6ed4e3684eb6c7,3,3,3,AVAILABLE
mikl_gse173098,mikl_gse173098|mikl_gse173098|neurite_soma_mpra|GFP 3UTR MPRA|CAD|mikl:Fgf3:900.0:47ff96830dd9667f,0d6ed4e3684eb6c7,4,3,4,AVAILABLE
mikl_gse173098,mikl_gse173098|mikl_gse173098|neurite_soma_mpra|GFP 3UTR MPRA|CAD|mikl:Fgf3:950.0:da5f7244cb009a65,0d6ed4e3684eb6c7,2,3,2,AVAILABLE
mikl_gse173098,mikl_gse173098|mikl_gse173098|neurite_soma_mpra|GFP 3UTR MPRA|CAD|mikl:Foxp2:1700.0:06f91d32ca2dc21c,0028b8bc18a68dd9,2,3,2,AVAILABLE
mikl_gse173098,mikl_gse173098|mikl_gse173098|neurite_soma_mpra|GFP 3UTR MPRA|CAD|mikl:Foxp2:2100.0:3c9c953291440508,0028b8bc18a68dd9,2,3,2,AVAILABLE
mikl_gse173098,mikl_gse173098|mikl_gse173098|neurite_soma_mpra|GFP 3UTR MPRA|CAD|mikl:Foxp2:2200.0:5c023fa4393a587c,0028b8bc18a68dd9,2,3,2,AVAILABLE
mikl_gse173098,mikl_gse173098|mikl_gse173098|neurite_soma_mpra|GFP 3UTR MPRA|CAD|mikl:Foxp2:350.0:0dafb0be3be7fe62,0028b8bc18a68dd9,2,3,2,AVAILABLE
mikl_gse173098,mikl_gse173098|mikl_gse173098|neurite_soma_mpra|GFP 3UTR MPRA|CAD|mikl:Ftl1:100.0:032bfc359baed679,9226af57fe7ef2d5,2,3,2,AVAILABLE
mikl_gse173098,mikl_gse173098|mikl_gse173098|neurite_soma_mpra|GFP 3UTR MPRA|CAD|mikl:Ftl1:300.0:b972f176f0cc73ee,9226af57fe7ef2d5,2,3,2,AVAILABLE
mikl_gse173098,mikl_gse173098|mikl_gse173098|neurite_soma_mpra|GFP 3UTR MPRA|CAD|mikl:Gabra4:100.0:1c192b3003fd8ebd,55083296fe498f98,2,3,2,AVAILABLE
mikl_gse173098,mikl_gse173098|mikl_gse173098|neurite_soma_mpra|GFP 3UTR MPRA|CAD|mikl:Gabra4:250.0:a7257a49c737fa18,55083296fe498f98,2,3,2,AVAILABLE
mikl_gse173098,mikl_gse173098|mikl_gse173098|neurite_soma_mpra|GFP 3UTR MPRA|CAD|mikl:Gabra4:950.0:ffaf446cfb20d7a7,55083296fe498f98,2,3,2,AVAILABLE
mikl_gse173098,mikl_gse173098|mikl_gse173098|neurite_soma_mpra|GFP 3UTR MPRA|CAD|mikl:Gbp7:1000.0:b346355e1b8a95d4,c84a7b9e2b17f16d,3,3,3,AVAILABLE
mikl_gse173098,mikl_gse173098|mikl_gse173098|neurite_soma_mpra|GFP 3UTR MPRA|CAD|mikl:Gbp7:1050.0:83ac817f25667cbe,c84a7b9e2b17f16d,3,3,3,AVAILABLE
mikl_gse173098,mikl_gse173098|mikl_gse173098|neurite_soma_mpra|GFP 3UTR MPRA|CAD|mikl:Gbp7:1100.0:81db58bc390e8b6c,c84a7b9e2b17f16d,2,3,2,AVAILABLE
mikl_gse173098,mikl_gse173098|mikl_gse173098|neurite_soma_mpra|GFP 3UTR MPRA|CAD|mikl:Gbp7:1550.0:94838a8a0bcdd485,c84a7b9e2b17f16d,3,3,3,AVAILABLE
mikl_gse173098,mikl_gse173098|mikl_gse173098|neurite_soma_mpra|GFP 3UTR MPRA|CAD|mikl:Gbp7:200.0:53e866730d638940,c84a7b9e2b17f16d,3,3,3,AVAILABLE
mikl_gse173098,mikl_gse173098|mikl_gse173098|neurite_soma_mpra|GFP 3UTR MPRA|CAD|mikl:Gbp7:250.0:2f643afe1f95637a,c84a7b9e2b17f16d,2,3,2,AVAILABLE
mikl_gse173098,mikl_gse173098|mikl_gse173098|neurite_soma_mpra|GFP 3UTR MPRA|CAD|mikl:Gbp7:600.0:0dd0b6e8fb0323e3,c84a7b9e2b17f16d,3,3,3,AVAILABLE
mikl_gse173098,mikl_gse173098|mikl_gse173098|neurite_soma_mpra|GFP 3UTR MPRA|CAD|mikl:Gbp7:650.0:aaef95e7a87b27b6,c84a7b9e2b17f16d,3,3,3,AVAILABLE
mikl_gse173098,mikl_gse173098|mikl_gse173098|neurite_soma_mpra|GFP 3UTR MPRA|CAD|mikl:Gbp7:700.0:d3db0bd58384efac,c84a7b9e2b17f16d,2,3,2,AVAILABLE
mikl_gse173098,mikl_gse173098|mikl_gse173098|neurite_soma_mpra|GFP 3UTR MPRA|CAD|mikl:Gbp7:850.0:bf11b0b632f8021a,c84a7b9e2b17f16d,2,3,2,AVAILABLE
mikl_gse173098,mikl_gse173098|mikl_gse173098|neurite_soma_mpra|GFP 3UTR MPRA|CAD|mikl:Gli3:500.0:8b089a3ac005b86a,b0907ec32dd1b2ee,2,3,2,AVAILABLE
mikl_gse173098,mikl_gse173098|mikl_gse173098|neurite_soma_mpra|GFP 3UTR MPRA|CAD|mikl:Gli3:600.0:f49deeafd2b490f0,b0907ec32dd1b2ee,2,3,2,AVAILABLE
mikl_gse173098,mikl_gse173098|mikl_gse173098|neurite_soma_mpra|GFP 3UTR MPRA|CAD|mikl:Gli3:700.0:744a078e3882886f,b0907ec32dd1b2ee,2,3,2,AVAILABLE
mikl_gse173098,mikl_gse173098|mikl_gse173098|neurite_soma_mpra|GFP 3UTR MPRA|CAD|mikl:Gpc6:100.0:4d174d3a0130322b,79f88ffd01d2b323,2,3,2,AVAILABLE
mikl_gse173098,mikl_gse173098|mikl_gse173098|neurite_soma_mpra|GFP 3UTR MPRA|CAD|mikl:Gpc6:50.0:ab325c9c50bf5682,79f88ffd01d2b323,2,3,2,AVAILABLE
mikl_gse173098,mikl_gse173098|mikl_gse173098|neurite_soma_mpra|GFP 3UTR MPRA|CAD|mikl:Gpc6:850.0:b45ef851f9396ee6,79f88ffd01d2b323,2,3,2,AVAILABLE
mikl_gse173098,mikl_gse173098|mikl_gse173098|neurite_soma_mpra|GFP 3UTR MPRA|CAD|mikl:Gpc6:900.0:e55de720597518c4,79f88ffd01d2b323,2,3,2,AVAILABLE
mikl_gse173098,mikl_gse173098|mikl_gse173098|neurite_soma_mpra|GFP 3UTR MPRA|CAD|mikl:Gpr17:1450.0:84b7c6c7cedcf725,eb19097abf74a246,2,3,2,AVAILABLE
mikl_gse173098,mikl_gse173098|mikl_gse173098|neurite_soma_mpra|GFP 3UTR MPRA|CAD|mikl:Gpr17:1500.0:a65d5f571efb6f5c,eb19097abf74a246,2,3,2,AVAILABLE
mikl_gse173098,mikl_gse173098|mikl_gse173098|neurite_soma_mpra|GFP 3UTR MPRA|CAD|mikl:Gpr17:250.0:c1f3bbeb0f382654,eb19097abf74a246,2,3,2,AVAILABLE
mikl_gse173098,mikl_gse173098|mikl_gse173098|neurite_soma_mpra|GFP 3UTR MPRA|CAD|mikl:Gpr17:2550.0:67d5b9ae6632db8c,eb19097abf74a246,2,3,2,AVAILABLE
mikl_gse173098,mikl_gse173098|mikl_gse173098|neurite_soma_mpra|GFP 3UTR MPRA|CAD|mikl:Gpr17:2600.0:84a1c0b526f6d58e,eb19097abf74a246,2,3,2,AVAILABLE
mikl_gse173098,mikl_gse173098|mikl_gse173098|neurite_soma_mpra|GFP 3UTR MPRA|CAD|mikl:Gpr17:2650.0:3a045ff23b63492e,eb19097abf74a246,2,3,2,AVAILABLE
mikl_gse173098,mikl_gse173098|mikl_gse173098|neurite_soma_mpra|GFP 3UTR MPRA|CAD|mikl:Gpr17:300.0:0482b569483a0e6e,eb19097abf74a246,2,3,2,AVAILABLE
mikl_gse173098,mikl_gse173098|mikl_gse173098|neurite_soma_mpra|GFP 3UTR MPRA|CAD|mikl:Gpr17:3750.0:4a4015aa39f7ed0b,eb19097abf74a246,2,3,2,AVAILABLE
mikl_gse173098,mikl_gse173098|mikl_gse173098|neurite_soma_mpra|GFP 3UTR MPRA|CAD|mikl:Gpr17:3800.0:382a4c8659f8f8e4,eb19097abf74a246,3,3,3,AVAILABLE
mikl_gse173098,mikl_gse173098|mikl_gse173098|neurite_soma_mpra|GFP 3UTR MPRA|CAD|mikl:Gpr35:1700.0:b8ea2d7bdb2d46e2,37c25859c6a0fd6b,2,3,2,AVAILABLE
mikl_gse173098,mikl_gse173098|mikl_gse173098|neurite_soma_mpra|GFP 3UTR MPRA|CAD|mikl:Gpr35:2300.0:182328355df88b55,37c25859c6a0fd6b,2,3,2,AVAILABLE
mikl_gse173098,mikl_gse173098|mikl_gse173098|neurite_soma_mpra|GFP 3UTR MPRA|CAD|mikl:Gpr35:2350.0:21618a1fc6c7d132,37c25859c6a0fd6b,2,3,2,AVAILABLE
mikl_gse173098,mikl_gse173098|mikl_gse173098|neurite_soma_mpra|GFP 3UTR MPRA|CAD|mikl:Grin1:600.0:1bba09ef5c30f250,3060930d802470c4,2,3,2,AVAILABLE
mikl_gse173098,mikl_gse173098|mikl_gse173098|neurite_soma_mpra|GFP 3UTR MPRA|CAD|mikl:Grin1:650.0:87b593061c99c70e,3060930d802470c4,3,3,3,AVAILABLE
mikl_gse173098,mikl_gse173098|mikl_gse173098|neurite_soma_mpra|GFP 3UTR MPRA|CAD|mikl:Grin1:700.0:152e2c5b8588bb20,3060930d802470c4,3,3,3,AVAILABLE
mikl_gse173098,mikl_gse173098|mikl_gse173098|neurite_soma_mpra|GFP 3UTR MPRA|CAD|mikl:Grin1:750.0:8344f0a743623dae,3060930d802470c4,2,3,2,AVAILABLE
mikl_gse173098,mikl_gse173098|mikl_gse173098|neurite_soma_mpra|GFP 3UTR MPRA|CAD|mikl:Hic2:1050.0:bc48f3cc5a86263c,c77252e5798a6e71,2,3,2,AVAILABLE
mikl_gse173098,mikl_gse173098|mikl_gse173098|neurite_soma_mpra|GFP 3UTR MPRA|CAD|mikl:Hic2:1100.0:4351ca3419a102d6,c77252e5798a6e71,2,3,2,AVAILABLE
mikl_gse173098,mikl_gse173098|mikl_gse173098|neurite_soma_mpra|GFP 3UTR MPRA|CAD|mikl:Hic2:1150.0:3f8e4df72a9c31be,c77252e5798a6e71,2,3,2,AVAILABLE
mikl_gse173098,mikl_gse173098|mikl_gse173098|neurite_soma_mpra|GFP 3UTR MPRA|CAD|mikl:Hic2:1250.0:72bd4ce741cbd28d,c77252e5798a6e71,3,3,3,AVAILABLE
mikl_gse173098,mikl_gse173098|mikl_gse173098|neurite_soma_mpra|GFP 3UTR MPRA|CAD|mikl:Hic2:1300.0:099e0b42c0984983,c77252e5798a6e71,2,3,2,AVAILABLE
mikl_gse173098,mikl_gse173098|mikl_gse173098|neurite_soma_mpra|GFP 3UTR MPRA|CAD|mikl:Hic2:2450.0:7905e6cbdaf7fcbd,c77252e5798a6e71,2,3,2,AVAILABLE
mikl_gse173098,mikl_gse173098|mikl_gse173098|neurite_soma_mpra|GFP 3UTR MPRA|CAD|mikl:Hic2:2500.0:418d3b1db51db813,c77252e5798a6e71,3,3,3,AVAILABLE
mikl_gse173098,mikl_gse173098|mikl_gse173098|neurite_soma_mpra|GFP 3UTR MPRA|CAD|mikl:Hic2:3250.0:d875abfa015e08d9,c77252e5798a6e71,4,3,4,AVAILABLE
mikl_gse173098,mikl_gse173098|mikl_gse173098|neurite_soma_mpra|GFP 3UTR MPRA|CAD|mikl:Hic2:3300.0:ec359e377e9bf791,c77252e5798a6e71,2,3,2,AVAILABLE
mikl_gse173098,mikl_gse173098|mikl_gse173098|neurite_soma_mpra|GFP 3UTR MPRA|CAD|mikl:Hic2:3350.0:ebeacecadc41f631,c77252e5798a6e71,4,3,4,AVAILABLE
mikl_gse173098,mikl_gse173098|mikl_gse173098|neurite_soma_mpra|GFP 3UTR MPRA|CAD|mikl:Hic2:3450.0:764a81531a08c3ed,c77252e5798a6e71,2,3,2,AVAILABLE
mikl_gse173098,mikl_gse173098|mikl_gse173098|neurite_soma_mpra|GFP 3UTR MPRA|CAD|mikl:Hic2:3500.0:0fd68624c67fce18,c77252e5798a6e71,2,3,2,AVAILABLE
mikl_gse173098,mikl_gse173098|mikl_gse173098|neurite_soma_mpra|GFP 3UTR MPRA|CAD|mikl:Hic2:3550.0:ec44ff776038e3ef,c77252e5798a6e71,2,3,2,AVAILABLE
mikl_gse173098,mikl_gse173098|mikl_gse173098|neurite_soma_mpra|GFP 3UTR MPRA|CAD|mikl:Hic2:3600.0:e35f524131cc0f5a,c77252e5798a6e71,3,3,3,AVAILABLE
mikl_gse173098,mikl_gse173098|mikl_gse173098|neurite_soma_mpra|GFP 3UTR MPRA|CAD|mikl:Hic2:3900.0:e34ff96b6cd3b7fa,c77252e5798a6e71,2,3,2,AVAILABLE
mikl_gse173098,mikl_gse173098|mikl_gse173098|neurite_soma_mpra|GFP 3UTR MPRA|CAD|mikl:Hic2:3950.0:ea85692da0d76a66,c77252e5798a6e71,2,3,2,AVAILABLE
mikl_gse173098,mikl_gse173098|mikl_gse173098|neurite_soma_mpra|GFP 3UTR MPRA|CAD|mikl:Hic2:850.0:5489be9b374e4106,c77252e5798a6e71,2,3,2,AVAILABLE
mikl_gse173098,mikl_gse173098|mikl_gse173098|neurite_soma_mpra|GFP 3UTR MPRA|CAD|mikl:Hic2:900.0:3f3fd80731a45fa1,c77252e5798a6e71,3,3,3,AVAILABLE
mikl_gse173098,mikl_gse173098|mikl_gse173098|neurite_soma_mpra|GFP 3UTR MPRA|CAD|mikl:Hic2:950.0:db607498419a122d,c77252e5798a6e71,3,3,3,AVAILABLE
mikl_gse173098,mikl_gse173098|mikl_gse173098|neurite_soma_mpra|GFP 3UTR MPRA|CAD|mikl:Hpcal4:0.0:d7d0ac596e288d95,48f2b9a02dd0bb73,2,3,2,AVAILABLE
mikl_gse173098,mikl_gse173098|mikl_gse173098|neurite_soma_mpra|GFP 3UTR MPRA|CAD|mikl:Hpcal4:1750.0:f22904eabca63769,48f2b9a02dd0bb73,2,3,2,AVAILABLE
mikl_gse173098,mikl_gse173098|mikl_gse173098|neurite_soma_mpra|GFP 3UTR MPRA|CAD|mikl:Hpcal4:1800.0:3919d3aa003b1e08,48f2b9a02dd0bb73,2,3,2,AVAILABLE
mikl_gse173098,mikl_gse173098|mikl_gse173098|neurite_soma_mpra|GFP 3UTR MPRA|CAD|mikl:Hpcal4:1850.0:300aeaa13e70e3a4,48f2b9a02dd0bb73,2,3,2,AVAILABLE
mikl_gse173098,mikl_gse173098|mikl_gse173098|neurite_soma_mpra|GFP 3UTR MPRA|CAD|mikl:Hpcal4:3450.0:cedcfe6ab6062d1a,48f2b9a02dd0bb73,2,3,2,AVAILABLE
mikl_gse173098,mikl_gse173098|mikl_gse173098|neurite_soma_mpra|GFP 3UTR MPRA|CAD|mikl:Hpcal4:3500.0:b183ed5b0e326141,48f2b9a02dd0bb73,3,3,3,AVAILABLE
mikl_gse173098,mikl_gse173098|mikl_gse173098|neurite_soma_mpra|GFP 3UTR MPRA|CAD|mikl:Hpcal4:50.0:8d94038327597dc3,48f2b9a02dd0bb73,2,3,2,AVAILABLE
mikl_gse173098,mikl_gse173098|mikl_gse173098|neurite_soma_mpra|GFP 3UTR MPRA|CAD|mikl:Hpcal4:550.0:236e1268cbbc20d9,48f2b9a02dd0bb73,2,3,2,AVAILABLE
mikl_gse173098,mikl_gse173098|mikl_gse173098|neurite_soma_mpra|GFP 3UTR MPRA|CAD|mikl:Hpcal4:600.0:0d4886f1b6739c27,48f2b9a02dd0bb73,2,3,2,AVAILABLE
mikl_gse173098,mikl_gse173098|mikl_gse173098|neurite_soma_mpra|GFP 3UTR MPRA|CAD|mikl:Hpcal4:650.0:613147855ed79d20,48f2b9a02dd0bb73,2,3,2,AVAILABLE
mikl_gse173098,mikl_gse173098|mikl_gse173098|neurite_soma_mpra|GFP 3UTR MPRA|CAD|mikl:Hpcal4:700.0:dbe20017282fe562,48f2b9a02dd0bb73,3,3,3,AVAILABLE
mikl_gse173098,mikl_gse173098|mikl_gse173098|neurite_soma_mpra|GFP 3UTR MPRA|CAD|mikl:Hpcal4:750.0:be75ae41c6bb1352,48f2b9a02dd0bb73,3,3,3,AVAILABLE
mikl_gse173098,mikl_gse173098|mikl_gse173098|neurite_soma_mpra|GFP 3UTR MPRA|CAD|mikl:Hpcal4:800.0:363f91757eef959c,48f2b9a02dd0bb73,3,3,3,AVAILABLE
mikl_gse173098,mikl_gse173098|mikl_gse173098|neurite_soma_mpra|GFP 3UTR MPRA|CAD|mikl:Hspb2:0.0:008ee27ff7c8728d,2496a43199610876,3,3,3,AVAILABLE
mikl_gse173098,mikl_gse173098|mikl_gse173098|neurite_soma_mpra|GFP 3UTR MPRA|CAD|mikl:Ids:2700.0:a326de1e763edeb1,21dcc03251175525,2,3,2,AVAILABLE
mikl_gse173098,mikl_gse173098|mikl_gse173098|neurite_soma_mpra|GFP 3UTR MPRA|CAD|mikl:Ids:2750.0:b2d6814f96537782,21dcc03251175525,2,3,2,AVAILABLE
mikl_gse173098,mikl_gse173098|mikl_gse173098|neurite_soma_mpra|GFP 3UTR MPRA|CAD|mikl:Invs:1100.0:5d15686ac9f1742d,c1f7f791594cf738,3,3,3,AVAILABLE
mikl_gse173098,mikl_gse173098|mikl_gse173098|neurite_soma_mpra|GFP 3UTR MPRA|CAD|mikl:Invs:1150.0:34f6f8ce01e65f6f,c1f7f791594cf738,2,3,2,AVAILABLE
mikl_gse173098,mikl_gse173098|mikl_gse173098|neurite_soma_mpra|GFP 3UTR MPRA|CAD|mikl:Invs:1250.0:35d7588b13b6ad26,c1f7f791594cf738,2,3,2,AVAILABLE
mikl_gse173098,mikl_gse173098|mikl_gse173098|neurite_soma_mpra|GFP 3UTR MPRA|CAD|mikl:Invs:1300.0:5224f69d0afbe66b,c1f7f791594cf738,2,3,2,AVAILABLE
mikl_gse173098,mikl_gse173098|mikl_gse173098|neurite_soma_mpra|GFP 3UTR MPRA|CAD|mikl:Invs:1350.0:11929e17a298a1a7,c1f7f791594cf738,2,3,2,AVAILABLE
mikl_gse173098,mikl_gse173098|mikl_gse173098|neurite_soma_mpra|GFP 3UTR MPRA|CAD|mikl:Invs:1550.0:25ee173158bcd38c,c1f7f791594cf738,2,3,2,AVAILABLE
mikl_gse173098,mikl_gse173098|mikl_gse173098|neurite_soma_mpra|GFP 3UTR MPRA|CAD|mikl:Invs:1600.0:85cd93518649b5dd,c1f7f791594cf738,2,3,2,AVAILABLE
mikl_gse173098,mikl_gse173098|mikl_gse173098|neurite_soma_mpra|GFP 3UTR MPRA|CAD|mikl:Invs:600.0:df17049678164812,c1f7f791594cf738,2,3,2,AVAILABLE
mikl_gse173098,mikl_gse173098|mikl_gse173098|neurite_soma_mpra|GFP 3UTR MPRA|CAD|mikl:Invs:650.0:2e62b3beb01f8af4,c1f7f791594cf738,4,3,4,AVAILABLE
mikl_gse173098,mikl_gse173098|mikl_gse173098|neurite_soma_mpra|GFP 3UTR MPRA|CAD|mikl:Invs:700.0:50977dfa62ed6772,c1f7f791594cf738,3,3,3,AVAILABLE
mikl_gse173098,mikl_gse173098|mikl_gse173098|neurite_soma_mpra|GFP 3UTR MPRA|CAD|mikl:Invs:750.0:9d634f6d5f4f6e9e,c1f7f791594cf738,2,3,2,AVAILABLE
mikl_gse173098,mikl_gse173098|mikl_gse173098|neurite_soma_mpra|GFP 3UTR MPRA|CAD|mikl:Itga1:1450.0:f53bc992db329a4b,f8fcb4139395b1be,2,3,2,AVAILABLE
mikl_gse173098,mikl_gse173098|mikl_gse173098|neurite_soma_mpra|GFP 3UTR MPRA|CAD|mikl:Itga1:1500.0:1d50b272bbd17970,f8fcb4139395b1be,2,3,2,AVAILABLE
mikl_gse173098,mikl_gse173098|mikl_gse173098|neurite_soma_mpra|GFP 3UTR MPRA|CAD|mikl:Itga1:3750.0:fdde83dc7d128b46,f8fcb4139395b1be,2,3,2,AVAILABLE
mikl_gse173098,mikl_gse173098|mikl_gse173098|neurite_soma_mpra|GFP 3UTR MPRA|CAD|mikl:Itga1:4300.0:1a1dce2464a6bd0f,f8fcb4139395b1be,3,3,3,AVAILABLE
mikl_gse173098,mikl_gse173098|mikl_gse173098|neurite_soma_mpra|GFP 3UTR MPRA|CAD|mikl:Itga1:4350.0:ba415f517f8a1843,f8fcb4139395b1be,3,3,3,AVAILABLE
mikl_gse173098,mikl_gse173098|mikl_gse173098|neurite_soma_mpra|GFP 3UTR MPRA|CAD|mikl:Itga1:4400.0:9ccd6c7d57ecdb21,f8fcb4139395b1be,2,3,2,AVAILABLE
mikl_gse173098,mikl_gse173098|mikl_gse173098|neurite_soma_mpra|GFP 3UTR MPRA|CAD|mikl:Itga1:5650.0:ab24cb63eca1f8d8,f8fcb4139395b1be,3,3,3,AVAILABLE
mikl_gse173098,mikl_gse173098|mikl_gse173098|neurite_soma_mpra|GFP 3UTR MPRA|CAD|mikl:Itga1:5800.0:eb9dbc2f3724d54d,f8fcb4139395b1be,2,3,2,AVAILABLE
mikl_gse173098,mikl_gse173098|mikl_gse173098|neurite_soma_mpra|GFP 3UTR MPRA|CAD|mikl:Itga1:5850.0:70bfbcb5445ad66d,f8fcb4139395b1be,2,3,2,AVAILABLE
mikl_gse173098,mikl_gse173098|mikl_gse173098|neurite_soma_mpra|GFP 3UTR MPRA|CAD|mikl:Itga1:5900.0:c623e0d99bafb2f8,f8fcb4139395b1be,2,3,2,AVAILABLE
mikl_gse173098,mikl_gse173098|mikl_gse173098|neurite_soma_mpra|GFP 3UTR MPRA|CAD|mikl:Itga1:6550.0:ce2c7742c659fb4c,f8fcb4139395b1be,2,3,2,AVAILABLE
mikl_gse173098,mikl_gse173098|mikl_gse173098|neurite_soma_mpra|GFP 3UTR MPRA|CAD|mikl:Itga1:6600.0:15fd00df96bdb7cb,f8fcb4139395b1be,2,3,2,AVAILABLE
mikl_gse173098,mikl_gse173098|mikl_gse173098|neurite_soma_mpra|GFP 3UTR MPRA|CAD|mikl:Itga1:6650.0:308b070dd16fc944,f8fcb4139395b1be,3,3,3,AVAILABLE
mikl_gse173098,mikl_gse173098|mikl_gse173098|neurite_soma_mpra|GFP 3UTR MPRA|CAD|mikl:Itga4:1550.0:897a99fde798e96a,f69cba248f895514,2,3,2,AVAILABLE
mikl_gse173098,mikl_gse173098|mikl_gse173098|neurite_soma_mpra|GFP 3UTR MPRA|CAD|mikl:Itga4:1600.0:88e4766ba304af86,f69cba248f895514,3,3,3,AVAILABLE
mikl_gse173098,mikl_gse173098|mikl_gse173098|neurite_soma_mpra|GFP 3UTR MPRA|CAD|mikl:Itga4:1650.0:a558d0a8d1ec90fb,f69cba248f895514,2,3,2,AVAILABLE
mikl_gse173098,mikl_gse173098|mikl_gse173098|neurite_soma_mpra|GFP 3UTR MPRA|CAD|mikl:Itga4:1700.0:53ee2fa7b66e4ad1,f69cba248f895514,2,3,2,AVAILABLE
mikl_gse173098,mikl_gse173098|mikl_gse173098|neurite_soma_mpra|GFP 3UTR MPRA|CAD|mikl:Itga4:4150.0:ae134e1f2a477353,f69cba248f895514,2,3,2,AVAILABLE
mikl_gse173098,mikl_gse173098|mikl_gse173098|neurite_soma_mpra|GFP 3UTR MPRA|CAD|mikl:Itga4:5200.0:bbd2b63e8a10b00b,f69cba248f895514,2,3,2,AVAILABLE
mikl_gse173098,mikl_gse173098|mikl_gse173098|neurite_soma_mpra|GFP 3UTR MPRA|CAD|mikl:Itpr2:0.0:dfeaffe93ee0b9e6,b42c56ed61508e05,2,3,2,AVAILABLE
mikl_gse173098,mikl_gse173098|mikl_gse173098|neurite_soma_mpra|GFP 3UTR MPRA|CAD|mikl:Itpr2:1200.0:710d661c8f129887,b42c56ed61508e05,2,3,2,AVAILABLE
mikl_gse173098,mikl_gse173098|mikl_gse173098|neurite_soma_mpra|GFP 3UTR MPRA|CAD|mikl:Itpr2:1250.0:a4f41416555b0b4f,b42c56ed61508e05,2,3,2,AVAILABLE
mikl_gse173098,mikl_gse173098|mikl_gse173098|neurite_soma_mpra|GFP 3UTR MPRA|CAD|mikl:Itpr2:2000.0:f31be815ef1d72a4,b42c56ed61508e05,2,3,2,AVAILABLE
mikl_gse173098,mikl_gse173098|mikl_gse173098|neurite_soma_mpra|GFP 3UTR MPRA|CAD|mikl:Itpr2:2500.0:e8967765ed3345c5,b42c56ed61508e05,3,3,3,AVAILABLE
mikl_gse173098,mikl_gse173098|mikl_gse173098|neurite_soma_mpra|GFP 3UTR MPRA|CAD|mikl:Itpr2:2550.0:0e060d85432411a0,b42c56ed61508e05,3,3,3,AVAILABLE
mikl_gse173098,mikl_gse173098|mikl_gse173098|neurite_soma_mpra|GFP 3UTR MPRA|CAD|mikl:Itpr2:400.0:53b09597bbf070a9,b42c56ed61508e05,2,3,2,AVAILABLE
mikl_gse173098,mikl_gse173098|mikl_gse173098|neurite_soma_mpra|GFP 3UTR MPRA|CAD|mikl:Itpr2:450.0:6270a393389bef3b,b42c56ed61508e05,2,3,2,AVAILABLE
mikl_gse173098,mikl_gse173098|mikl_gse173098|neurite_soma_mpra|GFP 3UTR MPRA|CAD|mikl:Itpr2:50.0:104b3e03462af7d7,b42c56ed61508e05,3,3,3,AVAILABLE
mikl_gse173098,mikl_gse173098|mikl_gse173098|neurite_soma_mpra|GFP 3UTR MPRA|CAD|mikl:Itpr2:900.0:4c4594cd032b1012,b42c56ed61508e05,2,3,2,AVAILABLE
mikl_gse173098,mikl_gse173098|mikl_gse173098|neurite_soma_mpra|GFP 3UTR MPRA|CAD|mikl:Itpr2:950.0:acac1d129dff8539,b42c56ed61508e05,2,3,2,AVAILABLE
mikl_gse173098,mikl_gse173098|mikl_gse173098|neurite_soma_mpra|GFP 3UTR MPRA|CAD|mikl:Jund:0.0:b54fe6e0e651e4c7,717aeef43de723c4,2,3,2,AVAILABLE
mikl_gse173098,mikl_gse173098|mikl_gse173098|neurite_soma_mpra|GFP 3UTR MPRA|CAD|mikl:Jund:250.0:8f1591cfd325b42a,717aeef43de723c4,3,3,3,AVAILABLE
mikl_gse173098,mikl_gse173098|mikl_gse173098|neurite_soma_mpra|GFP 3UTR MPRA|CAD|mikl:Jund:300.0:ccb74a92fa91f268,717aeef43de723c4,3,3,3,AVAILABLE
mikl_gse173098,mikl_gse173098|mikl_gse173098|neurite_soma_mpra|GFP 3UTR MPRA|CAD|mikl:Jund:350.0:e6cfa4c971ad59d2,717aeef43de723c4,3,3,3,AVAILABLE
mikl_gse173098,mikl_gse173098|mikl_gse173098|neurite_soma_mpra|GFP 3UTR MPRA|CAD|mikl:Kcna6:1050.0:e8a12aee266de55d,38d6ed149626b772,2,3,2,AVAILABLE
mikl_gse173098,mikl_gse173098|mikl_gse173098|neurite_soma_mpra|GFP 3UTR MPRA|CAD|mikl:Kcna6:1100.0:de427f183092f36f,38d6ed149626b772,3,3,3,AVAILABLE
mikl_gse173098,mikl_gse173098|mikl_gse173098|neurite_soma_mpra|GFP 3UTR MPRA|CAD|mikl:Kcna6:1150.0:822cf4e3f556c0ae,38d6ed149626b772,4,3,4,AVAILABLE
mikl_gse173098,mikl_gse173098|mikl_gse173098|neurite_soma_mpra|GFP 3UTR MPRA|CAD|mikl:Kcna6:1200.0:56c7e181a446b4a5,38d6ed149626b772,2,3,2,AVAILABLE
mikl_gse173098,mikl_gse173098|mikl_gse173098|neurite_soma_mpra|GFP 3UTR MPRA|CAD|mikl:Kcna6:1300.0:4e3bfdce714507f1,38d6ed149626b772,4,3,4,AVAILABLE
mikl_gse173098,mikl_gse173098|mikl_gse173098|neurite_soma_mpra|GFP 3UTR MPRA|CAD|mikl:Kcna6:1350.0:2db2e8d54de6e0dd,38d6ed149626b772,5,3,5,AVAILABLE
mikl_gse173098,mikl_gse173098|mikl_gse173098|neurite_soma_mpra|GFP 3UTR MPRA|CAD|mikl:Kcna6:1400.0:3acaf7a887d5bbfa,38d6ed149626b772,4,3,4,AVAILABLE
mikl_gse173098,mikl_gse173098|mikl_gse173098|neurite_soma_mpra|GFP 3UTR MPRA|CAD|mikl:Kcna6:1450.0:d8a806c7e083a622,38d6ed149626b772,2,3,2,AVAILABLE
mikl_gse173098,mikl_gse173098|mikl_gse173098|neurite_soma_mpra|GFP 3UTR MPRA|CAD|mikl:Kcna6:2200.0:add1cc8c112e2cfd,38d6ed149626b772,2,3,2,AVAILABLE
mikl_gse173098,mikl_gse173098|mikl_gse173098|neurite_soma_mpra|GFP 3UTR MPRA|CAD|mikl:Kcna6:2300.0:39a086a1b775d88e,38d6ed149626b772,2,3,2,AVAILABLE
mikl_gse173098,mikl_gse173098|mikl_gse173098|neurite_soma_mpra|GFP 3UTR MPRA|CAD|mikl:Kcna6:3200.0:1eeca6d092be484e,38d6ed149626b772,2,3,2,AVAILABLE
mikl_gse173098,mikl_gse173098|mikl_gse173098|neurite_soma_mpra|GFP 3UTR MPRA|CAD|mikl:Kcna6:3250.0:f41a54e4268d1c2a,38d6ed149626b772,2,3,2,AVAILABLE
mikl_gse173098,mikl_gse173098|mikl_gse173098|neurite_soma_mpra|GFP 3UTR MPRA|CAD|mikl:Kcna6:450.0:b675e5ff747dfc4f,38d6ed149626b772,4,3,4,AVAILABLE
mikl_gse173098,mikl_gse173098|mikl_gse173098|neurite_soma_mpra|GFP 3UTR MPRA|CAD|mikl:Kcna6:500.0:d398fc05cab3168a,38d6ed149626b772,2,3,2,AVAILABLE
mikl_gse173098,mikl_gse173098|mikl_gse173098|neurite_soma_mpra|GFP 3UTR MPRA|CAD|mikl:Kcnq5:1500.0:08f924c2ef0b4159,b0888f1bd0e1c390,2,3,2,AVAILABLE
mikl_gse173098,mikl_gse173098|mikl_gse173098|neurite_soma_mpra|GFP 3UTR MPRA|CAD|mikl:Kcnq5:2050.0:871268418e1a44d8,b0888f1bd0e1c390,3,3,3,AVAILABLE
mikl_gse173098,mikl_gse173098|mikl_gse173098|neurite_soma_mpra|GFP 3UTR MPRA|CAD|mikl:Kcnq5:2100.0:834c35039c41ac24,b0888f1bd0e1c390,2,3,2,AVAILABLE
mikl_gse173098,mikl_gse173098|mikl_gse173098|neurite_soma_mpra|GFP 3UTR MPRA|CAD|mikl:Kcnq5:2150.0:6135a4330b6be2bb,b0888f1bd0e1c390,2,3,2,AVAILABLE
mikl_gse173098,mikl_gse173098|mikl_gse173098|neurite_soma_mpra|GFP 3UTR MPRA|CAD|mikl:Kcnq5:2950.0:b730679a86c5d6a6,b0888f1bd0e1c390,2,3,2,AVAILABLE
mikl_gse173098,mikl_gse173098|mikl_gse173098|neurite_soma_mpra|GFP 3UTR MPRA|CAD|mikl:Kctd4:1300.0:96eb558dd35206f0,5a1d029b2c7b0fe1,2,3,2,AVAILABLE
mikl_gse173098,mikl_gse173098|mikl_gse173098|neurite_soma_mpra|GFP 3UTR MPRA|CAD|mikl:Kctd4:2500.0:68e8013142560cc3,5a1d029b2c7b0fe1,2,3,2,AVAILABLE
mikl_gse173098,mikl_gse173098|mikl_gse173098|neurite_soma_mpra|GFP 3UTR MPRA|CAD|mikl:Kctd4:2550.0:acf16a58d1c7da07,5a1d029b2c7b0fe1,2,3,2,AVAILABLE
mikl_gse173098,mikl_gse173098|mikl_gse173098|neurite_soma_mpra|GFP 3UTR MPRA|CAD|mikl:Kif1a:0.0:b15c55beef162842,c3834fff3d632c91,3,3,3,AVAILABLE
mikl_gse173098,mikl_gse173098|mikl_gse173098|neurite_soma_mpra|GFP 3UTR MPRA|CAD|mikl:Kif1a:100.0:a6aaf7a6e1151c32,c3834fff3d632c91,2,3,2,AVAILABLE
mikl_gse173098,mikl_gse173098|mikl_gse173098|neurite_soma_mpra|GFP 3UTR MPRA|CAD|mikl:Kif1a:1650.0:48bfcf0ac892b0b1,c3834fff3d632c91,2,3,2,AVAILABLE
mikl_gse173098,mikl_gse173098|mikl_gse173098|neurite_soma_mpra|GFP 3UTR MPRA|CAD|mikl:Kif1a:1700.0:4829d026c9104154,c3834fff3d632c91,2,3,2,AVAILABLE
mikl_gse173098,mikl_gse173098|mikl_gse173098|neurite_soma_mpra|GFP 3UTR MPRA|CAD|mikl:Kif1a:1750.0:673499ec5a7c360a,c3834fff3d632c91,3,3,3,AVAILABLE
mikl_gse173098,mikl_gse173098|mikl_gse173098|neurite_soma_mpra|GFP 3UTR MPRA|CAD|mikl:Kif1a:1800.0:291e13d316b2a4e0,c3834fff3d632c91,2,3,2,AVAILABLE
mikl_gse173098,mikl_gse173098|mikl_gse173098|neurite_soma_mpra|GFP 3UTR MPRA|CAD|mikl:Kif1a:400.0:93f971a875aebff7,c3834fff3d632c91,2,3,2,AVAILABLE
mikl_gse173098,mikl_gse173098|mikl_gse173098|neurite_soma_mpra|GFP 3UTR MPRA|CAD|mikl:Kif1a:450.0:9e4d49280c05c05a,c3834fff3d632c91,3,3,3,AVAILABLE
mikl_gse173098,mikl_gse173098|mikl_gse173098|neurite_soma_mpra|GFP 3UTR MPRA|CAD|mikl:Kif1a:50.0:331e007a3a733a66,c3834fff3d632c91,3,3,3,AVAILABLE
mikl_gse173098,mikl_gse173098|mikl_gse173098|neurite_soma_mpra|GFP 3UTR MPRA|CAD|mikl:Kif1a:500.0:39c2b58af5f953dd,c3834fff3d632c91,3,3,3,AVAILABLE
mikl_gse173098,mikl_gse173098|mikl_gse173098|neurite_soma_mpra|GFP 3UTR MPRA|CAD|mikl:Kif1a:700.0:ddfe05face3d147f,c3834fff3d632c91,2,3,2,AVAILABLE
mikl_gse173098,mikl_gse173098|mikl_gse173098|neurite_soma_mpra|GFP 3UTR MPRA|CAD|mikl:Kif1a:750.0:ed013f641152da7f,c3834fff3d632c91,2,3,2,AVAILABLE
mikl_gse173098,mikl_gse173098|mikl_gse173098|neurite_soma_mpra|GFP 3UTR MPRA|CAD|mikl:Kif1a:800.0:fc5d659fcc903a32,c3834fff3d632c91,2,3,2,AVAILABLE
mikl_gse173098,mikl_gse173098|mikl_gse173098|neurite_soma_mpra|GFP 3UTR MPRA|CAD|mikl:Kif5c:3350.0:dfff320d554e8349,3003f8907168deed,2,3,2,AVAILABLE
mikl_gse173098,mikl_gse173098|mikl_gse173098|neurite_soma_mpra|GFP 3UTR MPRA|CAD|mikl:Kif5c:450.0:33e182d7885b935b,3003f8907168deed,2,3,2,AVAILABLE
mikl_gse173098,mikl_gse173098|mikl_gse173098|neurite_soma_mpra|GFP 3UTR MPRA|CAD|mikl:Kif5c:500.0:fd93b948d1264a52,3003f8907168deed,2,3,2,AVAILABLE
mikl_gse173098,mikl_gse173098|mikl_gse173098|neurite_soma_mpra|GFP 3UTR MPRA|CAD|mikl:Kif5c:550.0:6335d0cbc6dbb479,3003f8907168deed,2,3,2,AVAILABLE
mikl_gse173098,mikl_gse173098|mikl_gse173098|neurite_soma_mpra|GFP 3UTR MPRA|CAD|mikl:Liph:1000.0:8367618b104d8076,674f38fb7707b0e2,2,3,2,AVAILABLE
mikl_gse173098,mikl_gse173098|mikl_gse173098|neurite_soma_mpra|GFP 3UTR MPRA|CAD|mikl:Liph:1050.0:5d50302059882809,674f38fb7707b0e2,2,3,2,AVAILABLE
mikl_gse173098,mikl_gse173098|mikl_gse173098|neurite_soma_mpra|GFP 3UTR MPRA|CAD|mikl:Liph:1050.0:f0db7f389d91cda4,674f38fb7707b0e2,2,3,2,AVAILABLE
mikl_gse173098,mikl_gse173098|mikl_gse173098|neurite_soma_mpra|GFP 3UTR MPRA|CAD|mikl:Liph:1100.0:b66600d539ff198e,674f38fb7707b0e2,2,3,2,AVAILABLE
mikl_gse173098,mikl_gse173098|mikl_gse173098|neurite_soma_mpra|GFP 3UTR MPRA|CAD|mikl:Liph:1150.0:0b735f261a786f07,674f38fb7707b0e2,2,3,2,AVAILABLE
mikl_gse173098,mikl_gse173098|mikl_gse173098|neurite_soma_mpra|GFP 3UTR MPRA|CAD|mikl:Liph:1300.0:eb5a7da80306215b,674f38fb7707b0e2,4,3,4,AVAILABLE
mikl_gse173098,mikl_gse173098|mikl_gse173098|neurite_soma_mpra|GFP 3UTR MPRA|CAD|mikl:Liph:1800.0:60e762bc73fc3075,674f38fb7707b0e2,2,3,2,AVAILABLE
mikl_gse173098,mikl_gse173098|mikl_gse173098|neurite_soma_mpra|GFP 3UTR MPRA|CAD|mikl:Liph:1850.0:0a32df0c0a86221f,674f38fb7707b0e2,2,3,2,AVAILABLE
mikl_gse173098,mikl_gse173098|mikl_gse173098|neurite_soma_mpra|GFP 3UTR MPRA|CAD|mikl:Liph:1900.0:c546b9192df52035,674f38fb7707b0e2,2,3,2,AVAILABLE
mikl_gse173098,mikl_gse173098|mikl_gse173098|neurite_soma_mpra|GFP 3UTR MPRA|CAD|mikl:Liph:300.0:b0842657f640b03f,674f38fb7707b0e2,4,3,4,AVAILABLE
mikl_gse173098,mikl_gse173098|mikl_gse173098|neurite_soma_mpra|GFP 3UTR MPRA|CAD|mikl:Liph:350.0:2a536f7dbf0ae799,674f38fb7707b0e2,4,3,4,AVAILABLE
mikl_gse173098,mikl_gse173098|mikl_gse173098|neurite_soma_mpra|GFP 3UTR MPRA|CAD|mikl:Liph:400.0:8daaf7c26d9395e5,674f38fb7707b0e2,2,3,2,AVAILABLE
mikl_gse173098,mikl_gse173098|mikl_gse173098|neurite_soma_mpra|GFP 3UTR MPRA|CAD|mikl:Liph:400.0:f9b8caae5b80f3b3,674f38fb7707b0e2,4,3,4,AVAILABLE
mikl_gse173098,mikl_gse173098|mikl_gse173098|neurite_soma_mpra|GFP 3UTR MPRA|CAD|mikl:Liph:50.0:422e089e70e133e6,674f38fb7707b0e2,2,3,2,AVAILABLE
mikl_gse173098,mikl_gse173098|mikl_gse173098|neurite_soma_mpra|GFP 3UTR MPRA|CAD|mikl:Liph:600.0:48ea87e29ffccec6,674f38fb7707b0e2,2,3,2,AVAILABLE
mikl_gse173098,mikl_gse173098|mikl_gse173098|neurite_soma_mpra|GFP 3UTR MPRA|CAD|mikl:Liph:700.0:71874c9c4c1fffaf,674f38fb7707b0e2,2,3,2,AVAILABLE
mikl_gse173098,mikl_gse173098|mikl_gse173098|neurite_soma_mpra|GFP 3UTR MPRA|CAD|mikl:Liph:800.0:2e99c6bcb11b4541,674f38fb7707b0e2,2,3,2,AVAILABLE
mikl_gse173098,mikl_gse173098|mikl_gse173098|neurite_soma_mpra|GFP 3UTR MPRA|CAD|mikl:Liph:850.0:7ef27118742193d2,674f38fb7707b0e2,2,3,2,AVAILABLE
mikl_gse173098,mikl_gse173098|mikl_gse173098|neurite_soma_mpra|GFP 3UTR MPRA|CAD|mikl:Liph:900.0:2daf1c785bd6d46d,674f38fb7707b0e2,3,3,3,AVAILABLE
mikl_gse173098,mikl_gse173098|mikl_gse173098|neurite_soma_mpra|GFP 3UTR MPRA|CAD|mikl:Lypd1:150.0:c04af6ef3a8ad6c3,00b0bdc9c7a03792,2,3,2,AVAILABLE
mikl_gse173098,mikl_gse173098|mikl_gse173098|neurite_soma_mpra|GFP 3UTR MPRA|CAD|mikl:Lypd1:200.0:a22149b0929e6bc0,00b0bdc9c7a03792,3,3,3,AVAILABLE
mikl_gse173098,mikl_gse173098|mikl_gse173098|neurite_soma_mpra|GFP 3UTR MPRA|CAD|mikl:Lypd1:2550.0:9fd2e1171fc1f9d3,00b0bdc9c7a03792,4,3,4,AVAILABLE
mikl_gse173098,mikl_gse173098|mikl_gse173098|neurite_soma_mpra|GFP 3UTR MPRA|CAD|mikl:Lypd1:2600.0:d800c21d4bfa643b,00b0bdc9c7a03792,4,3,4,AVAILABLE
mikl_gse173098,mikl_gse173098|mikl_gse173098|neurite_soma_mpra|GFP 3UTR MPRA|CAD|mikl:Lypd1:2650.0:c866d171954a1051,00b0bdc9c7a03792,4,3,4,AVAILABLE
mikl_gse173098,mikl_gse173098|mikl_gse173098|neurite_soma_mpra|GFP 3UTR MPRA|CAD|mikl:Lypd1:3350.0:00af2a89ab902243,00b0bdc9c7a03792,2,3,2,AVAILABLE
mikl_gse173098,mikl_gse173098|mikl_gse173098|neurite_soma_mpra|GFP 3UTR MPRA|CAD|mikl:Lypd1:3400.0:60160505fe1b659a,00b0bdc9c7a03792,2,3,2,AVAILABLE
mikl_gse173098,mikl_gse173098|mikl_gse173098|neurite_soma_mpra|GFP 3UTR MPRA|CAD|mikl:Lypd1:3950.0:d0a3c116ba8419af,00b0bdc9c7a03792,2,3,2,AVAILABLE
mikl_gse173098,mikl_gse173098|mikl_gse173098|neurite_soma_mpra|GFP 3UTR MPRA|CAD|mikl:Lypd1:4000.0:72266f47378fe787,00b0bdc9c7a03792,2,3,2,AVAILABLE
mikl_gse173098,mikl_gse173098|mikl_gse173098|neurite_soma_mpra|GFP 3UTR MPRA|CAD|mikl:Lypd1:4050.0:0d5d42c6cae2aa8e,00b0bdc9c7a03792,2,3,2,AVAILABLE
mikl_gse173098,mikl_gse173098|mikl_gse173098|neurite_soma_mpra|GFP 3UTR MPRA|CAD|mikl:Lypd1:4650.0:6756516f23a31c80,00b0bdc9c7a03792,2,3,2,AVAILABLE
mikl_gse173098,mikl_gse173098|mikl_gse173098|neurite_soma_mpra|GFP 3UTR MPRA|CAD|mikl:Lypd1:4800.0:10b87ed152c7b038,00b0bdc9c7a03792,2,3,2,AVAILABLE
mikl_gse173098,mikl_gse173098|mikl_gse173098|neurite_soma_mpra|GFP 3UTR MPRA|CAD|mikl:Magi2:0.0:91d7892e3d8b0f0b,baba9e1be46b0c58,2,3,2,AVAILABLE
mikl_gse173098,mikl_gse173098|mikl_gse173098|neurite_soma_mpra|GFP 3UTR MPRA|CAD|mikl:Magi2:100.0:9a34e014deeff0c4,baba9e1be46b0c58,3,3,3,AVAILABLE
mikl_gse173098,mikl_gse173098|mikl_gse173098|neurite_soma_mpra|GFP 3UTR MPRA|CAD|mikl:Magi2:1100.0:83cfa945db4fdc76,baba9e1be46b0c58,2,3,2,AVAILABLE
mikl_gse173098,mikl_gse173098|mikl_gse173098|neurite_soma_mpra|GFP 3UTR MPRA|CAD|mikl:Magi2:1150.0:62d0991f6943e206,baba9e1be46b0c58,3,3,3,AVAILABLE
mikl_gse173098,mikl_gse173098|mikl_gse173098|neurite_soma_mpra|GFP 3UTR MPRA|CAD|mikl:Magi2:1200.0:f353ccf31a31f129,baba9e1be46b0c58,3,3,3,AVAILABLE
mikl_gse173098,mikl_gse173098|mikl_gse173098|neurite_soma_mpra|GFP 3UTR MPRA|CAD|mikl:Magi2:1300.0:97675843f942d2c1,baba9e1be46b0c58,2,3,2,AVAILABLE
mikl_gse173098,mikl_gse173098|mikl_gse173098|neurite_soma_mpra|GFP 3UTR MPRA|CAD|mikl:Magi2:1950.0:d84591f74610b07b,baba9e1be46b0c58,2,3,2,AVAILABLE
mikl_gse173098,mikl_gse173098|mikl_gse173098|neurite_soma_mpra|GFP 3UTR MPRA|CAD|mikl:Magi2:2000.0:9a283c617aab14f9,baba9e1be46b0c58,2,3,2,AVAILABLE
mikl_gse173098,mikl_gse173098|mikl_gse173098|neurite_soma_mpra|GFP 3UTR MPRA|CAD|mikl:Magi2:2050.0:b33f94f0c2a66561,baba9e1be46b0c58,2,3,2,AVAILABLE
mikl_gse173098,mikl_gse173098|mikl_gse173098|neurite_soma_mpra|GFP 3UTR MPRA|CAD|mikl:Magi2:2100.0:82a42b590d70f23f,baba9e1be46b0c58,2,3,2,AVAILABLE
mikl_gse173098,mikl_gse173098|mikl_gse173098|neurite_soma_mpra|GFP 3UTR MPRA|CAD|mikl:Magi2:300.0:acfda120ebdfa13b,baba9e1be46b0c58,3,3,3,AVAILABLE
mikl_gse173098,mikl_gse173098|mikl_gse173098|neurite_soma_mpra|GFP 3UTR MPRA|CAD|mikl:Magi2:450.0:9c86b7c7ba923303,baba9e1be46b0c58,2,3,2,AVAILABLE
mikl_gse173098,mikl_gse173098|mikl_gse173098|neurite_soma_mpra|GFP 3UTR MPRA|CAD|mikl:Magi2:50.0:3a14583969fc99b5,baba9e1be46b0c58,2,3,2,AVAILABLE
mikl_gse173098,mikl_gse173098|mikl_gse173098|neurite_soma_mpra|GFP 3UTR MPRA|CAD|mikl:Magi2:500.0:0a84adaa752a59fc,baba9e1be46b0c58,2,3,2,AVAILABLE
mikl_gse173098,mikl_gse173098|mikl_gse173098|neurite_soma_mpra|GFP 3UTR MPRA|CAD|mikl:Magi2:550.0:788a493b9217cfed,baba9e1be46b0c58,2,3,2,AVAILABLE
mikl_gse173098,mikl_gse173098|mikl_gse173098|neurite_soma_mpra|GFP 3UTR MPRA|CAD|mikl:Magi2:800.0:c1935b164922a979,baba9e1be46b0c58,6,3,6,AVAILABLE
mikl_gse173098,mikl_gse173098|mikl_gse173098|neurite_soma_mpra|GFP 3UTR MPRA|CAD|mikl:Magi2:850.0:005f6e3575be72f4,baba9e1be46b0c58,3,3,3,AVAILABLE
mikl_gse173098,mikl_gse173098|mikl_gse173098|neurite_soma_mpra|GFP 3UTR MPRA|CAD|mikl:Magi2:900.0:a3214927469b716c,baba9e1be46b0c58,4,3,4,AVAILABLE
mikl_gse173098,mikl_gse173098|mikl_gse173098|neurite_soma_mpra|GFP 3UTR MPRA|CAD|mikl:Malt1:1050.0:3fe47cc82869e89a,26fc20e8ba0607a3,2,3,2,AVAILABLE
mikl_gse173098,mikl_gse173098|mikl_gse173098|neurite_soma_mpra|GFP 3UTR MPRA|CAD|mikl:Malt1:1250.0:2a442bd868bbdb4d,26fc20e8ba0607a3,2,3,2,AVAILABLE
mikl_gse173098,mikl_gse173098|mikl_gse173098|neurite_soma_mpra|GFP 3UTR MPRA|CAD|mikl:Malt1:1300.0:36a1031e780b9fef,26fc20e8ba0607a3,3,3,3,AVAILABLE
mikl_gse173098,mikl_gse173098|mikl_gse173098|neurite_soma_mpra|GFP 3UTR MPRA|CAD|mikl:Malt1:1350.0:e2f416b02aedd842,26fc20e8ba0607a3,2,3,2,AVAILABLE
mikl_gse173098,mikl_gse173098|mikl_gse173098|neurite_soma_mpra|GFP 3UTR MPRA|CAD|mikl:Malt1:2450.0:406ccf0dc904c071,26fc20e8ba0607a3,2,3,2,AVAILABLE
mikl_gse173098,mikl_gse173098|mikl_gse173098|neurite_soma_mpra|GFP 3UTR MPRA|CAD|mikl:Malt1:300.0:b46cf2c3bf66834e,26fc20e8ba0607a3,2,3,2,AVAILABLE
mikl_gse173098,mikl_gse173098|mikl_gse173098|neurite_soma_mpra|GFP 3UTR MPRA|CAD|mikl:Malt1:350.0:3e720e5669cd2ce2,26fc20e8ba0607a3,2,3,2,AVAILABLE
mikl_gse173098,mikl_gse173098|mikl_gse173098|neurite_soma_mpra|GFP 3UTR MPRA|CAD|mikl:Malt1:350.0:8f4b126928cf7060,26fc20e8ba0607a3,2,3,2,AVAILABLE
mikl_gse173098,mikl_gse173098|mikl_gse173098|neurite_soma_mpra|GFP 3UTR MPRA|CAD|mikl:Malt1:850.0:0b9729c178c0e25a,26fc20e8ba0607a3,2,3,2,AVAILABLE
mikl_gse173098,mikl_gse173098|mikl_gse173098|neurite_soma_mpra|GFP 3UTR MPRA|CAD|mikl:Malt1:950.0:15dcdccba106398b,26fc20e8ba0607a3,2,3,2,AVAILABLE
mikl_gse173098,mikl_gse173098|mikl_gse173098|neurite_soma_mpra|GFP 3UTR MPRA|CAD|mikl:Map1a:1000.0:8b420c3479ae733e,1aae748cd8d35e98,5,3,5,AVAILABLE
mikl_gse173098,mikl_gse173098|mikl_gse173098|neurite_soma_mpra|GFP 3UTR MPRA|CAD|mikl:Map1a:1050.0:e3a94e62ca730601,1aae748cd8d35e98,5,3,5,AVAILABLE
mikl_gse173098,mikl_gse173098|mikl_gse173098|neurite_soma_mpra|GFP 3UTR MPRA|CAD|mikl:Map1a:1100.0:e8176087178fa136,1aae748cd8d35e98,4,3,4,AVAILABLE
mikl_gse173098,mikl_gse173098|mikl_gse173098|neurite_soma_mpra|GFP 3UTR MPRA|CAD|mikl:Map1a:1150.0:935564cfaedbb32d,1aae748cd8d35e98,4,3,4,AVAILABLE
mikl_gse173098,mikl_gse173098|mikl_gse173098|neurite_soma_mpra|GFP 3UTR MPRA|CAD|mikl:Map1a:1200.0:3ace77496bd71fa3,1aae748cd8d35e98,2,3,2,AVAILABLE
mikl_gse173098,mikl_gse173098|mikl_gse173098|neurite_soma_mpra|GFP 3UTR MPRA|CAD|mikl:Map1a:1400.0:35552d932901f191,1aae748cd8d35e98,2,3,2,AVAILABLE
mikl_gse173098,mikl_gse173098|mikl_gse173098|neurite_soma_mpra|GFP 3UTR MPRA|CAD|mikl:Map1a:1450.0:933a24b00a98c8c3,1aae748cd8d35e98,2,3,2,AVAILABLE
mikl_gse173098,mikl_gse173098|mikl_gse173098|neurite_soma_mpra|GFP 3UTR MPRA|CAD|mikl:Map1a:150.0:b22a8fa99912cfac,1aae748cd8d35e98,2,3,2,AVAILABLE
mikl_gse173098,mikl_gse173098|mikl_gse173098|neurite_soma_mpra|GFP 3UTR MPRA|CAD|mikl:Map1a:1500.0:5272673cd932155d,1aae748cd8d35e98,2,3,2,AVAILABLE
mikl_gse173098,mikl_gse173098|mikl_gse173098|neurite_soma_mpra|GFP 3UTR MPRA|CAD|mikl:Map1a:1600.0:f9e992e32171ec60,1aae748cd8d35e98,2,3,2,AVAILABLE
mikl_gse173098,mikl_gse173098|mikl_gse173098|neurite_soma_mpra|GFP 3UTR MPRA|CAD|mikl:Map1a:1800.0:b9f461b6edf5208a,1aae748cd8d35e98,2,3,2,AVAILABLE
mikl_gse173098,mikl_gse173098|mikl_gse173098|neurite_soma_mpra|GFP 3UTR MPRA|CAD|mikl:Map1a:1850.0:f5b699100dd6371f,1aae748cd8d35e98,2,3,2,AVAILABLE
mikl_gse173098,mikl_gse173098|mikl_gse173098|neurite_soma_mpra|GFP 3UTR MPRA|CAD|mikl:Map1a:1900.0:1c865e7103640b10,1aae748cd8d35e98,2,3,2,AVAILABLE
mikl_gse173098,mikl_gse173098|mikl_gse173098|neurite_soma_mpra|GFP 3UTR MPRA|CAD|mikl:Map1a:200.0:15eed7f57a7a2780,1aae748cd8d35e98,2,3,2,AVAILABLE
mikl_gse173098,mikl_gse173098|mikl_gse173098|neurite_soma_mpra|GFP 3UTR MPRA|CAD|mikl:Map1a:2200.0:8ec1231b5c68f651,1aae748cd8d35e98,2,3,2,AVAILABLE
mikl_gse173098,mikl_gse173098|mikl_gse173098|neurite_soma_mpra|GFP 3UTR MPRA|CAD|mikl:Map1a:2300.0:0ff392bade3b5c8f,1aae748cd8d35e98,2,3,2,AVAILABLE
mikl_gse173098,mikl_gse173098|mikl_gse173098|neurite_soma_mpra|GFP 3UTR MPRA|CAD|mikl:Map1a:850.0:76861cd2db52fc11,1aae748cd8d35e98,2,3,2,AVAILABLE
mikl_gse173098,mikl_gse173098|mikl_gse173098|neurite_soma_mpra|GFP 3UTR MPRA|CAD|mikl:Map1a:900.0:aac156a582864bfc,1aae748cd8d35e98,2,3,2,AVAILABLE
mikl_gse173098,mikl_gse173098|mikl_gse173098|neurite_soma_mpra|GFP 3UTR MPRA|CAD|mikl:Map1a:950.0:4c17fb5e97c805e3,1aae748cd8d35e98,5,3,5,AVAILABLE
mikl_gse173098,mikl_gse173098|mikl_gse173098|neurite_soma_mpra|GFP 3UTR MPRA|CAD|mikl:Map2:0.0:b3d981b5edc56f3b,cd1c75fbdff1c240,2,3,2,AVAILABLE
mikl_gse173098,mikl_gse173098|mikl_gse173098|neurite_soma_mpra|GFP 3UTR MPRA|CAD|mikl:Map2:100.0:48054dd25021c126,cd1c75fbdff1c240,3,3,3,AVAILABLE
mikl_gse173098,mikl_gse173098|mikl_gse173098|neurite_soma_mpra|GFP 3UTR MPRA|CAD|mikl:Map2:1000.0:5524e4d9f67a2f91,cd1c75fbdff1c240,3,3,3,AVAILABLE
mikl_gse173098,mikl_gse173098|mikl_gse173098|neurite_soma_mpra|GFP 3UTR MPRA|CAD|mikl:Map2:1050.0:878417a46d8875fd,cd1c75fbdff1c240,3,3,3,AVAILABLE
mikl_gse173098,mikl_gse173098|mikl_gse173098|neurite_soma_mpra|GFP 3UTR MPRA|CAD|mikl:Map2:150.0:9ee9971628b189b8,cd1c75fbdff1c240,3,3,3,AVAILABLE
mikl_gse173098,mikl_gse173098|mikl_gse173098|neurite_soma_mpra|GFP 3UTR MPRA|CAD|mikl:Map2:1550.0:e381d10dafbf74c4,cd1c75fbdff1c240,3,3,3,AVAILABLE
mikl_gse173098,mikl_gse173098|mikl_gse173098|neurite_soma_mpra|GFP 3UTR MPRA|CAD|mikl:Map2:1600.0:44209c9f30981a9f,cd1c75fbdff1c240,3,3,3,AVAILABLE
mikl_gse173098,mikl_gse173098|mikl_gse173098|neurite_soma_mpra|GFP 3UTR MPRA|CAD|mikl:Map2:1650.0:3074390f7780120b,cd1c75fbdff1c240,3,3,3,AVAILABLE
mikl_gse173098,mikl_gse173098|mikl_gse173098|neurite_soma_mpra|GFP 3UTR MPRA|CAD|mikl:Map2:2000.0:630f013c05461d8a,cd1c75fbdff1c240,3,3,3,AVAILABLE
mikl_gse173098,mikl_gse173098|mikl_gse173098|neurite_soma_mpra|GFP 3UTR MPRA|CAD|mikl:Map2:2050.0:3e69b150a3345e49,cd1c75fbdff1c240,3,3,3,AVAILABLE
mikl_gse173098,mikl_gse173098|mikl_gse173098|neurite_soma_mpra|GFP 3UTR MPRA|CAD|mikl:Map2:2100.0:6d2af7d9bc6fe6d8,cd1c75fbdff1c240,3,3,3,AVAILABLE
mikl_gse173098,mikl_gse173098|mikl_gse173098|neurite_soma_mpra|GFP 3UTR MPRA|CAD|mikl:Map2:2150.0:18b6c9595b6fab81,cd1c75fbdff1c240,2,3,2,AVAILABLE
mikl_gse173098,mikl_gse173098|mikl_gse173098|neurite_soma_mpra|GFP 3UTR MPRA|CAD|mikl:Map2:2200.0:5588a71b68a71edd,cd1c75fbdff1c240,3,3,3,AVAILABLE
mikl_gse173098,mikl_gse173098|mikl_gse173098|neurite_soma_mpra|GFP 3UTR MPRA|CAD|mikl:Map2:2250.0:364229dbb72b6a28,cd1c75fbdff1c240,2,3,2,AVAILABLE
mikl_gse173098,mikl_gse173098|mikl_gse173098|neurite_soma_mpra|GFP 3UTR MPRA|CAD|mikl:Map2:2300.0:7778741fdb27e972,cd1c75fbdff1c240,3,3,3,AVAILABLE
mikl_gse173098,mikl_gse173098|mikl_gse173098|neurite_soma_mpra|GFP 3UTR MPRA|CAD|mikl:Map2:2350.0:aca85764dac1577b,cd1c75fbdff1c240,2,3,2,AVAILABLE
mikl_gse173098,mikl_gse173098|mikl_gse173098|neurite_soma_mpra|GFP 3UTR MPRA|CAD|mikl:Map2:2400.0:6e200b5be1731af8,cd1c75fbdff1c240,5,3,5,AVAILABLE
mikl_gse173098,mikl_gse173098|mikl_gse173098|neurite_soma_mpra|GFP 3UTR MPRA|CAD|mikl:Map2:2450.0:739525d94366d4ba,cd1c75fbdff1c240,2,3,2,AVAILABLE
mikl_gse173098,mikl_gse173098|mikl_gse173098|neurite_soma_mpra|GFP 3UTR MPRA|CAD|mikl:Map2:2500.0:b6019f6d313ab69b,cd1c75fbdff1c240,3,3,3,AVAILABLE
mikl_gse173098,mikl_gse173098|mikl_gse173098|neurite_soma_mpra|GFP 3UTR MPRA|CAD|mikl:Map2:2850.0:d7764170efedb86c,cd1c75fbdff1c240,5,3,5,AVAILABLE
mikl_gse173098,mikl_gse173098|mikl_gse173098|neurite_soma_mpra|GFP 3UTR MPRA|CAD|mikl:Map2:2900.0:00b9cb7bc40794d4,cd1c75fbdff1c240,6,3,6,AVAILABLE
mikl_gse173098,mikl_gse173098|mikl_gse173098|neurite_soma_mpra|GFP 3UTR MPRA|CAD|mikl:Map2:2950.0:d224f53c84392c0b,cd1c75fbdff1c240,2,3,2,AVAILABLE
mikl_gse173098,mikl_gse173098|mikl_gse173098|neurite_soma_mpra|GFP 3UTR MPRA|CAD|mikl:Map2:300.0:e1d5abc6f72b49af,cd1c75fbdff1c240,3,3,3,AVAILABLE
mikl_gse173098,mikl_gse173098|mikl_gse173098|neurite_soma_mpra|GFP 3UTR MPRA|CAD|mikl:Map2:3200.0:7791fe7c5a815698,cd1c75fbdff1c240,2,3,2,AVAILABLE
mikl_gse173098,mikl_gse173098|mikl_gse173098|neurite_soma_mpra|GFP 3UTR MPRA|CAD|mikl:Map2:3250.0:2b2f5aa878282549,cd1c75fbdff1c240,3,3,3,AVAILABLE
mikl_gse173098,mikl_gse173098|mikl_gse173098|neurite_soma_mpra|GFP 3UTR MPRA|CAD|mikl:Map2:3300.0:279d0b704345be43,cd1c75fbdff1c240,7,3,7,AVAILABLE
mikl_gse173098,mikl_gse173098|mikl_gse173098|neurite_soma_mpra|GFP 3UTR MPRA|CAD|mikl:Map2:3350.0:0107bdb00bcf4e96,cd1c75fbdff1c240,5,3,5,AVAILABLE
mikl_gse173098,mikl_gse173098|mikl_gse173098|neurite_soma_mpra|GFP 3UTR MPRA|CAD|mikl:Map2:3400.0:486ea2a9ee1bc2f5,cd1c75fbdff1c240,6,3,6,AVAILABLE
mikl_gse173098,mikl_gse173098|mikl_gse173098|neurite_soma_mpra|GFP 3UTR MPRA|CAD|mikl:Map2:350.0:d6e4b92e7eaec29e,cd1c75fbdff1c240,3,3,3,AVAILABLE
mikl_gse173098,mikl_gse173098|mikl_gse173098|neurite_soma_mpra|GFP 3UTR MPRA|CAD|mikl:Map2:400.0:cb6d577a1d7d3cf5,cd1c75fbdff1c240,3,3,3,AVAILABLE
mikl_gse173098,mikl_gse173098|mikl_gse173098|neurite_soma_mpra|GFP 3UTR MPRA|CAD|mikl:Map2:50.0:77e6efaa5622556a,cd1c75fbdff1c240,3,3,3,AVAILABLE
mikl_gse173098,mikl_gse173098|mikl_gse173098|neurite_soma_mpra|GFP 3UTR MPRA|CAD|mikl:Map2:550.0:e98a156e821ae2a4,cd1c75fbdff1c240,3,3,3,AVAILABLE
mikl_gse173098,mikl_gse173098|mikl_gse173098|neurite_soma_mpra|GFP 3UTR MPRA|CAD|mikl:Map2:600.0:359cb0fb9b4f289d,cd1c75fbdff1c240,6,3,6,AVAILABLE
mikl_gse173098,mikl_gse173098|mikl_gse173098|neurite_soma_mpra|GFP 3UTR MPRA|CAD|mikl:Map2:650.0:b7a899d9ce8d4948,cd1c75fbdff1c240,5,3,5,AVAILABLE
mikl_gse173098,mikl_gse173098|mikl_gse173098|neurite_soma_mpra|GFP 3UTR MPRA|CAD|mikl:Map2:700.0:ab50ab0f5d2a76d2,cd1c75fbdff1c240,3,3,3,AVAILABLE
mikl_gse173098,mikl_gse173098|mikl_gse173098|neurite_soma_mpra|GFP 3UTR MPRA|CAD|mikl:Map2:950.0:2588c5ca08cda562,cd1c75fbdff1c240,3,3,3,AVAILABLE
mikl_gse173098,mikl_gse173098|mikl_gse173098|neurite_soma_mpra|GFP 3UTR MPRA|CAD|mikl:Mapk8ip1:0.0:3fc46d3512835afd,2e57179092934ba8,2,3,2,AVAILABLE
mikl_gse173098,mikl_gse173098|mikl_gse173098|neurite_soma_mpra|GFP 3UTR MPRA|CAD|mikl:Mapk8ip1:100.0:fce1e793c7f2a6eb,2e57179092934ba8,2,3,2,AVAILABLE
mikl_gse173098,mikl_gse173098|mikl_gse173098|neurite_soma_mpra|GFP 3UTR MPRA|CAD|mikl:Mapk8ip1:450.0:55a42ab0b97c90df,2e57179092934ba8,2,3,2,AVAILABLE
mikl_gse173098,mikl_gse173098|mikl_gse173098|neurite_soma_mpra|GFP 3UTR MPRA|CAD|mikl:Mapk8ip1:50.0:59793d1d9e9e1b25,2e57179092934ba8,3,3,3,AVAILABLE
mikl_gse173098,mikl_gse173098|mikl_gse173098|neurite_soma_mpra|GFP 3UTR MPRA|CAD|mikl:Mavs:1950.0:c4bfa7891e151d33,7e77ee6338ca653c,2,3,2,AVAILABLE
mikl_gse173098,mikl_gse173098|mikl_gse173098|neurite_soma_mpra|GFP 3UTR MPRA|CAD|mikl:Mavs:2000.0:e730d6f2cbfb9f61,7e77ee6338ca653c,2,3,2,AVAILABLE
mikl_gse173098,mikl_gse173098|mikl_gse173098|neurite_soma_mpra|GFP 3UTR MPRA|CAD|mikl:Mavs:500.0:7c6b07f909817e3a,7e77ee6338ca653c,2,3,2,AVAILABLE
mikl_gse173098,mikl_gse173098|mikl_gse173098|neurite_soma_mpra|GFP 3UTR MPRA|CAD|mikl:Mavs:550.0:2e541820496dab6a,7e77ee6338ca653c,2,3,2,AVAILABLE
mikl_gse173098,mikl_gse173098|mikl_gse173098|neurite_soma_mpra|GFP 3UTR MPRA|CAD|mikl:Mavs:600.0:67f40abf9e799b9d,7e77ee6338ca653c,3,3,3,AVAILABLE
mikl_gse173098,mikl_gse173098|mikl_gse173098|neurite_soma_mpra|GFP 3UTR MPRA|CAD|mikl:Mcf2l:1050.0:1e990f9ccef04849,badca8fd83356f0e,2,3,2,AVAILABLE
mikl_gse173098,mikl_gse173098|mikl_gse173098|neurite_soma_mpra|GFP 3UTR MPRA|CAD|mikl:Mcf2l:1100.0:0ccfeb98771aece5,badca8fd83356f0e,3,3,3,AVAILABLE
mikl_gse173098,mikl_gse173098|mikl_gse173098|neurite_soma_mpra|GFP 3UTR MPRA|CAD|mikl:Mcf2l:2100.0:d04e4978d1824d5f,badca8fd83356f0e,2,3,2,AVAILABLE
mikl_gse173098,mikl_gse173098|mikl_gse173098|neurite_soma_mpra|GFP 3UTR MPRA|CAD|mikl:Mcf2l:2150.0:122dbd401c00a5e4,badca8fd83356f0e,4,3,4,AVAILABLE
mikl_gse173098,mikl_gse173098|mikl_gse173098|neurite_soma_mpra|GFP 3UTR MPRA|CAD|mikl:Mcf2l:850.0:0a31bf9d0f5aa76f,badca8fd83356f0e,2,3,2,AVAILABLE
mikl_gse173098,mikl_gse173098|mikl_gse173098|neurite_soma_mpra|GFP 3UTR MPRA|CAD|mikl:Mcf2l:900.0:94f83f7efaa10dc3,badca8fd83356f0e,2,3,2,AVAILABLE
mikl_gse173098,mikl_gse173098|mikl_gse173098|neurite_soma_mpra|GFP 3UTR MPRA|CAD|mikl:Mcf2l:950.0:48f58398d11ab683,badca8fd83356f0e,2,3,2,AVAILABLE
mikl_gse173098,mikl_gse173098|mikl_gse173098|neurite_soma_mpra|GFP 3UTR MPRA|CAD|mikl:Meis2:1150.0:6d10e879bf4a83e3,59f59968b6beef2a,2,3,2,AVAILABLE
mikl_gse173098,mikl_gse173098|mikl_gse173098|neurite_soma_mpra|GFP 3UTR MPRA|CAD|mikl:Meis2:1200.0:f41f78d4eab5803c,59f59968b6beef2a,2,3,2,AVAILABLE
mikl_gse173098,mikl_gse173098|mikl_gse173098|neurite_soma_mpra|GFP 3UTR MPRA|CAD|mikl:Meis2:550.0:2fb7983d1c314d00,59f59968b6beef2a,2,3,2,AVAILABLE
mikl_gse173098,mikl_gse173098|mikl_gse173098|neurite_soma_mpra|GFP 3UTR MPRA|CAD|mikl:Meis2:600.0:3d012d63b8ff7ee0,59f59968b6beef2a,2,3,2,AVAILABLE
mikl_gse173098,mikl_gse173098|mikl_gse173098|neurite_soma_mpra|GFP 3UTR MPRA|CAD|mikl:Mocs2:0.0:0c181c55172a9a7e,7a0e905e1509b151,5,3,5,AVAILABLE
mikl_gse173098,mikl_gse173098|mikl_gse173098|neurite_soma_mpra|GFP 3UTR MPRA|CAD|mikl:Mocs2:0.0:4cfda43c5ec0c97e,7a0e905e1509b151,5,3,5,AVAILABLE
mikl_gse173098,mikl_gse173098|mikl_gse173098|neurite_soma_mpra|GFP 3UTR MPRA|CAD|mikl:Mocs2:100.0:010716e6769806d5,7a0e905e1509b151,9,3,9,AVAILABLE
mikl_gse173098,mikl_gse173098|mikl_gse173098|neurite_soma_mpra|GFP 3UTR MPRA|CAD|mikl:Mocs2:100.0:1259354ecc37c85e,7a0e905e1509b151,3,3,3,AVAILABLE
mikl_gse173098,mikl_gse173098|mikl_gse173098|neurite_soma_mpra|GFP 3UTR MPRA|CAD|mikl:Mocs2:100.0:1ccd2d1809542c47,7a0e905e1509b151,3,3,3,AVAILABLE
mikl_gse173098,mikl_gse173098|mikl_gse173098|neurite_soma_mpra|GFP 3UTR MPRA|CAD|mikl:Mocs2:100.0:477c029ec07cafcb,7a0e905e1509b151,4,3,4,AVAILABLE
mikl_gse173098,mikl_gse173098|mikl_gse173098|neurite_soma_mpra|GFP 3UTR MPRA|CAD|mikl:Mocs2:100.0:6eb89a0547431445,7a0e905e1509b151,3,3,3,AVAILABLE
mikl_gse173098,mikl_gse173098|mikl_gse173098|neurite_soma_mpra|GFP 3UTR MPRA|CAD|mikl:Mocs2:100.0:eadc1d607f4afdee,7a0e905e1509b151,3,3,3,AVAILABLE
mikl_gse173098,mikl_gse173098|mikl_gse173098|neurite_soma_mpra|GFP 3UTR MPRA|CAD|mikl:Mocs2:1000.0:4ceae2f1479037fb,7a0e905e1509b151,3,3,3,AVAILABLE
mikl_gse173098,mikl_gse173098|mikl_gse173098|neurite_soma_mpra|GFP 3UTR MPRA|CAD|mikl:Mocs2:1050.0:50c0abae0c22f08f,7a0e905e1509b151,2,3,2,AVAILABLE
mikl_gse173098,mikl_gse173098|mikl_gse173098|neurite_soma_mpra|GFP 3UTR MPRA|CAD|mikl:Mocs2:1100.0:1e709be422626b91,7a0e905e1509b151,3,3,3,AVAILABLE
mikl_gse173098,mikl_gse173098|mikl_gse173098|neurite_soma_mpra|GFP 3UTR MPRA|CAD|mikl:Mocs2:1300.0:9cba520062d46159,7a0e905e1509b151,2,3,2,AVAILABLE
mikl_gse173098,mikl_gse173098|mikl_gse173098|neurite_soma_mpra|GFP 3UTR MPRA|CAD|mikl:Mocs2:1350.0:cae569a27a78fb6e,7a0e905e1509b151,4,3,4,AVAILABLE
mikl_gse173098,mikl_gse173098|mikl_gse173098|neurite_soma_mpra|GFP 3UTR MPRA|CAD|mikl:Mocs2:1400.0:f0274c41699e0097,7a0e905e1509b151,5,3,5,AVAILABLE
mikl_gse173098,mikl_gse173098|mikl_gse173098|neurite_soma_mpra|GFP 3UTR MPRA|CAD|mikl:Mocs2:1450.0:db9f4e0f9070da64,7a0e905e1509b151,7,3,7,AVAILABLE
mikl_gse173098,mikl_gse173098|mikl_gse173098|neurite_soma_mpra|GFP 3UTR MPRA|CAD|mikl:Mocs2:150.0:21dcc374cc430725,7a0e905e1509b151,2,3,2,AVAILABLE
mikl_gse173098,mikl_gse173098|mikl_gse173098|neurite_soma_mpra|GFP 3UTR MPRA|CAD|mikl:Mocs2:150.0:98dedd4246d0cc8a,7a0e905e1509b151,3,3,3,AVAILABLE
mikl_gse173098,mikl_gse173098|mikl_gse173098|neurite_soma_mpra|GFP 3UTR MPRA|CAD|mikl:Mocs2:150.0:9a6fcd750350e22f,7a0e905e1509b151,6,3,6,AVAILABLE
mikl_gse173098,mikl_gse173098|mikl_gse173098|neurite_soma_mpra|GFP 3UTR MPRA|CAD|mikl:Mocs2:150.0:c9efbfca13ea5b9d,7a0e905e1509b151,6,3,6,AVAILABLE
mikl_gse173098,mikl_gse173098|mikl_gse173098|neurite_soma_mpra|GFP 3UTR MPRA|CAD|mikl:Mocs2:150.0:f9552d4c8a501f0e,7a0e905e1509b151,5,3,5,AVAILABLE
mikl_gse173098,mikl_gse173098|mikl_gse173098|neurite_soma_mpra|GFP 3UTR MPRA|CAD|mikl:Mocs2:1500.0:31466b6babf25513,7a0e905e1509b151,7,3,7,AVAILABLE
mikl_gse173098,mikl_gse173098|mikl_gse173098|neurite_soma_mpra|GFP 3UTR MPRA|CAD|mikl:Mocs2:1550.0:e74929ba7c20851f,7a0e905e1509b151,6,3,6,AVAILABLE
mikl_gse173098,mikl_gse173098|mikl_gse173098|neurite_soma_mpra|GFP 3UTR MPRA|CAD|mikl:Mocs2:1700.0:c87c3b30050b5f76,7a0e905e1509b151,2,3,2,AVAILABLE
mikl_gse173098,mikl_gse173098|mikl_gse173098|neurite_soma_mpra|GFP 3UTR MPRA|CAD|mikl:Mocs2:1750.0:629297c1c27badd0,7a0e905e1509b151,5,3,5,AVAILABLE
mikl_gse173098,mikl_gse173098|mikl_gse173098|neurite_soma_mpra|GFP 3UTR MPRA|CAD|mikl:Mocs2:1800.0:f15d8a8422212476,7a0e905e1509b151,4,3,4,AVAILABLE
mikl_gse173098,mikl_gse173098|mikl_gse173098|neurite_soma_mpra|GFP 3UTR MPRA|CAD|mikl:Mocs2:1850.0:c8e3edc763e3397b,7a0e905e1509b151,3,3,3,AVAILABLE
mikl_gse173098,mikl_gse173098|mikl_gse173098|neurite_soma_mpra|GFP 3UTR MPRA|CAD|mikl:Mocs2:1950.0:04b68eaea45fc1f5,7a0e905e1509b151,2,3,2,AVAILABLE
mikl_gse173098,mikl_gse173098|mikl_gse173098|neurite_soma_mpra|GFP 3UTR MPRA|CAD|mikl:Mocs2:200.0:4ffe863a54e1efde,7a0e905e1509b151,6,3,6,AVAILABLE
mikl_gse173098,mikl_gse173098|mikl_gse173098|neurite_soma_mpra|GFP 3UTR MPRA|CAD|mikl:Mocs2:200.0:8ebc68707555bf97,7a0e905e1509b151,2,3,2,AVAILABLE
mikl_gse173098,mikl_gse173098|mikl_gse173098|neurite_soma_mpra|GFP 3UTR MPRA|CAD|mikl:Mocs2:200.0:c61788c894c4c6df,7a0e905e1509b151,6,3,6,AVAILABLE
mikl_gse173098,mikl_gse173098|mikl_gse173098|neurite_soma_mpra|GFP 3UTR MPRA|CAD|mikl:Mocs2:200.0:f00eebe399f54b62,7a0e905e1509b151,5,3,5,AVAILABLE
mikl_gse173098,mikl_gse173098|mikl_gse173098|neurite_soma_mpra|GFP 3UTR MPRA|CAD|mikl:Mocs2:2450.0:5fe08fbf001c0bf0,7a0e905e1509b151,2,3,2,AVAILABLE
mikl_gse173098,mikl_gse173098|mikl_gse173098|neurite_soma_mpra|GFP 3UTR MPRA|CAD|mikl:Mocs2:250.0:1a9c75a432692a42,7a0e905e1509b151,7,3,7,AVAILABLE
mikl_gse173098,mikl_gse173098|mikl_gse173098|neurite_soma_mpra|GFP 3UTR MPRA|CAD|mikl:Mocs2:250.0:b6326ca34a9320cc,7a0e905e1509b151,2,3,2,AVAILABLE
mikl_gse173098,mikl_gse173098|mikl_gse173098|neurite_soma_mpra|GFP 3UTR MPRA|CAD|mikl:Mocs2:250.0:e380fada8a2b21df,7a0e905e1509b151,3,3,3,AVAILABLE
mikl_gse173098,mikl_gse173098|mikl_gse173098|neurite_soma_mpra|GFP 3UTR MPRA|CAD|mikl:Mocs2:2600.0:f531ad3713421aab,7a0e905e1509b151,2,3,2,AVAILABLE
mikl_gse173098,mikl_gse173098|mikl_gse173098|neurite_soma_mpra|GFP 3UTR MPRA|CAD|mikl:Mocs2:2650.0:9185aed63e34c238,7a0e905e1509b151,3,3,3,AVAILABLE
mikl_gse173098,mikl_gse173098|mikl_gse173098|neurite_soma_mpra|GFP 3UTR MPRA|CAD|mikl:Mocs2:2700.0:6adf3d92c8d31c3b,7a0e905e1509b151,4,3,4,AVAILABLE
mikl_gse173098,mikl_gse173098|mikl_gse173098|neurite_soma_mpra|GFP 3UTR MPRA|CAD|mikl:Mocs2:2750.0:ebef321109c11daf,7a0e905e1509b151,2,3,2,AVAILABLE
mikl_gse173098,mikl_gse173098|mikl_gse173098|neurite_soma_mpra|GFP 3UTR MPRA|CAD|mikl:Mocs2:300.0:85968f2623b27ab4,7a0e905e1509b151,2,3,2,AVAILABLE
mikl_gse173098,mikl_gse173098|mikl_gse173098|neurite_soma_mpra|GFP 3UTR MPRA|CAD|mikl:Mocs2:300.0:c759a3cc0d894a5d,7a0e905e1509b151,2,3,2,AVAILABLE
mikl_gse173098,mikl_gse173098|mikl_gse173098|neurite_soma_mpra|GFP 3UTR MPRA|CAD|mikl:Mocs2:300.0:cee77ae480dbf40c,7a0e905e1509b151,6,3,6,AVAILABLE
mikl_gse173098,mikl_gse173098|mikl_gse173098|neurite_soma_mpra|GFP 3UTR MPRA|CAD|mikl:Mocs2:300.0:d3392572d8881f9d,7a0e905e1509b151,3,3,3,AVAILABLE
mikl_gse173098,mikl_gse173098|mikl_gse173098|neurite_soma_mpra|GFP 3UTR MPRA|CAD|mikl:Mocs2:3050.0:35a38a372e9d1678,7a0e905e1509b151,3,3,3,AVAILABLE
mikl_gse173098,mikl_gse173098|mikl_gse173098|neurite_soma_mpra|GFP 3UTR MPRA|CAD|mikl:Mocs2:3100.0:311d8a8cdabb94d6,7a0e905e1509b151,3,3,3,AVAILABLE
mikl_gse173098,mikl_gse173098|mikl_gse173098|neurite_soma_mpra|GFP 3UTR MPRA|CAD|mikl:Mocs2:3150.0:00d7993d05371502,7a0e905e1509b151,5,3,5,AVAILABLE
mikl_gse173098,mikl_gse173098|mikl_gse173098|neurite_soma_mpra|GFP 3UTR MPRA|CAD|mikl:Mocs2:3200.0:554f399f9d9d01fa,7a0e905e1509b151,3,3,3,AVAILABLE
mikl_gse173098,mikl_gse173098|mikl_gse173098|neurite_soma_mpra|GFP 3UTR MPRA|CAD|mikl:Mocs2:3250.0:2fb24e65bae43f00,7a0e905e1509b151,3,3,3,AVAILABLE
mikl_gse173098,mikl_gse173098|mikl_gse173098|neurite_soma_mpra|GFP 3UTR MPRA|CAD|mikl:Mocs2:3450.0:ed71a3a4c6e28983,7a0e905e1509b151,2,3,2,AVAILABLE
mikl_gse173098,mikl_gse173098|mikl_gse173098|neurite_soma_mpra|GFP 3UTR MPRA|CAD|mikl:Mocs2:350.0:936e8dd4326d5c59,7a0e905e1509b151,3,3,3,AVAILABLE
mikl_gse173098,mikl_gse173098|mikl_gse173098|neurite_soma_mpra|GFP 3UTR MPRA|CAD|mikl:Mocs2:350.0:a4dfa33164f25d7e,7a0e905e1509b151,2,3,2,AVAILABLE
mikl_gse173098,mikl_gse173098|mikl_gse173098|neurite_soma_mpra|GFP 3UTR MPRA|CAD|mikl:Mocs2:350.0:a8214fd4d51ff251,7a0e905e1509b151,3,3,3,AVAILABLE
mikl_gse173098,mikl_gse173098|mikl_gse173098|neurite_soma_mpra|GFP 3UTR MPRA|CAD|mikl:Mocs2:3500.0:982181a5a13ecaba,7a0e905e1509b151,2,3,2,AVAILABLE
mikl_gse173098,mikl_gse173098|mikl_gse173098|neurite_soma_mpra|GFP 3UTR MPRA|CAD|mikl:Mocs2:3550.0:fec6b9cf57cc0b5c,7a0e905e1509b151,2,3,2,AVAILABLE
mikl_gse173098,mikl_gse173098|mikl_gse173098|neurite_soma_mpra|GFP 3UTR MPRA|CAD|mikl:Mocs2:3600.0:e1125ed09ec81b3d,7a0e905e1509b151,3,3,3,AVAILABLE
mikl_gse173098,mikl_gse173098|mikl_gse173098|neurite_soma_mpra|GFP 3UTR MPRA|CAD|mikl:Mocs2:3650.0:c1bd2480bcba71db,7a0e905e1509b151,4,3,4,AVAILABLE
mikl_gse173098,mikl_gse173098|mikl_gse173098|neurite_soma_mpra|GFP 3UTR MPRA|CAD|mikl:Mocs2:3700.0:592343210e0e1c7d,7a0e905e1509b151,4,3,4,AVAILABLE
mikl_gse173098,mikl_gse173098|mikl_gse173098|neurite_soma_mpra|GFP 3UTR MPRA|CAD|mikl:Mocs2:3750.0:66296611dc061346,7a0e905e1509b151,4,3,4,AVAILABLE
mikl_gse173098,mikl_gse173098|mikl_gse173098|neurite_soma_mpra|GFP 3UTR MPRA|CAD|mikl:Mocs2:3800.0:766bfc8e063675ce,7a0e905e1509b151,3,3,3,AVAILABLE
mikl_gse173098,mikl_gse173098|mikl_gse173098|neurite_soma_mpra|GFP 3UTR MPRA|CAD|mikl:Mocs2:3900.0:d46ea06689c554eb,7a0e905e1509b151,4,3,4,AVAILABLE
mikl_gse173098,mikl_gse173098|mikl_gse173098|neurite_soma_mpra|GFP 3UTR MPRA|CAD|mikl:Mocs2:400.0:7620c70b8c3d288d,7a0e905e1509b151,3,3,3,AVAILABLE
mikl_gse173098,mikl_gse173098|mikl_gse173098|neurite_soma_mpra|GFP 3UTR MPRA|CAD|mikl:Mocs2:400.0:b773f1c1e0c59308,7a0e905e1509b151,2,3,2,AVAILABLE
mikl_gse173098,mikl_gse173098|mikl_gse173098|neurite_soma_mpra|GFP 3UTR MPRA|CAD|mikl:Mocs2:4050.0:320c8797d9abc75e,7a0e905e1509b151,3,3,3,AVAILABLE
mikl_gse173098,mikl_gse173098|mikl_gse173098|neurite_soma_mpra|GFP 3UTR MPRA|CAD|mikl:Mocs2:4100.0:d4f370fef2d31431,7a0e905e1509b151,2,3,2,AVAILABLE
mikl_gse173098,mikl_gse173098|mikl_gse173098|neurite_soma_mpra|GFP 3UTR MPRA|CAD|mikl:Mocs2:450.0:64979ee02c62108d,7a0e905e1509b151,3,3,3,AVAILABLE
mikl_gse173098,mikl_gse173098|mikl_gse173098|neurite_soma_mpra|GFP 3UTR MPRA|CAD|mikl:Mocs2:450.0:7ad037cfd000b007,7a0e905e1509b151,3,3,3,AVAILABLE
mikl_gse173098,mikl_gse173098|mikl_gse173098|neurite_soma_mpra|GFP 3UTR MPRA|CAD|mikl:Mocs2:450.0:e25d0ddb09dde4ba,7a0e905e1509b151,2,3,2,AVAILABLE
mikl_gse173098,mikl_gse173098|mikl_gse173098|neurite_soma_mpra|GFP 3UTR MPRA|CAD|mikl:Mocs2:50.0:02c2a3ee207ce44a,7a0e905e1509b151,5,3,5,AVAILABLE
mikl_gse173098,mikl_gse173098|mikl_gse173098|neurite_soma_mpra|GFP 3UTR MPRA|CAD|mikl:Mocs2:50.0:0527bd48a2f26d60,7a0e905e1509b151,5,3,5,AVAILABLE
mikl_gse173098,mikl_gse173098|mikl_gse173098|neurite_soma_mpra|GFP 3UTR MPRA|CAD|mikl:Mocs2:50.0:8001afd6a7ba15a9,7a0e905e1509b151,2,3,2,AVAILABLE
mikl_gse173098,mikl_gse173098|mikl_gse173098|neurite_soma_mpra|GFP 3UTR MPRA|CAD|mikl:Mocs2:50.0:90603a7552da3828,7a0e905e1509b151,2,3,2,AVAILABLE
mikl_gse173098,mikl_gse173098|mikl_gse173098|neurite_soma_mpra|GFP 3UTR MPRA|CAD|mikl:Mocs2:50.0:98ba8bd4812b1baa,7a0e905e1509b151,5,3,5,AVAILABLE
mikl_gse173098,mikl_gse173098|mikl_gse173098|neurite_soma_mpra|GFP 3UTR MPRA|CAD|mikl:Mocs2:50.0:e067d3452f52795e,7a0e905e1509b151,2,3,2,AVAILABLE
mikl_gse173098,mikl_gse173098|mikl_gse173098|neurite_soma_mpra|GFP 3UTR MPRA|CAD|mikl:Mocs2:500.0:3a8edd8a2eed9397,7a0e905e1509b151,2,3,2,AVAILABLE
mikl_gse173098,mikl_gse173098|mikl_gse173098|neurite_soma_mpra|GFP 3UTR MPRA|CAD|mikl:Mocs2:500.0:94c3f652a0919fed,7a0e905e1509b151,2,3,2,AVAILABLE
mikl_gse173098,mikl_gse173098|mikl_gse173098|neurite_soma_mpra|GFP 3UTR MPRA|CAD|mikl:Mocs2:550.0:3d8a0bcfac5b253e,7a0e905e1509b151,2,3,2,AVAILABLE
mikl_gse173098,mikl_gse173098|mikl_gse173098|neurite_soma_mpra|GFP 3UTR MPRA|CAD|mikl:Mocs2:550.0:746f82213df578e1,7a0e905e1509b151,2,3,2,AVAILABLE
mikl_gse173098,mikl_gse173098|mikl_gse173098|neurite_soma_mpra|GFP 3UTR MPRA|CAD|mikl:Mocs2:600.0:f789fe55bfdef3fa,7a0e905e1509b151,2,3,2,AVAILABLE
mikl_gse173098,mikl_gse173098|mikl_gse173098|neurite_soma_mpra|GFP 3UTR MPRA|CAD|mikl:Mocs2:650.0:f32f550c90688c80,7a0e905e1509b151,2,3,2,AVAILABLE
mikl_gse173098,mikl_gse173098|mikl_gse173098|neurite_soma_mpra|GFP 3UTR MPRA|CAD|mikl:Mocs2:700.0:3fecb325e0b87ac0,7a0e905e1509b151,2,3,2,AVAILABLE
mikl_gse173098,mikl_gse173098|mikl_gse173098|neurite_soma_mpra|GFP 3UTR MPRA|CAD|mikl:Mocs2:850.0:f0b680f5bb51356f,7a0e905e1509b151,2,3,2,AVAILABLE
mikl_gse173098,mikl_gse173098|mikl_gse173098|neurite_soma_mpra|GFP 3UTR MPRA|CAD|mikl:Mocs2:950.0:e369e060d63acd2f,7a0e905e1509b151,6,3,6,AVAILABLE
mikl_gse173098,mikl_gse173098|mikl_gse173098|neurite_soma_mpra|GFP 3UTR MPRA|CAD|mikl:Mre11a:2250.0:7739616e3fb9503a,b89dd91c6b00198e,2,3,2,AVAILABLE
mikl_gse173098,mikl_gse173098|mikl_gse173098|neurite_soma_mpra|GFP 3UTR MPRA|CAD|mikl:Mre11a:2300.0:3d1140fe16aa36ab,b89dd91c6b00198e,3,3,3,AVAILABLE
mikl_gse173098,mikl_gse173098|mikl_gse173098|neurite_soma_mpra|GFP 3UTR MPRA|CAD|mikl:Mre11a:2350.0:66812bfe7dacfa17,b89dd91c6b00198e,2,3,2,AVAILABLE
mikl_gse173098,mikl_gse173098|mikl_gse173098|neurite_soma_mpra|GFP 3UTR MPRA|CAD|mikl:Mre11a:2950.0:acf82b8a8d47d336,b89dd91c6b00198e,3,3,3,AVAILABLE
mikl_gse173098,mikl_gse173098|mikl_gse173098|neurite_soma_mpra|GFP 3UTR MPRA|CAD|mikl:Mre11a:3000.0:53c86d4e4768b632,b89dd91c6b00198e,2,3,2,AVAILABLE
mikl_gse173098,mikl_gse173098|mikl_gse173098|neurite_soma_mpra|GFP 3UTR MPRA|CAD|mikl:Mre11a:3050.0:578b00aca9eeefb5,b89dd91c6b00198e,2,3,2,AVAILABLE
mikl_gse173098,mikl_gse173098|mikl_gse173098|neurite_soma_mpra|GFP 3UTR MPRA|CAD|mikl:Mre11a:350.0:aa5641d9a80635b7,b89dd91c6b00198e,3,3,3,AVAILABLE
mikl_gse173098,mikl_gse173098|mikl_gse173098|neurite_soma_mpra|GFP 3UTR MPRA|CAD|mikl:Mre11a:400.0:1804aa80fbc16505,b89dd91c6b00198e,2,3,2,AVAILABLE
mikl_gse173098,mikl_gse173098|mikl_gse173098|neurite_soma_mpra|GFP 3UTR MPRA|CAD|mikl:Ndnf:2350.0:5e16dd8e8e162793,749db76e2a3aee1d,3,3,3,AVAILABLE
mikl_gse173098,mikl_gse173098|mikl_gse173098|neurite_soma_mpra|GFP 3UTR MPRA|CAD|mikl:Ndnf:2950.0:9387690d3aa28b7e,749db76e2a3aee1d,2,3,2,AVAILABLE
mikl_gse173098,mikl_gse173098|mikl_gse173098|neurite_soma_mpra|GFP 3UTR MPRA|CAD|mikl:Ndnf:3550.0:333ddbf3ae2229c6,749db76e2a3aee1d,2,3,2,AVAILABLE
mikl_gse173098,mikl_gse173098|mikl_gse173098|neurite_soma_mpra|GFP 3UTR MPRA|CAD|mikl:Ndnf:4200.0:a086393b29e1ce33,749db76e2a3aee1d,2,3,2,AVAILABLE
mikl_gse173098,mikl_gse173098|mikl_gse173098|neurite_soma_mpra|GFP 3UTR MPRA|CAD|mikl:Ndnf:4500.0:b6c41f23c59ef8d3,749db76e2a3aee1d,2,3,2,AVAILABLE
mikl_gse173098,mikl_gse173098|mikl_gse173098|neurite_soma_mpra|GFP 3UTR MPRA|CAD|mikl:Ndnf:4550.0:ea410dacbd4bcd88,749db76e2a3aee1d,3,3,3,AVAILABLE
mikl_gse173098,mikl_gse173098|mikl_gse173098|neurite_soma_mpra|GFP 3UTR MPRA|CAD|mikl:Ndnf:4600.0:92ae16ddb29108cb,749db76e2a3aee1d,2,3,2,AVAILABLE
mikl_gse173098,mikl_gse173098|mikl_gse173098|neurite_soma_mpra|GFP 3UTR MPRA|CAD|mikl:Ndufa12:100.0:106a8bd6323bb271,e915c7bbdbb664b3,3,3,3,AVAILABLE
mikl_gse173098,mikl_gse173098|mikl_gse173098|neurite_soma_mpra|GFP 3UTR MPRA|CAD|mikl:Ndufa12:350.0:50a75c02e4984766,e915c7bbdbb664b3,3,3,3,AVAILABLE
mikl_gse173098,mikl_gse173098|mikl_gse173098|neurite_soma_mpra|GFP 3UTR MPRA|CAD|mikl:Ndufa2:0.0:9cba37bc294aa5c0,e457c745ed55184b,2,3,2,AVAILABLE
mikl_gse173098,mikl_gse173098|mikl_gse173098|neurite_soma_mpra|GFP 3UTR MPRA|CAD|mikl:Ndufa2:50.0:b2b897d6579caa8d,e457c745ed55184b,2,3,2,AVAILABLE
mikl_gse173098,mikl_gse173098|mikl_gse173098|neurite_soma_mpra|GFP 3UTR MPRA|CAD|mikl:Ndufb8:100.0:1081ce8ea92633fe,894873fd889e1e43,2,3,2,AVAILABLE
mikl_gse173098,mikl_gse173098|mikl_gse173098|neurite_soma_mpra|GFP 3UTR MPRA|CAD|mikl:Nhsl2:2900.0:db872da1ca41534b,a52ebf3cc780d4f7,2,3,2,AVAILABLE
mikl_gse173098,mikl_gse173098|mikl_gse173098|neurite_soma_mpra|GFP 3UTR MPRA|CAD|mikl:Nhsl2:4500.0:fce504e80d803c74,a52ebf3cc780d4f7,2,3,2,AVAILABLE
mikl_gse173098,mikl_gse173098|mikl_gse173098|neurite_soma_mpra|GFP 3UTR MPRA|CAD|mikl:Nhsl2:4550.0:b0995fa645bdbd11,a52ebf3cc780d4f7,2,3,2,AVAILABLE
mikl_gse173098,mikl_gse173098|mikl_gse173098|neurite_soma_mpra|GFP 3UTR MPRA|CAD|mikl:Nhsl2:4600.0:9f29c8af8e48b66b,a52ebf3cc780d4f7,3,3,3,AVAILABLE
mikl_gse173098,mikl_gse173098|mikl_gse173098|neurite_soma_mpra|GFP 3UTR MPRA|CAD|mikl:Nhsl2:5050.0:c0c118db620f5a61,a52ebf3cc780d4f7,2,3,2,AVAILABLE
mikl_gse173098,mikl_gse173098|mikl_gse173098|neurite_soma_mpra|GFP 3UTR MPRA|CAD|mikl:Nhsl2:5100.0:75389242d2ec90b8,a52ebf3cc780d4f7,3,3,3,AVAILABLE
mikl_gse173098,mikl_gse173098|mikl_gse173098|neurite_soma_mpra|GFP 3UTR MPRA|CAD|mikl:Nhsl2:5150.0:46a9e26655967472,a52ebf3cc780d4f7,2,3,2,AVAILABLE
mikl_gse173098,mikl_gse173098|mikl_gse173098|neurite_soma_mpra|GFP 3UTR MPRA|CAD|mikl:Nhsl2:6650.0:49ca206e9a242c87,a52ebf3cc780d4f7,2,3,2,AVAILABLE
mikl_gse173098,mikl_gse173098|mikl_gse173098|neurite_soma_mpra|GFP 3UTR MPRA|CAD|mikl:Nhsl2:6950.0:d0c13b5584df1e63,a52ebf3cc780d4f7,2,3,2,AVAILABLE
mikl_gse173098,mikl_gse173098|mikl_gse173098|neurite_soma_mpra|GFP 3UTR MPRA|CAD|mikl:Nhsl2:7000.0:60b08254895fa6fd,a52ebf3cc780d4f7,2,3,2,AVAILABLE
mikl_gse173098,mikl_gse173098|mikl_gse173098|neurite_soma_mpra|GFP 3UTR MPRA|CAD|mikl:Nhsl2:7050.0:f4c5289b19daf826,a52ebf3cc780d4f7,2,3,2,AVAILABLE
mikl_gse173098,mikl_gse173098|mikl_gse173098|neurite_soma_mpra|GFP 3UTR MPRA|CAD|mikl:Nhsl2:7650.0:198a167ee64cf6a3,a52ebf3cc780d4f7,2,3,2,AVAILABLE
mikl_gse173098,mikl_gse173098|mikl_gse173098|neurite_soma_mpra|GFP 3UTR MPRA|CAD|mikl:Nhsl2:7700.0:42dd74505832f2a8,a52ebf3cc780d4f7,3,3,3,AVAILABLE
mikl_gse173098,mikl_gse173098|mikl_gse173098|neurite_soma_mpra|GFP 3UTR MPRA|CAD|mikl:Nhsl2:7750.0:52f66625f8d481a2,a52ebf3cc780d4f7,2,3,2,AVAILABLE
mikl_gse173098,mikl_gse173098|mikl_gse173098|neurite_soma_mpra|GFP 3UTR MPRA|CAD|mikl:Nhsl2:8100.0:c3fd59edba3c44f6,a52ebf3cc780d4f7,2,3,2,AVAILABLE
mikl_gse173098,mikl_gse173098|mikl_gse173098|neurite_soma_mpra|GFP 3UTR MPRA|CAD|mikl:Nhsl2:8150.0:0fb6730f24deba6f,a52ebf3cc780d4f7,2,3,2,AVAILABLE
mikl_gse173098,mikl_gse173098|mikl_gse173098|neurite_soma_mpra|GFP 3UTR MPRA|CAD|mikl:Nhsl2:900.0:563a8ad4dfb2381b,a52ebf3cc780d4f7,2,3,2,AVAILABLE
mikl_gse173098,mikl_gse173098|mikl_gse173098|neurite_soma_mpra|GFP 3UTR MPRA|CAD|mikl:Nhsl2:950.0:0e13e8d4cbd1bda2,a52ebf3cc780d4f7,2,3,2,AVAILABLE
mikl_gse173098,mikl_gse173098|mikl_gse173098|neurite_soma_mpra|GFP 3UTR MPRA|CAD|mikl:Nnat:0.0:67eafa87233bc02a,1ca59178072f8e89,2,3,2,AVAILABLE
mikl_gse173098,mikl_gse173098|mikl_gse173098|neurite_soma_mpra|GFP 3UTR MPRA|CAD|mikl:Nnat:150.0:1a53d3dd27fbc320,1ca59178072f8e89,3,3,3,AVAILABLE
mikl_gse173098,mikl_gse173098|mikl_gse173098|neurite_soma_mpra|GFP 3UTR MPRA|CAD|mikl:Nnat:150.0:ec767c69de138539,1ca59178072f8e89,3,3,3,AVAILABLE
mikl_gse173098,mikl_gse173098|mikl_gse173098|neurite_soma_mpra|GFP 3UTR MPRA|CAD|mikl:Nnat:200.0:2d80740344fddd0e,1ca59178072f8e89,2,3,2,AVAILABLE
mikl_gse173098,mikl_gse173098|mikl_gse173098|neurite_soma_mpra|GFP 3UTR MPRA|CAD|mikl:Nnat:350.0:f197b5bff082e219,1ca59178072f8e89,4,3,4,AVAILABLE
mikl_gse173098,mikl_gse173098|mikl_gse173098|neurite_soma_mpra|GFP 3UTR MPRA|CAD|mikl:Nnat:400.0:23232dcdcd063f4e,1ca59178072f8e89,3,3,3,AVAILABLE
mikl_gse173098,mikl_gse173098|mikl_gse173098|neurite_soma_mpra|GFP 3UTR MPRA|CAD|mikl:Nnat:450.0:e825f3ac0d221d6d,1ca59178072f8e89,4,3,4,AVAILABLE
mikl_gse173098,mikl_gse173098|mikl_gse173098|neurite_soma_mpra|GFP 3UTR MPRA|CAD|mikl:Nrgn:0.0:9a67f592e88f1b99,090d06d84bb57b6f,2,3,2,AVAILABLE
mikl_gse173098,mikl_gse173098|mikl_gse173098|neurite_soma_mpra|GFP 3UTR MPRA|CAD|mikl:Nrgn:100.0:c7cd487af86b0e8e,090d06d84bb57b6f,2,3,2,AVAILABLE
mikl_gse173098,mikl_gse173098|mikl_gse173098|neurite_soma_mpra|GFP 3UTR MPRA|CAD|mikl:Nrgn:550.0:6f007f02f7686782,090d06d84bb57b6f,2,3,2,AVAILABLE
mikl_gse173098,mikl_gse173098|mikl_gse173098|neurite_soma_mpra|GFP 3UTR MPRA|CAD|mikl:Nrgn:600.0:a78443c92f75d031,090d06d84bb57b6f,2,3,2,AVAILABLE
mikl_gse173098,mikl_gse173098|mikl_gse173098|neurite_soma_mpra|GFP 3UTR MPRA|CAD|mikl:Nrgn:650.0:8d6f594806475158,090d06d84bb57b6f,2,3,2,AVAILABLE
mikl_gse173098,mikl_gse173098|mikl_gse173098|neurite_soma_mpra|GFP 3UTR MPRA|CAD|mikl:Nsmf:1050.0:49035c2078b3c273,ac3770224ceb6e0c,2,3,2,AVAILABLE
mikl_gse173098,mikl_gse173098|mikl_gse173098|neurite_soma_mpra|GFP 3UTR MPRA|CAD|mikl:Nsmf:1150.0:c678a304054d64c7,ac3770224ceb6e0c,2,3,2,AVAILABLE
mikl_gse173098,mikl_gse173098|mikl_gse173098|neurite_soma_mpra|GFP 3UTR MPRA|CAD|mikl:Nsmf:350.0:0149f4b2511f72ae,ac3770224ceb6e0c,2,3,2,AVAILABLE
mikl_gse173098,mikl_gse173098|mikl_gse173098|neurite_soma_mpra|GFP 3UTR MPRA|CAD|mikl:Nsmf:400.0:e63708434a7f2acd,ac3770224ceb6e0c,2,3,2,AVAILABLE
mikl_gse173098,mikl_gse173098|mikl_gse173098|neurite_soma_mpra|GFP 3UTR MPRA|CAD|mikl:Nsmf:450.0:9de63cdc81d0eca6,ac3770224ceb6e0c,3,3,3,AVAILABLE
mikl_gse173098,mikl_gse173098|mikl_gse173098|neurite_soma_mpra|GFP 3UTR MPRA|CAD|mikl:Nsmf:550.0:b190fcf9532690c6,ac3770224ceb6e0c,2,3,2,AVAILABLE
mikl_gse173098,mikl_gse173098|mikl_gse173098|neurite_soma_mpra|GFP 3UTR MPRA|CAD|mikl:Nsmf:600.0:363e4be654a803d6,ac3770224ceb6e0c,2,3,2,AVAILABLE
mikl_gse173098,mikl_gse173098|mikl_gse173098|neurite_soma_mpra|GFP 3UTR MPRA|CAD|mikl:Nsmf:650.0:5183d55ec4fcab28,ac3770224ceb6e0c,2,3,2,AVAILABLE
mikl_gse173098,mikl_gse173098|mikl_gse173098|neurite_soma_mpra|GFP 3UTR MPRA|CAD|mikl:Nsmf:800.0:22ae9452393fddb1,ac3770224ceb6e0c,2,3,2,AVAILABLE
mikl_gse173098,mikl_gse173098|mikl_gse173098|neurite_soma_mpra|GFP 3UTR MPRA|CAD|mikl:Nsmf:850.0:d9622de4d88ec976,ac3770224ceb6e0c,3,3,3,AVAILABLE
mikl_gse173098,mikl_gse173098|mikl_gse173098|neurite_soma_mpra|GFP 3UTR MPRA|CAD|mikl:Nsmf:900.0:a99e124aea5c4099,ac3770224ceb6e0c,4,3,4,AVAILABLE
mikl_gse173098,mikl_gse173098|mikl_gse173098|neurite_soma_mpra|GFP 3UTR MPRA|CAD|mikl:Nsmf:950.0:0ff2a494d712c9ca,ac3770224ceb6e0c,3,3,3,AVAILABLE
mikl_gse173098,mikl_gse173098|mikl_gse173098|neurite_soma_mpra|GFP 3UTR MPRA|CAD|mikl:Oaf:0.0:6e3645e57e4db622,e4ff58ed3c625aff,2,3,2,AVAILABLE
mikl_gse173098,mikl_gse173098|mikl_gse173098|neurite_soma_mpra|GFP 3UTR MPRA|CAD|mikl:Oaf:100.0:b1aee9daec571c90,e4ff58ed3c625aff,4,3,4,AVAILABLE
mikl_gse173098,mikl_gse173098|mikl_gse173098|neurite_soma_mpra|GFP 3UTR MPRA|CAD|mikl:Oaf:1150.0:7f9e4eda9a36fe3d,e4ff58ed3c625aff,2,3,2,AVAILABLE
mikl_gse173098,mikl_gse173098|mikl_gse173098|neurite_soma_mpra|GFP 3UTR MPRA|CAD|mikl:Oaf:150.0:c0b5ad11bd111715,e4ff58ed3c625aff,4,3,4,AVAILABLE
mikl_gse173098,mikl_gse173098|mikl_gse173098|neurite_soma_mpra|GFP 3UTR MPRA|CAD|mikl:Oaf:200.0:b0fd257441679657,e4ff58ed3c625aff,3,3,3,AVAILABLE
mikl_gse173098,mikl_gse173098|mikl_gse173098|neurite_soma_mpra|GFP 3UTR MPRA|CAD|mikl:Oaf:450.0:9fe409e671999138,e4ff58ed3c625aff,3,3,3,AVAILABLE
mikl_gse173098,mikl_gse173098|mikl_gse173098|neurite_soma_mpra|GFP 3UTR MPRA|CAD|mikl:Oaf:50.0:32219f0e5da7a4a9,e4ff58ed3c625aff,2,3,2,AVAILABLE
mikl_gse173098,mikl_gse173098|mikl_gse173098|neurite_soma_mpra|GFP 3UTR MPRA|CAD|mikl:Oaf:800.0:0c53c137a90af040,e4ff58ed3c625aff,4,3,4,AVAILABLE
mikl_gse173098,mikl_gse173098|mikl_gse173098|neurite_soma_mpra|GFP 3UTR MPRA|CAD|mikl:Oaf:850.0:90c126ed4d1c9b72,e4ff58ed3c625aff,3,3,3,AVAILABLE
mikl_gse173098,mikl_gse173098|mikl_gse173098|neurite_soma_mpra|GFP 3UTR MPRA|CAD|mikl:Ociad2:0.0:863a58538492a85d,e885bb117294e15f,3,3,3,AVAILABLE
mikl_gse173098,mikl_gse173098|mikl_gse173098|neurite_soma_mpra|GFP 3UTR MPRA|CAD|mikl:Ociad2:0.0:9d92ba151692233a,e885bb117294e15f,3,3,3,AVAILABLE
mikl_gse173098,mikl_gse173098|mikl_gse173098|neurite_soma_mpra|GFP 3UTR MPRA|CAD|mikl:Ociad2:100.0:5148d5423f251e53,e885bb117294e15f,2,3,2,AVAILABLE
mikl_gse173098,mikl_gse173098|mikl_gse173098|neurite_soma_mpra|GFP 3UTR MPRA|CAD|mikl:Ociad2:1000.0:2b47aa1cf6e421c5,e885bb117294e15f,2,3,2,AVAILABLE
mikl_gse173098,mikl_gse173098|mikl_gse173098|neurite_soma_mpra|GFP 3UTR MPRA|CAD|mikl:Ociad2:1000.0:fe056bdabaa87d30,e885bb117294e15f,2,3,2,AVAILABLE
mikl_gse173098,mikl_gse173098|mikl_gse173098|neurite_soma_mpra|GFP 3UTR MPRA|CAD|mikl:Ociad2:1050.0:646878b0a188887e,e885bb117294e15f,2,3,2,AVAILABLE
mikl_gse173098,mikl_gse173098|mikl_gse173098|neurite_soma_mpra|GFP 3UTR MPRA|CAD|mikl:Ociad2:1050.0:ddec93d079d21aa3,e885bb117294e15f,2,3,2,AVAILABLE
mikl_gse173098,mikl_gse173098|mikl_gse173098|neurite_soma_mpra|GFP 3UTR MPRA|CAD|mikl:Ociad2:1100.0:2b3eab92f723cc18,e885bb117294e15f,3,3,3,AVAILABLE
mikl_gse173098,mikl_gse173098|mikl_gse173098|neurite_soma_mpra|GFP 3UTR MPRA|CAD|mikl:Ociad2:1100.0:97929731d90a259d,e885bb117294e15f,2,3,2,AVAILABLE
mikl_gse173098,mikl_gse173098|mikl_gse173098|neurite_soma_mpra|GFP 3UTR MPRA|CAD|mikl:Ociad2:1150.0:0aff44cb01318609,e885bb117294e15f,2,3,2,AVAILABLE
mikl_gse173098,mikl_gse173098|mikl_gse173098|neurite_soma_mpra|GFP 3UTR MPRA|CAD|mikl:Ociad2:1150.0:aae7c0863db2cfd9,e885bb117294e15f,2,3,2,AVAILABLE
mikl_gse173098,mikl_gse173098|mikl_gse173098|neurite_soma_mpra|GFP 3UTR MPRA|CAD|mikl:Ociad2:1200.0:442b4326bec454bc,e885bb117294e15f,2,3,2,AVAILABLE
mikl_gse173098,mikl_gse173098|mikl_gse173098|neurite_soma_mpra|GFP 3UTR MPRA|CAD|mikl:Ociad2:1200.0:c88aacf2f7fb4abb,e885bb117294e15f,2,3,2,AVAILABLE
mikl_gse173098,mikl_gse173098|mikl_gse173098|neurite_soma_mpra|GFP 3UTR MPRA|CAD|mikl:Ociad2:1250.0:00f698b01c05d563,e885bb117294e15f,2,3,2,AVAILABLE
mikl_gse173098,mikl_gse173098|mikl_gse173098|neurite_soma_mpra|GFP 3UTR MPRA|CAD|mikl:Ociad2:1250.0:860d74999f2f6c35,e885bb117294e15f,2,3,2,AVAILABLE
mikl_gse173098,mikl_gse173098|mikl_gse173098|neurite_soma_mpra|GFP 3UTR MPRA|CAD|mikl:Ociad2:1300.0:5cb1a6931d0e447f,e885bb117294e15f,2,3,2,AVAILABLE
mikl_gse173098,mikl_gse173098|mikl_gse173098|neurite_soma_mpra|GFP 3UTR MPRA|CAD|mikl:Ociad2:1300.0:e6baf51288f4250a,e885bb117294e15f,2,3,2,AVAILABLE
mikl_gse173098,mikl_gse173098|mikl_gse173098|neurite_soma_mpra|GFP 3UTR MPRA|CAD|mikl:Ociad2:1350.0:3f3e2e7733106a1d,e885bb117294e15f,3,3,3,AVAILABLE
mikl_gse173098,mikl_gse173098|mikl_gse173098|neurite_soma_mpra|GFP 3UTR MPRA|CAD|mikl:Ociad2:1350.0:da198aea2f4d8f35,e885bb117294e15f,3,3,3,AVAILABLE
mikl_gse173098,mikl_gse173098|mikl_gse173098|neurite_soma_mpra|GFP 3UTR MPRA|CAD|mikl:Ociad2:1400.0:99b4fd178004e9c9,e885bb117294e15f,4,3,4,AVAILABLE
mikl_gse173098,mikl_gse173098|mikl_gse173098|neurite_soma_mpra|GFP 3UTR MPRA|CAD|mikl:Ociad2:200.0:3bd0a0ab256baefa,e885bb117294e15f,2,3,2,AVAILABLE
mikl_gse173098,mikl_gse173098|mikl_gse173098|neurite_soma_mpra|GFP 3UTR MPRA|CAD|mikl:Ociad2:250.0:28169e807193dc9a,e885bb117294e15f,2,3,2,AVAILABLE
mikl_gse173098,mikl_gse173098|mikl_gse173098|neurite_soma_mpra|GFP 3UTR MPRA|CAD|mikl:Ociad2:250.0:f77c5af2419c1a59,e885bb117294e15f,2,3,2,AVAILABLE
mikl_gse173098,mikl_gse173098|mikl_gse173098|neurite_soma_mpra|GFP 3UTR MPRA|CAD|mikl:Ociad2:300.0:08b78b1e2ec5a703,e885bb117294e15f,3,3,3,AVAILABLE
mikl_gse173098,mikl_gse173098|mikl_gse173098|neurite_soma_mpra|GFP 3UTR MPRA|CAD|mikl:Ociad2:300.0:ab2cbcad926747a9,e885bb117294e15f,2,3,2,AVAILABLE
mikl_gse173098,mikl_gse173098|mikl_gse173098|neurite_soma_mpra|GFP 3UTR MPRA|CAD|mikl:Ociad2:350.0:079dbeb0ec5d4684,e885bb117294e15f,3,3,3,AVAILABLE
mikl_gse173098,mikl_gse173098|mikl_gse173098|neurite_soma_mpra|GFP 3UTR MPRA|CAD|mikl:Ociad2:350.0:1e4ea41bbf90a49a,e885bb117294e15f,2,3,2,AVAILABLE
mikl_gse173098,mikl_gse173098|mikl_gse173098|neurite_soma_mpra|GFP 3UTR MPRA|CAD|mikl:Ociad2:400.0:8e5893139721eaa7,e885bb117294e15f,2,3,2,AVAILABLE
mikl_gse173098,mikl_gse173098|mikl_gse173098|neurite_soma_mpra|GFP 3UTR MPRA|CAD|mikl:Ociad2:450.0:950d23f5511390af,e885bb117294e15f,2,3,2,AVAILABLE
mikl_gse173098,mikl_gse173098|mikl_gse173098|neurite_soma_mpra|GFP 3UTR MPRA|CAD|mikl:Ociad2:50.0:55db80e0a74407cb,e885bb117294e15f,3,3,3,AVAILABLE
mikl_gse173098,mikl_gse173098|mikl_gse173098|neurite_soma_mpra|GFP 3UTR MPRA|CAD|mikl:Ociad2:50.0:9ce5e312f12df913,e885bb117294e15f,3,3,3,AVAILABLE
mikl_gse173098,mikl_gse173098|mikl_gse173098|neurite_soma_mpra|GFP 3UTR MPRA|CAD|mikl:Ociad2:600.0:a7da48bbcd26f1e0,e885bb117294e15f,2,3,2,AVAILABLE
mikl_gse173098,mikl_gse173098|mikl_gse173098|neurite_soma_mpra|GFP 3UTR MPRA|CAD|mikl:Ociad2:600.0:c13ee4c400b93a58,e885bb117294e15f,5,3,5,AVAILABLE
mikl_gse173098,mikl_gse173098|mikl_gse173098|neurite_soma_mpra|GFP 3UTR MPRA|CAD|mikl:Ociad2:650.0:1669fd9ad4a9640c,e885bb117294e15f,5,3,5,AVAILABLE
mikl_gse173098,mikl_gse173098|mikl_gse173098|neurite_soma_mpra|GFP 3UTR MPRA|CAD|mikl:Ociad2:650.0:4cb9adfcd5299f70,e885bb117294e15f,5,3,5,AVAILABLE
mikl_gse173098,mikl_gse173098|mikl_gse173098|neurite_soma_mpra|GFP 3UTR MPRA|CAD|mikl:Ociad2:700.0:bfd33e6c2737edef,e885bb117294e15f,4,3,4,AVAILABLE
mikl_gse173098,mikl_gse173098|mikl_gse173098|neurite_soma_mpra|GFP 3UTR MPRA|CAD|mikl:Ociad2:700.0:e0c47247345f488e,e885bb117294e15f,6,3,6,AVAILABLE
mikl_gse173098,mikl_gse173098|mikl_gse173098|neurite_soma_mpra|GFP 3UTR MPRA|CAD|mikl:Ociad2:750.0:9c72595d3b0ca30a,e885bb117294e15f,3,3,3,AVAILABLE
mikl_gse173098,mikl_gse173098|mikl_gse173098|neurite_soma_mpra|GFP 3UTR MPRA|CAD|mikl:Ociad2:750.0:c57b2277df034e5f,e885bb117294e15f,5,3,5,AVAILABLE
mikl_gse173098,mikl_gse173098|mikl_gse173098|neurite_soma_mpra|GFP 3UTR MPRA|CAD|mikl:Ociad2:800.0:6272807629e8b403,e885bb117294e15f,4,3,4,AVAILABLE
mikl_gse173098,mikl_gse173098|mikl_gse173098|neurite_soma_mpra|GFP 3UTR MPRA|CAD|mikl:Ociad2:850.0:136f020de06a4b67,e885bb117294e15f,2,3,2,AVAILABLE
mikl_gse173098,mikl_gse173098|mikl_gse173098|neurite_soma_mpra|GFP 3UTR MPRA|CAD|mikl:Ociad2:900.0:381e10bf26072338,e885bb117294e15f,2,3,2,AVAILABLE
mikl_gse173098,mikl_gse173098|mikl_gse173098|neurite_soma_mpra|GFP 3UTR MPRA|CAD|mikl:Ociad2:900.0:edbece30650e8393,e885bb117294e15f,3,3,3,AVAILABLE
mikl_gse173098,mikl_gse173098|mikl_gse173098|neurite_soma_mpra|GFP 3UTR MPRA|CAD|mikl:Ociad2:950.0:2f522b7a647b21b5,e885bb117294e15f,2,3,2,AVAILABLE
mikl_gse173098,mikl_gse173098|mikl_gse173098|neurite_soma_mpra|GFP 3UTR MPRA|CAD|mikl:Ociad2:950.0:afdad74621843ee9,e885bb117294e15f,2,3,2,AVAILABLE
mikl_gse173098,mikl_gse173098|mikl_gse173098|neurite_soma_mpra|GFP 3UTR MPRA|CAD|mikl:Ogt:1000.0:6e15918dd22a79ed,f69b60ce97417374,3,3,3,AVAILABLE
mikl_gse173098,mikl_gse173098|mikl_gse173098|neurite_soma_mpra|GFP 3UTR MPRA|CAD|mikl:Ogt:1050.0:807ae4f1f55b15d3,f69b60ce97417374,3,3,3,AVAILABLE
mikl_gse173098,mikl_gse173098|mikl_gse173098|neurite_soma_mpra|GFP 3UTR MPRA|CAD|mikl:Ogt:1350.0:376fdc41656669b6,f69b60ce97417374,2,3,2,AVAILABLE
mikl_gse173098,mikl_gse173098|mikl_gse173098|neurite_soma_mpra|GFP 3UTR MPRA|CAD|mikl:Ogt:1400.0:ea958b2d52517a20,f69b60ce97417374,2,3,2,AVAILABLE
mikl_gse173098,mikl_gse173098|mikl_gse173098|neurite_soma_mpra|GFP 3UTR MPRA|CAD|mikl:Ogt:1450.0:d6c59a4fbbf861a6,f69b60ce97417374,2,3,2,AVAILABLE
mikl_gse173098,mikl_gse173098|mikl_gse173098|neurite_soma_mpra|GFP 3UTR MPRA|CAD|mikl:Ogt:1500.0:1b91129458fce061,f69b60ce97417374,5,3,5,AVAILABLE
mikl_gse173098,mikl_gse173098|mikl_gse173098|neurite_soma_mpra|GFP 3UTR MPRA|CAD|mikl:Ogt:1550.0:f6936aea0ddfcde6,f69b60ce97417374,5,3,5,AVAILABLE
mikl_gse173098,mikl_gse173098|mikl_gse173098|neurite_soma_mpra|GFP 3UTR MPRA|CAD|mikl:Ogt:1600.0:1c425d8661c29556,f69b60ce97417374,2,3,2,AVAILABLE
mikl_gse173098,mikl_gse173098|mikl_gse173098|neurite_soma_mpra|GFP 3UTR MPRA|CAD|mikl:Ogt:1700.0:01d3b931297ad600,f69b60ce97417374,3,3,3,AVAILABLE
mikl_gse173098,mikl_gse173098|mikl_gse173098|neurite_soma_mpra|GFP 3UTR MPRA|CAD|mikl:Ogt:1750.0:47cec722f2e262f7,f69b60ce97417374,3,3,3,AVAILABLE
mikl_gse173098,mikl_gse173098|mikl_gse173098|neurite_soma_mpra|GFP 3UTR MPRA|CAD|mikl:Ogt:1800.0:23ec96dc8ac4d140,f69b60ce97417374,3,3,3,AVAILABLE
mikl_gse173098,mikl_gse173098|mikl_gse173098|neurite_soma_mpra|GFP 3UTR MPRA|CAD|mikl:Ogt:200.0:f790499b1ef4c1c2,f69b60ce97417374,2,3,2,AVAILABLE
mikl_gse173098,mikl_gse173098|mikl_gse173098|neurite_soma_mpra|GFP 3UTR MPRA|CAD|mikl:Ogt:250.0:39ff610ad77ce1bc,f69b60ce97417374,2,3,2,AVAILABLE
mikl_gse173098,mikl_gse173098|mikl_gse173098|neurite_soma_mpra|GFP 3UTR MPRA|CAD|mikl:Ogt:300.0:4fb2f060ee8883d5,f69b60ce97417374,3,3,3,AVAILABLE
mikl_gse173098,mikl_gse173098|mikl_gse173098|neurite_soma_mpra|GFP 3UTR MPRA|CAD|mikl:Ogt:350.0:9d2423b6a5141d0e,f69b60ce97417374,5,3,5,AVAILABLE
mikl_gse173098,mikl_gse173098|mikl_gse173098|neurite_soma_mpra|GFP 3UTR MPRA|CAD|mikl:Ogt:400.0:eabe7758f9ddd3b6,f69b60ce97417374,2,3,2,AVAILABLE
mikl_gse173098,mikl_gse173098|mikl_gse173098|neurite_soma_mpra|GFP 3UTR MPRA|CAD|mikl:Ogt:650.0:a82bcb6ac09d7ad2,f69b60ce97417374,2,3,2,AVAILABLE
mikl_gse173098,mikl_gse173098|mikl_gse173098|neurite_soma_mpra|GFP 3UTR MPRA|CAD|mikl:Ogt:700.0:ca3364b00a6fd180,f69b60ce97417374,3,3,3,AVAILABLE
mikl_gse173098,mikl_gse173098|mikl_gse173098|neurite_soma_mpra|GFP 3UTR MPRA|CAD|mikl:Ogt:850.0:a4cb0dcab0af6d09,f69b60ce97417374,5,3,5,AVAILABLE
mikl_gse173098,mikl_gse173098|mikl_gse173098|neurite_soma_mpra|GFP 3UTR MPRA|CAD|mikl:Ogt:900.0:49374bc09d74d90f,f69b60ce97417374,7,3,7,AVAILABLE
mikl_gse173098,mikl_gse173098|mikl_gse173098|neurite_soma_mpra|GFP 3UTR MPRA|CAD|mikl:Ogt:950.0:f959cd6866a59c9c,f69b60ce97417374,4,3,4,AVAILABLE
mikl_gse173098,mikl_gse173098|mikl_gse173098|neurite_soma_mpra|GFP 3UTR MPRA|CAD|mikl:Oprd1:0.0:86c542cb075519fd,cf7e1de2db4f4d86,4,3,4,AVAILABLE
mikl_gse173098,mikl_gse173098|mikl_gse173098|neurite_soma_mpra|GFP 3UTR MPRA|CAD|mikl:Oprd1:100.0:fc22ac6cb252fe3b,cf7e1de2db4f4d86,5,3,5,AVAILABLE
mikl_gse173098,mikl_gse173098|mikl_gse173098|neurite_soma_mpra|GFP 3UTR MPRA|CAD|mikl:Oprd1:1750.0:99129988fc960c94,cf7e1de2db4f4d86,2,3,2,AVAILABLE
mikl_gse173098,mikl_gse173098|mikl_gse173098|neurite_soma_mpra|GFP 3UTR MPRA|CAD|mikl:Oprd1:1800.0:1253ac32b8a1632e,cf7e1de2db4f4d86,3,3,3,AVAILABLE
mikl_gse173098,mikl_gse173098|mikl_gse173098|neurite_soma_mpra|GFP 3UTR MPRA|CAD|mikl:Oprd1:1850.0:23343cbec754acd4,cf7e1de2db4f4d86,4,3,4,AVAILABLE
mikl_gse173098,mikl_gse173098|mikl_gse173098|neurite_soma_mpra|GFP 3UTR MPRA|CAD|mikl:Oprd1:1900.0:6e4e66b8cf667217,cf7e1de2db4f4d86,2,3,2,AVAILABLE
mikl_gse173098,mikl_gse173098|mikl_gse173098|neurite_soma_mpra|GFP 3UTR MPRA|CAD|mikl:Oprd1:1950.0:7c34749f5812d1cb,cf7e1de2db4f4d86,2,3,2,AVAILABLE
mikl_gse173098,mikl_gse173098|mikl_gse173098|neurite_soma_mpra|GFP 3UTR MPRA|CAD|mikl:Oprd1:2050.0:19e1f7e4ca7b758e,cf7e1de2db4f4d86,2,3,2,AVAILABLE
mikl_gse173098,mikl_gse173098|mikl_gse173098|neurite_soma_mpra|GFP 3UTR MPRA|CAD|mikl:Oprd1:300.0:01cf4d348ed71b3b,cf7e1de2db4f4d86,2,3,2,AVAILABLE
mikl_gse173098,mikl_gse173098|mikl_gse173098|neurite_soma_mpra|GFP 3UTR MPRA|CAD|mikl:Oprd1:350.0:e8898809f999c352,cf7e1de2db4f4d86,4,3,4,AVAILABLE
mikl_gse173098,mikl_gse173098|mikl_gse173098|neurite_soma_mpra|GFP 3UTR MPRA|CAD|mikl:Oprd1:400.0:f1b631cb3dce37f3,cf7e1de2db4f4d86,3,3,3,AVAILABLE
mikl_gse173098,mikl_gse173098|mikl_gse173098|neurite_soma_mpra|GFP 3UTR MPRA|CAD|mikl:Oprd1:50.0:50d65de5d7a35c82,cf7e1de2db4f4d86,3,3,3,AVAILABLE
mikl_gse173098,mikl_gse173098|mikl_gse173098|neurite_soma_mpra|GFP 3UTR MPRA|CAD|mikl:Oprd1:750.0:300e1e93941e6666,cf7e1de2db4f4d86,2,3,2,AVAILABLE
mikl_gse173098,mikl_gse173098|mikl_gse173098|neurite_soma_mpra|GFP 3UTR MPRA|CAD|mikl:Otc:0.0:718a80f240df0c96,02df9a5dbd04efca,2,3,2,AVAILABLE
mikl_gse173098,mikl_gse173098|mikl_gse173098|neurite_soma_mpra|GFP 3UTR MPRA|CAD|mikl:Oxct1:100.0:bc7862710037bdfe,61aab16ca5f719c2,4,3,4,AVAILABLE
mikl_gse173098,mikl_gse173098|mikl_gse173098|neurite_soma_mpra|GFP 3UTR MPRA|CAD|mikl:Oxct1:1400.0:579ca06415e12ab9,61aab16ca5f719c2,5,3,5,AVAILABLE
mikl_gse173098,mikl_gse173098|mikl_gse173098|neurite_soma_mpra|GFP 3UTR MPRA|CAD|mikl:Oxct1:150.0:bf6400ecaa93d36b,61aab16ca5f719c2,3,3,3,AVAILABLE
mikl_gse173098,mikl_gse173098|mikl_gse173098|neurite_soma_mpra|GFP 3UTR MPRA|CAD|mikl:Oxct1:200.0:e938c37794af9ca2,61aab16ca5f719c2,3,3,3,AVAILABLE
mikl_gse173098,mikl_gse173098|mikl_gse173098|neurite_soma_mpra|GFP 3UTR MPRA|CAD|mikl:Oxct1:300.0:5599013ef7e5dc29,61aab16ca5f719c2,2,3,2,AVAILABLE
mikl_gse173098,mikl_gse173098|mikl_gse173098|neurite_soma_mpra|GFP 3UTR MPRA|CAD|mikl:Oxct1:50.0:b8a46876b03fc386,61aab16ca5f719c2,2,3,2,AVAILABLE
mikl_gse173098,mikl_gse173098|mikl_gse173098|neurite_soma_mpra|GFP 3UTR MPRA|CAD|mikl:Oxct1:550.0:72892e6aeab23d5b,61aab16ca5f719c2,5,3,5,AVAILABLE
mikl_gse173098,mikl_gse173098|mikl_gse173098|neurite_soma_mpra|GFP 3UTR MPRA|CAD|mikl:Oxct1:600.0:3c5296440f3be2ed,61aab16ca5f719c2,5,3,5,AVAILABLE
mikl_gse173098,mikl_gse173098|mikl_gse173098|neurite_soma_mpra|GFP 3UTR MPRA|CAD|mikl:Oxct1:650.0:b93539ed513746d7,61aab16ca5f719c2,6,3,6,AVAILABLE
mikl_gse173098,mikl_gse173098|mikl_gse173098|neurite_soma_mpra|GFP 3UTR MPRA|CAD|mikl:Oxct1:700.0:efdfcfa0030885b4,61aab16ca5f719c2,2,3,2,AVAILABLE
mikl_gse173098,mikl_gse173098|mikl_gse173098|neurite_soma_mpra|GFP 3UTR MPRA|CAD|mikl:Oxct1:750.0:dfea26cd11bd1df5,61aab16ca5f719c2,2,3,2,AVAILABLE
mikl_gse173098,mikl_gse173098|mikl_gse173098|neurite_soma_mpra|GFP 3UTR MPRA|CAD|mikl:Oxct1:800.0:ed5dfb2e7eeef0d8,61aab16ca5f719c2,2,3,2,AVAILABLE
mikl_gse173098,mikl_gse173098|mikl_gse173098|neurite_soma_mpra|GFP 3UTR MPRA|CAD|mikl:Pacsin1:0.0:6c3321afff5d3140,a7eb9ab7354a60a1,3,3,3,AVAILABLE
mikl_gse173098,mikl_gse173098|mikl_gse173098|neurite_soma_mpra|GFP 3UTR MPRA|CAD|mikl:Pacsin1:100.0:ba4b294f531d71d9,a7eb9ab7354a60a1,3,3,3,AVAILABLE
mikl_gse173098,mikl_gse173098|mikl_gse173098|neurite_soma_mpra|GFP 3UTR MPRA|CAD|mikl:Pacsin1:1150.0:50990916862d6ca1,a7eb9ab7354a60a1,4,3,4,AVAILABLE
mikl_gse173098,mikl_gse173098|mikl_gse173098|neurite_soma_mpra|GFP 3UTR MPRA|CAD|mikl:Pacsin1:1200.0:4fb4b494da31ae8f,a7eb9ab7354a60a1,3,3,3,AVAILABLE
mikl_gse173098,mikl_gse173098|mikl_gse173098|neurite_soma_mpra|GFP 3UTR MPRA|CAD|mikl:Pacsin1:150.0:e948e04e46ba827a,a7eb9ab7354a60a1,2,3,2,AVAILABLE
mikl_gse173098,mikl_gse173098|mikl_gse173098|neurite_soma_mpra|GFP 3UTR MPRA|CAD|mikl:Pacsin1:1800.0:340cf9c28298a345,a7eb9ab7354a60a1,2,3,2,AVAILABLE
mikl_gse173098,mikl_gse173098|mikl_gse173098|neurite_soma_mpra|GFP 3UTR MPRA|CAD|mikl:Pacsin1:1850.0:54e94c0e03e25ed8,a7eb9ab7354a60a1,2,3,2,AVAILABLE
mikl_gse173098,mikl_gse173098|mikl_gse173098|neurite_soma_mpra|GFP 3UTR MPRA|CAD|mikl:Pacsin1:2500.0:16c063045f30b4b5,a7eb9ab7354a60a1,5,3,5,AVAILABLE
mikl_gse173098,mikl_gse173098|mikl_gse173098|neurite_soma_mpra|GFP 3UTR MPRA|CAD|mikl:Pacsin1:2550.0:b8b1731f97bab9cd,a7eb9ab7354a60a1,5,3,5,AVAILABLE
mikl_gse173098,mikl_gse173098|mikl_gse173098|neurite_soma_mpra|GFP 3UTR MPRA|CAD|mikl:Pacsin1:2600.0:b43b71828c1d2d8b,a7eb9ab7354a60a1,5,3,5,AVAILABLE
mikl_gse173098,mikl_gse173098|mikl_gse173098|neurite_soma_mpra|GFP 3UTR MPRA|CAD|mikl:Pacsin1:400.0:dda3a95b04092d92,a7eb9ab7354a60a1,2,3,2,AVAILABLE
mikl_gse173098,mikl_gse173098|mikl_gse173098|neurite_soma_mpra|GFP 3UTR MPRA|CAD|mikl:Pacsin1:450.0:989d579c018967cb,a7eb9ab7354a60a1,2,3,2,AVAILABLE
mikl_gse173098,mikl_gse173098|mikl_gse173098|neurite_soma_mpra|GFP 3UTR MPRA|CAD|mikl:Pacsin1:50.0:f74c31e85fd2bae4,a7eb9ab7354a60a1,3,3,3,AVAILABLE
mikl_gse173098,mikl_gse173098|mikl_gse173098|neurite_soma_mpra|GFP 3UTR MPRA|CAD|mikl:Pacsin1:550.0:ef85c797316aceca,a7eb9ab7354a60a1,2,3,2,AVAILABLE
mikl_gse173098,mikl_gse173098|mikl_gse173098|neurite_soma_mpra|GFP 3UTR MPRA|CAD|mikl:Pacsin1:750.0:141beaa41ce1d0bf,a7eb9ab7354a60a1,2,3,2,AVAILABLE
mikl_gse173098,mikl_gse173098|mikl_gse173098|neurite_soma_mpra|GFP 3UTR MPRA|CAD|mikl:Pate2:650.0:9f6fe1bc1a12c3ae,6c9762cd3b7bcd1d,2,3,2,AVAILABLE
mikl_gse173098,mikl_gse173098|mikl_gse173098|neurite_soma_mpra|GFP 3UTR MPRA|CAD|mikl:Pate2:700.0:88b4a0ecb084a5ee,6c9762cd3b7bcd1d,2,3,2,AVAILABLE
mikl_gse173098,mikl_gse173098|mikl_gse173098|neurite_soma_mpra|GFP 3UTR MPRA|CAD|mikl:Pate2:800.0:12a510442d576a74,6c9762cd3b7bcd1d,2,3,2,AVAILABLE
mikl_gse173098,mikl_gse173098|mikl_gse173098|neurite_soma_mpra|GFP 3UTR MPRA|CAD|mikl:Pate2:850.0:42c4260a145c39a6,6c9762cd3b7bcd1d,2,3,2,AVAILABLE
mikl_gse173098,mikl_gse173098|mikl_gse173098|neurite_soma_mpra|GFP 3UTR MPRA|CAD|mikl:Pcdh15:0.0:ede9435d41f0fff7,908da0dbd9898b1c,3,3,3,AVAILABLE
mikl_gse173098,mikl_gse173098|mikl_gse173098|neurite_soma_mpra|GFP 3UTR MPRA|CAD|mikl:Pcdh15:1000.0:f131c575752036d9,908da0dbd9898b1c,4,3,4,AVAILABLE
mikl_gse173098,mikl_gse173098|mikl_gse173098|neurite_soma_mpra|GFP 3UTR MPRA|CAD|mikl:Pcdh15:1600.0:1e9f96883397efb0,908da0dbd9898b1c,2,3,2,AVAILABLE
mikl_gse173098,mikl_gse173098|mikl_gse173098|neurite_soma_mpra|GFP 3UTR MPRA|CAD|mikl:Pcdh15:1900.0:bf554517df2f4342,908da0dbd9898b1c,2,3,2,AVAILABLE
mikl_gse173098,mikl_gse173098|mikl_gse173098|neurite_soma_mpra|GFP 3UTR MPRA|CAD|mikl:Pcdh15:200.0:e3d043b35cf0ed15,908da0dbd9898b1c,2,3,2,AVAILABLE
mikl_gse173098,mikl_gse173098|mikl_gse173098|neurite_soma_mpra|GFP 3UTR MPRA|CAD|mikl:Pcdh15:300.0:4dbe76224f6dc913,908da0dbd9898b1c,3,3,3,AVAILABLE
mikl_gse173098,mikl_gse173098|mikl_gse173098|neurite_soma_mpra|GFP 3UTR MPRA|CAD|mikl:Pcdh15:300.0:ee1fb3b75f2dcd05,908da0dbd9898b1c,2,3,2,AVAILABLE
mikl_gse173098,mikl_gse173098|mikl_gse173098|neurite_soma_mpra|GFP 3UTR MPRA|CAD|mikl:Pcdh15:3300.0:f50a7e864e05062e,908da0dbd9898b1c,2,3,2,AVAILABLE
mikl_gse173098,mikl_gse173098|mikl_gse173098|neurite_soma_mpra|GFP 3UTR MPRA|CAD|mikl:Pcdh15:3300.0:ff2e0164d4b1ca2e,908da0dbd9898b1c,2,3,2,AVAILABLE
mikl_gse173098,mikl_gse173098|mikl_gse173098|neurite_soma_mpra|GFP 3UTR MPRA|CAD|mikl:Pcdh15:3350.0:079f117c0a6c23ad,908da0dbd9898b1c,2,3,2,AVAILABLE
mikl_gse173098,mikl_gse173098|mikl_gse173098|neurite_soma_mpra|GFP 3UTR MPRA|CAD|mikl:Pcdh15:3350.0:ba6d65a6f06be0d8,908da0dbd9898b1c,2,3,2,AVAILABLE
mikl_gse173098,mikl_gse173098|mikl_gse173098|neurite_soma_mpra|GFP 3UTR MPRA|CAD|mikl:Pcdh15:3400.0:a1233de4bcd07021,908da0dbd9898b1c,2,3,2,AVAILABLE
mikl_gse173098,mikl_gse173098|mikl_gse173098|neurite_soma_mpra|GFP 3UTR MPRA|CAD|mikl:Pcdh15:3400.0:d0ac19fed2e2c9f6,908da0dbd9898b1c,2,3,2,AVAILABLE
mikl_gse173098,mikl_gse173098|mikl_gse173098|neurite_soma_mpra|GFP 3UTR MPRA|CAD|mikl:Pcdh15:3450.0:17c623419c367b17,908da0dbd9898b1c,2,3,2,AVAILABLE
mikl_gse173098,mikl_gse173098|mikl_gse173098|neurite_soma_mpra|GFP 3UTR MPRA|CAD|mikl:Pcdh15:350.0:5d3ab87b0ad9ef73,908da0dbd9898b1c,2,3,2,AVAILABLE
mikl_gse173098,mikl_gse173098|mikl_gse173098|neurite_soma_mpra|GFP 3UTR MPRA|CAD|mikl:Pcdh15:350.0:6572b8aea6d544e1,908da0dbd9898b1c,2,3,2,AVAILABLE
mikl_gse173098,mikl_gse173098|mikl_gse173098|neurite_soma_mpra|GFP 3UTR MPRA|CAD|mikl:Pcdh15:350.0:bac67cb4bf691aa5,908da0dbd9898b1c,3,3,3,AVAILABLE
mikl_gse173098,mikl_gse173098|mikl_gse173098|neurite_soma_mpra|GFP 3UTR MPRA|CAD|mikl:Pcdh15:3500.0:2aa51dc5dd69aeea,908da0dbd9898b1c,2,3,2,AVAILABLE
mikl_gse173098,mikl_gse173098|mikl_gse173098|neurite_soma_mpra|GFP 3UTR MPRA|CAD|mikl:Pcdh15:3500.0:b376ef4fecc0847a,908da0dbd9898b1c,2,3,2,AVAILABLE
mikl_gse173098,mikl_gse173098|mikl_gse173098|neurite_soma_mpra|GFP 3UTR MPRA|CAD|mikl:Pcdh15:3950.0:e9a5fd0320afa5b2,908da0dbd9898b1c,3,3,3,AVAILABLE
mikl_gse173098,mikl_gse173098|mikl_gse173098|neurite_soma_mpra|GFP 3UTR MPRA|CAD|mikl:Pcdh15:3950.0:f485f46cd63339b7,908da0dbd9898b1c,3,3,3,AVAILABLE
mikl_gse173098,mikl_gse173098|mikl_gse173098|neurite_soma_mpra|GFP 3UTR MPRA|CAD|mikl:Pcdh15:4000.0:4a15c3631c8f0ffc,908da0dbd9898b1c,3,3,3,AVAILABLE
mikl_gse173098,mikl_gse173098|mikl_gse173098|neurite_soma_mpra|GFP 3UTR MPRA|CAD|mikl:Pcdh15:4000.0:b2d22f873639a8b9,908da0dbd9898b1c,2,3,2,AVAILABLE
mikl_gse173098,mikl_gse173098|mikl_gse173098|neurite_soma_mpra|GFP 3UTR MPRA|CAD|mikl:Pcdh15:4050.0:25be1582e39db1cc,908da0dbd9898b1c,3,3,3,AVAILABLE
mikl_gse173098,mikl_gse173098|mikl_gse173098|neurite_soma_mpra|GFP 3UTR MPRA|CAD|mikl:Pcdh15:4050.0:bef85683b2b9ffb5,908da0dbd9898b1c,3,3,3,AVAILABLE
mikl_gse173098,mikl_gse173098|mikl_gse173098|neurite_soma_mpra|GFP 3UTR MPRA|CAD|mikl:Pcdh15:450.0:cc267e20176e679d,908da0dbd9898b1c,2,3,2,AVAILABLE
mikl_gse173098,mikl_gse173098|mikl_gse173098|neurite_soma_mpra|GFP 3UTR MPRA|CAD|mikl:Pcdh15:50.0:59b25bc64439d203,908da0dbd9898b1c,2,3,2,AVAILABLE
mikl_gse173098,mikl_gse173098|mikl_gse173098|neurite_soma_mpra|GFP 3UTR MPRA|CAD|mikl:Pcdh15:500.0:d0abbd52c9336b0c,908da0dbd9898b1c,2,3,2,AVAILABLE
mikl_gse173098,mikl_gse173098|mikl_gse173098|neurite_soma_mpra|GFP 3UTR MPRA|CAD|mikl:Pcdh15:900.0:342ace2f80b2dd5a,908da0dbd9898b1c,3,3,3,AVAILABLE
mikl_gse173098,mikl_gse173098|mikl_gse173098|neurite_soma_mpra|GFP 3UTR MPRA|CAD|mikl:Pcdh15:950.0:4f6fdc1b366afb6c,908da0dbd9898b1c,4,3,4,AVAILABLE
mikl_gse173098,mikl_gse173098|mikl_gse173098|neurite_soma_mpra|GFP 3UTR MPRA|CAD|mikl:Pde1c:1550.0:3549465d5f75e9cd,3a6ec8915f61341c,2,3,2,AVAILABLE
mikl_gse173098,mikl_gse173098|mikl_gse173098|neurite_soma_mpra|GFP 3UTR MPRA|CAD|mikl:Pde1c:1600.0:88c549f3b8ceeb11,3a6ec8915f61341c,2,3,2,AVAILABLE
mikl_gse173098,mikl_gse173098|mikl_gse173098|neurite_soma_mpra|GFP 3UTR MPRA|CAD|mikl:Pde1c:1650.0:609312f759bcd319,3a6ec8915f61341c,2,3,2,AVAILABLE
mikl_gse173098,mikl_gse173098|mikl_gse173098|neurite_soma_mpra|GFP 3UTR MPRA|CAD|mikl:Pde1c:2050.0:c5ad80d0b4f3495c,3a6ec8915f61341c,2,3,2,AVAILABLE
mikl_gse173098,mikl_gse173098|mikl_gse173098|neurite_soma_mpra|GFP 3UTR MPRA|CAD|mikl:Pde1c:2100.0:7b8a9776f52e347e,3a6ec8915f61341c,2,3,2,AVAILABLE
mikl_gse173098,mikl_gse173098|mikl_gse173098|neurite_soma_mpra|GFP 3UTR MPRA|CAD|mikl:Pde1c:2150.0:08c070e122cdc155,3a6ec8915f61341c,3,3,3,AVAILABLE
mikl_gse173098,mikl_gse173098|mikl_gse173098|neurite_soma_mpra|GFP 3UTR MPRA|CAD|mikl:Pde1c:2600.0:2d3374086bde9a6c,3a6ec8915f61341c,2,3,2,AVAILABLE
mikl_gse173098,mikl_gse173098|mikl_gse173098|neurite_soma_mpra|GFP 3UTR MPRA|CAD|mikl:Pde1c:2650.0:69c6807f454a6eaf,3a6ec8915f61341c,2,3,2,AVAILABLE
mikl_gse173098,mikl_gse173098|mikl_gse173098|neurite_soma_mpra|GFP 3UTR MPRA|CAD|mikl:Pde1c:3050.0:936a21539463237f,3a6ec8915f61341c,2,3,2,AVAILABLE
mikl_gse173098,mikl_gse173098|mikl_gse173098|neurite_soma_mpra|GFP 3UTR MPRA|CAD|mikl:Pde1c:3300.0:23781faded191111,3a6ec8915f61341c,2,3,2,AVAILABLE
mikl_gse173098,mikl_gse173098|mikl_gse173098|neurite_soma_mpra|GFP 3UTR MPRA|CAD|mikl:Pde1c:3550.0:6564106375f3bfa1,3a6ec8915f61341c,2,3,2,AVAILABLE
mikl_gse173098,mikl_gse173098|mikl_gse173098|neurite_soma_mpra|GFP 3UTR MPRA|CAD|mikl:Pde1c:3600.0:fb9c2d5d297248c5,3a6ec8915f61341c,2,3,2,AVAILABLE
mikl_gse173098,mikl_gse173098|mikl_gse173098|neurite_soma_mpra|GFP 3UTR MPRA|CAD|mikl:Pde1c:3650.0:5784c8df98f6744d,3a6ec8915f61341c,2,3,2,AVAILABLE
mikl_gse173098,mikl_gse173098|mikl_gse173098|neurite_soma_mpra|GFP 3UTR MPRA|CAD|mikl:Pde1c:5350.0:f725f197d2882e09,3a6ec8915f61341c,2,3,2,AVAILABLE
mikl_gse173098,mikl_gse173098|mikl_gse173098|neurite_soma_mpra|GFP 3UTR MPRA|CAD|mikl:Pde1c:5400.0:a7cc31ed7b2007fd,3a6ec8915f61341c,2,3,2,AVAILABLE
mikl_gse173098,mikl_gse173098|mikl_gse173098|neurite_soma_mpra|GFP 3UTR MPRA|CAD|mikl:Pde1c:900.0:303204524e46f5d5,3a6ec8915f61341c,2,3,2,AVAILABLE
mikl_gse173098,mikl_gse173098|mikl_gse173098|neurite_soma_mpra|GFP 3UTR MPRA|CAD|mikl:Pde2a:0.0:44be51b091b53a9f,3c1914abfaada767,2,3,2,AVAILABLE
mikl_gse173098,mikl_gse173098|mikl_gse173098|neurite_soma_mpra|GFP 3UTR MPRA|CAD|mikl:Pde2a:100.0:5fe68a7121bec412,3c1914abfaada767,2,3,2,AVAILABLE
mikl_gse173098,mikl_gse173098|mikl_gse173098|neurite_soma_mpra|GFP 3UTR MPRA|CAD|mikl:Pde2a:2650.0:5b4778ecdb73ea8d,3c1914abfaada767,2,3,2,AVAILABLE
mikl_gse173098,mikl_gse173098|mikl_gse173098|neurite_soma_mpra|GFP 3UTR MPRA|CAD|mikl:Pde2a:2750.0:6f6e808d6f6b3c93,3c1914abfaada767,2,3,2,AVAILABLE
mikl_gse173098,mikl_gse173098|mikl_gse173098|neurite_soma_mpra|GFP 3UTR MPRA|CAD|mikl:Pde2a:3550.0:3512568918d0fb66,3c1914abfaada767,2,3,2,AVAILABLE
mikl_gse173098,mikl_gse173098|mikl_gse173098|neurite_soma_mpra|GFP 3UTR MPRA|CAD|mikl:Pde2a:400.0:3dc5468c33503c1f,3c1914abfaada767,2,3,2,AVAILABLE
mikl_gse173098,mikl_gse173098|mikl_gse173098|neurite_soma_mpra|GFP 3UTR MPRA|CAD|mikl:Pde2a:450.0:2623da60a23f9e62,3c1914abfaada767,2,3,2,AVAILABLE
mikl_gse173098,mikl_gse173098|mikl_gse173098|neurite_soma_mpra|GFP 3UTR MPRA|CAD|mikl:Pde2a:750.0:57221c82ca3834c1,3c1914abfaada767,2,3,2,AVAILABLE
mikl_gse173098,mikl_gse173098|mikl_gse173098|neurite_soma_mpra|GFP 3UTR MPRA|CAD|mikl:Pde2a:900.0:ba19096fd61bc10b,3c1914abfaada767,2,3,2,AVAILABLE
mikl_gse173098,mikl_gse173098|mikl_gse173098|neurite_soma_mpra|GFP 3UTR MPRA|CAD|mikl:Pdp1:0.0:b3c6ceb9429608f8,a63d17d83c0d8de0,4,3,4,AVAILABLE
mikl_gse173098,mikl_gse173098|mikl_gse173098|neurite_soma_mpra|GFP 3UTR MPRA|CAD|mikl:Pdp1:1000.0:98f5d3fdad4d772f,a63d17d83c0d8de0,2,3,2,AVAILABLE
mikl_gse173098,mikl_gse173098|mikl_gse173098|neurite_soma_mpra|GFP 3UTR MPRA|CAD|mikl:Pdp1:1150.0:46ded8f44f4b9c88,a63d17d83c0d8de0,2,3,2,AVAILABLE
mikl_gse173098,mikl_gse173098|mikl_gse173098|neurite_soma_mpra|GFP 3UTR MPRA|CAD|mikl:Pdp1:1200.0:1c13ef4992d85f79,a63d17d83c0d8de0,3,3,3,AVAILABLE
mikl_gse173098,mikl_gse173098|mikl_gse173098|neurite_soma_mpra|GFP 3UTR MPRA|CAD|mikl:Pdp1:1250.0:c10be6562be8e7ea,a63d17d83c0d8de0,5,3,5,AVAILABLE
mikl_gse173098,mikl_gse173098|mikl_gse173098|neurite_soma_mpra|GFP 3UTR MPRA|CAD|mikl:Pdp1:1300.0:63e1dda4eca80313,a63d17d83c0d8de0,5,3,5,AVAILABLE
mikl_gse173098,mikl_gse173098|mikl_gse173098|neurite_soma_mpra|GFP 3UTR MPRA|CAD|mikl:Pdp1:1350.0:e29233e2e8deb8e6,a63d17d83c0d8de0,4,3,4,AVAILABLE
mikl_gse173098,mikl_gse173098|mikl_gse173098|neurite_soma_mpra|GFP 3UTR MPRA|CAD|mikl:Pdp1:1400.0:6fc16599741b592d,a63d17d83c0d8de0,3,3,3,AVAILABLE
mikl_gse173098,mikl_gse173098|mikl_gse173098|neurite_soma_mpra|GFP 3UTR MPRA|CAD|mikl:Pdp1:1450.0:71f0362dc62704b2,a63d17d83c0d8de0,3,3,3,AVAILABLE
mikl_gse173098,mikl_gse173098|mikl_gse173098|neurite_soma_mpra|GFP 3UTR MPRA|CAD|mikl:Pdp1:150.0:00c42491fbe10f61,a63d17d83c0d8de0,2,3,2,AVAILABLE
mikl_gse173098,mikl_gse173098|mikl_gse173098|neurite_soma_mpra|GFP 3UTR MPRA|CAD|mikl:Pdp1:1500.0:9f84c3668913a3e8,a63d17d83c0d8de0,3,3,3,AVAILABLE
mikl_gse173098,mikl_gse173098|mikl_gse173098|neurite_soma_mpra|GFP 3UTR MPRA|CAD|mikl:Pdp1:1600.0:f12ec505c587b7b5,a63d17d83c0d8de0,2,3,2,AVAILABLE
mikl_gse173098,mikl_gse173098|mikl_gse173098|neurite_soma_mpra|GFP 3UTR MPRA|CAD|mikl:Pdp1:1650.0:d8e2fd50f7d50c99,a63d17d83c0d8de0,4,3,4,AVAILABLE
mikl_gse173098,mikl_gse173098|mikl_gse173098|neurite_soma_mpra|GFP 3UTR MPRA|CAD|mikl:Pdp1:1750.0:6405427364bc651b,a63d17d83c0d8de0,2,3,2,AVAILABLE
mikl_gse173098,mikl_gse173098|mikl_gse173098|neurite_soma_mpra|GFP 3UTR MPRA|CAD|mikl:Pdp1:200.0:ba57c94f5018ef3a,a63d17d83c0d8de0,3,3,3,AVAILABLE
mikl_gse173098,mikl_gse173098|mikl_gse173098|neurite_soma_mpra|GFP 3UTR MPRA|CAD|mikl:Pdp1:2050.0:992113d050d5860a,a63d17d83c0d8de0,3,3,3,AVAILABLE
mikl_gse173098,mikl_gse173098|mikl_gse173098|neurite_soma_mpra|GFP 3UTR MPRA|CAD|mikl:Pdp1:2100.0:7c6a389aec5630c6,a63d17d83c0d8de0,5,3,5,AVAILABLE
mikl_gse173098,mikl_gse173098|mikl_gse173098|neurite_soma_mpra|GFP 3UTR MPRA|CAD|mikl:Pdp1:2150.0:695e1d8e2257222e,a63d17d83c0d8de0,2,3,2,AVAILABLE
mikl_gse173098,mikl_gse173098|mikl_gse173098|neurite_soma_mpra|GFP 3UTR MPRA|CAD|mikl:Pdp1:250.0:d2901ce19efcf104,a63d17d83c0d8de0,2,3,2,AVAILABLE
mikl_gse173098,mikl_gse173098|mikl_gse173098|neurite_soma_mpra|GFP 3UTR MPRA|CAD|mikl:Pdp1:300.0:67d6ff2852267805,a63d17d83c0d8de0,7,3,7,AVAILABLE
mikl_gse173098,mikl_gse173098|mikl_gse173098|neurite_soma_mpra|GFP 3UTR MPRA|CAD|mikl:Pdp1:350.0:8946a16a90c818d8,a63d17d83c0d8de0,7,3,7,AVAILABLE
mikl_gse173098,mikl_gse173098|mikl_gse173098|neurite_soma_mpra|GFP 3UTR MPRA|CAD|mikl:Pdp1:400.0:ac9a37d5507e72a5,a63d17d83c0d8de0,7,3,7,AVAILABLE
mikl_gse173098,mikl_gse173098|mikl_gse173098|neurite_soma_mpra|GFP 3UTR MPRA|CAD|mikl:Pdp1:450.0:fa0c00e95216c1ad,a63d17d83c0d8de0,2,3,2,AVAILABLE
mikl_gse173098,mikl_gse173098|mikl_gse173098|neurite_soma_mpra|GFP 3UTR MPRA|CAD|mikl:Pdp1:50.0:e02b3d79014bd9fc,a63d17d83c0d8de0,2,3,2,AVAILABLE
mikl_gse173098,mikl_gse173098|mikl_gse173098|neurite_soma_mpra|GFP 3UTR MPRA|CAD|mikl:Pdp1:500.0:a41db1e2bd938b8a,a63d17d83c0d8de0,2,3,2,AVAILABLE
mikl_gse173098,mikl_gse173098|mikl_gse173098|neurite_soma_mpra|GFP 3UTR MPRA|CAD|mikl:Pdp1:550.0:646b2d8fec9b0072,a63d17d83c0d8de0,4,3,4,AVAILABLE
mikl_gse173098,mikl_gse173098|mikl_gse173098|neurite_soma_mpra|GFP 3UTR MPRA|CAD|mikl:Pdp1:600.0:5f78bcb5675b0c9b,a63d17d83c0d8de0,4,3,4,AVAILABLE
mikl_gse173098,mikl_gse173098|mikl_gse173098|neurite_soma_mpra|GFP 3UTR MPRA|CAD|mikl:Pdp1:650.0:bd002ded6149d0d9,a63d17d83c0d8de0,4,3,4,AVAILABLE
mikl_gse173098,mikl_gse173098|mikl_gse173098|neurite_soma_mpra|GFP 3UTR MPRA|CAD|mikl:Pdp1:700.0:1c8183dd1cb7df83,a63d17d83c0d8de0,2,3,2,AVAILABLE
mikl_gse173098,mikl_gse173098|mikl_gse173098|neurite_soma_mpra|GFP 3UTR MPRA|CAD|mikl:Pdp1:750.0:71ca543fc6a8958e,a63d17d83c0d8de0,2,3,2,AVAILABLE
mikl_gse173098,mikl_gse173098|mikl_gse173098|neurite_soma_mpra|GFP 3UTR MPRA|CAD|mikl:Pdp1:850.0:71893fee2bf71344,a63d17d83c0d8de0,2,3,2,AVAILABLE
mikl_gse173098,mikl_gse173098|mikl_gse173098|neurite_soma_mpra|GFP 3UTR MPRA|CAD|mikl:Pdp1:900.0:73b502abf04bf1e1,a63d17d83c0d8de0,3,3,3,AVAILABLE
mikl_gse173098,mikl_gse173098|mikl_gse173098|neurite_soma_mpra|GFP 3UTR MPRA|CAD|mikl:Pdp1:950.0:6d5aa23a0a4b5bfc,a63d17d83c0d8de0,2,3,2,AVAILABLE
mikl_gse173098,mikl_gse173098|mikl_gse173098|neurite_soma_mpra|GFP 3UTR MPRA|CAD|mikl:Pdpk1:0.0:5e6212c1e0643181,461f487f8a34e092,4,3,4,AVAILABLE
mikl_gse173098,mikl_gse173098|mikl_gse173098|neurite_soma_mpra|GFP 3UTR MPRA|CAD|mikl:Pdpk1:100.0:75282331a5f542db,461f487f8a34e092,6,3,6,AVAILABLE
mikl_gse173098,mikl_gse173098|mikl_gse173098|neurite_soma_mpra|GFP 3UTR MPRA|CAD|mikl:Pdpk1:1000.0:435c27bc30c051f1,461f487f8a34e092,3,3,3,AVAILABLE
mikl_gse173098,mikl_gse173098|mikl_gse173098|neurite_soma_mpra|GFP 3UTR MPRA|CAD|mikl:Pdpk1:1100.0:810222e41666b45b,461f487f8a34e092,2,3,2,AVAILABLE
mikl_gse173098,mikl_gse173098|mikl_gse173098|neurite_soma_mpra|GFP 3UTR MPRA|CAD|mikl:Pdpk1:1150.0:82296023b854b05d,461f487f8a34e092,3,3,3,AVAILABLE
mikl_gse173098,mikl_gse173098|mikl_gse173098|neurite_soma_mpra|GFP 3UTR MPRA|CAD|mikl:Pdpk1:1200.0:feb424b38872e0bf,461f487f8a34e092,2,3,2,AVAILABLE
mikl_gse173098,mikl_gse173098|mikl_gse173098|neurite_soma_mpra|GFP 3UTR MPRA|CAD|mikl:Pdpk1:1300.0:2cad24bd8e60ee39,461f487f8a34e092,2,3,2,AVAILABLE
mikl_gse173098,mikl_gse173098|mikl_gse173098|neurite_soma_mpra|GFP 3UTR MPRA|CAD|mikl:Pdpk1:1350.0:93ccaa241cf02f1b,461f487f8a34e092,3,3,3,AVAILABLE
mikl_gse173098,mikl_gse173098|mikl_gse173098|neurite_soma_mpra|GFP 3UTR MPRA|CAD|mikl:Pdpk1:1450.0:c5b6f1c41986fb43,461f487f8a34e092,2,3,2,AVAILABLE
mikl_gse173098,mikl_gse173098|mikl_gse173098|neurite_soma_mpra|GFP 3UTR MPRA|CAD|mikl:Pdpk1:150.0:d027faa49d942189,461f487f8a34e092,6,3,6,AVAILABLE
mikl_gse173098,mikl_gse173098|mikl_gse173098|neurite_soma_mpra|GFP 3UTR MPRA|CAD|mikl:Pdpk1:1850.0:b1f621543c83db1d,461f487f8a34e092,2,3,2,AVAILABLE
mikl_gse173098,mikl_gse173098|mikl_gse173098|neurite_soma_mpra|GFP 3UTR MPRA|CAD|mikl:Pdpk1:2000.0:2e703629fb3354dc,461f487f8a34e092,2,3,2,AVAILABLE
mikl_gse173098,mikl_gse173098|mikl_gse173098|neurite_soma_mpra|GFP 3UTR MPRA|CAD|mikl:Pdpk1:2050.0:4731bea3e6d7be13,461f487f8a34e092,4,3,4,AVAILABLE
mikl_gse173098,mikl_gse173098|mikl_gse173098|neurite_soma_mpra|GFP 3UTR MPRA|CAD|mikl:Pdpk1:2100.0:273d4e487a4dc1b0,461f487f8a34e092,4,3,4,AVAILABLE
mikl_gse173098,mikl_gse173098|mikl_gse173098|neurite_soma_mpra|GFP 3UTR MPRA|CAD|mikl:Pdpk1:2150.0:c44d14bd581e279b,461f487f8a34e092,4,3,4,AVAILABLE
mikl_gse173098,mikl_gse173098|mikl_gse173098|neurite_soma_mpra|GFP 3UTR MPRA|CAD|mikl:Pdpk1:2200.0:3910a614d0b8bb4a,461f487f8a34e092,2,3,2,AVAILABLE
mikl_gse173098,mikl_gse173098|mikl_gse173098|neurite_soma_mpra|GFP 3UTR MPRA|CAD|mikl:Pdpk1:2400.0:01755e291fbbe5b5,461f487f8a34e092,2,3,2,AVAILABLE
mikl_gse173098,mikl_gse173098|mikl_gse173098|neurite_soma_mpra|GFP 3UTR MPRA|CAD|mikl:Pdpk1:2450.0:686df8d1b26654cb,461f487f8a34e092,2,3,2,AVAILABLE
mikl_gse173098,mikl_gse173098|mikl_gse173098|neurite_soma_mpra|GFP 3UTR MPRA|CAD|mikl:Pdpk1:2650.0:10f9639a9366731c,461f487f8a34e092,3,3,3,AVAILABLE
mikl_gse173098,mikl_gse173098|mikl_gse173098|neurite_soma_mpra|GFP 3UTR MPRA|CAD|mikl:Pdpk1:2700.0:1d29b31f24b6e4a4,461f487f8a34e092,4,3,4,AVAILABLE
mikl_gse173098,mikl_gse173098|mikl_gse173098|neurite_soma_mpra|GFP 3UTR MPRA|CAD|mikl:Pdpk1:2750.0:a49db52a8c7d9c9e,461f487f8a34e092,4,3,4,AVAILABLE
mikl_gse173098,mikl_gse173098|mikl_gse173098|neurite_soma_mpra|GFP 3UTR MPRA|CAD|mikl:Pdpk1:2800.0:10d810c2719edbc7,461f487f8a34e092,4,3,4,AVAILABLE
mikl_gse173098,mikl_gse173098|mikl_gse173098|neurite_soma_mpra|GFP 3UTR MPRA|CAD|mikl:Pdpk1:2850.0:e68cc9f3bb5d9f52,461f487f8a34e092,5,3,5,AVAILABLE
mikl_gse173098,mikl_gse173098|mikl_gse173098|neurite_soma_mpra|GFP 3UTR MPRA|CAD|mikl:Pdpk1:2900.0:bbdf3c71cf8e62c3,461f487f8a34e092,4,3,4,AVAILABLE
mikl_gse173098,mikl_gse173098|mikl_gse173098|neurite_soma_mpra|GFP 3UTR MPRA|CAD|mikl:Pdpk1:300.0:a3953dc04b22c3d3,461f487f8a34e092,2,3,2,AVAILABLE
mikl_gse173098,mikl_gse173098|mikl_gse173098|neurite_soma_mpra|GFP 3UTR MPRA|CAD|mikl:Pdpk1:3050.0:e6cfe30e562774d2,461f487f8a34e092,2,3,2,AVAILABLE
mikl_gse173098,mikl_gse173098|mikl_gse173098|neurite_soma_mpra|GFP 3UTR MPRA|CAD|mikl:Pdpk1:3150.0:07e7650e8d0a0624,461f487f8a34e092,2,3,2,AVAILABLE
mikl_gse173098,mikl_gse173098|mikl_gse173098|neurite_soma_mpra|GFP 3UTR MPRA|CAD|mikl:Pdpk1:3200.0:d2979b82626d936f,461f487f8a34e092,3,3,3,AVAILABLE
mikl_gse173098,mikl_gse173098|mikl_gse173098|neurite_soma_mpra|GFP 3UTR MPRA|CAD|mikl:Pdpk1:3250.0:4eeca2e3f5b0b95c,461f487f8a34e092,5,3,5,AVAILABLE
mikl_gse173098,mikl_gse173098|mikl_gse173098|neurite_soma_mpra|GFP 3UTR MPRA|CAD|mikl:Pdpk1:3300.0:18d5b46f67eb1f00,461f487f8a34e092,5,3,5,AVAILABLE
mikl_gse173098,mikl_gse173098|mikl_gse173098|neurite_soma_mpra|GFP 3UTR MPRA|CAD|mikl:Pdpk1:3350.0:c855716ad8424231,461f487f8a34e092,2,3,2,AVAILABLE
mikl_gse173098,mikl_gse173098|mikl_gse173098|neurite_soma_mpra|GFP 3UTR MPRA|CAD|mikl:Pdpk1:3400.0:2ecb9dc0d900c1a4,461f487f8a34e092,3,3,3,AVAILABLE
mikl_gse173098,mikl_gse173098|mikl_gse173098|neurite_soma_mpra|GFP 3UTR MPRA|CAD|mikl:Pdpk1:350.0:639fffcc48588363,461f487f8a34e092,2,3,2,AVAILABLE
mikl_gse173098,mikl_gse173098|mikl_gse173098|neurite_soma_mpra|GFP 3UTR MPRA|CAD|mikl:Pdpk1:3500.0:48276206e5d48e11,461f487f8a34e092,2,3,2,AVAILABLE
mikl_gse173098,mikl_gse173098|mikl_gse173098|neurite_soma_mpra|GFP 3UTR MPRA|CAD|mikl:Pdpk1:3550.0:ca4b0ff17157a2e8,461f487f8a34e092,2,3,2,AVAILABLE
mikl_gse173098,mikl_gse173098|mikl_gse173098|neurite_soma_mpra|GFP 3UTR MPRA|CAD|mikl:Pdpk1:3700.0:fea6759508140353,461f487f8a34e092,2,3,2,AVAILABLE
mikl_gse173098,mikl_gse173098|mikl_gse173098|neurite_soma_mpra|GFP 3UTR MPRA|CAD|mikl:Pdpk1:3750.0:43afa4496770bcfa,461f487f8a34e092,5,3,5,AVAILABLE
mikl_gse173098,mikl_gse173098|mikl_gse173098|neurite_soma_mpra|GFP 3UTR MPRA|CAD|mikl:Pdpk1:3800.0:70366be7cdcaab91,461f487f8a34e092,5,3,5,AVAILABLE
mikl_gse173098,mikl_gse173098|mikl_gse173098|neurite_soma_mpra|GFP 3UTR MPRA|CAD|mikl:Pdpk1:3850.0:0fc99b4e4561f4a0,461f487f8a34e092,6,3,6,AVAILABLE
mikl_gse173098,mikl_gse173098|mikl_gse173098|neurite_soma_mpra|GFP 3UTR MPRA|CAD|mikl:Pdpk1:3900.0:e683d7e99ded0849,461f487f8a34e092,3,3,3,AVAILABLE
mikl_gse173098,mikl_gse173098|mikl_gse173098|neurite_soma_mpra|GFP 3UTR MPRA|CAD|mikl:Pdpk1:400.0:9e40f7d778736fa6,461f487f8a34e092,2,3,2,AVAILABLE
mikl_gse173098,mikl_gse173098|mikl_gse173098|neurite_soma_mpra|GFP 3UTR MPRA|CAD|mikl:Pdpk1:450.0:c4dc66962d41c19f,461f487f8a34e092,4,3,4,AVAILABLE
mikl_gse173098,mikl_gse173098|mikl_gse173098|neurite_soma_mpra|GFP 3UTR MPRA|CAD|mikl:Pdpk1:4650.0:e00d7a5252c50503,461f487f8a34e092,4,3,4,AVAILABLE
mikl_gse173098,mikl_gse173098|mikl_gse173098|neurite_soma_mpra|GFP 3UTR MPRA|CAD|mikl:Pdpk1:4700.0:5abec660e77f47b6,461f487f8a34e092,3,3,3,AVAILABLE
mikl_gse173098,mikl_gse173098|mikl_gse173098|neurite_soma_mpra|GFP 3UTR MPRA|CAD|mikl:Pdpk1:4750.0:4b674fab32ee622e,461f487f8a34e092,2,3,2,AVAILABLE
mikl_gse173098,mikl_gse173098|mikl_gse173098|neurite_soma_mpra|GFP 3UTR MPRA|CAD|mikl:Pdpk1:4800.0:0d9eebe36ba061d1,461f487f8a34e092,5,3,5,AVAILABLE
mikl_gse173098,mikl_gse173098|mikl_gse173098|neurite_soma_mpra|GFP 3UTR MPRA|CAD|mikl:Pdpk1:4850.0:18827f9dedb3725e,461f487f8a34e092,8,3,8,AVAILABLE
mikl_gse173098,mikl_gse173098|mikl_gse173098|neurite_soma_mpra|GFP 3UTR MPRA|CAD|mikl:Pdpk1:4900.0:248c60bd0a10bf37,461f487f8a34e092,8,3,8,AVAILABLE
mikl_gse173098,mikl_gse173098|mikl_gse173098|neurite_soma_mpra|GFP 3UTR MPRA|CAD|mikl:Pdpk1:50.0:159604f8c97b3321,461f487f8a34e092,6,3,6,AVAILABLE
mikl_gse173098,mikl_gse173098|mikl_gse173098|neurite_soma_mpra|GFP 3UTR MPRA|CAD|mikl:Pdpk1:500.0:0896ec755060d560,461f487f8a34e092,5,3,5,AVAILABLE
mikl_gse173098,mikl_gse173098|mikl_gse173098|neurite_soma_mpra|GFP 3UTR MPRA|CAD|mikl:Pdpk1:5050.0:766d24284c96d412,461f487f8a34e092,4,3,4,AVAILABLE
mikl_gse173098,mikl_gse173098|mikl_gse173098|neurite_soma_mpra|GFP 3UTR MPRA|CAD|mikl:Pdpk1:5100.0:a2275b2b88c71a16,461f487f8a34e092,7,3,7,AVAILABLE
mikl_gse173098,mikl_gse173098|mikl_gse173098|neurite_soma_mpra|GFP 3UTR MPRA|CAD|mikl:Pdpk1:5150.0:e557324d8fa603a8,461f487f8a34e092,6,3,6,AVAILABLE
mikl_gse173098,mikl_gse173098|mikl_gse173098|neurite_soma_mpra|GFP 3UTR MPRA|CAD|mikl:Pdpk1:750.0:31e1c53e0a207436,461f487f8a34e092,2,3,2,AVAILABLE
mikl_gse173098,mikl_gse173098|mikl_gse173098|neurite_soma_mpra|GFP 3UTR MPRA|CAD|mikl:Pdpk1:800.0:e484e5e6bad27c7f,461f487f8a34e092,2,3,2,AVAILABLE
mikl_gse173098,mikl_gse173098|mikl_gse173098|neurite_soma_mpra|GFP 3UTR MPRA|CAD|mikl:Pdpk1:900.0:274961afd90f8ab6,461f487f8a34e092,4,3,4,AVAILABLE
mikl_gse173098,mikl_gse173098|mikl_gse173098|neurite_soma_mpra|GFP 3UTR MPRA|CAD|mikl:Pdpk1:950.0:967371313cf53755,461f487f8a34e092,4,3,4,AVAILABLE
mikl_gse173098,mikl_gse173098|mikl_gse173098|neurite_soma_mpra|GFP 3UTR MPRA|CAD|mikl:Pgap1:0.0:8f76bb011fef9dc3,4fdf05b044fa88a6,3,3,3,AVAILABLE
mikl_gse173098,mikl_gse173098|mikl_gse173098|neurite_soma_mpra|GFP 3UTR MPRA|CAD|mikl:Pgap1:1000.0:6a97fc64f5d11698,4fdf05b044fa88a6,2,3,2,AVAILABLE
mikl_gse173098,mikl_gse173098|mikl_gse173098|neurite_soma_mpra|GFP 3UTR MPRA|CAD|mikl:Pgap1:1300.0:8561b3ec5ec42478,4fdf05b044fa88a6,2,3,2,AVAILABLE
mikl_gse173098,mikl_gse173098|mikl_gse173098|neurite_soma_mpra|GFP 3UTR MPRA|CAD|mikl:Pgap1:1550.0:b139e59f6d02bffd,4fdf05b044fa88a6,4,3,4,AVAILABLE
mikl_gse173098,mikl_gse173098|mikl_gse173098|neurite_soma_mpra|GFP 3UTR MPRA|CAD|mikl:Pgap1:1600.0:4ba70148e49d1706,4fdf05b044fa88a6,4,3,4,AVAILABLE
mikl_gse173098,mikl_gse173098|mikl_gse173098|neurite_soma_mpra|GFP 3UTR MPRA|CAD|mikl:Pgap1:1650.0:41967e1b6cab1a20,4fdf05b044fa88a6,3,3,3,AVAILABLE
mikl_gse173098,mikl_gse173098|mikl_gse173098|neurite_soma_mpra|GFP 3UTR MPRA|CAD|mikl:Pgap1:1900.0:cd08747022600f57,4fdf05b044fa88a6,2,3,2,AVAILABLE
mikl_gse173098,mikl_gse173098|mikl_gse173098|neurite_soma_mpra|GFP 3UTR MPRA|CAD|mikl:Pgap1:1950.0:233558a32e72cb9c,4fdf05b044fa88a6,2,3,2,AVAILABLE
mikl_gse173098,mikl_gse173098|mikl_gse173098|neurite_soma_mpra|GFP 3UTR MPRA|CAD|mikl:Pgap1:2000.0:a5d25779afea9c45,4fdf05b044fa88a6,3,3,3,AVAILABLE
mikl_gse173098,mikl_gse173098|mikl_gse173098|neurite_soma_mpra|GFP 3UTR MPRA|CAD|mikl:Pgap1:2100.0:e8264a4a1511486b,4fdf05b044fa88a6,2,3,2,AVAILABLE
mikl_gse173098,mikl_gse173098|mikl_gse173098|neurite_soma_mpra|GFP 3UTR MPRA|CAD|mikl:Pgap1:2150.0:28961a91c043d556,4fdf05b044fa88a6,4,3,4,AVAILABLE
mikl_gse173098,mikl_gse173098|mikl_gse173098|neurite_soma_mpra|GFP 3UTR MPRA|CAD|mikl:Pgap1:2200.0:963ad10d1a880e24,4fdf05b044fa88a6,6,3,6,AVAILABLE
mikl_gse173098,mikl_gse173098|mikl_gse173098|neurite_soma_mpra|GFP 3UTR MPRA|CAD|mikl:Pgap1:2250.0:7b4dc21187d5db1b,4fdf05b044fa88a6,7,3,7,AVAILABLE
mikl_gse173098,mikl_gse173098|mikl_gse173098|neurite_soma_mpra|GFP 3UTR MPRA|CAD|mikl:Pgap1:2300.0:a6cae8bef6cf2bc8,4fdf05b044fa88a6,5,3,5,AVAILABLE
mikl_gse173098,mikl_gse173098|mikl_gse173098|neurite_soma_mpra|GFP 3UTR MPRA|CAD|mikl:Pgap1:2350.0:72af9eddd82a3e9f,4fdf05b044fa88a6,4,3,4,AVAILABLE
mikl_gse173098,mikl_gse173098|mikl_gse173098|neurite_soma_mpra|GFP 3UTR MPRA|CAD|mikl:Pgap1:2400.0:9ab8ca47246669d3,4fdf05b044fa88a6,4,3,4,AVAILABLE
mikl_gse173098,mikl_gse173098|mikl_gse173098|neurite_soma_mpra|GFP 3UTR MPRA|CAD|mikl:Pgap1:2450.0:74267367ff11a1ab,4fdf05b044fa88a6,3,3,3,AVAILABLE
mikl_gse173098,mikl_gse173098|mikl_gse173098|neurite_soma_mpra|GFP 3UTR MPRA|CAD|mikl:Pgap1:2500.0:9a82463b113fb0eb,4fdf05b044fa88a6,3,3,3,AVAILABLE
mikl_gse173098,mikl_gse173098|mikl_gse173098|neurite_soma_mpra|GFP 3UTR MPRA|CAD|mikl:Pgap1:2750.0:6c59ab515d647124,4fdf05b044fa88a6,2,3,2,AVAILABLE
mikl_gse173098,mikl_gse173098|mikl_gse173098|neurite_soma_mpra|GFP 3UTR MPRA|CAD|mikl:Pgap1:2800.0:19dc067945feeb94,4fdf05b044fa88a6,4,3,4,AVAILABLE
mikl_gse173098,mikl_gse173098|mikl_gse173098|neurite_soma_mpra|GFP 3UTR MPRA|CAD|mikl:Pgap1:2850.0:76d15832be2bb488,4fdf05b044fa88a6,4,3,4,AVAILABLE
mikl_gse173098,mikl_gse173098|mikl_gse173098|neurite_soma_mpra|GFP 3UTR MPRA|CAD|mikl:Pgap1:2900.0:8b4757ab03ea180b,4fdf05b044fa88a6,3,3,3,AVAILABLE
mikl_gse173098,mikl_gse173098|mikl_gse173098|neurite_soma_mpra|GFP 3UTR MPRA|CAD|mikl:Pgap1:2950.0:8dcfd79affa234eb,4fdf05b044fa88a6,3,3,3,AVAILABLE
mikl_gse173098,mikl_gse173098|mikl_gse173098|neurite_soma_mpra|GFP 3UTR MPRA|CAD|mikl:Pgap1:3000.0:f106e656979142f6,4fdf05b044fa88a6,2,3,2,AVAILABLE
mikl_gse173098,mikl_gse173098|mikl_gse173098|neurite_soma_mpra|GFP 3UTR MPRA|CAD|mikl:Pgap1:3050.0:fad4cec6243584ab,4fdf05b044fa88a6,5,3,5,AVAILABLE
mikl_gse173098,mikl_gse173098|mikl_gse173098|neurite_soma_mpra|GFP 3UTR MPRA|CAD|mikl:Pgap1:3100.0:b59a7d72ead3cff8,4fdf05b044fa88a6,7,3,7,AVAILABLE
mikl_gse173098,mikl_gse173098|mikl_gse173098|neurite_soma_mpra|GFP 3UTR MPRA|CAD|mikl:Pgap1:3150.0:7f787a98f59e0adb,4fdf05b044fa88a6,3,3,3,AVAILABLE
mikl_gse173098,mikl_gse173098|mikl_gse173098|neurite_soma_mpra|GFP 3UTR MPRA|CAD|mikl:Pgap1:3200.0:a31964ebfdf46b02,4fdf05b044fa88a6,2,3,2,AVAILABLE
mikl_gse173098,mikl_gse173098|mikl_gse173098|neurite_soma_mpra|GFP 3UTR MPRA|CAD|mikl:Pgap1:3400.0:b138e28f20c7598b,4fdf05b044fa88a6,2,3,2,AVAILABLE
mikl_gse173098,mikl_gse173098|mikl_gse173098|neurite_soma_mpra|GFP 3UTR MPRA|CAD|mikl:Pgap1:3450.0:53fdb9124d3796e3,4fdf05b044fa88a6,3,3,3,AVAILABLE
mikl_gse173098,mikl_gse173098|mikl_gse173098|neurite_soma_mpra|GFP 3UTR MPRA|CAD|mikl:Pgap1:3500.0:222a0c6ac532ba9b,4fdf05b044fa88a6,5,3,5,AVAILABLE
mikl_gse173098,mikl_gse173098|mikl_gse173098|neurite_soma_mpra|GFP 3UTR MPRA|CAD|mikl:Pgap1:3550.0:560531f3567ed7a6,4fdf05b044fa88a6,2,3,2,AVAILABLE
mikl_gse173098,mikl_gse173098|mikl_gse173098|neurite_soma_mpra|GFP 3UTR MPRA|CAD|mikl:Pgap1:3600.0:dca5d4a49b312bd2,4fdf05b044fa88a6,2,3,2,AVAILABLE
mikl_gse173098,mikl_gse173098|mikl_gse173098|neurite_soma_mpra|GFP 3UTR MPRA|CAD|mikl:Pgap1:400.0:fb93b688731747ba,4fdf05b044fa88a6,2,3,2,AVAILABLE
mikl_gse173098,mikl_gse173098|mikl_gse173098|neurite_soma_mpra|GFP 3UTR MPRA|CAD|mikl:Pgap1:4200.0:e30374fe8993b9ea,4fdf05b044fa88a6,2,3,2,AVAILABLE
mikl_gse173098,mikl_gse173098|mikl_gse173098|neurite_soma_mpra|GFP 3UTR MPRA|CAD|mikl:Pgap1:4250.0:5921acd9d3d0c2fb,4fdf05b044fa88a6,3,3,3,AVAILABLE
mikl_gse173098,mikl_gse173098|mikl_gse173098|neurite_soma_mpra|GFP 3UTR MPRA|CAD|mikl:Pgap1:4300.0:932f6dbf77ef666e,4fdf05b044fa88a6,3,3,3,AVAILABLE
mikl_gse173098,mikl_gse173098|mikl_gse173098|neurite_soma_mpra|GFP 3UTR MPRA|CAD|mikl:Pgap1:4800.0:f621899f8c4da9f2,4fdf05b044fa88a6,2,3,2,AVAILABLE
mikl_gse173098,mikl_gse173098|mikl_gse173098|neurite_soma_mpra|GFP 3UTR MPRA|CAD|mikl:Pgap1:4900.0:bdf9e440a99cfab0,4fdf05b044fa88a6,5,3,5,AVAILABLE
mikl_gse173098,mikl_gse173098|mikl_gse173098|neurite_soma_mpra|GFP 3UTR MPRA|CAD|mikl:Pgap1:50.0:4c9395a9bd8c520e,4fdf05b044fa88a6,3,3,3,AVAILABLE
mikl_gse173098,mikl_gse173098|mikl_gse173098|neurite_soma_mpra|GFP 3UTR MPRA|CAD|mikl:Pgap1:500.0:c936a86ea1f79e74,4fdf05b044fa88a6,3,3,3,AVAILABLE
mikl_gse173098,mikl_gse173098|mikl_gse173098|neurite_soma_mpra|GFP 3UTR MPRA|CAD|mikl:Pgap1:5000.0:c9ce3f90e53df226,4fdf05b044fa88a6,2,3,2,AVAILABLE
mikl_gse173098,mikl_gse173098|mikl_gse173098|neurite_soma_mpra|GFP 3UTR MPRA|CAD|mikl:Pgap1:5050.0:16d6fc7e4fd70bc3,4fdf05b044fa88a6,2,3,2,AVAILABLE
mikl_gse173098,mikl_gse173098|mikl_gse173098|neurite_soma_mpra|GFP 3UTR MPRA|CAD|mikl:Pgap1:5100.0:dfad271ce0b7fa2e,4fdf05b044fa88a6,4,3,4,AVAILABLE
mikl_gse173098,mikl_gse173098|mikl_gse173098|neurite_soma_mpra|GFP 3UTR MPRA|CAD|mikl:Pgap1:5200.0:83856dcaff241fa4,4fdf05b044fa88a6,2,3,2,AVAILABLE
mikl_gse173098,mikl_gse173098|mikl_gse173098|neurite_soma_mpra|GFP 3UTR MPRA|CAD|mikl:Pgap1:5250.0:f3494fe20fbce784,4fdf05b044fa88a6,4,3,4,AVAILABLE
mikl_gse173098,mikl_gse173098|mikl_gse173098|neurite_soma_mpra|GFP 3UTR MPRA|CAD|mikl:Pgap1:5300.0:387420c134e0b191,4fdf05b044fa88a6,4,3,4,AVAILABLE
mikl_gse173098,mikl_gse173098|mikl_gse173098|neurite_soma_mpra|GFP 3UTR MPRA|CAD|mikl:Pgap1:5350.0:893db68219fec06b,4fdf05b044fa88a6,4,3,4,AVAILABLE
mikl_gse173098,mikl_gse173098|mikl_gse173098|neurite_soma_mpra|GFP 3UTR MPRA|CAD|mikl:Pgap1:5450.0:eab970984c958625,4fdf05b044fa88a6,5,3,5,AVAILABLE
mikl_gse173098,mikl_gse173098|mikl_gse173098|neurite_soma_mpra|GFP 3UTR MPRA|CAD|mikl:Pgap1:550.0:ae0400b1765003a9,4fdf05b044fa88a6,2,3,2,AVAILABLE
mikl_gse173098,mikl_gse173098|mikl_gse173098|neurite_soma_mpra|GFP 3UTR MPRA|CAD|mikl:Pgap1:5500.0:9d4a281c4d853dbe,4fdf05b044fa88a6,2,3,2,AVAILABLE
mikl_gse173098,mikl_gse173098|mikl_gse173098|neurite_soma_mpra|GFP 3UTR MPRA|CAD|mikl:Pgap1:5550.0:a739b9b2fbfbcd27,4fdf05b044fa88a6,3,3,3,AVAILABLE
mikl_gse173098,mikl_gse173098|mikl_gse173098|neurite_soma_mpra|GFP 3UTR MPRA|CAD|mikl:Pgap1:5600.0:2aed609c06829c30,4fdf05b044fa88a6,2,3,2,AVAILABLE
mikl_gse173098,mikl_gse173098|mikl_gse173098|neurite_soma_mpra|GFP 3UTR MPRA|CAD|mikl:Pgap1:5650.0:ccf2773e1d03602f,4fdf05b044fa88a6,3,3,3,AVAILABLE
mikl_gse173098,mikl_gse173098|mikl_gse173098|neurite_soma_mpra|GFP 3UTR MPRA|CAD|mikl:Pgap1:5700.0:c53193c139ff603e,4fdf05b044fa88a6,4,3,4,AVAILABLE
mikl_gse173098,mikl_gse173098|mikl_gse173098|neurite_soma_mpra|GFP 3UTR MPRA|CAD|mikl:Pgap1:5750.0:1b18ac38ff04b800,4fdf05b044fa88a6,2,3,2,AVAILABLE
mikl_gse173098,mikl_gse173098|mikl_gse173098|neurite_soma_mpra|GFP 3UTR MPRA|CAD|mikl:Pgap1:5800.0:fc1fd6542e5c8a65,4fdf05b044fa88a6,2,3,2,AVAILABLE
mikl_gse173098,mikl_gse173098|mikl_gse173098|neurite_soma_mpra|GFP 3UTR MPRA|CAD|mikl:Pgap1:5900.0:2a20f6a3e33d9ef1,4fdf05b044fa88a6,2,3,2,AVAILABLE
mikl_gse173098,mikl_gse173098|mikl_gse173098|neurite_soma_mpra|GFP 3UTR MPRA|CAD|mikl:Pgap1:5950.0:859ac3dad7582bc1,4fdf05b044fa88a6,6,3,6,AVAILABLE
mikl_gse173098,mikl_gse173098|mikl_gse173098|neurite_soma_mpra|GFP 3UTR MPRA|CAD|mikl:Pgap1:600.0:b2071be62d4cddb4,4fdf05b044fa88a6,2,3,2,AVAILABLE
mikl_gse173098,mikl_gse173098|mikl_gse173098|neurite_soma_mpra|GFP 3UTR MPRA|CAD|mikl:Pgap1:6000.0:a88914a80376bcc9,4fdf05b044fa88a6,5,3,5,AVAILABLE
mikl_gse173098,mikl_gse173098|mikl_gse173098|neurite_soma_mpra|GFP 3UTR MPRA|CAD|mikl:Pgap1:6050.0:54b64037732c1991,4fdf05b044fa88a6,5,3,5,AVAILABLE
mikl_gse173098,mikl_gse173098|mikl_gse173098|neurite_soma_mpra|GFP 3UTR MPRA|CAD|mikl:Pgap1:6100.0:4e07443f472ebf16,4fdf05b044fa88a6,2,3,2,AVAILABLE
mikl_gse173098,mikl_gse173098|mikl_gse173098|neurite_soma_mpra|GFP 3UTR MPRA|CAD|mikl:Pgap1:6200.0:7dc7f906f5fb927b,4fdf05b044fa88a6,2,3,2,AVAILABLE
mikl_gse173098,mikl_gse173098|mikl_gse173098|neurite_soma_mpra|GFP 3UTR MPRA|CAD|mikl:Pgap1:6250.0:e110d7f44396921a,4fdf05b044fa88a6,2,3,2,AVAILABLE
mikl_gse173098,mikl_gse173098|mikl_gse173098|neurite_soma_mpra|GFP 3UTR MPRA|CAD|mikl:Pgap1:6300.0:3736b8fc68678a0f,4fdf05b044fa88a6,3,3,3,AVAILABLE
mikl_gse173098,mikl_gse173098|mikl_gse173098|neurite_soma_mpra|GFP 3UTR MPRA|CAD|mikl:Pgap1:6350.0:1946d62c95ef82c4,4fdf05b044fa88a6,4,3,4,AVAILABLE
mikl_gse173098,mikl_gse173098|mikl_gse173098|neurite_soma_mpra|GFP 3UTR MPRA|CAD|mikl:Pgap1:6400.0:db8dd3120b38bb41,4fdf05b044fa88a6,4,3,4,AVAILABLE
mikl_gse173098,mikl_gse173098|mikl_gse173098|neurite_soma_mpra|GFP 3UTR MPRA|CAD|mikl:Pgap1:6450.0:483c9f0a87fedfb3,4fdf05b044fa88a6,4,3,4,AVAILABLE
mikl_gse173098,mikl_gse173098|mikl_gse173098|neurite_soma_mpra|GFP 3UTR MPRA|CAD|mikl:Pgap1:6800.0:eb8bd49c10900ea4,4fdf05b044fa88a6,2,3,2,AVAILABLE
mikl_gse173098,mikl_gse173098|mikl_gse173098|neurite_soma_mpra|GFP 3UTR MPRA|CAD|mikl:Pgap1:6850.0:5b14234a8fdbb52d,4fdf05b044fa88a6,4,3,4,AVAILABLE
mikl_gse173098,mikl_gse173098|mikl_gse173098|neurite_soma_mpra|GFP 3UTR MPRA|CAD|mikl:Pgap1:6900.0:fde7d2e5781025fd,4fdf05b044fa88a6,4,3,4,AVAILABLE
mikl_gse173098,mikl_gse173098|mikl_gse173098|neurite_soma_mpra|GFP 3UTR MPRA|CAD|mikl:Pgap1:6950.0:7ab6dc6313750595,4fdf05b044fa88a6,4,3,4,AVAILABLE
mikl_gse173098,mikl_gse173098|mikl_gse173098|neurite_soma_mpra|GFP 3UTR MPRA|CAD|mikl:Pgap1:700.0:67ed332945d3d8fe,4fdf05b044fa88a6,2,3,2,AVAILABLE
mikl_gse173098,mikl_gse173098|mikl_gse173098|neurite_soma_mpra|GFP 3UTR MPRA|CAD|mikl:Pgap1:7000.0:01901124f7ba35c2,4fdf05b044fa88a6,3,3,3,AVAILABLE
mikl_gse173098,mikl_gse173098|mikl_gse173098|neurite_soma_mpra|GFP 3UTR MPRA|CAD|mikl:Pgap1:7050.0:fa7ac3d0ee4fffbb,4fdf05b044fa88a6,4,3,4,AVAILABLE
mikl_gse173098,mikl_gse173098|mikl_gse173098|neurite_soma_mpra|GFP 3UTR MPRA|CAD|mikl:Pgap1:7100.0:31c7a6dceb775bd6,4fdf05b044fa88a6,2,3,2,AVAILABLE
mikl_gse173098,mikl_gse173098|mikl_gse173098|neurite_soma_mpra|GFP 3UTR MPRA|CAD|mikl:Pgap1:7300.0:1d8ed15f8b15430c,4fdf05b044fa88a6,3,3,3,AVAILABLE
mikl_gse173098,mikl_gse173098|mikl_gse173098|neurite_soma_mpra|GFP 3UTR MPRA|CAD|mikl:Pgap1:7350.0:eea7b70258945647,4fdf05b044fa88a6,2,3,2,AVAILABLE
mikl_gse173098,mikl_gse173098|mikl_gse173098|neurite_soma_mpra|GFP 3UTR MPRA|CAD|mikl:Pgap1:7400.0:31d08e374d124748,4fdf05b044fa88a6,2,3,2,AVAILABLE
mikl_gse173098,mikl_gse173098|mikl_gse173098|neurite_soma_mpra|GFP 3UTR MPRA|CAD|mikl:Pgap1:750.0:9ac157fed676d753,4fdf05b044fa88a6,2,3,2,AVAILABLE
mikl_gse173098,mikl_gse173098|mikl_gse173098|neurite_soma_mpra|GFP 3UTR MPRA|CAD|mikl:Pgap1:7500.0:89a7364715bd53c4,4fdf05b044fa88a6,2,3,2,AVAILABLE
mikl_gse173098,mikl_gse173098|mikl_gse173098|neurite_soma_mpra|GFP 3UTR MPRA|CAD|mikl:Pgap1:800.0:b7fdd495ce25563c,4fdf05b044fa88a6,4,3,4,AVAILABLE
mikl_gse173098,mikl_gse173098|mikl_gse173098|neurite_soma_mpra|GFP 3UTR MPRA|CAD|mikl:Pgap1:850.0:c7b7521c0a57401c,4fdf05b044fa88a6,2,3,2,AVAILABLE
mikl_gse173098,mikl_gse173098|mikl_gse173098|neurite_soma_mpra|GFP 3UTR MPRA|CAD|mikl:Plin3:1400.0:9acaa7b7fa356573,eff7b10da80a38d4,2,3,2,AVAILABLE
mikl_gse173098,mikl_gse173098|mikl_gse173098|neurite_soma_mpra|GFP 3UTR MPRA|CAD|mikl:Plin3:1450.0:19ea0dafb6452fc0,eff7b10da80a38d4,2,3,2,AVAILABLE
mikl_gse173098,mikl_gse173098|mikl_gse173098|neurite_soma_mpra|GFP 3UTR MPRA|CAD|mikl:Plin3:1500.0:750240f15cff7774,eff7b10da80a38d4,3,3,3,AVAILABLE
mikl_gse173098,mikl_gse173098|mikl_gse173098|neurite_soma_mpra|GFP 3UTR MPRA|CAD|mikl:Plin3:50.0:22b010096331b7e7,eff7b10da80a38d4,2,3,2,AVAILABLE
mikl_gse173098,mikl_gse173098|mikl_gse173098|neurite_soma_mpra|GFP 3UTR MPRA|CAD|mikl:Ppp1r9b:0.0:49bb603d52d33492,221dadc3c615ae8a,2,3,2,AVAILABLE
mikl_gse173098,mikl_gse173098|mikl_gse173098|neurite_soma_mpra|GFP 3UTR MPRA|CAD|mikl:Ppp1r9b:150.0:496dda74fbfaae54,221dadc3c615ae8a,3,3,3,AVAILABLE
mikl_gse173098,mikl_gse173098|mikl_gse173098|neurite_soma_mpra|GFP 3UTR MPRA|CAD|mikl:Ppp1r9b:200.0:0522509d0fe66ac1,221dadc3c615ae8a,2,3,2,AVAILABLE
mikl_gse173098,mikl_gse173098|mikl_gse173098|neurite_soma_mpra|GFP 3UTR MPRA|CAD|mikl:Ppp1r9b:250.0:4a879e52b12eb519,221dadc3c615ae8a,2,3,2,AVAILABLE
mikl_gse173098,mikl_gse173098|mikl_gse173098|neurite_soma_mpra|GFP 3UTR MPRA|CAD|mikl:Ppp1r9b:700.0:709071313c7e3dec,221dadc3c615ae8a,2,3,2,AVAILABLE
mikl_gse173098,mikl_gse173098|mikl_gse173098|neurite_soma_mpra|GFP 3UTR MPRA|CAD|mikl:Ppp1r9b:750.0:f22a87fcdc1bf8b1,221dadc3c615ae8a,3,3,3,AVAILABLE
mikl_gse173098,mikl_gse173098|mikl_gse173098|neurite_soma_mpra|GFP 3UTR MPRA|CAD|mikl:Ppp1r9b:800.0:a0ba24c140bbcc2b,221dadc3c615ae8a,3,3,3,AVAILABLE
mikl_gse173098,mikl_gse173098|mikl_gse173098|neurite_soma_mpra|GFP 3UTR MPRA|CAD|mikl:Ppp1r9b:900.0:e91f0a7e24f54097,221dadc3c615ae8a,2,3,2,AVAILABLE
mikl_gse173098,mikl_gse173098|mikl_gse173098|neurite_soma_mpra|GFP 3UTR MPRA|CAD|mikl:Prlr:0.0:bd9d27f8a471d9e7,43a6b71d4dd1cb9e,2,3,2,AVAILABLE
mikl_gse173098,mikl_gse173098|mikl_gse173098|neurite_soma_mpra|GFP 3UTR MPRA|CAD|mikl:Prlr:500.0:765f15a6b31bd52e,43a6b71d4dd1cb9e,2,3,2,AVAILABLE
mikl_gse173098,mikl_gse173098|mikl_gse173098|neurite_soma_mpra|GFP 3UTR MPRA|CAD|mikl:Prlr:550.0:f2c170cd9fcb7778,43a6b71d4dd1cb9e,2,3,2,AVAILABLE
mikl_gse173098,mikl_gse173098|mikl_gse173098|neurite_soma_mpra|GFP 3UTR MPRA|CAD|mikl:Prlr:600.0:dfa1c8094bb771f7,43a6b71d4dd1cb9e,2,3,2,AVAILABLE
mikl_gse173098,mikl_gse173098|mikl_gse173098|neurite_soma_mpra|GFP 3UTR MPRA|CAD|mikl:Prlr:650.0:603989e26456c002,43a6b71d4dd1cb9e,2,3,2,AVAILABLE
mikl_gse173098,mikl_gse173098|mikl_gse173098|neurite_soma_mpra|GFP 3UTR MPRA|CAD|mikl:Prlr:650.0:ac55563bef23d5a7,43a6b71d4dd1cb9e,2,3,2,AVAILABLE
mikl_gse173098,mikl_gse173098|mikl_gse173098|neurite_soma_mpra|GFP 3UTR MPRA|CAD|mikl:Prrx1:1600.0:10f0c6c5c1612e1d,6e3d75ddfa0fb89a,2,3,2,AVAILABLE
mikl_gse173098,mikl_gse173098|mikl_gse173098|neurite_soma_mpra|GFP 3UTR MPRA|CAD|mikl:Prrx1:1650.0:0fbb4ed0d7b17986,6e3d75ddfa0fb89a,3,3,3,AVAILABLE
mikl_gse173098,mikl_gse173098|mikl_gse173098|neurite_soma_mpra|GFP 3UTR MPRA|CAD|mikl:Prrx1:1700.0:ba070eeb108fc91e,6e3d75ddfa0fb89a,3,3,3,AVAILABLE
mikl_gse173098,mikl_gse173098|mikl_gse173098|neurite_soma_mpra|GFP 3UTR MPRA|CAD|mikl:Prrx1:1750.0:d4fa54520431df05,6e3d75ddfa0fb89a,2,3,2,AVAILABLE
mikl_gse173098,mikl_gse173098|mikl_gse173098|neurite_soma_mpra|GFP 3UTR MPRA|CAD|mikl:Prrx1:3450.0:0eb5f769cf277fb6,6e3d75ddfa0fb89a,4,3,4,AVAILABLE
mikl_gse173098,mikl_gse173098|mikl_gse173098|neurite_soma_mpra|GFP 3UTR MPRA|CAD|mikl:Prrx1:3500.0:9e1d5ade5ee34089,6e3d75ddfa0fb89a,5,3,5,AVAILABLE
mikl_gse173098,mikl_gse173098|mikl_gse173098|neurite_soma_mpra|GFP 3UTR MPRA|CAD|mikl:Prrx1:3550.0:a369dbe2e4ef1842,6e3d75ddfa0fb89a,5,3,5,AVAILABLE
mikl_gse173098,mikl_gse173098|mikl_gse173098|neurite_soma_mpra|GFP 3UTR MPRA|CAD|mikl:Prrx1:850.0:19b50ee930e8f199,6e3d75ddfa0fb89a,2,3,2,AVAILABLE
mikl_gse173098,mikl_gse173098|mikl_gse173098|neurite_soma_mpra|GFP 3UTR MPRA|CAD|mikl:Prrx1:900.0:402a505afdc14e47,6e3d75ddfa0fb89a,2,3,2,AVAILABLE
mikl_gse173098,mikl_gse173098|mikl_gse173098|neurite_soma_mpra|GFP 3UTR MPRA|CAD|mikl:Psd:200.0:35c45f4f4f537776,ca3c2da790c70541,2,3,2,AVAILABLE
mikl_gse173098,mikl_gse173098|mikl_gse173098|neurite_soma_mpra|GFP 3UTR MPRA|CAD|mikl:Ptgs2:700.0:fa68b2e98f55ad83,ce33a6cd172b5d00,2,3,2,AVAILABLE
mikl_gse173098,mikl_gse173098|mikl_gse173098|neurite_soma_mpra|GFP 3UTR MPRA|CAD|mikl:Ptpn14:1050.0:b009ae2855945b8c,e5e8496fb8ee6402,2,3,2,AVAILABLE
mikl_gse173098,mikl_gse173098|mikl_gse173098|neurite_soma_mpra|GFP 3UTR MPRA|CAD|mikl:Ptpn14:1100.0:94d456476694d527,e5e8496fb8ee6402,2,3,2,AVAILABLE
mikl_gse173098,mikl_gse173098|mikl_gse173098|neurite_soma_mpra|GFP 3UTR MPRA|CAD|mikl:Ptpn14:1150.0:8cf194e511bfa0a2,e5e8496fb8ee6402,2,3,2,AVAILABLE
mikl_gse173098,mikl_gse173098|mikl_gse173098|neurite_soma_mpra|GFP 3UTR MPRA|CAD|mikl:Ptpn14:250.0:1648a35cd5860385,e5e8496fb8ee6402,2,3,2,AVAILABLE
mikl_gse173098,mikl_gse173098|mikl_gse173098|neurite_soma_mpra|GFP 3UTR MPRA|CAD|mikl:Ptpn14:2650.0:0fb7dafd69aba22b,e5e8496fb8ee6402,2,3,2,AVAILABLE
mikl_gse173098,mikl_gse173098|mikl_gse173098|neurite_soma_mpra|GFP 3UTR MPRA|CAD|mikl:Ptpn14:5100.0:338b983ecc7fc8c6,e5e8496fb8ee6402,2,3,2,AVAILABLE
mikl_gse173098,mikl_gse173098|mikl_gse173098|neurite_soma_mpra|GFP 3UTR MPRA|CAD|mikl:Ptpn14:750.0:e98d9172a441b569,e5e8496fb8ee6402,2,3,2,AVAILABLE
mikl_gse173098,mikl_gse173098|mikl_gse173098|neurite_soma_mpra|GFP 3UTR MPRA|CAD|mikl:Ptpn14:850.0:81d8192d01861d06,e5e8496fb8ee6402,2,3,2,AVAILABLE
mikl_gse173098,mikl_gse173098|mikl_gse173098|neurite_soma_mpra|GFP 3UTR MPRA|CAD|mikl:Ptprb:1600.0:93100cea0d9127cb,74f485a331343e4c,3,3,3,AVAILABLE
mikl_gse173098,mikl_gse173098|mikl_gse173098|neurite_soma_mpra|GFP 3UTR MPRA|CAD|mikl:Ptprb:1650.0:9c80b03386fdb40b,74f485a331343e4c,4,3,4,AVAILABLE
mikl_gse173098,mikl_gse173098|mikl_gse173098|neurite_soma_mpra|GFP 3UTR MPRA|CAD|mikl:Ptprb:1700.0:c5773f5fd4aada48,74f485a331343e4c,5,3,5,AVAILABLE
mikl_gse173098,mikl_gse173098|mikl_gse173098|neurite_soma_mpra|GFP 3UTR MPRA|CAD|mikl:Ptprb:1750.0:eb0beaf4691dc280,74f485a331343e4c,3,3,3,AVAILABLE
mikl_gse173098,mikl_gse173098|mikl_gse173098|neurite_soma_mpra|GFP 3UTR MPRA|CAD|mikl:Ptprb:1800.0:c8a416cf9e390158,74f485a331343e4c,2,3,2,AVAILABLE
mikl_gse173098,mikl_gse173098|mikl_gse173098|neurite_soma_mpra|GFP 3UTR MPRA|CAD|mikl:Ptprb:2400.0:9696764c198e1d90,74f485a331343e4c,4,3,4,AVAILABLE
mikl_gse173098,mikl_gse173098|mikl_gse173098|neurite_soma_mpra|GFP 3UTR MPRA|CAD|mikl:Ptprb:2450.0:0516310ff6e84a23,74f485a331343e4c,4,3,4,AVAILABLE
mikl_gse173098,mikl_gse173098|mikl_gse173098|neurite_soma_mpra|GFP 3UTR MPRA|CAD|mikl:Ptprb:2500.0:fd571ed23859a7de,74f485a331343e4c,3,3,3,AVAILABLE
mikl_gse173098,mikl_gse173098|mikl_gse173098|neurite_soma_mpra|GFP 3UTR MPRA|CAD|mikl:Ptprb:2800.0:3bd1d835987edad1,74f485a331343e4c,2,3,2,AVAILABLE
mikl_gse173098,mikl_gse173098|mikl_gse173098|neurite_soma_mpra|GFP 3UTR MPRA|CAD|mikl:Ptprb:2850.0:3aeedc798b750356,74f485a331343e4c,2,3,2,AVAILABLE
mikl_gse173098,mikl_gse173098|mikl_gse173098|neurite_soma_mpra|GFP 3UTR MPRA|CAD|mikl:Ptprb:2900.0:e34c0be864b0e777,74f485a331343e4c,2,3,2,AVAILABLE
mikl_gse173098,mikl_gse173098|mikl_gse173098|neurite_soma_mpra|GFP 3UTR MPRA|CAD|mikl:Ptprb:650.0:f00216b03a0ecd6e,74f485a331343e4c,2,3,2,AVAILABLE
mikl_gse173098,mikl_gse173098|mikl_gse173098|neurite_soma_mpra|GFP 3UTR MPRA|CAD|mikl:Rab11fip2:0.0:edbd0e18bc7be716,0ea0c4bb7844be12,3,3,3,AVAILABLE
mikl_gse173098,mikl_gse173098|mikl_gse173098|neurite_soma_mpra|GFP 3UTR MPRA|CAD|mikl:Rab11fip2:100.0:3d3d5825cc92b8d6,0ea0c4bb7844be12,2,3,2,AVAILABLE
mikl_gse173098,mikl_gse173098|mikl_gse173098|neurite_soma_mpra|GFP 3UTR MPRA|CAD|mikl:Rab11fip2:1050.0:a7597bd56f0e57b8,0ea0c4bb7844be12,2,3,2,AVAILABLE
mikl_gse173098,mikl_gse173098|mikl_gse173098|neurite_soma_mpra|GFP 3UTR MPRA|CAD|mikl:Rab11fip2:1200.0:b3520a26129cf00e,0ea0c4bb7844be12,2,3,2,AVAILABLE
mikl_gse173098,mikl_gse173098|mikl_gse173098|neurite_soma_mpra|GFP 3UTR MPRA|CAD|mikl:Rab11fip2:1250.0:b95a83b25accbc00,0ea0c4bb7844be12,4,3,4,AVAILABLE
mikl_gse173098,mikl_gse173098|mikl_gse173098|neurite_soma_mpra|GFP 3UTR MPRA|CAD|mikl:Rab11fip2:1300.0:2bdbee270b2e1896,0ea0c4bb7844be12,3,3,3,AVAILABLE
mikl_gse173098,mikl_gse173098|mikl_gse173098|neurite_soma_mpra|GFP 3UTR MPRA|CAD|mikl:Rab11fip2:1350.0:baeff6b4fa9b3730,0ea0c4bb7844be12,4,3,4,AVAILABLE
mikl_gse173098,mikl_gse173098|mikl_gse173098|neurite_soma_mpra|GFP 3UTR MPRA|CAD|mikl:Rab11fip2:1400.0:6c6cb04a29f8e116,0ea0c4bb7844be12,5,3,5,AVAILABLE
mikl_gse173098,mikl_gse173098|mikl_gse173098|neurite_soma_mpra|GFP 3UTR MPRA|CAD|mikl:Rab11fip2:1450.0:c7f7fa044fd7f985,0ea0c4bb7844be12,6,3,6,AVAILABLE
mikl_gse173098,mikl_gse173098|mikl_gse173098|neurite_soma_mpra|GFP 3UTR MPRA|CAD|mikl:Rab11fip2:150.0:88f787cc79db0565,0ea0c4bb7844be12,2,3,2,AVAILABLE
mikl_gse173098,mikl_gse173098|mikl_gse173098|neurite_soma_mpra|GFP 3UTR MPRA|CAD|mikl:Rab11fip2:1500.0:e48c63f21026c5da,0ea0c4bb7844be12,6,3,6,AVAILABLE
mikl_gse173098,mikl_gse173098|mikl_gse173098|neurite_soma_mpra|GFP 3UTR MPRA|CAD|mikl:Rab11fip2:1550.0:27346132ba10ff36,0ea0c4bb7844be12,6,3,6,AVAILABLE
mikl_gse173098,mikl_gse173098|mikl_gse173098|neurite_soma_mpra|GFP 3UTR MPRA|CAD|mikl:Rab11fip2:1600.0:cd70b1bf5bd78a9b,0ea0c4bb7844be12,5,3,5,AVAILABLE
mikl_gse173098,mikl_gse173098|mikl_gse173098|neurite_soma_mpra|GFP 3UTR MPRA|CAD|mikl:Rab11fip2:1650.0:c5082c663546c485,0ea0c4bb7844be12,3,3,3,AVAILABLE
mikl_gse173098,mikl_gse173098|mikl_gse173098|neurite_soma_mpra|GFP 3UTR MPRA|CAD|mikl:Rab11fip2:2150.0:18b4eb6078fce4cf,0ea0c4bb7844be12,5,3,5,AVAILABLE
mikl_gse173098,mikl_gse173098|mikl_gse173098|neurite_soma_mpra|GFP 3UTR MPRA|CAD|mikl:Rab11fip2:2200.0:2fa127cc4a928785,0ea0c4bb7844be12,5,3,5,AVAILABLE
mikl_gse173098,mikl_gse173098|mikl_gse173098|neurite_soma_mpra|GFP 3UTR MPRA|CAD|mikl:Rab11fip2:2250.0:6748e12e4036aecd,0ea0c4bb7844be12,4,3,4,AVAILABLE
mikl_gse173098,mikl_gse173098|mikl_gse173098|neurite_soma_mpra|GFP 3UTR MPRA|CAD|mikl:Rab11fip2:2400.0:3408ad2aa44a13b9,0ea0c4bb7844be12,3,3,3,AVAILABLE
mikl_gse173098,mikl_gse173098|mikl_gse173098|neurite_soma_mpra|GFP 3UTR MPRA|CAD|mikl:Rab11fip2:2450.0:c2e1369542cadf61,0ea0c4bb7844be12,5,3,5,AVAILABLE
mikl_gse173098,mikl_gse173098|mikl_gse173098|neurite_soma_mpra|GFP 3UTR MPRA|CAD|mikl:Rab11fip2:2500.0:d93dcdb43803e571,0ea0c4bb7844be12,6,3,6,AVAILABLE
mikl_gse173098,mikl_gse173098|mikl_gse173098|neurite_soma_mpra|GFP 3UTR MPRA|CAD|mikl:Rab11fip2:2550.0:8180d1e92ea1c09b,0ea0c4bb7844be12,5,3,5,AVAILABLE
mikl_gse173098,mikl_gse173098|mikl_gse173098|neurite_soma_mpra|GFP 3UTR MPRA|CAD|mikl:Rab11fip2:2600.0:8954cb26d33fefe7,0ea0c4bb7844be12,5,3,5,AVAILABLE
mikl_gse173098,mikl_gse173098|mikl_gse173098|neurite_soma_mpra|GFP 3UTR MPRA|CAD|mikl:Rab11fip2:2650.0:43986a5e11506937,0ea0c4bb7844be12,3,3,3,AVAILABLE
mikl_gse173098,mikl_gse173098|mikl_gse173098|neurite_soma_mpra|GFP 3UTR MPRA|CAD|mikl:Rab11fip2:3100.0:fee10f13e45a5ff0,0ea0c4bb7844be12,5,3,5,AVAILABLE
mikl_gse173098,mikl_gse173098|mikl_gse173098|neurite_soma_mpra|GFP 3UTR MPRA|CAD|mikl:Rab11fip2:3150.0:cc4e55404c8f9735,0ea0c4bb7844be12,7,3,7,AVAILABLE
mikl_gse173098,mikl_gse173098|mikl_gse173098|neurite_soma_mpra|GFP 3UTR MPRA|CAD|mikl:Rab11fip2:3200.0:ace73eb428416e8b,0ea0c4bb7844be12,6,3,6,AVAILABLE
mikl_gse173098,mikl_gse173098|mikl_gse173098|neurite_soma_mpra|GFP 3UTR MPRA|CAD|mikl:Rab11fip2:3250.0:662a9e3fc73164fb,0ea0c4bb7844be12,4,3,4,AVAILABLE
mikl_gse173098,mikl_gse173098|mikl_gse173098|neurite_soma_mpra|GFP 3UTR MPRA|CAD|mikl:Rab11fip2:3300.0:160c9486f4a280cd,0ea0c4bb7844be12,5,3,5,AVAILABLE
mikl_gse173098,mikl_gse173098|mikl_gse173098|neurite_soma_mpra|GFP 3UTR MPRA|CAD|mikl:Rab11fip2:3350.0:85aea2eccb8542e3,0ea0c4bb7844be12,4,3,4,AVAILABLE
mikl_gse173098,mikl_gse173098|mikl_gse173098|neurite_soma_mpra|GFP 3UTR MPRA|CAD|mikl:Rab11fip2:3400.0:128f193cd48b253d,0ea0c4bb7844be12,3,3,3,AVAILABLE
mikl_gse173098,mikl_gse173098|mikl_gse173098|neurite_soma_mpra|GFP 3UTR MPRA|CAD|mikl:Rab11fip2:350.0:855e7bf7890b53ac,0ea0c4bb7844be12,3,3,3,AVAILABLE
mikl_gse173098,mikl_gse173098|mikl_gse173098|neurite_soma_mpra|GFP 3UTR MPRA|CAD|mikl:Rab11fip2:3550.0:7724eaeec8889bf3,0ea0c4bb7844be12,2,3,2,AVAILABLE
mikl_gse173098,mikl_gse173098|mikl_gse173098|neurite_soma_mpra|GFP 3UTR MPRA|CAD|mikl:Rab11fip2:3600.0:a403408a51a361e1,0ea0c4bb7844be12,3,3,3,AVAILABLE
mikl_gse173098,mikl_gse173098|mikl_gse173098|neurite_soma_mpra|GFP 3UTR MPRA|CAD|mikl:Rab11fip2:3650.0:64154a85af41de24,0ea0c4bb7844be12,5,3,5,AVAILABLE
mikl_gse173098,mikl_gse173098|mikl_gse173098|neurite_soma_mpra|GFP 3UTR MPRA|CAD|mikl:Rab11fip2:3700.0:253ebf06a8ed6889,0ea0c4bb7844be12,5,3,5,AVAILABLE
mikl_gse173098,mikl_gse173098|mikl_gse173098|neurite_soma_mpra|GFP 3UTR MPRA|CAD|mikl:Rab11fip2:3750.0:5095620870e6e85e,0ea0c4bb7844be12,3,3,3,AVAILABLE
mikl_gse173098,mikl_gse173098|mikl_gse173098|neurite_soma_mpra|GFP 3UTR MPRA|CAD|mikl:Rab11fip2:3800.0:0f54c2b3dcc7b278,0ea0c4bb7844be12,2,3,2,AVAILABLE
mikl_gse173098,mikl_gse173098|mikl_gse173098|neurite_soma_mpra|GFP 3UTR MPRA|CAD|mikl:Rab11fip2:3850.0:866e05735bedef57,0ea0c4bb7844be12,6,3,6,AVAILABLE
mikl_gse173098,mikl_gse173098|mikl_gse173098|neurite_soma_mpra|GFP 3UTR MPRA|CAD|mikl:Rab11fip2:400.0:2528ef29f90ce0ff,0ea0c4bb7844be12,3,3,3,AVAILABLE
mikl_gse173098,mikl_gse173098|mikl_gse173098|neurite_soma_mpra|GFP 3UTR MPRA|CAD|mikl:Rab11fip2:450.0:738ea22f964ac212,0ea0c4bb7844be12,5,3,5,AVAILABLE
mikl_gse173098,mikl_gse173098|mikl_gse173098|neurite_soma_mpra|GFP 3UTR MPRA|CAD|mikl:Rab11fip2:50.0:bd3c653b17ac7c7a,0ea0c4bb7844be12,3,3,3,AVAILABLE
mikl_gse173098,mikl_gse173098|mikl_gse173098|neurite_soma_mpra|GFP 3UTR MPRA|CAD|mikl:Rab11fip2:500.0:5ae05a4ce2c01767,0ea0c4bb7844be12,6,3,6,AVAILABLE
mikl_gse173098,mikl_gse173098|mikl_gse173098|neurite_soma_mpra|GFP 3UTR MPRA|CAD|mikl:Rab11fip2:550.0:fdadc79daed923c9,0ea0c4bb7844be12,4,3,4,AVAILABLE
mikl_gse173098,mikl_gse173098|mikl_gse173098|neurite_soma_mpra|GFP 3UTR MPRA|CAD|mikl:Rab11fip2:650.0:de92e4f1d488d975,0ea0c4bb7844be12,4,3,4,AVAILABLE
mikl_gse173098,mikl_gse173098|mikl_gse173098|neurite_soma_mpra|GFP 3UTR MPRA|CAD|mikl:Rab11fip2:700.0:24b6f2d841538338,0ea0c4bb7844be12,5,3,5,AVAILABLE
mikl_gse173098,mikl_gse173098|mikl_gse173098|neurite_soma_mpra|GFP 3UTR MPRA|CAD|mikl:Rab11fip2:750.0:937550ff73a18059,0ea0c4bb7844be12,3,3,3,AVAILABLE
mikl_gse173098,mikl_gse173098|mikl_gse173098|neurite_soma_mpra|GFP 3UTR MPRA|CAD|mikl:Rasgrp4:1000.0:b32b71c4bb986525,8a6f0f087e08fd97,2,3,2,AVAILABLE
mikl_gse173098,mikl_gse173098|mikl_gse173098|neurite_soma_mpra|GFP 3UTR MPRA|CAD|mikl:Rasgrp4:1100.0:c88fb48273d7258f,8a6f0f087e08fd97,2,3,2,AVAILABLE
mikl_gse173098,mikl_gse173098|mikl_gse173098|neurite_soma_mpra|GFP 3UTR MPRA|CAD|mikl:Rasgrp4:1150.0:59e7aeb3220d2a55,8a6f0f087e08fd97,2,3,2,AVAILABLE
mikl_gse173098,mikl_gse173098|mikl_gse173098|neurite_soma_mpra|GFP 3UTR MPRA|CAD|mikl:Rasgrp4:1200.0:408ad049e260b413,8a6f0f087e08fd97,2,3,2,AVAILABLE
mikl_gse173098,mikl_gse173098|mikl_gse173098|neurite_soma_mpra|GFP 3UTR MPRA|CAD|mikl:Rasgrp4:1550.0:b678ef5cd40034e7,8a6f0f087e08fd97,2,3,2,AVAILABLE
mikl_gse173098,mikl_gse173098|mikl_gse173098|neurite_soma_mpra|GFP 3UTR MPRA|CAD|mikl:Rasgrp4:1600.0:893dc44f5db6799d,8a6f0f087e08fd97,3,3,3,AVAILABLE
mikl_gse173098,mikl_gse173098|mikl_gse173098|neurite_soma_mpra|GFP 3UTR MPRA|CAD|mikl:Rasgrp4:1950.0:f07226be472d8778,8a6f0f087e08fd97,2,3,2,AVAILABLE
mikl_gse173098,mikl_gse173098|mikl_gse173098|neurite_soma_mpra|GFP 3UTR MPRA|CAD|mikl:Rasgrp4:2000.0:e859839726a4d0d6,8a6f0f087e08fd97,4,3,4,AVAILABLE
mikl_gse173098,mikl_gse173098|mikl_gse173098|neurite_soma_mpra|GFP 3UTR MPRA|CAD|mikl:Rasgrp4:2050.0:602ed2ce46aae742,8a6f0f087e08fd97,4,3,4,AVAILABLE
mikl_gse173098,mikl_gse173098|mikl_gse173098|neurite_soma_mpra|GFP 3UTR MPRA|CAD|mikl:Rasgrp4:2100.0:454bc32b4e39a4ca,8a6f0f087e08fd97,3,3,3,AVAILABLE
mikl_gse173098,mikl_gse173098|mikl_gse173098|neurite_soma_mpra|GFP 3UTR MPRA|CAD|mikl:Rasgrp4:2300.0:fb7775055d5c165c,8a6f0f087e08fd97,2,3,2,AVAILABLE
mikl_gse173098,mikl_gse173098|mikl_gse173098|neurite_soma_mpra|GFP 3UTR MPRA|CAD|mikl:Rasgrp4:300.0:6d3f9a75c7664c74,8a6f0f087e08fd97,4,3,4,AVAILABLE
mikl_gse173098,mikl_gse173098|mikl_gse173098|neurite_soma_mpra|GFP 3UTR MPRA|CAD|mikl:Rasgrp4:350.0:930124deb63f9c71,8a6f0f087e08fd97,3,3,3,AVAILABLE
mikl_gse173098,mikl_gse173098|mikl_gse173098|neurite_soma_mpra|GFP 3UTR MPRA|CAD|mikl:Rasgrp4:550.0:3c29d0f46e3f7894,8a6f0f087e08fd97,3,3,3,AVAILABLE
mikl_gse173098,mikl_gse173098|mikl_gse173098|neurite_soma_mpra|GFP 3UTR MPRA|CAD|mikl:Rasgrp4:600.0:f70eb59e62072984,8a6f0f087e08fd97,3,3,3,AVAILABLE
mikl_gse173098,mikl_gse173098|mikl_gse173098|neurite_soma_mpra|GFP 3UTR MPRA|CAD|mikl:Rasgrp4:650.0:8c4e624766d7aee7,8a6f0f087e08fd97,2,3,2,AVAILABLE
mikl_gse173098,mikl_gse173098|mikl_gse173098|neurite_soma_mpra|GFP 3UTR MPRA|CAD|mikl:Rasgrp4:900.0:a9b53492512e3388,8a6f0f087e08fd97,2,3,2,AVAILABLE
mikl_gse173098,mikl_gse173098|mikl_gse173098|neurite_soma_mpra|GFP 3UTR MPRA|CAD|mikl:Rasl10b:100.0:290953fb03e297ef,a68a9b74449b44a3,3,3,3,AVAILABLE
mikl_gse173098,mikl_gse173098|mikl_gse173098|neurite_soma_mpra|GFP 3UTR MPRA|CAD|mikl:Rasl10b:100.0:eb6c8f3a3f9574e3,a68a9b74449b44a3,2,3,2,AVAILABLE
mikl_gse173098,mikl_gse173098|mikl_gse173098|neurite_soma_mpra|GFP 3UTR MPRA|CAD|mikl:Rasl10b:1000.0:c0c41bcdfd9c4030,a68a9b74449b44a3,3,3,3,AVAILABLE
mikl_gse173098,mikl_gse173098|mikl_gse173098|neurite_soma_mpra|GFP 3UTR MPRA|CAD|mikl:Rasl10b:1050.0:afda428287a9d8e0,a68a9b74449b44a3,2,3,2,AVAILABLE
mikl_gse173098,mikl_gse173098|mikl_gse173098|neurite_soma_mpra|GFP 3UTR MPRA|CAD|mikl:Rasl10b:1100.0:61f982c715ce28f0,a68a9b74449b44a3,2,3,2,AVAILABLE
mikl_gse173098,mikl_gse173098|mikl_gse173098|neurite_soma_mpra|GFP 3UTR MPRA|CAD|mikl:Rasl10b:1150.0:a7bd3f34dc5bc1f8,a68a9b74449b44a3,3,3,3,AVAILABLE
mikl_gse173098,mikl_gse173098|mikl_gse173098|neurite_soma_mpra|GFP 3UTR MPRA|CAD|mikl:Rasl10b:1200.0:7dfd581bb95c3f33,a68a9b74449b44a3,3,3,3,AVAILABLE
mikl_gse173098,mikl_gse173098|mikl_gse173098|neurite_soma_mpra|GFP 3UTR MPRA|CAD|mikl:Rasl10b:1250.0:31f3773f59012c2e,a68a9b74449b44a3,2,3,2,AVAILABLE
mikl_gse173098,mikl_gse173098|mikl_gse173098|neurite_soma_mpra|GFP 3UTR MPRA|CAD|mikl:Rasl10b:1300.0:3cb2aab6ab0e57da,a68a9b74449b44a3,3,3,3,AVAILABLE
mikl_gse173098,mikl_gse173098|mikl_gse173098|neurite_soma_mpra|GFP 3UTR MPRA|CAD|mikl:Rasl10b:1350.0:2265f71dfcfacdf4,a68a9b74449b44a3,2,3,2,AVAILABLE
mikl_gse173098,mikl_gse173098|mikl_gse173098|neurite_soma_mpra|GFP 3UTR MPRA|CAD|mikl:Rasl10b:1350.0:a7cfe6261088474f,a68a9b74449b44a3,2,3,2,AVAILABLE
mikl_gse173098,mikl_gse173098|mikl_gse173098|neurite_soma_mpra|GFP 3UTR MPRA|CAD|mikl:Rasl10b:150.0:cf785b0a5be15062,a68a9b74449b44a3,2,3,2,AVAILABLE
mikl_gse173098,mikl_gse173098|mikl_gse173098|neurite_soma_mpra|GFP 3UTR MPRA|CAD|mikl:Rasl10b:1500.0:0d39aacdf0df7e76,a68a9b74449b44a3,2,3,2,AVAILABLE
mikl_gse173098,mikl_gse173098|mikl_gse173098|neurite_soma_mpra|GFP 3UTR MPRA|CAD|mikl:Rasl10b:1500.0:d3c0efa55c4a3b3c,a68a9b74449b44a3,3,3,3,AVAILABLE
mikl_gse173098,mikl_gse173098|mikl_gse173098|neurite_soma_mpra|GFP 3UTR MPRA|CAD|mikl:Rasl10b:1550.0:796c9f075cfaab68,a68a9b74449b44a3,2,3,2,AVAILABLE
mikl_gse173098,mikl_gse173098|mikl_gse173098|neurite_soma_mpra|GFP 3UTR MPRA|CAD|mikl:Rasl10b:1550.0:8cd08375763923ff,a68a9b74449b44a3,3,3,3,AVAILABLE
mikl_gse173098,mikl_gse173098|mikl_gse173098|neurite_soma_mpra|GFP 3UTR MPRA|CAD|mikl:Rasl10b:1600.0:d6f29ff01ab76039,a68a9b74449b44a3,2,3,2,AVAILABLE
mikl_gse173098,mikl_gse173098|mikl_gse173098|neurite_soma_mpra|GFP 3UTR MPRA|CAD|mikl:Rasl10b:1700.0:6dfc6aa9d9368016,a68a9b74449b44a3,3,3,3,AVAILABLE
mikl_gse173098,mikl_gse173098|mikl_gse173098|neurite_soma_mpra|GFP 3UTR MPRA|CAD|mikl:Rasl10b:1700.0:a429e046d0d35ee1,a68a9b74449b44a3,2,3,2,AVAILABLE
mikl_gse173098,mikl_gse173098|mikl_gse173098|neurite_soma_mpra|GFP 3UTR MPRA|CAD|mikl:Rasl10b:1750.0:88ebd2a4ee6b5558,a68a9b74449b44a3,2,3,2,AVAILABLE
mikl_gse173098,mikl_gse173098|mikl_gse173098|neurite_soma_mpra|GFP 3UTR MPRA|CAD|mikl:Rasl10b:1750.0:f8f2feeceecc20f6,a68a9b74449b44a3,3,3,3,AVAILABLE
mikl_gse173098,mikl_gse173098|mikl_gse173098|neurite_soma_mpra|GFP 3UTR MPRA|CAD|mikl:Rasl10b:1800.0:8a1238484fa98486,a68a9b74449b44a3,4,3,4,AVAILABLE
mikl_gse173098,mikl_gse173098|mikl_gse173098|neurite_soma_mpra|GFP 3UTR MPRA|CAD|mikl:Rasl10b:1800.0:9d4d759539fb092a,a68a9b74449b44a3,3,3,3,AVAILABLE
mikl_gse173098,mikl_gse173098|mikl_gse173098|neurite_soma_mpra|GFP 3UTR MPRA|CAD|mikl:Rasl10b:1850.0:6af40acf232542d2,a68a9b74449b44a3,4,3,4,AVAILABLE
mikl_gse173098,mikl_gse173098|mikl_gse173098|neurite_soma_mpra|GFP 3UTR MPRA|CAD|mikl:Rasl10b:1850.0:e11d7cf1d5edef68,a68a9b74449b44a3,2,3,2,AVAILABLE
mikl_gse173098,mikl_gse173098|mikl_gse173098|neurite_soma_mpra|GFP 3UTR MPRA|CAD|mikl:Rasl10b:1900.0:8d1bfdaf1db81d44,a68a9b74449b44a3,3,3,3,AVAILABLE
mikl_gse173098,mikl_gse173098|mikl_gse173098|neurite_soma_mpra|GFP 3UTR MPRA|CAD|mikl:Rasl10b:1950.0:a4cf034fdb31a27f,a68a9b74449b44a3,2,3,2,AVAILABLE
mikl_gse173098,mikl_gse173098|mikl_gse173098|neurite_soma_mpra|GFP 3UTR MPRA|CAD|mikl:Rasl10b:1950.0:ada8324310fba22d,a68a9b74449b44a3,2,3,2,AVAILABLE
mikl_gse173098,mikl_gse173098|mikl_gse173098|neurite_soma_mpra|GFP 3UTR MPRA|CAD|mikl:Rasl10b:2000.0:3870ec9cf8d6a036,a68a9b74449b44a3,2,3,2,AVAILABLE
mikl_gse173098,mikl_gse173098|mikl_gse173098|neurite_soma_mpra|GFP 3UTR MPRA|CAD|mikl:Rasl10b:2000.0:d0ae7e3ecc364ff9,a68a9b74449b44a3,2,3,2,AVAILABLE
mikl_gse173098,mikl_gse173098|mikl_gse173098|neurite_soma_mpra|GFP 3UTR MPRA|CAD|mikl:Rasl10b:2050.0:7af862da788f2b37,a68a9b74449b44a3,4,3,4,AVAILABLE
mikl_gse173098,mikl_gse173098|mikl_gse173098|neurite_soma_mpra|GFP 3UTR MPRA|CAD|mikl:Rasl10b:2100.0:28fdd8a81be7a5a8,a68a9b74449b44a3,3,3,3,AVAILABLE
mikl_gse173098,mikl_gse173098|mikl_gse173098|neurite_soma_mpra|GFP 3UTR MPRA|CAD|mikl:Rasl10b:2150.0:4a68399960590a5c,a68a9b74449b44a3,3,3,3,AVAILABLE
mikl_gse173098,mikl_gse173098|mikl_gse173098|neurite_soma_mpra|GFP 3UTR MPRA|CAD|mikl:Rasl10b:2200.0:19223d30386564e4,a68a9b74449b44a3,2,3,2,AVAILABLE
mikl_gse173098,mikl_gse173098|mikl_gse173098|neurite_soma_mpra|GFP 3UTR MPRA|CAD|mikl:Rasl10b:2250.0:74d151fcc22a5ac6,a68a9b74449b44a3,3,3,3,AVAILABLE
mikl_gse173098,mikl_gse173098|mikl_gse173098|neurite_soma_mpra|GFP 3UTR MPRA|CAD|mikl:Rasl10b:300.0:3d87647d325c42a6,a68a9b74449b44a3,3,3,3,AVAILABLE
mikl_gse173098,mikl_gse173098|mikl_gse173098|neurite_soma_mpra|GFP 3UTR MPRA|CAD|mikl:Rasl10b:350.0:ff051f73df3a86c9,a68a9b74449b44a3,3,3,3,AVAILABLE
mikl_gse173098,mikl_gse173098|mikl_gse173098|neurite_soma_mpra|GFP 3UTR MPRA|CAD|mikl:Rasl10b:400.0:b41f4a689a7f20db,a68a9b74449b44a3,4,3,4,AVAILABLE
mikl_gse173098,mikl_gse173098|mikl_gse173098|neurite_soma_mpra|GFP 3UTR MPRA|CAD|mikl:Rasl10b:800.0:5340e7eb1904a922,a68a9b74449b44a3,2,3,2,AVAILABLE
mikl_gse173098,mikl_gse173098|mikl_gse173098|neurite_soma_mpra|GFP 3UTR MPRA|CAD|mikl:Rasl10b:850.0:43437afa6ee38c91,a68a9b74449b44a3,2,3,2,AVAILABLE
mikl_gse173098,mikl_gse173098|mikl_gse173098|neurite_soma_mpra|GFP 3UTR MPRA|CAD|mikl:Rasl10b:900.0:152f931705bd039d,a68a9b74449b44a3,3,3,3,AVAILABLE
mikl_gse173098,mikl_gse173098|mikl_gse173098|neurite_soma_mpra|GFP 3UTR MPRA|CAD|mikl:Rasl10b:950.0:e3b8a0119847fa9f,a68a9b74449b44a3,2,3,2,AVAILABLE
mikl_gse173098,mikl_gse173098|mikl_gse173098|neurite_soma_mpra|GFP 3UTR MPRA|CAD|mikl:Rbm47:1700.0:9affb90b80ad44a8,33d2f9132a36a07d,2,3,2,AVAILABLE
mikl_gse173098,mikl_gse173098|mikl_gse173098|neurite_soma_mpra|GFP 3UTR MPRA|CAD|mikl:Rbm47:2150.0:8e841be18b5d6423,33d2f9132a36a07d,2,3,2,AVAILABLE
mikl_gse173098,mikl_gse173098|mikl_gse173098|neurite_soma_mpra|GFP 3UTR MPRA|CAD|mikl:Rmi2:100.0:9a89fb1dfa2a6d32,b86a81c41531f6b4,2,3,2,AVAILABLE
mikl_gse173098,mikl_gse173098|mikl_gse173098|neurite_soma_mpra|GFP 3UTR MPRA|CAD|mikl:Rmi2:1000.0:7aba321ec43e2454,b86a81c41531f6b4,2,3,2,AVAILABLE
mikl_gse173098,mikl_gse173098|mikl_gse173098|neurite_soma_mpra|GFP 3UTR MPRA|CAD|mikl:Rmi2:1050.0:679ab562cea910bb,b86a81c41531f6b4,2,3,2,AVAILABLE
mikl_gse173098,mikl_gse173098|mikl_gse173098|neurite_soma_mpra|GFP 3UTR MPRA|CAD|mikl:Rmi2:1450.0:4885e21d50363c3e,b86a81c41531f6b4,2,3,2,AVAILABLE
mikl_gse173098,mikl_gse173098|mikl_gse173098|neurite_soma_mpra|GFP 3UTR MPRA|CAD|mikl:Rmi2:150.0:75a59cf259af967b,b86a81c41531f6b4,2,3,2,AVAILABLE
mikl_gse173098,mikl_gse173098|mikl_gse173098|neurite_soma_mpra|GFP 3UTR MPRA|CAD|mikl:Rmi2:1500.0:4fa36f36f6203cda,b86a81c41531f6b4,2,3,2,AVAILABLE
mikl_gse173098,mikl_gse173098|mikl_gse173098|neurite_soma_mpra|GFP 3UTR MPRA|CAD|mikl:Rmi2:1550.0:221612d3defe6882,b86a81c41531f6b4,2,3,2,AVAILABLE
mikl_gse173098,mikl_gse173098|mikl_gse173098|neurite_soma_mpra|GFP 3UTR MPRA|CAD|mikl:Rmi2:200.0:8a9c70448f3e2122,b86a81c41531f6b4,2,3,2,AVAILABLE
mikl_gse173098,mikl_gse173098|mikl_gse173098|neurite_soma_mpra|GFP 3UTR MPRA|CAD|mikl:Rmi2:2350.0:325da49ce81839f3,b86a81c41531f6b4,2,3,2,AVAILABLE
mikl_gse173098,mikl_gse173098|mikl_gse173098|neurite_soma_mpra|GFP 3UTR MPRA|CAD|mikl:Rmi2:2400.0:a3aedbc61b5dbd9c,b86a81c41531f6b4,2,3,2,AVAILABLE
mikl_gse173098,mikl_gse173098|mikl_gse173098|neurite_soma_mpra|GFP 3UTR MPRA|CAD|mikl:Rmi2:2750.0:f44bcf5e7433bee0,b86a81c41531f6b4,2,3,2,AVAILABLE
mikl_gse173098,mikl_gse173098|mikl_gse173098|neurite_soma_mpra|GFP 3UTR MPRA|CAD|mikl:Rmi2:2800.0:6dc7be795caa691a,b86a81c41531f6b4,2,3,2,AVAILABLE
mikl_gse173098,mikl_gse173098|mikl_gse173098|neurite_soma_mpra|GFP 3UTR MPRA|CAD|mikl:Rmi2:2850.0:9d716841e2b3fa36,b86a81c41531f6b4,2,3,2,AVAILABLE
mikl_gse173098,mikl_gse173098|mikl_gse173098|neurite_soma_mpra|GFP 3UTR MPRA|CAD|mikl:Rmi2:350.0:2e2561986d2193d8,b86a81c41531f6b4,2,3,2,AVAILABLE
mikl_gse173098,mikl_gse173098|mikl_gse173098|neurite_soma_mpra|GFP 3UTR MPRA|CAD|mikl:Rnf165:1350.0:27784e6f8c79fcb3,b11306dcdc5654bb,2,3,2,AVAILABLE
mikl_gse173098,mikl_gse173098|mikl_gse173098|neurite_soma_mpra|GFP 3UTR MPRA|CAD|mikl:Rnf165:1400.0:4f52f7094a2d737a,b11306dcdc5654bb,2,3,2,AVAILABLE
mikl_gse173098,mikl_gse173098|mikl_gse173098|neurite_soma_mpra|GFP 3UTR MPRA|CAD|mikl:Rnf165:1450.0:be2df692eec6dd7a,b11306dcdc5654bb,2,3,2,AVAILABLE
mikl_gse173098,mikl_gse173098|mikl_gse173098|neurite_soma_mpra|GFP 3UTR MPRA|CAD|mikl:Rnf165:150.0:4ba6f0bfd4310dbf,b11306dcdc5654bb,2,3,2,AVAILABLE
mikl_gse173098,mikl_gse173098|mikl_gse173098|neurite_soma_mpra|GFP 3UTR MPRA|CAD|mikl:Rnf165:200.0:60ca92585600e63c,b11306dcdc5654bb,3,3,3,AVAILABLE
mikl_gse173098,mikl_gse173098|mikl_gse173098|neurite_soma_mpra|GFP 3UTR MPRA|CAD|mikl:Rnf165:2050.0:9a335633d79624ea,b11306dcdc5654bb,2,3,2,AVAILABLE
mikl_gse173098,mikl_gse173098|mikl_gse173098|neurite_soma_mpra|GFP 3UTR MPRA|CAD|mikl:Rnf165:2100.0:38b29d78a05d29fa,b11306dcdc5654bb,2,3,2,AVAILABLE
mikl_gse173098,mikl_gse173098|mikl_gse173098|neurite_soma_mpra|GFP 3UTR MPRA|CAD|mikl:Rnf165:2150.0:ab8aca86ca753411,b11306dcdc5654bb,2,3,2,AVAILABLE
mikl_gse173098,mikl_gse173098|mikl_gse173098|neurite_soma_mpra|GFP 3UTR MPRA|CAD|mikl:Rnf165:2800.0:2af58d346e9d18c8,b11306dcdc5654bb,3,3,3,AVAILABLE
mikl_gse173098,mikl_gse173098|mikl_gse173098|neurite_soma_mpra|GFP 3UTR MPRA|CAD|mikl:Rnf165:2850.0:d917d57385353363,b11306dcdc5654bb,2,3,2,AVAILABLE
mikl_gse173098,mikl_gse173098|mikl_gse173098|neurite_soma_mpra|GFP 3UTR MPRA|CAD|mikl:Rnf165:2900.0:ab3993c643b07e1d,b11306dcdc5654bb,3,3,3,AVAILABLE
mikl_gse173098,mikl_gse173098|mikl_gse173098|neurite_soma_mpra|GFP 3UTR MPRA|CAD|mikl:Rnf165:2950.0:fc00fbc2e98d8376,b11306dcdc5654bb,2,3,2,AVAILABLE
mikl_gse173098,mikl_gse173098|mikl_gse173098|neurite_soma_mpra|GFP 3UTR MPRA|CAD|mikl:Rnf165:350.0:dc2a3e7d194b57c6,b11306dcdc5654bb,2,3,2,AVAILABLE
mikl_gse173098,mikl_gse173098|mikl_gse173098|neurite_soma_mpra|GFP 3UTR MPRA|CAD|mikl:Rnf165:3500.0:af316ff445bd428d,b11306dcdc5654bb,3,3,3,AVAILABLE
mikl_gse173098,mikl_gse173098|mikl_gse173098|neurite_soma_mpra|GFP 3UTR MPRA|CAD|mikl:Rnf165:400.0:590a4ce8f5f3ae05,b11306dcdc5654bb,2,3,2,AVAILABLE
mikl_gse173098,mikl_gse173098|mikl_gse173098|neurite_soma_mpra|GFP 3UTR MPRA|CAD|mikl:Rnf165:4350.0:7ac3fe0c1e60e38c,b11306dcdc5654bb,2,3,2,AVAILABLE
mikl_gse173098,mikl_gse173098|mikl_gse173098|neurite_soma_mpra|GFP 3UTR MPRA|CAD|mikl:Rnf165:4400.0:c56774f2b07cfaab,b11306dcdc5654bb,3,3,3,AVAILABLE
mikl_gse173098,mikl_gse173098|mikl_gse173098|neurite_soma_mpra|GFP 3UTR MPRA|CAD|mikl:Rnf165:4450.0:bc170d39b2962d06,b11306dcdc5654bb,2,3,2,AVAILABLE
mikl_gse173098,mikl_gse173098|mikl_gse173098|neurite_soma_mpra|GFP 3UTR MPRA|CAD|mikl:Rnf165:4500.0:a9124124c674a107,b11306dcdc5654bb,2,3,2,AVAILABLE
mikl_gse173098,mikl_gse173098|mikl_gse173098|neurite_soma_mpra|GFP 3UTR MPRA|CAD|mikl:Rnf165:4850.0:7f49432777a2b2c0,b11306dcdc5654bb,2,3,2,AVAILABLE
mikl_gse173098,mikl_gse173098|mikl_gse173098|neurite_soma_mpra|GFP 3UTR MPRA|CAD|mikl:Rnf165:4900.0:1486339d2883f1f0,b11306dcdc5654bb,2,3,2,AVAILABLE
mikl_gse173098,mikl_gse173098|mikl_gse173098|neurite_soma_mpra|GFP 3UTR MPRA|CAD|mikl:Rnf165:5100.0:42f936966a1722d6,b11306dcdc5654bb,5,3,5,AVAILABLE
mikl_gse173098,mikl_gse173098|mikl_gse173098|neurite_soma_mpra|GFP 3UTR MPRA|CAD|mikl:Rnf165:5150.0:b75e00750c8b1d52,b11306dcdc5654bb,4,3,4,AVAILABLE
mikl_gse173098,mikl_gse173098|mikl_gse173098|neurite_soma_mpra|GFP 3UTR MPRA|CAD|mikl:Rnf165:5200.0:74348eb4e1872997,b11306dcdc5654bb,4,3,4,AVAILABLE
mikl_gse173098,mikl_gse173098|mikl_gse173098|neurite_soma_mpra|GFP 3UTR MPRA|CAD|mikl:Rnf165:5350.0:efebb3c5153d2e8d,b11306dcdc5654bb,2,3,2,AVAILABLE
mikl_gse173098,mikl_gse173098|mikl_gse173098|neurite_soma_mpra|GFP 3UTR MPRA|CAD|mikl:Rnf165:5700.0:7882aeebfbbe82a8,b11306dcdc5654bb,3,3,3,AVAILABLE
mikl_gse173098,mikl_gse173098|mikl_gse173098|neurite_soma_mpra|GFP 3UTR MPRA|CAD|mikl:Rnf165:5750.0:e9092dddeb26a8d6,b11306dcdc5654bb,2,3,2,AVAILABLE
mikl_gse173098,mikl_gse173098|mikl_gse173098|neurite_soma_mpra|GFP 3UTR MPRA|CAD|mikl:Rnf165:5800.0:c68e92d87cd2a9bf,b11306dcdc5654bb,2,3,2,AVAILABLE
mikl_gse173098,mikl_gse173098|mikl_gse173098|neurite_soma_mpra|GFP 3UTR MPRA|CAD|mikl:Rnf165:650.0:6ff9fc3e5411042d,b11306dcdc5654bb,4,3,4,AVAILABLE
mikl_gse173098,mikl_gse173098|mikl_gse173098|neurite_soma_mpra|GFP 3UTR MPRA|CAD|mikl:Rorb:1350.0:67fb03648c2492f4,86453382b7180935,2,3,2,AVAILABLE
mikl_gse173098,mikl_gse173098|mikl_gse173098|neurite_soma_mpra|GFP 3UTR MPRA|CAD|mikl:Rorb:1400.0:e6f22ed45cde3f95,86453382b7180935,2,3,2,AVAILABLE
mikl_gse173098,mikl_gse173098|mikl_gse173098|neurite_soma_mpra|GFP 3UTR MPRA|CAD|mikl:Rorb:1450.0:f3c1d4fcfeae65b7,86453382b7180935,2,3,2,AVAILABLE
mikl_gse173098,mikl_gse173098|mikl_gse173098|neurite_soma_mpra|GFP 3UTR MPRA|CAD|mikl:Rorb:2450.0:e2d1ab5b62898194,86453382b7180935,2,3,2,AVAILABLE
mikl_gse173098,mikl_gse173098|mikl_gse173098|neurite_soma_mpra|GFP 3UTR MPRA|CAD|mikl:Rorb:2500.0:b1ce0d7591230843,86453382b7180935,2,3,2,AVAILABLE
mikl_gse173098,mikl_gse173098|mikl_gse173098|neurite_soma_mpra|GFP 3UTR MPRA|CAD|mikl:Rorb:2950.0:dbdc8dcae86a29a0,86453382b7180935,3,3,3,AVAILABLE
mikl_gse173098,mikl_gse173098|mikl_gse173098|neurite_soma_mpra|GFP 3UTR MPRA|CAD|mikl:Rorb:3000.0:ca10d6828015aeed,86453382b7180935,2,3,2,AVAILABLE
mikl_gse173098,mikl_gse173098|mikl_gse173098|neurite_soma_mpra|GFP 3UTR MPRA|CAD|mikl:Rpl21:0.0:c5d36a0c06b35f93,742f1858e20176f2,4,3,4,AVAILABLE
mikl_gse173098,mikl_gse173098|mikl_gse173098|neurite_soma_mpra|GFP 3UTR MPRA|CAD|mikl:Rpl21:100.0:a2e3e2583aa76969,742f1858e20176f2,5,3,5,AVAILABLE
mikl_gse173098,mikl_gse173098|mikl_gse173098|neurite_soma_mpra|GFP 3UTR MPRA|CAD|mikl:Rpl21:150.0:bbbea5be56ba7b8e,742f1858e20176f2,6,3,6,AVAILABLE
mikl_gse173098,mikl_gse173098|mikl_gse173098|neurite_soma_mpra|GFP 3UTR MPRA|CAD|mikl:Rpl21:200.0:ceaa160110c82bc5,742f1858e20176f2,4,3,4,AVAILABLE
mikl_gse173098,mikl_gse173098|mikl_gse173098|neurite_soma_mpra|GFP 3UTR MPRA|CAD|mikl:Rpl21:250.0:9d63a403ff96db1a,742f1858e20176f2,2,3,2,AVAILABLE
mikl_gse173098,mikl_gse173098|mikl_gse173098|neurite_soma_mpra|GFP 3UTR MPRA|CAD|mikl:Rpl21:300.0:b8301d0c27677e67,742f1858e20176f2,5,3,5,AVAILABLE
mikl_gse173098,mikl_gse173098|mikl_gse173098|neurite_soma_mpra|GFP 3UTR MPRA|CAD|mikl:Rpl21:350.0:6669dd1cb53bf6c6,742f1858e20176f2,4,3,4,AVAILABLE
mikl_gse173098,mikl_gse173098|mikl_gse173098|neurite_soma_mpra|GFP 3UTR MPRA|CAD|mikl:Rpl21:400.0:b33368b7c5b6e05b,742f1858e20176f2,3,3,3,AVAILABLE
mikl_gse173098,mikl_gse173098|mikl_gse173098|neurite_soma_mpra|GFP 3UTR MPRA|CAD|mikl:Rpl21:450.0:a1068452f1a1253a,742f1858e20176f2,4,3,4,AVAILABLE
mikl_gse173098,mikl_gse173098|mikl_gse173098|neurite_soma_mpra|GFP 3UTR MPRA|CAD|mikl:Rpl21:50.0:82e0dfbe229be776,742f1858e20176f2,3,3,3,AVAILABLE
mikl_gse173098,mikl_gse173098|mikl_gse173098|neurite_soma_mpra|GFP 3UTR MPRA|CAD|mikl:Rpl21:500.0:209e940d5e6cbdc8,742f1858e20176f2,4,3,4,AVAILABLE
mikl_gse173098,mikl_gse173098|mikl_gse173098|neurite_soma_mpra|GFP 3UTR MPRA|CAD|mikl:Rpl21:550.0:73c82987430427fd,742f1858e20176f2,3,3,3,AVAILABLE
mikl_gse173098,mikl_gse173098|mikl_gse173098|neurite_soma_mpra|GFP 3UTR MPRA|CAD|mikl:Rpl21:800.0:adfbc3bd6fc92153,742f1858e20176f2,2,3,2,AVAILABLE
mikl_gse173098,mikl_gse173098|mikl_gse173098|neurite_soma_mpra|GFP 3UTR MPRA|CAD|mikl:Rpl21:850.0:81f6bb2aff47a9b8,742f1858e20176f2,2,3,2,AVAILABLE
mikl_gse173098,mikl_gse173098|mikl_gse173098|neurite_soma_mpra|GFP 3UTR MPRA|CAD|mikl:Rpl21:900.0:fd358c7df8b70fe8,742f1858e20176f2,2,3,2,AVAILABLE
mikl_gse173098,mikl_gse173098|mikl_gse173098|neurite_soma_mpra|GFP 3UTR MPRA|CAD|mikl:Rpl31:300.0:f74d0721c2f61d8b,ef381237f5ab47b3,4,3,4,AVAILABLE
mikl_gse173098,mikl_gse173098|mikl_gse173098|neurite_soma_mpra|GFP 3UTR MPRA|CAD|mikl:Rpl31:350.0:ee3e6fad935840ab,ef381237f5ab47b3,4,3,4,AVAILABLE
mikl_gse173098,mikl_gse173098|mikl_gse173098|neurite_soma_mpra|GFP 3UTR MPRA|CAD|mikl:Rpl31:400.0:197625c1d91b718b,ef381237f5ab47b3,6,3,6,AVAILABLE
mikl_gse173098,mikl_gse173098|mikl_gse173098|neurite_soma_mpra|GFP 3UTR MPRA|CAD|mikl:Rpl31:50.0:7f67b17880c96d9c,ef381237f5ab47b3,2,3,2,AVAILABLE
mikl_gse173098,mikl_gse173098|mikl_gse173098|neurite_soma_mpra|GFP 3UTR MPRA|CAD|mikl:Rpl37:0.0:635684888f23afe4,eaeb653ab58d1ef0,2,3,2,AVAILABLE
mikl_gse173098,mikl_gse173098|mikl_gse173098|neurite_soma_mpra|GFP 3UTR MPRA|CAD|mikl:Rpl37:150.0:e9c083a1ab369de6,eaeb653ab58d1ef0,4,3,4,AVAILABLE
mikl_gse173098,mikl_gse173098|mikl_gse173098|neurite_soma_mpra|GFP 3UTR MPRA|CAD|mikl:Rpl37:200.0:78f23abb5c47e71d,eaeb653ab58d1ef0,4,3,4,AVAILABLE
mikl_gse173098,mikl_gse173098|mikl_gse173098|neurite_soma_mpra|GFP 3UTR MPRA|CAD|mikl:Rpl37:250.0:3d3f357c03a730a5,eaeb653ab58d1ef0,2,3,2,AVAILABLE
mikl_gse173098,mikl_gse173098|mikl_gse173098|neurite_soma_mpra|GFP 3UTR MPRA|CAD|mikl:Rpl37:50.0:d9302111684aeccf,eaeb653ab58d1ef0,4,3,4,AVAILABLE
mikl_gse173098,mikl_gse173098|mikl_gse173098|neurite_soma_mpra|GFP 3UTR MPRA|CAD|mikl:Rps19:100.0:f2af9829d7f608c5,fb675b73cda52e31,2,3,2,AVAILABLE
mikl_gse173098,mikl_gse173098|mikl_gse173098|neurite_soma_mpra|GFP 3UTR MPRA|CAD|mikl:Rps19:150.0:efba61c99e61be27,fb675b73cda52e31,2,3,2,AVAILABLE
mikl_gse173098,mikl_gse173098|mikl_gse173098|neurite_soma_mpra|GFP 3UTR MPRA|CAD|mikl:Rps20:1600.0:3fa4450343907bd4,e5aecd2640ae7337,2,3,2,AVAILABLE
mikl_gse173098,mikl_gse173098|mikl_gse173098|neurite_soma_mpra|GFP 3UTR MPRA|CAD|mikl:Rps20:1650.0:048a4bb85be64642,e5aecd2640ae7337,3,3,3,AVAILABLE
mikl_gse173098,mikl_gse173098|mikl_gse173098|neurite_soma_mpra|GFP 3UTR MPRA|CAD|mikl:Rps20:1700.0:fc0a19a0c6306f03,e5aecd2640ae7337,3,3,3,AVAILABLE
mikl_gse173098,mikl_gse173098|mikl_gse173098|neurite_soma_mpra|GFP 3UTR MPRA|CAD|mikl:Rps20:2950.0:cf7ddc9c35ed33ca,e5aecd2640ae7337,3,3,3,AVAILABLE
mikl_gse173098,mikl_gse173098|mikl_gse173098|neurite_soma_mpra|GFP 3UTR MPRA|CAD|mikl:Rps24:600.0:3f1ec7c8cbdff0de,d8f6a3b9d3f4531f,2,3,2,AVAILABLE
mikl_gse173098,mikl_gse173098|mikl_gse173098|neurite_soma_mpra|GFP 3UTR MPRA|CAD|mikl:Rps24:700.0:91e2e514e0c3ff86,d8f6a3b9d3f4531f,2,3,2,AVAILABLE
mikl_gse173098,mikl_gse173098|mikl_gse173098|neurite_soma_mpra|GFP 3UTR MPRA|CAD|mikl:Rpsa:100.0:4c959d8d0cef1043,7ed3e297b627ae1d,5,3,5,AVAILABLE
mikl_gse173098,mikl_gse173098|mikl_gse173098|neurite_soma_mpra|GFP 3UTR MPRA|CAD|mikl:Rpsa:150.0:870514577035d711,7ed3e297b627ae1d,5,3,5,AVAILABLE
mikl_gse173098,mikl_gse173098|mikl_gse173098|neurite_soma_mpra|GFP 3UTR MPRA|CAD|mikl:Rpsa:200.0:7918420d29d1e8b1,7ed3e297b627ae1d,2,3,2,AVAILABLE
mikl_gse173098,mikl_gse173098|mikl_gse173098|neurite_soma_mpra|GFP 3UTR MPRA|CAD|mikl:Rpsa:250.0:026c9b88c214ad8c,7ed3e297b627ae1d,2,3,2,AVAILABLE
mikl_gse173098,mikl_gse173098|mikl_gse173098|neurite_soma_mpra|GFP 3UTR MPRA|CAD|mikl:Rpsa:300.0:5b39cf0589396a1e,7ed3e297b627ae1d,2,3,2,AVAILABLE
mikl_gse173098,mikl_gse173098|mikl_gse173098|neurite_soma_mpra|GFP 3UTR MPRA|CAD|mikl:Rpsa:400.0:542c967c5efd03ba,7ed3e297b627ae1d,2,3,2,AVAILABLE
mikl_gse173098,mikl_gse173098|mikl_gse173098|neurite_soma_mpra|GFP 3UTR MPRA|CAD|mikl:Rpsa:450.0:1293e870b287c288,7ed3e297b627ae1d,2,3,2,AVAILABLE
mikl_gse173098,mikl_gse173098|mikl_gse173098|neurite_soma_mpra|GFP 3UTR MPRA|CAD|mikl:Rpsa:450.0:2968e9e9740da707,7ed3e297b627ae1d,2,3,2,AVAILABLE
mikl_gse173098,mikl_gse173098|mikl_gse173098|neurite_soma_mpra|GFP 3UTR MPRA|CAD|mikl:Rpsa:50.0:2fffdc2bc60ebff0,7ed3e297b627ae1d,4,3,4,AVAILABLE
mikl_gse173098,mikl_gse173098|mikl_gse173098|neurite_soma_mpra|GFP 3UTR MPRA|CAD|mikl:Rpsa:500.0:e5bc21508b48b904,7ed3e297b627ae1d,2,3,2,AVAILABLE
mikl_gse173098,mikl_gse173098|mikl_gse173098|neurite_soma_mpra|GFP 3UTR MPRA|CAD|mikl:Rpsa:650.0:cee477d02de4ffaf,7ed3e297b627ae1d,2,3,2,AVAILABLE
mikl_gse173098,mikl_gse173098|mikl_gse173098|neurite_soma_mpra|GFP 3UTR MPRA|CAD|mikl:Rragb:0.0:e375ff69cefaa3c2,e4cda7c90fdf136a,3,3,3,AVAILABLE
mikl_gse173098,mikl_gse173098|mikl_gse173098|neurite_soma_mpra|GFP 3UTR MPRA|CAD|mikl:Rragb:100.0:7d513c48bf471d75,e4cda7c90fdf136a,2,3,2,AVAILABLE
mikl_gse173098,mikl_gse173098|mikl_gse173098|neurite_soma_mpra|GFP 3UTR MPRA|CAD|mikl:Rragb:250.0:4f55dddf61dd5908,e4cda7c90fdf136a,3,3,3,AVAILABLE
mikl_gse173098,mikl_gse173098|mikl_gse173098|neurite_soma_mpra|GFP 3UTR MPRA|CAD|mikl:Rragb:300.0:20312ffff03e72cb,e4cda7c90fdf136a,2,3,2,AVAILABLE
mikl_gse173098,mikl_gse173098|mikl_gse173098|neurite_soma_mpra|GFP 3UTR MPRA|CAD|mikl:Rragb:350.0:2c5e822c4ae3d4d6,e4cda7c90fdf136a,2,3,2,AVAILABLE
mikl_gse173098,mikl_gse173098|mikl_gse173098|neurite_soma_mpra|GFP 3UTR MPRA|CAD|mikl:Rragb:400.0:e95f14ffb5bb68cd,e4cda7c90fdf136a,3,3,3,AVAILABLE
mikl_gse173098,mikl_gse173098|mikl_gse173098|neurite_soma_mpra|GFP 3UTR MPRA|CAD|mikl:Selenow:0.0:6c5fb896dfca1365,f93aca3e88277806,2,3,2,AVAILABLE
mikl_gse173098,mikl_gse173098|mikl_gse173098|neurite_soma_mpra|GFP 3UTR MPRA|CAD|mikl:Serbp1:11450.0:1a94f09b0e83244e,4b1c676a667855fd,2,3,2,AVAILABLE
mikl_gse173098,mikl_gse173098|mikl_gse173098|neurite_soma_mpra|GFP 3UTR MPRA|CAD|mikl:Serbp1:12100.0:9182cd480783cb02,4b1c676a667855fd,2,3,2,AVAILABLE
mikl_gse173098,mikl_gse173098|mikl_gse173098|neurite_soma_mpra|GFP 3UTR MPRA|CAD|mikl:Serbp1:12950.0:59605ec0aaac7135,4b1c676a667855fd,2,3,2,AVAILABLE
mikl_gse173098,mikl_gse173098|mikl_gse173098|neurite_soma_mpra|GFP 3UTR MPRA|CAD|mikl:Serbp1:2100.0:e0249cabed73ca49,4b1c676a667855fd,2,3,2,AVAILABLE
mikl_gse173098,mikl_gse173098|mikl_gse173098|neurite_soma_mpra|GFP 3UTR MPRA|CAD|mikl:Serbp1:2150.0:f08dd86714d14798,4b1c676a667855fd,2,3,2,AVAILABLE
mikl_gse173098,mikl_gse173098|mikl_gse173098|neurite_soma_mpra|GFP 3UTR MPRA|CAD|mikl:Serbp1:2350.0:b6cc5945f22d9431,4b1c676a667855fd,2,3,2,AVAILABLE
mikl_gse173098,mikl_gse173098|mikl_gse173098|neurite_soma_mpra|GFP 3UTR MPRA|CAD|mikl:Serbp1:3950.0:b688e7a108d6ff1d,4b1c676a667855fd,2,3,2,AVAILABLE
mikl_gse173098,mikl_gse173098|mikl_gse173098|neurite_soma_mpra|GFP 3UTR MPRA|CAD|mikl:Serbp1:4000.0:8f5230f7150b2b6c,4b1c676a667855fd,3,3,3,AVAILABLE
mikl_gse173098,mikl_gse173098|mikl_gse173098|neurite_soma_mpra|GFP 3UTR MPRA|CAD|mikl:Serbp1:4050.0:7558949ff6884056,4b1c676a667855fd,2,3,2,AVAILABLE
mikl_gse173098,mikl_gse173098|mikl_gse173098|neurite_soma_mpra|GFP 3UTR MPRA|CAD|mikl:Serbp1:4700.0:822519a6c16d6efc,4b1c676a667855fd,2,3,2,AVAILABLE
mikl_gse173098,mikl_gse173098|mikl_gse173098|neurite_soma_mpra|GFP 3UTR MPRA|CAD|mikl:Serbp1:6500.0:174ca55873b1ec80,4b1c676a667855fd,2,3,2,AVAILABLE
mikl_gse173098,mikl_gse173098|mikl_gse173098|neurite_soma_mpra|GFP 3UTR MPRA|CAD|mikl:Serbp1:6550.0:b8ab26d8f2022dd7,4b1c676a667855fd,2,3,2,AVAILABLE
mikl_gse173098,mikl_gse173098|mikl_gse173098|neurite_soma_mpra|GFP 3UTR MPRA|CAD|mikl:Serbp1:6600.0:61ff5de3bd0de9ff,4b1c676a667855fd,2,3,2,AVAILABLE
mikl_gse173098,mikl_gse173098|mikl_gse173098|neurite_soma_mpra|GFP 3UTR MPRA|CAD|mikl:Serbp1:7500.0:21e5f0f32371b6e5,4b1c676a667855fd,2,3,2,AVAILABLE
mikl_gse173098,mikl_gse173098|mikl_gse173098|neurite_soma_mpra|GFP 3UTR MPRA|CAD|mikl:Serbp1:7550.0:0a2b092dfb1ea097,4b1c676a667855fd,3,3,3,AVAILABLE
mikl_gse173098,mikl_gse173098|mikl_gse173098|neurite_soma_mpra|GFP 3UTR MPRA|CAD|mikl:Serbp1:7600.0:7c992cb6cfbd530e,4b1c676a667855fd,3,3,3,AVAILABLE
mikl_gse173098,mikl_gse173098|mikl_gse173098|neurite_soma_mpra|GFP 3UTR MPRA|CAD|mikl:Serbp1:7650.0:76173afc69409a2f,4b1c676a667855fd,3,3,3,AVAILABLE
mikl_gse173098,mikl_gse173098|mikl_gse173098|neurite_soma_mpra|GFP 3UTR MPRA|CAD|mikl:Serbp1:7700.0:412087baeb06cc3b,4b1c676a667855fd,2,3,2,AVAILABLE
mikl_gse173098,mikl_gse173098|mikl_gse173098|neurite_soma_mpra|GFP 3UTR MPRA|CAD|mikl:Serbp1:7900.0:1d37412f089b4c56,4b1c676a667855fd,3,3,3,AVAILABLE
mikl_gse173098,mikl_gse173098|mikl_gse173098|neurite_soma_mpra|GFP 3UTR MPRA|CAD|mikl:Serbp1:7950.0:205a163e0b09ad22,4b1c676a667855fd,3,3,3,AVAILABLE
mikl_gse173098,mikl_gse173098|mikl_gse173098|neurite_soma_mpra|GFP 3UTR MPRA|CAD|mikl:Serbp1:800.0:9553aa4c9f1d1385,4b1c676a667855fd,2,3,2,AVAILABLE
mikl_gse173098,mikl_gse173098|mikl_gse173098|neurite_soma_mpra|GFP 3UTR MPRA|CAD|mikl:Serbp1:8000.0:cae2dc9fc80e0b81,4b1c676a667855fd,3,3,3,AVAILABLE
mikl_gse173098,mikl_gse173098|mikl_gse173098|neurite_soma_mpra|GFP 3UTR MPRA|CAD|mikl:Serbp1:9000.0:2741ced684aa2abf,4b1c676a667855fd,2,3,2,AVAILABLE
mikl_gse173098,mikl_gse173098|mikl_gse173098|neurite_soma_mpra|GFP 3UTR MPRA|CAD|mikl:Serbp1:9100.0:217df6d5b0d009b9,4b1c676a667855fd,2,3,2,AVAILABLE
mikl_gse173098,mikl_gse173098|mikl_gse173098|neurite_soma_mpra|GFP 3UTR MPRA|CAD|mikl:Serbp1:9150.0:e9f15011a3aea1bd,4b1c676a667855fd,2,3,2,AVAILABLE
mikl_gse173098,mikl_gse173098|mikl_gse173098|neurite_soma_mpra|GFP 3UTR MPRA|CAD|mikl:Serbp1:9200.0:0c8736ccae61acd7,4b1c676a667855fd,2,3,2,AVAILABLE
mikl_gse173098,mikl_gse173098|mikl_gse173098|neurite_soma_mpra|GFP 3UTR MPRA|CAD|mikl:Serbp1:9450.0:c812d1254d88a811,4b1c676a667855fd,3,3,3,AVAILABLE
mikl_gse173098,mikl_gse173098|mikl_gse173098|neurite_soma_mpra|GFP 3UTR MPRA|CAD|mikl:Serbp1:9500.0:73f98435489fedc5,4b1c676a667855fd,2,3,2,AVAILABLE
mikl_gse173098,mikl_gse173098|mikl_gse173098|neurite_soma_mpra|GFP 3UTR MPRA|CAD|mikl:Serbp1:9550.0:9ab0e5f274d2c1c9,4b1c676a667855fd,2,3,2,AVAILABLE
mikl_gse173098,mikl_gse173098|mikl_gse173098|neurite_soma_mpra|GFP 3UTR MPRA|CAD|mikl:Serhl:0.0:2f7041794b68e5b9,7b17d148df92b55a,2,3,2,AVAILABLE
mikl_gse173098,mikl_gse173098|mikl_gse173098|neurite_soma_mpra|GFP 3UTR MPRA|CAD|mikl:Serhl:0.0:49010fb06aed6fb0,7b17d148df92b55a,2,3,2,AVAILABLE
mikl_gse173098,mikl_gse173098|mikl_gse173098|neurite_soma_mpra|GFP 3UTR MPRA|CAD|mikl:Serhl:100.0:9f0d79c0eaf17e4a,7b17d148df92b55a,2,3,2,AVAILABLE
mikl_gse173098,mikl_gse173098|mikl_gse173098|neurite_soma_mpra|GFP 3UTR MPRA|CAD|mikl:Serhl:50.0:59a25103af8d6a4c,7b17d148df92b55a,2,3,2,AVAILABLE
mikl_gse173098,mikl_gse173098|mikl_gse173098|neurite_soma_mpra|GFP 3UTR MPRA|CAD|mikl:Serpine2:450.0:810fea87a095e0ab,1dcd99bce05c42bc,2,3,2,AVAILABLE
mikl_gse173098,mikl_gse173098|mikl_gse173098|neurite_soma_mpra|GFP 3UTR MPRA|CAD|mikl:Shank1:0.0:f707fe6fb816d94b,df6c6271db2d4e9d,2,3,2,AVAILABLE
mikl_gse173098,mikl_gse173098|mikl_gse173098|neurite_soma_mpra|GFP 3UTR MPRA|CAD|mikl:Shank1:200.0:baa1db90040cc833,df6c6271db2d4e9d,3,3,3,AVAILABLE
mikl_gse173098,mikl_gse173098|mikl_gse173098|neurite_soma_mpra|GFP 3UTR MPRA|CAD|mikl:Shank1:2000.0:dbfd55a9901b23de,df6c6271db2d4e9d,3,3,3,AVAILABLE
mikl_gse173098,mikl_gse173098|mikl_gse173098|neurite_soma_mpra|GFP 3UTR MPRA|CAD|mikl:Shank1:2050.0:6c2cb30b85eacb79,df6c6271db2d4e9d,2,3,2,AVAILABLE
mikl_gse173098,mikl_gse173098|mikl_gse173098|neurite_soma_mpra|GFP 3UTR MPRA|CAD|mikl:Shank1:2100.0:c444a9d129fa8721,df6c6271db2d4e9d,3,3,3,AVAILABLE
mikl_gse173098,mikl_gse173098|mikl_gse173098|neurite_soma_mpra|GFP 3UTR MPRA|CAD|mikl:Shank1:2150.0:10a10032321e1e5f,df6c6271db2d4e9d,2,3,2,AVAILABLE
mikl_gse173098,mikl_gse173098|mikl_gse173098|neurite_soma_mpra|GFP 3UTR MPRA|CAD|mikl:Shank1:2200.0:0303e0b76ce27867,df6c6271db2d4e9d,5,3,5,AVAILABLE
mikl_gse173098,mikl_gse173098|mikl_gse173098|neurite_soma_mpra|GFP 3UTR MPRA|CAD|mikl:Shank1:2250.0:818124b3ade28771,df6c6271db2d4e9d,2,3,2,AVAILABLE
mikl_gse173098,mikl_gse173098|mikl_gse173098|neurite_soma_mpra|GFP 3UTR MPRA|CAD|mikl:Shank1:2350.0:fa0fbf4e5ad5979c,df6c6271db2d4e9d,5,3,5,AVAILABLE
mikl_gse173098,mikl_gse173098|mikl_gse173098|neurite_soma_mpra|GFP 3UTR MPRA|CAD|mikl:Shank1:2400.0:e05d3bdd36e17956,df6c6271db2d4e9d,3,3,3,AVAILABLE
mikl_gse173098,mikl_gse173098|mikl_gse173098|neurite_soma_mpra|GFP 3UTR MPRA|CAD|mikl:Shank1:2450.0:ab24cd495790c1c2,df6c6271db2d4e9d,3,3,3,AVAILABLE
mikl_gse173098,mikl_gse173098|mikl_gse173098|neurite_soma_mpra|GFP 3UTR MPRA|CAD|mikl:Shank1:2650.0:2aeae6288e41342d,df6c6271db2d4e9d,2,3,2,AVAILABLE
mikl_gse173098,mikl_gse173098|mikl_gse173098|neurite_soma_mpra|GFP 3UTR MPRA|CAD|mikl:Shank1:2700.0:1f995d494e90da0c,df6c6271db2d4e9d,2,3,2,AVAILABLE
mikl_gse173098,mikl_gse173098|mikl_gse173098|neurite_soma_mpra|GFP 3UTR MPRA|CAD|mikl:Shank1:2750.0:959397563a3fbb97,df6c6271db2d4e9d,2,3,2,AVAILABLE
mikl_gse173098,mikl_gse173098|mikl_gse173098|neurite_soma_mpra|GFP 3UTR MPRA|CAD|mikl:Shank1:300.0:f9aaff5742bebc94,df6c6271db2d4e9d,2,3,2,AVAILABLE
mikl_gse173098,mikl_gse173098|mikl_gse173098|neurite_soma_mpra|GFP 3UTR MPRA|CAD|mikl:Shank1:350.0:5a60965e4dd51ead,df6c6271db2d4e9d,2,3,2,AVAILABLE
mikl_gse173098,mikl_gse173098|mikl_gse173098|neurite_soma_mpra|GFP 3UTR MPRA|CAD|mikl:Shank1:400.0:7fc8d4e669e624ef,df6c6271db2d4e9d,2,3,2,AVAILABLE
mikl_gse173098,mikl_gse173098|mikl_gse173098|neurite_soma_mpra|GFP 3UTR MPRA|CAD|mikl:Shank1:450.0:f0e54f8dddad134c,df6c6271db2d4e9d,2,3,2,AVAILABLE
mikl_gse173098,mikl_gse173098|mikl_gse173098|neurite_soma_mpra|GFP 3UTR MPRA|CAD|mikl:Shank3:1100.0:041e470c67c7cb3f,864e3fa3c29f0e49,2,3,2,AVAILABLE
mikl_gse173098,mikl_gse173098|mikl_gse173098|neurite_soma_mpra|GFP 3UTR MPRA|CAD|mikl:Shank3:1150.0:09adc3eba1e6e1ce,864e3fa3c29f0e49,2,3,2,AVAILABLE
mikl_gse173098,mikl_gse173098|mikl_gse173098|neurite_soma_mpra|GFP 3UTR MPRA|CAD|mikl:Shank3:1650.0:c6e21f072f0cf9e9,864e3fa3c29f0e49,2,3,2,AVAILABLE
mikl_gse173098,mikl_gse173098|mikl_gse173098|neurite_soma_mpra|GFP 3UTR MPRA|CAD|mikl:Shank3:1750.0:890a59a5d266e04a,864e3fa3c29f0e49,2,3,2,AVAILABLE
mikl_gse173098,mikl_gse173098|mikl_gse173098|neurite_soma_mpra|GFP 3UTR MPRA|CAD|mikl:Shank3:1850.0:dcad7d05c846d17b,864e3fa3c29f0e49,2,3,2,AVAILABLE
mikl_gse173098,mikl_gse173098|mikl_gse173098|neurite_soma_mpra|GFP 3UTR MPRA|CAD|mikl:Shank3:2150.0:f4d03bbd5bee72bd,864e3fa3c29f0e49,2,3,2,AVAILABLE
mikl_gse173098,mikl_gse173098|mikl_gse173098|neurite_soma_mpra|GFP 3UTR MPRA|CAD|mikl:Shank3:2200.0:9d24559f3f61413a,864e3fa3c29f0e49,2,3,2,AVAILABLE
mikl_gse173098,mikl_gse173098|mikl_gse173098|neurite_soma_mpra|GFP 3UTR MPRA|CAD|mikl:Shank3:2250.0:db9fc156ea11b788,864e3fa3c29f0e49,2,3,2,AVAILABLE
mikl_gse173098,mikl_gse173098|mikl_gse173098|neurite_soma_mpra|GFP 3UTR MPRA|CAD|mikl:Shank3:650.0:a43a0a6029a8d772,864e3fa3c29f0e49,2,3,2,AVAILABLE
mikl_gse173098,mikl_gse173098|mikl_gse173098|neurite_soma_mpra|GFP 3UTR MPRA|CAD|mikl:Shank3:850.0:e0326c5a79ef1589,864e3fa3c29f0e49,3,3,3,AVAILABLE
mikl_gse173098,mikl_gse173098|mikl_gse173098|neurite_soma_mpra|GFP 3UTR MPRA|CAD|mikl:Shank3:900.0:fb19b99f7eadb6b5,864e3fa3c29f0e49,3,3,3,AVAILABLE
mikl_gse173098,mikl_gse173098|mikl_gse173098|neurite_soma_mpra|GFP 3UTR MPRA|CAD|mikl:Shank3:950.0:e0c31d95a66cf556,864e3fa3c29f0e49,3,3,3,AVAILABLE
mikl_gse173098,mikl_gse173098|mikl_gse173098|neurite_soma_mpra|GFP 3UTR MPRA|CAD|mikl:Slamf7:0.0:5d6db545d56d81ab,07295bf3cf35d97b,3,3,3,AVAILABLE
mikl_gse173098,mikl_gse173098|mikl_gse173098|neurite_soma_mpra|GFP 3UTR MPRA|CAD|mikl:Slamf7:0.0:be63a27a23f5185e,07295bf3cf35d97b,3,3,3,AVAILABLE
mikl_gse173098,mikl_gse173098|mikl_gse173098|neurite_soma_mpra|GFP 3UTR MPRA|CAD|mikl:Slamf7:150.0:66b5f4b439b662c3,07295bf3cf35d97b,2,3,2,AVAILABLE
mikl_gse173098,mikl_gse173098|mikl_gse173098|neurite_soma_mpra|GFP 3UTR MPRA|CAD|mikl:Slc13a5:1100.0:b53ccf6a67179c32,876ca7667edcf554,2,3,2,AVAILABLE
mikl_gse173098,mikl_gse173098|mikl_gse173098|neurite_soma_mpra|GFP 3UTR MPRA|CAD|mikl:Slc13a5:150.0:126f29fc4d931832,876ca7667edcf554,2,3,2,AVAILABLE
mikl_gse173098,mikl_gse173098|mikl_gse173098|neurite_soma_mpra|GFP 3UTR MPRA|CAD|mikl:Slc13a5:200.0:c171e2e4298ae9d6,876ca7667edcf554,2,3,2,AVAILABLE
mikl_gse173098,mikl_gse173098|mikl_gse173098|neurite_soma_mpra|GFP 3UTR MPRA|CAD|mikl:Slc13a5:250.0:2ac1ae76f60f3f3b,876ca7667edcf554,2,3,2,AVAILABLE
mikl_gse173098,mikl_gse173098|mikl_gse173098|neurite_soma_mpra|GFP 3UTR MPRA|CAD|mikl:Slc13a5:850.0:9144e1980951560e,876ca7667edcf554,2,3,2,AVAILABLE
mikl_gse173098,mikl_gse173098|mikl_gse173098|neurite_soma_mpra|GFP 3UTR MPRA|CAD|mikl:Slc17a7:0.0:ec8d616167582b14,3d7e05cea405fadd,2,3,2,AVAILABLE
mikl_gse173098,mikl_gse173098|mikl_gse173098|neurite_soma_mpra|GFP 3UTR MPRA|CAD|mikl:Slc17a7:150.0:3b560de145add18f,3d7e05cea405fadd,2,3,2,AVAILABLE
mikl_gse173098,mikl_gse173098|mikl_gse173098|neurite_soma_mpra|GFP 3UTR MPRA|CAD|mikl:Slc17a7:200.0:6559f477506f4722,3d7e05cea405fadd,2,3,2,AVAILABLE
mikl_gse173098,mikl_gse173098|mikl_gse173098|neurite_soma_mpra|GFP 3UTR MPRA|CAD|mikl:Slc17a7:50.0:2730ae66a8a95da8,3d7e05cea405fadd,2,3,2,AVAILABLE
mikl_gse173098,mikl_gse173098|mikl_gse173098|neurite_soma_mpra|GFP 3UTR MPRA|CAD|mikl:Slc17a9:300.0:aef6a5182f2e439d,bcb34c686d16c561,2,3,2,AVAILABLE
mikl_gse173098,mikl_gse173098|mikl_gse173098|neurite_soma_mpra|GFP 3UTR MPRA|CAD|mikl:Slc17a9:50.0:4321a880cffe3002,bcb34c686d16c561,2,3,2,AVAILABLE
mikl_gse173098,mikl_gse173098|mikl_gse173098|neurite_soma_mpra|GFP 3UTR MPRA|CAD|mikl:Slc22a15:1300.0:19e13098ada52781,3c21c2fa2ab8cf4b,2,3,2,AVAILABLE
mikl_gse173098,mikl_gse173098|mikl_gse173098|neurite_soma_mpra|GFP 3UTR MPRA|CAD|mikl:Slc22a15:200.0:03eae3631c2f34a0,3c21c2fa2ab8cf4b,2,3,2,AVAILABLE
mikl_gse173098,mikl_gse173098|mikl_gse173098|neurite_soma_mpra|GFP 3UTR MPRA|CAD|mikl:Slc22a15:4350.0:58c7a8bf28eeb157,3c21c2fa2ab8cf4b,2,3,2,AVAILABLE
mikl_gse173098,mikl_gse173098|mikl_gse173098|neurite_soma_mpra|GFP 3UTR MPRA|CAD|mikl:Slc22a15:4400.0:51a98109d39fffd6,3c21c2fa2ab8cf4b,2,3,2,AVAILABLE
mikl_gse173098,mikl_gse173098|mikl_gse173098|neurite_soma_mpra|GFP 3UTR MPRA|CAD|mikl:Slc22a15:700.0:5ea84b22439cbce0,3c21c2fa2ab8cf4b,2,3,2,AVAILABLE
mikl_gse173098,mikl_gse173098|mikl_gse173098|neurite_soma_mpra|GFP 3UTR MPRA|CAD|mikl:Slc22a15:750.0:6bcb63974dfbb433,3c21c2fa2ab8cf4b,2,3,2,AVAILABLE
mikl_gse173098,mikl_gse173098|mikl_gse173098|neurite_soma_mpra|GFP 3UTR MPRA|CAD|mikl:Slc23a1:0.0:84c4d97c9861b95d,a2fbcd7ff03eecc3,2,3,2,AVAILABLE
mikl_gse173098,mikl_gse173098|mikl_gse173098|neurite_soma_mpra|GFP 3UTR MPRA|CAD|mikl:Slc23a1:100.0:5f95a8d0f927247b,a2fbcd7ff03eecc3,2,3,2,AVAILABLE
mikl_gse173098,mikl_gse173098|mikl_gse173098|neurite_soma_mpra|GFP 3UTR MPRA|CAD|mikl:Slc23a1:450.0:fb63c688a47af079,a2fbcd7ff03eecc3,2,3,2,AVAILABLE
mikl_gse173098,mikl_gse173098|mikl_gse173098|neurite_soma_mpra|GFP 3UTR MPRA|CAD|mikl:Slc23a1:600.0:1d0a0c03be00ce61,a2fbcd7ff03eecc3,3,3,3,AVAILABLE
mikl_gse173098,mikl_gse173098|mikl_gse173098|neurite_soma_mpra|GFP 3UTR MPRA|CAD|mikl:Slc28a3:1200.0:cbda645f4ea6cc3f,470762b1b3a88292,2,3,2,AVAILABLE
mikl_gse173098,mikl_gse173098|mikl_gse173098|neurite_soma_mpra|GFP 3UTR MPRA|CAD|mikl:Slc28a3:1250.0:7cae13a3571e5495,470762b1b3a88292,2,3,2,AVAILABLE
mikl_gse173098,mikl_gse173098|mikl_gse173098|neurite_soma_mpra|GFP 3UTR MPRA|CAD|mikl:Slc28a3:200.0:a26f89c83c4e4baa,470762b1b3a88292,3,3,3,AVAILABLE
mikl_gse173098,mikl_gse173098|mikl_gse173098|neurite_soma_mpra|GFP 3UTR MPRA|CAD|mikl:Slc28a3:250.0:4c80abecb024068e,470762b1b3a88292,2,3,2,AVAILABLE
mikl_gse173098,mikl_gse173098|mikl_gse173098|neurite_soma_mpra|GFP 3UTR MPRA|CAD|mikl:Slc28a3:300.0:8d7f30e25daa0741,470762b1b3a88292,3,3,3,AVAILABLE
mikl_gse173098,mikl_gse173098|mikl_gse173098|neurite_soma_mpra|GFP 3UTR MPRA|CAD|mikl:Slc28a3:600.0:dd6abc6d50359c61,470762b1b3a88292,2,3,2,AVAILABLE
mikl_gse173098,mikl_gse173098|mikl_gse173098|neurite_soma_mpra|GFP 3UTR MPRA|CAD|mikl:Slc7a11:1200.0:25e62a92e797f0a3,07b8b89483e09dfd,2,3,2,AVAILABLE
mikl_gse173098,mikl_gse173098|mikl_gse173098|neurite_soma_mpra|GFP 3UTR MPRA|CAD|mikl:Slc7a11:150.0:5b527b68c112e5d4,07b8b89483e09dfd,2,3,2,AVAILABLE
mikl_gse173098,mikl_gse173098|mikl_gse173098|neurite_soma_mpra|GFP 3UTR MPRA|CAD|mikl:Slc7a11:1850.0:349b0b10c465c456,07b8b89483e09dfd,2,3,2,AVAILABLE
mikl_gse173098,mikl_gse173098|mikl_gse173098|neurite_soma_mpra|GFP 3UTR MPRA|CAD|mikl:Slc7a11:1900.0:18c1b2a885f59c92,07b8b89483e09dfd,2,3,2,AVAILABLE
mikl_gse173098,mikl_gse173098|mikl_gse173098|neurite_soma_mpra|GFP 3UTR MPRA|CAD|mikl:Slc7a11:4800.0:08320d25349595e8,07b8b89483e09dfd,2,3,2,AVAILABLE
mikl_gse173098,mikl_gse173098|mikl_gse173098|neurite_soma_mpra|GFP 3UTR MPRA|CAD|mikl:Slc7a11:4850.0:73f02fde2995c8d2,07b8b89483e09dfd,2,3,2,AVAILABLE
mikl_gse173098,mikl_gse173098|mikl_gse173098|neurite_soma_mpra|GFP 3UTR MPRA|CAD|mikl:Slc7a11:4900.0:8ac12ccf09037464,07b8b89483e09dfd,2,3,2,AVAILABLE
mikl_gse173098,mikl_gse173098|mikl_gse173098|neurite_soma_mpra|GFP 3UTR MPRA|CAD|mikl:Slc7a11:5750.0:5c7bf3b62c81ffdc,07b8b89483e09dfd,2,3,2,AVAILABLE
mikl_gse173098,mikl_gse173098|mikl_gse173098|neurite_soma_mpra|GFP 3UTR MPRA|CAD|mikl:Slc7a11:5800.0:c183698fe5280c09,07b8b89483e09dfd,2,3,2,AVAILABLE
mikl_gse173098,mikl_gse173098|mikl_gse173098|neurite_soma_mpra|GFP 3UTR MPRA|CAD|mikl:Slfn8:1100.0:abf009d93a8076bd,2c280d2dae53081b,2,3,2,AVAILABLE
mikl_gse173098,mikl_gse173098|mikl_gse173098|neurite_soma_mpra|GFP 3UTR MPRA|CAD|mikl:Slfn8:1350.0:79e373a361efadd7,2c280d2dae53081b,2,3,2,AVAILABLE
mikl_gse173098,mikl_gse173098|mikl_gse173098|neurite_soma_mpra|GFP 3UTR MPRA|CAD|mikl:Slfn8:1400.0:db8a00c09c579306,2c280d2dae53081b,2,3,2,AVAILABLE
mikl_gse173098,mikl_gse173098|mikl_gse173098|neurite_soma_mpra|GFP 3UTR MPRA|CAD|mikl:Snap91:0.0:c0d4330a0ff87c2e,993ba4fb4990a96c,3,3,3,AVAILABLE
mikl_gse173098,mikl_gse173098|mikl_gse173098|neurite_soma_mpra|GFP 3UTR MPRA|CAD|mikl:Snap91:100.0:71020f5e221cfa9a,993ba4fb4990a96c,2,3,2,AVAILABLE
mikl_gse173098,mikl_gse173098|mikl_gse173098|neurite_soma_mpra|GFP 3UTR MPRA|CAD|mikl:Snap91:1050.0:c2d1d15c98651989,993ba4fb4990a96c,2,3,2,AVAILABLE
mikl_gse173098,mikl_gse173098|mikl_gse173098|neurite_soma_mpra|GFP 3UTR MPRA|CAD|mikl:Snap91:1100.0:93919ba64c4c4d1b,993ba4fb4990a96c,4,3,4,AVAILABLE
mikl_gse173098,mikl_gse173098|mikl_gse173098|neurite_soma_mpra|GFP 3UTR MPRA|CAD|mikl:Snap91:1150.0:77c913a39f34e61f,993ba4fb4990a96c,4,3,4,AVAILABLE
mikl_gse173098,mikl_gse173098|mikl_gse173098|neurite_soma_mpra|GFP 3UTR MPRA|CAD|mikl:Snap91:1200.0:ceac6b37ad7837a0,993ba4fb4990a96c,4,3,4,AVAILABLE
mikl_gse173098,mikl_gse173098|mikl_gse173098|neurite_soma_mpra|GFP 3UTR MPRA|CAD|mikl:Snap91:250.0:94bb371a0bbfba9f,993ba4fb4990a96c,2,3,2,AVAILABLE
mikl_gse173098,mikl_gse173098|mikl_gse173098|neurite_soma_mpra|GFP 3UTR MPRA|CAD|mikl:Snap91:300.0:8d133826e4df5d6d,993ba4fb4990a96c,4,3,4,AVAILABLE
mikl_gse173098,mikl_gse173098|mikl_gse173098|neurite_soma_mpra|GFP 3UTR MPRA|CAD|mikl:Snap91:350.0:254b5935bb562db9,993ba4fb4990a96c,5,3,5,AVAILABLE
mikl_gse173098,mikl_gse173098|mikl_gse173098|neurite_soma_mpra|GFP 3UTR MPRA|CAD|mikl:Snap91:400.0:4696e5967b825eb6,993ba4fb4990a96c,6,3,6,AVAILABLE
mikl_gse173098,mikl_gse173098|mikl_gse173098|neurite_soma_mpra|GFP 3UTR MPRA|CAD|mikl:Snap91:450.0:05d4006188a47a94,993ba4fb4990a96c,5,3,5,AVAILABLE
mikl_gse173098,mikl_gse173098|mikl_gse173098|neurite_soma_mpra|GFP 3UTR MPRA|CAD|mikl:Snap91:50.0:607be5d6ce1909bc,993ba4fb4990a96c,2,3,2,AVAILABLE
mikl_gse173098,mikl_gse173098|mikl_gse173098|neurite_soma_mpra|GFP 3UTR MPRA|CAD|mikl:Snap91:500.0:65842c8d0a4ded91,993ba4fb4990a96c,9,3,9,AVAILABLE
mikl_gse173098,mikl_gse173098|mikl_gse173098|neurite_soma_mpra|GFP 3UTR MPRA|CAD|mikl:Snap91:550.0:0caa3390326a8f17,993ba4fb4990a96c,8,3,8,AVAILABLE
mikl_gse173098,mikl_gse173098|mikl_gse173098|neurite_soma_mpra|GFP 3UTR MPRA|CAD|mikl:Snap91:600.0:68065bc8b43bfa01,993ba4fb4990a96c,6,3,6,AVAILABLE
mikl_gse173098,mikl_gse173098|mikl_gse173098|neurite_soma_mpra|GFP 3UTR MPRA|CAD|mikl:Snap91:650.0:ec6f2477594ce289,993ba4fb4990a96c,2,3,2,AVAILABLE
mikl_gse173098,mikl_gse173098|mikl_gse173098|neurite_soma_mpra|GFP 3UTR MPRA|CAD|mikl:Snap91:800.0:58e0e210c41cccc8,993ba4fb4990a96c,5,3,5,AVAILABLE
mikl_gse173098,mikl_gse173098|mikl_gse173098|neurite_soma_mpra|GFP 3UTR MPRA|CAD|mikl:Snap91:850.0:ee56c5d34d91b6bb,993ba4fb4990a96c,4,3,4,AVAILABLE
mikl_gse173098,mikl_gse173098|mikl_gse173098|neurite_soma_mpra|GFP 3UTR MPRA|CAD|mikl:Snap91:900.0:2f5b60e0f2936abd,993ba4fb4990a96c,5,3,5,AVAILABLE
mikl_gse173098,mikl_gse173098|mikl_gse173098|neurite_soma_mpra|GFP 3UTR MPRA|CAD|mikl:Sptbn2:0.0:d0fc40608ce739d9,c271958ff1e56e83,2,3,2,AVAILABLE
mikl_gse173098,mikl_gse173098|mikl_gse173098|neurite_soma_mpra|GFP 3UTR MPRA|CAD|mikl:Srl:1000.0:5c2e4a0bb73f66f2,623667028f15fd28,2,3,2,AVAILABLE
mikl_gse173098,mikl_gse173098|mikl_gse173098|neurite_soma_mpra|GFP 3UTR MPRA|CAD|mikl:Srl:900.0:65ba79df78fad7b8,623667028f15fd28,2,3,2,AVAILABLE
mikl_gse173098,mikl_gse173098|mikl_gse173098|neurite_soma_mpra|GFP 3UTR MPRA|CAD|mikl:Sspn:0.0:777d9a166d624500,eebeac7085736d2a,3,3,3,AVAILABLE
mikl_gse173098,mikl_gse173098|mikl_gse173098|neurite_soma_mpra|GFP 3UTR MPRA|CAD|mikl:Sspn:1450.0:b2dd2e024161a1d3,eebeac7085736d2a,2,3,2,AVAILABLE
mikl_gse173098,mikl_gse173098|mikl_gse173098|neurite_soma_mpra|GFP 3UTR MPRA|CAD|mikl:Sspn:1500.0:fbe6c1812e801990,eebeac7085736d2a,2,3,2,AVAILABLE
mikl_gse173098,mikl_gse173098|mikl_gse173098|neurite_soma_mpra|GFP 3UTR MPRA|CAD|mikl:Sspn:1550.0:3370862ee21425cc,eebeac7085736d2a,2,3,2,AVAILABLE
mikl_gse173098,mikl_gse173098|mikl_gse173098|neurite_soma_mpra|GFP 3UTR MPRA|CAD|mikl:Sspn:1600.0:fac2faeeb210cfb9,eebeac7085736d2a,3,3,3,AVAILABLE
mikl_gse173098,mikl_gse173098|mikl_gse173098|neurite_soma_mpra|GFP 3UTR MPRA|CAD|mikl:Sspn:1850.0:33de49494b01bc7e,eebeac7085736d2a,3,3,3,AVAILABLE
mikl_gse173098,mikl_gse173098|mikl_gse173098|neurite_soma_mpra|GFP 3UTR MPRA|CAD|mikl:Sspn:1900.0:0d946da0f04a3618,eebeac7085736d2a,2,3,2,AVAILABLE
mikl_gse173098,mikl_gse173098|mikl_gse173098|neurite_soma_mpra|GFP 3UTR MPRA|CAD|mikl:Sspn:1950.0:7dab77b84ce790a6,eebeac7085736d2a,2,3,2,AVAILABLE
mikl_gse173098,mikl_gse173098|mikl_gse173098|neurite_soma_mpra|GFP 3UTR MPRA|CAD|mikl:Sspn:200.0:b2d9ed500d15c75c,eebeac7085736d2a,3,3,3,AVAILABLE
mikl_gse173098,mikl_gse173098|mikl_gse173098|neurite_soma_mpra|GFP 3UTR MPRA|CAD|mikl:Sspn:2000.0:45dc0fba10f37fd4,eebeac7085736d2a,2,3,2,AVAILABLE
mikl_gse173098,mikl_gse173098|mikl_gse173098|neurite_soma_mpra|GFP 3UTR MPRA|CAD|mikl:Sspn:2100.0:1e390a92fbc1f47f,eebeac7085736d2a,2,3,2,AVAILABLE
mikl_gse173098,mikl_gse173098|mikl_gse173098|neurite_soma_mpra|GFP 3UTR MPRA|CAD|mikl:Sspn:2150.0:523f226adce63a05,eebeac7085736d2a,2,3,2,AVAILABLE
mikl_gse173098,mikl_gse173098|mikl_gse173098|neurite_soma_mpra|GFP 3UTR MPRA|CAD|mikl:Sspn:2200.0:9603d2a9c89c45b4,eebeac7085736d2a,2,3,2,AVAILABLE
mikl_gse173098,mikl_gse173098|mikl_gse173098|neurite_soma_mpra|GFP 3UTR MPRA|CAD|mikl:Sspn:2250.0:c76798f7e6c48051,eebeac7085736d2a,2,3,2,AVAILABLE
mikl_gse173098,mikl_gse173098|mikl_gse173098|neurite_soma_mpra|GFP 3UTR MPRA|CAD|mikl:Sspn:300.0:97acf3fe5194ce08,eebeac7085736d2a,3,3,3,AVAILABLE
mikl_gse173098,mikl_gse173098|mikl_gse173098|neurite_soma_mpra|GFP 3UTR MPRA|CAD|mikl:Sspn:350.0:7304aa988f281016,eebeac7085736d2a,2,3,2,AVAILABLE
mikl_gse173098,mikl_gse173098|mikl_gse173098|neurite_soma_mpra|GFP 3UTR MPRA|CAD|mikl:Sspn:400.0:43d2aaa503e91d35,eebeac7085736d2a,2,3,2,AVAILABLE
mikl_gse173098,mikl_gse173098|mikl_gse173098|neurite_soma_mpra|GFP 3UTR MPRA|CAD|mikl:St6gal1:1050.0:2387c23c0a5a31eb,20d9b1f24ae57ebc,4,3,4,AVAILABLE
mikl_gse173098,mikl_gse173098|mikl_gse173098|neurite_soma_mpra|GFP 3UTR MPRA|CAD|mikl:St6gal1:1100.0:2df60e1408c5151f,20d9b1f24ae57ebc,3,3,3,AVAILABLE
mikl_gse173098,mikl_gse173098|mikl_gse173098|neurite_soma_mpra|GFP 3UTR MPRA|CAD|mikl:St6gal1:1150.0:26d0ee81bfb6bc5c,20d9b1f24ae57ebc,2,3,2,AVAILABLE
mikl_gse173098,mikl_gse173098|mikl_gse173098|neurite_soma_mpra|GFP 3UTR MPRA|CAD|mikl:St6gal1:2250.0:3db381f2c29fd816,20d9b1f24ae57ebc,2,3,2,AVAILABLE
mikl_gse173098,mikl_gse173098|mikl_gse173098|neurite_soma_mpra|GFP 3UTR MPRA|CAD|mikl:St6gal1:2300.0:fced3550ea8dd92a,20d9b1f24ae57ebc,2,3,2,AVAILABLE
mikl_gse173098,mikl_gse173098|mikl_gse173098|neurite_soma_mpra|GFP 3UTR MPRA|CAD|mikl:St6gal1:250.0:bcd6dd84b9e227d5,20d9b1f24ae57ebc,2,3,2,AVAILABLE
mikl_gse173098,mikl_gse173098|mikl_gse173098|neurite_soma_mpra|GFP 3UTR MPRA|CAD|mikl:St6gal1:300.0:200aa8ac99423c88,20d9b1f24ae57ebc,2,3,2,AVAILABLE
mikl_gse173098,mikl_gse173098|mikl_gse173098|neurite_soma_mpra|GFP 3UTR MPRA|CAD|mikl:St6gal1:700.0:8637aed12ed0ffb5,20d9b1f24ae57ebc,2,3,2,AVAILABLE
mikl_gse173098,mikl_gse173098|mikl_gse173098|neurite_soma_mpra|GFP 3UTR MPRA|CAD|mikl:St6gal1:750.0:4d720d11ca457e4a,20d9b1f24ae57ebc,4,3,4,AVAILABLE
mikl_gse173098,mikl_gse173098|mikl_gse173098|neurite_soma_mpra|GFP 3UTR MPRA|CAD|mikl:St6gal1:800.0:574fd9baf8d88217,20d9b1f24ae57ebc,2,3,2,AVAILABLE
mikl_gse173098,mikl_gse173098|mikl_gse173098|neurite_soma_mpra|GFP 3UTR MPRA|CAD|mikl:St6gal1:850.0:b55e2afdb1d2f4f7,20d9b1f24ae57ebc,2,3,2,AVAILABLE
mikl_gse173098,mikl_gse173098|mikl_gse173098|neurite_soma_mpra|GFP 3UTR MPRA|CAD|mikl:St6gal1:950.0:57f30fe0f6d69a83,20d9b1f24ae57ebc,2,3,2,AVAILABLE
mikl_gse173098,mikl_gse173098|mikl_gse173098|neurite_soma_mpra|GFP 3UTR MPRA|CAD|mikl:Syt15:150.0:a4cab09516578428,8d76cbd6d8514037,2,3,2,AVAILABLE
mikl_gse173098,mikl_gse173098|mikl_gse173098|neurite_soma_mpra|GFP 3UTR MPRA|CAD|mikl:Syt15:1800.0:8f595b60b893dcb8,8d76cbd6d8514037,2,3,2,AVAILABLE
mikl_gse173098,mikl_gse173098|mikl_gse173098|neurite_soma_mpra|GFP 3UTR MPRA|CAD|mikl:Syt15:200.0:3cae2c4452a38aaa,8d76cbd6d8514037,4,3,4,AVAILABLE
mikl_gse173098,mikl_gse173098|mikl_gse173098|neurite_soma_mpra|GFP 3UTR MPRA|CAD|mikl:Syt15:2050.0:cef0eb10b8a4db69,8d76cbd6d8514037,2,3,2,AVAILABLE
mikl_gse173098,mikl_gse173098|mikl_gse173098|neurite_soma_mpra|GFP 3UTR MPRA|CAD|mikl:Syt15:250.0:4337e27c92b3d7c5,8d76cbd6d8514037,4,3,4,AVAILABLE
mikl_gse173098,mikl_gse173098|mikl_gse173098|neurite_soma_mpra|GFP 3UTR MPRA|CAD|mikl:Syt15:300.0:1b8b8ce261d7a5cd,8d76cbd6d8514037,2,3,2,AVAILABLE
mikl_gse173098,mikl_gse173098|mikl_gse173098|neurite_soma_mpra|GFP 3UTR MPRA|CAD|mikl:Tagln:0.0:90d9dfa20c8cf5f4,ed33eb87d0ff991e,2,3,2,AVAILABLE
mikl_gse173098,mikl_gse173098|mikl_gse173098|neurite_soma_mpra|GFP 3UTR MPRA|CAD|mikl:Tagln:250.0:a9aace4b931a7172,ed33eb87d0ff991e,2,3,2,AVAILABLE
mikl_gse173098,mikl_gse173098|mikl_gse173098|neurite_soma_mpra|GFP 3UTR MPRA|CAD|mikl:Tagln:300.0:00cfba2d07c0ec59,ed33eb87d0ff991e,3,3,3,AVAILABLE
mikl_gse173098,mikl_gse173098|mikl_gse173098|neurite_soma_mpra|GFP 3UTR MPRA|CAD|mikl:Tagln:550.0:f6bc7ef9d27c2175,ed33eb87d0ff991e,2,3,2,AVAILABLE
mikl_gse173098,mikl_gse173098|mikl_gse173098|neurite_soma_mpra|GFP 3UTR MPRA|CAD|mikl:Tbcel:1000.0:16210e8e706d123b,b97d7ffad895e3ec,4,3,4,AVAILABLE
mikl_gse173098,mikl_gse173098|mikl_gse173098|neurite_soma_mpra|GFP 3UTR MPRA|CAD|mikl:Tbcel:1050.0:0df145a457059cd4,b97d7ffad895e3ec,3,3,3,AVAILABLE
mikl_gse173098,mikl_gse173098|mikl_gse173098|neurite_soma_mpra|GFP 3UTR MPRA|CAD|mikl:Tbcel:1100.0:dc4158fba20689fa,b97d7ffad895e3ec,3,3,3,AVAILABLE
mikl_gse173098,mikl_gse173098|mikl_gse173098|neurite_soma_mpra|GFP 3UTR MPRA|CAD|mikl:Tbcel:1150.0:818f7e677a120f8a,b97d7ffad895e3ec,3,3,3,AVAILABLE
mikl_gse173098,mikl_gse173098|mikl_gse173098|neurite_soma_mpra|GFP 3UTR MPRA|CAD|mikl:Tbcel:150.0:edd16d24ec5f4be2,b97d7ffad895e3ec,3,3,3,AVAILABLE
mikl_gse173098,mikl_gse173098|mikl_gse173098|neurite_soma_mpra|GFP 3UTR MPRA|CAD|mikl:Tbcel:1600.0:13e7ce0af0eae65d,b97d7ffad895e3ec,4,3,4,AVAILABLE
mikl_gse173098,mikl_gse173098|mikl_gse173098|neurite_soma_mpra|GFP 3UTR MPRA|CAD|mikl:Tbcel:1650.0:bc1c954381a20ff5,b97d7ffad895e3ec,3,3,3,AVAILABLE
mikl_gse173098,mikl_gse173098|mikl_gse173098|neurite_soma_mpra|GFP 3UTR MPRA|CAD|mikl:Tbcel:1700.0:aaa64ca88b6de443,b97d7ffad895e3ec,5,3,5,AVAILABLE
mikl_gse173098,mikl_gse173098|mikl_gse173098|neurite_soma_mpra|GFP 3UTR MPRA|CAD|mikl:Tbcel:1750.0:31d606ba0d7036be,b97d7ffad895e3ec,6,3,6,AVAILABLE
mikl_gse173098,mikl_gse173098|mikl_gse173098|neurite_soma_mpra|GFP 3UTR MPRA|CAD|mikl:Tbcel:1800.0:98e373b465dce375,b97d7ffad895e3ec,6,3,6,AVAILABLE
mikl_gse173098,mikl_gse173098|mikl_gse173098|neurite_soma_mpra|GFP 3UTR MPRA|CAD|mikl:Tbcel:1850.0:84f2afdb3dcb703f,b97d7ffad895e3ec,4,3,4,AVAILABLE
mikl_gse173098,mikl_gse173098|mikl_gse173098|neurite_soma_mpra|GFP 3UTR MPRA|CAD|mikl:Tbcel:1900.0:6481b196a71858f6,b97d7ffad895e3ec,2,3,2,AVAILABLE
mikl_gse173098,mikl_gse173098|mikl_gse173098|neurite_soma_mpra|GFP 3UTR MPRA|CAD|mikl:Tbcel:1950.0:a043811399cdb60a,b97d7ffad895e3ec,4,3,4,AVAILABLE
mikl_gse173098,mikl_gse173098|mikl_gse173098|neurite_soma_mpra|GFP 3UTR MPRA|CAD|mikl:Tbcel:200.0:166409ee6092ee8e,b97d7ffad895e3ec,2,3,2,AVAILABLE
mikl_gse173098,mikl_gse173098|mikl_gse173098|neurite_soma_mpra|GFP 3UTR MPRA|CAD|mikl:Tbcel:2000.0:6f27ef50db221e4c,b97d7ffad895e3ec,4,3,4,AVAILABLE
mikl_gse173098,mikl_gse173098|mikl_gse173098|neurite_soma_mpra|GFP 3UTR MPRA|CAD|mikl:Tbcel:2050.0:402f76dd61abc742,b97d7ffad895e3ec,4,3,4,AVAILABLE
mikl_gse173098,mikl_gse173098|mikl_gse173098|neurite_soma_mpra|GFP 3UTR MPRA|CAD|mikl:Tbcel:2100.0:cc22a29b6ca59d55,b97d7ffad895e3ec,2,3,2,AVAILABLE
mikl_gse173098,mikl_gse173098|mikl_gse173098|neurite_soma_mpra|GFP 3UTR MPRA|CAD|mikl:Tbcel:2150.0:d3957c5fe62f9bda,b97d7ffad895e3ec,5,3,5,AVAILABLE
mikl_gse173098,mikl_gse173098|mikl_gse173098|neurite_soma_mpra|GFP 3UTR MPRA|CAD|mikl:Tbcel:2200.0:4b01fd66fb998c1b,b97d7ffad895e3ec,5,3,5,AVAILABLE
mikl_gse173098,mikl_gse173098|mikl_gse173098|neurite_soma_mpra|GFP 3UTR MPRA|CAD|mikl:Tbcel:2250.0:62e6af389b9a03d5,b97d7ffad895e3ec,4,3,4,AVAILABLE
mikl_gse173098,mikl_gse173098|mikl_gse173098|neurite_soma_mpra|GFP 3UTR MPRA|CAD|mikl:Tbcel:2400.0:74fba9458e90668a,b97d7ffad895e3ec,3,3,3,AVAILABLE
mikl_gse173098,mikl_gse173098|mikl_gse173098|neurite_soma_mpra|GFP 3UTR MPRA|CAD|mikl:Tbcel:2450.0:e20d87a6b641fb54,b97d7ffad895e3ec,2,3,2,AVAILABLE
mikl_gse173098,mikl_gse173098|mikl_gse173098|neurite_soma_mpra|GFP 3UTR MPRA|CAD|mikl:Tbcel:2500.0:7a9865456c345b50,b97d7ffad895e3ec,2,3,2,AVAILABLE
mikl_gse173098,mikl_gse173098|mikl_gse173098|neurite_soma_mpra|GFP 3UTR MPRA|CAD|mikl:Tbcel:2550.0:454ef933e9ddc169,b97d7ffad895e3ec,2,3,2,AVAILABLE
mikl_gse173098,mikl_gse173098|mikl_gse173098|neurite_soma_mpra|GFP 3UTR MPRA|CAD|mikl:Tbcel:2650.0:3b268801ada1f15d,b97d7ffad895e3ec,4,3,4,AVAILABLE
mikl_gse173098,mikl_gse173098|mikl_gse173098|neurite_soma_mpra|GFP 3UTR MPRA|CAD|mikl:Tbcel:2700.0:b15163709a8c9ff5,b97d7ffad895e3ec,2,3,2,AVAILABLE
mikl_gse173098,mikl_gse173098|mikl_gse173098|neurite_soma_mpra|GFP 3UTR MPRA|CAD|mikl:Tbcel:2800.0:956a9cf586be044c,b97d7ffad895e3ec,4,3,4,AVAILABLE
mikl_gse173098,mikl_gse173098|mikl_gse173098|neurite_soma_mpra|GFP 3UTR MPRA|CAD|mikl:Tbcel:2850.0:6b538dcb638615a8,b97d7ffad895e3ec,3,3,3,AVAILABLE
mikl_gse173098,mikl_gse173098|mikl_gse173098|neurite_soma_mpra|GFP 3UTR MPRA|CAD|mikl:Tbcel:2900.0:a5443912828b4bd7,b97d7ffad895e3ec,5,3,5,AVAILABLE
mikl_gse173098,mikl_gse173098|mikl_gse173098|neurite_soma_mpra|GFP 3UTR MPRA|CAD|mikl:Tbcel:300.0:0bd6fd656a9f381f,b97d7ffad895e3ec,2,3,2,AVAILABLE
mikl_gse173098,mikl_gse173098|mikl_gse173098|neurite_soma_mpra|GFP 3UTR MPRA|CAD|mikl:Tbcel:3100.0:9d61951c94164776,b97d7ffad895e3ec,2,3,2,AVAILABLE
mikl_gse173098,mikl_gse173098|mikl_gse173098|neurite_soma_mpra|GFP 3UTR MPRA|CAD|mikl:Tbcel:3150.0:6e359f5b3c4abd89,b97d7ffad895e3ec,3,3,3,AVAILABLE
mikl_gse173098,mikl_gse173098|mikl_gse173098|neurite_soma_mpra|GFP 3UTR MPRA|CAD|mikl:Tbcel:3200.0:753e47dbaf34f461,b97d7ffad895e3ec,3,3,3,AVAILABLE
mikl_gse173098,mikl_gse173098|mikl_gse173098|neurite_soma_mpra|GFP 3UTR MPRA|CAD|mikl:Tbcel:3250.0:9a64a9ecf8e0c0aa,b97d7ffad895e3ec,2,3,2,AVAILABLE
mikl_gse173098,mikl_gse173098|mikl_gse173098|neurite_soma_mpra|GFP 3UTR MPRA|CAD|mikl:Tbcel:500.0:51f09bf97ec11460,b97d7ffad895e3ec,3,3,3,AVAILABLE
mikl_gse173098,mikl_gse173098|mikl_gse173098|neurite_soma_mpra|GFP 3UTR MPRA|CAD|mikl:Tbcel:900.0:5c1b6a9330936ef8,b97d7ffad895e3ec,2,3,2,AVAILABLE
mikl_gse173098,mikl_gse173098|mikl_gse173098|neurite_soma_mpra|GFP 3UTR MPRA|CAD|mikl:Tbcel:950.0:3865da8360491e59,b97d7ffad895e3ec,3,3,3,AVAILABLE
mikl_gse173098,mikl_gse173098|mikl_gse173098|neurite_soma_mpra|GFP 3UTR MPRA|CAD|mikl:Tcte1:450.0:aaa0ab2c7599c347,9062dec6dfccad94,2,3,2,AVAILABLE
mikl_gse173098,mikl_gse173098|mikl_gse173098|neurite_soma_mpra|GFP 3UTR MPRA|CAD|mikl:Tcte1:500.0:d5a75a120315b55c,9062dec6dfccad94,5,3,5,AVAILABLE
mikl_gse173098,mikl_gse173098|mikl_gse173098|neurite_soma_mpra|GFP 3UTR MPRA|CAD|mikl:Tcte1:550.0:99a453df77f9c801,9062dec6dfccad94,5,3,5,AVAILABLE
mikl_gse173098,mikl_gse173098|mikl_gse173098|neurite_soma_mpra|GFP 3UTR MPRA|CAD|mikl:Tcte1:600.0:d297bab66d4f6401,9062dec6dfccad94,3,3,3,AVAILABLE
mikl_gse173098,mikl_gse173098|mikl_gse173098|neurite_soma_mpra|GFP 3UTR MPRA|CAD|mikl:Tfap2b:2400.0:6da86cedb22e15bb,962b95315e071fe3,2,3,2,AVAILABLE
mikl_gse173098,mikl_gse173098|mikl_gse173098|neurite_soma_mpra|GFP 3UTR MPRA|CAD|mikl:Tfap2b:2450.0:a2f1315affbbb294,962b95315e071fe3,2,3,2,AVAILABLE
mikl_gse173098,mikl_gse173098|mikl_gse173098|neurite_soma_mpra|GFP 3UTR MPRA|CAD|mikl:Tfap2b:2500.0:d633b17c4a937c89,962b95315e071fe3,2,3,2,AVAILABLE
mikl_gse173098,mikl_gse173098|mikl_gse173098|neurite_soma_mpra|GFP 3UTR MPRA|CAD|mikl:Tfap2b:3950.0:39ef3cbe252432b4,962b95315e071fe3,2,3,2,AVAILABLE
mikl_gse173098,mikl_gse173098|mikl_gse173098|neurite_soma_mpra|GFP 3UTR MPRA|CAD|mikl:Tfap2b:4000.0:a7490aaaa29b61b0,962b95315e071fe3,2,3,2,AVAILABLE
mikl_gse173098,mikl_gse173098|mikl_gse173098|neurite_soma_mpra|GFP 3UTR MPRA|CAD|mikl:Tfap2b:600.0:181c65a00cf4db6f,962b95315e071fe3,2,3,2,AVAILABLE
mikl_gse173098,mikl_gse173098|mikl_gse173098|neurite_soma_mpra|GFP 3UTR MPRA|CAD|mikl:Tfap2b:650.0:f4dda7db6d58f19d,962b95315e071fe3,2,3,2,AVAILABLE
mikl_gse173098,mikl_gse173098|mikl_gse173098|neurite_soma_mpra|GFP 3UTR MPRA|CAD|mikl:Tfg:0.0:e6b5ab0439981e59,aad8245573689ddf,6,3,6,AVAILABLE
mikl_gse173098,mikl_gse173098|mikl_gse173098|neurite_soma_mpra|GFP 3UTR MPRA|CAD|mikl:Tfg:100.0:b591acf1985f0a31,aad8245573689ddf,5,3,5,AVAILABLE
mikl_gse173098,mikl_gse173098|mikl_gse173098|neurite_soma_mpra|GFP 3UTR MPRA|CAD|mikl:Tfg:200.0:f4a17616b61779bd,aad8245573689ddf,2,3,2,AVAILABLE
mikl_gse173098,mikl_gse173098|mikl_gse173098|neurite_soma_mpra|GFP 3UTR MPRA|CAD|mikl:Tfg:250.0:2cd672bda9daca87,aad8245573689ddf,2,3,2,AVAILABLE
mikl_gse173098,mikl_gse173098|mikl_gse173098|neurite_soma_mpra|GFP 3UTR MPRA|CAD|mikl:Tfg:50.0:50a4f2fe6fe1ddcb,aad8245573689ddf,2,3,2,AVAILABLE
mikl_gse173098,mikl_gse173098|mikl_gse173098|neurite_soma_mpra|GFP 3UTR MPRA|CAD|mikl:Thbd:400.0:a0ab25e3c2e6f90e,668a9db14ec82772,2,3,2,AVAILABLE
mikl_gse173098,mikl_gse173098|mikl_gse173098|neurite_soma_mpra|GFP 3UTR MPRA|CAD|mikl:Tirap:1000.0:e8411b95c6c7f29a,95c93debcdc1a634,3,3,3,AVAILABLE
mikl_gse173098,mikl_gse173098|mikl_gse173098|neurite_soma_mpra|GFP 3UTR MPRA|CAD|mikl:Tirap:950.0:ba78394fdac5f1f9,95c93debcdc1a634,2,3,2,AVAILABLE
mikl_gse173098,mikl_gse173098|mikl_gse173098|neurite_soma_mpra|GFP 3UTR MPRA|CAD|mikl:Tmem242:200.0:0bca433dad08899e,e0e986618ec1a887,2,3,2,AVAILABLE
mikl_gse173098,mikl_gse173098|mikl_gse173098|neurite_soma_mpra|GFP 3UTR MPRA|CAD|mikl:Tnfrsf19:2300.0:00f335c97e1d287f,c78a7590c09eab09,3,3,3,AVAILABLE
mikl_gse173098,mikl_gse173098|mikl_gse173098|neurite_soma_mpra|GFP 3UTR MPRA|CAD|mikl:Tnfrsf19:2350.0:e5c3a349dc9faa71,c78a7590c09eab09,2,3,2,AVAILABLE
mikl_gse173098,mikl_gse173098|mikl_gse173098|neurite_soma_mpra|GFP 3UTR MPRA|CAD|mikl:Tnfrsf19:2400.0:cc9c1fe5917d5e8d,c78a7590c09eab09,2,3,2,AVAILABLE
mikl_gse173098,mikl_gse173098|mikl_gse173098|neurite_soma_mpra|GFP 3UTR MPRA|CAD|mikl:Tnfrsf19:600.0:11a5fe38c7b2d9db,c78a7590c09eab09,2,3,2,AVAILABLE
mikl_gse173098,mikl_gse173098|mikl_gse173098|neurite_soma_mpra|GFP 3UTR MPRA|CAD|mikl:Tor4a:650.0:2e3fdf95cb99f609,9f733c380cd23d8a,2,3,2,AVAILABLE
mikl_gse173098,mikl_gse173098|mikl_gse173098|neurite_soma_mpra|GFP 3UTR MPRA|CAD|mikl:Tpt1:100.0:e663ca861ef15501,8f547b768d08625b,4,3,4,AVAILABLE
mikl_gse173098,mikl_gse173098|mikl_gse173098|neurite_soma_mpra|GFP 3UTR MPRA|CAD|mikl:Tpt1:50.0:513b90c8bb0f3c52,8f547b768d08625b,4,3,4,AVAILABLE
mikl_gse173098,mikl_gse173098|mikl_gse173098|neurite_soma_mpra|GFP 3UTR MPRA|CAD|mikl:Trim56:0.0:d682a9d4faa61903,c52edd7631db6f83,2,3,2,AVAILABLE
mikl_gse173098,mikl_gse173098|mikl_gse173098|neurite_soma_mpra|GFP 3UTR MPRA|CAD|mikl:Trim56:1200.0:e8d1db3df42187d7,c52edd7631db6f83,3,3,3,AVAILABLE
mikl_gse173098,mikl_gse173098|mikl_gse173098|neurite_soma_mpra|GFP 3UTR MPRA|CAD|mikl:Trim56:1250.0:d8429dd26ff348dc,c52edd7631db6f83,3,3,3,AVAILABLE
mikl_gse173098,mikl_gse173098|mikl_gse173098|neurite_soma_mpra|GFP 3UTR MPRA|CAD|mikl:Trim56:1500.0:86917953cfe5b91f,c52edd7631db6f83,2,3,2,AVAILABLE
mikl_gse173098,mikl_gse173098|mikl_gse173098|neurite_soma_mpra|GFP 3UTR MPRA|CAD|mikl:Trim56:1550.0:25c1520172faaab9,c52edd7631db6f83,2,3,2,AVAILABLE
mikl_gse173098,mikl_gse173098|mikl_gse173098|neurite_soma_mpra|GFP 3UTR MPRA|CAD|mikl:Trim56:1650.0:5f30ce71fd3b454c,c52edd7631db6f83,2,3,2,AVAILABLE
mikl_gse173098,mikl_gse173098|mikl_gse173098|neurite_soma_mpra|GFP 3UTR MPRA|CAD|mikl:Trim56:2000.0:5a5f00556472e0d8,c52edd7631db6f83,2,3,2,AVAILABLE
mikl_gse173098,mikl_gse173098|mikl_gse173098|neurite_soma_mpra|GFP 3UTR MPRA|CAD|mikl:Trim56:2050.0:1e5ed2ae298f9e0a,c52edd7631db6f83,2,3,2,AVAILABLE
mikl_gse173098,mikl_gse173098|mikl_gse173098|neurite_soma_mpra|GFP 3UTR MPRA|CAD|mikl:Trim56:2100.0:c26dfd11f066d078,c52edd7631db6f83,2,3,2,AVAILABLE
mikl_gse173098,mikl_gse173098|mikl_gse173098|neurite_soma_mpra|GFP 3UTR MPRA|CAD|mikl:Trim56:2700.0:e41d0ca286695b40,c52edd7631db6f83,2,3,2,AVAILABLE
mikl_gse173098,mikl_gse173098|mikl_gse173098|neurite_soma_mpra|GFP 3UTR MPRA|CAD|mikl:Trim56:2800.0:32454215606ae212,c52edd7631db6f83,2,3,2,AVAILABLE
mikl_gse173098,mikl_gse173098|mikl_gse173098|neurite_soma_mpra|GFP 3UTR MPRA|CAD|mikl:Trim56:4050.0:bd2cb44120d370fc,c52edd7631db6f83,2,3,2,AVAILABLE
mikl_gse173098,mikl_gse173098|mikl_gse173098|neurite_soma_mpra|GFP 3UTR MPRA|CAD|mikl:Trim56:4100.0:8f2cca5970bf267e,c52edd7631db6f83,3,3,3,AVAILABLE
mikl_gse173098,mikl_gse173098|mikl_gse173098|neurite_soma_mpra|GFP 3UTR MPRA|CAD|mikl:Trim56:4150.0:9199f446f08120b7,c52edd7631db6f83,2,3,2,AVAILABLE
mikl_gse173098,mikl_gse173098|mikl_gse173098|neurite_soma_mpra|GFP 3UTR MPRA|CAD|mikl:Trim56:4200.0:1c954fe1c5acc7ee,c52edd7631db6f83,2,3,2,AVAILABLE
mikl_gse173098,mikl_gse173098|mikl_gse173098|neurite_soma_mpra|GFP 3UTR MPRA|CAD|mikl:Trim56:5200.0:051f783f0b6ff3d6,c52edd7631db6f83,2,3,2,AVAILABLE
mikl_gse173098,mikl_gse173098|mikl_gse173098|neurite_soma_mpra|GFP 3UTR MPRA|CAD|mikl:Trim56:5250.0:e671c964f9aca7e4,c52edd7631db6f83,2,3,2,AVAILABLE
mikl_gse173098,mikl_gse173098|mikl_gse173098|neurite_soma_mpra|GFP 3UTR MPRA|CAD|mikl:Trim56:5600.0:fb9c9e74963812b2,c52edd7631db6f83,4,3,4,AVAILABLE
mikl_gse173098,mikl_gse173098|mikl_gse173098|neurite_soma_mpra|GFP 3UTR MPRA|CAD|mikl:Trim56:5650.0:d9255d624affaaf3,c52edd7631db6f83,3,3,3,AVAILABLE
mikl_gse173098,mikl_gse173098|mikl_gse173098|neurite_soma_mpra|GFP 3UTR MPRA|CAD|mikl:Trim56:650.0:0e2e4615e27598b8,c52edd7631db6f83,4,3,4,AVAILABLE
mikl_gse173098,mikl_gse173098|mikl_gse173098|neurite_soma_mpra|GFP 3UTR MPRA|CAD|mikl:Trim56:750.0:5c5955e7c980b06e,c52edd7631db6f83,2,3,2,AVAILABLE
mikl_gse173098,mikl_gse173098|mikl_gse173098|neurite_soma_mpra|GFP 3UTR MPRA|CAD|mikl:Trp63:100.0:86f214ee140cb1a2,fc1e4d68b5df739a,2,3,2,AVAILABLE
mikl_gse173098,mikl_gse173098|mikl_gse173098|neurite_soma_mpra|GFP 3UTR MPRA|CAD|mikl:Trp63:1250.0:8ed3e9b54bea5ace,fc1e4d68b5df739a,2,3,2,AVAILABLE
mikl_gse173098,mikl_gse173098|mikl_gse173098|neurite_soma_mpra|GFP 3UTR MPRA|CAD|mikl:Trp63:150.0:7134dc2b48006e4c,fc1e4d68b5df739a,2,3,2,AVAILABLE
mikl_gse173098,mikl_gse173098|mikl_gse173098|neurite_soma_mpra|GFP 3UTR MPRA|CAD|mikl:Trp63:200.0:0ddc18127cb8db10,fc1e4d68b5df739a,3,3,3,AVAILABLE
mikl_gse173098,mikl_gse173098|mikl_gse173098|neurite_soma_mpra|GFP 3UTR MPRA|CAD|mikl:Trp63:250.0:598b5e4977cab768,fc1e4d68b5df739a,3,3,3,AVAILABLE
mikl_gse173098,mikl_gse173098|mikl_gse173098|neurite_soma_mpra|GFP 3UTR MPRA|CAD|mikl:Trp63:300.0:1236cc15c1a00776,fc1e4d68b5df739a,3,3,3,AVAILABLE
mikl_gse173098,mikl_gse173098|mikl_gse173098|neurite_soma_mpra|GFP 3UTR MPRA|CAD|mikl:Trp63:350.0:c76f166f79512a32,fc1e4d68b5df739a,3,3,3,AVAILABLE
mikl_gse173098,mikl_gse173098|mikl_gse173098|neurite_soma_mpra|GFP 3UTR MPRA|CAD|mikl:Trp63:550.0:22b4f9262d29d3f7,fc1e4d68b5df739a,2,3,2,AVAILABLE
mikl_gse173098,mikl_gse173098|mikl_gse173098|neurite_soma_mpra|GFP 3UTR MPRA|CAD|mikl:Trp63:600.0:50d1112a5f538f15,fc1e4d68b5df739a,3,3,3,AVAILABLE
mikl_gse173098,mikl_gse173098|mikl_gse173098|neurite_soma_mpra|GFP 3UTR MPRA|CAD|mikl:Tulp1:0.0:1ffe30b4683649bd,e20561b4885d8955,2,3,2,AVAILABLE
mikl_gse173098,mikl_gse173098|mikl_gse173098|neurite_soma_mpra|GFP 3UTR MPRA|CAD|mikl:Tulp1:150.0:cba4b86a1381f373,e20561b4885d8955,3,3,3,AVAILABLE
mikl_gse173098,mikl_gse173098|mikl_gse173098|neurite_soma_mpra|GFP 3UTR MPRA|CAD|mikl:Tusc3:0.0:0c3d051a5f02c7fc,99c7f525b9867a32,2,3,2,AVAILABLE
mikl_gse173098,mikl_gse173098|mikl_gse173098|neurite_soma_mpra|GFP 3UTR MPRA|CAD|mikl:Tusc3:100.0:9d8726d695b282fd,99c7f525b9867a32,2,3,2,AVAILABLE
mikl_gse173098,mikl_gse173098|mikl_gse173098|neurite_soma_mpra|GFP 3UTR MPRA|CAD|mikl:Tusc3:200.0:53074da5c4902167,99c7f525b9867a32,2,3,2,AVAILABLE
mikl_gse173098,mikl_gse173098|mikl_gse173098|neurite_soma_mpra|GFP 3UTR MPRA|CAD|mikl:Tusc3:400.0:ab16418fe5c1f089,99c7f525b9867a32,2,3,2,AVAILABLE
mikl_gse173098,mikl_gse173098|mikl_gse173098|neurite_soma_mpra|GFP 3UTR MPRA|CAD|mikl:Tusc3:500.0:dfd4bc4d0e73b47e,99c7f525b9867a32,2,3,2,AVAILABLE
mikl_gse173098,mikl_gse173098|mikl_gse173098|neurite_soma_mpra|GFP 3UTR MPRA|CAD|mikl:Tusc3:550.0:8285ce89287edae7,99c7f525b9867a32,4,3,4,AVAILABLE
mikl_gse173098,mikl_gse173098|mikl_gse173098|neurite_soma_mpra|GFP 3UTR MPRA|CAD|mikl:Tusc3:600.0:64801efa8be73174,99c7f525b9867a32,5,3,5,AVAILABLE
mikl_gse173098,mikl_gse173098|mikl_gse173098|neurite_soma_mpra|GFP 3UTR MPRA|CAD|mikl:Ube2m:0.0:3e10337deb999538,5d439c67bda2a974,2,3,2,AVAILABLE
mikl_gse173098,mikl_gse173098|mikl_gse173098|neurite_soma_mpra|GFP 3UTR MPRA|CAD|mikl:Ube2m:150.0:d0d4053693f462ff,5d439c67bda2a974,2,3,2,AVAILABLE
mikl_gse173098,mikl_gse173098|mikl_gse173098|neurite_soma_mpra|GFP 3UTR MPRA|CAD|mikl:Ube2m:200.0:069680755db9bed9,5d439c67bda2a974,2,3,2,AVAILABLE
mikl_gse173098,mikl_gse173098|mikl_gse173098|neurite_soma_mpra|GFP 3UTR MPRA|CAD|mikl:Ube2m:50.0:7ecb09b529fccd97,5d439c67bda2a974,2,3,2,AVAILABLE
mikl_gse173098,mikl_gse173098|mikl_gse173098|neurite_soma_mpra|GFP 3UTR MPRA|CAD|mikl:Unc5c:100.0:679a2096ad156a5a,915f51673d238b24,5,3,5,AVAILABLE
mikl_gse173098,mikl_gse173098|mikl_gse173098|neurite_soma_mpra|GFP 3UTR MPRA|CAD|mikl:Unc5c:100.0:92184b0994ad43b2,915f51673d238b24,3,3,3,AVAILABLE
mikl_gse173098,mikl_gse173098|mikl_gse173098|neurite_soma_mpra|GFP 3UTR MPRA|CAD|mikl:Unc5c:1000.0:e16ab354b22ed438,915f51673d238b24,2,3,2,AVAILABLE
mikl_gse173098,mikl_gse173098|mikl_gse173098|neurite_soma_mpra|GFP 3UTR MPRA|CAD|mikl:Unc5c:1450.0:379ecebe628ff8be,915f51673d238b24,3,3,3,AVAILABLE
mikl_gse173098,mikl_gse173098|mikl_gse173098|neurite_soma_mpra|GFP 3UTR MPRA|CAD|mikl:Unc5c:150.0:0a236b1fbb969289,915f51673d238b24,4,3,4,AVAILABLE
mikl_gse173098,mikl_gse173098|mikl_gse173098|neurite_soma_mpra|GFP 3UTR MPRA|CAD|mikl:Unc5c:150.0:db638178afd813e7,915f51673d238b24,3,3,3,AVAILABLE
mikl_gse173098,mikl_gse173098|mikl_gse173098|neurite_soma_mpra|GFP 3UTR MPRA|CAD|mikl:Unc5c:1500.0:1537d41e422a3048,915f51673d238b24,2,3,2,AVAILABLE
mikl_gse173098,mikl_gse173098|mikl_gse173098|neurite_soma_mpra|GFP 3UTR MPRA|CAD|mikl:Unc5c:1550.0:ab8668a383483704,915f51673d238b24,3,3,3,AVAILABLE
mikl_gse173098,mikl_gse173098|mikl_gse173098|neurite_soma_mpra|GFP 3UTR MPRA|CAD|mikl:Unc5c:1600.0:29f4cdf3d72f35fc,915f51673d238b24,5,3,5,AVAILABLE
mikl_gse173098,mikl_gse173098|mikl_gse173098|neurite_soma_mpra|GFP 3UTR MPRA|CAD|mikl:Unc5c:1650.0:13ee569fc2e59653,915f51673d238b24,4,3,4,AVAILABLE
mikl_gse173098,mikl_gse173098|mikl_gse173098|neurite_soma_mpra|GFP 3UTR MPRA|CAD|mikl:Unc5c:1700.0:3577436b99e1ed72,915f51673d238b24,3,3,3,AVAILABLE
mikl_gse173098,mikl_gse173098|mikl_gse173098|neurite_soma_mpra|GFP 3UTR MPRA|CAD|mikl:Unc5c:1900.0:67736ecc3e443c53,915f51673d238b24,2,3,2,AVAILABLE
mikl_gse173098,mikl_gse173098|mikl_gse173098|neurite_soma_mpra|GFP 3UTR MPRA|CAD|mikl:Unc5c:1950.0:388887c11b19a3e0,915f51673d238b24,7,3,7,AVAILABLE
mikl_gse173098,mikl_gse173098|mikl_gse173098|neurite_soma_mpra|GFP 3UTR MPRA|CAD|mikl:Unc5c:200.0:1791e9593206e37c,915f51673d238b24,3,3,3,AVAILABLE
mikl_gse173098,mikl_gse173098|mikl_gse173098|neurite_soma_mpra|GFP 3UTR MPRA|CAD|mikl:Unc5c:200.0:817b1fb1ac06eda5,915f51673d238b24,4,3,4,AVAILABLE
mikl_gse173098,mikl_gse173098|mikl_gse173098|neurite_soma_mpra|GFP 3UTR MPRA|CAD|mikl:Unc5c:2000.0:13c5158d0ca864fb,915f51673d238b24,4,3,4,AVAILABLE
mikl_gse173098,mikl_gse173098|mikl_gse173098|neurite_soma_mpra|GFP 3UTR MPRA|CAD|mikl:Unc5c:2300.0:c8fa8482d026df28,915f51673d238b24,2,3,2,AVAILABLE
mikl_gse173098,mikl_gse173098|mikl_gse173098|neurite_soma_mpra|GFP 3UTR MPRA|CAD|mikl:Unc5c:2350.0:ce2d03f3b5eb58c2,915f51673d238b24,3,3,3,AVAILABLE
mikl_gse173098,mikl_gse173098|mikl_gse173098|neurite_soma_mpra|GFP 3UTR MPRA|CAD|mikl:Unc5c:2400.0:408dba7e81655bb4,915f51673d238b24,4,3,4,AVAILABLE
mikl_gse173098,mikl_gse173098|mikl_gse173098|neurite_soma_mpra|GFP 3UTR MPRA|CAD|mikl:Unc5c:2450.0:eb86e501b265c626,915f51673d238b24,4,3,4,AVAILABLE
mikl_gse173098,mikl_gse173098|mikl_gse173098|neurite_soma_mpra|GFP 3UTR MPRA|CAD|mikl:Unc5c:250.0:58c59c99ff3d6115,915f51673d238b24,4,3,4,AVAILABLE
mikl_gse173098,mikl_gse173098|mikl_gse173098|neurite_soma_mpra|GFP 3UTR MPRA|CAD|mikl:Unc5c:250.0:bc6975518f4a308b,915f51673d238b24,4,3,4,AVAILABLE
mikl_gse173098,mikl_gse173098|mikl_gse173098|neurite_soma_mpra|GFP 3UTR MPRA|CAD|mikl:Unc5c:2500.0:1cf796e5539d4961,915f51673d238b24,3,3,3,AVAILABLE
mikl_gse173098,mikl_gse173098|mikl_gse173098|neurite_soma_mpra|GFP 3UTR MPRA|CAD|mikl:Unc5c:2550.0:c3771e375be2db09,915f51673d238b24,3,3,3,AVAILABLE
mikl_gse173098,mikl_gse173098|mikl_gse173098|neurite_soma_mpra|GFP 3UTR MPRA|CAD|mikl:Unc5c:2600.0:025f30c8e14a5f05,915f51673d238b24,4,3,4,AVAILABLE
mikl_gse173098,mikl_gse173098|mikl_gse173098|neurite_soma_mpra|GFP 3UTR MPRA|CAD|mikl:Unc5c:2650.0:d127977e0700db30,915f51673d238b24,7,3,7,AVAILABLE
mikl_gse173098,mikl_gse173098|mikl_gse173098|neurite_soma_mpra|GFP 3UTR MPRA|CAD|mikl:Unc5c:2700.0:4a912c19ea3ce659,915f51673d238b24,5,3,5,AVAILABLE
mikl_gse173098,mikl_gse173098|mikl_gse173098|neurite_soma_mpra|GFP 3UTR MPRA|CAD|mikl:Unc5c:2750.0:d0892043981a6116,915f51673d238b24,7,3,7,AVAILABLE
mikl_gse173098,mikl_gse173098|mikl_gse173098|neurite_soma_mpra|GFP 3UTR MPRA|CAD|mikl:Unc5c:2800.0:a69c3c0994676e14,915f51673d238b24,3,3,3,AVAILABLE
mikl_gse173098,mikl_gse173098|mikl_gse173098|neurite_soma_mpra|GFP 3UTR MPRA|CAD|mikl:Unc5c:2950.0:4140236e9c9d050f,915f51673d238b24,2,3,2,AVAILABLE
mikl_gse173098,mikl_gse173098|mikl_gse173098|neurite_soma_mpra|GFP 3UTR MPRA|CAD|mikl:Unc5c:300.0:00847529bac3b71f,915f51673d238b24,6,3,6,AVAILABLE
mikl_gse173098,mikl_gse173098|mikl_gse173098|neurite_soma_mpra|GFP 3UTR MPRA|CAD|mikl:Unc5c:300.0:5a181b79b6aa92c7,915f51673d238b24,4,3,4,AVAILABLE
mikl_gse173098,mikl_gse173098|mikl_gse173098|neurite_soma_mpra|GFP 3UTR MPRA|CAD|mikl:Unc5c:3000.0:bc306e406645ac66,915f51673d238b24,3,3,3,AVAILABLE
mikl_gse173098,mikl_gse173098|mikl_gse173098|neurite_soma_mpra|GFP 3UTR MPRA|CAD|mikl:Unc5c:3050.0:44b23e232cb199e0,915f51673d238b24,4,3,4,AVAILABLE
mikl_gse173098,mikl_gse173098|mikl_gse173098|neurite_soma_mpra|GFP 3UTR MPRA|CAD|mikl:Unc5c:3100.0:e990170eb343efff,915f51673d238b24,3,3,3,AVAILABLE
mikl_gse173098,mikl_gse173098|mikl_gse173098|neurite_soma_mpra|GFP 3UTR MPRA|CAD|mikl:Unc5c:3150.0:67b39b69e7211b7d,915f51673d238b24,2,3,2,AVAILABLE
mikl_gse173098,mikl_gse173098|mikl_gse173098|neurite_soma_mpra|GFP 3UTR MPRA|CAD|mikl:Unc5c:3300.0:51c30167094c09b7,915f51673d238b24,2,3,2,AVAILABLE
mikl_gse173098,mikl_gse173098|mikl_gse173098|neurite_soma_mpra|GFP 3UTR MPRA|CAD|mikl:Unc5c:3350.0:edaf464c1dd79d41,915f51673d238b24,3,3,3,AVAILABLE
mikl_gse173098,mikl_gse173098|mikl_gse173098|neurite_soma_mpra|GFP 3UTR MPRA|CAD|mikl:Unc5c:3400.0:812c18954d9ffac1,915f51673d238b24,2,3,2,AVAILABLE
mikl_gse173098,mikl_gse173098|mikl_gse173098|neurite_soma_mpra|GFP 3UTR MPRA|CAD|mikl:Unc5c:3450.0:bafa3c060fa698f6,915f51673d238b24,2,3,2,AVAILABLE
mikl_gse173098,mikl_gse173098|mikl_gse173098|neurite_soma_mpra|GFP 3UTR MPRA|CAD|mikl:Unc5c:350.0:78e32fcc19f2bfff,915f51673d238b24,4,3,4,AVAILABLE
mikl_gse173098,mikl_gse173098|mikl_gse173098|neurite_soma_mpra|GFP 3UTR MPRA|CAD|mikl:Unc5c:3500.0:5335292ee9e7ec80,915f51673d238b24,2,3,2,AVAILABLE
mikl_gse173098,mikl_gse173098|mikl_gse173098|neurite_soma_mpra|GFP 3UTR MPRA|CAD|mikl:Unc5c:3550.0:3a0f3a2daf4488ec,915f51673d238b24,2,3,2,AVAILABLE
mikl_gse173098,mikl_gse173098|mikl_gse173098|neurite_soma_mpra|GFP 3UTR MPRA|CAD|mikl:Unc5c:3850.0:ed5fc5dbc7d1c7ca,915f51673d238b24,2,3,2,AVAILABLE
mikl_gse173098,mikl_gse173098|mikl_gse173098|neurite_soma_mpra|GFP 3UTR MPRA|CAD|mikl:Unc5c:3900.0:4f3905921a2ce6c5,915f51673d238b24,2,3,2,AVAILABLE
mikl_gse173098,mikl_gse173098|mikl_gse173098|neurite_soma_mpra|GFP 3UTR MPRA|CAD|mikl:Unc5c:3950.0:26713500fe623895,915f51673d238b24,3,3,3,AVAILABLE
mikl_gse173098,mikl_gse173098|mikl_gse173098|neurite_soma_mpra|GFP 3UTR MPRA|CAD|mikl:Unc5c:400.0:463edf44adb34902,915f51673d238b24,2,3,2,AVAILABLE
mikl_gse173098,mikl_gse173098|mikl_gse173098|neurite_soma_mpra|GFP 3UTR MPRA|CAD|mikl:Unc5c:4000.0:6d26d59c6105c836,915f51673d238b24,2,3,2,AVAILABLE
mikl_gse173098,mikl_gse173098|mikl_gse173098|neurite_soma_mpra|GFP 3UTR MPRA|CAD|mikl:Unc5c:4050.0:342571e747bbd146,915f51673d238b24,3,3,3,AVAILABLE
mikl_gse173098,mikl_gse173098|mikl_gse173098|neurite_soma_mpra|GFP 3UTR MPRA|CAD|mikl:Unc5c:4100.0:798e7e2673b13224,915f51673d238b24,4,3,4,AVAILABLE
mikl_gse173098,mikl_gse173098|mikl_gse173098|neurite_soma_mpra|GFP 3UTR MPRA|CAD|mikl:Unc5c:4150.0:613a99e400ffdd43,915f51673d238b24,3,3,3,AVAILABLE
mikl_gse173098,mikl_gse173098|mikl_gse173098|neurite_soma_mpra|GFP 3UTR MPRA|CAD|mikl:Unc5c:4200.0:bc4214135b65f1a8,915f51673d238b24,7,3,7,AVAILABLE
mikl_gse173098,mikl_gse173098|mikl_gse173098|neurite_soma_mpra|GFP 3UTR MPRA|CAD|mikl:Unc5c:4250.0:d10d68f0eb95f8e3,915f51673d238b24,7,3,7,AVAILABLE
mikl_gse173098,mikl_gse173098|mikl_gse173098|neurite_soma_mpra|GFP 3UTR MPRA|CAD|mikl:Unc5c:4300.0:63b752784ccd7d6d,915f51673d238b24,3,3,3,AVAILABLE
mikl_gse173098,mikl_gse173098|mikl_gse173098|neurite_soma_mpra|GFP 3UTR MPRA|CAD|mikl:Unc5c:4350.0:9516ec7d238071d5,915f51673d238b24,2,3,2,AVAILABLE
mikl_gse173098,mikl_gse173098|mikl_gse173098|neurite_soma_mpra|GFP 3UTR MPRA|CAD|mikl:Unc5c:4400.0:0ef7be52a9a713ee,915f51673d238b24,2,3,2,AVAILABLE
mikl_gse173098,mikl_gse173098|mikl_gse173098|neurite_soma_mpra|GFP 3UTR MPRA|CAD|mikl:Unc5c:4700.0:581663f8f1050cae,915f51673d238b24,2,3,2,AVAILABLE
mikl_gse173098,mikl_gse173098|mikl_gse173098|neurite_soma_mpra|GFP 3UTR MPRA|CAD|mikl:Unc5c:4750.0:00ee187f66b8fe41,915f51673d238b24,2,3,2,AVAILABLE
mikl_gse173098,mikl_gse173098|mikl_gse173098|neurite_soma_mpra|GFP 3UTR MPRA|CAD|mikl:Unc5c:50.0:0c8d939d2c445aa0,915f51673d238b24,3,3,3,AVAILABLE
mikl_gse173098,mikl_gse173098|mikl_gse173098|neurite_soma_mpra|GFP 3UTR MPRA|CAD|mikl:Unc5c:5000.0:39039df7a94441f0,915f51673d238b24,2,3,2,AVAILABLE
mikl_gse173098,mikl_gse173098|mikl_gse173098|neurite_soma_mpra|GFP 3UTR MPRA|CAD|mikl:Unc5c:5050.0:02b5d917a4e5b5b2,915f51673d238b24,2,3,2,AVAILABLE
mikl_gse173098,mikl_gse173098|mikl_gse173098|neurite_soma_mpra|GFP 3UTR MPRA|CAD|mikl:Unc5c:5100.0:9c3c063cd3412e16,915f51673d238b24,3,3,3,AVAILABLE
mikl_gse173098,mikl_gse173098|mikl_gse173098|neurite_soma_mpra|GFP 3UTR MPRA|CAD|mikl:Unc5c:5150.0:2243b600cd4f3c4e,915f51673d238b24,2,3,2,AVAILABLE
mikl_gse173098,mikl_gse173098|mikl_gse173098|neurite_soma_mpra|GFP 3UTR MPRA|CAD|mikl:Unc5c:5400.0:845d24bfed68f47f,915f51673d238b24,2,3,2,AVAILABLE
mikl_gse173098,mikl_gse173098|mikl_gse173098|neurite_soma_mpra|GFP 3UTR MPRA|CAD|mikl:Unc5c:5450.0:f230dff70d577461,915f51673d238b24,3,3,3,AVAILABLE
mikl_gse173098,mikl_gse173098|mikl_gse173098|neurite_soma_mpra|GFP 3UTR MPRA|CAD|mikl:Unc5c:550.0:f9ef96ecb4a7b798,915f51673d238b24,2,3,2,AVAILABLE
mikl_gse173098,mikl_gse173098|mikl_gse173098|neurite_soma_mpra|GFP 3UTR MPRA|CAD|mikl:Unc5c:5500.0:7904c007bd5a0a60,915f51673d238b24,3,3,3,AVAILABLE
mikl_gse173098,mikl_gse173098|mikl_gse173098|neurite_soma_mpra|GFP 3UTR MPRA|CAD|mikl:Unc5c:5550.0:f16a9ce53e761237,915f51673d238b24,2,3,2,AVAILABLE
mikl_gse173098,mikl_gse173098|mikl_gse173098|neurite_soma_mpra|GFP 3UTR MPRA|CAD|mikl:Unc5c:5650.0:18ad0fd588d62d3b,915f51673d238b24,2,3,2,AVAILABLE
mikl_gse173098,mikl_gse173098|mikl_gse173098|neurite_soma_mpra|GFP 3UTR MPRA|CAD|mikl:Unc5c:5700.0:bfd0ed84834ff110,915f51673d238b24,2,3,2,AVAILABLE
mikl_gse173098,mikl_gse173098|mikl_gse173098|neurite_soma_mpra|GFP 3UTR MPRA|CAD|mikl:Unc5c:5750.0:f15e3b69c8f82dc4,915f51673d238b24,5,3,5,AVAILABLE
mikl_gse173098,mikl_gse173098|mikl_gse173098|neurite_soma_mpra|GFP 3UTR MPRA|CAD|mikl:Unc5c:5800.0:872164c12c033030,915f51673d238b24,2,3,2,AVAILABLE
mikl_gse173098,mikl_gse173098|mikl_gse173098|neurite_soma_mpra|GFP 3UTR MPRA|CAD|mikl:Unc5c:5850.0:1dfadcc515d6d203,915f51673d238b24,2,3,2,AVAILABLE
mikl_gse173098,mikl_gse173098|mikl_gse173098|neurite_soma_mpra|GFP 3UTR MPRA|CAD|mikl:Unc5c:5900.0:627beb8666cf2a1c,915f51673d238b24,5,3,5,AVAILABLE
mikl_gse173098,mikl_gse173098|mikl_gse173098|neurite_soma_mpra|GFP 3UTR MPRA|CAD|mikl:Unc5c:5950.0:9a1e571193a1e325,915f51673d238b24,4,3,4,AVAILABLE
mikl_gse173098,mikl_gse173098|mikl_gse173098|neurite_soma_mpra|GFP 3UTR MPRA|CAD|mikl:Unc5c:600.0:738f6120acc129ad,915f51673d238b24,5,3,5,AVAILABLE
mikl_gse173098,mikl_gse173098|mikl_gse173098|neurite_soma_mpra|GFP 3UTR MPRA|CAD|mikl:Unc5c:6000.0:8dcd148e7bae0ae6,915f51673d238b24,5,3,5,AVAILABLE
mikl_gse173098,mikl_gse173098|mikl_gse173098|neurite_soma_mpra|GFP 3UTR MPRA|CAD|mikl:Unc5c:6050.0:38184ee4338b3d46,915f51673d238b24,2,3,2,AVAILABLE
mikl_gse173098,mikl_gse173098|mikl_gse173098|neurite_soma_mpra|GFP 3UTR MPRA|CAD|mikl:Unc5c:6100.0:b3efb8bd863ecd41,915f51673d238b24,2,3,2,AVAILABLE
mikl_gse173098,mikl_gse173098|mikl_gse173098|neurite_soma_mpra|GFP 3UTR MPRA|CAD|mikl:Unc5c:6150.0:1dab68ad274ff91d,915f51673d238b24,2,3,2,AVAILABLE
mikl_gse173098,mikl_gse173098|mikl_gse173098|neurite_soma_mpra|GFP 3UTR MPRA|CAD|mikl:Unc5c:650.0:10e375b0f311e5ea,915f51673d238b24,6,3,6,AVAILABLE
mikl_gse173098,mikl_gse173098|mikl_gse173098|neurite_soma_mpra|GFP 3UTR MPRA|CAD|mikl:Unc5c:700.0:4f4f344d8600cea7,915f51673d238b24,8,3,8,AVAILABLE
mikl_gse173098,mikl_gse173098|mikl_gse173098|neurite_soma_mpra|GFP 3UTR MPRA|CAD|mikl:Unc5c:750.0:e882b7e4a7aa1df9,915f51673d238b24,7,3,7,AVAILABLE
mikl_gse173098,mikl_gse173098|mikl_gse173098|neurite_soma_mpra|GFP 3UTR MPRA|CAD|mikl:Unc5c:800.0:7ace9a2dcfa95592,915f51673d238b24,3,3,3,AVAILABLE
mikl_gse173098,mikl_gse173098|mikl_gse173098|neurite_soma_mpra|GFP 3UTR MPRA|CAD|mikl:Unc5c:900.0:64825cd943e170d6,915f51673d238b24,2,3,2,AVAILABLE
mikl_gse173098,mikl_gse173098|mikl_gse173098|neurite_soma_mpra|GFP 3UTR MPRA|CAD|mikl:Unc5c:950.0:60377d3f2e7aec26,915f51673d238b24,2,3,2,AVAILABLE
mikl_gse173098,mikl_gse173098|mikl_gse173098|neurite_soma_mpra|GFP 3UTR MPRA|CAD|mikl:Uqcrq:750.0:8b982728e38df6aa,fb255d6be67f7770,2,3,2,AVAILABLE
mikl_gse173098,mikl_gse173098|mikl_gse173098|neurite_soma_mpra|GFP 3UTR MPRA|CAD|mikl:Uqcrq:800.0:c944db6675fb4e53,fb255d6be67f7770,2,3,2,AVAILABLE
mikl_gse173098,mikl_gse173098|mikl_gse173098|neurite_soma_mpra|GFP 3UTR MPRA|CAD|mikl:Vangl1:0.0:b52b7292ab08d133,80dbffff0fe47857,2,3,2,AVAILABLE
mikl_gse173098,mikl_gse173098|mikl_gse173098|neurite_soma_mpra|GFP 3UTR MPRA|CAD|mikl:Vangl1:150.0:639280f2b7dc0905,80dbffff0fe47857,2,3,2,AVAILABLE
mikl_gse173098,mikl_gse173098|mikl_gse173098|neurite_soma_mpra|GFP 3UTR MPRA|CAD|mikl:Vangl1:200.0:6ffa9ee360cbfacc,80dbffff0fe47857,2,3,2,AVAILABLE
mikl_gse173098,mikl_gse173098|mikl_gse173098|neurite_soma_mpra|GFP 3UTR MPRA|CAD|mikl:Vangl1:2500.0:c1793e176df9f8f2,80dbffff0fe47857,2,3,2,AVAILABLE
mikl_gse173098,mikl_gse173098|mikl_gse173098|neurite_soma_mpra|GFP 3UTR MPRA|CAD|mikl:Vangl1:3050.0:1e2dba901cf8acd8,80dbffff0fe47857,2,3,2,AVAILABLE
mikl_gse173098,mikl_gse173098|mikl_gse173098|neurite_soma_mpra|GFP 3UTR MPRA|CAD|mikl:Vangl1:3100.0:188545e16cbf804b,80dbffff0fe47857,3,3,3,AVAILABLE
mikl_gse173098,mikl_gse173098|mikl_gse173098|neurite_soma_mpra|GFP 3UTR MPRA|CAD|mikl:Vangl1:3150.0:1a303f430ede04b3,80dbffff0fe47857,4,3,4,AVAILABLE
mikl_gse173098,mikl_gse173098|mikl_gse173098|neurite_soma_mpra|GFP 3UTR MPRA|CAD|mikl:Vangl1:3200.0:d1a8bf0a365523f1,80dbffff0fe47857,4,3,4,AVAILABLE
mikl_gse173098,mikl_gse173098|mikl_gse173098|neurite_soma_mpra|GFP 3UTR MPRA|CAD|mikl:Vangl1:3250.0:58352061c5a885ae,80dbffff0fe47857,3,3,3,AVAILABLE
mikl_gse173098,mikl_gse173098|mikl_gse173098|neurite_soma_mpra|GFP 3UTR MPRA|CAD|mikl:Vangl1:350.0:38963e520c40c911,80dbffff0fe47857,2,3,2,AVAILABLE
mikl_gse173098,mikl_gse173098|mikl_gse173098|neurite_soma_mpra|GFP 3UTR MPRA|CAD|mikl:Vangl1:3500.0:c173c8a2ee55d037,80dbffff0fe47857,3,3,3,AVAILABLE
mikl_gse173098,mikl_gse173098|mikl_gse173098|neurite_soma_mpra|GFP 3UTR MPRA|CAD|mikl:Vangl1:400.0:945de375f48b9de2,80dbffff0fe47857,2,3,2,AVAILABLE
mikl_gse173098,mikl_gse173098|mikl_gse173098|neurite_soma_mpra|GFP 3UTR MPRA|CAD|mikl:Vangl1:450.0:5dcc5cb4c6b42c32,80dbffff0fe47857,2,3,2,AVAILABLE
mikl_gse173098,mikl_gse173098|mikl_gse173098|neurite_soma_mpra|GFP 3UTR MPRA|CAD|mikl:Vapb:0.0:a1bfe34d2c2955ff,e0494dccf40209ce,4,3,4,AVAILABLE
mikl_gse173098,mikl_gse173098|mikl_gse173098|neurite_soma_mpra|GFP 3UTR MPRA|CAD|mikl:Vapb:100.0:386c950854f68e38,e0494dccf40209ce,2,3,2,AVAILABLE
mikl_gse173098,mikl_gse173098|mikl_gse173098|neurite_soma_mpra|GFP 3UTR MPRA|CAD|mikl:Vapb:1000.0:d8786cb93df9cef9,e0494dccf40209ce,3,3,3,AVAILABLE
mikl_gse173098,mikl_gse173098|mikl_gse173098|neurite_soma_mpra|GFP 3UTR MPRA|CAD|mikl:Vapb:1050.0:763bd1e9254a4018,e0494dccf40209ce,3,3,3,AVAILABLE
mikl_gse173098,mikl_gse173098|mikl_gse173098|neurite_soma_mpra|GFP 3UTR MPRA|CAD|mikl:Vapb:1100.0:6db23654d329e0d6,e0494dccf40209ce,4,3,4,AVAILABLE
mikl_gse173098,mikl_gse173098|mikl_gse173098|neurite_soma_mpra|GFP 3UTR MPRA|CAD|mikl:Vapb:1150.0:e686a0de98f70467,e0494dccf40209ce,4,3,4,AVAILABLE
mikl_gse173098,mikl_gse173098|mikl_gse173098|neurite_soma_mpra|GFP 3UTR MPRA|CAD|mikl:Vapb:1200.0:f9f79f41925a3475,e0494dccf40209ce,2,3,2,AVAILABLE
mikl_gse173098,mikl_gse173098|mikl_gse173098|neurite_soma_mpra|GFP 3UTR MPRA|CAD|mikl:Vapb:1250.0:a58917a6a4bdad5b,e0494dccf40209ce,2,3,2,AVAILABLE
mikl_gse173098,mikl_gse173098|mikl_gse173098|neurite_soma_mpra|GFP 3UTR MPRA|CAD|mikl:Vapb:150.0:b571bca571333269,e0494dccf40209ce,2,3,2,AVAILABLE
mikl_gse173098,mikl_gse173098|mikl_gse173098|neurite_soma_mpra|GFP 3UTR MPRA|CAD|mikl:Vapb:1500.0:7185b4560dfb1d12,e0494dccf40209ce,2,3,2,AVAILABLE
mikl_gse173098,mikl_gse173098|mikl_gse173098|neurite_soma_mpra|GFP 3UTR MPRA|CAD|mikl:Vapb:1550.0:367142f25dad6708,e0494dccf40209ce,2,3,2,AVAILABLE
mikl_gse173098,mikl_gse173098|mikl_gse173098|neurite_soma_mpra|GFP 3UTR MPRA|CAD|mikl:Vapb:1850.0:b7e9613e8bf843c2,e0494dccf40209ce,2,3,2,AVAILABLE
mikl_gse173098,mikl_gse173098|mikl_gse173098|neurite_soma_mpra|GFP 3UTR MPRA|CAD|mikl:Vapb:1900.0:2d4602a59e0b006e,e0494dccf40209ce,3,3,3,AVAILABLE
mikl_gse173098,mikl_gse173098|mikl_gse173098|neurite_soma_mpra|GFP 3UTR MPRA|CAD|mikl:Vapb:1950.0:83dea14da7e04a20,e0494dccf40209ce,2,3,2,AVAILABLE
mikl_gse173098,mikl_gse173098|mikl_gse173098|neurite_soma_mpra|GFP 3UTR MPRA|CAD|mikl:Vapb:200.0:61f896b7d26bea7b,e0494dccf40209ce,2,3,2,AVAILABLE
mikl_gse173098,mikl_gse173098|mikl_gse173098|neurite_soma_mpra|GFP 3UTR MPRA|CAD|mikl:Vapb:2100.0:46602bb1b3d43f2d,e0494dccf40209ce,2,3,2,AVAILABLE
mikl_gse173098,mikl_gse173098|mikl_gse173098|neurite_soma_mpra|GFP 3UTR MPRA|CAD|mikl:Vapb:2200.0:73029a1fd15fb392,e0494dccf40209ce,2,3,2,AVAILABLE
mikl_gse173098,mikl_gse173098|mikl_gse173098|neurite_soma_mpra|GFP 3UTR MPRA|CAD|mikl:Vapb:2450.0:a2542adcf1da1cce,e0494dccf40209ce,2,3,2,AVAILABLE
mikl_gse173098,mikl_gse173098|mikl_gse173098|neurite_soma_mpra|GFP 3UTR MPRA|CAD|mikl:Vapb:250.0:a824836368e199bc,e0494dccf40209ce,2,3,2,AVAILABLE
mikl_gse173098,mikl_gse173098|mikl_gse173098|neurite_soma_mpra|GFP 3UTR MPRA|CAD|mikl:Vapb:2500.0:93b49727475acb30,e0494dccf40209ce,4,3,4,AVAILABLE
mikl_gse173098,mikl_gse173098|mikl_gse173098|neurite_soma_mpra|GFP 3UTR MPRA|CAD|mikl:Vapb:2550.0:ffc00769312c0905,e0494dccf40209ce,5,3,5,AVAILABLE
mikl_gse173098,mikl_gse173098|mikl_gse173098|neurite_soma_mpra|GFP 3UTR MPRA|CAD|mikl:Vapb:2600.0:f999fffd4ba32005,e0494dccf40209ce,3,3,3,AVAILABLE
mikl_gse173098,mikl_gse173098|mikl_gse173098|neurite_soma_mpra|GFP 3UTR MPRA|CAD|mikl:Vapb:2650.0:b6165d82e14abf26,e0494dccf40209ce,3,3,3,AVAILABLE
mikl_gse173098,mikl_gse173098|mikl_gse173098|neurite_soma_mpra|GFP 3UTR MPRA|CAD|mikl:Vapb:2850.0:5ccdfcabb9627799,e0494dccf40209ce,3,3,3,AVAILABLE
mikl_gse173098,mikl_gse173098|mikl_gse173098|neurite_soma_mpra|GFP 3UTR MPRA|CAD|mikl:Vapb:2900.0:45d05244310ff89c,e0494dccf40209ce,4,3,4,AVAILABLE
mikl_gse173098,mikl_gse173098|mikl_gse173098|neurite_soma_mpra|GFP 3UTR MPRA|CAD|mikl:Vapb:2950.0:04f384a703b46941,e0494dccf40209ce,2,3,2,AVAILABLE
mikl_gse173098,mikl_gse173098|mikl_gse173098|neurite_soma_mpra|GFP 3UTR MPRA|CAD|mikl:Vapb:3000.0:e5fe71eb869de35b,e0494dccf40209ce,2,3,2,AVAILABLE
mikl_gse173098,mikl_gse173098|mikl_gse173098|neurite_soma_mpra|GFP 3UTR MPRA|CAD|mikl:Vapb:3350.0:47af2df7d6f5cffd,e0494dccf40209ce,2,3,2,AVAILABLE
mikl_gse173098,mikl_gse173098|mikl_gse173098|neurite_soma_mpra|GFP 3UTR MPRA|CAD|mikl:Vapb:3500.0:9f86f400a3b5c2a9,e0494dccf40209ce,2,3,2,AVAILABLE
mikl_gse173098,mikl_gse173098|mikl_gse173098|neurite_soma_mpra|GFP 3UTR MPRA|CAD|mikl:Vapb:3550.0:afe14c292e6d8f77,e0494dccf40209ce,3,3,3,AVAILABLE
mikl_gse173098,mikl_gse173098|mikl_gse173098|neurite_soma_mpra|GFP 3UTR MPRA|CAD|mikl:Vapb:3600.0:d860ecda0916ecfd,e0494dccf40209ce,2,3,2,AVAILABLE
mikl_gse173098,mikl_gse173098|mikl_gse173098|neurite_soma_mpra|GFP 3UTR MPRA|CAD|mikl:Vapb:3650.0:a3410412253b852e,e0494dccf40209ce,4,3,4,AVAILABLE
mikl_gse173098,mikl_gse173098|mikl_gse173098|neurite_soma_mpra|GFP 3UTR MPRA|CAD|mikl:Vapb:3700.0:00449fe38dc54346,e0494dccf40209ce,2,3,2,AVAILABLE
mikl_gse173098,mikl_gse173098|mikl_gse173098|neurite_soma_mpra|GFP 3UTR MPRA|CAD|mikl:Vapb:3750.0:a5e48a0294d8448f,e0494dccf40209ce,2,3,2,AVAILABLE
mikl_gse173098,mikl_gse173098|mikl_gse173098|neurite_soma_mpra|GFP 3UTR MPRA|CAD|mikl:Vapb:3900.0:08a6339b9996eb82,e0494dccf40209ce,2,3,2,AVAILABLE
mikl_gse173098,mikl_gse173098|mikl_gse173098|neurite_soma_mpra|GFP 3UTR MPRA|CAD|mikl:Vapb:3950.0:f1da8ac9eadfab1a,e0494dccf40209ce,2,3,2,AVAILABLE
mikl_gse173098,mikl_gse173098|mikl_gse173098|neurite_soma_mpra|GFP 3UTR MPRA|CAD|mikl:Vapb:400.0:cceb43aa971fdb42,e0494dccf40209ce,2,3,2,AVAILABLE
mikl_gse173098,mikl_gse173098|mikl_gse173098|neurite_soma_mpra|GFP 3UTR MPRA|CAD|mikl:Vapb:4350.0:8a4b6f8bb68ac7f0,e0494dccf40209ce,2,3,2,AVAILABLE
mikl_gse173098,mikl_gse173098|mikl_gse173098|neurite_soma_mpra|GFP 3UTR MPRA|CAD|mikl:Vapb:4400.0:c8fc2ee2a1c773ac,e0494dccf40209ce,3,3,3,AVAILABLE
mikl_gse173098,mikl_gse173098|mikl_gse173098|neurite_soma_mpra|GFP 3UTR MPRA|CAD|mikl:Vapb:4450.0:e1d1bb7f6448cd72,e0494dccf40209ce,8,3,8,AVAILABLE
mikl_gse173098,mikl_gse173098|mikl_gse173098|neurite_soma_mpra|GFP 3UTR MPRA|CAD|mikl:Vapb:450.0:a3550b47935795fe,e0494dccf40209ce,3,3,3,AVAILABLE
mikl_gse173098,mikl_gse173098|mikl_gse173098|neurite_soma_mpra|GFP 3UTR MPRA|CAD|mikl:Vapb:4500.0:1793c48993cf69a8,e0494dccf40209ce,8,3,8,AVAILABLE
mikl_gse173098,mikl_gse173098|mikl_gse173098|neurite_soma_mpra|GFP 3UTR MPRA|CAD|mikl:Vapb:4550.0:ab21499902c4c7ae,e0494dccf40209ce,8,3,8,AVAILABLE
mikl_gse173098,mikl_gse173098|mikl_gse173098|neurite_soma_mpra|GFP 3UTR MPRA|CAD|mikl:Vapb:4600.0:c010bf96410e6110,e0494dccf40209ce,2,3,2,AVAILABLE
mikl_gse173098,mikl_gse173098|mikl_gse173098|neurite_soma_mpra|GFP 3UTR MPRA|CAD|mikl:Vapb:4700.0:6cc3a9c7bc0f5763,e0494dccf40209ce,2,3,2,AVAILABLE
mikl_gse173098,mikl_gse173098|mikl_gse173098|neurite_soma_mpra|GFP 3UTR MPRA|CAD|mikl:Vapb:4750.0:091be5436894b9ad,e0494dccf40209ce,2,3,2,AVAILABLE
mikl_gse173098,mikl_gse173098|mikl_gse173098|neurite_soma_mpra|GFP 3UTR MPRA|CAD|mikl:Vapb:4800.0:2ab8138860eadaf0,e0494dccf40209ce,3,3,3,AVAILABLE
mikl_gse173098,mikl_gse173098|mikl_gse173098|neurite_soma_mpra|GFP 3UTR MPRA|CAD|mikl:Vapb:4850.0:4788a34c3e63a2c2,e0494dccf40209ce,2,3,2,AVAILABLE
mikl_gse173098,mikl_gse173098|mikl_gse173098|neurite_soma_mpra|GFP 3UTR MPRA|CAD|mikl:Vapb:4900.0:0c8868b1420e194b,e0494dccf40209ce,2,3,2,AVAILABLE
mikl_gse173098,mikl_gse173098|mikl_gse173098|neurite_soma_mpra|GFP 3UTR MPRA|CAD|mikl:Vapb:50.0:7f26e104678d95e0,e0494dccf40209ce,4,3,4,AVAILABLE
mikl_gse173098,mikl_gse173098|mikl_gse173098|neurite_soma_mpra|GFP 3UTR MPRA|CAD|mikl:Vapb:500.0:fec662f916920fd4,e0494dccf40209ce,3,3,3,AVAILABLE
mikl_gse173098,mikl_gse173098|mikl_gse173098|neurite_soma_mpra|GFP 3UTR MPRA|CAD|mikl:Vapb:5050.0:d7ded4f63d31dd8f,e0494dccf40209ce,3,3,3,AVAILABLE
mikl_gse173098,mikl_gse173098|mikl_gse173098|neurite_soma_mpra|GFP 3UTR MPRA|CAD|mikl:Vapb:5100.0:d128229d3e58eb40,e0494dccf40209ce,5,3,5,AVAILABLE
mikl_gse173098,mikl_gse173098|mikl_gse173098|neurite_soma_mpra|GFP 3UTR MPRA|CAD|mikl:Vapb:5150.0:55bbd8b1b85325ed,e0494dccf40209ce,7,3,7,AVAILABLE
mikl_gse173098,mikl_gse173098|mikl_gse173098|neurite_soma_mpra|GFP 3UTR MPRA|CAD|mikl:Vapb:5200.0:9085a02734c51b18,e0494dccf40209ce,9,3,9,AVAILABLE
mikl_gse173098,mikl_gse173098|mikl_gse173098|neurite_soma_mpra|GFP 3UTR MPRA|CAD|mikl:Vapb:5250.0:389c94adea9a0915,e0494dccf40209ce,4,3,4,AVAILABLE
mikl_gse173098,mikl_gse173098|mikl_gse173098|neurite_soma_mpra|GFP 3UTR MPRA|CAD|mikl:Vapb:5400.0:0d6a8d70106436c4,e0494dccf40209ce,2,3,2,AVAILABLE
mikl_gse173098,mikl_gse173098|mikl_gse173098|neurite_soma_mpra|GFP 3UTR MPRA|CAD|mikl:Vapb:5450.0:990e91f090396dac,e0494dccf40209ce,2,3,2,AVAILABLE
mikl_gse173098,mikl_gse173098|mikl_gse173098|neurite_soma_mpra|GFP 3UTR MPRA|CAD|mikl:Vapb:5500.0:0456a09bf357254b,e0494dccf40209ce,3,3,3,AVAILABLE
mikl_gse173098,mikl_gse173098|mikl_gse173098|neurite_soma_mpra|GFP 3UTR MPRA|CAD|mikl:Vapb:5550.0:96ba7ce4b46671fb,e0494dccf40209ce,2,3,2,AVAILABLE
mikl_gse173098,mikl_gse173098|mikl_gse173098|neurite_soma_mpra|GFP 3UTR MPRA|CAD|mikl:Vapb:5700.0:a05492291546bd6c,e0494dccf40209ce,3,3,3,AVAILABLE
mikl_gse173098,mikl_gse173098|mikl_gse173098|neurite_soma_mpra|GFP 3UTR MPRA|CAD|mikl:Vapb:5750.0:26d87786df234004,e0494dccf40209ce,2,3,2,AVAILABLE
mikl_gse173098,mikl_gse173098|mikl_gse173098|neurite_soma_mpra|GFP 3UTR MPRA|CAD|mikl:Vapb:5800.0:86957571c1a1fe75,e0494dccf40209ce,2,3,2,AVAILABLE
mikl_gse173098,mikl_gse173098|mikl_gse173098|neurite_soma_mpra|GFP 3UTR MPRA|CAD|mikl:Vapb:5900.0:249c4f2e794abd78,e0494dccf40209ce,2,3,2,AVAILABLE
mikl_gse173098,mikl_gse173098|mikl_gse173098|neurite_soma_mpra|GFP 3UTR MPRA|CAD|mikl:Vapb:700.0:411be2b214cb145e,e0494dccf40209ce,2,3,2,AVAILABLE
mikl_gse173098,mikl_gse173098|mikl_gse173098|neurite_soma_mpra|GFP 3UTR MPRA|CAD|mikl:Vapb:750.0:d24747184b11005e,e0494dccf40209ce,4,3,4,AVAILABLE
mikl_gse173098,mikl_gse173098|mikl_gse173098|neurite_soma_mpra|GFP 3UTR MPRA|CAD|mikl:Vapb:800.0:69aa94fdacddcc47,e0494dccf40209ce,3,3,3,AVAILABLE
mikl_gse173098,mikl_gse173098|mikl_gse173098|neurite_soma_mpra|GFP 3UTR MPRA|CAD|mikl:Vapb:950.0:2795a4a2839fca4e,e0494dccf40209ce,2,3,2,AVAILABLE
mikl_gse173098,mikl_gse173098|mikl_gse173098|neurite_soma_mpra|GFP 3UTR MPRA|CAD|mikl:Vma21:0.0:c62aa3c5395df762,a7f634f329be42d1,4,3,4,AVAILABLE
mikl_gse173098,mikl_gse173098|mikl_gse173098|neurite_soma_mpra|GFP 3UTR MPRA|CAD|mikl:Vma21:1000.0:da6a3c9d9a683b79,a7f634f329be42d1,6,3,6,AVAILABLE
mikl_gse173098,mikl_gse173098|mikl_gse173098|neurite_soma_mpra|GFP 3UTR MPRA|CAD|mikl:Vma21:1050.0:4e4185cb8c928171,a7f634f329be42d1,5,3,5,AVAILABLE
mikl_gse173098,mikl_gse173098|mikl_gse173098|neurite_soma_mpra|GFP 3UTR MPRA|CAD|mikl:Vma21:1200.0:b738c2ed1b6a7770,a7f634f329be42d1,2,3,2,AVAILABLE
mikl_gse173098,mikl_gse173098|mikl_gse173098|neurite_soma_mpra|GFP 3UTR MPRA|CAD|mikl:Vma21:1250.0:5701ec8291837231,a7f634f329be42d1,2,3,2,AVAILABLE
mikl_gse173098,mikl_gse173098|mikl_gse173098|neurite_soma_mpra|GFP 3UTR MPRA|CAD|mikl:Vma21:1300.0:194aa37d10dbc833,a7f634f329be42d1,2,3,2,AVAILABLE
mikl_gse173098,mikl_gse173098|mikl_gse173098|neurite_soma_mpra|GFP 3UTR MPRA|CAD|mikl:Vma21:1400.0:f215380691763059,a7f634f329be42d1,3,3,3,AVAILABLE
mikl_gse173098,mikl_gse173098|mikl_gse173098|neurite_soma_mpra|GFP 3UTR MPRA|CAD|mikl:Vma21:1450.0:81841ccead3307eb,a7f634f329be42d1,5,3,5,AVAILABLE
mikl_gse173098,mikl_gse173098|mikl_gse173098|neurite_soma_mpra|GFP 3UTR MPRA|CAD|mikl:Vma21:150.0:e0e62abe5d043cf1,a7f634f329be42d1,2,3,2,AVAILABLE
mikl_gse173098,mikl_gse173098|mikl_gse173098|neurite_soma_mpra|GFP 3UTR MPRA|CAD|mikl:Vma21:1500.0:ea286d5a2d604cb2,a7f634f329be42d1,5,3,5,AVAILABLE
mikl_gse173098,mikl_gse173098|mikl_gse173098|neurite_soma_mpra|GFP 3UTR MPRA|CAD|mikl:Vma21:1550.0:5eed5f20d41fe6d7,a7f634f329be42d1,4,3,4,AVAILABLE
mikl_gse173098,mikl_gse173098|mikl_gse173098|neurite_soma_mpra|GFP 3UTR MPRA|CAD|mikl:Vma21:1750.0:ee3c92d14ac0a130,a7f634f329be42d1,2,3,2,AVAILABLE
mikl_gse173098,mikl_gse173098|mikl_gse173098|neurite_soma_mpra|GFP 3UTR MPRA|CAD|mikl:Vma21:1800.0:3b5b531c69c0e751,a7f634f329be42d1,5,3,5,AVAILABLE
mikl_gse173098,mikl_gse173098|mikl_gse173098|neurite_soma_mpra|GFP 3UTR MPRA|CAD|mikl:Vma21:1850.0:d989032f349790ff,a7f634f329be42d1,6,3,6,AVAILABLE
mikl_gse173098,mikl_gse173098|mikl_gse173098|neurite_soma_mpra|GFP 3UTR MPRA|CAD|mikl:Vma21:1900.0:9fecbac81827d7ab,a7f634f329be42d1,4,3,4,AVAILABLE
mikl_gse173098,mikl_gse173098|mikl_gse173098|neurite_soma_mpra|GFP 3UTR MPRA|CAD|mikl:Vma21:1950.0:af351eb7f5ef4dbb,a7f634f329be42d1,3,3,3,AVAILABLE
mikl_gse173098,mikl_gse173098|mikl_gse173098|neurite_soma_mpra|GFP 3UTR MPRA|CAD|mikl:Vma21:2000.0:0f3419241804a134,a7f634f329be42d1,4,3,4,AVAILABLE
mikl_gse173098,mikl_gse173098|mikl_gse173098|neurite_soma_mpra|GFP 3UTR MPRA|CAD|mikl:Vma21:2050.0:76d3315c36d26269,a7f634f329be42d1,4,3,4,AVAILABLE
mikl_gse173098,mikl_gse173098|mikl_gse173098|neurite_soma_mpra|GFP 3UTR MPRA|CAD|mikl:Vma21:2100.0:679a67cf4d1ecdc7,a7f634f329be42d1,7,3,7,AVAILABLE
mikl_gse173098,mikl_gse173098|mikl_gse173098|neurite_soma_mpra|GFP 3UTR MPRA|CAD|mikl:Vma21:2250.0:01d3d47a086c1799,a7f634f329be42d1,3,3,3,AVAILABLE
mikl_gse173098,mikl_gse173098|mikl_gse173098|neurite_soma_mpra|GFP 3UTR MPRA|CAD|mikl:Vma21:2300.0:db4c84566fd4b764,a7f634f329be42d1,3,3,3,AVAILABLE
mikl_gse173098,mikl_gse173098|mikl_gse173098|neurite_soma_mpra|GFP 3UTR MPRA|CAD|mikl:Vma21:2350.0:192601e857dbc600,a7f634f329be42d1,4,3,4,AVAILABLE
mikl_gse173098,mikl_gse173098|mikl_gse173098|neurite_soma_mpra|GFP 3UTR MPRA|CAD|mikl:Vma21:2400.0:ee7f6eed7b3ca54f,a7f634f329be42d1,2,3,2,AVAILABLE
mikl_gse173098,mikl_gse173098|mikl_gse173098|neurite_soma_mpra|GFP 3UTR MPRA|CAD|mikl:Vma21:250.0:70f10d3ba88f75ec,a7f634f329be42d1,2,3,2,AVAILABLE
mikl_gse173098,mikl_gse173098|mikl_gse173098|neurite_soma_mpra|GFP 3UTR MPRA|CAD|mikl:Vma21:2550.0:c32c32e24637a166,a7f634f329be42d1,3,3,3,AVAILABLE
mikl_gse173098,mikl_gse173098|mikl_gse173098|neurite_soma_mpra|GFP 3UTR MPRA|CAD|mikl:Vma21:2600.0:f443d373cb958449,a7f634f329be42d1,8,3,8,AVAILABLE
mikl_gse173098,mikl_gse173098|mikl_gse173098|neurite_soma_mpra|GFP 3UTR MPRA|CAD|mikl:Vma21:2650.0:95fccfc130ed88e5,a7f634f329be42d1,10,3,10,AVAILABLE
mikl_gse173098,mikl_gse173098|mikl_gse173098|neurite_soma_mpra|GFP 3UTR MPRA|CAD|mikl:Vma21:2700.0:e29792f37ed8a6fa,a7f634f329be42d1,8,3,8,AVAILABLE
mikl_gse173098,mikl_gse173098|mikl_gse173098|neurite_soma_mpra|GFP 3UTR MPRA|CAD|mikl:Vma21:2750.0:bad57e8c1f4e2cdc,a7f634f329be42d1,3,3,3,AVAILABLE
mikl_gse173098,mikl_gse173098|mikl_gse173098|neurite_soma_mpra|GFP 3UTR MPRA|CAD|mikl:Vma21:2800.0:5b82286483bfefd0,a7f634f329be42d1,2,3,2,AVAILABLE
mikl_gse173098,mikl_gse173098|mikl_gse173098|neurite_soma_mpra|GFP 3UTR MPRA|CAD|mikl:Vma21:2900.0:a2c68c47cd83b4bb,a7f634f329be42d1,3,3,3,AVAILABLE
mikl_gse173098,mikl_gse173098|mikl_gse173098|neurite_soma_mpra|GFP 3UTR MPRA|CAD|mikl:Vma21:2950.0:f611165ff4529a6c,a7f634f329be42d1,6,3,6,AVAILABLE
mikl_gse173098,mikl_gse173098|mikl_gse173098|neurite_soma_mpra|GFP 3UTR MPRA|CAD|mikl:Vma21:300.0:5ac34cb71c897637,a7f634f329be42d1,2,3,2,AVAILABLE
mikl_gse173098,mikl_gse173098|mikl_gse173098|neurite_soma_mpra|GFP 3UTR MPRA|CAD|mikl:Vma21:3000.0:59107af6617ee1de,a7f634f329be42d1,6,3,6,AVAILABLE
mikl_gse173098,mikl_gse173098|mikl_gse173098|neurite_soma_mpra|GFP 3UTR MPRA|CAD|mikl:Vma21:3050.0:4a1f363bc40a1658,a7f634f329be42d1,5,3,5,AVAILABLE
mikl_gse173098,mikl_gse173098|mikl_gse173098|neurite_soma_mpra|GFP 3UTR MPRA|CAD|mikl:Vma21:3250.0:59ad89a0a8c917ce,a7f634f329be42d1,2,3,2,AVAILABLE
mikl_gse173098,mikl_gse173098|mikl_gse173098|neurite_soma_mpra|GFP 3UTR MPRA|CAD|mikl:Vma21:3300.0:04f7b6a235f134d7,a7f634f329be42d1,2,3,2,AVAILABLE
mikl_gse173098,mikl_gse173098|mikl_gse173098|neurite_soma_mpra|GFP 3UTR MPRA|CAD|mikl:Vma21:3350.0:3a401ddb251e3a3c,a7f634f329be42d1,2,3,2,AVAILABLE
mikl_gse173098,mikl_gse173098|mikl_gse173098|neurite_soma_mpra|GFP 3UTR MPRA|CAD|mikl:Vma21:3450.0:a084cc3264d17309,a7f634f329be42d1,2,3,2,AVAILABLE
mikl_gse173098,mikl_gse173098|mikl_gse173098|neurite_soma_mpra|GFP 3UTR MPRA|CAD|mikl:Vma21:400.0:b724b7babcd4d82c,a7f634f329be42d1,2,3,2,AVAILABLE
mikl_gse173098,mikl_gse173098|mikl_gse173098|neurite_soma_mpra|GFP 3UTR MPRA|CAD|mikl:Vma21:450.0:eff05dbcbb7752eb,a7f634f329be42d1,2,3,2,AVAILABLE
mikl_gse173098,mikl_gse173098|mikl_gse173098|neurite_soma_mpra|GFP 3UTR MPRA|CAD|mikl:Vma21:50.0:8e9dc0ee75b6acd2,a7f634f329be42d1,2,3,2,AVAILABLE
mikl_gse173098,mikl_gse173098|mikl_gse173098|neurite_soma_mpra|GFP 3UTR MPRA|CAD|mikl:Vma21:550.0:71d8d587fa3190ec,a7f634f329be42d1,2,3,2,AVAILABLE
mikl_gse173098,mikl_gse173098|mikl_gse173098|neurite_soma_mpra|GFP 3UTR MPRA|CAD|mikl:Vma21:700.0:52e861f4c120b0e1,a7f634f329be42d1,2,3,2,AVAILABLE
mikl_gse173098,mikl_gse173098|mikl_gse173098|neurite_soma_mpra|GFP 3UTR MPRA|CAD|mikl:Vma21:800.0:293708ed0ab67965,a7f634f329be42d1,5,3,5,AVAILABLE
mikl_gse173098,mikl_gse173098|mikl_gse173098|neurite_soma_mpra|GFP 3UTR MPRA|CAD|mikl:Vma21:850.0:f801d647abc5f035,a7f634f329be42d1,5,3,5,AVAILABLE
mikl_gse173098,mikl_gse173098|mikl_gse173098|neurite_soma_mpra|GFP 3UTR MPRA|CAD|mikl:Vma21:900.0:b30eb92bfa7e08d7,a7f634f329be42d1,4,3,4,AVAILABLE
mikl_gse173098,mikl_gse173098|mikl_gse173098|neurite_soma_mpra|GFP 3UTR MPRA|CAD|mikl:Vma21:950.0:4bafefdfa548e11b,a7f634f329be42d1,6,3,6,AVAILABLE
mikl_gse173098,mikl_gse173098|mikl_gse173098|neurite_soma_mpra|GFP 3UTR MPRA|CAD|mikl:Wdr31:950.0:803d7502ed59a757,6ec8464d8cba921b,3,3,3,AVAILABLE
mikl_gse173098,mikl_gse173098|mikl_gse173098|neurite_soma_mpra|GFP 3UTR MPRA|CAD|mikl:Zbtb20:1000.0:36ca3eab3412865c,1cf8fcff984a5a66,3,3,3,AVAILABLE
mikl_gse173098,mikl_gse173098|mikl_gse173098|neurite_soma_mpra|GFP 3UTR MPRA|CAD|mikl:Zbtb20:10250.0:0656c95826c423e4,1cf8fcff984a5a66,3,3,3,AVAILABLE
mikl_gse173098,mikl_gse173098|mikl_gse173098|neurite_soma_mpra|GFP 3UTR MPRA|CAD|mikl:Zbtb20:10300.0:32f34b733fb189ba,1cf8fcff984a5a66,2,3,2,AVAILABLE
mikl_gse173098,mikl_gse173098|mikl_gse173098|neurite_soma_mpra|GFP 3UTR MPRA|CAD|mikl:Zbtb20:1100.0:387a12dc51a07e8e,1cf8fcff984a5a66,2,3,2,AVAILABLE
mikl_gse173098,mikl_gse173098|mikl_gse173098|neurite_soma_mpra|GFP 3UTR MPRA|CAD|mikl:Zbtb20:1150.0:1d98ed438145ee64,1cf8fcff984a5a66,2,3,2,AVAILABLE
mikl_gse173098,mikl_gse173098|mikl_gse173098|neurite_soma_mpra|GFP 3UTR MPRA|CAD|mikl:Zbtb20:11700.0:7f509ca97f95d0a9,1cf8fcff984a5a66,2,3,2,AVAILABLE
mikl_gse173098,mikl_gse173098|mikl_gse173098|neurite_soma_mpra|GFP 3UTR MPRA|CAD|mikl:Zbtb20:12600.0:1ed497ea0131046d,1cf8fcff984a5a66,2,3,2,AVAILABLE
mikl_gse173098,mikl_gse173098|mikl_gse173098|neurite_soma_mpra|GFP 3UTR MPRA|CAD|mikl:Zbtb20:13500.0:630a99f5a5e8700c,1cf8fcff984a5a66,3,3,3,AVAILABLE
mikl_gse173098,mikl_gse173098|mikl_gse173098|neurite_soma_mpra|GFP 3UTR MPRA|CAD|mikl:Zbtb20:13550.0:2c38700b297f3e5a,1cf8fcff984a5a66,6,3,6,AVAILABLE
mikl_gse173098,mikl_gse173098|mikl_gse173098|neurite_soma_mpra|GFP 3UTR MPRA|CAD|mikl:Zbtb20:13600.0:f1f204448ab920cd,1cf8fcff984a5a66,5,3,5,AVAILABLE
mikl_gse173098,mikl_gse173098|mikl_gse173098|neurite_soma_mpra|GFP 3UTR MPRA|CAD|mikl:Zbtb20:13650.0:fa1c3239d7591149,1cf8fcff984a5a66,2,3,2,AVAILABLE
mikl_gse173098,mikl_gse173098|mikl_gse173098|neurite_soma_mpra|GFP 3UTR MPRA|CAD|mikl:Zbtb20:13850.0:848d061b112dd1d8,1cf8fcff984a5a66,2,3,2,AVAILABLE
mikl_gse173098,mikl_gse173098|mikl_gse173098|neurite_soma_mpra|GFP 3UTR MPRA|CAD|mikl:Zbtb20:13900.0:ad24fffe4e00ee61,1cf8fcff984a5a66,2,3,2,AVAILABLE
mikl_gse173098,mikl_gse173098|mikl_gse173098|neurite_soma_mpra|GFP 3UTR MPRA|CAD|mikl:Zbtb20:13950.0:b999584fcd811fc0,1cf8fcff984a5a66,4,3,4,AVAILABLE
mikl_gse173098,mikl_gse173098|mikl_gse173098|neurite_soma_mpra|GFP 3UTR MPRA|CAD|mikl:Zbtb20:14000.0:f4fd64b624c76383,1cf8fcff984a5a66,3,3,3,AVAILABLE
mikl_gse173098,mikl_gse173098|mikl_gse173098|neurite_soma_mpra|GFP 3UTR MPRA|CAD|mikl:Zbtb20:14050.0:546adb7e6c984443,1cf8fcff984a5a66,2,3,2,AVAILABLE
mikl_gse173098,mikl_gse173098|mikl_gse173098|neurite_soma_mpra|GFP 3UTR MPRA|CAD|mikl:Zbtb20:14700.0:a76d0d636a94c1ab,1cf8fcff984a5a66,2,3,2,AVAILABLE
mikl_gse173098,mikl_gse173098|mikl_gse173098|neurite_soma_mpra|GFP 3UTR MPRA|CAD|mikl:Zbtb20:14750.0:7014277431126205,1cf8fcff984a5a66,4,3,4,AVAILABLE
mikl_gse173098,mikl_gse173098|mikl_gse173098|neurite_soma_mpra|GFP 3UTR MPRA|CAD|mikl:Zbtb20:14800.0:95a0c7803c248d92,1cf8fcff984a5a66,2,3,2,AVAILABLE
mikl_gse173098,mikl_gse173098|mikl_gse173098|neurite_soma_mpra|GFP 3UTR MPRA|CAD|mikl:Zbtb20:14850.0:26e5ec96b68cd7f4,1cf8fcff984a5a66,2,3,2,AVAILABLE
mikl_gse173098,mikl_gse173098|mikl_gse173098|neurite_soma_mpra|GFP 3UTR MPRA|CAD|mikl:Zbtb20:15400.0:4236348c0865eba8,1cf8fcff984a5a66,2,3,2,AVAILABLE
mikl_gse173098,mikl_gse173098|mikl_gse173098|neurite_soma_mpra|GFP 3UTR MPRA|CAD|mikl:Zbtb20:15450.0:7bb36e7ae14678ac,1cf8fcff984a5a66,2,3,2,AVAILABLE
mikl_gse173098,mikl_gse173098|mikl_gse173098|neurite_soma_mpra|GFP 3UTR MPRA|CAD|mikl:Zbtb20:15500.0:e8a7680b048dc96f,1cf8fcff984a5a66,2,3,2,AVAILABLE
mikl_gse173098,mikl_gse173098|mikl_gse173098|neurite_soma_mpra|GFP 3UTR MPRA|CAD|mikl:Zbtb20:16700.0:7d9aa1ad34d66c62,1cf8fcff984a5a66,3,3,3,AVAILABLE
mikl_gse173098,mikl_gse173098|mikl_gse173098|neurite_soma_mpra|GFP 3UTR MPRA|CAD|mikl:Zbtb20:1750.0:4209e0f11a4bc22f,1cf8fcff984a5a66,2,3,2,AVAILABLE
mikl_gse173098,mikl_gse173098|mikl_gse173098|neurite_soma_mpra|GFP 3UTR MPRA|CAD|mikl:Zbtb20:1800.0:4b39174127af9a55,1cf8fcff984a5a66,2,3,2,AVAILABLE
mikl_gse173098,mikl_gse173098|mikl_gse173098|neurite_soma_mpra|GFP 3UTR MPRA|CAD|mikl:Zbtb20:18500.0:d18ae98e9472c21e,1cf8fcff984a5a66,2,3,2,AVAILABLE
mikl_gse173098,mikl_gse173098|mikl_gse173098|neurite_soma_mpra|GFP 3UTR MPRA|CAD|mikl:Zbtb20:18800.0:d638f65f82b272f1,1cf8fcff984a5a66,2,3,2,AVAILABLE
mikl_gse173098,mikl_gse173098|mikl_gse173098|neurite_soma_mpra|GFP 3UTR MPRA|CAD|mikl:Zbtb20:19100.0:21afea6ad68bd483,1cf8fcff984a5a66,3,3,3,AVAILABLE
mikl_gse173098,mikl_gse173098|mikl_gse173098|neurite_soma_mpra|GFP 3UTR MPRA|CAD|mikl:Zbtb20:19400.0:b0b92bd0f7d2f21d,1cf8fcff984a5a66,2,3,2,AVAILABLE
mikl_gse173098,mikl_gse173098|mikl_gse173098|neurite_soma_mpra|GFP 3UTR MPRA|CAD|mikl:Zbtb20:19450.0:7a7ae8ca06f6b701,1cf8fcff984a5a66,2,3,2,AVAILABLE
mikl_gse173098,mikl_gse173098|mikl_gse173098|neurite_soma_mpra|GFP 3UTR MPRA|CAD|mikl:Zbtb20:21300.0:cab770a1d986023a,1cf8fcff984a5a66,3,3,3,AVAILABLE
mikl_gse173098,mikl_gse173098|mikl_gse173098|neurite_soma_mpra|GFP 3UTR MPRA|CAD|mikl:Zbtb20:21350.0:97906e46aa3f2a00,1cf8fcff984a5a66,2,3,2,AVAILABLE
mikl_gse173098,mikl_gse173098|mikl_gse173098|neurite_soma_mpra|GFP 3UTR MPRA|CAD|mikl:Zbtb20:22950.0:4a8ccc4ffa6608c2,1cf8fcff984a5a66,2,3,2,AVAILABLE
mikl_gse173098,mikl_gse173098|mikl_gse173098|neurite_soma_mpra|GFP 3UTR MPRA|CAD|mikl:Zbtb20:23000.0:1e67070613ed9b12,1cf8fcff984a5a66,3,3,3,AVAILABLE
mikl_gse173098,mikl_gse173098|mikl_gse173098|neurite_soma_mpra|GFP 3UTR MPRA|CAD|mikl:Zbtb20:23050.0:58a0b89090b92418,1cf8fcff984a5a66,3,3,3,AVAILABLE
mikl_gse173098,mikl_gse173098|mikl_gse173098|neurite_soma_mpra|GFP 3UTR MPRA|CAD|mikl:Zbtb20:23150.0:44038a78b78bf0b8,1cf8fcff984a5a66,2,3,2,AVAILABLE
mikl_gse173098,mikl_gse173098|mikl_gse173098|neurite_soma_mpra|GFP 3UTR MPRA|CAD|mikl:Zbtb20:23400.0:c8832404d79bf22d,1cf8fcff984a5a66,2,3,2,AVAILABLE
mikl_gse173098,mikl_gse173098|mikl_gse173098|neurite_soma_mpra|GFP 3UTR MPRA|CAD|mikl:Zbtb20:23450.0:efe0f39ce3983061,1cf8fcff984a5a66,2,3,2,AVAILABLE
mikl_gse173098,mikl_gse173098|mikl_gse173098|neurite_soma_mpra|GFP 3UTR MPRA|CAD|mikl:Zbtb20:23500.0:ccaa33a7c3bb00ff,1cf8fcff984a5a66,3,3,3,AVAILABLE
mikl_gse173098,mikl_gse173098|mikl_gse173098|neurite_soma_mpra|GFP 3UTR MPRA|CAD|mikl:Zbtb20:2650.0:0f33eb3e8017c2f4,1cf8fcff984a5a66,2,3,2,AVAILABLE
mikl_gse173098,mikl_gse173098|mikl_gse173098|neurite_soma_mpra|GFP 3UTR MPRA|CAD|mikl:Zbtb20:2700.0:1c95e06361862117,1cf8fcff984a5a66,3,3,3,AVAILABLE
mikl_gse173098,mikl_gse173098|mikl_gse173098|neurite_soma_mpra|GFP 3UTR MPRA|CAD|mikl:Zbtb20:350.0:e85c9643706908fd,1cf8fcff984a5a66,3,3,3,AVAILABLE
mikl_gse173098,mikl_gse173098|mikl_gse173098|neurite_soma_mpra|GFP 3UTR MPRA|CAD|mikl:Zbtb20:3800.0:205e96428e4a35f8,1cf8fcff984a5a66,2,3,2,AVAILABLE
mikl_gse173098,mikl_gse173098|mikl_gse173098|neurite_soma_mpra|GFP 3UTR MPRA|CAD|mikl:Zbtb20:3850.0:f3a7d2a2590da9d6,1cf8fcff984a5a66,3,3,3,AVAILABLE
mikl_gse173098,mikl_gse173098|mikl_gse173098|neurite_soma_mpra|GFP 3UTR MPRA|CAD|mikl:Zbtb20:4050.0:a1e6ea66ba954b07,1cf8fcff984a5a66,2,3,2,AVAILABLE
mikl_gse173098,mikl_gse173098|mikl_gse173098|neurite_soma_mpra|GFP 3UTR MPRA|CAD|mikl:Zbtb20:4100.0:18a50777a745abdc,1cf8fcff984a5a66,2,3,2,AVAILABLE
mikl_gse173098,mikl_gse173098|mikl_gse173098|neurite_soma_mpra|GFP 3UTR MPRA|CAD|mikl:Zbtb20:4150.0:0ee72d3b88f0ceb9,1cf8fcff984a5a66,2,3,2,AVAILABLE
mikl_gse173098,mikl_gse173098|mikl_gse173098|neurite_soma_mpra|GFP 3UTR MPRA|CAD|mikl:Zbtb20:450.0:9fe62585877a7964,1cf8fcff984a5a66,2,3,2,AVAILABLE
mikl_gse173098,mikl_gse173098|mikl_gse173098|neurite_soma_mpra|GFP 3UTR MPRA|CAD|mikl:Zbtb20:5550.0:2b62ea621ee3d484,1cf8fcff984a5a66,2,3,2,AVAILABLE
mikl_gse173098,mikl_gse173098|mikl_gse173098|neurite_soma_mpra|GFP 3UTR MPRA|CAD|mikl:Zbtb20:5600.0:29f5bc02f30f88d2,1cf8fcff984a5a66,3,3,3,AVAILABLE
mikl_gse173098,mikl_gse173098|mikl_gse173098|neurite_soma_mpra|GFP 3UTR MPRA|CAD|mikl:Zbtb20:5650.0:7c9ebb0ce77109dc,1cf8fcff984a5a66,2,3,2,AVAILABLE
mikl_gse173098,mikl_gse173098|mikl_gse173098|neurite_soma_mpra|GFP 3UTR MPRA|CAD|mikl:Zbtb20:6150.0:783b4c35b9b5a4d2,1cf8fcff984a5a66,2,3,2,AVAILABLE
mikl_gse173098,mikl_gse173098|mikl_gse173098|neurite_soma_mpra|GFP 3UTR MPRA|CAD|mikl:Zbtb20:6200.0:7be74139ffd0ccbd,1cf8fcff984a5a66,2,3,2,AVAILABLE
mikl_gse173098,mikl_gse173098|mikl_gse173098|neurite_soma_mpra|GFP 3UTR MPRA|CAD|mikl:Zbtb20:6650.0:a7ef3815c16e66d4,1cf8fcff984a5a66,2,3,2,AVAILABLE
mikl_gse173098,mikl_gse173098|mikl_gse173098|neurite_soma_mpra|GFP 3UTR MPRA|CAD|mikl:Zbtb20:6750.0:91ec008d8252ffb9,1cf8fcff984a5a66,2,3,2,AVAILABLE
mikl_gse173098,mikl_gse173098|mikl_gse173098|neurite_soma_mpra|GFP 3UTR MPRA|CAD|mikl:Zbtb20:700.0:4fe7c04d2ca6a119,1cf8fcff984a5a66,2,3,2,AVAILABLE
mikl_gse173098,mikl_gse173098|mikl_gse173098|neurite_soma_mpra|GFP 3UTR MPRA|CAD|mikl:Zbtb20:7400.0:8f4643b6538bd5b1,1cf8fcff984a5a66,3,3,3,AVAILABLE
mikl_gse173098,mikl_gse173098|mikl_gse173098|neurite_soma_mpra|GFP 3UTR MPRA|CAD|mikl:Zbtb20:7450.0:c51fa7f42f409b4c,1cf8fcff984a5a66,2,3,2,AVAILABLE
mikl_gse173098,mikl_gse173098|mikl_gse173098|neurite_soma_mpra|GFP 3UTR MPRA|CAD|mikl:Zbtb20:7500.0:f34b36f98dbdb83b,1cf8fcff984a5a66,2,3,2,AVAILABLE
mikl_gse173098,mikl_gse173098|mikl_gse173098|neurite_soma_mpra|GFP 3UTR MPRA|CAD|mikl:Zbtb20:800.0:a4f14f602911ddd6,1cf8fcff984a5a66,3,3,3,AVAILABLE
mikl_gse173098,mikl_gse173098|mikl_gse173098|neurite_soma_mpra|GFP 3UTR MPRA|CAD|mikl:Zbtb20:850.0:a9a4e5d8377374c4,1cf8fcff984a5a66,2,3,2,AVAILABLE
mikl_gse173098,mikl_gse173098|mikl_gse173098|neurite_soma_mpra|GFP 3UTR MPRA|CAD|mikl:Zbtb20:900.0:9f5cc0baab236d9b,1cf8fcff984a5a66,3,3,3,AVAILABLE
mikl_gse173098,mikl_gse173098|mikl_gse173098|neurite_soma_mpra|GFP 3UTR MPRA|CAD|mikl:Zbtb20:950.0:abc09d136a88ce5a,1cf8fcff984a5a66,3,3,3,AVAILABLE
mikl_gse173098,mikl_gse173098|mikl_gse173098|neurite_soma_mpra|GFP 3UTR MPRA|CAD|mikl:Zbtb20:9750.0:83a4afe198d285a7,1cf8fcff984a5a66,2,3,2,AVAILABLE
mikl_gse173098,mikl_gse173098|mikl_gse173098|neurite_soma_mpra|GFP 3UTR MPRA|CAD|mikl:Zbtb20:9800.0:5f73c1b5fab33769,1cf8fcff984a5a66,2,3,2,AVAILABLE
mikl_gse173098,mikl_gse173098|mikl_gse173098|neurite_soma_mpra|GFP 3UTR MPRA|CAD|mikl:Zfhx3:1250.0:23a20cd1e7f61d95,d0397a30d0d5538e,2,3,2,AVAILABLE
mikl_gse173098,mikl_gse173098|mikl_gse173098|neurite_soma_mpra|GFP 3UTR MPRA|CAD|mikl:Zfhx3:1450.0:0f134a7a69f5d5d0,d0397a30d0d5538e,3,3,3,AVAILABLE
mikl_gse173098,mikl_gse173098|mikl_gse173098|neurite_soma_mpra|GFP 3UTR MPRA|CAD|mikl:Zfhx3:2450.0:69cdbd4e7d84b487,d0397a30d0d5538e,2,3,2,AVAILABLE
mikl_gse173098,mikl_gse173098|mikl_gse173098|neurite_soma_mpra|GFP 3UTR MPRA|CAD|mikl:Zfhx3:2700.0:7054458c8a68444f,d0397a30d0d5538e,2,3,2,AVAILABLE
mikl_gse173098,mikl_gse173098|mikl_gse173098|neurite_soma_mpra|GFP 3UTR MPRA|CAD|mikl:Zfhx3:2750.0:5133affdcc6a2ec4,d0397a30d0d5538e,2,3,2,AVAILABLE
mikl_gse173098,mikl_gse173098|mikl_gse173098|neurite_soma_mpra|GFP 3UTR MPRA|CAD|mikl:Zfhx3:2850.0:1b5f0285ba8c0978,d0397a30d0d5538e,3,3,3,AVAILABLE
mikl_gse173098,mikl_gse173098|mikl_gse173098|neurite_soma_mpra|GFP 3UTR MPRA|CAD|mikl:Zfhx3:2900.0:dad46254747bdbd5,d0397a30d0d5538e,4,3,4,AVAILABLE
mikl_gse173098,mikl_gse173098|mikl_gse173098|neurite_soma_mpra|GFP 3UTR MPRA|CAD|mikl:Zfhx3:2950.0:f085fc35784ffb56,d0397a30d0d5538e,2,3,2,AVAILABLE
mikl_gse173098,mikl_gse173098|mikl_gse173098|neurite_soma_mpra|GFP 3UTR MPRA|CAD|mikl:Zfhx3:3150.0:7946447aaf68901e,d0397a30d0d5538e,2,3,2,AVAILABLE
mikl_gse173098,mikl_gse173098|mikl_gse173098|neurite_soma_mpra|GFP 3UTR MPRA|CAD|mikl:Zfhx3:3200.0:0706eeafa48e7aa2,d0397a30d0d5538e,3,3,3,AVAILABLE
mikl_gse173098,mikl_gse173098|mikl_gse173098|neurite_soma_mpra|GFP 3UTR MPRA|CAD|mikl:Zfhx3:3250.0:c2525abe163ca229,d0397a30d0d5538e,2,3,2,AVAILABLE
mikl_gse173098,mikl_gse173098|mikl_gse173098|neurite_soma_mpra|GFP 3UTR MPRA|CAD|mikl:Zfhx3:400.0:d36578722ccdb04c,d0397a30d0d5538e,3,3,3,AVAILABLE
mikl_gse173098,mikl_gse173098|mikl_gse173098|neurite_soma_mpra|GFP 3UTR MPRA|CAD|mikl:Zfhx3:4000.0:f80b5515e51e90df,d0397a30d0d5538e,2,3,2,AVAILABLE
mikl_gse173098,mikl_gse173098|mikl_gse173098|neurite_soma_mpra|GFP 3UTR MPRA|CAD|mikl:Zfhx3:4250.0:01fdd1249656dae0,d0397a30d0d5538e,2,3,2,AVAILABLE
mikl_gse173098,mikl_gse173098|mikl_gse173098|neurite_soma_mpra|GFP 3UTR MPRA|CAD|mikl:Zfhx3:4300.0:dd15ded4c54ccc86,d0397a30d0d5538e,2,3,2,AVAILABLE
mikl_gse173098,mikl_gse173098|mikl_gse173098|neurite_soma_mpra|GFP 3UTR MPRA|CAD|mikl:Zfhx3:4350.0:0f7cf094982ff49a,d0397a30d0d5538e,2,3,2,AVAILABLE
mikl_gse173098,mikl_gse173098|mikl_gse173098|neurite_soma_mpra|GFP 3UTR MPRA|CAD|mikl:Zfhx3:450.0:45d9c59127c6d4de,d0397a30d0d5538e,3,3,3,AVAILABLE
mikl_gse173098,mikl_gse173098|mikl_gse173098|neurite_soma_mpra|GFP 3UTR MPRA|CAD|mikl:Zfhx3:700.0:6abffa91316b5009,d0397a30d0d5538e,2,3,2,AVAILABLE
mikl_gse173098,mikl_gse173098|mikl_gse173098|neurite_soma_mpra|GFP 3UTR MPRA|CAD|mikl:Zfhx3:850.0:2af8c038cf54b23f,d0397a30d0d5538e,2,3,2,AVAILABLE
mikl_gse173098,mikl_gse173098|mikl_gse173098|neurite_soma_mpra|GFP 3UTR MPRA|CAD|mikl:Zscan20:1000.0:130f855f6b2d1f6a,9aad78cd674c0e21,2,3,2,AVAILABLE
mikl_gse173098,mikl_gse173098|mikl_gse173098|neurite_soma_mpra|GFP 3UTR MPRA|CAD|mikl:Zscan20:1050.0:1b93a70573c80adb,9aad78cd674c0e21,2,3,2,AVAILABLE
mikl_gse173098,mikl_gse173098|mikl_gse173098|neurite_soma_mpra|GFP 3UTR MPRA|CAD|mikl:Zscan20:1200.0:695eeced5aa332fb,9aad78cd674c0e21,2,3,2,AVAILABLE
mikl_gse173098,mikl_gse173098|mikl_gse173098|neurite_soma_mpra|GFP 3UTR MPRA|CAD|mikl:Zscan20:750.0:d1f1440222adbf9c,9aad78cd674c0e21,2,3,2,AVAILABLE
mikl_gse173098,mikl_gse173098|mikl_gse173098|neurite_soma_mpra|GFP 3UTR MPRA|CAD|mikl:Zscan20:850.0:e3cb0bcb5e4ac558,9aad78cd674c0e21,2,3,2,AVAILABLE
mikl_gse173098,mikl_gse173098|mikl_gse173098|neurite_soma_mpra|GFP 3UTR MPRA|CAD|mikl:Zscan20:950.0:58c301cd63adc66b,9aad78cd674c0e21,2,3,2,AVAILABLE
mikl_gse173098,mikl_gse173098|mikl_gse173098|neurite_soma_mpra|GFP 3UTR MPRA|Neuro-2a|mikl:2810459M11Rik:1100.0:a067a0411286d389,f6bc6f9fb9e24ca9,2,3,2,AVAILABLE
mikl_gse173098,mikl_gse173098|mikl_gse173098|neurite_soma_mpra|GFP 3UTR MPRA|Neuro-2a|mikl:2810459M11Rik:1150.0:2cabf82a5e3f559c,f6bc6f9fb9e24ca9,2,3,2,AVAILABLE
mikl_gse173098,mikl_gse173098|mikl_gse173098|neurite_soma_mpra|GFP 3UTR MPRA|Neuro-2a|mikl:2810459M11Rik:650.0:1f690e58579e71a8,f6bc6f9fb9e24ca9,2,3,2,AVAILABLE
mikl_gse173098,mikl_gse173098|mikl_gse173098|neurite_soma_mpra|GFP 3UTR MPRA|Neuro-2a|mikl:2810459M11Rik:750.0:7dfdc6fbe5615be2,f6bc6f9fb9e24ca9,2,3,2,AVAILABLE
mikl_gse173098,mikl_gse173098|mikl_gse173098|neurite_soma_mpra|GFP 3UTR MPRA|Neuro-2a|mikl:9130008F23Rik:1000.0:7fedbc7309516444,d535ea86e5ff8786,3,3,3,AVAILABLE
mikl_gse173098,mikl_gse173098|mikl_gse173098|neurite_soma_mpra|GFP 3UTR MPRA|Neuro-2a|mikl:9130008F23Rik:1050.0:fc92f093f3ebd19f,d535ea86e5ff8786,2,3,2,AVAILABLE
mikl_gse173098,mikl_gse173098|mikl_gse173098|neurite_soma_mpra|GFP 3UTR MPRA|Neuro-2a|mikl:9130008F23Rik:200.0:8ad11f1dd6bd5854,d535ea86e5ff8786,2,3,2,AVAILABLE
mikl_gse173098,mikl_gse173098|mikl_gse173098|neurite_soma_mpra|GFP 3UTR MPRA|Neuro-2a|mikl:9130008F23Rik:250.0:26b067cecdaf81aa,d535ea86e5ff8786,2,3,2,AVAILABLE
mikl_gse173098,mikl_gse173098|mikl_gse173098|neurite_soma_mpra|GFP 3UTR MPRA|Neuro-2a|mikl:9130008F23Rik:300.0:7bac9b3d0e751b01,d535ea86e5ff8786,2,3,2,AVAILABLE
mikl_gse173098,mikl_gse173098|mikl_gse173098|neurite_soma_mpra|GFP 3UTR MPRA|Neuro-2a|mikl:9130008F23Rik:950.0:4724f30bf2792ff4,d535ea86e5ff8786,3,3,3,AVAILABLE
mikl_gse173098,mikl_gse173098|mikl_gse173098|neurite_soma_mpra|GFP 3UTR MPRA|Neuro-2a|mikl:A630089N07Rik:0.0:849eb40872eff1de,c59c3810bdf2b258,2,3,2,AVAILABLE
mikl_gse173098,mikl_gse173098|mikl_gse173098|neurite_soma_mpra|GFP 3UTR MPRA|Neuro-2a|mikl:A630089N07Rik:1300.0:e050422b2ad7254a,c59c3810bdf2b258,3,3,3,AVAILABLE
mikl_gse173098,mikl_gse173098|mikl_gse173098|neurite_soma_mpra|GFP 3UTR MPRA|Neuro-2a|mikl:A630089N07Rik:1350.0:016968247cf64f23,c59c3810bdf2b258,2,3,2,AVAILABLE
mikl_gse173098,mikl_gse173098|mikl_gse173098|neurite_soma_mpra|GFP 3UTR MPRA|Neuro-2a|mikl:A630089N07Rik:50.0:8ed57754ff0eeda5,c59c3810bdf2b258,2,3,2,AVAILABLE
mikl_gse173098,mikl_gse173098|mikl_gse173098|neurite_soma_mpra|GFP 3UTR MPRA|Neuro-2a|mikl:Abhd17a:100.0:085f6dd94db77809,e44163ca8352cc3c,2,3,2,AVAILABLE
mikl_gse173098,mikl_gse173098|mikl_gse173098|neurite_soma_mpra|GFP 3UTR MPRA|Neuro-2a|mikl:Abhd17a:150.0:3f1a7040e8a6dd88,e44163ca8352cc3c,2,3,2,AVAILABLE
mikl_gse173098,mikl_gse173098|mikl_gse173098|neurite_soma_mpra|GFP 3UTR MPRA|Neuro-2a|mikl:Abi1:0.0:b49ced2b2ab7d864,208bdb02edf5a5dc,2,3,2,AVAILABLE
mikl_gse173098,mikl_gse173098|mikl_gse173098|neurite_soma_mpra|GFP 3UTR MPRA|Neuro-2a|mikl:Abi1:1050.0:6514ccfba5192bba,208bdb02edf5a5dc,3,3,3,AVAILABLE
mikl_gse173098,mikl_gse173098|mikl_gse173098|neurite_soma_mpra|GFP 3UTR MPRA|Neuro-2a|mikl:Abi1:1100.0:cbdfde06967aad83,208bdb02edf5a5dc,5,3,5,AVAILABLE
mikl_gse173098,mikl_gse173098|mikl_gse173098|neurite_soma_mpra|GFP 3UTR MPRA|Neuro-2a|mikl:Abi1:1150.0:8dc076e9732a197e,208bdb02edf5a5dc,4,3,4,AVAILABLE
mikl_gse173098,mikl_gse173098|mikl_gse173098|neurite_soma_mpra|GFP 3UTR MPRA|Neuro-2a|mikl:Abi1:1200.0:cb0f02b4adbd010a,208bdb02edf5a5dc,5,3,5,AVAILABLE
mikl_gse173098,mikl_gse173098|mikl_gse173098|neurite_soma_mpra|GFP 3UTR MPRA|Neuro-2a|mikl:Abi1:1250.0:965f0ea9d702c432,208bdb02edf5a5dc,3,3,3,AVAILABLE
mikl_gse173098,mikl_gse173098|mikl_gse173098|neurite_soma_mpra|GFP 3UTR MPRA|Neuro-2a|mikl:Abi1:1300.0:d89b4aca475a5c64,208bdb02edf5a5dc,3,3,3,AVAILABLE
mikl_gse173098,mikl_gse173098|mikl_gse173098|neurite_soma_mpra|GFP 3UTR MPRA|Neuro-2a|mikl:Abi1:1350.0:8ff4db7268dbaf8b,208bdb02edf5a5dc,2,3,2,AVAILABLE
mikl_gse173098,mikl_gse173098|mikl_gse173098|neurite_soma_mpra|GFP 3UTR MPRA|Neuro-2a|mikl:Abi1:1400.0:0bc954835e89f2e7,208bdb02edf5a5dc,3,3,3,AVAILABLE
mikl_gse173098,mikl_gse173098|mikl_gse173098|neurite_soma_mpra|GFP 3UTR MPRA|Neuro-2a|mikl:Abi1:1450.0:c6de81d65ae4e95a,208bdb02edf5a5dc,2,3,2,AVAILABLE
mikl_gse173098,mikl_gse173098|mikl_gse173098|neurite_soma_mpra|GFP 3UTR MPRA|Neuro-2a|mikl:Abi1:250.0:a089169716893acc,208bdb02edf5a5dc,5,3,5,AVAILABLE
mikl_gse173098,mikl_gse173098|mikl_gse173098|neurite_soma_mpra|GFP 3UTR MPRA|Neuro-2a|mikl:Abi1:300.0:e735d92f693936d5,208bdb02edf5a5dc,10,3,10,AVAILABLE
mikl_gse173098,mikl_gse173098|mikl_gse173098|neurite_soma_mpra|GFP 3UTR MPRA|Neuro-2a|mikl:Abi1:350.0:85a80cfc6e6254de,208bdb02edf5a5dc,9,3,9,AVAILABLE
mikl_gse173098,mikl_gse173098|mikl_gse173098|neurite_soma_mpra|GFP 3UTR MPRA|Neuro-2a|mikl:Abi1:400.0:5ef6ca7299ccf7fc,208bdb02edf5a5dc,9,3,9,AVAILABLE
mikl_gse173098,mikl_gse173098|mikl_gse173098|neurite_soma_mpra|GFP 3UTR MPRA|Neuro-2a|mikl:Abi1:450.0:2db8c7c08918bab3,208bdb02edf5a5dc,3,3,3,AVAILABLE
mikl_gse173098,mikl_gse173098|mikl_gse173098|neurite_soma_mpra|GFP 3UTR MPRA|Neuro-2a|mikl:Abi1:50.0:e011aa49a55146cf,208bdb02edf5a5dc,2,3,2,AVAILABLE
mikl_gse173098,mikl_gse173098|mikl_gse173098|neurite_soma_mpra|GFP 3UTR MPRA|Neuro-2a|mikl:Abi1:500.0:61c5da1e1887538e,208bdb02edf5a5dc,5,3,5,AVAILABLE
mikl_gse173098,mikl_gse173098|mikl_gse173098|neurite_soma_mpra|GFP 3UTR MPRA|Neuro-2a|mikl:Abi1:550.0:dc0051cdd649f680,208bdb02edf5a5dc,4,3,4,AVAILABLE
mikl_gse173098,mikl_gse173098|mikl_gse173098|neurite_soma_mpra|GFP 3UTR MPRA|Neuro-2a|mikl:Abi1:600.0:f5324228b690fa6a,208bdb02edf5a5dc,3,3,3,AVAILABLE
mikl_gse173098,mikl_gse173098|mikl_gse173098|neurite_soma_mpra|GFP 3UTR MPRA|Neuro-2a|mikl:Abi1:650.0:e3c6d7acdbb2cae2,208bdb02edf5a5dc,2,3,2,AVAILABLE
mikl_gse173098,mikl_gse173098|mikl_gse173098|neurite_soma_mpra|GFP 3UTR MPRA|Neuro-2a|mikl:Abi1:700.0:93f28eb74cc38fa1,208bdb02edf5a5dc,5,3,5,AVAILABLE
mikl_gse173098,mikl_gse173098|mikl_gse173098|neurite_soma_mpra|GFP 3UTR MPRA|Neuro-2a|mikl:Abi1:750.0:2e45e8fe45d0c928,208bdb02edf5a5dc,3,3,3,AVAILABLE
mikl_gse173098,mikl_gse173098|mikl_gse173098|neurite_soma_mpra|GFP 3UTR MPRA|Neuro-2a|mikl:Abi1:850.0:2cd05d1b62edc7be,208bdb02edf5a5dc,4,3,4,AVAILABLE
mikl_gse173098,mikl_gse173098|mikl_gse173098|neurite_soma_mpra|GFP 3UTR MPRA|Neuro-2a|mikl:Abi1:900.0:88d42ff2a596f8fc,208bdb02edf5a5dc,5,3,5,AVAILABLE
mikl_gse173098,mikl_gse173098|mikl_gse173098|neurite_soma_mpra|GFP 3UTR MPRA|Neuro-2a|mikl:Abi1:950.0:7b0dc69891cefea0,208bdb02edf5a5dc,4,3,4,AVAILABLE
mikl_gse173098,mikl_gse173098|mikl_gse173098|neurite_soma_mpra|GFP 3UTR MPRA|Neuro-2a|mikl:Aco2:0.0:525e4156e51d0368,245e6ce60dad9eea,2,3,2,AVAILABLE
mikl_gse173098,mikl_gse173098|mikl_gse173098|neurite_soma_mpra|GFP 3UTR MPRA|Neuro-2a|mikl:Aco2:100.0:c023260e15cb2a8c,245e6ce60dad9eea,2,3,2,AVAILABLE
mikl_gse173098,mikl_gse173098|mikl_gse173098|neurite_soma_mpra|GFP 3UTR MPRA|Neuro-2a|mikl:Aco2:200.0:ca5abeed2cd97add,245e6ce60dad9eea,2,3,2,AVAILABLE
mikl_gse173098,mikl_gse173098|mikl_gse173098|neurite_soma_mpra|GFP 3UTR MPRA|Neuro-2a|mikl:Acsm1:50.0:9f50d61d94f9a10d,aee8263988c2172d,2,3,2,AVAILABLE
mikl_gse173098,mikl_gse173098|mikl_gse173098|neurite_soma_mpra|GFP 3UTR MPRA|Neuro-2a|mikl:Actb:0.0:dd70c9c5426a3fb2,c688974ce2cd77a3,2,3,2,AVAILABLE
mikl_gse173098,mikl_gse173098|mikl_gse173098|neurite_soma_mpra|GFP 3UTR MPRA|Neuro-2a|mikl:Actb:350.0:fedc7a58cd9e2b09,c688974ce2cd77a3,2,3,2,AVAILABLE
mikl_gse173098,mikl_gse173098|mikl_gse173098|neurite_soma_mpra|GFP 3UTR MPRA|Neuro-2a|mikl:Actb:50.0:7a558a5e3cc29f3c,c688974ce2cd77a3,2,3,2,AVAILABLE
mikl_gse173098,mikl_gse173098|mikl_gse173098|neurite_soma_mpra|GFP 3UTR MPRA|Neuro-2a|mikl:Actb:500.0:aa2aa7fee1dee8b7,c688974ce2cd77a3,2,3,2,AVAILABLE
mikl_gse173098,mikl_gse173098|mikl_gse173098|neurite_soma_mpra|GFP 3UTR MPRA|Neuro-2a|mikl:Adamts18:100.0:9c0ebe9d3e4ddeb4,e16e3a7848c3e8c3,2,3,2,AVAILABLE
mikl_gse173098,mikl_gse173098|mikl_gse173098|neurite_soma_mpra|GFP 3UTR MPRA|Neuro-2a|mikl:Adamts18:1450.0:2e32ae29eba8eef1,e16e3a7848c3e8c3,3,3,3,AVAILABLE
mikl_gse173098,mikl_gse173098|mikl_gse173098|neurite_soma_mpra|GFP 3UTR MPRA|Neuro-2a|mikl:Adamts18:1500.0:e955f27e57dffd4b,e16e3a7848c3e8c3,2,3,2,AVAILABLE
mikl_gse173098,mikl_gse173098|mikl_gse173098|neurite_soma_mpra|GFP 3UTR MPRA|Neuro-2a|mikl:Adamts18:1550.0:09a6cf18fe2159c2,e16e3a7848c3e8c3,2,3,2,AVAILABLE
mikl_gse173098,mikl_gse173098|mikl_gse173098|neurite_soma_mpra|GFP 3UTR MPRA|Neuro-2a|mikl:Adamts18:1900.0:d6bba881240d8108,e16e3a7848c3e8c3,2,3,2,AVAILABLE
mikl_gse173098,mikl_gse173098|mikl_gse173098|neurite_soma_mpra|GFP 3UTR MPRA|Neuro-2a|mikl:Adamts18:200.0:532f6643d4f3f18f,e16e3a7848c3e8c3,2,3,2,AVAILABLE
mikl_gse173098,mikl_gse173098|mikl_gse173098|neurite_soma_mpra|GFP 3UTR MPRA|Neuro-2a|mikl:Adamts18:2050.0:a14c281e8081f4dc,e16e3a7848c3e8c3,2,3,2,AVAILABLE
mikl_gse173098,mikl_gse173098|mikl_gse173098|neurite_soma_mpra|GFP 3UTR MPRA|Neuro-2a|mikl:Adamts18:2050.0:bed6fcba25004228,e16e3a7848c3e8c3,2,3,2,AVAILABLE
mikl_gse173098,mikl_gse173098|mikl_gse173098|neurite_soma_mpra|GFP 3UTR MPRA|Neuro-2a|mikl:Adamts18:2100.0:45456fdc1d8c6313,e16e3a7848c3e8c3,3,3,3,AVAILABLE
mikl_gse173098,mikl_gse173098|mikl_gse173098|neurite_soma_mpra|GFP 3UTR MPRA|Neuro-2a|mikl:Adamts18:2100.0:db8b4676775d450b,e16e3a7848c3e8c3,3,3,3,AVAILABLE
mikl_gse173098,mikl_gse173098|mikl_gse173098|neurite_soma_mpra|GFP 3UTR MPRA|Neuro-2a|mikl:Adamts18:2150.0:6cb42957b277fc59,e16e3a7848c3e8c3,2,3,2,AVAILABLE
mikl_gse173098,mikl_gse173098|mikl_gse173098|neurite_soma_mpra|GFP 3UTR MPRA|Neuro-2a|mikl:Adamts18:2150.0:ab66335c46b38804,e16e3a7848c3e8c3,3,3,3,AVAILABLE
mikl_gse173098,mikl_gse173098|mikl_gse173098|neurite_soma_mpra|GFP 3UTR MPRA|Neuro-2a|mikl:Adamts18:2450.0:90d05c7b1b030113,e16e3a7848c3e8c3,2,3,2,AVAILABLE
mikl_gse173098,mikl_gse173098|mikl_gse173098|neurite_soma_mpra|GFP 3UTR MPRA|Neuro-2a|mikl:Adamts18:2850.0:65225f67809dc3a9,e16e3a7848c3e8c3,2,3,2,AVAILABLE
mikl_gse173098,mikl_gse173098|mikl_gse173098|neurite_soma_mpra|GFP 3UTR MPRA|Neuro-2a|mikl:Adamts18:2900.0:8b7f83d6241250b3,e16e3a7848c3e8c3,2,3,2,AVAILABLE
mikl_gse173098,mikl_gse173098|mikl_gse173098|neurite_soma_mpra|GFP 3UTR MPRA|Neuro-2a|mikl:Adap2:300.0:1def4fca0d3f6c2e,41b8c9c04dd984c5,3,3,3,AVAILABLE
mikl_gse173098,mikl_gse173098|mikl_gse173098|neurite_soma_mpra|GFP 3UTR MPRA|Neuro-2a|mikl:Agtrap:1000.0:54a0f5d1c89eb6d5,67a2fc9fcc165a75,2,3,2,AVAILABLE
mikl_gse173098,mikl_gse173098|mikl_gse173098|neurite_soma_mpra|GFP 3UTR MPRA|Neuro-2a|mikl:Agtrap:1400.0:2aadabe232699c67,67a2fc9fcc165a75,2,3,2,AVAILABLE
mikl_gse173098,mikl_gse173098|mikl_gse173098|neurite_soma_mpra|GFP 3UTR MPRA|Neuro-2a|mikl:Agtrap:1900.0:57fa274a0f69b98e,67a2fc9fcc165a75,2,3,2,AVAILABLE
mikl_gse173098,mikl_gse173098|mikl_gse173098|neurite_soma_mpra|GFP 3UTR MPRA|Neuro-2a|mikl:Agtrap:2350.0:727f0f55d161c1fc,67a2fc9fcc165a75,3,3,3,AVAILABLE
mikl_gse173098,mikl_gse173098|mikl_gse173098|neurite_soma_mpra|GFP 3UTR MPRA|Neuro-2a|mikl:Agtrap:2400.0:b628ae44fc3e9e96,67a2fc9fcc165a75,2,3,2,AVAILABLE
mikl_gse173098,mikl_gse173098|mikl_gse173098|neurite_soma_mpra|GFP 3UTR MPRA|Neuro-2a|mikl:Agtrap:2950.0:5d4152ad998d26bd,67a2fc9fcc165a75,4,3,4,AVAILABLE
mikl_gse173098,mikl_gse173098|mikl_gse173098|neurite_soma_mpra|GFP 3UTR MPRA|Neuro-2a|mikl:Agtrap:550.0:b89882dcc2b5a013,67a2fc9fcc165a75,2,3,2,AVAILABLE
mikl_gse173098,mikl_gse173098|mikl_gse173098|neurite_soma_mpra|GFP 3UTR MPRA|Neuro-2a|mikl:Agtrap:800.0:1bb68705893a676d,67a2fc9fcc165a75,2,3,2,AVAILABLE
mikl_gse173098,mikl_gse173098|mikl_gse173098|neurite_soma_mpra|GFP 3UTR MPRA|Neuro-2a|mikl:Agtrap:850.0:18a7e9de103ec91d,67a2fc9fcc165a75,2,3,2,AVAILABLE
mikl_gse173098,mikl_gse173098|mikl_gse173098|neurite_soma_mpra|GFP 3UTR MPRA|Neuro-2a|mikl:Agtrap:900.0:9d3a8c5ba7df08d3,67a2fc9fcc165a75,2,3,2,AVAILABLE
mikl_gse173098,mikl_gse173098|mikl_gse173098|neurite_soma_mpra|GFP 3UTR MPRA|Neuro-2a|mikl:Agtrap:950.0:7c252b7215a331fe,67a2fc9fcc165a75,3,3,3,AVAILABLE
mikl_gse173098,mikl_gse173098|mikl_gse173098|neurite_soma_mpra|GFP 3UTR MPRA|Neuro-2a|mikl:Ankef1:450.0:96cfb7a9639c61ef,915e39e3908737aa,2,3,2,AVAILABLE
mikl_gse173098,mikl_gse173098|mikl_gse173098|neurite_soma_mpra|GFP 3UTR MPRA|Neuro-2a|mikl:Ankef1:600.0:472077785c3de555,915e39e3908737aa,2,3,2,AVAILABLE
mikl_gse173098,mikl_gse173098|mikl_gse173098|neurite_soma_mpra|GFP 3UTR MPRA|Neuro-2a|mikl:Ankef1:700.0:c1cef64a40474abd,915e39e3908737aa,2,3,2,AVAILABLE
mikl_gse173098,mikl_gse173098|mikl_gse173098|neurite_soma_mpra|GFP 3UTR MPRA|Neuro-2a|mikl:Aox3:300.0:64db82ed4f4325be,b9e63ef41e58a189,3,3,3,AVAILABLE
mikl_gse173098,mikl_gse173098|mikl_gse173098|neurite_soma_mpra|GFP 3UTR MPRA|Neuro-2a|mikl:Aqp4:100.0:9b11673a7d9a7f70,394ede2e6d945642,3,3,3,AVAILABLE
mikl_gse173098,mikl_gse173098|mikl_gse173098|neurite_soma_mpra|GFP 3UTR MPRA|Neuro-2a|mikl:Aqp4:150.0:4ec916f2cad9db64,394ede2e6d945642,3,3,3,AVAILABLE
mikl_gse173098,mikl_gse173098|mikl_gse173098|neurite_soma_mpra|GFP 3UTR MPRA|Neuro-2a|mikl:Aqp4:2850.0:d82b4adb8890bf17,394ede2e6d945642,2,3,2,AVAILABLE
mikl_gse173098,mikl_gse173098|mikl_gse173098|neurite_soma_mpra|GFP 3UTR MPRA|Neuro-2a|mikl:Aqp4:2900.0:339f8db5dfcaad1c,394ede2e6d945642,2,3,2,AVAILABLE
mikl_gse173098,mikl_gse173098|mikl_gse173098|neurite_soma_mpra|GFP 3UTR MPRA|Neuro-2a|mikl:Aqp4:2950.0:2b6caa86b1803b38,394ede2e6d945642,2,3,2,AVAILABLE
mikl_gse173098,mikl_gse173098|mikl_gse173098|neurite_soma_mpra|GFP 3UTR MPRA|Neuro-2a|mikl:Aqp4:50.0:60e0d6803b25677c,394ede2e6d945642,3,3,3,AVAILABLE
mikl_gse173098,mikl_gse173098|mikl_gse173098|neurite_soma_mpra|GFP 3UTR MPRA|Neuro-2a|mikl:Aqp4:600.0:c00a3ac967413930,394ede2e6d945642,2,3,2,AVAILABLE
mikl_gse173098,mikl_gse173098|mikl_gse173098|neurite_soma_mpra|GFP 3UTR MPRA|Neuro-2a|mikl:Aqp4:650.0:cbdd6ebc8fc6c1e1,394ede2e6d945642,2,3,2,AVAILABLE
mikl_gse173098,mikl_gse173098|mikl_gse173098|neurite_soma_mpra|GFP 3UTR MPRA|Neuro-2a|mikl:Aqp4:700.0:000c61f063ddca22,394ede2e6d945642,2,3,2,AVAILABLE
mikl_gse173098,mikl_gse173098|mikl_gse173098|neurite_soma_mpra|GFP 3UTR MPRA|Neuro-2a|mikl:Arhgap31:1250.0:634da18cdf22235c,e7403113ad0dc27e,2,3,2,AVAILABLE
mikl_gse173098,mikl_gse173098|mikl_gse173098|neurite_soma_mpra|GFP 3UTR MPRA|Neuro-2a|mikl:Arid2:0.0:8ed370ea42e0e6ce,d448918320cd6ef4,2,3,2,AVAILABLE
mikl_gse173098,mikl_gse173098|mikl_gse173098|neurite_soma_mpra|GFP 3UTR MPRA|Neuro-2a|mikl:Arid2:0.0:ffcf73c3783faae0,d448918320cd6ef4,3,3,3,AVAILABLE
mikl_gse173098,mikl_gse173098|mikl_gse173098|neurite_soma_mpra|GFP 3UTR MPRA|Neuro-2a|mikl:Arid2:100.0:5269ff8f108124cd,d448918320cd6ef4,5,3,5,AVAILABLE
mikl_gse173098,mikl_gse173098|mikl_gse173098|neurite_soma_mpra|GFP 3UTR MPRA|Neuro-2a|mikl:Arid2:1050.0:ea8a58450ec175c3,d448918320cd6ef4,3,3,3,AVAILABLE
mikl_gse173098,mikl_gse173098|mikl_gse173098|neurite_soma_mpra|GFP 3UTR MPRA|Neuro-2a|mikl:Arid2:1100.0:94d1a1400a07a33f,d448918320cd6ef4,3,3,3,AVAILABLE
mikl_gse173098,mikl_gse173098|mikl_gse173098|neurite_soma_mpra|GFP 3UTR MPRA|Neuro-2a|mikl:Arid2:1150.0:d684ebad3c6d73fc,d448918320cd6ef4,2,3,2,AVAILABLE
mikl_gse173098,mikl_gse173098|mikl_gse173098|neurite_soma_mpra|GFP 3UTR MPRA|Neuro-2a|mikl:Arid2:1300.0:60cfd16e748cc667,d448918320cd6ef4,3,3,3,AVAILABLE
mikl_gse173098,mikl_gse173098|mikl_gse173098|neurite_soma_mpra|GFP 3UTR MPRA|Neuro-2a|mikl:Arid2:1350.0:2826d2d15ac780ed,d448918320cd6ef4,4,3,4,AVAILABLE
mikl_gse173098,mikl_gse173098|mikl_gse173098|neurite_soma_mpra|GFP 3UTR MPRA|Neuro-2a|mikl:Arid2:1400.0:f6ff115ccdd346eb,d448918320cd6ef4,6,3,6,AVAILABLE
mikl_gse173098,mikl_gse173098|mikl_gse173098|neurite_soma_mpra|GFP 3UTR MPRA|Neuro-2a|mikl:Arid2:1450.0:96231b70cc2b8ef7,d448918320cd6ef4,2,3,2,AVAILABLE
mikl_gse173098,mikl_gse173098|mikl_gse173098|neurite_soma_mpra|GFP 3UTR MPRA|Neuro-2a|mikl:Arid2:150.0:b783c9c4929118a7,d448918320cd6ef4,5,3,5,AVAILABLE
mikl_gse173098,mikl_gse173098|mikl_gse173098|neurite_soma_mpra|GFP 3UTR MPRA|Neuro-2a|mikl:Arid2:1500.0:d495faa93a07bdf6,d448918320cd6ef4,3,3,3,AVAILABLE
mikl_gse173098,mikl_gse173098|mikl_gse173098|neurite_soma_mpra|GFP 3UTR MPRA|Neuro-2a|mikl:Arid2:1750.0:f459bfa14cd03f6d,d448918320cd6ef4,2,3,2,AVAILABLE
mikl_gse173098,mikl_gse173098|mikl_gse173098|neurite_soma_mpra|GFP 3UTR MPRA|Neuro-2a|mikl:Arid2:200.0:8d4e6789eabc0984,d448918320cd6ef4,3,3,3,AVAILABLE
mikl_gse173098,mikl_gse173098|mikl_gse173098|neurite_soma_mpra|GFP 3UTR MPRA|Neuro-2a|mikl:Arid2:2000.0:aeedc2d97be4670b,d448918320cd6ef4,4,3,4,AVAILABLE
mikl_gse173098,mikl_gse173098|mikl_gse173098|neurite_soma_mpra|GFP 3UTR MPRA|Neuro-2a|mikl:Arid2:2050.0:fa4d4d9147ce1a8a,d448918320cd6ef4,4,3,4,AVAILABLE
mikl_gse173098,mikl_gse173098|mikl_gse173098|neurite_soma_mpra|GFP 3UTR MPRA|Neuro-2a|mikl:Arid2:2100.0:0dfc43df84116ace,d448918320cd6ef4,4,3,4,AVAILABLE
mikl_gse173098,mikl_gse173098|mikl_gse173098|neurite_soma_mpra|GFP 3UTR MPRA|Neuro-2a|mikl:Arid2:2200.0:86f92169c49e51d3,d448918320cd6ef4,2,3,2,AVAILABLE
mikl_gse173098,mikl_gse173098|mikl_gse173098|neurite_soma_mpra|GFP 3UTR MPRA|Neuro-2a|mikl:Arid2:2250.0:72e5e26ecbe7a3db,d448918320cd6ef4,2,3,2,AVAILABLE
mikl_gse173098,mikl_gse173098|mikl_gse173098|neurite_soma_mpra|GFP 3UTR MPRA|Neuro-2a|mikl:Arid2:2300.0:7d537b83fc0adfdf,d448918320cd6ef4,3,3,3,AVAILABLE
mikl_gse173098,mikl_gse173098|mikl_gse173098|neurite_soma_mpra|GFP 3UTR MPRA|Neuro-2a|mikl:Arid2:2350.0:7d237d9d1859d7bb,d448918320cd6ef4,3,3,3,AVAILABLE
mikl_gse173098,mikl_gse173098|mikl_gse173098|neurite_soma_mpra|GFP 3UTR MPRA|Neuro-2a|mikl:Arid2:2400.0:6ff71ce5b809812c,d448918320cd6ef4,2,3,2,AVAILABLE
mikl_gse173098,mikl_gse173098|mikl_gse173098|neurite_soma_mpra|GFP 3UTR MPRA|Neuro-2a|mikl:Arid2:2450.0:d974eaa40b430d1b,d448918320cd6ef4,3,3,3,AVAILABLE
mikl_gse173098,mikl_gse173098|mikl_gse173098|neurite_soma_mpra|GFP 3UTR MPRA|Neuro-2a|mikl:Arid2:250.0:be4fe8b2f50e385c,d448918320cd6ef4,3,3,3,AVAILABLE
mikl_gse173098,mikl_gse173098|mikl_gse173098|neurite_soma_mpra|GFP 3UTR MPRA|Neuro-2a|mikl:Arid2:2500.0:b0b4fab5b5dba4d9,d448918320cd6ef4,2,3,2,AVAILABLE
mikl_gse173098,mikl_gse173098|mikl_gse173098|neurite_soma_mpra|GFP 3UTR MPRA|Neuro-2a|mikl:Arid2:2550.0:cffd1c662d202675,d448918320cd6ef4,4,3,4,AVAILABLE
mikl_gse173098,mikl_gse173098|mikl_gse173098|neurite_soma_mpra|GFP 3UTR MPRA|Neuro-2a|mikl:Arid2:2650.0:9cc84a685b7eae12,d448918320cd6ef4,4,3,4,AVAILABLE
mikl_gse173098,mikl_gse173098|mikl_gse173098|neurite_soma_mpra|GFP 3UTR MPRA|Neuro-2a|mikl:Arid2:2700.0:706e5421c012ecf0,d448918320cd6ef4,4,3,4,AVAILABLE
mikl_gse173098,mikl_gse173098|mikl_gse173098|neurite_soma_mpra|GFP 3UTR MPRA|Neuro-2a|mikl:Arid2:300.0:3818a6747ca8962e,d448918320cd6ef4,3,3,3,AVAILABLE
mikl_gse173098,mikl_gse173098|mikl_gse173098|neurite_soma_mpra|GFP 3UTR MPRA|Neuro-2a|mikl:Arid2:350.0:efcbdf94aaf101d2,d448918320cd6ef4,3,3,3,AVAILABLE
mikl_gse173098,mikl_gse173098|mikl_gse173098|neurite_soma_mpra|GFP 3UTR MPRA|Neuro-2a|mikl:Arid2:400.0:a25148d0f32dd932,d448918320cd6ef4,4,3,4,AVAILABLE
mikl_gse173098,mikl_gse173098|mikl_gse173098|neurite_soma_mpra|GFP 3UTR MPRA|Neuro-2a|mikl:Arid2:450.0:0f5494371ed36f95,d448918320cd6ef4,3,3,3,AVAILABLE
mikl_gse173098,mikl_gse173098|mikl_gse173098|neurite_soma_mpra|GFP 3UTR MPRA|Neuro-2a|mikl:Arid2:50.0:06dd39a266ba8a11,d448918320cd6ef4,4,3,4,AVAILABLE
mikl_gse173098,mikl_gse173098|mikl_gse173098|neurite_soma_mpra|GFP 3UTR MPRA|Neuro-2a|mikl:Arid2:500.0:b55d614a6bae6903,d448918320cd6ef4,3,3,3,AVAILABLE
mikl_gse173098,mikl_gse173098|mikl_gse173098|neurite_soma_mpra|GFP 3UTR MPRA|Neuro-2a|mikl:Arid2:550.0:7bbd6b71f315ae6d,d448918320cd6ef4,2,3,2,AVAILABLE
mikl_gse173098,mikl_gse173098|mikl_gse173098|neurite_soma_mpra|GFP 3UTR MPRA|Neuro-2a|mikl:Arid2:750.0:2d540353ec3c7155,d448918320cd6ef4,3,3,3,AVAILABLE
mikl_gse173098,mikl_gse173098|mikl_gse173098|neurite_soma_mpra|GFP 3UTR MPRA|Neuro-2a|mikl:Arid2:800.0:969892f9d6183862,d448918320cd6ef4,2,3,2,AVAILABLE
mikl_gse173098,mikl_gse173098|mikl_gse173098|neurite_soma_mpra|GFP 3UTR MPRA|Neuro-2a|mikl:Arid2:850.0:687add8b2ffa3c7d,d448918320cd6ef4,3,3,3,AVAILABLE
mikl_gse173098,mikl_gse173098|mikl_gse173098|neurite_soma_mpra|GFP 3UTR MPRA|Neuro-2a|mikl:Arid2:950.0:0b81cc4e9ccbd865,d448918320cd6ef4,2,3,2,AVAILABLE
mikl_gse173098,mikl_gse173098|mikl_gse173098|neurite_soma_mpra|GFP 3UTR MPRA|Neuro-2a|mikl:Arpc1b:0.0:e2cabe523c6dc719,58b12ed0a1d959d1,2,3,2,AVAILABLE
mikl_gse173098,mikl_gse173098|mikl_gse173098|neurite_soma_mpra|GFP 3UTR MPRA|Neuro-2a|mikl:Arpc1b:1300.0:650e7fb5d3f3be74,58b12ed0a1d959d1,2,3,2,AVAILABLE
mikl_gse173098,mikl_gse173098|mikl_gse173098|neurite_soma_mpra|GFP 3UTR MPRA|Neuro-2a|mikl:Arpc1b:1350.0:39448d6a3ce5ce7e,58b12ed0a1d959d1,2,3,2,AVAILABLE
mikl_gse173098,mikl_gse173098|mikl_gse173098|neurite_soma_mpra|GFP 3UTR MPRA|Neuro-2a|mikl:Arpc1b:1400.0:c2ec33d190af4056,58b12ed0a1d959d1,5,3,5,AVAILABLE
mikl_gse173098,mikl_gse173098|mikl_gse173098|neurite_soma_mpra|GFP 3UTR MPRA|Neuro-2a|mikl:Arpc1b:1450.0:4fefad3b36890cf4,58b12ed0a1d959d1,3,3,3,AVAILABLE
mikl_gse173098,mikl_gse173098|mikl_gse173098|neurite_soma_mpra|GFP 3UTR MPRA|Neuro-2a|mikl:Arpc1b:1500.0:82634723034d8665,58b12ed0a1d959d1,3,3,3,AVAILABLE
mikl_gse173098,mikl_gse173098|mikl_gse173098|neurite_soma_mpra|GFP 3UTR MPRA|Neuro-2a|mikl:Arpc1b:200.0:717932046e8498d6,58b12ed0a1d959d1,2,3,2,AVAILABLE
mikl_gse173098,mikl_gse173098|mikl_gse173098|neurite_soma_mpra|GFP 3UTR MPRA|Neuro-2a|mikl:Arpc1b:250.0:4f116bad29dfb78f,58b12ed0a1d959d1,2,3,2,AVAILABLE
mikl_gse173098,mikl_gse173098|mikl_gse173098|neurite_soma_mpra|GFP 3UTR MPRA|Neuro-2a|mikl:Arpc1b:300.0:b8421b1f08762c1f,58b12ed0a1d959d1,3,3,3,AVAILABLE
mikl_gse173098,mikl_gse173098|mikl_gse173098|neurite_soma_mpra|GFP 3UTR MPRA|Neuro-2a|mikl:Arpc1b:350.0:6f85c2633dffa0dd,58b12ed0a1d959d1,2,3,2,AVAILABLE
mikl_gse173098,mikl_gse173098|mikl_gse173098|neurite_soma_mpra|GFP 3UTR MPRA|Neuro-2a|mikl:Atad2:650.0:9cc7d88b7046b7ba,70215c6df919315a,2,3,2,AVAILABLE
mikl_gse173098,mikl_gse173098|mikl_gse173098|neurite_soma_mpra|GFP 3UTR MPRA|Neuro-2a|mikl:Bdnf:0.0:161ca683d9e4a57a,d2fc5c881b389eb8,2,3,2,AVAILABLE
mikl_gse173098,mikl_gse173098|mikl_gse173098|neurite_soma_mpra|GFP 3UTR MPRA|Neuro-2a|mikl:Bdnf:1000.0:985124990f036723,d2fc5c881b389eb8,3,3,3,AVAILABLE
mikl_gse173098,mikl_gse173098|mikl_gse173098|neurite_soma_mpra|GFP 3UTR MPRA|Neuro-2a|mikl:Bdnf:1150.0:8ea411797bdec169,d2fc5c881b389eb8,2,3,2,AVAILABLE
mikl_gse173098,mikl_gse173098|mikl_gse173098|neurite_soma_mpra|GFP 3UTR MPRA|Neuro-2a|mikl:Bdnf:1200.0:444a3f8e25257908,d2fc5c881b389eb8,2,3,2,AVAILABLE
mikl_gse173098,mikl_gse173098|mikl_gse173098|neurite_soma_mpra|GFP 3UTR MPRA|Neuro-2a|mikl:Bdnf:1250.0:7133f4794e9b4dcf,d2fc5c881b389eb8,2,3,2,AVAILABLE
mikl_gse173098,mikl_gse173098|mikl_gse173098|neurite_soma_mpra|GFP 3UTR MPRA|Neuro-2a|mikl:Bdnf:150.0:9eaf02b561eb75ba,d2fc5c881b389eb8,2,3,2,AVAILABLE
mikl_gse173098,mikl_gse173098|mikl_gse173098|neurite_soma_mpra|GFP 3UTR MPRA|Neuro-2a|mikl:Bdnf:1550.0:c2afabadaf597c01,d2fc5c881b389eb8,4,3,4,AVAILABLE
mikl_gse173098,mikl_gse173098|mikl_gse173098|neurite_soma_mpra|GFP 3UTR MPRA|Neuro-2a|mikl:Bdnf:1600.0:a388434228e17977,d2fc5c881b389eb8,7,3,7,AVAILABLE
mikl_gse173098,mikl_gse173098|mikl_gse173098|neurite_soma_mpra|GFP 3UTR MPRA|Neuro-2a|mikl:Bdnf:1650.0:2045802e601454c7,d2fc5c881b389eb8,6,3,6,AVAILABLE
mikl_gse173098,mikl_gse173098|mikl_gse173098|neurite_soma_mpra|GFP 3UTR MPRA|Neuro-2a|mikl:Bdnf:1700.0:3ca7eb614c85ad55,d2fc5c881b389eb8,4,3,4,AVAILABLE
mikl_gse173098,mikl_gse173098|mikl_gse173098|neurite_soma_mpra|GFP 3UTR MPRA|Neuro-2a|mikl:Bdnf:1900.0:e9570ca6d73bd5c0,d2fc5c881b389eb8,2,3,2,AVAILABLE
mikl_gse173098,mikl_gse173098|mikl_gse173098|neurite_soma_mpra|GFP 3UTR MPRA|Neuro-2a|mikl:Bdnf:1950.0:aa5a13dcf685bdf3,d2fc5c881b389eb8,4,3,4,AVAILABLE
mikl_gse173098,mikl_gse173098|mikl_gse173098|neurite_soma_mpra|GFP 3UTR MPRA|Neuro-2a|mikl:Bdnf:200.0:3e7370f2f765c737,d2fc5c881b389eb8,2,3,2,AVAILABLE
mikl_gse173098,mikl_gse173098|mikl_gse173098|neurite_soma_mpra|GFP 3UTR MPRA|Neuro-2a|mikl:Bdnf:2000.0:176a83fff9205552,d2fc5c881b389eb8,3,3,3,AVAILABLE
mikl_gse173098,mikl_gse173098|mikl_gse173098|neurite_soma_mpra|GFP 3UTR MPRA|Neuro-2a|mikl:Bdnf:2600.0:ba868c249d517352,d2fc5c881b389eb8,2,3,2,AVAILABLE
mikl_gse173098,mikl_gse173098|mikl_gse173098|neurite_soma_mpra|GFP 3UTR MPRA|Neuro-2a|mikl:Bdnf:2650.0:dcaf0c75bb551d22,d2fc5c881b389eb8,2,3,2,AVAILABLE
mikl_gse173098,mikl_gse173098|mikl_gse173098|neurite_soma_mpra|GFP 3UTR MPRA|Neuro-2a|mikl:Bdnf:2700.0:6882ff58f35050f6,d2fc5c881b389eb8,2,3,2,AVAILABLE
mikl_gse173098,mikl_gse173098|mikl_gse173098|neurite_soma_mpra|GFP 3UTR MPRA|Neuro-2a|mikl:Bdnf:350.0:aacedbc67d17c6b8,d2fc5c881b389eb8,2,3,2,AVAILABLE
mikl_gse173098,mikl_gse173098|mikl_gse173098|neurite_soma_mpra|GFP 3UTR MPRA|Neuro-2a|mikl:Bdnf:450.0:2f1c13dcbae11a84,d2fc5c881b389eb8,3,3,3,AVAILABLE
mikl_gse173098,mikl_gse173098|mikl_gse173098|neurite_soma_mpra|GFP 3UTR MPRA|Neuro-2a|mikl:Bdnf:50.0:f42f99ed131c434c,d2fc5c881b389eb8,2,3,2,AVAILABLE
mikl_gse173098,mikl_gse173098|mikl_gse173098|neurite_soma_mpra|GFP 3UTR MPRA|Neuro-2a|mikl:Bdnf:500.0:7984106a989acace,d2fc5c881b389eb8,4,3,4,AVAILABLE
mikl_gse173098,mikl_gse173098|mikl_gse173098|neurite_soma_mpra|GFP 3UTR MPRA|Neuro-2a|mikl:Bdnf:750.0:56651f12dae20f2b,d2fc5c881b389eb8,2,3,2,AVAILABLE
mikl_gse173098,mikl_gse173098|mikl_gse173098|neurite_soma_mpra|GFP 3UTR MPRA|Neuro-2a|mikl:Bdnf:800.0:35532439ba148292,d2fc5c881b389eb8,2,3,2,AVAILABLE
mikl_gse173098,mikl_gse173098|mikl_gse173098|neurite_soma_mpra|GFP 3UTR MPRA|Neuro-2a|mikl:Bdnf:900.0:c9b609c4cd567d28,d2fc5c881b389eb8,4,3,4,AVAILABLE
mikl_gse173098,mikl_gse173098|mikl_gse173098|neurite_soma_mpra|GFP 3UTR MPRA|Neuro-2a|mikl:Bdnf:950.0:ccafb61d5f7b7dd6,d2fc5c881b389eb8,4,3,4,AVAILABLE
mikl_gse173098,mikl_gse173098|mikl_gse173098|neurite_soma_mpra|GFP 3UTR MPRA|Neuro-2a|mikl:Brsk1:150.0:ea92da048fcb40b2,8e5ecf582b1eb85c,5,3,5,AVAILABLE
mikl_gse173098,mikl_gse173098|mikl_gse173098|neurite_soma_mpra|GFP 3UTR MPRA|Neuro-2a|mikl:Brsk1:200.0:0b7f4ebe324905a5,8e5ecf582b1eb85c,4,3,4,AVAILABLE
mikl_gse173098,mikl_gse173098|mikl_gse173098|neurite_soma_mpra|GFP 3UTR MPRA|Neuro-2a|mikl:Brsk1:250.0:0c4b8e01c92d47f5,8e5ecf582b1eb85c,6,3,6,AVAILABLE
mikl_gse173098,mikl_gse173098|mikl_gse173098|neurite_soma_mpra|GFP 3UTR MPRA|Neuro-2a|mikl:Brsk1:300.0:be44a9cc1c7f4991,8e5ecf582b1eb85c,2,3,2,AVAILABLE
mikl_gse173098,mikl_gse173098|mikl_gse173098|neurite_soma_mpra|GFP 3UTR MPRA|Neuro-2a|mikl:C130026I21Rik:100.0:b3cbf994c06160f0,d7ded6db9fb1c077,2,3,2,AVAILABLE
mikl_gse173098,mikl_gse173098|mikl_gse173098|neurite_soma_mpra|GFP 3UTR MPRA|Neuro-2a|mikl:C130026I21Rik:300.0:b9d15668cbfe6ff3,d7ded6db9fb1c077,2,3,2,AVAILABLE
mikl_gse173098,mikl_gse173098|mikl_gse173098|neurite_soma_mpra|GFP 3UTR MPRA|Neuro-2a|mikl:C130026I21Rik:350.0:588af6fd16ae4241,d7ded6db9fb1c077,2,3,2,AVAILABLE
mikl_gse173098,mikl_gse173098|mikl_gse173098|neurite_soma_mpra|GFP 3UTR MPRA|Neuro-2a|mikl:C130026I21Rik:400.0:2422f2f807d780ff,d7ded6db9fb1c077,3,3,3,AVAILABLE
mikl_gse173098,mikl_gse173098|mikl_gse173098|neurite_soma_mpra|GFP 3UTR MPRA|Neuro-2a|mikl:Calm1:1850.0:202590f9bc857922,7d2d617273ebfe45,2,3,2,AVAILABLE
mikl_gse173098,mikl_gse173098|mikl_gse173098|neurite_soma_mpra|GFP 3UTR MPRA|Neuro-2a|mikl:Calm1:1900.0:f9a75e5aac9b468d,7d2d617273ebfe45,2,3,2,AVAILABLE
mikl_gse173098,mikl_gse173098|mikl_gse173098|neurite_soma_mpra|GFP 3UTR MPRA|Neuro-2a|mikl:Calm1:250.0:843f7956ad82953a,7d2d617273ebfe45,2,3,2,AVAILABLE
mikl_gse173098,mikl_gse173098|mikl_gse173098|neurite_soma_mpra|GFP 3UTR MPRA|Neuro-2a|mikl:Calm1:300.0:c8004066fcd638ba,7d2d617273ebfe45,2,3,2,AVAILABLE
mikl_gse173098,mikl_gse173098|mikl_gse173098|neurite_soma_mpra|GFP 3UTR MPRA|Neuro-2a|mikl:Calm1:3050.0:b28e72b2bcbd6a77,7d2d617273ebfe45,2,3,2,AVAILABLE
mikl_gse173098,mikl_gse173098|mikl_gse173098|neurite_soma_mpra|GFP 3UTR MPRA|Neuro-2a|mikl:Calm1:3150.0:4a7a16b83801fe4b,7d2d617273ebfe45,2,3,2,AVAILABLE
mikl_gse173098,mikl_gse173098|mikl_gse173098|neurite_soma_mpra|GFP 3UTR MPRA|Neuro-2a|mikl:Calm1:600.0:4f811a633d41fd28,7d2d617273ebfe45,2,3,2,AVAILABLE
mikl_gse173098,mikl_gse173098|mikl_gse173098|neurite_soma_mpra|GFP 3UTR MPRA|Neuro-2a|mikl:Calm1:650.0:183ae3dc0b626ad5,7d2d617273ebfe45,2,3,2,AVAILABLE
mikl_gse173098,mikl_gse173098|mikl_gse173098|neurite_soma_mpra|GFP 3UTR MPRA|Neuro-2a|mikl:Camk2a:1000.0:e6322b4d568c6c40,5b4a92e0a35fd7cd,2,3,2,AVAILABLE
mikl_gse173098,mikl_gse173098|mikl_gse173098|neurite_soma_mpra|GFP 3UTR MPRA|Neuro-2a|mikl:Camk2a:1050.0:81b4e0b6b56789b8,5b4a92e0a35fd7cd,2,3,2,AVAILABLE
mikl_gse173098,mikl_gse173098|mikl_gse173098|neurite_soma_mpra|GFP 3UTR MPRA|Neuro-2a|mikl:Camk2a:1150.0:f03aad96385f85cc,5b4a92e0a35fd7cd,2,3,2,AVAILABLE
mikl_gse173098,mikl_gse173098|mikl_gse173098|neurite_soma_mpra|GFP 3UTR MPRA|Neuro-2a|mikl:Camk2a:1200.0:d2fa5f085b03aa31,5b4a92e0a35fd7cd,4,3,4,AVAILABLE
mikl_gse173098,mikl_gse173098|mikl_gse173098|neurite_soma_mpra|GFP 3UTR MPRA|Neuro-2a|mikl:Camk2a:1250.0:ef2a595c76da1994,5b4a92e0a35fd7cd,3,3,3,AVAILABLE
mikl_gse173098,mikl_gse173098|mikl_gse173098|neurite_soma_mpra|GFP 3UTR MPRA|Neuro-2a|mikl:Camk2a:1300.0:242a09a0bd2e9bde,5b4a92e0a35fd7cd,6,3,6,AVAILABLE
mikl_gse173098,mikl_gse173098|mikl_gse173098|neurite_soma_mpra|GFP 3UTR MPRA|Neuro-2a|mikl:Camk2a:1350.0:be133d5f57f2b055,5b4a92e0a35fd7cd,5,3,5,AVAILABLE
mikl_gse173098,mikl_gse173098|mikl_gse173098|neurite_soma_mpra|GFP 3UTR MPRA|Neuro-2a|mikl:Camk2a:1400.0:5c69ac352bdff0d7,5b4a92e0a35fd7cd,5,3,5,AVAILABLE
mikl_gse173098,mikl_gse173098|mikl_gse173098|neurite_soma_mpra|GFP 3UTR MPRA|Neuro-2a|mikl:Camk2a:1450.0:fdf59718377c165b,5b4a92e0a35fd7cd,4,3,4,AVAILABLE
mikl_gse173098,mikl_gse173098|mikl_gse173098|neurite_soma_mpra|GFP 3UTR MPRA|Neuro-2a|mikl:Camk2a:1550.0:c63ccad57b35cb0f,5b4a92e0a35fd7cd,2,3,2,AVAILABLE
mikl_gse173098,mikl_gse173098|mikl_gse173098|neurite_soma_mpra|GFP 3UTR MPRA|Neuro-2a|mikl:Camk2a:1600.0:56f58ea16abc12f6,5b4a92e0a35fd7cd,2,3,2,AVAILABLE
mikl_gse173098,mikl_gse173098|mikl_gse173098|neurite_soma_mpra|GFP 3UTR MPRA|Neuro-2a|mikl:Camk2a:1750.0:062dcacc2b6eca0b,5b4a92e0a35fd7cd,2,3,2,AVAILABLE
mikl_gse173098,mikl_gse173098|mikl_gse173098|neurite_soma_mpra|GFP 3UTR MPRA|Neuro-2a|mikl:Camk2a:1800.0:0527fdca3174fb6e,5b4a92e0a35fd7cd,2,3,2,AVAILABLE
mikl_gse173098,mikl_gse173098|mikl_gse173098|neurite_soma_mpra|GFP 3UTR MPRA|Neuro-2a|mikl:Camk2a:200.0:269ea92ecaf1be52,5b4a92e0a35fd7cd,2,3,2,AVAILABLE
mikl_gse173098,mikl_gse173098|mikl_gse173098|neurite_soma_mpra|GFP 3UTR MPRA|Neuro-2a|mikl:Camk2a:2250.0:1052c0c26588091c,5b4a92e0a35fd7cd,2,3,2,AVAILABLE
mikl_gse173098,mikl_gse173098|mikl_gse173098|neurite_soma_mpra|GFP 3UTR MPRA|Neuro-2a|mikl:Camk2a:2300.0:f4f906c0049cdb55,5b4a92e0a35fd7cd,2,3,2,AVAILABLE
mikl_gse173098,mikl_gse173098|mikl_gse173098|neurite_soma_mpra|GFP 3UTR MPRA|Neuro-2a|mikl:Camk2a:250.0:1f0348441bba294d,5b4a92e0a35fd7cd,2,3,2,AVAILABLE
mikl_gse173098,mikl_gse173098|mikl_gse173098|neurite_soma_mpra|GFP 3UTR MPRA|Neuro-2a|mikl:Camk2a:2500.0:ba326f92ce528883,5b4a92e0a35fd7cd,2,3,2,AVAILABLE
mikl_gse173098,mikl_gse173098|mikl_gse173098|neurite_soma_mpra|GFP 3UTR MPRA|Neuro-2a|mikl:Camk2a:2550.0:bc2f1a9e6dbc94b8,5b4a92e0a35fd7cd,4,3,4,AVAILABLE
mikl_gse173098,mikl_gse173098|mikl_gse173098|neurite_soma_mpra|GFP 3UTR MPRA|Neuro-2a|mikl:Camk2a:2600.0:e40b06d3ed784303,5b4a92e0a35fd7cd,4,3,4,AVAILABLE
mikl_gse173098,mikl_gse173098|mikl_gse173098|neurite_soma_mpra|GFP 3UTR MPRA|Neuro-2a|mikl:Camk2a:2650.0:c198c9d90beccb26,5b4a92e0a35fd7cd,4,3,4,AVAILABLE
mikl_gse173098,mikl_gse173098|mikl_gse173098|neurite_soma_mpra|GFP 3UTR MPRA|Neuro-2a|mikl:Camk2a:2700.0:5baa62804bd3493a,5b4a92e0a35fd7cd,3,3,3,AVAILABLE
mikl_gse173098,mikl_gse173098|mikl_gse173098|neurite_soma_mpra|GFP 3UTR MPRA|Neuro-2a|mikl:Camk2a:2750.0:49817f296dfa2e35,5b4a92e0a35fd7cd,4,3,4,AVAILABLE
mikl_gse173098,mikl_gse173098|mikl_gse173098|neurite_soma_mpra|GFP 3UTR MPRA|Neuro-2a|mikl:Camk2a:2800.0:a6a1b63a857338c9,5b4a92e0a35fd7cd,2,3,2,AVAILABLE
mikl_gse173098,mikl_gse173098|mikl_gse173098|neurite_soma_mpra|GFP 3UTR MPRA|Neuro-2a|mikl:Camk2a:3000.0:47977a9d96e25c46,5b4a92e0a35fd7cd,4,3,4,AVAILABLE
mikl_gse173098,mikl_gse173098|mikl_gse173098|neurite_soma_mpra|GFP 3UTR MPRA|Neuro-2a|mikl:Camk2a:3050.0:a050f21947d9d513,5b4a92e0a35fd7cd,6,3,6,AVAILABLE
mikl_gse173098,mikl_gse173098|mikl_gse173098|neurite_soma_mpra|GFP 3UTR MPRA|Neuro-2a|mikl:Camk2a:3100.0:51f4a2f2fea85f05,5b4a92e0a35fd7cd,5,3,5,AVAILABLE
mikl_gse173098,mikl_gse173098|mikl_gse173098|neurite_soma_mpra|GFP 3UTR MPRA|Neuro-2a|mikl:Camk2a:350.0:21e3e3de72288a97,5b4a92e0a35fd7cd,2,3,2,AVAILABLE
mikl_gse173098,mikl_gse173098|mikl_gse173098|neurite_soma_mpra|GFP 3UTR MPRA|Neuro-2a|mikl:Camk2a:400.0:d969e97fa2933f26,5b4a92e0a35fd7cd,2,3,2,AVAILABLE
mikl_gse173098,mikl_gse173098|mikl_gse173098|neurite_soma_mpra|GFP 3UTR MPRA|Neuro-2a|mikl:Camk2a:450.0:3fd915d85b28c721,5b4a92e0a35fd7cd,2,3,2,AVAILABLE
mikl_gse173098,mikl_gse173098|mikl_gse173098|neurite_soma_mpra|GFP 3UTR MPRA|Neuro-2a|mikl:Camk2a:750.0:13198a5429bebdaa,5b4a92e0a35fd7cd,2,3,2,AVAILABLE
mikl_gse173098,mikl_gse173098|mikl_gse173098|neurite_soma_mpra|GFP 3UTR MPRA|Neuro-2a|mikl:Camk2a:800.0:46e3f392d0e825dc,5b4a92e0a35fd7cd,4,3,4,AVAILABLE
mikl_gse173098,mikl_gse173098|mikl_gse173098|neurite_soma_mpra|GFP 3UTR MPRA|Neuro-2a|mikl:Camk2a:850.0:947230cf215a4197,5b4a92e0a35fd7cd,5,3,5,AVAILABLE
mikl_gse173098,mikl_gse173098|mikl_gse173098|neurite_soma_mpra|GFP 3UTR MPRA|Neuro-2a|mikl:Camk2a:900.0:399d76fb5f49887c,5b4a92e0a35fd7cd,4,3,4,AVAILABLE
mikl_gse173098,mikl_gse173098|mikl_gse173098|neurite_soma_mpra|GFP 3UTR MPRA|Neuro-2a|mikl:Camk2a:950.0:b2489c23d5d25414,5b4a92e0a35fd7cd,4,3,4,AVAILABLE
mikl_gse173098,mikl_gse173098|mikl_gse173098|neurite_soma_mpra|GFP 3UTR MPRA|Neuro-2a|mikl:Ccdc141:100.0:3df3132a341750d3,a749d0e139856dbb,2,3,2,AVAILABLE
mikl_gse173098,mikl_gse173098|mikl_gse173098|neurite_soma_mpra|GFP 3UTR MPRA|Neuro-2a|mikl:Ccdc141:150.0:0166690264542a87,a749d0e139856dbb,2,3,2,AVAILABLE
mikl_gse173098,mikl_gse173098|mikl_gse173098|neurite_soma_mpra|GFP 3UTR MPRA|Neuro-2a|mikl:Ccdc141:3900.0:55c71ef80049912d,a749d0e139856dbb,2,3,2,AVAILABLE
mikl_gse173098,mikl_gse173098|mikl_gse173098|neurite_soma_mpra|GFP 3UTR MPRA|Neuro-2a|mikl:Ccdc141:3950.0:649dab40e8f77b73,a749d0e139856dbb,2,3,2,AVAILABLE
mikl_gse173098,mikl_gse173098|mikl_gse173098|neurite_soma_mpra|GFP 3UTR MPRA|Neuro-2a|mikl:Ccdc141:50.0:b72344b78e4528c9,a749d0e139856dbb,2,3,2,AVAILABLE
mikl_gse173098,mikl_gse173098|mikl_gse173098|neurite_soma_mpra|GFP 3UTR MPRA|Neuro-2a|mikl:Ccnd1:0.0:0dd89b3a621bf0db,1404937f4b28b6a6,2,3,2,AVAILABLE
mikl_gse173098,mikl_gse173098|mikl_gse173098|neurite_soma_mpra|GFP 3UTR MPRA|Neuro-2a|mikl:Ccnd1:100.0:a92d1ccb3a47f9bc,1404937f4b28b6a6,2,3,2,AVAILABLE
mikl_gse173098,mikl_gse173098|mikl_gse173098|neurite_soma_mpra|GFP 3UTR MPRA|Neuro-2a|mikl:Ccnd1:1000.0:a85c2f5bc361bae3,1404937f4b28b6a6,2,3,2,AVAILABLE
mikl_gse173098,mikl_gse173098|mikl_gse173098|neurite_soma_mpra|GFP 3UTR MPRA|Neuro-2a|mikl:Ccnd1:1350.0:5d3a1f471fca16e7,1404937f4b28b6a6,2,3,2,AVAILABLE
mikl_gse173098,mikl_gse173098|mikl_gse173098|neurite_soma_mpra|GFP 3UTR MPRA|Neuro-2a|mikl:Ccnd1:1400.0:19347854138845ff,1404937f4b28b6a6,2,3,2,AVAILABLE
mikl_gse173098,mikl_gse173098|mikl_gse173098|neurite_soma_mpra|GFP 3UTR MPRA|Neuro-2a|mikl:Ccnd1:150.0:ae5b7b2e2ef4bf75,1404937f4b28b6a6,2,3,2,AVAILABLE
mikl_gse173098,mikl_gse173098|mikl_gse173098|neurite_soma_mpra|GFP 3UTR MPRA|Neuro-2a|mikl:Ccnd1:1600.0:55e79be985d4a95a,1404937f4b28b6a6,2,3,2,AVAILABLE
mikl_gse173098,mikl_gse173098|mikl_gse173098|neurite_soma_mpra|GFP 3UTR MPRA|Neuro-2a|mikl:Ccnd1:1650.0:82bd9971e46321b1,1404937f4b28b6a6,2,3,2,AVAILABLE
mikl_gse173098,mikl_gse173098|mikl_gse173098|neurite_soma_mpra|GFP 3UTR MPRA|Neuro-2a|mikl:Ccnd1:2350.0:ba2ebb7d6241dd89,1404937f4b28b6a6,2,3,2,AVAILABLE
mikl_gse173098,mikl_gse173098|mikl_gse173098|neurite_soma_mpra|GFP 3UTR MPRA|Neuro-2a|mikl:Ccnd1:2400.0:e33b0dc11c06a2bf,1404937f4b28b6a6,2,3,2,AVAILABLE
mikl_gse173098,mikl_gse173098|mikl_gse173098|neurite_soma_mpra|GFP 3UTR MPRA|Neuro-2a|mikl:Ccnd1:2450.0:36a521bfae4800f0,1404937f4b28b6a6,2,3,2,AVAILABLE
mikl_gse173098,mikl_gse173098|mikl_gse173098|neurite_soma_mpra|GFP 3UTR MPRA|Neuro-2a|mikl:Ccnd1:400.0:de81f47c5f94ea34,1404937f4b28b6a6,2,3,2,AVAILABLE
mikl_gse173098,mikl_gse173098|mikl_gse173098|neurite_soma_mpra|GFP 3UTR MPRA|Neuro-2a|mikl:Ccnd1:50.0:e4005f2b74af82bb,1404937f4b28b6a6,3,3,3,AVAILABLE
mikl_gse173098,mikl_gse173098|mikl_gse173098|neurite_soma_mpra|GFP 3UTR MPRA|Neuro-2a|mikl:Ccnd1:850.0:d39a99a413606bcb,1404937f4b28b6a6,2,3,2,AVAILABLE
mikl_gse173098,mikl_gse173098|mikl_gse173098|neurite_soma_mpra|GFP 3UTR MPRA|Neuro-2a|mikl:Ccnd1:900.0:1e8e08f60da74b6e,1404937f4b28b6a6,4,3,4,AVAILABLE
mikl_gse173098,mikl_gse173098|mikl_gse173098|neurite_soma_mpra|GFP 3UTR MPRA|Neuro-2a|mikl:Ccnd1:950.0:984d1203031230ca,1404937f4b28b6a6,4,3,4,AVAILABLE
mikl_gse173098,mikl_gse173098|mikl_gse173098|neurite_soma_mpra|GFP 3UTR MPRA|Neuro-2a|mikl:Ccnd2:0.0:1a2c5e2c7acf17dd,ffb30bcc9ed68e92,3,3,3,AVAILABLE
mikl_gse173098,mikl_gse173098|mikl_gse173098|neurite_soma_mpra|GFP 3UTR MPRA|Neuro-2a|mikl:Ccnd2:0.0:f20154a438f2c7eb,ffb30bcc9ed68e92,6,3,6,AVAILABLE
mikl_gse173098,mikl_gse173098|mikl_gse173098|neurite_soma_mpra|GFP 3UTR MPRA|Neuro-2a|mikl:Ccnd2:100.0:a8961f0e36d04b6b,ffb30bcc9ed68e92,4,3,4,AVAILABLE
mikl_gse173098,mikl_gse173098|mikl_gse173098|neurite_soma_mpra|GFP 3UTR MPRA|Neuro-2a|mikl:Ccnd2:100.0:cec9b441aedd24da,ffb30bcc9ed68e92,2,3,2,AVAILABLE
mikl_gse173098,mikl_gse173098|mikl_gse173098|neurite_soma_mpra|GFP 3UTR MPRA|Neuro-2a|mikl:Ccnd2:2800.0:e2b7e8780e717e9b,ffb30bcc9ed68e92,2,3,2,AVAILABLE
mikl_gse173098,mikl_gse173098|mikl_gse173098|neurite_soma_mpra|GFP 3UTR MPRA|Neuro-2a|mikl:Ccnd2:2850.0:80382b2b29b6443d,ffb30bcc9ed68e92,3,3,3,AVAILABLE
mikl_gse173098,mikl_gse173098|mikl_gse173098|neurite_soma_mpra|GFP 3UTR MPRA|Neuro-2a|mikl:Ccnd2:2900.0:95c13689bdd91c9c,ffb30bcc9ed68e92,2,3,2,AVAILABLE
mikl_gse173098,mikl_gse173098|mikl_gse173098|neurite_soma_mpra|GFP 3UTR MPRA|Neuro-2a|mikl:Ccnd2:300.0:783d39ac5aaf19ce,ffb30bcc9ed68e92,2,3,2,AVAILABLE
mikl_gse173098,mikl_gse173098|mikl_gse173098|neurite_soma_mpra|GFP 3UTR MPRA|Neuro-2a|mikl:Ccnd2:3150.0:6e1102854405ce42,ffb30bcc9ed68e92,2,3,2,AVAILABLE
mikl_gse173098,mikl_gse173098|mikl_gse173098|neurite_soma_mpra|GFP 3UTR MPRA|Neuro-2a|mikl:Ccnd2:3750.0:3b98f8ba27200a57,ffb30bcc9ed68e92,2,3,2,AVAILABLE
mikl_gse173098,mikl_gse173098|mikl_gse173098|neurite_soma_mpra|GFP 3UTR MPRA|Neuro-2a|mikl:Ccnd2:3800.0:c96a831d00cab9ee,ffb30bcc9ed68e92,2,3,2,AVAILABLE
mikl_gse173098,mikl_gse173098|mikl_gse173098|neurite_soma_mpra|GFP 3UTR MPRA|Neuro-2a|mikl:Ccnd2:3900.0:f6b7fdc5bff89591,ffb30bcc9ed68e92,2,3,2,AVAILABLE
mikl_gse173098,mikl_gse173098|mikl_gse173098|neurite_soma_mpra|GFP 3UTR MPRA|Neuro-2a|mikl:Ccnd2:3950.0:52003a73c11dd3cf,ffb30bcc9ed68e92,2,3,2,AVAILABLE
mikl_gse173098,mikl_gse173098|mikl_gse173098|neurite_soma_mpra|GFP 3UTR MPRA|Neuro-2a|mikl:Ccnd2:4500.0:c284925d8daab14a,ffb30bcc9ed68e92,2,3,2,AVAILABLE
mikl_gse173098,mikl_gse173098|mikl_gse173098|neurite_soma_mpra|GFP 3UTR MPRA|Neuro-2a|mikl:Ccnd2:4550.0:eb50e12d27b5333a,ffb30bcc9ed68e92,2,3,2,AVAILABLE
mikl_gse173098,mikl_gse173098|mikl_gse173098|neurite_soma_mpra|GFP 3UTR MPRA|Neuro-2a|mikl:Ccnd2:4750.0:82a517d821466b6b,ffb30bcc9ed68e92,2,3,2,AVAILABLE
mikl_gse173098,mikl_gse173098|mikl_gse173098|neurite_soma_mpra|GFP 3UTR MPRA|Neuro-2a|mikl:Ccnd2:50.0:405c7201623e2c79,ffb30bcc9ed68e92,4,3,4,AVAILABLE
mikl_gse173098,mikl_gse173098|mikl_gse173098|neurite_soma_mpra|GFP 3UTR MPRA|Neuro-2a|mikl:Ccnd2:50.0:70d24cc27d096308,ffb30bcc9ed68e92,2,3,2,AVAILABLE
mikl_gse173098,mikl_gse173098|mikl_gse173098|neurite_soma_mpra|GFP 3UTR MPRA|Neuro-2a|mikl:Ccnd2:850.0:02ed8a7af97c5065,ffb30bcc9ed68e92,2,3,2,AVAILABLE
mikl_gse173098,mikl_gse173098|mikl_gse173098|neurite_soma_mpra|GFP 3UTR MPRA|Neuro-2a|mikl:Ccnd2:900.0:71a591eb053c8104,ffb30bcc9ed68e92,2,3,2,AVAILABLE
mikl_gse173098,mikl_gse173098|mikl_gse173098|neurite_soma_mpra|GFP 3UTR MPRA|Neuro-2a|mikl:Ccnd2:950.0:73a18cb5e1e3ec23,ffb30bcc9ed68e92,2,3,2,AVAILABLE
mikl_gse173098,mikl_gse173098|mikl_gse173098|neurite_soma_mpra|GFP 3UTR MPRA|Neuro-2a|mikl:Ccni:100.0:c2f5d832b2c37639,39d9ce568294f45e,2,3,2,AVAILABLE
mikl_gse173098,mikl_gse173098|mikl_gse173098|neurite_soma_mpra|GFP 3UTR MPRA|Neuro-2a|mikl:Ccni:50.0:b49c70fa771d2059,39d9ce568294f45e,2,3,2,AVAILABLE
mikl_gse173098,mikl_gse173098|mikl_gse173098|neurite_soma_mpra|GFP 3UTR MPRA|Neuro-2a|mikl:Cd84:0.0:38576291e7cf6e2b,13ce20f4aa4e1f54,2,3,2,AVAILABLE
mikl_gse173098,mikl_gse173098|mikl_gse173098|neurite_soma_mpra|GFP 3UTR MPRA|Neuro-2a|mikl:Cd84:1700.0:31f9b9f1ac2e908e,13ce20f4aa4e1f54,3,3,3,AVAILABLE
mikl_gse173098,mikl_gse173098|mikl_gse173098|neurite_soma_mpra|GFP 3UTR MPRA|Neuro-2a|mikl:Cd84:1750.0:56245d95af30a0e7,13ce20f4aa4e1f54,3,3,3,AVAILABLE
mikl_gse173098,mikl_gse173098|mikl_gse173098|neurite_soma_mpra|GFP 3UTR MPRA|Neuro-2a|mikl:Cd84:1800.0:321905c129ea4b32,13ce20f4aa4e1f54,2,3,2,AVAILABLE
mikl_gse173098,mikl_gse173098|mikl_gse173098|neurite_soma_mpra|GFP 3UTR MPRA|Neuro-2a|mikl:Cd84:2300.0:070efb75a5116980,13ce20f4aa4e1f54,2,3,2,AVAILABLE
mikl_gse173098,mikl_gse173098|mikl_gse173098|neurite_soma_mpra|GFP 3UTR MPRA|Neuro-2a|mikl:Cd84:2350.0:551370ea15715c34,13ce20f4aa4e1f54,2,3,2,AVAILABLE
mikl_gse173098,mikl_gse173098|mikl_gse173098|neurite_soma_mpra|GFP 3UTR MPRA|Neuro-2a|mikl:Cd84:50.0:649af93ef490bc42,13ce20f4aa4e1f54,2,3,2,AVAILABLE
mikl_gse173098,mikl_gse173098|mikl_gse173098|neurite_soma_mpra|GFP 3UTR MPRA|Neuro-2a|mikl:Cd84:550.0:aff403a015819b36,13ce20f4aa4e1f54,2,3,2,AVAILABLE
mikl_gse173098,mikl_gse173098|mikl_gse173098|neurite_soma_mpra|GFP 3UTR MPRA|Neuro-2a|mikl:Cd84:600.0:9f2794cf1554347d,13ce20f4aa4e1f54,2,3,2,AVAILABLE
mikl_gse173098,mikl_gse173098|mikl_gse173098|neurite_soma_mpra|GFP 3UTR MPRA|Neuro-2a|mikl:Cd84:650.0:d78b0123324ee639,13ce20f4aa4e1f54,2,3,2,AVAILABLE
mikl_gse173098,mikl_gse173098|mikl_gse173098|neurite_soma_mpra|GFP 3UTR MPRA|Neuro-2a|mikl:Cd84:700.0:8c2553a6d3b3b292,13ce20f4aa4e1f54,2,3,2,AVAILABLE
mikl_gse173098,mikl_gse173098|mikl_gse173098|neurite_soma_mpra|GFP 3UTR MPRA|Neuro-2a|mikl:Cd84:750.0:24aa1e6752a34610,13ce20f4aa4e1f54,2,3,2,AVAILABLE
mikl_gse173098,mikl_gse173098|mikl_gse173098|neurite_soma_mpra|GFP 3UTR MPRA|Neuro-2a|mikl:Cdc42:0.0:d11d8e0d86c627e7,7229a410afb7e561,5,3,5,AVAILABLE
mikl_gse173098,mikl_gse173098|mikl_gse173098|neurite_soma_mpra|GFP 3UTR MPRA|Neuro-2a|mikl:Cdc42:0.0:db0477c0a8d6dda8,7229a410afb7e561,5,3,5,AVAILABLE
mikl_gse173098,mikl_gse173098|mikl_gse173098|neurite_soma_mpra|GFP 3UTR MPRA|Neuro-2a|mikl:Cdc42:100.0:5d342502ab19b913,7229a410afb7e561,4,3,4,AVAILABLE
mikl_gse173098,mikl_gse173098|mikl_gse173098|neurite_soma_mpra|GFP 3UTR MPRA|Neuro-2a|mikl:Cdc42:100.0:61e9b4734a163323,7229a410afb7e561,5,3,5,AVAILABLE
mikl_gse173098,mikl_gse173098|mikl_gse173098|neurite_soma_mpra|GFP 3UTR MPRA|Neuro-2a|mikl:Cdc42:1000.0:ca385c3480faaf18,7229a410afb7e561,3,3,3,AVAILABLE
mikl_gse173098,mikl_gse173098|mikl_gse173098|neurite_soma_mpra|GFP 3UTR MPRA|Neuro-2a|mikl:Cdc42:1050.0:0c0f1b228655abbc,7229a410afb7e561,5,3,5,AVAILABLE
mikl_gse173098,mikl_gse173098|mikl_gse173098|neurite_soma_mpra|GFP 3UTR MPRA|Neuro-2a|mikl:Cdc42:1100.0:f8c6365df750a685,7229a410afb7e561,3,3,3,AVAILABLE
mikl_gse173098,mikl_gse173098|mikl_gse173098|neurite_soma_mpra|GFP 3UTR MPRA|Neuro-2a|mikl:Cdc42:1150.0:dd21e11121c48f7c,7229a410afb7e561,4,3,4,AVAILABLE
mikl_gse173098,mikl_gse173098|mikl_gse173098|neurite_soma_mpra|GFP 3UTR MPRA|Neuro-2a|mikl:Cdc42:1200.0:f67b13a66b211944,7229a410afb7e561,2,3,2,AVAILABLE
mikl_gse173098,mikl_gse173098|mikl_gse173098|neurite_soma_mpra|GFP 3UTR MPRA|Neuro-2a|mikl:Cdc42:150.0:1e5ca43ea5a78774,7229a410afb7e561,7,3,7,AVAILABLE
mikl_gse173098,mikl_gse173098|mikl_gse173098|neurite_soma_mpra|GFP 3UTR MPRA|Neuro-2a|mikl:Cdc42:150.0:95a9ca84f0c6a0f1,7229a410afb7e561,3,3,3,AVAILABLE
mikl_gse173098,mikl_gse173098|mikl_gse173098|neurite_soma_mpra|GFP 3UTR MPRA|Neuro-2a|mikl:Cdc42:200.0:33cc3f298057254a,7229a410afb7e561,7,3,7,AVAILABLE
mikl_gse173098,mikl_gse173098|mikl_gse173098|neurite_soma_mpra|GFP 3UTR MPRA|Neuro-2a|mikl:Cdc42:200.0:c74bb28f75952b22,7229a410afb7e561,2,3,2,AVAILABLE
mikl_gse173098,mikl_gse173098|mikl_gse173098|neurite_soma_mpra|GFP 3UTR MPRA|Neuro-2a|mikl:Cdc42:250.0:08b528504ad03799,7229a410afb7e561,6,3,6,AVAILABLE
mikl_gse173098,mikl_gse173098|mikl_gse173098|neurite_soma_mpra|GFP 3UTR MPRA|Neuro-2a|mikl:Cdc42:250.0:51918db8cfa8b1d0,7229a410afb7e561,2,3,2,AVAILABLE
mikl_gse173098,mikl_gse173098|mikl_gse173098|neurite_soma_mpra|GFP 3UTR MPRA|Neuro-2a|mikl:Cdc42:300.0:6e94a271fc2e40e5,7229a410afb7e561,2,3,2,AVAILABLE
mikl_gse173098,mikl_gse173098|mikl_gse173098|neurite_soma_mpra|GFP 3UTR MPRA|Neuro-2a|mikl:Cdc42:350.0:4d7a013420ed3a81,7229a410afb7e561,2,3,2,AVAILABLE
mikl_gse173098,mikl_gse173098|mikl_gse173098|neurite_soma_mpra|GFP 3UTR MPRA|Neuro-2a|mikl:Cdc42:350.0:e6753b0bb94a4bfc,7229a410afb7e561,2,3,2,AVAILABLE
mikl_gse173098,mikl_gse173098|mikl_gse173098|neurite_soma_mpra|GFP 3UTR MPRA|Neuro-2a|mikl:Cdc42:400.0:b1fa3187fd1cc440,7229a410afb7e561,2,3,2,AVAILABLE
mikl_gse173098,mikl_gse173098|mikl_gse173098|neurite_soma_mpra|GFP 3UTR MPRA|Neuro-2a|mikl:Cdc42:400.0:c44e7be0f13297dc,7229a410afb7e561,3,3,3,AVAILABLE
mikl_gse173098,mikl_gse173098|mikl_gse173098|neurite_soma_mpra|GFP 3UTR MPRA|Neuro-2a|mikl:Cdc42:450.0:3d891bfed757479f,7229a410afb7e561,4,3,4,AVAILABLE
mikl_gse173098,mikl_gse173098|mikl_gse173098|neurite_soma_mpra|GFP 3UTR MPRA|Neuro-2a|mikl:Cdc42:50.0:00e031bd84c201c1,7229a410afb7e561,7,3,7,AVAILABLE
mikl_gse173098,mikl_gse173098|mikl_gse173098|neurite_soma_mpra|GFP 3UTR MPRA|Neuro-2a|mikl:Cdc42:50.0:8f688675aecf22ad,7229a410afb7e561,5,3,5,AVAILABLE
mikl_gse173098,mikl_gse173098|mikl_gse173098|neurite_soma_mpra|GFP 3UTR MPRA|Neuro-2a|mikl:Cdc42:500.0:91c44a621f51683e,7229a410afb7e561,5,3,5,AVAILABLE
mikl_gse173098,mikl_gse173098|mikl_gse173098|neurite_soma_mpra|GFP 3UTR MPRA|Neuro-2a|mikl:Cdc42:600.0:6c33cd5ace67a6bb,7229a410afb7e561,2,3,2,AVAILABLE
mikl_gse173098,mikl_gse173098|mikl_gse173098|neurite_soma_mpra|GFP 3UTR MPRA|Neuro-2a|mikl:Cdc42:650.0:986bce232b45cde5,7229a410afb7e561,3,3,3,AVAILABLE
mikl_gse173098,mikl_gse173098|mikl_gse173098|neurite_soma_mpra|GFP 3UTR MPRA|Neuro-2a|mikl:Cdc42:700.0:e10f9fb8e729c6aa,7229a410afb7e561,4,3,4,AVAILABLE
mikl_gse173098,mikl_gse173098|mikl_gse173098|neurite_soma_mpra|GFP 3UTR MPRA|Neuro-2a|mikl:Cdc42:750.0:4258242bf4de3808,7229a410afb7e561,6,3,6,AVAILABLE
mikl_gse173098,mikl_gse173098|mikl_gse173098|neurite_soma_mpra|GFP 3UTR MPRA|Neuro-2a|mikl:Cdc42:800.0:bfed5cdf3352cfee,7229a410afb7e561,4,3,4,AVAILABLE
mikl_gse173098,mikl_gse173098|mikl_gse173098|neurite_soma_mpra|GFP 3UTR MPRA|Neuro-2a|mikl:Cdc42:850.0:9d5f360cb0a8aabc,7229a410afb7e561,3,3,3,AVAILABLE
mikl_gse173098,mikl_gse173098|mikl_gse173098|neurite_soma_mpra|GFP 3UTR MPRA|Neuro-2a|mikl:Cdc42:950.0:1eebbbd479ce6ba1,7229a410afb7e561,4,3,4,AVAILABLE
mikl_gse173098,mikl_gse173098|mikl_gse173098|neurite_soma_mpra|GFP 3UTR MPRA|Neuro-2a|mikl:Cdk15:200.0:8ff99f9b25581168,9ecc79dec4de86c1,2,3,2,AVAILABLE
mikl_gse173098,mikl_gse173098|mikl_gse173098|neurite_soma_mpra|GFP 3UTR MPRA|Neuro-2a|mikl:Cdk15:250.0:706e74b4e052bfee,9ecc79dec4de86c1,2,3,2,AVAILABLE
mikl_gse173098,mikl_gse173098|mikl_gse173098|neurite_soma_mpra|GFP 3UTR MPRA|Neuro-2a|mikl:Cdk15:300.0:5d15124c918dad9e,9ecc79dec4de86c1,2,3,2,AVAILABLE
mikl_gse173098,mikl_gse173098|mikl_gse173098|neurite_soma_mpra|GFP 3UTR MPRA|Neuro-2a|mikl:Chmp3:0.0:369cb0ee514441ae,cecd812a12810ebc,2,3,2,AVAILABLE
mikl_gse173098,mikl_gse173098|mikl_gse173098|neurite_soma_mpra|GFP 3UTR MPRA|Neuro-2a|mikl:Chmp3:100.0:ba818e473bd52fa0,cecd812a12810ebc,2,3,2,AVAILABLE
mikl_gse173098,mikl_gse173098|mikl_gse173098|neurite_soma_mpra|GFP 3UTR MPRA|Neuro-2a|mikl:Chmp3:1150.0:745ce1b48ae5825e,cecd812a12810ebc,2,3,2,AVAILABLE
mikl_gse173098,mikl_gse173098|mikl_gse173098|neurite_soma_mpra|GFP 3UTR MPRA|Neuro-2a|mikl:Chmp3:1250.0:e06e4fc3d6f2f33f,cecd812a12810ebc,2,3,2,AVAILABLE
mikl_gse173098,mikl_gse173098|mikl_gse173098|neurite_soma_mpra|GFP 3UTR MPRA|Neuro-2a|mikl:Chmp3:1350.0:c4a8aa88edfedd72,cecd812a12810ebc,2,3,2,AVAILABLE
mikl_gse173098,mikl_gse173098|mikl_gse173098|neurite_soma_mpra|GFP 3UTR MPRA|Neuro-2a|mikl:Chmp3:150.0:56d1554654450a1b,cecd812a12810ebc,2,3,2,AVAILABLE
mikl_gse173098,mikl_gse173098|mikl_gse173098|neurite_soma_mpra|GFP 3UTR MPRA|Neuro-2a|mikl:Chmp3:200.0:3ec78b8fdbbcd9dc,cecd812a12810ebc,5,3,5,AVAILABLE
mikl_gse173098,mikl_gse173098|mikl_gse173098|neurite_soma_mpra|GFP 3UTR MPRA|Neuro-2a|mikl:Chmp3:250.0:bc3cf92973579a68,cecd812a12810ebc,2,3,2,AVAILABLE
mikl_gse173098,mikl_gse173098|mikl_gse173098|neurite_soma_mpra|GFP 3UTR MPRA|Neuro-2a|mikl:Chmp3:50.0:7b0e380b01c047b1,cecd812a12810ebc,5,3,5,AVAILABLE
mikl_gse173098,mikl_gse173098|mikl_gse173098|neurite_soma_mpra|GFP 3UTR MPRA|Neuro-2a|mikl:Chmp3:50.0:cce1ed7748f8e298,cecd812a12810ebc,2,3,2,AVAILABLE
mikl_gse173098,mikl_gse173098|mikl_gse173098|neurite_soma_mpra|GFP 3UTR MPRA|Neuro-2a|mikl:Chmp3:700.0:b01267354fa29c64,cecd812a12810ebc,2,3,2,AVAILABLE
mikl_gse173098,mikl_gse173098|mikl_gse173098|neurite_soma_mpra|GFP 3UTR MPRA|Neuro-2a|mikl:Chmp3:750.0:7021b3472de15ebd,cecd812a12810ebc,2,3,2,AVAILABLE
mikl_gse173098,mikl_gse173098|mikl_gse173098|neurite_soma_mpra|GFP 3UTR MPRA|Neuro-2a|mikl:Chmp3:800.0:9f163ebc445612d3,cecd812a12810ebc,2,3,2,AVAILABLE
mikl_gse173098,mikl_gse173098|mikl_gse173098|neurite_soma_mpra|GFP 3UTR MPRA|Neuro-2a|mikl:Chrdl1:1050.0:fe81b4b698dbe8a4,3be2580074097529,2,3,2,AVAILABLE
mikl_gse173098,mikl_gse173098|mikl_gse173098|neurite_soma_mpra|GFP 3UTR MPRA|Neuro-2a|mikl:Chrdl1:1100.0:d513efd0532aed8f,3be2580074097529,2,3,2,AVAILABLE
mikl_gse173098,mikl_gse173098|mikl_gse173098|neurite_soma_mpra|GFP 3UTR MPRA|Neuro-2a|mikl:Chrdl1:1150.0:5b9e38ba95e91a3b,3be2580074097529,2,3,2,AVAILABLE
mikl_gse173098,mikl_gse173098|mikl_gse173098|neurite_soma_mpra|GFP 3UTR MPRA|Neuro-2a|mikl:Chrdl1:150.0:b9218a6363bcf818,3be2580074097529,2,3,2,AVAILABLE
mikl_gse173098,mikl_gse173098|mikl_gse173098|neurite_soma_mpra|GFP 3UTR MPRA|Neuro-2a|mikl:Chrdl1:1700.0:b6ce9145a782a35b,3be2580074097529,2,3,2,AVAILABLE
mikl_gse173098,mikl_gse173098|mikl_gse173098|neurite_soma_mpra|GFP 3UTR MPRA|Neuro-2a|mikl:Chrdl1:1750.0:e1d30425366bbb76,3be2580074097529,3,3,3,AVAILABLE
mikl_gse173098,mikl_gse173098|mikl_gse173098|neurite_soma_mpra|GFP 3UTR MPRA|Neuro-2a|mikl:Chrdl1:1800.0:de9085c87984861f,3be2580074097529,3,3,3,AVAILABLE
mikl_gse173098,mikl_gse173098|mikl_gse173098|neurite_soma_mpra|GFP 3UTR MPRA|Neuro-2a|mikl:Chrdl1:1850.0:aa875be35f9c7e41,3be2580074097529,2,3,2,AVAILABLE
mikl_gse173098,mikl_gse173098|mikl_gse173098|neurite_soma_mpra|GFP 3UTR MPRA|Neuro-2a|mikl:Chrdl1:1900.0:a553ef926ab8c1bf,3be2580074097529,3,3,3,AVAILABLE
mikl_gse173098,mikl_gse173098|mikl_gse173098|neurite_soma_mpra|GFP 3UTR MPRA|Neuro-2a|mikl:Chrdl1:1950.0:46b8e953bc3576eb,3be2580074097529,3,3,3,AVAILABLE
mikl_gse173098,mikl_gse173098|mikl_gse173098|neurite_soma_mpra|GFP 3UTR MPRA|Neuro-2a|mikl:Chrdl1:200.0:12a461ddcee77e45,3be2580074097529,2,3,2,AVAILABLE
mikl_gse173098,mikl_gse173098|mikl_gse173098|neurite_soma_mpra|GFP 3UTR MPRA|Neuro-2a|mikl:Chrdl1:250.0:26521793fe5b6a4f,3be2580074097529,3,3,3,AVAILABLE
mikl_gse173098,mikl_gse173098|mikl_gse173098|neurite_soma_mpra|GFP 3UTR MPRA|Neuro-2a|mikl:Chrdl1:350.0:538db7ef1b7e877e,3be2580074097529,2,3,2,AVAILABLE
mikl_gse173098,mikl_gse173098|mikl_gse173098|neurite_soma_mpra|GFP 3UTR MPRA|Neuro-2a|mikl:Cnot6l:0.0:65f6f0e0f31618ca,12a8a8f47af955e5,3,3,3,AVAILABLE
mikl_gse173098,mikl_gse173098|mikl_gse173098|neurite_soma_mpra|GFP 3UTR MPRA|Neuro-2a|mikl:Cnot6l:100.0:431b6d681ff18dbc,12a8a8f47af955e5,2,3,2,AVAILABLE
mikl_gse173098,mikl_gse173098|mikl_gse173098|neurite_soma_mpra|GFP 3UTR MPRA|Neuro-2a|mikl:Cnot6l:100.0:5013cdb1bb19f5d1,12a8a8f47af955e5,3,3,3,AVAILABLE
mikl_gse173098,mikl_gse173098|mikl_gse173098|neurite_soma_mpra|GFP 3UTR MPRA|Neuro-2a|mikl:Cnot6l:1000.0:b053c8ba23a8a75c,12a8a8f47af955e5,4,3,4,AVAILABLE
mikl_gse173098,mikl_gse173098|mikl_gse173098|neurite_soma_mpra|GFP 3UTR MPRA|Neuro-2a|mikl:Cnot6l:1000.0:d00619b4edf01070,12a8a8f47af955e5,2,3,2,AVAILABLE
mikl_gse173098,mikl_gse173098|mikl_gse173098|neurite_soma_mpra|GFP 3UTR MPRA|Neuro-2a|mikl:Cnot6l:1050.0:1bac2b1b4c5d3936,12a8a8f47af955e5,3,3,3,AVAILABLE
mikl_gse173098,mikl_gse173098|mikl_gse173098|neurite_soma_mpra|GFP 3UTR MPRA|Neuro-2a|mikl:Cnot6l:1250.0:9b4951b793cbd84f,12a8a8f47af955e5,3,3,3,AVAILABLE
mikl_gse173098,mikl_gse173098|mikl_gse173098|neurite_soma_mpra|GFP 3UTR MPRA|Neuro-2a|mikl:Cnot6l:1300.0:ff9560327cb4e8d8,12a8a8f47af955e5,2,3,2,AVAILABLE
mikl_gse173098,mikl_gse173098|mikl_gse173098|neurite_soma_mpra|GFP 3UTR MPRA|Neuro-2a|mikl:Cnot6l:1350.0:da5957fdc2bf582e,12a8a8f47af955e5,3,3,3,AVAILABLE
mikl_gse173098,mikl_gse173098|mikl_gse173098|neurite_soma_mpra|GFP 3UTR MPRA|Neuro-2a|mikl:Cnot6l:1450.0:b721f2f331f2cf29,12a8a8f47af955e5,2,3,2,AVAILABLE
mikl_gse173098,mikl_gse173098|mikl_gse173098|neurite_soma_mpra|GFP 3UTR MPRA|Neuro-2a|mikl:Cnot6l:150.0:cd207dd7b8db48d0,12a8a8f47af955e5,2,3,2,AVAILABLE
mikl_gse173098,mikl_gse173098|mikl_gse173098|neurite_soma_mpra|GFP 3UTR MPRA|Neuro-2a|mikl:Cnot6l:1500.0:09f2ce1f4a8e56af,12a8a8f47af955e5,2,3,2,AVAILABLE
mikl_gse173098,mikl_gse173098|mikl_gse173098|neurite_soma_mpra|GFP 3UTR MPRA|Neuro-2a|mikl:Cnot6l:1500.0:5033ea1ad486c8a7,12a8a8f47af955e5,6,3,6,AVAILABLE
mikl_gse173098,mikl_gse173098|mikl_gse173098|neurite_soma_mpra|GFP 3UTR MPRA|Neuro-2a|mikl:Cnot6l:1550.0:290315146d1c03ca,12a8a8f47af955e5,7,3,7,AVAILABLE
mikl_gse173098,mikl_gse173098|mikl_gse173098|neurite_soma_mpra|GFP 3UTR MPRA|Neuro-2a|mikl:Cnot6l:1550.0:7e079437d199b404,12a8a8f47af955e5,4,3,4,AVAILABLE
mikl_gse173098,mikl_gse173098|mikl_gse173098|neurite_soma_mpra|GFP 3UTR MPRA|Neuro-2a|mikl:Cnot6l:1600.0:371aa110485978fb,12a8a8f47af955e5,5,3,5,AVAILABLE
mikl_gse173098,mikl_gse173098|mikl_gse173098|neurite_soma_mpra|GFP 3UTR MPRA|Neuro-2a|mikl:Cnot6l:1600.0:95f8e8f4095cebb2,12a8a8f47af955e5,2,3,2,AVAILABLE
mikl_gse173098,mikl_gse173098|mikl_gse173098|neurite_soma_mpra|GFP 3UTR MPRA|Neuro-2a|mikl:Cnot6l:1650.0:f8503c66eb4648e3,12a8a8f47af955e5,2,3,2,AVAILABLE
mikl_gse173098,mikl_gse173098|mikl_gse173098|neurite_soma_mpra|GFP 3UTR MPRA|Neuro-2a|mikl:Cnot6l:1700.0:56a871e6c30c52dc,12a8a8f47af955e5,4,3,4,AVAILABLE
mikl_gse173098,mikl_gse173098|mikl_gse173098|neurite_soma_mpra|GFP 3UTR MPRA|Neuro-2a|mikl:Cnot6l:1700.0:d30a811f0c60b682,12a8a8f47af955e5,3,3,3,AVAILABLE
mikl_gse173098,mikl_gse173098|mikl_gse173098|neurite_soma_mpra|GFP 3UTR MPRA|Neuro-2a|mikl:Cnot6l:1750.0:9e673ada028f0f16,12a8a8f47af955e5,5,3,5,AVAILABLE
mikl_gse173098,mikl_gse173098|mikl_gse173098|neurite_soma_mpra|GFP 3UTR MPRA|Neuro-2a|mikl:Cnot6l:1750.0:bbdc3c4f38259817,12a8a8f47af955e5,3,3,3,AVAILABLE
mikl_gse173098,mikl_gse173098|mikl_gse173098|neurite_soma_mpra|GFP 3UTR MPRA|Neuro-2a|mikl:Cnot6l:1800.0:c88bd58f63c4d095,12a8a8f47af955e5,6,3,6,AVAILABLE
mikl_gse173098,mikl_gse173098|mikl_gse173098|neurite_soma_mpra|GFP 3UTR MPRA|Neuro-2a|mikl:Cnot6l:1800.0:dd42006cfb41e77b,12a8a8f47af955e5,7,3,7,AVAILABLE
mikl_gse173098,mikl_gse173098|mikl_gse173098|neurite_soma_mpra|GFP 3UTR MPRA|Neuro-2a|mikl:Cnot6l:1850.0:174de7f872e86ce9,12a8a8f47af955e5,3,3,3,AVAILABLE
mikl_gse173098,mikl_gse173098|mikl_gse173098|neurite_soma_mpra|GFP 3UTR MPRA|Neuro-2a|mikl:Cnot6l:1850.0:9eae929c392c144e,12a8a8f47af955e5,6,3,6,AVAILABLE
mikl_gse173098,mikl_gse173098|mikl_gse173098|neurite_soma_mpra|GFP 3UTR MPRA|Neuro-2a|mikl:Cnot6l:1900.0:75dce2b490b03394,12a8a8f47af955e5,4,3,4,AVAILABLE
mikl_gse173098,mikl_gse173098|mikl_gse173098|neurite_soma_mpra|GFP 3UTR MPRA|Neuro-2a|mikl:Cnot6l:1900.0:d2c7561ace29a245,12a8a8f47af955e5,4,3,4,AVAILABLE
mikl_gse173098,mikl_gse173098|mikl_gse173098|neurite_soma_mpra|GFP 3UTR MPRA|Neuro-2a|mikl:Cnot6l:1950.0:c75a689a864aed57,12a8a8f47af955e5,2,3,2,AVAILABLE
mikl_gse173098,mikl_gse173098|mikl_gse173098|neurite_soma_mpra|GFP 3UTR MPRA|Neuro-2a|mikl:Cnot6l:1950.0:c94322ff1111a29a,12a8a8f47af955e5,5,3,5,AVAILABLE
mikl_gse173098,mikl_gse173098|mikl_gse173098|neurite_soma_mpra|GFP 3UTR MPRA|Neuro-2a|mikl:Cnot6l:200.0:6ede45fa74c868f2,12a8a8f47af955e5,4,3,4,AVAILABLE
mikl_gse173098,mikl_gse173098|mikl_gse173098|neurite_soma_mpra|GFP 3UTR MPRA|Neuro-2a|mikl:Cnot6l:2000.0:4941ee54f6b5f0dc,12a8a8f47af955e5,5,3,5,AVAILABLE
mikl_gse173098,mikl_gse173098|mikl_gse173098|neurite_soma_mpra|GFP 3UTR MPRA|Neuro-2a|mikl:Cnot6l:2000.0:c7cf1f28ee8315a6,12a8a8f47af955e5,2,3,2,AVAILABLE
mikl_gse173098,mikl_gse173098|mikl_gse173098|neurite_soma_mpra|GFP 3UTR MPRA|Neuro-2a|mikl:Cnot6l:2050.0:1019a0d5787117e7,12a8a8f47af955e5,2,3,2,AVAILABLE
mikl_gse173098,mikl_gse173098|mikl_gse173098|neurite_soma_mpra|GFP 3UTR MPRA|Neuro-2a|mikl:Cnot6l:2050.0:4a7e3693cbc297c0,12a8a8f47af955e5,4,3,4,AVAILABLE
mikl_gse173098,mikl_gse173098|mikl_gse173098|neurite_soma_mpra|GFP 3UTR MPRA|Neuro-2a|mikl:Cnot6l:2100.0:97d745c1b6059ceb,12a8a8f47af955e5,4,3,4,AVAILABLE
mikl_gse173098,mikl_gse173098|mikl_gse173098|neurite_soma_mpra|GFP 3UTR MPRA|Neuro-2a|mikl:Cnot6l:2100.0:d6b018d07b80dd2a,12a8a8f47af955e5,3,3,3,AVAILABLE
mikl_gse173098,mikl_gse173098|mikl_gse173098|neurite_soma_mpra|GFP 3UTR MPRA|Neuro-2a|mikl:Cnot6l:2150.0:2f02e33402192bb9,12a8a8f47af955e5,3,3,3,AVAILABLE
mikl_gse173098,mikl_gse173098|mikl_gse173098|neurite_soma_mpra|GFP 3UTR MPRA|Neuro-2a|mikl:Cnot6l:2200.0:238bcb6429f029d1,12a8a8f47af955e5,2,3,2,AVAILABLE
mikl_gse173098,mikl_gse173098|mikl_gse173098|neurite_soma_mpra|GFP 3UTR MPRA|Neuro-2a|mikl:Cnot6l:2200.0:be2be4f84b857cff,12a8a8f47af955e5,3,3,3,AVAILABLE
mikl_gse173098,mikl_gse173098|mikl_gse173098|neurite_soma_mpra|GFP 3UTR MPRA|Neuro-2a|mikl:Cnot6l:2250.0:6b8ba2f14d7a28ad,12a8a8f47af955e5,5,3,5,AVAILABLE
mikl_gse173098,mikl_gse173098|mikl_gse173098|neurite_soma_mpra|GFP 3UTR MPRA|Neuro-2a|mikl:Cnot6l:2250.0:b0aa89b9226602b6,12a8a8f47af955e5,3,3,3,AVAILABLE
mikl_gse173098,mikl_gse173098|mikl_gse173098|neurite_soma_mpra|GFP 3UTR MPRA|Neuro-2a|mikl:Cnot6l:2300.0:039e31fb2a445ba0,12a8a8f47af955e5,3,3,3,AVAILABLE
mikl_gse173098,mikl_gse173098|mikl_gse173098|neurite_soma_mpra|GFP 3UTR MPRA|Neuro-2a|mikl:Cnot6l:2300.0:cc8e7cef9aa2e507,12a8a8f47af955e5,6,3,6,AVAILABLE
mikl_gse173098,mikl_gse173098|mikl_gse173098|neurite_soma_mpra|GFP 3UTR MPRA|Neuro-2a|mikl:Cnot6l:2350.0:36ef76f1746b72d9,12a8a8f47af955e5,9,3,9,AVAILABLE
mikl_gse173098,mikl_gse173098|mikl_gse173098|neurite_soma_mpra|GFP 3UTR MPRA|Neuro-2a|mikl:Cnot6l:2350.0:458daf474fbf4089,12a8a8f47af955e5,3,3,3,AVAILABLE
mikl_gse173098,mikl_gse173098|mikl_gse173098|neurite_soma_mpra|GFP 3UTR MPRA|Neuro-2a|mikl:Cnot6l:2400.0:8807a4a66adca99c,12a8a8f47af955e5,8,3,8,AVAILABLE
mikl_gse173098,mikl_gse173098|mikl_gse173098|neurite_soma_mpra|GFP 3UTR MPRA|Neuro-2a|mikl:Cnot6l:2400.0:c88c74cfe697a3c2,12a8a8f47af955e5,5,3,5,AVAILABLE
mikl_gse173098,mikl_gse173098|mikl_gse173098|neurite_soma_mpra|GFP 3UTR MPRA|Neuro-2a|mikl:Cnot6l:2450.0:33b2e9b1a69114e4,12a8a8f47af955e5,3,3,3,AVAILABLE
mikl_gse173098,mikl_gse173098|mikl_gse173098|neurite_soma_mpra|GFP 3UTR MPRA|Neuro-2a|mikl:Cnot6l:2450.0:82a7d5cd65eb605e,12a8a8f47af955e5,5,3,5,AVAILABLE
mikl_gse173098,mikl_gse173098|mikl_gse173098|neurite_soma_mpra|GFP 3UTR MPRA|Neuro-2a|mikl:Cnot6l:250.0:51d697caacfb9846,12a8a8f47af955e5,7,3,7,AVAILABLE
mikl_gse173098,mikl_gse173098|mikl_gse173098|neurite_soma_mpra|GFP 3UTR MPRA|Neuro-2a|mikl:Cnot6l:250.0:daa5373c209e1e4c,12a8a8f47af955e5,3,3,3,AVAILABLE
mikl_gse173098,mikl_gse173098|mikl_gse173098|neurite_soma_mpra|GFP 3UTR MPRA|Neuro-2a|mikl:Cnot6l:2500.0:1582f199585c22b7,12a8a8f47af955e5,5,3,5,AVAILABLE
mikl_gse173098,mikl_gse173098|mikl_gse173098|neurite_soma_mpra|GFP 3UTR MPRA|Neuro-2a|mikl:Cnot6l:2500.0:912f9eaf35a25ecd,12a8a8f47af955e5,2,3,2,AVAILABLE
mikl_gse173098,mikl_gse173098|mikl_gse173098|neurite_soma_mpra|GFP 3UTR MPRA|Neuro-2a|mikl:Cnot6l:2550.0:11478622303ca3ce,12a8a8f47af955e5,4,3,4,AVAILABLE
mikl_gse173098,mikl_gse173098|mikl_gse173098|neurite_soma_mpra|GFP 3UTR MPRA|Neuro-2a|mikl:Cnot6l:2550.0:c7adad82cadc0765,12a8a8f47af955e5,3,3,3,AVAILABLE
mikl_gse173098,mikl_gse173098|mikl_gse173098|neurite_soma_mpra|GFP 3UTR MPRA|Neuro-2a|mikl:Cnot6l:2600.0:51ffc88b6c36d7b7,12a8a8f47af955e5,2,3,2,AVAILABLE
mikl_gse173098,mikl_gse173098|mikl_gse173098|neurite_soma_mpra|GFP 3UTR MPRA|Neuro-2a|mikl:Cnot6l:2600.0:d106662636d45894,12a8a8f47af955e5,2,3,2,AVAILABLE
mikl_gse173098,mikl_gse173098|mikl_gse173098|neurite_soma_mpra|GFP 3UTR MPRA|Neuro-2a|mikl:Cnot6l:2650.0:d02fed89083ebc26,12a8a8f47af955e5,3,3,3,AVAILABLE
mikl_gse173098,mikl_gse173098|mikl_gse173098|neurite_soma_mpra|GFP 3UTR MPRA|Neuro-2a|mikl:Cnot6l:2800.0:68604cd424949993,12a8a8f47af955e5,2,3,2,AVAILABLE
mikl_gse173098,mikl_gse173098|mikl_gse173098|neurite_soma_mpra|GFP 3UTR MPRA|Neuro-2a|mikl:Cnot6l:2800.0:fb24275aa41167bf,12a8a8f47af955e5,3,3,3,AVAILABLE
mikl_gse173098,mikl_gse173098|mikl_gse173098|neurite_soma_mpra|GFP 3UTR MPRA|Neuro-2a|mikl:Cnot6l:2850.0:60e3a15da970041d,12a8a8f47af955e5,2,3,2,AVAILABLE
mikl_gse173098,mikl_gse173098|mikl_gse173098|neurite_soma_mpra|GFP 3UTR MPRA|Neuro-2a|mikl:Cnot6l:2850.0:b8b3a31e382a1ad7,12a8a8f47af955e5,3,3,3,AVAILABLE
mikl_gse173098,mikl_gse173098|mikl_gse173098|neurite_soma_mpra|GFP 3UTR MPRA|Neuro-2a|mikl:Cnot6l:2900.0:cb16fe5c699327d8,12a8a8f47af955e5,7,3,7,AVAILABLE
mikl_gse173098,mikl_gse173098|mikl_gse173098|neurite_soma_mpra|GFP 3UTR MPRA|Neuro-2a|mikl:Cnot6l:2900.0:ebcbd596f6b55155,12a8a8f47af955e5,3,3,3,AVAILABLE
mikl_gse173098,mikl_gse173098|mikl_gse173098|neurite_soma_mpra|GFP 3UTR MPRA|Neuro-2a|mikl:Cnot6l:2950.0:272325bc9df132d3,12a8a8f47af955e5,6,3,6,AVAILABLE
mikl_gse173098,mikl_gse173098|mikl_gse173098|neurite_soma_mpra|GFP 3UTR MPRA|Neuro-2a|mikl:Cnot6l:300.0:565c63945d951be6,12a8a8f47af955e5,7,3,7,AVAILABLE
mikl_gse173098,mikl_gse173098|mikl_gse173098|neurite_soma_mpra|GFP 3UTR MPRA|Neuro-2a|mikl:Cnot6l:300.0:ceb7d64e750c03ca,12a8a8f47af955e5,2,3,2,AVAILABLE
mikl_gse173098,mikl_gse173098|mikl_gse173098|neurite_soma_mpra|GFP 3UTR MPRA|Neuro-2a|mikl:Cnot6l:3000.0:e4a87785be9c539d,12a8a8f47af955e5,8,3,8,AVAILABLE
mikl_gse173098,mikl_gse173098|mikl_gse173098|neurite_soma_mpra|GFP 3UTR MPRA|Neuro-2a|mikl:Cnot6l:3350.0:c5b727bf08affade,12a8a8f47af955e5,3,3,3,AVAILABLE
mikl_gse173098,mikl_gse173098|mikl_gse173098|neurite_soma_mpra|GFP 3UTR MPRA|Neuro-2a|mikl:Cnot6l:3400.0:df0d91d5c8ffde0a,12a8a8f47af955e5,6,3,6,AVAILABLE
mikl_gse173098,mikl_gse173098|mikl_gse173098|neurite_soma_mpra|GFP 3UTR MPRA|Neuro-2a|mikl:Cnot6l:3450.0:d4747a280ebd6971,12a8a8f47af955e5,5,3,5,AVAILABLE
mikl_gse173098,mikl_gse173098|mikl_gse173098|neurite_soma_mpra|GFP 3UTR MPRA|Neuro-2a|mikl:Cnot6l:350.0:b2379a07f432c6bd,12a8a8f47af955e5,5,3,5,AVAILABLE
mikl_gse173098,mikl_gse173098|mikl_gse173098|neurite_soma_mpra|GFP 3UTR MPRA|Neuro-2a|mikl:Cnot6l:3500.0:787a1aa2fadef871,12a8a8f47af955e5,2,3,2,AVAILABLE
mikl_gse173098,mikl_gse173098|mikl_gse173098|neurite_soma_mpra|GFP 3UTR MPRA|Neuro-2a|mikl:Cnot6l:3550.0:f3663eeb5e0006c0,12a8a8f47af955e5,3,3,3,AVAILABLE
mikl_gse173098,mikl_gse173098|mikl_gse173098|neurite_soma_mpra|GFP 3UTR MPRA|Neuro-2a|mikl:Cnot6l:3600.0:21a8473e8c7e60d5,12a8a8f47af955e5,4,3,4,AVAILABLE
mikl_gse173098,mikl_gse173098|mikl_gse173098|neurite_soma_mpra|GFP 3UTR MPRA|Neuro-2a|mikl:Cnot6l:3650.0:a5446579e61cf0e7,12a8a8f47af955e5,2,3,2,AVAILABLE
mikl_gse173098,mikl_gse173098|mikl_gse173098|neurite_soma_mpra|GFP 3UTR MPRA|Neuro-2a|mikl:Cnot6l:3750.0:cf7d9cf44007d6ce,12a8a8f47af955e5,2,3,2,AVAILABLE
mikl_gse173098,mikl_gse173098|mikl_gse173098|neurite_soma_mpra|GFP 3UTR MPRA|Neuro-2a|mikl:Cnot6l:3850.0:179cde379ba522bc,12a8a8f47af955e5,4,3,4,AVAILABLE
mikl_gse173098,mikl_gse173098|mikl_gse173098|neurite_soma_mpra|GFP 3UTR MPRA|Neuro-2a|mikl:Cnot6l:3900.0:66bdf23f763ef560,12a8a8f47af955e5,5,3,5,AVAILABLE
mikl_gse173098,mikl_gse173098|mikl_gse173098|neurite_soma_mpra|GFP 3UTR MPRA|Neuro-2a|mikl:Cnot6l:3950.0:8e33dd06eefd5699,12a8a8f47af955e5,3,3,3,AVAILABLE
mikl_gse173098,mikl_gse173098|mikl_gse173098|neurite_soma_mpra|GFP 3UTR MPRA|Neuro-2a|mikl:Cnot6l:400.0:fb3539046bda9bb0,12a8a8f47af955e5,4,3,4,AVAILABLE
mikl_gse173098,mikl_gse173098|mikl_gse173098|neurite_soma_mpra|GFP 3UTR MPRA|Neuro-2a|mikl:Cnot6l:4000.0:65e3b61c0c29a320,12a8a8f47af955e5,3,3,3,AVAILABLE
mikl_gse173098,mikl_gse173098|mikl_gse173098|neurite_soma_mpra|GFP 3UTR MPRA|Neuro-2a|mikl:Cnot6l:4050.0:b207e6c618e551a1,12a8a8f47af955e5,2,3,2,AVAILABLE
mikl_gse173098,mikl_gse173098|mikl_gse173098|neurite_soma_mpra|GFP 3UTR MPRA|Neuro-2a|mikl:Cnot6l:4100.0:78cd3e8203502682,12a8a8f47af955e5,2,3,2,AVAILABLE
mikl_gse173098,mikl_gse173098|mikl_gse173098|neurite_soma_mpra|GFP 3UTR MPRA|Neuro-2a|mikl:Cnot6l:4200.0:047f7f0c07bc6436,12a8a8f47af955e5,5,3,5,AVAILABLE
mikl_gse173098,mikl_gse173098|mikl_gse173098|neurite_soma_mpra|GFP 3UTR MPRA|Neuro-2a|mikl:Cnot6l:4250.0:9c448ce6a595ae71,12a8a8f47af955e5,7,3,7,AVAILABLE
mikl_gse173098,mikl_gse173098|mikl_gse173098|neurite_soma_mpra|GFP 3UTR MPRA|Neuro-2a|mikl:Cnot6l:4300.0:ad764de07b15350f,12a8a8f47af955e5,6,3,6,AVAILABLE
mikl_gse173098,mikl_gse173098|mikl_gse173098|neurite_soma_mpra|GFP 3UTR MPRA|Neuro-2a|mikl:Cnot6l:4350.0:ec8c1913366568a9,12a8a8f47af955e5,5,3,5,AVAILABLE
mikl_gse173098,mikl_gse173098|mikl_gse173098|neurite_soma_mpra|GFP 3UTR MPRA|Neuro-2a|mikl:Cnot6l:4400.0:c442ec2812678cda,12a8a8f47af955e5,4,3,4,AVAILABLE
mikl_gse173098,mikl_gse173098|mikl_gse173098|neurite_soma_mpra|GFP 3UTR MPRA|Neuro-2a|mikl:Cnot6l:4450.0:6f7d5f241becb93d,12a8a8f47af955e5,4,3,4,AVAILABLE
mikl_gse173098,mikl_gse173098|mikl_gse173098|neurite_soma_mpra|GFP 3UTR MPRA|Neuro-2a|mikl:Cnot6l:450.0:665a878eb70f5277,12a8a8f47af955e5,2,3,2,AVAILABLE
mikl_gse173098,mikl_gse173098|mikl_gse173098|neurite_soma_mpra|GFP 3UTR MPRA|Neuro-2a|mikl:Cnot6l:450.0:f2de06a14d2e079a,12a8a8f47af955e5,3,3,3,AVAILABLE
mikl_gse173098,mikl_gse173098|mikl_gse173098|neurite_soma_mpra|GFP 3UTR MPRA|Neuro-2a|mikl:Cnot6l:4500.0:e3bf5007303cfaef,12a8a8f47af955e5,3,3,3,AVAILABLE
mikl_gse173098,mikl_gse173098|mikl_gse173098|neurite_soma_mpra|GFP 3UTR MPRA|Neuro-2a|mikl:Cnot6l:4550.0:a0481b979dcacf2e,12a8a8f47af955e5,2,3,2,AVAILABLE
mikl_gse173098,mikl_gse173098|mikl_gse173098|neurite_soma_mpra|GFP 3UTR MPRA|Neuro-2a|mikl:Cnot6l:4600.0:b1122c2cda4d8fbd,12a8a8f47af955e5,3,3,3,AVAILABLE
mikl_gse173098,mikl_gse173098|mikl_gse173098|neurite_soma_mpra|GFP 3UTR MPRA|Neuro-2a|mikl:Cnot6l:4700.0:219a6717b33a192a,12a8a8f47af955e5,2,3,2,AVAILABLE
mikl_gse173098,mikl_gse173098|mikl_gse173098|neurite_soma_mpra|GFP 3UTR MPRA|Neuro-2a|mikl:Cnot6l:4850.0:3831f229cebb797c,12a8a8f47af955e5,2,3,2,AVAILABLE
mikl_gse173098,mikl_gse173098|mikl_gse173098|neurite_soma_mpra|GFP 3UTR MPRA|Neuro-2a|mikl:Cnot6l:4900.0:d18fe3376696ad55,12a8a8f47af955e5,2,3,2,AVAILABLE
mikl_gse173098,mikl_gse173098|mikl_gse173098|neurite_soma_mpra|GFP 3UTR MPRA|Neuro-2a|mikl:Cnot6l:4950.0:89fff2addb29167f,12a8a8f47af955e5,2,3,2,AVAILABLE
mikl_gse173098,mikl_gse173098|mikl_gse173098|neurite_soma_mpra|GFP 3UTR MPRA|Neuro-2a|mikl:Cnot6l:50.0:840cb55bb43a7272,12a8a8f47af955e5,3,3,3,AVAILABLE
mikl_gse173098,mikl_gse173098|mikl_gse173098|neurite_soma_mpra|GFP 3UTR MPRA|Neuro-2a|mikl:Cnot6l:500.0:b37ae5884624cc1e,12a8a8f47af955e5,6,3,6,AVAILABLE
mikl_gse173098,mikl_gse173098|mikl_gse173098|neurite_soma_mpra|GFP 3UTR MPRA|Neuro-2a|mikl:Cnot6l:5100.0:4dd641a26f3a1132,12a8a8f47af955e5,2,3,2,AVAILABLE
mikl_gse173098,mikl_gse173098|mikl_gse173098|neurite_soma_mpra|GFP 3UTR MPRA|Neuro-2a|mikl:Cnot6l:5150.0:72c93cd58c652f9d,12a8a8f47af955e5,2,3,2,AVAILABLE
mikl_gse173098,mikl_gse173098|mikl_gse173098|neurite_soma_mpra|GFP 3UTR MPRA|Neuro-2a|mikl:Cnot6l:5200.0:46b21bb17cecbce4,12a8a8f47af955e5,3,3,3,AVAILABLE
mikl_gse173098,mikl_gse173098|mikl_gse173098|neurite_soma_mpra|GFP 3UTR MPRA|Neuro-2a|mikl:Cnot6l:5250.0:823a0c0f92685558,12a8a8f47af955e5,2,3,2,AVAILABLE
mikl_gse173098,mikl_gse173098|mikl_gse173098|neurite_soma_mpra|GFP 3UTR MPRA|Neuro-2a|mikl:Cnot6l:5350.0:88760c3bd4958ba7,12a8a8f47af955e5,3,3,3,AVAILABLE
mikl_gse173098,mikl_gse173098|mikl_gse173098|neurite_soma_mpra|GFP 3UTR MPRA|Neuro-2a|mikl:Cnot6l:5400.0:5f618c60b36f7973,12a8a8f47af955e5,3,3,3,AVAILABLE
mikl_gse173098,mikl_gse173098|mikl_gse173098|neurite_soma_mpra|GFP 3UTR MPRA|Neuro-2a|mikl:Cnot6l:5450.0:28e44e4e2dd42492,12a8a8f47af955e5,2,3,2,AVAILABLE
mikl_gse173098,mikl_gse173098|mikl_gse173098|neurite_soma_mpra|GFP 3UTR MPRA|Neuro-2a|mikl:Cnot6l:550.0:a9dcf07b47117467,12a8a8f47af955e5,4,3,4,AVAILABLE
mikl_gse173098,mikl_gse173098|mikl_gse173098|neurite_soma_mpra|GFP 3UTR MPRA|Neuro-2a|mikl:Cnot6l:550.0:e802c9144ac809ed,12a8a8f47af955e5,5,3,5,AVAILABLE
mikl_gse173098,mikl_gse173098|mikl_gse173098|neurite_soma_mpra|GFP 3UTR MPRA|Neuro-2a|mikl:Cnot6l:5600.0:250804dfea56fbe6,12a8a8f47af955e5,2,3,2,AVAILABLE
mikl_gse173098,mikl_gse173098|mikl_gse173098|neurite_soma_mpra|GFP 3UTR MPRA|Neuro-2a|mikl:Cnot6l:5650.0:5e0f07f60b97882e,12a8a8f47af955e5,2,3,2,AVAILABLE
mikl_gse173098,mikl_gse173098|mikl_gse173098|neurite_soma_mpra|GFP 3UTR MPRA|Neuro-2a|mikl:Cnot6l:5700.0:9eac6a4b28be3fea,12a8a8f47af955e5,4,3,4,AVAILABLE
mikl_gse173098,mikl_gse173098|mikl_gse173098|neurite_soma_mpra|GFP 3UTR MPRA|Neuro-2a|mikl:Cnot6l:5750.0:ce9bed38275b6d50,12a8a8f47af955e5,3,3,3,AVAILABLE
mikl_gse173098,mikl_gse173098|mikl_gse173098|neurite_soma_mpra|GFP 3UTR MPRA|Neuro-2a|mikl:Cnot6l:5800.0:95ce18cfab4a3318,12a8a8f47af955e5,3,3,3,AVAILABLE
mikl_gse173098,mikl_gse173098|mikl_gse173098|neurite_soma_mpra|GFP 3UTR MPRA|Neuro-2a|mikl:Cnot6l:5900.0:930f3f5add0416e5,12a8a8f47af955e5,3,3,3,AVAILABLE
mikl_gse173098,mikl_gse173098|mikl_gse173098|neurite_soma_mpra|GFP 3UTR MPRA|Neuro-2a|mikl:Cnot6l:5950.0:78c31949dc6989bd,12a8a8f47af955e5,2,3,2,AVAILABLE
mikl_gse173098,mikl_gse173098|mikl_gse173098|neurite_soma_mpra|GFP 3UTR MPRA|Neuro-2a|mikl:Cnot6l:600.0:5d5505ea86d642b0,12a8a8f47af955e5,5,3,5,AVAILABLE
mikl_gse173098,mikl_gse173098|mikl_gse173098|neurite_soma_mpra|GFP 3UTR MPRA|Neuro-2a|mikl:Cnot6l:600.0:6f13adde7af9439c,12a8a8f47af955e5,2,3,2,AVAILABLE
mikl_gse173098,mikl_gse173098|mikl_gse173098|neurite_soma_mpra|GFP 3UTR MPRA|Neuro-2a|mikl:Cnot6l:6000.0:e7fba27541c0f6b3,12a8a8f47af955e5,3,3,3,AVAILABLE
mikl_gse173098,mikl_gse173098|mikl_gse173098|neurite_soma_mpra|GFP 3UTR MPRA|Neuro-2a|mikl:Cnot6l:6100.0:8a55044133a5f063,12a8a8f47af955e5,4,3,4,AVAILABLE
mikl_gse173098,mikl_gse173098|mikl_gse173098|neurite_soma_mpra|GFP 3UTR MPRA|Neuro-2a|mikl:Cnot6l:6150.0:062998d603812fdb,12a8a8f47af955e5,5,3,5,AVAILABLE
mikl_gse173098,mikl_gse173098|mikl_gse173098|neurite_soma_mpra|GFP 3UTR MPRA|Neuro-2a|mikl:Cnot6l:6200.0:fbd986d93fb6ce2f,12a8a8f47af955e5,6,3,6,AVAILABLE
mikl_gse173098,mikl_gse173098|mikl_gse173098|neurite_soma_mpra|GFP 3UTR MPRA|Neuro-2a|mikl:Cnot6l:6250.0:dbff814661115ddd,12a8a8f47af955e5,4,3,4,AVAILABLE
mikl_gse173098,mikl_gse173098|mikl_gse173098|neurite_soma_mpra|GFP 3UTR MPRA|Neuro-2a|mikl:Cnot6l:6300.0:50a31fd925d2c65c,12a8a8f47af955e5,3,3,3,AVAILABLE
mikl_gse173098,mikl_gse173098|mikl_gse173098|neurite_soma_mpra|GFP 3UTR MPRA|Neuro-2a|mikl:Cnot6l:6350.0:683af2add4245be4,12a8a8f47af955e5,4,3,4,AVAILABLE
mikl_gse173098,mikl_gse173098|mikl_gse173098|neurite_soma_mpra|GFP 3UTR MPRA|Neuro-2a|mikl:Cnot6l:6400.0:d6373b6923ad2b51,12a8a8f47af955e5,3,3,3,AVAILABLE
mikl_gse173098,mikl_gse173098|mikl_gse173098|neurite_soma_mpra|GFP 3UTR MPRA|Neuro-2a|mikl:Cnot6l:6450.0:a355605f06a1a5e2,12a8a8f47af955e5,3,3,3,AVAILABLE
mikl_gse173098,mikl_gse173098|mikl_gse173098|neurite_soma_mpra|GFP 3UTR MPRA|Neuro-2a|mikl:Cnot6l:650.0:06357a31038e2e29,12a8a8f47af955e5,3,3,3,AVAILABLE
mikl_gse173098,mikl_gse173098|mikl_gse173098|neurite_soma_mpra|GFP 3UTR MPRA|Neuro-2a|mikl:Cnot6l:650.0:7d4bb812c085abab,12a8a8f47af955e5,3,3,3,AVAILABLE
mikl_gse173098,mikl_gse173098|mikl_gse173098|neurite_soma_mpra|GFP 3UTR MPRA|Neuro-2a|mikl:Cnot6l:6500.0:8be257255b2fe2f0,12a8a8f47af955e5,2,3,2,AVAILABLE
mikl_gse173098,mikl_gse173098|mikl_gse173098|neurite_soma_mpra|GFP 3UTR MPRA|Neuro-2a|mikl:Cnot6l:6600.0:8b7097509a0501b1,12a8a8f47af955e5,3,3,3,AVAILABLE
mikl_gse173098,mikl_gse173098|mikl_gse173098|neurite_soma_mpra|GFP 3UTR MPRA|Neuro-2a|mikl:Cnot6l:6650.0:c0dece124ef9fcf4,12a8a8f47af955e5,4,3,4,AVAILABLE
mikl_gse173098,mikl_gse173098|mikl_gse173098|neurite_soma_mpra|GFP 3UTR MPRA|Neuro-2a|mikl:Cnot6l:700.0:ac84dd00b6156e1e,12a8a8f47af955e5,3,3,3,AVAILABLE
mikl_gse173098,mikl_gse173098|mikl_gse173098|neurite_soma_mpra|GFP 3UTR MPRA|Neuro-2a|mikl:Cnot6l:750.0:16baae9a3483957f,12a8a8f47af955e5,5,3,5,AVAILABLE
mikl_gse173098,mikl_gse173098|mikl_gse173098|neurite_soma_mpra|GFP 3UTR MPRA|Neuro-2a|mikl:Cnot6l:800.0:8619e46a5aea2a77,12a8a8f47af955e5,2,3,2,AVAILABLE
mikl_gse173098,mikl_gse173098|mikl_gse173098|neurite_soma_mpra|GFP 3UTR MPRA|Neuro-2a|mikl:Cnot6l:850.0:2a4113ed4d382883,12a8a8f47af955e5,5,3,5,AVAILABLE
mikl_gse173098,mikl_gse173098|mikl_gse173098|neurite_soma_mpra|GFP 3UTR MPRA|Neuro-2a|mikl:Cnot6l:900.0:1884cad6f4072331,12a8a8f47af955e5,3,3,3,AVAILABLE
mikl_gse173098,mikl_gse173098|mikl_gse173098|neurite_soma_mpra|GFP 3UTR MPRA|Neuro-2a|mikl:Cnot6l:900.0:9c390b1de374e5ec,12a8a8f47af955e5,3,3,3,AVAILABLE
mikl_gse173098,mikl_gse173098|mikl_gse173098|neurite_soma_mpra|GFP 3UTR MPRA|Neuro-2a|mikl:Cnot6l:950.0:8858abdafc70bb84,12a8a8f47af955e5,5,3,5,AVAILABLE
mikl_gse173098,mikl_gse173098|mikl_gse173098|neurite_soma_mpra|GFP 3UTR MPRA|Neuro-2a|mikl:Cntn2:150.0:aae78a1698b6c321,6627cc7158a27206,2,3,2,AVAILABLE
mikl_gse173098,mikl_gse173098|mikl_gse173098|neurite_soma_mpra|GFP 3UTR MPRA|Neuro-2a|mikl:Cntn2:1500.0:d1543be2ac853ad8,6627cc7158a27206,3,3,3,AVAILABLE
mikl_gse173098,mikl_gse173098|mikl_gse173098|neurite_soma_mpra|GFP 3UTR MPRA|Neuro-2a|mikl:Cntn2:1550.0:d28b9089b9a7f148,6627cc7158a27206,5,3,5,AVAILABLE
mikl_gse173098,mikl_gse173098|mikl_gse173098|neurite_soma_mpra|GFP 3UTR MPRA|Neuro-2a|mikl:Cntn2:1600.0:4bc597425aab9fd5,6627cc7158a27206,5,3,5,AVAILABLE
mikl_gse173098,mikl_gse173098|mikl_gse173098|neurite_soma_mpra|GFP 3UTR MPRA|Neuro-2a|mikl:Cntn2:1750.0:9b84383d037df3e6,6627cc7158a27206,2,3,2,AVAILABLE
mikl_gse173098,mikl_gse173098|mikl_gse173098|neurite_soma_mpra|GFP 3UTR MPRA|Neuro-2a|mikl:Cntn2:1750.0:d0e430dc26cc0067,6627cc7158a27206,2,3,2,AVAILABLE
mikl_gse173098,mikl_gse173098|mikl_gse173098|neurite_soma_mpra|GFP 3UTR MPRA|Neuro-2a|mikl:Cntn2:1800.0:3a62c1381a8965ed,6627cc7158a27206,3,3,3,AVAILABLE
mikl_gse173098,mikl_gse173098|mikl_gse173098|neurite_soma_mpra|GFP 3UTR MPRA|Neuro-2a|mikl:Cntn2:1800.0:6c5e9bd3b1dac618,6627cc7158a27206,2,3,2,AVAILABLE
mikl_gse173098,mikl_gse173098|mikl_gse173098|neurite_soma_mpra|GFP 3UTR MPRA|Neuro-2a|mikl:Cntn2:1800.0:c397210a573b6b9e,6627cc7158a27206,2,3,2,AVAILABLE
mikl_gse173098,mikl_gse173098|mikl_gse173098|neurite_soma_mpra|GFP 3UTR MPRA|Neuro-2a|mikl:Cntn2:1850.0:32106df25d3f1415,6627cc7158a27206,3,3,3,AVAILABLE
mikl_gse173098,mikl_gse173098|mikl_gse173098|neurite_soma_mpra|GFP 3UTR MPRA|Neuro-2a|mikl:Cntn2:1850.0:a689793ed1fc77e4,6627cc7158a27206,3,3,3,AVAILABLE
mikl_gse173098,mikl_gse173098|mikl_gse173098|neurite_soma_mpra|GFP 3UTR MPRA|Neuro-2a|mikl:Cntn2:1850.0:c31777fd5b138277,6627cc7158a27206,4,3,4,AVAILABLE
mikl_gse173098,mikl_gse173098|mikl_gse173098|neurite_soma_mpra|GFP 3UTR MPRA|Neuro-2a|mikl:Cntn2:1900.0:1a5f2b39dbe5f986,6627cc7158a27206,2,3,2,AVAILABLE
mikl_gse173098,mikl_gse173098|mikl_gse173098|neurite_soma_mpra|GFP 3UTR MPRA|Neuro-2a|mikl:Cntn2:1900.0:305851cb6f2dc2ef,6627cc7158a27206,3,3,3,AVAILABLE
mikl_gse173098,mikl_gse173098|mikl_gse173098|neurite_soma_mpra|GFP 3UTR MPRA|Neuro-2a|mikl:Cntn2:1900.0:a5e6acdedde05d25,6627cc7158a27206,3,3,3,AVAILABLE
mikl_gse173098,mikl_gse173098|mikl_gse173098|neurite_soma_mpra|GFP 3UTR MPRA|Neuro-2a|mikl:Cntn2:1950.0:2c226ee79d5a3824,6627cc7158a27206,2,3,2,AVAILABLE
mikl_gse173098,mikl_gse173098|mikl_gse173098|neurite_soma_mpra|GFP 3UTR MPRA|Neuro-2a|mikl:Cntn2:1950.0:526ae040dcfd73dc,6627cc7158a27206,2,3,2,AVAILABLE
mikl_gse173098,mikl_gse173098|mikl_gse173098|neurite_soma_mpra|GFP 3UTR MPRA|Neuro-2a|mikl:Cntn2:2250.0:546278609d827067,6627cc7158a27206,2,3,2,AVAILABLE
mikl_gse173098,mikl_gse173098|mikl_gse173098|neurite_soma_mpra|GFP 3UTR MPRA|Neuro-2a|mikl:Cntn2:2450.0:66c2bfafd47685ee,6627cc7158a27206,2,3,2,AVAILABLE
mikl_gse173098,mikl_gse173098|mikl_gse173098|neurite_soma_mpra|GFP 3UTR MPRA|Neuro-2a|mikl:Cntn2:2500.0:4a7aa25b24ef7bc4,6627cc7158a27206,2,3,2,AVAILABLE
mikl_gse173098,mikl_gse173098|mikl_gse173098|neurite_soma_mpra|GFP 3UTR MPRA|Neuro-2a|mikl:Cntn2:2750.0:43c91420f1d3793f,6627cc7158a27206,2,3,2,AVAILABLE
mikl_gse173098,mikl_gse173098|mikl_gse173098|neurite_soma_mpra|GFP 3UTR MPRA|Neuro-2a|mikl:Cntn2:2850.0:dda14a2e3e17898d,6627cc7158a27206,2,3,2,AVAILABLE
mikl_gse173098,mikl_gse173098|mikl_gse173098|neurite_soma_mpra|GFP 3UTR MPRA|Neuro-2a|mikl:Cntn2:3350.0:b8991f98833a2d9c,6627cc7158a27206,2,3,2,AVAILABLE
mikl_gse173098,mikl_gse173098|mikl_gse173098|neurite_soma_mpra|GFP 3UTR MPRA|Neuro-2a|mikl:Cntn2:3400.0:1cdd0e0d9e36ea94,6627cc7158a27206,2,3,2,AVAILABLE
mikl_gse173098,mikl_gse173098|mikl_gse173098|neurite_soma_mpra|GFP 3UTR MPRA|Neuro-2a|mikl:Col1a1:100.0:1b7fa5a541f18b87,66f2fe8e70c62e4e,2,3,2,AVAILABLE
mikl_gse173098,mikl_gse173098|mikl_gse173098|neurite_soma_mpra|GFP 3UTR MPRA|Neuro-2a|mikl:Col1a1:300.0:384be2ebb4f682e3,66f2fe8e70c62e4e,2,3,2,AVAILABLE
mikl_gse173098,mikl_gse173098|mikl_gse173098|neurite_soma_mpra|GFP 3UTR MPRA|Neuro-2a|mikl:Col1a1:500.0:58379750caf40d7f,66f2fe8e70c62e4e,2,3,2,AVAILABLE
mikl_gse173098,mikl_gse173098|mikl_gse173098|neurite_soma_mpra|GFP 3UTR MPRA|Neuro-2a|mikl:Col1a1:550.0:0b5dedd86528ab81,66f2fe8e70c62e4e,2,3,2,AVAILABLE
mikl_gse173098,mikl_gse173098|mikl_gse173098|neurite_soma_mpra|GFP 3UTR MPRA|Neuro-2a|mikl:Col1a1:700.0:55bd125eedcb96a4,66f2fe8e70c62e4e,2,3,2,AVAILABLE
mikl_gse173098,mikl_gse173098|mikl_gse173098|neurite_soma_mpra|GFP 3UTR MPRA|Neuro-2a|mikl:Col27a1:1100.0:a949eb7b5fa9ad08,6a60af910c2da03e,2,3,2,AVAILABLE
mikl_gse173098,mikl_gse173098|mikl_gse173098|neurite_soma_mpra|GFP 3UTR MPRA|Neuro-2a|mikl:Col27a1:1150.0:9c34bcafc71fe3ad,6a60af910c2da03e,2,3,2,AVAILABLE
mikl_gse173098,mikl_gse173098|mikl_gse173098|neurite_soma_mpra|GFP 3UTR MPRA|Neuro-2a|mikl:Col27a1:1350.0:5edcd7084f6eea34,6a60af910c2da03e,2,3,2,AVAILABLE
mikl_gse173098,mikl_gse173098|mikl_gse173098|neurite_soma_mpra|GFP 3UTR MPRA|Neuro-2a|mikl:Col27a1:1400.0:49144aebccaf9b72,6a60af910c2da03e,2,3,2,AVAILABLE
mikl_gse173098,mikl_gse173098|mikl_gse173098|neurite_soma_mpra|GFP 3UTR MPRA|Neuro-2a|mikl:Col27a1:150.0:e0c88e97d19fe8dd,6a60af910c2da03e,2,3,2,AVAILABLE
mikl_gse173098,mikl_gse173098|mikl_gse173098|neurite_soma_mpra|GFP 3UTR MPRA|Neuro-2a|mikl:Col27a1:1650.0:5ddc8306fb2e0f5f,6a60af910c2da03e,2,3,2,AVAILABLE
mikl_gse173098,mikl_gse173098|mikl_gse173098|neurite_soma_mpra|GFP 3UTR MPRA|Neuro-2a|mikl:Col27a1:1700.0:d12d2731303a151b,6a60af910c2da03e,2,3,2,AVAILABLE
mikl_gse173098,mikl_gse173098|mikl_gse173098|neurite_soma_mpra|GFP 3UTR MPRA|Neuro-2a|mikl:Col27a1:250.0:71e1d673ecdf5ebf,6a60af910c2da03e,2,3,2,AVAILABLE
mikl_gse173098,mikl_gse173098|mikl_gse173098|neurite_soma_mpra|GFP 3UTR MPRA|Neuro-2a|mikl:Col27a1:250.0:bc1d5d898f813a5a,6a60af910c2da03e,2,3,2,AVAILABLE
mikl_gse173098,mikl_gse173098|mikl_gse173098|neurite_soma_mpra|GFP 3UTR MPRA|Neuro-2a|mikl:Col27a1:300.0:bafd13ef9f1f58fc,6a60af910c2da03e,2,3,2,AVAILABLE
mikl_gse173098,mikl_gse173098|mikl_gse173098|neurite_soma_mpra|GFP 3UTR MPRA|Neuro-2a|mikl:Col27a1:300.0:ccc50c028dbd4e3f,6a60af910c2da03e,2,3,2,AVAILABLE
mikl_gse173098,mikl_gse173098|mikl_gse173098|neurite_soma_mpra|GFP 3UTR MPRA|Neuro-2a|mikl:Col27a1:350.0:0ef3e677d037dd25,6a60af910c2da03e,3,3,3,AVAILABLE
mikl_gse173098,mikl_gse173098|mikl_gse173098|neurite_soma_mpra|GFP 3UTR MPRA|Neuro-2a|mikl:Col27a1:350.0:2bfc32d6d2f21614,6a60af910c2da03e,2,3,2,AVAILABLE
mikl_gse173098,mikl_gse173098|mikl_gse173098|neurite_soma_mpra|GFP 3UTR MPRA|Neuro-2a|mikl:Col27a1:350.0:2df00667b921dd61,6a60af910c2da03e,2,3,2,AVAILABLE
mikl_gse173098,mikl_gse173098|mikl_gse173098|neurite_soma_mpra|GFP 3UTR MPRA|Neuro-2a|mikl:Col27a1:400.0:09567b77121191ed,6a60af910c2da03e,2,3,2,AVAILABLE
mikl_gse173098,mikl_gse173098|mikl_gse173098|neurite_soma_mpra|GFP 3UTR MPRA|Neuro-2a|mikl:Col27a1:50.0:75e6a49a27a12b98,6a60af910c2da03e,2,3,2,AVAILABLE
mikl_gse173098,mikl_gse173098|mikl_gse173098|neurite_soma_mpra|GFP 3UTR MPRA|Neuro-2a|mikl:Col27a1:550.0:f8e452e89ac67b43,6a60af910c2da03e,2,3,2,AVAILABLE
mikl_gse173098,mikl_gse173098|mikl_gse173098|neurite_soma_mpra|GFP 3UTR MPRA|Neuro-2a|mikl:Col27a1:600.0:f8669cd2bc602e07,6a60af910c2da03e,2,3,2,AVAILABLE
mikl_gse173098,mikl_gse173098|mikl_gse173098|neurite_soma_mpra|GFP 3UTR MPRA|Neuro-2a|mikl:Col27a1:650.0:6c23c7f76953e8a0,6a60af910c2da03e,2,3,2,AVAILABLE
mikl_gse173098,mikl_gse173098|mikl_gse173098|neurite_soma_mpra|GFP 3UTR MPRA|Neuro-2a|mikl:Col27a1:850.0:030b1b327d7cc845,6a60af910c2da03e,3,3,3,AVAILABLE
mikl_gse173098,mikl_gse173098|mikl_gse173098|neurite_soma_mpra|GFP 3UTR MPRA|Neuro-2a|mikl:Col27a1:850.0:1bc0e8ae5c2a6ce5,6a60af910c2da03e,2,3,2,AVAILABLE
mikl_gse173098,mikl_gse173098|mikl_gse173098|neurite_soma_mpra|GFP 3UTR MPRA|Neuro-2a|mikl:Col27a1:900.0:86ebe27ba77f0b67,6a60af910c2da03e,2,3,2,AVAILABLE
mikl_gse173098,mikl_gse173098|mikl_gse173098|neurite_soma_mpra|GFP 3UTR MPRA|Neuro-2a|mikl:Col3a1:0.0:dd4826239ebb51cf,8357ac4ed7db47fb,2,3,2,AVAILABLE
mikl_gse173098,mikl_gse173098|mikl_gse173098|neurite_soma_mpra|GFP 3UTR MPRA|Neuro-2a|mikl:Col3a1:50.0:09f5c0e5d51f606d,8357ac4ed7db47fb,2,3,2,AVAILABLE
mikl_gse173098,mikl_gse173098|mikl_gse173098|neurite_soma_mpra|GFP 3UTR MPRA|Neuro-2a|mikl:Col8a1:1600.0:18fbf6006842509f,b9c0ce1702d7ad24,2,3,2,AVAILABLE
mikl_gse173098,mikl_gse173098|mikl_gse173098|neurite_soma_mpra|GFP 3UTR MPRA|Neuro-2a|mikl:Col8a1:1650.0:ac143a9c02397071,b9c0ce1702d7ad24,2,3,2,AVAILABLE
mikl_gse173098,mikl_gse173098|mikl_gse173098|neurite_soma_mpra|GFP 3UTR MPRA|Neuro-2a|mikl:Colec12:1150.0:00213cf74da73900,57f1852b936c9984,2,3,2,AVAILABLE
mikl_gse173098,mikl_gse173098|mikl_gse173098|neurite_soma_mpra|GFP 3UTR MPRA|Neuro-2a|mikl:Colec12:1200.0:95d7090637ff1c58,57f1852b936c9984,2,3,2,AVAILABLE
mikl_gse173098,mikl_gse173098|mikl_gse173098|neurite_soma_mpra|GFP 3UTR MPRA|Neuro-2a|mikl:Colec12:1200.0:c6837066a7ba2ae3,57f1852b936c9984,4,3,4,AVAILABLE
mikl_gse173098,mikl_gse173098|mikl_gse173098|neurite_soma_mpra|GFP 3UTR MPRA|Neuro-2a|mikl:Colec12:1250.0:35865a7600f6949d,57f1852b936c9984,3,3,3,AVAILABLE
mikl_gse173098,mikl_gse173098|mikl_gse173098|neurite_soma_mpra|GFP 3UTR MPRA|Neuro-2a|mikl:Colec12:1250.0:b41d14e3e71d97ba,57f1852b936c9984,2,3,2,AVAILABLE
mikl_gse173098,mikl_gse173098|mikl_gse173098|neurite_soma_mpra|GFP 3UTR MPRA|Neuro-2a|mikl:Colec12:1300.0:23907453593aa725,57f1852b936c9984,2,3,2,AVAILABLE
mikl_gse173098,mikl_gse173098|mikl_gse173098|neurite_soma_mpra|GFP 3UTR MPRA|Neuro-2a|mikl:Colec12:1400.0:92a7585bf73672da,57f1852b936c9984,3,3,3,AVAILABLE
mikl_gse173098,mikl_gse173098|mikl_gse173098|neurite_soma_mpra|GFP 3UTR MPRA|Neuro-2a|mikl:Colec12:1450.0:7e4d2800ad5e46ac,57f1852b936c9984,2,3,2,AVAILABLE
mikl_gse173098,mikl_gse173098|mikl_gse173098|neurite_soma_mpra|GFP 3UTR MPRA|Neuro-2a|mikl:Colec12:150.0:e07aab7bddaeedce,57f1852b936c9984,2,3,2,AVAILABLE
mikl_gse173098,mikl_gse173098|mikl_gse173098|neurite_soma_mpra|GFP 3UTR MPRA|Neuro-2a|mikl:Colec12:1500.0:cf3cf08d8c103eea,57f1852b936c9984,2,3,2,AVAILABLE
mikl_gse173098,mikl_gse173098|mikl_gse173098|neurite_soma_mpra|GFP 3UTR MPRA|Neuro-2a|mikl:Colec12:2200.0:5959573bb0b56c75,57f1852b936c9984,2,3,2,AVAILABLE
mikl_gse173098,mikl_gse173098|mikl_gse173098|neurite_soma_mpra|GFP 3UTR MPRA|Neuro-2a|mikl:Colec12:250.0:1f63a6d1a9dcf3ac,57f1852b936c9984,2,3,2,AVAILABLE
mikl_gse173098,mikl_gse173098|mikl_gse173098|neurite_soma_mpra|GFP 3UTR MPRA|Neuro-2a|mikl:Colec12:250.0:63620282a1543e00,57f1852b936c9984,3,3,3,AVAILABLE
mikl_gse173098,mikl_gse173098|mikl_gse173098|neurite_soma_mpra|GFP 3UTR MPRA|Neuro-2a|mikl:Colec12:2750.0:eddfc446bc4e06f4,57f1852b936c9984,2,3,2,AVAILABLE
mikl_gse173098,mikl_gse173098|mikl_gse173098|neurite_soma_mpra|GFP 3UTR MPRA|Neuro-2a|mikl:Colec12:2850.0:8eba9ed6bde1159a,57f1852b936c9984,3,3,3,AVAILABLE
mikl_gse173098,mikl_gse173098|mikl_gse173098|neurite_soma_mpra|GFP 3UTR MPRA|Neuro-2a|mikl:Colec12:2900.0:33691831e4a861c1,57f1852b936c9984,4,3,4,AVAILABLE
mikl_gse173098,mikl_gse173098|mikl_gse173098|neurite_soma_mpra|GFP 3UTR MPRA|Neuro-2a|mikl:Colec12:2950.0:3cfebb0c880c379e,57f1852b936c9984,3,3,3,AVAILABLE
mikl_gse173098,mikl_gse173098|mikl_gse173098|neurite_soma_mpra|GFP 3UTR MPRA|Neuro-2a|mikl:Colec12:300.0:9e65195bd625214d,57f1852b936c9984,2,3,2,AVAILABLE
mikl_gse173098,mikl_gse173098|mikl_gse173098|neurite_soma_mpra|GFP 3UTR MPRA|Neuro-2a|mikl:Colec12:300.0:eefb67e906b5ed41,57f1852b936c9984,2,3,2,AVAILABLE
mikl_gse173098,mikl_gse173098|mikl_gse173098|neurite_soma_mpra|GFP 3UTR MPRA|Neuro-2a|mikl:Colec12:350.0:2f544f7f5093f76c,57f1852b936c9984,2,3,2,AVAILABLE
mikl_gse173098,mikl_gse173098|mikl_gse173098|neurite_soma_mpra|GFP 3UTR MPRA|Neuro-2a|mikl:Colec12:4400.0:1e229684c2eea5ed,57f1852b936c9984,3,3,3,AVAILABLE
mikl_gse173098,mikl_gse173098|mikl_gse173098|neurite_soma_mpra|GFP 3UTR MPRA|Neuro-2a|mikl:Colec12:550.0:2eea7b06a0801e69,57f1852b936c9984,2,3,2,AVAILABLE
mikl_gse173098,mikl_gse173098|mikl_gse173098|neurite_soma_mpra|GFP 3UTR MPRA|Neuro-2a|mikl:Cox8a:0.0:f0bf4027d0d38352,c320f4cc6d68ed2f,3,3,3,AVAILABLE
mikl_gse173098,mikl_gse173098|mikl_gse173098|neurite_soma_mpra|GFP 3UTR MPRA|Neuro-2a|mikl:Cox8a:100.0:a0b0a21a3c066cbd,c320f4cc6d68ed2f,3,3,3,AVAILABLE
mikl_gse173098,mikl_gse173098|mikl_gse173098|neurite_soma_mpra|GFP 3UTR MPRA|Neuro-2a|mikl:Cox8a:50.0:6bddac0dddf016bd,c320f4cc6d68ed2f,2,3,2,AVAILABLE
mikl_gse173098,mikl_gse173098|mikl_gse173098|neurite_soma_mpra|GFP 3UTR MPRA|Neuro-2a|mikl:Cplx2:1350.0:9dd429f59c592eb7,8cd334c62595cc73,3,3,3,AVAILABLE
mikl_gse173098,mikl_gse173098|mikl_gse173098|neurite_soma_mpra|GFP 3UTR MPRA|Neuro-2a|mikl:Cplx2:1400.0:00191a6b14e5d013,8cd334c62595cc73,3,3,3,AVAILABLE
mikl_gse173098,mikl_gse173098|mikl_gse173098|neurite_soma_mpra|GFP 3UTR MPRA|Neuro-2a|mikl:Cplx2:1700.0:26925d049736c196,8cd334c62595cc73,2,3,2,AVAILABLE
mikl_gse173098,mikl_gse173098|mikl_gse173098|neurite_soma_mpra|GFP 3UTR MPRA|Neuro-2a|mikl:Cplx2:1750.0:fcd92ae83041a41a,8cd334c62595cc73,2,3,2,AVAILABLE
mikl_gse173098,mikl_gse173098|mikl_gse173098|neurite_soma_mpra|GFP 3UTR MPRA|Neuro-2a|mikl:Cplx2:1950.0:1bbd1ce8d71dcab5,8cd334c62595cc73,2,3,2,AVAILABLE
mikl_gse173098,mikl_gse173098|mikl_gse173098|neurite_soma_mpra|GFP 3UTR MPRA|Neuro-2a|mikl:Cplx2:2000.0:a38f8507ddb1e062,8cd334c62595cc73,2,3,2,AVAILABLE
mikl_gse173098,mikl_gse173098|mikl_gse173098|neurite_soma_mpra|GFP 3UTR MPRA|Neuro-2a|mikl:Cplx2:2050.0:074ef311e1f106be,8cd334c62595cc73,2,3,2,AVAILABLE
mikl_gse173098,mikl_gse173098|mikl_gse173098|neurite_soma_mpra|GFP 3UTR MPRA|Neuro-2a|mikl:Cplx2:2300.0:4f0b6c746a4523aa,8cd334c62595cc73,2,3,2,AVAILABLE
mikl_gse173098,mikl_gse173098|mikl_gse173098|neurite_soma_mpra|GFP 3UTR MPRA|Neuro-2a|mikl:Cplx2:2350.0:32a08e1ab98a0e22,8cd334c62595cc73,3,3,3,AVAILABLE
mikl_gse173098,mikl_gse173098|mikl_gse173098|neurite_soma_mpra|GFP 3UTR MPRA|Neuro-2a|mikl:Cplx2:2400.0:b67c5a45626cfb40,8cd334c62595cc73,3,3,3,AVAILABLE
mikl_gse173098,mikl_gse173098|mikl_gse173098|neurite_soma_mpra|GFP 3UTR MPRA|Neuro-2a|mikl:Cplx2:3000.0:fee386f858d50273,8cd334c62595cc73,2,3,2,AVAILABLE
mikl_gse173098,mikl_gse173098|mikl_gse173098|neurite_soma_mpra|GFP 3UTR MPRA|Neuro-2a|mikl:Cplx2:3050.0:1260a401e0942bff,8cd334c62595cc73,3,3,3,AVAILABLE
mikl_gse173098,mikl_gse173098|mikl_gse173098|neurite_soma_mpra|GFP 3UTR MPRA|Neuro-2a|mikl:Cplx2:3750.0:e5eecc7d3c3fc49f,8cd334c62595cc73,2,3,2,AVAILABLE
mikl_gse173098,mikl_gse173098|mikl_gse173098|neurite_soma_mpra|GFP 3UTR MPRA|Neuro-2a|mikl:Cplx2:3800.0:37c629b217292637,8cd334c62595cc73,2,3,2,AVAILABLE
mikl_gse173098,mikl_gse173098|mikl_gse173098|neurite_soma_mpra|GFP 3UTR MPRA|Neuro-2a|mikl:Cplx2:3900.0:961cd32e624fb8f4,8cd334c62595cc73,2,3,2,AVAILABLE
mikl_gse173098,mikl_gse173098|mikl_gse173098|neurite_soma_mpra|GFP 3UTR MPRA|Neuro-2a|mikl:Cplx2:3950.0:a883a16ca09e1ddc,8cd334c62595cc73,3,3,3,AVAILABLE
mikl_gse173098,mikl_gse173098|mikl_gse173098|neurite_soma_mpra|GFP 3UTR MPRA|Neuro-2a|mikl:Cplx2:4000.0:9799c49eeab8e378,8cd334c62595cc73,2,3,2,AVAILABLE
mikl_gse173098,mikl_gse173098|mikl_gse173098|neurite_soma_mpra|GFP 3UTR MPRA|Neuro-2a|mikl:Cplx2:4050.0:a22635868c44be48,8cd334c62595cc73,3,3,3,AVAILABLE
mikl_gse173098,mikl_gse173098|mikl_gse173098|neurite_soma_mpra|GFP 3UTR MPRA|Neuro-2a|mikl:Cplx2:650.0:f09d8433d8b1dda0,8cd334c62595cc73,2,3,2,AVAILABLE
mikl_gse173098,mikl_gse173098|mikl_gse173098|neurite_soma_mpra|GFP 3UTR MPRA|Neuro-2a|mikl:Cplx2:700.0:372448c8de6bef4f,8cd334c62595cc73,2,3,2,AVAILABLE
mikl_gse173098,mikl_gse173098|mikl_gse173098|neurite_soma_mpra|GFP 3UTR MPRA|Neuro-2a|mikl:Cplx2:750.0:9bd39c068f9ad963,8cd334c62595cc73,2,3,2,AVAILABLE
mikl_gse173098,mikl_gse173098|mikl_gse173098|neurite_soma_mpra|GFP 3UTR MPRA|Neuro-2a|mikl:Ctdspl2:0.0:d12237fcecdc42bd,044c11b4a9bbe21c,2,3,2,AVAILABLE
mikl_gse173098,mikl_gse173098|mikl_gse173098|neurite_soma_mpra|GFP 3UTR MPRA|Neuro-2a|mikl:Cyp26b1:0.0:5a983e3ff5ac6e67,a310a859a82e35b8,5,3,5,AVAILABLE
mikl_gse173098,mikl_gse173098|mikl_gse173098|neurite_soma_mpra|GFP 3UTR MPRA|Neuro-2a|mikl:Cyp26b1:1000.0:bb954e86e30550a8,a310a859a82e35b8,2,3,2,AVAILABLE
mikl_gse173098,mikl_gse173098|mikl_gse173098|neurite_soma_mpra|GFP 3UTR MPRA|Neuro-2a|mikl:Cyp26b1:1100.0:814084f7d724a933,a310a859a82e35b8,2,3,2,AVAILABLE
mikl_gse173098,mikl_gse173098|mikl_gse173098|neurite_soma_mpra|GFP 3UTR MPRA|Neuro-2a|mikl:Cyp26b1:1150.0:c40b4e5141144b7f,a310a859a82e35b8,2,3,2,AVAILABLE
mikl_gse173098,mikl_gse173098|mikl_gse173098|neurite_soma_mpra|GFP 3UTR MPRA|Neuro-2a|mikl:Cyp26b1:1200.0:0cffd2ceea1e3b57,a310a859a82e35b8,3,3,3,AVAILABLE
mikl_gse173098,mikl_gse173098|mikl_gse173098|neurite_soma_mpra|GFP 3UTR MPRA|Neuro-2a|mikl:Cyp26b1:2200.0:cc11f2c435c0c85f,a310a859a82e35b8,2,3,2,AVAILABLE
mikl_gse173098,mikl_gse173098|mikl_gse173098|neurite_soma_mpra|GFP 3UTR MPRA|Neuro-2a|mikl:Cyp26b1:2250.0:ca80eae5f78b8245,a310a859a82e35b8,3,3,3,AVAILABLE
mikl_gse173098,mikl_gse173098|mikl_gse173098|neurite_soma_mpra|GFP 3UTR MPRA|Neuro-2a|mikl:Cyp26b1:2300.0:95c3ff9e7ae1cb6c,a310a859a82e35b8,3,3,3,AVAILABLE
mikl_gse173098,mikl_gse173098|mikl_gse173098|neurite_soma_mpra|GFP 3UTR MPRA|Neuro-2a|mikl:Cyp26b1:50.0:b9911d216974b1c0,a310a859a82e35b8,2,3,2,AVAILABLE
mikl_gse173098,mikl_gse173098|mikl_gse173098|neurite_soma_mpra|GFP 3UTR MPRA|Neuro-2a|mikl:Cyp26b1:700.0:40d879c124859d87,a310a859a82e35b8,2,3,2,AVAILABLE
mikl_gse173098,mikl_gse173098|mikl_gse173098|neurite_soma_mpra|GFP 3UTR MPRA|Neuro-2a|mikl:Cyp26b1:750.0:e9e65c7fb309772a,a310a859a82e35b8,2,3,2,AVAILABLE
mikl_gse173098,mikl_gse173098|mikl_gse173098|neurite_soma_mpra|GFP 3UTR MPRA|Neuro-2a|mikl:Dcdc2a:1550.0:b0e7e2de1014cbe4,9844d64e19958ff3,2,3,2,AVAILABLE
mikl_gse173098,mikl_gse173098|mikl_gse173098|neurite_soma_mpra|GFP 3UTR MPRA|Neuro-2a|mikl:Dcdc2a:1850.0:58763cd499a05507,9844d64e19958ff3,2,3,2,AVAILABLE
mikl_gse173098,mikl_gse173098|mikl_gse173098|neurite_soma_mpra|GFP 3UTR MPRA|Neuro-2a|mikl:Dcdc2a:1900.0:3f2ea886d4f12fde,9844d64e19958ff3,2,3,2,AVAILABLE
mikl_gse173098,mikl_gse173098|mikl_gse173098|neurite_soma_mpra|GFP 3UTR MPRA|Neuro-2a|mikl:Dcdc2a:3300.0:f49e4742144fdce8,9844d64e19958ff3,2,3,2,AVAILABLE
mikl_gse173098,mikl_gse173098|mikl_gse173098|neurite_soma_mpra|GFP 3UTR MPRA|Neuro-2a|mikl:Dcdc2a:350.0:5697d0179febdf7a,9844d64e19958ff3,2,3,2,AVAILABLE
mikl_gse173098,mikl_gse173098|mikl_gse173098|neurite_soma_mpra|GFP 3UTR MPRA|Neuro-2a|mikl:Dcdc2a:3550.0:f050473e0af239c1,9844d64e19958ff3,2,3,2,AVAILABLE
mikl_gse173098,mikl_gse173098|mikl_gse173098|neurite_soma_mpra|GFP 3UTR MPRA|Neuro-2a|mikl:Dcdc2a:3600.0:0db7a1cfac22978f,9844d64e19958ff3,2,3,2,AVAILABLE
mikl_gse173098,mikl_gse173098|mikl_gse173098|neurite_soma_mpra|GFP 3UTR MPRA|Neuro-2a|mikl:Dcdc2a:3650.0:5b227504af3c1bd4,9844d64e19958ff3,2,3,2,AVAILABLE
mikl_gse173098,mikl_gse173098|mikl_gse173098|neurite_soma_mpra|GFP 3UTR MPRA|Neuro-2a|mikl:Dcdc2a:4000.0:fb30c892bcf9c874,9844d64e19958ff3,4,3,4,AVAILABLE
mikl_gse173098,mikl_gse173098|mikl_gse173098|neurite_soma_mpra|GFP 3UTR MPRA|Neuro-2a|mikl:Dcdc2a:4050.0:574ceb0906ea7519,9844d64e19958ff3,4,3,4,AVAILABLE
mikl_gse173098,mikl_gse173098|mikl_gse173098|neurite_soma_mpra|GFP 3UTR MPRA|Neuro-2a|mikl:Dcdc2a:4100.0:c978139ec9a305e3,9844d64e19958ff3,4,3,4,AVAILABLE
mikl_gse173098,mikl_gse173098|mikl_gse173098|neurite_soma_mpra|GFP 3UTR MPRA|Neuro-2a|mikl:Ddc:0.0:82c4881b5076ec2b,a229bbfcaf5a7cf9,2,3,2,AVAILABLE
mikl_gse173098,mikl_gse173098|mikl_gse173098|neurite_soma_mpra|GFP 3UTR MPRA|Neuro-2a|mikl:Ddx58:100.0:d7e97e7a056e2516,706f29a53f7b9915,3,3,3,AVAILABLE
mikl_gse173098,mikl_gse173098|mikl_gse173098|neurite_soma_mpra|GFP 3UTR MPRA|Neuro-2a|mikl:Ddx58:150.0:115804dd0d234d46,706f29a53f7b9915,3,3,3,AVAILABLE
mikl_gse173098,mikl_gse173098|mikl_gse173098|neurite_soma_mpra|GFP 3UTR MPRA|Neuro-2a|mikl:Ddx58:200.0:040607d8866b75de,706f29a53f7b9915,2,3,2,AVAILABLE
mikl_gse173098,mikl_gse173098|mikl_gse173098|neurite_soma_mpra|GFP 3UTR MPRA|Neuro-2a|mikl:Disp2:0.0:b977c311091e3f9a,1c3b9ec9a9c90018,2,3,2,AVAILABLE
mikl_gse173098,mikl_gse173098|mikl_gse173098|neurite_soma_mpra|GFP 3UTR MPRA|Neuro-2a|mikl:Disp2:100.0:b06aaf771c4aafe0,1c3b9ec9a9c90018,3,3,3,AVAILABLE
mikl_gse173098,mikl_gse173098|mikl_gse173098|neurite_soma_mpra|GFP 3UTR MPRA|Neuro-2a|mikl:Disp2:1000.0:b9e3f608a53edb2b,1c3b9ec9a9c90018,2,3,2,AVAILABLE
mikl_gse173098,mikl_gse173098|mikl_gse173098|neurite_soma_mpra|GFP 3UTR MPRA|Neuro-2a|mikl:Disp2:1050.0:2e3c8830d731fe16,1c3b9ec9a9c90018,2,3,2,AVAILABLE
mikl_gse173098,mikl_gse173098|mikl_gse173098|neurite_soma_mpra|GFP 3UTR MPRA|Neuro-2a|mikl:Disp2:1100.0:c753658abed0d4ed,1c3b9ec9a9c90018,2,3,2,AVAILABLE
mikl_gse173098,mikl_gse173098|mikl_gse173098|neurite_soma_mpra|GFP 3UTR MPRA|Neuro-2a|mikl:Disp2:1150.0:3eeee90577c87478,1c3b9ec9a9c90018,2,3,2,AVAILABLE
mikl_gse173098,mikl_gse173098|mikl_gse173098|neurite_soma_mpra|GFP 3UTR MPRA|Neuro-2a|mikl:Disp2:1250.0:b760e4bafd5245b7,1c3b9ec9a9c90018,2,3,2,AVAILABLE
mikl_gse173098,mikl_gse173098|mikl_gse173098|neurite_soma_mpra|GFP 3UTR MPRA|Neuro-2a|mikl:Disp2:1300.0:1c388f47d7c26c0b,1c3b9ec9a9c90018,2,3,2,AVAILABLE
mikl_gse173098,mikl_gse173098|mikl_gse173098|neurite_soma_mpra|GFP 3UTR MPRA|Neuro-2a|mikl:Disp2:150.0:d943868a9d7a4129,1c3b9ec9a9c90018,3,3,3,AVAILABLE
mikl_gse173098,mikl_gse173098|mikl_gse173098|neurite_soma_mpra|GFP 3UTR MPRA|Neuro-2a|mikl:Disp2:1700.0:6c69d3b7f65294ab,1c3b9ec9a9c90018,2,3,2,AVAILABLE
mikl_gse173098,mikl_gse173098|mikl_gse173098|neurite_soma_mpra|GFP 3UTR MPRA|Neuro-2a|mikl:Disp2:400.0:525c38a1446f217f,1c3b9ec9a9c90018,3,3,3,AVAILABLE
mikl_gse173098,mikl_gse173098|mikl_gse173098|neurite_soma_mpra|GFP 3UTR MPRA|Neuro-2a|mikl:Disp2:450.0:a1a0b8d357266a9e,1c3b9ec9a9c90018,3,3,3,AVAILABLE
mikl_gse173098,mikl_gse173098|mikl_gse173098|neurite_soma_mpra|GFP 3UTR MPRA|Neuro-2a|mikl:Disp2:50.0:60cc8326db164cd9,1c3b9ec9a9c90018,3,3,3,AVAILABLE
mikl_gse173098,mikl_gse173098|mikl_gse173098|neurite_soma_mpra|GFP 3UTR MPRA|Neuro-2a|mikl:Disp2:50.0:afea2886c0560a1d,1c3b9ec9a9c90018,2,3,2,AVAILABLE
mikl_gse173098,mikl_gse173098|mikl_gse173098|neurite_soma_mpra|GFP 3UTR MPRA|Neuro-2a|mikl:Disp2:500.0:a846f190ffbc264e,1c3b9ec9a9c90018,2,3,2,AVAILABLE
mikl_gse173098,mikl_gse173098|mikl_gse173098|neurite_soma_mpra|GFP 3UTR MPRA|Neuro-2a|mikl:Disp2:900.0:382fa547a0f46ab8,1c3b9ec9a9c90018,2,3,2,AVAILABLE
mikl_gse173098,mikl_gse173098|mikl_gse173098|neurite_soma_mpra|GFP 3UTR MPRA|Neuro-2a|mikl:Disp2:950.0:35266a2328d161f4,1c3b9ec9a9c90018,4,3,4,AVAILABLE
mikl_gse173098,mikl_gse173098|mikl_gse173098|neurite_soma_mpra|GFP 3UTR MPRA|Neuro-2a|mikl:Dlg4:0.0:872369359ae0bb11,9a18a61a2a63e771,4,3,4,AVAILABLE
mikl_gse173098,mikl_gse173098|mikl_gse173098|neurite_soma_mpra|GFP 3UTR MPRA|Neuro-2a|mikl:Dlg4:0.0:f3d10e596c030d58,9a18a61a2a63e771,2,3,2,AVAILABLE
mikl_gse173098,mikl_gse173098|mikl_gse173098|neurite_soma_mpra|GFP 3UTR MPRA|Neuro-2a|mikl:Dlg4:100.0:9efc8a9a97194918,9a18a61a2a63e771,5,3,5,AVAILABLE
mikl_gse173098,mikl_gse173098|mikl_gse173098|neurite_soma_mpra|GFP 3UTR MPRA|Neuro-2a|mikl:Dlg4:100.0:a3fd6ccfc47f6099,9a18a61a2a63e771,2,3,2,AVAILABLE
mikl_gse173098,mikl_gse173098|mikl_gse173098|neurite_soma_mpra|GFP 3UTR MPRA|Neuro-2a|mikl:Dlg4:1000.0:5e6bd32c4df231f0,9a18a61a2a63e771,2,3,2,AVAILABLE
mikl_gse173098,mikl_gse173098|mikl_gse173098|neurite_soma_mpra|GFP 3UTR MPRA|Neuro-2a|mikl:Dlg4:1050.0:497680a81955e0e3,9a18a61a2a63e771,2,3,2,AVAILABLE
mikl_gse173098,mikl_gse173098|mikl_gse173098|neurite_soma_mpra|GFP 3UTR MPRA|Neuro-2a|mikl:Dlg4:1050.0:9820dbc4ea033368,9a18a61a2a63e771,2,3,2,AVAILABLE
mikl_gse173098,mikl_gse173098|mikl_gse173098|neurite_soma_mpra|GFP 3UTR MPRA|Neuro-2a|mikl:Dlg4:1100.0:35c9ddbb6d003eb1,9a18a61a2a63e771,5,3,5,AVAILABLE
mikl_gse173098,mikl_gse173098|mikl_gse173098|neurite_soma_mpra|GFP 3UTR MPRA|Neuro-2a|mikl:Dlg4:1150.0:7b01ebfc03e63c2c,9a18a61a2a63e771,8,3,8,AVAILABLE
mikl_gse173098,mikl_gse173098|mikl_gse173098|neurite_soma_mpra|GFP 3UTR MPRA|Neuro-2a|mikl:Dlg4:1200.0:9b5eb16d68b14f48,9a18a61a2a63e771,4,3,4,AVAILABLE
mikl_gse173098,mikl_gse173098|mikl_gse173098|neurite_soma_mpra|GFP 3UTR MPRA|Neuro-2a|mikl:Dlg4:1250.0:f04c2a4d86fc643f,9a18a61a2a63e771,2,3,2,AVAILABLE
mikl_gse173098,mikl_gse173098|mikl_gse173098|neurite_soma_mpra|GFP 3UTR MPRA|Neuro-2a|mikl:Dlg4:1300.0:425a11fdad57c20f,9a18a61a2a63e771,2,3,2,AVAILABLE
mikl_gse173098,mikl_gse173098|mikl_gse173098|neurite_soma_mpra|GFP 3UTR MPRA|Neuro-2a|mikl:Dlg4:1350.0:831e73b66597cfd3,9a18a61a2a63e771,3,3,3,AVAILABLE
mikl_gse173098,mikl_gse173098|mikl_gse173098|neurite_soma_mpra|GFP 3UTR MPRA|Neuro-2a|mikl:Dlg4:1400.0:ba2cf64faa9790d3,9a18a61a2a63e771,3,3,3,AVAILABLE
mikl_gse173098,mikl_gse173098|mikl_gse173098|neurite_soma_mpra|GFP 3UTR MPRA|Neuro-2a|mikl:Dlg4:1450.0:bcf9df132377f6d1,9a18a61a2a63e771,4,3,4,AVAILABLE
mikl_gse173098,mikl_gse173098|mikl_gse173098|neurite_soma_mpra|GFP 3UTR MPRA|Neuro-2a|mikl:Dlg4:1450.0:f351e02e355f858f,9a18a61a2a63e771,4,3,4,AVAILABLE
mikl_gse173098,mikl_gse173098|mikl_gse173098|neurite_soma_mpra|GFP 3UTR MPRA|Neuro-2a|mikl:Dlg4:150.0:4fcbb79ca293ab4a,9a18a61a2a63e771,2,3,2,AVAILABLE
mikl_gse173098,mikl_gse173098|mikl_gse173098|neurite_soma_mpra|GFP 3UTR MPRA|Neuro-2a|mikl:Dlg4:150.0:d56567d98a3ed262,9a18a61a2a63e771,2,3,2,AVAILABLE
mikl_gse173098,mikl_gse173098|mikl_gse173098|neurite_soma_mpra|GFP 3UTR MPRA|Neuro-2a|mikl:Dlg4:1500.0:b082e1af787597c2,9a18a61a2a63e771,4,3,4,AVAILABLE
mikl_gse173098,mikl_gse173098|mikl_gse173098|neurite_soma_mpra|GFP 3UTR MPRA|Neuro-2a|mikl:Dlg4:1500.0:fe89a65912a58c78,9a18a61a2a63e771,5,3,5,AVAILABLE
mikl_gse173098,mikl_gse173098|mikl_gse173098|neurite_soma_mpra|GFP 3UTR MPRA|Neuro-2a|mikl:Dlg4:1550.0:724fc3ffbcd1c129,9a18a61a2a63e771,4,3,4,AVAILABLE
mikl_gse173098,mikl_gse173098|mikl_gse173098|neurite_soma_mpra|GFP 3UTR MPRA|Neuro-2a|mikl:Dlg4:1550.0:b5a973432a923e67,9a18a61a2a63e771,2,3,2,AVAILABLE
mikl_gse173098,mikl_gse173098|mikl_gse173098|neurite_soma_mpra|GFP 3UTR MPRA|Neuro-2a|mikl:Dlg4:1600.0:4f46d2f96447db2e,9a18a61a2a63e771,2,3,2,AVAILABLE
mikl_gse173098,mikl_gse173098|mikl_gse173098|neurite_soma_mpra|GFP 3UTR MPRA|Neuro-2a|mikl:Dlg4:1650.0:87800b5465dd532b,9a18a61a2a63e771,2,3,2,AVAILABLE
mikl_gse173098,mikl_gse173098|mikl_gse173098|neurite_soma_mpra|GFP 3UTR MPRA|Neuro-2a|mikl:Dlg4:1700.0:8b5c0ea665b402d7,9a18a61a2a63e771,2,3,2,AVAILABLE
mikl_gse173098,mikl_gse173098|mikl_gse173098|neurite_soma_mpra|GFP 3UTR MPRA|Neuro-2a|mikl:Dlg4:1750.0:3b4d22203c8d35f5,9a18a61a2a63e771,2,3,2,AVAILABLE
mikl_gse173098,mikl_gse173098|mikl_gse173098|neurite_soma_mpra|GFP 3UTR MPRA|Neuro-2a|mikl:Dlg4:1800.0:b62e336d5eabe0e4,9a18a61a2a63e771,2,3,2,AVAILABLE
mikl_gse173098,mikl_gse173098|mikl_gse173098|neurite_soma_mpra|GFP 3UTR MPRA|Neuro-2a|mikl:Dlg4:1850.0:6e69ff0e6b4efa3f,9a18a61a2a63e771,2,3,2,AVAILABLE
mikl_gse173098,mikl_gse173098|mikl_gse173098|neurite_soma_mpra|GFP 3UTR MPRA|Neuro-2a|mikl:Dlg4:1900.0:b21993a02916fac2,9a18a61a2a63e771,2,3,2,AVAILABLE
mikl_gse173098,mikl_gse173098|mikl_gse173098|neurite_soma_mpra|GFP 3UTR MPRA|Neuro-2a|mikl:Dlg4:1950.0:1337b6b9f62ead80,9a18a61a2a63e771,2,3,2,AVAILABLE
mikl_gse173098,mikl_gse173098|mikl_gse173098|neurite_soma_mpra|GFP 3UTR MPRA|Neuro-2a|mikl:Dlg4:200.0:8e3cd1522583aaa4,9a18a61a2a63e771,2,3,2,AVAILABLE
mikl_gse173098,mikl_gse173098|mikl_gse173098|neurite_soma_mpra|GFP 3UTR MPRA|Neuro-2a|mikl:Dlg4:200.0:983ac652beb86929,9a18a61a2a63e771,4,3,4,AVAILABLE
mikl_gse173098,mikl_gse173098|mikl_gse173098|neurite_soma_mpra|GFP 3UTR MPRA|Neuro-2a|mikl:Dlg4:2000.0:baea840932de47c9,9a18a61a2a63e771,2,3,2,AVAILABLE
mikl_gse173098,mikl_gse173098|mikl_gse173098|neurite_soma_mpra|GFP 3UTR MPRA|Neuro-2a|mikl:Dlg4:2050.0:8cadf7bb5148738a,9a18a61a2a63e771,2,3,2,AVAILABLE
mikl_gse173098,mikl_gse173098|mikl_gse173098|neurite_soma_mpra|GFP 3UTR MPRA|Neuro-2a|mikl:Dlg4:2050.0:f2f2e7bc8cd16851,9a18a61a2a63e771,2,3,2,AVAILABLE
mikl_gse173098,mikl_gse173098|mikl_gse173098|neurite_soma_mpra|GFP 3UTR MPRA|Neuro-2a|mikl:Dlg4:2100.0:efc3f89b81dbfbef,9a18a61a2a63e771,2,3,2,AVAILABLE
mikl_gse173098,mikl_gse173098|mikl_gse173098|neurite_soma_mpra|GFP 3UTR MPRA|Neuro-2a|mikl:Dlg4:2150.0:5cfd3568475128cd,9a18a61a2a63e771,2,3,2,AVAILABLE
mikl_gse173098,mikl_gse173098|mikl_gse173098|neurite_soma_mpra|GFP 3UTR MPRA|Neuro-2a|mikl:Dlg4:2150.0:c0a5e0a0302101c3,9a18a61a2a63e771,3,3,3,AVAILABLE
mikl_gse173098,mikl_gse173098|mikl_gse173098|neurite_soma_mpra|GFP 3UTR MPRA|Neuro-2a|mikl:Dlg4:2200.0:15387e0220087d43,9a18a61a2a63e771,2,3,2,AVAILABLE
mikl_gse173098,mikl_gse173098|mikl_gse173098|neurite_soma_mpra|GFP 3UTR MPRA|Neuro-2a|mikl:Dlg4:2200.0:aad7c23448a39501,9a18a61a2a63e771,2,3,2,AVAILABLE
mikl_gse173098,mikl_gse173098|mikl_gse173098|neurite_soma_mpra|GFP 3UTR MPRA|Neuro-2a|mikl:Dlg4:2250.0:15cc01e7f8c672c4,9a18a61a2a63e771,2,3,2,AVAILABLE
mikl_gse173098,mikl_gse173098|mikl_gse173098|neurite_soma_mpra|GFP 3UTR MPRA|Neuro-2a|mikl:Dlg4:2250.0:639ea5801e8fdbdf,9a18a61a2a63e771,2,3,2,AVAILABLE
mikl_gse173098,mikl_gse173098|mikl_gse173098|neurite_soma_mpra|GFP 3UTR MPRA|Neuro-2a|mikl:Dlg4:2300.0:49e05d00fbe2a91c,9a18a61a2a63e771,3,3,3,AVAILABLE
mikl_gse173098,mikl_gse173098|mikl_gse173098|neurite_soma_mpra|GFP 3UTR MPRA|Neuro-2a|mikl:Dlg4:2350.0:5de6079f1a93a180,9a18a61a2a63e771,4,3,4,AVAILABLE
mikl_gse173098,mikl_gse173098|mikl_gse173098|neurite_soma_mpra|GFP 3UTR MPRA|Neuro-2a|mikl:Dlg4:2400.0:8bea815b5e90e486,9a18a61a2a63e771,5,3,5,AVAILABLE
mikl_gse173098,mikl_gse173098|mikl_gse173098|neurite_soma_mpra|GFP 3UTR MPRA|Neuro-2a|mikl:Dlg4:2450.0:589f52064d31c185,9a18a61a2a63e771,2,3,2,AVAILABLE
mikl_gse173098,mikl_gse173098|mikl_gse173098|neurite_soma_mpra|GFP 3UTR MPRA|Neuro-2a|mikl:Dlg4:250.0:3bc476fcd37f57d0,9a18a61a2a63e771,4,3,4,AVAILABLE
mikl_gse173098,mikl_gse173098|mikl_gse173098|neurite_soma_mpra|GFP 3UTR MPRA|Neuro-2a|mikl:Dlg4:250.0:3f363c6170c7ad7e,9a18a61a2a63e771,2,3,2,AVAILABLE
mikl_gse173098,mikl_gse173098|mikl_gse173098|neurite_soma_mpra|GFP 3UTR MPRA|Neuro-2a|mikl:Dlg4:2500.0:28cc4189aac8a801,9a18a61a2a63e771,2,3,2,AVAILABLE
mikl_gse173098,mikl_gse173098|mikl_gse173098|neurite_soma_mpra|GFP 3UTR MPRA|Neuro-2a|mikl:Dlg4:2600.0:0560ee4b2b8e2a03,9a18a61a2a63e771,2,3,2,AVAILABLE
mikl_gse173098,mikl_gse173098|mikl_gse173098|neurite_soma_mpra|GFP 3UTR MPRA|Neuro-2a|mikl:Dlg4:2650.0:c08adba50d6536ed,9a18a61a2a63e771,2,3,2,AVAILABLE
mikl_gse173098,mikl_gse173098|mikl_gse173098|neurite_soma_mpra|GFP 3UTR MPRA|Neuro-2a|mikl:Dlg4:2700.0:fb40762b84a5c5e4,9a18a61a2a63e771,2,3,2,AVAILABLE
mikl_gse173098,mikl_gse173098|mikl_gse173098|neurite_soma_mpra|GFP 3UTR MPRA|Neuro-2a|mikl:Dlg4:2750.0:152f3c97002d638e,9a18a61a2a63e771,4,3,4,AVAILABLE
mikl_gse173098,mikl_gse173098|mikl_gse173098|neurite_soma_mpra|GFP 3UTR MPRA|Neuro-2a|mikl:Dlg4:2800.0:b0223637d50bb1ef,9a18a61a2a63e771,4,3,4,AVAILABLE
mikl_gse173098,mikl_gse173098|mikl_gse173098|neurite_soma_mpra|GFP 3UTR MPRA|Neuro-2a|mikl:Dlg4:2850.0:52c47ea8d05593df,9a18a61a2a63e771,2,3,2,AVAILABLE
mikl_gse173098,mikl_gse173098|mikl_gse173098|neurite_soma_mpra|GFP 3UTR MPRA|Neuro-2a|mikl:Dlg4:2950.0:326906aea8ca6d73,9a18a61a2a63e771,2,3,2,AVAILABLE
mikl_gse173098,mikl_gse173098|mikl_gse173098|neurite_soma_mpra|GFP 3UTR MPRA|Neuro-2a|mikl:Dlg4:300.0:0334c59139d58ff1,9a18a61a2a63e771,4,3,4,AVAILABLE
mikl_gse173098,mikl_gse173098|mikl_gse173098|neurite_soma_mpra|GFP 3UTR MPRA|Neuro-2a|mikl:Dlg4:300.0:66322af21d6e1602,9a18a61a2a63e771,5,3,5,AVAILABLE
mikl_gse173098,mikl_gse173098|mikl_gse173098|neurite_soma_mpra|GFP 3UTR MPRA|Neuro-2a|mikl:Dlg4:300.0:d195f8d6f86455e7,9a18a61a2a63e771,3,3,3,AVAILABLE
mikl_gse173098,mikl_gse173098|mikl_gse173098|neurite_soma_mpra|GFP 3UTR MPRA|Neuro-2a|mikl:Dlg4:3100.0:346a9ea921249361,9a18a61a2a63e771,3,3,3,AVAILABLE
mikl_gse173098,mikl_gse173098|mikl_gse173098|neurite_soma_mpra|GFP 3UTR MPRA|Neuro-2a|mikl:Dlg4:3250.0:a48a1f5e0890bba8,9a18a61a2a63e771,2,3,2,AVAILABLE
mikl_gse173098,mikl_gse173098|mikl_gse173098|neurite_soma_mpra|GFP 3UTR MPRA|Neuro-2a|mikl:Dlg4:3350.0:1fe9060cf9dcc4c7,9a18a61a2a63e771,2,3,2,AVAILABLE
mikl_gse173098,mikl_gse173098|mikl_gse173098|neurite_soma_mpra|GFP 3UTR MPRA|Neuro-2a|mikl:Dlg4:350.0:76c02b45eafda458,9a18a61a2a63e771,4,3,4,AVAILABLE
mikl_gse173098,mikl_gse173098|mikl_gse173098|neurite_soma_mpra|GFP 3UTR MPRA|Neuro-2a|mikl:Dlg4:3550.0:59f1b5aaa3aefd70,9a18a61a2a63e771,2,3,2,AVAILABLE
mikl_gse173098,mikl_gse173098|mikl_gse173098|neurite_soma_mpra|GFP 3UTR MPRA|Neuro-2a|mikl:Dlg4:3600.0:50988bad26b18321,9a18a61a2a63e771,4,3,4,AVAILABLE
mikl_gse173098,mikl_gse173098|mikl_gse173098|neurite_soma_mpra|GFP 3UTR MPRA|Neuro-2a|mikl:Dlg4:3650.0:bba877e8b717b4fc,9a18a61a2a63e771,3,3,3,AVAILABLE
mikl_gse173098,mikl_gse173098|mikl_gse173098|neurite_soma_mpra|GFP 3UTR MPRA|Neuro-2a|mikl:Dlg4:3700.0:16f131283162ea6a,9a18a61a2a63e771,4,3,4,AVAILABLE
mikl_gse173098,mikl_gse173098|mikl_gse173098|neurite_soma_mpra|GFP 3UTR MPRA|Neuro-2a|mikl:Dlg4:3800.0:b9250dd873683f2c,9a18a61a2a63e771,2,3,2,AVAILABLE
mikl_gse173098,mikl_gse173098|mikl_gse173098|neurite_soma_mpra|GFP 3UTR MPRA|Neuro-2a|mikl:Dlg4:400.0:e9549dc2ea384a4c,9a18a61a2a63e771,8,3,8,AVAILABLE
mikl_gse173098,mikl_gse173098|mikl_gse173098|neurite_soma_mpra|GFP 3UTR MPRA|Neuro-2a|mikl:Dlg4:4050.0:a8711a1118756a71,9a18a61a2a63e771,2,3,2,AVAILABLE
mikl_gse173098,mikl_gse173098|mikl_gse173098|neurite_soma_mpra|GFP 3UTR MPRA|Neuro-2a|mikl:Dlg4:4100.0:2b7f7b8f66bc5c65,9a18a61a2a63e771,2,3,2,AVAILABLE
mikl_gse173098,mikl_gse173098|mikl_gse173098|neurite_soma_mpra|GFP 3UTR MPRA|Neuro-2a|mikl:Dlg4:4150.0:66c013553a522023,9a18a61a2a63e771,2,3,2,AVAILABLE
mikl_gse173098,mikl_gse173098|mikl_gse173098|neurite_soma_mpra|GFP 3UTR MPRA|Neuro-2a|mikl:Dlg4:4300.0:0fa54b490735c693,9a18a61a2a63e771,2,3,2,AVAILABLE
mikl_gse173098,mikl_gse173098|mikl_gse173098|neurite_soma_mpra|GFP 3UTR MPRA|Neuro-2a|mikl:Dlg4:4350.0:20a9012b2571e000,9a18a61a2a63e771,2,3,2,AVAILABLE
mikl_gse173098,mikl_gse173098|mikl_gse173098|neurite_soma_mpra|GFP 3UTR MPRA|Neuro-2a|mikl:Dlg4:450.0:67e5bc608b3a8ffd,9a18a61a2a63e771,3,3,3,AVAILABLE
mikl_gse173098,mikl_gse173098|mikl_gse173098|neurite_soma_mpra|GFP 3UTR MPRA|Neuro-2a|mikl:Dlg4:450.0:936716f48dc3f5db,9a18a61a2a63e771,2,3,2,AVAILABLE
mikl_gse173098,mikl_gse173098|mikl_gse173098|neurite_soma_mpra|GFP 3UTR MPRA|Neuro-2a|mikl:Dlg4:4700.0:fa10d754491c9545,9a18a61a2a63e771,2,3,2,AVAILABLE
mikl_gse173098,mikl_gse173098|mikl_gse173098|neurite_soma_mpra|GFP 3UTR MPRA|Neuro-2a|mikl:Dlg4:4850.0:d5257cc3696f1d2a,9a18a61a2a63e771,2,3,2,AVAILABLE
mikl_gse173098,mikl_gse173098|mikl_gse173098|neurite_soma_mpra|GFP 3UTR MPRA|Neuro-2a|mikl:Dlg4:4900.0:2c99c87889ffdadd,9a18a61a2a63e771,4,3,4,AVAILABLE
mikl_gse173098,mikl_gse173098|mikl_gse173098|neurite_soma_mpra|GFP 3UTR MPRA|Neuro-2a|mikl:Dlg4:4950.0:41e22919f5a2e813,9a18a61a2a63e771,3,3,3,AVAILABLE
mikl_gse173098,mikl_gse173098|mikl_gse173098|neurite_soma_mpra|GFP 3UTR MPRA|Neuro-2a|mikl:Dlg4:50.0:42a30d99d4932221,9a18a61a2a63e771,3,3,3,AVAILABLE
mikl_gse173098,mikl_gse173098|mikl_gse173098|neurite_soma_mpra|GFP 3UTR MPRA|Neuro-2a|mikl:Dlg4:50.0:773cea70c8c9a249,9a18a61a2a63e771,2,3,2,AVAILABLE
mikl_gse173098,mikl_gse173098|mikl_gse173098|neurite_soma_mpra|GFP 3UTR MPRA|Neuro-2a|mikl:Dlg4:50.0:f674a53f0994a362,9a18a61a2a63e771,2,3,2,AVAILABLE
mikl_gse173098,mikl_gse173098|mikl_gse173098|neurite_soma_mpra|GFP 3UTR MPRA|Neuro-2a|mikl:Dlg4:500.0:4aaad6aa802f643a,9a18a61a2a63e771,2,3,2,AVAILABLE
mikl_gse173098,mikl_gse173098|mikl_gse173098|neurite_soma_mpra|GFP 3UTR MPRA|Neuro-2a|mikl:Dlg4:5000.0:69b15fbcd5134305,9a18a61a2a63e771,4,3,4,AVAILABLE
mikl_gse173098,mikl_gse173098|mikl_gse173098|neurite_soma_mpra|GFP 3UTR MPRA|Neuro-2a|mikl:Dlg4:5050.0:9160b201e05f280b,9a18a61a2a63e771,2,3,2,AVAILABLE
mikl_gse173098,mikl_gse173098|mikl_gse173098|neurite_soma_mpra|GFP 3UTR MPRA|Neuro-2a|mikl:Dlg4:5200.0:f14089646df60352,9a18a61a2a63e771,3,3,3,AVAILABLE
mikl_gse173098,mikl_gse173098|mikl_gse173098|neurite_soma_mpra|GFP 3UTR MPRA|Neuro-2a|mikl:Dlg4:5250.0:0e41cf59d716a9c0,9a18a61a2a63e771,6,3,6,AVAILABLE
mikl_gse173098,mikl_gse173098|mikl_gse173098|neurite_soma_mpra|GFP 3UTR MPRA|Neuro-2a|mikl:Dlg4:550.0:4f77c18ca7d8ac23,9a18a61a2a63e771,2,3,2,AVAILABLE
mikl_gse173098,mikl_gse173098|mikl_gse173098|neurite_soma_mpra|GFP 3UTR MPRA|Neuro-2a|mikl:Dlg4:550.0:c8096c117c648552,9a18a61a2a63e771,4,3,4,AVAILABLE
mikl_gse173098,mikl_gse173098|mikl_gse173098|neurite_soma_mpra|GFP 3UTR MPRA|Neuro-2a|mikl:Dlg4:600.0:33c4daef1c8d2038,9a18a61a2a63e771,2,3,2,AVAILABLE
mikl_gse173098,mikl_gse173098|mikl_gse173098|neurite_soma_mpra|GFP 3UTR MPRA|Neuro-2a|mikl:Dlg4:600.0:9568bfd284aa2f6d,9a18a61a2a63e771,6,3,6,AVAILABLE
mikl_gse173098,mikl_gse173098|mikl_gse173098|neurite_soma_mpra|GFP 3UTR MPRA|Neuro-2a|mikl:Dlg4:650.0:a9916f8d41363ff7,9a18a61a2a63e771,5,3,5,AVAILABLE
mikl_gse173098,mikl_gse173098|mikl_gse173098|neurite_soma_mpra|GFP 3UTR MPRA|Neuro-2a|mikl:Dlg4:700.0:4dcf70efe7cb9432,9a18a61a2a63e771,6,3,6,AVAILABLE
mikl_gse173098,mikl_gse173098|mikl_gse173098|neurite_soma_mpra|GFP 3UTR MPRA|Neuro-2a|mikl:Dlg4:750.0:3754f05dd426687e,9a18a61a2a63e771,2,3,2,AVAILABLE
mikl_gse173098,mikl_gse173098|mikl_gse173098|neurite_soma_mpra|GFP 3UTR MPRA|Neuro-2a|mikl:Dlg4:750.0:74bdb1762f1aa118,9a18a61a2a63e771,6,3,6,AVAILABLE
mikl_gse173098,mikl_gse173098|mikl_gse173098|neurite_soma_mpra|GFP 3UTR MPRA|Neuro-2a|mikl:Dlg4:800.0:b63160d28f523371,9a18a61a2a63e771,6,3,6,AVAILABLE
mikl_gse173098,mikl_gse173098|mikl_gse173098|neurite_soma_mpra|GFP 3UTR MPRA|Neuro-2a|mikl:Dlg4:850.0:ec71c38153612279,9a18a61a2a63e771,8,3,8,AVAILABLE
mikl_gse173098,mikl_gse173098|mikl_gse173098|neurite_soma_mpra|GFP 3UTR MPRA|Neuro-2a|mikl:Dlg4:900.0:45c59fc77ee42d35,9a18a61a2a63e771,4,3,4,AVAILABLE
mikl_gse173098,mikl_gse173098|mikl_gse173098|neurite_soma_mpra|GFP 3UTR MPRA|Neuro-2a|mikl:Dlg4:950.0:1bb04b5a17986c8c,9a18a61a2a63e771,3,3,3,AVAILABLE
mikl_gse173098,mikl_gse173098|mikl_gse173098|neurite_soma_mpra|GFP 3UTR MPRA|Neuro-2a|mikl:Dock8:550.0:f39d531d71baa318,aeed1b500d7dc380,2,3,2,AVAILABLE
mikl_gse173098,mikl_gse173098|mikl_gse173098|neurite_soma_mpra|GFP 3UTR MPRA|Neuro-2a|mikl:Dock8:600.0:6cb2aabd429c05e4,aeed1b500d7dc380,2,3,2,AVAILABLE
mikl_gse173098,mikl_gse173098|mikl_gse173098|neurite_soma_mpra|GFP 3UTR MPRA|Neuro-2a|mikl:Dock8:900.0:57414fec78211f73,aeed1b500d7dc380,2,3,2,AVAILABLE
mikl_gse173098,mikl_gse173098|mikl_gse173098|neurite_soma_mpra|GFP 3UTR MPRA|Neuro-2a|mikl:Dtx3l:1050.0:cac7e2f49abb573f,e20abc0a55e4d196,2,3,2,AVAILABLE
mikl_gse173098,mikl_gse173098|mikl_gse173098|neurite_soma_mpra|GFP 3UTR MPRA|Neuro-2a|mikl:Dtx3l:1100.0:4d1d4635ea3b8787,e20abc0a55e4d196,2,3,2,AVAILABLE
mikl_gse173098,mikl_gse173098|mikl_gse173098|neurite_soma_mpra|GFP 3UTR MPRA|Neuro-2a|mikl:Dtx3l:1150.0:4d15b5a4d250b5e0,e20abc0a55e4d196,2,3,2,AVAILABLE
mikl_gse173098,mikl_gse173098|mikl_gse173098|neurite_soma_mpra|GFP 3UTR MPRA|Neuro-2a|mikl:Dtx3l:1200.0:81b5c5c5ff123526,e20abc0a55e4d196,2,3,2,AVAILABLE
mikl_gse173098,mikl_gse173098|mikl_gse173098|neurite_soma_mpra|GFP 3UTR MPRA|Neuro-2a|mikl:Dtx3l:2550.0:d42755bad958d833,e20abc0a55e4d196,2,3,2,AVAILABLE
mikl_gse173098,mikl_gse173098|mikl_gse173098|neurite_soma_mpra|GFP 3UTR MPRA|Neuro-2a|mikl:Dtx3l:2600.0:8bc4a598c13807ba,e20abc0a55e4d196,4,3,4,AVAILABLE
mikl_gse173098,mikl_gse173098|mikl_gse173098|neurite_soma_mpra|GFP 3UTR MPRA|Neuro-2a|mikl:Dtx3l:550.0:50448b7c6be3bb06,e20abc0a55e4d196,2,3,2,AVAILABLE
mikl_gse173098,mikl_gse173098|mikl_gse173098|neurite_soma_mpra|GFP 3UTR MPRA|Neuro-2a|mikl:Dtx3l:600.0:ef7177d0756428f9,e20abc0a55e4d196,2,3,2,AVAILABLE
mikl_gse173098,mikl_gse173098|mikl_gse173098|neurite_soma_mpra|GFP 3UTR MPRA|Neuro-2a|mikl:Dusp18:2400.0:31deaa8333076d1c,6abeefd42811260b,2,3,2,AVAILABLE
mikl_gse173098,mikl_gse173098|mikl_gse173098|neurite_soma_mpra|GFP 3UTR MPRA|Neuro-2a|mikl:Dusp18:2700.0:8ef1b22c8a2b5791,6abeefd42811260b,2,3,2,AVAILABLE
mikl_gse173098,mikl_gse173098|mikl_gse173098|neurite_soma_mpra|GFP 3UTR MPRA|Neuro-2a|mikl:Dusp18:2850.0:dfbfadd600af2223,6abeefd42811260b,3,3,3,AVAILABLE
mikl_gse173098,mikl_gse173098|mikl_gse173098|neurite_soma_mpra|GFP 3UTR MPRA|Neuro-2a|mikl:Dusp18:2900.0:573dc542c438c7a8,6abeefd42811260b,3,3,3,AVAILABLE
mikl_gse173098,mikl_gse173098|mikl_gse173098|neurite_soma_mpra|GFP 3UTR MPRA|Neuro-2a|mikl:Dusp18:3500.0:5122ba8d730f76f0,6abeefd42811260b,2,3,2,AVAILABLE
mikl_gse173098,mikl_gse173098|mikl_gse173098|neurite_soma_mpra|GFP 3UTR MPRA|Neuro-2a|mikl:Ebf1:2350.0:07dc7f1c116c5a3f,98870faabce27eb6,2,3,2,AVAILABLE
mikl_gse173098,mikl_gse173098|mikl_gse173098|neurite_soma_mpra|GFP 3UTR MPRA|Neuro-2a|mikl:Ebf1:2400.0:db633ecd5268f690,98870faabce27eb6,4,3,4,AVAILABLE
mikl_gse173098,mikl_gse173098|mikl_gse173098|neurite_soma_mpra|GFP 3UTR MPRA|Neuro-2a|mikl:Ebf1:300.0:71377d1bf42b7926,98870faabce27eb6,2,3,2,AVAILABLE
mikl_gse173098,mikl_gse173098|mikl_gse173098|neurite_soma_mpra|GFP 3UTR MPRA|Neuro-2a|mikl:Ebf1:800.0:9d80aa51742e3493,98870faabce27eb6,2,3,2,AVAILABLE
mikl_gse173098,mikl_gse173098|mikl_gse173098|neurite_soma_mpra|GFP 3UTR MPRA|Neuro-2a|mikl:Ebf1:850.0:8ffba097265fd999,98870faabce27eb6,2,3,2,AVAILABLE
mikl_gse173098,mikl_gse173098|mikl_gse173098|neurite_soma_mpra|GFP 3UTR MPRA|Neuro-2a|mikl:Ebf1:900.0:19a347cd42e54091,98870faabce27eb6,2,3,2,AVAILABLE
mikl_gse173098,mikl_gse173098|mikl_gse173098|neurite_soma_mpra|GFP 3UTR MPRA|Neuro-2a|mikl:Eef2:100.0:be0a66316409d6a9,640f3876f2eba97b,2,3,2,AVAILABLE
mikl_gse173098,mikl_gse173098|mikl_gse173098|neurite_soma_mpra|GFP 3UTR MPRA|Neuro-2a|mikl:Eef2:150.0:4a80e3a428a84590,640f3876f2eba97b,2,3,2,AVAILABLE
mikl_gse173098,mikl_gse173098|mikl_gse173098|neurite_soma_mpra|GFP 3UTR MPRA|Neuro-2a|mikl:Egf:1600.0:3636de7afe802d95,03c615457e05403d,2,3,2,AVAILABLE
mikl_gse173098,mikl_gse173098|mikl_gse173098|neurite_soma_mpra|GFP 3UTR MPRA|Neuro-2a|mikl:Egf:1900.0:14c0b59ee7db1c7d,03c615457e05403d,3,3,3,AVAILABLE
mikl_gse173098,mikl_gse173098|mikl_gse173098|neurite_soma_mpra|GFP 3UTR MPRA|Neuro-2a|mikl:Egf:1950.0:9c680a928618fcd3,03c615457e05403d,2,3,2,AVAILABLE
mikl_gse173098,mikl_gse173098|mikl_gse173098|neurite_soma_mpra|GFP 3UTR MPRA|Neuro-2a|mikl:Egf:200.0:c4bc927421e86137,03c615457e05403d,2,3,2,AVAILABLE
mikl_gse173098,mikl_gse173098|mikl_gse173098|neurite_soma_mpra|GFP 3UTR MPRA|Neuro-2a|mikl:Egf:2000.0:997f082f34e8d67a,03c615457e05403d,3,3,3,AVAILABLE
mikl_gse173098,mikl_gse173098|mikl_gse173098|neurite_soma_mpra|GFP 3UTR MPRA|Neuro-2a|mikl:Egf:2400.0:5c1e01b105a25350,03c615457e05403d,2,3,2,AVAILABLE
mikl_gse173098,mikl_gse173098|mikl_gse173098|neurite_soma_mpra|GFP 3UTR MPRA|Neuro-2a|mikl:Egf:2450.0:053d2f23edc2146d,03c615457e05403d,2,3,2,AVAILABLE
mikl_gse173098,mikl_gse173098|mikl_gse173098|neurite_soma_mpra|GFP 3UTR MPRA|Neuro-2a|mikl:Egf:2900.0:fc66292a37ef19cc,03c615457e05403d,2,3,2,AVAILABLE
mikl_gse173098,mikl_gse173098|mikl_gse173098|neurite_soma_mpra|GFP 3UTR MPRA|Neuro-2a|mikl:Egf:2950.0:98a3736cdb6899ce,03c615457e05403d,2,3,2,AVAILABLE
mikl_gse173098,mikl_gse173098|mikl_gse173098|neurite_soma_mpra|GFP 3UTR MPRA|Neuro-2a|mikl:Eif3f:100.0:8c4d51e22b73c7ec,688e94039c09acf6,2,3,2,AVAILABLE
mikl_gse173098,mikl_gse173098|mikl_gse173098|neurite_soma_mpra|GFP 3UTR MPRA|Neuro-2a|mikl:Eif3f:150.0:557cc67536b7d1e0,688e94039c09acf6,2,3,2,AVAILABLE
mikl_gse173098,mikl_gse173098|mikl_gse173098|neurite_soma_mpra|GFP 3UTR MPRA|Neuro-2a|mikl:Eif3f:200.0:2ac84089049e2852,688e94039c09acf6,3,3,3,AVAILABLE
mikl_gse173098,mikl_gse173098|mikl_gse173098|neurite_soma_mpra|GFP 3UTR MPRA|Neuro-2a|mikl:Eif3f:650.0:bece60509ee25e4d,688e94039c09acf6,2,3,2,AVAILABLE
mikl_gse173098,mikl_gse173098|mikl_gse173098|neurite_soma_mpra|GFP 3UTR MPRA|Neuro-2a|mikl:Ern1:100.0:1cadb708cab3b501,4fd8472f08966118,2,3,2,AVAILABLE
mikl_gse173098,mikl_gse173098|mikl_gse173098|neurite_soma_mpra|GFP 3UTR MPRA|Neuro-2a|mikl:Ern1:1250.0:4d50402e0f7ffdc0,4fd8472f08966118,3,3,3,AVAILABLE
mikl_gse173098,mikl_gse173098|mikl_gse173098|neurite_soma_mpra|GFP 3UTR MPRA|Neuro-2a|mikl:Ern1:450.0:7646f54365e09482,4fd8472f08966118,2,3,2,AVAILABLE
mikl_gse173098,mikl_gse173098|mikl_gse173098|neurite_soma_mpra|GFP 3UTR MPRA|Neuro-2a|mikl:Ern1:600.0:399f792267c07032,4fd8472f08966118,2,3,2,AVAILABLE
mikl_gse173098,mikl_gse173098|mikl_gse173098|neurite_soma_mpra|GFP 3UTR MPRA|Neuro-2a|mikl:Ern1:700.0:c599f3acac789dbc,4fd8472f08966118,3,3,3,AVAILABLE
mikl_gse173098,mikl_gse173098|mikl_gse173098|neurite_soma_mpra|GFP 3UTR MPRA|Neuro-2a|mikl:Ern1:750.0:d413c5077018094f,4fd8472f08966118,3,3,3,AVAILABLE
mikl_gse173098,mikl_gse173098|mikl_gse173098|neurite_soma_mpra|GFP 3UTR MPRA|Neuro-2a|mikl:Esr1:1250.0:357e509c10e78704,5097003a71c9cfad,2,3,2,AVAILABLE
mikl_gse173098,mikl_gse173098|mikl_gse173098|neurite_soma_mpra|GFP 3UTR MPRA|Neuro-2a|mikl:Esr1:1300.0:38dacb48fcb6cfd3,5097003a71c9cfad,2,3,2,AVAILABLE
mikl_gse173098,mikl_gse173098|mikl_gse173098|neurite_soma_mpra|GFP 3UTR MPRA|Neuro-2a|mikl:Esr1:700.0:c8f6fd1d5e692d2b,5097003a71c9cfad,2,3,2,AVAILABLE
mikl_gse173098,mikl_gse173098|mikl_gse173098|neurite_soma_mpra|GFP 3UTR MPRA|Neuro-2a|mikl:Esr1:750.0:f81c41640cb01c13,5097003a71c9cfad,2,3,2,AVAILABLE
mikl_gse173098,mikl_gse173098|mikl_gse173098|neurite_soma_mpra|GFP 3UTR MPRA|Neuro-2a|mikl:Etv4:400.0:928ad419a14796a9,e78f68ae2157673a,2,3,2,AVAILABLE
mikl_gse173098,mikl_gse173098|mikl_gse173098|neurite_soma_mpra|GFP 3UTR MPRA|Neuro-2a|mikl:Exo1:1200.0:7d74b194a1da98a8,479774413af4279e,3,3,3,AVAILABLE
mikl_gse173098,mikl_gse173098|mikl_gse173098|neurite_soma_mpra|GFP 3UTR MPRA|Neuro-2a|mikl:Exo1:1250.0:4684f981b630eab7,479774413af4279e,2,3,2,AVAILABLE
mikl_gse173098,mikl_gse173098|mikl_gse173098|neurite_soma_mpra|GFP 3UTR MPRA|Neuro-2a|mikl:Exo1:1300.0:8b15493e8aa2a991,479774413af4279e,2,3,2,AVAILABLE
mikl_gse173098,mikl_gse173098|mikl_gse173098|neurite_soma_mpra|GFP 3UTR MPRA|Neuro-2a|mikl:Exo1:2000.0:48ae3b97abf98dd7,479774413af4279e,3,3,3,AVAILABLE
mikl_gse173098,mikl_gse173098|mikl_gse173098|neurite_soma_mpra|GFP 3UTR MPRA|Neuro-2a|mikl:Exo1:2050.0:0f15dd455efadbad,479774413af4279e,2,3,2,AVAILABLE
mikl_gse173098,mikl_gse173098|mikl_gse173098|neurite_soma_mpra|GFP 3UTR MPRA|Neuro-2a|mikl:Exo1:2450.0:118649ca8e4dd65e,479774413af4279e,2,3,2,AVAILABLE
mikl_gse173098,mikl_gse173098|mikl_gse173098|neurite_soma_mpra|GFP 3UTR MPRA|Neuro-2a|mikl:Exo1:2500.0:c2e7ec0b101c9bd8,479774413af4279e,3,3,3,AVAILABLE
mikl_gse173098,mikl_gse173098|mikl_gse173098|neurite_soma_mpra|GFP 3UTR MPRA|Neuro-2a|mikl:Exo1:2550.0:bf90fab1fac250ce,479774413af4279e,3,3,3,AVAILABLE
mikl_gse173098,mikl_gse173098|mikl_gse173098|neurite_soma_mpra|GFP 3UTR MPRA|Neuro-2a|mikl:Exo1:2650.0:1d22117d5794ce3b,479774413af4279e,3,3,3,AVAILABLE
mikl_gse173098,mikl_gse173098|mikl_gse173098|neurite_soma_mpra|GFP 3UTR MPRA|Neuro-2a|mikl:Exo1:3800.0:8ae688ad2fd41247,479774413af4279e,3,3,3,AVAILABLE
mikl_gse173098,mikl_gse173098|mikl_gse173098|neurite_soma_mpra|GFP 3UTR MPRA|Neuro-2a|mikl:Exo1:3850.0:826fa2fec932ddb9,479774413af4279e,3,3,3,AVAILABLE
mikl_gse173098,mikl_gse173098|mikl_gse173098|neurite_soma_mpra|GFP 3UTR MPRA|Neuro-2a|mikl:Exo1:4400.0:823685cf62564972,479774413af4279e,2,3,2,AVAILABLE
mikl_gse173098,mikl_gse173098|mikl_gse173098|neurite_soma_mpra|GFP 3UTR MPRA|Neuro-2a|mikl:Exo1:4500.0:682aa9e53f446744,479774413af4279e,2,3,2,AVAILABLE
mikl_gse173098,mikl_gse173098|mikl_gse173098|neurite_soma_mpra|GFP 3UTR MPRA|Neuro-2a|mikl:Exo1:600.0:89106f6d56057185,479774413af4279e,2,3,2,AVAILABLE
mikl_gse173098,mikl_gse173098|mikl_gse173098|neurite_soma_mpra|GFP 3UTR MPRA|Neuro-2a|mikl:Exo1:650.0:83eb7546366cb92d,479774413af4279e,3,3,3,AVAILABLE
mikl_gse173098,mikl_gse173098|mikl_gse173098|neurite_soma_mpra|GFP 3UTR MPRA|Neuro-2a|mikl:Fgf13:300.0:ebf5ff66a396fdbc,d381d2af5858503f,2,3,2,AVAILABLE
mikl_gse173098,mikl_gse173098|mikl_gse173098|neurite_soma_mpra|GFP 3UTR MPRA|Neuro-2a|mikl:Fgf3:1000.0:762b25346e4cc476,0d6ed4e3684eb6c7,4,3,4,AVAILABLE
mikl_gse173098,mikl_gse173098|mikl_gse173098|neurite_soma_mpra|GFP 3UTR MPRA|Neuro-2a|mikl:Fgf3:1100.0:ffac884dbad0dfd9,0d6ed4e3684eb6c7,2,3,2,AVAILABLE
mikl_gse173098,mikl_gse173098|mikl_gse173098|neurite_soma_mpra|GFP 3UTR MPRA|Neuro-2a|mikl:Fgf3:1200.0:c866a124c7aee490,0d6ed4e3684eb6c7,3,3,3,AVAILABLE
mikl_gse173098,mikl_gse173098|mikl_gse173098|neurite_soma_mpra|GFP 3UTR MPRA|Neuro-2a|mikl:Fgf3:900.0:47ff96830dd9667f,0d6ed4e3684eb6c7,4,3,4,AVAILABLE
mikl_gse173098,mikl_gse173098|mikl_gse173098|neurite_soma_mpra|GFP 3UTR MPRA|Neuro-2a|mikl:Fgf3:950.0:da5f7244cb009a65,0d6ed4e3684eb6c7,2,3,2,AVAILABLE
mikl_gse173098,mikl_gse173098|mikl_gse173098|neurite_soma_mpra|GFP 3UTR MPRA|Neuro-2a|mikl:Foxp2:1700.0:06f91d32ca2dc21c,0028b8bc18a68dd9,2,3,2,AVAILABLE
mikl_gse173098,mikl_gse173098|mikl_gse173098|neurite_soma_mpra|GFP 3UTR MPRA|Neuro-2a|mikl:Foxp2:2200.0:5c023fa4393a587c,0028b8bc18a68dd9,2,3,2,AVAILABLE
mikl_gse173098,mikl_gse173098|mikl_gse173098|neurite_soma_mpra|GFP 3UTR MPRA|Neuro-2a|mikl:Foxp2:350.0:0dafb0be3be7fe62,0028b8bc18a68dd9,2,3,2,AVAILABLE
mikl_gse173098,mikl_gse173098|mikl_gse173098|neurite_soma_mpra|GFP 3UTR MPRA|Neuro-2a|mikl:Ftl1:100.0:032bfc359baed679,9226af57fe7ef2d5,2,3,2,AVAILABLE
mikl_gse173098,mikl_gse173098|mikl_gse173098|neurite_soma_mpra|GFP 3UTR MPRA|Neuro-2a|mikl:Ftl1:300.0:b972f176f0cc73ee,9226af57fe7ef2d5,2,3,2,AVAILABLE
mikl_gse173098,mikl_gse173098|mikl_gse173098|neurite_soma_mpra|GFP 3UTR MPRA|Neuro-2a|mikl:Gabra4:100.0:1c192b3003fd8ebd,55083296fe498f98,2,3,2,AVAILABLE
mikl_gse173098,mikl_gse173098|mikl_gse173098|neurite_soma_mpra|GFP 3UTR MPRA|Neuro-2a|mikl:Gabra4:250.0:a7257a49c737fa18,55083296fe498f98,2,3,2,AVAILABLE
mikl_gse173098,mikl_gse173098|mikl_gse173098|neurite_soma_mpra|GFP 3UTR MPRA|Neuro-2a|mikl:Gabra4:950.0:ffaf446cfb20d7a7,55083296fe498f98,2,3,2,AVAILABLE
mikl_gse173098,mikl_gse173098|mikl_gse173098|neurite_soma_mpra|GFP 3UTR MPRA|Neuro-2a|mikl:Gbp7:1000.0:b346355e1b8a95d4,c84a7b9e2b17f16d,3,3,3,AVAILABLE
mikl_gse173098,mikl_gse173098|mikl_gse173098|neurite_soma_mpra|GFP 3UTR MPRA|Neuro-2a|mikl:Gbp7:1050.0:83ac817f25667cbe,c84a7b9e2b17f16d,3,3,3,AVAILABLE
mikl_gse173098,mikl_gse173098|mikl_gse173098|neurite_soma_mpra|GFP 3UTR MPRA|Neuro-2a|mikl:Gbp7:1100.0:81db58bc390e8b6c,c84a7b9e2b17f16d,2,3,2,AVAILABLE
mikl_gse173098,mikl_gse173098|mikl_gse173098|neurite_soma_mpra|GFP 3UTR MPRA|Neuro-2a|mikl:Gbp7:1550.0:94838a8a0bcdd485,c84a7b9e2b17f16d,3,3,3,AVAILABLE
mikl_gse173098,mikl_gse173098|mikl_gse173098|neurite_soma_mpra|GFP 3UTR MPRA|Neuro-2a|mikl:Gbp7:200.0:53e866730d638940,c84a7b9e2b17f16d,3,3,3,AVAILABLE
mikl_gse173098,mikl_gse173098|mikl_gse173098|neurite_soma_mpra|GFP 3UTR MPRA|Neuro-2a|mikl:Gbp7:250.0:2f643afe1f95637a,c84a7b9e2b17f16d,2,3,2,AVAILABLE
mikl_gse173098,mikl_gse173098|mikl_gse173098|neurite_soma_mpra|GFP 3UTR MPRA|Neuro-2a|mikl:Gbp7:600.0:0dd0b6e8fb0323e3,c84a7b9e2b17f16d,3,3,3,AVAILABLE
mikl_gse173098,mikl_gse173098|mikl_gse173098|neurite_soma_mpra|GFP 3UTR MPRA|Neuro-2a|mikl:Gbp7:650.0:aaef95e7a87b27b6,c84a7b9e2b17f16d,3,3,3,AVAILABLE
mikl_gse173098,mikl_gse173098|mikl_gse173098|neurite_soma_mpra|GFP 3UTR MPRA|Neuro-2a|mikl:Gbp7:700.0:d3db0bd58384efac,c84a7b9e2b17f16d,2,3,2,AVAILABLE
mikl_gse173098,mikl_gse173098|mikl_gse173098|neurite_soma_mpra|GFP 3UTR MPRA|Neuro-2a|mikl:Gbp7:850.0:bf11b0b632f8021a,c84a7b9e2b17f16d,2,3,2,AVAILABLE
mikl_gse173098,mikl_gse173098|mikl_gse173098|neurite_soma_mpra|GFP 3UTR MPRA|Neuro-2a|mikl:Gli3:500.0:8b089a3ac005b86a,b0907ec32dd1b2ee,2,3,2,AVAILABLE
mikl_gse173098,mikl_gse173098|mikl_gse173098|neurite_soma_mpra|GFP 3UTR MPRA|Neuro-2a|mikl:Gli3:600.0:f49deeafd2b490f0,b0907ec32dd1b2ee,2,3,2,AVAILABLE
mikl_gse173098,mikl_gse173098|mikl_gse173098|neurite_soma_mpra|GFP 3UTR MPRA|Neuro-2a|mikl:Gli3:700.0:744a078e3882886f,b0907ec32dd1b2ee,2,3,2,AVAILABLE
mikl_gse173098,mikl_gse173098|mikl_gse173098|neurite_soma_mpra|GFP 3UTR MPRA|Neuro-2a|mikl:Gpc6:100.0:4d174d3a0130322b,79f88ffd01d2b323,2,3,2,AVAILABLE
mikl_gse173098,mikl_gse173098|mikl_gse173098|neurite_soma_mpra|GFP 3UTR MPRA|Neuro-2a|mikl:Gpc6:50.0:ab325c9c50bf5682,79f88ffd01d2b323,2,3,2,AVAILABLE
mikl_gse173098,mikl_gse173098|mikl_gse173098|neurite_soma_mpra|GFP 3UTR MPRA|Neuro-2a|mikl:Gpc6:850.0:b45ef851f9396ee6,79f88ffd01d2b323,2,3,2,AVAILABLE
mikl_gse173098,mikl_gse173098|mikl_gse173098|neurite_soma_mpra|GFP 3UTR MPRA|Neuro-2a|mikl:Gpc6:900.0:e55de720597518c4,79f88ffd01d2b323,2,3,2,AVAILABLE
mikl_gse173098,mikl_gse173098|mikl_gse173098|neurite_soma_mpra|GFP 3UTR MPRA|Neuro-2a|mikl:Gpr17:1450.0:84b7c6c7cedcf725,eb19097abf74a246,2,3,2,AVAILABLE
mikl_gse173098,mikl_gse173098|mikl_gse173098|neurite_soma_mpra|GFP 3UTR MPRA|Neuro-2a|mikl:Gpr17:1500.0:a65d5f571efb6f5c,eb19097abf74a246,2,3,2,AVAILABLE
mikl_gse173098,mikl_gse173098|mikl_gse173098|neurite_soma_mpra|GFP 3UTR MPRA|Neuro-2a|mikl:Gpr17:250.0:c1f3bbeb0f382654,eb19097abf74a246,2,3,2,AVAILABLE
mikl_gse173098,mikl_gse173098|mikl_gse173098|neurite_soma_mpra|GFP 3UTR MPRA|Neuro-2a|mikl:Gpr17:2550.0:67d5b9ae6632db8c,eb19097abf74a246,2,3,2,AVAILABLE
mikl_gse173098,mikl_gse173098|mikl_gse173098|neurite_soma_mpra|GFP 3UTR MPRA|Neuro-2a|mikl:Gpr17:2600.0:84a1c0b526f6d58e,eb19097abf74a246,2,3,2,AVAILABLE
mikl_gse173098,mikl_gse173098|mikl_gse173098|neurite_soma_mpra|GFP 3UTR MPRA|Neuro-2a|mikl:Gpr17:2650.0:3a045ff23b63492e,eb19097abf74a246,2,3,2,AVAILABLE
mikl_gse173098,mikl_gse173098|mikl_gse173098|neurite_soma_mpra|GFP 3UTR MPRA|Neuro-2a|mikl:Gpr17:300.0:0482b569483a0e6e,eb19097abf74a246,2,3,2,AVAILABLE
mikl_gse173098,mikl_gse173098|mikl_gse173098|neurite_soma_mpra|GFP 3UTR MPRA|Neuro-2a|mikl:Gpr17:3750.0:4a4015aa39f7ed0b,eb19097abf74a246,2,3,2,AVAILABLE
mikl_gse173098,mikl_gse173098|mikl_gse173098|neurite_soma_mpra|GFP 3UTR MPRA|Neuro-2a|mikl:Gpr17:3800.0:382a4c8659f8f8e4,eb19097abf74a246,3,3,3,AVAILABLE
mikl_gse173098,mikl_gse173098|mikl_gse173098|neurite_soma_mpra|GFP 3UTR MPRA|Neuro-2a|mikl:Gpr35:1700.0:b8ea2d7bdb2d46e2,37c25859c6a0fd6b,2,3,2,AVAILABLE
mikl_gse173098,mikl_gse173098|mikl_gse173098|neurite_soma_mpra|GFP 3UTR MPRA|Neuro-2a|mikl:Gpr35:2300.0:182328355df88b55,37c25859c6a0fd6b,2,3,2,AVAILABLE
mikl_gse173098,mikl_gse173098|mikl_gse173098|neurite_soma_mpra|GFP 3UTR MPRA|Neuro-2a|mikl:Gpr35:2350.0:21618a1fc6c7d132,37c25859c6a0fd6b,2,3,2,AVAILABLE
mikl_gse173098,mikl_gse173098|mikl_gse173098|neurite_soma_mpra|GFP 3UTR MPRA|Neuro-2a|mikl:Grin1:600.0:1bba09ef5c30f250,3060930d802470c4,2,3,2,AVAILABLE
mikl_gse173098,mikl_gse173098|mikl_gse173098|neurite_soma_mpra|GFP 3UTR MPRA|Neuro-2a|mikl:Grin1:650.0:87b593061c99c70e,3060930d802470c4,3,3,3,AVAILABLE
mikl_gse173098,mikl_gse173098|mikl_gse173098|neurite_soma_mpra|GFP 3UTR MPRA|Neuro-2a|mikl:Grin1:700.0:152e2c5b8588bb20,3060930d802470c4,3,3,3,AVAILABLE
mikl_gse173098,mikl_gse173098|mikl_gse173098|neurite_soma_mpra|GFP 3UTR MPRA|Neuro-2a|mikl:Grin1:750.0:8344f0a743623dae,3060930d802470c4,2,3,2,AVAILABLE
mikl_gse173098,mikl_gse173098|mikl_gse173098|neurite_soma_mpra|GFP 3UTR MPRA|Neuro-2a|mikl:Hic2:1050.0:bc48f3cc5a86263c,c77252e5798a6e71,2,3,2,AVAILABLE
mikl_gse173098,mikl_gse173098|mikl_gse173098|neurite_soma_mpra|GFP 3UTR MPRA|Neuro-2a|mikl:Hic2:1100.0:4351ca3419a102d6,c77252e5798a6e71,2,3,2,AVAILABLE
mikl_gse173098,mikl_gse173098|mikl_gse173098|neurite_soma_mpra|GFP 3UTR MPRA|Neuro-2a|mikl:Hic2:1150.0:3f8e4df72a9c31be,c77252e5798a6e71,2,3,2,AVAILABLE
mikl_gse173098,mikl_gse173098|mikl_gse173098|neurite_soma_mpra|GFP 3UTR MPRA|Neuro-2a|mikl:Hic2:1250.0:72bd4ce741cbd28d,c77252e5798a6e71,3,3,3,AVAILABLE
mikl_gse173098,mikl_gse173098|mikl_gse173098|neurite_soma_mpra|GFP 3UTR MPRA|Neuro-2a|mikl:Hic2:1300.0:099e0b42c0984983,c77252e5798a6e71,2,3,2,AVAILABLE
mikl_gse173098,mikl_gse173098|mikl_gse173098|neurite_soma_mpra|GFP 3UTR MPRA|Neuro-2a|mikl:Hic2:2450.0:7905e6cbdaf7fcbd,c77252e5798a6e71,2,3,2,AVAILABLE
mikl_gse173098,mikl_gse173098|mikl_gse173098|neurite_soma_mpra|GFP 3UTR MPRA|Neuro-2a|mikl:Hic2:2500.0:418d3b1db51db813,c77252e5798a6e71,3,3,3,AVAILABLE
mikl_gse173098,mikl_gse173098|mikl_gse173098|neurite_soma_mpra|GFP 3UTR MPRA|Neuro-2a|mikl:Hic2:3250.0:d875abfa015e08d9,c77252e5798a6e71,4,3,4,AVAILABLE
mikl_gse173098,mikl_gse173098|mikl_gse173098|neurite_soma_mpra|GFP 3UTR MPRA|Neuro-2a|mikl:Hic2:3300.0:ec359e377e9bf791,c77252e5798a6e71,2,3,2,AVAILABLE
mikl_gse173098,mikl_gse173098|mikl_gse173098|neurite_soma_mpra|GFP 3UTR MPRA|Neuro-2a|mikl:Hic2:3350.0:ebeacecadc41f631,c77252e5798a6e71,4,3,4,AVAILABLE
mikl_gse173098,mikl_gse173098|mikl_gse173098|neurite_soma_mpra|GFP 3UTR MPRA|Neuro-2a|mikl:Hic2:3450.0:764a81531a08c3ed,c77252e5798a6e71,2,3,2,AVAILABLE
mikl_gse173098,mikl_gse173098|mikl_gse173098|neurite_soma_mpra|GFP 3UTR MPRA|Neuro-2a|mikl:Hic2:3500.0:0fd68624c67fce18,c77252e5798a6e71,2,3,2,AVAILABLE
mikl_gse173098,mikl_gse173098|mikl_gse173098|neurite_soma_mpra|GFP 3UTR MPRA|Neuro-2a|mikl:Hic2:3550.0:ec44ff776038e3ef,c77252e5798a6e71,2,3,2,AVAILABLE
mikl_gse173098,mikl_gse173098|mikl_gse173098|neurite_soma_mpra|GFP 3UTR MPRA|Neuro-2a|mikl:Hic2:3600.0:e35f524131cc0f5a,c77252e5798a6e71,3,3,3,AVAILABLE
mikl_gse173098,mikl_gse173098|mikl_gse173098|neurite_soma_mpra|GFP 3UTR MPRA|Neuro-2a|mikl:Hic2:3900.0:e34ff96b6cd3b7fa,c77252e5798a6e71,2,3,2,AVAILABLE
mikl_gse173098,mikl_gse173098|mikl_gse173098|neurite_soma_mpra|GFP 3UTR MPRA|Neuro-2a|mikl:Hic2:3950.0:ea85692da0d76a66,c77252e5798a6e71,2,3,2,AVAILABLE
mikl_gse173098,mikl_gse173098|mikl_gse173098|neurite_soma_mpra|GFP 3UTR MPRA|Neuro-2a|mikl:Hic2:850.0:5489be9b374e4106,c77252e5798a6e71,2,3,2,AVAILABLE
mikl_gse173098,mikl_gse173098|mikl_gse173098|neurite_soma_mpra|GFP 3UTR MPRA|Neuro-2a|mikl:Hic2:900.0:3f3fd80731a45fa1,c77252e5798a6e71,3,3,3,AVAILABLE
mikl_gse173098,mikl_gse173098|mikl_gse173098|neurite_soma_mpra|GFP 3UTR MPRA|Neuro-2a|mikl:Hic2:950.0:db607498419a122d,c77252e5798a6e71,3,3,3,AVAILABLE
mikl_gse173098,mikl_gse173098|mikl_gse173098|neurite_soma_mpra|GFP 3UTR MPRA|Neuro-2a|mikl:Hpcal4:0.0:d7d0ac596e288d95,48f2b9a02dd0bb73,2,3,2,AVAILABLE
mikl_gse173098,mikl_gse173098|mikl_gse173098|neurite_soma_mpra|GFP 3UTR MPRA|Neuro-2a|mikl:Hpcal4:1750.0:f22904eabca63769,48f2b9a02dd0bb73,2,3,2,AVAILABLE
mikl_gse173098,mikl_gse173098|mikl_gse173098|neurite_soma_mpra|GFP 3UTR MPRA|Neuro-2a|mikl:Hpcal4:1800.0:3919d3aa003b1e08,48f2b9a02dd0bb73,2,3,2,AVAILABLE
mikl_gse173098,mikl_gse173098|mikl_gse173098|neurite_soma_mpra|GFP 3UTR MPRA|Neuro-2a|mikl:Hpcal4:1850.0:300aeaa13e70e3a4,48f2b9a02dd0bb73,2,3,2,AVAILABLE
mikl_gse173098,mikl_gse173098|mikl_gse173098|neurite_soma_mpra|GFP 3UTR MPRA|Neuro-2a|mikl:Hpcal4:3450.0:cedcfe6ab6062d1a,48f2b9a02dd0bb73,2,3,2,AVAILABLE
mikl_gse173098,mikl_gse173098|mikl_gse173098|neurite_soma_mpra|GFP 3UTR MPRA|Neuro-2a|mikl:Hpcal4:3500.0:b183ed5b0e326141,48f2b9a02dd0bb73,3,3,3,AVAILABLE
mikl_gse173098,mikl_gse173098|mikl_gse173098|neurite_soma_mpra|GFP 3UTR MPRA|Neuro-2a|mikl:Hpcal4:50.0:8d94038327597dc3,48f2b9a02dd0bb73,2,3,2,AVAILABLE
mikl_gse173098,mikl_gse173098|mikl_gse173098|neurite_soma_mpra|GFP 3UTR MPRA|Neuro-2a|mikl:Hpcal4:550.0:236e1268cbbc20d9,48f2b9a02dd0bb73,2,3,2,AVAILABLE
mikl_gse173098,mikl_gse173098|mikl_gse173098|neurite_soma_mpra|GFP 3UTR MPRA|Neuro-2a|mikl:Hpcal4:600.0:0d4886f1b6739c27,48f2b9a02dd0bb73,2,3,2,AVAILABLE
mikl_gse173098,mikl_gse173098|mikl_gse173098|neurite_soma_mpra|GFP 3UTR MPRA|Neuro-2a|mikl:Hpcal4:650.0:613147855ed79d20,48f2b9a02dd0bb73,2,3,2,AVAILABLE
mikl_gse173098,mikl_gse173098|mikl_gse173098|neurite_soma_mpra|GFP 3UTR MPRA|Neuro-2a|mikl:Hpcal4:700.0:dbe20017282fe562,48f2b9a02dd0bb73,3,3,3,AVAILABLE
mikl_gse173098,mikl_gse173098|mikl_gse173098|neurite_soma_mpra|GFP 3UTR MPRA|Neuro-2a|mikl:Hpcal4:750.0:be75ae41c6bb1352,48f2b9a02dd0bb73,3,3,3,AVAILABLE
mikl_gse173098,mikl_gse173098|mikl_gse173098|neurite_soma_mpra|GFP 3UTR MPRA|Neuro-2a|mikl:Hpcal4:800.0:363f91757eef959c,48f2b9a02dd0bb73,3,3,3,AVAILABLE
mikl_gse173098,mikl_gse173098|mikl_gse173098|neurite_soma_mpra|GFP 3UTR MPRA|Neuro-2a|mikl:Hspb2:0.0:008ee27ff7c8728d,2496a43199610876,3,3,3,AVAILABLE
mikl_gse173098,mikl_gse173098|mikl_gse173098|neurite_soma_mpra|GFP 3UTR MPRA|Neuro-2a|mikl:Ids:2700.0:a326de1e763edeb1,21dcc03251175525,2,3,2,AVAILABLE
mikl_gse173098,mikl_gse173098|mikl_gse173098|neurite_soma_mpra|GFP 3UTR MPRA|Neuro-2a|mikl:Ids:2750.0:b2d6814f96537782,21dcc03251175525,2,3,2,AVAILABLE
mikl_gse173098,mikl_gse173098|mikl_gse173098|neurite_soma_mpra|GFP 3UTR MPRA|Neuro-2a|mikl:Invs:1100.0:5d15686ac9f1742d,c1f7f791594cf738,3,3,3,AVAILABLE
mikl_gse173098,mikl_gse173098|mikl_gse173098|neurite_soma_mpra|GFP 3UTR MPRA|Neuro-2a|mikl:Invs:1150.0:34f6f8ce01e65f6f,c1f7f791594cf738,2,3,2,AVAILABLE
mikl_gse173098,mikl_gse173098|mikl_gse173098|neurite_soma_mpra|GFP 3UTR MPRA|Neuro-2a|mikl:Invs:1250.0:35d7588b13b6ad26,c1f7f791594cf738,2,3,2,AVAILABLE
mikl_gse173098,mikl_gse173098|mikl_gse173098|neurite_soma_mpra|GFP 3UTR MPRA|Neuro-2a|mikl:Invs:1300.0:5224f69d0afbe66b,c1f7f791594cf738,2,3,2,AVAILABLE
mikl_gse173098,mikl_gse173098|mikl_gse173098|neurite_soma_mpra|GFP 3UTR MPRA|Neuro-2a|mikl:Invs:1350.0:11929e17a298a1a7,c1f7f791594cf738,2,3,2,AVAILABLE
mikl_gse173098,mikl_gse173098|mikl_gse173098|neurite_soma_mpra|GFP 3UTR MPRA|Neuro-2a|mikl:Invs:1550.0:25ee173158bcd38c,c1f7f791594cf738,2,3,2,AVAILABLE
mikl_gse173098,mikl_gse173098|mikl_gse173098|neurite_soma_mpra|GFP 3UTR MPRA|Neuro-2a|mikl:Invs:1600.0:85cd93518649b5dd,c1f7f791594cf738,2,3,2,AVAILABLE
mikl_gse173098,mikl_gse173098|mikl_gse173098|neurite_soma_mpra|GFP 3UTR MPRA|Neuro-2a|mikl:Invs:600.0:df17049678164812,c1f7f791594cf738,2,3,2,AVAILABLE
mikl_gse173098,mikl_gse173098|mikl_gse173098|neurite_soma_mpra|GFP 3UTR MPRA|Neuro-2a|mikl:Invs:650.0:2e62b3beb01f8af4,c1f7f791594cf738,4,3,4,AVAILABLE
mikl_gse173098,mikl_gse173098|mikl_gse173098|neurite_soma_mpra|GFP 3UTR MPRA|Neuro-2a|mikl:Invs:700.0:50977dfa62ed6772,c1f7f791594cf738,3,3,3,AVAILABLE
mikl_gse173098,mikl_gse173098|mikl_gse173098|neurite_soma_mpra|GFP 3UTR MPRA|Neuro-2a|mikl:Invs:750.0:9d634f6d5f4f6e9e,c1f7f791594cf738,2,3,2,AVAILABLE
mikl_gse173098,mikl_gse173098|mikl_gse173098|neurite_soma_mpra|GFP 3UTR MPRA|Neuro-2a|mikl:Itga1:1450.0:f53bc992db329a4b,f8fcb4139395b1be,2,3,2,AVAILABLE
mikl_gse173098,mikl_gse173098|mikl_gse173098|neurite_soma_mpra|GFP 3UTR MPRA|Neuro-2a|mikl:Itga1:1500.0:1d50b272bbd17970,f8fcb4139395b1be,2,3,2,AVAILABLE
mikl_gse173098,mikl_gse173098|mikl_gse173098|neurite_soma_mpra|GFP 3UTR MPRA|Neuro-2a|mikl:Itga1:3750.0:fdde83dc7d128b46,f8fcb4139395b1be,2,3,2,AVAILABLE
mikl_gse173098,mikl_gse173098|mikl_gse173098|neurite_soma_mpra|GFP 3UTR MPRA|Neuro-2a|mikl:Itga1:4300.0:1a1dce2464a6bd0f,f8fcb4139395b1be,3,3,3,AVAILABLE
mikl_gse173098,mikl_gse173098|mikl_gse173098|neurite_soma_mpra|GFP 3UTR MPRA|Neuro-2a|mikl:Itga1:4350.0:ba415f517f8a1843,f8fcb4139395b1be,3,3,3,AVAILABLE
mikl_gse173098,mikl_gse173098|mikl_gse173098|neurite_soma_mpra|GFP 3UTR MPRA|Neuro-2a|mikl:Itga1:4400.0:9ccd6c7d57ecdb21,f8fcb4139395b1be,2,3,2,AVAILABLE
mikl_gse173098,mikl_gse173098|mikl_gse173098|neurite_soma_mpra|GFP 3UTR MPRA|Neuro-2a|mikl:Itga1:5650.0:ab24cb63eca1f8d8,f8fcb4139395b1be,3,3,3,AVAILABLE
mikl_gse173098,mikl_gse173098|mikl_gse173098|neurite_soma_mpra|GFP 3UTR MPRA|Neuro-2a|mikl:Itga1:5800.0:eb9dbc2f3724d54d,f8fcb4139395b1be,2,3,2,AVAILABLE
mikl_gse173098,mikl_gse173098|mikl_gse173098|neurite_soma_mpra|GFP 3UTR MPRA|Neuro-2a|mikl:Itga1:5850.0:70bfbcb5445ad66d,f8fcb4139395b1be,2,3,2,AVAILABLE
mikl_gse173098,mikl_gse173098|mikl_gse173098|neurite_soma_mpra|GFP 3UTR MPRA|Neuro-2a|mikl:Itga1:5900.0:c623e0d99bafb2f8,f8fcb4139395b1be,2,3,2,AVAILABLE
mikl_gse173098,mikl_gse173098|mikl_gse173098|neurite_soma_mpra|GFP 3UTR MPRA|Neuro-2a|mikl:Itga1:6550.0:ce2c7742c659fb4c,f8fcb4139395b1be,2,3,2,AVAILABLE
mikl_gse173098,mikl_gse173098|mikl_gse173098|neurite_soma_mpra|GFP 3UTR MPRA|Neuro-2a|mikl:Itga1:6600.0:15fd00df96bdb7cb,f8fcb4139395b1be,2,3,2,AVAILABLE
mikl_gse173098,mikl_gse173098|mikl_gse173098|neurite_soma_mpra|GFP 3UTR MPRA|Neuro-2a|mikl:Itga1:6650.0:308b070dd16fc944,f8fcb4139395b1be,3,3,3,AVAILABLE
mikl_gse173098,mikl_gse173098|mikl_gse173098|neurite_soma_mpra|GFP 3UTR MPRA|Neuro-2a|mikl:Itga4:1550.0:897a99fde798e96a,f69cba248f895514,2,3,2,AVAILABLE
mikl_gse173098,mikl_gse173098|mikl_gse173098|neurite_soma_mpra|GFP 3UTR MPRA|Neuro-2a|mikl:Itga4:1600.0:88e4766ba304af86,f69cba248f895514,3,3,3,AVAILABLE
mikl_gse173098,mikl_gse173098|mikl_gse173098|neurite_soma_mpra|GFP 3UTR MPRA|Neuro-2a|mikl:Itga4:1650.0:a558d0a8d1ec90fb,f69cba248f895514,2,3,2,AVAILABLE
mikl_gse173098,mikl_gse173098|mikl_gse173098|neurite_soma_mpra|GFP 3UTR MPRA|Neuro-2a|mikl:Itga4:1700.0:53ee2fa7b66e4ad1,f69cba248f895514,2,3,2,AVAILABLE
mikl_gse173098,mikl_gse173098|mikl_gse173098|neurite_soma_mpra|GFP 3UTR MPRA|Neuro-2a|mikl:Itga4:4150.0:ae134e1f2a477353,f69cba248f895514,2,3,2,AVAILABLE
mikl_gse173098,mikl_gse173098|mikl_gse173098|neurite_soma_mpra|GFP 3UTR MPRA|Neuro-2a|mikl:Itga4:5200.0:bbd2b63e8a10b00b,f69cba248f895514,2,3,2,AVAILABLE
mikl_gse173098,mikl_gse173098|mikl_gse173098|neurite_soma_mpra|GFP 3UTR MPRA|Neuro-2a|mikl:Itpr2:0.0:dfeaffe93ee0b9e6,b42c56ed61508e05,2,3,2,AVAILABLE
mikl_gse173098,mikl_gse173098|mikl_gse173098|neurite_soma_mpra|GFP 3UTR MPRA|Neuro-2a|mikl:Itpr2:1200.0:710d661c8f129887,b42c56ed61508e05,2,3,2,AVAILABLE
mikl_gse173098,mikl_gse173098|mikl_gse173098|neurite_soma_mpra|GFP 3UTR MPRA|Neuro-2a|mikl:Itpr2:1250.0:a4f41416555b0b4f,b42c56ed61508e05,2,3,2,AVAILABLE
mikl_gse173098,mikl_gse173098|mikl_gse173098|neurite_soma_mpra|GFP 3UTR MPRA|Neuro-2a|mikl:Itpr2:2000.0:f31be815ef1d72a4,b42c56ed61508e05,2,3,2,AVAILABLE
mikl_gse173098,mikl_gse173098|mikl_gse173098|neurite_soma_mpra|GFP 3UTR MPRA|Neuro-2a|mikl:Itpr2:2500.0:e8967765ed3345c5,b42c56ed61508e05,3,3,3,AVAILABLE
mikl_gse173098,mikl_gse173098|mikl_gse173098|neurite_soma_mpra|GFP 3UTR MPRA|Neuro-2a|mikl:Itpr2:2550.0:0e060d85432411a0,b42c56ed61508e05,3,3,3,AVAILABLE
mikl_gse173098,mikl_gse173098|mikl_gse173098|neurite_soma_mpra|GFP 3UTR MPRA|Neuro-2a|mikl:Itpr2:400.0:53b09597bbf070a9,b42c56ed61508e05,2,3,2,AVAILABLE
mikl_gse173098,mikl_gse173098|mikl_gse173098|neurite_soma_mpra|GFP 3UTR MPRA|Neuro-2a|mikl:Itpr2:450.0:6270a393389bef3b,b42c56ed61508e05,2,3,2,AVAILABLE
mikl_gse173098,mikl_gse173098|mikl_gse173098|neurite_soma_mpra|GFP 3UTR MPRA|Neuro-2a|mikl:Itpr2:50.0:104b3e03462af7d7,b42c56ed61508e05,3,3,3,AVAILABLE
mikl_gse173098,mikl_gse173098|mikl_gse173098|neurite_soma_mpra|GFP 3UTR MPRA|Neuro-2a|mikl:Itpr2:900.0:4c4594cd032b1012,b42c56ed61508e05,2,3,2,AVAILABLE
mikl_gse173098,mikl_gse173098|mikl_gse173098|neurite_soma_mpra|GFP 3UTR MPRA|Neuro-2a|mikl:Itpr2:950.0:acac1d129dff8539,b42c56ed61508e05,2,3,2,AVAILABLE
mikl_gse173098,mikl_gse173098|mikl_gse173098|neurite_soma_mpra|GFP 3UTR MPRA|Neuro-2a|mikl:Jund:0.0:b54fe6e0e651e4c7,717aeef43de723c4,2,3,2,AVAILABLE
mikl_gse173098,mikl_gse173098|mikl_gse173098|neurite_soma_mpra|GFP 3UTR MPRA|Neuro-2a|mikl:Jund:250.0:8f1591cfd325b42a,717aeef43de723c4,3,3,3,AVAILABLE
mikl_gse173098,mikl_gse173098|mikl_gse173098|neurite_soma_mpra|GFP 3UTR MPRA|Neuro-2a|mikl:Jund:300.0:ccb74a92fa91f268,717aeef43de723c4,3,3,3,AVAILABLE
mikl_gse173098,mikl_gse173098|mikl_gse173098|neurite_soma_mpra|GFP 3UTR MPRA|Neuro-2a|mikl:Jund:350.0:e6cfa4c971ad59d2,717aeef43de723c4,3,3,3,AVAILABLE
mikl_gse173098,mikl_gse173098|mikl_gse173098|neurite_soma_mpra|GFP 3UTR MPRA|Neuro-2a|mikl:Kcna6:1050.0:e8a12aee266de55d,38d6ed149626b772,2,3,2,AVAILABLE
mikl_gse173098,mikl_gse173098|mikl_gse173098|neurite_soma_mpra|GFP 3UTR MPRA|Neuro-2a|mikl:Kcna6:1100.0:de427f183092f36f,38d6ed149626b772,3,3,3,AVAILABLE
mikl_gse173098,mikl_gse173098|mikl_gse173098|neurite_soma_mpra|GFP 3UTR MPRA|Neuro-2a|mikl:Kcna6:1150.0:822cf4e3f556c0ae,38d6ed149626b772,4,3,4,AVAILABLE
mikl_gse173098,mikl_gse173098|mikl_gse173098|neurite_soma_mpra|GFP 3UTR MPRA|Neuro-2a|mikl:Kcna6:1200.0:56c7e181a446b4a5,38d6ed149626b772,2,3,2,AVAILABLE
mikl_gse173098,mikl_gse173098|mikl_gse173098|neurite_soma_mpra|GFP 3UTR MPRA|Neuro-2a|mikl:Kcna6:1300.0:4e3bfdce714507f1,38d6ed149626b772,4,3,4,AVAILABLE
mikl_gse173098,mikl_gse173098|mikl_gse173098|neurite_soma_mpra|GFP 3UTR MPRA|Neuro-2a|mikl:Kcna6:1350.0:2db2e8d54de6e0dd,38d6ed149626b772,5,3,5,AVAILABLE
mikl_gse173098,mikl_gse173098|mikl_gse173098|neurite_soma_mpra|GFP 3UTR MPRA|Neuro-2a|mikl:Kcna6:1400.0:3acaf7a887d5bbfa,38d6ed149626b772,4,3,4,AVAILABLE
mikl_gse173098,mikl_gse173098|mikl_gse173098|neurite_soma_mpra|GFP 3UTR MPRA|Neuro-2a|mikl:Kcna6:1450.0:d8a806c7e083a622,38d6ed149626b772,2,3,2,AVAILABLE
mikl_gse173098,mikl_gse173098|mikl_gse173098|neurite_soma_mpra|GFP 3UTR MPRA|Neuro-2a|mikl:Kcna6:2200.0:add1cc8c112e2cfd,38d6ed149626b772,2,3,2,AVAILABLE
mikl_gse173098,mikl_gse173098|mikl_gse173098|neurite_soma_mpra|GFP 3UTR MPRA|Neuro-2a|mikl:Kcna6:2300.0:39a086a1b775d88e,38d6ed149626b772,2,3,2,AVAILABLE
mikl_gse173098,mikl_gse173098|mikl_gse173098|neurite_soma_mpra|GFP 3UTR MPRA|Neuro-2a|mikl:Kcna6:3200.0:1eeca6d092be484e,38d6ed149626b772,2,3,2,AVAILABLE
mikl_gse173098,mikl_gse173098|mikl_gse173098|neurite_soma_mpra|GFP 3UTR MPRA|Neuro-2a|mikl:Kcna6:3250.0:f41a54e4268d1c2a,38d6ed149626b772,2,3,2,AVAILABLE
mikl_gse173098,mikl_gse173098|mikl_gse173098|neurite_soma_mpra|GFP 3UTR MPRA|Neuro-2a|mikl:Kcna6:450.0:b675e5ff747dfc4f,38d6ed149626b772,4,3,4,AVAILABLE
mikl_gse173098,mikl_gse173098|mikl_gse173098|neurite_soma_mpra|GFP 3UTR MPRA|Neuro-2a|mikl:Kcna6:500.0:d398fc05cab3168a,38d6ed149626b772,2,3,2,AVAILABLE
mikl_gse173098,mikl_gse173098|mikl_gse173098|neurite_soma_mpra|GFP 3UTR MPRA|Neuro-2a|mikl:Kcnq5:1500.0:08f924c2ef0b4159,b0888f1bd0e1c390,2,3,2,AVAILABLE
mikl_gse173098,mikl_gse173098|mikl_gse173098|neurite_soma_mpra|GFP 3UTR MPRA|Neuro-2a|mikl:Kcnq5:2050.0:871268418e1a44d8,b0888f1bd0e1c390,3,3,3,AVAILABLE
mikl_gse173098,mikl_gse173098|mikl_gse173098|neurite_soma_mpra|GFP 3UTR MPRA|Neuro-2a|mikl:Kcnq5:2100.0:834c35039c41ac24,b0888f1bd0e1c390,2,3,2,AVAILABLE
mikl_gse173098,mikl_gse173098|mikl_gse173098|neurite_soma_mpra|GFP 3UTR MPRA|Neuro-2a|mikl:Kcnq5:2150.0:6135a4330b6be2bb,b0888f1bd0e1c390,2,3,2,AVAILABLE
mikl_gse173098,mikl_gse173098|mikl_gse173098|neurite_soma_mpra|GFP 3UTR MPRA|Neuro-2a|mikl:Kcnq5:2950.0:b730679a86c5d6a6,b0888f1bd0e1c390,2,3,2,AVAILABLE
mikl_gse173098,mikl_gse173098|mikl_gse173098|neurite_soma_mpra|GFP 3UTR MPRA|Neuro-2a|mikl:Kctd4:1300.0:96eb558dd35206f0,5a1d029b2c7b0fe1,2,3,2,AVAILABLE
mikl_gse173098,mikl_gse173098|mikl_gse173098|neurite_soma_mpra|GFP 3UTR MPRA|Neuro-2a|mikl:Kctd4:2500.0:68e8013142560cc3,5a1d029b2c7b0fe1,2,3,2,AVAILABLE
mikl_gse173098,mikl_gse173098|mikl_gse173098|neurite_soma_mpra|GFP 3UTR MPRA|Neuro-2a|mikl:Kctd4:2550.0:acf16a58d1c7da07,5a1d029b2c7b0fe1,2,3,2,AVAILABLE
mikl_gse173098,mikl_gse173098|mikl_gse173098|neurite_soma_mpra|GFP 3UTR MPRA|Neuro-2a|mikl:Kif1a:0.0:b15c55beef162842,c3834fff3d632c91,3,3,3,AVAILABLE
mikl_gse173098,mikl_gse173098|mikl_gse173098|neurite_soma_mpra|GFP 3UTR MPRA|Neuro-2a|mikl:Kif1a:100.0:a6aaf7a6e1151c32,c3834fff3d632c91,2,3,2,AVAILABLE
mikl_gse173098,mikl_gse173098|mikl_gse173098|neurite_soma_mpra|GFP 3UTR MPRA|Neuro-2a|mikl:Kif1a:1650.0:48bfcf0ac892b0b1,c3834fff3d632c91,2,3,2,AVAILABLE
mikl_gse173098,mikl_gse173098|mikl_gse173098|neurite_soma_mpra|GFP 3UTR MPRA|Neuro-2a|mikl:Kif1a:1700.0:4829d026c9104154,c3834fff3d632c91,2,3,2,AVAILABLE
mikl_gse173098,mikl_gse173098|mikl_gse173098|neurite_soma_mpra|GFP 3UTR MPRA|Neuro-2a|mikl:Kif1a:1750.0:673499ec5a7c360a,c3834fff3d632c91,3,3,3,AVAILABLE
mikl_gse173098,mikl_gse173098|mikl_gse173098|neurite_soma_mpra|GFP 3UTR MPRA|Neuro-2a|mikl:Kif1a:1800.0:291e13d316b2a4e0,c3834fff3d632c91,2,3,2,AVAILABLE
mikl_gse173098,mikl_gse173098|mikl_gse173098|neurite_soma_mpra|GFP 3UTR MPRA|Neuro-2a|mikl:Kif1a:400.0:93f971a875aebff7,c3834fff3d632c91,2,3,2,AVAILABLE
mikl_gse173098,mikl_gse173098|mikl_gse173098|neurite_soma_mpra|GFP 3UTR MPRA|Neuro-2a|mikl:Kif1a:450.0:9e4d49280c05c05a,c3834fff3d632c91,3,3,3,AVAILABLE
mikl_gse173098,mikl_gse173098|mikl_gse173098|neurite_soma_mpra|GFP 3UTR MPRA|Neuro-2a|mikl:Kif1a:50.0:331e007a3a733a66,c3834fff3d632c91,3,3,3,AVAILABLE
mikl_gse173098,mikl_gse173098|mikl_gse173098|neurite_soma_mpra|GFP 3UTR MPRA|Neuro-2a|mikl:Kif1a:500.0:39c2b58af5f953dd,c3834fff3d632c91,3,3,3,AVAILABLE
mikl_gse173098,mikl_gse173098|mikl_gse173098|neurite_soma_mpra|GFP 3UTR MPRA|Neuro-2a|mikl:Kif1a:700.0:ddfe05face3d147f,c3834fff3d632c91,2,3,2,AVAILABLE
mikl_gse173098,mikl_gse173098|mikl_gse173098|neurite_soma_mpra|GFP 3UTR MPRA|Neuro-2a|mikl:Kif1a:750.0:ed013f641152da7f,c3834fff3d632c91,2,3,2,AVAILABLE
mikl_gse173098,mikl_gse173098|mikl_gse173098|neurite_soma_mpra|GFP 3UTR MPRA|Neuro-2a|mikl:Kif1a:800.0:fc5d659fcc903a32,c3834fff3d632c91,2,3,2,AVAILABLE
mikl_gse173098,mikl_gse173098|mikl_gse173098|neurite_soma_mpra|GFP 3UTR MPRA|Neuro-2a|mikl:Kif5c:3350.0:dfff320d554e8349,3003f8907168deed,2,3,2,AVAILABLE
mikl_gse173098,mikl_gse173098|mikl_gse173098|neurite_soma_mpra|GFP 3UTR MPRA|Neuro-2a|mikl:Kif5c:450.0:33e182d7885b935b,3003f8907168deed,2,3,2,AVAILABLE
mikl_gse173098,mikl_gse173098|mikl_gse173098|neurite_soma_mpra|GFP 3UTR MPRA|Neuro-2a|mikl:Kif5c:500.0:fd93b948d1264a52,3003f8907168deed,2,3,2,AVAILABLE
mikl_gse173098,mikl_gse173098|mikl_gse173098|neurite_soma_mpra|GFP 3UTR MPRA|Neuro-2a|mikl:Kif5c:550.0:6335d0cbc6dbb479,3003f8907168deed,2,3,2,AVAILABLE
mikl_gse173098,mikl_gse173098|mikl_gse173098|neurite_soma_mpra|GFP 3UTR MPRA|Neuro-2a|mikl:Liph:1000.0:8367618b104d8076,674f38fb7707b0e2,2,3,2,AVAILABLE
mikl_gse173098,mikl_gse173098|mikl_gse173098|neurite_soma_mpra|GFP 3UTR MPRA|Neuro-2a|mikl:Liph:1050.0:5d50302059882809,674f38fb7707b0e2,2,3,2,AVAILABLE
mikl_gse173098,mikl_gse173098|mikl_gse173098|neurite_soma_mpra|GFP 3UTR MPRA|Neuro-2a|mikl:Liph:1050.0:f0db7f389d91cda4,674f38fb7707b0e2,2,3,2,AVAILABLE
mikl_gse173098,mikl_gse173098|mikl_gse173098|neurite_soma_mpra|GFP 3UTR MPRA|Neuro-2a|mikl:Liph:1100.0:b66600d539ff198e,674f38fb7707b0e2,2,3,2,AVAILABLE
mikl_gse173098,mikl_gse173098|mikl_gse173098|neurite_soma_mpra|GFP 3UTR MPRA|Neuro-2a|mikl:Liph:1150.0:0b735f261a786f07,674f38fb7707b0e2,2,3,2,AVAILABLE
mikl_gse173098,mikl_gse173098|mikl_gse173098|neurite_soma_mpra|GFP 3UTR MPRA|Neuro-2a|mikl:Liph:1300.0:eb5a7da80306215b,674f38fb7707b0e2,4,3,4,AVAILABLE
mikl_gse173098,mikl_gse173098|mikl_gse173098|neurite_soma_mpra|GFP 3UTR MPRA|Neuro-2a|mikl:Liph:1800.0:60e762bc73fc3075,674f38fb7707b0e2,2,3,2,AVAILABLE
mikl_gse173098,mikl_gse173098|mikl_gse173098|neurite_soma_mpra|GFP 3UTR MPRA|Neuro-2a|mikl:Liph:1850.0:0a32df0c0a86221f,674f38fb7707b0e2,2,3,2,AVAILABLE
mikl_gse173098,mikl_gse173098|mikl_gse173098|neurite_soma_mpra|GFP 3UTR MPRA|Neuro-2a|mikl:Liph:1900.0:c546b9192df52035,674f38fb7707b0e2,2,3,2,AVAILABLE
mikl_gse173098,mikl_gse173098|mikl_gse173098|neurite_soma_mpra|GFP 3UTR MPRA|Neuro-2a|mikl:Liph:300.0:b0842657f640b03f,674f38fb7707b0e2,4,3,4,AVAILABLE
mikl_gse173098,mikl_gse173098|mikl_gse173098|neurite_soma_mpra|GFP 3UTR MPRA|Neuro-2a|mikl:Liph:350.0:2a536f7dbf0ae799,674f38fb7707b0e2,4,3,4,AVAILABLE
mikl_gse173098,mikl_gse173098|mikl_gse173098|neurite_soma_mpra|GFP 3UTR MPRA|Neuro-2a|mikl:Liph:400.0:8daaf7c26d9395e5,674f38fb7707b0e2,2,3,2,AVAILABLE
mikl_gse173098,mikl_gse173098|mikl_gse173098|neurite_soma_mpra|GFP 3UTR MPRA|Neuro-2a|mikl:Liph:400.0:f9b8caae5b80f3b3,674f38fb7707b0e2,4,3,4,AVAILABLE
mikl_gse173098,mikl_gse173098|mikl_gse173098|neurite_soma_mpra|GFP 3UTR MPRA|Neuro-2a|mikl:Liph:50.0:422e089e70e133e6,674f38fb7707b0e2,2,3,2,AVAILABLE
mikl_gse173098,mikl_gse173098|mikl_gse173098|neurite_soma_mpra|GFP 3UTR MPRA|Neuro-2a|mikl:Liph:600.0:48ea87e29ffccec6,674f38fb7707b0e2,2,3,2,AVAILABLE
mikl_gse173098,mikl_gse173098|mikl_gse173098|neurite_soma_mpra|GFP 3UTR MPRA|Neuro-2a|mikl:Liph:700.0:71874c9c4c1fffaf,674f38fb7707b0e2,2,3,2,AVAILABLE
mikl_gse173098,mikl_gse173098|mikl_gse173098|neurite_soma_mpra|GFP 3UTR MPRA|Neuro-2a|mikl:Liph:800.0:2e99c6bcb11b4541,674f38fb7707b0e2,2,3,2,AVAILABLE
mikl_gse173098,mikl_gse173098|mikl_gse173098|neurite_soma_mpra|GFP 3UTR MPRA|Neuro-2a|mikl:Liph:850.0:7ef27118742193d2,674f38fb7707b0e2,2,3,2,AVAILABLE
mikl_gse173098,mikl_gse173098|mikl_gse173098|neurite_soma_mpra|GFP 3UTR MPRA|Neuro-2a|mikl:Liph:900.0:2daf1c785bd6d46d,674f38fb7707b0e2,3,3,3,AVAILABLE
mikl_gse173098,mikl_gse173098|mikl_gse173098|neurite_soma_mpra|GFP 3UTR MPRA|Neuro-2a|mikl:Lypd1:150.0:c04af6ef3a8ad6c3,00b0bdc9c7a03792,2,3,2,AVAILABLE
mikl_gse173098,mikl_gse173098|mikl_gse173098|neurite_soma_mpra|GFP 3UTR MPRA|Neuro-2a|mikl:Lypd1:200.0:a22149b0929e6bc0,00b0bdc9c7a03792,3,3,3,AVAILABLE
mikl_gse173098,mikl_gse173098|mikl_gse173098|neurite_soma_mpra|GFP 3UTR MPRA|Neuro-2a|mikl:Lypd1:2550.0:9fd2e1171fc1f9d3,00b0bdc9c7a03792,4,3,4,AVAILABLE
mikl_gse173098,mikl_gse173098|mikl_gse173098|neurite_soma_mpra|GFP 3UTR MPRA|Neuro-2a|mikl:Lypd1:2600.0:d800c21d4bfa643b,00b0bdc9c7a03792,4,3,4,AVAILABLE
mikl_gse173098,mikl_gse173098|mikl_gse173098|neurite_soma_mpra|GFP 3UTR MPRA|Neuro-2a|mikl:Lypd1:2650.0:c866d171954a1051,00b0bdc9c7a03792,4,3,4,AVAILABLE
mikl_gse173098,mikl_gse173098|mikl_gse173098|neurite_soma_mpra|GFP 3UTR MPRA|Neuro-2a|mikl:Lypd1:3350.0:00af2a89ab902243,00b0bdc9c7a03792,2,3,2,AVAILABLE
mikl_gse173098,mikl_gse173098|mikl_gse173098|neurite_soma_mpra|GFP 3UTR MPRA|Neuro-2a|mikl:Lypd1:3400.0:60160505fe1b659a,00b0bdc9c7a03792,2,3,2,AVAILABLE
mikl_gse173098,mikl_gse173098|mikl_gse173098|neurite_soma_mpra|GFP 3UTR MPRA|Neuro-2a|mikl:Lypd1:3950.0:d0a3c116ba8419af,00b0bdc9c7a03792,2,3,2,AVAILABLE
mikl_gse173098,mikl_gse173098|mikl_gse173098|neurite_soma_mpra|GFP 3UTR MPRA|Neuro-2a|mikl:Lypd1:4000.0:72266f47378fe787,00b0bdc9c7a03792,2,3,2,AVAILABLE
mikl_gse173098,mikl_gse173098|mikl_gse173098|neurite_soma_mpra|GFP 3UTR MPRA|Neuro-2a|mikl:Lypd1:4050.0:0d5d42c6cae2aa8e,00b0bdc9c7a03792,2,3,2,AVAILABLE
mikl_gse173098,mikl_gse173098|mikl_gse173098|neurite_soma_mpra|GFP 3UTR MPRA|Neuro-2a|mikl:Lypd1:4650.0:6756516f23a31c80,00b0bdc9c7a03792,2,3,2,AVAILABLE
mikl_gse173098,mikl_gse173098|mikl_gse173098|neurite_soma_mpra|GFP 3UTR MPRA|Neuro-2a|mikl:Lypd1:4800.0:10b87ed152c7b038,00b0bdc9c7a03792,2,3,2,AVAILABLE
mikl_gse173098,mikl_gse173098|mikl_gse173098|neurite_soma_mpra|GFP 3UTR MPRA|Neuro-2a|mikl:Magi2:0.0:91d7892e3d8b0f0b,baba9e1be46b0c58,2,3,2,AVAILABLE
mikl_gse173098,mikl_gse173098|mikl_gse173098|neurite_soma_mpra|GFP 3UTR MPRA|Neuro-2a|mikl:Magi2:100.0:9a34e014deeff0c4,baba9e1be46b0c58,3,3,3,AVAILABLE
mikl_gse173098,mikl_gse173098|mikl_gse173098|neurite_soma_mpra|GFP 3UTR MPRA|Neuro-2a|mikl:Magi2:1100.0:83cfa945db4fdc76,baba9e1be46b0c58,2,3,2,AVAILABLE
mikl_gse173098,mikl_gse173098|mikl_gse173098|neurite_soma_mpra|GFP 3UTR MPRA|Neuro-2a|mikl:Magi2:1150.0:62d0991f6943e206,baba9e1be46b0c58,3,3,3,AVAILABLE
mikl_gse173098,mikl_gse173098|mikl_gse173098|neurite_soma_mpra|GFP 3UTR MPRA|Neuro-2a|mikl:Magi2:1200.0:f353ccf31a31f129,baba9e1be46b0c58,3,3,3,AVAILABLE
mikl_gse173098,mikl_gse173098|mikl_gse173098|neurite_soma_mpra|GFP 3UTR MPRA|Neuro-2a|mikl:Magi2:1300.0:97675843f942d2c1,baba9e1be46b0c58,2,3,2,AVAILABLE
mikl_gse173098,mikl_gse173098|mikl_gse173098|neurite_soma_mpra|GFP 3UTR MPRA|Neuro-2a|mikl:Magi2:1950.0:d84591f74610b07b,baba9e1be46b0c58,2,3,2,AVAILABLE
mikl_gse173098,mikl_gse173098|mikl_gse173098|neurite_soma_mpra|GFP 3UTR MPRA|Neuro-2a|mikl:Magi2:2000.0:9a283c617aab14f9,baba9e1be46b0c58,2,3,2,AVAILABLE
mikl_gse173098,mikl_gse173098|mikl_gse173098|neurite_soma_mpra|GFP 3UTR MPRA|Neuro-2a|mikl:Magi2:2050.0:b33f94f0c2a66561,baba9e1be46b0c58,2,3,2,AVAILABLE
mikl_gse173098,mikl_gse173098|mikl_gse173098|neurite_soma_mpra|GFP 3UTR MPRA|Neuro-2a|mikl:Magi2:2100.0:82a42b590d70f23f,baba9e1be46b0c58,2,3,2,AVAILABLE
mikl_gse173098,mikl_gse173098|mikl_gse173098|neurite_soma_mpra|GFP 3UTR MPRA|Neuro-2a|mikl:Magi2:300.0:acfda120ebdfa13b,baba9e1be46b0c58,3,3,3,AVAILABLE
mikl_gse173098,mikl_gse173098|mikl_gse173098|neurite_soma_mpra|GFP 3UTR MPRA|Neuro-2a|mikl:Magi2:450.0:9c86b7c7ba923303,baba9e1be46b0c58,2,3,2,AVAILABLE
mikl_gse173098,mikl_gse173098|mikl_gse173098|neurite_soma_mpra|GFP 3UTR MPRA|Neuro-2a|mikl:Magi2:50.0:3a14583969fc99b5,baba9e1be46b0c58,2,3,2,AVAILABLE
mikl_gse173098,mikl_gse173098|mikl_gse173098|neurite_soma_mpra|GFP 3UTR MPRA|Neuro-2a|mikl:Magi2:500.0:0a84adaa752a59fc,baba9e1be46b0c58,2,3,2,AVAILABLE
mikl_gse173098,mikl_gse173098|mikl_gse173098|neurite_soma_mpra|GFP 3UTR MPRA|Neuro-2a|mikl:Magi2:550.0:788a493b9217cfed,baba9e1be46b0c58,2,3,2,AVAILABLE
mikl_gse173098,mikl_gse173098|mikl_gse173098|neurite_soma_mpra|GFP 3UTR MPRA|Neuro-2a|mikl:Magi2:800.0:c1935b164922a979,baba9e1be46b0c58,6,3,6,AVAILABLE
mikl_gse173098,mikl_gse173098|mikl_gse173098|neurite_soma_mpra|GFP 3UTR MPRA|Neuro-2a|mikl:Magi2:850.0:005f6e3575be72f4,baba9e1be46b0c58,3,3,3,AVAILABLE
mikl_gse173098,mikl_gse173098|mikl_gse173098|neurite_soma_mpra|GFP 3UTR MPRA|Neuro-2a|mikl:Magi2:900.0:a3214927469b716c,baba9e1be46b0c58,4,3,4,AVAILABLE
mikl_gse173098,mikl_gse173098|mikl_gse173098|neurite_soma_mpra|GFP 3UTR MPRA|Neuro-2a|mikl:Malt1:1050.0:3fe47cc82869e89a,26fc20e8ba0607a3,2,3,2,AVAILABLE
mikl_gse173098,mikl_gse173098|mikl_gse173098|neurite_soma_mpra|GFP 3UTR MPRA|Neuro-2a|mikl:Malt1:1250.0:2a442bd868bbdb4d,26fc20e8ba0607a3,2,3,2,AVAILABLE
mikl_gse173098,mikl_gse173098|mikl_gse173098|neurite_soma_mpra|GFP 3UTR MPRA|Neuro-2a|mikl:Malt1:1300.0:36a1031e780b9fef,26fc20e8ba0607a3,3,3,3,AVAILABLE
mikl_gse173098,mikl_gse173098|mikl_gse173098|neurite_soma_mpra|GFP 3UTR MPRA|Neuro-2a|mikl:Malt1:1350.0:e2f416b02aedd842,26fc20e8ba0607a3,2,3,2,AVAILABLE
mikl_gse173098,mikl_gse173098|mikl_gse173098|neurite_soma_mpra|GFP 3UTR MPRA|Neuro-2a|mikl:Malt1:2450.0:406ccf0dc904c071,26fc20e8ba0607a3,2,3,2,AVAILABLE
mikl_gse173098,mikl_gse173098|mikl_gse173098|neurite_soma_mpra|GFP 3UTR MPRA|Neuro-2a|mikl:Malt1:300.0:b46cf2c3bf66834e,26fc20e8ba0607a3,2,3,2,AVAILABLE
mikl_gse173098,mikl_gse173098|mikl_gse173098|neurite_soma_mpra|GFP 3UTR MPRA|Neuro-2a|mikl:Malt1:350.0:3e720e5669cd2ce2,26fc20e8ba0607a3,2,3,2,AVAILABLE
mikl_gse173098,mikl_gse173098|mikl_gse173098|neurite_soma_mpra|GFP 3UTR MPRA|Neuro-2a|mikl:Malt1:350.0:8f4b126928cf7060,26fc20e8ba0607a3,2,3,2,AVAILABLE
mikl_gse173098,mikl_gse173098|mikl_gse173098|neurite_soma_mpra|GFP 3UTR MPRA|Neuro-2a|mikl:Malt1:850.0:0b9729c178c0e25a,26fc20e8ba0607a3,2,3,2,AVAILABLE
mikl_gse173098,mikl_gse173098|mikl_gse173098|neurite_soma_mpra|GFP 3UTR MPRA|Neuro-2a|mikl:Malt1:950.0:15dcdccba106398b,26fc20e8ba0607a3,2,3,2,AVAILABLE
mikl_gse173098,mikl_gse173098|mikl_gse173098|neurite_soma_mpra|GFP 3UTR MPRA|Neuro-2a|mikl:Map1a:1000.0:8b420c3479ae733e,1aae748cd8d35e98,5,3,5,AVAILABLE
mikl_gse173098,mikl_gse173098|mikl_gse173098|neurite_soma_mpra|GFP 3UTR MPRA|Neuro-2a|mikl:Map1a:1050.0:e3a94e62ca730601,1aae748cd8d35e98,5,3,5,AVAILABLE
mikl_gse173098,mikl_gse173098|mikl_gse173098|neurite_soma_mpra|GFP 3UTR MPRA|Neuro-2a|mikl:Map1a:1100.0:e8176087178fa136,1aae748cd8d35e98,4,3,4,AVAILABLE
mikl_gse173098,mikl_gse173098|mikl_gse173098|neurite_soma_mpra|GFP 3UTR MPRA|Neuro-2a|mikl:Map1a:1150.0:935564cfaedbb32d,1aae748cd8d35e98,4,3,4,AVAILABLE
mikl_gse173098,mikl_gse173098|mikl_gse173098|neurite_soma_mpra|GFP 3UTR MPRA|Neuro-2a|mikl:Map1a:1200.0:3ace77496bd71fa3,1aae748cd8d35e98,2,3,2,AVAILABLE
mikl_gse173098,mikl_gse173098|mikl_gse173098|neurite_soma_mpra|GFP 3UTR MPRA|Neuro-2a|mikl:Map1a:1400.0:35552d932901f191,1aae748cd8d35e98,2,3,2,AVAILABLE
mikl_gse173098,mikl_gse173098|mikl_gse173098|neurite_soma_mpra|GFP 3UTR MPRA|Neuro-2a|mikl:Map1a:1450.0:933a24b00a98c8c3,1aae748cd8d35e98,2,3,2,AVAILABLE
mikl_gse173098,mikl_gse173098|mikl_gse173098|neurite_soma_mpra|GFP 3UTR MPRA|Neuro-2a|mikl:Map1a:150.0:b22a8fa99912cfac,1aae748cd8d35e98,2,3,2,AVAILABLE
mikl_gse173098,mikl_gse173098|mikl_gse173098|neurite_soma_mpra|GFP 3UTR MPRA|Neuro-2a|mikl:Map1a:1500.0:5272673cd932155d,1aae748cd8d35e98,2,3,2,AVAILABLE
mikl_gse173098,mikl_gse173098|mikl_gse173098|neurite_soma_mpra|GFP 3UTR MPRA|Neuro-2a|mikl:Map1a:1600.0:f9e992e32171ec60,1aae748cd8d35e98,2,3,2,AVAILABLE
mikl_gse173098,mikl_gse173098|mikl_gse173098|neurite_soma_mpra|GFP 3UTR MPRA|Neuro-2a|mikl:Map1a:1800.0:b9f461b6edf5208a,1aae748cd8d35e98,2,3,2,AVAILABLE
mikl_gse173098,mikl_gse173098|mikl_gse173098|neurite_soma_mpra|GFP 3UTR MPRA|Neuro-2a|mikl:Map1a:1850.0:f5b699100dd6371f,1aae748cd8d35e98,2,3,2,AVAILABLE
mikl_gse173098,mikl_gse173098|mikl_gse173098|neurite_soma_mpra|GFP 3UTR MPRA|Neuro-2a|mikl:Map1a:1900.0:1c865e7103640b10,1aae748cd8d35e98,2,3,2,AVAILABLE
mikl_gse173098,mikl_gse173098|mikl_gse173098|neurite_soma_mpra|GFP 3UTR MPRA|Neuro-2a|mikl:Map1a:200.0:15eed7f57a7a2780,1aae748cd8d35e98,2,3,2,AVAILABLE
mikl_gse173098,mikl_gse173098|mikl_gse173098|neurite_soma_mpra|GFP 3UTR MPRA|Neuro-2a|mikl:Map1a:2200.0:8ec1231b5c68f651,1aae748cd8d35e98,2,3,2,AVAILABLE
mikl_gse173098,mikl_gse173098|mikl_gse173098|neurite_soma_mpra|GFP 3UTR MPRA|Neuro-2a|mikl:Map1a:2300.0:0ff392bade3b5c8f,1aae748cd8d35e98,2,3,2,AVAILABLE
mikl_gse173098,mikl_gse173098|mikl_gse173098|neurite_soma_mpra|GFP 3UTR MPRA|Neuro-2a|mikl:Map1a:850.0:76861cd2db52fc11,1aae748cd8d35e98,2,3,2,AVAILABLE
mikl_gse173098,mikl_gse173098|mikl_gse173098|neurite_soma_mpra|GFP 3UTR MPRA|Neuro-2a|mikl:Map1a:900.0:aac156a582864bfc,1aae748cd8d35e98,2,3,2,AVAILABLE
mikl_gse173098,mikl_gse173098|mikl_gse173098|neurite_soma_mpra|GFP 3UTR MPRA|Neuro-2a|mikl:Map1a:950.0:4c17fb5e97c805e3,1aae748cd8d35e98,5,3,5,AVAILABLE
mikl_gse173098,mikl_gse173098|mikl_gse173098|neurite_soma_mpra|GFP 3UTR MPRA|Neuro-2a|mikl:Map2:0.0:b3d981b5edc56f3b,cd1c75fbdff1c240,2,3,2,AVAILABLE
mikl_gse173098,mikl_gse173098|mikl_gse173098|neurite_soma_mpra|GFP 3UTR MPRA|Neuro-2a|mikl:Map2:100.0:48054dd25021c126,cd1c75fbdff1c240,3,3,3,AVAILABLE
mikl_gse173098,mikl_gse173098|mikl_gse173098|neurite_soma_mpra|GFP 3UTR MPRA|Neuro-2a|mikl:Map2:1000.0:5524e4d9f67a2f91,cd1c75fbdff1c240,3,3,3,AVAILABLE
mikl_gse173098,mikl_gse173098|mikl_gse173098|neurite_soma_mpra|GFP 3UTR MPRA|Neuro-2a|mikl:Map2:1050.0:878417a46d8875fd,cd1c75fbdff1c240,3,3,3,AVAILABLE
mikl_gse173098,mikl_gse173098|mikl_gse173098|neurite_soma_mpra|GFP 3UTR MPRA|Neuro-2a|mikl:Map2:150.0:9ee9971628b189b8,cd1c75fbdff1c240,3,3,3,AVAILABLE
mikl_gse173098,mikl_gse173098|mikl_gse173098|neurite_soma_mpra|GFP 3UTR MPRA|Neuro-2a|mikl:Map2:1550.0:e381d10dafbf74c4,cd1c75fbdff1c240,3,3,3,AVAILABLE
mikl_gse173098,mikl_gse173098|mikl_gse173098|neurite_soma_mpra|GFP 3UTR MPRA|Neuro-2a|mikl:Map2:1600.0:44209c9f30981a9f,cd1c75fbdff1c240,3,3,3,AVAILABLE
mikl_gse173098,mikl_gse173098|mikl_gse173098|neurite_soma_mpra|GFP 3UTR MPRA|Neuro-2a|mikl:Map2:1650.0:3074390f7780120b,cd1c75fbdff1c240,3,3,3,AVAILABLE
mikl_gse173098,mikl_gse173098|mikl_gse173098|neurite_soma_mpra|GFP 3UTR MPRA|Neuro-2a|mikl:Map2:2000.0:630f013c05461d8a,cd1c75fbdff1c240,3,3,3,AVAILABLE
mikl_gse173098,mikl_gse173098|mikl_gse173098|neurite_soma_mpra|GFP 3UTR MPRA|Neuro-2a|mikl:Map2:2050.0:3e69b150a3345e49,cd1c75fbdff1c240,3,3,3,AVAILABLE
mikl_gse173098,mikl_gse173098|mikl_gse173098|neurite_soma_mpra|GFP 3UTR MPRA|Neuro-2a|mikl:Map2:2100.0:6d2af7d9bc6fe6d8,cd1c75fbdff1c240,3,3,3,AVAILABLE
mikl_gse173098,mikl_gse173098|mikl_gse173098|neurite_soma_mpra|GFP 3UTR MPRA|Neuro-2a|mikl:Map2:2150.0:18b6c9595b6fab81,cd1c75fbdff1c240,2,3,2,AVAILABLE
mikl_gse173098,mikl_gse173098|mikl_gse173098|neurite_soma_mpra|GFP 3UTR MPRA|Neuro-2a|mikl:Map2:2200.0:5588a71b68a71edd,cd1c75fbdff1c240,3,3,3,AVAILABLE
mikl_gse173098,mikl_gse173098|mikl_gse173098|neurite_soma_mpra|GFP 3UTR MPRA|Neuro-2a|mikl:Map2:2250.0:364229dbb72b6a28,cd1c75fbdff1c240,2,3,2,AVAILABLE
mikl_gse173098,mikl_gse173098|mikl_gse173098|neurite_soma_mpra|GFP 3UTR MPRA|Neuro-2a|mikl:Map2:2300.0:7778741fdb27e972,cd1c75fbdff1c240,3,3,3,AVAILABLE
mikl_gse173098,mikl_gse173098|mikl_gse173098|neurite_soma_mpra|GFP 3UTR MPRA|Neuro-2a|mikl:Map2:2350.0:aca85764dac1577b,cd1c75fbdff1c240,2,3,2,AVAILABLE
mikl_gse173098,mikl_gse173098|mikl_gse173098|neurite_soma_mpra|GFP 3UTR MPRA|Neuro-2a|mikl:Map2:2400.0:6e200b5be1731af8,cd1c75fbdff1c240,5,3,5,AVAILABLE
mikl_gse173098,mikl_gse173098|mikl_gse173098|neurite_soma_mpra|GFP 3UTR MPRA|Neuro-2a|mikl:Map2:2450.0:739525d94366d4ba,cd1c75fbdff1c240,2,3,2,AVAILABLE
mikl_gse173098,mikl_gse173098|mikl_gse173098|neurite_soma_mpra|GFP 3UTR MPRA|Neuro-2a|mikl:Map2:2500.0:b6019f6d313ab69b,cd1c75fbdff1c240,3,3,3,AVAILABLE
mikl_gse173098,mikl_gse173098|mikl_gse173098|neurite_soma_mpra|GFP 3UTR MPRA|Neuro-2a|mikl:Map2:2850.0:d7764170efedb86c,cd1c75fbdff1c240,5,3,5,AVAILABLE
mikl_gse173098,mikl_gse173098|mikl_gse173098|neurite_soma_mpra|GFP 3UTR MPRA|Neuro-2a|mikl:Map2:2900.0:00b9cb7bc40794d4,cd1c75fbdff1c240,6,3,6,AVAILABLE
mikl_gse173098,mikl_gse173098|mikl_gse173098|neurite_soma_mpra|GFP 3UTR MPRA|Neuro-2a|mikl:Map2:2950.0:d224f53c84392c0b,cd1c75fbdff1c240,2,3,2,AVAILABLE
mikl_gse173098,mikl_gse173098|mikl_gse173098|neurite_soma_mpra|GFP 3UTR MPRA|Neuro-2a|mikl:Map2:300.0:e1d5abc6f72b49af,cd1c75fbdff1c240,3,3,3,AVAILABLE
mikl_gse173098,mikl_gse173098|mikl_gse173098|neurite_soma_mpra|GFP 3UTR MPRA|Neuro-2a|mikl:Map2:3200.0:7791fe7c5a815698,cd1c75fbdff1c240,2,3,2,AVAILABLE
mikl_gse173098,mikl_gse173098|mikl_gse173098|neurite_soma_mpra|GFP 3UTR MPRA|Neuro-2a|mikl:Map2:3250.0:2b2f5aa878282549,cd1c75fbdff1c240,3,3,3,AVAILABLE
mikl_gse173098,mikl_gse173098|mikl_gse173098|neurite_soma_mpra|GFP 3UTR MPRA|Neuro-2a|mikl:Map2:3300.0:279d0b704345be43,cd1c75fbdff1c240,7,3,7,AVAILABLE
mikl_gse173098,mikl_gse173098|mikl_gse173098|neurite_soma_mpra|GFP 3UTR MPRA|Neuro-2a|mikl:Map2:3350.0:0107bdb00bcf4e96,cd1c75fbdff1c240,5,3,5,AVAILABLE
mikl_gse173098,mikl_gse173098|mikl_gse173098|neurite_soma_mpra|GFP 3UTR MPRA|Neuro-2a|mikl:Map2:3400.0:486ea2a9ee1bc2f5,cd1c75fbdff1c240,6,3,6,AVAILABLE
mikl_gse173098,mikl_gse173098|mikl_gse173098|neurite_soma_mpra|GFP 3UTR MPRA|Neuro-2a|mikl:Map2:350.0:d6e4b92e7eaec29e,cd1c75fbdff1c240,3,3,3,AVAILABLE
mikl_gse173098,mikl_gse173098|mikl_gse173098|neurite_soma_mpra|GFP 3UTR MPRA|Neuro-2a|mikl:Map2:400.0:cb6d577a1d7d3cf5,cd1c75fbdff1c240,3,3,3,AVAILABLE
mikl_gse173098,mikl_gse173098|mikl_gse173098|neurite_soma_mpra|GFP 3UTR MPRA|Neuro-2a|mikl:Map2:50.0:77e6efaa5622556a,cd1c75fbdff1c240,3,3,3,AVAILABLE
mikl_gse173098,mikl_gse173098|mikl_gse173098|neurite_soma_mpra|GFP 3UTR MPRA|Neuro-2a|mikl:Map2:550.0:e98a156e821ae2a4,cd1c75fbdff1c240,3,3,3,AVAILABLE
mikl_gse173098,mikl_gse173098|mikl_gse173098|neurite_soma_mpra|GFP 3UTR MPRA|Neuro-2a|mikl:Map2:600.0:359cb0fb9b4f289d,cd1c75fbdff1c240,6,3,6,AVAILABLE
mikl_gse173098,mikl_gse173098|mikl_gse173098|neurite_soma_mpra|GFP 3UTR MPRA|Neuro-2a|mikl:Map2:650.0:b7a899d9ce8d4948,cd1c75fbdff1c240,5,3,5,AVAILABLE
mikl_gse173098,mikl_gse173098|mikl_gse173098|neurite_soma_mpra|GFP 3UTR MPRA|Neuro-2a|mikl:Map2:700.0:ab50ab0f5d2a76d2,cd1c75fbdff1c240,3,3,3,AVAILABLE
mikl_gse173098,mikl_gse173098|mikl_gse173098|neurite_soma_mpra|GFP 3UTR MPRA|Neuro-2a|mikl:Map2:950.0:2588c5ca08cda562,cd1c75fbdff1c240,3,3,3,AVAILABLE
mikl_gse173098,mikl_gse173098|mikl_gse173098|neurite_soma_mpra|GFP 3UTR MPRA|Neuro-2a|mikl:Mapk8ip1:0.0:3fc46d3512835afd,2e57179092934ba8,2,3,2,AVAILABLE
mikl_gse173098,mikl_gse173098|mikl_gse173098|neurite_soma_mpra|GFP 3UTR MPRA|Neuro-2a|mikl:Mapk8ip1:100.0:fce1e793c7f2a6eb,2e57179092934ba8,2,3,2,AVAILABLE
mikl_gse173098,mikl_gse173098|mikl_gse173098|neurite_soma_mpra|GFP 3UTR MPRA|Neuro-2a|mikl:Mapk8ip1:450.0:55a42ab0b97c90df,2e57179092934ba8,2,3,2,AVAILABLE
mikl_gse173098,mikl_gse173098|mikl_gse173098|neurite_soma_mpra|GFP 3UTR MPRA|Neuro-2a|mikl:Mapk8ip1:50.0:59793d1d9e9e1b25,2e57179092934ba8,3,3,3,AVAILABLE
mikl_gse173098,mikl_gse173098|mikl_gse173098|neurite_soma_mpra|GFP 3UTR MPRA|Neuro-2a|mikl:Mavs:1950.0:c4bfa7891e151d33,7e77ee6338ca653c,2,3,2,AVAILABLE
mikl_gse173098,mikl_gse173098|mikl_gse173098|neurite_soma_mpra|GFP 3UTR MPRA|Neuro-2a|mikl:Mavs:2000.0:e730d6f2cbfb9f61,7e77ee6338ca653c,2,3,2,AVAILABLE
mikl_gse173098,mikl_gse173098|mikl_gse173098|neurite_soma_mpra|GFP 3UTR MPRA|Neuro-2a|mikl:Mavs:500.0:7c6b07f909817e3a,7e77ee6338ca653c,2,3,2,AVAILABLE
mikl_gse173098,mikl_gse173098|mikl_gse173098|neurite_soma_mpra|GFP 3UTR MPRA|Neuro-2a|mikl:Mavs:550.0:2e541820496dab6a,7e77ee6338ca653c,2,3,2,AVAILABLE
mikl_gse173098,mikl_gse173098|mikl_gse173098|neurite_soma_mpra|GFP 3UTR MPRA|Neuro-2a|mikl:Mavs:600.0:67f40abf9e799b9d,7e77ee6338ca653c,3,3,3,AVAILABLE
mikl_gse173098,mikl_gse173098|mikl_gse173098|neurite_soma_mpra|GFP 3UTR MPRA|Neuro-2a|mikl:Mcf2l:1050.0:1e990f9ccef04849,badca8fd83356f0e,2,3,2,AVAILABLE
mikl_gse173098,mikl_gse173098|mikl_gse173098|neurite_soma_mpra|GFP 3UTR MPRA|Neuro-2a|mikl:Mcf2l:1100.0:0ccfeb98771aece5,badca8fd83356f0e,3,3,3,AVAILABLE
mikl_gse173098,mikl_gse173098|mikl_gse173098|neurite_soma_mpra|GFP 3UTR MPRA|Neuro-2a|mikl:Mcf2l:2100.0:d04e4978d1824d5f,badca8fd83356f0e,2,3,2,AVAILABLE
mikl_gse173098,mikl_gse173098|mikl_gse173098|neurite_soma_mpra|GFP 3UTR MPRA|Neuro-2a|mikl:Mcf2l:2150.0:122dbd401c00a5e4,badca8fd83356f0e,4,3,4,AVAILABLE
mikl_gse173098,mikl_gse173098|mikl_gse173098|neurite_soma_mpra|GFP 3UTR MPRA|Neuro-2a|mikl:Mcf2l:850.0:0a31bf9d0f5aa76f,badca8fd83356f0e,2,3,2,AVAILABLE
mikl_gse173098,mikl_gse173098|mikl_gse173098|neurite_soma_mpra|GFP 3UTR MPRA|Neuro-2a|mikl:Mcf2l:900.0:94f83f7efaa10dc3,badca8fd83356f0e,2,3,2,AVAILABLE
mikl_gse173098,mikl_gse173098|mikl_gse173098|neurite_soma_mpra|GFP 3UTR MPRA|Neuro-2a|mikl:Mcf2l:950.0:48f58398d11ab683,badca8fd83356f0e,2,3,2,AVAILABLE
mikl_gse173098,mikl_gse173098|mikl_gse173098|neurite_soma_mpra|GFP 3UTR MPRA|Neuro-2a|mikl:Meis2:1150.0:6d10e879bf4a83e3,59f59968b6beef2a,2,3,2,AVAILABLE
mikl_gse173098,mikl_gse173098|mikl_gse173098|neurite_soma_mpra|GFP 3UTR MPRA|Neuro-2a|mikl:Meis2:1200.0:f41f78d4eab5803c,59f59968b6beef2a,2,3,2,AVAILABLE
mikl_gse173098,mikl_gse173098|mikl_gse173098|neurite_soma_mpra|GFP 3UTR MPRA|Neuro-2a|mikl:Meis2:550.0:2fb7983d1c314d00,59f59968b6beef2a,2,3,2,AVAILABLE
mikl_gse173098,mikl_gse173098|mikl_gse173098|neurite_soma_mpra|GFP 3UTR MPRA|Neuro-2a|mikl:Meis2:600.0:3d012d63b8ff7ee0,59f59968b6beef2a,2,3,2,AVAILABLE
mikl_gse173098,mikl_gse173098|mikl_gse173098|neurite_soma_mpra|GFP 3UTR MPRA|Neuro-2a|mikl:Mocs2:0.0:0c181c55172a9a7e,7a0e905e1509b151,5,3,5,AVAILABLE
mikl_gse173098,mikl_gse173098|mikl_gse173098|neurite_soma_mpra|GFP 3UTR MPRA|Neuro-2a|mikl:Mocs2:0.0:4cfda43c5ec0c97e,7a0e905e1509b151,5,3,5,AVAILABLE
mikl_gse173098,mikl_gse173098|mikl_gse173098|neurite_soma_mpra|GFP 3UTR MPRA|Neuro-2a|mikl:Mocs2:100.0:010716e6769806d5,7a0e905e1509b151,9,3,9,AVAILABLE
mikl_gse173098,mikl_gse173098|mikl_gse173098|neurite_soma_mpra|GFP 3UTR MPRA|Neuro-2a|mikl:Mocs2:100.0:1259354ecc37c85e,7a0e905e1509b151,3,3,3,AVAILABLE
mikl_gse173098,mikl_gse173098|mikl_gse173098|neurite_soma_mpra|GFP 3UTR MPRA|Neuro-2a|mikl:Mocs2:100.0:1ccd2d1809542c47,7a0e905e1509b151,3,3,3,AVAILABLE
mikl_gse173098,mikl_gse173098|mikl_gse173098|neurite_soma_mpra|GFP 3UTR MPRA|Neuro-2a|mikl:Mocs2:100.0:477c029ec07cafcb,7a0e905e1509b151,4,3,4,AVAILABLE
mikl_gse173098,mikl_gse173098|mikl_gse173098|neurite_soma_mpra|GFP 3UTR MPRA|Neuro-2a|mikl:Mocs2:100.0:6eb89a0547431445,7a0e905e1509b151,3,3,3,AVAILABLE
mikl_gse173098,mikl_gse173098|mikl_gse173098|neurite_soma_mpra|GFP 3UTR MPRA|Neuro-2a|mikl:Mocs2:100.0:eadc1d607f4afdee,7a0e905e1509b151,3,3,3,AVAILABLE
mikl_gse173098,mikl_gse173098|mikl_gse173098|neurite_soma_mpra|GFP 3UTR MPRA|Neuro-2a|mikl:Mocs2:1000.0:4ceae2f1479037fb,7a0e905e1509b151,3,3,3,AVAILABLE
mikl_gse173098,mikl_gse173098|mikl_gse173098|neurite_soma_mpra|GFP 3UTR MPRA|Neuro-2a|mikl:Mocs2:1050.0:50c0abae0c22f08f,7a0e905e1509b151,2,3,2,AVAILABLE
mikl_gse173098,mikl_gse173098|mikl_gse173098|neurite_soma_mpra|GFP 3UTR MPRA|Neuro-2a|mikl:Mocs2:1100.0:1e709be422626b91,7a0e905e1509b151,3,3,3,AVAILABLE
mikl_gse173098,mikl_gse173098|mikl_gse173098|neurite_soma_mpra|GFP 3UTR MPRA|Neuro-2a|mikl:Mocs2:1300.0:9cba520062d46159,7a0e905e1509b151,2,3,2,AVAILABLE
mikl_gse173098,mikl_gse173098|mikl_gse173098|neurite_soma_mpra|GFP 3UTR MPRA|Neuro-2a|mikl:Mocs2:1350.0:cae569a27a78fb6e,7a0e905e1509b151,4,3,4,AVAILABLE
mikl_gse173098,mikl_gse173098|mikl_gse173098|neurite_soma_mpra|GFP 3UTR MPRA|Neuro-2a|mikl:Mocs2:1400.0:f0274c41699e0097,7a0e905e1509b151,5,3,5,AVAILABLE
mikl_gse173098,mikl_gse173098|mikl_gse173098|neurite_soma_mpra|GFP 3UTR MPRA|Neuro-2a|mikl:Mocs2:1450.0:db9f4e0f9070da64,7a0e905e1509b151,7,3,7,AVAILABLE
mikl_gse173098,mikl_gse173098|mikl_gse173098|neurite_soma_mpra|GFP 3UTR MPRA|Neuro-2a|mikl:Mocs2:150.0:21dcc374cc430725,7a0e905e1509b151,2,3,2,AVAILABLE
mikl_gse173098,mikl_gse173098|mikl_gse173098|neurite_soma_mpra|GFP 3UTR MPRA|Neuro-2a|mikl:Mocs2:150.0:98dedd4246d0cc8a,7a0e905e1509b151,3,3,3,AVAILABLE
mikl_gse173098,mikl_gse173098|mikl_gse173098|neurite_soma_mpra|GFP 3UTR MPRA|Neuro-2a|mikl:Mocs2:150.0:9a6fcd750350e22f,7a0e905e1509b151,6,3,6,AVAILABLE
mikl_gse173098,mikl_gse173098|mikl_gse173098|neurite_soma_mpra|GFP 3UTR MPRA|Neuro-2a|mikl:Mocs2:150.0:c9efbfca13ea5b9d,7a0e905e1509b151,6,3,6,AVAILABLE
mikl_gse173098,mikl_gse173098|mikl_gse173098|neurite_soma_mpra|GFP 3UTR MPRA|Neuro-2a|mikl:Mocs2:150.0:f9552d4c8a501f0e,7a0e905e1509b151,5,3,5,AVAILABLE
mikl_gse173098,mikl_gse173098|mikl_gse173098|neurite_soma_mpra|GFP 3UTR MPRA|Neuro-2a|mikl:Mocs2:1500.0:31466b6babf25513,7a0e905e1509b151,7,3,7,AVAILABLE
mikl_gse173098,mikl_gse173098|mikl_gse173098|neurite_soma_mpra|GFP 3UTR MPRA|Neuro-2a|mikl:Mocs2:1550.0:e74929ba7c20851f,7a0e905e1509b151,6,3,6,AVAILABLE
mikl_gse173098,mikl_gse173098|mikl_gse173098|neurite_soma_mpra|GFP 3UTR MPRA|Neuro-2a|mikl:Mocs2:1700.0:c87c3b30050b5f76,7a0e905e1509b151,2,3,2,AVAILABLE
mikl_gse173098,mikl_gse173098|mikl_gse173098|neurite_soma_mpra|GFP 3UTR MPRA|Neuro-2a|mikl:Mocs2:1750.0:629297c1c27badd0,7a0e905e1509b151,5,3,5,AVAILABLE
mikl_gse173098,mikl_gse173098|mikl_gse173098|neurite_soma_mpra|GFP 3UTR MPRA|Neuro-2a|mikl:Mocs2:1800.0:f15d8a8422212476,7a0e905e1509b151,4,3,4,AVAILABLE
mikl_gse173098,mikl_gse173098|mikl_gse173098|neurite_soma_mpra|GFP 3UTR MPRA|Neuro-2a|mikl:Mocs2:1850.0:c8e3edc763e3397b,7a0e905e1509b151,3,3,3,AVAILABLE
mikl_gse173098,mikl_gse173098|mikl_gse173098|neurite_soma_mpra|GFP 3UTR MPRA|Neuro-2a|mikl:Mocs2:1950.0:04b68eaea45fc1f5,7a0e905e1509b151,2,3,2,AVAILABLE
mikl_gse173098,mikl_gse173098|mikl_gse173098|neurite_soma_mpra|GFP 3UTR MPRA|Neuro-2a|mikl:Mocs2:200.0:4ffe863a54e1efde,7a0e905e1509b151,6,3,6,AVAILABLE
mikl_gse173098,mikl_gse173098|mikl_gse173098|neurite_soma_mpra|GFP 3UTR MPRA|Neuro-2a|mikl:Mocs2:200.0:8ebc68707555bf97,7a0e905e1509b151,2,3,2,AVAILABLE
mikl_gse173098,mikl_gse173098|mikl_gse173098|neurite_soma_mpra|GFP 3UTR MPRA|Neuro-2a|mikl:Mocs2:200.0:c61788c894c4c6df,7a0e905e1509b151,6,3,6,AVAILABLE
mikl_gse173098,mikl_gse173098|mikl_gse173098|neurite_soma_mpra|GFP 3UTR MPRA|Neuro-2a|mikl:Mocs2:200.0:f00eebe399f54b62,7a0e905e1509b151,5,3,5,AVAILABLE
mikl_gse173098,mikl_gse173098|mikl_gse173098|neurite_soma_mpra|GFP 3UTR MPRA|Neuro-2a|mikl:Mocs2:2450.0:5fe08fbf001c0bf0,7a0e905e1509b151,2,3,2,AVAILABLE
mikl_gse173098,mikl_gse173098|mikl_gse173098|neurite_soma_mpra|GFP 3UTR MPRA|Neuro-2a|mikl:Mocs2:250.0:1a9c75a432692a42,7a0e905e1509b151,7,3,7,AVAILABLE
mikl_gse173098,mikl_gse173098|mikl_gse173098|neurite_soma_mpra|GFP 3UTR MPRA|Neuro-2a|mikl:Mocs2:250.0:b6326ca34a9320cc,7a0e905e1509b151,2,3,2,AVAILABLE
mikl_gse173098,mikl_gse173098|mikl_gse173098|neurite_soma_mpra|GFP 3UTR MPRA|Neuro-2a|mikl:Mocs2:250.0:e380fada8a2b21df,7a0e905e1509b151,3,3,3,AVAILABLE
mikl_gse173098,mikl_gse173098|mikl_gse173098|neurite_soma_mpra|GFP 3UTR MPRA|Neuro-2a|mikl:Mocs2:2600.0:f531ad3713421aab,7a0e905e1509b151,2,3,2,AVAILABLE
mikl_gse173098,mikl_gse173098|mikl_gse173098|neurite_soma_mpra|GFP 3UTR MPRA|Neuro-2a|mikl:Mocs2:2650.0:9185aed63e34c238,7a0e905e1509b151,3,3,3,AVAILABLE
mikl_gse173098,mikl_gse173098|mikl_gse173098|neurite_soma_mpra|GFP 3UTR MPRA|Neuro-2a|mikl:Mocs2:2700.0:6adf3d92c8d31c3b,7a0e905e1509b151,4,3,4,AVAILABLE
mikl_gse173098,mikl_gse173098|mikl_gse173098|neurite_soma_mpra|GFP 3UTR MPRA|Neuro-2a|mikl:Mocs2:2750.0:ebef321109c11daf,7a0e905e1509b151,2,3,2,AVAILABLE
mikl_gse173098,mikl_gse173098|mikl_gse173098|neurite_soma_mpra|GFP 3UTR MPRA|Neuro-2a|mikl:Mocs2:300.0:85968f2623b27ab4,7a0e905e1509b151,2,3,2,AVAILABLE
mikl_gse173098,mikl_gse173098|mikl_gse173098|neurite_soma_mpra|GFP 3UTR MPRA|Neuro-2a|mikl:Mocs2:300.0:c759a3cc0d894a5d,7a0e905e1509b151,2,3,2,AVAILABLE
mikl_gse173098,mikl_gse173098|mikl_gse173098|neurite_soma_mpra|GFP 3UTR MPRA|Neuro-2a|mikl:Mocs2:300.0:cee77ae480dbf40c,7a0e905e1509b151,6,3,6,AVAILABLE
mikl_gse173098,mikl_gse173098|mikl_gse173098|neurite_soma_mpra|GFP 3UTR MPRA|Neuro-2a|mikl:Mocs2:300.0:d3392572d8881f9d,7a0e905e1509b151,3,3,3,AVAILABLE
mikl_gse173098,mikl_gse173098|mikl_gse173098|neurite_soma_mpra|GFP 3UTR MPRA|Neuro-2a|mikl:Mocs2:3050.0:35a38a372e9d1678,7a0e905e1509b151,3,3,3,AVAILABLE
mikl_gse173098,mikl_gse173098|mikl_gse173098|neurite_soma_mpra|GFP 3UTR MPRA|Neuro-2a|mikl:Mocs2:3100.0:311d8a8cdabb94d6,7a0e905e1509b151,3,3,3,AVAILABLE
mikl_gse173098,mikl_gse173098|mikl_gse173098|neurite_soma_mpra|GFP 3UTR MPRA|Neuro-2a|mikl:Mocs2:3150.0:00d7993d05371502,7a0e905e1509b151,5,3,5,AVAILABLE
mikl_gse173098,mikl_gse173098|mikl_gse173098|neurite_soma_mpra|GFP 3UTR MPRA|Neuro-2a|mikl:Mocs2:3200.0:554f399f9d9d01fa,7a0e905e1509b151,3,3,3,AVAILABLE
mikl_gse173098,mikl_gse173098|mikl_gse173098|neurite_soma_mpra|GFP 3UTR MPRA|Neuro-2a|mikl:Mocs2:3250.0:2fb24e65bae43f00,7a0e905e1509b151,3,3,3,AVAILABLE
mikl_gse173098,mikl_gse173098|mikl_gse173098|neurite_soma_mpra|GFP 3UTR MPRA|Neuro-2a|mikl:Mocs2:3450.0:ed71a3a4c6e28983,7a0e905e1509b151,2,3,2,AVAILABLE
mikl_gse173098,mikl_gse173098|mikl_gse173098|neurite_soma_mpra|GFP 3UTR MPRA|Neuro-2a|mikl:Mocs2:350.0:936e8dd4326d5c59,7a0e905e1509b151,3,3,3,AVAILABLE
mikl_gse173098,mikl_gse173098|mikl_gse173098|neurite_soma_mpra|GFP 3UTR MPRA|Neuro-2a|mikl:Mocs2:350.0:a4dfa33164f25d7e,7a0e905e1509b151,2,3,2,AVAILABLE
mikl_gse173098,mikl_gse173098|mikl_gse173098|neurite_soma_mpra|GFP 3UTR MPRA|Neuro-2a|mikl:Mocs2:350.0:a8214fd4d51ff251,7a0e905e1509b151,3,3,3,AVAILABLE
mikl_gse173098,mikl_gse173098|mikl_gse173098|neurite_soma_mpra|GFP 3UTR MPRA|Neuro-2a|mikl:Mocs2:3500.0:982181a5a13ecaba,7a0e905e1509b151,2,3,2,AVAILABLE
mikl_gse173098,mikl_gse173098|mikl_gse173098|neurite_soma_mpra|GFP 3UTR MPRA|Neuro-2a|mikl:Mocs2:3550.0:fec6b9cf57cc0b5c,7a0e905e1509b151,2,3,2,AVAILABLE
mikl_gse173098,mikl_gse173098|mikl_gse173098|neurite_soma_mpra|GFP 3UTR MPRA|Neuro-2a|mikl:Mocs2:3600.0:e1125ed09ec81b3d,7a0e905e1509b151,3,3,3,AVAILABLE
mikl_gse173098,mikl_gse173098|mikl_gse173098|neurite_soma_mpra|GFP 3UTR MPRA|Neuro-2a|mikl:Mocs2:3650.0:c1bd2480bcba71db,7a0e905e1509b151,4,3,4,AVAILABLE
mikl_gse173098,mikl_gse173098|mikl_gse173098|neurite_soma_mpra|GFP 3UTR MPRA|Neuro-2a|mikl:Mocs2:3700.0:592343210e0e1c7d,7a0e905e1509b151,4,3,4,AVAILABLE
mikl_gse173098,mikl_gse173098|mikl_gse173098|neurite_soma_mpra|GFP 3UTR MPRA|Neuro-2a|mikl:Mocs2:3750.0:66296611dc061346,7a0e905e1509b151,4,3,4,AVAILABLE
mikl_gse173098,mikl_gse173098|mikl_gse173098|neurite_soma_mpra|GFP 3UTR MPRA|Neuro-2a|mikl:Mocs2:3800.0:766bfc8e063675ce,7a0e905e1509b151,3,3,3,AVAILABLE
mikl_gse173098,mikl_gse173098|mikl_gse173098|neurite_soma_mpra|GFP 3UTR MPRA|Neuro-2a|mikl:Mocs2:3850.0:c0fbfbccecbf2937,7a0e905e1509b151,2,3,2,AVAILABLE
mikl_gse173098,mikl_gse173098|mikl_gse173098|neurite_soma_mpra|GFP 3UTR MPRA|Neuro-2a|mikl:Mocs2:3900.0:d46ea06689c554eb,7a0e905e1509b151,4,3,4,AVAILABLE
mikl_gse173098,mikl_gse173098|mikl_gse173098|neurite_soma_mpra|GFP 3UTR MPRA|Neuro-2a|mikl:Mocs2:400.0:7620c70b8c3d288d,7a0e905e1509b151,3,3,3,AVAILABLE
mikl_gse173098,mikl_gse173098|mikl_gse173098|neurite_soma_mpra|GFP 3UTR MPRA|Neuro-2a|mikl:Mocs2:400.0:b773f1c1e0c59308,7a0e905e1509b151,2,3,2,AVAILABLE
mikl_gse173098,mikl_gse173098|mikl_gse173098|neurite_soma_mpra|GFP 3UTR MPRA|Neuro-2a|mikl:Mocs2:4000.0:99c0b8df3f458119,7a0e905e1509b151,3,3,3,AVAILABLE
mikl_gse173098,mikl_gse173098|mikl_gse173098|neurite_soma_mpra|GFP 3UTR MPRA|Neuro-2a|mikl:Mocs2:4100.0:d4f370fef2d31431,7a0e905e1509b151,2,3,2,AVAILABLE
mikl_gse173098,mikl_gse173098|mikl_gse173098|neurite_soma_mpra|GFP 3UTR MPRA|Neuro-2a|mikl:Mocs2:450.0:64979ee02c62108d,7a0e905e1509b151,3,3,3,AVAILABLE
mikl_gse173098,mikl_gse173098|mikl_gse173098|neurite_soma_mpra|GFP 3UTR MPRA|Neuro-2a|mikl:Mocs2:450.0:7ad037cfd000b007,7a0e905e1509b151,3,3,3,AVAILABLE
mikl_gse173098,mikl_gse173098|mikl_gse173098|neurite_soma_mpra|GFP 3UTR MPRA|Neuro-2a|mikl:Mocs2:450.0:e25d0ddb09dde4ba,7a0e905e1509b151,2,3,2,AVAILABLE
mikl_gse173098,mikl_gse173098|mikl_gse173098|neurite_soma_mpra|GFP 3UTR MPRA|Neuro-2a|mikl:Mocs2:50.0:02c2a3ee207ce44a,7a0e905e1509b151,5,3,5,AVAILABLE
mikl_gse173098,mikl_gse173098|mikl_gse173098|neurite_soma_mpra|GFP 3UTR MPRA|Neuro-2a|mikl:Mocs2:50.0:0527bd48a2f26d60,7a0e905e1509b151,5,3,5,AVAILABLE
mikl_gse173098,mikl_gse173098|mikl_gse173098|neurite_soma_mpra|GFP 3UTR MPRA|Neuro-2a|mikl:Mocs2:50.0:8001afd6a7ba15a9,7a0e905e1509b151,2,3,2,AVAILABLE
mikl_gse173098,mikl_gse173098|mikl_gse173098|neurite_soma_mpra|GFP 3UTR MPRA|Neuro-2a|mikl:Mocs2:50.0:90603a7552da3828,7a0e905e1509b151,2,3,2,AVAILABLE
mikl_gse173098,mikl_gse173098|mikl_gse173098|neurite_soma_mpra|GFP 3UTR MPRA|Neuro-2a|mikl:Mocs2:50.0:98ba8bd4812b1baa,7a0e905e1509b151,5,3,5,AVAILABLE
mikl_gse173098,mikl_gse173098|mikl_gse173098|neurite_soma_mpra|GFP 3UTR MPRA|Neuro-2a|mikl:Mocs2:50.0:e067d3452f52795e,7a0e905e1509b151,2,3,2,AVAILABLE
mikl_gse173098,mikl_gse173098|mikl_gse173098|neurite_soma_mpra|GFP 3UTR MPRA|Neuro-2a|mikl:Mocs2:500.0:3a8edd8a2eed9397,7a0e905e1509b151,2,3,2,AVAILABLE
mikl_gse173098,mikl_gse173098|mikl_gse173098|neurite_soma_mpra|GFP 3UTR MPRA|Neuro-2a|mikl:Mocs2:500.0:94c3f652a0919fed,7a0e905e1509b151,2,3,2,AVAILABLE
mikl_gse173098,mikl_gse173098|mikl_gse173098|neurite_soma_mpra|GFP 3UTR MPRA|Neuro-2a|mikl:Mocs2:550.0:3d8a0bcfac5b253e,7a0e905e1509b151,2,3,2,AVAILABLE
mikl_gse173098,mikl_gse173098|mikl_gse173098|neurite_soma_mpra|GFP 3UTR MPRA|Neuro-2a|mikl:Mocs2:550.0:746f82213df578e1,7a0e905e1509b151,2,3,2,AVAILABLE
mikl_gse173098,mikl_gse173098|mikl_gse173098|neurite_soma_mpra|GFP 3UTR MPRA|Neuro-2a|mikl:Mocs2:600.0:f789fe55bfdef3fa,7a0e905e1509b151,2,3,2,AVAILABLE
mikl_gse173098,mikl_gse173098|mikl_gse173098|neurite_soma_mpra|GFP 3UTR MPRA|Neuro-2a|mikl:Mocs2:650.0:f32f550c90688c80,7a0e905e1509b151,2,3,2,AVAILABLE
mikl_gse173098,mikl_gse173098|mikl_gse173098|neurite_soma_mpra|GFP 3UTR MPRA|Neuro-2a|mikl:Mocs2:700.0:3fecb325e0b87ac0,7a0e905e1509b151,2,3,2,AVAILABLE
mikl_gse173098,mikl_gse173098|mikl_gse173098|neurite_soma_mpra|GFP 3UTR MPRA|Neuro-2a|mikl:Mocs2:850.0:f0b680f5bb51356f,7a0e905e1509b151,2,3,2,AVAILABLE
mikl_gse173098,mikl_gse173098|mikl_gse173098|neurite_soma_mpra|GFP 3UTR MPRA|Neuro-2a|mikl:Mocs2:950.0:e369e060d63acd2f,7a0e905e1509b151,6,3,6,AVAILABLE
mikl_gse173098,mikl_gse173098|mikl_gse173098|neurite_soma_mpra|GFP 3UTR MPRA|Neuro-2a|mikl:Mre11a:2250.0:7739616e3fb9503a,b89dd91c6b00198e,2,3,2,AVAILABLE
mikl_gse173098,mikl_gse173098|mikl_gse173098|neurite_soma_mpra|GFP 3UTR MPRA|Neuro-2a|mikl:Mre11a:2300.0:3d1140fe16aa36ab,b89dd91c6b00198e,3,3,3,AVAILABLE
mikl_gse173098,mikl_gse173098|mikl_gse173098|neurite_soma_mpra|GFP 3UTR MPRA|Neuro-2a|mikl:Mre11a:2350.0:66812bfe7dacfa17,b89dd91c6b00198e,2,3,2,AVAILABLE
mikl_gse173098,mikl_gse173098|mikl_gse173098|neurite_soma_mpra|GFP 3UTR MPRA|Neuro-2a|mikl:Mre11a:2950.0:acf82b8a8d47d336,b89dd91c6b00198e,3,3,3,AVAILABLE
mikl_gse173098,mikl_gse173098|mikl_gse173098|neurite_soma_mpra|GFP 3UTR MPRA|Neuro-2a|mikl:Mre11a:3000.0:53c86d4e4768b632,b89dd91c6b00198e,2,3,2,AVAILABLE
mikl_gse173098,mikl_gse173098|mikl_gse173098|neurite_soma_mpra|GFP 3UTR MPRA|Neuro-2a|mikl:Mre11a:3050.0:578b00aca9eeefb5,b89dd91c6b00198e,2,3,2,AVAILABLE
mikl_gse173098,mikl_gse173098|mikl_gse173098|neurite_soma_mpra|GFP 3UTR MPRA|Neuro-2a|mikl:Mre11a:350.0:aa5641d9a80635b7,b89dd91c6b00198e,3,3,3,AVAILABLE
mikl_gse173098,mikl_gse173098|mikl_gse173098|neurite_soma_mpra|GFP 3UTR MPRA|Neuro-2a|mikl:Mre11a:400.0:1804aa80fbc16505,b89dd91c6b00198e,2,3,2,AVAILABLE
mikl_gse173098,mikl_gse173098|mikl_gse173098|neurite_soma_mpra|GFP 3UTR MPRA|Neuro-2a|mikl:Ndnf:2350.0:5e16dd8e8e162793,749db76e2a3aee1d,3,3,3,AVAILABLE
mikl_gse173098,mikl_gse173098|mikl_gse173098|neurite_soma_mpra|GFP 3UTR MPRA|Neuro-2a|mikl:Ndnf:2950.0:9387690d3aa28b7e,749db76e2a3aee1d,2,3,2,AVAILABLE
mikl_gse173098,mikl_gse173098|mikl_gse173098|neurite_soma_mpra|GFP 3UTR MPRA|Neuro-2a|mikl:Ndnf:3550.0:333ddbf3ae2229c6,749db76e2a3aee1d,2,3,2,AVAILABLE
mikl_gse173098,mikl_gse173098|mikl_gse173098|neurite_soma_mpra|GFP 3UTR MPRA|Neuro-2a|mikl:Ndnf:4200.0:a086393b29e1ce33,749db76e2a3aee1d,2,3,2,AVAILABLE
mikl_gse173098,mikl_gse173098|mikl_gse173098|neurite_soma_mpra|GFP 3UTR MPRA|Neuro-2a|mikl:Ndnf:4500.0:b6c41f23c59ef8d3,749db76e2a3aee1d,2,3,2,AVAILABLE
mikl_gse173098,mikl_gse173098|mikl_gse173098|neurite_soma_mpra|GFP 3UTR MPRA|Neuro-2a|mikl:Ndnf:4550.0:ea410dacbd4bcd88,749db76e2a3aee1d,3,3,3,AVAILABLE
mikl_gse173098,mikl_gse173098|mikl_gse173098|neurite_soma_mpra|GFP 3UTR MPRA|Neuro-2a|mikl:Ndnf:4600.0:92ae16ddb29108cb,749db76e2a3aee1d,2,3,2,AVAILABLE
mikl_gse173098,mikl_gse173098|mikl_gse173098|neurite_soma_mpra|GFP 3UTR MPRA|Neuro-2a|mikl:Ndufa12:100.0:106a8bd6323bb271,e915c7bbdbb664b3,3,3,3,AVAILABLE
mikl_gse173098,mikl_gse173098|mikl_gse173098|neurite_soma_mpra|GFP 3UTR MPRA|Neuro-2a|mikl:Ndufa12:350.0:50a75c02e4984766,e915c7bbdbb664b3,3,3,3,AVAILABLE
mikl_gse173098,mikl_gse173098|mikl_gse173098|neurite_soma_mpra|GFP 3UTR MPRA|Neuro-2a|mikl:Ndufa2:0.0:9cba37bc294aa5c0,e457c745ed55184b,2,3,2,AVAILABLE
mikl_gse173098,mikl_gse173098|mikl_gse173098|neurite_soma_mpra|GFP 3UTR MPRA|Neuro-2a|mikl:Ndufa2:50.0:b2b897d6579caa8d,e457c745ed55184b,2,3,2,AVAILABLE
mikl_gse173098,mikl_gse173098|mikl_gse173098|neurite_soma_mpra|GFP 3UTR MPRA|Neuro-2a|mikl:Ndufb8:100.0:1081ce8ea92633fe,894873fd889e1e43,2,3,2,AVAILABLE
mikl_gse173098,mikl_gse173098|mikl_gse173098|neurite_soma_mpra|GFP 3UTR MPRA|Neuro-2a|mikl:Nhsl2:2900.0:db872da1ca41534b,a52ebf3cc780d4f7,2,3,2,AVAILABLE
mikl_gse173098,mikl_gse173098|mikl_gse173098|neurite_soma_mpra|GFP 3UTR MPRA|Neuro-2a|mikl:Nhsl2:4550.0:b0995fa645bdbd11,a52ebf3cc780d4f7,2,3,2,AVAILABLE
mikl_gse173098,mikl_gse173098|mikl_gse173098|neurite_soma_mpra|GFP 3UTR MPRA|Neuro-2a|mikl:Nhsl2:4600.0:9f29c8af8e48b66b,a52ebf3cc780d4f7,3,3,3,AVAILABLE
mikl_gse173098,mikl_gse173098|mikl_gse173098|neurite_soma_mpra|GFP 3UTR MPRA|Neuro-2a|mikl:Nhsl2:5050.0:c0c118db620f5a61,a52ebf3cc780d4f7,2,3,2,AVAILABLE
mikl_gse173098,mikl_gse173098|mikl_gse173098|neurite_soma_mpra|GFP 3UTR MPRA|Neuro-2a|mikl:Nhsl2:5100.0:75389242d2ec90b8,a52ebf3cc780d4f7,3,3,3,AVAILABLE
mikl_gse173098,mikl_gse173098|mikl_gse173098|neurite_soma_mpra|GFP 3UTR MPRA|Neuro-2a|mikl:Nhsl2:5150.0:46a9e26655967472,a52ebf3cc780d4f7,2,3,2,AVAILABLE
mikl_gse173098,mikl_gse173098|mikl_gse173098|neurite_soma_mpra|GFP 3UTR MPRA|Neuro-2a|mikl:Nhsl2:6650.0:49ca206e9a242c87,a52ebf3cc780d4f7,2,3,2,AVAILABLE
mikl_gse173098,mikl_gse173098|mikl_gse173098|neurite_soma_mpra|GFP 3UTR MPRA|Neuro-2a|mikl:Nhsl2:6950.0:d0c13b5584df1e63,a52ebf3cc780d4f7,2,3,2,AVAILABLE
mikl_gse173098,mikl_gse173098|mikl_gse173098|neurite_soma_mpra|GFP 3UTR MPRA|Neuro-2a|mikl:Nhsl2:7000.0:60b08254895fa6fd,a52ebf3cc780d4f7,2,3,2,AVAILABLE
mikl_gse173098,mikl_gse173098|mikl_gse173098|neurite_soma_mpra|GFP 3UTR MPRA|Neuro-2a|mikl:Nhsl2:7050.0:f4c5289b19daf826,a52ebf3cc780d4f7,2,3,2,AVAILABLE
mikl_gse173098,mikl_gse173098|mikl_gse173098|neurite_soma_mpra|GFP 3UTR MPRA|Neuro-2a|mikl:Nhsl2:7650.0:198a167ee64cf6a3,a52ebf3cc780d4f7,2,3,2,AVAILABLE
mikl_gse173098,mikl_gse173098|mikl_gse173098|neurite_soma_mpra|GFP 3UTR MPRA|Neuro-2a|mikl:Nhsl2:7700.0:42dd74505832f2a8,a52ebf3cc780d4f7,3,3,3,AVAILABLE
mikl_gse173098,mikl_gse173098|mikl_gse173098|neurite_soma_mpra|GFP 3UTR MPRA|Neuro-2a|mikl:Nhsl2:7750.0:52f66625f8d481a2,a52ebf3cc780d4f7,2,3,2,AVAILABLE
mikl_gse173098,mikl_gse173098|mikl_gse173098|neurite_soma_mpra|GFP 3UTR MPRA|Neuro-2a|mikl:Nhsl2:8100.0:c3fd59edba3c44f6,a52ebf3cc780d4f7,2,3,2,AVAILABLE
mikl_gse173098,mikl_gse173098|mikl_gse173098|neurite_soma_mpra|GFP 3UTR MPRA|Neuro-2a|mikl:Nhsl2:8150.0:0fb6730f24deba6f,a52ebf3cc780d4f7,2,3,2,AVAILABLE
mikl_gse173098,mikl_gse173098|mikl_gse173098|neurite_soma_mpra|GFP 3UTR MPRA|Neuro-2a|mikl:Nhsl2:900.0:563a8ad4dfb2381b,a52ebf3cc780d4f7,2,3,2,AVAILABLE
mikl_gse173098,mikl_gse173098|mikl_gse173098|neurite_soma_mpra|GFP 3UTR MPRA|Neuro-2a|mikl:Nhsl2:950.0:0e13e8d4cbd1bda2,a52ebf3cc780d4f7,2,3,2,AVAILABLE
mikl_gse173098,mikl_gse173098|mikl_gse173098|neurite_soma_mpra|GFP 3UTR MPRA|Neuro-2a|mikl:Nnat:0.0:67eafa87233bc02a,1ca59178072f8e89,2,3,2,AVAILABLE
mikl_gse173098,mikl_gse173098|mikl_gse173098|neurite_soma_mpra|GFP 3UTR MPRA|Neuro-2a|mikl:Nnat:150.0:1a53d3dd27fbc320,1ca59178072f8e89,3,3,3,AVAILABLE
mikl_gse173098,mikl_gse173098|mikl_gse173098|neurite_soma_mpra|GFP 3UTR MPRA|Neuro-2a|mikl:Nnat:150.0:ec767c69de138539,1ca59178072f8e89,3,3,3,AVAILABLE
mikl_gse173098,mikl_gse173098|mikl_gse173098|neurite_soma_mpra|GFP 3UTR MPRA|Neuro-2a|mikl:Nnat:200.0:2d80740344fddd0e,1ca59178072f8e89,2,3,2,AVAILABLE
mikl_gse173098,mikl_gse173098|mikl_gse173098|neurite_soma_mpra|GFP 3UTR MPRA|Neuro-2a|mikl:Nnat:350.0:f197b5bff082e219,1ca59178072f8e89,4,3,4,AVAILABLE
mikl_gse173098,mikl_gse173098|mikl_gse173098|neurite_soma_mpra|GFP 3UTR MPRA|Neuro-2a|mikl:Nnat:400.0:23232dcdcd063f4e,1ca59178072f8e89,3,3,3,AVAILABLE
mikl_gse173098,mikl_gse173098|mikl_gse173098|neurite_soma_mpra|GFP 3UTR MPRA|Neuro-2a|mikl:Nnat:450.0:e825f3ac0d221d6d,1ca59178072f8e89,4,3,4,AVAILABLE
mikl_gse173098,mikl_gse173098|mikl_gse173098|neurite_soma_mpra|GFP 3UTR MPRA|Neuro-2a|mikl:Nrgn:0.0:9a67f592e88f1b99,090d06d84bb57b6f,2,3,2,AVAILABLE
mikl_gse173098,mikl_gse173098|mikl_gse173098|neurite_soma_mpra|GFP 3UTR MPRA|Neuro-2a|mikl:Nrgn:100.0:c7cd487af86b0e8e,090d06d84bb57b6f,2,3,2,AVAILABLE
mikl_gse173098,mikl_gse173098|mikl_gse173098|neurite_soma_mpra|GFP 3UTR MPRA|Neuro-2a|mikl:Nrgn:550.0:6f007f02f7686782,090d06d84bb57b6f,2,3,2,AVAILABLE
mikl_gse173098,mikl_gse173098|mikl_gse173098|neurite_soma_mpra|GFP 3UTR MPRA|Neuro-2a|mikl:Nrgn:600.0:a78443c92f75d031,090d06d84bb57b6f,2,3,2,AVAILABLE
mikl_gse173098,mikl_gse173098|mikl_gse173098|neurite_soma_mpra|GFP 3UTR MPRA|Neuro-2a|mikl:Nrgn:650.0:8d6f594806475158,090d06d84bb57b6f,2,3,2,AVAILABLE
mikl_gse173098,mikl_gse173098|mikl_gse173098|neurite_soma_mpra|GFP 3UTR MPRA|Neuro-2a|mikl:Nsmf:1050.0:49035c2078b3c273,ac3770224ceb6e0c,2,3,2,AVAILABLE
mikl_gse173098,mikl_gse173098|mikl_gse173098|neurite_soma_mpra|GFP 3UTR MPRA|Neuro-2a|mikl:Nsmf:1150.0:c678a304054d64c7,ac3770224ceb6e0c,2,3,2,AVAILABLE
mikl_gse173098,mikl_gse173098|mikl_gse173098|neurite_soma_mpra|GFP 3UTR MPRA|Neuro-2a|mikl:Nsmf:350.0:0149f4b2511f72ae,ac3770224ceb6e0c,2,3,2,AVAILABLE
mikl_gse173098,mikl_gse173098|mikl_gse173098|neurite_soma_mpra|GFP 3UTR MPRA|Neuro-2a|mikl:Nsmf:400.0:e63708434a7f2acd,ac3770224ceb6e0c,2,3,2,AVAILABLE
mikl_gse173098,mikl_gse173098|mikl_gse173098|neurite_soma_mpra|GFP 3UTR MPRA|Neuro-2a|mikl:Nsmf:450.0:9de63cdc81d0eca6,ac3770224ceb6e0c,3,3,3,AVAILABLE
mikl_gse173098,mikl_gse173098|mikl_gse173098|neurite_soma_mpra|GFP 3UTR MPRA|Neuro-2a|mikl:Nsmf:550.0:b190fcf9532690c6,ac3770224ceb6e0c,2,3,2,AVAILABLE
mikl_gse173098,mikl_gse173098|mikl_gse173098|neurite_soma_mpra|GFP 3UTR MPRA|Neuro-2a|mikl:Nsmf:600.0:363e4be654a803d6,ac3770224ceb6e0c,2,3,2,AVAILABLE
mikl_gse173098,mikl_gse173098|mikl_gse173098|neurite_soma_mpra|GFP 3UTR MPRA|Neuro-2a|mikl:Nsmf:650.0:5183d55ec4fcab28,ac3770224ceb6e0c,2,3,2,AVAILABLE
mikl_gse173098,mikl_gse173098|mikl_gse173098|neurite_soma_mpra|GFP 3UTR MPRA|Neuro-2a|mikl:Nsmf:800.0:22ae9452393fddb1,ac3770224ceb6e0c,2,3,2,AVAILABLE
mikl_gse173098,mikl_gse173098|mikl_gse173098|neurite_soma_mpra|GFP 3UTR MPRA|Neuro-2a|mikl:Nsmf:850.0:d9622de4d88ec976,ac3770224ceb6e0c,3,3,3,AVAILABLE
mikl_gse173098,mikl_gse173098|mikl_gse173098|neurite_soma_mpra|GFP 3UTR MPRA|Neuro-2a|mikl:Nsmf:900.0:a99e124aea5c4099,ac3770224ceb6e0c,4,3,4,AVAILABLE
mikl_gse173098,mikl_gse173098|mikl_gse173098|neurite_soma_mpra|GFP 3UTR MPRA|Neuro-2a|mikl:Nsmf:950.0:0ff2a494d712c9ca,ac3770224ceb6e0c,3,3,3,AVAILABLE
mikl_gse173098,mikl_gse173098|mikl_gse173098|neurite_soma_mpra|GFP 3UTR MPRA|Neuro-2a|mikl:Oaf:0.0:6e3645e57e4db622,e4ff58ed3c625aff,2,3,2,AVAILABLE
mikl_gse173098,mikl_gse173098|mikl_gse173098|neurite_soma_mpra|GFP 3UTR MPRA|Neuro-2a|mikl:Oaf:100.0:b1aee9daec571c90,e4ff58ed3c625aff,4,3,4,AVAILABLE
mikl_gse173098,mikl_gse173098|mikl_gse173098|neurite_soma_mpra|GFP 3UTR MPRA|Neuro-2a|mikl:Oaf:1150.0:7f9e4eda9a36fe3d,e4ff58ed3c625aff,2,3,2,AVAILABLE
mikl_gse173098,mikl_gse173098|mikl_gse173098|neurite_soma_mpra|GFP 3UTR MPRA|Neuro-2a|mikl:Oaf:150.0:c0b5ad11bd111715,e4ff58ed3c625aff,4,3,4,AVAILABLE
mikl_gse173098,mikl_gse173098|mikl_gse173098|neurite_soma_mpra|GFP 3UTR MPRA|Neuro-2a|mikl:Oaf:200.0:b0fd257441679657,e4ff58ed3c625aff,3,3,3,AVAILABLE
mikl_gse173098,mikl_gse173098|mikl_gse173098|neurite_soma_mpra|GFP 3UTR MPRA|Neuro-2a|mikl:Oaf:450.0:9fe409e671999138,e4ff58ed3c625aff,3,3,3,AVAILABLE
mikl_gse173098,mikl_gse173098|mikl_gse173098|neurite_soma_mpra|GFP 3UTR MPRA|Neuro-2a|mikl:Oaf:50.0:32219f0e5da7a4a9,e4ff58ed3c625aff,2,3,2,AVAILABLE
mikl_gse173098,mikl_gse173098|mikl_gse173098|neurite_soma_mpra|GFP 3UTR MPRA|Neuro-2a|mikl:Oaf:800.0:0c53c137a90af040,e4ff58ed3c625aff,4,3,4,AVAILABLE
mikl_gse173098,mikl_gse173098|mikl_gse173098|neurite_soma_mpra|GFP 3UTR MPRA|Neuro-2a|mikl:Oaf:850.0:90c126ed4d1c9b72,e4ff58ed3c625aff,3,3,3,AVAILABLE
mikl_gse173098,mikl_gse173098|mikl_gse173098|neurite_soma_mpra|GFP 3UTR MPRA|Neuro-2a|mikl:Ociad2:0.0:863a58538492a85d,e885bb117294e15f,3,3,3,AVAILABLE
mikl_gse173098,mikl_gse173098|mikl_gse173098|neurite_soma_mpra|GFP 3UTR MPRA|Neuro-2a|mikl:Ociad2:0.0:9d92ba151692233a,e885bb117294e15f,3,3,3,AVAILABLE
mikl_gse173098,mikl_gse173098|mikl_gse173098|neurite_soma_mpra|GFP 3UTR MPRA|Neuro-2a|mikl:Ociad2:100.0:5148d5423f251e53,e885bb117294e15f,2,3,2,AVAILABLE
mikl_gse173098,mikl_gse173098|mikl_gse173098|neurite_soma_mpra|GFP 3UTR MPRA|Neuro-2a|mikl:Ociad2:1000.0:2b47aa1cf6e421c5,e885bb117294e15f,2,3,2,AVAILABLE
mikl_gse173098,mikl_gse173098|mikl_gse173098|neurite_soma_mpra|GFP 3UTR MPRA|Neuro-2a|mikl:Ociad2:1000.0:fe056bdabaa87d30,e885bb117294e15f,2,3,2,AVAILABLE
mikl_gse173098,mikl_gse173098|mikl_gse173098|neurite_soma_mpra|GFP 3UTR MPRA|Neuro-2a|mikl:Ociad2:1050.0:646878b0a188887e,e885bb117294e15f,2,3,2,AVAILABLE
mikl_gse173098,mikl_gse173098|mikl_gse173098|neurite_soma_mpra|GFP 3UTR MPRA|Neuro-2a|mikl:Ociad2:1050.0:ddec93d079d21aa3,e885bb117294e15f,2,3,2,AVAILABLE
mikl_gse173098,mikl_gse173098|mikl_gse173098|neurite_soma_mpra|GFP 3UTR MPRA|Neuro-2a|mikl:Ociad2:1100.0:2b3eab92f723cc18,e885bb117294e15f,3,3,3,AVAILABLE
mikl_gse173098,mikl_gse173098|mikl_gse173098|neurite_soma_mpra|GFP 3UTR MPRA|Neuro-2a|mikl:Ociad2:1100.0:97929731d90a259d,e885bb117294e15f,2,3,2,AVAILABLE
mikl_gse173098,mikl_gse173098|mikl_gse173098|neurite_soma_mpra|GFP 3UTR MPRA|Neuro-2a|mikl:Ociad2:1150.0:0aff44cb01318609,e885bb117294e15f,2,3,2,AVAILABLE
mikl_gse173098,mikl_gse173098|mikl_gse173098|neurite_soma_mpra|GFP 3UTR MPRA|Neuro-2a|mikl:Ociad2:1150.0:aae7c0863db2cfd9,e885bb117294e15f,2,3,2,AVAILABLE
mikl_gse173098,mikl_gse173098|mikl_gse173098|neurite_soma_mpra|GFP 3UTR MPRA|Neuro-2a|mikl:Ociad2:1200.0:442b4326bec454bc,e885bb117294e15f,2,3,2,AVAILABLE
mikl_gse173098,mikl_gse173098|mikl_gse173098|neurite_soma_mpra|GFP 3UTR MPRA|Neuro-2a|mikl:Ociad2:1200.0:c88aacf2f7fb4abb,e885bb117294e15f,2,3,2,AVAILABLE
mikl_gse173098,mikl_gse173098|mikl_gse173098|neurite_soma_mpra|GFP 3UTR MPRA|Neuro-2a|mikl:Ociad2:1250.0:00f698b01c05d563,e885bb117294e15f,2,3,2,AVAILABLE
mikl_gse173098,mikl_gse173098|mikl_gse173098|neurite_soma_mpra|GFP 3UTR MPRA|Neuro-2a|mikl:Ociad2:1250.0:860d74999f2f6c35,e885bb117294e15f,2,3,2,AVAILABLE
mikl_gse173098,mikl_gse173098|mikl_gse173098|neurite_soma_mpra|GFP 3UTR MPRA|Neuro-2a|mikl:Ociad2:1300.0:5cb1a6931d0e447f,e885bb117294e15f,2,3,2,AVAILABLE
mikl_gse173098,mikl_gse173098|mikl_gse173098|neurite_soma_mpra|GFP 3UTR MPRA|Neuro-2a|mikl:Ociad2:1300.0:e6baf51288f4250a,e885bb117294e15f,2,3,2,AVAILABLE
mikl_gse173098,mikl_gse173098|mikl_gse173098|neurite_soma_mpra|GFP 3UTR MPRA|Neuro-2a|mikl:Ociad2:1350.0:3f3e2e7733106a1d,e885bb117294e15f,3,3,3,AVAILABLE
mikl_gse173098,mikl_gse173098|mikl_gse173098|neurite_soma_mpra|GFP 3UTR MPRA|Neuro-2a|mikl:Ociad2:1350.0:da198aea2f4d8f35,e885bb117294e15f,3,3,3,AVAILABLE
mikl_gse173098,mikl_gse173098|mikl_gse173098|neurite_soma_mpra|GFP 3UTR MPRA|Neuro-2a|mikl:Ociad2:1400.0:99b4fd178004e9c9,e885bb117294e15f,4,3,4,AVAILABLE
mikl_gse173098,mikl_gse173098|mikl_gse173098|neurite_soma_mpra|GFP 3UTR MPRA|Neuro-2a|mikl:Ociad2:200.0:3bd0a0ab256baefa,e885bb117294e15f,2,3,2,AVAILABLE
mikl_gse173098,mikl_gse173098|mikl_gse173098|neurite_soma_mpra|GFP 3UTR MPRA|Neuro-2a|mikl:Ociad2:250.0:28169e807193dc9a,e885bb117294e15f,2,3,2,AVAILABLE
mikl_gse173098,mikl_gse173098|mikl_gse173098|neurite_soma_mpra|GFP 3UTR MPRA|Neuro-2a|mikl:Ociad2:250.0:f77c5af2419c1a59,e885bb117294e15f,2,3,2,AVAILABLE
mikl_gse173098,mikl_gse173098|mikl_gse173098|neurite_soma_mpra|GFP 3UTR MPRA|Neuro-2a|mikl:Ociad2:300.0:08b78b1e2ec5a703,e885bb117294e15f,3,3,3,AVAILABLE
mikl_gse173098,mikl_gse173098|mikl_gse173098|neurite_soma_mpra|GFP 3UTR MPRA|Neuro-2a|mikl:Ociad2:300.0:ab2cbcad926747a9,e885bb117294e15f,2,3,2,AVAILABLE
mikl_gse173098,mikl_gse173098|mikl_gse173098|neurite_soma_mpra|GFP 3UTR MPRA|Neuro-2a|mikl:Ociad2:350.0:079dbeb0ec5d4684,e885bb117294e15f,3,3,3,AVAILABLE
mikl_gse173098,mikl_gse173098|mikl_gse173098|neurite_soma_mpra|GFP 3UTR MPRA|Neuro-2a|mikl:Ociad2:350.0:1e4ea41bbf90a49a,e885bb117294e15f,2,3,2,AVAILABLE
mikl_gse173098,mikl_gse173098|mikl_gse173098|neurite_soma_mpra|GFP 3UTR MPRA|Neuro-2a|mikl:Ociad2:400.0:8e5893139721eaa7,e885bb117294e15f,2,3,2,AVAILABLE
mikl_gse173098,mikl_gse173098|mikl_gse173098|neurite_soma_mpra|GFP 3UTR MPRA|Neuro-2a|mikl:Ociad2:450.0:950d23f5511390af,e885bb117294e15f,2,3,2,AVAILABLE
mikl_gse173098,mikl_gse173098|mikl_gse173098|neurite_soma_mpra|GFP 3UTR MPRA|Neuro-2a|mikl:Ociad2:50.0:55db80e0a74407cb,e885bb117294e15f,3,3,3,AVAILABLE
mikl_gse173098,mikl_gse173098|mikl_gse173098|neurite_soma_mpra|GFP 3UTR MPRA|Neuro-2a|mikl:Ociad2:50.0:9ce5e312f12df913,e885bb117294e15f,3,3,3,AVAILABLE
mikl_gse173098,mikl_gse173098|mikl_gse173098|neurite_soma_mpra|GFP 3UTR MPRA|Neuro-2a|mikl:Ociad2:600.0:a7da48bbcd26f1e0,e885bb117294e15f,2,3,2,AVAILABLE
mikl_gse173098,mikl_gse173098|mikl_gse173098|neurite_soma_mpra|GFP 3UTR MPRA|Neuro-2a|mikl:Ociad2:600.0:c13ee4c400b93a58,e885bb117294e15f,5,3,5,AVAILABLE
mikl_gse173098,mikl_gse173098|mikl_gse173098|neurite_soma_mpra|GFP 3UTR MPRA|Neuro-2a|mikl:Ociad2:650.0:1669fd9ad4a9640c,e885bb117294e15f,5,3,5,AVAILABLE
mikl_gse173098,mikl_gse173098|mikl_gse173098|neurite_soma_mpra|GFP 3UTR MPRA|Neuro-2a|mikl:Ociad2:650.0:4cb9adfcd5299f70,e885bb117294e15f,5,3,5,AVAILABLE
mikl_gse173098,mikl_gse173098|mikl_gse173098|neurite_soma_mpra|GFP 3UTR MPRA|Neuro-2a|mikl:Ociad2:700.0:bfd33e6c2737edef,e885bb117294e15f,4,3,4,AVAILABLE
mikl_gse173098,mikl_gse173098|mikl_gse173098|neurite_soma_mpra|GFP 3UTR MPRA|Neuro-2a|mikl:Ociad2:700.0:e0c47247345f488e,e885bb117294e15f,6,3,6,AVAILABLE
mikl_gse173098,mikl_gse173098|mikl_gse173098|neurite_soma_mpra|GFP 3UTR MPRA|Neuro-2a|mikl:Ociad2:750.0:9c72595d3b0ca30a,e885bb117294e15f,3,3,3,AVAILABLE
mikl_gse173098,mikl_gse173098|mikl_gse173098|neurite_soma_mpra|GFP 3UTR MPRA|Neuro-2a|mikl:Ociad2:750.0:c57b2277df034e5f,e885bb117294e15f,5,3,5,AVAILABLE
mikl_gse173098,mikl_gse173098|mikl_gse173098|neurite_soma_mpra|GFP 3UTR MPRA|Neuro-2a|mikl:Ociad2:800.0:6272807629e8b403,e885bb117294e15f,4,3,4,AVAILABLE
mikl_gse173098,mikl_gse173098|mikl_gse173098|neurite_soma_mpra|GFP 3UTR MPRA|Neuro-2a|mikl:Ociad2:850.0:136f020de06a4b67,e885bb117294e15f,2,3,2,AVAILABLE
mikl_gse173098,mikl_gse173098|mikl_gse173098|neurite_soma_mpra|GFP 3UTR MPRA|Neuro-2a|mikl:Ociad2:900.0:381e10bf26072338,e885bb117294e15f,2,3,2,AVAILABLE
mikl_gse173098,mikl_gse173098|mikl_gse173098|neurite_soma_mpra|GFP 3UTR MPRA|Neuro-2a|mikl:Ociad2:900.0:edbece30650e8393,e885bb117294e15f,3,3,3,AVAILABLE
mikl_gse173098,mikl_gse173098|mikl_gse173098|neurite_soma_mpra|GFP 3UTR MPRA|Neuro-2a|mikl:Ociad2:950.0:2f522b7a647b21b5,e885bb117294e15f,2,3,2,AVAILABLE
mikl_gse173098,mikl_gse173098|mikl_gse173098|neurite_soma_mpra|GFP 3UTR MPRA|Neuro-2a|mikl:Ociad2:950.0:afdad74621843ee9,e885bb117294e15f,2,3,2,AVAILABLE
mikl_gse173098,mikl_gse173098|mikl_gse173098|neurite_soma_mpra|GFP 3UTR MPRA|Neuro-2a|mikl:Ogt:1000.0:6e15918dd22a79ed,f69b60ce97417374,3,3,3,AVAILABLE
mikl_gse173098,mikl_gse173098|mikl_gse173098|neurite_soma_mpra|GFP 3UTR MPRA|Neuro-2a|mikl:Ogt:1050.0:807ae4f1f55b15d3,f69b60ce97417374,3,3,3,AVAILABLE
mikl_gse173098,mikl_gse173098|mikl_gse173098|neurite_soma_mpra|GFP 3UTR MPRA|Neuro-2a|mikl:Ogt:1350.0:376fdc41656669b6,f69b60ce97417374,2,3,2,AVAILABLE
mikl_gse173098,mikl_gse173098|mikl_gse173098|neurite_soma_mpra|GFP 3UTR MPRA|Neuro-2a|mikl:Ogt:1400.0:ea958b2d52517a20,f69b60ce97417374,2,3,2,AVAILABLE
mikl_gse173098,mikl_gse173098|mikl_gse173098|neurite_soma_mpra|GFP 3UTR MPRA|Neuro-2a|mikl:Ogt:1450.0:d6c59a4fbbf861a6,f69b60ce97417374,2,3,2,AVAILABLE
mikl_gse173098,mikl_gse173098|mikl_gse173098|neurite_soma_mpra|GFP 3UTR MPRA|Neuro-2a|mikl:Ogt:1500.0:1b91129458fce061,f69b60ce97417374,5,3,5,AVAILABLE
mikl_gse173098,mikl_gse173098|mikl_gse173098|neurite_soma_mpra|GFP 3UTR MPRA|Neuro-2a|mikl:Ogt:1550.0:f6936aea0ddfcde6,f69b60ce97417374,5,3,5,AVAILABLE
mikl_gse173098,mikl_gse173098|mikl_gse173098|neurite_soma_mpra|GFP 3UTR MPRA|Neuro-2a|mikl:Ogt:1600.0:1c425d8661c29556,f69b60ce97417374,2,3,2,AVAILABLE
mikl_gse173098,mikl_gse173098|mikl_gse173098|neurite_soma_mpra|GFP 3UTR MPRA|Neuro-2a|mikl:Ogt:1700.0:01d3b931297ad600,f69b60ce97417374,3,3,3,AVAILABLE
mikl_gse173098,mikl_gse173098|mikl_gse173098|neurite_soma_mpra|GFP 3UTR MPRA|Neuro-2a|mikl:Ogt:1750.0:47cec722f2e262f7,f69b60ce97417374,3,3,3,AVAILABLE
mikl_gse173098,mikl_gse173098|mikl_gse173098|neurite_soma_mpra|GFP 3UTR MPRA|Neuro-2a|mikl:Ogt:1800.0:23ec96dc8ac4d140,f69b60ce97417374,3,3,3,AVAILABLE
mikl_gse173098,mikl_gse173098|mikl_gse173098|neurite_soma_mpra|GFP 3UTR MPRA|Neuro-2a|mikl:Ogt:200.0:f790499b1ef4c1c2,f69b60ce97417374,2,3,2,AVAILABLE
mikl_gse173098,mikl_gse173098|mikl_gse173098|neurite_soma_mpra|GFP 3UTR MPRA|Neuro-2a|mikl:Ogt:250.0:39ff610ad77ce1bc,f69b60ce97417374,2,3,2,AVAILABLE
mikl_gse173098,mikl_gse173098|mikl_gse173098|neurite_soma_mpra|GFP 3UTR MPRA|Neuro-2a|mikl:Ogt:300.0:4fb2f060ee8883d5,f69b60ce97417374,3,3,3,AVAILABLE
mikl_gse173098,mikl_gse173098|mikl_gse173098|neurite_soma_mpra|GFP 3UTR MPRA|Neuro-2a|mikl:Ogt:350.0:9d2423b6a5141d0e,f69b60ce97417374,5,3,5,AVAILABLE
mikl_gse173098,mikl_gse173098|mikl_gse173098|neurite_soma_mpra|GFP 3UTR MPRA|Neuro-2a|mikl:Ogt:400.0:eabe7758f9ddd3b6,f69b60ce97417374,2,3,2,AVAILABLE
mikl_gse173098,mikl_gse173098|mikl_gse173098|neurite_soma_mpra|GFP 3UTR MPRA|Neuro-2a|mikl:Ogt:650.0:a82bcb6ac09d7ad2,f69b60ce97417374,2,3,2,AVAILABLE
mikl_gse173098,mikl_gse173098|mikl_gse173098|neurite_soma_mpra|GFP 3UTR MPRA|Neuro-2a|mikl:Ogt:700.0:ca3364b00a6fd180,f69b60ce97417374,3,3,3,AVAILABLE
mikl_gse173098,mikl_gse173098|mikl_gse173098|neurite_soma_mpra|GFP 3UTR MPRA|Neuro-2a|mikl:Ogt:850.0:a4cb0dcab0af6d09,f69b60ce97417374,5,3,5,AVAILABLE
mikl_gse173098,mikl_gse173098|mikl_gse173098|neurite_soma_mpra|GFP 3UTR MPRA|Neuro-2a|mikl:Ogt:900.0:49374bc09d74d90f,f69b60ce97417374,7,3,7,AVAILABLE
mikl_gse173098,mikl_gse173098|mikl_gse173098|neurite_soma_mpra|GFP 3UTR MPRA|Neuro-2a|mikl:Ogt:950.0:f959cd6866a59c9c,f69b60ce97417374,4,3,4,AVAILABLE
mikl_gse173098,mikl_gse173098|mikl_gse173098|neurite_soma_mpra|GFP 3UTR MPRA|Neuro-2a|mikl:Oprd1:0.0:86c542cb075519fd,cf7e1de2db4f4d86,4,3,4,AVAILABLE
mikl_gse173098,mikl_gse173098|mikl_gse173098|neurite_soma_mpra|GFP 3UTR MPRA|Neuro-2a|mikl:Oprd1:100.0:fc22ac6cb252fe3b,cf7e1de2db4f4d86,5,3,5,AVAILABLE
mikl_gse173098,mikl_gse173098|mikl_gse173098|neurite_soma_mpra|GFP 3UTR MPRA|Neuro-2a|mikl:Oprd1:1750.0:99129988fc960c94,cf7e1de2db4f4d86,2,3,2,AVAILABLE
mikl_gse173098,mikl_gse173098|mikl_gse173098|neurite_soma_mpra|GFP 3UTR MPRA|Neuro-2a|mikl:Oprd1:1800.0:1253ac32b8a1632e,cf7e1de2db4f4d86,3,3,3,AVAILABLE
mikl_gse173098,mikl_gse173098|mikl_gse173098|neurite_soma_mpra|GFP 3UTR MPRA|Neuro-2a|mikl:Oprd1:1850.0:23343cbec754acd4,cf7e1de2db4f4d86,4,3,4,AVAILABLE
mikl_gse173098,mikl_gse173098|mikl_gse173098|neurite_soma_mpra|GFP 3UTR MPRA|Neuro-2a|mikl:Oprd1:1900.0:6e4e66b8cf667217,cf7e1de2db4f4d86,2,3,2,AVAILABLE
mikl_gse173098,mikl_gse173098|mikl_gse173098|neurite_soma_mpra|GFP 3UTR MPRA|Neuro-2a|mikl:Oprd1:1950.0:7c34749f5812d1cb,cf7e1de2db4f4d86,2,3,2,AVAILABLE
mikl_gse173098,mikl_gse173098|mikl_gse173098|neurite_soma_mpra|GFP 3UTR MPRA|Neuro-2a|mikl:Oprd1:2050.0:19e1f7e4ca7b758e,cf7e1de2db4f4d86,2,3,2,AVAILABLE
mikl_gse173098,mikl_gse173098|mikl_gse173098|neurite_soma_mpra|GFP 3UTR MPRA|Neuro-2a|mikl:Oprd1:300.0:01cf4d348ed71b3b,cf7e1de2db4f4d86,2,3,2,AVAILABLE
mikl_gse173098,mikl_gse173098|mikl_gse173098|neurite_soma_mpra|GFP 3UTR MPRA|Neuro-2a|mikl:Oprd1:350.0:e8898809f999c352,cf7e1de2db4f4d86,4,3,4,AVAILABLE
mikl_gse173098,mikl_gse173098|mikl_gse173098|neurite_soma_mpra|GFP 3UTR MPRA|Neuro-2a|mikl:Oprd1:400.0:f1b631cb3dce37f3,cf7e1de2db4f4d86,3,3,3,AVAILABLE
mikl_gse173098,mikl_gse173098|mikl_gse173098|neurite_soma_mpra|GFP 3UTR MPRA|Neuro-2a|mikl:Oprd1:50.0:50d65de5d7a35c82,cf7e1de2db4f4d86,3,3,3,AVAILABLE
mikl_gse173098,mikl_gse173098|mikl_gse173098|neurite_soma_mpra|GFP 3UTR MPRA|Neuro-2a|mikl:Oprd1:750.0:300e1e93941e6666,cf7e1de2db4f4d86,2,3,2,AVAILABLE
mikl_gse173098,mikl_gse173098|mikl_gse173098|neurite_soma_mpra|GFP 3UTR MPRA|Neuro-2a|mikl:Otc:0.0:718a80f240df0c96,02df9a5dbd04efca,2,3,2,AVAILABLE
mikl_gse173098,mikl_gse173098|mikl_gse173098|neurite_soma_mpra|GFP 3UTR MPRA|Neuro-2a|mikl:Oxct1:100.0:bc7862710037bdfe,61aab16ca5f719c2,4,3,4,AVAILABLE
mikl_gse173098,mikl_gse173098|mikl_gse173098|neurite_soma_mpra|GFP 3UTR MPRA|Neuro-2a|mikl:Oxct1:1400.0:579ca06415e12ab9,61aab16ca5f719c2,5,3,5,AVAILABLE
mikl_gse173098,mikl_gse173098|mikl_gse173098|neurite_soma_mpra|GFP 3UTR MPRA|Neuro-2a|mikl:Oxct1:150.0:bf6400ecaa93d36b,61aab16ca5f719c2,3,3,3,AVAILABLE
mikl_gse173098,mikl_gse173098|mikl_gse173098|neurite_soma_mpra|GFP 3UTR MPRA|Neuro-2a|mikl:Oxct1:200.0:e938c37794af9ca2,61aab16ca5f719c2,3,3,3,AVAILABLE
mikl_gse173098,mikl_gse173098|mikl_gse173098|neurite_soma_mpra|GFP 3UTR MPRA|Neuro-2a|mikl:Oxct1:300.0:5599013ef7e5dc29,61aab16ca5f719c2,2,3,2,AVAILABLE
mikl_gse173098,mikl_gse173098|mikl_gse173098|neurite_soma_mpra|GFP 3UTR MPRA|Neuro-2a|mikl:Oxct1:50.0:b8a46876b03fc386,61aab16ca5f719c2,2,3,2,AVAILABLE
mikl_gse173098,mikl_gse173098|mikl_gse173098|neurite_soma_mpra|GFP 3UTR MPRA|Neuro-2a|mikl:Oxct1:550.0:72892e6aeab23d5b,61aab16ca5f719c2,5,3,5,AVAILABLE
mikl_gse173098,mikl_gse173098|mikl_gse173098|neurite_soma_mpra|GFP 3UTR MPRA|Neuro-2a|mikl:Oxct1:600.0:3c5296440f3be2ed,61aab16ca5f719c2,5,3,5,AVAILABLE
mikl_gse173098,mikl_gse173098|mikl_gse173098|neurite_soma_mpra|GFP 3UTR MPRA|Neuro-2a|mikl:Oxct1:650.0:b93539ed513746d7,61aab16ca5f719c2,6,3,6,AVAILABLE
mikl_gse173098,mikl_gse173098|mikl_gse173098|neurite_soma_mpra|GFP 3UTR MPRA|Neuro-2a|mikl:Oxct1:700.0:efdfcfa0030885b4,61aab16ca5f719c2,2,3,2,AVAILABLE
mikl_gse173098,mikl_gse173098|mikl_gse173098|neurite_soma_mpra|GFP 3UTR MPRA|Neuro-2a|mikl:Oxct1:750.0:dfea26cd11bd1df5,61aab16ca5f719c2,2,3,2,AVAILABLE
mikl_gse173098,mikl_gse173098|mikl_gse173098|neurite_soma_mpra|GFP 3UTR MPRA|Neuro-2a|mikl:Oxct1:800.0:ed5dfb2e7eeef0d8,61aab16ca5f719c2,2,3,2,AVAILABLE
mikl_gse173098,mikl_gse173098|mikl_gse173098|neurite_soma_mpra|GFP 3UTR MPRA|Neuro-2a|mikl:Pacsin1:0.0:6c3321afff5d3140,a7eb9ab7354a60a1,3,3,3,AVAILABLE
mikl_gse173098,mikl_gse173098|mikl_gse173098|neurite_soma_mpra|GFP 3UTR MPRA|Neuro-2a|mikl:Pacsin1:100.0:ba4b294f531d71d9,a7eb9ab7354a60a1,3,3,3,AVAILABLE
mikl_gse173098,mikl_gse173098|mikl_gse173098|neurite_soma_mpra|GFP 3UTR MPRA|Neuro-2a|mikl:Pacsin1:1150.0:50990916862d6ca1,a7eb9ab7354a60a1,4,3,4,AVAILABLE
mikl_gse173098,mikl_gse173098|mikl_gse173098|neurite_soma_mpra|GFP 3UTR MPRA|Neuro-2a|mikl:Pacsin1:1200.0:4fb4b494da31ae8f,a7eb9ab7354a60a1,3,3,3,AVAILABLE
mikl_gse173098,mikl_gse173098|mikl_gse173098|neurite_soma_mpra|GFP 3UTR MPRA|Neuro-2a|mikl:Pacsin1:150.0:e948e04e46ba827a,a7eb9ab7354a60a1,2,3,2,AVAILABLE
mikl_gse173098,mikl_gse173098|mikl_gse173098|neurite_soma_mpra|GFP 3UTR MPRA|Neuro-2a|mikl:Pacsin1:1800.0:340cf9c28298a345,a7eb9ab7354a60a1,2,3,2,AVAILABLE
mikl_gse173098,mikl_gse173098|mikl_gse173098|neurite_soma_mpra|GFP 3UTR MPRA|Neuro-2a|mikl:Pacsin1:1850.0:54e94c0e03e25ed8,a7eb9ab7354a60a1,2,3,2,AVAILABLE
mikl_gse173098,mikl_gse173098|mikl_gse173098|neurite_soma_mpra|GFP 3UTR MPRA|Neuro-2a|mikl:Pacsin1:2500.0:16c063045f30b4b5,a7eb9ab7354a60a1,5,3,5,AVAILABLE
mikl_gse173098,mikl_gse173098|mikl_gse173098|neurite_soma_mpra|GFP 3UTR MPRA|Neuro-2a|mikl:Pacsin1:2550.0:b8b1731f97bab9cd,a7eb9ab7354a60a1,5,3,5,AVAILABLE
mikl_gse173098,mikl_gse173098|mikl_gse173098|neurite_soma_mpra|GFP 3UTR MPRA|Neuro-2a|mikl:Pacsin1:2600.0:b43b71828c1d2d8b,a7eb9ab7354a60a1,5,3,5,AVAILABLE
mikl_gse173098,mikl_gse173098|mikl_gse173098|neurite_soma_mpra|GFP 3UTR MPRA|Neuro-2a|mikl:Pacsin1:400.0:dda3a95b04092d92,a7eb9ab7354a60a1,2,3,2,AVAILABLE
mikl_gse173098,mikl_gse173098|mikl_gse173098|neurite_soma_mpra|GFP 3UTR MPRA|Neuro-2a|mikl:Pacsin1:450.0:989d579c018967cb,a7eb9ab7354a60a1,2,3,2,AVAILABLE
mikl_gse173098,mikl_gse173098|mikl_gse173098|neurite_soma_mpra|GFP 3UTR MPRA|Neuro-2a|mikl:Pacsin1:50.0:f74c31e85fd2bae4,a7eb9ab7354a60a1,3,3,3,AVAILABLE
mikl_gse173098,mikl_gse173098|mikl_gse173098|neurite_soma_mpra|GFP 3UTR MPRA|Neuro-2a|mikl:Pacsin1:550.0:ef85c797316aceca,a7eb9ab7354a60a1,2,3,2,AVAILABLE
mikl_gse173098,mikl_gse173098|mikl_gse173098|neurite_soma_mpra|GFP 3UTR MPRA|Neuro-2a|mikl:Pacsin1:750.0:141beaa41ce1d0bf,a7eb9ab7354a60a1,2,3,2,AVAILABLE
mikl_gse173098,mikl_gse173098|mikl_gse173098|neurite_soma_mpra|GFP 3UTR MPRA|Neuro-2a|mikl:Pate2:650.0:9f6fe1bc1a12c3ae,6c9762cd3b7bcd1d,2,3,2,AVAILABLE
mikl_gse173098,mikl_gse173098|mikl_gse173098|neurite_soma_mpra|GFP 3UTR MPRA|Neuro-2a|mikl:Pate2:700.0:88b4a0ecb084a5ee,6c9762cd3b7bcd1d,2,3,2,AVAILABLE
mikl_gse173098,mikl_gse173098|mikl_gse173098|neurite_soma_mpra|GFP 3UTR MPRA|Neuro-2a|mikl:Pate2:800.0:12a510442d576a74,6c9762cd3b7bcd1d,2,3,2,AVAILABLE
mikl_gse173098,mikl_gse173098|mikl_gse173098|neurite_soma_mpra|GFP 3UTR MPRA|Neuro-2a|mikl:Pate2:850.0:42c4260a145c39a6,6c9762cd3b7bcd1d,2,3,2,AVAILABLE
mikl_gse173098,mikl_gse173098|mikl_gse173098|neurite_soma_mpra|GFP 3UTR MPRA|Neuro-2a|mikl:Pcdh15:0.0:ede9435d41f0fff7,908da0dbd9898b1c,3,3,3,AVAILABLE
mikl_gse173098,mikl_gse173098|mikl_gse173098|neurite_soma_mpra|GFP 3UTR MPRA|Neuro-2a|mikl:Pcdh15:1000.0:f131c575752036d9,908da0dbd9898b1c,4,3,4,AVAILABLE
mikl_gse173098,mikl_gse173098|mikl_gse173098|neurite_soma_mpra|GFP 3UTR MPRA|Neuro-2a|mikl:Pcdh15:1600.0:1e9f96883397efb0,908da0dbd9898b1c,2,3,2,AVAILABLE
mikl_gse173098,mikl_gse173098|mikl_gse173098|neurite_soma_mpra|GFP 3UTR MPRA|Neuro-2a|mikl:Pcdh15:1900.0:bf554517df2f4342,908da0dbd9898b1c,2,3,2,AVAILABLE
mikl_gse173098,mikl_gse173098|mikl_gse173098|neurite_soma_mpra|GFP 3UTR MPRA|Neuro-2a|mikl:Pcdh15:200.0:e3d043b35cf0ed15,908da0dbd9898b1c,2,3,2,AVAILABLE
mikl_gse173098,mikl_gse173098|mikl_gse173098|neurite_soma_mpra|GFP 3UTR MPRA|Neuro-2a|mikl:Pcdh15:300.0:4dbe76224f6dc913,908da0dbd9898b1c,3,3,3,AVAILABLE
mikl_gse173098,mikl_gse173098|mikl_gse173098|neurite_soma_mpra|GFP 3UTR MPRA|Neuro-2a|mikl:Pcdh15:300.0:ee1fb3b75f2dcd05,908da0dbd9898b1c,2,3,2,AVAILABLE
mikl_gse173098,mikl_gse173098|mikl_gse173098|neurite_soma_mpra|GFP 3UTR MPRA|Neuro-2a|mikl:Pcdh15:3300.0:f50a7e864e05062e,908da0dbd9898b1c,2,3,2,AVAILABLE
mikl_gse173098,mikl_gse173098|mikl_gse173098|neurite_soma_mpra|GFP 3UTR MPRA|Neuro-2a|mikl:Pcdh15:3300.0:ff2e0164d4b1ca2e,908da0dbd9898b1c,2,3,2,AVAILABLE
mikl_gse173098,mikl_gse173098|mikl_gse173098|neurite_soma_mpra|GFP 3UTR MPRA|Neuro-2a|mikl:Pcdh15:3350.0:079f117c0a6c23ad,908da0dbd9898b1c,2,3,2,AVAILABLE
mikl_gse173098,mikl_gse173098|mikl_gse173098|neurite_soma_mpra|GFP 3UTR MPRA|Neuro-2a|mikl:Pcdh15:3350.0:ba6d65a6f06be0d8,908da0dbd9898b1c,2,3,2,AVAILABLE
mikl_gse173098,mikl_gse173098|mikl_gse173098|neurite_soma_mpra|GFP 3UTR MPRA|Neuro-2a|mikl:Pcdh15:3400.0:a1233de4bcd07021,908da0dbd9898b1c,2,3,2,AVAILABLE
mikl_gse173098,mikl_gse173098|mikl_gse173098|neurite_soma_mpra|GFP 3UTR MPRA|Neuro-2a|mikl:Pcdh15:3400.0:d0ac19fed2e2c9f6,908da0dbd9898b1c,2,3,2,AVAILABLE
mikl_gse173098,mikl_gse173098|mikl_gse173098|neurite_soma_mpra|GFP 3UTR MPRA|Neuro-2a|mikl:Pcdh15:3450.0:17c623419c367b17,908da0dbd9898b1c,2,3,2,AVAILABLE
mikl_gse173098,mikl_gse173098|mikl_gse173098|neurite_soma_mpra|GFP 3UTR MPRA|Neuro-2a|mikl:Pcdh15:350.0:5d3ab87b0ad9ef73,908da0dbd9898b1c,2,3,2,AVAILABLE
mikl_gse173098,mikl_gse173098|mikl_gse173098|neurite_soma_mpra|GFP 3UTR MPRA|Neuro-2a|mikl:Pcdh15:350.0:6572b8aea6d544e1,908da0dbd9898b1c,2,3,2,AVAILABLE
mikl_gse173098,mikl_gse173098|mikl_gse173098|neurite_soma_mpra|GFP 3UTR MPRA|Neuro-2a|mikl:Pcdh15:350.0:bac67cb4bf691aa5,908da0dbd9898b1c,3,3,3,AVAILABLE
mikl_gse173098,mikl_gse173098|mikl_gse173098|neurite_soma_mpra|GFP 3UTR MPRA|Neuro-2a|mikl:Pcdh15:3500.0:2aa51dc5dd69aeea,908da0dbd9898b1c,2,3,2,AVAILABLE
mikl_gse173098,mikl_gse173098|mikl_gse173098|neurite_soma_mpra|GFP 3UTR MPRA|Neuro-2a|mikl:Pcdh15:3500.0:b376ef4fecc0847a,908da0dbd9898b1c,2,3,2,AVAILABLE
mikl_gse173098,mikl_gse173098|mikl_gse173098|neurite_soma_mpra|GFP 3UTR MPRA|Neuro-2a|mikl:Pcdh15:3950.0:e9a5fd0320afa5b2,908da0dbd9898b1c,3,3,3,AVAILABLE
mikl_gse173098,mikl_gse173098|mikl_gse173098|neurite_soma_mpra|GFP 3UTR MPRA|Neuro-2a|mikl:Pcdh15:3950.0:f485f46cd63339b7,908da0dbd9898b1c,3,3,3,AVAILABLE
mikl_gse173098,mikl_gse173098|mikl_gse173098|neurite_soma_mpra|GFP 3UTR MPRA|Neuro-2a|mikl:Pcdh15:4000.0:4a15c3631c8f0ffc,908da0dbd9898b1c,3,3,3,AVAILABLE
mikl_gse173098,mikl_gse173098|mikl_gse173098|neurite_soma_mpra|GFP 3UTR MPRA|Neuro-2a|mikl:Pcdh15:4000.0:b2d22f873639a8b9,908da0dbd9898b1c,2,3,2,AVAILABLE
mikl_gse173098,mikl_gse173098|mikl_gse173098|neurite_soma_mpra|GFP 3UTR MPRA|Neuro-2a|mikl:Pcdh15:4050.0:25be1582e39db1cc,908da0dbd9898b1c,3,3,3,AVAILABLE
mikl_gse173098,mikl_gse173098|mikl_gse173098|neurite_soma_mpra|GFP 3UTR MPRA|Neuro-2a|mikl:Pcdh15:4050.0:bef85683b2b9ffb5,908da0dbd9898b1c,3,3,3,AVAILABLE
mikl_gse173098,mikl_gse173098|mikl_gse173098|neurite_soma_mpra|GFP 3UTR MPRA|Neuro-2a|mikl:Pcdh15:450.0:cc267e20176e679d,908da0dbd9898b1c,2,3,2,AVAILABLE
mikl_gse173098,mikl_gse173098|mikl_gse173098|neurite_soma_mpra|GFP 3UTR MPRA|Neuro-2a|mikl:Pcdh15:50.0:59b25bc64439d203,908da0dbd9898b1c,2,3,2,AVAILABLE
mikl_gse173098,mikl_gse173098|mikl_gse173098|neurite_soma_mpra|GFP 3UTR MPRA|Neuro-2a|mikl:Pcdh15:500.0:d0abbd52c9336b0c,908da0dbd9898b1c,2,3,2,AVAILABLE
mikl_gse173098,mikl_gse173098|mikl_gse173098|neurite_soma_mpra|GFP 3UTR MPRA|Neuro-2a|mikl:Pcdh15:900.0:342ace2f80b2dd5a,908da0dbd9898b1c,3,3,3,AVAILABLE
mikl_gse173098,mikl_gse173098|mikl_gse173098|neurite_soma_mpra|GFP 3UTR MPRA|Neuro-2a|mikl:Pcdh15:950.0:4f6fdc1b366afb6c,908da0dbd9898b1c,4,3,4,AVAILABLE
mikl_gse173098,mikl_gse173098|mikl_gse173098|neurite_soma_mpra|GFP 3UTR MPRA|Neuro-2a|mikl:Pde1c:1550.0:3549465d5f75e9cd,3a6ec8915f61341c,2,3,2,AVAILABLE
mikl_gse173098,mikl_gse173098|mikl_gse173098|neurite_soma_mpra|GFP 3UTR MPRA|Neuro-2a|mikl:Pde1c:1600.0:88c549f3b8ceeb11,3a6ec8915f61341c,2,3,2,AVAILABLE
mikl_gse173098,mikl_gse173098|mikl_gse173098|neurite_soma_mpra|GFP 3UTR MPRA|Neuro-2a|mikl:Pde1c:1650.0:609312f759bcd319,3a6ec8915f61341c,2,3,2,AVAILABLE
mikl_gse173098,mikl_gse173098|mikl_gse173098|neurite_soma_mpra|GFP 3UTR MPRA|Neuro-2a|mikl:Pde1c:2050.0:c5ad80d0b4f3495c,3a6ec8915f61341c,2,3,2,AVAILABLE
mikl_gse173098,mikl_gse173098|mikl_gse173098|neurite_soma_mpra|GFP 3UTR MPRA|Neuro-2a|mikl:Pde1c:2100.0:7b8a9776f52e347e,3a6ec8915f61341c,2,3,2,AVAILABLE
mikl_gse173098,mikl_gse173098|mikl_gse173098|neurite_soma_mpra|GFP 3UTR MPRA|Neuro-2a|mikl:Pde1c:2150.0:08c070e122cdc155,3a6ec8915f61341c,3,3,3,AVAILABLE
mikl_gse173098,mikl_gse173098|mikl_gse173098|neurite_soma_mpra|GFP 3UTR MPRA|Neuro-2a|mikl:Pde1c:2600.0:2d3374086bde9a6c,3a6ec8915f61341c,2,3,2,AVAILABLE
mikl_gse173098,mikl_gse173098|mikl_gse173098|neurite_soma_mpra|GFP 3UTR MPRA|Neuro-2a|mikl:Pde1c:2650.0:69c6807f454a6eaf,3a6ec8915f61341c,2,3,2,AVAILABLE
mikl_gse173098,mikl_gse173098|mikl_gse173098|neurite_soma_mpra|GFP 3UTR MPRA|Neuro-2a|mikl:Pde1c:3050.0:936a21539463237f,3a6ec8915f61341c,2,3,2,AVAILABLE
mikl_gse173098,mikl_gse173098|mikl_gse173098|neurite_soma_mpra|GFP 3UTR MPRA|Neuro-2a|mikl:Pde1c:3300.0:23781faded191111,3a6ec8915f61341c,2,3,2,AVAILABLE
mikl_gse173098,mikl_gse173098|mikl_gse173098|neurite_soma_mpra|GFP 3UTR MPRA|Neuro-2a|mikl:Pde1c:3550.0:6564106375f3bfa1,3a6ec8915f61341c,2,3,2,AVAILABLE
mikl_gse173098,mikl_gse173098|mikl_gse173098|neurite_soma_mpra|GFP 3UTR MPRA|Neuro-2a|mikl:Pde1c:3600.0:fb9c2d5d297248c5,3a6ec8915f61341c,2,3,2,AVAILABLE
mikl_gse173098,mikl_gse173098|mikl_gse173098|neurite_soma_mpra|GFP 3UTR MPRA|Neuro-2a|mikl:Pde1c:3650.0:5784c8df98f6744d,3a6ec8915f61341c,2,3,2,AVAILABLE
mikl_gse173098,mikl_gse173098|mikl_gse173098|neurite_soma_mpra|GFP 3UTR MPRA|Neuro-2a|mikl:Pde1c:5350.0:f725f197d2882e09,3a6ec8915f61341c,2,3,2,AVAILABLE
mikl_gse173098,mikl_gse173098|mikl_gse173098|neurite_soma_mpra|GFP 3UTR MPRA|Neuro-2a|mikl:Pde1c:5400.0:a7cc31ed7b2007fd,3a6ec8915f61341c,2,3,2,AVAILABLE
mikl_gse173098,mikl_gse173098|mikl_gse173098|neurite_soma_mpra|GFP 3UTR MPRA|Neuro-2a|mikl:Pde1c:900.0:303204524e46f5d5,3a6ec8915f61341c,2,3,2,AVAILABLE
mikl_gse173098,mikl_gse173098|mikl_gse173098|neurite_soma_mpra|GFP 3UTR MPRA|Neuro-2a|mikl:Pde2a:0.0:44be51b091b53a9f,3c1914abfaada767,2,3,2,AVAILABLE
mikl_gse173098,mikl_gse173098|mikl_gse173098|neurite_soma_mpra|GFP 3UTR MPRA|Neuro-2a|mikl:Pde2a:100.0:5fe68a7121bec412,3c1914abfaada767,2,3,2,AVAILABLE
mikl_gse173098,mikl_gse173098|mikl_gse173098|neurite_soma_mpra|GFP 3UTR MPRA|Neuro-2a|mikl:Pde2a:2650.0:5b4778ecdb73ea8d,3c1914abfaada767,2,3,2,AVAILABLE
mikl_gse173098,mikl_gse173098|mikl_gse173098|neurite_soma_mpra|GFP 3UTR MPRA|Neuro-2a|mikl:Pde2a:2750.0:6f6e808d6f6b3c93,3c1914abfaada767,2,3,2,AVAILABLE
mikl_gse173098,mikl_gse173098|mikl_gse173098|neurite_soma_mpra|GFP 3UTR MPRA|Neuro-2a|mikl:Pde2a:3550.0:3512568918d0fb66,3c1914abfaada767,2,3,2,AVAILABLE
mikl_gse173098,mikl_gse173098|mikl_gse173098|neurite_soma_mpra|GFP 3UTR MPRA|Neuro-2a|mikl:Pde2a:400.0:3dc5468c33503c1f,3c1914abfaada767,2,3,2,AVAILABLE
mikl_gse173098,mikl_gse173098|mikl_gse173098|neurite_soma_mpra|GFP 3UTR MPRA|Neuro-2a|mikl:Pde2a:450.0:2623da60a23f9e62,3c1914abfaada767,2,3,2,AVAILABLE
mikl_gse173098,mikl_gse173098|mikl_gse173098|neurite_soma_mpra|GFP 3UTR MPRA|Neuro-2a|mikl:Pde2a:750.0:57221c82ca3834c1,3c1914abfaada767,2,3,2,AVAILABLE
mikl_gse173098,mikl_gse173098|mikl_gse173098|neurite_soma_mpra|GFP 3UTR MPRA|Neuro-2a|mikl:Pde2a:900.0:ba19096fd61bc10b,3c1914abfaada767,2,3,2,AVAILABLE
mikl_gse173098,mikl_gse173098|mikl_gse173098|neurite_soma_mpra|GFP 3UTR MPRA|Neuro-2a|mikl:Pdp1:0.0:b3c6ceb9429608f8,a63d17d83c0d8de0,4,3,4,AVAILABLE
mikl_gse173098,mikl_gse173098|mikl_gse173098|neurite_soma_mpra|GFP 3UTR MPRA|Neuro-2a|mikl:Pdp1:1000.0:98f5d3fdad4d772f,a63d17d83c0d8de0,2,3,2,AVAILABLE
mikl_gse173098,mikl_gse173098|mikl_gse173098|neurite_soma_mpra|GFP 3UTR MPRA|Neuro-2a|mikl:Pdp1:1150.0:46ded8f44f4b9c88,a63d17d83c0d8de0,2,3,2,AVAILABLE
mikl_gse173098,mikl_gse173098|mikl_gse173098|neurite_soma_mpra|GFP 3UTR MPRA|Neuro-2a|mikl:Pdp1:1200.0:1c13ef4992d85f79,a63d17d83c0d8de0,3,3,3,AVAILABLE
mikl_gse173098,mikl_gse173098|mikl_gse173098|neurite_soma_mpra|GFP 3UTR MPRA|Neuro-2a|mikl:Pdp1:1250.0:c10be6562be8e7ea,a63d17d83c0d8de0,5,3,5,AVAILABLE
mikl_gse173098,mikl_gse173098|mikl_gse173098|neurite_soma_mpra|GFP 3UTR MPRA|Neuro-2a|mikl:Pdp1:1300.0:63e1dda4eca80313,a63d17d83c0d8de0,5,3,5,AVAILABLE
mikl_gse173098,mikl_gse173098|mikl_gse173098|neurite_soma_mpra|GFP 3UTR MPRA|Neuro-2a|mikl:Pdp1:1350.0:e29233e2e8deb8e6,a63d17d83c0d8de0,4,3,4,AVAILABLE
mikl_gse173098,mikl_gse173098|mikl_gse173098|neurite_soma_mpra|GFP 3UTR MPRA|Neuro-2a|mikl:Pdp1:1400.0:6fc16599741b592d,a63d17d83c0d8de0,3,3,3,AVAILABLE
mikl_gse173098,mikl_gse173098|mikl_gse173098|neurite_soma_mpra|GFP 3UTR MPRA|Neuro-2a|mikl:Pdp1:1450.0:71f0362dc62704b2,a63d17d83c0d8de0,3,3,3,AVAILABLE
mikl_gse173098,mikl_gse173098|mikl_gse173098|neurite_soma_mpra|GFP 3UTR MPRA|Neuro-2a|mikl:Pdp1:150.0:00c42491fbe10f61,a63d17d83c0d8de0,2,3,2,AVAILABLE
mikl_gse173098,mikl_gse173098|mikl_gse173098|neurite_soma_mpra|GFP 3UTR MPRA|Neuro-2a|mikl:Pdp1:1500.0:9f84c3668913a3e8,a63d17d83c0d8de0,3,3,3,AVAILABLE
mikl_gse173098,mikl_gse173098|mikl_gse173098|neurite_soma_mpra|GFP 3UTR MPRA|Neuro-2a|mikl:Pdp1:1600.0:f12ec505c587b7b5,a63d17d83c0d8de0,2,3,2,AVAILABLE
mikl_gse173098,mikl_gse173098|mikl_gse173098|neurite_soma_mpra|GFP 3UTR MPRA|Neuro-2a|mikl:Pdp1:1650.0:d8e2fd50f7d50c99,a63d17d83c0d8de0,4,3,4,AVAILABLE
mikl_gse173098,mikl_gse173098|mikl_gse173098|neurite_soma_mpra|GFP 3UTR MPRA|Neuro-2a|mikl:Pdp1:1750.0:6405427364bc651b,a63d17d83c0d8de0,2,3,2,AVAILABLE
mikl_gse173098,mikl_gse173098|mikl_gse173098|neurite_soma_mpra|GFP 3UTR MPRA|Neuro-2a|mikl:Pdp1:200.0:ba57c94f5018ef3a,a63d17d83c0d8de0,3,3,3,AVAILABLE
mikl_gse173098,mikl_gse173098|mikl_gse173098|neurite_soma_mpra|GFP 3UTR MPRA|Neuro-2a|mikl:Pdp1:2050.0:992113d050d5860a,a63d17d83c0d8de0,3,3,3,AVAILABLE
mikl_gse173098,mikl_gse173098|mikl_gse173098|neurite_soma_mpra|GFP 3UTR MPRA|Neuro-2a|mikl:Pdp1:2100.0:7c6a389aec5630c6,a63d17d83c0d8de0,5,3,5,AVAILABLE
mikl_gse173098,mikl_gse173098|mikl_gse173098|neurite_soma_mpra|GFP 3UTR MPRA|Neuro-2a|mikl:Pdp1:2150.0:695e1d8e2257222e,a63d17d83c0d8de0,2,3,2,AVAILABLE
mikl_gse173098,mikl_gse173098|mikl_gse173098|neurite_soma_mpra|GFP 3UTR MPRA|Neuro-2a|mikl:Pdp1:250.0:d2901ce19efcf104,a63d17d83c0d8de0,2,3,2,AVAILABLE
mikl_gse173098,mikl_gse173098|mikl_gse173098|neurite_soma_mpra|GFP 3UTR MPRA|Neuro-2a|mikl:Pdp1:300.0:67d6ff2852267805,a63d17d83c0d8de0,7,3,7,AVAILABLE
mikl_gse173098,mikl_gse173098|mikl_gse173098|neurite_soma_mpra|GFP 3UTR MPRA|Neuro-2a|mikl:Pdp1:350.0:8946a16a90c818d8,a63d17d83c0d8de0,7,3,7,AVAILABLE
mikl_gse173098,mikl_gse173098|mikl_gse173098|neurite_soma_mpra|GFP 3UTR MPRA|Neuro-2a|mikl:Pdp1:400.0:ac9a37d5507e72a5,a63d17d83c0d8de0,7,3,7,AVAILABLE
mikl_gse173098,mikl_gse173098|mikl_gse173098|neurite_soma_mpra|GFP 3UTR MPRA|Neuro-2a|mikl:Pdp1:450.0:fa0c00e95216c1ad,a63d17d83c0d8de0,2,3,2,AVAILABLE
mikl_gse173098,mikl_gse173098|mikl_gse173098|neurite_soma_mpra|GFP 3UTR MPRA|Neuro-2a|mikl:Pdp1:50.0:e02b3d79014bd9fc,a63d17d83c0d8de0,2,3,2,AVAILABLE
mikl_gse173098,mikl_gse173098|mikl_gse173098|neurite_soma_mpra|GFP 3UTR MPRA|Neuro-2a|mikl:Pdp1:500.0:a41db1e2bd938b8a,a63d17d83c0d8de0,2,3,2,AVAILABLE
mikl_gse173098,mikl_gse173098|mikl_gse173098|neurite_soma_mpra|GFP 3UTR MPRA|Neuro-2a|mikl:Pdp1:550.0:646b2d8fec9b0072,a63d17d83c0d8de0,4,3,4,AVAILABLE
mikl_gse173098,mikl_gse173098|mikl_gse173098|neurite_soma_mpra|GFP 3UTR MPRA|Neuro-2a|mikl:Pdp1:600.0:5f78bcb5675b0c9b,a63d17d83c0d8de0,4,3,4,AVAILABLE
mikl_gse173098,mikl_gse173098|mikl_gse173098|neurite_soma_mpra|GFP 3UTR MPRA|Neuro-2a|mikl:Pdp1:650.0:bd002ded6149d0d9,a63d17d83c0d8de0,4,3,4,AVAILABLE
mikl_gse173098,mikl_gse173098|mikl_gse173098|neurite_soma_mpra|GFP 3UTR MPRA|Neuro-2a|mikl:Pdp1:700.0:1c8183dd1cb7df83,a63d17d83c0d8de0,2,3,2,AVAILABLE
mikl_gse173098,mikl_gse173098|mikl_gse173098|neurite_soma_mpra|GFP 3UTR MPRA|Neuro-2a|mikl:Pdp1:750.0:71ca543fc6a8958e,a63d17d83c0d8de0,2,3,2,AVAILABLE
mikl_gse173098,mikl_gse173098|mikl_gse173098|neurite_soma_mpra|GFP 3UTR MPRA|Neuro-2a|mikl:Pdp1:850.0:71893fee2bf71344,a63d17d83c0d8de0,2,3,2,AVAILABLE
mikl_gse173098,mikl_gse173098|mikl_gse173098|neurite_soma_mpra|GFP 3UTR MPRA|Neuro-2a|mikl:Pdp1:900.0:73b502abf04bf1e1,a63d17d83c0d8de0,3,3,3,AVAILABLE
mikl_gse173098,mikl_gse173098|mikl_gse173098|neurite_soma_mpra|GFP 3UTR MPRA|Neuro-2a|mikl:Pdp1:950.0:6d5aa23a0a4b5bfc,a63d17d83c0d8de0,2,3,2,AVAILABLE
mikl_gse173098,mikl_gse173098|mikl_gse173098|neurite_soma_mpra|GFP 3UTR MPRA|Neuro-2a|mikl:Pdpk1:0.0:5e6212c1e0643181,461f487f8a34e092,4,3,4,AVAILABLE
mikl_gse173098,mikl_gse173098|mikl_gse173098|neurite_soma_mpra|GFP 3UTR MPRA|Neuro-2a|mikl:Pdpk1:100.0:75282331a5f542db,461f487f8a34e092,6,3,6,AVAILABLE
mikl_gse173098,mikl_gse173098|mikl_gse173098|neurite_soma_mpra|GFP 3UTR MPRA|Neuro-2a|mikl:Pdpk1:1000.0:435c27bc30c051f1,461f487f8a34e092,3,3,3,AVAILABLE
mikl_gse173098,mikl_gse173098|mikl_gse173098|neurite_soma_mpra|GFP 3UTR MPRA|Neuro-2a|mikl:Pdpk1:1100.0:810222e41666b45b,461f487f8a34e092,2,3,2,AVAILABLE
mikl_gse173098,mikl_gse173098|mikl_gse173098|neurite_soma_mpra|GFP 3UTR MPRA|Neuro-2a|mikl:Pdpk1:1150.0:82296023b854b05d,461f487f8a34e092,3,3,3,AVAILABLE
mikl_gse173098,mikl_gse173098|mikl_gse173098|neurite_soma_mpra|GFP 3UTR MPRA|Neuro-2a|mikl:Pdpk1:1200.0:feb424b38872e0bf,461f487f8a34e092,2,3,2,AVAILABLE
mikl_gse173098,mikl_gse173098|mikl_gse173098|neurite_soma_mpra|GFP 3UTR MPRA|Neuro-2a|mikl:Pdpk1:1300.0:2cad24bd8e60ee39,461f487f8a34e092,2,3,2,AVAILABLE
mikl_gse173098,mikl_gse173098|mikl_gse173098|neurite_soma_mpra|GFP 3UTR MPRA|Neuro-2a|mikl:Pdpk1:1350.0:93ccaa241cf02f1b,461f487f8a34e092,3,3,3,AVAILABLE
mikl_gse173098,mikl_gse173098|mikl_gse173098|neurite_soma_mpra|GFP 3UTR MPRA|Neuro-2a|mikl:Pdpk1:1450.0:c5b6f1c41986fb43,461f487f8a34e092,2,3,2,AVAILABLE
mikl_gse173098,mikl_gse173098|mikl_gse173098|neurite_soma_mpra|GFP 3UTR MPRA|Neuro-2a|mikl:Pdpk1:150.0:d027faa49d942189,461f487f8a34e092,6,3,6,AVAILABLE
mikl_gse173098,mikl_gse173098|mikl_gse173098|neurite_soma_mpra|GFP 3UTR MPRA|Neuro-2a|mikl:Pdpk1:1850.0:b1f621543c83db1d,461f487f8a34e092,2,3,2,AVAILABLE
mikl_gse173098,mikl_gse173098|mikl_gse173098|neurite_soma_mpra|GFP 3UTR MPRA|Neuro-2a|mikl:Pdpk1:2000.0:2e703629fb3354dc,461f487f8a34e092,2,3,2,AVAILABLE
mikl_gse173098,mikl_gse173098|mikl_gse173098|neurite_soma_mpra|GFP 3UTR MPRA|Neuro-2a|mikl:Pdpk1:2050.0:4731bea3e6d7be13,461f487f8a34e092,4,3,4,AVAILABLE
mikl_gse173098,mikl_gse173098|mikl_gse173098|neurite_soma_mpra|GFP 3UTR MPRA|Neuro-2a|mikl:Pdpk1:2100.0:273d4e487a4dc1b0,461f487f8a34e092,4,3,4,AVAILABLE
mikl_gse173098,mikl_gse173098|mikl_gse173098|neurite_soma_mpra|GFP 3UTR MPRA|Neuro-2a|mikl:Pdpk1:2150.0:c44d14bd581e279b,461f487f8a34e092,4,3,4,AVAILABLE
mikl_gse173098,mikl_gse173098|mikl_gse173098|neurite_soma_mpra|GFP 3UTR MPRA|Neuro-2a|mikl:Pdpk1:2200.0:3910a614d0b8bb4a,461f487f8a34e092,2,3,2,AVAILABLE
mikl_gse173098,mikl_gse173098|mikl_gse173098|neurite_soma_mpra|GFP 3UTR MPRA|Neuro-2a|mikl:Pdpk1:2400.0:01755e291fbbe5b5,461f487f8a34e092,2,3,2,AVAILABLE
mikl_gse173098,mikl_gse173098|mikl_gse173098|neurite_soma_mpra|GFP 3UTR MPRA|Neuro-2a|mikl:Pdpk1:2450.0:686df8d1b26654cb,461f487f8a34e092,2,3,2,AVAILABLE
mikl_gse173098,mikl_gse173098|mikl_gse173098|neurite_soma_mpra|GFP 3UTR MPRA|Neuro-2a|mikl:Pdpk1:2650.0:10f9639a9366731c,461f487f8a34e092,3,3,3,AVAILABLE
mikl_gse173098,mikl_gse173098|mikl_gse173098|neurite_soma_mpra|GFP 3UTR MPRA|Neuro-2a|mikl:Pdpk1:2700.0:1d29b31f24b6e4a4,461f487f8a34e092,4,3,4,AVAILABLE
mikl_gse173098,mikl_gse173098|mikl_gse173098|neurite_soma_mpra|GFP 3UTR MPRA|Neuro-2a|mikl:Pdpk1:2750.0:a49db52a8c7d9c9e,461f487f8a34e092,4,3,4,AVAILABLE
mikl_gse173098,mikl_gse173098|mikl_gse173098|neurite_soma_mpra|GFP 3UTR MPRA|Neuro-2a|mikl:Pdpk1:2800.0:10d810c2719edbc7,461f487f8a34e092,4,3,4,AVAILABLE
mikl_gse173098,mikl_gse173098|mikl_gse173098|neurite_soma_mpra|GFP 3UTR MPRA|Neuro-2a|mikl:Pdpk1:2850.0:e68cc9f3bb5d9f52,461f487f8a34e092,5,3,5,AVAILABLE
mikl_gse173098,mikl_gse173098|mikl_gse173098|neurite_soma_mpra|GFP 3UTR MPRA|Neuro-2a|mikl:Pdpk1:2900.0:bbdf3c71cf8e62c3,461f487f8a34e092,4,3,4,AVAILABLE
mikl_gse173098,mikl_gse173098|mikl_gse173098|neurite_soma_mpra|GFP 3UTR MPRA|Neuro-2a|mikl:Pdpk1:300.0:a3953dc04b22c3d3,461f487f8a34e092,2,3,2,AVAILABLE
mikl_gse173098,mikl_gse173098|mikl_gse173098|neurite_soma_mpra|GFP 3UTR MPRA|Neuro-2a|mikl:Pdpk1:3050.0:e6cfe30e562774d2,461f487f8a34e092,2,3,2,AVAILABLE
mikl_gse173098,mikl_gse173098|mikl_gse173098|neurite_soma_mpra|GFP 3UTR MPRA|Neuro-2a|mikl:Pdpk1:3150.0:07e7650e8d0a0624,461f487f8a34e092,2,3,2,AVAILABLE
mikl_gse173098,mikl_gse173098|mikl_gse173098|neurite_soma_mpra|GFP 3UTR MPRA|Neuro-2a|mikl:Pdpk1:3200.0:d2979b82626d936f,461f487f8a34e092,3,3,3,AVAILABLE
mikl_gse173098,mikl_gse173098|mikl_gse173098|neurite_soma_mpra|GFP 3UTR MPRA|Neuro-2a|mikl:Pdpk1:3250.0:4eeca2e3f5b0b95c,461f487f8a34e092,5,3,5,AVAILABLE
mikl_gse173098,mikl_gse173098|mikl_gse173098|neurite_soma_mpra|GFP 3UTR MPRA|Neuro-2a|mikl:Pdpk1:3300.0:18d5b46f67eb1f00,461f487f8a34e092,5,3,5,AVAILABLE
mikl_gse173098,mikl_gse173098|mikl_gse173098|neurite_soma_mpra|GFP 3UTR MPRA|Neuro-2a|mikl:Pdpk1:3350.0:c855716ad8424231,461f487f8a34e092,2,3,2,AVAILABLE
mikl_gse173098,mikl_gse173098|mikl_gse173098|neurite_soma_mpra|GFP 3UTR MPRA|Neuro-2a|mikl:Pdpk1:3400.0:2ecb9dc0d900c1a4,461f487f8a34e092,3,3,3,AVAILABLE
mikl_gse173098,mikl_gse173098|mikl_gse173098|neurite_soma_mpra|GFP 3UTR MPRA|Neuro-2a|mikl:Pdpk1:350.0:639fffcc48588363,461f487f8a34e092,2,3,2,AVAILABLE
mikl_gse173098,mikl_gse173098|mikl_gse173098|neurite_soma_mpra|GFP 3UTR MPRA|Neuro-2a|mikl:Pdpk1:3500.0:48276206e5d48e11,461f487f8a34e092,2,3,2,AVAILABLE
mikl_gse173098,mikl_gse173098|mikl_gse173098|neurite_soma_mpra|GFP 3UTR MPRA|Neuro-2a|mikl:Pdpk1:3550.0:ca4b0ff17157a2e8,461f487f8a34e092,2,3,2,AVAILABLE
mikl_gse173098,mikl_gse173098|mikl_gse173098|neurite_soma_mpra|GFP 3UTR MPRA|Neuro-2a|mikl:Pdpk1:3700.0:fea6759508140353,461f487f8a34e092,2,3,2,AVAILABLE
mikl_gse173098,mikl_gse173098|mikl_gse173098|neurite_soma_mpra|GFP 3UTR MPRA|Neuro-2a|mikl:Pdpk1:3750.0:43afa4496770bcfa,461f487f8a34e092,5,3,5,AVAILABLE
mikl_gse173098,mikl_gse173098|mikl_gse173098|neurite_soma_mpra|GFP 3UTR MPRA|Neuro-2a|mikl:Pdpk1:3800.0:70366be7cdcaab91,461f487f8a34e092,5,3,5,AVAILABLE
mikl_gse173098,mikl_gse173098|mikl_gse173098|neurite_soma_mpra|GFP 3UTR MPRA|Neuro-2a|mikl:Pdpk1:3850.0:0fc99b4e4561f4a0,461f487f8a34e092,6,3,6,AVAILABLE
mikl_gse173098,mikl_gse173098|mikl_gse173098|neurite_soma_mpra|GFP 3UTR MPRA|Neuro-2a|mikl:Pdpk1:3900.0:e683d7e99ded0849,461f487f8a34e092,3,3,3,AVAILABLE
mikl_gse173098,mikl_gse173098|mikl_gse173098|neurite_soma_mpra|GFP 3UTR MPRA|Neuro-2a|mikl:Pdpk1:400.0:9e40f7d778736fa6,461f487f8a34e092,2,3,2,AVAILABLE
mikl_gse173098,mikl_gse173098|mikl_gse173098|neurite_soma_mpra|GFP 3UTR MPRA|Neuro-2a|mikl:Pdpk1:450.0:c4dc66962d41c19f,461f487f8a34e092,4,3,4,AVAILABLE
mikl_gse173098,mikl_gse173098|mikl_gse173098|neurite_soma_mpra|GFP 3UTR MPRA|Neuro-2a|mikl:Pdpk1:4650.0:e00d7a5252c50503,461f487f8a34e092,4,3,4,AVAILABLE
mikl_gse173098,mikl_gse173098|mikl_gse173098|neurite_soma_mpra|GFP 3UTR MPRA|Neuro-2a|mikl:Pdpk1:4700.0:5abec660e77f47b6,461f487f8a34e092,3,3,3,AVAILABLE
mikl_gse173098,mikl_gse173098|mikl_gse173098|neurite_soma_mpra|GFP 3UTR MPRA|Neuro-2a|mikl:Pdpk1:4750.0:4b674fab32ee622e,461f487f8a34e092,2,3,2,AVAILABLE
mikl_gse173098,mikl_gse173098|mikl_gse173098|neurite_soma_mpra|GFP 3UTR MPRA|Neuro-2a|mikl:Pdpk1:4800.0:0d9eebe36ba061d1,461f487f8a34e092,5,3,5,AVAILABLE
mikl_gse173098,mikl_gse173098|mikl_gse173098|neurite_soma_mpra|GFP 3UTR MPRA|Neuro-2a|mikl:Pdpk1:4850.0:18827f9dedb3725e,461f487f8a34e092,8,3,8,AVAILABLE
mikl_gse173098,mikl_gse173098|mikl_gse173098|neurite_soma_mpra|GFP 3UTR MPRA|Neuro-2a|mikl:Pdpk1:4900.0:248c60bd0a10bf37,461f487f8a34e092,8,3,8,AVAILABLE
mikl_gse173098,mikl_gse173098|mikl_gse173098|neurite_soma_mpra|GFP 3UTR MPRA|Neuro-2a|mikl:Pdpk1:50.0:159604f8c97b3321,461f487f8a34e092,6,3,6,AVAILABLE
mikl_gse173098,mikl_gse173098|mikl_gse173098|neurite_soma_mpra|GFP 3UTR MPRA|Neuro-2a|mikl:Pdpk1:500.0:0896ec755060d560,461f487f8a34e092,5,3,5,AVAILABLE
mikl_gse173098,mikl_gse173098|mikl_gse173098|neurite_soma_mpra|GFP 3UTR MPRA|Neuro-2a|mikl:Pdpk1:5050.0:766d24284c96d412,461f487f8a34e092,4,3,4,AVAILABLE
mikl_gse173098,mikl_gse173098|mikl_gse173098|neurite_soma_mpra|GFP 3UTR MPRA|Neuro-2a|mikl:Pdpk1:5100.0:a2275b2b88c71a16,461f487f8a34e092,7,3,7,AVAILABLE
mikl_gse173098,mikl_gse173098|mikl_gse173098|neurite_soma_mpra|GFP 3UTR MPRA|Neuro-2a|mikl:Pdpk1:5150.0:e557324d8fa603a8,461f487f8a34e092,6,3,6,AVAILABLE
mikl_gse173098,mikl_gse173098|mikl_gse173098|neurite_soma_mpra|GFP 3UTR MPRA|Neuro-2a|mikl:Pdpk1:750.0:31e1c53e0a207436,461f487f8a34e092,2,3,2,AVAILABLE
mikl_gse173098,mikl_gse173098|mikl_gse173098|neurite_soma_mpra|GFP 3UTR MPRA|Neuro-2a|mikl:Pdpk1:800.0:e484e5e6bad27c7f,461f487f8a34e092,2,3,2,AVAILABLE
mikl_gse173098,mikl_gse173098|mikl_gse173098|neurite_soma_mpra|GFP 3UTR MPRA|Neuro-2a|mikl:Pdpk1:900.0:274961afd90f8ab6,461f487f8a34e092,4,3,4,AVAILABLE
mikl_gse173098,mikl_gse173098|mikl_gse173098|neurite_soma_mpra|GFP 3UTR MPRA|Neuro-2a|mikl:Pdpk1:950.0:967371313cf53755,461f487f8a34e092,4,3,4,AVAILABLE
mikl_gse173098,mikl_gse173098|mikl_gse173098|neurite_soma_mpra|GFP 3UTR MPRA|Neuro-2a|mikl:Pgap1:0.0:8f76bb011fef9dc3,4fdf05b044fa88a6,3,3,3,AVAILABLE
mikl_gse173098,mikl_gse173098|mikl_gse173098|neurite_soma_mpra|GFP 3UTR MPRA|Neuro-2a|mikl:Pgap1:1000.0:6a97fc64f5d11698,4fdf05b044fa88a6,2,3,2,AVAILABLE
mikl_gse173098,mikl_gse173098|mikl_gse173098|neurite_soma_mpra|GFP 3UTR MPRA|Neuro-2a|mikl:Pgap1:1300.0:8561b3ec5ec42478,4fdf05b044fa88a6,2,3,2,AVAILABLE
mikl_gse173098,mikl_gse173098|mikl_gse173098|neurite_soma_mpra|GFP 3UTR MPRA|Neuro-2a|mikl:Pgap1:1550.0:b139e59f6d02bffd,4fdf05b044fa88a6,4,3,4,AVAILABLE
mikl_gse173098,mikl_gse173098|mikl_gse173098|neurite_soma_mpra|GFP 3UTR MPRA|Neuro-2a|mikl:Pgap1:1600.0:4ba70148e49d1706,4fdf05b044fa88a6,4,3,4,AVAILABLE
mikl_gse173098,mikl_gse173098|mikl_gse173098|neurite_soma_mpra|GFP 3UTR MPRA|Neuro-2a|mikl:Pgap1:1650.0:41967e1b6cab1a20,4fdf05b044fa88a6,3,3,3,AVAILABLE
mikl_gse173098,mikl_gse173098|mikl_gse173098|neurite_soma_mpra|GFP 3UTR MPRA|Neuro-2a|mikl:Pgap1:1900.0:cd08747022600f57,4fdf05b044fa88a6,2,3,2,AVAILABLE
mikl_gse173098,mikl_gse173098|mikl_gse173098|neurite_soma_mpra|GFP 3UTR MPRA|Neuro-2a|mikl:Pgap1:1950.0:233558a32e72cb9c,4fdf05b044fa88a6,2,3,2,AVAILABLE
mikl_gse173098,mikl_gse173098|mikl_gse173098|neurite_soma_mpra|GFP 3UTR MPRA|Neuro-2a|mikl:Pgap1:2000.0:a5d25779afea9c45,4fdf05b044fa88a6,3,3,3,AVAILABLE
mikl_gse173098,mikl_gse173098|mikl_gse173098|neurite_soma_mpra|GFP 3UTR MPRA|Neuro-2a|mikl:Pgap1:2100.0:e8264a4a1511486b,4fdf05b044fa88a6,2,3,2,AVAILABLE
mikl_gse173098,mikl_gse173098|mikl_gse173098|neurite_soma_mpra|GFP 3UTR MPRA|Neuro-2a|mikl:Pgap1:2150.0:28961a91c043d556,4fdf05b044fa88a6,4,3,4,AVAILABLE
mikl_gse173098,mikl_gse173098|mikl_gse173098|neurite_soma_mpra|GFP 3UTR MPRA|Neuro-2a|mikl:Pgap1:2200.0:963ad10d1a880e24,4fdf05b044fa88a6,6,3,6,AVAILABLE
mikl_gse173098,mikl_gse173098|mikl_gse173098|neurite_soma_mpra|GFP 3UTR MPRA|Neuro-2a|mikl:Pgap1:2250.0:7b4dc21187d5db1b,4fdf05b044fa88a6,7,3,7,AVAILABLE
mikl_gse173098,mikl_gse173098|mikl_gse173098|neurite_soma_mpra|GFP 3UTR MPRA|Neuro-2a|mikl:Pgap1:2300.0:a6cae8bef6cf2bc8,4fdf05b044fa88a6,5,3,5,AVAILABLE
mikl_gse173098,mikl_gse173098|mikl_gse173098|neurite_soma_mpra|GFP 3UTR MPRA|Neuro-2a|mikl:Pgap1:2350.0:72af9eddd82a3e9f,4fdf05b044fa88a6,4,3,4,AVAILABLE
mikl_gse173098,mikl_gse173098|mikl_gse173098|neurite_soma_mpra|GFP 3UTR MPRA|Neuro-2a|mikl:Pgap1:2400.0:9ab8ca47246669d3,4fdf05b044fa88a6,4,3,4,AVAILABLE
mikl_gse173098,mikl_gse173098|mikl_gse173098|neurite_soma_mpra|GFP 3UTR MPRA|Neuro-2a|mikl:Pgap1:2450.0:74267367ff11a1ab,4fdf05b044fa88a6,3,3,3,AVAILABLE
mikl_gse173098,mikl_gse173098|mikl_gse173098|neurite_soma_mpra|GFP 3UTR MPRA|Neuro-2a|mikl:Pgap1:2500.0:9a82463b113fb0eb,4fdf05b044fa88a6,3,3,3,AVAILABLE
mikl_gse173098,mikl_gse173098|mikl_gse173098|neurite_soma_mpra|GFP 3UTR MPRA|Neuro-2a|mikl:Pgap1:2750.0:6c59ab515d647124,4fdf05b044fa88a6,2,3,2,AVAILABLE
mikl_gse173098,mikl_gse173098|mikl_gse173098|neurite_soma_mpra|GFP 3UTR MPRA|Neuro-2a|mikl:Pgap1:2800.0:19dc067945feeb94,4fdf05b044fa88a6,4,3,4,AVAILABLE
mikl_gse173098,mikl_gse173098|mikl_gse173098|neurite_soma_mpra|GFP 3UTR MPRA|Neuro-2a|mikl:Pgap1:2850.0:76d15832be2bb488,4fdf05b044fa88a6,4,3,4,AVAILABLE
mikl_gse173098,mikl_gse173098|mikl_gse173098|neurite_soma_mpra|GFP 3UTR MPRA|Neuro-2a|mikl:Pgap1:2900.0:8b4757ab03ea180b,4fdf05b044fa88a6,3,3,3,AVAILABLE
mikl_gse173098,mikl_gse173098|mikl_gse173098|neurite_soma_mpra|GFP 3UTR MPRA|Neuro-2a|mikl:Pgap1:2950.0:8dcfd79affa234eb,4fdf05b044fa88a6,3,3,3,AVAILABLE
mikl_gse173098,mikl_gse173098|mikl_gse173098|neurite_soma_mpra|GFP 3UTR MPRA|Neuro-2a|mikl:Pgap1:3000.0:f106e656979142f6,4fdf05b044fa88a6,2,3,2,AVAILABLE
mikl_gse173098,mikl_gse173098|mikl_gse173098|neurite_soma_mpra|GFP 3UTR MPRA|Neuro-2a|mikl:Pgap1:3050.0:fad4cec6243584ab,4fdf05b044fa88a6,5,3,5,AVAILABLE
mikl_gse173098,mikl_gse173098|mikl_gse173098|neurite_soma_mpra|GFP 3UTR MPRA|Neuro-2a|mikl:Pgap1:3100.0:b59a7d72ead3cff8,4fdf05b044fa88a6,7,3,7,AVAILABLE
mikl_gse173098,mikl_gse173098|mikl_gse173098|neurite_soma_mpra|GFP 3UTR MPRA|Neuro-2a|mikl:Pgap1:3150.0:7f787a98f59e0adb,4fdf05b044fa88a6,3,3,3,AVAILABLE
mikl_gse173098,mikl_gse173098|mikl_gse173098|neurite_soma_mpra|GFP 3UTR MPRA|Neuro-2a|mikl:Pgap1:3200.0:a31964ebfdf46b02,4fdf05b044fa88a6,2,3,2,AVAILABLE
mikl_gse173098,mikl_gse173098|mikl_gse173098|neurite_soma_mpra|GFP 3UTR MPRA|Neuro-2a|mikl:Pgap1:3400.0:b138e28f20c7598b,4fdf05b044fa88a6,2,3,2,AVAILABLE
mikl_gse173098,mikl_gse173098|mikl_gse173098|neurite_soma_mpra|GFP 3UTR MPRA|Neuro-2a|mikl:Pgap1:3450.0:53fdb9124d3796e3,4fdf05b044fa88a6,3,3,3,AVAILABLE
mikl_gse173098,mikl_gse173098|mikl_gse173098|neurite_soma_mpra|GFP 3UTR MPRA|Neuro-2a|mikl:Pgap1:3500.0:222a0c6ac532ba9b,4fdf05b044fa88a6,5,3,5,AVAILABLE
mikl_gse173098,mikl_gse173098|mikl_gse173098|neurite_soma_mpra|GFP 3UTR MPRA|Neuro-2a|mikl:Pgap1:3550.0:560531f3567ed7a6,4fdf05b044fa88a6,2,3,2,AVAILABLE
mikl_gse173098,mikl_gse173098|mikl_gse173098|neurite_soma_mpra|GFP 3UTR MPRA|Neuro-2a|mikl:Pgap1:3600.0:dca5d4a49b312bd2,4fdf05b044fa88a6,2,3,2,AVAILABLE
mikl_gse173098,mikl_gse173098|mikl_gse173098|neurite_soma_mpra|GFP 3UTR MPRA|Neuro-2a|mikl:Pgap1:400.0:fb93b688731747ba,4fdf05b044fa88a6,2,3,2,AVAILABLE
mikl_gse173098,mikl_gse173098|mikl_gse173098|neurite_soma_mpra|GFP 3UTR MPRA|Neuro-2a|mikl:Pgap1:4200.0:e30374fe8993b9ea,4fdf05b044fa88a6,2,3,2,AVAILABLE
mikl_gse173098,mikl_gse173098|mikl_gse173098|neurite_soma_mpra|GFP 3UTR MPRA|Neuro-2a|mikl:Pgap1:4250.0:5921acd9d3d0c2fb,4fdf05b044fa88a6,3,3,3,AVAILABLE
mikl_gse173098,mikl_gse173098|mikl_gse173098|neurite_soma_mpra|GFP 3UTR MPRA|Neuro-2a|mikl:Pgap1:4300.0:932f6dbf77ef666e,4fdf05b044fa88a6,3,3,3,AVAILABLE
mikl_gse173098,mikl_gse173098|mikl_gse173098|neurite_soma_mpra|GFP 3UTR MPRA|Neuro-2a|mikl:Pgap1:4800.0:f621899f8c4da9f2,4fdf05b044fa88a6,2,3,2,AVAILABLE
mikl_gse173098,mikl_gse173098|mikl_gse173098|neurite_soma_mpra|GFP 3UTR MPRA|Neuro-2a|mikl:Pgap1:4900.0:bdf9e440a99cfab0,4fdf05b044fa88a6,5,3,5,AVAILABLE
mikl_gse173098,mikl_gse173098|mikl_gse173098|neurite_soma_mpra|GFP 3UTR MPRA|Neuro-2a|mikl:Pgap1:50.0:4c9395a9bd8c520e,4fdf05b044fa88a6,3,3,3,AVAILABLE
mikl_gse173098,mikl_gse173098|mikl_gse173098|neurite_soma_mpra|GFP 3UTR MPRA|Neuro-2a|mikl:Pgap1:500.0:c936a86ea1f79e74,4fdf05b044fa88a6,3,3,3,AVAILABLE
mikl_gse173098,mikl_gse173098|mikl_gse173098|neurite_soma_mpra|GFP 3UTR MPRA|Neuro-2a|mikl:Pgap1:5000.0:c9ce3f90e53df226,4fdf05b044fa88a6,2,3,2,AVAILABLE
mikl_gse173098,mikl_gse173098|mikl_gse173098|neurite_soma_mpra|GFP 3UTR MPRA|Neuro-2a|mikl:Pgap1:5050.0:16d6fc7e4fd70bc3,4fdf05b044fa88a6,2,3,2,AVAILABLE
mikl_gse173098,mikl_gse173098|mikl_gse173098|neurite_soma_mpra|GFP 3UTR MPRA|Neuro-2a|mikl:Pgap1:5100.0:dfad271ce0b7fa2e,4fdf05b044fa88a6,4,3,4,AVAILABLE
mikl_gse173098,mikl_gse173098|mikl_gse173098|neurite_soma_mpra|GFP 3UTR MPRA|Neuro-2a|mikl:Pgap1:5200.0:83856dcaff241fa4,4fdf05b044fa88a6,2,3,2,AVAILABLE
mikl_gse173098,mikl_gse173098|mikl_gse173098|neurite_soma_mpra|GFP 3UTR MPRA|Neuro-2a|mikl:Pgap1:5250.0:f3494fe20fbce784,4fdf05b044fa88a6,4,3,4,AVAILABLE
mikl_gse173098,mikl_gse173098|mikl_gse173098|neurite_soma_mpra|GFP 3UTR MPRA|Neuro-2a|mikl:Pgap1:5300.0:387420c134e0b191,4fdf05b044fa88a6,4,3,4,AVAILABLE
mikl_gse173098,mikl_gse173098|mikl_gse173098|neurite_soma_mpra|GFP 3UTR MPRA|Neuro-2a|mikl:Pgap1:5350.0:893db68219fec06b,4fdf05b044fa88a6,4,3,4,AVAILABLE
mikl_gse173098,mikl_gse173098|mikl_gse173098|neurite_soma_mpra|GFP 3UTR MPRA|Neuro-2a|mikl:Pgap1:5450.0:eab970984c958625,4fdf05b044fa88a6,5,3,5,AVAILABLE
mikl_gse173098,mikl_gse173098|mikl_gse173098|neurite_soma_mpra|GFP 3UTR MPRA|Neuro-2a|mikl:Pgap1:550.0:ae0400b1765003a9,4fdf05b044fa88a6,2,3,2,AVAILABLE
mikl_gse173098,mikl_gse173098|mikl_gse173098|neurite_soma_mpra|GFP 3UTR MPRA|Neuro-2a|mikl:Pgap1:5500.0:9d4a281c4d853dbe,4fdf05b044fa88a6,2,3,2,AVAILABLE
mikl_gse173098,mikl_gse173098|mikl_gse173098|neurite_soma_mpra|GFP 3UTR MPRA|Neuro-2a|mikl:Pgap1:5550.0:a739b9b2fbfbcd27,4fdf05b044fa88a6,3,3,3,AVAILABLE
mikl_gse173098,mikl_gse173098|mikl_gse173098|neurite_soma_mpra|GFP 3UTR MPRA|Neuro-2a|mikl:Pgap1:5600.0:2aed609c06829c30,4fdf05b044fa88a6,2,3,2,AVAILABLE
mikl_gse173098,mikl_gse173098|mikl_gse173098|neurite_soma_mpra|GFP 3UTR MPRA|Neuro-2a|mikl:Pgap1:5650.0:ccf2773e1d03602f,4fdf05b044fa88a6,3,3,3,AVAILABLE
mikl_gse173098,mikl_gse173098|mikl_gse173098|neurite_soma_mpra|GFP 3UTR MPRA|Neuro-2a|mikl:Pgap1:5700.0:c53193c139ff603e,4fdf05b044fa88a6,4,3,4,AVAILABLE
mikl_gse173098,mikl_gse173098|mikl_gse173098|neurite_soma_mpra|GFP 3UTR MPRA|Neuro-2a|mikl:Pgap1:5750.0:1b18ac38ff04b800,4fdf05b044fa88a6,2,3,2,AVAILABLE
mikl_gse173098,mikl_gse173098|mikl_gse173098|neurite_soma_mpra|GFP 3UTR MPRA|Neuro-2a|mikl:Pgap1:5800.0:fc1fd6542e5c8a65,4fdf05b044fa88a6,2,3,2,AVAILABLE
mikl_gse173098,mikl_gse173098|mikl_gse173098|neurite_soma_mpra|GFP 3UTR MPRA|Neuro-2a|mikl:Pgap1:5900.0:2a20f6a3e33d9ef1,4fdf05b044fa88a6,2,3,2,AVAILABLE
mikl_gse173098,mikl_gse173098|mikl_gse173098|neurite_soma_mpra|GFP 3UTR MPRA|Neuro-2a|mikl:Pgap1:5950.0:859ac3dad7582bc1,4fdf05b044fa88a6,6,3,6,AVAILABLE
mikl_gse173098,mikl_gse173098|mikl_gse173098|neurite_soma_mpra|GFP 3UTR MPRA|Neuro-2a|mikl:Pgap1:600.0:b2071be62d4cddb4,4fdf05b044fa88a6,2,3,2,AVAILABLE
mikl_gse173098,mikl_gse173098|mikl_gse173098|neurite_soma_mpra|GFP 3UTR MPRA|Neuro-2a|mikl:Pgap1:6000.0:a88914a80376bcc9,4fdf05b044fa88a6,5,3,5,AVAILABLE
mikl_gse173098,mikl_gse173098|mikl_gse173098|neurite_soma_mpra|GFP 3UTR MPRA|Neuro-2a|mikl:Pgap1:6050.0:54b64037732c1991,4fdf05b044fa88a6,5,3,5,AVAILABLE
mikl_gse173098,mikl_gse173098|mikl_gse173098|neurite_soma_mpra|GFP 3UTR MPRA|Neuro-2a|mikl:Pgap1:6100.0:4e07443f472ebf16,4fdf05b044fa88a6,2,3,2,AVAILABLE
mikl_gse173098,mikl_gse173098|mikl_gse173098|neurite_soma_mpra|GFP 3UTR MPRA|Neuro-2a|mikl:Pgap1:6200.0:7dc7f906f5fb927b,4fdf05b044fa88a6,2,3,2,AVAILABLE
mikl_gse173098,mikl_gse173098|mikl_gse173098|neurite_soma_mpra|GFP 3UTR MPRA|Neuro-2a|mikl:Pgap1:6250.0:e110d7f44396921a,4fdf05b044fa88a6,2,3,2,AVAILABLE
mikl_gse173098,mikl_gse173098|mikl_gse173098|neurite_soma_mpra|GFP 3UTR MPRA|Neuro-2a|mikl:Pgap1:6300.0:3736b8fc68678a0f,4fdf05b044fa88a6,3,3,3,AVAILABLE
mikl_gse173098,mikl_gse173098|mikl_gse173098|neurite_soma_mpra|GFP 3UTR MPRA|Neuro-2a|mikl:Pgap1:6350.0:1946d62c95ef82c4,4fdf05b044fa88a6,4,3,4,AVAILABLE
mikl_gse173098,mikl_gse173098|mikl_gse173098|neurite_soma_mpra|GFP 3UTR MPRA|Neuro-2a|mikl:Pgap1:6400.0:db8dd3120b38bb41,4fdf05b044fa88a6,4,3,4,AVAILABLE
mikl_gse173098,mikl_gse173098|mikl_gse173098|neurite_soma_mpra|GFP 3UTR MPRA|Neuro-2a|mikl:Pgap1:6450.0:483c9f0a87fedfb3,4fdf05b044fa88a6,4,3,4,AVAILABLE
mikl_gse173098,mikl_gse173098|mikl_gse173098|neurite_soma_mpra|GFP 3UTR MPRA|Neuro-2a|mikl:Pgap1:6800.0:eb8bd49c10900ea4,4fdf05b044fa88a6,2,3,2,AVAILABLE
mikl_gse173098,mikl_gse173098|mikl_gse173098|neurite_soma_mpra|GFP 3UTR MPRA|Neuro-2a|mikl:Pgap1:6850.0:5b14234a8fdbb52d,4fdf05b044fa88a6,4,3,4,AVAILABLE
mikl_gse173098,mikl_gse173098|mikl_gse173098|neurite_soma_mpra|GFP 3UTR MPRA|Neuro-2a|mikl:Pgap1:6900.0:fde7d2e5781025fd,4fdf05b044fa88a6,4,3,4,AVAILABLE
mikl_gse173098,mikl_gse173098|mikl_gse173098|neurite_soma_mpra|GFP 3UTR MPRA|Neuro-2a|mikl:Pgap1:6950.0:7ab6dc6313750595,4fdf05b044fa88a6,4,3,4,AVAILABLE
mikl_gse173098,mikl_gse173098|mikl_gse173098|neurite_soma_mpra|GFP 3UTR MPRA|Neuro-2a|mikl:Pgap1:700.0:67ed332945d3d8fe,4fdf05b044fa88a6,2,3,2,AVAILABLE
mikl_gse173098,mikl_gse173098|mikl_gse173098|neurite_soma_mpra|GFP 3UTR MPRA|Neuro-2a|mikl:Pgap1:7000.0:01901124f7ba35c2,4fdf05b044fa88a6,3,3,3,AVAILABLE
mikl_gse173098,mikl_gse173098|mikl_gse173098|neurite_soma_mpra|GFP 3UTR MPRA|Neuro-2a|mikl:Pgap1:7050.0:fa7ac3d0ee4fffbb,4fdf05b044fa88a6,4,3,4,AVAILABLE
mikl_gse173098,mikl_gse173098|mikl_gse173098|neurite_soma_mpra|GFP 3UTR MPRA|Neuro-2a|mikl:Pgap1:7100.0:31c7a6dceb775bd6,4fdf05b044fa88a6,2,3,2,AVAILABLE
mikl_gse173098,mikl_gse173098|mikl_gse173098|neurite_soma_mpra|GFP 3UTR MPRA|Neuro-2a|mikl:Pgap1:7300.0:1d8ed15f8b15430c,4fdf05b044fa88a6,3,3,3,AVAILABLE
mikl_gse173098,mikl_gse173098|mikl_gse173098|neurite_soma_mpra|GFP 3UTR MPRA|Neuro-2a|mikl:Pgap1:7350.0:eea7b70258945647,4fdf05b044fa88a6,2,3,2,AVAILABLE
mikl_gse173098,mikl_gse173098|mikl_gse173098|neurite_soma_mpra|GFP 3UTR MPRA|Neuro-2a|mikl:Pgap1:7400.0:31d08e374d124748,4fdf05b044fa88a6,2,3,2,AVAILABLE
mikl_gse173098,mikl_gse173098|mikl_gse173098|neurite_soma_mpra|GFP 3UTR MPRA|Neuro-2a|mikl:Pgap1:750.0:9ac157fed676d753,4fdf05b044fa88a6,2,3,2,AVAILABLE
mikl_gse173098,mikl_gse173098|mikl_gse173098|neurite_soma_mpra|GFP 3UTR MPRA|Neuro-2a|mikl:Pgap1:7500.0:89a7364715bd53c4,4fdf05b044fa88a6,2,3,2,AVAILABLE
mikl_gse173098,mikl_gse173098|mikl_gse173098|neurite_soma_mpra|GFP 3UTR MPRA|Neuro-2a|mikl:Pgap1:800.0:b7fdd495ce25563c,4fdf05b044fa88a6,4,3,4,AVAILABLE
mikl_gse173098,mikl_gse173098|mikl_gse173098|neurite_soma_mpra|GFP 3UTR MPRA|Neuro-2a|mikl:Pgap1:850.0:c7b7521c0a57401c,4fdf05b044fa88a6,2,3,2,AVAILABLE
mikl_gse173098,mikl_gse173098|mikl_gse173098|neurite_soma_mpra|GFP 3UTR MPRA|Neuro-2a|mikl:Plin3:1400.0:9acaa7b7fa356573,eff7b10da80a38d4,2,3,2,AVAILABLE
mikl_gse173098,mikl_gse173098|mikl_gse173098|neurite_soma_mpra|GFP 3UTR MPRA|Neuro-2a|mikl:Plin3:1450.0:19ea0dafb6452fc0,eff7b10da80a38d4,2,3,2,AVAILABLE
mikl_gse173098,mikl_gse173098|mikl_gse173098|neurite_soma_mpra|GFP 3UTR MPRA|Neuro-2a|mikl:Plin3:1500.0:750240f15cff7774,eff7b10da80a38d4,3,3,3,AVAILABLE
mikl_gse173098,mikl_gse173098|mikl_gse173098|neurite_soma_mpra|GFP 3UTR MPRA|Neuro-2a|mikl:Plin3:50.0:22b010096331b7e7,eff7b10da80a38d4,2,3,2,AVAILABLE
mikl_gse173098,mikl_gse173098|mikl_gse173098|neurite_soma_mpra|GFP 3UTR MPRA|Neuro-2a|mikl:Ppp1r9b:0.0:49bb603d52d33492,221dadc3c615ae8a,2,3,2,AVAILABLE
mikl_gse173098,mikl_gse173098|mikl_gse173098|neurite_soma_mpra|GFP 3UTR MPRA|Neuro-2a|mikl:Ppp1r9b:150.0:496dda74fbfaae54,221dadc3c615ae8a,3,3,3,AVAILABLE
mikl_gse173098,mikl_gse173098|mikl_gse173098|neurite_soma_mpra|GFP 3UTR MPRA|Neuro-2a|mikl:Ppp1r9b:200.0:0522509d0fe66ac1,221dadc3c615ae8a,2,3,2,AVAILABLE
mikl_gse173098,mikl_gse173098|mikl_gse173098|neurite_soma_mpra|GFP 3UTR MPRA|Neuro-2a|mikl:Ppp1r9b:250.0:4a879e52b12eb519,221dadc3c615ae8a,2,3,2,AVAILABLE
mikl_gse173098,mikl_gse173098|mikl_gse173098|neurite_soma_mpra|GFP 3UTR MPRA|Neuro-2a|mikl:Ppp1r9b:700.0:709071313c7e3dec,221dadc3c615ae8a,2,3,2,AVAILABLE
mikl_gse173098,mikl_gse173098|mikl_gse173098|neurite_soma_mpra|GFP 3UTR MPRA|Neuro-2a|mikl:Ppp1r9b:750.0:f22a87fcdc1bf8b1,221dadc3c615ae8a,3,3,3,AVAILABLE
mikl_gse173098,mikl_gse173098|mikl_gse173098|neurite_soma_mpra|GFP 3UTR MPRA|Neuro-2a|mikl:Ppp1r9b:800.0:a0ba24c140bbcc2b,221dadc3c615ae8a,3,3,3,AVAILABLE
mikl_gse173098,mikl_gse173098|mikl_gse173098|neurite_soma_mpra|GFP 3UTR MPRA|Neuro-2a|mikl:Ppp1r9b:900.0:e91f0a7e24f54097,221dadc3c615ae8a,2,3,2,AVAILABLE
mikl_gse173098,mikl_gse173098|mikl_gse173098|neurite_soma_mpra|GFP 3UTR MPRA|Neuro-2a|mikl:Prlr:0.0:bd9d27f8a471d9e7,43a6b71d4dd1cb9e,2,3,2,AVAILABLE
mikl_gse173098,mikl_gse173098|mikl_gse173098|neurite_soma_mpra|GFP 3UTR MPRA|Neuro-2a|mikl:Prlr:500.0:765f15a6b31bd52e,43a6b71d4dd1cb9e,2,3,2,AVAILABLE
mikl_gse173098,mikl_gse173098|mikl_gse173098|neurite_soma_mpra|GFP 3UTR MPRA|Neuro-2a|mikl:Prlr:550.0:f2c170cd9fcb7778,43a6b71d4dd1cb9e,2,3,2,AVAILABLE
mikl_gse173098,mikl_gse173098|mikl_gse173098|neurite_soma_mpra|GFP 3UTR MPRA|Neuro-2a|mikl:Prlr:600.0:dfa1c8094bb771f7,43a6b71d4dd1cb9e,2,3,2,AVAILABLE
mikl_gse173098,mikl_gse173098|mikl_gse173098|neurite_soma_mpra|GFP 3UTR MPRA|Neuro-2a|mikl:Prlr:650.0:603989e26456c002,43a6b71d4dd1cb9e,2,3,2,AVAILABLE
mikl_gse173098,mikl_gse173098|mikl_gse173098|neurite_soma_mpra|GFP 3UTR MPRA|Neuro-2a|mikl:Prlr:650.0:ac55563bef23d5a7,43a6b71d4dd1cb9e,2,3,2,AVAILABLE
mikl_gse173098,mikl_gse173098|mikl_gse173098|neurite_soma_mpra|GFP 3UTR MPRA|Neuro-2a|mikl:Prrx1:1600.0:10f0c6c5c1612e1d,6e3d75ddfa0fb89a,2,3,2,AVAILABLE
mikl_gse173098,mikl_gse173098|mikl_gse173098|neurite_soma_mpra|GFP 3UTR MPRA|Neuro-2a|mikl:Prrx1:1650.0:0fbb4ed0d7b17986,6e3d75ddfa0fb89a,3,3,3,AVAILABLE
mikl_gse173098,mikl_gse173098|mikl_gse173098|neurite_soma_mpra|GFP 3UTR MPRA|Neuro-2a|mikl:Prrx1:1700.0:ba070eeb108fc91e,6e3d75ddfa0fb89a,3,3,3,AVAILABLE
mikl_gse173098,mikl_gse173098|mikl_gse173098|neurite_soma_mpra|GFP 3UTR MPRA|Neuro-2a|mikl:Prrx1:1750.0:d4fa54520431df05,6e3d75ddfa0fb89a,2,3,2,AVAILABLE
mikl_gse173098,mikl_gse173098|mikl_gse173098|neurite_soma_mpra|GFP 3UTR MPRA|Neuro-2a|mikl:Prrx1:3450.0:0eb5f769cf277fb6,6e3d75ddfa0fb89a,4,3,4,AVAILABLE
mikl_gse173098,mikl_gse173098|mikl_gse173098|neurite_soma_mpra|GFP 3UTR MPRA|Neuro-2a|mikl:Prrx1:3500.0:9e1d5ade5ee34089,6e3d75ddfa0fb89a,5,3,5,AVAILABLE
mikl_gse173098,mikl_gse173098|mikl_gse173098|neurite_soma_mpra|GFP 3UTR MPRA|Neuro-2a|mikl:Prrx1:3550.0:a369dbe2e4ef1842,6e3d75ddfa0fb89a,5,3,5,AVAILABLE
mikl_gse173098,mikl_gse173098|mikl_gse173098|neurite_soma_mpra|GFP 3UTR MPRA|Neuro-2a|mikl:Prrx1:850.0:19b50ee930e8f199,6e3d75ddfa0fb89a,2,3,2,AVAILABLE
mikl_gse173098,mikl_gse173098|mikl_gse173098|neurite_soma_mpra|GFP 3UTR MPRA|Neuro-2a|mikl:Prrx1:900.0:402a505afdc14e47,6e3d75ddfa0fb89a,2,3,2,AVAILABLE
mikl_gse173098,mikl_gse173098|mikl_gse173098|neurite_soma_mpra|GFP 3UTR MPRA|Neuro-2a|mikl:Psd:200.0:35c45f4f4f537776,ca3c2da790c70541,2,3,2,AVAILABLE
mikl_gse173098,mikl_gse173098|mikl_gse173098|neurite_soma_mpra|GFP 3UTR MPRA|Neuro-2a|mikl:Ptgs2:700.0:fa68b2e98f55ad83,ce33a6cd172b5d00,2,3,2,AVAILABLE
mikl_gse173098,mikl_gse173098|mikl_gse173098|neurite_soma_mpra|GFP 3UTR MPRA|Neuro-2a|mikl:Ptpn14:1050.0:b009ae2855945b8c,e5e8496fb8ee6402,2,3,2,AVAILABLE
mikl_gse173098,mikl_gse173098|mikl_gse173098|neurite_soma_mpra|GFP 3UTR MPRA|Neuro-2a|mikl:Ptpn14:1100.0:94d456476694d527,e5e8496fb8ee6402,2,3,2,AVAILABLE
mikl_gse173098,mikl_gse173098|mikl_gse173098|neurite_soma_mpra|GFP 3UTR MPRA|Neuro-2a|mikl:Ptpn14:1150.0:8cf194e511bfa0a2,e5e8496fb8ee6402,2,3,2,AVAILABLE
mikl_gse173098,mikl_gse173098|mikl_gse173098|neurite_soma_mpra|GFP 3UTR MPRA|Neuro-2a|mikl:Ptpn14:250.0:1648a35cd5860385,e5e8496fb8ee6402,2,3,2,AVAILABLE
mikl_gse173098,mikl_gse173098|mikl_gse173098|neurite_soma_mpra|GFP 3UTR MPRA|Neuro-2a|mikl:Ptpn14:2650.0:0fb7dafd69aba22b,e5e8496fb8ee6402,2,3,2,AVAILABLE
mikl_gse173098,mikl_gse173098|mikl_gse173098|neurite_soma_mpra|GFP 3UTR MPRA|Neuro-2a|mikl:Ptpn14:5100.0:338b983ecc7fc8c6,e5e8496fb8ee6402,2,3,2,AVAILABLE
mikl_gse173098,mikl_gse173098|mikl_gse173098|neurite_soma_mpra|GFP 3UTR MPRA|Neuro-2a|mikl:Ptpn14:750.0:e98d9172a441b569,e5e8496fb8ee6402,2,3,2,AVAILABLE
mikl_gse173098,mikl_gse173098|mikl_gse173098|neurite_soma_mpra|GFP 3UTR MPRA|Neuro-2a|mikl:Ptpn14:850.0:81d8192d01861d06,e5e8496fb8ee6402,2,3,2,AVAILABLE
mikl_gse173098,mikl_gse173098|mikl_gse173098|neurite_soma_mpra|GFP 3UTR MPRA|Neuro-2a|mikl:Ptprb:1600.0:93100cea0d9127cb,74f485a331343e4c,3,3,3,AVAILABLE
mikl_gse173098,mikl_gse173098|mikl_gse173098|neurite_soma_mpra|GFP 3UTR MPRA|Neuro-2a|mikl:Ptprb:1650.0:9c80b03386fdb40b,74f485a331343e4c,4,3,4,AVAILABLE
mikl_gse173098,mikl_gse173098|mikl_gse173098|neurite_soma_mpra|GFP 3UTR MPRA|Neuro-2a|mikl:Ptprb:1700.0:c5773f5fd4aada48,74f485a331343e4c,5,3,5,AVAILABLE
mikl_gse173098,mikl_gse173098|mikl_gse173098|neurite_soma_mpra|GFP 3UTR MPRA|Neuro-2a|mikl:Ptprb:1750.0:eb0beaf4691dc280,74f485a331343e4c,3,3,3,AVAILABLE
mikl_gse173098,mikl_gse173098|mikl_gse173098|neurite_soma_mpra|GFP 3UTR MPRA|Neuro-2a|mikl:Ptprb:1800.0:c8a416cf9e390158,74f485a331343e4c,2,3,2,AVAILABLE
mikl_gse173098,mikl_gse173098|mikl_gse173098|neurite_soma_mpra|GFP 3UTR MPRA|Neuro-2a|mikl:Ptprb:2400.0:9696764c198e1d90,74f485a331343e4c,4,3,4,AVAILABLE
mikl_gse173098,mikl_gse173098|mikl_gse173098|neurite_soma_mpra|GFP 3UTR MPRA|Neuro-2a|mikl:Ptprb:2450.0:0516310ff6e84a23,74f485a331343e4c,4,3,4,AVAILABLE
mikl_gse173098,mikl_gse173098|mikl_gse173098|neurite_soma_mpra|GFP 3UTR MPRA|Neuro-2a|mikl:Ptprb:2500.0:fd571ed23859a7de,74f485a331343e4c,3,3,3,AVAILABLE
mikl_gse173098,mikl_gse173098|mikl_gse173098|neurite_soma_mpra|GFP 3UTR MPRA|Neuro-2a|mikl:Ptprb:2800.0:3bd1d835987edad1,74f485a331343e4c,2,3,2,AVAILABLE
mikl_gse173098,mikl_gse173098|mikl_gse173098|neurite_soma_mpra|GFP 3UTR MPRA|Neuro-2a|mikl:Ptprb:2850.0:3aeedc798b750356,74f485a331343e4c,2,3,2,AVAILABLE
mikl_gse173098,mikl_gse173098|mikl_gse173098|neurite_soma_mpra|GFP 3UTR MPRA|Neuro-2a|mikl:Ptprb:2900.0:e34c0be864b0e777,74f485a331343e4c,2,3,2,AVAILABLE
mikl_gse173098,mikl_gse173098|mikl_gse173098|neurite_soma_mpra|GFP 3UTR MPRA|Neuro-2a|mikl:Ptprb:650.0:f00216b03a0ecd6e,74f485a331343e4c,2,3,2,AVAILABLE
mikl_gse173098,mikl_gse173098|mikl_gse173098|neurite_soma_mpra|GFP 3UTR MPRA|Neuro-2a|mikl:Rab11fip2:0.0:edbd0e18bc7be716,0ea0c4bb7844be12,3,3,3,AVAILABLE
mikl_gse173098,mikl_gse173098|mikl_gse173098|neurite_soma_mpra|GFP 3UTR MPRA|Neuro-2a|mikl:Rab11fip2:100.0:3d3d5825cc92b8d6,0ea0c4bb7844be12,2,3,2,AVAILABLE
mikl_gse173098,mikl_gse173098|mikl_gse173098|neurite_soma_mpra|GFP 3UTR MPRA|Neuro-2a|mikl:Rab11fip2:1050.0:a7597bd56f0e57b8,0ea0c4bb7844be12,2,3,2,AVAILABLE
mikl_gse173098,mikl_gse173098|mikl_gse173098|neurite_soma_mpra|GFP 3UTR MPRA|Neuro-2a|mikl:Rab11fip2:1200.0:b3520a26129cf00e,0ea0c4bb7844be12,2,3,2,AVAILABLE
mikl_gse173098,mikl_gse173098|mikl_gse173098|neurite_soma_mpra|GFP 3UTR MPRA|Neuro-2a|mikl:Rab11fip2:1250.0:b95a83b25accbc00,0ea0c4bb7844be12,4,3,4,AVAILABLE
mikl_gse173098,mikl_gse173098|mikl_gse173098|neurite_soma_mpra|GFP 3UTR MPRA|Neuro-2a|mikl:Rab11fip2:1300.0:2bdbee270b2e1896,0ea0c4bb7844be12,3,3,3,AVAILABLE
mikl_gse173098,mikl_gse173098|mikl_gse173098|neurite_soma_mpra|GFP 3UTR MPRA|Neuro-2a|mikl:Rab11fip2:1350.0:baeff6b4fa9b3730,0ea0c4bb7844be12,4,3,4,AVAILABLE
mikl_gse173098,mikl_gse173098|mikl_gse173098|neurite_soma_mpra|GFP 3UTR MPRA|Neuro-2a|mikl:Rab11fip2:1400.0:6c6cb04a29f8e116,0ea0c4bb7844be12,5,3,5,AVAILABLE
mikl_gse173098,mikl_gse173098|mikl_gse173098|neurite_soma_mpra|GFP 3UTR MPRA|Neuro-2a|mikl:Rab11fip2:1450.0:c7f7fa044fd7f985,0ea0c4bb7844be12,6,3,6,AVAILABLE
mikl_gse173098,mikl_gse173098|mikl_gse173098|neurite_soma_mpra|GFP 3UTR MPRA|Neuro-2a|mikl:Rab11fip2:150.0:88f787cc79db0565,0ea0c4bb7844be12,2,3,2,AVAILABLE
mikl_gse173098,mikl_gse173098|mikl_gse173098|neurite_soma_mpra|GFP 3UTR MPRA|Neuro-2a|mikl:Rab11fip2:1500.0:e48c63f21026c5da,0ea0c4bb7844be12,6,3,6,AVAILABLE
mikl_gse173098,mikl_gse173098|mikl_gse173098|neurite_soma_mpra|GFP 3UTR MPRA|Neuro-2a|mikl:Rab11fip2:1550.0:27346132ba10ff36,0ea0c4bb7844be12,6,3,6,AVAILABLE
mikl_gse173098,mikl_gse173098|mikl_gse173098|neurite_soma_mpra|GFP 3UTR MPRA|Neuro-2a|mikl:Rab11fip2:1600.0:cd70b1bf5bd78a9b,0ea0c4bb7844be12,5,3,5,AVAILABLE
mikl_gse173098,mikl_gse173098|mikl_gse173098|neurite_soma_mpra|GFP 3UTR MPRA|Neuro-2a|mikl:Rab11fip2:1650.0:c5082c663546c485,0ea0c4bb7844be12,3,3,3,AVAILABLE
mikl_gse173098,mikl_gse173098|mikl_gse173098|neurite_soma_mpra|GFP 3UTR MPRA|Neuro-2a|mikl:Rab11fip2:2150.0:18b4eb6078fce4cf,0ea0c4bb7844be12,5,3,5,AVAILABLE
mikl_gse173098,mikl_gse173098|mikl_gse173098|neurite_soma_mpra|GFP 3UTR MPRA|Neuro-2a|mikl:Rab11fip2:2200.0:2fa127cc4a928785,0ea0c4bb7844be12,5,3,5,AVAILABLE
mikl_gse173098,mikl_gse173098|mikl_gse173098|neurite_soma_mpra|GFP 3UTR MPRA|Neuro-2a|mikl:Rab11fip2:2250.0:6748e12e4036aecd,0ea0c4bb7844be12,4,3,4,AVAILABLE
mikl_gse173098,mikl_gse173098|mikl_gse173098|neurite_soma_mpra|GFP 3UTR MPRA|Neuro-2a|mikl:Rab11fip2:2400.0:3408ad2aa44a13b9,0ea0c4bb7844be12,3,3,3,AVAILABLE
mikl_gse173098,mikl_gse173098|mikl_gse173098|neurite_soma_mpra|GFP 3UTR MPRA|Neuro-2a|mikl:Rab11fip2:2450.0:c2e1369542cadf61,0ea0c4bb7844be12,5,3,5,AVAILABLE
mikl_gse173098,mikl_gse173098|mikl_gse173098|neurite_soma_mpra|GFP 3UTR MPRA|Neuro-2a|mikl:Rab11fip2:2500.0:d93dcdb43803e571,0ea0c4bb7844be12,6,3,6,AVAILABLE
mikl_gse173098,mikl_gse173098|mikl_gse173098|neurite_soma_mpra|GFP 3UTR MPRA|Neuro-2a|mikl:Rab11fip2:2550.0:8180d1e92ea1c09b,0ea0c4bb7844be12,5,3,5,AVAILABLE
mikl_gse173098,mikl_gse173098|mikl_gse173098|neurite_soma_mpra|GFP 3UTR MPRA|Neuro-2a|mikl:Rab11fip2:2600.0:8954cb26d33fefe7,0ea0c4bb7844be12,5,3,5,AVAILABLE
mikl_gse173098,mikl_gse173098|mikl_gse173098|neurite_soma_mpra|GFP 3UTR MPRA|Neuro-2a|mikl:Rab11fip2:2650.0:43986a5e11506937,0ea0c4bb7844be12,3,3,3,AVAILABLE
mikl_gse173098,mikl_gse173098|mikl_gse173098|neurite_soma_mpra|GFP 3UTR MPRA|Neuro-2a|mikl:Rab11fip2:3100.0:fee10f13e45a5ff0,0ea0c4bb7844be12,5,3,5,AVAILABLE
mikl_gse173098,mikl_gse173098|mikl_gse173098|neurite_soma_mpra|GFP 3UTR MPRA|Neuro-2a|mikl:Rab11fip2:3150.0:cc4e55404c8f9735,0ea0c4bb7844be12,7,3,7,AVAILABLE
mikl_gse173098,mikl_gse173098|mikl_gse173098|neurite_soma_mpra|GFP 3UTR MPRA|Neuro-2a|mikl:Rab11fip2:3200.0:ace73eb428416e8b,0ea0c4bb7844be12,6,3,6,AVAILABLE
mikl_gse173098,mikl_gse173098|mikl_gse173098|neurite_soma_mpra|GFP 3UTR MPRA|Neuro-2a|mikl:Rab11fip2:3250.0:662a9e3fc73164fb,0ea0c4bb7844be12,4,3,4,AVAILABLE
mikl_gse173098,mikl_gse173098|mikl_gse173098|neurite_soma_mpra|GFP 3UTR MPRA|Neuro-2a|mikl:Rab11fip2:3300.0:160c9486f4a280cd,0ea0c4bb7844be12,5,3,5,AVAILABLE
mikl_gse173098,mikl_gse173098|mikl_gse173098|neurite_soma_mpra|GFP 3UTR MPRA|Neuro-2a|mikl:Rab11fip2:3350.0:85aea2eccb8542e3,0ea0c4bb7844be12,4,3,4,AVAILABLE
mikl_gse173098,mikl_gse173098|mikl_gse173098|neurite_soma_mpra|GFP 3UTR MPRA|Neuro-2a|mikl:Rab11fip2:3400.0:128f193cd48b253d,0ea0c4bb7844be12,3,3,3,AVAILABLE
mikl_gse173098,mikl_gse173098|mikl_gse173098|neurite_soma_mpra|GFP 3UTR MPRA|Neuro-2a|mikl:Rab11fip2:350.0:855e7bf7890b53ac,0ea0c4bb7844be12,3,3,3,AVAILABLE
mikl_gse173098,mikl_gse173098|mikl_gse173098|neurite_soma_mpra|GFP 3UTR MPRA|Neuro-2a|mikl:Rab11fip2:3550.0:7724eaeec8889bf3,0ea0c4bb7844be12,2,3,2,AVAILABLE
mikl_gse173098,mikl_gse173098|mikl_gse173098|neurite_soma_mpra|GFP 3UTR MPRA|Neuro-2a|mikl:Rab11fip2:3600.0:a403408a51a361e1,0ea0c4bb7844be12,3,3,3,AVAILABLE
mikl_gse173098,mikl_gse173098|mikl_gse173098|neurite_soma_mpra|GFP 3UTR MPRA|Neuro-2a|mikl:Rab11fip2:3650.0:64154a85af41de24,0ea0c4bb7844be12,5,3,5,AVAILABLE
mikl_gse173098,mikl_gse173098|mikl_gse173098|neurite_soma_mpra|GFP 3UTR MPRA|Neuro-2a|mikl:Rab11fip2:3700.0:253ebf06a8ed6889,0ea0c4bb7844be12,5,3,5,AVAILABLE
mikl_gse173098,mikl_gse173098|mikl_gse173098|neurite_soma_mpra|GFP 3UTR MPRA|Neuro-2a|mikl:Rab11fip2:3750.0:5095620870e6e85e,0ea0c4bb7844be12,3,3,3,AVAILABLE
mikl_gse173098,mikl_gse173098|mikl_gse173098|neurite_soma_mpra|GFP 3UTR MPRA|Neuro-2a|mikl:Rab11fip2:3800.0:0f54c2b3dcc7b278,0ea0c4bb7844be12,2,3,2,AVAILABLE
mikl_gse173098,mikl_gse173098|mikl_gse173098|neurite_soma_mpra|GFP 3UTR MPRA|Neuro-2a|mikl:Rab11fip2:3850.0:866e05735bedef57,0ea0c4bb7844be12,6,3,6,AVAILABLE
mikl_gse173098,mikl_gse173098|mikl_gse173098|neurite_soma_mpra|GFP 3UTR MPRA|Neuro-2a|mikl:Rab11fip2:400.0:2528ef29f90ce0ff,0ea0c4bb7844be12,3,3,3,AVAILABLE
mikl_gse173098,mikl_gse173098|mikl_gse173098|neurite_soma_mpra|GFP 3UTR MPRA|Neuro-2a|mikl:Rab11fip2:450.0:738ea22f964ac212,0ea0c4bb7844be12,5,3,5,AVAILABLE
mikl_gse173098,mikl_gse173098|mikl_gse173098|neurite_soma_mpra|GFP 3UTR MPRA|Neuro-2a|mikl:Rab11fip2:50.0:bd3c653b17ac7c7a,0ea0c4bb7844be12,3,3,3,AVAILABLE
mikl_gse173098,mikl_gse173098|mikl_gse173098|neurite_soma_mpra|GFP 3UTR MPRA|Neuro-2a|mikl:Rab11fip2:500.0:5ae05a4ce2c01767,0ea0c4bb7844be12,6,3,6,AVAILABLE
mikl_gse173098,mikl_gse173098|mikl_gse173098|neurite_soma_mpra|GFP 3UTR MPRA|Neuro-2a|mikl:Rab11fip2:550.0:fdadc79daed923c9,0ea0c4bb7844be12,4,3,4,AVAILABLE
mikl_gse173098,mikl_gse173098|mikl_gse173098|neurite_soma_mpra|GFP 3UTR MPRA|Neuro-2a|mikl:Rab11fip2:650.0:de92e4f1d488d975,0ea0c4bb7844be12,4,3,4,AVAILABLE
mikl_gse173098,mikl_gse173098|mikl_gse173098|neurite_soma_mpra|GFP 3UTR MPRA|Neuro-2a|mikl:Rab11fip2:700.0:24b6f2d841538338,0ea0c4bb7844be12,5,3,5,AVAILABLE
mikl_gse173098,mikl_gse173098|mikl_gse173098|neurite_soma_mpra|GFP 3UTR MPRA|Neuro-2a|mikl:Rab11fip2:750.0:937550ff73a18059,0ea0c4bb7844be12,3,3,3,AVAILABLE
mikl_gse173098,mikl_gse173098|mikl_gse173098|neurite_soma_mpra|GFP 3UTR MPRA|Neuro-2a|mikl:Rasgrp4:1000.0:b32b71c4bb986525,8a6f0f087e08fd97,2,3,2,AVAILABLE
mikl_gse173098,mikl_gse173098|mikl_gse173098|neurite_soma_mpra|GFP 3UTR MPRA|Neuro-2a|mikl:Rasgrp4:1100.0:c88fb48273d7258f,8a6f0f087e08fd97,2,3,2,AVAILABLE
mikl_gse173098,mikl_gse173098|mikl_gse173098|neurite_soma_mpra|GFP 3UTR MPRA|Neuro-2a|mikl:Rasgrp4:1150.0:59e7aeb3220d2a55,8a6f0f087e08fd97,2,3,2,AVAILABLE
mikl_gse173098,mikl_gse173098|mikl_gse173098|neurite_soma_mpra|GFP 3UTR MPRA|Neuro-2a|mikl:Rasgrp4:1200.0:408ad049e260b413,8a6f0f087e08fd97,2,3,2,AVAILABLE
mikl_gse173098,mikl_gse173098|mikl_gse173098|neurite_soma_mpra|GFP 3UTR MPRA|Neuro-2a|mikl:Rasgrp4:1550.0:b678ef5cd40034e7,8a6f0f087e08fd97,2,3,2,AVAILABLE
mikl_gse173098,mikl_gse173098|mikl_gse173098|neurite_soma_mpra|GFP 3UTR MPRA|Neuro-2a|mikl:Rasgrp4:1600.0:893dc44f5db6799d,8a6f0f087e08fd97,3,3,3,AVAILABLE
mikl_gse173098,mikl_gse173098|mikl_gse173098|neurite_soma_mpra|GFP 3UTR MPRA|Neuro-2a|mikl:Rasgrp4:1950.0:f07226be472d8778,8a6f0f087e08fd97,2,3,2,AVAILABLE
mikl_gse173098,mikl_gse173098|mikl_gse173098|neurite_soma_mpra|GFP 3UTR MPRA|Neuro-2a|mikl:Rasgrp4:2000.0:e859839726a4d0d6,8a6f0f087e08fd97,4,3,4,AVAILABLE
mikl_gse173098,mikl_gse173098|mikl_gse173098|neurite_soma_mpra|GFP 3UTR MPRA|Neuro-2a|mikl:Rasgrp4:2050.0:602ed2ce46aae742,8a6f0f087e08fd97,4,3,4,AVAILABLE
mikl_gse173098,mikl_gse173098|mikl_gse173098|neurite_soma_mpra|GFP 3UTR MPRA|Neuro-2a|mikl:Rasgrp4:2100.0:454bc32b4e39a4ca,8a6f0f087e08fd97,3,3,3,AVAILABLE
mikl_gse173098,mikl_gse173098|mikl_gse173098|neurite_soma_mpra|GFP 3UTR MPRA|Neuro-2a|mikl:Rasgrp4:2300.0:fb7775055d5c165c,8a6f0f087e08fd97,2,3,2,AVAILABLE
mikl_gse173098,mikl_gse173098|mikl_gse173098|neurite_soma_mpra|GFP 3UTR MPRA|Neuro-2a|mikl:Rasgrp4:300.0:6d3f9a75c7664c74,8a6f0f087e08fd97,4,3,4,AVAILABLE
mikl_gse173098,mikl_gse173098|mikl_gse173098|neurite_soma_mpra|GFP 3UTR MPRA|Neuro-2a|mikl:Rasgrp4:350.0:930124deb63f9c71,8a6f0f087e08fd97,3,3,3,AVAILABLE
mikl_gse173098,mikl_gse173098|mikl_gse173098|neurite_soma_mpra|GFP 3UTR MPRA|Neuro-2a|mikl:Rasgrp4:550.0:3c29d0f46e3f7894,8a6f0f087e08fd97,3,3,3,AVAILABLE
mikl_gse173098,mikl_gse173098|mikl_gse173098|neurite_soma_mpra|GFP 3UTR MPRA|Neuro-2a|mikl:Rasgrp4:600.0:f70eb59e62072984,8a6f0f087e08fd97,3,3,3,AVAILABLE
mikl_gse173098,mikl_gse173098|mikl_gse173098|neurite_soma_mpra|GFP 3UTR MPRA|Neuro-2a|mikl:Rasgrp4:650.0:8c4e624766d7aee7,8a6f0f087e08fd97,2,3,2,AVAILABLE
mikl_gse173098,mikl_gse173098|mikl_gse173098|neurite_soma_mpra|GFP 3UTR MPRA|Neuro-2a|mikl:Rasgrp4:900.0:a9b53492512e3388,8a6f0f087e08fd97,2,3,2,AVAILABLE
mikl_gse173098,mikl_gse173098|mikl_gse173098|neurite_soma_mpra|GFP 3UTR MPRA|Neuro-2a|mikl:Rasl10b:100.0:290953fb03e297ef,a68a9b74449b44a3,3,3,3,AVAILABLE
mikl_gse173098,mikl_gse173098|mikl_gse173098|neurite_soma_mpra|GFP 3UTR MPRA|Neuro-2a|mikl:Rasl10b:100.0:eb6c8f3a3f9574e3,a68a9b74449b44a3,2,3,2,AVAILABLE
mikl_gse173098,mikl_gse173098|mikl_gse173098|neurite_soma_mpra|GFP 3UTR MPRA|Neuro-2a|mikl:Rasl10b:1000.0:c0c41bcdfd9c4030,a68a9b74449b44a3,3,3,3,AVAILABLE
mikl_gse173098,mikl_gse173098|mikl_gse173098|neurite_soma_mpra|GFP 3UTR MPRA|Neuro-2a|mikl:Rasl10b:1050.0:afda428287a9d8e0,a68a9b74449b44a3,2,3,2,AVAILABLE
mikl_gse173098,mikl_gse173098|mikl_gse173098|neurite_soma_mpra|GFP 3UTR MPRA|Neuro-2a|mikl:Rasl10b:1100.0:61f982c715ce28f0,a68a9b74449b44a3,2,3,2,AVAILABLE
mikl_gse173098,mikl_gse173098|mikl_gse173098|neurite_soma_mpra|GFP 3UTR MPRA|Neuro-2a|mikl:Rasl10b:1150.0:a7bd3f34dc5bc1f8,a68a9b74449b44a3,3,3,3,AVAILABLE
mikl_gse173098,mikl_gse173098|mikl_gse173098|neurite_soma_mpra|GFP 3UTR MPRA|Neuro-2a|mikl:Rasl10b:1200.0:7dfd581bb95c3f33,a68a9b74449b44a3,3,3,3,AVAILABLE
mikl_gse173098,mikl_gse173098|mikl_gse173098|neurite_soma_mpra|GFP 3UTR MPRA|Neuro-2a|mikl:Rasl10b:1250.0:31f3773f59012c2e,a68a9b74449b44a3,2,3,2,AVAILABLE
mikl_gse173098,mikl_gse173098|mikl_gse173098|neurite_soma_mpra|GFP 3UTR MPRA|Neuro-2a|mikl:Rasl10b:1300.0:3cb2aab6ab0e57da,a68a9b74449b44a3,3,3,3,AVAILABLE
mikl_gse173098,mikl_gse173098|mikl_gse173098|neurite_soma_mpra|GFP 3UTR MPRA|Neuro-2a|mikl:Rasl10b:1350.0:2265f71dfcfacdf4,a68a9b74449b44a3,2,3,2,AVAILABLE
mikl_gse173098,mikl_gse173098|mikl_gse173098|neurite_soma_mpra|GFP 3UTR MPRA|Neuro-2a|mikl:Rasl10b:1350.0:a7cfe6261088474f,a68a9b74449b44a3,2,3,2,AVAILABLE
mikl_gse173098,mikl_gse173098|mikl_gse173098|neurite_soma_mpra|GFP 3UTR MPRA|Neuro-2a|mikl:Rasl10b:150.0:cf785b0a5be15062,a68a9b74449b44a3,2,3,2,AVAILABLE
mikl_gse173098,mikl_gse173098|mikl_gse173098|neurite_soma_mpra|GFP 3UTR MPRA|Neuro-2a|mikl:Rasl10b:1500.0:0d39aacdf0df7e76,a68a9b74449b44a3,2,3,2,AVAILABLE
mikl_gse173098,mikl_gse173098|mikl_gse173098|neurite_soma_mpra|GFP 3UTR MPRA|Neuro-2a|mikl:Rasl10b:1500.0:d3c0efa55c4a3b3c,a68a9b74449b44a3,3,3,3,AVAILABLE
mikl_gse173098,mikl_gse173098|mikl_gse173098|neurite_soma_mpra|GFP 3UTR MPRA|Neuro-2a|mikl:Rasl10b:1550.0:796c9f075cfaab68,a68a9b74449b44a3,2,3,2,AVAILABLE
mikl_gse173098,mikl_gse173098|mikl_gse173098|neurite_soma_mpra|GFP 3UTR MPRA|Neuro-2a|mikl:Rasl10b:1550.0:8cd08375763923ff,a68a9b74449b44a3,3,3,3,AVAILABLE
mikl_gse173098,mikl_gse173098|mikl_gse173098|neurite_soma_mpra|GFP 3UTR MPRA|Neuro-2a|mikl:Rasl10b:1600.0:d6f29ff01ab76039,a68a9b74449b44a3,2,3,2,AVAILABLE
mikl_gse173098,mikl_gse173098|mikl_gse173098|neurite_soma_mpra|GFP 3UTR MPRA|Neuro-2a|mikl:Rasl10b:1700.0:6dfc6aa9d9368016,a68a9b74449b44a3,3,3,3,AVAILABLE
mikl_gse173098,mikl_gse173098|mikl_gse173098|neurite_soma_mpra|GFP 3UTR MPRA|Neuro-2a|mikl:Rasl10b:1700.0:a429e046d0d35ee1,a68a9b74449b44a3,2,3,2,AVAILABLE
mikl_gse173098,mikl_gse173098|mikl_gse173098|neurite_soma_mpra|GFP 3UTR MPRA|Neuro-2a|mikl:Rasl10b:1750.0:88ebd2a4ee6b5558,a68a9b74449b44a3,2,3,2,AVAILABLE
mikl_gse173098,mikl_gse173098|mikl_gse173098|neurite_soma_mpra|GFP 3UTR MPRA|Neuro-2a|mikl:Rasl10b:1750.0:f8f2feeceecc20f6,a68a9b74449b44a3,3,3,3,AVAILABLE
mikl_gse173098,mikl_gse173098|mikl_gse173098|neurite_soma_mpra|GFP 3UTR MPRA|Neuro-2a|mikl:Rasl10b:1800.0:8a1238484fa98486,a68a9b74449b44a3,4,3,4,AVAILABLE
mikl_gse173098,mikl_gse173098|mikl_gse173098|neurite_soma_mpra|GFP 3UTR MPRA|Neuro-2a|mikl:Rasl10b:1800.0:9d4d759539fb092a,a68a9b74449b44a3,3,3,3,AVAILABLE
mikl_gse173098,mikl_gse173098|mikl_gse173098|neurite_soma_mpra|GFP 3UTR MPRA|Neuro-2a|mikl:Rasl10b:1850.0:6af40acf232542d2,a68a9b74449b44a3,4,3,4,AVAILABLE
mikl_gse173098,mikl_gse173098|mikl_gse173098|neurite_soma_mpra|GFP 3UTR MPRA|Neuro-2a|mikl:Rasl10b:1850.0:e11d7cf1d5edef68,a68a9b74449b44a3,2,3,2,AVAILABLE
mikl_gse173098,mikl_gse173098|mikl_gse173098|neurite_soma_mpra|GFP 3UTR MPRA|Neuro-2a|mikl:Rasl10b:1900.0:8d1bfdaf1db81d44,a68a9b74449b44a3,3,3,3,AVAILABLE
mikl_gse173098,mikl_gse173098|mikl_gse173098|neurite_soma_mpra|GFP 3UTR MPRA|Neuro-2a|mikl:Rasl10b:1950.0:a4cf034fdb31a27f,a68a9b74449b44a3,2,3,2,AVAILABLE
mikl_gse173098,mikl_gse173098|mikl_gse173098|neurite_soma_mpra|GFP 3UTR MPRA|Neuro-2a|mikl:Rasl10b:1950.0:ada8324310fba22d,a68a9b74449b44a3,2,3,2,AVAILABLE
mikl_gse173098,mikl_gse173098|mikl_gse173098|neurite_soma_mpra|GFP 3UTR MPRA|Neuro-2a|mikl:Rasl10b:2000.0:3870ec9cf8d6a036,a68a9b74449b44a3,2,3,2,AVAILABLE
mikl_gse173098,mikl_gse173098|mikl_gse173098|neurite_soma_mpra|GFP 3UTR MPRA|Neuro-2a|mikl:Rasl10b:2000.0:d0ae7e3ecc364ff9,a68a9b74449b44a3,2,3,2,AVAILABLE
mikl_gse173098,mikl_gse173098|mikl_gse173098|neurite_soma_mpra|GFP 3UTR MPRA|Neuro-2a|mikl:Rasl10b:2050.0:7af862da788f2b37,a68a9b74449b44a3,4,3,4,AVAILABLE
mikl_gse173098,mikl_gse173098|mikl_gse173098|neurite_soma_mpra|GFP 3UTR MPRA|Neuro-2a|mikl:Rasl10b:2100.0:28fdd8a81be7a5a8,a68a9b74449b44a3,3,3,3,AVAILABLE
mikl_gse173098,mikl_gse173098|mikl_gse173098|neurite_soma_mpra|GFP 3UTR MPRA|Neuro-2a|mikl:Rasl10b:2150.0:4a68399960590a5c,a68a9b74449b44a3,3,3,3,AVAILABLE
mikl_gse173098,mikl_gse173098|mikl_gse173098|neurite_soma_mpra|GFP 3UTR MPRA|Neuro-2a|mikl:Rasl10b:2200.0:19223d30386564e4,a68a9b74449b44a3,2,3,2,AVAILABLE
mikl_gse173098,mikl_gse173098|mikl_gse173098|neurite_soma_mpra|GFP 3UTR MPRA|Neuro-2a|mikl:Rasl10b:2250.0:74d151fcc22a5ac6,a68a9b74449b44a3,3,3,3,AVAILABLE
mikl_gse173098,mikl_gse173098|mikl_gse173098|neurite_soma_mpra|GFP 3UTR MPRA|Neuro-2a|mikl:Rasl10b:300.0:3d87647d325c42a6,a68a9b74449b44a3,3,3,3,AVAILABLE
mikl_gse173098,mikl_gse173098|mikl_gse173098|neurite_soma_mpra|GFP 3UTR MPRA|Neuro-2a|mikl:Rasl10b:350.0:ff051f73df3a86c9,a68a9b74449b44a3,3,3,3,AVAILABLE
mikl_gse173098,mikl_gse173098|mikl_gse173098|neurite_soma_mpra|GFP 3UTR MPRA|Neuro-2a|mikl:Rasl10b:400.0:b41f4a689a7f20db,a68a9b74449b44a3,4,3,4,AVAILABLE
mikl_gse173098,mikl_gse173098|mikl_gse173098|neurite_soma_mpra|GFP 3UTR MPRA|Neuro-2a|mikl:Rasl10b:800.0:5340e7eb1904a922,a68a9b74449b44a3,2,3,2,AVAILABLE
mikl_gse173098,mikl_gse173098|mikl_gse173098|neurite_soma_mpra|GFP 3UTR MPRA|Neuro-2a|mikl:Rasl10b:850.0:43437afa6ee38c91,a68a9b74449b44a3,2,3,2,AVAILABLE
mikl_gse173098,mikl_gse173098|mikl_gse173098|neurite_soma_mpra|GFP 3UTR MPRA|Neuro-2a|mikl:Rasl10b:900.0:152f931705bd039d,a68a9b74449b44a3,3,3,3,AVAILABLE
mikl_gse173098,mikl_gse173098|mikl_gse173098|neurite_soma_mpra|GFP 3UTR MPRA|Neuro-2a|mikl:Rasl10b:950.0:e3b8a0119847fa9f,a68a9b74449b44a3,2,3,2,AVAILABLE
mikl_gse173098,mikl_gse173098|mikl_gse173098|neurite_soma_mpra|GFP 3UTR MPRA|Neuro-2a|mikl:Rbm47:1700.0:9affb90b80ad44a8,33d2f9132a36a07d,2,3,2,AVAILABLE
mikl_gse173098,mikl_gse173098|mikl_gse173098|neurite_soma_mpra|GFP 3UTR MPRA|Neuro-2a|mikl:Rbm47:2150.0:8e841be18b5d6423,33d2f9132a36a07d,2,3,2,AVAILABLE
mikl_gse173098,mikl_gse173098|mikl_gse173098|neurite_soma_mpra|GFP 3UTR MPRA|Neuro-2a|mikl:Rmi2:100.0:9a89fb1dfa2a6d32,b86a81c41531f6b4,2,3,2,AVAILABLE
mikl_gse173098,mikl_gse173098|mikl_gse173098|neurite_soma_mpra|GFP 3UTR MPRA|Neuro-2a|mikl:Rmi2:1000.0:7aba321ec43e2454,b86a81c41531f6b4,2,3,2,AVAILABLE
mikl_gse173098,mikl_gse173098|mikl_gse173098|neurite_soma_mpra|GFP 3UTR MPRA|Neuro-2a|mikl:Rmi2:1050.0:679ab562cea910bb,b86a81c41531f6b4,2,3,2,AVAILABLE
mikl_gse173098,mikl_gse173098|mikl_gse173098|neurite_soma_mpra|GFP 3UTR MPRA|Neuro-2a|mikl:Rmi2:1450.0:4885e21d50363c3e,b86a81c41531f6b4,2,3,2,AVAILABLE
mikl_gse173098,mikl_gse173098|mikl_gse173098|neurite_soma_mpra|GFP 3UTR MPRA|Neuro-2a|mikl:Rmi2:150.0:75a59cf259af967b,b86a81c41531f6b4,2,3,2,AVAILABLE
mikl_gse173098,mikl_gse173098|mikl_gse173098|neurite_soma_mpra|GFP 3UTR MPRA|Neuro-2a|mikl:Rmi2:1500.0:4fa36f36f6203cda,b86a81c41531f6b4,2,3,2,AVAILABLE
mikl_gse173098,mikl_gse173098|mikl_gse173098|neurite_soma_mpra|GFP 3UTR MPRA|Neuro-2a|mikl:Rmi2:1550.0:221612d3defe6882,b86a81c41531f6b4,2,3,2,AVAILABLE
mikl_gse173098,mikl_gse173098|mikl_gse173098|neurite_soma_mpra|GFP 3UTR MPRA|Neuro-2a|mikl:Rmi2:200.0:8a9c70448f3e2122,b86a81c41531f6b4,2,3,2,AVAILABLE
mikl_gse173098,mikl_gse173098|mikl_gse173098|neurite_soma_mpra|GFP 3UTR MPRA|Neuro-2a|mikl:Rmi2:2350.0:325da49ce81839f3,b86a81c41531f6b4,2,3,2,AVAILABLE
mikl_gse173098,mikl_gse173098|mikl_gse173098|neurite_soma_mpra|GFP 3UTR MPRA|Neuro-2a|mikl:Rmi2:2400.0:a3aedbc61b5dbd9c,b86a81c41531f6b4,2,3,2,AVAILABLE
mikl_gse173098,mikl_gse173098|mikl_gse173098|neurite_soma_mpra|GFP 3UTR MPRA|Neuro-2a|mikl:Rmi2:2750.0:f44bcf5e7433bee0,b86a81c41531f6b4,2,3,2,AVAILABLE
mikl_gse173098,mikl_gse173098|mikl_gse173098|neurite_soma_mpra|GFP 3UTR MPRA|Neuro-2a|mikl:Rmi2:2800.0:6dc7be795caa691a,b86a81c41531f6b4,2,3,2,AVAILABLE
mikl_gse173098,mikl_gse173098|mikl_gse173098|neurite_soma_mpra|GFP 3UTR MPRA|Neuro-2a|mikl:Rmi2:2850.0:9d716841e2b3fa36,b86a81c41531f6b4,2,3,2,AVAILABLE
mikl_gse173098,mikl_gse173098|mikl_gse173098|neurite_soma_mpra|GFP 3UTR MPRA|Neuro-2a|mikl:Rmi2:350.0:2e2561986d2193d8,b86a81c41531f6b4,2,3,2,AVAILABLE
mikl_gse173098,mikl_gse173098|mikl_gse173098|neurite_soma_mpra|GFP 3UTR MPRA|Neuro-2a|mikl:Rnf165:1350.0:27784e6f8c79fcb3,b11306dcdc5654bb,2,3,2,AVAILABLE
mikl_gse173098,mikl_gse173098|mikl_gse173098|neurite_soma_mpra|GFP 3UTR MPRA|Neuro-2a|mikl:Rnf165:1400.0:4f52f7094a2d737a,b11306dcdc5654bb,2,3,2,AVAILABLE
mikl_gse173098,mikl_gse173098|mikl_gse173098|neurite_soma_mpra|GFP 3UTR MPRA|Neuro-2a|mikl:Rnf165:1450.0:be2df692eec6dd7a,b11306dcdc5654bb,2,3,2,AVAILABLE
mikl_gse173098,mikl_gse173098|mikl_gse173098|neurite_soma_mpra|GFP 3UTR MPRA|Neuro-2a|mikl:Rnf165:150.0:4ba6f0bfd4310dbf,b11306dcdc5654bb,2,3,2,AVAILABLE
mikl_gse173098,mikl_gse173098|mikl_gse173098|neurite_soma_mpra|GFP 3UTR MPRA|Neuro-2a|mikl:Rnf165:200.0:60ca92585600e63c,b11306dcdc5654bb,3,3,3,AVAILABLE
mikl_gse173098,mikl_gse173098|mikl_gse173098|neurite_soma_mpra|GFP 3UTR MPRA|Neuro-2a|mikl:Rnf165:2050.0:9a335633d79624ea,b11306dcdc5654bb,2,3,2,AVAILABLE
mikl_gse173098,mikl_gse173098|mikl_gse173098|neurite_soma_mpra|GFP 3UTR MPRA|Neuro-2a|mikl:Rnf165:2100.0:38b29d78a05d29fa,b11306dcdc5654bb,2,3,2,AVAILABLE
mikl_gse173098,mikl_gse173098|mikl_gse173098|neurite_soma_mpra|GFP 3UTR MPRA|Neuro-2a|mikl:Rnf165:2150.0:ab8aca86ca753411,b11306dcdc5654bb,2,3,2,AVAILABLE
mikl_gse173098,mikl_gse173098|mikl_gse173098|neurite_soma_mpra|GFP 3UTR MPRA|Neuro-2a|mikl:Rnf165:2800.0:2af58d346e9d18c8,b11306dcdc5654bb,3,3,3,AVAILABLE
mikl_gse173098,mikl_gse173098|mikl_gse173098|neurite_soma_mpra|GFP 3UTR MPRA|Neuro-2a|mikl:Rnf165:2850.0:d917d57385353363,b11306dcdc5654bb,2,3,2,AVAILABLE
mikl_gse173098,mikl_gse173098|mikl_gse173098|neurite_soma_mpra|GFP 3UTR MPRA|Neuro-2a|mikl:Rnf165:2900.0:ab3993c643b07e1d,b11306dcdc5654bb,3,3,3,AVAILABLE
mikl_gse173098,mikl_gse173098|mikl_gse173098|neurite_soma_mpra|GFP 3UTR MPRA|Neuro-2a|mikl:Rnf165:2950.0:fc00fbc2e98d8376,b11306dcdc5654bb,2,3,2,AVAILABLE
mikl_gse173098,mikl_gse173098|mikl_gse173098|neurite_soma_mpra|GFP 3UTR MPRA|Neuro-2a|mikl:Rnf165:350.0:dc2a3e7d194b57c6,b11306dcdc5654bb,2,3,2,AVAILABLE
mikl_gse173098,mikl_gse173098|mikl_gse173098|neurite_soma_mpra|GFP 3UTR MPRA|Neuro-2a|mikl:Rnf165:3500.0:af316ff445bd428d,b11306dcdc5654bb,3,3,3,AVAILABLE
mikl_gse173098,mikl_gse173098|mikl_gse173098|neurite_soma_mpra|GFP 3UTR MPRA|Neuro-2a|mikl:Rnf165:400.0:590a4ce8f5f3ae05,b11306dcdc5654bb,2,3,2,AVAILABLE
mikl_gse173098,mikl_gse173098|mikl_gse173098|neurite_soma_mpra|GFP 3UTR MPRA|Neuro-2a|mikl:Rnf165:4350.0:7ac3fe0c1e60e38c,b11306dcdc5654bb,2,3,2,AVAILABLE
mikl_gse173098,mikl_gse173098|mikl_gse173098|neurite_soma_mpra|GFP 3UTR MPRA|Neuro-2a|mikl:Rnf165:4400.0:c56774f2b07cfaab,b11306dcdc5654bb,3,3,3,AVAILABLE
mikl_gse173098,mikl_gse173098|mikl_gse173098|neurite_soma_mpra|GFP 3UTR MPRA|Neuro-2a|mikl:Rnf165:4450.0:bc170d39b2962d06,b11306dcdc5654bb,2,3,2,AVAILABLE
mikl_gse173098,mikl_gse173098|mikl_gse173098|neurite_soma_mpra|GFP 3UTR MPRA|Neuro-2a|mikl:Rnf165:4500.0:a9124124c674a107,b11306dcdc5654bb,2,3,2,AVAILABLE
mikl_gse173098,mikl_gse173098|mikl_gse173098|neurite_soma_mpra|GFP 3UTR MPRA|Neuro-2a|mikl:Rnf165:4850.0:7f49432777a2b2c0,b11306dcdc5654bb,2,3,2,AVAILABLE
mikl_gse173098,mikl_gse173098|mikl_gse173098|neurite_soma_mpra|GFP 3UTR MPRA|Neuro-2a|mikl:Rnf165:4900.0:1486339d2883f1f0,b11306dcdc5654bb,2,3,2,AVAILABLE
mikl_gse173098,mikl_gse173098|mikl_gse173098|neurite_soma_mpra|GFP 3UTR MPRA|Neuro-2a|mikl:Rnf165:5100.0:42f936966a1722d6,b11306dcdc5654bb,5,3,5,AVAILABLE
mikl_gse173098,mikl_gse173098|mikl_gse173098|neurite_soma_mpra|GFP 3UTR MPRA|Neuro-2a|mikl:Rnf165:5150.0:b75e00750c8b1d52,b11306dcdc5654bb,4,3,4,AVAILABLE
mikl_gse173098,mikl_gse173098|mikl_gse173098|neurite_soma_mpra|GFP 3UTR MPRA|Neuro-2a|mikl:Rnf165:5200.0:74348eb4e1872997,b11306dcdc5654bb,4,3,4,AVAILABLE
mikl_gse173098,mikl_gse173098|mikl_gse173098|neurite_soma_mpra|GFP 3UTR MPRA|Neuro-2a|mikl:Rnf165:5350.0:efebb3c5153d2e8d,b11306dcdc5654bb,2,3,2,AVAILABLE
mikl_gse173098,mikl_gse173098|mikl_gse173098|neurite_soma_mpra|GFP 3UTR MPRA|Neuro-2a|mikl:Rnf165:5700.0:7882aeebfbbe82a8,b11306dcdc5654bb,3,3,3,AVAILABLE
mikl_gse173098,mikl_gse173098|mikl_gse173098|neurite_soma_mpra|GFP 3UTR MPRA|Neuro-2a|mikl:Rnf165:5750.0:e9092dddeb26a8d6,b11306dcdc5654bb,2,3,2,AVAILABLE
mikl_gse173098,mikl_gse173098|mikl_gse173098|neurite_soma_mpra|GFP 3UTR MPRA|Neuro-2a|mikl:Rnf165:5800.0:c68e92d87cd2a9bf,b11306dcdc5654bb,2,3,2,AVAILABLE
mikl_gse173098,mikl_gse173098|mikl_gse173098|neurite_soma_mpra|GFP 3UTR MPRA|Neuro-2a|mikl:Rnf165:650.0:6ff9fc3e5411042d,b11306dcdc5654bb,4,3,4,AVAILABLE
mikl_gse173098,mikl_gse173098|mikl_gse173098|neurite_soma_mpra|GFP 3UTR MPRA|Neuro-2a|mikl:Rorb:1350.0:67fb03648c2492f4,86453382b7180935,2,3,2,AVAILABLE
mikl_gse173098,mikl_gse173098|mikl_gse173098|neurite_soma_mpra|GFP 3UTR MPRA|Neuro-2a|mikl:Rorb:1400.0:e6f22ed45cde3f95,86453382b7180935,2,3,2,AVAILABLE
mikl_gse173098,mikl_gse173098|mikl_gse173098|neurite_soma_mpra|GFP 3UTR MPRA|Neuro-2a|mikl:Rorb:1450.0:f3c1d4fcfeae65b7,86453382b7180935,2,3,2,AVAILABLE
mikl_gse173098,mikl_gse173098|mikl_gse173098|neurite_soma_mpra|GFP 3UTR MPRA|Neuro-2a|mikl:Rorb:2450.0:e2d1ab5b62898194,86453382b7180935,2,3,2,AVAILABLE
mikl_gse173098,mikl_gse173098|mikl_gse173098|neurite_soma_mpra|GFP 3UTR MPRA|Neuro-2a|mikl:Rorb:2500.0:b1ce0d7591230843,86453382b7180935,2,3,2,AVAILABLE
mikl_gse173098,mikl_gse173098|mikl_gse173098|neurite_soma_mpra|GFP 3UTR MPRA|Neuro-2a|mikl:Rorb:2950.0:dbdc8dcae86a29a0,86453382b7180935,3,3,3,AVAILABLE
mikl_gse173098,mikl_gse173098|mikl_gse173098|neurite_soma_mpra|GFP 3UTR MPRA|Neuro-2a|mikl:Rorb:3000.0:ca10d6828015aeed,86453382b7180935,2,3,2,AVAILABLE
mikl_gse173098,mikl_gse173098|mikl_gse173098|neurite_soma_mpra|GFP 3UTR MPRA|Neuro-2a|mikl:Rpl21:0.0:c5d36a0c06b35f93,742f1858e20176f2,4,3,4,AVAILABLE
mikl_gse173098,mikl_gse173098|mikl_gse173098|neurite_soma_mpra|GFP 3UTR MPRA|Neuro-2a|mikl:Rpl21:100.0:a2e3e2583aa76969,742f1858e20176f2,5,3,5,AVAILABLE
mikl_gse173098,mikl_gse173098|mikl_gse173098|neurite_soma_mpra|GFP 3UTR MPRA|Neuro-2a|mikl:Rpl21:150.0:bbbea5be56ba7b8e,742f1858e20176f2,6,3,6,AVAILABLE
mikl_gse173098,mikl_gse173098|mikl_gse173098|neurite_soma_mpra|GFP 3UTR MPRA|Neuro-2a|mikl:Rpl21:200.0:ceaa160110c82bc5,742f1858e20176f2,4,3,4,AVAILABLE
mikl_gse173098,mikl_gse173098|mikl_gse173098|neurite_soma_mpra|GFP 3UTR MPRA|Neuro-2a|mikl:Rpl21:250.0:9d63a403ff96db1a,742f1858e20176f2,2,3,2,AVAILABLE
mikl_gse173098,mikl_gse173098|mikl_gse173098|neurite_soma_mpra|GFP 3UTR MPRA|Neuro-2a|mikl:Rpl21:300.0:b8301d0c27677e67,742f1858e20176f2,5,3,5,AVAILABLE
mikl_gse173098,mikl_gse173098|mikl_gse173098|neurite_soma_mpra|GFP 3UTR MPRA|Neuro-2a|mikl:Rpl21:350.0:6669dd1cb53bf6c6,742f1858e20176f2,4,3,4,AVAILABLE
mikl_gse173098,mikl_gse173098|mikl_gse173098|neurite_soma_mpra|GFP 3UTR MPRA|Neuro-2a|mikl:Rpl21:400.0:b33368b7c5b6e05b,742f1858e20176f2,3,3,3,AVAILABLE
mikl_gse173098,mikl_gse173098|mikl_gse173098|neurite_soma_mpra|GFP 3UTR MPRA|Neuro-2a|mikl:Rpl21:450.0:a1068452f1a1253a,742f1858e20176f2,4,3,4,AVAILABLE
mikl_gse173098,mikl_gse173098|mikl_gse173098|neurite_soma_mpra|GFP 3UTR MPRA|Neuro-2a|mikl:Rpl21:50.0:82e0dfbe229be776,742f1858e20176f2,3,3,3,AVAILABLE
mikl_gse173098,mikl_gse173098|mikl_gse173098|neurite_soma_mpra|GFP 3UTR MPRA|Neuro-2a|mikl:Rpl21:500.0:209e940d5e6cbdc8,742f1858e20176f2,4,3,4,AVAILABLE
mikl_gse173098,mikl_gse173098|mikl_gse173098|neurite_soma_mpra|GFP 3UTR MPRA|Neuro-2a|mikl:Rpl21:550.0:73c82987430427fd,742f1858e20176f2,3,3,3,AVAILABLE
mikl_gse173098,mikl_gse173098|mikl_gse173098|neurite_soma_mpra|GFP 3UTR MPRA|Neuro-2a|mikl:Rpl21:800.0:adfbc3bd6fc92153,742f1858e20176f2,2,3,2,AVAILABLE
mikl_gse173098,mikl_gse173098|mikl_gse173098|neurite_soma_mpra|GFP 3UTR MPRA|Neuro-2a|mikl:Rpl21:850.0:81f6bb2aff47a9b8,742f1858e20176f2,2,3,2,AVAILABLE
mikl_gse173098,mikl_gse173098|mikl_gse173098|neurite_soma_mpra|GFP 3UTR MPRA|Neuro-2a|mikl:Rpl21:900.0:fd358c7df8b70fe8,742f1858e20176f2,2,3,2,AVAILABLE
mikl_gse173098,mikl_gse173098|mikl_gse173098|neurite_soma_mpra|GFP 3UTR MPRA|Neuro-2a|mikl:Rpl31:300.0:f74d0721c2f61d8b,ef381237f5ab47b3,4,3,4,AVAILABLE
mikl_gse173098,mikl_gse173098|mikl_gse173098|neurite_soma_mpra|GFP 3UTR MPRA|Neuro-2a|mikl:Rpl31:350.0:ee3e6fad935840ab,ef381237f5ab47b3,4,3,4,AVAILABLE
mikl_gse173098,mikl_gse173098|mikl_gse173098|neurite_soma_mpra|GFP 3UTR MPRA|Neuro-2a|mikl:Rpl31:400.0:197625c1d91b718b,ef381237f5ab47b3,6,3,6,AVAILABLE
mikl_gse173098,mikl_gse173098|mikl_gse173098|neurite_soma_mpra|GFP 3UTR MPRA|Neuro-2a|mikl:Rpl31:50.0:7f67b17880c96d9c,ef381237f5ab47b3,2,3,2,AVAILABLE
mikl_gse173098,mikl_gse173098|mikl_gse173098|neurite_soma_mpra|GFP 3UTR MPRA|Neuro-2a|mikl:Rpl37:0.0:635684888f23afe4,eaeb653ab58d1ef0,2,3,2,AVAILABLE
mikl_gse173098,mikl_gse173098|mikl_gse173098|neurite_soma_mpra|GFP 3UTR MPRA|Neuro-2a|mikl:Rpl37:150.0:e9c083a1ab369de6,eaeb653ab58d1ef0,4,3,4,AVAILABLE
mikl_gse173098,mikl_gse173098|mikl_gse173098|neurite_soma_mpra|GFP 3UTR MPRA|Neuro-2a|mikl:Rpl37:200.0:78f23abb5c47e71d,eaeb653ab58d1ef0,4,3,4,AVAILABLE
mikl_gse173098,mikl_gse173098|mikl_gse173098|neurite_soma_mpra|GFP 3UTR MPRA|Neuro-2a|mikl:Rpl37:250.0:3d3f357c03a730a5,eaeb653ab58d1ef0,2,3,2,AVAILABLE
mikl_gse173098,mikl_gse173098|mikl_gse173098|neurite_soma_mpra|GFP 3UTR MPRA|Neuro-2a|mikl:Rpl37:50.0:d9302111684aeccf,eaeb653ab58d1ef0,4,3,4,AVAILABLE
mikl_gse173098,mikl_gse173098|mikl_gse173098|neurite_soma_mpra|GFP 3UTR MPRA|Neuro-2a|mikl:Rps19:100.0:f2af9829d7f608c5,fb675b73cda52e31,2,3,2,AVAILABLE
mikl_gse173098,mikl_gse173098|mikl_gse173098|neurite_soma_mpra|GFP 3UTR MPRA|Neuro-2a|mikl:Rps19:150.0:efba61c99e61be27,fb675b73cda52e31,2,3,2,AVAILABLE
mikl_gse173098,mikl_gse173098|mikl_gse173098|neurite_soma_mpra|GFP 3UTR MPRA|Neuro-2a|mikl:Rps20:1600.0:3fa4450343907bd4,e5aecd2640ae7337,2,3,2,AVAILABLE
mikl_gse173098,mikl_gse173098|mikl_gse173098|neurite_soma_mpra|GFP 3UTR MPRA|Neuro-2a|mikl:Rps20:1650.0:048a4bb85be64642,e5aecd2640ae7337,3,3,3,AVAILABLE
mikl_gse173098,mikl_gse173098|mikl_gse173098|neurite_soma_mpra|GFP 3UTR MPRA|Neuro-2a|mikl:Rps20:1700.0:fc0a19a0c6306f03,e5aecd2640ae7337,3,3,3,AVAILABLE
mikl_gse173098,mikl_gse173098|mikl_gse173098|neurite_soma_mpra|GFP 3UTR MPRA|Neuro-2a|mikl:Rps20:2950.0:cf7ddc9c35ed33ca,e5aecd2640ae7337,3,3,3,AVAILABLE
mikl_gse173098,mikl_gse173098|mikl_gse173098|neurite_soma_mpra|GFP 3UTR MPRA|Neuro-2a|mikl:Rps24:600.0:3f1ec7c8cbdff0de,d8f6a3b9d3f4531f,2,3,2,AVAILABLE
mikl_gse173098,mikl_gse173098|mikl_gse173098|neurite_soma_mpra|GFP 3UTR MPRA|Neuro-2a|mikl:Rps24:700.0:91e2e514e0c3ff86,d8f6a3b9d3f4531f,2,3,2,AVAILABLE
mikl_gse173098,mikl_gse173098|mikl_gse173098|neurite_soma_mpra|GFP 3UTR MPRA|Neuro-2a|mikl:Rpsa:100.0:4c959d8d0cef1043,7ed3e297b627ae1d,5,3,5,AVAILABLE
mikl_gse173098,mikl_gse173098|mikl_gse173098|neurite_soma_mpra|GFP 3UTR MPRA|Neuro-2a|mikl:Rpsa:150.0:870514577035d711,7ed3e297b627ae1d,5,3,5,AVAILABLE
mikl_gse173098,mikl_gse173098|mikl_gse173098|neurite_soma_mpra|GFP 3UTR MPRA|Neuro-2a|mikl:Rpsa:200.0:7918420d29d1e8b1,7ed3e297b627ae1d,2,3,2,AVAILABLE
mikl_gse173098,mikl_gse173098|mikl_gse173098|neurite_soma_mpra|GFP 3UTR MPRA|Neuro-2a|mikl:Rpsa:250.0:026c9b88c214ad8c,7ed3e297b627ae1d,2,3,2,AVAILABLE
mikl_gse173098,mikl_gse173098|mikl_gse173098|neurite_soma_mpra|GFP 3UTR MPRA|Neuro-2a|mikl:Rpsa:300.0:5b39cf0589396a1e,7ed3e297b627ae1d,2,3,2,AVAILABLE
mikl_gse173098,mikl_gse173098|mikl_gse173098|neurite_soma_mpra|GFP 3UTR MPRA|Neuro-2a|mikl:Rpsa:400.0:542c967c5efd03ba,7ed3e297b627ae1d,2,3,2,AVAILABLE
mikl_gse173098,mikl_gse173098|mikl_gse173098|neurite_soma_mpra|GFP 3UTR MPRA|Neuro-2a|mikl:Rpsa:450.0:1293e870b287c288,7ed3e297b627ae1d,2,3,2,AVAILABLE
mikl_gse173098,mikl_gse173098|mikl_gse173098|neurite_soma_mpra|GFP 3UTR MPRA|Neuro-2a|mikl:Rpsa:450.0:2968e9e9740da707,7ed3e297b627ae1d,2,3,2,AVAILABLE
mikl_gse173098,mikl_gse173098|mikl_gse173098|neurite_soma_mpra|GFP 3UTR MPRA|Neuro-2a|mikl:Rpsa:50.0:2fffdc2bc60ebff0,7ed3e297b627ae1d,4,3,4,AVAILABLE
mikl_gse173098,mikl_gse173098|mikl_gse173098|neurite_soma_mpra|GFP 3UTR MPRA|Neuro-2a|mikl:Rpsa:500.0:e5bc21508b48b904,7ed3e297b627ae1d,2,3,2,AVAILABLE
mikl_gse173098,mikl_gse173098|mikl_gse173098|neurite_soma_mpra|GFP 3UTR MPRA|Neuro-2a|mikl:Rpsa:650.0:cee477d02de4ffaf,7ed3e297b627ae1d,2,3,2,AVAILABLE
mikl_gse173098,mikl_gse173098|mikl_gse173098|neurite_soma_mpra|GFP 3UTR MPRA|Neuro-2a|mikl:Rragb:0.0:e375ff69cefaa3c2,e4cda7c90fdf136a,3,3,3,AVAILABLE
mikl_gse173098,mikl_gse173098|mikl_gse173098|neurite_soma_mpra|GFP 3UTR MPRA|Neuro-2a|mikl:Rragb:100.0:7d513c48bf471d75,e4cda7c90fdf136a,2,3,2,AVAILABLE
mikl_gse173098,mikl_gse173098|mikl_gse173098|neurite_soma_mpra|GFP 3UTR MPRA|Neuro-2a|mikl:Rragb:250.0:4f55dddf61dd5908,e4cda7c90fdf136a,3,3,3,AVAILABLE
mikl_gse173098,mikl_gse173098|mikl_gse173098|neurite_soma_mpra|GFP 3UTR MPRA|Neuro-2a|mikl:Rragb:300.0:20312ffff03e72cb,e4cda7c90fdf136a,2,3,2,AVAILABLE
mikl_gse173098,mikl_gse173098|mikl_gse173098|neurite_soma_mpra|GFP 3UTR MPRA|Neuro-2a|mikl:Rragb:350.0:2c5e822c4ae3d4d6,e4cda7c90fdf136a,2,3,2,AVAILABLE
mikl_gse173098,mikl_gse173098|mikl_gse173098|neurite_soma_mpra|GFP 3UTR MPRA|Neuro-2a|mikl:Rragb:400.0:e95f14ffb5bb68cd,e4cda7c90fdf136a,3,3,3,AVAILABLE
mikl_gse173098,mikl_gse173098|mikl_gse173098|neurite_soma_mpra|GFP 3UTR MPRA|Neuro-2a|mikl:Rragb:450.0:2955275413933c67,e4cda7c90fdf136a,3,3,3,AVAILABLE
mikl_gse173098,mikl_gse173098|mikl_gse173098|neurite_soma_mpra|GFP 3UTR MPRA|Neuro-2a|mikl:Selenow:0.0:6c5fb896dfca1365,f93aca3e88277806,2,3,2,AVAILABLE
mikl_gse173098,mikl_gse173098|mikl_gse173098|neurite_soma_mpra|GFP 3UTR MPRA|Neuro-2a|mikl:Serbp1:11450.0:1a94f09b0e83244e,4b1c676a667855fd,2,3,2,AVAILABLE
mikl_gse173098,mikl_gse173098|mikl_gse173098|neurite_soma_mpra|GFP 3UTR MPRA|Neuro-2a|mikl:Serbp1:12100.0:9182cd480783cb02,4b1c676a667855fd,2,3,2,AVAILABLE
mikl_gse173098,mikl_gse173098|mikl_gse173098|neurite_soma_mpra|GFP 3UTR MPRA|Neuro-2a|mikl:Serbp1:12950.0:59605ec0aaac7135,4b1c676a667855fd,2,3,2,AVAILABLE
mikl_gse173098,mikl_gse173098|mikl_gse173098|neurite_soma_mpra|GFP 3UTR MPRA|Neuro-2a|mikl:Serbp1:2100.0:e0249cabed73ca49,4b1c676a667855fd,2,3,2,AVAILABLE
mikl_gse173098,mikl_gse173098|mikl_gse173098|neurite_soma_mpra|GFP 3UTR MPRA|Neuro-2a|mikl:Serbp1:2150.0:f08dd86714d14798,4b1c676a667855fd,2,3,2,AVAILABLE
mikl_gse173098,mikl_gse173098|mikl_gse173098|neurite_soma_mpra|GFP 3UTR MPRA|Neuro-2a|mikl:Serbp1:2350.0:b6cc5945f22d9431,4b1c676a667855fd,2,3,2,AVAILABLE
mikl_gse173098,mikl_gse173098|mikl_gse173098|neurite_soma_mpra|GFP 3UTR MPRA|Neuro-2a|mikl:Serbp1:3950.0:b688e7a108d6ff1d,4b1c676a667855fd,2,3,2,AVAILABLE
mikl_gse173098,mikl_gse173098|mikl_gse173098|neurite_soma_mpra|GFP 3UTR MPRA|Neuro-2a|mikl:Serbp1:4000.0:8f5230f7150b2b6c,4b1c676a667855fd,3,3,3,AVAILABLE
mikl_gse173098,mikl_gse173098|mikl_gse173098|neurite_soma_mpra|GFP 3UTR MPRA|Neuro-2a|mikl:Serbp1:4050.0:7558949ff6884056,4b1c676a667855fd,2,3,2,AVAILABLE
mikl_gse173098,mikl_gse173098|mikl_gse173098|neurite_soma_mpra|GFP 3UTR MPRA|Neuro-2a|mikl:Serbp1:4700.0:822519a6c16d6efc,4b1c676a667855fd,2,3,2,AVAILABLE
mikl_gse173098,mikl_gse173098|mikl_gse173098|neurite_soma_mpra|GFP 3UTR MPRA|Neuro-2a|mikl:Serbp1:6500.0:174ca55873b1ec80,4b1c676a667855fd,2,3,2,AVAILABLE
mikl_gse173098,mikl_gse173098|mikl_gse173098|neurite_soma_mpra|GFP 3UTR MPRA|Neuro-2a|mikl:Serbp1:6550.0:b8ab26d8f2022dd7,4b1c676a667855fd,2,3,2,AVAILABLE
mikl_gse173098,mikl_gse173098|mikl_gse173098|neurite_soma_mpra|GFP 3UTR MPRA|Neuro-2a|mikl:Serbp1:6600.0:61ff5de3bd0de9ff,4b1c676a667855fd,2,3,2,AVAILABLE
mikl_gse173098,mikl_gse173098|mikl_gse173098|neurite_soma_mpra|GFP 3UTR MPRA|Neuro-2a|mikl:Serbp1:7500.0:21e5f0f32371b6e5,4b1c676a667855fd,2,3,2,AVAILABLE
mikl_gse173098,mikl_gse173098|mikl_gse173098|neurite_soma_mpra|GFP 3UTR MPRA|Neuro-2a|mikl:Serbp1:7550.0:0a2b092dfb1ea097,4b1c676a667855fd,3,3,3,AVAILABLE
mikl_gse173098,mikl_gse173098|mikl_gse173098|neurite_soma_mpra|GFP 3UTR MPRA|Neuro-2a|mikl:Serbp1:7600.0:7c992cb6cfbd530e,4b1c676a667855fd,3,3,3,AVAILABLE
mikl_gse173098,mikl_gse173098|mikl_gse173098|neurite_soma_mpra|GFP 3UTR MPRA|Neuro-2a|mikl:Serbp1:7650.0:76173afc69409a2f,4b1c676a667855fd,3,3,3,AVAILABLE
mikl_gse173098,mikl_gse173098|mikl_gse173098|neurite_soma_mpra|GFP 3UTR MPRA|Neuro-2a|mikl:Serbp1:7700.0:412087baeb06cc3b,4b1c676a667855fd,2,3,2,AVAILABLE
mikl_gse173098,mikl_gse173098|mikl_gse173098|neurite_soma_mpra|GFP 3UTR MPRA|Neuro-2a|mikl:Serbp1:7900.0:1d37412f089b4c56,4b1c676a667855fd,3,3,3,AVAILABLE
mikl_gse173098,mikl_gse173098|mikl_gse173098|neurite_soma_mpra|GFP 3UTR MPRA|Neuro-2a|mikl:Serbp1:7950.0:205a163e0b09ad22,4b1c676a667855fd,3,3,3,AVAILABLE
mikl_gse173098,mikl_gse173098|mikl_gse173098|neurite_soma_mpra|GFP 3UTR MPRA|Neuro-2a|mikl:Serbp1:800.0:9553aa4c9f1d1385,4b1c676a667855fd,2,3,2,AVAILABLE
mikl_gse173098,mikl_gse173098|mikl_gse173098|neurite_soma_mpra|GFP 3UTR MPRA|Neuro-2a|mikl:Serbp1:8000.0:cae2dc9fc80e0b81,4b1c676a667855fd,3,3,3,AVAILABLE
mikl_gse173098,mikl_gse173098|mikl_gse173098|neurite_soma_mpra|GFP 3UTR MPRA|Neuro-2a|mikl:Serbp1:9000.0:2741ced684aa2abf,4b1c676a667855fd,2,3,2,AVAILABLE
mikl_gse173098,mikl_gse173098|mikl_gse173098|neurite_soma_mpra|GFP 3UTR MPRA|Neuro-2a|mikl:Serbp1:9100.0:217df6d5b0d009b9,4b1c676a667855fd,2,3,2,AVAILABLE
mikl_gse173098,mikl_gse173098|mikl_gse173098|neurite_soma_mpra|GFP 3UTR MPRA|Neuro-2a|mikl:Serbp1:9150.0:e9f15011a3aea1bd,4b1c676a667855fd,2,3,2,AVAILABLE
mikl_gse173098,mikl_gse173098|mikl_gse173098|neurite_soma_mpra|GFP 3UTR MPRA|Neuro-2a|mikl:Serbp1:9200.0:0c8736ccae61acd7,4b1c676a667855fd,2,3,2,AVAILABLE
mikl_gse173098,mikl_gse173098|mikl_gse173098|neurite_soma_mpra|GFP 3UTR MPRA|Neuro-2a|mikl:Serbp1:9450.0:c812d1254d88a811,4b1c676a667855fd,3,3,3,AVAILABLE
mikl_gse173098,mikl_gse173098|mikl_gse173098|neurite_soma_mpra|GFP 3UTR MPRA|Neuro-2a|mikl:Serbp1:9500.0:73f98435489fedc5,4b1c676a667855fd,2,3,2,AVAILABLE
mikl_gse173098,mikl_gse173098|mikl_gse173098|neurite_soma_mpra|GFP 3UTR MPRA|Neuro-2a|mikl:Serbp1:9550.0:9ab0e5f274d2c1c9,4b1c676a667855fd,2,3,2,AVAILABLE
mikl_gse173098,mikl_gse173098|mikl_gse173098|neurite_soma_mpra|GFP 3UTR MPRA|Neuro-2a|mikl:Serhl:0.0:2f7041794b68e5b9,7b17d148df92b55a,2,3,2,AVAILABLE
mikl_gse173098,mikl_gse173098|mikl_gse173098|neurite_soma_mpra|GFP 3UTR MPRA|Neuro-2a|mikl:Serhl:0.0:49010fb06aed6fb0,7b17d148df92b55a,2,3,2,AVAILABLE
mikl_gse173098,mikl_gse173098|mikl_gse173098|neurite_soma_mpra|GFP 3UTR MPRA|Neuro-2a|mikl:Serhl:100.0:9f0d79c0eaf17e4a,7b17d148df92b55a,2,3,2,AVAILABLE
mikl_gse173098,mikl_gse173098|mikl_gse173098|neurite_soma_mpra|GFP 3UTR MPRA|Neuro-2a|mikl:Serhl:50.0:59a25103af8d6a4c,7b17d148df92b55a,2,3,2,AVAILABLE
mikl_gse173098,mikl_gse173098|mikl_gse173098|neurite_soma_mpra|GFP 3UTR MPRA|Neuro-2a|mikl:Serpine2:450.0:810fea87a095e0ab,1dcd99bce05c42bc,2,3,2,AVAILABLE
mikl_gse173098,mikl_gse173098|mikl_gse173098|neurite_soma_mpra|GFP 3UTR MPRA|Neuro-2a|mikl:Shank1:0.0:f707fe6fb816d94b,df6c6271db2d4e9d,2,3,2,AVAILABLE
mikl_gse173098,mikl_gse173098|mikl_gse173098|neurite_soma_mpra|GFP 3UTR MPRA|Neuro-2a|mikl:Shank1:200.0:baa1db90040cc833,df6c6271db2d4e9d,3,3,3,AVAILABLE
mikl_gse173098,mikl_gse173098|mikl_gse173098|neurite_soma_mpra|GFP 3UTR MPRA|Neuro-2a|mikl:Shank1:2000.0:dbfd55a9901b23de,df6c6271db2d4e9d,3,3,3,AVAILABLE
mikl_gse173098,mikl_gse173098|mikl_gse173098|neurite_soma_mpra|GFP 3UTR MPRA|Neuro-2a|mikl:Shank1:2050.0:6c2cb30b85eacb79,df6c6271db2d4e9d,2,3,2,AVAILABLE
mikl_gse173098,mikl_gse173098|mikl_gse173098|neurite_soma_mpra|GFP 3UTR MPRA|Neuro-2a|mikl:Shank1:2100.0:c444a9d129fa8721,df6c6271db2d4e9d,3,3,3,AVAILABLE
mikl_gse173098,mikl_gse173098|mikl_gse173098|neurite_soma_mpra|GFP 3UTR MPRA|Neuro-2a|mikl:Shank1:2150.0:10a10032321e1e5f,df6c6271db2d4e9d,2,3,2,AVAILABLE
mikl_gse173098,mikl_gse173098|mikl_gse173098|neurite_soma_mpra|GFP 3UTR MPRA|Neuro-2a|mikl:Shank1:2200.0:0303e0b76ce27867,df6c6271db2d4e9d,5,3,5,AVAILABLE
mikl_gse173098,mikl_gse173098|mikl_gse173098|neurite_soma_mpra|GFP 3UTR MPRA|Neuro-2a|mikl:Shank1:2250.0:818124b3ade28771,df6c6271db2d4e9d,2,3,2,AVAILABLE
mikl_gse173098,mikl_gse173098|mikl_gse173098|neurite_soma_mpra|GFP 3UTR MPRA|Neuro-2a|mikl:Shank1:2350.0:fa0fbf4e5ad5979c,df6c6271db2d4e9d,5,3,5,AVAILABLE
mikl_gse173098,mikl_gse173098|mikl_gse173098|neurite_soma_mpra|GFP 3UTR MPRA|Neuro-2a|mikl:Shank1:2400.0:e05d3bdd36e17956,df6c6271db2d4e9d,3,3,3,AVAILABLE
mikl_gse173098,mikl_gse173098|mikl_gse173098|neurite_soma_mpra|GFP 3UTR MPRA|Neuro-2a|mikl:Shank1:2450.0:ab24cd495790c1c2,df6c6271db2d4e9d,3,3,3,AVAILABLE
mikl_gse173098,mikl_gse173098|mikl_gse173098|neurite_soma_mpra|GFP 3UTR MPRA|Neuro-2a|mikl:Shank1:2650.0:2aeae6288e41342d,df6c6271db2d4e9d,2,3,2,AVAILABLE
mikl_gse173098,mikl_gse173098|mikl_gse173098|neurite_soma_mpra|GFP 3UTR MPRA|Neuro-2a|mikl:Shank1:2700.0:1f995d494e90da0c,df6c6271db2d4e9d,2,3,2,AVAILABLE
mikl_gse173098,mikl_gse173098|mikl_gse173098|neurite_soma_mpra|GFP 3UTR MPRA|Neuro-2a|mikl:Shank1:2750.0:959397563a3fbb97,df6c6271db2d4e9d,2,3,2,AVAILABLE
mikl_gse173098,mikl_gse173098|mikl_gse173098|neurite_soma_mpra|GFP 3UTR MPRA|Neuro-2a|mikl:Shank1:300.0:f9aaff5742bebc94,df6c6271db2d4e9d,2,3,2,AVAILABLE
mikl_gse173098,mikl_gse173098|mikl_gse173098|neurite_soma_mpra|GFP 3UTR MPRA|Neuro-2a|mikl:Shank1:350.0:5a60965e4dd51ead,df6c6271db2d4e9d,2,3,2,AVAILABLE
mikl_gse173098,mikl_gse173098|mikl_gse173098|neurite_soma_mpra|GFP 3UTR MPRA|Neuro-2a|mikl:Shank1:400.0:7fc8d4e669e624ef,df6c6271db2d4e9d,2,3,2,AVAILABLE
mikl_gse173098,mikl_gse173098|mikl_gse173098|neurite_soma_mpra|GFP 3UTR MPRA|Neuro-2a|mikl:Shank1:450.0:f0e54f8dddad134c,df6c6271db2d4e9d,2,3,2,AVAILABLE
mikl_gse173098,mikl_gse173098|mikl_gse173098|neurite_soma_mpra|GFP 3UTR MPRA|Neuro-2a|mikl:Shank3:1100.0:041e470c67c7cb3f,864e3fa3c29f0e49,2,3,2,AVAILABLE
mikl_gse173098,mikl_gse173098|mikl_gse173098|neurite_soma_mpra|GFP 3UTR MPRA|Neuro-2a|mikl:Shank3:1150.0:09adc3eba1e6e1ce,864e3fa3c29f0e49,2,3,2,AVAILABLE
mikl_gse173098,mikl_gse173098|mikl_gse173098|neurite_soma_mpra|GFP 3UTR MPRA|Neuro-2a|mikl:Shank3:1650.0:c6e21f072f0cf9e9,864e3fa3c29f0e49,2,3,2,AVAILABLE
mikl_gse173098,mikl_gse173098|mikl_gse173098|neurite_soma_mpra|GFP 3UTR MPRA|Neuro-2a|mikl:Shank3:1750.0:890a59a5d266e04a,864e3fa3c29f0e49,2,3,2,AVAILABLE
mikl_gse173098,mikl_gse173098|mikl_gse173098|neurite_soma_mpra|GFP 3UTR MPRA|Neuro-2a|mikl:Shank3:1850.0:dcad7d05c846d17b,864e3fa3c29f0e49,2,3,2,AVAILABLE
mikl_gse173098,mikl_gse173098|mikl_gse173098|neurite_soma_mpra|GFP 3UTR MPRA|Neuro-2a|mikl:Shank3:2150.0:f4d03bbd5bee72bd,864e3fa3c29f0e49,2,3,2,AVAILABLE
mikl_gse173098,mikl_gse173098|mikl_gse173098|neurite_soma_mpra|GFP 3UTR MPRA|Neuro-2a|mikl:Shank3:2200.0:9d24559f3f61413a,864e3fa3c29f0e49,2,3,2,AVAILABLE
mikl_gse173098,mikl_gse173098|mikl_gse173098|neurite_soma_mpra|GFP 3UTR MPRA|Neuro-2a|mikl:Shank3:2250.0:db9fc156ea11b788,864e3fa3c29f0e49,2,3,2,AVAILABLE
mikl_gse173098,mikl_gse173098|mikl_gse173098|neurite_soma_mpra|GFP 3UTR MPRA|Neuro-2a|mikl:Shank3:650.0:a43a0a6029a8d772,864e3fa3c29f0e49,2,3,2,AVAILABLE
mikl_gse173098,mikl_gse173098|mikl_gse173098|neurite_soma_mpra|GFP 3UTR MPRA|Neuro-2a|mikl:Shank3:850.0:e0326c5a79ef1589,864e3fa3c29f0e49,3,3,3,AVAILABLE
mikl_gse173098,mikl_gse173098|mikl_gse173098|neurite_soma_mpra|GFP 3UTR MPRA|Neuro-2a|mikl:Shank3:900.0:fb19b99f7eadb6b5,864e3fa3c29f0e49,3,3,3,AVAILABLE
mikl_gse173098,mikl_gse173098|mikl_gse173098|neurite_soma_mpra|GFP 3UTR MPRA|Neuro-2a|mikl:Shank3:950.0:e0c31d95a66cf556,864e3fa3c29f0e49,3,3,3,AVAILABLE
mikl_gse173098,mikl_gse173098|mikl_gse173098|neurite_soma_mpra|GFP 3UTR MPRA|Neuro-2a|mikl:Slamf7:0.0:5d6db545d56d81ab,07295bf3cf35d97b,3,3,3,AVAILABLE
mikl_gse173098,mikl_gse173098|mikl_gse173098|neurite_soma_mpra|GFP 3UTR MPRA|Neuro-2a|mikl:Slamf7:0.0:be63a27a23f5185e,07295bf3cf35d97b,3,3,3,AVAILABLE
mikl_gse173098,mikl_gse173098|mikl_gse173098|neurite_soma_mpra|GFP 3UTR MPRA|Neuro-2a|mikl:Slamf7:150.0:66b5f4b439b662c3,07295bf3cf35d97b,2,3,2,AVAILABLE
mikl_gse173098,mikl_gse173098|mikl_gse173098|neurite_soma_mpra|GFP 3UTR MPRA|Neuro-2a|mikl:Slc13a5:1100.0:b53ccf6a67179c32,876ca7667edcf554,2,3,2,AVAILABLE
mikl_gse173098,mikl_gse173098|mikl_gse173098|neurite_soma_mpra|GFP 3UTR MPRA|Neuro-2a|mikl:Slc13a5:150.0:126f29fc4d931832,876ca7667edcf554,2,3,2,AVAILABLE
mikl_gse173098,mikl_gse173098|mikl_gse173098|neurite_soma_mpra|GFP 3UTR MPRA|Neuro-2a|mikl:Slc13a5:200.0:c171e2e4298ae9d6,876ca7667edcf554,2,3,2,AVAILABLE
mikl_gse173098,mikl_gse173098|mikl_gse173098|neurite_soma_mpra|GFP 3UTR MPRA|Neuro-2a|mikl:Slc13a5:250.0:2ac1ae76f60f3f3b,876ca7667edcf554,2,3,2,AVAILABLE
mikl_gse173098,mikl_gse173098|mikl_gse173098|neurite_soma_mpra|GFP 3UTR MPRA|Neuro-2a|mikl:Slc13a5:850.0:9144e1980951560e,876ca7667edcf554,2,3,2,AVAILABLE
mikl_gse173098,mikl_gse173098|mikl_gse173098|neurite_soma_mpra|GFP 3UTR MPRA|Neuro-2a|mikl:Slc17a7:0.0:ec8d616167582b14,3d7e05cea405fadd,2,3,2,AVAILABLE
mikl_gse173098,mikl_gse173098|mikl_gse173098|neurite_soma_mpra|GFP 3UTR MPRA|Neuro-2a|mikl:Slc17a7:150.0:3b560de145add18f,3d7e05cea405fadd,2,3,2,AVAILABLE
mikl_gse173098,mikl_gse173098|mikl_gse173098|neurite_soma_mpra|GFP 3UTR MPRA|Neuro-2a|mikl:Slc17a7:200.0:6559f477506f4722,3d7e05cea405fadd,2,3,2,AVAILABLE
mikl_gse173098,mikl_gse173098|mikl_gse173098|neurite_soma_mpra|GFP 3UTR MPRA|Neuro-2a|mikl:Slc17a7:50.0:2730ae66a8a95da8,3d7e05cea405fadd,2,3,2,AVAILABLE
mikl_gse173098,mikl_gse173098|mikl_gse173098|neurite_soma_mpra|GFP 3UTR MPRA|Neuro-2a|mikl:Slc17a9:300.0:aef6a5182f2e439d,bcb34c686d16c561,2,3,2,AVAILABLE
mikl_gse173098,mikl_gse173098|mikl_gse173098|neurite_soma_mpra|GFP 3UTR MPRA|Neuro-2a|mikl:Slc17a9:50.0:4321a880cffe3002,bcb34c686d16c561,2,3,2,AVAILABLE
mikl_gse173098,mikl_gse173098|mikl_gse173098|neurite_soma_mpra|GFP 3UTR MPRA|Neuro-2a|mikl:Slc22a15:1300.0:19e13098ada52781,3c21c2fa2ab8cf4b,2,3,2,AVAILABLE
mikl_gse173098,mikl_gse173098|mikl_gse173098|neurite_soma_mpra|GFP 3UTR MPRA|Neuro-2a|mikl:Slc22a15:200.0:03eae3631c2f34a0,3c21c2fa2ab8cf4b,2,3,2,AVAILABLE
mikl_gse173098,mikl_gse173098|mikl_gse173098|neurite_soma_mpra|GFP 3UTR MPRA|Neuro-2a|mikl:Slc22a15:4350.0:58c7a8bf28eeb157,3c21c2fa2ab8cf4b,2,3,2,AVAILABLE
mikl_gse173098,mikl_gse173098|mikl_gse173098|neurite_soma_mpra|GFP 3UTR MPRA|Neuro-2a|mikl:Slc22a15:4400.0:51a98109d39fffd6,3c21c2fa2ab8cf4b,2,3,2,AVAILABLE
mikl_gse173098,mikl_gse173098|mikl_gse173098|neurite_soma_mpra|GFP 3UTR MPRA|Neuro-2a|mikl:Slc22a15:700.0:5ea84b22439cbce0,3c21c2fa2ab8cf4b,2,3,2,AVAILABLE
mikl_gse173098,mikl_gse173098|mikl_gse173098|neurite_soma_mpra|GFP 3UTR MPRA|Neuro-2a|mikl:Slc22a15:750.0:6bcb63974dfbb433,3c21c2fa2ab8cf4b,2,3,2,AVAILABLE
mikl_gse173098,mikl_gse173098|mikl_gse173098|neurite_soma_mpra|GFP 3UTR MPRA|Neuro-2a|mikl:Slc23a1:0.0:84c4d97c9861b95d,a2fbcd7ff03eecc3,2,3,2,AVAILABLE
mikl_gse173098,mikl_gse173098|mikl_gse173098|neurite_soma_mpra|GFP 3UTR MPRA|Neuro-2a|mikl:Slc23a1:100.0:5f95a8d0f927247b,a2fbcd7ff03eecc3,2,3,2,AVAILABLE
mikl_gse173098,mikl_gse173098|mikl_gse173098|neurite_soma_mpra|GFP 3UTR MPRA|Neuro-2a|mikl:Slc23a1:450.0:fb63c688a47af079,a2fbcd7ff03eecc3,2,3,2,AVAILABLE
mikl_gse173098,mikl_gse173098|mikl_gse173098|neurite_soma_mpra|GFP 3UTR MPRA|Neuro-2a|mikl:Slc23a1:600.0:1d0a0c03be00ce61,a2fbcd7ff03eecc3,3,3,3,AVAILABLE
mikl_gse173098,mikl_gse173098|mikl_gse173098|neurite_soma_mpra|GFP 3UTR MPRA|Neuro-2a|mikl:Slc28a3:1200.0:cbda645f4ea6cc3f,470762b1b3a88292,2,3,2,AVAILABLE
mikl_gse173098,mikl_gse173098|mikl_gse173098|neurite_soma_mpra|GFP 3UTR MPRA|Neuro-2a|mikl:Slc28a3:1250.0:7cae13a3571e5495,470762b1b3a88292,2,3,2,AVAILABLE
mikl_gse173098,mikl_gse173098|mikl_gse173098|neurite_soma_mpra|GFP 3UTR MPRA|Neuro-2a|mikl:Slc28a3:200.0:a26f89c83c4e4baa,470762b1b3a88292,3,3,3,AVAILABLE
mikl_gse173098,mikl_gse173098|mikl_gse173098|neurite_soma_mpra|GFP 3UTR MPRA|Neuro-2a|mikl:Slc28a3:250.0:4c80abecb024068e,470762b1b3a88292,2,3,2,AVAILABLE
mikl_gse173098,mikl_gse173098|mikl_gse173098|neurite_soma_mpra|GFP 3UTR MPRA|Neuro-2a|mikl:Slc28a3:300.0:8d7f30e25daa0741,470762b1b3a88292,3,3,3,AVAILABLE
mikl_gse173098,mikl_gse173098|mikl_gse173098|neurite_soma_mpra|GFP 3UTR MPRA|Neuro-2a|mikl:Slc28a3:600.0:dd6abc6d50359c61,470762b1b3a88292,2,3,2,AVAILABLE
mikl_gse173098,mikl_gse173098|mikl_gse173098|neurite_soma_mpra|GFP 3UTR MPRA|Neuro-2a|mikl:Slc7a11:1200.0:25e62a92e797f0a3,07b8b89483e09dfd,2,3,2,AVAILABLE
mikl_gse173098,mikl_gse173098|mikl_gse173098|neurite_soma_mpra|GFP 3UTR MPRA|Neuro-2a|mikl:Slc7a11:150.0:5b527b68c112e5d4,07b8b89483e09dfd,2,3,2,AVAILABLE
mikl_gse173098,mikl_gse173098|mikl_gse173098|neurite_soma_mpra|GFP 3UTR MPRA|Neuro-2a|mikl:Slc7a11:1850.0:349b0b10c465c456,07b8b89483e09dfd,2,3,2,AVAILABLE
mikl_gse173098,mikl_gse173098|mikl_gse173098|neurite_soma_mpra|GFP 3UTR MPRA|Neuro-2a|mikl:Slc7a11:1900.0:18c1b2a885f59c92,07b8b89483e09dfd,2,3,2,AVAILABLE
mikl_gse173098,mikl_gse173098|mikl_gse173098|neurite_soma_mpra|GFP 3UTR MPRA|Neuro-2a|mikl:Slc7a11:4800.0:08320d25349595e8,07b8b89483e09dfd,2,3,2,AVAILABLE
mikl_gse173098,mikl_gse173098|mikl_gse173098|neurite_soma_mpra|GFP 3UTR MPRA|Neuro-2a|mikl:Slc7a11:4850.0:73f02fde2995c8d2,07b8b89483e09dfd,2,3,2,AVAILABLE
mikl_gse173098,mikl_gse173098|mikl_gse173098|neurite_soma_mpra|GFP 3UTR MPRA|Neuro-2a|mikl:Slc7a11:4900.0:8ac12ccf09037464,07b8b89483e09dfd,2,3,2,AVAILABLE
mikl_gse173098,mikl_gse173098|mikl_gse173098|neurite_soma_mpra|GFP 3UTR MPRA|Neuro-2a|mikl:Slc7a11:5750.0:5c7bf3b62c81ffdc,07b8b89483e09dfd,2,3,2,AVAILABLE
mikl_gse173098,mikl_gse173098|mikl_gse173098|neurite_soma_mpra|GFP 3UTR MPRA|Neuro-2a|mikl:Slc7a11:5800.0:c183698fe5280c09,07b8b89483e09dfd,2,3,2,AVAILABLE
mikl_gse173098,mikl_gse173098|mikl_gse173098|neurite_soma_mpra|GFP 3UTR MPRA|Neuro-2a|mikl:Slfn8:1100.0:abf009d93a8076bd,2c280d2dae53081b,2,3,2,AVAILABLE
mikl_gse173098,mikl_gse173098|mikl_gse173098|neurite_soma_mpra|GFP 3UTR MPRA|Neuro-2a|mikl:Slfn8:1350.0:79e373a361efadd7,2c280d2dae53081b,2,3,2,AVAILABLE
mikl_gse173098,mikl_gse173098|mikl_gse173098|neurite_soma_mpra|GFP 3UTR MPRA|Neuro-2a|mikl:Slfn8:1400.0:db8a00c09c579306,2c280d2dae53081b,2,3,2,AVAILABLE
mikl_gse173098,mikl_gse173098|mikl_gse173098|neurite_soma_mpra|GFP 3UTR MPRA|Neuro-2a|mikl:Snap91:0.0:c0d4330a0ff87c2e,993ba4fb4990a96c,3,3,3,AVAILABLE
mikl_gse173098,mikl_gse173098|mikl_gse173098|neurite_soma_mpra|GFP 3UTR MPRA|Neuro-2a|mikl:Snap91:100.0:71020f5e221cfa9a,993ba4fb4990a96c,2,3,2,AVAILABLE
mikl_gse173098,mikl_gse173098|mikl_gse173098|neurite_soma_mpra|GFP 3UTR MPRA|Neuro-2a|mikl:Snap91:1050.0:c2d1d15c98651989,993ba4fb4990a96c,2,3,2,AVAILABLE
mikl_gse173098,mikl_gse173098|mikl_gse173098|neurite_soma_mpra|GFP 3UTR MPRA|Neuro-2a|mikl:Snap91:1100.0:93919ba64c4c4d1b,993ba4fb4990a96c,4,3,4,AVAILABLE
mikl_gse173098,mikl_gse173098|mikl_gse173098|neurite_soma_mpra|GFP 3UTR MPRA|Neuro-2a|mikl:Snap91:1150.0:77c913a39f34e61f,993ba4fb4990a96c,4,3,4,AVAILABLE
mikl_gse173098,mikl_gse173098|mikl_gse173098|neurite_soma_mpra|GFP 3UTR MPRA|Neuro-2a|mikl:Snap91:1200.0:ceac6b37ad7837a0,993ba4fb4990a96c,4,3,4,AVAILABLE
mikl_gse173098,mikl_gse173098|mikl_gse173098|neurite_soma_mpra|GFP 3UTR MPRA|Neuro-2a|mikl:Snap91:250.0:94bb371a0bbfba9f,993ba4fb4990a96c,2,3,2,AVAILABLE
mikl_gse173098,mikl_gse173098|mikl_gse173098|neurite_soma_mpra|GFP 3UTR MPRA|Neuro-2a|mikl:Snap91:300.0:8d133826e4df5d6d,993ba4fb4990a96c,4,3,4,AVAILABLE
mikl_gse173098,mikl_gse173098|mikl_gse173098|neurite_soma_mpra|GFP 3UTR MPRA|Neuro-2a|mikl:Snap91:350.0:254b5935bb562db9,993ba4fb4990a96c,5,3,5,AVAILABLE
mikl_gse173098,mikl_gse173098|mikl_gse173098|neurite_soma_mpra|GFP 3UTR MPRA|Neuro-2a|mikl:Snap91:400.0:4696e5967b825eb6,993ba4fb4990a96c,6,3,6,AVAILABLE
mikl_gse173098,mikl_gse173098|mikl_gse173098|neurite_soma_mpra|GFP 3UTR MPRA|Neuro-2a|mikl:Snap91:450.0:05d4006188a47a94,993ba4fb4990a96c,5,3,5,AVAILABLE
mikl_gse173098,mikl_gse173098|mikl_gse173098|neurite_soma_mpra|GFP 3UTR MPRA|Neuro-2a|mikl:Snap91:50.0:607be5d6ce1909bc,993ba4fb4990a96c,2,3,2,AVAILABLE
mikl_gse173098,mikl_gse173098|mikl_gse173098|neurite_soma_mpra|GFP 3UTR MPRA|Neuro-2a|mikl:Snap91:500.0:65842c8d0a4ded91,993ba4fb4990a96c,9,3,9,AVAILABLE
mikl_gse173098,mikl_gse173098|mikl_gse173098|neurite_soma_mpra|GFP 3UTR MPRA|Neuro-2a|mikl:Snap91:550.0:0caa3390326a8f17,993ba4fb4990a96c,8,3,8,AVAILABLE
mikl_gse173098,mikl_gse173098|mikl_gse173098|neurite_soma_mpra|GFP 3UTR MPRA|Neuro-2a|mikl:Snap91:600.0:68065bc8b43bfa01,993ba4fb4990a96c,6,3,6,AVAILABLE
mikl_gse173098,mikl_gse173098|mikl_gse173098|neurite_soma_mpra|GFP 3UTR MPRA|Neuro-2a|mikl:Snap91:650.0:ec6f2477594ce289,993ba4fb4990a96c,2,3,2,AVAILABLE
mikl_gse173098,mikl_gse173098|mikl_gse173098|neurite_soma_mpra|GFP 3UTR MPRA|Neuro-2a|mikl:Snap91:800.0:58e0e210c41cccc8,993ba4fb4990a96c,5,3,5,AVAILABLE
mikl_gse173098,mikl_gse173098|mikl_gse173098|neurite_soma_mpra|GFP 3UTR MPRA|Neuro-2a|mikl:Snap91:850.0:ee56c5d34d91b6bb,993ba4fb4990a96c,4,3,4,AVAILABLE
mikl_gse173098,mikl_gse173098|mikl_gse173098|neurite_soma_mpra|GFP 3UTR MPRA|Neuro-2a|mikl:Snap91:900.0:2f5b60e0f2936abd,993ba4fb4990a96c,5,3,5,AVAILABLE
mikl_gse173098,mikl_gse173098|mikl_gse173098|neurite_soma_mpra|GFP 3UTR MPRA|Neuro-2a|mikl:Sptbn2:0.0:d0fc40608ce739d9,c271958ff1e56e83,2,3,2,AVAILABLE
mikl_gse173098,mikl_gse173098|mikl_gse173098|neurite_soma_mpra|GFP 3UTR MPRA|Neuro-2a|mikl:Srl:1000.0:5c2e4a0bb73f66f2,623667028f15fd28,2,3,2,AVAILABLE
mikl_gse173098,mikl_gse173098|mikl_gse173098|neurite_soma_mpra|GFP 3UTR MPRA|Neuro-2a|mikl:Srl:900.0:65ba79df78fad7b8,623667028f15fd28,2,3,2,AVAILABLE
mikl_gse173098,mikl_gse173098|mikl_gse173098|neurite_soma_mpra|GFP 3UTR MPRA|Neuro-2a|mikl:Sspn:0.0:777d9a166d624500,eebeac7085736d2a,3,3,3,AVAILABLE
mikl_gse173098,mikl_gse173098|mikl_gse173098|neurite_soma_mpra|GFP 3UTR MPRA|Neuro-2a|mikl:Sspn:1450.0:b2dd2e024161a1d3,eebeac7085736d2a,2,3,2,AVAILABLE
mikl_gse173098,mikl_gse173098|mikl_gse173098|neurite_soma_mpra|GFP 3UTR MPRA|Neuro-2a|mikl:Sspn:1550.0:3370862ee21425cc,eebeac7085736d2a,2,3,2,AVAILABLE
mikl_gse173098,mikl_gse173098|mikl_gse173098|neurite_soma_mpra|GFP 3UTR MPRA|Neuro-2a|mikl:Sspn:1600.0:fac2faeeb210cfb9,eebeac7085736d2a,3,3,3,AVAILABLE
mikl_gse173098,mikl_gse173098|mikl_gse173098|neurite_soma_mpra|GFP 3UTR MPRA|Neuro-2a|mikl:Sspn:1850.0:33de49494b01bc7e,eebeac7085736d2a,3,3,3,AVAILABLE
mikl_gse173098,mikl_gse173098|mikl_gse173098|neurite_soma_mpra|GFP 3UTR MPRA|Neuro-2a|mikl:Sspn:1900.0:0d946da0f04a3618,eebeac7085736d2a,2,3,2,AVAILABLE
mikl_gse173098,mikl_gse173098|mikl_gse173098|neurite_soma_mpra|GFP 3UTR MPRA|Neuro-2a|mikl:Sspn:1950.0:7dab77b84ce790a6,eebeac7085736d2a,2,3,2,AVAILABLE
mikl_gse173098,mikl_gse173098|mikl_gse173098|neurite_soma_mpra|GFP 3UTR MPRA|Neuro-2a|mikl:Sspn:200.0:b2d9ed500d15c75c,eebeac7085736d2a,3,3,3,AVAILABLE
mikl_gse173098,mikl_gse173098|mikl_gse173098|neurite_soma_mpra|GFP 3UTR MPRA|Neuro-2a|mikl:Sspn:2000.0:45dc0fba10f37fd4,eebeac7085736d2a,2,3,2,AVAILABLE
mikl_gse173098,mikl_gse173098|mikl_gse173098|neurite_soma_mpra|GFP 3UTR MPRA|Neuro-2a|mikl:Sspn:2100.0:1e390a92fbc1f47f,eebeac7085736d2a,2,3,2,AVAILABLE
mikl_gse173098,mikl_gse173098|mikl_gse173098|neurite_soma_mpra|GFP 3UTR MPRA|Neuro-2a|mikl:Sspn:2150.0:523f226adce63a05,eebeac7085736d2a,2,3,2,AVAILABLE
mikl_gse173098,mikl_gse173098|mikl_gse173098|neurite_soma_mpra|GFP 3UTR MPRA|Neuro-2a|mikl:Sspn:2200.0:9603d2a9c89c45b4,eebeac7085736d2a,2,3,2,AVAILABLE
mikl_gse173098,mikl_gse173098|mikl_gse173098|neurite_soma_mpra|GFP 3UTR MPRA|Neuro-2a|mikl:Sspn:2250.0:c76798f7e6c48051,eebeac7085736d2a,2,3,2,AVAILABLE
mikl_gse173098,mikl_gse173098|mikl_gse173098|neurite_soma_mpra|GFP 3UTR MPRA|Neuro-2a|mikl:Sspn:300.0:97acf3fe5194ce08,eebeac7085736d2a,3,3,3,AVAILABLE
mikl_gse173098,mikl_gse173098|mikl_gse173098|neurite_soma_mpra|GFP 3UTR MPRA|Neuro-2a|mikl:Sspn:350.0:7304aa988f281016,eebeac7085736d2a,2,3,2,AVAILABLE
mikl_gse173098,mikl_gse173098|mikl_gse173098|neurite_soma_mpra|GFP 3UTR MPRA|Neuro-2a|mikl:Sspn:400.0:43d2aaa503e91d35,eebeac7085736d2a,2,3,2,AVAILABLE
mikl_gse173098,mikl_gse173098|mikl_gse173098|neurite_soma_mpra|GFP 3UTR MPRA|Neuro-2a|mikl:St6gal1:1050.0:2387c23c0a5a31eb,20d9b1f24ae57ebc,4,3,4,AVAILABLE
mikl_gse173098,mikl_gse173098|mikl_gse173098|neurite_soma_mpra|GFP 3UTR MPRA|Neuro-2a|mikl:St6gal1:1100.0:2df60e1408c5151f,20d9b1f24ae57ebc,3,3,3,AVAILABLE
mikl_gse173098,mikl_gse173098|mikl_gse173098|neurite_soma_mpra|GFP 3UTR MPRA|Neuro-2a|mikl:St6gal1:1150.0:26d0ee81bfb6bc5c,20d9b1f24ae57ebc,2,3,2,AVAILABLE
mikl_gse173098,mikl_gse173098|mikl_gse173098|neurite_soma_mpra|GFP 3UTR MPRA|Neuro-2a|mikl:St6gal1:2250.0:3db381f2c29fd816,20d9b1f24ae57ebc,2,3,2,AVAILABLE
mikl_gse173098,mikl_gse173098|mikl_gse173098|neurite_soma_mpra|GFP 3UTR MPRA|Neuro-2a|mikl:St6gal1:2300.0:fced3550ea8dd92a,20d9b1f24ae57ebc,2,3,2,AVAILABLE
mikl_gse173098,mikl_gse173098|mikl_gse173098|neurite_soma_mpra|GFP 3UTR MPRA|Neuro-2a|mikl:St6gal1:250.0:bcd6dd84b9e227d5,20d9b1f24ae57ebc,2,3,2,AVAILABLE
mikl_gse173098,mikl_gse173098|mikl_gse173098|neurite_soma_mpra|GFP 3UTR MPRA|Neuro-2a|mikl:St6gal1:300.0:200aa8ac99423c88,20d9b1f24ae57ebc,2,3,2,AVAILABLE
mikl_gse173098,mikl_gse173098|mikl_gse173098|neurite_soma_mpra|GFP 3UTR MPRA|Neuro-2a|mikl:St6gal1:700.0:8637aed12ed0ffb5,20d9b1f24ae57ebc,2,3,2,AVAILABLE
mikl_gse173098,mikl_gse173098|mikl_gse173098|neurite_soma_mpra|GFP 3UTR MPRA|Neuro-2a|mikl:St6gal1:750.0:4d720d11ca457e4a,20d9b1f24ae57ebc,4,3,4,AVAILABLE
mikl_gse173098,mikl_gse173098|mikl_gse173098|neurite_soma_mpra|GFP 3UTR MPRA|Neuro-2a|mikl:St6gal1:800.0:574fd9baf8d88217,20d9b1f24ae57ebc,2,3,2,AVAILABLE
mikl_gse173098,mikl_gse173098|mikl_gse173098|neurite_soma_mpra|GFP 3UTR MPRA|Neuro-2a|mikl:St6gal1:850.0:b55e2afdb1d2f4f7,20d9b1f24ae57ebc,2,3,2,AVAILABLE
mikl_gse173098,mikl_gse173098|mikl_gse173098|neurite_soma_mpra|GFP 3UTR MPRA|Neuro-2a|mikl:St6gal1:950.0:57f30fe0f6d69a83,20d9b1f24ae57ebc,2,3,2,AVAILABLE
mikl_gse173098,mikl_gse173098|mikl_gse173098|neurite_soma_mpra|GFP 3UTR MPRA|Neuro-2a|mikl:Syt15:150.0:a4cab09516578428,8d76cbd6d8514037,2,3,2,AVAILABLE
mikl_gse173098,mikl_gse173098|mikl_gse173098|neurite_soma_mpra|GFP 3UTR MPRA|Neuro-2a|mikl:Syt15:1800.0:8f595b60b893dcb8,8d76cbd6d8514037,2,3,2,AVAILABLE
mikl_gse173098,mikl_gse173098|mikl_gse173098|neurite_soma_mpra|GFP 3UTR MPRA|Neuro-2a|mikl:Syt15:200.0:3cae2c4452a38aaa,8d76cbd6d8514037,4,3,4,AVAILABLE
mikl_gse173098,mikl_gse173098|mikl_gse173098|neurite_soma_mpra|GFP 3UTR MPRA|Neuro-2a|mikl:Syt15:2050.0:cef0eb10b8a4db69,8d76cbd6d8514037,2,3,2,AVAILABLE
mikl_gse173098,mikl_gse173098|mikl_gse173098|neurite_soma_mpra|GFP 3UTR MPRA|Neuro-2a|mikl:Syt15:250.0:4337e27c92b3d7c5,8d76cbd6d8514037,4,3,4,AVAILABLE
mikl_gse173098,mikl_gse173098|mikl_gse173098|neurite_soma_mpra|GFP 3UTR MPRA|Neuro-2a|mikl:Syt15:300.0:1b8b8ce261d7a5cd,8d76cbd6d8514037,2,3,2,AVAILABLE
mikl_gse173098,mikl_gse173098|mikl_gse173098|neurite_soma_mpra|GFP 3UTR MPRA|Neuro-2a|mikl:Tagln:0.0:90d9dfa20c8cf5f4,ed33eb87d0ff991e,2,3,2,AVAILABLE
mikl_gse173098,mikl_gse173098|mikl_gse173098|neurite_soma_mpra|GFP 3UTR MPRA|Neuro-2a|mikl:Tagln:250.0:a9aace4b931a7172,ed33eb87d0ff991e,2,3,2,AVAILABLE
mikl_gse173098,mikl_gse173098|mikl_gse173098|neurite_soma_mpra|GFP 3UTR MPRA|Neuro-2a|mikl:Tagln:300.0:00cfba2d07c0ec59,ed33eb87d0ff991e,3,3,3,AVAILABLE
mikl_gse173098,mikl_gse173098|mikl_gse173098|neurite_soma_mpra|GFP 3UTR MPRA|Neuro-2a|mikl:Tagln:550.0:f6bc7ef9d27c2175,ed33eb87d0ff991e,2,3,2,AVAILABLE
mikl_gse173098,mikl_gse173098|mikl_gse173098|neurite_soma_mpra|GFP 3UTR MPRA|Neuro-2a|mikl:Tbcel:1000.0:16210e8e706d123b,b97d7ffad895e3ec,4,3,4,AVAILABLE
mikl_gse173098,mikl_gse173098|mikl_gse173098|neurite_soma_mpra|GFP 3UTR MPRA|Neuro-2a|mikl:Tbcel:1050.0:0df145a457059cd4,b97d7ffad895e3ec,3,3,3,AVAILABLE
mikl_gse173098,mikl_gse173098|mikl_gse173098|neurite_soma_mpra|GFP 3UTR MPRA|Neuro-2a|mikl:Tbcel:1100.0:dc4158fba20689fa,b97d7ffad895e3ec,3,3,3,AVAILABLE
mikl_gse173098,mikl_gse173098|mikl_gse173098|neurite_soma_mpra|GFP 3UTR MPRA|Neuro-2a|mikl:Tbcel:1150.0:818f7e677a120f8a,b97d7ffad895e3ec,3,3,3,AVAILABLE
mikl_gse173098,mikl_gse173098|mikl_gse173098|neurite_soma_mpra|GFP 3UTR MPRA|Neuro-2a|mikl:Tbcel:150.0:edd16d24ec5f4be2,b97d7ffad895e3ec,3,3,3,AVAILABLE
mikl_gse173098,mikl_gse173098|mikl_gse173098|neurite_soma_mpra|GFP 3UTR MPRA|Neuro-2a|mikl:Tbcel:1600.0:13e7ce0af0eae65d,b97d7ffad895e3ec,4,3,4,AVAILABLE
mikl_gse173098,mikl_gse173098|mikl_gse173098|neurite_soma_mpra|GFP 3UTR MPRA|Neuro-2a|mikl:Tbcel:1650.0:bc1c954381a20ff5,b97d7ffad895e3ec,3,3,3,AVAILABLE
mikl_gse173098,mikl_gse173098|mikl_gse173098|neurite_soma_mpra|GFP 3UTR MPRA|Neuro-2a|mikl:Tbcel:1700.0:aaa64ca88b6de443,b97d7ffad895e3ec,5,3,5,AVAILABLE
mikl_gse173098,mikl_gse173098|mikl_gse173098|neurite_soma_mpra|GFP 3UTR MPRA|Neuro-2a|mikl:Tbcel:1750.0:31d606ba0d7036be,b97d7ffad895e3ec,6,3,6,AVAILABLE
mikl_gse173098,mikl_gse173098|mikl_gse173098|neurite_soma_mpra|GFP 3UTR MPRA|Neuro-2a|mikl:Tbcel:1800.0:98e373b465dce375,b97d7ffad895e3ec,6,3,6,AVAILABLE
mikl_gse173098,mikl_gse173098|mikl_gse173098|neurite_soma_mpra|GFP 3UTR MPRA|Neuro-2a|mikl:Tbcel:1850.0:84f2afdb3dcb703f,b97d7ffad895e3ec,4,3,4,AVAILABLE
mikl_gse173098,mikl_gse173098|mikl_gse173098|neurite_soma_mpra|GFP 3UTR MPRA|Neuro-2a|mikl:Tbcel:1900.0:6481b196a71858f6,b97d7ffad895e3ec,2,3,2,AVAILABLE
mikl_gse173098,mikl_gse173098|mikl_gse173098|neurite_soma_mpra|GFP 3UTR MPRA|Neuro-2a|mikl:Tbcel:1950.0:a043811399cdb60a,b97d7ffad895e3ec,4,3,4,AVAILABLE
mikl_gse173098,mikl_gse173098|mikl_gse173098|neurite_soma_mpra|GFP 3UTR MPRA|Neuro-2a|mikl:Tbcel:200.0:166409ee6092ee8e,b97d7ffad895e3ec,2,3,2,AVAILABLE
mikl_gse173098,mikl_gse173098|mikl_gse173098|neurite_soma_mpra|GFP 3UTR MPRA|Neuro-2a|mikl:Tbcel:2000.0:6f27ef50db221e4c,b97d7ffad895e3ec,4,3,4,AVAILABLE
mikl_gse173098,mikl_gse173098|mikl_gse173098|neurite_soma_mpra|GFP 3UTR MPRA|Neuro-2a|mikl:Tbcel:2050.0:402f76dd61abc742,b97d7ffad895e3ec,4,3,4,AVAILABLE
mikl_gse173098,mikl_gse173098|mikl_gse173098|neurite_soma_mpra|GFP 3UTR MPRA|Neuro-2a|mikl:Tbcel:2100.0:cc22a29b6ca59d55,b97d7ffad895e3ec,2,3,2,AVAILABLE
mikl_gse173098,mikl_gse173098|mikl_gse173098|neurite_soma_mpra|GFP 3UTR MPRA|Neuro-2a|mikl:Tbcel:2150.0:d3957c5fe62f9bda,b97d7ffad895e3ec,5,3,5,AVAILABLE
mikl_gse173098,mikl_gse173098|mikl_gse173098|neurite_soma_mpra|GFP 3UTR MPRA|Neuro-2a|mikl:Tbcel:2200.0:4b01fd66fb998c1b,b97d7ffad895e3ec,5,3,5,AVAILABLE
mikl_gse173098,mikl_gse173098|mikl_gse173098|neurite_soma_mpra|GFP 3UTR MPRA|Neuro-2a|mikl:Tbcel:2250.0:62e6af389b9a03d5,b97d7ffad895e3ec,4,3,4,AVAILABLE
mikl_gse173098,mikl_gse173098|mikl_gse173098|neurite_soma_mpra|GFP 3UTR MPRA|Neuro-2a|mikl:Tbcel:2400.0:74fba9458e90668a,b97d7ffad895e3ec,3,3,3,AVAILABLE
mikl_gse173098,mikl_gse173098|mikl_gse173098|neurite_soma_mpra|GFP 3UTR MPRA|Neuro-2a|mikl:Tbcel:2450.0:e20d87a6b641fb54,b97d7ffad895e3ec,2,3,2,AVAILABLE
mikl_gse173098,mikl_gse173098|mikl_gse173098|neurite_soma_mpra|GFP 3UTR MPRA|Neuro-2a|mikl:Tbcel:2500.0:7a9865456c345b50,b97d7ffad895e3ec,2,3,2,AVAILABLE
mikl_gse173098,mikl_gse173098|mikl_gse173098|neurite_soma_mpra|GFP 3UTR MPRA|Neuro-2a|mikl:Tbcel:2550.0:454ef933e9ddc169,b97d7ffad895e3ec,2,3,2,AVAILABLE
mikl_gse173098,mikl_gse173098|mikl_gse173098|neurite_soma_mpra|GFP 3UTR MPRA|Neuro-2a|mikl:Tbcel:2650.0:3b268801ada1f15d,b97d7ffad895e3ec,4,3,4,AVAILABLE
mikl_gse173098,mikl_gse173098|mikl_gse173098|neurite_soma_mpra|GFP 3UTR MPRA|Neuro-2a|mikl:Tbcel:2700.0:b15163709a8c9ff5,b97d7ffad895e3ec,2,3,2,AVAILABLE
mikl_gse173098,mikl_gse173098|mikl_gse173098|neurite_soma_mpra|GFP 3UTR MPRA|Neuro-2a|mikl:Tbcel:2800.0:956a9cf586be044c,b97d7ffad895e3ec,4,3,4,AVAILABLE
mikl_gse173098,mikl_gse173098|mikl_gse173098|neurite_soma_mpra|GFP 3UTR MPRA|Neuro-2a|mikl:Tbcel:2850.0:6b538dcb638615a8,b97d7ffad895e3ec,3,3,3,AVAILABLE
mikl_gse173098,mikl_gse173098|mikl_gse173098|neurite_soma_mpra|GFP 3UTR MPRA|Neuro-2a|mikl:Tbcel:2900.0:a5443912828b4bd7,b97d7ffad895e3ec,5,3,5,AVAILABLE
mikl_gse173098,mikl_gse173098|mikl_gse173098|neurite_soma_mpra|GFP 3UTR MPRA|Neuro-2a|mikl:Tbcel:300.0:0bd6fd656a9f381f,b97d7ffad895e3ec,2,3,2,AVAILABLE
mikl_gse173098,mikl_gse173098|mikl_gse173098|neurite_soma_mpra|GFP 3UTR MPRA|Neuro-2a|mikl:Tbcel:3100.0:9d61951c94164776,b97d7ffad895e3ec,2,3,2,AVAILABLE
mikl_gse173098,mikl_gse173098|mikl_gse173098|neurite_soma_mpra|GFP 3UTR MPRA|Neuro-2a|mikl:Tbcel:3150.0:6e359f5b3c4abd89,b97d7ffad895e3ec,3,3,3,AVAILABLE
mikl_gse173098,mikl_gse173098|mikl_gse173098|neurite_soma_mpra|GFP 3UTR MPRA|Neuro-2a|mikl:Tbcel:3200.0:753e47dbaf34f461,b97d7ffad895e3ec,3,3,3,AVAILABLE
mikl_gse173098,mikl_gse173098|mikl_gse173098|neurite_soma_mpra|GFP 3UTR MPRA|Neuro-2a|mikl:Tbcel:3250.0:9a64a9ecf8e0c0aa,b97d7ffad895e3ec,2,3,2,AVAILABLE
mikl_gse173098,mikl_gse173098|mikl_gse173098|neurite_soma_mpra|GFP 3UTR MPRA|Neuro-2a|mikl:Tbcel:500.0:51f09bf97ec11460,b97d7ffad895e3ec,3,3,3,AVAILABLE
mikl_gse173098,mikl_gse173098|mikl_gse173098|neurite_soma_mpra|GFP 3UTR MPRA|Neuro-2a|mikl:Tbcel:900.0:5c1b6a9330936ef8,b97d7ffad895e3ec,2,3,2,AVAILABLE
mikl_gse173098,mikl_gse173098|mikl_gse173098|neurite_soma_mpra|GFP 3UTR MPRA|Neuro-2a|mikl:Tbcel:950.0:3865da8360491e59,b97d7ffad895e3ec,3,3,3,AVAILABLE
mikl_gse173098,mikl_gse173098|mikl_gse173098|neurite_soma_mpra|GFP 3UTR MPRA|Neuro-2a|mikl:Tcte1:450.0:aaa0ab2c7599c347,9062dec6dfccad94,2,3,2,AVAILABLE
mikl_gse173098,mikl_gse173098|mikl_gse173098|neurite_soma_mpra|GFP 3UTR MPRA|Neuro-2a|mikl:Tcte1:500.0:d5a75a120315b55c,9062dec6dfccad94,5,3,5,AVAILABLE
mikl_gse173098,mikl_gse173098|mikl_gse173098|neurite_soma_mpra|GFP 3UTR MPRA|Neuro-2a|mikl:Tcte1:550.0:99a453df77f9c801,9062dec6dfccad94,5,3,5,AVAILABLE
mikl_gse173098,mikl_gse173098|mikl_gse173098|neurite_soma_mpra|GFP 3UTR MPRA|Neuro-2a|mikl:Tcte1:600.0:d297bab66d4f6401,9062dec6dfccad94,3,3,3,AVAILABLE
mikl_gse173098,mikl_gse173098|mikl_gse173098|neurite_soma_mpra|GFP 3UTR MPRA|Neuro-2a|mikl:Tfap2b:2400.0:6da86cedb22e15bb,962b95315e071fe3,2,3,2,AVAILABLE
mikl_gse173098,mikl_gse173098|mikl_gse173098|neurite_soma_mpra|GFP 3UTR MPRA|Neuro-2a|mikl:Tfap2b:2450.0:a2f1315affbbb294,962b95315e071fe3,2,3,2,AVAILABLE
mikl_gse173098,mikl_gse173098|mikl_gse173098|neurite_soma_mpra|GFP 3UTR MPRA|Neuro-2a|mikl:Tfap2b:2500.0:d633b17c4a937c89,962b95315e071fe3,2,3,2,AVAILABLE
mikl_gse173098,mikl_gse173098|mikl_gse173098|neurite_soma_mpra|GFP 3UTR MPRA|Neuro-2a|mikl:Tfap2b:3950.0:39ef3cbe252432b4,962b95315e071fe3,2,3,2,AVAILABLE
mikl_gse173098,mikl_gse173098|mikl_gse173098|neurite_soma_mpra|GFP 3UTR MPRA|Neuro-2a|mikl:Tfap2b:4000.0:a7490aaaa29b61b0,962b95315e071fe3,2,3,2,AVAILABLE
mikl_gse173098,mikl_gse173098|mikl_gse173098|neurite_soma_mpra|GFP 3UTR MPRA|Neuro-2a|mikl:Tfap2b:600.0:181c65a00cf4db6f,962b95315e071fe3,2,3,2,AVAILABLE
mikl_gse173098,mikl_gse173098|mikl_gse173098|neurite_soma_mpra|GFP 3UTR MPRA|Neuro-2a|mikl:Tfap2b:650.0:f4dda7db6d58f19d,962b95315e071fe3,2,3,2,AVAILABLE
mikl_gse173098,mikl_gse173098|mikl_gse173098|neurite_soma_mpra|GFP 3UTR MPRA|Neuro-2a|mikl:Tfg:0.0:e6b5ab0439981e59,aad8245573689ddf,6,3,6,AVAILABLE
mikl_gse173098,mikl_gse173098|mikl_gse173098|neurite_soma_mpra|GFP 3UTR MPRA|Neuro-2a|mikl:Tfg:100.0:b591acf1985f0a31,aad8245573689ddf,5,3,5,AVAILABLE
mikl_gse173098,mikl_gse173098|mikl_gse173098|neurite_soma_mpra|GFP 3UTR MPRA|Neuro-2a|mikl:Tfg:200.0:f4a17616b61779bd,aad8245573689ddf,2,3,2,AVAILABLE
mikl_gse173098,mikl_gse173098|mikl_gse173098|neurite_soma_mpra|GFP 3UTR MPRA|Neuro-2a|mikl:Tfg:250.0:2cd672bda9daca87,aad8245573689ddf,2,3,2,AVAILABLE
mikl_gse173098,mikl_gse173098|mikl_gse173098|neurite_soma_mpra|GFP 3UTR MPRA|Neuro-2a|mikl:Tfg:50.0:50a4f2fe6fe1ddcb,aad8245573689ddf,2,3,2,AVAILABLE
mikl_gse173098,mikl_gse173098|mikl_gse173098|neurite_soma_mpra|GFP 3UTR MPRA|Neuro-2a|mikl:Thbd:400.0:a0ab25e3c2e6f90e,668a9db14ec82772,2,3,2,AVAILABLE
mikl_gse173098,mikl_gse173098|mikl_gse173098|neurite_soma_mpra|GFP 3UTR MPRA|Neuro-2a|mikl:Tirap:1000.0:e8411b95c6c7f29a,95c93debcdc1a634,3,3,3,AVAILABLE
mikl_gse173098,mikl_gse173098|mikl_gse173098|neurite_soma_mpra|GFP 3UTR MPRA|Neuro-2a|mikl:Tirap:950.0:ba78394fdac5f1f9,95c93debcdc1a634,2,3,2,AVAILABLE
mikl_gse173098,mikl_gse173098|mikl_gse173098|neurite_soma_mpra|GFP 3UTR MPRA|Neuro-2a|mikl:Tmem242:200.0:0bca433dad08899e,e0e986618ec1a887,2,3,2,AVAILABLE
mikl_gse173098,mikl_gse173098|mikl_gse173098|neurite_soma_mpra|GFP 3UTR MPRA|Neuro-2a|mikl:Tnfrsf19:2300.0:00f335c97e1d287f,c78a7590c09eab09,3,3,3,AVAILABLE
mikl_gse173098,mikl_gse173098|mikl_gse173098|neurite_soma_mpra|GFP 3UTR MPRA|Neuro-2a|mikl:Tnfrsf19:2350.0:e5c3a349dc9faa71,c78a7590c09eab09,2,3,2,AVAILABLE
mikl_gse173098,mikl_gse173098|mikl_gse173098|neurite_soma_mpra|GFP 3UTR MPRA|Neuro-2a|mikl:Tnfrsf19:2400.0:cc9c1fe5917d5e8d,c78a7590c09eab09,2,3,2,AVAILABLE
mikl_gse173098,mikl_gse173098|mikl_gse173098|neurite_soma_mpra|GFP 3UTR MPRA|Neuro-2a|mikl:Tnfrsf19:600.0:11a5fe38c7b2d9db,c78a7590c09eab09,2,3,2,AVAILABLE
mikl_gse173098,mikl_gse173098|mikl_gse173098|neurite_soma_mpra|GFP 3UTR MPRA|Neuro-2a|mikl:Tor4a:650.0:2e3fdf95cb99f609,9f733c380cd23d8a,2,3,2,AVAILABLE
mikl_gse173098,mikl_gse173098|mikl_gse173098|neurite_soma_mpra|GFP 3UTR MPRA|Neuro-2a|mikl:Tpt1:100.0:e663ca861ef15501,8f547b768d08625b,4,3,4,AVAILABLE
mikl_gse173098,mikl_gse173098|mikl_gse173098|neurite_soma_mpra|GFP 3UTR MPRA|Neuro-2a|mikl:Tpt1:50.0:513b90c8bb0f3c52,8f547b768d08625b,4,3,4,AVAILABLE
mikl_gse173098,mikl_gse173098|mikl_gse173098|neurite_soma_mpra|GFP 3UTR MPRA|Neuro-2a|mikl:Trim56:0.0:d682a9d4faa61903,c52edd7631db6f83,2,3,2,AVAILABLE
mikl_gse173098,mikl_gse173098|mikl_gse173098|neurite_soma_mpra|GFP 3UTR MPRA|Neuro-2a|mikl:Trim56:1200.0:e8d1db3df42187d7,c52edd7631db6f83,3,3,3,AVAILABLE
mikl_gse173098,mikl_gse173098|mikl_gse173098|neurite_soma_mpra|GFP 3UTR MPRA|Neuro-2a|mikl:Trim56:1250.0:d8429dd26ff348dc,c52edd7631db6f83,3,3,3,AVAILABLE
mikl_gse173098,mikl_gse173098|mikl_gse173098|neurite_soma_mpra|GFP 3UTR MPRA|Neuro-2a|mikl:Trim56:1500.0:86917953cfe5b91f,c52edd7631db6f83,2,3,2,AVAILABLE
mikl_gse173098,mikl_gse173098|mikl_gse173098|neurite_soma_mpra|GFP 3UTR MPRA|Neuro-2a|mikl:Trim56:1550.0:25c1520172faaab9,c52edd7631db6f83,2,3,2,AVAILABLE
mikl_gse173098,mikl_gse173098|mikl_gse173098|neurite_soma_mpra|GFP 3UTR MPRA|Neuro-2a|mikl:Trim56:1650.0:5f30ce71fd3b454c,c52edd7631db6f83,2,3,2,AVAILABLE
mikl_gse173098,mikl_gse173098|mikl_gse173098|neurite_soma_mpra|GFP 3UTR MPRA|Neuro-2a|mikl:Trim56:2000.0:5a5f00556472e0d8,c52edd7631db6f83,2,3,2,AVAILABLE
mikl_gse173098,mikl_gse173098|mikl_gse173098|neurite_soma_mpra|GFP 3UTR MPRA|Neuro-2a|mikl:Trim56:2050.0:1e5ed2ae298f9e0a,c52edd7631db6f83,2,3,2,AVAILABLE
mikl_gse173098,mikl_gse173098|mikl_gse173098|neurite_soma_mpra|GFP 3UTR MPRA|Neuro-2a|mikl:Trim56:2100.0:c26dfd11f066d078,c52edd7631db6f83,2,3,2,AVAILABLE
mikl_gse173098,mikl_gse173098|mikl_gse173098|neurite_soma_mpra|GFP 3UTR MPRA|Neuro-2a|mikl:Trim56:2700.0:e41d0ca286695b40,c52edd7631db6f83,2,3,2,AVAILABLE
mikl_gse173098,mikl_gse173098|mikl_gse173098|neurite_soma_mpra|GFP 3UTR MPRA|Neuro-2a|mikl:Trim56:2800.0:32454215606ae212,c52edd7631db6f83,2,3,2,AVAILABLE
mikl_gse173098,mikl_gse173098|mikl_gse173098|neurite_soma_mpra|GFP 3UTR MPRA|Neuro-2a|mikl:Trim56:4050.0:bd2cb44120d370fc,c52edd7631db6f83,2,3,2,AVAILABLE
mikl_gse173098,mikl_gse173098|mikl_gse173098|neurite_soma_mpra|GFP 3UTR MPRA|Neuro-2a|mikl:Trim56:4100.0:8f2cca5970bf267e,c52edd7631db6f83,3,3,3,AVAILABLE
mikl_gse173098,mikl_gse173098|mikl_gse173098|neurite_soma_mpra|GFP 3UTR MPRA|Neuro-2a|mikl:Trim56:4150.0:9199f446f08120b7,c52edd7631db6f83,2,3,2,AVAILABLE
mikl_gse173098,mikl_gse173098|mikl_gse173098|neurite_soma_mpra|GFP 3UTR MPRA|Neuro-2a|mikl:Trim56:4200.0:1c954fe1c5acc7ee,c52edd7631db6f83,2,3,2,AVAILABLE
mikl_gse173098,mikl_gse173098|mikl_gse173098|neurite_soma_mpra|GFP 3UTR MPRA|Neuro-2a|mikl:Trim56:5200.0:051f783f0b6ff3d6,c52edd7631db6f83,2,3,2,AVAILABLE
mikl_gse173098,mikl_gse173098|mikl_gse173098|neurite_soma_mpra|GFP 3UTR MPRA|Neuro-2a|mikl:Trim56:5250.0:e671c964f9aca7e4,c52edd7631db6f83,2,3,2,AVAILABLE
mikl_gse173098,mikl_gse173098|mikl_gse173098|neurite_soma_mpra|GFP 3UTR MPRA|Neuro-2a|mikl:Trim56:5600.0:fb9c9e74963812b2,c52edd7631db6f83,4,3,4,AVAILABLE
mikl_gse173098,mikl_gse173098|mikl_gse173098|neurite_soma_mpra|GFP 3UTR MPRA|Neuro-2a|mikl:Trim56:5650.0:d9255d624affaaf3,c52edd7631db6f83,3,3,3,AVAILABLE
mikl_gse173098,mikl_gse173098|mikl_gse173098|neurite_soma_mpra|GFP 3UTR MPRA|Neuro-2a|mikl:Trim56:650.0:0e2e4615e27598b8,c52edd7631db6f83,4,3,4,AVAILABLE
mikl_gse173098,mikl_gse173098|mikl_gse173098|neurite_soma_mpra|GFP 3UTR MPRA|Neuro-2a|mikl:Trim56:750.0:5c5955e7c980b06e,c52edd7631db6f83,2,3,2,AVAILABLE
mikl_gse173098,mikl_gse173098|mikl_gse173098|neurite_soma_mpra|GFP 3UTR MPRA|Neuro-2a|mikl:Trp63:100.0:86f214ee140cb1a2,fc1e4d68b5df739a,2,3,2,AVAILABLE
mikl_gse173098,mikl_gse173098|mikl_gse173098|neurite_soma_mpra|GFP 3UTR MPRA|Neuro-2a|mikl:Trp63:1250.0:8ed3e9b54bea5ace,fc1e4d68b5df739a,2,3,2,AVAILABLE
mikl_gse173098,mikl_gse173098|mikl_gse173098|neurite_soma_mpra|GFP 3UTR MPRA|Neuro-2a|mikl:Trp63:150.0:7134dc2b48006e4c,fc1e4d68b5df739a,2,3,2,AVAILABLE
mikl_gse173098,mikl_gse173098|mikl_gse173098|neurite_soma_mpra|GFP 3UTR MPRA|Neuro-2a|mikl:Trp63:200.0:0ddc18127cb8db10,fc1e4d68b5df739a,3,3,3,AVAILABLE
mikl_gse173098,mikl_gse173098|mikl_gse173098|neurite_soma_mpra|GFP 3UTR MPRA|Neuro-2a|mikl:Trp63:250.0:598b5e4977cab768,fc1e4d68b5df739a,3,3,3,AVAILABLE
mikl_gse173098,mikl_gse173098|mikl_gse173098|neurite_soma_mpra|GFP 3UTR MPRA|Neuro-2a|mikl:Trp63:300.0:1236cc15c1a00776,fc1e4d68b5df739a,3,3,3,AVAILABLE
mikl_gse173098,mikl_gse173098|mikl_gse173098|neurite_soma_mpra|GFP 3UTR MPRA|Neuro-2a|mikl:Trp63:350.0:c76f166f79512a32,fc1e4d68b5df739a,3,3,3,AVAILABLE
mikl_gse173098,mikl_gse173098|mikl_gse173098|neurite_soma_mpra|GFP 3UTR MPRA|Neuro-2a|mikl:Trp63:550.0:22b4f9262d29d3f7,fc1e4d68b5df739a,2,3,2,AVAILABLE
mikl_gse173098,mikl_gse173098|mikl_gse173098|neurite_soma_mpra|GFP 3UTR MPRA|Neuro-2a|mikl:Trp63:600.0:50d1112a5f538f15,fc1e4d68b5df739a,3,3,3,AVAILABLE
mikl_gse173098,mikl_gse173098|mikl_gse173098|neurite_soma_mpra|GFP 3UTR MPRA|Neuro-2a|mikl:Tulp1:0.0:1ffe30b4683649bd,e20561b4885d8955,2,3,2,AVAILABLE
mikl_gse173098,mikl_gse173098|mikl_gse173098|neurite_soma_mpra|GFP 3UTR MPRA|Neuro-2a|mikl:Tulp1:150.0:cba4b86a1381f373,e20561b4885d8955,3,3,3,AVAILABLE
mikl_gse173098,mikl_gse173098|mikl_gse173098|neurite_soma_mpra|GFP 3UTR MPRA|Neuro-2a|mikl:Tusc3:0.0:0c3d051a5f02c7fc,99c7f525b9867a32,2,3,2,AVAILABLE
mikl_gse173098,mikl_gse173098|mikl_gse173098|neurite_soma_mpra|GFP 3UTR MPRA|Neuro-2a|mikl:Tusc3:100.0:9d8726d695b282fd,99c7f525b9867a32,2,3,2,AVAILABLE
mikl_gse173098,mikl_gse173098|mikl_gse173098|neurite_soma_mpra|GFP 3UTR MPRA|Neuro-2a|mikl:Tusc3:200.0:53074da5c4902167,99c7f525b9867a32,2,3,2,AVAILABLE
mikl_gse173098,mikl_gse173098|mikl_gse173098|neurite_soma_mpra|GFP 3UTR MPRA|Neuro-2a|mikl:Tusc3:400.0:ab16418fe5c1f089,99c7f525b9867a32,2,3,2,AVAILABLE
mikl_gse173098,mikl_gse173098|mikl_gse173098|neurite_soma_mpra|GFP 3UTR MPRA|Neuro-2a|mikl:Tusc3:500.0:dfd4bc4d0e73b47e,99c7f525b9867a32,2,3,2,AVAILABLE
mikl_gse173098,mikl_gse173098|mikl_gse173098|neurite_soma_mpra|GFP 3UTR MPRA|Neuro-2a|mikl:Tusc3:550.0:8285ce89287edae7,99c7f525b9867a32,4,3,4,AVAILABLE
mikl_gse173098,mikl_gse173098|mikl_gse173098|neurite_soma_mpra|GFP 3UTR MPRA|Neuro-2a|mikl:Tusc3:600.0:64801efa8be73174,99c7f525b9867a32,5,3,5,AVAILABLE
mikl_gse173098,mikl_gse173098|mikl_gse173098|neurite_soma_mpra|GFP 3UTR MPRA|Neuro-2a|mikl:Ube2m:0.0:3e10337deb999538,5d439c67bda2a974,2,3,2,AVAILABLE
mikl_gse173098,mikl_gse173098|mikl_gse173098|neurite_soma_mpra|GFP 3UTR MPRA|Neuro-2a|mikl:Ube2m:150.0:d0d4053693f462ff,5d439c67bda2a974,2,3,2,AVAILABLE
mikl_gse173098,mikl_gse173098|mikl_gse173098|neurite_soma_mpra|GFP 3UTR MPRA|Neuro-2a|mikl:Ube2m:200.0:069680755db9bed9,5d439c67bda2a974,2,3,2,AVAILABLE
mikl_gse173098,mikl_gse173098|mikl_gse173098|neurite_soma_mpra|GFP 3UTR MPRA|Neuro-2a|mikl:Ube2m:50.0:7ecb09b529fccd97,5d439c67bda2a974,2,3,2,AVAILABLE
mikl_gse173098,mikl_gse173098|mikl_gse173098|neurite_soma_mpra|GFP 3UTR MPRA|Neuro-2a|mikl:Unc5c:100.0:679a2096ad156a5a,915f51673d238b24,5,3,5,AVAILABLE
mikl_gse173098,mikl_gse173098|mikl_gse173098|neurite_soma_mpra|GFP 3UTR MPRA|Neuro-2a|mikl:Unc5c:100.0:92184b0994ad43b2,915f51673d238b24,3,3,3,AVAILABLE
mikl_gse173098,mikl_gse173098|mikl_gse173098|neurite_soma_mpra|GFP 3UTR MPRA|Neuro-2a|mikl:Unc5c:1000.0:e16ab354b22ed438,915f51673d238b24,2,3,2,AVAILABLE
mikl_gse173098,mikl_gse173098|mikl_gse173098|neurite_soma_mpra|GFP 3UTR MPRA|Neuro-2a|mikl:Unc5c:1450.0:379ecebe628ff8be,915f51673d238b24,3,3,3,AVAILABLE
mikl_gse173098,mikl_gse173098|mikl_gse173098|neurite_soma_mpra|GFP 3UTR MPRA|Neuro-2a|mikl:Unc5c:150.0:0a236b1fbb969289,915f51673d238b24,4,3,4,AVAILABLE
mikl_gse173098,mikl_gse173098|mikl_gse173098|neurite_soma_mpra|GFP 3UTR MPRA|Neuro-2a|mikl:Unc5c:150.0:db638178afd813e7,915f51673d238b24,3,3,3,AVAILABLE
mikl_gse173098,mikl_gse173098|mikl_gse173098|neurite_soma_mpra|GFP 3UTR MPRA|Neuro-2a|mikl:Unc5c:1500.0:1537d41e422a3048,915f51673d238b24,2,3,2,AVAILABLE
mikl_gse173098,mikl_gse173098|mikl_gse173098|neurite_soma_mpra|GFP 3UTR MPRA|Neuro-2a|mikl:Unc5c:1550.0:ab8668a383483704,915f51673d238b24,3,3,3,AVAILABLE
mikl_gse173098,mikl_gse173098|mikl_gse173098|neurite_soma_mpra|GFP 3UTR MPRA|Neuro-2a|mikl:Unc5c:1600.0:29f4cdf3d72f35fc,915f51673d238b24,5,3,5,AVAILABLE
mikl_gse173098,mikl_gse173098|mikl_gse173098|neurite_soma_mpra|GFP 3UTR MPRA|Neuro-2a|mikl:Unc5c:1650.0:13ee569fc2e59653,915f51673d238b24,4,3,4,AVAILABLE
mikl_gse173098,mikl_gse173098|mikl_gse173098|neurite_soma_mpra|GFP 3UTR MPRA|Neuro-2a|mikl:Unc5c:1700.0:3577436b99e1ed72,915f51673d238b24,3,3,3,AVAILABLE
mikl_gse173098,mikl_gse173098|mikl_gse173098|neurite_soma_mpra|GFP 3UTR MPRA|Neuro-2a|mikl:Unc5c:1900.0:67736ecc3e443c53,915f51673d238b24,2,3,2,AVAILABLE
mikl_gse173098,mikl_gse173098|mikl_gse173098|neurite_soma_mpra|GFP 3UTR MPRA|Neuro-2a|mikl:Unc5c:1950.0:388887c11b19a3e0,915f51673d238b24,7,3,7,AVAILABLE
mikl_gse173098,mikl_gse173098|mikl_gse173098|neurite_soma_mpra|GFP 3UTR MPRA|Neuro-2a|mikl:Unc5c:200.0:1791e9593206e37c,915f51673d238b24,3,3,3,AVAILABLE
mikl_gse173098,mikl_gse173098|mikl_gse173098|neurite_soma_mpra|GFP 3UTR MPRA|Neuro-2a|mikl:Unc5c:200.0:817b1fb1ac06eda5,915f51673d238b24,4,3,4,AVAILABLE
mikl_gse173098,mikl_gse173098|mikl_gse173098|neurite_soma_mpra|GFP 3UTR MPRA|Neuro-2a|mikl:Unc5c:2000.0:13c5158d0ca864fb,915f51673d238b24,4,3,4,AVAILABLE
mikl_gse173098,mikl_gse173098|mikl_gse173098|neurite_soma_mpra|GFP 3UTR MPRA|Neuro-2a|mikl:Unc5c:2300.0:c8fa8482d026df28,915f51673d238b24,2,3,2,AVAILABLE
mikl_gse173098,mikl_gse173098|mikl_gse173098|neurite_soma_mpra|GFP 3UTR MPRA|Neuro-2a|mikl:Unc5c:2350.0:ce2d03f3b5eb58c2,915f51673d238b24,3,3,3,AVAILABLE
mikl_gse173098,mikl_gse173098|mikl_gse173098|neurite_soma_mpra|GFP 3UTR MPRA|Neuro-2a|mikl:Unc5c:2400.0:408dba7e81655bb4,915f51673d238b24,4,3,4,AVAILABLE
mikl_gse173098,mikl_gse173098|mikl_gse173098|neurite_soma_mpra|GFP 3UTR MPRA|Neuro-2a|mikl:Unc5c:2450.0:eb86e501b265c626,915f51673d238b24,4,3,4,AVAILABLE
mikl_gse173098,mikl_gse173098|mikl_gse173098|neurite_soma_mpra|GFP 3UTR MPRA|Neuro-2a|mikl:Unc5c:250.0:58c59c99ff3d6115,915f51673d238b24,4,3,4,AVAILABLE
mikl_gse173098,mikl_gse173098|mikl_gse173098|neurite_soma_mpra|GFP 3UTR MPRA|Neuro-2a|mikl:Unc5c:250.0:bc6975518f4a308b,915f51673d238b24,4,3,4,AVAILABLE
mikl_gse173098,mikl_gse173098|mikl_gse173098|neurite_soma_mpra|GFP 3UTR MPRA|Neuro-2a|mikl:Unc5c:2500.0:1cf796e5539d4961,915f51673d238b24,3,3,3,AVAILABLE
mikl_gse173098,mikl_gse173098|mikl_gse173098|neurite_soma_mpra|GFP 3UTR MPRA|Neuro-2a|mikl:Unc5c:2550.0:c3771e375be2db09,915f51673d238b24,3,3,3,AVAILABLE
mikl_gse173098,mikl_gse173098|mikl_gse173098|neurite_soma_mpra|GFP 3UTR MPRA|Neuro-2a|mikl:Unc5c:2600.0:025f30c8e14a5f05,915f51673d238b24,4,3,4,AVAILABLE
mikl_gse173098,mikl_gse173098|mikl_gse173098|neurite_soma_mpra|GFP 3UTR MPRA|Neuro-2a|mikl:Unc5c:2650.0:d127977e0700db30,915f51673d238b24,7,3,7,AVAILABLE
mikl_gse173098,mikl_gse173098|mikl_gse173098|neurite_soma_mpra|GFP 3UTR MPRA|Neuro-2a|mikl:Unc5c:2700.0:4a912c19ea3ce659,915f51673d238b24,5,3,5,AVAILABLE
mikl_gse173098,mikl_gse173098|mikl_gse173098|neurite_soma_mpra|GFP 3UTR MPRA|Neuro-2a|mikl:Unc5c:2750.0:d0892043981a6116,915f51673d238b24,7,3,7,AVAILABLE
mikl_gse173098,mikl_gse173098|mikl_gse173098|neurite_soma_mpra|GFP 3UTR MPRA|Neuro-2a|mikl:Unc5c:2800.0:a69c3c0994676e14,915f51673d238b24,3,3,3,AVAILABLE
mikl_gse173098,mikl_gse173098|mikl_gse173098|neurite_soma_mpra|GFP 3UTR MPRA|Neuro-2a|mikl:Unc5c:2950.0:4140236e9c9d050f,915f51673d238b24,2,3,2,AVAILABLE
mikl_gse173098,mikl_gse173098|mikl_gse173098|neurite_soma_mpra|GFP 3UTR MPRA|Neuro-2a|mikl:Unc5c:300.0:00847529bac3b71f,915f51673d238b24,6,3,6,AVAILABLE
mikl_gse173098,mikl_gse173098|mikl_gse173098|neurite_soma_mpra|GFP 3UTR MPRA|Neuro-2a|mikl:Unc5c:300.0:5a181b79b6aa92c7,915f51673d238b24,4,3,4,AVAILABLE
mikl_gse173098,mikl_gse173098|mikl_gse173098|neurite_soma_mpra|GFP 3UTR MPRA|Neuro-2a|mikl:Unc5c:3000.0:bc306e406645ac66,915f51673d238b24,3,3,3,AVAILABLE
mikl_gse173098,mikl_gse173098|mikl_gse173098|neurite_soma_mpra|GFP 3UTR MPRA|Neuro-2a|mikl:Unc5c:3050.0:44b23e232cb199e0,915f51673d238b24,4,3,4,AVAILABLE
mikl_gse173098,mikl_gse173098|mikl_gse173098|neurite_soma_mpra|GFP 3UTR MPRA|Neuro-2a|mikl:Unc5c:3100.0:e990170eb343efff,915f51673d238b24,3,3,3,AVAILABLE
mikl_gse173098,mikl_gse173098|mikl_gse173098|neurite_soma_mpra|GFP 3UTR MPRA|Neuro-2a|mikl:Unc5c:3150.0:67b39b69e7211b7d,915f51673d238b24,2,3,2,AVAILABLE
mikl_gse173098,mikl_gse173098|mikl_gse173098|neurite_soma_mpra|GFP 3UTR MPRA|Neuro-2a|mikl:Unc5c:3300.0:51c30167094c09b7,915f51673d238b24,2,3,2,AVAILABLE
mikl_gse173098,mikl_gse173098|mikl_gse173098|neurite_soma_mpra|GFP 3UTR MPRA|Neuro-2a|mikl:Unc5c:3350.0:edaf464c1dd79d41,915f51673d238b24,3,3,3,AVAILABLE
mikl_gse173098,mikl_gse173098|mikl_gse173098|neurite_soma_mpra|GFP 3UTR MPRA|Neuro-2a|mikl:Unc5c:3400.0:812c18954d9ffac1,915f51673d238b24,2,3,2,AVAILABLE
mikl_gse173098,mikl_gse173098|mikl_gse173098|neurite_soma_mpra|GFP 3UTR MPRA|Neuro-2a|mikl:Unc5c:3450.0:bafa3c060fa698f6,915f51673d238b24,2,3,2,AVAILABLE
mikl_gse173098,mikl_gse173098|mikl_gse173098|neurite_soma_mpra|GFP 3UTR MPRA|Neuro-2a|mikl:Unc5c:350.0:78e32fcc19f2bfff,915f51673d238b24,4,3,4,AVAILABLE
mikl_gse173098,mikl_gse173098|mikl_gse173098|neurite_soma_mpra|GFP 3UTR MPRA|Neuro-2a|mikl:Unc5c:3500.0:5335292ee9e7ec80,915f51673d238b24,2,3,2,AVAILABLE
mikl_gse173098,mikl_gse173098|mikl_gse173098|neurite_soma_mpra|GFP 3UTR MPRA|Neuro-2a|mikl:Unc5c:3550.0:3a0f3a2daf4488ec,915f51673d238b24,2,3,2,AVAILABLE
mikl_gse173098,mikl_gse173098|mikl_gse173098|neurite_soma_mpra|GFP 3UTR MPRA|Neuro-2a|mikl:Unc5c:3850.0:ed5fc5dbc7d1c7ca,915f51673d238b24,2,3,2,AVAILABLE
mikl_gse173098,mikl_gse173098|mikl_gse173098|neurite_soma_mpra|GFP 3UTR MPRA|Neuro-2a|mikl:Unc5c:3900.0:4f3905921a2ce6c5,915f51673d238b24,2,3,2,AVAILABLE
mikl_gse173098,mikl_gse173098|mikl_gse173098|neurite_soma_mpra|GFP 3UTR MPRA|Neuro-2a|mikl:Unc5c:3950.0:26713500fe623895,915f51673d238b24,3,3,3,AVAILABLE
mikl_gse173098,mikl_gse173098|mikl_gse173098|neurite_soma_mpra|GFP 3UTR MPRA|Neuro-2a|mikl:Unc5c:400.0:463edf44adb34902,915f51673d238b24,2,3,2,AVAILABLE
mikl_gse173098,mikl_gse173098|mikl_gse173098|neurite_soma_mpra|GFP 3UTR MPRA|Neuro-2a|mikl:Unc5c:4000.0:6d26d59c6105c836,915f51673d238b24,2,3,2,AVAILABLE
mikl_gse173098,mikl_gse173098|mikl_gse173098|neurite_soma_mpra|GFP 3UTR MPRA|Neuro-2a|mikl:Unc5c:4050.0:342571e747bbd146,915f51673d238b24,3,3,3,AVAILABLE
mikl_gse173098,mikl_gse173098|mikl_gse173098|neurite_soma_mpra|GFP 3UTR MPRA|Neuro-2a|mikl:Unc5c:4100.0:798e7e2673b13224,915f51673d238b24,4,3,4,AVAILABLE
mikl_gse173098,mikl_gse173098|mikl_gse173098|neurite_soma_mpra|GFP 3UTR MPRA|Neuro-2a|mikl:Unc5c:4150.0:613a99e400ffdd43,915f51673d238b24,3,3,3,AVAILABLE
mikl_gse173098,mikl_gse173098|mikl_gse173098|neurite_soma_mpra|GFP 3UTR MPRA|Neuro-2a|mikl:Unc5c:4200.0:bc4214135b65f1a8,915f51673d238b24,7,3,7,AVAILABLE
mikl_gse173098,mikl_gse173098|mikl_gse173098|neurite_soma_mpra|GFP 3UTR MPRA|Neuro-2a|mikl:Unc5c:4250.0:d10d68f0eb95f8e3,915f51673d238b24,7,3,7,AVAILABLE
mikl_gse173098,mikl_gse173098|mikl_gse173098|neurite_soma_mpra|GFP 3UTR MPRA|Neuro-2a|mikl:Unc5c:4300.0:63b752784ccd7d6d,915f51673d238b24,3,3,3,AVAILABLE
mikl_gse173098,mikl_gse173098|mikl_gse173098|neurite_soma_mpra|GFP 3UTR MPRA|Neuro-2a|mikl:Unc5c:4350.0:9516ec7d238071d5,915f51673d238b24,2,3,2,AVAILABLE
mikl_gse173098,mikl_gse173098|mikl_gse173098|neurite_soma_mpra|GFP 3UTR MPRA|Neuro-2a|mikl:Unc5c:4400.0:0ef7be52a9a713ee,915f51673d238b24,2,3,2,AVAILABLE
mikl_gse173098,mikl_gse173098|mikl_gse173098|neurite_soma_mpra|GFP 3UTR MPRA|Neuro-2a|mikl:Unc5c:4700.0:581663f8f1050cae,915f51673d238b24,2,3,2,AVAILABLE
mikl_gse173098,mikl_gse173098|mikl_gse173098|neurite_soma_mpra|GFP 3UTR MPRA|Neuro-2a|mikl:Unc5c:4750.0:00ee187f66b8fe41,915f51673d238b24,2,3,2,AVAILABLE
mikl_gse173098,mikl_gse173098|mikl_gse173098|neurite_soma_mpra|GFP 3UTR MPRA|Neuro-2a|mikl:Unc5c:50.0:0c8d939d2c445aa0,915f51673d238b24,3,3,3,AVAILABLE
mikl_gse173098,mikl_gse173098|mikl_gse173098|neurite_soma_mpra|GFP 3UTR MPRA|Neuro-2a|mikl:Unc5c:5000.0:39039df7a94441f0,915f51673d238b24,2,3,2,AVAILABLE
mikl_gse173098,mikl_gse173098|mikl_gse173098|neurite_soma_mpra|GFP 3UTR MPRA|Neuro-2a|mikl:Unc5c:5050.0:02b5d917a4e5b5b2,915f51673d238b24,2,3,2,AVAILABLE
mikl_gse173098,mikl_gse173098|mikl_gse173098|neurite_soma_mpra|GFP 3UTR MPRA|Neuro-2a|mikl:Unc5c:5100.0:9c3c063cd3412e16,915f51673d238b24,3,3,3,AVAILABLE
mikl_gse173098,mikl_gse173098|mikl_gse173098|neurite_soma_mpra|GFP 3UTR MPRA|Neuro-2a|mikl:Unc5c:5150.0:2243b600cd4f3c4e,915f51673d238b24,2,3,2,AVAILABLE
mikl_gse173098,mikl_gse173098|mikl_gse173098|neurite_soma_mpra|GFP 3UTR MPRA|Neuro-2a|mikl:Unc5c:5400.0:845d24bfed68f47f,915f51673d238b24,2,3,2,AVAILABLE
mikl_gse173098,mikl_gse173098|mikl_gse173098|neurite_soma_mpra|GFP 3UTR MPRA|Neuro-2a|mikl:Unc5c:5450.0:f230dff70d577461,915f51673d238b24,3,3,3,AVAILABLE
mikl_gse173098,mikl_gse173098|mikl_gse173098|neurite_soma_mpra|GFP 3UTR MPRA|Neuro-2a|mikl:Unc5c:550.0:f9ef96ecb4a7b798,915f51673d238b24,2,3,2,AVAILABLE
mikl_gse173098,mikl_gse173098|mikl_gse173098|neurite_soma_mpra|GFP 3UTR MPRA|Neuro-2a|mikl:Unc5c:5500.0:7904c007bd5a0a60,915f51673d238b24,3,3,3,AVAILABLE
mikl_gse173098,mikl_gse173098|mikl_gse173098|neurite_soma_mpra|GFP 3UTR MPRA|Neuro-2a|mikl:Unc5c:5550.0:f16a9ce53e761237,915f51673d238b24,2,3,2,AVAILABLE
mikl_gse173098,mikl_gse173098|mikl_gse173098|neurite_soma_mpra|GFP 3UTR MPRA|Neuro-2a|mikl:Unc5c:5650.0:18ad0fd588d62d3b,915f51673d238b24,2,3,2,AVAILABLE
mikl_gse173098,mikl_gse173098|mikl_gse173098|neurite_soma_mpra|GFP 3UTR MPRA|Neuro-2a|mikl:Unc5c:5700.0:bfd0ed84834ff110,915f51673d238b24,2,3,2,AVAILABLE
mikl_gse173098,mikl_gse173098|mikl_gse173098|neurite_soma_mpra|GFP 3UTR MPRA|Neuro-2a|mikl:Unc5c:5750.0:f15e3b69c8f82dc4,915f51673d238b24,5,3,5,AVAILABLE
mikl_gse173098,mikl_gse173098|mikl_gse173098|neurite_soma_mpra|GFP 3UTR MPRA|Neuro-2a|mikl:Unc5c:5800.0:872164c12c033030,915f51673d238b24,2,3,2,AVAILABLE
mikl_gse173098,mikl_gse173098|mikl_gse173098|neurite_soma_mpra|GFP 3UTR MPRA|Neuro-2a|mikl:Unc5c:5850.0:1dfadcc515d6d203,915f51673d238b24,2,3,2,AVAILABLE
mikl_gse173098,mikl_gse173098|mikl_gse173098|neurite_soma_mpra|GFP 3UTR MPRA|Neuro-2a|mikl:Unc5c:5900.0:627beb8666cf2a1c,915f51673d238b24,5,3,5,AVAILABLE
mikl_gse173098,mikl_gse173098|mikl_gse173098|neurite_soma_mpra|GFP 3UTR MPRA|Neuro-2a|mikl:Unc5c:5950.0:9a1e571193a1e325,915f51673d238b24,4,3,4,AVAILABLE
mikl_gse173098,mikl_gse173098|mikl_gse173098|neurite_soma_mpra|GFP 3UTR MPRA|Neuro-2a|mikl:Unc5c:600.0:738f6120acc129ad,915f51673d238b24,5,3,5,AVAILABLE
mikl_gse173098,mikl_gse173098|mikl_gse173098|neurite_soma_mpra|GFP 3UTR MPRA|Neuro-2a|mikl:Unc5c:6000.0:8dcd148e7bae0ae6,915f51673d238b24,5,3,5,AVAILABLE
mikl_gse173098,mikl_gse173098|mikl_gse173098|neurite_soma_mpra|GFP 3UTR MPRA|Neuro-2a|mikl:Unc5c:6050.0:38184ee4338b3d46,915f51673d238b24,2,3,2,AVAILABLE
mikl_gse173098,mikl_gse173098|mikl_gse173098|neurite_soma_mpra|GFP 3UTR MPRA|Neuro-2a|mikl:Unc5c:6100.0:b3efb8bd863ecd41,915f51673d238b24,2,3,2,AVAILABLE
mikl_gse173098,mikl_gse173098|mikl_gse173098|neurite_soma_mpra|GFP 3UTR MPRA|Neuro-2a|mikl:Unc5c:6150.0:1dab68ad274ff91d,915f51673d238b24,2,3,2,AVAILABLE
mikl_gse173098,mikl_gse173098|mikl_gse173098|neurite_soma_mpra|GFP 3UTR MPRA|Neuro-2a|mikl:Unc5c:650.0:10e375b0f311e5ea,915f51673d238b24,6,3,6,AVAILABLE
mikl_gse173098,mikl_gse173098|mikl_gse173098|neurite_soma_mpra|GFP 3UTR MPRA|Neuro-2a|mikl:Unc5c:700.0:4f4f344d8600cea7,915f51673d238b24,8,3,8,AVAILABLE
mikl_gse173098,mikl_gse173098|mikl_gse173098|neurite_soma_mpra|GFP 3UTR MPRA|Neuro-2a|mikl:Unc5c:750.0:e882b7e4a7aa1df9,915f51673d238b24,7,3,7,AVAILABLE
mikl_gse173098,mikl_gse173098|mikl_gse173098|neurite_soma_mpra|GFP 3UTR MPRA|Neuro-2a|mikl:Unc5c:800.0:7ace9a2dcfa95592,915f51673d238b24,3,3,3,AVAILABLE
mikl_gse173098,mikl_gse173098|mikl_gse173098|neurite_soma_mpra|GFP 3UTR MPRA|Neuro-2a|mikl:Unc5c:900.0:64825cd943e170d6,915f51673d238b24,2,3,2,AVAILABLE
mikl_gse173098,mikl_gse173098|mikl_gse173098|neurite_soma_mpra|GFP 3UTR MPRA|Neuro-2a|mikl:Unc5c:950.0:60377d3f2e7aec26,915f51673d238b24,2,3,2,AVAILABLE
mikl_gse173098,mikl_gse173098|mikl_gse173098|neurite_soma_mpra|GFP 3UTR MPRA|Neuro-2a|mikl:Uqcrq:750.0:8b982728e38df6aa,fb255d6be67f7770,2,3,2,AVAILABLE
mikl_gse173098,mikl_gse173098|mikl_gse173098|neurite_soma_mpra|GFP 3UTR MPRA|Neuro-2a|mikl:Uqcrq:800.0:c944db6675fb4e53,fb255d6be67f7770,2,3,2,AVAILABLE
mikl_gse173098,mikl_gse173098|mikl_gse173098|neurite_soma_mpra|GFP 3UTR MPRA|Neuro-2a|mikl:Vangl1:0.0:b52b7292ab08d133,80dbffff0fe47857,2,3,2,AVAILABLE
mikl_gse173098,mikl_gse173098|mikl_gse173098|neurite_soma_mpra|GFP 3UTR MPRA|Neuro-2a|mikl:Vangl1:150.0:639280f2b7dc0905,80dbffff0fe47857,2,3,2,AVAILABLE
mikl_gse173098,mikl_gse173098|mikl_gse173098|neurite_soma_mpra|GFP 3UTR MPRA|Neuro-2a|mikl:Vangl1:200.0:6ffa9ee360cbfacc,80dbffff0fe47857,2,3,2,AVAILABLE
mikl_gse173098,mikl_gse173098|mikl_gse173098|neurite_soma_mpra|GFP 3UTR MPRA|Neuro-2a|mikl:Vangl1:2500.0:c1793e176df9f8f2,80dbffff0fe47857,2,3,2,AVAILABLE
mikl_gse173098,mikl_gse173098|mikl_gse173098|neurite_soma_mpra|GFP 3UTR MPRA|Neuro-2a|mikl:Vangl1:3050.0:1e2dba901cf8acd8,80dbffff0fe47857,2,3,2,AVAILABLE
mikl_gse173098,mikl_gse173098|mikl_gse173098|neurite_soma_mpra|GFP 3UTR MPRA|Neuro-2a|mikl:Vangl1:3100.0:188545e16cbf804b,80dbffff0fe47857,3,3,3,AVAILABLE
mikl_gse173098,mikl_gse173098|mikl_gse173098|neurite_soma_mpra|GFP 3UTR MPRA|Neuro-2a|mikl:Vangl1:3150.0:1a303f430ede04b3,80dbffff0fe47857,4,3,4,AVAILABLE
mikl_gse173098,mikl_gse173098|mikl_gse173098|neurite_soma_mpra|GFP 3UTR MPRA|Neuro-2a|mikl:Vangl1:3200.0:d1a8bf0a365523f1,80dbffff0fe47857,4,3,4,AVAILABLE
mikl_gse173098,mikl_gse173098|mikl_gse173098|neurite_soma_mpra|GFP 3UTR MPRA|Neuro-2a|mikl:Vangl1:3250.0:58352061c5a885ae,80dbffff0fe47857,3,3,3,AVAILABLE
mikl_gse173098,mikl_gse173098|mikl_gse173098|neurite_soma_mpra|GFP 3UTR MPRA|Neuro-2a|mikl:Vangl1:350.0:38963e520c40c911,80dbffff0fe47857,2,3,2,AVAILABLE
mikl_gse173098,mikl_gse173098|mikl_gse173098|neurite_soma_mpra|GFP 3UTR MPRA|Neuro-2a|mikl:Vangl1:3500.0:c173c8a2ee55d037,80dbffff0fe47857,3,3,3,AVAILABLE
mikl_gse173098,mikl_gse173098|mikl_gse173098|neurite_soma_mpra|GFP 3UTR MPRA|Neuro-2a|mikl:Vangl1:400.0:945de375f48b9de2,80dbffff0fe47857,2,3,2,AVAILABLE
mikl_gse173098,mikl_gse173098|mikl_gse173098|neurite_soma_mpra|GFP 3UTR MPRA|Neuro-2a|mikl:Vangl1:450.0:5dcc5cb4c6b42c32,80dbffff0fe47857,2,3,2,AVAILABLE
mikl_gse173098,mikl_gse173098|mikl_gse173098|neurite_soma_mpra|GFP 3UTR MPRA|Neuro-2a|mikl:Vapb:0.0:a1bfe34d2c2955ff,e0494dccf40209ce,4,3,4,AVAILABLE
mikl_gse173098,mikl_gse173098|mikl_gse173098|neurite_soma_mpra|GFP 3UTR MPRA|Neuro-2a|mikl:Vapb:100.0:386c950854f68e38,e0494dccf40209ce,2,3,2,AVAILABLE
mikl_gse173098,mikl_gse173098|mikl_gse173098|neurite_soma_mpra|GFP 3UTR MPRA|Neuro-2a|mikl:Vapb:1000.0:d8786cb93df9cef9,e0494dccf40209ce,3,3,3,AVAILABLE
mikl_gse173098,mikl_gse173098|mikl_gse173098|neurite_soma_mpra|GFP 3UTR MPRA|Neuro-2a|mikl:Vapb:1050.0:763bd1e9254a4018,e0494dccf40209ce,3,3,3,AVAILABLE
mikl_gse173098,mikl_gse173098|mikl_gse173098|neurite_soma_mpra|GFP 3UTR MPRA|Neuro-2a|mikl:Vapb:1100.0:6db23654d329e0d6,e0494dccf40209ce,4,3,4,AVAILABLE
mikl_gse173098,mikl_gse173098|mikl_gse173098|neurite_soma_mpra|GFP 3UTR MPRA|Neuro-2a|mikl:Vapb:1150.0:e686a0de98f70467,e0494dccf40209ce,4,3,4,AVAILABLE
mikl_gse173098,mikl_gse173098|mikl_gse173098|neurite_soma_mpra|GFP 3UTR MPRA|Neuro-2a|mikl:Vapb:1200.0:f9f79f41925a3475,e0494dccf40209ce,2,3,2,AVAILABLE
mikl_gse173098,mikl_gse173098|mikl_gse173098|neurite_soma_mpra|GFP 3UTR MPRA|Neuro-2a|mikl:Vapb:1250.0:a58917a6a4bdad5b,e0494dccf40209ce,2,3,2,AVAILABLE
mikl_gse173098,mikl_gse173098|mikl_gse173098|neurite_soma_mpra|GFP 3UTR MPRA|Neuro-2a|mikl:Vapb:150.0:b571bca571333269,e0494dccf40209ce,2,3,2,AVAILABLE
mikl_gse173098,mikl_gse173098|mikl_gse173098|neurite_soma_mpra|GFP 3UTR MPRA|Neuro-2a|mikl:Vapb:1500.0:7185b4560dfb1d12,e0494dccf40209ce,2,3,2,AVAILABLE
mikl_gse173098,mikl_gse173098|mikl_gse173098|neurite_soma_mpra|GFP 3UTR MPRA|Neuro-2a|mikl:Vapb:1550.0:367142f25dad6708,e0494dccf40209ce,2,3,2,AVAILABLE
mikl_gse173098,mikl_gse173098|mikl_gse173098|neurite_soma_mpra|GFP 3UTR MPRA|Neuro-2a|mikl:Vapb:1850.0:b7e9613e8bf843c2,e0494dccf40209ce,2,3,2,AVAILABLE
mikl_gse173098,mikl_gse173098|mikl_gse173098|neurite_soma_mpra|GFP 3UTR MPRA|Neuro-2a|mikl:Vapb:1900.0:2d4602a59e0b006e,e0494dccf40209ce,3,3,3,AVAILABLE
mikl_gse173098,mikl_gse173098|mikl_gse173098|neurite_soma_mpra|GFP 3UTR MPRA|Neuro-2a|mikl:Vapb:1950.0:83dea14da7e04a20,e0494dccf40209ce,2,3,2,AVAILABLE
mikl_gse173098,mikl_gse173098|mikl_gse173098|neurite_soma_mpra|GFP 3UTR MPRA|Neuro-2a|mikl:Vapb:200.0:61f896b7d26bea7b,e0494dccf40209ce,2,3,2,AVAILABLE
mikl_gse173098,mikl_gse173098|mikl_gse173098|neurite_soma_mpra|GFP 3UTR MPRA|Neuro-2a|mikl:Vapb:2100.0:46602bb1b3d43f2d,e0494dccf40209ce,2,3,2,AVAILABLE
mikl_gse173098,mikl_gse173098|mikl_gse173098|neurite_soma_mpra|GFP 3UTR MPRA|Neuro-2a|mikl:Vapb:2200.0:73029a1fd15fb392,e0494dccf40209ce,2,3,2,AVAILABLE
mikl_gse173098,mikl_gse173098|mikl_gse173098|neurite_soma_mpra|GFP 3UTR MPRA|Neuro-2a|mikl:Vapb:2450.0:a2542adcf1da1cce,e0494dccf40209ce,2,3,2,AVAILABLE
mikl_gse173098,mikl_gse173098|mikl_gse173098|neurite_soma_mpra|GFP 3UTR MPRA|Neuro-2a|mikl:Vapb:250.0:a824836368e199bc,e0494dccf40209ce,2,3,2,AVAILABLE
mikl_gse173098,mikl_gse173098|mikl_gse173098|neurite_soma_mpra|GFP 3UTR MPRA|Neuro-2a|mikl:Vapb:2500.0:93b49727475acb30,e0494dccf40209ce,4,3,4,AVAILABLE
mikl_gse173098,mikl_gse173098|mikl_gse173098|neurite_soma_mpra|GFP 3UTR MPRA|Neuro-2a|mikl:Vapb:2550.0:ffc00769312c0905,e0494dccf40209ce,5,3,5,AVAILABLE
mikl_gse173098,mikl_gse173098|mikl_gse173098|neurite_soma_mpra|GFP 3UTR MPRA|Neuro-2a|mikl:Vapb:2600.0:f999fffd4ba32005,e0494dccf40209ce,3,3,3,AVAILABLE
mikl_gse173098,mikl_gse173098|mikl_gse173098|neurite_soma_mpra|GFP 3UTR MPRA|Neuro-2a|mikl:Vapb:2650.0:b6165d82e14abf26,e0494dccf40209ce,3,3,3,AVAILABLE
mikl_gse173098,mikl_gse173098|mikl_gse173098|neurite_soma_mpra|GFP 3UTR MPRA|Neuro-2a|mikl:Vapb:2850.0:5ccdfcabb9627799,e0494dccf40209ce,3,3,3,AVAILABLE
mikl_gse173098,mikl_gse173098|mikl_gse173098|neurite_soma_mpra|GFP 3UTR MPRA|Neuro-2a|mikl:Vapb:2900.0:45d05244310ff89c,e0494dccf40209ce,4,3,4,AVAILABLE
mikl_gse173098,mikl_gse173098|mikl_gse173098|neurite_soma_mpra|GFP 3UTR MPRA|Neuro-2a|mikl:Vapb:2950.0:04f384a703b46941,e0494dccf40209ce,2,3,2,AVAILABLE
mikl_gse173098,mikl_gse173098|mikl_gse173098|neurite_soma_mpra|GFP 3UTR MPRA|Neuro-2a|mikl:Vapb:3000.0:e5fe71eb869de35b,e0494dccf40209ce,2,3,2,AVAILABLE
mikl_gse173098,mikl_gse173098|mikl_gse173098|neurite_soma_mpra|GFP 3UTR MPRA|Neuro-2a|mikl:Vapb:3350.0:47af2df7d6f5cffd,e0494dccf40209ce,2,3,2,AVAILABLE
mikl_gse173098,mikl_gse173098|mikl_gse173098|neurite_soma_mpra|GFP 3UTR MPRA|Neuro-2a|mikl:Vapb:3500.0:9f86f400a3b5c2a9,e0494dccf40209ce,2,3,2,AVAILABLE
mikl_gse173098,mikl_gse173098|mikl_gse173098|neurite_soma_mpra|GFP 3UTR MPRA|Neuro-2a|mikl:Vapb:3550.0:afe14c292e6d8f77,e0494dccf40209ce,3,3,3,AVAILABLE
mikl_gse173098,mikl_gse173098|mikl_gse173098|neurite_soma_mpra|GFP 3UTR MPRA|Neuro-2a|mikl:Vapb:3600.0:d860ecda0916ecfd,e0494dccf40209ce,2,3,2,AVAILABLE
mikl_gse173098,mikl_gse173098|mikl_gse173098|neurite_soma_mpra|GFP 3UTR MPRA|Neuro-2a|mikl:Vapb:3650.0:a3410412253b852e,e0494dccf40209ce,4,3,4,AVAILABLE
mikl_gse173098,mikl_gse173098|mikl_gse173098|neurite_soma_mpra|GFP 3UTR MPRA|Neuro-2a|mikl:Vapb:3700.0:00449fe38dc54346,e0494dccf40209ce,2,3,2,AVAILABLE
mikl_gse173098,mikl_gse173098|mikl_gse173098|neurite_soma_mpra|GFP 3UTR MPRA|Neuro-2a|mikl:Vapb:3750.0:a5e48a0294d8448f,e0494dccf40209ce,2,3,2,AVAILABLE
mikl_gse173098,mikl_gse173098|mikl_gse173098|neurite_soma_mpra|GFP 3UTR MPRA|Neuro-2a|mikl:Vapb:3900.0:08a6339b9996eb82,e0494dccf40209ce,2,3,2,AVAILABLE
mikl_gse173098,mikl_gse173098|mikl_gse173098|neurite_soma_mpra|GFP 3UTR MPRA|Neuro-2a|mikl:Vapb:3950.0:f1da8ac9eadfab1a,e0494dccf40209ce,2,3,2,AVAILABLE
mikl_gse173098,mikl_gse173098|mikl_gse173098|neurite_soma_mpra|GFP 3UTR MPRA|Neuro-2a|mikl:Vapb:400.0:cceb43aa971fdb42,e0494dccf40209ce,2,3,2,AVAILABLE
mikl_gse173098,mikl_gse173098|mikl_gse173098|neurite_soma_mpra|GFP 3UTR MPRA|Neuro-2a|mikl:Vapb:4350.0:8a4b6f8bb68ac7f0,e0494dccf40209ce,2,3,2,AVAILABLE
mikl_gse173098,mikl_gse173098|mikl_gse173098|neurite_soma_mpra|GFP 3UTR MPRA|Neuro-2a|mikl:Vapb:4400.0:c8fc2ee2a1c773ac,e0494dccf40209ce,3,3,3,AVAILABLE
mikl_gse173098,mikl_gse173098|mikl_gse173098|neurite_soma_mpra|GFP 3UTR MPRA|Neuro-2a|mikl:Vapb:4450.0:e1d1bb7f6448cd72,e0494dccf40209ce,8,3,8,AVAILABLE
mikl_gse173098,mikl_gse173098|mikl_gse173098|neurite_soma_mpra|GFP 3UTR MPRA|Neuro-2a|mikl:Vapb:450.0:a3550b47935795fe,e0494dccf40209ce,3,3,3,AVAILABLE
mikl_gse173098,mikl_gse173098|mikl_gse173098|neurite_soma_mpra|GFP 3UTR MPRA|Neuro-2a|mikl:Vapb:4500.0:1793c48993cf69a8,e0494dccf40209ce,8,3,8,AVAILABLE
mikl_gse173098,mikl_gse173098|mikl_gse173098|neurite_soma_mpra|GFP 3UTR MPRA|Neuro-2a|mikl:Vapb:4550.0:ab21499902c4c7ae,e0494dccf40209ce,8,3,8,AVAILABLE
mikl_gse173098,mikl_gse173098|mikl_gse173098|neurite_soma_mpra|GFP 3UTR MPRA|Neuro-2a|mikl:Vapb:4600.0:c010bf96410e6110,e0494dccf40209ce,2,3,2,AVAILABLE
mikl_gse173098,mikl_gse173098|mikl_gse173098|neurite_soma_mpra|GFP 3UTR MPRA|Neuro-2a|mikl:Vapb:4700.0:6cc3a9c7bc0f5763,e0494dccf40209ce,2,3,2,AVAILABLE
mikl_gse173098,mikl_gse173098|mikl_gse173098|neurite_soma_mpra|GFP 3UTR MPRA|Neuro-2a|mikl:Vapb:4750.0:091be5436894b9ad,e0494dccf40209ce,2,3,2,AVAILABLE
mikl_gse173098,mikl_gse173098|mikl_gse173098|neurite_soma_mpra|GFP 3UTR MPRA|Neuro-2a|mikl:Vapb:4800.0:2ab8138860eadaf0,e0494dccf40209ce,3,3,3,AVAILABLE
mikl_gse173098,mikl_gse173098|mikl_gse173098|neurite_soma_mpra|GFP 3UTR MPRA|Neuro-2a|mikl:Vapb:4850.0:4788a34c3e63a2c2,e0494dccf40209ce,2,3,2,AVAILABLE
mikl_gse173098,mikl_gse173098|mikl_gse173098|neurite_soma_mpra|GFP 3UTR MPRA|Neuro-2a|mikl:Vapb:4900.0:0c8868b1420e194b,e0494dccf40209ce,2,3,2,AVAILABLE
mikl_gse173098,mikl_gse173098|mikl_gse173098|neurite_soma_mpra|GFP 3UTR MPRA|Neuro-2a|mikl:Vapb:50.0:7f26e104678d95e0,e0494dccf40209ce,4,3,4,AVAILABLE
mikl_gse173098,mikl_gse173098|mikl_gse173098|neurite_soma_mpra|GFP 3UTR MPRA|Neuro-2a|mikl:Vapb:500.0:fec662f916920fd4,e0494dccf40209ce,3,3,3,AVAILABLE
mikl_gse173098,mikl_gse173098|mikl_gse173098|neurite_soma_mpra|GFP 3UTR MPRA|Neuro-2a|mikl:Vapb:5050.0:d7ded4f63d31dd8f,e0494dccf40209ce,3,3,3,AVAILABLE
mikl_gse173098,mikl_gse173098|mikl_gse173098|neurite_soma_mpra|GFP 3UTR MPRA|Neuro-2a|mikl:Vapb:5100.0:d128229d3e58eb40,e0494dccf40209ce,5,3,5,AVAILABLE
mikl_gse173098,mikl_gse173098|mikl_gse173098|neurite_soma_mpra|GFP 3UTR MPRA|Neuro-2a|mikl:Vapb:5150.0:55bbd8b1b85325ed,e0494dccf40209ce,7,3,7,AVAILABLE
mikl_gse173098,mikl_gse173098|mikl_gse173098|neurite_soma_mpra|GFP 3UTR MPRA|Neuro-2a|mikl:Vapb:5200.0:9085a02734c51b18,e0494dccf40209ce,9,3,9,AVAILABLE
mikl_gse173098,mikl_gse173098|mikl_gse173098|neurite_soma_mpra|GFP 3UTR MPRA|Neuro-2a|mikl:Vapb:5250.0:389c94adea9a0915,e0494dccf40209ce,4,3,4,AVAILABLE
mikl_gse173098,mikl_gse173098|mikl_gse173098|neurite_soma_mpra|GFP 3UTR MPRA|Neuro-2a|mikl:Vapb:5400.0:0d6a8d70106436c4,e0494dccf40209ce,2,3,2,AVAILABLE
mikl_gse173098,mikl_gse173098|mikl_gse173098|neurite_soma_mpra|GFP 3UTR MPRA|Neuro-2a|mikl:Vapb:5450.0:990e91f090396dac,e0494dccf40209ce,2,3,2,AVAILABLE
mikl_gse173098,mikl_gse173098|mikl_gse173098|neurite_soma_mpra|GFP 3UTR MPRA|Neuro-2a|mikl:Vapb:5500.0:0456a09bf357254b,e0494dccf40209ce,3,3,3,AVAILABLE
mikl_gse173098,mikl_gse173098|mikl_gse173098|neurite_soma_mpra|GFP 3UTR MPRA|Neuro-2a|mikl:Vapb:5550.0:96ba7ce4b46671fb,e0494dccf40209ce,2,3,2,AVAILABLE
mikl_gse173098,mikl_gse173098|mikl_gse173098|neurite_soma_mpra|GFP 3UTR MPRA|Neuro-2a|mikl:Vapb:5700.0:a05492291546bd6c,e0494dccf40209ce,3,3,3,AVAILABLE
mikl_gse173098,mikl_gse173098|mikl_gse173098|neurite_soma_mpra|GFP 3UTR MPRA|Neuro-2a|mikl:Vapb:5750.0:26d87786df234004,e0494dccf40209ce,2,3,2,AVAILABLE
mikl_gse173098,mikl_gse173098|mikl_gse173098|neurite_soma_mpra|GFP 3UTR MPRA|Neuro-2a|mikl:Vapb:5800.0:86957571c1a1fe75,e0494dccf40209ce,2,3,2,AVAILABLE
mikl_gse173098,mikl_gse173098|mikl_gse173098|neurite_soma_mpra|GFP 3UTR MPRA|Neuro-2a|mikl:Vapb:5900.0:249c4f2e794abd78,e0494dccf40209ce,2,3,2,AVAILABLE
mikl_gse173098,mikl_gse173098|mikl_gse173098|neurite_soma_mpra|GFP 3UTR MPRA|Neuro-2a|mikl:Vapb:700.0:411be2b214cb145e,e0494dccf40209ce,2,3,2,AVAILABLE
mikl_gse173098,mikl_gse173098|mikl_gse173098|neurite_soma_mpra|GFP 3UTR MPRA|Neuro-2a|mikl:Vapb:750.0:d24747184b11005e,e0494dccf40209ce,4,3,4,AVAILABLE
mikl_gse173098,mikl_gse173098|mikl_gse173098|neurite_soma_mpra|GFP 3UTR MPRA|Neuro-2a|mikl:Vapb:800.0:69aa94fdacddcc47,e0494dccf40209ce,3,3,3,AVAILABLE
mikl_gse173098,mikl_gse173098|mikl_gse173098|neurite_soma_mpra|GFP 3UTR MPRA|Neuro-2a|mikl:Vapb:950.0:2795a4a2839fca4e,e0494dccf40209ce,2,3,2,AVAILABLE
mikl_gse173098,mikl_gse173098|mikl_gse173098|neurite_soma_mpra|GFP 3UTR MPRA|Neuro-2a|mikl:Vma21:0.0:c62aa3c5395df762,a7f634f329be42d1,4,3,4,AVAILABLE
mikl_gse173098,mikl_gse173098|mikl_gse173098|neurite_soma_mpra|GFP 3UTR MPRA|Neuro-2a|mikl:Vma21:1000.0:da6a3c9d9a683b79,a7f634f329be42d1,6,3,6,AVAILABLE
mikl_gse173098,mikl_gse173098|mikl_gse173098|neurite_soma_mpra|GFP 3UTR MPRA|Neuro-2a|mikl:Vma21:1050.0:4e4185cb8c928171,a7f634f329be42d1,5,3,5,AVAILABLE
mikl_gse173098,mikl_gse173098|mikl_gse173098|neurite_soma_mpra|GFP 3UTR MPRA|Neuro-2a|mikl:Vma21:1200.0:b738c2ed1b6a7770,a7f634f329be42d1,2,3,2,AVAILABLE
mikl_gse173098,mikl_gse173098|mikl_gse173098|neurite_soma_mpra|GFP 3UTR MPRA|Neuro-2a|mikl:Vma21:1250.0:5701ec8291837231,a7f634f329be42d1,2,3,2,AVAILABLE
mikl_gse173098,mikl_gse173098|mikl_gse173098|neurite_soma_mpra|GFP 3UTR MPRA|Neuro-2a|mikl:Vma21:1300.0:194aa37d10dbc833,a7f634f329be42d1,2,3,2,AVAILABLE
mikl_gse173098,mikl_gse173098|mikl_gse173098|neurite_soma_mpra|GFP 3UTR MPRA|Neuro-2a|mikl:Vma21:1400.0:f215380691763059,a7f634f329be42d1,3,3,3,AVAILABLE
mikl_gse173098,mikl_gse173098|mikl_gse173098|neurite_soma_mpra|GFP 3UTR MPRA|Neuro-2a|mikl:Vma21:1450.0:81841ccead3307eb,a7f634f329be42d1,5,3,5,AVAILABLE
mikl_gse173098,mikl_gse173098|mikl_gse173098|neurite_soma_mpra|GFP 3UTR MPRA|Neuro-2a|mikl:Vma21:150.0:e0e62abe5d043cf1,a7f634f329be42d1,2,3,2,AVAILABLE
mikl_gse173098,mikl_gse173098|mikl_gse173098|neurite_soma_mpra|GFP 3UTR MPRA|Neuro-2a|mikl:Vma21:1500.0:ea286d5a2d604cb2,a7f634f329be42d1,5,3,5,AVAILABLE
mikl_gse173098,mikl_gse173098|mikl_gse173098|neurite_soma_mpra|GFP 3UTR MPRA|Neuro-2a|mikl:Vma21:1550.0:5eed5f20d41fe6d7,a7f634f329be42d1,4,3,4,AVAILABLE
mikl_gse173098,mikl_gse173098|mikl_gse173098|neurite_soma_mpra|GFP 3UTR MPRA|Neuro-2a|mikl:Vma21:1750.0:ee3c92d14ac0a130,a7f634f329be42d1,2,3,2,AVAILABLE
mikl_gse173098,mikl_gse173098|mikl_gse173098|neurite_soma_mpra|GFP 3UTR MPRA|Neuro-2a|mikl:Vma21:1800.0:3b5b531c69c0e751,a7f634f329be42d1,5,3,5,AVAILABLE
mikl_gse173098,mikl_gse173098|mikl_gse173098|neurite_soma_mpra|GFP 3UTR MPRA|Neuro-2a|mikl:Vma21:1850.0:d989032f349790ff,a7f634f329be42d1,6,3,6,AVAILABLE
mikl_gse173098,mikl_gse173098|mikl_gse173098|neurite_soma_mpra|GFP 3UTR MPRA|Neuro-2a|mikl:Vma21:1900.0:9fecbac81827d7ab,a7f634f329be42d1,4,3,4,AVAILABLE
mikl_gse173098,mikl_gse173098|mikl_gse173098|neurite_soma_mpra|GFP 3UTR MPRA|Neuro-2a|mikl:Vma21:1950.0:af351eb7f5ef4dbb,a7f634f329be42d1,3,3,3,AVAILABLE
mikl_gse173098,mikl_gse173098|mikl_gse173098|neurite_soma_mpra|GFP 3UTR MPRA|Neuro-2a|mikl:Vma21:2000.0:0f3419241804a134,a7f634f329be42d1,4,3,4,AVAILABLE
mikl_gse173098,mikl_gse173098|mikl_gse173098|neurite_soma_mpra|GFP 3UTR MPRA|Neuro-2a|mikl:Vma21:2050.0:76d3315c36d26269,a7f634f329be42d1,4,3,4,AVAILABLE
mikl_gse173098,mikl_gse173098|mikl_gse173098|neurite_soma_mpra|GFP 3UTR MPRA|Neuro-2a|mikl:Vma21:2100.0:679a67cf4d1ecdc7,a7f634f329be42d1,7,3,7,AVAILABLE
mikl_gse173098,mikl_gse173098|mikl_gse173098|neurite_soma_mpra|GFP 3UTR MPRA|Neuro-2a|mikl:Vma21:2250.0:01d3d47a086c1799,a7f634f329be42d1,3,3,3,AVAILABLE
mikl_gse173098,mikl_gse173098|mikl_gse173098|neurite_soma_mpra|GFP 3UTR MPRA|Neuro-2a|mikl:Vma21:2300.0:db4c84566fd4b764,a7f634f329be42d1,3,3,3,AVAILABLE
mikl_gse173098,mikl_gse173098|mikl_gse173098|neurite_soma_mpra|GFP 3UTR MPRA|Neuro-2a|mikl:Vma21:2350.0:192601e857dbc600,a7f634f329be42d1,4,3,4,AVAILABLE
mikl_gse173098,mikl_gse173098|mikl_gse173098|neurite_soma_mpra|GFP 3UTR MPRA|Neuro-2a|mikl:Vma21:2400.0:ee7f6eed7b3ca54f,a7f634f329be42d1,2,3,2,AVAILABLE
mikl_gse173098,mikl_gse173098|mikl_gse173098|neurite_soma_mpra|GFP 3UTR MPRA|Neuro-2a|mikl:Vma21:250.0:70f10d3ba88f75ec,a7f634f329be42d1,2,3,2,AVAILABLE
mikl_gse173098,mikl_gse173098|mikl_gse173098|neurite_soma_mpra|GFP 3UTR MPRA|Neuro-2a|mikl:Vma21:2550.0:c32c32e24637a166,a7f634f329be42d1,3,3,3,AVAILABLE
mikl_gse173098,mikl_gse173098|mikl_gse173098|neurite_soma_mpra|GFP 3UTR MPRA|Neuro-2a|mikl:Vma21:2600.0:f443d373cb958449,a7f634f329be42d1,8,3,8,AVAILABLE
mikl_gse173098,mikl_gse173098|mikl_gse173098|neurite_soma_mpra|GFP 3UTR MPRA|Neuro-2a|mikl:Vma21:2650.0:95fccfc130ed88e5,a7f634f329be42d1,10,3,10,AVAILABLE
mikl_gse173098,mikl_gse173098|mikl_gse173098|neurite_soma_mpra|GFP 3UTR MPRA|Neuro-2a|mikl:Vma21:2700.0:e29792f37ed8a6fa,a7f634f329be42d1,8,3,8,AVAILABLE
mikl_gse173098,mikl_gse173098|mikl_gse173098|neurite_soma_mpra|GFP 3UTR MPRA|Neuro-2a|mikl:Vma21:2750.0:bad57e8c1f4e2cdc,a7f634f329be42d1,3,3,3,AVAILABLE
mikl_gse173098,mikl_gse173098|mikl_gse173098|neurite_soma_mpra|GFP 3UTR MPRA|Neuro-2a|mikl:Vma21:2800.0:5b82286483bfefd0,a7f634f329be42d1,2,3,2,AVAILABLE
mikl_gse173098,mikl_gse173098|mikl_gse173098|neurite_soma_mpra|GFP 3UTR MPRA|Neuro-2a|mikl:Vma21:2900.0:a2c68c47cd83b4bb,a7f634f329be42d1,3,3,3,AVAILABLE
mikl_gse173098,mikl_gse173098|mikl_gse173098|neurite_soma_mpra|GFP 3UTR MPRA|Neuro-2a|mikl:Vma21:2950.0:f611165ff4529a6c,a7f634f329be42d1,6,3,6,AVAILABLE
mikl_gse173098,mikl_gse173098|mikl_gse173098|neurite_soma_mpra|GFP 3UTR MPRA|Neuro-2a|mikl:Vma21:300.0:5ac34cb71c897637,a7f634f329be42d1,2,3,2,AVAILABLE
mikl_gse173098,mikl_gse173098|mikl_gse173098|neurite_soma_mpra|GFP 3UTR MPRA|Neuro-2a|mikl:Vma21:3000.0:59107af6617ee1de,a7f634f329be42d1,6,3,6,AVAILABLE
mikl_gse173098,mikl_gse173098|mikl_gse173098|neurite_soma_mpra|GFP 3UTR MPRA|Neuro-2a|mikl:Vma21:3050.0:4a1f363bc40a1658,a7f634f329be42d1,5,3,5,AVAILABLE
mikl_gse173098,mikl_gse173098|mikl_gse173098|neurite_soma_mpra|GFP 3UTR MPRA|Neuro-2a|mikl:Vma21:3250.0:59ad89a0a8c917ce,a7f634f329be42d1,2,3,2,AVAILABLE
mikl_gse173098,mikl_gse173098|mikl_gse173098|neurite_soma_mpra|GFP 3UTR MPRA|Neuro-2a|mikl:Vma21:3300.0:04f7b6a235f134d7,a7f634f329be42d1,2,3,2,AVAILABLE
mikl_gse173098,mikl_gse173098|mikl_gse173098|neurite_soma_mpra|GFP 3UTR MPRA|Neuro-2a|mikl:Vma21:3350.0:3a401ddb251e3a3c,a7f634f329be42d1,2,3,2,AVAILABLE
mikl_gse173098,mikl_gse173098|mikl_gse173098|neurite_soma_mpra|GFP 3UTR MPRA|Neuro-2a|mikl:Vma21:3450.0:a084cc3264d17309,a7f634f329be42d1,2,3,2,AVAILABLE
mikl_gse173098,mikl_gse173098|mikl_gse173098|neurite_soma_mpra|GFP 3UTR MPRA|Neuro-2a|mikl:Vma21:400.0:b724b7babcd4d82c,a7f634f329be42d1,2,3,2,AVAILABLE
mikl_gse173098,mikl_gse173098|mikl_gse173098|neurite_soma_mpra|GFP 3UTR MPRA|Neuro-2a|mikl:Vma21:450.0:eff05dbcbb7752eb,a7f634f329be42d1,2,3,2,AVAILABLE
mikl_gse173098,mikl_gse173098|mikl_gse173098|neurite_soma_mpra|GFP 3UTR MPRA|Neuro-2a|mikl:Vma21:50.0:8e9dc0ee75b6acd2,a7f634f329be42d1,2,3,2,AVAILABLE
mikl_gse173098,mikl_gse173098|mikl_gse173098|neurite_soma_mpra|GFP 3UTR MPRA|Neuro-2a|mikl:Vma21:550.0:71d8d587fa3190ec,a7f634f329be42d1,2,3,2,AVAILABLE
mikl_gse173098,mikl_gse173098|mikl_gse173098|neurite_soma_mpra|GFP 3UTR MPRA|Neuro-2a|mikl:Vma21:700.0:52e861f4c120b0e1,a7f634f329be42d1,2,3,2,AVAILABLE
mikl_gse173098,mikl_gse173098|mikl_gse173098|neurite_soma_mpra|GFP 3UTR MPRA|Neuro-2a|mikl:Vma21:800.0:293708ed0ab67965,a7f634f329be42d1,5,3,5,AVAILABLE
mikl_gse173098,mikl_gse173098|mikl_gse173098|neurite_soma_mpra|GFP 3UTR MPRA|Neuro-2a|mikl:Vma21:850.0:f801d647abc5f035,a7f634f329be42d1,5,3,5,AVAILABLE
mikl_gse173098,mikl_gse173098|mikl_gse173098|neurite_soma_mpra|GFP 3UTR MPRA|Neuro-2a|mikl:Vma21:900.0:b30eb92bfa7e08d7,a7f634f329be42d1,4,3,4,AVAILABLE
mikl_gse173098,mikl_gse173098|mikl_gse173098|neurite_soma_mpra|GFP 3UTR MPRA|Neuro-2a|mikl:Vma21:950.0:4bafefdfa548e11b,a7f634f329be42d1,6,3,6,AVAILABLE
mikl_gse173098,mikl_gse173098|mikl_gse173098|neurite_soma_mpra|GFP 3UTR MPRA|Neuro-2a|mikl:Wdr31:950.0:803d7502ed59a757,6ec8464d8cba921b,3,3,3,AVAILABLE
mikl_gse173098,mikl_gse173098|mikl_gse173098|neurite_soma_mpra|GFP 3UTR MPRA|Neuro-2a|mikl:Zbtb20:1000.0:36ca3eab3412865c,1cf8fcff984a5a66,3,3,3,AVAILABLE
mikl_gse173098,mikl_gse173098|mikl_gse173098|neurite_soma_mpra|GFP 3UTR MPRA|Neuro-2a|mikl:Zbtb20:10250.0:0656c95826c423e4,1cf8fcff984a5a66,3,3,3,AVAILABLE
mikl_gse173098,mikl_gse173098|mikl_gse173098|neurite_soma_mpra|GFP 3UTR MPRA|Neuro-2a|mikl:Zbtb20:10300.0:32f34b733fb189ba,1cf8fcff984a5a66,2,3,2,AVAILABLE
mikl_gse173098,mikl_gse173098|mikl_gse173098|neurite_soma_mpra|GFP 3UTR MPRA|Neuro-2a|mikl:Zbtb20:1100.0:387a12dc51a07e8e,1cf8fcff984a5a66,2,3,2,AVAILABLE
mikl_gse173098,mikl_gse173098|mikl_gse173098|neurite_soma_mpra|GFP 3UTR MPRA|Neuro-2a|mikl:Zbtb20:1150.0:1d98ed438145ee64,1cf8fcff984a5a66,2,3,2,AVAILABLE
mikl_gse173098,mikl_gse173098|mikl_gse173098|neurite_soma_mpra|GFP 3UTR MPRA|Neuro-2a|mikl:Zbtb20:11700.0:7f509ca97f95d0a9,1cf8fcff984a5a66,2,3,2,AVAILABLE
mikl_gse173098,mikl_gse173098|mikl_gse173098|neurite_soma_mpra|GFP 3UTR MPRA|Neuro-2a|mikl:Zbtb20:12600.0:1ed497ea0131046d,1cf8fcff984a5a66,2,3,2,AVAILABLE
mikl_gse173098,mikl_gse173098|mikl_gse173098|neurite_soma_mpra|GFP 3UTR MPRA|Neuro-2a|mikl:Zbtb20:13500.0:630a99f5a5e8700c,1cf8fcff984a5a66,3,3,3,AVAILABLE
mikl_gse173098,mikl_gse173098|mikl_gse173098|neurite_soma_mpra|GFP 3UTR MPRA|Neuro-2a|mikl:Zbtb20:13550.0:2c38700b297f3e5a,1cf8fcff984a5a66,6,3,6,AVAILABLE
mikl_gse173098,mikl_gse173098|mikl_gse173098|neurite_soma_mpra|GFP 3UTR MPRA|Neuro-2a|mikl:Zbtb20:13600.0:f1f204448ab920cd,1cf8fcff984a5a66,5,3,5,AVAILABLE
mikl_gse173098,mikl_gse173098|mikl_gse173098|neurite_soma_mpra|GFP 3UTR MPRA|Neuro-2a|mikl:Zbtb20:13650.0:fa1c3239d7591149,1cf8fcff984a5a66,2,3,2,AVAILABLE
mikl_gse173098,mikl_gse173098|mikl_gse173098|neurite_soma_mpra|GFP 3UTR MPRA|Neuro-2a|mikl:Zbtb20:13850.0:848d061b112dd1d8,1cf8fcff984a5a66,2,3,2,AVAILABLE
mikl_gse173098,mikl_gse173098|mikl_gse173098|neurite_soma_mpra|GFP 3UTR MPRA|Neuro-2a|mikl:Zbtb20:13900.0:ad24fffe4e00ee61,1cf8fcff984a5a66,2,3,2,AVAILABLE
mikl_gse173098,mikl_gse173098|mikl_gse173098|neurite_soma_mpra|GFP 3UTR MPRA|Neuro-2a|mikl:Zbtb20:13950.0:b999584fcd811fc0,1cf8fcff984a5a66,4,3,4,AVAILABLE
mikl_gse173098,mikl_gse173098|mikl_gse173098|neurite_soma_mpra|GFP 3UTR MPRA|Neuro-2a|mikl:Zbtb20:14000.0:f4fd64b624c76383,1cf8fcff984a5a66,3,3,3,AVAILABLE
mikl_gse173098,mikl_gse173098|mikl_gse173098|neurite_soma_mpra|GFP 3UTR MPRA|Neuro-2a|mikl:Zbtb20:14050.0:546adb7e6c984443,1cf8fcff984a5a66,2,3,2,AVAILABLE
mikl_gse173098,mikl_gse173098|mikl_gse173098|neurite_soma_mpra|GFP 3UTR MPRA|Neuro-2a|mikl:Zbtb20:14700.0:a76d0d636a94c1ab,1cf8fcff984a5a66,2,3,2,AVAILABLE
mikl_gse173098,mikl_gse173098|mikl_gse173098|neurite_soma_mpra|GFP 3UTR MPRA|Neuro-2a|mikl:Zbtb20:14750.0:7014277431126205,1cf8fcff984a5a66,4,3,4,AVAILABLE
mikl_gse173098,mikl_gse173098|mikl_gse173098|neurite_soma_mpra|GFP 3UTR MPRA|Neuro-2a|mikl:Zbtb20:14800.0:95a0c7803c248d92,1cf8fcff984a5a66,2,3,2,AVAILABLE
mikl_gse173098,mikl_gse173098|mikl_gse173098|neurite_soma_mpra|GFP 3UTR MPRA|Neuro-2a|mikl:Zbtb20:14850.0:26e5ec96b68cd7f4,1cf8fcff984a5a66,2,3,2,AVAILABLE
mikl_gse173098,mikl_gse173098|mikl_gse173098|neurite_soma_mpra|GFP 3UTR MPRA|Neuro-2a|mikl:Zbtb20:15400.0:4236348c0865eba8,1cf8fcff984a5a66,2,3,2,AVAILABLE
mikl_gse173098,mikl_gse173098|mikl_gse173098|neurite_soma_mpra|GFP 3UTR MPRA|Neuro-2a|mikl:Zbtb20:15450.0:7bb36e7ae14678ac,1cf8fcff984a5a66,2,3,2,AVAILABLE
mikl_gse173098,mikl_gse173098|mikl_gse173098|neurite_soma_mpra|GFP 3UTR MPRA|Neuro-2a|mikl:Zbtb20:15500.0:e8a7680b048dc96f,1cf8fcff984a5a66,2,3,2,AVAILABLE
mikl_gse173098,mikl_gse173098|mikl_gse173098|neurite_soma_mpra|GFP 3UTR MPRA|Neuro-2a|mikl:Zbtb20:16700.0:7d9aa1ad34d66c62,1cf8fcff984a5a66,3,3,3,AVAILABLE
mikl_gse173098,mikl_gse173098|mikl_gse173098|neurite_soma_mpra|GFP 3UTR MPRA|Neuro-2a|mikl:Zbtb20:1750.0:4209e0f11a4bc22f,1cf8fcff984a5a66,2,3,2,AVAILABLE
mikl_gse173098,mikl_gse173098|mikl_gse173098|neurite_soma_mpra|GFP 3UTR MPRA|Neuro-2a|mikl:Zbtb20:1800.0:4b39174127af9a55,1cf8fcff984a5a66,2,3,2,AVAILABLE
mikl_gse173098,mikl_gse173098|mikl_gse173098|neurite_soma_mpra|GFP 3UTR MPRA|Neuro-2a|mikl:Zbtb20:18500.0:d18ae98e9472c21e,1cf8fcff984a5a66,2,3,2,AVAILABLE
mikl_gse173098,mikl_gse173098|mikl_gse173098|neurite_soma_mpra|GFP 3UTR MPRA|Neuro-2a|mikl:Zbtb20:18800.0:d638f65f82b272f1,1cf8fcff984a5a66,2,3,2,AVAILABLE
mikl_gse173098,mikl_gse173098|mikl_gse173098|neurite_soma_mpra|GFP 3UTR MPRA|Neuro-2a|mikl:Zbtb20:19100.0:21afea6ad68bd483,1cf8fcff984a5a66,3,3,3,AVAILABLE
mikl_gse173098,mikl_gse173098|mikl_gse173098|neurite_soma_mpra|GFP 3UTR MPRA|Neuro-2a|mikl:Zbtb20:19400.0:b0b92bd0f7d2f21d,1cf8fcff984a5a66,2,3,2,AVAILABLE
mikl_gse173098,mikl_gse173098|mikl_gse173098|neurite_soma_mpra|GFP 3UTR MPRA|Neuro-2a|mikl:Zbtb20:19450.0:7a7ae8ca06f6b701,1cf8fcff984a5a66,2,3,2,AVAILABLE
mikl_gse173098,mikl_gse173098|mikl_gse173098|neurite_soma_mpra|GFP 3UTR MPRA|Neuro-2a|mikl:Zbtb20:21300.0:cab770a1d986023a,1cf8fcff984a5a66,3,3,3,AVAILABLE
mikl_gse173098,mikl_gse173098|mikl_gse173098|neurite_soma_mpra|GFP 3UTR MPRA|Neuro-2a|mikl:Zbtb20:21350.0:97906e46aa3f2a00,1cf8fcff984a5a66,2,3,2,AVAILABLE
mikl_gse173098,mikl_gse173098|mikl_gse173098|neurite_soma_mpra|GFP 3UTR MPRA|Neuro-2a|mikl:Zbtb20:22950.0:4a8ccc4ffa6608c2,1cf8fcff984a5a66,2,3,2,AVAILABLE
mikl_gse173098,mikl_gse173098|mikl_gse173098|neurite_soma_mpra|GFP 3UTR MPRA|Neuro-2a|mikl:Zbtb20:23000.0:1e67070613ed9b12,1cf8fcff984a5a66,3,3,3,AVAILABLE
mikl_gse173098,mikl_gse173098|mikl_gse173098|neurite_soma_mpra|GFP 3UTR MPRA|Neuro-2a|mikl:Zbtb20:23050.0:58a0b89090b92418,1cf8fcff984a5a66,3,3,3,AVAILABLE
mikl_gse173098,mikl_gse173098|mikl_gse173098|neurite_soma_mpra|GFP 3UTR MPRA|Neuro-2a|mikl:Zbtb20:23150.0:44038a78b78bf0b8,1cf8fcff984a5a66,2,3,2,AVAILABLE
mikl_gse173098,mikl_gse173098|mikl_gse173098|neurite_soma_mpra|GFP 3UTR MPRA|Neuro-2a|mikl:Zbtb20:23400.0:c8832404d79bf22d,1cf8fcff984a5a66,2,3,2,AVAILABLE
mikl_gse173098,mikl_gse173098|mikl_gse173098|neurite_soma_mpra|GFP 3UTR MPRA|Neuro-2a|mikl:Zbtb20:23450.0:efe0f39ce3983061,1cf8fcff984a5a66,2,3,2,AVAILABLE
mikl_gse173098,mikl_gse173098|mikl_gse173098|neurite_soma_mpra|GFP 3UTR MPRA|Neuro-2a|mikl:Zbtb20:23500.0:ccaa33a7c3bb00ff,1cf8fcff984a5a66,3,3,3,AVAILABLE
mikl_gse173098,mikl_gse173098|mikl_gse173098|neurite_soma_mpra|GFP 3UTR MPRA|Neuro-2a|mikl:Zbtb20:2650.0:0f33eb3e8017c2f4,1cf8fcff984a5a66,2,3,2,AVAILABLE
mikl_gse173098,mikl_gse173098|mikl_gse173098|neurite_soma_mpra|GFP 3UTR MPRA|Neuro-2a|mikl:Zbtb20:2700.0:1c95e06361862117,1cf8fcff984a5a66,3,3,3,AVAILABLE
mikl_gse173098,mikl_gse173098|mikl_gse173098|neurite_soma_mpra|GFP 3UTR MPRA|Neuro-2a|mikl:Zbtb20:350.0:e85c9643706908fd,1cf8fcff984a5a66,3,3,3,AVAILABLE
mikl_gse173098,mikl_gse173098|mikl_gse173098|neurite_soma_mpra|GFP 3UTR MPRA|Neuro-2a|mikl:Zbtb20:3800.0:205e96428e4a35f8,1cf8fcff984a5a66,2,3,2,AVAILABLE
mikl_gse173098,mikl_gse173098|mikl_gse173098|neurite_soma_mpra|GFP 3UTR MPRA|Neuro-2a|mikl:Zbtb20:3850.0:f3a7d2a2590da9d6,1cf8fcff984a5a66,3,3,3,AVAILABLE
mikl_gse173098,mikl_gse173098|mikl_gse173098|neurite_soma_mpra|GFP 3UTR MPRA|Neuro-2a|mikl:Zbtb20:4050.0:a1e6ea66ba954b07,1cf8fcff984a5a66,2,3,2,AVAILABLE
mikl_gse173098,mikl_gse173098|mikl_gse173098|neurite_soma_mpra|GFP 3UTR MPRA|Neuro-2a|mikl:Zbtb20:4100.0:18a50777a745abdc,1cf8fcff984a5a66,2,3,2,AVAILABLE
mikl_gse173098,mikl_gse173098|mikl_gse173098|neurite_soma_mpra|GFP 3UTR MPRA|Neuro-2a|mikl:Zbtb20:4150.0:0ee72d3b88f0ceb9,1cf8fcff984a5a66,2,3,2,AVAILABLE
mikl_gse173098,mikl_gse173098|mikl_gse173098|neurite_soma_mpra|GFP 3UTR MPRA|Neuro-2a|mikl:Zbtb20:450.0:9fe62585877a7964,1cf8fcff984a5a66,2,3,2,AVAILABLE
mikl_gse173098,mikl_gse173098|mikl_gse173098|neurite_soma_mpra|GFP 3UTR MPRA|Neuro-2a|mikl:Zbtb20:5550.0:2b62ea621ee3d484,1cf8fcff984a5a66,2,3,2,AVAILABLE
mikl_gse173098,mikl_gse173098|mikl_gse173098|neurite_soma_mpra|GFP 3UTR MPRA|Neuro-2a|mikl:Zbtb20:5600.0:29f5bc02f30f88d2,1cf8fcff984a5a66,3,3,3,AVAILABLE
mikl_gse173098,mikl_gse173098|mikl_gse173098|neurite_soma_mpra|GFP 3UTR MPRA|Neuro-2a|mikl:Zbtb20:5650.0:7c9ebb0ce77109dc,1cf8fcff984a5a66,2,3,2,AVAILABLE
mikl_gse173098,mikl_gse173098|mikl_gse173098|neurite_soma_mpra|GFP 3UTR MPRA|Neuro-2a|mikl:Zbtb20:6150.0:783b4c35b9b5a4d2,1cf8fcff984a5a66,2,3,2,AVAILABLE
mikl_gse173098,mikl_gse173098|mikl_gse173098|neurite_soma_mpra|GFP 3UTR MPRA|Neuro-2a|mikl:Zbtb20:6200.0:7be74139ffd0ccbd,1cf8fcff984a5a66,2,3,2,AVAILABLE
mikl_gse173098,mikl_gse173098|mikl_gse173098|neurite_soma_mpra|GFP 3UTR MPRA|Neuro-2a|mikl:Zbtb20:6650.0:a7ef3815c16e66d4,1cf8fcff984a5a66,2,3,2,AVAILABLE
mikl_gse173098,mikl_gse173098|mikl_gse173098|neurite_soma_mpra|GFP 3UTR MPRA|Neuro-2a|mikl:Zbtb20:6750.0:91ec008d8252ffb9,1cf8fcff984a5a66,2,3,2,AVAILABLE
mikl_gse173098,mikl_gse173098|mikl_gse173098|neurite_soma_mpra|GFP 3UTR MPRA|Neuro-2a|mikl:Zbtb20:700.0:4fe7c04d2ca6a119,1cf8fcff984a5a66,2,3,2,AVAILABLE
mikl_gse173098,mikl_gse173098|mikl_gse173098|neurite_soma_mpra|GFP 3UTR MPRA|Neuro-2a|mikl:Zbtb20:7400.0:8f4643b6538bd5b1,1cf8fcff984a5a66,3,3,3,AVAILABLE
mikl_gse173098,mikl_gse173098|mikl_gse173098|neurite_soma_mpra|GFP 3UTR MPRA|Neuro-2a|mikl:Zbtb20:7450.0:c51fa7f42f409b4c,1cf8fcff984a5a66,2,3,2,AVAILABLE
mikl_gse173098,mikl_gse173098|mikl_gse173098|neurite_soma_mpra|GFP 3UTR MPRA|Neuro-2a|mikl:Zbtb20:7500.0:f34b36f98dbdb83b,1cf8fcff984a5a66,2,3,2,AVAILABLE
mikl_gse173098,mikl_gse173098|mikl_gse173098|neurite_soma_mpra|GFP 3UTR MPRA|Neuro-2a|mikl:Zbtb20:800.0:a4f14f602911ddd6,1cf8fcff984a5a66,3,3,3,AVAILABLE
mikl_gse173098,mikl_gse173098|mikl_gse173098|neurite_soma_mpra|GFP 3UTR MPRA|Neuro-2a|mikl:Zbtb20:850.0:a9a4e5d8377374c4,1cf8fcff984a5a66,2,3,2,AVAILABLE
mikl_gse173098,mikl_gse173098|mikl_gse173098|neurite_soma_mpra|GFP 3UTR MPRA|Neuro-2a|mikl:Zbtb20:900.0:9f5cc0baab236d9b,1cf8fcff984a5a66,3,3,3,AVAILABLE
mikl_gse173098,mikl_gse173098|mikl_gse173098|neurite_soma_mpra|GFP 3UTR MPRA|Neuro-2a|mikl:Zbtb20:950.0:abc09d136a88ce5a,1cf8fcff984a5a66,3,3,3,AVAILABLE
mikl_gse173098,mikl_gse173098|mikl_gse173098|neurite_soma_mpra|GFP 3UTR MPRA|Neuro-2a|mikl:Zbtb20:9750.0:83a4afe198d285a7,1cf8fcff984a5a66,2,3,2,AVAILABLE
mikl_gse173098,mikl_gse173098|mikl_gse173098|neurite_soma_mpra|GFP 3UTR MPRA|Neuro-2a|mikl:Zbtb20:9800.0:5f73c1b5fab33769,1cf8fcff984a5a66,2,3,2,AVAILABLE
mikl_gse173098,mikl_gse173098|mikl_gse173098|neurite_soma_mpra|GFP 3UTR MPRA|Neuro-2a|mikl:Zfhx3:1250.0:23a20cd1e7f61d95,d0397a30d0d5538e,2,3,2,AVAILABLE
mikl_gse173098,mikl_gse173098|mikl_gse173098|neurite_soma_mpra|GFP 3UTR MPRA|Neuro-2a|mikl:Zfhx3:1450.0:0f134a7a69f5d5d0,d0397a30d0d5538e,3,3,3,AVAILABLE
mikl_gse173098,mikl_gse173098|mikl_gse173098|neurite_soma_mpra|GFP 3UTR MPRA|Neuro-2a|mikl:Zfhx3:2450.0:69cdbd4e7d84b487,d0397a30d0d5538e,2,3,2,AVAILABLE
mikl_gse173098,mikl_gse173098|mikl_gse173098|neurite_soma_mpra|GFP 3UTR MPRA|Neuro-2a|mikl:Zfhx3:2700.0:7054458c8a68444f,d0397a30d0d5538e,2,3,2,AVAILABLE
mikl_gse173098,mikl_gse173098|mikl_gse173098|neurite_soma_mpra|GFP 3UTR MPRA|Neuro-2a|mikl:Zfhx3:2750.0:5133affdcc6a2ec4,d0397a30d0d5538e,2,3,2,AVAILABLE
mikl_gse173098,mikl_gse173098|mikl_gse173098|neurite_soma_mpra|GFP 3UTR MPRA|Neuro-2a|mikl:Zfhx3:2850.0:1b5f0285ba8c0978,d0397a30d0d5538e,3,3,3,AVAILABLE
mikl_gse173098,mikl_gse173098|mikl_gse173098|neurite_soma_mpra|GFP 3UTR MPRA|Neuro-2a|mikl:Zfhx3:2900.0:dad46254747bdbd5,d0397a30d0d5538e,4,3,4,AVAILABLE
mikl_gse173098,mikl_gse173098|mikl_gse173098|neurite_soma_mpra|GFP 3UTR MPRA|Neuro-2a|mikl:Zfhx3:2950.0:f085fc35784ffb56,d0397a30d0d5538e,2,3,2,AVAILABLE
mikl_gse173098,mikl_gse173098|mikl_gse173098|neurite_soma_mpra|GFP 3UTR MPRA|Neuro-2a|mikl:Zfhx3:3150.0:7946447aaf68901e,d0397a30d0d5538e,2,3,2,AVAILABLE
mikl_gse173098,mikl_gse173098|mikl_gse173098|neurite_soma_mpra|GFP 3UTR MPRA|Neuro-2a|mikl:Zfhx3:3200.0:0706eeafa48e7aa2,d0397a30d0d5538e,3,3,3,AVAILABLE
mikl_gse173098,mikl_gse173098|mikl_gse173098|neurite_soma_mpra|GFP 3UTR MPRA|Neuro-2a|mikl:Zfhx3:3250.0:c2525abe163ca229,d0397a30d0d5538e,2,3,2,AVAILABLE
mikl_gse173098,mikl_gse173098|mikl_gse173098|neurite_soma_mpra|GFP 3UTR MPRA|Neuro-2a|mikl:Zfhx3:400.0:d36578722ccdb04c,d0397a30d0d5538e,3,3,3,AVAILABLE
mikl_gse173098,mikl_gse173098|mikl_gse173098|neurite_soma_mpra|GFP 3UTR MPRA|Neuro-2a|mikl:Zfhx3:4000.0:f80b5515e51e90df,d0397a30d0d5538e,2,3,2,AVAILABLE
mikl_gse173098,mikl_gse173098|mikl_gse173098|neurite_soma_mpra|GFP 3UTR MPRA|Neuro-2a|mikl:Zfhx3:4250.0:01fdd1249656dae0,d0397a30d0d5538e,2,3,2,AVAILABLE
mikl_gse173098,mikl_gse173098|mikl_gse173098|neurite_soma_mpra|GFP 3UTR MPRA|Neuro-2a|mikl:Zfhx3:4300.0:dd15ded4c54ccc86,d0397a30d0d5538e,2,3,2,AVAILABLE
mikl_gse173098,mikl_gse173098|mikl_gse173098|neurite_soma_mpra|GFP 3UTR MPRA|Neuro-2a|mikl:Zfhx3:4350.0:0f7cf094982ff49a,d0397a30d0d5538e,2,3,2,AVAILABLE
mikl_gse173098,mikl_gse173098|mikl_gse173098|neurite_soma_mpra|GFP 3UTR MPRA|Neuro-2a|mikl:Zfhx3:450.0:45d9c59127c6d4de,d0397a30d0d5538e,3,3,3,AVAILABLE
mikl_gse173098,mikl_gse173098|mikl_gse173098|neurite_soma_mpra|GFP 3UTR MPRA|Neuro-2a|mikl:Zfhx3:700.0:6abffa91316b5009,d0397a30d0d5538e,2,3,2,AVAILABLE
mikl_gse173098,mikl_gse173098|mikl_gse173098|neurite_soma_mpra|GFP 3UTR MPRA|Neuro-2a|mikl:Zfhx3:850.0:2af8c038cf54b23f,d0397a30d0d5538e,2,3,2,AVAILABLE
mikl_gse173098,mikl_gse173098|mikl_gse173098|neurite_soma_mpra|GFP 3UTR MPRA|Neuro-2a|mikl:Zscan20:1000.0:130f855f6b2d1f6a,9aad78cd674c0e21,2,3,2,AVAILABLE
mikl_gse173098,mikl_gse173098|mikl_gse173098|neurite_soma_mpra|GFP 3UTR MPRA|Neuro-2a|mikl:Zscan20:1050.0:1b93a70573c80adb,9aad78cd674c0e21,2,3,2,AVAILABLE
mikl_gse173098,mikl_gse173098|mikl_gse173098|neurite_soma_mpra|GFP 3UTR MPRA|Neuro-2a|mikl:Zscan20:1200.0:695eeced5aa332fb,9aad78cd674c0e21,2,3,2,AVAILABLE
mikl_gse173098,mikl_gse173098|mikl_gse173098|neurite_soma_mpra|GFP 3UTR MPRA|Neuro-2a|mikl:Zscan20:750.0:d1f1440222adbf9c,9aad78cd674c0e21,2,3,2,AVAILABLE
mikl_gse173098,mikl_gse173098|mikl_gse173098|neurite_soma_mpra|GFP 3UTR MPRA|Neuro-2a|mikl:Zscan20:850.0:e3cb0bcb5e4ac558,9aad78cd674c0e21,2,3,2,AVAILABLE
mikl_gse173098,mikl_gse173098|mikl_gse173098|neurite_soma_mpra|GFP 3UTR MPRA|Neuro-2a|mikl:Zscan20:950.0:58c301cd63adc66b,9aad78cd674c0e21,2,3,2,AVAILABLE
moffatt_gse334718,moffatt_gse334718|moffatt_gse334718|mutation_neurite_soma_mpra|Firefly|CAD|moffatt:cdc42:139c4882daa7dfbf,7229a410afb7e561,213,0,0,NO_ADMITTED_PAIRED_REPLICATE_DELTAS
moffatt_gse334718,moffatt_gse334718|moffatt_gse334718|mutation_neurite_soma_mpra|Firefly|CAD|moffatt:gdf11:36e73539d1acd441,ce97c2e16b9006f3,333,0,0,NO_ADMITTED_PAIRED_REPLICATE_DELTAS
moffatt_gse334718,moffatt_gse334718|moffatt_gse334718|mutation_neurite_soma_mpra|Firefly|CAD|moffatt:net1:a99e16ae7c3711f8,72d03377154d126f,658,0,0,NO_ADMITTED_PAIRED_REPLICATE_DELTAS
moffatt_gse334718,moffatt_gse334718|moffatt_gse334718|mutation_neurite_soma_mpra|Firefly|CAD|moffatt:rab13:71717d67de00792d,b27c3eba92479c5c,300,0,0,NO_ADMITTED_PAIRED_REPLICATE_DELTAS
moffatt_gse334718,moffatt_gse334718|moffatt_gse334718|mutation_neurite_soma_mpra|Firefly|CAD|moffatt:trak2:45ec1d64039db0d8,d8d6ebebcb37c41f,846,0,0,NO_ADMITTED_PAIRED_REPLICATE_DELTAS
moffatt_gse334718,moffatt_gse334718|moffatt_gse334718|mutation_neurite_soma_mpra|Firefly|CAD|moffatt:trp53:572aefff72c0c5eb,71b5690dae658173,497,0,0,NO_ADMITTED_PAIRED_REPLICATE_DELTAS
moffatt_gse334718,moffatt_gse334718|moffatt_gse334718|mutation_neurite_soma_mpra|GFP|CAD|moffatt:cdc42:139c4882daa7dfbf,7229a410afb7e561,468,0,0,NO_ADMITTED_PAIRED_REPLICATE_DELTAS
moffatt_gse334718,moffatt_gse334718|moffatt_gse334718|mutation_neurite_soma_mpra|GFP|CAD|moffatt:gdf11:36e73539d1acd441,ce97c2e16b9006f3,624,0,0,NO_ADMITTED_PAIRED_REPLICATE_DELTAS
moffatt_gse334718,moffatt_gse334718|moffatt_gse334718|mutation_neurite_soma_mpra|GFP|CAD|moffatt:net1:a99e16ae7c3711f8,72d03377154d126f,790,0,0,NO_ADMITTED_PAIRED_REPLICATE_DELTAS
moffatt_gse334718,moffatt_gse334718|moffatt_gse334718|mutation_neurite_soma_mpra|GFP|CAD|moffatt:rab13:71717d67de00792d,b27c3eba92479c5c,459,0,0,NO_ADMITTED_PAIRED_REPLICATE_DELTAS
moffatt_gse334718,moffatt_gse334718|moffatt_gse334718|mutation_neurite_soma_mpra|GFP|CAD|moffatt:trak2:45ec1d64039db0d8,d8d6ebebcb37c41f,786,0,0,NO_ADMITTED_PAIRED_REPLICATE_DELTAS
moffatt_gse334718,moffatt_gse334718|moffatt_gse334718|mutation_neurite_soma_mpra|GFP|CAD|moffatt:trp53:572aefff72c0c5eb,71b5690dae658173,775,0,0,NO_ADMITTED_PAIRED_REPLICATE_DELTAS
srle,srle|HBB_3UTR_sixmer_reporter|AAAACT,9ddf331c8d51e1d0,4,2,4,AVAILABLE
srle,srle|HBB_3UTR_sixmer_reporter|AAAGTC,9ddf331c8d51e1d0,2,2,2,AVAILABLE
srle,srle|HBB_3UTR_sixmer_reporter|AACCCA,9ddf331c8d51e1d0,2,2,2,AVAILABLE
srle,srle|HBB_3UTR_sixmer_reporter|AACCCG,9ddf331c8d51e1d0,3,2,3,AVAILABLE
srle,srle|HBB_3UTR_sixmer_reporter|AACGCC,9ddf331c8d51e1d0,3,2,3,AVAILABLE
srle,srle|HBB_3UTR_sixmer_reporter|AACTCT,9ddf331c8d51e1d0,4,2,4,AVAILABLE
srle,srle|HBB_3UTR_sixmer_reporter|AACTGT,9ddf331c8d51e1d0,2,2,2,AVAILABLE
srle,srle|HBB_3UTR_sixmer_reporter|AACTTC,9ddf331c8d51e1d0,4,2,4,AVAILABLE
srle,srle|HBB_3UTR_sixmer_reporter|AAGCGA,9ddf331c8d51e1d0,2,2,2,AVAILABLE
srle,srle|HBB_3UTR_sixmer_reporter|AAGCTA,9ddf331c8d51e1d0,2,2,2,AVAILABLE
srle,srle|HBB_3UTR_sixmer_reporter|AAGGAC,9ddf331c8d51e1d0,3,2,3,AVAILABLE
srle,srle|HBB_3UTR_sixmer_reporter|AAGGCC,9ddf331c8d51e1d0,2,2,2,AVAILABLE
srle,srle|HBB_3UTR_sixmer_reporter|AAGGTT,9ddf331c8d51e1d0,3,2,3,AVAILABLE
srle,srle|HBB_3UTR_sixmer_reporter|AATACA,9ddf331c8d51e1d0,2,2,2,AVAILABLE
srle,srle|HBB_3UTR_sixmer_reporter|AATATC,9ddf331c8d51e1d0,3,2,3,AVAILABLE
srle,srle|HBB_3UTR_sixmer_reporter|AATCGA,9ddf331c8d51e1d0,2,2,2,AVAILABLE
srle,srle|HBB_3UTR_sixmer_reporter|AATGAC,9ddf331c8d51e1d0,2,2,2,AVAILABLE
srle,srle|HBB_3UTR_sixmer_reporter|AATGGA,9ddf331c8d51e1d0,2,2,2,AVAILABLE
srle,srle|HBB_3UTR_sixmer_reporter|AATTCG,9ddf331c8d51e1d0,3,2,3,AVAILABLE
srle,srle|HBB_3UTR_sixmer_reporter|AATTTC,9ddf331c8d51e1d0,2,2,2,AVAILABLE
srle,srle|HBB_3UTR_sixmer_reporter|AATTTT,9ddf331c8d51e1d0,3,2,3,AVAILABLE
srle,srle|HBB_3UTR_sixmer_reporter|ACAATG,9ddf331c8d51e1d0,3,2,3,AVAILABLE
srle,srle|HBB_3UTR_sixmer_reporter|ACACCG,9ddf331c8d51e1d0,3,2,3,AVAILABLE
srle,srle|HBB_3UTR_sixmer_reporter|ACAGAA,9ddf331c8d51e1d0,2,2,2,AVAILABLE
srle,srle|HBB_3UTR_sixmer_reporter|ACAGAT,9ddf331c8d51e1d0,2,2,2,AVAILABLE
srle,srle|HBB_3UTR_sixmer_reporter|ACATTC,9ddf331c8d51e1d0,4,2,4,AVAILABLE
srle,srle|HBB_3UTR_sixmer_reporter|ACCCCA,9ddf331c8d51e1d0,2,2,2,AVAILABLE
srle,srle|HBB_3UTR_sixmer_reporter|ACCCGC,9ddf331c8d51e1d0,2,2,2,AVAILABLE
srle,srle|HBB_3UTR_sixmer_reporter|ACCCGT,9ddf331c8d51e1d0,2,2,2,AVAILABLE
srle,srle|HBB_3UTR_sixmer_reporter|ACCGAC,9ddf331c8d51e1d0,3,2,3,AVAILABLE
srle,srle|HBB_3UTR_sixmer_reporter|ACCGCC,9ddf331c8d51e1d0,2,2,2,AVAILABLE
srle,srle|HBB_3UTR_sixmer_reporter|ACCGGA,9ddf331c8d51e1d0,3,2,3,AVAILABLE
srle,srle|HBB_3UTR_sixmer_reporter|ACCTTA,9ddf331c8d51e1d0,5,2,5,AVAILABLE
srle,srle|HBB_3UTR_sixmer_reporter|ACGACG,9ddf331c8d51e1d0,3,2,3,AVAILABLE
srle,srle|HBB_3UTR_sixmer_reporter|ACGATA,9ddf331c8d51e1d0,4,2,4,AVAILABLE
srle,srle|HBB_3UTR_sixmer_reporter|ACGATC,9ddf331c8d51e1d0,2,2,2,AVAILABLE
srle,srle|HBB_3UTR_sixmer_reporter|ACGATG,9ddf331c8d51e1d0,5,2,5,AVAILABLE
srle,srle|HBB_3UTR_sixmer_reporter|ACGATT,9ddf331c8d51e1d0,3,2,3,AVAILABLE
srle,srle|HBB_3UTR_sixmer_reporter|ACGCAC,9ddf331c8d51e1d0,2,2,2,AVAILABLE
srle,srle|HBB_3UTR_sixmer_reporter|ACGCCC,9ddf331c8d51e1d0,2,2,2,AVAILABLE
srle,srle|HBB_3UTR_sixmer_reporter|ACGCGC,9ddf331c8d51e1d0,2,2,2,AVAILABLE
srle,srle|HBB_3UTR_sixmer_reporter|ACGCTG,9ddf331c8d51e1d0,5,2,5,AVAILABLE
srle,srle|HBB_3UTR_sixmer_reporter|ACGGAT,9ddf331c8d51e1d0,3,2,3,AVAILABLE
srle,srle|HBB_3UTR_sixmer_reporter|ACGGCA,9ddf331c8d51e1d0,3,2,3,AVAILABLE
srle,srle|HBB_3UTR_sixmer_reporter|ACGGGT,9ddf331c8d51e1d0,5,2,5,AVAILABLE
srle,srle|HBB_3UTR_sixmer_reporter|ACGGTA,9ddf331c8d51e1d0,4,2,4,AVAILABLE
srle,srle|HBB_3UTR_sixmer_reporter|ACGGTC,9ddf331c8d51e1d0,2,2,2,AVAILABLE
srle,srle|HBB_3UTR_sixmer_reporter|ACGTAA,9ddf331c8d51e1d0,4,2,4,AVAILABLE
srle,srle|HBB_3UTR_sixmer_reporter|ACGTGT,9ddf331c8d51e1d0,2,2,2,AVAILABLE
srle,srle|HBB_3UTR_sixmer_reporter|ACTAGC,9ddf331c8d51e1d0,3,2,3,AVAILABLE
srle,srle|HBB_3UTR_sixmer_reporter|ACTATG,9ddf331c8d51e1d0,5,2,5,AVAILABLE
srle,srle|HBB_3UTR_sixmer_reporter|ACTCAT,9ddf331c8d51e1d0,4,2,4,AVAILABLE
srle,srle|HBB_3UTR_sixmer_reporter|ACTCGT,9ddf331c8d51e1d0,4,2,4,AVAILABLE
srle,srle|HBB_3UTR_sixmer_reporter|ACTCTA,9ddf331c8d51e1d0,6,2,6,AVAILABLE
srle,srle|HBB_3UTR_sixmer_reporter|ACTGAA,9ddf331c8d51e1d0,4,2,4,AVAILABLE
srle,srle|HBB_3UTR_sixmer_reporter|ACTGCA,9ddf331c8d51e1d0,3,2,3,AVAILABLE
srle,srle|HBB_3UTR_sixmer_reporter|ACTGGG,9ddf331c8d51e1d0,2,2,2,AVAILABLE
srle,srle|HBB_3UTR_sixmer_reporter|ACTTAC,9ddf331c8d51e1d0,5,2,5,AVAILABLE
srle,srle|HBB_3UTR_sixmer_reporter|ACTTAG,9ddf331c8d51e1d0,4,2,4,AVAILABLE
srle,srle|HBB_3UTR_sixmer_reporter|ACTTCA,9ddf331c8d51e1d0,5,2,5,AVAILABLE
srle,srle|HBB_3UTR_sixmer_reporter|ACTTGG,9ddf331c8d51e1d0,4,2,4,AVAILABLE
srle,srle|HBB_3UTR_sixmer_reporter|ACTTTT,9ddf331c8d51e1d0,3,2,3,AVAILABLE
srle,srle|HBB_3UTR_sixmer_reporter|AGACTG,9ddf331c8d51e1d0,4,2,4,AVAILABLE
srle,srle|HBB_3UTR_sixmer_reporter|AGAGCC,9ddf331c8d51e1d0,2,2,2,AVAILABLE
srle,srle|HBB_3UTR_sixmer_reporter|AGAGGA,9ddf331c8d51e1d0,2,2,2,AVAILABLE
srle,srle|HBB_3UTR_sixmer_reporter|AGAGGT,9ddf331c8d51e1d0,2,2,2,AVAILABLE
srle,srle|HBB_3UTR_sixmer_reporter|AGAGTG,9ddf331c8d51e1d0,2,2,2,AVAILABLE
srle,srle|HBB_3UTR_sixmer_reporter|AGCACT,9ddf331c8d51e1d0,3,2,3,AVAILABLE
srle,srle|HBB_3UTR_sixmer_reporter|AGCATG,9ddf331c8d51e1d0,3,2,3,AVAILABLE
srle,srle|HBB_3UTR_sixmer_reporter|AGCCTG,9ddf331c8d51e1d0,3,2,3,AVAILABLE
srle,srle|HBB_3UTR_sixmer_reporter|AGCCTT,9ddf331c8d51e1d0,4,2,4,AVAILABLE
srle,srle|HBB_3UTR_sixmer_reporter|AGCGAG,9ddf331c8d51e1d0,3,2,3,AVAILABLE
srle,srle|HBB_3UTR_sixmer_reporter|AGCGGT,9ddf331c8d51e1d0,4,2,4,AVAILABLE
srle,srle|HBB_3UTR_sixmer_reporter|AGCGTA,9ddf331c8d51e1d0,4,2,4,AVAILABLE
srle,srle|HBB_3UTR_sixmer_reporter|AGCTAT,9ddf331c8d51e1d0,4,2,4,AVAILABLE
srle,srle|HBB_3UTR_sixmer_reporter|AGCTGG,9ddf331c8d51e1d0,2,2,2,AVAILABLE
srle,srle|HBB_3UTR_sixmer_reporter|AGCTTG,9ddf331c8d51e1d0,4,2,4,AVAILABLE
srle,srle|HBB_3UTR_sixmer_reporter|AGGCCC,9ddf331c8d51e1d0,3,2,3,AVAILABLE
srle,srle|HBB_3UTR_sixmer_reporter|AGGCGT,9ddf331c8d51e1d0,3,2,3,AVAILABLE
srle,srle|HBB_3UTR_sixmer_reporter|AGGGTA,9ddf331c8d51e1d0,3,2,3,AVAILABLE
srle,srle|HBB_3UTR_sixmer_reporter|AGTCAA,9ddf331c8d51e1d0,2,2,2,AVAILABLE
srle,srle|HBB_3UTR_sixmer_reporter|AGTCCT,9ddf331c8d51e1d0,4,2,4,AVAILABLE
srle,srle|HBB_3UTR_sixmer_reporter|AGTTAC,9ddf331c8d51e1d0,4,2,4,AVAILABLE
srle,srle|HBB_3UTR_sixmer_reporter|AGTTCG,9ddf331c8d51e1d0,6,2,6,AVAILABLE
srle,srle|HBB_3UTR_sixmer_reporter|ATAACG,9ddf331c8d51e1d0,3,2,3,AVAILABLE
srle,srle|HBB_3UTR_sixmer_reporter|ATAATC,9ddf331c8d51e1d0,3,2,3,AVAILABLE
srle,srle|HBB_3UTR_sixmer_reporter|ATAGTC,9ddf331c8d51e1d0,2,2,2,AVAILABLE
srle,srle|HBB_3UTR_sixmer_reporter|ATATAG,9ddf331c8d51e1d0,2,2,2,AVAILABLE
srle,srle|HBB_3UTR_sixmer_reporter|ATATCC,9ddf331c8d51e1d0,3,2,3,AVAILABLE
srle,srle|HBB_3UTR_sixmer_reporter|ATATGC,9ddf331c8d51e1d0,3,2,3,AVAILABLE
srle,srle|HBB_3UTR_sixmer_reporter|ATATGG,9ddf331c8d51e1d0,2,2,2,AVAILABLE
srle,srle|HBB_3UTR_sixmer_reporter|ATCACA,9ddf331c8d51e1d0,2,2,2,AVAILABLE
srle,srle|HBB_3UTR_sixmer_reporter|ATCATG,9ddf331c8d51e1d0,3,2,3,AVAILABLE
srle,srle|HBB_3UTR_sixmer_reporter|ATCCCT,9ddf331c8d51e1d0,2,2,2,AVAILABLE
srle,srle|HBB_3UTR_sixmer_reporter|ATCCGT,9ddf331c8d51e1d0,6,2,6,AVAILABLE
srle,srle|HBB_3UTR_sixmer_reporter|ATCCTA,9ddf331c8d51e1d0,4,2,4,AVAILABLE
srle,srle|HBB_3UTR_sixmer_reporter|ATCGCC,9ddf331c8d51e1d0,2,2,2,AVAILABLE
srle,srle|HBB_3UTR_sixmer_reporter|ATCGTG,9ddf331c8d51e1d0,3,2,3,AVAILABLE
srle,srle|HBB_3UTR_sixmer_reporter|ATGCAT,9ddf331c8d51e1d0,4,2,4,AVAILABLE
srle,srle|HBB_3UTR_sixmer_reporter|ATGCCT,9ddf331c8d51e1d0,5,2,5,AVAILABLE
srle,srle|HBB_3UTR_sixmer_reporter|ATGCGT,9ddf331c8d51e1d0,4,2,4,AVAILABLE
srle,srle|HBB_3UTR_sixmer_reporter|ATGGCC,9ddf331c8d51e1d0,5,2,5,AVAILABLE
srle,srle|HBB_3UTR_sixmer_reporter|ATGGTA,9ddf331c8d51e1d0,2,2,2,AVAILABLE
srle,srle|HBB_3UTR_sixmer_reporter|ATGTAC,9ddf331c8d51e1d0,3,2,3,AVAILABLE
srle,srle|HBB_3UTR_sixmer_reporter|ATGTGT,9ddf331c8d51e1d0,3,2,3,AVAILABLE
srle,srle|HBB_3UTR_sixmer_reporter|ATGTTG,9ddf331c8d51e1d0,2,2,2,AVAILABLE
srle,srle|HBB_3UTR_sixmer_reporter|ATTACC,9ddf331c8d51e1d0,2,2,2,AVAILABLE
srle,srle|HBB_3UTR_sixmer_reporter|ATTCAC,9ddf331c8d51e1d0,3,2,3,AVAILABLE
srle,srle|HBB_3UTR_sixmer_reporter|ATTCAG,9ddf331c8d51e1d0,4,2,4,AVAILABLE
srle,srle|HBB_3UTR_sixmer_reporter|ATTCGC,9ddf331c8d51e1d0,4,2,4,AVAILABLE
srle,srle|HBB_3UTR_sixmer_reporter|ATTCGG,9ddf331c8d51e1d0,5,2,5,AVAILABLE
srle,srle|HBB_3UTR_sixmer_reporter|ATTGCG,9ddf331c8d51e1d0,3,2,3,AVAILABLE
srle,srle|HBB_3UTR_sixmer_reporter|ATTTCG,9ddf331c8d51e1d0,2,2,2,AVAILABLE
srle,srle|HBB_3UTR_sixmer_reporter|ATTTGA,9ddf331c8d51e1d0,2,2,2,AVAILABLE
srle,srle|HBB_3UTR_sixmer_reporter|ATTTGG,9ddf331c8d51e1d0,3,2,3,AVAILABLE
srle,srle|HBB_3UTR_sixmer_reporter|CAAACC,9ddf331c8d51e1d0,3,2,3,AVAILABLE
srle,srle|HBB_3UTR_sixmer_reporter|CAAATT,9ddf331c8d51e1d0,4,2,4,AVAILABLE
srle,srle|HBB_3UTR_sixmer_reporter|CAACCA,9ddf331c8d51e1d0,4,2,4,AVAILABLE
srle,srle|HBB_3UTR_sixmer_reporter|CAACCG,9ddf331c8d51e1d0,5,2,5,AVAILABLE
srle,srle|HBB_3UTR_sixmer_reporter|CAAGAA,9ddf331c8d51e1d0,2,2,2,AVAILABLE
srle,srle|HBB_3UTR_sixmer_reporter|CAAGCT,9ddf331c8d51e1d0,2,2,2,AVAILABLE
srle,srle|HBB_3UTR_sixmer_reporter|CAAGGG,9ddf331c8d51e1d0,2,2,2,AVAILABLE
srle,srle|HBB_3UTR_sixmer_reporter|CAAGTC,9ddf331c8d51e1d0,4,2,4,AVAILABLE
srle,srle|HBB_3UTR_sixmer_reporter|CAAGTG,9ddf331c8d51e1d0,2,2,2,AVAILABLE
srle,srle|HBB_3UTR_sixmer_reporter|CAATAG,9ddf331c8d51e1d0,2,2,2,AVAILABLE
srle,srle|HBB_3UTR_sixmer_reporter|CAATCT,9ddf331c8d51e1d0,3,2,3,AVAILABLE
srle,srle|HBB_3UTR_sixmer_reporter|CAATGG,9ddf331c8d51e1d0,2,2,2,AVAILABLE
srle,srle|HBB_3UTR_sixmer_reporter|CACAAC,9ddf331c8d51e1d0,3,2,3,AVAILABLE
srle,srle|HBB_3UTR_sixmer_reporter|CACACT,9ddf331c8d51e1d0,2,2,2,AVAILABLE
srle,srle|HBB_3UTR_sixmer_reporter|CACAGA,9ddf331c8d51e1d0,3,2,3,AVAILABLE
srle,srle|HBB_3UTR_sixmer_reporter|CACCAA,9ddf331c8d51e1d0,4,2,4,AVAILABLE
srle,srle|HBB_3UTR_sixmer_reporter|CACCAT,9ddf331c8d51e1d0,2,2,2,AVAILABLE
srle,srle|HBB_3UTR_sixmer_reporter|CACCCC,9ddf331c8d51e1d0,2,2,2,AVAILABLE
srle,srle|HBB_3UTR_sixmer_reporter|CACGAG,9ddf331c8d51e1d0,2,2,2,AVAILABLE
srle,srle|HBB_3UTR_sixmer_reporter|CACGCT,9ddf331c8d51e1d0,2,2,2,AVAILABLE
srle,srle|HBB_3UTR_sixmer_reporter|CACGGG,9ddf331c8d51e1d0,3,2,3,AVAILABLE
srle,srle|HBB_3UTR_sixmer_reporter|CACGTA,9ddf331c8d51e1d0,3,2,3,AVAILABLE
srle,srle|HBB_3UTR_sixmer_reporter|CACTAT,9ddf331c8d51e1d0,3,2,3,AVAILABLE
srle,srle|HBB_3UTR_sixmer_reporter|CACTTT,9ddf331c8d51e1d0,2,2,2,AVAILABLE
srle,srle|HBB_3UTR_sixmer_reporter|CAGCCA,9ddf331c8d51e1d0,2,2,2,AVAILABLE
srle,srle|HBB_3UTR_sixmer_reporter|CAGCCG,9ddf331c8d51e1d0,2,2,2,AVAILABLE
srle,srle|HBB_3UTR_sixmer_reporter|CAGCTG,9ddf331c8d51e1d0,2,2,2,AVAILABLE
srle,srle|HBB_3UTR_sixmer_reporter|CAGGGT,9ddf331c8d51e1d0,5,2,5,AVAILABLE
srle,srle|HBB_3UTR_sixmer_reporter|CAGGTG,9ddf331c8d51e1d0,4,2,4,AVAILABLE
srle,srle|HBB_3UTR_sixmer_reporter|CAGTAA,9ddf331c8d51e1d0,2,2,2,AVAILABLE
srle,srle|HBB_3UTR_sixmer_reporter|CAGTGA,9ddf331c8d51e1d0,3,2,3,AVAILABLE
srle,srle|HBB_3UTR_sixmer_reporter|CATATA,9ddf331c8d51e1d0,5,2,5,AVAILABLE
srle,srle|HBB_3UTR_sixmer_reporter|CATATG,9ddf331c8d51e1d0,2,2,2,AVAILABLE
srle,srle|HBB_3UTR_sixmer_reporter|CATCTA,9ddf331c8d51e1d0,3,2,3,AVAILABLE
srle,srle|HBB_3UTR_sixmer_reporter|CATGAT,9ddf331c8d51e1d0,3,2,3,AVAILABLE
srle,srle|HBB_3UTR_sixmer_reporter|CATGGG,9ddf331c8d51e1d0,7,2,7,AVAILABLE
srle,srle|HBB_3UTR_sixmer_reporter|CATGTC,9ddf331c8d51e1d0,3,2,3,AVAILABLE
srle,srle|HBB_3UTR_sixmer_reporter|CATGTG,9ddf331c8d51e1d0,3,2,3,AVAILABLE
srle,srle|HBB_3UTR_sixmer_reporter|CATTCA,9ddf331c8d51e1d0,4,2,4,AVAILABLE
srle,srle|HBB_3UTR_sixmer_reporter|CATTGG,9ddf331c8d51e1d0,5,2,5,AVAILABLE
srle,srle|HBB_3UTR_sixmer_reporter|CATTGT,9ddf331c8d51e1d0,3,2,3,AVAILABLE
srle,srle|HBB_3UTR_sixmer_reporter|CCAAAC,9ddf331c8d51e1d0,3,2,3,AVAILABLE
srle,srle|HBB_3UTR_sixmer_reporter|CCAACG,9ddf331c8d51e1d0,4,2,4,AVAILABLE
srle,srle|HBB_3UTR_sixmer_reporter|CCAAGA,9ddf331c8d51e1d0,2,2,2,AVAILABLE
srle,srle|HBB_3UTR_sixmer_reporter|CCACAA,9ddf331c8d51e1d0,3,2,3,AVAILABLE
srle,srle|HBB_3UTR_sixmer_reporter|CCACCT,9ddf331c8d51e1d0,2,2,2,AVAILABLE
srle,srle|HBB_3UTR_sixmer_reporter|CCACGG,9ddf331c8d51e1d0,3,2,3,AVAILABLE
srle,srle|HBB_3UTR_sixmer_reporter|CCACTC,9ddf331c8d51e1d0,2,2,2,AVAILABLE
srle,srle|HBB_3UTR_sixmer_reporter|CCAGCG,9ddf331c8d51e1d0,3,2,3,AVAILABLE
srle,srle|HBB_3UTR_sixmer_reporter|CCAGGA,9ddf331c8d51e1d0,2,2,2,AVAILABLE
srle,srle|HBB_3UTR_sixmer_reporter|CCAGTA,9ddf331c8d51e1d0,4,2,4,AVAILABLE
srle,srle|HBB_3UTR_sixmer_reporter|CCAGTT,9ddf331c8d51e1d0,2,2,2,AVAILABLE
srle,srle|HBB_3UTR_sixmer_reporter|CCATCG,9ddf331c8d51e1d0,3,2,3,AVAILABLE
srle,srle|HBB_3UTR_sixmer_reporter|CCATGC,9ddf331c8d51e1d0,2,2,2,AVAILABLE
srle,srle|HBB_3UTR_sixmer_reporter|CCCAAG,9ddf331c8d51e1d0,2,2,2,AVAILABLE
srle,srle|HBB_3UTR_sixmer_reporter|CCCACA,9ddf331c8d51e1d0,2,2,2,AVAILABLE
srle,srle|HBB_3UTR_sixmer_reporter|CCCAGG,9ddf331c8d51e1d0,5,2,5,AVAILABLE
srle,srle|HBB_3UTR_sixmer_reporter|CCCAGT,9ddf331c8d51e1d0,4,2,4,AVAILABLE
srle,srle|HBB_3UTR_sixmer_reporter|CCCCAC,9ddf331c8d51e1d0,2,2,2,AVAILABLE
srle,srle|HBB_3UTR_sixmer_reporter|CCCCAT,9ddf331c8d51e1d0,2,2,2,AVAILABLE
srle,srle|HBB_3UTR_sixmer_reporter|CCCCCA,9ddf331c8d51e1d0,2,2,2,AVAILABLE
srle,srle|HBB_3UTR_sixmer_reporter|CCCCGG,9ddf331c8d51e1d0,3,2,3,AVAILABLE
srle,srle|HBB_3UTR_sixmer_reporter|CCCCTA,9ddf331c8d51e1d0,2,2,2,AVAILABLE
srle,srle|HBB_3UTR_sixmer_reporter|CCCGAA,9ddf331c8d51e1d0,4,2,4,AVAILABLE
srle,srle|HBB_3UTR_sixmer_reporter|CCCGAT,9ddf331c8d51e1d0,4,2,4,AVAILABLE
srle,srle|HBB_3UTR_sixmer_reporter|CCCGGC,9ddf331c8d51e1d0,3,2,3,AVAILABLE
srle,srle|HBB_3UTR_sixmer_reporter|CCCGTT,9ddf331c8d51e1d0,4,2,4,AVAILABLE
srle,srle|HBB_3UTR_sixmer_reporter|CCCTAG,9ddf331c8d51e1d0,4,2,4,AVAILABLE
srle,srle|HBB_3UTR_sixmer_reporter|CCCTGG,9ddf331c8d51e1d0,2,2,2,AVAILABLE
srle,srle|HBB_3UTR_sixmer_reporter|CCGACG,9ddf331c8d51e1d0,6,2,6,AVAILABLE
srle,srle|HBB_3UTR_sixmer_reporter|CCGCAA,9ddf331c8d51e1d0,4,2,4,AVAILABLE
srle,srle|HBB_3UTR_sixmer_reporter|CCGCCG,9ddf331c8d51e1d0,4,2,4,AVAILABLE
srle,srle|HBB_3UTR_sixmer_reporter|CCGCGC,9ddf331c8d51e1d0,5,2,5,AVAILABLE
srle,srle|HBB_3UTR_sixmer_reporter|CCGCTT,9ddf331c8d51e1d0,2,2,2,AVAILABLE
srle,srle|HBB_3UTR_sixmer_reporter|CCGGCA,9ddf331c8d51e1d0,3,2,3,AVAILABLE
srle,srle|HBB_3UTR_sixmer_reporter|CCGGCC,9ddf331c8d51e1d0,4,2,4,AVAILABLE
srle,srle|HBB_3UTR_sixmer_reporter|CCGGGA,9ddf331c8d51e1d0,2,2,2,AVAILABLE
srle,srle|HBB_3UTR_sixmer_reporter|CCGGGC,9ddf331c8d51e1d0,2,2,2,AVAILABLE
srle,srle|HBB_3UTR_sixmer_reporter|CCGGTT,9ddf331c8d51e1d0,3,2,3,AVAILABLE
srle,srle|HBB_3UTR_sixmer_reporter|CCGTCA,9ddf331c8d51e1d0,3,2,3,AVAILABLE
srle,srle|HBB_3UTR_sixmer_reporter|CCGTGC,9ddf331c8d51e1d0,2,2,2,AVAILABLE
srle,srle|HBB_3UTR_sixmer_reporter|CCGTTG,9ddf331c8d51e1d0,2,2,2,AVAILABLE
srle,srle|HBB_3UTR_sixmer_reporter|CCTCCT,9ddf331c8d51e1d0,3,2,3,AVAILABLE
srle,srle|HBB_3UTR_sixmer_reporter|CCTCGA,9ddf331c8d51e1d0,2,2,2,AVAILABLE
srle,srle|HBB_3UTR_sixmer_reporter|CCTCTC,9ddf331c8d51e1d0,3,2,3,AVAILABLE
srle,srle|HBB_3UTR_sixmer_reporter|CCTGAA,9ddf331c8d51e1d0,2,2,2,AVAILABLE
srle,srle|HBB_3UTR_sixmer_reporter|CCTGCA,9ddf331c8d51e1d0,2,2,2,AVAILABLE
srle,srle|HBB_3UTR_sixmer_reporter|CCTGCT,9ddf331c8d51e1d0,4,2,4,AVAILABLE
srle,srle|HBB_3UTR_sixmer_reporter|CCTGTC,9ddf331c8d51e1d0,2,2,2,AVAILABLE
srle,srle|HBB_3UTR_sixmer_reporter|CCTTAA,9ddf331c8d51e1d0,4,2,4,AVAILABLE
srle,srle|HBB_3UTR_sixmer_reporter|CCTTCG,9ddf331c8d51e1d0,3,2,3,AVAILABLE
srle,srle|HBB_3UTR_sixmer_reporter|CGAAAT,9ddf331c8d51e1d0,2,2,2,AVAILABLE
srle,srle|HBB_3UTR_sixmer_reporter|CGACAG,9ddf331c8d51e1d0,2,2,2,AVAILABLE
srle,srle|HBB_3UTR_sixmer_reporter|CGACGG,9ddf331c8d51e1d0,2,2,2,AVAILABLE
srle,srle|HBB_3UTR_sixmer_reporter|CGACTG,9ddf331c8d51e1d0,6,2,6,AVAILABLE
srle,srle|HBB_3UTR_sixmer_reporter|CGACTT,9ddf331c8d51e1d0,3,2,3,AVAILABLE
srle,srle|HBB_3UTR_sixmer_reporter|CGAGAC,9ddf331c8d51e1d0,2,2,2,AVAILABLE
srle,srle|HBB_3UTR_sixmer_reporter|CGAGAG,9ddf331c8d51e1d0,2,2,2,AVAILABLE
srle,srle|HBB_3UTR_sixmer_reporter|CGAGGT,9ddf331c8d51e1d0,4,2,4,AVAILABLE
srle,srle|HBB_3UTR_sixmer_reporter|CGAGTG,9ddf331c8d51e1d0,5,2,5,AVAILABLE
srle,srle|HBB_3UTR_sixmer_reporter|CGATCG,9ddf331c8d51e1d0,2,2,2,AVAILABLE
srle,srle|HBB_3UTR_sixmer_reporter|CGATTA,9ddf331c8d51e1d0,2,2,2,AVAILABLE
srle,srle|HBB_3UTR_sixmer_reporter|CGATTG,9ddf331c8d51e1d0,3,2,3,AVAILABLE
srle,srle|HBB_3UTR_sixmer_reporter|CGATTT,9ddf331c8d51e1d0,3,2,3,AVAILABLE
srle,srle|HBB_3UTR_sixmer_reporter|CGCACG,9ddf331c8d51e1d0,3,2,3,AVAILABLE
srle,srle|HBB_3UTR_sixmer_reporter|CGCACT,9ddf331c8d51e1d0,4,2,4,AVAILABLE
srle,srle|HBB_3UTR_sixmer_reporter|CGCATT,9ddf331c8d51e1d0,4,2,4,AVAILABLE
srle,srle|HBB_3UTR_sixmer_reporter|CGCCAA,9ddf331c8d51e1d0,2,2,2,AVAILABLE
srle,srle|HBB_3UTR_sixmer_reporter|CGCGGA,9ddf331c8d51e1d0,2,2,2,AVAILABLE
srle,srle|HBB_3UTR_sixmer_reporter|CGCTCA,9ddf331c8d51e1d0,3,2,3,AVAILABLE
srle,srle|HBB_3UTR_sixmer_reporter|CGCTCG,9ddf331c8d51e1d0,2,2,2,AVAILABLE
srle,srle|HBB_3UTR_sixmer_reporter|CGCTGG,9ddf331c8d51e1d0,3,2,3,AVAILABLE
srle,srle|HBB_3UTR_sixmer_reporter|CGGAGG,9ddf331c8d51e1d0,2,2,2,AVAILABLE
srle,srle|HBB_3UTR_sixmer_reporter|CGGGGT,9ddf331c8d51e1d0,2,2,2,AVAILABLE
srle,srle|HBB_3UTR_sixmer_reporter|CGGGTG,9ddf331c8d51e1d0,4,2,4,AVAILABLE
srle,srle|HBB_3UTR_sixmer_reporter|CGGGTT,9ddf331c8d51e1d0,3,2,3,AVAILABLE
srle,srle|HBB_3UTR_sixmer_reporter|CGGTAC,9ddf331c8d51e1d0,2,2,2,AVAILABLE
srle,srle|HBB_3UTR_sixmer_reporter|CGTAAC,9ddf331c8d51e1d0,3,2,3,AVAILABLE
srle,srle|HBB_3UTR_sixmer_reporter|CGTCAG,9ddf331c8d51e1d0,4,2,4,AVAILABLE
srle,srle|HBB_3UTR_sixmer_reporter|CGTGAG,9ddf331c8d51e1d0,3,2,3,AVAILABLE
srle,srle|HBB_3UTR_sixmer_reporter|CGTTAC,9ddf331c8d51e1d0,2,2,2,AVAILABLE
srle,srle|HBB_3UTR_sixmer_reporter|CGTTAG,9ddf331c8d51e1d0,4,2,4,AVAILABLE
srle,srle|HBB_3UTR_sixmer_reporter|CGTTCA,9ddf331c8d51e1d0,3,2,3,AVAILABLE
srle,srle|HBB_3UTR_sixmer_reporter|CGTTCT,9ddf331c8d51e1d0,2,2,2,AVAILABLE
srle,srle|HBB_3UTR_sixmer_reporter|CGTTTG,9ddf331c8d51e1d0,2,2,2,AVAILABLE
srle,srle|HBB_3UTR_sixmer_reporter|CTAAAG,9ddf331c8d51e1d0,4,2,4,AVAILABLE
srle,srle|HBB_3UTR_sixmer_reporter|CTAAAT,9ddf331c8d51e1d0,2,2,2,AVAILABLE
srle,srle|HBB_3UTR_sixmer_reporter|CTAACC,9ddf331c8d51e1d0,2,2,2,AVAILABLE
srle,srle|HBB_3UTR_sixmer_reporter|CTAAGC,9ddf331c8d51e1d0,2,2,2,AVAILABLE
srle,srle|HBB_3UTR_sixmer_reporter|CTAATA,9ddf331c8d51e1d0,4,2,4,AVAILABLE
srle,srle|HBB_3UTR_sixmer_reporter|CTAATG,9ddf331c8d51e1d0,3,2,3,AVAILABLE
srle,srle|HBB_3UTR_sixmer_reporter|CTACTA,9ddf331c8d51e1d0,2,2,2,AVAILABLE
srle,srle|HBB_3UTR_sixmer_reporter|CTACTC,9ddf331c8d51e1d0,2,2,2,AVAILABLE
srle,srle|HBB_3UTR_sixmer_reporter|CTAGAT,9ddf331c8d51e1d0,2,2,2,AVAILABLE
srle,srle|HBB_3UTR_sixmer_reporter|CTAGCC,9ddf331c8d51e1d0,2,2,2,AVAILABLE
srle,srle|HBB_3UTR_sixmer_reporter|CTAGCT,9ddf331c8d51e1d0,2,2,2,AVAILABLE
srle,srle|HBB_3UTR_sixmer_reporter|CTAGGG,9ddf331c8d51e1d0,5,2,5,AVAILABLE
srle,srle|HBB_3UTR_sixmer_reporter|CTAGTA,9ddf331c8d51e1d0,5,2,5,AVAILABLE
srle,srle|HBB_3UTR_sixmer_reporter|CTAGTG,9ddf331c8d51e1d0,4,2,4,AVAILABLE
srle,srle|HBB_3UTR_sixmer_reporter|CTAGTT,9ddf331c8d51e1d0,5,2,5,AVAILABLE
srle,srle|HBB_3UTR_sixmer_reporter|CTCAAA,9ddf331c8d51e1d0,2,2,2,AVAILABLE
srle,srle|HBB_3UTR_sixmer_reporter|CTCACA,9ddf331c8d51e1d0,3,2,3,AVAILABLE
srle,srle|HBB_3UTR_sixmer_reporter|CTCACT,9ddf331c8d51e1d0,3,2,3,AVAILABLE
srle,srle|HBB_3UTR_sixmer_reporter|CTCAGT,9ddf331c8d51e1d0,5,2,5,AVAILABLE
srle,srle|HBB_3UTR_sixmer_reporter|CTCATT,9ddf331c8d51e1d0,2,2,2,AVAILABLE
srle,srle|HBB_3UTR_sixmer_reporter|CTCCAA,9ddf331c8d51e1d0,3,2,3,AVAILABLE
srle,srle|HBB_3UTR_sixmer_reporter|CTCCAT,9ddf331c8d51e1d0,4,2,4,AVAILABLE
srle,srle|HBB_3UTR_sixmer_reporter|CTCCCT,9ddf331c8d51e1d0,4,2,4,AVAILABLE
srle,srle|HBB_3UTR_sixmer_reporter|CTCCGT,9ddf331c8d51e1d0,3,2,3,AVAILABLE
srle,srle|HBB_3UTR_sixmer_reporter|CTCCTA,9ddf331c8d51e1d0,3,2,3,AVAILABLE
srle,srle|HBB_3UTR_sixmer_reporter|CTCCTC,9ddf331c8d51e1d0,4,2,4,AVAILABLE
srle,srle|HBB_3UTR_sixmer_reporter|CTCGCT,9ddf331c8d51e1d0,3,2,3,AVAILABLE
srle,srle|HBB_3UTR_sixmer_reporter|CTCGGG,9ddf331c8d51e1d0,2,2,2,AVAILABLE
srle,srle|HBB_3UTR_sixmer_reporter|CTCTAT,9ddf331c8d51e1d0,4,2,4,AVAILABLE
srle,srle|HBB_3UTR_sixmer_reporter|CTCTCC,9ddf331c8d51e1d0,4,2,4,AVAILABLE
srle,srle|HBB_3UTR_sixmer_reporter|CTCTTC,9ddf331c8d51e1d0,3,2,3,AVAILABLE
srle,srle|HBB_3UTR_sixmer_reporter|CTGCGC,9ddf331c8d51e1d0,2,2,2,AVAILABLE
srle,srle|HBB_3UTR_sixmer_reporter|CTGCGT,9ddf331c8d51e1d0,3,2,3,AVAILABLE
srle,srle|HBB_3UTR_sixmer_reporter|CTGCTC,9ddf331c8d51e1d0,2,2,2,AVAILABLE
srle,srle|HBB_3UTR_sixmer_reporter|CTGGAC,9ddf331c8d51e1d0,3,2,3,AVAILABLE
srle,srle|HBB_3UTR_sixmer_reporter|CTGGCA,9ddf331c8d51e1d0,3,2,3,AVAILABLE
srle,srle|HBB_3UTR_sixmer_reporter|CTGGCG,9ddf331c8d51e1d0,2,2,2,AVAILABLE
srle,srle|HBB_3UTR_sixmer_reporter|CTGGCT,9ddf331c8d51e1d0,4,2,4,AVAILABLE
srle,srle|HBB_3UTR_sixmer_reporter|CTGTCG,9ddf331c8d51e1d0,3,2,3,AVAILABLE
srle,srle|HBB_3UTR_sixmer_reporter|CTTACC,9ddf331c8d51e1d0,2,2,2,AVAILABLE
srle,srle|HBB_3UTR_sixmer_reporter|CTTAGC,9ddf331c8d51e1d0,4,2,4,AVAILABLE
srle,srle|HBB_3UTR_sixmer_reporter|CTTAGG,9ddf331c8d51e1d0,3,2,3,AVAILABLE
srle,srle|HBB_3UTR_sixmer_reporter|CTTAGT,9ddf331c8d51e1d0,2,2,2,AVAILABLE
srle,srle|HBB_3UTR_sixmer_reporter|CTTATG,9ddf331c8d51e1d0,3,2,3,AVAILABLE
srle,srle|HBB_3UTR_sixmer_reporter|CTTCCC,9ddf331c8d51e1d0,5,2,5,AVAILABLE
srle,srle|HBB_3UTR_sixmer_reporter|CTTCGC,9ddf331c8d51e1d0,2,2,2,AVAILABLE
srle,srle|HBB_3UTR_sixmer_reporter|CTTCGG,9ddf331c8d51e1d0,3,2,3,AVAILABLE
srle,srle|HBB_3UTR_sixmer_reporter|CTTCTC,9ddf331c8d51e1d0,4,2,4,AVAILABLE
srle,srle|HBB_3UTR_sixmer_reporter|CTTCTT,9ddf331c8d51e1d0,2,2,2,AVAILABLE
srle,srle|HBB_3UTR_sixmer_reporter|CTTGAC,9ddf331c8d51e1d0,5,2,5,AVAILABLE
srle,srle|HBB_3UTR_sixmer_reporter|CTTGTA,9ddf331c8d51e1d0,3,2,3,AVAILABLE
srle,srle|HBB_3UTR_sixmer_reporter|CTTTAC,9ddf331c8d51e1d0,4,2,4,AVAILABLE
srle,srle|HBB_3UTR_sixmer_reporter|CTTTCC,9ddf331c8d51e1d0,3,2,3,AVAILABLE
srle,srle|HBB_3UTR_sixmer_reporter|CTTTTT,9ddf331c8d51e1d0,2,2,2,AVAILABLE
srle,srle|HBB_3UTR_sixmer_reporter|GAAAAC,9ddf331c8d51e1d0,2,2,2,AVAILABLE
srle,srle|HBB_3UTR_sixmer_reporter|GAAACG,9ddf331c8d51e1d0,2,2,2,AVAILABLE
srle,srle|HBB_3UTR_sixmer_reporter|GAAAGC,9ddf331c8d51e1d0,2,2,2,AVAILABLE
srle,srle|HBB_3UTR_sixmer_reporter|GAACCC,9ddf331c8d51e1d0,3,2,3,AVAILABLE
srle,srle|HBB_3UTR_sixmer_reporter|GAACCT,9ddf331c8d51e1d0,5,2,5,AVAILABLE
srle,srle|HBB_3UTR_sixmer_reporter|GAACTC,9ddf331c8d51e1d0,4,2,4,AVAILABLE
srle,srle|HBB_3UTR_sixmer_reporter|GAACTG,9ddf331c8d51e1d0,3,2,3,AVAILABLE
srle,srle|HBB_3UTR_sixmer_reporter|GAAGGA,9ddf331c8d51e1d0,2,2,2,AVAILABLE
srle,srle|HBB_3UTR_sixmer_reporter|GACACA,9ddf331c8d51e1d0,2,2,2,AVAILABLE
srle,srle|HBB_3UTR_sixmer_reporter|GACACT,9ddf331c8d51e1d0,2,2,2,AVAILABLE
srle,srle|HBB_3UTR_sixmer_reporter|GACAGC,9ddf331c8d51e1d0,2,2,2,AVAILABLE
srle,srle|HBB_3UTR_sixmer_reporter|GACCAG,9ddf331c8d51e1d0,4,2,4,AVAILABLE
srle,srle|HBB_3UTR_sixmer_reporter|GACCGG,9ddf331c8d51e1d0,3,2,3,AVAILABLE
srle,srle|HBB_3UTR_sixmer_reporter|GACCTA,9ddf331c8d51e1d0,3,2,3,AVAILABLE
srle,srle|HBB_3UTR_sixmer_reporter|GACGAC,9ddf331c8d51e1d0,4,2,4,AVAILABLE
srle,srle|HBB_3UTR_sixmer_reporter|GACGCA,9ddf331c8d51e1d0,2,2,2,AVAILABLE
srle,srle|HBB_3UTR_sixmer_reporter|GACGCG,9ddf331c8d51e1d0,3,2,3,AVAILABLE
srle,srle|HBB_3UTR_sixmer_reporter|GACGTA,9ddf331c8d51e1d0,2,2,2,AVAILABLE
srle,srle|HBB_3UTR_sixmer_reporter|GACTGG,9ddf331c8d51e1d0,3,2,3,AVAILABLE
srle,srle|HBB_3UTR_sixmer_reporter|GAGAAC,9ddf331c8d51e1d0,3,2,3,AVAILABLE
srle,srle|HBB_3UTR_sixmer_reporter|GAGCAA,9ddf331c8d51e1d0,2,2,2,AVAILABLE
srle,srle|HBB_3UTR_sixmer_reporter|GAGCCC,9ddf331c8d51e1d0,3,2,3,AVAILABLE
srle,srle|HBB_3UTR_sixmer_reporter|GAGGAC,9ddf331c8d51e1d0,2,2,2,AVAILABLE
srle,srle|HBB_3UTR_sixmer_reporter|GAGGGT,9ddf331c8d51e1d0,3,2,3,AVAILABLE
srle,srle|HBB_3UTR_sixmer_reporter|GAGGTC,9ddf331c8d51e1d0,2,2,2,AVAILABLE
srle,srle|HBB_3UTR_sixmer_reporter|GAGGTT,9ddf331c8d51e1d0,2,2,2,AVAILABLE
srle,srle|HBB_3UTR_sixmer_reporter|GAGTCT,9ddf331c8d51e1d0,3,2,3,AVAILABLE
srle,srle|HBB_3UTR_sixmer_reporter|GATCGG,9ddf331c8d51e1d0,3,2,3,AVAILABLE
srle,srle|HBB_3UTR_sixmer_reporter|GATCTC,9ddf331c8d51e1d0,2,2,2,AVAILABLE
srle,srle|HBB_3UTR_sixmer_reporter|GATGCA,9ddf331c8d51e1d0,3,2,3,AVAILABLE
srle,srle|HBB_3UTR_sixmer_reporter|GATTAC,9ddf331c8d51e1d0,4,2,4,AVAILABLE
srle,srle|HBB_3UTR_sixmer_reporter|GATTCA,9ddf331c8d51e1d0,4,2,4,AVAILABLE
srle,srle|HBB_3UTR_sixmer_reporter|GATTCC,9ddf331c8d51e1d0,3,2,3,AVAILABLE
srle,srle|HBB_3UTR_sixmer_reporter|GATTCG,9ddf331c8d51e1d0,3,2,3,AVAILABLE
srle,srle|HBB_3UTR_sixmer_reporter|GATTCT,9ddf331c8d51e1d0,2,2,2,AVAILABLE
srle,srle|HBB_3UTR_sixmer_reporter|GCAAAA,9ddf331c8d51e1d0,2,2,2,AVAILABLE
srle,srle|HBB_3UTR_sixmer_reporter|GCAAAT,9ddf331c8d51e1d0,3,2,3,AVAILABLE
srle,srle|HBB_3UTR_sixmer_reporter|GCAACC,9ddf331c8d51e1d0,2,2,2,AVAILABLE
srle,srle|HBB_3UTR_sixmer_reporter|GCAACG,9ddf331c8d51e1d0,3,2,3,AVAILABLE
srle,srle|HBB_3UTR_sixmer_reporter|GCAATC,9ddf331c8d51e1d0,6,2,6,AVAILABLE
srle,srle|HBB_3UTR_sixmer_reporter|GCAATG,9ddf331c8d51e1d0,3,2,3,AVAILABLE
srle,srle|HBB_3UTR_sixmer_reporter|GCAATT,9ddf331c8d51e1d0,2,2,2,AVAILABLE
srle,srle|HBB_3UTR_sixmer_reporter|GCACAG,9ddf331c8d51e1d0,5,2,5,AVAILABLE
srle,srle|HBB_3UTR_sixmer_reporter|GCACAT,9ddf331c8d51e1d0,3,2,3,AVAILABLE
srle,srle|HBB_3UTR_sixmer_reporter|GCACGA,9ddf331c8d51e1d0,3,2,3,AVAILABLE
srle,srle|HBB_3UTR_sixmer_reporter|GCACGG,9ddf331c8d51e1d0,2,2,2,AVAILABLE
srle,srle|HBB_3UTR_sixmer_reporter|GCACTG,9ddf331c8d51e1d0,2,2,2,AVAILABLE
srle,srle|HBB_3UTR_sixmer_reporter|GCAGCT,9ddf331c8d51e1d0,2,2,2,AVAILABLE
srle,srle|HBB_3UTR_sixmer_reporter|GCAGTT,9ddf331c8d51e1d0,2,2,2,AVAILABLE
srle,srle|HBB_3UTR_sixmer_reporter|GCATAC,9ddf331c8d51e1d0,5,2,5,AVAILABLE
srle,srle|HBB_3UTR_sixmer_reporter|GCATGC,9ddf331c8d51e1d0,2,2,2,AVAILABLE
srle,srle|HBB_3UTR_sixmer_reporter|GCCAAG,9ddf331c8d51e1d0,4,2,4,AVAILABLE
srle,srle|HBB_3UTR_sixmer_reporter|GCCACG,9ddf331c8d51e1d0,5,2,5,AVAILABLE
srle,srle|HBB_3UTR_sixmer_reporter|GCCACT,9ddf331c8d51e1d0,4,2,4,AVAILABLE
srle,srle|HBB_3UTR_sixmer_reporter|GCCAGA,9ddf331c8d51e1d0,4,2,4,AVAILABLE
srle,srle|HBB_3UTR_sixmer_reporter|GCCAGC,9ddf331c8d51e1d0,2,2,2,AVAILABLE
srle,srle|HBB_3UTR_sixmer_reporter|GCCATC,9ddf331c8d51e1d0,4,2,4,AVAILABLE
srle,srle|HBB_3UTR_sixmer_reporter|GCCGAT,9ddf331c8d51e1d0,3,2,3,AVAILABLE
srle,srle|HBB_3UTR_sixmer_reporter|GCCGCA,9ddf331c8d51e1d0,2,2,2,AVAILABLE
srle,srle|HBB_3UTR_sixmer_reporter|GCCGGC,9ddf331c8d51e1d0,3,2,3,AVAILABLE
srle,srle|HBB_3UTR_sixmer_reporter|GCCGGT,9ddf331c8d51e1d0,2,2,2,AVAILABLE
srle,srle|HBB_3UTR_sixmer_reporter|GCCGTG,9ddf331c8d51e1d0,3,2,3,AVAILABLE
srle,srle|HBB_3UTR_sixmer_reporter|GCCTAC,9ddf331c8d51e1d0,3,2,3,AVAILABLE
srle,srle|HBB_3UTR_sixmer_reporter|GCCTGG,9ddf331c8d51e1d0,4,2,4,AVAILABLE
srle,srle|HBB_3UTR_sixmer_reporter|GCGAAG,9ddf331c8d51e1d0,2,2,2,AVAILABLE
srle,srle|HBB_3UTR_sixmer_reporter|GCGCAC,9ddf331c8d51e1d0,2,2,2,AVAILABLE
srle,srle|HBB_3UTR_sixmer_reporter|GCGCCC,9ddf331c8d51e1d0,3,2,3,AVAILABLE
srle,srle|HBB_3UTR_sixmer_reporter|GCGCGC,9ddf331c8d51e1d0,3,2,3,AVAILABLE
srle,srle|HBB_3UTR_sixmer_reporter|GCGGAA,9ddf331c8d51e1d0,4,2,4,AVAILABLE
srle,srle|HBB_3UTR_sixmer_reporter|GCGGTG,9ddf331c8d51e1d0,3,2,3,AVAILABLE
srle,srle|HBB_3UTR_sixmer_reporter|GCGTAA,9ddf331c8d51e1d0,2,2,2,AVAILABLE
srle,srle|HBB_3UTR_sixmer_reporter|GCGTAC,9ddf331c8d51e1d0,3,2,3,AVAILABLE
srle,srle|HBB_3UTR_sixmer_reporter|GCGTCT,9ddf331c8d51e1d0,3,2,3,AVAILABLE
srle,srle|HBB_3UTR_sixmer_reporter|GCTAAC,9ddf331c8d51e1d0,4,2,4,AVAILABLE
srle,srle|HBB_3UTR_sixmer_reporter|GCTGCC,9ddf331c8d51e1d0,2,2,2,AVAILABLE
srle,srle|HBB_3UTR_sixmer_reporter|GCTGTA,9ddf331c8d51e1d0,2,2,2,AVAILABLE
srle,srle|HBB_3UTR_sixmer_reporter|GCTGTG,9ddf331c8d51e1d0,2,2,2,AVAILABLE
srle,srle|HBB_3UTR_sixmer_reporter|GCTTCA,9ddf331c8d51e1d0,2,2,2,AVAILABLE
srle,srle|HBB_3UTR_sixmer_reporter|GCTTCG,9ddf331c8d51e1d0,3,2,3,AVAILABLE
srle,srle|HBB_3UTR_sixmer_reporter|GCTTTG,9ddf331c8d51e1d0,3,2,3,AVAILABLE
srle,srle|HBB_3UTR_sixmer_reporter|GGACCT,9ddf331c8d51e1d0,2,2,2,AVAILABLE
srle,srle|HBB_3UTR_sixmer_reporter|GGACTG,9ddf331c8d51e1d0,3,2,3,AVAILABLE
srle,srle|HBB_3UTR_sixmer_reporter|GGAGAA,9ddf331c8d51e1d0,3,2,3,AVAILABLE
srle,srle|HBB_3UTR_sixmer_reporter|GGAGGT,9ddf331c8d51e1d0,2,2,2,AVAILABLE
srle,srle|HBB_3UTR_sixmer_reporter|GGCCGC,9ddf331c8d51e1d0,2,2,2,AVAILABLE
srle,srle|HBB_3UTR_sixmer_reporter|GGCCTG,9ddf331c8d51e1d0,2,2,2,AVAILABLE
srle,srle|HBB_3UTR_sixmer_reporter|GGCGAA,9ddf331c8d51e1d0,3,2,3,AVAILABLE
srle,srle|HBB_3UTR_sixmer_reporter|GGCTAA,9ddf331c8d51e1d0,3,2,3,AVAILABLE
srle,srle|HBB_3UTR_sixmer_reporter|GGCTCC,9ddf331c8d51e1d0,2,2,2,AVAILABLE
srle,srle|HBB_3UTR_sixmer_reporter|GGCTCT,9ddf331c8d51e1d0,2,2,2,AVAILABLE
srle,srle|HBB_3UTR_sixmer_reporter|GGGAAA,9ddf331c8d51e1d0,2,2,2,AVAILABLE
srle,srle|HBB_3UTR_sixmer_reporter|GGGAAC,9ddf331c8d51e1d0,3,2,3,AVAILABLE
srle,srle|HBB_3UTR_sixmer_reporter|GGGACG,9ddf331c8d51e1d0,2,2,2,AVAILABLE
srle,srle|HBB_3UTR_sixmer_reporter|GGGAGT,9ddf331c8d51e1d0,2,2,2,AVAILABLE
srle,srle|HBB_3UTR_sixmer_reporter|GGGCAA,9ddf331c8d51e1d0,3,2,3,AVAILABLE
srle,srle|HBB_3UTR_sixmer_reporter|GGGCGT,9ddf331c8d51e1d0,2,2,2,AVAILABLE
srle,srle|HBB_3UTR_sixmer_reporter|GGGCTA,9ddf331c8d51e1d0,3,2,3,AVAILABLE
srle,srle|HBB_3UTR_sixmer_reporter|GGGCTT,9ddf331c8d51e1d0,3,2,3,AVAILABLE
srle,srle|HBB_3UTR_sixmer_reporter|GGGGTC,9ddf331c8d51e1d0,4,2,4,AVAILABLE
srle,srle|HBB_3UTR_sixmer_reporter|GGGTCA,9ddf331c8d51e1d0,3,2,3,AVAILABLE
srle,srle|HBB_3UTR_sixmer_reporter|GGGTCT,9ddf331c8d51e1d0,2,2,2,AVAILABLE
srle,srle|HBB_3UTR_sixmer_reporter|GGGTGC,9ddf331c8d51e1d0,3,2,3,AVAILABLE
srle,srle|HBB_3UTR_sixmer_reporter|GGGTTG,9ddf331c8d51e1d0,2,2,2,AVAILABLE
srle,srle|HBB_3UTR_sixmer_reporter|GGTCAG,9ddf331c8d51e1d0,3,2,3,AVAILABLE
srle,srle|HBB_3UTR_sixmer_reporter|GGTCCC,9ddf331c8d51e1d0,2,2,2,AVAILABLE
srle,srle|HBB_3UTR_sixmer_reporter|GGTGTC,9ddf331c8d51e1d0,2,2,2,AVAILABLE
srle,srle|HBB_3UTR_sixmer_reporter|GGTTAA,9ddf331c8d51e1d0,4,2,4,AVAILABLE
srle,srle|HBB_3UTR_sixmer_reporter|GGTTAC,9ddf331c8d51e1d0,2,2,2,AVAILABLE
srle,srle|HBB_3UTR_sixmer_reporter|GTAACC,9ddf331c8d51e1d0,3,2,3,AVAILABLE
srle,srle|HBB_3UTR_sixmer_reporter|GTAAGT,9ddf331c8d51e1d0,3,2,3,AVAILABLE
srle,srle|HBB_3UTR_sixmer_reporter|GTAATT,9ddf331c8d51e1d0,2,2,2,AVAILABLE
srle,srle|HBB_3UTR_sixmer_reporter|GTACCA,9ddf331c8d51e1d0,2,2,2,AVAILABLE
srle,srle|HBB_3UTR_sixmer_reporter|GTACCT,9ddf331c8d51e1d0,2,2,2,AVAILABLE
srle,srle|HBB_3UTR_sixmer_reporter|GTACTT,9ddf331c8d51e1d0,2,2,2,AVAILABLE
srle,srle|HBB_3UTR_sixmer_reporter|GTAGCG,9ddf331c8d51e1d0,4,2,4,AVAILABLE
srle,srle|HBB_3UTR_sixmer_reporter|GTAGGC,9ddf331c8d51e1d0,2,2,2,AVAILABLE
srle,srle|HBB_3UTR_sixmer_reporter|GTAGTA,9ddf331c8d51e1d0,3,2,3,AVAILABLE
srle,srle|HBB_3UTR_sixmer_reporter|GTAGTC,9ddf331c8d51e1d0,2,2,2,AVAILABLE
srle,srle|HBB_3UTR_sixmer_reporter|GTATAA,9ddf331c8d51e1d0,3,2,3,AVAILABLE
srle,srle|HBB_3UTR_sixmer_reporter|GTATTT,9ddf331c8d51e1d0,4,2,4,AVAILABLE
srle,srle|HBB_3UTR_sixmer_reporter|GTCAAA,9ddf331c8d51e1d0,2,2,2,AVAILABLE
srle,srle|HBB_3UTR_sixmer_reporter|GTCACC,9ddf331c8d51e1d0,4,2,4,AVAILABLE
srle,srle|HBB_3UTR_sixmer_reporter|GTCCAC,9ddf331c8d51e1d0,2,2,2,AVAILABLE
srle,srle|HBB_3UTR_sixmer_reporter|GTCCTG,9ddf331c8d51e1d0,4,2,4,AVAILABLE
srle,srle|HBB_3UTR_sixmer_reporter|GTCGTG,9ddf331c8d51e1d0,2,2,2,AVAILABLE
srle,srle|HBB_3UTR_sixmer_reporter|GTCTCG,9ddf331c8d51e1d0,5,2,5,AVAILABLE
srle,srle|HBB_3UTR_sixmer_reporter|GTCTTG,9ddf331c8d51e1d0,3,2,3,AVAILABLE
srle,srle|HBB_3UTR_sixmer_reporter|GTGACT,9ddf331c8d51e1d0,2,2,2,AVAILABLE
srle,srle|HBB_3UTR_sixmer_reporter|GTGCAT,9ddf331c8d51e1d0,4,2,4,AVAILABLE
srle,srle|HBB_3UTR_sixmer_reporter|GTGGCA,9ddf331c8d51e1d0,2,2,2,AVAILABLE
srle,srle|HBB_3UTR_sixmer_reporter|GTGGCG,9ddf331c8d51e1d0,3,2,3,AVAILABLE
srle,srle|HBB_3UTR_sixmer_reporter|GTGGGC,9ddf331c8d51e1d0,3,2,3,AVAILABLE
srle,srle|HBB_3UTR_sixmer_reporter|GTGTAC,9ddf331c8d51e1d0,2,2,2,AVAILABLE
srle,srle|HBB_3UTR_sixmer_reporter|GTGTAT,9ddf331c8d51e1d0,2,2,2,AVAILABLE
srle,srle|HBB_3UTR_sixmer_reporter|GTGTCT,9ddf331c8d51e1d0,2,2,2,AVAILABLE
srle,srle|HBB_3UTR_sixmer_reporter|GTGTTC,9ddf331c8d51e1d0,2,2,2,AVAILABLE
srle,srle|HBB_3UTR_sixmer_reporter|GTTAAA,9ddf331c8d51e1d0,2,2,2,AVAILABLE
srle,srle|HBB_3UTR_sixmer_reporter|GTTAAC,9ddf331c8d51e1d0,2,2,2,AVAILABLE
srle,srle|HBB_3UTR_sixmer_reporter|GTTAAG,9ddf331c8d51e1d0,4,2,4,AVAILABLE
srle,srle|HBB_3UTR_sixmer_reporter|GTTACA,9ddf331c8d51e1d0,2,2,2,AVAILABLE
srle,srle|HBB_3UTR_sixmer_reporter|GTTAGC,9ddf331c8d51e1d0,2,2,2,AVAILABLE
srle,srle|HBB_3UTR_sixmer_reporter|GTTATT,9ddf331c8d51e1d0,2,2,2,AVAILABLE
srle,srle|HBB_3UTR_sixmer_reporter|GTTCAG,9ddf331c8d51e1d0,2,2,2,AVAILABLE
srle,srle|HBB_3UTR_sixmer_reporter|GTTGAT,9ddf331c8d51e1d0,2,2,2,AVAILABLE
srle,srle|HBB_3UTR_sixmer_reporter|GTTGCT,9ddf331c8d51e1d0,2,2,2,AVAILABLE
srle,srle|HBB_3UTR_sixmer_reporter|TAAACA,9ddf331c8d51e1d0,3,2,3,AVAILABLE
srle,srle|HBB_3UTR_sixmer_reporter|TAAACG,9ddf331c8d51e1d0,3,2,3,AVAILABLE
srle,srle|HBB_3UTR_sixmer_reporter|TAAATC,9ddf331c8d51e1d0,5,2,5,AVAILABLE
srle,srle|HBB_3UTR_sixmer_reporter|TAACAA,9ddf331c8d51e1d0,2,2,2,AVAILABLE
srle,srle|HBB_3UTR_sixmer_reporter|TAAGTT,9ddf331c8d51e1d0,2,2,2,AVAILABLE
srle,srle|HBB_3UTR_sixmer_reporter|TAATCG,9ddf331c8d51e1d0,2,2,2,AVAILABLE
srle,srle|HBB_3UTR_sixmer_reporter|TAATGC,9ddf331c8d51e1d0,2,2,2,AVAILABLE
srle,srle|HBB_3UTR_sixmer_reporter|TAATGG,9ddf331c8d51e1d0,3,2,3,AVAILABLE
srle,srle|HBB_3UTR_sixmer_reporter|TAATGT,9ddf331c8d51e1d0,3,2,3,AVAILABLE
srle,srle|HBB_3UTR_sixmer_reporter|TAATTC,9ddf331c8d51e1d0,2,2,2,AVAILABLE
srle,srle|HBB_3UTR_sixmer_reporter|TACAGC,9ddf331c8d51e1d0,2,2,2,AVAILABLE
srle,srle|HBB_3UTR_sixmer_reporter|TACATA,9ddf331c8d51e1d0,5,2,5,AVAILABLE
srle,srle|HBB_3UTR_sixmer_reporter|TACCGA,9ddf331c8d51e1d0,2,2,2,AVAILABLE
srle,srle|HBB_3UTR_sixmer_reporter|TACCGG,9ddf331c8d51e1d0,2,2,2,AVAILABLE
srle,srle|HBB_3UTR_sixmer_reporter|TACGGG,9ddf331c8d51e1d0,3,2,3,AVAILABLE
srle,srle|HBB_3UTR_sixmer_reporter|TACTAC,9ddf331c8d51e1d0,3,2,3,AVAILABLE
srle,srle|HBB_3UTR_sixmer_reporter|TACTCC,9ddf331c8d51e1d0,2,2,2,AVAILABLE
srle,srle|HBB_3UTR_sixmer_reporter|TAGCAT,9ddf331c8d51e1d0,4,2,4,AVAILABLE
srle,srle|HBB_3UTR_sixmer_reporter|TAGCGA,9ddf331c8d51e1d0,3,2,3,AVAILABLE
srle,srle|HBB_3UTR_sixmer_reporter|TAGCTT,9ddf331c8d51e1d0,3,2,3,AVAILABLE
srle,srle|HBB_3UTR_sixmer_reporter|TAGGCA,9ddf331c8d51e1d0,2,2,2,AVAILABLE
srle,srle|HBB_3UTR_sixmer_reporter|TAGGGC,9ddf331c8d51e1d0,5,2,5,AVAILABLE
srle,srle|HBB_3UTR_sixmer_reporter|TAGGTG,9ddf331c8d51e1d0,2,2,2,AVAILABLE
srle,srle|HBB_3UTR_sixmer_reporter|TAGTCT,9ddf331c8d51e1d0,5,2,5,AVAILABLE
srle,srle|HBB_3UTR_sixmer_reporter|TAGTGA,9ddf331c8d51e1d0,2,2,2,AVAILABLE
srle,srle|HBB_3UTR_sixmer_reporter|TAGTTC,9ddf331c8d51e1d0,5,2,5,AVAILABLE
srle,srle|HBB_3UTR_sixmer_reporter|TAGTTT,9ddf331c8d51e1d0,2,2,2,AVAILABLE
srle,srle|HBB_3UTR_sixmer_reporter|TATACA,9ddf331c8d51e1d0,3,2,3,AVAILABLE
srle,srle|HBB_3UTR_sixmer_reporter|TATATC,9ddf331c8d51e1d0,3,2,3,AVAILABLE
srle,srle|HBB_3UTR_sixmer_reporter|TATATT,9ddf331c8d51e1d0,3,2,3,AVAILABLE
srle,srle|HBB_3UTR_sixmer_reporter|TATCAG,9ddf331c8d51e1d0,3,2,3,AVAILABLE
srle,srle|HBB_3UTR_sixmer_reporter|TATGAC,9ddf331c8d51e1d0,3,2,3,AVAILABLE
srle,srle|HBB_3UTR_sixmer_reporter|TATGAT,9ddf331c8d51e1d0,2,2,2,AVAILABLE
srle,srle|HBB_3UTR_sixmer_reporter|TATGCC,9ddf331c8d51e1d0,3,2,3,AVAILABLE
srle,srle|HBB_3UTR_sixmer_reporter|TATTAT,9ddf331c8d51e1d0,2,2,2,AVAILABLE
srle,srle|HBB_3UTR_sixmer_reporter|TATTCC,9ddf331c8d51e1d0,2,2,2,AVAILABLE
srle,srle|HBB_3UTR_sixmer_reporter|TATTGA,9ddf331c8d51e1d0,2,2,2,AVAILABLE
srle,srle|HBB_3UTR_sixmer_reporter|TATTGC,9ddf331c8d51e1d0,2,2,2,AVAILABLE
srle,srle|HBB_3UTR_sixmer_reporter|TATTGT,9ddf331c8d51e1d0,4,2,4,AVAILABLE
srle,srle|HBB_3UTR_sixmer_reporter|TCAAAG,9ddf331c8d51e1d0,6,2,6,AVAILABLE
srle,srle|HBB_3UTR_sixmer_reporter|TCAAGA,9ddf331c8d51e1d0,2,2,2,AVAILABLE
srle,srle|HBB_3UTR_sixmer_reporter|TCAAGC,9ddf331c8d51e1d0,4,2,4,AVAILABLE
srle,srle|HBB_3UTR_sixmer_reporter|TCAATT,9ddf331c8d51e1d0,2,2,2,AVAILABLE
srle,srle|HBB_3UTR_sixmer_reporter|TCACGC,9ddf331c8d51e1d0,3,2,3,AVAILABLE
srle,srle|HBB_3UTR_sixmer_reporter|TCACTC,9ddf331c8d51e1d0,2,2,2,AVAILABLE
srle,srle|HBB_3UTR_sixmer_reporter|TCAGCA,9ddf331c8d51e1d0,2,2,2,AVAILABLE
srle,srle|HBB_3UTR_sixmer_reporter|TCAGCC,9ddf331c8d51e1d0,2,2,2,AVAILABLE
srle,srle|HBB_3UTR_sixmer_reporter|TCAGTT,9ddf331c8d51e1d0,4,2,4,AVAILABLE
srle,srle|HBB_3UTR_sixmer_reporter|TCCCAG,9ddf331c8d51e1d0,2,2,2,AVAILABLE
srle,srle|HBB_3UTR_sixmer_reporter|TCCCGA,9ddf331c8d51e1d0,5,2,5,AVAILABLE
srle,srle|HBB_3UTR_sixmer_reporter|TCCCGT,9ddf331c8d51e1d0,3,2,3,AVAILABLE
srle,srle|HBB_3UTR_sixmer_reporter|TCCTAC,9ddf331c8d51e1d0,4,2,4,AVAILABLE
srle,srle|HBB_3UTR_sixmer_reporter|TCCTCA,9ddf331c8d51e1d0,2,2,2,AVAILABLE
srle,srle|HBB_3UTR_sixmer_reporter|TCCTCG,9ddf331c8d51e1d0,2,2,2,AVAILABLE
srle,srle|HBB_3UTR_sixmer_reporter|TCCTGC,9ddf331c8d51e1d0,2,2,2,AVAILABLE
srle,srle|HBB_3UTR_sixmer_reporter|TCGAAA,9ddf331c8d51e1d0,5,2,5,AVAILABLE
srle,srle|HBB_3UTR_sixmer_reporter|TCGAAT,9ddf331c8d51e1d0,2,2,2,AVAILABLE
srle,srle|HBB_3UTR_sixmer_reporter|TCGATC,9ddf331c8d51e1d0,3,2,3,AVAILABLE
srle,srle|HBB_3UTR_sixmer_reporter|TCGCAG,9ddf331c8d51e1d0,2,2,2,AVAILABLE
srle,srle|HBB_3UTR_sixmer_reporter|TCGCTA,9ddf331c8d51e1d0,3,2,3,AVAILABLE
srle,srle|HBB_3UTR_sixmer_reporter|TCGGCT,9ddf331c8d51e1d0,5,2,5,AVAILABLE
srle,srle|HBB_3UTR_sixmer_reporter|TCGGGA,9ddf331c8d51e1d0,3,2,3,AVAILABLE
srle,srle|HBB_3UTR_sixmer_reporter|TCGTAC,9ddf331c8d51e1d0,2,2,2,AVAILABLE
srle,srle|HBB_3UTR_sixmer_reporter|TCGTAT,9ddf331c8d51e1d0,4,2,4,AVAILABLE
srle,srle|HBB_3UTR_sixmer_reporter|TCGTTG,9ddf331c8d51e1d0,2,2,2,AVAILABLE
srle,srle|HBB_3UTR_sixmer_reporter|TCTAAT,9ddf331c8d51e1d0,2,2,2,AVAILABLE
srle,srle|HBB_3UTR_sixmer_reporter|TCTACC,9ddf331c8d51e1d0,3,2,3,AVAILABLE
srle,srle|HBB_3UTR_sixmer_reporter|TCTATT,9ddf331c8d51e1d0,4,2,4,AVAILABLE
srle,srle|HBB_3UTR_sixmer_reporter|TCTCAA,9ddf331c8d51e1d0,4,2,4,AVAILABLE
srle,srle|HBB_3UTR_sixmer_reporter|TCTCAC,9ddf331c8d51e1d0,4,2,4,AVAILABLE
srle,srle|HBB_3UTR_sixmer_reporter|TCTCGA,9ddf331c8d51e1d0,4,2,4,AVAILABLE
srle,srle|HBB_3UTR_sixmer_reporter|TCTCGG,9ddf331c8d51e1d0,3,2,3,AVAILABLE
srle,srle|HBB_3UTR_sixmer_reporter|TCTCTC,9ddf331c8d51e1d0,2,2,2,AVAILABLE
srle,srle|HBB_3UTR_sixmer_reporter|TCTCTT,9ddf331c8d51e1d0,3,2,3,AVAILABLE
srle,srle|HBB_3UTR_sixmer_reporter|TCTGAC,9ddf331c8d51e1d0,4,2,4,AVAILABLE
srle,srle|HBB_3UTR_sixmer_reporter|TCTGCG,9ddf331c8d51e1d0,4,2,4,AVAILABLE
srle,srle|HBB_3UTR_sixmer_reporter|TCTTAC,9ddf331c8d51e1d0,3,2,3,AVAILABLE
srle,srle|HBB_3UTR_sixmer_reporter|TCTTAG,9ddf331c8d51e1d0,2,2,2,AVAILABLE
srle,srle|HBB_3UTR_sixmer_reporter|TCTTAT,9ddf331c8d51e1d0,4,2,4,AVAILABLE
srle,srle|HBB_3UTR_sixmer_reporter|TCTTTA,9ddf331c8d51e1d0,5,2,5,AVAILABLE
srle,srle|HBB_3UTR_sixmer_reporter|TCTTTT,9ddf331c8d51e1d0,2,2,2,AVAILABLE
srle,srle|HBB_3UTR_sixmer_reporter|TGAAGT,9ddf331c8d51e1d0,2,2,2,AVAILABLE
srle,srle|HBB_3UTR_sixmer_reporter|TGACAG,9ddf331c8d51e1d0,2,2,2,AVAILABLE
srle,srle|HBB_3UTR_sixmer_reporter|TGACCG,9ddf331c8d51e1d0,4,2,4,AVAILABLE
srle,srle|HBB_3UTR_sixmer_reporter|TGACGA,9ddf331c8d51e1d0,2,2,2,AVAILABLE
srle,srle|HBB_3UTR_sixmer_reporter|TGACTT,9ddf331c8d51e1d0,6,2,6,AVAILABLE
srle,srle|HBB_3UTR_sixmer_reporter|TGATCT,9ddf331c8d51e1d0,5,2,5,AVAILABLE
srle,srle|HBB_3UTR_sixmer_reporter|TGATTT,9ddf331c8d51e1d0,6,2,6,AVAILABLE
srle,srle|HBB_3UTR_sixmer_reporter|TGCAAA,9ddf331c8d51e1d0,2,2,2,AVAILABLE
srle,srle|HBB_3UTR_sixmer_reporter|TGCCAG,9ddf331c8d51e1d0,6,2,6,AVAILABLE
srle,srle|HBB_3UTR_sixmer_reporter|TGCCCA,9ddf331c8d51e1d0,2,2,2,AVAILABLE
srle,srle|HBB_3UTR_sixmer_reporter|TGCCGA,9ddf331c8d51e1d0,2,2,2,AVAILABLE
srle,srle|HBB_3UTR_sixmer_reporter|TGCCGG,9ddf331c8d51e1d0,2,2,2,AVAILABLE
srle,srle|HBB_3UTR_sixmer_reporter|TGCCTG,9ddf331c8d51e1d0,2,2,2,AVAILABLE
srle,srle|HBB_3UTR_sixmer_reporter|TGCGAA,9ddf331c8d51e1d0,3,2,3,AVAILABLE
srle,srle|HBB_3UTR_sixmer_reporter|TGCGTG,9ddf331c8d51e1d0,2,2,2,AVAILABLE
srle,srle|HBB_3UTR_sixmer_reporter|TGCTAT,9ddf331c8d51e1d0,2,2,2,AVAILABLE
srle,srle|HBB_3UTR_sixmer_reporter|TGCTTG,9ddf331c8d51e1d0,3,2,3,AVAILABLE
srle,srle|HBB_3UTR_sixmer_reporter|TGGAGC,9ddf331c8d51e1d0,3,2,3,AVAILABLE
srle,srle|HBB_3UTR_sixmer_reporter|TGGCGA,9ddf331c8d51e1d0,4,2,4,AVAILABLE
srle,srle|HBB_3UTR_sixmer_reporter|TGGGCG,9ddf331c8d51e1d0,2,2,2,AVAILABLE
srle,srle|HBB_3UTR_sixmer_reporter|TGGGTC,9ddf331c8d51e1d0,3,2,3,AVAILABLE
srle,srle|HBB_3UTR_sixmer_reporter|TGGTAA,9ddf331c8d51e1d0,2,2,2,AVAILABLE
srle,srle|HBB_3UTR_sixmer_reporter|TGTAAA,9ddf331c8d51e1d0,2,2,2,AVAILABLE
srle,srle|HBB_3UTR_sixmer_reporter|TGTAAG,9ddf331c8d51e1d0,3,2,3,AVAILABLE
srle,srle|HBB_3UTR_sixmer_reporter|TGTAAT,9ddf331c8d51e1d0,2,2,2,AVAILABLE
srle,srle|HBB_3UTR_sixmer_reporter|TGTACG,9ddf331c8d51e1d0,2,2,2,AVAILABLE
srle,srle|HBB_3UTR_sixmer_reporter|TGTAGC,9ddf331c8d51e1d0,3,2,3,AVAILABLE
srle,srle|HBB_3UTR_sixmer_reporter|TGTCCA,9ddf331c8d51e1d0,4,2,4,AVAILABLE
srle,srle|HBB_3UTR_sixmer_reporter|TGTGAT,9ddf331c8d51e1d0,2,2,2,AVAILABLE
srle,srle|HBB_3UTR_sixmer_reporter|TGTGCT,9ddf331c8d51e1d0,2,2,2,AVAILABLE
srle,srle|HBB_3UTR_sixmer_reporter|TGTTAT,9ddf331c8d51e1d0,3,2,3,AVAILABLE
srle,srle|HBB_3UTR_sixmer_reporter|TGTTTA,9ddf331c8d51e1d0,2,2,2,AVAILABLE
srle,srle|HBB_3UTR_sixmer_reporter|TTAACT,9ddf331c8d51e1d0,2,2,2,AVAILABLE
srle,srle|HBB_3UTR_sixmer_reporter|TTAAGG,9ddf331c8d51e1d0,5,2,5,AVAILABLE
srle,srle|HBB_3UTR_sixmer_reporter|TTAAGT,9ddf331c8d51e1d0,2,2,2,AVAILABLE
srle,srle|HBB_3UTR_sixmer_reporter|TTACGC,9ddf331c8d51e1d0,3,2,3,AVAILABLE
srle,srle|HBB_3UTR_sixmer_reporter|TTAGGA,9ddf331c8d51e1d0,2,2,2,AVAILABLE
srle,srle|HBB_3UTR_sixmer_reporter|TTAGTC,9ddf331c8d51e1d0,4,2,4,AVAILABLE
srle,srle|HBB_3UTR_sixmer_reporter|TTATCG,9ddf331c8d51e1d0,3,2,3,AVAILABLE
srle,srle|HBB_3UTR_sixmer_reporter|TTATGT,9ddf331c8d51e1d0,5,2,5,AVAILABLE
srle,srle|HBB_3UTR_sixmer_reporter|TTATTG,9ddf331c8d51e1d0,3,2,3,AVAILABLE
srle,srle|HBB_3UTR_sixmer_reporter|TTCAAC,9ddf331c8d51e1d0,2,2,2,AVAILABLE
srle,srle|HBB_3UTR_sixmer_reporter|TTCAAG,9ddf331c8d51e1d0,2,2,2,AVAILABLE
srle,srle|HBB_3UTR_sixmer_reporter|TTCAGC,9ddf331c8d51e1d0,6,2,6,AVAILABLE
srle,srle|HBB_3UTR_sixmer_reporter|TTCCAA,9ddf331c8d51e1d0,3,2,3,AVAILABLE
srle,srle|HBB_3UTR_sixmer_reporter|TTCCAC,9ddf331c8d51e1d0,3,2,3,AVAILABLE
srle,srle|HBB_3UTR_sixmer_reporter|TTCCGA,9ddf331c8d51e1d0,6,2,6,AVAILABLE
srle,srle|HBB_3UTR_sixmer_reporter|TTCCGG,9ddf331c8d51e1d0,6,2,6,AVAILABLE
srle,srle|HBB_3UTR_sixmer_reporter|TTCGAC,9ddf331c8d51e1d0,3,2,3,AVAILABLE
srle,srle|HBB_3UTR_sixmer_reporter|TTCGCG,9ddf331c8d51e1d0,3,2,3,AVAILABLE
srle,srle|HBB_3UTR_sixmer_reporter|TTCGTA,9ddf331c8d51e1d0,2,2,2,AVAILABLE
srle,srle|HBB_3UTR_sixmer_reporter|TTCTAC,9ddf331c8d51e1d0,3,2,3,AVAILABLE
srle,srle|HBB_3UTR_sixmer_reporter|TTCTAT,9ddf331c8d51e1d0,2,2,2,AVAILABLE
srle,srle|HBB_3UTR_sixmer_reporter|TTCTTA,9ddf331c8d51e1d0,3,2,3,AVAILABLE
srle,srle|HBB_3UTR_sixmer_reporter|TTGACC,9ddf331c8d51e1d0,3,2,3,AVAILABLE
srle,srle|HBB_3UTR_sixmer_reporter|TTGATC,9ddf331c8d51e1d0,3,2,3,AVAILABLE
srle,srle|HBB_3UTR_sixmer_reporter|TTGCAA,9ddf331c8d51e1d0,2,2,2,AVAILABLE
srle,srle|HBB_3UTR_sixmer_reporter|TTGCCA,9ddf331c8d51e1d0,5,2,5,AVAILABLE
srle,srle|HBB_3UTR_sixmer_reporter|TTGCGA,9ddf331c8d51e1d0,2,2,2,AVAILABLE
srle,srle|HBB_3UTR_sixmer_reporter|TTGCGC,9ddf331c8d51e1d0,2,2,2,AVAILABLE
srle,srle|HBB_3UTR_sixmer_reporter|TTGTAC,9ddf331c8d51e1d0,3,2,3,AVAILABLE
srle,srle|HBB_3UTR_sixmer_reporter|TTTAAC,9ddf331c8d51e1d0,2,2,2,AVAILABLE
srle,srle|HBB_3UTR_sixmer_reporter|TTTACC,9ddf331c8d51e1d0,3,2,3,AVAILABLE
srle,srle|HBB_3UTR_sixmer_reporter|TTTACG,9ddf331c8d51e1d0,4,2,4,AVAILABLE
srle,srle|HBB_3UTR_sixmer_reporter|TTTAGT,9ddf331c8d51e1d0,3,2,3,AVAILABLE
srle,srle|HBB_3UTR_sixmer_reporter|TTTCAG,9ddf331c8d51e1d0,2,2,2,AVAILABLE
srle,srle|HBB_3UTR_sixmer_reporter|TTTCCA,9ddf331c8d51e1d0,2,2,2,AVAILABLE
srle,srle|HBB_3UTR_sixmer_reporter|TTTCCC,9ddf331c8d51e1d0,3,2,3,AVAILABLE
srle,srle|HBB_3UTR_sixmer_reporter|TTTCCT,9ddf331c8d51e1d0,2,2,2,AVAILABLE
srle,srle|HBB_3UTR_sixmer_reporter|TTTGGG,9ddf331c8d51e1d0,2,2,2,AVAILABLE
srle,srle|HBB_3UTR_sixmer_reporter|TTTTCA,9ddf331c8d51e1d0,2,2,2,AVAILABLE
srle,srle|HBB_3UTR_sixmer_reporter|TTTTCT,9ddf331c8d51e1d0,2,2,2,AVAILABLE
