dataset,source_id,reason,detail
mikl_gse173098,14818,missing_parent_gene_position_key,Ftl1|150.0
mikl_gse173098,14819,missing_parent_gene_position_key,Ftl1|200.0
mikl_gse173098,14820,missing_parent_gene_position_key,Ftl1|250.0
mikl_gse173098,15643,missing_parent_gene_position_key,Kcna6|0.0
mikl_gse173098,16494,missing_parent_gene_position_key,2810459M11Rik|550.0
mikl_gse173098,16530,missing_parent_gene_position_key,A630089N07Rik|400.0
mikl_gse173098,16531,missing_parent_gene_position_key,A630089N07Rik|450.0
mikl_gse173098,16532,missing_parent_gene_position_key,A630089N07Rik|450.0
mikl_gse173098,16533,missing_parent_gene_position_key,A630089N07Rik|500.0
mikl_gse173098,16534,missing_parent_gene_position_key,A630089N07Rik|500.0
mikl_gse173098,16535,missing_parent_gene_position_key,A630089N07Rik|550.0
mikl_gse173098,16536,missing_parent_gene_position_key,A630089N07Rik|550.0
mikl_gse173098,16538,missing_parent_gene_position_key,A630089N07Rik|950.0
mikl_gse173098,16539,missing_parent_gene_position_key,A630089N07Rik|1000.0
mikl_gse173098,16552,missing_parent_gene_position_key,A630089N07Rik|1400.0
mikl_gse173098,16553,missing_parent_gene_position_key,A630089N07Rik|1450.0
mikl_gse173098,16554,missing_parent_gene_position_key,A630089N07Rik|1500.0
mikl_gse173098,16582,no_semantic_parent,valid_unique_parent_sequences=0
mikl_gse173098,16583,no_semantic_parent,valid_unique_parent_sequences=0
mikl_gse173098,16584,no_semantic_parent,valid_unique_parent_sequences=0
mikl_gse173098,16585,no_semantic_parent,valid_unique_parent_sequences=0
mikl_gse173098,16586,no_semantic_parent,valid_unique_parent_sequences=0
mikl_gse173098,16587,no_semantic_parent,valid_unique_parent_sequences=0
mikl_gse173098,16600,no_semantic_parent,valid_unique_parent_sequences=0
mikl_gse173098,16601,no_semantic_parent,valid_unique_parent_sequences=0
mikl_gse173098,16602,no_semantic_parent,valid_unique_parent_sequences=0
mikl_gse173098,16603,no_semantic_parent,valid_unique_parent_sequences=0
mikl_gse173098,16638,missing_parent_gene_position_key,Adamts18|3550.0
mikl_gse173098,16639,missing_parent_gene_position_key,Adamts18|3600.0
mikl_gse173098,16640,missing_parent_gene_position_key,Adamts18|3700.0
mikl_gse173098,16641,missing_parent_gene_position_key,Adamts18|3750.0
mikl_gse173098,16642,missing_parent_gene_position_key,Adamts18|3750.0
mikl_gse173098,16643,missing_parent_gene_position_key,Adamts18|3800.0
mikl_gse173098,16685,missing_parent_gene_position_key,Agtrap|500.0
mikl_gse173098,16686,missing_parent_gene_position_key,Agtrap|500.0
mikl_gse173098,16709,missing_parent_gene_position_key,Agtrap|1250.0
mikl_gse173098,16710,missing_parent_gene_position_key,Agtrap|1250.0
mikl_gse173098,16711,missing_parent_gene_position_key,Agtrap|1250.0
mikl_gse173098,16712,missing_parent_gene_position_key,Agtrap|1300.0
mikl_gse173098,16713,missing_parent_gene_position_key,Agtrap|1300.0
mikl_gse173098,16714,missing_parent_gene_position_key,Agtrap|1300.0
mikl_gse173098,16715,missing_parent_gene_position_key,Agtrap|1350.0
mikl_gse173098,16716,missing_parent_gene_position_key,Agtrap|1350.0
mikl_gse173098,16717,missing_parent_gene_position_key,Agtrap|1350.0
mikl_gse173098,16746,missing_parent_gene_position_key,Agtrap|2850.0
mikl_gse173098,16747,missing_parent_gene_position_key,Agtrap|2850.0
mikl_gse173098,16748,missing_parent_gene_position_key,Agtrap|2850.0
mikl_gse173098,16749,missing_parent_gene_position_key,Agtrap|2900.0
mikl_gse173098,16750,missing_parent_gene_position_key,Agtrap|2900.0
mikl_gse173098,16751,missing_parent_gene_position_key,Agtrap|2900.0
mikl_gse173098,16764,missing_parent_gene_position_key,Agtrap|3200.0
mikl_gse173098,16792,missing_parent_gene_position_key,Ankef1|1550.0
mikl_gse173098,16793,no_semantic_parent,valid_unique_parent_sequences=0
mikl_gse173098,16794,no_semantic_parent,valid_unique_parent_sequences=0
mikl_gse173098,16795,no_semantic_parent,valid_unique_parent_sequences=0
mikl_gse173098,16796,no_semantic_parent,valid_unique_parent_sequences=0
mikl_gse173098,16797,no_semantic_parent,valid_unique_parent_sequences=0
mikl_gse173098,16819,missing_parent_gene_position_key,Aqp4|1100.0
mikl_gse173098,16820,missing_parent_gene_position_key,Aqp4|1150.0
mikl_gse173098,16824,missing_parent_gene_position_key,Aqp4|1450.0
mikl_gse173098,16825,missing_parent_gene_position_key,Aqp4|1550.0
mikl_gse173098,16836,missing_parent_gene_position_key,Aqp4|3100.0
mikl_gse173098,16837,missing_parent_gene_position_key,Aqp4|3150.0
mikl_gse173098,16842,missing_parent_gene_position_key,Aqp4|3700.0
mikl_gse173098,16843,missing_parent_gene_position_key,Aqp4|3750.0
mikl_gse173098,16850,missing_parent_gene_position_key,Arhgap31|850.0
mikl_gse173098,16851,missing_parent_gene_position_key,Arhgap31|900.0
mikl_gse173098,16866,missing_parent_gene_position_key,Atad2|700.0
mikl_gse173098,16867,missing_parent_gene_position_key,Atad2|750.0
mikl_gse173098,16949,no_semantic_parent,valid_unique_parent_sequences=0
mikl_gse173098,16950,no_semantic_parent,valid_unique_parent_sequences=0
mikl_gse173098,16951,no_semantic_parent,valid_unique_parent_sequences=0
mikl_gse173098,16952,no_semantic_parent,valid_unique_parent_sequences=0
mikl_gse173098,16962,no_semantic_parent,valid_unique_parent_sequences=0
mikl_gse173098,16967,missing_parent_gene_position_key,Casp4|1300.0
mikl_gse173098,16980,missing_parent_gene_position_key,Ccdc141|1950.0
mikl_gse173098,16981,missing_parent_gene_position_key,Ccdc141|2000.0
mikl_gse173098,16982,missing_parent_gene_position_key,Ccdc141|2000.0
mikl_gse173098,16989,missing_parent_gene_position_key,Ccdc141|3800.0
mikl_gse173098,16990,missing_parent_gene_position_key,Ccdc141|3850.0
mikl_gse173098,16996,missing_parent_gene_position_key,Ccdc141|4000.0
mikl_gse173098,16997,missing_parent_gene_position_key,Ccdc141|4000.0
mikl_gse173098,16998,missing_parent_gene_position_key,Ccdc141|4000.0
mikl_gse173098,16999,missing_parent_gene_position_key,Ccdc141|4050.0
mikl_gse173098,17152,missing_parent_gene_position_key,Ccnd2|4800.0
mikl_gse173098,17153,missing_parent_gene_position_key,Ccnd2|4800.0
mikl_gse173098,17154,missing_parent_gene_position_key,Ccnd2|4800.0
mikl_gse173098,17155,missing_parent_gene_position_key,Ccnd2|4850.0
mikl_gse173098,17156,missing_parent_gene_position_key,Ccnd2|4850.0
mikl_gse173098,17157,missing_parent_gene_position_key,Ccnd2|4850.0
mikl_gse173098,17158,missing_parent_gene_position_key,Ccnd2|4900.0
mikl_gse173098,17159,missing_parent_gene_position_key,Ccnd2|4900.0
mikl_gse173098,17160,missing_parent_gene_position_key,Ccnd2|4900.0
mikl_gse173098,17188,missing_parent_gene_position_key,Ccni|600.0
mikl_gse173098,17221,missing_parent_gene_position_key,Cd84|2400.0
mikl_gse173098,17222,missing_parent_gene_position_key,Cd84|2400.0
mikl_gse173098,17223,missing_parent_gene_position_key,Cd84|2450.0
mikl_gse173098,17243,no_semantic_parent,valid_unique_parent_sequences=0
mikl_gse173098,17271,no_semantic_parent,valid_unique_parent_sequences=0
mikl_gse173098,17272,no_semantic_parent,valid_unique_parent_sequences=0
mikl_gse173098,17273,no_semantic_parent,valid_unique_parent_sequences=0
mikl_gse173098,17274,no_semantic_parent,valid_unique_parent_sequences=0
mikl_gse173098,17292,missing_parent_gene_position_key,Chrdl1|800.0
mikl_gse173098,17293,missing_parent_gene_position_key,Chrdl1|800.0
mikl_gse173098,17294,no_semantic_parent,valid_unique_parent_sequences=0
mikl_gse173098,17295,no_semantic_parent,valid_unique_parent_sequences=0
mikl_gse173098,17296,no_semantic_parent,valid_unique_parent_sequences=0
mikl_gse173098,17297,no_semantic_parent,valid_unique_parent_sequences=0
mikl_gse173098,17305,no_semantic_parent,valid_unique_parent_sequences=0
mikl_gse173098,17446,no_semantic_parent,valid_unique_parent_sequences=0
mikl_gse173098,17447,no_semantic_parent,valid_unique_parent_sequences=0
mikl_gse173098,17463,no_semantic_parent,valid_unique_parent_sequences=0
mikl_gse173098,17464,no_semantic_parent,valid_unique_parent_sequences=0
mikl_gse173098,17465,no_semantic_parent,valid_unique_parent_sequences=0
mikl_gse173098,17521,missing_parent_gene_position_key,Colec12|2300.0
mikl_gse173098,17522,missing_parent_gene_position_key,Colec12|2350.0
mikl_gse173098,17555,missing_parent_gene_position_key,Colec12|4450.0
mikl_gse173098,17556,missing_parent_gene_position_key,Colec12|4450.0
mikl_gse173098,17557,missing_parent_gene_position_key,Colec12|4450.0
mikl_gse173098,17558,missing_parent_gene_position_key,Colec12|4450.0
mikl_gse173098,17559,missing_parent_gene_position_key,Colec12|4450.0
mikl_gse173098,17560,missing_parent_gene_position_key,Colec12|4450.0
mikl_gse173098,17561,missing_parent_gene_position_key,Colec12|4500.0
mikl_gse173098,17562,missing_parent_gene_position_key,Colec12|4500.0
mikl_gse173098,17563,missing_parent_gene_position_key,Colec12|4500.0
mikl_gse173098,17564,missing_parent_gene_position_key,Colec12|4550.0
mikl_gse173098,17565,missing_parent_gene_position_key,Colec12|4550.0
mikl_gse173098,17566,missing_parent_gene_position_key,Colec12|4600.0
mikl_gse173098,17567,missing_parent_gene_position_key,Colec12|4650.0
mikl_gse173098,17569,missing_parent_gene_position_key,Colec12|4850.0
mikl_gse173098,17577,missing_parent_gene_position_key,Colec12|5400.0
mikl_gse173098,17580,no_semantic_parent,valid_unique_parent_sequences=0
mikl_gse173098,17584,missing_parent_gene_position_key,Cox6c|0.0
mikl_gse173098,17585,missing_parent_gene_position_key,Cox6c|50.0
mikl_gse173098,17588,missing_parent_gene_position_key,Cox7a2|0.0
mikl_gse173098,17612,missing_parent_gene_position_key,Ctdspl2|1650.0
mikl_gse173098,17613,missing_parent_gene_position_key,Ctdspl2|1700.0
mikl_gse173098,17614,missing_parent_gene_position_key,Ctdspl2|1750.0
mikl_gse173098,17617,missing_parent_gene_position_key,Ctdspl2|2100.0
mikl_gse173098,17618,missing_parent_gene_position_key,Ctdspl2|2150.0
mikl_gse173098,17713,missing_parent_gene_position_key,Dcdc2a|3100.0
mikl_gse173098,17714,missing_parent_gene_position_key,Dcdc2a|3100.0
mikl_gse173098,17715,missing_parent_gene_position_key,Dcdc2a|3150.0
mikl_gse173098,17716,missing_parent_gene_position_key,Dcdc2a|3150.0
mikl_gse173098,17717,missing_parent_gene_position_key,Dcdc2a|3200.0
mikl_gse173098,17718,missing_parent_gene_position_key,Dcdc2a|3200.0
mikl_gse173098,17719,missing_parent_gene_position_key,Dcdc2a|3200.0
mikl_gse173098,17743,missing_parent_gene_position_key,Dcdc2a|4350.0
mikl_gse173098,17744,missing_parent_gene_position_key,Dcdc2a|4350.0
mikl_gse173098,17745,missing_parent_gene_position_key,Dcdc2a|4400.0
mikl_gse173098,17746,missing_parent_gene_position_key,Dcdc2a|4400.0
mikl_gse173098,17747,missing_parent_gene_position_key,Dcdc2a|4450.0
mikl_gse173098,17748,missing_parent_gene_position_key,Dcdc2a|4450.0
mikl_gse173098,17767,missing_parent_gene_position_key,Dock8|100.0
mikl_gse173098,17768,missing_parent_gene_position_key,Dock8|100.0
mikl_gse173098,17769,missing_parent_gene_position_key,Dock8|150.0
mikl_gse173098,17780,missing_parent_gene_position_key,Dock8|750.0
mikl_gse173098,17781,missing_parent_gene_position_key,Dock8|800.0
mikl_gse173098,17782,missing_parent_gene_position_key,Dock8|850.0
mikl_gse173098,17785,missing_parent_gene_position_key,Dock8|950.0
mikl_gse173098,17786,missing_parent_gene_position_key,Dock8|950.0
mikl_gse173098,17787,missing_parent_gene_position_key,Dock8|1000.0
mikl_gse173098,17812,missing_parent_gene_position_key,Dtx3l|1300.0
mikl_gse173098,17842,missing_parent_gene_position_key,Dusp18|1400.0
mikl_gse173098,17843,missing_parent_gene_position_key,Dusp18|1400.0
mikl_gse173098,17844,missing_parent_gene_position_key,Dusp18|1450.0
mikl_gse173098,17845,missing_parent_gene_position_key,Dusp18|1450.0
mikl_gse173098,17846,missing_parent_gene_position_key,Dusp18|1500.0
mikl_gse173098,17848,missing_parent_gene_position_key,Dusp18|1650.0
mikl_gse173098,17849,missing_parent_gene_position_key,Dusp18|1650.0
mikl_gse173098,17850,missing_parent_gene_position_key,Dusp18|1650.0
mikl_gse173098,17851,missing_parent_gene_position_key,Dusp18|1700.0
mikl_gse173098,17852,missing_parent_gene_position_key,Dusp18|1700.0
mikl_gse173098,17853,missing_parent_gene_position_key,Dusp18|1700.0
mikl_gse173098,17854,missing_parent_gene_position_key,Dusp18|1750.0
mikl_gse173098,17882,missing_parent_gene_position_key,Dusp18|3100.0
mikl_gse173098,17883,missing_parent_gene_position_key,Dusp18|3150.0
mikl_gse173098,17884,missing_parent_gene_position_key,Dusp18|3200.0
mikl_gse173098,17885,missing_parent_gene_position_key,Dusp18|3250.0
mikl_gse173098,17894,missing_parent_gene_position_key,Ebf1|350.0
mikl_gse173098,17895,missing_parent_gene_position_key,Ebf1|350.0
mikl_gse173098,17896,missing_parent_gene_position_key,Ebf1|350.0
mikl_gse173098,17897,missing_parent_gene_position_key,Ebf1|350.0
mikl_gse173098,17898,missing_parent_gene_position_key,Ebf1|400.0
mikl_gse173098,17899,missing_parent_gene_position_key,Ebf1|400.0
mikl_gse173098,17900,missing_parent_gene_position_key,Ebf1|400.0
mikl_gse173098,17901,missing_parent_gene_position_key,Ebf1|400.0
mikl_gse173098,17902,missing_parent_gene_position_key,Ebf1|450.0
mikl_gse173098,17903,missing_parent_gene_position_key,Ebf1|450.0
mikl_gse173098,17904,missing_parent_gene_position_key,Ebf1|450.0
mikl_gse173098,17905,missing_parent_gene_position_key,Ebf1|450.0
mikl_gse173098,17915,missing_parent_gene_position_key,Ebf1|1000.0
mikl_gse173098,17916,missing_parent_gene_position_key,Ebf1|1050.0
mikl_gse173098,17919,missing_parent_gene_position_key,Ebf1|1400.0
mikl_gse173098,17920,missing_parent_gene_position_key,Ebf1|1400.0
mikl_gse173098,17921,missing_parent_gene_position_key,Ebf1|1450.0
mikl_gse173098,17922,missing_parent_gene_position_key,Ebf1|1450.0
mikl_gse173098,17923,missing_parent_gene_position_key,Ebf1|1500.0
mikl_gse173098,17951,missing_parent_gene_position_key,Ebf1|2450.0
mikl_gse173098,17952,missing_parent_gene_position_key,Ebf1|2450.0
mikl_gse173098,17953,missing_parent_gene_position_key,Ebf1|2450.0
mikl_gse173098,17954,missing_parent_gene_position_key,Ebf1|2450.0
mikl_gse173098,17955,missing_parent_gene_position_key,Ebf1|2450.0
mikl_gse173098,17956,missing_parent_gene_position_key,Ebf1|2450.0
mikl_gse173098,17957,missing_parent_gene_position_key,Ebf1|2450.0
mikl_gse173098,17958,missing_parent_gene_position_key,Ebf1|2450.0
mikl_gse173098,17959,missing_parent_gene_position_key,Ebf1|2500.0
mikl_gse173098,17960,missing_parent_gene_position_key,Ebf1|2500.0
mikl_gse173098,17961,missing_parent_gene_position_key,Ebf1|2550.0
mikl_gse173098,17962,missing_parent_gene_position_key,Ebf1|2550.0
mikl_gse173098,17963,missing_parent_gene_position_key,Ebf1|2550.0
mikl_gse173098,17975,no_semantic_parent,valid_unique_parent_sequences=0
mikl_gse173098,17976,no_semantic_parent,valid_unique_parent_sequences=0
mikl_gse173098,17977,no_semantic_parent,valid_unique_parent_sequences=0
mikl_gse173098,17978,no_semantic_parent,valid_unique_parent_sequences=0
mikl_gse173098,17995,missing_parent_gene_position_key,Egf|1650.0
mikl_gse173098,17996,missing_parent_gene_position_key,Egf|1700.0
mikl_gse173098,18008,missing_parent_gene_position_key,Egf|2300.0
mikl_gse173098,18082,missing_parent_gene_position_key,Esr1|2200.0
mikl_gse173098,18083,missing_parent_gene_position_key,Esr1|2200.0
mikl_gse173098,18084,missing_parent_gene_position_key,Esr1|2200.0
mikl_gse173098,18085,missing_parent_gene_position_key,Esr1|2250.0
mikl_gse173098,18086,missing_parent_gene_position_key,Esr1|2250.0
mikl_gse173098,18087,missing_parent_gene_position_key,Esr1|2250.0
mikl_gse173098,18088,missing_parent_gene_position_key,Esr1|2300.0
mikl_gse173098,18089,missing_parent_gene_position_key,Esr1|2300.0
mikl_gse173098,18093,missing_parent_gene_position_key,Esr1|2800.0
mikl_gse173098,18100,no_semantic_parent,valid_unique_parent_sequences=0
mikl_gse173098,18101,no_semantic_parent,valid_unique_parent_sequences=0
mikl_gse173098,18146,missing_parent_gene_position_key,Exo1|2150.0
mikl_gse173098,18147,missing_parent_gene_position_key,Exo1|2200.0
mikl_gse173098,18160,missing_parent_gene_position_key,Exo1|2700.0
mikl_gse173098,18161,missing_parent_gene_position_key,Exo1|2700.0
mikl_gse173098,18162,missing_parent_gene_position_key,Exo1|2700.0
mikl_gse173098,18163,missing_parent_gene_position_key,Exo1|2750.0
mikl_gse173098,18164,missing_parent_gene_position_key,Exo1|2750.0
mikl_gse173098,18165,missing_parent_gene_position_key,Exo1|2750.0
mikl_gse173098,18167,missing_parent_gene_position_key,Exo1|2950.0
mikl_gse173098,18168,missing_parent_gene_position_key,Exo1|3000.0
mikl_gse173098,18171,missing_parent_gene_position_key,Exo1|3450.0
mikl_gse173098,18172,missing_parent_gene_position_key,Exo1|3500.0
mikl_gse173098,18173,missing_parent_gene_position_key,Exo1|3550.0
mikl_gse173098,18189,missing_parent_gene_position_key,Exo1|4350.0
mikl_gse173098,18239,no_semantic_parent,valid_unique_parent_sequences=0
mikl_gse173098,18240,no_semantic_parent,valid_unique_parent_sequences=0
mikl_gse173098,18241,no_semantic_parent,valid_unique_parent_sequences=0
mikl_gse173098,18242,no_semantic_parent,valid_unique_parent_sequences=0
mikl_gse173098,18244,no_semantic_parent,valid_unique_parent_sequences=0
mikl_gse173098,18245,no_semantic_parent,valid_unique_parent_sequences=0
mikl_gse173098,18246,no_semantic_parent,valid_unique_parent_sequences=0
mikl_gse173098,18247,no_semantic_parent,valid_unique_parent_sequences=0
mikl_gse173098,18249,no_semantic_parent,valid_unique_parent_sequences=0
mikl_gse173098,18250,no_semantic_parent,valid_unique_parent_sequences=0
mikl_gse173098,18251,no_semantic_parent,valid_unique_parent_sequences=0
mikl_gse173098,18280,missing_parent_gene_position_key,Ftl1|150.0
mikl_gse173098,18281,missing_parent_gene_position_key,Ftl1|200.0
mikl_gse173098,18282,missing_parent_gene_position_key,Ftl1|250.0
mikl_gse173098,18284,no_semantic_parent,valid_unique_parent_sequences=0
mikl_gse173098,18285,no_semantic_parent,valid_unique_parent_sequences=0
mikl_gse173098,18295,no_semantic_parent,valid_unique_parent_sequences=0
mikl_gse173098,18296,no_semantic_parent,valid_unique_parent_sequences=0
mikl_gse173098,18297,no_semantic_parent,valid_unique_parent_sequences=0
mikl_gse173098,18298,no_semantic_parent,valid_unique_parent_sequences=0
mikl_gse173098,18299,no_semantic_parent,valid_unique_parent_sequences=0
mikl_gse173098,18300,no_semantic_parent,valid_unique_parent_sequences=0
mikl_gse173098,18301,no_semantic_parent,valid_unique_parent_sequences=0
mikl_gse173098,18302,no_semantic_parent,valid_unique_parent_sequences=0
mikl_gse173098,18303,no_semantic_parent,valid_unique_parent_sequences=0
mikl_gse173098,18320,missing_parent_gene_position_key,Gbp7|350.0
mikl_gse173098,18321,missing_parent_gene_position_key,Gbp7|400.0
mikl_gse173098,18322,missing_parent_gene_position_key,Gbp7|450.0
mikl_gse173098,18355,missing_parent_gene_position_key,Gbp7|1450.0
mikl_gse173098,18356,missing_parent_gene_position_key,Gbp7|1500.0
mikl_gse173098,18357,missing_parent_gene_position_key,Gbp7|1500.0
mikl_gse173098,18358,missing_parent_gene_position_key,Gbp7|1500.0
mikl_gse173098,18371,missing_parent_gene_position_key,Gbp7|2950.0
mikl_gse173098,18372,missing_parent_gene_position_key,Gbp7|3000.0
mikl_gse173098,18373,missing_parent_gene_position_key,Gbp7|3250.0
mikl_gse173098,18374,missing_parent_gene_position_key,Gbp7|3300.0
mikl_gse173098,18375,missing_parent_gene_position_key,Gbp7|3350.0
mikl_gse173098,18402,missing_parent_gene_position_key,Gpc6|200.0
mikl_gse173098,18403,missing_parent_gene_position_key,Gpc6|200.0
mikl_gse173098,18404,missing_parent_gene_position_key,Gpc6|250.0
mikl_gse173098,18425,missing_parent_gene_position_key,Gpr35|1950.0
mikl_gse173098,18426,missing_parent_gene_position_key,Gpr35|2000.0
mikl_gse173098,18427,missing_parent_gene_position_key,Gpr35|2050.0
mikl_gse173098,18428,missing_parent_gene_position_key,Gpr35|2150.0
mikl_gse173098,18429,missing_parent_gene_position_key,Gpr35|2200.0
mikl_gse173098,18430,missing_parent_gene_position_key,Gpr35|2250.0
mikl_gse173098,18431,missing_parent_gene_position_key,Gpr35|2250.0
mikl_gse173098,18432,missing_parent_gene_position_key,Gpr35|2250.0
mikl_gse173098,18437,missing_parent_gene_position_key,Gpr35|2650.0
mikl_gse173098,18438,missing_parent_gene_position_key,Gpr35|2700.0
mikl_gse173098,18585,no_semantic_parent,valid_unique_parent_sequences=0
mikl_gse173098,18588,missing_parent_gene_position_key,Itga1|250.0
mikl_gse173098,18589,missing_parent_gene_position_key,Itga1|300.0
mikl_gse173098,18590,missing_parent_gene_position_key,Itga1|350.0
mikl_gse173098,18593,missing_parent_gene_position_key,Itga1|850.0
mikl_gse173098,18594,missing_parent_gene_position_key,Itga1|900.0
mikl_gse173098,18613,missing_parent_gene_position_key,Itga1|3600.0
mikl_gse173098,18614,missing_parent_gene_position_key,Itga1|3650.0
mikl_gse173098,18615,missing_parent_gene_position_key,Itga1|3650.0
mikl_gse173098,18616,missing_parent_gene_position_key,Itga1|3700.0
mikl_gse173098,18617,missing_parent_gene_position_key,Itga1|3700.0
mikl_gse173098,18630,missing_parent_gene_position_key,Itga1|4800.0
mikl_gse173098,18631,missing_parent_gene_position_key,Itga1|4800.0
mikl_gse173098,18632,missing_parent_gene_position_key,Itga1|4850.0
mikl_gse173098,18633,missing_parent_gene_position_key,Itga1|4850.0
mikl_gse173098,18634,missing_parent_gene_position_key,Itga1|4900.0
mikl_gse173098,18666,missing_parent_gene_position_key,Itga1|6800.0
mikl_gse173098,18667,missing_parent_gene_position_key,Itga1|6800.0
mikl_gse173098,18686,missing_parent_gene_position_key,Itga4|2000.0
mikl_gse173098,18698,missing_parent_gene_position_key,Itga4|4250.0
mikl_gse173098,18727,missing_parent_gene_position_key,Itpr2|350.0
mikl_gse173098,18728,missing_parent_gene_position_key,Itpr2|350.0
mikl_gse173098,18729,no_semantic_parent,valid_unique_parent_sequences=0
mikl_gse173098,18730,no_semantic_parent,valid_unique_parent_sequences=0
mikl_gse173098,18731,no_semantic_parent,valid_unique_parent_sequences=0
mikl_gse173098,18732,no_semantic_parent,valid_unique_parent_sequences=0
mikl_gse173098,18733,no_semantic_parent,valid_unique_parent_sequences=0
mikl_gse173098,18734,no_semantic_parent,valid_unique_parent_sequences=0
mikl_gse173098,18739,no_semantic_parent,valid_unique_parent_sequences=0
mikl_gse173098,18740,no_semantic_parent,valid_unique_parent_sequences=0
mikl_gse173098,18741,no_semantic_parent,valid_unique_parent_sequences=0
mikl_gse173098,18742,no_semantic_parent,valid_unique_parent_sequences=0
mikl_gse173098,18743,no_semantic_parent,valid_unique_parent_sequences=0
mikl_gse173098,18746,no_semantic_parent,valid_unique_parent_sequences=0
mikl_gse173098,18747,no_semantic_parent,valid_unique_parent_sequences=0
mikl_gse173098,18748,missing_parent_gene_position_key,Itpr2|2100.0
mikl_gse173098,18749,missing_parent_gene_position_key,Itpr2|2100.0
mikl_gse173098,18767,missing_parent_gene_position_key,Itpr2|350.0
mikl_gse173098,18768,missing_parent_gene_position_key,Itpr2|350.0
mikl_gse173098,18813,missing_parent_gene_position_key,Kcng3|1250.0
mikl_gse173098,18814,missing_parent_gene_position_key,Kcng3|1300.0
mikl_gse173098,18818,missing_parent_gene_position_key,Kcng3|1450.0
mikl_gse173098,18825,missing_parent_gene_position_key,Kcnq5|900.0
mikl_gse173098,18826,missing_parent_gene_position_key,Kcnq5|950.0
mikl_gse173098,18827,missing_parent_gene_position_key,Kcnq5|950.0
mikl_gse173098,18828,missing_parent_gene_position_key,Kcnq5|950.0
mikl_gse173098,18829,missing_parent_gene_position_key,Kcnq5|1000.0
mikl_gse173098,18830,missing_parent_gene_position_key,Kcnq5|1000.0
mikl_gse173098,18831,no_semantic_parent,valid_unique_parent_sequences=0
mikl_gse173098,18832,no_semantic_parent,valid_unique_parent_sequences=0
mikl_gse173098,18833,no_semantic_parent,valid_unique_parent_sequences=0
mikl_gse173098,18834,no_semantic_parent,valid_unique_parent_sequences=0
mikl_gse173098,18835,no_semantic_parent,valid_unique_parent_sequences=0
mikl_gse173098,18864,missing_parent_gene_position_key,Kcnq5|3550.0
mikl_gse173098,18867,no_semantic_parent,valid_unique_parent_sequences=0
mikl_gse173098,18868,no_semantic_parent,valid_unique_parent_sequences=0
mikl_gse173098,18869,no_semantic_parent,valid_unique_parent_sequences=0
mikl_gse173098,18870,no_semantic_parent,valid_unique_parent_sequences=0
mikl_gse173098,18871,no_semantic_parent,valid_unique_parent_sequences=0
mikl_gse173098,18882,missing_parent_gene_position_key,Kctd4|1350.0
mikl_gse173098,18883,missing_parent_gene_position_key,Kctd4|1350.0
mikl_gse173098,18884,missing_parent_gene_position_key,Kctd4|1350.0
mikl_gse173098,18885,missing_parent_gene_position_key,Kctd4|1400.0
mikl_gse173098,18886,missing_parent_gene_position_key,Kctd4|1400.0
mikl_gse173098,18887,missing_parent_gene_position_key,Kctd4|1400.0
mikl_gse173098,18888,missing_parent_gene_position_key,Kctd4|1550.0
mikl_gse173098,18889,missing_parent_gene_position_key,Kctd4|1600.0
mikl_gse173098,18890,missing_parent_gene_position_key,Kctd4|1650.0
mikl_gse173098,18891,missing_parent_gene_position_key,Kctd4|1650.0
mikl_gse173098,18892,missing_parent_gene_position_key,Kctd4|1650.0
mikl_gse173098,18893,missing_parent_gene_position_key,Kctd4|1700.0
mikl_gse173098,18894,missing_parent_gene_position_key,Kctd4|1700.0
mikl_gse173098,18895,missing_parent_gene_position_key,Kctd4|1750.0
mikl_gse173098,18896,missing_parent_gene_position_key,Kctd4|1750.0
mikl_gse173098,18897,missing_parent_gene_position_key,Kctd4|1800.0
mikl_gse173098,18899,missing_parent_gene_position_key,Kctd4|1900.0
mikl_gse173098,18905,missing_parent_gene_position_key,Kctd4|2600.0
mikl_gse173098,18935,missing_parent_gene_position_key,Kif1a|1550.0
mikl_gse173098,18936,missing_parent_gene_position_key,Kif1a|1600.0
mikl_gse173098,18960,missing_parent_gene_position_key,Kif5c|250.0
mikl_gse173098,18961,missing_parent_gene_position_key,Kif5c|300.0
mikl_gse173098,18962,missing_parent_gene_position_key,Kif5c|300.0
mikl_gse173098,18963,missing_parent_gene_position_key,Kif5c|350.0
mikl_gse173098,19101,missing_parent_gene_position_key,Lypd1|2700.0
mikl_gse173098,19102,missing_parent_gene_position_key,Lypd1|2750.0
mikl_gse173098,19103,missing_parent_gene_position_key,Lypd1|2800.0
mikl_gse173098,19104,missing_parent_gene_position_key,Lypd1|2850.0
mikl_gse173098,19105,missing_parent_gene_position_key,Lypd1|2900.0
mikl_gse173098,19113,missing_parent_gene_position_key,Lypd1|3500.0
mikl_gse173098,19114,missing_parent_gene_position_key,Lypd1|3500.0
mikl_gse173098,19115,missing_parent_gene_position_key,Lypd1|3550.0
mikl_gse173098,19116,missing_parent_gene_position_key,Lypd1|3550.0
mikl_gse173098,19117,missing_parent_gene_position_key,Lypd1|3600.0
mikl_gse173098,19118,missing_parent_gene_position_key,Lypd1|3600.0
mikl_gse173098,19187,missing_parent_gene_position_key,Malt1|1800.0
mikl_gse173098,19188,missing_parent_gene_position_key,Malt1|1800.0
mikl_gse173098,19189,missing_parent_gene_position_key,Malt1|1850.0
mikl_gse173098,19190,missing_parent_gene_position_key,Malt1|1850.0
mikl_gse173098,19191,missing_parent_gene_position_key,Malt1|1900.0
mikl_gse173098,19192,missing_parent_gene_position_key,Malt1|1900.0
mikl_gse173098,19193,missing_parent_gene_position_key,Malt1|2000.0
mikl_gse173098,19194,missing_parent_gene_position_key,Malt1|2000.0
mikl_gse173098,19195,missing_parent_gene_position_key,Malt1|2050.0
mikl_gse173098,19196,missing_parent_gene_position_key,Malt1|2050.0
mikl_gse173098,19197,missing_parent_gene_position_key,Malt1|2100.0
mikl_gse173098,19198,missing_parent_gene_position_key,Malt1|2100.0
mikl_gse173098,19205,no_semantic_parent,valid_unique_parent_sequences=0
mikl_gse173098,19206,no_semantic_parent,valid_unique_parent_sequences=0
mikl_gse173098,19207,no_semantic_parent,valid_unique_parent_sequences=0
mikl_gse173098,19372,missing_parent_gene_position_key,Mcf2l|1650.0
mikl_gse173098,19373,missing_parent_gene_position_key,Mcf2l|1700.0
mikl_gse173098,19385,missing_parent_gene_position_key,Mcf2l|2200.0
mikl_gse173098,19386,missing_parent_gene_position_key,Mcf2l|2200.0
mikl_gse173098,19387,missing_parent_gene_position_key,Mcf2l|2250.0
mikl_gse173098,19388,missing_parent_gene_position_key,Mcf2l|2300.0
mikl_gse173098,19413,missing_parent_gene_position_key,Meis2|1250.0
mikl_gse173098,19414,missing_parent_gene_position_key,Meis2|1250.0
mikl_gse173098,19415,missing_parent_gene_position_key,Meis2|1300.0
mikl_gse173098,19416,missing_parent_gene_position_key,Mgst3|0.0
mikl_gse173098,19433,missing_parent_gene_position_key,Mre11a|1500.0
mikl_gse173098,19434,missing_parent_gene_position_key,Mre11a|1550.0
mikl_gse173098,19435,missing_parent_gene_position_key,Mre11a|1550.0
mikl_gse173098,19436,missing_parent_gene_position_key,Mre11a|1600.0
mikl_gse173098,19437,missing_parent_gene_position_key,Mre11a|1600.0
mikl_gse173098,19438,missing_parent_gene_position_key,Mre11a|1650.0
mikl_gse173098,19439,missing_parent_gene_position_key,Mre11a|1950.0
mikl_gse173098,19440,missing_parent_gene_position_key,Mre11a|1950.0
mikl_gse173098,19441,missing_parent_gene_position_key,Mre11a|2000.0
mikl_gse173098,19442,missing_parent_gene_position_key,Mre11a|2000.0
mikl_gse173098,19443,missing_parent_gene_position_key,Mre11a|2050.0
mikl_gse173098,19465,missing_parent_gene_position_key,Mre11a|3150.0
mikl_gse173098,19466,missing_parent_gene_position_key,Mre11a|3150.0
mikl_gse173098,19467,missing_parent_gene_position_key,Mre11a|3200.0
mikl_gse173098,19532,missing_parent_gene_position_key,Ndnf|5450.0
mikl_gse173098,19533,missing_parent_gene_position_key,Ndnf|5500.0
mikl_gse173098,19545,missing_parent_gene_position_key,Ndnf|7100.0
mikl_gse173098,19546,missing_parent_gene_position_key,Ndnf|7100.0
mikl_gse173098,19547,missing_parent_gene_position_key,Ndnf|7150.0
mikl_gse173098,19548,missing_parent_gene_position_key,Ndnf|7150.0
mikl_gse173098,19549,missing_parent_gene_position_key,Ndnf|7200.0
mikl_gse173098,19550,missing_parent_gene_position_key,Ndnf|7200.0
mikl_gse173098,19557,no_semantic_parent,valid_unique_parent_sequences=0
mikl_gse173098,19558,no_semantic_parent,valid_unique_parent_sequences=0
mikl_gse173098,19559,no_semantic_parent,valid_unique_parent_sequences=0
mikl_gse173098,19565,no_semantic_parent,valid_unique_parent_sequences=0
mikl_gse173098,19566,no_semantic_parent,valid_unique_parent_sequences=0
mikl_gse173098,19567,no_semantic_parent,valid_unique_parent_sequences=0
mikl_gse173098,19568,no_semantic_parent,valid_unique_parent_sequences=0
mikl_gse173098,19569,no_semantic_parent,valid_unique_parent_sequences=0
mikl_gse173098,19596,missing_parent_gene_position_key,Ndufb8|1100.0
mikl_gse173098,19597,missing_parent_gene_position_key,Ndufb8|1100.0
mikl_gse173098,19598,missing_parent_gene_position_key,Ndufb8|1150.0
mikl_gse173098,19599,missing_parent_gene_position_key,Ndufb8|1150.0
mikl_gse173098,19600,missing_parent_gene_position_key,Ndufb8|1150.0
mikl_gse173098,19601,missing_parent_gene_position_key,Ndufb8|1150.0
mikl_gse173098,19602,missing_parent_gene_position_key,Ndufb8|1200.0
mikl_gse173098,19603,missing_parent_gene_position_key,Ndufb8|1200.0
mikl_gse173098,19604,missing_parent_gene_position_key,Ndufb8|1200.0
mikl_gse173098,19605,missing_parent_gene_position_key,Ndufb8|1200.0
mikl_gse173098,19606,missing_parent_gene_position_key,Ndufb8|1200.0
mikl_gse173098,19607,missing_parent_gene_position_key,Ndufb8|1250.0
mikl_gse173098,19608,missing_parent_gene_position_key,Ndufb8|1250.0
mikl_gse173098,19609,missing_parent_gene_position_key,Ndufb8|1250.0
mikl_gse173098,19610,missing_parent_gene_position_key,Ndufb8|1300.0
mikl_gse173098,19611,missing_parent_gene_position_key,Ndufb8|1300.0
mikl_gse173098,19612,missing_parent_gene_position_key,Ndufb8|1350.0
mikl_gse173098,19621,missing_parent_gene_position_key,Necab1|3000.0
mikl_gse173098,19622,missing_parent_gene_position_key,Necab1|3050.0
mikl_gse173098,19623,missing_parent_gene_position_key,Necab1|3450.0
mikl_gse173098,19708,missing_parent_gene_position_key,Nhsl2|6050.0
mikl_gse173098,19709,missing_parent_gene_position_key,Nhsl2|6100.0
mikl_gse173098,19710,missing_parent_gene_position_key,Nhsl2|6100.0
mikl_gse173098,19717,missing_parent_gene_position_key,Nhsl2|6700.0
mikl_gse173098,19718,missing_parent_gene_position_key,Nhsl2|6700.0
mikl_gse173098,19719,missing_parent_gene_position_key,Nhsl2|6750.0
mikl_gse173098,19720,missing_parent_gene_position_key,Nhsl2|6750.0
mikl_gse173098,19721,missing_parent_gene_position_key,Nhsl2|6750.0
mikl_gse173098,19722,missing_parent_gene_position_key,Nhsl2|6800.0
mikl_gse173098,19784,missing_parent_gene_position_key,Nnat|700.0
mikl_gse173098,19879,missing_parent_gene_position_key,Oaf|500.0
mikl_gse173098,19880,missing_parent_gene_position_key,Oaf|500.0
mikl_gse173098,19881,missing_parent_gene_position_key,Oaf|500.0
mikl_gse173098,19882,missing_parent_gene_position_key,Oaf|550.0
mikl_gse173098,19883,missing_parent_gene_position_key,Oaf|550.0
mikl_gse173098,19884,missing_parent_gene_position_key,Oaf|550.0
mikl_gse173098,19894,missing_parent_gene_position_key,Oaf|900.0
mikl_gse173098,19895,missing_parent_gene_position_key,Oaf|900.0
mikl_gse173098,19896,missing_parent_gene_position_key,Oaf|900.0
mikl_gse173098,19897,missing_parent_gene_position_key,Oaf|900.0
mikl_gse173098,19898,missing_parent_gene_position_key,Oaf|950.0
mikl_gse173098,19899,missing_parent_gene_position_key,Oaf|1000.0
mikl_gse173098,19900,missing_parent_gene_position_key,Oaf|1000.0
mikl_gse173098,19935,missing_parent_gene_position_key,Oprd1|700.0
mikl_gse173098,19944,missing_parent_gene_position_key,Oprd1|1100.0
mikl_gse173098,19945,missing_parent_gene_position_key,Oprd1|1150.0
mikl_gse173098,19946,missing_parent_gene_position_key,Oprd1|1150.0
mikl_gse173098,19947,missing_parent_gene_position_key,Oprd1|1200.0
mikl_gse173098,19948,missing_parent_gene_position_key,Oprd1|1200.0
mikl_gse173098,19949,missing_parent_gene_position_key,Oprd1|1250.0
mikl_gse173098,19991,missing_parent_gene_position_key,Pate2|400.0
mikl_gse173098,19992,missing_parent_gene_position_key,Pate2|450.0
mikl_gse173098,19993,missing_parent_gene_position_key,Pate2|500.0
mikl_gse173098,20036,no_semantic_parent,valid_unique_parent_sequences=0
mikl_gse173098,20037,no_semantic_parent,valid_unique_parent_sequences=0
mikl_gse173098,20044,no_semantic_parent,valid_unique_parent_sequences=0
mikl_gse173098,20045,no_semantic_parent,valid_unique_parent_sequences=0
mikl_gse173098,20104,no_semantic_parent,valid_unique_parent_sequences=0
mikl_gse173098,20105,no_semantic_parent,valid_unique_parent_sequences=0
mikl_gse173098,20106,no_semantic_parent,valid_unique_parent_sequences=0
mikl_gse173098,20107,no_semantic_parent,valid_unique_parent_sequences=0
mikl_gse173098,20172,no_semantic_parent,valid_unique_parent_sequences=0
mikl_gse173098,20173,no_semantic_parent,valid_unique_parent_sequences=0
mikl_gse173098,20174,no_semantic_parent,valid_unique_parent_sequences=0
mikl_gse173098,20187,no_semantic_parent,valid_unique_parent_sequences=0
mikl_gse173098,20188,no_semantic_parent,valid_unique_parent_sequences=0
mikl_gse173098,20193,no_semantic_parent,valid_unique_parent_sequences=0
mikl_gse173098,20220,missing_parent_gene_position_key,Pde1c|3950.0
mikl_gse173098,20221,missing_parent_gene_position_key,Pde1c|4000.0
mikl_gse173098,20222,no_semantic_parent,valid_unique_parent_sequences=0
mikl_gse173098,20223,no_semantic_parent,valid_unique_parent_sequences=0
mikl_gse173098,20231,no_semantic_parent,valid_unique_parent_sequences=0
mikl_gse173098,20232,no_semantic_parent,valid_unique_parent_sequences=0
mikl_gse173098,20255,no_semantic_parent,valid_unique_parent_sequences=0
mikl_gse173098,20256,no_semantic_parent,valid_unique_parent_sequences=0
mikl_gse173098,20257,no_semantic_parent,valid_unique_parent_sequences=0
mikl_gse173098,20263,no_semantic_parent,valid_unique_parent_sequences=0
mikl_gse173098,20264,no_semantic_parent,valid_unique_parent_sequences=0
mikl_gse173098,20265,no_semantic_parent,valid_unique_parent_sequences=0
mikl_gse173098,20266,no_semantic_parent,valid_unique_parent_sequences=0
mikl_gse173098,20267,no_semantic_parent,valid_unique_parent_sequences=0
mikl_gse173098,20268,no_semantic_parent,valid_unique_parent_sequences=0
mikl_gse173098,20269,no_semantic_parent,valid_unique_parent_sequences=0
mikl_gse173098,20270,no_semantic_parent,valid_unique_parent_sequences=0
mikl_gse173098,20271,no_semantic_parent,valid_unique_parent_sequences=0
mikl_gse173098,20272,no_semantic_parent,valid_unique_parent_sequences=0
mikl_gse173098,20273,no_semantic_parent,valid_unique_parent_sequences=0
mikl_gse173098,20274,no_semantic_parent,valid_unique_parent_sequences=0
mikl_gse173098,20275,no_semantic_parent,valid_unique_parent_sequences=0
mikl_gse173098,20279,no_semantic_parent,valid_unique_parent_sequences=0
mikl_gse173098,20280,no_semantic_parent,valid_unique_parent_sequences=0
mikl_gse173098,20281,no_semantic_parent,valid_unique_parent_sequences=0
mikl_gse173098,20282,no_semantic_parent,valid_unique_parent_sequences=0
mikl_gse173098,20283,missing_parent_gene_position_key,Pde1c|3750.0
mikl_gse173098,20284,missing_parent_gene_position_key,Pde1c|3750.0
mikl_gse173098,20287,missing_parent_gene_position_key,Pde1c|3950.0
mikl_gse173098,20317,missing_parent_gene_position_key,Pde1c|6200.0
mikl_gse173098,20369,missing_parent_gene_position_key,Pdgfrl|0.0
mikl_gse173098,20370,missing_parent_gene_position_key,Pdgfrl|0.0
mikl_gse173098,20371,missing_parent_gene_position_key,Pdgfrl|50.0
mikl_gse173098,20384,missing_parent_gene_position_key,Plin3|450.0
mikl_gse173098,20385,missing_parent_gene_position_key,Plin3|500.0
mikl_gse173098,20386,missing_parent_gene_position_key,Plin3|700.0
mikl_gse173098,20391,missing_parent_gene_position_key,Plin3|1200.0
mikl_gse173098,20422,no_semantic_parent,valid_unique_parent_sequences=0
mikl_gse173098,20434,no_semantic_parent,valid_unique_parent_sequences=0
mikl_gse173098,20435,missing_parent_gene_position_key,Prlr|2250.0
mikl_gse173098,20436,missing_parent_gene_position_key,Prlr|2300.0
mikl_gse173098,20437,no_semantic_parent,valid_unique_parent_sequences=0
mikl_gse173098,20438,missing_parent_gene_position_key,Prlr|2500.0
mikl_gse173098,20439,missing_parent_gene_position_key,Prlr|2500.0
mikl_gse173098,20440,missing_parent_gene_position_key,Prlr|2550.0
mikl_gse173098,20441,missing_parent_gene_position_key,Prlr|2550.0
mikl_gse173098,20442,missing_parent_gene_position_key,Prlr|2600.0
mikl_gse173098,20443,missing_parent_gene_position_key,Prlr|3700.0
mikl_gse173098,20444,missing_parent_gene_position_key,Prlr|3750.0
mikl_gse173098,20464,missing_parent_gene_position_key,Prlr|5450.0
mikl_gse173098,20465,missing_parent_gene_position_key,Prlr|5450.0
mikl_gse173098,20466,missing_parent_gene_position_key,Prlr|5450.0
mikl_gse173098,20467,missing_parent_gene_position_key,Prlr|5450.0
mikl_gse173098,20468,missing_parent_gene_position_key,Prlr|5500.0
mikl_gse173098,20469,missing_parent_gene_position_key,Prlr|5500.0
mikl_gse173098,20470,missing_parent_gene_position_key,Prlr|5500.0
mikl_gse173098,20471,missing_parent_gene_position_key,Prlr|5500.0
mikl_gse173098,20472,missing_parent_gene_position_key,Prlr|5550.0
mikl_gse173098,20473,missing_parent_gene_position_key,Prlr|5550.0
mikl_gse173098,20474,missing_parent_gene_position_key,Prlr|5550.0
mikl_gse173098,20475,missing_parent_gene_position_key,Prlr|5550.0
mikl_gse173098,20478,missing_parent_gene_position_key,Prlr|6450.0
mikl_gse173098,20496,no_semantic_parent,valid_unique_parent_sequences=0
mikl_gse173098,20497,no_semantic_parent,valid_unique_parent_sequences=0
mikl_gse173098,20498,no_semantic_parent,valid_unique_parent_sequences=0
mikl_gse173098,20500,no_semantic_parent,valid_unique_parent_sequences=0
mikl_gse173098,20501,no_semantic_parent,valid_unique_parent_sequences=0
mikl_gse173098,20517,no_semantic_parent,valid_unique_parent_sequences=0
mikl_gse173098,20518,no_semantic_parent,valid_unique_parent_sequences=0
mikl_gse173098,20519,no_semantic_parent,valid_unique_parent_sequences=0
mikl_gse173098,20520,no_semantic_parent,valid_unique_parent_sequences=0
mikl_gse173098,20521,no_semantic_parent,valid_unique_parent_sequences=0
mikl_gse173098,20522,no_semantic_parent,valid_unique_parent_sequences=0
mikl_gse173098,20523,no_semantic_parent,valid_unique_parent_sequences=0
mikl_gse173098,20524,missing_parent_gene_position_key,Prrg1|400.0
mikl_gse173098,20526,missing_parent_gene_position_key,Prrg1|500.0
mikl_gse173098,20528,no_semantic_parent,valid_unique_parent_sequences=0
mikl_gse173098,20529,no_semantic_parent,valid_unique_parent_sequences=0
mikl_gse173098,20530,no_semantic_parent,valid_unique_parent_sequences=0
mikl_gse173098,20531,no_semantic_parent,valid_unique_parent_sequences=0
mikl_gse173098,20532,no_semantic_parent,valid_unique_parent_sequences=0
mikl_gse173098,20533,no_semantic_parent,valid_unique_parent_sequences=0
mikl_gse173098,20534,no_semantic_parent,valid_unique_parent_sequences=0
mikl_gse173098,20536,missing_parent_gene_position_key,Prrx1|350.0
mikl_gse173098,20537,missing_parent_gene_position_key,Prrx1|400.0
mikl_gse173098,20538,no_semantic_parent,valid_unique_parent_sequences=0
mikl_gse173098,20539,no_semantic_parent,valid_unique_parent_sequences=0
mikl_gse173098,20540,no_semantic_parent,valid_unique_parent_sequences=0
mikl_gse173098,20541,no_semantic_parent,valid_unique_parent_sequences=0
mikl_gse173098,20542,no_semantic_parent,valid_unique_parent_sequences=0
mikl_gse173098,20543,no_semantic_parent,valid_unique_parent_sequences=0
mikl_gse173098,20548,no_semantic_parent,valid_unique_parent_sequences=0
mikl_gse173098,20557,missing_parent_gene_position_key,Prrx1|2350.0
mikl_gse173098,20564,no_semantic_parent,valid_unique_parent_sequences=0
mikl_gse173098,20565,missing_parent_gene_position_key,Prrx1|350.0
mikl_gse173098,20566,missing_parent_gene_position_key,Prrx1|350.0
mikl_gse173098,20567,missing_parent_gene_position_key,Prrx1|350.0
mikl_gse173098,20568,missing_parent_gene_position_key,Prrx1|400.0
mikl_gse173098,20569,missing_parent_gene_position_key,Prrx1|400.0
mikl_gse173098,20591,no_semantic_parent,valid_unique_parent_sequences=0
mikl_gse173098,20592,no_semantic_parent,valid_unique_parent_sequences=0
mikl_gse173098,20593,no_semantic_parent,valid_unique_parent_sequences=0
mikl_gse173098,20676,missing_parent_gene_position_key,Ptpn14|6000.0
mikl_gse173098,20677,missing_parent_gene_position_key,Ptpn14|6050.0
mikl_gse173098,20680,missing_parent_gene_position_key,Ptpn14|6200.0
mikl_gse173098,20681,missing_parent_gene_position_key,Ptpn14|6200.0
mikl_gse173098,20682,missing_parent_gene_position_key,Ptpn14|6250.0
mikl_gse173098,20683,missing_parent_gene_position_key,Ptpn14|6250.0
mikl_gse173098,20690,missing_parent_gene_position_key,Ptprb|550.0
mikl_gse173098,20704,missing_parent_gene_position_key,Ptprb|1200.0
mikl_gse173098,20739,missing_parent_gene_position_key,Ptprb|2750.0
mikl_gse173098,20749,missing_parent_gene_position_key,Ptprb|3150.0
mikl_gse173098,20750,missing_parent_gene_position_key,Ptprb|3200.0
mikl_gse173098,20751,missing_parent_gene_position_key,Ptprb|3200.0
mikl_gse173098,20752,missing_parent_gene_position_key,Ptprb|3200.0
mikl_gse173098,20753,missing_parent_gene_position_key,Ptprb|3250.0
mikl_gse173098,20754,missing_parent_gene_position_key,Ptprb|3250.0
mikl_gse173098,20755,missing_parent_gene_position_key,Ptprb|3300.0
mikl_gse173098,20756,missing_parent_gene_position_key,Ptprb|3300.0
mikl_gse173098,20757,missing_parent_gene_position_key,Ptprb|3450.0
mikl_gse173098,20758,missing_parent_gene_position_key,Ptprb|3450.0
mikl_gse173098,20759,missing_parent_gene_position_key,Ptprb|3500.0
mikl_gse173098,20760,missing_parent_gene_position_key,Ptprb|3500.0
mikl_gse173098,20767,missing_parent_gene_position_key,Ptprb|3950.0
mikl_gse173098,20768,missing_parent_gene_position_key,Ptprb|4000.0
mikl_gse173098,20769,missing_parent_gene_position_key,Ptprb|4000.0
mikl_gse173098,20770,missing_parent_gene_position_key,Ptprb|4050.0
mikl_gse173098,20775,missing_parent_gene_position_key,Pvalb|150.0
mikl_gse173098,21032,no_semantic_parent,valid_unique_parent_sequences=0
mikl_gse173098,21033,no_semantic_parent,valid_unique_parent_sequences=0
mikl_gse173098,21038,missing_parent_gene_position_key,Rmi2|850.0
mikl_gse173098,21051,missing_parent_gene_position_key,Rmi2|1650.0
mikl_gse173098,21052,missing_parent_gene_position_key,Rmi2|1650.0
mikl_gse173098,21053,missing_parent_gene_position_key,Rmi2|1700.0
mikl_gse173098,21054,missing_parent_gene_position_key,Rmi2|1750.0
mikl_gse173098,21055,missing_parent_gene_position_key,Rmi2|1800.0
mikl_gse173098,21056,missing_parent_gene_position_key,Rmi2|1800.0
mikl_gse173098,21057,missing_parent_gene_position_key,Rmi2|1850.0
mikl_gse173098,21058,missing_parent_gene_position_key,Rmi2|1850.0
mikl_gse173098,21059,missing_parent_gene_position_key,Rmi2|1850.0
mikl_gse173098,21060,missing_parent_gene_position_key,Rmi2|1900.0
mikl_gse173098,21061,missing_parent_gene_position_key,Rmi2|1900.0
mikl_gse173098,21062,missing_parent_gene_position_key,Rmi2|1900.0
mikl_gse173098,21063,missing_parent_gene_position_key,Rmi2|1950.0
mikl_gse173098,21064,missing_parent_gene_position_key,Rmi2|1950.0
mikl_gse173098,21065,missing_parent_gene_position_key,Rmi2|1950.0
mikl_gse173098,21066,missing_parent_gene_position_key,Rmi2|2000.0
mikl_gse173098,21067,missing_parent_gene_position_key,Rmi2|2000.0
mikl_gse173098,21068,missing_parent_gene_position_key,Rmi2|2000.0
mikl_gse173098,21069,missing_parent_gene_position_key,Rmi2|2050.0
mikl_gse173098,21070,missing_parent_gene_position_key,Rmi2|2050.0
mikl_gse173098,21072,missing_parent_gene_position_key,Rmi2|2150.0
mikl_gse173098,21073,missing_parent_gene_position_key,Rmi2|2200.0
mikl_gse173098,21074,missing_parent_gene_position_key,Rmi2|2200.0
mikl_gse173098,21075,missing_parent_gene_position_key,Rmi2|2250.0
mikl_gse173098,21076,missing_parent_gene_position_key,Rmi2|2250.0
mikl_gse173098,21139,missing_parent_gene_position_key,Rorb|4600.0
mikl_gse173098,21142,missing_parent_gene_position_key,Rorb|5300.0
mikl_gse173098,21145,missing_parent_gene_position_key,Rorb|5500.0
mikl_gse173098,21146,missing_parent_gene_position_key,Rorb|5550.0
mikl_gse173098,21151,missing_parent_gene_position_key,Rorb|6150.0
mikl_gse173098,21152,missing_parent_gene_position_key,Rorb|6150.0
mikl_gse173098,21153,missing_parent_gene_position_key,Rorb|6200.0
mikl_gse173098,21154,missing_parent_gene_position_key,Rorb|6200.0
mikl_gse173098,21157,no_semantic_parent,valid_unique_parent_sequences=0
mikl_gse173098,21159,no_semantic_parent,valid_unique_parent_sequences=0
mikl_gse173098,21161,no_semantic_parent,valid_unique_parent_sequences=0
mikl_gse173098,21162,no_semantic_parent,valid_unique_parent_sequences=0
mikl_gse173098,21163,no_semantic_parent,valid_unique_parent_sequences=0
mikl_gse173098,21164,missing_parent_gene_position_key,Rpl13a|150.0
mikl_gse173098,21168,missing_parent_gene_position_key,Rpl13a|150.0
mikl_gse173098,21210,missing_parent_gene_position_key,Rpl36a|0.0
mikl_gse173098,21221,missing_parent_gene_position_key,Rpl37a|50.0
mikl_gse173098,21246,missing_parent_gene_position_key,Rps20|1850.0
mikl_gse173098,21247,missing_parent_gene_position_key,Rps20|1850.0
mikl_gse173098,21248,missing_parent_gene_position_key,Rps20|1900.0
mikl_gse173098,21249,missing_parent_gene_position_key,Rps20|1900.0
mikl_gse173098,21250,missing_parent_gene_position_key,Rps20|1950.0
mikl_gse173098,21251,missing_parent_gene_position_key,Rps20|1950.0
mikl_gse173098,21256,missing_parent_gene_position_key,Rps24|50.0
mikl_gse173098,21314,missing_parent_gene_position_key,Serpine2|650.0
mikl_gse173098,21350,no_semantic_parent,valid_unique_parent_sequences=0
mikl_gse173098,21351,no_semantic_parent,valid_unique_parent_sequences=0
mikl_gse173098,21402,no_semantic_parent,valid_unique_parent_sequences=0
mikl_gse173098,21403,no_semantic_parent,valid_unique_parent_sequences=0
mikl_gse173098,21410,no_semantic_parent,valid_unique_parent_sequences=0
mikl_gse173098,21411,no_semantic_parent,valid_unique_parent_sequences=0
mikl_gse173098,21492,missing_parent_gene_position_key,Slc22a15|1350.0
mikl_gse173098,21493,missing_parent_gene_position_key,Slc22a15|1400.0
mikl_gse173098,21494,missing_parent_gene_position_key,Slc22a15|2550.0
mikl_gse173098,21497,missing_parent_gene_position_key,Slc22a15|3100.0
mikl_gse173098,21498,missing_parent_gene_position_key,Slc22a15|3150.0
mikl_gse173098,21499,missing_parent_gene_position_key,Slc22a15|3150.0
mikl_gse173098,21500,missing_parent_gene_position_key,Slc22a15|3200.0
mikl_gse173098,21501,missing_parent_gene_position_key,Slc22a15|3200.0
mikl_gse173098,21549,no_semantic_parent,valid_unique_parent_sequences=0
mikl_gse173098,21550,no_semantic_parent,valid_unique_parent_sequences=0
mikl_gse173098,21551,no_semantic_parent,valid_unique_parent_sequences=0
mikl_gse173098,21552,no_semantic_parent,valid_unique_parent_sequences=0
mikl_gse173098,21553,no_semantic_parent,valid_unique_parent_sequences=0
mikl_gse173098,21554,no_semantic_parent,valid_unique_parent_sequences=0
mikl_gse173098,21555,no_semantic_parent,valid_unique_parent_sequences=0
mikl_gse173098,21556,no_semantic_parent,valid_unique_parent_sequences=0
mikl_gse173098,21557,no_semantic_parent,valid_unique_parent_sequences=0
mikl_gse173098,21558,no_semantic_parent,valid_unique_parent_sequences=0
mikl_gse173098,21559,no_semantic_parent,valid_unique_parent_sequences=0
mikl_gse173098,21560,no_semantic_parent,valid_unique_parent_sequences=0
mikl_gse173098,21561,no_semantic_parent,valid_unique_parent_sequences=0
mikl_gse173098,21562,no_semantic_parent,valid_unique_parent_sequences=0
mikl_gse173098,21566,no_semantic_parent,valid_unique_parent_sequences=0
mikl_gse173098,21567,no_semantic_parent,valid_unique_parent_sequences=0
mikl_gse173098,21568,no_semantic_parent,valid_unique_parent_sequences=0
mikl_gse173098,21569,no_semantic_parent,valid_unique_parent_sequences=0
mikl_gse173098,21570,no_semantic_parent,valid_unique_parent_sequences=0
mikl_gse173098,21571,no_semantic_parent,valid_unique_parent_sequences=0
mikl_gse173098,21572,no_semantic_parent,valid_unique_parent_sequences=0
mikl_gse173098,21573,no_semantic_parent,valid_unique_parent_sequences=0
mikl_gse173098,21574,no_semantic_parent,valid_unique_parent_sequences=0
mikl_gse173098,21576,no_semantic_parent,valid_unique_parent_sequences=0
mikl_gse173098,21577,no_semantic_parent,valid_unique_parent_sequences=0
mikl_gse173098,21578,no_semantic_parent,valid_unique_parent_sequences=0
mikl_gse173098,21579,no_semantic_parent,valid_unique_parent_sequences=0
mikl_gse173098,21580,no_semantic_parent,valid_unique_parent_sequences=0
mikl_gse173098,21581,no_semantic_parent,valid_unique_parent_sequences=0
mikl_gse173098,21612,missing_parent_gene_position_key,Slc28a3|1800.0
mikl_gse173098,21613,missing_parent_gene_position_key,Slc28a3|1850.0
mikl_gse173098,21631,no_semantic_parent,valid_unique_parent_sequences=0
mikl_gse173098,21632,no_semantic_parent,valid_unique_parent_sequences=0
mikl_gse173098,21666,missing_parent_gene_position_key,Slc7a11|2950.0
mikl_gse173098,21667,missing_parent_gene_position_key,Slc7a11|3000.0
mikl_gse173098,21668,missing_parent_gene_position_key,Slc7a11|3050.0
mikl_gse173098,21669,missing_parent_gene_position_key,Slc7a11|3900.0
mikl_gse173098,21685,missing_parent_gene_position_key,Slc7a11|5400.0
mikl_gse173098,21686,missing_parent_gene_position_key,Slc7a11|5400.0
mikl_gse173098,21687,missing_parent_gene_position_key,Slc7a11|5400.0
mikl_gse173098,21688,missing_parent_gene_position_key,Slc7a11|5450.0
mikl_gse173098,21689,missing_parent_gene_position_key,Slc7a11|5450.0
mikl_gse173098,21690,missing_parent_gene_position_key,Slc7a11|5450.0
mikl_gse173098,21691,missing_parent_gene_position_key,Slc7a11|5500.0
mikl_gse173098,21692,missing_parent_gene_position_key,Slc7a11|5500.0
mikl_gse173098,21693,missing_parent_gene_position_key,Slc7a11|5500.0
mikl_gse173098,21700,missing_parent_gene_position_key,Slc7a11|6300.0
mikl_gse173098,21701,missing_parent_gene_position_key,Slc7a11|6350.0
mikl_gse173098,21707,missing_parent_gene_position_key,Slco1a1|250.0
mikl_gse173098,21708,missing_parent_gene_position_key,Slco1a1|300.0
mikl_gse173098,21709,missing_parent_gene_position_key,Slco1a1|350.0
mikl_gse173098,21710,missing_parent_gene_position_key,Slco1a1|1300.0
mikl_gse173098,21711,missing_parent_gene_position_key,Slco1a1|1300.0
mikl_gse173098,21715,missing_parent_gene_position_key,Slco1a1|1400.0
mikl_gse173098,21716,missing_parent_gene_position_key,Slco1a1|1400.0
mikl_gse173098,21717,missing_parent_gene_position_key,Slco1a1|1400.0
mikl_gse173098,21718,missing_parent_gene_position_key,Slco1a1|1400.0
mikl_gse173098,21719,missing_parent_gene_position_key,Slco1a1|1450.0
mikl_gse173098,21720,missing_parent_gene_position_key,Slco1a1|1450.0
mikl_gse173098,21721,missing_parent_gene_position_key,Slco1a1|1450.0
mikl_gse173098,21722,missing_parent_gene_position_key,Slco1a1|1500.0
mikl_gse173098,21723,missing_parent_gene_position_key,Slco1a1|1500.0
mikl_gse173098,21838,missing_parent_gene_position_key,Sspn|2650.0
mikl_gse173098,21839,missing_parent_gene_position_key,Sspn|2700.0
mikl_gse173098,21860,missing_parent_gene_position_key,Syt15|1650.0
mikl_gse173098,21861,missing_parent_gene_position_key,Syt15|1700.0
mikl_gse173098,21862,missing_parent_gene_position_key,Syt15|1700.0
mikl_gse173098,21863,missing_parent_gene_position_key,Syt15|1750.0
mikl_gse173098,21897,missing_parent_gene_position_key,Tfap2b|0.0
mikl_gse173098,21898,missing_parent_gene_position_key,Tfap2b|0.0
mikl_gse173098,21899,missing_parent_gene_position_key,Tfap2b|0.0
mikl_gse173098,21900,missing_parent_gene_position_key,Tfap2b|50.0
mikl_gse173098,21901,missing_parent_gene_position_key,Tfap2b|50.0
mikl_gse173098,21902,missing_parent_gene_position_key,Tfap2b|50.0
mikl_gse173098,21903,missing_parent_gene_position_key,Tfap2b|100.0
mikl_gse173098,21904,missing_parent_gene_position_key,Tfap2b|100.0
mikl_gse173098,21905,missing_parent_gene_position_key,Tfap2b|150.0
mikl_gse173098,21936,missing_parent_gene_position_key,Tfap2b|2750.0
mikl_gse173098,21940,missing_parent_gene_position_key,Tfap2b|3600.0
mikl_gse173098,21941,missing_parent_gene_position_key,Tfap2b|3600.0
mikl_gse173098,21942,missing_parent_gene_position_key,Tfap2b|3600.0
mikl_gse173098,21943,missing_parent_gene_position_key,Tfap2b|3650.0
mikl_gse173098,21944,missing_parent_gene_position_key,Tfap2b|3650.0
mikl_gse173098,21945,missing_parent_gene_position_key,Tfap2b|3650.0
mikl_gse173098,21946,missing_parent_gene_position_key,Tfap2b|3700.0
mikl_gse173098,21947,missing_parent_gene_position_key,Tfap2b|3700.0
mikl_gse173098,21948,missing_parent_gene_position_key,Tfap2b|3700.0
mikl_gse173098,21949,missing_parent_gene_position_key,Tfap2b|3700.0
mikl_gse173098,21966,missing_parent_gene_position_key,Tirap|450.0
mikl_gse173098,21967,missing_parent_gene_position_key,Tirap|500.0
mikl_gse173098,21968,missing_parent_gene_position_key,Tirap|500.0
mikl_gse173098,21969,missing_parent_gene_position_key,Tirap|550.0
mikl_gse173098,21970,missing_parent_gene_position_key,Tirap|550.0
mikl_gse173098,22000,no_semantic_parent,valid_unique_parent_sequences=0
mikl_gse173098,22001,no_semantic_parent,valid_unique_parent_sequences=0
mikl_gse173098,22013,no_semantic_parent,valid_unique_parent_sequences=0
mikl_gse173098,22014,no_semantic_parent,valid_unique_parent_sequences=0
mikl_gse173098,22015,no_semantic_parent,valid_unique_parent_sequences=0
mikl_gse173098,22043,missing_parent_gene_position_key,Tomm7|550.0
mikl_gse173098,22055,missing_parent_gene_position_key,Tpmt|50.0
mikl_gse173098,22056,missing_parent_gene_position_key,Tpmt|100.0
mikl_gse173098,22057,missing_parent_gene_position_key,Tpmt|100.0
mikl_gse173098,22058,missing_parent_gene_position_key,Tpmt|150.0
mikl_gse173098,22066,missing_parent_gene_position_key,Tpmt|1400.0
mikl_gse173098,22067,missing_parent_gene_position_key,Tpmt|1400.0
mikl_gse173098,22068,missing_parent_gene_position_key,Tpmt|1450.0
mikl_gse173098,22069,missing_parent_gene_position_key,Tpmt|1450.0
mikl_gse173098,22070,missing_parent_gene_position_key,Tpmt|1500.0
mikl_gse173098,22071,missing_parent_gene_position_key,Tpmt|1500.0
mikl_gse173098,22072,missing_parent_gene_position_key,Tpmt|1600.0
mikl_gse173098,22073,missing_parent_gene_position_key,Tpmt|1650.0
mikl_gse173098,22142,missing_parent_gene_position_key,Trim56|3300.0
mikl_gse173098,22143,missing_parent_gene_position_key,Trim56|3300.0
mikl_gse173098,22144,missing_parent_gene_position_key,Trim56|3350.0
mikl_gse173098,22145,missing_parent_gene_position_key,Trim56|3350.0
mikl_gse173098,22146,missing_parent_gene_position_key,Trim56|3400.0
mikl_gse173098,22147,missing_parent_gene_position_key,Trim56|3600.0
mikl_gse173098,22148,missing_parent_gene_position_key,Trim56|3700.0
mikl_gse173098,22149,missing_parent_gene_position_key,Trim56|3700.0
mikl_gse173098,22150,missing_parent_gene_position_key,Trim56|3750.0
mikl_gse173098,22151,missing_parent_gene_position_key,Trim56|3800.0
mikl_gse173098,22166,missing_parent_gene_position_key,Trim56|4950.0
mikl_gse173098,22167,missing_parent_gene_position_key,Trim56|5000.0
mikl_gse173098,22168,missing_parent_gene_position_key,Trim56|5050.0
mikl_gse173098,22175,missing_parent_gene_position_key,Trim56|5450.0
mikl_gse173098,22176,missing_parent_gene_position_key,Trim56|5500.0
mikl_gse173098,22177,missing_parent_gene_position_key,Trim56|5500.0
mikl_gse173098,22178,missing_parent_gene_position_key,Trim56|5550.0
mikl_gse173098,22179,missing_parent_gene_position_key,Trim56|5550.0
mikl_gse173098,22180,missing_parent_gene_position_key,Trim56|5550.0
mikl_gse173098,22181,missing_parent_gene_position_key,Trim56|5550.0
mikl_gse173098,22205,no_semantic_parent,valid_unique_parent_sequences=0
mikl_gse173098,22206,no_semantic_parent,valid_unique_parent_sequences=0
mikl_gse173098,22207,no_semantic_parent,valid_unique_parent_sequences=0
mikl_gse173098,22208,no_semantic_parent,valid_unique_parent_sequences=0
mikl_gse173098,22222,no_semantic_parent,valid_unique_parent_sequences=0
mikl_gse173098,22223,no_semantic_parent,valid_unique_parent_sequences=0
mikl_gse173098,22224,no_semantic_parent,valid_unique_parent_sequences=0
mikl_gse173098,22225,no_semantic_parent,valid_unique_parent_sequences=0
mikl_gse173098,22226,no_semantic_parent,valid_unique_parent_sequences=0
mikl_gse173098,22227,no_semantic_parent,valid_unique_parent_sequences=0
mikl_gse173098,22228,no_semantic_parent,valid_unique_parent_sequences=0
mikl_gse173098,22249,no_semantic_parent,valid_unique_parent_sequences=0
mikl_gse173098,22250,no_semantic_parent,valid_unique_parent_sequences=0
mikl_gse173098,22262,no_semantic_parent,valid_unique_parent_sequences=0
mikl_gse173098,22263,no_semantic_parent,valid_unique_parent_sequences=0
mikl_gse173098,22264,no_semantic_parent,valid_unique_parent_sequences=0
mikl_gse173098,22265,no_semantic_parent,valid_unique_parent_sequences=0
mikl_gse173098,22286,no_semantic_parent,valid_unique_parent_sequences=0
mikl_gse173098,22287,no_semantic_parent,valid_unique_parent_sequences=0
mikl_gse173098,22315,missing_parent_gene_position_key,Vangl1|1400.0
mikl_gse173098,22316,missing_parent_gene_position_key,Vangl1|1450.0
mikl_gse173098,22317,missing_parent_gene_position_key,Vangl1|1500.0
mikl_gse173098,22319,missing_parent_gene_position_key,Vangl1|2200.0
mikl_gse173098,22320,missing_parent_gene_position_key,Vangl1|2250.0
mikl_gse173098,22324,missing_parent_gene_position_key,Vangl1|2550.0
mikl_gse173098,22325,missing_parent_gene_position_key,Vangl1|2550.0
mikl_gse173098,22326,missing_parent_gene_position_key,Vangl1|2550.0
mikl_gse173098,22327,missing_parent_gene_position_key,Vangl1|2600.0
mikl_gse173098,22328,missing_parent_gene_position_key,Vangl1|2600.0
mikl_gse173098,22329,missing_parent_gene_position_key,Vangl1|2600.0
mikl_gse173098,22348,missing_parent_gene_position_key,Vangl1|3300.0
mikl_gse173098,22349,missing_parent_gene_position_key,Vangl1|3300.0
mikl_gse173098,22350,missing_parent_gene_position_key,Vangl1|3350.0
mikl_gse173098,22351,missing_parent_gene_position_key,Vangl1|3400.0
mikl_gse173098,22352,missing_parent_gene_position_key,Vangl1|3400.0
mikl_gse173098,22369,missing_parent_gene_position_key,Vangl1|4450.0
mikl_gse173098,22370,missing_parent_gene_position_key,Vangl1|4450.0
mikl_gse173098,22400,missing_parent_gene_position_key,Ybx1|200.0
mikl_gse173098,22401,missing_parent_gene_position_key,Ybx1|200.0
mikl_gse173098,22402,missing_parent_gene_position_key,Zbtb20|0.0
mikl_gse173098,22422,missing_parent_gene_position_key,Zbtb20|600.0
mikl_gse173098,22423,missing_parent_gene_position_key,Zbtb20|650.0
mikl_gse173098,22424,missing_parent_gene_position_key,Zbtb20|650.0
mikl_gse173098,22513,missing_parent_gene_position_key,Zbtb20|5100.0
mikl_gse173098,22514,missing_parent_gene_position_key,Zbtb20|5100.0
mikl_gse173098,22515,missing_parent_gene_position_key,Zbtb20|5100.0
mikl_gse173098,22516,missing_parent_gene_position_key,Zbtb20|5150.0
mikl_gse173098,22517,missing_parent_gene_position_key,Zbtb20|5150.0
mikl_gse173098,22518,missing_parent_gene_position_key,Zbtb20|5150.0
mikl_gse173098,22519,missing_parent_gene_position_key,Zbtb20|5200.0
mikl_gse173098,22520,missing_parent_gene_position_key,Zbtb20|5200.0
mikl_gse173098,22521,missing_parent_gene_position_key,Zbtb20|5200.0
mikl_gse173098,22581,missing_parent_gene_position_key,Zbtb20|10200.0
mikl_gse173098,22582,missing_parent_gene_position_key,Zbtb20|10200.0
mikl_gse173098,22583,missing_parent_gene_position_key,Zbtb20|10200.0
mikl_gse173098,22590,missing_parent_gene_position_key,Zbtb20|10550.0
mikl_gse173098,22591,missing_parent_gene_position_key,Zbtb20|10600.0
mikl_gse173098,22592,missing_parent_gene_position_key,Zbtb20|10650.0
mikl_gse173098,22598,missing_parent_gene_position_key,Zbtb20|11550.0
mikl_gse173098,22599,missing_parent_gene_position_key,Zbtb20|11600.0
mikl_gse173098,22600,missing_parent_gene_position_key,Zbtb20|11600.0
mikl_gse173098,22601,missing_parent_gene_position_key,Zbtb20|11650.0
mikl_gse173098,22602,missing_parent_gene_position_key,Zbtb20|11650.0
mikl_gse173098,22603,missing_parent_gene_position_key,Zbtb20|11650.0
mikl_gse173098,22611,missing_parent_gene_position_key,Zbtb20|12400.0
mikl_gse173098,22707,missing_parent_gene_position_key,Zbtb20|18150.0
mikl_gse173098,22708,missing_parent_gene_position_key,Zbtb20|18200.0
mikl_gse173098,22709,missing_parent_gene_position_key,Zbtb20|18250.0
mikl_gse173098,22710,missing_parent_gene_position_key,Zbtb20|18300.0
mikl_gse173098,22711,missing_parent_gene_position_key,Zbtb20|18300.0
mikl_gse173098,22712,missing_parent_gene_position_key,Zbtb20|18350.0
mikl_gse173098,22713,missing_parent_gene_position_key,Zbtb20|18350.0
mikl_gse173098,22714,missing_parent_gene_position_key,Zbtb20|18400.0
mikl_gse173098,22715,missing_parent_gene_position_key,Zbtb20|18400.0
mikl_gse173098,22716,missing_parent_gene_position_key,Zbtb20|18400.0
mikl_gse173098,22717,missing_parent_gene_position_key,Zbtb20|18450.0
mikl_gse173098,22722,missing_parent_gene_position_key,Zbtb20|18750.0
mikl_gse173098,22723,missing_parent_gene_position_key,Zbtb20|18750.0
mikl_gse173098,22728,missing_parent_gene_position_key,Zbtb20|18950.0
mikl_gse173098,22729,missing_parent_gene_position_key,Zbtb20|18950.0
mikl_gse173098,22730,missing_parent_gene_position_key,Zbtb20|18950.0
mikl_gse173098,22731,missing_parent_gene_position_key,Zbtb20|19000.0
mikl_gse173098,22732,missing_parent_gene_position_key,Zbtb20|19000.0
mikl_gse173098,22733,missing_parent_gene_position_key,Zbtb20|19000.0
mikl_gse173098,22742,missing_parent_gene_position_key,Zbtb20|19200.0
mikl_gse173098,22743,missing_parent_gene_position_key,Zbtb20|19200.0
mikl_gse173098,22744,missing_parent_gene_position_key,Zbtb20|19200.0
mikl_gse173098,22745,missing_parent_gene_position_key,Zbtb20|19250.0
mikl_gse173098,22746,missing_parent_gene_position_key,Zbtb20|19250.0
mikl_gse173098,22778,missing_parent_gene_position_key,Zbtb20|21650.0
mikl_gse173098,22779,missing_parent_gene_position_key,Zbtb20|21700.0
mikl_gse173098,22780,missing_parent_gene_position_key,Zbtb20|21700.0
mikl_gse173098,22781,missing_parent_gene_position_key,Zbtb20|21750.0
mikl_gse173098,22782,missing_parent_gene_position_key,Zbtb20|21800.0
mikl_gse173098,22783,missing_parent_gene_position_key,Zbtb20|22000.0
mikl_gse173098,22784,missing_parent_gene_position_key,Zbtb20|22050.0
mikl_gse173098,22785,missing_parent_gene_position_key,Zbtb20|22100.0
mikl_gse173098,22786,missing_parent_gene_position_key,Zbtb20|22400.0
mikl_gse173098,22787,missing_parent_gene_position_key,Zbtb20|22450.0
mikl_gse173098,22803,missing_parent_gene_position_key,Zbtb20|23200.0
mikl_gse173098,22804,missing_parent_gene_position_key,Zbtb20|23200.0
mikl_gse173098,22805,missing_parent_gene_position_key,Zbtb20|23250.0
mikl_gse173098,22806,missing_parent_gene_position_key,Zbtb20|23250.0
mikl_gse173098,22807,missing_parent_gene_position_key,Zbtb20|23250.0
mikl_gse173098,22808,missing_parent_gene_position_key,Zbtb20|23250.0
mikl_gse173098,22809,missing_parent_gene_position_key,Zbtb20|23300.0
mikl_gse173098,22810,missing_parent_gene_position_key,Zbtb20|23300.0
mikl_gse173098,22819,missing_parent_gene_position_key,Zfhx3|0.0
mikl_gse173098,22820,missing_parent_gene_position_key,Zfhx3|0.0
mikl_gse173098,22821,missing_parent_gene_position_key,Zfhx3|0.0
mikl_gse173098,22822,missing_parent_gene_position_key,Zfhx3|0.0
mikl_gse173098,22833,missing_parent_gene_position_key,Zfhx3|150.0
mikl_gse173098,22834,missing_parent_gene_position_key,Zfhx3|150.0
mikl_gse173098,22835,missing_parent_gene_position_key,Zfhx3|150.0
mikl_gse173098,22836,missing_parent_gene_position_key,Zfhx3|150.0
mikl_gse173098,22837,missing_parent_gene_position_key,Zfhx3|200.0
mikl_gse173098,22838,missing_parent_gene_position_key,Zfhx3|200.0
mikl_gse173098,22839,missing_parent_gene_position_key,Zfhx3|250.0
mikl_gse173098,22840,missing_parent_gene_position_key,Zfhx3|250.0
mikl_gse173098,22886,missing_parent_gene_position_key,Zfhx3|1600.0
mikl_gse173098,22887,missing_parent_gene_position_key,Zfhx3|1600.0
mikl_gse173098,22888,missing_parent_gene_position_key,Zfhx3|1600.0
mikl_gse173098,22889,missing_parent_gene_position_key,Zfhx3|1650.0
mikl_gse173098,22890,missing_parent_gene_position_key,Zfhx3|1700.0
mikl_gse173098,22931,missing_parent_gene_position_key,Zfhx3|4050.0
mikl_gse173098,22932,missing_parent_gene_position_key,Zfhx3|4050.0
mikl_gse173098,22933,missing_parent_gene_position_key,Zfhx3|4050.0
mikl_gse173098,22934,missing_parent_gene_position_key,Zfhx3|4100.0
mikl_gse173098,22935,missing_parent_gene_position_key,Zfhx3|4100.0
mikl_gse173098,22936,missing_parent_gene_position_key,Zfhx3|4150.0
mikl_gse173098,22937,missing_parent_gene_position_key,Zfhx3|4150.0
mikl_gse173098,22938,missing_parent_gene_position_key,Zfhx3|4200.0
mikl_gse173098,22939,missing_parent_gene_position_key,Zfhx3|4200.0
mikl_gse173098,22991,no_semantic_parent,valid_unique_parent_sequences=0
mikl_gse173098,22992,missing_parent_gene_position_key,Ptger3|650.0
mikl_gse173098,22993,missing_parent_gene_position_key,Ptger3|700.0
mikl_gse173098,22996,missing_parent_gene_position_key,Ptger3|650.0
mikl_gse173098,22997,missing_parent_gene_position_key,Ptger3|700.0
mikl_gse173098,23001,missing_parent_gene_position_key,Fgf3|200.0
mikl_gse173098,23041,missing_parent_gene_position_key,Thbd|550.0
mikl_gse173098,23045,missing_parent_gene_position_key,Thbd|1400.0
mikl_gse173098,23046,missing_parent_gene_position_key,Thbd|1450.0
mikl_gse173098,23049,missing_parent_gene_position_key,Col8a1|0.0
mikl_gse173098,23050,missing_parent_gene_position_key,Col8a1|0.0
mikl_gse173098,23051,missing_parent_gene_position_key,Col8a1|0.0
mikl_gse173098,23052,missing_parent_gene_position_key,Col8a1|50.0
mikl_gse173098,23058,missing_parent_gene_position_key,Col8a1|600.0
mikl_gse173098,23059,missing_parent_gene_position_key,Col8a1|850.0
mikl_gse173098,23060,missing_parent_gene_position_key,Col8a1|900.0
mikl_gse173098,23069,missing_parent_gene_position_key,Col3a1|100.0
mikl_gse173098,23070,missing_parent_gene_position_key,Col3a1|100.0
mikl_gse173098,23071,missing_parent_gene_position_key,Col3a1|400.0
mikl_gse173098,23072,missing_parent_gene_position_key,Col3a1|450.0
mikl_gse173098,23073,missing_parent_gene_position_key,Col3a1|500.0
mikl_gse173098,23074,missing_parent_gene_position_key,Col3a1|700.0
mikl_gse173098,23075,missing_parent_gene_position_key,Col3a1|750.0
mikl_gse173098,23076,missing_parent_gene_position_key,Bmper|950.0
mikl_gse173098,23104,missing_parent_gene_position_key,Ptgs2|850.0
mikl_gse173098,23105,missing_parent_gene_position_key,Ptgs2|900.0
mikl_gse173098,23114,missing_parent_gene_position_key,Ptgs2|2100.0
mikl_gse173098,23115,missing_parent_gene_position_key,Ptgs2|2100.0
mikl_gse173098,23116,missing_parent_gene_position_key,Ptgs2|2150.0
mikl_gse173098,23117,missing_parent_gene_position_key,Ptgs2|2150.0
mikl_gse173098,23118,missing_parent_gene_position_key,Ptgs2|2200.0
mikl_gse173098,23172,missing_parent_gene_position_key,Col1a1|150.0
mikl_gse173098,23173,missing_parent_gene_position_key,Col1a1|150.0
mikl_gse173098,23174,missing_parent_gene_position_key,Col1a1|150.0
mikl_gse173098,23175,missing_parent_gene_position_key,Col1a1|200.0
mikl_gse173098,23176,missing_parent_gene_position_key,Col1a1|200.0
mikl_gse173098,23177,missing_parent_gene_position_key,Col1a1|200.0
mikl_gse173098,23178,missing_parent_gene_position_key,Col1a1|200.0
mikl_gse173098,23179,missing_parent_gene_position_key,Col1a1|200.0
mikl_gse173098,23180,missing_parent_gene_position_key,Col1a1|250.0
mikl_gse173098,23181,missing_parent_gene_position_key,Col1a1|250.0
moffatt_gse334718,supplementary_table_1.csv:1371,missing_sequence_dictionary_entry,trp53_11|260+suff
moffatt_gse334718,supplementary_table_1.csv:3969,missing_sequence_dictionary_entry,net1_11|260+suff
moffatt_gse334718,supplementary_table_1.csv:4248,missing_sequence_dictionary_entry,trak2_1|250+suff
moffatt_gse334718,supplementary_table_1.csv:4598,missing_sequence_dictionary_entry,trak2_11|260+suff
moffatt_gse334718,supplementary_table_1.csv:8101,missing_sequence_dictionary_entry,gdf11_11|260+suff
moffatt_gse334718,supplementary_table_1.csv:8791,missing_sequence_dictionary_entry,rab13_11|260+suff
moffatt_gse334718,supplementary_table_1.csv:9256,missing_sequence_dictionary_entry,cdc42_11|260+suff
moffatt_gse334718,supplementary_table_2.csv:2,missing_sequence_dictionary_entry,net1_60:110+ness
moffatt_gse334718,supplementary_table_2.csv:15,missing_sequence_dictionary_entry,trp53inp2_139:159+ness
moffatt_gse334718,supplementary_table_2.csv:19,missing_sequence_dictionary_entry,trak2_124:174+ness
moffatt_gse334718,supplementary_table_2.csv:20,missing_sequence_dictionary_entry,gdf11_162:172+ness
moffatt_gse334718,supplementary_table_2.csv:22,missing_sequence_dictionary_entry,trak2_151:171+ness
moffatt_gse334718,supplementary_table_2.csv:23,missing_sequence_dictionary_entry,net1_114:214+ness
moffatt_gse334718,supplementary_table_2.csv:25,missing_sequence_dictionary_entry,trp53inp2_187:207+ness
moffatt_gse334718,supplementary_table_2.csv:27,missing_sequence_dictionary_entry,net1_98:118+ness
moffatt_gse334718,supplementary_table_2.csv:29,missing_sequence_dictionary_entry,rab13_92:192+ness
moffatt_gse334718,supplementary_table_2.csv:31,missing_sequence_dictionary_entry,net1_27:37+ness
moffatt_gse334718,supplementary_table_2.csv:32,missing_sequence_dictionary_entry,trak2_98:108+ness
moffatt_gse334718,supplementary_table_2.csv:33,missing_sequence_dictionary_entry,trp53inp2_122:172+ness
moffatt_gse334718,supplementary_table_2.csv:42,missing_sequence_dictionary_entry,net1_120:220+ness
moffatt_gse334718,supplementary_table_2.csv:44,missing_sequence_dictionary_entry,net1_116:216+ness
moffatt_gse334718,supplementary_table_2.csv:45,missing_sequence_dictionary_entry,cdc42bpg_25:75+ness
moffatt_gse334718,supplementary_table_2.csv:54,missing_sequence_dictionary_entry,net1_7:57+ness
moffatt_gse334718,supplementary_table_2.csv:57,missing_sequence_dictionary_entry,gdf11_178:183+ness
moffatt_gse334718,supplementary_table_2.csv:58,missing_sequence_dictionary_entry,trp53inp2_113:163+ness
moffatt_gse334718,supplementary_table_2.csv:60,missing_sequence_dictionary_entry,net1_247:252+ness
moffatt_gse334718,supplementary_table_2.csv:65,missing_sequence_dictionary_entry,trp53inp2_120:170+ness
moffatt_gse334718,supplementary_table_2.csv:66,missing_sequence_dictionary_entry,cplx2_18:38+ness
moffatt_gse334718,supplementary_table_2.csv:70,missing_sequence_dictionary_entry,cplx2_16:66+ness
moffatt_gse334718,supplementary_table_2.csv:71,missing_sequence_dictionary_entry,trp53inp2_129:149+ness
moffatt_gse334718,supplementary_table_2.csv:72,missing_sequence_dictionary_entry,cplx2_42:92+ness
moffatt_gse334718,supplementary_table_2.csv:73,missing_sequence_dictionary_entry,trak2_94:244+ness
moffatt_gse334718,supplementary_table_2.csv:76,missing_sequence_dictionary_entry,trp53inp2_218:238+ness
moffatt_gse334718,supplementary_table_2.csv:81,missing_sequence_dictionary_entry,trak2_121:131+ness
moffatt_gse334718,supplementary_table_2.csv:86,missing_sequence_dictionary_entry,net1_87:107+ness
moffatt_gse334718,supplementary_table_2.csv:92,missing_sequence_dictionary_entry,trp53inp2_105:155+ness
moffatt_gse334718,supplementary_table_2.csv:94,missing_sequence_dictionary_entry,cplx2_204:214+ness
moffatt_gse334718,supplementary_table_2.csv:96,missing_sequence_dictionary_entry,cplx2_28:78+ness
moffatt_gse334718,supplementary_table_2.csv:98,missing_sequence_dictionary_entry,cplx2_36:86+ness
moffatt_gse334718,supplementary_table_2.csv:102,missing_sequence_dictionary_entry,trp53inp2_107:117+ness
moffatt_gse334718,supplementary_table_2.csv:103,missing_sequence_dictionary_entry,trak2_92:102+ness
moffatt_gse334718,supplementary_table_2.csv:106,missing_sequence_dictionary_entry,net1_86:96+ness
moffatt_gse334718,supplementary_table_2.csv:108,missing_sequence_dictionary_entry,trp53inp2_217:222+ness
moffatt_gse334718,supplementary_table_2.csv:110,missing_sequence_dictionary_entry,trp53inp2_137:147+ness
moffatt_gse334718,supplementary_table_2.csv:114,missing_sequence_dictionary_entry,net1_22:32+ness
moffatt_gse334718,supplementary_table_2.csv:116,missing_sequence_dictionary_entry,cplx2_24:44+ness
moffatt_gse334718,supplementary_table_2.csv:119,missing_sequence_dictionary_entry,net1_92:102+ness
moffatt_gse334718,supplementary_table_2.csv:126,missing_sequence_dictionary_entry,trak2_201:221+ness
moffatt_gse334718,supplementary_table_2.csv:134,missing_sequence_dictionary_entry,trak2_47:57+ness
moffatt_gse334718,supplementary_table_2.csv:142,missing_sequence_dictionary_entry,trak2_220:230+ness
moffatt_gse334718,supplementary_table_2.csv:144,missing_sequence_dictionary_entry,trp53inp2_110:130+ness
moffatt_gse334718,supplementary_table_2.csv:145,missing_sequence_dictionary_entry,net1_34:44+ness
moffatt_gse334718,supplementary_table_2.csv:154,missing_sequence_dictionary_entry,trp53inp2_117:167+ness
moffatt_gse334718,supplementary_table_2.csv:158,missing_sequence_dictionary_entry,net1_249:254+ness
moffatt_gse334718,supplementary_table_2.csv:163,missing_sequence_dictionary_entry,trp53inp2_68:73+ness
moffatt_gse334718,supplementary_table_2.csv:164,missing_sequence_dictionary_entry,trp53inp2_141:161+ness
moffatt_gse334718,supplementary_table_2.csv:165,missing_sequence_dictionary_entry,gdf11_170:180+ness
moffatt_gse334718,supplementary_table_2.csv:172,missing_sequence_dictionary_entry,trp53inp2_109:129+ness
moffatt_gse334718,supplementary_table_2.csv:173,missing_sequence_dictionary_entry,trp53inp2_9:14+ness
moffatt_gse334718,supplementary_table_2.csv:174,missing_sequence_dictionary_entry,net1_77:97+ness
moffatt_gse334718,supplementary_table_2.csv:175,missing_sequence_dictionary_entry,trp53inp2_111:161+ness
moffatt_gse334718,supplementary_table_2.csv:179,missing_sequence_dictionary_entry,net1_149:199+ness
moffatt_gse334718,supplementary_table_2.csv:180,missing_sequence_dictionary_entry,trak2_138:188+ness
moffatt_gse334718,supplementary_table_2.csv:181,missing_sequence_dictionary_entry,trp53inp2_9:109+ness
moffatt_gse334718,supplementary_table_2.csv:185,missing_sequence_dictionary_entry,gdf11_126:146+ness
moffatt_gse334718,supplementary_table_2.csv:190,missing_sequence_dictionary_entry,trak2_154:164+ness
moffatt_gse334718,supplementary_table_2.csv:191,missing_sequence_dictionary_entry,net1_69:74+ness
moffatt_gse334718,supplementary_table_2.csv:196,missing_sequence_dictionary_entry,net1_122:132+ness
moffatt_gse334718,supplementary_table_2.csv:200,missing_sequence_dictionary_entry,gdf11_133:183+ness
moffatt_gse334718,supplementary_table_2.csv:204,missing_sequence_dictionary_entry,gdf11_114:164+ness
moffatt_gse334718,supplementary_table_2.csv:207,missing_sequence_dictionary_entry,net1_14:64+ness
moffatt_gse334718,supplementary_table_2.csv:215,missing_sequence_dictionary_entry,trak2_158:168+ness
moffatt_gse334718,supplementary_table_2.csv:218,missing_sequence_dictionary_entry,trak2_169:189+ness
moffatt_gse334718,supplementary_table_2.csv:219,missing_sequence_dictionary_entry,gdf11_207:212+ness
moffatt_gse334718,supplementary_table_2.csv:220,missing_sequence_dictionary_entry,net1_66:86+ness
moffatt_gse334718,supplementary_table_2.csv:221,missing_sequence_dictionary_entry,trak2_99:109+ness
moffatt_gse334718,supplementary_table_2.csv:223,missing_sequence_dictionary_entry,rab13_199:209+ness
moffatt_gse334718,supplementary_table_2.csv:224,missing_sequence_dictionary_entry,trp53inp2_164:174+ness
moffatt_gse334718,supplementary_table_2.csv:225,missing_sequence_dictionary_entry,trak2_21:31+ness
moffatt_gse334718,supplementary_table_2.csv:227,missing_sequence_dictionary_entry,trak2_156:206+ness
moffatt_gse334718,supplementary_table_2.csv:228,missing_sequence_dictionary_entry,trak2_180:185+ness
moffatt_gse334718,supplementary_table_2.csv:236,missing_sequence_dictionary_entry,gdf11_63:213+ness
moffatt_gse334718,supplementary_table_2.csv:238,missing_sequence_dictionary_entry,cdc42bpg_152:202+ness
moffatt_gse334718,supplementary_table_2.csv:245,missing_sequence_dictionary_entry,trp53inp2_171:191+ness
moffatt_gse334718,supplementary_table_2.csv:248,missing_sequence_dictionary_entry,gdf11_232:237+ness
moffatt_gse334718,supplementary_table_2.csv:250,missing_sequence_dictionary_entry,trp53inp2_78:128+ness
moffatt_gse334718,supplementary_table_2.csv:251,missing_sequence_dictionary_entry,gdf11_17:167+ness
moffatt_gse334718,supplementary_table_2.csv:252,missing_sequence_dictionary_entry,trp53inp2_206:216+ness
moffatt_gse334718,supplementary_table_2.csv:256,missing_sequence_dictionary_entry,cplx2_53:63+ness
moffatt_gse334718,supplementary_table_2.csv:257,missing_sequence_dictionary_entry,net1_5:105+ness
moffatt_gse334718,supplementary_table_2.csv:259,missing_sequence_dictionary_entry,trak2_16:66+ness
moffatt_gse334718,supplementary_table_2.csv:261,missing_sequence_dictionary_entry,trp53inp2_75:80+ness
moffatt_gse334718,supplementary_table_2.csv:264,missing_sequence_dictionary_entry,trak2_224:234+ness
moffatt_gse334718,supplementary_table_2.csv:266,missing_sequence_dictionary_entry,net1_39:139+ness
moffatt_gse334718,supplementary_table_2.csv:267,missing_sequence_dictionary_entry,gdf11_127:177+ness
moffatt_gse334718,supplementary_table_2.csv:280,missing_sequence_dictionary_entry,net1_123:173+ness
moffatt_gse334718,supplementary_table_2.csv:285,missing_sequence_dictionary_entry,net1_156:176+ness
moffatt_gse334718,supplementary_table_2.csv:288,missing_sequence_dictionary_entry,net1_21:26+ness
moffatt_gse334718,supplementary_table_2.csv:294,missing_sequence_dictionary_entry,trp53inp2_128:148+ness
moffatt_gse334718,supplementary_table_2.csv:296,missing_sequence_dictionary_entry,trp53inp2_18:23+ness
moffatt_gse334718,supplementary_table_2.csv:299,missing_sequence_dictionary_entry,trp53inp2_29:39+ness
moffatt_gse334718,supplementary_table_2.csv:301,missing_sequence_dictionary_entry,trak2_74:84+ness
moffatt_gse334718,supplementary_table_2.csv:306,missing_sequence_dictionary_entry,gdf11_133:153+ness
moffatt_gse334718,supplementary_table_2.csv:307,missing_sequence_dictionary_entry,net1_116:126+ness
moffatt_gse334718,supplementary_table_2.csv:310,missing_sequence_dictionary_entry,cplx2_3:153+ness
moffatt_gse334718,supplementary_table_2.csv:321,missing_sequence_dictionary_entry,cplx2_112:132+ness
moffatt_gse334718,supplementary_table_2.csv:327,missing_sequence_dictionary_entry,trp53inp2_17:22+ness
moffatt_gse334718,supplementary_table_2.csv:329,missing_sequence_dictionary_entry,gdf11_159:169+ness
moffatt_gse334718,supplementary_table_2.csv:331,missing_sequence_dictionary_entry,gdf11_145:165+ness
moffatt_gse334718,supplementary_table_2.csv:332,missing_sequence_dictionary_entry,trp53inp2_181:201+ness
moffatt_gse334718,supplementary_table_2.csv:336,missing_sequence_dictionary_entry,trak2_123:133+ness
moffatt_gse334718,supplementary_table_2.csv:338,missing_sequence_dictionary_entry,trak2_145:155+ness
moffatt_gse334718,supplementary_table_2.csv:344,missing_sequence_dictionary_entry,trp53inp2_76:81+ness
moffatt_gse334718,supplementary_table_2.csv:347,missing_sequence_dictionary_entry,trak2_57:62+ness
moffatt_gse334718,supplementary_table_2.csv:354,missing_sequence_dictionary_entry,trp53inp2_138:158+ness
moffatt_gse334718,supplementary_table_2.csv:359,missing_sequence_dictionary_entry,gdf11_174:194+ness
moffatt_gse334718,supplementary_table_2.csv:361,missing_sequence_dictionary_entry,gdf11_192:212+ness
moffatt_gse334718,supplementary_table_2.csv:362,missing_sequence_dictionary_entry,cplx2_15:25+ness
moffatt_gse334718,supplementary_table_2.csv:365,missing_sequence_dictionary_entry,net1_85:90+ness
moffatt_gse334718,supplementary_table_2.csv:366,missing_sequence_dictionary_entry,trp53inp2_194:214+ness
moffatt_gse334718,supplementary_table_2.csv:370,missing_sequence_dictionary_entry,trp53inp2_131:151+ness
moffatt_gse334718,supplementary_table_2.csv:374,missing_sequence_dictionary_entry,net1_245:250+ness
moffatt_gse334718,supplementary_table_2.csv:376,missing_sequence_dictionary_entry,cdc42bpg_250:255+ness
moffatt_gse334718,supplementary_table_2.csv:377,missing_sequence_dictionary_entry,net1_71:91+ness
moffatt_gse334718,supplementary_table_2.csv:378,missing_sequence_dictionary_entry,trak2_6:56+ness
moffatt_gse334718,supplementary_table_2.csv:381,missing_sequence_dictionary_entry,gdf11_80:90+ness
moffatt_gse334718,supplementary_table_2.csv:382,missing_sequence_dictionary_entry,trp53inp2_118:168+ness
moffatt_gse334718,supplementary_table_2.csv:383,missing_sequence_dictionary_entry,rab13_184:189+ness
moffatt_gse334718,supplementary_table_2.csv:386,missing_sequence_dictionary_entry,net1_108:118+ness
moffatt_gse334718,supplementary_table_2.csv:387,missing_sequence_dictionary_entry,trp53inp2_36:41+ness
moffatt_gse334718,supplementary_table_2.csv:388,missing_sequence_dictionary_entry,gdf11_187:207+ness
moffatt_gse334718,supplementary_table_2.csv:395,missing_sequence_dictionary_entry,trak2_9:14+ness
moffatt_gse334718,supplementary_table_2.csv:398,missing_sequence_dictionary_entry,cplx2_21:71+ness
moffatt_gse334718,supplementary_table_2.csv:400,missing_sequence_dictionary_entry,trp53inp2_97:102+ness
moffatt_gse334718,supplementary_table_2.csv:401,missing_sequence_dictionary_entry,trp53inp2_143:153+ness
moffatt_gse334718,supplementary_table_2.csv:402,missing_sequence_dictionary_entry,trak2_133:153+ness
moffatt_gse334718,supplementary_table_2.csv:403,missing_sequence_dictionary_entry,cplx2_36:56+ness
moffatt_gse334718,supplementary_table_2.csv:406,missing_sequence_dictionary_entry,trp53inp2_88:93+ness
moffatt_gse334718,supplementary_table_2.csv:410,missing_sequence_dictionary_entry,net1_51:101+ness
moffatt_gse334718,supplementary_table_2.csv:412,missing_sequence_dictionary_entry,trp53inp2_199:219+ness
moffatt_gse334718,supplementary_table_2.csv:416,missing_sequence_dictionary_entry,gdf11_248:253+ness
moffatt_gse334718,supplementary_table_2.csv:419,missing_sequence_dictionary_entry,cplx2_29:129+ness
moffatt_gse334718,supplementary_table_2.csv:420,missing_sequence_dictionary_entry,trp53inp2_204:224+ness
moffatt_gse334718,supplementary_table_2.csv:426,missing_sequence_dictionary_entry,trp53inp2_89:94+ness
moffatt_gse334718,supplementary_table_2.csv:430,missing_sequence_dictionary_entry,cplx2_163:213+ness
moffatt_gse334718,supplementary_table_2.csv:434,missing_sequence_dictionary_entry,net1_51:61+ness
moffatt_gse334718,supplementary_table_2.csv:436,missing_sequence_dictionary_entry,cplx2_27:47+ness
moffatt_gse334718,supplementary_table_2.csv:442,missing_sequence_dictionary_entry,net1_125:175+ness
moffatt_gse334718,supplementary_table_2.csv:443,missing_sequence_dictionary_entry,trp53inp2_202:207+ness
moffatt_gse334718,supplementary_table_2.csv:448,missing_sequence_dictionary_entry,gdf11_137:187+ness
moffatt_gse334718,supplementary_table_2.csv:450,missing_sequence_dictionary_entry,cdc42bpg_123:223+ness
moffatt_gse334718,supplementary_table_2.csv:452,missing_sequence_dictionary_entry,net1_123:133+ness
moffatt_gse334718,supplementary_table_2.csv:461,missing_sequence_dictionary_entry,net1_58:258+ness
moffatt_gse334718,supplementary_table_2.csv:462,missing_sequence_dictionary_entry,cplx2_18:68+ness
moffatt_gse334718,supplementary_table_2.csv:463,missing_sequence_dictionary_entry,cplx2_20:30+ness
moffatt_gse334718,supplementary_table_2.csv:467,missing_sequence_dictionary_entry,cplx2_17:27+ness
moffatt_gse334718,supplementary_table_2.csv:469,missing_sequence_dictionary_entry,gdf11_107:157+ness
moffatt_gse334718,supplementary_table_2.csv:470,missing_sequence_dictionary_entry,gdf11_11:61+ness
moffatt_gse334718,supplementary_table_2.csv:476,missing_sequence_dictionary_entry,gdf11_68:73+ness
moffatt_gse334718,supplementary_table_2.csv:480,missing_sequence_dictionary_entry,net1_6:11+ness
moffatt_gse334718,supplementary_table_2.csv:483,missing_sequence_dictionary_entry,trp53inp2_156:176+ness
moffatt_gse334718,supplementary_table_2.csv:490,missing_sequence_dictionary_entry,trak2_73:83+ness
moffatt_gse334718,supplementary_table_2.csv:493,missing_sequence_dictionary_entry,trak2_87:92+ness
moffatt_gse334718,supplementary_table_2.csv:498,missing_sequence_dictionary_entry,net1_218:223+ness
moffatt_gse334718,supplementary_table_2.csv:499,missing_sequence_dictionary_entry,net1_145:150+ness
moffatt_gse334718,supplementary_table_2.csv:500,missing_sequence_dictionary_entry,net1_166:216+ness
moffatt_gse334718,supplementary_table_2.csv:504,missing_sequence_dictionary_entry,gdf11_73:93+ness
moffatt_gse334718,supplementary_table_2.csv:505,missing_sequence_dictionary_entry,trak2_224:229+ness
moffatt_gse334718,supplementary_table_2.csv:510,missing_sequence_dictionary_entry,trp53inp2_149:169+ness
moffatt_gse334718,supplementary_table_2.csv:513,missing_sequence_dictionary_entry,cdc42bpg_163:183+ness
moffatt_gse334718,supplementary_table_2.csv:516,missing_sequence_dictionary_entry,trak2_25:30+ness
moffatt_gse334718,supplementary_table_2.csv:522,missing_sequence_dictionary_entry,trak2_137:157+ness
moffatt_gse334718,supplementary_table_2.csv:523,missing_sequence_dictionary_entry,trp53inp2_173:193+ness
moffatt_gse334718,supplementary_table_2.csv:528,missing_sequence_dictionary_entry,trp53inp2_22:222+ness
moffatt_gse334718,supplementary_table_2.csv:530,missing_sequence_dictionary_entry,net1_43:48+ness
moffatt_gse334718,supplementary_table_2.csv:531,missing_sequence_dictionary_entry,net1_64:69+ness
moffatt_gse334718,supplementary_table_2.csv:533,missing_sequence_dictionary_entry,cplx2_160:180+ness
moffatt_gse334718,supplementary_table_2.csv:536,missing_sequence_dictionary_entry,trak2_110:120+ness
moffatt_gse334718,supplementary_table_2.csv:545,missing_sequence_dictionary_entry,cplx2_232:252+ness
moffatt_gse334718,supplementary_table_2.csv:549,missing_sequence_dictionary_entry,trak2_142:162+ness
moffatt_gse334718,supplementary_table_2.csv:555,missing_sequence_dictionary_entry,gdf11_145:155+ness
moffatt_gse334718,supplementary_table_2.csv:566,missing_sequence_dictionary_entry,gdf11_75:95+ness
moffatt_gse334718,supplementary_table_2.csv:567,missing_sequence_dictionary_entry,net1_88:98+ness
moffatt_gse334718,supplementary_table_2.csv:568,missing_sequence_dictionary_entry,trak2_134:184+ness
moffatt_gse334718,supplementary_table_2.csv:572,missing_sequence_dictionary_entry,trak2_185:205+ness
moffatt_gse334718,supplementary_table_2.csv:573,missing_sequence_dictionary_entry,trp53inp2_27:37+ness
moffatt_gse334718,supplementary_table_2.csv:578,missing_sequence_dictionary_entry,net1_77:87+ness
moffatt_gse334718,supplementary_table_2.csv:579,missing_sequence_dictionary_entry,net1_108:128+ness
moffatt_gse334718,supplementary_table_2.csv:583,missing_sequence_dictionary_entry,trak2_58:63+ness
moffatt_gse334718,supplementary_table_2.csv:602,missing_sequence_dictionary_entry,trp53inp2_164:184+ness
moffatt_gse334718,supplementary_table_2.csv:604,missing_sequence_dictionary_entry,cdc42bpg_132:182+ness
moffatt_gse334718,supplementary_table_2.csv:609,missing_sequence_dictionary_entry,trp53inp2_191:196+ness
moffatt_gse334718,supplementary_table_2.csv:612,missing_sequence_dictionary_entry,trp53inp2_163:173+ness
moffatt_gse334718,supplementary_table_2.csv:615,missing_sequence_dictionary_entry,net1_16:26+ness
moffatt_gse334718,supplementary_table_2.csv:616,missing_sequence_dictionary_entry,trp53inp2_207:217+ness
moffatt_gse334718,supplementary_table_2.csv:620,missing_sequence_dictionary_entry,net1_151:171+ness
moffatt_gse334718,supplementary_table_2.csv:635,missing_sequence_dictionary_entry,trak2_88:98+ness
moffatt_gse334718,supplementary_table_2.csv:637,missing_sequence_dictionary_entry,trp53inp2_9:209+ness
moffatt_gse334718,supplementary_table_2.csv:638,missing_sequence_dictionary_entry,net1_169:174+ness
moffatt_gse334718,supplementary_table_2.csv:647,missing_sequence_dictionary_entry,trp53inp2_125:145+ness
moffatt_gse334718,supplementary_table_2.csv:648,missing_sequence_dictionary_entry,gdf11_193:198+ness
moffatt_gse334718,supplementary_table_2.csv:649,missing_sequence_dictionary_entry,cplx2_64:114+ness
moffatt_gse334718,supplementary_table_2.csv:652,missing_sequence_dictionary_entry,trp53inp2_144:164+ness
moffatt_gse334718,supplementary_table_2.csv:654,missing_sequence_dictionary_entry,gdf11_123:173+ness
moffatt_gse334718,supplementary_table_2.csv:655,missing_sequence_dictionary_entry,trak2_202:222+ness
moffatt_gse334718,supplementary_table_2.csv:656,missing_sequence_dictionary_entry,rab13_73:223+ness
moffatt_gse334718,supplementary_table_2.csv:658,missing_sequence_dictionary_entry,cplx2_24:74+ness
moffatt_gse334718,supplementary_table_2.csv:660,missing_sequence_dictionary_entry,gdf11_254:259+ness
moffatt_gse334718,supplementary_table_2.csv:662,missing_sequence_dictionary_entry,trak2_156:166+ness
moffatt_gse334718,supplementary_table_2.csv:663,missing_sequence_dictionary_entry,gdf11_126:176+ness
moffatt_gse334718,supplementary_table_2.csv:667,missing_sequence_dictionary_entry,cdc42bpg_169:219+ness
moffatt_gse334718,supplementary_table_2.csv:669,missing_sequence_dictionary_entry,gdf11_163:183+ness
moffatt_gse334718,supplementary_table_2.csv:676,missing_sequence_dictionary_entry,trp53inp2_121:131+ness
moffatt_gse334718,supplementary_table_2.csv:677,missing_sequence_dictionary_entry,net1_40:45+ness
moffatt_gse334718,supplementary_table_2.csv:685,missing_sequence_dictionary_entry,trak2_188:238+ness
moffatt_gse334718,supplementary_table_2.csv:692,missing_sequence_dictionary_entry,trp53inp2_126:176+ness
moffatt_gse334718,supplementary_table_2.csv:699,missing_sequence_dictionary_entry,gdf11_22:42+ness
moffatt_gse334718,supplementary_table_2.csv:701,missing_sequence_dictionary_entry,gdf11_21:31+ness
moffatt_gse334718,supplementary_table_2.csv:704,missing_sequence_dictionary_entry,cdc42bpg_186:196+ness
moffatt_gse334718,supplementary_table_2.csv:707,missing_sequence_dictionary_entry,net1_127:177+ness
moffatt_gse334718,supplementary_table_2.csv:708,missing_sequence_dictionary_entry,gdf11_61:81+ness
moffatt_gse334718,supplementary_table_2.csv:711,missing_sequence_dictionary_entry,gdf11_148:168+ness
moffatt_gse334718,supplementary_table_2.csv:717,missing_sequence_dictionary_entry,trp53inp2_16:36+ness
moffatt_gse334718,supplementary_table_2.csv:724,missing_sequence_dictionary_entry,trak2_244:254+ness
moffatt_gse334718,supplementary_table_2.csv:726,missing_sequence_dictionary_entry,trp53inp2_208:228+ness
moffatt_gse334718,supplementary_table_2.csv:727,missing_sequence_dictionary_entry,trp53inp2_115:165+ness
moffatt_gse334718,supplementary_table_2.csv:728,missing_sequence_dictionary_entry,gdf11_66:76+ness
moffatt_gse334718,supplementary_table_2.csv:730,missing_sequence_dictionary_entry,trak2_81:86+ness
moffatt_gse334718,supplementary_table_2.csv:738,missing_sequence_dictionary_entry,cplx2_114:124+ness
moffatt_gse334718,supplementary_table_2.csv:739,missing_sequence_dictionary_entry,trak2_10:30+ness
moffatt_gse334718,supplementary_table_2.csv:743,missing_sequence_dictionary_entry,net1_155:205+ness
moffatt_gse334718,supplementary_table_2.csv:745,missing_sequence_dictionary_entry,gdf11_156:176+ness
moffatt_gse334718,supplementary_table_2.csv:746,missing_sequence_dictionary_entry,trak2_210:230+ness
moffatt_gse334718,supplementary_table_2.csv:748,missing_sequence_dictionary_entry,net1_85:235+ness
moffatt_gse334718,supplementary_table_2.csv:750,missing_sequence_dictionary_entry,trak2_128:138+ness
moffatt_gse334718,supplementary_table_2.csv:751,missing_sequence_dictionary_entry,net1_133:183+ness
moffatt_gse334718,supplementary_table_2.csv:756,missing_sequence_dictionary_entry,net1_19:69+ness
moffatt_gse334718,supplementary_table_2.csv:759,missing_sequence_dictionary_entry,net1_132:137+ness
moffatt_gse334718,supplementary_table_2.csv:762,missing_sequence_dictionary_entry,net1_163:213+ness
moffatt_gse334718,supplementary_table_2.csv:765,missing_sequence_dictionary_entry,net1_48:98+ness
moffatt_gse334718,supplementary_table_2.csv:766,missing_sequence_dictionary_entry,gdf11_38:43+ness
moffatt_gse334718,supplementary_table_2.csv:768,missing_sequence_dictionary_entry,trp53inp2_111:121+ness
moffatt_gse334718,supplementary_table_2.csv:776,missing_sequence_dictionary_entry,gdf11_104:124+ness
moffatt_gse334718,supplementary_table_2.csv:777,missing_sequence_dictionary_entry,net1_115:135+ness
moffatt_gse334718,supplementary_table_2.csv:780,missing_sequence_dictionary_entry,net1_142:192+ness
moffatt_gse334718,supplementary_table_2.csv:781,missing_sequence_dictionary_entry,cplx2_253:258+ness
moffatt_gse334718,supplementary_table_2.csv:782,missing_sequence_dictionary_entry,trp53inp2_21:121+ness
moffatt_gse334718,supplementary_table_2.csv:783,missing_sequence_dictionary_entry,net1_52:102+ness
moffatt_gse334718,supplementary_table_2.csv:784,missing_sequence_dictionary_entry,cdc42bpg_109:209+ness
moffatt_gse334718,supplementary_table_2.csv:792,missing_sequence_dictionary_entry,trp53inp2_141:151+ness
moffatt_gse334718,supplementary_table_2.csv:802,missing_sequence_dictionary_entry,trp53inp2_192:197+ness
moffatt_gse334718,supplementary_table_2.csv:805,missing_sequence_dictionary_entry,cplx2_25:225+ness
moffatt_gse334718,supplementary_table_2.csv:808,missing_sequence_dictionary_entry,trak2_111:161+ness
moffatt_gse334718,supplementary_table_2.csv:811,missing_sequence_dictionary_entry,net1_12:17+ness
moffatt_gse334718,supplementary_table_2.csv:813,missing_sequence_dictionary_entry,trp53inp2_209:229+ness
moffatt_gse334718,supplementary_table_2.csv:814,missing_sequence_dictionary_entry,trp53inp2_245:250+ness
moffatt_gse334718,supplementary_table_2.csv:816,missing_sequence_dictionary_entry,cplx2_117:122+ness
moffatt_gse334718,supplementary_table_2.csv:817,missing_sequence_dictionary_entry,net1_8:58+ness
moffatt_gse334718,supplementary_table_2.csv:823,missing_sequence_dictionary_entry,trak2_188:198+ness
moffatt_gse334718,supplementary_table_2.csv:827,missing_sequence_dictionary_entry,cdc42bpg_196:246+ness
moffatt_gse334718,supplementary_table_2.csv:837,missing_sequence_dictionary_entry,gdf11_195:215+ness
moffatt_gse334718,supplementary_table_2.csv:838,missing_sequence_dictionary_entry,trak2_21:41+ness
moffatt_gse334718,supplementary_table_2.csv:839,missing_sequence_dictionary_entry,trp53inp2_64:164+ness
moffatt_gse334718,supplementary_table_2.csv:842,missing_sequence_dictionary_entry,trp53inp2_118:138+ness
moffatt_gse334718,supplementary_table_2.csv:848,missing_sequence_dictionary_entry,gdf11_119:169+ness
moffatt_gse334718,supplementary_table_2.csv:849,missing_sequence_dictionary_entry,trp53inp2_121:171+ness
moffatt_gse334718,supplementary_table_2.csv:850,missing_sequence_dictionary_entry,trp53inp2_137:157+ness
moffatt_gse334718,supplementary_table_2.csv:852,missing_sequence_dictionary_entry,gdf11_130:150+ness
moffatt_gse334718,supplementary_table_2.csv:857,missing_sequence_dictionary_entry,rab13_198:208+ness
moffatt_gse334718,supplementary_table_2.csv:860,missing_sequence_dictionary_entry,net1_114:164+ness
moffatt_gse334718,supplementary_table_2.csv:863,missing_sequence_dictionary_entry,cdc42bpg_140:150+ness
moffatt_gse334718,supplementary_table_2.csv:867,missing_sequence_dictionary_entry,net1_110:115+ness
moffatt_gse334718,supplementary_table_2.csv:869,missing_sequence_dictionary_entry,cdc42bpg_188:198+ness
moffatt_gse334718,supplementary_table_2.csv:873,missing_sequence_dictionary_entry,trak2_90:110+ness
moffatt_gse334718,supplementary_table_2.csv:874,missing_sequence_dictionary_entry,cplx2_63:83+ness
moffatt_gse334718,supplementary_table_2.csv:875,missing_sequence_dictionary_entry,trp53inp2_98:108+ness
moffatt_gse334718,supplementary_table_2.csv:881,missing_sequence_dictionary_entry,gdf11_216:221+ness
moffatt_gse334718,supplementary_table_2.csv:888,missing_sequence_dictionary_entry,trak2_114:119+ness
moffatt_gse334718,supplementary_table_2.csv:892,missing_sequence_dictionary_entry,net1_88:108+ness
moffatt_gse334718,supplementary_table_2.csv:894,missing_sequence_dictionary_entry,trak2_149:169+ness
moffatt_gse334718,supplementary_table_2.csv:898,missing_sequence_dictionary_entry,trak2_148:168+ness
moffatt_gse334718,supplementary_table_2.csv:903,missing_sequence_dictionary_entry,cplx2_180:190+ness
moffatt_gse334718,supplementary_table_2.csv:905,missing_sequence_dictionary_entry,trak2_171:176+ness
moffatt_gse334718,supplementary_table_2.csv:908,missing_sequence_dictionary_entry,trp53inp2_150:155+ness
moffatt_gse334718,supplementary_table_2.csv:909,missing_sequence_dictionary_entry,gdf11_109:114+ness
moffatt_gse334718,supplementary_table_2.csv:910,missing_sequence_dictionary_entry,cdc42bpg_123:143+ness
moffatt_gse334718,supplementary_table_2.csv:914,missing_sequence_dictionary_entry,trak2_125:130+ness
moffatt_gse334718,supplementary_table_2.csv:915,missing_sequence_dictionary_entry,net1_14:19+ness
moffatt_gse334718,supplementary_table_2.csv:917,missing_sequence_dictionary_entry,cdc42bpg_221:226+ness
moffatt_gse334718,supplementary_table_2.csv:918,missing_sequence_dictionary_entry,trak2_168:173+ness
moffatt_gse334718,supplementary_table_2.csv:925,missing_sequence_dictionary_entry,gdf11_127:132+ness
moffatt_gse334718,supplementary_table_2.csv:929,missing_sequence_dictionary_entry,net1_141:191+ness
moffatt_gse334718,supplementary_table_2.csv:933,missing_sequence_dictionary_entry,trp53inp2_100:110+ness
moffatt_gse334718,supplementary_table_2.csv:936,missing_sequence_dictionary_entry,net1_95:115+ness
moffatt_gse334718,supplementary_table_2.csv:941,missing_sequence_dictionary_entry,gdf11_189:199+ness
moffatt_gse334718,supplementary_table_2.csv:943,missing_sequence_dictionary_entry,trak2_226:246+ness
moffatt_gse334718,supplementary_table_2.csv:945,missing_sequence_dictionary_entry,trak2_170:190+ness
moffatt_gse334718,supplementary_table_2.csv:948,missing_sequence_dictionary_entry,net1_152:202+ness
moffatt_gse334718,supplementary_table_2.csv:951,missing_sequence_dictionary_entry,net1_75:80+ness
moffatt_gse334718,supplementary_table_2.csv:954,missing_sequence_dictionary_entry,net1_115:125+ness
moffatt_gse334718,supplementary_table_2.csv:955,missing_sequence_dictionary_entry,cplx2_44:54+ness
moffatt_gse334718,supplementary_table_2.csv:961,missing_sequence_dictionary_entry,net1_182:232+ness
moffatt_gse334718,supplementary_table_2.csv:969,missing_sequence_dictionary_entry,net1_97:117+ness
moffatt_gse334718,supplementary_table_2.csv:970,missing_sequence_dictionary_entry,net1_62:72+ness
moffatt_gse334718,supplementary_table_2.csv:972,missing_sequence_dictionary_entry,net1_169:219+ness
moffatt_gse334718,supplementary_table_2.csv:974,missing_sequence_dictionary_entry,gdf11_19:24+ness
moffatt_gse334718,supplementary_table_2.csv:982,missing_sequence_dictionary_entry,net1_120:130+ness
moffatt_gse334718,supplementary_table_2.csv:984,missing_sequence_dictionary_entry,cplx2_36:41+ness
moffatt_gse334718,supplementary_table_2.csv:987,missing_sequence_dictionary_entry,cdc42bpg_237:242+ness
moffatt_gse334718,supplementary_table_2.csv:992,missing_sequence_dictionary_entry,trp53inp2_103:108+ness
moffatt_gse334718,supplementary_table_2.csv:996,missing_sequence_dictionary_entry,cdc42bpg_208:213+ness
moffatt_gse334718,supplementary_table_2.csv:998,missing_sequence_dictionary_entry,trp53inp2_19:24+ness
moffatt_gse334718,supplementary_table_2.csv:1001,missing_sequence_dictionary_entry,trak2_69:89+ness
moffatt_gse334718,supplementary_table_2.csv:1004,missing_sequence_dictionary_entry,gdf11_59:64+ness
moffatt_gse334718,supplementary_table_2.csv:1006,missing_sequence_dictionary_entry,trak2_121:141+ness
moffatt_gse334718,supplementary_table_2.csv:1007,missing_sequence_dictionary_entry,gdf11_101:111+ness
moffatt_gse334718,supplementary_table_2.csv:1008,missing_sequence_dictionary_entry,gdf11_111:131+ness
moffatt_gse334718,supplementary_table_2.csv:1012,missing_sequence_dictionary_entry,gdf11_77:82+ness
moffatt_gse334718,supplementary_table_2.csv:1014,missing_sequence_dictionary_entry,net1_130:135+ness
moffatt_gse334718,supplementary_table_2.csv:1017,missing_sequence_dictionary_entry,gdf11_151:161+ness
moffatt_gse334718,supplementary_table_2.csv:1023,missing_sequence_dictionary_entry,trp53inp2_106:126+ness
moffatt_gse334718,supplementary_table_2.csv:1028,missing_sequence_dictionary_entry,trp53inp2_116:166+ness
moffatt_gse334718,supplementary_table_2.csv:1030,missing_sequence_dictionary_entry,trak2_187:237+ness
moffatt_gse334718,supplementary_table_2.csv:1036,missing_sequence_dictionary_entry,net1_183:193+ness
moffatt_gse334718,supplementary_table_2.csv:1038,missing_sequence_dictionary_entry,cplx2_117:167+ness
moffatt_gse334718,supplementary_table_2.csv:1051,missing_sequence_dictionary_entry,trak2_193:203+ness
moffatt_gse334718,supplementary_table_2.csv:1052,missing_sequence_dictionary_entry,cdc42bpg_206:256+ness
moffatt_gse334718,supplementary_table_2.csv:1054,missing_sequence_dictionary_entry,gdf11_151:171+ness
moffatt_gse334718,supplementary_table_2.csv:1055,missing_sequence_dictionary_entry,trak2_116:136+ness
moffatt_gse334718,supplementary_table_2.csv:1056,missing_sequence_dictionary_entry,cplx2_160:210+ness
moffatt_gse334718,supplementary_table_2.csv:1058,missing_sequence_dictionary_entry,net1_104:204+ness
moffatt_gse334718,supplementary_table_2.csv:1059,missing_sequence_dictionary_entry,rab13_218:223+ness
moffatt_gse334718,supplementary_table_2.csv:1061,missing_sequence_dictionary_entry,gdf11_181:231+ness
moffatt_gse334718,supplementary_table_2.csv:1062,missing_sequence_dictionary_entry,trak2_109:129+ness
moffatt_gse334718,supplementary_table_2.csv:1063,missing_sequence_dictionary_entry,trp53inp2_132:152+ness
moffatt_gse334718,supplementary_table_2.csv:1066,missing_sequence_dictionary_entry,net1_36:46+ness
moffatt_gse334718,supplementary_table_2.csv:1079,missing_sequence_dictionary_entry,trp53inp2_138:148+ness
moffatt_gse334718,supplementary_table_2.csv:1081,missing_sequence_dictionary_entry,gdf11_188:198+ness
moffatt_gse334718,supplementary_table_2.csv:1083,missing_sequence_dictionary_entry,trak2_66:71+ness
moffatt_gse334718,supplementary_table_2.csv:1084,missing_sequence_dictionary_entry,trak2_197:207+ness
moffatt_gse334718,supplementary_table_2.csv:1087,missing_sequence_dictionary_entry,net1_17:27+ness
moffatt_gse334718,supplementary_table_2.csv:1088,missing_sequence_dictionary_entry,net1_22:27+ness
moffatt_gse334718,supplementary_table_2.csv:1096,missing_sequence_dictionary_entry,gdf11_152:157+ness
moffatt_gse334718,supplementary_table_2.csv:1097,missing_sequence_dictionary_entry,trak2_243:253+ness
moffatt_gse334718,supplementary_table_2.csv:1098,missing_sequence_dictionary_entry,net1_43:53+ness
moffatt_gse334718,supplementary_table_2.csv:1099,missing_sequence_dictionary_entry,gdf11_36:236+ness
moffatt_gse334718,supplementary_table_2.csv:1100,missing_sequence_dictionary_entry,gdf11_117:167+ness
moffatt_gse334718,supplementary_table_2.csv:1105,missing_sequence_dictionary_entry,trak2_216:226+ness
moffatt_gse334718,supplementary_table_2.csv:1106,missing_sequence_dictionary_entry,cplx2_21:41+ness
moffatt_gse334718,supplementary_table_2.csv:1108,missing_sequence_dictionary_entry,net1_139:189+ness
moffatt_gse334718,supplementary_table_2.csv:1111,missing_sequence_dictionary_entry,gdf11_103:113+ness
moffatt_gse334718,supplementary_table_2.csv:1113,missing_sequence_dictionary_entry,trak2_82:102+ness
moffatt_gse334718,supplementary_table_2.csv:1116,missing_sequence_dictionary_entry,cplx2_33:83+ness
moffatt_gse334718,supplementary_table_2.csv:1117,missing_sequence_dictionary_entry,net1_11:16+ness
moffatt_gse334718,supplementary_table_2.csv:1118,missing_sequence_dictionary_entry,trak2_119:169+ness
moffatt_gse334718,supplementary_table_2.csv:1122,missing_sequence_dictionary_entry,net1_103:108+ness
moffatt_gse334718,supplementary_table_2.csv:1124,missing_sequence_dictionary_entry,trak2_23:73+ness
moffatt_gse334718,supplementary_table_2.csv:1127,missing_sequence_dictionary_entry,cdc42bpg_158:258+ness
moffatt_gse334718,supplementary_table_2.csv:1129,missing_sequence_dictionary_entry,trp53inp2_97:107+ness
moffatt_gse334718,supplementary_table_2.csv:1132,missing_sequence_dictionary_entry,trak2_155:165+ness
moffatt_gse334718,supplementary_table_2.csv:1135,missing_sequence_dictionary_entry,gdf11_227:247+ness
moffatt_gse334718,supplementary_table_2.csv:1136,missing_sequence_dictionary_entry,trp53inp2_179:189+ness
moffatt_gse334718,supplementary_table_2.csv:1144,missing_sequence_dictionary_entry,gdf11_201:221+ness
moffatt_gse334718,supplementary_table_2.csv:1147,missing_sequence_dictionary_entry,net1_71:221+ness
moffatt_gse334718,supplementary_table_2.csv:1154,missing_sequence_dictionary_entry,cplx2_46:96+ness
moffatt_gse334718,supplementary_table_2.csv:1158,missing_sequence_dictionary_entry,trp53inp2_126:131+ness
moffatt_gse334718,supplementary_table_2.csv:1161,missing_sequence_dictionary_entry,trak2_195:205+ness
moffatt_gse334718,supplementary_table_2.csv:1165,missing_sequence_dictionary_entry,cdc42bpg_106:256+ness
moffatt_gse334718,supplementary_table_2.csv:1167,missing_sequence_dictionary_entry,trak2_68:88+ness
moffatt_gse334718,supplementary_table_2.csv:1178,missing_sequence_dictionary_entry,trp53inp2_254:259+ness
moffatt_gse334718,supplementary_table_2.csv:1180,missing_sequence_dictionary_entry,cplx2_139:144+ness
moffatt_gse334718,supplementary_table_2.csv:1181,missing_sequence_dictionary_entry,trak2_192:202+ness
moffatt_gse334718,supplementary_table_2.csv:1184,missing_sequence_dictionary_entry,cdc42bpg_160:210+ness
moffatt_gse334718,supplementary_table_2.csv:1186,missing_sequence_dictionary_entry,gdf11_131:151+ness
moffatt_gse334718,supplementary_table_2.csv:1187,missing_sequence_dictionary_entry,cplx2_9:109+ness
moffatt_gse334718,supplementary_table_2.csv:1188,missing_sequence_dictionary_entry,net1_134:184+ness
moffatt_gse334718,supplementary_table_2.csv:1199,missing_sequence_dictionary_entry,trak2_115:165+ness
moffatt_gse334718,supplementary_table_2.csv:1204,missing_sequence_dictionary_entry,net1_135:185+ness
moffatt_gse334718,supplementary_table_2.csv:1206,missing_sequence_dictionary_entry,net1_224:234+ness
moffatt_gse334718,supplementary_table_2.csv:1208,missing_sequence_dictionary_entry,cdc42bpg_104:204+ness
moffatt_gse334718,supplementary_table_2.csv:1211,missing_sequence_dictionary_entry,trp53inp2_25:35+ness
moffatt_gse334718,supplementary_table_2.csv:1213,missing_sequence_dictionary_entry,gdf11_78:88+ness
moffatt_gse334718,supplementary_table_2.csv:1215,missing_sequence_dictionary_entry,net1_53:103+ness
moffatt_gse334718,supplementary_table_2.csv:1222,missing_sequence_dictionary_entry,trp53inp2_255:260+ness
moffatt_gse334718,supplementary_table_2.csv:1224,missing_sequence_dictionary_entry,gdf11_206:216+ness
moffatt_gse334718,supplementary_table_2.csv:1231,missing_sequence_dictionary_entry,net1_27:77+ness
moffatt_gse334718,supplementary_table_2.csv:1233,missing_sequence_dictionary_entry,cdc42bpg_79:129+ness
moffatt_gse334718,supplementary_table_2.csv:1236,missing_sequence_dictionary_entry,cplx2_235:240+ness
moffatt_gse334718,supplementary_table_2.csv:1238,missing_sequence_dictionary_entry,net1_242:252+ness
moffatt_gse334718,supplementary_table_2.csv:1239,missing_sequence_dictionary_entry,trak2_129:179+ness
moffatt_gse334718,supplementary_table_2.csv:1241,missing_sequence_dictionary_entry,trak2_38:48+ness
moffatt_gse334718,supplementary_table_2.csv:1243,missing_sequence_dictionary_entry,trp53inp2_23:223+ness
moffatt_gse334718,supplementary_table_2.csv:1244,missing_sequence_dictionary_entry,net1_127:132+ness
moffatt_gse334718,supplementary_table_2.csv:1252,missing_sequence_dictionary_entry,gdf11_153:173+ness
moffatt_gse334718,supplementary_table_2.csv:1259,missing_sequence_dictionary_entry,trak2_201:211+ness
moffatt_gse334718,supplementary_table_2.csv:1265,missing_sequence_dictionary_entry,trak2_212:222+ness
moffatt_gse334718,supplementary_table_2.csv:1270,missing_sequence_dictionary_entry,trak2_59:64+ness
moffatt_gse334718,supplementary_table_2.csv:1271,missing_sequence_dictionary_entry,net1_131:181+ness
moffatt_gse334718,supplementary_table_2.csv:1275,missing_sequence_dictionary_entry,cdc42bpg_6:11+ness
moffatt_gse334718,supplementary_table_2.csv:1276,missing_sequence_dictionary_entry,trp53inp2_106:156+ness
moffatt_gse334718,supplementary_table_2.csv:1282,missing_sequence_dictionary_entry,trp53inp2_189:194+ness
moffatt_gse334718,supplementary_table_2.csv:1283,missing_sequence_dictionary_entry,cplx2_235:255+ness
moffatt_gse334718,supplementary_table_2.csv:1285,missing_sequence_dictionary_entry,trp53inp2_28:38+ness
moffatt_gse334718,supplementary_table_2.csv:1291,missing_sequence_dictionary_entry,net1_48:53+ness
moffatt_gse334718,supplementary_table_2.csv:1292,missing_sequence_dictionary_entry,cplx2_73:78+ness
moffatt_gse334718,supplementary_table_2.csv:1293,missing_sequence_dictionary_entry,rab13_192:202+ness
moffatt_gse334718,supplementary_table_2.csv:1294,missing_sequence_dictionary_entry,net1_160:170+ness
moffatt_gse334718,supplementary_table_2.csv:1295,missing_sequence_dictionary_entry,net1_110:160+ness
moffatt_gse334718,supplementary_table_2.csv:1296,missing_sequence_dictionary_entry,trak2_33:38+ness
moffatt_gse334718,supplementary_table_2.csv:1298,missing_sequence_dictionary_entry,rab13_171:176+ness
moffatt_gse334718,supplementary_table_2.csv:1299,missing_sequence_dictionary_entry,net1_40:90+ness
moffatt_gse334718,supplementary_table_2.csv:1301,missing_sequence_dictionary_entry,trak2_247:252+ness
moffatt_gse334718,supplementary_table_2.csv:1304,missing_sequence_dictionary_entry,trak2_202:212+ness
moffatt_gse334718,supplementary_table_2.csv:1305,missing_sequence_dictionary_entry,trp53inp2_204:214+ness
moffatt_gse334718,supplementary_table_2.csv:1309,missing_sequence_dictionary_entry,net1_174:184+ness
moffatt_gse334718,supplementary_table_2.csv:1312,missing_sequence_dictionary_entry,net1_125:135+ness
moffatt_gse334718,supplementary_table_2.csv:1313,missing_sequence_dictionary_entry,net1_3:8+ness
moffatt_gse334718,supplementary_table_2.csv:1316,missing_sequence_dictionary_entry,trp53inp2_201:221+ness
moffatt_gse334718,supplementary_table_2.csv:1320,missing_sequence_dictionary_entry,trak2_104:124+ness
moffatt_gse334718,supplementary_table_2.csv:1325,missing_sequence_dictionary_entry,gdf11_100:120+ness
moffatt_gse334718,supplementary_table_2.csv:1326,missing_sequence_dictionary_entry,cplx2_141:191+ness
moffatt_gse334718,supplementary_table_2.csv:1329,missing_sequence_dictionary_entry,trp53inp2_172:177+ness
moffatt_gse334718,supplementary_table_2.csv:1330,missing_sequence_dictionary_entry,cplx2_78:228+ness
moffatt_gse334718,supplementary_table_2.csv:1334,missing_sequence_dictionary_entry,trak2_134:154+ness
moffatt_gse334718,supplementary_table_2.csv:1336,missing_sequence_dictionary_entry,net1_117:137+ness
moffatt_gse334718,supplementary_table_2.csv:1340,missing_sequence_dictionary_entry,trak2_68:78+ness
moffatt_gse334718,supplementary_table_2.csv:1342,missing_sequence_dictionary_entry,gdf11_199:219+ness
moffatt_gse334718,supplementary_table_2.csv:1346,missing_sequence_dictionary_entry,cdc42bpg_153:173+ness
moffatt_gse334718,supplementary_table_2.csv:1349,missing_sequence_dictionary_entry,gdf11_36:136+ness
moffatt_gse334718,supplementary_table_2.csv:1351,missing_sequence_dictionary_entry,gdf11_93:103+ness
moffatt_gse334718,supplementary_table_2.csv:1357,missing_sequence_dictionary_entry,gdf11_41:91+ness
moffatt_gse334718,supplementary_table_2.csv:1360,missing_sequence_dictionary_entry,trak2_196:206+ness
moffatt_gse334718,supplementary_table_2.csv:1361,missing_sequence_dictionary_entry,net1_148:198+ness
moffatt_gse334718,supplementary_table_2.csv:1362,missing_sequence_dictionary_entry,net1_44:54+ness
moffatt_gse334718,supplementary_table_2.csv:1370,missing_sequence_dictionary_entry,net1_11:61+ness
moffatt_gse334718,supplementary_table_2.csv:1384,missing_sequence_dictionary_entry,gdf11_67:77+ness
moffatt_gse334718,supplementary_table_2.csv:1390,missing_sequence_dictionary_entry,gdf11_168:178+ness
moffatt_gse334718,supplementary_table_2.csv:1395,missing_sequence_dictionary_entry,trak2_45:55+ness
moffatt_gse334718,supplementary_table_2.csv:1400,missing_sequence_dictionary_entry,trak2_129:134+ness
moffatt_gse334718,supplementary_table_2.csv:1406,missing_sequence_dictionary_entry,net1_225:235+ness
moffatt_gse334718,supplementary_table_2.csv:1408,missing_sequence_dictionary_entry,trp53inp2_102:107+ness
moffatt_gse334718,supplementary_table_2.csv:1410,missing_sequence_dictionary_entry,gdf11_155:160+ness
moffatt_gse334718,supplementary_table_2.csv:1412,missing_sequence_dictionary_entry,trak2_79:84+ness
moffatt_gse334718,supplementary_table_2.csv:1416,missing_sequence_dictionary_entry,trak2_62:82+ness
moffatt_gse334718,supplementary_table_2.csv:1419,missing_sequence_dictionary_entry,trp53inp2_121:126+ness
moffatt_gse334718,supplementary_table_2.csv:1421,missing_sequence_dictionary_entry,trak2_163:213+ness
moffatt_gse334718,supplementary_table_2.csv:1423,missing_sequence_dictionary_entry,trak2_179:184+ness
moffatt_gse334718,supplementary_table_2.csv:1425,missing_sequence_dictionary_entry,trp53inp2_140:150+ness
moffatt_gse334718,supplementary_table_2.csv:1428,missing_sequence_dictionary_entry,trp53inp2_111:131+ness
moffatt_gse334718,supplementary_table_2.csv:1429,missing_sequence_dictionary_entry,trp53inp2_148:153+ness
moffatt_gse334718,supplementary_table_2.csv:1430,missing_sequence_dictionary_entry,trak2_126:131+ness
moffatt_gse334718,supplementary_table_2.csv:1431,missing_sequence_dictionary_entry,trak2_231:236+ness
moffatt_gse334718,supplementary_table_2.csv:1433,missing_sequence_dictionary_entry,net1_124:134+ness
moffatt_gse334718,supplementary_table_2.csv:1435,missing_sequence_dictionary_entry,trak2_254:259+ness
moffatt_gse334718,supplementary_table_2.csv:1437,missing_sequence_dictionary_entry,trp53inp2_42:142+ness
moffatt_gse334718,supplementary_table_2.csv:1442,missing_sequence_dictionary_entry,cdc42bpg_218:223+ness
moffatt_gse334718,supplementary_table_2.csv:1443,missing_sequence_dictionary_entry,gdf11_205:215+ness
moffatt_gse334718,supplementary_table_2.csv:1445,missing_sequence_dictionary_entry,net1_73:93+ness
moffatt_gse334718,supplementary_table_2.csv:1447,missing_sequence_dictionary_entry,trak2_223:233+ness
moffatt_gse334718,supplementary_table_2.csv:1448,missing_sequence_dictionary_entry,net1_67:72+ness
moffatt_gse334718,supplementary_table_2.csv:1453,missing_sequence_dictionary_entry,gdf11_37:57+ness
moffatt_gse334718,supplementary_table_2.csv:1463,missing_sequence_dictionary_entry,trp53inp2_151:161+ness
moffatt_gse334718,supplementary_table_2.csv:1465,missing_sequence_dictionary_entry,cplx2_166:186+ness
moffatt_gse334718,supplementary_table_2.csv:1467,missing_sequence_dictionary_entry,gdf11_169:189+ness
moffatt_gse334718,supplementary_table_2.csv:1469,missing_sequence_dictionary_entry,cdc42bpg_181:186+ness
moffatt_gse334718,supplementary_table_2.csv:1470,missing_sequence_dictionary_entry,rab13_27:127+ness
moffatt_gse334718,supplementary_table_2.csv:1471,missing_sequence_dictionary_entry,trak2_37:57+ness
moffatt_gse334718,supplementary_table_2.csv:1472,missing_sequence_dictionary_entry,gdf11_151:156+ness
moffatt_gse334718,supplementary_table_2.csv:1473,missing_sequence_dictionary_entry,trak2_22:72+ness
moffatt_gse334718,supplementary_table_2.csv:1480,missing_sequence_dictionary_entry,cplx2_39:89+ness
moffatt_gse334718,supplementary_table_2.csv:1481,missing_sequence_dictionary_entry,net1_121:171+ness
moffatt_gse334718,supplementary_table_2.csv:1486,missing_sequence_dictionary_entry,rab13_100:105+ness
moffatt_gse334718,supplementary_table_2.csv:1487,missing_sequence_dictionary_entry,net1_87:97+ness
moffatt_gse334718,supplementary_table_2.csv:1493,missing_sequence_dictionary_entry,net1_248:253+ness
moffatt_gse334718,supplementary_table_2.csv:1496,missing_sequence_dictionary_entry,trp53inp2_132:142+ness
moffatt_gse334718,supplementary_table_2.csv:1497,missing_sequence_dictionary_entry,trp53inp2_195:200+ness
moffatt_gse334718,supplementary_table_2.csv:1498,missing_sequence_dictionary_entry,net1_159:259+ness
moffatt_gse334718,supplementary_table_2.csv:1500,missing_sequence_dictionary_entry,trak2_148:158+ness
moffatt_gse334718,supplementary_table_2.csv:1506,missing_sequence_dictionary_entry,gdf11_124:144+ness
moffatt_gse334718,supplementary_table_2.csv:1513,missing_sequence_dictionary_entry,gdf11_27:177+ness
moffatt_gse334718,supplementary_table_2.csv:1521,missing_sequence_dictionary_entry,trak2_129:139+ness
moffatt_gse334718,supplementary_table_2.csv:1523,missing_sequence_dictionary_entry,trak2_127:147+ness
moffatt_gse334718,supplementary_table_2.csv:1524,missing_sequence_dictionary_entry,trak2_92:112+ness
moffatt_gse334718,supplementary_table_2.csv:1527,missing_sequence_dictionary_entry,trak2_38:58+ness
moffatt_gse334718,supplementary_table_2.csv:1531,missing_sequence_dictionary_entry,trak2_6:26+ness
moffatt_gse334718,supplementary_table_2.csv:1535,missing_sequence_dictionary_entry,trak2_120:130+ness
moffatt_gse334718,supplementary_table_2.csv:1536,missing_sequence_dictionary_entry,trak2_42:52+ness
moffatt_gse334718,supplementary_table_2.csv:1539,missing_sequence_dictionary_entry,trp53inp2_205:225+ness
moffatt_gse334718,supplementary_table_2.csv:1540,missing_sequence_dictionary_entry,gdf11_146:156+ness
moffatt_gse334718,supplementary_table_2.csv:1546,missing_sequence_dictionary_entry,trp53inp2_136:146+ness
moffatt_gse334718,supplementary_table_2.csv:1547,missing_sequence_dictionary_entry,gdf11_12:32+ness
moffatt_gse334718,supplementary_table_2.csv:1550,missing_sequence_dictionary_entry,trp53inp2_162:182+ness
moffatt_gse334718,supplementary_table_2.csv:1551,missing_sequence_dictionary_entry,gdf11_30:80+ness
moffatt_gse334718,supplementary_table_2.csv:1555,missing_sequence_dictionary_entry,trp53inp2_88:98+ness
moffatt_gse334718,supplementary_table_2.csv:1556,missing_sequence_dictionary_entry,trak2_117:137+ness
moffatt_gse334718,supplementary_table_2.csv:1559,missing_sequence_dictionary_entry,cplx2_12:22+ness
moffatt_gse334718,supplementary_table_2.csv:1562,missing_sequence_dictionary_entry,net1_113:133+ness
moffatt_gse334718,supplementary_table_2.csv:1564,missing_sequence_dictionary_entry,trak2_228:238+ness
moffatt_gse334718,supplementary_table_2.csv:1571,missing_sequence_dictionary_entry,trak2_112:132+ness
moffatt_gse334718,supplementary_table_2.csv:1572,missing_sequence_dictionary_entry,trak2_12:22+ness
moffatt_gse334718,supplementary_table_2.csv:1575,missing_sequence_dictionary_entry,net1_37:187+ness
moffatt_gse334718,supplementary_table_2.csv:1577,missing_sequence_dictionary_entry,net1_56:66+ness
moffatt_gse334718,supplementary_table_2.csv:1578,missing_sequence_dictionary_entry,net1_128:178+ness
moffatt_gse334718,supplementary_table_2.csv:1582,missing_sequence_dictionary_entry,cdc42bpg_195:245+ness
moffatt_gse334718,supplementary_table_2.csv:1585,missing_sequence_dictionary_entry,trp53inp2_183:203+ness
moffatt_gse334718,supplementary_table_2.csv:1590,missing_sequence_dictionary_entry,trak2_164:184+ness
moffatt_gse334718,supplementary_table_2.csv:1592,missing_sequence_dictionary_entry,gdf11_126:131+ness
moffatt_gse334718,supplementary_table_2.csv:1594,missing_sequence_dictionary_entry,gdf11_143:193+ness
moffatt_gse334718,supplementary_table_2.csv:1597,missing_sequence_dictionary_entry,trak2_3:23+ness
moffatt_gse334718,supplementary_table_2.csv:1601,missing_sequence_dictionary_entry,cplx2_33:53+ness
moffatt_gse334718,supplementary_table_2.csv:1603,missing_sequence_dictionary_entry,cplx2_7:107+ness
moffatt_gse334718,supplementary_table_2.csv:1605,missing_sequence_dictionary_entry,trp53inp2_212:222+ness
moffatt_gse334718,supplementary_table_2.csv:1607,missing_sequence_dictionary_entry,net1_59:79+ness
moffatt_gse334718,supplementary_table_2.csv:1608,missing_sequence_dictionary_entry,cplx2_250:255+ness
moffatt_gse334718,supplementary_table_2.csv:1609,missing_sequence_dictionary_entry,cplx2_244:249+ness
moffatt_gse334718,supplementary_table_2.csv:1612,missing_sequence_dictionary_entry,trp53inp2_93:193+ness
moffatt_gse334718,supplementary_table_2.csv:1614,missing_sequence_dictionary_entry,net1_107:117+ness
moffatt_gse334718,supplementary_table_2.csv:1616,missing_sequence_dictionary_entry,gdf11_137:157+ness
moffatt_gse334718,supplementary_table_2.csv:1617,missing_sequence_dictionary_entry,gdf11_184:189+ness
moffatt_gse334718,supplementary_table_2.csv:1624,missing_sequence_dictionary_entry,rab13_125:130+ness
moffatt_gse334718,supplementary_table_2.csv:1628,missing_sequence_dictionary_entry,cplx2_46:66+ness
moffatt_gse334718,supplementary_table_2.csv:1629,missing_sequence_dictionary_entry,gdf11_76:86+ness
moffatt_gse334718,supplementary_table_2.csv:1630,missing_sequence_dictionary_entry,net1_117:122+ness
moffatt_gse334718,supplementary_table_2.csv:1631,missing_sequence_dictionary_entry,net1_145:155+ness
moffatt_gse334718,supplementary_table_2.csv:1634,missing_sequence_dictionary_entry,gdf11_184:234+ness
moffatt_gse334718,supplementary_table_2.csv:1638,missing_sequence_dictionary_entry,gdf11_234:254+ness
moffatt_gse334718,supplementary_table_2.csv:1645,missing_sequence_dictionary_entry,net1_92:192+ness
moffatt_gse334718,supplementary_table_2.csv:1649,missing_sequence_dictionary_entry,cplx2_183:233+ness
moffatt_gse334718,supplementary_table_2.csv:1653,missing_sequence_dictionary_entry,cplx2_21:26+ness
moffatt_gse334718,supplementary_table_2.csv:1659,missing_sequence_dictionary_entry,net1_97:147+ness
moffatt_gse334718,supplementary_table_2.csv:1662,missing_sequence_dictionary_entry,net1_98:108+ness
moffatt_gse334718,supplementary_table_2.csv:1665,missing_sequence_dictionary_entry,net1_98:103+ness
moffatt_gse334718,supplementary_table_2.csv:1670,missing_sequence_dictionary_entry,cdc42bpg_161:211+ness
moffatt_gse334718,supplementary_table_2.csv:1673,missing_sequence_dictionary_entry,cplx2_7:27+ness
moffatt_gse334718,supplementary_table_2.csv:1675,missing_sequence_dictionary_entry,cplx2_38:48+ness
moffatt_gse334718,supplementary_table_2.csv:1681,missing_sequence_dictionary_entry,net1_78:83+ness
moffatt_gse334718,supplementary_table_2.csv:1684,missing_sequence_dictionary_entry,net1_6:106+ness
moffatt_gse334718,supplementary_table_2.csv:1694,missing_sequence_dictionary_entry,cplx2_132:232+ness
moffatt_gse334718,supplementary_table_2.csv:1698,missing_sequence_dictionary_entry,trak2_85:90+ness
moffatt_gse334718,supplementary_table_2.csv:1699,missing_sequence_dictionary_entry,trak2_164:214+ness
moffatt_gse334718,supplementary_table_2.csv:1701,missing_sequence_dictionary_entry,net1_77:127+ness
moffatt_gse334718,supplementary_table_2.csv:1702,missing_sequence_dictionary_entry,cplx2_30:50+ness
moffatt_gse334718,supplementary_table_2.csv:1703,missing_sequence_dictionary_entry,trp53inp2_86:91+ness
moffatt_gse334718,supplementary_table_2.csv:1712,missing_sequence_dictionary_entry,trp53inp2_230:240+ness
moffatt_gse334718,supplementary_table_2.csv:1713,missing_sequence_dictionary_entry,trak2_158:178+ness
moffatt_gse334718,supplementary_table_2.csv:1723,missing_sequence_dictionary_entry,gdf11_24:34+ness
moffatt_gse334718,supplementary_table_2.csv:1727,missing_sequence_dictionary_entry,net1_125:130+ness
moffatt_gse334718,supplementary_table_2.csv:1728,missing_sequence_dictionary_entry,net1_189:194+ness
moffatt_gse334718,supplementary_table_2.csv:1730,missing_sequence_dictionary_entry,trp53inp2_118:128+ness
moffatt_gse334718,supplementary_table_2.csv:1733,missing_sequence_dictionary_entry,net1_91:96+ness
moffatt_gse334718,supplementary_table_2.csv:1734,missing_sequence_dictionary_entry,trak2_168:178+ness
moffatt_gse334718,supplementary_table_2.csv:1735,missing_sequence_dictionary_entry,rab13_198:203+ness
moffatt_gse334718,supplementary_table_2.csv:1738,missing_sequence_dictionary_entry,gdf11_236:256+ness
moffatt_gse334718,supplementary_table_2.csv:1739,missing_sequence_dictionary_entry,trp53inp2_185:190+ness
moffatt_gse334718,supplementary_table_2.csv:1741,missing_sequence_dictionary_entry,gdf11_204:224+ness
moffatt_gse334718,supplementary_table_2.csv:1746,missing_sequence_dictionary_entry,net1_124:129+ness
moffatt_gse334718,supplementary_table_2.csv:1747,missing_sequence_dictionary_entry,trp53inp2_148:168+ness
moffatt_gse334718,supplementary_table_2.csv:1752,missing_sequence_dictionary_entry,net1_32:42+ness
moffatt_gse334718,supplementary_table_2.csv:1757,missing_sequence_dictionary_entry,trak2_82:87+ness
moffatt_gse334718,supplementary_table_2.csv:1760,missing_sequence_dictionary_entry,net1_112:132+ness
moffatt_gse334718,supplementary_table_2.csv:1762,missing_sequence_dictionary_entry,net1_16:21+ness
moffatt_gse334718,supplementary_table_2.csv:1764,missing_sequence_dictionary_entry,cdc42bpg_137:142+ness
moffatt_gse334718,supplementary_table_2.csv:1766,missing_sequence_dictionary_entry,cdc42bpg_175:225+ness
moffatt_gse334718,supplementary_table_2.csv:1769,missing_sequence_dictionary_entry,cplx2_241:246+ness
moffatt_gse334718,supplementary_table_2.csv:1770,missing_sequence_dictionary_entry,trak2_17:22+ness
moffatt_gse334718,supplementary_table_2.csv:1773,missing_sequence_dictionary_entry,trak2_25:35+ness
moffatt_gse334718,supplementary_table_2.csv:1774,missing_sequence_dictionary_entry,net1_39:189+ness
moffatt_gse334718,supplementary_table_2.csv:1775,missing_sequence_dictionary_entry,trak2_93:243+ness
moffatt_gse334718,supplementary_table_2.csv:1779,missing_sequence_dictionary_entry,net1_47:52+ness
moffatt_gse334718,supplementary_table_2.csv:1780,missing_sequence_dictionary_entry,cdc42bpg_202:212+ness
moffatt_gse334718,supplementary_table_2.csv:1782,missing_sequence_dictionary_entry,cdc42bpg_204:214+ness
moffatt_gse334718,supplementary_table_2.csv:1791,missing_sequence_dictionary_entry,gdf11_111:161+ness
moffatt_gse334718,supplementary_table_2.csv:1792,missing_sequence_dictionary_entry,trak2_50:55+ness
moffatt_gse334718,supplementary_table_2.csv:1796,missing_sequence_dictionary_entry,trak2_8:28+ness
moffatt_gse334718,supplementary_table_2.csv:1799,missing_sequence_dictionary_entry,trp53inp2_5:10+ness
moffatt_gse334718,supplementary_table_2.csv:1800,missing_sequence_dictionary_entry,trp53inp2_166:186+ness
moffatt_gse334718,supplementary_table_2.csv:1802,missing_sequence_dictionary_entry,net1_13:23+ness
moffatt_gse334718,supplementary_table_2.csv:1806,missing_sequence_dictionary_entry,trak2_48:58+ness
moffatt_gse334718,supplementary_table_2.csv:1809,missing_sequence_dictionary_entry,net1_44:49+ness
moffatt_gse334718,supplementary_table_2.csv:1811,missing_sequence_dictionary_entry,gdf11_233:238+ness
moffatt_gse334718,supplementary_table_2.csv:1815,missing_sequence_dictionary_entry,net1_249:259+ness
moffatt_gse334718,supplementary_table_2.csv:1828,missing_sequence_dictionary_entry,net1_82:132+ness
moffatt_gse334718,supplementary_table_2.csv:1829,missing_sequence_dictionary_entry,cplx2_192:202+ness
moffatt_gse334718,supplementary_table_2.csv:1833,missing_sequence_dictionary_entry,trak2_63:73+ness
moffatt_gse334718,supplementary_table_2.csv:1839,missing_sequence_dictionary_entry,trp53inp2_40:50+ness
moffatt_gse334718,supplementary_table_2.csv:1848,missing_sequence_dictionary_entry,trak2_244:249+ness
moffatt_gse334718,supplementary_table_2.csv:1851,missing_sequence_dictionary_entry,trak2_167:217+ness
moffatt_gse334718,supplementary_table_2.csv:1852,missing_sequence_dictionary_entry,net1_88:138+ness
moffatt_gse334718,supplementary_table_2.csv:1854,missing_sequence_dictionary_entry,net1_173:178+ness
moffatt_gse334718,supplementary_table_2.csv:1856,missing_sequence_dictionary_entry,net1_154:159+ness
moffatt_gse334718,supplementary_table_2.csv:1857,missing_sequence_dictionary_entry,gdf11_194:214+ness
moffatt_gse334718,supplementary_table_2.csv:1865,missing_sequence_dictionary_entry,gdf11_255:260+ness
moffatt_gse334718,supplementary_table_2.csv:1876,missing_sequence_dictionary_entry,net1_143:163+ness
moffatt_gse334718,supplementary_table_2.csv:1880,missing_sequence_dictionary_entry,net1_117:127+ness
moffatt_gse334718,supplementary_table_2.csv:1881,missing_sequence_dictionary_entry,trp53inp2_45:195+ness
moffatt_gse334718,supplementary_table_2.csv:1887,missing_sequence_dictionary_entry,gdf11_62:72+ness
moffatt_gse334718,supplementary_table_2.csv:1889,missing_sequence_dictionary_entry,cdc42bpg_75:125+ness
moffatt_gse334718,supplementary_table_2.csv:1891,missing_sequence_dictionary_entry,trp53inp2_156:161+ness
moffatt_gse334718,supplementary_table_2.csv:1904,missing_sequence_dictionary_entry,gdf11_232:252+ness
moffatt_gse334718,supplementary_table_2.csv:1911,missing_sequence_dictionary_entry,net1_177:187+ness
moffatt_gse334718,supplementary_table_2.csv:1913,missing_sequence_dictionary_entry,net1_178:188+ness
moffatt_gse334718,supplementary_table_2.csv:1915,missing_sequence_dictionary_entry,gdf11_153:163+ness
moffatt_gse334718,supplementary_table_2.csv:1920,missing_sequence_dictionary_entry,trak2_143:148+ness
moffatt_gse334718,supplementary_table_2.csv:1923,missing_sequence_dictionary_entry,gdf11_118:128+ness
moffatt_gse334718,supplementary_table_2.csv:1924,missing_sequence_dictionary_entry,net1_144:194+ness
moffatt_gse334718,supplementary_table_2.csv:1926,missing_sequence_dictionary_entry,trak2_100:110+ness
moffatt_gse334718,supplementary_table_2.csv:1927,missing_sequence_dictionary_entry,trak2_194:199+ness
moffatt_gse334718,supplementary_table_2.csv:1929,missing_sequence_dictionary_entry,net1_4:24+ness
moffatt_gse334718,supplementary_table_2.csv:1935,missing_sequence_dictionary_entry,trak2_41:141+ness
moffatt_gse334718,supplementary_table_2.csv:1937,missing_sequence_dictionary_entry,gdf11_182:202+ness
moffatt_gse334718,supplementary_table_2.csv:1939,missing_sequence_dictionary_entry,cdc42bpg_129:229+ness
moffatt_gse334718,supplementary_table_2.csv:1940,missing_sequence_dictionary_entry,trp53inp2_214:224+ness
moffatt_gse334718,supplementary_table_2.csv:1941,missing_sequence_dictionary_entry,gdf11_4:14+ness
moffatt_gse334718,supplementary_table_2.csv:1943,missing_sequence_dictionary_entry,gdf11_163:173+ness
moffatt_gse334718,supplementary_table_2.csv:1949,missing_sequence_dictionary_entry,trak2_39:44+ness
moffatt_gse334718,supplementary_table_2.csv:1950,missing_sequence_dictionary_entry,net1_111:131+ness
moffatt_gse334718,supplementary_table_2.csv:1952,missing_sequence_dictionary_entry,cdc42bpg_79:84+ness
moffatt_gse334718,supplementary_table_2.csv:1954,missing_sequence_dictionary_entry,trp53inp2_72:222+ness
moffatt_gse334718,supplementary_table_2.csv:1958,missing_sequence_dictionary_entry,trp53inp2_167:187+ness
moffatt_gse334718,supplementary_table_2.csv:1959,missing_sequence_dictionary_entry,trak2_186:191+ness
moffatt_gse334718,supplementary_table_2.csv:1964,missing_sequence_dictionary_entry,trak2_110:130+ness
moffatt_gse334718,supplementary_table_2.csv:1969,missing_sequence_dictionary_entry,malat1_101:251+ness
moffatt_gse334718,supplementary_table_2.csv:1973,missing_sequence_dictionary_entry,net1_124:174+ness
moffatt_gse334718,supplementary_table_2.csv:1987,missing_sequence_dictionary_entry,net1_254:259+ness
moffatt_gse334718,supplementary_table_2.csv:1989,missing_sequence_dictionary_entry,trp53inp2_91:96+ness
moffatt_gse334718,supplementary_table_2.csv:1990,missing_sequence_dictionary_entry,cdc42bpg_139:159+ness
moffatt_gse334718,supplementary_table_2.csv:1994,missing_sequence_dictionary_entry,trak2_190:210+ness
moffatt_gse334718,supplementary_table_2.csv:2001,missing_sequence_dictionary_entry,cplx2_193:213+ness
moffatt_gse334718,supplementary_table_2.csv:2005,missing_sequence_dictionary_entry,trak2_251:256+ness
moffatt_gse334718,supplementary_table_2.csv:2007,missing_sequence_dictionary_entry,gdf11_20:25+ness
moffatt_gse334718,supplementary_table_2.csv:2008,missing_sequence_dictionary_entry,trak2_82:92+ness
moffatt_gse334718,supplementary_table_2.csv:2016,missing_sequence_dictionary_entry,gdf11_27:37+ness
moffatt_gse334718,supplementary_table_2.csv:2018,missing_sequence_dictionary_entry,cplx2_177:197+ness
moffatt_gse334718,supplementary_table_2.csv:2019,missing_sequence_dictionary_entry,trak2_84:134+ness
moffatt_gse334718,supplementary_table_2.csv:2022,missing_sequence_dictionary_entry,rab13_183:188+ness
moffatt_gse334718,supplementary_table_2.csv:2023,missing_sequence_dictionary_entry,cplx2_8:108+ness
moffatt_gse334718,supplementary_table_2.csv:2025,missing_sequence_dictionary_entry,gdf11_18:23+ness
moffatt_gse334718,supplementary_table_2.csv:2028,missing_sequence_dictionary_entry,cplx2_80:230+ness
moffatt_gse334718,supplementary_table_2.csv:2033,missing_sequence_dictionary_entry,trak2_41:61+ness
moffatt_gse334718,supplementary_table_2.csv:2035,missing_sequence_dictionary_entry,net1_126:146+ness
moffatt_gse334718,supplementary_table_2.csv:2041,missing_sequence_dictionary_entry,net1_179:189+ness
moffatt_gse334718,supplementary_table_2.csv:2043,missing_sequence_dictionary_entry,trp53inp2_121:141+ness
moffatt_gse334718,supplementary_table_2.csv:2047,missing_sequence_dictionary_entry,trp53inp2_20:25+ness
moffatt_gse334718,supplementary_table_2.csv:2048,missing_sequence_dictionary_entry,trp53inp2_16:21+ness
moffatt_gse334718,supplementary_table_2.csv:2050,missing_sequence_dictionary_entry,trak2_30:35+ness
moffatt_gse334718,supplementary_table_2.csv:2051,missing_sequence_dictionary_entry,gdf11_171:191+ness
moffatt_gse334718,supplementary_table_2.csv:2052,missing_sequence_dictionary_entry,cplx2_153:203+ness
moffatt_gse334718,supplementary_table_2.csv:2054,missing_sequence_dictionary_entry,net1_55:65+ness
moffatt_gse334718,supplementary_table_2.csv:2056,missing_sequence_dictionary_entry,trp53inp2_41:141+ness
moffatt_gse334718,supplementary_table_2.csv:2057,missing_sequence_dictionary_entry,net1_97:107+ness
moffatt_gse334718,supplementary_table_2.csv:2060,missing_sequence_dictionary_entry,rab13_97:147+ness
moffatt_gse334718,supplementary_table_2.csv:2061,missing_sequence_dictionary_entry,gdf11_115:135+ness
moffatt_gse334718,supplementary_table_2.csv:2062,missing_sequence_dictionary_entry,cplx2_147:167+ness
moffatt_gse334718,supplementary_table_2.csv:2064,missing_sequence_dictionary_entry,cplx2_119:129+ness
moffatt_gse334718,supplementary_table_2.csv:2070,missing_sequence_dictionary_entry,gdf11_133:138+ness
moffatt_gse334718,supplementary_table_2.csv:2072,missing_sequence_dictionary_entry,trak2_90:100+ness
moffatt_gse334718,supplementary_table_2.csv:2074,missing_sequence_dictionary_entry,net1_243:253+ness
moffatt_gse334718,supplementary_table_2.csv:2078,missing_sequence_dictionary_entry,gdf11_25:30+ness
moffatt_gse334718,supplementary_table_2.csv:2079,missing_sequence_dictionary_entry,cplx2_13:33+ness
moffatt_gse334718,supplementary_table_2.csv:2081,missing_sequence_dictionary_entry,trp53inp2_101:111+ness
moffatt_gse334718,supplementary_table_2.csv:2083,missing_sequence_dictionary_entry,gdf11_81:91+ness
moffatt_gse334718,supplementary_table_2.csv:2084,missing_sequence_dictionary_entry,cdc42bpg_149:249+ness
moffatt_gse334718,supplementary_table_2.csv:2087,missing_sequence_dictionary_entry,net1_241:251+ness
moffatt_gse334718,supplementary_table_2.csv:2092,missing_sequence_dictionary_entry,net1_146:166+ness
moffatt_gse334718,supplementary_table_2.csv:2093,missing_sequence_dictionary_entry,net1_244:254+ness
moffatt_gse334718,supplementary_table_2.csv:2108,missing_sequence_dictionary_entry,trak2_40:45+ness
moffatt_gse334718,supplementary_table_2.csv:2110,missing_sequence_dictionary_entry,cplx2_238:258+ness
moffatt_gse334718,supplementary_table_2.csv:2112,missing_sequence_dictionary_entry,trak2_209:219+ness
moffatt_gse334718,supplementary_table_2.csv:2115,missing_sequence_dictionary_entry,trak2_120:125+ness
moffatt_gse334718,supplementary_table_2.csv:2116,missing_sequence_dictionary_entry,net1_77:82+ness
moffatt_gse334718,supplementary_table_2.csv:2120,missing_sequence_dictionary_entry,gdf11_66:86+ness
moffatt_gse334718,supplementary_table_2.csv:2124,missing_sequence_dictionary_entry,net1_65:70+ness
moffatt_gse334718,supplementary_table_2.csv:2125,missing_sequence_dictionary_entry,trak2_106:156+ness
moffatt_gse334718,supplementary_table_2.csv:2128,missing_sequence_dictionary_entry,trak2_11:16+ness
moffatt_gse334718,supplementary_table_2.csv:2131,missing_sequence_dictionary_entry,net1_120:170+ness
moffatt_gse334718,supplementary_table_2.csv:2133,missing_sequence_dictionary_entry,net1_116:166+ness
moffatt_gse334718,supplementary_table_2.csv:2135,missing_sequence_dictionary_entry,cplx2_69:74+ness
moffatt_gse334718,supplementary_table_2.csv:2136,missing_sequence_dictionary_entry,net1_10:20+ness
moffatt_gse334718,supplementary_table_2.csv:2137,missing_sequence_dictionary_entry,gdf11_93:113+ness
moffatt_gse334718,supplementary_table_2.csv:2138,missing_sequence_dictionary_entry,net1_20:70+ness
moffatt_gse334718,supplementary_table_2.csv:2140,missing_sequence_dictionary_entry,trak2_107:127+ness
moffatt_gse334718,supplementary_table_2.csv:2141,missing_sequence_dictionary_entry,net1_85:105+ness
moffatt_gse334718,supplementary_table_2.csv:2143,missing_sequence_dictionary_entry,trp53inp2_96:246+ness
moffatt_gse334718,supplementary_table_2.csv:2147,missing_sequence_dictionary_entry,trp53inp2_25:45+ness
moffatt_gse334718,supplementary_table_2.csv:2150,missing_sequence_dictionary_entry,cplx2_149:159+ness
moffatt_gse334718,supplementary_table_2.csv:2153,missing_sequence_dictionary_entry,trak2_172:177+ness
moffatt_gse334718,supplementary_table_2.csv:2159,missing_sequence_dictionary_entry,trak2_40:50+ness
moffatt_gse334718,supplementary_table_2.csv:2164,missing_sequence_dictionary_entry,net1_47:57+ness
moffatt_gse334718,supplementary_table_2.csv:2165,missing_sequence_dictionary_entry,net1_127:147+ness
moffatt_gse334718,supplementary_table_2.csv:2168,missing_sequence_dictionary_entry,malat1_91:241+ness
moffatt_gse334718,supplementary_table_2.csv:2170,missing_sequence_dictionary_entry,trak2_106:126+ness
moffatt_gse334718,supplementary_table_2.csv:2177,missing_sequence_dictionary_entry,cplx2_84:94+ness
moffatt_gse334718,supplementary_table_2.csv:2179,missing_sequence_dictionary_entry,net1_27:32+ness
moffatt_gse334718,supplementary_table_2.csv:2180,missing_sequence_dictionary_entry,net1_131:151+ness
moffatt_gse334718,supplementary_table_2.csv:2183,missing_sequence_dictionary_entry,cdc42bpg_118:138+ness
moffatt_gse334718,supplementary_table_2.csv:2184,missing_sequence_dictionary_entry,trak2_70:75+ness
moffatt_gse334718,supplementary_table_2.csv:2189,missing_sequence_dictionary_entry,trak2_46:56+ness
moffatt_gse334718,supplementary_table_2.csv:2190,missing_sequence_dictionary_entry,cplx2_8:58+ness
moffatt_gse334718,supplementary_table_2.csv:2191,missing_sequence_dictionary_entry,gdf11_110:120+ness
moffatt_gse334718,supplementary_table_2.csv:2192,missing_sequence_dictionary_entry,net1_137:147+ness
moffatt_gse334718,supplementary_table_2.csv:2195,missing_sequence_dictionary_entry,gdf11_68:78+ness
moffatt_gse334718,supplementary_table_2.csv:2196,missing_sequence_dictionary_entry,net1_68:118+ness
moffatt_gse334718,supplementary_table_2.csv:2197,missing_sequence_dictionary_entry,gdf11_17:22+ness
moffatt_gse334718,supplementary_table_2.csv:2201,missing_sequence_dictionary_entry,gdf11_31:36+ness
moffatt_gse334718,supplementary_table_2.csv:2205,missing_sequence_dictionary_entry,gdf11_215:235+ness
moffatt_gse334718,supplementary_table_2.csv:2208,missing_sequence_dictionary_entry,net1_46:146+ness
moffatt_gse334718,supplementary_table_2.csv:2213,missing_sequence_dictionary_entry,net1_11:21+ness
moffatt_gse334718,supplementary_table_2.csv:2214,missing_sequence_dictionary_entry,net1_64:74+ness
moffatt_gse334718,supplementary_table_2.csv:2217,missing_sequence_dictionary_entry,net1_37:87+ness
moffatt_gse334718,supplementary_table_2.csv:2225,missing_sequence_dictionary_entry,net1_138:188+ness
moffatt_gse334718,supplementary_table_2.csv:2237,missing_sequence_dictionary_entry,trak2_141:191+ness
moffatt_gse334718,supplementary_table_2.csv:2238,missing_sequence_dictionary_entry,net1_66:71+ness
moffatt_gse334718,supplementary_table_2.csv:2240,missing_sequence_dictionary_entry,trp53inp2_19:219+ness
moffatt_gse334718,supplementary_table_2.csv:2241,missing_sequence_dictionary_entry,cplx2_148:168+ness
moffatt_gse334718,supplementary_table_2.csv:2242,missing_sequence_dictionary_entry,net1_103:113+ness
moffatt_gse334718,supplementary_table_2.csv:2245,missing_sequence_dictionary_entry,trak2_191:201+ness
moffatt_gse334718,supplementary_table_2.csv:2247,missing_sequence_dictionary_entry,net1_122:127+ness
moffatt_gse334718,supplementary_table_2.csv:2249,missing_sequence_dictionary_entry,gdf11_168:173+ness
moffatt_gse334718,supplementary_table_2.csv:2250,missing_sequence_dictionary_entry,gdf11_119:124+ness
moffatt_gse334718,supplementary_table_2.csv:2253,missing_sequence_dictionary_entry,net1_104:114+ness
moffatt_gse334718,supplementary_table_2.csv:2258,missing_sequence_dictionary_entry,trak2_130:180+ness
moffatt_gse334718,supplementary_table_2.csv:2262,missing_sequence_dictionary_entry,trak2_140:150+ness
moffatt_gse334718,supplementary_table_2.csv:2264,missing_sequence_dictionary_entry,cplx2_59:69+ness
moffatt_gse334718,supplementary_table_2.csv:2266,missing_sequence_dictionary_entry,trak2_65:85+ness
moffatt_gse334718,supplementary_table_2.csv:2269,missing_sequence_dictionary_entry,gdf11_187:197+ness
moffatt_gse334718,supplementary_table_2.csv:2271,missing_sequence_dictionary_entry,trak2_205:225+ness
moffatt_gse334718,supplementary_table_2.csv:2273,missing_sequence_dictionary_entry,cplx2_11:31+ness
moffatt_gse334718,supplementary_table_2.csv:2276,missing_sequence_dictionary_entry,gdf11_125:145+ness
moffatt_gse334718,supplementary_table_2.csv:2278,missing_sequence_dictionary_entry,net1_137:187+ness
moffatt_gse334718,supplementary_table_2.csv:2281,missing_sequence_dictionary_entry,gdf11_239:244+ness
moffatt_gse334718,supplementary_table_2.csv:2286,missing_sequence_dictionary_entry,net1_87:137+ness
moffatt_gse334718,supplementary_table_2.csv:2287,missing_sequence_dictionary_entry,gdf11_16:21+ness
moffatt_gse334718,supplementary_table_2.csv:2288,missing_sequence_dictionary_entry,net1_34:84+ness
moffatt_gse334718,supplementary_table_2.csv:2289,missing_sequence_dictionary_entry,trak2_152:202+ness
moffatt_gse334718,supplementary_table_2.csv:2292,missing_sequence_dictionary_entry,trp53inp2_98:103+ness
moffatt_gse334718,supplementary_table_2.csv:2295,missing_sequence_dictionary_entry,gdf11_49:54+ness
moffatt_gse334718,supplementary_table_2.csv:2297,missing_sequence_dictionary_entry,net1_192:197+ness
moffatt_gse334718,supplementary_table_2.csv:2300,missing_sequence_dictionary_entry,cplx2_220:240+ness
moffatt_gse334718,supplementary_table_2.csv:2302,missing_sequence_dictionary_entry,net1_191:196+ness
moffatt_gse334718,supplementary_table_2.csv:2303,missing_sequence_dictionary_entry,cplx2_114:214+ness
moffatt_gse334718,supplementary_table_2.csv:2310,missing_sequence_dictionary_entry,rab13_119:124+ness
moffatt_gse334718,supplementary_table_2.csv:2317,missing_sequence_dictionary_entry,trak2_186:196+ness
moffatt_gse334718,supplementary_table_2.csv:2318,missing_sequence_dictionary_entry,net1_80:130+ness
moffatt_gse334718,supplementary_table_2.csv:2320,missing_sequence_dictionary_entry,net1_17:37+ness
moffatt_gse334718,supplementary_table_2.csv:2325,missing_sequence_dictionary_entry,gdf11_123:133+ness
moffatt_gse334718,supplementary_table_2.csv:2327,missing_sequence_dictionary_entry,gdf11_161:171+ness
moffatt_gse334718,supplementary_table_2.csv:2330,missing_sequence_dictionary_entry,net1_173:183+ness
moffatt_gse334718,supplementary_table_2.csv:2331,missing_sequence_dictionary_entry,trp53inp2_74:174+ness
moffatt_gse334718,supplementary_table_2.csv:2333,missing_sequence_dictionary_entry,net1_52:57+ness
moffatt_gse334718,supplementary_table_2.csv:2338,missing_sequence_dictionary_entry,net1_113:123+ness
moffatt_gse334718,supplementary_table_2.csv:2340,missing_sequence_dictionary_entry,rab13_153:158+ness
moffatt_gse334718,supplementary_table_2.csv:2343,missing_sequence_dictionary_entry,trak2_64:69+ness
moffatt_gse334718,supplementary_table_2.csv:2351,missing_sequence_dictionary_entry,trak2_49:54+ness
moffatt_gse334718,supplementary_table_2.csv:2352,missing_sequence_dictionary_entry,trp53inp2_206:211+ness
moffatt_gse334718,supplementary_table_2.csv:2354,missing_sequence_dictionary_entry,trak2_51:251+ness
moffatt_gse334718,supplementary_table_2.csv:2355,missing_sequence_dictionary_entry,net1_132:152+ness
moffatt_gse334718,supplementary_table_2.csv:2356,missing_sequence_dictionary_entry,net1_58:78+ness
moffatt_gse334718,supplementary_table_2.csv:2358,missing_sequence_dictionary_entry,net1_32:37+ness
moffatt_gse334718,supplementary_table_2.csv:2359,missing_sequence_dictionary_entry,cplx2_32:42+ness
moffatt_gse334718,supplementary_table_2.csv:2360,missing_sequence_dictionary_entry,net1_111:121+ness
moffatt_gse334718,supplementary_table_2.csv:2365,missing_sequence_dictionary_entry,cdc42bpg_132:232+ness
moffatt_gse334718,supplementary_table_2.csv:2366,missing_sequence_dictionary_entry,net1_50:55+ness
moffatt_gse334718,supplementary_table_2.csv:2367,missing_sequence_dictionary_entry,cplx2_24:29+ness
moffatt_gse334718,supplementary_table_2.csv:2369,missing_sequence_dictionary_entry,gdf11_154:164+ness
moffatt_gse334718,supplementary_table_2.csv:2370,missing_sequence_dictionary_entry,rab13_114:119+ness
moffatt_gse334718,supplementary_table_2.csv:2371,missing_sequence_dictionary_entry,net1_147:152+ness
moffatt_gse334718,supplementary_table_2.csv:2373,missing_sequence_dictionary_entry,trak2_131:141+ness
moffatt_gse334718,supplementary_table_2.csv:2375,missing_sequence_dictionary_entry,trak2_187:207+ness
moffatt_gse334718,supplementary_table_2.csv:2381,missing_sequence_dictionary_entry,trp53inp2_30:40+ness
moffatt_gse334718,supplementary_table_2.csv:2387,missing_sequence_dictionary_entry,trp53inp2_123:133+ness
moffatt_gse334718,supplementary_table_2.csv:2390,missing_sequence_dictionary_entry,gdf11_3:23+ness
moffatt_gse334718,supplementary_table_2.csv:2393,missing_sequence_dictionary_entry,cdc42bpg_144:149+ness
moffatt_gse334718,supplementary_table_2.csv:2399,missing_sequence_dictionary_entry,gdf11_11:21+ness
moffatt_gse334718,supplementary_table_2.csv:2400,missing_sequence_dictionary_entry,trp53inp2_93:98+ness
moffatt_gse334718,supplementary_table_2.csv:2401,missing_sequence_dictionary_entry,gdf11_76:96+ness
moffatt_gse334718,supplementary_table_2.csv:2402,missing_sequence_dictionary_entry,cplx2_22:72+ness
moffatt_gse334718,supplementary_table_2.csv:2407,missing_sequence_dictionary_entry,net1_112:122+ness
moffatt_gse334718,supplementary_table_2.csv:2410,missing_sequence_dictionary_entry,trp53inp2_174:184+ness
moffatt_gse334718,supplementary_table_2.csv:2411,missing_sequence_dictionary_entry,trak2_176:226+ness
moffatt_gse334718,supplementary_table_2.csv:2412,missing_sequence_dictionary_entry,net1_238:248+ness
moffatt_gse334718,supplementary_table_2.csv:2415,missing_sequence_dictionary_entry,rab13_182:187+ness
moffatt_gse334718,supplementary_table_2.csv:2416,missing_sequence_dictionary_entry,trak2_63:83+ness
moffatt_gse334718,supplementary_table_2.csv:2419,missing_sequence_dictionary_entry,trak2_112:117+ness
moffatt_gse334718,supplementary_table_2.csv:2427,missing_sequence_dictionary_entry,gdf11_220:240+ness
moffatt_gse334718,supplementary_table_2.csv:2429,missing_sequence_dictionary_entry,gdf11_200:220+ness
moffatt_gse334718,supplementary_table_2.csv:2430,missing_sequence_dictionary_entry,cdc42bpg_112:212+ness
moffatt_gse334718,supplementary_table_2.csv:2433,missing_sequence_dictionary_entry,net1_170:175+ness
moffatt_gse334718,supplementary_table_2.csv:2434,missing_sequence_dictionary_entry,trp53inp2_142:152+ness
moffatt_gse334718,supplementary_table_2.csv:2439,missing_sequence_dictionary_entry,gdf11_191:201+ness
moffatt_gse334718,supplementary_table_2.csv:2440,missing_sequence_dictionary_entry,net1_84:104+ness
moffatt_gse334718,supplementary_table_2.csv:2442,missing_sequence_dictionary_entry,net1_115:120+ness
moffatt_gse334718,supplementary_table_2.csv:2444,missing_sequence_dictionary_entry,trak2_212:217+ness
moffatt_gse334718,supplementary_table_2.csv:2452,missing_sequence_dictionary_entry,net1_86:91+ness
moffatt_gse334718,supplementary_table_2.csv:2455,missing_sequence_dictionary_entry,trak2_134:139+ness
moffatt_gse334718,supplementary_table_2.csv:2459,missing_sequence_dictionary_entry,net1_33:83+ness
moffatt_gse334718,supplementary_table_2.csv:2461,missing_sequence_dictionary_entry,net1_54:104+ness
moffatt_gse334718,supplementary_table_2.csv:2463,missing_sequence_dictionary_entry,net1_127:137+ness
moffatt_gse334718,supplementary_table_2.csv:2465,missing_sequence_dictionary_entry,net1_89:94+ness
moffatt_gse334718,supplementary_table_2.csv:2468,missing_sequence_dictionary_entry,gdf11_226:246+ness
moffatt_gse334718,supplementary_table_2.csv:2473,missing_sequence_dictionary_entry,cdc42bpg_134:234+ness
moffatt_gse334718,supplementary_table_2.csv:2474,missing_sequence_dictionary_entry,trp53inp2_200:210+ness
moffatt_gse334718,supplementary_table_2.csv:2481,missing_sequence_dictionary_entry,gdf11_110:160+ness
moffatt_gse334718,supplementary_table_2.csv:2483,missing_sequence_dictionary_entry,trp53inp2_161:171+ness
moffatt_gse334718,supplementary_table_2.csv:2489,missing_sequence_dictionary_entry,trak2_176:181+ness
moffatt_gse334718,supplementary_table_2.csv:2491,missing_sequence_dictionary_entry,cdc42bpg_149:199+ness
moffatt_gse334718,supplementary_table_2.csv:2492,missing_sequence_dictionary_entry,trak2_132:137+ness
moffatt_gse334718,supplementary_table_2.csv:2494,missing_sequence_dictionary_entry,cdc42bpg_87:137+ness
moffatt_gse334718,supplementary_table_2.csv:2495,missing_sequence_dictionary_entry,cplx2_45:95+ness
moffatt_gse334718,supplementary_table_2.csv:2497,missing_sequence_dictionary_entry,cplx2_10:15+ness
moffatt_gse334718,supplementary_table_2.csv:2498,missing_sequence_dictionary_entry,gdf11_147:157+ness
moffatt_gse334718,supplementary_table_2.csv:2500,missing_sequence_dictionary_entry,gdf11_63:73+ness
moffatt_gse334718,supplementary_table_2.csv:2503,missing_sequence_dictionary_entry,trp53inp2_106:111+ness
moffatt_gse334718,supplementary_table_2.csv:2504,missing_sequence_dictionary_entry,cdc42bpg_130:135+ness
moffatt_gse334718,supplementary_table_2.csv:2505,missing_sequence_dictionary_entry,gdf11_200:210+ness
moffatt_gse334718,supplementary_table_2.csv:2510,missing_sequence_dictionary_entry,cplx2_47:57+ness
moffatt_gse334718,supplementary_table_2.csv:2511,missing_sequence_dictionary_entry,cdc42bpg_135:155+ness
moffatt_gse334718,supplementary_table_2.csv:2516,missing_sequence_dictionary_entry,net1_48:68+ness
moffatt_gse334718,supplementary_table_2.csv:2521,missing_sequence_dictionary_entry,cdc42bpg_186:191+ness
moffatt_gse334718,supplementary_table_2.csv:2527,missing_sequence_dictionary_entry,gdf11_237:247+ness
moffatt_gse334718,supplementary_table_2.csv:2530,missing_sequence_dictionary_entry,trp53inp2_202:222+ness
moffatt_gse334718,supplementary_table_2.csv:2532,missing_sequence_dictionary_entry,net1_182:192+ness
moffatt_gse334718,supplementary_table_2.csv:2542,missing_sequence_dictionary_entry,cdc42bpg_219:224+ness
moffatt_gse334718,supplementary_table_2.csv:2547,missing_sequence_dictionary_entry,rab13_251:256+ness
moffatt_gse334718,supplementary_table_2.csv:2550,missing_sequence_dictionary_entry,gdf11_5:15+ness
moffatt_gse334718,supplementary_table_2.csv:2551,missing_sequence_dictionary_entry,cplx2_23:33+ness
moffatt_gse334718,supplementary_table_2.csv:2552,missing_sequence_dictionary_entry,net1_164:214+ness
moffatt_gse334718,supplementary_table_2.csv:2554,missing_sequence_dictionary_entry,cplx2_57:107+ness
moffatt_gse334718,supplementary_table_2.csv:2562,missing_sequence_dictionary_entry,gdf11_21:26+ness
moffatt_gse334718,supplementary_table_2.csv:2563,missing_sequence_dictionary_entry,cdc42bpg_50:200+ness
moffatt_gse334718,supplementary_table_2.csv:2566,missing_sequence_dictionary_entry,trak2_45:145+ness
moffatt_gse334718,supplementary_table_2.csv:2571,missing_sequence_dictionary_entry,gdf11_26:31+ness
moffatt_gse334718,supplementary_table_2.csv:2573,missing_sequence_dictionary_entry,trp53inp2_203:223+ness
moffatt_gse334718,supplementary_table_2.csv:2575,missing_sequence_dictionary_entry,net1_150:155+ness
moffatt_gse334718,supplementary_table_2.csv:2582,missing_sequence_dictionary_entry,cplx2_11:16+ness
moffatt_gse334718,supplementary_table_2.csv:2584,missing_sequence_dictionary_entry,net1_136:141+ness
moffatt_gse334718,supplementary_table_2.csv:2586,missing_sequence_dictionary_entry,trp53inp2_151:171+ness
moffatt_gse334718,supplementary_table_2.csv:2587,missing_sequence_dictionary_entry,cplx2_214:234+ness
moffatt_gse334718,supplementary_table_2.csv:2591,missing_sequence_dictionary_entry,gdf11_63:68+ness
moffatt_gse334718,supplementary_table_2.csv:2592,missing_sequence_dictionary_entry,trak2_147:197+ness
moffatt_gse334718,supplementary_table_2.csv:2600,missing_sequence_dictionary_entry,net1_75:125+ness
moffatt_gse334718,supplementary_table_2.csv:2601,missing_sequence_dictionary_entry,trak2_210:220+ness
moffatt_gse334718,supplementary_table_2.csv:2603,missing_sequence_dictionary_entry,trp53inp2_211:216+ness
moffatt_gse334718,supplementary_table_2.csv:2609,missing_sequence_dictionary_entry,trp53inp2_202:212+ness
moffatt_gse334718,supplementary_table_2.csv:2611,missing_sequence_dictionary_entry,trak2_157:177+ness
moffatt_gse334718,supplementary_table_2.csv:2616,missing_sequence_dictionary_entry,net1_118:128+ness
moffatt_gse334718,supplementary_table_2.csv:2621,missing_sequence_dictionary_entry,trp53inp2_120:125+ness
moffatt_gse334718,supplementary_table_2.csv:2624,missing_sequence_dictionary_entry,trak2_128:133+ness
moffatt_gse334718,supplementary_table_2.csv:2628,missing_sequence_dictionary_entry,trak2_184:194+ness
moffatt_gse334718,supplementary_table_2.csv:2631,missing_sequence_dictionary_entry,net1_190:195+ness
moffatt_gse334718,supplementary_table_2.csv:2640,missing_sequence_dictionary_entry,cplx2_60:65+ness
moffatt_gse334718,supplementary_table_2.csv:2645,missing_sequence_dictionary_entry,gdf11_251:256+ness
moffatt_gse334718,supplementary_table_2.csv:2647,missing_sequence_dictionary_entry,gdf11_192:197+ness
moffatt_gse334718,supplementary_table_2.csv:2651,missing_sequence_dictionary_entry,net1_110:120+ness
moffatt_gse334718,supplementary_table_2.csv:2653,missing_sequence_dictionary_entry,gdf11_31:81+ness
moffatt_gse334718,supplementary_table_2.csv:2655,missing_sequence_dictionary_entry,gdf11_208:228+ness
moffatt_gse334718,supplementary_table_2.csv:2656,missing_sequence_dictionary_entry,net1_121:131+ness
moffatt_gse334718,supplementary_table_2.csv:2665,missing_sequence_dictionary_entry,net1_175:185+ness
moffatt_gse334718,supplementary_table_2.csv:2666,missing_sequence_dictionary_entry,gdf11_10:60+ness
moffatt_gse334718,supplementary_table_2.csv:2673,missing_sequence_dictionary_entry,cplx2_187:207+ness
moffatt_gse334718,supplementary_table_2.csv:2675,missing_sequence_dictionary_entry,net1_140:150+ness
moffatt_gse334718,supplementary_table_2.csv:2676,missing_sequence_dictionary_entry,cplx2_8:28+ness
moffatt_gse334718,supplementary_table_2.csv:2677,missing_sequence_dictionary_entry,net1_103:123+ness
moffatt_gse334718,supplementary_table_2.csv:2678,missing_sequence_dictionary_entry,gdf11_217:222+ness
moffatt_gse334718,supplementary_table_2.csv:2684,missing_sequence_dictionary_entry,cdc42bpg_107:257+ness
moffatt_gse334718,supplementary_table_2.csv:2688,missing_sequence_dictionary_entry,cdc42bpg_118:218+ness
moffatt_gse334718,supplementary_table_2.csv:2693,missing_sequence_dictionary_entry,net1_79:129+ness
moffatt_gse334718,supplementary_table_2.csv:2694,missing_sequence_dictionary_entry,trp53inp2_186:206+ness
moffatt_gse334718,supplementary_table_2.csv:2697,missing_sequence_dictionary_entry,cplx2_172:222+ness
moffatt_gse334718,supplementary_table_2.csv:2700,missing_sequence_dictionary_entry,net1_140:145+ness
moffatt_gse334718,supplementary_table_2.csv:2701,missing_sequence_dictionary_entry,cplx2_18:23+ness
moffatt_gse334718,supplementary_table_2.csv:2709,missing_sequence_dictionary_entry,net1_161:211+ness
moffatt_gse334718,supplementary_table_2.csv:2711,missing_sequence_dictionary_entry,gdf11_60:65+ness
moffatt_gse334718,supplementary_table_2.csv:2712,missing_sequence_dictionary_entry,trak2_29:49+ness
moffatt_gse334718,supplementary_table_2.csv:2715,missing_sequence_dictionary_entry,cplx2_237:247+ness
moffatt_gse334718,supplementary_table_2.csv:2721,missing_sequence_dictionary_entry,gdf11_45:55+ness
moffatt_gse334718,supplementary_table_2.csv:2723,missing_sequence_dictionary_entry,trak2_37:87+ness
moffatt_gse334718,supplementary_table_2.csv:2726,missing_sequence_dictionary_entry,net1_110:130+ness
moffatt_gse334718,supplementary_table_2.csv:2727,missing_sequence_dictionary_entry,cplx2_24:224+ness
moffatt_gse334718,supplementary_table_2.csv:2729,missing_sequence_dictionary_entry,net1_180:190+ness
moffatt_gse334718,supplementary_table_2.csv:2731,missing_sequence_dictionary_entry,net1_183:188+ness
moffatt_gse334718,supplementary_table_2.csv:2734,missing_sequence_dictionary_entry,net1_28:38+ness
moffatt_gse334718,supplementary_table_2.csv:2736,missing_sequence_dictionary_entry,trak2_241:251+ness
moffatt_gse334718,supplementary_table_2.csv:2737,missing_sequence_dictionary_entry,gdf11_165:185+ness
moffatt_gse334718,supplementary_table_2.csv:2743,missing_sequence_dictionary_entry,gdf11_21:41+ness
moffatt_gse334718,supplementary_table_2.csv:2750,missing_sequence_dictionary_entry,trp53inp2_66:71+ness
moffatt_gse334718,supplementary_table_2.csv:2754,missing_sequence_dictionary_entry,gdf11_147:167+ness
moffatt_gse334718,supplementary_table_2.csv:2757,missing_sequence_dictionary_entry,cplx2_27:77+ness
moffatt_gse334718,supplementary_table_2.csv:2758,missing_sequence_dictionary_entry,cplx2_41:51+ness
moffatt_gse334718,supplementary_table_2.csv:2763,missing_sequence_dictionary_entry,trak2_24:29+ness
moffatt_gse334718,supplementary_table_2.csv:2766,missing_sequence_dictionary_entry,gdf11_105:115+ness
moffatt_gse334718,supplementary_table_2.csv:2769,missing_sequence_dictionary_entry,cplx2_42:62+ness
moffatt_gse334718,supplementary_table_2.csv:2770,missing_sequence_dictionary_entry,net1_178:183+ness
moffatt_gse334718,supplementary_table_2.csv:2772,missing_sequence_dictionary_entry,trp53inp2_85:185+ness
moffatt_gse334718,supplementary_table_2.csv:2773,missing_sequence_dictionary_entry,trak2_171:181+ness
moffatt_gse334718,supplementary_table_2.csv:2774,missing_sequence_dictionary_entry,cdc42bpg_139:189+ness
moffatt_gse334718,supplementary_table_2.csv:2776,missing_sequence_dictionary_entry,cplx2_154:174+ness
moffatt_gse334718,supplementary_table_2.csv:2781,missing_sequence_dictionary_entry,trak2_91:111+ness
moffatt_gse334718,supplementary_table_2.csv:2782,missing_sequence_dictionary_entry,trak2_179:199+ness
moffatt_gse334718,supplementary_table_2.csv:2795,missing_sequence_dictionary_entry,trak2_73:223+ness
moffatt_gse334718,supplementary_table_2.csv:2796,missing_sequence_dictionary_entry,trak2_145:165+ness
moffatt_gse334718,supplementary_table_2.csv:2797,missing_sequence_dictionary_entry,cdc42bpg_201:211+ness
moffatt_gse334718,supplementary_table_2.csv:2798,missing_sequence_dictionary_entry,cplx2_124:144+ness
moffatt_gse334718,supplementary_table_2.csv:2800,missing_sequence_dictionary_entry,cplx2_52:102+ness
moffatt_gse334718,supplementary_table_2.csv:2807,missing_sequence_dictionary_entry,trak2_74:79+ness
moffatt_gse334718,supplementary_table_2.csv:2809,missing_sequence_dictionary_entry,gdf11_99:109+ness
moffatt_gse334718,supplementary_table_2.csv:2811,missing_sequence_dictionary_entry,cdc42bpg_141:161+ness
moffatt_gse334718,supplementary_table_2.csv:2812,missing_sequence_dictionary_entry,net1_128:138+ness
moffatt_gse334718,supplementary_table_2.csv:2814,missing_sequence_dictionary_entry,net1_158:168+ness
moffatt_gse334718,supplementary_table_2.csv:2819,missing_sequence_dictionary_entry,net1_243:248+ness
moffatt_gse334718,supplementary_table_2.csv:2820,missing_sequence_dictionary_entry,cplx2_145:195+ness
moffatt_gse334718,supplementary_table_2.csv:2840,missing_sequence_dictionary_entry,cplx2_112:162+ness
moffatt_gse334718,supplementary_table_2.csv:2841,missing_sequence_dictionary_entry,cdc42bpg_153:163+ness
moffatt_gse334718,supplementary_table_2.csv:2842,missing_sequence_dictionary_entry,cplx2_171:221+ness
moffatt_gse334718,supplementary_table_2.csv:2847,missing_sequence_dictionary_entry,cplx2_243:253+ness
moffatt_gse334718,supplementary_table_2.csv:2851,missing_sequence_dictionary_entry,cdc42bpg_120:140+ness
moffatt_gse334718,supplementary_table_2.csv:2852,missing_sequence_dictionary_entry,net1_23:43+ness
moffatt_gse334718,supplementary_table_2.csv:2855,missing_sequence_dictionary_entry,cplx2_131:141+ness
moffatt_gse334718,supplementary_table_2.csv:2858,missing_sequence_dictionary_entry,trak2_23:33+ness
moffatt_gse334718,supplementary_table_2.csv:2860,missing_sequence_dictionary_entry,trp53inp2_7:12+ness
moffatt_gse334718,supplementary_table_2.csv:2865,missing_sequence_dictionary_entry,rab13_157:162+ness
moffatt_gse334718,supplementary_table_2.csv:2866,missing_sequence_dictionary_entry,net1_171:181+ness
moffatt_gse334718,supplementary_table_2.csv:2867,missing_sequence_dictionary_entry,cdc42bpg_45:50+ness
moffatt_gse334718,supplementary_table_2.csv:2869,missing_sequence_dictionary_entry,trak2_45:50+ness
moffatt_gse334718,supplementary_table_2.csv:2873,missing_sequence_dictionary_entry,net1_49:54+ness
moffatt_gse334718,supplementary_table_2.csv:2875,missing_sequence_dictionary_entry,cplx2_58:108+ness
moffatt_gse334718,supplementary_table_2.csv:2876,missing_sequence_dictionary_entry,net1_221:226+ness
moffatt_gse334718,supplementary_table_2.csv:2878,missing_sequence_dictionary_entry,rab13_62:162+ness
moffatt_gse334718,supplementary_table_2.csv:2880,missing_sequence_dictionary_entry,trak2_133:138+ness
moffatt_gse334718,supplementary_table_2.csv:2882,missing_sequence_dictionary_entry,gdf11_240:260+ness
moffatt_gse334718,supplementary_table_2.csv:2893,missing_sequence_dictionary_entry,cplx2_35:45+ness
moffatt_gse334718,supplementary_table_2.csv:2898,missing_sequence_dictionary_entry,cdc42bpg_142:192+ness
moffatt_gse334718,supplementary_table_2.csv:2899,missing_sequence_dictionary_entry,trak2_187:197+ness
moffatt_gse334718,supplementary_table_2.csv:2900,missing_sequence_dictionary_entry,cdc42bpg_137:187+ness
moffatt_gse334718,supplementary_table_2.csv:2902,missing_sequence_dictionary_entry,net1_172:192+ness
moffatt_gse334718,supplementary_table_2.csv:2904,missing_sequence_dictionary_entry,net1_113:118+ness
moffatt_gse334718,supplementary_table_2.csv:2909,missing_sequence_dictionary_entry,gdf11_201:206+ness
moffatt_gse334718,supplementary_table_2.csv:2910,missing_sequence_dictionary_entry,gdf11_167:187+ness
moffatt_gse334718,supplementary_table_2.csv:2912,missing_sequence_dictionary_entry,rab13_50:70+ness
moffatt_gse334718,supplementary_table_2.csv:2916,missing_sequence_dictionary_entry,rab13_142:147+ness
moffatt_gse334718,supplementary_table_2.csv:2921,missing_sequence_dictionary_entry,trak2_12:17+ness
moffatt_gse334718,supplementary_table_2.csv:2923,missing_sequence_dictionary_entry,cdc42bpg_98:198+ness
moffatt_gse334718,supplementary_table_2.csv:2925,missing_sequence_dictionary_entry,cplx2_184:234+ness
moffatt_gse334718,supplementary_table_2.csv:2927,missing_sequence_dictionary_entry,trak2_217:227+ness
moffatt_gse334718,supplementary_table_2.csv:2928,missing_sequence_dictionary_entry,cplx2_30:80+ness
moffatt_gse334718,supplementary_table_2.csv:2930,missing_sequence_dictionary_entry,cplx2_54:74+ness
moffatt_gse334718,supplementary_table_2.csv:2934,missing_sequence_dictionary_entry,cdc42bpg_76:126+ness
moffatt_gse334718,supplementary_table_2.csv:2936,missing_sequence_dictionary_entry,cdc42bpg_121:141+ness
moffatt_gse334718,supplementary_table_2.csv:2938,missing_sequence_dictionary_entry,trak2_19:69+ness
moffatt_gse334718,supplementary_table_2.csv:2942,missing_sequence_dictionary_entry,net1_82:87+ness
moffatt_gse334718,supplementary_table_2.csv:2948,missing_sequence_dictionary_entry,cplx2_150:160+ness
moffatt_gse334718,supplementary_table_2.csv:2949,missing_sequence_dictionary_entry,cplx2_96:106+ness
moffatt_gse334718,supplementary_table_2.csv:2952,missing_sequence_dictionary_entry,cplx2_157:207+ness
moffatt_gse334718,supplementary_table_2.csv:2961,missing_sequence_dictionary_entry,cplx2_26:36+ness
moffatt_gse334718,supplementary_table_2.csv:2962,missing_sequence_dictionary_entry,net1_12:32+ness
moffatt_gse334718,supplementary_table_2.csv:2963,missing_sequence_dictionary_entry,gdf11_117:137+ness
moffatt_gse334718,supplementary_table_2.csv:2965,missing_sequence_dictionary_entry,cdc42bpg_173:183+ness
moffatt_gse334718,supplementary_table_2.csv:2967,missing_sequence_dictionary_entry,gdf11_193:213+ness
moffatt_gse334718,supplementary_table_2.csv:2970,missing_sequence_dictionary_entry,trak2_72:77+ness
moffatt_gse334718,supplementary_table_2.csv:2971,missing_sequence_dictionary_entry,net1_170:220+ness
moffatt_gse334718,supplementary_table_2.csv:2974,missing_sequence_dictionary_entry,gdf11_203:208+ness
moffatt_gse334718,supplementary_table_2.csv:2975,missing_sequence_dictionary_entry,cplx2_60:80+ness
moffatt_gse334718,supplementary_table_2.csv:2976,missing_sequence_dictionary_entry,gdf11_121:171+ness
moffatt_gse334718,supplementary_table_2.csv:2981,missing_sequence_dictionary_entry,cplx2_147:197+ness
moffatt_gse334718,supplementary_table_2.csv:2983,missing_sequence_dictionary_entry,gdf11_121:131+ness
moffatt_gse334718,supplementary_table_2.csv:2986,missing_sequence_dictionary_entry,gdf11_79:84+ness
moffatt_gse334718,supplementary_table_2.csv:2989,missing_sequence_dictionary_entry,cplx2_14:24+ness
moffatt_gse334718,supplementary_table_2.csv:2992,missing_sequence_dictionary_entry,cplx2_130:180+ness
moffatt_gse334718,supplementary_table_2.csv:2995,missing_sequence_dictionary_entry,net1_101:106+ness
moffatt_gse334718,supplementary_table_2.csv:3007,missing_sequence_dictionary_entry,cdc42bpg_4:204+ness
moffatt_gse334718,supplementary_table_2.csv:3012,missing_sequence_dictionary_entry,gdf11_8:28+ness
moffatt_gse334718,supplementary_table_2.csv:3018,missing_sequence_dictionary_entry,gdf11_147:152+ness
moffatt_gse334718,supplementary_table_2.csv:3019,missing_sequence_dictionary_entry,gdf11_209:229+ness
moffatt_gse334718,supplementary_table_2.csv:3021,missing_sequence_dictionary_entry,trak2_153:163+ness
moffatt_gse334718,supplementary_table_2.csv:3023,missing_sequence_dictionary_entry,rab13_64:164+ness
moffatt_gse334718,supplementary_table_2.csv:3024,missing_sequence_dictionary_entry,net1_12:22+ness
moffatt_gse334718,supplementary_table_2.csv:3025,missing_sequence_dictionary_entry,rab13_101:106+ness
moffatt_gse334718,supplementary_table_2.csv:3029,missing_sequence_dictionary_entry,trp53inp2_104:114+ness
moffatt_gse334718,supplementary_table_2.csv:3030,missing_sequence_dictionary_entry,net1_148:153+ness
moffatt_gse334718,supplementary_table_2.csv:3035,missing_sequence_dictionary_entry,gdf11_64:84+ness
moffatt_gse334718,supplementary_table_2.csv:3038,missing_sequence_dictionary_entry,trak2_142:147+ness
moffatt_gse334718,supplementary_table_2.csv:3042,missing_sequence_dictionary_entry,gdf11_65:85+ness
moffatt_gse334718,supplementary_table_2.csv:3043,missing_sequence_dictionary_entry,trak2_158:208+ness
moffatt_gse334718,supplementary_table_2.csv:3045,missing_sequence_dictionary_entry,cplx2_225:235+ness
moffatt_gse334718,supplementary_table_2.csv:3048,missing_sequence_dictionary_entry,cplx2_102:202+ness
moffatt_gse334718,supplementary_table_2.csv:3049,missing_sequence_dictionary_entry,trak2_101:106+ness
moffatt_gse334718,supplementary_table_2.csv:3051,missing_sequence_dictionary_entry,cplx2_118:168+ness
moffatt_gse334718,supplementary_table_2.csv:3058,missing_sequence_dictionary_entry,cdc42bpg_104:109+ness
moffatt_gse334718,supplementary_table_2.csv:3059,missing_sequence_dictionary_entry,trp53inp2_73:173+ness
moffatt_gse334718,supplementary_table_2.csv:3062,missing_sequence_dictionary_entry,gdf11_157:167+ness
moffatt_gse334718,supplementary_table_2.csv:3072,missing_sequence_dictionary_entry,trak2_194:214+ness
moffatt_gse334718,supplementary_table_2.csv:3073,missing_sequence_dictionary_entry,trak2_37:47+ness
moffatt_gse334718,supplementary_table_2.csv:3078,missing_sequence_dictionary_entry,net1_146:151+ness
moffatt_gse334718,supplementary_table_2.csv:3082,missing_sequence_dictionary_entry,trak2_191:211+ness
moffatt_gse334718,supplementary_table_2.csv:3084,missing_sequence_dictionary_entry,cdc42bpg_103:153+ness
moffatt_gse334718,supplementary_table_2.csv:3093,missing_sequence_dictionary_entry,net1_84:234+ness
moffatt_gse334718,supplementary_table_2.csv:3094,missing_sequence_dictionary_entry,cplx2_226:246+ness
moffatt_gse334718,supplementary_table_2.csv:3100,missing_sequence_dictionary_entry,trak2_95:115+ness
moffatt_gse334718,supplementary_table_2.csv:3101,missing_sequence_dictionary_entry,cplx2_190:195+ness
moffatt_gse334718,supplementary_table_2.csv:3103,missing_sequence_dictionary_entry,net1_6:16+ness
moffatt_gse334718,supplementary_table_2.csv:3104,missing_sequence_dictionary_entry,cplx2_76:226+ness
moffatt_gse334718,supplementary_table_2.csv:3105,missing_sequence_dictionary_entry,gdf11_12:62+ness
moffatt_gse334718,supplementary_table_2.csv:3108,missing_sequence_dictionary_entry,cplx2_211:231+ness
moffatt_gse334718,supplementary_table_2.csv:3109,missing_sequence_dictionary_entry,trp53inp2_147:157+ness
moffatt_gse334718,supplementary_table_2.csv:3119,missing_sequence_dictionary_entry,trak2_218:223+ness
moffatt_gse334718,supplementary_table_2.csv:3125,missing_sequence_dictionary_entry,trak2_79:99+ness
moffatt_gse334718,supplementary_table_2.csv:3129,missing_sequence_dictionary_entry,trak2_211:221+ness
moffatt_gse334718,supplementary_table_2.csv:3136,missing_sequence_dictionary_entry,cplx2_171:191+ness
moffatt_gse334718,supplementary_table_2.csv:3141,missing_sequence_dictionary_entry,rab13_229:234+ness
moffatt_gse334718,supplementary_table_2.csv:3143,missing_sequence_dictionary_entry,cplx2_240:250+ness
moffatt_gse334718,supplementary_table_2.csv:3145,missing_sequence_dictionary_entry,trp53inp2_148:158+ness
moffatt_gse334718,supplementary_table_2.csv:3146,missing_sequence_dictionary_entry,trp53inp2_69:74+ness
moffatt_gse334718,supplementary_table_2.csv:3151,missing_sequence_dictionary_entry,gdf11_10:15+ness
moffatt_gse334718,supplementary_table_2.csv:3153,missing_sequence_dictionary_entry,cplx2_169:219+ness
moffatt_gse334718,supplementary_table_2.csv:3155,missing_sequence_dictionary_entry,malat1_38:88+ness
moffatt_gse334718,supplementary_table_2.csv:3156,missing_sequence_dictionary_entry,cplx2_93:98+ness
moffatt_gse334718,supplementary_table_2.csv:3161,missing_sequence_dictionary_entry,trp53inp2_198:203+ness
moffatt_gse334718,supplementary_table_2.csv:3163,missing_sequence_dictionary_entry,trak2_165:170+ness
moffatt_gse334718,supplementary_table_2.csv:3165,missing_sequence_dictionary_entry,cplx2_196:216+ness
moffatt_gse334718,supplementary_table_2.csv:3166,missing_sequence_dictionary_entry,cplx2_142:162+ness
moffatt_gse334718,supplementary_table_2.csv:3167,missing_sequence_dictionary_entry,trak2_249:254+ness
moffatt_gse334718,supplementary_table_2.csv:3169,missing_sequence_dictionary_entry,rab13_193:203+ness
moffatt_gse334718,supplementary_table_2.csv:3171,missing_sequence_dictionary_entry,trp53inp2_151:156+ness
moffatt_gse334718,supplementary_table_2.csv:3172,missing_sequence_dictionary_entry,gdf11_166:186+ness
moffatt_gse334718,supplementary_table_2.csv:3174,missing_sequence_dictionary_entry,cplx2_126:226+ness
moffatt_gse334718,supplementary_table_2.csv:3175,missing_sequence_dictionary_entry,cdc42bpg_185:190+ness
moffatt_gse334718,supplementary_table_2.csv:3176,missing_sequence_dictionary_entry,rab13_152:157+ness
moffatt_gse334718,supplementary_table_2.csv:3177,missing_sequence_dictionary_entry,net1_123:128+ness
moffatt_gse334718,supplementary_table_2.csv:3181,missing_sequence_dictionary_entry,net1_35:135+ness
moffatt_gse334718,supplementary_table_2.csv:3182,missing_sequence_dictionary_entry,trp53inp2_158:168+ness
moffatt_gse334718,supplementary_table_2.csv:3184,missing_sequence_dictionary_entry,cplx2_167:177+ness
moffatt_gse334718,supplementary_table_2.csv:3187,missing_sequence_dictionary_entry,net1_75:95+ness
moffatt_gse334718,supplementary_table_2.csv:3191,missing_sequence_dictionary_entry,gdf11_48:58+ness
moffatt_gse334718,supplementary_table_2.csv:3193,missing_sequence_dictionary_entry,gdf11_119:129+ness
moffatt_gse334718,supplementary_table_2.csv:3195,missing_sequence_dictionary_entry,cplx2_9:19+ness
moffatt_gse334718,supplementary_table_2.csv:3197,missing_sequence_dictionary_entry,net1_19:29+ness
moffatt_gse334718,supplementary_table_2.csv:3200,missing_sequence_dictionary_entry,gdf11_26:36+ness
moffatt_gse334718,supplementary_table_2.csv:3204,missing_sequence_dictionary_entry,cplx2_96:196+ness
moffatt_gse334718,supplementary_table_2.csv:3211,missing_sequence_dictionary_entry,net1_35:185+ness
moffatt_gse334718,supplementary_table_2.csv:3213,missing_sequence_dictionary_entry,trp53inp2_67:72+ness
moffatt_gse334718,supplementary_table_2.csv:3216,missing_sequence_dictionary_entry,rab13_163:168+ness
moffatt_gse334718,supplementary_table_2.csv:3217,missing_sequence_dictionary_entry,gdf11_69:74+ness
moffatt_gse334718,supplementary_table_2.csv:3222,missing_sequence_dictionary_entry,net1_60:80+ness
moffatt_gse334718,supplementary_table_2.csv:3227,missing_sequence_dictionary_entry,cdc42bpg_33:38+ness
moffatt_gse334718,supplementary_table_2.csv:3228,missing_sequence_dictionary_entry,gdf11_39:44+ness
moffatt_gse334718,supplementary_table_2.csv:3236,missing_sequence_dictionary_entry,gdf11_23:28+ness
moffatt_gse334718,supplementary_table_2.csv:3240,missing_sequence_dictionary_entry,rab13_212:217+ness
moffatt_gse334718,supplementary_table_2.csv:3242,missing_sequence_dictionary_entry,net1_50:70+ness
moffatt_gse334718,supplementary_table_2.csv:3244,missing_sequence_dictionary_entry,trp53inp2_213:218+ness
moffatt_gse334718,supplementary_table_2.csv:3245,missing_sequence_dictionary_entry,trp53inp2_130:135+ness
moffatt_gse334718,supplementary_table_2.csv:3248,missing_sequence_dictionary_entry,net1_22:42+ness
moffatt_gse334718,supplementary_table_2.csv:3253,missing_sequence_dictionary_entry,cplx2_129:179+ness
moffatt_gse334718,supplementary_table_2.csv:3262,missing_sequence_dictionary_entry,cplx2_64:84+ness
moffatt_gse334718,supplementary_table_2.csv:3264,missing_sequence_dictionary_entry,net1_92:142+ness
moffatt_gse334718,supplementary_table_2.csv:3265,missing_sequence_dictionary_entry,trak2_26:46+ness
moffatt_gse334718,supplementary_table_2.csv:3266,missing_sequence_dictionary_entry,cplx2_223:243+ness
moffatt_gse334718,supplementary_table_2.csv:3270,missing_sequence_dictionary_entry,cplx2_57:77+ness
moffatt_gse334718,supplementary_table_2.csv:3271,missing_sequence_dictionary_entry,trak2_186:206+ness
moffatt_gse334718,supplementary_table_2.csv:3273,missing_sequence_dictionary_entry,rab13_145:150+ness
moffatt_gse334718,supplementary_table_2.csv:3276,missing_sequence_dictionary_entry,trak2_232:237+ness
moffatt_gse334718,supplementary_table_2.csv:3279,missing_sequence_dictionary_entry,trp53inp2_41:51+ness
moffatt_gse334718,supplementary_table_2.csv:3285,missing_sequence_dictionary_entry,gdf11_135:140+ness
moffatt_gse334718,supplementary_table_2.csv:3286,missing_sequence_dictionary_entry,cplx2_219:229+ness
moffatt_gse334718,supplementary_table_2.csv:3294,missing_sequence_dictionary_entry,net1_173:193+ness
moffatt_gse334718,supplementary_table_2.csv:3295,missing_sequence_dictionary_entry,cplx2_213:223+ness
moffatt_gse334718,supplementary_table_2.csv:3302,missing_sequence_dictionary_entry,gdf11_11:16+ness
moffatt_gse334718,supplementary_table_2.csv:3305,missing_sequence_dictionary_entry,trak2_173:178+ness
moffatt_gse334718,supplementary_table_2.csv:3308,missing_sequence_dictionary_entry,cplx2_199:204+ness
moffatt_gse334718,supplementary_table_2.csv:3309,missing_sequence_dictionary_entry,cdc42bpg_95:105+ness
moffatt_gse334718,supplementary_table_2.csv:3319,missing_sequence_dictionary_entry,cdc42bpg_109:129+ness
moffatt_gse334718,supplementary_table_2.csv:3321,missing_sequence_dictionary_entry,gdf11_149:154+ness
moffatt_gse334718,supplementary_table_2.csv:3324,missing_sequence_dictionary_entry,trp53inp2_131:141+ness
moffatt_gse334718,supplementary_table_2.csv:3326,missing_sequence_dictionary_entry,cplx2_231:241+ness
moffatt_gse334718,supplementary_table_2.csv:3327,missing_sequence_dictionary_entry,rab13_130:135+ness
moffatt_gse334718,supplementary_table_2.csv:3330,missing_sequence_dictionary_entry,cplx2_190:240+ness
moffatt_gse334718,supplementary_table_2.csv:3331,missing_sequence_dictionary_entry,cplx2_40:90+ness
moffatt_gse334718,supplementary_table_2.csv:3333,missing_sequence_dictionary_entry,cplx2_165:215+ness
moffatt_gse334718,supplementary_table_2.csv:3334,missing_sequence_dictionary_entry,cplx2_144:154+ness
moffatt_gse334718,supplementary_table_2.csv:3335,missing_sequence_dictionary_entry,cplx2_166:216+ness
moffatt_gse334718,supplementary_table_2.csv:3338,missing_sequence_dictionary_entry,trp53inp2_97:247+ness
moffatt_gse334718,supplementary_table_2.csv:3339,missing_sequence_dictionary_entry,cplx2_34:84+ness
moffatt_gse334718,supplementary_table_2.csv:3344,missing_sequence_dictionary_entry,cplx2_189:194+ness
moffatt_gse334718,supplementary_table_2.csv:3346,missing_sequence_dictionary_entry,gdf11_8:18+ness
moffatt_gse334718,supplementary_table_2.csv:3353,missing_sequence_dictionary_entry,gdf11_6:16+ness
moffatt_gse334718,supplementary_table_2.csv:3357,missing_sequence_dictionary_entry,gdf11_148:153+ness
moffatt_gse334718,supplementary_table_2.csv:3358,missing_sequence_dictionary_entry,cdc42bpg_171:191+ness
moffatt_gse334718,supplementary_table_2.csv:3359,missing_sequence_dictionary_entry,net1_107:112+ness
moffatt_gse334718,supplementary_table_2.csv:3360,missing_sequence_dictionary_entry,trak2_5:15+ness
moffatt_gse334718,supplementary_table_2.csv:3361,missing_sequence_dictionary_entry,cplx2_123:128+ness
moffatt_gse334718,supplementary_table_2.csv:3367,missing_sequence_dictionary_entry,gdf11_121:126+ness
moffatt_gse334718,supplementary_table_2.csv:3368,missing_sequence_dictionary_entry,gdf11_210:260+ness
moffatt_gse334718,supplementary_table_2.csv:3373,missing_sequence_dictionary_entry,gdf11_138:148+ness
moffatt_gse334718,supplementary_table_2.csv:3374,missing_sequence_dictionary_entry,trak2_166:186+ness
moffatt_gse334718,supplementary_table_2.csv:3376,missing_sequence_dictionary_entry,trp53inp2_103:113+ness
moffatt_gse334718,supplementary_table_2.csv:3379,missing_sequence_dictionary_entry,cplx2_246:256+ness
moffatt_gse334718,supplementary_table_2.csv:3380,missing_sequence_dictionary_entry,net1_79:89+ness
moffatt_gse334718,supplementary_table_2.csv:3385,missing_sequence_dictionary_entry,trak2_217:222+ness
moffatt_gse334718,supplementary_table_2.csv:3394,missing_sequence_dictionary_entry,cplx2_161:171+ness
moffatt_gse334718,supplementary_table_2.csv:3403,missing_sequence_dictionary_entry,cdc42bpg_145:245+ness
moffatt_gse334718,supplementary_table_2.csv:3404,missing_sequence_dictionary_entry,cdc42bpg_146:166+ness
moffatt_gse334718,supplementary_table_2.csv:3407,missing_sequence_dictionary_entry,net1_162:167+ness
moffatt_gse334718,supplementary_table_2.csv:3408,missing_sequence_dictionary_entry,cplx2_7:57+ness
moffatt_gse334718,supplementary_table_2.csv:3412,missing_sequence_dictionary_entry,trak2_209:259+ness
moffatt_gse334718,supplementary_table_2.csv:3417,missing_sequence_dictionary_entry,gdf11_73:78+ness
moffatt_gse334718,supplementary_table_2.csv:3418,missing_sequence_dictionary_entry,trp53inp2_99:104+ness
moffatt_gse334718,supplementary_table_2.csv:3420,missing_sequence_dictionary_entry,net1_30:35+ness
moffatt_gse334718,supplementary_table_2.csv:3421,missing_sequence_dictionary_entry,trp53inp2_3:13+ness
moffatt_gse334718,supplementary_table_2.csv:3422,missing_sequence_dictionary_entry,cplx2_63:68+ness
moffatt_gse334718,supplementary_table_2.csv:3424,missing_sequence_dictionary_entry,trp53inp2_108:113+ness
moffatt_gse334718,supplementary_table_2.csv:3427,missing_sequence_dictionary_entry,cdc42bpg_189:194+ness
moffatt_gse334718,supplementary_table_2.csv:3429,missing_sequence_dictionary_entry,trp53inp2_171:176+ness
moffatt_gse334718,supplementary_table_2.csv:3432,missing_sequence_dictionary_entry,cdc42bpg_142:152+ness
moffatt_gse334718,supplementary_table_2.csv:3433,missing_sequence_dictionary_entry,cdc42bpg_97:107+ness
moffatt_gse334718,supplementary_table_2.csv:3434,missing_sequence_dictionary_entry,net1_68:88+ness
moffatt_gse334718,supplementary_table_2.csv:3436,missing_sequence_dictionary_entry,rab13_199:204+ness
moffatt_gse334718,supplementary_table_2.csv:3437,missing_sequence_dictionary_entry,cplx2_58:78+ness
moffatt_gse334718,supplementary_table_2.csv:3444,missing_sequence_dictionary_entry,cdc42bpg_133:233+ness
moffatt_gse334718,supplementary_table_2.csv:3447,missing_sequence_dictionary_entry,cdc42bpg_92:142+ness
moffatt_gse334718,supplementary_table_2.csv:3450,missing_sequence_dictionary_entry,rab13_126:131+ness
moffatt_gse334718,supplementary_table_2.csv:3451,missing_sequence_dictionary_entry,cplx2_108:208+ness
moffatt_gse334718,supplementary_table_2.csv:3452,missing_sequence_dictionary_entry,rab13_19:24+ness
moffatt_gse334718,supplementary_table_2.csv:3453,missing_sequence_dictionary_entry,gdf11_247:252+ness
moffatt_gse334718,supplementary_table_2.csv:3457,missing_sequence_dictionary_entry,gdf11_210:220+ness
moffatt_gse334718,supplementary_table_2.csv:3467,missing_sequence_dictionary_entry,trak2_108:128+ness
moffatt_gse334718,supplementary_table_2.csv:3472,missing_sequence_dictionary_entry,trak2_249:259+ness
moffatt_gse334718,supplementary_table_2.csv:3474,missing_sequence_dictionary_entry,trak2_59:69+ness
moffatt_gse334718,supplementary_table_2.csv:3475,missing_sequence_dictionary_entry,trak2_222:227+ness
moffatt_gse334718,supplementary_table_2.csv:3477,missing_sequence_dictionary_entry,net1_76:126+ness
moffatt_gse334718,supplementary_table_2.csv:3478,missing_sequence_dictionary_entry,cplx2_51:101+ness
moffatt_gse334718,supplementary_table_2.csv:3482,missing_sequence_dictionary_entry,cplx2_202:222+ness
moffatt_gse334718,supplementary_table_2.csv:3484,missing_sequence_dictionary_entry,cdc42bpg_106:206+ness
moffatt_gse334718,supplementary_table_2.csv:3485,missing_sequence_dictionary_entry,trp53inp2_160:170+ness
moffatt_gse334718,supplementary_table_2.csv:3487,missing_sequence_dictionary_entry,trak2_82:132+ness
moffatt_gse334718,supplementary_table_2.csv:3490,missing_sequence_dictionary_entry,trp53inp2_101:106+ness
moffatt_gse334718,supplementary_table_2.csv:3491,missing_sequence_dictionary_entry,cplx2_195:205+ness
moffatt_gse334718,supplementary_table_2.csv:3499,missing_sequence_dictionary_entry,cplx2_95:105+ness
moffatt_gse334718,supplementary_table_2.csv:3505,missing_sequence_dictionary_entry,cdc42bpg_105:115+ness
moffatt_gse334718,supplementary_table_2.csv:3510,missing_sequence_dictionary_entry,cplx2_178:228+ness
moffatt_gse334718,supplementary_table_2.csv:3519,missing_sequence_dictionary_entry,net1_37:42+ness
moffatt_gse334718,supplementary_table_2.csv:3527,missing_sequence_dictionary_entry,net1_118:138+ness
moffatt_gse334718,supplementary_table_2.csv:3528,missing_sequence_dictionary_entry,cplx2_193:198+ness
moffatt_gse334718,supplementary_table_2.csv:3529,missing_sequence_dictionary_entry,gdf11_59:79+ness
moffatt_gse334718,supplementary_table_2.csv:3530,missing_sequence_dictionary_entry,cplx2_50:60+ness
moffatt_gse334718,supplementary_table_2.csv:3531,missing_sequence_dictionary_entry,trak2_33:83+ness
moffatt_gse334718,supplementary_table_2.csv:3533,missing_sequence_dictionary_entry,net1_111:116+ness
moffatt_gse334718,supplementary_table_2.csv:3535,missing_sequence_dictionary_entry,cplx2_173:183+ness
moffatt_gse334718,supplementary_table_2.csv:3539,missing_sequence_dictionary_entry,cplx2_54:104+ness
moffatt_gse334718,supplementary_table_2.csv:3540,missing_sequence_dictionary_entry,net1_34:54+ness
moffatt_gse334718,supplementary_table_2.csv:3543,missing_sequence_dictionary_entry,trak2_206:211+ness
moffatt_gse334718,supplementary_table_2.csv:3550,missing_sequence_dictionary_entry,cdc42bpg_168:188+ness
moffatt_gse334718,supplementary_table_2.csv:3552,missing_sequence_dictionary_entry,cplx2_51:71+ness
moffatt_gse334718,supplementary_table_2.csv:3553,missing_sequence_dictionary_entry,trp53inp2_182:192+ness
moffatt_gse334718,supplementary_table_2.csv:3561,missing_sequence_dictionary_entry,trp53inp2_175:185+ness
moffatt_gse334718,supplementary_table_2.csv:3566,missing_sequence_dictionary_entry,net1_197:207+ness
moffatt_gse334718,supplementary_table_2.csv:3576,missing_sequence_dictionary_entry,trak2_123:128+ness
moffatt_gse334718,supplementary_table_2.csv:3581,missing_sequence_dictionary_entry,cplx2_70:90+ness
moffatt_gse334718,supplementary_table_2.csv:3583,missing_sequence_dictionary_entry,gdf11_173:183+ness
moffatt_gse334718,supplementary_table_2.csv:3588,missing_sequence_dictionary_entry,gdf11_100:110+ness
moffatt_gse334718,supplementary_table_2.csv:3591,missing_sequence_dictionary_entry,trp53inp2_212:217+ness
moffatt_gse334718,supplementary_table_2.csv:3596,missing_sequence_dictionary_entry,trp53inp2_54:204+ness
moffatt_gse334718,supplementary_table_2.csv:3597,missing_sequence_dictionary_entry,net1_17:22+ness
moffatt_gse334718,supplementary_table_2.csv:3598,missing_sequence_dictionary_entry,rab13_148:153+ness
moffatt_gse334718,supplementary_table_2.csv:3600,missing_sequence_dictionary_entry,malat1_100:250+ness
moffatt_gse334718,supplementary_table_2.csv:3608,missing_sequence_dictionary_entry,rab13_10:15+ness
moffatt_gse334718,supplementary_table_2.csv:3614,missing_sequence_dictionary_entry,cplx2_141:161+ness
moffatt_gse334718,supplementary_table_2.csv:3615,missing_sequence_dictionary_entry,cdc42bpg_157:207+ness
moffatt_gse334718,supplementary_table_2.csv:3620,missing_sequence_dictionary_entry,cplx2_190:210+ness
moffatt_gse334718,supplementary_table_2.csv:3623,missing_sequence_dictionary_entry,gdf11_227:232+ness
moffatt_gse334718,supplementary_table_2.csv:3631,missing_sequence_dictionary_entry,rab13_149:154+ness
moffatt_gse334718,supplementary_table_2.csv:3632,missing_sequence_dictionary_entry,gdf11_40:60+ness
moffatt_gse334718,supplementary_table_2.csv:3636,missing_sequence_dictionary_entry,cplx2_51:56+ness
moffatt_gse334718,supplementary_table_2.csv:3637,missing_sequence_dictionary_entry,trak2_121:126+ness
moffatt_gse334718,supplementary_table_2.csv:3638,missing_sequence_dictionary_entry,cdc42bpg_143:148+ness
moffatt_gse334718,supplementary_table_2.csv:3640,missing_sequence_dictionary_entry,trak2_80:230+ness
moffatt_gse334718,supplementary_table_2.csv:3642,missing_sequence_dictionary_entry,cdc42bpg_171:181+ness
moffatt_gse334718,supplementary_table_2.csv:3644,missing_sequence_dictionary_entry,cdc42bpg_123:133+ness
moffatt_gse334718,supplementary_table_2.csv:3645,missing_sequence_dictionary_entry,net1_242:247+ness
moffatt_gse334718,supplementary_table_2.csv:3647,missing_sequence_dictionary_entry,cplx2_48:98+ness
moffatt_gse334718,supplementary_table_2.csv:3657,missing_sequence_dictionary_entry,cplx2_63:113+ness
moffatt_gse334718,supplementary_table_2.csv:3658,missing_sequence_dictionary_entry,cplx2_183:188+ness
moffatt_gse334718,supplementary_table_2.csv:3660,missing_sequence_dictionary_entry,cplx2_42:47+ness
moffatt_gse334718,supplementary_table_2.csv:3667,missing_sequence_dictionary_entry,gdf11_41:61+ness
moffatt_gse334718,supplementary_table_2.csv:3668,missing_sequence_dictionary_entry,net1_62:67+ness
moffatt_gse334718,supplementary_table_2.csv:3669,missing_sequence_dictionary_entry,net1_107:127+ness
moffatt_gse334718,supplementary_table_2.csv:3673,missing_sequence_dictionary_entry,gdf11_155:165+ness
moffatt_gse334718,supplementary_table_2.csv:3676,missing_sequence_dictionary_entry,cdc42bpg_111:131+ness
moffatt_gse334718,supplementary_table_2.csv:3678,missing_sequence_dictionary_entry,cplx2_153:173+ness
moffatt_gse334718,supplementary_table_2.csv:3681,missing_sequence_dictionary_entry,cplx2_138:238+ness
moffatt_gse334718,supplementary_table_2.csv:3684,missing_sequence_dictionary_entry,cdc42bpg_133:143+ness
moffatt_gse334718,supplementary_table_2.csv:3689,missing_sequence_dictionary_entry,gdf11_9:14+ness
moffatt_gse334718,supplementary_table_2.csv:3690,missing_sequence_dictionary_entry,gdf11_188:193+ness
moffatt_gse334718,supplementary_table_2.csv:3691,missing_sequence_dictionary_entry,gdf11_50:60+ness
moffatt_gse334718,supplementary_table_2.csv:3701,missing_sequence_dictionary_entry,cplx2_75:80+ness
moffatt_gse334718,supplementary_table_2.csv:3702,missing_sequence_dictionary_entry,cdc42bpg_165:185+ness
moffatt_gse334718,supplementary_table_2.csv:3703,missing_sequence_dictionary_entry,trp53inp2_164:169+ness
moffatt_gse334718,supplementary_table_2.csv:3704,missing_sequence_dictionary_entry,trak2_102:112+ness
moffatt_gse334718,supplementary_table_2.csv:3705,missing_sequence_dictionary_entry,trak2_253:258+ness
moffatt_gse334718,supplementary_table_2.csv:3707,missing_sequence_dictionary_entry,net1_120:125+ness
moffatt_gse334718,supplementary_table_2.csv:3709,missing_sequence_dictionary_entry,trp53inp2_8:13+ness
moffatt_gse334718,supplementary_table_2.csv:3711,missing_sequence_dictionary_entry,cdc42bpg_251:256+ness
moffatt_gse334718,supplementary_table_2.csv:3712,missing_sequence_dictionary_entry,cplx2_120:130+ness
moffatt_gse334718,supplementary_table_2.csv:3715,missing_sequence_dictionary_entry,gdf11_137:147+ness
moffatt_gse334718,supplementary_table_2.csv:3717,missing_sequence_dictionary_entry,gdf11_2:22+ness
moffatt_gse334718,supplementary_table_2.csv:3718,missing_sequence_dictionary_entry,rab13_237:242+ness
moffatt_gse334718,supplementary_table_2.csv:3721,missing_sequence_dictionary_entry,gdf11_46:51+ness
moffatt_gse334718,supplementary_table_2.csv:3722,design_operation_mismatch,net1_0:0_1+ness
moffatt_gse334718,supplementary_table_2.csv:3724,missing_sequence_dictionary_entry,cdc42bpg_185:195+ness
moffatt_gse334718,supplementary_table_2.csv:3725,missing_sequence_dictionary_entry,cdc42bpg_184:194+ness
moffatt_gse334718,supplementary_table_2.csv:3728,missing_sequence_dictionary_entry,gdf11_94:104+ness
moffatt_gse334718,supplementary_table_2.csv:3735,missing_sequence_dictionary_entry,trp53inp2_144:149+ness
moffatt_gse334718,supplementary_table_2.csv:3736,missing_sequence_dictionary_entry,trp53inp2_138:143+ness
moffatt_gse334718,supplementary_table_2.csv:3739,missing_sequence_dictionary_entry,trp53inp2_169:174+ness
moffatt_gse334718,supplementary_table_2.csv:3740,missing_sequence_dictionary_entry,net1_104:109+ness
moffatt_gse334718,supplementary_table_2.csv:3742,missing_sequence_dictionary_entry,net1_233:243+ness
moffatt_gse334718,supplementary_table_2.csv:3746,missing_sequence_dictionary_entry,cdc42bpg_198:248+ness
moffatt_gse334718,supplementary_table_2.csv:3751,missing_sequence_dictionary_entry,net1_233:253+ness
moffatt_gse334718,supplementary_table_2.csv:3753,missing_sequence_dictionary_entry,cplx2_45:50+ness
moffatt_gse334718,supplementary_table_2.csv:3754,missing_sequence_dictionary_entry,net1_121:126+ness
moffatt_gse334718,supplementary_table_2.csv:3755,missing_sequence_dictionary_entry,cplx2_184:204+ness
moffatt_gse334718,supplementary_table_2.csv:3758,missing_sequence_dictionary_entry,cplx2_123:173+ness
moffatt_gse334718,supplementary_table_2.csv:3760,missing_sequence_dictionary_entry,trak2_83:103+ness
moffatt_gse334718,supplementary_table_2.csv:3762,missing_sequence_dictionary_entry,cplx2_78:88+ness
moffatt_gse334718,supplementary_table_2.csv:3767,missing_sequence_dictionary_entry,cplx2_175:225+ness
moffatt_gse334718,supplementary_table_2.csv:3770,missing_sequence_dictionary_entry,trak2_185:195+ness
moffatt_gse334718,supplementary_table_2.csv:3777,missing_sequence_dictionary_entry,trp53inp2_173:178+ness
moffatt_gse334718,supplementary_table_2.csv:3778,missing_sequence_dictionary_entry,trp53inp2_128:138+ness
moffatt_gse334718,supplementary_table_2.csv:3779,missing_sequence_dictionary_entry,cdc42bpg_229:249+ness
moffatt_gse334718,supplementary_table_2.csv:3780,missing_sequence_dictionary_entry,gdf11_146:151+ness
moffatt_gse334718,supplementary_table_2.csv:3782,missing_sequence_dictionary_entry,rab13_176:186+ness
moffatt_gse334718,supplementary_table_2.csv:3799,missing_sequence_dictionary_entry,net1_15:35+ness
moffatt_gse334718,supplementary_table_2.csv:3800,missing_sequence_dictionary_entry,cdc42bpg_163:213+ness
moffatt_gse334718,supplementary_table_2.csv:3801,missing_sequence_dictionary_entry,net1_128:133+ness
moffatt_gse334718,supplementary_table_2.csv:3802,missing_sequence_dictionary_entry,gdf11_20:30+ness
moffatt_gse334718,supplementary_table_2.csv:3810,missing_sequence_dictionary_entry,cplx2_148:198+ness
moffatt_gse334718,supplementary_table_2.csv:3812,missing_sequence_dictionary_entry,gdf11_156:161+ness
moffatt_gse334718,supplementary_table_2.csv:3818,missing_sequence_dictionary_entry,gdf11_111:121+ness
moffatt_gse334718,supplementary_table_2.csv:3820,missing_sequence_dictionary_entry,net1_172:182+ness
moffatt_gse334718,supplementary_table_2.csv:3822,missing_sequence_dictionary_entry,trak2_210:260+ness
moffatt_gse334718,supplementary_table_2.csv:3823,missing_sequence_dictionary_entry,net1_109:119+ness
moffatt_gse334718,supplementary_table_2.csv:3826,missing_sequence_dictionary_entry,net1_126:131+ness
moffatt_gse334718,supplementary_table_2.csv:3829,missing_sequence_dictionary_entry,cdc42bpg_166:216+ness
moffatt_gse334718,supplementary_table_2.csv:3830,missing_sequence_dictionary_entry,cplx2_193:243+ness
moffatt_gse334718,supplementary_table_2.csv:3831,missing_sequence_dictionary_entry,trp53inp2_207:212+ness
moffatt_gse334718,supplementary_table_2.csv:3833,missing_sequence_dictionary_entry,cplx2_159:209+ness
moffatt_gse334718,supplementary_table_2.csv:3834,missing_sequence_dictionary_entry,gdf11_173:178+ness
moffatt_gse334718,supplementary_table_2.csv:3835,missing_sequence_dictionary_entry,net1_109:114+ness
moffatt_gse334718,supplementary_table_2.csv:3836,missing_sequence_dictionary_entry,net1_199:204+ness
moffatt_gse334718,supplementary_table_2.csv:3838,missing_sequence_dictionary_entry,cplx2_13:23+ness
moffatt_gse334718,supplementary_table_2.csv:3839,missing_sequence_dictionary_entry,trak2_192:212+ness
moffatt_gse334718,supplementary_table_2.csv:3846,missing_sequence_dictionary_entry,cplx2_39:59+ness
moffatt_gse334718,supplementary_table_2.csv:3847,missing_sequence_dictionary_entry,net1_233:238+ness
moffatt_gse334718,supplementary_table_2.csv:3854,missing_sequence_dictionary_entry,trp53inp2_143:148+ness
moffatt_gse334718,supplementary_table_2.csv:3858,missing_sequence_dictionary_entry,gdf11_101:121+ness
moffatt_gse334718,supplementary_table_2.csv:3859,missing_sequence_dictionary_entry,trp53inp2_95:100+ness
moffatt_gse334718,supplementary_table_2.csv:3874,missing_sequence_dictionary_entry,cdc42bpg_155:160+ness
moffatt_gse334718,supplementary_table_2.csv:3875,missing_sequence_dictionary_entry,cdc42bpg_108:128+ness
moffatt_gse334718,supplementary_table_2.csv:3878,missing_sequence_dictionary_entry,cplx2_48:68+ness
moffatt_gse334718,supplementary_table_2.csv:3880,missing_sequence_dictionary_entry,cplx2_229:234+ness
moffatt_gse334718,supplementary_table_2.csv:3882,missing_sequence_dictionary_entry,trak2_196:201+ness
moffatt_gse334718,supplementary_table_2.csv:3883,missing_sequence_dictionary_entry,rab13_197:202+ness
moffatt_gse334718,supplementary_table_2.csv:3885,missing_sequence_dictionary_entry,cdc42bpg_106:126+ness
moffatt_gse334718,supplementary_table_2.csv:3886,missing_sequence_dictionary_entry,cdc42bpg_184:189+ness
moffatt_gse334718,supplementary_table_2.csv:3891,missing_sequence_dictionary_entry,trak2_78:88+ness
moffatt_gse334718,supplementary_table_2.csv:3894,missing_sequence_dictionary_entry,trak2_31:41+ness
moffatt_gse334718,supplementary_table_2.csv:3898,missing_sequence_dictionary_entry,gdf11_120:125+ness
moffatt_gse334718,supplementary_table_2.csv:3900,missing_sequence_dictionary_entry,cdc42bpg_222:227+ness
moffatt_gse334718,supplementary_table_2.csv:3904,missing_sequence_dictionary_entry,gdf11_35:40+ness
moffatt_gse334718,supplementary_table_2.csv:3908,missing_sequence_dictionary_entry,net1_139:144+ness
moffatt_gse334718,supplementary_table_2.csv:3909,missing_sequence_dictionary_entry,net1_188:193+ness
moffatt_gse334718,supplementary_table_2.csv:3911,missing_sequence_dictionary_entry,cplx2_13:63+ness
moffatt_gse334718,supplementary_table_2.csv:3922,missing_sequence_dictionary_entry,cplx2_82:132+ness
moffatt_gse334718,supplementary_table_2.csv:3927,missing_sequence_dictionary_entry,net1_108:113+ness
moffatt_gse334718,supplementary_table_2.csv:3931,missing_sequence_dictionary_entry,cplx2_60:110+ness
moffatt_gse334718,supplementary_table_2.csv:3936,missing_sequence_dictionary_entry,cplx2_178:198+ness
moffatt_gse334718,supplementary_table_2.csv:3938,missing_sequence_dictionary_entry,cdc42bpg_96:101+ness
moffatt_gse334718,supplementary_table_2.csv:3942,missing_sequence_dictionary_entry,net1_133:138+ness
moffatt_gse334718,supplementary_table_2.csv:3943,missing_sequence_dictionary_entry,net1_2:12+ness
moffatt_gse334718,supplementary_table_2.csv:3955,missing_sequence_dictionary_entry,cplx2_29:39+ness
moffatt_gse334718,supplementary_table_2.csv:3956,missing_sequence_dictionary_entry,cdc42bpg_199:249+ness
moffatt_gse334718,supplementary_table_2.csv:3958,missing_sequence_dictionary_entry,cdc42bpg_190:195+ness
moffatt_gse334718,supplementary_table_2.csv:3959,missing_sequence_dictionary_entry,cplx2_165:170+ness
moffatt_gse334718,supplementary_table_2.csv:3962,missing_sequence_dictionary_entry,cdc42bpg_169:189+ness
moffatt_gse334718,supplementary_table_2.csv:3966,missing_sequence_dictionary_entry,cdc42bpg_154:159+ness
moffatt_gse334718,supplementary_table_2.csv:3968,missing_sequence_dictionary_entry,cplx2_126:136+ness
moffatt_gse334718,supplementary_table_2.csv:3969,missing_sequence_dictionary_entry,cdc42bpg_138:158+ness
moffatt_gse334718,supplementary_table_2.csv:3976,missing_sequence_dictionary_entry,cplx2_66:76+ness
moffatt_gse334718,supplementary_table_2.csv:3978,missing_sequence_dictionary_entry,cplx2_177:227+ness
moffatt_gse334718,supplementary_table_2.csv:3979,missing_sequence_dictionary_entry,cplx2_198:208+ness
moffatt_gse334718,supplementary_table_2.csv:3980,missing_sequence_dictionary_entry,gdf11_225:230+ness
moffatt_gse334718,supplementary_table_2.csv:3981,missing_sequence_dictionary_entry,trak2_93:113+ness
moffatt_gse334718,supplementary_table_2.csv:3982,missing_sequence_dictionary_entry,cplx2_196:201+ness
moffatt_gse334718,supplementary_table_2.csv:3983,missing_sequence_dictionary_entry,cdc42bpg_225:230+ness
moffatt_gse334718,supplementary_table_2.csv:3984,missing_sequence_dictionary_entry,gdf11_18:28+ness
moffatt_gse334718,supplementary_table_2.csv:3989,missing_sequence_dictionary_entry,cplx2_111:131+ness
moffatt_gse334718,supplementary_table_2.csv:3993,missing_sequence_dictionary_entry,cplx2_175:195+ness
moffatt_gse334718,supplementary_table_2.csv:4000,missing_sequence_dictionary_entry,cdc42bpg_188:193+ness
moffatt_gse334718,supplementary_table_2.csv:4002,missing_sequence_dictionary_entry,cplx2_247:252+ness
moffatt_gse334718,supplementary_table_2.csv:4003,missing_sequence_dictionary_entry,rab13_217:222+ness
moffatt_gse334718,supplementary_table_2.csv:4005,missing_sequence_dictionary_entry,cplx2_189:239+ness
moffatt_gse334718,supplementary_table_2.csv:4008,missing_sequence_dictionary_entry,cplx2_174:184+ness
moffatt_gse334718,supplementary_table_2.csv:4015,missing_sequence_dictionary_entry,cplx2_144:244+ness
moffatt_gse334718,supplementary_table_2.csv:4017,missing_sequence_dictionary_entry,cplx2_123:143+ness
moffatt_gse334718,supplementary_table_2.csv:4018,missing_sequence_dictionary_entry,cplx2_186:196+ness
moffatt_gse334718,supplementary_table_2.csv:4019,missing_sequence_dictionary_entry,cdc42bpg_163:173+ness
moffatt_gse334718,supplementary_table_2.csv:4020,missing_sequence_dictionary_entry,cdc42bpg_170:190+ness
moffatt_gse334718,supplementary_table_2.csv:4025,missing_sequence_dictionary_entry,cplx2_205:225+ness
moffatt_gse334718,supplementary_table_2.csv:4028,missing_sequence_dictionary_entry,cplx2_97:102+ness
moffatt_gse334718,supplementary_table_2.csv:4038,missing_sequence_dictionary_entry,cplx2_85:90+ness
moffatt_gse334718,supplementary_table_2.csv:4039,missing_sequence_dictionary_entry,cplx2_52:72+ness
moffatt_gse334718,supplementary_table_2.csv:4054,missing_sequence_dictionary_entry,cplx2_2:12+ness
moffatt_gse334718,supplementary_table_2.csv:4057,missing_sequence_dictionary_entry,gdf11_6:26+ness
moffatt_gse334718,supplementary_table_2.csv:4061,missing_sequence_dictionary_entry,trak2_235:240+ness
moffatt_gse334718,supplementary_table_2.csv:4065,missing_sequence_dictionary_entry,cplx2_234:244+ness
moffatt_gse334718,supplementary_table_2.csv:4071,missing_sequence_dictionary_entry,gdf11_68:88+ness
moffatt_gse334718,supplementary_table_2.csv:4072,missing_sequence_dictionary_entry,cdc42bpg_144:244+ness
moffatt_gse334718,supplementary_table_2.csv:4076,missing_sequence_dictionary_entry,trak2_51:71+ness
moffatt_gse334718,supplementary_table_2.csv:4083,missing_sequence_dictionary_entry,gdf11_16:36+ness
moffatt_gse334718,supplementary_table_2.csv:4086,missing_sequence_dictionary_entry,cplx2_229:249+ness
moffatt_gse334718,supplementary_table_2.csv:4087,missing_sequence_dictionary_entry,cplx2_143:153+ness
moffatt_gse334718,supplementary_table_2.csv:4090,missing_sequence_dictionary_entry,cplx2_106:126+ness
moffatt_gse334718,supplementary_table_2.csv:4093,missing_sequence_dictionary_entry,cplx2_155:165+ness
moffatt_gse334718,supplementary_table_2.csv:4095,missing_sequence_dictionary_entry,cplx2_169:174+ness
moffatt_gse334718,supplementary_table_2.csv:4099,missing_sequence_dictionary_entry,net1_198:208+ness
moffatt_gse334718,supplementary_table_2.csv:4101,missing_sequence_dictionary_entry,cplx2_70:120+ness
moffatt_gse334718,supplementary_table_2.csv:4104,missing_sequence_dictionary_entry,cdc42bpg_129:149+ness
moffatt_gse334718,supplementary_table_2.csv:4107,missing_sequence_dictionary_entry,cplx2_159:164+ness
moffatt_gse334718,supplementary_table_2.csv:4116,missing_sequence_dictionary_entry,cdc42bpg_145:165+ness
moffatt_gse334718,supplementary_table_2.csv:4118,missing_sequence_dictionary_entry,cplx2_71:81+ness
moffatt_gse334718,supplementary_table_2.csv:4121,missing_sequence_dictionary_entry,cplx2_249:259+ness
moffatt_gse334718,supplementary_table_2.csv:4123,missing_sequence_dictionary_entry,gdf11_181:186+ness
moffatt_gse334718,supplementary_table_2.csv:4127,missing_sequence_dictionary_entry,cdc42bpg_105:110+ness
moffatt_gse334718,supplementary_table_2.csv:4137,missing_sequence_dictionary_entry,trak2_170:220+ness
moffatt_gse334718,supplementary_table_2.csv:4142,missing_sequence_dictionary_entry,cplx2_228:238+ness
moffatt_gse334718,supplementary_table_2.csv:4148,missing_sequence_dictionary_entry,gdf11_160:165+ness
moffatt_gse334718,supplementary_table_2.csv:4149,missing_sequence_dictionary_entry,cdc42bpg_145:195+ness
moffatt_gse334718,supplementary_table_2.csv:4150,missing_sequence_dictionary_entry,cplx2_113:123+ness
moffatt_gse334718,supplementary_table_2.csv:4152,missing_sequence_dictionary_entry,cplx2_69:89+ness
moffatt_gse334718,supplementary_table_2.csv:4155,missing_sequence_dictionary_entry,net1_244:249+ness
moffatt_gse334718,supplementary_table_2.csv:4160,missing_sequence_dictionary_entry,rab13_80:100+ness
moffatt_gse334718,supplementary_table_2.csv:4161,missing_sequence_dictionary_entry,cplx2_163:168+ness
moffatt_gse334718,supplementary_table_2.csv:4165,missing_sequence_dictionary_entry,cplx2_111:161+ness
moffatt_gse334718,supplementary_table_2.csv:4167,missing_sequence_dictionary_entry,gdf11_163:168+ness
moffatt_gse334718,supplementary_table_2.csv:4169,missing_sequence_dictionary_entry,cplx2_48:53+ness
moffatt_gse334718,supplementary_table_2.csv:4170,missing_sequence_dictionary_entry,cplx2_136:156+ness
moffatt_gse334718,supplementary_table_2.csv:4171,missing_sequence_dictionary_entry,cdc42bpg_173:193+ness
moffatt_gse334718,supplementary_table_2.csv:4173,missing_sequence_dictionary_entry,cplx2_120:220+ness
moffatt_gse334718,supplementary_table_2.csv:4183,missing_sequence_dictionary_entry,cdc42bpg_138:148+ness
moffatt_gse334718,supplementary_table_2.csv:4186,missing_sequence_dictionary_entry,cplx2_81:86+ness
moffatt_gse334718,supplementary_table_2.csv:4191,missing_sequence_dictionary_entry,net1_32:82+ness
moffatt_gse334718,supplementary_table_2.csv:4194,missing_sequence_dictionary_entry,net1_156:161+ness
moffatt_gse334718,supplementary_table_2.csv:4197,missing_sequence_dictionary_entry,net1_129:134+ness
moffatt_gse334718,supplementary_table_2.csv:4198,missing_sequence_dictionary_entry,cdc42bpg_151:161+ness
moffatt_gse334718,supplementary_table_2.csv:4199,missing_sequence_dictionary_entry,cdc42bpg_93:103+ness
moffatt_gse334718,supplementary_table_2.csv:4200,missing_sequence_dictionary_entry,cdc42bpg_96:106+ness
moffatt_gse334718,supplementary_table_2.csv:4201,missing_sequence_dictionary_entry,cdc42bpg_165:215+ness
moffatt_gse334718,supplementary_table_2.csv:4202,missing_sequence_dictionary_entry,gdf11_88:93+ness
moffatt_gse334718,supplementary_table_2.csv:4207,missing_sequence_dictionary_entry,net1_118:123+ness
moffatt_gse334718,supplementary_table_2.csv:4208,missing_sequence_dictionary_entry,cplx2_105:110+ness
moffatt_gse334718,supplementary_table_2.csv:4210,missing_sequence_dictionary_entry,cplx2_107:117+ness
moffatt_gse334718,supplementary_table_2.csv:4211,missing_sequence_dictionary_entry,cdc42bpg_172:182+ness
moffatt_gse334718,supplementary_table_2.csv:4217,missing_sequence_dictionary_entry,cplx2_217:222+ness
moffatt_gse334718,supplementary_table_2.csv:4222,missing_sequence_dictionary_entry,trp53inp2_153:158+ness
moffatt_gse334718,supplementary_table_2.csv:4228,missing_sequence_dictionary_entry,cdc42bpg_156:161+ness
moffatt_gse334718,supplementary_table_2.csv:4230,missing_sequence_dictionary_entry,cdc42bpg_90:140+ness
moffatt_gse334718,supplementary_table_2.csv:4233,missing_sequence_dictionary_entry,cplx2_39:44+ness
moffatt_gse334718,supplementary_table_2.csv:4234,missing_sequence_dictionary_entry,malat1_63:73+ness
moffatt_gse334718,supplementary_table_2.csv:4235,missing_sequence_dictionary_entry,trak2_229:234+ness
moffatt_gse334718,supplementary_table_2.csv:4236,missing_sequence_dictionary_entry,rab13_134:139+ness
moffatt_gse334718,supplementary_table_2.csv:4237,missing_sequence_dictionary_entry,gdf11_227:237+ness
moffatt_gse334718,supplementary_table_2.csv:4238,missing_sequence_dictionary_entry,cdc42bpg_151:201+ness
moffatt_gse334718,supplementary_table_2.csv:4240,missing_sequence_dictionary_entry,cplx2_202:207+ness
moffatt_gse334718,supplementary_table_2.csv:4241,missing_sequence_dictionary_entry,gdf11_204:209+ness
moffatt_gse334718,supplementary_table_2.csv:4243,missing_sequence_dictionary_entry,cplx2_208:258+ness
moffatt_gse334718,supplementary_table_2.csv:4245,missing_sequence_dictionary_entry,cplx2_223:228+ness
moffatt_gse334718,supplementary_table_2.csv:4258,missing_sequence_dictionary_entry,cplx2_136:186+ness
moffatt_gse334718,supplementary_table_2.csv:4263,missing_sequence_dictionary_entry,cplx2_81:131+ness
moffatt_gse334718,supplementary_table_2.csv:4264,missing_sequence_dictionary_entry,cplx2_72:82+ness
moffatt_gse334718,supplementary_table_2.csv:4268,missing_sequence_dictionary_entry,cplx2_208:213+ness
moffatt_gse334718,supplementary_table_2.csv:4273,missing_sequence_dictionary_entry,cdc42bpg_191:196+ness
moffatt_gse334718,supplementary_table_2.csv:4278,design_operation_mismatch,cplx2_0:0_1+ness
moffatt_gse334718,supplementary_table_2.csv:4279,missing_sequence_dictionary_entry,gdf11_36:41+ness
moffatt_gse334718,supplementary_table_2.csv:4281,missing_sequence_dictionary_entry,gdf11_171:176+ness
moffatt_gse334718,supplementary_table_2.csv:4288,missing_sequence_dictionary_entry,cdc42bpg_156:166+ness
moffatt_gse334718,supplementary_table_2.csv:4292,missing_sequence_dictionary_entry,trak2_191:196+ness
moffatt_gse334718,supplementary_table_2.csv:4293,missing_sequence_dictionary_entry,cplx2_210:220+ness
moffatt_gse334718,supplementary_table_2.csv:4298,design_operation_mismatch,trak2_0:0_1+ness
moffatt_gse334718,supplementary_table_2.csv:4300,missing_sequence_dictionary_entry,cdc42bpg_190:200+ness
moffatt_gse334718,supplementary_table_2.csv:4302,missing_sequence_dictionary_entry,cplx2_106:156+ness
moffatt_gse334718,supplementary_table_2.csv:4309,missing_sequence_dictionary_entry,gdf11_187:192+ness
moffatt_gse334718,supplementary_table_2.csv:4310,design_operation_mismatch,trp53inp2_0:0_1+ness
moffatt_gse334718,supplementary_table_2.csv:4312,missing_sequence_dictionary_entry,cdc42bpg_183:188+ness
moffatt_gse334718,supplementary_table_2.csv:4315,missing_sequence_dictionary_entry,cplx2_30:35+ness
moffatt_gse334718,supplementary_table_2.csv:4323,missing_sequence_dictionary_entry,trak2_183:233+ness
moffatt_gse334718,supplementary_table_2.csv:4325,missing_sequence_dictionary_entry,malat1_169:189+ness
moffatt_gse334718,supplementary_table_2.csv:4328,missing_sequence_dictionary_entry,cdc42bpg_159:169+ness
moffatt_gse334718,supplementary_table_2.csv:4330,missing_sequence_dictionary_entry,cdc42bpg_34:39+ness
moffatt_gse334718,supplementary_table_2.csv:4338,missing_sequence_dictionary_entry,cdc42bpg_110:120+ness
moffatt_gse334718,supplementary_table_2.csv:4340,missing_sequence_dictionary_entry,cplx2_7:17+ness
moffatt_gse334718,supplementary_table_2.csv:4342,missing_sequence_dictionary_entry,cplx2_57:62+ness
moffatt_gse334718,supplementary_table_2.csv:4350,missing_sequence_dictionary_entry,net1_176:226+ness
moffatt_gse334718,supplementary_table_2.csv:4353,missing_sequence_dictionary_entry,cdc42bpg_151:156+ness
moffatt_gse334718,supplementary_table_2.csv:4356,missing_sequence_dictionary_entry,gdf11_40:50+ness
moffatt_gse334718,supplementary_table_2.csv:4358,missing_sequence_dictionary_entry,cplx2_138:148+ness
moffatt_gse334718,supplementary_table_2.csv:4360,missing_sequence_dictionary_entry,net1_6:26+ness
moffatt_gse334718,supplementary_table_2.csv:4361,missing_sequence_dictionary_entry,cplx2_142:192+ness
moffatt_gse334718,supplementary_table_2.csv:4366,missing_sequence_dictionary_entry,gdf11_11:31+ness
moffatt_gse334718,supplementary_table_2.csv:4368,missing_sequence_dictionary_entry,cplx2_108:118+ness
moffatt_gse334718,supplementary_table_2.csv:4375,missing_sequence_dictionary_entry,cplx2_77:87+ness
moffatt_gse334718,supplementary_table_2.csv:4376,missing_sequence_dictionary_entry,cplx2_45:65+ness
moffatt_gse334718,supplementary_table_2.csv:4377,missing_sequence_dictionary_entry,cplx2_3:23+ness
moffatt_gse334718,supplementary_table_2.csv:4378,missing_sequence_dictionary_entry,cplx2_159:179+ness
moffatt_gse334718,supplementary_table_2.csv:4379,missing_sequence_dictionary_entry,cplx2_165:185+ness
moffatt_gse334718,supplementary_table_2.csv:4383,missing_sequence_dictionary_entry,trak2_78:98+ness
moffatt_gse334718,supplementary_table_2.csv:4386,missing_sequence_dictionary_entry,gdf11_7:17+ness
moffatt_gse334718,supplementary_table_2.csv:4389,missing_sequence_dictionary_entry,cplx2_172:192+ness
moffatt_gse334718,supplementary_table_2.csv:4392,missing_sequence_dictionary_entry,gdf11_226:231+ness
moffatt_gse334718,supplementary_table_2.csv:4394,missing_sequence_dictionary_entry,cplx2_66:166+ness
moffatt_gse334718,supplementary_table_2.csv:4396,missing_sequence_dictionary_entry,gdf11_224:229+ness
moffatt_gse334718,supplementary_table_2.csv:4408,missing_sequence_dictionary_entry,net1_237:257+ness
moffatt_gse334718,supplementary_table_2.csv:4412,missing_sequence_dictionary_entry,cplx2_216:226+ness
moffatt_gse334718,supplementary_table_2.csv:4414,missing_sequence_dictionary_entry,rab13_147:152+ness
moffatt_gse334718,supplementary_table_2.csv:4415,missing_sequence_dictionary_entry,trak2_235:255+ness
moffatt_gse334718,supplementary_table_2.csv:4423,missing_sequence_dictionary_entry,cplx2_162:172+ness
moffatt_gse334718,supplementary_table_2.csv:4426,missing_sequence_dictionary_entry,cplx2_208:228+ness
moffatt_gse334718,supplementary_table_2.csv:4427,missing_sequence_dictionary_entry,cdc42bpg_118:123+ness
moffatt_gse334718,supplementary_table_2.csv:4428,missing_sequence_dictionary_entry,net1_234:239+ness
moffatt_gse334718,supplementary_table_2.csv:4431,missing_sequence_dictionary_entry,net1_166:171+ness
moffatt_gse334718,supplementary_table_2.csv:4438,missing_sequence_dictionary_entry,cplx2_147:152+ness
moffatt_gse334718,supplementary_table_2.csv:4439,missing_sequence_dictionary_entry,cplx2_156:166+ness
moffatt_gse334718,supplementary_table_2.csv:4440,missing_sequence_dictionary_entry,cplx2_130:150+ness
moffatt_gse334718,supplementary_table_2.csv:4442,missing_sequence_dictionary_entry,cdc42bpg_209:214+ness
moffatt_gse334718,supplementary_table_2.csv:4444,missing_sequence_dictionary_entry,cplx2_132:142+ness
moffatt_gse334718,supplementary_table_2.csv:4452,missing_sequence_dictionary_entry,cplx2_217:237+ness
moffatt_gse334718,supplementary_table_2.csv:4454,missing_sequence_dictionary_entry,cplx2_33:38+ness
moffatt_gse334718,supplementary_table_2.csv:4458,missing_sequence_dictionary_entry,cdc42bpg_109:119+ness
moffatt_gse334718,supplementary_table_2.csv:4462,missing_sequence_dictionary_entry,net1_112:117+ness
moffatt_gse334718,supplementary_table_2.csv:4467,missing_sequence_dictionary_entry,rab13_124:129+ness
moffatt_gse334718,supplementary_table_2.csv:4470,missing_sequence_dictionary_entry,rab13_178:183+ness
moffatt_gse334718,supplementary_table_2.csv:4473,missing_sequence_dictionary_entry,cdc42bpg_168:173+ness
moffatt_gse334718,supplementary_table_2.csv:4480,missing_sequence_dictionary_entry,cplx2_124:174+ness
moffatt_gse334718,supplementary_table_2.csv:4483,missing_sequence_dictionary_entry,cplx2_151:201+ness
moffatt_gse334718,supplementary_table_2.csv:4485,missing_sequence_dictionary_entry,cplx2_189:209+ness
moffatt_gse334718,supplementary_table_2.csv:4486,missing_sequence_dictionary_entry,cdc42bpg_91:141+ness
moffatt_gse334718,supplementary_table_2.csv:4487,missing_sequence_dictionary_entry,cplx2_205:210+ness
moffatt_gse334718,supplementary_table_2.csv:4491,missing_sequence_dictionary_entry,cdc42bpg_133:138+ness
moffatt_gse334718,supplementary_table_2.csv:4493,missing_sequence_dictionary_entry,gdf11_197:207+ness
moffatt_gse334718,supplementary_table_2.csv:4500,missing_sequence_dictionary_entry,cdc42bpg_95:100+ness
moffatt_gse334718,supplementary_table_2.csv:4502,missing_sequence_dictionary_entry,cdc42bpg_9:29+ness
moffatt_gse334718,supplementary_table_2.csv:4503,missing_sequence_dictionary_entry,cplx2_111:116+ness
moffatt_gse334718,supplementary_table_2.csv:4505,missing_sequence_dictionary_entry,cplx2_133:138+ness
moffatt_gse334718,supplementary_table_2.csv:4509,missing_sequence_dictionary_entry,rab13_136:141+ness
moffatt_gse334718,supplementary_table_2.csv:4513,missing_sequence_dictionary_entry,net1_116:121+ness
moffatt_gse334718,supplementary_table_2.csv:4514,missing_sequence_dictionary_entry,gdf11_113:118+ness
moffatt_gse334718,supplementary_table_2.csv:4515,missing_sequence_dictionary_entry,cdc42bpg_119:129+ness
moffatt_gse334718,supplementary_table_2.csv:4518,missing_sequence_dictionary_entry,cplx2_222:232+ness
moffatt_gse334718,supplementary_table_2.csv:4522,missing_sequence_dictionary_entry,cplx2_199:219+ness
moffatt_gse334718,supplementary_table_2.csv:4529,missing_sequence_dictionary_entry,cplx2_11:61+ness
moffatt_gse334718,supplementary_table_2.csv:4530,missing_sequence_dictionary_entry,cplx2_129:149+ness
moffatt_gse334718,supplementary_table_2.csv:4531,missing_sequence_dictionary_entry,cplx2_135:155+ness
moffatt_gse334718,supplementary_table_2.csv:4532,missing_sequence_dictionary_entry,cdc42bpg_127:132+ness
moffatt_gse334718,supplementary_table_2.csv:4534,missing_sequence_dictionary_entry,gdf11_218:238+ness
moffatt_gse334718,supplementary_table_2.csv:4541,missing_sequence_dictionary_entry,cdc42bpg_141:146+ness
moffatt_gse334718,supplementary_table_2.csv:4543,missing_sequence_dictionary_entry,cdc42bpg_200:250+ness
moffatt_gse334718,supplementary_table_2.csv:4553,missing_sequence_dictionary_entry,cplx2_105:155+ness
moffatt_gse334718,supplementary_table_2.csv:4554,missing_sequence_dictionary_entry,cplx2_151:156+ness
moffatt_gse334718,supplementary_table_2.csv:4561,missing_sequence_dictionary_entry,gdf11_107:117+ness
moffatt_gse334718,supplementary_table_2.csv:4569,missing_sequence_dictionary_entry,cdc42bpg_187:192+ness
moffatt_gse334718,supplementary_table_2.csv:4571,missing_sequence_dictionary_entry,cplx2_201:211+ness
moffatt_gse334718,supplementary_table_2.csv:4575,missing_sequence_dictionary_entry,cdc42bpg_147:152+ness
moffatt_gse334718,supplementary_table_2.csv:4583,missing_sequence_dictionary_entry,cplx2_232:237+ness
moffatt_gse334718,supplementary_table_2.csv:4585,missing_sequence_dictionary_entry,cdc42bpg_183:193+ness
moffatt_gse334718,supplementary_table_2.csv:4586,missing_sequence_dictionary_entry,malat1_65:75+ness
moffatt_gse334718,supplementary_table_2.csv:4587,missing_sequence_dictionary_entry,cplx2_196:246+ness
moffatt_gse334718,supplementary_table_2.csv:4592,missing_sequence_dictionary_entry,cplx2_168:178+ness
moffatt_gse334718,supplementary_table_2.csv:4594,missing_sequence_dictionary_entry,cplx2_125:135+ness
moffatt_gse334718,supplementary_table_2.csv:4596,missing_sequence_dictionary_entry,trak2_201:206+ness
moffatt_gse334718,supplementary_table_2.csv:4598,missing_sequence_dictionary_entry,rab13_118:123+ness
moffatt_gse334718,supplementary_table_2.csv:4601,missing_sequence_dictionary_entry,cplx2_183:203+ness
moffatt_gse334718,supplementary_table_2.csv:4604,missing_sequence_dictionary_entry,cplx2_2:22+ness
moffatt_gse334718,supplementary_table_2.csv:4605,missing_sequence_dictionary_entry,cplx2_69:119+ness
moffatt_gse334718,supplementary_table_2.csv:4607,missing_sequence_dictionary_entry,cplx2_65:75+ness
moffatt_gse334718,supplementary_table_2.csv:4610,missing_sequence_dictionary_entry,gdf11_31:41+ness
moffatt_gse334718,supplementary_table_2.csv:4620,missing_sequence_dictionary_entry,gdf11_124:129+ness
moffatt_gse334718,supplementary_table_2.csv:4623,missing_sequence_dictionary_entry,cdc42bpg_112:122+ness
moffatt_gse334718,supplementary_table_2.csv:4624,missing_sequence_dictionary_entry,trak2_208:258+ness
moffatt_gse334718,supplementary_table_2.csv:4625,missing_sequence_dictionary_entry,cplx2_102:112+ness
moffatt_gse334718,supplementary_table_2.csv:4631,missing_sequence_dictionary_entry,cdc42bpg_89:139+ness
moffatt_gse334718,supplementary_table_2.csv:4632,missing_sequence_dictionary_entry,cdc42bpg_193:243+ness
moffatt_gse334718,supplementary_table_2.csv:4633,missing_sequence_dictionary_entry,trp53inp2_194:204+ness
moffatt_gse334718,supplementary_table_2.csv:4635,missing_sequence_dictionary_entry,gdf11_134:139+ness
moffatt_gse334718,supplementary_table_2.csv:4636,missing_sequence_dictionary_entry,cplx2_154:204+ness
moffatt_gse334718,supplementary_table_2.csv:4637,missing_sequence_dictionary_entry,cdc42bpg_203:223+ness
moffatt_gse334718,supplementary_table_2.csv:4638,missing_sequence_dictionary_entry,cplx2_61:66+ness
moffatt_gse334718,supplementary_table_2.csv:4639,missing_sequence_dictionary_entry,cdc42bpg_80:130+ness
moffatt_gse334718,supplementary_table_2.csv:4647,missing_sequence_dictionary_entry,cdc42bpg_141:151+ness
moffatt_gse334718,supplementary_table_2.csv:4648,missing_sequence_dictionary_entry,cplx2_13:18+ness
moffatt_gse334718,supplementary_table_2.csv:4651,missing_sequence_dictionary_entry,cplx2_226:231+ness
moffatt_gse334718,supplementary_table_2.csv:4659,missing_sequence_dictionary_entry,cdc42bpg_122:142+ness
moffatt_gse334718,supplementary_table_2.csv:4660,missing_sequence_dictionary_entry,cplx2_181:186+ness
moffatt_gse334718,supplementary_table_2.csv:4661,missing_sequence_dictionary_entry,cdc42bpg_142:147+ness
moffatt_gse334718,supplementary_table_2.csv:4667,missing_sequence_dictionary_entry,cplx2_171:176+ness
moffatt_gse334718,supplementary_table_2.csv:4669,missing_sequence_dictionary_entry,cplx2_153:158+ness
moffatt_gse334718,supplementary_table_2.csv:4673,missing_sequence_dictionary_entry,gdf11_52:57+ness
moffatt_gse334718,supplementary_table_2.csv:4674,missing_sequence_dictionary_entry,rab13_214:219+ness
moffatt_gse334718,supplementary_table_2.csv:4675,missing_sequence_dictionary_entry,cplx2_67:72+ness
moffatt_gse334718,supplementary_table_2.csv:4676,missing_sequence_dictionary_entry,cplx2_91:96+ness
moffatt_gse334718,supplementary_table_2.csv:4677,missing_sequence_dictionary_entry,cdc42bpg_125:145+ness
moffatt_gse334718,supplementary_table_2.csv:4678,missing_sequence_dictionary_entry,cdc42bpg_137:147+ness
moffatt_gse334718,supplementary_table_2.csv:4679,missing_sequence_dictionary_entry,cplx2_179:189+ness
moffatt_gse334718,supplementary_table_2.csv:4680,missing_sequence_dictionary_entry,cdc42bpg_199:209+ness
moffatt_gse334718,supplementary_table_2.csv:4681,missing_sequence_dictionary_entry,cplx2_105:125+ness
moffatt_gse334718,supplementary_table_2.csv:4682,missing_sequence_dictionary_entry,net1_114:119+ness
moffatt_gse334718,supplementary_table_2.csv:4684,missing_sequence_dictionary_entry,cdc42bpg_146:156+ness
moffatt_gse334718,supplementary_table_2.csv:4689,missing_sequence_dictionary_entry,rab13_127:132+ness
moffatt_gse334718,supplementary_table_2.csv:4693,missing_sequence_dictionary_entry,cplx2_181:201+ness
moffatt_gse334718,supplementary_table_2.csv:4702,missing_sequence_dictionary_entry,cdc42bpg_111:116+ness
moffatt_gse334718,supplementary_table_2.csv:4703,missing_sequence_dictionary_entry,cplx2_87:92+ness
moffatt_gse334718,supplementary_table_2.csv:4704,missing_sequence_dictionary_entry,gdf11_15:35+ness
moffatt_gse334718,supplementary_table_2.csv:4705,missing_sequence_dictionary_entry,rab13_192:197+ness
moffatt_gse334718,supplementary_table_2.csv:4712,missing_sequence_dictionary_entry,cdc42bpg_94:144+ness
moffatt_gse334718,supplementary_table_2.csv:4713,missing_sequence_dictionary_entry,cdc42bpg_4:14+ness
moffatt_gse334718,supplementary_table_2.csv:4714,missing_sequence_dictionary_entry,cplx2_135:185+ness
moffatt_gse334718,supplementary_table_2.csv:4717,missing_sequence_dictionary_entry,cplx2_129:134+ness
moffatt_gse334718,supplementary_table_2.csv:4720,missing_sequence_dictionary_entry,cplx2_157:162+ness
moffatt_gse334718,supplementary_table_2.csv:4721,missing_sequence_dictionary_entry,cplx2_137:147+ness
moffatt_gse334718,supplementary_table_2.csv:4723,missing_sequence_dictionary_entry,cdc42bpg_165:170+ness
moffatt_gse334718,supplementary_table_2.csv:4732,missing_sequence_dictionary_entry,cdc42bpg_163:168+ness
moffatt_gse334718,supplementary_table_2.csv:4737,missing_sequence_dictionary_entry,cdc42bpg_148:158+ness
moffatt_gse334718,supplementary_table_2.csv:4740,missing_sequence_dictionary_entry,cplx2_238:243+ness
moffatt_gse334718,supplementary_table_2.csv:4742,missing_sequence_dictionary_entry,cplx2_117:137+ness
moffatt_gse334718,supplementary_table_2.csv:4744,missing_sequence_dictionary_entry,cplx2_207:217+ness
moffatt_gse334718,supplementary_table_2.csv:4745,missing_sequence_dictionary_entry,cdc42bpg_221:241+ness
moffatt_gse334718,supplementary_table_2.csv:4749,missing_sequence_dictionary_entry,net1_2:22+ness
moffatt_gse334718,supplementary_table_2.csv:4756,missing_sequence_dictionary_entry,trak2_2:52+ness
moffatt_gse334718,supplementary_table_2.csv:4758,missing_sequence_dictionary_entry,cplx2_83:93+ness
moffatt_gse334718,supplementary_table_2.csv:4759,missing_sequence_dictionary_entry,cplx2_89:99+ness
moffatt_gse334718,supplementary_table_2.csv:4766,missing_sequence_dictionary_entry,cdc42bpg_108:113+ness
moffatt_gse334718,supplementary_table_2.csv:4774,missing_sequence_dictionary_entry,gdf11_172:177+ness
moffatt_gse334718,supplementary_table_2.csv:4779,missing_sequence_dictionary_entry,rab13_141:146+ness
moffatt_gse334718,supplementary_table_2.csv:4780,missing_sequence_dictionary_entry,cdc42bpg_107:112+ness
moffatt_gse334718,supplementary_table_2.csv:4781,missing_sequence_dictionary_entry,cdc42bpg_138:143+ness
moffatt_gse334718,supplementary_table_2.csv:4785,missing_sequence_dictionary_entry,gdf11_4:9+ness
moffatt_gse334718,supplementary_table_2.csv:4786,missing_sequence_dictionary_entry,cdc42bpg_146:151+ness
moffatt_gse334718,supplementary_table_2.csv:4787,missing_sequence_dictionary_entry,cdc42bpg_85:185+ness
moffatt_gse334718,supplementary_table_2.csv:4793,missing_sequence_dictionary_entry,cplx2_127:132+ness
moffatt_gse334718,supplementary_table_2.csv:4803,missing_sequence_dictionary_entry,gdf11_195:205+ness
moffatt_gse334718,supplementary_table_2.csv:4809,missing_sequence_dictionary_entry,cplx2_3:13+ness
moffatt_gse334718,supplementary_table_2.csv:4812,missing_sequence_dictionary_entry,cplx2_90:100+ness
moffatt_gse334718,supplementary_table_2.csv:4814,missing_sequence_dictionary_entry,cplx2_135:140+ness
moffatt_gse334718,supplementary_table_2.csv:4816,missing_sequence_dictionary_entry,rab13_193:198+ness
moffatt_gse334718,supplementary_table_2.csv:4820,missing_sequence_dictionary_entry,cdc42bpg_193:198+ness
moffatt_gse334718,supplementary_table_2.csv:4821,missing_sequence_dictionary_entry,cplx2_141:146+ness
moffatt_gse334718,supplementary_table_2.csv:4833,missing_sequence_dictionary_entry,cplx2_101:111+ness
moffatt_gse334718,supplementary_table_2.csv:4835,missing_sequence_dictionary_entry,rab13_170:175+ness
moffatt_gse334718,supplementary_table_2.csv:4840,missing_sequence_dictionary_entry,rab13_234:244+ness
moffatt_gse334718,supplementary_table_2.csv:4841,missing_sequence_dictionary_entry,cdc42bpg_161:166+ness
moffatt_gse334718,supplementary_table_2.csv:4843,missing_sequence_dictionary_entry,cplx2_79:84+ness
moffatt_gse334718,supplementary_table_2.csv:4850,missing_sequence_dictionary_entry,rab13_110:115+ness
moffatt_gse334718,supplementary_table_2.csv:4851,missing_sequence_dictionary_entry,cplx2_121:126+ness
moffatt_gse334718,supplementary_table_2.csv:4855,design_operation_mismatch,gdf11_0:0_1+ness
moffatt_gse334718,supplementary_table_2.csv:4868,missing_sequence_dictionary_entry,cplx2_118:138+ness
moffatt_gse334718,supplementary_table_2.csv:4873,missing_sequence_dictionary_entry,cplx2_187:192+ness
moffatt_gse334718,supplementary_table_2.csv:4875,missing_sequence_dictionary_entry,cdc42bpg_162:167+ness
moffatt_gse334718,supplementary_table_2.csv:4876,missing_sequence_dictionary_entry,cplx2_145:150+ness
moffatt_gse334718,supplementary_table_2.csv:4878,missing_sequence_dictionary_entry,ENSMUSG00000025867.399|Cplx2+ness
moffatt_gse334718,supplementary_table_2.csv:4879,missing_sequence_dictionary_entry,ENSMUSG00000025352.285|Gdf11+ness
moffatt_gse334718,supplementary_table_2.csv:4881,missing_sequence_dictionary_entry,trak2_100:120+ness
moffatt_gse334718,supplementary_table_2.csv:4882,missing_sequence_dictionary_entry,ENSMUSG00000026028.22|Trak2+ness
moffatt_gse334718,supplementary_table_2.csv:4883,missing_sequence_dictionary_entry,ENSMUSG00000026028.692|Trak2+ness
moffatt_gse334718,supplementary_table_2.csv:4886,missing_sequence_dictionary_entry,trak2_101:121+ness
moffatt_gse334718,supplementary_table_3.csv:105,missing_sequence_dictionary_entry,trak2_3:7_2_str+mut
moffatt_gse334718,supplementary_table_3.csv:512,missing_sequence_dictionary_entry,trak2_0:0_1+mut
moffatt_gse334718,supplementary_table_3.csv:1017,missing_sequence_dictionary_entry,trp53_0:0_1+mut
moffatt_gse334718,supplementary_table_3.csv:1050,missing_sequence_dictionary_entry,trp53_129:133_2_str+mut
moffatt_gse334718,supplementary_table_3.csv:1316,missing_sequence_dictionary_entry,net1_251:255_1_str+mut
moffatt_gse334718,supplementary_table_3.csv:1748,missing_sequence_dictionary_entry,trp53_129:133_1_str+mut
moffatt_gse334718,supplementary_table_3.csv:1920,missing_sequence_dictionary_entry,net1_166:170_1_str+mut
moffatt_gse334718,supplementary_table_3.csv:2022,missing_sequence_dictionary_entry,gdf11_0:0_1+mut
moffatt_gse334718,supplementary_table_3.csv:2136,missing_sequence_dictionary_entry,net1_221:225_2_str+mut
moffatt_gse334718,supplementary_table_3.csv:2254,missing_sequence_dictionary_entry,net1_215:219_3_str+mut
moffatt_gse334718,supplementary_table_3.csv:2259,missing_sequence_dictionary_entry,trak2_32:36_1_str+mut
moffatt_gse334718,supplementary_table_3.csv:2304,missing_sequence_dictionary_entry,net1_0:0_1+mut
moffatt_gse334718,supplementary_table_3.csv:2405,missing_sequence_dictionary_entry,trp53_114:118_1_str+mut
moffatt_gse334718,supplementary_table_3.csv:2423,missing_sequence_dictionary_entry,trak2_184:188_3_str+mut
moffatt_gse334718,supplementary_table_3.csv:2547,missing_sequence_dictionary_entry,net1_98:102_3_str+mut
moffatt_gse334718,supplementary_table_3.csv:2651,missing_sequence_dictionary_entry,trak2_32:36_3_str+mut
moffatt_gse334718,supplementary_table_3.csv:3104,missing_sequence_dictionary_entry,trak2_3:7_1_str+mut
moffatt_gse334718,supplementary_table_3.csv:3222,missing_sequence_dictionary_entry,cdc42_0:0_1+mut
moffatt_gse334718,supplementary_table_3.csv:3984,missing_sequence_dictionary_entry,trp53_114:118_2_str+mut
moffatt_gse334718,supplementary_table_3.csv:4423,missing_sequence_dictionary_entry,net1_98:102_1_str+mut
moffatt_gse334718,supplementary_table_3.csv:5644,missing_sequence_dictionary_entry,trp53_129:133_3_str+mut
moffatt_gse334718,supplementary_table_3.csv:6379,missing_sequence_dictionary_entry,trp53_228:232_1_str+mut
moffatt_gse334718,supplementary_table_3.csv:7171,missing_sequence_dictionary_entry,net1_166:170_3_str+mut
moffatt_gse334718,supplementary_table_3.csv:7374,missing_sequence_dictionary_entry,trak2_3:7_3_str+mut
moffatt_gse334718,supplementary_table_3.csv:7478,missing_sequence_dictionary_entry,trak2_32:36_2_str+mut
moffatt_gse334718,supplementary_table_3.csv:8779,missing_sequence_dictionary_entry,trp53_228:232_2_str+mut
moffatt_gse334718,supplementary_table_3.csv:8814,missing_sequence_dictionary_entry,net1_221:225_3_str+mut
moffatt_gse334718,supplementary_table_3.csv:9216,missing_sequence_dictionary_entry,rab13_0:0_1+mut
moffatt_gse334718,supplementary_table_3.csv:9235,missing_sequence_dictionary_entry,trp53_242:246_2_str+mut
moffatt_gse334718,supplementary_table_3.csv:9536,missing_sequence_dictionary_entry,trak2_17:21_3_str+mut
moffatt_gse334718,supplementary_table_3.csv:9574,missing_sequence_dictionary_entry,net1_166:170_2_str+mut
moffatt_gse334718,supplementary_table_3.csv:9592,missing_sequence_dictionary_entry,trak2_184:188_1_str+mut
moffatt_gse334718,supplementary_table_3.csv:10148,missing_sequence_dictionary_entry,trp53_114:118_3_str+mut
moffatt_gse334718,supplementary_table_3.csv:10684,missing_sequence_dictionary_entry,trp53_242:246_3_str+mut
moffatt_gse334718,supplementary_table_3.csv:10959,missing_sequence_dictionary_entry,trak2_184:188_2_str+mut
moffatt_gse334718,supplementary_table_3.csv:11102,missing_sequence_dictionary_entry,trp53_228:232_3_str+mut
moffatt_gse334718,supplementary_table_3.csv:11142,missing_sequence_dictionary_entry,net1_245:249_1_str+mut
moffatt_gse334718,supplementary_table_3.csv:11900,missing_sequence_dictionary_entry,net1_251:255_2_str+mut
moffatt_gse334718,supplementary_table_3.csv:12642,missing_sequence_dictionary_entry,net1_221:225_1_str+mut
moffatt_gse334718,supplementary_table_3.csv:12696,missing_sequence_dictionary_entry,net1_98:102_2_str+mut
moffatt_gse334718,supplementary_table_3.csv:12740,missing_sequence_dictionary_entry,net1_245:249_2_str+mut
moffatt_gse334718,supplementary_table_3.csv:12872,missing_sequence_dictionary_entry,net1_251:255_3_str+mut
moffatt_gse334718,supplementary_table_3.csv:13092,missing_sequence_dictionary_entry,net1_215:219_1_str+mut
moffatt_gse334718,supplementary_table_3.csv:13185,missing_sequence_dictionary_entry,net1_215:219_2_str+mut
moffatt_gse334718,supplementary_table_3.csv:13582,missing_sequence_dictionary_entry,trp53_242:246_1_str+mut
moffatt_gse334718,supplementary_table_3.csv:13694,missing_sequence_dictionary_entry,trak2_17:21_1_str+mut
moffatt_gse334718,supplementary_table_3.csv:14130,missing_sequence_dictionary_entry,trak2_17:21_2_str+mut
moffatt_gse334718,supplementary_table_4.csv:749,missing_sequence_dictionary_entry,gdf11_0:0_1+shuff
moffatt_gse334718,supplementary_table_4.csv:1435,missing_sequence_dictionary_entry,gdf11_137:141_3_h-5+shuff
moffatt_gse334718,supplementary_table_4.csv:1687,missing_sequence_dictionary_entry,trp53_202:206_2_h-5+shuff
moffatt_gse334718,supplementary_table_4.csv:2592,missing_sequence_dictionary_entry,net1_0:0_1+shuff
moffatt_gse334718,supplementary_table_4.csv:2641,missing_sequence_dictionary_entry,trak2_0:0_1+shuff
moffatt_gse334718,supplementary_table_4.csv:3435,missing_sequence_dictionary_entry,trp53_82:91_1_h-5+shuff
moffatt_gse334718,supplementary_table_4.csv:3910,missing_sequence_dictionary_entry,trak2_51:55_2_h-5+shuff
moffatt_gse334718,supplementary_table_4.csv:4266,missing_sequence_dictionary_entry,trp53_0:0_1+shuff
moffatt_gse334718,supplementary_table_4.csv:4547,missing_sequence_dictionary_entry,rab13_0:0_1+shuff
moffatt_gse334718,supplementary_table_4.csv:5223,missing_sequence_dictionary_entry,trak2_126:130_1_h-5+shuff
moffatt_gse334718,supplementary_table_4.csv:5255,missing_sequence_dictionary_entry,trak2_32:36_2_h-5+shuff
moffatt_gse334718,supplementary_table_4.csv:6420,missing_sequence_dictionary_entry,trp53_101:105_1_h-5+shuff
moffatt_gse334718,supplementary_table_4.csv:9515,missing_sequence_dictionary_entry,cdc42_0:0_1+shuff
moffatt_gse334718,supplementary_table_4.csv:9890,missing_sequence_dictionary_entry,cdc42_128:132_3_h-5+shuff
moffatt_gse334718,supplementary_table_5.csv:334,missing_sequence_dictionary_entry,trp53_wt_rep8+shape
moffatt_gse334718,supplementary_table_5.csv:401,missing_sequence_dictionary_entry,trp53_wt_rep7+shape
moffatt_gse334718,supplementary_table_5.csv:660,missing_sequence_dictionary_entry,trp53_wt_rep10+shape
moffatt_gse334718,supplementary_table_5.csv:723,missing_sequence_dictionary_entry,trak2_wt_rep7+shape
moffatt_gse334718,supplementary_table_5.csv:868,missing_sequence_dictionary_entry,trp53_wt_rep5+shape
moffatt_gse334718,supplementary_table_5.csv:1150,missing_sequence_dictionary_entry,trak2_wt_rep4+shape
moffatt_gse334718,supplementary_table_5.csv:1866,missing_sequence_dictionary_entry,trp53_bulge4rep4+shape
moffatt_gse334718,supplementary_table_5.csv:1919,missing_sequence_dictionary_entry,trp53_wt_rep2+shape
moffatt_gse334718,supplementary_table_5.csv:2204,missing_sequence_dictionary_entry,trp53_wt_rep3+shape
moffatt_gse334718,supplementary_table_5.csv:2719,missing_sequence_dictionary_entry,trp53_wt_rep6+shape
moffatt_gse334718,supplementary_table_5.csv:2790,missing_sequence_dictionary_entry,trak2_wt_rep1+shape
moffatt_gse334718,supplementary_table_5.csv:2865,missing_sequence_dictionary_entry,trp53_wt_rep9+shape
moffatt_gse334718,supplementary_table_5.csv:2893,missing_sequence_dictionary_entry,net1_wt_rep9+shape
moffatt_gse334718,supplementary_table_5.csv:3751,missing_sequence_dictionary_entry,trak2_wt_rep3+shape
moffatt_gse334718,supplementary_table_5.csv:3843,missing_sequence_dictionary_entry,net1_wt_rep2+shape
moffatt_gse334718,supplementary_table_5.csv:3943,missing_sequence_dictionary_entry,trp53_wt_rep1+shape
moffatt_gse334718,supplementary_table_5.csv:4089,missing_sequence_dictionary_entry,trp53_wt_rep4+shape
moffatt_gse334718,supplementary_table_5.csv:4254,missing_sequence_dictionary_entry,net1_wt_rep5+shape
moffatt_gse334718,supplementary_table_5.csv:4476,missing_sequence_dictionary_entry,net1_wt_rep6+shape
moffatt_gse334718,supplementary_table_5.csv:4954,missing_sequence_dictionary_entry,trak2_wt_rep6+shape
moffatt_gse334718,supplementary_table_5.csv:5026,missing_sequence_dictionary_entry,net1_wt_rep10+shape
moffatt_gse334718,supplementary_table_5.csv:5452,missing_sequence_dictionary_entry,trak2_wt_rep9+shape
moffatt_gse334718,supplementary_table_5.csv:5509,missing_sequence_dictionary_entry,trak2_wt_rep2+shape
moffatt_gse334718,supplementary_table_5.csv:6188,missing_sequence_dictionary_entry,trak2_wt_rep10+shape
moffatt_gse334718,supplementary_table_5.csv:6251,missing_sequence_dictionary_entry,net1_stem6j_rep2+shape
moffatt_gse334718,supplementary_table_5.csv:6467,missing_sequence_dictionary_entry,net1_wt_rep8+shape
moffatt_gse334718,supplementary_table_5.csv:6659,missing_sequence_dictionary_entry,trak2_wt_rep5+shape
moffatt_gse334718,supplementary_table_5.csv:6846,missing_sequence_dictionary_entry,net1_wt_rep3+shape
moffatt_gse334718,supplementary_table_5.csv:7040,missing_sequence_dictionary_entry,trak2_wt_rep8+shape
moffatt_gse334718,supplementary_table_5.csv:7712,missing_sequence_dictionary_entry,net1_loop2rep5+shape
moffatt_gse334718,supplementary_table_5.csv:8079,missing_sequence_dictionary_entry,net1_wt_rep7+shape
moffatt_gse334718,supplementary_table_5.csv:8346,missing_sequence_dictionary_entry,net1_wt_rep4+shape
moffatt_gse334718,supplementary_table_5.csv:8380,missing_sequence_dictionary_entry,net1_wt_rep1+shape
