biological_component,gene_fold,CAD_context,N2A_context,candidates,lexical_allele_order_matches
0028b8bc18a68dd9,0,mikl_gse173098|mikl_gse173098|neurite_soma_mpra|GFP 3UTR MPRA|CAD|mikl:Foxp2:350.0:0dafb0be3be7fe62,mikl_gse173098|mikl_gse173098|neurite_soma_mpra|GFP 3UTR MPRA|Neuro-2a|mikl:Foxp2:350.0:0dafb0be3be7fe62,2,True
0028b8bc18a68dd9,0,mikl_gse173098|mikl_gse173098|neurite_soma_mpra|GFP 3UTR MPRA|CAD|mikl:Foxp2:1700.0:06f91d32ca2dc21c,mikl_gse173098|mikl_gse173098|neurite_soma_mpra|GFP 3UTR MPRA|Neuro-2a|mikl:Foxp2:1700.0:06f91d32ca2dc21c,2,False
0028b8bc18a68dd9,0,mikl_gse173098|mikl_gse173098|neurite_soma_mpra|GFP 3UTR MPRA|CAD|mikl:Foxp2:2200.0:5c023fa4393a587c,mikl_gse173098|mikl_gse173098|neurite_soma_mpra|GFP 3UTR MPRA|Neuro-2a|mikl:Foxp2:2200.0:5c023fa4393a587c,2,True
00b0bdc9c7a03792,0,mikl_gse173098|mikl_gse173098|neurite_soma_mpra|GFP 3UTR MPRA|CAD|mikl:Lypd1:3950.0:d0a3c116ba8419af,mikl_gse173098|mikl_gse173098|neurite_soma_mpra|GFP 3UTR MPRA|Neuro-2a|mikl:Lypd1:3950.0:d0a3c116ba8419af,2,False
00b0bdc9c7a03792,0,mikl_gse173098|mikl_gse173098|neurite_soma_mpra|GFP 3UTR MPRA|CAD|mikl:Lypd1:150.0:c04af6ef3a8ad6c3,mikl_gse173098|mikl_gse173098|neurite_soma_mpra|GFP 3UTR MPRA|Neuro-2a|mikl:Lypd1:150.0:c04af6ef3a8ad6c3,2,False
00b0bdc9c7a03792,0,mikl_gse173098|mikl_gse173098|neurite_soma_mpra|GFP 3UTR MPRA|CAD|mikl:Lypd1:4800.0:10b87ed152c7b038,mikl_gse173098|mikl_gse173098|neurite_soma_mpra|GFP 3UTR MPRA|Neuro-2a|mikl:Lypd1:4800.0:10b87ed152c7b038,2,False
00b0bdc9c7a03792,0,mikl_gse173098|mikl_gse173098|neurite_soma_mpra|GFP 3UTR MPRA|CAD|mikl:Lypd1:2650.0:c866d171954a1051,mikl_gse173098|mikl_gse173098|neurite_soma_mpra|GFP 3UTR MPRA|Neuro-2a|mikl:Lypd1:2650.0:c866d171954a1051,4,True
00b0bdc9c7a03792,0,mikl_gse173098|mikl_gse173098|neurite_soma_mpra|GFP 3UTR MPRA|CAD|mikl:Lypd1:4050.0:0d5d42c6cae2aa8e,mikl_gse173098|mikl_gse173098|neurite_soma_mpra|GFP 3UTR MPRA|Neuro-2a|mikl:Lypd1:4050.0:0d5d42c6cae2aa8e,2,False
00b0bdc9c7a03792,0,mikl_gse173098|mikl_gse173098|neurite_soma_mpra|GFP 3UTR MPRA|CAD|mikl:Lypd1:4650.0:6756516f23a31c80,mikl_gse173098|mikl_gse173098|neurite_soma_mpra|GFP 3UTR MPRA|Neuro-2a|mikl:Lypd1:4650.0:6756516f23a31c80,2,True
00b0bdc9c7a03792,0,mikl_gse173098|mikl_gse173098|neurite_soma_mpra|GFP 3UTR MPRA|CAD|mikl:Lypd1:3350.0:00af2a89ab902243,mikl_gse173098|mikl_gse173098|neurite_soma_mpra|GFP 3UTR MPRA|Neuro-2a|mikl:Lypd1:3350.0:00af2a89ab902243,2,False
00b0bdc9c7a03792,0,mikl_gse173098|mikl_gse173098|neurite_soma_mpra|GFP 3UTR MPRA|CAD|mikl:Lypd1:3400.0:60160505fe1b659a,mikl_gse173098|mikl_gse173098|neurite_soma_mpra|GFP 3UTR MPRA|Neuro-2a|mikl:Lypd1:3400.0:60160505fe1b659a,2,False
00b0bdc9c7a03792,0,mikl_gse173098|mikl_gse173098|neurite_soma_mpra|GFP 3UTR MPRA|CAD|mikl:Lypd1:2550.0:9fd2e1171fc1f9d3,mikl_gse173098|mikl_gse173098|neurite_soma_mpra|GFP 3UTR MPRA|Neuro-2a|mikl:Lypd1:2550.0:9fd2e1171fc1f9d3,4,False
00b0bdc9c7a03792,0,mikl_gse173098|mikl_gse173098|neurite_soma_mpra|GFP 3UTR MPRA|CAD|mikl:Lypd1:2600.0:d800c21d4bfa643b,mikl_gse173098|mikl_gse173098|neurite_soma_mpra|GFP 3UTR MPRA|Neuro-2a|mikl:Lypd1:2600.0:d800c21d4bfa643b,4,False
00b0bdc9c7a03792,0,mikl_gse173098|mikl_gse173098|neurite_soma_mpra|GFP 3UTR MPRA|CAD|mikl:Lypd1:200.0:a22149b0929e6bc0,mikl_gse173098|mikl_gse173098|neurite_soma_mpra|GFP 3UTR MPRA|Neuro-2a|mikl:Lypd1:200.0:a22149b0929e6bc0,3,False
00b0bdc9c7a03792,0,mikl_gse173098|mikl_gse173098|neurite_soma_mpra|GFP 3UTR MPRA|CAD|mikl:Lypd1:4000.0:72266f47378fe787,mikl_gse173098|mikl_gse173098|neurite_soma_mpra|GFP 3UTR MPRA|Neuro-2a|mikl:Lypd1:4000.0:72266f47378fe787,2,False
02df9a5dbd04efca,1,mikl_gse173098|mikl_gse173098|neurite_soma_mpra|GFP 3UTR MPRA|CAD|mikl:Otc:0.0:718a80f240df0c96,mikl_gse173098|mikl_gse173098|neurite_soma_mpra|GFP 3UTR MPRA|Neuro-2a|mikl:Otc:0.0:718a80f240df0c96,2,True
03c615457e05403d,1,mikl_gse173098|mikl_gse173098|neurite_soma_mpra|GFP 3UTR MPRA|CAD|mikl:Egf:2900.0:fc66292a37ef19cc,mikl_gse173098|mikl_gse173098|neurite_soma_mpra|GFP 3UTR MPRA|Neuro-2a|mikl:Egf:2900.0:fc66292a37ef19cc,2,True
03c615457e05403d,1,mikl_gse173098|mikl_gse173098|neurite_soma_mpra|GFP 3UTR MPRA|CAD|mikl:Egf:2000.0:997f082f34e8d67a,mikl_gse173098|mikl_gse173098|neurite_soma_mpra|GFP 3UTR MPRA|Neuro-2a|mikl:Egf:2000.0:997f082f34e8d67a,3,True
03c615457e05403d,1,mikl_gse173098|mikl_gse173098|neurite_soma_mpra|GFP 3UTR MPRA|CAD|mikl:Egf:200.0:c4bc927421e86137,mikl_gse173098|mikl_gse173098|neurite_soma_mpra|GFP 3UTR MPRA|Neuro-2a|mikl:Egf:200.0:c4bc927421e86137,2,False
03c615457e05403d,1,mikl_gse173098|mikl_gse173098|neurite_soma_mpra|GFP 3UTR MPRA|CAD|mikl:Egf:1900.0:14c0b59ee7db1c7d,mikl_gse173098|mikl_gse173098|neurite_soma_mpra|GFP 3UTR MPRA|Neuro-2a|mikl:Egf:1900.0:14c0b59ee7db1c7d,3,False
03c615457e05403d,1,mikl_gse173098|mikl_gse173098|neurite_soma_mpra|GFP 3UTR MPRA|CAD|mikl:Egf:1950.0:9c680a928618fcd3,mikl_gse173098|mikl_gse173098|neurite_soma_mpra|GFP 3UTR MPRA|Neuro-2a|mikl:Egf:1950.0:9c680a928618fcd3,2,False
03c615457e05403d,1,mikl_gse173098|mikl_gse173098|neurite_soma_mpra|GFP 3UTR MPRA|CAD|mikl:Egf:1600.0:3636de7afe802d95,mikl_gse173098|mikl_gse173098|neurite_soma_mpra|GFP 3UTR MPRA|Neuro-2a|mikl:Egf:1600.0:3636de7afe802d95,2,True
03c615457e05403d,1,mikl_gse173098|mikl_gse173098|neurite_soma_mpra|GFP 3UTR MPRA|CAD|mikl:Egf:2950.0:98a3736cdb6899ce,mikl_gse173098|mikl_gse173098|neurite_soma_mpra|GFP 3UTR MPRA|Neuro-2a|mikl:Egf:2950.0:98a3736cdb6899ce,2,True
03c615457e05403d,1,mikl_gse173098|mikl_gse173098|neurite_soma_mpra|GFP 3UTR MPRA|CAD|mikl:Egf:2450.0:053d2f23edc2146d,mikl_gse173098|mikl_gse173098|neurite_soma_mpra|GFP 3UTR MPRA|Neuro-2a|mikl:Egf:2450.0:053d2f23edc2146d,2,True
03c615457e05403d,1,mikl_gse173098|mikl_gse173098|neurite_soma_mpra|GFP 3UTR MPRA|CAD|mikl:Egf:2400.0:5c1e01b105a25350,mikl_gse173098|mikl_gse173098|neurite_soma_mpra|GFP 3UTR MPRA|Neuro-2a|mikl:Egf:2400.0:5c1e01b105a25350,2,False
044c11b4a9bbe21c,0,mikl_gse173098|mikl_gse173098|neurite_soma_mpra|GFP 3UTR MPRA|CAD|mikl:Ctdspl2:0.0:d12237fcecdc42bd,mikl_gse173098|mikl_gse173098|neurite_soma_mpra|GFP 3UTR MPRA|Neuro-2a|mikl:Ctdspl2:0.0:d12237fcecdc42bd,2,True
07295bf3cf35d97b,1,mikl_gse173098|mikl_gse173098|neurite_soma_mpra|GFP 3UTR MPRA|CAD|mikl:Slamf7:0.0:be63a27a23f5185e,mikl_gse173098|mikl_gse173098|neurite_soma_mpra|GFP 3UTR MPRA|Neuro-2a|mikl:Slamf7:0.0:be63a27a23f5185e,3,False
07295bf3cf35d97b,1,mikl_gse173098|mikl_gse173098|neurite_soma_mpra|GFP 3UTR MPRA|CAD|mikl:Slamf7:0.0:5d6db545d56d81ab,mikl_gse173098|mikl_gse173098|neurite_soma_mpra|GFP 3UTR MPRA|Neuro-2a|mikl:Slamf7:0.0:5d6db545d56d81ab,3,False
07295bf3cf35d97b,1,mikl_gse173098|mikl_gse173098|neurite_soma_mpra|GFP 3UTR MPRA|CAD|mikl:Slamf7:150.0:66b5f4b439b662c3,mikl_gse173098|mikl_gse173098|neurite_soma_mpra|GFP 3UTR MPRA|Neuro-2a|mikl:Slamf7:150.0:66b5f4b439b662c3,2,False
07b8b89483e09dfd,1,mikl_gse173098|mikl_gse173098|neurite_soma_mpra|GFP 3UTR MPRA|CAD|mikl:Slc7a11:4850.0:73f02fde2995c8d2,mikl_gse173098|mikl_gse173098|neurite_soma_mpra|GFP 3UTR MPRA|Neuro-2a|mikl:Slc7a11:4850.0:73f02fde2995c8d2,2,False
07b8b89483e09dfd,1,mikl_gse173098|mikl_gse173098|neurite_soma_mpra|GFP 3UTR MPRA|CAD|mikl:Slc7a11:1900.0:18c1b2a885f59c92,mikl_gse173098|mikl_gse173098|neurite_soma_mpra|GFP 3UTR MPRA|Neuro-2a|mikl:Slc7a11:1900.0:18c1b2a885f59c92,2,False
07b8b89483e09dfd,1,mikl_gse173098|mikl_gse173098|neurite_soma_mpra|GFP 3UTR MPRA|CAD|mikl:Slc7a11:5800.0:c183698fe5280c09,mikl_gse173098|mikl_gse173098|neurite_soma_mpra|GFP 3UTR MPRA|Neuro-2a|mikl:Slc7a11:5800.0:c183698fe5280c09,2,True
07b8b89483e09dfd,1,mikl_gse173098|mikl_gse173098|neurite_soma_mpra|GFP 3UTR MPRA|CAD|mikl:Slc7a11:4800.0:08320d25349595e8,mikl_gse173098|mikl_gse173098|neurite_soma_mpra|GFP 3UTR MPRA|Neuro-2a|mikl:Slc7a11:4800.0:08320d25349595e8,2,False
07b8b89483e09dfd,1,mikl_gse173098|mikl_gse173098|neurite_soma_mpra|GFP 3UTR MPRA|CAD|mikl:Slc7a11:4900.0:8ac12ccf09037464,mikl_gse173098|mikl_gse173098|neurite_soma_mpra|GFP 3UTR MPRA|Neuro-2a|mikl:Slc7a11:4900.0:8ac12ccf09037464,2,False
07b8b89483e09dfd,1,mikl_gse173098|mikl_gse173098|neurite_soma_mpra|GFP 3UTR MPRA|CAD|mikl:Slc7a11:5750.0:5c7bf3b62c81ffdc,mikl_gse173098|mikl_gse173098|neurite_soma_mpra|GFP 3UTR MPRA|Neuro-2a|mikl:Slc7a11:5750.0:5c7bf3b62c81ffdc,2,False
07b8b89483e09dfd,1,mikl_gse173098|mikl_gse173098|neurite_soma_mpra|GFP 3UTR MPRA|CAD|mikl:Slc7a11:1200.0:25e62a92e797f0a3,mikl_gse173098|mikl_gse173098|neurite_soma_mpra|GFP 3UTR MPRA|Neuro-2a|mikl:Slc7a11:1200.0:25e62a92e797f0a3,2,False
07b8b89483e09dfd,1,mikl_gse173098|mikl_gse173098|neurite_soma_mpra|GFP 3UTR MPRA|CAD|mikl:Slc7a11:1850.0:349b0b10c465c456,mikl_gse173098|mikl_gse173098|neurite_soma_mpra|GFP 3UTR MPRA|Neuro-2a|mikl:Slc7a11:1850.0:349b0b10c465c456,2,False
07b8b89483e09dfd,1,mikl_gse173098|mikl_gse173098|neurite_soma_mpra|GFP 3UTR MPRA|CAD|mikl:Slc7a11:150.0:5b527b68c112e5d4,mikl_gse173098|mikl_gse173098|neurite_soma_mpra|GFP 3UTR MPRA|Neuro-2a|mikl:Slc7a11:150.0:5b527b68c112e5d4,2,False
090d06d84bb57b6f,2,mikl_gse173098|mikl_gse173098|neurite_soma_mpra|GFP 3UTR MPRA|CAD|mikl:Nrgn:600.0:a78443c92f75d031,mikl_gse173098|mikl_gse173098|neurite_soma_mpra|GFP 3UTR MPRA|Neuro-2a|mikl:Nrgn:600.0:a78443c92f75d031,2,True
090d06d84bb57b6f,2,mikl_gse173098|mikl_gse173098|neurite_soma_mpra|GFP 3UTR MPRA|CAD|mikl:Nrgn:100.0:c7cd487af86b0e8e,mikl_gse173098|mikl_gse173098|neurite_soma_mpra|GFP 3UTR MPRA|Neuro-2a|mikl:Nrgn:100.0:c7cd487af86b0e8e,2,False
090d06d84bb57b6f,2,mikl_gse173098|mikl_gse173098|neurite_soma_mpra|GFP 3UTR MPRA|CAD|mikl:Nrgn:650.0:8d6f594806475158,mikl_gse173098|mikl_gse173098|neurite_soma_mpra|GFP 3UTR MPRA|Neuro-2a|mikl:Nrgn:650.0:8d6f594806475158,2,True
090d06d84bb57b6f,2,mikl_gse173098|mikl_gse173098|neurite_soma_mpra|GFP 3UTR MPRA|CAD|mikl:Nrgn:0.0:9a67f592e88f1b99,mikl_gse173098|mikl_gse173098|neurite_soma_mpra|GFP 3UTR MPRA|Neuro-2a|mikl:Nrgn:0.0:9a67f592e88f1b99,2,True
090d06d84bb57b6f,2,mikl_gse173098|mikl_gse173098|neurite_soma_mpra|GFP 3UTR MPRA|CAD|mikl:Nrgn:550.0:6f007f02f7686782,mikl_gse173098|mikl_gse173098|neurite_soma_mpra|GFP 3UTR MPRA|Neuro-2a|mikl:Nrgn:550.0:6f007f02f7686782,2,True
0d6ed4e3684eb6c7,1,mikl_gse173098|mikl_gse173098|neurite_soma_mpra|GFP 3UTR MPRA|CAD|mikl:Fgf3:950.0:da5f7244cb009a65,mikl_gse173098|mikl_gse173098|neurite_soma_mpra|GFP 3UTR MPRA|Neuro-2a|mikl:Fgf3:950.0:da5f7244cb009a65,2,False
0d6ed4e3684eb6c7,1,mikl_gse173098|mikl_gse173098|neurite_soma_mpra|GFP 3UTR MPRA|CAD|mikl:Fgf3:1000.0:762b25346e4cc476,mikl_gse173098|mikl_gse173098|neurite_soma_mpra|GFP 3UTR MPRA|Neuro-2a|mikl:Fgf3:1000.0:762b25346e4cc476,4,False
0d6ed4e3684eb6c7,1,mikl_gse173098|mikl_gse173098|neurite_soma_mpra|GFP 3UTR MPRA|CAD|mikl:Fgf3:1100.0:ffac884dbad0dfd9,mikl_gse173098|mikl_gse173098|neurite_soma_mpra|GFP 3UTR MPRA|Neuro-2a|mikl:Fgf3:1100.0:ffac884dbad0dfd9,2,True
0d6ed4e3684eb6c7,1,mikl_gse173098|mikl_gse173098|neurite_soma_mpra|GFP 3UTR MPRA|CAD|mikl:Fgf3:900.0:47ff96830dd9667f,mikl_gse173098|mikl_gse173098|neurite_soma_mpra|GFP 3UTR MPRA|Neuro-2a|mikl:Fgf3:900.0:47ff96830dd9667f,4,False
0d6ed4e3684eb6c7,1,mikl_gse173098|mikl_gse173098|neurite_soma_mpra|GFP 3UTR MPRA|CAD|mikl:Fgf3:1200.0:c866a124c7aee490,mikl_gse173098|mikl_gse173098|neurite_soma_mpra|GFP 3UTR MPRA|Neuro-2a|mikl:Fgf3:1200.0:c866a124c7aee490,3,True
0ea0c4bb7844be12,0,mikl_gse173098|mikl_gse173098|neurite_soma_mpra|GFP 3UTR MPRA|CAD|mikl:Rab11fip2:2250.0:6748e12e4036aecd,mikl_gse173098|mikl_gse173098|neurite_soma_mpra|GFP 3UTR MPRA|Neuro-2a|mikl:Rab11fip2:2250.0:6748e12e4036aecd,4,False
0ea0c4bb7844be12,0,mikl_gse173098|mikl_gse173098|neurite_soma_mpra|GFP 3UTR MPRA|CAD|mikl:Rab11fip2:50.0:bd3c653b17ac7c7a,mikl_gse173098|mikl_gse173098|neurite_soma_mpra|GFP 3UTR MPRA|Neuro-2a|mikl:Rab11fip2:50.0:bd3c653b17ac7c7a,3,True
0ea0c4bb7844be12,0,mikl_gse173098|mikl_gse173098|neurite_soma_mpra|GFP 3UTR MPRA|CAD|mikl:Rab11fip2:3200.0:ace73eb428416e8b,mikl_gse173098|mikl_gse173098|neurite_soma_mpra|GFP 3UTR MPRA|Neuro-2a|mikl:Rab11fip2:3200.0:ace73eb428416e8b,6,False
0ea0c4bb7844be12,0,mikl_gse173098|mikl_gse173098|neurite_soma_mpra|GFP 3UTR MPRA|CAD|mikl:Rab11fip2:1650.0:c5082c663546c485,mikl_gse173098|mikl_gse173098|neurite_soma_mpra|GFP 3UTR MPRA|Neuro-2a|mikl:Rab11fip2:1650.0:c5082c663546c485,3,False
0ea0c4bb7844be12,0,mikl_gse173098|mikl_gse173098|neurite_soma_mpra|GFP 3UTR MPRA|CAD|mikl:Rab11fip2:450.0:738ea22f964ac212,mikl_gse173098|mikl_gse173098|neurite_soma_mpra|GFP 3UTR MPRA|Neuro-2a|mikl:Rab11fip2:450.0:738ea22f964ac212,5,False
0ea0c4bb7844be12,0,mikl_gse173098|mikl_gse173098|neurite_soma_mpra|GFP 3UTR MPRA|CAD|mikl:Rab11fip2:1200.0:b3520a26129cf00e,mikl_gse173098|mikl_gse173098|neurite_soma_mpra|GFP 3UTR MPRA|Neuro-2a|mikl:Rab11fip2:1200.0:b3520a26129cf00e,2,False
0ea0c4bb7844be12,0,mikl_gse173098|mikl_gse173098|neurite_soma_mpra|GFP 3UTR MPRA|CAD|mikl:Rab11fip2:700.0:24b6f2d841538338,mikl_gse173098|mikl_gse173098|neurite_soma_mpra|GFP 3UTR MPRA|Neuro-2a|mikl:Rab11fip2:700.0:24b6f2d841538338,5,False
0ea0c4bb7844be12,0,mikl_gse173098|mikl_gse173098|neurite_soma_mpra|GFP 3UTR MPRA|CAD|mikl:Rab11fip2:1400.0:6c6cb04a29f8e116,mikl_gse173098|mikl_gse173098|neurite_soma_mpra|GFP 3UTR MPRA|Neuro-2a|mikl:Rab11fip2:1400.0:6c6cb04a29f8e116,5,False
0ea0c4bb7844be12,0,mikl_gse173098|mikl_gse173098|neurite_soma_mpra|GFP 3UTR MPRA|CAD|mikl:Rab11fip2:3850.0:866e05735bedef57,mikl_gse173098|mikl_gse173098|neurite_soma_mpra|GFP 3UTR MPRA|Neuro-2a|mikl:Rab11fip2:3850.0:866e05735bedef57,6,False
0ea0c4bb7844be12,0,mikl_gse173098|mikl_gse173098|neurite_soma_mpra|GFP 3UTR MPRA|CAD|mikl:Rab11fip2:1350.0:baeff6b4fa9b3730,mikl_gse173098|mikl_gse173098|neurite_soma_mpra|GFP 3UTR MPRA|Neuro-2a|mikl:Rab11fip2:1350.0:baeff6b4fa9b3730,4,False
0ea0c4bb7844be12,0,mikl_gse173098|mikl_gse173098|neurite_soma_mpra|GFP 3UTR MPRA|CAD|mikl:Rab11fip2:2400.0:3408ad2aa44a13b9,mikl_gse173098|mikl_gse173098|neurite_soma_mpra|GFP 3UTR MPRA|Neuro-2a|mikl:Rab11fip2:2400.0:3408ad2aa44a13b9,3,True
0ea0c4bb7844be12,0,mikl_gse173098|mikl_gse173098|neurite_soma_mpra|GFP 3UTR MPRA|CAD|mikl:Rab11fip2:2450.0:c2e1369542cadf61,mikl_gse173098|mikl_gse173098|neurite_soma_mpra|GFP 3UTR MPRA|Neuro-2a|mikl:Rab11fip2:2450.0:c2e1369542cadf61,5,False
0ea0c4bb7844be12,0,mikl_gse173098|mikl_gse173098|neurite_soma_mpra|GFP 3UTR MPRA|CAD|mikl:Rab11fip2:1300.0:2bdbee270b2e1896,mikl_gse173098|mikl_gse173098|neurite_soma_mpra|GFP 3UTR MPRA|Neuro-2a|mikl:Rab11fip2:1300.0:2bdbee270b2e1896,3,True
0ea0c4bb7844be12,0,mikl_gse173098|mikl_gse173098|neurite_soma_mpra|GFP 3UTR MPRA|CAD|mikl:Rab11fip2:2500.0:d93dcdb43803e571,mikl_gse173098|mikl_gse173098|neurite_soma_mpra|GFP 3UTR MPRA|Neuro-2a|mikl:Rab11fip2:2500.0:d93dcdb43803e571,6,False
0ea0c4bb7844be12,0,mikl_gse173098|mikl_gse173098|neurite_soma_mpra|GFP 3UTR MPRA|CAD|mikl:Rab11fip2:2650.0:43986a5e11506937,mikl_gse173098|mikl_gse173098|neurite_soma_mpra|GFP 3UTR MPRA|Neuro-2a|mikl:Rab11fip2:2650.0:43986a5e11506937,3,False
0ea0c4bb7844be12,0,mikl_gse173098|mikl_gse173098|neurite_soma_mpra|GFP 3UTR MPRA|CAD|mikl:Rab11fip2:1550.0:27346132ba10ff36,mikl_gse173098|mikl_gse173098|neurite_soma_mpra|GFP 3UTR MPRA|Neuro-2a|mikl:Rab11fip2:1550.0:27346132ba10ff36,6,False
0ea0c4bb7844be12,0,mikl_gse173098|mikl_gse173098|neurite_soma_mpra|GFP 3UTR MPRA|CAD|mikl:Rab11fip2:3700.0:253ebf06a8ed6889,mikl_gse173098|mikl_gse173098|neurite_soma_mpra|GFP 3UTR MPRA|Neuro-2a|mikl:Rab11fip2:3700.0:253ebf06a8ed6889,5,False
0ea0c4bb7844be12,0,mikl_gse173098|mikl_gse173098|neurite_soma_mpra|GFP 3UTR MPRA|CAD|mikl:Rab11fip2:3250.0:662a9e3fc73164fb,mikl_gse173098|mikl_gse173098|neurite_soma_mpra|GFP 3UTR MPRA|Neuro-2a|mikl:Rab11fip2:3250.0:662a9e3fc73164fb,4,False
0ea0c4bb7844be12,0,mikl_gse173098|mikl_gse173098|neurite_soma_mpra|GFP 3UTR MPRA|CAD|mikl:Rab11fip2:2550.0:8180d1e92ea1c09b,mikl_gse173098|mikl_gse173098|neurite_soma_mpra|GFP 3UTR MPRA|Neuro-2a|mikl:Rab11fip2:2550.0:8180d1e92ea1c09b,5,False
0ea0c4bb7844be12,0,mikl_gse173098|mikl_gse173098|neurite_soma_mpra|GFP 3UTR MPRA|CAD|mikl:Rab11fip2:650.0:de92e4f1d488d975,mikl_gse173098|mikl_gse173098|neurite_soma_mpra|GFP 3UTR MPRA|Neuro-2a|mikl:Rab11fip2:650.0:de92e4f1d488d975,4,False
0ea0c4bb7844be12,0,mikl_gse173098|mikl_gse173098|neurite_soma_mpra|GFP 3UTR MPRA|CAD|mikl:Rab11fip2:3750.0:5095620870e6e85e,mikl_gse173098|mikl_gse173098|neurite_soma_mpra|GFP 3UTR MPRA|Neuro-2a|mikl:Rab11fip2:3750.0:5095620870e6e85e,3,False
0ea0c4bb7844be12,0,mikl_gse173098|mikl_gse173098|neurite_soma_mpra|GFP 3UTR MPRA|CAD|mikl:Rab11fip2:400.0:2528ef29f90ce0ff,mikl_gse173098|mikl_gse173098|neurite_soma_mpra|GFP 3UTR MPRA|Neuro-2a|mikl:Rab11fip2:400.0:2528ef29f90ce0ff,3,False
0ea0c4bb7844be12,0,mikl_gse173098|mikl_gse173098|neurite_soma_mpra|GFP 3UTR MPRA|CAD|mikl:Rab11fip2:500.0:5ae05a4ce2c01767,mikl_gse173098|mikl_gse173098|neurite_soma_mpra|GFP 3UTR MPRA|Neuro-2a|mikl:Rab11fip2:500.0:5ae05a4ce2c01767,6,False
0ea0c4bb7844be12,0,mikl_gse173098|mikl_gse173098|neurite_soma_mpra|GFP 3UTR MPRA|CAD|mikl:Rab11fip2:3100.0:fee10f13e45a5ff0,mikl_gse173098|mikl_gse173098|neurite_soma_mpra|GFP 3UTR MPRA|Neuro-2a|mikl:Rab11fip2:3100.0:fee10f13e45a5ff0,5,False
0ea0c4bb7844be12,0,mikl_gse173098|mikl_gse173098|neurite_soma_mpra|GFP 3UTR MPRA|CAD|mikl:Rab11fip2:550.0:fdadc79daed923c9,mikl_gse173098|mikl_gse173098|neurite_soma_mpra|GFP 3UTR MPRA|Neuro-2a|mikl:Rab11fip2:550.0:fdadc79daed923c9,4,False
0ea0c4bb7844be12,0,mikl_gse173098|mikl_gse173098|neurite_soma_mpra|GFP 3UTR MPRA|CAD|mikl:Rab11fip2:3150.0:cc4e55404c8f9735,mikl_gse173098|mikl_gse173098|neurite_soma_mpra|GFP 3UTR MPRA|Neuro-2a|mikl:Rab11fip2:3150.0:cc4e55404c8f9735,7,False
0ea0c4bb7844be12,0,mikl_gse173098|mikl_gse173098|neurite_soma_mpra|GFP 3UTR MPRA|CAD|mikl:Rab11fip2:1050.0:a7597bd56f0e57b8,mikl_gse173098|mikl_gse173098|neurite_soma_mpra|GFP 3UTR MPRA|Neuro-2a|mikl:Rab11fip2:1050.0:a7597bd56f0e57b8,2,True
0ea0c4bb7844be12,0,mikl_gse173098|mikl_gse173098|neurite_soma_mpra|GFP 3UTR MPRA|CAD|mikl:Rab11fip2:1250.0:b95a83b25accbc00,mikl_gse173098|mikl_gse173098|neurite_soma_mpra|GFP 3UTR MPRA|Neuro-2a|mikl:Rab11fip2:1250.0:b95a83b25accbc00,4,False
0ea0c4bb7844be12,0,mikl_gse173098|mikl_gse173098|neurite_soma_mpra|GFP 3UTR MPRA|CAD|mikl:Rab11fip2:1600.0:cd70b1bf5bd78a9b,mikl_gse173098|mikl_gse173098|neurite_soma_mpra|GFP 3UTR MPRA|Neuro-2a|mikl:Rab11fip2:1600.0:cd70b1bf5bd78a9b,5,False
0ea0c4bb7844be12,0,mikl_gse173098|mikl_gse173098|neurite_soma_mpra|GFP 3UTR MPRA|CAD|mikl:Rab11fip2:3350.0:85aea2eccb8542e3,mikl_gse173098|mikl_gse173098|neurite_soma_mpra|GFP 3UTR MPRA|Neuro-2a|mikl:Rab11fip2:3350.0:85aea2eccb8542e3,4,True
0ea0c4bb7844be12,0,mikl_gse173098|mikl_gse173098|neurite_soma_mpra|GFP 3UTR MPRA|CAD|mikl:Rab11fip2:150.0:88f787cc79db0565,mikl_gse173098|mikl_gse173098|neurite_soma_mpra|GFP 3UTR MPRA|Neuro-2a|mikl:Rab11fip2:150.0:88f787cc79db0565,2,True
0ea0c4bb7844be12,0,mikl_gse173098|mikl_gse173098|neurite_soma_mpra|GFP 3UTR MPRA|CAD|mikl:Rab11fip2:1450.0:c7f7fa044fd7f985,mikl_gse173098|mikl_gse173098|neurite_soma_mpra|GFP 3UTR MPRA|Neuro-2a|mikl:Rab11fip2:1450.0:c7f7fa044fd7f985,6,False
0ea0c4bb7844be12,0,mikl_gse173098|mikl_gse173098|neurite_soma_mpra|GFP 3UTR MPRA|CAD|mikl:Rab11fip2:3550.0:7724eaeec8889bf3,mikl_gse173098|mikl_gse173098|neurite_soma_mpra|GFP 3UTR MPRA|Neuro-2a|mikl:Rab11fip2:3550.0:7724eaeec8889bf3,2,True
0ea0c4bb7844be12,0,mikl_gse173098|mikl_gse173098|neurite_soma_mpra|GFP 3UTR MPRA|CAD|mikl:Rab11fip2:3400.0:128f193cd48b253d,mikl_gse173098|mikl_gse173098|neurite_soma_mpra|GFP 3UTR MPRA|Neuro-2a|mikl:Rab11fip2:3400.0:128f193cd48b253d,3,False
0ea0c4bb7844be12,0,mikl_gse173098|mikl_gse173098|neurite_soma_mpra|GFP 3UTR MPRA|CAD|mikl:Rab11fip2:2200.0:2fa127cc4a928785,mikl_gse173098|mikl_gse173098|neurite_soma_mpra|GFP 3UTR MPRA|Neuro-2a|mikl:Rab11fip2:2200.0:2fa127cc4a928785,5,False
0ea0c4bb7844be12,0,mikl_gse173098|mikl_gse173098|neurite_soma_mpra|GFP 3UTR MPRA|CAD|mikl:Rab11fip2:100.0:3d3d5825cc92b8d6,mikl_gse173098|mikl_gse173098|neurite_soma_mpra|GFP 3UTR MPRA|Neuro-2a|mikl:Rab11fip2:100.0:3d3d5825cc92b8d6,2,False
0ea0c4bb7844be12,0,mikl_gse173098|mikl_gse173098|neurite_soma_mpra|GFP 3UTR MPRA|CAD|mikl:Rab11fip2:1500.0:e48c63f21026c5da,mikl_gse173098|mikl_gse173098|neurite_soma_mpra|GFP 3UTR MPRA|Neuro-2a|mikl:Rab11fip2:1500.0:e48c63f21026c5da,6,False
0ea0c4bb7844be12,0,mikl_gse173098|mikl_gse173098|neurite_soma_mpra|GFP 3UTR MPRA|CAD|mikl:Rab11fip2:3300.0:160c9486f4a280cd,mikl_gse173098|mikl_gse173098|neurite_soma_mpra|GFP 3UTR MPRA|Neuro-2a|mikl:Rab11fip2:3300.0:160c9486f4a280cd,5,False
0ea0c4bb7844be12,0,mikl_gse173098|mikl_gse173098|neurite_soma_mpra|GFP 3UTR MPRA|CAD|mikl:Rab11fip2:2150.0:18b4eb6078fce4cf,mikl_gse173098|mikl_gse173098|neurite_soma_mpra|GFP 3UTR MPRA|Neuro-2a|mikl:Rab11fip2:2150.0:18b4eb6078fce4cf,5,False
0ea0c4bb7844be12,0,mikl_gse173098|mikl_gse173098|neurite_soma_mpra|GFP 3UTR MPRA|CAD|mikl:Rab11fip2:0.0:edbd0e18bc7be716,mikl_gse173098|mikl_gse173098|neurite_soma_mpra|GFP 3UTR MPRA|Neuro-2a|mikl:Rab11fip2:0.0:edbd0e18bc7be716,3,False
0ea0c4bb7844be12,0,mikl_gse173098|mikl_gse173098|neurite_soma_mpra|GFP 3UTR MPRA|CAD|mikl:Rab11fip2:3800.0:0f54c2b3dcc7b278,mikl_gse173098|mikl_gse173098|neurite_soma_mpra|GFP 3UTR MPRA|Neuro-2a|mikl:Rab11fip2:3800.0:0f54c2b3dcc7b278,2,False
0ea0c4bb7844be12,0,mikl_gse173098|mikl_gse173098|neurite_soma_mpra|GFP 3UTR MPRA|CAD|mikl:Rab11fip2:3650.0:64154a85af41de24,mikl_gse173098|mikl_gse173098|neurite_soma_mpra|GFP 3UTR MPRA|Neuro-2a|mikl:Rab11fip2:3650.0:64154a85af41de24,5,False
0ea0c4bb7844be12,0,mikl_gse173098|mikl_gse173098|neurite_soma_mpra|GFP 3UTR MPRA|CAD|mikl:Rab11fip2:750.0:937550ff73a18059,mikl_gse173098|mikl_gse173098|neurite_soma_mpra|GFP 3UTR MPRA|Neuro-2a|mikl:Rab11fip2:750.0:937550ff73a18059,3,False
0ea0c4bb7844be12,0,mikl_gse173098|mikl_gse173098|neurite_soma_mpra|GFP 3UTR MPRA|CAD|mikl:Rab11fip2:350.0:855e7bf7890b53ac,mikl_gse173098|mikl_gse173098|neurite_soma_mpra|GFP 3UTR MPRA|Neuro-2a|mikl:Rab11fip2:350.0:855e7bf7890b53ac,3,False
0ea0c4bb7844be12,0,mikl_gse173098|mikl_gse173098|neurite_soma_mpra|GFP 3UTR MPRA|CAD|mikl:Rab11fip2:3600.0:a403408a51a361e1,mikl_gse173098|mikl_gse173098|neurite_soma_mpra|GFP 3UTR MPRA|Neuro-2a|mikl:Rab11fip2:3600.0:a403408a51a361e1,3,True
0ea0c4bb7844be12,0,mikl_gse173098|mikl_gse173098|neurite_soma_mpra|GFP 3UTR MPRA|CAD|mikl:Rab11fip2:2600.0:8954cb26d33fefe7,mikl_gse173098|mikl_gse173098|neurite_soma_mpra|GFP 3UTR MPRA|Neuro-2a|mikl:Rab11fip2:2600.0:8954cb26d33fefe7,5,False
12a8a8f47af955e5,1,mikl_gse173098|mikl_gse173098|neurite_soma_mpra|GFP 3UTR MPRA|CAD|mikl:Cnot6l:3450.0:d4747a280ebd6971,mikl_gse173098|mikl_gse173098|neurite_soma_mpra|GFP 3UTR MPRA|Neuro-2a|mikl:Cnot6l:3450.0:d4747a280ebd6971,5,False
12a8a8f47af955e5,1,mikl_gse173098|mikl_gse173098|neurite_soma_mpra|GFP 3UTR MPRA|CAD|mikl:Cnot6l:5650.0:5e0f07f60b97882e,mikl_gse173098|mikl_gse173098|neurite_soma_mpra|GFP 3UTR MPRA|Neuro-2a|mikl:Cnot6l:5650.0:5e0f07f60b97882e,2,False
12a8a8f47af955e5,1,mikl_gse173098|mikl_gse173098|neurite_soma_mpra|GFP 3UTR MPRA|CAD|mikl:Cnot6l:1050.0:1bac2b1b4c5d3936,mikl_gse173098|mikl_gse173098|neurite_soma_mpra|GFP 3UTR MPRA|Neuro-2a|mikl:Cnot6l:1050.0:1bac2b1b4c5d3936,3,False
12a8a8f47af955e5,1,mikl_gse173098|mikl_gse173098|neurite_soma_mpra|GFP 3UTR MPRA|CAD|mikl:Cnot6l:250.0:daa5373c209e1e4c,mikl_gse173098|mikl_gse173098|neurite_soma_mpra|GFP 3UTR MPRA|Neuro-2a|mikl:Cnot6l:250.0:daa5373c209e1e4c,3,False
12a8a8f47af955e5,1,mikl_gse173098|mikl_gse173098|neurite_soma_mpra|GFP 3UTR MPRA|CAD|mikl:Cnot6l:500.0:b37ae5884624cc1e,mikl_gse173098|mikl_gse173098|neurite_soma_mpra|GFP 3UTR MPRA|Neuro-2a|mikl:Cnot6l:500.0:b37ae5884624cc1e,6,False
12a8a8f47af955e5,1,mikl_gse173098|mikl_gse173098|neurite_soma_mpra|GFP 3UTR MPRA|CAD|mikl:Cnot6l:4200.0:047f7f0c07bc6436,mikl_gse173098|mikl_gse173098|neurite_soma_mpra|GFP 3UTR MPRA|Neuro-2a|mikl:Cnot6l:4200.0:047f7f0c07bc6436,5,False
12a8a8f47af955e5,1,mikl_gse173098|mikl_gse173098|neurite_soma_mpra|GFP 3UTR MPRA|CAD|mikl:Cnot6l:650.0:06357a31038e2e29,mikl_gse173098|mikl_gse173098|neurite_soma_mpra|GFP 3UTR MPRA|Neuro-2a|mikl:Cnot6l:650.0:06357a31038e2e29,3,False
12a8a8f47af955e5,1,mikl_gse173098|mikl_gse173098|neurite_soma_mpra|GFP 3UTR MPRA|CAD|mikl:Cnot6l:3900.0:66bdf23f763ef560,mikl_gse173098|mikl_gse173098|neurite_soma_mpra|GFP 3UTR MPRA|Neuro-2a|mikl:Cnot6l:3900.0:66bdf23f763ef560,5,False
12a8a8f47af955e5,1,mikl_gse173098|mikl_gse173098|neurite_soma_mpra|GFP 3UTR MPRA|CAD|mikl:Cnot6l:1600.0:371aa110485978fb,mikl_gse173098|mikl_gse173098|neurite_soma_mpra|GFP 3UTR MPRA|Neuro-2a|mikl:Cnot6l:1600.0:371aa110485978fb,5,False
12a8a8f47af955e5,1,mikl_gse173098|mikl_gse173098|neurite_soma_mpra|GFP 3UTR MPRA|CAD|mikl:Cnot6l:300.0:565c63945d951be6,mikl_gse173098|mikl_gse173098|neurite_soma_mpra|GFP 3UTR MPRA|Neuro-2a|mikl:Cnot6l:300.0:565c63945d951be6,7,False
12a8a8f47af955e5,1,mikl_gse173098|mikl_gse173098|neurite_soma_mpra|GFP 3UTR MPRA|CAD|mikl:Cnot6l:1350.0:da5957fdc2bf582e,mikl_gse173098|mikl_gse173098|neurite_soma_mpra|GFP 3UTR MPRA|Neuro-2a|mikl:Cnot6l:1350.0:da5957fdc2bf582e,3,False
12a8a8f47af955e5,1,mikl_gse173098|mikl_gse173098|neurite_soma_mpra|GFP 3UTR MPRA|CAD|mikl:Cnot6l:5600.0:250804dfea56fbe6,mikl_gse173098|mikl_gse173098|neurite_soma_mpra|GFP 3UTR MPRA|Neuro-2a|mikl:Cnot6l:5600.0:250804dfea56fbe6,2,False
12a8a8f47af955e5,1,mikl_gse173098|mikl_gse173098|neurite_soma_mpra|GFP 3UTR MPRA|CAD|mikl:Cnot6l:5100.0:4dd641a26f3a1132,mikl_gse173098|mikl_gse173098|neurite_soma_mpra|GFP 3UTR MPRA|Neuro-2a|mikl:Cnot6l:5100.0:4dd641a26f3a1132,2,False
12a8a8f47af955e5,1,mikl_gse173098|mikl_gse173098|neurite_soma_mpra|GFP 3UTR MPRA|CAD|mikl:Cnot6l:2550.0:c7adad82cadc0765,mikl_gse173098|mikl_gse173098|neurite_soma_mpra|GFP 3UTR MPRA|Neuro-2a|mikl:Cnot6l:2550.0:c7adad82cadc0765,3,False
12a8a8f47af955e5,1,mikl_gse173098|mikl_gse173098|neurite_soma_mpra|GFP 3UTR MPRA|CAD|mikl:Cnot6l:3650.0:a5446579e61cf0e7,mikl_gse173098|mikl_gse173098|neurite_soma_mpra|GFP 3UTR MPRA|Neuro-2a|mikl:Cnot6l:3650.0:a5446579e61cf0e7,2,False
12a8a8f47af955e5,1,mikl_gse173098|mikl_gse173098|neurite_soma_mpra|GFP 3UTR MPRA|CAD|mikl:Cnot6l:2850.0:b8b3a31e382a1ad7,mikl_gse173098|mikl_gse173098|neurite_soma_mpra|GFP 3UTR MPRA|Neuro-2a|mikl:Cnot6l:2850.0:b8b3a31e382a1ad7,3,False
12a8a8f47af955e5,1,mikl_gse173098|mikl_gse173098|neurite_soma_mpra|GFP 3UTR MPRA|CAD|mikl:Cnot6l:450.0:f2de06a14d2e079a,mikl_gse173098|mikl_gse173098|neurite_soma_mpra|GFP 3UTR MPRA|Neuro-2a|mikl:Cnot6l:450.0:f2de06a14d2e079a,3,False
12a8a8f47af955e5,1,mikl_gse173098|mikl_gse173098|neurite_soma_mpra|GFP 3UTR MPRA|CAD|mikl:Cnot6l:1800.0:dd42006cfb41e77b,mikl_gse173098|mikl_gse173098|neurite_soma_mpra|GFP 3UTR MPRA|Neuro-2a|mikl:Cnot6l:1800.0:dd42006cfb41e77b,7,False
12a8a8f47af955e5,1,mikl_gse173098|mikl_gse173098|neurite_soma_mpra|GFP 3UTR MPRA|CAD|mikl:Cnot6l:600.0:6f13adde7af9439c,mikl_gse173098|mikl_gse173098|neurite_soma_mpra|GFP 3UTR MPRA|Neuro-2a|mikl:Cnot6l:600.0:6f13adde7af9439c,2,True
12a8a8f47af955e5,1,mikl_gse173098|mikl_gse173098|neurite_soma_mpra|GFP 3UTR MPRA|CAD|mikl:Cnot6l:350.0:b2379a07f432c6bd,mikl_gse173098|mikl_gse173098|neurite_soma_mpra|GFP 3UTR MPRA|Neuro-2a|mikl:Cnot6l:350.0:b2379a07f432c6bd,5,False
12a8a8f47af955e5,1,mikl_gse173098|mikl_gse173098|neurite_soma_mpra|GFP 3UTR MPRA|CAD|mikl:Cnot6l:4000.0:65e3b61c0c29a320,mikl_gse173098|mikl_gse173098|neurite_soma_mpra|GFP 3UTR MPRA|Neuro-2a|mikl:Cnot6l:4000.0:65e3b61c0c29a320,3,False
12a8a8f47af955e5,1,mikl_gse173098|mikl_gse173098|neurite_soma_mpra|GFP 3UTR MPRA|CAD|mikl:Cnot6l:550.0:a9dcf07b47117467,mikl_gse173098|mikl_gse173098|neurite_soma_mpra|GFP 3UTR MPRA|Neuro-2a|mikl:Cnot6l:550.0:a9dcf07b47117467,4,False
12a8a8f47af955e5,1,mikl_gse173098|mikl_gse173098|neurite_soma_mpra|GFP 3UTR MPRA|CAD|mikl:Cnot6l:2350.0:458daf474fbf4089,mikl_gse173098|mikl_gse173098|neurite_soma_mpra|GFP 3UTR MPRA|Neuro-2a|mikl:Cnot6l:2350.0:458daf474fbf4089,3,True
12a8a8f47af955e5,1,mikl_gse173098|mikl_gse173098|neurite_soma_mpra|GFP 3UTR MPRA|CAD|mikl:Cnot6l:1550.0:290315146d1c03ca,mikl_gse173098|mikl_gse173098|neurite_soma_mpra|GFP 3UTR MPRA|Neuro-2a|mikl:Cnot6l:1550.0:290315146d1c03ca,7,False
12a8a8f47af955e5,1,mikl_gse173098|mikl_gse173098|neurite_soma_mpra|GFP 3UTR MPRA|CAD|mikl:Cnot6l:2100.0:97d745c1b6059ceb,mikl_gse173098|mikl_gse173098|neurite_soma_mpra|GFP 3UTR MPRA|Neuro-2a|mikl:Cnot6l:2100.0:97d745c1b6059ceb,4,False
12a8a8f47af955e5,1,mikl_gse173098|mikl_gse173098|neurite_soma_mpra|GFP 3UTR MPRA|CAD|mikl:Cnot6l:3000.0:e4a87785be9c539d,mikl_gse173098|mikl_gse173098|neurite_soma_mpra|GFP 3UTR MPRA|Neuro-2a|mikl:Cnot6l:3000.0:e4a87785be9c539d,8,False
12a8a8f47af955e5,1,mikl_gse173098|mikl_gse173098|neurite_soma_mpra|GFP 3UTR MPRA|CAD|mikl:Cnot6l:2050.0:4a7e3693cbc297c0,mikl_gse173098|mikl_gse173098|neurite_soma_mpra|GFP 3UTR MPRA|Neuro-2a|mikl:Cnot6l:2050.0:4a7e3693cbc297c0,4,False
12a8a8f47af955e5,1,mikl_gse173098|mikl_gse173098|neurite_soma_mpra|GFP 3UTR MPRA|CAD|mikl:Cnot6l:300.0:ceb7d64e750c03ca,mikl_gse173098|mikl_gse173098|neurite_soma_mpra|GFP 3UTR MPRA|Neuro-2a|mikl:Cnot6l:300.0:ceb7d64e750c03ca,2,True
12a8a8f47af955e5,1,mikl_gse173098|mikl_gse173098|neurite_soma_mpra|GFP 3UTR MPRA|CAD|mikl:Cnot6l:2450.0:82a7d5cd65eb605e,mikl_gse173098|mikl_gse173098|neurite_soma_mpra|GFP 3UTR MPRA|Neuro-2a|mikl:Cnot6l:2450.0:82a7d5cd65eb605e,5,False
12a8a8f47af955e5,1,mikl_gse173098|mikl_gse173098|neurite_soma_mpra|GFP 3UTR MPRA|CAD|mikl:Cnot6l:6350.0:683af2add4245be4,mikl_gse173098|mikl_gse173098|neurite_soma_mpra|GFP 3UTR MPRA|Neuro-2a|mikl:Cnot6l:6350.0:683af2add4245be4,4,False
12a8a8f47af955e5,1,mikl_gse173098|mikl_gse173098|neurite_soma_mpra|GFP 3UTR MPRA|CAD|mikl:Cnot6l:4600.0:b1122c2cda4d8fbd,mikl_gse173098|mikl_gse173098|neurite_soma_mpra|GFP 3UTR MPRA|Neuro-2a|mikl:Cnot6l:4600.0:b1122c2cda4d8fbd,3,False
12a8a8f47af955e5,1,mikl_gse173098|mikl_gse173098|neurite_soma_mpra|GFP 3UTR MPRA|CAD|mikl:Cnot6l:3950.0:8e33dd06eefd5699,mikl_gse173098|mikl_gse173098|neurite_soma_mpra|GFP 3UTR MPRA|Neuro-2a|mikl:Cnot6l:3950.0:8e33dd06eefd5699,3,False
12a8a8f47af955e5,1,mikl_gse173098|mikl_gse173098|neurite_soma_mpra|GFP 3UTR MPRA|CAD|mikl:Cnot6l:2650.0:d02fed89083ebc26,mikl_gse173098|mikl_gse173098|neurite_soma_mpra|GFP 3UTR MPRA|Neuro-2a|mikl:Cnot6l:2650.0:d02fed89083ebc26,3,False
12a8a8f47af955e5,1,mikl_gse173098|mikl_gse173098|neurite_soma_mpra|GFP 3UTR MPRA|CAD|mikl:Cnot6l:1900.0:d2c7561ace29a245,mikl_gse173098|mikl_gse173098|neurite_soma_mpra|GFP 3UTR MPRA|Neuro-2a|mikl:Cnot6l:1900.0:d2c7561ace29a245,4,False
12a8a8f47af955e5,1,mikl_gse173098|mikl_gse173098|neurite_soma_mpra|GFP 3UTR MPRA|CAD|mikl:Cnot6l:1750.0:bbdc3c4f38259817,mikl_gse173098|mikl_gse173098|neurite_soma_mpra|GFP 3UTR MPRA|Neuro-2a|mikl:Cnot6l:1750.0:bbdc3c4f38259817,3,False
12a8a8f47af955e5,1,mikl_gse173098|mikl_gse173098|neurite_soma_mpra|GFP 3UTR MPRA|CAD|mikl:Cnot6l:2900.0:ebcbd596f6b55155,mikl_gse173098|mikl_gse173098|neurite_soma_mpra|GFP 3UTR MPRA|Neuro-2a|mikl:Cnot6l:2900.0:ebcbd596f6b55155,3,False
12a8a8f47af955e5,1,mikl_gse173098|mikl_gse173098|neurite_soma_mpra|GFP 3UTR MPRA|CAD|mikl:Cnot6l:5200.0:46b21bb17cecbce4,mikl_gse173098|mikl_gse173098|neurite_soma_mpra|GFP 3UTR MPRA|Neuro-2a|mikl:Cnot6l:5200.0:46b21bb17cecbce4,3,False
12a8a8f47af955e5,1,mikl_gse173098|mikl_gse173098|neurite_soma_mpra|GFP 3UTR MPRA|CAD|mikl:Cnot6l:6100.0:8a55044133a5f063,mikl_gse173098|mikl_gse173098|neurite_soma_mpra|GFP 3UTR MPRA|Neuro-2a|mikl:Cnot6l:6100.0:8a55044133a5f063,4,False
12a8a8f47af955e5,1,mikl_gse173098|mikl_gse173098|neurite_soma_mpra|GFP 3UTR MPRA|CAD|mikl:Cnot6l:400.0:fb3539046bda9bb0,mikl_gse173098|mikl_gse173098|neurite_soma_mpra|GFP 3UTR MPRA|Neuro-2a|mikl:Cnot6l:400.0:fb3539046bda9bb0,4,False
12a8a8f47af955e5,1,mikl_gse173098|mikl_gse173098|neurite_soma_mpra|GFP 3UTR MPRA|CAD|mikl:Cnot6l:1300.0:ff9560327cb4e8d8,mikl_gse173098|mikl_gse173098|neurite_soma_mpra|GFP 3UTR MPRA|Neuro-2a|mikl:Cnot6l:1300.0:ff9560327cb4e8d8,2,True
12a8a8f47af955e5,1,mikl_gse173098|mikl_gse173098|neurite_soma_mpra|GFP 3UTR MPRA|CAD|mikl:Cnot6l:6450.0:a355605f06a1a5e2,mikl_gse173098|mikl_gse173098|neurite_soma_mpra|GFP 3UTR MPRA|Neuro-2a|mikl:Cnot6l:6450.0:a355605f06a1a5e2,3,False
12a8a8f47af955e5,1,mikl_gse173098|mikl_gse173098|neurite_soma_mpra|GFP 3UTR MPRA|CAD|mikl:Cnot6l:900.0:1884cad6f4072331,mikl_gse173098|mikl_gse173098|neurite_soma_mpra|GFP 3UTR MPRA|Neuro-2a|mikl:Cnot6l:900.0:1884cad6f4072331,3,False
12a8a8f47af955e5,1,mikl_gse173098|mikl_gse173098|neurite_soma_mpra|GFP 3UTR MPRA|CAD|mikl:Cnot6l:4100.0:78cd3e8203502682,mikl_gse173098|mikl_gse173098|neurite_soma_mpra|GFP 3UTR MPRA|Neuro-2a|mikl:Cnot6l:4100.0:78cd3e8203502682,2,False
12a8a8f47af955e5,1,mikl_gse173098|mikl_gse173098|neurite_soma_mpra|GFP 3UTR MPRA|CAD|mikl:Cnot6l:4350.0:ec8c1913366568a9,mikl_gse173098|mikl_gse173098|neurite_soma_mpra|GFP 3UTR MPRA|Neuro-2a|mikl:Cnot6l:4350.0:ec8c1913366568a9,5,False
12a8a8f47af955e5,1,mikl_gse173098|mikl_gse173098|neurite_soma_mpra|GFP 3UTR MPRA|CAD|mikl:Cnot6l:3750.0:cf7d9cf44007d6ce,mikl_gse173098|mikl_gse173098|neurite_soma_mpra|GFP 3UTR MPRA|Neuro-2a|mikl:Cnot6l:3750.0:cf7d9cf44007d6ce,2,True
12a8a8f47af955e5,1,mikl_gse173098|mikl_gse173098|neurite_soma_mpra|GFP 3UTR MPRA|CAD|mikl:Cnot6l:3350.0:c5b727bf08affade,mikl_gse173098|mikl_gse173098|neurite_soma_mpra|GFP 3UTR MPRA|Neuro-2a|mikl:Cnot6l:3350.0:c5b727bf08affade,3,True
12a8a8f47af955e5,1,mikl_gse173098|mikl_gse173098|neurite_soma_mpra|GFP 3UTR MPRA|CAD|mikl:Cnot6l:1900.0:75dce2b490b03394,mikl_gse173098|mikl_gse173098|neurite_soma_mpra|GFP 3UTR MPRA|Neuro-2a|mikl:Cnot6l:1900.0:75dce2b490b03394,4,False
12a8a8f47af955e5,1,mikl_gse173098|mikl_gse173098|neurite_soma_mpra|GFP 3UTR MPRA|CAD|mikl:Cnot6l:2800.0:fb24275aa41167bf,mikl_gse173098|mikl_gse173098|neurite_soma_mpra|GFP 3UTR MPRA|Neuro-2a|mikl:Cnot6l:2800.0:fb24275aa41167bf,3,False
12a8a8f47af955e5,1,mikl_gse173098|mikl_gse173098|neurite_soma_mpra|GFP 3UTR MPRA|CAD|mikl:Cnot6l:1700.0:d30a811f0c60b682,mikl_gse173098|mikl_gse173098|neurite_soma_mpra|GFP 3UTR MPRA|Neuro-2a|mikl:Cnot6l:1700.0:d30a811f0c60b682,3,False
12a8a8f47af955e5,1,mikl_gse173098|mikl_gse173098|neurite_soma_mpra|GFP 3UTR MPRA|CAD|mikl:Cnot6l:1000.0:b053c8ba23a8a75c,mikl_gse173098|mikl_gse173098|neurite_soma_mpra|GFP 3UTR MPRA|Neuro-2a|mikl:Cnot6l:1000.0:b053c8ba23a8a75c,4,False
12a8a8f47af955e5,1,mikl_gse173098|mikl_gse173098|neurite_soma_mpra|GFP 3UTR MPRA|CAD|mikl:Cnot6l:3600.0:21a8473e8c7e60d5,mikl_gse173098|mikl_gse173098|neurite_soma_mpra|GFP 3UTR MPRA|Neuro-2a|mikl:Cnot6l:3600.0:21a8473e8c7e60d5,4,False
12a8a8f47af955e5,1,mikl_gse173098|mikl_gse173098|neurite_soma_mpra|GFP 3UTR MPRA|CAD|mikl:Cnot6l:4400.0:c442ec2812678cda,mikl_gse173098|mikl_gse173098|neurite_soma_mpra|GFP 3UTR MPRA|Neuro-2a|mikl:Cnot6l:4400.0:c442ec2812678cda,4,False
12a8a8f47af955e5,1,mikl_gse173098|mikl_gse173098|neurite_soma_mpra|GFP 3UTR MPRA|CAD|mikl:Cnot6l:550.0:e802c9144ac809ed,mikl_gse173098|mikl_gse173098|neurite_soma_mpra|GFP 3UTR MPRA|Neuro-2a|mikl:Cnot6l:550.0:e802c9144ac809ed,5,False
12a8a8f47af955e5,1,mikl_gse173098|mikl_gse173098|neurite_soma_mpra|GFP 3UTR MPRA|CAD|mikl:Cnot6l:6250.0:dbff814661115ddd,mikl_gse173098|mikl_gse173098|neurite_soma_mpra|GFP 3UTR MPRA|Neuro-2a|mikl:Cnot6l:6250.0:dbff814661115ddd,4,False
12a8a8f47af955e5,1,mikl_gse173098|mikl_gse173098|neurite_soma_mpra|GFP 3UTR MPRA|CAD|mikl:Cnot6l:1250.0:9b4951b793cbd84f,mikl_gse173098|mikl_gse173098|neurite_soma_mpra|GFP 3UTR MPRA|Neuro-2a|mikl:Cnot6l:1250.0:9b4951b793cbd84f,3,False
12a8a8f47af955e5,1,mikl_gse173098|mikl_gse173098|neurite_soma_mpra|GFP 3UTR MPRA|CAD|mikl:Cnot6l:1800.0:c88bd58f63c4d095,mikl_gse173098|mikl_gse173098|neurite_soma_mpra|GFP 3UTR MPRA|Neuro-2a|mikl:Cnot6l:1800.0:c88bd58f63c4d095,6,False
12a8a8f47af955e5,1,mikl_gse173098|mikl_gse173098|neurite_soma_mpra|GFP 3UTR MPRA|CAD|mikl:Cnot6l:6150.0:062998d603812fdb,mikl_gse173098|mikl_gse173098|neurite_soma_mpra|GFP 3UTR MPRA|Neuro-2a|mikl:Cnot6l:6150.0:062998d603812fdb,5,False
12a8a8f47af955e5,1,mikl_gse173098|mikl_gse173098|neurite_soma_mpra|GFP 3UTR MPRA|CAD|mikl:Cnot6l:5250.0:823a0c0f92685558,mikl_gse173098|mikl_gse173098|neurite_soma_mpra|GFP 3UTR MPRA|Neuro-2a|mikl:Cnot6l:5250.0:823a0c0f92685558,2,True
12a8a8f47af955e5,1,mikl_gse173098|mikl_gse173098|neurite_soma_mpra|GFP 3UTR MPRA|CAD|mikl:Cnot6l:2000.0:c7cf1f28ee8315a6,mikl_gse173098|mikl_gse173098|neurite_soma_mpra|GFP 3UTR MPRA|Neuro-2a|mikl:Cnot6l:2000.0:c7cf1f28ee8315a6,2,False
12a8a8f47af955e5,1,mikl_gse173098|mikl_gse173098|neurite_soma_mpra|GFP 3UTR MPRA|CAD|mikl:Cnot6l:1700.0:56a871e6c30c52dc,mikl_gse173098|mikl_gse173098|neurite_soma_mpra|GFP 3UTR MPRA|Neuro-2a|mikl:Cnot6l:1700.0:56a871e6c30c52dc,4,False
12a8a8f47af955e5,1,mikl_gse173098|mikl_gse173098|neurite_soma_mpra|GFP 3UTR MPRA|CAD|mikl:Cnot6l:4700.0:219a6717b33a192a,mikl_gse173098|mikl_gse173098|neurite_soma_mpra|GFP 3UTR MPRA|Neuro-2a|mikl:Cnot6l:4700.0:219a6717b33a192a,2,True
12a8a8f47af955e5,1,mikl_gse173098|mikl_gse173098|neurite_soma_mpra|GFP 3UTR MPRA|CAD|mikl:Cnot6l:5400.0:5f618c60b36f7973,mikl_gse173098|mikl_gse173098|neurite_soma_mpra|GFP 3UTR MPRA|Neuro-2a|mikl:Cnot6l:5400.0:5f618c60b36f7973,3,True
12a8a8f47af955e5,1,mikl_gse173098|mikl_gse173098|neurite_soma_mpra|GFP 3UTR MPRA|CAD|mikl:Cnot6l:6300.0:50a31fd925d2c65c,mikl_gse173098|mikl_gse173098|neurite_soma_mpra|GFP 3UTR MPRA|Neuro-2a|mikl:Cnot6l:6300.0:50a31fd925d2c65c,3,False
12a8a8f47af955e5,1,mikl_gse173098|mikl_gse173098|neurite_soma_mpra|GFP 3UTR MPRA|CAD|mikl:Cnot6l:5350.0:88760c3bd4958ba7,mikl_gse173098|mikl_gse173098|neurite_soma_mpra|GFP 3UTR MPRA|Neuro-2a|mikl:Cnot6l:5350.0:88760c3bd4958ba7,3,False
12a8a8f47af955e5,1,mikl_gse173098|mikl_gse173098|neurite_soma_mpra|GFP 3UTR MPRA|CAD|mikl:Cnot6l:6500.0:8be257255b2fe2f0,mikl_gse173098|mikl_gse173098|neurite_soma_mpra|GFP 3UTR MPRA|Neuro-2a|mikl:Cnot6l:6500.0:8be257255b2fe2f0,2,False
12a8a8f47af955e5,1,mikl_gse173098|mikl_gse173098|neurite_soma_mpra|GFP 3UTR MPRA|CAD|mikl:Cnot6l:6400.0:d6373b6923ad2b51,mikl_gse173098|mikl_gse173098|neurite_soma_mpra|GFP 3UTR MPRA|Neuro-2a|mikl:Cnot6l:6400.0:d6373b6923ad2b51,3,False
12a8a8f47af955e5,1,mikl_gse173098|mikl_gse173098|neurite_soma_mpra|GFP 3UTR MPRA|CAD|mikl:Cnot6l:5150.0:72c93cd58c652f9d,mikl_gse173098|mikl_gse173098|neurite_soma_mpra|GFP 3UTR MPRA|Neuro-2a|mikl:Cnot6l:5150.0:72c93cd58c652f9d,2,False
12a8a8f47af955e5,1,mikl_gse173098|mikl_gse173098|neurite_soma_mpra|GFP 3UTR MPRA|CAD|mikl:Cnot6l:150.0:cd207dd7b8db48d0,mikl_gse173098|mikl_gse173098|neurite_soma_mpra|GFP 3UTR MPRA|Neuro-2a|mikl:Cnot6l:150.0:cd207dd7b8db48d0,2,True
12a8a8f47af955e5,1,mikl_gse173098|mikl_gse173098|neurite_soma_mpra|GFP 3UTR MPRA|CAD|mikl:Cnot6l:3850.0:179cde379ba522bc,mikl_gse173098|mikl_gse173098|neurite_soma_mpra|GFP 3UTR MPRA|Neuro-2a|mikl:Cnot6l:3850.0:179cde379ba522bc,4,False
12a8a8f47af955e5,1,mikl_gse173098|mikl_gse173098|neurite_soma_mpra|GFP 3UTR MPRA|CAD|mikl:Cnot6l:900.0:9c390b1de374e5ec,mikl_gse173098|mikl_gse173098|neurite_soma_mpra|GFP 3UTR MPRA|Neuro-2a|mikl:Cnot6l:900.0:9c390b1de374e5ec,3,True
12a8a8f47af955e5,1,mikl_gse173098|mikl_gse173098|neurite_soma_mpra|GFP 3UTR MPRA|CAD|mikl:Cnot6l:1650.0:f8503c66eb4648e3,mikl_gse173098|mikl_gse173098|neurite_soma_mpra|GFP 3UTR MPRA|Neuro-2a|mikl:Cnot6l:1650.0:f8503c66eb4648e3,2,False
12a8a8f47af955e5,1,mikl_gse173098|mikl_gse173098|neurite_soma_mpra|GFP 3UTR MPRA|CAD|mikl:Cnot6l:650.0:7d4bb812c085abab,mikl_gse173098|mikl_gse173098|neurite_soma_mpra|GFP 3UTR MPRA|Neuro-2a|mikl:Cnot6l:650.0:7d4bb812c085abab,3,True
12a8a8f47af955e5,1,mikl_gse173098|mikl_gse173098|neurite_soma_mpra|GFP 3UTR MPRA|CAD|mikl:Cnot6l:2050.0:1019a0d5787117e7,mikl_gse173098|mikl_gse173098|neurite_soma_mpra|GFP 3UTR MPRA|Neuro-2a|mikl:Cnot6l:2050.0:1019a0d5787117e7,2,True
12a8a8f47af955e5,1,mikl_gse173098|mikl_gse173098|neurite_soma_mpra|GFP 3UTR MPRA|CAD|mikl:Cnot6l:2500.0:1582f199585c22b7,mikl_gse173098|mikl_gse173098|neurite_soma_mpra|GFP 3UTR MPRA|Neuro-2a|mikl:Cnot6l:2500.0:1582f199585c22b7,5,False
12a8a8f47af955e5,1,mikl_gse173098|mikl_gse173098|neurite_soma_mpra|GFP 3UTR MPRA|CAD|mikl:Cnot6l:3550.0:f3663eeb5e0006c0,mikl_gse173098|mikl_gse173098|neurite_soma_mpra|GFP 3UTR MPRA|Neuro-2a|mikl:Cnot6l:3550.0:f3663eeb5e0006c0,3,False
12a8a8f47af955e5,1,mikl_gse173098|mikl_gse173098|neurite_soma_mpra|GFP 3UTR MPRA|CAD|mikl:Cnot6l:5450.0:28e44e4e2dd42492,mikl_gse173098|mikl_gse173098|neurite_soma_mpra|GFP 3UTR MPRA|Neuro-2a|mikl:Cnot6l:5450.0:28e44e4e2dd42492,2,False
12a8a8f47af955e5,1,mikl_gse173098|mikl_gse173098|neurite_soma_mpra|GFP 3UTR MPRA|CAD|mikl:Cnot6l:1950.0:c75a689a864aed57,mikl_gse173098|mikl_gse173098|neurite_soma_mpra|GFP 3UTR MPRA|Neuro-2a|mikl:Cnot6l:1950.0:c75a689a864aed57,2,True
12a8a8f47af955e5,1,mikl_gse173098|mikl_gse173098|neurite_soma_mpra|GFP 3UTR MPRA|CAD|mikl:Cnot6l:1950.0:c94322ff1111a29a,mikl_gse173098|mikl_gse173098|neurite_soma_mpra|GFP 3UTR MPRA|Neuro-2a|mikl:Cnot6l:1950.0:c94322ff1111a29a,5,False
12a8a8f47af955e5,1,mikl_gse173098|mikl_gse173098|neurite_soma_mpra|GFP 3UTR MPRA|CAD|mikl:Cnot6l:2450.0:33b2e9b1a69114e4,mikl_gse173098|mikl_gse173098|neurite_soma_mpra|GFP 3UTR MPRA|Neuro-2a|mikl:Cnot6l:2450.0:33b2e9b1a69114e4,3,False
12a8a8f47af955e5,1,mikl_gse173098|mikl_gse173098|neurite_soma_mpra|GFP 3UTR MPRA|CAD|mikl:Cnot6l:2150.0:2f02e33402192bb9,mikl_gse173098|mikl_gse173098|neurite_soma_mpra|GFP 3UTR MPRA|Neuro-2a|mikl:Cnot6l:2150.0:2f02e33402192bb9,3,True
12a8a8f47af955e5,1,mikl_gse173098|mikl_gse173098|neurite_soma_mpra|GFP 3UTR MPRA|CAD|mikl:Cnot6l:4450.0:6f7d5f241becb93d,mikl_gse173098|mikl_gse173098|neurite_soma_mpra|GFP 3UTR MPRA|Neuro-2a|mikl:Cnot6l:4450.0:6f7d5f241becb93d,4,True
12a8a8f47af955e5,1,mikl_gse173098|mikl_gse173098|neurite_soma_mpra|GFP 3UTR MPRA|CAD|mikl:Cnot6l:1600.0:95f8e8f4095cebb2,mikl_gse173098|mikl_gse173098|neurite_soma_mpra|GFP 3UTR MPRA|Neuro-2a|mikl:Cnot6l:1600.0:95f8e8f4095cebb2,2,False
12a8a8f47af955e5,1,mikl_gse173098|mikl_gse173098|neurite_soma_mpra|GFP 3UTR MPRA|CAD|mikl:Cnot6l:850.0:2a4113ed4d382883,mikl_gse173098|mikl_gse173098|neurite_soma_mpra|GFP 3UTR MPRA|Neuro-2a|mikl:Cnot6l:850.0:2a4113ed4d382883,5,False
12a8a8f47af955e5,1,mikl_gse173098|mikl_gse173098|neurite_soma_mpra|GFP 3UTR MPRA|CAD|mikl:Cnot6l:5700.0:9eac6a4b28be3fea,mikl_gse173098|mikl_gse173098|neurite_soma_mpra|GFP 3UTR MPRA|Neuro-2a|mikl:Cnot6l:5700.0:9eac6a4b28be3fea,4,False
12a8a8f47af955e5,1,mikl_gse173098|mikl_gse173098|neurite_soma_mpra|GFP 3UTR MPRA|CAD|mikl:Cnot6l:200.0:6ede45fa74c868f2,mikl_gse173098|mikl_gse173098|neurite_soma_mpra|GFP 3UTR MPRA|Neuro-2a|mikl:Cnot6l:200.0:6ede45fa74c868f2,4,False
12a8a8f47af955e5,1,mikl_gse173098|mikl_gse173098|neurite_soma_mpra|GFP 3UTR MPRA|CAD|mikl:Cnot6l:2550.0:11478622303ca3ce,mikl_gse173098|mikl_gse173098|neurite_soma_mpra|GFP 3UTR MPRA|Neuro-2a|mikl:Cnot6l:2550.0:11478622303ca3ce,4,False
12a8a8f47af955e5,1,mikl_gse173098|mikl_gse173098|neurite_soma_mpra|GFP 3UTR MPRA|CAD|mikl:Cnot6l:1450.0:b721f2f331f2cf29,mikl_gse173098|mikl_gse173098|neurite_soma_mpra|GFP 3UTR MPRA|Neuro-2a|mikl:Cnot6l:1450.0:b721f2f331f2cf29,2,False
12a8a8f47af955e5,1,mikl_gse173098|mikl_gse173098|neurite_soma_mpra|GFP 3UTR MPRA|CAD|mikl:Cnot6l:6600.0:8b7097509a0501b1,mikl_gse173098|mikl_gse173098|neurite_soma_mpra|GFP 3UTR MPRA|Neuro-2a|mikl:Cnot6l:6600.0:8b7097509a0501b1,3,False
12a8a8f47af955e5,1,mikl_gse173098|mikl_gse173098|neurite_soma_mpra|GFP 3UTR MPRA|CAD|mikl:Cnot6l:2900.0:cb16fe5c699327d8,mikl_gse173098|mikl_gse173098|neurite_soma_mpra|GFP 3UTR MPRA|Neuro-2a|mikl:Cnot6l:2900.0:cb16fe5c699327d8,7,False
12a8a8f47af955e5,1,mikl_gse173098|mikl_gse173098|neurite_soma_mpra|GFP 3UTR MPRA|CAD|mikl:Cnot6l:5950.0:78c31949dc6989bd,mikl_gse173098|mikl_gse173098|neurite_soma_mpra|GFP 3UTR MPRA|Neuro-2a|mikl:Cnot6l:5950.0:78c31949dc6989bd,2,False
12a8a8f47af955e5,1,mikl_gse173098|mikl_gse173098|neurite_soma_mpra|GFP 3UTR MPRA|CAD|mikl:Cnot6l:1000.0:d00619b4edf01070,mikl_gse173098|mikl_gse173098|neurite_soma_mpra|GFP 3UTR MPRA|Neuro-2a|mikl:Cnot6l:1000.0:d00619b4edf01070,2,False
12a8a8f47af955e5,1,mikl_gse173098|mikl_gse173098|neurite_soma_mpra|GFP 3UTR MPRA|CAD|mikl:Cnot6l:1750.0:9e673ada028f0f16,mikl_gse173098|mikl_gse173098|neurite_soma_mpra|GFP 3UTR MPRA|Neuro-2a|mikl:Cnot6l:1750.0:9e673ada028f0f16,5,False
12a8a8f47af955e5,1,mikl_gse173098|mikl_gse173098|neurite_soma_mpra|GFP 3UTR MPRA|CAD|mikl:Cnot6l:4500.0:e3bf5007303cfaef,mikl_gse173098|mikl_gse173098|neurite_soma_mpra|GFP 3UTR MPRA|Neuro-2a|mikl:Cnot6l:4500.0:e3bf5007303cfaef,3,False
12a8a8f47af955e5,1,mikl_gse173098|mikl_gse173098|neurite_soma_mpra|GFP 3UTR MPRA|CAD|mikl:Cnot6l:4900.0:d18fe3376696ad55,mikl_gse173098|mikl_gse173098|neurite_soma_mpra|GFP 3UTR MPRA|Neuro-2a|mikl:Cnot6l:4900.0:d18fe3376696ad55,2,False
12a8a8f47af955e5,1,mikl_gse173098|mikl_gse173098|neurite_soma_mpra|GFP 3UTR MPRA|CAD|mikl:Cnot6l:2300.0:039e31fb2a445ba0,mikl_gse173098|mikl_gse173098|neurite_soma_mpra|GFP 3UTR MPRA|Neuro-2a|mikl:Cnot6l:2300.0:039e31fb2a445ba0,3,False
12a8a8f47af955e5,1,mikl_gse173098|mikl_gse173098|neurite_soma_mpra|GFP 3UTR MPRA|CAD|mikl:Cnot6l:1850.0:9eae929c392c144e,mikl_gse173098|mikl_gse173098|neurite_soma_mpra|GFP 3UTR MPRA|Neuro-2a|mikl:Cnot6l:1850.0:9eae929c392c144e,6,False
12a8a8f47af955e5,1,mikl_gse173098|mikl_gse173098|neurite_soma_mpra|GFP 3UTR MPRA|CAD|mikl:Cnot6l:6200.0:fbd986d93fb6ce2f,mikl_gse173098|mikl_gse173098|neurite_soma_mpra|GFP 3UTR MPRA|Neuro-2a|mikl:Cnot6l:6200.0:fbd986d93fb6ce2f,6,False
12a8a8f47af955e5,1,mikl_gse173098|mikl_gse173098|neurite_soma_mpra|GFP 3UTR MPRA|CAD|mikl:Cnot6l:800.0:8619e46a5aea2a77,mikl_gse173098|mikl_gse173098|neurite_soma_mpra|GFP 3UTR MPRA|Neuro-2a|mikl:Cnot6l:800.0:8619e46a5aea2a77,2,False
12a8a8f47af955e5,1,mikl_gse173098|mikl_gse173098|neurite_soma_mpra|GFP 3UTR MPRA|CAD|mikl:Cnot6l:250.0:51d697caacfb9846,mikl_gse173098|mikl_gse173098|neurite_soma_mpra|GFP 3UTR MPRA|Neuro-2a|mikl:Cnot6l:250.0:51d697caacfb9846,7,False
12a8a8f47af955e5,1,mikl_gse173098|mikl_gse173098|neurite_soma_mpra|GFP 3UTR MPRA|CAD|mikl:Cnot6l:6650.0:c0dece124ef9fcf4,mikl_gse173098|mikl_gse173098|neurite_soma_mpra|GFP 3UTR MPRA|Neuro-2a|mikl:Cnot6l:6650.0:c0dece124ef9fcf4,4,False
12a8a8f47af955e5,1,mikl_gse173098|mikl_gse173098|neurite_soma_mpra|GFP 3UTR MPRA|CAD|mikl:Cnot6l:2200.0:be2be4f84b857cff,mikl_gse173098|mikl_gse173098|neurite_soma_mpra|GFP 3UTR MPRA|Neuro-2a|mikl:Cnot6l:2200.0:be2be4f84b857cff,3,False
12a8a8f47af955e5,1,mikl_gse173098|mikl_gse173098|neurite_soma_mpra|GFP 3UTR MPRA|CAD|mikl:Cnot6l:750.0:16baae9a3483957f,mikl_gse173098|mikl_gse173098|neurite_soma_mpra|GFP 3UTR MPRA|Neuro-2a|mikl:Cnot6l:750.0:16baae9a3483957f,5,False
12a8a8f47af955e5,1,mikl_gse173098|mikl_gse173098|neurite_soma_mpra|GFP 3UTR MPRA|CAD|mikl:Cnot6l:4250.0:9c448ce6a595ae71,mikl_gse173098|mikl_gse173098|neurite_soma_mpra|GFP 3UTR MPRA|Neuro-2a|mikl:Cnot6l:4250.0:9c448ce6a595ae71,7,False
12a8a8f47af955e5,1,mikl_gse173098|mikl_gse173098|neurite_soma_mpra|GFP 3UTR MPRA|CAD|mikl:Cnot6l:4850.0:3831f229cebb797c,mikl_gse173098|mikl_gse173098|neurite_soma_mpra|GFP 3UTR MPRA|Neuro-2a|mikl:Cnot6l:4850.0:3831f229cebb797c,2,False
12a8a8f47af955e5,1,mikl_gse173098|mikl_gse173098|neurite_soma_mpra|GFP 3UTR MPRA|CAD|mikl:Cnot6l:2200.0:238bcb6429f029d1,mikl_gse173098|mikl_gse173098|neurite_soma_mpra|GFP 3UTR MPRA|Neuro-2a|mikl:Cnot6l:2200.0:238bcb6429f029d1,2,True
12a8a8f47af955e5,1,mikl_gse173098|mikl_gse173098|neurite_soma_mpra|GFP 3UTR MPRA|CAD|mikl:Cnot6l:1550.0:7e079437d199b404,mikl_gse173098|mikl_gse173098|neurite_soma_mpra|GFP 3UTR MPRA|Neuro-2a|mikl:Cnot6l:1550.0:7e079437d199b404,4,False
12a8a8f47af955e5,1,mikl_gse173098|mikl_gse173098|neurite_soma_mpra|GFP 3UTR MPRA|CAD|mikl:Cnot6l:100.0:5013cdb1bb19f5d1,mikl_gse173098|mikl_gse173098|neurite_soma_mpra|GFP 3UTR MPRA|Neuro-2a|mikl:Cnot6l:100.0:5013cdb1bb19f5d1,3,False
12a8a8f47af955e5,1,mikl_gse173098|mikl_gse173098|neurite_soma_mpra|GFP 3UTR MPRA|CAD|mikl:Cnot6l:950.0:8858abdafc70bb84,mikl_gse173098|mikl_gse173098|neurite_soma_mpra|GFP 3UTR MPRA|Neuro-2a|mikl:Cnot6l:950.0:8858abdafc70bb84,5,False
12a8a8f47af955e5,1,mikl_gse173098|mikl_gse173098|neurite_soma_mpra|GFP 3UTR MPRA|CAD|mikl:Cnot6l:600.0:5d5505ea86d642b0,mikl_gse173098|mikl_gse173098|neurite_soma_mpra|GFP 3UTR MPRA|Neuro-2a|mikl:Cnot6l:600.0:5d5505ea86d642b0,5,False
12a8a8f47af955e5,1,mikl_gse173098|mikl_gse173098|neurite_soma_mpra|GFP 3UTR MPRA|CAD|mikl:Cnot6l:2000.0:4941ee54f6b5f0dc,mikl_gse173098|mikl_gse173098|neurite_soma_mpra|GFP 3UTR MPRA|Neuro-2a|mikl:Cnot6l:2000.0:4941ee54f6b5f0dc,5,False
12a8a8f47af955e5,1,mikl_gse173098|mikl_gse173098|neurite_soma_mpra|GFP 3UTR MPRA|CAD|mikl:Cnot6l:2400.0:8807a4a66adca99c,mikl_gse173098|mikl_gse173098|neurite_soma_mpra|GFP 3UTR MPRA|Neuro-2a|mikl:Cnot6l:2400.0:8807a4a66adca99c,8,False
12a8a8f47af955e5,1,mikl_gse173098|mikl_gse173098|neurite_soma_mpra|GFP 3UTR MPRA|CAD|mikl:Cnot6l:450.0:665a878eb70f5277,mikl_gse173098|mikl_gse173098|neurite_soma_mpra|GFP 3UTR MPRA|Neuro-2a|mikl:Cnot6l:450.0:665a878eb70f5277,2,True
12a8a8f47af955e5,1,mikl_gse173098|mikl_gse173098|neurite_soma_mpra|GFP 3UTR MPRA|CAD|mikl:Cnot6l:4950.0:89fff2addb29167f,mikl_gse173098|mikl_gse173098|neurite_soma_mpra|GFP 3UTR MPRA|Neuro-2a|mikl:Cnot6l:4950.0:89fff2addb29167f,2,True
12a8a8f47af955e5,1,mikl_gse173098|mikl_gse173098|neurite_soma_mpra|GFP 3UTR MPRA|CAD|mikl:Cnot6l:2850.0:60e3a15da970041d,mikl_gse173098|mikl_gse173098|neurite_soma_mpra|GFP 3UTR MPRA|Neuro-2a|mikl:Cnot6l:2850.0:60e3a15da970041d,2,False
12a8a8f47af955e5,1,mikl_gse173098|mikl_gse173098|neurite_soma_mpra|GFP 3UTR MPRA|CAD|mikl:Cnot6l:4050.0:b207e6c618e551a1,mikl_gse173098|mikl_gse173098|neurite_soma_mpra|GFP 3UTR MPRA|Neuro-2a|mikl:Cnot6l:4050.0:b207e6c618e551a1,2,False
12a8a8f47af955e5,1,mikl_gse173098|mikl_gse173098|neurite_soma_mpra|GFP 3UTR MPRA|CAD|mikl:Cnot6l:2250.0:b0aa89b9226602b6,mikl_gse173098|mikl_gse173098|neurite_soma_mpra|GFP 3UTR MPRA|Neuro-2a|mikl:Cnot6l:2250.0:b0aa89b9226602b6,3,False
12a8a8f47af955e5,1,mikl_gse173098|mikl_gse173098|neurite_soma_mpra|GFP 3UTR MPRA|CAD|mikl:Cnot6l:0.0:65f6f0e0f31618ca,mikl_gse173098|mikl_gse173098|neurite_soma_mpra|GFP 3UTR MPRA|Neuro-2a|mikl:Cnot6l:0.0:65f6f0e0f31618ca,3,False
12a8a8f47af955e5,1,mikl_gse173098|mikl_gse173098|neurite_soma_mpra|GFP 3UTR MPRA|CAD|mikl:Cnot6l:1850.0:174de7f872e86ce9,mikl_gse173098|mikl_gse173098|neurite_soma_mpra|GFP 3UTR MPRA|Neuro-2a|mikl:Cnot6l:1850.0:174de7f872e86ce9,3,False
12a8a8f47af955e5,1,mikl_gse173098|mikl_gse173098|neurite_soma_mpra|GFP 3UTR MPRA|CAD|mikl:Cnot6l:3500.0:787a1aa2fadef871,mikl_gse173098|mikl_gse173098|neurite_soma_mpra|GFP 3UTR MPRA|Neuro-2a|mikl:Cnot6l:3500.0:787a1aa2fadef871,2,False
12a8a8f47af955e5,1,mikl_gse173098|mikl_gse173098|neurite_soma_mpra|GFP 3UTR MPRA|CAD|mikl:Cnot6l:2400.0:c88c74cfe697a3c2,mikl_gse173098|mikl_gse173098|neurite_soma_mpra|GFP 3UTR MPRA|Neuro-2a|mikl:Cnot6l:2400.0:c88c74cfe697a3c2,5,False
12a8a8f47af955e5,1,mikl_gse173098|mikl_gse173098|neurite_soma_mpra|GFP 3UTR MPRA|CAD|mikl:Cnot6l:2300.0:cc8e7cef9aa2e507,mikl_gse173098|mikl_gse173098|neurite_soma_mpra|GFP 3UTR MPRA|Neuro-2a|mikl:Cnot6l:2300.0:cc8e7cef9aa2e507,6,False
12a8a8f47af955e5,1,mikl_gse173098|mikl_gse173098|neurite_soma_mpra|GFP 3UTR MPRA|CAD|mikl:Cnot6l:100.0:431b6d681ff18dbc,mikl_gse173098|mikl_gse173098|neurite_soma_mpra|GFP 3UTR MPRA|Neuro-2a|mikl:Cnot6l:100.0:431b6d681ff18dbc,2,False
12a8a8f47af955e5,1,mikl_gse173098|mikl_gse173098|neurite_soma_mpra|GFP 3UTR MPRA|CAD|mikl:Cnot6l:6000.0:e7fba27541c0f6b3,mikl_gse173098|mikl_gse173098|neurite_soma_mpra|GFP 3UTR MPRA|Neuro-2a|mikl:Cnot6l:6000.0:e7fba27541c0f6b3,3,False
12a8a8f47af955e5,1,mikl_gse173098|mikl_gse173098|neurite_soma_mpra|GFP 3UTR MPRA|CAD|mikl:Cnot6l:2500.0:912f9eaf35a25ecd,mikl_gse173098|mikl_gse173098|neurite_soma_mpra|GFP 3UTR MPRA|Neuro-2a|mikl:Cnot6l:2500.0:912f9eaf35a25ecd,2,True
12a8a8f47af955e5,1,mikl_gse173098|mikl_gse173098|neurite_soma_mpra|GFP 3UTR MPRA|CAD|mikl:Cnot6l:5750.0:ce9bed38275b6d50,mikl_gse173098|mikl_gse173098|neurite_soma_mpra|GFP 3UTR MPRA|Neuro-2a|mikl:Cnot6l:5750.0:ce9bed38275b6d50,3,False
12a8a8f47af955e5,1,mikl_gse173098|mikl_gse173098|neurite_soma_mpra|GFP 3UTR MPRA|CAD|mikl:Cnot6l:1500.0:09f2ce1f4a8e56af,mikl_gse173098|mikl_gse173098|neurite_soma_mpra|GFP 3UTR MPRA|Neuro-2a|mikl:Cnot6l:1500.0:09f2ce1f4a8e56af,2,True
12a8a8f47af955e5,1,mikl_gse173098|mikl_gse173098|neurite_soma_mpra|GFP 3UTR MPRA|CAD|mikl:Cnot6l:2800.0:68604cd424949993,mikl_gse173098|mikl_gse173098|neurite_soma_mpra|GFP 3UTR MPRA|Neuro-2a|mikl:Cnot6l:2800.0:68604cd424949993,2,False
12a8a8f47af955e5,1,mikl_gse173098|mikl_gse173098|neurite_soma_mpra|GFP 3UTR MPRA|CAD|mikl:Cnot6l:2100.0:d6b018d07b80dd2a,mikl_gse173098|mikl_gse173098|neurite_soma_mpra|GFP 3UTR MPRA|Neuro-2a|mikl:Cnot6l:2100.0:d6b018d07b80dd2a,3,False
12a8a8f47af955e5,1,mikl_gse173098|mikl_gse173098|neurite_soma_mpra|GFP 3UTR MPRA|CAD|mikl:Cnot6l:2950.0:272325bc9df132d3,mikl_gse173098|mikl_gse173098|neurite_soma_mpra|GFP 3UTR MPRA|Neuro-2a|mikl:Cnot6l:2950.0:272325bc9df132d3,6,False
12a8a8f47af955e5,1,mikl_gse173098|mikl_gse173098|neurite_soma_mpra|GFP 3UTR MPRA|CAD|mikl:Cnot6l:4550.0:a0481b979dcacf2e,mikl_gse173098|mikl_gse173098|neurite_soma_mpra|GFP 3UTR MPRA|Neuro-2a|mikl:Cnot6l:4550.0:a0481b979dcacf2e,2,False
12a8a8f47af955e5,1,mikl_gse173098|mikl_gse173098|neurite_soma_mpra|GFP 3UTR MPRA|CAD|mikl:Cnot6l:2250.0:6b8ba2f14d7a28ad,mikl_gse173098|mikl_gse173098|neurite_soma_mpra|GFP 3UTR MPRA|Neuro-2a|mikl:Cnot6l:2250.0:6b8ba2f14d7a28ad,5,False
12a8a8f47af955e5,1,mikl_gse173098|mikl_gse173098|neurite_soma_mpra|GFP 3UTR MPRA|CAD|mikl:Cnot6l:4300.0:ad764de07b15350f,mikl_gse173098|mikl_gse173098|neurite_soma_mpra|GFP 3UTR MPRA|Neuro-2a|mikl:Cnot6l:4300.0:ad764de07b15350f,6,False
12a8a8f47af955e5,1,mikl_gse173098|mikl_gse173098|neurite_soma_mpra|GFP 3UTR MPRA|CAD|mikl:Cnot6l:5900.0:930f3f5add0416e5,mikl_gse173098|mikl_gse173098|neurite_soma_mpra|GFP 3UTR MPRA|Neuro-2a|mikl:Cnot6l:5900.0:930f3f5add0416e5,3,False
12a8a8f47af955e5,1,mikl_gse173098|mikl_gse173098|neurite_soma_mpra|GFP 3UTR MPRA|CAD|mikl:Cnot6l:50.0:840cb55bb43a7272,mikl_gse173098|mikl_gse173098|neurite_soma_mpra|GFP 3UTR MPRA|Neuro-2a|mikl:Cnot6l:50.0:840cb55bb43a7272,3,True
12a8a8f47af955e5,1,mikl_gse173098|mikl_gse173098|neurite_soma_mpra|GFP 3UTR MPRA|CAD|mikl:Cnot6l:5800.0:95ce18cfab4a3318,mikl_gse173098|mikl_gse173098|neurite_soma_mpra|GFP 3UTR MPRA|Neuro-2a|mikl:Cnot6l:5800.0:95ce18cfab4a3318,3,False
12a8a8f47af955e5,1,mikl_gse173098|mikl_gse173098|neurite_soma_mpra|GFP 3UTR MPRA|CAD|mikl:Cnot6l:700.0:ac84dd00b6156e1e,mikl_gse173098|mikl_gse173098|neurite_soma_mpra|GFP 3UTR MPRA|Neuro-2a|mikl:Cnot6l:700.0:ac84dd00b6156e1e,3,False
12a8a8f47af955e5,1,mikl_gse173098|mikl_gse173098|neurite_soma_mpra|GFP 3UTR MPRA|CAD|mikl:Cnot6l:2600.0:d106662636d45894,mikl_gse173098|mikl_gse173098|neurite_soma_mpra|GFP 3UTR MPRA|Neuro-2a|mikl:Cnot6l:2600.0:d106662636d45894,2,False
12a8a8f47af955e5,1,mikl_gse173098|mikl_gse173098|neurite_soma_mpra|GFP 3UTR MPRA|CAD|mikl:Cnot6l:3400.0:df0d91d5c8ffde0a,mikl_gse173098|mikl_gse173098|neurite_soma_mpra|GFP 3UTR MPRA|Neuro-2a|mikl:Cnot6l:3400.0:df0d91d5c8ffde0a,6,False
12a8a8f47af955e5,1,mikl_gse173098|mikl_gse173098|neurite_soma_mpra|GFP 3UTR MPRA|CAD|mikl:Cnot6l:2350.0:36ef76f1746b72d9,mikl_gse173098|mikl_gse173098|neurite_soma_mpra|GFP 3UTR MPRA|Neuro-2a|mikl:Cnot6l:2350.0:36ef76f1746b72d9,9,False
12a8a8f47af955e5,1,mikl_gse173098|mikl_gse173098|neurite_soma_mpra|GFP 3UTR MPRA|CAD|mikl:Cnot6l:2600.0:51ffc88b6c36d7b7,mikl_gse173098|mikl_gse173098|neurite_soma_mpra|GFP 3UTR MPRA|Neuro-2a|mikl:Cnot6l:2600.0:51ffc88b6c36d7b7,2,True
12a8a8f47af955e5,1,mikl_gse173098|mikl_gse173098|neurite_soma_mpra|GFP 3UTR MPRA|CAD|mikl:Cnot6l:1500.0:5033ea1ad486c8a7,mikl_gse173098|mikl_gse173098|neurite_soma_mpra|GFP 3UTR MPRA|Neuro-2a|mikl:Cnot6l:1500.0:5033ea1ad486c8a7,6,False
13ce20f4aa4e1f54,1,mikl_gse173098|mikl_gse173098|neurite_soma_mpra|GFP 3UTR MPRA|CAD|mikl:Cd84:650.0:d78b0123324ee639,mikl_gse173098|mikl_gse173098|neurite_soma_mpra|GFP 3UTR MPRA|Neuro-2a|mikl:Cd84:650.0:d78b0123324ee639,2,False
13ce20f4aa4e1f54,1,mikl_gse173098|mikl_gse173098|neurite_soma_mpra|GFP 3UTR MPRA|CAD|mikl:Cd84:600.0:9f2794cf1554347d,mikl_gse173098|mikl_gse173098|neurite_soma_mpra|GFP 3UTR MPRA|Neuro-2a|mikl:Cd84:600.0:9f2794cf1554347d,2,False
13ce20f4aa4e1f54,1,mikl_gse173098|mikl_gse173098|neurite_soma_mpra|GFP 3UTR MPRA|CAD|mikl:Cd84:550.0:aff403a015819b36,mikl_gse173098|mikl_gse173098|neurite_soma_mpra|GFP 3UTR MPRA|Neuro-2a|mikl:Cd84:550.0:aff403a015819b36,2,False
13ce20f4aa4e1f54,1,mikl_gse173098|mikl_gse173098|neurite_soma_mpra|GFP 3UTR MPRA|CAD|mikl:Cd84:2300.0:070efb75a5116980,mikl_gse173098|mikl_gse173098|neurite_soma_mpra|GFP 3UTR MPRA|Neuro-2a|mikl:Cd84:2300.0:070efb75a5116980,2,False
13ce20f4aa4e1f54,1,mikl_gse173098|mikl_gse173098|neurite_soma_mpra|GFP 3UTR MPRA|CAD|mikl:Cd84:1750.0:56245d95af30a0e7,mikl_gse173098|mikl_gse173098|neurite_soma_mpra|GFP 3UTR MPRA|Neuro-2a|mikl:Cd84:1750.0:56245d95af30a0e7,3,True
13ce20f4aa4e1f54,1,mikl_gse173098|mikl_gse173098|neurite_soma_mpra|GFP 3UTR MPRA|CAD|mikl:Cd84:750.0:24aa1e6752a34610,mikl_gse173098|mikl_gse173098|neurite_soma_mpra|GFP 3UTR MPRA|Neuro-2a|mikl:Cd84:750.0:24aa1e6752a34610,2,False
13ce20f4aa4e1f54,1,mikl_gse173098|mikl_gse173098|neurite_soma_mpra|GFP 3UTR MPRA|CAD|mikl:Cd84:0.0:38576291e7cf6e2b,mikl_gse173098|mikl_gse173098|neurite_soma_mpra|GFP 3UTR MPRA|Neuro-2a|mikl:Cd84:0.0:38576291e7cf6e2b,2,False
13ce20f4aa4e1f54,1,mikl_gse173098|mikl_gse173098|neurite_soma_mpra|GFP 3UTR MPRA|CAD|mikl:Cd84:1800.0:321905c129ea4b32,mikl_gse173098|mikl_gse173098|neurite_soma_mpra|GFP 3UTR MPRA|Neuro-2a|mikl:Cd84:1800.0:321905c129ea4b32,2,True
13ce20f4aa4e1f54,1,mikl_gse173098|mikl_gse173098|neurite_soma_mpra|GFP 3UTR MPRA|CAD|mikl:Cd84:2350.0:551370ea15715c34,mikl_gse173098|mikl_gse173098|neurite_soma_mpra|GFP 3UTR MPRA|Neuro-2a|mikl:Cd84:2350.0:551370ea15715c34,2,False
13ce20f4aa4e1f54,1,mikl_gse173098|mikl_gse173098|neurite_soma_mpra|GFP 3UTR MPRA|CAD|mikl:Cd84:1700.0:31f9b9f1ac2e908e,mikl_gse173098|mikl_gse173098|neurite_soma_mpra|GFP 3UTR MPRA|Neuro-2a|mikl:Cd84:1700.0:31f9b9f1ac2e908e,3,True
13ce20f4aa4e1f54,1,mikl_gse173098|mikl_gse173098|neurite_soma_mpra|GFP 3UTR MPRA|CAD|mikl:Cd84:50.0:649af93ef490bc42,mikl_gse173098|mikl_gse173098|neurite_soma_mpra|GFP 3UTR MPRA|Neuro-2a|mikl:Cd84:50.0:649af93ef490bc42,2,False
13ce20f4aa4e1f54,1,mikl_gse173098|mikl_gse173098|neurite_soma_mpra|GFP 3UTR MPRA|CAD|mikl:Cd84:700.0:8c2553a6d3b3b292,mikl_gse173098|mikl_gse173098|neurite_soma_mpra|GFP 3UTR MPRA|Neuro-2a|mikl:Cd84:700.0:8c2553a6d3b3b292,2,True
1404937f4b28b6a6,1,mikl_gse173098|mikl_gse173098|neurite_soma_mpra|GFP 3UTR MPRA|CAD|mikl:Ccnd1:850.0:d39a99a413606bcb,mikl_gse173098|mikl_gse173098|neurite_soma_mpra|GFP 3UTR MPRA|Neuro-2a|mikl:Ccnd1:850.0:d39a99a413606bcb,2,True
1404937f4b28b6a6,1,mikl_gse173098|mikl_gse173098|neurite_soma_mpra|GFP 3UTR MPRA|CAD|mikl:Ccnd1:1600.0:55e79be985d4a95a,mikl_gse173098|mikl_gse173098|neurite_soma_mpra|GFP 3UTR MPRA|Neuro-2a|mikl:Ccnd1:1600.0:55e79be985d4a95a,2,False
1404937f4b28b6a6,1,mikl_gse173098|mikl_gse173098|neurite_soma_mpra|GFP 3UTR MPRA|CAD|mikl:Ccnd1:50.0:e4005f2b74af82bb,mikl_gse173098|mikl_gse173098|neurite_soma_mpra|GFP 3UTR MPRA|Neuro-2a|mikl:Ccnd1:50.0:e4005f2b74af82bb,3,False
1404937f4b28b6a6,1,mikl_gse173098|mikl_gse173098|neurite_soma_mpra|GFP 3UTR MPRA|CAD|mikl:Ccnd1:950.0:984d1203031230ca,mikl_gse173098|mikl_gse173098|neurite_soma_mpra|GFP 3UTR MPRA|Neuro-2a|mikl:Ccnd1:950.0:984d1203031230ca,4,False
1404937f4b28b6a6,1,mikl_gse173098|mikl_gse173098|neurite_soma_mpra|GFP 3UTR MPRA|CAD|mikl:Ccnd1:1000.0:a85c2f5bc361bae3,mikl_gse173098|mikl_gse173098|neurite_soma_mpra|GFP 3UTR MPRA|Neuro-2a|mikl:Ccnd1:1000.0:a85c2f5bc361bae3,2,False
1404937f4b28b6a6,1,mikl_gse173098|mikl_gse173098|neurite_soma_mpra|GFP 3UTR MPRA|CAD|mikl:Ccnd1:1350.0:5d3a1f471fca16e7,mikl_gse173098|mikl_gse173098|neurite_soma_mpra|GFP 3UTR MPRA|Neuro-2a|mikl:Ccnd1:1350.0:5d3a1f471fca16e7,2,True
1404937f4b28b6a6,1,mikl_gse173098|mikl_gse173098|neurite_soma_mpra|GFP 3UTR MPRA|CAD|mikl:Ccnd1:1650.0:82bd9971e46321b1,mikl_gse173098|mikl_gse173098|neurite_soma_mpra|GFP 3UTR MPRA|Neuro-2a|mikl:Ccnd1:1650.0:82bd9971e46321b1,2,False
1404937f4b28b6a6,1,mikl_gse173098|mikl_gse173098|neurite_soma_mpra|GFP 3UTR MPRA|CAD|mikl:Ccnd1:2350.0:ba2ebb7d6241dd89,mikl_gse173098|mikl_gse173098|neurite_soma_mpra|GFP 3UTR MPRA|Neuro-2a|mikl:Ccnd1:2350.0:ba2ebb7d6241dd89,2,True
1404937f4b28b6a6,1,mikl_gse173098|mikl_gse173098|neurite_soma_mpra|GFP 3UTR MPRA|CAD|mikl:Ccnd1:0.0:0dd89b3a621bf0db,mikl_gse173098|mikl_gse173098|neurite_soma_mpra|GFP 3UTR MPRA|Neuro-2a|mikl:Ccnd1:0.0:0dd89b3a621bf0db,2,False
1404937f4b28b6a6,1,mikl_gse173098|mikl_gse173098|neurite_soma_mpra|GFP 3UTR MPRA|CAD|mikl:Ccnd1:900.0:1e8e08f60da74b6e,mikl_gse173098|mikl_gse173098|neurite_soma_mpra|GFP 3UTR MPRA|Neuro-2a|mikl:Ccnd1:900.0:1e8e08f60da74b6e,4,False
1404937f4b28b6a6,1,mikl_gse173098|mikl_gse173098|neurite_soma_mpra|GFP 3UTR MPRA|CAD|mikl:Ccnd1:100.0:a92d1ccb3a47f9bc,mikl_gse173098|mikl_gse173098|neurite_soma_mpra|GFP 3UTR MPRA|Neuro-2a|mikl:Ccnd1:100.0:a92d1ccb3a47f9bc,2,False
1404937f4b28b6a6,1,mikl_gse173098|mikl_gse173098|neurite_soma_mpra|GFP 3UTR MPRA|CAD|mikl:Ccnd1:2400.0:e33b0dc11c06a2bf,mikl_gse173098|mikl_gse173098|neurite_soma_mpra|GFP 3UTR MPRA|Neuro-2a|mikl:Ccnd1:2400.0:e33b0dc11c06a2bf,2,True
1404937f4b28b6a6,1,mikl_gse173098|mikl_gse173098|neurite_soma_mpra|GFP 3UTR MPRA|CAD|mikl:Ccnd1:1400.0:19347854138845ff,mikl_gse173098|mikl_gse173098|neurite_soma_mpra|GFP 3UTR MPRA|Neuro-2a|mikl:Ccnd1:1400.0:19347854138845ff,2,True
1404937f4b28b6a6,1,mikl_gse173098|mikl_gse173098|neurite_soma_mpra|GFP 3UTR MPRA|CAD|mikl:Ccnd1:2450.0:36a521bfae4800f0,mikl_gse173098|mikl_gse173098|neurite_soma_mpra|GFP 3UTR MPRA|Neuro-2a|mikl:Ccnd1:2450.0:36a521bfae4800f0,2,True
1404937f4b28b6a6,1,mikl_gse173098|mikl_gse173098|neurite_soma_mpra|GFP 3UTR MPRA|CAD|mikl:Ccnd1:400.0:de81f47c5f94ea34,mikl_gse173098|mikl_gse173098|neurite_soma_mpra|GFP 3UTR MPRA|Neuro-2a|mikl:Ccnd1:400.0:de81f47c5f94ea34,2,True
1404937f4b28b6a6,1,mikl_gse173098|mikl_gse173098|neurite_soma_mpra|GFP 3UTR MPRA|CAD|mikl:Ccnd1:150.0:ae5b7b2e2ef4bf75,mikl_gse173098|mikl_gse173098|neurite_soma_mpra|GFP 3UTR MPRA|Neuro-2a|mikl:Ccnd1:150.0:ae5b7b2e2ef4bf75,2,True
1aae748cd8d35e98,2,mikl_gse173098|mikl_gse173098|neurite_soma_mpra|GFP 3UTR MPRA|CAD|mikl:Map1a:1900.0:1c865e7103640b10,mikl_gse173098|mikl_gse173098|neurite_soma_mpra|GFP 3UTR MPRA|Neuro-2a|mikl:Map1a:1900.0:1c865e7103640b10,2,False
1aae748cd8d35e98,2,mikl_gse173098|mikl_gse173098|neurite_soma_mpra|GFP 3UTR MPRA|CAD|mikl:Map1a:1200.0:3ace77496bd71fa3,mikl_gse173098|mikl_gse173098|neurite_soma_mpra|GFP 3UTR MPRA|Neuro-2a|mikl:Map1a:1200.0:3ace77496bd71fa3,2,True
1aae748cd8d35e98,2,mikl_gse173098|mikl_gse173098|neurite_soma_mpra|GFP 3UTR MPRA|CAD|mikl:Map1a:2300.0:0ff392bade3b5c8f,mikl_gse173098|mikl_gse173098|neurite_soma_mpra|GFP 3UTR MPRA|Neuro-2a|mikl:Map1a:2300.0:0ff392bade3b5c8f,2,True
1aae748cd8d35e98,2,mikl_gse173098|mikl_gse173098|neurite_soma_mpra|GFP 3UTR MPRA|CAD|mikl:Map1a:1100.0:e8176087178fa136,mikl_gse173098|mikl_gse173098|neurite_soma_mpra|GFP 3UTR MPRA|Neuro-2a|mikl:Map1a:1100.0:e8176087178fa136,4,False
1aae748cd8d35e98,2,mikl_gse173098|mikl_gse173098|neurite_soma_mpra|GFP 3UTR MPRA|CAD|mikl:Map1a:900.0:aac156a582864bfc,mikl_gse173098|mikl_gse173098|neurite_soma_mpra|GFP 3UTR MPRA|Neuro-2a|mikl:Map1a:900.0:aac156a582864bfc,2,True
1aae748cd8d35e98,2,mikl_gse173098|mikl_gse173098|neurite_soma_mpra|GFP 3UTR MPRA|CAD|mikl:Map1a:1800.0:b9f461b6edf5208a,mikl_gse173098|mikl_gse173098|neurite_soma_mpra|GFP 3UTR MPRA|Neuro-2a|mikl:Map1a:1800.0:b9f461b6edf5208a,2,False
1aae748cd8d35e98,2,mikl_gse173098|mikl_gse173098|neurite_soma_mpra|GFP 3UTR MPRA|CAD|mikl:Map1a:850.0:76861cd2db52fc11,mikl_gse173098|mikl_gse173098|neurite_soma_mpra|GFP 3UTR MPRA|Neuro-2a|mikl:Map1a:850.0:76861cd2db52fc11,2,True
1aae748cd8d35e98,2,mikl_gse173098|mikl_gse173098|neurite_soma_mpra|GFP 3UTR MPRA|CAD|mikl:Map1a:1450.0:933a24b00a98c8c3,mikl_gse173098|mikl_gse173098|neurite_soma_mpra|GFP 3UTR MPRA|Neuro-2a|mikl:Map1a:1450.0:933a24b00a98c8c3,2,False
1aae748cd8d35e98,2,mikl_gse173098|mikl_gse173098|neurite_soma_mpra|GFP 3UTR MPRA|CAD|mikl:Map1a:150.0:b22a8fa99912cfac,mikl_gse173098|mikl_gse173098|neurite_soma_mpra|GFP 3UTR MPRA|Neuro-2a|mikl:Map1a:150.0:b22a8fa99912cfac,2,False
1aae748cd8d35e98,2,mikl_gse173098|mikl_gse173098|neurite_soma_mpra|GFP 3UTR MPRA|CAD|mikl:Map1a:200.0:15eed7f57a7a2780,mikl_gse173098|mikl_gse173098|neurite_soma_mpra|GFP 3UTR MPRA|Neuro-2a|mikl:Map1a:200.0:15eed7f57a7a2780,2,True
1aae748cd8d35e98,2,mikl_gse173098|mikl_gse173098|neurite_soma_mpra|GFP 3UTR MPRA|CAD|mikl:Map1a:1050.0:e3a94e62ca730601,mikl_gse173098|mikl_gse173098|neurite_soma_mpra|GFP 3UTR MPRA|Neuro-2a|mikl:Map1a:1050.0:e3a94e62ca730601,5,False
1aae748cd8d35e98,2,mikl_gse173098|mikl_gse173098|neurite_soma_mpra|GFP 3UTR MPRA|CAD|mikl:Map1a:1150.0:935564cfaedbb32d,mikl_gse173098|mikl_gse173098|neurite_soma_mpra|GFP 3UTR MPRA|Neuro-2a|mikl:Map1a:1150.0:935564cfaedbb32d,4,False
1aae748cd8d35e98,2,mikl_gse173098|mikl_gse173098|neurite_soma_mpra|GFP 3UTR MPRA|CAD|mikl:Map1a:1000.0:8b420c3479ae733e,mikl_gse173098|mikl_gse173098|neurite_soma_mpra|GFP 3UTR MPRA|Neuro-2a|mikl:Map1a:1000.0:8b420c3479ae733e,5,False
1aae748cd8d35e98,2,mikl_gse173098|mikl_gse173098|neurite_soma_mpra|GFP 3UTR MPRA|CAD|mikl:Map1a:1500.0:5272673cd932155d,mikl_gse173098|mikl_gse173098|neurite_soma_mpra|GFP 3UTR MPRA|Neuro-2a|mikl:Map1a:1500.0:5272673cd932155d,2,False
1aae748cd8d35e98,2,mikl_gse173098|mikl_gse173098|neurite_soma_mpra|GFP 3UTR MPRA|CAD|mikl:Map1a:1600.0:f9e992e32171ec60,mikl_gse173098|mikl_gse173098|neurite_soma_mpra|GFP 3UTR MPRA|Neuro-2a|mikl:Map1a:1600.0:f9e992e32171ec60,2,True
1aae748cd8d35e98,2,mikl_gse173098|mikl_gse173098|neurite_soma_mpra|GFP 3UTR MPRA|CAD|mikl:Map1a:2200.0:8ec1231b5c68f651,mikl_gse173098|mikl_gse173098|neurite_soma_mpra|GFP 3UTR MPRA|Neuro-2a|mikl:Map1a:2200.0:8ec1231b5c68f651,2,False
1aae748cd8d35e98,2,mikl_gse173098|mikl_gse173098|neurite_soma_mpra|GFP 3UTR MPRA|CAD|mikl:Map1a:1400.0:35552d932901f191,mikl_gse173098|mikl_gse173098|neurite_soma_mpra|GFP 3UTR MPRA|Neuro-2a|mikl:Map1a:1400.0:35552d932901f191,2,False
1aae748cd8d35e98,2,mikl_gse173098|mikl_gse173098|neurite_soma_mpra|GFP 3UTR MPRA|CAD|mikl:Map1a:950.0:4c17fb5e97c805e3,mikl_gse173098|mikl_gse173098|neurite_soma_mpra|GFP 3UTR MPRA|Neuro-2a|mikl:Map1a:950.0:4c17fb5e97c805e3,5,False
1aae748cd8d35e98,2,mikl_gse173098|mikl_gse173098|neurite_soma_mpra|GFP 3UTR MPRA|CAD|mikl:Map1a:1850.0:f5b699100dd6371f,mikl_gse173098|mikl_gse173098|neurite_soma_mpra|GFP 3UTR MPRA|Neuro-2a|mikl:Map1a:1850.0:f5b699100dd6371f,2,False
1c3b9ec9a9c90018,1,mikl_gse173098|mikl_gse173098|neurite_soma_mpra|GFP 3UTR MPRA|CAD|mikl:Disp2:1000.0:b9e3f608a53edb2b,mikl_gse173098|mikl_gse173098|neurite_soma_mpra|GFP 3UTR MPRA|Neuro-2a|mikl:Disp2:1000.0:b9e3f608a53edb2b,2,False
1c3b9ec9a9c90018,1,mikl_gse173098|mikl_gse173098|neurite_soma_mpra|GFP 3UTR MPRA|CAD|mikl:Disp2:50.0:afea2886c0560a1d,mikl_gse173098|mikl_gse173098|neurite_soma_mpra|GFP 3UTR MPRA|Neuro-2a|mikl:Disp2:50.0:afea2886c0560a1d,2,True
1c3b9ec9a9c90018,1,mikl_gse173098|mikl_gse173098|neurite_soma_mpra|GFP 3UTR MPRA|CAD|mikl:Disp2:150.0:d943868a9d7a4129,mikl_gse173098|mikl_gse173098|neurite_soma_mpra|GFP 3UTR MPRA|Neuro-2a|mikl:Disp2:150.0:d943868a9d7a4129,3,False
1c3b9ec9a9c90018,1,mikl_gse173098|mikl_gse173098|neurite_soma_mpra|GFP 3UTR MPRA|CAD|mikl:Disp2:50.0:60cc8326db164cd9,mikl_gse173098|mikl_gse173098|neurite_soma_mpra|GFP 3UTR MPRA|Neuro-2a|mikl:Disp2:50.0:60cc8326db164cd9,3,False
1c3b9ec9a9c90018,1,mikl_gse173098|mikl_gse173098|neurite_soma_mpra|GFP 3UTR MPRA|CAD|mikl:Disp2:100.0:b06aaf771c4aafe0,mikl_gse173098|mikl_gse173098|neurite_soma_mpra|GFP 3UTR MPRA|Neuro-2a|mikl:Disp2:100.0:b06aaf771c4aafe0,3,False
1c3b9ec9a9c90018,1,mikl_gse173098|mikl_gse173098|neurite_soma_mpra|GFP 3UTR MPRA|CAD|mikl:Disp2:1050.0:2e3c8830d731fe16,mikl_gse173098|mikl_gse173098|neurite_soma_mpra|GFP 3UTR MPRA|Neuro-2a|mikl:Disp2:1050.0:2e3c8830d731fe16,2,True
1c3b9ec9a9c90018,1,mikl_gse173098|mikl_gse173098|neurite_soma_mpra|GFP 3UTR MPRA|CAD|mikl:Disp2:1100.0:c753658abed0d4ed,mikl_gse173098|mikl_gse173098|neurite_soma_mpra|GFP 3UTR MPRA|Neuro-2a|mikl:Disp2:1100.0:c753658abed0d4ed,2,True
1c3b9ec9a9c90018,1,mikl_gse173098|mikl_gse173098|neurite_soma_mpra|GFP 3UTR MPRA|CAD|mikl:Disp2:900.0:382fa547a0f46ab8,mikl_gse173098|mikl_gse173098|neurite_soma_mpra|GFP 3UTR MPRA|Neuro-2a|mikl:Disp2:900.0:382fa547a0f46ab8,2,True
1c3b9ec9a9c90018,1,mikl_gse173098|mikl_gse173098|neurite_soma_mpra|GFP 3UTR MPRA|CAD|mikl:Disp2:1150.0:3eeee90577c87478,mikl_gse173098|mikl_gse173098|neurite_soma_mpra|GFP 3UTR MPRA|Neuro-2a|mikl:Disp2:1150.0:3eeee90577c87478,2,True
1c3b9ec9a9c90018,1,mikl_gse173098|mikl_gse173098|neurite_soma_mpra|GFP 3UTR MPRA|CAD|mikl:Disp2:1250.0:b760e4bafd5245b7,mikl_gse173098|mikl_gse173098|neurite_soma_mpra|GFP 3UTR MPRA|Neuro-2a|mikl:Disp2:1250.0:b760e4bafd5245b7,2,False
1c3b9ec9a9c90018,1,mikl_gse173098|mikl_gse173098|neurite_soma_mpra|GFP 3UTR MPRA|CAD|mikl:Disp2:0.0:b977c311091e3f9a,mikl_gse173098|mikl_gse173098|neurite_soma_mpra|GFP 3UTR MPRA|Neuro-2a|mikl:Disp2:0.0:b977c311091e3f9a,2,False
1c3b9ec9a9c90018,1,mikl_gse173098|mikl_gse173098|neurite_soma_mpra|GFP 3UTR MPRA|CAD|mikl:Disp2:950.0:35266a2328d161f4,mikl_gse173098|mikl_gse173098|neurite_soma_mpra|GFP 3UTR MPRA|Neuro-2a|mikl:Disp2:950.0:35266a2328d161f4,4,False
1c3b9ec9a9c90018,1,mikl_gse173098|mikl_gse173098|neurite_soma_mpra|GFP 3UTR MPRA|CAD|mikl:Disp2:500.0:a846f190ffbc264e,mikl_gse173098|mikl_gse173098|neurite_soma_mpra|GFP 3UTR MPRA|Neuro-2a|mikl:Disp2:500.0:a846f190ffbc264e,2,False
1c3b9ec9a9c90018,1,mikl_gse173098|mikl_gse173098|neurite_soma_mpra|GFP 3UTR MPRA|CAD|mikl:Disp2:1300.0:1c388f47d7c26c0b,mikl_gse173098|mikl_gse173098|neurite_soma_mpra|GFP 3UTR MPRA|Neuro-2a|mikl:Disp2:1300.0:1c388f47d7c26c0b,2,False
1c3b9ec9a9c90018,1,mikl_gse173098|mikl_gse173098|neurite_soma_mpra|GFP 3UTR MPRA|CAD|mikl:Disp2:450.0:a1a0b8d357266a9e,mikl_gse173098|mikl_gse173098|neurite_soma_mpra|GFP 3UTR MPRA|Neuro-2a|mikl:Disp2:450.0:a1a0b8d357266a9e,3,False
1c3b9ec9a9c90018,1,mikl_gse173098|mikl_gse173098|neurite_soma_mpra|GFP 3UTR MPRA|CAD|mikl:Disp2:400.0:525c38a1446f217f,mikl_gse173098|mikl_gse173098|neurite_soma_mpra|GFP 3UTR MPRA|Neuro-2a|mikl:Disp2:400.0:525c38a1446f217f,3,False
1c3b9ec9a9c90018,1,mikl_gse173098|mikl_gse173098|neurite_soma_mpra|GFP 3UTR MPRA|CAD|mikl:Disp2:1700.0:6c69d3b7f65294ab,mikl_gse173098|mikl_gse173098|neurite_soma_mpra|GFP 3UTR MPRA|Neuro-2a|mikl:Disp2:1700.0:6c69d3b7f65294ab,2,False
1ca59178072f8e89,2,mikl_gse173098|mikl_gse173098|neurite_soma_mpra|GFP 3UTR MPRA|CAD|mikl:Nnat:150.0:1a53d3dd27fbc320,mikl_gse173098|mikl_gse173098|neurite_soma_mpra|GFP 3UTR MPRA|Neuro-2a|mikl:Nnat:150.0:1a53d3dd27fbc320,3,False
1ca59178072f8e89,2,mikl_gse173098|mikl_gse173098|neurite_soma_mpra|GFP 3UTR MPRA|CAD|mikl:Nnat:150.0:ec767c69de138539,mikl_gse173098|mikl_gse173098|neurite_soma_mpra|GFP 3UTR MPRA|Neuro-2a|mikl:Nnat:150.0:ec767c69de138539,3,True
1ca59178072f8e89,2,mikl_gse173098|mikl_gse173098|neurite_soma_mpra|GFP 3UTR MPRA|CAD|mikl:Nnat:400.0:23232dcdcd063f4e,mikl_gse173098|mikl_gse173098|neurite_soma_mpra|GFP 3UTR MPRA|Neuro-2a|mikl:Nnat:400.0:23232dcdcd063f4e,3,False
1ca59178072f8e89,2,mikl_gse173098|mikl_gse173098|neurite_soma_mpra|GFP 3UTR MPRA|CAD|mikl:Nnat:350.0:f197b5bff082e219,mikl_gse173098|mikl_gse173098|neurite_soma_mpra|GFP 3UTR MPRA|Neuro-2a|mikl:Nnat:350.0:f197b5bff082e219,4,False
1ca59178072f8e89,2,mikl_gse173098|mikl_gse173098|neurite_soma_mpra|GFP 3UTR MPRA|CAD|mikl:Nnat:450.0:e825f3ac0d221d6d,mikl_gse173098|mikl_gse173098|neurite_soma_mpra|GFP 3UTR MPRA|Neuro-2a|mikl:Nnat:450.0:e825f3ac0d221d6d,4,False
1ca59178072f8e89,2,mikl_gse173098|mikl_gse173098|neurite_soma_mpra|GFP 3UTR MPRA|CAD|mikl:Nnat:0.0:67eafa87233bc02a,mikl_gse173098|mikl_gse173098|neurite_soma_mpra|GFP 3UTR MPRA|Neuro-2a|mikl:Nnat:0.0:67eafa87233bc02a,2,True
1ca59178072f8e89,2,mikl_gse173098|mikl_gse173098|neurite_soma_mpra|GFP 3UTR MPRA|CAD|mikl:Nnat:200.0:2d80740344fddd0e,mikl_gse173098|mikl_gse173098|neurite_soma_mpra|GFP 3UTR MPRA|Neuro-2a|mikl:Nnat:200.0:2d80740344fddd0e,2,False
1cf8fcff984a5a66,0,mikl_gse173098|mikl_gse173098|neurite_soma_mpra|GFP 3UTR MPRA|CAD|mikl:Zbtb20:350.0:e85c9643706908fd,mikl_gse173098|mikl_gse173098|neurite_soma_mpra|GFP 3UTR MPRA|Neuro-2a|mikl:Zbtb20:350.0:e85c9643706908fd,3,True
1cf8fcff984a5a66,0,mikl_gse173098|mikl_gse173098|neurite_soma_mpra|GFP 3UTR MPRA|CAD|mikl:Zbtb20:13600.0:f1f204448ab920cd,mikl_gse173098|mikl_gse173098|neurite_soma_mpra|GFP 3UTR MPRA|Neuro-2a|mikl:Zbtb20:13600.0:f1f204448ab920cd,5,False
1cf8fcff984a5a66,0,mikl_gse173098|mikl_gse173098|neurite_soma_mpra|GFP 3UTR MPRA|CAD|mikl:Zbtb20:23050.0:58a0b89090b92418,mikl_gse173098|mikl_gse173098|neurite_soma_mpra|GFP 3UTR MPRA|Neuro-2a|mikl:Zbtb20:23050.0:58a0b89090b92418,3,False
1cf8fcff984a5a66,0,mikl_gse173098|mikl_gse173098|neurite_soma_mpra|GFP 3UTR MPRA|CAD|mikl:Zbtb20:950.0:abc09d136a88ce5a,mikl_gse173098|mikl_gse173098|neurite_soma_mpra|GFP 3UTR MPRA|Neuro-2a|mikl:Zbtb20:950.0:abc09d136a88ce5a,3,False
1cf8fcff984a5a66,0,mikl_gse173098|mikl_gse173098|neurite_soma_mpra|GFP 3UTR MPRA|CAD|mikl:Zbtb20:15500.0:e8a7680b048dc96f,mikl_gse173098|mikl_gse173098|neurite_soma_mpra|GFP 3UTR MPRA|Neuro-2a|mikl:Zbtb20:15500.0:e8a7680b048dc96f,2,True
1cf8fcff984a5a66,0,mikl_gse173098|mikl_gse173098|neurite_soma_mpra|GFP 3UTR MPRA|CAD|mikl:Zbtb20:13900.0:ad24fffe4e00ee61,mikl_gse173098|mikl_gse173098|neurite_soma_mpra|GFP 3UTR MPRA|Neuro-2a|mikl:Zbtb20:13900.0:ad24fffe4e00ee61,2,False
1cf8fcff984a5a66,0,mikl_gse173098|mikl_gse173098|neurite_soma_mpra|GFP 3UTR MPRA|CAD|mikl:Zbtb20:2650.0:0f33eb3e8017c2f4,mikl_gse173098|mikl_gse173098|neurite_soma_mpra|GFP 3UTR MPRA|Neuro-2a|mikl:Zbtb20:2650.0:0f33eb3e8017c2f4,2,False
1cf8fcff984a5a66,0,mikl_gse173098|mikl_gse173098|neurite_soma_mpra|GFP 3UTR MPRA|CAD|mikl:Zbtb20:22950.0:4a8ccc4ffa6608c2,mikl_gse173098|mikl_gse173098|neurite_soma_mpra|GFP 3UTR MPRA|Neuro-2a|mikl:Zbtb20:22950.0:4a8ccc4ffa6608c2,2,True
1cf8fcff984a5a66,0,mikl_gse173098|mikl_gse173098|neurite_soma_mpra|GFP 3UTR MPRA|CAD|mikl:Zbtb20:900.0:9f5cc0baab236d9b,mikl_gse173098|mikl_gse173098|neurite_soma_mpra|GFP 3UTR MPRA|Neuro-2a|mikl:Zbtb20:900.0:9f5cc0baab236d9b,3,False
1cf8fcff984a5a66,0,mikl_gse173098|mikl_gse173098|neurite_soma_mpra|GFP 3UTR MPRA|CAD|mikl:Zbtb20:5650.0:7c9ebb0ce77109dc,mikl_gse173098|mikl_gse173098|neurite_soma_mpra|GFP 3UTR MPRA|Neuro-2a|mikl:Zbtb20:5650.0:7c9ebb0ce77109dc,2,True
1cf8fcff984a5a66,0,mikl_gse173098|mikl_gse173098|neurite_soma_mpra|GFP 3UTR MPRA|CAD|mikl:Zbtb20:1100.0:387a12dc51a07e8e,mikl_gse173098|mikl_gse173098|neurite_soma_mpra|GFP 3UTR MPRA|Neuro-2a|mikl:Zbtb20:1100.0:387a12dc51a07e8e,2,True
1cf8fcff984a5a66,0,mikl_gse173098|mikl_gse173098|neurite_soma_mpra|GFP 3UTR MPRA|CAD|mikl:Zbtb20:5550.0:2b62ea621ee3d484,mikl_gse173098|mikl_gse173098|neurite_soma_mpra|GFP 3UTR MPRA|Neuro-2a|mikl:Zbtb20:5550.0:2b62ea621ee3d484,2,False
1cf8fcff984a5a66,0,mikl_gse173098|mikl_gse173098|neurite_soma_mpra|GFP 3UTR MPRA|CAD|mikl:Zbtb20:13850.0:848d061b112dd1d8,mikl_gse173098|mikl_gse173098|neurite_soma_mpra|GFP 3UTR MPRA|Neuro-2a|mikl:Zbtb20:13850.0:848d061b112dd1d8,2,True
1cf8fcff984a5a66,0,mikl_gse173098|mikl_gse173098|neurite_soma_mpra|GFP 3UTR MPRA|CAD|mikl:Zbtb20:23400.0:c8832404d79bf22d,mikl_gse173098|mikl_gse173098|neurite_soma_mpra|GFP 3UTR MPRA|Neuro-2a|mikl:Zbtb20:23400.0:c8832404d79bf22d,2,False
1cf8fcff984a5a66,0,mikl_gse173098|mikl_gse173098|neurite_soma_mpra|GFP 3UTR MPRA|CAD|mikl:Zbtb20:13550.0:2c38700b297f3e5a,mikl_gse173098|mikl_gse173098|neurite_soma_mpra|GFP 3UTR MPRA|Neuro-2a|mikl:Zbtb20:13550.0:2c38700b297f3e5a,6,False
1cf8fcff984a5a66,0,mikl_gse173098|mikl_gse173098|neurite_soma_mpra|GFP 3UTR MPRA|CAD|mikl:Zbtb20:3800.0:205e96428e4a35f8,mikl_gse173098|mikl_gse173098|neurite_soma_mpra|GFP 3UTR MPRA|Neuro-2a|mikl:Zbtb20:3800.0:205e96428e4a35f8,2,True
1cf8fcff984a5a66,0,mikl_gse173098|mikl_gse173098|neurite_soma_mpra|GFP 3UTR MPRA|CAD|mikl:Zbtb20:15400.0:4236348c0865eba8,mikl_gse173098|mikl_gse173098|neurite_soma_mpra|GFP 3UTR MPRA|Neuro-2a|mikl:Zbtb20:15400.0:4236348c0865eba8,2,True
1cf8fcff984a5a66,0,mikl_gse173098|mikl_gse173098|neurite_soma_mpra|GFP 3UTR MPRA|CAD|mikl:Zbtb20:7500.0:f34b36f98dbdb83b,mikl_gse173098|mikl_gse173098|neurite_soma_mpra|GFP 3UTR MPRA|Neuro-2a|mikl:Zbtb20:7500.0:f34b36f98dbdb83b,2,False
1cf8fcff984a5a66,0,mikl_gse173098|mikl_gse173098|neurite_soma_mpra|GFP 3UTR MPRA|CAD|mikl:Zbtb20:11700.0:7f509ca97f95d0a9,mikl_gse173098|mikl_gse173098|neurite_soma_mpra|GFP 3UTR MPRA|Neuro-2a|mikl:Zbtb20:11700.0:7f509ca97f95d0a9,2,True
1cf8fcff984a5a66,0,mikl_gse173098|mikl_gse173098|neurite_soma_mpra|GFP 3UTR MPRA|CAD|mikl:Zbtb20:6150.0:783b4c35b9b5a4d2,mikl_gse173098|mikl_gse173098|neurite_soma_mpra|GFP 3UTR MPRA|Neuro-2a|mikl:Zbtb20:6150.0:783b4c35b9b5a4d2,2,True
1cf8fcff984a5a66,0,mikl_gse173098|mikl_gse173098|neurite_soma_mpra|GFP 3UTR MPRA|CAD|mikl:Zbtb20:4050.0:a1e6ea66ba954b07,mikl_gse173098|mikl_gse173098|neurite_soma_mpra|GFP 3UTR MPRA|Neuro-2a|mikl:Zbtb20:4050.0:a1e6ea66ba954b07,2,False
1cf8fcff984a5a66,0,mikl_gse173098|mikl_gse173098|neurite_soma_mpra|GFP 3UTR MPRA|CAD|mikl:Zbtb20:1000.0:36ca3eab3412865c,mikl_gse173098|mikl_gse173098|neurite_soma_mpra|GFP 3UTR MPRA|Neuro-2a|mikl:Zbtb20:1000.0:36ca3eab3412865c,3,False
1cf8fcff984a5a66,0,mikl_gse173098|mikl_gse173098|neurite_soma_mpra|GFP 3UTR MPRA|CAD|mikl:Zbtb20:7450.0:c51fa7f42f409b4c,mikl_gse173098|mikl_gse173098|neurite_soma_mpra|GFP 3UTR MPRA|Neuro-2a|mikl:Zbtb20:7450.0:c51fa7f42f409b4c,2,False
1cf8fcff984a5a66,0,mikl_gse173098|mikl_gse173098|neurite_soma_mpra|GFP 3UTR MPRA|CAD|mikl:Zbtb20:21300.0:cab770a1d986023a,mikl_gse173098|mikl_gse173098|neurite_soma_mpra|GFP 3UTR MPRA|Neuro-2a|mikl:Zbtb20:21300.0:cab770a1d986023a,3,False
1cf8fcff984a5a66,0,mikl_gse173098|mikl_gse173098|neurite_soma_mpra|GFP 3UTR MPRA|CAD|mikl:Zbtb20:18500.0:d18ae98e9472c21e,mikl_gse173098|mikl_gse173098|neurite_soma_mpra|GFP 3UTR MPRA|Neuro-2a|mikl:Zbtb20:18500.0:d18ae98e9472c21e,2,True
1cf8fcff984a5a66,0,mikl_gse173098|mikl_gse173098|neurite_soma_mpra|GFP 3UTR MPRA|CAD|mikl:Zbtb20:800.0:a4f14f602911ddd6,mikl_gse173098|mikl_gse173098|neurite_soma_mpra|GFP 3UTR MPRA|Neuro-2a|mikl:Zbtb20:800.0:a4f14f602911ddd6,3,False
1cf8fcff984a5a66,0,mikl_gse173098|mikl_gse173098|neurite_soma_mpra|GFP 3UTR MPRA|CAD|mikl:Zbtb20:23450.0:efe0f39ce3983061,mikl_gse173098|mikl_gse173098|neurite_soma_mpra|GFP 3UTR MPRA|Neuro-2a|mikl:Zbtb20:23450.0:efe0f39ce3983061,2,True
1cf8fcff984a5a66,0,mikl_gse173098|mikl_gse173098|neurite_soma_mpra|GFP 3UTR MPRA|CAD|mikl:Zbtb20:16700.0:7d9aa1ad34d66c62,mikl_gse173098|mikl_gse173098|neurite_soma_mpra|GFP 3UTR MPRA|Neuro-2a|mikl:Zbtb20:16700.0:7d9aa1ad34d66c62,3,False
1cf8fcff984a5a66,0,mikl_gse173098|mikl_gse173098|neurite_soma_mpra|GFP 3UTR MPRA|CAD|mikl:Zbtb20:1800.0:4b39174127af9a55,mikl_gse173098|mikl_gse173098|neurite_soma_mpra|GFP 3UTR MPRA|Neuro-2a|mikl:Zbtb20:1800.0:4b39174127af9a55,2,False
1cf8fcff984a5a66,0,mikl_gse173098|mikl_gse173098|neurite_soma_mpra|GFP 3UTR MPRA|CAD|mikl:Zbtb20:14850.0:26e5ec96b68cd7f4,mikl_gse173098|mikl_gse173098|neurite_soma_mpra|GFP 3UTR MPRA|Neuro-2a|mikl:Zbtb20:14850.0:26e5ec96b68cd7f4,2,True
1cf8fcff984a5a66,0,mikl_gse173098|mikl_gse173098|neurite_soma_mpra|GFP 3UTR MPRA|CAD|mikl:Zbtb20:23500.0:ccaa33a7c3bb00ff,mikl_gse173098|mikl_gse173098|neurite_soma_mpra|GFP 3UTR MPRA|Neuro-2a|mikl:Zbtb20:23500.0:ccaa33a7c3bb00ff,3,False
1cf8fcff984a5a66,0,mikl_gse173098|mikl_gse173098|neurite_soma_mpra|GFP 3UTR MPRA|CAD|mikl:Zbtb20:23150.0:44038a78b78bf0b8,mikl_gse173098|mikl_gse173098|neurite_soma_mpra|GFP 3UTR MPRA|Neuro-2a|mikl:Zbtb20:23150.0:44038a78b78bf0b8,2,False
1cf8fcff984a5a66,0,mikl_gse173098|mikl_gse173098|neurite_soma_mpra|GFP 3UTR MPRA|CAD|mikl:Zbtb20:14050.0:546adb7e6c984443,mikl_gse173098|mikl_gse173098|neurite_soma_mpra|GFP 3UTR MPRA|Neuro-2a|mikl:Zbtb20:14050.0:546adb7e6c984443,2,False
1cf8fcff984a5a66,0,mikl_gse173098|mikl_gse173098|neurite_soma_mpra|GFP 3UTR MPRA|CAD|mikl:Zbtb20:23000.0:1e67070613ed9b12,mikl_gse173098|mikl_gse173098|neurite_soma_mpra|GFP 3UTR MPRA|Neuro-2a|mikl:Zbtb20:23000.0:1e67070613ed9b12,3,True
1cf8fcff984a5a66,0,mikl_gse173098|mikl_gse173098|neurite_soma_mpra|GFP 3UTR MPRA|CAD|mikl:Zbtb20:1150.0:1d98ed438145ee64,mikl_gse173098|mikl_gse173098|neurite_soma_mpra|GFP 3UTR MPRA|Neuro-2a|mikl:Zbtb20:1150.0:1d98ed438145ee64,2,True
1cf8fcff984a5a66,0,mikl_gse173098|mikl_gse173098|neurite_soma_mpra|GFP 3UTR MPRA|CAD|mikl:Zbtb20:21350.0:97906e46aa3f2a00,mikl_gse173098|mikl_gse173098|neurite_soma_mpra|GFP 3UTR MPRA|Neuro-2a|mikl:Zbtb20:21350.0:97906e46aa3f2a00,2,False
1cf8fcff984a5a66,0,mikl_gse173098|mikl_gse173098|neurite_soma_mpra|GFP 3UTR MPRA|CAD|mikl:Zbtb20:850.0:a9a4e5d8377374c4,mikl_gse173098|mikl_gse173098|neurite_soma_mpra|GFP 3UTR MPRA|Neuro-2a|mikl:Zbtb20:850.0:a9a4e5d8377374c4,2,True
1cf8fcff984a5a66,0,mikl_gse173098|mikl_gse173098|neurite_soma_mpra|GFP 3UTR MPRA|CAD|mikl:Zbtb20:7400.0:8f4643b6538bd5b1,mikl_gse173098|mikl_gse173098|neurite_soma_mpra|GFP 3UTR MPRA|Neuro-2a|mikl:Zbtb20:7400.0:8f4643b6538bd5b1,3,False
1cf8fcff984a5a66,0,mikl_gse173098|mikl_gse173098|neurite_soma_mpra|GFP 3UTR MPRA|CAD|mikl:Zbtb20:18800.0:d638f65f82b272f1,mikl_gse173098|mikl_gse173098|neurite_soma_mpra|GFP 3UTR MPRA|Neuro-2a|mikl:Zbtb20:18800.0:d638f65f82b272f1,2,True
1cf8fcff984a5a66,0,mikl_gse173098|mikl_gse173098|neurite_soma_mpra|GFP 3UTR MPRA|CAD|mikl:Zbtb20:15450.0:7bb36e7ae14678ac,mikl_gse173098|mikl_gse173098|neurite_soma_mpra|GFP 3UTR MPRA|Neuro-2a|mikl:Zbtb20:15450.0:7bb36e7ae14678ac,2,False
1cf8fcff984a5a66,0,mikl_gse173098|mikl_gse173098|neurite_soma_mpra|GFP 3UTR MPRA|CAD|mikl:Zbtb20:5600.0:29f5bc02f30f88d2,mikl_gse173098|mikl_gse173098|neurite_soma_mpra|GFP 3UTR MPRA|Neuro-2a|mikl:Zbtb20:5600.0:29f5bc02f30f88d2,3,False
1cf8fcff984a5a66,0,mikl_gse173098|mikl_gse173098|neurite_soma_mpra|GFP 3UTR MPRA|CAD|mikl:Zbtb20:700.0:4fe7c04d2ca6a119,mikl_gse173098|mikl_gse173098|neurite_soma_mpra|GFP 3UTR MPRA|Neuro-2a|mikl:Zbtb20:700.0:4fe7c04d2ca6a119,2,False
1cf8fcff984a5a66,0,mikl_gse173098|mikl_gse173098|neurite_soma_mpra|GFP 3UTR MPRA|CAD|mikl:Zbtb20:10250.0:0656c95826c423e4,mikl_gse173098|mikl_gse173098|neurite_soma_mpra|GFP 3UTR MPRA|Neuro-2a|mikl:Zbtb20:10250.0:0656c95826c423e4,3,True
1cf8fcff984a5a66,0,mikl_gse173098|mikl_gse173098|neurite_soma_mpra|GFP 3UTR MPRA|CAD|mikl:Zbtb20:1750.0:4209e0f11a4bc22f,mikl_gse173098|mikl_gse173098|neurite_soma_mpra|GFP 3UTR MPRA|Neuro-2a|mikl:Zbtb20:1750.0:4209e0f11a4bc22f,2,True
1cf8fcff984a5a66,0,mikl_gse173098|mikl_gse173098|neurite_soma_mpra|GFP 3UTR MPRA|CAD|mikl:Zbtb20:14800.0:95a0c7803c248d92,mikl_gse173098|mikl_gse173098|neurite_soma_mpra|GFP 3UTR MPRA|Neuro-2a|mikl:Zbtb20:14800.0:95a0c7803c248d92,2,False
1cf8fcff984a5a66,0,mikl_gse173098|mikl_gse173098|neurite_soma_mpra|GFP 3UTR MPRA|CAD|mikl:Zbtb20:13650.0:fa1c3239d7591149,mikl_gse173098|mikl_gse173098|neurite_soma_mpra|GFP 3UTR MPRA|Neuro-2a|mikl:Zbtb20:13650.0:fa1c3239d7591149,2,True
1cf8fcff984a5a66,0,mikl_gse173098|mikl_gse173098|neurite_soma_mpra|GFP 3UTR MPRA|CAD|mikl:Zbtb20:19100.0:21afea6ad68bd483,mikl_gse173098|mikl_gse173098|neurite_soma_mpra|GFP 3UTR MPRA|Neuro-2a|mikl:Zbtb20:19100.0:21afea6ad68bd483,3,False
1cf8fcff984a5a66,0,mikl_gse173098|mikl_gse173098|neurite_soma_mpra|GFP 3UTR MPRA|CAD|mikl:Zbtb20:6750.0:91ec008d8252ffb9,mikl_gse173098|mikl_gse173098|neurite_soma_mpra|GFP 3UTR MPRA|Neuro-2a|mikl:Zbtb20:6750.0:91ec008d8252ffb9,2,False
1cf8fcff984a5a66,0,mikl_gse173098|mikl_gse173098|neurite_soma_mpra|GFP 3UTR MPRA|CAD|mikl:Zbtb20:2700.0:1c95e06361862117,mikl_gse173098|mikl_gse173098|neurite_soma_mpra|GFP 3UTR MPRA|Neuro-2a|mikl:Zbtb20:2700.0:1c95e06361862117,3,False
1cf8fcff984a5a66,0,mikl_gse173098|mikl_gse173098|neurite_soma_mpra|GFP 3UTR MPRA|CAD|mikl:Zbtb20:14750.0:7014277431126205,mikl_gse173098|mikl_gse173098|neurite_soma_mpra|GFP 3UTR MPRA|Neuro-2a|mikl:Zbtb20:14750.0:7014277431126205,4,False
1cf8fcff984a5a66,0,mikl_gse173098|mikl_gse173098|neurite_soma_mpra|GFP 3UTR MPRA|CAD|mikl:Zbtb20:6650.0:a7ef3815c16e66d4,mikl_gse173098|mikl_gse173098|neurite_soma_mpra|GFP 3UTR MPRA|Neuro-2a|mikl:Zbtb20:6650.0:a7ef3815c16e66d4,2,False
1cf8fcff984a5a66,0,mikl_gse173098|mikl_gse173098|neurite_soma_mpra|GFP 3UTR MPRA|CAD|mikl:Zbtb20:10300.0:32f34b733fb189ba,mikl_gse173098|mikl_gse173098|neurite_soma_mpra|GFP 3UTR MPRA|Neuro-2a|mikl:Zbtb20:10300.0:32f34b733fb189ba,2,True
1cf8fcff984a5a66,0,mikl_gse173098|mikl_gse173098|neurite_soma_mpra|GFP 3UTR MPRA|CAD|mikl:Zbtb20:4150.0:0ee72d3b88f0ceb9,mikl_gse173098|mikl_gse173098|neurite_soma_mpra|GFP 3UTR MPRA|Neuro-2a|mikl:Zbtb20:4150.0:0ee72d3b88f0ceb9,2,False
1cf8fcff984a5a66,0,mikl_gse173098|mikl_gse173098|neurite_soma_mpra|GFP 3UTR MPRA|CAD|mikl:Zbtb20:9800.0:5f73c1b5fab33769,mikl_gse173098|mikl_gse173098|neurite_soma_mpra|GFP 3UTR MPRA|Neuro-2a|mikl:Zbtb20:9800.0:5f73c1b5fab33769,2,True
1cf8fcff984a5a66,0,mikl_gse173098|mikl_gse173098|neurite_soma_mpra|GFP 3UTR MPRA|CAD|mikl:Zbtb20:14000.0:f4fd64b624c76383,mikl_gse173098|mikl_gse173098|neurite_soma_mpra|GFP 3UTR MPRA|Neuro-2a|mikl:Zbtb20:14000.0:f4fd64b624c76383,3,False
1cf8fcff984a5a66,0,mikl_gse173098|mikl_gse173098|neurite_soma_mpra|GFP 3UTR MPRA|CAD|mikl:Zbtb20:14700.0:a76d0d636a94c1ab,mikl_gse173098|mikl_gse173098|neurite_soma_mpra|GFP 3UTR MPRA|Neuro-2a|mikl:Zbtb20:14700.0:a76d0d636a94c1ab,2,True
1cf8fcff984a5a66,0,mikl_gse173098|mikl_gse173098|neurite_soma_mpra|GFP 3UTR MPRA|CAD|mikl:Zbtb20:9750.0:83a4afe198d285a7,mikl_gse173098|mikl_gse173098|neurite_soma_mpra|GFP 3UTR MPRA|Neuro-2a|mikl:Zbtb20:9750.0:83a4afe198d285a7,2,True
1cf8fcff984a5a66,0,mikl_gse173098|mikl_gse173098|neurite_soma_mpra|GFP 3UTR MPRA|CAD|mikl:Zbtb20:13500.0:630a99f5a5e8700c,mikl_gse173098|mikl_gse173098|neurite_soma_mpra|GFP 3UTR MPRA|Neuro-2a|mikl:Zbtb20:13500.0:630a99f5a5e8700c,3,False
1cf8fcff984a5a66,0,mikl_gse173098|mikl_gse173098|neurite_soma_mpra|GFP 3UTR MPRA|CAD|mikl:Zbtb20:6200.0:7be74139ffd0ccbd,mikl_gse173098|mikl_gse173098|neurite_soma_mpra|GFP 3UTR MPRA|Neuro-2a|mikl:Zbtb20:6200.0:7be74139ffd0ccbd,2,True
1cf8fcff984a5a66,0,mikl_gse173098|mikl_gse173098|neurite_soma_mpra|GFP 3UTR MPRA|CAD|mikl:Zbtb20:12600.0:1ed497ea0131046d,mikl_gse173098|mikl_gse173098|neurite_soma_mpra|GFP 3UTR MPRA|Neuro-2a|mikl:Zbtb20:12600.0:1ed497ea0131046d,2,False
1cf8fcff984a5a66,0,mikl_gse173098|mikl_gse173098|neurite_soma_mpra|GFP 3UTR MPRA|CAD|mikl:Zbtb20:19400.0:b0b92bd0f7d2f21d,mikl_gse173098|mikl_gse173098|neurite_soma_mpra|GFP 3UTR MPRA|Neuro-2a|mikl:Zbtb20:19400.0:b0b92bd0f7d2f21d,2,False
1cf8fcff984a5a66,0,mikl_gse173098|mikl_gse173098|neurite_soma_mpra|GFP 3UTR MPRA|CAD|mikl:Zbtb20:3850.0:f3a7d2a2590da9d6,mikl_gse173098|mikl_gse173098|neurite_soma_mpra|GFP 3UTR MPRA|Neuro-2a|mikl:Zbtb20:3850.0:f3a7d2a2590da9d6,3,False
1cf8fcff984a5a66,0,mikl_gse173098|mikl_gse173098|neurite_soma_mpra|GFP 3UTR MPRA|CAD|mikl:Zbtb20:13950.0:b999584fcd811fc0,mikl_gse173098|mikl_gse173098|neurite_soma_mpra|GFP 3UTR MPRA|Neuro-2a|mikl:Zbtb20:13950.0:b999584fcd811fc0,4,False
1cf8fcff984a5a66,0,mikl_gse173098|mikl_gse173098|neurite_soma_mpra|GFP 3UTR MPRA|CAD|mikl:Zbtb20:450.0:9fe62585877a7964,mikl_gse173098|mikl_gse173098|neurite_soma_mpra|GFP 3UTR MPRA|Neuro-2a|mikl:Zbtb20:450.0:9fe62585877a7964,2,True
1cf8fcff984a5a66,0,mikl_gse173098|mikl_gse173098|neurite_soma_mpra|GFP 3UTR MPRA|CAD|mikl:Zbtb20:4100.0:18a50777a745abdc,mikl_gse173098|mikl_gse173098|neurite_soma_mpra|GFP 3UTR MPRA|Neuro-2a|mikl:Zbtb20:4100.0:18a50777a745abdc,2,False
1cf8fcff984a5a66,0,mikl_gse173098|mikl_gse173098|neurite_soma_mpra|GFP 3UTR MPRA|CAD|mikl:Zbtb20:19450.0:7a7ae8ca06f6b701,mikl_gse173098|mikl_gse173098|neurite_soma_mpra|GFP 3UTR MPRA|Neuro-2a|mikl:Zbtb20:19450.0:7a7ae8ca06f6b701,2,False
1dcd99bce05c42bc,2,mikl_gse173098|mikl_gse173098|neurite_soma_mpra|GFP 3UTR MPRA|CAD|mikl:Serpine2:450.0:810fea87a095e0ab,mikl_gse173098|mikl_gse173098|neurite_soma_mpra|GFP 3UTR MPRA|Neuro-2a|mikl:Serpine2:450.0:810fea87a095e0ab,2,False
208bdb02edf5a5dc,1,mikl_gse173098|mikl_gse173098|neurite_soma_mpra|GFP 3UTR MPRA|CAD|mikl:Abi1:350.0:85a80cfc6e6254de,mikl_gse173098|mikl_gse173098|neurite_soma_mpra|GFP 3UTR MPRA|Neuro-2a|mikl:Abi1:350.0:85a80cfc6e6254de,9,False
208bdb02edf5a5dc,1,mikl_gse173098|mikl_gse173098|neurite_soma_mpra|GFP 3UTR MPRA|CAD|mikl:Abi1:950.0:7b0dc69891cefea0,mikl_gse173098|mikl_gse173098|neurite_soma_mpra|GFP 3UTR MPRA|Neuro-2a|mikl:Abi1:950.0:7b0dc69891cefea0,4,False
208bdb02edf5a5dc,1,mikl_gse173098|mikl_gse173098|neurite_soma_mpra|GFP 3UTR MPRA|CAD|mikl:Abi1:1050.0:6514ccfba5192bba,mikl_gse173098|mikl_gse173098|neurite_soma_mpra|GFP 3UTR MPRA|Neuro-2a|mikl:Abi1:1050.0:6514ccfba5192bba,3,False
208bdb02edf5a5dc,1,mikl_gse173098|mikl_gse173098|neurite_soma_mpra|GFP 3UTR MPRA|CAD|mikl:Abi1:300.0:e735d92f693936d5,mikl_gse173098|mikl_gse173098|neurite_soma_mpra|GFP 3UTR MPRA|Neuro-2a|mikl:Abi1:300.0:e735d92f693936d5,10,False
208bdb02edf5a5dc,1,mikl_gse173098|mikl_gse173098|neurite_soma_mpra|GFP 3UTR MPRA|CAD|mikl:Abi1:1450.0:c6de81d65ae4e95a,mikl_gse173098|mikl_gse173098|neurite_soma_mpra|GFP 3UTR MPRA|Neuro-2a|mikl:Abi1:1450.0:c6de81d65ae4e95a,2,False
208bdb02edf5a5dc,1,mikl_gse173098|mikl_gse173098|neurite_soma_mpra|GFP 3UTR MPRA|CAD|mikl:Abi1:1100.0:cbdfde06967aad83,mikl_gse173098|mikl_gse173098|neurite_soma_mpra|GFP 3UTR MPRA|Neuro-2a|mikl:Abi1:1100.0:cbdfde06967aad83,5,False
208bdb02edf5a5dc,1,mikl_gse173098|mikl_gse173098|neurite_soma_mpra|GFP 3UTR MPRA|CAD|mikl:Abi1:750.0:2e45e8fe45d0c928,mikl_gse173098|mikl_gse173098|neurite_soma_mpra|GFP 3UTR MPRA|Neuro-2a|mikl:Abi1:750.0:2e45e8fe45d0c928,3,False
208bdb02edf5a5dc,1,mikl_gse173098|mikl_gse173098|neurite_soma_mpra|GFP 3UTR MPRA|CAD|mikl:Abi1:900.0:88d42ff2a596f8fc,mikl_gse173098|mikl_gse173098|neurite_soma_mpra|GFP 3UTR MPRA|Neuro-2a|mikl:Abi1:900.0:88d42ff2a596f8fc,5,False
208bdb02edf5a5dc,1,mikl_gse173098|mikl_gse173098|neurite_soma_mpra|GFP 3UTR MPRA|CAD|mikl:Abi1:600.0:f5324228b690fa6a,mikl_gse173098|mikl_gse173098|neurite_soma_mpra|GFP 3UTR MPRA|Neuro-2a|mikl:Abi1:600.0:f5324228b690fa6a,3,True
208bdb02edf5a5dc,1,mikl_gse173098|mikl_gse173098|neurite_soma_mpra|GFP 3UTR MPRA|CAD|mikl:Abi1:250.0:a089169716893acc,mikl_gse173098|mikl_gse173098|neurite_soma_mpra|GFP 3UTR MPRA|Neuro-2a|mikl:Abi1:250.0:a089169716893acc,5,False
208bdb02edf5a5dc,1,mikl_gse173098|mikl_gse173098|neurite_soma_mpra|GFP 3UTR MPRA|CAD|mikl:Abi1:1300.0:d89b4aca475a5c64,mikl_gse173098|mikl_gse173098|neurite_soma_mpra|GFP 3UTR MPRA|Neuro-2a|mikl:Abi1:1300.0:d89b4aca475a5c64,3,True
208bdb02edf5a5dc,1,mikl_gse173098|mikl_gse173098|neurite_soma_mpra|GFP 3UTR MPRA|CAD|mikl:Abi1:1150.0:8dc076e9732a197e,mikl_gse173098|mikl_gse173098|neurite_soma_mpra|GFP 3UTR MPRA|Neuro-2a|mikl:Abi1:1150.0:8dc076e9732a197e,4,False
208bdb02edf5a5dc,1,mikl_gse173098|mikl_gse173098|neurite_soma_mpra|GFP 3UTR MPRA|CAD|mikl:Abi1:700.0:93f28eb74cc38fa1,mikl_gse173098|mikl_gse173098|neurite_soma_mpra|GFP 3UTR MPRA|Neuro-2a|mikl:Abi1:700.0:93f28eb74cc38fa1,5,False
208bdb02edf5a5dc,1,mikl_gse173098|mikl_gse173098|neurite_soma_mpra|GFP 3UTR MPRA|CAD|mikl:Abi1:650.0:e3c6d7acdbb2cae2,mikl_gse173098|mikl_gse173098|neurite_soma_mpra|GFP 3UTR MPRA|Neuro-2a|mikl:Abi1:650.0:e3c6d7acdbb2cae2,2,True
208bdb02edf5a5dc,1,mikl_gse173098|mikl_gse173098|neurite_soma_mpra|GFP 3UTR MPRA|CAD|mikl:Abi1:1200.0:cb0f02b4adbd010a,mikl_gse173098|mikl_gse173098|neurite_soma_mpra|GFP 3UTR MPRA|Neuro-2a|mikl:Abi1:1200.0:cb0f02b4adbd010a,5,False
208bdb02edf5a5dc,1,mikl_gse173098|mikl_gse173098|neurite_soma_mpra|GFP 3UTR MPRA|CAD|mikl:Abi1:1250.0:965f0ea9d702c432,mikl_gse173098|mikl_gse173098|neurite_soma_mpra|GFP 3UTR MPRA|Neuro-2a|mikl:Abi1:1250.0:965f0ea9d702c432,3,False
208bdb02edf5a5dc,1,mikl_gse173098|mikl_gse173098|neurite_soma_mpra|GFP 3UTR MPRA|CAD|mikl:Abi1:850.0:2cd05d1b62edc7be,mikl_gse173098|mikl_gse173098|neurite_soma_mpra|GFP 3UTR MPRA|Neuro-2a|mikl:Abi1:850.0:2cd05d1b62edc7be,4,False
208bdb02edf5a5dc,1,mikl_gse173098|mikl_gse173098|neurite_soma_mpra|GFP 3UTR MPRA|CAD|mikl:Abi1:1350.0:8ff4db7268dbaf8b,mikl_gse173098|mikl_gse173098|neurite_soma_mpra|GFP 3UTR MPRA|Neuro-2a|mikl:Abi1:1350.0:8ff4db7268dbaf8b,2,True
208bdb02edf5a5dc,1,mikl_gse173098|mikl_gse173098|neurite_soma_mpra|GFP 3UTR MPRA|CAD|mikl:Abi1:50.0:e011aa49a55146cf,mikl_gse173098|mikl_gse173098|neurite_soma_mpra|GFP 3UTR MPRA|Neuro-2a|mikl:Abi1:50.0:e011aa49a55146cf,2,True
208bdb02edf5a5dc,1,mikl_gse173098|mikl_gse173098|neurite_soma_mpra|GFP 3UTR MPRA|CAD|mikl:Abi1:550.0:dc0051cdd649f680,mikl_gse173098|mikl_gse173098|neurite_soma_mpra|GFP 3UTR MPRA|Neuro-2a|mikl:Abi1:550.0:dc0051cdd649f680,4,False
208bdb02edf5a5dc,1,mikl_gse173098|mikl_gse173098|neurite_soma_mpra|GFP 3UTR MPRA|CAD|mikl:Abi1:400.0:5ef6ca7299ccf7fc,mikl_gse173098|mikl_gse173098|neurite_soma_mpra|GFP 3UTR MPRA|Neuro-2a|mikl:Abi1:400.0:5ef6ca7299ccf7fc,9,False
208bdb02edf5a5dc,1,mikl_gse173098|mikl_gse173098|neurite_soma_mpra|GFP 3UTR MPRA|CAD|mikl:Abi1:450.0:2db8c7c08918bab3,mikl_gse173098|mikl_gse173098|neurite_soma_mpra|GFP 3UTR MPRA|Neuro-2a|mikl:Abi1:450.0:2db8c7c08918bab3,3,False
208bdb02edf5a5dc,1,mikl_gse173098|mikl_gse173098|neurite_soma_mpra|GFP 3UTR MPRA|CAD|mikl:Abi1:500.0:61c5da1e1887538e,mikl_gse173098|mikl_gse173098|neurite_soma_mpra|GFP 3UTR MPRA|Neuro-2a|mikl:Abi1:500.0:61c5da1e1887538e,5,False
208bdb02edf5a5dc,1,mikl_gse173098|mikl_gse173098|neurite_soma_mpra|GFP 3UTR MPRA|CAD|mikl:Abi1:1400.0:0bc954835e89f2e7,mikl_gse173098|mikl_gse173098|neurite_soma_mpra|GFP 3UTR MPRA|Neuro-2a|mikl:Abi1:1400.0:0bc954835e89f2e7,3,False
208bdb02edf5a5dc,1,mikl_gse173098|mikl_gse173098|neurite_soma_mpra|GFP 3UTR MPRA|CAD|mikl:Abi1:0.0:b49ced2b2ab7d864,mikl_gse173098|mikl_gse173098|neurite_soma_mpra|GFP 3UTR MPRA|Neuro-2a|mikl:Abi1:0.0:b49ced2b2ab7d864,2,False
20d9b1f24ae57ebc,0,mikl_gse173098|mikl_gse173098|neurite_soma_mpra|GFP 3UTR MPRA|CAD|mikl:St6gal1:1050.0:2387c23c0a5a31eb,mikl_gse173098|mikl_gse173098|neurite_soma_mpra|GFP 3UTR MPRA|Neuro-2a|mikl:St6gal1:1050.0:2387c23c0a5a31eb,4,False
20d9b1f24ae57ebc,0,mikl_gse173098|mikl_gse173098|neurite_soma_mpra|GFP 3UTR MPRA|CAD|mikl:St6gal1:800.0:574fd9baf8d88217,mikl_gse173098|mikl_gse173098|neurite_soma_mpra|GFP 3UTR MPRA|Neuro-2a|mikl:St6gal1:800.0:574fd9baf8d88217,2,False
20d9b1f24ae57ebc,0,mikl_gse173098|mikl_gse173098|neurite_soma_mpra|GFP 3UTR MPRA|CAD|mikl:St6gal1:250.0:bcd6dd84b9e227d5,mikl_gse173098|mikl_gse173098|neurite_soma_mpra|GFP 3UTR MPRA|Neuro-2a|mikl:St6gal1:250.0:bcd6dd84b9e227d5,2,True
20d9b1f24ae57ebc,0,mikl_gse173098|mikl_gse173098|neurite_soma_mpra|GFP 3UTR MPRA|CAD|mikl:St6gal1:700.0:8637aed12ed0ffb5,mikl_gse173098|mikl_gse173098|neurite_soma_mpra|GFP 3UTR MPRA|Neuro-2a|mikl:St6gal1:700.0:8637aed12ed0ffb5,2,False
20d9b1f24ae57ebc,0,mikl_gse173098|mikl_gse173098|neurite_soma_mpra|GFP 3UTR MPRA|CAD|mikl:St6gal1:2300.0:fced3550ea8dd92a,mikl_gse173098|mikl_gse173098|neurite_soma_mpra|GFP 3UTR MPRA|Neuro-2a|mikl:St6gal1:2300.0:fced3550ea8dd92a,2,True
20d9b1f24ae57ebc,0,mikl_gse173098|mikl_gse173098|neurite_soma_mpra|GFP 3UTR MPRA|CAD|mikl:St6gal1:300.0:200aa8ac99423c88,mikl_gse173098|mikl_gse173098|neurite_soma_mpra|GFP 3UTR MPRA|Neuro-2a|mikl:St6gal1:300.0:200aa8ac99423c88,2,False
20d9b1f24ae57ebc,0,mikl_gse173098|mikl_gse173098|neurite_soma_mpra|GFP 3UTR MPRA|CAD|mikl:St6gal1:950.0:57f30fe0f6d69a83,mikl_gse173098|mikl_gse173098|neurite_soma_mpra|GFP 3UTR MPRA|Neuro-2a|mikl:St6gal1:950.0:57f30fe0f6d69a83,2,False
20d9b1f24ae57ebc,0,mikl_gse173098|mikl_gse173098|neurite_soma_mpra|GFP 3UTR MPRA|CAD|mikl:St6gal1:750.0:4d720d11ca457e4a,mikl_gse173098|mikl_gse173098|neurite_soma_mpra|GFP 3UTR MPRA|Neuro-2a|mikl:St6gal1:750.0:4d720d11ca457e4a,4,False
20d9b1f24ae57ebc,0,mikl_gse173098|mikl_gse173098|neurite_soma_mpra|GFP 3UTR MPRA|CAD|mikl:St6gal1:2250.0:3db381f2c29fd816,mikl_gse173098|mikl_gse173098|neurite_soma_mpra|GFP 3UTR MPRA|Neuro-2a|mikl:St6gal1:2250.0:3db381f2c29fd816,2,False
20d9b1f24ae57ebc,0,mikl_gse173098|mikl_gse173098|neurite_soma_mpra|GFP 3UTR MPRA|CAD|mikl:St6gal1:1100.0:2df60e1408c5151f,mikl_gse173098|mikl_gse173098|neurite_soma_mpra|GFP 3UTR MPRA|Neuro-2a|mikl:St6gal1:1100.0:2df60e1408c5151f,3,False
20d9b1f24ae57ebc,0,mikl_gse173098|mikl_gse173098|neurite_soma_mpra|GFP 3UTR MPRA|CAD|mikl:St6gal1:850.0:b55e2afdb1d2f4f7,mikl_gse173098|mikl_gse173098|neurite_soma_mpra|GFP 3UTR MPRA|Neuro-2a|mikl:St6gal1:850.0:b55e2afdb1d2f4f7,2,False
20d9b1f24ae57ebc,0,mikl_gse173098|mikl_gse173098|neurite_soma_mpra|GFP 3UTR MPRA|CAD|mikl:St6gal1:1150.0:26d0ee81bfb6bc5c,mikl_gse173098|mikl_gse173098|neurite_soma_mpra|GFP 3UTR MPRA|Neuro-2a|mikl:St6gal1:1150.0:26d0ee81bfb6bc5c,2,False
21dcc03251175525,0,mikl_gse173098|mikl_gse173098|neurite_soma_mpra|GFP 3UTR MPRA|CAD|mikl:Ids:2700.0:a326de1e763edeb1,mikl_gse173098|mikl_gse173098|neurite_soma_mpra|GFP 3UTR MPRA|Neuro-2a|mikl:Ids:2700.0:a326de1e763edeb1,2,True
21dcc03251175525,0,mikl_gse173098|mikl_gse173098|neurite_soma_mpra|GFP 3UTR MPRA|CAD|mikl:Ids:2750.0:b2d6814f96537782,mikl_gse173098|mikl_gse173098|neurite_soma_mpra|GFP 3UTR MPRA|Neuro-2a|mikl:Ids:2750.0:b2d6814f96537782,2,False
221dadc3c615ae8a,0,mikl_gse173098|mikl_gse173098|neurite_soma_mpra|GFP 3UTR MPRA|CAD|mikl:Ppp1r9b:150.0:496dda74fbfaae54,mikl_gse173098|mikl_gse173098|neurite_soma_mpra|GFP 3UTR MPRA|Neuro-2a|mikl:Ppp1r9b:150.0:496dda74fbfaae54,3,False
221dadc3c615ae8a,0,mikl_gse173098|mikl_gse173098|neurite_soma_mpra|GFP 3UTR MPRA|CAD|mikl:Ppp1r9b:0.0:49bb603d52d33492,mikl_gse173098|mikl_gse173098|neurite_soma_mpra|GFP 3UTR MPRA|Neuro-2a|mikl:Ppp1r9b:0.0:49bb603d52d33492,2,False
221dadc3c615ae8a,0,mikl_gse173098|mikl_gse173098|neurite_soma_mpra|GFP 3UTR MPRA|CAD|mikl:Ppp1r9b:800.0:a0ba24c140bbcc2b,mikl_gse173098|mikl_gse173098|neurite_soma_mpra|GFP 3UTR MPRA|Neuro-2a|mikl:Ppp1r9b:800.0:a0ba24c140bbcc2b,3,False
221dadc3c615ae8a,0,mikl_gse173098|mikl_gse173098|neurite_soma_mpra|GFP 3UTR MPRA|CAD|mikl:Ppp1r9b:750.0:f22a87fcdc1bf8b1,mikl_gse173098|mikl_gse173098|neurite_soma_mpra|GFP 3UTR MPRA|Neuro-2a|mikl:Ppp1r9b:750.0:f22a87fcdc1bf8b1,3,True
221dadc3c615ae8a,0,mikl_gse173098|mikl_gse173098|neurite_soma_mpra|GFP 3UTR MPRA|CAD|mikl:Ppp1r9b:200.0:0522509d0fe66ac1,mikl_gse173098|mikl_gse173098|neurite_soma_mpra|GFP 3UTR MPRA|Neuro-2a|mikl:Ppp1r9b:200.0:0522509d0fe66ac1,2,True
221dadc3c615ae8a,0,mikl_gse173098|mikl_gse173098|neurite_soma_mpra|GFP 3UTR MPRA|CAD|mikl:Ppp1r9b:250.0:4a879e52b12eb519,mikl_gse173098|mikl_gse173098|neurite_soma_mpra|GFP 3UTR MPRA|Neuro-2a|mikl:Ppp1r9b:250.0:4a879e52b12eb519,2,False
221dadc3c615ae8a,0,mikl_gse173098|mikl_gse173098|neurite_soma_mpra|GFP 3UTR MPRA|CAD|mikl:Ppp1r9b:900.0:e91f0a7e24f54097,mikl_gse173098|mikl_gse173098|neurite_soma_mpra|GFP 3UTR MPRA|Neuro-2a|mikl:Ppp1r9b:900.0:e91f0a7e24f54097,2,False
221dadc3c615ae8a,0,mikl_gse173098|mikl_gse173098|neurite_soma_mpra|GFP 3UTR MPRA|CAD|mikl:Ppp1r9b:700.0:709071313c7e3dec,mikl_gse173098|mikl_gse173098|neurite_soma_mpra|GFP 3UTR MPRA|Neuro-2a|mikl:Ppp1r9b:700.0:709071313c7e3dec,2,False
245e6ce60dad9eea,0,mikl_gse173098|mikl_gse173098|neurite_soma_mpra|GFP 3UTR MPRA|CAD|mikl:Aco2:100.0:c023260e15cb2a8c,mikl_gse173098|mikl_gse173098|neurite_soma_mpra|GFP 3UTR MPRA|Neuro-2a|mikl:Aco2:100.0:c023260e15cb2a8c,2,True
245e6ce60dad9eea,0,mikl_gse173098|mikl_gse173098|neurite_soma_mpra|GFP 3UTR MPRA|CAD|mikl:Aco2:200.0:ca5abeed2cd97add,mikl_gse173098|mikl_gse173098|neurite_soma_mpra|GFP 3UTR MPRA|Neuro-2a|mikl:Aco2:200.0:ca5abeed2cd97add,2,True
245e6ce60dad9eea,0,mikl_gse173098|mikl_gse173098|neurite_soma_mpra|GFP 3UTR MPRA|CAD|mikl:Aco2:0.0:525e4156e51d0368,mikl_gse173098|mikl_gse173098|neurite_soma_mpra|GFP 3UTR MPRA|Neuro-2a|mikl:Aco2:0.0:525e4156e51d0368,2,True
2496a43199610876,1,mikl_gse173098|mikl_gse173098|neurite_soma_mpra|GFP 3UTR MPRA|CAD|mikl:Hspb2:0.0:008ee27ff7c8728d,mikl_gse173098|mikl_gse173098|neurite_soma_mpra|GFP 3UTR MPRA|Neuro-2a|mikl:Hspb2:0.0:008ee27ff7c8728d,3,False
26fc20e8ba0607a3,0,mikl_gse173098|mikl_gse173098|neurite_soma_mpra|GFP 3UTR MPRA|CAD|mikl:Malt1:1050.0:3fe47cc82869e89a,mikl_gse173098|mikl_gse173098|neurite_soma_mpra|GFP 3UTR MPRA|Neuro-2a|mikl:Malt1:1050.0:3fe47cc82869e89a,2,True
26fc20e8ba0607a3,0,mikl_gse173098|mikl_gse173098|neurite_soma_mpra|GFP 3UTR MPRA|CAD|mikl:Malt1:1300.0:36a1031e780b9fef,mikl_gse173098|mikl_gse173098|neurite_soma_mpra|GFP 3UTR MPRA|Neuro-2a|mikl:Malt1:1300.0:36a1031e780b9fef,3,True
26fc20e8ba0607a3,0,mikl_gse173098|mikl_gse173098|neurite_soma_mpra|GFP 3UTR MPRA|CAD|mikl:Malt1:950.0:15dcdccba106398b,mikl_gse173098|mikl_gse173098|neurite_soma_mpra|GFP 3UTR MPRA|Neuro-2a|mikl:Malt1:950.0:15dcdccba106398b,2,False
26fc20e8ba0607a3,0,mikl_gse173098|mikl_gse173098|neurite_soma_mpra|GFP 3UTR MPRA|CAD|mikl:Malt1:300.0:b46cf2c3bf66834e,mikl_gse173098|mikl_gse173098|neurite_soma_mpra|GFP 3UTR MPRA|Neuro-2a|mikl:Malt1:300.0:b46cf2c3bf66834e,2,True
26fc20e8ba0607a3,0,mikl_gse173098|mikl_gse173098|neurite_soma_mpra|GFP 3UTR MPRA|CAD|mikl:Malt1:1350.0:e2f416b02aedd842,mikl_gse173098|mikl_gse173098|neurite_soma_mpra|GFP 3UTR MPRA|Neuro-2a|mikl:Malt1:1350.0:e2f416b02aedd842,2,False
26fc20e8ba0607a3,0,mikl_gse173098|mikl_gse173098|neurite_soma_mpra|GFP 3UTR MPRA|CAD|mikl:Malt1:1250.0:2a442bd868bbdb4d,mikl_gse173098|mikl_gse173098|neurite_soma_mpra|GFP 3UTR MPRA|Neuro-2a|mikl:Malt1:1250.0:2a442bd868bbdb4d,2,False
26fc20e8ba0607a3,0,mikl_gse173098|mikl_gse173098|neurite_soma_mpra|GFP 3UTR MPRA|CAD|mikl:Malt1:2450.0:406ccf0dc904c071,mikl_gse173098|mikl_gse173098|neurite_soma_mpra|GFP 3UTR MPRA|Neuro-2a|mikl:Malt1:2450.0:406ccf0dc904c071,2,False
26fc20e8ba0607a3,0,mikl_gse173098|mikl_gse173098|neurite_soma_mpra|GFP 3UTR MPRA|CAD|mikl:Malt1:350.0:8f4b126928cf7060,mikl_gse173098|mikl_gse173098|neurite_soma_mpra|GFP 3UTR MPRA|Neuro-2a|mikl:Malt1:350.0:8f4b126928cf7060,2,False
26fc20e8ba0607a3,0,mikl_gse173098|mikl_gse173098|neurite_soma_mpra|GFP 3UTR MPRA|CAD|mikl:Malt1:350.0:3e720e5669cd2ce2,mikl_gse173098|mikl_gse173098|neurite_soma_mpra|GFP 3UTR MPRA|Neuro-2a|mikl:Malt1:350.0:3e720e5669cd2ce2,2,False
26fc20e8ba0607a3,0,mikl_gse173098|mikl_gse173098|neurite_soma_mpra|GFP 3UTR MPRA|CAD|mikl:Malt1:850.0:0b9729c178c0e25a,mikl_gse173098|mikl_gse173098|neurite_soma_mpra|GFP 3UTR MPRA|Neuro-2a|mikl:Malt1:850.0:0b9729c178c0e25a,2,False
2c280d2dae53081b,0,mikl_gse173098|mikl_gse173098|neurite_soma_mpra|GFP 3UTR MPRA|CAD|mikl:Slfn8:1350.0:79e373a361efadd7,mikl_gse173098|mikl_gse173098|neurite_soma_mpra|GFP 3UTR MPRA|Neuro-2a|mikl:Slfn8:1350.0:79e373a361efadd7,2,False
2c280d2dae53081b,0,mikl_gse173098|mikl_gse173098|neurite_soma_mpra|GFP 3UTR MPRA|CAD|mikl:Slfn8:1100.0:abf009d93a8076bd,mikl_gse173098|mikl_gse173098|neurite_soma_mpra|GFP 3UTR MPRA|Neuro-2a|mikl:Slfn8:1100.0:abf009d93a8076bd,2,False
2c280d2dae53081b,0,mikl_gse173098|mikl_gse173098|neurite_soma_mpra|GFP 3UTR MPRA|CAD|mikl:Slfn8:1400.0:db8a00c09c579306,mikl_gse173098|mikl_gse173098|neurite_soma_mpra|GFP 3UTR MPRA|Neuro-2a|mikl:Slfn8:1400.0:db8a00c09c579306,2,False
2e57179092934ba8,2,mikl_gse173098|mikl_gse173098|neurite_soma_mpra|GFP 3UTR MPRA|CAD|mikl:Mapk8ip1:450.0:55a42ab0b97c90df,mikl_gse173098|mikl_gse173098|neurite_soma_mpra|GFP 3UTR MPRA|Neuro-2a|mikl:Mapk8ip1:450.0:55a42ab0b97c90df,2,False
2e57179092934ba8,2,mikl_gse173098|mikl_gse173098|neurite_soma_mpra|GFP 3UTR MPRA|CAD|mikl:Mapk8ip1:0.0:3fc46d3512835afd,mikl_gse173098|mikl_gse173098|neurite_soma_mpra|GFP 3UTR MPRA|Neuro-2a|mikl:Mapk8ip1:0.0:3fc46d3512835afd,2,False
2e57179092934ba8,2,mikl_gse173098|mikl_gse173098|neurite_soma_mpra|GFP 3UTR MPRA|CAD|mikl:Mapk8ip1:50.0:59793d1d9e9e1b25,mikl_gse173098|mikl_gse173098|neurite_soma_mpra|GFP 3UTR MPRA|Neuro-2a|mikl:Mapk8ip1:50.0:59793d1d9e9e1b25,3,True
2e57179092934ba8,2,mikl_gse173098|mikl_gse173098|neurite_soma_mpra|GFP 3UTR MPRA|CAD|mikl:Mapk8ip1:100.0:fce1e793c7f2a6eb,mikl_gse173098|mikl_gse173098|neurite_soma_mpra|GFP 3UTR MPRA|Neuro-2a|mikl:Mapk8ip1:100.0:fce1e793c7f2a6eb,2,True
3003f8907168deed,1,mikl_gse173098|mikl_gse173098|neurite_soma_mpra|GFP 3UTR MPRA|CAD|mikl:Kif5c:450.0:33e182d7885b935b,mikl_gse173098|mikl_gse173098|neurite_soma_mpra|GFP 3UTR MPRA|Neuro-2a|mikl:Kif5c:450.0:33e182d7885b935b,2,True
3003f8907168deed,1,mikl_gse173098|mikl_gse173098|neurite_soma_mpra|GFP 3UTR MPRA|CAD|mikl:Kif5c:500.0:fd93b948d1264a52,mikl_gse173098|mikl_gse173098|neurite_soma_mpra|GFP 3UTR MPRA|Neuro-2a|mikl:Kif5c:500.0:fd93b948d1264a52,2,True
3003f8907168deed,1,mikl_gse173098|mikl_gse173098|neurite_soma_mpra|GFP 3UTR MPRA|CAD|mikl:Kif5c:550.0:6335d0cbc6dbb479,mikl_gse173098|mikl_gse173098|neurite_soma_mpra|GFP 3UTR MPRA|Neuro-2a|mikl:Kif5c:550.0:6335d0cbc6dbb479,2,False
3003f8907168deed,1,mikl_gse173098|mikl_gse173098|neurite_soma_mpra|GFP 3UTR MPRA|CAD|mikl:Kif5c:3350.0:dfff320d554e8349,mikl_gse173098|mikl_gse173098|neurite_soma_mpra|GFP 3UTR MPRA|Neuro-2a|mikl:Kif5c:3350.0:dfff320d554e8349,2,True
3060930d802470c4,0,mikl_gse173098|mikl_gse173098|neurite_soma_mpra|GFP 3UTR MPRA|CAD|mikl:Grin1:650.0:87b593061c99c70e,mikl_gse173098|mikl_gse173098|neurite_soma_mpra|GFP 3UTR MPRA|Neuro-2a|mikl:Grin1:650.0:87b593061c99c70e,3,False
3060930d802470c4,0,mikl_gse173098|mikl_gse173098|neurite_soma_mpra|GFP 3UTR MPRA|CAD|mikl:Grin1:700.0:152e2c5b8588bb20,mikl_gse173098|mikl_gse173098|neurite_soma_mpra|GFP 3UTR MPRA|Neuro-2a|mikl:Grin1:700.0:152e2c5b8588bb20,3,True
3060930d802470c4,0,mikl_gse173098|mikl_gse173098|neurite_soma_mpra|GFP 3UTR MPRA|CAD|mikl:Grin1:600.0:1bba09ef5c30f250,mikl_gse173098|mikl_gse173098|neurite_soma_mpra|GFP 3UTR MPRA|Neuro-2a|mikl:Grin1:600.0:1bba09ef5c30f250,2,True
3060930d802470c4,0,mikl_gse173098|mikl_gse173098|neurite_soma_mpra|GFP 3UTR MPRA|CAD|mikl:Grin1:750.0:8344f0a743623dae,mikl_gse173098|mikl_gse173098|neurite_soma_mpra|GFP 3UTR MPRA|Neuro-2a|mikl:Grin1:750.0:8344f0a743623dae,2,False
33d2f9132a36a07d,0,mikl_gse173098|mikl_gse173098|neurite_soma_mpra|GFP 3UTR MPRA|CAD|mikl:Rbm47:1700.0:9affb90b80ad44a8,mikl_gse173098|mikl_gse173098|neurite_soma_mpra|GFP 3UTR MPRA|Neuro-2a|mikl:Rbm47:1700.0:9affb90b80ad44a8,2,False
33d2f9132a36a07d,0,mikl_gse173098|mikl_gse173098|neurite_soma_mpra|GFP 3UTR MPRA|CAD|mikl:Rbm47:2150.0:8e841be18b5d6423,mikl_gse173098|mikl_gse173098|neurite_soma_mpra|GFP 3UTR MPRA|Neuro-2a|mikl:Rbm47:2150.0:8e841be18b5d6423,2,True
37c25859c6a0fd6b,0,mikl_gse173098|mikl_gse173098|neurite_soma_mpra|GFP 3UTR MPRA|CAD|mikl:Gpr35:2350.0:21618a1fc6c7d132,mikl_gse173098|mikl_gse173098|neurite_soma_mpra|GFP 3UTR MPRA|Neuro-2a|mikl:Gpr35:2350.0:21618a1fc6c7d132,2,True
37c25859c6a0fd6b,0,mikl_gse173098|mikl_gse173098|neurite_soma_mpra|GFP 3UTR MPRA|CAD|mikl:Gpr35:1700.0:b8ea2d7bdb2d46e2,mikl_gse173098|mikl_gse173098|neurite_soma_mpra|GFP 3UTR MPRA|Neuro-2a|mikl:Gpr35:1700.0:b8ea2d7bdb2d46e2,2,True
37c25859c6a0fd6b,0,mikl_gse173098|mikl_gse173098|neurite_soma_mpra|GFP 3UTR MPRA|CAD|mikl:Gpr35:2300.0:182328355df88b55,mikl_gse173098|mikl_gse173098|neurite_soma_mpra|GFP 3UTR MPRA|Neuro-2a|mikl:Gpr35:2300.0:182328355df88b55,2,True
38d6ed149626b772,1,mikl_gse173098|mikl_gse173098|neurite_soma_mpra|GFP 3UTR MPRA|CAD|mikl:Kcna6:1400.0:3acaf7a887d5bbfa,mikl_gse173098|mikl_gse173098|neurite_soma_mpra|GFP 3UTR MPRA|Neuro-2a|mikl:Kcna6:1400.0:3acaf7a887d5bbfa,4,False
38d6ed149626b772,1,mikl_gse173098|mikl_gse173098|neurite_soma_mpra|GFP 3UTR MPRA|CAD|mikl:Kcna6:3250.0:f41a54e4268d1c2a,mikl_gse173098|mikl_gse173098|neurite_soma_mpra|GFP 3UTR MPRA|Neuro-2a|mikl:Kcna6:3250.0:f41a54e4268d1c2a,2,False
38d6ed149626b772,1,mikl_gse173098|mikl_gse173098|neurite_soma_mpra|GFP 3UTR MPRA|CAD|mikl:Kcna6:1050.0:e8a12aee266de55d,mikl_gse173098|mikl_gse173098|neurite_soma_mpra|GFP 3UTR MPRA|Neuro-2a|mikl:Kcna6:1050.0:e8a12aee266de55d,2,False
38d6ed149626b772,1,mikl_gse173098|mikl_gse173098|neurite_soma_mpra|GFP 3UTR MPRA|CAD|mikl:Kcna6:1450.0:d8a806c7e083a622,mikl_gse173098|mikl_gse173098|neurite_soma_mpra|GFP 3UTR MPRA|Neuro-2a|mikl:Kcna6:1450.0:d8a806c7e083a622,2,False
38d6ed149626b772,1,mikl_gse173098|mikl_gse173098|neurite_soma_mpra|GFP 3UTR MPRA|CAD|mikl:Kcna6:1100.0:de427f183092f36f,mikl_gse173098|mikl_gse173098|neurite_soma_mpra|GFP 3UTR MPRA|Neuro-2a|mikl:Kcna6:1100.0:de427f183092f36f,3,False
38d6ed149626b772,1,mikl_gse173098|mikl_gse173098|neurite_soma_mpra|GFP 3UTR MPRA|CAD|mikl:Kcna6:2200.0:add1cc8c112e2cfd,mikl_gse173098|mikl_gse173098|neurite_soma_mpra|GFP 3UTR MPRA|Neuro-2a|mikl:Kcna6:2200.0:add1cc8c112e2cfd,2,True
38d6ed149626b772,1,mikl_gse173098|mikl_gse173098|neurite_soma_mpra|GFP 3UTR MPRA|CAD|mikl:Kcna6:1300.0:4e3bfdce714507f1,mikl_gse173098|mikl_gse173098|neurite_soma_mpra|GFP 3UTR MPRA|Neuro-2a|mikl:Kcna6:1300.0:4e3bfdce714507f1,4,False
38d6ed149626b772,1,mikl_gse173098|mikl_gse173098|neurite_soma_mpra|GFP 3UTR MPRA|CAD|mikl:Kcna6:3200.0:1eeca6d092be484e,mikl_gse173098|mikl_gse173098|neurite_soma_mpra|GFP 3UTR MPRA|Neuro-2a|mikl:Kcna6:3200.0:1eeca6d092be484e,2,False
38d6ed149626b772,1,mikl_gse173098|mikl_gse173098|neurite_soma_mpra|GFP 3UTR MPRA|CAD|mikl:Kcna6:1350.0:2db2e8d54de6e0dd,mikl_gse173098|mikl_gse173098|neurite_soma_mpra|GFP 3UTR MPRA|Neuro-2a|mikl:Kcna6:1350.0:2db2e8d54de6e0dd,5,True
38d6ed149626b772,1,mikl_gse173098|mikl_gse173098|neurite_soma_mpra|GFP 3UTR MPRA|CAD|mikl:Kcna6:1150.0:822cf4e3f556c0ae,mikl_gse173098|mikl_gse173098|neurite_soma_mpra|GFP 3UTR MPRA|Neuro-2a|mikl:Kcna6:1150.0:822cf4e3f556c0ae,4,False
38d6ed149626b772,1,mikl_gse173098|mikl_gse173098|neurite_soma_mpra|GFP 3UTR MPRA|CAD|mikl:Kcna6:450.0:b675e5ff747dfc4f,mikl_gse173098|mikl_gse173098|neurite_soma_mpra|GFP 3UTR MPRA|Neuro-2a|mikl:Kcna6:450.0:b675e5ff747dfc4f,4,False
38d6ed149626b772,1,mikl_gse173098|mikl_gse173098|neurite_soma_mpra|GFP 3UTR MPRA|CAD|mikl:Kcna6:2300.0:39a086a1b775d88e,mikl_gse173098|mikl_gse173098|neurite_soma_mpra|GFP 3UTR MPRA|Neuro-2a|mikl:Kcna6:2300.0:39a086a1b775d88e,2,False
38d6ed149626b772,1,mikl_gse173098|mikl_gse173098|neurite_soma_mpra|GFP 3UTR MPRA|CAD|mikl:Kcna6:1200.0:56c7e181a446b4a5,mikl_gse173098|mikl_gse173098|neurite_soma_mpra|GFP 3UTR MPRA|Neuro-2a|mikl:Kcna6:1200.0:56c7e181a446b4a5,2,False
38d6ed149626b772,1,mikl_gse173098|mikl_gse173098|neurite_soma_mpra|GFP 3UTR MPRA|CAD|mikl:Kcna6:500.0:d398fc05cab3168a,mikl_gse173098|mikl_gse173098|neurite_soma_mpra|GFP 3UTR MPRA|Neuro-2a|mikl:Kcna6:500.0:d398fc05cab3168a,2,True
394ede2e6d945642,1,mikl_gse173098|mikl_gse173098|neurite_soma_mpra|GFP 3UTR MPRA|CAD|mikl:Aqp4:150.0:4ec916f2cad9db64,mikl_gse173098|mikl_gse173098|neurite_soma_mpra|GFP 3UTR MPRA|Neuro-2a|mikl:Aqp4:150.0:4ec916f2cad9db64,3,False
394ede2e6d945642,1,mikl_gse173098|mikl_gse173098|neurite_soma_mpra|GFP 3UTR MPRA|CAD|mikl:Aqp4:600.0:c00a3ac967413930,mikl_gse173098|mikl_gse173098|neurite_soma_mpra|GFP 3UTR MPRA|Neuro-2a|mikl:Aqp4:600.0:c00a3ac967413930,2,False
394ede2e6d945642,1,mikl_gse173098|mikl_gse173098|neurite_soma_mpra|GFP 3UTR MPRA|CAD|mikl:Aqp4:700.0:000c61f063ddca22,mikl_gse173098|mikl_gse173098|neurite_soma_mpra|GFP 3UTR MPRA|Neuro-2a|mikl:Aqp4:700.0:000c61f063ddca22,2,True
394ede2e6d945642,1,mikl_gse173098|mikl_gse173098|neurite_soma_mpra|GFP 3UTR MPRA|CAD|mikl:Aqp4:100.0:9b11673a7d9a7f70,mikl_gse173098|mikl_gse173098|neurite_soma_mpra|GFP 3UTR MPRA|Neuro-2a|mikl:Aqp4:100.0:9b11673a7d9a7f70,3,True
394ede2e6d945642,1,mikl_gse173098|mikl_gse173098|neurite_soma_mpra|GFP 3UTR MPRA|CAD|mikl:Aqp4:2950.0:2b6caa86b1803b38,mikl_gse173098|mikl_gse173098|neurite_soma_mpra|GFP 3UTR MPRA|Neuro-2a|mikl:Aqp4:2950.0:2b6caa86b1803b38,2,False
394ede2e6d945642,1,mikl_gse173098|mikl_gse173098|neurite_soma_mpra|GFP 3UTR MPRA|CAD|mikl:Aqp4:2900.0:339f8db5dfcaad1c,mikl_gse173098|mikl_gse173098|neurite_soma_mpra|GFP 3UTR MPRA|Neuro-2a|mikl:Aqp4:2900.0:339f8db5dfcaad1c,2,True
394ede2e6d945642,1,mikl_gse173098|mikl_gse173098|neurite_soma_mpra|GFP 3UTR MPRA|CAD|mikl:Aqp4:2850.0:d82b4adb8890bf17,mikl_gse173098|mikl_gse173098|neurite_soma_mpra|GFP 3UTR MPRA|Neuro-2a|mikl:Aqp4:2850.0:d82b4adb8890bf17,2,False
394ede2e6d945642,1,mikl_gse173098|mikl_gse173098|neurite_soma_mpra|GFP 3UTR MPRA|CAD|mikl:Aqp4:650.0:cbdd6ebc8fc6c1e1,mikl_gse173098|mikl_gse173098|neurite_soma_mpra|GFP 3UTR MPRA|Neuro-2a|mikl:Aqp4:650.0:cbdd6ebc8fc6c1e1,2,False
394ede2e6d945642,1,mikl_gse173098|mikl_gse173098|neurite_soma_mpra|GFP 3UTR MPRA|CAD|mikl:Aqp4:50.0:60e0d6803b25677c,mikl_gse173098|mikl_gse173098|neurite_soma_mpra|GFP 3UTR MPRA|Neuro-2a|mikl:Aqp4:50.0:60e0d6803b25677c,3,False
39d9ce568294f45e,0,mikl_gse173098|mikl_gse173098|neurite_soma_mpra|GFP 3UTR MPRA|CAD|mikl:Ccni:50.0:b49c70fa771d2059,mikl_gse173098|mikl_gse173098|neurite_soma_mpra|GFP 3UTR MPRA|Neuro-2a|mikl:Ccni:50.0:b49c70fa771d2059,2,False
39d9ce568294f45e,0,mikl_gse173098|mikl_gse173098|neurite_soma_mpra|GFP 3UTR MPRA|CAD|mikl:Ccni:100.0:c2f5d832b2c37639,mikl_gse173098|mikl_gse173098|neurite_soma_mpra|GFP 3UTR MPRA|Neuro-2a|mikl:Ccni:100.0:c2f5d832b2c37639,2,False
3a6ec8915f61341c,2,mikl_gse173098|mikl_gse173098|neurite_soma_mpra|GFP 3UTR MPRA|CAD|mikl:Pde1c:1650.0:609312f759bcd319,mikl_gse173098|mikl_gse173098|neurite_soma_mpra|GFP 3UTR MPRA|Neuro-2a|mikl:Pde1c:1650.0:609312f759bcd319,2,True
3a6ec8915f61341c,2,mikl_gse173098|mikl_gse173098|neurite_soma_mpra|GFP 3UTR MPRA|CAD|mikl:Pde1c:1550.0:3549465d5f75e9cd,mikl_gse173098|mikl_gse173098|neurite_soma_mpra|GFP 3UTR MPRA|Neuro-2a|mikl:Pde1c:1550.0:3549465d5f75e9cd,2,False
3a6ec8915f61341c,2,mikl_gse173098|mikl_gse173098|neurite_soma_mpra|GFP 3UTR MPRA|CAD|mikl:Pde1c:5400.0:a7cc31ed7b2007fd,mikl_gse173098|mikl_gse173098|neurite_soma_mpra|GFP 3UTR MPRA|Neuro-2a|mikl:Pde1c:5400.0:a7cc31ed7b2007fd,2,False
3a6ec8915f61341c,2,mikl_gse173098|mikl_gse173098|neurite_soma_mpra|GFP 3UTR MPRA|CAD|mikl:Pde1c:1600.0:88c549f3b8ceeb11,mikl_gse173098|mikl_gse173098|neurite_soma_mpra|GFP 3UTR MPRA|Neuro-2a|mikl:Pde1c:1600.0:88c549f3b8ceeb11,2,False
3a6ec8915f61341c,2,mikl_gse173098|mikl_gse173098|neurite_soma_mpra|GFP 3UTR MPRA|CAD|mikl:Pde1c:2600.0:2d3374086bde9a6c,mikl_gse173098|mikl_gse173098|neurite_soma_mpra|GFP 3UTR MPRA|Neuro-2a|mikl:Pde1c:2600.0:2d3374086bde9a6c,2,True
3a6ec8915f61341c,2,mikl_gse173098|mikl_gse173098|neurite_soma_mpra|GFP 3UTR MPRA|CAD|mikl:Pde1c:5350.0:f725f197d2882e09,mikl_gse173098|mikl_gse173098|neurite_soma_mpra|GFP 3UTR MPRA|Neuro-2a|mikl:Pde1c:5350.0:f725f197d2882e09,2,False
3a6ec8915f61341c,2,mikl_gse173098|mikl_gse173098|neurite_soma_mpra|GFP 3UTR MPRA|CAD|mikl:Pde1c:3600.0:fb9c2d5d297248c5,mikl_gse173098|mikl_gse173098|neurite_soma_mpra|GFP 3UTR MPRA|Neuro-2a|mikl:Pde1c:3600.0:fb9c2d5d297248c5,2,True
3a6ec8915f61341c,2,mikl_gse173098|mikl_gse173098|neurite_soma_mpra|GFP 3UTR MPRA|CAD|mikl:Pde1c:900.0:303204524e46f5d5,mikl_gse173098|mikl_gse173098|neurite_soma_mpra|GFP 3UTR MPRA|Neuro-2a|mikl:Pde1c:900.0:303204524e46f5d5,2,False
3a6ec8915f61341c,2,mikl_gse173098|mikl_gse173098|neurite_soma_mpra|GFP 3UTR MPRA|CAD|mikl:Pde1c:2150.0:08c070e122cdc155,mikl_gse173098|mikl_gse173098|neurite_soma_mpra|GFP 3UTR MPRA|Neuro-2a|mikl:Pde1c:2150.0:08c070e122cdc155,3,False
3a6ec8915f61341c,2,mikl_gse173098|mikl_gse173098|neurite_soma_mpra|GFP 3UTR MPRA|CAD|mikl:Pde1c:3550.0:6564106375f3bfa1,mikl_gse173098|mikl_gse173098|neurite_soma_mpra|GFP 3UTR MPRA|Neuro-2a|mikl:Pde1c:3550.0:6564106375f3bfa1,2,False
3a6ec8915f61341c,2,mikl_gse173098|mikl_gse173098|neurite_soma_mpra|GFP 3UTR MPRA|CAD|mikl:Pde1c:3300.0:23781faded191111,mikl_gse173098|mikl_gse173098|neurite_soma_mpra|GFP 3UTR MPRA|Neuro-2a|mikl:Pde1c:3300.0:23781faded191111,2,True
3a6ec8915f61341c,2,mikl_gse173098|mikl_gse173098|neurite_soma_mpra|GFP 3UTR MPRA|CAD|mikl:Pde1c:3050.0:936a21539463237f,mikl_gse173098|mikl_gse173098|neurite_soma_mpra|GFP 3UTR MPRA|Neuro-2a|mikl:Pde1c:3050.0:936a21539463237f,2,False
3a6ec8915f61341c,2,mikl_gse173098|mikl_gse173098|neurite_soma_mpra|GFP 3UTR MPRA|CAD|mikl:Pde1c:2050.0:c5ad80d0b4f3495c,mikl_gse173098|mikl_gse173098|neurite_soma_mpra|GFP 3UTR MPRA|Neuro-2a|mikl:Pde1c:2050.0:c5ad80d0b4f3495c,2,True
3a6ec8915f61341c,2,mikl_gse173098|mikl_gse173098|neurite_soma_mpra|GFP 3UTR MPRA|CAD|mikl:Pde1c:3650.0:5784c8df98f6744d,mikl_gse173098|mikl_gse173098|neurite_soma_mpra|GFP 3UTR MPRA|Neuro-2a|mikl:Pde1c:3650.0:5784c8df98f6744d,2,True
3a6ec8915f61341c,2,mikl_gse173098|mikl_gse173098|neurite_soma_mpra|GFP 3UTR MPRA|CAD|mikl:Pde1c:2650.0:69c6807f454a6eaf,mikl_gse173098|mikl_gse173098|neurite_soma_mpra|GFP 3UTR MPRA|Neuro-2a|mikl:Pde1c:2650.0:69c6807f454a6eaf,2,False
3a6ec8915f61341c,2,mikl_gse173098|mikl_gse173098|neurite_soma_mpra|GFP 3UTR MPRA|CAD|mikl:Pde1c:2100.0:7b8a9776f52e347e,mikl_gse173098|mikl_gse173098|neurite_soma_mpra|GFP 3UTR MPRA|Neuro-2a|mikl:Pde1c:2100.0:7b8a9776f52e347e,2,False
3be2580074097529,0,mikl_gse173098|mikl_gse173098|neurite_soma_mpra|GFP 3UTR MPRA|CAD|mikl:Chrdl1:1050.0:fe81b4b698dbe8a4,mikl_gse173098|mikl_gse173098|neurite_soma_mpra|GFP 3UTR MPRA|Neuro-2a|mikl:Chrdl1:1050.0:fe81b4b698dbe8a4,2,True
3be2580074097529,0,mikl_gse173098|mikl_gse173098|neurite_soma_mpra|GFP 3UTR MPRA|CAD|mikl:Chrdl1:350.0:538db7ef1b7e877e,mikl_gse173098|mikl_gse173098|neurite_soma_mpra|GFP 3UTR MPRA|Neuro-2a|mikl:Chrdl1:350.0:538db7ef1b7e877e,2,True
3be2580074097529,0,mikl_gse173098|mikl_gse173098|neurite_soma_mpra|GFP 3UTR MPRA|CAD|mikl:Chrdl1:1800.0:de9085c87984861f,mikl_gse173098|mikl_gse173098|neurite_soma_mpra|GFP 3UTR MPRA|Neuro-2a|mikl:Chrdl1:1800.0:de9085c87984861f,3,False
3be2580074097529,0,mikl_gse173098|mikl_gse173098|neurite_soma_mpra|GFP 3UTR MPRA|CAD|mikl:Chrdl1:250.0:26521793fe5b6a4f,mikl_gse173098|mikl_gse173098|neurite_soma_mpra|GFP 3UTR MPRA|Neuro-2a|mikl:Chrdl1:250.0:26521793fe5b6a4f,3,True
3be2580074097529,0,mikl_gse173098|mikl_gse173098|neurite_soma_mpra|GFP 3UTR MPRA|CAD|mikl:Chrdl1:1900.0:a553ef926ab8c1bf,mikl_gse173098|mikl_gse173098|neurite_soma_mpra|GFP 3UTR MPRA|Neuro-2a|mikl:Chrdl1:1900.0:a553ef926ab8c1bf,3,False
3be2580074097529,0,mikl_gse173098|mikl_gse173098|neurite_soma_mpra|GFP 3UTR MPRA|CAD|mikl:Chrdl1:1850.0:aa875be35f9c7e41,mikl_gse173098|mikl_gse173098|neurite_soma_mpra|GFP 3UTR MPRA|Neuro-2a|mikl:Chrdl1:1850.0:aa875be35f9c7e41,2,True
3be2580074097529,0,mikl_gse173098|mikl_gse173098|neurite_soma_mpra|GFP 3UTR MPRA|CAD|mikl:Chrdl1:150.0:b9218a6363bcf818,mikl_gse173098|mikl_gse173098|neurite_soma_mpra|GFP 3UTR MPRA|Neuro-2a|mikl:Chrdl1:150.0:b9218a6363bcf818,2,True
3be2580074097529,0,mikl_gse173098|mikl_gse173098|neurite_soma_mpra|GFP 3UTR MPRA|CAD|mikl:Chrdl1:1100.0:d513efd0532aed8f,mikl_gse173098|mikl_gse173098|neurite_soma_mpra|GFP 3UTR MPRA|Neuro-2a|mikl:Chrdl1:1100.0:d513efd0532aed8f,2,True
3be2580074097529,0,mikl_gse173098|mikl_gse173098|neurite_soma_mpra|GFP 3UTR MPRA|CAD|mikl:Chrdl1:1700.0:b6ce9145a782a35b,mikl_gse173098|mikl_gse173098|neurite_soma_mpra|GFP 3UTR MPRA|Neuro-2a|mikl:Chrdl1:1700.0:b6ce9145a782a35b,2,False
3be2580074097529,0,mikl_gse173098|mikl_gse173098|neurite_soma_mpra|GFP 3UTR MPRA|CAD|mikl:Chrdl1:1750.0:e1d30425366bbb76,mikl_gse173098|mikl_gse173098|neurite_soma_mpra|GFP 3UTR MPRA|Neuro-2a|mikl:Chrdl1:1750.0:e1d30425366bbb76,3,False
3be2580074097529,0,mikl_gse173098|mikl_gse173098|neurite_soma_mpra|GFP 3UTR MPRA|CAD|mikl:Chrdl1:200.0:12a461ddcee77e45,mikl_gse173098|mikl_gse173098|neurite_soma_mpra|GFP 3UTR MPRA|Neuro-2a|mikl:Chrdl1:200.0:12a461ddcee77e45,2,False
3be2580074097529,0,mikl_gse173098|mikl_gse173098|neurite_soma_mpra|GFP 3UTR MPRA|CAD|mikl:Chrdl1:1950.0:46b8e953bc3576eb,mikl_gse173098|mikl_gse173098|neurite_soma_mpra|GFP 3UTR MPRA|Neuro-2a|mikl:Chrdl1:1950.0:46b8e953bc3576eb,3,False
3be2580074097529,0,mikl_gse173098|mikl_gse173098|neurite_soma_mpra|GFP 3UTR MPRA|CAD|mikl:Chrdl1:1150.0:5b9e38ba95e91a3b,mikl_gse173098|mikl_gse173098|neurite_soma_mpra|GFP 3UTR MPRA|Neuro-2a|mikl:Chrdl1:1150.0:5b9e38ba95e91a3b,2,True
3c1914abfaada767,1,mikl_gse173098|mikl_gse173098|neurite_soma_mpra|GFP 3UTR MPRA|CAD|mikl:Pde2a:450.0:2623da60a23f9e62,mikl_gse173098|mikl_gse173098|neurite_soma_mpra|GFP 3UTR MPRA|Neuro-2a|mikl:Pde2a:450.0:2623da60a23f9e62,2,True
3c1914abfaada767,1,mikl_gse173098|mikl_gse173098|neurite_soma_mpra|GFP 3UTR MPRA|CAD|mikl:Pde2a:400.0:3dc5468c33503c1f,mikl_gse173098|mikl_gse173098|neurite_soma_mpra|GFP 3UTR MPRA|Neuro-2a|mikl:Pde2a:400.0:3dc5468c33503c1f,2,True
3c1914abfaada767,1,mikl_gse173098|mikl_gse173098|neurite_soma_mpra|GFP 3UTR MPRA|CAD|mikl:Pde2a:100.0:5fe68a7121bec412,mikl_gse173098|mikl_gse173098|neurite_soma_mpra|GFP 3UTR MPRA|Neuro-2a|mikl:Pde2a:100.0:5fe68a7121bec412,2,True
3c1914abfaada767,1,mikl_gse173098|mikl_gse173098|neurite_soma_mpra|GFP 3UTR MPRA|CAD|mikl:Pde2a:3550.0:3512568918d0fb66,mikl_gse173098|mikl_gse173098|neurite_soma_mpra|GFP 3UTR MPRA|Neuro-2a|mikl:Pde2a:3550.0:3512568918d0fb66,2,False
3c1914abfaada767,1,mikl_gse173098|mikl_gse173098|neurite_soma_mpra|GFP 3UTR MPRA|CAD|mikl:Pde2a:0.0:44be51b091b53a9f,mikl_gse173098|mikl_gse173098|neurite_soma_mpra|GFP 3UTR MPRA|Neuro-2a|mikl:Pde2a:0.0:44be51b091b53a9f,2,False
3c1914abfaada767,1,mikl_gse173098|mikl_gse173098|neurite_soma_mpra|GFP 3UTR MPRA|CAD|mikl:Pde2a:2650.0:5b4778ecdb73ea8d,mikl_gse173098|mikl_gse173098|neurite_soma_mpra|GFP 3UTR MPRA|Neuro-2a|mikl:Pde2a:2650.0:5b4778ecdb73ea8d,2,False
3c1914abfaada767,1,mikl_gse173098|mikl_gse173098|neurite_soma_mpra|GFP 3UTR MPRA|CAD|mikl:Pde2a:2750.0:6f6e808d6f6b3c93,mikl_gse173098|mikl_gse173098|neurite_soma_mpra|GFP 3UTR MPRA|Neuro-2a|mikl:Pde2a:2750.0:6f6e808d6f6b3c93,2,True
3c1914abfaada767,1,mikl_gse173098|mikl_gse173098|neurite_soma_mpra|GFP 3UTR MPRA|CAD|mikl:Pde2a:900.0:ba19096fd61bc10b,mikl_gse173098|mikl_gse173098|neurite_soma_mpra|GFP 3UTR MPRA|Neuro-2a|mikl:Pde2a:900.0:ba19096fd61bc10b,2,True
3c1914abfaada767,1,mikl_gse173098|mikl_gse173098|neurite_soma_mpra|GFP 3UTR MPRA|CAD|mikl:Pde2a:750.0:57221c82ca3834c1,mikl_gse173098|mikl_gse173098|neurite_soma_mpra|GFP 3UTR MPRA|Neuro-2a|mikl:Pde2a:750.0:57221c82ca3834c1,2,False
3c21c2fa2ab8cf4b,1,mikl_gse173098|mikl_gse173098|neurite_soma_mpra|GFP 3UTR MPRA|CAD|mikl:Slc22a15:4400.0:51a98109d39fffd6,mikl_gse173098|mikl_gse173098|neurite_soma_mpra|GFP 3UTR MPRA|Neuro-2a|mikl:Slc22a15:4400.0:51a98109d39fffd6,2,False
3c21c2fa2ab8cf4b,1,mikl_gse173098|mikl_gse173098|neurite_soma_mpra|GFP 3UTR MPRA|CAD|mikl:Slc22a15:750.0:6bcb63974dfbb433,mikl_gse173098|mikl_gse173098|neurite_soma_mpra|GFP 3UTR MPRA|Neuro-2a|mikl:Slc22a15:750.0:6bcb63974dfbb433,2,False
3c21c2fa2ab8cf4b,1,mikl_gse173098|mikl_gse173098|neurite_soma_mpra|GFP 3UTR MPRA|CAD|mikl:Slc22a15:1300.0:19e13098ada52781,mikl_gse173098|mikl_gse173098|neurite_soma_mpra|GFP 3UTR MPRA|Neuro-2a|mikl:Slc22a15:1300.0:19e13098ada52781,2,False
3c21c2fa2ab8cf4b,1,mikl_gse173098|mikl_gse173098|neurite_soma_mpra|GFP 3UTR MPRA|CAD|mikl:Slc22a15:200.0:03eae3631c2f34a0,mikl_gse173098|mikl_gse173098|neurite_soma_mpra|GFP 3UTR MPRA|Neuro-2a|mikl:Slc22a15:200.0:03eae3631c2f34a0,2,False
3c21c2fa2ab8cf4b,1,mikl_gse173098|mikl_gse173098|neurite_soma_mpra|GFP 3UTR MPRA|CAD|mikl:Slc22a15:700.0:5ea84b22439cbce0,mikl_gse173098|mikl_gse173098|neurite_soma_mpra|GFP 3UTR MPRA|Neuro-2a|mikl:Slc22a15:700.0:5ea84b22439cbce0,2,False
3c21c2fa2ab8cf4b,1,mikl_gse173098|mikl_gse173098|neurite_soma_mpra|GFP 3UTR MPRA|CAD|mikl:Slc22a15:4350.0:58c7a8bf28eeb157,mikl_gse173098|mikl_gse173098|neurite_soma_mpra|GFP 3UTR MPRA|Neuro-2a|mikl:Slc22a15:4350.0:58c7a8bf28eeb157,2,False
3d7e05cea405fadd,1,mikl_gse173098|mikl_gse173098|neurite_soma_mpra|GFP 3UTR MPRA|CAD|mikl:Slc17a7:0.0:ec8d616167582b14,mikl_gse173098|mikl_gse173098|neurite_soma_mpra|GFP 3UTR MPRA|Neuro-2a|mikl:Slc17a7:0.0:ec8d616167582b14,2,True
3d7e05cea405fadd,1,mikl_gse173098|mikl_gse173098|neurite_soma_mpra|GFP 3UTR MPRA|CAD|mikl:Slc17a7:50.0:2730ae66a8a95da8,mikl_gse173098|mikl_gse173098|neurite_soma_mpra|GFP 3UTR MPRA|Neuro-2a|mikl:Slc17a7:50.0:2730ae66a8a95da8,2,False
3d7e05cea405fadd,1,mikl_gse173098|mikl_gse173098|neurite_soma_mpra|GFP 3UTR MPRA|CAD|mikl:Slc17a7:200.0:6559f477506f4722,mikl_gse173098|mikl_gse173098|neurite_soma_mpra|GFP 3UTR MPRA|Neuro-2a|mikl:Slc17a7:200.0:6559f477506f4722,2,False
3d7e05cea405fadd,1,mikl_gse173098|mikl_gse173098|neurite_soma_mpra|GFP 3UTR MPRA|CAD|mikl:Slc17a7:150.0:3b560de145add18f,mikl_gse173098|mikl_gse173098|neurite_soma_mpra|GFP 3UTR MPRA|Neuro-2a|mikl:Slc17a7:150.0:3b560de145add18f,2,True
41b8c9c04dd984c5,0,mikl_gse173098|mikl_gse173098|neurite_soma_mpra|GFP 3UTR MPRA|CAD|mikl:Adap2:300.0:1def4fca0d3f6c2e,mikl_gse173098|mikl_gse173098|neurite_soma_mpra|GFP 3UTR MPRA|Neuro-2a|mikl:Adap2:300.0:1def4fca0d3f6c2e,3,False
43a6b71d4dd1cb9e,0,mikl_gse173098|mikl_gse173098|neurite_soma_mpra|GFP 3UTR MPRA|CAD|mikl:Prlr:600.0:dfa1c8094bb771f7,mikl_gse173098|mikl_gse173098|neurite_soma_mpra|GFP 3UTR MPRA|Neuro-2a|mikl:Prlr:600.0:dfa1c8094bb771f7,2,True
43a6b71d4dd1cb9e,0,mikl_gse173098|mikl_gse173098|neurite_soma_mpra|GFP 3UTR MPRA|CAD|mikl:Prlr:500.0:765f15a6b31bd52e,mikl_gse173098|mikl_gse173098|neurite_soma_mpra|GFP 3UTR MPRA|Neuro-2a|mikl:Prlr:500.0:765f15a6b31bd52e,2,False
43a6b71d4dd1cb9e,0,mikl_gse173098|mikl_gse173098|neurite_soma_mpra|GFP 3UTR MPRA|CAD|mikl:Prlr:0.0:bd9d27f8a471d9e7,mikl_gse173098|mikl_gse173098|neurite_soma_mpra|GFP 3UTR MPRA|Neuro-2a|mikl:Prlr:0.0:bd9d27f8a471d9e7,2,True
43a6b71d4dd1cb9e,0,mikl_gse173098|mikl_gse173098|neurite_soma_mpra|GFP 3UTR MPRA|CAD|mikl:Prlr:650.0:ac55563bef23d5a7,mikl_gse173098|mikl_gse173098|neurite_soma_mpra|GFP 3UTR MPRA|Neuro-2a|mikl:Prlr:650.0:ac55563bef23d5a7,2,True
43a6b71d4dd1cb9e,0,mikl_gse173098|mikl_gse173098|neurite_soma_mpra|GFP 3UTR MPRA|CAD|mikl:Prlr:550.0:f2c170cd9fcb7778,mikl_gse173098|mikl_gse173098|neurite_soma_mpra|GFP 3UTR MPRA|Neuro-2a|mikl:Prlr:550.0:f2c170cd9fcb7778,2,True
43a6b71d4dd1cb9e,0,mikl_gse173098|mikl_gse173098|neurite_soma_mpra|GFP 3UTR MPRA|CAD|mikl:Prlr:650.0:603989e26456c002,mikl_gse173098|mikl_gse173098|neurite_soma_mpra|GFP 3UTR MPRA|Neuro-2a|mikl:Prlr:650.0:603989e26456c002,2,True
461f487f8a34e092,0,mikl_gse173098|mikl_gse173098|neurite_soma_mpra|GFP 3UTR MPRA|CAD|mikl:Pdpk1:5150.0:e557324d8fa603a8,mikl_gse173098|mikl_gse173098|neurite_soma_mpra|GFP 3UTR MPRA|Neuro-2a|mikl:Pdpk1:5150.0:e557324d8fa603a8,6,False
461f487f8a34e092,0,mikl_gse173098|mikl_gse173098|neurite_soma_mpra|GFP 3UTR MPRA|CAD|mikl:Pdpk1:4650.0:e00d7a5252c50503,mikl_gse173098|mikl_gse173098|neurite_soma_mpra|GFP 3UTR MPRA|Neuro-2a|mikl:Pdpk1:4650.0:e00d7a5252c50503,4,False
461f487f8a34e092,0,mikl_gse173098|mikl_gse173098|neurite_soma_mpra|GFP 3UTR MPRA|CAD|mikl:Pdpk1:1350.0:93ccaa241cf02f1b,mikl_gse173098|mikl_gse173098|neurite_soma_mpra|GFP 3UTR MPRA|Neuro-2a|mikl:Pdpk1:1350.0:93ccaa241cf02f1b,3,False
461f487f8a34e092,0,mikl_gse173098|mikl_gse173098|neurite_soma_mpra|GFP 3UTR MPRA|CAD|mikl:Pdpk1:350.0:639fffcc48588363,mikl_gse173098|mikl_gse173098|neurite_soma_mpra|GFP 3UTR MPRA|Neuro-2a|mikl:Pdpk1:350.0:639fffcc48588363,2,False
461f487f8a34e092,0,mikl_gse173098|mikl_gse173098|neurite_soma_mpra|GFP 3UTR MPRA|CAD|mikl:Pdpk1:5100.0:a2275b2b88c71a16,mikl_gse173098|mikl_gse173098|neurite_soma_mpra|GFP 3UTR MPRA|Neuro-2a|mikl:Pdpk1:5100.0:a2275b2b88c71a16,7,False
461f487f8a34e092,0,mikl_gse173098|mikl_gse173098|neurite_soma_mpra|GFP 3UTR MPRA|CAD|mikl:Pdpk1:500.0:0896ec755060d560,mikl_gse173098|mikl_gse173098|neurite_soma_mpra|GFP 3UTR MPRA|Neuro-2a|mikl:Pdpk1:500.0:0896ec755060d560,5,False
461f487f8a34e092,0,mikl_gse173098|mikl_gse173098|neurite_soma_mpra|GFP 3UTR MPRA|CAD|mikl:Pdpk1:2400.0:01755e291fbbe5b5,mikl_gse173098|mikl_gse173098|neurite_soma_mpra|GFP 3UTR MPRA|Neuro-2a|mikl:Pdpk1:2400.0:01755e291fbbe5b5,2,False
461f487f8a34e092,0,mikl_gse173098|mikl_gse173098|neurite_soma_mpra|GFP 3UTR MPRA|CAD|mikl:Pdpk1:950.0:967371313cf53755,mikl_gse173098|mikl_gse173098|neurite_soma_mpra|GFP 3UTR MPRA|Neuro-2a|mikl:Pdpk1:950.0:967371313cf53755,4,False
461f487f8a34e092,0,mikl_gse173098|mikl_gse173098|neurite_soma_mpra|GFP 3UTR MPRA|CAD|mikl:Pdpk1:4850.0:18827f9dedb3725e,mikl_gse173098|mikl_gse173098|neurite_soma_mpra|GFP 3UTR MPRA|Neuro-2a|mikl:Pdpk1:4850.0:18827f9dedb3725e,8,False
461f487f8a34e092,0,mikl_gse173098|mikl_gse173098|neurite_soma_mpra|GFP 3UTR MPRA|CAD|mikl:Pdpk1:2850.0:e68cc9f3bb5d9f52,mikl_gse173098|mikl_gse173098|neurite_soma_mpra|GFP 3UTR MPRA|Neuro-2a|mikl:Pdpk1:2850.0:e68cc9f3bb5d9f52,5,False
461f487f8a34e092,0,mikl_gse173098|mikl_gse173098|neurite_soma_mpra|GFP 3UTR MPRA|CAD|mikl:Pdpk1:3800.0:70366be7cdcaab91,mikl_gse173098|mikl_gse173098|neurite_soma_mpra|GFP 3UTR MPRA|Neuro-2a|mikl:Pdpk1:3800.0:70366be7cdcaab91,5,False
461f487f8a34e092,0,mikl_gse173098|mikl_gse173098|neurite_soma_mpra|GFP 3UTR MPRA|CAD|mikl:Pdpk1:3700.0:fea6759508140353,mikl_gse173098|mikl_gse173098|neurite_soma_mpra|GFP 3UTR MPRA|Neuro-2a|mikl:Pdpk1:3700.0:fea6759508140353,2,True
461f487f8a34e092,0,mikl_gse173098|mikl_gse173098|neurite_soma_mpra|GFP 3UTR MPRA|CAD|mikl:Pdpk1:2900.0:bbdf3c71cf8e62c3,mikl_gse173098|mikl_gse173098|neurite_soma_mpra|GFP 3UTR MPRA|Neuro-2a|mikl:Pdpk1:2900.0:bbdf3c71cf8e62c3,4,False
461f487f8a34e092,0,mikl_gse173098|mikl_gse173098|neurite_soma_mpra|GFP 3UTR MPRA|CAD|mikl:Pdpk1:5050.0:766d24284c96d412,mikl_gse173098|mikl_gse173098|neurite_soma_mpra|GFP 3UTR MPRA|Neuro-2a|mikl:Pdpk1:5050.0:766d24284c96d412,4,False
461f487f8a34e092,0,mikl_gse173098|mikl_gse173098|neurite_soma_mpra|GFP 3UTR MPRA|CAD|mikl:Pdpk1:800.0:e484e5e6bad27c7f,mikl_gse173098|mikl_gse173098|neurite_soma_mpra|GFP 3UTR MPRA|Neuro-2a|mikl:Pdpk1:800.0:e484e5e6bad27c7f,2,True
461f487f8a34e092,0,mikl_gse173098|mikl_gse173098|neurite_soma_mpra|GFP 3UTR MPRA|CAD|mikl:Pdpk1:3500.0:48276206e5d48e11,mikl_gse173098|mikl_gse173098|neurite_soma_mpra|GFP 3UTR MPRA|Neuro-2a|mikl:Pdpk1:3500.0:48276206e5d48e11,2,True
461f487f8a34e092,0,mikl_gse173098|mikl_gse173098|neurite_soma_mpra|GFP 3UTR MPRA|CAD|mikl:Pdpk1:3900.0:e683d7e99ded0849,mikl_gse173098|mikl_gse173098|neurite_soma_mpra|GFP 3UTR MPRA|Neuro-2a|mikl:Pdpk1:3900.0:e683d7e99ded0849,3,False
461f487f8a34e092,0,mikl_gse173098|mikl_gse173098|neurite_soma_mpra|GFP 3UTR MPRA|CAD|mikl:Pdpk1:2000.0:2e703629fb3354dc,mikl_gse173098|mikl_gse173098|neurite_soma_mpra|GFP 3UTR MPRA|Neuro-2a|mikl:Pdpk1:2000.0:2e703629fb3354dc,2,False
461f487f8a34e092,0,mikl_gse173098|mikl_gse173098|neurite_soma_mpra|GFP 3UTR MPRA|CAD|mikl:Pdpk1:400.0:9e40f7d778736fa6,mikl_gse173098|mikl_gse173098|neurite_soma_mpra|GFP 3UTR MPRA|Neuro-2a|mikl:Pdpk1:400.0:9e40f7d778736fa6,2,False
461f487f8a34e092,0,mikl_gse173098|mikl_gse173098|neurite_soma_mpra|GFP 3UTR MPRA|CAD|mikl:Pdpk1:50.0:159604f8c97b3321,mikl_gse173098|mikl_gse173098|neurite_soma_mpra|GFP 3UTR MPRA|Neuro-2a|mikl:Pdpk1:50.0:159604f8c97b3321,6,False
461f487f8a34e092,0,mikl_gse173098|mikl_gse173098|neurite_soma_mpra|GFP 3UTR MPRA|CAD|mikl:Pdpk1:0.0:5e6212c1e0643181,mikl_gse173098|mikl_gse173098|neurite_soma_mpra|GFP 3UTR MPRA|Neuro-2a|mikl:Pdpk1:0.0:5e6212c1e0643181,4,False
461f487f8a34e092,0,mikl_gse173098|mikl_gse173098|neurite_soma_mpra|GFP 3UTR MPRA|CAD|mikl:Pdpk1:3750.0:43afa4496770bcfa,mikl_gse173098|mikl_gse173098|neurite_soma_mpra|GFP 3UTR MPRA|Neuro-2a|mikl:Pdpk1:3750.0:43afa4496770bcfa,5,False
461f487f8a34e092,0,mikl_gse173098|mikl_gse173098|neurite_soma_mpra|GFP 3UTR MPRA|CAD|mikl:Pdpk1:900.0:274961afd90f8ab6,mikl_gse173098|mikl_gse173098|neurite_soma_mpra|GFP 3UTR MPRA|Neuro-2a|mikl:Pdpk1:900.0:274961afd90f8ab6,4,True
461f487f8a34e092,0,mikl_gse173098|mikl_gse173098|neurite_soma_mpra|GFP 3UTR MPRA|CAD|mikl:Pdpk1:3050.0:e6cfe30e562774d2,mikl_gse173098|mikl_gse173098|neurite_soma_mpra|GFP 3UTR MPRA|Neuro-2a|mikl:Pdpk1:3050.0:e6cfe30e562774d2,2,True
461f487f8a34e092,0,mikl_gse173098|mikl_gse173098|neurite_soma_mpra|GFP 3UTR MPRA|CAD|mikl:Pdpk1:4700.0:5abec660e77f47b6,mikl_gse173098|mikl_gse173098|neurite_soma_mpra|GFP 3UTR MPRA|Neuro-2a|mikl:Pdpk1:4700.0:5abec660e77f47b6,3,False
461f487f8a34e092,0,mikl_gse173098|mikl_gse173098|neurite_soma_mpra|GFP 3UTR MPRA|CAD|mikl:Pdpk1:150.0:d027faa49d942189,mikl_gse173098|mikl_gse173098|neurite_soma_mpra|GFP 3UTR MPRA|Neuro-2a|mikl:Pdpk1:150.0:d027faa49d942189,6,False
461f487f8a34e092,0,mikl_gse173098|mikl_gse173098|neurite_soma_mpra|GFP 3UTR MPRA|CAD|mikl:Pdpk1:1100.0:810222e41666b45b,mikl_gse173098|mikl_gse173098|neurite_soma_mpra|GFP 3UTR MPRA|Neuro-2a|mikl:Pdpk1:1100.0:810222e41666b45b,2,False
461f487f8a34e092,0,mikl_gse173098|mikl_gse173098|neurite_soma_mpra|GFP 3UTR MPRA|CAD|mikl:Pdpk1:450.0:c4dc66962d41c19f,mikl_gse173098|mikl_gse173098|neurite_soma_mpra|GFP 3UTR MPRA|Neuro-2a|mikl:Pdpk1:450.0:c4dc66962d41c19f,4,False
461f487f8a34e092,0,mikl_gse173098|mikl_gse173098|neurite_soma_mpra|GFP 3UTR MPRA|CAD|mikl:Pdpk1:1000.0:435c27bc30c051f1,mikl_gse173098|mikl_gse173098|neurite_soma_mpra|GFP 3UTR MPRA|Neuro-2a|mikl:Pdpk1:1000.0:435c27bc30c051f1,3,False
461f487f8a34e092,0,mikl_gse173098|mikl_gse173098|neurite_soma_mpra|GFP 3UTR MPRA|CAD|mikl:Pdpk1:2450.0:686df8d1b26654cb,mikl_gse173098|mikl_gse173098|neurite_soma_mpra|GFP 3UTR MPRA|Neuro-2a|mikl:Pdpk1:2450.0:686df8d1b26654cb,2,False
461f487f8a34e092,0,mikl_gse173098|mikl_gse173098|neurite_soma_mpra|GFP 3UTR MPRA|CAD|mikl:Pdpk1:1450.0:c5b6f1c41986fb43,mikl_gse173098|mikl_gse173098|neurite_soma_mpra|GFP 3UTR MPRA|Neuro-2a|mikl:Pdpk1:1450.0:c5b6f1c41986fb43,2,False
461f487f8a34e092,0,mikl_gse173098|mikl_gse173098|neurite_soma_mpra|GFP 3UTR MPRA|CAD|mikl:Pdpk1:2150.0:c44d14bd581e279b,mikl_gse173098|mikl_gse173098|neurite_soma_mpra|GFP 3UTR MPRA|Neuro-2a|mikl:Pdpk1:2150.0:c44d14bd581e279b,4,False
461f487f8a34e092,0,mikl_gse173098|mikl_gse173098|neurite_soma_mpra|GFP 3UTR MPRA|CAD|mikl:Pdpk1:1150.0:82296023b854b05d,mikl_gse173098|mikl_gse173098|neurite_soma_mpra|GFP 3UTR MPRA|Neuro-2a|mikl:Pdpk1:1150.0:82296023b854b05d,3,False
461f487f8a34e092,0,mikl_gse173098|mikl_gse173098|neurite_soma_mpra|GFP 3UTR MPRA|CAD|mikl:Pdpk1:4800.0:0d9eebe36ba061d1,mikl_gse173098|mikl_gse173098|neurite_soma_mpra|GFP 3UTR MPRA|Neuro-2a|mikl:Pdpk1:4800.0:0d9eebe36ba061d1,5,False
461f487f8a34e092,0,mikl_gse173098|mikl_gse173098|neurite_soma_mpra|GFP 3UTR MPRA|CAD|mikl:Pdpk1:750.0:31e1c53e0a207436,mikl_gse173098|mikl_gse173098|neurite_soma_mpra|GFP 3UTR MPRA|Neuro-2a|mikl:Pdpk1:750.0:31e1c53e0a207436,2,False
461f487f8a34e092,0,mikl_gse173098|mikl_gse173098|neurite_soma_mpra|GFP 3UTR MPRA|CAD|mikl:Pdpk1:1850.0:b1f621543c83db1d,mikl_gse173098|mikl_gse173098|neurite_soma_mpra|GFP 3UTR MPRA|Neuro-2a|mikl:Pdpk1:1850.0:b1f621543c83db1d,2,True
461f487f8a34e092,0,mikl_gse173098|mikl_gse173098|neurite_soma_mpra|GFP 3UTR MPRA|CAD|mikl:Pdpk1:2700.0:1d29b31f24b6e4a4,mikl_gse173098|mikl_gse173098|neurite_soma_mpra|GFP 3UTR MPRA|Neuro-2a|mikl:Pdpk1:2700.0:1d29b31f24b6e4a4,4,False
461f487f8a34e092,0,mikl_gse173098|mikl_gse173098|neurite_soma_mpra|GFP 3UTR MPRA|CAD|mikl:Pdpk1:4900.0:248c60bd0a10bf37,mikl_gse173098|mikl_gse173098|neurite_soma_mpra|GFP 3UTR MPRA|Neuro-2a|mikl:Pdpk1:4900.0:248c60bd0a10bf37,8,False
461f487f8a34e092,0,mikl_gse173098|mikl_gse173098|neurite_soma_mpra|GFP 3UTR MPRA|CAD|mikl:Pdpk1:4750.0:4b674fab32ee622e,mikl_gse173098|mikl_gse173098|neurite_soma_mpra|GFP 3UTR MPRA|Neuro-2a|mikl:Pdpk1:4750.0:4b674fab32ee622e,2,False
461f487f8a34e092,0,mikl_gse173098|mikl_gse173098|neurite_soma_mpra|GFP 3UTR MPRA|CAD|mikl:Pdpk1:3400.0:2ecb9dc0d900c1a4,mikl_gse173098|mikl_gse173098|neurite_soma_mpra|GFP 3UTR MPRA|Neuro-2a|mikl:Pdpk1:3400.0:2ecb9dc0d900c1a4,3,False
461f487f8a34e092,0,mikl_gse173098|mikl_gse173098|neurite_soma_mpra|GFP 3UTR MPRA|CAD|mikl:Pdpk1:1300.0:2cad24bd8e60ee39,mikl_gse173098|mikl_gse173098|neurite_soma_mpra|GFP 3UTR MPRA|Neuro-2a|mikl:Pdpk1:1300.0:2cad24bd8e60ee39,2,False
461f487f8a34e092,0,mikl_gse173098|mikl_gse173098|neurite_soma_mpra|GFP 3UTR MPRA|CAD|mikl:Pdpk1:2050.0:4731bea3e6d7be13,mikl_gse173098|mikl_gse173098|neurite_soma_mpra|GFP 3UTR MPRA|Neuro-2a|mikl:Pdpk1:2050.0:4731bea3e6d7be13,4,False
461f487f8a34e092,0,mikl_gse173098|mikl_gse173098|neurite_soma_mpra|GFP 3UTR MPRA|CAD|mikl:Pdpk1:3150.0:07e7650e8d0a0624,mikl_gse173098|mikl_gse173098|neurite_soma_mpra|GFP 3UTR MPRA|Neuro-2a|mikl:Pdpk1:3150.0:07e7650e8d0a0624,2,True
461f487f8a34e092,0,mikl_gse173098|mikl_gse173098|neurite_soma_mpra|GFP 3UTR MPRA|CAD|mikl:Pdpk1:3350.0:c855716ad8424231,mikl_gse173098|mikl_gse173098|neurite_soma_mpra|GFP 3UTR MPRA|Neuro-2a|mikl:Pdpk1:3350.0:c855716ad8424231,2,False
461f487f8a34e092,0,mikl_gse173098|mikl_gse173098|neurite_soma_mpra|GFP 3UTR MPRA|CAD|mikl:Pdpk1:2750.0:a49db52a8c7d9c9e,mikl_gse173098|mikl_gse173098|neurite_soma_mpra|GFP 3UTR MPRA|Neuro-2a|mikl:Pdpk1:2750.0:a49db52a8c7d9c9e,4,False
461f487f8a34e092,0,mikl_gse173098|mikl_gse173098|neurite_soma_mpra|GFP 3UTR MPRA|CAD|mikl:Pdpk1:2800.0:10d810c2719edbc7,mikl_gse173098|mikl_gse173098|neurite_soma_mpra|GFP 3UTR MPRA|Neuro-2a|mikl:Pdpk1:2800.0:10d810c2719edbc7,4,False
461f487f8a34e092,0,mikl_gse173098|mikl_gse173098|neurite_soma_mpra|GFP 3UTR MPRA|CAD|mikl:Pdpk1:2100.0:273d4e487a4dc1b0,mikl_gse173098|mikl_gse173098|neurite_soma_mpra|GFP 3UTR MPRA|Neuro-2a|mikl:Pdpk1:2100.0:273d4e487a4dc1b0,4,False
461f487f8a34e092,0,mikl_gse173098|mikl_gse173098|neurite_soma_mpra|GFP 3UTR MPRA|CAD|mikl:Pdpk1:100.0:75282331a5f542db,mikl_gse173098|mikl_gse173098|neurite_soma_mpra|GFP 3UTR MPRA|Neuro-2a|mikl:Pdpk1:100.0:75282331a5f542db,6,False
461f487f8a34e092,0,mikl_gse173098|mikl_gse173098|neurite_soma_mpra|GFP 3UTR MPRA|CAD|mikl:Pdpk1:3250.0:4eeca2e3f5b0b95c,mikl_gse173098|mikl_gse173098|neurite_soma_mpra|GFP 3UTR MPRA|Neuro-2a|mikl:Pdpk1:3250.0:4eeca2e3f5b0b95c,5,False
461f487f8a34e092,0,mikl_gse173098|mikl_gse173098|neurite_soma_mpra|GFP 3UTR MPRA|CAD|mikl:Pdpk1:3300.0:18d5b46f67eb1f00,mikl_gse173098|mikl_gse173098|neurite_soma_mpra|GFP 3UTR MPRA|Neuro-2a|mikl:Pdpk1:3300.0:18d5b46f67eb1f00,5,False
461f487f8a34e092,0,mikl_gse173098|mikl_gse173098|neurite_soma_mpra|GFP 3UTR MPRA|CAD|mikl:Pdpk1:2650.0:10f9639a9366731c,mikl_gse173098|mikl_gse173098|neurite_soma_mpra|GFP 3UTR MPRA|Neuro-2a|mikl:Pdpk1:2650.0:10f9639a9366731c,3,True
461f487f8a34e092,0,mikl_gse173098|mikl_gse173098|neurite_soma_mpra|GFP 3UTR MPRA|CAD|mikl:Pdpk1:2200.0:3910a614d0b8bb4a,mikl_gse173098|mikl_gse173098|neurite_soma_mpra|GFP 3UTR MPRA|Neuro-2a|mikl:Pdpk1:2200.0:3910a614d0b8bb4a,2,False
461f487f8a34e092,0,mikl_gse173098|mikl_gse173098|neurite_soma_mpra|GFP 3UTR MPRA|CAD|mikl:Pdpk1:300.0:a3953dc04b22c3d3,mikl_gse173098|mikl_gse173098|neurite_soma_mpra|GFP 3UTR MPRA|Neuro-2a|mikl:Pdpk1:300.0:a3953dc04b22c3d3,2,False
461f487f8a34e092,0,mikl_gse173098|mikl_gse173098|neurite_soma_mpra|GFP 3UTR MPRA|CAD|mikl:Pdpk1:3850.0:0fc99b4e4561f4a0,mikl_gse173098|mikl_gse173098|neurite_soma_mpra|GFP 3UTR MPRA|Neuro-2a|mikl:Pdpk1:3850.0:0fc99b4e4561f4a0,6,False
461f487f8a34e092,0,mikl_gse173098|mikl_gse173098|neurite_soma_mpra|GFP 3UTR MPRA|CAD|mikl:Pdpk1:3550.0:ca4b0ff17157a2e8,mikl_gse173098|mikl_gse173098|neurite_soma_mpra|GFP 3UTR MPRA|Neuro-2a|mikl:Pdpk1:3550.0:ca4b0ff17157a2e8,2,False
461f487f8a34e092,0,mikl_gse173098|mikl_gse173098|neurite_soma_mpra|GFP 3UTR MPRA|CAD|mikl:Pdpk1:1200.0:feb424b38872e0bf,mikl_gse173098|mikl_gse173098|neurite_soma_mpra|GFP 3UTR MPRA|Neuro-2a|mikl:Pdpk1:1200.0:feb424b38872e0bf,2,True
461f487f8a34e092,0,mikl_gse173098|mikl_gse173098|neurite_soma_mpra|GFP 3UTR MPRA|CAD|mikl:Pdpk1:3200.0:d2979b82626d936f,mikl_gse173098|mikl_gse173098|neurite_soma_mpra|GFP 3UTR MPRA|Neuro-2a|mikl:Pdpk1:3200.0:d2979b82626d936f,3,True
470762b1b3a88292,1,mikl_gse173098|mikl_gse173098|neurite_soma_mpra|GFP 3UTR MPRA|CAD|mikl:Slc28a3:600.0:dd6abc6d50359c61,mikl_gse173098|mikl_gse173098|neurite_soma_mpra|GFP 3UTR MPRA|Neuro-2a|mikl:Slc28a3:600.0:dd6abc6d50359c61,2,False
470762b1b3a88292,1,mikl_gse173098|mikl_gse173098|neurite_soma_mpra|GFP 3UTR MPRA|CAD|mikl:Slc28a3:1200.0:cbda645f4ea6cc3f,mikl_gse173098|mikl_gse173098|neurite_soma_mpra|GFP 3UTR MPRA|Neuro-2a|mikl:Slc28a3:1200.0:cbda645f4ea6cc3f,2,True
470762b1b3a88292,1,mikl_gse173098|mikl_gse173098|neurite_soma_mpra|GFP 3UTR MPRA|CAD|mikl:Slc28a3:200.0:a26f89c83c4e4baa,mikl_gse173098|mikl_gse173098|neurite_soma_mpra|GFP 3UTR MPRA|Neuro-2a|mikl:Slc28a3:200.0:a26f89c83c4e4baa,3,False
470762b1b3a88292,1,mikl_gse173098|mikl_gse173098|neurite_soma_mpra|GFP 3UTR MPRA|CAD|mikl:Slc28a3:1250.0:7cae13a3571e5495,mikl_gse173098|mikl_gse173098|neurite_soma_mpra|GFP 3UTR MPRA|Neuro-2a|mikl:Slc28a3:1250.0:7cae13a3571e5495,2,False
470762b1b3a88292,1,mikl_gse173098|mikl_gse173098|neurite_soma_mpra|GFP 3UTR MPRA|CAD|mikl:Slc28a3:300.0:8d7f30e25daa0741,mikl_gse173098|mikl_gse173098|neurite_soma_mpra|GFP 3UTR MPRA|Neuro-2a|mikl:Slc28a3:300.0:8d7f30e25daa0741,3,False
470762b1b3a88292,1,mikl_gse173098|mikl_gse173098|neurite_soma_mpra|GFP 3UTR MPRA|CAD|mikl:Slc28a3:250.0:4c80abecb024068e,mikl_gse173098|mikl_gse173098|neurite_soma_mpra|GFP 3UTR MPRA|Neuro-2a|mikl:Slc28a3:250.0:4c80abecb024068e,2,True
479774413af4279e,1,mikl_gse173098|mikl_gse173098|neurite_soma_mpra|GFP 3UTR MPRA|CAD|mikl:Exo1:3850.0:826fa2fec932ddb9,mikl_gse173098|mikl_gse173098|neurite_soma_mpra|GFP 3UTR MPRA|Neuro-2a|mikl:Exo1:3850.0:826fa2fec932ddb9,3,False
479774413af4279e,1,mikl_gse173098|mikl_gse173098|neurite_soma_mpra|GFP 3UTR MPRA|CAD|mikl:Exo1:2450.0:118649ca8e4dd65e,mikl_gse173098|mikl_gse173098|neurite_soma_mpra|GFP 3UTR MPRA|Neuro-2a|mikl:Exo1:2450.0:118649ca8e4dd65e,2,False
479774413af4279e,1,mikl_gse173098|mikl_gse173098|neurite_soma_mpra|GFP 3UTR MPRA|CAD|mikl:Exo1:2000.0:48ae3b97abf98dd7,mikl_gse173098|mikl_gse173098|neurite_soma_mpra|GFP 3UTR MPRA|Neuro-2a|mikl:Exo1:2000.0:48ae3b97abf98dd7,3,True
479774413af4279e,1,mikl_gse173098|mikl_gse173098|neurite_soma_mpra|GFP 3UTR MPRA|CAD|mikl:Exo1:4400.0:823685cf62564972,mikl_gse173098|mikl_gse173098|neurite_soma_mpra|GFP 3UTR MPRA|Neuro-2a|mikl:Exo1:4400.0:823685cf62564972,2,False
479774413af4279e,1,mikl_gse173098|mikl_gse173098|neurite_soma_mpra|GFP 3UTR MPRA|CAD|mikl:Exo1:2500.0:c2e7ec0b101c9bd8,mikl_gse173098|mikl_gse173098|neurite_soma_mpra|GFP 3UTR MPRA|Neuro-2a|mikl:Exo1:2500.0:c2e7ec0b101c9bd8,3,False
479774413af4279e,1,mikl_gse173098|mikl_gse173098|neurite_soma_mpra|GFP 3UTR MPRA|CAD|mikl:Exo1:1250.0:4684f981b630eab7,mikl_gse173098|mikl_gse173098|neurite_soma_mpra|GFP 3UTR MPRA|Neuro-2a|mikl:Exo1:1250.0:4684f981b630eab7,2,False
479774413af4279e,1,mikl_gse173098|mikl_gse173098|neurite_soma_mpra|GFP 3UTR MPRA|CAD|mikl:Exo1:650.0:83eb7546366cb92d,mikl_gse173098|mikl_gse173098|neurite_soma_mpra|GFP 3UTR MPRA|Neuro-2a|mikl:Exo1:650.0:83eb7546366cb92d,3,False
479774413af4279e,1,mikl_gse173098|mikl_gse173098|neurite_soma_mpra|GFP 3UTR MPRA|CAD|mikl:Exo1:4500.0:682aa9e53f446744,mikl_gse173098|mikl_gse173098|neurite_soma_mpra|GFP 3UTR MPRA|Neuro-2a|mikl:Exo1:4500.0:682aa9e53f446744,2,False
479774413af4279e,1,mikl_gse173098|mikl_gse173098|neurite_soma_mpra|GFP 3UTR MPRA|CAD|mikl:Exo1:1300.0:8b15493e8aa2a991,mikl_gse173098|mikl_gse173098|neurite_soma_mpra|GFP 3UTR MPRA|Neuro-2a|mikl:Exo1:1300.0:8b15493e8aa2a991,2,False
479774413af4279e,1,mikl_gse173098|mikl_gse173098|neurite_soma_mpra|GFP 3UTR MPRA|CAD|mikl:Exo1:600.0:89106f6d56057185,mikl_gse173098|mikl_gse173098|neurite_soma_mpra|GFP 3UTR MPRA|Neuro-2a|mikl:Exo1:600.0:89106f6d56057185,2,True
479774413af4279e,1,mikl_gse173098|mikl_gse173098|neurite_soma_mpra|GFP 3UTR MPRA|CAD|mikl:Exo1:2550.0:bf90fab1fac250ce,mikl_gse173098|mikl_gse173098|neurite_soma_mpra|GFP 3UTR MPRA|Neuro-2a|mikl:Exo1:2550.0:bf90fab1fac250ce,3,False
479774413af4279e,1,mikl_gse173098|mikl_gse173098|neurite_soma_mpra|GFP 3UTR MPRA|CAD|mikl:Exo1:2650.0:1d22117d5794ce3b,mikl_gse173098|mikl_gse173098|neurite_soma_mpra|GFP 3UTR MPRA|Neuro-2a|mikl:Exo1:2650.0:1d22117d5794ce3b,3,True
479774413af4279e,1,mikl_gse173098|mikl_gse173098|neurite_soma_mpra|GFP 3UTR MPRA|CAD|mikl:Exo1:3800.0:8ae688ad2fd41247,mikl_gse173098|mikl_gse173098|neurite_soma_mpra|GFP 3UTR MPRA|Neuro-2a|mikl:Exo1:3800.0:8ae688ad2fd41247,3,False
479774413af4279e,1,mikl_gse173098|mikl_gse173098|neurite_soma_mpra|GFP 3UTR MPRA|CAD|mikl:Exo1:1200.0:7d74b194a1da98a8,mikl_gse173098|mikl_gse173098|neurite_soma_mpra|GFP 3UTR MPRA|Neuro-2a|mikl:Exo1:1200.0:7d74b194a1da98a8,3,False
479774413af4279e,1,mikl_gse173098|mikl_gse173098|neurite_soma_mpra|GFP 3UTR MPRA|CAD|mikl:Exo1:2050.0:0f15dd455efadbad,mikl_gse173098|mikl_gse173098|neurite_soma_mpra|GFP 3UTR MPRA|Neuro-2a|mikl:Exo1:2050.0:0f15dd455efadbad,2,False
48f2b9a02dd0bb73,1,mikl_gse173098|mikl_gse173098|neurite_soma_mpra|GFP 3UTR MPRA|CAD|mikl:Hpcal4:50.0:8d94038327597dc3,mikl_gse173098|mikl_gse173098|neurite_soma_mpra|GFP 3UTR MPRA|Neuro-2a|mikl:Hpcal4:50.0:8d94038327597dc3,2,False
48f2b9a02dd0bb73,1,mikl_gse173098|mikl_gse173098|neurite_soma_mpra|GFP 3UTR MPRA|CAD|mikl:Hpcal4:3450.0:cedcfe6ab6062d1a,mikl_gse173098|mikl_gse173098|neurite_soma_mpra|GFP 3UTR MPRA|Neuro-2a|mikl:Hpcal4:3450.0:cedcfe6ab6062d1a,2,False
48f2b9a02dd0bb73,1,mikl_gse173098|mikl_gse173098|neurite_soma_mpra|GFP 3UTR MPRA|CAD|mikl:Hpcal4:3500.0:b183ed5b0e326141,mikl_gse173098|mikl_gse173098|neurite_soma_mpra|GFP 3UTR MPRA|Neuro-2a|mikl:Hpcal4:3500.0:b183ed5b0e326141,3,False
48f2b9a02dd0bb73,1,mikl_gse173098|mikl_gse173098|neurite_soma_mpra|GFP 3UTR MPRA|CAD|mikl:Hpcal4:0.0:d7d0ac596e288d95,mikl_gse173098|mikl_gse173098|neurite_soma_mpra|GFP 3UTR MPRA|Neuro-2a|mikl:Hpcal4:0.0:d7d0ac596e288d95,2,False
48f2b9a02dd0bb73,1,mikl_gse173098|mikl_gse173098|neurite_soma_mpra|GFP 3UTR MPRA|CAD|mikl:Hpcal4:550.0:236e1268cbbc20d9,mikl_gse173098|mikl_gse173098|neurite_soma_mpra|GFP 3UTR MPRA|Neuro-2a|mikl:Hpcal4:550.0:236e1268cbbc20d9,2,True
48f2b9a02dd0bb73,1,mikl_gse173098|mikl_gse173098|neurite_soma_mpra|GFP 3UTR MPRA|CAD|mikl:Hpcal4:1750.0:f22904eabca63769,mikl_gse173098|mikl_gse173098|neurite_soma_mpra|GFP 3UTR MPRA|Neuro-2a|mikl:Hpcal4:1750.0:f22904eabca63769,2,False
48f2b9a02dd0bb73,1,mikl_gse173098|mikl_gse173098|neurite_soma_mpra|GFP 3UTR MPRA|CAD|mikl:Hpcal4:750.0:be75ae41c6bb1352,mikl_gse173098|mikl_gse173098|neurite_soma_mpra|GFP 3UTR MPRA|Neuro-2a|mikl:Hpcal4:750.0:be75ae41c6bb1352,3,False
48f2b9a02dd0bb73,1,mikl_gse173098|mikl_gse173098|neurite_soma_mpra|GFP 3UTR MPRA|CAD|mikl:Hpcal4:650.0:613147855ed79d20,mikl_gse173098|mikl_gse173098|neurite_soma_mpra|GFP 3UTR MPRA|Neuro-2a|mikl:Hpcal4:650.0:613147855ed79d20,2,False
48f2b9a02dd0bb73,1,mikl_gse173098|mikl_gse173098|neurite_soma_mpra|GFP 3UTR MPRA|CAD|mikl:Hpcal4:700.0:dbe20017282fe562,mikl_gse173098|mikl_gse173098|neurite_soma_mpra|GFP 3UTR MPRA|Neuro-2a|mikl:Hpcal4:700.0:dbe20017282fe562,3,False
48f2b9a02dd0bb73,1,mikl_gse173098|mikl_gse173098|neurite_soma_mpra|GFP 3UTR MPRA|CAD|mikl:Hpcal4:1850.0:300aeaa13e70e3a4,mikl_gse173098|mikl_gse173098|neurite_soma_mpra|GFP 3UTR MPRA|Neuro-2a|mikl:Hpcal4:1850.0:300aeaa13e70e3a4,2,True
48f2b9a02dd0bb73,1,mikl_gse173098|mikl_gse173098|neurite_soma_mpra|GFP 3UTR MPRA|CAD|mikl:Hpcal4:600.0:0d4886f1b6739c27,mikl_gse173098|mikl_gse173098|neurite_soma_mpra|GFP 3UTR MPRA|Neuro-2a|mikl:Hpcal4:600.0:0d4886f1b6739c27,2,False
48f2b9a02dd0bb73,1,mikl_gse173098|mikl_gse173098|neurite_soma_mpra|GFP 3UTR MPRA|CAD|mikl:Hpcal4:800.0:363f91757eef959c,mikl_gse173098|mikl_gse173098|neurite_soma_mpra|GFP 3UTR MPRA|Neuro-2a|mikl:Hpcal4:800.0:363f91757eef959c,3,False
48f2b9a02dd0bb73,1,mikl_gse173098|mikl_gse173098|neurite_soma_mpra|GFP 3UTR MPRA|CAD|mikl:Hpcal4:1800.0:3919d3aa003b1e08,mikl_gse173098|mikl_gse173098|neurite_soma_mpra|GFP 3UTR MPRA|Neuro-2a|mikl:Hpcal4:1800.0:3919d3aa003b1e08,2,False
4b1c676a667855fd,1,mikl_gse173098|mikl_gse173098|neurite_soma_mpra|GFP 3UTR MPRA|CAD|mikl:Serbp1:9200.0:0c8736ccae61acd7,mikl_gse173098|mikl_gse173098|neurite_soma_mpra|GFP 3UTR MPRA|Neuro-2a|mikl:Serbp1:9200.0:0c8736ccae61acd7,2,False
4b1c676a667855fd,1,mikl_gse173098|mikl_gse173098|neurite_soma_mpra|GFP 3UTR MPRA|CAD|mikl:Serbp1:7500.0:21e5f0f32371b6e5,mikl_gse173098|mikl_gse173098|neurite_soma_mpra|GFP 3UTR MPRA|Neuro-2a|mikl:Serbp1:7500.0:21e5f0f32371b6e5,2,True
4b1c676a667855fd,1,mikl_gse173098|mikl_gse173098|neurite_soma_mpra|GFP 3UTR MPRA|CAD|mikl:Serbp1:12950.0:59605ec0aaac7135,mikl_gse173098|mikl_gse173098|neurite_soma_mpra|GFP 3UTR MPRA|Neuro-2a|mikl:Serbp1:12950.0:59605ec0aaac7135,2,True
4b1c676a667855fd,1,mikl_gse173098|mikl_gse173098|neurite_soma_mpra|GFP 3UTR MPRA|CAD|mikl:Serbp1:6550.0:b8ab26d8f2022dd7,mikl_gse173098|mikl_gse173098|neurite_soma_mpra|GFP 3UTR MPRA|Neuro-2a|mikl:Serbp1:6550.0:b8ab26d8f2022dd7,2,True
4b1c676a667855fd,1,mikl_gse173098|mikl_gse173098|neurite_soma_mpra|GFP 3UTR MPRA|CAD|mikl:Serbp1:9500.0:73f98435489fedc5,mikl_gse173098|mikl_gse173098|neurite_soma_mpra|GFP 3UTR MPRA|Neuro-2a|mikl:Serbp1:9500.0:73f98435489fedc5,2,False
4b1c676a667855fd,1,mikl_gse173098|mikl_gse173098|neurite_soma_mpra|GFP 3UTR MPRA|CAD|mikl:Serbp1:7550.0:0a2b092dfb1ea097,mikl_gse173098|mikl_gse173098|neurite_soma_mpra|GFP 3UTR MPRA|Neuro-2a|mikl:Serbp1:7550.0:0a2b092dfb1ea097,3,False
4b1c676a667855fd,1,mikl_gse173098|mikl_gse173098|neurite_soma_mpra|GFP 3UTR MPRA|CAD|mikl:Serbp1:9150.0:e9f15011a3aea1bd,mikl_gse173098|mikl_gse173098|neurite_soma_mpra|GFP 3UTR MPRA|Neuro-2a|mikl:Serbp1:9150.0:e9f15011a3aea1bd,2,True
4b1c676a667855fd,1,mikl_gse173098|mikl_gse173098|neurite_soma_mpra|GFP 3UTR MPRA|CAD|mikl:Serbp1:4050.0:7558949ff6884056,mikl_gse173098|mikl_gse173098|neurite_soma_mpra|GFP 3UTR MPRA|Neuro-2a|mikl:Serbp1:4050.0:7558949ff6884056,2,False
4b1c676a667855fd,1,mikl_gse173098|mikl_gse173098|neurite_soma_mpra|GFP 3UTR MPRA|CAD|mikl:Serbp1:2150.0:f08dd86714d14798,mikl_gse173098|mikl_gse173098|neurite_soma_mpra|GFP 3UTR MPRA|Neuro-2a|mikl:Serbp1:2150.0:f08dd86714d14798,2,True
4b1c676a667855fd,1,mikl_gse173098|mikl_gse173098|neurite_soma_mpra|GFP 3UTR MPRA|CAD|mikl:Serbp1:9550.0:9ab0e5f274d2c1c9,mikl_gse173098|mikl_gse173098|neurite_soma_mpra|GFP 3UTR MPRA|Neuro-2a|mikl:Serbp1:9550.0:9ab0e5f274d2c1c9,2,True
4b1c676a667855fd,1,mikl_gse173098|mikl_gse173098|neurite_soma_mpra|GFP 3UTR MPRA|CAD|mikl:Serbp1:9450.0:c812d1254d88a811,mikl_gse173098|mikl_gse173098|neurite_soma_mpra|GFP 3UTR MPRA|Neuro-2a|mikl:Serbp1:9450.0:c812d1254d88a811,3,False
4b1c676a667855fd,1,mikl_gse173098|mikl_gse173098|neurite_soma_mpra|GFP 3UTR MPRA|CAD|mikl:Serbp1:9000.0:2741ced684aa2abf,mikl_gse173098|mikl_gse173098|neurite_soma_mpra|GFP 3UTR MPRA|Neuro-2a|mikl:Serbp1:9000.0:2741ced684aa2abf,2,False
4b1c676a667855fd,1,mikl_gse173098|mikl_gse173098|neurite_soma_mpra|GFP 3UTR MPRA|CAD|mikl:Serbp1:4700.0:822519a6c16d6efc,mikl_gse173098|mikl_gse173098|neurite_soma_mpra|GFP 3UTR MPRA|Neuro-2a|mikl:Serbp1:4700.0:822519a6c16d6efc,2,True
4b1c676a667855fd,1,mikl_gse173098|mikl_gse173098|neurite_soma_mpra|GFP 3UTR MPRA|CAD|mikl:Serbp1:7900.0:1d37412f089b4c56,mikl_gse173098|mikl_gse173098|neurite_soma_mpra|GFP 3UTR MPRA|Neuro-2a|mikl:Serbp1:7900.0:1d37412f089b4c56,3,False
4b1c676a667855fd,1,mikl_gse173098|mikl_gse173098|neurite_soma_mpra|GFP 3UTR MPRA|CAD|mikl:Serbp1:6600.0:61ff5de3bd0de9ff,mikl_gse173098|mikl_gse173098|neurite_soma_mpra|GFP 3UTR MPRA|Neuro-2a|mikl:Serbp1:6600.0:61ff5de3bd0de9ff,2,False
4b1c676a667855fd,1,mikl_gse173098|mikl_gse173098|neurite_soma_mpra|GFP 3UTR MPRA|CAD|mikl:Serbp1:8000.0:cae2dc9fc80e0b81,mikl_gse173098|mikl_gse173098|neurite_soma_mpra|GFP 3UTR MPRA|Neuro-2a|mikl:Serbp1:8000.0:cae2dc9fc80e0b81,3,False
4b1c676a667855fd,1,mikl_gse173098|mikl_gse173098|neurite_soma_mpra|GFP 3UTR MPRA|CAD|mikl:Serbp1:7600.0:7c992cb6cfbd530e,mikl_gse173098|mikl_gse173098|neurite_soma_mpra|GFP 3UTR MPRA|Neuro-2a|mikl:Serbp1:7600.0:7c992cb6cfbd530e,3,False
4b1c676a667855fd,1,mikl_gse173098|mikl_gse173098|neurite_soma_mpra|GFP 3UTR MPRA|CAD|mikl:Serbp1:2350.0:b6cc5945f22d9431,mikl_gse173098|mikl_gse173098|neurite_soma_mpra|GFP 3UTR MPRA|Neuro-2a|mikl:Serbp1:2350.0:b6cc5945f22d9431,2,True
4b1c676a667855fd,1,mikl_gse173098|mikl_gse173098|neurite_soma_mpra|GFP 3UTR MPRA|CAD|mikl:Serbp1:7650.0:76173afc69409a2f,mikl_gse173098|mikl_gse173098|neurite_soma_mpra|GFP 3UTR MPRA|Neuro-2a|mikl:Serbp1:7650.0:76173afc69409a2f,3,False
4b1c676a667855fd,1,mikl_gse173098|mikl_gse173098|neurite_soma_mpra|GFP 3UTR MPRA|CAD|mikl:Serbp1:9100.0:217df6d5b0d009b9,mikl_gse173098|mikl_gse173098|neurite_soma_mpra|GFP 3UTR MPRA|Neuro-2a|mikl:Serbp1:9100.0:217df6d5b0d009b9,2,False
4b1c676a667855fd,1,mikl_gse173098|mikl_gse173098|neurite_soma_mpra|GFP 3UTR MPRA|CAD|mikl:Serbp1:800.0:9553aa4c9f1d1385,mikl_gse173098|mikl_gse173098|neurite_soma_mpra|GFP 3UTR MPRA|Neuro-2a|mikl:Serbp1:800.0:9553aa4c9f1d1385,2,False
4b1c676a667855fd,1,mikl_gse173098|mikl_gse173098|neurite_soma_mpra|GFP 3UTR MPRA|CAD|mikl:Serbp1:12100.0:9182cd480783cb02,mikl_gse173098|mikl_gse173098|neurite_soma_mpra|GFP 3UTR MPRA|Neuro-2a|mikl:Serbp1:12100.0:9182cd480783cb02,2,True
4b1c676a667855fd,1,mikl_gse173098|mikl_gse173098|neurite_soma_mpra|GFP 3UTR MPRA|CAD|mikl:Serbp1:6500.0:174ca55873b1ec80,mikl_gse173098|mikl_gse173098|neurite_soma_mpra|GFP 3UTR MPRA|Neuro-2a|mikl:Serbp1:6500.0:174ca55873b1ec80,2,True
4b1c676a667855fd,1,mikl_gse173098|mikl_gse173098|neurite_soma_mpra|GFP 3UTR MPRA|CAD|mikl:Serbp1:3950.0:b688e7a108d6ff1d,mikl_gse173098|mikl_gse173098|neurite_soma_mpra|GFP 3UTR MPRA|Neuro-2a|mikl:Serbp1:3950.0:b688e7a108d6ff1d,2,False
4b1c676a667855fd,1,mikl_gse173098|mikl_gse173098|neurite_soma_mpra|GFP 3UTR MPRA|CAD|mikl:Serbp1:11450.0:1a94f09b0e83244e,mikl_gse173098|mikl_gse173098|neurite_soma_mpra|GFP 3UTR MPRA|Neuro-2a|mikl:Serbp1:11450.0:1a94f09b0e83244e,2,False
4b1c676a667855fd,1,mikl_gse173098|mikl_gse173098|neurite_soma_mpra|GFP 3UTR MPRA|CAD|mikl:Serbp1:7700.0:412087baeb06cc3b,mikl_gse173098|mikl_gse173098|neurite_soma_mpra|GFP 3UTR MPRA|Neuro-2a|mikl:Serbp1:7700.0:412087baeb06cc3b,2,True
4b1c676a667855fd,1,mikl_gse173098|mikl_gse173098|neurite_soma_mpra|GFP 3UTR MPRA|CAD|mikl:Serbp1:7950.0:205a163e0b09ad22,mikl_gse173098|mikl_gse173098|neurite_soma_mpra|GFP 3UTR MPRA|Neuro-2a|mikl:Serbp1:7950.0:205a163e0b09ad22,3,False
4b1c676a667855fd,1,mikl_gse173098|mikl_gse173098|neurite_soma_mpra|GFP 3UTR MPRA|CAD|mikl:Serbp1:4000.0:8f5230f7150b2b6c,mikl_gse173098|mikl_gse173098|neurite_soma_mpra|GFP 3UTR MPRA|Neuro-2a|mikl:Serbp1:4000.0:8f5230f7150b2b6c,3,False
4b1c676a667855fd,1,mikl_gse173098|mikl_gse173098|neurite_soma_mpra|GFP 3UTR MPRA|CAD|mikl:Serbp1:2100.0:e0249cabed73ca49,mikl_gse173098|mikl_gse173098|neurite_soma_mpra|GFP 3UTR MPRA|Neuro-2a|mikl:Serbp1:2100.0:e0249cabed73ca49,2,False
4fd8472f08966118,0,mikl_gse173098|mikl_gse173098|neurite_soma_mpra|GFP 3UTR MPRA|CAD|mikl:Ern1:450.0:7646f54365e09482,mikl_gse173098|mikl_gse173098|neurite_soma_mpra|GFP 3UTR MPRA|Neuro-2a|mikl:Ern1:450.0:7646f54365e09482,2,False
4fd8472f08966118,0,mikl_gse173098|mikl_gse173098|neurite_soma_mpra|GFP 3UTR MPRA|CAD|mikl:Ern1:100.0:1cadb708cab3b501,mikl_gse173098|mikl_gse173098|neurite_soma_mpra|GFP 3UTR MPRA|Neuro-2a|mikl:Ern1:100.0:1cadb708cab3b501,2,False
4fd8472f08966118,0,mikl_gse173098|mikl_gse173098|neurite_soma_mpra|GFP 3UTR MPRA|CAD|mikl:Ern1:750.0:d413c5077018094f,mikl_gse173098|mikl_gse173098|neurite_soma_mpra|GFP 3UTR MPRA|Neuro-2a|mikl:Ern1:750.0:d413c5077018094f,3,False
4fd8472f08966118,0,mikl_gse173098|mikl_gse173098|neurite_soma_mpra|GFP 3UTR MPRA|CAD|mikl:Ern1:700.0:c599f3acac789dbc,mikl_gse173098|mikl_gse173098|neurite_soma_mpra|GFP 3UTR MPRA|Neuro-2a|mikl:Ern1:700.0:c599f3acac789dbc,3,False
4fd8472f08966118,0,mikl_gse173098|mikl_gse173098|neurite_soma_mpra|GFP 3UTR MPRA|CAD|mikl:Ern1:1250.0:4d50402e0f7ffdc0,mikl_gse173098|mikl_gse173098|neurite_soma_mpra|GFP 3UTR MPRA|Neuro-2a|mikl:Ern1:1250.0:4d50402e0f7ffdc0,3,False
4fd8472f08966118,0,mikl_gse173098|mikl_gse173098|neurite_soma_mpra|GFP 3UTR MPRA|CAD|mikl:Ern1:600.0:399f792267c07032,mikl_gse173098|mikl_gse173098|neurite_soma_mpra|GFP 3UTR MPRA|Neuro-2a|mikl:Ern1:600.0:399f792267c07032,2,False
4fdf05b044fa88a6,0,mikl_gse173098|mikl_gse173098|neurite_soma_mpra|GFP 3UTR MPRA|CAD|mikl:Pgap1:5350.0:893db68219fec06b,mikl_gse173098|mikl_gse173098|neurite_soma_mpra|GFP 3UTR MPRA|Neuro-2a|mikl:Pgap1:5350.0:893db68219fec06b,4,False
4fdf05b044fa88a6,0,mikl_gse173098|mikl_gse173098|neurite_soma_mpra|GFP 3UTR MPRA|CAD|mikl:Pgap1:5100.0:dfad271ce0b7fa2e,mikl_gse173098|mikl_gse173098|neurite_soma_mpra|GFP 3UTR MPRA|Neuro-2a|mikl:Pgap1:5100.0:dfad271ce0b7fa2e,4,False
4fdf05b044fa88a6,0,mikl_gse173098|mikl_gse173098|neurite_soma_mpra|GFP 3UTR MPRA|CAD|mikl:Pgap1:2150.0:28961a91c043d556,mikl_gse173098|mikl_gse173098|neurite_soma_mpra|GFP 3UTR MPRA|Neuro-2a|mikl:Pgap1:2150.0:28961a91c043d556,4,False
4fdf05b044fa88a6,0,mikl_gse173098|mikl_gse173098|neurite_soma_mpra|GFP 3UTR MPRA|CAD|mikl:Pgap1:5600.0:2aed609c06829c30,mikl_gse173098|mikl_gse173098|neurite_soma_mpra|GFP 3UTR MPRA|Neuro-2a|mikl:Pgap1:5600.0:2aed609c06829c30,2,False
4fdf05b044fa88a6,0,mikl_gse173098|mikl_gse173098|neurite_soma_mpra|GFP 3UTR MPRA|CAD|mikl:Pgap1:2900.0:8b4757ab03ea180b,mikl_gse173098|mikl_gse173098|neurite_soma_mpra|GFP 3UTR MPRA|Neuro-2a|mikl:Pgap1:2900.0:8b4757ab03ea180b,3,False
4fdf05b044fa88a6,0,mikl_gse173098|mikl_gse173098|neurite_soma_mpra|GFP 3UTR MPRA|CAD|mikl:Pgap1:1550.0:b139e59f6d02bffd,mikl_gse173098|mikl_gse173098|neurite_soma_mpra|GFP 3UTR MPRA|Neuro-2a|mikl:Pgap1:1550.0:b139e59f6d02bffd,4,False
4fdf05b044fa88a6,0,mikl_gse173098|mikl_gse173098|neurite_soma_mpra|GFP 3UTR MPRA|CAD|mikl:Pgap1:400.0:fb93b688731747ba,mikl_gse173098|mikl_gse173098|neurite_soma_mpra|GFP 3UTR MPRA|Neuro-2a|mikl:Pgap1:400.0:fb93b688731747ba,2,True
4fdf05b044fa88a6,0,mikl_gse173098|mikl_gse173098|neurite_soma_mpra|GFP 3UTR MPRA|CAD|mikl:Pgap1:2250.0:7b4dc21187d5db1b,mikl_gse173098|mikl_gse173098|neurite_soma_mpra|GFP 3UTR MPRA|Neuro-2a|mikl:Pgap1:2250.0:7b4dc21187d5db1b,7,False
4fdf05b044fa88a6,0,mikl_gse173098|mikl_gse173098|neurite_soma_mpra|GFP 3UTR MPRA|CAD|mikl:Pgap1:2000.0:a5d25779afea9c45,mikl_gse173098|mikl_gse173098|neurite_soma_mpra|GFP 3UTR MPRA|Neuro-2a|mikl:Pgap1:2000.0:a5d25779afea9c45,3,False
4fdf05b044fa88a6,0,mikl_gse173098|mikl_gse173098|neurite_soma_mpra|GFP 3UTR MPRA|CAD|mikl:Pgap1:3500.0:222a0c6ac532ba9b,mikl_gse173098|mikl_gse173098|neurite_soma_mpra|GFP 3UTR MPRA|Neuro-2a|mikl:Pgap1:3500.0:222a0c6ac532ba9b,5,False
4fdf05b044fa88a6,0,mikl_gse173098|mikl_gse173098|neurite_soma_mpra|GFP 3UTR MPRA|CAD|mikl:Pgap1:4250.0:5921acd9d3d0c2fb,mikl_gse173098|mikl_gse173098|neurite_soma_mpra|GFP 3UTR MPRA|Neuro-2a|mikl:Pgap1:4250.0:5921acd9d3d0c2fb,3,False
4fdf05b044fa88a6,0,mikl_gse173098|mikl_gse173098|neurite_soma_mpra|GFP 3UTR MPRA|CAD|mikl:Pgap1:2800.0:19dc067945feeb94,mikl_gse173098|mikl_gse173098|neurite_soma_mpra|GFP 3UTR MPRA|Neuro-2a|mikl:Pgap1:2800.0:19dc067945feeb94,4,False
4fdf05b044fa88a6,0,mikl_gse173098|mikl_gse173098|neurite_soma_mpra|GFP 3UTR MPRA|CAD|mikl:Pgap1:5900.0:2a20f6a3e33d9ef1,mikl_gse173098|mikl_gse173098|neurite_soma_mpra|GFP 3UTR MPRA|Neuro-2a|mikl:Pgap1:5900.0:2a20f6a3e33d9ef1,2,False
4fdf05b044fa88a6,0,mikl_gse173098|mikl_gse173098|neurite_soma_mpra|GFP 3UTR MPRA|CAD|mikl:Pgap1:6350.0:1946d62c95ef82c4,mikl_gse173098|mikl_gse173098|neurite_soma_mpra|GFP 3UTR MPRA|Neuro-2a|mikl:Pgap1:6350.0:1946d62c95ef82c4,4,False
4fdf05b044fa88a6,0,mikl_gse173098|mikl_gse173098|neurite_soma_mpra|GFP 3UTR MPRA|CAD|mikl:Pgap1:6050.0:54b64037732c1991,mikl_gse173098|mikl_gse173098|neurite_soma_mpra|GFP 3UTR MPRA|Neuro-2a|mikl:Pgap1:6050.0:54b64037732c1991,5,False
4fdf05b044fa88a6,0,mikl_gse173098|mikl_gse173098|neurite_soma_mpra|GFP 3UTR MPRA|CAD|mikl:Pgap1:5500.0:9d4a281c4d853dbe,mikl_gse173098|mikl_gse173098|neurite_soma_mpra|GFP 3UTR MPRA|Neuro-2a|mikl:Pgap1:5500.0:9d4a281c4d853dbe,2,False
4fdf05b044fa88a6,0,mikl_gse173098|mikl_gse173098|neurite_soma_mpra|GFP 3UTR MPRA|CAD|mikl:Pgap1:6200.0:7dc7f906f5fb927b,mikl_gse173098|mikl_gse173098|neurite_soma_mpra|GFP 3UTR MPRA|Neuro-2a|mikl:Pgap1:6200.0:7dc7f906f5fb927b,2,False
4fdf05b044fa88a6,0,mikl_gse173098|mikl_gse173098|neurite_soma_mpra|GFP 3UTR MPRA|CAD|mikl:Pgap1:2850.0:76d15832be2bb488,mikl_gse173098|mikl_gse173098|neurite_soma_mpra|GFP 3UTR MPRA|Neuro-2a|mikl:Pgap1:2850.0:76d15832be2bb488,4,False
4fdf05b044fa88a6,0,mikl_gse173098|mikl_gse173098|neurite_soma_mpra|GFP 3UTR MPRA|CAD|mikl:Pgap1:3400.0:b138e28f20c7598b,mikl_gse173098|mikl_gse173098|neurite_soma_mpra|GFP 3UTR MPRA|Neuro-2a|mikl:Pgap1:3400.0:b138e28f20c7598b,2,False
4fdf05b044fa88a6,0,mikl_gse173098|mikl_gse173098|neurite_soma_mpra|GFP 3UTR MPRA|CAD|mikl:Pgap1:7300.0:1d8ed15f8b15430c,mikl_gse173098|mikl_gse173098|neurite_soma_mpra|GFP 3UTR MPRA|Neuro-2a|mikl:Pgap1:7300.0:1d8ed15f8b15430c,3,False
4fdf05b044fa88a6,0,mikl_gse173098|mikl_gse173098|neurite_soma_mpra|GFP 3UTR MPRA|CAD|mikl:Pgap1:1950.0:233558a32e72cb9c,mikl_gse173098|mikl_gse173098|neurite_soma_mpra|GFP 3UTR MPRA|Neuro-2a|mikl:Pgap1:1950.0:233558a32e72cb9c,2,False
4fdf05b044fa88a6,0,mikl_gse173098|mikl_gse173098|neurite_soma_mpra|GFP 3UTR MPRA|CAD|mikl:Pgap1:7400.0:31d08e374d124748,mikl_gse173098|mikl_gse173098|neurite_soma_mpra|GFP 3UTR MPRA|Neuro-2a|mikl:Pgap1:7400.0:31d08e374d124748,2,False
4fdf05b044fa88a6,0,mikl_gse173098|mikl_gse173098|neurite_soma_mpra|GFP 3UTR MPRA|CAD|mikl:Pgap1:4800.0:f621899f8c4da9f2,mikl_gse173098|mikl_gse173098|neurite_soma_mpra|GFP 3UTR MPRA|Neuro-2a|mikl:Pgap1:4800.0:f621899f8c4da9f2,2,True
4fdf05b044fa88a6,0,mikl_gse173098|mikl_gse173098|neurite_soma_mpra|GFP 3UTR MPRA|CAD|mikl:Pgap1:700.0:67ed332945d3d8fe,mikl_gse173098|mikl_gse173098|neurite_soma_mpra|GFP 3UTR MPRA|Neuro-2a|mikl:Pgap1:700.0:67ed332945d3d8fe,2,False
4fdf05b044fa88a6,0,mikl_gse173098|mikl_gse173098|neurite_soma_mpra|GFP 3UTR MPRA|CAD|mikl:Pgap1:1900.0:cd08747022600f57,mikl_gse173098|mikl_gse173098|neurite_soma_mpra|GFP 3UTR MPRA|Neuro-2a|mikl:Pgap1:1900.0:cd08747022600f57,2,False
4fdf05b044fa88a6,0,mikl_gse173098|mikl_gse173098|neurite_soma_mpra|GFP 3UTR MPRA|CAD|mikl:Pgap1:3000.0:f106e656979142f6,mikl_gse173098|mikl_gse173098|neurite_soma_mpra|GFP 3UTR MPRA|Neuro-2a|mikl:Pgap1:3000.0:f106e656979142f6,2,False
4fdf05b044fa88a6,0,mikl_gse173098|mikl_gse173098|neurite_soma_mpra|GFP 3UTR MPRA|CAD|mikl:Pgap1:5750.0:1b18ac38ff04b800,mikl_gse173098|mikl_gse173098|neurite_soma_mpra|GFP 3UTR MPRA|Neuro-2a|mikl:Pgap1:5750.0:1b18ac38ff04b800,2,True
4fdf05b044fa88a6,0,mikl_gse173098|mikl_gse173098|neurite_soma_mpra|GFP 3UTR MPRA|CAD|mikl:Pgap1:3100.0:b59a7d72ead3cff8,mikl_gse173098|mikl_gse173098|neurite_soma_mpra|GFP 3UTR MPRA|Neuro-2a|mikl:Pgap1:3100.0:b59a7d72ead3cff8,7,False
4fdf05b044fa88a6,0,mikl_gse173098|mikl_gse173098|neurite_soma_mpra|GFP 3UTR MPRA|CAD|mikl:Pgap1:5550.0:a739b9b2fbfbcd27,mikl_gse173098|mikl_gse173098|neurite_soma_mpra|GFP 3UTR MPRA|Neuro-2a|mikl:Pgap1:5550.0:a739b9b2fbfbcd27,3,False
4fdf05b044fa88a6,0,mikl_gse173098|mikl_gse173098|neurite_soma_mpra|GFP 3UTR MPRA|CAD|mikl:Pgap1:3200.0:a31964ebfdf46b02,mikl_gse173098|mikl_gse173098|neurite_soma_mpra|GFP 3UTR MPRA|Neuro-2a|mikl:Pgap1:3200.0:a31964ebfdf46b02,2,True
4fdf05b044fa88a6,0,mikl_gse173098|mikl_gse173098|neurite_soma_mpra|GFP 3UTR MPRA|CAD|mikl:Pgap1:4300.0:932f6dbf77ef666e,mikl_gse173098|mikl_gse173098|neurite_soma_mpra|GFP 3UTR MPRA|Neuro-2a|mikl:Pgap1:4300.0:932f6dbf77ef666e,3,False
4fdf05b044fa88a6,0,mikl_gse173098|mikl_gse173098|neurite_soma_mpra|GFP 3UTR MPRA|CAD|mikl:Pgap1:500.0:c936a86ea1f79e74,mikl_gse173098|mikl_gse173098|neurite_soma_mpra|GFP 3UTR MPRA|Neuro-2a|mikl:Pgap1:500.0:c936a86ea1f79e74,3,False
4fdf05b044fa88a6,0,mikl_gse173098|mikl_gse173098|neurite_soma_mpra|GFP 3UTR MPRA|CAD|mikl:Pgap1:6950.0:7ab6dc6313750595,mikl_gse173098|mikl_gse173098|neurite_soma_mpra|GFP 3UTR MPRA|Neuro-2a|mikl:Pgap1:6950.0:7ab6dc6313750595,4,False
4fdf05b044fa88a6,0,mikl_gse173098|mikl_gse173098|neurite_soma_mpra|GFP 3UTR MPRA|CAD|mikl:Pgap1:2950.0:8dcfd79affa234eb,mikl_gse173098|mikl_gse173098|neurite_soma_mpra|GFP 3UTR MPRA|Neuro-2a|mikl:Pgap1:2950.0:8dcfd79affa234eb,3,False
4fdf05b044fa88a6,0,mikl_gse173098|mikl_gse173098|neurite_soma_mpra|GFP 3UTR MPRA|CAD|mikl:Pgap1:5950.0:859ac3dad7582bc1,mikl_gse173098|mikl_gse173098|neurite_soma_mpra|GFP 3UTR MPRA|Neuro-2a|mikl:Pgap1:5950.0:859ac3dad7582bc1,6,False
4fdf05b044fa88a6,0,mikl_gse173098|mikl_gse173098|neurite_soma_mpra|GFP 3UTR MPRA|CAD|mikl:Pgap1:50.0:4c9395a9bd8c520e,mikl_gse173098|mikl_gse173098|neurite_soma_mpra|GFP 3UTR MPRA|Neuro-2a|mikl:Pgap1:50.0:4c9395a9bd8c520e,3,False
4fdf05b044fa88a6,0,mikl_gse173098|mikl_gse173098|neurite_soma_mpra|GFP 3UTR MPRA|CAD|mikl:Pgap1:5650.0:ccf2773e1d03602f,mikl_gse173098|mikl_gse173098|neurite_soma_mpra|GFP 3UTR MPRA|Neuro-2a|mikl:Pgap1:5650.0:ccf2773e1d03602f,3,False
4fdf05b044fa88a6,0,mikl_gse173098|mikl_gse173098|neurite_soma_mpra|GFP 3UTR MPRA|CAD|mikl:Pgap1:1300.0:8561b3ec5ec42478,mikl_gse173098|mikl_gse173098|neurite_soma_mpra|GFP 3UTR MPRA|Neuro-2a|mikl:Pgap1:1300.0:8561b3ec5ec42478,2,False
4fdf05b044fa88a6,0,mikl_gse173098|mikl_gse173098|neurite_soma_mpra|GFP 3UTR MPRA|CAD|mikl:Pgap1:6800.0:eb8bd49c10900ea4,mikl_gse173098|mikl_gse173098|neurite_soma_mpra|GFP 3UTR MPRA|Neuro-2a|mikl:Pgap1:6800.0:eb8bd49c10900ea4,2,False
4fdf05b044fa88a6,0,mikl_gse173098|mikl_gse173098|neurite_soma_mpra|GFP 3UTR MPRA|CAD|mikl:Pgap1:6000.0:a88914a80376bcc9,mikl_gse173098|mikl_gse173098|neurite_soma_mpra|GFP 3UTR MPRA|Neuro-2a|mikl:Pgap1:6000.0:a88914a80376bcc9,5,False
4fdf05b044fa88a6,0,mikl_gse173098|mikl_gse173098|neurite_soma_mpra|GFP 3UTR MPRA|CAD|mikl:Pgap1:6400.0:db8dd3120b38bb41,mikl_gse173098|mikl_gse173098|neurite_soma_mpra|GFP 3UTR MPRA|Neuro-2a|mikl:Pgap1:6400.0:db8dd3120b38bb41,4,False
4fdf05b044fa88a6,0,mikl_gse173098|mikl_gse173098|neurite_soma_mpra|GFP 3UTR MPRA|CAD|mikl:Pgap1:6250.0:e110d7f44396921a,mikl_gse173098|mikl_gse173098|neurite_soma_mpra|GFP 3UTR MPRA|Neuro-2a|mikl:Pgap1:6250.0:e110d7f44396921a,2,False
4fdf05b044fa88a6,0,mikl_gse173098|mikl_gse173098|neurite_soma_mpra|GFP 3UTR MPRA|CAD|mikl:Pgap1:3450.0:53fdb9124d3796e3,mikl_gse173098|mikl_gse173098|neurite_soma_mpra|GFP 3UTR MPRA|Neuro-2a|mikl:Pgap1:3450.0:53fdb9124d3796e3,3,False
4fdf05b044fa88a6,0,mikl_gse173098|mikl_gse173098|neurite_soma_mpra|GFP 3UTR MPRA|CAD|mikl:Pgap1:2200.0:963ad10d1a880e24,mikl_gse173098|mikl_gse173098|neurite_soma_mpra|GFP 3UTR MPRA|Neuro-2a|mikl:Pgap1:2200.0:963ad10d1a880e24,6,False
4fdf05b044fa88a6,0,mikl_gse173098|mikl_gse173098|neurite_soma_mpra|GFP 3UTR MPRA|CAD|mikl:Pgap1:3600.0:dca5d4a49b312bd2,mikl_gse173098|mikl_gse173098|neurite_soma_mpra|GFP 3UTR MPRA|Neuro-2a|mikl:Pgap1:3600.0:dca5d4a49b312bd2,2,True
4fdf05b044fa88a6,0,mikl_gse173098|mikl_gse173098|neurite_soma_mpra|GFP 3UTR MPRA|CAD|mikl:Pgap1:7100.0:31c7a6dceb775bd6,mikl_gse173098|mikl_gse173098|neurite_soma_mpra|GFP 3UTR MPRA|Neuro-2a|mikl:Pgap1:7100.0:31c7a6dceb775bd6,2,True
4fdf05b044fa88a6,0,mikl_gse173098|mikl_gse173098|neurite_soma_mpra|GFP 3UTR MPRA|CAD|mikl:Pgap1:0.0:8f76bb011fef9dc3,mikl_gse173098|mikl_gse173098|neurite_soma_mpra|GFP 3UTR MPRA|Neuro-2a|mikl:Pgap1:0.0:8f76bb011fef9dc3,3,False
4fdf05b044fa88a6,0,mikl_gse173098|mikl_gse173098|neurite_soma_mpra|GFP 3UTR MPRA|CAD|mikl:Pgap1:1650.0:41967e1b6cab1a20,mikl_gse173098|mikl_gse173098|neurite_soma_mpra|GFP 3UTR MPRA|Neuro-2a|mikl:Pgap1:1650.0:41967e1b6cab1a20,3,True
4fdf05b044fa88a6,0,mikl_gse173098|mikl_gse173098|neurite_soma_mpra|GFP 3UTR MPRA|CAD|mikl:Pgap1:3550.0:560531f3567ed7a6,mikl_gse173098|mikl_gse173098|neurite_soma_mpra|GFP 3UTR MPRA|Neuro-2a|mikl:Pgap1:3550.0:560531f3567ed7a6,2,True
4fdf05b044fa88a6,0,mikl_gse173098|mikl_gse173098|neurite_soma_mpra|GFP 3UTR MPRA|CAD|mikl:Pgap1:800.0:b7fdd495ce25563c,mikl_gse173098|mikl_gse173098|neurite_soma_mpra|GFP 3UTR MPRA|Neuro-2a|mikl:Pgap1:800.0:b7fdd495ce25563c,4,False
4fdf05b044fa88a6,0,mikl_gse173098|mikl_gse173098|neurite_soma_mpra|GFP 3UTR MPRA|CAD|mikl:Pgap1:750.0:9ac157fed676d753,mikl_gse173098|mikl_gse173098|neurite_soma_mpra|GFP 3UTR MPRA|Neuro-2a|mikl:Pgap1:750.0:9ac157fed676d753,2,True
4fdf05b044fa88a6,0,mikl_gse173098|mikl_gse173098|neurite_soma_mpra|GFP 3UTR MPRA|CAD|mikl:Pgap1:5300.0:387420c134e0b191,mikl_gse173098|mikl_gse173098|neurite_soma_mpra|GFP 3UTR MPRA|Neuro-2a|mikl:Pgap1:5300.0:387420c134e0b191,4,False
4fdf05b044fa88a6,0,mikl_gse173098|mikl_gse173098|neurite_soma_mpra|GFP 3UTR MPRA|CAD|mikl:Pgap1:7500.0:89a7364715bd53c4,mikl_gse173098|mikl_gse173098|neurite_soma_mpra|GFP 3UTR MPRA|Neuro-2a|mikl:Pgap1:7500.0:89a7364715bd53c4,2,False
4fdf05b044fa88a6,0,mikl_gse173098|mikl_gse173098|neurite_soma_mpra|GFP 3UTR MPRA|CAD|mikl:Pgap1:2100.0:e8264a4a1511486b,mikl_gse173098|mikl_gse173098|neurite_soma_mpra|GFP 3UTR MPRA|Neuro-2a|mikl:Pgap1:2100.0:e8264a4a1511486b,2,False
4fdf05b044fa88a6,0,mikl_gse173098|mikl_gse173098|neurite_soma_mpra|GFP 3UTR MPRA|CAD|mikl:Pgap1:6300.0:3736b8fc68678a0f,mikl_gse173098|mikl_gse173098|neurite_soma_mpra|GFP 3UTR MPRA|Neuro-2a|mikl:Pgap1:6300.0:3736b8fc68678a0f,3,False
4fdf05b044fa88a6,0,mikl_gse173098|mikl_gse173098|neurite_soma_mpra|GFP 3UTR MPRA|CAD|mikl:Pgap1:850.0:c7b7521c0a57401c,mikl_gse173098|mikl_gse173098|neurite_soma_mpra|GFP 3UTR MPRA|Neuro-2a|mikl:Pgap1:850.0:c7b7521c0a57401c,2,True
4fdf05b044fa88a6,0,mikl_gse173098|mikl_gse173098|neurite_soma_mpra|GFP 3UTR MPRA|CAD|mikl:Pgap1:5000.0:c9ce3f90e53df226,mikl_gse173098|mikl_gse173098|neurite_soma_mpra|GFP 3UTR MPRA|Neuro-2a|mikl:Pgap1:5000.0:c9ce3f90e53df226,2,False
4fdf05b044fa88a6,0,mikl_gse173098|mikl_gse173098|neurite_soma_mpra|GFP 3UTR MPRA|CAD|mikl:Pgap1:2750.0:6c59ab515d647124,mikl_gse173098|mikl_gse173098|neurite_soma_mpra|GFP 3UTR MPRA|Neuro-2a|mikl:Pgap1:2750.0:6c59ab515d647124,2,False
4fdf05b044fa88a6,0,mikl_gse173098|mikl_gse173098|neurite_soma_mpra|GFP 3UTR MPRA|CAD|mikl:Pgap1:7350.0:eea7b70258945647,mikl_gse173098|mikl_gse173098|neurite_soma_mpra|GFP 3UTR MPRA|Neuro-2a|mikl:Pgap1:7350.0:eea7b70258945647,2,True
4fdf05b044fa88a6,0,mikl_gse173098|mikl_gse173098|neurite_soma_mpra|GFP 3UTR MPRA|CAD|mikl:Pgap1:1600.0:4ba70148e49d1706,mikl_gse173098|mikl_gse173098|neurite_soma_mpra|GFP 3UTR MPRA|Neuro-2a|mikl:Pgap1:1600.0:4ba70148e49d1706,4,False
4fdf05b044fa88a6,0,mikl_gse173098|mikl_gse173098|neurite_soma_mpra|GFP 3UTR MPRA|CAD|mikl:Pgap1:1000.0:6a97fc64f5d11698,mikl_gse173098|mikl_gse173098|neurite_soma_mpra|GFP 3UTR MPRA|Neuro-2a|mikl:Pgap1:1000.0:6a97fc64f5d11698,2,True
4fdf05b044fa88a6,0,mikl_gse173098|mikl_gse173098|neurite_soma_mpra|GFP 3UTR MPRA|CAD|mikl:Pgap1:6850.0:5b14234a8fdbb52d,mikl_gse173098|mikl_gse173098|neurite_soma_mpra|GFP 3UTR MPRA|Neuro-2a|mikl:Pgap1:6850.0:5b14234a8fdbb52d,4,False
4fdf05b044fa88a6,0,mikl_gse173098|mikl_gse173098|neurite_soma_mpra|GFP 3UTR MPRA|CAD|mikl:Pgap1:7050.0:fa7ac3d0ee4fffbb,mikl_gse173098|mikl_gse173098|neurite_soma_mpra|GFP 3UTR MPRA|Neuro-2a|mikl:Pgap1:7050.0:fa7ac3d0ee4fffbb,4,False
4fdf05b044fa88a6,0,mikl_gse173098|mikl_gse173098|neurite_soma_mpra|GFP 3UTR MPRA|CAD|mikl:Pgap1:6100.0:4e07443f472ebf16,mikl_gse173098|mikl_gse173098|neurite_soma_mpra|GFP 3UTR MPRA|Neuro-2a|mikl:Pgap1:6100.0:4e07443f472ebf16,2,True
4fdf05b044fa88a6,0,mikl_gse173098|mikl_gse173098|neurite_soma_mpra|GFP 3UTR MPRA|CAD|mikl:Pgap1:2300.0:a6cae8bef6cf2bc8,mikl_gse173098|mikl_gse173098|neurite_soma_mpra|GFP 3UTR MPRA|Neuro-2a|mikl:Pgap1:2300.0:a6cae8bef6cf2bc8,5,False
4fdf05b044fa88a6,0,mikl_gse173098|mikl_gse173098|neurite_soma_mpra|GFP 3UTR MPRA|CAD|mikl:Pgap1:6450.0:483c9f0a87fedfb3,mikl_gse173098|mikl_gse173098|neurite_soma_mpra|GFP 3UTR MPRA|Neuro-2a|mikl:Pgap1:6450.0:483c9f0a87fedfb3,4,False
4fdf05b044fa88a6,0,mikl_gse173098|mikl_gse173098|neurite_soma_mpra|GFP 3UTR MPRA|CAD|mikl:Pgap1:600.0:b2071be62d4cddb4,mikl_gse173098|mikl_gse173098|neurite_soma_mpra|GFP 3UTR MPRA|Neuro-2a|mikl:Pgap1:600.0:b2071be62d4cddb4,2,False
4fdf05b044fa88a6,0,mikl_gse173098|mikl_gse173098|neurite_soma_mpra|GFP 3UTR MPRA|CAD|mikl:Pgap1:4200.0:e30374fe8993b9ea,mikl_gse173098|mikl_gse173098|neurite_soma_mpra|GFP 3UTR MPRA|Neuro-2a|mikl:Pgap1:4200.0:e30374fe8993b9ea,2,True
4fdf05b044fa88a6,0,mikl_gse173098|mikl_gse173098|neurite_soma_mpra|GFP 3UTR MPRA|CAD|mikl:Pgap1:2450.0:74267367ff11a1ab,mikl_gse173098|mikl_gse173098|neurite_soma_mpra|GFP 3UTR MPRA|Neuro-2a|mikl:Pgap1:2450.0:74267367ff11a1ab,3,False
4fdf05b044fa88a6,0,mikl_gse173098|mikl_gse173098|neurite_soma_mpra|GFP 3UTR MPRA|CAD|mikl:Pgap1:5800.0:fc1fd6542e5c8a65,mikl_gse173098|mikl_gse173098|neurite_soma_mpra|GFP 3UTR MPRA|Neuro-2a|mikl:Pgap1:5800.0:fc1fd6542e5c8a65,2,True
4fdf05b044fa88a6,0,mikl_gse173098|mikl_gse173098|neurite_soma_mpra|GFP 3UTR MPRA|CAD|mikl:Pgap1:5050.0:16d6fc7e4fd70bc3,mikl_gse173098|mikl_gse173098|neurite_soma_mpra|GFP 3UTR MPRA|Neuro-2a|mikl:Pgap1:5050.0:16d6fc7e4fd70bc3,2,True
4fdf05b044fa88a6,0,mikl_gse173098|mikl_gse173098|neurite_soma_mpra|GFP 3UTR MPRA|CAD|mikl:Pgap1:3050.0:fad4cec6243584ab,mikl_gse173098|mikl_gse173098|neurite_soma_mpra|GFP 3UTR MPRA|Neuro-2a|mikl:Pgap1:3050.0:fad4cec6243584ab,5,False
4fdf05b044fa88a6,0,mikl_gse173098|mikl_gse173098|neurite_soma_mpra|GFP 3UTR MPRA|CAD|mikl:Pgap1:5250.0:f3494fe20fbce784,mikl_gse173098|mikl_gse173098|neurite_soma_mpra|GFP 3UTR MPRA|Neuro-2a|mikl:Pgap1:5250.0:f3494fe20fbce784,4,False
4fdf05b044fa88a6,0,mikl_gse173098|mikl_gse173098|neurite_soma_mpra|GFP 3UTR MPRA|CAD|mikl:Pgap1:2350.0:72af9eddd82a3e9f,mikl_gse173098|mikl_gse173098|neurite_soma_mpra|GFP 3UTR MPRA|Neuro-2a|mikl:Pgap1:2350.0:72af9eddd82a3e9f,4,True
4fdf05b044fa88a6,0,mikl_gse173098|mikl_gse173098|neurite_soma_mpra|GFP 3UTR MPRA|CAD|mikl:Pgap1:7000.0:01901124f7ba35c2,mikl_gse173098|mikl_gse173098|neurite_soma_mpra|GFP 3UTR MPRA|Neuro-2a|mikl:Pgap1:7000.0:01901124f7ba35c2,3,True
4fdf05b044fa88a6,0,mikl_gse173098|mikl_gse173098|neurite_soma_mpra|GFP 3UTR MPRA|CAD|mikl:Pgap1:5450.0:eab970984c958625,mikl_gse173098|mikl_gse173098|neurite_soma_mpra|GFP 3UTR MPRA|Neuro-2a|mikl:Pgap1:5450.0:eab970984c958625,5,False
4fdf05b044fa88a6,0,mikl_gse173098|mikl_gse173098|neurite_soma_mpra|GFP 3UTR MPRA|CAD|mikl:Pgap1:2500.0:9a82463b113fb0eb,mikl_gse173098|mikl_gse173098|neurite_soma_mpra|GFP 3UTR MPRA|Neuro-2a|mikl:Pgap1:2500.0:9a82463b113fb0eb,3,False
4fdf05b044fa88a6,0,mikl_gse173098|mikl_gse173098|neurite_soma_mpra|GFP 3UTR MPRA|CAD|mikl:Pgap1:4900.0:bdf9e440a99cfab0,mikl_gse173098|mikl_gse173098|neurite_soma_mpra|GFP 3UTR MPRA|Neuro-2a|mikl:Pgap1:4900.0:bdf9e440a99cfab0,5,False
4fdf05b044fa88a6,0,mikl_gse173098|mikl_gse173098|neurite_soma_mpra|GFP 3UTR MPRA|CAD|mikl:Pgap1:550.0:ae0400b1765003a9,mikl_gse173098|mikl_gse173098|neurite_soma_mpra|GFP 3UTR MPRA|Neuro-2a|mikl:Pgap1:550.0:ae0400b1765003a9,2,False
4fdf05b044fa88a6,0,mikl_gse173098|mikl_gse173098|neurite_soma_mpra|GFP 3UTR MPRA|CAD|mikl:Pgap1:2400.0:9ab8ca47246669d3,mikl_gse173098|mikl_gse173098|neurite_soma_mpra|GFP 3UTR MPRA|Neuro-2a|mikl:Pgap1:2400.0:9ab8ca47246669d3,4,False
4fdf05b044fa88a6,0,mikl_gse173098|mikl_gse173098|neurite_soma_mpra|GFP 3UTR MPRA|CAD|mikl:Pgap1:5200.0:83856dcaff241fa4,mikl_gse173098|mikl_gse173098|neurite_soma_mpra|GFP 3UTR MPRA|Neuro-2a|mikl:Pgap1:5200.0:83856dcaff241fa4,2,True
4fdf05b044fa88a6,0,mikl_gse173098|mikl_gse173098|neurite_soma_mpra|GFP 3UTR MPRA|CAD|mikl:Pgap1:6900.0:fde7d2e5781025fd,mikl_gse173098|mikl_gse173098|neurite_soma_mpra|GFP 3UTR MPRA|Neuro-2a|mikl:Pgap1:6900.0:fde7d2e5781025fd,4,False
4fdf05b044fa88a6,0,mikl_gse173098|mikl_gse173098|neurite_soma_mpra|GFP 3UTR MPRA|CAD|mikl:Pgap1:5700.0:c53193c139ff603e,mikl_gse173098|mikl_gse173098|neurite_soma_mpra|GFP 3UTR MPRA|Neuro-2a|mikl:Pgap1:5700.0:c53193c139ff603e,4,False
4fdf05b044fa88a6,0,mikl_gse173098|mikl_gse173098|neurite_soma_mpra|GFP 3UTR MPRA|CAD|mikl:Pgap1:3150.0:7f787a98f59e0adb,mikl_gse173098|mikl_gse173098|neurite_soma_mpra|GFP 3UTR MPRA|Neuro-2a|mikl:Pgap1:3150.0:7f787a98f59e0adb,3,False
5097003a71c9cfad,1,mikl_gse173098|mikl_gse173098|neurite_soma_mpra|GFP 3UTR MPRA|CAD|mikl:Esr1:750.0:f81c41640cb01c13,mikl_gse173098|mikl_gse173098|neurite_soma_mpra|GFP 3UTR MPRA|Neuro-2a|mikl:Esr1:750.0:f81c41640cb01c13,2,True
5097003a71c9cfad,1,mikl_gse173098|mikl_gse173098|neurite_soma_mpra|GFP 3UTR MPRA|CAD|mikl:Esr1:1250.0:357e509c10e78704,mikl_gse173098|mikl_gse173098|neurite_soma_mpra|GFP 3UTR MPRA|Neuro-2a|mikl:Esr1:1250.0:357e509c10e78704,2,False
5097003a71c9cfad,1,mikl_gse173098|mikl_gse173098|neurite_soma_mpra|GFP 3UTR MPRA|CAD|mikl:Esr1:700.0:c8f6fd1d5e692d2b,mikl_gse173098|mikl_gse173098|neurite_soma_mpra|GFP 3UTR MPRA|Neuro-2a|mikl:Esr1:700.0:c8f6fd1d5e692d2b,2,False
5097003a71c9cfad,1,mikl_gse173098|mikl_gse173098|neurite_soma_mpra|GFP 3UTR MPRA|CAD|mikl:Esr1:1300.0:38dacb48fcb6cfd3,mikl_gse173098|mikl_gse173098|neurite_soma_mpra|GFP 3UTR MPRA|Neuro-2a|mikl:Esr1:1300.0:38dacb48fcb6cfd3,2,True
55083296fe498f98,2,mikl_gse173098|mikl_gse173098|neurite_soma_mpra|GFP 3UTR MPRA|CAD|mikl:Gabra4:250.0:a7257a49c737fa18,mikl_gse173098|mikl_gse173098|neurite_soma_mpra|GFP 3UTR MPRA|Neuro-2a|mikl:Gabra4:250.0:a7257a49c737fa18,2,False
55083296fe498f98,2,mikl_gse173098|mikl_gse173098|neurite_soma_mpra|GFP 3UTR MPRA|CAD|mikl:Gabra4:100.0:1c192b3003fd8ebd,mikl_gse173098|mikl_gse173098|neurite_soma_mpra|GFP 3UTR MPRA|Neuro-2a|mikl:Gabra4:100.0:1c192b3003fd8ebd,2,False
55083296fe498f98,2,mikl_gse173098|mikl_gse173098|neurite_soma_mpra|GFP 3UTR MPRA|CAD|mikl:Gabra4:950.0:ffaf446cfb20d7a7,mikl_gse173098|mikl_gse173098|neurite_soma_mpra|GFP 3UTR MPRA|Neuro-2a|mikl:Gabra4:950.0:ffaf446cfb20d7a7,2,True
57f1852b936c9984,0,mikl_gse173098|mikl_gse173098|neurite_soma_mpra|GFP 3UTR MPRA|CAD|mikl:Colec12:1300.0:23907453593aa725,mikl_gse173098|mikl_gse173098|neurite_soma_mpra|GFP 3UTR MPRA|Neuro-2a|mikl:Colec12:1300.0:23907453593aa725,2,False
57f1852b936c9984,0,mikl_gse173098|mikl_gse173098|neurite_soma_mpra|GFP 3UTR MPRA|CAD|mikl:Colec12:1400.0:92a7585bf73672da,mikl_gse173098|mikl_gse173098|neurite_soma_mpra|GFP 3UTR MPRA|Neuro-2a|mikl:Colec12:1400.0:92a7585bf73672da,3,True
57f1852b936c9984,0,mikl_gse173098|mikl_gse173098|neurite_soma_mpra|GFP 3UTR MPRA|CAD|mikl:Colec12:250.0:1f63a6d1a9dcf3ac,mikl_gse173098|mikl_gse173098|neurite_soma_mpra|GFP 3UTR MPRA|Neuro-2a|mikl:Colec12:250.0:1f63a6d1a9dcf3ac,2,True
57f1852b936c9984,0,mikl_gse173098|mikl_gse173098|neurite_soma_mpra|GFP 3UTR MPRA|CAD|mikl:Colec12:1250.0:35865a7600f6949d,mikl_gse173098|mikl_gse173098|neurite_soma_mpra|GFP 3UTR MPRA|Neuro-2a|mikl:Colec12:1250.0:35865a7600f6949d,3,False
57f1852b936c9984,0,mikl_gse173098|mikl_gse173098|neurite_soma_mpra|GFP 3UTR MPRA|CAD|mikl:Colec12:250.0:63620282a1543e00,mikl_gse173098|mikl_gse173098|neurite_soma_mpra|GFP 3UTR MPRA|Neuro-2a|mikl:Colec12:250.0:63620282a1543e00,3,True
57f1852b936c9984,0,mikl_gse173098|mikl_gse173098|neurite_soma_mpra|GFP 3UTR MPRA|CAD|mikl:Colec12:300.0:9e65195bd625214d,mikl_gse173098|mikl_gse173098|neurite_soma_mpra|GFP 3UTR MPRA|Neuro-2a|mikl:Colec12:300.0:9e65195bd625214d,2,True
57f1852b936c9984,0,mikl_gse173098|mikl_gse173098|neurite_soma_mpra|GFP 3UTR MPRA|CAD|mikl:Colec12:4400.0:1e229684c2eea5ed,mikl_gse173098|mikl_gse173098|neurite_soma_mpra|GFP 3UTR MPRA|Neuro-2a|mikl:Colec12:4400.0:1e229684c2eea5ed,3,False
57f1852b936c9984,0,mikl_gse173098|mikl_gse173098|neurite_soma_mpra|GFP 3UTR MPRA|CAD|mikl:Colec12:2850.0:8eba9ed6bde1159a,mikl_gse173098|mikl_gse173098|neurite_soma_mpra|GFP 3UTR MPRA|Neuro-2a|mikl:Colec12:2850.0:8eba9ed6bde1159a,3,False
57f1852b936c9984,0,mikl_gse173098|mikl_gse173098|neurite_soma_mpra|GFP 3UTR MPRA|CAD|mikl:Colec12:1200.0:95d7090637ff1c58,mikl_gse173098|mikl_gse173098|neurite_soma_mpra|GFP 3UTR MPRA|Neuro-2a|mikl:Colec12:1200.0:95d7090637ff1c58,2,True
57f1852b936c9984,0,mikl_gse173098|mikl_gse173098|neurite_soma_mpra|GFP 3UTR MPRA|CAD|mikl:Colec12:2750.0:eddfc446bc4e06f4,mikl_gse173098|mikl_gse173098|neurite_soma_mpra|GFP 3UTR MPRA|Neuro-2a|mikl:Colec12:2750.0:eddfc446bc4e06f4,2,False
57f1852b936c9984,0,mikl_gse173098|mikl_gse173098|neurite_soma_mpra|GFP 3UTR MPRA|CAD|mikl:Colec12:2200.0:5959573bb0b56c75,mikl_gse173098|mikl_gse173098|neurite_soma_mpra|GFP 3UTR MPRA|Neuro-2a|mikl:Colec12:2200.0:5959573bb0b56c75,2,True
57f1852b936c9984,0,mikl_gse173098|mikl_gse173098|neurite_soma_mpra|GFP 3UTR MPRA|CAD|mikl:Colec12:300.0:eefb67e906b5ed41,mikl_gse173098|mikl_gse173098|neurite_soma_mpra|GFP 3UTR MPRA|Neuro-2a|mikl:Colec12:300.0:eefb67e906b5ed41,2,False
57f1852b936c9984,0,mikl_gse173098|mikl_gse173098|neurite_soma_mpra|GFP 3UTR MPRA|CAD|mikl:Colec12:2900.0:33691831e4a861c1,mikl_gse173098|mikl_gse173098|neurite_soma_mpra|GFP 3UTR MPRA|Neuro-2a|mikl:Colec12:2900.0:33691831e4a861c1,4,False
57f1852b936c9984,0,mikl_gse173098|mikl_gse173098|neurite_soma_mpra|GFP 3UTR MPRA|CAD|mikl:Colec12:150.0:e07aab7bddaeedce,mikl_gse173098|mikl_gse173098|neurite_soma_mpra|GFP 3UTR MPRA|Neuro-2a|mikl:Colec12:150.0:e07aab7bddaeedce,2,True
57f1852b936c9984,0,mikl_gse173098|mikl_gse173098|neurite_soma_mpra|GFP 3UTR MPRA|CAD|mikl:Colec12:1150.0:00213cf74da73900,mikl_gse173098|mikl_gse173098|neurite_soma_mpra|GFP 3UTR MPRA|Neuro-2a|mikl:Colec12:1150.0:00213cf74da73900,2,False
57f1852b936c9984,0,mikl_gse173098|mikl_gse173098|neurite_soma_mpra|GFP 3UTR MPRA|CAD|mikl:Colec12:1450.0:7e4d2800ad5e46ac,mikl_gse173098|mikl_gse173098|neurite_soma_mpra|GFP 3UTR MPRA|Neuro-2a|mikl:Colec12:1450.0:7e4d2800ad5e46ac,2,True
57f1852b936c9984,0,mikl_gse173098|mikl_gse173098|neurite_soma_mpra|GFP 3UTR MPRA|CAD|mikl:Colec12:1500.0:cf3cf08d8c103eea,mikl_gse173098|mikl_gse173098|neurite_soma_mpra|GFP 3UTR MPRA|Neuro-2a|mikl:Colec12:1500.0:cf3cf08d8c103eea,2,False
57f1852b936c9984,0,mikl_gse173098|mikl_gse173098|neurite_soma_mpra|GFP 3UTR MPRA|CAD|mikl:Colec12:2950.0:3cfebb0c880c379e,mikl_gse173098|mikl_gse173098|neurite_soma_mpra|GFP 3UTR MPRA|Neuro-2a|mikl:Colec12:2950.0:3cfebb0c880c379e,3,False
57f1852b936c9984,0,mikl_gse173098|mikl_gse173098|neurite_soma_mpra|GFP 3UTR MPRA|CAD|mikl:Colec12:350.0:2f544f7f5093f76c,mikl_gse173098|mikl_gse173098|neurite_soma_mpra|GFP 3UTR MPRA|Neuro-2a|mikl:Colec12:350.0:2f544f7f5093f76c,2,False
57f1852b936c9984,0,mikl_gse173098|mikl_gse173098|neurite_soma_mpra|GFP 3UTR MPRA|CAD|mikl:Colec12:1250.0:b41d14e3e71d97ba,mikl_gse173098|mikl_gse173098|neurite_soma_mpra|GFP 3UTR MPRA|Neuro-2a|mikl:Colec12:1250.0:b41d14e3e71d97ba,2,False
57f1852b936c9984,0,mikl_gse173098|mikl_gse173098|neurite_soma_mpra|GFP 3UTR MPRA|CAD|mikl:Colec12:550.0:2eea7b06a0801e69,mikl_gse173098|mikl_gse173098|neurite_soma_mpra|GFP 3UTR MPRA|Neuro-2a|mikl:Colec12:550.0:2eea7b06a0801e69,2,False
57f1852b936c9984,0,mikl_gse173098|mikl_gse173098|neurite_soma_mpra|GFP 3UTR MPRA|CAD|mikl:Colec12:1200.0:c6837066a7ba2ae3,mikl_gse173098|mikl_gse173098|neurite_soma_mpra|GFP 3UTR MPRA|Neuro-2a|mikl:Colec12:1200.0:c6837066a7ba2ae3,4,False
58b12ed0a1d959d1,0,mikl_gse173098|mikl_gse173098|neurite_soma_mpra|GFP 3UTR MPRA|CAD|mikl:Arpc1b:200.0:717932046e8498d6,mikl_gse173098|mikl_gse173098|neurite_soma_mpra|GFP 3UTR MPRA|Neuro-2a|mikl:Arpc1b:200.0:717932046e8498d6,2,True
58b12ed0a1d959d1,0,mikl_gse173098|mikl_gse173098|neurite_soma_mpra|GFP 3UTR MPRA|CAD|mikl:Arpc1b:1400.0:c2ec33d190af4056,mikl_gse173098|mikl_gse173098|neurite_soma_mpra|GFP 3UTR MPRA|Neuro-2a|mikl:Arpc1b:1400.0:c2ec33d190af4056,5,False
58b12ed0a1d959d1,0,mikl_gse173098|mikl_gse173098|neurite_soma_mpra|GFP 3UTR MPRA|CAD|mikl:Arpc1b:250.0:4f116bad29dfb78f,mikl_gse173098|mikl_gse173098|neurite_soma_mpra|GFP 3UTR MPRA|Neuro-2a|mikl:Arpc1b:250.0:4f116bad29dfb78f,2,True
58b12ed0a1d959d1,0,mikl_gse173098|mikl_gse173098|neurite_soma_mpra|GFP 3UTR MPRA|CAD|mikl:Arpc1b:1350.0:39448d6a3ce5ce7e,mikl_gse173098|mikl_gse173098|neurite_soma_mpra|GFP 3UTR MPRA|Neuro-2a|mikl:Arpc1b:1350.0:39448d6a3ce5ce7e,2,True
58b12ed0a1d959d1,0,mikl_gse173098|mikl_gse173098|neurite_soma_mpra|GFP 3UTR MPRA|CAD|mikl:Arpc1b:1500.0:82634723034d8665,mikl_gse173098|mikl_gse173098|neurite_soma_mpra|GFP 3UTR MPRA|Neuro-2a|mikl:Arpc1b:1500.0:82634723034d8665,3,False
58b12ed0a1d959d1,0,mikl_gse173098|mikl_gse173098|neurite_soma_mpra|GFP 3UTR MPRA|CAD|mikl:Arpc1b:0.0:e2cabe523c6dc719,mikl_gse173098|mikl_gse173098|neurite_soma_mpra|GFP 3UTR MPRA|Neuro-2a|mikl:Arpc1b:0.0:e2cabe523c6dc719,2,False
58b12ed0a1d959d1,0,mikl_gse173098|mikl_gse173098|neurite_soma_mpra|GFP 3UTR MPRA|CAD|mikl:Arpc1b:300.0:b8421b1f08762c1f,mikl_gse173098|mikl_gse173098|neurite_soma_mpra|GFP 3UTR MPRA|Neuro-2a|mikl:Arpc1b:300.0:b8421b1f08762c1f,3,False
58b12ed0a1d959d1,0,mikl_gse173098|mikl_gse173098|neurite_soma_mpra|GFP 3UTR MPRA|CAD|mikl:Arpc1b:1450.0:4fefad3b36890cf4,mikl_gse173098|mikl_gse173098|neurite_soma_mpra|GFP 3UTR MPRA|Neuro-2a|mikl:Arpc1b:1450.0:4fefad3b36890cf4,3,False
58b12ed0a1d959d1,0,mikl_gse173098|mikl_gse173098|neurite_soma_mpra|GFP 3UTR MPRA|CAD|mikl:Arpc1b:1300.0:650e7fb5d3f3be74,mikl_gse173098|mikl_gse173098|neurite_soma_mpra|GFP 3UTR MPRA|Neuro-2a|mikl:Arpc1b:1300.0:650e7fb5d3f3be74,2,True
58b12ed0a1d959d1,0,mikl_gse173098|mikl_gse173098|neurite_soma_mpra|GFP 3UTR MPRA|CAD|mikl:Arpc1b:350.0:6f85c2633dffa0dd,mikl_gse173098|mikl_gse173098|neurite_soma_mpra|GFP 3UTR MPRA|Neuro-2a|mikl:Arpc1b:350.0:6f85c2633dffa0dd,2,False
59f59968b6beef2a,2,mikl_gse173098|mikl_gse173098|neurite_soma_mpra|GFP 3UTR MPRA|CAD|mikl:Meis2:1200.0:f41f78d4eab5803c,mikl_gse173098|mikl_gse173098|neurite_soma_mpra|GFP 3UTR MPRA|Neuro-2a|mikl:Meis2:1200.0:f41f78d4eab5803c,2,False
59f59968b6beef2a,2,mikl_gse173098|mikl_gse173098|neurite_soma_mpra|GFP 3UTR MPRA|CAD|mikl:Meis2:550.0:2fb7983d1c314d00,mikl_gse173098|mikl_gse173098|neurite_soma_mpra|GFP 3UTR MPRA|Neuro-2a|mikl:Meis2:550.0:2fb7983d1c314d00,2,True
59f59968b6beef2a,2,mikl_gse173098|mikl_gse173098|neurite_soma_mpra|GFP 3UTR MPRA|CAD|mikl:Meis2:1150.0:6d10e879bf4a83e3,mikl_gse173098|mikl_gse173098|neurite_soma_mpra|GFP 3UTR MPRA|Neuro-2a|mikl:Meis2:1150.0:6d10e879bf4a83e3,2,False
59f59968b6beef2a,2,mikl_gse173098|mikl_gse173098|neurite_soma_mpra|GFP 3UTR MPRA|CAD|mikl:Meis2:600.0:3d012d63b8ff7ee0,mikl_gse173098|mikl_gse173098|neurite_soma_mpra|GFP 3UTR MPRA|Neuro-2a|mikl:Meis2:600.0:3d012d63b8ff7ee0,2,True
5a1d029b2c7b0fe1,1,mikl_gse173098|mikl_gse173098|neurite_soma_mpra|GFP 3UTR MPRA|CAD|mikl:Kctd4:1300.0:96eb558dd35206f0,mikl_gse173098|mikl_gse173098|neurite_soma_mpra|GFP 3UTR MPRA|Neuro-2a|mikl:Kctd4:1300.0:96eb558dd35206f0,2,True
5a1d029b2c7b0fe1,1,mikl_gse173098|mikl_gse173098|neurite_soma_mpra|GFP 3UTR MPRA|CAD|mikl:Kctd4:2500.0:68e8013142560cc3,mikl_gse173098|mikl_gse173098|neurite_soma_mpra|GFP 3UTR MPRA|Neuro-2a|mikl:Kctd4:2500.0:68e8013142560cc3,2,True
5a1d029b2c7b0fe1,1,mikl_gse173098|mikl_gse173098|neurite_soma_mpra|GFP 3UTR MPRA|CAD|mikl:Kctd4:2550.0:acf16a58d1c7da07,mikl_gse173098|mikl_gse173098|neurite_soma_mpra|GFP 3UTR MPRA|Neuro-2a|mikl:Kctd4:2550.0:acf16a58d1c7da07,2,False
5b4a92e0a35fd7cd,1,mikl_gse173098|mikl_gse173098|neurite_soma_mpra|GFP 3UTR MPRA|CAD|mikl:Camk2a:1250.0:ef2a595c76da1994,mikl_gse173098|mikl_gse173098|neurite_soma_mpra|GFP 3UTR MPRA|Neuro-2a|mikl:Camk2a:1250.0:ef2a595c76da1994,3,False
5b4a92e0a35fd7cd,1,mikl_gse173098|mikl_gse173098|neurite_soma_mpra|GFP 3UTR MPRA|CAD|mikl:Camk2a:850.0:947230cf215a4197,mikl_gse173098|mikl_gse173098|neurite_soma_mpra|GFP 3UTR MPRA|Neuro-2a|mikl:Camk2a:850.0:947230cf215a4197,5,False
5b4a92e0a35fd7cd,1,mikl_gse173098|mikl_gse173098|neurite_soma_mpra|GFP 3UTR MPRA|CAD|mikl:Camk2a:1300.0:242a09a0bd2e9bde,mikl_gse173098|mikl_gse173098|neurite_soma_mpra|GFP 3UTR MPRA|Neuro-2a|mikl:Camk2a:1300.0:242a09a0bd2e9bde,6,False
5b4a92e0a35fd7cd,1,mikl_gse173098|mikl_gse173098|neurite_soma_mpra|GFP 3UTR MPRA|CAD|mikl:Camk2a:2750.0:49817f296dfa2e35,mikl_gse173098|mikl_gse173098|neurite_soma_mpra|GFP 3UTR MPRA|Neuro-2a|mikl:Camk2a:2750.0:49817f296dfa2e35,4,False
5b4a92e0a35fd7cd,1,mikl_gse173098|mikl_gse173098|neurite_soma_mpra|GFP 3UTR MPRA|CAD|mikl:Camk2a:1050.0:81b4e0b6b56789b8,mikl_gse173098|mikl_gse173098|neurite_soma_mpra|GFP 3UTR MPRA|Neuro-2a|mikl:Camk2a:1050.0:81b4e0b6b56789b8,2,True
5b4a92e0a35fd7cd,1,mikl_gse173098|mikl_gse173098|neurite_soma_mpra|GFP 3UTR MPRA|CAD|mikl:Camk2a:1200.0:d2fa5f085b03aa31,mikl_gse173098|mikl_gse173098|neurite_soma_mpra|GFP 3UTR MPRA|Neuro-2a|mikl:Camk2a:1200.0:d2fa5f085b03aa31,4,False
5b4a92e0a35fd7cd,1,mikl_gse173098|mikl_gse173098|neurite_soma_mpra|GFP 3UTR MPRA|CAD|mikl:Camk2a:2800.0:a6a1b63a857338c9,mikl_gse173098|mikl_gse173098|neurite_soma_mpra|GFP 3UTR MPRA|Neuro-2a|mikl:Camk2a:2800.0:a6a1b63a857338c9,2,False
5b4a92e0a35fd7cd,1,mikl_gse173098|mikl_gse173098|neurite_soma_mpra|GFP 3UTR MPRA|CAD|mikl:Camk2a:200.0:269ea92ecaf1be52,mikl_gse173098|mikl_gse173098|neurite_soma_mpra|GFP 3UTR MPRA|Neuro-2a|mikl:Camk2a:200.0:269ea92ecaf1be52,2,True
5b4a92e0a35fd7cd,1,mikl_gse173098|mikl_gse173098|neurite_soma_mpra|GFP 3UTR MPRA|CAD|mikl:Camk2a:2650.0:c198c9d90beccb26,mikl_gse173098|mikl_gse173098|neurite_soma_mpra|GFP 3UTR MPRA|Neuro-2a|mikl:Camk2a:2650.0:c198c9d90beccb26,4,False
5b4a92e0a35fd7cd,1,mikl_gse173098|mikl_gse173098|neurite_soma_mpra|GFP 3UTR MPRA|CAD|mikl:Camk2a:1150.0:f03aad96385f85cc,mikl_gse173098|mikl_gse173098|neurite_soma_mpra|GFP 3UTR MPRA|Neuro-2a|mikl:Camk2a:1150.0:f03aad96385f85cc,2,False
5b4a92e0a35fd7cd,1,mikl_gse173098|mikl_gse173098|neurite_soma_mpra|GFP 3UTR MPRA|CAD|mikl:Camk2a:400.0:d969e97fa2933f26,mikl_gse173098|mikl_gse173098|neurite_soma_mpra|GFP 3UTR MPRA|Neuro-2a|mikl:Camk2a:400.0:d969e97fa2933f26,2,False
5b4a92e0a35fd7cd,1,mikl_gse173098|mikl_gse173098|neurite_soma_mpra|GFP 3UTR MPRA|CAD|mikl:Camk2a:1400.0:5c69ac352bdff0d7,mikl_gse173098|mikl_gse173098|neurite_soma_mpra|GFP 3UTR MPRA|Neuro-2a|mikl:Camk2a:1400.0:5c69ac352bdff0d7,5,False
5b4a92e0a35fd7cd,1,mikl_gse173098|mikl_gse173098|neurite_soma_mpra|GFP 3UTR MPRA|CAD|mikl:Camk2a:2550.0:bc2f1a9e6dbc94b8,mikl_gse173098|mikl_gse173098|neurite_soma_mpra|GFP 3UTR MPRA|Neuro-2a|mikl:Camk2a:2550.0:bc2f1a9e6dbc94b8,4,False
5b4a92e0a35fd7cd,1,mikl_gse173098|mikl_gse173098|neurite_soma_mpra|GFP 3UTR MPRA|CAD|mikl:Camk2a:800.0:46e3f392d0e825dc,mikl_gse173098|mikl_gse173098|neurite_soma_mpra|GFP 3UTR MPRA|Neuro-2a|mikl:Camk2a:800.0:46e3f392d0e825dc,4,False
5b4a92e0a35fd7cd,1,mikl_gse173098|mikl_gse173098|neurite_soma_mpra|GFP 3UTR MPRA|CAD|mikl:Camk2a:1450.0:fdf59718377c165b,mikl_gse173098|mikl_gse173098|neurite_soma_mpra|GFP 3UTR MPRA|Neuro-2a|mikl:Camk2a:1450.0:fdf59718377c165b,4,False
5b4a92e0a35fd7cd,1,mikl_gse173098|mikl_gse173098|neurite_soma_mpra|GFP 3UTR MPRA|CAD|mikl:Camk2a:1750.0:062dcacc2b6eca0b,mikl_gse173098|mikl_gse173098|neurite_soma_mpra|GFP 3UTR MPRA|Neuro-2a|mikl:Camk2a:1750.0:062dcacc2b6eca0b,2,True
5b4a92e0a35fd7cd,1,mikl_gse173098|mikl_gse173098|neurite_soma_mpra|GFP 3UTR MPRA|CAD|mikl:Camk2a:3050.0:a050f21947d9d513,mikl_gse173098|mikl_gse173098|neurite_soma_mpra|GFP 3UTR MPRA|Neuro-2a|mikl:Camk2a:3050.0:a050f21947d9d513,6,False
5b4a92e0a35fd7cd,1,mikl_gse173098|mikl_gse173098|neurite_soma_mpra|GFP 3UTR MPRA|CAD|mikl:Camk2a:1800.0:0527fdca3174fb6e,mikl_gse173098|mikl_gse173098|neurite_soma_mpra|GFP 3UTR MPRA|Neuro-2a|mikl:Camk2a:1800.0:0527fdca3174fb6e,2,True
5b4a92e0a35fd7cd,1,mikl_gse173098|mikl_gse173098|neurite_soma_mpra|GFP 3UTR MPRA|CAD|mikl:Camk2a:900.0:399d76fb5f49887c,mikl_gse173098|mikl_gse173098|neurite_soma_mpra|GFP 3UTR MPRA|Neuro-2a|mikl:Camk2a:900.0:399d76fb5f49887c,4,False
5b4a92e0a35fd7cd,1,mikl_gse173098|mikl_gse173098|neurite_soma_mpra|GFP 3UTR MPRA|CAD|mikl:Camk2a:1000.0:e6322b4d568c6c40,mikl_gse173098|mikl_gse173098|neurite_soma_mpra|GFP 3UTR MPRA|Neuro-2a|mikl:Camk2a:1000.0:e6322b4d568c6c40,2,True
5b4a92e0a35fd7cd,1,mikl_gse173098|mikl_gse173098|neurite_soma_mpra|GFP 3UTR MPRA|CAD|mikl:Camk2a:2700.0:5baa62804bd3493a,mikl_gse173098|mikl_gse173098|neurite_soma_mpra|GFP 3UTR MPRA|Neuro-2a|mikl:Camk2a:2700.0:5baa62804bd3493a,3,True
5b4a92e0a35fd7cd,1,mikl_gse173098|mikl_gse173098|neurite_soma_mpra|GFP 3UTR MPRA|CAD|mikl:Camk2a:350.0:21e3e3de72288a97,mikl_gse173098|mikl_gse173098|neurite_soma_mpra|GFP 3UTR MPRA|Neuro-2a|mikl:Camk2a:350.0:21e3e3de72288a97,2,True
5b4a92e0a35fd7cd,1,mikl_gse173098|mikl_gse173098|neurite_soma_mpra|GFP 3UTR MPRA|CAD|mikl:Camk2a:2500.0:ba326f92ce528883,mikl_gse173098|mikl_gse173098|neurite_soma_mpra|GFP 3UTR MPRA|Neuro-2a|mikl:Camk2a:2500.0:ba326f92ce528883,2,True
5b4a92e0a35fd7cd,1,mikl_gse173098|mikl_gse173098|neurite_soma_mpra|GFP 3UTR MPRA|CAD|mikl:Camk2a:450.0:3fd915d85b28c721,mikl_gse173098|mikl_gse173098|neurite_soma_mpra|GFP 3UTR MPRA|Neuro-2a|mikl:Camk2a:450.0:3fd915d85b28c721,2,True
5b4a92e0a35fd7cd,1,mikl_gse173098|mikl_gse173098|neurite_soma_mpra|GFP 3UTR MPRA|CAD|mikl:Camk2a:3100.0:51f4a2f2fea85f05,mikl_gse173098|mikl_gse173098|neurite_soma_mpra|GFP 3UTR MPRA|Neuro-2a|mikl:Camk2a:3100.0:51f4a2f2fea85f05,5,False
5b4a92e0a35fd7cd,1,mikl_gse173098|mikl_gse173098|neurite_soma_mpra|GFP 3UTR MPRA|CAD|mikl:Camk2a:2300.0:f4f906c0049cdb55,mikl_gse173098|mikl_gse173098|neurite_soma_mpra|GFP 3UTR MPRA|Neuro-2a|mikl:Camk2a:2300.0:f4f906c0049cdb55,2,False
5b4a92e0a35fd7cd,1,mikl_gse173098|mikl_gse173098|neurite_soma_mpra|GFP 3UTR MPRA|CAD|mikl:Camk2a:750.0:13198a5429bebdaa,mikl_gse173098|mikl_gse173098|neurite_soma_mpra|GFP 3UTR MPRA|Neuro-2a|mikl:Camk2a:750.0:13198a5429bebdaa,2,True
5b4a92e0a35fd7cd,1,mikl_gse173098|mikl_gse173098|neurite_soma_mpra|GFP 3UTR MPRA|CAD|mikl:Camk2a:1350.0:be133d5f57f2b055,mikl_gse173098|mikl_gse173098|neurite_soma_mpra|GFP 3UTR MPRA|Neuro-2a|mikl:Camk2a:1350.0:be133d5f57f2b055,5,False
5b4a92e0a35fd7cd,1,mikl_gse173098|mikl_gse173098|neurite_soma_mpra|GFP 3UTR MPRA|CAD|mikl:Camk2a:2250.0:1052c0c26588091c,mikl_gse173098|mikl_gse173098|neurite_soma_mpra|GFP 3UTR MPRA|Neuro-2a|mikl:Camk2a:2250.0:1052c0c26588091c,2,True
5b4a92e0a35fd7cd,1,mikl_gse173098|mikl_gse173098|neurite_soma_mpra|GFP 3UTR MPRA|CAD|mikl:Camk2a:1550.0:c63ccad57b35cb0f,mikl_gse173098|mikl_gse173098|neurite_soma_mpra|GFP 3UTR MPRA|Neuro-2a|mikl:Camk2a:1550.0:c63ccad57b35cb0f,2,False
5b4a92e0a35fd7cd,1,mikl_gse173098|mikl_gse173098|neurite_soma_mpra|GFP 3UTR MPRA|CAD|mikl:Camk2a:2600.0:e40b06d3ed784303,mikl_gse173098|mikl_gse173098|neurite_soma_mpra|GFP 3UTR MPRA|Neuro-2a|mikl:Camk2a:2600.0:e40b06d3ed784303,4,False
5b4a92e0a35fd7cd,1,mikl_gse173098|mikl_gse173098|neurite_soma_mpra|GFP 3UTR MPRA|CAD|mikl:Camk2a:950.0:b2489c23d5d25414,mikl_gse173098|mikl_gse173098|neurite_soma_mpra|GFP 3UTR MPRA|Neuro-2a|mikl:Camk2a:950.0:b2489c23d5d25414,4,False
5b4a92e0a35fd7cd,1,mikl_gse173098|mikl_gse173098|neurite_soma_mpra|GFP 3UTR MPRA|CAD|mikl:Camk2a:3000.0:47977a9d96e25c46,mikl_gse173098|mikl_gse173098|neurite_soma_mpra|GFP 3UTR MPRA|Neuro-2a|mikl:Camk2a:3000.0:47977a9d96e25c46,4,True
5b4a92e0a35fd7cd,1,mikl_gse173098|mikl_gse173098|neurite_soma_mpra|GFP 3UTR MPRA|CAD|mikl:Camk2a:250.0:1f0348441bba294d,mikl_gse173098|mikl_gse173098|neurite_soma_mpra|GFP 3UTR MPRA|Neuro-2a|mikl:Camk2a:250.0:1f0348441bba294d,2,True
5b4a92e0a35fd7cd,1,mikl_gse173098|mikl_gse173098|neurite_soma_mpra|GFP 3UTR MPRA|CAD|mikl:Camk2a:1600.0:56f58ea16abc12f6,mikl_gse173098|mikl_gse173098|neurite_soma_mpra|GFP 3UTR MPRA|Neuro-2a|mikl:Camk2a:1600.0:56f58ea16abc12f6,2,True
5d439c67bda2a974,0,mikl_gse173098|mikl_gse173098|neurite_soma_mpra|GFP 3UTR MPRA|CAD|mikl:Ube2m:200.0:069680755db9bed9,mikl_gse173098|mikl_gse173098|neurite_soma_mpra|GFP 3UTR MPRA|Neuro-2a|mikl:Ube2m:200.0:069680755db9bed9,2,True
5d439c67bda2a974,0,mikl_gse173098|mikl_gse173098|neurite_soma_mpra|GFP 3UTR MPRA|CAD|mikl:Ube2m:50.0:7ecb09b529fccd97,mikl_gse173098|mikl_gse173098|neurite_soma_mpra|GFP 3UTR MPRA|Neuro-2a|mikl:Ube2m:50.0:7ecb09b529fccd97,2,False
5d439c67bda2a974,0,mikl_gse173098|mikl_gse173098|neurite_soma_mpra|GFP 3UTR MPRA|CAD|mikl:Ube2m:0.0:3e10337deb999538,mikl_gse173098|mikl_gse173098|neurite_soma_mpra|GFP 3UTR MPRA|Neuro-2a|mikl:Ube2m:0.0:3e10337deb999538,2,True
5d439c67bda2a974,0,mikl_gse173098|mikl_gse173098|neurite_soma_mpra|GFP 3UTR MPRA|CAD|mikl:Ube2m:150.0:d0d4053693f462ff,mikl_gse173098|mikl_gse173098|neurite_soma_mpra|GFP 3UTR MPRA|Neuro-2a|mikl:Ube2m:150.0:d0d4053693f462ff,2,False
61aab16ca5f719c2,2,mikl_gse173098|mikl_gse173098|neurite_soma_mpra|GFP 3UTR MPRA|CAD|mikl:Oxct1:200.0:e938c37794af9ca2,mikl_gse173098|mikl_gse173098|neurite_soma_mpra|GFP 3UTR MPRA|Neuro-2a|mikl:Oxct1:200.0:e938c37794af9ca2,3,False
61aab16ca5f719c2,2,mikl_gse173098|mikl_gse173098|neurite_soma_mpra|GFP 3UTR MPRA|CAD|mikl:Oxct1:50.0:b8a46876b03fc386,mikl_gse173098|mikl_gse173098|neurite_soma_mpra|GFP 3UTR MPRA|Neuro-2a|mikl:Oxct1:50.0:b8a46876b03fc386,2,False
61aab16ca5f719c2,2,mikl_gse173098|mikl_gse173098|neurite_soma_mpra|GFP 3UTR MPRA|CAD|mikl:Oxct1:750.0:dfea26cd11bd1df5,mikl_gse173098|mikl_gse173098|neurite_soma_mpra|GFP 3UTR MPRA|Neuro-2a|mikl:Oxct1:750.0:dfea26cd11bd1df5,2,True
61aab16ca5f719c2,2,mikl_gse173098|mikl_gse173098|neurite_soma_mpra|GFP 3UTR MPRA|CAD|mikl:Oxct1:1400.0:579ca06415e12ab9,mikl_gse173098|mikl_gse173098|neurite_soma_mpra|GFP 3UTR MPRA|Neuro-2a|mikl:Oxct1:1400.0:579ca06415e12ab9,5,False
61aab16ca5f719c2,2,mikl_gse173098|mikl_gse173098|neurite_soma_mpra|GFP 3UTR MPRA|CAD|mikl:Oxct1:300.0:5599013ef7e5dc29,mikl_gse173098|mikl_gse173098|neurite_soma_mpra|GFP 3UTR MPRA|Neuro-2a|mikl:Oxct1:300.0:5599013ef7e5dc29,2,False
61aab16ca5f719c2,2,mikl_gse173098|mikl_gse173098|neurite_soma_mpra|GFP 3UTR MPRA|CAD|mikl:Oxct1:700.0:efdfcfa0030885b4,mikl_gse173098|mikl_gse173098|neurite_soma_mpra|GFP 3UTR MPRA|Neuro-2a|mikl:Oxct1:700.0:efdfcfa0030885b4,2,True
61aab16ca5f719c2,2,mikl_gse173098|mikl_gse173098|neurite_soma_mpra|GFP 3UTR MPRA|CAD|mikl:Oxct1:150.0:bf6400ecaa93d36b,mikl_gse173098|mikl_gse173098|neurite_soma_mpra|GFP 3UTR MPRA|Neuro-2a|mikl:Oxct1:150.0:bf6400ecaa93d36b,3,False
61aab16ca5f719c2,2,mikl_gse173098|mikl_gse173098|neurite_soma_mpra|GFP 3UTR MPRA|CAD|mikl:Oxct1:650.0:b93539ed513746d7,mikl_gse173098|mikl_gse173098|neurite_soma_mpra|GFP 3UTR MPRA|Neuro-2a|mikl:Oxct1:650.0:b93539ed513746d7,6,False
61aab16ca5f719c2,2,mikl_gse173098|mikl_gse173098|neurite_soma_mpra|GFP 3UTR MPRA|CAD|mikl:Oxct1:550.0:72892e6aeab23d5b,mikl_gse173098|mikl_gse173098|neurite_soma_mpra|GFP 3UTR MPRA|Neuro-2a|mikl:Oxct1:550.0:72892e6aeab23d5b,5,False
61aab16ca5f719c2,2,mikl_gse173098|mikl_gse173098|neurite_soma_mpra|GFP 3UTR MPRA|CAD|mikl:Oxct1:600.0:3c5296440f3be2ed,mikl_gse173098|mikl_gse173098|neurite_soma_mpra|GFP 3UTR MPRA|Neuro-2a|mikl:Oxct1:600.0:3c5296440f3be2ed,5,False
61aab16ca5f719c2,2,mikl_gse173098|mikl_gse173098|neurite_soma_mpra|GFP 3UTR MPRA|CAD|mikl:Oxct1:100.0:bc7862710037bdfe,mikl_gse173098|mikl_gse173098|neurite_soma_mpra|GFP 3UTR MPRA|Neuro-2a|mikl:Oxct1:100.0:bc7862710037bdfe,4,False
61aab16ca5f719c2,2,mikl_gse173098|mikl_gse173098|neurite_soma_mpra|GFP 3UTR MPRA|CAD|mikl:Oxct1:800.0:ed5dfb2e7eeef0d8,mikl_gse173098|mikl_gse173098|neurite_soma_mpra|GFP 3UTR MPRA|Neuro-2a|mikl:Oxct1:800.0:ed5dfb2e7eeef0d8,2,True
623667028f15fd28,0,mikl_gse173098|mikl_gse173098|neurite_soma_mpra|GFP 3UTR MPRA|CAD|mikl:Srl:1000.0:5c2e4a0bb73f66f2,mikl_gse173098|mikl_gse173098|neurite_soma_mpra|GFP 3UTR MPRA|Neuro-2a|mikl:Srl:1000.0:5c2e4a0bb73f66f2,2,False
623667028f15fd28,0,mikl_gse173098|mikl_gse173098|neurite_soma_mpra|GFP 3UTR MPRA|CAD|mikl:Srl:900.0:65ba79df78fad7b8,mikl_gse173098|mikl_gse173098|neurite_soma_mpra|GFP 3UTR MPRA|Neuro-2a|mikl:Srl:900.0:65ba79df78fad7b8,2,True
640f3876f2eba97b,1,mikl_gse173098|mikl_gse173098|neurite_soma_mpra|GFP 3UTR MPRA|CAD|mikl:Eef2:100.0:be0a66316409d6a9,mikl_gse173098|mikl_gse173098|neurite_soma_mpra|GFP 3UTR MPRA|Neuro-2a|mikl:Eef2:100.0:be0a66316409d6a9,2,True
640f3876f2eba97b,1,mikl_gse173098|mikl_gse173098|neurite_soma_mpra|GFP 3UTR MPRA|CAD|mikl:Eef2:150.0:4a80e3a428a84590,mikl_gse173098|mikl_gse173098|neurite_soma_mpra|GFP 3UTR MPRA|Neuro-2a|mikl:Eef2:150.0:4a80e3a428a84590,2,False
6627cc7158a27206,2,mikl_gse173098|mikl_gse173098|neurite_soma_mpra|GFP 3UTR MPRA|CAD|mikl:Cntn2:2850.0:dda14a2e3e17898d,mikl_gse173098|mikl_gse173098|neurite_soma_mpra|GFP 3UTR MPRA|Neuro-2a|mikl:Cntn2:2850.0:dda14a2e3e17898d,2,False
6627cc7158a27206,2,mikl_gse173098|mikl_gse173098|neurite_soma_mpra|GFP 3UTR MPRA|CAD|mikl:Cntn2:1900.0:a5e6acdedde05d25,mikl_gse173098|mikl_gse173098|neurite_soma_mpra|GFP 3UTR MPRA|Neuro-2a|mikl:Cntn2:1900.0:a5e6acdedde05d25,3,True
6627cc7158a27206,2,mikl_gse173098|mikl_gse173098|neurite_soma_mpra|GFP 3UTR MPRA|CAD|mikl:Cntn2:1600.0:4bc597425aab9fd5,mikl_gse173098|mikl_gse173098|neurite_soma_mpra|GFP 3UTR MPRA|Neuro-2a|mikl:Cntn2:1600.0:4bc597425aab9fd5,5,False
6627cc7158a27206,2,mikl_gse173098|mikl_gse173098|neurite_soma_mpra|GFP 3UTR MPRA|CAD|mikl:Cntn2:1750.0:9b84383d037df3e6,mikl_gse173098|mikl_gse173098|neurite_soma_mpra|GFP 3UTR MPRA|Neuro-2a|mikl:Cntn2:1750.0:9b84383d037df3e6,2,False
6627cc7158a27206,2,mikl_gse173098|mikl_gse173098|neurite_soma_mpra|GFP 3UTR MPRA|CAD|mikl:Cntn2:2500.0:4a7aa25b24ef7bc4,mikl_gse173098|mikl_gse173098|neurite_soma_mpra|GFP 3UTR MPRA|Neuro-2a|mikl:Cntn2:2500.0:4a7aa25b24ef7bc4,2,False
6627cc7158a27206,2,mikl_gse173098|mikl_gse173098|neurite_soma_mpra|GFP 3UTR MPRA|CAD|mikl:Cntn2:1950.0:526ae040dcfd73dc,mikl_gse173098|mikl_gse173098|neurite_soma_mpra|GFP 3UTR MPRA|Neuro-2a|mikl:Cntn2:1950.0:526ae040dcfd73dc,2,False
6627cc7158a27206,2,mikl_gse173098|mikl_gse173098|neurite_soma_mpra|GFP 3UTR MPRA|CAD|mikl:Cntn2:1500.0:d1543be2ac853ad8,mikl_gse173098|mikl_gse173098|neurite_soma_mpra|GFP 3UTR MPRA|Neuro-2a|mikl:Cntn2:1500.0:d1543be2ac853ad8,3,False
6627cc7158a27206,2,mikl_gse173098|mikl_gse173098|neurite_soma_mpra|GFP 3UTR MPRA|CAD|mikl:Cntn2:1850.0:c31777fd5b138277,mikl_gse173098|mikl_gse173098|neurite_soma_mpra|GFP 3UTR MPRA|Neuro-2a|mikl:Cntn2:1850.0:c31777fd5b138277,4,False
6627cc7158a27206,2,mikl_gse173098|mikl_gse173098|neurite_soma_mpra|GFP 3UTR MPRA|CAD|mikl:Cntn2:3400.0:1cdd0e0d9e36ea94,mikl_gse173098|mikl_gse173098|neurite_soma_mpra|GFP 3UTR MPRA|Neuro-2a|mikl:Cntn2:3400.0:1cdd0e0d9e36ea94,2,False
6627cc7158a27206,2,mikl_gse173098|mikl_gse173098|neurite_soma_mpra|GFP 3UTR MPRA|CAD|mikl:Cntn2:1550.0:d28b9089b9a7f148,mikl_gse173098|mikl_gse173098|neurite_soma_mpra|GFP 3UTR MPRA|Neuro-2a|mikl:Cntn2:1550.0:d28b9089b9a7f148,5,False
6627cc7158a27206,2,mikl_gse173098|mikl_gse173098|neurite_soma_mpra|GFP 3UTR MPRA|CAD|mikl:Cntn2:1800.0:c397210a573b6b9e,mikl_gse173098|mikl_gse173098|neurite_soma_mpra|GFP 3UTR MPRA|Neuro-2a|mikl:Cntn2:1800.0:c397210a573b6b9e,2,False
6627cc7158a27206,2,mikl_gse173098|mikl_gse173098|neurite_soma_mpra|GFP 3UTR MPRA|CAD|mikl:Cntn2:1850.0:a689793ed1fc77e4,mikl_gse173098|mikl_gse173098|neurite_soma_mpra|GFP 3UTR MPRA|Neuro-2a|mikl:Cntn2:1850.0:a689793ed1fc77e4,3,False
6627cc7158a27206,2,mikl_gse173098|mikl_gse173098|neurite_soma_mpra|GFP 3UTR MPRA|CAD|mikl:Cntn2:150.0:aae78a1698b6c321,mikl_gse173098|mikl_gse173098|neurite_soma_mpra|GFP 3UTR MPRA|Neuro-2a|mikl:Cntn2:150.0:aae78a1698b6c321,2,True
6627cc7158a27206,2,mikl_gse173098|mikl_gse173098|neurite_soma_mpra|GFP 3UTR MPRA|CAD|mikl:Cntn2:2250.0:546278609d827067,mikl_gse173098|mikl_gse173098|neurite_soma_mpra|GFP 3UTR MPRA|Neuro-2a|mikl:Cntn2:2250.0:546278609d827067,2,True
6627cc7158a27206,2,mikl_gse173098|mikl_gse173098|neurite_soma_mpra|GFP 3UTR MPRA|CAD|mikl:Cntn2:1900.0:305851cb6f2dc2ef,mikl_gse173098|mikl_gse173098|neurite_soma_mpra|GFP 3UTR MPRA|Neuro-2a|mikl:Cntn2:1900.0:305851cb6f2dc2ef,3,False
6627cc7158a27206,2,mikl_gse173098|mikl_gse173098|neurite_soma_mpra|GFP 3UTR MPRA|CAD|mikl:Cntn2:1850.0:32106df25d3f1415,mikl_gse173098|mikl_gse173098|neurite_soma_mpra|GFP 3UTR MPRA|Neuro-2a|mikl:Cntn2:1850.0:32106df25d3f1415,3,False
6627cc7158a27206,2,mikl_gse173098|mikl_gse173098|neurite_soma_mpra|GFP 3UTR MPRA|CAD|mikl:Cntn2:2450.0:66c2bfafd47685ee,mikl_gse173098|mikl_gse173098|neurite_soma_mpra|GFP 3UTR MPRA|Neuro-2a|mikl:Cntn2:2450.0:66c2bfafd47685ee,2,False
6627cc7158a27206,2,mikl_gse173098|mikl_gse173098|neurite_soma_mpra|GFP 3UTR MPRA|CAD|mikl:Cntn2:3350.0:b8991f98833a2d9c,mikl_gse173098|mikl_gse173098|neurite_soma_mpra|GFP 3UTR MPRA|Neuro-2a|mikl:Cntn2:3350.0:b8991f98833a2d9c,2,False
6627cc7158a27206,2,mikl_gse173098|mikl_gse173098|neurite_soma_mpra|GFP 3UTR MPRA|CAD|mikl:Cntn2:1900.0:1a5f2b39dbe5f986,mikl_gse173098|mikl_gse173098|neurite_soma_mpra|GFP 3UTR MPRA|Neuro-2a|mikl:Cntn2:1900.0:1a5f2b39dbe5f986,2,False
6627cc7158a27206,2,mikl_gse173098|mikl_gse173098|neurite_soma_mpra|GFP 3UTR MPRA|CAD|mikl:Cntn2:1750.0:d0e430dc26cc0067,mikl_gse173098|mikl_gse173098|neurite_soma_mpra|GFP 3UTR MPRA|Neuro-2a|mikl:Cntn2:1750.0:d0e430dc26cc0067,2,False
6627cc7158a27206,2,mikl_gse173098|mikl_gse173098|neurite_soma_mpra|GFP 3UTR MPRA|CAD|mikl:Cntn2:1950.0:2c226ee79d5a3824,mikl_gse173098|mikl_gse173098|neurite_soma_mpra|GFP 3UTR MPRA|Neuro-2a|mikl:Cntn2:1950.0:2c226ee79d5a3824,2,False
6627cc7158a27206,2,mikl_gse173098|mikl_gse173098|neurite_soma_mpra|GFP 3UTR MPRA|CAD|mikl:Cntn2:2750.0:43c91420f1d3793f,mikl_gse173098|mikl_gse173098|neurite_soma_mpra|GFP 3UTR MPRA|Neuro-2a|mikl:Cntn2:2750.0:43c91420f1d3793f,2,False
6627cc7158a27206,2,mikl_gse173098|mikl_gse173098|neurite_soma_mpra|GFP 3UTR MPRA|CAD|mikl:Cntn2:1800.0:3a62c1381a8965ed,mikl_gse173098|mikl_gse173098|neurite_soma_mpra|GFP 3UTR MPRA|Neuro-2a|mikl:Cntn2:1800.0:3a62c1381a8965ed,3,False
6627cc7158a27206,2,mikl_gse173098|mikl_gse173098|neurite_soma_mpra|GFP 3UTR MPRA|CAD|mikl:Cntn2:1800.0:6c5e9bd3b1dac618,mikl_gse173098|mikl_gse173098|neurite_soma_mpra|GFP 3UTR MPRA|Neuro-2a|mikl:Cntn2:1800.0:6c5e9bd3b1dac618,2,False
668a9db14ec82772,1,mikl_gse173098|mikl_gse173098|neurite_soma_mpra|GFP 3UTR MPRA|CAD|mikl:Thbd:400.0:a0ab25e3c2e6f90e,mikl_gse173098|mikl_gse173098|neurite_soma_mpra|GFP 3UTR MPRA|Neuro-2a|mikl:Thbd:400.0:a0ab25e3c2e6f90e,2,True
66f2fe8e70c62e4e,1,mikl_gse173098|mikl_gse173098|neurite_soma_mpra|GFP 3UTR MPRA|CAD|mikl:Col1a1:100.0:1b7fa5a541f18b87,mikl_gse173098|mikl_gse173098|neurite_soma_mpra|GFP 3UTR MPRA|Neuro-2a|mikl:Col1a1:100.0:1b7fa5a541f18b87,2,True
66f2fe8e70c62e4e,1,mikl_gse173098|mikl_gse173098|neurite_soma_mpra|GFP 3UTR MPRA|CAD|mikl:Col1a1:700.0:55bd125eedcb96a4,mikl_gse173098|mikl_gse173098|neurite_soma_mpra|GFP 3UTR MPRA|Neuro-2a|mikl:Col1a1:700.0:55bd125eedcb96a4,2,False
66f2fe8e70c62e4e,1,mikl_gse173098|mikl_gse173098|neurite_soma_mpra|GFP 3UTR MPRA|CAD|mikl:Col1a1:500.0:58379750caf40d7f,mikl_gse173098|mikl_gse173098|neurite_soma_mpra|GFP 3UTR MPRA|Neuro-2a|mikl:Col1a1:500.0:58379750caf40d7f,2,False
66f2fe8e70c62e4e,1,mikl_gse173098|mikl_gse173098|neurite_soma_mpra|GFP 3UTR MPRA|CAD|mikl:Col1a1:300.0:384be2ebb4f682e3,mikl_gse173098|mikl_gse173098|neurite_soma_mpra|GFP 3UTR MPRA|Neuro-2a|mikl:Col1a1:300.0:384be2ebb4f682e3,2,True
66f2fe8e70c62e4e,1,mikl_gse173098|mikl_gse173098|neurite_soma_mpra|GFP 3UTR MPRA|CAD|mikl:Col1a1:550.0:0b5dedd86528ab81,mikl_gse173098|mikl_gse173098|neurite_soma_mpra|GFP 3UTR MPRA|Neuro-2a|mikl:Col1a1:550.0:0b5dedd86528ab81,2,False
674f38fb7707b0e2,2,mikl_gse173098|mikl_gse173098|neurite_soma_mpra|GFP 3UTR MPRA|CAD|mikl:Liph:700.0:71874c9c4c1fffaf,mikl_gse173098|mikl_gse173098|neurite_soma_mpra|GFP 3UTR MPRA|Neuro-2a|mikl:Liph:700.0:71874c9c4c1fffaf,2,False
674f38fb7707b0e2,2,mikl_gse173098|mikl_gse173098|neurite_soma_mpra|GFP 3UTR MPRA|CAD|mikl:Liph:400.0:f9b8caae5b80f3b3,mikl_gse173098|mikl_gse173098|neurite_soma_mpra|GFP 3UTR MPRA|Neuro-2a|mikl:Liph:400.0:f9b8caae5b80f3b3,4,False
674f38fb7707b0e2,2,mikl_gse173098|mikl_gse173098|neurite_soma_mpra|GFP 3UTR MPRA|CAD|mikl:Liph:1050.0:f0db7f389d91cda4,mikl_gse173098|mikl_gse173098|neurite_soma_mpra|GFP 3UTR MPRA|Neuro-2a|mikl:Liph:1050.0:f0db7f389d91cda4,2,False
674f38fb7707b0e2,2,mikl_gse173098|mikl_gse173098|neurite_soma_mpra|GFP 3UTR MPRA|CAD|mikl:Liph:50.0:422e089e70e133e6,mikl_gse173098|mikl_gse173098|neurite_soma_mpra|GFP 3UTR MPRA|Neuro-2a|mikl:Liph:50.0:422e089e70e133e6,2,False
674f38fb7707b0e2,2,mikl_gse173098|mikl_gse173098|neurite_soma_mpra|GFP 3UTR MPRA|CAD|mikl:Liph:850.0:7ef27118742193d2,mikl_gse173098|mikl_gse173098|neurite_soma_mpra|GFP 3UTR MPRA|Neuro-2a|mikl:Liph:850.0:7ef27118742193d2,2,True
674f38fb7707b0e2,2,mikl_gse173098|mikl_gse173098|neurite_soma_mpra|GFP 3UTR MPRA|CAD|mikl:Liph:1850.0:0a32df0c0a86221f,mikl_gse173098|mikl_gse173098|neurite_soma_mpra|GFP 3UTR MPRA|Neuro-2a|mikl:Liph:1850.0:0a32df0c0a86221f,2,False
674f38fb7707b0e2,2,mikl_gse173098|mikl_gse173098|neurite_soma_mpra|GFP 3UTR MPRA|CAD|mikl:Liph:1900.0:c546b9192df52035,mikl_gse173098|mikl_gse173098|neurite_soma_mpra|GFP 3UTR MPRA|Neuro-2a|mikl:Liph:1900.0:c546b9192df52035,2,True
674f38fb7707b0e2,2,mikl_gse173098|mikl_gse173098|neurite_soma_mpra|GFP 3UTR MPRA|CAD|mikl:Liph:1150.0:0b735f261a786f07,mikl_gse173098|mikl_gse173098|neurite_soma_mpra|GFP 3UTR MPRA|Neuro-2a|mikl:Liph:1150.0:0b735f261a786f07,2,True
674f38fb7707b0e2,2,mikl_gse173098|mikl_gse173098|neurite_soma_mpra|GFP 3UTR MPRA|CAD|mikl:Liph:800.0:2e99c6bcb11b4541,mikl_gse173098|mikl_gse173098|neurite_soma_mpra|GFP 3UTR MPRA|Neuro-2a|mikl:Liph:800.0:2e99c6bcb11b4541,2,True
674f38fb7707b0e2,2,mikl_gse173098|mikl_gse173098|neurite_soma_mpra|GFP 3UTR MPRA|CAD|mikl:Liph:1300.0:eb5a7da80306215b,mikl_gse173098|mikl_gse173098|neurite_soma_mpra|GFP 3UTR MPRA|Neuro-2a|mikl:Liph:1300.0:eb5a7da80306215b,4,False
674f38fb7707b0e2,2,mikl_gse173098|mikl_gse173098|neurite_soma_mpra|GFP 3UTR MPRA|CAD|mikl:Liph:300.0:b0842657f640b03f,mikl_gse173098|mikl_gse173098|neurite_soma_mpra|GFP 3UTR MPRA|Neuro-2a|mikl:Liph:300.0:b0842657f640b03f,4,False
674f38fb7707b0e2,2,mikl_gse173098|mikl_gse173098|neurite_soma_mpra|GFP 3UTR MPRA|CAD|mikl:Liph:1050.0:5d50302059882809,mikl_gse173098|mikl_gse173098|neurite_soma_mpra|GFP 3UTR MPRA|Neuro-2a|mikl:Liph:1050.0:5d50302059882809,2,False
674f38fb7707b0e2,2,mikl_gse173098|mikl_gse173098|neurite_soma_mpra|GFP 3UTR MPRA|CAD|mikl:Liph:400.0:8daaf7c26d9395e5,mikl_gse173098|mikl_gse173098|neurite_soma_mpra|GFP 3UTR MPRA|Neuro-2a|mikl:Liph:400.0:8daaf7c26d9395e5,2,False
674f38fb7707b0e2,2,mikl_gse173098|mikl_gse173098|neurite_soma_mpra|GFP 3UTR MPRA|CAD|mikl:Liph:900.0:2daf1c785bd6d46d,mikl_gse173098|mikl_gse173098|neurite_soma_mpra|GFP 3UTR MPRA|Neuro-2a|mikl:Liph:900.0:2daf1c785bd6d46d,3,False
674f38fb7707b0e2,2,mikl_gse173098|mikl_gse173098|neurite_soma_mpra|GFP 3UTR MPRA|CAD|mikl:Liph:350.0:2a536f7dbf0ae799,mikl_gse173098|mikl_gse173098|neurite_soma_mpra|GFP 3UTR MPRA|Neuro-2a|mikl:Liph:350.0:2a536f7dbf0ae799,4,False
674f38fb7707b0e2,2,mikl_gse173098|mikl_gse173098|neurite_soma_mpra|GFP 3UTR MPRA|CAD|mikl:Liph:1100.0:b66600d539ff198e,mikl_gse173098|mikl_gse173098|neurite_soma_mpra|GFP 3UTR MPRA|Neuro-2a|mikl:Liph:1100.0:b66600d539ff198e,2,False
674f38fb7707b0e2,2,mikl_gse173098|mikl_gse173098|neurite_soma_mpra|GFP 3UTR MPRA|CAD|mikl:Liph:600.0:48ea87e29ffccec6,mikl_gse173098|mikl_gse173098|neurite_soma_mpra|GFP 3UTR MPRA|Neuro-2a|mikl:Liph:600.0:48ea87e29ffccec6,2,True
674f38fb7707b0e2,2,mikl_gse173098|mikl_gse173098|neurite_soma_mpra|GFP 3UTR MPRA|CAD|mikl:Liph:1000.0:8367618b104d8076,mikl_gse173098|mikl_gse173098|neurite_soma_mpra|GFP 3UTR MPRA|Neuro-2a|mikl:Liph:1000.0:8367618b104d8076,2,False
674f38fb7707b0e2,2,mikl_gse173098|mikl_gse173098|neurite_soma_mpra|GFP 3UTR MPRA|CAD|mikl:Liph:1800.0:60e762bc73fc3075,mikl_gse173098|mikl_gse173098|neurite_soma_mpra|GFP 3UTR MPRA|Neuro-2a|mikl:Liph:1800.0:60e762bc73fc3075,2,True
67a2fc9fcc165a75,2,mikl_gse173098|mikl_gse173098|neurite_soma_mpra|GFP 3UTR MPRA|CAD|mikl:Agtrap:950.0:7c252b7215a331fe,mikl_gse173098|mikl_gse173098|neurite_soma_mpra|GFP 3UTR MPRA|Neuro-2a|mikl:Agtrap:950.0:7c252b7215a331fe,3,False
67a2fc9fcc165a75,2,mikl_gse173098|mikl_gse173098|neurite_soma_mpra|GFP 3UTR MPRA|CAD|mikl:Agtrap:550.0:b89882dcc2b5a013,mikl_gse173098|mikl_gse173098|neurite_soma_mpra|GFP 3UTR MPRA|Neuro-2a|mikl:Agtrap:550.0:b89882dcc2b5a013,2,True
67a2fc9fcc165a75,2,mikl_gse173098|mikl_gse173098|neurite_soma_mpra|GFP 3UTR MPRA|CAD|mikl:Agtrap:1900.0:57fa274a0f69b98e,mikl_gse173098|mikl_gse173098|neurite_soma_mpra|GFP 3UTR MPRA|Neuro-2a|mikl:Agtrap:1900.0:57fa274a0f69b98e,2,True
67a2fc9fcc165a75,2,mikl_gse173098|mikl_gse173098|neurite_soma_mpra|GFP 3UTR MPRA|CAD|mikl:Agtrap:2400.0:b628ae44fc3e9e96,mikl_gse173098|mikl_gse173098|neurite_soma_mpra|GFP 3UTR MPRA|Neuro-2a|mikl:Agtrap:2400.0:b628ae44fc3e9e96,2,False
67a2fc9fcc165a75,2,mikl_gse173098|mikl_gse173098|neurite_soma_mpra|GFP 3UTR MPRA|CAD|mikl:Agtrap:1400.0:2aadabe232699c67,mikl_gse173098|mikl_gse173098|neurite_soma_mpra|GFP 3UTR MPRA|Neuro-2a|mikl:Agtrap:1400.0:2aadabe232699c67,2,True
67a2fc9fcc165a75,2,mikl_gse173098|mikl_gse173098|neurite_soma_mpra|GFP 3UTR MPRA|CAD|mikl:Agtrap:1000.0:54a0f5d1c89eb6d5,mikl_gse173098|mikl_gse173098|neurite_soma_mpra|GFP 3UTR MPRA|Neuro-2a|mikl:Agtrap:1000.0:54a0f5d1c89eb6d5,2,True
67a2fc9fcc165a75,2,mikl_gse173098|mikl_gse173098|neurite_soma_mpra|GFP 3UTR MPRA|CAD|mikl:Agtrap:800.0:1bb68705893a676d,mikl_gse173098|mikl_gse173098|neurite_soma_mpra|GFP 3UTR MPRA|Neuro-2a|mikl:Agtrap:800.0:1bb68705893a676d,2,True
67a2fc9fcc165a75,2,mikl_gse173098|mikl_gse173098|neurite_soma_mpra|GFP 3UTR MPRA|CAD|mikl:Agtrap:850.0:18a7e9de103ec91d,mikl_gse173098|mikl_gse173098|neurite_soma_mpra|GFP 3UTR MPRA|Neuro-2a|mikl:Agtrap:850.0:18a7e9de103ec91d,2,False
67a2fc9fcc165a75,2,mikl_gse173098|mikl_gse173098|neurite_soma_mpra|GFP 3UTR MPRA|CAD|mikl:Agtrap:2350.0:727f0f55d161c1fc,mikl_gse173098|mikl_gse173098|neurite_soma_mpra|GFP 3UTR MPRA|Neuro-2a|mikl:Agtrap:2350.0:727f0f55d161c1fc,3,False
67a2fc9fcc165a75,2,mikl_gse173098|mikl_gse173098|neurite_soma_mpra|GFP 3UTR MPRA|CAD|mikl:Agtrap:900.0:9d3a8c5ba7df08d3,mikl_gse173098|mikl_gse173098|neurite_soma_mpra|GFP 3UTR MPRA|Neuro-2a|mikl:Agtrap:900.0:9d3a8c5ba7df08d3,2,False
67a2fc9fcc165a75,2,mikl_gse173098|mikl_gse173098|neurite_soma_mpra|GFP 3UTR MPRA|CAD|mikl:Agtrap:2950.0:5d4152ad998d26bd,mikl_gse173098|mikl_gse173098|neurite_soma_mpra|GFP 3UTR MPRA|Neuro-2a|mikl:Agtrap:2950.0:5d4152ad998d26bd,4,False
688e94039c09acf6,2,mikl_gse173098|mikl_gse173098|neurite_soma_mpra|GFP 3UTR MPRA|CAD|mikl:Eif3f:200.0:2ac84089049e2852,mikl_gse173098|mikl_gse173098|neurite_soma_mpra|GFP 3UTR MPRA|Neuro-2a|mikl:Eif3f:200.0:2ac84089049e2852,3,False
688e94039c09acf6,2,mikl_gse173098|mikl_gse173098|neurite_soma_mpra|GFP 3UTR MPRA|CAD|mikl:Eif3f:150.0:557cc67536b7d1e0,mikl_gse173098|mikl_gse173098|neurite_soma_mpra|GFP 3UTR MPRA|Neuro-2a|mikl:Eif3f:150.0:557cc67536b7d1e0,2,True
688e94039c09acf6,2,mikl_gse173098|mikl_gse173098|neurite_soma_mpra|GFP 3UTR MPRA|CAD|mikl:Eif3f:100.0:8c4d51e22b73c7ec,mikl_gse173098|mikl_gse173098|neurite_soma_mpra|GFP 3UTR MPRA|Neuro-2a|mikl:Eif3f:100.0:8c4d51e22b73c7ec,2,False
688e94039c09acf6,2,mikl_gse173098|mikl_gse173098|neurite_soma_mpra|GFP 3UTR MPRA|CAD|mikl:Eif3f:650.0:bece60509ee25e4d,mikl_gse173098|mikl_gse173098|neurite_soma_mpra|GFP 3UTR MPRA|Neuro-2a|mikl:Eif3f:650.0:bece60509ee25e4d,2,False
6a60af910c2da03e,0,mikl_gse173098|mikl_gse173098|neurite_soma_mpra|GFP 3UTR MPRA|CAD|mikl:Col27a1:350.0:0ef3e677d037dd25,mikl_gse173098|mikl_gse173098|neurite_soma_mpra|GFP 3UTR MPRA|Neuro-2a|mikl:Col27a1:350.0:0ef3e677d037dd25,3,False
6a60af910c2da03e,0,mikl_gse173098|mikl_gse173098|neurite_soma_mpra|GFP 3UTR MPRA|CAD|mikl:Col27a1:250.0:bc1d5d898f813a5a,mikl_gse173098|mikl_gse173098|neurite_soma_mpra|GFP 3UTR MPRA|Neuro-2a|mikl:Col27a1:250.0:bc1d5d898f813a5a,2,True
6a60af910c2da03e,0,mikl_gse173098|mikl_gse173098|neurite_soma_mpra|GFP 3UTR MPRA|CAD|mikl:Col27a1:1350.0:5edcd7084f6eea34,mikl_gse173098|mikl_gse173098|neurite_soma_mpra|GFP 3UTR MPRA|Neuro-2a|mikl:Col27a1:1350.0:5edcd7084f6eea34,2,False
6a60af910c2da03e,0,mikl_gse173098|mikl_gse173098|neurite_soma_mpra|GFP 3UTR MPRA|CAD|mikl:Col27a1:1100.0:a949eb7b5fa9ad08,mikl_gse173098|mikl_gse173098|neurite_soma_mpra|GFP 3UTR MPRA|Neuro-2a|mikl:Col27a1:1100.0:a949eb7b5fa9ad08,2,True
6a60af910c2da03e,0,mikl_gse173098|mikl_gse173098|neurite_soma_mpra|GFP 3UTR MPRA|CAD|mikl:Col27a1:300.0:bafd13ef9f1f58fc,mikl_gse173098|mikl_gse173098|neurite_soma_mpra|GFP 3UTR MPRA|Neuro-2a|mikl:Col27a1:300.0:bafd13ef9f1f58fc,2,False
6a60af910c2da03e,0,mikl_gse173098|mikl_gse173098|neurite_soma_mpra|GFP 3UTR MPRA|CAD|mikl:Col27a1:1650.0:5ddc8306fb2e0f5f,mikl_gse173098|mikl_gse173098|neurite_soma_mpra|GFP 3UTR MPRA|Neuro-2a|mikl:Col27a1:1650.0:5ddc8306fb2e0f5f,2,False
6a60af910c2da03e,0,mikl_gse173098|mikl_gse173098|neurite_soma_mpra|GFP 3UTR MPRA|CAD|mikl:Col27a1:1700.0:d12d2731303a151b,mikl_gse173098|mikl_gse173098|neurite_soma_mpra|GFP 3UTR MPRA|Neuro-2a|mikl:Col27a1:1700.0:d12d2731303a151b,2,False
6a60af910c2da03e,0,mikl_gse173098|mikl_gse173098|neurite_soma_mpra|GFP 3UTR MPRA|CAD|mikl:Col27a1:150.0:e0c88e97d19fe8dd,mikl_gse173098|mikl_gse173098|neurite_soma_mpra|GFP 3UTR MPRA|Neuro-2a|mikl:Col27a1:150.0:e0c88e97d19fe8dd,2,True
6a60af910c2da03e,0,mikl_gse173098|mikl_gse173098|neurite_soma_mpra|GFP 3UTR MPRA|CAD|mikl:Col27a1:300.0:ccc50c028dbd4e3f,mikl_gse173098|mikl_gse173098|neurite_soma_mpra|GFP 3UTR MPRA|Neuro-2a|mikl:Col27a1:300.0:ccc50c028dbd4e3f,2,True
6a60af910c2da03e,0,mikl_gse173098|mikl_gse173098|neurite_soma_mpra|GFP 3UTR MPRA|CAD|mikl:Col27a1:250.0:71e1d673ecdf5ebf,mikl_gse173098|mikl_gse173098|neurite_soma_mpra|GFP 3UTR MPRA|Neuro-2a|mikl:Col27a1:250.0:71e1d673ecdf5ebf,2,False
6a60af910c2da03e,0,mikl_gse173098|mikl_gse173098|neurite_soma_mpra|GFP 3UTR MPRA|CAD|mikl:Col27a1:350.0:2df00667b921dd61,mikl_gse173098|mikl_gse173098|neurite_soma_mpra|GFP 3UTR MPRA|Neuro-2a|mikl:Col27a1:350.0:2df00667b921dd61,2,False
6a60af910c2da03e,0,mikl_gse173098|mikl_gse173098|neurite_soma_mpra|GFP 3UTR MPRA|CAD|mikl:Col27a1:850.0:030b1b327d7cc845,mikl_gse173098|mikl_gse173098|neurite_soma_mpra|GFP 3UTR MPRA|Neuro-2a|mikl:Col27a1:850.0:030b1b327d7cc845,3,True
6a60af910c2da03e,0,mikl_gse173098|mikl_gse173098|neurite_soma_mpra|GFP 3UTR MPRA|CAD|mikl:Col27a1:50.0:75e6a49a27a12b98,mikl_gse173098|mikl_gse173098|neurite_soma_mpra|GFP 3UTR MPRA|Neuro-2a|mikl:Col27a1:50.0:75e6a49a27a12b98,2,False
6a60af910c2da03e,0,mikl_gse173098|mikl_gse173098|neurite_soma_mpra|GFP 3UTR MPRA|CAD|mikl:Col27a1:850.0:1bc0e8ae5c2a6ce5,mikl_gse173098|mikl_gse173098|neurite_soma_mpra|GFP 3UTR MPRA|Neuro-2a|mikl:Col27a1:850.0:1bc0e8ae5c2a6ce5,2,False
6a60af910c2da03e,0,mikl_gse173098|mikl_gse173098|neurite_soma_mpra|GFP 3UTR MPRA|CAD|mikl:Col27a1:400.0:09567b77121191ed,mikl_gse173098|mikl_gse173098|neurite_soma_mpra|GFP 3UTR MPRA|Neuro-2a|mikl:Col27a1:400.0:09567b77121191ed,2,False
6a60af910c2da03e,0,mikl_gse173098|mikl_gse173098|neurite_soma_mpra|GFP 3UTR MPRA|CAD|mikl:Col27a1:900.0:86ebe27ba77f0b67,mikl_gse173098|mikl_gse173098|neurite_soma_mpra|GFP 3UTR MPRA|Neuro-2a|mikl:Col27a1:900.0:86ebe27ba77f0b67,2,False
6a60af910c2da03e,0,mikl_gse173098|mikl_gse173098|neurite_soma_mpra|GFP 3UTR MPRA|CAD|mikl:Col27a1:550.0:f8e452e89ac67b43,mikl_gse173098|mikl_gse173098|neurite_soma_mpra|GFP 3UTR MPRA|Neuro-2a|mikl:Col27a1:550.0:f8e452e89ac67b43,2,False
6a60af910c2da03e,0,mikl_gse173098|mikl_gse173098|neurite_soma_mpra|GFP 3UTR MPRA|CAD|mikl:Col27a1:350.0:2bfc32d6d2f21614,mikl_gse173098|mikl_gse173098|neurite_soma_mpra|GFP 3UTR MPRA|Neuro-2a|mikl:Col27a1:350.0:2bfc32d6d2f21614,2,True
6a60af910c2da03e,0,mikl_gse173098|mikl_gse173098|neurite_soma_mpra|GFP 3UTR MPRA|CAD|mikl:Col27a1:600.0:f8669cd2bc602e07,mikl_gse173098|mikl_gse173098|neurite_soma_mpra|GFP 3UTR MPRA|Neuro-2a|mikl:Col27a1:600.0:f8669cd2bc602e07,2,True
6a60af910c2da03e,0,mikl_gse173098|mikl_gse173098|neurite_soma_mpra|GFP 3UTR MPRA|CAD|mikl:Col27a1:1400.0:49144aebccaf9b72,mikl_gse173098|mikl_gse173098|neurite_soma_mpra|GFP 3UTR MPRA|Neuro-2a|mikl:Col27a1:1400.0:49144aebccaf9b72,2,False
6a60af910c2da03e,0,mikl_gse173098|mikl_gse173098|neurite_soma_mpra|GFP 3UTR MPRA|CAD|mikl:Col27a1:1150.0:9c34bcafc71fe3ad,mikl_gse173098|mikl_gse173098|neurite_soma_mpra|GFP 3UTR MPRA|Neuro-2a|mikl:Col27a1:1150.0:9c34bcafc71fe3ad,2,True
6a60af910c2da03e,0,mikl_gse173098|mikl_gse173098|neurite_soma_mpra|GFP 3UTR MPRA|CAD|mikl:Col27a1:650.0:6c23c7f76953e8a0,mikl_gse173098|mikl_gse173098|neurite_soma_mpra|GFP 3UTR MPRA|Neuro-2a|mikl:Col27a1:650.0:6c23c7f76953e8a0,2,True
6abeefd42811260b,2,mikl_gse173098|mikl_gse173098|neurite_soma_mpra|GFP 3UTR MPRA|CAD|mikl:Dusp18:3500.0:5122ba8d730f76f0,mikl_gse173098|mikl_gse173098|neurite_soma_mpra|GFP 3UTR MPRA|Neuro-2a|mikl:Dusp18:3500.0:5122ba8d730f76f0,2,True
6abeefd42811260b,2,mikl_gse173098|mikl_gse173098|neurite_soma_mpra|GFP 3UTR MPRA|CAD|mikl:Dusp18:2900.0:573dc542c438c7a8,mikl_gse173098|mikl_gse173098|neurite_soma_mpra|GFP 3UTR MPRA|Neuro-2a|mikl:Dusp18:2900.0:573dc542c438c7a8,3,False
6abeefd42811260b,2,mikl_gse173098|mikl_gse173098|neurite_soma_mpra|GFP 3UTR MPRA|CAD|mikl:Dusp18:2400.0:31deaa8333076d1c,mikl_gse173098|mikl_gse173098|neurite_soma_mpra|GFP 3UTR MPRA|Neuro-2a|mikl:Dusp18:2400.0:31deaa8333076d1c,2,False
6abeefd42811260b,2,mikl_gse173098|mikl_gse173098|neurite_soma_mpra|GFP 3UTR MPRA|CAD|mikl:Dusp18:2850.0:dfbfadd600af2223,mikl_gse173098|mikl_gse173098|neurite_soma_mpra|GFP 3UTR MPRA|Neuro-2a|mikl:Dusp18:2850.0:dfbfadd600af2223,3,False
6abeefd42811260b,2,mikl_gse173098|mikl_gse173098|neurite_soma_mpra|GFP 3UTR MPRA|CAD|mikl:Dusp18:2700.0:8ef1b22c8a2b5791,mikl_gse173098|mikl_gse173098|neurite_soma_mpra|GFP 3UTR MPRA|Neuro-2a|mikl:Dusp18:2700.0:8ef1b22c8a2b5791,2,False
6c9762cd3b7bcd1d,0,mikl_gse173098|mikl_gse173098|neurite_soma_mpra|GFP 3UTR MPRA|CAD|mikl:Pate2:700.0:88b4a0ecb084a5ee,mikl_gse173098|mikl_gse173098|neurite_soma_mpra|GFP 3UTR MPRA|Neuro-2a|mikl:Pate2:700.0:88b4a0ecb084a5ee,2,False
6c9762cd3b7bcd1d,0,mikl_gse173098|mikl_gse173098|neurite_soma_mpra|GFP 3UTR MPRA|CAD|mikl:Pate2:800.0:12a510442d576a74,mikl_gse173098|mikl_gse173098|neurite_soma_mpra|GFP 3UTR MPRA|Neuro-2a|mikl:Pate2:800.0:12a510442d576a74,2,True
6c9762cd3b7bcd1d,0,mikl_gse173098|mikl_gse173098|neurite_soma_mpra|GFP 3UTR MPRA|CAD|mikl:Pate2:850.0:42c4260a145c39a6,mikl_gse173098|mikl_gse173098|neurite_soma_mpra|GFP 3UTR MPRA|Neuro-2a|mikl:Pate2:850.0:42c4260a145c39a6,2,True
6c9762cd3b7bcd1d,0,mikl_gse173098|mikl_gse173098|neurite_soma_mpra|GFP 3UTR MPRA|CAD|mikl:Pate2:650.0:9f6fe1bc1a12c3ae,mikl_gse173098|mikl_gse173098|neurite_soma_mpra|GFP 3UTR MPRA|Neuro-2a|mikl:Pate2:650.0:9f6fe1bc1a12c3ae,2,True
6e3d75ddfa0fb89a,1,mikl_gse173098|mikl_gse173098|neurite_soma_mpra|GFP 3UTR MPRA|CAD|mikl:Prrx1:850.0:19b50ee930e8f199,mikl_gse173098|mikl_gse173098|neurite_soma_mpra|GFP 3UTR MPRA|Neuro-2a|mikl:Prrx1:850.0:19b50ee930e8f199,2,True
6e3d75ddfa0fb89a,1,mikl_gse173098|mikl_gse173098|neurite_soma_mpra|GFP 3UTR MPRA|CAD|mikl:Prrx1:1750.0:d4fa54520431df05,mikl_gse173098|mikl_gse173098|neurite_soma_mpra|GFP 3UTR MPRA|Neuro-2a|mikl:Prrx1:1750.0:d4fa54520431df05,2,True
6e3d75ddfa0fb89a,1,mikl_gse173098|mikl_gse173098|neurite_soma_mpra|GFP 3UTR MPRA|CAD|mikl:Prrx1:3500.0:9e1d5ade5ee34089,mikl_gse173098|mikl_gse173098|neurite_soma_mpra|GFP 3UTR MPRA|Neuro-2a|mikl:Prrx1:3500.0:9e1d5ade5ee34089,5,False
6e3d75ddfa0fb89a,1,mikl_gse173098|mikl_gse173098|neurite_soma_mpra|GFP 3UTR MPRA|CAD|mikl:Prrx1:3550.0:a369dbe2e4ef1842,mikl_gse173098|mikl_gse173098|neurite_soma_mpra|GFP 3UTR MPRA|Neuro-2a|mikl:Prrx1:3550.0:a369dbe2e4ef1842,5,False
6e3d75ddfa0fb89a,1,mikl_gse173098|mikl_gse173098|neurite_soma_mpra|GFP 3UTR MPRA|CAD|mikl:Prrx1:1600.0:10f0c6c5c1612e1d,mikl_gse173098|mikl_gse173098|neurite_soma_mpra|GFP 3UTR MPRA|Neuro-2a|mikl:Prrx1:1600.0:10f0c6c5c1612e1d,2,True
6e3d75ddfa0fb89a,1,mikl_gse173098|mikl_gse173098|neurite_soma_mpra|GFP 3UTR MPRA|CAD|mikl:Prrx1:900.0:402a505afdc14e47,mikl_gse173098|mikl_gse173098|neurite_soma_mpra|GFP 3UTR MPRA|Neuro-2a|mikl:Prrx1:900.0:402a505afdc14e47,2,True
6e3d75ddfa0fb89a,1,mikl_gse173098|mikl_gse173098|neurite_soma_mpra|GFP 3UTR MPRA|CAD|mikl:Prrx1:1650.0:0fbb4ed0d7b17986,mikl_gse173098|mikl_gse173098|neurite_soma_mpra|GFP 3UTR MPRA|Neuro-2a|mikl:Prrx1:1650.0:0fbb4ed0d7b17986,3,False
6e3d75ddfa0fb89a,1,mikl_gse173098|mikl_gse173098|neurite_soma_mpra|GFP 3UTR MPRA|CAD|mikl:Prrx1:3450.0:0eb5f769cf277fb6,mikl_gse173098|mikl_gse173098|neurite_soma_mpra|GFP 3UTR MPRA|Neuro-2a|mikl:Prrx1:3450.0:0eb5f769cf277fb6,4,False
6e3d75ddfa0fb89a,1,mikl_gse173098|mikl_gse173098|neurite_soma_mpra|GFP 3UTR MPRA|CAD|mikl:Prrx1:1700.0:ba070eeb108fc91e,mikl_gse173098|mikl_gse173098|neurite_soma_mpra|GFP 3UTR MPRA|Neuro-2a|mikl:Prrx1:1700.0:ba070eeb108fc91e,3,False
6ec8464d8cba921b,1,mikl_gse173098|mikl_gse173098|neurite_soma_mpra|GFP 3UTR MPRA|CAD|mikl:Wdr31:950.0:803d7502ed59a757,mikl_gse173098|mikl_gse173098|neurite_soma_mpra|GFP 3UTR MPRA|Neuro-2a|mikl:Wdr31:950.0:803d7502ed59a757,3,False
70215c6df919315a,0,mikl_gse173098|mikl_gse173098|neurite_soma_mpra|GFP 3UTR MPRA|CAD|mikl:Atad2:650.0:9cc7d88b7046b7ba,mikl_gse173098|mikl_gse173098|neurite_soma_mpra|GFP 3UTR MPRA|Neuro-2a|mikl:Atad2:650.0:9cc7d88b7046b7ba,2,True
706f29a53f7b9915,2,mikl_gse173098|mikl_gse173098|neurite_soma_mpra|GFP 3UTR MPRA|CAD|mikl:Ddx58:100.0:d7e97e7a056e2516,mikl_gse173098|mikl_gse173098|neurite_soma_mpra|GFP 3UTR MPRA|Neuro-2a|mikl:Ddx58:100.0:d7e97e7a056e2516,3,False
706f29a53f7b9915,2,mikl_gse173098|mikl_gse173098|neurite_soma_mpra|GFP 3UTR MPRA|CAD|mikl:Ddx58:150.0:115804dd0d234d46,mikl_gse173098|mikl_gse173098|neurite_soma_mpra|GFP 3UTR MPRA|Neuro-2a|mikl:Ddx58:150.0:115804dd0d234d46,3,False
706f29a53f7b9915,2,mikl_gse173098|mikl_gse173098|neurite_soma_mpra|GFP 3UTR MPRA|CAD|mikl:Ddx58:200.0:040607d8866b75de,mikl_gse173098|mikl_gse173098|neurite_soma_mpra|GFP 3UTR MPRA|Neuro-2a|mikl:Ddx58:200.0:040607d8866b75de,2,True
717aeef43de723c4,0,mikl_gse173098|mikl_gse173098|neurite_soma_mpra|GFP 3UTR MPRA|CAD|mikl:Jund:300.0:ccb74a92fa91f268,mikl_gse173098|mikl_gse173098|neurite_soma_mpra|GFP 3UTR MPRA|Neuro-2a|mikl:Jund:300.0:ccb74a92fa91f268,3,True
717aeef43de723c4,0,mikl_gse173098|mikl_gse173098|neurite_soma_mpra|GFP 3UTR MPRA|CAD|mikl:Jund:0.0:b54fe6e0e651e4c7,mikl_gse173098|mikl_gse173098|neurite_soma_mpra|GFP 3UTR MPRA|Neuro-2a|mikl:Jund:0.0:b54fe6e0e651e4c7,2,False
717aeef43de723c4,0,mikl_gse173098|mikl_gse173098|neurite_soma_mpra|GFP 3UTR MPRA|CAD|mikl:Jund:250.0:8f1591cfd325b42a,mikl_gse173098|mikl_gse173098|neurite_soma_mpra|GFP 3UTR MPRA|Neuro-2a|mikl:Jund:250.0:8f1591cfd325b42a,3,False
717aeef43de723c4,0,mikl_gse173098|mikl_gse173098|neurite_soma_mpra|GFP 3UTR MPRA|CAD|mikl:Jund:350.0:e6cfa4c971ad59d2,mikl_gse173098|mikl_gse173098|neurite_soma_mpra|GFP 3UTR MPRA|Neuro-2a|mikl:Jund:350.0:e6cfa4c971ad59d2,3,False
7229a410afb7e561,0,mikl_gse173098|mikl_gse173098|neurite_soma_mpra|GFP 3UTR MPRA|CAD|mikl:Cdc42:600.0:6c33cd5ace67a6bb,mikl_gse173098|mikl_gse173098|neurite_soma_mpra|GFP 3UTR MPRA|Neuro-2a|mikl:Cdc42:600.0:6c33cd5ace67a6bb,2,False
7229a410afb7e561,0,mikl_gse173098|mikl_gse173098|neurite_soma_mpra|GFP 3UTR MPRA|CAD|mikl:Cdc42:300.0:6e94a271fc2e40e5,mikl_gse173098|mikl_gse173098|neurite_soma_mpra|GFP 3UTR MPRA|Neuro-2a|mikl:Cdc42:300.0:6e94a271fc2e40e5,2,False
7229a410afb7e561,0,mikl_gse173098|mikl_gse173098|neurite_soma_mpra|GFP 3UTR MPRA|CAD|mikl:Cdc42:200.0:33cc3f298057254a,mikl_gse173098|mikl_gse173098|neurite_soma_mpra|GFP 3UTR MPRA|Neuro-2a|mikl:Cdc42:200.0:33cc3f298057254a,7,False
7229a410afb7e561,0,mikl_gse173098|mikl_gse173098|neurite_soma_mpra|GFP 3UTR MPRA|CAD|mikl:Cdc42:0.0:db0477c0a8d6dda8,mikl_gse173098|mikl_gse173098|neurite_soma_mpra|GFP 3UTR MPRA|Neuro-2a|mikl:Cdc42:0.0:db0477c0a8d6dda8,5,False
7229a410afb7e561,0,mikl_gse173098|mikl_gse173098|neurite_soma_mpra|GFP 3UTR MPRA|CAD|mikl:Cdc42:0.0:d11d8e0d86c627e7,mikl_gse173098|mikl_gse173098|neurite_soma_mpra|GFP 3UTR MPRA|Neuro-2a|mikl:Cdc42:0.0:d11d8e0d86c627e7,5,False
7229a410afb7e561,0,mikl_gse173098|mikl_gse173098|neurite_soma_mpra|GFP 3UTR MPRA|CAD|mikl:Cdc42:800.0:bfed5cdf3352cfee,mikl_gse173098|mikl_gse173098|neurite_soma_mpra|GFP 3UTR MPRA|Neuro-2a|mikl:Cdc42:800.0:bfed5cdf3352cfee,4,False
7229a410afb7e561,0,mikl_gse173098|mikl_gse173098|neurite_soma_mpra|GFP 3UTR MPRA|CAD|mikl:Cdc42:50.0:00e031bd84c201c1,mikl_gse173098|mikl_gse173098|neurite_soma_mpra|GFP 3UTR MPRA|Neuro-2a|mikl:Cdc42:50.0:00e031bd84c201c1,7,False
7229a410afb7e561,0,mikl_gse173098|mikl_gse173098|neurite_soma_mpra|GFP 3UTR MPRA|CAD|mikl:Cdc42:100.0:5d342502ab19b913,mikl_gse173098|mikl_gse173098|neurite_soma_mpra|GFP 3UTR MPRA|Neuro-2a|mikl:Cdc42:100.0:5d342502ab19b913,4,False
7229a410afb7e561,0,mikl_gse173098|mikl_gse173098|neurite_soma_mpra|GFP 3UTR MPRA|CAD|mikl:Cdc42:350.0:4d7a013420ed3a81,mikl_gse173098|mikl_gse173098|neurite_soma_mpra|GFP 3UTR MPRA|Neuro-2a|mikl:Cdc42:350.0:4d7a013420ed3a81,2,True
7229a410afb7e561,0,mikl_gse173098|mikl_gse173098|neurite_soma_mpra|GFP 3UTR MPRA|CAD|mikl:Cdc42:150.0:95a9ca84f0c6a0f1,mikl_gse173098|mikl_gse173098|neurite_soma_mpra|GFP 3UTR MPRA|Neuro-2a|mikl:Cdc42:150.0:95a9ca84f0c6a0f1,3,False
7229a410afb7e561,0,mikl_gse173098|mikl_gse173098|neurite_soma_mpra|GFP 3UTR MPRA|CAD|mikl:Cdc42:1100.0:f8c6365df750a685,mikl_gse173098|mikl_gse173098|neurite_soma_mpra|GFP 3UTR MPRA|Neuro-2a|mikl:Cdc42:1100.0:f8c6365df750a685,3,False
7229a410afb7e561,0,mikl_gse173098|mikl_gse173098|neurite_soma_mpra|GFP 3UTR MPRA|CAD|mikl:Cdc42:750.0:4258242bf4de3808,mikl_gse173098|mikl_gse173098|neurite_soma_mpra|GFP 3UTR MPRA|Neuro-2a|mikl:Cdc42:750.0:4258242bf4de3808,6,False
7229a410afb7e561,0,mikl_gse173098|mikl_gse173098|neurite_soma_mpra|GFP 3UTR MPRA|CAD|mikl:Cdc42:400.0:b1fa3187fd1cc440,mikl_gse173098|mikl_gse173098|neurite_soma_mpra|GFP 3UTR MPRA|Neuro-2a|mikl:Cdc42:400.0:b1fa3187fd1cc440,2,True
7229a410afb7e561,0,mikl_gse173098|mikl_gse173098|neurite_soma_mpra|GFP 3UTR MPRA|CAD|mikl:Cdc42:1000.0:ca385c3480faaf18,mikl_gse173098|mikl_gse173098|neurite_soma_mpra|GFP 3UTR MPRA|Neuro-2a|mikl:Cdc42:1000.0:ca385c3480faaf18,3,False
7229a410afb7e561,0,mikl_gse173098|mikl_gse173098|neurite_soma_mpra|GFP 3UTR MPRA|CAD|mikl:Cdc42:650.0:986bce232b45cde5,mikl_gse173098|mikl_gse173098|neurite_soma_mpra|GFP 3UTR MPRA|Neuro-2a|mikl:Cdc42:650.0:986bce232b45cde5,3,False
7229a410afb7e561,0,mikl_gse173098|mikl_gse173098|neurite_soma_mpra|GFP 3UTR MPRA|CAD|mikl:Cdc42:150.0:1e5ca43ea5a78774,mikl_gse173098|mikl_gse173098|neurite_soma_mpra|GFP 3UTR MPRA|Neuro-2a|mikl:Cdc42:150.0:1e5ca43ea5a78774,7,False
7229a410afb7e561,0,mikl_gse173098|mikl_gse173098|neurite_soma_mpra|GFP 3UTR MPRA|CAD|mikl:Cdc42:1050.0:0c0f1b228655abbc,mikl_gse173098|mikl_gse173098|neurite_soma_mpra|GFP 3UTR MPRA|Neuro-2a|mikl:Cdc42:1050.0:0c0f1b228655abbc,5,False
7229a410afb7e561,0,mikl_gse173098|mikl_gse173098|neurite_soma_mpra|GFP 3UTR MPRA|CAD|mikl:Cdc42:1200.0:f67b13a66b211944,mikl_gse173098|mikl_gse173098|neurite_soma_mpra|GFP 3UTR MPRA|Neuro-2a|mikl:Cdc42:1200.0:f67b13a66b211944,2,True
7229a410afb7e561,0,mikl_gse173098|mikl_gse173098|neurite_soma_mpra|GFP 3UTR MPRA|CAD|mikl:Cdc42:50.0:8f688675aecf22ad,mikl_gse173098|mikl_gse173098|neurite_soma_mpra|GFP 3UTR MPRA|Neuro-2a|mikl:Cdc42:50.0:8f688675aecf22ad,5,False
7229a410afb7e561,0,mikl_gse173098|mikl_gse173098|neurite_soma_mpra|GFP 3UTR MPRA|CAD|mikl:Cdc42:500.0:91c44a621f51683e,mikl_gse173098|mikl_gse173098|neurite_soma_mpra|GFP 3UTR MPRA|Neuro-2a|mikl:Cdc42:500.0:91c44a621f51683e,5,False
7229a410afb7e561,0,mikl_gse173098|mikl_gse173098|neurite_soma_mpra|GFP 3UTR MPRA|CAD|mikl:Cdc42:100.0:61e9b4734a163323,mikl_gse173098|mikl_gse173098|neurite_soma_mpra|GFP 3UTR MPRA|Neuro-2a|mikl:Cdc42:100.0:61e9b4734a163323,5,False
7229a410afb7e561,0,mikl_gse173098|mikl_gse173098|neurite_soma_mpra|GFP 3UTR MPRA|CAD|mikl:Cdc42:350.0:e6753b0bb94a4bfc,mikl_gse173098|mikl_gse173098|neurite_soma_mpra|GFP 3UTR MPRA|Neuro-2a|mikl:Cdc42:350.0:e6753b0bb94a4bfc,2,False
7229a410afb7e561,0,mikl_gse173098|mikl_gse173098|neurite_soma_mpra|GFP 3UTR MPRA|CAD|mikl:Cdc42:700.0:e10f9fb8e729c6aa,mikl_gse173098|mikl_gse173098|neurite_soma_mpra|GFP 3UTR MPRA|Neuro-2a|mikl:Cdc42:700.0:e10f9fb8e729c6aa,4,False
7229a410afb7e561,0,mikl_gse173098|mikl_gse173098|neurite_soma_mpra|GFP 3UTR MPRA|CAD|mikl:Cdc42:1150.0:dd21e11121c48f7c,mikl_gse173098|mikl_gse173098|neurite_soma_mpra|GFP 3UTR MPRA|Neuro-2a|mikl:Cdc42:1150.0:dd21e11121c48f7c,4,False
7229a410afb7e561,0,mikl_gse173098|mikl_gse173098|neurite_soma_mpra|GFP 3UTR MPRA|CAD|mikl:Cdc42:450.0:3d891bfed757479f,mikl_gse173098|mikl_gse173098|neurite_soma_mpra|GFP 3UTR MPRA|Neuro-2a|mikl:Cdc42:450.0:3d891bfed757479f,4,False
7229a410afb7e561,0,mikl_gse173098|mikl_gse173098|neurite_soma_mpra|GFP 3UTR MPRA|CAD|mikl:Cdc42:950.0:1eebbbd479ce6ba1,mikl_gse173098|mikl_gse173098|neurite_soma_mpra|GFP 3UTR MPRA|Neuro-2a|mikl:Cdc42:950.0:1eebbbd479ce6ba1,4,False
7229a410afb7e561,0,mikl_gse173098|mikl_gse173098|neurite_soma_mpra|GFP 3UTR MPRA|CAD|mikl:Cdc42:400.0:c44e7be0f13297dc,mikl_gse173098|mikl_gse173098|neurite_soma_mpra|GFP 3UTR MPRA|Neuro-2a|mikl:Cdc42:400.0:c44e7be0f13297dc,3,False
7229a410afb7e561,0,mikl_gse173098|mikl_gse173098|neurite_soma_mpra|GFP 3UTR MPRA|CAD|mikl:Cdc42:850.0:9d5f360cb0a8aabc,mikl_gse173098|mikl_gse173098|neurite_soma_mpra|GFP 3UTR MPRA|Neuro-2a|mikl:Cdc42:850.0:9d5f360cb0a8aabc,3,False
7229a410afb7e561,0,mikl_gse173098|mikl_gse173098|neurite_soma_mpra|GFP 3UTR MPRA|CAD|mikl:Cdc42:250.0:08b528504ad03799,mikl_gse173098|mikl_gse173098|neurite_soma_mpra|GFP 3UTR MPRA|Neuro-2a|mikl:Cdc42:250.0:08b528504ad03799,6,False
7229a410afb7e561,0,mikl_gse173098|mikl_gse173098|neurite_soma_mpra|GFP 3UTR MPRA|CAD|mikl:Cdc42:200.0:c74bb28f75952b22,mikl_gse173098|mikl_gse173098|neurite_soma_mpra|GFP 3UTR MPRA|Neuro-2a|mikl:Cdc42:200.0:c74bb28f75952b22,2,True
7229a410afb7e561,0,mikl_gse173098|mikl_gse173098|neurite_soma_mpra|GFP 3UTR MPRA|CAD|mikl:Cdc42:250.0:51918db8cfa8b1d0,mikl_gse173098|mikl_gse173098|neurite_soma_mpra|GFP 3UTR MPRA|Neuro-2a|mikl:Cdc42:250.0:51918db8cfa8b1d0,2,False
742f1858e20176f2,1,mikl_gse173098|mikl_gse173098|neurite_soma_mpra|GFP 3UTR MPRA|CAD|mikl:Rpl21:100.0:a2e3e2583aa76969,mikl_gse173098|mikl_gse173098|neurite_soma_mpra|GFP 3UTR MPRA|Neuro-2a|mikl:Rpl21:100.0:a2e3e2583aa76969,5,False
742f1858e20176f2,1,mikl_gse173098|mikl_gse173098|neurite_soma_mpra|GFP 3UTR MPRA|CAD|mikl:Rpl21:850.0:81f6bb2aff47a9b8,mikl_gse173098|mikl_gse173098|neurite_soma_mpra|GFP 3UTR MPRA|Neuro-2a|mikl:Rpl21:850.0:81f6bb2aff47a9b8,2,False
742f1858e20176f2,1,mikl_gse173098|mikl_gse173098|neurite_soma_mpra|GFP 3UTR MPRA|CAD|mikl:Rpl21:200.0:ceaa160110c82bc5,mikl_gse173098|mikl_gse173098|neurite_soma_mpra|GFP 3UTR MPRA|Neuro-2a|mikl:Rpl21:200.0:ceaa160110c82bc5,4,False
742f1858e20176f2,1,mikl_gse173098|mikl_gse173098|neurite_soma_mpra|GFP 3UTR MPRA|CAD|mikl:Rpl21:450.0:a1068452f1a1253a,mikl_gse173098|mikl_gse173098|neurite_soma_mpra|GFP 3UTR MPRA|Neuro-2a|mikl:Rpl21:450.0:a1068452f1a1253a,4,False
742f1858e20176f2,1,mikl_gse173098|mikl_gse173098|neurite_soma_mpra|GFP 3UTR MPRA|CAD|mikl:Rpl21:150.0:bbbea5be56ba7b8e,mikl_gse173098|mikl_gse173098|neurite_soma_mpra|GFP 3UTR MPRA|Neuro-2a|mikl:Rpl21:150.0:bbbea5be56ba7b8e,6,False
742f1858e20176f2,1,mikl_gse173098|mikl_gse173098|neurite_soma_mpra|GFP 3UTR MPRA|CAD|mikl:Rpl21:400.0:b33368b7c5b6e05b,mikl_gse173098|mikl_gse173098|neurite_soma_mpra|GFP 3UTR MPRA|Neuro-2a|mikl:Rpl21:400.0:b33368b7c5b6e05b,3,True
742f1858e20176f2,1,mikl_gse173098|mikl_gse173098|neurite_soma_mpra|GFP 3UTR MPRA|CAD|mikl:Rpl21:300.0:b8301d0c27677e67,mikl_gse173098|mikl_gse173098|neurite_soma_mpra|GFP 3UTR MPRA|Neuro-2a|mikl:Rpl21:300.0:b8301d0c27677e67,5,False
742f1858e20176f2,1,mikl_gse173098|mikl_gse173098|neurite_soma_mpra|GFP 3UTR MPRA|CAD|mikl:Rpl21:250.0:9d63a403ff96db1a,mikl_gse173098|mikl_gse173098|neurite_soma_mpra|GFP 3UTR MPRA|Neuro-2a|mikl:Rpl21:250.0:9d63a403ff96db1a,2,True
742f1858e20176f2,1,mikl_gse173098|mikl_gse173098|neurite_soma_mpra|GFP 3UTR MPRA|CAD|mikl:Rpl21:800.0:adfbc3bd6fc92153,mikl_gse173098|mikl_gse173098|neurite_soma_mpra|GFP 3UTR MPRA|Neuro-2a|mikl:Rpl21:800.0:adfbc3bd6fc92153,2,True
742f1858e20176f2,1,mikl_gse173098|mikl_gse173098|neurite_soma_mpra|GFP 3UTR MPRA|CAD|mikl:Rpl21:900.0:fd358c7df8b70fe8,mikl_gse173098|mikl_gse173098|neurite_soma_mpra|GFP 3UTR MPRA|Neuro-2a|mikl:Rpl21:900.0:fd358c7df8b70fe8,2,False
742f1858e20176f2,1,mikl_gse173098|mikl_gse173098|neurite_soma_mpra|GFP 3UTR MPRA|CAD|mikl:Rpl21:550.0:73c82987430427fd,mikl_gse173098|mikl_gse173098|neurite_soma_mpra|GFP 3UTR MPRA|Neuro-2a|mikl:Rpl21:550.0:73c82987430427fd,3,True
742f1858e20176f2,1,mikl_gse173098|mikl_gse173098|neurite_soma_mpra|GFP 3UTR MPRA|CAD|mikl:Rpl21:50.0:82e0dfbe229be776,mikl_gse173098|mikl_gse173098|neurite_soma_mpra|GFP 3UTR MPRA|Neuro-2a|mikl:Rpl21:50.0:82e0dfbe229be776,3,False
742f1858e20176f2,1,mikl_gse173098|mikl_gse173098|neurite_soma_mpra|GFP 3UTR MPRA|CAD|mikl:Rpl21:500.0:209e940d5e6cbdc8,mikl_gse173098|mikl_gse173098|neurite_soma_mpra|GFP 3UTR MPRA|Neuro-2a|mikl:Rpl21:500.0:209e940d5e6cbdc8,4,False
742f1858e20176f2,1,mikl_gse173098|mikl_gse173098|neurite_soma_mpra|GFP 3UTR MPRA|CAD|mikl:Rpl21:350.0:6669dd1cb53bf6c6,mikl_gse173098|mikl_gse173098|neurite_soma_mpra|GFP 3UTR MPRA|Neuro-2a|mikl:Rpl21:350.0:6669dd1cb53bf6c6,4,False
742f1858e20176f2,1,mikl_gse173098|mikl_gse173098|neurite_soma_mpra|GFP 3UTR MPRA|CAD|mikl:Rpl21:0.0:c5d36a0c06b35f93,mikl_gse173098|mikl_gse173098|neurite_soma_mpra|GFP 3UTR MPRA|Neuro-2a|mikl:Rpl21:0.0:c5d36a0c06b35f93,4,False
749db76e2a3aee1d,2,mikl_gse173098|mikl_gse173098|neurite_soma_mpra|GFP 3UTR MPRA|CAD|mikl:Ndnf:2350.0:5e16dd8e8e162793,mikl_gse173098|mikl_gse173098|neurite_soma_mpra|GFP 3UTR MPRA|Neuro-2a|mikl:Ndnf:2350.0:5e16dd8e8e162793,3,False
749db76e2a3aee1d,2,mikl_gse173098|mikl_gse173098|neurite_soma_mpra|GFP 3UTR MPRA|CAD|mikl:Ndnf:2950.0:9387690d3aa28b7e,mikl_gse173098|mikl_gse173098|neurite_soma_mpra|GFP 3UTR MPRA|Neuro-2a|mikl:Ndnf:2950.0:9387690d3aa28b7e,2,True
749db76e2a3aee1d,2,mikl_gse173098|mikl_gse173098|neurite_soma_mpra|GFP 3UTR MPRA|CAD|mikl:Ndnf:4200.0:a086393b29e1ce33,mikl_gse173098|mikl_gse173098|neurite_soma_mpra|GFP 3UTR MPRA|Neuro-2a|mikl:Ndnf:4200.0:a086393b29e1ce33,2,False
749db76e2a3aee1d,2,mikl_gse173098|mikl_gse173098|neurite_soma_mpra|GFP 3UTR MPRA|CAD|mikl:Ndnf:4600.0:92ae16ddb29108cb,mikl_gse173098|mikl_gse173098|neurite_soma_mpra|GFP 3UTR MPRA|Neuro-2a|mikl:Ndnf:4600.0:92ae16ddb29108cb,2,False
749db76e2a3aee1d,2,mikl_gse173098|mikl_gse173098|neurite_soma_mpra|GFP 3UTR MPRA|CAD|mikl:Ndnf:4500.0:b6c41f23c59ef8d3,mikl_gse173098|mikl_gse173098|neurite_soma_mpra|GFP 3UTR MPRA|Neuro-2a|mikl:Ndnf:4500.0:b6c41f23c59ef8d3,2,True
749db76e2a3aee1d,2,mikl_gse173098|mikl_gse173098|neurite_soma_mpra|GFP 3UTR MPRA|CAD|mikl:Ndnf:3550.0:333ddbf3ae2229c6,mikl_gse173098|mikl_gse173098|neurite_soma_mpra|GFP 3UTR MPRA|Neuro-2a|mikl:Ndnf:3550.0:333ddbf3ae2229c6,2,True
749db76e2a3aee1d,2,mikl_gse173098|mikl_gse173098|neurite_soma_mpra|GFP 3UTR MPRA|CAD|mikl:Ndnf:4550.0:ea410dacbd4bcd88,mikl_gse173098|mikl_gse173098|neurite_soma_mpra|GFP 3UTR MPRA|Neuro-2a|mikl:Ndnf:4550.0:ea410dacbd4bcd88,3,False
74f485a331343e4c,1,mikl_gse173098|mikl_gse173098|neurite_soma_mpra|GFP 3UTR MPRA|CAD|mikl:Ptprb:2900.0:e34c0be864b0e777,mikl_gse173098|mikl_gse173098|neurite_soma_mpra|GFP 3UTR MPRA|Neuro-2a|mikl:Ptprb:2900.0:e34c0be864b0e777,2,False
74f485a331343e4c,1,mikl_gse173098|mikl_gse173098|neurite_soma_mpra|GFP 3UTR MPRA|CAD|mikl:Ptprb:1600.0:93100cea0d9127cb,mikl_gse173098|mikl_gse173098|neurite_soma_mpra|GFP 3UTR MPRA|Neuro-2a|mikl:Ptprb:1600.0:93100cea0d9127cb,3,False
74f485a331343e4c,1,mikl_gse173098|mikl_gse173098|neurite_soma_mpra|GFP 3UTR MPRA|CAD|mikl:Ptprb:2450.0:0516310ff6e84a23,mikl_gse173098|mikl_gse173098|neurite_soma_mpra|GFP 3UTR MPRA|Neuro-2a|mikl:Ptprb:2450.0:0516310ff6e84a23,4,False
74f485a331343e4c,1,mikl_gse173098|mikl_gse173098|neurite_soma_mpra|GFP 3UTR MPRA|CAD|mikl:Ptprb:2500.0:fd571ed23859a7de,mikl_gse173098|mikl_gse173098|neurite_soma_mpra|GFP 3UTR MPRA|Neuro-2a|mikl:Ptprb:2500.0:fd571ed23859a7de,3,False
74f485a331343e4c,1,mikl_gse173098|mikl_gse173098|neurite_soma_mpra|GFP 3UTR MPRA|CAD|mikl:Ptprb:1650.0:9c80b03386fdb40b,mikl_gse173098|mikl_gse173098|neurite_soma_mpra|GFP 3UTR MPRA|Neuro-2a|mikl:Ptprb:1650.0:9c80b03386fdb40b,4,False
74f485a331343e4c,1,mikl_gse173098|mikl_gse173098|neurite_soma_mpra|GFP 3UTR MPRA|CAD|mikl:Ptprb:1800.0:c8a416cf9e390158,mikl_gse173098|mikl_gse173098|neurite_soma_mpra|GFP 3UTR MPRA|Neuro-2a|mikl:Ptprb:1800.0:c8a416cf9e390158,2,True
74f485a331343e4c,1,mikl_gse173098|mikl_gse173098|neurite_soma_mpra|GFP 3UTR MPRA|CAD|mikl:Ptprb:1750.0:eb0beaf4691dc280,mikl_gse173098|mikl_gse173098|neurite_soma_mpra|GFP 3UTR MPRA|Neuro-2a|mikl:Ptprb:1750.0:eb0beaf4691dc280,3,True
74f485a331343e4c,1,mikl_gse173098|mikl_gse173098|neurite_soma_mpra|GFP 3UTR MPRA|CAD|mikl:Ptprb:650.0:f00216b03a0ecd6e,mikl_gse173098|mikl_gse173098|neurite_soma_mpra|GFP 3UTR MPRA|Neuro-2a|mikl:Ptprb:650.0:f00216b03a0ecd6e,2,True
74f485a331343e4c,1,mikl_gse173098|mikl_gse173098|neurite_soma_mpra|GFP 3UTR MPRA|CAD|mikl:Ptprb:2800.0:3bd1d835987edad1,mikl_gse173098|mikl_gse173098|neurite_soma_mpra|GFP 3UTR MPRA|Neuro-2a|mikl:Ptprb:2800.0:3bd1d835987edad1,2,False
74f485a331343e4c,1,mikl_gse173098|mikl_gse173098|neurite_soma_mpra|GFP 3UTR MPRA|CAD|mikl:Ptprb:2850.0:3aeedc798b750356,mikl_gse173098|mikl_gse173098|neurite_soma_mpra|GFP 3UTR MPRA|Neuro-2a|mikl:Ptprb:2850.0:3aeedc798b750356,2,True
74f485a331343e4c,1,mikl_gse173098|mikl_gse173098|neurite_soma_mpra|GFP 3UTR MPRA|CAD|mikl:Ptprb:1700.0:c5773f5fd4aada48,mikl_gse173098|mikl_gse173098|neurite_soma_mpra|GFP 3UTR MPRA|Neuro-2a|mikl:Ptprb:1700.0:c5773f5fd4aada48,5,False
74f485a331343e4c,1,mikl_gse173098|mikl_gse173098|neurite_soma_mpra|GFP 3UTR MPRA|CAD|mikl:Ptprb:2400.0:9696764c198e1d90,mikl_gse173098|mikl_gse173098|neurite_soma_mpra|GFP 3UTR MPRA|Neuro-2a|mikl:Ptprb:2400.0:9696764c198e1d90,4,False
79f88ffd01d2b323,1,mikl_gse173098|mikl_gse173098|neurite_soma_mpra|GFP 3UTR MPRA|CAD|mikl:Gpc6:900.0:e55de720597518c4,mikl_gse173098|mikl_gse173098|neurite_soma_mpra|GFP 3UTR MPRA|Neuro-2a|mikl:Gpc6:900.0:e55de720597518c4,2,False
79f88ffd01d2b323,1,mikl_gse173098|mikl_gse173098|neurite_soma_mpra|GFP 3UTR MPRA|CAD|mikl:Gpc6:50.0:ab325c9c50bf5682,mikl_gse173098|mikl_gse173098|neurite_soma_mpra|GFP 3UTR MPRA|Neuro-2a|mikl:Gpc6:50.0:ab325c9c50bf5682,2,False
79f88ffd01d2b323,1,mikl_gse173098|mikl_gse173098|neurite_soma_mpra|GFP 3UTR MPRA|CAD|mikl:Gpc6:100.0:4d174d3a0130322b,mikl_gse173098|mikl_gse173098|neurite_soma_mpra|GFP 3UTR MPRA|Neuro-2a|mikl:Gpc6:100.0:4d174d3a0130322b,2,False
79f88ffd01d2b323,1,mikl_gse173098|mikl_gse173098|neurite_soma_mpra|GFP 3UTR MPRA|CAD|mikl:Gpc6:850.0:b45ef851f9396ee6,mikl_gse173098|mikl_gse173098|neurite_soma_mpra|GFP 3UTR MPRA|Neuro-2a|mikl:Gpc6:850.0:b45ef851f9396ee6,2,True
7a0e905e1509b151,0,mikl_gse173098|mikl_gse173098|neurite_soma_mpra|GFP 3UTR MPRA|CAD|mikl:Mocs2:300.0:85968f2623b27ab4,mikl_gse173098|mikl_gse173098|neurite_soma_mpra|GFP 3UTR MPRA|Neuro-2a|mikl:Mocs2:300.0:85968f2623b27ab4,2,True
7a0e905e1509b151,0,mikl_gse173098|mikl_gse173098|neurite_soma_mpra|GFP 3UTR MPRA|CAD|mikl:Mocs2:2600.0:f531ad3713421aab,mikl_gse173098|mikl_gse173098|neurite_soma_mpra|GFP 3UTR MPRA|Neuro-2a|mikl:Mocs2:2600.0:f531ad3713421aab,2,True
7a0e905e1509b151,0,mikl_gse173098|mikl_gse173098|neurite_soma_mpra|GFP 3UTR MPRA|CAD|mikl:Mocs2:850.0:f0b680f5bb51356f,mikl_gse173098|mikl_gse173098|neurite_soma_mpra|GFP 3UTR MPRA|Neuro-2a|mikl:Mocs2:850.0:f0b680f5bb51356f,2,False
7a0e905e1509b151,0,mikl_gse173098|mikl_gse173098|neurite_soma_mpra|GFP 3UTR MPRA|CAD|mikl:Mocs2:250.0:b6326ca34a9320cc,mikl_gse173098|mikl_gse173098|neurite_soma_mpra|GFP 3UTR MPRA|Neuro-2a|mikl:Mocs2:250.0:b6326ca34a9320cc,2,True
7a0e905e1509b151,0,mikl_gse173098|mikl_gse173098|neurite_soma_mpra|GFP 3UTR MPRA|CAD|mikl:Mocs2:50.0:0527bd48a2f26d60,mikl_gse173098|mikl_gse173098|neurite_soma_mpra|GFP 3UTR MPRA|Neuro-2a|mikl:Mocs2:50.0:0527bd48a2f26d60,5,False
7a0e905e1509b151,0,mikl_gse173098|mikl_gse173098|neurite_soma_mpra|GFP 3UTR MPRA|CAD|mikl:Mocs2:50.0:02c2a3ee207ce44a,mikl_gse173098|mikl_gse173098|neurite_soma_mpra|GFP 3UTR MPRA|Neuro-2a|mikl:Mocs2:50.0:02c2a3ee207ce44a,5,False
7a0e905e1509b151,0,mikl_gse173098|mikl_gse173098|neurite_soma_mpra|GFP 3UTR MPRA|CAD|mikl:Mocs2:50.0:98ba8bd4812b1baa,mikl_gse173098|mikl_gse173098|neurite_soma_mpra|GFP 3UTR MPRA|Neuro-2a|mikl:Mocs2:50.0:98ba8bd4812b1baa,5,False
7a0e905e1509b151,0,mikl_gse173098|mikl_gse173098|neurite_soma_mpra|GFP 3UTR MPRA|CAD|mikl:Mocs2:4100.0:d4f370fef2d31431,mikl_gse173098|mikl_gse173098|neurite_soma_mpra|GFP 3UTR MPRA|Neuro-2a|mikl:Mocs2:4100.0:d4f370fef2d31431,2,False
7a0e905e1509b151,0,mikl_gse173098|mikl_gse173098|neurite_soma_mpra|GFP 3UTR MPRA|CAD|mikl:Mocs2:650.0:f32f550c90688c80,mikl_gse173098|mikl_gse173098|neurite_soma_mpra|GFP 3UTR MPRA|Neuro-2a|mikl:Mocs2:650.0:f32f550c90688c80,2,True
7a0e905e1509b151,0,mikl_gse173098|mikl_gse173098|neurite_soma_mpra|GFP 3UTR MPRA|CAD|mikl:Mocs2:1050.0:50c0abae0c22f08f,mikl_gse173098|mikl_gse173098|neurite_soma_mpra|GFP 3UTR MPRA|Neuro-2a|mikl:Mocs2:1050.0:50c0abae0c22f08f,2,True
7a0e905e1509b151,0,mikl_gse173098|mikl_gse173098|neurite_soma_mpra|GFP 3UTR MPRA|CAD|mikl:Mocs2:300.0:d3392572d8881f9d,mikl_gse173098|mikl_gse173098|neurite_soma_mpra|GFP 3UTR MPRA|Neuro-2a|mikl:Mocs2:300.0:d3392572d8881f9d,3,False
7a0e905e1509b151,0,mikl_gse173098|mikl_gse173098|neurite_soma_mpra|GFP 3UTR MPRA|CAD|mikl:Mocs2:150.0:98dedd4246d0cc8a,mikl_gse173098|mikl_gse173098|neurite_soma_mpra|GFP 3UTR MPRA|Neuro-2a|mikl:Mocs2:150.0:98dedd4246d0cc8a,3,False
7a0e905e1509b151,0,mikl_gse173098|mikl_gse173098|neurite_soma_mpra|GFP 3UTR MPRA|CAD|mikl:Mocs2:50.0:90603a7552da3828,mikl_gse173098|mikl_gse173098|neurite_soma_mpra|GFP 3UTR MPRA|Neuro-2a|mikl:Mocs2:50.0:90603a7552da3828,2,True
7a0e905e1509b151,0,mikl_gse173098|mikl_gse173098|neurite_soma_mpra|GFP 3UTR MPRA|CAD|mikl:Mocs2:600.0:f789fe55bfdef3fa,mikl_gse173098|mikl_gse173098|neurite_soma_mpra|GFP 3UTR MPRA|Neuro-2a|mikl:Mocs2:600.0:f789fe55bfdef3fa,2,False
7a0e905e1509b151,0,mikl_gse173098|mikl_gse173098|neurite_soma_mpra|GFP 3UTR MPRA|CAD|mikl:Mocs2:3650.0:c1bd2480bcba71db,mikl_gse173098|mikl_gse173098|neurite_soma_mpra|GFP 3UTR MPRA|Neuro-2a|mikl:Mocs2:3650.0:c1bd2480bcba71db,4,False
7a0e905e1509b151,0,mikl_gse173098|mikl_gse173098|neurite_soma_mpra|GFP 3UTR MPRA|CAD|mikl:Mocs2:550.0:746f82213df578e1,mikl_gse173098|mikl_gse173098|neurite_soma_mpra|GFP 3UTR MPRA|Neuro-2a|mikl:Mocs2:550.0:746f82213df578e1,2,True
7a0e905e1509b151,0,mikl_gse173098|mikl_gse173098|neurite_soma_mpra|GFP 3UTR MPRA|CAD|mikl:Mocs2:200.0:8ebc68707555bf97,mikl_gse173098|mikl_gse173098|neurite_soma_mpra|GFP 3UTR MPRA|Neuro-2a|mikl:Mocs2:200.0:8ebc68707555bf97,2,False
7a0e905e1509b151,0,mikl_gse173098|mikl_gse173098|neurite_soma_mpra|GFP 3UTR MPRA|CAD|mikl:Mocs2:3050.0:35a38a372e9d1678,mikl_gse173098|mikl_gse173098|neurite_soma_mpra|GFP 3UTR MPRA|Neuro-2a|mikl:Mocs2:3050.0:35a38a372e9d1678,3,True
7a0e905e1509b151,0,mikl_gse173098|mikl_gse173098|neurite_soma_mpra|GFP 3UTR MPRA|CAD|mikl:Mocs2:250.0:e380fada8a2b21df,mikl_gse173098|mikl_gse173098|neurite_soma_mpra|GFP 3UTR MPRA|Neuro-2a|mikl:Mocs2:250.0:e380fada8a2b21df,3,False
7a0e905e1509b151,0,mikl_gse173098|mikl_gse173098|neurite_soma_mpra|GFP 3UTR MPRA|CAD|mikl:Mocs2:3450.0:ed71a3a4c6e28983,mikl_gse173098|mikl_gse173098|neurite_soma_mpra|GFP 3UTR MPRA|Neuro-2a|mikl:Mocs2:3450.0:ed71a3a4c6e28983,2,False
7a0e905e1509b151,0,mikl_gse173098|mikl_gse173098|neurite_soma_mpra|GFP 3UTR MPRA|CAD|mikl:Mocs2:3750.0:66296611dc061346,mikl_gse173098|mikl_gse173098|neurite_soma_mpra|GFP 3UTR MPRA|Neuro-2a|mikl:Mocs2:3750.0:66296611dc061346,4,False
7a0e905e1509b151,0,mikl_gse173098|mikl_gse173098|neurite_soma_mpra|GFP 3UTR MPRA|CAD|mikl:Mocs2:3800.0:766bfc8e063675ce,mikl_gse173098|mikl_gse173098|neurite_soma_mpra|GFP 3UTR MPRA|Neuro-2a|mikl:Mocs2:3800.0:766bfc8e063675ce,3,False
7a0e905e1509b151,0,mikl_gse173098|mikl_gse173098|neurite_soma_mpra|GFP 3UTR MPRA|CAD|mikl:Mocs2:3700.0:592343210e0e1c7d,mikl_gse173098|mikl_gse173098|neurite_soma_mpra|GFP 3UTR MPRA|Neuro-2a|mikl:Mocs2:3700.0:592343210e0e1c7d,4,False
7a0e905e1509b151,0,mikl_gse173098|mikl_gse173098|neurite_soma_mpra|GFP 3UTR MPRA|CAD|mikl:Mocs2:3550.0:fec6b9cf57cc0b5c,mikl_gse173098|mikl_gse173098|neurite_soma_mpra|GFP 3UTR MPRA|Neuro-2a|mikl:Mocs2:3550.0:fec6b9cf57cc0b5c,2,False
7a0e905e1509b151,0,mikl_gse173098|mikl_gse173098|neurite_soma_mpra|GFP 3UTR MPRA|CAD|mikl:Mocs2:3200.0:554f399f9d9d01fa,mikl_gse173098|mikl_gse173098|neurite_soma_mpra|GFP 3UTR MPRA|Neuro-2a|mikl:Mocs2:3200.0:554f399f9d9d01fa,3,True
7a0e905e1509b151,0,mikl_gse173098|mikl_gse173098|neurite_soma_mpra|GFP 3UTR MPRA|CAD|mikl:Mocs2:1300.0:9cba520062d46159,mikl_gse173098|mikl_gse173098|neurite_soma_mpra|GFP 3UTR MPRA|Neuro-2a|mikl:Mocs2:1300.0:9cba520062d46159,2,False
7a0e905e1509b151,0,mikl_gse173098|mikl_gse173098|neurite_soma_mpra|GFP 3UTR MPRA|CAD|mikl:Mocs2:1350.0:cae569a27a78fb6e,mikl_gse173098|mikl_gse173098|neurite_soma_mpra|GFP 3UTR MPRA|Neuro-2a|mikl:Mocs2:1350.0:cae569a27a78fb6e,4,False
7a0e905e1509b151,0,mikl_gse173098|mikl_gse173098|neurite_soma_mpra|GFP 3UTR MPRA|CAD|mikl:Mocs2:100.0:010716e6769806d5,mikl_gse173098|mikl_gse173098|neurite_soma_mpra|GFP 3UTR MPRA|Neuro-2a|mikl:Mocs2:100.0:010716e6769806d5,9,False
7a0e905e1509b151,0,mikl_gse173098|mikl_gse173098|neurite_soma_mpra|GFP 3UTR MPRA|CAD|mikl:Mocs2:100.0:1259354ecc37c85e,mikl_gse173098|mikl_gse173098|neurite_soma_mpra|GFP 3UTR MPRA|Neuro-2a|mikl:Mocs2:100.0:1259354ecc37c85e,3,False
7a0e905e1509b151,0,mikl_gse173098|mikl_gse173098|neurite_soma_mpra|GFP 3UTR MPRA|CAD|mikl:Mocs2:100.0:1ccd2d1809542c47,mikl_gse173098|mikl_gse173098|neurite_soma_mpra|GFP 3UTR MPRA|Neuro-2a|mikl:Mocs2:100.0:1ccd2d1809542c47,3,False
7a0e905e1509b151,0,mikl_gse173098|mikl_gse173098|neurite_soma_mpra|GFP 3UTR MPRA|CAD|mikl:Mocs2:2450.0:5fe08fbf001c0bf0,mikl_gse173098|mikl_gse173098|neurite_soma_mpra|GFP 3UTR MPRA|Neuro-2a|mikl:Mocs2:2450.0:5fe08fbf001c0bf0,2,False
7a0e905e1509b151,0,mikl_gse173098|mikl_gse173098|neurite_soma_mpra|GFP 3UTR MPRA|CAD|mikl:Mocs2:3150.0:00d7993d05371502,mikl_gse173098|mikl_gse173098|neurite_soma_mpra|GFP 3UTR MPRA|Neuro-2a|mikl:Mocs2:3150.0:00d7993d05371502,5,False
7a0e905e1509b151,0,mikl_gse173098|mikl_gse173098|neurite_soma_mpra|GFP 3UTR MPRA|CAD|mikl:Mocs2:1800.0:f15d8a8422212476,mikl_gse173098|mikl_gse173098|neurite_soma_mpra|GFP 3UTR MPRA|Neuro-2a|mikl:Mocs2:1800.0:f15d8a8422212476,4,False
7a0e905e1509b151,0,mikl_gse173098|mikl_gse173098|neurite_soma_mpra|GFP 3UTR MPRA|CAD|mikl:Mocs2:1750.0:629297c1c27badd0,mikl_gse173098|mikl_gse173098|neurite_soma_mpra|GFP 3UTR MPRA|Neuro-2a|mikl:Mocs2:1750.0:629297c1c27badd0,5,False
7a0e905e1509b151,0,mikl_gse173098|mikl_gse173098|neurite_soma_mpra|GFP 3UTR MPRA|CAD|mikl:Mocs2:200.0:c61788c894c4c6df,mikl_gse173098|mikl_gse173098|neurite_soma_mpra|GFP 3UTR MPRA|Neuro-2a|mikl:Mocs2:200.0:c61788c894c4c6df,6,False
7a0e905e1509b151,0,mikl_gse173098|mikl_gse173098|neurite_soma_mpra|GFP 3UTR MPRA|CAD|mikl:Mocs2:200.0:4ffe863a54e1efde,mikl_gse173098|mikl_gse173098|neurite_soma_mpra|GFP 3UTR MPRA|Neuro-2a|mikl:Mocs2:200.0:4ffe863a54e1efde,6,False
7a0e905e1509b151,0,mikl_gse173098|mikl_gse173098|neurite_soma_mpra|GFP 3UTR MPRA|CAD|mikl:Mocs2:1850.0:c8e3edc763e3397b,mikl_gse173098|mikl_gse173098|neurite_soma_mpra|GFP 3UTR MPRA|Neuro-2a|mikl:Mocs2:1850.0:c8e3edc763e3397b,3,True
7a0e905e1509b151,0,mikl_gse173098|mikl_gse173098|neurite_soma_mpra|GFP 3UTR MPRA|CAD|mikl:Mocs2:700.0:3fecb325e0b87ac0,mikl_gse173098|mikl_gse173098|neurite_soma_mpra|GFP 3UTR MPRA|Neuro-2a|mikl:Mocs2:700.0:3fecb325e0b87ac0,2,True
7a0e905e1509b151,0,mikl_gse173098|mikl_gse173098|neurite_soma_mpra|GFP 3UTR MPRA|CAD|mikl:Mocs2:1100.0:1e709be422626b91,mikl_gse173098|mikl_gse173098|neurite_soma_mpra|GFP 3UTR MPRA|Neuro-2a|mikl:Mocs2:1100.0:1e709be422626b91,3,False
7a0e905e1509b151,0,mikl_gse173098|mikl_gse173098|neurite_soma_mpra|GFP 3UTR MPRA|CAD|mikl:Mocs2:2750.0:ebef321109c11daf,mikl_gse173098|mikl_gse173098|neurite_soma_mpra|GFP 3UTR MPRA|Neuro-2a|mikl:Mocs2:2750.0:ebef321109c11daf,2,False
7a0e905e1509b151,0,mikl_gse173098|mikl_gse173098|neurite_soma_mpra|GFP 3UTR MPRA|CAD|mikl:Mocs2:100.0:6eb89a0547431445,mikl_gse173098|mikl_gse173098|neurite_soma_mpra|GFP 3UTR MPRA|Neuro-2a|mikl:Mocs2:100.0:6eb89a0547431445,3,False
7a0e905e1509b151,0,mikl_gse173098|mikl_gse173098|neurite_soma_mpra|GFP 3UTR MPRA|CAD|mikl:Mocs2:450.0:64979ee02c62108d,mikl_gse173098|mikl_gse173098|neurite_soma_mpra|GFP 3UTR MPRA|Neuro-2a|mikl:Mocs2:450.0:64979ee02c62108d,3,False
7a0e905e1509b151,0,mikl_gse173098|mikl_gse173098|neurite_soma_mpra|GFP 3UTR MPRA|CAD|mikl:Mocs2:300.0:c759a3cc0d894a5d,mikl_gse173098|mikl_gse173098|neurite_soma_mpra|GFP 3UTR MPRA|Neuro-2a|mikl:Mocs2:300.0:c759a3cc0d894a5d,2,True
7a0e905e1509b151,0,mikl_gse173098|mikl_gse173098|neurite_soma_mpra|GFP 3UTR MPRA|CAD|mikl:Mocs2:350.0:936e8dd4326d5c59,mikl_gse173098|mikl_gse173098|neurite_soma_mpra|GFP 3UTR MPRA|Neuro-2a|mikl:Mocs2:350.0:936e8dd4326d5c59,3,False
7a0e905e1509b151,0,mikl_gse173098|mikl_gse173098|neurite_soma_mpra|GFP 3UTR MPRA|CAD|mikl:Mocs2:550.0:3d8a0bcfac5b253e,mikl_gse173098|mikl_gse173098|neurite_soma_mpra|GFP 3UTR MPRA|Neuro-2a|mikl:Mocs2:550.0:3d8a0bcfac5b253e,2,True
7a0e905e1509b151,0,mikl_gse173098|mikl_gse173098|neurite_soma_mpra|GFP 3UTR MPRA|CAD|mikl:Mocs2:500.0:3a8edd8a2eed9397,mikl_gse173098|mikl_gse173098|neurite_soma_mpra|GFP 3UTR MPRA|Neuro-2a|mikl:Mocs2:500.0:3a8edd8a2eed9397,2,False
7a0e905e1509b151,0,mikl_gse173098|mikl_gse173098|neurite_soma_mpra|GFP 3UTR MPRA|CAD|mikl:Mocs2:350.0:a8214fd4d51ff251,mikl_gse173098|mikl_gse173098|neurite_soma_mpra|GFP 3UTR MPRA|Neuro-2a|mikl:Mocs2:350.0:a8214fd4d51ff251,3,True
7a0e905e1509b151,0,mikl_gse173098|mikl_gse173098|neurite_soma_mpra|GFP 3UTR MPRA|CAD|mikl:Mocs2:400.0:b773f1c1e0c59308,mikl_gse173098|mikl_gse173098|neurite_soma_mpra|GFP 3UTR MPRA|Neuro-2a|mikl:Mocs2:400.0:b773f1c1e0c59308,2,True
7a0e905e1509b151,0,mikl_gse173098|mikl_gse173098|neurite_soma_mpra|GFP 3UTR MPRA|CAD|mikl:Mocs2:100.0:eadc1d607f4afdee,mikl_gse173098|mikl_gse173098|neurite_soma_mpra|GFP 3UTR MPRA|Neuro-2a|mikl:Mocs2:100.0:eadc1d607f4afdee,3,True
7a0e905e1509b151,0,mikl_gse173098|mikl_gse173098|neurite_soma_mpra|GFP 3UTR MPRA|CAD|mikl:Mocs2:350.0:a4dfa33164f25d7e,mikl_gse173098|mikl_gse173098|neurite_soma_mpra|GFP 3UTR MPRA|Neuro-2a|mikl:Mocs2:350.0:a4dfa33164f25d7e,2,True
7a0e905e1509b151,0,mikl_gse173098|mikl_gse173098|neurite_soma_mpra|GFP 3UTR MPRA|CAD|mikl:Mocs2:300.0:cee77ae480dbf40c,mikl_gse173098|mikl_gse173098|neurite_soma_mpra|GFP 3UTR MPRA|Neuro-2a|mikl:Mocs2:300.0:cee77ae480dbf40c,6,False
7a0e905e1509b151,0,mikl_gse173098|mikl_gse173098|neurite_soma_mpra|GFP 3UTR MPRA|CAD|mikl:Mocs2:3500.0:982181a5a13ecaba,mikl_gse173098|mikl_gse173098|neurite_soma_mpra|GFP 3UTR MPRA|Neuro-2a|mikl:Mocs2:3500.0:982181a5a13ecaba,2,True
7a0e905e1509b151,0,mikl_gse173098|mikl_gse173098|neurite_soma_mpra|GFP 3UTR MPRA|CAD|mikl:Mocs2:3100.0:311d8a8cdabb94d6,mikl_gse173098|mikl_gse173098|neurite_soma_mpra|GFP 3UTR MPRA|Neuro-2a|mikl:Mocs2:3100.0:311d8a8cdabb94d6,3,False
7a0e905e1509b151,0,mikl_gse173098|mikl_gse173098|neurite_soma_mpra|GFP 3UTR MPRA|CAD|mikl:Mocs2:200.0:f00eebe399f54b62,mikl_gse173098|mikl_gse173098|neurite_soma_mpra|GFP 3UTR MPRA|Neuro-2a|mikl:Mocs2:200.0:f00eebe399f54b62,5,False
7a0e905e1509b151,0,mikl_gse173098|mikl_gse173098|neurite_soma_mpra|GFP 3UTR MPRA|CAD|mikl:Mocs2:100.0:477c029ec07cafcb,mikl_gse173098|mikl_gse173098|neurite_soma_mpra|GFP 3UTR MPRA|Neuro-2a|mikl:Mocs2:100.0:477c029ec07cafcb,4,False
7a0e905e1509b151,0,mikl_gse173098|mikl_gse173098|neurite_soma_mpra|GFP 3UTR MPRA|CAD|mikl:Mocs2:1000.0:4ceae2f1479037fb,mikl_gse173098|mikl_gse173098|neurite_soma_mpra|GFP 3UTR MPRA|Neuro-2a|mikl:Mocs2:1000.0:4ceae2f1479037fb,3,False
7a0e905e1509b151,0,mikl_gse173098|mikl_gse173098|neurite_soma_mpra|GFP 3UTR MPRA|CAD|mikl:Mocs2:950.0:e369e060d63acd2f,mikl_gse173098|mikl_gse173098|neurite_soma_mpra|GFP 3UTR MPRA|Neuro-2a|mikl:Mocs2:950.0:e369e060d63acd2f,6,False
7a0e905e1509b151,0,mikl_gse173098|mikl_gse173098|neurite_soma_mpra|GFP 3UTR MPRA|CAD|mikl:Mocs2:150.0:9a6fcd750350e22f,mikl_gse173098|mikl_gse173098|neurite_soma_mpra|GFP 3UTR MPRA|Neuro-2a|mikl:Mocs2:150.0:9a6fcd750350e22f,6,False
7a0e905e1509b151,0,mikl_gse173098|mikl_gse173098|neurite_soma_mpra|GFP 3UTR MPRA|CAD|mikl:Mocs2:150.0:c9efbfca13ea5b9d,mikl_gse173098|mikl_gse173098|neurite_soma_mpra|GFP 3UTR MPRA|Neuro-2a|mikl:Mocs2:150.0:c9efbfca13ea5b9d,6,False
7a0e905e1509b151,0,mikl_gse173098|mikl_gse173098|neurite_soma_mpra|GFP 3UTR MPRA|CAD|mikl:Mocs2:1950.0:04b68eaea45fc1f5,mikl_gse173098|mikl_gse173098|neurite_soma_mpra|GFP 3UTR MPRA|Neuro-2a|mikl:Mocs2:1950.0:04b68eaea45fc1f5,2,False
7a0e905e1509b151,0,mikl_gse173098|mikl_gse173098|neurite_soma_mpra|GFP 3UTR MPRA|CAD|mikl:Mocs2:1450.0:db9f4e0f9070da64,mikl_gse173098|mikl_gse173098|neurite_soma_mpra|GFP 3UTR MPRA|Neuro-2a|mikl:Mocs2:1450.0:db9f4e0f9070da64,7,False
7a0e905e1509b151,0,mikl_gse173098|mikl_gse173098|neurite_soma_mpra|GFP 3UTR MPRA|CAD|mikl:Mocs2:1400.0:f0274c41699e0097,mikl_gse173098|mikl_gse173098|neurite_soma_mpra|GFP 3UTR MPRA|Neuro-2a|mikl:Mocs2:1400.0:f0274c41699e0097,5,False
7a0e905e1509b151,0,mikl_gse173098|mikl_gse173098|neurite_soma_mpra|GFP 3UTR MPRA|CAD|mikl:Mocs2:150.0:f9552d4c8a501f0e,mikl_gse173098|mikl_gse173098|neurite_soma_mpra|GFP 3UTR MPRA|Neuro-2a|mikl:Mocs2:150.0:f9552d4c8a501f0e,5,False
7a0e905e1509b151,0,mikl_gse173098|mikl_gse173098|neurite_soma_mpra|GFP 3UTR MPRA|CAD|mikl:Mocs2:3600.0:e1125ed09ec81b3d,mikl_gse173098|mikl_gse173098|neurite_soma_mpra|GFP 3UTR MPRA|Neuro-2a|mikl:Mocs2:3600.0:e1125ed09ec81b3d,3,True
7a0e905e1509b151,0,mikl_gse173098|mikl_gse173098|neurite_soma_mpra|GFP 3UTR MPRA|CAD|mikl:Mocs2:3250.0:2fb24e65bae43f00,mikl_gse173098|mikl_gse173098|neurite_soma_mpra|GFP 3UTR MPRA|Neuro-2a|mikl:Mocs2:3250.0:2fb24e65bae43f00,3,False
7a0e905e1509b151,0,mikl_gse173098|mikl_gse173098|neurite_soma_mpra|GFP 3UTR MPRA|CAD|mikl:Mocs2:250.0:1a9c75a432692a42,mikl_gse173098|mikl_gse173098|neurite_soma_mpra|GFP 3UTR MPRA|Neuro-2a|mikl:Mocs2:250.0:1a9c75a432692a42,7,False
7a0e905e1509b151,0,mikl_gse173098|mikl_gse173098|neurite_soma_mpra|GFP 3UTR MPRA|CAD|mikl:Mocs2:150.0:21dcc374cc430725,mikl_gse173098|mikl_gse173098|neurite_soma_mpra|GFP 3UTR MPRA|Neuro-2a|mikl:Mocs2:150.0:21dcc374cc430725,2,False
7a0e905e1509b151,0,mikl_gse173098|mikl_gse173098|neurite_soma_mpra|GFP 3UTR MPRA|CAD|mikl:Mocs2:0.0:0c181c55172a9a7e,mikl_gse173098|mikl_gse173098|neurite_soma_mpra|GFP 3UTR MPRA|Neuro-2a|mikl:Mocs2:0.0:0c181c55172a9a7e,5,False
7a0e905e1509b151,0,mikl_gse173098|mikl_gse173098|neurite_soma_mpra|GFP 3UTR MPRA|CAD|mikl:Mocs2:0.0:4cfda43c5ec0c97e,mikl_gse173098|mikl_gse173098|neurite_soma_mpra|GFP 3UTR MPRA|Neuro-2a|mikl:Mocs2:0.0:4cfda43c5ec0c97e,5,False
7a0e905e1509b151,0,mikl_gse173098|mikl_gse173098|neurite_soma_mpra|GFP 3UTR MPRA|CAD|mikl:Mocs2:500.0:94c3f652a0919fed,mikl_gse173098|mikl_gse173098|neurite_soma_mpra|GFP 3UTR MPRA|Neuro-2a|mikl:Mocs2:500.0:94c3f652a0919fed,2,True
7a0e905e1509b151,0,mikl_gse173098|mikl_gse173098|neurite_soma_mpra|GFP 3UTR MPRA|CAD|mikl:Mocs2:2700.0:6adf3d92c8d31c3b,mikl_gse173098|mikl_gse173098|neurite_soma_mpra|GFP 3UTR MPRA|Neuro-2a|mikl:Mocs2:2700.0:6adf3d92c8d31c3b,4,False
7a0e905e1509b151,0,mikl_gse173098|mikl_gse173098|neurite_soma_mpra|GFP 3UTR MPRA|CAD|mikl:Mocs2:450.0:e25d0ddb09dde4ba,mikl_gse173098|mikl_gse173098|neurite_soma_mpra|GFP 3UTR MPRA|Neuro-2a|mikl:Mocs2:450.0:e25d0ddb09dde4ba,2,False
7a0e905e1509b151,0,mikl_gse173098|mikl_gse173098|neurite_soma_mpra|GFP 3UTR MPRA|CAD|mikl:Mocs2:450.0:7ad037cfd000b007,mikl_gse173098|mikl_gse173098|neurite_soma_mpra|GFP 3UTR MPRA|Neuro-2a|mikl:Mocs2:450.0:7ad037cfd000b007,3,True
7a0e905e1509b151,0,mikl_gse173098|mikl_gse173098|neurite_soma_mpra|GFP 3UTR MPRA|CAD|mikl:Mocs2:1550.0:e74929ba7c20851f,mikl_gse173098|mikl_gse173098|neurite_soma_mpra|GFP 3UTR MPRA|Neuro-2a|mikl:Mocs2:1550.0:e74929ba7c20851f,6,False
7a0e905e1509b151,0,mikl_gse173098|mikl_gse173098|neurite_soma_mpra|GFP 3UTR MPRA|CAD|mikl:Mocs2:1700.0:c87c3b30050b5f76,mikl_gse173098|mikl_gse173098|neurite_soma_mpra|GFP 3UTR MPRA|Neuro-2a|mikl:Mocs2:1700.0:c87c3b30050b5f76,2,True
7a0e905e1509b151,0,mikl_gse173098|mikl_gse173098|neurite_soma_mpra|GFP 3UTR MPRA|CAD|mikl:Mocs2:3900.0:d46ea06689c554eb,mikl_gse173098|mikl_gse173098|neurite_soma_mpra|GFP 3UTR MPRA|Neuro-2a|mikl:Mocs2:3900.0:d46ea06689c554eb,4,False
7a0e905e1509b151,0,mikl_gse173098|mikl_gse173098|neurite_soma_mpra|GFP 3UTR MPRA|CAD|mikl:Mocs2:50.0:8001afd6a7ba15a9,mikl_gse173098|mikl_gse173098|neurite_soma_mpra|GFP 3UTR MPRA|Neuro-2a|mikl:Mocs2:50.0:8001afd6a7ba15a9,2,False
7a0e905e1509b151,0,mikl_gse173098|mikl_gse173098|neurite_soma_mpra|GFP 3UTR MPRA|CAD|mikl:Mocs2:2650.0:9185aed63e34c238,mikl_gse173098|mikl_gse173098|neurite_soma_mpra|GFP 3UTR MPRA|Neuro-2a|mikl:Mocs2:2650.0:9185aed63e34c238,3,False
7a0e905e1509b151,0,mikl_gse173098|mikl_gse173098|neurite_soma_mpra|GFP 3UTR MPRA|CAD|mikl:Mocs2:50.0:e067d3452f52795e,mikl_gse173098|mikl_gse173098|neurite_soma_mpra|GFP 3UTR MPRA|Neuro-2a|mikl:Mocs2:50.0:e067d3452f52795e,2,False
7a0e905e1509b151,0,mikl_gse173098|mikl_gse173098|neurite_soma_mpra|GFP 3UTR MPRA|CAD|mikl:Mocs2:400.0:7620c70b8c3d288d,mikl_gse173098|mikl_gse173098|neurite_soma_mpra|GFP 3UTR MPRA|Neuro-2a|mikl:Mocs2:400.0:7620c70b8c3d288d,3,False
7a0e905e1509b151,0,mikl_gse173098|mikl_gse173098|neurite_soma_mpra|GFP 3UTR MPRA|CAD|mikl:Mocs2:1500.0:31466b6babf25513,mikl_gse173098|mikl_gse173098|neurite_soma_mpra|GFP 3UTR MPRA|Neuro-2a|mikl:Mocs2:1500.0:31466b6babf25513,7,False
7b17d148df92b55a,0,mikl_gse173098|mikl_gse173098|neurite_soma_mpra|GFP 3UTR MPRA|CAD|mikl:Serhl:100.0:9f0d79c0eaf17e4a,mikl_gse173098|mikl_gse173098|neurite_soma_mpra|GFP 3UTR MPRA|Neuro-2a|mikl:Serhl:100.0:9f0d79c0eaf17e4a,2,True
7b17d148df92b55a,0,mikl_gse173098|mikl_gse173098|neurite_soma_mpra|GFP 3UTR MPRA|CAD|mikl:Serhl:0.0:2f7041794b68e5b9,mikl_gse173098|mikl_gse173098|neurite_soma_mpra|GFP 3UTR MPRA|Neuro-2a|mikl:Serhl:0.0:2f7041794b68e5b9,2,False
7b17d148df92b55a,0,mikl_gse173098|mikl_gse173098|neurite_soma_mpra|GFP 3UTR MPRA|CAD|mikl:Serhl:0.0:49010fb06aed6fb0,mikl_gse173098|mikl_gse173098|neurite_soma_mpra|GFP 3UTR MPRA|Neuro-2a|mikl:Serhl:0.0:49010fb06aed6fb0,2,False
7b17d148df92b55a,0,mikl_gse173098|mikl_gse173098|neurite_soma_mpra|GFP 3UTR MPRA|CAD|mikl:Serhl:50.0:59a25103af8d6a4c,mikl_gse173098|mikl_gse173098|neurite_soma_mpra|GFP 3UTR MPRA|Neuro-2a|mikl:Serhl:50.0:59a25103af8d6a4c,2,True
7d2d617273ebfe45,0,mikl_gse173098|mikl_gse173098|neurite_soma_mpra|GFP 3UTR MPRA|CAD|mikl:Calm1:650.0:183ae3dc0b626ad5,mikl_gse173098|mikl_gse173098|neurite_soma_mpra|GFP 3UTR MPRA|Neuro-2a|mikl:Calm1:650.0:183ae3dc0b626ad5,2,False
7d2d617273ebfe45,0,mikl_gse173098|mikl_gse173098|neurite_soma_mpra|GFP 3UTR MPRA|CAD|mikl:Calm1:1900.0:f9a75e5aac9b468d,mikl_gse173098|mikl_gse173098|neurite_soma_mpra|GFP 3UTR MPRA|Neuro-2a|mikl:Calm1:1900.0:f9a75e5aac9b468d,2,False
7d2d617273ebfe45,0,mikl_gse173098|mikl_gse173098|neurite_soma_mpra|GFP 3UTR MPRA|CAD|mikl:Calm1:1850.0:202590f9bc857922,mikl_gse173098|mikl_gse173098|neurite_soma_mpra|GFP 3UTR MPRA|Neuro-2a|mikl:Calm1:1850.0:202590f9bc857922,2,True
7d2d617273ebfe45,0,mikl_gse173098|mikl_gse173098|neurite_soma_mpra|GFP 3UTR MPRA|CAD|mikl:Calm1:250.0:843f7956ad82953a,mikl_gse173098|mikl_gse173098|neurite_soma_mpra|GFP 3UTR MPRA|Neuro-2a|mikl:Calm1:250.0:843f7956ad82953a,2,False
7d2d617273ebfe45,0,mikl_gse173098|mikl_gse173098|neurite_soma_mpra|GFP 3UTR MPRA|CAD|mikl:Calm1:600.0:4f811a633d41fd28,mikl_gse173098|mikl_gse173098|neurite_soma_mpra|GFP 3UTR MPRA|Neuro-2a|mikl:Calm1:600.0:4f811a633d41fd28,2,True
7d2d617273ebfe45,0,mikl_gse173098|mikl_gse173098|neurite_soma_mpra|GFP 3UTR MPRA|CAD|mikl:Calm1:3150.0:4a7a16b83801fe4b,mikl_gse173098|mikl_gse173098|neurite_soma_mpra|GFP 3UTR MPRA|Neuro-2a|mikl:Calm1:3150.0:4a7a16b83801fe4b,2,True
7d2d617273ebfe45,0,mikl_gse173098|mikl_gse173098|neurite_soma_mpra|GFP 3UTR MPRA|CAD|mikl:Calm1:3050.0:b28e72b2bcbd6a77,mikl_gse173098|mikl_gse173098|neurite_soma_mpra|GFP 3UTR MPRA|Neuro-2a|mikl:Calm1:3050.0:b28e72b2bcbd6a77,2,False
7d2d617273ebfe45,0,mikl_gse173098|mikl_gse173098|neurite_soma_mpra|GFP 3UTR MPRA|CAD|mikl:Calm1:300.0:c8004066fcd638ba,mikl_gse173098|mikl_gse173098|neurite_soma_mpra|GFP 3UTR MPRA|Neuro-2a|mikl:Calm1:300.0:c8004066fcd638ba,2,False
7e77ee6338ca653c,2,mikl_gse173098|mikl_gse173098|neurite_soma_mpra|GFP 3UTR MPRA|CAD|mikl:Mavs:600.0:67f40abf9e799b9d,mikl_gse173098|mikl_gse173098|neurite_soma_mpra|GFP 3UTR MPRA|Neuro-2a|mikl:Mavs:600.0:67f40abf9e799b9d,3,False
7e77ee6338ca653c,2,mikl_gse173098|mikl_gse173098|neurite_soma_mpra|GFP 3UTR MPRA|CAD|mikl:Mavs:2000.0:e730d6f2cbfb9f61,mikl_gse173098|mikl_gse173098|neurite_soma_mpra|GFP 3UTR MPRA|Neuro-2a|mikl:Mavs:2000.0:e730d6f2cbfb9f61,2,False
7e77ee6338ca653c,2,mikl_gse173098|mikl_gse173098|neurite_soma_mpra|GFP 3UTR MPRA|CAD|mikl:Mavs:550.0:2e541820496dab6a,mikl_gse173098|mikl_gse173098|neurite_soma_mpra|GFP 3UTR MPRA|Neuro-2a|mikl:Mavs:550.0:2e541820496dab6a,2,True
7e77ee6338ca653c,2,mikl_gse173098|mikl_gse173098|neurite_soma_mpra|GFP 3UTR MPRA|CAD|mikl:Mavs:500.0:7c6b07f909817e3a,mikl_gse173098|mikl_gse173098|neurite_soma_mpra|GFP 3UTR MPRA|Neuro-2a|mikl:Mavs:500.0:7c6b07f909817e3a,2,True
7e77ee6338ca653c,2,mikl_gse173098|mikl_gse173098|neurite_soma_mpra|GFP 3UTR MPRA|CAD|mikl:Mavs:1950.0:c4bfa7891e151d33,mikl_gse173098|mikl_gse173098|neurite_soma_mpra|GFP 3UTR MPRA|Neuro-2a|mikl:Mavs:1950.0:c4bfa7891e151d33,2,True
7ed3e297b627ae1d,1,mikl_gse173098|mikl_gse173098|neurite_soma_mpra|GFP 3UTR MPRA|CAD|mikl:Rpsa:100.0:4c959d8d0cef1043,mikl_gse173098|mikl_gse173098|neurite_soma_mpra|GFP 3UTR MPRA|Neuro-2a|mikl:Rpsa:100.0:4c959d8d0cef1043,5,False
7ed3e297b627ae1d,1,mikl_gse173098|mikl_gse173098|neurite_soma_mpra|GFP 3UTR MPRA|CAD|mikl:Rpsa:150.0:870514577035d711,mikl_gse173098|mikl_gse173098|neurite_soma_mpra|GFP 3UTR MPRA|Neuro-2a|mikl:Rpsa:150.0:870514577035d711,5,False
7ed3e297b627ae1d,1,mikl_gse173098|mikl_gse173098|neurite_soma_mpra|GFP 3UTR MPRA|CAD|mikl:Rpsa:50.0:2fffdc2bc60ebff0,mikl_gse173098|mikl_gse173098|neurite_soma_mpra|GFP 3UTR MPRA|Neuro-2a|mikl:Rpsa:50.0:2fffdc2bc60ebff0,4,False
7ed3e297b627ae1d,1,mikl_gse173098|mikl_gse173098|neurite_soma_mpra|GFP 3UTR MPRA|CAD|mikl:Rpsa:300.0:5b39cf0589396a1e,mikl_gse173098|mikl_gse173098|neurite_soma_mpra|GFP 3UTR MPRA|Neuro-2a|mikl:Rpsa:300.0:5b39cf0589396a1e,2,True
7ed3e297b627ae1d,1,mikl_gse173098|mikl_gse173098|neurite_soma_mpra|GFP 3UTR MPRA|CAD|mikl:Rpsa:400.0:542c967c5efd03ba,mikl_gse173098|mikl_gse173098|neurite_soma_mpra|GFP 3UTR MPRA|Neuro-2a|mikl:Rpsa:400.0:542c967c5efd03ba,2,True
7ed3e297b627ae1d,1,mikl_gse173098|mikl_gse173098|neurite_soma_mpra|GFP 3UTR MPRA|CAD|mikl:Rpsa:450.0:1293e870b287c288,mikl_gse173098|mikl_gse173098|neurite_soma_mpra|GFP 3UTR MPRA|Neuro-2a|mikl:Rpsa:450.0:1293e870b287c288,2,True
7ed3e297b627ae1d,1,mikl_gse173098|mikl_gse173098|neurite_soma_mpra|GFP 3UTR MPRA|CAD|mikl:Rpsa:500.0:e5bc21508b48b904,mikl_gse173098|mikl_gse173098|neurite_soma_mpra|GFP 3UTR MPRA|Neuro-2a|mikl:Rpsa:500.0:e5bc21508b48b904,2,False
7ed3e297b627ae1d,1,mikl_gse173098|mikl_gse173098|neurite_soma_mpra|GFP 3UTR MPRA|CAD|mikl:Rpsa:450.0:2968e9e9740da707,mikl_gse173098|mikl_gse173098|neurite_soma_mpra|GFP 3UTR MPRA|Neuro-2a|mikl:Rpsa:450.0:2968e9e9740da707,2,False
7ed3e297b627ae1d,1,mikl_gse173098|mikl_gse173098|neurite_soma_mpra|GFP 3UTR MPRA|CAD|mikl:Rpsa:200.0:7918420d29d1e8b1,mikl_gse173098|mikl_gse173098|neurite_soma_mpra|GFP 3UTR MPRA|Neuro-2a|mikl:Rpsa:200.0:7918420d29d1e8b1,2,False
7ed3e297b627ae1d,1,mikl_gse173098|mikl_gse173098|neurite_soma_mpra|GFP 3UTR MPRA|CAD|mikl:Rpsa:250.0:026c9b88c214ad8c,mikl_gse173098|mikl_gse173098|neurite_soma_mpra|GFP 3UTR MPRA|Neuro-2a|mikl:Rpsa:250.0:026c9b88c214ad8c,2,True
7ed3e297b627ae1d,1,mikl_gse173098|mikl_gse173098|neurite_soma_mpra|GFP 3UTR MPRA|CAD|mikl:Rpsa:650.0:cee477d02de4ffaf,mikl_gse173098|mikl_gse173098|neurite_soma_mpra|GFP 3UTR MPRA|Neuro-2a|mikl:Rpsa:650.0:cee477d02de4ffaf,2,False
80dbffff0fe47857,2,mikl_gse173098|mikl_gse173098|neurite_soma_mpra|GFP 3UTR MPRA|CAD|mikl:Vangl1:3050.0:1e2dba901cf8acd8,mikl_gse173098|mikl_gse173098|neurite_soma_mpra|GFP 3UTR MPRA|Neuro-2a|mikl:Vangl1:3050.0:1e2dba901cf8acd8,2,True
80dbffff0fe47857,2,mikl_gse173098|mikl_gse173098|neurite_soma_mpra|GFP 3UTR MPRA|CAD|mikl:Vangl1:0.0:b52b7292ab08d133,mikl_gse173098|mikl_gse173098|neurite_soma_mpra|GFP 3UTR MPRA|Neuro-2a|mikl:Vangl1:0.0:b52b7292ab08d133,2,False
80dbffff0fe47857,2,mikl_gse173098|mikl_gse173098|neurite_soma_mpra|GFP 3UTR MPRA|CAD|mikl:Vangl1:3250.0:58352061c5a885ae,mikl_gse173098|mikl_gse173098|neurite_soma_mpra|GFP 3UTR MPRA|Neuro-2a|mikl:Vangl1:3250.0:58352061c5a885ae,3,False
80dbffff0fe47857,2,mikl_gse173098|mikl_gse173098|neurite_soma_mpra|GFP 3UTR MPRA|CAD|mikl:Vangl1:450.0:5dcc5cb4c6b42c32,mikl_gse173098|mikl_gse173098|neurite_soma_mpra|GFP 3UTR MPRA|Neuro-2a|mikl:Vangl1:450.0:5dcc5cb4c6b42c32,2,True
80dbffff0fe47857,2,mikl_gse173098|mikl_gse173098|neurite_soma_mpra|GFP 3UTR MPRA|CAD|mikl:Vangl1:150.0:639280f2b7dc0905,mikl_gse173098|mikl_gse173098|neurite_soma_mpra|GFP 3UTR MPRA|Neuro-2a|mikl:Vangl1:150.0:639280f2b7dc0905,2,True
80dbffff0fe47857,2,mikl_gse173098|mikl_gse173098|neurite_soma_mpra|GFP 3UTR MPRA|CAD|mikl:Vangl1:350.0:38963e520c40c911,mikl_gse173098|mikl_gse173098|neurite_soma_mpra|GFP 3UTR MPRA|Neuro-2a|mikl:Vangl1:350.0:38963e520c40c911,2,False
80dbffff0fe47857,2,mikl_gse173098|mikl_gse173098|neurite_soma_mpra|GFP 3UTR MPRA|CAD|mikl:Vangl1:200.0:6ffa9ee360cbfacc,mikl_gse173098|mikl_gse173098|neurite_soma_mpra|GFP 3UTR MPRA|Neuro-2a|mikl:Vangl1:200.0:6ffa9ee360cbfacc,2,False
80dbffff0fe47857,2,mikl_gse173098|mikl_gse173098|neurite_soma_mpra|GFP 3UTR MPRA|CAD|mikl:Vangl1:400.0:945de375f48b9de2,mikl_gse173098|mikl_gse173098|neurite_soma_mpra|GFP 3UTR MPRA|Neuro-2a|mikl:Vangl1:400.0:945de375f48b9de2,2,True
80dbffff0fe47857,2,mikl_gse173098|mikl_gse173098|neurite_soma_mpra|GFP 3UTR MPRA|CAD|mikl:Vangl1:3500.0:c173c8a2ee55d037,mikl_gse173098|mikl_gse173098|neurite_soma_mpra|GFP 3UTR MPRA|Neuro-2a|mikl:Vangl1:3500.0:c173c8a2ee55d037,3,False
80dbffff0fe47857,2,mikl_gse173098|mikl_gse173098|neurite_soma_mpra|GFP 3UTR MPRA|CAD|mikl:Vangl1:3200.0:d1a8bf0a365523f1,mikl_gse173098|mikl_gse173098|neurite_soma_mpra|GFP 3UTR MPRA|Neuro-2a|mikl:Vangl1:3200.0:d1a8bf0a365523f1,4,False
80dbffff0fe47857,2,mikl_gse173098|mikl_gse173098|neurite_soma_mpra|GFP 3UTR MPRA|CAD|mikl:Vangl1:2500.0:c1793e176df9f8f2,mikl_gse173098|mikl_gse173098|neurite_soma_mpra|GFP 3UTR MPRA|Neuro-2a|mikl:Vangl1:2500.0:c1793e176df9f8f2,2,False
80dbffff0fe47857,2,mikl_gse173098|mikl_gse173098|neurite_soma_mpra|GFP 3UTR MPRA|CAD|mikl:Vangl1:3150.0:1a303f430ede04b3,mikl_gse173098|mikl_gse173098|neurite_soma_mpra|GFP 3UTR MPRA|Neuro-2a|mikl:Vangl1:3150.0:1a303f430ede04b3,4,False
80dbffff0fe47857,2,mikl_gse173098|mikl_gse173098|neurite_soma_mpra|GFP 3UTR MPRA|CAD|mikl:Vangl1:3100.0:188545e16cbf804b,mikl_gse173098|mikl_gse173098|neurite_soma_mpra|GFP 3UTR MPRA|Neuro-2a|mikl:Vangl1:3100.0:188545e16cbf804b,3,False
8357ac4ed7db47fb,1,mikl_gse173098|mikl_gse173098|neurite_soma_mpra|GFP 3UTR MPRA|CAD|mikl:Col3a1:0.0:dd4826239ebb51cf,mikl_gse173098|mikl_gse173098|neurite_soma_mpra|GFP 3UTR MPRA|Neuro-2a|mikl:Col3a1:0.0:dd4826239ebb51cf,2,False
8357ac4ed7db47fb,1,mikl_gse173098|mikl_gse173098|neurite_soma_mpra|GFP 3UTR MPRA|CAD|mikl:Col3a1:50.0:09f5c0e5d51f606d,mikl_gse173098|mikl_gse173098|neurite_soma_mpra|GFP 3UTR MPRA|Neuro-2a|mikl:Col3a1:50.0:09f5c0e5d51f606d,2,True
86453382b7180935,0,mikl_gse173098|mikl_gse173098|neurite_soma_mpra|GFP 3UTR MPRA|CAD|mikl:Rorb:3000.0:ca10d6828015aeed,mikl_gse173098|mikl_gse173098|neurite_soma_mpra|GFP 3UTR MPRA|Neuro-2a|mikl:Rorb:3000.0:ca10d6828015aeed,2,False
86453382b7180935,0,mikl_gse173098|mikl_gse173098|neurite_soma_mpra|GFP 3UTR MPRA|CAD|mikl:Rorb:2950.0:dbdc8dcae86a29a0,mikl_gse173098|mikl_gse173098|neurite_soma_mpra|GFP 3UTR MPRA|Neuro-2a|mikl:Rorb:2950.0:dbdc8dcae86a29a0,3,False
86453382b7180935,0,mikl_gse173098|mikl_gse173098|neurite_soma_mpra|GFP 3UTR MPRA|CAD|mikl:Rorb:2500.0:b1ce0d7591230843,mikl_gse173098|mikl_gse173098|neurite_soma_mpra|GFP 3UTR MPRA|Neuro-2a|mikl:Rorb:2500.0:b1ce0d7591230843,2,True
86453382b7180935,0,mikl_gse173098|mikl_gse173098|neurite_soma_mpra|GFP 3UTR MPRA|CAD|mikl:Rorb:1450.0:f3c1d4fcfeae65b7,mikl_gse173098|mikl_gse173098|neurite_soma_mpra|GFP 3UTR MPRA|Neuro-2a|mikl:Rorb:1450.0:f3c1d4fcfeae65b7,2,True
86453382b7180935,0,mikl_gse173098|mikl_gse173098|neurite_soma_mpra|GFP 3UTR MPRA|CAD|mikl:Rorb:1350.0:67fb03648c2492f4,mikl_gse173098|mikl_gse173098|neurite_soma_mpra|GFP 3UTR MPRA|Neuro-2a|mikl:Rorb:1350.0:67fb03648c2492f4,2,True
86453382b7180935,0,mikl_gse173098|mikl_gse173098|neurite_soma_mpra|GFP 3UTR MPRA|CAD|mikl:Rorb:2450.0:e2d1ab5b62898194,mikl_gse173098|mikl_gse173098|neurite_soma_mpra|GFP 3UTR MPRA|Neuro-2a|mikl:Rorb:2450.0:e2d1ab5b62898194,2,False
86453382b7180935,0,mikl_gse173098|mikl_gse173098|neurite_soma_mpra|GFP 3UTR MPRA|CAD|mikl:Rorb:1400.0:e6f22ed45cde3f95,mikl_gse173098|mikl_gse173098|neurite_soma_mpra|GFP 3UTR MPRA|Neuro-2a|mikl:Rorb:1400.0:e6f22ed45cde3f95,2,True
864e3fa3c29f0e49,0,mikl_gse173098|mikl_gse173098|neurite_soma_mpra|GFP 3UTR MPRA|CAD|mikl:Shank3:650.0:a43a0a6029a8d772,mikl_gse173098|mikl_gse173098|neurite_soma_mpra|GFP 3UTR MPRA|Neuro-2a|mikl:Shank3:650.0:a43a0a6029a8d772,2,True
864e3fa3c29f0e49,0,mikl_gse173098|mikl_gse173098|neurite_soma_mpra|GFP 3UTR MPRA|CAD|mikl:Shank3:850.0:e0326c5a79ef1589,mikl_gse173098|mikl_gse173098|neurite_soma_mpra|GFP 3UTR MPRA|Neuro-2a|mikl:Shank3:850.0:e0326c5a79ef1589,3,False
864e3fa3c29f0e49,0,mikl_gse173098|mikl_gse173098|neurite_soma_mpra|GFP 3UTR MPRA|CAD|mikl:Shank3:900.0:fb19b99f7eadb6b5,mikl_gse173098|mikl_gse173098|neurite_soma_mpra|GFP 3UTR MPRA|Neuro-2a|mikl:Shank3:900.0:fb19b99f7eadb6b5,3,False
864e3fa3c29f0e49,0,mikl_gse173098|mikl_gse173098|neurite_soma_mpra|GFP 3UTR MPRA|CAD|mikl:Shank3:2250.0:db9fc156ea11b788,mikl_gse173098|mikl_gse173098|neurite_soma_mpra|GFP 3UTR MPRA|Neuro-2a|mikl:Shank3:2250.0:db9fc156ea11b788,2,True
864e3fa3c29f0e49,0,mikl_gse173098|mikl_gse173098|neurite_soma_mpra|GFP 3UTR MPRA|CAD|mikl:Shank3:2150.0:f4d03bbd5bee72bd,mikl_gse173098|mikl_gse173098|neurite_soma_mpra|GFP 3UTR MPRA|Neuro-2a|mikl:Shank3:2150.0:f4d03bbd5bee72bd,2,True
864e3fa3c29f0e49,0,mikl_gse173098|mikl_gse173098|neurite_soma_mpra|GFP 3UTR MPRA|CAD|mikl:Shank3:950.0:e0c31d95a66cf556,mikl_gse173098|mikl_gse173098|neurite_soma_mpra|GFP 3UTR MPRA|Neuro-2a|mikl:Shank3:950.0:e0c31d95a66cf556,3,False
864e3fa3c29f0e49,0,mikl_gse173098|mikl_gse173098|neurite_soma_mpra|GFP 3UTR MPRA|CAD|mikl:Shank3:1650.0:c6e21f072f0cf9e9,mikl_gse173098|mikl_gse173098|neurite_soma_mpra|GFP 3UTR MPRA|Neuro-2a|mikl:Shank3:1650.0:c6e21f072f0cf9e9,2,False
864e3fa3c29f0e49,0,mikl_gse173098|mikl_gse173098|neurite_soma_mpra|GFP 3UTR MPRA|CAD|mikl:Shank3:1750.0:890a59a5d266e04a,mikl_gse173098|mikl_gse173098|neurite_soma_mpra|GFP 3UTR MPRA|Neuro-2a|mikl:Shank3:1750.0:890a59a5d266e04a,2,False
864e3fa3c29f0e49,0,mikl_gse173098|mikl_gse173098|neurite_soma_mpra|GFP 3UTR MPRA|CAD|mikl:Shank3:2200.0:9d24559f3f61413a,mikl_gse173098|mikl_gse173098|neurite_soma_mpra|GFP 3UTR MPRA|Neuro-2a|mikl:Shank3:2200.0:9d24559f3f61413a,2,True
864e3fa3c29f0e49,0,mikl_gse173098|mikl_gse173098|neurite_soma_mpra|GFP 3UTR MPRA|CAD|mikl:Shank3:1850.0:dcad7d05c846d17b,mikl_gse173098|mikl_gse173098|neurite_soma_mpra|GFP 3UTR MPRA|Neuro-2a|mikl:Shank3:1850.0:dcad7d05c846d17b,2,True
864e3fa3c29f0e49,0,mikl_gse173098|mikl_gse173098|neurite_soma_mpra|GFP 3UTR MPRA|CAD|mikl:Shank3:1100.0:041e470c67c7cb3f,mikl_gse173098|mikl_gse173098|neurite_soma_mpra|GFP 3UTR MPRA|Neuro-2a|mikl:Shank3:1100.0:041e470c67c7cb3f,2,False
864e3fa3c29f0e49,0,mikl_gse173098|mikl_gse173098|neurite_soma_mpra|GFP 3UTR MPRA|CAD|mikl:Shank3:1150.0:09adc3eba1e6e1ce,mikl_gse173098|mikl_gse173098|neurite_soma_mpra|GFP 3UTR MPRA|Neuro-2a|mikl:Shank3:1150.0:09adc3eba1e6e1ce,2,True
876ca7667edcf554,1,mikl_gse173098|mikl_gse173098|neurite_soma_mpra|GFP 3UTR MPRA|CAD|mikl:Slc13a5:150.0:126f29fc4d931832,mikl_gse173098|mikl_gse173098|neurite_soma_mpra|GFP 3UTR MPRA|Neuro-2a|mikl:Slc13a5:150.0:126f29fc4d931832,2,False
876ca7667edcf554,1,mikl_gse173098|mikl_gse173098|neurite_soma_mpra|GFP 3UTR MPRA|CAD|mikl:Slc13a5:250.0:2ac1ae76f60f3f3b,mikl_gse173098|mikl_gse173098|neurite_soma_mpra|GFP 3UTR MPRA|Neuro-2a|mikl:Slc13a5:250.0:2ac1ae76f60f3f3b,2,False
876ca7667edcf554,1,mikl_gse173098|mikl_gse173098|neurite_soma_mpra|GFP 3UTR MPRA|CAD|mikl:Slc13a5:200.0:c171e2e4298ae9d6,mikl_gse173098|mikl_gse173098|neurite_soma_mpra|GFP 3UTR MPRA|Neuro-2a|mikl:Slc13a5:200.0:c171e2e4298ae9d6,2,False
876ca7667edcf554,1,mikl_gse173098|mikl_gse173098|neurite_soma_mpra|GFP 3UTR MPRA|CAD|mikl:Slc13a5:1100.0:b53ccf6a67179c32,mikl_gse173098|mikl_gse173098|neurite_soma_mpra|GFP 3UTR MPRA|Neuro-2a|mikl:Slc13a5:1100.0:b53ccf6a67179c32,2,False
876ca7667edcf554,1,mikl_gse173098|mikl_gse173098|neurite_soma_mpra|GFP 3UTR MPRA|CAD|mikl:Slc13a5:850.0:9144e1980951560e,mikl_gse173098|mikl_gse173098|neurite_soma_mpra|GFP 3UTR MPRA|Neuro-2a|mikl:Slc13a5:850.0:9144e1980951560e,2,True
894873fd889e1e43,1,mikl_gse173098|mikl_gse173098|neurite_soma_mpra|GFP 3UTR MPRA|CAD|mikl:Ndufb8:100.0:1081ce8ea92633fe,mikl_gse173098|mikl_gse173098|neurite_soma_mpra|GFP 3UTR MPRA|Neuro-2a|mikl:Ndufb8:100.0:1081ce8ea92633fe,2,True
8a6f0f087e08fd97,1,mikl_gse173098|mikl_gse173098|neurite_soma_mpra|GFP 3UTR MPRA|CAD|mikl:Rasgrp4:550.0:3c29d0f46e3f7894,mikl_gse173098|mikl_gse173098|neurite_soma_mpra|GFP 3UTR MPRA|Neuro-2a|mikl:Rasgrp4:550.0:3c29d0f46e3f7894,3,False
8a6f0f087e08fd97,1,mikl_gse173098|mikl_gse173098|neurite_soma_mpra|GFP 3UTR MPRA|CAD|mikl:Rasgrp4:300.0:6d3f9a75c7664c74,mikl_gse173098|mikl_gse173098|neurite_soma_mpra|GFP 3UTR MPRA|Neuro-2a|mikl:Rasgrp4:300.0:6d3f9a75c7664c74,4,False
8a6f0f087e08fd97,1,mikl_gse173098|mikl_gse173098|neurite_soma_mpra|GFP 3UTR MPRA|CAD|mikl:Rasgrp4:2000.0:e859839726a4d0d6,mikl_gse173098|mikl_gse173098|neurite_soma_mpra|GFP 3UTR MPRA|Neuro-2a|mikl:Rasgrp4:2000.0:e859839726a4d0d6,4,False
8a6f0f087e08fd97,1,mikl_gse173098|mikl_gse173098|neurite_soma_mpra|GFP 3UTR MPRA|CAD|mikl:Rasgrp4:600.0:f70eb59e62072984,mikl_gse173098|mikl_gse173098|neurite_soma_mpra|GFP 3UTR MPRA|Neuro-2a|mikl:Rasgrp4:600.0:f70eb59e62072984,3,False
8a6f0f087e08fd97,1,mikl_gse173098|mikl_gse173098|neurite_soma_mpra|GFP 3UTR MPRA|CAD|mikl:Rasgrp4:2050.0:602ed2ce46aae742,mikl_gse173098|mikl_gse173098|neurite_soma_mpra|GFP 3UTR MPRA|Neuro-2a|mikl:Rasgrp4:2050.0:602ed2ce46aae742,4,False
8a6f0f087e08fd97,1,mikl_gse173098|mikl_gse173098|neurite_soma_mpra|GFP 3UTR MPRA|CAD|mikl:Rasgrp4:1000.0:b32b71c4bb986525,mikl_gse173098|mikl_gse173098|neurite_soma_mpra|GFP 3UTR MPRA|Neuro-2a|mikl:Rasgrp4:1000.0:b32b71c4bb986525,2,True
8a6f0f087e08fd97,1,mikl_gse173098|mikl_gse173098|neurite_soma_mpra|GFP 3UTR MPRA|CAD|mikl:Rasgrp4:1150.0:59e7aeb3220d2a55,mikl_gse173098|mikl_gse173098|neurite_soma_mpra|GFP 3UTR MPRA|Neuro-2a|mikl:Rasgrp4:1150.0:59e7aeb3220d2a55,2,False
8a6f0f087e08fd97,1,mikl_gse173098|mikl_gse173098|neurite_soma_mpra|GFP 3UTR MPRA|CAD|mikl:Rasgrp4:2100.0:454bc32b4e39a4ca,mikl_gse173098|mikl_gse173098|neurite_soma_mpra|GFP 3UTR MPRA|Neuro-2a|mikl:Rasgrp4:2100.0:454bc32b4e39a4ca,3,False
8a6f0f087e08fd97,1,mikl_gse173098|mikl_gse173098|neurite_soma_mpra|GFP 3UTR MPRA|CAD|mikl:Rasgrp4:1600.0:893dc44f5db6799d,mikl_gse173098|mikl_gse173098|neurite_soma_mpra|GFP 3UTR MPRA|Neuro-2a|mikl:Rasgrp4:1600.0:893dc44f5db6799d,3,False
8a6f0f087e08fd97,1,mikl_gse173098|mikl_gse173098|neurite_soma_mpra|GFP 3UTR MPRA|CAD|mikl:Rasgrp4:1100.0:c88fb48273d7258f,mikl_gse173098|mikl_gse173098|neurite_soma_mpra|GFP 3UTR MPRA|Neuro-2a|mikl:Rasgrp4:1100.0:c88fb48273d7258f,2,False
8a6f0f087e08fd97,1,mikl_gse173098|mikl_gse173098|neurite_soma_mpra|GFP 3UTR MPRA|CAD|mikl:Rasgrp4:350.0:930124deb63f9c71,mikl_gse173098|mikl_gse173098|neurite_soma_mpra|GFP 3UTR MPRA|Neuro-2a|mikl:Rasgrp4:350.0:930124deb63f9c71,3,False
8a6f0f087e08fd97,1,mikl_gse173098|mikl_gse173098|neurite_soma_mpra|GFP 3UTR MPRA|CAD|mikl:Rasgrp4:2300.0:fb7775055d5c165c,mikl_gse173098|mikl_gse173098|neurite_soma_mpra|GFP 3UTR MPRA|Neuro-2a|mikl:Rasgrp4:2300.0:fb7775055d5c165c,2,False
8a6f0f087e08fd97,1,mikl_gse173098|mikl_gse173098|neurite_soma_mpra|GFP 3UTR MPRA|CAD|mikl:Rasgrp4:650.0:8c4e624766d7aee7,mikl_gse173098|mikl_gse173098|neurite_soma_mpra|GFP 3UTR MPRA|Neuro-2a|mikl:Rasgrp4:650.0:8c4e624766d7aee7,2,False
8a6f0f087e08fd97,1,mikl_gse173098|mikl_gse173098|neurite_soma_mpra|GFP 3UTR MPRA|CAD|mikl:Rasgrp4:900.0:a9b53492512e3388,mikl_gse173098|mikl_gse173098|neurite_soma_mpra|GFP 3UTR MPRA|Neuro-2a|mikl:Rasgrp4:900.0:a9b53492512e3388,2,False
8a6f0f087e08fd97,1,mikl_gse173098|mikl_gse173098|neurite_soma_mpra|GFP 3UTR MPRA|CAD|mikl:Rasgrp4:1200.0:408ad049e260b413,mikl_gse173098|mikl_gse173098|neurite_soma_mpra|GFP 3UTR MPRA|Neuro-2a|mikl:Rasgrp4:1200.0:408ad049e260b413,2,False
8a6f0f087e08fd97,1,mikl_gse173098|mikl_gse173098|neurite_soma_mpra|GFP 3UTR MPRA|CAD|mikl:Rasgrp4:1950.0:f07226be472d8778,mikl_gse173098|mikl_gse173098|neurite_soma_mpra|GFP 3UTR MPRA|Neuro-2a|mikl:Rasgrp4:1950.0:f07226be472d8778,2,False
8a6f0f087e08fd97,1,mikl_gse173098|mikl_gse173098|neurite_soma_mpra|GFP 3UTR MPRA|CAD|mikl:Rasgrp4:1550.0:b678ef5cd40034e7,mikl_gse173098|mikl_gse173098|neurite_soma_mpra|GFP 3UTR MPRA|Neuro-2a|mikl:Rasgrp4:1550.0:b678ef5cd40034e7,2,False
8cd334c62595cc73,0,mikl_gse173098|mikl_gse173098|neurite_soma_mpra|GFP 3UTR MPRA|CAD|mikl:Cplx2:3050.0:1260a401e0942bff,mikl_gse173098|mikl_gse173098|neurite_soma_mpra|GFP 3UTR MPRA|Neuro-2a|mikl:Cplx2:3050.0:1260a401e0942bff,3,True
8cd334c62595cc73,0,mikl_gse173098|mikl_gse173098|neurite_soma_mpra|GFP 3UTR MPRA|CAD|mikl:Cplx2:3750.0:e5eecc7d3c3fc49f,mikl_gse173098|mikl_gse173098|neurite_soma_mpra|GFP 3UTR MPRA|Neuro-2a|mikl:Cplx2:3750.0:e5eecc7d3c3fc49f,2,True
8cd334c62595cc73,0,mikl_gse173098|mikl_gse173098|neurite_soma_mpra|GFP 3UTR MPRA|CAD|mikl:Cplx2:750.0:9bd39c068f9ad963,mikl_gse173098|mikl_gse173098|neurite_soma_mpra|GFP 3UTR MPRA|Neuro-2a|mikl:Cplx2:750.0:9bd39c068f9ad963,2,False
8cd334c62595cc73,0,mikl_gse173098|mikl_gse173098|neurite_soma_mpra|GFP 3UTR MPRA|CAD|mikl:Cplx2:2050.0:074ef311e1f106be,mikl_gse173098|mikl_gse173098|neurite_soma_mpra|GFP 3UTR MPRA|Neuro-2a|mikl:Cplx2:2050.0:074ef311e1f106be,2,True
8cd334c62595cc73,0,mikl_gse173098|mikl_gse173098|neurite_soma_mpra|GFP 3UTR MPRA|CAD|mikl:Cplx2:2000.0:a38f8507ddb1e062,mikl_gse173098|mikl_gse173098|neurite_soma_mpra|GFP 3UTR MPRA|Neuro-2a|mikl:Cplx2:2000.0:a38f8507ddb1e062,2,False
8cd334c62595cc73,0,mikl_gse173098|mikl_gse173098|neurite_soma_mpra|GFP 3UTR MPRA|CAD|mikl:Cplx2:700.0:372448c8de6bef4f,mikl_gse173098|mikl_gse173098|neurite_soma_mpra|GFP 3UTR MPRA|Neuro-2a|mikl:Cplx2:700.0:372448c8de6bef4f,2,True
8cd334c62595cc73,0,mikl_gse173098|mikl_gse173098|neurite_soma_mpra|GFP 3UTR MPRA|CAD|mikl:Cplx2:2350.0:32a08e1ab98a0e22,mikl_gse173098|mikl_gse173098|neurite_soma_mpra|GFP 3UTR MPRA|Neuro-2a|mikl:Cplx2:2350.0:32a08e1ab98a0e22,3,False
8cd334c62595cc73,0,mikl_gse173098|mikl_gse173098|neurite_soma_mpra|GFP 3UTR MPRA|CAD|mikl:Cplx2:3800.0:37c629b217292637,mikl_gse173098|mikl_gse173098|neurite_soma_mpra|GFP 3UTR MPRA|Neuro-2a|mikl:Cplx2:3800.0:37c629b217292637,2,True
8cd334c62595cc73,0,mikl_gse173098|mikl_gse173098|neurite_soma_mpra|GFP 3UTR MPRA|CAD|mikl:Cplx2:2400.0:b67c5a45626cfb40,mikl_gse173098|mikl_gse173098|neurite_soma_mpra|GFP 3UTR MPRA|Neuro-2a|mikl:Cplx2:2400.0:b67c5a45626cfb40,3,False
8cd334c62595cc73,0,mikl_gse173098|mikl_gse173098|neurite_soma_mpra|GFP 3UTR MPRA|CAD|mikl:Cplx2:1400.0:00191a6b14e5d013,mikl_gse173098|mikl_gse173098|neurite_soma_mpra|GFP 3UTR MPRA|Neuro-2a|mikl:Cplx2:1400.0:00191a6b14e5d013,3,False
8cd334c62595cc73,0,mikl_gse173098|mikl_gse173098|neurite_soma_mpra|GFP 3UTR MPRA|CAD|mikl:Cplx2:1700.0:26925d049736c196,mikl_gse173098|mikl_gse173098|neurite_soma_mpra|GFP 3UTR MPRA|Neuro-2a|mikl:Cplx2:1700.0:26925d049736c196,2,False
8cd334c62595cc73,0,mikl_gse173098|mikl_gse173098|neurite_soma_mpra|GFP 3UTR MPRA|CAD|mikl:Cplx2:1350.0:9dd429f59c592eb7,mikl_gse173098|mikl_gse173098|neurite_soma_mpra|GFP 3UTR MPRA|Neuro-2a|mikl:Cplx2:1350.0:9dd429f59c592eb7,3,True
8cd334c62595cc73,0,mikl_gse173098|mikl_gse173098|neurite_soma_mpra|GFP 3UTR MPRA|CAD|mikl:Cplx2:4000.0:9799c49eeab8e378,mikl_gse173098|mikl_gse173098|neurite_soma_mpra|GFP 3UTR MPRA|Neuro-2a|mikl:Cplx2:4000.0:9799c49eeab8e378,2,True
8cd334c62595cc73,0,mikl_gse173098|mikl_gse173098|neurite_soma_mpra|GFP 3UTR MPRA|CAD|mikl:Cplx2:2300.0:4f0b6c746a4523aa,mikl_gse173098|mikl_gse173098|neurite_soma_mpra|GFP 3UTR MPRA|Neuro-2a|mikl:Cplx2:2300.0:4f0b6c746a4523aa,2,False
8cd334c62595cc73,0,mikl_gse173098|mikl_gse173098|neurite_soma_mpra|GFP 3UTR MPRA|CAD|mikl:Cplx2:650.0:f09d8433d8b1dda0,mikl_gse173098|mikl_gse173098|neurite_soma_mpra|GFP 3UTR MPRA|Neuro-2a|mikl:Cplx2:650.0:f09d8433d8b1dda0,2,True
8cd334c62595cc73,0,mikl_gse173098|mikl_gse173098|neurite_soma_mpra|GFP 3UTR MPRA|CAD|mikl:Cplx2:4050.0:a22635868c44be48,mikl_gse173098|mikl_gse173098|neurite_soma_mpra|GFP 3UTR MPRA|Neuro-2a|mikl:Cplx2:4050.0:a22635868c44be48,3,False
8cd334c62595cc73,0,mikl_gse173098|mikl_gse173098|neurite_soma_mpra|GFP 3UTR MPRA|CAD|mikl:Cplx2:3000.0:fee386f858d50273,mikl_gse173098|mikl_gse173098|neurite_soma_mpra|GFP 3UTR MPRA|Neuro-2a|mikl:Cplx2:3000.0:fee386f858d50273,2,False
8cd334c62595cc73,0,mikl_gse173098|mikl_gse173098|neurite_soma_mpra|GFP 3UTR MPRA|CAD|mikl:Cplx2:3950.0:a883a16ca09e1ddc,mikl_gse173098|mikl_gse173098|neurite_soma_mpra|GFP 3UTR MPRA|Neuro-2a|mikl:Cplx2:3950.0:a883a16ca09e1ddc,3,False
8cd334c62595cc73,0,mikl_gse173098|mikl_gse173098|neurite_soma_mpra|GFP 3UTR MPRA|CAD|mikl:Cplx2:1950.0:1bbd1ce8d71dcab5,mikl_gse173098|mikl_gse173098|neurite_soma_mpra|GFP 3UTR MPRA|Neuro-2a|mikl:Cplx2:1950.0:1bbd1ce8d71dcab5,2,False
8cd334c62595cc73,0,mikl_gse173098|mikl_gse173098|neurite_soma_mpra|GFP 3UTR MPRA|CAD|mikl:Cplx2:3900.0:961cd32e624fb8f4,mikl_gse173098|mikl_gse173098|neurite_soma_mpra|GFP 3UTR MPRA|Neuro-2a|mikl:Cplx2:3900.0:961cd32e624fb8f4,2,True
8cd334c62595cc73,0,mikl_gse173098|mikl_gse173098|neurite_soma_mpra|GFP 3UTR MPRA|CAD|mikl:Cplx2:1750.0:fcd92ae83041a41a,mikl_gse173098|mikl_gse173098|neurite_soma_mpra|GFP 3UTR MPRA|Neuro-2a|mikl:Cplx2:1750.0:fcd92ae83041a41a,2,True
8d76cbd6d8514037,1,mikl_gse173098|mikl_gse173098|neurite_soma_mpra|GFP 3UTR MPRA|CAD|mikl:Syt15:200.0:3cae2c4452a38aaa,mikl_gse173098|mikl_gse173098|neurite_soma_mpra|GFP 3UTR MPRA|Neuro-2a|mikl:Syt15:200.0:3cae2c4452a38aaa,4,False
8d76cbd6d8514037,1,mikl_gse173098|mikl_gse173098|neurite_soma_mpra|GFP 3UTR MPRA|CAD|mikl:Syt15:300.0:1b8b8ce261d7a5cd,mikl_gse173098|mikl_gse173098|neurite_soma_mpra|GFP 3UTR MPRA|Neuro-2a|mikl:Syt15:300.0:1b8b8ce261d7a5cd,2,True
8d76cbd6d8514037,1,mikl_gse173098|mikl_gse173098|neurite_soma_mpra|GFP 3UTR MPRA|CAD|mikl:Syt15:1800.0:8f595b60b893dcb8,mikl_gse173098|mikl_gse173098|neurite_soma_mpra|GFP 3UTR MPRA|Neuro-2a|mikl:Syt15:1800.0:8f595b60b893dcb8,2,True
8d76cbd6d8514037,1,mikl_gse173098|mikl_gse173098|neurite_soma_mpra|GFP 3UTR MPRA|CAD|mikl:Syt15:150.0:a4cab09516578428,mikl_gse173098|mikl_gse173098|neurite_soma_mpra|GFP 3UTR MPRA|Neuro-2a|mikl:Syt15:150.0:a4cab09516578428,2,False
8d76cbd6d8514037,1,mikl_gse173098|mikl_gse173098|neurite_soma_mpra|GFP 3UTR MPRA|CAD|mikl:Syt15:2050.0:cef0eb10b8a4db69,mikl_gse173098|mikl_gse173098|neurite_soma_mpra|GFP 3UTR MPRA|Neuro-2a|mikl:Syt15:2050.0:cef0eb10b8a4db69,2,True
8d76cbd6d8514037,1,mikl_gse173098|mikl_gse173098|neurite_soma_mpra|GFP 3UTR MPRA|CAD|mikl:Syt15:250.0:4337e27c92b3d7c5,mikl_gse173098|mikl_gse173098|neurite_soma_mpra|GFP 3UTR MPRA|Neuro-2a|mikl:Syt15:250.0:4337e27c92b3d7c5,4,False
8e5ecf582b1eb85c,0,mikl_gse173098|mikl_gse173098|neurite_soma_mpra|GFP 3UTR MPRA|CAD|mikl:Brsk1:200.0:0b7f4ebe324905a5,mikl_gse173098|mikl_gse173098|neurite_soma_mpra|GFP 3UTR MPRA|Neuro-2a|mikl:Brsk1:200.0:0b7f4ebe324905a5,4,False
8e5ecf582b1eb85c,0,mikl_gse173098|mikl_gse173098|neurite_soma_mpra|GFP 3UTR MPRA|CAD|mikl:Brsk1:150.0:ea92da048fcb40b2,mikl_gse173098|mikl_gse173098|neurite_soma_mpra|GFP 3UTR MPRA|Neuro-2a|mikl:Brsk1:150.0:ea92da048fcb40b2,5,False
8e5ecf582b1eb85c,0,mikl_gse173098|mikl_gse173098|neurite_soma_mpra|GFP 3UTR MPRA|CAD|mikl:Brsk1:300.0:be44a9cc1c7f4991,mikl_gse173098|mikl_gse173098|neurite_soma_mpra|GFP 3UTR MPRA|Neuro-2a|mikl:Brsk1:300.0:be44a9cc1c7f4991,2,False
8e5ecf582b1eb85c,0,mikl_gse173098|mikl_gse173098|neurite_soma_mpra|GFP 3UTR MPRA|CAD|mikl:Brsk1:250.0:0c4b8e01c92d47f5,mikl_gse173098|mikl_gse173098|neurite_soma_mpra|GFP 3UTR MPRA|Neuro-2a|mikl:Brsk1:250.0:0c4b8e01c92d47f5,6,False
8f547b768d08625b,1,mikl_gse173098|mikl_gse173098|neurite_soma_mpra|GFP 3UTR MPRA|CAD|mikl:Tpt1:100.0:e663ca861ef15501,mikl_gse173098|mikl_gse173098|neurite_soma_mpra|GFP 3UTR MPRA|Neuro-2a|mikl:Tpt1:100.0:e663ca861ef15501,4,False
8f547b768d08625b,1,mikl_gse173098|mikl_gse173098|neurite_soma_mpra|GFP 3UTR MPRA|CAD|mikl:Tpt1:50.0:513b90c8bb0f3c52,mikl_gse173098|mikl_gse173098|neurite_soma_mpra|GFP 3UTR MPRA|Neuro-2a|mikl:Tpt1:50.0:513b90c8bb0f3c52,4,False
9062dec6dfccad94,1,mikl_gse173098|mikl_gse173098|neurite_soma_mpra|GFP 3UTR MPRA|CAD|mikl:Tcte1:550.0:99a453df77f9c801,mikl_gse173098|mikl_gse173098|neurite_soma_mpra|GFP 3UTR MPRA|Neuro-2a|mikl:Tcte1:550.0:99a453df77f9c801,5,False
9062dec6dfccad94,1,mikl_gse173098|mikl_gse173098|neurite_soma_mpra|GFP 3UTR MPRA|CAD|mikl:Tcte1:500.0:d5a75a120315b55c,mikl_gse173098|mikl_gse173098|neurite_soma_mpra|GFP 3UTR MPRA|Neuro-2a|mikl:Tcte1:500.0:d5a75a120315b55c,5,False
9062dec6dfccad94,1,mikl_gse173098|mikl_gse173098|neurite_soma_mpra|GFP 3UTR MPRA|CAD|mikl:Tcte1:450.0:aaa0ab2c7599c347,mikl_gse173098|mikl_gse173098|neurite_soma_mpra|GFP 3UTR MPRA|Neuro-2a|mikl:Tcte1:450.0:aaa0ab2c7599c347,2,True
9062dec6dfccad94,1,mikl_gse173098|mikl_gse173098|neurite_soma_mpra|GFP 3UTR MPRA|CAD|mikl:Tcte1:600.0:d297bab66d4f6401,mikl_gse173098|mikl_gse173098|neurite_soma_mpra|GFP 3UTR MPRA|Neuro-2a|mikl:Tcte1:600.0:d297bab66d4f6401,3,False
908da0dbd9898b1c,0,mikl_gse173098|mikl_gse173098|neurite_soma_mpra|GFP 3UTR MPRA|CAD|mikl:Pcdh15:300.0:4dbe76224f6dc913,mikl_gse173098|mikl_gse173098|neurite_soma_mpra|GFP 3UTR MPRA|Neuro-2a|mikl:Pcdh15:300.0:4dbe76224f6dc913,3,False
908da0dbd9898b1c,0,mikl_gse173098|mikl_gse173098|neurite_soma_mpra|GFP 3UTR MPRA|CAD|mikl:Pcdh15:950.0:4f6fdc1b366afb6c,mikl_gse173098|mikl_gse173098|neurite_soma_mpra|GFP 3UTR MPRA|Neuro-2a|mikl:Pcdh15:950.0:4f6fdc1b366afb6c,4,False
908da0dbd9898b1c,0,mikl_gse173098|mikl_gse173098|neurite_soma_mpra|GFP 3UTR MPRA|CAD|mikl:Pcdh15:3500.0:b376ef4fecc0847a,mikl_gse173098|mikl_gse173098|neurite_soma_mpra|GFP 3UTR MPRA|Neuro-2a|mikl:Pcdh15:3500.0:b376ef4fecc0847a,2,True
908da0dbd9898b1c,0,mikl_gse173098|mikl_gse173098|neurite_soma_mpra|GFP 3UTR MPRA|CAD|mikl:Pcdh15:3950.0:e9a5fd0320afa5b2,mikl_gse173098|mikl_gse173098|neurite_soma_mpra|GFP 3UTR MPRA|Neuro-2a|mikl:Pcdh15:3950.0:e9a5fd0320afa5b2,3,False
908da0dbd9898b1c,0,mikl_gse173098|mikl_gse173098|neurite_soma_mpra|GFP 3UTR MPRA|CAD|mikl:Pcdh15:50.0:59b25bc64439d203,mikl_gse173098|mikl_gse173098|neurite_soma_mpra|GFP 3UTR MPRA|Neuro-2a|mikl:Pcdh15:50.0:59b25bc64439d203,2,False
908da0dbd9898b1c,0,mikl_gse173098|mikl_gse173098|neurite_soma_mpra|GFP 3UTR MPRA|CAD|mikl:Pcdh15:350.0:6572b8aea6d544e1,mikl_gse173098|mikl_gse173098|neurite_soma_mpra|GFP 3UTR MPRA|Neuro-2a|mikl:Pcdh15:350.0:6572b8aea6d544e1,2,False
908da0dbd9898b1c,0,mikl_gse173098|mikl_gse173098|neurite_soma_mpra|GFP 3UTR MPRA|CAD|mikl:Pcdh15:0.0:ede9435d41f0fff7,mikl_gse173098|mikl_gse173098|neurite_soma_mpra|GFP 3UTR MPRA|Neuro-2a|mikl:Pcdh15:0.0:ede9435d41f0fff7,3,False
908da0dbd9898b1c,0,mikl_gse173098|mikl_gse173098|neurite_soma_mpra|GFP 3UTR MPRA|CAD|mikl:Pcdh15:3400.0:a1233de4bcd07021,mikl_gse173098|mikl_gse173098|neurite_soma_mpra|GFP 3UTR MPRA|Neuro-2a|mikl:Pcdh15:3400.0:a1233de4bcd07021,2,False
908da0dbd9898b1c,0,mikl_gse173098|mikl_gse173098|neurite_soma_mpra|GFP 3UTR MPRA|CAD|mikl:Pcdh15:900.0:342ace2f80b2dd5a,mikl_gse173098|mikl_gse173098|neurite_soma_mpra|GFP 3UTR MPRA|Neuro-2a|mikl:Pcdh15:900.0:342ace2f80b2dd5a,3,False
908da0dbd9898b1c,0,mikl_gse173098|mikl_gse173098|neurite_soma_mpra|GFP 3UTR MPRA|CAD|mikl:Pcdh15:3400.0:d0ac19fed2e2c9f6,mikl_gse173098|mikl_gse173098|neurite_soma_mpra|GFP 3UTR MPRA|Neuro-2a|mikl:Pcdh15:3400.0:d0ac19fed2e2c9f6,2,False
908da0dbd9898b1c,0,mikl_gse173098|mikl_gse173098|neurite_soma_mpra|GFP 3UTR MPRA|CAD|mikl:Pcdh15:4000.0:b2d22f873639a8b9,mikl_gse173098|mikl_gse173098|neurite_soma_mpra|GFP 3UTR MPRA|Neuro-2a|mikl:Pcdh15:4000.0:b2d22f873639a8b9,2,True
908da0dbd9898b1c,0,mikl_gse173098|mikl_gse173098|neurite_soma_mpra|GFP 3UTR MPRA|CAD|mikl:Pcdh15:3350.0:ba6d65a6f06be0d8,mikl_gse173098|mikl_gse173098|neurite_soma_mpra|GFP 3UTR MPRA|Neuro-2a|mikl:Pcdh15:3350.0:ba6d65a6f06be0d8,2,True
908da0dbd9898b1c,0,mikl_gse173098|mikl_gse173098|neurite_soma_mpra|GFP 3UTR MPRA|CAD|mikl:Pcdh15:1600.0:1e9f96883397efb0,mikl_gse173098|mikl_gse173098|neurite_soma_mpra|GFP 3UTR MPRA|Neuro-2a|mikl:Pcdh15:1600.0:1e9f96883397efb0,2,False
908da0dbd9898b1c,0,mikl_gse173098|mikl_gse173098|neurite_soma_mpra|GFP 3UTR MPRA|CAD|mikl:Pcdh15:3450.0:17c623419c367b17,mikl_gse173098|mikl_gse173098|neurite_soma_mpra|GFP 3UTR MPRA|Neuro-2a|mikl:Pcdh15:3450.0:17c623419c367b17,2,True
908da0dbd9898b1c,0,mikl_gse173098|mikl_gse173098|neurite_soma_mpra|GFP 3UTR MPRA|CAD|mikl:Pcdh15:500.0:d0abbd52c9336b0c,mikl_gse173098|mikl_gse173098|neurite_soma_mpra|GFP 3UTR MPRA|Neuro-2a|mikl:Pcdh15:500.0:d0abbd52c9336b0c,2,True
908da0dbd9898b1c,0,mikl_gse173098|mikl_gse173098|neurite_soma_mpra|GFP 3UTR MPRA|CAD|mikl:Pcdh15:3350.0:079f117c0a6c23ad,mikl_gse173098|mikl_gse173098|neurite_soma_mpra|GFP 3UTR MPRA|Neuro-2a|mikl:Pcdh15:3350.0:079f117c0a6c23ad,2,True
908da0dbd9898b1c,0,mikl_gse173098|mikl_gse173098|neurite_soma_mpra|GFP 3UTR MPRA|CAD|mikl:Pcdh15:3300.0:ff2e0164d4b1ca2e,mikl_gse173098|mikl_gse173098|neurite_soma_mpra|GFP 3UTR MPRA|Neuro-2a|mikl:Pcdh15:3300.0:ff2e0164d4b1ca2e,2,False
908da0dbd9898b1c,0,mikl_gse173098|mikl_gse173098|neurite_soma_mpra|GFP 3UTR MPRA|CAD|mikl:Pcdh15:3950.0:f485f46cd63339b7,mikl_gse173098|mikl_gse173098|neurite_soma_mpra|GFP 3UTR MPRA|Neuro-2a|mikl:Pcdh15:3950.0:f485f46cd63339b7,3,False
908da0dbd9898b1c,0,mikl_gse173098|mikl_gse173098|neurite_soma_mpra|GFP 3UTR MPRA|CAD|mikl:Pcdh15:1900.0:bf554517df2f4342,mikl_gse173098|mikl_gse173098|neurite_soma_mpra|GFP 3UTR MPRA|Neuro-2a|mikl:Pcdh15:1900.0:bf554517df2f4342,2,False
908da0dbd9898b1c,0,mikl_gse173098|mikl_gse173098|neurite_soma_mpra|GFP 3UTR MPRA|CAD|mikl:Pcdh15:200.0:e3d043b35cf0ed15,mikl_gse173098|mikl_gse173098|neurite_soma_mpra|GFP 3UTR MPRA|Neuro-2a|mikl:Pcdh15:200.0:e3d043b35cf0ed15,2,False
908da0dbd9898b1c,0,mikl_gse173098|mikl_gse173098|neurite_soma_mpra|GFP 3UTR MPRA|CAD|mikl:Pcdh15:300.0:ee1fb3b75f2dcd05,mikl_gse173098|mikl_gse173098|neurite_soma_mpra|GFP 3UTR MPRA|Neuro-2a|mikl:Pcdh15:300.0:ee1fb3b75f2dcd05,2,False
908da0dbd9898b1c,0,mikl_gse173098|mikl_gse173098|neurite_soma_mpra|GFP 3UTR MPRA|CAD|mikl:Pcdh15:1000.0:f131c575752036d9,mikl_gse173098|mikl_gse173098|neurite_soma_mpra|GFP 3UTR MPRA|Neuro-2a|mikl:Pcdh15:1000.0:f131c575752036d9,4,False
908da0dbd9898b1c,0,mikl_gse173098|mikl_gse173098|neurite_soma_mpra|GFP 3UTR MPRA|CAD|mikl:Pcdh15:4050.0:25be1582e39db1cc,mikl_gse173098|mikl_gse173098|neurite_soma_mpra|GFP 3UTR MPRA|Neuro-2a|mikl:Pcdh15:4050.0:25be1582e39db1cc,3,False
908da0dbd9898b1c,0,mikl_gse173098|mikl_gse173098|neurite_soma_mpra|GFP 3UTR MPRA|CAD|mikl:Pcdh15:4000.0:4a15c3631c8f0ffc,mikl_gse173098|mikl_gse173098|neurite_soma_mpra|GFP 3UTR MPRA|Neuro-2a|mikl:Pcdh15:4000.0:4a15c3631c8f0ffc,3,False
908da0dbd9898b1c,0,mikl_gse173098|mikl_gse173098|neurite_soma_mpra|GFP 3UTR MPRA|CAD|mikl:Pcdh15:3500.0:2aa51dc5dd69aeea,mikl_gse173098|mikl_gse173098|neurite_soma_mpra|GFP 3UTR MPRA|Neuro-2a|mikl:Pcdh15:3500.0:2aa51dc5dd69aeea,2,False
908da0dbd9898b1c,0,mikl_gse173098|mikl_gse173098|neurite_soma_mpra|GFP 3UTR MPRA|CAD|mikl:Pcdh15:350.0:bac67cb4bf691aa5,mikl_gse173098|mikl_gse173098|neurite_soma_mpra|GFP 3UTR MPRA|Neuro-2a|mikl:Pcdh15:350.0:bac67cb4bf691aa5,3,False
908da0dbd9898b1c,0,mikl_gse173098|mikl_gse173098|neurite_soma_mpra|GFP 3UTR MPRA|CAD|mikl:Pcdh15:3300.0:f50a7e864e05062e,mikl_gse173098|mikl_gse173098|neurite_soma_mpra|GFP 3UTR MPRA|Neuro-2a|mikl:Pcdh15:3300.0:f50a7e864e05062e,2,False
908da0dbd9898b1c,0,mikl_gse173098|mikl_gse173098|neurite_soma_mpra|GFP 3UTR MPRA|CAD|mikl:Pcdh15:450.0:cc267e20176e679d,mikl_gse173098|mikl_gse173098|neurite_soma_mpra|GFP 3UTR MPRA|Neuro-2a|mikl:Pcdh15:450.0:cc267e20176e679d,2,True
908da0dbd9898b1c,0,mikl_gse173098|mikl_gse173098|neurite_soma_mpra|GFP 3UTR MPRA|CAD|mikl:Pcdh15:4050.0:bef85683b2b9ffb5,mikl_gse173098|mikl_gse173098|neurite_soma_mpra|GFP 3UTR MPRA|Neuro-2a|mikl:Pcdh15:4050.0:bef85683b2b9ffb5,3,False
908da0dbd9898b1c,0,mikl_gse173098|mikl_gse173098|neurite_soma_mpra|GFP 3UTR MPRA|CAD|mikl:Pcdh15:350.0:5d3ab87b0ad9ef73,mikl_gse173098|mikl_gse173098|neurite_soma_mpra|GFP 3UTR MPRA|Neuro-2a|mikl:Pcdh15:350.0:5d3ab87b0ad9ef73,2,True
915e39e3908737aa,2,mikl_gse173098|mikl_gse173098|neurite_soma_mpra|GFP 3UTR MPRA|CAD|mikl:Ankef1:600.0:472077785c3de555,mikl_gse173098|mikl_gse173098|neurite_soma_mpra|GFP 3UTR MPRA|Neuro-2a|mikl:Ankef1:600.0:472077785c3de555,2,True
915e39e3908737aa,2,mikl_gse173098|mikl_gse173098|neurite_soma_mpra|GFP 3UTR MPRA|CAD|mikl:Ankef1:450.0:96cfb7a9639c61ef,mikl_gse173098|mikl_gse173098|neurite_soma_mpra|GFP 3UTR MPRA|Neuro-2a|mikl:Ankef1:450.0:96cfb7a9639c61ef,2,True
915e39e3908737aa,2,mikl_gse173098|mikl_gse173098|neurite_soma_mpra|GFP 3UTR MPRA|CAD|mikl:Ankef1:700.0:c1cef64a40474abd,mikl_gse173098|mikl_gse173098|neurite_soma_mpra|GFP 3UTR MPRA|Neuro-2a|mikl:Ankef1:700.0:c1cef64a40474abd,2,True
915f51673d238b24,1,mikl_gse173098|mikl_gse173098|neurite_soma_mpra|GFP 3UTR MPRA|CAD|mikl:Unc5c:5900.0:627beb8666cf2a1c,mikl_gse173098|mikl_gse173098|neurite_soma_mpra|GFP 3UTR MPRA|Neuro-2a|mikl:Unc5c:5900.0:627beb8666cf2a1c,5,False
915f51673d238b24,1,mikl_gse173098|mikl_gse173098|neurite_soma_mpra|GFP 3UTR MPRA|CAD|mikl:Unc5c:4100.0:798e7e2673b13224,mikl_gse173098|mikl_gse173098|neurite_soma_mpra|GFP 3UTR MPRA|Neuro-2a|mikl:Unc5c:4100.0:798e7e2673b13224,4,False
915f51673d238b24,1,mikl_gse173098|mikl_gse173098|neurite_soma_mpra|GFP 3UTR MPRA|CAD|mikl:Unc5c:1950.0:388887c11b19a3e0,mikl_gse173098|mikl_gse173098|neurite_soma_mpra|GFP 3UTR MPRA|Neuro-2a|mikl:Unc5c:1950.0:388887c11b19a3e0,7,False
915f51673d238b24,1,mikl_gse173098|mikl_gse173098|neurite_soma_mpra|GFP 3UTR MPRA|CAD|mikl:Unc5c:4300.0:63b752784ccd7d6d,mikl_gse173098|mikl_gse173098|neurite_soma_mpra|GFP 3UTR MPRA|Neuro-2a|mikl:Unc5c:4300.0:63b752784ccd7d6d,3,False
915f51673d238b24,1,mikl_gse173098|mikl_gse173098|neurite_soma_mpra|GFP 3UTR MPRA|CAD|mikl:Unc5c:750.0:e882b7e4a7aa1df9,mikl_gse173098|mikl_gse173098|neurite_soma_mpra|GFP 3UTR MPRA|Neuro-2a|mikl:Unc5c:750.0:e882b7e4a7aa1df9,7,False
915f51673d238b24,1,mikl_gse173098|mikl_gse173098|neurite_soma_mpra|GFP 3UTR MPRA|CAD|mikl:Unc5c:350.0:78e32fcc19f2bfff,mikl_gse173098|mikl_gse173098|neurite_soma_mpra|GFP 3UTR MPRA|Neuro-2a|mikl:Unc5c:350.0:78e32fcc19f2bfff,4,False
915f51673d238b24,1,mikl_gse173098|mikl_gse173098|neurite_soma_mpra|GFP 3UTR MPRA|CAD|mikl:Unc5c:150.0:0a236b1fbb969289,mikl_gse173098|mikl_gse173098|neurite_soma_mpra|GFP 3UTR MPRA|Neuro-2a|mikl:Unc5c:150.0:0a236b1fbb969289,4,False
915f51673d238b24,1,mikl_gse173098|mikl_gse173098|neurite_soma_mpra|GFP 3UTR MPRA|CAD|mikl:Unc5c:2550.0:c3771e375be2db09,mikl_gse173098|mikl_gse173098|neurite_soma_mpra|GFP 3UTR MPRA|Neuro-2a|mikl:Unc5c:2550.0:c3771e375be2db09,3,False
915f51673d238b24,1,mikl_gse173098|mikl_gse173098|neurite_soma_mpra|GFP 3UTR MPRA|CAD|mikl:Unc5c:5050.0:02b5d917a4e5b5b2,mikl_gse173098|mikl_gse173098|neurite_soma_mpra|GFP 3UTR MPRA|Neuro-2a|mikl:Unc5c:5050.0:02b5d917a4e5b5b2,2,False
915f51673d238b24,1,mikl_gse173098|mikl_gse173098|neurite_soma_mpra|GFP 3UTR MPRA|CAD|mikl:Unc5c:650.0:10e375b0f311e5ea,mikl_gse173098|mikl_gse173098|neurite_soma_mpra|GFP 3UTR MPRA|Neuro-2a|mikl:Unc5c:650.0:10e375b0f311e5ea,6,False
915f51673d238b24,1,mikl_gse173098|mikl_gse173098|neurite_soma_mpra|GFP 3UTR MPRA|CAD|mikl:Unc5c:900.0:64825cd943e170d6,mikl_gse173098|mikl_gse173098|neurite_soma_mpra|GFP 3UTR MPRA|Neuro-2a|mikl:Unc5c:900.0:64825cd943e170d6,2,False
915f51673d238b24,1,mikl_gse173098|mikl_gse173098|neurite_soma_mpra|GFP 3UTR MPRA|CAD|mikl:Unc5c:1650.0:13ee569fc2e59653,mikl_gse173098|mikl_gse173098|neurite_soma_mpra|GFP 3UTR MPRA|Neuro-2a|mikl:Unc5c:1650.0:13ee569fc2e59653,4,False
915f51673d238b24,1,mikl_gse173098|mikl_gse173098|neurite_soma_mpra|GFP 3UTR MPRA|CAD|mikl:Unc5c:1550.0:ab8668a383483704,mikl_gse173098|mikl_gse173098|neurite_soma_mpra|GFP 3UTR MPRA|Neuro-2a|mikl:Unc5c:1550.0:ab8668a383483704,3,False
915f51673d238b24,1,mikl_gse173098|mikl_gse173098|neurite_soma_mpra|GFP 3UTR MPRA|CAD|mikl:Unc5c:4700.0:581663f8f1050cae,mikl_gse173098|mikl_gse173098|neurite_soma_mpra|GFP 3UTR MPRA|Neuro-2a|mikl:Unc5c:4700.0:581663f8f1050cae,2,True
915f51673d238b24,1,mikl_gse173098|mikl_gse173098|neurite_soma_mpra|GFP 3UTR MPRA|CAD|mikl:Unc5c:800.0:7ace9a2dcfa95592,mikl_gse173098|mikl_gse173098|neurite_soma_mpra|GFP 3UTR MPRA|Neuro-2a|mikl:Unc5c:800.0:7ace9a2dcfa95592,3,False
915f51673d238b24,1,mikl_gse173098|mikl_gse173098|neurite_soma_mpra|GFP 3UTR MPRA|CAD|mikl:Unc5c:1900.0:67736ecc3e443c53,mikl_gse173098|mikl_gse173098|neurite_soma_mpra|GFP 3UTR MPRA|Neuro-2a|mikl:Unc5c:1900.0:67736ecc3e443c53,2,True
915f51673d238b24,1,mikl_gse173098|mikl_gse173098|neurite_soma_mpra|GFP 3UTR MPRA|CAD|mikl:Unc5c:1500.0:1537d41e422a3048,mikl_gse173098|mikl_gse173098|neurite_soma_mpra|GFP 3UTR MPRA|Neuro-2a|mikl:Unc5c:1500.0:1537d41e422a3048,2,True
915f51673d238b24,1,mikl_gse173098|mikl_gse173098|neurite_soma_mpra|GFP 3UTR MPRA|CAD|mikl:Unc5c:3450.0:bafa3c060fa698f6,mikl_gse173098|mikl_gse173098|neurite_soma_mpra|GFP 3UTR MPRA|Neuro-2a|mikl:Unc5c:3450.0:bafa3c060fa698f6,2,False
915f51673d238b24,1,mikl_gse173098|mikl_gse173098|neurite_soma_mpra|GFP 3UTR MPRA|CAD|mikl:Unc5c:2400.0:408dba7e81655bb4,mikl_gse173098|mikl_gse173098|neurite_soma_mpra|GFP 3UTR MPRA|Neuro-2a|mikl:Unc5c:2400.0:408dba7e81655bb4,4,False
915f51673d238b24,1,mikl_gse173098|mikl_gse173098|neurite_soma_mpra|GFP 3UTR MPRA|CAD|mikl:Unc5c:3900.0:4f3905921a2ce6c5,mikl_gse173098|mikl_gse173098|neurite_soma_mpra|GFP 3UTR MPRA|Neuro-2a|mikl:Unc5c:3900.0:4f3905921a2ce6c5,2,True
915f51673d238b24,1,mikl_gse173098|mikl_gse173098|neurite_soma_mpra|GFP 3UTR MPRA|CAD|mikl:Unc5c:4200.0:bc4214135b65f1a8,mikl_gse173098|mikl_gse173098|neurite_soma_mpra|GFP 3UTR MPRA|Neuro-2a|mikl:Unc5c:4200.0:bc4214135b65f1a8,7,False
915f51673d238b24,1,mikl_gse173098|mikl_gse173098|neurite_soma_mpra|GFP 3UTR MPRA|CAD|mikl:Unc5c:100.0:92184b0994ad43b2,mikl_gse173098|mikl_gse173098|neurite_soma_mpra|GFP 3UTR MPRA|Neuro-2a|mikl:Unc5c:100.0:92184b0994ad43b2,3,True
915f51673d238b24,1,mikl_gse173098|mikl_gse173098|neurite_soma_mpra|GFP 3UTR MPRA|CAD|mikl:Unc5c:100.0:679a2096ad156a5a,mikl_gse173098|mikl_gse173098|neurite_soma_mpra|GFP 3UTR MPRA|Neuro-2a|mikl:Unc5c:100.0:679a2096ad156a5a,5,False
915f51673d238b24,1,mikl_gse173098|mikl_gse173098|neurite_soma_mpra|GFP 3UTR MPRA|CAD|mikl:Unc5c:50.0:0c8d939d2c445aa0,mikl_gse173098|mikl_gse173098|neurite_soma_mpra|GFP 3UTR MPRA|Neuro-2a|mikl:Unc5c:50.0:0c8d939d2c445aa0,3,False
915f51673d238b24,1,mikl_gse173098|mikl_gse173098|neurite_soma_mpra|GFP 3UTR MPRA|CAD|mikl:Unc5c:2700.0:4a912c19ea3ce659,mikl_gse173098|mikl_gse173098|neurite_soma_mpra|GFP 3UTR MPRA|Neuro-2a|mikl:Unc5c:2700.0:4a912c19ea3ce659,5,False
915f51673d238b24,1,mikl_gse173098|mikl_gse173098|neurite_soma_mpra|GFP 3UTR MPRA|CAD|mikl:Unc5c:4250.0:d10d68f0eb95f8e3,mikl_gse173098|mikl_gse173098|neurite_soma_mpra|GFP 3UTR MPRA|Neuro-2a|mikl:Unc5c:4250.0:d10d68f0eb95f8e3,7,False
915f51673d238b24,1,mikl_gse173098|mikl_gse173098|neurite_soma_mpra|GFP 3UTR MPRA|CAD|mikl:Unc5c:5150.0:2243b600cd4f3c4e,mikl_gse173098|mikl_gse173098|neurite_soma_mpra|GFP 3UTR MPRA|Neuro-2a|mikl:Unc5c:5150.0:2243b600cd4f3c4e,2,False
915f51673d238b24,1,mikl_gse173098|mikl_gse173098|neurite_soma_mpra|GFP 3UTR MPRA|CAD|mikl:Unc5c:5650.0:18ad0fd588d62d3b,mikl_gse173098|mikl_gse173098|neurite_soma_mpra|GFP 3UTR MPRA|Neuro-2a|mikl:Unc5c:5650.0:18ad0fd588d62d3b,2,False
915f51673d238b24,1,mikl_gse173098|mikl_gse173098|neurite_soma_mpra|GFP 3UTR MPRA|CAD|mikl:Unc5c:4350.0:9516ec7d238071d5,mikl_gse173098|mikl_gse173098|neurite_soma_mpra|GFP 3UTR MPRA|Neuro-2a|mikl:Unc5c:4350.0:9516ec7d238071d5,2,False
915f51673d238b24,1,mikl_gse173098|mikl_gse173098|neurite_soma_mpra|GFP 3UTR MPRA|CAD|mikl:Unc5c:6100.0:b3efb8bd863ecd41,mikl_gse173098|mikl_gse173098|neurite_soma_mpra|GFP 3UTR MPRA|Neuro-2a|mikl:Unc5c:6100.0:b3efb8bd863ecd41,2,False
915f51673d238b24,1,mikl_gse173098|mikl_gse173098|neurite_soma_mpra|GFP 3UTR MPRA|CAD|mikl:Unc5c:150.0:db638178afd813e7,mikl_gse173098|mikl_gse173098|neurite_soma_mpra|GFP 3UTR MPRA|Neuro-2a|mikl:Unc5c:150.0:db638178afd813e7,3,False
915f51673d238b24,1,mikl_gse173098|mikl_gse173098|neurite_soma_mpra|GFP 3UTR MPRA|CAD|mikl:Unc5c:3000.0:bc306e406645ac66,mikl_gse173098|mikl_gse173098|neurite_soma_mpra|GFP 3UTR MPRA|Neuro-2a|mikl:Unc5c:3000.0:bc306e406645ac66,3,False
915f51673d238b24,1,mikl_gse173098|mikl_gse173098|neurite_soma_mpra|GFP 3UTR MPRA|CAD|mikl:Unc5c:400.0:463edf44adb34902,mikl_gse173098|mikl_gse173098|neurite_soma_mpra|GFP 3UTR MPRA|Neuro-2a|mikl:Unc5c:400.0:463edf44adb34902,2,True
915f51673d238b24,1,mikl_gse173098|mikl_gse173098|neurite_soma_mpra|GFP 3UTR MPRA|CAD|mikl:Unc5c:2500.0:1cf796e5539d4961,mikl_gse173098|mikl_gse173098|neurite_soma_mpra|GFP 3UTR MPRA|Neuro-2a|mikl:Unc5c:2500.0:1cf796e5539d4961,3,False
915f51673d238b24,1,mikl_gse173098|mikl_gse173098|neurite_soma_mpra|GFP 3UTR MPRA|CAD|mikl:Unc5c:3400.0:812c18954d9ffac1,mikl_gse173098|mikl_gse173098|neurite_soma_mpra|GFP 3UTR MPRA|Neuro-2a|mikl:Unc5c:3400.0:812c18954d9ffac1,2,False
915f51673d238b24,1,mikl_gse173098|mikl_gse173098|neurite_soma_mpra|GFP 3UTR MPRA|CAD|mikl:Unc5c:3850.0:ed5fc5dbc7d1c7ca,mikl_gse173098|mikl_gse173098|neurite_soma_mpra|GFP 3UTR MPRA|Neuro-2a|mikl:Unc5c:3850.0:ed5fc5dbc7d1c7ca,2,False
915f51673d238b24,1,mikl_gse173098|mikl_gse173098|neurite_soma_mpra|GFP 3UTR MPRA|CAD|mikl:Unc5c:2450.0:eb86e501b265c626,mikl_gse173098|mikl_gse173098|neurite_soma_mpra|GFP 3UTR MPRA|Neuro-2a|mikl:Unc5c:2450.0:eb86e501b265c626,4,False
915f51673d238b24,1,mikl_gse173098|mikl_gse173098|neurite_soma_mpra|GFP 3UTR MPRA|CAD|mikl:Unc5c:300.0:5a181b79b6aa92c7,mikl_gse173098|mikl_gse173098|neurite_soma_mpra|GFP 3UTR MPRA|Neuro-2a|mikl:Unc5c:300.0:5a181b79b6aa92c7,4,False
915f51673d238b24,1,mikl_gse173098|mikl_gse173098|neurite_soma_mpra|GFP 3UTR MPRA|CAD|mikl:Unc5c:950.0:60377d3f2e7aec26,mikl_gse173098|mikl_gse173098|neurite_soma_mpra|GFP 3UTR MPRA|Neuro-2a|mikl:Unc5c:950.0:60377d3f2e7aec26,2,True
915f51673d238b24,1,mikl_gse173098|mikl_gse173098|neurite_soma_mpra|GFP 3UTR MPRA|CAD|mikl:Unc5c:2300.0:c8fa8482d026df28,mikl_gse173098|mikl_gse173098|neurite_soma_mpra|GFP 3UTR MPRA|Neuro-2a|mikl:Unc5c:2300.0:c8fa8482d026df28,2,True
915f51673d238b24,1,mikl_gse173098|mikl_gse173098|neurite_soma_mpra|GFP 3UTR MPRA|CAD|mikl:Unc5c:3100.0:e990170eb343efff,mikl_gse173098|mikl_gse173098|neurite_soma_mpra|GFP 3UTR MPRA|Neuro-2a|mikl:Unc5c:3100.0:e990170eb343efff,3,True
915f51673d238b24,1,mikl_gse173098|mikl_gse173098|neurite_soma_mpra|GFP 3UTR MPRA|CAD|mikl:Unc5c:5850.0:1dfadcc515d6d203,mikl_gse173098|mikl_gse173098|neurite_soma_mpra|GFP 3UTR MPRA|Neuro-2a|mikl:Unc5c:5850.0:1dfadcc515d6d203,2,True
915f51673d238b24,1,mikl_gse173098|mikl_gse173098|neurite_soma_mpra|GFP 3UTR MPRA|CAD|mikl:Unc5c:5500.0:7904c007bd5a0a60,mikl_gse173098|mikl_gse173098|neurite_soma_mpra|GFP 3UTR MPRA|Neuro-2a|mikl:Unc5c:5500.0:7904c007bd5a0a60,3,False
915f51673d238b24,1,mikl_gse173098|mikl_gse173098|neurite_soma_mpra|GFP 3UTR MPRA|CAD|mikl:Unc5c:3150.0:67b39b69e7211b7d,mikl_gse173098|mikl_gse173098|neurite_soma_mpra|GFP 3UTR MPRA|Neuro-2a|mikl:Unc5c:3150.0:67b39b69e7211b7d,2,True
915f51673d238b24,1,mikl_gse173098|mikl_gse173098|neurite_soma_mpra|GFP 3UTR MPRA|CAD|mikl:Unc5c:600.0:738f6120acc129ad,mikl_gse173098|mikl_gse173098|neurite_soma_mpra|GFP 3UTR MPRA|Neuro-2a|mikl:Unc5c:600.0:738f6120acc129ad,5,False
915f51673d238b24,1,mikl_gse173098|mikl_gse173098|neurite_soma_mpra|GFP 3UTR MPRA|CAD|mikl:Unc5c:3550.0:3a0f3a2daf4488ec,mikl_gse173098|mikl_gse173098|neurite_soma_mpra|GFP 3UTR MPRA|Neuro-2a|mikl:Unc5c:3550.0:3a0f3a2daf4488ec,2,True
915f51673d238b24,1,mikl_gse173098|mikl_gse173098|neurite_soma_mpra|GFP 3UTR MPRA|CAD|mikl:Unc5c:6150.0:1dab68ad274ff91d,mikl_gse173098|mikl_gse173098|neurite_soma_mpra|GFP 3UTR MPRA|Neuro-2a|mikl:Unc5c:6150.0:1dab68ad274ff91d,2,True
915f51673d238b24,1,mikl_gse173098|mikl_gse173098|neurite_soma_mpra|GFP 3UTR MPRA|CAD|mikl:Unc5c:1450.0:379ecebe628ff8be,mikl_gse173098|mikl_gse173098|neurite_soma_mpra|GFP 3UTR MPRA|Neuro-2a|mikl:Unc5c:1450.0:379ecebe628ff8be,3,False
915f51673d238b24,1,mikl_gse173098|mikl_gse173098|neurite_soma_mpra|GFP 3UTR MPRA|CAD|mikl:Unc5c:700.0:4f4f344d8600cea7,mikl_gse173098|mikl_gse173098|neurite_soma_mpra|GFP 3UTR MPRA|Neuro-2a|mikl:Unc5c:700.0:4f4f344d8600cea7,8,False
915f51673d238b24,1,mikl_gse173098|mikl_gse173098|neurite_soma_mpra|GFP 3UTR MPRA|CAD|mikl:Unc5c:250.0:bc6975518f4a308b,mikl_gse173098|mikl_gse173098|neurite_soma_mpra|GFP 3UTR MPRA|Neuro-2a|mikl:Unc5c:250.0:bc6975518f4a308b,4,False
915f51673d238b24,1,mikl_gse173098|mikl_gse173098|neurite_soma_mpra|GFP 3UTR MPRA|CAD|mikl:Unc5c:4000.0:6d26d59c6105c836,mikl_gse173098|mikl_gse173098|neurite_soma_mpra|GFP 3UTR MPRA|Neuro-2a|mikl:Unc5c:4000.0:6d26d59c6105c836,2,False
915f51673d238b24,1,mikl_gse173098|mikl_gse173098|neurite_soma_mpra|GFP 3UTR MPRA|CAD|mikl:Unc5c:250.0:58c59c99ff3d6115,mikl_gse173098|mikl_gse173098|neurite_soma_mpra|GFP 3UTR MPRA|Neuro-2a|mikl:Unc5c:250.0:58c59c99ff3d6115,4,False
915f51673d238b24,1,mikl_gse173098|mikl_gse173098|neurite_soma_mpra|GFP 3UTR MPRA|CAD|mikl:Unc5c:5000.0:39039df7a94441f0,mikl_gse173098|mikl_gse173098|neurite_soma_mpra|GFP 3UTR MPRA|Neuro-2a|mikl:Unc5c:5000.0:39039df7a94441f0,2,False
915f51673d238b24,1,mikl_gse173098|mikl_gse173098|neurite_soma_mpra|GFP 3UTR MPRA|CAD|mikl:Unc5c:6000.0:8dcd148e7bae0ae6,mikl_gse173098|mikl_gse173098|neurite_soma_mpra|GFP 3UTR MPRA|Neuro-2a|mikl:Unc5c:6000.0:8dcd148e7bae0ae6,5,False
915f51673d238b24,1,mikl_gse173098|mikl_gse173098|neurite_soma_mpra|GFP 3UTR MPRA|CAD|mikl:Unc5c:1000.0:e16ab354b22ed438,mikl_gse173098|mikl_gse173098|neurite_soma_mpra|GFP 3UTR MPRA|Neuro-2a|mikl:Unc5c:1000.0:e16ab354b22ed438,2,False
915f51673d238b24,1,mikl_gse173098|mikl_gse173098|neurite_soma_mpra|GFP 3UTR MPRA|CAD|mikl:Unc5c:2600.0:025f30c8e14a5f05,mikl_gse173098|mikl_gse173098|neurite_soma_mpra|GFP 3UTR MPRA|Neuro-2a|mikl:Unc5c:2600.0:025f30c8e14a5f05,4,False
915f51673d238b24,1,mikl_gse173098|mikl_gse173098|neurite_soma_mpra|GFP 3UTR MPRA|CAD|mikl:Unc5c:2950.0:4140236e9c9d050f,mikl_gse173098|mikl_gse173098|neurite_soma_mpra|GFP 3UTR MPRA|Neuro-2a|mikl:Unc5c:2950.0:4140236e9c9d050f,2,True
915f51673d238b24,1,mikl_gse173098|mikl_gse173098|neurite_soma_mpra|GFP 3UTR MPRA|CAD|mikl:Unc5c:5100.0:9c3c063cd3412e16,mikl_gse173098|mikl_gse173098|neurite_soma_mpra|GFP 3UTR MPRA|Neuro-2a|mikl:Unc5c:5100.0:9c3c063cd3412e16,3,False
915f51673d238b24,1,mikl_gse173098|mikl_gse173098|neurite_soma_mpra|GFP 3UTR MPRA|CAD|mikl:Unc5c:550.0:f9ef96ecb4a7b798,mikl_gse173098|mikl_gse173098|neurite_soma_mpra|GFP 3UTR MPRA|Neuro-2a|mikl:Unc5c:550.0:f9ef96ecb4a7b798,2,False
915f51673d238b24,1,mikl_gse173098|mikl_gse173098|neurite_soma_mpra|GFP 3UTR MPRA|CAD|mikl:Unc5c:5550.0:f16a9ce53e761237,mikl_gse173098|mikl_gse173098|neurite_soma_mpra|GFP 3UTR MPRA|Neuro-2a|mikl:Unc5c:5550.0:f16a9ce53e761237,2,True
915f51673d238b24,1,mikl_gse173098|mikl_gse173098|neurite_soma_mpra|GFP 3UTR MPRA|CAD|mikl:Unc5c:5700.0:bfd0ed84834ff110,mikl_gse173098|mikl_gse173098|neurite_soma_mpra|GFP 3UTR MPRA|Neuro-2a|mikl:Unc5c:5700.0:bfd0ed84834ff110,2,False
915f51673d238b24,1,mikl_gse173098|mikl_gse173098|neurite_soma_mpra|GFP 3UTR MPRA|CAD|mikl:Unc5c:2800.0:a69c3c0994676e14,mikl_gse173098|mikl_gse173098|neurite_soma_mpra|GFP 3UTR MPRA|Neuro-2a|mikl:Unc5c:2800.0:a69c3c0994676e14,3,True
915f51673d238b24,1,mikl_gse173098|mikl_gse173098|neurite_soma_mpra|GFP 3UTR MPRA|CAD|mikl:Unc5c:3050.0:44b23e232cb199e0,mikl_gse173098|mikl_gse173098|neurite_soma_mpra|GFP 3UTR MPRA|Neuro-2a|mikl:Unc5c:3050.0:44b23e232cb199e0,4,False
915f51673d238b24,1,mikl_gse173098|mikl_gse173098|neurite_soma_mpra|GFP 3UTR MPRA|CAD|mikl:Unc5c:5400.0:845d24bfed68f47f,mikl_gse173098|mikl_gse173098|neurite_soma_mpra|GFP 3UTR MPRA|Neuro-2a|mikl:Unc5c:5400.0:845d24bfed68f47f,2,True
915f51673d238b24,1,mikl_gse173098|mikl_gse173098|neurite_soma_mpra|GFP 3UTR MPRA|CAD|mikl:Unc5c:1600.0:29f4cdf3d72f35fc,mikl_gse173098|mikl_gse173098|neurite_soma_mpra|GFP 3UTR MPRA|Neuro-2a|mikl:Unc5c:1600.0:29f4cdf3d72f35fc,5,False
915f51673d238b24,1,mikl_gse173098|mikl_gse173098|neurite_soma_mpra|GFP 3UTR MPRA|CAD|mikl:Unc5c:2650.0:d127977e0700db30,mikl_gse173098|mikl_gse173098|neurite_soma_mpra|GFP 3UTR MPRA|Neuro-2a|mikl:Unc5c:2650.0:d127977e0700db30,7,False
915f51673d238b24,1,mikl_gse173098|mikl_gse173098|neurite_soma_mpra|GFP 3UTR MPRA|CAD|mikl:Unc5c:3950.0:26713500fe623895,mikl_gse173098|mikl_gse173098|neurite_soma_mpra|GFP 3UTR MPRA|Neuro-2a|mikl:Unc5c:3950.0:26713500fe623895,3,False
915f51673d238b24,1,mikl_gse173098|mikl_gse173098|neurite_soma_mpra|GFP 3UTR MPRA|CAD|mikl:Unc5c:2350.0:ce2d03f3b5eb58c2,mikl_gse173098|mikl_gse173098|neurite_soma_mpra|GFP 3UTR MPRA|Neuro-2a|mikl:Unc5c:2350.0:ce2d03f3b5eb58c2,3,False
915f51673d238b24,1,mikl_gse173098|mikl_gse173098|neurite_soma_mpra|GFP 3UTR MPRA|CAD|mikl:Unc5c:5950.0:9a1e571193a1e325,mikl_gse173098|mikl_gse173098|neurite_soma_mpra|GFP 3UTR MPRA|Neuro-2a|mikl:Unc5c:5950.0:9a1e571193a1e325,4,False
915f51673d238b24,1,mikl_gse173098|mikl_gse173098|neurite_soma_mpra|GFP 3UTR MPRA|CAD|mikl:Unc5c:2750.0:d0892043981a6116,mikl_gse173098|mikl_gse173098|neurite_soma_mpra|GFP 3UTR MPRA|Neuro-2a|mikl:Unc5c:2750.0:d0892043981a6116,7,False
915f51673d238b24,1,mikl_gse173098|mikl_gse173098|neurite_soma_mpra|GFP 3UTR MPRA|CAD|mikl:Unc5c:3350.0:edaf464c1dd79d41,mikl_gse173098|mikl_gse173098|neurite_soma_mpra|GFP 3UTR MPRA|Neuro-2a|mikl:Unc5c:3350.0:edaf464c1dd79d41,3,False
915f51673d238b24,1,mikl_gse173098|mikl_gse173098|neurite_soma_mpra|GFP 3UTR MPRA|CAD|mikl:Unc5c:6050.0:38184ee4338b3d46,mikl_gse173098|mikl_gse173098|neurite_soma_mpra|GFP 3UTR MPRA|Neuro-2a|mikl:Unc5c:6050.0:38184ee4338b3d46,2,False
915f51673d238b24,1,mikl_gse173098|mikl_gse173098|neurite_soma_mpra|GFP 3UTR MPRA|CAD|mikl:Unc5c:4150.0:613a99e400ffdd43,mikl_gse173098|mikl_gse173098|neurite_soma_mpra|GFP 3UTR MPRA|Neuro-2a|mikl:Unc5c:4150.0:613a99e400ffdd43,3,False
915f51673d238b24,1,mikl_gse173098|mikl_gse173098|neurite_soma_mpra|GFP 3UTR MPRA|CAD|mikl:Unc5c:200.0:1791e9593206e37c,mikl_gse173098|mikl_gse173098|neurite_soma_mpra|GFP 3UTR MPRA|Neuro-2a|mikl:Unc5c:200.0:1791e9593206e37c,3,False
915f51673d238b24,1,mikl_gse173098|mikl_gse173098|neurite_soma_mpra|GFP 3UTR MPRA|CAD|mikl:Unc5c:5450.0:f230dff70d577461,mikl_gse173098|mikl_gse173098|neurite_soma_mpra|GFP 3UTR MPRA|Neuro-2a|mikl:Unc5c:5450.0:f230dff70d577461,3,True
915f51673d238b24,1,mikl_gse173098|mikl_gse173098|neurite_soma_mpra|GFP 3UTR MPRA|CAD|mikl:Unc5c:5750.0:f15e3b69c8f82dc4,mikl_gse173098|mikl_gse173098|neurite_soma_mpra|GFP 3UTR MPRA|Neuro-2a|mikl:Unc5c:5750.0:f15e3b69c8f82dc4,5,False
915f51673d238b24,1,mikl_gse173098|mikl_gse173098|neurite_soma_mpra|GFP 3UTR MPRA|CAD|mikl:Unc5c:3300.0:51c30167094c09b7,mikl_gse173098|mikl_gse173098|neurite_soma_mpra|GFP 3UTR MPRA|Neuro-2a|mikl:Unc5c:3300.0:51c30167094c09b7,2,True
915f51673d238b24,1,mikl_gse173098|mikl_gse173098|neurite_soma_mpra|GFP 3UTR MPRA|CAD|mikl:Unc5c:1700.0:3577436b99e1ed72,mikl_gse173098|mikl_gse173098|neurite_soma_mpra|GFP 3UTR MPRA|Neuro-2a|mikl:Unc5c:1700.0:3577436b99e1ed72,3,True
915f51673d238b24,1,mikl_gse173098|mikl_gse173098|neurite_soma_mpra|GFP 3UTR MPRA|CAD|mikl:Unc5c:4400.0:0ef7be52a9a713ee,mikl_gse173098|mikl_gse173098|neurite_soma_mpra|GFP 3UTR MPRA|Neuro-2a|mikl:Unc5c:4400.0:0ef7be52a9a713ee,2,False
915f51673d238b24,1,mikl_gse173098|mikl_gse173098|neurite_soma_mpra|GFP 3UTR MPRA|CAD|mikl:Unc5c:5800.0:872164c12c033030,mikl_gse173098|mikl_gse173098|neurite_soma_mpra|GFP 3UTR MPRA|Neuro-2a|mikl:Unc5c:5800.0:872164c12c033030,2,True
915f51673d238b24,1,mikl_gse173098|mikl_gse173098|neurite_soma_mpra|GFP 3UTR MPRA|CAD|mikl:Unc5c:300.0:00847529bac3b71f,mikl_gse173098|mikl_gse173098|neurite_soma_mpra|GFP 3UTR MPRA|Neuro-2a|mikl:Unc5c:300.0:00847529bac3b71f,6,False
915f51673d238b24,1,mikl_gse173098|mikl_gse173098|neurite_soma_mpra|GFP 3UTR MPRA|CAD|mikl:Unc5c:3500.0:5335292ee9e7ec80,mikl_gse173098|mikl_gse173098|neurite_soma_mpra|GFP 3UTR MPRA|Neuro-2a|mikl:Unc5c:3500.0:5335292ee9e7ec80,2,True
915f51673d238b24,1,mikl_gse173098|mikl_gse173098|neurite_soma_mpra|GFP 3UTR MPRA|CAD|mikl:Unc5c:4050.0:342571e747bbd146,mikl_gse173098|mikl_gse173098|neurite_soma_mpra|GFP 3UTR MPRA|Neuro-2a|mikl:Unc5c:4050.0:342571e747bbd146,3,False
915f51673d238b24,1,mikl_gse173098|mikl_gse173098|neurite_soma_mpra|GFP 3UTR MPRA|CAD|mikl:Unc5c:4750.0:00ee187f66b8fe41,mikl_gse173098|mikl_gse173098|neurite_soma_mpra|GFP 3UTR MPRA|Neuro-2a|mikl:Unc5c:4750.0:00ee187f66b8fe41,2,False
915f51673d238b24,1,mikl_gse173098|mikl_gse173098|neurite_soma_mpra|GFP 3UTR MPRA|CAD|mikl:Unc5c:2000.0:13c5158d0ca864fb,mikl_gse173098|mikl_gse173098|neurite_soma_mpra|GFP 3UTR MPRA|Neuro-2a|mikl:Unc5c:2000.0:13c5158d0ca864fb,4,False
915f51673d238b24,1,mikl_gse173098|mikl_gse173098|neurite_soma_mpra|GFP 3UTR MPRA|CAD|mikl:Unc5c:200.0:817b1fb1ac06eda5,mikl_gse173098|mikl_gse173098|neurite_soma_mpra|GFP 3UTR MPRA|Neuro-2a|mikl:Unc5c:200.0:817b1fb1ac06eda5,4,False
9226af57fe7ef2d5,0,mikl_gse173098|mikl_gse173098|neurite_soma_mpra|GFP 3UTR MPRA|CAD|mikl:Ftl1:300.0:b972f176f0cc73ee,mikl_gse173098|mikl_gse173098|neurite_soma_mpra|GFP 3UTR MPRA|Neuro-2a|mikl:Ftl1:300.0:b972f176f0cc73ee,2,False
9226af57fe7ef2d5,0,mikl_gse173098|mikl_gse173098|neurite_soma_mpra|GFP 3UTR MPRA|CAD|mikl:Ftl1:100.0:032bfc359baed679,mikl_gse173098|mikl_gse173098|neurite_soma_mpra|GFP 3UTR MPRA|Neuro-2a|mikl:Ftl1:100.0:032bfc359baed679,2,True
95c93debcdc1a634,2,mikl_gse173098|mikl_gse173098|neurite_soma_mpra|GFP 3UTR MPRA|CAD|mikl:Tirap:1000.0:e8411b95c6c7f29a,mikl_gse173098|mikl_gse173098|neurite_soma_mpra|GFP 3UTR MPRA|Neuro-2a|mikl:Tirap:1000.0:e8411b95c6c7f29a,3,False
95c93debcdc1a634,2,mikl_gse173098|mikl_gse173098|neurite_soma_mpra|GFP 3UTR MPRA|CAD|mikl:Tirap:950.0:ba78394fdac5f1f9,mikl_gse173098|mikl_gse173098|neurite_soma_mpra|GFP 3UTR MPRA|Neuro-2a|mikl:Tirap:950.0:ba78394fdac5f1f9,2,True
962b95315e071fe3,0,mikl_gse173098|mikl_gse173098|neurite_soma_mpra|GFP 3UTR MPRA|CAD|mikl:Tfap2b:4000.0:a7490aaaa29b61b0,mikl_gse173098|mikl_gse173098|neurite_soma_mpra|GFP 3UTR MPRA|Neuro-2a|mikl:Tfap2b:4000.0:a7490aaaa29b61b0,2,True
962b95315e071fe3,0,mikl_gse173098|mikl_gse173098|neurite_soma_mpra|GFP 3UTR MPRA|CAD|mikl:Tfap2b:2450.0:a2f1315affbbb294,mikl_gse173098|mikl_gse173098|neurite_soma_mpra|GFP 3UTR MPRA|Neuro-2a|mikl:Tfap2b:2450.0:a2f1315affbbb294,2,True
962b95315e071fe3,0,mikl_gse173098|mikl_gse173098|neurite_soma_mpra|GFP 3UTR MPRA|CAD|mikl:Tfap2b:2400.0:6da86cedb22e15bb,mikl_gse173098|mikl_gse173098|neurite_soma_mpra|GFP 3UTR MPRA|Neuro-2a|mikl:Tfap2b:2400.0:6da86cedb22e15bb,2,True
962b95315e071fe3,0,mikl_gse173098|mikl_gse173098|neurite_soma_mpra|GFP 3UTR MPRA|CAD|mikl:Tfap2b:650.0:f4dda7db6d58f19d,mikl_gse173098|mikl_gse173098|neurite_soma_mpra|GFP 3UTR MPRA|Neuro-2a|mikl:Tfap2b:650.0:f4dda7db6d58f19d,2,True
962b95315e071fe3,0,mikl_gse173098|mikl_gse173098|neurite_soma_mpra|GFP 3UTR MPRA|CAD|mikl:Tfap2b:3950.0:39ef3cbe252432b4,mikl_gse173098|mikl_gse173098|neurite_soma_mpra|GFP 3UTR MPRA|Neuro-2a|mikl:Tfap2b:3950.0:39ef3cbe252432b4,2,True
962b95315e071fe3,0,mikl_gse173098|mikl_gse173098|neurite_soma_mpra|GFP 3UTR MPRA|CAD|mikl:Tfap2b:600.0:181c65a00cf4db6f,mikl_gse173098|mikl_gse173098|neurite_soma_mpra|GFP 3UTR MPRA|Neuro-2a|mikl:Tfap2b:600.0:181c65a00cf4db6f,2,True
962b95315e071fe3,0,mikl_gse173098|mikl_gse173098|neurite_soma_mpra|GFP 3UTR MPRA|CAD|mikl:Tfap2b:2500.0:d633b17c4a937c89,mikl_gse173098|mikl_gse173098|neurite_soma_mpra|GFP 3UTR MPRA|Neuro-2a|mikl:Tfap2b:2500.0:d633b17c4a937c89,2,True
9844d64e19958ff3,0,mikl_gse173098|mikl_gse173098|neurite_soma_mpra|GFP 3UTR MPRA|CAD|mikl:Dcdc2a:3300.0:f49e4742144fdce8,mikl_gse173098|mikl_gse173098|neurite_soma_mpra|GFP 3UTR MPRA|Neuro-2a|mikl:Dcdc2a:3300.0:f49e4742144fdce8,2,False
9844d64e19958ff3,0,mikl_gse173098|mikl_gse173098|neurite_soma_mpra|GFP 3UTR MPRA|CAD|mikl:Dcdc2a:4000.0:fb30c892bcf9c874,mikl_gse173098|mikl_gse173098|neurite_soma_mpra|GFP 3UTR MPRA|Neuro-2a|mikl:Dcdc2a:4000.0:fb30c892bcf9c874,4,False
9844d64e19958ff3,0,mikl_gse173098|mikl_gse173098|neurite_soma_mpra|GFP 3UTR MPRA|CAD|mikl:Dcdc2a:4100.0:c978139ec9a305e3,mikl_gse173098|mikl_gse173098|neurite_soma_mpra|GFP 3UTR MPRA|Neuro-2a|mikl:Dcdc2a:4100.0:c978139ec9a305e3,4,False
9844d64e19958ff3,0,mikl_gse173098|mikl_gse173098|neurite_soma_mpra|GFP 3UTR MPRA|CAD|mikl:Dcdc2a:1850.0:58763cd499a05507,mikl_gse173098|mikl_gse173098|neurite_soma_mpra|GFP 3UTR MPRA|Neuro-2a|mikl:Dcdc2a:1850.0:58763cd499a05507,2,False
9844d64e19958ff3,0,mikl_gse173098|mikl_gse173098|neurite_soma_mpra|GFP 3UTR MPRA|CAD|mikl:Dcdc2a:1550.0:b0e7e2de1014cbe4,mikl_gse173098|mikl_gse173098|neurite_soma_mpra|GFP 3UTR MPRA|Neuro-2a|mikl:Dcdc2a:1550.0:b0e7e2de1014cbe4,2,True
9844d64e19958ff3,0,mikl_gse173098|mikl_gse173098|neurite_soma_mpra|GFP 3UTR MPRA|CAD|mikl:Dcdc2a:3600.0:0db7a1cfac22978f,mikl_gse173098|mikl_gse173098|neurite_soma_mpra|GFP 3UTR MPRA|Neuro-2a|mikl:Dcdc2a:3600.0:0db7a1cfac22978f,2,True
9844d64e19958ff3,0,mikl_gse173098|mikl_gse173098|neurite_soma_mpra|GFP 3UTR MPRA|CAD|mikl:Dcdc2a:350.0:5697d0179febdf7a,mikl_gse173098|mikl_gse173098|neurite_soma_mpra|GFP 3UTR MPRA|Neuro-2a|mikl:Dcdc2a:350.0:5697d0179febdf7a,2,True
9844d64e19958ff3,0,mikl_gse173098|mikl_gse173098|neurite_soma_mpra|GFP 3UTR MPRA|CAD|mikl:Dcdc2a:3650.0:5b227504af3c1bd4,mikl_gse173098|mikl_gse173098|neurite_soma_mpra|GFP 3UTR MPRA|Neuro-2a|mikl:Dcdc2a:3650.0:5b227504af3c1bd4,2,True
9844d64e19958ff3,0,mikl_gse173098|mikl_gse173098|neurite_soma_mpra|GFP 3UTR MPRA|CAD|mikl:Dcdc2a:3550.0:f050473e0af239c1,mikl_gse173098|mikl_gse173098|neurite_soma_mpra|GFP 3UTR MPRA|Neuro-2a|mikl:Dcdc2a:3550.0:f050473e0af239c1,2,False
9844d64e19958ff3,0,mikl_gse173098|mikl_gse173098|neurite_soma_mpra|GFP 3UTR MPRA|CAD|mikl:Dcdc2a:1900.0:3f2ea886d4f12fde,mikl_gse173098|mikl_gse173098|neurite_soma_mpra|GFP 3UTR MPRA|Neuro-2a|mikl:Dcdc2a:1900.0:3f2ea886d4f12fde,2,False
9844d64e19958ff3,0,mikl_gse173098|mikl_gse173098|neurite_soma_mpra|GFP 3UTR MPRA|CAD|mikl:Dcdc2a:4050.0:574ceb0906ea7519,mikl_gse173098|mikl_gse173098|neurite_soma_mpra|GFP 3UTR MPRA|Neuro-2a|mikl:Dcdc2a:4050.0:574ceb0906ea7519,4,False
98870faabce27eb6,2,mikl_gse173098|mikl_gse173098|neurite_soma_mpra|GFP 3UTR MPRA|CAD|mikl:Ebf1:900.0:19a347cd42e54091,mikl_gse173098|mikl_gse173098|neurite_soma_mpra|GFP 3UTR MPRA|Neuro-2a|mikl:Ebf1:900.0:19a347cd42e54091,2,False
98870faabce27eb6,2,mikl_gse173098|mikl_gse173098|neurite_soma_mpra|GFP 3UTR MPRA|CAD|mikl:Ebf1:800.0:9d80aa51742e3493,mikl_gse173098|mikl_gse173098|neurite_soma_mpra|GFP 3UTR MPRA|Neuro-2a|mikl:Ebf1:800.0:9d80aa51742e3493,2,False
98870faabce27eb6,2,mikl_gse173098|mikl_gse173098|neurite_soma_mpra|GFP 3UTR MPRA|CAD|mikl:Ebf1:300.0:71377d1bf42b7926,mikl_gse173098|mikl_gse173098|neurite_soma_mpra|GFP 3UTR MPRA|Neuro-2a|mikl:Ebf1:300.0:71377d1bf42b7926,2,True
98870faabce27eb6,2,mikl_gse173098|mikl_gse173098|neurite_soma_mpra|GFP 3UTR MPRA|CAD|mikl:Ebf1:2400.0:db633ecd5268f690,mikl_gse173098|mikl_gse173098|neurite_soma_mpra|GFP 3UTR MPRA|Neuro-2a|mikl:Ebf1:2400.0:db633ecd5268f690,4,False
98870faabce27eb6,2,mikl_gse173098|mikl_gse173098|neurite_soma_mpra|GFP 3UTR MPRA|CAD|mikl:Ebf1:850.0:8ffba097265fd999,mikl_gse173098|mikl_gse173098|neurite_soma_mpra|GFP 3UTR MPRA|Neuro-2a|mikl:Ebf1:850.0:8ffba097265fd999,2,True
98870faabce27eb6,2,mikl_gse173098|mikl_gse173098|neurite_soma_mpra|GFP 3UTR MPRA|CAD|mikl:Ebf1:2350.0:07dc7f1c116c5a3f,mikl_gse173098|mikl_gse173098|neurite_soma_mpra|GFP 3UTR MPRA|Neuro-2a|mikl:Ebf1:2350.0:07dc7f1c116c5a3f,2,False
993ba4fb4990a96c,2,mikl_gse173098|mikl_gse173098|neurite_soma_mpra|GFP 3UTR MPRA|CAD|mikl:Snap91:500.0:65842c8d0a4ded91,mikl_gse173098|mikl_gse173098|neurite_soma_mpra|GFP 3UTR MPRA|Neuro-2a|mikl:Snap91:500.0:65842c8d0a4ded91,9,False
993ba4fb4990a96c,2,mikl_gse173098|mikl_gse173098|neurite_soma_mpra|GFP 3UTR MPRA|CAD|mikl:Snap91:0.0:c0d4330a0ff87c2e,mikl_gse173098|mikl_gse173098|neurite_soma_mpra|GFP 3UTR MPRA|Neuro-2a|mikl:Snap91:0.0:c0d4330a0ff87c2e,3,False
993ba4fb4990a96c,2,mikl_gse173098|mikl_gse173098|neurite_soma_mpra|GFP 3UTR MPRA|CAD|mikl:Snap91:850.0:ee56c5d34d91b6bb,mikl_gse173098|mikl_gse173098|neurite_soma_mpra|GFP 3UTR MPRA|Neuro-2a|mikl:Snap91:850.0:ee56c5d34d91b6bb,4,False
993ba4fb4990a96c,2,mikl_gse173098|mikl_gse173098|neurite_soma_mpra|GFP 3UTR MPRA|CAD|mikl:Snap91:650.0:ec6f2477594ce289,mikl_gse173098|mikl_gse173098|neurite_soma_mpra|GFP 3UTR MPRA|Neuro-2a|mikl:Snap91:650.0:ec6f2477594ce289,2,False
993ba4fb4990a96c,2,mikl_gse173098|mikl_gse173098|neurite_soma_mpra|GFP 3UTR MPRA|CAD|mikl:Snap91:900.0:2f5b60e0f2936abd,mikl_gse173098|mikl_gse173098|neurite_soma_mpra|GFP 3UTR MPRA|Neuro-2a|mikl:Snap91:900.0:2f5b60e0f2936abd,5,True
993ba4fb4990a96c,2,mikl_gse173098|mikl_gse173098|neurite_soma_mpra|GFP 3UTR MPRA|CAD|mikl:Snap91:250.0:94bb371a0bbfba9f,mikl_gse173098|mikl_gse173098|neurite_soma_mpra|GFP 3UTR MPRA|Neuro-2a|mikl:Snap91:250.0:94bb371a0bbfba9f,2,False
993ba4fb4990a96c,2,mikl_gse173098|mikl_gse173098|neurite_soma_mpra|GFP 3UTR MPRA|CAD|mikl:Snap91:300.0:8d133826e4df5d6d,mikl_gse173098|mikl_gse173098|neurite_soma_mpra|GFP 3UTR MPRA|Neuro-2a|mikl:Snap91:300.0:8d133826e4df5d6d,4,False
993ba4fb4990a96c,2,mikl_gse173098|mikl_gse173098|neurite_soma_mpra|GFP 3UTR MPRA|CAD|mikl:Snap91:450.0:05d4006188a47a94,mikl_gse173098|mikl_gse173098|neurite_soma_mpra|GFP 3UTR MPRA|Neuro-2a|mikl:Snap91:450.0:05d4006188a47a94,5,False
993ba4fb4990a96c,2,mikl_gse173098|mikl_gse173098|neurite_soma_mpra|GFP 3UTR MPRA|CAD|mikl:Snap91:400.0:4696e5967b825eb6,mikl_gse173098|mikl_gse173098|neurite_soma_mpra|GFP 3UTR MPRA|Neuro-2a|mikl:Snap91:400.0:4696e5967b825eb6,6,False
993ba4fb4990a96c,2,mikl_gse173098|mikl_gse173098|neurite_soma_mpra|GFP 3UTR MPRA|CAD|mikl:Snap91:1100.0:93919ba64c4c4d1b,mikl_gse173098|mikl_gse173098|neurite_soma_mpra|GFP 3UTR MPRA|Neuro-2a|mikl:Snap91:1100.0:93919ba64c4c4d1b,4,False
993ba4fb4990a96c,2,mikl_gse173098|mikl_gse173098|neurite_soma_mpra|GFP 3UTR MPRA|CAD|mikl:Snap91:1150.0:77c913a39f34e61f,mikl_gse173098|mikl_gse173098|neurite_soma_mpra|GFP 3UTR MPRA|Neuro-2a|mikl:Snap91:1150.0:77c913a39f34e61f,4,False
993ba4fb4990a96c,2,mikl_gse173098|mikl_gse173098|neurite_soma_mpra|GFP 3UTR MPRA|CAD|mikl:Snap91:550.0:0caa3390326a8f17,mikl_gse173098|mikl_gse173098|neurite_soma_mpra|GFP 3UTR MPRA|Neuro-2a|mikl:Snap91:550.0:0caa3390326a8f17,8,False
993ba4fb4990a96c,2,mikl_gse173098|mikl_gse173098|neurite_soma_mpra|GFP 3UTR MPRA|CAD|mikl:Snap91:100.0:71020f5e221cfa9a,mikl_gse173098|mikl_gse173098|neurite_soma_mpra|GFP 3UTR MPRA|Neuro-2a|mikl:Snap91:100.0:71020f5e221cfa9a,2,False
993ba4fb4990a96c,2,mikl_gse173098|mikl_gse173098|neurite_soma_mpra|GFP 3UTR MPRA|CAD|mikl:Snap91:1050.0:c2d1d15c98651989,mikl_gse173098|mikl_gse173098|neurite_soma_mpra|GFP 3UTR MPRA|Neuro-2a|mikl:Snap91:1050.0:c2d1d15c98651989,2,False
993ba4fb4990a96c,2,mikl_gse173098|mikl_gse173098|neurite_soma_mpra|GFP 3UTR MPRA|CAD|mikl:Snap91:1200.0:ceac6b37ad7837a0,mikl_gse173098|mikl_gse173098|neurite_soma_mpra|GFP 3UTR MPRA|Neuro-2a|mikl:Snap91:1200.0:ceac6b37ad7837a0,4,False
993ba4fb4990a96c,2,mikl_gse173098|mikl_gse173098|neurite_soma_mpra|GFP 3UTR MPRA|CAD|mikl:Snap91:350.0:254b5935bb562db9,mikl_gse173098|mikl_gse173098|neurite_soma_mpra|GFP 3UTR MPRA|Neuro-2a|mikl:Snap91:350.0:254b5935bb562db9,5,False
993ba4fb4990a96c,2,mikl_gse173098|mikl_gse173098|neurite_soma_mpra|GFP 3UTR MPRA|CAD|mikl:Snap91:800.0:58e0e210c41cccc8,mikl_gse173098|mikl_gse173098|neurite_soma_mpra|GFP 3UTR MPRA|Neuro-2a|mikl:Snap91:800.0:58e0e210c41cccc8,5,False
993ba4fb4990a96c,2,mikl_gse173098|mikl_gse173098|neurite_soma_mpra|GFP 3UTR MPRA|CAD|mikl:Snap91:600.0:68065bc8b43bfa01,mikl_gse173098|mikl_gse173098|neurite_soma_mpra|GFP 3UTR MPRA|Neuro-2a|mikl:Snap91:600.0:68065bc8b43bfa01,6,False
993ba4fb4990a96c,2,mikl_gse173098|mikl_gse173098|neurite_soma_mpra|GFP 3UTR MPRA|CAD|mikl:Snap91:50.0:607be5d6ce1909bc,mikl_gse173098|mikl_gse173098|neurite_soma_mpra|GFP 3UTR MPRA|Neuro-2a|mikl:Snap91:50.0:607be5d6ce1909bc,2,False
99c7f525b9867a32,2,mikl_gse173098|mikl_gse173098|neurite_soma_mpra|GFP 3UTR MPRA|CAD|mikl:Tusc3:100.0:9d8726d695b282fd,mikl_gse173098|mikl_gse173098|neurite_soma_mpra|GFP 3UTR MPRA|Neuro-2a|mikl:Tusc3:100.0:9d8726d695b282fd,2,True
99c7f525b9867a32,2,mikl_gse173098|mikl_gse173098|neurite_soma_mpra|GFP 3UTR MPRA|CAD|mikl:Tusc3:0.0:0c3d051a5f02c7fc,mikl_gse173098|mikl_gse173098|neurite_soma_mpra|GFP 3UTR MPRA|Neuro-2a|mikl:Tusc3:0.0:0c3d051a5f02c7fc,2,False
99c7f525b9867a32,2,mikl_gse173098|mikl_gse173098|neurite_soma_mpra|GFP 3UTR MPRA|CAD|mikl:Tusc3:550.0:8285ce89287edae7,mikl_gse173098|mikl_gse173098|neurite_soma_mpra|GFP 3UTR MPRA|Neuro-2a|mikl:Tusc3:550.0:8285ce89287edae7,4,False
99c7f525b9867a32,2,mikl_gse173098|mikl_gse173098|neurite_soma_mpra|GFP 3UTR MPRA|CAD|mikl:Tusc3:500.0:dfd4bc4d0e73b47e,mikl_gse173098|mikl_gse173098|neurite_soma_mpra|GFP 3UTR MPRA|Neuro-2a|mikl:Tusc3:500.0:dfd4bc4d0e73b47e,2,True
99c7f525b9867a32,2,mikl_gse173098|mikl_gse173098|neurite_soma_mpra|GFP 3UTR MPRA|CAD|mikl:Tusc3:400.0:ab16418fe5c1f089,mikl_gse173098|mikl_gse173098|neurite_soma_mpra|GFP 3UTR MPRA|Neuro-2a|mikl:Tusc3:400.0:ab16418fe5c1f089,2,False
99c7f525b9867a32,2,mikl_gse173098|mikl_gse173098|neurite_soma_mpra|GFP 3UTR MPRA|CAD|mikl:Tusc3:200.0:53074da5c4902167,mikl_gse173098|mikl_gse173098|neurite_soma_mpra|GFP 3UTR MPRA|Neuro-2a|mikl:Tusc3:200.0:53074da5c4902167,2,True
99c7f525b9867a32,2,mikl_gse173098|mikl_gse173098|neurite_soma_mpra|GFP 3UTR MPRA|CAD|mikl:Tusc3:600.0:64801efa8be73174,mikl_gse173098|mikl_gse173098|neurite_soma_mpra|GFP 3UTR MPRA|Neuro-2a|mikl:Tusc3:600.0:64801efa8be73174,5,False
9a18a61a2a63e771,1,mikl_gse173098|mikl_gse173098|neurite_soma_mpra|GFP 3UTR MPRA|CAD|mikl:Dlg4:1900.0:b21993a02916fac2,mikl_gse173098|mikl_gse173098|neurite_soma_mpra|GFP 3UTR MPRA|Neuro-2a|mikl:Dlg4:1900.0:b21993a02916fac2,2,True
9a18a61a2a63e771,1,mikl_gse173098|mikl_gse173098|neurite_soma_mpra|GFP 3UTR MPRA|CAD|mikl:Dlg4:1400.0:ba2cf64faa9790d3,mikl_gse173098|mikl_gse173098|neurite_soma_mpra|GFP 3UTR MPRA|Neuro-2a|mikl:Dlg4:1400.0:ba2cf64faa9790d3,3,False
9a18a61a2a63e771,1,mikl_gse173098|mikl_gse173098|neurite_soma_mpra|GFP 3UTR MPRA|CAD|mikl:Dlg4:750.0:3754f05dd426687e,mikl_gse173098|mikl_gse173098|neurite_soma_mpra|GFP 3UTR MPRA|Neuro-2a|mikl:Dlg4:750.0:3754f05dd426687e,2,False
9a18a61a2a63e771,1,mikl_gse173098|mikl_gse173098|neurite_soma_mpra|GFP 3UTR MPRA|CAD|mikl:Dlg4:3100.0:346a9ea921249361,mikl_gse173098|mikl_gse173098|neurite_soma_mpra|GFP 3UTR MPRA|Neuro-2a|mikl:Dlg4:3100.0:346a9ea921249361,3,False
9a18a61a2a63e771,1,mikl_gse173098|mikl_gse173098|neurite_soma_mpra|GFP 3UTR MPRA|CAD|mikl:Dlg4:250.0:3f363c6170c7ad7e,mikl_gse173098|mikl_gse173098|neurite_soma_mpra|GFP 3UTR MPRA|Neuro-2a|mikl:Dlg4:250.0:3f363c6170c7ad7e,2,False
9a18a61a2a63e771,1,mikl_gse173098|mikl_gse173098|neurite_soma_mpra|GFP 3UTR MPRA|CAD|mikl:Dlg4:100.0:9efc8a9a97194918,mikl_gse173098|mikl_gse173098|neurite_soma_mpra|GFP 3UTR MPRA|Neuro-2a|mikl:Dlg4:100.0:9efc8a9a97194918,5,False
9a18a61a2a63e771,1,mikl_gse173098|mikl_gse173098|neurite_soma_mpra|GFP 3UTR MPRA|CAD|mikl:Dlg4:2650.0:c08adba50d6536ed,mikl_gse173098|mikl_gse173098|neurite_soma_mpra|GFP 3UTR MPRA|Neuro-2a|mikl:Dlg4:2650.0:c08adba50d6536ed,2,True
9a18a61a2a63e771,1,mikl_gse173098|mikl_gse173098|neurite_soma_mpra|GFP 3UTR MPRA|CAD|mikl:Dlg4:2050.0:8cadf7bb5148738a,mikl_gse173098|mikl_gse173098|neurite_soma_mpra|GFP 3UTR MPRA|Neuro-2a|mikl:Dlg4:2050.0:8cadf7bb5148738a,2,False
9a18a61a2a63e771,1,mikl_gse173098|mikl_gse173098|neurite_soma_mpra|GFP 3UTR MPRA|CAD|mikl:Dlg4:4350.0:20a9012b2571e000,mikl_gse173098|mikl_gse173098|neurite_soma_mpra|GFP 3UTR MPRA|Neuro-2a|mikl:Dlg4:4350.0:20a9012b2571e000,2,True
9a18a61a2a63e771,1,mikl_gse173098|mikl_gse173098|neurite_soma_mpra|GFP 3UTR MPRA|CAD|mikl:Dlg4:2150.0:5cfd3568475128cd,mikl_gse173098|mikl_gse173098|neurite_soma_mpra|GFP 3UTR MPRA|Neuro-2a|mikl:Dlg4:2150.0:5cfd3568475128cd,2,True
9a18a61a2a63e771,1,mikl_gse173098|mikl_gse173098|neurite_soma_mpra|GFP 3UTR MPRA|CAD|mikl:Dlg4:3600.0:50988bad26b18321,mikl_gse173098|mikl_gse173098|neurite_soma_mpra|GFP 3UTR MPRA|Neuro-2a|mikl:Dlg4:3600.0:50988bad26b18321,4,False
9a18a61a2a63e771,1,mikl_gse173098|mikl_gse173098|neurite_soma_mpra|GFP 3UTR MPRA|CAD|mikl:Dlg4:1050.0:497680a81955e0e3,mikl_gse173098|mikl_gse173098|neurite_soma_mpra|GFP 3UTR MPRA|Neuro-2a|mikl:Dlg4:1050.0:497680a81955e0e3,2,True
9a18a61a2a63e771,1,mikl_gse173098|mikl_gse173098|neurite_soma_mpra|GFP 3UTR MPRA|CAD|mikl:Dlg4:300.0:0334c59139d58ff1,mikl_gse173098|mikl_gse173098|neurite_soma_mpra|GFP 3UTR MPRA|Neuro-2a|mikl:Dlg4:300.0:0334c59139d58ff1,4,False
9a18a61a2a63e771,1,mikl_gse173098|mikl_gse173098|neurite_soma_mpra|GFP 3UTR MPRA|CAD|mikl:Dlg4:2850.0:52c47ea8d05593df,mikl_gse173098|mikl_gse173098|neurite_soma_mpra|GFP 3UTR MPRA|Neuro-2a|mikl:Dlg4:2850.0:52c47ea8d05593df,2,True
9a18a61a2a63e771,1,mikl_gse173098|mikl_gse173098|neurite_soma_mpra|GFP 3UTR MPRA|CAD|mikl:Dlg4:750.0:74bdb1762f1aa118,mikl_gse173098|mikl_gse173098|neurite_soma_mpra|GFP 3UTR MPRA|Neuro-2a|mikl:Dlg4:750.0:74bdb1762f1aa118,6,False
9a18a61a2a63e771,1,mikl_gse173098|mikl_gse173098|neurite_soma_mpra|GFP 3UTR MPRA|CAD|mikl:Dlg4:2750.0:152f3c97002d638e,mikl_gse173098|mikl_gse173098|neurite_soma_mpra|GFP 3UTR MPRA|Neuro-2a|mikl:Dlg4:2750.0:152f3c97002d638e,4,False
9a18a61a2a63e771,1,mikl_gse173098|mikl_gse173098|neurite_soma_mpra|GFP 3UTR MPRA|CAD|mikl:Dlg4:2200.0:aad7c23448a39501,mikl_gse173098|mikl_gse173098|neurite_soma_mpra|GFP 3UTR MPRA|Neuro-2a|mikl:Dlg4:2200.0:aad7c23448a39501,2,False
9a18a61a2a63e771,1,mikl_gse173098|mikl_gse173098|neurite_soma_mpra|GFP 3UTR MPRA|CAD|mikl:Dlg4:1100.0:35c9ddbb6d003eb1,mikl_gse173098|mikl_gse173098|neurite_soma_mpra|GFP 3UTR MPRA|Neuro-2a|mikl:Dlg4:1100.0:35c9ddbb6d003eb1,5,False
9a18a61a2a63e771,1,mikl_gse173098|mikl_gse173098|neurite_soma_mpra|GFP 3UTR MPRA|CAD|mikl:Dlg4:4900.0:2c99c87889ffdadd,mikl_gse173098|mikl_gse173098|neurite_soma_mpra|GFP 3UTR MPRA|Neuro-2a|mikl:Dlg4:4900.0:2c99c87889ffdadd,4,False
9a18a61a2a63e771,1,mikl_gse173098|mikl_gse173098|neurite_soma_mpra|GFP 3UTR MPRA|CAD|mikl:Dlg4:1950.0:1337b6b9f62ead80,mikl_gse173098|mikl_gse173098|neurite_soma_mpra|GFP 3UTR MPRA|Neuro-2a|mikl:Dlg4:1950.0:1337b6b9f62ead80,2,True
9a18a61a2a63e771,1,mikl_gse173098|mikl_gse173098|neurite_soma_mpra|GFP 3UTR MPRA|CAD|mikl:Dlg4:600.0:33c4daef1c8d2038,mikl_gse173098|mikl_gse173098|neurite_soma_mpra|GFP 3UTR MPRA|Neuro-2a|mikl:Dlg4:600.0:33c4daef1c8d2038,2,False
9a18a61a2a63e771,1,mikl_gse173098|mikl_gse173098|neurite_soma_mpra|GFP 3UTR MPRA|CAD|mikl:Dlg4:2250.0:639ea5801e8fdbdf,mikl_gse173098|mikl_gse173098|neurite_soma_mpra|GFP 3UTR MPRA|Neuro-2a|mikl:Dlg4:2250.0:639ea5801e8fdbdf,2,True
9a18a61a2a63e771,1,mikl_gse173098|mikl_gse173098|neurite_soma_mpra|GFP 3UTR MPRA|CAD|mikl:Dlg4:300.0:66322af21d6e1602,mikl_gse173098|mikl_gse173098|neurite_soma_mpra|GFP 3UTR MPRA|Neuro-2a|mikl:Dlg4:300.0:66322af21d6e1602,5,False
9a18a61a2a63e771,1,mikl_gse173098|mikl_gse173098|neurite_soma_mpra|GFP 3UTR MPRA|CAD|mikl:Dlg4:1550.0:b5a973432a923e67,mikl_gse173098|mikl_gse173098|neurite_soma_mpra|GFP 3UTR MPRA|Neuro-2a|mikl:Dlg4:1550.0:b5a973432a923e67,2,True
9a18a61a2a63e771,1,mikl_gse173098|mikl_gse173098|neurite_soma_mpra|GFP 3UTR MPRA|CAD|mikl:Dlg4:2100.0:efc3f89b81dbfbef,mikl_gse173098|mikl_gse173098|neurite_soma_mpra|GFP 3UTR MPRA|Neuro-2a|mikl:Dlg4:2100.0:efc3f89b81dbfbef,2,True
9a18a61a2a63e771,1,mikl_gse173098|mikl_gse173098|neurite_soma_mpra|GFP 3UTR MPRA|CAD|mikl:Dlg4:2050.0:f2f2e7bc8cd16851,mikl_gse173098|mikl_gse173098|neurite_soma_mpra|GFP 3UTR MPRA|Neuro-2a|mikl:Dlg4:2050.0:f2f2e7bc8cd16851,2,True
9a18a61a2a63e771,1,mikl_gse173098|mikl_gse173098|neurite_soma_mpra|GFP 3UTR MPRA|CAD|mikl:Dlg4:2500.0:28cc4189aac8a801,mikl_gse173098|mikl_gse173098|neurite_soma_mpra|GFP 3UTR MPRA|Neuro-2a|mikl:Dlg4:2500.0:28cc4189aac8a801,2,True
9a18a61a2a63e771,1,mikl_gse173098|mikl_gse173098|neurite_soma_mpra|GFP 3UTR MPRA|CAD|mikl:Dlg4:2150.0:c0a5e0a0302101c3,mikl_gse173098|mikl_gse173098|neurite_soma_mpra|GFP 3UTR MPRA|Neuro-2a|mikl:Dlg4:2150.0:c0a5e0a0302101c3,3,False
9a18a61a2a63e771,1,mikl_gse173098|mikl_gse173098|neurite_soma_mpra|GFP 3UTR MPRA|CAD|mikl:Dlg4:500.0:4aaad6aa802f643a,mikl_gse173098|mikl_gse173098|neurite_soma_mpra|GFP 3UTR MPRA|Neuro-2a|mikl:Dlg4:500.0:4aaad6aa802f643a,2,False
9a18a61a2a63e771,1,mikl_gse173098|mikl_gse173098|neurite_soma_mpra|GFP 3UTR MPRA|CAD|mikl:Dlg4:950.0:1bb04b5a17986c8c,mikl_gse173098|mikl_gse173098|neurite_soma_mpra|GFP 3UTR MPRA|Neuro-2a|mikl:Dlg4:950.0:1bb04b5a17986c8c,3,False
9a18a61a2a63e771,1,mikl_gse173098|mikl_gse173098|neurite_soma_mpra|GFP 3UTR MPRA|CAD|mikl:Dlg4:2250.0:15cc01e7f8c672c4,mikl_gse173098|mikl_gse173098|neurite_soma_mpra|GFP 3UTR MPRA|Neuro-2a|mikl:Dlg4:2250.0:15cc01e7f8c672c4,2,True
9a18a61a2a63e771,1,mikl_gse173098|mikl_gse173098|neurite_soma_mpra|GFP 3UTR MPRA|CAD|mikl:Dlg4:5000.0:69b15fbcd5134305,mikl_gse173098|mikl_gse173098|neurite_soma_mpra|GFP 3UTR MPRA|Neuro-2a|mikl:Dlg4:5000.0:69b15fbcd5134305,4,False
9a18a61a2a63e771,1,mikl_gse173098|mikl_gse173098|neurite_soma_mpra|GFP 3UTR MPRA|CAD|mikl:Dlg4:1350.0:831e73b66597cfd3,mikl_gse173098|mikl_gse173098|neurite_soma_mpra|GFP 3UTR MPRA|Neuro-2a|mikl:Dlg4:1350.0:831e73b66597cfd3,3,True
9a18a61a2a63e771,1,mikl_gse173098|mikl_gse173098|neurite_soma_mpra|GFP 3UTR MPRA|CAD|mikl:Dlg4:1500.0:fe89a65912a58c78,mikl_gse173098|mikl_gse173098|neurite_soma_mpra|GFP 3UTR MPRA|Neuro-2a|mikl:Dlg4:1500.0:fe89a65912a58c78,5,False
9a18a61a2a63e771,1,mikl_gse173098|mikl_gse173098|neurite_soma_mpra|GFP 3UTR MPRA|CAD|mikl:Dlg4:200.0:983ac652beb86929,mikl_gse173098|mikl_gse173098|neurite_soma_mpra|GFP 3UTR MPRA|Neuro-2a|mikl:Dlg4:200.0:983ac652beb86929,4,False
9a18a61a2a63e771,1,mikl_gse173098|mikl_gse173098|neurite_soma_mpra|GFP 3UTR MPRA|CAD|mikl:Dlg4:150.0:4fcbb79ca293ab4a,mikl_gse173098|mikl_gse173098|neurite_soma_mpra|GFP 3UTR MPRA|Neuro-2a|mikl:Dlg4:150.0:4fcbb79ca293ab4a,2,True
9a18a61a2a63e771,1,mikl_gse173098|mikl_gse173098|neurite_soma_mpra|GFP 3UTR MPRA|CAD|mikl:Dlg4:1300.0:425a11fdad57c20f,mikl_gse173098|mikl_gse173098|neurite_soma_mpra|GFP 3UTR MPRA|Neuro-2a|mikl:Dlg4:1300.0:425a11fdad57c20f,2,False
9a18a61a2a63e771,1,mikl_gse173098|mikl_gse173098|neurite_soma_mpra|GFP 3UTR MPRA|CAD|mikl:Dlg4:2600.0:0560ee4b2b8e2a03,mikl_gse173098|mikl_gse173098|neurite_soma_mpra|GFP 3UTR MPRA|Neuro-2a|mikl:Dlg4:2600.0:0560ee4b2b8e2a03,2,True
9a18a61a2a63e771,1,mikl_gse173098|mikl_gse173098|neurite_soma_mpra|GFP 3UTR MPRA|CAD|mikl:Dlg4:450.0:936716f48dc3f5db,mikl_gse173098|mikl_gse173098|neurite_soma_mpra|GFP 3UTR MPRA|Neuro-2a|mikl:Dlg4:450.0:936716f48dc3f5db,2,False
9a18a61a2a63e771,1,mikl_gse173098|mikl_gse173098|neurite_soma_mpra|GFP 3UTR MPRA|CAD|mikl:Dlg4:1800.0:b62e336d5eabe0e4,mikl_gse173098|mikl_gse173098|neurite_soma_mpra|GFP 3UTR MPRA|Neuro-2a|mikl:Dlg4:1800.0:b62e336d5eabe0e4,2,False
9a18a61a2a63e771,1,mikl_gse173098|mikl_gse173098|neurite_soma_mpra|GFP 3UTR MPRA|CAD|mikl:Dlg4:1050.0:9820dbc4ea033368,mikl_gse173098|mikl_gse173098|neurite_soma_mpra|GFP 3UTR MPRA|Neuro-2a|mikl:Dlg4:1050.0:9820dbc4ea033368,2,True
9a18a61a2a63e771,1,mikl_gse173098|mikl_gse173098|neurite_soma_mpra|GFP 3UTR MPRA|CAD|mikl:Dlg4:1000.0:5e6bd32c4df231f0,mikl_gse173098|mikl_gse173098|neurite_soma_mpra|GFP 3UTR MPRA|Neuro-2a|mikl:Dlg4:1000.0:5e6bd32c4df231f0,2,False
9a18a61a2a63e771,1,mikl_gse173098|mikl_gse173098|neurite_soma_mpra|GFP 3UTR MPRA|CAD|mikl:Dlg4:300.0:d195f8d6f86455e7,mikl_gse173098|mikl_gse173098|neurite_soma_mpra|GFP 3UTR MPRA|Neuro-2a|mikl:Dlg4:300.0:d195f8d6f86455e7,3,False
9a18a61a2a63e771,1,mikl_gse173098|mikl_gse173098|neurite_soma_mpra|GFP 3UTR MPRA|CAD|mikl:Dlg4:850.0:ec71c38153612279,mikl_gse173098|mikl_gse173098|neurite_soma_mpra|GFP 3UTR MPRA|Neuro-2a|mikl:Dlg4:850.0:ec71c38153612279,8,False
9a18a61a2a63e771,1,mikl_gse173098|mikl_gse173098|neurite_soma_mpra|GFP 3UTR MPRA|CAD|mikl:Dlg4:3350.0:1fe9060cf9dcc4c7,mikl_gse173098|mikl_gse173098|neurite_soma_mpra|GFP 3UTR MPRA|Neuro-2a|mikl:Dlg4:3350.0:1fe9060cf9dcc4c7,2,True
9a18a61a2a63e771,1,mikl_gse173098|mikl_gse173098|neurite_soma_mpra|GFP 3UTR MPRA|CAD|mikl:Dlg4:2200.0:15387e0220087d43,mikl_gse173098|mikl_gse173098|neurite_soma_mpra|GFP 3UTR MPRA|Neuro-2a|mikl:Dlg4:2200.0:15387e0220087d43,2,False
9a18a61a2a63e771,1,mikl_gse173098|mikl_gse173098|neurite_soma_mpra|GFP 3UTR MPRA|CAD|mikl:Dlg4:550.0:c8096c117c648552,mikl_gse173098|mikl_gse173098|neurite_soma_mpra|GFP 3UTR MPRA|Neuro-2a|mikl:Dlg4:550.0:c8096c117c648552,4,False
9a18a61a2a63e771,1,mikl_gse173098|mikl_gse173098|neurite_soma_mpra|GFP 3UTR MPRA|CAD|mikl:Dlg4:900.0:45c59fc77ee42d35,mikl_gse173098|mikl_gse173098|neurite_soma_mpra|GFP 3UTR MPRA|Neuro-2a|mikl:Dlg4:900.0:45c59fc77ee42d35,4,False
9a18a61a2a63e771,1,mikl_gse173098|mikl_gse173098|neurite_soma_mpra|GFP 3UTR MPRA|CAD|mikl:Dlg4:2400.0:8bea815b5e90e486,mikl_gse173098|mikl_gse173098|neurite_soma_mpra|GFP 3UTR MPRA|Neuro-2a|mikl:Dlg4:2400.0:8bea815b5e90e486,5,False
9a18a61a2a63e771,1,mikl_gse173098|mikl_gse173098|neurite_soma_mpra|GFP 3UTR MPRA|CAD|mikl:Dlg4:150.0:d56567d98a3ed262,mikl_gse173098|mikl_gse173098|neurite_soma_mpra|GFP 3UTR MPRA|Neuro-2a|mikl:Dlg4:150.0:d56567d98a3ed262,2,False
9a18a61a2a63e771,1,mikl_gse173098|mikl_gse173098|neurite_soma_mpra|GFP 3UTR MPRA|CAD|mikl:Dlg4:1500.0:b082e1af787597c2,mikl_gse173098|mikl_gse173098|neurite_soma_mpra|GFP 3UTR MPRA|Neuro-2a|mikl:Dlg4:1500.0:b082e1af787597c2,4,False
9a18a61a2a63e771,1,mikl_gse173098|mikl_gse173098|neurite_soma_mpra|GFP 3UTR MPRA|CAD|mikl:Dlg4:2950.0:326906aea8ca6d73,mikl_gse173098|mikl_gse173098|neurite_soma_mpra|GFP 3UTR MPRA|Neuro-2a|mikl:Dlg4:2950.0:326906aea8ca6d73,2,False
9a18a61a2a63e771,1,mikl_gse173098|mikl_gse173098|neurite_soma_mpra|GFP 3UTR MPRA|CAD|mikl:Dlg4:350.0:76c02b45eafda458,mikl_gse173098|mikl_gse173098|neurite_soma_mpra|GFP 3UTR MPRA|Neuro-2a|mikl:Dlg4:350.0:76c02b45eafda458,4,False
9a18a61a2a63e771,1,mikl_gse173098|mikl_gse173098|neurite_soma_mpra|GFP 3UTR MPRA|CAD|mikl:Dlg4:1150.0:7b01ebfc03e63c2c,mikl_gse173098|mikl_gse173098|neurite_soma_mpra|GFP 3UTR MPRA|Neuro-2a|mikl:Dlg4:1150.0:7b01ebfc03e63c2c,8,False
9a18a61a2a63e771,1,mikl_gse173098|mikl_gse173098|neurite_soma_mpra|GFP 3UTR MPRA|CAD|mikl:Dlg4:1450.0:bcf9df132377f6d1,mikl_gse173098|mikl_gse173098|neurite_soma_mpra|GFP 3UTR MPRA|Neuro-2a|mikl:Dlg4:1450.0:bcf9df132377f6d1,4,False
9a18a61a2a63e771,1,mikl_gse173098|mikl_gse173098|neurite_soma_mpra|GFP 3UTR MPRA|CAD|mikl:Dlg4:2450.0:589f52064d31c185,mikl_gse173098|mikl_gse173098|neurite_soma_mpra|GFP 3UTR MPRA|Neuro-2a|mikl:Dlg4:2450.0:589f52064d31c185,2,False
9a18a61a2a63e771,1,mikl_gse173098|mikl_gse173098|neurite_soma_mpra|GFP 3UTR MPRA|CAD|mikl:Dlg4:1600.0:4f46d2f96447db2e,mikl_gse173098|mikl_gse173098|neurite_soma_mpra|GFP 3UTR MPRA|Neuro-2a|mikl:Dlg4:1600.0:4f46d2f96447db2e,2,False
9a18a61a2a63e771,1,mikl_gse173098|mikl_gse173098|neurite_soma_mpra|GFP 3UTR MPRA|CAD|mikl:Dlg4:1450.0:f351e02e355f858f,mikl_gse173098|mikl_gse173098|neurite_soma_mpra|GFP 3UTR MPRA|Neuro-2a|mikl:Dlg4:1450.0:f351e02e355f858f,4,False
9a18a61a2a63e771,1,mikl_gse173098|mikl_gse173098|neurite_soma_mpra|GFP 3UTR MPRA|CAD|mikl:Dlg4:4700.0:fa10d754491c9545,mikl_gse173098|mikl_gse173098|neurite_soma_mpra|GFP 3UTR MPRA|Neuro-2a|mikl:Dlg4:4700.0:fa10d754491c9545,2,True
9a18a61a2a63e771,1,mikl_gse173098|mikl_gse173098|neurite_soma_mpra|GFP 3UTR MPRA|CAD|mikl:Dlg4:50.0:42a30d99d4932221,mikl_gse173098|mikl_gse173098|neurite_soma_mpra|GFP 3UTR MPRA|Neuro-2a|mikl:Dlg4:50.0:42a30d99d4932221,3,False
9a18a61a2a63e771,1,mikl_gse173098|mikl_gse173098|neurite_soma_mpra|GFP 3UTR MPRA|CAD|mikl:Dlg4:1750.0:3b4d22203c8d35f5,mikl_gse173098|mikl_gse173098|neurite_soma_mpra|GFP 3UTR MPRA|Neuro-2a|mikl:Dlg4:1750.0:3b4d22203c8d35f5,2,False
9a18a61a2a63e771,1,mikl_gse173098|mikl_gse173098|neurite_soma_mpra|GFP 3UTR MPRA|CAD|mikl:Dlg4:2800.0:b0223637d50bb1ef,mikl_gse173098|mikl_gse173098|neurite_soma_mpra|GFP 3UTR MPRA|Neuro-2a|mikl:Dlg4:2800.0:b0223637d50bb1ef,4,False
9a18a61a2a63e771,1,mikl_gse173098|mikl_gse173098|neurite_soma_mpra|GFP 3UTR MPRA|CAD|mikl:Dlg4:550.0:4f77c18ca7d8ac23,mikl_gse173098|mikl_gse173098|neurite_soma_mpra|GFP 3UTR MPRA|Neuro-2a|mikl:Dlg4:550.0:4f77c18ca7d8ac23,2,True
9a18a61a2a63e771,1,mikl_gse173098|mikl_gse173098|neurite_soma_mpra|GFP 3UTR MPRA|CAD|mikl:Dlg4:400.0:e9549dc2ea384a4c,mikl_gse173098|mikl_gse173098|neurite_soma_mpra|GFP 3UTR MPRA|Neuro-2a|mikl:Dlg4:400.0:e9549dc2ea384a4c,8,False
9a18a61a2a63e771,1,mikl_gse173098|mikl_gse173098|neurite_soma_mpra|GFP 3UTR MPRA|CAD|mikl:Dlg4:3650.0:bba877e8b717b4fc,mikl_gse173098|mikl_gse173098|neurite_soma_mpra|GFP 3UTR MPRA|Neuro-2a|mikl:Dlg4:3650.0:bba877e8b717b4fc,3,False
9a18a61a2a63e771,1,mikl_gse173098|mikl_gse173098|neurite_soma_mpra|GFP 3UTR MPRA|CAD|mikl:Dlg4:5050.0:9160b201e05f280b,mikl_gse173098|mikl_gse173098|neurite_soma_mpra|GFP 3UTR MPRA|Neuro-2a|mikl:Dlg4:5050.0:9160b201e05f280b,2,False
9a18a61a2a63e771,1,mikl_gse173098|mikl_gse173098|neurite_soma_mpra|GFP 3UTR MPRA|CAD|mikl:Dlg4:4150.0:66c013553a522023,mikl_gse173098|mikl_gse173098|neurite_soma_mpra|GFP 3UTR MPRA|Neuro-2a|mikl:Dlg4:4150.0:66c013553a522023,2,False
9a18a61a2a63e771,1,mikl_gse173098|mikl_gse173098|neurite_soma_mpra|GFP 3UTR MPRA|CAD|mikl:Dlg4:600.0:9568bfd284aa2f6d,mikl_gse173098|mikl_gse173098|neurite_soma_mpra|GFP 3UTR MPRA|Neuro-2a|mikl:Dlg4:600.0:9568bfd284aa2f6d,6,False
9a18a61a2a63e771,1,mikl_gse173098|mikl_gse173098|neurite_soma_mpra|GFP 3UTR MPRA|CAD|mikl:Dlg4:3250.0:a48a1f5e0890bba8,mikl_gse173098|mikl_gse173098|neurite_soma_mpra|GFP 3UTR MPRA|Neuro-2a|mikl:Dlg4:3250.0:a48a1f5e0890bba8,2,True
9a18a61a2a63e771,1,mikl_gse173098|mikl_gse173098|neurite_soma_mpra|GFP 3UTR MPRA|CAD|mikl:Dlg4:1850.0:6e69ff0e6b4efa3f,mikl_gse173098|mikl_gse173098|neurite_soma_mpra|GFP 3UTR MPRA|Neuro-2a|mikl:Dlg4:1850.0:6e69ff0e6b4efa3f,2,False
9a18a61a2a63e771,1,mikl_gse173098|mikl_gse173098|neurite_soma_mpra|GFP 3UTR MPRA|CAD|mikl:Dlg4:3550.0:59f1b5aaa3aefd70,mikl_gse173098|mikl_gse173098|neurite_soma_mpra|GFP 3UTR MPRA|Neuro-2a|mikl:Dlg4:3550.0:59f1b5aaa3aefd70,2,False
9a18a61a2a63e771,1,mikl_gse173098|mikl_gse173098|neurite_soma_mpra|GFP 3UTR MPRA|CAD|mikl:Dlg4:0.0:872369359ae0bb11,mikl_gse173098|mikl_gse173098|neurite_soma_mpra|GFP 3UTR MPRA|Neuro-2a|mikl:Dlg4:0.0:872369359ae0bb11,4,False
9a18a61a2a63e771,1,mikl_gse173098|mikl_gse173098|neurite_soma_mpra|GFP 3UTR MPRA|CAD|mikl:Dlg4:200.0:8e3cd1522583aaa4,mikl_gse173098|mikl_gse173098|neurite_soma_mpra|GFP 3UTR MPRA|Neuro-2a|mikl:Dlg4:200.0:8e3cd1522583aaa4,2,True
9a18a61a2a63e771,1,mikl_gse173098|mikl_gse173098|neurite_soma_mpra|GFP 3UTR MPRA|CAD|mikl:Dlg4:2000.0:baea840932de47c9,mikl_gse173098|mikl_gse173098|neurite_soma_mpra|GFP 3UTR MPRA|Neuro-2a|mikl:Dlg4:2000.0:baea840932de47c9,2,False
9a18a61a2a63e771,1,mikl_gse173098|mikl_gse173098|neurite_soma_mpra|GFP 3UTR MPRA|CAD|mikl:Dlg4:1550.0:724fc3ffbcd1c129,mikl_gse173098|mikl_gse173098|neurite_soma_mpra|GFP 3UTR MPRA|Neuro-2a|mikl:Dlg4:1550.0:724fc3ffbcd1c129,4,False
9a18a61a2a63e771,1,mikl_gse173098|mikl_gse173098|neurite_soma_mpra|GFP 3UTR MPRA|CAD|mikl:Dlg4:4050.0:a8711a1118756a71,mikl_gse173098|mikl_gse173098|neurite_soma_mpra|GFP 3UTR MPRA|Neuro-2a|mikl:Dlg4:4050.0:a8711a1118756a71,2,True
9a18a61a2a63e771,1,mikl_gse173098|mikl_gse173098|neurite_soma_mpra|GFP 3UTR MPRA|CAD|mikl:Dlg4:1200.0:9b5eb16d68b14f48,mikl_gse173098|mikl_gse173098|neurite_soma_mpra|GFP 3UTR MPRA|Neuro-2a|mikl:Dlg4:1200.0:9b5eb16d68b14f48,4,False
9a18a61a2a63e771,1,mikl_gse173098|mikl_gse173098|neurite_soma_mpra|GFP 3UTR MPRA|CAD|mikl:Dlg4:5250.0:0e41cf59d716a9c0,mikl_gse173098|mikl_gse173098|neurite_soma_mpra|GFP 3UTR MPRA|Neuro-2a|mikl:Dlg4:5250.0:0e41cf59d716a9c0,6,False
9a18a61a2a63e771,1,mikl_gse173098|mikl_gse173098|neurite_soma_mpra|GFP 3UTR MPRA|CAD|mikl:Dlg4:4950.0:41e22919f5a2e813,mikl_gse173098|mikl_gse173098|neurite_soma_mpra|GFP 3UTR MPRA|Neuro-2a|mikl:Dlg4:4950.0:41e22919f5a2e813,3,True
9a18a61a2a63e771,1,mikl_gse173098|mikl_gse173098|neurite_soma_mpra|GFP 3UTR MPRA|CAD|mikl:Dlg4:3700.0:16f131283162ea6a,mikl_gse173098|mikl_gse173098|neurite_soma_mpra|GFP 3UTR MPRA|Neuro-2a|mikl:Dlg4:3700.0:16f131283162ea6a,4,False
9a18a61a2a63e771,1,mikl_gse173098|mikl_gse173098|neurite_soma_mpra|GFP 3UTR MPRA|CAD|mikl:Dlg4:4300.0:0fa54b490735c693,mikl_gse173098|mikl_gse173098|neurite_soma_mpra|GFP 3UTR MPRA|Neuro-2a|mikl:Dlg4:4300.0:0fa54b490735c693,2,True
9a18a61a2a63e771,1,mikl_gse173098|mikl_gse173098|neurite_soma_mpra|GFP 3UTR MPRA|CAD|mikl:Dlg4:450.0:67e5bc608b3a8ffd,mikl_gse173098|mikl_gse173098|neurite_soma_mpra|GFP 3UTR MPRA|Neuro-2a|mikl:Dlg4:450.0:67e5bc608b3a8ffd,3,False
9a18a61a2a63e771,1,mikl_gse173098|mikl_gse173098|neurite_soma_mpra|GFP 3UTR MPRA|CAD|mikl:Dlg4:250.0:3bc476fcd37f57d0,mikl_gse173098|mikl_gse173098|neurite_soma_mpra|GFP 3UTR MPRA|Neuro-2a|mikl:Dlg4:250.0:3bc476fcd37f57d0,4,False
9a18a61a2a63e771,1,mikl_gse173098|mikl_gse173098|neurite_soma_mpra|GFP 3UTR MPRA|CAD|mikl:Dlg4:50.0:f674a53f0994a362,mikl_gse173098|mikl_gse173098|neurite_soma_mpra|GFP 3UTR MPRA|Neuro-2a|mikl:Dlg4:50.0:f674a53f0994a362,2,False
9a18a61a2a63e771,1,mikl_gse173098|mikl_gse173098|neurite_soma_mpra|GFP 3UTR MPRA|CAD|mikl:Dlg4:5200.0:f14089646df60352,mikl_gse173098|mikl_gse173098|neurite_soma_mpra|GFP 3UTR MPRA|Neuro-2a|mikl:Dlg4:5200.0:f14089646df60352,3,True
9a18a61a2a63e771,1,mikl_gse173098|mikl_gse173098|neurite_soma_mpra|GFP 3UTR MPRA|CAD|mikl:Dlg4:700.0:4dcf70efe7cb9432,mikl_gse173098|mikl_gse173098|neurite_soma_mpra|GFP 3UTR MPRA|Neuro-2a|mikl:Dlg4:700.0:4dcf70efe7cb9432,6,False
9a18a61a2a63e771,1,mikl_gse173098|mikl_gse173098|neurite_soma_mpra|GFP 3UTR MPRA|CAD|mikl:Dlg4:1250.0:f04c2a4d86fc643f,mikl_gse173098|mikl_gse173098|neurite_soma_mpra|GFP 3UTR MPRA|Neuro-2a|mikl:Dlg4:1250.0:f04c2a4d86fc643f,2,False
9a18a61a2a63e771,1,mikl_gse173098|mikl_gse173098|neurite_soma_mpra|GFP 3UTR MPRA|CAD|mikl:Dlg4:4850.0:d5257cc3696f1d2a,mikl_gse173098|mikl_gse173098|neurite_soma_mpra|GFP 3UTR MPRA|Neuro-2a|mikl:Dlg4:4850.0:d5257cc3696f1d2a,2,True
9a18a61a2a63e771,1,mikl_gse173098|mikl_gse173098|neurite_soma_mpra|GFP 3UTR MPRA|CAD|mikl:Dlg4:1700.0:8b5c0ea665b402d7,mikl_gse173098|mikl_gse173098|neurite_soma_mpra|GFP 3UTR MPRA|Neuro-2a|mikl:Dlg4:1700.0:8b5c0ea665b402d7,2,False
9a18a61a2a63e771,1,mikl_gse173098|mikl_gse173098|neurite_soma_mpra|GFP 3UTR MPRA|CAD|mikl:Dlg4:2350.0:5de6079f1a93a180,mikl_gse173098|mikl_gse173098|neurite_soma_mpra|GFP 3UTR MPRA|Neuro-2a|mikl:Dlg4:2350.0:5de6079f1a93a180,4,False
9a18a61a2a63e771,1,mikl_gse173098|mikl_gse173098|neurite_soma_mpra|GFP 3UTR MPRA|CAD|mikl:Dlg4:0.0:f3d10e596c030d58,mikl_gse173098|mikl_gse173098|neurite_soma_mpra|GFP 3UTR MPRA|Neuro-2a|mikl:Dlg4:0.0:f3d10e596c030d58,2,False
9a18a61a2a63e771,1,mikl_gse173098|mikl_gse173098|neurite_soma_mpra|GFP 3UTR MPRA|CAD|mikl:Dlg4:1650.0:87800b5465dd532b,mikl_gse173098|mikl_gse173098|neurite_soma_mpra|GFP 3UTR MPRA|Neuro-2a|mikl:Dlg4:1650.0:87800b5465dd532b,2,False
9a18a61a2a63e771,1,mikl_gse173098|mikl_gse173098|neurite_soma_mpra|GFP 3UTR MPRA|CAD|mikl:Dlg4:3800.0:b9250dd873683f2c,mikl_gse173098|mikl_gse173098|neurite_soma_mpra|GFP 3UTR MPRA|Neuro-2a|mikl:Dlg4:3800.0:b9250dd873683f2c,2,False
9a18a61a2a63e771,1,mikl_gse173098|mikl_gse173098|neurite_soma_mpra|GFP 3UTR MPRA|CAD|mikl:Dlg4:50.0:773cea70c8c9a249,mikl_gse173098|mikl_gse173098|neurite_soma_mpra|GFP 3UTR MPRA|Neuro-2a|mikl:Dlg4:50.0:773cea70c8c9a249,2,False
9a18a61a2a63e771,1,mikl_gse173098|mikl_gse173098|neurite_soma_mpra|GFP 3UTR MPRA|CAD|mikl:Dlg4:100.0:a3fd6ccfc47f6099,mikl_gse173098|mikl_gse173098|neurite_soma_mpra|GFP 3UTR MPRA|Neuro-2a|mikl:Dlg4:100.0:a3fd6ccfc47f6099,2,True
9a18a61a2a63e771,1,mikl_gse173098|mikl_gse173098|neurite_soma_mpra|GFP 3UTR MPRA|CAD|mikl:Dlg4:4100.0:2b7f7b8f66bc5c65,mikl_gse173098|mikl_gse173098|neurite_soma_mpra|GFP 3UTR MPRA|Neuro-2a|mikl:Dlg4:4100.0:2b7f7b8f66bc5c65,2,True
9a18a61a2a63e771,1,mikl_gse173098|mikl_gse173098|neurite_soma_mpra|GFP 3UTR MPRA|CAD|mikl:Dlg4:2700.0:fb40762b84a5c5e4,mikl_gse173098|mikl_gse173098|neurite_soma_mpra|GFP 3UTR MPRA|Neuro-2a|mikl:Dlg4:2700.0:fb40762b84a5c5e4,2,False
9a18a61a2a63e771,1,mikl_gse173098|mikl_gse173098|neurite_soma_mpra|GFP 3UTR MPRA|CAD|mikl:Dlg4:650.0:a9916f8d41363ff7,mikl_gse173098|mikl_gse173098|neurite_soma_mpra|GFP 3UTR MPRA|Neuro-2a|mikl:Dlg4:650.0:a9916f8d41363ff7,5,False
9a18a61a2a63e771,1,mikl_gse173098|mikl_gse173098|neurite_soma_mpra|GFP 3UTR MPRA|CAD|mikl:Dlg4:800.0:b63160d28f523371,mikl_gse173098|mikl_gse173098|neurite_soma_mpra|GFP 3UTR MPRA|Neuro-2a|mikl:Dlg4:800.0:b63160d28f523371,6,False
9a18a61a2a63e771,1,mikl_gse173098|mikl_gse173098|neurite_soma_mpra|GFP 3UTR MPRA|CAD|mikl:Dlg4:2300.0:49e05d00fbe2a91c,mikl_gse173098|mikl_gse173098|neurite_soma_mpra|GFP 3UTR MPRA|Neuro-2a|mikl:Dlg4:2300.0:49e05d00fbe2a91c,3,False
9aad78cd674c0e21,1,mikl_gse173098|mikl_gse173098|neurite_soma_mpra|GFP 3UTR MPRA|CAD|mikl:Zscan20:1050.0:1b93a70573c80adb,mikl_gse173098|mikl_gse173098|neurite_soma_mpra|GFP 3UTR MPRA|Neuro-2a|mikl:Zscan20:1050.0:1b93a70573c80adb,2,False
9aad78cd674c0e21,1,mikl_gse173098|mikl_gse173098|neurite_soma_mpra|GFP 3UTR MPRA|CAD|mikl:Zscan20:1200.0:695eeced5aa332fb,mikl_gse173098|mikl_gse173098|neurite_soma_mpra|GFP 3UTR MPRA|Neuro-2a|mikl:Zscan20:1200.0:695eeced5aa332fb,2,False
9aad78cd674c0e21,1,mikl_gse173098|mikl_gse173098|neurite_soma_mpra|GFP 3UTR MPRA|CAD|mikl:Zscan20:850.0:e3cb0bcb5e4ac558,mikl_gse173098|mikl_gse173098|neurite_soma_mpra|GFP 3UTR MPRA|Neuro-2a|mikl:Zscan20:850.0:e3cb0bcb5e4ac558,2,False
9aad78cd674c0e21,1,mikl_gse173098|mikl_gse173098|neurite_soma_mpra|GFP 3UTR MPRA|CAD|mikl:Zscan20:1000.0:130f855f6b2d1f6a,mikl_gse173098|mikl_gse173098|neurite_soma_mpra|GFP 3UTR MPRA|Neuro-2a|mikl:Zscan20:1000.0:130f855f6b2d1f6a,2,False
9aad78cd674c0e21,1,mikl_gse173098|mikl_gse173098|neurite_soma_mpra|GFP 3UTR MPRA|CAD|mikl:Zscan20:750.0:d1f1440222adbf9c,mikl_gse173098|mikl_gse173098|neurite_soma_mpra|GFP 3UTR MPRA|Neuro-2a|mikl:Zscan20:750.0:d1f1440222adbf9c,2,True
9aad78cd674c0e21,1,mikl_gse173098|mikl_gse173098|neurite_soma_mpra|GFP 3UTR MPRA|CAD|mikl:Zscan20:950.0:58c301cd63adc66b,mikl_gse173098|mikl_gse173098|neurite_soma_mpra|GFP 3UTR MPRA|Neuro-2a|mikl:Zscan20:950.0:58c301cd63adc66b,2,False
9ecc79dec4de86c1,0,mikl_gse173098|mikl_gse173098|neurite_soma_mpra|GFP 3UTR MPRA|CAD|mikl:Cdk15:200.0:8ff99f9b25581168,mikl_gse173098|mikl_gse173098|neurite_soma_mpra|GFP 3UTR MPRA|Neuro-2a|mikl:Cdk15:200.0:8ff99f9b25581168,2,True
9ecc79dec4de86c1,0,mikl_gse173098|mikl_gse173098|neurite_soma_mpra|GFP 3UTR MPRA|CAD|mikl:Cdk15:300.0:5d15124c918dad9e,mikl_gse173098|mikl_gse173098|neurite_soma_mpra|GFP 3UTR MPRA|Neuro-2a|mikl:Cdk15:300.0:5d15124c918dad9e,2,True
9ecc79dec4de86c1,0,mikl_gse173098|mikl_gse173098|neurite_soma_mpra|GFP 3UTR MPRA|CAD|mikl:Cdk15:250.0:706e74b4e052bfee,mikl_gse173098|mikl_gse173098|neurite_soma_mpra|GFP 3UTR MPRA|Neuro-2a|mikl:Cdk15:250.0:706e74b4e052bfee,2,False
9f733c380cd23d8a,0,mikl_gse173098|mikl_gse173098|neurite_soma_mpra|GFP 3UTR MPRA|CAD|mikl:Tor4a:650.0:2e3fdf95cb99f609,mikl_gse173098|mikl_gse173098|neurite_soma_mpra|GFP 3UTR MPRA|Neuro-2a|mikl:Tor4a:650.0:2e3fdf95cb99f609,2,True
a229bbfcaf5a7cf9,0,mikl_gse173098|mikl_gse173098|neurite_soma_mpra|GFP 3UTR MPRA|CAD|mikl:Ddc:0.0:82c4881b5076ec2b,mikl_gse173098|mikl_gse173098|neurite_soma_mpra|GFP 3UTR MPRA|Neuro-2a|mikl:Ddc:0.0:82c4881b5076ec2b,2,True
a2fbcd7ff03eecc3,1,mikl_gse173098|mikl_gse173098|neurite_soma_mpra|GFP 3UTR MPRA|CAD|mikl:Slc23a1:100.0:5f95a8d0f927247b,mikl_gse173098|mikl_gse173098|neurite_soma_mpra|GFP 3UTR MPRA|Neuro-2a|mikl:Slc23a1:100.0:5f95a8d0f927247b,2,True
a2fbcd7ff03eecc3,1,mikl_gse173098|mikl_gse173098|neurite_soma_mpra|GFP 3UTR MPRA|CAD|mikl:Slc23a1:0.0:84c4d97c9861b95d,mikl_gse173098|mikl_gse173098|neurite_soma_mpra|GFP 3UTR MPRA|Neuro-2a|mikl:Slc23a1:0.0:84c4d97c9861b95d,2,True
a2fbcd7ff03eecc3,1,mikl_gse173098|mikl_gse173098|neurite_soma_mpra|GFP 3UTR MPRA|CAD|mikl:Slc23a1:600.0:1d0a0c03be00ce61,mikl_gse173098|mikl_gse173098|neurite_soma_mpra|GFP 3UTR MPRA|Neuro-2a|mikl:Slc23a1:600.0:1d0a0c03be00ce61,3,False
a2fbcd7ff03eecc3,1,mikl_gse173098|mikl_gse173098|neurite_soma_mpra|GFP 3UTR MPRA|CAD|mikl:Slc23a1:450.0:fb63c688a47af079,mikl_gse173098|mikl_gse173098|neurite_soma_mpra|GFP 3UTR MPRA|Neuro-2a|mikl:Slc23a1:450.0:fb63c688a47af079,2,True
a310a859a82e35b8,1,mikl_gse173098|mikl_gse173098|neurite_soma_mpra|GFP 3UTR MPRA|CAD|mikl:Cyp26b1:50.0:b9911d216974b1c0,mikl_gse173098|mikl_gse173098|neurite_soma_mpra|GFP 3UTR MPRA|Neuro-2a|mikl:Cyp26b1:50.0:b9911d216974b1c0,2,True
a310a859a82e35b8,1,mikl_gse173098|mikl_gse173098|neurite_soma_mpra|GFP 3UTR MPRA|CAD|mikl:Cyp26b1:2200.0:cc11f2c435c0c85f,mikl_gse173098|mikl_gse173098|neurite_soma_mpra|GFP 3UTR MPRA|Neuro-2a|mikl:Cyp26b1:2200.0:cc11f2c435c0c85f,2,False
a310a859a82e35b8,1,mikl_gse173098|mikl_gse173098|neurite_soma_mpra|GFP 3UTR MPRA|CAD|mikl:Cyp26b1:0.0:5a983e3ff5ac6e67,mikl_gse173098|mikl_gse173098|neurite_soma_mpra|GFP 3UTR MPRA|Neuro-2a|mikl:Cyp26b1:0.0:5a983e3ff5ac6e67,5,False
a310a859a82e35b8,1,mikl_gse173098|mikl_gse173098|neurite_soma_mpra|GFP 3UTR MPRA|CAD|mikl:Cyp26b1:1100.0:814084f7d724a933,mikl_gse173098|mikl_gse173098|neurite_soma_mpra|GFP 3UTR MPRA|Neuro-2a|mikl:Cyp26b1:1100.0:814084f7d724a933,2,True
a310a859a82e35b8,1,mikl_gse173098|mikl_gse173098|neurite_soma_mpra|GFP 3UTR MPRA|CAD|mikl:Cyp26b1:2300.0:95c3ff9e7ae1cb6c,mikl_gse173098|mikl_gse173098|neurite_soma_mpra|GFP 3UTR MPRA|Neuro-2a|mikl:Cyp26b1:2300.0:95c3ff9e7ae1cb6c,3,False
a310a859a82e35b8,1,mikl_gse173098|mikl_gse173098|neurite_soma_mpra|GFP 3UTR MPRA|CAD|mikl:Cyp26b1:1200.0:0cffd2ceea1e3b57,mikl_gse173098|mikl_gse173098|neurite_soma_mpra|GFP 3UTR MPRA|Neuro-2a|mikl:Cyp26b1:1200.0:0cffd2ceea1e3b57,3,False
a310a859a82e35b8,1,mikl_gse173098|mikl_gse173098|neurite_soma_mpra|GFP 3UTR MPRA|CAD|mikl:Cyp26b1:700.0:40d879c124859d87,mikl_gse173098|mikl_gse173098|neurite_soma_mpra|GFP 3UTR MPRA|Neuro-2a|mikl:Cyp26b1:700.0:40d879c124859d87,2,False
a310a859a82e35b8,1,mikl_gse173098|mikl_gse173098|neurite_soma_mpra|GFP 3UTR MPRA|CAD|mikl:Cyp26b1:1000.0:bb954e86e30550a8,mikl_gse173098|mikl_gse173098|neurite_soma_mpra|GFP 3UTR MPRA|Neuro-2a|mikl:Cyp26b1:1000.0:bb954e86e30550a8,2,True
a310a859a82e35b8,1,mikl_gse173098|mikl_gse173098|neurite_soma_mpra|GFP 3UTR MPRA|CAD|mikl:Cyp26b1:750.0:e9e65c7fb309772a,mikl_gse173098|mikl_gse173098|neurite_soma_mpra|GFP 3UTR MPRA|Neuro-2a|mikl:Cyp26b1:750.0:e9e65c7fb309772a,2,False
a310a859a82e35b8,1,mikl_gse173098|mikl_gse173098|neurite_soma_mpra|GFP 3UTR MPRA|CAD|mikl:Cyp26b1:2250.0:ca80eae5f78b8245,mikl_gse173098|mikl_gse173098|neurite_soma_mpra|GFP 3UTR MPRA|Neuro-2a|mikl:Cyp26b1:2250.0:ca80eae5f78b8245,3,False
a310a859a82e35b8,1,mikl_gse173098|mikl_gse173098|neurite_soma_mpra|GFP 3UTR MPRA|CAD|mikl:Cyp26b1:1150.0:c40b4e5141144b7f,mikl_gse173098|mikl_gse173098|neurite_soma_mpra|GFP 3UTR MPRA|Neuro-2a|mikl:Cyp26b1:1150.0:c40b4e5141144b7f,2,False
a52ebf3cc780d4f7,0,mikl_gse173098|mikl_gse173098|neurite_soma_mpra|GFP 3UTR MPRA|CAD|mikl:Nhsl2:5050.0:c0c118db620f5a61,mikl_gse173098|mikl_gse173098|neurite_soma_mpra|GFP 3UTR MPRA|Neuro-2a|mikl:Nhsl2:5050.0:c0c118db620f5a61,2,True
a52ebf3cc780d4f7,0,mikl_gse173098|mikl_gse173098|neurite_soma_mpra|GFP 3UTR MPRA|CAD|mikl:Nhsl2:7650.0:198a167ee64cf6a3,mikl_gse173098|mikl_gse173098|neurite_soma_mpra|GFP 3UTR MPRA|Neuro-2a|mikl:Nhsl2:7650.0:198a167ee64cf6a3,2,True
a52ebf3cc780d4f7,0,mikl_gse173098|mikl_gse173098|neurite_soma_mpra|GFP 3UTR MPRA|CAD|mikl:Nhsl2:7750.0:52f66625f8d481a2,mikl_gse173098|mikl_gse173098|neurite_soma_mpra|GFP 3UTR MPRA|Neuro-2a|mikl:Nhsl2:7750.0:52f66625f8d481a2,2,False
a52ebf3cc780d4f7,0,mikl_gse173098|mikl_gse173098|neurite_soma_mpra|GFP 3UTR MPRA|CAD|mikl:Nhsl2:4550.0:b0995fa645bdbd11,mikl_gse173098|mikl_gse173098|neurite_soma_mpra|GFP 3UTR MPRA|Neuro-2a|mikl:Nhsl2:4550.0:b0995fa645bdbd11,2,False
a52ebf3cc780d4f7,0,mikl_gse173098|mikl_gse173098|neurite_soma_mpra|GFP 3UTR MPRA|CAD|mikl:Nhsl2:7700.0:42dd74505832f2a8,mikl_gse173098|mikl_gse173098|neurite_soma_mpra|GFP 3UTR MPRA|Neuro-2a|mikl:Nhsl2:7700.0:42dd74505832f2a8,3,False
a52ebf3cc780d4f7,0,mikl_gse173098|mikl_gse173098|neurite_soma_mpra|GFP 3UTR MPRA|CAD|mikl:Nhsl2:2900.0:db872da1ca41534b,mikl_gse173098|mikl_gse173098|neurite_soma_mpra|GFP 3UTR MPRA|Neuro-2a|mikl:Nhsl2:2900.0:db872da1ca41534b,2,True
a52ebf3cc780d4f7,0,mikl_gse173098|mikl_gse173098|neurite_soma_mpra|GFP 3UTR MPRA|CAD|mikl:Nhsl2:8100.0:c3fd59edba3c44f6,mikl_gse173098|mikl_gse173098|neurite_soma_mpra|GFP 3UTR MPRA|Neuro-2a|mikl:Nhsl2:8100.0:c3fd59edba3c44f6,2,True
a52ebf3cc780d4f7,0,mikl_gse173098|mikl_gse173098|neurite_soma_mpra|GFP 3UTR MPRA|CAD|mikl:Nhsl2:6650.0:49ca206e9a242c87,mikl_gse173098|mikl_gse173098|neurite_soma_mpra|GFP 3UTR MPRA|Neuro-2a|mikl:Nhsl2:6650.0:49ca206e9a242c87,2,True
a52ebf3cc780d4f7,0,mikl_gse173098|mikl_gse173098|neurite_soma_mpra|GFP 3UTR MPRA|CAD|mikl:Nhsl2:7000.0:60b08254895fa6fd,mikl_gse173098|mikl_gse173098|neurite_soma_mpra|GFP 3UTR MPRA|Neuro-2a|mikl:Nhsl2:7000.0:60b08254895fa6fd,2,False
a52ebf3cc780d4f7,0,mikl_gse173098|mikl_gse173098|neurite_soma_mpra|GFP 3UTR MPRA|CAD|mikl:Nhsl2:4600.0:9f29c8af8e48b66b,mikl_gse173098|mikl_gse173098|neurite_soma_mpra|GFP 3UTR MPRA|Neuro-2a|mikl:Nhsl2:4600.0:9f29c8af8e48b66b,3,False
a52ebf3cc780d4f7,0,mikl_gse173098|mikl_gse173098|neurite_soma_mpra|GFP 3UTR MPRA|CAD|mikl:Nhsl2:5100.0:75389242d2ec90b8,mikl_gse173098|mikl_gse173098|neurite_soma_mpra|GFP 3UTR MPRA|Neuro-2a|mikl:Nhsl2:5100.0:75389242d2ec90b8,3,True
a52ebf3cc780d4f7,0,mikl_gse173098|mikl_gse173098|neurite_soma_mpra|GFP 3UTR MPRA|CAD|mikl:Nhsl2:950.0:0e13e8d4cbd1bda2,mikl_gse173098|mikl_gse173098|neurite_soma_mpra|GFP 3UTR MPRA|Neuro-2a|mikl:Nhsl2:950.0:0e13e8d4cbd1bda2,2,True
a52ebf3cc780d4f7,0,mikl_gse173098|mikl_gse173098|neurite_soma_mpra|GFP 3UTR MPRA|CAD|mikl:Nhsl2:8150.0:0fb6730f24deba6f,mikl_gse173098|mikl_gse173098|neurite_soma_mpra|GFP 3UTR MPRA|Neuro-2a|mikl:Nhsl2:8150.0:0fb6730f24deba6f,2,True
a52ebf3cc780d4f7,0,mikl_gse173098|mikl_gse173098|neurite_soma_mpra|GFP 3UTR MPRA|CAD|mikl:Nhsl2:5150.0:46a9e26655967472,mikl_gse173098|mikl_gse173098|neurite_soma_mpra|GFP 3UTR MPRA|Neuro-2a|mikl:Nhsl2:5150.0:46a9e26655967472,2,True
a52ebf3cc780d4f7,0,mikl_gse173098|mikl_gse173098|neurite_soma_mpra|GFP 3UTR MPRA|CAD|mikl:Nhsl2:7050.0:f4c5289b19daf826,mikl_gse173098|mikl_gse173098|neurite_soma_mpra|GFP 3UTR MPRA|Neuro-2a|mikl:Nhsl2:7050.0:f4c5289b19daf826,2,True
a52ebf3cc780d4f7,0,mikl_gse173098|mikl_gse173098|neurite_soma_mpra|GFP 3UTR MPRA|CAD|mikl:Nhsl2:900.0:563a8ad4dfb2381b,mikl_gse173098|mikl_gse173098|neurite_soma_mpra|GFP 3UTR MPRA|Neuro-2a|mikl:Nhsl2:900.0:563a8ad4dfb2381b,2,False
a52ebf3cc780d4f7,0,mikl_gse173098|mikl_gse173098|neurite_soma_mpra|GFP 3UTR MPRA|CAD|mikl:Nhsl2:6950.0:d0c13b5584df1e63,mikl_gse173098|mikl_gse173098|neurite_soma_mpra|GFP 3UTR MPRA|Neuro-2a|mikl:Nhsl2:6950.0:d0c13b5584df1e63,2,False
a63d17d83c0d8de0,0,mikl_gse173098|mikl_gse173098|neurite_soma_mpra|GFP 3UTR MPRA|CAD|mikl:Pdp1:2150.0:695e1d8e2257222e,mikl_gse173098|mikl_gse173098|neurite_soma_mpra|GFP 3UTR MPRA|Neuro-2a|mikl:Pdp1:2150.0:695e1d8e2257222e,2,False
a63d17d83c0d8de0,0,mikl_gse173098|mikl_gse173098|neurite_soma_mpra|GFP 3UTR MPRA|CAD|mikl:Pdp1:50.0:e02b3d79014bd9fc,mikl_gse173098|mikl_gse173098|neurite_soma_mpra|GFP 3UTR MPRA|Neuro-2a|mikl:Pdp1:50.0:e02b3d79014bd9fc,2,False
a63d17d83c0d8de0,0,mikl_gse173098|mikl_gse173098|neurite_soma_mpra|GFP 3UTR MPRA|CAD|mikl:Pdp1:1200.0:1c13ef4992d85f79,mikl_gse173098|mikl_gse173098|neurite_soma_mpra|GFP 3UTR MPRA|Neuro-2a|mikl:Pdp1:1200.0:1c13ef4992d85f79,3,False
a63d17d83c0d8de0,0,mikl_gse173098|mikl_gse173098|neurite_soma_mpra|GFP 3UTR MPRA|CAD|mikl:Pdp1:900.0:73b502abf04bf1e1,mikl_gse173098|mikl_gse173098|neurite_soma_mpra|GFP 3UTR MPRA|Neuro-2a|mikl:Pdp1:900.0:73b502abf04bf1e1,3,False
a63d17d83c0d8de0,0,mikl_gse173098|mikl_gse173098|neurite_soma_mpra|GFP 3UTR MPRA|CAD|mikl:Pdp1:750.0:71ca543fc6a8958e,mikl_gse173098|mikl_gse173098|neurite_soma_mpra|GFP 3UTR MPRA|Neuro-2a|mikl:Pdp1:750.0:71ca543fc6a8958e,2,False
a63d17d83c0d8de0,0,mikl_gse173098|mikl_gse173098|neurite_soma_mpra|GFP 3UTR MPRA|CAD|mikl:Pdp1:1650.0:d8e2fd50f7d50c99,mikl_gse173098|mikl_gse173098|neurite_soma_mpra|GFP 3UTR MPRA|Neuro-2a|mikl:Pdp1:1650.0:d8e2fd50f7d50c99,4,False
a63d17d83c0d8de0,0,mikl_gse173098|mikl_gse173098|neurite_soma_mpra|GFP 3UTR MPRA|CAD|mikl:Pdp1:150.0:00c42491fbe10f61,mikl_gse173098|mikl_gse173098|neurite_soma_mpra|GFP 3UTR MPRA|Neuro-2a|mikl:Pdp1:150.0:00c42491fbe10f61,2,True
a63d17d83c0d8de0,0,mikl_gse173098|mikl_gse173098|neurite_soma_mpra|GFP 3UTR MPRA|CAD|mikl:Pdp1:1500.0:9f84c3668913a3e8,mikl_gse173098|mikl_gse173098|neurite_soma_mpra|GFP 3UTR MPRA|Neuro-2a|mikl:Pdp1:1500.0:9f84c3668913a3e8,3,True
a63d17d83c0d8de0,0,mikl_gse173098|mikl_gse173098|neurite_soma_mpra|GFP 3UTR MPRA|CAD|mikl:Pdp1:2100.0:7c6a389aec5630c6,mikl_gse173098|mikl_gse173098|neurite_soma_mpra|GFP 3UTR MPRA|Neuro-2a|mikl:Pdp1:2100.0:7c6a389aec5630c6,5,False
a63d17d83c0d8de0,0,mikl_gse173098|mikl_gse173098|neurite_soma_mpra|GFP 3UTR MPRA|CAD|mikl:Pdp1:950.0:6d5aa23a0a4b5bfc,mikl_gse173098|mikl_gse173098|neurite_soma_mpra|GFP 3UTR MPRA|Neuro-2a|mikl:Pdp1:950.0:6d5aa23a0a4b5bfc,2,True
a63d17d83c0d8de0,0,mikl_gse173098|mikl_gse173098|neurite_soma_mpra|GFP 3UTR MPRA|CAD|mikl:Pdp1:1000.0:98f5d3fdad4d772f,mikl_gse173098|mikl_gse173098|neurite_soma_mpra|GFP 3UTR MPRA|Neuro-2a|mikl:Pdp1:1000.0:98f5d3fdad4d772f,2,True
a63d17d83c0d8de0,0,mikl_gse173098|mikl_gse173098|neurite_soma_mpra|GFP 3UTR MPRA|CAD|mikl:Pdp1:350.0:8946a16a90c818d8,mikl_gse173098|mikl_gse173098|neurite_soma_mpra|GFP 3UTR MPRA|Neuro-2a|mikl:Pdp1:350.0:8946a16a90c818d8,7,False
a63d17d83c0d8de0,0,mikl_gse173098|mikl_gse173098|neurite_soma_mpra|GFP 3UTR MPRA|CAD|mikl:Pdp1:600.0:5f78bcb5675b0c9b,mikl_gse173098|mikl_gse173098|neurite_soma_mpra|GFP 3UTR MPRA|Neuro-2a|mikl:Pdp1:600.0:5f78bcb5675b0c9b,4,False
a63d17d83c0d8de0,0,mikl_gse173098|mikl_gse173098|neurite_soma_mpra|GFP 3UTR MPRA|CAD|mikl:Pdp1:250.0:d2901ce19efcf104,mikl_gse173098|mikl_gse173098|neurite_soma_mpra|GFP 3UTR MPRA|Neuro-2a|mikl:Pdp1:250.0:d2901ce19efcf104,2,True
a63d17d83c0d8de0,0,mikl_gse173098|mikl_gse173098|neurite_soma_mpra|GFP 3UTR MPRA|CAD|mikl:Pdp1:1300.0:63e1dda4eca80313,mikl_gse173098|mikl_gse173098|neurite_soma_mpra|GFP 3UTR MPRA|Neuro-2a|mikl:Pdp1:1300.0:63e1dda4eca80313,5,False
a63d17d83c0d8de0,0,mikl_gse173098|mikl_gse173098|neurite_soma_mpra|GFP 3UTR MPRA|CAD|mikl:Pdp1:1450.0:71f0362dc62704b2,mikl_gse173098|mikl_gse173098|neurite_soma_mpra|GFP 3UTR MPRA|Neuro-2a|mikl:Pdp1:1450.0:71f0362dc62704b2,3,False
a63d17d83c0d8de0,0,mikl_gse173098|mikl_gse173098|neurite_soma_mpra|GFP 3UTR MPRA|CAD|mikl:Pdp1:1250.0:c10be6562be8e7ea,mikl_gse173098|mikl_gse173098|neurite_soma_mpra|GFP 3UTR MPRA|Neuro-2a|mikl:Pdp1:1250.0:c10be6562be8e7ea,5,False
a63d17d83c0d8de0,0,mikl_gse173098|mikl_gse173098|neurite_soma_mpra|GFP 3UTR MPRA|CAD|mikl:Pdp1:300.0:67d6ff2852267805,mikl_gse173098|mikl_gse173098|neurite_soma_mpra|GFP 3UTR MPRA|Neuro-2a|mikl:Pdp1:300.0:67d6ff2852267805,7,False
a63d17d83c0d8de0,0,mikl_gse173098|mikl_gse173098|neurite_soma_mpra|GFP 3UTR MPRA|CAD|mikl:Pdp1:1150.0:46ded8f44f4b9c88,mikl_gse173098|mikl_gse173098|neurite_soma_mpra|GFP 3UTR MPRA|Neuro-2a|mikl:Pdp1:1150.0:46ded8f44f4b9c88,2,False
a63d17d83c0d8de0,0,mikl_gse173098|mikl_gse173098|neurite_soma_mpra|GFP 3UTR MPRA|CAD|mikl:Pdp1:0.0:b3c6ceb9429608f8,mikl_gse173098|mikl_gse173098|neurite_soma_mpra|GFP 3UTR MPRA|Neuro-2a|mikl:Pdp1:0.0:b3c6ceb9429608f8,4,False
a63d17d83c0d8de0,0,mikl_gse173098|mikl_gse173098|neurite_soma_mpra|GFP 3UTR MPRA|CAD|mikl:Pdp1:850.0:71893fee2bf71344,mikl_gse173098|mikl_gse173098|neurite_soma_mpra|GFP 3UTR MPRA|Neuro-2a|mikl:Pdp1:850.0:71893fee2bf71344,2,False
a63d17d83c0d8de0,0,mikl_gse173098|mikl_gse173098|neurite_soma_mpra|GFP 3UTR MPRA|CAD|mikl:Pdp1:1750.0:6405427364bc651b,mikl_gse173098|mikl_gse173098|neurite_soma_mpra|GFP 3UTR MPRA|Neuro-2a|mikl:Pdp1:1750.0:6405427364bc651b,2,False
a63d17d83c0d8de0,0,mikl_gse173098|mikl_gse173098|neurite_soma_mpra|GFP 3UTR MPRA|CAD|mikl:Pdp1:650.0:bd002ded6149d0d9,mikl_gse173098|mikl_gse173098|neurite_soma_mpra|GFP 3UTR MPRA|Neuro-2a|mikl:Pdp1:650.0:bd002ded6149d0d9,4,False
a63d17d83c0d8de0,0,mikl_gse173098|mikl_gse173098|neurite_soma_mpra|GFP 3UTR MPRA|CAD|mikl:Pdp1:400.0:ac9a37d5507e72a5,mikl_gse173098|mikl_gse173098|neurite_soma_mpra|GFP 3UTR MPRA|Neuro-2a|mikl:Pdp1:400.0:ac9a37d5507e72a5,7,False
a63d17d83c0d8de0,0,mikl_gse173098|mikl_gse173098|neurite_soma_mpra|GFP 3UTR MPRA|CAD|mikl:Pdp1:1350.0:e29233e2e8deb8e6,mikl_gse173098|mikl_gse173098|neurite_soma_mpra|GFP 3UTR MPRA|Neuro-2a|mikl:Pdp1:1350.0:e29233e2e8deb8e6,4,False
a63d17d83c0d8de0,0,mikl_gse173098|mikl_gse173098|neurite_soma_mpra|GFP 3UTR MPRA|CAD|mikl:Pdp1:500.0:a41db1e2bd938b8a,mikl_gse173098|mikl_gse173098|neurite_soma_mpra|GFP 3UTR MPRA|Neuro-2a|mikl:Pdp1:500.0:a41db1e2bd938b8a,2,False
a63d17d83c0d8de0,0,mikl_gse173098|mikl_gse173098|neurite_soma_mpra|GFP 3UTR MPRA|CAD|mikl:Pdp1:200.0:ba57c94f5018ef3a,mikl_gse173098|mikl_gse173098|neurite_soma_mpra|GFP 3UTR MPRA|Neuro-2a|mikl:Pdp1:200.0:ba57c94f5018ef3a,3,False
a63d17d83c0d8de0,0,mikl_gse173098|mikl_gse173098|neurite_soma_mpra|GFP 3UTR MPRA|CAD|mikl:Pdp1:550.0:646b2d8fec9b0072,mikl_gse173098|mikl_gse173098|neurite_soma_mpra|GFP 3UTR MPRA|Neuro-2a|mikl:Pdp1:550.0:646b2d8fec9b0072,4,False
a63d17d83c0d8de0,0,mikl_gse173098|mikl_gse173098|neurite_soma_mpra|GFP 3UTR MPRA|CAD|mikl:Pdp1:2050.0:992113d050d5860a,mikl_gse173098|mikl_gse173098|neurite_soma_mpra|GFP 3UTR MPRA|Neuro-2a|mikl:Pdp1:2050.0:992113d050d5860a,3,False
a63d17d83c0d8de0,0,mikl_gse173098|mikl_gse173098|neurite_soma_mpra|GFP 3UTR MPRA|CAD|mikl:Pdp1:1400.0:6fc16599741b592d,mikl_gse173098|mikl_gse173098|neurite_soma_mpra|GFP 3UTR MPRA|Neuro-2a|mikl:Pdp1:1400.0:6fc16599741b592d,3,False
a63d17d83c0d8de0,0,mikl_gse173098|mikl_gse173098|neurite_soma_mpra|GFP 3UTR MPRA|CAD|mikl:Pdp1:450.0:fa0c00e95216c1ad,mikl_gse173098|mikl_gse173098|neurite_soma_mpra|GFP 3UTR MPRA|Neuro-2a|mikl:Pdp1:450.0:fa0c00e95216c1ad,2,True
a63d17d83c0d8de0,0,mikl_gse173098|mikl_gse173098|neurite_soma_mpra|GFP 3UTR MPRA|CAD|mikl:Pdp1:700.0:1c8183dd1cb7df83,mikl_gse173098|mikl_gse173098|neurite_soma_mpra|GFP 3UTR MPRA|Neuro-2a|mikl:Pdp1:700.0:1c8183dd1cb7df83,2,False
a63d17d83c0d8de0,0,mikl_gse173098|mikl_gse173098|neurite_soma_mpra|GFP 3UTR MPRA|CAD|mikl:Pdp1:1600.0:f12ec505c587b7b5,mikl_gse173098|mikl_gse173098|neurite_soma_mpra|GFP 3UTR MPRA|Neuro-2a|mikl:Pdp1:1600.0:f12ec505c587b7b5,2,False
a68a9b74449b44a3,0,mikl_gse173098|mikl_gse173098|neurite_soma_mpra|GFP 3UTR MPRA|CAD|mikl:Rasl10b:950.0:e3b8a0119847fa9f,mikl_gse173098|mikl_gse173098|neurite_soma_mpra|GFP 3UTR MPRA|Neuro-2a|mikl:Rasl10b:950.0:e3b8a0119847fa9f,2,False
a68a9b74449b44a3,0,mikl_gse173098|mikl_gse173098|neurite_soma_mpra|GFP 3UTR MPRA|CAD|mikl:Rasl10b:1100.0:61f982c715ce28f0,mikl_gse173098|mikl_gse173098|neurite_soma_mpra|GFP 3UTR MPRA|Neuro-2a|mikl:Rasl10b:1100.0:61f982c715ce28f0,2,True
a68a9b74449b44a3,0,mikl_gse173098|mikl_gse173098|neurite_soma_mpra|GFP 3UTR MPRA|CAD|mikl:Rasl10b:1750.0:88ebd2a4ee6b5558,mikl_gse173098|mikl_gse173098|neurite_soma_mpra|GFP 3UTR MPRA|Neuro-2a|mikl:Rasl10b:1750.0:88ebd2a4ee6b5558,2,False
a68a9b74449b44a3,0,mikl_gse173098|mikl_gse173098|neurite_soma_mpra|GFP 3UTR MPRA|CAD|mikl:Rasl10b:400.0:b41f4a689a7f20db,mikl_gse173098|mikl_gse173098|neurite_soma_mpra|GFP 3UTR MPRA|Neuro-2a|mikl:Rasl10b:400.0:b41f4a689a7f20db,4,False
a68a9b74449b44a3,0,mikl_gse173098|mikl_gse173098|neurite_soma_mpra|GFP 3UTR MPRA|CAD|mikl:Rasl10b:1500.0:d3c0efa55c4a3b3c,mikl_gse173098|mikl_gse173098|neurite_soma_mpra|GFP 3UTR MPRA|Neuro-2a|mikl:Rasl10b:1500.0:d3c0efa55c4a3b3c,3,False
a68a9b74449b44a3,0,mikl_gse173098|mikl_gse173098|neurite_soma_mpra|GFP 3UTR MPRA|CAD|mikl:Rasl10b:1200.0:7dfd581bb95c3f33,mikl_gse173098|mikl_gse173098|neurite_soma_mpra|GFP 3UTR MPRA|Neuro-2a|mikl:Rasl10b:1200.0:7dfd581bb95c3f33,3,False
a68a9b74449b44a3,0,mikl_gse173098|mikl_gse173098|neurite_soma_mpra|GFP 3UTR MPRA|CAD|mikl:Rasl10b:1550.0:8cd08375763923ff,mikl_gse173098|mikl_gse173098|neurite_soma_mpra|GFP 3UTR MPRA|Neuro-2a|mikl:Rasl10b:1550.0:8cd08375763923ff,3,True
a68a9b74449b44a3,0,mikl_gse173098|mikl_gse173098|neurite_soma_mpra|GFP 3UTR MPRA|CAD|mikl:Rasl10b:1800.0:9d4d759539fb092a,mikl_gse173098|mikl_gse173098|neurite_soma_mpra|GFP 3UTR MPRA|Neuro-2a|mikl:Rasl10b:1800.0:9d4d759539fb092a,3,False
a68a9b74449b44a3,0,mikl_gse173098|mikl_gse173098|neurite_soma_mpra|GFP 3UTR MPRA|CAD|mikl:Rasl10b:2200.0:19223d30386564e4,mikl_gse173098|mikl_gse173098|neurite_soma_mpra|GFP 3UTR MPRA|Neuro-2a|mikl:Rasl10b:2200.0:19223d30386564e4,2,False
a68a9b74449b44a3,0,mikl_gse173098|mikl_gse173098|neurite_soma_mpra|GFP 3UTR MPRA|CAD|mikl:Rasl10b:2150.0:4a68399960590a5c,mikl_gse173098|mikl_gse173098|neurite_soma_mpra|GFP 3UTR MPRA|Neuro-2a|mikl:Rasl10b:2150.0:4a68399960590a5c,3,False
a68a9b74449b44a3,0,mikl_gse173098|mikl_gse173098|neurite_soma_mpra|GFP 3UTR MPRA|CAD|mikl:Rasl10b:1050.0:afda428287a9d8e0,mikl_gse173098|mikl_gse173098|neurite_soma_mpra|GFP 3UTR MPRA|Neuro-2a|mikl:Rasl10b:1050.0:afda428287a9d8e0,2,False
a68a9b74449b44a3,0,mikl_gse173098|mikl_gse173098|neurite_soma_mpra|GFP 3UTR MPRA|CAD|mikl:Rasl10b:1350.0:2265f71dfcfacdf4,mikl_gse173098|mikl_gse173098|neurite_soma_mpra|GFP 3UTR MPRA|Neuro-2a|mikl:Rasl10b:1350.0:2265f71dfcfacdf4,2,True
a68a9b74449b44a3,0,mikl_gse173098|mikl_gse173098|neurite_soma_mpra|GFP 3UTR MPRA|CAD|mikl:Rasl10b:150.0:cf785b0a5be15062,mikl_gse173098|mikl_gse173098|neurite_soma_mpra|GFP 3UTR MPRA|Neuro-2a|mikl:Rasl10b:150.0:cf785b0a5be15062,2,False
a68a9b74449b44a3,0,mikl_gse173098|mikl_gse173098|neurite_soma_mpra|GFP 3UTR MPRA|CAD|mikl:Rasl10b:1700.0:6dfc6aa9d9368016,mikl_gse173098|mikl_gse173098|neurite_soma_mpra|GFP 3UTR MPRA|Neuro-2a|mikl:Rasl10b:1700.0:6dfc6aa9d9368016,3,False
a68a9b74449b44a3,0,mikl_gse173098|mikl_gse173098|neurite_soma_mpra|GFP 3UTR MPRA|CAD|mikl:Rasl10b:1000.0:c0c41bcdfd9c4030,mikl_gse173098|mikl_gse173098|neurite_soma_mpra|GFP 3UTR MPRA|Neuro-2a|mikl:Rasl10b:1000.0:c0c41bcdfd9c4030,3,True
a68a9b74449b44a3,0,mikl_gse173098|mikl_gse173098|neurite_soma_mpra|GFP 3UTR MPRA|CAD|mikl:Rasl10b:850.0:43437afa6ee38c91,mikl_gse173098|mikl_gse173098|neurite_soma_mpra|GFP 3UTR MPRA|Neuro-2a|mikl:Rasl10b:850.0:43437afa6ee38c91,2,False
a68a9b74449b44a3,0,mikl_gse173098|mikl_gse173098|neurite_soma_mpra|GFP 3UTR MPRA|CAD|mikl:Rasl10b:1250.0:31f3773f59012c2e,mikl_gse173098|mikl_gse173098|neurite_soma_mpra|GFP 3UTR MPRA|Neuro-2a|mikl:Rasl10b:1250.0:31f3773f59012c2e,2,False
a68a9b74449b44a3,0,mikl_gse173098|mikl_gse173098|neurite_soma_mpra|GFP 3UTR MPRA|CAD|mikl:Rasl10b:2050.0:7af862da788f2b37,mikl_gse173098|mikl_gse173098|neurite_soma_mpra|GFP 3UTR MPRA|Neuro-2a|mikl:Rasl10b:2050.0:7af862da788f2b37,4,False
a68a9b74449b44a3,0,mikl_gse173098|mikl_gse173098|neurite_soma_mpra|GFP 3UTR MPRA|CAD|mikl:Rasl10b:1500.0:0d39aacdf0df7e76,mikl_gse173098|mikl_gse173098|neurite_soma_mpra|GFP 3UTR MPRA|Neuro-2a|mikl:Rasl10b:1500.0:0d39aacdf0df7e76,2,False
a68a9b74449b44a3,0,mikl_gse173098|mikl_gse173098|neurite_soma_mpra|GFP 3UTR MPRA|CAD|mikl:Rasl10b:2100.0:28fdd8a81be7a5a8,mikl_gse173098|mikl_gse173098|neurite_soma_mpra|GFP 3UTR MPRA|Neuro-2a|mikl:Rasl10b:2100.0:28fdd8a81be7a5a8,3,True
a68a9b74449b44a3,0,mikl_gse173098|mikl_gse173098|neurite_soma_mpra|GFP 3UTR MPRA|CAD|mikl:Rasl10b:300.0:3d87647d325c42a6,mikl_gse173098|mikl_gse173098|neurite_soma_mpra|GFP 3UTR MPRA|Neuro-2a|mikl:Rasl10b:300.0:3d87647d325c42a6,3,False
a68a9b74449b44a3,0,mikl_gse173098|mikl_gse173098|neurite_soma_mpra|GFP 3UTR MPRA|CAD|mikl:Rasl10b:100.0:eb6c8f3a3f9574e3,mikl_gse173098|mikl_gse173098|neurite_soma_mpra|GFP 3UTR MPRA|Neuro-2a|mikl:Rasl10b:100.0:eb6c8f3a3f9574e3,2,False
a68a9b74449b44a3,0,mikl_gse173098|mikl_gse173098|neurite_soma_mpra|GFP 3UTR MPRA|CAD|mikl:Rasl10b:1850.0:6af40acf232542d2,mikl_gse173098|mikl_gse173098|neurite_soma_mpra|GFP 3UTR MPRA|Neuro-2a|mikl:Rasl10b:1850.0:6af40acf232542d2,4,False
a68a9b74449b44a3,0,mikl_gse173098|mikl_gse173098|neurite_soma_mpra|GFP 3UTR MPRA|CAD|mikl:Rasl10b:350.0:ff051f73df3a86c9,mikl_gse173098|mikl_gse173098|neurite_soma_mpra|GFP 3UTR MPRA|Neuro-2a|mikl:Rasl10b:350.0:ff051f73df3a86c9,3,False
a68a9b74449b44a3,0,mikl_gse173098|mikl_gse173098|neurite_soma_mpra|GFP 3UTR MPRA|CAD|mikl:Rasl10b:1950.0:a4cf034fdb31a27f,mikl_gse173098|mikl_gse173098|neurite_soma_mpra|GFP 3UTR MPRA|Neuro-2a|mikl:Rasl10b:1950.0:a4cf034fdb31a27f,2,True
a68a9b74449b44a3,0,mikl_gse173098|mikl_gse173098|neurite_soma_mpra|GFP 3UTR MPRA|CAD|mikl:Rasl10b:1750.0:f8f2feeceecc20f6,mikl_gse173098|mikl_gse173098|neurite_soma_mpra|GFP 3UTR MPRA|Neuro-2a|mikl:Rasl10b:1750.0:f8f2feeceecc20f6,3,False
a68a9b74449b44a3,0,mikl_gse173098|mikl_gse173098|neurite_soma_mpra|GFP 3UTR MPRA|CAD|mikl:Rasl10b:900.0:152f931705bd039d,mikl_gse173098|mikl_gse173098|neurite_soma_mpra|GFP 3UTR MPRA|Neuro-2a|mikl:Rasl10b:900.0:152f931705bd039d,3,True
a68a9b74449b44a3,0,mikl_gse173098|mikl_gse173098|neurite_soma_mpra|GFP 3UTR MPRA|CAD|mikl:Rasl10b:100.0:290953fb03e297ef,mikl_gse173098|mikl_gse173098|neurite_soma_mpra|GFP 3UTR MPRA|Neuro-2a|mikl:Rasl10b:100.0:290953fb03e297ef,3,False
a68a9b74449b44a3,0,mikl_gse173098|mikl_gse173098|neurite_soma_mpra|GFP 3UTR MPRA|CAD|mikl:Rasl10b:1800.0:8a1238484fa98486,mikl_gse173098|mikl_gse173098|neurite_soma_mpra|GFP 3UTR MPRA|Neuro-2a|mikl:Rasl10b:1800.0:8a1238484fa98486,4,False
a68a9b74449b44a3,0,mikl_gse173098|mikl_gse173098|neurite_soma_mpra|GFP 3UTR MPRA|CAD|mikl:Rasl10b:1850.0:e11d7cf1d5edef68,mikl_gse173098|mikl_gse173098|neurite_soma_mpra|GFP 3UTR MPRA|Neuro-2a|mikl:Rasl10b:1850.0:e11d7cf1d5edef68,2,False
a68a9b74449b44a3,0,mikl_gse173098|mikl_gse173098|neurite_soma_mpra|GFP 3UTR MPRA|CAD|mikl:Rasl10b:1600.0:d6f29ff01ab76039,mikl_gse173098|mikl_gse173098|neurite_soma_mpra|GFP 3UTR MPRA|Neuro-2a|mikl:Rasl10b:1600.0:d6f29ff01ab76039,2,False
a68a9b74449b44a3,0,mikl_gse173098|mikl_gse173098|neurite_soma_mpra|GFP 3UTR MPRA|CAD|mikl:Rasl10b:1950.0:ada8324310fba22d,mikl_gse173098|mikl_gse173098|neurite_soma_mpra|GFP 3UTR MPRA|Neuro-2a|mikl:Rasl10b:1950.0:ada8324310fba22d,2,False
a68a9b74449b44a3,0,mikl_gse173098|mikl_gse173098|neurite_soma_mpra|GFP 3UTR MPRA|CAD|mikl:Rasl10b:2000.0:3870ec9cf8d6a036,mikl_gse173098|mikl_gse173098|neurite_soma_mpra|GFP 3UTR MPRA|Neuro-2a|mikl:Rasl10b:2000.0:3870ec9cf8d6a036,2,False
a68a9b74449b44a3,0,mikl_gse173098|mikl_gse173098|neurite_soma_mpra|GFP 3UTR MPRA|CAD|mikl:Rasl10b:800.0:5340e7eb1904a922,mikl_gse173098|mikl_gse173098|neurite_soma_mpra|GFP 3UTR MPRA|Neuro-2a|mikl:Rasl10b:800.0:5340e7eb1904a922,2,False
a68a9b74449b44a3,0,mikl_gse173098|mikl_gse173098|neurite_soma_mpra|GFP 3UTR MPRA|CAD|mikl:Rasl10b:2250.0:74d151fcc22a5ac6,mikl_gse173098|mikl_gse173098|neurite_soma_mpra|GFP 3UTR MPRA|Neuro-2a|mikl:Rasl10b:2250.0:74d151fcc22a5ac6,3,False
a68a9b74449b44a3,0,mikl_gse173098|mikl_gse173098|neurite_soma_mpra|GFP 3UTR MPRA|CAD|mikl:Rasl10b:1150.0:a7bd3f34dc5bc1f8,mikl_gse173098|mikl_gse173098|neurite_soma_mpra|GFP 3UTR MPRA|Neuro-2a|mikl:Rasl10b:1150.0:a7bd3f34dc5bc1f8,3,False
a68a9b74449b44a3,0,mikl_gse173098|mikl_gse173098|neurite_soma_mpra|GFP 3UTR MPRA|CAD|mikl:Rasl10b:1300.0:3cb2aab6ab0e57da,mikl_gse173098|mikl_gse173098|neurite_soma_mpra|GFP 3UTR MPRA|Neuro-2a|mikl:Rasl10b:1300.0:3cb2aab6ab0e57da,3,False
a68a9b74449b44a3,0,mikl_gse173098|mikl_gse173098|neurite_soma_mpra|GFP 3UTR MPRA|CAD|mikl:Rasl10b:2000.0:d0ae7e3ecc364ff9,mikl_gse173098|mikl_gse173098|neurite_soma_mpra|GFP 3UTR MPRA|Neuro-2a|mikl:Rasl10b:2000.0:d0ae7e3ecc364ff9,2,True
a68a9b74449b44a3,0,mikl_gse173098|mikl_gse173098|neurite_soma_mpra|GFP 3UTR MPRA|CAD|mikl:Rasl10b:1700.0:a429e046d0d35ee1,mikl_gse173098|mikl_gse173098|neurite_soma_mpra|GFP 3UTR MPRA|Neuro-2a|mikl:Rasl10b:1700.0:a429e046d0d35ee1,2,True
a68a9b74449b44a3,0,mikl_gse173098|mikl_gse173098|neurite_soma_mpra|GFP 3UTR MPRA|CAD|mikl:Rasl10b:1900.0:8d1bfdaf1db81d44,mikl_gse173098|mikl_gse173098|neurite_soma_mpra|GFP 3UTR MPRA|Neuro-2a|mikl:Rasl10b:1900.0:8d1bfdaf1db81d44,3,False
a68a9b74449b44a3,0,mikl_gse173098|mikl_gse173098|neurite_soma_mpra|GFP 3UTR MPRA|CAD|mikl:Rasl10b:1350.0:a7cfe6261088474f,mikl_gse173098|mikl_gse173098|neurite_soma_mpra|GFP 3UTR MPRA|Neuro-2a|mikl:Rasl10b:1350.0:a7cfe6261088474f,2,True
a68a9b74449b44a3,0,mikl_gse173098|mikl_gse173098|neurite_soma_mpra|GFP 3UTR MPRA|CAD|mikl:Rasl10b:1550.0:796c9f075cfaab68,mikl_gse173098|mikl_gse173098|neurite_soma_mpra|GFP 3UTR MPRA|Neuro-2a|mikl:Rasl10b:1550.0:796c9f075cfaab68,2,True
a749d0e139856dbb,2,mikl_gse173098|mikl_gse173098|neurite_soma_mpra|GFP 3UTR MPRA|CAD|mikl:Ccdc141:3900.0:55c71ef80049912d,mikl_gse173098|mikl_gse173098|neurite_soma_mpra|GFP 3UTR MPRA|Neuro-2a|mikl:Ccdc141:3900.0:55c71ef80049912d,2,True
a749d0e139856dbb,2,mikl_gse173098|mikl_gse173098|neurite_soma_mpra|GFP 3UTR MPRA|CAD|mikl:Ccdc141:150.0:0166690264542a87,mikl_gse173098|mikl_gse173098|neurite_soma_mpra|GFP 3UTR MPRA|Neuro-2a|mikl:Ccdc141:150.0:0166690264542a87,2,True
a749d0e139856dbb,2,mikl_gse173098|mikl_gse173098|neurite_soma_mpra|GFP 3UTR MPRA|CAD|mikl:Ccdc141:3950.0:649dab40e8f77b73,mikl_gse173098|mikl_gse173098|neurite_soma_mpra|GFP 3UTR MPRA|Neuro-2a|mikl:Ccdc141:3950.0:649dab40e8f77b73,2,False
a749d0e139856dbb,2,mikl_gse173098|mikl_gse173098|neurite_soma_mpra|GFP 3UTR MPRA|CAD|mikl:Ccdc141:100.0:3df3132a341750d3,mikl_gse173098|mikl_gse173098|neurite_soma_mpra|GFP 3UTR MPRA|Neuro-2a|mikl:Ccdc141:100.0:3df3132a341750d3,2,False
a749d0e139856dbb,2,mikl_gse173098|mikl_gse173098|neurite_soma_mpra|GFP 3UTR MPRA|CAD|mikl:Ccdc141:50.0:b72344b78e4528c9,mikl_gse173098|mikl_gse173098|neurite_soma_mpra|GFP 3UTR MPRA|Neuro-2a|mikl:Ccdc141:50.0:b72344b78e4528c9,2,True
a7eb9ab7354a60a1,1,mikl_gse173098|mikl_gse173098|neurite_soma_mpra|GFP 3UTR MPRA|CAD|mikl:Pacsin1:2500.0:16c063045f30b4b5,mikl_gse173098|mikl_gse173098|neurite_soma_mpra|GFP 3UTR MPRA|Neuro-2a|mikl:Pacsin1:2500.0:16c063045f30b4b5,5,False
a7eb9ab7354a60a1,1,mikl_gse173098|mikl_gse173098|neurite_soma_mpra|GFP 3UTR MPRA|CAD|mikl:Pacsin1:750.0:141beaa41ce1d0bf,mikl_gse173098|mikl_gse173098|neurite_soma_mpra|GFP 3UTR MPRA|Neuro-2a|mikl:Pacsin1:750.0:141beaa41ce1d0bf,2,False
a7eb9ab7354a60a1,1,mikl_gse173098|mikl_gse173098|neurite_soma_mpra|GFP 3UTR MPRA|CAD|mikl:Pacsin1:150.0:e948e04e46ba827a,mikl_gse173098|mikl_gse173098|neurite_soma_mpra|GFP 3UTR MPRA|Neuro-2a|mikl:Pacsin1:150.0:e948e04e46ba827a,2,False
a7eb9ab7354a60a1,1,mikl_gse173098|mikl_gse173098|neurite_soma_mpra|GFP 3UTR MPRA|CAD|mikl:Pacsin1:450.0:989d579c018967cb,mikl_gse173098|mikl_gse173098|neurite_soma_mpra|GFP 3UTR MPRA|Neuro-2a|mikl:Pacsin1:450.0:989d579c018967cb,2,False
a7eb9ab7354a60a1,1,mikl_gse173098|mikl_gse173098|neurite_soma_mpra|GFP 3UTR MPRA|CAD|mikl:Pacsin1:1850.0:54e94c0e03e25ed8,mikl_gse173098|mikl_gse173098|neurite_soma_mpra|GFP 3UTR MPRA|Neuro-2a|mikl:Pacsin1:1850.0:54e94c0e03e25ed8,2,True
a7eb9ab7354a60a1,1,mikl_gse173098|mikl_gse173098|neurite_soma_mpra|GFP 3UTR MPRA|CAD|mikl:Pacsin1:1800.0:340cf9c28298a345,mikl_gse173098|mikl_gse173098|neurite_soma_mpra|GFP 3UTR MPRA|Neuro-2a|mikl:Pacsin1:1800.0:340cf9c28298a345,2,True
a7eb9ab7354a60a1,1,mikl_gse173098|mikl_gse173098|neurite_soma_mpra|GFP 3UTR MPRA|CAD|mikl:Pacsin1:0.0:6c3321afff5d3140,mikl_gse173098|mikl_gse173098|neurite_soma_mpra|GFP 3UTR MPRA|Neuro-2a|mikl:Pacsin1:0.0:6c3321afff5d3140,3,False
a7eb9ab7354a60a1,1,mikl_gse173098|mikl_gse173098|neurite_soma_mpra|GFP 3UTR MPRA|CAD|mikl:Pacsin1:400.0:dda3a95b04092d92,mikl_gse173098|mikl_gse173098|neurite_soma_mpra|GFP 3UTR MPRA|Neuro-2a|mikl:Pacsin1:400.0:dda3a95b04092d92,2,True
a7eb9ab7354a60a1,1,mikl_gse173098|mikl_gse173098|neurite_soma_mpra|GFP 3UTR MPRA|CAD|mikl:Pacsin1:2550.0:b8b1731f97bab9cd,mikl_gse173098|mikl_gse173098|neurite_soma_mpra|GFP 3UTR MPRA|Neuro-2a|mikl:Pacsin1:2550.0:b8b1731f97bab9cd,5,False
a7eb9ab7354a60a1,1,mikl_gse173098|mikl_gse173098|neurite_soma_mpra|GFP 3UTR MPRA|CAD|mikl:Pacsin1:550.0:ef85c797316aceca,mikl_gse173098|mikl_gse173098|neurite_soma_mpra|GFP 3UTR MPRA|Neuro-2a|mikl:Pacsin1:550.0:ef85c797316aceca,2,True
a7eb9ab7354a60a1,1,mikl_gse173098|mikl_gse173098|neurite_soma_mpra|GFP 3UTR MPRA|CAD|mikl:Pacsin1:1150.0:50990916862d6ca1,mikl_gse173098|mikl_gse173098|neurite_soma_mpra|GFP 3UTR MPRA|Neuro-2a|mikl:Pacsin1:1150.0:50990916862d6ca1,4,False
a7eb9ab7354a60a1,1,mikl_gse173098|mikl_gse173098|neurite_soma_mpra|GFP 3UTR MPRA|CAD|mikl:Pacsin1:1200.0:4fb4b494da31ae8f,mikl_gse173098|mikl_gse173098|neurite_soma_mpra|GFP 3UTR MPRA|Neuro-2a|mikl:Pacsin1:1200.0:4fb4b494da31ae8f,3,False
a7eb9ab7354a60a1,1,mikl_gse173098|mikl_gse173098|neurite_soma_mpra|GFP 3UTR MPRA|CAD|mikl:Pacsin1:2600.0:b43b71828c1d2d8b,mikl_gse173098|mikl_gse173098|neurite_soma_mpra|GFP 3UTR MPRA|Neuro-2a|mikl:Pacsin1:2600.0:b43b71828c1d2d8b,5,False
a7eb9ab7354a60a1,1,mikl_gse173098|mikl_gse173098|neurite_soma_mpra|GFP 3UTR MPRA|CAD|mikl:Pacsin1:100.0:ba4b294f531d71d9,mikl_gse173098|mikl_gse173098|neurite_soma_mpra|GFP 3UTR MPRA|Neuro-2a|mikl:Pacsin1:100.0:ba4b294f531d71d9,3,False
a7eb9ab7354a60a1,1,mikl_gse173098|mikl_gse173098|neurite_soma_mpra|GFP 3UTR MPRA|CAD|mikl:Pacsin1:50.0:f74c31e85fd2bae4,mikl_gse173098|mikl_gse173098|neurite_soma_mpra|GFP 3UTR MPRA|Neuro-2a|mikl:Pacsin1:50.0:f74c31e85fd2bae4,3,True
a7f634f329be42d1,0,mikl_gse173098|mikl_gse173098|neurite_soma_mpra|GFP 3UTR MPRA|CAD|mikl:Vma21:1300.0:194aa37d10dbc833,mikl_gse173098|mikl_gse173098|neurite_soma_mpra|GFP 3UTR MPRA|Neuro-2a|mikl:Vma21:1300.0:194aa37d10dbc833,2,True
a7f634f329be42d1,0,mikl_gse173098|mikl_gse173098|neurite_soma_mpra|GFP 3UTR MPRA|CAD|mikl:Vma21:2000.0:0f3419241804a134,mikl_gse173098|mikl_gse173098|neurite_soma_mpra|GFP 3UTR MPRA|Neuro-2a|mikl:Vma21:2000.0:0f3419241804a134,4,False
a7f634f329be42d1,0,mikl_gse173098|mikl_gse173098|neurite_soma_mpra|GFP 3UTR MPRA|CAD|mikl:Vma21:2700.0:e29792f37ed8a6fa,mikl_gse173098|mikl_gse173098|neurite_soma_mpra|GFP 3UTR MPRA|Neuro-2a|mikl:Vma21:2700.0:e29792f37ed8a6fa,8,False
a7f634f329be42d1,0,mikl_gse173098|mikl_gse173098|neurite_soma_mpra|GFP 3UTR MPRA|CAD|mikl:Vma21:3300.0:04f7b6a235f134d7,mikl_gse173098|mikl_gse173098|neurite_soma_mpra|GFP 3UTR MPRA|Neuro-2a|mikl:Vma21:3300.0:04f7b6a235f134d7,2,True
a7f634f329be42d1,0,mikl_gse173098|mikl_gse173098|neurite_soma_mpra|GFP 3UTR MPRA|CAD|mikl:Vma21:1050.0:4e4185cb8c928171,mikl_gse173098|mikl_gse173098|neurite_soma_mpra|GFP 3UTR MPRA|Neuro-2a|mikl:Vma21:1050.0:4e4185cb8c928171,5,False
a7f634f329be42d1,0,mikl_gse173098|mikl_gse173098|neurite_soma_mpra|GFP 3UTR MPRA|CAD|mikl:Vma21:1450.0:81841ccead3307eb,mikl_gse173098|mikl_gse173098|neurite_soma_mpra|GFP 3UTR MPRA|Neuro-2a|mikl:Vma21:1450.0:81841ccead3307eb,5,False
a7f634f329be42d1,0,mikl_gse173098|mikl_gse173098|neurite_soma_mpra|GFP 3UTR MPRA|CAD|mikl:Vma21:300.0:5ac34cb71c897637,mikl_gse173098|mikl_gse173098|neurite_soma_mpra|GFP 3UTR MPRA|Neuro-2a|mikl:Vma21:300.0:5ac34cb71c897637,2,False
a7f634f329be42d1,0,mikl_gse173098|mikl_gse173098|neurite_soma_mpra|GFP 3UTR MPRA|CAD|mikl:Vma21:1400.0:f215380691763059,mikl_gse173098|mikl_gse173098|neurite_soma_mpra|GFP 3UTR MPRA|Neuro-2a|mikl:Vma21:1400.0:f215380691763059,3,False
a7f634f329be42d1,0,mikl_gse173098|mikl_gse173098|neurite_soma_mpra|GFP 3UTR MPRA|CAD|mikl:Vma21:50.0:8e9dc0ee75b6acd2,mikl_gse173098|mikl_gse173098|neurite_soma_mpra|GFP 3UTR MPRA|Neuro-2a|mikl:Vma21:50.0:8e9dc0ee75b6acd2,2,False
a7f634f329be42d1,0,mikl_gse173098|mikl_gse173098|neurite_soma_mpra|GFP 3UTR MPRA|CAD|mikl:Vma21:3000.0:59107af6617ee1de,mikl_gse173098|mikl_gse173098|neurite_soma_mpra|GFP 3UTR MPRA|Neuro-2a|mikl:Vma21:3000.0:59107af6617ee1de,6,False
a7f634f329be42d1,0,mikl_gse173098|mikl_gse173098|neurite_soma_mpra|GFP 3UTR MPRA|CAD|mikl:Vma21:850.0:f801d647abc5f035,mikl_gse173098|mikl_gse173098|neurite_soma_mpra|GFP 3UTR MPRA|Neuro-2a|mikl:Vma21:850.0:f801d647abc5f035,5,False
a7f634f329be42d1,0,mikl_gse173098|mikl_gse173098|neurite_soma_mpra|GFP 3UTR MPRA|CAD|mikl:Vma21:2800.0:5b82286483bfefd0,mikl_gse173098|mikl_gse173098|neurite_soma_mpra|GFP 3UTR MPRA|Neuro-2a|mikl:Vma21:2800.0:5b82286483bfefd0,2,True
a7f634f329be42d1,0,mikl_gse173098|mikl_gse173098|neurite_soma_mpra|GFP 3UTR MPRA|CAD|mikl:Vma21:0.0:c62aa3c5395df762,mikl_gse173098|mikl_gse173098|neurite_soma_mpra|GFP 3UTR MPRA|Neuro-2a|mikl:Vma21:0.0:c62aa3c5395df762,4,False
a7f634f329be42d1,0,mikl_gse173098|mikl_gse173098|neurite_soma_mpra|GFP 3UTR MPRA|CAD|mikl:Vma21:3350.0:3a401ddb251e3a3c,mikl_gse173098|mikl_gse173098|neurite_soma_mpra|GFP 3UTR MPRA|Neuro-2a|mikl:Vma21:3350.0:3a401ddb251e3a3c,2,True
a7f634f329be42d1,0,mikl_gse173098|mikl_gse173098|neurite_soma_mpra|GFP 3UTR MPRA|CAD|mikl:Vma21:2950.0:f611165ff4529a6c,mikl_gse173098|mikl_gse173098|neurite_soma_mpra|GFP 3UTR MPRA|Neuro-2a|mikl:Vma21:2950.0:f611165ff4529a6c,6,False
a7f634f329be42d1,0,mikl_gse173098|mikl_gse173098|neurite_soma_mpra|GFP 3UTR MPRA|CAD|mikl:Vma21:2050.0:76d3315c36d26269,mikl_gse173098|mikl_gse173098|neurite_soma_mpra|GFP 3UTR MPRA|Neuro-2a|mikl:Vma21:2050.0:76d3315c36d26269,4,False
a7f634f329be42d1,0,mikl_gse173098|mikl_gse173098|neurite_soma_mpra|GFP 3UTR MPRA|CAD|mikl:Vma21:1800.0:3b5b531c69c0e751,mikl_gse173098|mikl_gse173098|neurite_soma_mpra|GFP 3UTR MPRA|Neuro-2a|mikl:Vma21:1800.0:3b5b531c69c0e751,5,False
a7f634f329be42d1,0,mikl_gse173098|mikl_gse173098|neurite_soma_mpra|GFP 3UTR MPRA|CAD|mikl:Vma21:550.0:71d8d587fa3190ec,mikl_gse173098|mikl_gse173098|neurite_soma_mpra|GFP 3UTR MPRA|Neuro-2a|mikl:Vma21:550.0:71d8d587fa3190ec,2,True
a7f634f329be42d1,0,mikl_gse173098|mikl_gse173098|neurite_soma_mpra|GFP 3UTR MPRA|CAD|mikl:Vma21:2600.0:f443d373cb958449,mikl_gse173098|mikl_gse173098|neurite_soma_mpra|GFP 3UTR MPRA|Neuro-2a|mikl:Vma21:2600.0:f443d373cb958449,8,False
a7f634f329be42d1,0,mikl_gse173098|mikl_gse173098|neurite_soma_mpra|GFP 3UTR MPRA|CAD|mikl:Vma21:1000.0:da6a3c9d9a683b79,mikl_gse173098|mikl_gse173098|neurite_soma_mpra|GFP 3UTR MPRA|Neuro-2a|mikl:Vma21:1000.0:da6a3c9d9a683b79,6,False
a7f634f329be42d1,0,mikl_gse173098|mikl_gse173098|neurite_soma_mpra|GFP 3UTR MPRA|CAD|mikl:Vma21:900.0:b30eb92bfa7e08d7,mikl_gse173098|mikl_gse173098|neurite_soma_mpra|GFP 3UTR MPRA|Neuro-2a|mikl:Vma21:900.0:b30eb92bfa7e08d7,4,False
a7f634f329be42d1,0,mikl_gse173098|mikl_gse173098|neurite_soma_mpra|GFP 3UTR MPRA|CAD|mikl:Vma21:150.0:e0e62abe5d043cf1,mikl_gse173098|mikl_gse173098|neurite_soma_mpra|GFP 3UTR MPRA|Neuro-2a|mikl:Vma21:150.0:e0e62abe5d043cf1,2,False
a7f634f329be42d1,0,mikl_gse173098|mikl_gse173098|neurite_soma_mpra|GFP 3UTR MPRA|CAD|mikl:Vma21:2250.0:01d3d47a086c1799,mikl_gse173098|mikl_gse173098|neurite_soma_mpra|GFP 3UTR MPRA|Neuro-2a|mikl:Vma21:2250.0:01d3d47a086c1799,3,False
a7f634f329be42d1,0,mikl_gse173098|mikl_gse173098|neurite_soma_mpra|GFP 3UTR MPRA|CAD|mikl:Vma21:250.0:70f10d3ba88f75ec,mikl_gse173098|mikl_gse173098|neurite_soma_mpra|GFP 3UTR MPRA|Neuro-2a|mikl:Vma21:250.0:70f10d3ba88f75ec,2,True
a7f634f329be42d1,0,mikl_gse173098|mikl_gse173098|neurite_soma_mpra|GFP 3UTR MPRA|CAD|mikl:Vma21:2350.0:192601e857dbc600,mikl_gse173098|mikl_gse173098|neurite_soma_mpra|GFP 3UTR MPRA|Neuro-2a|mikl:Vma21:2350.0:192601e857dbc600,4,False
a7f634f329be42d1,0,mikl_gse173098|mikl_gse173098|neurite_soma_mpra|GFP 3UTR MPRA|CAD|mikl:Vma21:2400.0:ee7f6eed7b3ca54f,mikl_gse173098|mikl_gse173098|neurite_soma_mpra|GFP 3UTR MPRA|Neuro-2a|mikl:Vma21:2400.0:ee7f6eed7b3ca54f,2,False
a7f634f329be42d1,0,mikl_gse173098|mikl_gse173098|neurite_soma_mpra|GFP 3UTR MPRA|CAD|mikl:Vma21:1250.0:5701ec8291837231,mikl_gse173098|mikl_gse173098|neurite_soma_mpra|GFP 3UTR MPRA|Neuro-2a|mikl:Vma21:1250.0:5701ec8291837231,2,False
a7f634f329be42d1,0,mikl_gse173098|mikl_gse173098|neurite_soma_mpra|GFP 3UTR MPRA|CAD|mikl:Vma21:1750.0:ee3c92d14ac0a130,mikl_gse173098|mikl_gse173098|neurite_soma_mpra|GFP 3UTR MPRA|Neuro-2a|mikl:Vma21:1750.0:ee3c92d14ac0a130,2,True
a7f634f329be42d1,0,mikl_gse173098|mikl_gse173098|neurite_soma_mpra|GFP 3UTR MPRA|CAD|mikl:Vma21:2300.0:db4c84566fd4b764,mikl_gse173098|mikl_gse173098|neurite_soma_mpra|GFP 3UTR MPRA|Neuro-2a|mikl:Vma21:2300.0:db4c84566fd4b764,3,False
a7f634f329be42d1,0,mikl_gse173098|mikl_gse173098|neurite_soma_mpra|GFP 3UTR MPRA|CAD|mikl:Vma21:950.0:4bafefdfa548e11b,mikl_gse173098|mikl_gse173098|neurite_soma_mpra|GFP 3UTR MPRA|Neuro-2a|mikl:Vma21:950.0:4bafefdfa548e11b,6,False
a7f634f329be42d1,0,mikl_gse173098|mikl_gse173098|neurite_soma_mpra|GFP 3UTR MPRA|CAD|mikl:Vma21:1950.0:af351eb7f5ef4dbb,mikl_gse173098|mikl_gse173098|neurite_soma_mpra|GFP 3UTR MPRA|Neuro-2a|mikl:Vma21:1950.0:af351eb7f5ef4dbb,3,False
a7f634f329be42d1,0,mikl_gse173098|mikl_gse173098|neurite_soma_mpra|GFP 3UTR MPRA|CAD|mikl:Vma21:3250.0:59ad89a0a8c917ce,mikl_gse173098|mikl_gse173098|neurite_soma_mpra|GFP 3UTR MPRA|Neuro-2a|mikl:Vma21:3250.0:59ad89a0a8c917ce,2,False
a7f634f329be42d1,0,mikl_gse173098|mikl_gse173098|neurite_soma_mpra|GFP 3UTR MPRA|CAD|mikl:Vma21:1200.0:b738c2ed1b6a7770,mikl_gse173098|mikl_gse173098|neurite_soma_mpra|GFP 3UTR MPRA|Neuro-2a|mikl:Vma21:1200.0:b738c2ed1b6a7770,2,False
a7f634f329be42d1,0,mikl_gse173098|mikl_gse173098|neurite_soma_mpra|GFP 3UTR MPRA|CAD|mikl:Vma21:700.0:52e861f4c120b0e1,mikl_gse173098|mikl_gse173098|neurite_soma_mpra|GFP 3UTR MPRA|Neuro-2a|mikl:Vma21:700.0:52e861f4c120b0e1,2,False
a7f634f329be42d1,0,mikl_gse173098|mikl_gse173098|neurite_soma_mpra|GFP 3UTR MPRA|CAD|mikl:Vma21:2100.0:679a67cf4d1ecdc7,mikl_gse173098|mikl_gse173098|neurite_soma_mpra|GFP 3UTR MPRA|Neuro-2a|mikl:Vma21:2100.0:679a67cf4d1ecdc7,7,False
a7f634f329be42d1,0,mikl_gse173098|mikl_gse173098|neurite_soma_mpra|GFP 3UTR MPRA|CAD|mikl:Vma21:2750.0:bad57e8c1f4e2cdc,mikl_gse173098|mikl_gse173098|neurite_soma_mpra|GFP 3UTR MPRA|Neuro-2a|mikl:Vma21:2750.0:bad57e8c1f4e2cdc,3,False
a7f634f329be42d1,0,mikl_gse173098|mikl_gse173098|neurite_soma_mpra|GFP 3UTR MPRA|CAD|mikl:Vma21:3450.0:a084cc3264d17309,mikl_gse173098|mikl_gse173098|neurite_soma_mpra|GFP 3UTR MPRA|Neuro-2a|mikl:Vma21:3450.0:a084cc3264d17309,2,False
a7f634f329be42d1,0,mikl_gse173098|mikl_gse173098|neurite_soma_mpra|GFP 3UTR MPRA|CAD|mikl:Vma21:1500.0:ea286d5a2d604cb2,mikl_gse173098|mikl_gse173098|neurite_soma_mpra|GFP 3UTR MPRA|Neuro-2a|mikl:Vma21:1500.0:ea286d5a2d604cb2,5,False
a7f634f329be42d1,0,mikl_gse173098|mikl_gse173098|neurite_soma_mpra|GFP 3UTR MPRA|CAD|mikl:Vma21:1550.0:5eed5f20d41fe6d7,mikl_gse173098|mikl_gse173098|neurite_soma_mpra|GFP 3UTR MPRA|Neuro-2a|mikl:Vma21:1550.0:5eed5f20d41fe6d7,4,False
a7f634f329be42d1,0,mikl_gse173098|mikl_gse173098|neurite_soma_mpra|GFP 3UTR MPRA|CAD|mikl:Vma21:400.0:b724b7babcd4d82c,mikl_gse173098|mikl_gse173098|neurite_soma_mpra|GFP 3UTR MPRA|Neuro-2a|mikl:Vma21:400.0:b724b7babcd4d82c,2,True
a7f634f329be42d1,0,mikl_gse173098|mikl_gse173098|neurite_soma_mpra|GFP 3UTR MPRA|CAD|mikl:Vma21:450.0:eff05dbcbb7752eb,mikl_gse173098|mikl_gse173098|neurite_soma_mpra|GFP 3UTR MPRA|Neuro-2a|mikl:Vma21:450.0:eff05dbcbb7752eb,2,False
a7f634f329be42d1,0,mikl_gse173098|mikl_gse173098|neurite_soma_mpra|GFP 3UTR MPRA|CAD|mikl:Vma21:3050.0:4a1f363bc40a1658,mikl_gse173098|mikl_gse173098|neurite_soma_mpra|GFP 3UTR MPRA|Neuro-2a|mikl:Vma21:3050.0:4a1f363bc40a1658,5,False
a7f634f329be42d1,0,mikl_gse173098|mikl_gse173098|neurite_soma_mpra|GFP 3UTR MPRA|CAD|mikl:Vma21:2650.0:95fccfc130ed88e5,mikl_gse173098|mikl_gse173098|neurite_soma_mpra|GFP 3UTR MPRA|Neuro-2a|mikl:Vma21:2650.0:95fccfc130ed88e5,10,False
a7f634f329be42d1,0,mikl_gse173098|mikl_gse173098|neurite_soma_mpra|GFP 3UTR MPRA|CAD|mikl:Vma21:2550.0:c32c32e24637a166,mikl_gse173098|mikl_gse173098|neurite_soma_mpra|GFP 3UTR MPRA|Neuro-2a|mikl:Vma21:2550.0:c32c32e24637a166,3,False
a7f634f329be42d1,0,mikl_gse173098|mikl_gse173098|neurite_soma_mpra|GFP 3UTR MPRA|CAD|mikl:Vma21:800.0:293708ed0ab67965,mikl_gse173098|mikl_gse173098|neurite_soma_mpra|GFP 3UTR MPRA|Neuro-2a|mikl:Vma21:800.0:293708ed0ab67965,5,False
a7f634f329be42d1,0,mikl_gse173098|mikl_gse173098|neurite_soma_mpra|GFP 3UTR MPRA|CAD|mikl:Vma21:2900.0:a2c68c47cd83b4bb,mikl_gse173098|mikl_gse173098|neurite_soma_mpra|GFP 3UTR MPRA|Neuro-2a|mikl:Vma21:2900.0:a2c68c47cd83b4bb,3,False
a7f634f329be42d1,0,mikl_gse173098|mikl_gse173098|neurite_soma_mpra|GFP 3UTR MPRA|CAD|mikl:Vma21:1900.0:9fecbac81827d7ab,mikl_gse173098|mikl_gse173098|neurite_soma_mpra|GFP 3UTR MPRA|Neuro-2a|mikl:Vma21:1900.0:9fecbac81827d7ab,4,False
a7f634f329be42d1,0,mikl_gse173098|mikl_gse173098|neurite_soma_mpra|GFP 3UTR MPRA|CAD|mikl:Vma21:1850.0:d989032f349790ff,mikl_gse173098|mikl_gse173098|neurite_soma_mpra|GFP 3UTR MPRA|Neuro-2a|mikl:Vma21:1850.0:d989032f349790ff,6,False
aad8245573689ddf,2,mikl_gse173098|mikl_gse173098|neurite_soma_mpra|GFP 3UTR MPRA|CAD|mikl:Tfg:100.0:b591acf1985f0a31,mikl_gse173098|mikl_gse173098|neurite_soma_mpra|GFP 3UTR MPRA|Neuro-2a|mikl:Tfg:100.0:b591acf1985f0a31,5,False
aad8245573689ddf,2,mikl_gse173098|mikl_gse173098|neurite_soma_mpra|GFP 3UTR MPRA|CAD|mikl:Tfg:200.0:f4a17616b61779bd,mikl_gse173098|mikl_gse173098|neurite_soma_mpra|GFP 3UTR MPRA|Neuro-2a|mikl:Tfg:200.0:f4a17616b61779bd,2,False
aad8245573689ddf,2,mikl_gse173098|mikl_gse173098|neurite_soma_mpra|GFP 3UTR MPRA|CAD|mikl:Tfg:0.0:e6b5ab0439981e59,mikl_gse173098|mikl_gse173098|neurite_soma_mpra|GFP 3UTR MPRA|Neuro-2a|mikl:Tfg:0.0:e6b5ab0439981e59,6,False
aad8245573689ddf,2,mikl_gse173098|mikl_gse173098|neurite_soma_mpra|GFP 3UTR MPRA|CAD|mikl:Tfg:50.0:50a4f2fe6fe1ddcb,mikl_gse173098|mikl_gse173098|neurite_soma_mpra|GFP 3UTR MPRA|Neuro-2a|mikl:Tfg:50.0:50a4f2fe6fe1ddcb,2,False
aad8245573689ddf,2,mikl_gse173098|mikl_gse173098|neurite_soma_mpra|GFP 3UTR MPRA|CAD|mikl:Tfg:250.0:2cd672bda9daca87,mikl_gse173098|mikl_gse173098|neurite_soma_mpra|GFP 3UTR MPRA|Neuro-2a|mikl:Tfg:250.0:2cd672bda9daca87,2,False
ac3770224ceb6e0c,0,mikl_gse173098|mikl_gse173098|neurite_soma_mpra|GFP 3UTR MPRA|CAD|mikl:Nsmf:550.0:b190fcf9532690c6,mikl_gse173098|mikl_gse173098|neurite_soma_mpra|GFP 3UTR MPRA|Neuro-2a|mikl:Nsmf:550.0:b190fcf9532690c6,2,True
ac3770224ceb6e0c,0,mikl_gse173098|mikl_gse173098|neurite_soma_mpra|GFP 3UTR MPRA|CAD|mikl:Nsmf:400.0:e63708434a7f2acd,mikl_gse173098|mikl_gse173098|neurite_soma_mpra|GFP 3UTR MPRA|Neuro-2a|mikl:Nsmf:400.0:e63708434a7f2acd,2,False
ac3770224ceb6e0c,0,mikl_gse173098|mikl_gse173098|neurite_soma_mpra|GFP 3UTR MPRA|CAD|mikl:Nsmf:1150.0:c678a304054d64c7,mikl_gse173098|mikl_gse173098|neurite_soma_mpra|GFP 3UTR MPRA|Neuro-2a|mikl:Nsmf:1150.0:c678a304054d64c7,2,True
ac3770224ceb6e0c,0,mikl_gse173098|mikl_gse173098|neurite_soma_mpra|GFP 3UTR MPRA|CAD|mikl:Nsmf:600.0:363e4be654a803d6,mikl_gse173098|mikl_gse173098|neurite_soma_mpra|GFP 3UTR MPRA|Neuro-2a|mikl:Nsmf:600.0:363e4be654a803d6,2,False
ac3770224ceb6e0c,0,mikl_gse173098|mikl_gse173098|neurite_soma_mpra|GFP 3UTR MPRA|CAD|mikl:Nsmf:850.0:d9622de4d88ec976,mikl_gse173098|mikl_gse173098|neurite_soma_mpra|GFP 3UTR MPRA|Neuro-2a|mikl:Nsmf:850.0:d9622de4d88ec976,3,True
ac3770224ceb6e0c,0,mikl_gse173098|mikl_gse173098|neurite_soma_mpra|GFP 3UTR MPRA|CAD|mikl:Nsmf:800.0:22ae9452393fddb1,mikl_gse173098|mikl_gse173098|neurite_soma_mpra|GFP 3UTR MPRA|Neuro-2a|mikl:Nsmf:800.0:22ae9452393fddb1,2,False
ac3770224ceb6e0c,0,mikl_gse173098|mikl_gse173098|neurite_soma_mpra|GFP 3UTR MPRA|CAD|mikl:Nsmf:900.0:a99e124aea5c4099,mikl_gse173098|mikl_gse173098|neurite_soma_mpra|GFP 3UTR MPRA|Neuro-2a|mikl:Nsmf:900.0:a99e124aea5c4099,4,False
ac3770224ceb6e0c,0,mikl_gse173098|mikl_gse173098|neurite_soma_mpra|GFP 3UTR MPRA|CAD|mikl:Nsmf:650.0:5183d55ec4fcab28,mikl_gse173098|mikl_gse173098|neurite_soma_mpra|GFP 3UTR MPRA|Neuro-2a|mikl:Nsmf:650.0:5183d55ec4fcab28,2,False
ac3770224ceb6e0c,0,mikl_gse173098|mikl_gse173098|neurite_soma_mpra|GFP 3UTR MPRA|CAD|mikl:Nsmf:450.0:9de63cdc81d0eca6,mikl_gse173098|mikl_gse173098|neurite_soma_mpra|GFP 3UTR MPRA|Neuro-2a|mikl:Nsmf:450.0:9de63cdc81d0eca6,3,False
ac3770224ceb6e0c,0,mikl_gse173098|mikl_gse173098|neurite_soma_mpra|GFP 3UTR MPRA|CAD|mikl:Nsmf:950.0:0ff2a494d712c9ca,mikl_gse173098|mikl_gse173098|neurite_soma_mpra|GFP 3UTR MPRA|Neuro-2a|mikl:Nsmf:950.0:0ff2a494d712c9ca,3,False
ac3770224ceb6e0c,0,mikl_gse173098|mikl_gse173098|neurite_soma_mpra|GFP 3UTR MPRA|CAD|mikl:Nsmf:350.0:0149f4b2511f72ae,mikl_gse173098|mikl_gse173098|neurite_soma_mpra|GFP 3UTR MPRA|Neuro-2a|mikl:Nsmf:350.0:0149f4b2511f72ae,2,True
ac3770224ceb6e0c,0,mikl_gse173098|mikl_gse173098|neurite_soma_mpra|GFP 3UTR MPRA|CAD|mikl:Nsmf:1050.0:49035c2078b3c273,mikl_gse173098|mikl_gse173098|neurite_soma_mpra|GFP 3UTR MPRA|Neuro-2a|mikl:Nsmf:1050.0:49035c2078b3c273,2,False
aee8263988c2172d,2,mikl_gse173098|mikl_gse173098|neurite_soma_mpra|GFP 3UTR MPRA|CAD|mikl:Acsm1:50.0:9f50d61d94f9a10d,mikl_gse173098|mikl_gse173098|neurite_soma_mpra|GFP 3UTR MPRA|Neuro-2a|mikl:Acsm1:50.0:9f50d61d94f9a10d,2,False
aeed1b500d7dc380,0,mikl_gse173098|mikl_gse173098|neurite_soma_mpra|GFP 3UTR MPRA|CAD|mikl:Dock8:900.0:57414fec78211f73,mikl_gse173098|mikl_gse173098|neurite_soma_mpra|GFP 3UTR MPRA|Neuro-2a|mikl:Dock8:900.0:57414fec78211f73,2,True
aeed1b500d7dc380,0,mikl_gse173098|mikl_gse173098|neurite_soma_mpra|GFP 3UTR MPRA|CAD|mikl:Dock8:600.0:6cb2aabd429c05e4,mikl_gse173098|mikl_gse173098|neurite_soma_mpra|GFP 3UTR MPRA|Neuro-2a|mikl:Dock8:600.0:6cb2aabd429c05e4,2,True
aeed1b500d7dc380,0,mikl_gse173098|mikl_gse173098|neurite_soma_mpra|GFP 3UTR MPRA|CAD|mikl:Dock8:550.0:f39d531d71baa318,mikl_gse173098|mikl_gse173098|neurite_soma_mpra|GFP 3UTR MPRA|Neuro-2a|mikl:Dock8:550.0:f39d531d71baa318,2,True
b0888f1bd0e1c390,2,mikl_gse173098|mikl_gse173098|neurite_soma_mpra|GFP 3UTR MPRA|CAD|mikl:Kcnq5:2150.0:6135a4330b6be2bb,mikl_gse173098|mikl_gse173098|neurite_soma_mpra|GFP 3UTR MPRA|Neuro-2a|mikl:Kcnq5:2150.0:6135a4330b6be2bb,2,False
b0888f1bd0e1c390,2,mikl_gse173098|mikl_gse173098|neurite_soma_mpra|GFP 3UTR MPRA|CAD|mikl:Kcnq5:2100.0:834c35039c41ac24,mikl_gse173098|mikl_gse173098|neurite_soma_mpra|GFP 3UTR MPRA|Neuro-2a|mikl:Kcnq5:2100.0:834c35039c41ac24,2,False
b0888f1bd0e1c390,2,mikl_gse173098|mikl_gse173098|neurite_soma_mpra|GFP 3UTR MPRA|CAD|mikl:Kcnq5:2050.0:871268418e1a44d8,mikl_gse173098|mikl_gse173098|neurite_soma_mpra|GFP 3UTR MPRA|Neuro-2a|mikl:Kcnq5:2050.0:871268418e1a44d8,3,False
b0888f1bd0e1c390,2,mikl_gse173098|mikl_gse173098|neurite_soma_mpra|GFP 3UTR MPRA|CAD|mikl:Kcnq5:1500.0:08f924c2ef0b4159,mikl_gse173098|mikl_gse173098|neurite_soma_mpra|GFP 3UTR MPRA|Neuro-2a|mikl:Kcnq5:1500.0:08f924c2ef0b4159,2,False
b0888f1bd0e1c390,2,mikl_gse173098|mikl_gse173098|neurite_soma_mpra|GFP 3UTR MPRA|CAD|mikl:Kcnq5:2950.0:b730679a86c5d6a6,mikl_gse173098|mikl_gse173098|neurite_soma_mpra|GFP 3UTR MPRA|Neuro-2a|mikl:Kcnq5:2950.0:b730679a86c5d6a6,2,False
b0907ec32dd1b2ee,2,mikl_gse173098|mikl_gse173098|neurite_soma_mpra|GFP 3UTR MPRA|CAD|mikl:Gli3:600.0:f49deeafd2b490f0,mikl_gse173098|mikl_gse173098|neurite_soma_mpra|GFP 3UTR MPRA|Neuro-2a|mikl:Gli3:600.0:f49deeafd2b490f0,2,True
b0907ec32dd1b2ee,2,mikl_gse173098|mikl_gse173098|neurite_soma_mpra|GFP 3UTR MPRA|CAD|mikl:Gli3:700.0:744a078e3882886f,mikl_gse173098|mikl_gse173098|neurite_soma_mpra|GFP 3UTR MPRA|Neuro-2a|mikl:Gli3:700.0:744a078e3882886f,2,False
b0907ec32dd1b2ee,2,mikl_gse173098|mikl_gse173098|neurite_soma_mpra|GFP 3UTR MPRA|CAD|mikl:Gli3:500.0:8b089a3ac005b86a,mikl_gse173098|mikl_gse173098|neurite_soma_mpra|GFP 3UTR MPRA|Neuro-2a|mikl:Gli3:500.0:8b089a3ac005b86a,2,True
b11306dcdc5654bb,2,mikl_gse173098|mikl_gse173098|neurite_soma_mpra|GFP 3UTR MPRA|CAD|mikl:Rnf165:650.0:6ff9fc3e5411042d,mikl_gse173098|mikl_gse173098|neurite_soma_mpra|GFP 3UTR MPRA|Neuro-2a|mikl:Rnf165:650.0:6ff9fc3e5411042d,4,False
b11306dcdc5654bb,2,mikl_gse173098|mikl_gse173098|neurite_soma_mpra|GFP 3UTR MPRA|CAD|mikl:Rnf165:2950.0:fc00fbc2e98d8376,mikl_gse173098|mikl_gse173098|neurite_soma_mpra|GFP 3UTR MPRA|Neuro-2a|mikl:Rnf165:2950.0:fc00fbc2e98d8376,2,False
b11306dcdc5654bb,2,mikl_gse173098|mikl_gse173098|neurite_soma_mpra|GFP 3UTR MPRA|CAD|mikl:Rnf165:5700.0:7882aeebfbbe82a8,mikl_gse173098|mikl_gse173098|neurite_soma_mpra|GFP 3UTR MPRA|Neuro-2a|mikl:Rnf165:5700.0:7882aeebfbbe82a8,3,False
b11306dcdc5654bb,2,mikl_gse173098|mikl_gse173098|neurite_soma_mpra|GFP 3UTR MPRA|CAD|mikl:Rnf165:150.0:4ba6f0bfd4310dbf,mikl_gse173098|mikl_gse173098|neurite_soma_mpra|GFP 3UTR MPRA|Neuro-2a|mikl:Rnf165:150.0:4ba6f0bfd4310dbf,2,True
b11306dcdc5654bb,2,mikl_gse173098|mikl_gse173098|neurite_soma_mpra|GFP 3UTR MPRA|CAD|mikl:Rnf165:4350.0:7ac3fe0c1e60e38c,mikl_gse173098|mikl_gse173098|neurite_soma_mpra|GFP 3UTR MPRA|Neuro-2a|mikl:Rnf165:4350.0:7ac3fe0c1e60e38c,2,False
b11306dcdc5654bb,2,mikl_gse173098|mikl_gse173098|neurite_soma_mpra|GFP 3UTR MPRA|CAD|mikl:Rnf165:4400.0:c56774f2b07cfaab,mikl_gse173098|mikl_gse173098|neurite_soma_mpra|GFP 3UTR MPRA|Neuro-2a|mikl:Rnf165:4400.0:c56774f2b07cfaab,3,False
b11306dcdc5654bb,2,mikl_gse173098|mikl_gse173098|neurite_soma_mpra|GFP 3UTR MPRA|CAD|mikl:Rnf165:4450.0:bc170d39b2962d06,mikl_gse173098|mikl_gse173098|neurite_soma_mpra|GFP 3UTR MPRA|Neuro-2a|mikl:Rnf165:4450.0:bc170d39b2962d06,2,False
b11306dcdc5654bb,2,mikl_gse173098|mikl_gse173098|neurite_soma_mpra|GFP 3UTR MPRA|CAD|mikl:Rnf165:200.0:60ca92585600e63c,mikl_gse173098|mikl_gse173098|neurite_soma_mpra|GFP 3UTR MPRA|Neuro-2a|mikl:Rnf165:200.0:60ca92585600e63c,3,True
b11306dcdc5654bb,2,mikl_gse173098|mikl_gse173098|neurite_soma_mpra|GFP 3UTR MPRA|CAD|mikl:Rnf165:4500.0:a9124124c674a107,mikl_gse173098|mikl_gse173098|neurite_soma_mpra|GFP 3UTR MPRA|Neuro-2a|mikl:Rnf165:4500.0:a9124124c674a107,2,False
b11306dcdc5654bb,2,mikl_gse173098|mikl_gse173098|neurite_soma_mpra|GFP 3UTR MPRA|CAD|mikl:Rnf165:5350.0:efebb3c5153d2e8d,mikl_gse173098|mikl_gse173098|neurite_soma_mpra|GFP 3UTR MPRA|Neuro-2a|mikl:Rnf165:5350.0:efebb3c5153d2e8d,2,False
b11306dcdc5654bb,2,mikl_gse173098|mikl_gse173098|neurite_soma_mpra|GFP 3UTR MPRA|CAD|mikl:Rnf165:2150.0:ab8aca86ca753411,mikl_gse173098|mikl_gse173098|neurite_soma_mpra|GFP 3UTR MPRA|Neuro-2a|mikl:Rnf165:2150.0:ab8aca86ca753411,2,False
b11306dcdc5654bb,2,mikl_gse173098|mikl_gse173098|neurite_soma_mpra|GFP 3UTR MPRA|CAD|mikl:Rnf165:4850.0:7f49432777a2b2c0,mikl_gse173098|mikl_gse173098|neurite_soma_mpra|GFP 3UTR MPRA|Neuro-2a|mikl:Rnf165:4850.0:7f49432777a2b2c0,2,False
b11306dcdc5654bb,2,mikl_gse173098|mikl_gse173098|neurite_soma_mpra|GFP 3UTR MPRA|CAD|mikl:Rnf165:2050.0:9a335633d79624ea,mikl_gse173098|mikl_gse173098|neurite_soma_mpra|GFP 3UTR MPRA|Neuro-2a|mikl:Rnf165:2050.0:9a335633d79624ea,2,False
b11306dcdc5654bb,2,mikl_gse173098|mikl_gse173098|neurite_soma_mpra|GFP 3UTR MPRA|CAD|mikl:Rnf165:1350.0:27784e6f8c79fcb3,mikl_gse173098|mikl_gse173098|neurite_soma_mpra|GFP 3UTR MPRA|Neuro-2a|mikl:Rnf165:1350.0:27784e6f8c79fcb3,2,False
b11306dcdc5654bb,2,mikl_gse173098|mikl_gse173098|neurite_soma_mpra|GFP 3UTR MPRA|CAD|mikl:Rnf165:2900.0:ab3993c643b07e1d,mikl_gse173098|mikl_gse173098|neurite_soma_mpra|GFP 3UTR MPRA|Neuro-2a|mikl:Rnf165:2900.0:ab3993c643b07e1d,3,False
b11306dcdc5654bb,2,mikl_gse173098|mikl_gse173098|neurite_soma_mpra|GFP 3UTR MPRA|CAD|mikl:Rnf165:350.0:dc2a3e7d194b57c6,mikl_gse173098|mikl_gse173098|neurite_soma_mpra|GFP 3UTR MPRA|Neuro-2a|mikl:Rnf165:350.0:dc2a3e7d194b57c6,2,True
b11306dcdc5654bb,2,mikl_gse173098|mikl_gse173098|neurite_soma_mpra|GFP 3UTR MPRA|CAD|mikl:Rnf165:5100.0:42f936966a1722d6,mikl_gse173098|mikl_gse173098|neurite_soma_mpra|GFP 3UTR MPRA|Neuro-2a|mikl:Rnf165:5100.0:42f936966a1722d6,5,False
b11306dcdc5654bb,2,mikl_gse173098|mikl_gse173098|neurite_soma_mpra|GFP 3UTR MPRA|CAD|mikl:Rnf165:2800.0:2af58d346e9d18c8,mikl_gse173098|mikl_gse173098|neurite_soma_mpra|GFP 3UTR MPRA|Neuro-2a|mikl:Rnf165:2800.0:2af58d346e9d18c8,3,True
b11306dcdc5654bb,2,mikl_gse173098|mikl_gse173098|neurite_soma_mpra|GFP 3UTR MPRA|CAD|mikl:Rnf165:2850.0:d917d57385353363,mikl_gse173098|mikl_gse173098|neurite_soma_mpra|GFP 3UTR MPRA|Neuro-2a|mikl:Rnf165:2850.0:d917d57385353363,2,True
b11306dcdc5654bb,2,mikl_gse173098|mikl_gse173098|neurite_soma_mpra|GFP 3UTR MPRA|CAD|mikl:Rnf165:400.0:590a4ce8f5f3ae05,mikl_gse173098|mikl_gse173098|neurite_soma_mpra|GFP 3UTR MPRA|Neuro-2a|mikl:Rnf165:400.0:590a4ce8f5f3ae05,2,False
b11306dcdc5654bb,2,mikl_gse173098|mikl_gse173098|neurite_soma_mpra|GFP 3UTR MPRA|CAD|mikl:Rnf165:5800.0:c68e92d87cd2a9bf,mikl_gse173098|mikl_gse173098|neurite_soma_mpra|GFP 3UTR MPRA|Neuro-2a|mikl:Rnf165:5800.0:c68e92d87cd2a9bf,2,True
b11306dcdc5654bb,2,mikl_gse173098|mikl_gse173098|neurite_soma_mpra|GFP 3UTR MPRA|CAD|mikl:Rnf165:5150.0:b75e00750c8b1d52,mikl_gse173098|mikl_gse173098|neurite_soma_mpra|GFP 3UTR MPRA|Neuro-2a|mikl:Rnf165:5150.0:b75e00750c8b1d52,4,True
b11306dcdc5654bb,2,mikl_gse173098|mikl_gse173098|neurite_soma_mpra|GFP 3UTR MPRA|CAD|mikl:Rnf165:1450.0:be2df692eec6dd7a,mikl_gse173098|mikl_gse173098|neurite_soma_mpra|GFP 3UTR MPRA|Neuro-2a|mikl:Rnf165:1450.0:be2df692eec6dd7a,2,True
b11306dcdc5654bb,2,mikl_gse173098|mikl_gse173098|neurite_soma_mpra|GFP 3UTR MPRA|CAD|mikl:Rnf165:4900.0:1486339d2883f1f0,mikl_gse173098|mikl_gse173098|neurite_soma_mpra|GFP 3UTR MPRA|Neuro-2a|mikl:Rnf165:4900.0:1486339d2883f1f0,2,False
b11306dcdc5654bb,2,mikl_gse173098|mikl_gse173098|neurite_soma_mpra|GFP 3UTR MPRA|CAD|mikl:Rnf165:3500.0:af316ff445bd428d,mikl_gse173098|mikl_gse173098|neurite_soma_mpra|GFP 3UTR MPRA|Neuro-2a|mikl:Rnf165:3500.0:af316ff445bd428d,3,False
b11306dcdc5654bb,2,mikl_gse173098|mikl_gse173098|neurite_soma_mpra|GFP 3UTR MPRA|CAD|mikl:Rnf165:1400.0:4f52f7094a2d737a,mikl_gse173098|mikl_gse173098|neurite_soma_mpra|GFP 3UTR MPRA|Neuro-2a|mikl:Rnf165:1400.0:4f52f7094a2d737a,2,False
b11306dcdc5654bb,2,mikl_gse173098|mikl_gse173098|neurite_soma_mpra|GFP 3UTR MPRA|CAD|mikl:Rnf165:5750.0:e9092dddeb26a8d6,mikl_gse173098|mikl_gse173098|neurite_soma_mpra|GFP 3UTR MPRA|Neuro-2a|mikl:Rnf165:5750.0:e9092dddeb26a8d6,2,True
b11306dcdc5654bb,2,mikl_gse173098|mikl_gse173098|neurite_soma_mpra|GFP 3UTR MPRA|CAD|mikl:Rnf165:2100.0:38b29d78a05d29fa,mikl_gse173098|mikl_gse173098|neurite_soma_mpra|GFP 3UTR MPRA|Neuro-2a|mikl:Rnf165:2100.0:38b29d78a05d29fa,2,True
b11306dcdc5654bb,2,mikl_gse173098|mikl_gse173098|neurite_soma_mpra|GFP 3UTR MPRA|CAD|mikl:Rnf165:5200.0:74348eb4e1872997,mikl_gse173098|mikl_gse173098|neurite_soma_mpra|GFP 3UTR MPRA|Neuro-2a|mikl:Rnf165:5200.0:74348eb4e1872997,4,False
b42c56ed61508e05,2,mikl_gse173098|mikl_gse173098|neurite_soma_mpra|GFP 3UTR MPRA|CAD|mikl:Itpr2:50.0:104b3e03462af7d7,mikl_gse173098|mikl_gse173098|neurite_soma_mpra|GFP 3UTR MPRA|Neuro-2a|mikl:Itpr2:50.0:104b3e03462af7d7,3,False
b42c56ed61508e05,2,mikl_gse173098|mikl_gse173098|neurite_soma_mpra|GFP 3UTR MPRA|CAD|mikl:Itpr2:1200.0:710d661c8f129887,mikl_gse173098|mikl_gse173098|neurite_soma_mpra|GFP 3UTR MPRA|Neuro-2a|mikl:Itpr2:1200.0:710d661c8f129887,2,True
b42c56ed61508e05,2,mikl_gse173098|mikl_gse173098|neurite_soma_mpra|GFP 3UTR MPRA|CAD|mikl:Itpr2:950.0:acac1d129dff8539,mikl_gse173098|mikl_gse173098|neurite_soma_mpra|GFP 3UTR MPRA|Neuro-2a|mikl:Itpr2:950.0:acac1d129dff8539,2,False
b42c56ed61508e05,2,mikl_gse173098|mikl_gse173098|neurite_soma_mpra|GFP 3UTR MPRA|CAD|mikl:Itpr2:2550.0:0e060d85432411a0,mikl_gse173098|mikl_gse173098|neurite_soma_mpra|GFP 3UTR MPRA|Neuro-2a|mikl:Itpr2:2550.0:0e060d85432411a0,3,True
b42c56ed61508e05,2,mikl_gse173098|mikl_gse173098|neurite_soma_mpra|GFP 3UTR MPRA|CAD|mikl:Itpr2:0.0:dfeaffe93ee0b9e6,mikl_gse173098|mikl_gse173098|neurite_soma_mpra|GFP 3UTR MPRA|Neuro-2a|mikl:Itpr2:0.0:dfeaffe93ee0b9e6,2,True
b42c56ed61508e05,2,mikl_gse173098|mikl_gse173098|neurite_soma_mpra|GFP 3UTR MPRA|CAD|mikl:Itpr2:900.0:4c4594cd032b1012,mikl_gse173098|mikl_gse173098|neurite_soma_mpra|GFP 3UTR MPRA|Neuro-2a|mikl:Itpr2:900.0:4c4594cd032b1012,2,False
b42c56ed61508e05,2,mikl_gse173098|mikl_gse173098|neurite_soma_mpra|GFP 3UTR MPRA|CAD|mikl:Itpr2:400.0:53b09597bbf070a9,mikl_gse173098|mikl_gse173098|neurite_soma_mpra|GFP 3UTR MPRA|Neuro-2a|mikl:Itpr2:400.0:53b09597bbf070a9,2,True
b42c56ed61508e05,2,mikl_gse173098|mikl_gse173098|neurite_soma_mpra|GFP 3UTR MPRA|CAD|mikl:Itpr2:1250.0:a4f41416555b0b4f,mikl_gse173098|mikl_gse173098|neurite_soma_mpra|GFP 3UTR MPRA|Neuro-2a|mikl:Itpr2:1250.0:a4f41416555b0b4f,2,True
b42c56ed61508e05,2,mikl_gse173098|mikl_gse173098|neurite_soma_mpra|GFP 3UTR MPRA|CAD|mikl:Itpr2:450.0:6270a393389bef3b,mikl_gse173098|mikl_gse173098|neurite_soma_mpra|GFP 3UTR MPRA|Neuro-2a|mikl:Itpr2:450.0:6270a393389bef3b,2,True
b42c56ed61508e05,2,mikl_gse173098|mikl_gse173098|neurite_soma_mpra|GFP 3UTR MPRA|CAD|mikl:Itpr2:2500.0:e8967765ed3345c5,mikl_gse173098|mikl_gse173098|neurite_soma_mpra|GFP 3UTR MPRA|Neuro-2a|mikl:Itpr2:2500.0:e8967765ed3345c5,3,False
b42c56ed61508e05,2,mikl_gse173098|mikl_gse173098|neurite_soma_mpra|GFP 3UTR MPRA|CAD|mikl:Itpr2:2000.0:f31be815ef1d72a4,mikl_gse173098|mikl_gse173098|neurite_soma_mpra|GFP 3UTR MPRA|Neuro-2a|mikl:Itpr2:2000.0:f31be815ef1d72a4,2,False
b86a81c41531f6b4,1,mikl_gse173098|mikl_gse173098|neurite_soma_mpra|GFP 3UTR MPRA|CAD|mikl:Rmi2:2400.0:a3aedbc61b5dbd9c,mikl_gse173098|mikl_gse173098|neurite_soma_mpra|GFP 3UTR MPRA|Neuro-2a|mikl:Rmi2:2400.0:a3aedbc61b5dbd9c,2,False
b86a81c41531f6b4,1,mikl_gse173098|mikl_gse173098|neurite_soma_mpra|GFP 3UTR MPRA|CAD|mikl:Rmi2:1500.0:4fa36f36f6203cda,mikl_gse173098|mikl_gse173098|neurite_soma_mpra|GFP 3UTR MPRA|Neuro-2a|mikl:Rmi2:1500.0:4fa36f36f6203cda,2,False
b86a81c41531f6b4,1,mikl_gse173098|mikl_gse173098|neurite_soma_mpra|GFP 3UTR MPRA|CAD|mikl:Rmi2:100.0:9a89fb1dfa2a6d32,mikl_gse173098|mikl_gse173098|neurite_soma_mpra|GFP 3UTR MPRA|Neuro-2a|mikl:Rmi2:100.0:9a89fb1dfa2a6d32,2,False
b86a81c41531f6b4,1,mikl_gse173098|mikl_gse173098|neurite_soma_mpra|GFP 3UTR MPRA|CAD|mikl:Rmi2:150.0:75a59cf259af967b,mikl_gse173098|mikl_gse173098|neurite_soma_mpra|GFP 3UTR MPRA|Neuro-2a|mikl:Rmi2:150.0:75a59cf259af967b,2,True
b86a81c41531f6b4,1,mikl_gse173098|mikl_gse173098|neurite_soma_mpra|GFP 3UTR MPRA|CAD|mikl:Rmi2:2850.0:9d716841e2b3fa36,mikl_gse173098|mikl_gse173098|neurite_soma_mpra|GFP 3UTR MPRA|Neuro-2a|mikl:Rmi2:2850.0:9d716841e2b3fa36,2,True
b86a81c41531f6b4,1,mikl_gse173098|mikl_gse173098|neurite_soma_mpra|GFP 3UTR MPRA|CAD|mikl:Rmi2:1450.0:4885e21d50363c3e,mikl_gse173098|mikl_gse173098|neurite_soma_mpra|GFP 3UTR MPRA|Neuro-2a|mikl:Rmi2:1450.0:4885e21d50363c3e,2,False
b86a81c41531f6b4,1,mikl_gse173098|mikl_gse173098|neurite_soma_mpra|GFP 3UTR MPRA|CAD|mikl:Rmi2:200.0:8a9c70448f3e2122,mikl_gse173098|mikl_gse173098|neurite_soma_mpra|GFP 3UTR MPRA|Neuro-2a|mikl:Rmi2:200.0:8a9c70448f3e2122,2,True
b86a81c41531f6b4,1,mikl_gse173098|mikl_gse173098|neurite_soma_mpra|GFP 3UTR MPRA|CAD|mikl:Rmi2:1000.0:7aba321ec43e2454,mikl_gse173098|mikl_gse173098|neurite_soma_mpra|GFP 3UTR MPRA|Neuro-2a|mikl:Rmi2:1000.0:7aba321ec43e2454,2,True
b86a81c41531f6b4,1,mikl_gse173098|mikl_gse173098|neurite_soma_mpra|GFP 3UTR MPRA|CAD|mikl:Rmi2:1050.0:679ab562cea910bb,mikl_gse173098|mikl_gse173098|neurite_soma_mpra|GFP 3UTR MPRA|Neuro-2a|mikl:Rmi2:1050.0:679ab562cea910bb,2,True
b86a81c41531f6b4,1,mikl_gse173098|mikl_gse173098|neurite_soma_mpra|GFP 3UTR MPRA|CAD|mikl:Rmi2:2350.0:325da49ce81839f3,mikl_gse173098|mikl_gse173098|neurite_soma_mpra|GFP 3UTR MPRA|Neuro-2a|mikl:Rmi2:2350.0:325da49ce81839f3,2,False
b86a81c41531f6b4,1,mikl_gse173098|mikl_gse173098|neurite_soma_mpra|GFP 3UTR MPRA|CAD|mikl:Rmi2:2800.0:6dc7be795caa691a,mikl_gse173098|mikl_gse173098|neurite_soma_mpra|GFP 3UTR MPRA|Neuro-2a|mikl:Rmi2:2800.0:6dc7be795caa691a,2,True
b86a81c41531f6b4,1,mikl_gse173098|mikl_gse173098|neurite_soma_mpra|GFP 3UTR MPRA|CAD|mikl:Rmi2:1550.0:221612d3defe6882,mikl_gse173098|mikl_gse173098|neurite_soma_mpra|GFP 3UTR MPRA|Neuro-2a|mikl:Rmi2:1550.0:221612d3defe6882,2,False
b86a81c41531f6b4,1,mikl_gse173098|mikl_gse173098|neurite_soma_mpra|GFP 3UTR MPRA|CAD|mikl:Rmi2:2750.0:f44bcf5e7433bee0,mikl_gse173098|mikl_gse173098|neurite_soma_mpra|GFP 3UTR MPRA|Neuro-2a|mikl:Rmi2:2750.0:f44bcf5e7433bee0,2,False
b86a81c41531f6b4,1,mikl_gse173098|mikl_gse173098|neurite_soma_mpra|GFP 3UTR MPRA|CAD|mikl:Rmi2:350.0:2e2561986d2193d8,mikl_gse173098|mikl_gse173098|neurite_soma_mpra|GFP 3UTR MPRA|Neuro-2a|mikl:Rmi2:350.0:2e2561986d2193d8,2,False
b89dd91c6b00198e,1,mikl_gse173098|mikl_gse173098|neurite_soma_mpra|GFP 3UTR MPRA|CAD|mikl:Mre11a:2350.0:66812bfe7dacfa17,mikl_gse173098|mikl_gse173098|neurite_soma_mpra|GFP 3UTR MPRA|Neuro-2a|mikl:Mre11a:2350.0:66812bfe7dacfa17,2,False
b89dd91c6b00198e,1,mikl_gse173098|mikl_gse173098|neurite_soma_mpra|GFP 3UTR MPRA|CAD|mikl:Mre11a:2250.0:7739616e3fb9503a,mikl_gse173098|mikl_gse173098|neurite_soma_mpra|GFP 3UTR MPRA|Neuro-2a|mikl:Mre11a:2250.0:7739616e3fb9503a,2,False
b89dd91c6b00198e,1,mikl_gse173098|mikl_gse173098|neurite_soma_mpra|GFP 3UTR MPRA|CAD|mikl:Mre11a:2300.0:3d1140fe16aa36ab,mikl_gse173098|mikl_gse173098|neurite_soma_mpra|GFP 3UTR MPRA|Neuro-2a|mikl:Mre11a:2300.0:3d1140fe16aa36ab,3,False
b89dd91c6b00198e,1,mikl_gse173098|mikl_gse173098|neurite_soma_mpra|GFP 3UTR MPRA|CAD|mikl:Mre11a:400.0:1804aa80fbc16505,mikl_gse173098|mikl_gse173098|neurite_soma_mpra|GFP 3UTR MPRA|Neuro-2a|mikl:Mre11a:400.0:1804aa80fbc16505,2,True
b89dd91c6b00198e,1,mikl_gse173098|mikl_gse173098|neurite_soma_mpra|GFP 3UTR MPRA|CAD|mikl:Mre11a:3000.0:53c86d4e4768b632,mikl_gse173098|mikl_gse173098|neurite_soma_mpra|GFP 3UTR MPRA|Neuro-2a|mikl:Mre11a:3000.0:53c86d4e4768b632,2,True
b89dd91c6b00198e,1,mikl_gse173098|mikl_gse173098|neurite_soma_mpra|GFP 3UTR MPRA|CAD|mikl:Mre11a:3050.0:578b00aca9eeefb5,mikl_gse173098|mikl_gse173098|neurite_soma_mpra|GFP 3UTR MPRA|Neuro-2a|mikl:Mre11a:3050.0:578b00aca9eeefb5,2,True
b89dd91c6b00198e,1,mikl_gse173098|mikl_gse173098|neurite_soma_mpra|GFP 3UTR MPRA|CAD|mikl:Mre11a:350.0:aa5641d9a80635b7,mikl_gse173098|mikl_gse173098|neurite_soma_mpra|GFP 3UTR MPRA|Neuro-2a|mikl:Mre11a:350.0:aa5641d9a80635b7,3,False
b89dd91c6b00198e,1,mikl_gse173098|mikl_gse173098|neurite_soma_mpra|GFP 3UTR MPRA|CAD|mikl:Mre11a:2950.0:acf82b8a8d47d336,mikl_gse173098|mikl_gse173098|neurite_soma_mpra|GFP 3UTR MPRA|Neuro-2a|mikl:Mre11a:2950.0:acf82b8a8d47d336,3,True
b97d7ffad895e3ec,2,mikl_gse173098|mikl_gse173098|neurite_soma_mpra|GFP 3UTR MPRA|CAD|mikl:Tbcel:1850.0:84f2afdb3dcb703f,mikl_gse173098|mikl_gse173098|neurite_soma_mpra|GFP 3UTR MPRA|Neuro-2a|mikl:Tbcel:1850.0:84f2afdb3dcb703f,4,False
b97d7ffad895e3ec,2,mikl_gse173098|mikl_gse173098|neurite_soma_mpra|GFP 3UTR MPRA|CAD|mikl:Tbcel:1000.0:16210e8e706d123b,mikl_gse173098|mikl_gse173098|neurite_soma_mpra|GFP 3UTR MPRA|Neuro-2a|mikl:Tbcel:1000.0:16210e8e706d123b,4,False
b97d7ffad895e3ec,2,mikl_gse173098|mikl_gse173098|neurite_soma_mpra|GFP 3UTR MPRA|CAD|mikl:Tbcel:200.0:166409ee6092ee8e,mikl_gse173098|mikl_gse173098|neurite_soma_mpra|GFP 3UTR MPRA|Neuro-2a|mikl:Tbcel:200.0:166409ee6092ee8e,2,True
b97d7ffad895e3ec,2,mikl_gse173098|mikl_gse173098|neurite_soma_mpra|GFP 3UTR MPRA|CAD|mikl:Tbcel:2200.0:4b01fd66fb998c1b,mikl_gse173098|mikl_gse173098|neurite_soma_mpra|GFP 3UTR MPRA|Neuro-2a|mikl:Tbcel:2200.0:4b01fd66fb998c1b,5,False
b97d7ffad895e3ec,2,mikl_gse173098|mikl_gse173098|neurite_soma_mpra|GFP 3UTR MPRA|CAD|mikl:Tbcel:1750.0:31d606ba0d7036be,mikl_gse173098|mikl_gse173098|neurite_soma_mpra|GFP 3UTR MPRA|Neuro-2a|mikl:Tbcel:1750.0:31d606ba0d7036be,6,False
b97d7ffad895e3ec,2,mikl_gse173098|mikl_gse173098|neurite_soma_mpra|GFP 3UTR MPRA|CAD|mikl:Tbcel:1950.0:a043811399cdb60a,mikl_gse173098|mikl_gse173098|neurite_soma_mpra|GFP 3UTR MPRA|Neuro-2a|mikl:Tbcel:1950.0:a043811399cdb60a,4,False
b97d7ffad895e3ec,2,mikl_gse173098|mikl_gse173098|neurite_soma_mpra|GFP 3UTR MPRA|CAD|mikl:Tbcel:1700.0:aaa64ca88b6de443,mikl_gse173098|mikl_gse173098|neurite_soma_mpra|GFP 3UTR MPRA|Neuro-2a|mikl:Tbcel:1700.0:aaa64ca88b6de443,5,False
b97d7ffad895e3ec,2,mikl_gse173098|mikl_gse173098|neurite_soma_mpra|GFP 3UTR MPRA|CAD|mikl:Tbcel:950.0:3865da8360491e59,mikl_gse173098|mikl_gse173098|neurite_soma_mpra|GFP 3UTR MPRA|Neuro-2a|mikl:Tbcel:950.0:3865da8360491e59,3,False
b97d7ffad895e3ec,2,mikl_gse173098|mikl_gse173098|neurite_soma_mpra|GFP 3UTR MPRA|CAD|mikl:Tbcel:300.0:0bd6fd656a9f381f,mikl_gse173098|mikl_gse173098|neurite_soma_mpra|GFP 3UTR MPRA|Neuro-2a|mikl:Tbcel:300.0:0bd6fd656a9f381f,2,False
b97d7ffad895e3ec,2,mikl_gse173098|mikl_gse173098|neurite_soma_mpra|GFP 3UTR MPRA|CAD|mikl:Tbcel:2250.0:62e6af389b9a03d5,mikl_gse173098|mikl_gse173098|neurite_soma_mpra|GFP 3UTR MPRA|Neuro-2a|mikl:Tbcel:2250.0:62e6af389b9a03d5,4,False
b97d7ffad895e3ec,2,mikl_gse173098|mikl_gse173098|neurite_soma_mpra|GFP 3UTR MPRA|CAD|mikl:Tbcel:3250.0:9a64a9ecf8e0c0aa,mikl_gse173098|mikl_gse173098|neurite_soma_mpra|GFP 3UTR MPRA|Neuro-2a|mikl:Tbcel:3250.0:9a64a9ecf8e0c0aa,2,True
b97d7ffad895e3ec,2,mikl_gse173098|mikl_gse173098|neurite_soma_mpra|GFP 3UTR MPRA|CAD|mikl:Tbcel:1150.0:818f7e677a120f8a,mikl_gse173098|mikl_gse173098|neurite_soma_mpra|GFP 3UTR MPRA|Neuro-2a|mikl:Tbcel:1150.0:818f7e677a120f8a,3,True
b97d7ffad895e3ec,2,mikl_gse173098|mikl_gse173098|neurite_soma_mpra|GFP 3UTR MPRA|CAD|mikl:Tbcel:2900.0:a5443912828b4bd7,mikl_gse173098|mikl_gse173098|neurite_soma_mpra|GFP 3UTR MPRA|Neuro-2a|mikl:Tbcel:2900.0:a5443912828b4bd7,5,True
b97d7ffad895e3ec,2,mikl_gse173098|mikl_gse173098|neurite_soma_mpra|GFP 3UTR MPRA|CAD|mikl:Tbcel:2700.0:b15163709a8c9ff5,mikl_gse173098|mikl_gse173098|neurite_soma_mpra|GFP 3UTR MPRA|Neuro-2a|mikl:Tbcel:2700.0:b15163709a8c9ff5,2,True
b97d7ffad895e3ec,2,mikl_gse173098|mikl_gse173098|neurite_soma_mpra|GFP 3UTR MPRA|CAD|mikl:Tbcel:3100.0:9d61951c94164776,mikl_gse173098|mikl_gse173098|neurite_soma_mpra|GFP 3UTR MPRA|Neuro-2a|mikl:Tbcel:3100.0:9d61951c94164776,2,True
b97d7ffad895e3ec,2,mikl_gse173098|mikl_gse173098|neurite_soma_mpra|GFP 3UTR MPRA|CAD|mikl:Tbcel:3150.0:6e359f5b3c4abd89,mikl_gse173098|mikl_gse173098|neurite_soma_mpra|GFP 3UTR MPRA|Neuro-2a|mikl:Tbcel:3150.0:6e359f5b3c4abd89,3,False
b97d7ffad895e3ec,2,mikl_gse173098|mikl_gse173098|neurite_soma_mpra|GFP 3UTR MPRA|CAD|mikl:Tbcel:2150.0:d3957c5fe62f9bda,mikl_gse173098|mikl_gse173098|neurite_soma_mpra|GFP 3UTR MPRA|Neuro-2a|mikl:Tbcel:2150.0:d3957c5fe62f9bda,5,False
b97d7ffad895e3ec,2,mikl_gse173098|mikl_gse173098|neurite_soma_mpra|GFP 3UTR MPRA|CAD|mikl:Tbcel:2500.0:7a9865456c345b50,mikl_gse173098|mikl_gse173098|neurite_soma_mpra|GFP 3UTR MPRA|Neuro-2a|mikl:Tbcel:2500.0:7a9865456c345b50,2,True
b97d7ffad895e3ec,2,mikl_gse173098|mikl_gse173098|neurite_soma_mpra|GFP 3UTR MPRA|CAD|mikl:Tbcel:150.0:edd16d24ec5f4be2,mikl_gse173098|mikl_gse173098|neurite_soma_mpra|GFP 3UTR MPRA|Neuro-2a|mikl:Tbcel:150.0:edd16d24ec5f4be2,3,True
b97d7ffad895e3ec,2,mikl_gse173098|mikl_gse173098|neurite_soma_mpra|GFP 3UTR MPRA|CAD|mikl:Tbcel:1800.0:98e373b465dce375,mikl_gse173098|mikl_gse173098|neurite_soma_mpra|GFP 3UTR MPRA|Neuro-2a|mikl:Tbcel:1800.0:98e373b465dce375,6,False
b97d7ffad895e3ec,2,mikl_gse173098|mikl_gse173098|neurite_soma_mpra|GFP 3UTR MPRA|CAD|mikl:Tbcel:1050.0:0df145a457059cd4,mikl_gse173098|mikl_gse173098|neurite_soma_mpra|GFP 3UTR MPRA|Neuro-2a|mikl:Tbcel:1050.0:0df145a457059cd4,3,False
b97d7ffad895e3ec,2,mikl_gse173098|mikl_gse173098|neurite_soma_mpra|GFP 3UTR MPRA|CAD|mikl:Tbcel:2450.0:e20d87a6b641fb54,mikl_gse173098|mikl_gse173098|neurite_soma_mpra|GFP 3UTR MPRA|Neuro-2a|mikl:Tbcel:2450.0:e20d87a6b641fb54,2,False
b97d7ffad895e3ec,2,mikl_gse173098|mikl_gse173098|neurite_soma_mpra|GFP 3UTR MPRA|CAD|mikl:Tbcel:1100.0:dc4158fba20689fa,mikl_gse173098|mikl_gse173098|neurite_soma_mpra|GFP 3UTR MPRA|Neuro-2a|mikl:Tbcel:1100.0:dc4158fba20689fa,3,True
b97d7ffad895e3ec,2,mikl_gse173098|mikl_gse173098|neurite_soma_mpra|GFP 3UTR MPRA|CAD|mikl:Tbcel:500.0:51f09bf97ec11460,mikl_gse173098|mikl_gse173098|neurite_soma_mpra|GFP 3UTR MPRA|Neuro-2a|mikl:Tbcel:500.0:51f09bf97ec11460,3,False
b97d7ffad895e3ec,2,mikl_gse173098|mikl_gse173098|neurite_soma_mpra|GFP 3UTR MPRA|CAD|mikl:Tbcel:900.0:5c1b6a9330936ef8,mikl_gse173098|mikl_gse173098|neurite_soma_mpra|GFP 3UTR MPRA|Neuro-2a|mikl:Tbcel:900.0:5c1b6a9330936ef8,2,True
b97d7ffad895e3ec,2,mikl_gse173098|mikl_gse173098|neurite_soma_mpra|GFP 3UTR MPRA|CAD|mikl:Tbcel:2400.0:74fba9458e90668a,mikl_gse173098|mikl_gse173098|neurite_soma_mpra|GFP 3UTR MPRA|Neuro-2a|mikl:Tbcel:2400.0:74fba9458e90668a,3,False
b97d7ffad895e3ec,2,mikl_gse173098|mikl_gse173098|neurite_soma_mpra|GFP 3UTR MPRA|CAD|mikl:Tbcel:1600.0:13e7ce0af0eae65d,mikl_gse173098|mikl_gse173098|neurite_soma_mpra|GFP 3UTR MPRA|Neuro-2a|mikl:Tbcel:1600.0:13e7ce0af0eae65d,4,False
b97d7ffad895e3ec,2,mikl_gse173098|mikl_gse173098|neurite_soma_mpra|GFP 3UTR MPRA|CAD|mikl:Tbcel:2850.0:6b538dcb638615a8,mikl_gse173098|mikl_gse173098|neurite_soma_mpra|GFP 3UTR MPRA|Neuro-2a|mikl:Tbcel:2850.0:6b538dcb638615a8,3,True
b97d7ffad895e3ec,2,mikl_gse173098|mikl_gse173098|neurite_soma_mpra|GFP 3UTR MPRA|CAD|mikl:Tbcel:2800.0:956a9cf586be044c,mikl_gse173098|mikl_gse173098|neurite_soma_mpra|GFP 3UTR MPRA|Neuro-2a|mikl:Tbcel:2800.0:956a9cf586be044c,4,False
b97d7ffad895e3ec,2,mikl_gse173098|mikl_gse173098|neurite_soma_mpra|GFP 3UTR MPRA|CAD|mikl:Tbcel:2550.0:454ef933e9ddc169,mikl_gse173098|mikl_gse173098|neurite_soma_mpra|GFP 3UTR MPRA|Neuro-2a|mikl:Tbcel:2550.0:454ef933e9ddc169,2,True
b97d7ffad895e3ec,2,mikl_gse173098|mikl_gse173098|neurite_soma_mpra|GFP 3UTR MPRA|CAD|mikl:Tbcel:2050.0:402f76dd61abc742,mikl_gse173098|mikl_gse173098|neurite_soma_mpra|GFP 3UTR MPRA|Neuro-2a|mikl:Tbcel:2050.0:402f76dd61abc742,4,False
b97d7ffad895e3ec,2,mikl_gse173098|mikl_gse173098|neurite_soma_mpra|GFP 3UTR MPRA|CAD|mikl:Tbcel:2650.0:3b268801ada1f15d,mikl_gse173098|mikl_gse173098|neurite_soma_mpra|GFP 3UTR MPRA|Neuro-2a|mikl:Tbcel:2650.0:3b268801ada1f15d,4,False
b97d7ffad895e3ec,2,mikl_gse173098|mikl_gse173098|neurite_soma_mpra|GFP 3UTR MPRA|CAD|mikl:Tbcel:1900.0:6481b196a71858f6,mikl_gse173098|mikl_gse173098|neurite_soma_mpra|GFP 3UTR MPRA|Neuro-2a|mikl:Tbcel:1900.0:6481b196a71858f6,2,False
b97d7ffad895e3ec,2,mikl_gse173098|mikl_gse173098|neurite_soma_mpra|GFP 3UTR MPRA|CAD|mikl:Tbcel:2100.0:cc22a29b6ca59d55,mikl_gse173098|mikl_gse173098|neurite_soma_mpra|GFP 3UTR MPRA|Neuro-2a|mikl:Tbcel:2100.0:cc22a29b6ca59d55,2,True
b97d7ffad895e3ec,2,mikl_gse173098|mikl_gse173098|neurite_soma_mpra|GFP 3UTR MPRA|CAD|mikl:Tbcel:1650.0:bc1c954381a20ff5,mikl_gse173098|mikl_gse173098|neurite_soma_mpra|GFP 3UTR MPRA|Neuro-2a|mikl:Tbcel:1650.0:bc1c954381a20ff5,3,False
b97d7ffad895e3ec,2,mikl_gse173098|mikl_gse173098|neurite_soma_mpra|GFP 3UTR MPRA|CAD|mikl:Tbcel:2000.0:6f27ef50db221e4c,mikl_gse173098|mikl_gse173098|neurite_soma_mpra|GFP 3UTR MPRA|Neuro-2a|mikl:Tbcel:2000.0:6f27ef50db221e4c,4,False
b97d7ffad895e3ec,2,mikl_gse173098|mikl_gse173098|neurite_soma_mpra|GFP 3UTR MPRA|CAD|mikl:Tbcel:3200.0:753e47dbaf34f461,mikl_gse173098|mikl_gse173098|neurite_soma_mpra|GFP 3UTR MPRA|Neuro-2a|mikl:Tbcel:3200.0:753e47dbaf34f461,3,False
b9c0ce1702d7ad24,2,mikl_gse173098|mikl_gse173098|neurite_soma_mpra|GFP 3UTR MPRA|CAD|mikl:Col8a1:1600.0:18fbf6006842509f,mikl_gse173098|mikl_gse173098|neurite_soma_mpra|GFP 3UTR MPRA|Neuro-2a|mikl:Col8a1:1600.0:18fbf6006842509f,2,False
b9c0ce1702d7ad24,2,mikl_gse173098|mikl_gse173098|neurite_soma_mpra|GFP 3UTR MPRA|CAD|mikl:Col8a1:1650.0:ac143a9c02397071,mikl_gse173098|mikl_gse173098|neurite_soma_mpra|GFP 3UTR MPRA|Neuro-2a|mikl:Col8a1:1650.0:ac143a9c02397071,2,True
b9e63ef41e58a189,0,mikl_gse173098|mikl_gse173098|neurite_soma_mpra|GFP 3UTR MPRA|CAD|mikl:Aox3:300.0:64db82ed4f4325be,mikl_gse173098|mikl_gse173098|neurite_soma_mpra|GFP 3UTR MPRA|Neuro-2a|mikl:Aox3:300.0:64db82ed4f4325be,3,False
baba9e1be46b0c58,1,mikl_gse173098|mikl_gse173098|neurite_soma_mpra|GFP 3UTR MPRA|CAD|mikl:Magi2:850.0:005f6e3575be72f4,mikl_gse173098|mikl_gse173098|neurite_soma_mpra|GFP 3UTR MPRA|Neuro-2a|mikl:Magi2:850.0:005f6e3575be72f4,3,False
baba9e1be46b0c58,1,mikl_gse173098|mikl_gse173098|neurite_soma_mpra|GFP 3UTR MPRA|CAD|mikl:Magi2:0.0:91d7892e3d8b0f0b,mikl_gse173098|mikl_gse173098|neurite_soma_mpra|GFP 3UTR MPRA|Neuro-2a|mikl:Magi2:0.0:91d7892e3d8b0f0b,2,False
baba9e1be46b0c58,1,mikl_gse173098|mikl_gse173098|neurite_soma_mpra|GFP 3UTR MPRA|CAD|mikl:Magi2:800.0:c1935b164922a979,mikl_gse173098|mikl_gse173098|neurite_soma_mpra|GFP 3UTR MPRA|Neuro-2a|mikl:Magi2:800.0:c1935b164922a979,6,False
baba9e1be46b0c58,1,mikl_gse173098|mikl_gse173098|neurite_soma_mpra|GFP 3UTR MPRA|CAD|mikl:Magi2:500.0:0a84adaa752a59fc,mikl_gse173098|mikl_gse173098|neurite_soma_mpra|GFP 3UTR MPRA|Neuro-2a|mikl:Magi2:500.0:0a84adaa752a59fc,2,True
baba9e1be46b0c58,1,mikl_gse173098|mikl_gse173098|neurite_soma_mpra|GFP 3UTR MPRA|CAD|mikl:Magi2:300.0:acfda120ebdfa13b,mikl_gse173098|mikl_gse173098|neurite_soma_mpra|GFP 3UTR MPRA|Neuro-2a|mikl:Magi2:300.0:acfda120ebdfa13b,3,False
baba9e1be46b0c58,1,mikl_gse173098|mikl_gse173098|neurite_soma_mpra|GFP 3UTR MPRA|CAD|mikl:Magi2:2000.0:9a283c617aab14f9,mikl_gse173098|mikl_gse173098|neurite_soma_mpra|GFP 3UTR MPRA|Neuro-2a|mikl:Magi2:2000.0:9a283c617aab14f9,2,False
baba9e1be46b0c58,1,mikl_gse173098|mikl_gse173098|neurite_soma_mpra|GFP 3UTR MPRA|CAD|mikl:Magi2:2100.0:82a42b590d70f23f,mikl_gse173098|mikl_gse173098|neurite_soma_mpra|GFP 3UTR MPRA|Neuro-2a|mikl:Magi2:2100.0:82a42b590d70f23f,2,True
baba9e1be46b0c58,1,mikl_gse173098|mikl_gse173098|neurite_soma_mpra|GFP 3UTR MPRA|CAD|mikl:Magi2:2050.0:b33f94f0c2a66561,mikl_gse173098|mikl_gse173098|neurite_soma_mpra|GFP 3UTR MPRA|Neuro-2a|mikl:Magi2:2050.0:b33f94f0c2a66561,2,True
baba9e1be46b0c58,1,mikl_gse173098|mikl_gse173098|neurite_soma_mpra|GFP 3UTR MPRA|CAD|mikl:Magi2:450.0:9c86b7c7ba923303,mikl_gse173098|mikl_gse173098|neurite_soma_mpra|GFP 3UTR MPRA|Neuro-2a|mikl:Magi2:450.0:9c86b7c7ba923303,2,True
baba9e1be46b0c58,1,mikl_gse173098|mikl_gse173098|neurite_soma_mpra|GFP 3UTR MPRA|CAD|mikl:Magi2:100.0:9a34e014deeff0c4,mikl_gse173098|mikl_gse173098|neurite_soma_mpra|GFP 3UTR MPRA|Neuro-2a|mikl:Magi2:100.0:9a34e014deeff0c4,3,False
baba9e1be46b0c58,1,mikl_gse173098|mikl_gse173098|neurite_soma_mpra|GFP 3UTR MPRA|CAD|mikl:Magi2:1950.0:d84591f74610b07b,mikl_gse173098|mikl_gse173098|neurite_soma_mpra|GFP 3UTR MPRA|Neuro-2a|mikl:Magi2:1950.0:d84591f74610b07b,2,True
baba9e1be46b0c58,1,mikl_gse173098|mikl_gse173098|neurite_soma_mpra|GFP 3UTR MPRA|CAD|mikl:Magi2:1300.0:97675843f942d2c1,mikl_gse173098|mikl_gse173098|neurite_soma_mpra|GFP 3UTR MPRA|Neuro-2a|mikl:Magi2:1300.0:97675843f942d2c1,2,False
baba9e1be46b0c58,1,mikl_gse173098|mikl_gse173098|neurite_soma_mpra|GFP 3UTR MPRA|CAD|mikl:Magi2:1100.0:83cfa945db4fdc76,mikl_gse173098|mikl_gse173098|neurite_soma_mpra|GFP 3UTR MPRA|Neuro-2a|mikl:Magi2:1100.0:83cfa945db4fdc76,2,True
baba9e1be46b0c58,1,mikl_gse173098|mikl_gse173098|neurite_soma_mpra|GFP 3UTR MPRA|CAD|mikl:Magi2:900.0:a3214927469b716c,mikl_gse173098|mikl_gse173098|neurite_soma_mpra|GFP 3UTR MPRA|Neuro-2a|mikl:Magi2:900.0:a3214927469b716c,4,True
baba9e1be46b0c58,1,mikl_gse173098|mikl_gse173098|neurite_soma_mpra|GFP 3UTR MPRA|CAD|mikl:Magi2:50.0:3a14583969fc99b5,mikl_gse173098|mikl_gse173098|neurite_soma_mpra|GFP 3UTR MPRA|Neuro-2a|mikl:Magi2:50.0:3a14583969fc99b5,2,False
baba9e1be46b0c58,1,mikl_gse173098|mikl_gse173098|neurite_soma_mpra|GFP 3UTR MPRA|CAD|mikl:Magi2:1150.0:62d0991f6943e206,mikl_gse173098|mikl_gse173098|neurite_soma_mpra|GFP 3UTR MPRA|Neuro-2a|mikl:Magi2:1150.0:62d0991f6943e206,3,False
baba9e1be46b0c58,1,mikl_gse173098|mikl_gse173098|neurite_soma_mpra|GFP 3UTR MPRA|CAD|mikl:Magi2:550.0:788a493b9217cfed,mikl_gse173098|mikl_gse173098|neurite_soma_mpra|GFP 3UTR MPRA|Neuro-2a|mikl:Magi2:550.0:788a493b9217cfed,2,False
baba9e1be46b0c58,1,mikl_gse173098|mikl_gse173098|neurite_soma_mpra|GFP 3UTR MPRA|CAD|mikl:Magi2:1200.0:f353ccf31a31f129,mikl_gse173098|mikl_gse173098|neurite_soma_mpra|GFP 3UTR MPRA|Neuro-2a|mikl:Magi2:1200.0:f353ccf31a31f129,3,False
badca8fd83356f0e,2,mikl_gse173098|mikl_gse173098|neurite_soma_mpra|GFP 3UTR MPRA|CAD|mikl:Mcf2l:1100.0:0ccfeb98771aece5,mikl_gse173098|mikl_gse173098|neurite_soma_mpra|GFP 3UTR MPRA|Neuro-2a|mikl:Mcf2l:1100.0:0ccfeb98771aece5,3,False
badca8fd83356f0e,2,mikl_gse173098|mikl_gse173098|neurite_soma_mpra|GFP 3UTR MPRA|CAD|mikl:Mcf2l:900.0:94f83f7efaa10dc3,mikl_gse173098|mikl_gse173098|neurite_soma_mpra|GFP 3UTR MPRA|Neuro-2a|mikl:Mcf2l:900.0:94f83f7efaa10dc3,2,True
badca8fd83356f0e,2,mikl_gse173098|mikl_gse173098|neurite_soma_mpra|GFP 3UTR MPRA|CAD|mikl:Mcf2l:1050.0:1e990f9ccef04849,mikl_gse173098|mikl_gse173098|neurite_soma_mpra|GFP 3UTR MPRA|Neuro-2a|mikl:Mcf2l:1050.0:1e990f9ccef04849,2,False
badca8fd83356f0e,2,mikl_gse173098|mikl_gse173098|neurite_soma_mpra|GFP 3UTR MPRA|CAD|mikl:Mcf2l:2100.0:d04e4978d1824d5f,mikl_gse173098|mikl_gse173098|neurite_soma_mpra|GFP 3UTR MPRA|Neuro-2a|mikl:Mcf2l:2100.0:d04e4978d1824d5f,2,False
badca8fd83356f0e,2,mikl_gse173098|mikl_gse173098|neurite_soma_mpra|GFP 3UTR MPRA|CAD|mikl:Mcf2l:850.0:0a31bf9d0f5aa76f,mikl_gse173098|mikl_gse173098|neurite_soma_mpra|GFP 3UTR MPRA|Neuro-2a|mikl:Mcf2l:850.0:0a31bf9d0f5aa76f,2,False
badca8fd83356f0e,2,mikl_gse173098|mikl_gse173098|neurite_soma_mpra|GFP 3UTR MPRA|CAD|mikl:Mcf2l:2150.0:122dbd401c00a5e4,mikl_gse173098|mikl_gse173098|neurite_soma_mpra|GFP 3UTR MPRA|Neuro-2a|mikl:Mcf2l:2150.0:122dbd401c00a5e4,4,False
badca8fd83356f0e,2,mikl_gse173098|mikl_gse173098|neurite_soma_mpra|GFP 3UTR MPRA|CAD|mikl:Mcf2l:950.0:48f58398d11ab683,mikl_gse173098|mikl_gse173098|neurite_soma_mpra|GFP 3UTR MPRA|Neuro-2a|mikl:Mcf2l:950.0:48f58398d11ab683,2,True
bcb34c686d16c561,1,mikl_gse173098|mikl_gse173098|neurite_soma_mpra|GFP 3UTR MPRA|CAD|mikl:Slc17a9:50.0:4321a880cffe3002,mikl_gse173098|mikl_gse173098|neurite_soma_mpra|GFP 3UTR MPRA|Neuro-2a|mikl:Slc17a9:50.0:4321a880cffe3002,2,True
bcb34c686d16c561,1,mikl_gse173098|mikl_gse173098|neurite_soma_mpra|GFP 3UTR MPRA|CAD|mikl:Slc17a9:300.0:aef6a5182f2e439d,mikl_gse173098|mikl_gse173098|neurite_soma_mpra|GFP 3UTR MPRA|Neuro-2a|mikl:Slc17a9:300.0:aef6a5182f2e439d,2,False
c1f7f791594cf738,0,mikl_gse173098|mikl_gse173098|neurite_soma_mpra|GFP 3UTR MPRA|CAD|mikl:Invs:1550.0:25ee173158bcd38c,mikl_gse173098|mikl_gse173098|neurite_soma_mpra|GFP 3UTR MPRA|Neuro-2a|mikl:Invs:1550.0:25ee173158bcd38c,2,True
c1f7f791594cf738,0,mikl_gse173098|mikl_gse173098|neurite_soma_mpra|GFP 3UTR MPRA|CAD|mikl:Invs:1100.0:5d15686ac9f1742d,mikl_gse173098|mikl_gse173098|neurite_soma_mpra|GFP 3UTR MPRA|Neuro-2a|mikl:Invs:1100.0:5d15686ac9f1742d,3,False
c1f7f791594cf738,0,mikl_gse173098|mikl_gse173098|neurite_soma_mpra|GFP 3UTR MPRA|CAD|mikl:Invs:600.0:df17049678164812,mikl_gse173098|mikl_gse173098|neurite_soma_mpra|GFP 3UTR MPRA|Neuro-2a|mikl:Invs:600.0:df17049678164812,2,True
c1f7f791594cf738,0,mikl_gse173098|mikl_gse173098|neurite_soma_mpra|GFP 3UTR MPRA|CAD|mikl:Invs:1250.0:35d7588b13b6ad26,mikl_gse173098|mikl_gse173098|neurite_soma_mpra|GFP 3UTR MPRA|Neuro-2a|mikl:Invs:1250.0:35d7588b13b6ad26,2,False
c1f7f791594cf738,0,mikl_gse173098|mikl_gse173098|neurite_soma_mpra|GFP 3UTR MPRA|CAD|mikl:Invs:650.0:2e62b3beb01f8af4,mikl_gse173098|mikl_gse173098|neurite_soma_mpra|GFP 3UTR MPRA|Neuro-2a|mikl:Invs:650.0:2e62b3beb01f8af4,4,False
c1f7f791594cf738,0,mikl_gse173098|mikl_gse173098|neurite_soma_mpra|GFP 3UTR MPRA|CAD|mikl:Invs:1350.0:11929e17a298a1a7,mikl_gse173098|mikl_gse173098|neurite_soma_mpra|GFP 3UTR MPRA|Neuro-2a|mikl:Invs:1350.0:11929e17a298a1a7,2,True
c1f7f791594cf738,0,mikl_gse173098|mikl_gse173098|neurite_soma_mpra|GFP 3UTR MPRA|CAD|mikl:Invs:1150.0:34f6f8ce01e65f6f,mikl_gse173098|mikl_gse173098|neurite_soma_mpra|GFP 3UTR MPRA|Neuro-2a|mikl:Invs:1150.0:34f6f8ce01e65f6f,2,False
c1f7f791594cf738,0,mikl_gse173098|mikl_gse173098|neurite_soma_mpra|GFP 3UTR MPRA|CAD|mikl:Invs:700.0:50977dfa62ed6772,mikl_gse173098|mikl_gse173098|neurite_soma_mpra|GFP 3UTR MPRA|Neuro-2a|mikl:Invs:700.0:50977dfa62ed6772,3,False
c1f7f791594cf738,0,mikl_gse173098|mikl_gse173098|neurite_soma_mpra|GFP 3UTR MPRA|CAD|mikl:Invs:1300.0:5224f69d0afbe66b,mikl_gse173098|mikl_gse173098|neurite_soma_mpra|GFP 3UTR MPRA|Neuro-2a|mikl:Invs:1300.0:5224f69d0afbe66b,2,False
c1f7f791594cf738,0,mikl_gse173098|mikl_gse173098|neurite_soma_mpra|GFP 3UTR MPRA|CAD|mikl:Invs:750.0:9d634f6d5f4f6e9e,mikl_gse173098|mikl_gse173098|neurite_soma_mpra|GFP 3UTR MPRA|Neuro-2a|mikl:Invs:750.0:9d634f6d5f4f6e9e,2,False
c1f7f791594cf738,0,mikl_gse173098|mikl_gse173098|neurite_soma_mpra|GFP 3UTR MPRA|CAD|mikl:Invs:1600.0:85cd93518649b5dd,mikl_gse173098|mikl_gse173098|neurite_soma_mpra|GFP 3UTR MPRA|Neuro-2a|mikl:Invs:1600.0:85cd93518649b5dd,2,True
c271958ff1e56e83,0,mikl_gse173098|mikl_gse173098|neurite_soma_mpra|GFP 3UTR MPRA|CAD|mikl:Sptbn2:0.0:d0fc40608ce739d9,mikl_gse173098|mikl_gse173098|neurite_soma_mpra|GFP 3UTR MPRA|Neuro-2a|mikl:Sptbn2:0.0:d0fc40608ce739d9,2,False
c320f4cc6d68ed2f,0,mikl_gse173098|mikl_gse173098|neurite_soma_mpra|GFP 3UTR MPRA|CAD|mikl:Cox8a:0.0:f0bf4027d0d38352,mikl_gse173098|mikl_gse173098|neurite_soma_mpra|GFP 3UTR MPRA|Neuro-2a|mikl:Cox8a:0.0:f0bf4027d0d38352,3,True
c320f4cc6d68ed2f,0,mikl_gse173098|mikl_gse173098|neurite_soma_mpra|GFP 3UTR MPRA|CAD|mikl:Cox8a:100.0:a0b0a21a3c066cbd,mikl_gse173098|mikl_gse173098|neurite_soma_mpra|GFP 3UTR MPRA|Neuro-2a|mikl:Cox8a:100.0:a0b0a21a3c066cbd,3,False
c320f4cc6d68ed2f,0,mikl_gse173098|mikl_gse173098|neurite_soma_mpra|GFP 3UTR MPRA|CAD|mikl:Cox8a:50.0:6bddac0dddf016bd,mikl_gse173098|mikl_gse173098|neurite_soma_mpra|GFP 3UTR MPRA|Neuro-2a|mikl:Cox8a:50.0:6bddac0dddf016bd,2,False
c3834fff3d632c91,2,mikl_gse173098|mikl_gse173098|neurite_soma_mpra|GFP 3UTR MPRA|CAD|mikl:Kif1a:1800.0:291e13d316b2a4e0,mikl_gse173098|mikl_gse173098|neurite_soma_mpra|GFP 3UTR MPRA|Neuro-2a|mikl:Kif1a:1800.0:291e13d316b2a4e0,2,True
c3834fff3d632c91,2,mikl_gse173098|mikl_gse173098|neurite_soma_mpra|GFP 3UTR MPRA|CAD|mikl:Kif1a:700.0:ddfe05face3d147f,mikl_gse173098|mikl_gse173098|neurite_soma_mpra|GFP 3UTR MPRA|Neuro-2a|mikl:Kif1a:700.0:ddfe05face3d147f,2,True
c3834fff3d632c91,2,mikl_gse173098|mikl_gse173098|neurite_soma_mpra|GFP 3UTR MPRA|CAD|mikl:Kif1a:500.0:39c2b58af5f953dd,mikl_gse173098|mikl_gse173098|neurite_soma_mpra|GFP 3UTR MPRA|Neuro-2a|mikl:Kif1a:500.0:39c2b58af5f953dd,3,False
c3834fff3d632c91,2,mikl_gse173098|mikl_gse173098|neurite_soma_mpra|GFP 3UTR MPRA|CAD|mikl:Kif1a:50.0:331e007a3a733a66,mikl_gse173098|mikl_gse173098|neurite_soma_mpra|GFP 3UTR MPRA|Neuro-2a|mikl:Kif1a:50.0:331e007a3a733a66,3,False
c3834fff3d632c91,2,mikl_gse173098|mikl_gse173098|neurite_soma_mpra|GFP 3UTR MPRA|CAD|mikl:Kif1a:400.0:93f971a875aebff7,mikl_gse173098|mikl_gse173098|neurite_soma_mpra|GFP 3UTR MPRA|Neuro-2a|mikl:Kif1a:400.0:93f971a875aebff7,2,False
c3834fff3d632c91,2,mikl_gse173098|mikl_gse173098|neurite_soma_mpra|GFP 3UTR MPRA|CAD|mikl:Kif1a:450.0:9e4d49280c05c05a,mikl_gse173098|mikl_gse173098|neurite_soma_mpra|GFP 3UTR MPRA|Neuro-2a|mikl:Kif1a:450.0:9e4d49280c05c05a,3,False
c3834fff3d632c91,2,mikl_gse173098|mikl_gse173098|neurite_soma_mpra|GFP 3UTR MPRA|CAD|mikl:Kif1a:750.0:ed013f641152da7f,mikl_gse173098|mikl_gse173098|neurite_soma_mpra|GFP 3UTR MPRA|Neuro-2a|mikl:Kif1a:750.0:ed013f641152da7f,2,False
c3834fff3d632c91,2,mikl_gse173098|mikl_gse173098|neurite_soma_mpra|GFP 3UTR MPRA|CAD|mikl:Kif1a:800.0:fc5d659fcc903a32,mikl_gse173098|mikl_gse173098|neurite_soma_mpra|GFP 3UTR MPRA|Neuro-2a|mikl:Kif1a:800.0:fc5d659fcc903a32,2,False
c3834fff3d632c91,2,mikl_gse173098|mikl_gse173098|neurite_soma_mpra|GFP 3UTR MPRA|CAD|mikl:Kif1a:100.0:a6aaf7a6e1151c32,mikl_gse173098|mikl_gse173098|neurite_soma_mpra|GFP 3UTR MPRA|Neuro-2a|mikl:Kif1a:100.0:a6aaf7a6e1151c32,2,False
c3834fff3d632c91,2,mikl_gse173098|mikl_gse173098|neurite_soma_mpra|GFP 3UTR MPRA|CAD|mikl:Kif1a:1650.0:48bfcf0ac892b0b1,mikl_gse173098|mikl_gse173098|neurite_soma_mpra|GFP 3UTR MPRA|Neuro-2a|mikl:Kif1a:1650.0:48bfcf0ac892b0b1,2,True
c3834fff3d632c91,2,mikl_gse173098|mikl_gse173098|neurite_soma_mpra|GFP 3UTR MPRA|CAD|mikl:Kif1a:0.0:b15c55beef162842,mikl_gse173098|mikl_gse173098|neurite_soma_mpra|GFP 3UTR MPRA|Neuro-2a|mikl:Kif1a:0.0:b15c55beef162842,3,False
c3834fff3d632c91,2,mikl_gse173098|mikl_gse173098|neurite_soma_mpra|GFP 3UTR MPRA|CAD|mikl:Kif1a:1700.0:4829d026c9104154,mikl_gse173098|mikl_gse173098|neurite_soma_mpra|GFP 3UTR MPRA|Neuro-2a|mikl:Kif1a:1700.0:4829d026c9104154,2,True
c3834fff3d632c91,2,mikl_gse173098|mikl_gse173098|neurite_soma_mpra|GFP 3UTR MPRA|CAD|mikl:Kif1a:1750.0:673499ec5a7c360a,mikl_gse173098|mikl_gse173098|neurite_soma_mpra|GFP 3UTR MPRA|Neuro-2a|mikl:Kif1a:1750.0:673499ec5a7c360a,3,False
c52edd7631db6f83,0,mikl_gse173098|mikl_gse173098|neurite_soma_mpra|GFP 3UTR MPRA|CAD|mikl:Trim56:5200.0:051f783f0b6ff3d6,mikl_gse173098|mikl_gse173098|neurite_soma_mpra|GFP 3UTR MPRA|Neuro-2a|mikl:Trim56:5200.0:051f783f0b6ff3d6,2,True
c52edd7631db6f83,0,mikl_gse173098|mikl_gse173098|neurite_soma_mpra|GFP 3UTR MPRA|CAD|mikl:Trim56:0.0:d682a9d4faa61903,mikl_gse173098|mikl_gse173098|neurite_soma_mpra|GFP 3UTR MPRA|Neuro-2a|mikl:Trim56:0.0:d682a9d4faa61903,2,False
c52edd7631db6f83,0,mikl_gse173098|mikl_gse173098|neurite_soma_mpra|GFP 3UTR MPRA|CAD|mikl:Trim56:5650.0:d9255d624affaaf3,mikl_gse173098|mikl_gse173098|neurite_soma_mpra|GFP 3UTR MPRA|Neuro-2a|mikl:Trim56:5650.0:d9255d624affaaf3,3,False
c52edd7631db6f83,0,mikl_gse173098|mikl_gse173098|neurite_soma_mpra|GFP 3UTR MPRA|CAD|mikl:Trim56:1200.0:e8d1db3df42187d7,mikl_gse173098|mikl_gse173098|neurite_soma_mpra|GFP 3UTR MPRA|Neuro-2a|mikl:Trim56:1200.0:e8d1db3df42187d7,3,False
c52edd7631db6f83,0,mikl_gse173098|mikl_gse173098|neurite_soma_mpra|GFP 3UTR MPRA|CAD|mikl:Trim56:2700.0:e41d0ca286695b40,mikl_gse173098|mikl_gse173098|neurite_soma_mpra|GFP 3UTR MPRA|Neuro-2a|mikl:Trim56:2700.0:e41d0ca286695b40,2,True
c52edd7631db6f83,0,mikl_gse173098|mikl_gse173098|neurite_soma_mpra|GFP 3UTR MPRA|CAD|mikl:Trim56:2000.0:5a5f00556472e0d8,mikl_gse173098|mikl_gse173098|neurite_soma_mpra|GFP 3UTR MPRA|Neuro-2a|mikl:Trim56:2000.0:5a5f00556472e0d8,2,True
c52edd7631db6f83,0,mikl_gse173098|mikl_gse173098|neurite_soma_mpra|GFP 3UTR MPRA|CAD|mikl:Trim56:4200.0:1c954fe1c5acc7ee,mikl_gse173098|mikl_gse173098|neurite_soma_mpra|GFP 3UTR MPRA|Neuro-2a|mikl:Trim56:4200.0:1c954fe1c5acc7ee,2,True
c52edd7631db6f83,0,mikl_gse173098|mikl_gse173098|neurite_soma_mpra|GFP 3UTR MPRA|CAD|mikl:Trim56:750.0:5c5955e7c980b06e,mikl_gse173098|mikl_gse173098|neurite_soma_mpra|GFP 3UTR MPRA|Neuro-2a|mikl:Trim56:750.0:5c5955e7c980b06e,2,False
c52edd7631db6f83,0,mikl_gse173098|mikl_gse173098|neurite_soma_mpra|GFP 3UTR MPRA|CAD|mikl:Trim56:5250.0:e671c964f9aca7e4,mikl_gse173098|mikl_gse173098|neurite_soma_mpra|GFP 3UTR MPRA|Neuro-2a|mikl:Trim56:5250.0:e671c964f9aca7e4,2,True
c52edd7631db6f83,0,mikl_gse173098|mikl_gse173098|neurite_soma_mpra|GFP 3UTR MPRA|CAD|mikl:Trim56:1500.0:86917953cfe5b91f,mikl_gse173098|mikl_gse173098|neurite_soma_mpra|GFP 3UTR MPRA|Neuro-2a|mikl:Trim56:1500.0:86917953cfe5b91f,2,False
c52edd7631db6f83,0,mikl_gse173098|mikl_gse173098|neurite_soma_mpra|GFP 3UTR MPRA|CAD|mikl:Trim56:5600.0:fb9c9e74963812b2,mikl_gse173098|mikl_gse173098|neurite_soma_mpra|GFP 3UTR MPRA|Neuro-2a|mikl:Trim56:5600.0:fb9c9e74963812b2,4,False
c52edd7631db6f83,0,mikl_gse173098|mikl_gse173098|neurite_soma_mpra|GFP 3UTR MPRA|CAD|mikl:Trim56:1250.0:d8429dd26ff348dc,mikl_gse173098|mikl_gse173098|neurite_soma_mpra|GFP 3UTR MPRA|Neuro-2a|mikl:Trim56:1250.0:d8429dd26ff348dc,3,False
c52edd7631db6f83,0,mikl_gse173098|mikl_gse173098|neurite_soma_mpra|GFP 3UTR MPRA|CAD|mikl:Trim56:2050.0:1e5ed2ae298f9e0a,mikl_gse173098|mikl_gse173098|neurite_soma_mpra|GFP 3UTR MPRA|Neuro-2a|mikl:Trim56:2050.0:1e5ed2ae298f9e0a,2,True
c52edd7631db6f83,0,mikl_gse173098|mikl_gse173098|neurite_soma_mpra|GFP 3UTR MPRA|CAD|mikl:Trim56:4100.0:8f2cca5970bf267e,mikl_gse173098|mikl_gse173098|neurite_soma_mpra|GFP 3UTR MPRA|Neuro-2a|mikl:Trim56:4100.0:8f2cca5970bf267e,3,False
c52edd7631db6f83,0,mikl_gse173098|mikl_gse173098|neurite_soma_mpra|GFP 3UTR MPRA|CAD|mikl:Trim56:2800.0:32454215606ae212,mikl_gse173098|mikl_gse173098|neurite_soma_mpra|GFP 3UTR MPRA|Neuro-2a|mikl:Trim56:2800.0:32454215606ae212,2,False
c52edd7631db6f83,0,mikl_gse173098|mikl_gse173098|neurite_soma_mpra|GFP 3UTR MPRA|CAD|mikl:Trim56:4050.0:bd2cb44120d370fc,mikl_gse173098|mikl_gse173098|neurite_soma_mpra|GFP 3UTR MPRA|Neuro-2a|mikl:Trim56:4050.0:bd2cb44120d370fc,2,False
c52edd7631db6f83,0,mikl_gse173098|mikl_gse173098|neurite_soma_mpra|GFP 3UTR MPRA|CAD|mikl:Trim56:4150.0:9199f446f08120b7,mikl_gse173098|mikl_gse173098|neurite_soma_mpra|GFP 3UTR MPRA|Neuro-2a|mikl:Trim56:4150.0:9199f446f08120b7,2,False
c52edd7631db6f83,0,mikl_gse173098|mikl_gse173098|neurite_soma_mpra|GFP 3UTR MPRA|CAD|mikl:Trim56:2100.0:c26dfd11f066d078,mikl_gse173098|mikl_gse173098|neurite_soma_mpra|GFP 3UTR MPRA|Neuro-2a|mikl:Trim56:2100.0:c26dfd11f066d078,2,False
c52edd7631db6f83,0,mikl_gse173098|mikl_gse173098|neurite_soma_mpra|GFP 3UTR MPRA|CAD|mikl:Trim56:1650.0:5f30ce71fd3b454c,mikl_gse173098|mikl_gse173098|neurite_soma_mpra|GFP 3UTR MPRA|Neuro-2a|mikl:Trim56:1650.0:5f30ce71fd3b454c,2,False
c52edd7631db6f83,0,mikl_gse173098|mikl_gse173098|neurite_soma_mpra|GFP 3UTR MPRA|CAD|mikl:Trim56:650.0:0e2e4615e27598b8,mikl_gse173098|mikl_gse173098|neurite_soma_mpra|GFP 3UTR MPRA|Neuro-2a|mikl:Trim56:650.0:0e2e4615e27598b8,4,False
c52edd7631db6f83,0,mikl_gse173098|mikl_gse173098|neurite_soma_mpra|GFP 3UTR MPRA|CAD|mikl:Trim56:1550.0:25c1520172faaab9,mikl_gse173098|mikl_gse173098|neurite_soma_mpra|GFP 3UTR MPRA|Neuro-2a|mikl:Trim56:1550.0:25c1520172faaab9,2,True
c59c3810bdf2b258,1,mikl_gse173098|mikl_gse173098|neurite_soma_mpra|GFP 3UTR MPRA|CAD|mikl:A630089N07Rik:1350.0:016968247cf64f23,mikl_gse173098|mikl_gse173098|neurite_soma_mpra|GFP 3UTR MPRA|Neuro-2a|mikl:A630089N07Rik:1350.0:016968247cf64f23,2,False
c59c3810bdf2b258,1,mikl_gse173098|mikl_gse173098|neurite_soma_mpra|GFP 3UTR MPRA|CAD|mikl:A630089N07Rik:0.0:849eb40872eff1de,mikl_gse173098|mikl_gse173098|neurite_soma_mpra|GFP 3UTR MPRA|Neuro-2a|mikl:A630089N07Rik:0.0:849eb40872eff1de,2,False
c59c3810bdf2b258,1,mikl_gse173098|mikl_gse173098|neurite_soma_mpra|GFP 3UTR MPRA|CAD|mikl:A630089N07Rik:50.0:8ed57754ff0eeda5,mikl_gse173098|mikl_gse173098|neurite_soma_mpra|GFP 3UTR MPRA|Neuro-2a|mikl:A630089N07Rik:50.0:8ed57754ff0eeda5,2,False
c59c3810bdf2b258,1,mikl_gse173098|mikl_gse173098|neurite_soma_mpra|GFP 3UTR MPRA|CAD|mikl:A630089N07Rik:1300.0:e050422b2ad7254a,mikl_gse173098|mikl_gse173098|neurite_soma_mpra|GFP 3UTR MPRA|Neuro-2a|mikl:A630089N07Rik:1300.0:e050422b2ad7254a,3,False
c688974ce2cd77a3,1,mikl_gse173098|mikl_gse173098|neurite_soma_mpra|GFP 3UTR MPRA|CAD|mikl:Actb:350.0:fedc7a58cd9e2b09,mikl_gse173098|mikl_gse173098|neurite_soma_mpra|GFP 3UTR MPRA|Neuro-2a|mikl:Actb:350.0:fedc7a58cd9e2b09,2,False
c688974ce2cd77a3,1,mikl_gse173098|mikl_gse173098|neurite_soma_mpra|GFP 3UTR MPRA|CAD|mikl:Actb:500.0:aa2aa7fee1dee8b7,mikl_gse173098|mikl_gse173098|neurite_soma_mpra|GFP 3UTR MPRA|Neuro-2a|mikl:Actb:500.0:aa2aa7fee1dee8b7,2,False
c688974ce2cd77a3,1,mikl_gse173098|mikl_gse173098|neurite_soma_mpra|GFP 3UTR MPRA|CAD|mikl:Actb:50.0:7a558a5e3cc29f3c,mikl_gse173098|mikl_gse173098|neurite_soma_mpra|GFP 3UTR MPRA|Neuro-2a|mikl:Actb:50.0:7a558a5e3cc29f3c,2,True
c688974ce2cd77a3,1,mikl_gse173098|mikl_gse173098|neurite_soma_mpra|GFP 3UTR MPRA|CAD|mikl:Actb:0.0:dd70c9c5426a3fb2,mikl_gse173098|mikl_gse173098|neurite_soma_mpra|GFP 3UTR MPRA|Neuro-2a|mikl:Actb:0.0:dd70c9c5426a3fb2,2,False
c77252e5798a6e71,1,mikl_gse173098|mikl_gse173098|neurite_soma_mpra|GFP 3UTR MPRA|CAD|mikl:Hic2:1300.0:099e0b42c0984983,mikl_gse173098|mikl_gse173098|neurite_soma_mpra|GFP 3UTR MPRA|Neuro-2a|mikl:Hic2:1300.0:099e0b42c0984983,2,True
c77252e5798a6e71,1,mikl_gse173098|mikl_gse173098|neurite_soma_mpra|GFP 3UTR MPRA|CAD|mikl:Hic2:3300.0:ec359e377e9bf791,mikl_gse173098|mikl_gse173098|neurite_soma_mpra|GFP 3UTR MPRA|Neuro-2a|mikl:Hic2:3300.0:ec359e377e9bf791,2,False
c77252e5798a6e71,1,mikl_gse173098|mikl_gse173098|neurite_soma_mpra|GFP 3UTR MPRA|CAD|mikl:Hic2:1150.0:3f8e4df72a9c31be,mikl_gse173098|mikl_gse173098|neurite_soma_mpra|GFP 3UTR MPRA|Neuro-2a|mikl:Hic2:1150.0:3f8e4df72a9c31be,2,True
c77252e5798a6e71,1,mikl_gse173098|mikl_gse173098|neurite_soma_mpra|GFP 3UTR MPRA|CAD|mikl:Hic2:3450.0:764a81531a08c3ed,mikl_gse173098|mikl_gse173098|neurite_soma_mpra|GFP 3UTR MPRA|Neuro-2a|mikl:Hic2:3450.0:764a81531a08c3ed,2,True
c77252e5798a6e71,1,mikl_gse173098|mikl_gse173098|neurite_soma_mpra|GFP 3UTR MPRA|CAD|mikl:Hic2:3950.0:ea85692da0d76a66,mikl_gse173098|mikl_gse173098|neurite_soma_mpra|GFP 3UTR MPRA|Neuro-2a|mikl:Hic2:3950.0:ea85692da0d76a66,2,False
c77252e5798a6e71,1,mikl_gse173098|mikl_gse173098|neurite_soma_mpra|GFP 3UTR MPRA|CAD|mikl:Hic2:900.0:3f3fd80731a45fa1,mikl_gse173098|mikl_gse173098|neurite_soma_mpra|GFP 3UTR MPRA|Neuro-2a|mikl:Hic2:900.0:3f3fd80731a45fa1,3,True
c77252e5798a6e71,1,mikl_gse173098|mikl_gse173098|neurite_soma_mpra|GFP 3UTR MPRA|CAD|mikl:Hic2:3500.0:0fd68624c67fce18,mikl_gse173098|mikl_gse173098|neurite_soma_mpra|GFP 3UTR MPRA|Neuro-2a|mikl:Hic2:3500.0:0fd68624c67fce18,2,True
c77252e5798a6e71,1,mikl_gse173098|mikl_gse173098|neurite_soma_mpra|GFP 3UTR MPRA|CAD|mikl:Hic2:3350.0:ebeacecadc41f631,mikl_gse173098|mikl_gse173098|neurite_soma_mpra|GFP 3UTR MPRA|Neuro-2a|mikl:Hic2:3350.0:ebeacecadc41f631,4,False
c77252e5798a6e71,1,mikl_gse173098|mikl_gse173098|neurite_soma_mpra|GFP 3UTR MPRA|CAD|mikl:Hic2:1050.0:bc48f3cc5a86263c,mikl_gse173098|mikl_gse173098|neurite_soma_mpra|GFP 3UTR MPRA|Neuro-2a|mikl:Hic2:1050.0:bc48f3cc5a86263c,2,True
c77252e5798a6e71,1,mikl_gse173098|mikl_gse173098|neurite_soma_mpra|GFP 3UTR MPRA|CAD|mikl:Hic2:950.0:db607498419a122d,mikl_gse173098|mikl_gse173098|neurite_soma_mpra|GFP 3UTR MPRA|Neuro-2a|mikl:Hic2:950.0:db607498419a122d,3,False
c77252e5798a6e71,1,mikl_gse173098|mikl_gse173098|neurite_soma_mpra|GFP 3UTR MPRA|CAD|mikl:Hic2:850.0:5489be9b374e4106,mikl_gse173098|mikl_gse173098|neurite_soma_mpra|GFP 3UTR MPRA|Neuro-2a|mikl:Hic2:850.0:5489be9b374e4106,2,True
c77252e5798a6e71,1,mikl_gse173098|mikl_gse173098|neurite_soma_mpra|GFP 3UTR MPRA|CAD|mikl:Hic2:2500.0:418d3b1db51db813,mikl_gse173098|mikl_gse173098|neurite_soma_mpra|GFP 3UTR MPRA|Neuro-2a|mikl:Hic2:2500.0:418d3b1db51db813,3,True
c77252e5798a6e71,1,mikl_gse173098|mikl_gse173098|neurite_soma_mpra|GFP 3UTR MPRA|CAD|mikl:Hic2:1100.0:4351ca3419a102d6,mikl_gse173098|mikl_gse173098|neurite_soma_mpra|GFP 3UTR MPRA|Neuro-2a|mikl:Hic2:1100.0:4351ca3419a102d6,2,False
c77252e5798a6e71,1,mikl_gse173098|mikl_gse173098|neurite_soma_mpra|GFP 3UTR MPRA|CAD|mikl:Hic2:3900.0:e34ff96b6cd3b7fa,mikl_gse173098|mikl_gse173098|neurite_soma_mpra|GFP 3UTR MPRA|Neuro-2a|mikl:Hic2:3900.0:e34ff96b6cd3b7fa,2,False
c77252e5798a6e71,1,mikl_gse173098|mikl_gse173098|neurite_soma_mpra|GFP 3UTR MPRA|CAD|mikl:Hic2:2450.0:7905e6cbdaf7fcbd,mikl_gse173098|mikl_gse173098|neurite_soma_mpra|GFP 3UTR MPRA|Neuro-2a|mikl:Hic2:2450.0:7905e6cbdaf7fcbd,2,False
c77252e5798a6e71,1,mikl_gse173098|mikl_gse173098|neurite_soma_mpra|GFP 3UTR MPRA|CAD|mikl:Hic2:3550.0:ec44ff776038e3ef,mikl_gse173098|mikl_gse173098|neurite_soma_mpra|GFP 3UTR MPRA|Neuro-2a|mikl:Hic2:3550.0:ec44ff776038e3ef,2,True
c77252e5798a6e71,1,mikl_gse173098|mikl_gse173098|neurite_soma_mpra|GFP 3UTR MPRA|CAD|mikl:Hic2:3600.0:e35f524131cc0f5a,mikl_gse173098|mikl_gse173098|neurite_soma_mpra|GFP 3UTR MPRA|Neuro-2a|mikl:Hic2:3600.0:e35f524131cc0f5a,3,False
c77252e5798a6e71,1,mikl_gse173098|mikl_gse173098|neurite_soma_mpra|GFP 3UTR MPRA|CAD|mikl:Hic2:3250.0:d875abfa015e08d9,mikl_gse173098|mikl_gse173098|neurite_soma_mpra|GFP 3UTR MPRA|Neuro-2a|mikl:Hic2:3250.0:d875abfa015e08d9,4,False
c77252e5798a6e71,1,mikl_gse173098|mikl_gse173098|neurite_soma_mpra|GFP 3UTR MPRA|CAD|mikl:Hic2:1250.0:72bd4ce741cbd28d,mikl_gse173098|mikl_gse173098|neurite_soma_mpra|GFP 3UTR MPRA|Neuro-2a|mikl:Hic2:1250.0:72bd4ce741cbd28d,3,False
c78a7590c09eab09,2,mikl_gse173098|mikl_gse173098|neurite_soma_mpra|GFP 3UTR MPRA|CAD|mikl:Tnfrsf19:2350.0:e5c3a349dc9faa71,mikl_gse173098|mikl_gse173098|neurite_soma_mpra|GFP 3UTR MPRA|Neuro-2a|mikl:Tnfrsf19:2350.0:e5c3a349dc9faa71,2,True
c78a7590c09eab09,2,mikl_gse173098|mikl_gse173098|neurite_soma_mpra|GFP 3UTR MPRA|CAD|mikl:Tnfrsf19:600.0:11a5fe38c7b2d9db,mikl_gse173098|mikl_gse173098|neurite_soma_mpra|GFP 3UTR MPRA|Neuro-2a|mikl:Tnfrsf19:600.0:11a5fe38c7b2d9db,2,True
c78a7590c09eab09,2,mikl_gse173098|mikl_gse173098|neurite_soma_mpra|GFP 3UTR MPRA|CAD|mikl:Tnfrsf19:2400.0:cc9c1fe5917d5e8d,mikl_gse173098|mikl_gse173098|neurite_soma_mpra|GFP 3UTR MPRA|Neuro-2a|mikl:Tnfrsf19:2400.0:cc9c1fe5917d5e8d,2,True
c78a7590c09eab09,2,mikl_gse173098|mikl_gse173098|neurite_soma_mpra|GFP 3UTR MPRA|CAD|mikl:Tnfrsf19:2300.0:00f335c97e1d287f,mikl_gse173098|mikl_gse173098|neurite_soma_mpra|GFP 3UTR MPRA|Neuro-2a|mikl:Tnfrsf19:2300.0:00f335c97e1d287f,3,True
c84a7b9e2b17f16d,0,mikl_gse173098|mikl_gse173098|neurite_soma_mpra|GFP 3UTR MPRA|CAD|mikl:Gbp7:250.0:2f643afe1f95637a,mikl_gse173098|mikl_gse173098|neurite_soma_mpra|GFP 3UTR MPRA|Neuro-2a|mikl:Gbp7:250.0:2f643afe1f95637a,2,True
c84a7b9e2b17f16d,0,mikl_gse173098|mikl_gse173098|neurite_soma_mpra|GFP 3UTR MPRA|CAD|mikl:Gbp7:700.0:d3db0bd58384efac,mikl_gse173098|mikl_gse173098|neurite_soma_mpra|GFP 3UTR MPRA|Neuro-2a|mikl:Gbp7:700.0:d3db0bd58384efac,2,True
c84a7b9e2b17f16d,0,mikl_gse173098|mikl_gse173098|neurite_soma_mpra|GFP 3UTR MPRA|CAD|mikl:Gbp7:1550.0:94838a8a0bcdd485,mikl_gse173098|mikl_gse173098|neurite_soma_mpra|GFP 3UTR MPRA|Neuro-2a|mikl:Gbp7:1550.0:94838a8a0bcdd485,3,False
c84a7b9e2b17f16d,0,mikl_gse173098|mikl_gse173098|neurite_soma_mpra|GFP 3UTR MPRA|CAD|mikl:Gbp7:650.0:aaef95e7a87b27b6,mikl_gse173098|mikl_gse173098|neurite_soma_mpra|GFP 3UTR MPRA|Neuro-2a|mikl:Gbp7:650.0:aaef95e7a87b27b6,3,False
c84a7b9e2b17f16d,0,mikl_gse173098|mikl_gse173098|neurite_soma_mpra|GFP 3UTR MPRA|CAD|mikl:Gbp7:1000.0:b346355e1b8a95d4,mikl_gse173098|mikl_gse173098|neurite_soma_mpra|GFP 3UTR MPRA|Neuro-2a|mikl:Gbp7:1000.0:b346355e1b8a95d4,3,False
c84a7b9e2b17f16d,0,mikl_gse173098|mikl_gse173098|neurite_soma_mpra|GFP 3UTR MPRA|CAD|mikl:Gbp7:1050.0:83ac817f25667cbe,mikl_gse173098|mikl_gse173098|neurite_soma_mpra|GFP 3UTR MPRA|Neuro-2a|mikl:Gbp7:1050.0:83ac817f25667cbe,3,False
c84a7b9e2b17f16d,0,mikl_gse173098|mikl_gse173098|neurite_soma_mpra|GFP 3UTR MPRA|CAD|mikl:Gbp7:200.0:53e866730d638940,mikl_gse173098|mikl_gse173098|neurite_soma_mpra|GFP 3UTR MPRA|Neuro-2a|mikl:Gbp7:200.0:53e866730d638940,3,True
c84a7b9e2b17f16d,0,mikl_gse173098|mikl_gse173098|neurite_soma_mpra|GFP 3UTR MPRA|CAD|mikl:Gbp7:600.0:0dd0b6e8fb0323e3,mikl_gse173098|mikl_gse173098|neurite_soma_mpra|GFP 3UTR MPRA|Neuro-2a|mikl:Gbp7:600.0:0dd0b6e8fb0323e3,3,True
c84a7b9e2b17f16d,0,mikl_gse173098|mikl_gse173098|neurite_soma_mpra|GFP 3UTR MPRA|CAD|mikl:Gbp7:850.0:bf11b0b632f8021a,mikl_gse173098|mikl_gse173098|neurite_soma_mpra|GFP 3UTR MPRA|Neuro-2a|mikl:Gbp7:850.0:bf11b0b632f8021a,2,True
c84a7b9e2b17f16d,0,mikl_gse173098|mikl_gse173098|neurite_soma_mpra|GFP 3UTR MPRA|CAD|mikl:Gbp7:1100.0:81db58bc390e8b6c,mikl_gse173098|mikl_gse173098|neurite_soma_mpra|GFP 3UTR MPRA|Neuro-2a|mikl:Gbp7:1100.0:81db58bc390e8b6c,2,True
ca3c2da790c70541,0,mikl_gse173098|mikl_gse173098|neurite_soma_mpra|GFP 3UTR MPRA|CAD|mikl:Psd:200.0:35c45f4f4f537776,mikl_gse173098|mikl_gse173098|neurite_soma_mpra|GFP 3UTR MPRA|Neuro-2a|mikl:Psd:200.0:35c45f4f4f537776,2,False
cd1c75fbdff1c240,1,mikl_gse173098|mikl_gse173098|neurite_soma_mpra|GFP 3UTR MPRA|CAD|mikl:Map2:2200.0:5588a71b68a71edd,mikl_gse173098|mikl_gse173098|neurite_soma_mpra|GFP 3UTR MPRA|Neuro-2a|mikl:Map2:2200.0:5588a71b68a71edd,3,False
cd1c75fbdff1c240,1,mikl_gse173098|mikl_gse173098|neurite_soma_mpra|GFP 3UTR MPRA|CAD|mikl:Map2:3300.0:279d0b704345be43,mikl_gse173098|mikl_gse173098|neurite_soma_mpra|GFP 3UTR MPRA|Neuro-2a|mikl:Map2:3300.0:279d0b704345be43,7,False
cd1c75fbdff1c240,1,mikl_gse173098|mikl_gse173098|neurite_soma_mpra|GFP 3UTR MPRA|CAD|mikl:Map2:3350.0:0107bdb00bcf4e96,mikl_gse173098|mikl_gse173098|neurite_soma_mpra|GFP 3UTR MPRA|Neuro-2a|mikl:Map2:3350.0:0107bdb00bcf4e96,5,False
cd1c75fbdff1c240,1,mikl_gse173098|mikl_gse173098|neurite_soma_mpra|GFP 3UTR MPRA|CAD|mikl:Map2:550.0:e98a156e821ae2a4,mikl_gse173098|mikl_gse173098|neurite_soma_mpra|GFP 3UTR MPRA|Neuro-2a|mikl:Map2:550.0:e98a156e821ae2a4,3,False
cd1c75fbdff1c240,1,mikl_gse173098|mikl_gse173098|neurite_soma_mpra|GFP 3UTR MPRA|CAD|mikl:Map2:1600.0:44209c9f30981a9f,mikl_gse173098|mikl_gse173098|neurite_soma_mpra|GFP 3UTR MPRA|Neuro-2a|mikl:Map2:1600.0:44209c9f30981a9f,3,False
cd1c75fbdff1c240,1,mikl_gse173098|mikl_gse173098|neurite_soma_mpra|GFP 3UTR MPRA|CAD|mikl:Map2:100.0:48054dd25021c126,mikl_gse173098|mikl_gse173098|neurite_soma_mpra|GFP 3UTR MPRA|Neuro-2a|mikl:Map2:100.0:48054dd25021c126,3,False
cd1c75fbdff1c240,1,mikl_gse173098|mikl_gse173098|neurite_soma_mpra|GFP 3UTR MPRA|CAD|mikl:Map2:0.0:b3d981b5edc56f3b,mikl_gse173098|mikl_gse173098|neurite_soma_mpra|GFP 3UTR MPRA|Neuro-2a|mikl:Map2:0.0:b3d981b5edc56f3b,2,False
cd1c75fbdff1c240,1,mikl_gse173098|mikl_gse173098|neurite_soma_mpra|GFP 3UTR MPRA|CAD|mikl:Map2:1550.0:e381d10dafbf74c4,mikl_gse173098|mikl_gse173098|neurite_soma_mpra|GFP 3UTR MPRA|Neuro-2a|mikl:Map2:1550.0:e381d10dafbf74c4,3,True
cd1c75fbdff1c240,1,mikl_gse173098|mikl_gse173098|neurite_soma_mpra|GFP 3UTR MPRA|CAD|mikl:Map2:2500.0:b6019f6d313ab69b,mikl_gse173098|mikl_gse173098|neurite_soma_mpra|GFP 3UTR MPRA|Neuro-2a|mikl:Map2:2500.0:b6019f6d313ab69b,3,True
cd1c75fbdff1c240,1,mikl_gse173098|mikl_gse173098|neurite_soma_mpra|GFP 3UTR MPRA|CAD|mikl:Map2:2950.0:d224f53c84392c0b,mikl_gse173098|mikl_gse173098|neurite_soma_mpra|GFP 3UTR MPRA|Neuro-2a|mikl:Map2:2950.0:d224f53c84392c0b,2,True
cd1c75fbdff1c240,1,mikl_gse173098|mikl_gse173098|neurite_soma_mpra|GFP 3UTR MPRA|CAD|mikl:Map2:2150.0:18b6c9595b6fab81,mikl_gse173098|mikl_gse173098|neurite_soma_mpra|GFP 3UTR MPRA|Neuro-2a|mikl:Map2:2150.0:18b6c9595b6fab81,2,True
cd1c75fbdff1c240,1,mikl_gse173098|mikl_gse173098|neurite_soma_mpra|GFP 3UTR MPRA|CAD|mikl:Map2:2850.0:d7764170efedb86c,mikl_gse173098|mikl_gse173098|neurite_soma_mpra|GFP 3UTR MPRA|Neuro-2a|mikl:Map2:2850.0:d7764170efedb86c,5,False
cd1c75fbdff1c240,1,mikl_gse173098|mikl_gse173098|neurite_soma_mpra|GFP 3UTR MPRA|CAD|mikl:Map2:300.0:e1d5abc6f72b49af,mikl_gse173098|mikl_gse173098|neurite_soma_mpra|GFP 3UTR MPRA|Neuro-2a|mikl:Map2:300.0:e1d5abc6f72b49af,3,False
cd1c75fbdff1c240,1,mikl_gse173098|mikl_gse173098|neurite_soma_mpra|GFP 3UTR MPRA|CAD|mikl:Map2:2350.0:aca85764dac1577b,mikl_gse173098|mikl_gse173098|neurite_soma_mpra|GFP 3UTR MPRA|Neuro-2a|mikl:Map2:2350.0:aca85764dac1577b,2,True
cd1c75fbdff1c240,1,mikl_gse173098|mikl_gse173098|neurite_soma_mpra|GFP 3UTR MPRA|CAD|mikl:Map2:2300.0:7778741fdb27e972,mikl_gse173098|mikl_gse173098|neurite_soma_mpra|GFP 3UTR MPRA|Neuro-2a|mikl:Map2:2300.0:7778741fdb27e972,3,False
cd1c75fbdff1c240,1,mikl_gse173098|mikl_gse173098|neurite_soma_mpra|GFP 3UTR MPRA|CAD|mikl:Map2:2900.0:00b9cb7bc40794d4,mikl_gse173098|mikl_gse173098|neurite_soma_mpra|GFP 3UTR MPRA|Neuro-2a|mikl:Map2:2900.0:00b9cb7bc40794d4,6,False
cd1c75fbdff1c240,1,mikl_gse173098|mikl_gse173098|neurite_soma_mpra|GFP 3UTR MPRA|CAD|mikl:Map2:50.0:77e6efaa5622556a,mikl_gse173098|mikl_gse173098|neurite_soma_mpra|GFP 3UTR MPRA|Neuro-2a|mikl:Map2:50.0:77e6efaa5622556a,3,False
cd1c75fbdff1c240,1,mikl_gse173098|mikl_gse173098|neurite_soma_mpra|GFP 3UTR MPRA|CAD|mikl:Map2:950.0:2588c5ca08cda562,mikl_gse173098|mikl_gse173098|neurite_soma_mpra|GFP 3UTR MPRA|Neuro-2a|mikl:Map2:950.0:2588c5ca08cda562,3,False
cd1c75fbdff1c240,1,mikl_gse173098|mikl_gse173098|neurite_soma_mpra|GFP 3UTR MPRA|CAD|mikl:Map2:2250.0:364229dbb72b6a28,mikl_gse173098|mikl_gse173098|neurite_soma_mpra|GFP 3UTR MPRA|Neuro-2a|mikl:Map2:2250.0:364229dbb72b6a28,2,True
cd1c75fbdff1c240,1,mikl_gse173098|mikl_gse173098|neurite_soma_mpra|GFP 3UTR MPRA|CAD|mikl:Map2:700.0:ab50ab0f5d2a76d2,mikl_gse173098|mikl_gse173098|neurite_soma_mpra|GFP 3UTR MPRA|Neuro-2a|mikl:Map2:700.0:ab50ab0f5d2a76d2,3,False
cd1c75fbdff1c240,1,mikl_gse173098|mikl_gse173098|neurite_soma_mpra|GFP 3UTR MPRA|CAD|mikl:Map2:350.0:d6e4b92e7eaec29e,mikl_gse173098|mikl_gse173098|neurite_soma_mpra|GFP 3UTR MPRA|Neuro-2a|mikl:Map2:350.0:d6e4b92e7eaec29e,3,False
cd1c75fbdff1c240,1,mikl_gse173098|mikl_gse173098|neurite_soma_mpra|GFP 3UTR MPRA|CAD|mikl:Map2:2050.0:3e69b150a3345e49,mikl_gse173098|mikl_gse173098|neurite_soma_mpra|GFP 3UTR MPRA|Neuro-2a|mikl:Map2:2050.0:3e69b150a3345e49,3,False
cd1c75fbdff1c240,1,mikl_gse173098|mikl_gse173098|neurite_soma_mpra|GFP 3UTR MPRA|CAD|mikl:Map2:400.0:cb6d577a1d7d3cf5,mikl_gse173098|mikl_gse173098|neurite_soma_mpra|GFP 3UTR MPRA|Neuro-2a|mikl:Map2:400.0:cb6d577a1d7d3cf5,3,False
cd1c75fbdff1c240,1,mikl_gse173098|mikl_gse173098|neurite_soma_mpra|GFP 3UTR MPRA|CAD|mikl:Map2:3400.0:486ea2a9ee1bc2f5,mikl_gse173098|mikl_gse173098|neurite_soma_mpra|GFP 3UTR MPRA|Neuro-2a|mikl:Map2:3400.0:486ea2a9ee1bc2f5,6,False
cd1c75fbdff1c240,1,mikl_gse173098|mikl_gse173098|neurite_soma_mpra|GFP 3UTR MPRA|CAD|mikl:Map2:150.0:9ee9971628b189b8,mikl_gse173098|mikl_gse173098|neurite_soma_mpra|GFP 3UTR MPRA|Neuro-2a|mikl:Map2:150.0:9ee9971628b189b8,3,False
cd1c75fbdff1c240,1,mikl_gse173098|mikl_gse173098|neurite_soma_mpra|GFP 3UTR MPRA|CAD|mikl:Map2:3250.0:2b2f5aa878282549,mikl_gse173098|mikl_gse173098|neurite_soma_mpra|GFP 3UTR MPRA|Neuro-2a|mikl:Map2:3250.0:2b2f5aa878282549,3,False
cd1c75fbdff1c240,1,mikl_gse173098|mikl_gse173098|neurite_soma_mpra|GFP 3UTR MPRA|CAD|mikl:Map2:1000.0:5524e4d9f67a2f91,mikl_gse173098|mikl_gse173098|neurite_soma_mpra|GFP 3UTR MPRA|Neuro-2a|mikl:Map2:1000.0:5524e4d9f67a2f91,3,True
cd1c75fbdff1c240,1,mikl_gse173098|mikl_gse173098|neurite_soma_mpra|GFP 3UTR MPRA|CAD|mikl:Map2:1050.0:878417a46d8875fd,mikl_gse173098|mikl_gse173098|neurite_soma_mpra|GFP 3UTR MPRA|Neuro-2a|mikl:Map2:1050.0:878417a46d8875fd,3,True
cd1c75fbdff1c240,1,mikl_gse173098|mikl_gse173098|neurite_soma_mpra|GFP 3UTR MPRA|CAD|mikl:Map2:650.0:b7a899d9ce8d4948,mikl_gse173098|mikl_gse173098|neurite_soma_mpra|GFP 3UTR MPRA|Neuro-2a|mikl:Map2:650.0:b7a899d9ce8d4948,5,False
cd1c75fbdff1c240,1,mikl_gse173098|mikl_gse173098|neurite_soma_mpra|GFP 3UTR MPRA|CAD|mikl:Map2:2450.0:739525d94366d4ba,mikl_gse173098|mikl_gse173098|neurite_soma_mpra|GFP 3UTR MPRA|Neuro-2a|mikl:Map2:2450.0:739525d94366d4ba,2,False
cd1c75fbdff1c240,1,mikl_gse173098|mikl_gse173098|neurite_soma_mpra|GFP 3UTR MPRA|CAD|mikl:Map2:3200.0:7791fe7c5a815698,mikl_gse173098|mikl_gse173098|neurite_soma_mpra|GFP 3UTR MPRA|Neuro-2a|mikl:Map2:3200.0:7791fe7c5a815698,2,True
cd1c75fbdff1c240,1,mikl_gse173098|mikl_gse173098|neurite_soma_mpra|GFP 3UTR MPRA|CAD|mikl:Map2:2000.0:630f013c05461d8a,mikl_gse173098|mikl_gse173098|neurite_soma_mpra|GFP 3UTR MPRA|Neuro-2a|mikl:Map2:2000.0:630f013c05461d8a,3,True
cd1c75fbdff1c240,1,mikl_gse173098|mikl_gse173098|neurite_soma_mpra|GFP 3UTR MPRA|CAD|mikl:Map2:2100.0:6d2af7d9bc6fe6d8,mikl_gse173098|mikl_gse173098|neurite_soma_mpra|GFP 3UTR MPRA|Neuro-2a|mikl:Map2:2100.0:6d2af7d9bc6fe6d8,3,False
cd1c75fbdff1c240,1,mikl_gse173098|mikl_gse173098|neurite_soma_mpra|GFP 3UTR MPRA|CAD|mikl:Map2:1650.0:3074390f7780120b,mikl_gse173098|mikl_gse173098|neurite_soma_mpra|GFP 3UTR MPRA|Neuro-2a|mikl:Map2:1650.0:3074390f7780120b,3,False
cd1c75fbdff1c240,1,mikl_gse173098|mikl_gse173098|neurite_soma_mpra|GFP 3UTR MPRA|CAD|mikl:Map2:600.0:359cb0fb9b4f289d,mikl_gse173098|mikl_gse173098|neurite_soma_mpra|GFP 3UTR MPRA|Neuro-2a|mikl:Map2:600.0:359cb0fb9b4f289d,6,False
cd1c75fbdff1c240,1,mikl_gse173098|mikl_gse173098|neurite_soma_mpra|GFP 3UTR MPRA|CAD|mikl:Map2:2400.0:6e200b5be1731af8,mikl_gse173098|mikl_gse173098|neurite_soma_mpra|GFP 3UTR MPRA|Neuro-2a|mikl:Map2:2400.0:6e200b5be1731af8,5,False
ce33a6cd172b5d00,1,mikl_gse173098|mikl_gse173098|neurite_soma_mpra|GFP 3UTR MPRA|CAD|mikl:Ptgs2:700.0:fa68b2e98f55ad83,mikl_gse173098|mikl_gse173098|neurite_soma_mpra|GFP 3UTR MPRA|Neuro-2a|mikl:Ptgs2:700.0:fa68b2e98f55ad83,2,True
cecd812a12810ebc,1,mikl_gse173098|mikl_gse173098|neurite_soma_mpra|GFP 3UTR MPRA|CAD|mikl:Chmp3:1350.0:c4a8aa88edfedd72,mikl_gse173098|mikl_gse173098|neurite_soma_mpra|GFP 3UTR MPRA|Neuro-2a|mikl:Chmp3:1350.0:c4a8aa88edfedd72,2,False
cecd812a12810ebc,1,mikl_gse173098|mikl_gse173098|neurite_soma_mpra|GFP 3UTR MPRA|CAD|mikl:Chmp3:50.0:7b0e380b01c047b1,mikl_gse173098|mikl_gse173098|neurite_soma_mpra|GFP 3UTR MPRA|Neuro-2a|mikl:Chmp3:50.0:7b0e380b01c047b1,5,False
cecd812a12810ebc,1,mikl_gse173098|mikl_gse173098|neurite_soma_mpra|GFP 3UTR MPRA|CAD|mikl:Chmp3:800.0:9f163ebc445612d3,mikl_gse173098|mikl_gse173098|neurite_soma_mpra|GFP 3UTR MPRA|Neuro-2a|mikl:Chmp3:800.0:9f163ebc445612d3,2,True
cecd812a12810ebc,1,mikl_gse173098|mikl_gse173098|neurite_soma_mpra|GFP 3UTR MPRA|CAD|mikl:Chmp3:50.0:cce1ed7748f8e298,mikl_gse173098|mikl_gse173098|neurite_soma_mpra|GFP 3UTR MPRA|Neuro-2a|mikl:Chmp3:50.0:cce1ed7748f8e298,2,False
cecd812a12810ebc,1,mikl_gse173098|mikl_gse173098|neurite_soma_mpra|GFP 3UTR MPRA|CAD|mikl:Chmp3:250.0:bc3cf92973579a68,mikl_gse173098|mikl_gse173098|neurite_soma_mpra|GFP 3UTR MPRA|Neuro-2a|mikl:Chmp3:250.0:bc3cf92973579a68,2,True
cecd812a12810ebc,1,mikl_gse173098|mikl_gse173098|neurite_soma_mpra|GFP 3UTR MPRA|CAD|mikl:Chmp3:150.0:56d1554654450a1b,mikl_gse173098|mikl_gse173098|neurite_soma_mpra|GFP 3UTR MPRA|Neuro-2a|mikl:Chmp3:150.0:56d1554654450a1b,2,True
cecd812a12810ebc,1,mikl_gse173098|mikl_gse173098|neurite_soma_mpra|GFP 3UTR MPRA|CAD|mikl:Chmp3:700.0:b01267354fa29c64,mikl_gse173098|mikl_gse173098|neurite_soma_mpra|GFP 3UTR MPRA|Neuro-2a|mikl:Chmp3:700.0:b01267354fa29c64,2,True
cecd812a12810ebc,1,mikl_gse173098|mikl_gse173098|neurite_soma_mpra|GFP 3UTR MPRA|CAD|mikl:Chmp3:0.0:369cb0ee514441ae,mikl_gse173098|mikl_gse173098|neurite_soma_mpra|GFP 3UTR MPRA|Neuro-2a|mikl:Chmp3:0.0:369cb0ee514441ae,2,True
cecd812a12810ebc,1,mikl_gse173098|mikl_gse173098|neurite_soma_mpra|GFP 3UTR MPRA|CAD|mikl:Chmp3:200.0:3ec78b8fdbbcd9dc,mikl_gse173098|mikl_gse173098|neurite_soma_mpra|GFP 3UTR MPRA|Neuro-2a|mikl:Chmp3:200.0:3ec78b8fdbbcd9dc,5,False
cecd812a12810ebc,1,mikl_gse173098|mikl_gse173098|neurite_soma_mpra|GFP 3UTR MPRA|CAD|mikl:Chmp3:1150.0:745ce1b48ae5825e,mikl_gse173098|mikl_gse173098|neurite_soma_mpra|GFP 3UTR MPRA|Neuro-2a|mikl:Chmp3:1150.0:745ce1b48ae5825e,2,True
cecd812a12810ebc,1,mikl_gse173098|mikl_gse173098|neurite_soma_mpra|GFP 3UTR MPRA|CAD|mikl:Chmp3:1250.0:e06e4fc3d6f2f33f,mikl_gse173098|mikl_gse173098|neurite_soma_mpra|GFP 3UTR MPRA|Neuro-2a|mikl:Chmp3:1250.0:e06e4fc3d6f2f33f,2,True
cecd812a12810ebc,1,mikl_gse173098|mikl_gse173098|neurite_soma_mpra|GFP 3UTR MPRA|CAD|mikl:Chmp3:750.0:7021b3472de15ebd,mikl_gse173098|mikl_gse173098|neurite_soma_mpra|GFP 3UTR MPRA|Neuro-2a|mikl:Chmp3:750.0:7021b3472de15ebd,2,False
cf7e1de2db4f4d86,0,mikl_gse173098|mikl_gse173098|neurite_soma_mpra|GFP 3UTR MPRA|CAD|mikl:Oprd1:2050.0:19e1f7e4ca7b758e,mikl_gse173098|mikl_gse173098|neurite_soma_mpra|GFP 3UTR MPRA|Neuro-2a|mikl:Oprd1:2050.0:19e1f7e4ca7b758e,2,True
cf7e1de2db4f4d86,0,mikl_gse173098|mikl_gse173098|neurite_soma_mpra|GFP 3UTR MPRA|CAD|mikl:Oprd1:300.0:01cf4d348ed71b3b,mikl_gse173098|mikl_gse173098|neurite_soma_mpra|GFP 3UTR MPRA|Neuro-2a|mikl:Oprd1:300.0:01cf4d348ed71b3b,2,False
cf7e1de2db4f4d86,0,mikl_gse173098|mikl_gse173098|neurite_soma_mpra|GFP 3UTR MPRA|CAD|mikl:Oprd1:350.0:e8898809f999c352,mikl_gse173098|mikl_gse173098|neurite_soma_mpra|GFP 3UTR MPRA|Neuro-2a|mikl:Oprd1:350.0:e8898809f999c352,4,False
cf7e1de2db4f4d86,0,mikl_gse173098|mikl_gse173098|neurite_soma_mpra|GFP 3UTR MPRA|CAD|mikl:Oprd1:1950.0:7c34749f5812d1cb,mikl_gse173098|mikl_gse173098|neurite_soma_mpra|GFP 3UTR MPRA|Neuro-2a|mikl:Oprd1:1950.0:7c34749f5812d1cb,2,False
cf7e1de2db4f4d86,0,mikl_gse173098|mikl_gse173098|neurite_soma_mpra|GFP 3UTR MPRA|CAD|mikl:Oprd1:1750.0:99129988fc960c94,mikl_gse173098|mikl_gse173098|neurite_soma_mpra|GFP 3UTR MPRA|Neuro-2a|mikl:Oprd1:1750.0:99129988fc960c94,2,True
cf7e1de2db4f4d86,0,mikl_gse173098|mikl_gse173098|neurite_soma_mpra|GFP 3UTR MPRA|CAD|mikl:Oprd1:0.0:86c542cb075519fd,mikl_gse173098|mikl_gse173098|neurite_soma_mpra|GFP 3UTR MPRA|Neuro-2a|mikl:Oprd1:0.0:86c542cb075519fd,4,False
cf7e1de2db4f4d86,0,mikl_gse173098|mikl_gse173098|neurite_soma_mpra|GFP 3UTR MPRA|CAD|mikl:Oprd1:400.0:f1b631cb3dce37f3,mikl_gse173098|mikl_gse173098|neurite_soma_mpra|GFP 3UTR MPRA|Neuro-2a|mikl:Oprd1:400.0:f1b631cb3dce37f3,3,False
cf7e1de2db4f4d86,0,mikl_gse173098|mikl_gse173098|neurite_soma_mpra|GFP 3UTR MPRA|CAD|mikl:Oprd1:50.0:50d65de5d7a35c82,mikl_gse173098|mikl_gse173098|neurite_soma_mpra|GFP 3UTR MPRA|Neuro-2a|mikl:Oprd1:50.0:50d65de5d7a35c82,3,False
cf7e1de2db4f4d86,0,mikl_gse173098|mikl_gse173098|neurite_soma_mpra|GFP 3UTR MPRA|CAD|mikl:Oprd1:1850.0:23343cbec754acd4,mikl_gse173098|mikl_gse173098|neurite_soma_mpra|GFP 3UTR MPRA|Neuro-2a|mikl:Oprd1:1850.0:23343cbec754acd4,4,False
cf7e1de2db4f4d86,0,mikl_gse173098|mikl_gse173098|neurite_soma_mpra|GFP 3UTR MPRA|CAD|mikl:Oprd1:1800.0:1253ac32b8a1632e,mikl_gse173098|mikl_gse173098|neurite_soma_mpra|GFP 3UTR MPRA|Neuro-2a|mikl:Oprd1:1800.0:1253ac32b8a1632e,3,False
cf7e1de2db4f4d86,0,mikl_gse173098|mikl_gse173098|neurite_soma_mpra|GFP 3UTR MPRA|CAD|mikl:Oprd1:1900.0:6e4e66b8cf667217,mikl_gse173098|mikl_gse173098|neurite_soma_mpra|GFP 3UTR MPRA|Neuro-2a|mikl:Oprd1:1900.0:6e4e66b8cf667217,2,False
cf7e1de2db4f4d86,0,mikl_gse173098|mikl_gse173098|neurite_soma_mpra|GFP 3UTR MPRA|CAD|mikl:Oprd1:100.0:fc22ac6cb252fe3b,mikl_gse173098|mikl_gse173098|neurite_soma_mpra|GFP 3UTR MPRA|Neuro-2a|mikl:Oprd1:100.0:fc22ac6cb252fe3b,5,False
cf7e1de2db4f4d86,0,mikl_gse173098|mikl_gse173098|neurite_soma_mpra|GFP 3UTR MPRA|CAD|mikl:Oprd1:750.0:300e1e93941e6666,mikl_gse173098|mikl_gse173098|neurite_soma_mpra|GFP 3UTR MPRA|Neuro-2a|mikl:Oprd1:750.0:300e1e93941e6666,2,True
d0397a30d0d5538e,1,mikl_gse173098|mikl_gse173098|neurite_soma_mpra|GFP 3UTR MPRA|CAD|mikl:Zfhx3:850.0:2af8c038cf54b23f,mikl_gse173098|mikl_gse173098|neurite_soma_mpra|GFP 3UTR MPRA|Neuro-2a|mikl:Zfhx3:850.0:2af8c038cf54b23f,2,False
d0397a30d0d5538e,1,mikl_gse173098|mikl_gse173098|neurite_soma_mpra|GFP 3UTR MPRA|CAD|mikl:Zfhx3:700.0:6abffa91316b5009,mikl_gse173098|mikl_gse173098|neurite_soma_mpra|GFP 3UTR MPRA|Neuro-2a|mikl:Zfhx3:700.0:6abffa91316b5009,2,False
d0397a30d0d5538e,1,mikl_gse173098|mikl_gse173098|neurite_soma_mpra|GFP 3UTR MPRA|CAD|mikl:Zfhx3:4350.0:0f7cf094982ff49a,mikl_gse173098|mikl_gse173098|neurite_soma_mpra|GFP 3UTR MPRA|Neuro-2a|mikl:Zfhx3:4350.0:0f7cf094982ff49a,2,False
d0397a30d0d5538e,1,mikl_gse173098|mikl_gse173098|neurite_soma_mpra|GFP 3UTR MPRA|CAD|mikl:Zfhx3:3200.0:0706eeafa48e7aa2,mikl_gse173098|mikl_gse173098|neurite_soma_mpra|GFP 3UTR MPRA|Neuro-2a|mikl:Zfhx3:3200.0:0706eeafa48e7aa2,3,False
d0397a30d0d5538e,1,mikl_gse173098|mikl_gse173098|neurite_soma_mpra|GFP 3UTR MPRA|CAD|mikl:Zfhx3:450.0:45d9c59127c6d4de,mikl_gse173098|mikl_gse173098|neurite_soma_mpra|GFP 3UTR MPRA|Neuro-2a|mikl:Zfhx3:450.0:45d9c59127c6d4de,3,False
d0397a30d0d5538e,1,mikl_gse173098|mikl_gse173098|neurite_soma_mpra|GFP 3UTR MPRA|CAD|mikl:Zfhx3:4300.0:dd15ded4c54ccc86,mikl_gse173098|mikl_gse173098|neurite_soma_mpra|GFP 3UTR MPRA|Neuro-2a|mikl:Zfhx3:4300.0:dd15ded4c54ccc86,2,True
d0397a30d0d5538e,1,mikl_gse173098|mikl_gse173098|neurite_soma_mpra|GFP 3UTR MPRA|CAD|mikl:Zfhx3:2900.0:dad46254747bdbd5,mikl_gse173098|mikl_gse173098|neurite_soma_mpra|GFP 3UTR MPRA|Neuro-2a|mikl:Zfhx3:2900.0:dad46254747bdbd5,4,False
d0397a30d0d5538e,1,mikl_gse173098|mikl_gse173098|neurite_soma_mpra|GFP 3UTR MPRA|CAD|mikl:Zfhx3:2700.0:7054458c8a68444f,mikl_gse173098|mikl_gse173098|neurite_soma_mpra|GFP 3UTR MPRA|Neuro-2a|mikl:Zfhx3:2700.0:7054458c8a68444f,2,True
d0397a30d0d5538e,1,mikl_gse173098|mikl_gse173098|neurite_soma_mpra|GFP 3UTR MPRA|CAD|mikl:Zfhx3:2450.0:69cdbd4e7d84b487,mikl_gse173098|mikl_gse173098|neurite_soma_mpra|GFP 3UTR MPRA|Neuro-2a|mikl:Zfhx3:2450.0:69cdbd4e7d84b487,2,True
d0397a30d0d5538e,1,mikl_gse173098|mikl_gse173098|neurite_soma_mpra|GFP 3UTR MPRA|CAD|mikl:Zfhx3:2950.0:f085fc35784ffb56,mikl_gse173098|mikl_gse173098|neurite_soma_mpra|GFP 3UTR MPRA|Neuro-2a|mikl:Zfhx3:2950.0:f085fc35784ffb56,2,False
d0397a30d0d5538e,1,mikl_gse173098|mikl_gse173098|neurite_soma_mpra|GFP 3UTR MPRA|CAD|mikl:Zfhx3:1250.0:23a20cd1e7f61d95,mikl_gse173098|mikl_gse173098|neurite_soma_mpra|GFP 3UTR MPRA|Neuro-2a|mikl:Zfhx3:1250.0:23a20cd1e7f61d95,2,True
d0397a30d0d5538e,1,mikl_gse173098|mikl_gse173098|neurite_soma_mpra|GFP 3UTR MPRA|CAD|mikl:Zfhx3:2850.0:1b5f0285ba8c0978,mikl_gse173098|mikl_gse173098|neurite_soma_mpra|GFP 3UTR MPRA|Neuro-2a|mikl:Zfhx3:2850.0:1b5f0285ba8c0978,3,False
d0397a30d0d5538e,1,mikl_gse173098|mikl_gse173098|neurite_soma_mpra|GFP 3UTR MPRA|CAD|mikl:Zfhx3:3150.0:7946447aaf68901e,mikl_gse173098|mikl_gse173098|neurite_soma_mpra|GFP 3UTR MPRA|Neuro-2a|mikl:Zfhx3:3150.0:7946447aaf68901e,2,True
d0397a30d0d5538e,1,mikl_gse173098|mikl_gse173098|neurite_soma_mpra|GFP 3UTR MPRA|CAD|mikl:Zfhx3:400.0:d36578722ccdb04c,mikl_gse173098|mikl_gse173098|neurite_soma_mpra|GFP 3UTR MPRA|Neuro-2a|mikl:Zfhx3:400.0:d36578722ccdb04c,3,False
d0397a30d0d5538e,1,mikl_gse173098|mikl_gse173098|neurite_soma_mpra|GFP 3UTR MPRA|CAD|mikl:Zfhx3:4000.0:f80b5515e51e90df,mikl_gse173098|mikl_gse173098|neurite_soma_mpra|GFP 3UTR MPRA|Neuro-2a|mikl:Zfhx3:4000.0:f80b5515e51e90df,2,True
d0397a30d0d5538e,1,mikl_gse173098|mikl_gse173098|neurite_soma_mpra|GFP 3UTR MPRA|CAD|mikl:Zfhx3:4250.0:01fdd1249656dae0,mikl_gse173098|mikl_gse173098|neurite_soma_mpra|GFP 3UTR MPRA|Neuro-2a|mikl:Zfhx3:4250.0:01fdd1249656dae0,2,True
d0397a30d0d5538e,1,mikl_gse173098|mikl_gse173098|neurite_soma_mpra|GFP 3UTR MPRA|CAD|mikl:Zfhx3:3250.0:c2525abe163ca229,mikl_gse173098|mikl_gse173098|neurite_soma_mpra|GFP 3UTR MPRA|Neuro-2a|mikl:Zfhx3:3250.0:c2525abe163ca229,2,False
d0397a30d0d5538e,1,mikl_gse173098|mikl_gse173098|neurite_soma_mpra|GFP 3UTR MPRA|CAD|mikl:Zfhx3:2750.0:5133affdcc6a2ec4,mikl_gse173098|mikl_gse173098|neurite_soma_mpra|GFP 3UTR MPRA|Neuro-2a|mikl:Zfhx3:2750.0:5133affdcc6a2ec4,2,False
d0397a30d0d5538e,1,mikl_gse173098|mikl_gse173098|neurite_soma_mpra|GFP 3UTR MPRA|CAD|mikl:Zfhx3:1450.0:0f134a7a69f5d5d0,mikl_gse173098|mikl_gse173098|neurite_soma_mpra|GFP 3UTR MPRA|Neuro-2a|mikl:Zfhx3:1450.0:0f134a7a69f5d5d0,3,False
d2fc5c881b389eb8,0,mikl_gse173098|mikl_gse173098|neurite_soma_mpra|GFP 3UTR MPRA|CAD|mikl:Bdnf:350.0:aacedbc67d17c6b8,mikl_gse173098|mikl_gse173098|neurite_soma_mpra|GFP 3UTR MPRA|Neuro-2a|mikl:Bdnf:350.0:aacedbc67d17c6b8,2,False
d2fc5c881b389eb8,0,mikl_gse173098|mikl_gse173098|neurite_soma_mpra|GFP 3UTR MPRA|CAD|mikl:Bdnf:200.0:3e7370f2f765c737,mikl_gse173098|mikl_gse173098|neurite_soma_mpra|GFP 3UTR MPRA|Neuro-2a|mikl:Bdnf:200.0:3e7370f2f765c737,2,True
d2fc5c881b389eb8,0,mikl_gse173098|mikl_gse173098|neurite_soma_mpra|GFP 3UTR MPRA|CAD|mikl:Bdnf:1900.0:e9570ca6d73bd5c0,mikl_gse173098|mikl_gse173098|neurite_soma_mpra|GFP 3UTR MPRA|Neuro-2a|mikl:Bdnf:1900.0:e9570ca6d73bd5c0,2,True
d2fc5c881b389eb8,0,mikl_gse173098|mikl_gse173098|neurite_soma_mpra|GFP 3UTR MPRA|CAD|mikl:Bdnf:1250.0:7133f4794e9b4dcf,mikl_gse173098|mikl_gse173098|neurite_soma_mpra|GFP 3UTR MPRA|Neuro-2a|mikl:Bdnf:1250.0:7133f4794e9b4dcf,2,False
d2fc5c881b389eb8,0,mikl_gse173098|mikl_gse173098|neurite_soma_mpra|GFP 3UTR MPRA|CAD|mikl:Bdnf:1600.0:a388434228e17977,mikl_gse173098|mikl_gse173098|neurite_soma_mpra|GFP 3UTR MPRA|Neuro-2a|mikl:Bdnf:1600.0:a388434228e17977,7,False
d2fc5c881b389eb8,0,mikl_gse173098|mikl_gse173098|neurite_soma_mpra|GFP 3UTR MPRA|CAD|mikl:Bdnf:1550.0:c2afabadaf597c01,mikl_gse173098|mikl_gse173098|neurite_soma_mpra|GFP 3UTR MPRA|Neuro-2a|mikl:Bdnf:1550.0:c2afabadaf597c01,4,False
d2fc5c881b389eb8,0,mikl_gse173098|mikl_gse173098|neurite_soma_mpra|GFP 3UTR MPRA|CAD|mikl:Bdnf:2650.0:dcaf0c75bb551d22,mikl_gse173098|mikl_gse173098|neurite_soma_mpra|GFP 3UTR MPRA|Neuro-2a|mikl:Bdnf:2650.0:dcaf0c75bb551d22,2,True
d2fc5c881b389eb8,0,mikl_gse173098|mikl_gse173098|neurite_soma_mpra|GFP 3UTR MPRA|CAD|mikl:Bdnf:450.0:2f1c13dcbae11a84,mikl_gse173098|mikl_gse173098|neurite_soma_mpra|GFP 3UTR MPRA|Neuro-2a|mikl:Bdnf:450.0:2f1c13dcbae11a84,3,False
d2fc5c881b389eb8,0,mikl_gse173098|mikl_gse173098|neurite_soma_mpra|GFP 3UTR MPRA|CAD|mikl:Bdnf:2000.0:176a83fff9205552,mikl_gse173098|mikl_gse173098|neurite_soma_mpra|GFP 3UTR MPRA|Neuro-2a|mikl:Bdnf:2000.0:176a83fff9205552,3,False
d2fc5c881b389eb8,0,mikl_gse173098|mikl_gse173098|neurite_soma_mpra|GFP 3UTR MPRA|CAD|mikl:Bdnf:500.0:7984106a989acace,mikl_gse173098|mikl_gse173098|neurite_soma_mpra|GFP 3UTR MPRA|Neuro-2a|mikl:Bdnf:500.0:7984106a989acace,4,False
d2fc5c881b389eb8,0,mikl_gse173098|mikl_gse173098|neurite_soma_mpra|GFP 3UTR MPRA|CAD|mikl:Bdnf:950.0:ccafb61d5f7b7dd6,mikl_gse173098|mikl_gse173098|neurite_soma_mpra|GFP 3UTR MPRA|Neuro-2a|mikl:Bdnf:950.0:ccafb61d5f7b7dd6,4,False
d2fc5c881b389eb8,0,mikl_gse173098|mikl_gse173098|neurite_soma_mpra|GFP 3UTR MPRA|CAD|mikl:Bdnf:2600.0:ba868c249d517352,mikl_gse173098|mikl_gse173098|neurite_soma_mpra|GFP 3UTR MPRA|Neuro-2a|mikl:Bdnf:2600.0:ba868c249d517352,2,False
d2fc5c881b389eb8,0,mikl_gse173098|mikl_gse173098|neurite_soma_mpra|GFP 3UTR MPRA|CAD|mikl:Bdnf:1200.0:444a3f8e25257908,mikl_gse173098|mikl_gse173098|neurite_soma_mpra|GFP 3UTR MPRA|Neuro-2a|mikl:Bdnf:1200.0:444a3f8e25257908,2,False
d2fc5c881b389eb8,0,mikl_gse173098|mikl_gse173098|neurite_soma_mpra|GFP 3UTR MPRA|CAD|mikl:Bdnf:1700.0:3ca7eb614c85ad55,mikl_gse173098|mikl_gse173098|neurite_soma_mpra|GFP 3UTR MPRA|Neuro-2a|mikl:Bdnf:1700.0:3ca7eb614c85ad55,4,False
d2fc5c881b389eb8,0,mikl_gse173098|mikl_gse173098|neurite_soma_mpra|GFP 3UTR MPRA|CAD|mikl:Bdnf:800.0:35532439ba148292,mikl_gse173098|mikl_gse173098|neurite_soma_mpra|GFP 3UTR MPRA|Neuro-2a|mikl:Bdnf:800.0:35532439ba148292,2,False
d2fc5c881b389eb8,0,mikl_gse173098|mikl_gse173098|neurite_soma_mpra|GFP 3UTR MPRA|CAD|mikl:Bdnf:1650.0:2045802e601454c7,mikl_gse173098|mikl_gse173098|neurite_soma_mpra|GFP 3UTR MPRA|Neuro-2a|mikl:Bdnf:1650.0:2045802e601454c7,6,False
d2fc5c881b389eb8,0,mikl_gse173098|mikl_gse173098|neurite_soma_mpra|GFP 3UTR MPRA|CAD|mikl:Bdnf:750.0:56651f12dae20f2b,mikl_gse173098|mikl_gse173098|neurite_soma_mpra|GFP 3UTR MPRA|Neuro-2a|mikl:Bdnf:750.0:56651f12dae20f2b,2,False
d2fc5c881b389eb8,0,mikl_gse173098|mikl_gse173098|neurite_soma_mpra|GFP 3UTR MPRA|CAD|mikl:Bdnf:50.0:f42f99ed131c434c,mikl_gse173098|mikl_gse173098|neurite_soma_mpra|GFP 3UTR MPRA|Neuro-2a|mikl:Bdnf:50.0:f42f99ed131c434c,2,True
d2fc5c881b389eb8,0,mikl_gse173098|mikl_gse173098|neurite_soma_mpra|GFP 3UTR MPRA|CAD|mikl:Bdnf:1000.0:985124990f036723,mikl_gse173098|mikl_gse173098|neurite_soma_mpra|GFP 3UTR MPRA|Neuro-2a|mikl:Bdnf:1000.0:985124990f036723,3,False
d2fc5c881b389eb8,0,mikl_gse173098|mikl_gse173098|neurite_soma_mpra|GFP 3UTR MPRA|CAD|mikl:Bdnf:0.0:161ca683d9e4a57a,mikl_gse173098|mikl_gse173098|neurite_soma_mpra|GFP 3UTR MPRA|Neuro-2a|mikl:Bdnf:0.0:161ca683d9e4a57a,2,True
d2fc5c881b389eb8,0,mikl_gse173098|mikl_gse173098|neurite_soma_mpra|GFP 3UTR MPRA|CAD|mikl:Bdnf:1150.0:8ea411797bdec169,mikl_gse173098|mikl_gse173098|neurite_soma_mpra|GFP 3UTR MPRA|Neuro-2a|mikl:Bdnf:1150.0:8ea411797bdec169,2,False
d2fc5c881b389eb8,0,mikl_gse173098|mikl_gse173098|neurite_soma_mpra|GFP 3UTR MPRA|CAD|mikl:Bdnf:900.0:c9b609c4cd567d28,mikl_gse173098|mikl_gse173098|neurite_soma_mpra|GFP 3UTR MPRA|Neuro-2a|mikl:Bdnf:900.0:c9b609c4cd567d28,4,False
d2fc5c881b389eb8,0,mikl_gse173098|mikl_gse173098|neurite_soma_mpra|GFP 3UTR MPRA|CAD|mikl:Bdnf:150.0:9eaf02b561eb75ba,mikl_gse173098|mikl_gse173098|neurite_soma_mpra|GFP 3UTR MPRA|Neuro-2a|mikl:Bdnf:150.0:9eaf02b561eb75ba,2,True
d2fc5c881b389eb8,0,mikl_gse173098|mikl_gse173098|neurite_soma_mpra|GFP 3UTR MPRA|CAD|mikl:Bdnf:1950.0:aa5a13dcf685bdf3,mikl_gse173098|mikl_gse173098|neurite_soma_mpra|GFP 3UTR MPRA|Neuro-2a|mikl:Bdnf:1950.0:aa5a13dcf685bdf3,4,False
d381d2af5858503f,1,mikl_gse173098|mikl_gse173098|neurite_soma_mpra|GFP 3UTR MPRA|CAD|mikl:Fgf13:300.0:ebf5ff66a396fdbc,mikl_gse173098|mikl_gse173098|neurite_soma_mpra|GFP 3UTR MPRA|Neuro-2a|mikl:Fgf13:300.0:ebf5ff66a396fdbc,2,False
d448918320cd6ef4,2,mikl_gse173098|mikl_gse173098|neurite_soma_mpra|GFP 3UTR MPRA|CAD|mikl:Arid2:400.0:a25148d0f32dd932,mikl_gse173098|mikl_gse173098|neurite_soma_mpra|GFP 3UTR MPRA|Neuro-2a|mikl:Arid2:400.0:a25148d0f32dd932,4,False
d448918320cd6ef4,2,mikl_gse173098|mikl_gse173098|neurite_soma_mpra|GFP 3UTR MPRA|CAD|mikl:Arid2:1500.0:d495faa93a07bdf6,mikl_gse173098|mikl_gse173098|neurite_soma_mpra|GFP 3UTR MPRA|Neuro-2a|mikl:Arid2:1500.0:d495faa93a07bdf6,3,False
d448918320cd6ef4,2,mikl_gse173098|mikl_gse173098|neurite_soma_mpra|GFP 3UTR MPRA|CAD|mikl:Arid2:450.0:0f5494371ed36f95,mikl_gse173098|mikl_gse173098|neurite_soma_mpra|GFP 3UTR MPRA|Neuro-2a|mikl:Arid2:450.0:0f5494371ed36f95,3,False
d448918320cd6ef4,2,mikl_gse173098|mikl_gse173098|neurite_soma_mpra|GFP 3UTR MPRA|CAD|mikl:Arid2:100.0:5269ff8f108124cd,mikl_gse173098|mikl_gse173098|neurite_soma_mpra|GFP 3UTR MPRA|Neuro-2a|mikl:Arid2:100.0:5269ff8f108124cd,5,False
d448918320cd6ef4,2,mikl_gse173098|mikl_gse173098|neurite_soma_mpra|GFP 3UTR MPRA|CAD|mikl:Arid2:350.0:efcbdf94aaf101d2,mikl_gse173098|mikl_gse173098|neurite_soma_mpra|GFP 3UTR MPRA|Neuro-2a|mikl:Arid2:350.0:efcbdf94aaf101d2,3,False
d448918320cd6ef4,2,mikl_gse173098|mikl_gse173098|neurite_soma_mpra|GFP 3UTR MPRA|CAD|mikl:Arid2:2250.0:72e5e26ecbe7a3db,mikl_gse173098|mikl_gse173098|neurite_soma_mpra|GFP 3UTR MPRA|Neuro-2a|mikl:Arid2:2250.0:72e5e26ecbe7a3db,2,False
d448918320cd6ef4,2,mikl_gse173098|mikl_gse173098|neurite_soma_mpra|GFP 3UTR MPRA|CAD|mikl:Arid2:2000.0:aeedc2d97be4670b,mikl_gse173098|mikl_gse173098|neurite_soma_mpra|GFP 3UTR MPRA|Neuro-2a|mikl:Arid2:2000.0:aeedc2d97be4670b,4,False
d448918320cd6ef4,2,mikl_gse173098|mikl_gse173098|neurite_soma_mpra|GFP 3UTR MPRA|CAD|mikl:Arid2:200.0:8d4e6789eabc0984,mikl_gse173098|mikl_gse173098|neurite_soma_mpra|GFP 3UTR MPRA|Neuro-2a|mikl:Arid2:200.0:8d4e6789eabc0984,3,False
d448918320cd6ef4,2,mikl_gse173098|mikl_gse173098|neurite_soma_mpra|GFP 3UTR MPRA|CAD|mikl:Arid2:2450.0:d974eaa40b430d1b,mikl_gse173098|mikl_gse173098|neurite_soma_mpra|GFP 3UTR MPRA|Neuro-2a|mikl:Arid2:2450.0:d974eaa40b430d1b,3,False
d448918320cd6ef4,2,mikl_gse173098|mikl_gse173098|neurite_soma_mpra|GFP 3UTR MPRA|CAD|mikl:Arid2:1450.0:96231b70cc2b8ef7,mikl_gse173098|mikl_gse173098|neurite_soma_mpra|GFP 3UTR MPRA|Neuro-2a|mikl:Arid2:1450.0:96231b70cc2b8ef7,2,False
d448918320cd6ef4,2,mikl_gse173098|mikl_gse173098|neurite_soma_mpra|GFP 3UTR MPRA|CAD|mikl:Arid2:1350.0:2826d2d15ac780ed,mikl_gse173098|mikl_gse173098|neurite_soma_mpra|GFP 3UTR MPRA|Neuro-2a|mikl:Arid2:1350.0:2826d2d15ac780ed,4,False
d448918320cd6ef4,2,mikl_gse173098|mikl_gse173098|neurite_soma_mpra|GFP 3UTR MPRA|CAD|mikl:Arid2:2200.0:86f92169c49e51d3,mikl_gse173098|mikl_gse173098|neurite_soma_mpra|GFP 3UTR MPRA|Neuro-2a|mikl:Arid2:2200.0:86f92169c49e51d3,2,False
d448918320cd6ef4,2,mikl_gse173098|mikl_gse173098|neurite_soma_mpra|GFP 3UTR MPRA|CAD|mikl:Arid2:50.0:06dd39a266ba8a11,mikl_gse173098|mikl_gse173098|neurite_soma_mpra|GFP 3UTR MPRA|Neuro-2a|mikl:Arid2:50.0:06dd39a266ba8a11,4,False
d448918320cd6ef4,2,mikl_gse173098|mikl_gse173098|neurite_soma_mpra|GFP 3UTR MPRA|CAD|mikl:Arid2:2400.0:6ff71ce5b809812c,mikl_gse173098|mikl_gse173098|neurite_soma_mpra|GFP 3UTR MPRA|Neuro-2a|mikl:Arid2:2400.0:6ff71ce5b809812c,2,False
d448918320cd6ef4,2,mikl_gse173098|mikl_gse173098|neurite_soma_mpra|GFP 3UTR MPRA|CAD|mikl:Arid2:2050.0:fa4d4d9147ce1a8a,mikl_gse173098|mikl_gse173098|neurite_soma_mpra|GFP 3UTR MPRA|Neuro-2a|mikl:Arid2:2050.0:fa4d4d9147ce1a8a,4,False
d448918320cd6ef4,2,mikl_gse173098|mikl_gse173098|neurite_soma_mpra|GFP 3UTR MPRA|CAD|mikl:Arid2:1400.0:f6ff115ccdd346eb,mikl_gse173098|mikl_gse173098|neurite_soma_mpra|GFP 3UTR MPRA|Neuro-2a|mikl:Arid2:1400.0:f6ff115ccdd346eb,6,False
d448918320cd6ef4,2,mikl_gse173098|mikl_gse173098|neurite_soma_mpra|GFP 3UTR MPRA|CAD|mikl:Arid2:950.0:0b81cc4e9ccbd865,mikl_gse173098|mikl_gse173098|neurite_soma_mpra|GFP 3UTR MPRA|Neuro-2a|mikl:Arid2:950.0:0b81cc4e9ccbd865,2,False
d448918320cd6ef4,2,mikl_gse173098|mikl_gse173098|neurite_soma_mpra|GFP 3UTR MPRA|CAD|mikl:Arid2:250.0:be4fe8b2f50e385c,mikl_gse173098|mikl_gse173098|neurite_soma_mpra|GFP 3UTR MPRA|Neuro-2a|mikl:Arid2:250.0:be4fe8b2f50e385c,3,False
d448918320cd6ef4,2,mikl_gse173098|mikl_gse173098|neurite_soma_mpra|GFP 3UTR MPRA|CAD|mikl:Arid2:2550.0:cffd1c662d202675,mikl_gse173098|mikl_gse173098|neurite_soma_mpra|GFP 3UTR MPRA|Neuro-2a|mikl:Arid2:2550.0:cffd1c662d202675,4,False
d448918320cd6ef4,2,mikl_gse173098|mikl_gse173098|neurite_soma_mpra|GFP 3UTR MPRA|CAD|mikl:Arid2:2650.0:9cc84a685b7eae12,mikl_gse173098|mikl_gse173098|neurite_soma_mpra|GFP 3UTR MPRA|Neuro-2a|mikl:Arid2:2650.0:9cc84a685b7eae12,4,False
d448918320cd6ef4,2,mikl_gse173098|mikl_gse173098|neurite_soma_mpra|GFP 3UTR MPRA|CAD|mikl:Arid2:300.0:3818a6747ca8962e,mikl_gse173098|mikl_gse173098|neurite_soma_mpra|GFP 3UTR MPRA|Neuro-2a|mikl:Arid2:300.0:3818a6747ca8962e,3,False
d448918320cd6ef4,2,mikl_gse173098|mikl_gse173098|neurite_soma_mpra|GFP 3UTR MPRA|CAD|mikl:Arid2:150.0:b783c9c4929118a7,mikl_gse173098|mikl_gse173098|neurite_soma_mpra|GFP 3UTR MPRA|Neuro-2a|mikl:Arid2:150.0:b783c9c4929118a7,5,False
d448918320cd6ef4,2,mikl_gse173098|mikl_gse173098|neurite_soma_mpra|GFP 3UTR MPRA|CAD|mikl:Arid2:800.0:969892f9d6183862,mikl_gse173098|mikl_gse173098|neurite_soma_mpra|GFP 3UTR MPRA|Neuro-2a|mikl:Arid2:800.0:969892f9d6183862,2,True
d448918320cd6ef4,2,mikl_gse173098|mikl_gse173098|neurite_soma_mpra|GFP 3UTR MPRA|CAD|mikl:Arid2:2500.0:b0b4fab5b5dba4d9,mikl_gse173098|mikl_gse173098|neurite_soma_mpra|GFP 3UTR MPRA|Neuro-2a|mikl:Arid2:2500.0:b0b4fab5b5dba4d9,2,True
d448918320cd6ef4,2,mikl_gse173098|mikl_gse173098|neurite_soma_mpra|GFP 3UTR MPRA|CAD|mikl:Arid2:1050.0:ea8a58450ec175c3,mikl_gse173098|mikl_gse173098|neurite_soma_mpra|GFP 3UTR MPRA|Neuro-2a|mikl:Arid2:1050.0:ea8a58450ec175c3,3,True
d448918320cd6ef4,2,mikl_gse173098|mikl_gse173098|neurite_soma_mpra|GFP 3UTR MPRA|CAD|mikl:Arid2:2700.0:706e5421c012ecf0,mikl_gse173098|mikl_gse173098|neurite_soma_mpra|GFP 3UTR MPRA|Neuro-2a|mikl:Arid2:2700.0:706e5421c012ecf0,4,False
d448918320cd6ef4,2,mikl_gse173098|mikl_gse173098|neurite_soma_mpra|GFP 3UTR MPRA|CAD|mikl:Arid2:750.0:2d540353ec3c7155,mikl_gse173098|mikl_gse173098|neurite_soma_mpra|GFP 3UTR MPRA|Neuro-2a|mikl:Arid2:750.0:2d540353ec3c7155,3,False
d448918320cd6ef4,2,mikl_gse173098|mikl_gse173098|neurite_soma_mpra|GFP 3UTR MPRA|CAD|mikl:Arid2:500.0:b55d614a6bae6903,mikl_gse173098|mikl_gse173098|neurite_soma_mpra|GFP 3UTR MPRA|Neuro-2a|mikl:Arid2:500.0:b55d614a6bae6903,3,True
d448918320cd6ef4,2,mikl_gse173098|mikl_gse173098|neurite_soma_mpra|GFP 3UTR MPRA|CAD|mikl:Arid2:0.0:ffcf73c3783faae0,mikl_gse173098|mikl_gse173098|neurite_soma_mpra|GFP 3UTR MPRA|Neuro-2a|mikl:Arid2:0.0:ffcf73c3783faae0,3,False
d448918320cd6ef4,2,mikl_gse173098|mikl_gse173098|neurite_soma_mpra|GFP 3UTR MPRA|CAD|mikl:Arid2:0.0:8ed370ea42e0e6ce,mikl_gse173098|mikl_gse173098|neurite_soma_mpra|GFP 3UTR MPRA|Neuro-2a|mikl:Arid2:0.0:8ed370ea42e0e6ce,2,False
d448918320cd6ef4,2,mikl_gse173098|mikl_gse173098|neurite_soma_mpra|GFP 3UTR MPRA|CAD|mikl:Arid2:2300.0:7d537b83fc0adfdf,mikl_gse173098|mikl_gse173098|neurite_soma_mpra|GFP 3UTR MPRA|Neuro-2a|mikl:Arid2:2300.0:7d537b83fc0adfdf,3,False
d448918320cd6ef4,2,mikl_gse173098|mikl_gse173098|neurite_soma_mpra|GFP 3UTR MPRA|CAD|mikl:Arid2:1100.0:94d1a1400a07a33f,mikl_gse173098|mikl_gse173098|neurite_soma_mpra|GFP 3UTR MPRA|Neuro-2a|mikl:Arid2:1100.0:94d1a1400a07a33f,3,False
d448918320cd6ef4,2,mikl_gse173098|mikl_gse173098|neurite_soma_mpra|GFP 3UTR MPRA|CAD|mikl:Arid2:1750.0:f459bfa14cd03f6d,mikl_gse173098|mikl_gse173098|neurite_soma_mpra|GFP 3UTR MPRA|Neuro-2a|mikl:Arid2:1750.0:f459bfa14cd03f6d,2,True
d448918320cd6ef4,2,mikl_gse173098|mikl_gse173098|neurite_soma_mpra|GFP 3UTR MPRA|CAD|mikl:Arid2:1150.0:d684ebad3c6d73fc,mikl_gse173098|mikl_gse173098|neurite_soma_mpra|GFP 3UTR MPRA|Neuro-2a|mikl:Arid2:1150.0:d684ebad3c6d73fc,2,True
d448918320cd6ef4,2,mikl_gse173098|mikl_gse173098|neurite_soma_mpra|GFP 3UTR MPRA|CAD|mikl:Arid2:2350.0:7d237d9d1859d7bb,mikl_gse173098|mikl_gse173098|neurite_soma_mpra|GFP 3UTR MPRA|Neuro-2a|mikl:Arid2:2350.0:7d237d9d1859d7bb,3,False
d448918320cd6ef4,2,mikl_gse173098|mikl_gse173098|neurite_soma_mpra|GFP 3UTR MPRA|CAD|mikl:Arid2:550.0:7bbd6b71f315ae6d,mikl_gse173098|mikl_gse173098|neurite_soma_mpra|GFP 3UTR MPRA|Neuro-2a|mikl:Arid2:550.0:7bbd6b71f315ae6d,2,True
d448918320cd6ef4,2,mikl_gse173098|mikl_gse173098|neurite_soma_mpra|GFP 3UTR MPRA|CAD|mikl:Arid2:1300.0:60cfd16e748cc667,mikl_gse173098|mikl_gse173098|neurite_soma_mpra|GFP 3UTR MPRA|Neuro-2a|mikl:Arid2:1300.0:60cfd16e748cc667,3,False
d448918320cd6ef4,2,mikl_gse173098|mikl_gse173098|neurite_soma_mpra|GFP 3UTR MPRA|CAD|mikl:Arid2:2100.0:0dfc43df84116ace,mikl_gse173098|mikl_gse173098|neurite_soma_mpra|GFP 3UTR MPRA|Neuro-2a|mikl:Arid2:2100.0:0dfc43df84116ace,4,True
d448918320cd6ef4,2,mikl_gse173098|mikl_gse173098|neurite_soma_mpra|GFP 3UTR MPRA|CAD|mikl:Arid2:850.0:687add8b2ffa3c7d,mikl_gse173098|mikl_gse173098|neurite_soma_mpra|GFP 3UTR MPRA|Neuro-2a|mikl:Arid2:850.0:687add8b2ffa3c7d,3,True
d535ea86e5ff8786,2,mikl_gse173098|mikl_gse173098|neurite_soma_mpra|GFP 3UTR MPRA|CAD|mikl:9130008F23Rik:1050.0:fc92f093f3ebd19f,mikl_gse173098|mikl_gse173098|neurite_soma_mpra|GFP 3UTR MPRA|Neuro-2a|mikl:9130008F23Rik:1050.0:fc92f093f3ebd19f,2,False
d535ea86e5ff8786,2,mikl_gse173098|mikl_gse173098|neurite_soma_mpra|GFP 3UTR MPRA|CAD|mikl:9130008F23Rik:950.0:4724f30bf2792ff4,mikl_gse173098|mikl_gse173098|neurite_soma_mpra|GFP 3UTR MPRA|Neuro-2a|mikl:9130008F23Rik:950.0:4724f30bf2792ff4,3,False
d535ea86e5ff8786,2,mikl_gse173098|mikl_gse173098|neurite_soma_mpra|GFP 3UTR MPRA|CAD|mikl:9130008F23Rik:250.0:26b067cecdaf81aa,mikl_gse173098|mikl_gse173098|neurite_soma_mpra|GFP 3UTR MPRA|Neuro-2a|mikl:9130008F23Rik:250.0:26b067cecdaf81aa,2,True
d535ea86e5ff8786,2,mikl_gse173098|mikl_gse173098|neurite_soma_mpra|GFP 3UTR MPRA|CAD|mikl:9130008F23Rik:200.0:8ad11f1dd6bd5854,mikl_gse173098|mikl_gse173098|neurite_soma_mpra|GFP 3UTR MPRA|Neuro-2a|mikl:9130008F23Rik:200.0:8ad11f1dd6bd5854,2,False
d535ea86e5ff8786,2,mikl_gse173098|mikl_gse173098|neurite_soma_mpra|GFP 3UTR MPRA|CAD|mikl:9130008F23Rik:1000.0:7fedbc7309516444,mikl_gse173098|mikl_gse173098|neurite_soma_mpra|GFP 3UTR MPRA|Neuro-2a|mikl:9130008F23Rik:1000.0:7fedbc7309516444,3,False
d535ea86e5ff8786,2,mikl_gse173098|mikl_gse173098|neurite_soma_mpra|GFP 3UTR MPRA|CAD|mikl:9130008F23Rik:300.0:7bac9b3d0e751b01,mikl_gse173098|mikl_gse173098|neurite_soma_mpra|GFP 3UTR MPRA|Neuro-2a|mikl:9130008F23Rik:300.0:7bac9b3d0e751b01,2,False
d7ded6db9fb1c077,1,mikl_gse173098|mikl_gse173098|neurite_soma_mpra|GFP 3UTR MPRA|CAD|mikl:C130026I21Rik:300.0:b9d15668cbfe6ff3,mikl_gse173098|mikl_gse173098|neurite_soma_mpra|GFP 3UTR MPRA|Neuro-2a|mikl:C130026I21Rik:300.0:b9d15668cbfe6ff3,2,False
d7ded6db9fb1c077,1,mikl_gse173098|mikl_gse173098|neurite_soma_mpra|GFP 3UTR MPRA|CAD|mikl:C130026I21Rik:400.0:2422f2f807d780ff,mikl_gse173098|mikl_gse173098|neurite_soma_mpra|GFP 3UTR MPRA|Neuro-2a|mikl:C130026I21Rik:400.0:2422f2f807d780ff,3,False
d7ded6db9fb1c077,1,mikl_gse173098|mikl_gse173098|neurite_soma_mpra|GFP 3UTR MPRA|CAD|mikl:C130026I21Rik:100.0:b3cbf994c06160f0,mikl_gse173098|mikl_gse173098|neurite_soma_mpra|GFP 3UTR MPRA|Neuro-2a|mikl:C130026I21Rik:100.0:b3cbf994c06160f0,2,False
d7ded6db9fb1c077,1,mikl_gse173098|mikl_gse173098|neurite_soma_mpra|GFP 3UTR MPRA|CAD|mikl:C130026I21Rik:350.0:588af6fd16ae4241,mikl_gse173098|mikl_gse173098|neurite_soma_mpra|GFP 3UTR MPRA|Neuro-2a|mikl:C130026I21Rik:350.0:588af6fd16ae4241,2,False
d8f6a3b9d3f4531f,1,mikl_gse173098|mikl_gse173098|neurite_soma_mpra|GFP 3UTR MPRA|CAD|mikl:Rps24:600.0:3f1ec7c8cbdff0de,mikl_gse173098|mikl_gse173098|neurite_soma_mpra|GFP 3UTR MPRA|Neuro-2a|mikl:Rps24:600.0:3f1ec7c8cbdff0de,2,False
d8f6a3b9d3f4531f,1,mikl_gse173098|mikl_gse173098|neurite_soma_mpra|GFP 3UTR MPRA|CAD|mikl:Rps24:700.0:91e2e514e0c3ff86,mikl_gse173098|mikl_gse173098|neurite_soma_mpra|GFP 3UTR MPRA|Neuro-2a|mikl:Rps24:700.0:91e2e514e0c3ff86,2,True
df6c6271db2d4e9d,0,mikl_gse173098|mikl_gse173098|neurite_soma_mpra|GFP 3UTR MPRA|CAD|mikl:Shank1:400.0:7fc8d4e669e624ef,mikl_gse173098|mikl_gse173098|neurite_soma_mpra|GFP 3UTR MPRA|Neuro-2a|mikl:Shank1:400.0:7fc8d4e669e624ef,2,False
df6c6271db2d4e9d,0,mikl_gse173098|mikl_gse173098|neurite_soma_mpra|GFP 3UTR MPRA|CAD|mikl:Shank1:2450.0:ab24cd495790c1c2,mikl_gse173098|mikl_gse173098|neurite_soma_mpra|GFP 3UTR MPRA|Neuro-2a|mikl:Shank1:2450.0:ab24cd495790c1c2,3,False
df6c6271db2d4e9d,0,mikl_gse173098|mikl_gse173098|neurite_soma_mpra|GFP 3UTR MPRA|CAD|mikl:Shank1:2200.0:0303e0b76ce27867,mikl_gse173098|mikl_gse173098|neurite_soma_mpra|GFP 3UTR MPRA|Neuro-2a|mikl:Shank1:2200.0:0303e0b76ce27867,5,False
df6c6271db2d4e9d,0,mikl_gse173098|mikl_gse173098|neurite_soma_mpra|GFP 3UTR MPRA|CAD|mikl:Shank1:2650.0:2aeae6288e41342d,mikl_gse173098|mikl_gse173098|neurite_soma_mpra|GFP 3UTR MPRA|Neuro-2a|mikl:Shank1:2650.0:2aeae6288e41342d,2,True
df6c6271db2d4e9d,0,mikl_gse173098|mikl_gse173098|neurite_soma_mpra|GFP 3UTR MPRA|CAD|mikl:Shank1:2700.0:1f995d494e90da0c,mikl_gse173098|mikl_gse173098|neurite_soma_mpra|GFP 3UTR MPRA|Neuro-2a|mikl:Shank1:2700.0:1f995d494e90da0c,2,False
df6c6271db2d4e9d,0,mikl_gse173098|mikl_gse173098|neurite_soma_mpra|GFP 3UTR MPRA|CAD|mikl:Shank1:350.0:5a60965e4dd51ead,mikl_gse173098|mikl_gse173098|neurite_soma_mpra|GFP 3UTR MPRA|Neuro-2a|mikl:Shank1:350.0:5a60965e4dd51ead,2,False
df6c6271db2d4e9d,0,mikl_gse173098|mikl_gse173098|neurite_soma_mpra|GFP 3UTR MPRA|CAD|mikl:Shank1:200.0:baa1db90040cc833,mikl_gse173098|mikl_gse173098|neurite_soma_mpra|GFP 3UTR MPRA|Neuro-2a|mikl:Shank1:200.0:baa1db90040cc833,3,True
df6c6271db2d4e9d,0,mikl_gse173098|mikl_gse173098|neurite_soma_mpra|GFP 3UTR MPRA|CAD|mikl:Shank1:450.0:f0e54f8dddad134c,mikl_gse173098|mikl_gse173098|neurite_soma_mpra|GFP 3UTR MPRA|Neuro-2a|mikl:Shank1:450.0:f0e54f8dddad134c,2,False
df6c6271db2d4e9d,0,mikl_gse173098|mikl_gse173098|neurite_soma_mpra|GFP 3UTR MPRA|CAD|mikl:Shank1:2050.0:6c2cb30b85eacb79,mikl_gse173098|mikl_gse173098|neurite_soma_mpra|GFP 3UTR MPRA|Neuro-2a|mikl:Shank1:2050.0:6c2cb30b85eacb79,2,True
df6c6271db2d4e9d,0,mikl_gse173098|mikl_gse173098|neurite_soma_mpra|GFP 3UTR MPRA|CAD|mikl:Shank1:2750.0:959397563a3fbb97,mikl_gse173098|mikl_gse173098|neurite_soma_mpra|GFP 3UTR MPRA|Neuro-2a|mikl:Shank1:2750.0:959397563a3fbb97,2,False
df6c6271db2d4e9d,0,mikl_gse173098|mikl_gse173098|neurite_soma_mpra|GFP 3UTR MPRA|CAD|mikl:Shank1:2000.0:dbfd55a9901b23de,mikl_gse173098|mikl_gse173098|neurite_soma_mpra|GFP 3UTR MPRA|Neuro-2a|mikl:Shank1:2000.0:dbfd55a9901b23de,3,False
df6c6271db2d4e9d,0,mikl_gse173098|mikl_gse173098|neurite_soma_mpra|GFP 3UTR MPRA|CAD|mikl:Shank1:2150.0:10a10032321e1e5f,mikl_gse173098|mikl_gse173098|neurite_soma_mpra|GFP 3UTR MPRA|Neuro-2a|mikl:Shank1:2150.0:10a10032321e1e5f,2,False
df6c6271db2d4e9d,0,mikl_gse173098|mikl_gse173098|neurite_soma_mpra|GFP 3UTR MPRA|CAD|mikl:Shank1:2100.0:c444a9d129fa8721,mikl_gse173098|mikl_gse173098|neurite_soma_mpra|GFP 3UTR MPRA|Neuro-2a|mikl:Shank1:2100.0:c444a9d129fa8721,3,False
df6c6271db2d4e9d,0,mikl_gse173098|mikl_gse173098|neurite_soma_mpra|GFP 3UTR MPRA|CAD|mikl:Shank1:2400.0:e05d3bdd36e17956,mikl_gse173098|mikl_gse173098|neurite_soma_mpra|GFP 3UTR MPRA|Neuro-2a|mikl:Shank1:2400.0:e05d3bdd36e17956,3,False
df6c6271db2d4e9d,0,mikl_gse173098|mikl_gse173098|neurite_soma_mpra|GFP 3UTR MPRA|CAD|mikl:Shank1:2350.0:fa0fbf4e5ad5979c,mikl_gse173098|mikl_gse173098|neurite_soma_mpra|GFP 3UTR MPRA|Neuro-2a|mikl:Shank1:2350.0:fa0fbf4e5ad5979c,5,False
df6c6271db2d4e9d,0,mikl_gse173098|mikl_gse173098|neurite_soma_mpra|GFP 3UTR MPRA|CAD|mikl:Shank1:300.0:f9aaff5742bebc94,mikl_gse173098|mikl_gse173098|neurite_soma_mpra|GFP 3UTR MPRA|Neuro-2a|mikl:Shank1:300.0:f9aaff5742bebc94,2,True
df6c6271db2d4e9d,0,mikl_gse173098|mikl_gse173098|neurite_soma_mpra|GFP 3UTR MPRA|CAD|mikl:Shank1:2250.0:818124b3ade28771,mikl_gse173098|mikl_gse173098|neurite_soma_mpra|GFP 3UTR MPRA|Neuro-2a|mikl:Shank1:2250.0:818124b3ade28771,2,False
df6c6271db2d4e9d,0,mikl_gse173098|mikl_gse173098|neurite_soma_mpra|GFP 3UTR MPRA|CAD|mikl:Shank1:0.0:f707fe6fb816d94b,mikl_gse173098|mikl_gse173098|neurite_soma_mpra|GFP 3UTR MPRA|Neuro-2a|mikl:Shank1:0.0:f707fe6fb816d94b,2,True
e0494dccf40209ce,2,mikl_gse173098|mikl_gse173098|neurite_soma_mpra|GFP 3UTR MPRA|CAD|mikl:Vapb:5250.0:389c94adea9a0915,mikl_gse173098|mikl_gse173098|neurite_soma_mpra|GFP 3UTR MPRA|Neuro-2a|mikl:Vapb:5250.0:389c94adea9a0915,4,False
e0494dccf40209ce,2,mikl_gse173098|mikl_gse173098|neurite_soma_mpra|GFP 3UTR MPRA|CAD|mikl:Vapb:4550.0:ab21499902c4c7ae,mikl_gse173098|mikl_gse173098|neurite_soma_mpra|GFP 3UTR MPRA|Neuro-2a|mikl:Vapb:4550.0:ab21499902c4c7ae,8,False
e0494dccf40209ce,2,mikl_gse173098|mikl_gse173098|neurite_soma_mpra|GFP 3UTR MPRA|CAD|mikl:Vapb:5200.0:9085a02734c51b18,mikl_gse173098|mikl_gse173098|neurite_soma_mpra|GFP 3UTR MPRA|Neuro-2a|mikl:Vapb:5200.0:9085a02734c51b18,9,False
e0494dccf40209ce,2,mikl_gse173098|mikl_gse173098|neurite_soma_mpra|GFP 3UTR MPRA|CAD|mikl:Vapb:5400.0:0d6a8d70106436c4,mikl_gse173098|mikl_gse173098|neurite_soma_mpra|GFP 3UTR MPRA|Neuro-2a|mikl:Vapb:5400.0:0d6a8d70106436c4,2,False
e0494dccf40209ce,2,mikl_gse173098|mikl_gse173098|neurite_soma_mpra|GFP 3UTR MPRA|CAD|mikl:Vapb:1250.0:a58917a6a4bdad5b,mikl_gse173098|mikl_gse173098|neurite_soma_mpra|GFP 3UTR MPRA|Neuro-2a|mikl:Vapb:1250.0:a58917a6a4bdad5b,2,True
e0494dccf40209ce,2,mikl_gse173098|mikl_gse173098|neurite_soma_mpra|GFP 3UTR MPRA|CAD|mikl:Vapb:2500.0:93b49727475acb30,mikl_gse173098|mikl_gse173098|neurite_soma_mpra|GFP 3UTR MPRA|Neuro-2a|mikl:Vapb:2500.0:93b49727475acb30,4,False
e0494dccf40209ce,2,mikl_gse173098|mikl_gse173098|neurite_soma_mpra|GFP 3UTR MPRA|CAD|mikl:Vapb:2550.0:ffc00769312c0905,mikl_gse173098|mikl_gse173098|neurite_soma_mpra|GFP 3UTR MPRA|Neuro-2a|mikl:Vapb:2550.0:ffc00769312c0905,5,False
e0494dccf40209ce,2,mikl_gse173098|mikl_gse173098|neurite_soma_mpra|GFP 3UTR MPRA|CAD|mikl:Vapb:5050.0:d7ded4f63d31dd8f,mikl_gse173098|mikl_gse173098|neurite_soma_mpra|GFP 3UTR MPRA|Neuro-2a|mikl:Vapb:5050.0:d7ded4f63d31dd8f,3,False
e0494dccf40209ce,2,mikl_gse173098|mikl_gse173098|neurite_soma_mpra|GFP 3UTR MPRA|CAD|mikl:Vapb:5100.0:d128229d3e58eb40,mikl_gse173098|mikl_gse173098|neurite_soma_mpra|GFP 3UTR MPRA|Neuro-2a|mikl:Vapb:5100.0:d128229d3e58eb40,5,False
e0494dccf40209ce,2,mikl_gse173098|mikl_gse173098|neurite_soma_mpra|GFP 3UTR MPRA|CAD|mikl:Vapb:1500.0:7185b4560dfb1d12,mikl_gse173098|mikl_gse173098|neurite_soma_mpra|GFP 3UTR MPRA|Neuro-2a|mikl:Vapb:1500.0:7185b4560dfb1d12,2,False
e0494dccf40209ce,2,mikl_gse173098|mikl_gse173098|neurite_soma_mpra|GFP 3UTR MPRA|CAD|mikl:Vapb:2200.0:73029a1fd15fb392,mikl_gse173098|mikl_gse173098|neurite_soma_mpra|GFP 3UTR MPRA|Neuro-2a|mikl:Vapb:2200.0:73029a1fd15fb392,2,True
e0494dccf40209ce,2,mikl_gse173098|mikl_gse173098|neurite_soma_mpra|GFP 3UTR MPRA|CAD|mikl:Vapb:4400.0:c8fc2ee2a1c773ac,mikl_gse173098|mikl_gse173098|neurite_soma_mpra|GFP 3UTR MPRA|Neuro-2a|mikl:Vapb:4400.0:c8fc2ee2a1c773ac,3,False
e0494dccf40209ce,2,mikl_gse173098|mikl_gse173098|neurite_soma_mpra|GFP 3UTR MPRA|CAD|mikl:Vapb:500.0:fec662f916920fd4,mikl_gse173098|mikl_gse173098|neurite_soma_mpra|GFP 3UTR MPRA|Neuro-2a|mikl:Vapb:500.0:fec662f916920fd4,3,False
e0494dccf40209ce,2,mikl_gse173098|mikl_gse173098|neurite_soma_mpra|GFP 3UTR MPRA|CAD|mikl:Vapb:3550.0:afe14c292e6d8f77,mikl_gse173098|mikl_gse173098|neurite_soma_mpra|GFP 3UTR MPRA|Neuro-2a|mikl:Vapb:3550.0:afe14c292e6d8f77,3,False
e0494dccf40209ce,2,mikl_gse173098|mikl_gse173098|neurite_soma_mpra|GFP 3UTR MPRA|CAD|mikl:Vapb:2950.0:04f384a703b46941,mikl_gse173098|mikl_gse173098|neurite_soma_mpra|GFP 3UTR MPRA|Neuro-2a|mikl:Vapb:2950.0:04f384a703b46941,2,True
e0494dccf40209ce,2,mikl_gse173098|mikl_gse173098|neurite_soma_mpra|GFP 3UTR MPRA|CAD|mikl:Vapb:450.0:a3550b47935795fe,mikl_gse173098|mikl_gse173098|neurite_soma_mpra|GFP 3UTR MPRA|Neuro-2a|mikl:Vapb:450.0:a3550b47935795fe,3,False
e0494dccf40209ce,2,mikl_gse173098|mikl_gse173098|neurite_soma_mpra|GFP 3UTR MPRA|CAD|mikl:Vapb:2900.0:45d05244310ff89c,mikl_gse173098|mikl_gse173098|neurite_soma_mpra|GFP 3UTR MPRA|Neuro-2a|mikl:Vapb:2900.0:45d05244310ff89c,4,False
e0494dccf40209ce,2,mikl_gse173098|mikl_gse173098|neurite_soma_mpra|GFP 3UTR MPRA|CAD|mikl:Vapb:1900.0:2d4602a59e0b006e,mikl_gse173098|mikl_gse173098|neurite_soma_mpra|GFP 3UTR MPRA|Neuro-2a|mikl:Vapb:1900.0:2d4602a59e0b006e,3,False
e0494dccf40209ce,2,mikl_gse173098|mikl_gse173098|neurite_soma_mpra|GFP 3UTR MPRA|CAD|mikl:Vapb:1050.0:763bd1e9254a4018,mikl_gse173098|mikl_gse173098|neurite_soma_mpra|GFP 3UTR MPRA|Neuro-2a|mikl:Vapb:1050.0:763bd1e9254a4018,3,False
e0494dccf40209ce,2,mikl_gse173098|mikl_gse173098|neurite_soma_mpra|GFP 3UTR MPRA|CAD|mikl:Vapb:5750.0:26d87786df234004,mikl_gse173098|mikl_gse173098|neurite_soma_mpra|GFP 3UTR MPRA|Neuro-2a|mikl:Vapb:5750.0:26d87786df234004,2,True
e0494dccf40209ce,2,mikl_gse173098|mikl_gse173098|neurite_soma_mpra|GFP 3UTR MPRA|CAD|mikl:Vapb:4600.0:c010bf96410e6110,mikl_gse173098|mikl_gse173098|neurite_soma_mpra|GFP 3UTR MPRA|Neuro-2a|mikl:Vapb:4600.0:c010bf96410e6110,2,False
e0494dccf40209ce,2,mikl_gse173098|mikl_gse173098|neurite_soma_mpra|GFP 3UTR MPRA|CAD|mikl:Vapb:700.0:411be2b214cb145e,mikl_gse173098|mikl_gse173098|neurite_soma_mpra|GFP 3UTR MPRA|Neuro-2a|mikl:Vapb:700.0:411be2b214cb145e,2,True
e0494dccf40209ce,2,mikl_gse173098|mikl_gse173098|neurite_soma_mpra|GFP 3UTR MPRA|CAD|mikl:Vapb:2650.0:b6165d82e14abf26,mikl_gse173098|mikl_gse173098|neurite_soma_mpra|GFP 3UTR MPRA|Neuro-2a|mikl:Vapb:2650.0:b6165d82e14abf26,3,False
e0494dccf40209ce,2,mikl_gse173098|mikl_gse173098|neurite_soma_mpra|GFP 3UTR MPRA|CAD|mikl:Vapb:3600.0:d860ecda0916ecfd,mikl_gse173098|mikl_gse173098|neurite_soma_mpra|GFP 3UTR MPRA|Neuro-2a|mikl:Vapb:3600.0:d860ecda0916ecfd,2,False
e0494dccf40209ce,2,mikl_gse173098|mikl_gse173098|neurite_soma_mpra|GFP 3UTR MPRA|CAD|mikl:Vapb:3500.0:9f86f400a3b5c2a9,mikl_gse173098|mikl_gse173098|neurite_soma_mpra|GFP 3UTR MPRA|Neuro-2a|mikl:Vapb:3500.0:9f86f400a3b5c2a9,2,False
e0494dccf40209ce,2,mikl_gse173098|mikl_gse173098|neurite_soma_mpra|GFP 3UTR MPRA|CAD|mikl:Vapb:3900.0:08a6339b9996eb82,mikl_gse173098|mikl_gse173098|neurite_soma_mpra|GFP 3UTR MPRA|Neuro-2a|mikl:Vapb:3900.0:08a6339b9996eb82,2,True
e0494dccf40209ce,2,mikl_gse173098|mikl_gse173098|neurite_soma_mpra|GFP 3UTR MPRA|CAD|mikl:Vapb:5500.0:0456a09bf357254b,mikl_gse173098|mikl_gse173098|neurite_soma_mpra|GFP 3UTR MPRA|Neuro-2a|mikl:Vapb:5500.0:0456a09bf357254b,3,True
e0494dccf40209ce,2,mikl_gse173098|mikl_gse173098|neurite_soma_mpra|GFP 3UTR MPRA|CAD|mikl:Vapb:1850.0:b7e9613e8bf843c2,mikl_gse173098|mikl_gse173098|neurite_soma_mpra|GFP 3UTR MPRA|Neuro-2a|mikl:Vapb:1850.0:b7e9613e8bf843c2,2,False
e0494dccf40209ce,2,mikl_gse173098|mikl_gse173098|neurite_soma_mpra|GFP 3UTR MPRA|CAD|mikl:Vapb:1550.0:367142f25dad6708,mikl_gse173098|mikl_gse173098|neurite_soma_mpra|GFP 3UTR MPRA|Neuro-2a|mikl:Vapb:1550.0:367142f25dad6708,2,False
e0494dccf40209ce,2,mikl_gse173098|mikl_gse173098|neurite_soma_mpra|GFP 3UTR MPRA|CAD|mikl:Vapb:3650.0:a3410412253b852e,mikl_gse173098|mikl_gse173098|neurite_soma_mpra|GFP 3UTR MPRA|Neuro-2a|mikl:Vapb:3650.0:a3410412253b852e,4,False
e0494dccf40209ce,2,mikl_gse173098|mikl_gse173098|neurite_soma_mpra|GFP 3UTR MPRA|CAD|mikl:Vapb:750.0:d24747184b11005e,mikl_gse173098|mikl_gse173098|neurite_soma_mpra|GFP 3UTR MPRA|Neuro-2a|mikl:Vapb:750.0:d24747184b11005e,4,False
e0494dccf40209ce,2,mikl_gse173098|mikl_gse173098|neurite_soma_mpra|GFP 3UTR MPRA|CAD|mikl:Vapb:4900.0:0c8868b1420e194b,mikl_gse173098|mikl_gse173098|neurite_soma_mpra|GFP 3UTR MPRA|Neuro-2a|mikl:Vapb:4900.0:0c8868b1420e194b,2,True
e0494dccf40209ce,2,mikl_gse173098|mikl_gse173098|neurite_soma_mpra|GFP 3UTR MPRA|CAD|mikl:Vapb:1950.0:83dea14da7e04a20,mikl_gse173098|mikl_gse173098|neurite_soma_mpra|GFP 3UTR MPRA|Neuro-2a|mikl:Vapb:1950.0:83dea14da7e04a20,2,False
e0494dccf40209ce,2,mikl_gse173098|mikl_gse173098|neurite_soma_mpra|GFP 3UTR MPRA|CAD|mikl:Vapb:4450.0:e1d1bb7f6448cd72,mikl_gse173098|mikl_gse173098|neurite_soma_mpra|GFP 3UTR MPRA|Neuro-2a|mikl:Vapb:4450.0:e1d1bb7f6448cd72,8,False
e0494dccf40209ce,2,mikl_gse173098|mikl_gse173098|neurite_soma_mpra|GFP 3UTR MPRA|CAD|mikl:Vapb:4350.0:8a4b6f8bb68ac7f0,mikl_gse173098|mikl_gse173098|neurite_soma_mpra|GFP 3UTR MPRA|Neuro-2a|mikl:Vapb:4350.0:8a4b6f8bb68ac7f0,2,True
e0494dccf40209ce,2,mikl_gse173098|mikl_gse173098|neurite_soma_mpra|GFP 3UTR MPRA|CAD|mikl:Vapb:250.0:a824836368e199bc,mikl_gse173098|mikl_gse173098|neurite_soma_mpra|GFP 3UTR MPRA|Neuro-2a|mikl:Vapb:250.0:a824836368e199bc,2,False
e0494dccf40209ce,2,mikl_gse173098|mikl_gse173098|neurite_soma_mpra|GFP 3UTR MPRA|CAD|mikl:Vapb:150.0:b571bca571333269,mikl_gse173098|mikl_gse173098|neurite_soma_mpra|GFP 3UTR MPRA|Neuro-2a|mikl:Vapb:150.0:b571bca571333269,2,False
e0494dccf40209ce,2,mikl_gse173098|mikl_gse173098|neurite_soma_mpra|GFP 3UTR MPRA|CAD|mikl:Vapb:4700.0:6cc3a9c7bc0f5763,mikl_gse173098|mikl_gse173098|neurite_soma_mpra|GFP 3UTR MPRA|Neuro-2a|mikl:Vapb:4700.0:6cc3a9c7bc0f5763,2,False
e0494dccf40209ce,2,mikl_gse173098|mikl_gse173098|neurite_soma_mpra|GFP 3UTR MPRA|CAD|mikl:Vapb:100.0:386c950854f68e38,mikl_gse173098|mikl_gse173098|neurite_soma_mpra|GFP 3UTR MPRA|Neuro-2a|mikl:Vapb:100.0:386c950854f68e38,2,False
e0494dccf40209ce,2,mikl_gse173098|mikl_gse173098|neurite_soma_mpra|GFP 3UTR MPRA|CAD|mikl:Vapb:1000.0:d8786cb93df9cef9,mikl_gse173098|mikl_gse173098|neurite_soma_mpra|GFP 3UTR MPRA|Neuro-2a|mikl:Vapb:1000.0:d8786cb93df9cef9,3,False
e0494dccf40209ce,2,mikl_gse173098|mikl_gse173098|neurite_soma_mpra|GFP 3UTR MPRA|CAD|mikl:Vapb:3950.0:f1da8ac9eadfab1a,mikl_gse173098|mikl_gse173098|neurite_soma_mpra|GFP 3UTR MPRA|Neuro-2a|mikl:Vapb:3950.0:f1da8ac9eadfab1a,2,True
e0494dccf40209ce,2,mikl_gse173098|mikl_gse173098|neurite_soma_mpra|GFP 3UTR MPRA|CAD|mikl:Vapb:4800.0:2ab8138860eadaf0,mikl_gse173098|mikl_gse173098|neurite_soma_mpra|GFP 3UTR MPRA|Neuro-2a|mikl:Vapb:4800.0:2ab8138860eadaf0,3,False
e0494dccf40209ce,2,mikl_gse173098|mikl_gse173098|neurite_soma_mpra|GFP 3UTR MPRA|CAD|mikl:Vapb:50.0:7f26e104678d95e0,mikl_gse173098|mikl_gse173098|neurite_soma_mpra|GFP 3UTR MPRA|Neuro-2a|mikl:Vapb:50.0:7f26e104678d95e0,4,False
e0494dccf40209ce,2,mikl_gse173098|mikl_gse173098|neurite_soma_mpra|GFP 3UTR MPRA|CAD|mikl:Vapb:0.0:a1bfe34d2c2955ff,mikl_gse173098|mikl_gse173098|neurite_soma_mpra|GFP 3UTR MPRA|Neuro-2a|mikl:Vapb:0.0:a1bfe34d2c2955ff,4,False
e0494dccf40209ce,2,mikl_gse173098|mikl_gse173098|neurite_soma_mpra|GFP 3UTR MPRA|CAD|mikl:Vapb:400.0:cceb43aa971fdb42,mikl_gse173098|mikl_gse173098|neurite_soma_mpra|GFP 3UTR MPRA|Neuro-2a|mikl:Vapb:400.0:cceb43aa971fdb42,2,True
e0494dccf40209ce,2,mikl_gse173098|mikl_gse173098|neurite_soma_mpra|GFP 3UTR MPRA|CAD|mikl:Vapb:2450.0:a2542adcf1da1cce,mikl_gse173098|mikl_gse173098|neurite_soma_mpra|GFP 3UTR MPRA|Neuro-2a|mikl:Vapb:2450.0:a2542adcf1da1cce,2,False
e0494dccf40209ce,2,mikl_gse173098|mikl_gse173098|neurite_soma_mpra|GFP 3UTR MPRA|CAD|mikl:Vapb:2850.0:5ccdfcabb9627799,mikl_gse173098|mikl_gse173098|neurite_soma_mpra|GFP 3UTR MPRA|Neuro-2a|mikl:Vapb:2850.0:5ccdfcabb9627799,3,False
e0494dccf40209ce,2,mikl_gse173098|mikl_gse173098|neurite_soma_mpra|GFP 3UTR MPRA|CAD|mikl:Vapb:1100.0:6db23654d329e0d6,mikl_gse173098|mikl_gse173098|neurite_soma_mpra|GFP 3UTR MPRA|Neuro-2a|mikl:Vapb:1100.0:6db23654d329e0d6,4,False
e0494dccf40209ce,2,mikl_gse173098|mikl_gse173098|neurite_soma_mpra|GFP 3UTR MPRA|CAD|mikl:Vapb:3700.0:00449fe38dc54346,mikl_gse173098|mikl_gse173098|neurite_soma_mpra|GFP 3UTR MPRA|Neuro-2a|mikl:Vapb:3700.0:00449fe38dc54346,2,True
e0494dccf40209ce,2,mikl_gse173098|mikl_gse173098|neurite_soma_mpra|GFP 3UTR MPRA|CAD|mikl:Vapb:200.0:61f896b7d26bea7b,mikl_gse173098|mikl_gse173098|neurite_soma_mpra|GFP 3UTR MPRA|Neuro-2a|mikl:Vapb:200.0:61f896b7d26bea7b,2,True
e0494dccf40209ce,2,mikl_gse173098|mikl_gse173098|neurite_soma_mpra|GFP 3UTR MPRA|CAD|mikl:Vapb:1200.0:f9f79f41925a3475,mikl_gse173098|mikl_gse173098|neurite_soma_mpra|GFP 3UTR MPRA|Neuro-2a|mikl:Vapb:1200.0:f9f79f41925a3475,2,True
e0494dccf40209ce,2,mikl_gse173098|mikl_gse173098|neurite_soma_mpra|GFP 3UTR MPRA|CAD|mikl:Vapb:950.0:2795a4a2839fca4e,mikl_gse173098|mikl_gse173098|neurite_soma_mpra|GFP 3UTR MPRA|Neuro-2a|mikl:Vapb:950.0:2795a4a2839fca4e,2,True
e0494dccf40209ce,2,mikl_gse173098|mikl_gse173098|neurite_soma_mpra|GFP 3UTR MPRA|CAD|mikl:Vapb:4850.0:4788a34c3e63a2c2,mikl_gse173098|mikl_gse173098|neurite_soma_mpra|GFP 3UTR MPRA|Neuro-2a|mikl:Vapb:4850.0:4788a34c3e63a2c2,2,True
e0494dccf40209ce,2,mikl_gse173098|mikl_gse173098|neurite_soma_mpra|GFP 3UTR MPRA|CAD|mikl:Vapb:4750.0:091be5436894b9ad,mikl_gse173098|mikl_gse173098|neurite_soma_mpra|GFP 3UTR MPRA|Neuro-2a|mikl:Vapb:4750.0:091be5436894b9ad,2,False
e0494dccf40209ce,2,mikl_gse173098|mikl_gse173098|neurite_soma_mpra|GFP 3UTR MPRA|CAD|mikl:Vapb:3350.0:47af2df7d6f5cffd,mikl_gse173098|mikl_gse173098|neurite_soma_mpra|GFP 3UTR MPRA|Neuro-2a|mikl:Vapb:3350.0:47af2df7d6f5cffd,2,False
e0494dccf40209ce,2,mikl_gse173098|mikl_gse173098|neurite_soma_mpra|GFP 3UTR MPRA|CAD|mikl:Vapb:4500.0:1793c48993cf69a8,mikl_gse173098|mikl_gse173098|neurite_soma_mpra|GFP 3UTR MPRA|Neuro-2a|mikl:Vapb:4500.0:1793c48993cf69a8,8,False
e0494dccf40209ce,2,mikl_gse173098|mikl_gse173098|neurite_soma_mpra|GFP 3UTR MPRA|CAD|mikl:Vapb:3750.0:a5e48a0294d8448f,mikl_gse173098|mikl_gse173098|neurite_soma_mpra|GFP 3UTR MPRA|Neuro-2a|mikl:Vapb:3750.0:a5e48a0294d8448f,2,False
e0494dccf40209ce,2,mikl_gse173098|mikl_gse173098|neurite_soma_mpra|GFP 3UTR MPRA|CAD|mikl:Vapb:5700.0:a05492291546bd6c,mikl_gse173098|mikl_gse173098|neurite_soma_mpra|GFP 3UTR MPRA|Neuro-2a|mikl:Vapb:5700.0:a05492291546bd6c,3,False
e0494dccf40209ce,2,mikl_gse173098|mikl_gse173098|neurite_soma_mpra|GFP 3UTR MPRA|CAD|mikl:Vapb:5800.0:86957571c1a1fe75,mikl_gse173098|mikl_gse173098|neurite_soma_mpra|GFP 3UTR MPRA|Neuro-2a|mikl:Vapb:5800.0:86957571c1a1fe75,2,False
e0494dccf40209ce,2,mikl_gse173098|mikl_gse173098|neurite_soma_mpra|GFP 3UTR MPRA|CAD|mikl:Vapb:5900.0:249c4f2e794abd78,mikl_gse173098|mikl_gse173098|neurite_soma_mpra|GFP 3UTR MPRA|Neuro-2a|mikl:Vapb:5900.0:249c4f2e794abd78,2,True
e0494dccf40209ce,2,mikl_gse173098|mikl_gse173098|neurite_soma_mpra|GFP 3UTR MPRA|CAD|mikl:Vapb:2100.0:46602bb1b3d43f2d,mikl_gse173098|mikl_gse173098|neurite_soma_mpra|GFP 3UTR MPRA|Neuro-2a|mikl:Vapb:2100.0:46602bb1b3d43f2d,2,False
e0494dccf40209ce,2,mikl_gse173098|mikl_gse173098|neurite_soma_mpra|GFP 3UTR MPRA|CAD|mikl:Vapb:5450.0:990e91f090396dac,mikl_gse173098|mikl_gse173098|neurite_soma_mpra|GFP 3UTR MPRA|Neuro-2a|mikl:Vapb:5450.0:990e91f090396dac,2,True
e0494dccf40209ce,2,mikl_gse173098|mikl_gse173098|neurite_soma_mpra|GFP 3UTR MPRA|CAD|mikl:Vapb:2600.0:f999fffd4ba32005,mikl_gse173098|mikl_gse173098|neurite_soma_mpra|GFP 3UTR MPRA|Neuro-2a|mikl:Vapb:2600.0:f999fffd4ba32005,3,False
e0494dccf40209ce,2,mikl_gse173098|mikl_gse173098|neurite_soma_mpra|GFP 3UTR MPRA|CAD|mikl:Vapb:1150.0:e686a0de98f70467,mikl_gse173098|mikl_gse173098|neurite_soma_mpra|GFP 3UTR MPRA|Neuro-2a|mikl:Vapb:1150.0:e686a0de98f70467,4,False
e0494dccf40209ce,2,mikl_gse173098|mikl_gse173098|neurite_soma_mpra|GFP 3UTR MPRA|CAD|mikl:Vapb:5550.0:96ba7ce4b46671fb,mikl_gse173098|mikl_gse173098|neurite_soma_mpra|GFP 3UTR MPRA|Neuro-2a|mikl:Vapb:5550.0:96ba7ce4b46671fb,2,True
e0494dccf40209ce,2,mikl_gse173098|mikl_gse173098|neurite_soma_mpra|GFP 3UTR MPRA|CAD|mikl:Vapb:800.0:69aa94fdacddcc47,mikl_gse173098|mikl_gse173098|neurite_soma_mpra|GFP 3UTR MPRA|Neuro-2a|mikl:Vapb:800.0:69aa94fdacddcc47,3,False
e0494dccf40209ce,2,mikl_gse173098|mikl_gse173098|neurite_soma_mpra|GFP 3UTR MPRA|CAD|mikl:Vapb:5150.0:55bbd8b1b85325ed,mikl_gse173098|mikl_gse173098|neurite_soma_mpra|GFP 3UTR MPRA|Neuro-2a|mikl:Vapb:5150.0:55bbd8b1b85325ed,7,False
e0494dccf40209ce,2,mikl_gse173098|mikl_gse173098|neurite_soma_mpra|GFP 3UTR MPRA|CAD|mikl:Vapb:3000.0:e5fe71eb869de35b,mikl_gse173098|mikl_gse173098|neurite_soma_mpra|GFP 3UTR MPRA|Neuro-2a|mikl:Vapb:3000.0:e5fe71eb869de35b,2,True
e0e986618ec1a887,1,mikl_gse173098|mikl_gse173098|neurite_soma_mpra|GFP 3UTR MPRA|CAD|mikl:Tmem242:200.0:0bca433dad08899e,mikl_gse173098|mikl_gse173098|neurite_soma_mpra|GFP 3UTR MPRA|Neuro-2a|mikl:Tmem242:200.0:0bca433dad08899e,2,True
e16e3a7848c3e8c3,1,mikl_gse173098|mikl_gse173098|neurite_soma_mpra|GFP 3UTR MPRA|CAD|mikl:Adamts18:100.0:9c0ebe9d3e4ddeb4,mikl_gse173098|mikl_gse173098|neurite_soma_mpra|GFP 3UTR MPRA|Neuro-2a|mikl:Adamts18:100.0:9c0ebe9d3e4ddeb4,2,True
e16e3a7848c3e8c3,1,mikl_gse173098|mikl_gse173098|neurite_soma_mpra|GFP 3UTR MPRA|CAD|mikl:Adamts18:1500.0:e955f27e57dffd4b,mikl_gse173098|mikl_gse173098|neurite_soma_mpra|GFP 3UTR MPRA|Neuro-2a|mikl:Adamts18:1500.0:e955f27e57dffd4b,2,False
e16e3a7848c3e8c3,1,mikl_gse173098|mikl_gse173098|neurite_soma_mpra|GFP 3UTR MPRA|CAD|mikl:Adamts18:2100.0:db8b4676775d450b,mikl_gse173098|mikl_gse173098|neurite_soma_mpra|GFP 3UTR MPRA|Neuro-2a|mikl:Adamts18:2100.0:db8b4676775d450b,3,False
e16e3a7848c3e8c3,1,mikl_gse173098|mikl_gse173098|neurite_soma_mpra|GFP 3UTR MPRA|CAD|mikl:Adamts18:2850.0:65225f67809dc3a9,mikl_gse173098|mikl_gse173098|neurite_soma_mpra|GFP 3UTR MPRA|Neuro-2a|mikl:Adamts18:2850.0:65225f67809dc3a9,2,True
e16e3a7848c3e8c3,1,mikl_gse173098|mikl_gse173098|neurite_soma_mpra|GFP 3UTR MPRA|CAD|mikl:Adamts18:2150.0:6cb42957b277fc59,mikl_gse173098|mikl_gse173098|neurite_soma_mpra|GFP 3UTR MPRA|Neuro-2a|mikl:Adamts18:2150.0:6cb42957b277fc59,2,False
e16e3a7848c3e8c3,1,mikl_gse173098|mikl_gse173098|neurite_soma_mpra|GFP 3UTR MPRA|CAD|mikl:Adamts18:1450.0:2e32ae29eba8eef1,mikl_gse173098|mikl_gse173098|neurite_soma_mpra|GFP 3UTR MPRA|Neuro-2a|mikl:Adamts18:1450.0:2e32ae29eba8eef1,3,False
e16e3a7848c3e8c3,1,mikl_gse173098|mikl_gse173098|neurite_soma_mpra|GFP 3UTR MPRA|CAD|mikl:Adamts18:200.0:532f6643d4f3f18f,mikl_gse173098|mikl_gse173098|neurite_soma_mpra|GFP 3UTR MPRA|Neuro-2a|mikl:Adamts18:200.0:532f6643d4f3f18f,2,False
e16e3a7848c3e8c3,1,mikl_gse173098|mikl_gse173098|neurite_soma_mpra|GFP 3UTR MPRA|CAD|mikl:Adamts18:1550.0:09a6cf18fe2159c2,mikl_gse173098|mikl_gse173098|neurite_soma_mpra|GFP 3UTR MPRA|Neuro-2a|mikl:Adamts18:1550.0:09a6cf18fe2159c2,2,False
e16e3a7848c3e8c3,1,mikl_gse173098|mikl_gse173098|neurite_soma_mpra|GFP 3UTR MPRA|CAD|mikl:Adamts18:1900.0:d6bba881240d8108,mikl_gse173098|mikl_gse173098|neurite_soma_mpra|GFP 3UTR MPRA|Neuro-2a|mikl:Adamts18:1900.0:d6bba881240d8108,2,False
e16e3a7848c3e8c3,1,mikl_gse173098|mikl_gse173098|neurite_soma_mpra|GFP 3UTR MPRA|CAD|mikl:Adamts18:2050.0:bed6fcba25004228,mikl_gse173098|mikl_gse173098|neurite_soma_mpra|GFP 3UTR MPRA|Neuro-2a|mikl:Adamts18:2050.0:bed6fcba25004228,2,True
e16e3a7848c3e8c3,1,mikl_gse173098|mikl_gse173098|neurite_soma_mpra|GFP 3UTR MPRA|CAD|mikl:Adamts18:2900.0:8b7f83d6241250b3,mikl_gse173098|mikl_gse173098|neurite_soma_mpra|GFP 3UTR MPRA|Neuro-2a|mikl:Adamts18:2900.0:8b7f83d6241250b3,2,False
e16e3a7848c3e8c3,1,mikl_gse173098|mikl_gse173098|neurite_soma_mpra|GFP 3UTR MPRA|CAD|mikl:Adamts18:2100.0:45456fdc1d8c6313,mikl_gse173098|mikl_gse173098|neurite_soma_mpra|GFP 3UTR MPRA|Neuro-2a|mikl:Adamts18:2100.0:45456fdc1d8c6313,3,False
e16e3a7848c3e8c3,1,mikl_gse173098|mikl_gse173098|neurite_soma_mpra|GFP 3UTR MPRA|CAD|mikl:Adamts18:2450.0:90d05c7b1b030113,mikl_gse173098|mikl_gse173098|neurite_soma_mpra|GFP 3UTR MPRA|Neuro-2a|mikl:Adamts18:2450.0:90d05c7b1b030113,2,False
e16e3a7848c3e8c3,1,mikl_gse173098|mikl_gse173098|neurite_soma_mpra|GFP 3UTR MPRA|CAD|mikl:Adamts18:2050.0:a14c281e8081f4dc,mikl_gse173098|mikl_gse173098|neurite_soma_mpra|GFP 3UTR MPRA|Neuro-2a|mikl:Adamts18:2050.0:a14c281e8081f4dc,2,True
e16e3a7848c3e8c3,1,mikl_gse173098|mikl_gse173098|neurite_soma_mpra|GFP 3UTR MPRA|CAD|mikl:Adamts18:2150.0:ab66335c46b38804,mikl_gse173098|mikl_gse173098|neurite_soma_mpra|GFP 3UTR MPRA|Neuro-2a|mikl:Adamts18:2150.0:ab66335c46b38804,3,False
e20561b4885d8955,1,mikl_gse173098|mikl_gse173098|neurite_soma_mpra|GFP 3UTR MPRA|CAD|mikl:Tulp1:0.0:1ffe30b4683649bd,mikl_gse173098|mikl_gse173098|neurite_soma_mpra|GFP 3UTR MPRA|Neuro-2a|mikl:Tulp1:0.0:1ffe30b4683649bd,2,True
e20561b4885d8955,1,mikl_gse173098|mikl_gse173098|neurite_soma_mpra|GFP 3UTR MPRA|CAD|mikl:Tulp1:150.0:cba4b86a1381f373,mikl_gse173098|mikl_gse173098|neurite_soma_mpra|GFP 3UTR MPRA|Neuro-2a|mikl:Tulp1:150.0:cba4b86a1381f373,3,False
e20abc0a55e4d196,0,mikl_gse173098|mikl_gse173098|neurite_soma_mpra|GFP 3UTR MPRA|CAD|mikl:Dtx3l:1150.0:4d15b5a4d250b5e0,mikl_gse173098|mikl_gse173098|neurite_soma_mpra|GFP 3UTR MPRA|Neuro-2a|mikl:Dtx3l:1150.0:4d15b5a4d250b5e0,2,True
e20abc0a55e4d196,0,mikl_gse173098|mikl_gse173098|neurite_soma_mpra|GFP 3UTR MPRA|CAD|mikl:Dtx3l:2550.0:d42755bad958d833,mikl_gse173098|mikl_gse173098|neurite_soma_mpra|GFP 3UTR MPRA|Neuro-2a|mikl:Dtx3l:2550.0:d42755bad958d833,2,True
e20abc0a55e4d196,0,mikl_gse173098|mikl_gse173098|neurite_soma_mpra|GFP 3UTR MPRA|CAD|mikl:Dtx3l:600.0:ef7177d0756428f9,mikl_gse173098|mikl_gse173098|neurite_soma_mpra|GFP 3UTR MPRA|Neuro-2a|mikl:Dtx3l:600.0:ef7177d0756428f9,2,False
e20abc0a55e4d196,0,mikl_gse173098|mikl_gse173098|neurite_soma_mpra|GFP 3UTR MPRA|CAD|mikl:Dtx3l:1050.0:cac7e2f49abb573f,mikl_gse173098|mikl_gse173098|neurite_soma_mpra|GFP 3UTR MPRA|Neuro-2a|mikl:Dtx3l:1050.0:cac7e2f49abb573f,2,False
e20abc0a55e4d196,0,mikl_gse173098|mikl_gse173098|neurite_soma_mpra|GFP 3UTR MPRA|CAD|mikl:Dtx3l:1100.0:4d1d4635ea3b8787,mikl_gse173098|mikl_gse173098|neurite_soma_mpra|GFP 3UTR MPRA|Neuro-2a|mikl:Dtx3l:1100.0:4d1d4635ea3b8787,2,False
e20abc0a55e4d196,0,mikl_gse173098|mikl_gse173098|neurite_soma_mpra|GFP 3UTR MPRA|CAD|mikl:Dtx3l:2600.0:8bc4a598c13807ba,mikl_gse173098|mikl_gse173098|neurite_soma_mpra|GFP 3UTR MPRA|Neuro-2a|mikl:Dtx3l:2600.0:8bc4a598c13807ba,4,False
e20abc0a55e4d196,0,mikl_gse173098|mikl_gse173098|neurite_soma_mpra|GFP 3UTR MPRA|CAD|mikl:Dtx3l:550.0:50448b7c6be3bb06,mikl_gse173098|mikl_gse173098|neurite_soma_mpra|GFP 3UTR MPRA|Neuro-2a|mikl:Dtx3l:550.0:50448b7c6be3bb06,2,False
e20abc0a55e4d196,0,mikl_gse173098|mikl_gse173098|neurite_soma_mpra|GFP 3UTR MPRA|CAD|mikl:Dtx3l:1200.0:81b5c5c5ff123526,mikl_gse173098|mikl_gse173098|neurite_soma_mpra|GFP 3UTR MPRA|Neuro-2a|mikl:Dtx3l:1200.0:81b5c5c5ff123526,2,False
e44163ca8352cc3c,0,mikl_gse173098|mikl_gse173098|neurite_soma_mpra|GFP 3UTR MPRA|CAD|mikl:Abhd17a:100.0:085f6dd94db77809,mikl_gse173098|mikl_gse173098|neurite_soma_mpra|GFP 3UTR MPRA|Neuro-2a|mikl:Abhd17a:100.0:085f6dd94db77809,2,False
e44163ca8352cc3c,0,mikl_gse173098|mikl_gse173098|neurite_soma_mpra|GFP 3UTR MPRA|CAD|mikl:Abhd17a:150.0:3f1a7040e8a6dd88,mikl_gse173098|mikl_gse173098|neurite_soma_mpra|GFP 3UTR MPRA|Neuro-2a|mikl:Abhd17a:150.0:3f1a7040e8a6dd88,2,False
e457c745ed55184b,0,mikl_gse173098|mikl_gse173098|neurite_soma_mpra|GFP 3UTR MPRA|CAD|mikl:Ndufa2:50.0:b2b897d6579caa8d,mikl_gse173098|mikl_gse173098|neurite_soma_mpra|GFP 3UTR MPRA|Neuro-2a|mikl:Ndufa2:50.0:b2b897d6579caa8d,2,False
e457c745ed55184b,0,mikl_gse173098|mikl_gse173098|neurite_soma_mpra|GFP 3UTR MPRA|CAD|mikl:Ndufa2:0.0:9cba37bc294aa5c0,mikl_gse173098|mikl_gse173098|neurite_soma_mpra|GFP 3UTR MPRA|Neuro-2a|mikl:Ndufa2:0.0:9cba37bc294aa5c0,2,False
e4cda7c90fdf136a,2,mikl_gse173098|mikl_gse173098|neurite_soma_mpra|GFP 3UTR MPRA|CAD|mikl:Rragb:0.0:e375ff69cefaa3c2,mikl_gse173098|mikl_gse173098|neurite_soma_mpra|GFP 3UTR MPRA|Neuro-2a|mikl:Rragb:0.0:e375ff69cefaa3c2,3,False
e4cda7c90fdf136a,2,mikl_gse173098|mikl_gse173098|neurite_soma_mpra|GFP 3UTR MPRA|CAD|mikl:Rragb:350.0:2c5e822c4ae3d4d6,mikl_gse173098|mikl_gse173098|neurite_soma_mpra|GFP 3UTR MPRA|Neuro-2a|mikl:Rragb:350.0:2c5e822c4ae3d4d6,2,False
e4cda7c90fdf136a,2,mikl_gse173098|mikl_gse173098|neurite_soma_mpra|GFP 3UTR MPRA|CAD|mikl:Rragb:300.0:20312ffff03e72cb,mikl_gse173098|mikl_gse173098|neurite_soma_mpra|GFP 3UTR MPRA|Neuro-2a|mikl:Rragb:300.0:20312ffff03e72cb,2,False
e4cda7c90fdf136a,2,mikl_gse173098|mikl_gse173098|neurite_soma_mpra|GFP 3UTR MPRA|CAD|mikl:Rragb:100.0:7d513c48bf471d75,mikl_gse173098|mikl_gse173098|neurite_soma_mpra|GFP 3UTR MPRA|Neuro-2a|mikl:Rragb:100.0:7d513c48bf471d75,2,True
e4cda7c90fdf136a,2,mikl_gse173098|mikl_gse173098|neurite_soma_mpra|GFP 3UTR MPRA|CAD|mikl:Rragb:250.0:4f55dddf61dd5908,mikl_gse173098|mikl_gse173098|neurite_soma_mpra|GFP 3UTR MPRA|Neuro-2a|mikl:Rragb:250.0:4f55dddf61dd5908,3,True
e4cda7c90fdf136a,2,mikl_gse173098|mikl_gse173098|neurite_soma_mpra|GFP 3UTR MPRA|CAD|mikl:Rragb:400.0:e95f14ffb5bb68cd,mikl_gse173098|mikl_gse173098|neurite_soma_mpra|GFP 3UTR MPRA|Neuro-2a|mikl:Rragb:400.0:e95f14ffb5bb68cd,3,False
e4ff58ed3c625aff,2,mikl_gse173098|mikl_gse173098|neurite_soma_mpra|GFP 3UTR MPRA|CAD|mikl:Oaf:0.0:6e3645e57e4db622,mikl_gse173098|mikl_gse173098|neurite_soma_mpra|GFP 3UTR MPRA|Neuro-2a|mikl:Oaf:0.0:6e3645e57e4db622,2,False
e4ff58ed3c625aff,2,mikl_gse173098|mikl_gse173098|neurite_soma_mpra|GFP 3UTR MPRA|CAD|mikl:Oaf:850.0:90c126ed4d1c9b72,mikl_gse173098|mikl_gse173098|neurite_soma_mpra|GFP 3UTR MPRA|Neuro-2a|mikl:Oaf:850.0:90c126ed4d1c9b72,3,True
e4ff58ed3c625aff,2,mikl_gse173098|mikl_gse173098|neurite_soma_mpra|GFP 3UTR MPRA|CAD|mikl:Oaf:1150.0:7f9e4eda9a36fe3d,mikl_gse173098|mikl_gse173098|neurite_soma_mpra|GFP 3UTR MPRA|Neuro-2a|mikl:Oaf:1150.0:7f9e4eda9a36fe3d,2,False
e4ff58ed3c625aff,2,mikl_gse173098|mikl_gse173098|neurite_soma_mpra|GFP 3UTR MPRA|CAD|mikl:Oaf:100.0:b1aee9daec571c90,mikl_gse173098|mikl_gse173098|neurite_soma_mpra|GFP 3UTR MPRA|Neuro-2a|mikl:Oaf:100.0:b1aee9daec571c90,4,False
e4ff58ed3c625aff,2,mikl_gse173098|mikl_gse173098|neurite_soma_mpra|GFP 3UTR MPRA|CAD|mikl:Oaf:200.0:b0fd257441679657,mikl_gse173098|mikl_gse173098|neurite_soma_mpra|GFP 3UTR MPRA|Neuro-2a|mikl:Oaf:200.0:b0fd257441679657,3,False
e4ff58ed3c625aff,2,mikl_gse173098|mikl_gse173098|neurite_soma_mpra|GFP 3UTR MPRA|CAD|mikl:Oaf:50.0:32219f0e5da7a4a9,mikl_gse173098|mikl_gse173098|neurite_soma_mpra|GFP 3UTR MPRA|Neuro-2a|mikl:Oaf:50.0:32219f0e5da7a4a9,2,False
e4ff58ed3c625aff,2,mikl_gse173098|mikl_gse173098|neurite_soma_mpra|GFP 3UTR MPRA|CAD|mikl:Oaf:450.0:9fe409e671999138,mikl_gse173098|mikl_gse173098|neurite_soma_mpra|GFP 3UTR MPRA|Neuro-2a|mikl:Oaf:450.0:9fe409e671999138,3,False
e4ff58ed3c625aff,2,mikl_gse173098|mikl_gse173098|neurite_soma_mpra|GFP 3UTR MPRA|CAD|mikl:Oaf:150.0:c0b5ad11bd111715,mikl_gse173098|mikl_gse173098|neurite_soma_mpra|GFP 3UTR MPRA|Neuro-2a|mikl:Oaf:150.0:c0b5ad11bd111715,4,False
e4ff58ed3c625aff,2,mikl_gse173098|mikl_gse173098|neurite_soma_mpra|GFP 3UTR MPRA|CAD|mikl:Oaf:800.0:0c53c137a90af040,mikl_gse173098|mikl_gse173098|neurite_soma_mpra|GFP 3UTR MPRA|Neuro-2a|mikl:Oaf:800.0:0c53c137a90af040,4,False
e5aecd2640ae7337,2,mikl_gse173098|mikl_gse173098|neurite_soma_mpra|GFP 3UTR MPRA|CAD|mikl:Rps20:1700.0:fc0a19a0c6306f03,mikl_gse173098|mikl_gse173098|neurite_soma_mpra|GFP 3UTR MPRA|Neuro-2a|mikl:Rps20:1700.0:fc0a19a0c6306f03,3,False
e5aecd2640ae7337,2,mikl_gse173098|mikl_gse173098|neurite_soma_mpra|GFP 3UTR MPRA|CAD|mikl:Rps20:1650.0:048a4bb85be64642,mikl_gse173098|mikl_gse173098|neurite_soma_mpra|GFP 3UTR MPRA|Neuro-2a|mikl:Rps20:1650.0:048a4bb85be64642,3,True
e5aecd2640ae7337,2,mikl_gse173098|mikl_gse173098|neurite_soma_mpra|GFP 3UTR MPRA|CAD|mikl:Rps20:2950.0:cf7ddc9c35ed33ca,mikl_gse173098|mikl_gse173098|neurite_soma_mpra|GFP 3UTR MPRA|Neuro-2a|mikl:Rps20:2950.0:cf7ddc9c35ed33ca,3,False
e5aecd2640ae7337,2,mikl_gse173098|mikl_gse173098|neurite_soma_mpra|GFP 3UTR MPRA|CAD|mikl:Rps20:1600.0:3fa4450343907bd4,mikl_gse173098|mikl_gse173098|neurite_soma_mpra|GFP 3UTR MPRA|Neuro-2a|mikl:Rps20:1600.0:3fa4450343907bd4,2,True
e5e8496fb8ee6402,0,mikl_gse173098|mikl_gse173098|neurite_soma_mpra|GFP 3UTR MPRA|CAD|mikl:Ptpn14:1100.0:94d456476694d527,mikl_gse173098|mikl_gse173098|neurite_soma_mpra|GFP 3UTR MPRA|Neuro-2a|mikl:Ptpn14:1100.0:94d456476694d527,2,False
e5e8496fb8ee6402,0,mikl_gse173098|mikl_gse173098|neurite_soma_mpra|GFP 3UTR MPRA|CAD|mikl:Ptpn14:1050.0:b009ae2855945b8c,mikl_gse173098|mikl_gse173098|neurite_soma_mpra|GFP 3UTR MPRA|Neuro-2a|mikl:Ptpn14:1050.0:b009ae2855945b8c,2,False
e5e8496fb8ee6402,0,mikl_gse173098|mikl_gse173098|neurite_soma_mpra|GFP 3UTR MPRA|CAD|mikl:Ptpn14:850.0:81d8192d01861d06,mikl_gse173098|mikl_gse173098|neurite_soma_mpra|GFP 3UTR MPRA|Neuro-2a|mikl:Ptpn14:850.0:81d8192d01861d06,2,True
e5e8496fb8ee6402,0,mikl_gse173098|mikl_gse173098|neurite_soma_mpra|GFP 3UTR MPRA|CAD|mikl:Ptpn14:750.0:e98d9172a441b569,mikl_gse173098|mikl_gse173098|neurite_soma_mpra|GFP 3UTR MPRA|Neuro-2a|mikl:Ptpn14:750.0:e98d9172a441b569,2,True
e5e8496fb8ee6402,0,mikl_gse173098|mikl_gse173098|neurite_soma_mpra|GFP 3UTR MPRA|CAD|mikl:Ptpn14:2650.0:0fb7dafd69aba22b,mikl_gse173098|mikl_gse173098|neurite_soma_mpra|GFP 3UTR MPRA|Neuro-2a|mikl:Ptpn14:2650.0:0fb7dafd69aba22b,2,True
e5e8496fb8ee6402,0,mikl_gse173098|mikl_gse173098|neurite_soma_mpra|GFP 3UTR MPRA|CAD|mikl:Ptpn14:5100.0:338b983ecc7fc8c6,mikl_gse173098|mikl_gse173098|neurite_soma_mpra|GFP 3UTR MPRA|Neuro-2a|mikl:Ptpn14:5100.0:338b983ecc7fc8c6,2,False
e5e8496fb8ee6402,0,mikl_gse173098|mikl_gse173098|neurite_soma_mpra|GFP 3UTR MPRA|CAD|mikl:Ptpn14:250.0:1648a35cd5860385,mikl_gse173098|mikl_gse173098|neurite_soma_mpra|GFP 3UTR MPRA|Neuro-2a|mikl:Ptpn14:250.0:1648a35cd5860385,2,False
e5e8496fb8ee6402,0,mikl_gse173098|mikl_gse173098|neurite_soma_mpra|GFP 3UTR MPRA|CAD|mikl:Ptpn14:1150.0:8cf194e511bfa0a2,mikl_gse173098|mikl_gse173098|neurite_soma_mpra|GFP 3UTR MPRA|Neuro-2a|mikl:Ptpn14:1150.0:8cf194e511bfa0a2,2,False
e7403113ad0dc27e,0,mikl_gse173098|mikl_gse173098|neurite_soma_mpra|GFP 3UTR MPRA|CAD|mikl:Arhgap31:1250.0:634da18cdf22235c,mikl_gse173098|mikl_gse173098|neurite_soma_mpra|GFP 3UTR MPRA|Neuro-2a|mikl:Arhgap31:1250.0:634da18cdf22235c,2,True
e78f68ae2157673a,2,mikl_gse173098|mikl_gse173098|neurite_soma_mpra|GFP 3UTR MPRA|CAD|mikl:Etv4:400.0:928ad419a14796a9,mikl_gse173098|mikl_gse173098|neurite_soma_mpra|GFP 3UTR MPRA|Neuro-2a|mikl:Etv4:400.0:928ad419a14796a9,2,True
e885bb117294e15f,2,mikl_gse173098|mikl_gse173098|neurite_soma_mpra|GFP 3UTR MPRA|CAD|mikl:Ociad2:750.0:9c72595d3b0ca30a,mikl_gse173098|mikl_gse173098|neurite_soma_mpra|GFP 3UTR MPRA|Neuro-2a|mikl:Ociad2:750.0:9c72595d3b0ca30a,3,False
e885bb117294e15f,2,mikl_gse173098|mikl_gse173098|neurite_soma_mpra|GFP 3UTR MPRA|CAD|mikl:Ociad2:1200.0:442b4326bec454bc,mikl_gse173098|mikl_gse173098|neurite_soma_mpra|GFP 3UTR MPRA|Neuro-2a|mikl:Ociad2:1200.0:442b4326bec454bc,2,False
e885bb117294e15f,2,mikl_gse173098|mikl_gse173098|neurite_soma_mpra|GFP 3UTR MPRA|CAD|mikl:Ociad2:400.0:8e5893139721eaa7,mikl_gse173098|mikl_gse173098|neurite_soma_mpra|GFP 3UTR MPRA|Neuro-2a|mikl:Ociad2:400.0:8e5893139721eaa7,2,True
e885bb117294e15f,2,mikl_gse173098|mikl_gse173098|neurite_soma_mpra|GFP 3UTR MPRA|CAD|mikl:Ociad2:900.0:381e10bf26072338,mikl_gse173098|mikl_gse173098|neurite_soma_mpra|GFP 3UTR MPRA|Neuro-2a|mikl:Ociad2:900.0:381e10bf26072338,2,True
e885bb117294e15f,2,mikl_gse173098|mikl_gse173098|neurite_soma_mpra|GFP 3UTR MPRA|CAD|mikl:Ociad2:250.0:f77c5af2419c1a59,mikl_gse173098|mikl_gse173098|neurite_soma_mpra|GFP 3UTR MPRA|Neuro-2a|mikl:Ociad2:250.0:f77c5af2419c1a59,2,True
e885bb117294e15f,2,mikl_gse173098|mikl_gse173098|neurite_soma_mpra|GFP 3UTR MPRA|CAD|mikl:Ociad2:800.0:6272807629e8b403,mikl_gse173098|mikl_gse173098|neurite_soma_mpra|GFP 3UTR MPRA|Neuro-2a|mikl:Ociad2:800.0:6272807629e8b403,4,False
e885bb117294e15f,2,mikl_gse173098|mikl_gse173098|neurite_soma_mpra|GFP 3UTR MPRA|CAD|mikl:Ociad2:1000.0:2b47aa1cf6e421c5,mikl_gse173098|mikl_gse173098|neurite_soma_mpra|GFP 3UTR MPRA|Neuro-2a|mikl:Ociad2:1000.0:2b47aa1cf6e421c5,2,False
e885bb117294e15f,2,mikl_gse173098|mikl_gse173098|neurite_soma_mpra|GFP 3UTR MPRA|CAD|mikl:Ociad2:0.0:863a58538492a85d,mikl_gse173098|mikl_gse173098|neurite_soma_mpra|GFP 3UTR MPRA|Neuro-2a|mikl:Ociad2:0.0:863a58538492a85d,3,False
e885bb117294e15f,2,mikl_gse173098|mikl_gse173098|neurite_soma_mpra|GFP 3UTR MPRA|CAD|mikl:Ociad2:700.0:e0c47247345f488e,mikl_gse173098|mikl_gse173098|neurite_soma_mpra|GFP 3UTR MPRA|Neuro-2a|mikl:Ociad2:700.0:e0c47247345f488e,6,False
e885bb117294e15f,2,mikl_gse173098|mikl_gse173098|neurite_soma_mpra|GFP 3UTR MPRA|CAD|mikl:Ociad2:750.0:c57b2277df034e5f,mikl_gse173098|mikl_gse173098|neurite_soma_mpra|GFP 3UTR MPRA|Neuro-2a|mikl:Ociad2:750.0:c57b2277df034e5f,5,False
e885bb117294e15f,2,mikl_gse173098|mikl_gse173098|neurite_soma_mpra|GFP 3UTR MPRA|CAD|mikl:Ociad2:950.0:2f522b7a647b21b5,mikl_gse173098|mikl_gse173098|neurite_soma_mpra|GFP 3UTR MPRA|Neuro-2a|mikl:Ociad2:950.0:2f522b7a647b21b5,2,True
e885bb117294e15f,2,mikl_gse173098|mikl_gse173098|neurite_soma_mpra|GFP 3UTR MPRA|CAD|mikl:Ociad2:1400.0:99b4fd178004e9c9,mikl_gse173098|mikl_gse173098|neurite_soma_mpra|GFP 3UTR MPRA|Neuro-2a|mikl:Ociad2:1400.0:99b4fd178004e9c9,4,False
e885bb117294e15f,2,mikl_gse173098|mikl_gse173098|neurite_soma_mpra|GFP 3UTR MPRA|CAD|mikl:Ociad2:350.0:079dbeb0ec5d4684,mikl_gse173098|mikl_gse173098|neurite_soma_mpra|GFP 3UTR MPRA|Neuro-2a|mikl:Ociad2:350.0:079dbeb0ec5d4684,3,False
e885bb117294e15f,2,mikl_gse173098|mikl_gse173098|neurite_soma_mpra|GFP 3UTR MPRA|CAD|mikl:Ociad2:200.0:3bd0a0ab256baefa,mikl_gse173098|mikl_gse173098|neurite_soma_mpra|GFP 3UTR MPRA|Neuro-2a|mikl:Ociad2:200.0:3bd0a0ab256baefa,2,True
e885bb117294e15f,2,mikl_gse173098|mikl_gse173098|neurite_soma_mpra|GFP 3UTR MPRA|CAD|mikl:Ociad2:1350.0:3f3e2e7733106a1d,mikl_gse173098|mikl_gse173098|neurite_soma_mpra|GFP 3UTR MPRA|Neuro-2a|mikl:Ociad2:1350.0:3f3e2e7733106a1d,3,False
e885bb117294e15f,2,mikl_gse173098|mikl_gse173098|neurite_soma_mpra|GFP 3UTR MPRA|CAD|mikl:Ociad2:1300.0:5cb1a6931d0e447f,mikl_gse173098|mikl_gse173098|neurite_soma_mpra|GFP 3UTR MPRA|Neuro-2a|mikl:Ociad2:1300.0:5cb1a6931d0e447f,2,True
e885bb117294e15f,2,mikl_gse173098|mikl_gse173098|neurite_soma_mpra|GFP 3UTR MPRA|CAD|mikl:Ociad2:1000.0:fe056bdabaa87d30,mikl_gse173098|mikl_gse173098|neurite_soma_mpra|GFP 3UTR MPRA|Neuro-2a|mikl:Ociad2:1000.0:fe056bdabaa87d30,2,False
e885bb117294e15f,2,mikl_gse173098|mikl_gse173098|neurite_soma_mpra|GFP 3UTR MPRA|CAD|mikl:Ociad2:600.0:c13ee4c400b93a58,mikl_gse173098|mikl_gse173098|neurite_soma_mpra|GFP 3UTR MPRA|Neuro-2a|mikl:Ociad2:600.0:c13ee4c400b93a58,5,False
e885bb117294e15f,2,mikl_gse173098|mikl_gse173098|neurite_soma_mpra|GFP 3UTR MPRA|CAD|mikl:Ociad2:350.0:1e4ea41bbf90a49a,mikl_gse173098|mikl_gse173098|neurite_soma_mpra|GFP 3UTR MPRA|Neuro-2a|mikl:Ociad2:350.0:1e4ea41bbf90a49a,2,False
e885bb117294e15f,2,mikl_gse173098|mikl_gse173098|neurite_soma_mpra|GFP 3UTR MPRA|CAD|mikl:Ociad2:1300.0:e6baf51288f4250a,mikl_gse173098|mikl_gse173098|neurite_soma_mpra|GFP 3UTR MPRA|Neuro-2a|mikl:Ociad2:1300.0:e6baf51288f4250a,2,True
e885bb117294e15f,2,mikl_gse173098|mikl_gse173098|neurite_soma_mpra|GFP 3UTR MPRA|CAD|mikl:Ociad2:900.0:edbece30650e8393,mikl_gse173098|mikl_gse173098|neurite_soma_mpra|GFP 3UTR MPRA|Neuro-2a|mikl:Ociad2:900.0:edbece30650e8393,3,False
e885bb117294e15f,2,mikl_gse173098|mikl_gse173098|neurite_soma_mpra|GFP 3UTR MPRA|CAD|mikl:Ociad2:0.0:9d92ba151692233a,mikl_gse173098|mikl_gse173098|neurite_soma_mpra|GFP 3UTR MPRA|Neuro-2a|mikl:Ociad2:0.0:9d92ba151692233a,3,True
e885bb117294e15f,2,mikl_gse173098|mikl_gse173098|neurite_soma_mpra|GFP 3UTR MPRA|CAD|mikl:Ociad2:300.0:08b78b1e2ec5a703,mikl_gse173098|mikl_gse173098|neurite_soma_mpra|GFP 3UTR MPRA|Neuro-2a|mikl:Ociad2:300.0:08b78b1e2ec5a703,3,False
e885bb117294e15f,2,mikl_gse173098|mikl_gse173098|neurite_soma_mpra|GFP 3UTR MPRA|CAD|mikl:Ociad2:1350.0:da198aea2f4d8f35,mikl_gse173098|mikl_gse173098|neurite_soma_mpra|GFP 3UTR MPRA|Neuro-2a|mikl:Ociad2:1350.0:da198aea2f4d8f35,3,False
e885bb117294e15f,2,mikl_gse173098|mikl_gse173098|neurite_soma_mpra|GFP 3UTR MPRA|CAD|mikl:Ociad2:450.0:950d23f5511390af,mikl_gse173098|mikl_gse173098|neurite_soma_mpra|GFP 3UTR MPRA|Neuro-2a|mikl:Ociad2:450.0:950d23f5511390af,2,False
e885bb117294e15f,2,mikl_gse173098|mikl_gse173098|neurite_soma_mpra|GFP 3UTR MPRA|CAD|mikl:Ociad2:1050.0:646878b0a188887e,mikl_gse173098|mikl_gse173098|neurite_soma_mpra|GFP 3UTR MPRA|Neuro-2a|mikl:Ociad2:1050.0:646878b0a188887e,2,False
e885bb117294e15f,2,mikl_gse173098|mikl_gse173098|neurite_soma_mpra|GFP 3UTR MPRA|CAD|mikl:Ociad2:1200.0:c88aacf2f7fb4abb,mikl_gse173098|mikl_gse173098|neurite_soma_mpra|GFP 3UTR MPRA|Neuro-2a|mikl:Ociad2:1200.0:c88aacf2f7fb4abb,2,True
e885bb117294e15f,2,mikl_gse173098|mikl_gse173098|neurite_soma_mpra|GFP 3UTR MPRA|CAD|mikl:Ociad2:1250.0:00f698b01c05d563,mikl_gse173098|mikl_gse173098|neurite_soma_mpra|GFP 3UTR MPRA|Neuro-2a|mikl:Ociad2:1250.0:00f698b01c05d563,2,False
e885bb117294e15f,2,mikl_gse173098|mikl_gse173098|neurite_soma_mpra|GFP 3UTR MPRA|CAD|mikl:Ociad2:1250.0:860d74999f2f6c35,mikl_gse173098|mikl_gse173098|neurite_soma_mpra|GFP 3UTR MPRA|Neuro-2a|mikl:Ociad2:1250.0:860d74999f2f6c35,2,False
e885bb117294e15f,2,mikl_gse173098|mikl_gse173098|neurite_soma_mpra|GFP 3UTR MPRA|CAD|mikl:Ociad2:100.0:5148d5423f251e53,mikl_gse173098|mikl_gse173098|neurite_soma_mpra|GFP 3UTR MPRA|Neuro-2a|mikl:Ociad2:100.0:5148d5423f251e53,2,False
e885bb117294e15f,2,mikl_gse173098|mikl_gse173098|neurite_soma_mpra|GFP 3UTR MPRA|CAD|mikl:Ociad2:1150.0:0aff44cb01318609,mikl_gse173098|mikl_gse173098|neurite_soma_mpra|GFP 3UTR MPRA|Neuro-2a|mikl:Ociad2:1150.0:0aff44cb01318609,2,False
e885bb117294e15f,2,mikl_gse173098|mikl_gse173098|neurite_soma_mpra|GFP 3UTR MPRA|CAD|mikl:Ociad2:600.0:a7da48bbcd26f1e0,mikl_gse173098|mikl_gse173098|neurite_soma_mpra|GFP 3UTR MPRA|Neuro-2a|mikl:Ociad2:600.0:a7da48bbcd26f1e0,2,True
e885bb117294e15f,2,mikl_gse173098|mikl_gse173098|neurite_soma_mpra|GFP 3UTR MPRA|CAD|mikl:Ociad2:650.0:4cb9adfcd5299f70,mikl_gse173098|mikl_gse173098|neurite_soma_mpra|GFP 3UTR MPRA|Neuro-2a|mikl:Ociad2:650.0:4cb9adfcd5299f70,5,False
e885bb117294e15f,2,mikl_gse173098|mikl_gse173098|neurite_soma_mpra|GFP 3UTR MPRA|CAD|mikl:Ociad2:1100.0:2b3eab92f723cc18,mikl_gse173098|mikl_gse173098|neurite_soma_mpra|GFP 3UTR MPRA|Neuro-2a|mikl:Ociad2:1100.0:2b3eab92f723cc18,3,False
e885bb117294e15f,2,mikl_gse173098|mikl_gse173098|neurite_soma_mpra|GFP 3UTR MPRA|CAD|mikl:Ociad2:50.0:55db80e0a74407cb,mikl_gse173098|mikl_gse173098|neurite_soma_mpra|GFP 3UTR MPRA|Neuro-2a|mikl:Ociad2:50.0:55db80e0a74407cb,3,False
e885bb117294e15f,2,mikl_gse173098|mikl_gse173098|neurite_soma_mpra|GFP 3UTR MPRA|CAD|mikl:Ociad2:1050.0:ddec93d079d21aa3,mikl_gse173098|mikl_gse173098|neurite_soma_mpra|GFP 3UTR MPRA|Neuro-2a|mikl:Ociad2:1050.0:ddec93d079d21aa3,2,True
e885bb117294e15f,2,mikl_gse173098|mikl_gse173098|neurite_soma_mpra|GFP 3UTR MPRA|CAD|mikl:Ociad2:650.0:1669fd9ad4a9640c,mikl_gse173098|mikl_gse173098|neurite_soma_mpra|GFP 3UTR MPRA|Neuro-2a|mikl:Ociad2:650.0:1669fd9ad4a9640c,5,False
e885bb117294e15f,2,mikl_gse173098|mikl_gse173098|neurite_soma_mpra|GFP 3UTR MPRA|CAD|mikl:Ociad2:950.0:afdad74621843ee9,mikl_gse173098|mikl_gse173098|neurite_soma_mpra|GFP 3UTR MPRA|Neuro-2a|mikl:Ociad2:950.0:afdad74621843ee9,2,True
e885bb117294e15f,2,mikl_gse173098|mikl_gse173098|neurite_soma_mpra|GFP 3UTR MPRA|CAD|mikl:Ociad2:850.0:136f020de06a4b67,mikl_gse173098|mikl_gse173098|neurite_soma_mpra|GFP 3UTR MPRA|Neuro-2a|mikl:Ociad2:850.0:136f020de06a4b67,2,True
e885bb117294e15f,2,mikl_gse173098|mikl_gse173098|neurite_soma_mpra|GFP 3UTR MPRA|CAD|mikl:Ociad2:700.0:bfd33e6c2737edef,mikl_gse173098|mikl_gse173098|neurite_soma_mpra|GFP 3UTR MPRA|Neuro-2a|mikl:Ociad2:700.0:bfd33e6c2737edef,4,False
e885bb117294e15f,2,mikl_gse173098|mikl_gse173098|neurite_soma_mpra|GFP 3UTR MPRA|CAD|mikl:Ociad2:300.0:ab2cbcad926747a9,mikl_gse173098|mikl_gse173098|neurite_soma_mpra|GFP 3UTR MPRA|Neuro-2a|mikl:Ociad2:300.0:ab2cbcad926747a9,2,True
e885bb117294e15f,2,mikl_gse173098|mikl_gse173098|neurite_soma_mpra|GFP 3UTR MPRA|CAD|mikl:Ociad2:50.0:9ce5e312f12df913,mikl_gse173098|mikl_gse173098|neurite_soma_mpra|GFP 3UTR MPRA|Neuro-2a|mikl:Ociad2:50.0:9ce5e312f12df913,3,True
e885bb117294e15f,2,mikl_gse173098|mikl_gse173098|neurite_soma_mpra|GFP 3UTR MPRA|CAD|mikl:Ociad2:250.0:28169e807193dc9a,mikl_gse173098|mikl_gse173098|neurite_soma_mpra|GFP 3UTR MPRA|Neuro-2a|mikl:Ociad2:250.0:28169e807193dc9a,2,False
e885bb117294e15f,2,mikl_gse173098|mikl_gse173098|neurite_soma_mpra|GFP 3UTR MPRA|CAD|mikl:Ociad2:1150.0:aae7c0863db2cfd9,mikl_gse173098|mikl_gse173098|neurite_soma_mpra|GFP 3UTR MPRA|Neuro-2a|mikl:Ociad2:1150.0:aae7c0863db2cfd9,2,False
e885bb117294e15f,2,mikl_gse173098|mikl_gse173098|neurite_soma_mpra|GFP 3UTR MPRA|CAD|mikl:Ociad2:1100.0:97929731d90a259d,mikl_gse173098|mikl_gse173098|neurite_soma_mpra|GFP 3UTR MPRA|Neuro-2a|mikl:Ociad2:1100.0:97929731d90a259d,2,False
e915c7bbdbb664b3,2,mikl_gse173098|mikl_gse173098|neurite_soma_mpra|GFP 3UTR MPRA|CAD|mikl:Ndufa12:350.0:50a75c02e4984766,mikl_gse173098|mikl_gse173098|neurite_soma_mpra|GFP 3UTR MPRA|Neuro-2a|mikl:Ndufa12:350.0:50a75c02e4984766,3,True
e915c7bbdbb664b3,2,mikl_gse173098|mikl_gse173098|neurite_soma_mpra|GFP 3UTR MPRA|CAD|mikl:Ndufa12:100.0:106a8bd6323bb271,mikl_gse173098|mikl_gse173098|neurite_soma_mpra|GFP 3UTR MPRA|Neuro-2a|mikl:Ndufa12:100.0:106a8bd6323bb271,3,False
eaeb653ab58d1ef0,2,mikl_gse173098|mikl_gse173098|neurite_soma_mpra|GFP 3UTR MPRA|CAD|mikl:Rpl37:200.0:78f23abb5c47e71d,mikl_gse173098|mikl_gse173098|neurite_soma_mpra|GFP 3UTR MPRA|Neuro-2a|mikl:Rpl37:200.0:78f23abb5c47e71d,4,False
eaeb653ab58d1ef0,2,mikl_gse173098|mikl_gse173098|neurite_soma_mpra|GFP 3UTR MPRA|CAD|mikl:Rpl37:250.0:3d3f357c03a730a5,mikl_gse173098|mikl_gse173098|neurite_soma_mpra|GFP 3UTR MPRA|Neuro-2a|mikl:Rpl37:250.0:3d3f357c03a730a5,2,False
eaeb653ab58d1ef0,2,mikl_gse173098|mikl_gse173098|neurite_soma_mpra|GFP 3UTR MPRA|CAD|mikl:Rpl37:0.0:635684888f23afe4,mikl_gse173098|mikl_gse173098|neurite_soma_mpra|GFP 3UTR MPRA|Neuro-2a|mikl:Rpl37:0.0:635684888f23afe4,2,True
eaeb653ab58d1ef0,2,mikl_gse173098|mikl_gse173098|neurite_soma_mpra|GFP 3UTR MPRA|CAD|mikl:Rpl37:150.0:e9c083a1ab369de6,mikl_gse173098|mikl_gse173098|neurite_soma_mpra|GFP 3UTR MPRA|Neuro-2a|mikl:Rpl37:150.0:e9c083a1ab369de6,4,False
eaeb653ab58d1ef0,2,mikl_gse173098|mikl_gse173098|neurite_soma_mpra|GFP 3UTR MPRA|CAD|mikl:Rpl37:50.0:d9302111684aeccf,mikl_gse173098|mikl_gse173098|neurite_soma_mpra|GFP 3UTR MPRA|Neuro-2a|mikl:Rpl37:50.0:d9302111684aeccf,4,False
eb19097abf74a246,2,mikl_gse173098|mikl_gse173098|neurite_soma_mpra|GFP 3UTR MPRA|CAD|mikl:Gpr17:1450.0:84b7c6c7cedcf725,mikl_gse173098|mikl_gse173098|neurite_soma_mpra|GFP 3UTR MPRA|Neuro-2a|mikl:Gpr17:1450.0:84b7c6c7cedcf725,2,True
eb19097abf74a246,2,mikl_gse173098|mikl_gse173098|neurite_soma_mpra|GFP 3UTR MPRA|CAD|mikl:Gpr17:2600.0:84a1c0b526f6d58e,mikl_gse173098|mikl_gse173098|neurite_soma_mpra|GFP 3UTR MPRA|Neuro-2a|mikl:Gpr17:2600.0:84a1c0b526f6d58e,2,False
eb19097abf74a246,2,mikl_gse173098|mikl_gse173098|neurite_soma_mpra|GFP 3UTR MPRA|CAD|mikl:Gpr17:2650.0:3a045ff23b63492e,mikl_gse173098|mikl_gse173098|neurite_soma_mpra|GFP 3UTR MPRA|Neuro-2a|mikl:Gpr17:2650.0:3a045ff23b63492e,2,True
eb19097abf74a246,2,mikl_gse173098|mikl_gse173098|neurite_soma_mpra|GFP 3UTR MPRA|CAD|mikl:Gpr17:2550.0:67d5b9ae6632db8c,mikl_gse173098|mikl_gse173098|neurite_soma_mpra|GFP 3UTR MPRA|Neuro-2a|mikl:Gpr17:2550.0:67d5b9ae6632db8c,2,False
eb19097abf74a246,2,mikl_gse173098|mikl_gse173098|neurite_soma_mpra|GFP 3UTR MPRA|CAD|mikl:Gpr17:1500.0:a65d5f571efb6f5c,mikl_gse173098|mikl_gse173098|neurite_soma_mpra|GFP 3UTR MPRA|Neuro-2a|mikl:Gpr17:1500.0:a65d5f571efb6f5c,2,True
eb19097abf74a246,2,mikl_gse173098|mikl_gse173098|neurite_soma_mpra|GFP 3UTR MPRA|CAD|mikl:Gpr17:3750.0:4a4015aa39f7ed0b,mikl_gse173098|mikl_gse173098|neurite_soma_mpra|GFP 3UTR MPRA|Neuro-2a|mikl:Gpr17:3750.0:4a4015aa39f7ed0b,2,False
eb19097abf74a246,2,mikl_gse173098|mikl_gse173098|neurite_soma_mpra|GFP 3UTR MPRA|CAD|mikl:Gpr17:300.0:0482b569483a0e6e,mikl_gse173098|mikl_gse173098|neurite_soma_mpra|GFP 3UTR MPRA|Neuro-2a|mikl:Gpr17:300.0:0482b569483a0e6e,2,True
eb19097abf74a246,2,mikl_gse173098|mikl_gse173098|neurite_soma_mpra|GFP 3UTR MPRA|CAD|mikl:Gpr17:250.0:c1f3bbeb0f382654,mikl_gse173098|mikl_gse173098|neurite_soma_mpra|GFP 3UTR MPRA|Neuro-2a|mikl:Gpr17:250.0:c1f3bbeb0f382654,2,True
eb19097abf74a246,2,mikl_gse173098|mikl_gse173098|neurite_soma_mpra|GFP 3UTR MPRA|CAD|mikl:Gpr17:3800.0:382a4c8659f8f8e4,mikl_gse173098|mikl_gse173098|neurite_soma_mpra|GFP 3UTR MPRA|Neuro-2a|mikl:Gpr17:3800.0:382a4c8659f8f8e4,3,False
ed33eb87d0ff991e,2,mikl_gse173098|mikl_gse173098|neurite_soma_mpra|GFP 3UTR MPRA|CAD|mikl:Tagln:0.0:90d9dfa20c8cf5f4,mikl_gse173098|mikl_gse173098|neurite_soma_mpra|GFP 3UTR MPRA|Neuro-2a|mikl:Tagln:0.0:90d9dfa20c8cf5f4,2,False
ed33eb87d0ff991e,2,mikl_gse173098|mikl_gse173098|neurite_soma_mpra|GFP 3UTR MPRA|CAD|mikl:Tagln:550.0:f6bc7ef9d27c2175,mikl_gse173098|mikl_gse173098|neurite_soma_mpra|GFP 3UTR MPRA|Neuro-2a|mikl:Tagln:550.0:f6bc7ef9d27c2175,2,False
ed33eb87d0ff991e,2,mikl_gse173098|mikl_gse173098|neurite_soma_mpra|GFP 3UTR MPRA|CAD|mikl:Tagln:250.0:a9aace4b931a7172,mikl_gse173098|mikl_gse173098|neurite_soma_mpra|GFP 3UTR MPRA|Neuro-2a|mikl:Tagln:250.0:a9aace4b931a7172,2,False
ed33eb87d0ff991e,2,mikl_gse173098|mikl_gse173098|neurite_soma_mpra|GFP 3UTR MPRA|CAD|mikl:Tagln:300.0:00cfba2d07c0ec59,mikl_gse173098|mikl_gse173098|neurite_soma_mpra|GFP 3UTR MPRA|Neuro-2a|mikl:Tagln:300.0:00cfba2d07c0ec59,3,False
eebeac7085736d2a,0,mikl_gse173098|mikl_gse173098|neurite_soma_mpra|GFP 3UTR MPRA|CAD|mikl:Sspn:400.0:43d2aaa503e91d35,mikl_gse173098|mikl_gse173098|neurite_soma_mpra|GFP 3UTR MPRA|Neuro-2a|mikl:Sspn:400.0:43d2aaa503e91d35,2,True
eebeac7085736d2a,0,mikl_gse173098|mikl_gse173098|neurite_soma_mpra|GFP 3UTR MPRA|CAD|mikl:Sspn:1600.0:fac2faeeb210cfb9,mikl_gse173098|mikl_gse173098|neurite_soma_mpra|GFP 3UTR MPRA|Neuro-2a|mikl:Sspn:1600.0:fac2faeeb210cfb9,3,False
eebeac7085736d2a,0,mikl_gse173098|mikl_gse173098|neurite_soma_mpra|GFP 3UTR MPRA|CAD|mikl:Sspn:1900.0:0d946da0f04a3618,mikl_gse173098|mikl_gse173098|neurite_soma_mpra|GFP 3UTR MPRA|Neuro-2a|mikl:Sspn:1900.0:0d946da0f04a3618,2,False
eebeac7085736d2a,0,mikl_gse173098|mikl_gse173098|neurite_soma_mpra|GFP 3UTR MPRA|CAD|mikl:Sspn:1950.0:7dab77b84ce790a6,mikl_gse173098|mikl_gse173098|neurite_soma_mpra|GFP 3UTR MPRA|Neuro-2a|mikl:Sspn:1950.0:7dab77b84ce790a6,2,False
eebeac7085736d2a,0,mikl_gse173098|mikl_gse173098|neurite_soma_mpra|GFP 3UTR MPRA|CAD|mikl:Sspn:0.0:777d9a166d624500,mikl_gse173098|mikl_gse173098|neurite_soma_mpra|GFP 3UTR MPRA|Neuro-2a|mikl:Sspn:0.0:777d9a166d624500,3,False
eebeac7085736d2a,0,mikl_gse173098|mikl_gse173098|neurite_soma_mpra|GFP 3UTR MPRA|CAD|mikl:Sspn:2000.0:45dc0fba10f37fd4,mikl_gse173098|mikl_gse173098|neurite_soma_mpra|GFP 3UTR MPRA|Neuro-2a|mikl:Sspn:2000.0:45dc0fba10f37fd4,2,True
eebeac7085736d2a,0,mikl_gse173098|mikl_gse173098|neurite_soma_mpra|GFP 3UTR MPRA|CAD|mikl:Sspn:350.0:7304aa988f281016,mikl_gse173098|mikl_gse173098|neurite_soma_mpra|GFP 3UTR MPRA|Neuro-2a|mikl:Sspn:350.0:7304aa988f281016,2,False
eebeac7085736d2a,0,mikl_gse173098|mikl_gse173098|neurite_soma_mpra|GFP 3UTR MPRA|CAD|mikl:Sspn:2100.0:1e390a92fbc1f47f,mikl_gse173098|mikl_gse173098|neurite_soma_mpra|GFP 3UTR MPRA|Neuro-2a|mikl:Sspn:2100.0:1e390a92fbc1f47f,2,True
eebeac7085736d2a,0,mikl_gse173098|mikl_gse173098|neurite_soma_mpra|GFP 3UTR MPRA|CAD|mikl:Sspn:1850.0:33de49494b01bc7e,mikl_gse173098|mikl_gse173098|neurite_soma_mpra|GFP 3UTR MPRA|Neuro-2a|mikl:Sspn:1850.0:33de49494b01bc7e,3,True
eebeac7085736d2a,0,mikl_gse173098|mikl_gse173098|neurite_soma_mpra|GFP 3UTR MPRA|CAD|mikl:Sspn:1550.0:3370862ee21425cc,mikl_gse173098|mikl_gse173098|neurite_soma_mpra|GFP 3UTR MPRA|Neuro-2a|mikl:Sspn:1550.0:3370862ee21425cc,2,True
eebeac7085736d2a,0,mikl_gse173098|mikl_gse173098|neurite_soma_mpra|GFP 3UTR MPRA|CAD|mikl:Sspn:2200.0:9603d2a9c89c45b4,mikl_gse173098|mikl_gse173098|neurite_soma_mpra|GFP 3UTR MPRA|Neuro-2a|mikl:Sspn:2200.0:9603d2a9c89c45b4,2,False
eebeac7085736d2a,0,mikl_gse173098|mikl_gse173098|neurite_soma_mpra|GFP 3UTR MPRA|CAD|mikl:Sspn:300.0:97acf3fe5194ce08,mikl_gse173098|mikl_gse173098|neurite_soma_mpra|GFP 3UTR MPRA|Neuro-2a|mikl:Sspn:300.0:97acf3fe5194ce08,3,False
eebeac7085736d2a,0,mikl_gse173098|mikl_gse173098|neurite_soma_mpra|GFP 3UTR MPRA|CAD|mikl:Sspn:200.0:b2d9ed500d15c75c,mikl_gse173098|mikl_gse173098|neurite_soma_mpra|GFP 3UTR MPRA|Neuro-2a|mikl:Sspn:200.0:b2d9ed500d15c75c,3,False
eebeac7085736d2a,0,mikl_gse173098|mikl_gse173098|neurite_soma_mpra|GFP 3UTR MPRA|CAD|mikl:Sspn:1450.0:b2dd2e024161a1d3,mikl_gse173098|mikl_gse173098|neurite_soma_mpra|GFP 3UTR MPRA|Neuro-2a|mikl:Sspn:1450.0:b2dd2e024161a1d3,2,False
eebeac7085736d2a,0,mikl_gse173098|mikl_gse173098|neurite_soma_mpra|GFP 3UTR MPRA|CAD|mikl:Sspn:2150.0:523f226adce63a05,mikl_gse173098|mikl_gse173098|neurite_soma_mpra|GFP 3UTR MPRA|Neuro-2a|mikl:Sspn:2150.0:523f226adce63a05,2,False
eebeac7085736d2a,0,mikl_gse173098|mikl_gse173098|neurite_soma_mpra|GFP 3UTR MPRA|CAD|mikl:Sspn:2250.0:c76798f7e6c48051,mikl_gse173098|mikl_gse173098|neurite_soma_mpra|GFP 3UTR MPRA|Neuro-2a|mikl:Sspn:2250.0:c76798f7e6c48051,2,True
ef381237f5ab47b3,1,mikl_gse173098|mikl_gse173098|neurite_soma_mpra|GFP 3UTR MPRA|CAD|mikl:Rpl31:400.0:197625c1d91b718b,mikl_gse173098|mikl_gse173098|neurite_soma_mpra|GFP 3UTR MPRA|Neuro-2a|mikl:Rpl31:400.0:197625c1d91b718b,6,False
ef381237f5ab47b3,1,mikl_gse173098|mikl_gse173098|neurite_soma_mpra|GFP 3UTR MPRA|CAD|mikl:Rpl31:300.0:f74d0721c2f61d8b,mikl_gse173098|mikl_gse173098|neurite_soma_mpra|GFP 3UTR MPRA|Neuro-2a|mikl:Rpl31:300.0:f74d0721c2f61d8b,4,False
ef381237f5ab47b3,1,mikl_gse173098|mikl_gse173098|neurite_soma_mpra|GFP 3UTR MPRA|CAD|mikl:Rpl31:50.0:7f67b17880c96d9c,mikl_gse173098|mikl_gse173098|neurite_soma_mpra|GFP 3UTR MPRA|Neuro-2a|mikl:Rpl31:50.0:7f67b17880c96d9c,2,True
ef381237f5ab47b3,1,mikl_gse173098|mikl_gse173098|neurite_soma_mpra|GFP 3UTR MPRA|CAD|mikl:Rpl31:350.0:ee3e6fad935840ab,mikl_gse173098|mikl_gse173098|neurite_soma_mpra|GFP 3UTR MPRA|Neuro-2a|mikl:Rpl31:350.0:ee3e6fad935840ab,4,False
eff7b10da80a38d4,0,mikl_gse173098|mikl_gse173098|neurite_soma_mpra|GFP 3UTR MPRA|CAD|mikl:Plin3:1400.0:9acaa7b7fa356573,mikl_gse173098|mikl_gse173098|neurite_soma_mpra|GFP 3UTR MPRA|Neuro-2a|mikl:Plin3:1400.0:9acaa7b7fa356573,2,True
eff7b10da80a38d4,0,mikl_gse173098|mikl_gse173098|neurite_soma_mpra|GFP 3UTR MPRA|CAD|mikl:Plin3:1450.0:19ea0dafb6452fc0,mikl_gse173098|mikl_gse173098|neurite_soma_mpra|GFP 3UTR MPRA|Neuro-2a|mikl:Plin3:1450.0:19ea0dafb6452fc0,2,True
eff7b10da80a38d4,0,mikl_gse173098|mikl_gse173098|neurite_soma_mpra|GFP 3UTR MPRA|CAD|mikl:Plin3:1500.0:750240f15cff7774,mikl_gse173098|mikl_gse173098|neurite_soma_mpra|GFP 3UTR MPRA|Neuro-2a|mikl:Plin3:1500.0:750240f15cff7774,3,False
eff7b10da80a38d4,0,mikl_gse173098|mikl_gse173098|neurite_soma_mpra|GFP 3UTR MPRA|CAD|mikl:Plin3:50.0:22b010096331b7e7,mikl_gse173098|mikl_gse173098|neurite_soma_mpra|GFP 3UTR MPRA|Neuro-2a|mikl:Plin3:50.0:22b010096331b7e7,2,True
f69b60ce97417374,1,mikl_gse173098|mikl_gse173098|neurite_soma_mpra|GFP 3UTR MPRA|CAD|mikl:Ogt:1000.0:6e15918dd22a79ed,mikl_gse173098|mikl_gse173098|neurite_soma_mpra|GFP 3UTR MPRA|Neuro-2a|mikl:Ogt:1000.0:6e15918dd22a79ed,3,False
f69b60ce97417374,1,mikl_gse173098|mikl_gse173098|neurite_soma_mpra|GFP 3UTR MPRA|CAD|mikl:Ogt:700.0:ca3364b00a6fd180,mikl_gse173098|mikl_gse173098|neurite_soma_mpra|GFP 3UTR MPRA|Neuro-2a|mikl:Ogt:700.0:ca3364b00a6fd180,3,False
f69b60ce97417374,1,mikl_gse173098|mikl_gse173098|neurite_soma_mpra|GFP 3UTR MPRA|CAD|mikl:Ogt:650.0:a82bcb6ac09d7ad2,mikl_gse173098|mikl_gse173098|neurite_soma_mpra|GFP 3UTR MPRA|Neuro-2a|mikl:Ogt:650.0:a82bcb6ac09d7ad2,2,True
f69b60ce97417374,1,mikl_gse173098|mikl_gse173098|neurite_soma_mpra|GFP 3UTR MPRA|CAD|mikl:Ogt:250.0:39ff610ad77ce1bc,mikl_gse173098|mikl_gse173098|neurite_soma_mpra|GFP 3UTR MPRA|Neuro-2a|mikl:Ogt:250.0:39ff610ad77ce1bc,2,True
f69b60ce97417374,1,mikl_gse173098|mikl_gse173098|neurite_soma_mpra|GFP 3UTR MPRA|CAD|mikl:Ogt:950.0:f959cd6866a59c9c,mikl_gse173098|mikl_gse173098|neurite_soma_mpra|GFP 3UTR MPRA|Neuro-2a|mikl:Ogt:950.0:f959cd6866a59c9c,4,False
f69b60ce97417374,1,mikl_gse173098|mikl_gse173098|neurite_soma_mpra|GFP 3UTR MPRA|CAD|mikl:Ogt:200.0:f790499b1ef4c1c2,mikl_gse173098|mikl_gse173098|neurite_soma_mpra|GFP 3UTR MPRA|Neuro-2a|mikl:Ogt:200.0:f790499b1ef4c1c2,2,False
f69b60ce97417374,1,mikl_gse173098|mikl_gse173098|neurite_soma_mpra|GFP 3UTR MPRA|CAD|mikl:Ogt:300.0:4fb2f060ee8883d5,mikl_gse173098|mikl_gse173098|neurite_soma_mpra|GFP 3UTR MPRA|Neuro-2a|mikl:Ogt:300.0:4fb2f060ee8883d5,3,False
f69b60ce97417374,1,mikl_gse173098|mikl_gse173098|neurite_soma_mpra|GFP 3UTR MPRA|CAD|mikl:Ogt:1500.0:1b91129458fce061,mikl_gse173098|mikl_gse173098|neurite_soma_mpra|GFP 3UTR MPRA|Neuro-2a|mikl:Ogt:1500.0:1b91129458fce061,5,False
f69b60ce97417374,1,mikl_gse173098|mikl_gse173098|neurite_soma_mpra|GFP 3UTR MPRA|CAD|mikl:Ogt:1350.0:376fdc41656669b6,mikl_gse173098|mikl_gse173098|neurite_soma_mpra|GFP 3UTR MPRA|Neuro-2a|mikl:Ogt:1350.0:376fdc41656669b6,2,True
f69b60ce97417374,1,mikl_gse173098|mikl_gse173098|neurite_soma_mpra|GFP 3UTR MPRA|CAD|mikl:Ogt:1800.0:23ec96dc8ac4d140,mikl_gse173098|mikl_gse173098|neurite_soma_mpra|GFP 3UTR MPRA|Neuro-2a|mikl:Ogt:1800.0:23ec96dc8ac4d140,3,False
f69b60ce97417374,1,mikl_gse173098|mikl_gse173098|neurite_soma_mpra|GFP 3UTR MPRA|CAD|mikl:Ogt:1450.0:d6c59a4fbbf861a6,mikl_gse173098|mikl_gse173098|neurite_soma_mpra|GFP 3UTR MPRA|Neuro-2a|mikl:Ogt:1450.0:d6c59a4fbbf861a6,2,False
f69b60ce97417374,1,mikl_gse173098|mikl_gse173098|neurite_soma_mpra|GFP 3UTR MPRA|CAD|mikl:Ogt:900.0:49374bc09d74d90f,mikl_gse173098|mikl_gse173098|neurite_soma_mpra|GFP 3UTR MPRA|Neuro-2a|mikl:Ogt:900.0:49374bc09d74d90f,7,False
f69b60ce97417374,1,mikl_gse173098|mikl_gse173098|neurite_soma_mpra|GFP 3UTR MPRA|CAD|mikl:Ogt:1550.0:f6936aea0ddfcde6,mikl_gse173098|mikl_gse173098|neurite_soma_mpra|GFP 3UTR MPRA|Neuro-2a|mikl:Ogt:1550.0:f6936aea0ddfcde6,5,False
f69b60ce97417374,1,mikl_gse173098|mikl_gse173098|neurite_soma_mpra|GFP 3UTR MPRA|CAD|mikl:Ogt:1400.0:ea958b2d52517a20,mikl_gse173098|mikl_gse173098|neurite_soma_mpra|GFP 3UTR MPRA|Neuro-2a|mikl:Ogt:1400.0:ea958b2d52517a20,2,True
f69b60ce97417374,1,mikl_gse173098|mikl_gse173098|neurite_soma_mpra|GFP 3UTR MPRA|CAD|mikl:Ogt:1750.0:47cec722f2e262f7,mikl_gse173098|mikl_gse173098|neurite_soma_mpra|GFP 3UTR MPRA|Neuro-2a|mikl:Ogt:1750.0:47cec722f2e262f7,3,False
f69b60ce97417374,1,mikl_gse173098|mikl_gse173098|neurite_soma_mpra|GFP 3UTR MPRA|CAD|mikl:Ogt:1050.0:807ae4f1f55b15d3,mikl_gse173098|mikl_gse173098|neurite_soma_mpra|GFP 3UTR MPRA|Neuro-2a|mikl:Ogt:1050.0:807ae4f1f55b15d3,3,True
f69b60ce97417374,1,mikl_gse173098|mikl_gse173098|neurite_soma_mpra|GFP 3UTR MPRA|CAD|mikl:Ogt:1600.0:1c425d8661c29556,mikl_gse173098|mikl_gse173098|neurite_soma_mpra|GFP 3UTR MPRA|Neuro-2a|mikl:Ogt:1600.0:1c425d8661c29556,2,True
f69b60ce97417374,1,mikl_gse173098|mikl_gse173098|neurite_soma_mpra|GFP 3UTR MPRA|CAD|mikl:Ogt:850.0:a4cb0dcab0af6d09,mikl_gse173098|mikl_gse173098|neurite_soma_mpra|GFP 3UTR MPRA|Neuro-2a|mikl:Ogt:850.0:a4cb0dcab0af6d09,5,False
f69b60ce97417374,1,mikl_gse173098|mikl_gse173098|neurite_soma_mpra|GFP 3UTR MPRA|CAD|mikl:Ogt:400.0:eabe7758f9ddd3b6,mikl_gse173098|mikl_gse173098|neurite_soma_mpra|GFP 3UTR MPRA|Neuro-2a|mikl:Ogt:400.0:eabe7758f9ddd3b6,2,True
f69b60ce97417374,1,mikl_gse173098|mikl_gse173098|neurite_soma_mpra|GFP 3UTR MPRA|CAD|mikl:Ogt:1700.0:01d3b931297ad600,mikl_gse173098|mikl_gse173098|neurite_soma_mpra|GFP 3UTR MPRA|Neuro-2a|mikl:Ogt:1700.0:01d3b931297ad600,3,False
f69b60ce97417374,1,mikl_gse173098|mikl_gse173098|neurite_soma_mpra|GFP 3UTR MPRA|CAD|mikl:Ogt:350.0:9d2423b6a5141d0e,mikl_gse173098|mikl_gse173098|neurite_soma_mpra|GFP 3UTR MPRA|Neuro-2a|mikl:Ogt:350.0:9d2423b6a5141d0e,5,False
f69cba248f895514,0,mikl_gse173098|mikl_gse173098|neurite_soma_mpra|GFP 3UTR MPRA|CAD|mikl:Itga4:4150.0:ae134e1f2a477353,mikl_gse173098|mikl_gse173098|neurite_soma_mpra|GFP 3UTR MPRA|Neuro-2a|mikl:Itga4:4150.0:ae134e1f2a477353,2,True
f69cba248f895514,0,mikl_gse173098|mikl_gse173098|neurite_soma_mpra|GFP 3UTR MPRA|CAD|mikl:Itga4:1550.0:897a99fde798e96a,mikl_gse173098|mikl_gse173098|neurite_soma_mpra|GFP 3UTR MPRA|Neuro-2a|mikl:Itga4:1550.0:897a99fde798e96a,2,True
f69cba248f895514,0,mikl_gse173098|mikl_gse173098|neurite_soma_mpra|GFP 3UTR MPRA|CAD|mikl:Itga4:1700.0:53ee2fa7b66e4ad1,mikl_gse173098|mikl_gse173098|neurite_soma_mpra|GFP 3UTR MPRA|Neuro-2a|mikl:Itga4:1700.0:53ee2fa7b66e4ad1,2,True
f69cba248f895514,0,mikl_gse173098|mikl_gse173098|neurite_soma_mpra|GFP 3UTR MPRA|CAD|mikl:Itga4:1600.0:88e4766ba304af86,mikl_gse173098|mikl_gse173098|neurite_soma_mpra|GFP 3UTR MPRA|Neuro-2a|mikl:Itga4:1600.0:88e4766ba304af86,3,True
f69cba248f895514,0,mikl_gse173098|mikl_gse173098|neurite_soma_mpra|GFP 3UTR MPRA|CAD|mikl:Itga4:1650.0:a558d0a8d1ec90fb,mikl_gse173098|mikl_gse173098|neurite_soma_mpra|GFP 3UTR MPRA|Neuro-2a|mikl:Itga4:1650.0:a558d0a8d1ec90fb,2,True
f69cba248f895514,0,mikl_gse173098|mikl_gse173098|neurite_soma_mpra|GFP 3UTR MPRA|CAD|mikl:Itga4:5200.0:bbd2b63e8a10b00b,mikl_gse173098|mikl_gse173098|neurite_soma_mpra|GFP 3UTR MPRA|Neuro-2a|mikl:Itga4:5200.0:bbd2b63e8a10b00b,2,False
f6bc6f9fb9e24ca9,1,mikl_gse173098|mikl_gse173098|neurite_soma_mpra|GFP 3UTR MPRA|CAD|mikl:2810459M11Rik:750.0:7dfdc6fbe5615be2,mikl_gse173098|mikl_gse173098|neurite_soma_mpra|GFP 3UTR MPRA|Neuro-2a|mikl:2810459M11Rik:750.0:7dfdc6fbe5615be2,2,False
f6bc6f9fb9e24ca9,1,mikl_gse173098|mikl_gse173098|neurite_soma_mpra|GFP 3UTR MPRA|CAD|mikl:2810459M11Rik:1100.0:a067a0411286d389,mikl_gse173098|mikl_gse173098|neurite_soma_mpra|GFP 3UTR MPRA|Neuro-2a|mikl:2810459M11Rik:1100.0:a067a0411286d389,2,False
f6bc6f9fb9e24ca9,1,mikl_gse173098|mikl_gse173098|neurite_soma_mpra|GFP 3UTR MPRA|CAD|mikl:2810459M11Rik:650.0:1f690e58579e71a8,mikl_gse173098|mikl_gse173098|neurite_soma_mpra|GFP 3UTR MPRA|Neuro-2a|mikl:2810459M11Rik:650.0:1f690e58579e71a8,2,True
f6bc6f9fb9e24ca9,1,mikl_gse173098|mikl_gse173098|neurite_soma_mpra|GFP 3UTR MPRA|CAD|mikl:2810459M11Rik:1150.0:2cabf82a5e3f559c,mikl_gse173098|mikl_gse173098|neurite_soma_mpra|GFP 3UTR MPRA|Neuro-2a|mikl:2810459M11Rik:1150.0:2cabf82a5e3f559c,2,False
f8fcb4139395b1be,2,mikl_gse173098|mikl_gse173098|neurite_soma_mpra|GFP 3UTR MPRA|CAD|mikl:Itga1:6650.0:308b070dd16fc944,mikl_gse173098|mikl_gse173098|neurite_soma_mpra|GFP 3UTR MPRA|Neuro-2a|mikl:Itga1:6650.0:308b070dd16fc944,3,False
f8fcb4139395b1be,2,mikl_gse173098|mikl_gse173098|neurite_soma_mpra|GFP 3UTR MPRA|CAD|mikl:Itga1:6550.0:ce2c7742c659fb4c,mikl_gse173098|mikl_gse173098|neurite_soma_mpra|GFP 3UTR MPRA|Neuro-2a|mikl:Itga1:6550.0:ce2c7742c659fb4c,2,True
f8fcb4139395b1be,2,mikl_gse173098|mikl_gse173098|neurite_soma_mpra|GFP 3UTR MPRA|CAD|mikl:Itga1:6600.0:15fd00df96bdb7cb,mikl_gse173098|mikl_gse173098|neurite_soma_mpra|GFP 3UTR MPRA|Neuro-2a|mikl:Itga1:6600.0:15fd00df96bdb7cb,2,True
f8fcb4139395b1be,2,mikl_gse173098|mikl_gse173098|neurite_soma_mpra|GFP 3UTR MPRA|CAD|mikl:Itga1:4300.0:1a1dce2464a6bd0f,mikl_gse173098|mikl_gse173098|neurite_soma_mpra|GFP 3UTR MPRA|Neuro-2a|mikl:Itga1:4300.0:1a1dce2464a6bd0f,3,True
f8fcb4139395b1be,2,mikl_gse173098|mikl_gse173098|neurite_soma_mpra|GFP 3UTR MPRA|CAD|mikl:Itga1:5850.0:70bfbcb5445ad66d,mikl_gse173098|mikl_gse173098|neurite_soma_mpra|GFP 3UTR MPRA|Neuro-2a|mikl:Itga1:5850.0:70bfbcb5445ad66d,2,True
f8fcb4139395b1be,2,mikl_gse173098|mikl_gse173098|neurite_soma_mpra|GFP 3UTR MPRA|CAD|mikl:Itga1:3750.0:fdde83dc7d128b46,mikl_gse173098|mikl_gse173098|neurite_soma_mpra|GFP 3UTR MPRA|Neuro-2a|mikl:Itga1:3750.0:fdde83dc7d128b46,2,False
f8fcb4139395b1be,2,mikl_gse173098|mikl_gse173098|neurite_soma_mpra|GFP 3UTR MPRA|CAD|mikl:Itga1:4400.0:9ccd6c7d57ecdb21,mikl_gse173098|mikl_gse173098|neurite_soma_mpra|GFP 3UTR MPRA|Neuro-2a|mikl:Itga1:4400.0:9ccd6c7d57ecdb21,2,True
f8fcb4139395b1be,2,mikl_gse173098|mikl_gse173098|neurite_soma_mpra|GFP 3UTR MPRA|CAD|mikl:Itga1:1500.0:1d50b272bbd17970,mikl_gse173098|mikl_gse173098|neurite_soma_mpra|GFP 3UTR MPRA|Neuro-2a|mikl:Itga1:1500.0:1d50b272bbd17970,2,False
f8fcb4139395b1be,2,mikl_gse173098|mikl_gse173098|neurite_soma_mpra|GFP 3UTR MPRA|CAD|mikl:Itga1:5800.0:eb9dbc2f3724d54d,mikl_gse173098|mikl_gse173098|neurite_soma_mpra|GFP 3UTR MPRA|Neuro-2a|mikl:Itga1:5800.0:eb9dbc2f3724d54d,2,True
f8fcb4139395b1be,2,mikl_gse173098|mikl_gse173098|neurite_soma_mpra|GFP 3UTR MPRA|CAD|mikl:Itga1:4350.0:ba415f517f8a1843,mikl_gse173098|mikl_gse173098|neurite_soma_mpra|GFP 3UTR MPRA|Neuro-2a|mikl:Itga1:4350.0:ba415f517f8a1843,3,True
f8fcb4139395b1be,2,mikl_gse173098|mikl_gse173098|neurite_soma_mpra|GFP 3UTR MPRA|CAD|mikl:Itga1:1450.0:f53bc992db329a4b,mikl_gse173098|mikl_gse173098|neurite_soma_mpra|GFP 3UTR MPRA|Neuro-2a|mikl:Itga1:1450.0:f53bc992db329a4b,2,True
f8fcb4139395b1be,2,mikl_gse173098|mikl_gse173098|neurite_soma_mpra|GFP 3UTR MPRA|CAD|mikl:Itga1:5900.0:c623e0d99bafb2f8,mikl_gse173098|mikl_gse173098|neurite_soma_mpra|GFP 3UTR MPRA|Neuro-2a|mikl:Itga1:5900.0:c623e0d99bafb2f8,2,True
f8fcb4139395b1be,2,mikl_gse173098|mikl_gse173098|neurite_soma_mpra|GFP 3UTR MPRA|CAD|mikl:Itga1:5650.0:ab24cb63eca1f8d8,mikl_gse173098|mikl_gse173098|neurite_soma_mpra|GFP 3UTR MPRA|Neuro-2a|mikl:Itga1:5650.0:ab24cb63eca1f8d8,3,True
f93aca3e88277806,2,mikl_gse173098|mikl_gse173098|neurite_soma_mpra|GFP 3UTR MPRA|CAD|mikl:Selenow:0.0:6c5fb896dfca1365,mikl_gse173098|mikl_gse173098|neurite_soma_mpra|GFP 3UTR MPRA|Neuro-2a|mikl:Selenow:0.0:6c5fb896dfca1365,2,False
fb255d6be67f7770,0,mikl_gse173098|mikl_gse173098|neurite_soma_mpra|GFP 3UTR MPRA|CAD|mikl:Uqcrq:750.0:8b982728e38df6aa,mikl_gse173098|mikl_gse173098|neurite_soma_mpra|GFP 3UTR MPRA|Neuro-2a|mikl:Uqcrq:750.0:8b982728e38df6aa,2,False
fb255d6be67f7770,0,mikl_gse173098|mikl_gse173098|neurite_soma_mpra|GFP 3UTR MPRA|CAD|mikl:Uqcrq:800.0:c944db6675fb4e53,mikl_gse173098|mikl_gse173098|neurite_soma_mpra|GFP 3UTR MPRA|Neuro-2a|mikl:Uqcrq:800.0:c944db6675fb4e53,2,False
fb675b73cda52e31,1,mikl_gse173098|mikl_gse173098|neurite_soma_mpra|GFP 3UTR MPRA|CAD|mikl:Rps19:150.0:efba61c99e61be27,mikl_gse173098|mikl_gse173098|neurite_soma_mpra|GFP 3UTR MPRA|Neuro-2a|mikl:Rps19:150.0:efba61c99e61be27,2,True
fb675b73cda52e31,1,mikl_gse173098|mikl_gse173098|neurite_soma_mpra|GFP 3UTR MPRA|CAD|mikl:Rps19:100.0:f2af9829d7f608c5,mikl_gse173098|mikl_gse173098|neurite_soma_mpra|GFP 3UTR MPRA|Neuro-2a|mikl:Rps19:100.0:f2af9829d7f608c5,2,True
fc1e4d68b5df739a,0,mikl_gse173098|mikl_gse173098|neurite_soma_mpra|GFP 3UTR MPRA|CAD|mikl:Trp63:1250.0:8ed3e9b54bea5ace,mikl_gse173098|mikl_gse173098|neurite_soma_mpra|GFP 3UTR MPRA|Neuro-2a|mikl:Trp63:1250.0:8ed3e9b54bea5ace,2,True
fc1e4d68b5df739a,0,mikl_gse173098|mikl_gse173098|neurite_soma_mpra|GFP 3UTR MPRA|CAD|mikl:Trp63:550.0:22b4f9262d29d3f7,mikl_gse173098|mikl_gse173098|neurite_soma_mpra|GFP 3UTR MPRA|Neuro-2a|mikl:Trp63:550.0:22b4f9262d29d3f7,2,False
fc1e4d68b5df739a,0,mikl_gse173098|mikl_gse173098|neurite_soma_mpra|GFP 3UTR MPRA|CAD|mikl:Trp63:300.0:1236cc15c1a00776,mikl_gse173098|mikl_gse173098|neurite_soma_mpra|GFP 3UTR MPRA|Neuro-2a|mikl:Trp63:300.0:1236cc15c1a00776,3,True
fc1e4d68b5df739a,0,mikl_gse173098|mikl_gse173098|neurite_soma_mpra|GFP 3UTR MPRA|CAD|mikl:Trp63:350.0:c76f166f79512a32,mikl_gse173098|mikl_gse173098|neurite_soma_mpra|GFP 3UTR MPRA|Neuro-2a|mikl:Trp63:350.0:c76f166f79512a32,3,False
fc1e4d68b5df739a,0,mikl_gse173098|mikl_gse173098|neurite_soma_mpra|GFP 3UTR MPRA|CAD|mikl:Trp63:150.0:7134dc2b48006e4c,mikl_gse173098|mikl_gse173098|neurite_soma_mpra|GFP 3UTR MPRA|Neuro-2a|mikl:Trp63:150.0:7134dc2b48006e4c,2,True
fc1e4d68b5df739a,0,mikl_gse173098|mikl_gse173098|neurite_soma_mpra|GFP 3UTR MPRA|CAD|mikl:Trp63:100.0:86f214ee140cb1a2,mikl_gse173098|mikl_gse173098|neurite_soma_mpra|GFP 3UTR MPRA|Neuro-2a|mikl:Trp63:100.0:86f214ee140cb1a2,2,True
fc1e4d68b5df739a,0,mikl_gse173098|mikl_gse173098|neurite_soma_mpra|GFP 3UTR MPRA|CAD|mikl:Trp63:250.0:598b5e4977cab768,mikl_gse173098|mikl_gse173098|neurite_soma_mpra|GFP 3UTR MPRA|Neuro-2a|mikl:Trp63:250.0:598b5e4977cab768,3,True
fc1e4d68b5df739a,0,mikl_gse173098|mikl_gse173098|neurite_soma_mpra|GFP 3UTR MPRA|CAD|mikl:Trp63:600.0:50d1112a5f538f15,mikl_gse173098|mikl_gse173098|neurite_soma_mpra|GFP 3UTR MPRA|Neuro-2a|mikl:Trp63:600.0:50d1112a5f538f15,3,False
fc1e4d68b5df739a,0,mikl_gse173098|mikl_gse173098|neurite_soma_mpra|GFP 3UTR MPRA|CAD|mikl:Trp63:200.0:0ddc18127cb8db10,mikl_gse173098|mikl_gse173098|neurite_soma_mpra|GFP 3UTR MPRA|Neuro-2a|mikl:Trp63:200.0:0ddc18127cb8db10,3,True
ffb30bcc9ed68e92,0,mikl_gse173098|mikl_gse173098|neurite_soma_mpra|GFP 3UTR MPRA|CAD|mikl:Ccnd2:100.0:cec9b441aedd24da,mikl_gse173098|mikl_gse173098|neurite_soma_mpra|GFP 3UTR MPRA|Neuro-2a|mikl:Ccnd2:100.0:cec9b441aedd24da,2,True
ffb30bcc9ed68e92,0,mikl_gse173098|mikl_gse173098|neurite_soma_mpra|GFP 3UTR MPRA|CAD|mikl:Ccnd2:4500.0:c284925d8daab14a,mikl_gse173098|mikl_gse173098|neurite_soma_mpra|GFP 3UTR MPRA|Neuro-2a|mikl:Ccnd2:4500.0:c284925d8daab14a,2,True
ffb30bcc9ed68e92,0,mikl_gse173098|mikl_gse173098|neurite_soma_mpra|GFP 3UTR MPRA|CAD|mikl:Ccnd2:300.0:783d39ac5aaf19ce,mikl_gse173098|mikl_gse173098|neurite_soma_mpra|GFP 3UTR MPRA|Neuro-2a|mikl:Ccnd2:300.0:783d39ac5aaf19ce,2,True
ffb30bcc9ed68e92,0,mikl_gse173098|mikl_gse173098|neurite_soma_mpra|GFP 3UTR MPRA|CAD|mikl:Ccnd2:3900.0:f6b7fdc5bff89591,mikl_gse173098|mikl_gse173098|neurite_soma_mpra|GFP 3UTR MPRA|Neuro-2a|mikl:Ccnd2:3900.0:f6b7fdc5bff89591,2,True
ffb30bcc9ed68e92,0,mikl_gse173098|mikl_gse173098|neurite_soma_mpra|GFP 3UTR MPRA|CAD|mikl:Ccnd2:4750.0:82a517d821466b6b,mikl_gse173098|mikl_gse173098|neurite_soma_mpra|GFP 3UTR MPRA|Neuro-2a|mikl:Ccnd2:4750.0:82a517d821466b6b,2,True
ffb30bcc9ed68e92,0,mikl_gse173098|mikl_gse173098|neurite_soma_mpra|GFP 3UTR MPRA|CAD|mikl:Ccnd2:950.0:73a18cb5e1e3ec23,mikl_gse173098|mikl_gse173098|neurite_soma_mpra|GFP 3UTR MPRA|Neuro-2a|mikl:Ccnd2:950.0:73a18cb5e1e3ec23,2,False
ffb30bcc9ed68e92,0,mikl_gse173098|mikl_gse173098|neurite_soma_mpra|GFP 3UTR MPRA|CAD|mikl:Ccnd2:3800.0:c96a831d00cab9ee,mikl_gse173098|mikl_gse173098|neurite_soma_mpra|GFP 3UTR MPRA|Neuro-2a|mikl:Ccnd2:3800.0:c96a831d00cab9ee,2,True
ffb30bcc9ed68e92,0,mikl_gse173098|mikl_gse173098|neurite_soma_mpra|GFP 3UTR MPRA|CAD|mikl:Ccnd2:100.0:a8961f0e36d04b6b,mikl_gse173098|mikl_gse173098|neurite_soma_mpra|GFP 3UTR MPRA|Neuro-2a|mikl:Ccnd2:100.0:a8961f0e36d04b6b,4,False
ffb30bcc9ed68e92,0,mikl_gse173098|mikl_gse173098|neurite_soma_mpra|GFP 3UTR MPRA|CAD|mikl:Ccnd2:0.0:f20154a438f2c7eb,mikl_gse173098|mikl_gse173098|neurite_soma_mpra|GFP 3UTR MPRA|Neuro-2a|mikl:Ccnd2:0.0:f20154a438f2c7eb,6,False
ffb30bcc9ed68e92,0,mikl_gse173098|mikl_gse173098|neurite_soma_mpra|GFP 3UTR MPRA|CAD|mikl:Ccnd2:2900.0:95c13689bdd91c9c,mikl_gse173098|mikl_gse173098|neurite_soma_mpra|GFP 3UTR MPRA|Neuro-2a|mikl:Ccnd2:2900.0:95c13689bdd91c9c,2,True
ffb30bcc9ed68e92,0,mikl_gse173098|mikl_gse173098|neurite_soma_mpra|GFP 3UTR MPRA|CAD|mikl:Ccnd2:50.0:70d24cc27d096308,mikl_gse173098|mikl_gse173098|neurite_soma_mpra|GFP 3UTR MPRA|Neuro-2a|mikl:Ccnd2:50.0:70d24cc27d096308,2,False
ffb30bcc9ed68e92,0,mikl_gse173098|mikl_gse173098|neurite_soma_mpra|GFP 3UTR MPRA|CAD|mikl:Ccnd2:900.0:71a591eb053c8104,mikl_gse173098|mikl_gse173098|neurite_soma_mpra|GFP 3UTR MPRA|Neuro-2a|mikl:Ccnd2:900.0:71a591eb053c8104,2,True
ffb30bcc9ed68e92,0,mikl_gse173098|mikl_gse173098|neurite_soma_mpra|GFP 3UTR MPRA|CAD|mikl:Ccnd2:3750.0:3b98f8ba27200a57,mikl_gse173098|mikl_gse173098|neurite_soma_mpra|GFP 3UTR MPRA|Neuro-2a|mikl:Ccnd2:3750.0:3b98f8ba27200a57,2,True
ffb30bcc9ed68e92,0,mikl_gse173098|mikl_gse173098|neurite_soma_mpra|GFP 3UTR MPRA|CAD|mikl:Ccnd2:3950.0:52003a73c11dd3cf,mikl_gse173098|mikl_gse173098|neurite_soma_mpra|GFP 3UTR MPRA|Neuro-2a|mikl:Ccnd2:3950.0:52003a73c11dd3cf,2,False
ffb30bcc9ed68e92,0,mikl_gse173098|mikl_gse173098|neurite_soma_mpra|GFP 3UTR MPRA|CAD|mikl:Ccnd2:2850.0:80382b2b29b6443d,mikl_gse173098|mikl_gse173098|neurite_soma_mpra|GFP 3UTR MPRA|Neuro-2a|mikl:Ccnd2:2850.0:80382b2b29b6443d,3,False
ffb30bcc9ed68e92,0,mikl_gse173098|mikl_gse173098|neurite_soma_mpra|GFP 3UTR MPRA|CAD|mikl:Ccnd2:0.0:1a2c5e2c7acf17dd,mikl_gse173098|mikl_gse173098|neurite_soma_mpra|GFP 3UTR MPRA|Neuro-2a|mikl:Ccnd2:0.0:1a2c5e2c7acf17dd,3,True
ffb30bcc9ed68e92,0,mikl_gse173098|mikl_gse173098|neurite_soma_mpra|GFP 3UTR MPRA|CAD|mikl:Ccnd2:50.0:405c7201623e2c79,mikl_gse173098|mikl_gse173098|neurite_soma_mpra|GFP 3UTR MPRA|Neuro-2a|mikl:Ccnd2:50.0:405c7201623e2c79,4,False
ffb30bcc9ed68e92,0,mikl_gse173098|mikl_gse173098|neurite_soma_mpra|GFP 3UTR MPRA|CAD|mikl:Ccnd2:4550.0:eb50e12d27b5333a,mikl_gse173098|mikl_gse173098|neurite_soma_mpra|GFP 3UTR MPRA|Neuro-2a|mikl:Ccnd2:4550.0:eb50e12d27b5333a,2,True
ffb30bcc9ed68e92,0,mikl_gse173098|mikl_gse173098|neurite_soma_mpra|GFP 3UTR MPRA|CAD|mikl:Ccnd2:850.0:02ed8a7af97c5065,mikl_gse173098|mikl_gse173098|neurite_soma_mpra|GFP 3UTR MPRA|Neuro-2a|mikl:Ccnd2:850.0:02ed8a7af97c5065,2,True
ffb30bcc9ed68e92,0,mikl_gse173098|mikl_gse173098|neurite_soma_mpra|GFP 3UTR MPRA|CAD|mikl:Ccnd2:3150.0:6e1102854405ce42,mikl_gse173098|mikl_gse173098|neurite_soma_mpra|GFP 3UTR MPRA|Neuro-2a|mikl:Ccnd2:3150.0:6e1102854405ce42,2,True
ffb30bcc9ed68e92,0,mikl_gse173098|mikl_gse173098|neurite_soma_mpra|GFP 3UTR MPRA|CAD|mikl:Ccnd2:2800.0:e2b7e8780e717e9b,mikl_gse173098|mikl_gse173098|neurite_soma_mpra|GFP 3UTR MPRA|Neuro-2a|mikl:Ccnd2:2800.0:e2b7e8780e717e9b,2,True
