fold,repeat,budget,context,component,gene,library,model,candidates,regret
0,0,16,Spliced,ANKRD17,circANKRD17,circLib,stack,91,0.40634933740570545
0,0,16,Spliced,ANKRD17,circANKRD17,circLib,target_kmer,91,0.1797697837206204
0,0,16,Spliced,ANKRD17,circANKRD17,circLib,composition,91,0.5668083440773333
0,0,16,Spliced,ANKRD17,circANKRD17,circLib,sibling_uncalibrated,91,0.39362616619266666
0,0,16,Spliced,ANKRD17,circANKRD17,circLib,sibling_calibrated,91,0.39362616619266666
0,0,16,Spliced,ATAD2,circATAD2,circLib,stack,22,0.12378618484956393
0,0,16,Spliced,ATAD2,circATAD2,circLib,target_kmer,22,0.017119913547528884
0,0,16,Spliced,ATAD2,circATAD2,circLib,composition,22,0.28570570943995943
0,0,16,Spliced,ATAD2,circATAD2,circLib,sibling_uncalibrated,22,0.45981502164615246
0,0,16,Spliced,ATAD2,circATAD2,circLib,sibling_calibrated,22,0.45981502164615246
0,0,16,Spliced,CNOT,circCNOT,circLib,stack,28,0.7739735951675344
0,0,16,Spliced,CNOT,circCNOT,circLib,target_kmer,28,0.5561035511902632
0,0,16,Spliced,CNOT,circCNOT,circLib,composition,28,0.4844774762949669
0,0,16,Spliced,CNOT,circCNOT,circLib,sibling_uncalibrated,28,0.18121516725095754
0,0,16,Spliced,CNOT,circCNOT,circLib,sibling_calibrated,28,0.18121516725095754
0,0,16,Spliced,CNOT6,circCNOT6,circLib,stack,14,0.23392419093165867
0,0,16,Spliced,CNOT6,circCNOT6,circLib,target_kmer,14,0.5333760794907769
0,0,16,Spliced,CNOT6,circCNOT6,circLib,composition,14,0.3598686482912623
0,0,16,Spliced,CNOT6,circCNOT6,circLib,sibling_uncalibrated,14,0.7212629337953598
0,0,16,Spliced,CNOT6,circCNOT6,circLib,sibling_calibrated,14,0.7212629337953598
0,0,16,Spliced,GSE1,circGSE1,circLib,stack,10,0.4794593257494404
0,0,16,Spliced,GSE1,circGSE1,circLib,target_kmer,10,0.020540674250559617
0,0,16,Spliced,GSE1,circGSE1,circLib,composition,10,0.6154360985811257
0,0,16,Spliced,GSE1,circGSE1,circLib,sibling_uncalibrated,10,0.5958455842069171
0,0,16,Spliced,GSE1,circGSE1,circLib,sibling_calibrated,10,0.5958455842069171
0,0,16,Spliced,MASTL,circMASTL,circLib,stack,13,0.18052817953563716
0,0,16,Spliced,MASTL,circMASTL,circLib,target_kmer,13,0.4454351520587414
0,0,16,Spliced,MASTL,circMASTL,circLib,composition,13,0.2252029439451013
0,0,16,Spliced,MASTL,circMASTL,circLib,sibling_uncalibrated,13,0.3637184476722981
0,0,16,Spliced,MASTL,circMASTL,circLib,sibling_calibrated,13,0.3637184476722981
0,0,16,Spliced,MYH11,circMYH11,circLib,stack,22,0.26974097681171416
0,0,16,Spliced,MYH11,circMYH11,circLib,target_kmer,22,0.5501660773813739
0,0,16,Spliced,MYH11,circMYH11,circLib,composition,22,0.40484101150753765
0,0,16,Spliced,MYH11,circMYH11,circLib,sibling_uncalibrated,22,0.40484101150753765
0,0,16,Spliced,MYH11,circMYH11,circLib,sibling_calibrated,22,0.40484101150753765
0,0,16,Spliced,NMRAL1,circNMRAL1,circLib,stack,25,0.2632213165554161
0,0,16,Spliced,NMRAL1,circNMRAL1,circLib,target_kmer,25,0.3211025053821134
0,0,16,Spliced,NMRAL1,circNMRAL1,circLib,composition,25,0.5532971166368311
0,0,16,Spliced,NMRAL1,circNMRAL1,circLib,sibling_uncalibrated,25,0.7606854922276827
0,0,16,Spliced,NMRAL1,circNMRAL1,circLib,sibling_calibrated,25,0.7606854922276827
0,0,16,Spliced,PAIP2,circPAIP2,circLib,stack,18,0.6430267579672186
0,0,16,Spliced,PAIP2,circPAIP2,circLib,target_kmer,18,1.0
0,0,16,Spliced,PAIP2,circPAIP2,circLib,composition,18,0.48038656891981574
0,0,16,Spliced,PAIP2,circPAIP2,circLib,sibling_uncalibrated,18,0.6430267579672186
0,0,16,Spliced,PAIP2,circPAIP2,circLib,sibling_calibrated,18,0.6430267579672186
0,0,16,Spliced,PIP5K1C,circPIP5K1C,circLib,stack,13,0.7044384296953158
0,0,16,Spliced,PIP5K1C,circPIP5K1C,circLib,target_kmer,13,0.3910209537019539
0,0,16,Spliced,PIP5K1C,circPIP5K1C,circLib,composition,13,0.689321783738924
0,0,16,Spliced,PIP5K1C,circPIP5K1C,circLib,sibling_uncalibrated,13,0.1846844911035801
0,0,16,Spliced,PIP5K1C,circPIP5K1C,circLib,sibling_calibrated,13,0.1846844911035801
0,0,16,Spliced,RIAN,Rian,nucLib,stack,16,0.4565653117483172
0,0,16,Spliced,RIAN,Rian,nucLib,target_kmer,16,0.43487763991542566
0,0,16,Spliced,RIAN,Rian,nucLib,composition,16,0.6924074206087028
0,0,16,Spliced,RIAN,Rian,nucLib,sibling_uncalibrated,16,0.864717567540753
0,0,16,Spliced,RIAN,Rian,nucLib,sibling_calibrated,16,0.864717567540753
0,0,16,Spliced,TERF2,circTERF2,circLib,stack,94,0.41030317120919246
0,0,16,Spliced,TERF2,circTERF2,circLib,target_kmer,94,0.4457564431605149
0,0,16,Spliced,TERF2,circTERF2,circLib,composition,94,0.4237405394007637
0,0,16,Spliced,TERF2,circTERF2,circLib,sibling_uncalibrated,94,0.4686059664260436
0,0,16,Spliced,TERF2,circTERF2,circLib,sibling_calibrated,94,0.4686059664260436
0,0,16,Unspliced,ANKRD17,circANKRD17,circLib,stack,91,0.23997428524791112
0,0,16,Unspliced,ANKRD17,circANKRD17,circLib,target_kmer,91,0.32771682525544743
0,0,16,Unspliced,ANKRD17,circANKRD17,circLib,composition,91,0.6046335992303133
0,0,16,Unspliced,ANKRD17,circANKRD17,circLib,sibling_uncalibrated,91,0.5681902431068822
0,0,16,Unspliced,ANKRD17,circANKRD17,circLib,sibling_calibrated,91,0.43180975689311785
0,0,16,Unspliced,ATAD2,circATAD2,circLib,stack,22,0.4058615532533616
0,0,16,Unspliced,ATAD2,circATAD2,circLib,target_kmer,22,0.5743782147057609
0,0,16,Unspliced,ATAD2,circATAD2,circLib,composition,22,0.3488126563959514
0,0,16,Unspliced,ATAD2,circATAD2,circLib,sibling_uncalibrated,22,0.20959181682618894
0,0,16,Unspliced,ATAD2,circATAD2,circLib,sibling_calibrated,22,0.7904081831738112
0,0,16,Unspliced,CNOT,circCNOT,circLib,stack,28,0.5389835279247703
0,0,16,Unspliced,CNOT,circCNOT,circLib,target_kmer,28,0.5389783086776809
0,0,16,Unspliced,CNOT,circCNOT,circLib,composition,28,0.0694354788084649
0,0,16,Unspliced,CNOT,circCNOT,circLib,sibling_uncalibrated,28,0.16270895401227142
0,0,16,Unspliced,CNOT,circCNOT,circLib,sibling_calibrated,28,0.8372910459877285
0,0,16,Unspliced,CNOT6,circCNOT6,circLib,stack,14,0.08557849531784363
0,0,16,Unspliced,CNOT6,circCNOT6,circLib,target_kmer,14,0.4417897233722642
0,0,16,Unspliced,CNOT6,circCNOT6,circLib,composition,14,0.3878158829744993
0,0,16,Unspliced,CNOT6,circCNOT6,circLib,sibling_uncalibrated,14,0.0
0,0,16,Unspliced,CNOT6,circCNOT6,circLib,sibling_calibrated,14,1.0
0,0,16,Unspliced,MASTL,circMASTL,circLib,stack,13,0.20974499898347349
0,0,16,Unspliced,MASTL,circMASTL,circLib,target_kmer,13,0.222335374017712
0,0,16,Unspliced,MASTL,circMASTL,circLib,composition,13,0.4207811908450796
0,0,16,Unspliced,MASTL,circMASTL,circLib,sibling_uncalibrated,13,0.25797976612413387
0,0,16,Unspliced,MASTL,circMASTL,circLib,sibling_calibrated,13,0.7420202338758661
0,0,16,Unspliced,MYH11,circMYH11,circLib,stack,22,0.11855541790112178
0,0,16,Unspliced,MYH11,circMYH11,circLib,target_kmer,22,0.7476719027102383
0,0,16,Unspliced,MYH11,circMYH11,circLib,composition,22,0.25232809728976174
0,0,16,Unspliced,MYH11,circMYH11,circLib,sibling_uncalibrated,22,0.24736119343516022
0,0,16,Unspliced,MYH11,circMYH11,circLib,sibling_calibrated,22,0.7526388065648397
0,0,16,Unspliced,NMRAL1,circNMRAL1,circLib,stack,25,0.2833933010412611
0,0,16,Unspliced,NMRAL1,circNMRAL1,circLib,target_kmer,25,0.34430573546115834
0,0,16,Unspliced,NMRAL1,circNMRAL1,circLib,composition,25,0.2833933010412611
0,0,16,Unspliced,NMRAL1,circNMRAL1,circLib,sibling_uncalibrated,25,0.5519866670036411
0,0,16,Unspliced,NMRAL1,circNMRAL1,circLib,sibling_calibrated,25,0.4480133329963588
0,0,16,Unspliced,PAIP2,circPAIP2,circLib,stack,18,0.4561811378986292
0,0,16,Unspliced,PAIP2,circPAIP2,circLib,target_kmer,18,0.4710155068467552
0,0,16,Unspliced,PAIP2,circPAIP2,circLib,composition,18,0.5470698644033636
0,0,16,Unspliced,PAIP2,circPAIP2,circLib,sibling_uncalibrated,18,0.1535057438720842
0,0,16,Unspliced,PAIP2,circPAIP2,circLib,sibling_calibrated,18,0.8464942561279158
0,0,16,Unspliced,PIP5K1C,circPIP5K1C,circLib,stack,13,0.6136491546411528
0,0,16,Unspliced,PIP5K1C,circPIP5K1C,circLib,target_kmer,13,0.14643141535768872
0,0,16,Unspliced,PIP5K1C,circPIP5K1C,circLib,composition,13,0.8708631546398911
0,0,16,Unspliced,PIP5K1C,circPIP5K1C,circLib,sibling_uncalibrated,13,0.28602780001229555
0,0,16,Unspliced,PIP5K1C,circPIP5K1C,circLib,sibling_calibrated,13,0.7139721999877044
0,0,16,Unspliced,RIAN,Rian,nucLib,stack,15,0.7119940387694097
0,0,16,Unspliced,RIAN,Rian,nucLib,target_kmer,15,0.4574170216985789
0,0,16,Unspliced,RIAN,Rian,nucLib,composition,15,0.6098884509890685
0,0,16,Unspliced,RIAN,Rian,nucLib,sibling_uncalibrated,15,0.29079117437369517
0,0,16,Unspliced,RIAN,Rian,nucLib,sibling_calibrated,15,0.7092088256263049
0,0,16,Unspliced,TERF2,circTERF2,circLib,stack,93,0.4361403824995602
0,0,16,Unspliced,TERF2,circTERF2,circLib,target_kmer,93,0.46438622425333875
0,0,16,Unspliced,TERF2,circTERF2,circLib,composition,93,0.44160619369295817
0,0,16,Unspliced,TERF2,circTERF2,circLib,sibling_uncalibrated,93,0.4309683909194834
0,0,16,Unspliced,TERF2,circTERF2,circLib,sibling_calibrated,93,0.5690316090805165
0,0,16,Circular,ANKRD17,circANKRD17,circLib,stack,86,0.7531890541757574
0,0,16,Circular,ANKRD17,circANKRD17,circLib,target_kmer,86,0.564630858961966
0,0,16,Circular,ANKRD17,circANKRD17,circLib,composition,86,0.5021885239408743
0,0,16,Circular,ANKRD17,circANKRD17,circLib,sibling_uncalibrated,86,0.2468109458242426
0,0,16,Circular,ANKRD17,circANKRD17,circLib,sibling_calibrated,86,0.7531890541757574
0,0,16,Circular,ATAD2,circATAD2,circLib,stack,20,0.8432920302350275
0,0,16,Circular,ATAD2,circATAD2,circLib,target_kmer,20,0.021552461792002653
0,0,16,Circular,ATAD2,circATAD2,circLib,composition,20,0.4171618646067745
0,0,16,Circular,ATAD2,circATAD2,circLib,sibling_uncalibrated,20,0.15670796976497248
0,0,16,Circular,ATAD2,circATAD2,circLib,sibling_calibrated,20,0.8432920302350275
0,0,16,Circular,CNOT,circCNOT,circLib,stack,27,0.5221314740374214
0,0,16,Circular,CNOT,circCNOT,circLib,target_kmer,27,0.6027110385690782
0,0,16,Circular,CNOT,circCNOT,circLib,composition,27,0.5021921614726086
0,0,16,Circular,CNOT,circCNOT,circLib,sibling_uncalibrated,27,0.47786852596257845
0,0,16,Circular,CNOT,circCNOT,circLib,sibling_calibrated,27,0.5221314740374214
0,0,16,Circular,CNOT6,circCNOT6,circLib,stack,14,0.2045796316779371
0,0,16,Circular,CNOT6,circCNOT6,circLib,target_kmer,14,0.1281007186163287
0,0,16,Circular,CNOT6,circCNOT6,circLib,composition,14,0.1281007186163287
0,0,16,Circular,CNOT6,circCNOT6,circLib,sibling_uncalibrated,14,0.7954203683220629
0,0,16,Circular,CNOT6,circCNOT6,circLib,sibling_calibrated,14,0.2045796316779371
0,0,16,Circular,MASTL,circMASTL,circLib,stack,12,0.8883726405616061
0,0,16,Circular,MASTL,circMASTL,circLib,target_kmer,12,0.5860206725261731
0,0,16,Circular,MASTL,circMASTL,circLib,composition,12,0.3234200251588544
0,0,16,Circular,MASTL,circMASTL,circLib,sibling_uncalibrated,12,0.11162735943839389
0,0,16,Circular,MASTL,circMASTL,circLib,sibling_calibrated,12,0.8883726405616061
0,0,16,Circular,MYH11,circMYH11,circLib,stack,20,0.2780061597393683
0,0,16,Circular,MYH11,circMYH11,circLib,target_kmer,20,0.5946919509010735
0,0,16,Circular,MYH11,circMYH11,circLib,composition,20,0.580663581870749
0,0,16,Circular,MYH11,circMYH11,circLib,sibling_uncalibrated,20,0.9795092889720374
0,0,16,Circular,MYH11,circMYH11,circLib,sibling_calibrated,20,0.020490711027962568
0,0,16,Circular,NMRAL1,circNMRAL1,circLib,stack,24,0.6766856195315774
0,0,16,Circular,NMRAL1,circNMRAL1,circLib,target_kmer,24,0.3437336402940251
0,0,16,Circular,NMRAL1,circNMRAL1,circLib,composition,24,0.571985815829076
0,0,16,Circular,NMRAL1,circNMRAL1,circLib,sibling_uncalibrated,24,0.32331438046842265
0,0,16,Circular,NMRAL1,circNMRAL1,circLib,sibling_calibrated,24,0.6766856195315774
0,0,16,Circular,PAIP2,circPAIP2,circLib,stack,18,0.20858955961351258
0,0,16,Circular,PAIP2,circPAIP2,circLib,target_kmer,18,0.16391432568796277
0,0,16,Circular,PAIP2,circPAIP2,circLib,composition,18,0.33223169662719726
0,0,16,Circular,PAIP2,circPAIP2,circLib,sibling_uncalibrated,18,0.7914104403864874
0,0,16,Circular,PAIP2,circPAIP2,circLib,sibling_calibrated,18,0.20858955961351258
0,0,16,Circular,PIP5K1C,circPIP5K1C,circLib,stack,12,0.4602070314437807
0,0,16,Circular,PIP5K1C,circPIP5K1C,circLib,target_kmer,12,0.2900780339971456
0,0,16,Circular,PIP5K1C,circPIP5K1C,circLib,composition,12,0.4359748938173322
0,0,16,Circular,PIP5K1C,circPIP5K1C,circLib,sibling_uncalibrated,12,0.5397929685562192
0,0,16,Circular,PIP5K1C,circPIP5K1C,circLib,sibling_calibrated,12,0.4602070314437807
0,0,16,Circular,RIAN,Rian,nucLib,stack,15,0.7319957103565085
0,0,16,Circular,RIAN,Rian,nucLib,target_kmer,15,0.09835332745223435
0,0,16,Circular,RIAN,Rian,nucLib,composition,15,0.09835332745223435
0,0,16,Circular,RIAN,Rian,nucLib,sibling_uncalibrated,15,0.26800428964349154
0,0,16,Circular,RIAN,Rian,nucLib,sibling_calibrated,15,0.7319957103565085
0,0,16,Circular,TERF2,circTERF2,circLib,stack,86,0.5497124310160677
0,0,16,Circular,TERF2,circTERF2,circLib,target_kmer,86,0.3939403889617716
0,0,16,Circular,TERF2,circTERF2,circLib,composition,86,0.6589387640798527
0,0,16,Circular,TERF2,circTERF2,circLib,sibling_uncalibrated,86,0.3301396390758444
0,0,16,Circular,TERF2,circTERF2,circLib,sibling_calibrated,86,0.6698603609241556
0,0,16,SCRCircular,ANKRD17,circANKRD17,circLib,stack,91,0.24720591443071357
0,0,16,SCRCircular,ANKRD17,circANKRD17,circLib,target_kmer,91,0.42160733856467986
0,0,16,SCRCircular,ANKRD17,circANKRD17,circLib,composition,91,0.573030763703955
0,0,16,SCRCircular,ANKRD17,circANKRD17,circLib,sibling_uncalibrated,91,0.24720591443071357
0,0,16,SCRCircular,ANKRD17,circANKRD17,circLib,sibling_calibrated,91,0.24720591443071357
0,0,16,SCRCircular,ATAD2,circATAD2,circLib,stack,22,0.2130736895945542
0,0,16,SCRCircular,ATAD2,circATAD2,circLib,target_kmer,22,0.463214265603201
0,0,16,SCRCircular,ATAD2,circATAD2,circLib,composition,22,0.3125483534124781
0,0,16,SCRCircular,ATAD2,circATAD2,circLib,sibling_uncalibrated,22,0.2130736895945542
0,0,16,SCRCircular,ATAD2,circATAD2,circLib,sibling_calibrated,22,0.2130736895945542
0,0,16,SCRCircular,CNOT,circCNOT,circLib,stack,28,0.32977346863680546
0,0,16,SCRCircular,CNOT,circCNOT,circLib,target_kmer,28,0.6111943890442002
0,0,16,SCRCircular,CNOT,circCNOT,circLib,composition,28,0.7042541784770563
0,0,16,SCRCircular,CNOT,circCNOT,circLib,sibling_uncalibrated,28,0.32977346863680546
0,0,16,SCRCircular,CNOT,circCNOT,circLib,sibling_calibrated,28,0.32977346863680546
0,0,16,SCRCircular,CNOT6,circCNOT6,circLib,stack,14,0.1469585567537708
0,0,16,SCRCircular,CNOT6,circCNOT6,circLib,target_kmer,14,0.8303520781463954
0,0,16,SCRCircular,CNOT6,circCNOT6,circLib,composition,14,0.5554373698949693
0,0,16,SCRCircular,CNOT6,circCNOT6,circLib,sibling_uncalibrated,14,0.1469585567537708
0,0,16,SCRCircular,CNOT6,circCNOT6,circLib,sibling_calibrated,14,0.1469585567537708
0,0,16,SCRCircular,GSE1,circGSE1,circLib,stack,10,0.9319587139804826
0,0,16,SCRCircular,GSE1,circGSE1,circLib,target_kmer,10,0.5356749295261964
0,0,16,SCRCircular,GSE1,circGSE1,circLib,composition,10,0.4978085773872343
0,0,16,SCRCircular,GSE1,circGSE1,circLib,sibling_uncalibrated,10,0.3972744499175103
0,0,16,SCRCircular,GSE1,circGSE1,circLib,sibling_calibrated,10,0.3972744499175103
0,0,16,SCRCircular,MASTL,circMASTL,circLib,stack,13,0.24496450163143813
0,0,16,SCRCircular,MASTL,circMASTL,circLib,target_kmer,13,0.4398342524125327
0,0,16,SCRCircular,MASTL,circMASTL,circLib,composition,13,0.6783620763570157
0,0,16,SCRCircular,MASTL,circMASTL,circLib,sibling_uncalibrated,13,0.24496450163143813
0,0,16,SCRCircular,MASTL,circMASTL,circLib,sibling_calibrated,13,0.24496450163143813
0,0,16,SCRCircular,MYH11,circMYH11,circLib,stack,22,0.3846855362017448
0,0,16,SCRCircular,MYH11,circMYH11,circLib,target_kmer,22,0.4350235463559904
0,0,16,SCRCircular,MYH11,circMYH11,circLib,composition,22,0.5842862073440337
0,0,16,SCRCircular,MYH11,circMYH11,circLib,sibling_uncalibrated,22,0.3846855362017448
0,0,16,SCRCircular,MYH11,circMYH11,circLib,sibling_calibrated,22,0.3846855362017448
0,0,16,SCRCircular,NMRAL1,circNMRAL1,circLib,stack,24,0.12926770212506627
0,0,16,SCRCircular,NMRAL1,circNMRAL1,circLib,target_kmer,24,0.5651311857244068
0,0,16,SCRCircular,NMRAL1,circNMRAL1,circLib,composition,24,0.6478830691380165
0,0,16,SCRCircular,NMRAL1,circNMRAL1,circLib,sibling_uncalibrated,24,0.34690357755977874
0,0,16,SCRCircular,NMRAL1,circNMRAL1,circLib,sibling_calibrated,24,0.34690357755977874
0,0,16,SCRCircular,PAIP2,circPAIP2,circLib,stack,17,0.0
0,0,16,SCRCircular,PAIP2,circPAIP2,circLib,target_kmer,17,0.07256684573411841
0,0,16,SCRCircular,PAIP2,circPAIP2,circLib,composition,17,0.1703031991045526
0,0,16,SCRCircular,PAIP2,circPAIP2,circLib,sibling_uncalibrated,17,0.6199793929321649
0,0,16,SCRCircular,PAIP2,circPAIP2,circLib,sibling_calibrated,17,0.6199793929321649
0,0,16,SCRCircular,PIP5K1C,circPIP5K1C,circLib,stack,13,0.6769602830990572
0,0,16,SCRCircular,PIP5K1C,circPIP5K1C,circLib,target_kmer,13,0.7916206498629508
0,0,16,SCRCircular,PIP5K1C,circPIP5K1C,circLib,composition,13,0.7035768500041961
0,0,16,SCRCircular,PIP5K1C,circPIP5K1C,circLib,sibling_uncalibrated,13,0.6769602830990572
0,0,16,SCRCircular,PIP5K1C,circPIP5K1C,circLib,sibling_calibrated,13,0.6769602830990572
0,0,16,SCRCircular,RIAN,Rian,nucLib,stack,16,0.12538125903651348
0,0,16,SCRCircular,RIAN,Rian,nucLib,target_kmer,16,0.5073322109865958
0,0,16,SCRCircular,RIAN,Rian,nucLib,composition,16,0.9407870422899713
0,0,16,SCRCircular,RIAN,Rian,nucLib,sibling_uncalibrated,16,0.12538125903651348
0,0,16,SCRCircular,RIAN,Rian,nucLib,sibling_calibrated,16,0.12538125903651348
0,0,16,SCRCircular,TERF2,circTERF2,circLib,stack,89,0.19634463413396114
0,0,16,SCRCircular,TERF2,circTERF2,circLib,target_kmer,89,0.10998574459370523
0,0,16,SCRCircular,TERF2,circTERF2,circLib,composition,89,0.4235666844910458
0,0,16,SCRCircular,TERF2,circTERF2,circLib,sibling_uncalibrated,89,0.19634463413396114
0,0,16,SCRCircular,TERF2,circTERF2,circLib,sibling_calibrated,89,0.19634463413396114
0,0,64,Spliced,ANKRD17,circANKRD17,circLib,stack,91,0.374011378562096
0,0,64,Spliced,ANKRD17,circANKRD17,circLib,target_kmer,91,0.5219763949527874
0,0,64,Spliced,ANKRD17,circANKRD17,circLib,composition,91,0.4971905763027683
0,0,64,Spliced,ANKRD17,circANKRD17,circLib,sibling_uncalibrated,91,0.39362616619266666
0,0,64,Spliced,ANKRD17,circANKRD17,circLib,sibling_calibrated,91,0.39362616619266666
0,0,64,Spliced,ATAD2,circATAD2,circLib,stack,22,0.048079496820173734
0,0,64,Spliced,ATAD2,circATAD2,circLib,target_kmer,22,0.017119913547528884
0,0,64,Spliced,ATAD2,circATAD2,circLib,composition,22,0.2766898838118706
0,0,64,Spliced,ATAD2,circATAD2,circLib,sibling_uncalibrated,22,0.45981502164615246
0,0,64,Spliced,ATAD2,circATAD2,circLib,sibling_calibrated,22,0.45981502164615246
0,0,64,Spliced,CNOT,circCNOT,circLib,stack,28,0.54720855874405
0,0,64,Spliced,CNOT,circCNOT,circLib,target_kmer,28,0.5089947631438423
0,0,64,Spliced,CNOT,circCNOT,circLib,composition,28,0.027559264433687624
0,0,64,Spliced,CNOT,circCNOT,circLib,sibling_uncalibrated,28,0.18121516725095754
0,0,64,Spliced,CNOT,circCNOT,circLib,sibling_calibrated,28,0.18121516725095754
0,0,64,Spliced,CNOT6,circCNOT6,circLib,stack,14,0.10892951307004561
0,0,64,Spliced,CNOT6,circCNOT6,circLib,target_kmer,14,0.4165385510011734
0,0,64,Spliced,CNOT6,circCNOT6,circLib,composition,14,0.5333760794907769
0,0,64,Spliced,CNOT6,circCNOT6,circLib,sibling_uncalibrated,14,0.7212629337953598
0,0,64,Spliced,CNOT6,circCNOT6,circLib,sibling_calibrated,14,0.7212629337953598
0,0,64,Spliced,GSE1,circGSE1,circLib,stack,10,0.13050317119239488
0,0,64,Spliced,GSE1,circGSE1,circLib,target_kmer,10,0.3379314684826618
0,0,64,Spliced,GSE1,circGSE1,circLib,composition,10,0.13050317119239488
0,0,64,Spliced,GSE1,circGSE1,circLib,sibling_uncalibrated,10,0.5958455842069171
0,0,64,Spliced,GSE1,circGSE1,circLib,sibling_calibrated,10,0.5958455842069171
0,0,64,Spliced,MASTL,circMASTL,circLib,stack,13,0.18052817953563716
0,0,64,Spliced,MASTL,circMASTL,circLib,target_kmer,13,0.5997737223914886
0,0,64,Spliced,MASTL,circMASTL,circLib,composition,13,0.41728172838350275
0,0,64,Spliced,MASTL,circMASTL,circLib,sibling_uncalibrated,13,0.3637184476722981
0,0,64,Spliced,MASTL,circMASTL,circLib,sibling_calibrated,13,0.3637184476722981
0,0,64,Spliced,MYH11,circMYH11,circLib,stack,22,0.26974097681171416
0,0,64,Spliced,MYH11,circMYH11,circLib,target_kmer,22,0.5205201496173397
0,0,64,Spliced,MYH11,circMYH11,circLib,composition,22,0.4635299602061368
0,0,64,Spliced,MYH11,circMYH11,circLib,sibling_uncalibrated,22,0.40484101150753765
0,0,64,Spliced,MYH11,circMYH11,circLib,sibling_calibrated,22,0.40484101150753765
0,0,64,Spliced,NMRAL1,circNMRAL1,circLib,stack,25,0.6534511686244016
0,0,64,Spliced,NMRAL1,circNMRAL1,circLib,target_kmer,25,0.34400041627253863
0,0,64,Spliced,NMRAL1,circNMRAL1,circLib,composition,25,0.7606854922276827
0,0,64,Spliced,NMRAL1,circNMRAL1,circLib,sibling_uncalibrated,25,0.7606854922276827
0,0,64,Spliced,NMRAL1,circNMRAL1,circLib,sibling_calibrated,25,0.7606854922276827
0,0,64,Spliced,PAIP2,circPAIP2,circLib,stack,18,0.6430267579672186
0,0,64,Spliced,PAIP2,circPAIP2,circLib,target_kmer,18,1.0
0,0,64,Spliced,PAIP2,circPAIP2,circLib,composition,18,0.12619673794365474
0,0,64,Spliced,PAIP2,circPAIP2,circLib,sibling_uncalibrated,18,0.6430267579672186
0,0,64,Spliced,PAIP2,circPAIP2,circLib,sibling_calibrated,18,0.6430267579672186
0,0,64,Spliced,PIP5K1C,circPIP5K1C,circLib,stack,13,0.4638055799497133
0,0,64,Spliced,PIP5K1C,circPIP5K1C,circLib,target_kmer,13,0.3148344663850964
0,0,64,Spliced,PIP5K1C,circPIP5K1C,circLib,composition,13,0.3148344663850964
0,0,64,Spliced,PIP5K1C,circPIP5K1C,circLib,sibling_uncalibrated,13,0.1846844911035801
0,0,64,Spliced,PIP5K1C,circPIP5K1C,circLib,sibling_calibrated,13,0.1846844911035801
0,0,64,Spliced,RIAN,Rian,nucLib,stack,16,0.6323197596525898
0,0,64,Spliced,RIAN,Rian,nucLib,target_kmer,16,0.5393010346903094
0,0,64,Spliced,RIAN,Rian,nucLib,composition,16,0.5155153204570893
0,0,64,Spliced,RIAN,Rian,nucLib,sibling_uncalibrated,16,0.864717567540753
0,0,64,Spliced,RIAN,Rian,nucLib,sibling_calibrated,16,0.864717567540753
0,0,64,Spliced,TERF2,circTERF2,circLib,stack,94,0.4511939792804798
0,0,64,Spliced,TERF2,circTERF2,circLib,target_kmer,94,0.5073744784982925
0,0,64,Spliced,TERF2,circTERF2,circLib,composition,94,0.537653358948772
0,0,64,Spliced,TERF2,circTERF2,circLib,sibling_uncalibrated,94,0.4686059664260436
0,0,64,Spliced,TERF2,circTERF2,circLib,sibling_calibrated,94,0.4686059664260436
0,0,64,Unspliced,ANKRD17,circANKRD17,circLib,stack,91,0.4107641153442865
0,0,64,Unspliced,ANKRD17,circANKRD17,circLib,target_kmer,91,0.2619737023817368
0,0,64,Unspliced,ANKRD17,circANKRD17,circLib,composition,91,0.6046335992303133
0,0,64,Unspliced,ANKRD17,circANKRD17,circLib,sibling_uncalibrated,91,0.5681902431068822
0,0,64,Unspliced,ANKRD17,circANKRD17,circLib,sibling_calibrated,91,0.5681902431068822
0,0,64,Unspliced,ATAD2,circATAD2,circLib,stack,22,0.4058615532533616
0,0,64,Unspliced,ATAD2,circATAD2,circLib,target_kmer,22,0.46724578832457286
0,0,64,Unspliced,ATAD2,circATAD2,circLib,composition,22,0.20766437222424494
0,0,64,Unspliced,ATAD2,circATAD2,circLib,sibling_uncalibrated,22,0.20959181682618894
0,0,64,Unspliced,ATAD2,circATAD2,circLib,sibling_calibrated,22,0.20959181682618894
0,0,64,Unspliced,CNOT,circCNOT,circLib,stack,28,0.7273590934043035
0,0,64,Unspliced,CNOT,circCNOT,circLib,target_kmer,28,0.36477891108628036
0,0,64,Unspliced,CNOT,circCNOT,circLib,composition,28,0.26170611730710835
0,0,64,Unspliced,CNOT,circCNOT,circLib,sibling_uncalibrated,28,0.16270895401227142
0,0,64,Unspliced,CNOT,circCNOT,circLib,sibling_calibrated,28,0.16270895401227142
0,0,64,Unspliced,CNOT6,circCNOT6,circLib,stack,14,0.08557849531784363
0,0,64,Unspliced,CNOT6,circCNOT6,circLib,target_kmer,14,0.3878158829744993
0,0,64,Unspliced,CNOT6,circCNOT6,circLib,composition,14,0.35611612424772626
0,0,64,Unspliced,CNOT6,circCNOT6,circLib,sibling_uncalibrated,14,0.0
0,0,64,Unspliced,CNOT6,circCNOT6,circLib,sibling_calibrated,14,0.0
0,0,64,Unspliced,MASTL,circMASTL,circLib,stack,13,0.20974499898347349
0,0,64,Unspliced,MASTL,circMASTL,circLib,target_kmer,13,0.222335374017712
0,0,64,Unspliced,MASTL,circMASTL,circLib,composition,13,0.5336221056646151
0,0,64,Unspliced,MASTL,circMASTL,circLib,sibling_uncalibrated,13,0.25797976612413387
0,0,64,Unspliced,MASTL,circMASTL,circLib,sibling_calibrated,13,0.25797976612413387
0,0,64,Unspliced,MYH11,circMYH11,circLib,stack,22,0.18897229758822723
0,0,64,Unspliced,MYH11,circMYH11,circLib,target_kmer,22,0.7881793222472697
0,0,64,Unspliced,MYH11,circMYH11,circLib,composition,22,0.4164364741277752
0,0,64,Unspliced,MYH11,circMYH11,circLib,sibling_uncalibrated,22,0.24736119343516022
0,0,64,Unspliced,MYH11,circMYH11,circLib,sibling_calibrated,22,0.24736119343516022
0,0,64,Unspliced,NMRAL1,circNMRAL1,circLib,stack,25,0.2833933010412611
0,0,64,Unspliced,NMRAL1,circNMRAL1,circLib,target_kmer,25,0.49801306686242136
0,0,64,Unspliced,NMRAL1,circNMRAL1,circLib,composition,25,0.3493186320172685
0,0,64,Unspliced,NMRAL1,circNMRAL1,circLib,sibling_uncalibrated,25,0.5519866670036411
0,0,64,Unspliced,NMRAL1,circNMRAL1,circLib,sibling_calibrated,25,0.5519866670036411
0,0,64,Unspliced,PAIP2,circPAIP2,circLib,stack,18,0.4561811378986292
0,0,64,Unspliced,PAIP2,circPAIP2,circLib,target_kmer,18,0.45293013559663636
0,0,64,Unspliced,PAIP2,circPAIP2,circLib,composition,18,0.3553504031350314
0,0,64,Unspliced,PAIP2,circPAIP2,circLib,sibling_uncalibrated,18,0.1535057438720842
0,0,64,Unspliced,PAIP2,circPAIP2,circLib,sibling_calibrated,18,0.1535057438720842
0,0,64,Unspliced,PIP5K1C,circPIP5K1C,circLib,stack,13,0.4445716447643
0,0,64,Unspliced,PIP5K1C,circPIP5K1C,circLib,target_kmer,13,0.3889129377479297
0,0,64,Unspliced,PIP5K1C,circPIP5K1C,circLib,composition,13,0.6118211081309701
0,0,64,Unspliced,PIP5K1C,circPIP5K1C,circLib,sibling_uncalibrated,13,0.28602780001229555
0,0,64,Unspliced,PIP5K1C,circPIP5K1C,circLib,sibling_calibrated,13,0.28602780001229555
0,0,64,Unspliced,RIAN,Rian,nucLib,stack,15,0.7119940387694097
0,0,64,Unspliced,RIAN,Rian,nucLib,target_kmer,15,0.16067849096349565
0,0,64,Unspliced,RIAN,Rian,nucLib,composition,15,0.5027852131431049
0,0,64,Unspliced,RIAN,Rian,nucLib,sibling_uncalibrated,15,0.29079117437369517
0,0,64,Unspliced,RIAN,Rian,nucLib,sibling_calibrated,15,0.29079117437369517
0,0,64,Unspliced,TERF2,circTERF2,circLib,stack,93,0.3612483331750816
0,0,64,Unspliced,TERF2,circTERF2,circLib,target_kmer,93,0.4361403824995602
0,0,64,Unspliced,TERF2,circTERF2,circLib,composition,93,0.31903309420540343
0,0,64,Unspliced,TERF2,circTERF2,circLib,sibling_uncalibrated,93,0.4309683909194834
0,0,64,Unspliced,TERF2,circTERF2,circLib,sibling_calibrated,93,0.4309683909194834
0,0,64,Circular,ANKRD17,circANKRD17,circLib,stack,86,0.3799995207661417
0,0,64,Circular,ANKRD17,circANKRD17,circLib,target_kmer,86,0.5581699755833286
0,0,64,Circular,ANKRD17,circANKRD17,circLib,composition,86,0.6306561771213275
0,0,64,Circular,ANKRD17,circANKRD17,circLib,sibling_uncalibrated,86,0.2468109458242426
0,0,64,Circular,ANKRD17,circANKRD17,circLib,sibling_calibrated,86,0.2468109458242426
0,0,64,Circular,ATAD2,circATAD2,circLib,stack,20,0.15670796976497248
0,0,64,Circular,ATAD2,circATAD2,circLib,target_kmer,20,0.3977420287940701
0,0,64,Circular,ATAD2,circATAD2,circLib,composition,20,0.6090260469798205
0,0,64,Circular,ATAD2,circATAD2,circLib,sibling_uncalibrated,20,0.15670796976497248
0,0,64,Circular,ATAD2,circATAD2,circLib,sibling_calibrated,20,0.15670796976497248
0,0,64,Circular,CNOT,circCNOT,circLib,stack,27,0.1580674380973423
0,0,64,Circular,CNOT,circCNOT,circLib,target_kmer,27,0.6526301418011842
0,0,64,Circular,CNOT,circCNOT,circLib,composition,27,0.3953780702071956
0,0,64,Circular,CNOT,circCNOT,circLib,sibling_uncalibrated,27,0.47786852596257845
0,0,64,Circular,CNOT,circCNOT,circLib,sibling_calibrated,27,0.47786852596257845
0,0,64,Circular,CNOT6,circCNOT6,circLib,stack,14,0.789847861666396
0,0,64,Circular,CNOT6,circCNOT6,circLib,target_kmer,14,0.789847861666396
0,0,64,Circular,CNOT6,circCNOT6,circLib,composition,14,0.5356469217874882
0,0,64,Circular,CNOT6,circCNOT6,circLib,sibling_uncalibrated,14,0.7954203683220629
0,0,64,Circular,CNOT6,circCNOT6,circLib,sibling_calibrated,14,0.7954203683220629
0,0,64,Circular,MASTL,circMASTL,circLib,stack,12,0.11162735943839389
0,0,64,Circular,MASTL,circMASTL,circLib,target_kmer,12,0.6467018746655364
0,0,64,Circular,MASTL,circMASTL,circLib,composition,12,0.26678302029657314
0,0,64,Circular,MASTL,circMASTL,circLib,sibling_uncalibrated,12,0.11162735943839389
0,0,64,Circular,MASTL,circMASTL,circLib,sibling_calibrated,12,0.11162735943839389
0,0,64,Circular,MYH11,circMYH11,circLib,stack,20,0.36644981092696816
0,0,64,Circular,MYH11,circMYH11,circLib,target_kmer,20,0.4864897904678668
0,0,64,Circular,MYH11,circMYH11,circLib,composition,20,0.43690592478822954
0,0,64,Circular,MYH11,circMYH11,circLib,sibling_uncalibrated,20,0.9795092889720374
0,0,64,Circular,MYH11,circMYH11,circLib,sibling_calibrated,20,0.9795092889720374
0,0,64,Circular,NMRAL1,circNMRAL1,circLib,stack,24,0.380569870172062
0,0,64,Circular,NMRAL1,circNMRAL1,circLib,target_kmer,24,0.37353336635299783
0,0,64,Circular,NMRAL1,circNMRAL1,circLib,composition,24,0.5013065154943984
0,0,64,Circular,NMRAL1,circNMRAL1,circLib,sibling_uncalibrated,24,0.32331438046842265
0,0,64,Circular,NMRAL1,circNMRAL1,circLib,sibling_calibrated,24,0.32331438046842265
0,0,64,Circular,PAIP2,circPAIP2,circLib,stack,18,0.7914104403864874
0,0,64,Circular,PAIP2,circPAIP2,circLib,target_kmer,18,0.7894806336776365
0,0,64,Circular,PAIP2,circPAIP2,circLib,composition,18,0.9013643876771648
0,0,64,Circular,PAIP2,circPAIP2,circLib,sibling_uncalibrated,18,0.7914104403864874
0,0,64,Circular,PAIP2,circPAIP2,circLib,sibling_calibrated,18,0.7914104403864874
0,0,64,Circular,PIP5K1C,circPIP5K1C,circLib,stack,12,0.7204534988359688
0,0,64,Circular,PIP5K1C,circPIP5K1C,circLib,target_kmer,12,0.24487241590075848
0,0,64,Circular,PIP5K1C,circPIP5K1C,circLib,composition,12,0.3595069689239011
0,0,64,Circular,PIP5K1C,circPIP5K1C,circLib,sibling_uncalibrated,12,0.5397929685562192
0,0,64,Circular,PIP5K1C,circPIP5K1C,circLib,sibling_calibrated,12,0.5397929685562192
0,0,64,Circular,RIAN,Rian,nucLib,stack,15,0.26800428964349154
0,0,64,Circular,RIAN,Rian,nucLib,target_kmer,15,0.24371859314153574
0,0,64,Circular,RIAN,Rian,nucLib,composition,15,0.3683224611773268
0,0,64,Circular,RIAN,Rian,nucLib,sibling_uncalibrated,15,0.26800428964349154
0,0,64,Circular,RIAN,Rian,nucLib,sibling_calibrated,15,0.26800428964349154
0,0,64,Circular,TERF2,circTERF2,circLib,stack,86,0.36457418118408463
0,0,64,Circular,TERF2,circTERF2,circLib,target_kmer,86,0.6281456348753252
0,0,64,Circular,TERF2,circTERF2,circLib,composition,86,0.669965051907814
0,0,64,Circular,TERF2,circTERF2,circLib,sibling_uncalibrated,86,0.3301396390758444
0,0,64,Circular,TERF2,circTERF2,circLib,sibling_calibrated,86,0.3301396390758444
0,0,64,SCRCircular,ANKRD17,circANKRD17,circLib,stack,91,0.2733723649620889
0,0,64,SCRCircular,ANKRD17,circANKRD17,circLib,target_kmer,91,0.8557659701104386
0,0,64,SCRCircular,ANKRD17,circANKRD17,circLib,composition,91,0.5523554652196548
0,0,64,SCRCircular,ANKRD17,circANKRD17,circLib,sibling_uncalibrated,91,0.24720591443071357
0,0,64,SCRCircular,ANKRD17,circANKRD17,circLib,sibling_calibrated,91,0.24720591443071357
0,0,64,SCRCircular,ATAD2,circATAD2,circLib,stack,22,0.2110817706577856
0,0,64,SCRCircular,ATAD2,circATAD2,circLib,target_kmer,22,0.3183598854745531
0,0,64,SCRCircular,ATAD2,circATAD2,circLib,composition,22,0.19771707895010865
0,0,64,SCRCircular,ATAD2,circATAD2,circLib,sibling_uncalibrated,22,0.2130736895945542
0,0,64,SCRCircular,ATAD2,circATAD2,circLib,sibling_calibrated,22,0.2130736895945542
0,0,64,SCRCircular,CNOT,circCNOT,circLib,stack,28,0.32977346863680546
0,0,64,SCRCircular,CNOT,circCNOT,circLib,target_kmer,28,0.5218444657690214
0,0,64,SCRCircular,CNOT,circCNOT,circLib,composition,28,0.6204641256259409
0,0,64,SCRCircular,CNOT,circCNOT,circLib,sibling_uncalibrated,28,0.32977346863680546
0,0,64,SCRCircular,CNOT,circCNOT,circLib,sibling_calibrated,28,0.32977346863680546
0,0,64,SCRCircular,CNOT6,circCNOT6,circLib,stack,14,0.7070045703581556
0,0,64,SCRCircular,CNOT6,circCNOT6,circLib,target_kmer,14,0.8530414432462292
0,0,64,SCRCircular,CNOT6,circCNOT6,circLib,composition,14,0.3056605921476711
0,0,64,SCRCircular,CNOT6,circCNOT6,circLib,sibling_uncalibrated,14,0.1469585567537708
0,0,64,SCRCircular,CNOT6,circCNOT6,circLib,sibling_calibrated,14,0.1469585567537708
0,0,64,SCRCircular,GSE1,circGSE1,circLib,stack,10,0.5454900818986493
0,0,64,SCRCircular,GSE1,circGSE1,circLib,target_kmer,10,0.45450991810135055
0,0,64,SCRCircular,GSE1,circGSE1,circLib,composition,10,1.0
0,0,64,SCRCircular,GSE1,circGSE1,circLib,sibling_uncalibrated,10,0.3972744499175103
0,0,64,SCRCircular,GSE1,circGSE1,circLib,sibling_calibrated,10,0.3972744499175103
0,0,64,SCRCircular,MASTL,circMASTL,circLib,stack,13,0.20340519498787155
0,0,64,SCRCircular,MASTL,circMASTL,circLib,target_kmer,13,0.7169988536266778
0,0,64,SCRCircular,MASTL,circMASTL,circLib,composition,13,0.041487177505616826
0,0,64,SCRCircular,MASTL,circMASTL,circLib,sibling_uncalibrated,13,0.24496450163143813
0,0,64,SCRCircular,MASTL,circMASTL,circLib,sibling_calibrated,13,0.24496450163143813
0,0,64,SCRCircular,MYH11,circMYH11,circLib,stack,22,0.6640382957187849
0,0,64,SCRCircular,MYH11,circMYH11,circLib,target_kmer,22,0.4861411318265928
0,0,64,SCRCircular,MYH11,circMYH11,circLib,composition,22,0.43365918781064616
0,0,64,SCRCircular,MYH11,circMYH11,circLib,sibling_uncalibrated,22,0.3846855362017448
0,0,64,SCRCircular,MYH11,circMYH11,circLib,sibling_calibrated,22,0.3846855362017448
0,0,64,SCRCircular,NMRAL1,circNMRAL1,circLib,stack,24,0.2668173857676085
0,0,64,SCRCircular,NMRAL1,circNMRAL1,circLib,target_kmer,24,0.7544193694346293
0,0,64,SCRCircular,NMRAL1,circNMRAL1,circLib,composition,24,0.35812343419436654
0,0,64,SCRCircular,NMRAL1,circNMRAL1,circLib,sibling_uncalibrated,24,0.34690357755977874
0,0,64,SCRCircular,NMRAL1,circNMRAL1,circLib,sibling_calibrated,24,0.34690357755977874
0,0,64,SCRCircular,PAIP2,circPAIP2,circLib,stack,17,0.6199793929321649
0,0,64,SCRCircular,PAIP2,circPAIP2,circLib,target_kmer,17,0.1703031991045526
0,0,64,SCRCircular,PAIP2,circPAIP2,circLib,composition,17,0.7896891750046753
0,0,64,SCRCircular,PAIP2,circPAIP2,circLib,sibling_uncalibrated,17,0.6199793929321649
0,0,64,SCRCircular,PAIP2,circPAIP2,circLib,sibling_calibrated,17,0.6199793929321649
0,0,64,SCRCircular,PIP5K1C,circPIP5K1C,circLib,stack,13,0.6029766753772952
0,0,64,SCRCircular,PIP5K1C,circPIP5K1C,circLib,target_kmer,13,0.2945413256526053
0,0,64,SCRCircular,PIP5K1C,circPIP5K1C,circLib,composition,13,0.702449606189558
0,0,64,SCRCircular,PIP5K1C,circPIP5K1C,circLib,sibling_uncalibrated,13,0.6769602830990572
0,0,64,SCRCircular,PIP5K1C,circPIP5K1C,circLib,sibling_calibrated,13,0.6769602830990572
0,0,64,SCRCircular,RIAN,Rian,nucLib,stack,16,0.11172591240588635
0,0,64,SCRCircular,RIAN,Rian,nucLib,target_kmer,16,0.38175134471384475
0,0,64,SCRCircular,RIAN,Rian,nucLib,composition,16,0.4617108319515183
0,0,64,SCRCircular,RIAN,Rian,nucLib,sibling_uncalibrated,16,0.12538125903651348
0,0,64,SCRCircular,RIAN,Rian,nucLib,sibling_calibrated,16,0.12538125903651348
0,0,64,SCRCircular,TERF2,circTERF2,circLib,stack,89,0.24230890251981596
0,0,64,SCRCircular,TERF2,circTERF2,circLib,target_kmer,89,0.44974574517830757
0,0,64,SCRCircular,TERF2,circTERF2,circLib,composition,89,0.6178021197410286
0,0,64,SCRCircular,TERF2,circTERF2,circLib,sibling_uncalibrated,89,0.19634463413396114
0,0,64,SCRCircular,TERF2,circTERF2,circLib,sibling_calibrated,89,0.19634463413396114
0,0,256,Spliced,ANKRD17,circANKRD17,circLib,stack,91,0.3392613774903415
0,0,256,Spliced,ANKRD17,circANKRD17,circLib,target_kmer,91,0.45845158272347397
0,0,256,Spliced,ANKRD17,circANKRD17,circLib,composition,91,0.33290038283892626
0,0,256,Spliced,ANKRD17,circANKRD17,circLib,sibling_uncalibrated,91,0.39362616619266666
0,0,256,Spliced,ANKRD17,circANKRD17,circLib,sibling_calibrated,91,0.39362616619266666
0,0,256,Spliced,ATAD2,circATAD2,circLib,stack,22,0.048079496820173734
0,0,256,Spliced,ATAD2,circATAD2,circLib,target_kmer,22,0.35783834180038937
0,0,256,Spliced,ATAD2,circATAD2,circLib,composition,22,0.40833511586207827
0,0,256,Spliced,ATAD2,circATAD2,circLib,sibling_uncalibrated,22,0.45981502164615246
0,0,256,Spliced,ATAD2,circATAD2,circLib,sibling_calibrated,22,0.45981502164615246
0,0,256,Spliced,CNOT,circCNOT,circLib,stack,28,0.12161261119303285
0,0,256,Spliced,CNOT,circCNOT,circLib,target_kmer,28,0.39022564990275777
0,0,256,Spliced,CNOT,circCNOT,circLib,composition,28,0.027559264433687624
0,0,256,Spliced,CNOT,circCNOT,circLib,sibling_uncalibrated,28,0.18121516725095754
0,0,256,Spliced,CNOT,circCNOT,circLib,sibling_calibrated,28,0.18121516725095754
0,0,256,Spliced,CNOT6,circCNOT6,circLib,stack,14,0.7212629337953598
0,0,256,Spliced,CNOT6,circCNOT6,circLib,target_kmer,14,0.5046388066846313
0,0,256,Spliced,CNOT6,circCNOT6,circLib,composition,14,0.5333760794907769
0,0,256,Spliced,CNOT6,circCNOT6,circLib,sibling_uncalibrated,14,0.7212629337953598
0,0,256,Spliced,CNOT6,circCNOT6,circLib,sibling_calibrated,14,0.7212629337953598
0,0,256,Spliced,GSE1,circGSE1,circLib,stack,10,0.16195943096589885
0,0,256,Spliced,GSE1,circGSE1,circLib,target_kmer,10,0.13050317119239488
0,0,256,Spliced,GSE1,circGSE1,circLib,composition,10,0.13050317119239488
0,0,256,Spliced,GSE1,circGSE1,circLib,sibling_uncalibrated,10,0.5958455842069171
0,0,256,Spliced,GSE1,circGSE1,circLib,sibling_calibrated,10,0.5958455842069171
0,0,256,Spliced,MASTL,circMASTL,circLib,stack,13,0.18052817953563716
0,0,256,Spliced,MASTL,circMASTL,circLib,target_kmer,13,0.5997737223914886
0,0,256,Spliced,MASTL,circMASTL,circLib,composition,13,0.3355580685650775
0,0,256,Spliced,MASTL,circMASTL,circLib,sibling_uncalibrated,13,0.3637184476722981
0,0,256,Spliced,MASTL,circMASTL,circLib,sibling_calibrated,13,0.3637184476722981
0,0,256,Spliced,MYH11,circMYH11,circLib,stack,22,0.34148292376657324
0,0,256,Spliced,MYH11,circMYH11,circLib,target_kmer,22,0.5150816099734313
0,0,256,Spliced,MYH11,circMYH11,circLib,composition,22,0.4635299602061368
0,0,256,Spliced,MYH11,circMYH11,circLib,sibling_uncalibrated,22,0.40484101150753765
0,0,256,Spliced,MYH11,circMYH11,circLib,sibling_calibrated,22,0.40484101150753765
0,0,256,Spliced,NMRAL1,circNMRAL1,circLib,stack,25,0.7429502196537034
0,0,256,Spliced,NMRAL1,circNMRAL1,circLib,target_kmer,25,0.061228556731036304
0,0,256,Spliced,NMRAL1,circNMRAL1,circLib,composition,25,0.7606854922276827
0,0,256,Spliced,NMRAL1,circNMRAL1,circLib,sibling_uncalibrated,25,0.7606854922276827
0,0,256,Spliced,NMRAL1,circNMRAL1,circLib,sibling_calibrated,25,0.7606854922276827
0,0,256,Spliced,PAIP2,circPAIP2,circLib,stack,18,0.6430267579672186
0,0,256,Spliced,PAIP2,circPAIP2,circLib,target_kmer,18,0.03955030396665371
0,0,256,Spliced,PAIP2,circPAIP2,circLib,composition,18,0.12619673794365474
0,0,256,Spliced,PAIP2,circPAIP2,circLib,sibling_uncalibrated,18,0.6430267579672186
0,0,256,Spliced,PAIP2,circPAIP2,circLib,sibling_calibrated,18,0.6430267579672186
0,0,256,Spliced,PIP5K1C,circPIP5K1C,circLib,stack,13,0.4638055799497133
0,0,256,Spliced,PIP5K1C,circPIP5K1C,circLib,target_kmer,13,0.623549125116845
0,0,256,Spliced,PIP5K1C,circPIP5K1C,circLib,composition,13,0.234972771455542
0,0,256,Spliced,PIP5K1C,circPIP5K1C,circLib,sibling_uncalibrated,13,0.1846844911035801
0,0,256,Spliced,PIP5K1C,circPIP5K1C,circLib,sibling_calibrated,13,0.1846844911035801
0,0,256,Spliced,RIAN,Rian,nucLib,stack,16,0.7317084552990122
0,0,256,Spliced,RIAN,Rian,nucLib,target_kmer,16,0.5020173117159809
0,0,256,Spliced,RIAN,Rian,nucLib,composition,16,0.5155153204570893
0,0,256,Spliced,RIAN,Rian,nucLib,sibling_uncalibrated,16,0.864717567540753
0,0,256,Spliced,RIAN,Rian,nucLib,sibling_calibrated,16,0.864717567540753
0,0,256,Spliced,TERF2,circTERF2,circLib,stack,94,0.4686059664260436
0,0,256,Spliced,TERF2,circTERF2,circLib,target_kmer,94,0.5160477962866736
0,0,256,Spliced,TERF2,circTERF2,circLib,composition,94,0.4083864039704688
0,0,256,Spliced,TERF2,circTERF2,circLib,sibling_uncalibrated,94,0.4686059664260436
0,0,256,Spliced,TERF2,circTERF2,circLib,sibling_calibrated,94,0.4686059664260436
0,0,256,Unspliced,ANKRD17,circANKRD17,circLib,stack,91,0.3572513841088962
0,0,256,Unspliced,ANKRD17,circANKRD17,circLib,target_kmer,91,0.6117602768633928
0,0,256,Unspliced,ANKRD17,circANKRD17,circLib,composition,91,0.44092352272638335
0,0,256,Unspliced,ANKRD17,circANKRD17,circLib,sibling_uncalibrated,91,0.5681902431068822
0,0,256,Unspliced,ANKRD17,circANKRD17,circLib,sibling_calibrated,91,0.5681902431068822
0,0,256,Unspliced,ATAD2,circATAD2,circLib,stack,22,0.1872129393998438
0,0,256,Unspliced,ATAD2,circATAD2,circLib,target_kmer,22,0.4985759929969496
0,0,256,Unspliced,ATAD2,circATAD2,circLib,composition,22,0.40664725335462326
0,0,256,Unspliced,ATAD2,circATAD2,circLib,sibling_uncalibrated,22,0.20959181682618894
0,0,256,Unspliced,ATAD2,circATAD2,circLib,sibling_calibrated,22,0.20959181682618894
0,0,256,Unspliced,CNOT,circCNOT,circLib,stack,28,0.0
0,0,256,Unspliced,CNOT,circCNOT,circLib,target_kmer,28,0.5061669467879375
0,0,256,Unspliced,CNOT,circCNOT,circLib,composition,28,0.11265391934931751
0,0,256,Unspliced,CNOT,circCNOT,circLib,sibling_uncalibrated,28,0.16270895401227142
0,0,256,Unspliced,CNOT,circCNOT,circLib,sibling_calibrated,28,0.16270895401227142
0,0,256,Unspliced,CNOT6,circCNOT6,circLib,stack,14,0.0
0,0,256,Unspliced,CNOT6,circCNOT6,circLib,target_kmer,14,0.7156370505306793
0,0,256,Unspliced,CNOT6,circCNOT6,circLib,composition,14,0.5030494821715956
0,0,256,Unspliced,CNOT6,circCNOT6,circLib,sibling_uncalibrated,14,0.0
0,0,256,Unspliced,CNOT6,circCNOT6,circLib,sibling_calibrated,14,0.0
0,0,256,Unspliced,MASTL,circMASTL,circLib,stack,13,0.20974499898347349
0,0,256,Unspliced,MASTL,circMASTL,circLib,target_kmer,13,0.33859609781381317
0,0,256,Unspliced,MASTL,circMASTL,circLib,composition,13,0.20974499898347349
0,0,256,Unspliced,MASTL,circMASTL,circLib,sibling_uncalibrated,13,0.25797976612413387
0,0,256,Unspliced,MASTL,circMASTL,circLib,sibling_calibrated,13,0.25797976612413387
0,0,256,Unspliced,MYH11,circMYH11,circLib,stack,22,0.32534095108253924
0,0,256,Unspliced,MYH11,circMYH11,circLib,target_kmer,22,0.10022182791087267
0,0,256,Unspliced,MYH11,circMYH11,circLib,composition,22,0.42141741133338906
0,0,256,Unspliced,MYH11,circMYH11,circLib,sibling_uncalibrated,22,0.24736119343516022
0,0,256,Unspliced,MYH11,circMYH11,circLib,sibling_calibrated,22,0.24736119343516022
0,0,256,Unspliced,NMRAL1,circNMRAL1,circLib,stack,25,0.49981466862170154
0,0,256,Unspliced,NMRAL1,circNMRAL1,circLib,target_kmer,25,0.19229472507504525
0,0,256,Unspliced,NMRAL1,circNMRAL1,circLib,composition,25,0.4317484440425522
0,0,256,Unspliced,NMRAL1,circNMRAL1,circLib,sibling_uncalibrated,25,0.5519866670036411
0,0,256,Unspliced,NMRAL1,circNMRAL1,circLib,sibling_calibrated,25,0.5519866670036411
0,0,256,Unspliced,PAIP2,circPAIP2,circLib,stack,18,0.4561811378986292
0,0,256,Unspliced,PAIP2,circPAIP2,circLib,target_kmer,18,0.4244694695535146
0,0,256,Unspliced,PAIP2,circPAIP2,circLib,composition,18,0.3553504031350314
0,0,256,Unspliced,PAIP2,circPAIP2,circLib,sibling_uncalibrated,18,0.1535057438720842
0,0,256,Unspliced,PAIP2,circPAIP2,circLib,sibling_calibrated,18,0.1535057438720842
0,0,256,Unspliced,PIP5K1C,circPIP5K1C,circLib,stack,13,0.2122915180588126
0,0,256,Unspliced,PIP5K1C,circPIP5K1C,circLib,target_kmer,13,0.17315686064273217
0,0,256,Unspliced,PIP5K1C,circPIP5K1C,circLib,composition,13,0.2122915180588126
0,0,256,Unspliced,PIP5K1C,circPIP5K1C,circLib,sibling_uncalibrated,13,0.28602780001229555
0,0,256,Unspliced,PIP5K1C,circPIP5K1C,circLib,sibling_calibrated,13,0.28602780001229555
0,0,256,Unspliced,RIAN,Rian,nucLib,stack,15,0.5027852131431049
0,0,256,Unspliced,RIAN,Rian,nucLib,target_kmer,15,0.16067849096349565
0,0,256,Unspliced,RIAN,Rian,nucLib,composition,15,0.11987689138540204
0,0,256,Unspliced,RIAN,Rian,nucLib,sibling_uncalibrated,15,0.29079117437369517
0,0,256,Unspliced,RIAN,Rian,nucLib,sibling_calibrated,15,0.29079117437369517
0,0,256,Unspliced,TERF2,circTERF2,circLib,stack,93,0.4728628489789848
0,0,256,Unspliced,TERF2,circTERF2,circLib,target_kmer,93,0.4627450426701232
0,0,256,Unspliced,TERF2,circTERF2,circLib,composition,93,0.27490069160993214
0,0,256,Unspliced,TERF2,circTERF2,circLib,sibling_uncalibrated,93,0.4309683909194834
0,0,256,Unspliced,TERF2,circTERF2,circLib,sibling_calibrated,93,0.4309683909194834
0,0,256,Circular,ANKRD17,circANKRD17,circLib,stack,86,0.3799995207661417
0,0,256,Circular,ANKRD17,circANKRD17,circLib,target_kmer,86,0.5060311699400335
0,0,256,Circular,ANKRD17,circANKRD17,circLib,composition,86,0.6306561771213275
0,0,256,Circular,ANKRD17,circANKRD17,circLib,sibling_uncalibrated,86,0.2468109458242426
0,0,256,Circular,ANKRD17,circANKRD17,circLib,sibling_calibrated,86,0.2468109458242426
0,0,256,Circular,ATAD2,circATAD2,circLib,stack,20,0.15670796976497248
0,0,256,Circular,ATAD2,circATAD2,circLib,target_kmer,20,0.3069721573816677
0,0,256,Circular,ATAD2,circATAD2,circLib,composition,20,0.22974498912670197
0,0,256,Circular,ATAD2,circATAD2,circLib,sibling_uncalibrated,20,0.15670796976497248
0,0,256,Circular,ATAD2,circATAD2,circLib,sibling_calibrated,20,0.15670796976497248
0,0,256,Circular,CNOT,circCNOT,circLib,stack,27,0.1580674380973423
0,0,256,Circular,CNOT,circCNOT,circLib,target_kmer,27,0.2069862510694939
0,0,256,Circular,CNOT,circCNOT,circLib,composition,27,0.3888042869376279
0,0,256,Circular,CNOT,circCNOT,circLib,sibling_uncalibrated,27,0.47786852596257845
0,0,256,Circular,CNOT,circCNOT,circLib,sibling_calibrated,27,0.47786852596257845
0,0,256,Circular,CNOT6,circCNOT6,circLib,stack,14,0.789847861666396
0,0,256,Circular,CNOT6,circCNOT6,circLib,target_kmer,14,0.4223279772419931
0,0,256,Circular,CNOT6,circCNOT6,circLib,composition,14,0.5356469217874882
0,0,256,Circular,CNOT6,circCNOT6,circLib,sibling_uncalibrated,14,0.7954203683220629
0,0,256,Circular,CNOT6,circCNOT6,circLib,sibling_calibrated,14,0.7954203683220629
0,0,256,Circular,MASTL,circMASTL,circLib,stack,12,0.11162735943839389
0,0,256,Circular,MASTL,circMASTL,circLib,target_kmer,12,0.6681261886485027
0,0,256,Circular,MASTL,circMASTL,circLib,composition,12,0.11162735943839389
0,0,256,Circular,MASTL,circMASTL,circLib,sibling_uncalibrated,12,0.11162735943839389
0,0,256,Circular,MASTL,circMASTL,circLib,sibling_calibrated,12,0.11162735943839389
0,0,256,Circular,MYH11,circMYH11,circLib,stack,20,0.36644981092696816
0,0,256,Circular,MYH11,circMYH11,circLib,target_kmer,20,0.8492075128036836
0,0,256,Circular,MYH11,circMYH11,circLib,composition,20,0.43690592478822954
0,0,256,Circular,MYH11,circMYH11,circLib,sibling_uncalibrated,20,0.9795092889720374
0,0,256,Circular,MYH11,circMYH11,circLib,sibling_calibrated,20,0.9795092889720374
0,0,256,Circular,NMRAL1,circNMRAL1,circLib,stack,24,0.380569870172062
0,0,256,Circular,NMRAL1,circNMRAL1,circLib,target_kmer,24,0.5757616381891071
0,0,256,Circular,NMRAL1,circNMRAL1,circLib,composition,24,0.5013065154943984
0,0,256,Circular,NMRAL1,circNMRAL1,circLib,sibling_uncalibrated,24,0.32331438046842265
0,0,256,Circular,NMRAL1,circNMRAL1,circLib,sibling_calibrated,24,0.32331438046842265
0,0,256,Circular,PAIP2,circPAIP2,circLib,stack,18,0.7914104403864874
0,0,256,Circular,PAIP2,circPAIP2,circLib,target_kmer,18,0.7914104403864874
0,0,256,Circular,PAIP2,circPAIP2,circLib,composition,18,0.8798514723901742
0,0,256,Circular,PAIP2,circPAIP2,circLib,sibling_uncalibrated,18,0.7914104403864874
0,0,256,Circular,PAIP2,circPAIP2,circLib,sibling_calibrated,18,0.7914104403864874
0,0,256,Circular,PIP5K1C,circPIP5K1C,circLib,stack,12,0.7204534988359688
0,0,256,Circular,PIP5K1C,circPIP5K1C,circLib,target_kmer,12,0.24487241590075848
0,0,256,Circular,PIP5K1C,circPIP5K1C,circLib,composition,12,0.226423537697869
0,0,256,Circular,PIP5K1C,circPIP5K1C,circLib,sibling_uncalibrated,12,0.5397929685562192
0,0,256,Circular,PIP5K1C,circPIP5K1C,circLib,sibling_calibrated,12,0.5397929685562192
0,0,256,Circular,RIAN,Rian,nucLib,stack,15,0.26800428964349154
0,0,256,Circular,RIAN,Rian,nucLib,target_kmer,15,0.313361045251758
0,0,256,Circular,RIAN,Rian,nucLib,composition,15,0.09835332745223435
0,0,256,Circular,RIAN,Rian,nucLib,sibling_uncalibrated,15,0.26800428964349154
0,0,256,Circular,RIAN,Rian,nucLib,sibling_calibrated,15,0.26800428964349154
0,0,256,Circular,TERF2,circTERF2,circLib,stack,86,0.36457418118408463
0,0,256,Circular,TERF2,circTERF2,circLib,target_kmer,86,0.5988949991031147
0,0,256,Circular,TERF2,circTERF2,circLib,composition,86,0.5485242829643188
0,0,256,Circular,TERF2,circTERF2,circLib,sibling_uncalibrated,86,0.3301396390758444
0,0,256,Circular,TERF2,circTERF2,circLib,sibling_calibrated,86,0.3301396390758444
0,0,256,SCRCircular,ANKRD17,circANKRD17,circLib,stack,91,0.3366399817258552
0,0,256,SCRCircular,ANKRD17,circANKRD17,circLib,target_kmer,91,0.7472366783775792
0,0,256,SCRCircular,ANKRD17,circANKRD17,circLib,composition,91,0.555857873514344
0,0,256,SCRCircular,ANKRD17,circANKRD17,circLib,sibling_uncalibrated,91,0.24720591443071357
0,0,256,SCRCircular,ANKRD17,circANKRD17,circLib,sibling_calibrated,91,0.24720591443071357
0,0,256,SCRCircular,ATAD2,circATAD2,circLib,stack,22,0.17429603626098658
0,0,256,SCRCircular,ATAD2,circATAD2,circLib,target_kmer,22,0.22290181155582306
0,0,256,SCRCircular,ATAD2,circATAD2,circLib,composition,22,0.19771707895010865
0,0,256,SCRCircular,ATAD2,circATAD2,circLib,sibling_uncalibrated,22,0.2130736895945542
0,0,256,SCRCircular,ATAD2,circATAD2,circLib,sibling_calibrated,22,0.2130736895945542
0,0,256,SCRCircular,CNOT,circCNOT,circLib,stack,28,0.3815696697565174
0,0,256,SCRCircular,CNOT,circCNOT,circLib,target_kmer,28,0.2638562038718876
0,0,256,SCRCircular,CNOT,circCNOT,circLib,composition,28,0.42817277760535555
0,0,256,SCRCircular,CNOT,circCNOT,circLib,sibling_uncalibrated,28,0.32977346863680546
0,0,256,SCRCircular,CNOT,circCNOT,circLib,sibling_calibrated,28,0.32977346863680546
0,0,256,SCRCircular,CNOT6,circCNOT6,circLib,stack,14,0.5100316593785842
0,0,256,SCRCircular,CNOT6,circCNOT6,circLib,target_kmer,14,0.5554373698949693
0,0,256,SCRCircular,CNOT6,circCNOT6,circLib,composition,14,0.31248315817088024
0,0,256,SCRCircular,CNOT6,circCNOT6,circLib,sibling_uncalibrated,14,0.1469585567537708
0,0,256,SCRCircular,CNOT6,circCNOT6,circLib,sibling_calibrated,14,0.1469585567537708
0,0,256,SCRCircular,GSE1,circGSE1,circLib,stack,10,0.5454900818986493
0,0,256,SCRCircular,GSE1,circGSE1,circLib,target_kmer,10,0.9319587139804826
0,0,256,SCRCircular,GSE1,circGSE1,circLib,composition,10,1.0
0,0,256,SCRCircular,GSE1,circGSE1,circLib,sibling_uncalibrated,10,0.3972744499175103
0,0,256,SCRCircular,GSE1,circGSE1,circLib,sibling_calibrated,10,0.3972744499175103
0,0,256,SCRCircular,MASTL,circMASTL,circLib,stack,13,0.20340519498787155
0,0,256,SCRCircular,MASTL,circMASTL,circLib,target_kmer,13,0.4906441893233431
0,0,256,SCRCircular,MASTL,circMASTL,circLib,composition,13,0.041487177505616826
0,0,256,SCRCircular,MASTL,circMASTL,circLib,sibling_uncalibrated,13,0.24496450163143813
0,0,256,SCRCircular,MASTL,circMASTL,circLib,sibling_calibrated,13,0.24496450163143813
0,0,256,SCRCircular,MYH11,circMYH11,circLib,stack,22,0.6640382957187849
0,0,256,SCRCircular,MYH11,circMYH11,circLib,target_kmer,22,0.7501653306472058
0,0,256,SCRCircular,MYH11,circMYH11,circLib,composition,22,0.3617524292121183
0,0,256,SCRCircular,MYH11,circMYH11,circLib,sibling_uncalibrated,22,0.3846855362017448
0,0,256,SCRCircular,MYH11,circMYH11,circLib,sibling_calibrated,22,0.3846855362017448
0,0,256,SCRCircular,NMRAL1,circNMRAL1,circLib,stack,24,0.17891800582802186
0,0,256,SCRCircular,NMRAL1,circNMRAL1,circLib,target_kmer,24,0.31300637598545206
0,0,256,SCRCircular,NMRAL1,circNMRAL1,circLib,composition,24,0.35812343419436654
0,0,256,SCRCircular,NMRAL1,circNMRAL1,circLib,sibling_uncalibrated,24,0.34690357755977874
0,0,256,SCRCircular,NMRAL1,circNMRAL1,circLib,sibling_calibrated,24,0.34690357755977874
0,0,256,SCRCircular,PAIP2,circPAIP2,circLib,stack,17,0.6199793929321649
0,0,256,SCRCircular,PAIP2,circPAIP2,circLib,target_kmer,17,0.8381150747643469
0,0,256,SCRCircular,PAIP2,circPAIP2,circLib,composition,17,0.7896891750046753
0,0,256,SCRCircular,PAIP2,circPAIP2,circLib,sibling_uncalibrated,17,0.6199793929321649
0,0,256,SCRCircular,PAIP2,circPAIP2,circLib,sibling_calibrated,17,0.6199793929321649
0,0,256,SCRCircular,PIP5K1C,circPIP5K1C,circLib,stack,13,0.6029766753772952
0,0,256,SCRCircular,PIP5K1C,circPIP5K1C,circLib,target_kmer,13,0.5114874457978891
0,0,256,SCRCircular,PIP5K1C,circPIP5K1C,circLib,composition,13,0.702449606189558
0,0,256,SCRCircular,PIP5K1C,circPIP5K1C,circLib,sibling_uncalibrated,13,0.6769602830990572
0,0,256,SCRCircular,PIP5K1C,circPIP5K1C,circLib,sibling_calibrated,13,0.6769602830990572
0,0,256,SCRCircular,RIAN,Rian,nucLib,stack,16,0.11172591240588635
0,0,256,SCRCircular,RIAN,Rian,nucLib,target_kmer,16,0.13897008272075587
0,0,256,SCRCircular,RIAN,Rian,nucLib,composition,16,0.4617108319515183
0,0,256,SCRCircular,RIAN,Rian,nucLib,sibling_uncalibrated,16,0.12538125903651348
0,0,256,SCRCircular,RIAN,Rian,nucLib,sibling_calibrated,16,0.12538125903651348
0,0,256,SCRCircular,TERF2,circTERF2,circLib,stack,89,0.24230890251981596
0,0,256,SCRCircular,TERF2,circTERF2,circLib,target_kmer,89,0.24724509552975216
0,0,256,SCRCircular,TERF2,circTERF2,circLib,composition,89,0.6178021197410286
0,0,256,SCRCircular,TERF2,circTERF2,circLib,sibling_uncalibrated,89,0.19634463413396114
0,0,256,SCRCircular,TERF2,circTERF2,circLib,sibling_calibrated,89,0.19634463413396114
0,1,16,Spliced,ANKRD17,circANKRD17,circLib,stack,91,0.5405269645701174
0,1,16,Spliced,ANKRD17,circANKRD17,circLib,target_kmer,91,0.4947424030117532
0,1,16,Spliced,ANKRD17,circANKRD17,circLib,composition,91,0.573661421127131
0,1,16,Spliced,ANKRD17,circANKRD17,circLib,sibling_uncalibrated,91,0.47892216870163473
0,1,16,Spliced,ANKRD17,circANKRD17,circLib,sibling_calibrated,91,0.47892216870163473
0,1,16,Spliced,ATAD2,circATAD2,circLib,stack,22,0.048079496820173734
0,1,16,Spliced,ATAD2,circATAD2,circLib,target_kmer,22,0.4431297995968051
0,1,16,Spliced,ATAD2,circATAD2,circLib,composition,22,0.7193849919104942
0,1,16,Spliced,ATAD2,circATAD2,circLib,sibling_uncalibrated,22,0.45981502164615246
0,1,16,Spliced,ATAD2,circATAD2,circLib,sibling_calibrated,22,0.45981502164615246
0,1,16,Spliced,CNOT,circCNOT,circLib,stack,28,0.54720855874405
0,1,16,Spliced,CNOT,circCNOT,circLib,target_kmer,28,0.7802418955602166
0,1,16,Spliced,CNOT,circCNOT,circLib,composition,28,0.5241178152976115
0,1,16,Spliced,CNOT,circCNOT,circLib,sibling_uncalibrated,28,0.18121516725095754
0,1,16,Spliced,CNOT,circCNOT,circLib,sibling_calibrated,28,0.18121516725095754
0,1,16,Spliced,CNOT6,circCNOT6,circLib,stack,14,0.7212629337953598
0,1,16,Spliced,CNOT6,circCNOT6,circLib,target_kmer,14,0.5533801217601009
0,1,16,Spliced,CNOT6,circCNOT6,circLib,composition,14,0.4713437863371899
0,1,16,Spliced,CNOT6,circCNOT6,circLib,sibling_uncalibrated,14,0.7212629337953598
0,1,16,Spliced,CNOT6,circCNOT6,circLib,sibling_calibrated,14,0.7212629337953598
0,1,16,Spliced,GSE1,circGSE1,circLib,stack,10,0.4794593257494404
0,1,16,Spliced,GSE1,circGSE1,circLib,target_kmer,10,0.32402796248323706
0,1,16,Spliced,GSE1,circGSE1,circLib,composition,10,0.6154360985811257
0,1,16,Spliced,GSE1,circGSE1,circLib,sibling_uncalibrated,10,0.4794593257494404
0,1,16,Spliced,GSE1,circGSE1,circLib,sibling_calibrated,10,0.4794593257494404
0,1,16,Spliced,MASTL,circMASTL,circLib,stack,13,0.18052817953563716
0,1,16,Spliced,MASTL,circMASTL,circLib,target_kmer,13,0.8194718204643628
0,1,16,Spliced,MASTL,circMASTL,circLib,composition,13,0.41728172838350275
0,1,16,Spliced,MASTL,circMASTL,circLib,sibling_uncalibrated,13,0.3637184476722981
0,1,16,Spliced,MASTL,circMASTL,circLib,sibling_calibrated,13,0.3637184476722981
0,1,16,Spliced,MYH11,circMYH11,circLib,stack,22,0.37900925139560004
0,1,16,Spliced,MYH11,circMYH11,circLib,target_kmer,22,0.5327787258714658
0,1,16,Spliced,MYH11,circMYH11,circLib,composition,22,0.4849183900265688
0,1,16,Spliced,MYH11,circMYH11,circLib,sibling_uncalibrated,22,0.17912102841519892
0,1,16,Spliced,MYH11,circMYH11,circLib,sibling_calibrated,22,0.17912102841519892
0,1,16,Spliced,NMRAL1,circNMRAL1,circLib,stack,25,0.7606854922276827
0,1,16,Spliced,NMRAL1,circNMRAL1,circLib,target_kmer,25,0.6617959705204384
0,1,16,Spliced,NMRAL1,circNMRAL1,circLib,composition,25,0.431889154749278
0,1,16,Spliced,NMRAL1,circNMRAL1,circLib,sibling_uncalibrated,25,0.7606854922276827
0,1,16,Spliced,NMRAL1,circNMRAL1,circLib,sibling_calibrated,25,0.7606854922276827
0,1,16,Spliced,PAIP2,circPAIP2,circLib,stack,18,0.6430267579672186
0,1,16,Spliced,PAIP2,circPAIP2,circLib,target_kmer,18,0.37849556654515704
0,1,16,Spliced,PAIP2,circPAIP2,circLib,composition,18,0.5164585487954341
0,1,16,Spliced,PAIP2,circPAIP2,circLib,sibling_uncalibrated,18,0.6430267579672186
0,1,16,Spliced,PAIP2,circPAIP2,circLib,sibling_calibrated,18,0.6430267579672186
0,1,16,Spliced,PIP5K1C,circPIP5K1C,circLib,stack,13,0.44923550113091426
0,1,16,Spliced,PIP5K1C,circPIP5K1C,circLib,target_kmer,13,0.234972771455542
0,1,16,Spliced,PIP5K1C,circPIP5K1C,circLib,composition,13,0.7354489899726658
0,1,16,Spliced,PIP5K1C,circPIP5K1C,circLib,sibling_uncalibrated,13,0.6089790462980461
0,1,16,Spliced,PIP5K1C,circPIP5K1C,circLib,sibling_calibrated,13,0.6089790462980461
0,1,16,Spliced,RIAN,Rian,nucLib,stack,16,0.3235561995065764
0,1,16,Spliced,RIAN,Rian,nucLib,target_kmer,16,0.5268863677953284
0,1,16,Spliced,RIAN,Rian,nucLib,composition,16,0.4081522557924358
0,1,16,Spliced,RIAN,Rian,nucLib,sibling_uncalibrated,16,0.7317084552990122
0,1,16,Spliced,RIAN,Rian,nucLib,sibling_calibrated,16,0.7317084552990122
0,1,16,Spliced,TERF2,circTERF2,circLib,stack,94,0.4686059664260436
0,1,16,Spliced,TERF2,circTERF2,circLib,target_kmer,94,0.4511939792804798
0,1,16,Spliced,TERF2,circTERF2,circLib,composition,94,0.22042049838191496
0,1,16,Spliced,TERF2,circTERF2,circLib,sibling_uncalibrated,94,0.4686059664260436
0,1,16,Spliced,TERF2,circTERF2,circLib,sibling_calibrated,94,0.4686059664260436
0,1,16,Unspliced,ANKRD17,circANKRD17,circLib,stack,91,0.4558713754131709
0,1,16,Unspliced,ANKRD17,circANKRD17,circLib,target_kmer,91,0.5341091717852223
0,1,16,Unspliced,ANKRD17,circANKRD17,circLib,composition,91,0.7820722009208154
0,1,16,Unspliced,ANKRD17,circANKRD17,circLib,sibling_uncalibrated,91,0.5490309129537049
0,1,16,Unspliced,ANKRD17,circANKRD17,circLib,sibling_calibrated,91,0.5490309129537049
0,1,16,Unspliced,ATAD2,circATAD2,circLib,stack,22,0.1872129393998438
0,1,16,Unspliced,ATAD2,circATAD2,circLib,target_kmer,22,0.5941384467466385
0,1,16,Unspliced,ATAD2,circATAD2,circLib,composition,22,0.5582980134133955
0,1,16,Unspliced,ATAD2,circATAD2,circLib,sibling_uncalibrated,22,0.43603170807948743
0,1,16,Unspliced,ATAD2,circATAD2,circLib,sibling_calibrated,22,0.43603170807948743
0,1,16,Unspliced,CNOT,circCNOT,circLib,stack,28,0.32131743037203697
0,1,16,Unspliced,CNOT,circCNOT,circLib,target_kmer,28,0.4067537921440509
0,1,16,Unspliced,CNOT,circCNOT,circLib,composition,28,0.7357134731030324
0,1,16,Unspliced,CNOT,circCNOT,circLib,sibling_uncalibrated,28,0.16270895401227142
0,1,16,Unspliced,CNOT,circCNOT,circLib,sibling_calibrated,28,0.16270895401227142
0,1,16,Unspliced,CNOT6,circCNOT6,circLib,stack,14,0.35611612424772626
0,1,16,Unspliced,CNOT6,circCNOT6,circLib,target_kmer,14,0.5346802404282889
0,1,16,Unspliced,CNOT6,circCNOT6,circLib,composition,14,0.4969505178284042
0,1,16,Unspliced,CNOT6,circCNOT6,circLib,sibling_uncalibrated,14,0.35611612424772626
0,1,16,Unspliced,CNOT6,circCNOT6,circLib,sibling_calibrated,14,0.35611612424772626
0,1,16,Unspliced,MASTL,circMASTL,circLib,stack,13,0.6842503449370161
0,1,16,Unspliced,MASTL,circMASTL,circLib,target_kmer,13,0.3884742901767396
0,1,16,Unspliced,MASTL,circMASTL,circLib,composition,13,0.41000552793129375
0,1,16,Unspliced,MASTL,circMASTL,circLib,sibling_uncalibrated,13,0.25797976612413387
0,1,16,Unspliced,MASTL,circMASTL,circLib,sibling_calibrated,13,0.25797976612413387
0,1,16,Unspliced,MYH11,circMYH11,circLib,stack,22,0.32534095108253924
0,1,16,Unspliced,MYH11,circMYH11,circLib,target_kmer,22,0.451312529238484
0,1,16,Unspliced,MYH11,circMYH11,circLib,composition,22,0.5729539014001841
0,1,16,Unspliced,MYH11,circMYH11,circLib,sibling_uncalibrated,22,0.32534095108253924
0,1,16,Unspliced,MYH11,circMYH11,circLib,sibling_calibrated,22,0.32534095108253924
0,1,16,Unspliced,NMRAL1,circNMRAL1,circLib,stack,25,0.3912244681698405
0,1,16,Unspliced,NMRAL1,circNMRAL1,circLib,target_kmer,25,0.4480133329963588
0,1,16,Unspliced,NMRAL1,circNMRAL1,circLib,composition,25,0.6494846514584118
0,1,16,Unspliced,NMRAL1,circNMRAL1,circLib,sibling_uncalibrated,25,0.2616302469980791
0,1,16,Unspliced,NMRAL1,circNMRAL1,circLib,sibling_calibrated,25,0.2616302469980791
0,1,16,Unspliced,PAIP2,circPAIP2,circLib,stack,18,0.254336478635682
0,1,16,Unspliced,PAIP2,circPAIP2,circLib,target_kmer,18,0.6156651037117238
0,1,16,Unspliced,PAIP2,circPAIP2,circLib,composition,18,0.7137250903074054
0,1,16,Unspliced,PAIP2,circPAIP2,circLib,sibling_uncalibrated,18,0.1535057438720842
0,1,16,Unspliced,PAIP2,circPAIP2,circLib,sibling_calibrated,18,0.1535057438720842
0,1,16,Unspliced,PIP5K1C,circPIP5K1C,circLib,stack,13,0.10146259941648669
0,1,16,Unspliced,PIP5K1C,circPIP5K1C,circLib,target_kmer,13,0.11182110813097018
0,1,16,Unspliced,PIP5K1C,circPIP5K1C,circLib,composition,13,0.7877084819411874
0,1,16,Unspliced,PIP5K1C,circPIP5K1C,circLib,sibling_uncalibrated,13,0.2285852158784321
0,1,16,Unspliced,PIP5K1C,circPIP5K1C,circLib,sibling_calibrated,13,0.2285852158784321
0,1,16,Unspliced,RIAN,Rian,nucLib,stack,15,0.21173998066262445
0,1,16,Unspliced,RIAN,Rian,nucLib,target_kmer,15,0.4543005489440697
0,1,16,Unspliced,RIAN,Rian,nucLib,composition,15,0.11987689138540204
0,1,16,Unspliced,RIAN,Rian,nucLib,sibling_uncalibrated,15,0.0027852131431048643
0,1,16,Unspliced,RIAN,Rian,nucLib,sibling_calibrated,15,0.0027852131431048643
0,1,16,Unspliced,TERF2,circTERF2,circLib,stack,93,0.4528274423674844
0,1,16,Unspliced,TERF2,circTERF2,circLib,target_kmer,93,0.4171799303539673
0,1,16,Unspliced,TERF2,circTERF2,circLib,composition,93,0.32604983753859673
0,1,16,Unspliced,TERF2,circTERF2,circLib,sibling_uncalibrated,93,0.4429236412188114
0,1,16,Unspliced,TERF2,circTERF2,circLib,sibling_calibrated,93,0.4429236412188114
0,1,16,Circular,ANKRD17,circANKRD17,circLib,stack,86,0.5000347997597712
0,1,16,Circular,ANKRD17,circANKRD17,circLib,target_kmer,86,0.642025098126803
0,1,16,Circular,ANKRD17,circANKRD17,circLib,composition,86,0.6306561771213275
0,1,16,Circular,ANKRD17,circANKRD17,circLib,sibling_uncalibrated,86,0.4283420338156495
0,1,16,Circular,ANKRD17,circANKRD17,circLib,sibling_calibrated,86,0.4283420338156495
0,1,16,Circular,ATAD2,circATAD2,circLib,stack,20,0.0998830617221642
0,1,16,Circular,ATAD2,circATAD2,circLib,target_kmer,20,0.47629568127706745
0,1,16,Circular,ATAD2,circATAD2,circLib,composition,20,0.6090260469798205
0,1,16,Circular,ATAD2,circATAD2,circLib,sibling_uncalibrated,20,0.3877103286837539
0,1,16,Circular,ATAD2,circATAD2,circLib,sibling_calibrated,20,0.3877103286837539
0,1,16,Circular,CNOT,circCNOT,circLib,stack,27,0.3973572783172027
0,1,16,Circular,CNOT,circCNOT,circLib,target_kmer,27,0.5428114042674452
0,1,16,Circular,CNOT,circCNOT,circLib,composition,27,0.3366966480894654
0,1,16,Circular,CNOT,circCNOT,circLib,sibling_uncalibrated,27,0.47786852596257845
0,1,16,Circular,CNOT,circCNOT,circLib,sibling_calibrated,27,0.47786852596257845
0,1,16,Circular,CNOT6,circCNOT6,circLib,stack,14,0.7954203683220629
0,1,16,Circular,CNOT6,circCNOT6,circLib,target_kmer,14,0.8718992813836712
0,1,16,Circular,CNOT6,circCNOT6,circLib,composition,14,0.5356469217874882
0,1,16,Circular,CNOT6,circCNOT6,circLib,sibling_uncalibrated,14,0.4838815276443432
0,1,16,Circular,CNOT6,circCNOT6,circLib,sibling_calibrated,14,0.4838815276443432
0,1,16,Circular,MASTL,circMASTL,circLib,stack,12,0.11162735943839389
0,1,16,Circular,MASTL,circMASTL,circLib,target_kmer,12,0.6765799748411456
0,1,16,Circular,MASTL,circMASTL,circLib,composition,12,0.11162735943839389
0,1,16,Circular,MASTL,circMASTL,circLib,sibling_uncalibrated,12,0.11162735943839389
0,1,16,Circular,MASTL,circMASTL,circLib,sibling_calibrated,12,0.11162735943839389
0,1,16,Circular,MYH11,circMYH11,circLib,stack,20,0.36644981092696816
0,1,16,Circular,MYH11,circMYH11,circLib,target_kmer,20,0.6485039513920359
0,1,16,Circular,MYH11,circMYH11,circLib,composition,20,0.43690592478822954
0,1,16,Circular,MYH11,circMYH11,circLib,sibling_uncalibrated,20,0.9795092889720374
0,1,16,Circular,MYH11,circMYH11,circLib,sibling_calibrated,20,0.9795092889720374
0,1,16,Circular,NMRAL1,circNMRAL1,circLib,stack,24,0.5522423898358286
0,1,16,Circular,NMRAL1,circNMRAL1,circLib,target_kmer,24,0.3225974920115676
0,1,16,Circular,NMRAL1,circNMRAL1,circLib,composition,24,0.5013065154943984
0,1,16,Circular,NMRAL1,circNMRAL1,circLib,sibling_uncalibrated,24,0.4489792190369767
0,1,16,Circular,NMRAL1,circNMRAL1,circLib,sibling_calibrated,24,0.4489792190369767
0,1,16,Circular,PAIP2,circPAIP2,circLib,stack,18,0.7914104403864874
0,1,16,Circular,PAIP2,circPAIP2,circLib,target_kmer,18,0.5451352593882055
0,1,16,Circular,PAIP2,circPAIP2,circLib,composition,18,0.9013643876771648
0,1,16,Circular,PAIP2,circPAIP2,circLib,sibling_uncalibrated,18,0.44358325420394507
0,1,16,Circular,PAIP2,circPAIP2,circLib,sibling_calibrated,18,0.44358325420394507
0,1,16,Circular,PIP5K1C,circPIP5K1C,circLib,stack,12,0.702814224172294
0,1,16,Circular,PIP5K1C,circPIP5K1C,circLib,target_kmer,12,0.38279187022984584
0,1,16,Circular,PIP5K1C,circPIP5K1C,circLib,composition,12,0.3595069689239011
0,1,16,Circular,PIP5K1C,circPIP5K1C,circLib,sibling_uncalibrated,12,0.7497149345590736
0,1,16,Circular,PIP5K1C,circPIP5K1C,circLib,sibling_calibrated,12,0.7497149345590736
0,1,16,Circular,RIAN,Rian,nucLib,stack,15,0.28172282159684137
0,1,16,Circular,RIAN,Rian,nucLib,target_kmer,15,0.2939790614027666
0,1,16,Circular,RIAN,Rian,nucLib,composition,15,0.0
0,1,16,Circular,RIAN,Rian,nucLib,sibling_uncalibrated,15,0.26800428964349154
0,1,16,Circular,RIAN,Rian,nucLib,sibling_calibrated,15,0.26800428964349154
0,1,16,Circular,TERF2,circTERF2,circLib,stack,86,0.4176004922355582
0,1,16,Circular,TERF2,circTERF2,circLib,target_kmer,86,0.6174707029655162
0,1,16,Circular,TERF2,circTERF2,circLib,composition,86,0.6174707029655162
0,1,16,Circular,TERF2,circTERF2,circLib,sibling_uncalibrated,86,0.4502875689839324
0,1,16,Circular,TERF2,circTERF2,circLib,sibling_calibrated,86,0.4502875689839324
0,1,16,SCRCircular,ANKRD17,circANKRD17,circLib,stack,91,0.45459286121229486
0,1,16,SCRCircular,ANKRD17,circANKRD17,circLib,target_kmer,91,0.5183334378997835
0,1,16,SCRCircular,ANKRD17,circANKRD17,circLib,composition,91,0.6076265819930062
0,1,16,SCRCircular,ANKRD17,circANKRD17,circLib,sibling_uncalibrated,91,0.17549352968260953
0,1,16,SCRCircular,ANKRD17,circANKRD17,circLib,sibling_calibrated,91,0.17549352968260953
0,1,16,SCRCircular,ATAD2,circATAD2,circLib,stack,22,0.3813428511584648
0,1,16,SCRCircular,ATAD2,circATAD2,circLib,target_kmer,22,0.5076180313698893
0,1,16,SCRCircular,ATAD2,circATAD2,circLib,composition,22,0.012868621365343374
0,1,16,SCRCircular,ATAD2,circATAD2,circLib,sibling_uncalibrated,22,0.3813428511584648
0,1,16,SCRCircular,ATAD2,circATAD2,circLib,sibling_calibrated,22,0.3813428511584648
0,1,16,SCRCircular,CNOT,circCNOT,circLib,stack,28,0.5718272223946445
0,1,16,SCRCircular,CNOT,circCNOT,circLib,target_kmer,28,0.06357365227470081
0,1,16,SCRCircular,CNOT,circCNOT,circLib,composition,28,0.657378757767709
0,1,16,SCRCircular,CNOT,circCNOT,circLib,sibling_uncalibrated,28,0.32977346863680546
0,1,16,SCRCircular,CNOT,circCNOT,circLib,sibling_calibrated,28,0.32977346863680546
0,1,16,SCRCircular,CNOT6,circCNOT6,circLib,stack,14,0.16377960007985207
0,1,16,SCRCircular,CNOT6,circCNOT6,circLib,target_kmer,14,0.2438136831612367
0,1,16,SCRCircular,CNOT6,circCNOT6,circLib,composition,14,0.5554373698949693
0,1,16,SCRCircular,CNOT6,circCNOT6,circLib,sibling_uncalibrated,14,0.1469585567537708
0,1,16,SCRCircular,CNOT6,circCNOT6,circLib,sibling_calibrated,14,0.1469585567537708
0,1,16,SCRCircular,GSE1,circGSE1,circLib,stack,10,0.2419331566422872
0,1,16,SCRCircular,GSE1,circGSE1,circLib,target_kmer,10,0.9319587139804826
0,1,16,SCRCircular,GSE1,circGSE1,circLib,composition,10,0.4978085773872343
0,1,16,SCRCircular,GSE1,circGSE1,circLib,sibling_uncalibrated,10,0.8507937025556367
0,1,16,SCRCircular,GSE1,circGSE1,circLib,sibling_calibrated,10,0.8507937025556367
0,1,16,SCRCircular,MASTL,circMASTL,circLib,stack,13,0.7449645016314381
0,1,16,SCRCircular,MASTL,circMASTL,circLib,target_kmer,13,0.20340519498787155
0,1,16,SCRCircular,MASTL,circMASTL,circLib,composition,13,0.6783620763570157
0,1,16,SCRCircular,MASTL,circMASTL,circLib,sibling_uncalibrated,13,0.24496450163143813
0,1,16,SCRCircular,MASTL,circMASTL,circLib,sibling_calibrated,13,0.24496450163143813
0,1,16,SCRCircular,MYH11,circMYH11,circLib,stack,22,0.7613848273114635
0,1,16,SCRCircular,MYH11,circMYH11,circLib,target_kmer,22,0.4947324491233732
0,1,16,SCRCircular,MYH11,circMYH11,circLib,composition,22,0.5670908813853683
0,1,16,SCRCircular,MYH11,circMYH11,circLib,sibling_uncalibrated,22,0.4024475944586117
0,1,16,SCRCircular,MYH11,circMYH11,circLib,sibling_calibrated,22,0.4024475944586117
0,1,16,SCRCircular,NMRAL1,circNMRAL1,circLib,stack,24,0.45925843001328726
0,1,16,SCRCircular,NMRAL1,circNMRAL1,circLib,target_kmer,24,0.35812343419436654
0,1,16,SCRCircular,NMRAL1,circNMRAL1,circLib,composition,24,0.5355464079782607
0,1,16,SCRCircular,NMRAL1,circNMRAL1,circLib,sibling_uncalibrated,24,0.34690357755977874
0,1,16,SCRCircular,NMRAL1,circNMRAL1,circLib,sibling_calibrated,24,0.34690357755977874
0,1,16,SCRCircular,PAIP2,circPAIP2,circLib,stack,17,0.1703031991045526
0,1,16,SCRCircular,PAIP2,circPAIP2,circLib,target_kmer,17,0.4032752913600407
0,1,16,SCRCircular,PAIP2,circPAIP2,circLib,composition,17,0.1703031991045526
0,1,16,SCRCircular,PAIP2,circPAIP2,circLib,sibling_uncalibrated,17,0.4952300647878185
0,1,16,SCRCircular,PAIP2,circPAIP2,circLib,sibling_calibrated,17,0.4952300647878185
0,1,16,SCRCircular,PIP5K1C,circPIP5K1C,circLib,stack,13,0.6769602830990572
0,1,16,SCRCircular,PIP5K1C,circPIP5K1C,circLib,target_kmer,13,0.6029766753772952
0,1,16,SCRCircular,PIP5K1C,circPIP5K1C,circLib,composition,13,0.803049780816459
0,1,16,SCRCircular,PIP5K1C,circPIP5K1C,circLib,sibling_uncalibrated,13,0.6769602830990572
0,1,16,SCRCircular,PIP5K1C,circPIP5K1C,circLib,sibling_calibrated,13,0.6769602830990572
0,1,16,SCRCircular,RIAN,Rian,nucLib,stack,16,0.5543512822417906
0,1,16,SCRCircular,RIAN,Rian,nucLib,target_kmer,16,0.3446423734081769
0,1,16,SCRCircular,RIAN,Rian,nucLib,composition,16,0.4617108319515183
0,1,16,SCRCircular,RIAN,Rian,nucLib,sibling_uncalibrated,16,0.12538125903651348
0,1,16,SCRCircular,RIAN,Rian,nucLib,sibling_calibrated,16,0.12538125903651348
0,1,16,SCRCircular,TERF2,circTERF2,circLib,stack,89,0.3398815530345878
0,1,16,SCRCircular,TERF2,circTERF2,circLib,target_kmer,89,0.5426497753355543
0,1,16,SCRCircular,TERF2,circTERF2,circLib,composition,89,0.5387476853231272
0,1,16,SCRCircular,TERF2,circTERF2,circLib,sibling_uncalibrated,89,0.19634463413396114
0,1,16,SCRCircular,TERF2,circTERF2,circLib,sibling_calibrated,89,0.19634463413396114
0,1,64,Spliced,ANKRD17,circANKRD17,circLib,stack,91,0.4754550411602624
0,1,64,Spliced,ANKRD17,circANKRD17,circLib,target_kmer,91,0.49215115120566816
0,1,64,Spliced,ANKRD17,circANKRD17,circLib,composition,91,0.6300814639015253
0,1,64,Spliced,ANKRD17,circANKRD17,circLib,sibling_uncalibrated,91,0.47892216870163473
0,1,64,Spliced,ANKRD17,circANKRD17,circLib,sibling_calibrated,91,0.47892216870163473
0,1,64,Spliced,ATAD2,circATAD2,circLib,stack,22,0.017119913547528884
0,1,64,Spliced,ATAD2,circATAD2,circLib,target_kmer,22,0.7603448061866844
0,1,64,Spliced,ATAD2,circATAD2,circLib,composition,22,0.7193849919104942
0,1,64,Spliced,ATAD2,circATAD2,circLib,sibling_uncalibrated,22,0.45981502164615246
0,1,64,Spliced,ATAD2,circATAD2,circLib,sibling_calibrated,22,0.45981502164615246
0,1,64,Spliced,CNOT,circCNOT,circLib,stack,28,0.18121516725095754
0,1,64,Spliced,CNOT,circCNOT,circLib,target_kmer,28,0.12161261119303285
0,1,64,Spliced,CNOT,circCNOT,circLib,composition,28,0.1999305117059311
0,1,64,Spliced,CNOT,circCNOT,circLib,sibling_uncalibrated,28,0.18121516725095754
0,1,64,Spliced,CNOT,circCNOT,circLib,sibling_calibrated,28,0.18121516725095754
0,1,64,Spliced,CNOT6,circCNOT6,circLib,stack,14,0.7212629337953598
0,1,64,Spliced,CNOT6,circCNOT6,circLib,target_kmer,14,0.7330000668550647
0,1,64,Spliced,CNOT6,circCNOT6,circLib,composition,14,0.5046388066846313
0,1,64,Spliced,CNOT6,circCNOT6,circLib,sibling_uncalibrated,14,0.7212629337953598
0,1,64,Spliced,CNOT6,circCNOT6,circLib,sibling_calibrated,14,0.7212629337953598
0,1,64,Spliced,GSE1,circGSE1,circLib,stack,10,0.2318223570386024
0,1,64,Spliced,GSE1,circGSE1,circLib,target_kmer,10,0.1510438454429545
0,1,64,Spliced,GSE1,circGSE1,circLib,composition,10,0.11543609858112565
0,1,64,Spliced,GSE1,circGSE1,circLib,sibling_uncalibrated,10,0.4794593257494404
0,1,64,Spliced,GSE1,circGSE1,circLib,sibling_calibrated,10,0.4794593257494404
0,1,64,Spliced,MASTL,circMASTL,circLib,stack,13,0.3637184476722981
0,1,64,Spliced,MASTL,circMASTL,circLib,target_kmer,13,0.4523531650815314
0,1,64,Spliced,MASTL,circMASTL,circLib,composition,13,0.41728172838350275
0,1,64,Spliced,MASTL,circMASTL,circLib,sibling_uncalibrated,13,0.3637184476722981
0,1,64,Spliced,MASTL,circMASTL,circLib,sibling_calibrated,13,0.3637184476722981
0,1,64,Spliced,MYH11,circMYH11,circLib,stack,22,0.2701905068978775
0,1,64,Spliced,MYH11,circMYH11,circLib,target_kmer,22,0.1157629406742345
0,1,64,Spliced,MYH11,circMYH11,circLib,composition,22,0.4883703361211358
0,1,64,Spliced,MYH11,circMYH11,circLib,sibling_uncalibrated,22,0.17912102841519892
0,1,64,Spliced,MYH11,circMYH11,circLib,sibling_calibrated,22,0.17912102841519892
0,1,64,Spliced,NMRAL1,circNMRAL1,circLib,stack,25,0.7606854922276827
0,1,64,Spliced,NMRAL1,circNMRAL1,circLib,target_kmer,25,0.061228556731036304
0,1,64,Spliced,NMRAL1,circNMRAL1,circLib,composition,25,0.45662268808923784
0,1,64,Spliced,NMRAL1,circNMRAL1,circLib,sibling_uncalibrated,25,0.7606854922276827
0,1,64,Spliced,NMRAL1,circNMRAL1,circLib,sibling_calibrated,25,0.7606854922276827
0,1,64,Spliced,PAIP2,circPAIP2,circLib,stack,18,0.6430267579672186
0,1,64,Spliced,PAIP2,circPAIP2,circLib,target_kmer,18,0.36101957170041915
0,1,64,Spliced,PAIP2,circPAIP2,circLib,composition,18,0.4476660056774202
0,1,64,Spliced,PAIP2,circPAIP2,circLib,sibling_uncalibrated,18,0.6430267579672186
0,1,64,Spliced,PAIP2,circPAIP2,circLib,sibling_calibrated,18,0.6430267579672186
0,1,64,Spliced,PIP5K1C,circPIP5K1C,circLib,stack,13,0.41965726255912206
0,1,64,Spliced,PIP5K1C,circPIP5K1C,circLib,target_kmer,13,0.6724002597690495
0,1,64,Spliced,PIP5K1C,circPIP5K1C,circLib,composition,13,0.623549125116845
0,1,64,Spliced,PIP5K1C,circPIP5K1C,circLib,sibling_uncalibrated,13,0.6089790462980461
0,1,64,Spliced,PIP5K1C,circPIP5K1C,circLib,sibling_calibrated,13,0.6089790462980461
0,1,64,Spliced,RIAN,Rian,nucLib,stack,16,0.7317084552990122
0,1,64,Spliced,RIAN,Rian,nucLib,target_kmer,16,0.46987027236776446
0,1,64,Spliced,RIAN,Rian,nucLib,composition,16,0.4081522557924358
0,1,64,Spliced,RIAN,Rian,nucLib,sibling_uncalibrated,16,0.7317084552990122
0,1,64,Spliced,RIAN,Rian,nucLib,sibling_calibrated,16,0.7317084552990122
0,1,64,Spliced,TERF2,circTERF2,circLib,stack,94,0.4686059664260436
0,1,64,Spliced,TERF2,circTERF2,circLib,target_kmer,94,0.4728037523211118
0,1,64,Spliced,TERF2,circTERF2,circLib,composition,94,0.22042049838191496
0,1,64,Spliced,TERF2,circTERF2,circLib,sibling_uncalibrated,94,0.4686059664260436
0,1,64,Spliced,TERF2,circTERF2,circLib,sibling_calibrated,94,0.4686059664260436
0,1,64,Unspliced,ANKRD17,circANKRD17,circLib,stack,91,0.5411260382081384
0,1,64,Unspliced,ANKRD17,circANKRD17,circLib,target_kmer,91,0.26520437634338123
0,1,64,Unspliced,ANKRD17,circANKRD17,circLib,composition,91,0.44092352272638335
0,1,64,Unspliced,ANKRD17,circANKRD17,circLib,sibling_uncalibrated,91,0.5490309129537049
0,1,64,Unspliced,ANKRD17,circANKRD17,circLib,sibling_calibrated,91,0.5490309129537049
0,1,64,Unspliced,ATAD2,circATAD2,circLib,stack,22,0.1872129393998438
0,1,64,Unspliced,ATAD2,circATAD2,circLib,target_kmer,22,0.8056927750899886
0,1,64,Unspliced,ATAD2,circATAD2,circLib,composition,22,0.40664725335462326
0,1,64,Unspliced,ATAD2,circATAD2,circLib,sibling_uncalibrated,22,0.43603170807948743
0,1,64,Unspliced,ATAD2,circATAD2,circLib,sibling_calibrated,22,0.43603170807948743
0,1,64,Unspliced,CNOT,circCNOT,circLib,stack,28,0.16270895401227142
0,1,64,Unspliced,CNOT,circCNOT,circLib,target_kmer,28,0.3770444467746563
0,1,64,Unspliced,CNOT,circCNOT,circLib,composition,28,0.11265391934931751
0,1,64,Unspliced,CNOT,circCNOT,circLib,sibling_uncalibrated,28,0.16270895401227142
0,1,64,Unspliced,CNOT,circCNOT,circLib,sibling_calibrated,28,0.16270895401227142
0,1,64,Unspliced,CNOT6,circCNOT6,circLib,stack,14,0.0
0,1,64,Unspliced,CNOT6,circCNOT6,circLib,target_kmer,14,0.8369343013812682
0,1,64,Unspliced,CNOT6,circCNOT6,circLib,composition,14,0.5030494821715956
0,1,64,Unspliced,CNOT6,circCNOT6,circLib,sibling_uncalibrated,14,0.35611612424772626
0,1,64,Unspliced,CNOT6,circCNOT6,circLib,sibling_calibrated,14,0.35611612424772626
0,1,64,Unspliced,MASTL,circMASTL,circLib,stack,13,0.46772476510760735
0,1,64,Unspliced,MASTL,circMASTL,circLib,target_kmer,13,0.28344275439464395
0,1,64,Unspliced,MASTL,circMASTL,circLib,composition,13,0.20974499898347349
0,1,64,Unspliced,MASTL,circMASTL,circLib,sibling_uncalibrated,13,0.25797976612413387
0,1,64,Unspliced,MASTL,circMASTL,circLib,sibling_calibrated,13,0.25797976612413387
0,1,64,Unspliced,MYH11,circMYH11,circLib,stack,22,0.32534095108253924
0,1,64,Unspliced,MYH11,circMYH11,circLib,target_kmer,22,0.6116134943676143
0,1,64,Unspliced,MYH11,circMYH11,circLib,composition,22,0.42141741133338906
0,1,64,Unspliced,MYH11,circMYH11,circLib,sibling_uncalibrated,22,0.32534095108253924
0,1,64,Unspliced,MYH11,circMYH11,circLib,sibling_calibrated,22,0.32534095108253924
0,1,64,Unspliced,NMRAL1,circNMRAL1,circLib,stack,25,0.30088492552690627
0,1,64,Unspliced,NMRAL1,circNMRAL1,circLib,target_kmer,25,0.19229472507504525
0,1,64,Unspliced,NMRAL1,circNMRAL1,circLib,composition,25,0.4317484440425522
0,1,64,Unspliced,NMRAL1,circNMRAL1,circLib,sibling_uncalibrated,25,0.2616302469980791
0,1,64,Unspliced,NMRAL1,circNMRAL1,circLib,sibling_calibrated,25,0.2616302469980791
0,1,64,Unspliced,PAIP2,circPAIP2,circLib,stack,18,0.254336478635682
0,1,64,Unspliced,PAIP2,circPAIP2,circLib,target_kmer,18,0.5348884022363319
0,1,64,Unspliced,PAIP2,circPAIP2,circLib,composition,18,0.181966409915206
0,1,64,Unspliced,PAIP2,circPAIP2,circLib,sibling_uncalibrated,18,0.1535057438720842
0,1,64,Unspliced,PAIP2,circPAIP2,circLib,sibling_calibrated,18,0.1535057438720842
0,1,64,Unspliced,PIP5K1C,circPIP5K1C,circLib,stack,13,0.1548489339249492
0,1,64,Unspliced,PIP5K1C,circPIP5K1C,circLib,target_kmer,13,0.7139721999877044
0,1,64,Unspliced,PIP5K1C,circPIP5K1C,circLib,composition,13,0.2122915180588126
0,1,64,Unspliced,PIP5K1C,circPIP5K1C,circLib,sibling_uncalibrated,13,0.2285852158784321
0,1,64,Unspliced,PIP5K1C,circPIP5K1C,circLib,sibling_calibrated,13,0.2285852158784321
0,1,64,Unspliced,RIAN,Rian,nucLib,stack,15,0.2501666177097005
0,1,64,Unspliced,RIAN,Rian,nucLib,target_kmer,15,0.6023615788734289
0,1,64,Unspliced,RIAN,Rian,nucLib,composition,15,0.25777842928523087
0,1,64,Unspliced,RIAN,Rian,nucLib,sibling_uncalibrated,15,0.0027852131431048643
0,1,64,Unspliced,RIAN,Rian,nucLib,sibling_calibrated,15,0.0027852131431048643
0,1,64,Unspliced,TERF2,circTERF2,circLib,stack,93,0.4956931075428068
0,1,64,Unspliced,TERF2,circTERF2,circLib,target_kmer,93,0.4528274423674844
0,1,64,Unspliced,TERF2,circTERF2,circLib,composition,93,0.27490069160993214
0,1,64,Unspliced,TERF2,circTERF2,circLib,sibling_uncalibrated,93,0.4429236412188114
0,1,64,Unspliced,TERF2,circTERF2,circLib,sibling_calibrated,93,0.4429236412188114
0,1,64,Circular,ANKRD17,circANKRD17,circLib,stack,86,0.7115947806013507
0,1,64,Circular,ANKRD17,circANKRD17,circLib,target_kmer,86,0.5938069874346813
0,1,64,Circular,ANKRD17,circANKRD17,circLib,composition,86,0.5645686436689361
0,1,64,Circular,ANKRD17,circANKRD17,circLib,sibling_uncalibrated,86,0.4283420338156495
0,1,64,Circular,ANKRD17,circANKRD17,circLib,sibling_calibrated,86,0.4283420338156495
0,1,64,Circular,ATAD2,circATAD2,circLib,stack,20,0.5998830617221642
0,1,64,Circular,ATAD2,circATAD2,circLib,target_kmer,20,0.6858866069945457
0,1,64,Circular,ATAD2,circATAD2,circLib,composition,20,0.1460166073819263
0,1,64,Circular,ATAD2,circATAD2,circLib,sibling_uncalibrated,20,0.3877103286837539
0,1,64,Circular,ATAD2,circATAD2,circLib,sibling_calibrated,20,0.3877103286837539
0,1,64,Circular,CNOT,circCNOT,circLib,stack,27,0.3888042869376279
0,1,64,Circular,CNOT,circCNOT,circLib,target_kmer,27,0.65046564991849
0,1,64,Circular,CNOT,circCNOT,circLib,composition,27,0.3953780702071956
0,1,64,Circular,CNOT,circCNOT,circLib,sibling_uncalibrated,27,0.47786852596257845
0,1,64,Circular,CNOT,circCNOT,circLib,sibling_calibrated,27,0.47786852596257845
0,1,64,Circular,CNOT6,circCNOT6,circLib,stack,14,0.789847861666396
0,1,64,Circular,CNOT6,circCNOT6,circLib,target_kmer,14,0.3115388406777196
0,1,64,Circular,CNOT6,circCNOT6,circLib,composition,14,0.5356469217874882
0,1,64,Circular,CNOT6,circCNOT6,circLib,sibling_uncalibrated,14,0.4838815276443432
0,1,64,Circular,CNOT6,circCNOT6,circLib,sibling_calibrated,14,0.4838815276443432
0,1,64,Circular,MASTL,circMASTL,circLib,stack,12,0.24460251516148013
0,1,64,Circular,MASTL,circMASTL,circLib,target_kmer,12,0.7416707658960698
0,1,64,Circular,MASTL,circMASTL,circLib,composition,12,0.41189410674695964
0,1,64,Circular,MASTL,circMASTL,circLib,sibling_uncalibrated,12,0.11162735943839389
0,1,64,Circular,MASTL,circMASTL,circLib,sibling_calibrated,12,0.11162735943839389
0,1,64,Circular,MYH11,circMYH11,circLib,stack,20,0.13728227766418327
0,1,64,Circular,MYH11,circMYH11,circLib,target_kmer,20,0.7477197554512833
0,1,64,Circular,MYH11,circMYH11,circLib,composition,20,0.43690592478822954
0,1,64,Circular,MYH11,circMYH11,circLib,sibling_uncalibrated,20,0.9795092889720374
0,1,64,Circular,MYH11,circMYH11,circLib,sibling_calibrated,20,0.9795092889720374
0,1,64,Circular,NMRAL1,circNMRAL1,circLib,stack,24,0.6020022867660849
0,1,64,Circular,NMRAL1,circNMRAL1,circLib,target_kmer,24,0.38497935289652674
0,1,64,Circular,NMRAL1,circNMRAL1,circLib,composition,24,0.5013065154943984
0,1,64,Circular,NMRAL1,circNMRAL1,circLib,sibling_uncalibrated,24,0.4489792190369767
0,1,64,Circular,NMRAL1,circNMRAL1,circLib,sibling_calibrated,24,0.4489792190369767
0,1,64,Circular,PAIP2,circPAIP2,circLib,stack,18,0.5187967652677423
0,1,64,Circular,PAIP2,circPAIP2,circLib,target_kmer,18,0.7894806336776365
0,1,64,Circular,PAIP2,circPAIP2,circLib,composition,18,0.9013643876771648
0,1,64,Circular,PAIP2,circPAIP2,circLib,sibling_uncalibrated,18,0.44358325420394507
0,1,64,Circular,PAIP2,circPAIP2,circLib,sibling_calibrated,18,0.44358325420394507
0,1,64,Circular,PIP5K1C,circPIP5K1C,circLib,stack,12,0.5895574749406562
0,1,64,Circular,PIP5K1C,circPIP5K1C,circLib,target_kmer,12,0.7354543347608428
0,1,64,Circular,PIP5K1C,circPIP5K1C,circLib,composition,12,0.4602070314437807
0,1,64,Circular,PIP5K1C,circPIP5K1C,circLib,sibling_uncalibrated,12,0.7497149345590736
0,1,64,Circular,PIP5K1C,circPIP5K1C,circLib,sibling_calibrated,12,0.7497149345590736
0,1,64,Circular,RIAN,Rian,nucLib,stack,15,0.3683224611773268
0,1,64,Circular,RIAN,Rian,nucLib,target_kmer,15,0.09835332745223435
0,1,64,Circular,RIAN,Rian,nucLib,composition,15,0.09624187788371304
0,1,64,Circular,RIAN,Rian,nucLib,sibling_uncalibrated,15,0.26800428964349154
0,1,64,Circular,RIAN,Rian,nucLib,sibling_calibrated,15,0.26800428964349154
0,1,64,Circular,TERF2,circTERF2,circLib,stack,86,0.3793430812330828
0,1,64,Circular,TERF2,circTERF2,circLib,target_kmer,86,0.5522832299380541
0,1,64,Circular,TERF2,circTERF2,circLib,composition,86,0.7457211961403666
0,1,64,Circular,TERF2,circTERF2,circLib,sibling_uncalibrated,86,0.4502875689839324
0,1,64,Circular,TERF2,circTERF2,circLib,sibling_calibrated,86,0.4502875689839324
0,1,64,SCRCircular,ANKRD17,circANKRD17,circLib,stack,91,0.17549352968260953
0,1,64,SCRCircular,ANKRD17,circANKRD17,circLib,target_kmer,91,0.5447757330089211
0,1,64,SCRCircular,ANKRD17,circANKRD17,circLib,composition,91,0.555857873514344
0,1,64,SCRCircular,ANKRD17,circANKRD17,circLib,sibling_uncalibrated,91,0.17549352968260953
0,1,64,SCRCircular,ANKRD17,circANKRD17,circLib,sibling_calibrated,91,0.17549352968260953
0,1,64,SCRCircular,ATAD2,circATAD2,circLib,stack,22,0.17429603626098658
0,1,64,SCRCircular,ATAD2,circATAD2,circLib,target_kmer,22,0.19788119910562468
0,1,64,SCRCircular,ATAD2,circATAD2,circLib,composition,22,0.3183598854745531
0,1,64,SCRCircular,ATAD2,circATAD2,circLib,sibling_uncalibrated,22,0.3813428511584648
0,1,64,SCRCircular,ATAD2,circATAD2,circLib,sibling_calibrated,22,0.3813428511584648
0,1,64,SCRCircular,CNOT,circCNOT,circLib,stack,28,0.45001724337437704
0,1,64,SCRCircular,CNOT,circCNOT,circLib,target_kmer,28,0.47571042012375364
0,1,64,SCRCircular,CNOT,circCNOT,circLib,composition,28,0.29574582152294365
0,1,64,SCRCircular,CNOT,circCNOT,circLib,sibling_uncalibrated,28,0.32977346863680546
0,1,64,SCRCircular,CNOT,circCNOT,circLib,sibling_calibrated,28,0.32977346863680546
0,1,64,SCRCircular,CNOT6,circCNOT6,circLib,stack,14,0.1469585567537708
0,1,64,SCRCircular,CNOT6,circCNOT6,circLib,target_kmer,14,0.2438136831612367
0,1,64,SCRCircular,CNOT6,circCNOT6,circLib,composition,14,0.4445626301050308
0,1,64,SCRCircular,CNOT6,circCNOT6,circLib,sibling_uncalibrated,14,0.1469585567537708
0,1,64,SCRCircular,CNOT6,circCNOT6,circLib,sibling_calibrated,14,0.1469585567537708
0,1,64,SCRCircular,GSE1,circGSE1,circLib,stack,10,0.7837430819993434
0,1,64,SCRCircular,GSE1,circGSE1,circLib,target_kmer,10,0.2723172917757664
0,1,64,SCRCircular,GSE1,circGSE1,circLib,composition,10,0.6135313679181669
0,1,64,SCRCircular,GSE1,circGSE1,circLib,sibling_uncalibrated,10,0.8507937025556367
0,1,64,SCRCircular,GSE1,circGSE1,circLib,sibling_calibrated,10,0.8507937025556367
0,1,64,SCRCircular,MASTL,circMASTL,circLib,stack,13,0.20340519498787155
0,1,64,SCRCircular,MASTL,circMASTL,circLib,target_kmer,13,0.3287261718410884
0,1,64,SCRCircular,MASTL,circMASTL,circLib,composition,13,0.20340519498787155
0,1,64,SCRCircular,MASTL,circMASTL,circLib,sibling_uncalibrated,13,0.24496450163143813
0,1,64,SCRCircular,MASTL,circMASTL,circLib,sibling_calibrated,13,0.24496450163143813
0,1,64,SCRCircular,MYH11,circMYH11,circLib,stack,22,0.3022858665066666
0,1,64,SCRCircular,MYH11,circMYH11,circLib,target_kmer,22,0.0917472653034588
0,1,64,SCRCircular,MYH11,circMYH11,circLib,composition,22,0.41571379265596625
0,1,64,SCRCircular,MYH11,circMYH11,circLib,sibling_uncalibrated,22,0.4024475944586117
0,1,64,SCRCircular,MYH11,circMYH11,circLib,sibling_calibrated,22,0.4024475944586117
0,1,64,SCRCircular,NMRAL1,circNMRAL1,circLib,stack,24,0.5219405103749621
0,1,64,SCRCircular,NMRAL1,circNMRAL1,circLib,target_kmer,24,0.46905292098442036
0,1,64,SCRCircular,NMRAL1,circNMRAL1,circLib,composition,24,0.5407415699867127
0,1,64,SCRCircular,NMRAL1,circNMRAL1,circLib,sibling_uncalibrated,24,0.34690357755977874
0,1,64,SCRCircular,NMRAL1,circNMRAL1,circLib,sibling_calibrated,24,0.34690357755977874
0,1,64,SCRCircular,PAIP2,circPAIP2,circLib,stack,17,0.6199793929321649
0,1,64,SCRCircular,PAIP2,circPAIP2,circLib,target_kmer,17,0.7896891750046753
0,1,64,SCRCircular,PAIP2,circPAIP2,circLib,composition,17,1.0
0,1,64,SCRCircular,PAIP2,circPAIP2,circLib,sibling_uncalibrated,17,0.4952300647878185
0,1,64,SCRCircular,PAIP2,circPAIP2,circLib,sibling_calibrated,17,0.4952300647878185
0,1,64,SCRCircular,PIP5K1C,circPIP5K1C,circLib,stack,13,0.40356661640605646
0,1,64,SCRCircular,PIP5K1C,circPIP5K1C,circLib,target_kmer,13,0.4775502241278185
0,1,64,SCRCircular,PIP5K1C,circPIP5K1C,circLib,composition,13,0.48763586191669994
0,1,64,SCRCircular,PIP5K1C,circPIP5K1C,circLib,sibling_uncalibrated,13,0.6769602830990572
0,1,64,SCRCircular,PIP5K1C,circPIP5K1C,circLib,sibling_calibrated,13,0.6769602830990572
0,1,64,SCRCircular,RIAN,Rian,nucLib,stack,16,0.05367120270607284
0,1,64,SCRCircular,RIAN,Rian,nucLib,target_kmer,16,0.3175320649240918
0,1,64,SCRCircular,RIAN,Rian,nucLib,composition,16,0.27847407208169206
0,1,64,SCRCircular,RIAN,Rian,nucLib,sibling_uncalibrated,16,0.12538125903651348
0,1,64,SCRCircular,RIAN,Rian,nucLib,sibling_calibrated,16,0.12538125903651348
0,1,64,SCRCircular,TERF2,circTERF2,circLib,stack,89,0.19634463413396114
0,1,64,SCRCircular,TERF2,circTERF2,circLib,target_kmer,89,0.6057625120188191
0,1,64,SCRCircular,TERF2,circTERF2,circLib,composition,89,0.5877626160441217
0,1,64,SCRCircular,TERF2,circTERF2,circLib,sibling_uncalibrated,89,0.19634463413396114
0,1,64,SCRCircular,TERF2,circTERF2,circLib,sibling_calibrated,89,0.19634463413396114
0,1,256,Spliced,ANKRD17,circANKRD17,circLib,stack,91,0.5219763949527874
0,1,256,Spliced,ANKRD17,circANKRD17,circLib,target_kmer,91,0.45845158272347397
0,1,256,Spliced,ANKRD17,circANKRD17,circLib,composition,91,0.4971905763027683
0,1,256,Spliced,ANKRD17,circANKRD17,circLib,sibling_uncalibrated,91,0.47892216870163473
0,1,256,Spliced,ANKRD17,circANKRD17,circLib,sibling_calibrated,91,0.47892216870163473
0,1,256,Spliced,ATAD2,circATAD2,circLib,stack,22,0.017119913547528884
0,1,256,Spliced,ATAD2,circATAD2,circLib,target_kmer,22,0.4993802045400439
0,1,256,Spliced,ATAD2,circATAD2,circLib,composition,22,0.2766898838118706
0,1,256,Spliced,ATAD2,circATAD2,circLib,sibling_uncalibrated,22,0.45981502164615246
0,1,256,Spliced,ATAD2,circATAD2,circLib,sibling_calibrated,22,0.45981502164615246
0,1,256,Spliced,CNOT,circCNOT,circLib,stack,28,0.12161261119303285
0,1,256,Spliced,CNOT,circCNOT,circLib,target_kmer,28,0.5110790284954588
0,1,256,Spliced,CNOT,circCNOT,circLib,composition,28,0.1999305117059311
0,1,256,Spliced,CNOT,circCNOT,circLib,sibling_uncalibrated,28,0.18121516725095754
0,1,256,Spliced,CNOT,circCNOT,circLib,sibling_calibrated,28,0.18121516725095754
0,1,256,Spliced,CNOT6,circCNOT6,circLib,stack,14,0.7212629337953598
0,1,256,Spliced,CNOT6,circCNOT6,circLib,target_kmer,14,0.5739450081630797
0,1,256,Spliced,CNOT6,circCNOT6,circLib,composition,14,0.5333760794907769
0,1,256,Spliced,CNOT6,circCNOT6,circLib,sibling_uncalibrated,14,0.7212629337953598
0,1,256,Spliced,CNOT6,circCNOT6,circLib,sibling_calibrated,14,0.7212629337953598
0,1,256,Spliced,GSE1,circGSE1,circLib,stack,10,0.2318223570386024
0,1,256,Spliced,GSE1,circGSE1,circLib,target_kmer,10,0.13050317119239488
0,1,256,Spliced,GSE1,circGSE1,circLib,composition,10,0.13050317119239488
0,1,256,Spliced,GSE1,circGSE1,circLib,sibling_uncalibrated,10,0.4794593257494404
0,1,256,Spliced,GSE1,circGSE1,circLib,sibling_calibrated,10,0.4794593257494404
0,1,256,Spliced,MASTL,circMASTL,circLib,stack,13,0.18052817953563716
0,1,256,Spliced,MASTL,circMASTL,circLib,target_kmer,13,0.39794287470058626
0,1,256,Spliced,MASTL,circMASTL,circLib,composition,13,0.41728172838350275
0,1,256,Spliced,MASTL,circMASTL,circLib,sibling_uncalibrated,13,0.3637184476722981
0,1,256,Spliced,MASTL,circMASTL,circLib,sibling_calibrated,13,0.3637184476722981
0,1,256,Spliced,MYH11,circMYH11,circLib,stack,22,0.20683241915691308
0,1,256,Spliced,MYH11,circMYH11,circLib,target_kmer,22,0.5170774874195587
0,1,256,Spliced,MYH11,circMYH11,circLib,composition,22,0.4635299602061368
0,1,256,Spliced,MYH11,circMYH11,circLib,sibling_uncalibrated,22,0.17912102841519892
0,1,256,Spliced,MYH11,circMYH11,circLib,sibling_calibrated,22,0.17912102841519892
0,1,256,Spliced,NMRAL1,circNMRAL1,circLib,stack,25,0.7429502196537034
0,1,256,Spliced,NMRAL1,circNMRAL1,circLib,target_kmer,25,0.5466378743760056
0,1,256,Spliced,NMRAL1,circNMRAL1,circLib,composition,25,0.7606854922276827
0,1,256,Spliced,NMRAL1,circNMRAL1,circLib,sibling_uncalibrated,25,0.7606854922276827
0,1,256,Spliced,NMRAL1,circNMRAL1,circLib,sibling_calibrated,25,0.7606854922276827
0,1,256,Spliced,PAIP2,circPAIP2,circLib,stack,18,0.6430267579672186
0,1,256,Spliced,PAIP2,circPAIP2,circLib,target_kmer,18,0.36101957170041915
0,1,256,Spliced,PAIP2,circPAIP2,circLib,composition,18,0.12619673794365474
0,1,256,Spliced,PAIP2,circPAIP2,circLib,sibling_uncalibrated,18,0.6430267579672186
0,1,256,Spliced,PAIP2,circPAIP2,circLib,sibling_calibrated,18,0.6430267579672186
0,1,256,Spliced,PIP5K1C,circPIP5K1C,circLib,stack,13,0.8881001351441793
0,1,256,Spliced,PIP5K1C,circPIP5K1C,circLib,target_kmer,13,0.6724002597690495
0,1,256,Spliced,PIP5K1C,circPIP5K1C,circLib,composition,13,0.3148344663850964
0,1,256,Spliced,PIP5K1C,circPIP5K1C,circLib,sibling_uncalibrated,13,0.6089790462980461
0,1,256,Spliced,PIP5K1C,circPIP5K1C,circLib,sibling_calibrated,13,0.6089790462980461
0,1,256,Spliced,RIAN,Rian,nucLib,stack,16,0.7317084552990122
0,1,256,Spliced,RIAN,Rian,nucLib,target_kmer,16,0.7317084552990122
0,1,256,Spliced,RIAN,Rian,nucLib,composition,16,0.7192937884040311
0,1,256,Spliced,RIAN,Rian,nucLib,sibling_uncalibrated,16,0.7317084552990122
0,1,256,Spliced,RIAN,Rian,nucLib,sibling_calibrated,16,0.7317084552990122
0,1,256,Spliced,TERF2,circTERF2,circLib,stack,94,0.4686059664260436
0,1,256,Spliced,TERF2,circTERF2,circLib,target_kmer,94,0.5469106676862141
0,1,256,Spliced,TERF2,circTERF2,circLib,composition,94,0.4928746325095412
0,1,256,Spliced,TERF2,circTERF2,circLib,sibling_uncalibrated,94,0.4686059664260436
0,1,256,Spliced,TERF2,circTERF2,circLib,sibling_calibrated,94,0.4686059664260436
0,1,256,Unspliced,ANKRD17,circANKRD17,circLib,stack,91,0.5411260382081384
0,1,256,Unspliced,ANKRD17,circANKRD17,circLib,target_kmer,91,0.5134375586552209
0,1,256,Unspliced,ANKRD17,circANKRD17,circLib,composition,91,0.4881010485635249
0,1,256,Unspliced,ANKRD17,circANKRD17,circLib,sibling_uncalibrated,91,0.5490309129537049
0,1,256,Unspliced,ANKRD17,circANKRD17,circLib,sibling_calibrated,91,0.5490309129537049
0,1,256,Unspliced,ATAD2,circATAD2,circLib,stack,22,0.1872129393998438
0,1,256,Unspliced,ATAD2,circATAD2,circLib,target_kmer,22,0.4985759929969496
0,1,256,Unspliced,ATAD2,circATAD2,circLib,composition,22,0.40664725335462326
0,1,256,Unspliced,ATAD2,circATAD2,circLib,sibling_uncalibrated,22,0.43603170807948743
0,1,256,Unspliced,ATAD2,circATAD2,circLib,sibling_calibrated,22,0.43603170807948743
0,1,256,Unspliced,CNOT,circCNOT,circLib,stack,28,0.16270895401227142
0,1,256,Unspliced,CNOT,circCNOT,circLib,target_kmer,28,0.4067537921440509
0,1,256,Unspliced,CNOT,circCNOT,circLib,composition,28,0.16270895401227142
0,1,256,Unspliced,CNOT,circCNOT,circLib,sibling_uncalibrated,28,0.16270895401227142
0,1,256,Unspliced,CNOT,circCNOT,circLib,sibling_calibrated,28,0.16270895401227142
0,1,256,Unspliced,CNOT6,circCNOT6,circLib,stack,14,0.0
0,1,256,Unspliced,CNOT6,circCNOT6,circLib,target_kmer,14,0.7820337229820649
0,1,256,Unspliced,CNOT6,circCNOT6,circLib,composition,14,0.5030494821715956
0,1,256,Unspliced,CNOT6,circCNOT6,circLib,sibling_uncalibrated,14,0.35611612424772626
0,1,256,Unspliced,CNOT6,circCNOT6,circLib,sibling_calibrated,14,0.35611612424772626
0,1,256,Unspliced,MASTL,circMASTL,circLib,stack,13,0.46772476510760735
0,1,256,Unspliced,MASTL,circMASTL,circLib,target_kmer,13,0.40120337712617327
0,1,256,Unspliced,MASTL,circMASTL,circLib,composition,13,0.20974499898347349
0,1,256,Unspliced,MASTL,circMASTL,circLib,sibling_uncalibrated,13,0.25797976612413387
0,1,256,Unspliced,MASTL,circMASTL,circLib,sibling_calibrated,13,0.25797976612413387
0,1,256,Unspliced,MYH11,circMYH11,circLib,stack,22,0.32534095108253924
0,1,256,Unspliced,MYH11,circMYH11,circLib,target_kmer,22,0.3510405635491368
0,1,256,Unspliced,MYH11,circMYH11,circLib,composition,22,0.42141741133338906
0,1,256,Unspliced,MYH11,circMYH11,circLib,sibling_uncalibrated,22,0.32534095108253924
0,1,256,Unspliced,MYH11,circMYH11,circLib,sibling_calibrated,22,0.32534095108253924
0,1,256,Unspliced,NMRAL1,circNMRAL1,circLib,stack,25,0.30088492552690627
0,1,256,Unspliced,NMRAL1,circNMRAL1,circLib,target_kmer,25,0.1403080580714041
0,1,256,Unspliced,NMRAL1,circNMRAL1,circLib,composition,25,0.2616302469980791
0,1,256,Unspliced,NMRAL1,circNMRAL1,circLib,sibling_uncalibrated,25,0.2616302469980791
0,1,256,Unspliced,NMRAL1,circNMRAL1,circLib,sibling_calibrated,25,0.2616302469980791
0,1,256,Unspliced,PAIP2,circPAIP2,circLib,stack,18,0.254336478635682
0,1,256,Unspliced,PAIP2,circPAIP2,circLib,target_kmer,18,0.7367330614992791
0,1,256,Unspliced,PAIP2,circPAIP2,circLib,composition,18,0.181966409915206
0,1,256,Unspliced,PAIP2,circPAIP2,circLib,sibling_uncalibrated,18,0.1535057438720842
0,1,256,Unspliced,PAIP2,circPAIP2,circLib,sibling_calibrated,18,0.1535057438720842
0,1,256,Unspliced,PIP5K1C,circPIP5K1C,circLib,stack,13,0.1548489339249492
0,1,256,Unspliced,PIP5K1C,circPIP5K1C,circLib,target_kmer,13,0.10146259941648669
0,1,256,Unspliced,PIP5K1C,circPIP5K1C,circLib,composition,13,0.2122915180588126
0,1,256,Unspliced,PIP5K1C,circPIP5K1C,circLib,sibling_uncalibrated,13,0.2285852158784321
0,1,256,Unspliced,PIP5K1C,circPIP5K1C,circLib,sibling_calibrated,13,0.2285852158784321
0,1,256,Unspliced,RIAN,Rian,nucLib,stack,15,0.2501666177097005
0,1,256,Unspliced,RIAN,Rian,nucLib,target_kmer,15,0.45946038279589607
0,1,256,Unspliced,RIAN,Rian,nucLib,composition,15,0.25777842928523087
0,1,256,Unspliced,RIAN,Rian,nucLib,sibling_uncalibrated,15,0.0027852131431048643
0,1,256,Unspliced,RIAN,Rian,nucLib,sibling_calibrated,15,0.0027852131431048643
0,1,256,Unspliced,TERF2,circTERF2,circLib,stack,93,0.4956931075428068
0,1,256,Unspliced,TERF2,circTERF2,circLib,target_kmer,93,0.5059349733663859
0,1,256,Unspliced,TERF2,circTERF2,circLib,composition,93,0.27490069160993214
0,1,256,Unspliced,TERF2,circTERF2,circLib,sibling_uncalibrated,93,0.4429236412188114
0,1,256,Unspliced,TERF2,circTERF2,circLib,sibling_calibrated,93,0.4429236412188114
0,1,256,Circular,ANKRD17,circANKRD17,circLib,stack,86,0.5000347997597712
0,1,256,Circular,ANKRD17,circANKRD17,circLib,target_kmer,86,0.4906004155152309
0,1,256,Circular,ANKRD17,circANKRD17,circLib,composition,86,0.6004121365610267
0,1,256,Circular,ANKRD17,circANKRD17,circLib,sibling_uncalibrated,86,0.4283420338156495
0,1,256,Circular,ANKRD17,circANKRD17,circLib,sibling_calibrated,86,0.4283420338156495
0,1,256,Circular,ATAD2,circATAD2,circLib,stack,20,0.1543330602812068
0,1,256,Circular,ATAD2,circATAD2,circLib,target_kmer,20,0.40413025968793137
0,1,256,Circular,ATAD2,circATAD2,circLib,composition,20,0.22974498912670197
0,1,256,Circular,ATAD2,circATAD2,circLib,sibling_uncalibrated,20,0.3877103286837539
0,1,256,Circular,ATAD2,circATAD2,circLib,sibling_calibrated,20,0.3877103286837539
0,1,256,Circular,CNOT,circCNOT,circLib,stack,27,0.13826338839954627
0,1,256,Circular,CNOT,circCNOT,circLib,target_kmer,27,0.2069862510694939
0,1,256,Circular,CNOT,circCNOT,circLib,composition,27,0.4457278692691433
0,1,256,Circular,CNOT,circCNOT,circLib,sibling_uncalibrated,27,0.47786852596257845
0,1,256,Circular,CNOT,circCNOT,circLib,sibling_calibrated,27,0.47786852596257845
0,1,256,Circular,CNOT6,circCNOT6,circLib,stack,14,0.789847861666396
0,1,256,Circular,CNOT6,circCNOT6,circLib,target_kmer,14,0.3387784378147594
0,1,256,Circular,CNOT6,circCNOT6,circLib,composition,14,0.5356469217874882
0,1,256,Circular,CNOT6,circCNOT6,circLib,sibling_uncalibrated,14,0.4838815276443432
0,1,256,Circular,CNOT6,circCNOT6,circLib,sibling_calibrated,14,0.4838815276443432
0,1,256,Circular,MASTL,circMASTL,circLib,stack,12,0.41189410674695964
0,1,256,Circular,MASTL,circMASTL,circLib,target_kmer,12,0.37205405897789995
0,1,256,Circular,MASTL,circMASTL,circLib,composition,12,0.11162735943839389
0,1,256,Circular,MASTL,circMASTL,circLib,sibling_uncalibrated,12,0.11162735943839389
0,1,256,Circular,MASTL,circMASTL,circLib,sibling_calibrated,12,0.11162735943839389
0,1,256,Circular,MYH11,circMYH11,circLib,stack,20,0.36644981092696816
0,1,256,Circular,MYH11,circMYH11,circLib,target_kmer,20,0.415284818215846
0,1,256,Circular,MYH11,circMYH11,circLib,composition,20,0.43690592478822954
0,1,256,Circular,MYH11,circMYH11,circLib,sibling_uncalibrated,20,0.9795092889720374
0,1,256,Circular,MYH11,circMYH11,circLib,sibling_calibrated,20,0.9795092889720374
0,1,256,Circular,NMRAL1,circNMRAL1,circLib,stack,24,0.380569870172062
0,1,256,Circular,NMRAL1,circNMRAL1,circLib,target_kmer,24,0.5073522893241924
0,1,256,Circular,NMRAL1,circNMRAL1,circLib,composition,24,0.8174352881642045
0,1,256,Circular,NMRAL1,circNMRAL1,circLib,sibling_uncalibrated,24,0.4489792190369767
0,1,256,Circular,NMRAL1,circNMRAL1,circLib,sibling_calibrated,24,0.4489792190369767
0,1,256,Circular,PAIP2,circPAIP2,circLib,stack,18,0.7914104403864874
0,1,256,Circular,PAIP2,circPAIP2,circLib,target_kmer,18,0.4533949593655993
0,1,256,Circular,PAIP2,circPAIP2,circLib,composition,18,0.8318780255542405
0,1,256,Circular,PAIP2,circPAIP2,circLib,sibling_uncalibrated,18,0.44358325420394507
0,1,256,Circular,PAIP2,circPAIP2,circLib,sibling_calibrated,18,0.44358325420394507
0,1,256,Circular,PIP5K1C,circPIP5K1C,circLib,stack,12,0.702814224172294
0,1,256,Circular,PIP5K1C,circPIP5K1C,circLib,target_kmer,12,0.730050506016755
0,1,256,Circular,PIP5K1C,circPIP5K1C,circLib,composition,12,0.3595069689239011
0,1,256,Circular,PIP5K1C,circPIP5K1C,circLib,sibling_uncalibrated,12,0.7497149345590736
0,1,256,Circular,PIP5K1C,circPIP5K1C,circLib,sibling_calibrated,12,0.7497149345590736
0,1,256,Circular,RIAN,Rian,nucLib,stack,15,0.26800428964349154
0,1,256,Circular,RIAN,Rian,nucLib,target_kmer,15,0.26800428964349154
0,1,256,Circular,RIAN,Rian,nucLib,composition,15,0.0
0,1,256,Circular,RIAN,Rian,nucLib,sibling_uncalibrated,15,0.26800428964349154
0,1,256,Circular,RIAN,Rian,nucLib,sibling_calibrated,15,0.26800428964349154
0,1,256,Circular,TERF2,circTERF2,circLib,stack,86,0.4847221110921726
0,1,256,Circular,TERF2,circTERF2,circLib,target_kmer,86,0.46184988073679284
0,1,256,Circular,TERF2,circTERF2,circLib,composition,86,0.5888684288683845
0,1,256,Circular,TERF2,circTERF2,circLib,sibling_uncalibrated,86,0.4502875689839324
0,1,256,Circular,TERF2,circTERF2,circLib,sibling_calibrated,86,0.4502875689839324
0,1,256,SCRCircular,ANKRD17,circANKRD17,circLib,stack,91,0.3173130118941323
0,1,256,SCRCircular,ANKRD17,circANKRD17,circLib,target_kmer,91,0.43129846245230546
0,1,256,SCRCircular,ANKRD17,circANKRD17,circLib,composition,91,0.5217506324818422
0,1,256,SCRCircular,ANKRD17,circANKRD17,circLib,sibling_uncalibrated,91,0.17549352968260953
0,1,256,SCRCircular,ANKRD17,circANKRD17,circLib,sibling_calibrated,91,0.17549352968260953
0,1,256,SCRCircular,ATAD2,circATAD2,circLib,stack,22,0.17429603626098658
0,1,256,SCRCircular,ATAD2,circATAD2,circLib,target_kmer,22,0.17511660582820732
0,1,256,SCRCircular,ATAD2,circATAD2,circLib,composition,22,0.3183598854745531
0,1,256,SCRCircular,ATAD2,circATAD2,circLib,sibling_uncalibrated,22,0.3813428511584648
0,1,256,SCRCircular,ATAD2,circATAD2,circLib,sibling_calibrated,22,0.3813428511584648
0,1,256,SCRCircular,CNOT,circCNOT,circLib,stack,28,0.16457255772926066
0,1,256,SCRCircular,CNOT,circCNOT,circLib,target_kmer,28,0.2664304721039972
0,1,256,SCRCircular,CNOT,circCNOT,circLib,composition,28,0.20018199724111582
0,1,256,SCRCircular,CNOT,circCNOT,circLib,sibling_uncalibrated,28,0.32977346863680546
0,1,256,SCRCircular,CNOT,circCNOT,circLib,sibling_calibrated,28,0.32977346863680546
0,1,256,SCRCircular,CNOT6,circCNOT6,circLib,stack,14,0.7070045703581556
0,1,256,SCRCircular,CNOT6,circCNOT6,circLib,target_kmer,14,0.2438136831612367
0,1,256,SCRCircular,CNOT6,circCNOT6,circLib,composition,14,0.3056605921476711
0,1,256,SCRCircular,CNOT6,circCNOT6,circLib,sibling_uncalibrated,14,0.1469585567537708
0,1,256,SCRCircular,CNOT6,circCNOT6,circLib,sibling_calibrated,14,0.1469585567537708
0,1,256,SCRCircular,GSE1,circGSE1,circLib,stack,10,0.9319587139804826
0,1,256,SCRCircular,GSE1,circGSE1,circLib,target_kmer,10,0.5454900818986493
0,1,256,SCRCircular,GSE1,circGSE1,circLib,composition,10,1.0
0,1,256,SCRCircular,GSE1,circGSE1,circLib,sibling_uncalibrated,10,0.8507937025556367
0,1,256,SCRCircular,GSE1,circGSE1,circLib,sibling_calibrated,10,0.8507937025556367
0,1,256,SCRCircular,MASTL,circMASTL,circLib,stack,13,0.20340519498787155
0,1,256,SCRCircular,MASTL,circMASTL,circLib,target_kmer,13,0.4906441893233431
0,1,256,SCRCircular,MASTL,circMASTL,circLib,composition,13,0.20340519498787155
0,1,256,SCRCircular,MASTL,circMASTL,circLib,sibling_uncalibrated,13,0.24496450163143813
0,1,256,SCRCircular,MASTL,circMASTL,circLib,sibling_calibrated,13,0.24496450163143813
0,1,256,SCRCircular,MYH11,circMYH11,circLib,stack,22,0.43829019912503053
0,1,256,SCRCircular,MYH11,circMYH11,circLib,target_kmer,22,0.43829019912503053
0,1,256,SCRCircular,MYH11,circMYH11,circLib,composition,22,0.3617524292121183
0,1,256,SCRCircular,MYH11,circMYH11,circLib,sibling_uncalibrated,22,0.4024475944586117
0,1,256,SCRCircular,MYH11,circMYH11,circLib,sibling_calibrated,22,0.4024475944586117
0,1,256,SCRCircular,NMRAL1,circNMRAL1,circLib,stack,24,0.2668173857676085
0,1,256,SCRCircular,NMRAL1,circNMRAL1,circLib,target_kmer,24,0.08594555588563883
0,1,256,SCRCircular,NMRAL1,circNMRAL1,circLib,composition,24,0.30731758411255894
0,1,256,SCRCircular,NMRAL1,circNMRAL1,circLib,sibling_uncalibrated,24,0.34690357755977874
0,1,256,SCRCircular,NMRAL1,circNMRAL1,circLib,sibling_calibrated,24,0.34690357755977874
0,1,256,SCRCircular,PAIP2,circPAIP2,circLib,stack,17,0.4952300647878185
0,1,256,SCRCircular,PAIP2,circPAIP2,circLib,target_kmer,17,0.8381150747643469
0,1,256,SCRCircular,PAIP2,circPAIP2,circLib,composition,17,0.7896891750046753
0,1,256,SCRCircular,PAIP2,circPAIP2,circLib,sibling_uncalibrated,17,0.4952300647878185
0,1,256,SCRCircular,PAIP2,circPAIP2,circLib,sibling_calibrated,17,0.4952300647878185
0,1,256,SCRCircular,PIP5K1C,circPIP5K1C,circLib,stack,13,0.6769602830990572
0,1,256,SCRCircular,PIP5K1C,circPIP5K1C,circLib,target_kmer,13,0.35236246802465354
0,1,256,SCRCircular,PIP5K1C,circPIP5K1C,circLib,composition,13,0.4117639634563991
0,1,256,SCRCircular,PIP5K1C,circPIP5K1C,circLib,sibling_uncalibrated,13,0.6769602830990572
0,1,256,SCRCircular,PIP5K1C,circPIP5K1C,circLib,sibling_calibrated,13,0.6769602830990572
0,1,256,SCRCircular,RIAN,Rian,nucLib,stack,16,0.11172591240588635
0,1,256,SCRCircular,RIAN,Rian,nucLib,target_kmer,16,0.1316378717341601
0,1,256,SCRCircular,RIAN,Rian,nucLib,composition,16,0.4617108319515183
0,1,256,SCRCircular,RIAN,Rian,nucLib,sibling_uncalibrated,16,0.12538125903651348
0,1,256,SCRCircular,RIAN,Rian,nucLib,sibling_calibrated,16,0.12538125903651348
0,1,256,SCRCircular,TERF2,circTERF2,circLib,stack,89,0.19634463413396114
0,1,256,SCRCircular,TERF2,circTERF2,circLib,target_kmer,89,0.18387102488692234
0,1,256,SCRCircular,TERF2,circTERF2,circLib,composition,89,0.5605469407811133
0,1,256,SCRCircular,TERF2,circTERF2,circLib,sibling_uncalibrated,89,0.19634463413396114
0,1,256,SCRCircular,TERF2,circTERF2,circLib,sibling_calibrated,89,0.19634463413396114
0,2,16,Spliced,ANKRD17,circANKRD17,circLib,stack,91,0.4988117314130336
0,2,16,Spliced,ANKRD17,circANKRD17,circLib,target_kmer,91,0.6777631992544397
0,2,16,Spliced,ANKRD17,circANKRD17,circLib,composition,91,0.3542767700625421
0,2,16,Spliced,ANKRD17,circANKRD17,circLib,sibling_uncalibrated,91,0.47892216870163473
0,2,16,Spliced,ANKRD17,circANKRD17,circLib,sibling_calibrated,91,0.47892216870163473
0,2,16,Spliced,ATAD2,circATAD2,circLib,stack,22,0.017119913547528884
0,2,16,Spliced,ATAD2,circATAD2,circLib,target_kmer,22,0.45904018572380967
0,2,16,Spliced,ATAD2,circATAD2,circLib,composition,22,0.40833511586207827
0,2,16,Spliced,ATAD2,circATAD2,circLib,sibling_uncalibrated,22,0.45981502164615246
0,2,16,Spliced,ATAD2,circATAD2,circLib,sibling_calibrated,22,0.45981502164615246
0,2,16,Spliced,CNOT,circCNOT,circLib,stack,28,0.4216820994871017
0,2,16,Spliced,CNOT,circCNOT,circLib,target_kmer,28,0.4258105407947371
0,2,16,Spliced,CNOT,circCNOT,circLib,composition,28,0.3483776476165173
0,2,16,Spliced,CNOT,circCNOT,circLib,sibling_uncalibrated,28,0.18121516725095754
0,2,16,Spliced,CNOT,circCNOT,circLib,sibling_calibrated,28,0.18121516725095754
0,2,16,Spliced,CNOT6,circCNOT6,circLib,stack,14,0.46662392050922313
0,2,16,Spliced,CNOT6,circCNOT6,circLib,target_kmer,14,0.5046388066846313
0,2,16,Spliced,CNOT6,circCNOT6,circLib,composition,14,0.5333760794907769
0,2,16,Spliced,CNOT6,circCNOT6,circLib,sibling_uncalibrated,14,0.45688811864337525
0,2,16,Spliced,CNOT6,circCNOT6,circLib,sibling_calibrated,14,0.45688811864337525
0,2,16,Spliced,GSE1,circGSE1,circLib,stack,10,0.16195943096589885
0,2,16,Spliced,GSE1,circGSE1,circLib,target_kmer,10,0.5958455842069171
0,2,16,Spliced,GSE1,circGSE1,circLib,composition,10,0.40110890671656957
0,2,16,Spliced,GSE1,circGSE1,circLib,sibling_uncalibrated,10,0.16195943096589885
0,2,16,Spliced,GSE1,circGSE1,circLib,sibling_calibrated,10,0.16195943096589885
0,2,16,Spliced,MASTL,circMASTL,circLib,stack,13,0.316219214882161
0,2,16,Spliced,MASTL,circMASTL,circLib,target_kmer,13,0.2252029439451013
0,2,16,Spliced,MASTL,circMASTL,circLib,composition,13,0.5739037016241751
0,2,16,Spliced,MASTL,circMASTL,circLib,sibling_uncalibrated,13,0.18052817953563716
0,2,16,Spliced,MASTL,circMASTL,circLib,sibling_calibrated,13,0.18052817953563716
0,2,16,Spliced,MYH11,circMYH11,circLib,stack,22,0.2701905068978775
0,2,16,Spliced,MYH11,circMYH11,circLib,target_kmer,22,0.3092617690341091
0,2,16,Spliced,MYH11,circMYH11,circLib,composition,22,0.4635299602061368
0,2,16,Spliced,MYH11,circMYH11,circLib,sibling_uncalibrated,22,0.2701905068978775
0,2,16,Spliced,MYH11,circMYH11,circLib,sibling_calibrated,22,0.2701905068978775
0,2,16,Spliced,NMRAL1,circNMRAL1,circLib,stack,25,0.7429502196537034
0,2,16,Spliced,NMRAL1,circNMRAL1,circLib,target_kmer,25,0.5059433379705961
0,2,16,Spliced,NMRAL1,circNMRAL1,circLib,composition,25,0.7606854922276827
0,2,16,Spliced,NMRAL1,circNMRAL1,circLib,sibling_uncalibrated,25,0.7606854922276827
0,2,16,Spliced,NMRAL1,circNMRAL1,circLib,sibling_calibrated,25,0.7606854922276827
0,2,16,Spliced,PAIP2,circPAIP2,circLib,stack,18,0.6430267579672186
0,2,16,Spliced,PAIP2,circPAIP2,circLib,target_kmer,18,0.7987765519999868
0,2,16,Spliced,PAIP2,circPAIP2,circLib,composition,18,0.03955030396665371
0,2,16,Spliced,PAIP2,circPAIP2,circLib,sibling_uncalibrated,18,0.6430267579672186
0,2,16,Spliced,PAIP2,circPAIP2,circLib,sibling_calibrated,18,0.6430267579672186
0,2,16,Spliced,PIP5K1C,circPIP5K1C,circLib,stack,13,0.5050801488399761
0,2,16,Spliced,PIP5K1C,circPIP5K1C,circLib,target_kmer,13,0.234972771455542
0,2,16,Spliced,PIP5K1C,circPIP5K1C,circLib,composition,13,0.234972771455542
0,2,16,Spliced,PIP5K1C,circPIP5K1C,circLib,sibling_uncalibrated,13,0.1846844911035801
0,2,16,Spliced,PIP5K1C,circPIP5K1C,circLib,sibling_calibrated,13,0.1846844911035801
0,2,16,Spliced,RIAN,Rian,nucLib,stack,16,0.7317084552990122
0,2,16,Spliced,RIAN,Rian,nucLib,target_kmer,16,0.4620269244365204
0,2,16,Spliced,RIAN,Rian,nucLib,composition,16,0.4620269244365204
0,2,16,Spliced,RIAN,Rian,nucLib,sibling_uncalibrated,16,0.7317084552990122
0,2,16,Spliced,RIAN,Rian,nucLib,sibling_calibrated,16,0.7317084552990122
0,2,16,Spliced,TERF2,circTERF2,circLib,stack,94,0.5401033121619545
0,2,16,Spliced,TERF2,circTERF2,circLib,target_kmer,94,0.49580221410493175
0,2,16,Spliced,TERF2,circTERF2,circLib,composition,94,0.4168155317876382
0,2,16,Spliced,TERF2,circTERF2,circLib,sibling_uncalibrated,94,0.5401033121619545
0,2,16,Spliced,TERF2,circTERF2,circLib,sibling_calibrated,94,0.5401033121619545
0,2,16,Unspliced,ANKRD17,circANKRD17,circLib,stack,91,0.46103684366478115
0,2,16,Unspliced,ANKRD17,circANKRD17,circLib,target_kmer,91,0.6186614368405787
0,2,16,Unspliced,ANKRD17,circANKRD17,circLib,composition,91,0.4881010485635249
0,2,16,Unspliced,ANKRD17,circANKRD17,circLib,sibling_uncalibrated,91,0.46103684366478115
0,2,16,Unspliced,ANKRD17,circANKRD17,circLib,sibling_calibrated,91,0.46103684366478115
0,2,16,Unspliced,ATAD2,circATAD2,circLib,stack,22,0.5673024162741184
0,2,16,Unspliced,ATAD2,circATAD2,circLib,target_kmer,22,0.6973706869303136
0,2,16,Unspliced,ATAD2,circATAD2,circLib,composition,22,0.509004402860723
0,2,16,Unspliced,ATAD2,circATAD2,circLib,sibling_uncalibrated,22,0.5673024162741184
0,2,16,Unspliced,ATAD2,circATAD2,circLib,sibling_calibrated,22,0.5673024162741184
0,2,16,Unspliced,CNOT,circCNOT,circLib,stack,28,0.241700711222711
0,2,16,Unspliced,CNOT,circCNOT,circLib,target_kmer,28,0.5222761219990519
0,2,16,Unspliced,CNOT,circCNOT,circLib,composition,28,0.24232567316159737
0,2,16,Unspliced,CNOT,circCNOT,circLib,sibling_uncalibrated,28,0.16270895401227142
0,2,16,Unspliced,CNOT,circCNOT,circLib,sibling_calibrated,28,0.16270895401227142
0,2,16,Unspliced,CNOT6,circCNOT6,circLib,stack,14,0.0
0,2,16,Unspliced,CNOT6,circCNOT6,circLib,target_kmer,14,0.4400816371562576
0,2,16,Unspliced,CNOT6,circCNOT6,circLib,composition,14,0.5030494821715956
0,2,16,Unspliced,CNOT6,circCNOT6,circLib,sibling_uncalibrated,14,0.35611612424772626
0,2,16,Unspliced,CNOT6,circCNOT6,circLib,sibling_calibrated,14,0.35611612424772626
0,2,16,Unspliced,MASTL,circMASTL,circLib,stack,13,0.46769309933166003
0,2,16,Unspliced,MASTL,circMASTL,circLib,target_kmer,13,0.40123504290212064
0,2,16,Unspliced,MASTL,circMASTL,circLib,composition,13,0.35486114869540164
0,2,16,Unspliced,MASTL,circMASTL,circLib,sibling_uncalibrated,13,0.25797976612413387
0,2,16,Unspliced,MASTL,circMASTL,circLib,sibling_calibrated,13,0.25797976612413387
0,2,16,Unspliced,MYH11,circMYH11,circLib,stack,22,0.10022182791087267
0,2,16,Unspliced,MYH11,circMYH11,circLib,target_kmer,22,0.0
0,2,16,Unspliced,MYH11,circMYH11,circLib,composition,22,0.42141741133338906
0,2,16,Unspliced,MYH11,circMYH11,circLib,sibling_uncalibrated,22,0.10022182791087267
0,2,16,Unspliced,MYH11,circMYH11,circLib,sibling_calibrated,22,0.10022182791087267
0,2,16,Unspliced,NMRAL1,circNMRAL1,circLib,stack,25,0.19745933366485813
0,2,16,Unspliced,NMRAL1,circNMRAL1,circLib,target_kmer,25,0.40138471643632123
0,2,16,Unspliced,NMRAL1,circNMRAL1,circLib,composition,25,0.2616302469980791
0,2,16,Unspliced,NMRAL1,circNMRAL1,circLib,sibling_uncalibrated,25,0.41013849583395484
0,2,16,Unspliced,NMRAL1,circNMRAL1,circLib,sibling_calibrated,25,0.41013849583395484
0,2,16,Unspliced,PAIP2,circPAIP2,circLib,stack,18,0.254336478635682
0,2,16,Unspliced,PAIP2,circPAIP2,circLib,target_kmer,18,0.4189211091176118
0,2,16,Unspliced,PAIP2,circPAIP2,circLib,composition,18,0.181966409915206
0,2,16,Unspliced,PAIP2,circPAIP2,circLib,sibling_uncalibrated,18,0.1535057438720842
0,2,16,Unspliced,PAIP2,circPAIP2,circLib,sibling_calibrated,18,0.1535057438720842
0,2,16,Unspliced,PIP5K1C,circPIP5K1C,circLib,stack,13,0.47133356456773357
0,2,16,Unspliced,PIP5K1C,circPIP5K1C,circLib,target_kmer,13,0.3392786776730111
0,2,16,Unspliced,PIP5K1C,circPIP5K1C,circLib,composition,13,0.2122915180588126
0,2,16,Unspliced,PIP5K1C,circPIP5K1C,circLib,sibling_uncalibrated,13,0.6587190011623693
0,2,16,Unspliced,PIP5K1C,circPIP5K1C,circLib,sibling_calibrated,13,0.6587190011623693
0,2,16,Unspliced,RIAN,Rian,nucLib,stack,15,0.0027852131431048643
0,2,16,Unspliced,RIAN,Rian,nucLib,target_kmer,15,0.5051598338518265
0,2,16,Unspliced,RIAN,Rian,nucLib,composition,15,0.10210558778034125
0,2,16,Unspliced,RIAN,Rian,nucLib,sibling_uncalibrated,15,0.0027852131431048643
0,2,16,Unspliced,RIAN,Rian,nucLib,sibling_calibrated,15,0.0027852131431048643
0,2,16,Unspliced,TERF2,circTERF2,circLib,stack,93,0.48442163086483914
0,2,16,Unspliced,TERF2,circTERF2,circLib,target_kmer,93,0.4425271728053378
0,2,16,Unspliced,TERF2,circTERF2,circLib,composition,93,0.4803532382625652
0,2,16,Unspliced,TERF2,circTERF2,circLib,sibling_uncalibrated,93,0.4956931075428068
0,2,16,Unspliced,TERF2,circTERF2,circLib,sibling_calibrated,93,0.4956931075428068
0,2,16,Circular,ANKRD17,circANKRD17,circLib,stack,86,0.5215197999982419
0,2,16,Circular,ANKRD17,circANKRD17,circLib,target_kmer,86,0.436515496114524
0,2,16,Circular,ANKRD17,circANKRD17,circLib,composition,86,0.3646149125935242
0,2,16,Circular,ANKRD17,circANKRD17,circLib,sibling_uncalibrated,86,0.5394064812640686
0,2,16,Circular,ANKRD17,circANKRD17,circLib,sibling_calibrated,86,0.46059351873593135
0,2,16,Circular,ATAD2,circATAD2,circLib,stack,20,0.9001169382778358
0,2,16,Circular,ATAD2,circATAD2,circLib,target_kmer,20,0.0998830617221642
0,2,16,Circular,ATAD2,circATAD2,circLib,composition,20,0.3648673813932871
0,2,16,Circular,ATAD2,circATAD2,circLib,sibling_uncalibrated,20,0.0998830617221642
0,2,16,Circular,ATAD2,circATAD2,circLib,sibling_calibrated,20,0.9001169382778358
0,2,16,Circular,CNOT,circCNOT,circLib,stack,27,0.4244930662743529
0,2,16,Circular,CNOT,circCNOT,circLib,target_kmer,27,0.4457278692691433
0,2,16,Circular,CNOT,circCNOT,circLib,composition,27,0.5021921614726086
0,2,16,Circular,CNOT,circCNOT,circLib,sibling_uncalibrated,27,0.31980108786523614
0,2,16,Circular,CNOT,circCNOT,circLib,sibling_calibrated,27,0.6801989121347638
0,2,16,Circular,CNOT6,circCNOT6,circLib,stack,14,0.495444247236109
0,2,16,Circular,CNOT6,circCNOT6,circLib,target_kmer,14,0.6144890855278303
0,2,16,Circular,CNOT6,circCNOT6,circLib,composition,14,0.1281007186163287
0,2,16,Circular,CNOT6,circCNOT6,circLib,sibling_uncalibrated,14,0.3387784378147594
0,2,16,Circular,CNOT6,circCNOT6,circLib,sibling_calibrated,14,0.6612215621852405
0,2,16,Circular,MASTL,circMASTL,circLib,stack,12,0.8883726405616061
0,2,16,Circular,MASTL,circMASTL,circLib,target_kmer,12,0.6361135448273333
0,2,16,Circular,MASTL,circMASTL,circLib,composition,12,0.3234200251588544
0,2,16,Circular,MASTL,circMASTL,circLib,sibling_uncalibrated,12,0.11162735943839389
0,2,16,Circular,MASTL,circMASTL,circLib,sibling_calibrated,12,0.8883726405616061
0,2,16,Circular,MYH11,circMYH11,circLib,stack,20,0.6335501890730318
0,2,16,Circular,MYH11,circMYH11,circLib,target_kmer,20,0.5881841353635637
0,2,16,Circular,MYH11,circMYH11,circLib,composition,20,0.35149604860796413
0,2,16,Circular,MYH11,circMYH11,circLib,sibling_uncalibrated,20,0.47950928897203743
0,2,16,Circular,MYH11,circMYH11,circLib,sibling_calibrated,20,0.5204907110279625
0,2,16,Circular,NMRAL1,circNMRAL1,circLib,stack,24,0.5510207809630232
0,2,16,Circular,NMRAL1,circNMRAL1,circLib,target_kmer,24,0.5757616381891071
0,2,16,Circular,NMRAL1,circNMRAL1,circLib,composition,24,0.18256471183579545
0,2,16,Circular,NMRAL1,circNMRAL1,circLib,sibling_uncalibrated,24,0.4489792190369767
0,2,16,Circular,NMRAL1,circNMRAL1,circLib,sibling_calibrated,24,0.5510207809630232
0,2,16,Circular,PAIP2,circPAIP2,circLib,stack,18,0.20858955961351258
0,2,16,Circular,PAIP2,circPAIP2,circLib,target_kmer,18,0.5466050406344006
0,2,16,Circular,PAIP2,circPAIP2,circLib,composition,18,0.1681219744457595
0,2,16,Circular,PAIP2,circPAIP2,circLib,sibling_uncalibrated,18,0.9595324148322468
0,2,16,Circular,PAIP2,circPAIP2,circLib,sibling_calibrated,18,0.04046758516775308
0,2,16,Circular,PIP5K1C,circPIP5K1C,circLib,stack,12,0.2354543347608428
0,2,16,Circular,PIP5K1C,circPIP5K1C,circLib,target_kmer,12,0.3643429920269564
0,2,16,Circular,PIP5K1C,circPIP5K1C,circLib,composition,12,0.4359748938173322
0,2,16,Circular,PIP5K1C,circPIP5K1C,circLib,sibling_uncalibrated,12,0.49459617125591226
0,2,16,Circular,PIP5K1C,circPIP5K1C,circLib,sibling_calibrated,12,0.5054038287440876
0,2,16,Circular,RIAN,Rian,nucLib,stack,15,0.7319957103565085
0,2,16,Circular,RIAN,Rian,nucLib,target_kmer,15,0.9086757884888986
0,2,16,Circular,RIAN,Rian,nucLib,composition,15,0.4753908922862164
0,2,16,Circular,RIAN,Rian,nucLib,sibling_uncalibrated,15,0.26800428964349154
0,2,16,Circular,RIAN,Rian,nucLib,sibling_calibrated,15,0.7319957103565085
0,2,16,Circular,TERF2,circTERF2,circLib,stack,86,0.525728110148171
0,2,16,Circular,TERF2,circTERF2,circLib,target_kmer,86,0.5771405620099735
0,2,16,Circular,TERF2,circTERF2,circLib,composition,86,0.3297785849572442
0,2,16,Circular,TERF2,circTERF2,circLib,sibling_uncalibrated,86,0.4742718898518291
0,2,16,Circular,TERF2,circTERF2,circLib,sibling_calibrated,86,0.525728110148171
0,2,16,SCRCircular,ANKRD17,circANKRD17,circLib,stack,91,0.20705408081614507
0,2,16,SCRCircular,ANKRD17,circANKRD17,circLib,target_kmer,91,0.23140522531295538
0,2,16,SCRCircular,ANKRD17,circANKRD17,circLib,composition,91,0.4976199342794112
0,2,16,SCRCircular,ANKRD17,circANKRD17,circLib,sibling_uncalibrated,91,0.2948547114930483
0,2,16,SCRCircular,ANKRD17,circANKRD17,circLib,sibling_calibrated,91,0.2948547114930483
0,2,16,SCRCircular,ATAD2,circATAD2,circLib,stack,22,0.19788119910562468
0,2,16,SCRCircular,ATAD2,circATAD2,circLib,target_kmer,22,0.5607368834984687
0,2,16,SCRCircular,ATAD2,circATAD2,circLib,composition,22,0.607363242062718
0,2,16,SCRCircular,ATAD2,circATAD2,circLib,sibling_uncalibrated,22,0.19788119910562468
0,2,16,SCRCircular,ATAD2,circATAD2,circLib,sibling_calibrated,22,0.19788119910562468
0,2,16,SCRCircular,CNOT,circCNOT,circLib,stack,28,0.43244863352839036
0,2,16,SCRCircular,CNOT,circCNOT,circLib,target_kmer,28,0.32977346863680546
0,2,16,SCRCircular,CNOT,circCNOT,circLib,composition,28,0.7998180027588842
0,2,16,SCRCircular,CNOT,circCNOT,circLib,sibling_uncalibrated,28,0.3691056369955821
0,2,16,SCRCircular,CNOT,circCNOT,circLib,sibling_calibrated,28,0.3691056369955821
0,2,16,SCRCircular,CNOT6,circCNOT6,circLib,stack,14,0.3934057430422499
0,2,16,SCRCircular,CNOT6,circCNOT6,circLib,target_kmer,14,0.29299542964184455
0,2,16,SCRCircular,CNOT6,circCNOT6,circLib,composition,14,0.547380851098558
0,2,16,SCRCircular,CNOT6,circCNOT6,circLib,sibling_uncalibrated,14,0.45261914890144195
0,2,16,SCRCircular,CNOT6,circCNOT6,circLib,sibling_calibrated,14,0.45261914890144195
0,2,16,SCRCircular,GSE1,circGSE1,circLib,stack,10,0.8135971375526334
0,2,16,SCRCircular,GSE1,circGSE1,circLib,target_kmer,10,0.5454900818986493
0,2,16,SCRCircular,GSE1,circGSE1,circLib,composition,10,0.3972744499175103
0,2,16,SCRCircular,GSE1,circGSE1,circLib,sibling_uncalibrated,10,0.8507937025556367
0,2,16,SCRCircular,GSE1,circGSE1,circLib,sibling_calibrated,10,0.8507937025556367
0,2,16,SCRCircular,MASTL,circMASTL,circLib,stack,13,0.24496450163143813
0,2,16,SCRCircular,MASTL,circMASTL,circLib,target_kmer,13,0.7169988536266778
0,2,16,SCRCircular,MASTL,circMASTL,circLib,composition,13,0.5097998179572044
0,2,16,SCRCircular,MASTL,circMASTL,circLib,sibling_uncalibrated,13,0.24496450163143813
0,2,16,SCRCircular,MASTL,circMASTL,circLib,sibling_calibrated,13,0.24496450163143813
0,2,16,SCRCircular,MYH11,circMYH11,circLib,stack,22,0.7501653306472058
0,2,16,SCRCircular,MYH11,circMYH11,circLib,target_kmer,22,0.3022858665066666
0,2,16,SCRCircular,MYH11,circMYH11,circLib,composition,22,0.1382475707878817
0,2,16,SCRCircular,MYH11,circMYH11,circLib,sibling_uncalibrated,22,0.43829019912503053
0,2,16,SCRCircular,MYH11,circMYH11,circLib,sibling_calibrated,22,0.43829019912503053
0,2,16,SCRCircular,NMRAL1,circNMRAL1,circLib,stack,24,0.34690357755977874
0,2,16,SCRCircular,NMRAL1,circNMRAL1,circLib,target_kmer,24,0.223495239528181
0,2,16,SCRCircular,NMRAL1,circNMRAL1,circLib,composition,24,0.505083062000167
0,2,16,SCRCircular,NMRAL1,circNMRAL1,circLib,sibling_uncalibrated,24,0.34690357755977874
0,2,16,SCRCircular,NMRAL1,circNMRAL1,circLib,sibling_calibrated,24,0.34690357755977874
0,2,16,SCRCircular,PAIP2,circPAIP2,circLib,stack,17,0.4952300647878185
0,2,16,SCRCircular,PAIP2,circPAIP2,circLib,target_kmer,17,0.15063203807480677
0,2,16,SCRCircular,PAIP2,circPAIP2,circLib,composition,17,0.3276015190303508
0,2,16,SCRCircular,PAIP2,circPAIP2,circLib,sibling_uncalibrated,17,0.4952300647878185
0,2,16,SCRCircular,PAIP2,circPAIP2,circLib,sibling_calibrated,17,0.4952300647878185
0,2,16,SCRCircular,PIP5K1C,circPIP5K1C,circLib,stack,13,0.6769602830990572
0,2,16,SCRCircular,PIP5K1C,circPIP5K1C,circLib,target_kmer,13,0.196950219183541
0,2,16,SCRCircular,PIP5K1C,circPIP5K1C,circLib,composition,13,0.5030395472183193
0,2,16,SCRCircular,PIP5K1C,circPIP5K1C,circLib,sibling_uncalibrated,13,0.6769602830990572
0,2,16,SCRCircular,PIP5K1C,circPIP5K1C,circLib,sibling_calibrated,13,0.6769602830990572
0,2,16,SCRCircular,RIAN,Rian,nucLib,stack,16,0.11172591240588635
0,2,16,SCRCircular,RIAN,Rian,nucLib,target_kmer,16,0.2712056290507723
0,2,16,SCRCircular,RIAN,Rian,nucLib,composition,16,0.6621671092890415
0,2,16,SCRCircular,RIAN,Rian,nucLib,sibling_uncalibrated,16,0.11172591240588635
0,2,16,SCRCircular,RIAN,Rian,nucLib,sibling_calibrated,16,0.11172591240588635
0,2,16,SCRCircular,TERF2,circTERF2,circLib,stack,89,0.24138673970847666
0,2,16,SCRCircular,TERF2,circTERF2,circLib,target_kmer,89,0.23818943673924017
0,2,16,SCRCircular,TERF2,circTERF2,circLib,composition,89,0.41753950881954827
0,2,16,SCRCircular,TERF2,circTERF2,circLib,sibling_uncalibrated,89,0.19634463413396114
0,2,16,SCRCircular,TERF2,circTERF2,circLib,sibling_calibrated,89,0.19634463413396114
0,2,64,Spliced,ANKRD17,circANKRD17,circLib,stack,91,0.43059764843380643
0,2,64,Spliced,ANKRD17,circANKRD17,circLib,target_kmer,91,0.39304920359811407
0,2,64,Spliced,ANKRD17,circANKRD17,circLib,composition,91,0.4971905763027683
0,2,64,Spliced,ANKRD17,circANKRD17,circLib,sibling_uncalibrated,91,0.47892216870163473
0,2,64,Spliced,ANKRD17,circANKRD17,circLib,sibling_calibrated,91,0.47892216870163473
0,2,64,Spliced,ATAD2,circATAD2,circLib,stack,22,0.5298637014754495
0,2,64,Spliced,ATAD2,circATAD2,circLib,target_kmer,22,0.28493087351761665
0,2,64,Spliced,ATAD2,circATAD2,circLib,composition,22,0.2766898838118706
0,2,64,Spliced,ATAD2,circATAD2,circLib,sibling_uncalibrated,22,0.45981502164615246
0,2,64,Spliced,ATAD2,circATAD2,circLib,sibling_calibrated,22,0.45981502164615246
0,2,64,Spliced,CNOT,circCNOT,circLib,stack,28,0.12161261119303285
0,2,64,Spliced,CNOT,circCNOT,circLib,target_kmer,28,0.027559264433687624
0,2,64,Spliced,CNOT,circCNOT,circLib,composition,28,0.027559264433687624
0,2,64,Spliced,CNOT,circCNOT,circLib,sibling_uncalibrated,28,0.18121516725095754
0,2,64,Spliced,CNOT,circCNOT,circLib,sibling_calibrated,28,0.18121516725095754
0,2,64,Spliced,CNOT6,circCNOT6,circLib,stack,14,0.5046388066846313
0,2,64,Spliced,CNOT6,circCNOT6,circLib,target_kmer,14,0.7669999331449353
0,2,64,Spliced,CNOT6,circCNOT6,circLib,composition,14,0.5333760794907769
0,2,64,Spliced,CNOT6,circCNOT6,circLib,sibling_uncalibrated,14,0.45688811864337525
0,2,64,Spliced,CNOT6,circCNOT6,circLib,sibling_calibrated,14,0.45688811864337525
0,2,64,Spliced,GSE1,circGSE1,circLib,stack,10,0.40110890671656957
0,2,64,Spliced,GSE1,circGSE1,circLib,target_kmer,10,0.6154360985811257
0,2,64,Spliced,GSE1,circGSE1,circLib,composition,10,0.13050317119239488
0,2,64,Spliced,GSE1,circGSE1,circLib,sibling_uncalibrated,10,0.16195943096589885
0,2,64,Spliced,GSE1,circGSE1,circLib,sibling_calibrated,10,0.16195943096589885
0,2,64,Spliced,MASTL,circMASTL,circLib,stack,13,0.316219214882161
0,2,64,Spliced,MASTL,circMASTL,circLib,target_kmer,13,0.6385155037271968
0,2,64,Spliced,MASTL,circMASTL,circLib,composition,13,0.3355580685650775
0,2,64,Spliced,MASTL,circMASTL,circLib,sibling_uncalibrated,13,0.18052817953563716
0,2,64,Spliced,MASTL,circMASTL,circLib,sibling_calibrated,13,0.18052817953563716
0,2,64,Spliced,MYH11,circMYH11,circLib,stack,22,0.4883703361211358
0,2,64,Spliced,MYH11,circMYH11,circLib,target_kmer,22,0.23714869028283198
0,2,64,Spliced,MYH11,circMYH11,circLib,composition,22,0.4635299602061368
0,2,64,Spliced,MYH11,circMYH11,circLib,sibling_uncalibrated,22,0.2701905068978775
0,2,64,Spliced,MYH11,circMYH11,circLib,sibling_calibrated,22,0.2701905068978775
0,2,64,Spliced,NMRAL1,circNMRAL1,circLib,stack,25,0.7429502196537034
0,2,64,Spliced,NMRAL1,circNMRAL1,circLib,target_kmer,25,0.4349274887974971
0,2,64,Spliced,NMRAL1,circNMRAL1,circLib,composition,25,0.7606854922276827
0,2,64,Spliced,NMRAL1,circNMRAL1,circLib,sibling_uncalibrated,25,0.7606854922276827
0,2,64,Spliced,NMRAL1,circNMRAL1,circLib,sibling_calibrated,25,0.7606854922276827
0,2,64,Spliced,PAIP2,circPAIP2,circLib,stack,18,0.03955030396665371
0,2,64,Spliced,PAIP2,circPAIP2,circLib,target_kmer,18,0.7735855531465796
0,2,64,Spliced,PAIP2,circPAIP2,circLib,composition,18,0.12619673794365474
0,2,64,Spliced,PAIP2,circPAIP2,circLib,sibling_uncalibrated,18,0.6430267579672186
0,2,64,Spliced,PAIP2,circPAIP2,circLib,sibling_calibrated,18,0.6430267579672186
0,2,64,Spliced,PIP5K1C,circPIP5K1C,circLib,stack,13,0.49567684730166295
0,2,64,Spliced,PIP5K1C,circPIP5K1C,circLib,target_kmer,13,0.234972771455542
0,2,64,Spliced,PIP5K1C,circPIP5K1C,circLib,composition,13,0.3148344663850964
0,2,64,Spliced,PIP5K1C,circPIP5K1C,circLib,sibling_uncalibrated,13,0.1846844911035801
0,2,64,Spliced,PIP5K1C,circPIP5K1C,circLib,sibling_calibrated,13,0.1846844911035801
0,2,64,Spliced,RIAN,Rian,nucLib,stack,16,0.7317084552990122
0,2,64,Spliced,RIAN,Rian,nucLib,target_kmer,16,0.34671745436346224
0,2,64,Spliced,RIAN,Rian,nucLib,composition,16,0.5155153204570893
0,2,64,Spliced,RIAN,Rian,nucLib,sibling_uncalibrated,16,0.7317084552990122
0,2,64,Spliced,RIAN,Rian,nucLib,sibling_calibrated,16,0.7317084552990122
0,2,64,Spliced,TERF2,circTERF2,circLib,stack,94,0.4735579976315542
0,2,64,Spliced,TERF2,circTERF2,circLib,target_kmer,94,0.4863780922834526
0,2,64,Spliced,TERF2,circTERF2,circLib,composition,94,0.4928746325095412
0,2,64,Spliced,TERF2,circTERF2,circLib,sibling_uncalibrated,94,0.5401033121619545
0,2,64,Spliced,TERF2,circTERF2,circLib,sibling_calibrated,94,0.5401033121619545
0,2,64,Unspliced,ANKRD17,circANKRD17,circLib,stack,91,0.46103684366478115
0,2,64,Unspliced,ANKRD17,circANKRD17,circLib,target_kmer,91,0.28244227239581043
0,2,64,Unspliced,ANKRD17,circANKRD17,circLib,composition,91,0.7179277990791847
0,2,64,Unspliced,ANKRD17,circANKRD17,circLib,sibling_uncalibrated,91,0.46103684366478115
0,2,64,Unspliced,ANKRD17,circANKRD17,circLib,sibling_calibrated,91,0.46103684366478115
0,2,64,Unspliced,ATAD2,circATAD2,circLib,stack,22,0.1872129393998438
0,2,64,Unspliced,ATAD2,circATAD2,circLib,target_kmer,22,0.46485016075966545
0,2,64,Unspliced,ATAD2,circATAD2,circLib,composition,22,0.5538105443900428
0,2,64,Unspliced,ATAD2,circATAD2,circLib,sibling_uncalibrated,22,0.5673024162741184
0,2,64,Unspliced,ATAD2,circATAD2,circLib,sibling_calibrated,22,0.5673024162741184
0,2,64,Unspliced,CNOT,circCNOT,circLib,stack,28,0.32131743037203697
0,2,64,Unspliced,CNOT,circCNOT,circLib,target_kmer,28,0.16270895401227142
0,2,64,Unspliced,CNOT,circCNOT,circLib,composition,28,0.24902242432227267
0,2,64,Unspliced,CNOT,circCNOT,circLib,sibling_uncalibrated,28,0.16270895401227142
0,2,64,Unspliced,CNOT,circCNOT,circLib,sibling_calibrated,28,0.16270895401227142
0,2,64,Unspliced,CNOT6,circCNOT6,circLib,stack,14,0.35611612424772626
0,2,64,Unspliced,CNOT6,circCNOT6,circLib,target_kmer,14,0.48477768520331876
0,2,64,Unspliced,CNOT6,circCNOT6,circLib,composition,14,0.5030494821715956
0,2,64,Unspliced,CNOT6,circCNOT6,circLib,sibling_uncalibrated,14,0.35611612424772626
0,2,64,Unspliced,CNOT6,circCNOT6,circLib,sibling_calibrated,14,0.35611612424772626
0,2,64,Unspliced,MASTL,circMASTL,circLib,stack,13,0.25797976612413387
0,2,64,Unspliced,MASTL,circMASTL,circLib,target_kmer,13,0.8006256643533316
0,2,64,Unspliced,MASTL,circMASTL,circLib,composition,13,0.20971333320752616
0,2,64,Unspliced,MASTL,circMASTL,circLib,sibling_uncalibrated,13,0.25797976612413387
0,2,64,Unspliced,MASTL,circMASTL,circLib,sibling_calibrated,13,0.25797976612413387
0,2,64,Unspliced,MYH11,circMYH11,circLib,stack,22,0.32534095108253924
0,2,64,Unspliced,MYH11,circMYH11,circLib,target_kmer,22,0.5989885062068697
0,2,64,Unspliced,MYH11,circMYH11,circLib,composition,22,0.42141741133338906
0,2,64,Unspliced,MYH11,circMYH11,circLib,sibling_uncalibrated,22,0.10022182791087267
0,2,64,Unspliced,MYH11,circMYH11,circLib,sibling_calibrated,22,0.10022182791087267
0,2,64,Unspliced,NMRAL1,circNMRAL1,circLib,stack,25,0.30088492552690627
0,2,64,Unspliced,NMRAL1,circNMRAL1,circLib,target_kmer,25,0.5692025079396461
0,2,64,Unspliced,NMRAL1,circNMRAL1,circLib,composition,25,0.2616302469980791
0,2,64,Unspliced,NMRAL1,circNMRAL1,circLib,sibling_uncalibrated,25,0.41013849583395484
0,2,64,Unspliced,NMRAL1,circNMRAL1,circLib,sibling_calibrated,25,0.41013849583395484
0,2,64,Unspliced,PAIP2,circPAIP2,circLib,stack,18,0.254336478635682
0,2,64,Unspliced,PAIP2,circPAIP2,circLib,target_kmer,18,0.7367330614992791
0,2,64,Unspliced,PAIP2,circPAIP2,circLib,composition,18,0.181966409915206
0,2,64,Unspliced,PAIP2,circPAIP2,circLib,sibling_uncalibrated,18,0.1535057438720842
0,2,64,Unspliced,PAIP2,circPAIP2,circLib,sibling_calibrated,18,0.1535057438720842
0,2,64,Unspliced,PIP5K1C,circPIP5K1C,circLib,stack,13,0.3422343705195849
0,2,64,Unspliced,PIP5K1C,circPIP5K1C,circLib,target_kmer,13,0.12913684536010886
0,2,64,Unspliced,PIP5K1C,circPIP5K1C,circLib,composition,13,0.28602780001229555
0,2,64,Unspliced,PIP5K1C,circPIP5K1C,circLib,sibling_uncalibrated,13,0.6587190011623693
0,2,64,Unspliced,PIP5K1C,circPIP5K1C,circLib,sibling_calibrated,13,0.6587190011623693
0,2,64,Unspliced,RIAN,Rian,nucLib,stack,15,0.0027852131431048643
0,2,64,Unspliced,RIAN,Rian,nucLib,target_kmer,15,0.11987689138540204
0,2,64,Unspliced,RIAN,Rian,nucLib,composition,15,0.29079117437369517
0,2,64,Unspliced,RIAN,Rian,nucLib,sibling_uncalibrated,15,0.0027852131431048643
0,2,64,Unspliced,RIAN,Rian,nucLib,sibling_calibrated,15,0.0027852131431048643
0,2,64,Unspliced,TERF2,circTERF2,circLib,stack,93,0.4956931075428068
0,2,64,Unspliced,TERF2,circTERF2,circLib,target_kmer,93,0.41743262497940226
0,2,64,Unspliced,TERF2,circTERF2,circLib,composition,93,0.5830105612036349
0,2,64,Unspliced,TERF2,circTERF2,circLib,sibling_uncalibrated,93,0.4956931075428068
0,2,64,Unspliced,TERF2,circTERF2,circLib,sibling_calibrated,93,0.4956931075428068
0,2,64,Circular,ANKRD17,circANKRD17,circLib,stack,86,0.5000347997597712
0,2,64,Circular,ANKRD17,circANKRD17,circLib,target_kmer,86,0.3733247102860433
0,2,64,Circular,ANKRD17,circANKRD17,circLib,composition,86,0.5645686436689361
0,2,64,Circular,ANKRD17,circANKRD17,circLib,sibling_uncalibrated,86,0.5394064812640686
0,2,64,Circular,ANKRD17,circANKRD17,circLib,sibling_calibrated,86,0.5394064812640686
0,2,64,Circular,ATAD2,circATAD2,circLib,stack,20,0.0998830617221642
0,2,64,Circular,ATAD2,circATAD2,circLib,target_kmer,20,0.2552613598563172
0,2,64,Circular,ATAD2,circATAD2,circLib,composition,20,0.1460166073819263
0,2,64,Circular,ATAD2,circATAD2,circLib,sibling_uncalibrated,20,0.0998830617221642
0,2,64,Circular,ATAD2,circATAD2,circLib,sibling_calibrated,20,0.0998830617221642
0,2,64,Circular,CNOT,circCNOT,circLib,stack,27,0.5755069337256471
0,2,64,Circular,CNOT,circCNOT,circLib,target_kmer,27,0.6005188770964696
0,2,64,Circular,CNOT,circCNOT,circLib,composition,27,0.2611897143638184
0,2,64,Circular,CNOT,circCNOT,circLib,sibling_uncalibrated,27,0.31980108786523614
0,2,64,Circular,CNOT,circCNOT,circLib,sibling_calibrated,27,0.31980108786523614
0,2,64,Circular,CNOT6,circCNOT6,circLib,stack,14,0.5045557527638909
0,2,64,Circular,CNOT6,circCNOT6,circLib,target_kmer,14,0.789847861666396
0,2,64,Circular,CNOT6,circCNOT6,circLib,composition,14,0.6612215621852405
0,2,64,Circular,CNOT6,circCNOT6,circLib,sibling_uncalibrated,14,0.3387784378147594
0,2,64,Circular,CNOT6,circCNOT6,circLib,sibling_calibrated,14,0.3387784378147594
0,2,64,Circular,MASTL,circMASTL,circLib,stack,12,0.11162735943839389
0,2,64,Circular,MASTL,circMASTL,circLib,target_kmer,12,0.7569368519838564
0,2,64,Circular,MASTL,circMASTL,circLib,composition,12,0.41189410674695964
0,2,64,Circular,MASTL,circMASTL,circLib,sibling_uncalibrated,12,0.11162735943839389
0,2,64,Circular,MASTL,circMASTL,circLib,sibling_calibrated,12,0.11162735943839389
0,2,64,Circular,MYH11,circMYH11,circLib,stack,20,0.36644981092696816
0,2,64,Circular,MYH11,circMYH11,circLib,target_kmer,20,0.4756278413668307
0,2,64,Circular,MYH11,circMYH11,circLib,composition,20,0.4820515173959101
0,2,64,Circular,MYH11,circMYH11,circLib,sibling_uncalibrated,20,0.47950928897203743
0,2,64,Circular,MYH11,circMYH11,circLib,sibling_calibrated,20,0.47950928897203743
0,2,64,Circular,NMRAL1,circNMRAL1,circLib,stack,24,0.4489792190369767
0,2,64,Circular,NMRAL1,circNMRAL1,circLib,target_kmer,24,0.3212909765171692
0,2,64,Circular,NMRAL1,circNMRAL1,circLib,composition,24,0.5013065154943984
0,2,64,Circular,NMRAL1,circNMRAL1,circLib,sibling_uncalibrated,24,0.4489792190369767
0,2,64,Circular,NMRAL1,circNMRAL1,circLib,sibling_calibrated,24,0.4489792190369767
0,2,64,Circular,PAIP2,circPAIP2,circLib,stack,18,0.9246978991967448
0,2,64,Circular,PAIP2,circPAIP2,circLib,target_kmer,18,0.38573984897638525
0,2,64,Circular,PAIP2,circPAIP2,circLib,composition,18,0.8798514723901742
0,2,64,Circular,PAIP2,circPAIP2,circLib,sibling_uncalibrated,18,0.9595324148322468
0,2,64,Circular,PAIP2,circPAIP2,circLib,sibling_calibrated,18,0.9595324148322468
0,2,64,Circular,PIP5K1C,circPIP5K1C,circLib,stack,12,0.49459617125591226
0,2,64,Circular,PIP5K1C,circPIP5K1C,circLib,target_kmer,12,0.37255201838270285
0,2,64,Circular,PIP5K1C,circPIP5K1C,circLib,composition,12,0.16239843151520117
0,2,64,Circular,PIP5K1C,circPIP5K1C,circLib,sibling_uncalibrated,12,0.49459617125591226
0,2,64,Circular,PIP5K1C,circPIP5K1C,circLib,sibling_calibrated,12,0.49459617125591226
0,2,64,Circular,RIAN,Rian,nucLib,stack,15,0.26800428964349154
0,2,64,Circular,RIAN,Rian,nucLib,target_kmer,15,0.26969336490081075
0,2,64,Circular,RIAN,Rian,nucLib,composition,15,0.09624187788371304
0,2,64,Circular,RIAN,Rian,nucLib,sibling_uncalibrated,15,0.26800428964349154
0,2,64,Circular,RIAN,Rian,nucLib,sibling_calibrated,15,0.26800428964349154
0,2,64,Circular,TERF2,circTERF2,circLib,stack,86,0.4742718898518291
0,2,64,Circular,TERF2,circTERF2,circLib,target_kmer,86,0.3941025581622655
0,2,64,Circular,TERF2,circTERF2,circLib,composition,86,0.5990112101569416
0,2,64,Circular,TERF2,circTERF2,circLib,sibling_uncalibrated,86,0.4742718898518291
0,2,64,Circular,TERF2,circTERF2,circLib,sibling_calibrated,86,0.4742718898518291
0,2,64,SCRCircular,ANKRD17,circANKRD17,circLib,stack,91,0.20705408081614507
0,2,64,SCRCircular,ANKRD17,circANKRD17,circLib,target_kmer,91,0.23031087756443627
0,2,64,SCRCircular,ANKRD17,circANKRD17,circLib,composition,91,0.7690210902848565
0,2,64,SCRCircular,ANKRD17,circANKRD17,circLib,sibling_uncalibrated,91,0.2948547114930483
0,2,64,SCRCircular,ANKRD17,circANKRD17,circLib,sibling_calibrated,91,0.2948547114930483
0,2,64,SCRCircular,ATAD2,circATAD2,circLib,stack,22,0.17429603626098658
0,2,64,SCRCircular,ATAD2,circATAD2,circLib,target_kmer,22,0.15153144298356921
0,2,64,SCRCircular,ATAD2,circATAD2,circLib,composition,22,0.19771707895010865
0,2,64,SCRCircular,ATAD2,circATAD2,circLib,sibling_uncalibrated,22,0.19788119910562468
0,2,64,SCRCircular,ATAD2,circATAD2,circLib,sibling_calibrated,22,0.19788119910562468
0,2,64,SCRCircular,CNOT,circCNOT,circLib,stack,28,0.43244863352839036
0,2,64,SCRCircular,CNOT,circCNOT,circLib,target_kmer,28,0.16457255772926066
0,2,64,SCRCircular,CNOT,circCNOT,circLib,composition,28,0.378515211913387
0,2,64,SCRCircular,CNOT,circCNOT,circLib,sibling_uncalibrated,28,0.3691056369955821
0,2,64,SCRCircular,CNOT,circCNOT,circLib,sibling_calibrated,28,0.3691056369955821
0,2,64,SCRCircular,CNOT6,circCNOT6,circLib,stack,14,0.5809225848713697
0,2,64,SCRCircular,CNOT6,circCNOT6,circLib,target_kmer,14,0.29299542964184455
0,2,64,SCRCircular,CNOT6,circCNOT6,circLib,composition,14,0.836220399920148
0,2,64,SCRCircular,CNOT6,circCNOT6,circLib,sibling_uncalibrated,14,0.45261914890144195
0,2,64,SCRCircular,CNOT6,circCNOT6,circLib,sibling_calibrated,14,0.45261914890144195
0,2,64,SCRCircular,GSE1,circGSE1,circLib,stack,10,0.8135971375526334
0,2,64,SCRCircular,GSE1,circGSE1,circLib,target_kmer,10,0.5454900818986493
0,2,64,SCRCircular,GSE1,circGSE1,circLib,composition,10,0.6135313679181669
0,2,64,SCRCircular,GSE1,circGSE1,circLib,sibling_uncalibrated,10,0.8507937025556367
0,2,64,SCRCircular,GSE1,circGSE1,circLib,sibling_calibrated,10,0.8507937025556367
0,2,64,SCRCircular,MASTL,circMASTL,circLib,stack,13,0.21699885362667778
0,2,64,SCRCircular,MASTL,circMASTL,circLib,target_kmer,13,0.7965948050121284
0,2,64,SCRCircular,MASTL,circMASTL,circLib,composition,13,0.041487177505616826
0,2,64,SCRCircular,MASTL,circMASTL,circLib,sibling_uncalibrated,13,0.24496450163143813
0,2,64,SCRCircular,MASTL,circMASTL,circLib,sibling_calibrated,13,0.24496450163143813
0,2,64,SCRCircular,MYH11,circMYH11,circLib,stack,22,0.7501653306472058
0,2,64,SCRCircular,MYH11,circMYH11,circLib,target_kmer,22,0.3022858665066666
0,2,64,SCRCircular,MYH11,circMYH11,circLib,composition,22,0.6884547228902458
0,2,64,SCRCircular,MYH11,circMYH11,circLib,sibling_uncalibrated,22,0.43829019912503053
0,2,64,SCRCircular,MYH11,circMYH11,circLib,sibling_calibrated,22,0.43829019912503053
0,2,64,SCRCircular,NMRAL1,circNMRAL1,circLib,stack,24,0.34690357755977874
0,2,64,SCRCircular,NMRAL1,circNMRAL1,circLib,target_kmer,24,0.2668173857676085
0,2,64,SCRCircular,NMRAL1,circNMRAL1,circLib,composition,24,0.5104729771022793
0,2,64,SCRCircular,NMRAL1,circNMRAL1,circLib,sibling_uncalibrated,24,0.34690357755977874
0,2,64,SCRCircular,NMRAL1,circNMRAL1,circLib,sibling_calibrated,24,0.34690357755977874
0,2,64,SCRCircular,PAIP2,circPAIP2,circLib,stack,17,0.4952300647878185
0,2,64,SCRCircular,PAIP2,circPAIP2,circLib,target_kmer,17,0.2753813662191531
0,2,64,SCRCircular,PAIP2,circPAIP2,circLib,composition,17,0.9450911482916635
0,2,64,SCRCircular,PAIP2,circPAIP2,circLib,sibling_uncalibrated,17,0.4952300647878185
0,2,64,SCRCircular,PAIP2,circPAIP2,circLib,sibling_calibrated,17,0.4952300647878185
0,2,64,SCRCircular,PIP5K1C,circPIP5K1C,circLib,stack,13,0.6769602830990572
0,2,64,SCRCircular,PIP5K1C,circPIP5K1C,circLib,target_kmer,13,0.297550393810442
0,2,64,SCRCircular,PIP5K1C,circPIP5K1C,circLib,composition,13,0.5030395472183193
0,2,64,SCRCircular,PIP5K1C,circPIP5K1C,circLib,sibling_uncalibrated,13,0.6769602830990572
0,2,64,SCRCircular,PIP5K1C,circPIP5K1C,circLib,sibling_calibrated,13,0.6769602830990572
0,2,64,SCRCircular,RIAN,Rian,nucLib,stack,16,0.11172591240588635
0,2,64,SCRCircular,RIAN,Rian,nucLib,target_kmer,16,0.3402763418868595
0,2,64,SCRCircular,RIAN,Rian,nucLib,composition,16,0.4617108319515183
0,2,64,SCRCircular,RIAN,Rian,nucLib,sibling_uncalibrated,16,0.11172591240588635
0,2,64,SCRCircular,RIAN,Rian,nucLib,sibling_calibrated,16,0.11172591240588635
0,2,64,SCRCircular,TERF2,circTERF2,circLib,stack,89,0.19634463413396114
0,2,64,SCRCircular,TERF2,circTERF2,circLib,target_kmer,89,0.23818943673924017
0,2,64,SCRCircular,TERF2,circTERF2,circLib,composition,89,0.6178021197410286
0,2,64,SCRCircular,TERF2,circTERF2,circLib,sibling_uncalibrated,89,0.19634463413396114
0,2,64,SCRCircular,TERF2,circTERF2,circLib,sibling_calibrated,89,0.19634463413396114
0,2,256,Spliced,ANKRD17,circANKRD17,circLib,stack,91,0.43059764843380643
0,2,256,Spliced,ANKRD17,circANKRD17,circLib,target_kmer,91,0.6648809821910305
0,2,256,Spliced,ANKRD17,circANKRD17,circLib,composition,91,0.33290038283892626
0,2,256,Spliced,ANKRD17,circANKRD17,circLib,sibling_uncalibrated,91,0.47892216870163473
0,2,256,Spliced,ANKRD17,circANKRD17,circLib,sibling_calibrated,91,0.47892216870163473
0,2,256,Spliced,ATAD2,circATAD2,circLib,stack,22,0.45981502164615246
0,2,256,Spliced,ATAD2,circATAD2,circLib,target_kmer,22,0.12378618484956393
0,2,256,Spliced,ATAD2,circATAD2,circLib,composition,22,0.017119913547528884
0,2,256,Spliced,ATAD2,circATAD2,circLib,sibling_uncalibrated,22,0.45981502164615246
0,2,256,Spliced,ATAD2,circATAD2,circLib,sibling_calibrated,22,0.45981502164615246
0,2,256,Spliced,CNOT,circCNOT,circLib,stack,28,0.12161261119303285
0,2,256,Spliced,CNOT,circCNOT,circLib,target_kmer,28,0.07440405244898285
0,2,256,Spliced,CNOT,circCNOT,circLib,composition,28,0.027559264433687624
0,2,256,Spliced,CNOT,circCNOT,circLib,sibling_uncalibrated,28,0.18121516725095754
0,2,256,Spliced,CNOT,circCNOT,circLib,sibling_calibrated,28,0.18121516725095754
0,2,256,Spliced,CNOT6,circCNOT6,circLib,stack,14,0.7541887400571372
0,2,256,Spliced,CNOT6,circCNOT6,circLib,target_kmer,14,0.5431118813566248
0,2,256,Spliced,CNOT6,circCNOT6,circLib,composition,14,0.5333760794907769
0,2,256,Spliced,CNOT6,circCNOT6,circLib,sibling_uncalibrated,14,0.45688811864337525
0,2,256,Spliced,CNOT6,circCNOT6,circLib,sibling_calibrated,14,0.45688811864337525
0,2,256,Spliced,GSE1,circGSE1,circLib,stack,10,0.16195943096589885
0,2,256,Spliced,GSE1,circGSE1,circLib,target_kmer,10,0.13050317119239488
0,2,256,Spliced,GSE1,circGSE1,circLib,composition,10,0.13050317119239488
0,2,256,Spliced,GSE1,circGSE1,circLib,sibling_uncalibrated,10,0.16195943096589885
0,2,256,Spliced,GSE1,circGSE1,circLib,sibling_calibrated,10,0.16195943096589885
0,2,256,Spliced,MASTL,circMASTL,circLib,stack,13,0.316219214882161
0,2,256,Spliced,MASTL,circMASTL,circLib,target_kmer,13,0.7747970560548987
0,2,256,Spliced,MASTL,circMASTL,circLib,composition,13,0.3355580685650775
0,2,256,Spliced,MASTL,circMASTL,circLib,sibling_uncalibrated,13,0.18052817953563716
0,2,256,Spliced,MASTL,circMASTL,circLib,sibling_calibrated,13,0.18052817953563716
0,2,256,Spliced,MYH11,circMYH11,circLib,stack,22,0.4883703361211358
0,2,256,Spliced,MYH11,circMYH11,circLib,target_kmer,22,0.13509047220205403
0,2,256,Spliced,MYH11,circMYH11,circLib,composition,22,0.4635299602061368
0,2,256,Spliced,MYH11,circMYH11,circLib,sibling_uncalibrated,22,0.2701905068978775
0,2,256,Spliced,MYH11,circMYH11,circLib,sibling_calibrated,22,0.2701905068978775
0,2,256,Spliced,NMRAL1,circNMRAL1,circLib,stack,25,0.7429502196537034
0,2,256,Spliced,NMRAL1,circNMRAL1,circLib,target_kmer,25,0.27878363851920024
0,2,256,Spliced,NMRAL1,circNMRAL1,circLib,composition,25,0.7606854922276827
0,2,256,Spliced,NMRAL1,circNMRAL1,circLib,sibling_uncalibrated,25,0.7606854922276827
0,2,256,Spliced,NMRAL1,circNMRAL1,circLib,sibling_calibrated,25,0.7606854922276827
0,2,256,Spliced,PAIP2,circPAIP2,circLib,stack,18,0.36101957170041915
0,2,256,Spliced,PAIP2,circPAIP2,circLib,target_kmer,18,0.4028615757438288
0,2,256,Spliced,PAIP2,circPAIP2,circLib,composition,18,0.12619673794365474
0,2,256,Spliced,PAIP2,circPAIP2,circLib,sibling_uncalibrated,18,0.6430267579672186
0,2,256,Spliced,PAIP2,circPAIP2,circLib,sibling_calibrated,18,0.6430267579672186
0,2,256,Spliced,PIP5K1C,circPIP5K1C,circLib,stack,13,0.5327951660679053
0,2,256,Spliced,PIP5K1C,circPIP5K1C,circLib,target_kmer,13,0.234972771455542
0,2,256,Spliced,PIP5K1C,circPIP5K1C,circLib,composition,13,0.234972771455542
0,2,256,Spliced,PIP5K1C,circPIP5K1C,circLib,sibling_uncalibrated,13,0.1846844911035801
0,2,256,Spliced,PIP5K1C,circPIP5K1C,circLib,sibling_calibrated,13,0.1846844911035801
0,2,256,Spliced,RIAN,Rian,nucLib,stack,16,0.7317084552990122
0,2,256,Spliced,RIAN,Rian,nucLib,target_kmer,16,0.3545762208632781
0,2,256,Spliced,RIAN,Rian,nucLib,composition,16,0.7192937884040311
0,2,256,Spliced,RIAN,Rian,nucLib,sibling_uncalibrated,16,0.7317084552990122
0,2,256,Spliced,RIAN,Rian,nucLib,sibling_calibrated,16,0.7317084552990122
0,2,256,Spliced,TERF2,circTERF2,circLib,stack,94,0.4686059664260436
0,2,256,Spliced,TERF2,circTERF2,circLib,target_kmer,94,0.465107615997219
0,2,256,Spliced,TERF2,circTERF2,circLib,composition,94,0.4928746325095412
0,2,256,Spliced,TERF2,circTERF2,circLib,sibling_uncalibrated,94,0.5401033121619545
0,2,256,Spliced,TERF2,circTERF2,circLib,sibling_calibrated,94,0.5401033121619545
0,2,256,Unspliced,ANKRD17,circANKRD17,circLib,stack,91,0.46103684366478115
0,2,256,Unspliced,ANKRD17,circANKRD17,circLib,target_kmer,91,0.15899135878623688
0,2,256,Unspliced,ANKRD17,circANKRD17,circLib,composition,91,0.4881010485635249
0,2,256,Unspliced,ANKRD17,circANKRD17,circLib,sibling_uncalibrated,91,0.46103684366478115
0,2,256,Unspliced,ANKRD17,circANKRD17,circLib,sibling_calibrated,91,0.46103684366478115
0,2,256,Unspliced,ATAD2,circATAD2,circLib,stack,22,0.1872129393998438
0,2,256,Unspliced,ATAD2,circATAD2,circLib,target_kmer,22,0.5541833461467687
0,2,256,Unspliced,ATAD2,circATAD2,circLib,composition,22,0.509004402860723
0,2,256,Unspliced,ATAD2,circATAD2,circLib,sibling_uncalibrated,22,0.5673024162741184
0,2,256,Unspliced,ATAD2,circATAD2,circLib,sibling_calibrated,22,0.5673024162741184
0,2,256,Unspliced,CNOT,circCNOT,circLib,stack,28,0.32131743037203697
0,2,256,Unspliced,CNOT,circCNOT,circLib,target_kmer,28,0.5067392372157511
0,2,256,Unspliced,CNOT,circCNOT,circLib,composition,28,0.24902242432227267
0,2,256,Unspliced,CNOT,circCNOT,circLib,sibling_uncalibrated,28,0.16270895401227142
0,2,256,Unspliced,CNOT,circCNOT,circLib,sibling_calibrated,28,0.16270895401227142
0,2,256,Unspliced,CNOT6,circCNOT6,circLib,stack,14,0.34765594729413907
0,2,256,Unspliced,CNOT6,circCNOT6,circLib,target_kmer,14,0.24687325881488992
0,2,256,Unspliced,CNOT6,circCNOT6,circLib,composition,14,0.5030494821715956
0,2,256,Unspliced,CNOT6,circCNOT6,circLib,sibling_uncalibrated,14,0.35611612424772626
0,2,256,Unspliced,CNOT6,circCNOT6,circLib,sibling_calibrated,14,0.35611612424772626
0,2,256,Unspliced,MASTL,circMASTL,circLib,stack,13,0.25797976612413387
0,2,256,Unspliced,MASTL,circMASTL,circLib,target_kmer,13,0.5714094301174806
0,2,256,Unspliced,MASTL,circMASTL,circLib,composition,13,0.20971333320752616
0,2,256,Unspliced,MASTL,circMASTL,circLib,sibling_uncalibrated,13,0.25797976612413387
0,2,256,Unspliced,MASTL,circMASTL,circLib,sibling_calibrated,13,0.25797976612413387
0,2,256,Unspliced,MYH11,circMYH11,circLib,stack,22,0.32534095108253924
0,2,256,Unspliced,MYH11,circMYH11,circLib,target_kmer,22,0.5803248110152603
0,2,256,Unspliced,MYH11,circMYH11,circLib,composition,22,0.42141741133338906
0,2,256,Unspliced,MYH11,circMYH11,circLib,sibling_uncalibrated,22,0.10022182791087267
0,2,256,Unspliced,MYH11,circMYH11,circLib,sibling_calibrated,22,0.10022182791087267
0,2,256,Unspliced,NMRAL1,circNMRAL1,circLib,stack,25,0.30088492552690627
0,2,256,Unspliced,NMRAL1,circNMRAL1,circLib,target_kmer,25,0.20857856800421543
0,2,256,Unspliced,NMRAL1,circNMRAL1,circLib,composition,25,0.2616302469980791
0,2,256,Unspliced,NMRAL1,circNMRAL1,circLib,sibling_uncalibrated,25,0.41013849583395484
0,2,256,Unspliced,NMRAL1,circNMRAL1,circLib,sibling_calibrated,25,0.41013849583395484
0,2,256,Unspliced,PAIP2,circPAIP2,circLib,stack,18,0.254336478635682
0,2,256,Unspliced,PAIP2,circPAIP2,circLib,target_kmer,18,0.43760780641652397
0,2,256,Unspliced,PAIP2,circPAIP2,circLib,composition,18,0.181966409915206
0,2,256,Unspliced,PAIP2,circPAIP2,circLib,sibling_uncalibrated,18,0.1535057438720842
0,2,256,Unspliced,PAIP2,circPAIP2,circLib,sibling_calibrated,18,0.1535057438720842
0,2,256,Unspliced,PIP5K1C,circPIP5K1C,circLib,stack,13,0.5603982769804372
0,2,256,Unspliced,PIP5K1C,circPIP5K1C,circLib,target_kmer,13,0.2285852158784321
0,2,256,Unspliced,PIP5K1C,circPIP5K1C,circLib,composition,13,0.2122915180588126
0,2,256,Unspliced,PIP5K1C,circPIP5K1C,circLib,sibling_uncalibrated,13,0.6587190011623693
0,2,256,Unspliced,PIP5K1C,circPIP5K1C,circLib,sibling_calibrated,13,0.6587190011623693
0,2,256,Unspliced,RIAN,Rian,nucLib,stack,15,0.0027852131431048643
0,2,256,Unspliced,RIAN,Rian,nucLib,target_kmer,15,0.1739511126503549
0,2,256,Unspliced,RIAN,Rian,nucLib,composition,15,0.29079117437369517
0,2,256,Unspliced,RIAN,Rian,nucLib,sibling_uncalibrated,15,0.0027852131431048643
0,2,256,Unspliced,RIAN,Rian,nucLib,sibling_calibrated,15,0.0027852131431048643
0,2,256,Unspliced,TERF2,circTERF2,circLib,stack,93,0.4956931075428068
0,2,256,Unspliced,TERF2,circTERF2,circLib,target_kmer,93,0.6425352419827352
0,2,256,Unspliced,TERF2,circTERF2,circLib,composition,93,0.5830105612036349
0,2,256,Unspliced,TERF2,circTERF2,circLib,sibling_uncalibrated,93,0.4956931075428068
0,2,256,Unspliced,TERF2,circTERF2,circLib,sibling_calibrated,93,0.4956931075428068
0,2,256,Circular,ANKRD17,circANKRD17,circLib,stack,86,0.5000347997597712
0,2,256,Circular,ANKRD17,circANKRD17,circLib,target_kmer,86,0.3890641431086235
0,2,256,Circular,ANKRD17,circANKRD17,circLib,composition,86,0.6306561771213275
0,2,256,Circular,ANKRD17,circANKRD17,circLib,sibling_uncalibrated,86,0.5394064812640686
0,2,256,Circular,ANKRD17,circANKRD17,circLib,sibling_calibrated,86,0.5394064812640686
0,2,256,Circular,ATAD2,circATAD2,circLib,stack,20,0.0998830617221642
0,2,256,Circular,ATAD2,circATAD2,circLib,target_kmer,20,0.1543330602812068
0,2,256,Circular,ATAD2,circATAD2,circLib,composition,20,0.6090260469798205
0,2,256,Circular,ATAD2,circATAD2,circLib,sibling_uncalibrated,20,0.0998830617221642
0,2,256,Circular,ATAD2,circATAD2,circLib,sibling_calibrated,20,0.0998830617221642
0,2,256,Circular,CNOT,circCNOT,circLib,stack,27,0.3452496394690402
0,2,256,Circular,CNOT,circCNOT,circLib,target_kmer,27,0.011844815584294253
0,2,256,Circular,CNOT,circCNOT,circLib,composition,27,0.3953780702071956
0,2,256,Circular,CNOT,circCNOT,circLib,sibling_uncalibrated,27,0.31980108786523614
0,2,256,Circular,CNOT,circCNOT,circLib,sibling_calibrated,27,0.31980108786523614
0,2,256,Circular,CNOT6,circCNOT6,circLib,stack,14,0.8387784378147594
0,2,256,Circular,CNOT6,circCNOT6,circLib,target_kmer,14,0.4566419305073034
0,2,256,Circular,CNOT6,circCNOT6,circLib,composition,14,0.5356469217874882
0,2,256,Circular,CNOT6,circCNOT6,circLib,sibling_uncalibrated,14,0.3387784378147594
0,2,256,Circular,CNOT6,circCNOT6,circLib,sibling_calibrated,14,0.3387784378147594
0,2,256,Circular,MASTL,circMASTL,circLib,stack,12,0.11162735943839389
0,2,256,Circular,MASTL,circMASTL,circLib,target_kmer,12,0.34965309431582786
0,2,256,Circular,MASTL,circMASTL,circLib,composition,12,0.2583292341039302
0,2,256,Circular,MASTL,circMASTL,circLib,sibling_uncalibrated,12,0.11162735943839389
0,2,256,Circular,MASTL,circMASTL,circLib,sibling_calibrated,12,0.11162735943839389
0,2,256,Circular,MYH11,circMYH11,circLib,stack,20,0.36644981092696816
0,2,256,Circular,MYH11,circMYH11,circLib,target_kmer,20,0.20907485487288094
0,2,256,Circular,MYH11,circMYH11,circLib,composition,20,0.43690592478822954
0,2,256,Circular,MYH11,circMYH11,circLib,sibling_uncalibrated,20,0.47950928897203743
0,2,256,Circular,MYH11,circMYH11,circLib,sibling_calibrated,20,0.47950928897203743
0,2,256,Circular,NMRAL1,circNMRAL1,circLib,stack,24,0.380569870172062
0,2,256,Circular,NMRAL1,circNMRAL1,circLib,target_kmer,24,0.24321853989841424
0,2,256,Circular,NMRAL1,circNMRAL1,circLib,composition,24,0.5013065154943984
0,2,256,Circular,NMRAL1,circNMRAL1,circLib,sibling_uncalibrated,24,0.4489792190369767
0,2,256,Circular,NMRAL1,circNMRAL1,circLib,sibling_calibrated,24,0.4489792190369767
0,2,256,Circular,PAIP2,circPAIP2,circLib,stack,18,0.9246978991967448
0,2,256,Circular,PAIP2,circPAIP2,circLib,target_kmer,18,0.24760715042789563
0,2,256,Circular,PAIP2,circPAIP2,circLib,composition,18,0.9013643876771648
0,2,256,Circular,PAIP2,circPAIP2,circLib,sibling_uncalibrated,18,0.9595324148322468
0,2,256,Circular,PAIP2,circPAIP2,circLib,sibling_calibrated,18,0.9595324148322468
0,2,256,Circular,PIP5K1C,circPIP5K1C,circLib,stack,12,0.49459617125591226
0,2,256,Circular,PIP5K1C,circPIP5K1C,circLib,target_kmer,12,0.702814224172294
0,2,256,Circular,PIP5K1C,circPIP5K1C,circLib,composition,12,0.3595069689239011
0,2,256,Circular,PIP5K1C,circPIP5K1C,circLib,sibling_uncalibrated,12,0.49459617125591226
0,2,256,Circular,PIP5K1C,circPIP5K1C,circLib,sibling_calibrated,12,0.49459617125591226
0,2,256,Circular,RIAN,Rian,nucLib,stack,15,0.26800428964349154
0,2,256,Circular,RIAN,Rian,nucLib,target_kmer,15,0.26969336490081075
0,2,256,Circular,RIAN,Rian,nucLib,composition,15,0.09132421151110132
0,2,256,Circular,RIAN,Rian,nucLib,sibling_uncalibrated,15,0.26800428964349154
0,2,256,Circular,RIAN,Rian,nucLib,sibling_calibrated,15,0.26800428964349154
0,2,256,Circular,TERF2,circTERF2,circLib,stack,86,0.4742718898518291
0,2,256,Circular,TERF2,circTERF2,circLib,target_kmer,86,0.4176004922355582
0,2,256,Circular,TERF2,circTERF2,circLib,composition,86,0.669965051907814
0,2,256,Circular,TERF2,circTERF2,circLib,sibling_uncalibrated,86,0.4742718898518291
0,2,256,Circular,TERF2,circTERF2,circLib,sibling_calibrated,86,0.4742718898518291
0,2,256,SCRCircular,ANKRD17,circANKRD17,circLib,stack,91,0.19482049951433242
0,2,256,SCRCircular,ANKRD17,circANKRD17,circLib,target_kmer,91,0.5235487932648393
0,2,256,SCRCircular,ANKRD17,circANKRD17,circLib,composition,91,0.4269692362960449
0,2,256,SCRCircular,ANKRD17,circANKRD17,circLib,sibling_uncalibrated,91,0.2948547114930483
0,2,256,SCRCircular,ANKRD17,circANKRD17,circLib,sibling_calibrated,91,0.2948547114930483
0,2,256,SCRCircular,ATAD2,circATAD2,circLib,stack,22,0.17429603626098658
0,2,256,SCRCircular,ATAD2,circATAD2,circLib,target_kmer,22,0.17429603626098658
0,2,256,SCRCircular,ATAD2,circATAD2,circLib,composition,22,0.6273789588174032
0,2,256,SCRCircular,ATAD2,circATAD2,circLib,sibling_uncalibrated,22,0.19788119910562468
0,2,256,SCRCircular,ATAD2,circATAD2,circLib,sibling_calibrated,22,0.19788119910562468
0,2,256,SCRCircular,CNOT,circCNOT,circLib,stack,28,0.4842448346481023
0,2,256,SCRCircular,CNOT,circCNOT,circLib,target_kmer,28,0.33266045366471186
0,2,256,SCRCircular,CNOT,circCNOT,circLib,composition,28,0.29574582152294365
0,2,256,SCRCircular,CNOT,circCNOT,circLib,sibling_uncalibrated,28,0.3691056369955821
0,2,256,SCRCircular,CNOT,circCNOT,circLib,sibling_calibrated,28,0.3691056369955821
0,2,256,SCRCircular,CNOT6,circCNOT6,circLib,stack,14,0.5809225848713697
0,2,256,SCRCircular,CNOT6,circCNOT6,circLib,target_kmer,14,0.1469585567537708
0,2,256,SCRCircular,CNOT6,circCNOT6,circLib,composition,14,0.4445626301050308
0,2,256,SCRCircular,CNOT6,circCNOT6,circLib,sibling_uncalibrated,14,0.45261914890144195
0,2,256,SCRCircular,CNOT6,circCNOT6,circLib,sibling_calibrated,14,0.45261914890144195
0,2,256,SCRCircular,GSE1,circGSE1,circLib,stack,10,0.8135971375526334
0,2,256,SCRCircular,GSE1,circGSE1,circLib,target_kmer,10,0.5454900818986493
0,2,256,SCRCircular,GSE1,circGSE1,circLib,composition,10,0.6135313679181669
0,2,256,SCRCircular,GSE1,circGSE1,circLib,sibling_uncalibrated,10,0.8507937025556367
0,2,256,SCRCircular,GSE1,circGSE1,circLib,sibling_calibrated,10,0.8507937025556367
0,2,256,SCRCircular,MASTL,circMASTL,circLib,stack,13,0.21699885362667778
0,2,256,SCRCircular,MASTL,circMASTL,circLib,target_kmer,13,0.5322034959669097
0,2,256,SCRCircular,MASTL,circMASTL,circLib,composition,13,0.20340519498787155
0,2,256,SCRCircular,MASTL,circMASTL,circLib,sibling_uncalibrated,13,0.24496450163143813
0,2,256,SCRCircular,MASTL,circMASTL,circLib,sibling_calibrated,13,0.24496450163143813
0,2,256,SCRCircular,MYH11,circMYH11,circLib,stack,22,0.43829019912503053
0,2,256,SCRCircular,MYH11,circMYH11,circLib,target_kmer,22,0.43365918781064616
0,2,256,SCRCircular,MYH11,circMYH11,circLib,composition,22,0.41571379265596625
0,2,256,SCRCircular,MYH11,circMYH11,circLib,sibling_uncalibrated,22,0.43829019912503053
0,2,256,SCRCircular,MYH11,circMYH11,circLib,sibling_calibrated,22,0.43829019912503053
0,2,256,SCRCircular,NMRAL1,circNMRAL1,circLib,stack,24,0.34690357755977874
0,2,256,SCRCircular,NMRAL1,circNMRAL1,circLib,target_kmer,24,0.12926770212506627
0,2,256,SCRCircular,NMRAL1,circNMRAL1,circLib,composition,24,0.5407415699867127
0,2,256,SCRCircular,NMRAL1,circNMRAL1,circLib,sibling_uncalibrated,24,0.34690357755977874
0,2,256,SCRCircular,NMRAL1,circNMRAL1,circLib,sibling_calibrated,24,0.34690357755977874
0,2,256,SCRCircular,PAIP2,circPAIP2,circLib,stack,17,0.4952300647878185
0,2,256,SCRCircular,PAIP2,circPAIP2,circLib,target_kmer,17,0.32780045425663745
0,2,256,SCRCircular,PAIP2,circPAIP2,circLib,composition,17,0.8296968008954474
0,2,256,SCRCircular,PAIP2,circPAIP2,circLib,sibling_uncalibrated,17,0.4952300647878185
0,2,256,SCRCircular,PAIP2,circPAIP2,circLib,sibling_calibrated,17,0.4952300647878185
0,2,256,SCRCircular,PIP5K1C,circPIP5K1C,circLib,stack,13,0.6769602830990572
0,2,256,SCRCircular,PIP5K1C,circPIP5K1C,circLib,target_kmer,13,0.3738521874382173
0,2,256,SCRCircular,PIP5K1C,circPIP5K1C,circLib,composition,13,0.48763586191669994
0,2,256,SCRCircular,PIP5K1C,circPIP5K1C,circLib,sibling_uncalibrated,13,0.6769602830990572
0,2,256,SCRCircular,PIP5K1C,circPIP5K1C,circLib,sibling_calibrated,13,0.6769602830990572
0,2,256,SCRCircular,RIAN,Rian,nucLib,stack,16,0.11172591240588635
0,2,256,SCRCircular,RIAN,Rian,nucLib,target_kmer,16,0.22610697830507212
0,2,256,SCRCircular,RIAN,Rian,nucLib,composition,16,0.27847407208169206
0,2,256,SCRCircular,RIAN,Rian,nucLib,sibling_uncalibrated,16,0.11172591240588635
0,2,256,SCRCircular,RIAN,Rian,nucLib,sibling_calibrated,16,0.11172591240588635
0,2,256,SCRCircular,TERF2,circTERF2,circLib,stack,89,0.19634463413396114
0,2,256,SCRCircular,TERF2,circTERF2,circLib,target_kmer,89,0.15915762558617522
0,2,256,SCRCircular,TERF2,circTERF2,circLib,composition,89,0.5764333155089543
0,2,256,SCRCircular,TERF2,circTERF2,circLib,sibling_uncalibrated,89,0.19634463413396114
0,2,256,SCRCircular,TERF2,circTERF2,circLib,sibling_calibrated,89,0.19634463413396114
1,0,16,Spliced,BIRC6,circBIRC6,circLib,stack,58,0.36379101448992646
1,0,16,Spliced,BIRC6,circBIRC6,circLib,target_kmer,58,0.4715815424255544
1,0,16,Spliced,BIRC6,circBIRC6,circLib,composition,58,0.2658450096093799
1,0,16,Spliced,BIRC6,circBIRC6,circLib,sibling_uncalibrated,58,0.34415750518084
1,0,16,Spliced,BIRC6,circBIRC6,circLib,sibling_calibrated,58,0.34415750518084
1,0,16,Spliced,BWRD1,circBWRD1,circLib,stack,11,0.5920268477075604
1,0,16,Spliced,BWRD1,circBWRD1,circLib,target_kmer,11,0.0
1,0,16,Spliced,BWRD1,circBWRD1,circLib,composition,11,0.36278790492295176
1,0,16,Spliced,BWRD1,circBWRD1,circLib,sibling_uncalibrated,11,0.5920268477075604
1,0,16,Spliced,BWRD1,circBWRD1,circLib,sibling_calibrated,11,0.5920268477075604
1,0,16,Spliced,EVF2,Evf2,nucLib,stack,58,0.403258490155992
1,0,16,Spliced,EVF2,Evf2,nucLib,target_kmer,58,0.6017328355567249
1,0,16,Spliced,EVF2,Evf2,nucLib,composition,58,0.38253741304558603
1,0,16,Spliced,EVF2,Evf2,nucLib,sibling_uncalibrated,58,0.4382923757473822
1,0,16,Spliced,EVF2,Evf2,nucLib,sibling_calibrated,58,0.4382923757473822
1,0,16,Spliced,FENDRR,Fendrr,nucLib,stack,95,0.487737696454895
1,0,16,Spliced,FENDRR,Fendrr,nucLib,target_kmer,95,0.34121315826764037
1,0,16,Spliced,FENDRR,Fendrr,nucLib,composition,95,0.4137670659536441
1,0,16,Spliced,FENDRR,Fendrr,nucLib,sibling_uncalibrated,95,0.21645623338589465
1,0,16,Spliced,FENDRR,Fendrr,nucLib,sibling_calibrated,95,0.21645623338589465
1,0,16,Spliced,GCGR,Gcgr,nucLib,stack,30,0.26974383755155484
1,0,16,Spliced,GCGR,Gcgr,nucLib,target_kmer,30,0.5470549381095067
1,0,16,Spliced,GCGR,Gcgr,nucLib,composition,30,0.23867113479564062
1,0,16,Spliced,GCGR,Gcgr,nucLib,sibling_uncalibrated,30,0.4402248310263887
1,0,16,Spliced,GCGR,Gcgr,nucLib,sibling_calibrated,30,0.4402248310263887
1,0,16,Spliced,GCGR,Gcgr-v2,nucLib,stack,22,0.5291222222019225
1,0,16,Spliced,GCGR,Gcgr-v2,nucLib,target_kmer,22,0.3927923384768087
1,0,16,Spliced,GCGR,Gcgr-v2,nucLib,composition,22,0.5383643840880115
1,0,16,Spliced,GCGR,Gcgr-v2,nucLib,sibling_uncalibrated,22,0.1981804461719358
1,0,16,Spliced,GCGR,Gcgr-v2,nucLib,sibling_calibrated,22,0.1981804461719358
1,0,16,Spliced,HIPK3,circHIPK3,circLib,stack,55,0.6746476389908709
1,0,16,Spliced,HIPK3,circHIPK3,circLib,target_kmer,55,0.5469217911408654
1,0,16,Spliced,HIPK3,circHIPK3,circLib,composition,55,0.511816115475741
1,0,16,Spliced,HIPK3,circHIPK3,circLib,sibling_uncalibrated,55,0.3268608432759495
1,0,16,Spliced,HIPK3,circHIPK3,circLib,sibling_calibrated,55,0.3268608432759495
1,0,16,Spliced,HOXA11-AS,Hoxa11-AS,nucLib,stack,52,0.2058812542228317
1,0,16,Spliced,HOXA11-AS,Hoxa11-AS,nucLib,target_kmer,52,0.1440698866256948
1,0,16,Spliced,HOXA11-AS,Hoxa11-AS,nucLib,composition,52,0.425810839174087
1,0,16,Spliced,HOXA11-AS,Hoxa11-AS,nucLib,sibling_uncalibrated,52,0.2058812542228317
1,0,16,Spliced,HOXA11-AS,Hoxa11-AS,nucLib,sibling_calibrated,52,0.2058812542228317
1,0,16,Spliced,HUWE1,circHUWE1,circLib,stack,16,0.5821054489701598
1,0,16,Spliced,HUWE1,circHUWE1,circLib,target_kmer,16,0.5821054489701598
1,0,16,Spliced,HUWE1,circHUWE1,circLib,composition,16,0.4677668676928937
1,0,16,Spliced,HUWE1,circHUWE1,circLib,sibling_uncalibrated,16,0.46601026505841747
1,0,16,Spliced,HUWE1,circHUWE1,circLib,sibling_calibrated,16,0.46601026505841747
1,0,16,Spliced,OGT,OGT,nucLib,stack,53,0.5589812822206726
1,0,16,Spliced,OGT,OGT,nucLib,target_kmer,53,0.47203104602258783
1,0,16,Spliced,OGT,OGT,nucLib,composition,53,0.42512560071040406
1,0,16,Spliced,OGT,OGT,nucLib,sibling_uncalibrated,53,0.5589812822206726
1,0,16,Spliced,OGT,OGT,nucLib,sibling_calibrated,53,0.5589812822206726
1,0,16,Spliced,PINT,Pint,nucLib,stack,92,0.4486119962109949
1,0,16,Spliced,PINT,Pint,nucLib,target_kmer,92,0.45516465068725337
1,0,16,Spliced,PINT,Pint,nucLib,composition,92,0.42870913640754893
1,0,16,Spliced,PINT,Pint,nucLib,sibling_uncalibrated,92,0.3563405678269808
1,0,16,Spliced,PINT,Pint,nucLib,sibling_calibrated,92,0.3563405678269808
1,0,16,Spliced,PINT,circPINT,circLib,stack,31,0.7839745909920091
1,0,16,Spliced,PINT,circPINT,circLib,target_kmer,31,0.6379279163314553
1,0,16,Spliced,PINT,circPINT,circLib,composition,31,0.5455190945929762
1,0,16,Spliced,PINT,circPINT,circLib,sibling_uncalibrated,31,0.2850075706025025
1,0,16,Spliced,PINT,circPINT,circLib,sibling_calibrated,31,0.2850075706025025
1,0,16,Spliced,PROSER3,circPROSER3,circLib,stack,12,0.11199845066662988
1,0,16,Spliced,PROSER3,circPROSER3,circLib,target_kmer,12,0.1117092785698519
1,0,16,Spliced,PROSER3,circPROSER3,circLib,composition,12,0.23878247707083267
1,0,16,Spliced,PROSER3,circPROSER3,circLib,sibling_uncalibrated,12,0.1117092785698519
1,0,16,Spliced,PROSER3,circPROSER3,circLib,sibling_calibrated,12,0.1117092785698519
1,0,16,Spliced,R3HDM1,circR3HDM1,circLib,stack,16,0.1851853614891616
1,0,16,Spliced,R3HDM1,circR3HDM1,circLib,target_kmer,16,0.37425262631337564
1,0,16,Spliced,R3HDM1,circR3HDM1,circLib,composition,16,0.42909927550678695
1,0,16,Spliced,R3HDM1,circR3HDM1,circLib,sibling_uncalibrated,16,0.45287926874948314
1,0,16,Spliced,R3HDM1,circR3HDM1,circLib,sibling_calibrated,16,0.45287926874948314
1,0,16,Unspliced,BIRC6,circBIRC6,circLib,stack,57,0.2806160188354148
1,0,16,Unspliced,BIRC6,circBIRC6,circLib,target_kmer,57,0.4453605451746837
1,0,16,Unspliced,BIRC6,circBIRC6,circLib,composition,57,0.5908780475018962
1,0,16,Unspliced,BIRC6,circBIRC6,circLib,sibling_uncalibrated,57,0.5692102486703703
1,0,16,Unspliced,BIRC6,circBIRC6,circLib,sibling_calibrated,57,0.4307897513296296
1,0,16,Unspliced,BWRD1,circBWRD1,circLib,stack,11,0.3232539065268008
1,0,16,Unspliced,BWRD1,circBWRD1,circLib,target_kmer,11,0.2425176637479119
1,0,16,Unspliced,BWRD1,circBWRD1,circLib,composition,11,0.5147103783766905
1,0,16,Unspliced,BWRD1,circBWRD1,circLib,sibling_uncalibrated,11,0.17574804506435257
1,0,16,Unspliced,BWRD1,circBWRD1,circLib,sibling_calibrated,11,0.8242519549356475
1,0,16,Unspliced,EVF2,Evf2,nucLib,stack,38,0.38638089865365766
1,0,16,Unspliced,EVF2,Evf2,nucLib,target_kmer,38,0.359899930009471
1,0,16,Unspliced,EVF2,Evf2,nucLib,composition,38,0.3423105039133471
1,0,16,Unspliced,EVF2,Evf2,nucLib,sibling_uncalibrated,38,0.33624911057811546
1,0,16,Unspliced,EVF2,Evf2,nucLib,sibling_calibrated,38,0.6637508894218846
1,0,16,Unspliced,FENDRR,Fendrr,nucLib,stack,82,0.4526395173920559
1,0,16,Unspliced,FENDRR,Fendrr,nucLib,target_kmer,82,0.6927705113077659
1,0,16,Unspliced,FENDRR,Fendrr,nucLib,composition,82,0.4000218461938603
1,0,16,Unspliced,FENDRR,Fendrr,nucLib,sibling_uncalibrated,82,0.41321038173710933
1,0,16,Unspliced,FENDRR,Fendrr,nucLib,sibling_calibrated,82,0.5867896182628907
1,0,16,Unspliced,GCGR,Gcgr,nucLib,stack,30,0.1816859999895796
1,0,16,Unspliced,GCGR,Gcgr,nucLib,target_kmer,30,0.3175070240399923
1,0,16,Unspliced,GCGR,Gcgr,nucLib,composition,30,0.6796842429907706
1,0,16,Unspliced,GCGR,Gcgr,nucLib,sibling_uncalibrated,30,0.703848856422582
1,0,16,Unspliced,GCGR,Gcgr,nucLib,sibling_calibrated,30,0.29615114357741795
1,0,16,Unspliced,GCGR,Gcgr-v2,nucLib,stack,22,0.6706582586455466
1,0,16,Unspliced,GCGR,Gcgr-v2,nucLib,target_kmer,22,0.6640814471478064
1,0,16,Unspliced,GCGR,Gcgr-v2,nucLib,composition,22,0.8284281151489838
1,0,16,Unspliced,GCGR,Gcgr-v2,nucLib,sibling_uncalibrated,22,0.2632807433536768
1,0,16,Unspliced,GCGR,Gcgr-v2,nucLib,sibling_calibrated,22,0.7367192566463232
1,0,16,Unspliced,HIPK3,circHIPK3,circLib,stack,55,0.6634745298806226
1,0,16,Unspliced,HIPK3,circHIPK3,circLib,target_kmer,55,0.5455337064931485
1,0,16,Unspliced,HIPK3,circHIPK3,circLib,composition,55,0.29694155431191266
1,0,16,Unspliced,HIPK3,circHIPK3,circLib,sibling_uncalibrated,55,0.07960412091055226
1,0,16,Unspliced,HIPK3,circHIPK3,circLib,sibling_calibrated,55,0.9203958790894478
1,0,16,Unspliced,HOXA11-AS,Hoxa11-AS,nucLib,stack,47,0.3449082763147566
1,0,16,Unspliced,HOXA11-AS,Hoxa11-AS,nucLib,target_kmer,47,0.43931332562409126
1,0,16,Unspliced,HOXA11-AS,Hoxa11-AS,nucLib,composition,47,0.6339720403199269
1,0,16,Unspliced,HOXA11-AS,Hoxa11-AS,nucLib,sibling_uncalibrated,47,0.5127083012378852
1,0,16,Unspliced,HOXA11-AS,Hoxa11-AS,nucLib,sibling_calibrated,47,0.48729169876211476
1,0,16,Unspliced,HUWE1,circHUWE1,circLib,stack,16,0.3627608044145914
1,0,16,Unspliced,HUWE1,circHUWE1,circLib,target_kmer,16,0.5314884939019622
1,0,16,Unspliced,HUWE1,circHUWE1,circLib,composition,16,0.5912717818929275
1,0,16,Unspliced,HUWE1,circHUWE1,circLib,sibling_uncalibrated,16,0.4685115060980378
1,0,16,Unspliced,HUWE1,circHUWE1,circLib,sibling_calibrated,16,0.5314884939019622
1,0,16,Unspliced,OGT,OGT,nucLib,stack,41,0.419104384751188
1,0,16,Unspliced,OGT,OGT,nucLib,target_kmer,41,0.704600871058778
1,0,16,Unspliced,OGT,OGT,nucLib,composition,41,0.39432280052175805
1,0,16,Unspliced,OGT,OGT,nucLib,sibling_uncalibrated,41,0.45712785302154113
1,0,16,Unspliced,OGT,OGT,nucLib,sibling_calibrated,41,0.5428721469784588
1,0,16,Unspliced,PINT,Pint,nucLib,stack,64,0.208870136868792
1,0,16,Unspliced,PINT,Pint,nucLib,target_kmer,64,0.4116262338946589
1,0,16,Unspliced,PINT,Pint,nucLib,composition,64,0.7714706642584601
1,0,16,Unspliced,PINT,Pint,nucLib,sibling_uncalibrated,64,0.5013534174772036
1,0,16,Unspliced,PINT,Pint,nucLib,sibling_calibrated,64,0.49864658252279637
1,0,16,Unspliced,PINT,circPINT,circLib,stack,31,0.5771735087841745
1,0,16,Unspliced,PINT,circPINT,circLib,target_kmer,31,0.6361055467303243
1,0,16,Unspliced,PINT,circPINT,circLib,composition,31,0.770412353794169
1,0,16,Unspliced,PINT,circPINT,circLib,sibling_uncalibrated,31,0.45604700961159234
1,0,16,Unspliced,PINT,circPINT,circLib,sibling_calibrated,31,0.5439529903884077
1,0,16,Unspliced,PROSER3,circPROSER3,circLib,stack,12,0.21851717255939437
1,0,16,Unspliced,PROSER3,circPROSER3,circLib,target_kmer,12,0.21851717255939437
1,0,16,Unspliced,PROSER3,circPROSER3,circLib,composition,12,0.43022591268811755
1,0,16,Unspliced,PROSER3,circPROSER3,circLib,sibling_uncalibrated,12,0.3253424981503029
1,0,16,Unspliced,PROSER3,circPROSER3,circLib,sibling_calibrated,12,0.6746575018496971
1,0,16,Unspliced,R3HDM1,circR3HDM1,circLib,stack,16,0.583896523242273
1,0,16,Unspliced,R3HDM1,circR3HDM1,circLib,target_kmer,16,0.7236937091600492
1,0,16,Unspliced,R3HDM1,circR3HDM1,circLib,composition,16,0.5150575955292931
1,0,16,Unspliced,R3HDM1,circR3HDM1,circLib,sibling_uncalibrated,16,0.4157480763955279
1,0,16,Unspliced,R3HDM1,circR3HDM1,circLib,sibling_calibrated,16,0.5842519236044721
1,0,16,Circular,BIRC6,circBIRC6,circLib,stack,53,0.6852725568651505
1,0,16,Circular,BIRC6,circBIRC6,circLib,target_kmer,53,0.46446217773917975
1,0,16,Circular,BIRC6,circBIRC6,circLib,composition,53,0.471877443969442
1,0,16,Circular,BIRC6,circBIRC6,circLib,sibling_uncalibrated,53,0.32502284729250663
1,0,16,Circular,BIRC6,circBIRC6,circLib,sibling_calibrated,53,0.32502284729250663
1,0,16,Circular,BWRD1,circBWRD1,circLib,stack,11,0.6326726872442485
1,0,16,Circular,BWRD1,circBWRD1,circLib,target_kmer,11,0.6275690789598072
1,0,16,Circular,BWRD1,circBWRD1,circLib,composition,11,0.6275690789598072
1,0,16,Circular,BWRD1,circBWRD1,circLib,sibling_uncalibrated,11,0.30734511877847437
1,0,16,Circular,BWRD1,circBWRD1,circLib,sibling_calibrated,11,0.30734511877847437
1,0,16,Circular,EVF2,Evf2,nucLib,stack,52,0.030567159998702055
1,0,16,Circular,EVF2,Evf2,nucLib,target_kmer,52,0.5086797152751099
1,0,16,Circular,EVF2,Evf2,nucLib,composition,52,0.6061440367645368
1,0,16,Circular,EVF2,Evf2,nucLib,sibling_uncalibrated,52,0.0747776249760346
1,0,16,Circular,EVF2,Evf2,nucLib,sibling_calibrated,52,0.0747776249760346
1,0,16,Circular,FENDRR,Fendrr,nucLib,stack,88,0.26816736828381404
1,0,16,Circular,FENDRR,Fendrr,nucLib,target_kmer,88,0.4330280557643061
1,0,16,Circular,FENDRR,Fendrr,nucLib,composition,88,0.6142379723882593
1,0,16,Circular,FENDRR,Fendrr,nucLib,sibling_uncalibrated,88,0.22653063042278354
1,0,16,Circular,FENDRR,Fendrr,nucLib,sibling_calibrated,88,0.22653063042278354
1,0,16,Circular,GCGR,Gcgr,nucLib,stack,30,0.33168894164864704
1,0,16,Circular,GCGR,Gcgr,nucLib,target_kmer,30,0.320903684489253
1,0,16,Circular,GCGR,Gcgr,nucLib,composition,30,0.40242219714534466
1,0,16,Circular,GCGR,Gcgr,nucLib,sibling_uncalibrated,30,0.35703891821451905
1,0,16,Circular,GCGR,Gcgr,nucLib,sibling_calibrated,30,0.35703891821451905
1,0,16,Circular,GCGR,Gcgr-v2,nucLib,stack,22,0.2671588252325168
1,0,16,Circular,GCGR,Gcgr-v2,nucLib,target_kmer,22,0.2170743326389165
1,0,16,Circular,GCGR,Gcgr-v2,nucLib,composition,22,0.06547292377613884
1,0,16,Circular,GCGR,Gcgr-v2,nucLib,sibling_uncalibrated,22,0.28581016508613294
1,0,16,Circular,GCGR,Gcgr-v2,nucLib,sibling_calibrated,22,0.28581016508613294
1,0,16,Circular,HIPK3,circHIPK3,circLib,stack,50,0.3284296074532799
1,0,16,Circular,HIPK3,circHIPK3,circLib,target_kmer,50,0.34659650464833824
1,0,16,Circular,HIPK3,circHIPK3,circLib,composition,50,0.3918326227934318
1,0,16,Circular,HIPK3,circHIPK3,circLib,sibling_uncalibrated,50,0.34124619543103807
1,0,16,Circular,HIPK3,circHIPK3,circLib,sibling_calibrated,50,0.34124619543103807
1,0,16,Circular,HOXA11-AS,Hoxa11-AS,nucLib,stack,48,0.6369410594848331
1,0,16,Circular,HOXA11-AS,Hoxa11-AS,nucLib,target_kmer,48,0.372483454582957
1,0,16,Circular,HOXA11-AS,Hoxa11-AS,nucLib,composition,48,0.6185167050984939
1,0,16,Circular,HOXA11-AS,Hoxa11-AS,nucLib,sibling_uncalibrated,48,0.2208424134149642
1,0,16,Circular,HOXA11-AS,Hoxa11-AS,nucLib,sibling_calibrated,48,0.2208424134149642
1,0,16,Circular,HUWE1,circHUWE1,circLib,stack,16,0.5247464480874098
1,0,16,Circular,HUWE1,circHUWE1,circLib,target_kmer,16,0.30238796477431285
1,0,16,Circular,HUWE1,circHUWE1,circLib,composition,16,0.47525355191259017
1,0,16,Circular,HUWE1,circHUWE1,circLib,sibling_uncalibrated,16,0.26250810030708405
1,0,16,Circular,HUWE1,circHUWE1,circLib,sibling_calibrated,16,0.26250810030708405
1,0,16,Circular,OGT,OGT,nucLib,stack,51,0.4032367806555427
1,0,16,Circular,OGT,OGT,nucLib,target_kmer,51,0.6921351402593068
1,0,16,Circular,OGT,OGT,nucLib,composition,51,0.7086983877998467
1,0,16,Circular,OGT,OGT,nucLib,sibling_uncalibrated,51,0.42381092419953104
1,0,16,Circular,OGT,OGT,nucLib,sibling_calibrated,51,0.42381092419953104
1,0,16,Circular,PINT,Pint,nucLib,stack,86,0.37493425191713153
1,0,16,Circular,PINT,Pint,nucLib,target_kmer,86,0.7167467619133403
1,0,16,Circular,PINT,Pint,nucLib,composition,86,0.6597825509947919
1,0,16,Circular,PINT,Pint,nucLib,sibling_uncalibrated,86,0.4177378892185473
1,0,16,Circular,PINT,Pint,nucLib,sibling_calibrated,86,0.4177378892185473
1,0,16,Circular,PINT,circPINT,circLib,stack,30,0.718263788810919
1,0,16,Circular,PINT,circPINT,circLib,target_kmer,30,0.3489368134841767
1,0,16,Circular,PINT,circPINT,circLib,composition,30,0.27165631953282376
1,0,16,Circular,PINT,circPINT,circLib,sibling_uncalibrated,30,0.46882220835555904
1,0,16,Circular,PINT,circPINT,circLib,sibling_calibrated,30,0.46882220835555904
1,0,16,Circular,PROSER3,circPROSER3,circLib,stack,12,0.7944492576478608
1,0,16,Circular,PROSER3,circPROSER3,circLib,target_kmer,12,0.8619514024867193
1,0,16,Circular,PROSER3,circPROSER3,circLib,composition,12,0.8844142701789616
1,0,16,Circular,PROSER3,circPROSER3,circLib,sibling_uncalibrated,12,0.40900483314913616
1,0,16,Circular,PROSER3,circPROSER3,circLib,sibling_calibrated,12,0.40900483314913616
1,0,16,Circular,R3HDM1,circR3HDM1,circLib,stack,16,0.5015745075484559
1,0,16,Circular,R3HDM1,circR3HDM1,circLib,target_kmer,16,0.3411633770944403
1,0,16,Circular,R3HDM1,circR3HDM1,circLib,composition,16,0.7802410593068954
1,0,16,Circular,R3HDM1,circR3HDM1,circLib,sibling_uncalibrated,16,0.6842899311068193
1,0,16,Circular,R3HDM1,circR3HDM1,circLib,sibling_calibrated,16,0.6842899311068193
1,0,16,SCRCircular,BIRC6,circBIRC6,circLib,stack,57,0.19866236544983346
1,0,16,SCRCircular,BIRC6,circBIRC6,circLib,target_kmer,57,0.5741686398679243
1,0,16,SCRCircular,BIRC6,circBIRC6,circLib,composition,57,0.545771801928744
1,0,16,SCRCircular,BIRC6,circBIRC6,circLib,sibling_uncalibrated,57,0.0942870799830605
1,0,16,SCRCircular,BIRC6,circBIRC6,circLib,sibling_calibrated,57,0.0942870799830605
1,0,16,SCRCircular,BWRD1,circBWRD1,circLib,stack,11,0.23717166379978766
1,0,16,SCRCircular,BWRD1,circBWRD1,circLib,target_kmer,11,0.6312572760510173
1,0,16,SCRCircular,BWRD1,circBWRD1,circLib,composition,11,0.6832352167258158
1,0,16,SCRCircular,BWRD1,circBWRD1,circLib,sibling_uncalibrated,11,0.20732721191716197
1,0,16,SCRCircular,BWRD1,circBWRD1,circLib,sibling_calibrated,11,0.20732721191716197
1,0,16,SCRCircular,EVF2,Evf2,nucLib,stack,67,0.38975734616747104
1,0,16,SCRCircular,EVF2,Evf2,nucLib,target_kmer,67,0.4308284868557551
1,0,16,SCRCircular,EVF2,Evf2,nucLib,composition,67,0.7872636554365807
1,0,16,SCRCircular,EVF2,Evf2,nucLib,sibling_uncalibrated,67,0.7461925147482967
1,0,16,SCRCircular,EVF2,Evf2,nucLib,sibling_calibrated,67,0.7461925147482967
1,0,16,SCRCircular,FENDRR,Fendrr,nucLib,stack,98,0.20782664439851078
1,0,16,SCRCircular,FENDRR,Fendrr,nucLib,target_kmer,98,0.32647390846242325
1,0,16,SCRCircular,FENDRR,Fendrr,nucLib,composition,98,0.32647390846242325
1,0,16,SCRCircular,FENDRR,Fendrr,nucLib,sibling_uncalibrated,98,0.2858293681784965
1,0,16,SCRCircular,FENDRR,Fendrr,nucLib,sibling_calibrated,98,0.2858293681784965
1,0,16,SCRCircular,GCGR,Gcgr,nucLib,stack,30,0.2727029149480818
1,0,16,SCRCircular,GCGR,Gcgr,nucLib,target_kmer,30,0.24855415180574383
1,0,16,SCRCircular,GCGR,Gcgr,nucLib,composition,30,0.4724821907977217
1,0,16,SCRCircular,GCGR,Gcgr,nucLib,sibling_uncalibrated,30,0.3002207241503601
1,0,16,SCRCircular,GCGR,Gcgr,nucLib,sibling_calibrated,30,0.3002207241503601
1,0,16,SCRCircular,GCGR,Gcgr-v2,nucLib,stack,22,0.6125807178147004
1,0,16,SCRCircular,GCGR,Gcgr-v2,nucLib,target_kmer,22,0.2073922628915448
1,0,16,SCRCircular,GCGR,Gcgr-v2,nucLib,composition,22,0.4562957907893186
1,0,16,SCRCircular,GCGR,Gcgr-v2,nucLib,sibling_uncalibrated,22,0.25702652134353254
1,0,16,SCRCircular,GCGR,Gcgr-v2,nucLib,sibling_calibrated,22,0.25702652134353254
1,0,16,SCRCircular,HIPK3,circHIPK3,circLib,stack,55,0.2823801236417146
1,0,16,SCRCircular,HIPK3,circHIPK3,circLib,target_kmer,55,0.36596348729640144
1,0,16,SCRCircular,HIPK3,circHIPK3,circLib,composition,55,0.5274609524088218
1,0,16,SCRCircular,HIPK3,circHIPK3,circLib,sibling_uncalibrated,55,0.16338610984643465
1,0,16,SCRCircular,HIPK3,circHIPK3,circLib,sibling_calibrated,55,0.16338610984643465
1,0,16,SCRCircular,HOXA11-AS,Hoxa11-AS,nucLib,stack,52,0.19858204103162957
1,0,16,SCRCircular,HOXA11-AS,Hoxa11-AS,nucLib,target_kmer,52,0.67675233206019
1,0,16,SCRCircular,HOXA11-AS,Hoxa11-AS,nucLib,composition,52,0.4249284250697243
1,0,16,SCRCircular,HOXA11-AS,Hoxa11-AS,nucLib,sibling_uncalibrated,52,0.4036996444024818
1,0,16,SCRCircular,HOXA11-AS,Hoxa11-AS,nucLib,sibling_calibrated,52,0.4036996444024818
1,0,16,SCRCircular,HUWE1,circHUWE1,circLib,stack,16,0.2682579701199892
1,0,16,SCRCircular,HUWE1,circHUWE1,circLib,target_kmer,16,0.43181484550734645
1,0,16,SCRCircular,HUWE1,circHUWE1,circLib,composition,16,0.4688356001969012
1,0,16,SCRCircular,HUWE1,circHUWE1,circLib,sibling_uncalibrated,16,0.2682579701199892
1,0,16,SCRCircular,HUWE1,circHUWE1,circLib,sibling_calibrated,16,0.2682579701199892
1,0,16,SCRCircular,OGT,OGT,nucLib,stack,57,0.3250289070078641
1,0,16,SCRCircular,OGT,OGT,nucLib,target_kmer,57,0.4264794179634124
1,0,16,SCRCircular,OGT,OGT,nucLib,composition,57,0.13431663938192404
1,0,16,SCRCircular,OGT,OGT,nucLib,sibling_uncalibrated,57,0.5794389387219334
1,0,16,SCRCircular,OGT,OGT,nucLib,sibling_calibrated,57,0.5794389387219334
1,0,16,SCRCircular,PINT,Pint,nucLib,stack,105,0.41503581723512173
1,0,16,SCRCircular,PINT,Pint,nucLib,target_kmer,105,0.5148839336063512
1,0,16,SCRCircular,PINT,Pint,nucLib,composition,105,0.3127372455807911
1,0,16,SCRCircular,PINT,Pint,nucLib,sibling_uncalibrated,105,0.5961314350873637
1,0,16,SCRCircular,PINT,Pint,nucLib,sibling_calibrated,105,0.5961314350873637
1,0,16,SCRCircular,PINT,circPINT,circLib,stack,31,0.3540269447950086
1,0,16,SCRCircular,PINT,circPINT,circLib,target_kmer,31,0.4914047240861676
1,0,16,SCRCircular,PINT,circPINT,circLib,composition,31,0.3083726769870211
1,0,16,SCRCircular,PINT,circPINT,circLib,sibling_uncalibrated,31,0.17269509624200444
1,0,16,SCRCircular,PINT,circPINT,circLib,sibling_calibrated,31,0.17269509624200444
1,0,16,SCRCircular,PROSER3,circPROSER3,circLib,stack,12,0.40465190981894167
1,0,16,SCRCircular,PROSER3,circPROSER3,circLib,target_kmer,12,0.0
1,0,16,SCRCircular,PROSER3,circPROSER3,circLib,composition,12,0.27971786524885534
1,0,16,SCRCircular,PROSER3,circPROSER3,circLib,sibling_uncalibrated,12,0.10045750492796734
1,0,16,SCRCircular,PROSER3,circPROSER3,circLib,sibling_calibrated,12,0.10045750492796734
1,0,16,SCRCircular,R3HDM1,circR3HDM1,circLib,stack,16,0.318857710187742
1,0,16,SCRCircular,R3HDM1,circR3HDM1,circLib,target_kmer,16,0.318857710187742
1,0,16,SCRCircular,R3HDM1,circR3HDM1,circLib,composition,16,0.35904097265052504
1,0,16,SCRCircular,R3HDM1,circR3HDM1,circLib,sibling_uncalibrated,16,0.18303766539301908
1,0,16,SCRCircular,R3HDM1,circR3HDM1,circLib,sibling_calibrated,16,0.18303766539301908
1,0,64,Spliced,BIRC6,circBIRC6,circLib,stack,58,0.34415750518084
1,0,64,Spliced,BIRC6,circBIRC6,circLib,target_kmer,58,0.4791448050334256
1,0,64,Spliced,BIRC6,circBIRC6,circLib,composition,58,0.7082796204493884
1,0,64,Spliced,BIRC6,circBIRC6,circLib,sibling_uncalibrated,58,0.34415750518084
1,0,64,Spliced,BIRC6,circBIRC6,circLib,sibling_calibrated,58,0.34415750518084
1,0,64,Spliced,BWRD1,circBWRD1,circLib,stack,11,0.28758841594374174
1,0,64,Spliced,BWRD1,circBWRD1,circLib,target_kmer,11,0.43536404403808393
1,0,64,Spliced,BWRD1,circBWRD1,circLib,composition,11,0.11675921989655556
1,0,64,Spliced,BWRD1,circBWRD1,circLib,sibling_uncalibrated,11,0.5920268477075604
1,0,64,Spliced,BWRD1,circBWRD1,circLib,sibling_calibrated,11,0.5920268477075604
1,0,64,Spliced,EVF2,Evf2,nucLib,stack,58,0.5353045781478268
1,0,64,Spliced,EVF2,Evf2,nucLib,target_kmer,58,0.2744643218524609
1,0,64,Spliced,EVF2,Evf2,nucLib,composition,58,0.3361140286169358
1,0,64,Spliced,EVF2,Evf2,nucLib,sibling_uncalibrated,58,0.4382923757473822
1,0,64,Spliced,EVF2,Evf2,nucLib,sibling_calibrated,58,0.4382923757473822
1,0,64,Spliced,FENDRR,Fendrr,nucLib,stack,95,0.21645623338589465
1,0,64,Spliced,FENDRR,Fendrr,nucLib,target_kmer,95,0.4443557320854058
1,0,64,Spliced,FENDRR,Fendrr,nucLib,composition,95,0.3019043748337117
1,0,64,Spliced,FENDRR,Fendrr,nucLib,sibling_uncalibrated,95,0.21645623338589465
1,0,64,Spliced,FENDRR,Fendrr,nucLib,sibling_calibrated,95,0.21645623338589465
1,0,64,Spliced,GCGR,Gcgr,nucLib,stack,30,0.6047684983403032
1,0,64,Spliced,GCGR,Gcgr,nucLib,target_kmer,30,0.6242986183808156
1,0,64,Spliced,GCGR,Gcgr,nucLib,composition,30,0.27201844550846654
1,0,64,Spliced,GCGR,Gcgr,nucLib,sibling_uncalibrated,30,0.4402248310263887
1,0,64,Spliced,GCGR,Gcgr,nucLib,sibling_calibrated,30,0.4402248310263887
1,0,64,Spliced,GCGR,Gcgr-v2,nucLib,stack,22,0.1981804461719358
1,0,64,Spliced,GCGR,Gcgr-v2,nucLib,target_kmer,22,0.5291222222019225
1,0,64,Spliced,GCGR,Gcgr-v2,nucLib,composition,22,0.5291222222019225
1,0,64,Spliced,GCGR,Gcgr-v2,nucLib,sibling_uncalibrated,22,0.1981804461719358
1,0,64,Spliced,GCGR,Gcgr-v2,nucLib,sibling_calibrated,22,0.1981804461719358
1,0,64,Spliced,HIPK3,circHIPK3,circLib,stack,55,0.3268608432759495
1,0,64,Spliced,HIPK3,circHIPK3,circLib,target_kmer,55,0.4334428452269754
1,0,64,Spliced,HIPK3,circHIPK3,circLib,composition,55,0.511816115475741
1,0,64,Spliced,HIPK3,circHIPK3,circLib,sibling_uncalibrated,55,0.3268608432759495
1,0,64,Spliced,HIPK3,circHIPK3,circLib,sibling_calibrated,55,0.3268608432759495
1,0,64,Spliced,HOXA11-AS,Hoxa11-AS,nucLib,stack,52,0.2058812542228317
1,0,64,Spliced,HOXA11-AS,Hoxa11-AS,nucLib,target_kmer,52,0.5300356184489025
1,0,64,Spliced,HOXA11-AS,Hoxa11-AS,nucLib,composition,52,0.425810839174087
1,0,64,Spliced,HOXA11-AS,Hoxa11-AS,nucLib,sibling_uncalibrated,52,0.2058812542228317
1,0,64,Spliced,HOXA11-AS,Hoxa11-AS,nucLib,sibling_calibrated,52,0.2058812542228317
1,0,64,Spliced,HUWE1,circHUWE1,circLib,stack,16,0.5259898591071879
1,0,64,Spliced,HUWE1,circHUWE1,circLib,target_kmer,16,0.32034697639229837
1,0,64,Spliced,HUWE1,circHUWE1,circLib,composition,16,0.4677668676928937
1,0,64,Spliced,HUWE1,circHUWE1,circLib,sibling_uncalibrated,16,0.46601026505841747
1,0,64,Spliced,HUWE1,circHUWE1,circLib,sibling_calibrated,16,0.46601026505841747
1,0,64,Spliced,OGT,OGT,nucLib,stack,53,0.5589812822206726
1,0,64,Spliced,OGT,OGT,nucLib,target_kmer,53,0.4314056022204549
1,0,64,Spliced,OGT,OGT,nucLib,composition,53,0.3136034928232989
1,0,64,Spliced,OGT,OGT,nucLib,sibling_uncalibrated,53,0.5589812822206726
1,0,64,Spliced,OGT,OGT,nucLib,sibling_calibrated,53,0.5589812822206726
1,0,64,Spliced,PINT,Pint,nucLib,stack,92,0.3563405678269808
1,0,64,Spliced,PINT,Pint,nucLib,target_kmer,92,0.4204528146891592
1,0,64,Spliced,PINT,Pint,nucLib,composition,92,0.4919489737688501
1,0,64,Spliced,PINT,Pint,nucLib,sibling_uncalibrated,92,0.3563405678269808
1,0,64,Spliced,PINT,Pint,nucLib,sibling_calibrated,92,0.3563405678269808
1,0,64,Spliced,PINT,circPINT,circLib,stack,31,0.2850075706025025
1,0,64,Spliced,PINT,circPINT,circLib,target_kmer,31,0.250105953012181
1,0,64,Spliced,PINT,circPINT,circLib,composition,31,0.7625067573769952
1,0,64,Spliced,PINT,circPINT,circLib,sibling_uncalibrated,31,0.2850075706025025
1,0,64,Spliced,PINT,circPINT,circLib,sibling_calibrated,31,0.2850075706025025
1,0,64,Spliced,PROSER3,circPROSER3,circLib,stack,12,0.1117092785698519
1,0,64,Spliced,PROSER3,circPROSER3,circLib,target_kmer,12,0.2689946768843971
1,0,64,Spliced,PROSER3,circPROSER3,circLib,composition,12,0.4019168477376851
1,0,64,Spliced,PROSER3,circPROSER3,circLib,sibling_uncalibrated,12,0.1117092785698519
1,0,64,Spliced,PROSER3,circPROSER3,circLib,sibling_calibrated,12,0.1117092785698519
1,0,64,Spliced,R3HDM1,circR3HDM1,circLib,stack,16,0.45287926874948314
1,0,64,Spliced,R3HDM1,circR3HDM1,circLib,target_kmer,16,0.2987590085316556
1,0,64,Spliced,R3HDM1,circR3HDM1,circLib,composition,16,0.8271318950628588
1,0,64,Spliced,R3HDM1,circR3HDM1,circLib,sibling_uncalibrated,16,0.45287926874948314
1,0,64,Spliced,R3HDM1,circR3HDM1,circLib,sibling_calibrated,16,0.45287926874948314
1,0,64,Unspliced,BIRC6,circBIRC6,circLib,stack,57,0.2806160188354148
1,0,64,Unspliced,BIRC6,circBIRC6,circLib,target_kmer,57,0.6188870118260457
1,0,64,Unspliced,BIRC6,circBIRC6,circLib,composition,57,0.4371271481122903
1,0,64,Unspliced,BIRC6,circBIRC6,circLib,sibling_uncalibrated,57,0.5692102486703703
1,0,64,Unspliced,BIRC6,circBIRC6,circLib,sibling_calibrated,57,0.5692102486703703
1,0,64,Unspliced,BWRD1,circBWRD1,circLib,stack,11,0.3232539065268008
1,0,64,Unspliced,BWRD1,circBWRD1,circLib,target_kmer,11,0.17574804506435257
1,0,64,Unspliced,BWRD1,circBWRD1,circLib,composition,11,0.19045842344104305
1,0,64,Unspliced,BWRD1,circBWRD1,circLib,sibling_uncalibrated,11,0.17574804506435257
1,0,64,Unspliced,BWRD1,circBWRD1,circLib,sibling_calibrated,11,0.17574804506435257
1,0,64,Unspliced,EVF2,Evf2,nucLib,stack,38,0.49711255603454363
1,0,64,Unspliced,EVF2,Evf2,nucLib,target_kmer,38,0.754514728180746
1,0,64,Unspliced,EVF2,Evf2,nucLib,composition,38,0.5138252996768603
1,0,64,Unspliced,EVF2,Evf2,nucLib,sibling_uncalibrated,38,0.33624911057811546
1,0,64,Unspliced,EVF2,Evf2,nucLib,sibling_calibrated,38,0.33624911057811546
1,0,64,Unspliced,FENDRR,Fendrr,nucLib,stack,82,0.43066098104221917
1,0,64,Unspliced,FENDRR,Fendrr,nucLib,target_kmer,82,0.7256371473247695
1,0,64,Unspliced,FENDRR,Fendrr,nucLib,composition,82,0.36660525531838245
1,0,64,Unspliced,FENDRR,Fendrr,nucLib,sibling_uncalibrated,82,0.41321038173710933
1,0,64,Unspliced,FENDRR,Fendrr,nucLib,sibling_calibrated,82,0.41321038173710933
1,0,64,Unspliced,GCGR,Gcgr,nucLib,stack,30,0.2653434018940784
1,0,64,Unspliced,GCGR,Gcgr,nucLib,target_kmer,30,0.5893000449628024
1,0,64,Unspliced,GCGR,Gcgr,nucLib,composition,30,0.4014751424213858
1,0,64,Unspliced,GCGR,Gcgr,nucLib,sibling_uncalibrated,30,0.703848856422582
1,0,64,Unspliced,GCGR,Gcgr,nucLib,sibling_calibrated,30,0.703848856422582
1,0,64,Unspliced,GCGR,Gcgr-v2,nucLib,stack,22,0.2505129596824399
1,0,64,Unspliced,GCGR,Gcgr-v2,nucLib,target_kmer,22,0.2505129596824399
1,0,64,Unspliced,GCGR,Gcgr-v2,nucLib,composition,22,0.7077512153202381
1,0,64,Unspliced,GCGR,Gcgr-v2,nucLib,sibling_uncalibrated,22,0.2632807433536768
1,0,64,Unspliced,GCGR,Gcgr-v2,nucLib,sibling_calibrated,22,0.2632807433536768
1,0,64,Unspliced,HIPK3,circHIPK3,circLib,stack,55,0.6634745298806226
1,0,64,Unspliced,HIPK3,circHIPK3,circLib,target_kmer,55,0.3050224195561978
1,0,64,Unspliced,HIPK3,circHIPK3,circLib,composition,55,0.6020484147721707
1,0,64,Unspliced,HIPK3,circHIPK3,circLib,sibling_uncalibrated,55,0.07960412091055226
1,0,64,Unspliced,HIPK3,circHIPK3,circLib,sibling_calibrated,55,0.07960412091055226
1,0,64,Unspliced,HOXA11-AS,Hoxa11-AS,nucLib,stack,47,0.4375382360892114
1,0,64,Unspliced,HOXA11-AS,Hoxa11-AS,nucLib,target_kmer,47,0.43931332562409126
1,0,64,Unspliced,HOXA11-AS,Hoxa11-AS,nucLib,composition,47,0.4802713905657665
1,0,64,Unspliced,HOXA11-AS,Hoxa11-AS,nucLib,sibling_uncalibrated,47,0.5127083012378852
1,0,64,Unspliced,HOXA11-AS,Hoxa11-AS,nucLib,sibling_calibrated,47,0.5127083012378852
1,0,64,Unspliced,HUWE1,circHUWE1,circLib,stack,16,0.3627608044145914
1,0,64,Unspliced,HUWE1,circHUWE1,circLib,target_kmer,16,0.6158277463064796
1,0,64,Unspliced,HUWE1,circHUWE1,circLib,composition,16,0.21465043000865283
1,0,64,Unspliced,HUWE1,circHUWE1,circLib,sibling_uncalibrated,16,0.4685115060980378
1,0,64,Unspliced,HUWE1,circHUWE1,circLib,sibling_calibrated,16,0.4685115060980378
1,0,64,Unspliced,OGT,OGT,nucLib,stack,41,0.4679070527549801
1,0,64,Unspliced,OGT,OGT,nucLib,target_kmer,41,0.45712785302154113
1,0,64,Unspliced,OGT,OGT,nucLib,composition,41,0.39432280052175805
1,0,64,Unspliced,OGT,OGT,nucLib,sibling_uncalibrated,41,0.45712785302154113
1,0,64,Unspliced,OGT,OGT,nucLib,sibling_calibrated,41,0.45712785302154113
1,0,64,Unspliced,PINT,Pint,nucLib,stack,64,0.2422033418587253
1,0,64,Unspliced,PINT,Pint,nucLib,target_kmer,64,0.5891466960703817
1,0,64,Unspliced,PINT,Pint,nucLib,composition,64,0.4455589091120956
1,0,64,Unspliced,PINT,Pint,nucLib,sibling_uncalibrated,64,0.5013534174772036
1,0,64,Unspliced,PINT,Pint,nucLib,sibling_calibrated,64,0.5013534174772036
1,0,64,Unspliced,PINT,circPINT,circLib,stack,31,0.43368455212868146
1,0,64,Unspliced,PINT,circPINT,circLib,target_kmer,31,0.42102965445847146
1,0,64,Unspliced,PINT,circPINT,circLib,composition,31,0.714600420510366
1,0,64,Unspliced,PINT,circPINT,circLib,sibling_uncalibrated,31,0.45604700961159234
1,0,64,Unspliced,PINT,circPINT,circLib,sibling_calibrated,31,0.45604700961159234
1,0,64,Unspliced,PROSER3,circPROSER3,circLib,stack,12,0.21851717255939437
1,0,64,Unspliced,PROSER3,circPROSER3,circLib,target_kmer,12,0.3253424981503029
1,0,64,Unspliced,PROSER3,circPROSER3,circLib,composition,12,0.27880133731083534
1,0,64,Unspliced,PROSER3,circPROSER3,circLib,sibling_uncalibrated,12,0.3253424981503029
1,0,64,Unspliced,PROSER3,circPROSER3,circLib,sibling_calibrated,12,0.3253424981503029
1,0,64,Unspliced,R3HDM1,circR3HDM1,circLib,stack,16,0.541140360887675
1,0,64,Unspliced,R3HDM1,circR3HDM1,circLib,target_kmer,16,0.5441502147454416
1,0,64,Unspliced,R3HDM1,circR3HDM1,circLib,composition,16,0.5150575955292931
1,0,64,Unspliced,R3HDM1,circR3HDM1,circLib,sibling_uncalibrated,16,0.4157480763955279
1,0,64,Unspliced,R3HDM1,circR3HDM1,circLib,sibling_calibrated,16,0.4157480763955279
1,0,64,Circular,BIRC6,circBIRC6,circLib,stack,53,0.32502284729250663
1,0,64,Circular,BIRC6,circBIRC6,circLib,target_kmer,53,0.5966860719606146
1,0,64,Circular,BIRC6,circBIRC6,circLib,composition,53,0.5841144912168068
1,0,64,Circular,BIRC6,circBIRC6,circLib,sibling_uncalibrated,53,0.32502284729250663
1,0,64,Circular,BIRC6,circBIRC6,circLib,sibling_calibrated,53,0.32502284729250663
1,0,64,Circular,BWRD1,circBWRD1,circLib,stack,11,0.30734511877847437
1,0,64,Circular,BWRD1,circBWRD1,circLib,target_kmer,11,0.12756907895980715
1,0,64,Circular,BWRD1,circBWRD1,circLib,composition,11,1.0
1,0,64,Circular,BWRD1,circBWRD1,circLib,sibling_uncalibrated,11,0.30734511877847437
1,0,64,Circular,BWRD1,circBWRD1,circLib,sibling_calibrated,11,0.30734511877847437
1,0,64,Circular,EVF2,Evf2,nucLib,stack,52,0.030567159998702055
1,0,64,Circular,EVF2,Evf2,nucLib,target_kmer,52,0.42150402215718763
1,0,64,Circular,EVF2,Evf2,nucLib,composition,52,0.3093526246388857
1,0,64,Circular,EVF2,Evf2,nucLib,sibling_uncalibrated,52,0.0747776249760346
1,0,64,Circular,EVF2,Evf2,nucLib,sibling_calibrated,52,0.0747776249760346
1,0,64,Circular,FENDRR,Fendrr,nucLib,stack,88,0.20551316387390484
1,0,64,Circular,FENDRR,Fendrr,nucLib,target_kmer,88,0.3059071387625928
1,0,64,Circular,FENDRR,Fendrr,nucLib,composition,88,0.43004208261938237
1,0,64,Circular,FENDRR,Fendrr,nucLib,sibling_uncalibrated,88,0.22653063042278354
1,0,64,Circular,FENDRR,Fendrr,nucLib,sibling_calibrated,88,0.22653063042278354
1,0,64,Circular,GCGR,Gcgr,nucLib,stack,30,0.30398884253379127
1,0,64,Circular,GCGR,Gcgr,nucLib,target_kmer,30,0.2776397797495817
1,0,64,Circular,GCGR,Gcgr,nucLib,composition,30,0.6248337182692283
1,0,64,Circular,GCGR,Gcgr,nucLib,sibling_uncalibrated,30,0.35703891821451905
1,0,64,Circular,GCGR,Gcgr,nucLib,sibling_calibrated,30,0.35703891821451905
1,0,64,Circular,GCGR,Gcgr-v2,nucLib,stack,22,0.28581016508613294
1,0,64,Circular,GCGR,Gcgr-v2,nucLib,target_kmer,22,0.29195133042093807
1,0,64,Circular,GCGR,Gcgr-v2,nucLib,composition,22,0.4961981684966672
1,0,64,Circular,GCGR,Gcgr-v2,nucLib,sibling_uncalibrated,22,0.28581016508613294
1,0,64,Circular,GCGR,Gcgr-v2,nucLib,sibling_calibrated,22,0.28581016508613294
1,0,64,Circular,HIPK3,circHIPK3,circLib,stack,50,0.20491509529531143
1,0,64,Circular,HIPK3,circHIPK3,circLib,target_kmer,50,0.6259515929242759
1,0,64,Circular,HIPK3,circHIPK3,circLib,composition,50,0.3931674792378734
1,0,64,Circular,HIPK3,circHIPK3,circLib,sibling_uncalibrated,50,0.34124619543103807
1,0,64,Circular,HIPK3,circHIPK3,circLib,sibling_calibrated,50,0.34124619543103807
1,0,64,Circular,HOXA11-AS,Hoxa11-AS,nucLib,stack,48,0.7228839341631961
1,0,64,Circular,HOXA11-AS,Hoxa11-AS,nucLib,target_kmer,48,0.24233434892472927
1,0,64,Circular,HOXA11-AS,Hoxa11-AS,nucLib,composition,48,0.4078877040652514
1,0,64,Circular,HOXA11-AS,Hoxa11-AS,nucLib,sibling_uncalibrated,48,0.2208424134149642
1,0,64,Circular,HOXA11-AS,Hoxa11-AS,nucLib,sibling_calibrated,48,0.2208424134149642
1,0,64,Circular,HUWE1,circHUWE1,circLib,stack,16,0.26250810030708405
1,0,64,Circular,HUWE1,circHUWE1,circLib,target_kmer,16,0.4547987781232585
1,0,64,Circular,HUWE1,circHUWE1,circLib,composition,16,0.30649877527855063
1,0,64,Circular,HUWE1,circHUWE1,circLib,sibling_uncalibrated,16,0.26250810030708405
1,0,64,Circular,HUWE1,circHUWE1,circLib,sibling_calibrated,16,0.26250810030708405
1,0,64,Circular,OGT,OGT,nucLib,stack,51,0.42381092419953104
1,0,64,Circular,OGT,OGT,nucLib,target_kmer,51,0.4485691622360466
1,0,64,Circular,OGT,OGT,nucLib,composition,51,0.7154044760471037
1,0,64,Circular,OGT,OGT,nucLib,sibling_uncalibrated,51,0.42381092419953104
1,0,64,Circular,OGT,OGT,nucLib,sibling_calibrated,51,0.42381092419953104
1,0,64,Circular,PINT,Pint,nucLib,stack,86,0.4177378892185473
1,0,64,Circular,PINT,Pint,nucLib,target_kmer,86,0.5404861214093704
1,0,64,Circular,PINT,Pint,nucLib,composition,86,0.7469265957202698
1,0,64,Circular,PINT,Pint,nucLib,sibling_uncalibrated,86,0.4177378892185473
1,0,64,Circular,PINT,Pint,nucLib,sibling_calibrated,86,0.4177378892185473
1,0,64,Circular,PINT,circPINT,circLib,stack,30,0.6112240661110644
1,0,64,Circular,PINT,circPINT,circLib,target_kmer,30,0.5089158569978158
1,0,64,Circular,PINT,circPINT,circLib,composition,30,0.6333449227213517
1,0,64,Circular,PINT,circPINT,circLib,sibling_uncalibrated,30,0.46882220835555904
1,0,64,Circular,PINT,circPINT,circLib,sibling_calibrated,30,0.46882220835555904
1,0,64,Circular,PROSER3,circPROSER3,circLib,stack,12,0.43897547299774287
1,0,64,Circular,PROSER3,circPROSER3,circLib,target_kmer,12,0.3682504986321039
1,0,64,Circular,PROSER3,circPROSER3,circLib,composition,12,0.3847534562735619
1,0,64,Circular,PROSER3,circPROSER3,circLib,sibling_uncalibrated,12,0.40900483314913616
1,0,64,Circular,PROSER3,circPROSER3,circLib,sibling_calibrated,12,0.40900483314913616
1,0,64,Circular,R3HDM1,circR3HDM1,circLib,stack,16,0.6842899311068193
1,0,64,Circular,R3HDM1,circR3HDM1,circLib,target_kmer,16,0.36679723427595345
1,0,64,Circular,R3HDM1,circR3HDM1,circLib,composition,16,0.7802410593068954
1,0,64,Circular,R3HDM1,circR3HDM1,circLib,sibling_uncalibrated,16,0.6842899311068193
1,0,64,Circular,R3HDM1,circR3HDM1,circLib,sibling_calibrated,16,0.6842899311068193
1,0,64,SCRCircular,BIRC6,circBIRC6,circLib,stack,57,0.2965224135310827
1,0,64,SCRCircular,BIRC6,circBIRC6,circLib,target_kmer,57,0.5005373813328613
1,0,64,SCRCircular,BIRC6,circBIRC6,circLib,composition,57,0.6859139706162469
1,0,64,SCRCircular,BIRC6,circBIRC6,circLib,sibling_uncalibrated,57,0.0942870799830605
1,0,64,SCRCircular,BIRC6,circBIRC6,circLib,sibling_calibrated,57,0.0942870799830605
1,0,64,SCRCircular,BWRD1,circBWRD1,circLib,stack,11,0.23717166379978766
1,0,64,SCRCircular,BWRD1,circBWRD1,circLib,target_kmer,11,0.20732721191716197
1,0,64,SCRCircular,BWRD1,circBWRD1,circLib,composition,11,0.6832352167258158
1,0,64,SCRCircular,BWRD1,circBWRD1,circLib,sibling_uncalibrated,11,0.20732721191716197
1,0,64,SCRCircular,BWRD1,circBWRD1,circLib,sibling_calibrated,11,0.20732721191716197
1,0,64,SCRCircular,EVF2,Evf2,nucLib,stack,67,0.32933123352810034
1,0,64,SCRCircular,EVF2,Evf2,nucLib,target_kmer,67,0.47799432018426025
1,0,64,SCRCircular,EVF2,Evf2,nucLib,composition,67,0.582623060911615
1,0,64,SCRCircular,EVF2,Evf2,nucLib,sibling_uncalibrated,67,0.7461925147482967
1,0,64,SCRCircular,EVF2,Evf2,nucLib,sibling_calibrated,67,0.7461925147482967
1,0,64,SCRCircular,FENDRR,Fendrr,nucLib,stack,98,0.20782664439851078
1,0,64,SCRCircular,FENDRR,Fendrr,nucLib,target_kmer,98,0.4353237717970789
1,0,64,SCRCircular,FENDRR,Fendrr,nucLib,composition,98,0.4877761921974848
1,0,64,SCRCircular,FENDRR,Fendrr,nucLib,sibling_uncalibrated,98,0.2858293681784965
1,0,64,SCRCircular,FENDRR,Fendrr,nucLib,sibling_calibrated,98,0.2858293681784965
1,0,64,SCRCircular,GCGR,Gcgr,nucLib,stack,30,0.3002207241503601
1,0,64,SCRCircular,GCGR,Gcgr,nucLib,target_kmer,30,0.24855415180574383
1,0,64,SCRCircular,GCGR,Gcgr,nucLib,composition,30,0.3077063685348533
1,0,64,SCRCircular,GCGR,Gcgr,nucLib,sibling_uncalibrated,30,0.3002207241503601
1,0,64,SCRCircular,GCGR,Gcgr,nucLib,sibling_calibrated,30,0.3002207241503601
1,0,64,SCRCircular,GCGR,Gcgr-v2,nucLib,stack,22,0.3736289527210375
1,0,64,SCRCircular,GCGR,Gcgr-v2,nucLib,target_kmer,22,0.13349649478314565
1,0,64,SCRCircular,GCGR,Gcgr-v2,nucLib,composition,22,0.4562098557801797
1,0,64,SCRCircular,GCGR,Gcgr-v2,nucLib,sibling_uncalibrated,22,0.25702652134353254
1,0,64,SCRCircular,GCGR,Gcgr-v2,nucLib,sibling_calibrated,22,0.25702652134353254
1,0,64,SCRCircular,HIPK3,circHIPK3,circLib,stack,55,0.2823801236417146
1,0,64,SCRCircular,HIPK3,circHIPK3,circLib,target_kmer,55,0.10547527849318189
1,0,64,SCRCircular,HIPK3,circHIPK3,circLib,composition,55,0.42987538025325067
1,0,64,SCRCircular,HIPK3,circHIPK3,circLib,sibling_uncalibrated,55,0.16338610984643465
1,0,64,SCRCircular,HIPK3,circHIPK3,circLib,sibling_calibrated,55,0.16338610984643465
1,0,64,SCRCircular,HOXA11-AS,Hoxa11-AS,nucLib,stack,52,0.19858204103162957
1,0,64,SCRCircular,HOXA11-AS,Hoxa11-AS,nucLib,target_kmer,52,0.4434704100886906
1,0,64,SCRCircular,HOXA11-AS,Hoxa11-AS,nucLib,composition,52,0.6665585244462428
1,0,64,SCRCircular,HOXA11-AS,Hoxa11-AS,nucLib,sibling_uncalibrated,52,0.4036996444024818
1,0,64,SCRCircular,HOXA11-AS,Hoxa11-AS,nucLib,sibling_calibrated,52,0.4036996444024818
1,0,64,SCRCircular,HUWE1,circHUWE1,circLib,stack,16,0.2682579701199892
1,0,64,SCRCircular,HUWE1,circHUWE1,circLib,target_kmer,16,0.3661859767080827
1,0,64,SCRCircular,HUWE1,circHUWE1,circLib,composition,16,0.7687627845695655
1,0,64,SCRCircular,HUWE1,circHUWE1,circLib,sibling_uncalibrated,16,0.2682579701199892
1,0,64,SCRCircular,HUWE1,circHUWE1,circLib,sibling_calibrated,16,0.2682579701199892
1,0,64,SCRCircular,OGT,OGT,nucLib,stack,57,0.6497412159482409
1,0,64,SCRCircular,OGT,OGT,nucLib,target_kmer,57,0.5818936262526901
1,0,64,SCRCircular,OGT,OGT,nucLib,composition,57,0.3208817833047313
1,0,64,SCRCircular,OGT,OGT,nucLib,sibling_uncalibrated,57,0.5794389387219334
1,0,64,SCRCircular,OGT,OGT,nucLib,sibling_calibrated,57,0.5794389387219334
1,0,64,SCRCircular,PINT,Pint,nucLib,stack,105,0.38628686958441294
1,0,64,SCRCircular,PINT,Pint,nucLib,target_kmer,105,0.38628686958441294
1,0,64,SCRCircular,PINT,Pint,nucLib,composition,105,0.4495700050274286
1,0,64,SCRCircular,PINT,Pint,nucLib,sibling_uncalibrated,105,0.5961314350873637
1,0,64,SCRCircular,PINT,Pint,nucLib,sibling_calibrated,105,0.5961314350873637
1,0,64,SCRCircular,PINT,circPINT,circLib,stack,31,0.4576405222918677
1,0,64,SCRCircular,PINT,circPINT,circLib,target_kmer,31,0.6874205713891842
1,0,64,SCRCircular,PINT,circPINT,circLib,composition,31,0.3083726769870211
1,0,64,SCRCircular,PINT,circPINT,circLib,sibling_uncalibrated,31,0.17269509624200444
1,0,64,SCRCircular,PINT,circPINT,circLib,sibling_calibrated,31,0.17269509624200444
1,0,64,SCRCircular,PROSER3,circPROSER3,circLib,stack,12,0.40465190981894167
1,0,64,SCRCircular,PROSER3,circPROSER3,circLib,target_kmer,12,0.240328198412593
1,0,64,SCRCircular,PROSER3,circPROSER3,circLib,composition,12,0.3960636512736805
1,0,64,SCRCircular,PROSER3,circPROSER3,circLib,sibling_uncalibrated,12,0.10045750492796734
1,0,64,SCRCircular,PROSER3,circPROSER3,circLib,sibling_calibrated,12,0.10045750492796734
1,0,64,SCRCircular,R3HDM1,circR3HDM1,circLib,stack,16,0.318857710187742
1,0,64,SCRCircular,R3HDM1,circR3HDM1,circLib,target_kmer,16,0.41598182070435685
1,0,64,SCRCircular,R3HDM1,circR3HDM1,circLib,composition,16,0.3819348236650789
1,0,64,SCRCircular,R3HDM1,circR3HDM1,circLib,sibling_uncalibrated,16,0.18303766539301908
1,0,64,SCRCircular,R3HDM1,circR3HDM1,circLib,sibling_calibrated,16,0.18303766539301908
1,0,256,Spliced,BIRC6,circBIRC6,circLib,stack,58,0.34415750518084
1,0,256,Spliced,BIRC6,circBIRC6,circLib,target_kmer,58,0.45039846766845343
1,0,256,Spliced,BIRC6,circBIRC6,circLib,composition,58,0.5163784320180539
1,0,256,Spliced,BIRC6,circBIRC6,circLib,sibling_uncalibrated,58,0.34415750518084
1,0,256,Spliced,BIRC6,circBIRC6,circLib,sibling_calibrated,58,0.34415750518084
1,0,256,Spliced,BWRD1,circBWRD1,circLib,stack,11,0.11675921989655556
1,0,256,Spliced,BWRD1,circBWRD1,circLib,target_kmer,11,0.43536404403808393
1,0,256,Spliced,BWRD1,circBWRD1,circLib,composition,11,0.11675921989655556
1,0,256,Spliced,BWRD1,circBWRD1,circLib,sibling_uncalibrated,11,0.5920268477075604
1,0,256,Spliced,BWRD1,circBWRD1,circLib,sibling_calibrated,11,0.5920268477075604
1,0,256,Spliced,EVF2,Evf2,nucLib,stack,58,0.4382923757473822
1,0,256,Spliced,EVF2,Evf2,nucLib,target_kmer,58,0.324933888217705
1,0,256,Spliced,EVF2,Evf2,nucLib,composition,58,0.3361140286169358
1,0,256,Spliced,EVF2,Evf2,nucLib,sibling_uncalibrated,58,0.4382923757473822
1,0,256,Spliced,EVF2,Evf2,nucLib,sibling_calibrated,58,0.4382923757473822
1,0,256,Spliced,FENDRR,Fendrr,nucLib,stack,95,0.41574791105647957
1,0,256,Spliced,FENDRR,Fendrr,nucLib,target_kmer,95,0.7033230540542247
1,0,256,Spliced,FENDRR,Fendrr,nucLib,composition,95,0.417846190743285
1,0,256,Spliced,FENDRR,Fendrr,nucLib,sibling_uncalibrated,95,0.21645623338589465
1,0,256,Spliced,FENDRR,Fendrr,nucLib,sibling_calibrated,95,0.21645623338589465
1,0,256,Spliced,GCGR,Gcgr,nucLib,stack,30,0.4538694557493984
1,0,256,Spliced,GCGR,Gcgr,nucLib,target_kmer,30,0.5183524718918096
1,0,256,Spliced,GCGR,Gcgr,nucLib,composition,30,0.27201844550846654
1,0,256,Spliced,GCGR,Gcgr,nucLib,sibling_uncalibrated,30,0.4402248310263887
1,0,256,Spliced,GCGR,Gcgr,nucLib,sibling_calibrated,30,0.4402248310263887
1,0,256,Spliced,GCGR,Gcgr-v2,nucLib,stack,22,0.4814095614644261
1,0,256,Spliced,GCGR,Gcgr-v2,nucLib,target_kmer,22,0.5581136794467214
1,0,256,Spliced,GCGR,Gcgr-v2,nucLib,composition,22,0.44660344247486894
1,0,256,Spliced,GCGR,Gcgr-v2,nucLib,sibling_uncalibrated,22,0.1981804461719358
1,0,256,Spliced,GCGR,Gcgr-v2,nucLib,sibling_calibrated,22,0.1981804461719358
1,0,256,Spliced,HIPK3,circHIPK3,circLib,stack,55,0.20589242594255455
1,0,256,Spliced,HIPK3,circHIPK3,circLib,target_kmer,55,0.26928606746190475
1,0,256,Spliced,HIPK3,circHIPK3,circLib,composition,55,0.48040045653308616
1,0,256,Spliced,HIPK3,circHIPK3,circLib,sibling_uncalibrated,55,0.3268608432759495
1,0,256,Spliced,HIPK3,circHIPK3,circLib,sibling_calibrated,55,0.3268608432759495
1,0,256,Spliced,HOXA11-AS,Hoxa11-AS,nucLib,stack,52,0.3309252379464449
1,0,256,Spliced,HOXA11-AS,Hoxa11-AS,nucLib,target_kmer,52,0.32118217982745273
1,0,256,Spliced,HOXA11-AS,Hoxa11-AS,nucLib,composition,52,0.39975952723900643
1,0,256,Spliced,HOXA11-AS,Hoxa11-AS,nucLib,sibling_uncalibrated,52,0.2058812542228317
1,0,256,Spliced,HOXA11-AS,Hoxa11-AS,nucLib,sibling_calibrated,52,0.2058812542228317
1,0,256,Spliced,HUWE1,circHUWE1,circLib,stack,16,0.2619406430541289
1,0,256,Spliced,HUWE1,circHUWE1,circLib,target_kmer,16,0.5388025821238942
1,0,256,Spliced,HUWE1,circHUWE1,circLib,composition,16,0.4677668676928937
1,0,256,Spliced,HUWE1,circHUWE1,circLib,sibling_uncalibrated,16,0.46601026505841747
1,0,256,Spliced,HUWE1,circHUWE1,circLib,sibling_calibrated,16,0.46601026505841747
1,0,256,Spliced,OGT,OGT,nucLib,stack,53,0.422040639315086
1,0,256,Spliced,OGT,OGT,nucLib,target_kmer,53,0.276131494718539
1,0,256,Spliced,OGT,OGT,nucLib,composition,53,0.09645828467654567
1,0,256,Spliced,OGT,OGT,nucLib,sibling_uncalibrated,53,0.5589812822206726
1,0,256,Spliced,OGT,OGT,nucLib,sibling_calibrated,53,0.5589812822206726
1,0,256,Spliced,PINT,Pint,nucLib,stack,92,0.2792557286317001
1,0,256,Spliced,PINT,Pint,nucLib,target_kmer,92,0.09296235169967543
1,0,256,Spliced,PINT,Pint,nucLib,composition,92,0.3429031332544014
1,0,256,Spliced,PINT,Pint,nucLib,sibling_uncalibrated,92,0.3563405678269808
1,0,256,Spliced,PINT,Pint,nucLib,sibling_calibrated,92,0.3563405678269808
1,0,256,Spliced,PINT,circPINT,circLib,stack,31,0.2850075706025025
1,0,256,Spliced,PINT,circPINT,circLib,target_kmer,31,0.42571785137846985
1,0,256,Spliced,PINT,circPINT,circLib,composition,31,0.5617937773011437
1,0,256,Spliced,PINT,circPINT,circLib,sibling_uncalibrated,31,0.2850075706025025
1,0,256,Spliced,PINT,circPINT,circLib,sibling_calibrated,31,0.2850075706025025
1,0,256,Spliced,PROSER3,circPROSER3,circLib,stack,12,0.2689946768843971
1,0,256,Spliced,PROSER3,circPROSER3,circLib,target_kmer,12,0.2689946768843971
1,0,256,Spliced,PROSER3,circPROSER3,circLib,composition,12,0.1117092785698519
1,0,256,Spliced,PROSER3,circPROSER3,circLib,sibling_uncalibrated,12,0.1117092785698519
1,0,256,Spliced,PROSER3,circPROSER3,circLib,sibling_calibrated,12,0.1117092785698519
1,0,256,Spliced,R3HDM1,circR3HDM1,circLib,stack,16,0.45287926874948314
1,0,256,Spliced,R3HDM1,circR3HDM1,circLib,target_kmer,16,0.46409865658085964
1,0,256,Spliced,R3HDM1,circR3HDM1,circLib,composition,16,0.8271318950628588
1,0,256,Spliced,R3HDM1,circR3HDM1,circLib,sibling_uncalibrated,16,0.45287926874948314
1,0,256,Spliced,R3HDM1,circR3HDM1,circLib,sibling_calibrated,16,0.45287926874948314
1,0,256,Unspliced,BIRC6,circBIRC6,circLib,stack,57,0.43320495906388423
1,0,256,Unspliced,BIRC6,circBIRC6,circLib,target_kmer,57,0.47690043764478773
1,0,256,Unspliced,BIRC6,circBIRC6,circLib,composition,57,0.6047649223464586
1,0,256,Unspliced,BIRC6,circBIRC6,circLib,sibling_uncalibrated,57,0.5692102486703703
1,0,256,Unspliced,BIRC6,circBIRC6,circLib,sibling_calibrated,57,0.5692102486703703
1,0,256,Unspliced,BWRD1,circBWRD1,circLib,stack,11,0.4722482164107513
1,0,256,Unspliced,BWRD1,circBWRD1,circLib,target_kmer,11,0.4186611176516575
1,0,256,Unspliced,BWRD1,circBWRD1,circLib,composition,11,0.17574804506435257
1,0,256,Unspliced,BWRD1,circBWRD1,circLib,sibling_uncalibrated,11,0.17574804506435257
1,0,256,Unspliced,BWRD1,circBWRD1,circLib,sibling_calibrated,11,0.17574804506435257
1,0,256,Unspliced,EVF2,Evf2,nucLib,stack,38,0.49711255603454363
1,0,256,Unspliced,EVF2,Evf2,nucLib,target_kmer,38,0.6735913687603499
1,0,256,Unspliced,EVF2,Evf2,nucLib,composition,38,0.43698819067909456
1,0,256,Unspliced,EVF2,Evf2,nucLib,sibling_uncalibrated,38,0.33624911057811546
1,0,256,Unspliced,EVF2,Evf2,nucLib,sibling_calibrated,38,0.33624911057811546
1,0,256,Unspliced,FENDRR,Fendrr,nucLib,stack,82,0.3212469992534365
1,0,256,Unspliced,FENDRR,Fendrr,nucLib,target_kmer,82,0.7267144313978217
1,0,256,Unspliced,FENDRR,Fendrr,nucLib,composition,82,0.24285178052395925
1,0,256,Unspliced,FENDRR,Fendrr,nucLib,sibling_uncalibrated,82,0.41321038173710933
1,0,256,Unspliced,FENDRR,Fendrr,nucLib,sibling_calibrated,82,0.41321038173710933
1,0,256,Unspliced,GCGR,Gcgr,nucLib,stack,30,0.365320613307865
1,0,256,Unspliced,GCGR,Gcgr,nucLib,target_kmer,30,0.5940052564897077
1,0,256,Unspliced,GCGR,Gcgr,nucLib,composition,30,0.6914281660510753
1,0,256,Unspliced,GCGR,Gcgr,nucLib,sibling_uncalibrated,30,0.703848856422582
1,0,256,Unspliced,GCGR,Gcgr,nucLib,sibling_calibrated,30,0.703848856422582
1,0,256,Unspliced,GCGR,Gcgr-v2,nucLib,stack,22,0.030337900795379475
1,0,256,Unspliced,GCGR,Gcgr-v2,nucLib,target_kmer,22,0.31290319115424237
1,0,256,Unspliced,GCGR,Gcgr-v2,nucLib,composition,22,0.030337900795379475
1,0,256,Unspliced,GCGR,Gcgr-v2,nucLib,sibling_uncalibrated,22,0.2632807433536768
1,0,256,Unspliced,GCGR,Gcgr-v2,nucLib,sibling_calibrated,22,0.2632807433536768
1,0,256,Unspliced,HIPK3,circHIPK3,circLib,stack,55,0.40555595776113657
1,0,256,Unspliced,HIPK3,circHIPK3,circLib,target_kmer,55,0.3532951382042798
1,0,256,Unspliced,HIPK3,circHIPK3,circLib,composition,55,0.3916278467462154
1,0,256,Unspliced,HIPK3,circHIPK3,circLib,sibling_uncalibrated,55,0.07960412091055226
1,0,256,Unspliced,HIPK3,circHIPK3,circLib,sibling_calibrated,55,0.07960412091055226
1,0,256,Unspliced,HOXA11-AS,Hoxa11-AS,nucLib,stack,47,0.5420918743911555
1,0,256,Unspliced,HOXA11-AS,Hoxa11-AS,nucLib,target_kmer,47,0.3965699852048258
1,0,256,Unspliced,HOXA11-AS,Hoxa11-AS,nucLib,composition,47,0.4673072625140179
1,0,256,Unspliced,HOXA11-AS,Hoxa11-AS,nucLib,sibling_uncalibrated,47,0.5127083012378852
1,0,256,Unspliced,HOXA11-AS,Hoxa11-AS,nucLib,sibling_calibrated,47,0.5127083012378852
1,0,256,Unspliced,HUWE1,circHUWE1,circLib,stack,16,0.3627608044145914
1,0,256,Unspliced,HUWE1,circHUWE1,circLib,target_kmer,16,0.5048904566590393
1,0,256,Unspliced,HUWE1,circHUWE1,circLib,composition,16,0.4685115060980378
1,0,256,Unspliced,HUWE1,circHUWE1,circLib,sibling_uncalibrated,16,0.4685115060980378
1,0,256,Unspliced,HUWE1,circHUWE1,circLib,sibling_calibrated,16,0.4685115060980378
1,0,256,Unspliced,OGT,OGT,nucLib,stack,41,0.2239969970752043
1,0,256,Unspliced,OGT,OGT,nucLib,target_kmer,41,0.5699433975030578
1,0,256,Unspliced,OGT,OGT,nucLib,composition,41,0.47404199297311356
1,0,256,Unspliced,OGT,OGT,nucLib,sibling_uncalibrated,41,0.45712785302154113
1,0,256,Unspliced,OGT,OGT,nucLib,sibling_calibrated,41,0.45712785302154113
1,0,256,Unspliced,PINT,Pint,nucLib,stack,64,0.18873395822524033
1,0,256,Unspliced,PINT,Pint,nucLib,target_kmer,64,0.6053089852826928
1,0,256,Unspliced,PINT,Pint,nucLib,composition,64,0.11703301684819509
1,0,256,Unspliced,PINT,Pint,nucLib,sibling_uncalibrated,64,0.5013534174772036
1,0,256,Unspliced,PINT,Pint,nucLib,sibling_calibrated,64,0.5013534174772036
1,0,256,Unspliced,PINT,circPINT,circLib,stack,31,0.37224183527969046
1,0,256,Unspliced,PINT,circPINT,circLib,target_kmer,31,0.4568809824970471
1,0,256,Unspliced,PINT,circPINT,circLib,composition,31,0.7260133687729842
1,0,256,Unspliced,PINT,circPINT,circLib,sibling_uncalibrated,31,0.45604700961159234
1,0,256,Unspliced,PINT,circPINT,circLib,sibling_calibrated,31,0.45604700961159234
1,0,256,Unspliced,PROSER3,circPROSER3,circLib,stack,12,0.33503077162860373
1,0,256,Unspliced,PROSER3,circPROSER3,circLib,target_kmer,12,0.3253424981503029
1,0,256,Unspliced,PROSER3,circPROSER3,circLib,composition,12,0.5499650033919151
1,0,256,Unspliced,PROSER3,circPROSER3,circLib,sibling_uncalibrated,12,0.3253424981503029
1,0,256,Unspliced,PROSER3,circPROSER3,circLib,sibling_calibrated,12,0.3253424981503029
1,0,256,Unspliced,R3HDM1,circR3HDM1,circLib,stack,16,0.2162106493472346
1,0,256,Unspliced,R3HDM1,circR3HDM1,circLib,target_kmer,16,0.45485293664754745
1,0,256,Unspliced,R3HDM1,circR3HDM1,circLib,composition,16,0.7162106493472347
1,0,256,Unspliced,R3HDM1,circR3HDM1,circLib,sibling_uncalibrated,16,0.4157480763955279
1,0,256,Unspliced,R3HDM1,circR3HDM1,circLib,sibling_calibrated,16,0.4157480763955279
1,0,256,Circular,BIRC6,circBIRC6,circLib,stack,53,0.3692074295174486
1,0,256,Circular,BIRC6,circBIRC6,circLib,target_kmer,53,0.4783331967525146
1,0,256,Circular,BIRC6,circBIRC6,circLib,composition,53,0.5758079759542518
1,0,256,Circular,BIRC6,circBIRC6,circLib,sibling_uncalibrated,53,0.32502284729250663
1,0,256,Circular,BIRC6,circBIRC6,circLib,sibling_calibrated,53,0.32502284729250663
1,0,256,Circular,BWRD1,circBWRD1,circLib,stack,11,0.6326726872442485
1,0,256,Circular,BWRD1,circBWRD1,circLib,target_kmer,11,0.14345676130871626
1,0,256,Circular,BWRD1,circBWRD1,circLib,composition,11,0.6275690789598072
1,0,256,Circular,BWRD1,circBWRD1,circLib,sibling_uncalibrated,11,0.30734511877847437
1,0,256,Circular,BWRD1,circBWRD1,circLib,sibling_calibrated,11,0.30734511877847437
1,0,256,Circular,EVF2,Evf2,nucLib,stack,52,0.030567159998702055
1,0,256,Circular,EVF2,Evf2,nucLib,target_kmer,52,0.4605950072144115
1,0,256,Circular,EVF2,Evf2,nucLib,composition,52,0.6061440367645368
1,0,256,Circular,EVF2,Evf2,nucLib,sibling_uncalibrated,52,0.0747776249760346
1,0,256,Circular,EVF2,Evf2,nucLib,sibling_calibrated,52,0.0747776249760346
1,0,256,Circular,FENDRR,Fendrr,nucLib,stack,88,0.26816736828381404
1,0,256,Circular,FENDRR,Fendrr,nucLib,target_kmer,88,0.32844453733343193
1,0,256,Circular,FENDRR,Fendrr,nucLib,composition,88,0.6888940284352372
1,0,256,Circular,FENDRR,Fendrr,nucLib,sibling_uncalibrated,88,0.22653063042278354
1,0,256,Circular,FENDRR,Fendrr,nucLib,sibling_calibrated,88,0.22653063042278354
1,0,256,Circular,GCGR,Gcgr,nucLib,stack,30,0.33168894164864704
1,0,256,Circular,GCGR,Gcgr,nucLib,target_kmer,30,0.40242219714534466
1,0,256,Circular,GCGR,Gcgr,nucLib,composition,30,0.5277000991148557
1,0,256,Circular,GCGR,Gcgr,nucLib,sibling_uncalibrated,30,0.35703891821451905
1,0,256,Circular,GCGR,Gcgr,nucLib,sibling_calibrated,30,0.35703891821451905
1,0,256,Circular,GCGR,Gcgr-v2,nucLib,stack,22,0.42066187343409533
1,0,256,Circular,GCGR,Gcgr-v2,nucLib,target_kmer,22,0.3808703891424524
1,0,256,Circular,GCGR,Gcgr-v2,nucLib,composition,22,0.3613464601487048
1,0,256,Circular,GCGR,Gcgr-v2,nucLib,sibling_uncalibrated,22,0.28581016508613294
1,0,256,Circular,GCGR,Gcgr-v2,nucLib,sibling_calibrated,22,0.28581016508613294
1,0,256,Circular,HIPK3,circHIPK3,circLib,stack,50,0.3284296074532799
1,0,256,Circular,HIPK3,circHIPK3,circLib,target_kmer,50,0.6026204160042992
1,0,256,Circular,HIPK3,circHIPK3,circLib,composition,50,0.3931674792378734
1,0,256,Circular,HIPK3,circHIPK3,circLib,sibling_uncalibrated,50,0.34124619543103807
1,0,256,Circular,HIPK3,circHIPK3,circLib,sibling_calibrated,50,0.34124619543103807
1,0,256,Circular,HOXA11-AS,Hoxa11-AS,nucLib,stack,48,0.7228839341631961
1,0,256,Circular,HOXA11-AS,Hoxa11-AS,nucLib,target_kmer,48,0.5631904205613352
1,0,256,Circular,HOXA11-AS,Hoxa11-AS,nucLib,composition,48,0.43654251128081933
1,0,256,Circular,HOXA11-AS,Hoxa11-AS,nucLib,sibling_uncalibrated,48,0.2208424134149642
1,0,256,Circular,HOXA11-AS,Hoxa11-AS,nucLib,sibling_calibrated,48,0.2208424134149642
1,0,256,Circular,HUWE1,circHUWE1,circLib,stack,16,0.26250810030708405
1,0,256,Circular,HUWE1,circHUWE1,circLib,target_kmer,16,0.7543647206031372
1,0,256,Circular,HUWE1,circHUWE1,circLib,composition,16,0.45332245654327163
1,0,256,Circular,HUWE1,circHUWE1,circLib,sibling_uncalibrated,16,0.26250810030708405
1,0,256,Circular,HUWE1,circHUWE1,circLib,sibling_calibrated,16,0.26250810030708405
1,0,256,Circular,OGT,OGT,nucLib,stack,51,0.4506552639979776
1,0,256,Circular,OGT,OGT,nucLib,target_kmer,51,0.5436343648670328
1,0,256,Circular,OGT,OGT,nucLib,composition,51,0.7086983877998467
1,0,256,Circular,OGT,OGT,nucLib,sibling_uncalibrated,51,0.42381092419953104
1,0,256,Circular,OGT,OGT,nucLib,sibling_calibrated,51,0.42381092419953104
1,0,256,Circular,PINT,Pint,nucLib,stack,86,0.37493425191713153
1,0,256,Circular,PINT,Pint,nucLib,target_kmer,86,0.5170279332172774
1,0,256,Circular,PINT,Pint,nucLib,composition,86,0.6275580619187857
1,0,256,Circular,PINT,Pint,nucLib,sibling_uncalibrated,86,0.4177378892185473
1,0,256,Circular,PINT,Pint,nucLib,sibling_calibrated,86,0.4177378892185473
1,0,256,Circular,PINT,circPINT,circLib,stack,30,0.718263788810919
1,0,256,Circular,PINT,circPINT,circLib,target_kmer,30,0.2867084023797492
1,0,256,Circular,PINT,circPINT,circLib,composition,30,0.1902080405446047
1,0,256,Circular,PINT,circPINT,circLib,sibling_uncalibrated,30,0.46882220835555904
1,0,256,Circular,PINT,circPINT,circLib,sibling_calibrated,30,0.46882220835555904
1,0,256,Circular,PROSER3,circPROSER3,circLib,stack,12,0.4964831733728243
1,0,256,Circular,PROSER3,circPROSER3,circLib,target_kmer,12,0.7944492576478608
1,0,256,Circular,PROSER3,circPROSER3,circLib,composition,12,0.8844142701789616
1,0,256,Circular,PROSER3,circPROSER3,circLib,sibling_uncalibrated,12,0.40900483314913616
1,0,256,Circular,PROSER3,circPROSER3,circLib,sibling_calibrated,12,0.40900483314913616
1,0,256,Circular,R3HDM1,circR3HDM1,circLib,stack,16,0.5015745075484559
1,0,256,Circular,R3HDM1,circR3HDM1,circLib,target_kmer,16,0.2026607899046798
1,0,256,Circular,R3HDM1,circR3HDM1,circLib,composition,16,0.7802410593068954
1,0,256,Circular,R3HDM1,circR3HDM1,circLib,sibling_uncalibrated,16,0.6842899311068193
1,0,256,Circular,R3HDM1,circR3HDM1,circLib,sibling_calibrated,16,0.6842899311068193
1,0,256,SCRCircular,BIRC6,circBIRC6,circLib,stack,57,0.2965224135310827
1,0,256,SCRCircular,BIRC6,circBIRC6,circLib,target_kmer,57,0.5769612714962216
1,0,256,SCRCircular,BIRC6,circBIRC6,circLib,composition,57,0.6013527330408328
1,0,256,SCRCircular,BIRC6,circBIRC6,circLib,sibling_uncalibrated,57,0.0942870799830605
1,0,256,SCRCircular,BIRC6,circBIRC6,circLib,sibling_calibrated,57,0.0942870799830605
1,0,256,SCRCircular,BWRD1,circBWRD1,circLib,stack,11,0.23717166379978766
1,0,256,SCRCircular,BWRD1,circBWRD1,circLib,target_kmer,11,0.23717166379978766
1,0,256,SCRCircular,BWRD1,circBWRD1,circLib,composition,11,0.6832352167258158
1,0,256,SCRCircular,BWRD1,circBWRD1,circLib,sibling_uncalibrated,11,0.20732721191716197
1,0,256,SCRCircular,BWRD1,circBWRD1,circLib,sibling_calibrated,11,0.20732721191716197
1,0,256,SCRCircular,EVF2,Evf2,nucLib,stack,67,0.32933123352810034
1,0,256,SCRCircular,EVF2,Evf2,nucLib,target_kmer,67,0.32933123352810034
1,0,256,SCRCircular,EVF2,Evf2,nucLib,composition,67,0.4988751420508569
1,0,256,SCRCircular,EVF2,Evf2,nucLib,sibling_uncalibrated,67,0.7461925147482967
1,0,256,SCRCircular,EVF2,Evf2,nucLib,sibling_calibrated,67,0.7461925147482967
1,0,256,SCRCircular,FENDRR,Fendrr,nucLib,stack,98,0.20782664439851078
1,0,256,SCRCircular,FENDRR,Fendrr,nucLib,target_kmer,98,0.4141284163172923
1,0,256,SCRCircular,FENDRR,Fendrr,nucLib,composition,98,0.4573097111775305
1,0,256,SCRCircular,FENDRR,Fendrr,nucLib,sibling_uncalibrated,98,0.2858293681784965
1,0,256,SCRCircular,FENDRR,Fendrr,nucLib,sibling_calibrated,98,0.2858293681784965
1,0,256,SCRCircular,GCGR,Gcgr,nucLib,stack,30,0.3002207241503601
1,0,256,SCRCircular,GCGR,Gcgr,nucLib,target_kmer,30,0.3002207241503601
1,0,256,SCRCircular,GCGR,Gcgr,nucLib,composition,30,0.3077063685348533
1,0,256,SCRCircular,GCGR,Gcgr,nucLib,sibling_uncalibrated,30,0.3002207241503601
1,0,256,SCRCircular,GCGR,Gcgr,nucLib,sibling_calibrated,30,0.3002207241503601
1,0,256,SCRCircular,GCGR,Gcgr-v2,nucLib,stack,22,0.3736289527210375
1,0,256,SCRCircular,GCGR,Gcgr-v2,nucLib,target_kmer,22,0.27724070838215215
1,0,256,SCRCircular,GCGR,Gcgr-v2,nucLib,composition,22,0.25702652134353254
1,0,256,SCRCircular,GCGR,Gcgr-v2,nucLib,sibling_uncalibrated,22,0.25702652134353254
1,0,256,SCRCircular,GCGR,Gcgr-v2,nucLib,sibling_calibrated,22,0.25702652134353254
1,0,256,SCRCircular,HIPK3,circHIPK3,circLib,stack,55,0.2823801236417146
1,0,256,SCRCircular,HIPK3,circHIPK3,circLib,target_kmer,55,0.16338610984643465
1,0,256,SCRCircular,HIPK3,circHIPK3,circLib,composition,55,0.3621265012346619
1,0,256,SCRCircular,HIPK3,circHIPK3,circLib,sibling_uncalibrated,55,0.16338610984643465
1,0,256,SCRCircular,HIPK3,circHIPK3,circLib,sibling_calibrated,55,0.16338610984643465
1,0,256,SCRCircular,HOXA11-AS,Hoxa11-AS,nucLib,stack,52,0.19858204103162957
1,0,256,SCRCircular,HOXA11-AS,Hoxa11-AS,nucLib,target_kmer,52,0.30767483178886823
1,0,256,SCRCircular,HOXA11-AS,Hoxa11-AS,nucLib,composition,52,0.6665585244462428
1,0,256,SCRCircular,HOXA11-AS,Hoxa11-AS,nucLib,sibling_uncalibrated,52,0.4036996444024818
1,0,256,SCRCircular,HOXA11-AS,Hoxa11-AS,nucLib,sibling_calibrated,52,0.4036996444024818
1,0,256,SCRCircular,HUWE1,circHUWE1,circLib,stack,16,0.2682579701199892
1,0,256,SCRCircular,HUWE1,circHUWE1,circLib,target_kmer,16,0.39252583189476714
1,0,256,SCRCircular,HUWE1,circHUWE1,circLib,composition,16,0.4710988052295119
1,0,256,SCRCircular,HUWE1,circHUWE1,circLib,sibling_uncalibrated,16,0.2682579701199892
1,0,256,SCRCircular,HUWE1,circHUWE1,circLib,sibling_calibrated,16,0.2682579701199892
1,0,256,SCRCircular,OGT,OGT,nucLib,stack,57,0.6497412159482409
1,0,256,SCRCircular,OGT,OGT,nucLib,target_kmer,57,0.3566361351482047
1,0,256,SCRCircular,OGT,OGT,nucLib,composition,57,0.5792091309096579
1,0,256,SCRCircular,OGT,OGT,nucLib,sibling_uncalibrated,57,0.5794389387219334
1,0,256,SCRCircular,OGT,OGT,nucLib,sibling_calibrated,57,0.5794389387219334
1,0,256,SCRCircular,PINT,Pint,nucLib,stack,105,0.38628686958441294
1,0,256,SCRCircular,PINT,Pint,nucLib,target_kmer,105,0.4066515075975496
1,0,256,SCRCircular,PINT,Pint,nucLib,composition,105,0.44162085290369424
1,0,256,SCRCircular,PINT,Pint,nucLib,sibling_uncalibrated,105,0.5961314350873637
1,0,256,SCRCircular,PINT,Pint,nucLib,sibling_calibrated,105,0.5961314350873637
1,0,256,SCRCircular,PINT,circPINT,circLib,stack,31,0.4576405222918677
1,0,256,SCRCircular,PINT,circPINT,circLib,target_kmer,31,0.5353655794010923
1,0,256,SCRCircular,PINT,circPINT,circLib,composition,31,0.28350008778634916
1,0,256,SCRCircular,PINT,circPINT,circLib,sibling_uncalibrated,31,0.17269509624200444
1,0,256,SCRCircular,PINT,circPINT,circLib,sibling_calibrated,31,0.17269509624200444
1,0,256,SCRCircular,PROSER3,circPROSER3,circLib,stack,12,0.10045750492796734
1,0,256,SCRCircular,PROSER3,circPROSER3,circLib,target_kmer,12,0.13987069348462566
1,0,256,SCRCircular,PROSER3,circPROSER3,circLib,composition,12,0.3960636512736805
1,0,256,SCRCircular,PROSER3,circPROSER3,circLib,sibling_uncalibrated,12,0.10045750492796734
1,0,256,SCRCircular,PROSER3,circPROSER3,circLib,sibling_calibrated,12,0.10045750492796734
1,0,256,SCRCircular,R3HDM1,circR3HDM1,circLib,stack,16,0.18303766539301908
1,0,256,SCRCircular,R3HDM1,circR3HDM1,circLib,target_kmer,16,0.851409674977369
1,0,256,SCRCircular,R3HDM1,circR3HDM1,circLib,composition,16,0.027382863765368862
1,0,256,SCRCircular,R3HDM1,circR3HDM1,circLib,sibling_uncalibrated,16,0.18303766539301908
1,0,256,SCRCircular,R3HDM1,circR3HDM1,circLib,sibling_calibrated,16,0.18303766539301908
1,1,16,Spliced,BIRC6,circBIRC6,circLib,stack,58,0.5425397851008724
1,1,16,Spliced,BIRC6,circBIRC6,circLib,target_kmer,58,0.33975640036131916
1,1,16,Spliced,BIRC6,circBIRC6,circLib,composition,58,0.45820083366788467
1,1,16,Spliced,BIRC6,circBIRC6,circLib,sibling_uncalibrated,58,0.5052570606707806
1,1,16,Spliced,BIRC6,circBIRC6,circLib,sibling_calibrated,58,0.5052570606707806
1,1,16,Spliced,BWRD1,circBWRD1,circLib,stack,11,0.5274296161045919
1,1,16,Spliced,BWRD1,circBWRD1,circLib,target_kmer,11,0.43536404403808393
1,1,16,Spliced,BWRD1,circBWRD1,circLib,composition,11,0.25397131497360376
1,1,16,Spliced,BWRD1,circBWRD1,circLib,sibling_uncalibrated,11,0.5274296161045919
1,1,16,Spliced,BWRD1,circBWRD1,circLib,sibling_calibrated,11,0.5274296161045919
1,1,16,Spliced,EVF2,Evf2,nucLib,stack,58,0.38471614500785767
1,1,16,Spliced,EVF2,Evf2,nucLib,target_kmer,58,0.43352211671413043
1,1,16,Spliced,EVF2,Evf2,nucLib,composition,58,0.4431614825874848
1,1,16,Spliced,EVF2,Evf2,nucLib,sibling_uncalibrated,58,0.38605638575569223
1,1,16,Spliced,EVF2,Evf2,nucLib,sibling_calibrated,58,0.38605638575569223
1,1,16,Spliced,FENDRR,Fendrr,nucLib,stack,95,0.5517048653842038
1,1,16,Spliced,FENDRR,Fendrr,nucLib,target_kmer,95,0.5919596871540149
1,1,16,Spliced,FENDRR,Fendrr,nucLib,composition,95,0.7543086924587569
1,1,16,Spliced,FENDRR,Fendrr,nucLib,sibling_uncalibrated,95,0.6183517381310326
1,1,16,Spliced,FENDRR,Fendrr,nucLib,sibling_calibrated,95,0.6183517381310326
1,1,16,Spliced,GCGR,Gcgr,nucLib,stack,30,0.4984767151403968
1,1,16,Spliced,GCGR,Gcgr,nucLib,target_kmer,30,0.2015536962307481
1,1,16,Spliced,GCGR,Gcgr,nucLib,composition,30,0.3434862883894505
1,1,16,Spliced,GCGR,Gcgr,nucLib,sibling_uncalibrated,30,0.3434862883894505
1,1,16,Spliced,GCGR,Gcgr,nucLib,sibling_calibrated,30,0.3434862883894505
1,1,16,Spliced,GCGR,Gcgr-v2,nucLib,stack,22,0.3705824709594888
1,1,16,Spliced,GCGR,Gcgr-v2,nucLib,target_kmer,22,0.4273339207677833
1,1,16,Spliced,GCGR,Gcgr-v2,nucLib,composition,22,0.46163561591198865
1,1,16,Spliced,GCGR,Gcgr-v2,nucLib,sibling_uncalibrated,22,0.34196467260291824
1,1,16,Spliced,GCGR,Gcgr-v2,nucLib,sibling_calibrated,22,0.34196467260291824
1,1,16,Spliced,HIPK3,circHIPK3,circLib,stack,55,0.24732494227000382
1,1,16,Spliced,HIPK3,circHIPK3,circLib,target_kmer,55,0.38677467641058577
1,1,16,Spliced,HIPK3,circHIPK3,circLib,composition,55,0.4530782088591345
1,1,16,Spliced,HIPK3,circHIPK3,circLib,sibling_uncalibrated,55,0.3268608432759495
1,1,16,Spliced,HIPK3,circHIPK3,circLib,sibling_calibrated,55,0.3268608432759495
1,1,16,Spliced,HOXA11-AS,Hoxa11-AS,nucLib,stack,52,0.313887642379207
1,1,16,Spliced,HOXA11-AS,Hoxa11-AS,nucLib,target_kmer,52,0.4265916550198573
1,1,16,Spliced,HOXA11-AS,Hoxa11-AS,nucLib,composition,52,0.6939551674757456
1,1,16,Spliced,HOXA11-AS,Hoxa11-AS,nucLib,sibling_uncalibrated,52,0.2058812542228317
1,1,16,Spliced,HOXA11-AS,Hoxa11-AS,nucLib,sibling_calibrated,52,0.2058812542228317
1,1,16,Spliced,HUWE1,circHUWE1,circLib,stack,16,0.2619406430541289
1,1,16,Spliced,HUWE1,circHUWE1,circLib,target_kmer,16,0.5661687545924124
1,1,16,Spliced,HUWE1,circHUWE1,circLib,composition,16,0.27036156169902065
1,1,16,Spliced,HUWE1,circHUWE1,circLib,sibling_uncalibrated,16,0.46601026505841747
1,1,16,Spliced,HUWE1,circHUWE1,circLib,sibling_calibrated,16,0.46601026505841747
1,1,16,Spliced,OGT,OGT,nucLib,stack,53,0.23537132212381356
1,1,16,Spliced,OGT,OGT,nucLib,target_kmer,53,0.2849779485454562
1,1,16,Spliced,OGT,OGT,nucLib,composition,53,0.6747972958430022
1,1,16,Spliced,OGT,OGT,nucLib,sibling_uncalibrated,53,0.5589812822206726
1,1,16,Spliced,OGT,OGT,nucLib,sibling_calibrated,53,0.5589812822206726
1,1,16,Spliced,PINT,Pint,nucLib,stack,92,0.17228941557527286
1,1,16,Spliced,PINT,Pint,nucLib,target_kmer,92,0.4780809868385085
1,1,16,Spliced,PINT,Pint,nucLib,composition,92,0.5446002361129758
1,1,16,Spliced,PINT,Pint,nucLib,sibling_uncalibrated,92,0.4007667648674387
1,1,16,Spliced,PINT,Pint,nucLib,sibling_calibrated,92,0.4007667648674387
1,1,16,Spliced,PINT,circPINT,circLib,stack,31,0.47054322829047046
1,1,16,Spliced,PINT,circPINT,circLib,target_kmer,31,0.36207208366854465
1,1,16,Spliced,PINT,circPINT,circLib,composition,31,0.7943208875814243
1,1,16,Spliced,PINT,circPINT,circLib,sibling_uncalibrated,31,0.3785537527659753
1,1,16,Spliced,PINT,circPINT,circLib,sibling_calibrated,31,0.3785537527659753
1,1,16,Spliced,PROSER3,circPROSER3,circLib,stack,12,0.2689946768843971
1,1,16,Spliced,PROSER3,circPROSER3,circLib,target_kmer,12,0.4134713724152536
1,1,16,Spliced,PROSER3,circPROSER3,circLib,composition,12,0.2689946768843971
1,1,16,Spliced,PROSER3,circPROSER3,circLib,sibling_uncalibrated,12,0.2689946768843971
1,1,16,Spliced,PROSER3,circPROSER3,circLib,sibling_calibrated,12,0.2689946768843971
1,1,16,Spliced,R3HDM1,circR3HDM1,circLib,stack,16,0.6052878027966491
1,1,16,Spliced,R3HDM1,circR3HDM1,circLib,target_kmer,16,0.2987590085316556
1,1,16,Spliced,R3HDM1,circR3HDM1,circLib,composition,16,0.7059744080075118
1,1,16,Spliced,R3HDM1,circR3HDM1,circLib,sibling_uncalibrated,16,0.43241969785950785
1,1,16,Spliced,R3HDM1,circR3HDM1,circLib,sibling_calibrated,16,0.43241969785950785
1,1,16,Unspliced,BIRC6,circBIRC6,circLib,stack,57,0.2806160188354148
1,1,16,Unspliced,BIRC6,circBIRC6,circLib,target_kmer,57,0.5283990110147656
1,1,16,Unspliced,BIRC6,circBIRC6,circLib,composition,57,0.36423452098099596
1,1,16,Unspliced,BIRC6,circBIRC6,circLib,sibling_uncalibrated,57,0.6003619220305098
1,1,16,Unspliced,BIRC6,circBIRC6,circLib,sibling_calibrated,57,0.39963807796949025
1,1,16,Unspliced,BWRD1,circBWRD1,circLib,stack,11,0.3232539065268008
1,1,16,Unspliced,BWRD1,circBWRD1,circLib,target_kmer,11,0.6883050080858726
1,1,16,Unspliced,BWRD1,circBWRD1,circLib,composition,11,0.809541576558957
1,1,16,Unspliced,BWRD1,circBWRD1,circLib,sibling_uncalibrated,11,0.3518914989680981
1,1,16,Unspliced,BWRD1,circBWRD1,circLib,sibling_calibrated,11,0.6481085010319019
1,1,16,Unspliced,EVF2,Evf2,nucLib,stack,38,0.5440703947403106
1,1,16,Unspliced,EVF2,Evf2,nucLib,target_kmer,38,0.7006967297897596
1,1,16,Unspliced,EVF2,Evf2,nucLib,composition,38,0.48617470032313975
1,1,16,Unspliced,EVF2,Evf2,nucLib,sibling_uncalibrated,38,0.37654201277666133
1,1,16,Unspliced,EVF2,Evf2,nucLib,sibling_calibrated,38,0.6234579872233388
1,1,16,Unspliced,FENDRR,Fendrr,nucLib,stack,82,0.4526395173920559
1,1,16,Unspliced,FENDRR,Fendrr,nucLib,target_kmer,82,0.5117639983097579
1,1,16,Unspliced,FENDRR,Fendrr,nucLib,composition,82,0.41321038173710933
1,1,16,Unspliced,FENDRR,Fendrr,nucLib,sibling_uncalibrated,82,0.4607566337904726
1,1,16,Unspliced,FENDRR,Fendrr,nucLib,sibling_calibrated,82,0.5392433662095274
1,1,16,Unspliced,GCGR,Gcgr,nucLib,stack,30,0.47929557881794205
1,1,16,Unspliced,GCGR,Gcgr,nucLib,target_kmer,30,0.13321746698450826
1,1,16,Unspliced,GCGR,Gcgr,nucLib,composition,30,0.2625981740739386
1,1,16,Unspliced,GCGR,Gcgr,nucLib,sibling_uncalibrated,30,0.5047052115269053
1,1,16,Unspliced,GCGR,Gcgr,nucLib,sibling_calibrated,30,0.4952947884730946
1,1,16,Unspliced,GCGR,Gcgr-v2,nucLib,stack,22,0.3800306349776949
1,1,16,Unspliced,GCGR,Gcgr-v2,nucLib,target_kmer,22,0.25557006275065464
1,1,16,Unspliced,GCGR,Gcgr-v2,nucLib,composition,22,0.3800306349776949
1,1,16,Unspliced,GCGR,Gcgr-v2,nucLib,sibling_uncalibrated,22,0.030337900795379475
1,1,16,Unspliced,GCGR,Gcgr-v2,nucLib,sibling_calibrated,22,0.9696620992046205
1,1,16,Unspliced,HIPK3,circHIPK3,circLib,stack,55,0.5485849735947534
1,1,16,Unspliced,HIPK3,circHIPK3,circLib,target_kmer,55,0.3600063708003841
1,1,16,Unspliced,HIPK3,circHIPK3,circLib,composition,55,0.4057582904739324
1,1,16,Unspliced,HIPK3,circHIPK3,circLib,sibling_uncalibrated,55,0.1974537677876343
1,1,16,Unspliced,HIPK3,circHIPK3,circLib,sibling_calibrated,55,0.8025462322123658
1,1,16,Unspliced,HOXA11-AS,Hoxa11-AS,nucLib,stack,47,0.5612139379065533
1,1,16,Unspliced,HOXA11-AS,Hoxa11-AS,nucLib,target_kmer,47,0.3347258885160744
1,1,16,Unspliced,HOXA11-AS,Hoxa11-AS,nucLib,composition,47,0.5675999835966536
1,1,16,Unspliced,HOXA11-AS,Hoxa11-AS,nucLib,sibling_uncalibrated,47,0.5420918743911555
1,1,16,Unspliced,HOXA11-AS,Hoxa11-AS,nucLib,sibling_calibrated,47,0.45790812560884453
1,1,16,Unspliced,HUWE1,circHUWE1,circLib,stack,16,0.13912540494973744
1,1,16,Unspliced,HUWE1,circHUWE1,circLib,target_kmer,16,0.502888014670817
1,1,16,Unspliced,HUWE1,circHUWE1,circLib,composition,16,0.5949507966405434
1,1,16,Unspliced,HUWE1,circHUWE1,circLib,sibling_uncalibrated,16,0.4685115060980378
1,1,16,Unspliced,HUWE1,circHUWE1,circLib,sibling_calibrated,16,0.5314884939019622
1,1,16,Unspliced,OGT,OGT,nucLib,stack,41,0.38760406002310727
1,1,16,Unspliced,OGT,OGT,nucLib,target_kmer,41,0.32211187642489086
1,1,16,Unspliced,OGT,OGT,nucLib,composition,41,0.273463385725123
1,1,16,Unspliced,OGT,OGT,nucLib,sibling_uncalibrated,41,0.45712785302154113
1,1,16,Unspliced,OGT,OGT,nucLib,sibling_calibrated,41,0.5428721469784588
1,1,16,Unspliced,PINT,Pint,nucLib,stack,64,0.22450137499369785
1,1,16,Unspliced,PINT,Pint,nucLib,target_kmer,64,0.4464507916148268
1,1,16,Unspliced,PINT,Pint,nucLib,composition,64,0.34993465383678235
1,1,16,Unspliced,PINT,Pint,nucLib,sibling_uncalibrated,64,0.42965247610015844
1,1,16,Unspliced,PINT,Pint,nucLib,sibling_calibrated,64,0.5703475238998416
1,1,16,Unspliced,PINT,circPINT,circLib,stack,31,0.42102965445847146
1,1,16,Unspliced,PINT,circPINT,circLib,target_kmer,31,0.47433317607810344
1,1,16,Unspliced,PINT,circPINT,circLib,composition,31,0.42047848639006796
1,1,16,Unspliced,PINT,circPINT,circLib,sibling_uncalibrated,31,0.5564169487641325
1,1,16,Unspliced,PINT,circPINT,circLib,sibling_calibrated,31,0.4435830512358676
1,1,16,Unspliced,PROSER3,circPROSER3,circLib,stack,12,0.1624497477755151
1,1,16,Unspliced,PROSER3,circPROSER3,circLib,target_kmer,12,0.36693078132289203
1,1,16,Unspliced,PROSER3,circPROSER3,circLib,composition,12,0.2587939024730087
1,1,16,Unspliced,PROSER3,circPROSER3,circLib,sibling_uncalibrated,12,0.3253424981503029
1,1,16,Unspliced,PROSER3,circPROSER3,circLib,sibling_calibrated,12,0.6746575018496971
1,1,16,Unspliced,R3HDM1,circR3HDM1,circLib,stack,16,0.48760643458468056
1,1,16,Unspliced,R3HDM1,circR3HDM1,circLib,target_kmer,16,0.47472418446265774
1,1,16,Unspliced,R3HDM1,circR3HDM1,circLib,composition,16,0.6687143613864858
1,1,16,Unspliced,R3HDM1,circR3HDM1,circLib,sibling_uncalibrated,16,0.4157480763955279
1,1,16,Unspliced,R3HDM1,circR3HDM1,circLib,sibling_calibrated,16,0.5842519236044721
1,1,16,Circular,BIRC6,circBIRC6,circLib,stack,53,0.32502284729250663
1,1,16,Circular,BIRC6,circBIRC6,circLib,target_kmer,53,0.2922896990398358
1,1,16,Circular,BIRC6,circBIRC6,circLib,composition,53,0.31195087254631193
1,1,16,Circular,BIRC6,circBIRC6,circLib,sibling_uncalibrated,53,0.32502284729250663
1,1,16,Circular,BIRC6,circBIRC6,circLib,sibling_calibrated,53,0.32502284729250663
1,1,16,Circular,BWRD1,circBWRD1,circLib,stack,11,0.30734511877847437
1,1,16,Circular,BWRD1,circBWRD1,circLib,target_kmer,11,0.8653980863230307
1,1,16,Circular,BWRD1,circBWRD1,circLib,composition,11,0.3724309210401928
1,1,16,Circular,BWRD1,circBWRD1,circLib,sibling_uncalibrated,11,0.3324553788004736
1,1,16,Circular,BWRD1,circBWRD1,circLib,sibling_calibrated,11,0.3324553788004736
1,1,16,Circular,EVF2,Evf2,nucLib,stack,52,0.030567159998702055
1,1,16,Circular,EVF2,Evf2,nucLib,target_kmer,52,0.2619809599718041
1,1,16,Circular,EVF2,Evf2,nucLib,composition,52,0.15258023430392087
1,1,16,Circular,EVF2,Evf2,nucLib,sibling_uncalibrated,52,0.0747776249760346
1,1,16,Circular,EVF2,Evf2,nucLib,sibling_calibrated,52,0.0747776249760346
1,1,16,Circular,FENDRR,Fendrr,nucLib,stack,88,0.20551316387390484
1,1,16,Circular,FENDRR,Fendrr,nucLib,target_kmer,88,0.3857620276117407
1,1,16,Circular,FENDRR,Fendrr,nucLib,composition,88,0.22977061123735168
1,1,16,Circular,FENDRR,Fendrr,nucLib,sibling_uncalibrated,88,0.22653063042278354
1,1,16,Circular,FENDRR,Fendrr,nucLib,sibling_calibrated,88,0.22653063042278354
1,1,16,Circular,GCGR,Gcgr,nucLib,stack,30,0.33168894164864704
1,1,16,Circular,GCGR,Gcgr,nucLib,target_kmer,30,0.4292667445033024
1,1,16,Circular,GCGR,Gcgr,nucLib,composition,30,0.07726190694043315
1,1,16,Circular,GCGR,Gcgr,nucLib,sibling_uncalibrated,30,0.249939680634726
1,1,16,Circular,GCGR,Gcgr,nucLib,sibling_calibrated,30,0.249939680634726
1,1,16,Circular,GCGR,Gcgr-v2,nucLib,stack,22,0.5581829538528462
1,1,16,Circular,GCGR,Gcgr-v2,nucLib,target_kmer,22,0.9345270762238611
1,1,16,Circular,GCGR,Gcgr-v2,nucLib,composition,22,0.9345270762238611
1,1,16,Circular,GCGR,Gcgr-v2,nucLib,sibling_uncalibrated,22,0.1800058275350675
1,1,16,Circular,GCGR,Gcgr-v2,nucLib,sibling_calibrated,22,0.1800058275350675
1,1,16,Circular,HIPK3,circHIPK3,circLib,stack,50,0.20491509529531143
1,1,16,Circular,HIPK3,circHIPK3,circLib,target_kmer,50,0.771664832382377
1,1,16,Circular,HIPK3,circHIPK3,circLib,composition,50,0.6587538045689619
1,1,16,Circular,HIPK3,circHIPK3,circLib,sibling_uncalibrated,50,0.3271482963365841
1,1,16,Circular,HIPK3,circHIPK3,circLib,sibling_calibrated,50,0.3271482963365841
1,1,16,Circular,HOXA11-AS,Hoxa11-AS,nucLib,stack,48,0.7228839341631961
1,1,16,Circular,HOXA11-AS,Hoxa11-AS,nucLib,target_kmer,48,0.6369410594848331
1,1,16,Circular,HOXA11-AS,Hoxa11-AS,nucLib,composition,48,0.5589182357774659
1,1,16,Circular,HOXA11-AS,Hoxa11-AS,nucLib,sibling_uncalibrated,48,0.7629963636851673
1,1,16,Circular,HOXA11-AS,Hoxa11-AS,nucLib,sibling_calibrated,48,0.7629963636851673
1,1,16,Circular,HUWE1,circHUWE1,circLib,stack,16,0.26250810030708405
1,1,16,Circular,HUWE1,circHUWE1,circLib,target_kmer,16,0.2614579756320037
1,1,16,Circular,HUWE1,circHUWE1,circLib,composition,16,0.5247464480874098
1,1,16,Circular,HUWE1,circHUWE1,circLib,sibling_uncalibrated,16,0.26250810030708405
1,1,16,Circular,HUWE1,circHUWE1,circLib,sibling_calibrated,16,0.26250810030708405
1,1,16,Circular,OGT,OGT,nucLib,stack,51,0.42381092419953104
1,1,16,Circular,OGT,OGT,nucLib,target_kmer,51,0.6273257636033945
1,1,16,Circular,OGT,OGT,nucLib,composition,51,0.5774165582305824
1,1,16,Circular,OGT,OGT,nucLib,sibling_uncalibrated,51,0.4506552639979776
1,1,16,Circular,OGT,OGT,nucLib,sibling_calibrated,51,0.4506552639979776
1,1,16,Circular,PINT,Pint,nucLib,stack,86,0.44295261685760634
1,1,16,Circular,PINT,Pint,nucLib,target_kmer,86,0.2570772644002772
1,1,16,Circular,PINT,Pint,nucLib,composition,86,0.2570772644002772
1,1,16,Circular,PINT,Pint,nucLib,sibling_uncalibrated,86,0.37429545351022325
1,1,16,Circular,PINT,Pint,nucLib,sibling_calibrated,86,0.37429545351022325
1,1,16,Circular,PINT,circPINT,circLib,stack,30,0.8164495523924584
1,1,16,Circular,PINT,circPINT,circLib,target_kmer,30,0.5486078383407408
1,1,16,Circular,PINT,circPINT,circLib,composition,30,0.7795740856301101
1,1,16,Circular,PINT,circPINT,circLib,sibling_uncalibrated,30,0.7094098296926039
1,1,16,Circular,PINT,circPINT,circLib,sibling_calibrated,30,0.7094098296926039
1,1,16,Circular,PROSER3,circPROSER3,circLib,stack,12,0.43897547299774287
1,1,16,Circular,PROSER3,circPROSER3,circLib,target_kmer,12,0.1380485975132808
1,1,16,Circular,PROSER3,circPROSER3,circLib,composition,12,0.20203391572496365
1,1,16,Circular,PROSER3,circPROSER3,circLib,sibling_uncalibrated,12,0.37499015478606
1,1,16,Circular,PROSER3,circPROSER3,circLib,sibling_calibrated,12,0.37499015478606
1,1,16,Circular,R3HDM1,circR3HDM1,circLib,stack,16,0.37487132080893326
1,1,16,Circular,R3HDM1,circR3HDM1,circLib,target_kmer,16,0.47815544589594816
1,1,16,Circular,R3HDM1,circR3HDM1,circLib,composition,16,0.47815544589594816
1,1,16,Circular,R3HDM1,circR3HDM1,circLib,sibling_uncalibrated,16,0.6842899311068193
1,1,16,Circular,R3HDM1,circR3HDM1,circLib,sibling_calibrated,16,0.6842899311068193
1,1,16,SCRCircular,BIRC6,circBIRC6,circLib,stack,57,0.38028172823434225
1,1,16,SCRCircular,BIRC6,circBIRC6,circLib,target_kmer,57,0.4917018400230899
1,1,16,SCRCircular,BIRC6,circBIRC6,circLib,composition,57,0.4791465654361851
1,1,16,SCRCircular,BIRC6,circBIRC6,circLib,sibling_uncalibrated,57,0.0942870799830605
1,1,16,SCRCircular,BIRC6,circBIRC6,circLib,sibling_calibrated,57,0.0942870799830605
1,1,16,SCRCircular,BWRD1,circBWRD1,circLib,stack,11,0.4670329827776504
1,1,16,SCRCircular,BWRD1,circBWRD1,circLib,target_kmer,11,0.8687427239489827
1,1,16,SCRCircular,BWRD1,circBWRD1,circLib,composition,11,0.6333390814594031
1,1,16,SCRCircular,BWRD1,circBWRD1,circLib,sibling_uncalibrated,11,0.20732721191716197
1,1,16,SCRCircular,BWRD1,circBWRD1,circLib,sibling_calibrated,11,0.20732721191716197
1,1,16,SCRCircular,EVF2,Evf2,nucLib,stack,67,0.49682883121206667
1,1,16,SCRCircular,EVF2,Evf2,nucLib,target_kmer,67,0.36695232996174626
1,1,16,SCRCircular,EVF2,Evf2,nucLib,composition,67,0.7897703335344992
1,1,16,SCRCircular,EVF2,Evf2,nucLib,sibling_uncalibrated,67,0.4369231794959762
1,1,16,SCRCircular,EVF2,Evf2,nucLib,sibling_calibrated,67,0.4369231794959762
1,1,16,SCRCircular,FENDRR,Fendrr,nucLib,stack,98,0.19073978913397246
1,1,16,SCRCircular,FENDRR,Fendrr,nucLib,target_kmer,98,0.4858089578738136
1,1,16,SCRCircular,FENDRR,Fendrr,nucLib,composition,98,0.4573097111775305
1,1,16,SCRCircular,FENDRR,Fendrr,nucLib,sibling_uncalibrated,98,0.2822872009271216
1,1,16,SCRCircular,FENDRR,Fendrr,nucLib,sibling_calibrated,98,0.2822872009271216
1,1,16,SCRCircular,GCGR,Gcgr,nucLib,stack,30,0.3002207241503601
1,1,16,SCRCircular,GCGR,Gcgr,nucLib,target_kmer,30,0.27626883685072995
1,1,16,SCRCircular,GCGR,Gcgr,nucLib,composition,30,0.5658356871928208
1,1,16,SCRCircular,GCGR,Gcgr,nucLib,sibling_uncalibrated,30,0.3002207241503601
1,1,16,SCRCircular,GCGR,Gcgr,nucLib,sibling_calibrated,30,0.3002207241503601
1,1,16,SCRCircular,GCGR,Gcgr-v2,nucLib,stack,22,0.25702652134353254
1,1,16,SCRCircular,GCGR,Gcgr-v2,nucLib,target_kmer,22,0.3320344837230204
1,1,16,SCRCircular,GCGR,Gcgr-v2,nucLib,composition,22,0.25702652134353254
1,1,16,SCRCircular,GCGR,Gcgr-v2,nucLib,sibling_uncalibrated,22,0.25702652134353254
1,1,16,SCRCircular,GCGR,Gcgr-v2,nucLib,sibling_calibrated,22,0.25702652134353254
1,1,16,SCRCircular,HIPK3,circHIPK3,circLib,stack,55,0.27173750072331815
1,1,16,SCRCircular,HIPK3,circHIPK3,circLib,target_kmer,55,0.3929545887603789
1,1,16,SCRCircular,HIPK3,circHIPK3,circLib,composition,55,0.23021962197241835
1,1,16,SCRCircular,HIPK3,circHIPK3,circLib,sibling_uncalibrated,55,0.16338610984643465
1,1,16,SCRCircular,HIPK3,circHIPK3,circLib,sibling_calibrated,55,0.16338610984643465
1,1,16,SCRCircular,HOXA11-AS,Hoxa11-AS,nucLib,stack,52,0.20969059949134553
1,1,16,SCRCircular,HOXA11-AS,Hoxa11-AS,nucLib,target_kmer,52,0.5778363628744884
1,1,16,SCRCircular,HOXA11-AS,Hoxa11-AS,nucLib,composition,52,0.24916989985891605
1,1,16,SCRCircular,HOXA11-AS,Hoxa11-AS,nucLib,sibling_uncalibrated,52,0.336940709579352
1,1,16,SCRCircular,HOXA11-AS,Hoxa11-AS,nucLib,sibling_calibrated,52,0.336940709579352
1,1,16,SCRCircular,HUWE1,circHUWE1,circLib,stack,16,0.7965805111694907
1,1,16,SCRCircular,HUWE1,circHUWE1,circLib,target_kmer,16,0.40104531780523267
1,1,16,SCRCircular,HUWE1,circHUWE1,circLib,composition,16,0.3661859767080827
1,1,16,SCRCircular,HUWE1,circHUWE1,circLib,sibling_uncalibrated,16,0.2682579701199892
1,1,16,SCRCircular,HUWE1,circHUWE1,circLib,sibling_calibrated,16,0.2682579701199892
1,1,16,SCRCircular,OGT,OGT,nucLib,stack,57,0.46312616538333695
1,1,16,SCRCircular,OGT,OGT,nucLib,target_kmer,57,0.5489981810421073
1,1,16,SCRCircular,OGT,OGT,nucLib,composition,57,0.5548321911613002
1,1,16,SCRCircular,OGT,OGT,nucLib,sibling_uncalibrated,57,0.48027804466255286
1,1,16,SCRCircular,OGT,OGT,nucLib,sibling_calibrated,57,0.48027804466255286
1,1,16,SCRCircular,PINT,Pint,nucLib,stack,105,0.5550098097962617
1,1,16,SCRCircular,PINT,Pint,nucLib,target_kmer,105,0.4599453579752959
1,1,16,SCRCircular,PINT,Pint,nucLib,composition,105,0.5222569445761803
1,1,16,SCRCircular,PINT,Pint,nucLib,sibling_uncalibrated,105,0.37671588199007505
1,1,16,SCRCircular,PINT,Pint,nucLib,sibling_calibrated,105,0.37671588199007505
1,1,16,SCRCircular,PINT,circPINT,circLib,stack,31,0.4361350047503955
1,1,16,SCRCircular,PINT,circPINT,circLib,target_kmer,31,0.18129037215583688
1,1,16,SCRCircular,PINT,circPINT,circLib,composition,31,0.21502266372030227
1,1,16,SCRCircular,PINT,circPINT,circLib,sibling_uncalibrated,31,0.4361350047503955
1,1,16,SCRCircular,PINT,circPINT,circLib,sibling_calibrated,31,0.4361350047503955
1,1,16,SCRCircular,PROSER3,circPROSER3,circLib,stack,12,0.606285843338018
1,1,16,SCRCircular,PROSER3,circPROSER3,circLib,target_kmer,12,0.4234527655027035
1,1,16,SCRCircular,PROSER3,circPROSER3,circLib,composition,12,0.4874982429049404
1,1,16,SCRCircular,PROSER3,circPROSER3,circLib,sibling_uncalibrated,12,0.3801753701768227
1,1,16,SCRCircular,PROSER3,circPROSER3,circLib,sibling_calibrated,12,0.3801753701768227
1,1,16,SCRCircular,R3HDM1,circR3HDM1,circLib,stack,16,0.4207240095551999
1,1,16,SCRCircular,R3HDM1,circR3HDM1,circLib,target_kmer,16,0.027382863765368862
1,1,16,SCRCircular,R3HDM1,circR3HDM1,circLib,composition,16,0.027382863765368862
1,1,16,SCRCircular,R3HDM1,circR3HDM1,circLib,sibling_uncalibrated,16,0.18303766539301908
1,1,16,SCRCircular,R3HDM1,circR3HDM1,circLib,sibling_calibrated,16,0.18303766539301908
1,1,64,Spliced,BIRC6,circBIRC6,circLib,stack,58,0.5052570606707806
1,1,64,Spliced,BIRC6,circBIRC6,circLib,target_kmer,58,0.549025161345988
1,1,64,Spliced,BIRC6,circBIRC6,circLib,composition,58,0.47819455140551176
1,1,64,Spliced,BIRC6,circBIRC6,circLib,sibling_uncalibrated,58,0.5052570606707806
1,1,64,Spliced,BIRC6,circBIRC6,circLib,sibling_calibrated,58,0.5052570606707806
1,1,64,Spliced,BWRD1,circBWRD1,circLib,stack,11,0.5274296161045919
1,1,64,Spliced,BWRD1,circBWRD1,circLib,target_kmer,11,0.33277366331322955
1,1,64,Spliced,BWRD1,circBWRD1,circLib,composition,11,0.25397131497360376
1,1,64,Spliced,BWRD1,circBWRD1,circLib,sibling_uncalibrated,11,0.5274296161045919
1,1,64,Spliced,BWRD1,circBWRD1,circLib,sibling_calibrated,11,0.5274296161045919
1,1,64,Spliced,EVF2,Evf2,nucLib,stack,58,0.38471614500785767
1,1,64,Spliced,EVF2,Evf2,nucLib,target_kmer,58,0.4205959564881533
1,1,64,Spliced,EVF2,Evf2,nucLib,composition,58,0.24397093305659373
1,1,64,Spliced,EVF2,Evf2,nucLib,sibling_uncalibrated,58,0.38605638575569223
1,1,64,Spliced,EVF2,Evf2,nucLib,sibling_calibrated,58,0.38605638575569223
1,1,64,Spliced,FENDRR,Fendrr,nucLib,stack,95,0.6089545406847114
1,1,64,Spliced,FENDRR,Fendrr,nucLib,target_kmer,95,0.6929644833746498
1,1,64,Spliced,FENDRR,Fendrr,nucLib,composition,95,0.6183517381310326
1,1,64,Spliced,FENDRR,Fendrr,nucLib,sibling_uncalibrated,95,0.6183517381310326
1,1,64,Spliced,FENDRR,Fendrr,nucLib,sibling_calibrated,95,0.6183517381310326
1,1,64,Spliced,GCGR,Gcgr,nucLib,stack,30,0.4402248310263887
1,1,64,Spliced,GCGR,Gcgr,nucLib,target_kmer,30,0.64172669641372
1,1,64,Spliced,GCGR,Gcgr,nucLib,composition,30,0.5955961521631186
1,1,64,Spliced,GCGR,Gcgr,nucLib,sibling_uncalibrated,30,0.3434862883894505
1,1,64,Spliced,GCGR,Gcgr,nucLib,sibling_calibrated,30,0.3434862883894505
1,1,64,Spliced,GCGR,Gcgr-v2,nucLib,stack,22,0.3705824709594888
1,1,64,Spliced,GCGR,Gcgr-v2,nucLib,target_kmer,22,0.433530904901435
1,1,64,Spliced,GCGR,Gcgr-v2,nucLib,composition,22,0.44660344247486894
1,1,64,Spliced,GCGR,Gcgr-v2,nucLib,sibling_uncalibrated,22,0.34196467260291824
1,1,64,Spliced,GCGR,Gcgr-v2,nucLib,sibling_calibrated,22,0.34196467260291824
1,1,64,Spliced,HIPK3,circHIPK3,circLib,stack,55,0.5032813077344214
1,1,64,Spliced,HIPK3,circHIPK3,circLib,target_kmer,55,0.38677467641058577
1,1,64,Spliced,HIPK3,circHIPK3,circLib,composition,55,0.4114157775670275
1,1,64,Spliced,HIPK3,circHIPK3,circLib,sibling_uncalibrated,55,0.3268608432759495
1,1,64,Spliced,HIPK3,circHIPK3,circLib,sibling_calibrated,55,0.3268608432759495
1,1,64,Spliced,HOXA11-AS,Hoxa11-AS,nucLib,stack,52,0.32118217982745273
1,1,64,Spliced,HOXA11-AS,Hoxa11-AS,nucLib,target_kmer,52,0.392301833147637
1,1,64,Spliced,HOXA11-AS,Hoxa11-AS,nucLib,composition,52,0.27197363975616284
1,1,64,Spliced,HOXA11-AS,Hoxa11-AS,nucLib,sibling_uncalibrated,52,0.2058812542228317
1,1,64,Spliced,HOXA11-AS,Hoxa11-AS,nucLib,sibling_calibrated,52,0.2058812542228317
1,1,64,Spliced,HUWE1,circHUWE1,circLib,stack,16,0.2619406430541289
1,1,64,Spliced,HUWE1,circHUWE1,circLib,target_kmer,16,0.47401014089281224
1,1,64,Spliced,HUWE1,circHUWE1,circLib,composition,16,0.446046681587998
1,1,64,Spliced,HUWE1,circHUWE1,circLib,sibling_uncalibrated,16,0.46601026505841747
1,1,64,Spliced,HUWE1,circHUWE1,circLib,sibling_calibrated,16,0.46601026505841747
1,1,64,Spliced,OGT,OGT,nucLib,stack,53,0.5589812822206726
1,1,64,Spliced,OGT,OGT,nucLib,target_kmer,53,0.48714586259927256
1,1,64,Spliced,OGT,OGT,nucLib,composition,53,0.29241878703371654
1,1,64,Spliced,OGT,OGT,nucLib,sibling_uncalibrated,53,0.5589812822206726
1,1,64,Spliced,OGT,OGT,nucLib,sibling_calibrated,53,0.5589812822206726
1,1,64,Spliced,PINT,Pint,nucLib,stack,92,0.3657614531301795
1,1,64,Spliced,PINT,Pint,nucLib,target_kmer,92,0.1955746154605083
1,1,64,Spliced,PINT,Pint,nucLib,composition,92,0.3213352560897216
1,1,64,Spliced,PINT,Pint,nucLib,sibling_uncalibrated,92,0.4007667648674387
1,1,64,Spliced,PINT,Pint,nucLib,sibling_calibrated,92,0.4007667648674387
1,1,64,Spliced,PINT,circPINT,circLib,stack,31,0.47054322829047046
1,1,64,Spliced,PINT,circPINT,circLib,target_kmer,31,0.3302440472776158
1,1,64,Spliced,PINT,circPINT,circLib,composition,31,0.5617937773011437
1,1,64,Spliced,PINT,circPINT,circLib,sibling_uncalibrated,31,0.3785537527659753
1,1,64,Spliced,PINT,circPINT,circLib,sibling_calibrated,31,0.3785537527659753
1,1,64,Spliced,PROSER3,circPROSER3,circLib,stack,12,0.2689946768843971
1,1,64,Spliced,PROSER3,circPROSER3,circLib,target_kmer,12,0.9021792767030297
1,1,64,Spliced,PROSER3,circPROSER3,circLib,composition,12,0.3227991254130681
1,1,64,Spliced,PROSER3,circPROSER3,circLib,sibling_uncalibrated,12,0.2689946768843971
1,1,64,Spliced,PROSER3,circPROSER3,circLib,sibling_calibrated,12,0.2689946768843971
1,1,64,Spliced,R3HDM1,circR3HDM1,circLib,stack,16,0.43241969785950785
1,1,64,Spliced,R3HDM1,circR3HDM1,circLib,target_kmer,16,0.45068239054921283
1,1,64,Spliced,R3HDM1,circR3HDM1,circLib,composition,16,0.45287926874948314
1,1,64,Spliced,R3HDM1,circR3HDM1,circLib,sibling_uncalibrated,16,0.43241969785950785
1,1,64,Spliced,R3HDM1,circR3HDM1,circLib,sibling_calibrated,16,0.43241969785950785
1,1,64,Unspliced,BIRC6,circBIRC6,circLib,stack,57,0.4029756773842868
1,1,64,Unspliced,BIRC6,circBIRC6,circLib,target_kmer,57,0.5631636251977594
1,1,64,Unspliced,BIRC6,circBIRC6,circLib,composition,57,0.6047649223464586
1,1,64,Unspliced,BIRC6,circBIRC6,circLib,sibling_uncalibrated,57,0.6003619220305098
1,1,64,Unspliced,BIRC6,circBIRC6,circLib,sibling_calibrated,57,0.6003619220305098
1,1,64,Unspliced,BWRD1,circBWRD1,circLib,stack,11,0.4722482164107513
1,1,64,Unspliced,BWRD1,circBWRD1,circLib,target_kmer,11,0.3518914989680981
1,1,64,Unspliced,BWRD1,circBWRD1,circLib,composition,11,0.17574804506435257
1,1,64,Unspliced,BWRD1,circBWRD1,circLib,sibling_uncalibrated,11,0.3518914989680981
1,1,64,Unspliced,BWRD1,circBWRD1,circLib,sibling_calibrated,11,0.3518914989680981
1,1,64,Unspliced,EVF2,Evf2,nucLib,stack,38,0.49711255603454363
1,1,64,Unspliced,EVF2,Evf2,nucLib,target_kmer,38,0.754514728180746
1,1,64,Unspliced,EVF2,Evf2,nucLib,composition,38,0.43698819067909456
1,1,64,Unspliced,EVF2,Evf2,nucLib,sibling_uncalibrated,38,0.37654201277666133
1,1,64,Unspliced,EVF2,Evf2,nucLib,sibling_calibrated,38,0.37654201277666133
1,1,64,Unspliced,FENDRR,Fendrr,nucLib,stack,82,0.3212469992534365
1,1,64,Unspliced,FENDRR,Fendrr,nucLib,target_kmer,82,0.6544970719459293
1,1,64,Unspliced,FENDRR,Fendrr,nucLib,composition,82,0.24285178052395925
1,1,64,Unspliced,FENDRR,Fendrr,nucLib,sibling_uncalibrated,82,0.4607566337904726
1,1,64,Unspliced,FENDRR,Fendrr,nucLib,sibling_calibrated,82,0.4607566337904726
1,1,64,Unspliced,GCGR,Gcgr,nucLib,stack,30,0.1763114636546937
1,1,64,Unspliced,GCGR,Gcgr,nucLib,target_kmer,30,0.5016354976038813
1,1,64,Unspliced,GCGR,Gcgr,nucLib,composition,30,0.6914281660510753
1,1,64,Unspliced,GCGR,Gcgr,nucLib,sibling_uncalibrated,30,0.5047052115269053
1,1,64,Unspliced,GCGR,Gcgr,nucLib,sibling_calibrated,30,0.5047052115269053
1,1,64,Unspliced,GCGR,Gcgr-v2,nucLib,stack,22,0.030337900795379475
1,1,64,Unspliced,GCGR,Gcgr-v2,nucLib,target_kmer,22,0.25557006275065464
1,1,64,Unspliced,GCGR,Gcgr-v2,nucLib,composition,22,0.030337900795379475
1,1,64,Unspliced,GCGR,Gcgr-v2,nucLib,sibling_uncalibrated,22,0.030337900795379475
1,1,64,Unspliced,GCGR,Gcgr-v2,nucLib,sibling_calibrated,22,0.030337900795379475
1,1,64,Unspliced,HIPK3,circHIPK3,circLib,stack,55,0.3080842246055342
1,1,64,Unspliced,HIPK3,circHIPK3,circLib,target_kmer,55,0.5266140540639137
1,1,64,Unspliced,HIPK3,circHIPK3,circLib,composition,55,0.3916278467462154
1,1,64,Unspliced,HIPK3,circHIPK3,circLib,sibling_uncalibrated,55,0.1974537677876343
1,1,64,Unspliced,HIPK3,circHIPK3,circLib,sibling_calibrated,55,0.1974537677876343
1,1,64,Unspliced,HOXA11-AS,Hoxa11-AS,nucLib,stack,47,0.5420918743911555
1,1,64,Unspliced,HOXA11-AS,Hoxa11-AS,nucLib,target_kmer,47,0.48351773087884303
1,1,64,Unspliced,HOXA11-AS,Hoxa11-AS,nucLib,composition,47,0.4673072625140179
1,1,64,Unspliced,HOXA11-AS,Hoxa11-AS,nucLib,sibling_uncalibrated,47,0.5420918743911555
1,1,64,Unspliced,HOXA11-AS,Hoxa11-AS,nucLib,sibling_calibrated,47,0.5420918743911555
1,1,64,Unspliced,HUWE1,circHUWE1,circLib,stack,16,0.13912540494973744
1,1,64,Unspliced,HUWE1,circHUWE1,circLib,target_kmer,16,0.4099396600184959
1,1,64,Unspliced,HUWE1,circHUWE1,circLib,composition,16,0.4685115060980378
1,1,64,Unspliced,HUWE1,circHUWE1,circLib,sibling_uncalibrated,16,0.4685115060980378
1,1,64,Unspliced,HUWE1,circHUWE1,circLib,sibling_calibrated,16,0.4685115060980378
1,1,64,Unspliced,OGT,OGT,nucLib,stack,41,0.41776801219063603
1,1,64,Unspliced,OGT,OGT,nucLib,target_kmer,41,0.2239969970752043
1,1,64,Unspliced,OGT,OGT,nucLib,composition,41,0.47404199297311356
1,1,64,Unspliced,OGT,OGT,nucLib,sibling_uncalibrated,41,0.45712785302154113
1,1,64,Unspliced,OGT,OGT,nucLib,sibling_calibrated,41,0.45712785302154113
1,1,64,Unspliced,PINT,Pint,nucLib,stack,64,0.12410456868117858
1,1,64,Unspliced,PINT,Pint,nucLib,target_kmer,64,0.1668036914080293
1,1,64,Unspliced,PINT,Pint,nucLib,composition,64,0.11703301684819509
1,1,64,Unspliced,PINT,Pint,nucLib,sibling_uncalibrated,64,0.42965247610015844
1,1,64,Unspliced,PINT,Pint,nucLib,sibling_calibrated,64,0.42965247610015844
1,1,64,Unspliced,PINT,circPINT,circLib,stack,31,0.37224183527969046
1,1,64,Unspliced,PINT,circPINT,circLib,target_kmer,31,0.7078382602351083
1,1,64,Unspliced,PINT,circPINT,circLib,composition,31,0.7260133687729842
1,1,64,Unspliced,PINT,circPINT,circLib,sibling_uncalibrated,31,0.5564169487641325
1,1,64,Unspliced,PINT,circPINT,circLib,sibling_calibrated,31,0.5564169487641325
1,1,64,Unspliced,PROSER3,circPROSER3,circLib,stack,12,0.3253424981503029
1,1,64,Unspliced,PROSER3,circPROSER3,circLib,target_kmer,12,0.18768291859920322
1,1,64,Unspliced,PROSER3,circPROSER3,circLib,composition,12,0.5499650033919151
1,1,64,Unspliced,PROSER3,circPROSER3,circLib,sibling_uncalibrated,12,0.3253424981503029
1,1,64,Unspliced,PROSER3,circPROSER3,circLib,sibling_calibrated,12,0.3253424981503029
1,1,64,Unspliced,R3HDM1,circR3HDM1,circLib,stack,16,0.2162106493472346
1,1,64,Unspliced,R3HDM1,circR3HDM1,circLib,target_kmer,16,0.541140360887675
1,1,64,Unspliced,R3HDM1,circR3HDM1,circLib,composition,16,0.7162106493472347
1,1,64,Unspliced,R3HDM1,circR3HDM1,circLib,sibling_uncalibrated,16,0.4157480763955279
1,1,64,Unspliced,R3HDM1,circR3HDM1,circLib,sibling_calibrated,16,0.4157480763955279
1,1,64,Circular,BIRC6,circBIRC6,circLib,stack,53,0.32502284729250663
1,1,64,Circular,BIRC6,circBIRC6,circLib,target_kmer,53,0.5303445149449939
1,1,64,Circular,BIRC6,circBIRC6,circLib,composition,53,0.49834544320811724
1,1,64,Circular,BIRC6,circBIRC6,circLib,sibling_uncalibrated,53,0.32502284729250663
1,1,64,Circular,BIRC6,circBIRC6,circLib,sibling_calibrated,53,0.32502284729250663
1,1,64,Circular,BWRD1,circBWRD1,circLib,stack,11,0.30734511877847437
1,1,64,Circular,BWRD1,circBWRD1,circLib,target_kmer,11,0.39582094839716014
1,1,64,Circular,BWRD1,circBWRD1,circLib,composition,11,0.8724309210401928
1,1,64,Circular,BWRD1,circBWRD1,circLib,sibling_uncalibrated,11,0.3324553788004736
1,1,64,Circular,BWRD1,circBWRD1,circLib,sibling_calibrated,11,0.3324553788004736
1,1,64,Circular,EVF2,Evf2,nucLib,stack,52,0.030567159998702055
1,1,64,Circular,EVF2,Evf2,nucLib,target_kmer,52,0.42037027096336665
1,1,64,Circular,EVF2,Evf2,nucLib,composition,52,0.4722726815985412
1,1,64,Circular,EVF2,Evf2,nucLib,sibling_uncalibrated,52,0.0747776249760346
1,1,64,Circular,EVF2,Evf2,nucLib,sibling_calibrated,52,0.0747776249760346
1,1,64,Circular,FENDRR,Fendrr,nucLib,stack,88,0.20551316387390484
1,1,64,Circular,FENDRR,Fendrr,nucLib,target_kmer,88,0.24135369086106023
1,1,64,Circular,FENDRR,Fendrr,nucLib,composition,88,0.42468195036617207
1,1,64,Circular,FENDRR,Fendrr,nucLib,sibling_uncalibrated,88,0.22653063042278354
1,1,64,Circular,FENDRR,Fendrr,nucLib,sibling_calibrated,88,0.22653063042278354
1,1,64,Circular,GCGR,Gcgr,nucLib,stack,30,0.33168894164864704
1,1,64,Circular,GCGR,Gcgr,nucLib,target_kmer,30,0.33984549697954963
1,1,64,Circular,GCGR,Gcgr,nucLib,composition,30,0.07726190694043315
1,1,64,Circular,GCGR,Gcgr,nucLib,sibling_uncalibrated,30,0.249939680634726
1,1,64,Circular,GCGR,Gcgr,nucLib,sibling_calibrated,30,0.249939680634726
1,1,64,Circular,GCGR,Gcgr-v2,nucLib,stack,22,0.5581829538528462
1,1,64,Circular,GCGR,Gcgr-v2,nucLib,target_kmer,22,0.4879693452541163
1,1,64,Circular,GCGR,Gcgr-v2,nucLib,composition,22,0.3519260409868789
1,1,64,Circular,GCGR,Gcgr-v2,nucLib,sibling_uncalibrated,22,0.1800058275350675
1,1,64,Circular,GCGR,Gcgr-v2,nucLib,sibling_calibrated,22,0.1800058275350675
1,1,64,Circular,HIPK3,circHIPK3,circLib,stack,50,0.20491509529531143
1,1,64,Circular,HIPK3,circHIPK3,circLib,target_kmer,50,0.45309798341295704
1,1,64,Circular,HIPK3,circHIPK3,circLib,composition,50,0.3318726880412567
1,1,64,Circular,HIPK3,circHIPK3,circLib,sibling_uncalibrated,50,0.3271482963365841
1,1,64,Circular,HIPK3,circHIPK3,circLib,sibling_calibrated,50,0.3271482963365841
1,1,64,Circular,HOXA11-AS,Hoxa11-AS,nucLib,stack,48,0.7228839341631961
1,1,64,Circular,HOXA11-AS,Hoxa11-AS,nucLib,target_kmer,48,0.6681676225294488
1,1,64,Circular,HOXA11-AS,Hoxa11-AS,nucLib,composition,48,0.381483294901506
1,1,64,Circular,HOXA11-AS,Hoxa11-AS,nucLib,sibling_uncalibrated,48,0.7629963636851673
1,1,64,Circular,HOXA11-AS,Hoxa11-AS,nucLib,sibling_calibrated,48,0.7629963636851673
1,1,64,Circular,HUWE1,circHUWE1,circLib,stack,16,0.26250810030708405
1,1,64,Circular,HUWE1,circHUWE1,circLib,target_kmer,16,0.5776036806964833
1,1,64,Circular,HUWE1,circHUWE1,circLib,composition,16,0.2614579756320037
1,1,64,Circular,HUWE1,circHUWE1,circLib,sibling_uncalibrated,16,0.26250810030708405
1,1,64,Circular,HUWE1,circHUWE1,circLib,sibling_calibrated,16,0.26250810030708405
1,1,64,Circular,OGT,OGT,nucLib,stack,51,0.4620393221920996
1,1,64,Circular,OGT,OGT,nucLib,target_kmer,51,0.2762078699479993
1,1,64,Circular,OGT,OGT,nucLib,composition,51,0.4487399429920581
1,1,64,Circular,OGT,OGT,nucLib,sibling_uncalibrated,51,0.4506552639979776
1,1,64,Circular,OGT,OGT,nucLib,sibling_calibrated,51,0.4506552639979776
1,1,64,Circular,PINT,Pint,nucLib,stack,86,0.44295261685760634
1,1,64,Circular,PINT,Pint,nucLib,target_kmer,86,0.3705491570306354
1,1,64,Circular,PINT,Pint,nucLib,composition,86,0.47489204060335827
1,1,64,Circular,PINT,Pint,nucLib,sibling_uncalibrated,86,0.37429545351022325
1,1,64,Circular,PINT,Pint,nucLib,sibling_calibrated,86,0.37429545351022325
1,1,64,Circular,PINT,circPINT,circLib,stack,30,0.7153106276401076
1,1,64,Circular,PINT,circPINT,circLib,target_kmer,30,0.5832777183682505
1,1,64,Circular,PINT,circPINT,circLib,composition,30,0.6333449227213517
1,1,64,Circular,PINT,circPINT,circLib,sibling_uncalibrated,30,0.7094098296926039
1,1,64,Circular,PINT,circPINT,circLib,sibling_calibrated,30,0.7094098296926039
1,1,64,Circular,PROSER3,circPROSER3,circLib,stack,12,0.43897547299774287
1,1,64,Circular,PROSER3,circPROSER3,circLib,target_kmer,12,0.6549804850625468
1,1,64,Circular,PROSER3,circPROSER3,circLib,composition,12,0.5635910390459811
1,1,64,Circular,PROSER3,circPROSER3,circLib,sibling_uncalibrated,12,0.37499015478606
1,1,64,Circular,PROSER3,circPROSER3,circLib,sibling_calibrated,12,0.37499015478606
1,1,64,Circular,R3HDM1,circR3HDM1,circLib,stack,16,0.37487132080893326
1,1,64,Circular,R3HDM1,circR3HDM1,circLib,target_kmer,16,0.38516809307381394
1,1,64,Circular,R3HDM1,circR3HDM1,circLib,composition,16,0.3109931178463419
1,1,64,Circular,R3HDM1,circR3HDM1,circLib,sibling_uncalibrated,16,0.6842899311068193
1,1,64,Circular,R3HDM1,circR3HDM1,circLib,sibling_calibrated,16,0.6842899311068193
1,1,64,SCRCircular,BIRC6,circBIRC6,circLib,stack,57,0.35985783131249716
1,1,64,SCRCircular,BIRC6,circBIRC6,circLib,target_kmer,57,0.4433025682664566
1,1,64,SCRCircular,BIRC6,circBIRC6,circLib,composition,57,0.4758060342858985
1,1,64,SCRCircular,BIRC6,circBIRC6,circLib,sibling_uncalibrated,57,0.0942870799830605
1,1,64,SCRCircular,BIRC6,circBIRC6,circLib,sibling_calibrated,57,0.0942870799830605
1,1,64,SCRCircular,BWRD1,circBWRD1,circLib,stack,11,0.20732721191716197
1,1,64,SCRCircular,BWRD1,circBWRD1,circLib,target_kmer,11,0.6333390814594031
1,1,64,SCRCircular,BWRD1,circBWRD1,circLib,composition,11,0.5872790429893203
1,1,64,SCRCircular,BWRD1,circBWRD1,circLib,sibling_uncalibrated,11,0.20732721191716197
1,1,64,SCRCircular,BWRD1,circBWRD1,circLib,sibling_calibrated,11,0.20732721191716197
1,1,64,SCRCircular,EVF2,Evf2,nucLib,stack,67,0.6045965347422252
1,1,64,SCRCircular,EVF2,Evf2,nucLib,target_kmer,67,0.47799432018426025
1,1,64,SCRCircular,EVF2,Evf2,nucLib,composition,67,0.3553146007271114
1,1,64,SCRCircular,EVF2,Evf2,nucLib,sibling_uncalibrated,67,0.4369231794959762
1,1,64,SCRCircular,EVF2,Evf2,nucLib,sibling_calibrated,67,0.4369231794959762
1,1,64,SCRCircular,FENDRR,Fendrr,nucLib,stack,98,0.2822872009271216
1,1,64,SCRCircular,FENDRR,Fendrr,nucLib,target_kmer,98,0.4413509475400919
1,1,64,SCRCircular,FENDRR,Fendrr,nucLib,composition,98,0.4573097111775305
1,1,64,SCRCircular,FENDRR,Fendrr,nucLib,sibling_uncalibrated,98,0.2822872009271216
1,1,64,SCRCircular,FENDRR,Fendrr,nucLib,sibling_calibrated,98,0.2822872009271216
1,1,64,SCRCircular,GCGR,Gcgr,nucLib,stack,30,0.3002207241503601
1,1,64,SCRCircular,GCGR,Gcgr,nucLib,target_kmer,30,0.24855415180574383
1,1,64,SCRCircular,GCGR,Gcgr,nucLib,composition,30,0.5812845399330948
1,1,64,SCRCircular,GCGR,Gcgr,nucLib,sibling_uncalibrated,30,0.3002207241503601
1,1,64,SCRCircular,GCGR,Gcgr,nucLib,sibling_calibrated,30,0.3002207241503601
1,1,64,SCRCircular,GCGR,Gcgr-v2,nucLib,stack,22,0.25702652134353254
1,1,64,SCRCircular,GCGR,Gcgr-v2,nucLib,target_kmer,22,0.3763872067098279
1,1,64,SCRCircular,GCGR,Gcgr-v2,nucLib,composition,22,0.4120513376073044
1,1,64,SCRCircular,GCGR,Gcgr-v2,nucLib,sibling_uncalibrated,22,0.25702652134353254
1,1,64,SCRCircular,GCGR,Gcgr-v2,nucLib,sibling_calibrated,22,0.25702652134353254
1,1,64,SCRCircular,HIPK3,circHIPK3,circLib,stack,55,0.22105569128331606
1,1,64,SCRCircular,HIPK3,circHIPK3,circLib,target_kmer,55,0.2887512881183462
1,1,64,SCRCircular,HIPK3,circHIPK3,circLib,composition,55,0.21117552773209938
1,1,64,SCRCircular,HIPK3,circHIPK3,circLib,sibling_uncalibrated,55,0.16338610984643465
1,1,64,SCRCircular,HIPK3,circHIPK3,circLib,sibling_calibrated,55,0.16338610984643465
1,1,64,SCRCircular,HOXA11-AS,Hoxa11-AS,nucLib,stack,52,0.20969059949134553
1,1,64,SCRCircular,HOXA11-AS,Hoxa11-AS,nucLib,target_kmer,52,0.48422175582342075
1,1,64,SCRCircular,HOXA11-AS,Hoxa11-AS,nucLib,composition,52,0.5593807975537651
1,1,64,SCRCircular,HOXA11-AS,Hoxa11-AS,nucLib,sibling_uncalibrated,52,0.336940709579352
1,1,64,SCRCircular,HOXA11-AS,Hoxa11-AS,nucLib,sibling_calibrated,52,0.336940709579352
1,1,64,SCRCircular,HUWE1,circHUWE1,circLib,stack,16,0.8718959399090123
1,1,64,SCRCircular,HUWE1,circHUWE1,circLib,target_kmer,16,0.4098740085671895
1,1,64,SCRCircular,HUWE1,circHUWE1,circLib,composition,16,0.3661859767080827
1,1,64,SCRCircular,HUWE1,circHUWE1,circLib,sibling_uncalibrated,16,0.2682579701199892
1,1,64,SCRCircular,HUWE1,circHUWE1,circLib,sibling_calibrated,16,0.2682579701199892
1,1,64,SCRCircular,OGT,OGT,nucLib,stack,57,0.63356197730595
1,1,64,SCRCircular,OGT,OGT,nucLib,target_kmer,57,0.46277629123145236
1,1,64,SCRCircular,OGT,OGT,nucLib,composition,57,0.32786672980590376
1,1,64,SCRCircular,OGT,OGT,nucLib,sibling_uncalibrated,57,0.48027804466255286
1,1,64,SCRCircular,OGT,OGT,nucLib,sibling_calibrated,57,0.48027804466255286
1,1,64,SCRCircular,PINT,Pint,nucLib,stack,105,0.4479493116263217
1,1,64,SCRCircular,PINT,Pint,nucLib,target_kmer,105,0.4522224904687525
1,1,64,SCRCircular,PINT,Pint,nucLib,composition,105,0.5222569445761803
1,1,64,SCRCircular,PINT,Pint,nucLib,sibling_uncalibrated,105,0.37671588199007505
1,1,64,SCRCircular,PINT,Pint,nucLib,sibling_calibrated,105,0.37671588199007505
1,1,64,SCRCircular,PINT,circPINT,circLib,stack,31,0.4361350047503955
1,1,64,SCRCircular,PINT,circPINT,circLib,target_kmer,31,0.3041557662382518
1,1,64,SCRCircular,PINT,circPINT,circLib,composition,31,0.5162573075098232
1,1,64,SCRCircular,PINT,circPINT,circLib,sibling_uncalibrated,31,0.4361350047503955
1,1,64,SCRCircular,PINT,circPINT,circLib,sibling_calibrated,31,0.4361350047503955
1,1,64,SCRCircular,PROSER3,circPROSER3,circLib,stack,12,0.3801753701768227
1,1,64,SCRCircular,PROSER3,circPROSER3,circLib,target_kmer,12,0.2354121355129938
1,1,64,SCRCircular,PROSER3,circPROSER3,circLib,composition,12,0.6163457860248251
1,1,64,SCRCircular,PROSER3,circPROSER3,circLib,sibling_uncalibrated,12,0.3801753701768227
1,1,64,SCRCircular,PROSER3,circPROSER3,circLib,sibling_calibrated,12,0.3801753701768227
1,1,64,SCRCircular,R3HDM1,circR3HDM1,circLib,stack,16,0.3353461759840567
1,1,64,SCRCircular,R3HDM1,circR3HDM1,circLib,target_kmer,16,0.21554443224782233
1,1,64,SCRCircular,R3HDM1,circR3HDM1,circLib,composition,16,0.0
1,1,64,SCRCircular,R3HDM1,circR3HDM1,circLib,sibling_uncalibrated,16,0.18303766539301908
1,1,64,SCRCircular,R3HDM1,circR3HDM1,circLib,sibling_calibrated,16,0.18303766539301908
1,1,256,Spliced,BIRC6,circBIRC6,circLib,stack,58,0.5425397851008724
1,1,256,Spliced,BIRC6,circBIRC6,circLib,target_kmer,58,0.4272775866054245
1,1,256,Spliced,BIRC6,circBIRC6,circLib,composition,58,0.566210740697379
1,1,256,Spliced,BIRC6,circBIRC6,circLib,sibling_uncalibrated,58,0.5052570606707806
1,1,256,Spliced,BIRC6,circBIRC6,circLib,sibling_calibrated,58,0.5052570606707806
1,1,256,Spliced,BWRD1,circBWRD1,circLib,stack,11,0.28758841594374174
1,1,256,Spliced,BWRD1,circBWRD1,circLib,target_kmer,11,0.37579256198459876
1,1,256,Spliced,BWRD1,circBWRD1,circLib,composition,11,0.11675921989655556
1,1,256,Spliced,BWRD1,circBWRD1,circLib,sibling_uncalibrated,11,0.5274296161045919
1,1,256,Spliced,BWRD1,circBWRD1,circLib,sibling_calibrated,11,0.5274296161045919
1,1,256,Spliced,EVF2,Evf2,nucLib,stack,58,0.36708584506580055
1,1,256,Spliced,EVF2,Evf2,nucLib,target_kmer,58,0.3083860644294255
1,1,256,Spliced,EVF2,Evf2,nucLib,composition,58,0.3361140286169358
1,1,256,Spliced,EVF2,Evf2,nucLib,sibling_uncalibrated,58,0.38605638575569223
1,1,256,Spliced,EVF2,Evf2,nucLib,sibling_calibrated,58,0.38605638575569223
1,1,256,Spliced,FENDRR,Fendrr,nucLib,stack,95,0.505791118120879
1,1,256,Spliced,FENDRR,Fendrr,nucLib,target_kmer,95,0.37384691887886834
1,1,256,Spliced,FENDRR,Fendrr,nucLib,composition,95,0.417846190743285
1,1,256,Spliced,FENDRR,Fendrr,nucLib,sibling_uncalibrated,95,0.6183517381310326
1,1,256,Spliced,FENDRR,Fendrr,nucLib,sibling_calibrated,95,0.6183517381310326
1,1,256,Spliced,GCGR,Gcgr,nucLib,stack,30,0.6437590560821814
1,1,256,Spliced,GCGR,Gcgr,nucLib,target_kmer,30,0.4552980742193793
1,1,256,Spliced,GCGR,Gcgr,nucLib,composition,30,0.27201844550846654
1,1,256,Spliced,GCGR,Gcgr,nucLib,sibling_uncalibrated,30,0.3434862883894505
1,1,256,Spliced,GCGR,Gcgr,nucLib,sibling_calibrated,30,0.3434862883894505
1,1,256,Spliced,GCGR,Gcgr-v2,nucLib,stack,22,0.36123419431000386
1,1,256,Spliced,GCGR,Gcgr-v2,nucLib,target_kmer,22,0.424288743015346
1,1,256,Spliced,GCGR,Gcgr-v2,nucLib,composition,22,0.44660344247486894
1,1,256,Spliced,GCGR,Gcgr-v2,nucLib,sibling_uncalibrated,22,0.34196467260291824
1,1,256,Spliced,GCGR,Gcgr-v2,nucLib,sibling_calibrated,22,0.34196467260291824
1,1,256,Spliced,HIPK3,circHIPK3,circLib,stack,55,0.1988072441037205
1,1,256,Spliced,HIPK3,circHIPK3,circLib,target_kmer,55,0.4703820605204356
1,1,256,Spliced,HIPK3,circHIPK3,circLib,composition,55,0.48040045653308616
1,1,256,Spliced,HIPK3,circHIPK3,circLib,sibling_uncalibrated,55,0.3268608432759495
1,1,256,Spliced,HIPK3,circHIPK3,circLib,sibling_calibrated,55,0.3268608432759495
1,1,256,Spliced,HOXA11-AS,Hoxa11-AS,nucLib,stack,52,0.32118217982745273
1,1,256,Spliced,HOXA11-AS,Hoxa11-AS,nucLib,target_kmer,52,0.5781191341761707
1,1,256,Spliced,HOXA11-AS,Hoxa11-AS,nucLib,composition,52,0.39975952723900643
1,1,256,Spliced,HOXA11-AS,Hoxa11-AS,nucLib,sibling_uncalibrated,52,0.2058812542228317
1,1,256,Spliced,HOXA11-AS,Hoxa11-AS,nucLib,sibling_calibrated,52,0.2058812542228317
1,1,256,Spliced,HUWE1,circHUWE1,circLib,stack,16,0.2619406430541289
1,1,256,Spliced,HUWE1,circHUWE1,circLib,target_kmer,16,0.5388025821238942
1,1,256,Spliced,HUWE1,circHUWE1,circLib,composition,16,0.4677668676928937
1,1,256,Spliced,HUWE1,circHUWE1,circLib,sibling_uncalibrated,16,0.46601026505841747
1,1,256,Spliced,HUWE1,circHUWE1,circLib,sibling_calibrated,16,0.46601026505841747
1,1,256,Spliced,OGT,OGT,nucLib,stack,53,0.6059034143715927
1,1,256,Spliced,OGT,OGT,nucLib,target_kmer,53,0.21460579147238162
1,1,256,Spliced,OGT,OGT,nucLib,composition,53,0.09645828467654567
1,1,256,Spliced,OGT,OGT,nucLib,sibling_uncalibrated,53,0.5589812822206726
1,1,256,Spliced,OGT,OGT,nucLib,sibling_calibrated,53,0.5589812822206726
1,1,256,Spliced,PINT,Pint,nucLib,stack,92,0.3213352560897216
1,1,256,Spliced,PINT,Pint,nucLib,target_kmer,92,0.004107128983943143
1,1,256,Spliced,PINT,Pint,nucLib,composition,92,0.3429031332544014
1,1,256,Spliced,PINT,Pint,nucLib,sibling_uncalibrated,92,0.4007667648674387
1,1,256,Spliced,PINT,Pint,nucLib,sibling_calibrated,92,0.4007667648674387
1,1,256,Spliced,PINT,circPINT,circLib,stack,31,0.3197685072450268
1,1,256,Spliced,PINT,circPINT,circLib,target_kmer,31,0.6121365269517713
1,1,256,Spliced,PINT,circPINT,circLib,composition,31,0.5617937773011437
1,1,256,Spliced,PINT,circPINT,circLib,sibling_uncalibrated,31,0.3785537527659753
1,1,256,Spliced,PINT,circPINT,circLib,sibling_calibrated,31,0.3785537527659753
1,1,256,Spliced,PROSER3,circPROSER3,circLib,stack,12,0.1849780285421616
1,1,256,Spliced,PROSER3,circPROSER3,circLib,target_kmer,12,0.1117092785698519
1,1,256,Spliced,PROSER3,circPROSER3,circLib,composition,12,0.1117092785698519
1,1,256,Spliced,PROSER3,circPROSER3,circLib,sibling_uncalibrated,12,0.2689946768843971
1,1,256,Spliced,PROSER3,circPROSER3,circLib,sibling_calibrated,12,0.2689946768843971
1,1,256,Spliced,R3HDM1,circR3HDM1,circLib,stack,16,0.45287926874948314
1,1,256,Spliced,R3HDM1,circR3HDM1,circLib,target_kmer,16,0.29344049273980843
1,1,256,Spliced,R3HDM1,circR3HDM1,circLib,composition,16,0.8271318950628588
1,1,256,Spliced,R3HDM1,circR3HDM1,circLib,sibling_uncalibrated,16,0.43241969785950785
1,1,256,Spliced,R3HDM1,circR3HDM1,circLib,sibling_calibrated,16,0.43241969785950785
1,1,256,Unspliced,BIRC6,circBIRC6,circLib,stack,57,0.43320495906388423
1,1,256,Unspliced,BIRC6,circBIRC6,circLib,target_kmer,57,0.4763484174317226
1,1,256,Unspliced,BIRC6,circBIRC6,circLib,composition,57,0.6047649223464586
1,1,256,Unspliced,BIRC6,circBIRC6,circLib,sibling_uncalibrated,57,0.6003619220305098
1,1,256,Unspliced,BIRC6,circBIRC6,circLib,sibling_calibrated,57,0.6003619220305098
1,1,256,Unspliced,BWRD1,circBWRD1,circLib,stack,11,0.3232539065268008
1,1,256,Unspliced,BWRD1,circBWRD1,circLib,target_kmer,11,0.3518914989680981
1,1,256,Unspliced,BWRD1,circBWRD1,circLib,composition,11,0.17574804506435257
1,1,256,Unspliced,BWRD1,circBWRD1,circLib,sibling_uncalibrated,11,0.3518914989680981
1,1,256,Unspliced,BWRD1,circBWRD1,circLib,sibling_calibrated,11,0.3518914989680981
1,1,256,Unspliced,EVF2,Evf2,nucLib,stack,38,0.49711255603454363
1,1,256,Unspliced,EVF2,Evf2,nucLib,target_kmer,38,0.754514728180746
1,1,256,Unspliced,EVF2,Evf2,nucLib,composition,38,0.43698819067909456
1,1,256,Unspliced,EVF2,Evf2,nucLib,sibling_uncalibrated,38,0.37654201277666133
1,1,256,Unspliced,EVF2,Evf2,nucLib,sibling_calibrated,38,0.37654201277666133
1,1,256,Unspliced,FENDRR,Fendrr,nucLib,stack,82,0.3212469992534365
1,1,256,Unspliced,FENDRR,Fendrr,nucLib,target_kmer,82,0.6544970719459293
1,1,256,Unspliced,FENDRR,Fendrr,nucLib,composition,82,0.24285178052395925
1,1,256,Unspliced,FENDRR,Fendrr,nucLib,sibling_uncalibrated,82,0.4607566337904726
1,1,256,Unspliced,FENDRR,Fendrr,nucLib,sibling_calibrated,82,0.4607566337904726
1,1,256,Unspliced,GCGR,Gcgr,nucLib,stack,30,0.1763114636546937
1,1,256,Unspliced,GCGR,Gcgr,nucLib,target_kmer,30,0.3901564000671257
1,1,256,Unspliced,GCGR,Gcgr,nucLib,composition,30,0.6914281660510753
1,1,256,Unspliced,GCGR,Gcgr,nucLib,sibling_uncalibrated,30,0.5047052115269053
1,1,256,Unspliced,GCGR,Gcgr,nucLib,sibling_calibrated,30,0.5047052115269053
1,1,256,Unspliced,GCGR,Gcgr-v2,nucLib,stack,22,0.030337900795379475
1,1,256,Unspliced,GCGR,Gcgr-v2,nucLib,target_kmer,22,0.19836990723903036
1,1,256,Unspliced,GCGR,Gcgr-v2,nucLib,composition,22,0.37048232470474496
1,1,256,Unspliced,GCGR,Gcgr-v2,nucLib,sibling_uncalibrated,22,0.030337900795379475
1,1,256,Unspliced,GCGR,Gcgr-v2,nucLib,sibling_calibrated,22,0.030337900795379475
1,1,256,Unspliced,HIPK3,circHIPK3,circLib,stack,55,0.3080842246055342
1,1,256,Unspliced,HIPK3,circHIPK3,circLib,target_kmer,55,0.7123629380736325
1,1,256,Unspliced,HIPK3,circHIPK3,circLib,composition,55,0.3916278467462154
1,1,256,Unspliced,HIPK3,circHIPK3,circLib,sibling_uncalibrated,55,0.1974537677876343
1,1,256,Unspliced,HIPK3,circHIPK3,circLib,sibling_calibrated,55,0.1974537677876343
1,1,256,Unspliced,HOXA11-AS,Hoxa11-AS,nucLib,stack,47,0.5420918743911555
1,1,256,Unspliced,HOXA11-AS,Hoxa11-AS,nucLib,target_kmer,47,0.6366998568446744
1,1,256,Unspliced,HOXA11-AS,Hoxa11-AS,nucLib,composition,47,0.4673072625140179
1,1,256,Unspliced,HOXA11-AS,Hoxa11-AS,nucLib,sibling_uncalibrated,47,0.5420918743911555
1,1,256,Unspliced,HOXA11-AS,Hoxa11-AS,nucLib,sibling_calibrated,47,0.5420918743911555
1,1,256,Unspliced,HUWE1,circHUWE1,circLib,stack,16,0.13912540494973744
1,1,256,Unspliced,HUWE1,circHUWE1,circLib,target_kmer,16,0.4099396600184959
1,1,256,Unspliced,HUWE1,circHUWE1,circLib,composition,16,0.4685115060980378
1,1,256,Unspliced,HUWE1,circHUWE1,circLib,sibling_uncalibrated,16,0.4685115060980378
1,1,256,Unspliced,HUWE1,circHUWE1,circLib,sibling_calibrated,16,0.4685115060980378
1,1,256,Unspliced,OGT,OGT,nucLib,stack,41,0.41776801219063603
1,1,256,Unspliced,OGT,OGT,nucLib,target_kmer,41,0.2239969970752043
1,1,256,Unspliced,OGT,OGT,nucLib,composition,41,0.4459579858435503
1,1,256,Unspliced,OGT,OGT,nucLib,sibling_uncalibrated,41,0.45712785302154113
1,1,256,Unspliced,OGT,OGT,nucLib,sibling_calibrated,41,0.45712785302154113
1,1,256,Unspliced,PINT,Pint,nucLib,stack,64,0.12410456868117858
1,1,256,Unspliced,PINT,Pint,nucLib,target_kmer,64,0.3663482805931557
1,1,256,Unspliced,PINT,Pint,nucLib,composition,64,0.11703301684819509
1,1,256,Unspliced,PINT,Pint,nucLib,sibling_uncalibrated,64,0.42965247610015844
1,1,256,Unspliced,PINT,Pint,nucLib,sibling_calibrated,64,0.42965247610015844
1,1,256,Unspliced,PINT,circPINT,circLib,stack,31,0.37224183527969046
1,1,256,Unspliced,PINT,circPINT,circLib,target_kmer,31,0.6083022939680229
1,1,256,Unspliced,PINT,circPINT,circLib,composition,31,0.7260133687729842
1,1,256,Unspliced,PINT,circPINT,circLib,sibling_uncalibrated,31,0.5564169487641325
1,1,256,Unspliced,PINT,circPINT,circLib,sibling_calibrated,31,0.5564169487641325
1,1,256,Unspliced,PROSER3,circPROSER3,circLib,stack,12,0.3253424981503029
1,1,256,Unspliced,PROSER3,circPROSER3,circLib,target_kmer,12,0.3253424981503029
1,1,256,Unspliced,PROSER3,circPROSER3,circLib,composition,12,0.5499650033919151
1,1,256,Unspliced,PROSER3,circPROSER3,circLib,sibling_uncalibrated,12,0.3253424981503029
1,1,256,Unspliced,PROSER3,circPROSER3,circLib,sibling_calibrated,12,0.3253424981503029
1,1,256,Unspliced,R3HDM1,circR3HDM1,circLib,stack,16,0.2162106493472346
1,1,256,Unspliced,R3HDM1,circR3HDM1,circLib,target_kmer,16,0.5038454945725959
1,1,256,Unspliced,R3HDM1,circR3HDM1,circLib,composition,16,0.7162106493472347
1,1,256,Unspliced,R3HDM1,circR3HDM1,circLib,sibling_uncalibrated,16,0.4157480763955279
1,1,256,Unspliced,R3HDM1,circR3HDM1,circLib,sibling_calibrated,16,0.4157480763955279
1,1,256,Circular,BIRC6,circBIRC6,circLib,stack,53,0.32502284729250663
1,1,256,Circular,BIRC6,circBIRC6,circLib,target_kmer,53,0.4736972971817279
1,1,256,Circular,BIRC6,circBIRC6,circLib,composition,53,0.5841144912168068
1,1,256,Circular,BIRC6,circBIRC6,circLib,sibling_uncalibrated,53,0.32502284729250663
1,1,256,Circular,BIRC6,circBIRC6,circLib,sibling_calibrated,53,0.32502284729250663
1,1,256,Circular,BWRD1,circBWRD1,circLib,stack,11,0.3324553788004736
1,1,256,Circular,BWRD1,circBWRD1,circLib,target_kmer,11,0.2710258402685234
1,1,256,Circular,BWRD1,circBWRD1,circLib,composition,11,1.0
1,1,256,Circular,BWRD1,circBWRD1,circLib,sibling_uncalibrated,11,0.3324553788004736
1,1,256,Circular,BWRD1,circBWRD1,circLib,sibling_calibrated,11,0.3324553788004736
1,1,256,Circular,EVF2,Evf2,nucLib,stack,52,0.0747776249760346
1,1,256,Circular,EVF2,Evf2,nucLib,target_kmer,52,0.4853227177035818
1,1,256,Circular,EVF2,Evf2,nucLib,composition,52,0.431476054835526
1,1,256,Circular,EVF2,Evf2,nucLib,sibling_uncalibrated,52,0.0747776249760346
1,1,256,Circular,EVF2,Evf2,nucLib,sibling_calibrated,52,0.0747776249760346
1,1,256,Circular,FENDRR,Fendrr,nucLib,stack,88,0.20551316387390484
1,1,256,Circular,FENDRR,Fendrr,nucLib,target_kmer,88,0.4602949437659389
1,1,256,Circular,FENDRR,Fendrr,nucLib,composition,88,0.42468195036617207
1,1,256,Circular,FENDRR,Fendrr,nucLib,sibling_uncalibrated,88,0.22653063042278354
1,1,256,Circular,FENDRR,Fendrr,nucLib,sibling_calibrated,88,0.22653063042278354
1,1,256,Circular,GCGR,Gcgr,nucLib,stack,30,0.2755201777436278
1,1,256,Circular,GCGR,Gcgr,nucLib,target_kmer,30,0.40242219714534466
1,1,256,Circular,GCGR,Gcgr,nucLib,composition,30,0.42060086153506276
1,1,256,Circular,GCGR,Gcgr,nucLib,sibling_uncalibrated,30,0.249939680634726
1,1,256,Circular,GCGR,Gcgr,nucLib,sibling_calibrated,30,0.249939680634726
1,1,256,Circular,GCGR,Gcgr-v2,nucLib,stack,22,0.28581016508613294
1,1,256,Circular,GCGR,Gcgr-v2,nucLib,target_kmer,22,0.26555816252660386
1,1,256,Circular,GCGR,Gcgr-v2,nucLib,composition,22,0.3519260409868789
1,1,256,Circular,GCGR,Gcgr-v2,nucLib,sibling_uncalibrated,22,0.1800058275350675
1,1,256,Circular,GCGR,Gcgr-v2,nucLib,sibling_calibrated,22,0.1800058275350675
1,1,256,Circular,HIPK3,circHIPK3,circLib,stack,50,0.3242353295961042
1,1,256,Circular,HIPK3,circHIPK3,circLib,target_kmer,50,0.7175188974947886
1,1,256,Circular,HIPK3,circHIPK3,circLib,composition,50,0.3931674792378734
1,1,256,Circular,HIPK3,circHIPK3,circLib,sibling_uncalibrated,50,0.3271482963365841
1,1,256,Circular,HIPK3,circHIPK3,circLib,sibling_calibrated,50,0.3271482963365841
1,1,256,Circular,HOXA11-AS,Hoxa11-AS,nucLib,stack,48,0.5196619913472805
1,1,256,Circular,HOXA11-AS,Hoxa11-AS,nucLib,target_kmer,48,0.3472414408990685
1,1,256,Circular,HOXA11-AS,Hoxa11-AS,nucLib,composition,48,0.6104683376903195
1,1,256,Circular,HOXA11-AS,Hoxa11-AS,nucLib,sibling_uncalibrated,48,0.7629963636851673
1,1,256,Circular,HOXA11-AS,Hoxa11-AS,nucLib,sibling_calibrated,48,0.7629963636851673
1,1,256,Circular,HUWE1,circHUWE1,circLib,stack,16,0.26250810030708405
1,1,256,Circular,HUWE1,circHUWE1,circLib,target_kmer,16,0.4558180060728507
1,1,256,Circular,HUWE1,circHUWE1,circLib,composition,16,0.2614579756320037
1,1,256,Circular,HUWE1,circHUWE1,circLib,sibling_uncalibrated,16,0.26250810030708405
1,1,256,Circular,HUWE1,circHUWE1,circLib,sibling_calibrated,16,0.26250810030708405
1,1,256,Circular,OGT,OGT,nucLib,stack,51,0.4506552639979776
1,1,256,Circular,OGT,OGT,nucLib,target_kmer,51,0.5436343648670328
1,1,256,Circular,OGT,OGT,nucLib,composition,51,0.7154044760471037
1,1,256,Circular,OGT,OGT,nucLib,sibling_uncalibrated,51,0.4506552639979776
1,1,256,Circular,OGT,OGT,nucLib,sibling_calibrated,51,0.4506552639979776
1,1,256,Circular,PINT,Pint,nucLib,stack,86,0.40436132659921353
1,1,256,Circular,PINT,Pint,nucLib,target_kmer,86,0.5597165837231068
1,1,256,Circular,PINT,Pint,nucLib,composition,86,0.47489204060335827
1,1,256,Circular,PINT,Pint,nucLib,sibling_uncalibrated,86,0.37429545351022325
1,1,256,Circular,PINT,Pint,nucLib,sibling_calibrated,86,0.37429545351022325
1,1,256,Circular,PINT,circPINT,circLib,stack,30,0.8164495523924584
1,1,256,Circular,PINT,circPINT,circLib,target_kmer,30,0.7484816626362042
1,1,256,Circular,PINT,circPINT,circLib,composition,30,0.6333449227213517
1,1,256,Circular,PINT,circPINT,circLib,sibling_uncalibrated,30,0.7094098296926039
1,1,256,Circular,PINT,circPINT,circLib,sibling_calibrated,30,0.7094098296926039
1,1,256,Circular,PROSER3,circPROSER3,circLib,stack,12,0.43897547299774287
1,1,256,Circular,PROSER3,circPROSER3,circLib,target_kmer,12,0.40969580137429884
1,1,256,Circular,PROSER3,circPROSER3,circLib,composition,12,0.7944492576478608
1,1,256,Circular,PROSER3,circPROSER3,circLib,sibling_uncalibrated,12,0.37499015478606
1,1,256,Circular,PROSER3,circPROSER3,circLib,sibling_calibrated,12,0.37499015478606
1,1,256,Circular,R3HDM1,circR3HDM1,circLib,stack,16,0.37487132080893326
1,1,256,Circular,R3HDM1,circR3HDM1,circLib,target_kmer,16,0.2802410593068953
1,1,256,Circular,R3HDM1,circR3HDM1,circLib,composition,16,0.05203999071686935
1,1,256,Circular,R3HDM1,circR3HDM1,circLib,sibling_uncalibrated,16,0.6842899311068193
1,1,256,Circular,R3HDM1,circR3HDM1,circLib,sibling_calibrated,16,0.6842899311068193
1,1,256,SCRCircular,BIRC6,circBIRC6,circLib,stack,57,0.2965224135310827
1,1,256,SCRCircular,BIRC6,circBIRC6,circLib,target_kmer,57,0.42876658855204597
1,1,256,SCRCircular,BIRC6,circBIRC6,circLib,composition,57,0.4758060342858985
1,1,256,SCRCircular,BIRC6,circBIRC6,circLib,sibling_uncalibrated,57,0.0942870799830605
1,1,256,SCRCircular,BIRC6,circBIRC6,circLib,sibling_calibrated,57,0.0942870799830605
1,1,256,SCRCircular,BWRD1,circBWRD1,circLib,stack,11,0.23717166379978766
1,1,256,SCRCircular,BWRD1,circBWRD1,circLib,target_kmer,11,0.20732721191716197
1,1,256,SCRCircular,BWRD1,circBWRD1,circLib,composition,11,0.5384665845026747
1,1,256,SCRCircular,BWRD1,circBWRD1,circLib,sibling_uncalibrated,11,0.20732721191716197
1,1,256,SCRCircular,BWRD1,circBWRD1,circLib,sibling_calibrated,11,0.20732721191716197
1,1,256,SCRCircular,EVF2,Evf2,nucLib,stack,67,0.2461925147482967
1,1,256,SCRCircular,EVF2,Evf2,nucLib,target_kmer,67,0.6456676754305092
1,1,256,SCRCircular,EVF2,Evf2,nucLib,composition,67,0.3553146007271114
1,1,256,SCRCircular,EVF2,Evf2,nucLib,sibling_uncalibrated,67,0.4369231794959762
1,1,256,SCRCircular,EVF2,Evf2,nucLib,sibling_calibrated,67,0.4369231794959762
1,1,256,SCRCircular,FENDRR,Fendrr,nucLib,stack,98,0.2858293681784965
1,1,256,SCRCircular,FENDRR,Fendrr,nucLib,target_kmer,98,0.2858293681784965
1,1,256,SCRCircular,FENDRR,Fendrr,nucLib,composition,98,0.4573097111775305
1,1,256,SCRCircular,FENDRR,Fendrr,nucLib,sibling_uncalibrated,98,0.2822872009271216
1,1,256,SCRCircular,FENDRR,Fendrr,nucLib,sibling_calibrated,98,0.2822872009271216
1,1,256,SCRCircular,GCGR,Gcgr,nucLib,stack,30,0.3002207241503601
1,1,256,SCRCircular,GCGR,Gcgr,nucLib,target_kmer,30,0.3002207241503601
1,1,256,SCRCircular,GCGR,Gcgr,nucLib,composition,30,0.5812845399330948
1,1,256,SCRCircular,GCGR,Gcgr,nucLib,sibling_uncalibrated,30,0.3002207241503601
1,1,256,SCRCircular,GCGR,Gcgr,nucLib,sibling_calibrated,30,0.3002207241503601
1,1,256,SCRCircular,GCGR,Gcgr-v2,nucLib,stack,22,0.25702652134353254
1,1,256,SCRCircular,GCGR,Gcgr-v2,nucLib,target_kmer,22,0.4959782864371953
1,1,256,SCRCircular,GCGR,Gcgr-v2,nucLib,composition,22,0.4120513376073044
1,1,256,SCRCircular,GCGR,Gcgr-v2,nucLib,sibling_uncalibrated,22,0.25702652134353254
1,1,256,SCRCircular,GCGR,Gcgr-v2,nucLib,sibling_calibrated,22,0.25702652134353254
1,1,256,SCRCircular,HIPK3,circHIPK3,circLib,stack,55,0.16338610984643465
1,1,256,SCRCircular,HIPK3,circHIPK3,circLib,target_kmer,55,0.10053653357201743
1,1,256,SCRCircular,HIPK3,circHIPK3,circLib,composition,55,0.21117552773209938
1,1,256,SCRCircular,HIPK3,circHIPK3,circLib,sibling_uncalibrated,55,0.16338610984643465
1,1,256,SCRCircular,HIPK3,circHIPK3,circLib,sibling_calibrated,55,0.16338610984643465
1,1,256,SCRCircular,HOXA11-AS,Hoxa11-AS,nucLib,stack,52,0.336940709579352
1,1,256,SCRCircular,HOXA11-AS,Hoxa11-AS,nucLib,target_kmer,52,0.379561714694
1,1,256,SCRCircular,HOXA11-AS,Hoxa11-AS,nucLib,composition,52,0.7796029156922948
1,1,256,SCRCircular,HOXA11-AS,Hoxa11-AS,nucLib,sibling_uncalibrated,52,0.336940709579352
1,1,256,SCRCircular,HOXA11-AS,Hoxa11-AS,nucLib,sibling_calibrated,52,0.336940709579352
1,1,256,SCRCircular,HUWE1,circHUWE1,circLib,stack,16,0.5729210156145566
1,1,256,SCRCircular,HUWE1,circHUWE1,circLib,target_kmer,16,0.41441871195517443
1,1,256,SCRCircular,HUWE1,circHUWE1,circLib,composition,16,0.3661859767080827
1,1,256,SCRCircular,HUWE1,circHUWE1,circLib,sibling_uncalibrated,16,0.2682579701199892
1,1,256,SCRCircular,HUWE1,circHUWE1,circLib,sibling_calibrated,16,0.2682579701199892
1,1,256,SCRCircular,OGT,OGT,nucLib,stack,57,0.44935459664648025
1,1,256,SCRCircular,OGT,OGT,nucLib,target_kmer,57,0.48951761802512955
1,1,256,SCRCircular,OGT,OGT,nucLib,composition,57,0.32786672980590376
1,1,256,SCRCircular,OGT,OGT,nucLib,sibling_uncalibrated,57,0.48027804466255286
1,1,256,SCRCircular,OGT,OGT,nucLib,sibling_calibrated,57,0.48027804466255286
1,1,256,SCRCircular,PINT,Pint,nucLib,stack,105,0.43264807356878754
1,1,256,SCRCircular,PINT,Pint,nucLib,target_kmer,105,0.41686481249812724
1,1,256,SCRCircular,PINT,Pint,nucLib,composition,105,0.5395499053785744
1,1,256,SCRCircular,PINT,Pint,nucLib,sibling_uncalibrated,105,0.37671588199007505
1,1,256,SCRCircular,PINT,Pint,nucLib,sibling_calibrated,105,0.37671588199007505
1,1,256,SCRCircular,PINT,circPINT,circLib,stack,31,0.4361350047503955
1,1,256,SCRCircular,PINT,circPINT,circLib,target_kmer,31,0.46112651133185256
1,1,256,SCRCircular,PINT,circPINT,circLib,composition,31,0.5263699935940227
1,1,256,SCRCircular,PINT,circPINT,circLib,sibling_uncalibrated,31,0.4361350047503955
1,1,256,SCRCircular,PINT,circPINT,circLib,sibling_calibrated,31,0.4361350047503955
1,1,256,SCRCircular,PROSER3,circPROSER3,circLib,stack,12,0.240328198412593
1,1,256,SCRCircular,PROSER3,circPROSER3,circLib,target_kmer,12,0.3801753701768227
1,1,256,SCRCircular,PROSER3,circPROSER3,circLib,composition,12,0.6163457860248251
1,1,256,SCRCircular,PROSER3,circPROSER3,circLib,sibling_uncalibrated,12,0.3801753701768227
1,1,256,SCRCircular,PROSER3,circPROSER3,circLib,sibling_calibrated,12,0.3801753701768227
1,1,256,SCRCircular,R3HDM1,circR3HDM1,circLib,stack,16,0.3353461759840567
1,1,256,SCRCircular,R3HDM1,circR3HDM1,circLib,target_kmer,16,0.1955903382080419
1,1,256,SCRCircular,R3HDM1,circR3HDM1,circLib,composition,16,0.0
1,1,256,SCRCircular,R3HDM1,circR3HDM1,circLib,sibling_uncalibrated,16,0.18303766539301908
1,1,256,SCRCircular,R3HDM1,circR3HDM1,circLib,sibling_calibrated,16,0.18303766539301908
1,2,16,Spliced,BIRC6,circBIRC6,circLib,stack,58,0.5052570606707806
1,2,16,Spliced,BIRC6,circBIRC6,circLib,target_kmer,58,0.6052208147334283
1,2,16,Spliced,BIRC6,circBIRC6,circLib,composition,58,0.1983283327989236
1,2,16,Spliced,BIRC6,circBIRC6,circLib,sibling_uncalibrated,58,0.5052570606707806
1,2,16,Spliced,BIRC6,circBIRC6,circLib,sibling_calibrated,58,0.5052570606707806
1,2,16,Spliced,BWRD1,circBWRD1,circLib,stack,11,0.28758841594374174
1,2,16,Spliced,BWRD1,circBWRD1,circLib,target_kmer,11,0.09496876214517394
1,2,16,Spliced,BWRD1,circBWRD1,circLib,composition,11,0.36278790492295176
1,2,16,Spliced,BWRD1,circBWRD1,circLib,sibling_uncalibrated,11,0.28758841594374174
1,2,16,Spliced,BWRD1,circBWRD1,circLib,sibling_calibrated,11,0.28758841594374174
1,2,16,Spliced,EVF2,Evf2,nucLib,stack,58,0.38605638575569223
1,2,16,Spliced,EVF2,Evf2,nucLib,target_kmer,58,0.3361140286169358
1,2,16,Spliced,EVF2,Evf2,nucLib,composition,58,0.43539439834969745
1,2,16,Spliced,EVF2,Evf2,nucLib,sibling_uncalibrated,58,0.38605638575569223
1,2,16,Spliced,EVF2,Evf2,nucLib,sibling_calibrated,58,0.38605638575569223
1,2,16,Spliced,FENDRR,Fendrr,nucLib,stack,95,0.5146317327257006
1,2,16,Spliced,FENDRR,Fendrr,nucLib,target_kmer,95,0.3019043748337117
1,2,16,Spliced,FENDRR,Fendrr,nucLib,composition,95,0.41574791105647957
1,2,16,Spliced,FENDRR,Fendrr,nucLib,sibling_uncalibrated,95,0.6183517381310326
1,2,16,Spliced,FENDRR,Fendrr,nucLib,sibling_calibrated,95,0.6183517381310326
1,2,16,Spliced,GCGR,Gcgr,nucLib,stack,30,0.4538694557493984
1,2,16,Spliced,GCGR,Gcgr,nucLib,target_kmer,30,0.38683365500169226
1,2,16,Spliced,GCGR,Gcgr,nucLib,composition,30,0.8428736568182368
1,2,16,Spliced,GCGR,Gcgr,nucLib,sibling_uncalibrated,30,0.4402248310263887
1,2,16,Spliced,GCGR,Gcgr,nucLib,sibling_calibrated,30,0.4402248310263887
1,2,16,Spliced,GCGR,Gcgr-v2,nucLib,stack,22,0.5291222222019225
1,2,16,Spliced,GCGR,Gcgr-v2,nucLib,target_kmer,22,0.47100854275520104
1,2,16,Spliced,GCGR,Gcgr-v2,nucLib,composition,22,0.6087283422391112
1,2,16,Spliced,GCGR,Gcgr-v2,nucLib,sibling_uncalibrated,22,0.5291222222019225
1,2,16,Spliced,GCGR,Gcgr-v2,nucLib,sibling_calibrated,22,0.5291222222019225
1,2,16,Spliced,HIPK3,circHIPK3,circLib,stack,55,0.10976496993391656
1,2,16,Spliced,HIPK3,circHIPK3,circLib,target_kmer,55,0.6386942882316263
1,2,16,Spliced,HIPK3,circHIPK3,circLib,composition,55,0.511816115475741
1,2,16,Spliced,HIPK3,circHIPK3,circLib,sibling_uncalibrated,55,0.5032813077344214
1,2,16,Spliced,HIPK3,circHIPK3,circLib,sibling_calibrated,55,0.5032813077344214
1,2,16,Spliced,HOXA11-AS,Hoxa11-AS,nucLib,stack,52,0.3309252379464449
1,2,16,Spliced,HOXA11-AS,Hoxa11-AS,nucLib,target_kmer,52,0.5362705310110184
1,2,16,Spliced,HOXA11-AS,Hoxa11-AS,nucLib,composition,52,0.35558984007274463
1,2,16,Spliced,HOXA11-AS,Hoxa11-AS,nucLib,sibling_uncalibrated,52,0.32118217982745273
1,2,16,Spliced,HOXA11-AS,Hoxa11-AS,nucLib,sibling_calibrated,52,0.32118217982745273
1,2,16,Spliced,HUWE1,circHUWE1,circLib,stack,16,0.4677668676928937
1,2,16,Spliced,HUWE1,circHUWE1,circLib,target_kmer,16,0.28811384408519203
1,2,16,Spliced,HUWE1,circHUWE1,circLib,composition,16,0.28811384408519203
1,2,16,Spliced,HUWE1,circHUWE1,circLib,sibling_uncalibrated,16,0.8797547418932659
1,2,16,Spliced,HUWE1,circHUWE1,circLib,sibling_calibrated,16,0.8797547418932659
1,2,16,Spliced,OGT,OGT,nucLib,stack,53,0.6444110969493912
1,2,16,Spliced,OGT,OGT,nucLib,target_kmer,53,0.6359502915374625
1,2,16,Spliced,OGT,OGT,nucLib,composition,53,0.42512560071040406
1,2,16,Spliced,OGT,OGT,nucLib,sibling_uncalibrated,53,0.5589812822206726
1,2,16,Spliced,OGT,OGT,nucLib,sibling_calibrated,53,0.5589812822206726
1,2,16,Spliced,PINT,Pint,nucLib,stack,92,0.3563405678269808
1,2,16,Spliced,PINT,Pint,nucLib,target_kmer,92,0.5376666132965051
1,2,16,Spliced,PINT,Pint,nucLib,composition,92,0.3690751500481039
1,2,16,Spliced,PINT,Pint,nucLib,sibling_uncalibrated,92,0.49452415315184783
1,2,16,Spliced,PINT,Pint,nucLib,sibling_calibrated,92,0.49452415315184783
1,2,16,Spliced,PINT,circPINT,circLib,stack,31,0.2850075706025025
1,2,16,Spliced,PINT,circPINT,circLib,target_kmer,31,0.40801052447550484
1,2,16,Spliced,PINT,circPINT,circLib,composition,31,0.7625067573769952
1,2,16,Spliced,PINT,circPINT,circLib,sibling_uncalibrated,31,0.5810578108430864
1,2,16,Spliced,PINT,circPINT,circLib,sibling_calibrated,31,0.5810578108430864
1,2,16,Spliced,PROSER3,circPROSER3,circLib,stack,12,0.2689946768843971
1,2,16,Spliced,PROSER3,circPROSER3,circLib,target_kmer,12,0.8403467845311134
1,2,16,Spliced,PROSER3,circPROSER3,circLib,composition,12,0.23878247707083267
1,2,16,Spliced,PROSER3,circPROSER3,circLib,sibling_uncalibrated,12,0.2689946768843971
1,2,16,Spliced,PROSER3,circPROSER3,circLib,sibling_calibrated,12,0.2689946768843971
1,2,16,Spliced,R3HDM1,circR3HDM1,circLib,stack,16,0.45287926874948314
1,2,16,Spliced,R3HDM1,circR3HDM1,circLib,target_kmer,16,0.5720929013266928
1,2,16,Spliced,R3HDM1,circR3HDM1,circLib,composition,16,0.4201024413074874
1,2,16,Spliced,R3HDM1,circR3HDM1,circLib,sibling_uncalibrated,16,0.43241969785950785
1,2,16,Spliced,R3HDM1,circR3HDM1,circLib,sibling_calibrated,16,0.43241969785950785
1,2,16,Unspliced,BIRC6,circBIRC6,circLib,stack,57,0.4139391013713134
1,2,16,Unspliced,BIRC6,circBIRC6,circLib,target_kmer,57,0.35180919427667107
1,2,16,Unspliced,BIRC6,circBIRC6,circLib,composition,57,0.4371271481122903
1,2,16,Unspliced,BIRC6,circBIRC6,circLib,sibling_uncalibrated,57,0.4069877274061629
1,2,16,Unspliced,BIRC6,circBIRC6,circLib,sibling_calibrated,57,0.4069877274061629
1,2,16,Unspliced,BWRD1,circBWRD1,circLib,stack,11,0.3518914989680981
1,2,16,Unspliced,BWRD1,circBWRD1,circLib,target_kmer,11,0.19045842344104305
1,2,16,Unspliced,BWRD1,circBWRD1,circLib,composition,11,0.19045842344104305
1,2,16,Unspliced,BWRD1,circBWRD1,circLib,sibling_uncalibrated,11,0.3518914989680981
1,2,16,Unspliced,BWRD1,circBWRD1,circLib,sibling_calibrated,11,0.3518914989680981
1,2,16,Unspliced,EVF2,Evf2,nucLib,stack,38,0.1763128373667735
1,2,16,Unspliced,EVF2,Evf2,nucLib,target_kmer,38,0.4057715622342984
1,2,16,Unspliced,EVF2,Evf2,nucLib,composition,38,0.33208300071904284
1,2,16,Unspliced,EVF2,Evf2,nucLib,sibling_uncalibrated,38,0.13388301273545075
1,2,16,Unspliced,EVF2,Evf2,nucLib,sibling_calibrated,38,0.13388301273545075
1,2,16,Unspliced,FENDRR,Fendrr,nucLib,stack,82,0.5974376797374529
1,2,16,Unspliced,FENDRR,Fendrr,nucLib,target_kmer,82,0.3212469992534365
1,2,16,Unspliced,FENDRR,Fendrr,nucLib,composition,82,0.30311701084215337
1,2,16,Unspliced,FENDRR,Fendrr,nucLib,sibling_uncalibrated,82,0.5974376797374529
1,2,16,Unspliced,FENDRR,Fendrr,nucLib,sibling_calibrated,82,0.5974376797374529
1,2,16,Unspliced,GCGR,Gcgr,nucLib,stack,30,0.703848856422582
1,2,16,Unspliced,GCGR,Gcgr,nucLib,target_kmer,30,0.5762069625574536
1,2,16,Unspliced,GCGR,Gcgr,nucLib,composition,30,0.5762069625574536
1,2,16,Unspliced,GCGR,Gcgr,nucLib,sibling_uncalibrated,30,0.703848856422582
1,2,16,Unspliced,GCGR,Gcgr,nucLib,sibling_calibrated,30,0.703848856422582
1,2,16,Unspliced,GCGR,Gcgr-v2,nucLib,stack,22,0.619969365022305
1,2,16,Unspliced,GCGR,Gcgr-v2,nucLib,target_kmer,22,0.3359185528521936
1,2,16,Unspliced,GCGR,Gcgr-v2,nucLib,composition,22,0.8284281151489838
1,2,16,Unspliced,GCGR,Gcgr-v2,nucLib,sibling_uncalibrated,22,0.030337900795379475
1,2,16,Unspliced,GCGR,Gcgr-v2,nucLib,sibling_calibrated,22,0.030337900795379475
1,2,16,Unspliced,HIPK3,circHIPK3,circLib,stack,55,0.4584000308238593
1,2,16,Unspliced,HIPK3,circHIPK3,circLib,target_kmer,55,0.39594159896841075
1,2,16,Unspliced,HIPK3,circHIPK3,circLib,composition,55,0.6103923666010165
1,2,16,Unspliced,HIPK3,circHIPK3,circLib,sibling_uncalibrated,55,0.4584000308238593
1,2,16,Unspliced,HIPK3,circHIPK3,circLib,sibling_calibrated,55,0.4584000308238593
1,2,16,Unspliced,HOXA11-AS,Hoxa11-AS,nucLib,stack,47,0.5127083012378852
1,2,16,Unspliced,HOXA11-AS,Hoxa11-AS,nucLib,target_kmer,47,0.6132890719453478
1,2,16,Unspliced,HOXA11-AS,Hoxa11-AS,nucLib,composition,47,0.5408163933157331
1,2,16,Unspliced,HOXA11-AS,Hoxa11-AS,nucLib,sibling_uncalibrated,47,0.43240001640334635
1,2,16,Unspliced,HOXA11-AS,Hoxa11-AS,nucLib,sibling_calibrated,47,0.43240001640334635
1,2,16,Unspliced,HUWE1,circHUWE1,circLib,stack,16,0.4099396600184959
1,2,16,Unspliced,HUWE1,circHUWE1,circLib,target_kmer,16,0.5912717818929275
1,2,16,Unspliced,HUWE1,circHUWE1,circLib,composition,16,0.2618856807446272
1,2,16,Unspliced,HUWE1,circHUWE1,circLib,sibling_uncalibrated,16,0.4685115060980378
1,2,16,Unspliced,HUWE1,circHUWE1,circLib,sibling_calibrated,16,0.4685115060980378
1,2,16,Unspliced,OGT,OGT,nucLib,stack,41,0.4459579858435503
1,2,16,Unspliced,OGT,OGT,nucLib,target_kmer,41,0.7864529388514345
1,2,16,Unspliced,OGT,OGT,nucLib,composition,41,0.4102854847046345
1,2,16,Unspliced,OGT,OGT,nucLib,sibling_uncalibrated,41,0.41776801219063603
1,2,16,Unspliced,OGT,OGT,nucLib,sibling_calibrated,41,0.41776801219063603
1,2,16,Unspliced,PINT,Pint,nucLib,stack,64,0.42965247610015844
1,2,16,Unspliced,PINT,Pint,nucLib,target_kmer,64,0.485220797384468
1,2,16,Unspliced,PINT,Pint,nucLib,composition,64,0.4480231023931879
1,2,16,Unspliced,PINT,Pint,nucLib,sibling_uncalibrated,64,0.11703301684819509
1,2,16,Unspliced,PINT,Pint,nucLib,sibling_calibrated,64,0.11703301684819509
1,2,16,Unspliced,PINT,circPINT,circLib,stack,31,0.4325771189263349
1,2,16,Unspliced,PINT,circPINT,circLib,target_kmer,31,0.472679901994432
1,2,16,Unspliced,PINT,circPINT,circLib,composition,31,0.714600420510366
1,2,16,Unspliced,PINT,circPINT,circLib,sibling_uncalibrated,31,0.4325771189263349
1,2,16,Unspliced,PINT,circPINT,circLib,sibling_calibrated,31,0.4325771189263349
1,2,16,Unspliced,PROSER3,circPROSER3,circLib,stack,12,0.3253424981503029
1,2,16,Unspliced,PROSER3,circPROSER3,circLib,target_kmer,12,0.7126450509740151
1,2,16,Unspliced,PROSER3,circPROSER3,circLib,composition,12,0.27880133731083534
1,2,16,Unspliced,PROSER3,circPROSER3,circLib,sibling_uncalibrated,12,0.3253424981503029
1,2,16,Unspliced,PROSER3,circPROSER3,circLib,sibling_calibrated,12,0.3253424981503029
1,2,16,Unspliced,R3HDM1,circR3HDM1,circLib,stack,16,0.4157480763955279
1,2,16,Unspliced,R3HDM1,circR3HDM1,circLib,target_kmer,16,0.49615450542740425
1,2,16,Unspliced,R3HDM1,circR3HDM1,circLib,composition,16,0.5150575955292931
1,2,16,Unspliced,R3HDM1,circR3HDM1,circLib,sibling_uncalibrated,16,0.4157480763955279
1,2,16,Unspliced,R3HDM1,circR3HDM1,circLib,sibling_calibrated,16,0.4157480763955279
1,2,16,Circular,BIRC6,circBIRC6,circLib,stack,53,0.6749771527074935
1,2,16,Circular,BIRC6,circBIRC6,circLib,target_kmer,53,0.412933549186411
1,2,16,Circular,BIRC6,circBIRC6,circLib,composition,53,0.5212961554290072
1,2,16,Circular,BIRC6,circBIRC6,circLib,sibling_uncalibrated,53,0.4832104421198373
1,2,16,Circular,BIRC6,circBIRC6,circLib,sibling_calibrated,53,0.5167895578801627
1,2,16,Circular,BWRD1,circBWRD1,circLib,stack,11,0.3673273127557515
1,2,16,Circular,BWRD1,circBWRD1,circLib,target_kmer,11,0.49923471671199615
1,2,16,Circular,BWRD1,circBWRD1,circLib,composition,11,0.6275690789598072
1,2,16,Circular,BWRD1,circBWRD1,circLib,sibling_uncalibrated,11,0.30734511877847437
1,2,16,Circular,BWRD1,circBWRD1,circLib,sibling_calibrated,11,0.6926548812215256
1,2,16,Circular,EVF2,Evf2,nucLib,stack,52,0.9694328400012979
1,2,16,Circular,EVF2,Evf2,nucLib,target_kmer,52,0.6447660753507654
1,2,16,Circular,EVF2,Evf2,nucLib,composition,52,0.6061440367645368
1,2,16,Circular,EVF2,Evf2,nucLib,sibling_uncalibrated,52,0.0747776249760346
1,2,16,Circular,EVF2,Evf2,nucLib,sibling_calibrated,52,0.9252223750239653
1,2,16,Circular,FENDRR,Fendrr,nucLib,stack,88,0.7318326317161861
1,2,16,Circular,FENDRR,Fendrr,nucLib,target_kmer,88,0.5216037899982127
1,2,16,Circular,FENDRR,Fendrr,nucLib,composition,88,0.6142379723882593
1,2,16,Circular,FENDRR,Fendrr,nucLib,sibling_uncalibrated,88,0.300191713278342
1,2,16,Circular,FENDRR,Fendrr,nucLib,sibling_calibrated,88,0.699808286721658
1,2,16,Circular,GCGR,Gcgr,nucLib,stack,30,0.6967797231415165
1,2,16,Circular,GCGR,Gcgr,nucLib,target_kmer,30,0.45553264131396565
1,2,16,Circular,GCGR,Gcgr,nucLib,composition,30,0.2543803549947635
1,2,16,Circular,GCGR,Gcgr,nucLib,sibling_uncalibrated,30,0.30541267440807324
1,2,16,Circular,GCGR,Gcgr,nucLib,sibling_calibrated,30,0.6945873255919268
1,2,16,Circular,GCGR,Gcgr-v2,nucLib,stack,22,0.8676928831154456
1,2,16,Circular,GCGR,Gcgr-v2,nucLib,target_kmer,22,0.38546709624107134
1,2,16,Circular,GCGR,Gcgr-v2,nucLib,composition,22,0.3613464601487048
1,2,16,Circular,GCGR,Gcgr-v2,nucLib,sibling_uncalibrated,22,0.13230711688455435
1,2,16,Circular,GCGR,Gcgr-v2,nucLib,sibling_calibrated,22,0.8676928831154456
1,2,16,Circular,HIPK3,circHIPK3,circLib,stack,50,0.6715703925467201
1,2,16,Circular,HIPK3,circHIPK3,circLib,target_kmer,50,0.4123618332771781
1,2,16,Circular,HIPK3,circHIPK3,circLib,composition,50,0.5388435960064585
1,2,16,Circular,HIPK3,circHIPK3,circLib,sibling_uncalibrated,50,0.34124619543103807
1,2,16,Circular,HIPK3,circHIPK3,circLib,sibling_calibrated,50,0.6587538045689619
1,2,16,Circular,HOXA11-AS,Hoxa11-AS,nucLib,stack,48,0.277116065836804
1,2,16,Circular,HOXA11-AS,Hoxa11-AS,nucLib,target_kmer,48,0.5723337015519159
1,2,16,Circular,HOXA11-AS,Hoxa11-AS,nucLib,composition,48,0.3161575632477884
1,2,16,Circular,HOXA11-AS,Hoxa11-AS,nucLib,sibling_uncalibrated,48,0.22675356301350355
1,2,16,Circular,HOXA11-AS,Hoxa11-AS,nucLib,sibling_calibrated,48,0.7732464369864964
1,2,16,Circular,HUWE1,circHUWE1,circLib,stack,16,0.5427695563238932
1,2,16,Circular,HUWE1,circHUWE1,circLib,target_kmer,16,0.47550795125691914
1,2,16,Circular,HUWE1,circHUWE1,circLib,composition,16,0.5008588057193977
1,2,16,Circular,HUWE1,circHUWE1,circLib,sibling_uncalibrated,16,0.45723044367610677
1,2,16,Circular,HUWE1,circHUWE1,circLib,sibling_calibrated,16,0.5427695563238932
1,2,16,Circular,OGT,OGT,nucLib,stack,51,0.5493447360020223
1,2,16,Circular,OGT,OGT,nucLib,target_kmer,51,0.4045572032078716
1,2,16,Circular,OGT,OGT,nucLib,composition,51,0.7086983877998467
1,2,16,Circular,OGT,OGT,nucLib,sibling_uncalibrated,51,0.4506552639979776
1,2,16,Circular,OGT,OGT,nucLib,sibling_calibrated,51,0.5493447360020223
1,2,16,Circular,PINT,Pint,nucLib,stack,86,0.6215754401671041
1,2,16,Circular,PINT,Pint,nucLib,target_kmer,86,0.5016583860099997
1,2,16,Circular,PINT,Pint,nucLib,composition,86,0.7171962359800497
1,2,16,Circular,PINT,Pint,nucLib,sibling_uncalibrated,86,0.40436132659921353
1,2,16,Circular,PINT,Pint,nucLib,sibling_calibrated,86,0.5956386734007864
1,2,16,Circular,PINT,circPINT,circLib,stack,30,0.2817362111890809
1,2,16,Circular,PINT,circPINT,circLib,target_kmer,30,0.5089158569978158
1,2,16,Circular,PINT,circPINT,circLib,composition,30,0.49817056061996856
1,2,16,Circular,PINT,circPINT,circLib,sibling_uncalibrated,30,0.5758619310554136
1,2,16,Circular,PINT,circPINT,circLib,sibling_calibrated,30,0.4241380689445862
1,2,16,Circular,PROSER3,circPROSER3,circLib,stack,12,0.5610245270022572
1,2,16,Circular,PROSER3,circPROSER3,circLib,target_kmer,12,0.2055507423521394
1,2,16,Circular,PROSER3,circPROSER3,circLib,composition,12,0.6138523137088081
1,2,16,Circular,PROSER3,circPROSER3,circLib,sibling_uncalibrated,12,0.43897547299774287
1,2,16,Circular,PROSER3,circPROSER3,circLib,sibling_calibrated,12,0.5610245270022572
1,2,16,Circular,R3HDM1,circR3HDM1,circLib,stack,16,0.4984254924515441
1,2,16,Circular,R3HDM1,circR3HDM1,circLib,target_kmer,16,0.7749545897812649
1,2,16,Circular,R3HDM1,circR3HDM1,circLib,composition,16,0.7802410593068954
1,2,16,Circular,R3HDM1,circR3HDM1,circLib,sibling_uncalibrated,16,1.0
1,2,16,Circular,R3HDM1,circR3HDM1,circLib,sibling_calibrated,16,0.0
1,2,16,SCRCircular,BIRC6,circBIRC6,circLib,stack,57,0.427773795935096
1,2,16,SCRCircular,BIRC6,circBIRC6,circLib,target_kmer,57,0.5413368493301935
1,2,16,SCRCircular,BIRC6,circBIRC6,circLib,composition,57,0.5822688161414683
1,2,16,SCRCircular,BIRC6,circBIRC6,circLib,sibling_uncalibrated,57,0.35985783131249716
1,2,16,SCRCircular,BIRC6,circBIRC6,circLib,sibling_calibrated,57,0.35985783131249716
1,2,16,SCRCircular,BWRD1,circBWRD1,circLib,stack,11,0.20732721191716197
1,2,16,SCRCircular,BWRD1,circBWRD1,circLib,target_kmer,11,0.037603351363469886
1,2,16,SCRCircular,BWRD1,circBWRD1,circLib,composition,11,0.6832352167258158
1,2,16,SCRCircular,BWRD1,circBWRD1,circLib,sibling_uncalibrated,11,0.20732721191716197
1,2,16,SCRCircular,BWRD1,circBWRD1,circLib,sibling_calibrated,11,0.20732721191716197
1,2,16,SCRCircular,EVF2,Evf2,nucLib,stack,67,0.2461925147482967
1,2,16,SCRCircular,EVF2,Evf2,nucLib,target_kmer,67,0.5952633995594963
1,2,16,SCRCircular,EVF2,Evf2,nucLib,composition,67,0.6466537985632685
1,2,16,SCRCircular,EVF2,Evf2,nucLib,sibling_uncalibrated,67,0.7128695818700961
1,2,16,SCRCircular,EVF2,Evf2,nucLib,sibling_calibrated,67,0.7128695818700961
1,2,16,SCRCircular,FENDRR,Fendrr,nucLib,stack,98,0.2821600246360335
1,2,16,SCRCircular,FENDRR,Fendrr,nucLib,target_kmer,98,0.44363777589480813
1,2,16,SCRCircular,FENDRR,Fendrr,nucLib,composition,98,0.41877759972815676
1,2,16,SCRCircular,FENDRR,Fendrr,nucLib,sibling_uncalibrated,98,0.2822872009271216
1,2,16,SCRCircular,FENDRR,Fendrr,nucLib,sibling_calibrated,98,0.2822872009271216
1,2,16,SCRCircular,GCGR,Gcgr,nucLib,stack,30,0.3002207241503601
1,2,16,SCRCircular,GCGR,Gcgr,nucLib,target_kmer,30,0.6701613082611614
1,2,16,SCRCircular,GCGR,Gcgr,nucLib,composition,30,0.6539883209111408
1,2,16,SCRCircular,GCGR,Gcgr,nucLib,sibling_uncalibrated,30,0.3002207241503601
1,2,16,SCRCircular,GCGR,Gcgr,nucLib,sibling_calibrated,30,0.3002207241503601
1,2,16,SCRCircular,GCGR,Gcgr-v2,nucLib,stack,22,0.25702652134353254
1,2,16,SCRCircular,GCGR,Gcgr-v2,nucLib,target_kmer,22,0.32253711713275857
1,2,16,SCRCircular,GCGR,Gcgr-v2,nucLib,composition,22,0.22144515717584126
1,2,16,SCRCircular,GCGR,Gcgr-v2,nucLib,sibling_uncalibrated,22,0.25702652134353254
1,2,16,SCRCircular,GCGR,Gcgr-v2,nucLib,sibling_calibrated,22,0.25702652134353254
1,2,16,SCRCircular,HIPK3,circHIPK3,circLib,stack,55,0.16338610984643465
1,2,16,SCRCircular,HIPK3,circHIPK3,circLib,target_kmer,55,0.6244298179158325
1,2,16,SCRCircular,HIPK3,circHIPK3,circLib,composition,55,0.408346809038843
1,2,16,SCRCircular,HIPK3,circHIPK3,circLib,sibling_uncalibrated,55,0.16338610984643465
1,2,16,SCRCircular,HIPK3,circHIPK3,circLib,sibling_calibrated,55,0.16338610984643465
1,2,16,SCRCircular,HOXA11-AS,Hoxa11-AS,nucLib,stack,52,0.49020905062491366
1,2,16,SCRCircular,HOXA11-AS,Hoxa11-AS,nucLib,target_kmer,52,0.48592394700535935
1,2,16,SCRCircular,HOXA11-AS,Hoxa11-AS,nucLib,composition,52,0.22039708430770508
1,2,16,SCRCircular,HOXA11-AS,Hoxa11-AS,nucLib,sibling_uncalibrated,52,0.5569679854480434
1,2,16,SCRCircular,HOXA11-AS,Hoxa11-AS,nucLib,sibling_calibrated,52,0.5569679854480434
1,2,16,SCRCircular,HUWE1,circHUWE1,circLib,stack,16,0.2682579701199892
1,2,16,SCRCircular,HUWE1,circHUWE1,circLib,target_kmer,16,0.5102825549929643
1,2,16,SCRCircular,HUWE1,circHUWE1,circLib,composition,16,0.3742053266684363
1,2,16,SCRCircular,HUWE1,circHUWE1,circLib,sibling_uncalibrated,16,0.2682579701199892
1,2,16,SCRCircular,HUWE1,circHUWE1,circLib,sibling_calibrated,16,0.2682579701199892
1,2,16,SCRCircular,OGT,OGT,nucLib,stack,57,0.32813744414972984
1,2,16,SCRCircular,OGT,OGT,nucLib,target_kmer,57,0.4084421186611997
1,2,16,SCRCircular,OGT,OGT,nucLib,composition,57,0.5742433825985539
1,2,16,SCRCircular,OGT,OGT,nucLib,sibling_uncalibrated,57,0.32813744414972984
1,2,16,SCRCircular,OGT,OGT,nucLib,sibling_calibrated,57,0.32813744414972984
1,2,16,SCRCircular,PINT,Pint,nucLib,stack,105,0.39537696849227705
1,2,16,SCRCircular,PINT,Pint,nucLib,target_kmer,105,0.4575308217457156
1,2,16,SCRCircular,PINT,Pint,nucLib,composition,105,0.674565167685612
1,2,16,SCRCircular,PINT,Pint,nucLib,sibling_uncalibrated,105,0.40195596629106395
1,2,16,SCRCircular,PINT,Pint,nucLib,sibling_calibrated,105,0.40195596629106395
1,2,16,SCRCircular,PINT,circPINT,circLib,stack,31,0.4361350047503955
1,2,16,SCRCircular,PINT,circPINT,circLib,target_kmer,31,0.20563228714186954
1,2,16,SCRCircular,PINT,circPINT,circLib,composition,31,0.4043976433523486
1,2,16,SCRCircular,PINT,circPINT,circLib,sibling_uncalibrated,31,0.336766654298565
1,2,16,SCRCircular,PINT,circPINT,circLib,sibling_calibrated,31,0.336766654298565
1,2,16,SCRCircular,PROSER3,circPROSER3,circLib,stack,12,0.10045750492796734
1,2,16,SCRCircular,PROSER3,circPROSER3,circLib,target_kmer,12,0.147456387680086
1,2,16,SCRCircular,PROSER3,circPROSER3,circLib,composition,12,0.238890979311346
1,2,16,SCRCircular,PROSER3,circPROSER3,circLib,sibling_uncalibrated,12,0.10045750492796734
1,2,16,SCRCircular,PROSER3,circPROSER3,circLib,sibling_calibrated,12,0.10045750492796734
1,2,16,SCRCircular,R3HDM1,circR3HDM1,circLib,stack,16,0.18303766539301908
1,2,16,SCRCircular,R3HDM1,circR3HDM1,circLib,target_kmer,16,0.4185427272488138
1,2,16,SCRCircular,R3HDM1,circR3HDM1,circLib,composition,16,0.7079858830295298
1,2,16,SCRCircular,R3HDM1,circR3HDM1,circLib,sibling_uncalibrated,16,0.318857710187742
1,2,16,SCRCircular,R3HDM1,circR3HDM1,circLib,sibling_calibrated,16,0.318857710187742
1,2,64,Spliced,BIRC6,circBIRC6,circLib,stack,58,0.5425397851008724
1,2,64,Spliced,BIRC6,circBIRC6,circLib,target_kmer,58,0.5895676083042378
1,2,64,Spliced,BIRC6,circBIRC6,circLib,composition,58,0.5163784320180539
1,2,64,Spliced,BIRC6,circBIRC6,circLib,sibling_uncalibrated,58,0.5052570606707806
1,2,64,Spliced,BIRC6,circBIRC6,circLib,sibling_calibrated,58,0.5052570606707806
1,2,64,Spliced,BWRD1,circBWRD1,circLib,stack,11,0.28758841594374174
1,2,64,Spliced,BWRD1,circBWRD1,circLib,target_kmer,11,0.2191762001605752
1,2,64,Spliced,BWRD1,circBWRD1,circLib,composition,11,0.11675921989655556
1,2,64,Spliced,BWRD1,circBWRD1,circLib,sibling_uncalibrated,11,0.28758841594374174
1,2,64,Spliced,BWRD1,circBWRD1,circLib,sibling_calibrated,11,0.28758841594374174
1,2,64,Spliced,EVF2,Evf2,nucLib,stack,58,0.375484544180141
1,2,64,Spliced,EVF2,Evf2,nucLib,target_kmer,58,0.3361140286169358
1,2,64,Spliced,EVF2,Evf2,nucLib,composition,58,0.3361140286169358
1,2,64,Spliced,EVF2,Evf2,nucLib,sibling_uncalibrated,58,0.38605638575569223
1,2,64,Spliced,EVF2,Evf2,nucLib,sibling_calibrated,58,0.38605638575569223
1,2,64,Spliced,FENDRR,Fendrr,nucLib,stack,95,0.5146317327257006
1,2,64,Spliced,FENDRR,Fendrr,nucLib,target_kmer,95,0.2500806259605314
1,2,64,Spliced,FENDRR,Fendrr,nucLib,composition,95,0.417846190743285
1,2,64,Spliced,FENDRR,Fendrr,nucLib,sibling_uncalibrated,95,0.6183517381310326
1,2,64,Spliced,FENDRR,Fendrr,nucLib,sibling_calibrated,95,0.6183517381310326
1,2,64,Spliced,GCGR,Gcgr,nucLib,stack,30,0.5441272547616121
1,2,64,Spliced,GCGR,Gcgr,nucLib,target_kmer,30,0.46697155218694253
1,2,64,Spliced,GCGR,Gcgr,nucLib,composition,30,0.27201844550846654
1,2,64,Spliced,GCGR,Gcgr,nucLib,sibling_uncalibrated,30,0.4402248310263887
1,2,64,Spliced,GCGR,Gcgr,nucLib,sibling_calibrated,30,0.4402248310263887
1,2,64,Spliced,GCGR,Gcgr-v2,nucLib,stack,22,0.5291222222019225
1,2,64,Spliced,GCGR,Gcgr-v2,nucLib,target_kmer,22,0.3789751520322957
1,2,64,Spliced,GCGR,Gcgr-v2,nucLib,composition,22,0.4814095614644261
1,2,64,Spliced,GCGR,Gcgr-v2,nucLib,sibling_uncalibrated,22,0.5291222222019225
1,2,64,Spliced,GCGR,Gcgr-v2,nucLib,sibling_calibrated,22,0.5291222222019225
1,2,64,Spliced,HIPK3,circHIPK3,circLib,stack,55,0.10976496993391656
1,2,64,Spliced,HIPK3,circHIPK3,circLib,target_kmer,55,0.6506691480547839
1,2,64,Spliced,HIPK3,circHIPK3,circLib,composition,55,0.2363953804615234
1,2,64,Spliced,HIPK3,circHIPK3,circLib,sibling_uncalibrated,55,0.5032813077344214
1,2,64,Spliced,HIPK3,circHIPK3,circLib,sibling_calibrated,55,0.5032813077344214
1,2,64,Spliced,HOXA11-AS,Hoxa11-AS,nucLib,stack,52,0.32118217982745273
1,2,64,Spliced,HOXA11-AS,Hoxa11-AS,nucLib,target_kmer,52,0.4711090904880573
1,2,64,Spliced,HOXA11-AS,Hoxa11-AS,nucLib,composition,52,0.425810839174087
1,2,64,Spliced,HOXA11-AS,Hoxa11-AS,nucLib,sibling_uncalibrated,52,0.32118217982745273
1,2,64,Spliced,HOXA11-AS,Hoxa11-AS,nucLib,sibling_calibrated,52,0.32118217982745273
1,2,64,Spliced,HUWE1,circHUWE1,circLib,stack,16,0.2619406430541289
1,2,64,Spliced,HUWE1,circHUWE1,circLib,target_kmer,16,0.0641296682437622
1,2,64,Spliced,HUWE1,circHUWE1,circLib,composition,16,0.4677668676928937
1,2,64,Spliced,HUWE1,circHUWE1,circLib,sibling_uncalibrated,16,0.8797547418932659
1,2,64,Spliced,HUWE1,circHUWE1,circLib,sibling_calibrated,16,0.8797547418932659
1,2,64,Spliced,OGT,OGT,nucLib,stack,53,0.24526271361473562
1,2,64,Spliced,OGT,OGT,nucLib,target_kmer,53,0.5712641875176033
1,2,64,Spliced,OGT,OGT,nucLib,composition,53,0.29241878703371654
1,2,64,Spliced,OGT,OGT,nucLib,sibling_uncalibrated,53,0.5589812822206726
1,2,64,Spliced,OGT,OGT,nucLib,sibling_calibrated,53,0.5589812822206726
1,2,64,Spliced,PINT,Pint,nucLib,stack,92,0.3213352560897216
1,2,64,Spliced,PINT,Pint,nucLib,target_kmer,92,0.5077656998864303
1,2,64,Spliced,PINT,Pint,nucLib,composition,92,0.3429031332544014
1,2,64,Spliced,PINT,Pint,nucLib,sibling_uncalibrated,92,0.49452415315184783
1,2,64,Spliced,PINT,Pint,nucLib,sibling_calibrated,92,0.49452415315184783
1,2,64,Spliced,PINT,circPINT,circLib,stack,31,0.3197685072450268
1,2,64,Spliced,PINT,circPINT,circLib,target_kmer,31,0.2850075706025025
1,2,64,Spliced,PINT,circPINT,circLib,composition,31,0.7625067573769952
1,2,64,Spliced,PINT,circPINT,circLib,sibling_uncalibrated,31,0.5810578108430864
1,2,64,Spliced,PINT,circPINT,circLib,sibling_calibrated,31,0.5810578108430864
1,2,64,Spliced,PROSER3,circPROSER3,circLib,stack,12,0.2689946768843971
1,2,64,Spliced,PROSER3,circPROSER3,circLib,target_kmer,12,0.40523832402838245
1,2,64,Spliced,PROSER3,circPROSER3,circLib,composition,12,0.4019168477376851
1,2,64,Spliced,PROSER3,circPROSER3,circLib,sibling_uncalibrated,12,0.2689946768843971
1,2,64,Spliced,PROSER3,circPROSER3,circLib,sibling_calibrated,12,0.2689946768843971
1,2,64,Spliced,R3HDM1,circR3HDM1,circLib,stack,16,0.45287926874948314
1,2,64,Spliced,R3HDM1,circR3HDM1,circLib,target_kmer,16,0.5654471717024522
1,2,64,Spliced,R3HDM1,circR3HDM1,circLib,composition,16,0.8271318950628588
1,2,64,Spliced,R3HDM1,circR3HDM1,circLib,sibling_uncalibrated,16,0.43241969785950785
1,2,64,Spliced,R3HDM1,circR3HDM1,circLib,sibling_calibrated,16,0.43241969785950785
1,2,64,Unspliced,BIRC6,circBIRC6,circLib,stack,57,0.4139391013713134
1,2,64,Unspliced,BIRC6,circBIRC6,circLib,target_kmer,57,0.3644127795708275
1,2,64,Unspliced,BIRC6,circBIRC6,circLib,composition,57,0.6047649223464586
1,2,64,Unspliced,BIRC6,circBIRC6,circLib,sibling_uncalibrated,57,0.4069877274061629
1,2,64,Unspliced,BIRC6,circBIRC6,circLib,sibling_calibrated,57,0.4069877274061629
1,2,64,Unspliced,BWRD1,circBWRD1,circLib,stack,11,0.3518914989680981
1,2,64,Unspliced,BWRD1,circBWRD1,circLib,target_kmer,11,0.4867362613452715
1,2,64,Unspliced,BWRD1,circBWRD1,circLib,composition,11,0.17574804506435257
1,2,64,Unspliced,BWRD1,circBWRD1,circLib,sibling_uncalibrated,11,0.3518914989680981
1,2,64,Unspliced,BWRD1,circBWRD1,circLib,sibling_calibrated,11,0.3518914989680981
1,2,64,Unspliced,EVF2,Evf2,nucLib,stack,38,0.13388301273545075
1,2,64,Unspliced,EVF2,Evf2,nucLib,target_kmer,38,0.43698819067909456
1,2,64,Unspliced,EVF2,Evf2,nucLib,composition,38,0.43698819067909456
1,2,64,Unspliced,EVF2,Evf2,nucLib,sibling_uncalibrated,38,0.13388301273545075
1,2,64,Unspliced,EVF2,Evf2,nucLib,sibling_calibrated,38,0.13388301273545075
1,2,64,Unspliced,FENDRR,Fendrr,nucLib,stack,82,0.5974376797374529
1,2,64,Unspliced,FENDRR,Fendrr,nucLib,target_kmer,82,0.4942542493340186
1,2,64,Unspliced,FENDRR,Fendrr,nucLib,composition,82,0.24285178052395925
1,2,64,Unspliced,FENDRR,Fendrr,nucLib,sibling_uncalibrated,82,0.5974376797374529
1,2,64,Unspliced,FENDRR,Fendrr,nucLib,sibling_calibrated,82,0.5974376797374529
1,2,64,Unspliced,GCGR,Gcgr,nucLib,stack,30,0.703848856422582
1,2,64,Unspliced,GCGR,Gcgr,nucLib,target_kmer,30,0.3512434027410115
1,2,64,Unspliced,GCGR,Gcgr,nucLib,composition,30,0.6914281660510753
1,2,64,Unspliced,GCGR,Gcgr,nucLib,sibling_uncalibrated,30,0.703848856422582
1,2,64,Unspliced,GCGR,Gcgr,nucLib,sibling_calibrated,30,0.703848856422582
1,2,64,Unspliced,GCGR,Gcgr-v2,nucLib,stack,22,0.619969365022305
1,2,64,Unspliced,GCGR,Gcgr-v2,nucLib,target_kmer,22,0.6727254571974026
1,2,64,Unspliced,GCGR,Gcgr-v2,nucLib,composition,22,0.030337900795379475
1,2,64,Unspliced,GCGR,Gcgr-v2,nucLib,sibling_uncalibrated,22,0.030337900795379475
1,2,64,Unspliced,GCGR,Gcgr-v2,nucLib,sibling_calibrated,22,0.030337900795379475
1,2,64,Unspliced,HIPK3,circHIPK3,circLib,stack,55,0.4584000308238593
1,2,64,Unspliced,HIPK3,circHIPK3,circLib,target_kmer,55,0.7034502214141058
1,2,64,Unspliced,HIPK3,circHIPK3,circLib,composition,55,0.3916278467462154
1,2,64,Unspliced,HIPK3,circHIPK3,circLib,sibling_uncalibrated,55,0.4584000308238593
1,2,64,Unspliced,HIPK3,circHIPK3,circLib,sibling_calibrated,55,0.4584000308238593
1,2,64,Unspliced,HOXA11-AS,Hoxa11-AS,nucLib,stack,47,0.5420918743911555
1,2,64,Unspliced,HOXA11-AS,Hoxa11-AS,nucLib,target_kmer,47,0.5569588310317243
1,2,64,Unspliced,HOXA11-AS,Hoxa11-AS,nucLib,composition,47,0.4673072625140179
1,2,64,Unspliced,HOXA11-AS,Hoxa11-AS,nucLib,sibling_uncalibrated,47,0.43240001640334635
1,2,64,Unspliced,HOXA11-AS,Hoxa11-AS,nucLib,sibling_calibrated,47,0.43240001640334635
1,2,64,Unspliced,HUWE1,circHUWE1,circLib,stack,16,0.5020024419882223
1,2,64,Unspliced,HUWE1,circHUWE1,circLib,target_kmer,16,0.26411291384256885
1,2,64,Unspliced,HUWE1,circHUWE1,circLib,composition,16,0.4685115060980378
1,2,64,Unspliced,HUWE1,circHUWE1,circLib,sibling_uncalibrated,16,0.4685115060980378
1,2,64,Unspliced,HUWE1,circHUWE1,circLib,sibling_calibrated,16,0.4685115060980378
1,2,64,Unspliced,OGT,OGT,nucLib,stack,41,0.4459579858435503
1,2,64,Unspliced,OGT,OGT,nucLib,target_kmer,41,0.45802426015329756
1,2,64,Unspliced,OGT,OGT,nucLib,composition,41,0.47404199297311356
1,2,64,Unspliced,OGT,OGT,nucLib,sibling_uncalibrated,41,0.41776801219063603
1,2,64,Unspliced,OGT,OGT,nucLib,sibling_calibrated,41,0.41776801219063603
1,2,64,Unspliced,PINT,Pint,nucLib,stack,64,0.42965247610015844
1,2,64,Unspliced,PINT,Pint,nucLib,target_kmer,64,0.23580044945374384
1,2,64,Unspliced,PINT,Pint,nucLib,composition,64,0.11703301684819509
1,2,64,Unspliced,PINT,Pint,nucLib,sibling_uncalibrated,64,0.11703301684819509
1,2,64,Unspliced,PINT,Pint,nucLib,sibling_calibrated,64,0.11703301684819509
1,2,64,Unspliced,PINT,circPINT,circLib,stack,31,0.4325771189263349
1,2,64,Unspliced,PINT,circPINT,circLib,target_kmer,31,0.714600420510366
1,2,64,Unspliced,PINT,circPINT,circLib,composition,31,0.7260133687729842
1,2,64,Unspliced,PINT,circPINT,circLib,sibling_uncalibrated,31,0.4325771189263349
1,2,64,Unspliced,PINT,circPINT,circLib,sibling_calibrated,31,0.4325771189263349
1,2,64,Unspliced,PROSER3,circPROSER3,circLib,stack,12,0.3253424981503029
1,2,64,Unspliced,PROSER3,circPROSER3,circLib,target_kmer,12,0.5089822624395937
1,2,64,Unspliced,PROSER3,circPROSER3,circLib,composition,12,0.5499650033919151
1,2,64,Unspliced,PROSER3,circPROSER3,circLib,sibling_uncalibrated,12,0.3253424981503029
1,2,64,Unspliced,PROSER3,circPROSER3,circLib,sibling_calibrated,12,0.3253424981503029
1,2,64,Unspliced,R3HDM1,circR3HDM1,circLib,stack,16,0.4157480763955279
1,2,64,Unspliced,R3HDM1,circR3HDM1,circLib,target_kmer,16,0.037022555294826204
1,2,64,Unspliced,R3HDM1,circR3HDM1,circLib,composition,16,0.7162106493472347
1,2,64,Unspliced,R3HDM1,circR3HDM1,circLib,sibling_uncalibrated,16,0.4157480763955279
1,2,64,Unspliced,R3HDM1,circR3HDM1,circLib,sibling_calibrated,16,0.4157480763955279
1,2,64,Circular,BIRC6,circBIRC6,circLib,stack,53,0.4832104421198373
1,2,64,Circular,BIRC6,circBIRC6,circLib,target_kmer,53,0.5319990717368767
1,2,64,Circular,BIRC6,circBIRC6,circLib,composition,53,0.6115292458063637
1,2,64,Circular,BIRC6,circBIRC6,circLib,sibling_uncalibrated,53,0.4832104421198373
1,2,64,Circular,BIRC6,circBIRC6,circLib,sibling_calibrated,53,0.4832104421198373
1,2,64,Circular,BWRD1,circBWRD1,circLib,stack,11,0.30734511877847437
1,2,64,Circular,BWRD1,circBWRD1,circLib,target_kmer,11,0.6275690789598072
1,2,64,Circular,BWRD1,circBWRD1,circLib,composition,11,0.6275690789598072
1,2,64,Circular,BWRD1,circBWRD1,circLib,sibling_uncalibrated,11,0.30734511877847437
1,2,64,Circular,BWRD1,circBWRD1,circLib,sibling_calibrated,11,0.30734511877847437
1,2,64,Circular,EVF2,Evf2,nucLib,stack,52,0.0747776249760346
1,2,64,Circular,EVF2,Evf2,nucLib,target_kmer,52,0.3103285626119062
1,2,64,Circular,EVF2,Evf2,nucLib,composition,52,0.5038930082348165
1,2,64,Circular,EVF2,Evf2,nucLib,sibling_uncalibrated,52,0.0747776249760346
1,2,64,Circular,EVF2,Evf2,nucLib,sibling_calibrated,52,0.0747776249760346
1,2,64,Circular,FENDRR,Fendrr,nucLib,stack,88,0.26816736828381404
1,2,64,Circular,FENDRR,Fendrr,nucLib,target_kmer,88,0.1279675865917671
1,2,64,Circular,FENDRR,Fendrr,nucLib,composition,88,0.39427461269256164
1,2,64,Circular,FENDRR,Fendrr,nucLib,sibling_uncalibrated,88,0.300191713278342
1,2,64,Circular,FENDRR,Fendrr,nucLib,sibling_calibrated,88,0.300191713278342
1,2,64,Circular,GCGR,Gcgr,nucLib,stack,30,0.2755201777436278
1,2,64,Circular,GCGR,Gcgr,nucLib,target_kmer,30,0.5209257926147404
1,2,64,Circular,GCGR,Gcgr,nucLib,composition,30,0.47088577752430577
1,2,64,Circular,GCGR,Gcgr,nucLib,sibling_uncalibrated,30,0.30541267440807324
1,2,64,Circular,GCGR,Gcgr,nucLib,sibling_calibrated,30,0.30541267440807324
1,2,64,Circular,GCGR,Gcgr-v2,nucLib,stack,22,0.13230711688455435
1,2,64,Circular,GCGR,Gcgr-v2,nucLib,target_kmer,22,0.40467990565126766
1,2,64,Circular,GCGR,Gcgr-v2,nucLib,composition,22,0.06547292377613884
1,2,64,Circular,GCGR,Gcgr-v2,nucLib,sibling_uncalibrated,22,0.13230711688455435
1,2,64,Circular,GCGR,Gcgr-v2,nucLib,sibling_calibrated,22,0.13230711688455435
1,2,64,Circular,HIPK3,circHIPK3,circLib,stack,50,0.20491509529531143
1,2,64,Circular,HIPK3,circHIPK3,circLib,target_kmer,50,0.4835203038866849
1,2,64,Circular,HIPK3,circHIPK3,circLib,composition,50,0.42095496041201075
1,2,64,Circular,HIPK3,circHIPK3,circLib,sibling_uncalibrated,50,0.34124619543103807
1,2,64,Circular,HIPK3,circHIPK3,circLib,sibling_calibrated,50,0.34124619543103807
1,2,64,Circular,HOXA11-AS,Hoxa11-AS,nucLib,stack,48,0.7228839341631961
1,2,64,Circular,HOXA11-AS,Hoxa11-AS,nucLib,target_kmer,48,0.6801056098750606
1,2,64,Circular,HOXA11-AS,Hoxa11-AS,nucLib,composition,48,0.44108176422253403
1,2,64,Circular,HOXA11-AS,Hoxa11-AS,nucLib,sibling_uncalibrated,48,0.22675356301350355
1,2,64,Circular,HOXA11-AS,Hoxa11-AS,nucLib,sibling_calibrated,48,0.22675356301350355
1,2,64,Circular,HUWE1,circHUWE1,circLib,stack,16,0.45723044367610677
1,2,64,Circular,HUWE1,circHUWE1,circLib,target_kmer,16,0.43021275226604316
1,2,64,Circular,HUWE1,circHUWE1,circLib,composition,16,0.30416364797916606
1,2,64,Circular,HUWE1,circHUWE1,circLib,sibling_uncalibrated,16,0.45723044367610677
1,2,64,Circular,HUWE1,circHUWE1,circLib,sibling_calibrated,16,0.45723044367610677
1,2,64,Circular,OGT,OGT,nucLib,stack,51,0.4506552639979776
1,2,64,Circular,OGT,OGT,nucLib,target_kmer,51,0.825737395621829
1,2,64,Circular,OGT,OGT,nucLib,composition,51,0.5077172175975965
1,2,64,Circular,OGT,OGT,nucLib,sibling_uncalibrated,51,0.4506552639979776
1,2,64,Circular,OGT,OGT,nucLib,sibling_calibrated,51,0.4506552639979776
1,2,64,Circular,PINT,Pint,nucLib,stack,86,0.40436132659921353
1,2,64,Circular,PINT,Pint,nucLib,target_kmer,86,0.5102742788431076
1,2,64,Circular,PINT,Pint,nucLib,composition,86,0.7429227355997228
1,2,64,Circular,PINT,Pint,nucLib,sibling_uncalibrated,86,0.40436132659921353
1,2,64,Circular,PINT,Pint,nucLib,sibling_calibrated,86,0.40436132659921353
1,2,64,Circular,PINT,circPINT,circLib,stack,30,0.8164495523924584
1,2,64,Circular,PINT,circPINT,circLib,target_kmer,30,0.6262059556795563
1,2,64,Circular,PINT,circPINT,circLib,composition,30,0.1265022627368994
1,2,64,Circular,PINT,circPINT,circLib,sibling_uncalibrated,30,0.5758619310554136
1,2,64,Circular,PINT,circPINT,circLib,sibling_calibrated,30,0.5758619310554136
1,2,64,Circular,PROSER3,circPROSER3,circLib,stack,12,0.43897547299774287
1,2,64,Circular,PROSER3,circPROSER3,circLib,target_kmer,12,0.2768610526155382
1,2,64,Circular,PROSER3,circPROSER3,circLib,composition,12,0.8844142701789616
1,2,64,Circular,PROSER3,circPROSER3,circLib,sibling_uncalibrated,12,0.43897547299774287
1,2,64,Circular,PROSER3,circPROSER3,circLib,sibling_calibrated,12,0.43897547299774287
1,2,64,Circular,R3HDM1,circR3HDM1,circLib,stack,16,0.6842899311068193
1,2,64,Circular,R3HDM1,circR3HDM1,circLib,target_kmer,16,0.5704445338347462
1,2,64,Circular,R3HDM1,circR3HDM1,circLib,composition,16,0.16410276005125723
1,2,64,Circular,R3HDM1,circR3HDM1,circLib,sibling_uncalibrated,16,1.0
1,2,64,Circular,R3HDM1,circR3HDM1,circLib,sibling_calibrated,16,1.0
1,2,64,SCRCircular,BIRC6,circBIRC6,circLib,stack,57,0.427773795935096
1,2,64,SCRCircular,BIRC6,circBIRC6,circLib,target_kmer,57,0.3355478783885021
1,2,64,SCRCircular,BIRC6,circBIRC6,circLib,composition,57,0.6013527330408328
1,2,64,SCRCircular,BIRC6,circBIRC6,circLib,sibling_uncalibrated,57,0.35985783131249716
1,2,64,SCRCircular,BIRC6,circBIRC6,circLib,sibling_calibrated,57,0.35985783131249716
1,2,64,SCRCircular,BWRD1,circBWRD1,circLib,stack,11,0.20732721191716197
1,2,64,SCRCircular,BWRD1,circBWRD1,circLib,target_kmer,11,0.1200481689278417
1,2,64,SCRCircular,BWRD1,circBWRD1,circLib,composition,11,0.650268199503466
1,2,64,SCRCircular,BWRD1,circBWRD1,circLib,sibling_uncalibrated,11,0.20732721191716197
1,2,64,SCRCircular,BWRD1,circBWRD1,circLib,sibling_calibrated,11,0.20732721191716197
1,2,64,SCRCircular,EVF2,Evf2,nucLib,stack,67,0.2461925147482967
1,2,64,SCRCircular,EVF2,Evf2,nucLib,target_kmer,67,0.2461925147482967
1,2,64,SCRCircular,EVF2,Evf2,nucLib,composition,67,0.4456973398497892
1,2,64,SCRCircular,EVF2,Evf2,nucLib,sibling_uncalibrated,67,0.7128695818700961
1,2,64,SCRCircular,EVF2,Evf2,nucLib,sibling_calibrated,67,0.7128695818700961
1,2,64,SCRCircular,FENDRR,Fendrr,nucLib,stack,98,0.2370842704858725
1,2,64,SCRCircular,FENDRR,Fendrr,nucLib,target_kmer,98,0.32803946163739567
1,2,64,SCRCircular,FENDRR,Fendrr,nucLib,composition,98,0.4353237717970789
1,2,64,SCRCircular,FENDRR,Fendrr,nucLib,sibling_uncalibrated,98,0.2822872009271216
1,2,64,SCRCircular,FENDRR,Fendrr,nucLib,sibling_calibrated,98,0.2822872009271216
1,2,64,SCRCircular,GCGR,Gcgr,nucLib,stack,30,0.3002207241503601
1,2,64,SCRCircular,GCGR,Gcgr,nucLib,target_kmer,30,0.2780012809232303
1,2,64,SCRCircular,GCGR,Gcgr,nucLib,composition,30,0.38107910908989384
1,2,64,SCRCircular,GCGR,Gcgr,nucLib,sibling_uncalibrated,30,0.3002207241503601
1,2,64,SCRCircular,GCGR,Gcgr,nucLib,sibling_calibrated,30,0.3002207241503601
1,2,64,SCRCircular,GCGR,Gcgr-v2,nucLib,stack,22,0.2073922628915448
1,2,64,SCRCircular,GCGR,Gcgr-v2,nucLib,target_kmer,22,0.3332059089192475
1,2,64,SCRCircular,GCGR,Gcgr-v2,nucLib,composition,22,0.25702652134353254
1,2,64,SCRCircular,GCGR,Gcgr-v2,nucLib,sibling_uncalibrated,22,0.25702652134353254
1,2,64,SCRCircular,GCGR,Gcgr-v2,nucLib,sibling_calibrated,22,0.25702652134353254
1,2,64,SCRCircular,HIPK3,circHIPK3,circLib,stack,55,0.23461998030009656
1,2,64,SCRCircular,HIPK3,circHIPK3,circLib,target_kmer,55,0.6761570137546258
1,2,64,SCRCircular,HIPK3,circHIPK3,circLib,composition,55,0.4312405504687721
1,2,64,SCRCircular,HIPK3,circHIPK3,circLib,sibling_uncalibrated,55,0.16338610984643465
1,2,64,SCRCircular,HIPK3,circHIPK3,circLib,sibling_calibrated,55,0.16338610984643465
1,2,64,SCRCircular,HOXA11-AS,Hoxa11-AS,nucLib,stack,52,0.336940709579352
1,2,64,SCRCircular,HOXA11-AS,Hoxa11-AS,nucLib,target_kmer,52,0.5381879336473168
1,2,64,SCRCircular,HOXA11-AS,Hoxa11-AS,nucLib,composition,52,0.24916989985891605
1,2,64,SCRCircular,HOXA11-AS,Hoxa11-AS,nucLib,sibling_uncalibrated,52,0.5569679854480434
1,2,64,SCRCircular,HOXA11-AS,Hoxa11-AS,nucLib,sibling_calibrated,52,0.5569679854480434
1,2,64,SCRCircular,HUWE1,circHUWE1,circLib,stack,16,0.0
1,2,64,SCRCircular,HUWE1,circHUWE1,circLib,target_kmer,16,0.6338140232919172
1,2,64,SCRCircular,HUWE1,circHUWE1,circLib,composition,16,0.4710988052295119
1,2,64,SCRCircular,HUWE1,circHUWE1,circLib,sibling_uncalibrated,16,0.2682579701199892
1,2,64,SCRCircular,HUWE1,circHUWE1,circLib,sibling_calibrated,16,0.2682579701199892
1,2,64,SCRCircular,OGT,OGT,nucLib,stack,57,0.44935459664648025
1,2,64,SCRCircular,OGT,OGT,nucLib,target_kmer,57,0.5688344733348617
1,2,64,SCRCircular,OGT,OGT,nucLib,composition,57,0.44109410059032494
1,2,64,SCRCircular,OGT,OGT,nucLib,sibling_uncalibrated,57,0.32813744414972984
1,2,64,SCRCircular,OGT,OGT,nucLib,sibling_calibrated,57,0.32813744414972984
1,2,64,SCRCircular,PINT,Pint,nucLib,stack,105,0.39537696849227705
1,2,64,SCRCircular,PINT,Pint,nucLib,target_kmer,105,0.6720343416813322
1,2,64,SCRCircular,PINT,Pint,nucLib,composition,105,0.5568432804231247
1,2,64,SCRCircular,PINT,Pint,nucLib,sibling_uncalibrated,105,0.40195596629106395
1,2,64,SCRCircular,PINT,Pint,nucLib,sibling_calibrated,105,0.40195596629106395
1,2,64,SCRCircular,PINT,circPINT,circLib,stack,31,0.4361350047503955
1,2,64,SCRCircular,PINT,circPINT,circLib,target_kmer,31,0.0923470302800984
1,2,64,SCRCircular,PINT,circPINT,circLib,composition,31,0.34836885684448743
1,2,64,SCRCircular,PINT,circPINT,circLib,sibling_uncalibrated,31,0.336766654298565
1,2,64,SCRCircular,PINT,circPINT,circLib,sibling_calibrated,31,0.336766654298565
1,2,64,SCRCircular,PROSER3,circPROSER3,circLib,stack,12,0.10045750492796734
1,2,64,SCRCircular,PROSER3,circPROSER3,circLib,target_kmer,12,0.1523724505796852
1,2,64,SCRCircular,PROSER3,circPROSER3,circLib,composition,12,0.13495463058502646
1,2,64,SCRCircular,PROSER3,circPROSER3,circLib,sibling_uncalibrated,12,0.10045750492796734
1,2,64,SCRCircular,PROSER3,circPROSER3,circLib,sibling_calibrated,12,0.10045750492796734
1,2,64,SCRCircular,R3HDM1,circR3HDM1,circLib,stack,16,0.18303766539301908
1,2,64,SCRCircular,R3HDM1,circR3HDM1,circLib,target_kmer,16,0.5582806217512362
1,2,64,SCRCircular,R3HDM1,circR3HDM1,circLib,composition,16,0.21554443224782233
1,2,64,SCRCircular,R3HDM1,circR3HDM1,circLib,sibling_uncalibrated,16,0.318857710187742
1,2,64,SCRCircular,R3HDM1,circR3HDM1,circLib,sibling_calibrated,16,0.318857710187742
1,2,256,Spliced,BIRC6,circBIRC6,circLib,stack,58,0.5425397851008724
1,2,256,Spliced,BIRC6,circBIRC6,circLib,target_kmer,58,0.5425397851008724
1,2,256,Spliced,BIRC6,circBIRC6,circLib,composition,58,0.5163784320180539
1,2,256,Spliced,BIRC6,circBIRC6,circLib,sibling_uncalibrated,58,0.5052570606707806
1,2,256,Spliced,BIRC6,circBIRC6,circLib,sibling_calibrated,58,0.5052570606707806
1,2,256,Spliced,BWRD1,circBWRD1,circLib,stack,11,0.28758841594374174
1,2,256,Spliced,BWRD1,circBWRD1,circLib,target_kmer,11,0.6672263366867704
1,2,256,Spliced,BWRD1,circBWRD1,circLib,composition,11,0.11675921989655556
1,2,256,Spliced,BWRD1,circBWRD1,circLib,sibling_uncalibrated,11,0.28758841594374174
1,2,256,Spliced,BWRD1,circBWRD1,circLib,sibling_calibrated,11,0.28758841594374174
1,2,256,Spliced,EVF2,Evf2,nucLib,stack,58,0.38471614500785767
1,2,256,Spliced,EVF2,Evf2,nucLib,target_kmer,58,0.4954015857163341
1,2,256,Spliced,EVF2,Evf2,nucLib,composition,58,0.3361140286169358
1,2,256,Spliced,EVF2,Evf2,nucLib,sibling_uncalibrated,58,0.38605638575569223
1,2,256,Spliced,EVF2,Evf2,nucLib,sibling_calibrated,58,0.38605638575569223
1,2,256,Spliced,FENDRR,Fendrr,nucLib,stack,95,0.3929180236518442
1,2,256,Spliced,FENDRR,Fendrr,nucLib,target_kmer,95,0.47716431706088813
1,2,256,Spliced,FENDRR,Fendrr,nucLib,composition,95,0.417846190743285
1,2,256,Spliced,FENDRR,Fendrr,nucLib,sibling_uncalibrated,95,0.6183517381310326
1,2,256,Spliced,FENDRR,Fendrr,nucLib,sibling_calibrated,95,0.6183517381310326
1,2,256,Spliced,GCGR,Gcgr,nucLib,stack,30,0.5955961521631186
1,2,256,Spliced,GCGR,Gcgr,nucLib,target_kmer,30,0.701553696230748
1,2,256,Spliced,GCGR,Gcgr,nucLib,composition,30,0.27201844550846654
1,2,256,Spliced,GCGR,Gcgr,nucLib,sibling_uncalibrated,30,0.4402248310263887
1,2,256,Spliced,GCGR,Gcgr,nucLib,sibling_calibrated,30,0.4402248310263887
1,2,256,Spliced,GCGR,Gcgr-v2,nucLib,stack,22,0.424288743015346
1,2,256,Spliced,GCGR,Gcgr-v2,nucLib,target_kmer,22,0.49075783811391105
1,2,256,Spliced,GCGR,Gcgr-v2,nucLib,composition,22,0.4814095614644261
1,2,256,Spliced,GCGR,Gcgr-v2,nucLib,sibling_uncalibrated,22,0.5291222222019225
1,2,256,Spliced,GCGR,Gcgr-v2,nucLib,sibling_calibrated,22,0.5291222222019225
1,2,256,Spliced,HIPK3,circHIPK3,circLib,stack,55,0.0838900533029688
1,2,256,Spliced,HIPK3,circHIPK3,circLib,target_kmer,55,0.4336483332646142
1,2,256,Spliced,HIPK3,circHIPK3,circLib,composition,55,0.5403753725361377
1,2,256,Spliced,HIPK3,circHIPK3,circLib,sibling_uncalibrated,55,0.5032813077344214
1,2,256,Spliced,HIPK3,circHIPK3,circLib,sibling_calibrated,55,0.5032813077344214
1,2,256,Spliced,HOXA11-AS,Hoxa11-AS,nucLib,stack,52,0.32118217982745273
1,2,256,Spliced,HOXA11-AS,Hoxa11-AS,nucLib,target_kmer,52,0.4711090904880573
1,2,256,Spliced,HOXA11-AS,Hoxa11-AS,nucLib,composition,52,0.425810839174087
1,2,256,Spliced,HOXA11-AS,Hoxa11-AS,nucLib,sibling_uncalibrated,52,0.32118217982745273
1,2,256,Spliced,HOXA11-AS,Hoxa11-AS,nucLib,sibling_calibrated,52,0.32118217982745273
1,2,256,Spliced,HUWE1,circHUWE1,circLib,stack,16,0.2619406430541289
1,2,256,Spliced,HUWE1,circHUWE1,circLib,target_kmer,16,0.5370459794894179
1,2,256,Spliced,HUWE1,circHUWE1,circLib,composition,16,0.4677668676928937
1,2,256,Spliced,HUWE1,circHUWE1,circLib,sibling_uncalibrated,16,0.8797547418932659
1,2,256,Spliced,HUWE1,circHUWE1,circLib,sibling_calibrated,16,0.8797547418932659
1,2,256,Spliced,OGT,OGT,nucLib,stack,53,0.38219789060284404
1,2,256,Spliced,OGT,OGT,nucLib,target_kmer,53,0.23888099988295647
1,2,256,Spliced,OGT,OGT,nucLib,composition,53,0.29241878703371654
1,2,256,Spliced,OGT,OGT,nucLib,sibling_uncalibrated,53,0.5589812822206726
1,2,256,Spliced,OGT,OGT,nucLib,sibling_calibrated,53,0.5589812822206726
1,2,256,Spliced,PINT,Pint,nucLib,stack,92,0.3213352560897216
1,2,256,Spliced,PINT,Pint,nucLib,target_kmer,92,0.4389984467380988
1,2,256,Spliced,PINT,Pint,nucLib,composition,92,0.3429031332544014
1,2,256,Spliced,PINT,Pint,nucLib,sibling_uncalibrated,92,0.49452415315184783
1,2,256,Spliced,PINT,Pint,nucLib,sibling_calibrated,92,0.49452415315184783
1,2,256,Spliced,PINT,circPINT,circLib,stack,31,0.47054322829047046
1,2,256,Spliced,PINT,circPINT,circLib,target_kmer,31,0.22622232508155396
1,2,256,Spliced,PINT,circPINT,circLib,composition,31,0.6516104588685951
1,2,256,Spliced,PINT,circPINT,circLib,sibling_uncalibrated,31,0.5810578108430864
1,2,256,Spliced,PINT,circPINT,circLib,sibling_calibrated,31,0.5810578108430864
1,2,256,Spliced,PROSER3,circPROSER3,circLib,stack,12,0.2689946768843971
1,2,256,Spliced,PROSER3,circPROSER3,circLib,target_kmer,12,0.2689946768843971
1,2,256,Spliced,PROSER3,circPROSER3,circLib,composition,12,0.4019168477376851
1,2,256,Spliced,PROSER3,circPROSER3,circLib,sibling_uncalibrated,12,0.2689946768843971
1,2,256,Spliced,PROSER3,circPROSER3,circLib,sibling_calibrated,12,0.2689946768843971
1,2,256,Spliced,R3HDM1,circR3HDM1,circLib,stack,16,0.45287926874948314
1,2,256,Spliced,R3HDM1,circR3HDM1,circLib,target_kmer,16,0.2987590085316556
1,2,256,Spliced,R3HDM1,circR3HDM1,circLib,composition,16,0.8271318950628588
1,2,256,Spliced,R3HDM1,circR3HDM1,circLib,sibling_uncalibrated,16,0.43241969785950785
1,2,256,Spliced,R3HDM1,circR3HDM1,circLib,sibling_calibrated,16,0.43241969785950785
1,2,256,Unspliced,BIRC6,circBIRC6,circLib,stack,57,0.43320495906388423
1,2,256,Unspliced,BIRC6,circBIRC6,circLib,target_kmer,57,0.7598209071148856
1,2,256,Unspliced,BIRC6,circBIRC6,circLib,composition,57,0.5723382689840124
1,2,256,Unspliced,BIRC6,circBIRC6,circLib,sibling_uncalibrated,57,0.4069877274061629
1,2,256,Unspliced,BIRC6,circBIRC6,circLib,sibling_calibrated,57,0.4069877274061629
1,2,256,Unspliced,BWRD1,circBWRD1,circLib,stack,11,0.3518914989680981
1,2,256,Unspliced,BWRD1,circBWRD1,circLib,target_kmer,11,0.06676961868355934
1,2,256,Unspliced,BWRD1,circBWRD1,circLib,composition,11,0.17574804506435257
1,2,256,Unspliced,BWRD1,circBWRD1,circLib,sibling_uncalibrated,11,0.3518914989680981
1,2,256,Unspliced,BWRD1,circBWRD1,circLib,sibling_calibrated,11,0.3518914989680981
1,2,256,Unspliced,EVF2,Evf2,nucLib,stack,38,0.49711255603454363
1,2,256,Unspliced,EVF2,Evf2,nucLib,target_kmer,38,0.4175975270984539
1,2,256,Unspliced,EVF2,Evf2,nucLib,composition,38,0.43698819067909456
1,2,256,Unspliced,EVF2,Evf2,nucLib,sibling_uncalibrated,38,0.13388301273545075
1,2,256,Unspliced,EVF2,Evf2,nucLib,sibling_calibrated,38,0.13388301273545075
1,2,256,Unspliced,FENDRR,Fendrr,nucLib,stack,82,0.28515110080171635
1,2,256,Unspliced,FENDRR,Fendrr,nucLib,target_kmer,82,0.2789476789756794
1,2,256,Unspliced,FENDRR,Fendrr,nucLib,composition,82,0.24285178052395925
1,2,256,Unspliced,FENDRR,Fendrr,nucLib,sibling_uncalibrated,82,0.5974376797374529
1,2,256,Unspliced,FENDRR,Fendrr,nucLib,sibling_calibrated,82,0.5974376797374529
1,2,256,Unspliced,GCGR,Gcgr,nucLib,stack,30,0.6168029962388755
1,2,256,Unspliced,GCGR,Gcgr,nucLib,target_kmer,30,0.40420135615373765
1,2,256,Unspliced,GCGR,Gcgr,nucLib,composition,30,0.6914281660510753
1,2,256,Unspliced,GCGR,Gcgr,nucLib,sibling_uncalibrated,30,0.703848856422582
1,2,256,Unspliced,GCGR,Gcgr,nucLib,sibling_calibrated,30,0.703848856422582
1,2,256,Unspliced,GCGR,Gcgr-v2,nucLib,stack,22,0.030337900795379475
1,2,256,Unspliced,GCGR,Gcgr-v2,nucLib,target_kmer,22,0.37048232470474496
1,2,256,Unspliced,GCGR,Gcgr-v2,nucLib,composition,22,0.37048232470474496
1,2,256,Unspliced,GCGR,Gcgr-v2,nucLib,sibling_uncalibrated,22,0.030337900795379475
1,2,256,Unspliced,GCGR,Gcgr-v2,nucLib,sibling_calibrated,22,0.030337900795379475
1,2,256,Unspliced,HIPK3,circHIPK3,circLib,stack,55,0.40555595776113657
1,2,256,Unspliced,HIPK3,circHIPK3,circLib,target_kmer,55,0.5360502989818782
1,2,256,Unspliced,HIPK3,circHIPK3,circLib,composition,55,0.3748633646128987
1,2,256,Unspliced,HIPK3,circHIPK3,circLib,sibling_uncalibrated,55,0.4584000308238593
1,2,256,Unspliced,HIPK3,circHIPK3,circLib,sibling_calibrated,55,0.4584000308238593
1,2,256,Unspliced,HOXA11-AS,Hoxa11-AS,nucLib,stack,47,0.5420918743911555
1,2,256,Unspliced,HOXA11-AS,Hoxa11-AS,nucLib,target_kmer,47,0.5127083012378852
1,2,256,Unspliced,HOXA11-AS,Hoxa11-AS,nucLib,composition,47,0.4673072625140179
1,2,256,Unspliced,HOXA11-AS,Hoxa11-AS,nucLib,sibling_uncalibrated,47,0.43240001640334635
1,2,256,Unspliced,HOXA11-AS,Hoxa11-AS,nucLib,sibling_calibrated,47,0.43240001640334635
1,2,256,Unspliced,HUWE1,circHUWE1,circLib,stack,16,0.4099396600184959
1,2,256,Unspliced,HUWE1,circHUWE1,circLib,target_kmer,16,0.3627608044145914
1,2,256,Unspliced,HUWE1,circHUWE1,circLib,composition,16,0.4685115060980378
1,2,256,Unspliced,HUWE1,circHUWE1,circLib,sibling_uncalibrated,16,0.4685115060980378
1,2,256,Unspliced,HUWE1,circHUWE1,circLib,sibling_calibrated,16,0.4685115060980378
1,2,256,Unspliced,OGT,OGT,nucLib,stack,41,0.38920887840964485
1,2,256,Unspliced,OGT,OGT,nucLib,target_kmer,41,0.6049775356951672
1,2,256,Unspliced,OGT,OGT,nucLib,composition,41,0.4459579858435503
1,2,256,Unspliced,OGT,OGT,nucLib,sibling_uncalibrated,41,0.41776801219063603
1,2,256,Unspliced,OGT,OGT,nucLib,sibling_calibrated,41,0.41776801219063603
1,2,256,Unspliced,PINT,Pint,nucLib,stack,64,0.48301261286288544
1,2,256,Unspliced,PINT,Pint,nucLib,target_kmer,64,0.21742982316071435
1,2,256,Unspliced,PINT,Pint,nucLib,composition,64,0.28337469017782146
1,2,256,Unspliced,PINT,Pint,nucLib,sibling_uncalibrated,64,0.11703301684819509
1,2,256,Unspliced,PINT,Pint,nucLib,sibling_calibrated,64,0.11703301684819509
1,2,256,Unspliced,PINT,circPINT,circLib,stack,31,0.37224183527969046
1,2,256,Unspliced,PINT,circPINT,circLib,target_kmer,31,0.6496311700687678
1,2,256,Unspliced,PINT,circPINT,circLib,composition,31,0.7260133687729842
1,2,256,Unspliced,PINT,circPINT,circLib,sibling_uncalibrated,31,0.4325771189263349
1,2,256,Unspliced,PINT,circPINT,circLib,sibling_calibrated,31,0.4325771189263349
1,2,256,Unspliced,PROSER3,circPROSER3,circLib,stack,12,0.3253424981503029
1,2,256,Unspliced,PROSER3,circPROSER3,circLib,target_kmer,12,0.27880133731083534
1,2,256,Unspliced,PROSER3,circPROSER3,circLib,composition,12,0.5499650033919151
1,2,256,Unspliced,PROSER3,circPROSER3,circLib,sibling_uncalibrated,12,0.3253424981503029
1,2,256,Unspliced,PROSER3,circPROSER3,circLib,sibling_calibrated,12,0.3253424981503029
1,2,256,Unspliced,R3HDM1,circR3HDM1,circLib,stack,16,0.4103473215399067
1,2,256,Unspliced,R3HDM1,circR3HDM1,circLib,target_kmer,16,0.33128563861351434
1,2,256,Unspliced,R3HDM1,circR3HDM1,circLib,composition,16,0.805863327807328
1,2,256,Unspliced,R3HDM1,circR3HDM1,circLib,sibling_uncalibrated,16,0.4157480763955279
1,2,256,Unspliced,R3HDM1,circR3HDM1,circLib,sibling_calibrated,16,0.4157480763955279
1,2,256,Circular,BIRC6,circBIRC6,circLib,stack,53,0.4832104421198373
1,2,256,Circular,BIRC6,circBIRC6,circLib,target_kmer,53,0.5017060688018381
1,2,256,Circular,BIRC6,circBIRC6,circLib,composition,53,0.5361816369356398
1,2,256,Circular,BIRC6,circBIRC6,circLib,sibling_uncalibrated,53,0.4832104421198373
1,2,256,Circular,BIRC6,circBIRC6,circLib,sibling_calibrated,53,0.4832104421198373
1,2,256,Circular,BWRD1,circBWRD1,circLib,stack,11,0.4192401800376335
1,2,256,Circular,BWRD1,circBWRD1,circLib,target_kmer,11,0.3324553788004736
1,2,256,Circular,BWRD1,circBWRD1,circLib,composition,11,0.8724309210401928
1,2,256,Circular,BWRD1,circBWRD1,circLib,sibling_uncalibrated,11,0.30734511877847437
1,2,256,Circular,BWRD1,circBWRD1,circLib,sibling_calibrated,11,0.30734511877847437
1,2,256,Circular,EVF2,Evf2,nucLib,stack,52,0.27368421565416945
1,2,256,Circular,EVF2,Evf2,nucLib,target_kmer,52,0.02860621804222599
1,2,256,Circular,EVF2,Evf2,nucLib,composition,52,0.4722726815985412
1,2,256,Circular,EVF2,Evf2,nucLib,sibling_uncalibrated,52,0.0747776249760346
1,2,256,Circular,EVF2,Evf2,nucLib,sibling_calibrated,52,0.0747776249760346
1,2,256,Circular,FENDRR,Fendrr,nucLib,stack,88,0.26816736828381404
1,2,256,Circular,FENDRR,Fendrr,nucLib,target_kmer,88,0.5864944297109462
1,2,256,Circular,FENDRR,Fendrr,nucLib,composition,88,0.2745413650026793
1,2,256,Circular,FENDRR,Fendrr,nucLib,sibling_uncalibrated,88,0.300191713278342
1,2,256,Circular,FENDRR,Fendrr,nucLib,sibling_calibrated,88,0.300191713278342
1,2,256,Circular,GCGR,Gcgr,nucLib,stack,30,0.38570928942269783
1,2,256,Circular,GCGR,Gcgr,nucLib,target_kmer,30,0.23536481861313702
1,2,256,Circular,GCGR,Gcgr,nucLib,composition,30,0.07726190694043315
1,2,256,Circular,GCGR,Gcgr,nucLib,sibling_uncalibrated,30,0.30541267440807324
1,2,256,Circular,GCGR,Gcgr,nucLib,sibling_calibrated,30,0.30541267440807324
1,2,256,Circular,GCGR,Gcgr-v2,nucLib,stack,22,0.13230711688455435
1,2,256,Circular,GCGR,Gcgr-v2,nucLib,target_kmer,22,0.2518333610410953
1,2,256,Circular,GCGR,Gcgr-v2,nucLib,composition,22,0.3519260409868789
1,2,256,Circular,GCGR,Gcgr-v2,nucLib,sibling_uncalibrated,22,0.13230711688455435
1,2,256,Circular,GCGR,Gcgr-v2,nucLib,sibling_calibrated,22,0.13230711688455435
1,2,256,Circular,HIPK3,circHIPK3,circLib,stack,50,0.5681313578147418
1,2,256,Circular,HIPK3,circHIPK3,circLib,target_kmer,50,0.4675404874223036
1,2,256,Circular,HIPK3,circHIPK3,circLib,composition,50,0.3472720443116005
1,2,256,Circular,HIPK3,circHIPK3,circLib,sibling_uncalibrated,50,0.34124619543103807
1,2,256,Circular,HIPK3,circHIPK3,circLib,sibling_calibrated,50,0.34124619543103807
1,2,256,Circular,HOXA11-AS,Hoxa11-AS,nucLib,stack,48,0.5196619913472805
1,2,256,Circular,HOXA11-AS,Hoxa11-AS,nucLib,target_kmer,48,0.587993313940312
1,2,256,Circular,HOXA11-AS,Hoxa11-AS,nucLib,composition,48,0.5589182357774659
1,2,256,Circular,HOXA11-AS,Hoxa11-AS,nucLib,sibling_uncalibrated,48,0.22675356301350355
1,2,256,Circular,HOXA11-AS,Hoxa11-AS,nucLib,sibling_calibrated,48,0.22675356301350355
1,2,256,Circular,HUWE1,circHUWE1,circLib,stack,16,0.45723044367610677
1,2,256,Circular,HUWE1,circHUWE1,circLib,target_kmer,16,0.5776036806964833
1,2,256,Circular,HUWE1,circHUWE1,circLib,composition,16,0.5247464480874098
1,2,256,Circular,HUWE1,circHUWE1,circLib,sibling_uncalibrated,16,0.45723044367610677
1,2,256,Circular,HUWE1,circHUWE1,circLib,sibling_calibrated,16,0.45723044367610677
1,2,256,Circular,OGT,OGT,nucLib,stack,51,0.4506552639979776
1,2,256,Circular,OGT,OGT,nucLib,target_kmer,51,0.21128185225576765
1,2,256,Circular,OGT,OGT,nucLib,composition,51,0.5065128640576108
1,2,256,Circular,OGT,OGT,nucLib,sibling_uncalibrated,51,0.4506552639979776
1,2,256,Circular,OGT,OGT,nucLib,sibling_calibrated,51,0.4506552639979776
1,2,256,Circular,PINT,Pint,nucLib,stack,86,0.40436132659921353
1,2,256,Circular,PINT,Pint,nucLib,target_kmer,86,0.4192771050089097
1,2,256,Circular,PINT,Pint,nucLib,composition,86,0.47209668110458824
1,2,256,Circular,PINT,Pint,nucLib,sibling_uncalibrated,86,0.40436132659921353
1,2,256,Circular,PINT,Pint,nucLib,sibling_calibrated,86,0.40436132659921353
1,2,256,Circular,PINT,circPINT,circLib,stack,30,0.8164495523924584
1,2,256,Circular,PINT,circPINT,circLib,target_kmer,30,0.29620906717621687
1,2,256,Circular,PINT,circPINT,circLib,composition,30,0.6333449227213517
1,2,256,Circular,PINT,circPINT,circLib,sibling_uncalibrated,30,0.5758619310554136
1,2,256,Circular,PINT,circPINT,circLib,sibling_calibrated,30,0.5758619310554136
1,2,256,Circular,PROSER3,circPROSER3,circLib,stack,12,0.43897547299774287
1,2,256,Circular,PROSER3,circPROSER3,circLib,target_kmer,12,0.3443631974543968
1,2,256,Circular,PROSER3,circPROSER3,circLib,composition,12,0.4964831733728243
1,2,256,Circular,PROSER3,circPROSER3,circLib,sibling_uncalibrated,12,0.43897547299774287
1,2,256,Circular,PROSER3,circPROSER3,circLib,sibling_calibrated,12,0.43897547299774287
1,2,256,Circular,R3HDM1,circR3HDM1,circLib,stack,16,0.37487132080893326
1,2,256,Circular,R3HDM1,circR3HDM1,circLib,target_kmer,16,0.32435036891324415
1,2,256,Circular,R3HDM1,circR3HDM1,circLib,composition,16,0.5746958533801039
1,2,256,Circular,R3HDM1,circR3HDM1,circLib,sibling_uncalibrated,16,1.0
1,2,256,Circular,R3HDM1,circR3HDM1,circLib,sibling_calibrated,16,1.0
1,2,256,SCRCircular,BIRC6,circBIRC6,circLib,stack,57,0.5159218869917455
1,2,256,SCRCircular,BIRC6,circBIRC6,circLib,target_kmer,57,0.1869075366144609
1,2,256,SCRCircular,BIRC6,circBIRC6,circLib,composition,57,0.6013527330408328
1,2,256,SCRCircular,BIRC6,circBIRC6,circLib,sibling_uncalibrated,57,0.35985783131249716
1,2,256,SCRCircular,BIRC6,circBIRC6,circLib,sibling_calibrated,57,0.35985783131249716
1,2,256,SCRCircular,BWRD1,circBWRD1,circLib,stack,11,0.23717166379978766
1,2,256,SCRCircular,BWRD1,circBWRD1,circLib,target_kmer,11,0.037603351363469886
1,2,256,SCRCircular,BWRD1,circBWRD1,circLib,composition,11,0.6832352167258158
1,2,256,SCRCircular,BWRD1,circBWRD1,circLib,sibling_uncalibrated,11,0.20732721191716197
1,2,256,SCRCircular,BWRD1,circBWRD1,circLib,sibling_calibrated,11,0.20732721191716197
1,2,256,SCRCircular,EVF2,Evf2,nucLib,stack,67,0.20978016260327903
1,2,256,SCRCircular,EVF2,Evf2,nucLib,target_kmer,67,0.5491680942875556
1,2,256,SCRCircular,EVF2,Evf2,nucLib,composition,67,0.4988751420508569
1,2,256,SCRCircular,EVF2,Evf2,nucLib,sibling_uncalibrated,67,0.7128695818700961
1,2,256,SCRCircular,EVF2,Evf2,nucLib,sibling_calibrated,67,0.7128695818700961
1,2,256,SCRCircular,FENDRR,Fendrr,nucLib,stack,98,0.2370842704858725
1,2,256,SCRCircular,FENDRR,Fendrr,nucLib,target_kmer,98,0.37323011562286956
1,2,256,SCRCircular,FENDRR,Fendrr,nucLib,composition,98,0.4573097111775305
1,2,256,SCRCircular,FENDRR,Fendrr,nucLib,sibling_uncalibrated,98,0.2822872009271216
1,2,256,SCRCircular,FENDRR,Fendrr,nucLib,sibling_calibrated,98,0.2822872009271216
1,2,256,SCRCircular,GCGR,Gcgr,nucLib,stack,30,0.27626883685072995
1,2,256,SCRCircular,GCGR,Gcgr,nucLib,target_kmer,30,0.548243528857807
1,2,256,SCRCircular,GCGR,Gcgr,nucLib,composition,30,0.3077063685348533
1,2,256,SCRCircular,GCGR,Gcgr,nucLib,sibling_uncalibrated,30,0.3002207241503601
1,2,256,SCRCircular,GCGR,Gcgr,nucLib,sibling_calibrated,30,0.3002207241503601
1,2,256,SCRCircular,GCGR,Gcgr-v2,nucLib,stack,22,0.2073922628915448
1,2,256,SCRCircular,GCGR,Gcgr-v2,nucLib,target_kmer,22,0.5313909936948282
1,2,256,SCRCircular,GCGR,Gcgr-v2,nucLib,composition,22,0.25702652134353254
1,2,256,SCRCircular,GCGR,Gcgr-v2,nucLib,sibling_uncalibrated,22,0.25702652134353254
1,2,256,SCRCircular,GCGR,Gcgr-v2,nucLib,sibling_calibrated,22,0.25702652134353254
1,2,256,SCRCircular,HIPK3,circHIPK3,circLib,stack,55,0.23461998030009656
1,2,256,SCRCircular,HIPK3,circHIPK3,circLib,target_kmer,55,0.10547527849318189
1,2,256,SCRCircular,HIPK3,circHIPK3,circLib,composition,55,0.4312405504687721
1,2,256,SCRCircular,HIPK3,circHIPK3,circLib,sibling_uncalibrated,55,0.16338610984643465
1,2,256,SCRCircular,HIPK3,circHIPK3,circLib,sibling_calibrated,55,0.16338610984643465
1,2,256,SCRCircular,HOXA11-AS,Hoxa11-AS,nucLib,stack,52,0.336940709579352
1,2,256,SCRCircular,HOXA11-AS,Hoxa11-AS,nucLib,target_kmer,52,0.2395883309347389
1,2,256,SCRCircular,HOXA11-AS,Hoxa11-AS,nucLib,composition,52,0.6665585244462428
1,2,256,SCRCircular,HOXA11-AS,Hoxa11-AS,nucLib,sibling_uncalibrated,52,0.5569679854480434
1,2,256,SCRCircular,HOXA11-AS,Hoxa11-AS,nucLib,sibling_calibrated,52,0.5569679854480434
1,2,256,SCRCircular,HUWE1,circHUWE1,circLib,stack,16,0.0
1,2,256,SCRCircular,HUWE1,circHUWE1,circLib,target_kmer,16,0.2682579701199892
1,2,256,SCRCircular,HUWE1,circHUWE1,circLib,composition,16,0.4710988052295119
1,2,256,SCRCircular,HUWE1,circHUWE1,circLib,sibling_uncalibrated,16,0.2682579701199892
1,2,256,SCRCircular,HUWE1,circHUWE1,circLib,sibling_calibrated,16,0.2682579701199892
1,2,256,SCRCircular,OGT,OGT,nucLib,stack,57,0.44935459664648025
1,2,256,SCRCircular,OGT,OGT,nucLib,target_kmer,57,0.1772260603982637
1,2,256,SCRCircular,OGT,OGT,nucLib,composition,57,0.5792091309096579
1,2,256,SCRCircular,OGT,OGT,nucLib,sibling_uncalibrated,57,0.32813744414972984
1,2,256,SCRCircular,OGT,OGT,nucLib,sibling_calibrated,57,0.32813744414972984
1,2,256,SCRCircular,PINT,Pint,nucLib,stack,105,0.39537696849227705
1,2,256,SCRCircular,PINT,Pint,nucLib,target_kmer,105,0.3551603461701687
1,2,256,SCRCircular,PINT,Pint,nucLib,composition,105,0.44162085290369424
1,2,256,SCRCircular,PINT,Pint,nucLib,sibling_uncalibrated,105,0.40195596629106395
1,2,256,SCRCircular,PINT,Pint,nucLib,sibling_calibrated,105,0.40195596629106395
1,2,256,SCRCircular,PINT,circPINT,circLib,stack,31,0.4361350047503955
1,2,256,SCRCircular,PINT,circPINT,circLib,target_kmer,31,0.444730280664228
1,2,256,SCRCircular,PINT,circPINT,circLib,composition,31,0.28350008778634916
1,2,256,SCRCircular,PINT,circPINT,circLib,sibling_uncalibrated,31,0.336766654298565
1,2,256,SCRCircular,PINT,circPINT,circLib,sibling_calibrated,31,0.336766654298565
1,2,256,SCRCircular,PROSER3,circPROSER3,circLib,stack,12,0.16725980771364868
1,2,256,SCRCircular,PROSER3,circPROSER3,circLib,target_kmer,12,0.4378693624580154
1,2,256,SCRCircular,PROSER3,circPROSER3,circLib,composition,12,0.3960636512736805
1,2,256,SCRCircular,PROSER3,circPROSER3,circLib,sibling_uncalibrated,12,0.10045750492796734
1,2,256,SCRCircular,PROSER3,circPROSER3,circLib,sibling_calibrated,12,0.10045750492796734
1,2,256,SCRCircular,R3HDM1,circR3HDM1,circLib,stack,16,0.3353461759840567
1,2,256,SCRCircular,R3HDM1,circR3HDM1,circLib,target_kmer,16,0.7464421902336897
1,2,256,SCRCircular,R3HDM1,circR3HDM1,circLib,composition,16,0.027382863765368862
1,2,256,SCRCircular,R3HDM1,circR3HDM1,circLib,sibling_uncalibrated,16,0.318857710187742
1,2,256,SCRCircular,R3HDM1,circR3HDM1,circLib,sibling_calibrated,16,0.318857710187742
2,0,16,Spliced,ASAP1,circASAP1,circLib,stack,10,0.5475883189497566
2,0,16,Spliced,ASAP1,circASAP1,circLib,target_kmer,10,0.3563927673628279
2,0,16,Spliced,ASAP1,circASAP1,circLib,composition,10,0.8563927673628279
2,0,16,Spliced,ASAP1,circASAP1,circLib,sibling_uncalibrated,10,0.5475883189497566
2,0,16,Spliced,ASAP1,circASAP1,circLib,sibling_calibrated,10,0.5475883189497566
2,0,16,Spliced,BBS9,circBBS91,circLib,stack,23,0.7188069583521206
2,0,16,Spliced,BBS9,circBBS91,circLib,target_kmer,23,0.5501432776119144
2,0,16,Spliced,BBS9,circBBS91,circLib,composition,23,0.6324844110440417
2,0,16,Spliced,BBS9,circBBS91,circLib,sibling_uncalibrated,23,0.510411548877221
2,0,16,Spliced,BBS9,circBBS91,circLib,sibling_calibrated,23,0.510411548877221
2,0,16,Spliced,BBS9,circBBS92,circLib,stack,22,0.842592546587231
2,0,16,Spliced,BBS9,circBBS92,circLib,target_kmer,22,0.4354738264055009
2,0,16,Spliced,BBS9,circBBS92,circLib,composition,22,0.5119982970584562
2,0,16,Spliced,BBS9,circBBS92,circLib,sibling_uncalibrated,22,0.5720187314685058
2,0,16,Spliced,BBS9,circBBS92,circLib,sibling_calibrated,22,0.5720187314685058
2,0,16,Spliced,BCL11B,circBCL11B1,circLib,stack,19,0.5071349851122045
2,0,16,Spliced,BCL11B,circBCL11B1,circLib,target_kmer,19,0.6317279836549267
2,0,16,Spliced,BCL11B,circBCL11B1,circLib,composition,19,0.6133377447035332
2,0,16,Spliced,BCL11B,circBCL11B1,circLib,sibling_uncalibrated,19,0.43923773860454507
2,0,16,Spliced,BCL11B,circBCL11B1,circLib,sibling_calibrated,19,0.43923773860454507
2,0,16,Spliced,BPTF,circBPTF1,circLib,stack,13,0.8188097920592295
2,0,16,Spliced,BPTF,circBPTF1,circLib,target_kmer,13,0.543620714806842
2,0,16,Spliced,BPTF,circBPTF1,circLib,composition,13,0.5464168891174603
2,0,16,Spliced,BPTF,circBPTF1,circLib,sibling_uncalibrated,13,0.2584040480594283
2,0,16,Spliced,BPTF,circBPTF1,circLib,sibling_calibrated,13,0.2584040480594283
2,0,16,Spliced,BPTF,circBPTF2,circLib,stack,37,0.6392838776983312
2,0,16,Spliced,BPTF,circBPTF2,circLib,target_kmer,37,0.6118473454799428
2,0,16,Spliced,BPTF,circBPTF2,circLib,composition,37,0.6905693073506989
2,0,16,Spliced,BPTF,circBPTF2,circLib,sibling_uncalibrated,37,0.38713990972004164
2,0,16,Spliced,BPTF,circBPTF2,circLib,sibling_calibrated,37,0.38713990972004164
2,0,16,Spliced,CASC15,Casc15,nucLib,stack,64,0.4285037476380461
2,0,16,Spliced,CASC15,Casc15,nucLib,target_kmer,64,0.5040010292919731
2,0,16,Spliced,CASC15,Casc15,nucLib,composition,64,0.6209815966005577
2,0,16,Spliced,CASC15,Casc15,nucLib,sibling_uncalibrated,64,0.606274910491494
2,0,16,Spliced,CASC15,Casc15,nucLib,sibling_calibrated,64,0.606274910491494
2,0,16,Spliced,CBFA2T2,circCBFA2T2,circLib,stack,14,0.43567673018513464
2,0,16,Spliced,CBFA2T2,circCBFA2T2,circLib,target_kmer,14,0.5796918357666564
2,0,16,Spliced,CBFA2T2,circCBFA2T2,circLib,composition,14,0.5643232698148655
2,0,16,Spliced,CBFA2T2,circCBFA2T2,circLib,sibling_uncalibrated,14,0.43567673018513464
2,0,16,Spliced,CBFA2T2,circCBFA2T2,circLib,sibling_calibrated,14,0.43567673018513464
2,0,16,Spliced,ERBB2,circERBB2,circLib,stack,34,0.45523061595023956
2,0,16,Spliced,ERBB2,circERBB2,circLib,target_kmer,34,0.518267267086493
2,0,16,Spliced,ERBB2,circERBB2,circLib,composition,34,0.3586150245582761
2,0,16,Spliced,ERBB2,circERBB2,circLib,sibling_uncalibrated,34,0.48086829592647073
2,0,16,Spliced,ERBB2,circERBB2,circLib,sibling_calibrated,34,0.48086829592647073
2,0,16,Spliced,HOXA-AS3,Hoxa-AS3,nucLib,stack,136,0.38962506605201486
2,0,16,Spliced,HOXA-AS3,Hoxa-AS3,nucLib,target_kmer,136,0.5673566402375099
2,0,16,Spliced,HOXA-AS3,Hoxa-AS3,nucLib,composition,136,0.8043335810359953
2,0,16,Spliced,HOXA-AS3,Hoxa-AS3,nucLib,sibling_uncalibrated,136,0.47462322311382665
2,0,16,Spliced,HOXA-AS3,Hoxa-AS3,nucLib,sibling_calibrated,136,0.47462322311382665
2,0,16,Spliced,IKBKB,circIKBKB,circLib,stack,11,0.3756918316246803
2,0,16,Spliced,IKBKB,circIKBKB,circLib,target_kmer,11,0.4931017224916676
2,0,16,Spliced,IKBKB,circIKBKB,circLib,composition,11,0.3146406128550985
2,0,16,Spliced,IKBKB,circIKBKB,circLib,sibling_uncalibrated,11,0.5164923769756753
2,0,16,Spliced,IKBKB,circIKBKB,circLib,sibling_calibrated,11,0.5164923769756753
2,0,16,Spliced,MIAT,Miat,nucLib,stack,370,0.4906687154806257
2,0,16,Spliced,MIAT,Miat,nucLib,target_kmer,370,0.5625403466318848
2,0,16,Spliced,MIAT,Miat,nucLib,composition,370,0.5807731349858908
2,0,16,Spliced,MIAT,Miat,nucLib,sibling_uncalibrated,370,0.4538856604119149
2,0,16,Spliced,MIAT,Miat,nucLib,sibling_calibrated,370,0.4538856604119149
2,0,16,Spliced,XIST,Xist,nucLib,stack,280,0.4194960039688061
2,0,16,Spliced,XIST,Xist,nucLib,target_kmer,280,0.577990421322653
2,0,16,Spliced,XIST,Xist,nucLib,composition,280,0.7017956427832462
2,0,16,Spliced,XIST,Xist,nucLib,sibling_uncalibrated,280,0.4890972970070603
2,0,16,Spliced,XIST,Xist,nucLib,sibling_calibrated,280,0.4890972970070603
2,0,16,Unspliced,ASAP1,circASAP1,circLib,stack,11,0.43458825609459906
2,0,16,Unspliced,ASAP1,circASAP1,circLib,target_kmer,11,0.5185249666000538
2,0,16,Unspliced,ASAP1,circASAP1,circLib,composition,11,0.6366257672267785
2,0,16,Unspliced,ASAP1,circASAP1,circLib,sibling_uncalibrated,11,0.8234444645649636
2,0,16,Unspliced,ASAP1,circASAP1,circLib,sibling_calibrated,11,0.17655553543503633
2,0,16,Unspliced,BBS9,circBBS91,circLib,stack,23,0.5551681837512945
2,0,16,Unspliced,BBS9,circBBS91,circLib,target_kmer,23,0.9156480547912891
2,0,16,Unspliced,BBS9,circBBS91,circLib,composition,23,0.9156480547912891
2,0,16,Unspliced,BBS9,circBBS91,circLib,sibling_uncalibrated,23,0.46302408963409997
2,0,16,Unspliced,BBS9,circBBS91,circLib,sibling_calibrated,23,0.5369759103659
2,0,16,Unspliced,BBS9,circBBS92,circLib,stack,22,0.2757533144624704
2,0,16,Unspliced,BBS9,circBBS92,circLib,target_kmer,22,0.9090758722321525
2,0,16,Unspliced,BBS9,circBBS92,circLib,composition,22,0.5689317069888389
2,0,16,Unspliced,BBS9,circBBS92,circLib,sibling_uncalibrated,22,0.5934778479110548
2,0,16,Unspliced,BBS9,circBBS92,circLib,sibling_calibrated,22,0.40652215208894515
2,0,16,Unspliced,BCL11B,circBCL11B1,circLib,stack,19,0.2767649510693636
2,0,16,Unspliced,BCL11B,circBCL11B1,circLib,target_kmer,19,0.3504353166878609
2,0,16,Unspliced,BCL11B,circBCL11B1,circLib,composition,19,0.5639144698237641
2,0,16,Unspliced,BCL11B,circBCL11B1,circLib,sibling_uncalibrated,19,0.4691548300132502
2,0,16,Unspliced,BCL11B,circBCL11B1,circLib,sibling_calibrated,19,0.5308451699867498
2,0,16,Unspliced,BPTF,circBPTF1,circLib,stack,13,0.5181897039864902
2,0,16,Unspliced,BPTF,circBPTF1,circLib,target_kmer,13,0.5735023523251304
2,0,16,Unspliced,BPTF,circBPTF1,circLib,composition,13,0.4904584544082555
2,0,16,Unspliced,BPTF,circBPTF1,circLib,sibling_uncalibrated,13,0.4264976476748698
2,0,16,Unspliced,BPTF,circBPTF1,circLib,sibling_calibrated,13,0.5735023523251304
2,0,16,Unspliced,BPTF,circBPTF2,circLib,stack,36,0.4439099769271811
2,0,16,Unspliced,BPTF,circBPTF2,circLib,target_kmer,36,0.5217910489731099
2,0,16,Unspliced,BPTF,circBPTF2,circLib,composition,36,0.5684750309956987
2,0,16,Unspliced,BPTF,circBPTF2,circLib,sibling_uncalibrated,36,0.2692356814809331
2,0,16,Unspliced,BPTF,circBPTF2,circLib,sibling_calibrated,36,0.7307643185190669
2,0,16,Unspliced,CASC15,Casc15,nucLib,stack,53,0.599867020688956
2,0,16,Unspliced,CASC15,Casc15,nucLib,target_kmer,53,0.41236080834549316
2,0,16,Unspliced,CASC15,Casc15,nucLib,composition,53,0.11476112643444461
2,0,16,Unspliced,CASC15,Casc15,nucLib,sibling_uncalibrated,53,0.24600515685430707
2,0,16,Unspliced,CASC15,Casc15,nucLib,sibling_calibrated,53,0.7539948431456929
2,0,16,Unspliced,CBFA2T2,circCBFA2T2,circLib,stack,13,0.5351442705109283
2,0,16,Unspliced,CBFA2T2,circCBFA2T2,circLib,target_kmer,13,0.39544963109786635
2,0,16,Unspliced,CBFA2T2,circCBFA2T2,circLib,composition,13,0.28490118773508133
2,0,16,Unspliced,CBFA2T2,circCBFA2T2,circLib,sibling_uncalibrated,13,0.35996216703102857
2,0,16,Unspliced,CBFA2T2,circCBFA2T2,circLib,sibling_calibrated,13,0.6400378329689715
2,0,16,Unspliced,ERBB2,circERBB2,circLib,stack,34,0.1284763922659178
2,0,16,Unspliced,ERBB2,circERBB2,circLib,target_kmer,34,0.3237607149885671
2,0,16,Unspliced,ERBB2,circERBB2,circLib,composition,34,0.7961953845965796
2,0,16,Unspliced,ERBB2,circERBB2,circLib,sibling_uncalibrated,34,0.641796487720081
2,0,16,Unspliced,ERBB2,circERBB2,circLib,sibling_calibrated,34,0.35820351227991903
2,0,16,Unspliced,HOXA-AS3,Hoxa-AS3,nucLib,stack,119,0.18813428370869967
2,0,16,Unspliced,HOXA-AS3,Hoxa-AS3,nucLib,target_kmer,119,0.4643253111835512
2,0,16,Unspliced,HOXA-AS3,Hoxa-AS3,nucLib,composition,119,0.39783660074770155
2,0,16,Unspliced,HOXA-AS3,Hoxa-AS3,nucLib,sibling_uncalibrated,119,0.40119102054901445
2,0,16,Unspliced,HOXA-AS3,Hoxa-AS3,nucLib,sibling_calibrated,119,0.5988089794509854
2,0,16,Unspliced,IKBKB,circIKBKB,circLib,stack,11,0.2927165844395154
2,0,16,Unspliced,IKBKB,circIKBKB,circLib,target_kmer,11,0.9901854726559007
2,0,16,Unspliced,IKBKB,circIKBKB,circLib,composition,11,0.39652457785985334
2,0,16,Unspliced,IKBKB,circIKBKB,circLib,sibling_uncalibrated,11,0.3980627619868031
2,0,16,Unspliced,IKBKB,circIKBKB,circLib,sibling_calibrated,11,0.6019372380131969
2,0,16,Unspliced,MIAT,Miat,nucLib,stack,312,0.3934337356744736
2,0,16,Unspliced,MIAT,Miat,nucLib,target_kmer,312,0.4494768727453084
2,0,16,Unspliced,MIAT,Miat,nucLib,composition,312,0.44666260370980726
2,0,16,Unspliced,MIAT,Miat,nucLib,sibling_uncalibrated,312,0.3673167336044353
2,0,16,Unspliced,MIAT,Miat,nucLib,sibling_calibrated,312,0.6326832663955646
2,0,16,Unspliced,XIST,Xist,nucLib,stack,206,0.37536698777060973
2,0,16,Unspliced,XIST,Xist,nucLib,target_kmer,206,0.5628844197613004
2,0,16,Unspliced,XIST,Xist,nucLib,composition,206,0.560827464789539
2,0,16,Unspliced,XIST,Xist,nucLib,sibling_uncalibrated,206,0.41473524994478095
2,0,16,Unspliced,XIST,Xist,nucLib,sibling_calibrated,206,0.5852647500552192
2,0,16,Circular,BBS9,circBBS91,circLib,stack,21,0.31237121595706757
2,0,16,Circular,BBS9,circBBS91,circLib,target_kmer,21,0.2842408455338315
2,0,16,Circular,BBS9,circBBS91,circLib,composition,21,0.479691023158709
2,0,16,Circular,BBS9,circBBS91,circLib,sibling_uncalibrated,21,0.18174545254204122
2,0,16,Circular,BBS9,circBBS91,circLib,sibling_calibrated,21,0.18174545254204122
2,0,16,Circular,BBS9,circBBS92,circLib,stack,20,0.030721331668786118
2,0,16,Circular,BBS9,circBBS92,circLib,target_kmer,20,0.40922570364243405
2,0,16,Circular,BBS9,circBBS92,circLib,composition,20,0.4483200323424575
2,0,16,Circular,BBS9,circBBS92,circLib,sibling_uncalibrated,20,0.38261624704154973
2,0,16,Circular,BBS9,circBBS92,circLib,sibling_calibrated,20,0.38261624704154973
2,0,16,Circular,BCL11B,circBCL11B1,circLib,stack,16,0.31497239393731635
2,0,16,Circular,BCL11B,circBCL11B1,circLib,target_kmer,16,0.24702131332337482
2,0,16,Circular,BCL11B,circBCL11B1,circLib,composition,16,0.516979158587922
2,0,16,Circular,BCL11B,circBCL11B1,circLib,sibling_uncalibrated,16,0.33117914194545833
2,0,16,Circular,BCL11B,circBCL11B1,circLib,sibling_calibrated,16,0.33117914194545833
2,0,16,Circular,BPTF,circBPTF1,circLib,stack,12,0.574065430746714
2,0,16,Circular,BPTF,circBPTF1,circLib,target_kmer,12,0.6134550648736284
2,0,16,Circular,BPTF,circBPTF1,circLib,composition,12,0.259503462877906
2,0,16,Circular,BPTF,circBPTF1,circLib,sibling_uncalibrated,12,0.7404965371220942
2,0,16,Circular,BPTF,circBPTF1,circLib,sibling_calibrated,12,0.7404965371220942
2,0,16,Circular,BPTF,circBPTF2,circLib,stack,34,0.2617495762133535
2,0,16,Circular,BPTF,circBPTF2,circLib,target_kmer,34,0.6058270500289744
2,0,16,Circular,BPTF,circBPTF2,circLib,composition,34,0.4916399200276116
2,0,16,Circular,BPTF,circBPTF2,circLib,sibling_uncalibrated,34,0.10866457887849533
2,0,16,Circular,BPTF,circBPTF2,circLib,sibling_calibrated,34,0.10866457887849533
2,0,16,Circular,CASC15,Casc15,nucLib,stack,57,0.47015222034209714
2,0,16,Circular,CASC15,Casc15,nucLib,target_kmer,57,0.42262515503779585
2,0,16,Circular,CASC15,Casc15,nucLib,composition,57,0.524388436034711
2,0,16,Circular,CASC15,Casc15,nucLib,sibling_uncalibrated,57,0.3592581575069359
2,0,16,Circular,CASC15,Casc15,nucLib,sibling_calibrated,57,0.3592581575069359
2,0,16,Circular,CBFA2T2,circCBFA2T2,circLib,stack,12,0.6095234087792045
2,0,16,Circular,CBFA2T2,circCBFA2T2,circLib,target_kmer,12,0.8712546430865762
2,0,16,Circular,CBFA2T2,circCBFA2T2,circLib,composition,12,0.5441769551417748
2,0,16,Circular,CBFA2T2,circCBFA2T2,circLib,sibling_uncalibrated,12,0.6095234087792045
2,0,16,Circular,CBFA2T2,circCBFA2T2,circLib,sibling_calibrated,12,0.6095234087792045
2,0,16,Circular,ERBB2,circERBB2,circLib,stack,34,0.3475182443495919
2,0,16,Circular,ERBB2,circERBB2,circLib,target_kmer,34,0.4430433562234414
2,0,16,Circular,ERBB2,circERBB2,circLib,composition,34,0.48910088716131206
2,0,16,Circular,ERBB2,circERBB2,circLib,sibling_uncalibrated,34,0.3997464631770443
2,0,16,Circular,ERBB2,circERBB2,circLib,sibling_calibrated,34,0.3997464631770443
2,0,16,Circular,HOXA-AS3,Hoxa-AS3,nucLib,stack,130,0.4002218694218703
2,0,16,Circular,HOXA-AS3,Hoxa-AS3,nucLib,target_kmer,130,0.45730605279855474
2,0,16,Circular,HOXA-AS3,Hoxa-AS3,nucLib,composition,130,0.3350527609321011
2,0,16,Circular,HOXA-AS3,Hoxa-AS3,nucLib,sibling_uncalibrated,130,0.37550511386962016
2,0,16,Circular,HOXA-AS3,Hoxa-AS3,nucLib,sibling_calibrated,130,0.37550511386962016
2,0,16,Circular,IKBKB,circIKBKB,circLib,stack,10,0.3817880672176142
2,0,16,Circular,IKBKB,circIKBKB,circLib,target_kmer,10,0.7795606726986881
2,0,16,Circular,IKBKB,circIKBKB,circLib,composition,10,0.6276313533582843
2,0,16,Circular,IKBKB,circIKBKB,circLib,sibling_uncalibrated,10,0.4150513183337689
2,0,16,Circular,IKBKB,circIKBKB,circLib,sibling_calibrated,10,0.4150513183337689
2,0,16,Circular,MIAT,Miat,nucLib,stack,344,0.5052067829441448
2,0,16,Circular,MIAT,Miat,nucLib,target_kmer,344,0.5496209559842323
2,0,16,Circular,MIAT,Miat,nucLib,composition,344,0.49083545729998135
2,0,16,Circular,MIAT,Miat,nucLib,sibling_uncalibrated,344,0.3844067235673758
2,0,16,Circular,MIAT,Miat,nucLib,sibling_calibrated,344,0.3844067235673758
2,0,16,Circular,XIST,Xist,nucLib,stack,246,0.4593798540081911
2,0,16,Circular,XIST,Xist,nucLib,target_kmer,246,0.46773329899153365
2,0,16,Circular,XIST,Xist,nucLib,composition,246,0.5275221013961117
2,0,16,Circular,XIST,Xist,nucLib,sibling_uncalibrated,246,0.4593798540081911
2,0,16,Circular,XIST,Xist,nucLib,sibling_calibrated,246,0.4593798540081911
2,0,16,SCRCircular,ASAP1,circASAP1,circLib,stack,12,0.3814826834289298
2,0,16,SCRCircular,ASAP1,circASAP1,circLib,target_kmer,12,0.27941159517487946
2,0,16,SCRCircular,ASAP1,circASAP1,circLib,composition,12,0.7154683595029001
2,0,16,SCRCircular,ASAP1,circASAP1,circLib,sibling_uncalibrated,12,0.7777666978041669
2,0,16,SCRCircular,ASAP1,circASAP1,circLib,sibling_calibrated,12,0.7777666978041669
2,0,16,SCRCircular,BBS9,circBBS91,circLib,stack,23,0.0720685234000064
2,0,16,SCRCircular,BBS9,circBBS91,circLib,target_kmer,23,0.0720685234000064
2,0,16,SCRCircular,BBS9,circBBS91,circLib,composition,23,0.427342997905803
2,0,16,SCRCircular,BBS9,circBBS91,circLib,sibling_uncalibrated,23,0.0720685234000064
2,0,16,SCRCircular,BBS9,circBBS91,circLib,sibling_calibrated,23,0.0720685234000064
2,0,16,SCRCircular,BBS9,circBBS92,circLib,stack,22,0.3377117245022879
2,0,16,SCRCircular,BBS9,circBBS92,circLib,target_kmer,22,0.3377117245022879
2,0,16,SCRCircular,BBS9,circBBS92,circLib,composition,22,0.5380033754014277
2,0,16,SCRCircular,BBS9,circBBS92,circLib,sibling_uncalibrated,22,0.443501675496094
2,0,16,SCRCircular,BBS9,circBBS92,circLib,sibling_calibrated,22,0.443501675496094
2,0,16,SCRCircular,BCL11B,circBCL11B1,circLib,stack,19,0.4124107752200683
2,0,16,SCRCircular,BCL11B,circBCL11B1,circLib,target_kmer,19,0.2726605859357171
2,0,16,SCRCircular,BCL11B,circBCL11B1,circLib,composition,19,0.6399163250777826
2,0,16,SCRCircular,BCL11B,circBCL11B1,circLib,sibling_uncalibrated,19,0.4124107752200683
2,0,16,SCRCircular,BCL11B,circBCL11B1,circLib,sibling_calibrated,19,0.4124107752200683
2,0,16,SCRCircular,BPTF,circBPTF1,circLib,stack,14,0.37810722410045206
2,0,16,SCRCircular,BPTF,circBPTF1,circLib,target_kmer,14,0.7605356583459771
2,0,16,SCRCircular,BPTF,circBPTF1,circLib,composition,14,0.37810722410045206
2,0,16,SCRCircular,BPTF,circBPTF1,circLib,sibling_uncalibrated,14,0.37810722410045206
2,0,16,SCRCircular,BPTF,circBPTF1,circLib,sibling_calibrated,14,0.37810722410045206
2,0,16,SCRCircular,BPTF,circBPTF2,circLib,stack,37,0.36714147521267804
2,0,16,SCRCircular,BPTF,circBPTF2,circLib,target_kmer,37,0.1783553854369454
2,0,16,SCRCircular,BPTF,circBPTF2,circLib,composition,37,0.5123836126873365
2,0,16,SCRCircular,BPTF,circBPTF2,circLib,sibling_uncalibrated,37,0.4261746491322839
2,0,16,SCRCircular,BPTF,circBPTF2,circLib,sibling_calibrated,37,0.4261746491322839
2,0,16,SCRCircular,CASC15,Casc15,nucLib,stack,66,0.48286203111912984
2,0,16,SCRCircular,CASC15,Casc15,nucLib,target_kmer,66,0.37326068860804207
2,0,16,SCRCircular,CASC15,Casc15,nucLib,composition,66,0.5087182438612342
2,0,16,SCRCircular,CASC15,Casc15,nucLib,sibling_uncalibrated,66,0.23507465832615212
2,0,16,SCRCircular,CASC15,Casc15,nucLib,sibling_calibrated,66,0.23507465832615212
2,0,16,SCRCircular,CBFA2T2,circCBFA2T2,circLib,stack,14,0.2394108893126486
2,0,16,SCRCircular,CBFA2T2,circCBFA2T2,circLib,target_kmer,14,0.505477502826361
2,0,16,SCRCircular,CBFA2T2,circCBFA2T2,circLib,composition,14,0.6651244930575877
2,0,16,SCRCircular,CBFA2T2,circCBFA2T2,circLib,sibling_uncalibrated,14,0.2394108893126486
2,0,16,SCRCircular,CBFA2T2,circCBFA2T2,circLib,sibling_calibrated,14,0.2394108893126486
2,0,16,SCRCircular,CCNL1,Ccnl1,nucLib,stack,11,0.7149077051364331
2,0,16,SCRCircular,CCNL1,Ccnl1,nucLib,target_kmer,11,0.26756794629543434
2,0,16,SCRCircular,CCNL1,Ccnl1,nucLib,composition,11,0.20735238236866368
2,0,16,SCRCircular,CCNL1,Ccnl1,nucLib,sibling_uncalibrated,11,0.6889145354924798
2,0,16,SCRCircular,CCNL1,Ccnl1,nucLib,sibling_calibrated,11,0.6889145354924798
2,0,16,SCRCircular,ERBB2,circERBB2,circLib,stack,34,0.21299773375152042
2,0,16,SCRCircular,ERBB2,circERBB2,circLib,target_kmer,34,0.3723855934267559
2,0,16,SCRCircular,ERBB2,circERBB2,circLib,composition,34,0.3835977719804083
2,0,16,SCRCircular,ERBB2,circERBB2,circLib,sibling_uncalibrated,34,0.21299773375152042
2,0,16,SCRCircular,ERBB2,circERBB2,circLib,sibling_calibrated,34,0.21299773375152042
2,0,16,SCRCircular,HOXA-AS3,Hoxa-AS3,nucLib,stack,142,0.4618258613511227
2,0,16,SCRCircular,HOXA-AS3,Hoxa-AS3,nucLib,target_kmer,142,0.3930371601960162
2,0,16,SCRCircular,HOXA-AS3,Hoxa-AS3,nucLib,composition,142,0.4843170608312173
2,0,16,SCRCircular,HOXA-AS3,Hoxa-AS3,nucLib,sibling_uncalibrated,142,0.1844140831730438
2,0,16,SCRCircular,HOXA-AS3,Hoxa-AS3,nucLib,sibling_calibrated,142,0.1844140831730438
2,0,16,SCRCircular,IKBKB,circIKBKB,circLib,stack,11,0.16653157355059212
2,0,16,SCRCircular,IKBKB,circIKBKB,circLib,target_kmer,11,0.4645122571110583
2,0,16,SCRCircular,IKBKB,circIKBKB,circLib,composition,11,0.43893609808041917
2,0,16,SCRCircular,IKBKB,circIKBKB,circLib,sibling_uncalibrated,11,0.37840631780001344
2,0,16,SCRCircular,IKBKB,circIKBKB,circLib,sibling_calibrated,11,0.37840631780001344
2,0,16,SCRCircular,MIAT,Miat,nucLib,stack,382,0.3907504626758074
2,0,16,SCRCircular,MIAT,Miat,nucLib,target_kmer,382,0.47940204734831093
2,0,16,SCRCircular,MIAT,Miat,nucLib,composition,382,0.5398526765999903
2,0,16,SCRCircular,MIAT,Miat,nucLib,sibling_uncalibrated,382,0.34403036549816124
2,0,16,SCRCircular,MIAT,Miat,nucLib,sibling_calibrated,382,0.34403036549816124
2,0,16,SCRCircular,XIST,Xist,nucLib,stack,328,0.48087156377158236
2,0,16,SCRCircular,XIST,Xist,nucLib,target_kmer,328,0.34994674208623167
2,0,16,SCRCircular,XIST,Xist,nucLib,composition,328,0.5333990710865966
2,0,16,SCRCircular,XIST,Xist,nucLib,sibling_uncalibrated,328,0.42188475782354773
2,0,16,SCRCircular,XIST,Xist,nucLib,sibling_calibrated,328,0.42188475782354773
2,0,64,Spliced,ASAP1,circASAP1,circLib,stack,10,0.5475883189497566
2,0,64,Spliced,ASAP1,circASAP1,circLib,target_kmer,10,0.5475883189497566
2,0,64,Spliced,ASAP1,circASAP1,circLib,composition,10,0.14360723263717215
2,0,64,Spliced,ASAP1,circASAP1,circLib,sibling_uncalibrated,10,0.5475883189497566
2,0,64,Spliced,ASAP1,circASAP1,circLib,sibling_calibrated,10,0.5475883189497566
2,0,64,Spliced,BBS9,circBBS91,circLib,stack,23,0.510411548877221
2,0,64,Spliced,BBS9,circBBS91,circLib,target_kmer,23,0.7137108285661794
2,0,64,Spliced,BBS9,circBBS91,circLib,composition,23,0.32703700436851374
2,0,64,Spliced,BBS9,circBBS91,circLib,sibling_uncalibrated,23,0.510411548877221
2,0,64,Spliced,BBS9,circBBS91,circLib,sibling_calibrated,23,0.510411548877221
2,0,64,Spliced,BBS9,circBBS92,circLib,stack,22,0.5720187314685058
2,0,64,Spliced,BBS9,circBBS92,circLib,target_kmer,22,0.4619195090845762
2,0,64,Spliced,BBS9,circBBS92,circLib,composition,22,0.2496912444223936
2,0,64,Spliced,BBS9,circBBS92,circLib,sibling_uncalibrated,22,0.5720187314685058
2,0,64,Spliced,BBS9,circBBS92,circLib,sibling_calibrated,22,0.5720187314685058
2,0,64,Spliced,BCL11B,circBCL11B1,circLib,stack,19,0.43923773860454507
2,0,64,Spliced,BCL11B,circBCL11B1,circLib,target_kmer,19,0.7350106853540798
2,0,64,Spliced,BCL11B,circBCL11B1,circLib,composition,19,0.8198053443944973
2,0,64,Spliced,BCL11B,circBCL11B1,circLib,sibling_uncalibrated,19,0.43923773860454507
2,0,64,Spliced,BCL11B,circBCL11B1,circLib,sibling_calibrated,19,0.43923773860454507
2,0,64,Spliced,BPTF,circBPTF1,circLib,stack,13,0.2974007998616624
2,0,64,Spliced,BPTF,circBPTF1,circLib,target_kmer,13,0.4506523756192462
2,0,64,Spliced,BPTF,circBPTF1,circLib,composition,13,0.45637928519315807
2,0,64,Spliced,BPTF,circBPTF1,circLib,sibling_uncalibrated,13,0.2584040480594283
2,0,64,Spliced,BPTF,circBPTF1,circLib,sibling_calibrated,13,0.2584040480594283
2,0,64,Spliced,BPTF,circBPTF2,circLib,stack,37,0.0645781537759491
2,0,64,Spliced,BPTF,circBPTF2,circLib,target_kmer,37,0.32274550120681994
2,0,64,Spliced,BPTF,circBPTF2,circLib,composition,37,0.1958955732667248
2,0,64,Spliced,BPTF,circBPTF2,circLib,sibling_uncalibrated,37,0.38713990972004164
2,0,64,Spliced,BPTF,circBPTF2,circLib,sibling_calibrated,37,0.38713990972004164
2,0,64,Spliced,CASC15,Casc15,nucLib,stack,64,0.606274910491494
2,0,64,Spliced,CASC15,Casc15,nucLib,target_kmer,64,0.3405781651959525
2,0,64,Spliced,CASC15,Casc15,nucLib,composition,64,0.4852385148595546
2,0,64,Spliced,CASC15,Casc15,nucLib,sibling_uncalibrated,64,0.606274910491494
2,0,64,Spliced,CASC15,Casc15,nucLib,sibling_calibrated,64,0.606274910491494
2,0,64,Spliced,CBFA2T2,circCBFA2T2,circLib,stack,14,0.43567673018513464
2,0,64,Spliced,CBFA2T2,circCBFA2T2,circLib,target_kmer,14,0.9770208624652678
2,0,64,Spliced,CBFA2T2,circCBFA2T2,circLib,composition,14,0.36638972876513554
2,0,64,Spliced,CBFA2T2,circCBFA2T2,circLib,sibling_uncalibrated,14,0.43567673018513464
2,0,64,Spliced,CBFA2T2,circCBFA2T2,circLib,sibling_calibrated,14,0.43567673018513464
2,0,64,Spliced,ERBB2,circERBB2,circLib,stack,34,0.48086829592647073
2,0,64,Spliced,ERBB2,circERBB2,circLib,target_kmer,34,0.46636628879155306
2,0,64,Spliced,ERBB2,circERBB2,circLib,composition,34,0.4485502467251554
2,0,64,Spliced,ERBB2,circERBB2,circLib,sibling_uncalibrated,34,0.48086829592647073
2,0,64,Spliced,ERBB2,circERBB2,circLib,sibling_calibrated,34,0.48086829592647073
2,0,64,Spliced,HOXA-AS3,Hoxa-AS3,nucLib,stack,136,0.47462322311382665
2,0,64,Spliced,HOXA-AS3,Hoxa-AS3,nucLib,target_kmer,136,0.6114629912090626
2,0,64,Spliced,HOXA-AS3,Hoxa-AS3,nucLib,composition,136,0.41647869449914554
2,0,64,Spliced,HOXA-AS3,Hoxa-AS3,nucLib,sibling_uncalibrated,136,0.47462322311382665
2,0,64,Spliced,HOXA-AS3,Hoxa-AS3,nucLib,sibling_calibrated,136,0.47462322311382665
2,0,64,Spliced,IKBKB,circIKBKB,circLib,stack,11,0.5164923769756753
2,0,64,Spliced,IKBKB,circIKBKB,circLib,target_kmer,11,0.4968720275843364
2,0,64,Spliced,IKBKB,circIKBKB,circLib,composition,11,0.5164923769756753
2,0,64,Spliced,IKBKB,circIKBKB,circLib,sibling_uncalibrated,11,0.5164923769756753
2,0,64,Spliced,IKBKB,circIKBKB,circLib,sibling_calibrated,11,0.5164923769756753
2,0,64,Spliced,MIAT,Miat,nucLib,stack,370,0.4538856604119149
2,0,64,Spliced,MIAT,Miat,nucLib,target_kmer,370,0.554187192814914
2,0,64,Spliced,MIAT,Miat,nucLib,composition,370,0.3333362267055546
2,0,64,Spliced,MIAT,Miat,nucLib,sibling_uncalibrated,370,0.4538856604119149
2,0,64,Spliced,MIAT,Miat,nucLib,sibling_calibrated,370,0.4538856604119149
2,0,64,Spliced,XIST,Xist,nucLib,stack,280,0.4890972970070603
2,0,64,Spliced,XIST,Xist,nucLib,target_kmer,280,0.28416041372989126
2,0,64,Spliced,XIST,Xist,nucLib,composition,280,0.4076098719515515
2,0,64,Spliced,XIST,Xist,nucLib,sibling_uncalibrated,280,0.4890972970070603
2,0,64,Spliced,XIST,Xist,nucLib,sibling_calibrated,280,0.4890972970070603
2,0,64,Unspliced,ASAP1,circASAP1,circLib,stack,11,0.8234444645649636
2,0,64,Unspliced,ASAP1,circASAP1,circLib,target_kmer,11,0.8234444645649636
2,0,64,Unspliced,ASAP1,circASAP1,circLib,composition,11,0.6631100113228845
2,0,64,Unspliced,ASAP1,circASAP1,circLib,sibling_uncalibrated,11,0.8234444645649636
2,0,64,Unspliced,ASAP1,circASAP1,circLib,sibling_calibrated,11,0.8234444645649636
2,0,64,Unspliced,BBS9,circBBS91,circLib,stack,23,0.6562964099724198
2,0,64,Unspliced,BBS9,circBBS91,circLib,target_kmer,23,0.6656901674470057
2,0,64,Unspliced,BBS9,circBBS91,circLib,composition,23,0.7219824262779124
2,0,64,Unspliced,BBS9,circBBS91,circLib,sibling_uncalibrated,23,0.46302408963409997
2,0,64,Unspliced,BBS9,circBBS91,circLib,sibling_calibrated,23,0.46302408963409997
2,0,64,Unspliced,BBS9,circBBS92,circLib,stack,22,0.5934778479110548
2,0,64,Unspliced,BBS9,circBBS92,circLib,target_kmer,22,0.43987730268765174
2,0,64,Unspliced,BBS9,circBBS92,circLib,composition,22,0.09482495827853958
2,0,64,Unspliced,BBS9,circBBS92,circLib,sibling_uncalibrated,22,0.5934778479110548
2,0,64,Unspliced,BBS9,circBBS92,circLib,sibling_calibrated,22,0.5934778479110548
2,0,64,Unspliced,BCL11B,circBCL11B1,circLib,stack,19,0.5291152299730728
2,0,64,Unspliced,BCL11B,circBCL11B1,circLib,target_kmer,19,0.29737746761117395
2,0,64,Unspliced,BCL11B,circBCL11B1,circLib,composition,19,0.5631583879759458
2,0,64,Unspliced,BCL11B,circBCL11B1,circLib,sibling_uncalibrated,19,0.4691548300132502
2,0,64,Unspliced,BCL11B,circBCL11B1,circLib,sibling_calibrated,19,0.4691548300132502
2,0,64,Unspliced,BPTF,circBPTF1,circLib,stack,13,0.026703476562343325
2,0,64,Unspliced,BPTF,circBPTF1,circLib,target_kmer,13,0.026703476562343325
2,0,64,Unspliced,BPTF,circBPTF1,circLib,composition,13,0.509129330722689
2,0,64,Unspliced,BPTF,circBPTF1,circLib,sibling_uncalibrated,13,0.4264976476748698
2,0,64,Unspliced,BPTF,circBPTF1,circLib,sibling_calibrated,13,0.4264976476748698
2,0,64,Unspliced,BPTF,circBPTF2,circLib,stack,36,0.25216142366951116
2,0,64,Unspliced,BPTF,circBPTF2,circLib,target_kmer,36,0.3725217034001829
2,0,64,Unspliced,BPTF,circBPTF2,circLib,composition,36,0.36400052701720614
2,0,64,Unspliced,BPTF,circBPTF2,circLib,sibling_uncalibrated,36,0.2692356814809331
2,0,64,Unspliced,BPTF,circBPTF2,circLib,sibling_calibrated,36,0.2692356814809331
2,0,64,Unspliced,CASC15,Casc15,nucLib,stack,53,0.26734840132183524
2,0,64,Unspliced,CASC15,Casc15,nucLib,target_kmer,53,0.51343197302819
2,0,64,Unspliced,CASC15,Casc15,nucLib,composition,53,0.3066861926952217
2,0,64,Unspliced,CASC15,Casc15,nucLib,sibling_uncalibrated,53,0.24600515685430707
2,0,64,Unspliced,CASC15,Casc15,nucLib,sibling_calibrated,53,0.24600515685430707
2,0,64,Unspliced,CBFA2T2,circCBFA2T2,circLib,stack,13,0.5351442705109283
2,0,64,Unspliced,CBFA2T2,circCBFA2T2,circLib,target_kmer,13,0.6862099600776537
2,0,64,Unspliced,CBFA2T2,circCBFA2T2,circLib,composition,13,0.44493401401830496
2,0,64,Unspliced,CBFA2T2,circCBFA2T2,circLib,sibling_uncalibrated,13,0.35996216703102857
2,0,64,Unspliced,CBFA2T2,circCBFA2T2,circLib,sibling_calibrated,13,0.35996216703102857
2,0,64,Unspliced,ERBB2,circERBB2,circLib,stack,34,0.6284763922659178
2,0,64,Unspliced,ERBB2,circERBB2,circLib,target_kmer,34,0.43479338908040943
2,0,64,Unspliced,ERBB2,circERBB2,circLib,composition,34,0.7961953845965796
2,0,64,Unspliced,ERBB2,circERBB2,circLib,sibling_uncalibrated,34,0.641796487720081
2,0,64,Unspliced,ERBB2,circERBB2,circLib,sibling_calibrated,34,0.641796487720081
2,0,64,Unspliced,HOXA-AS3,Hoxa-AS3,nucLib,stack,119,0.3730286301114115
2,0,64,Unspliced,HOXA-AS3,Hoxa-AS3,nucLib,target_kmer,119,0.4164330754752028
2,0,64,Unspliced,HOXA-AS3,Hoxa-AS3,nucLib,composition,119,0.6576259810391879
2,0,64,Unspliced,HOXA-AS3,Hoxa-AS3,nucLib,sibling_uncalibrated,119,0.40119102054901445
2,0,64,Unspliced,HOXA-AS3,Hoxa-AS3,nucLib,sibling_calibrated,119,0.40119102054901445
2,0,64,Unspliced,IKBKB,circIKBKB,circLib,stack,11,0.2927165844395154
2,0,64,Unspliced,IKBKB,circIKBKB,circLib,target_kmer,11,0.19872579908870197
2,0,64,Unspliced,IKBKB,circIKBKB,circLib,composition,11,0.5773973441607329
2,0,64,Unspliced,IKBKB,circIKBKB,circLib,sibling_uncalibrated,11,0.3980627619868031
2,0,64,Unspliced,IKBKB,circIKBKB,circLib,sibling_calibrated,11,0.3980627619868031
2,0,64,Unspliced,MIAT,Miat,nucLib,stack,312,0.47267560862120517
2,0,64,Unspliced,MIAT,Miat,nucLib,target_kmer,312,0.5001772079946869
2,0,64,Unspliced,MIAT,Miat,nucLib,composition,312,0.43872217173298167
2,0,64,Unspliced,MIAT,Miat,nucLib,sibling_uncalibrated,312,0.3673167336044353
2,0,64,Unspliced,MIAT,Miat,nucLib,sibling_calibrated,312,0.3673167336044353
2,0,64,Unspliced,XIST,Xist,nucLib,stack,206,0.37536698777060973
2,0,64,Unspliced,XIST,Xist,nucLib,target_kmer,206,0.36725907159224075
2,0,64,Unspliced,XIST,Xist,nucLib,composition,206,0.38298759211260747
2,0,64,Unspliced,XIST,Xist,nucLib,sibling_uncalibrated,206,0.41473524994478095
2,0,64,Unspliced,XIST,Xist,nucLib,sibling_calibrated,206,0.41473524994478095
2,0,64,Circular,BBS9,circBBS91,circLib,stack,21,0.11516868283492371
2,0,64,Circular,BBS9,circBBS91,circLib,target_kmer,21,0.49203128917698247
2,0,64,Circular,BBS9,circBBS91,circLib,composition,21,0.7466400086477643
2,0,64,Circular,BBS9,circBBS91,circLib,sibling_uncalibrated,21,0.18174545254204122
2,0,64,Circular,BBS9,circBBS91,circLib,sibling_calibrated,21,0.18174545254204122
2,0,64,Circular,BBS9,circBBS92,circLib,stack,20,0.40211458453162074
2,0,64,Circular,BBS9,circBBS92,circLib,target_kmer,20,0.19280130719758817
2,0,64,Circular,BBS9,circBBS92,circLib,composition,20,0.3160029786540902
2,0,64,Circular,BBS9,circBBS92,circLib,sibling_uncalibrated,20,0.38261624704154973
2,0,64,Circular,BBS9,circBBS92,circLib,sibling_calibrated,20,0.38261624704154973
2,0,64,Circular,BCL11B,circBCL11B1,circLib,stack,16,0.33117914194545833
2,0,64,Circular,BCL11B,circBCL11B1,circLib,target_kmer,16,0.5178189646851509
2,0,64,Circular,BCL11B,circBCL11B1,circLib,composition,16,0.516979158587922
2,0,64,Circular,BCL11B,circBCL11B1,circLib,sibling_uncalibrated,16,0.33117914194545833
2,0,64,Circular,BCL11B,circBCL11B1,circLib,sibling_calibrated,16,0.33117914194545833
2,0,64,Circular,BPTF,circBPTF1,circLib,stack,12,0.2181318696659345
2,0,64,Circular,BPTF,circBPTF1,circLib,target_kmer,12,0.574065430746714
2,0,64,Circular,BPTF,circBPTF1,circLib,composition,12,0.259503462877906
2,0,64,Circular,BPTF,circBPTF1,circLib,sibling_uncalibrated,12,0.7404965371220942
2,0,64,Circular,BPTF,circBPTF1,circLib,sibling_calibrated,12,0.7404965371220942
2,0,64,Circular,BPTF,circBPTF2,circLib,stack,34,0.11811894214642564
2,0,64,Circular,BPTF,circBPTF2,circLib,target_kmer,34,0.5556919715792485
2,0,64,Circular,BPTF,circBPTF2,circLib,composition,34,0.43014216665096916
2,0,64,Circular,BPTF,circBPTF2,circLib,sibling_uncalibrated,34,0.10866457887849533
2,0,64,Circular,BPTF,circBPTF2,circLib,sibling_calibrated,34,0.10866457887849533
2,0,64,Circular,CASC15,Casc15,nucLib,stack,57,0.49745163864126307
2,0,64,Circular,CASC15,Casc15,nucLib,target_kmer,57,0.30041188103139355
2,0,64,Circular,CASC15,Casc15,nucLib,composition,57,0.524388436034711
2,0,64,Circular,CASC15,Casc15,nucLib,sibling_uncalibrated,57,0.3592581575069359
2,0,64,Circular,CASC15,Casc15,nucLib,sibling_calibrated,57,0.3592581575069359
2,0,64,Circular,CBFA2T2,circCBFA2T2,circLib,stack,12,0.6095234087792045
2,0,64,Circular,CBFA2T2,circCBFA2T2,circLib,target_kmer,12,0.6234486832134066
2,0,64,Circular,CBFA2T2,circCBFA2T2,circLib,composition,12,0.6095234087792045
2,0,64,Circular,CBFA2T2,circCBFA2T2,circLib,sibling_uncalibrated,12,0.6095234087792045
2,0,64,Circular,CBFA2T2,circCBFA2T2,circLib,sibling_calibrated,12,0.6095234087792045
2,0,64,Circular,ERBB2,circERBB2,circLib,stack,34,0.4968376159670313
2,0,64,Circular,ERBB2,circERBB2,circLib,target_kmer,34,0.5154003627100081
2,0,64,Circular,ERBB2,circERBB2,circLib,composition,34,0.6118518214272242
2,0,64,Circular,ERBB2,circERBB2,circLib,sibling_uncalibrated,34,0.3997464631770443
2,0,64,Circular,ERBB2,circERBB2,circLib,sibling_calibrated,34,0.3997464631770443
2,0,64,Circular,HOXA-AS3,Hoxa-AS3,nucLib,stack,130,0.3666025877488839
2,0,64,Circular,HOXA-AS3,Hoxa-AS3,nucLib,target_kmer,130,0.4610655208165463
2,0,64,Circular,HOXA-AS3,Hoxa-AS3,nucLib,composition,130,0.3350527609321011
2,0,64,Circular,HOXA-AS3,Hoxa-AS3,nucLib,sibling_uncalibrated,130,0.37550511386962016
2,0,64,Circular,HOXA-AS3,Hoxa-AS3,nucLib,sibling_calibrated,130,0.37550511386962016
2,0,64,Circular,IKBKB,circIKBKB,circLib,stack,10,0.3817880672176142
2,0,64,Circular,IKBKB,circIKBKB,circLib,target_kmer,10,0.3817880672176142
2,0,64,Circular,IKBKB,circIKBKB,circLib,composition,10,0.6276313533582843
2,0,64,Circular,IKBKB,circIKBKB,circLib,sibling_uncalibrated,10,0.4150513183337689
2,0,64,Circular,IKBKB,circIKBKB,circLib,sibling_calibrated,10,0.4150513183337689
2,0,64,Circular,MIAT,Miat,nucLib,stack,344,0.29014701529833936
2,0,64,Circular,MIAT,Miat,nucLib,target_kmer,344,0.25167514276128133
2,0,64,Circular,MIAT,Miat,nucLib,composition,344,0.41760185062666527
2,0,64,Circular,MIAT,Miat,nucLib,sibling_uncalibrated,344,0.3844067235673758
2,0,64,Circular,MIAT,Miat,nucLib,sibling_calibrated,344,0.3844067235673758
2,0,64,Circular,XIST,Xist,nucLib,stack,246,0.4593798540081911
2,0,64,Circular,XIST,Xist,nucLib,target_kmer,246,0.2547253196218987
2,0,64,Circular,XIST,Xist,nucLib,composition,246,0.48638688804405333
2,0,64,Circular,XIST,Xist,nucLib,sibling_uncalibrated,246,0.4593798540081911
2,0,64,Circular,XIST,Xist,nucLib,sibling_calibrated,246,0.4593798540081911
2,0,64,SCRCircular,ASAP1,circASAP1,circLib,stack,12,0.1935873806440856
2,0,64,SCRCircular,ASAP1,circASAP1,circLib,target_kmer,12,0.11055870921277326
2,0,64,SCRCircular,ASAP1,circASAP1,circLib,composition,12,0.11055870921277326
2,0,64,SCRCircular,ASAP1,circASAP1,circLib,sibling_uncalibrated,12,0.7777666978041669
2,0,64,SCRCircular,ASAP1,circASAP1,circLib,sibling_calibrated,12,0.7777666978041669
2,0,64,SCRCircular,BBS9,circBBS91,circLib,stack,23,0.0720685234000064
2,0,64,SCRCircular,BBS9,circBBS91,circLib,target_kmer,23,0.2870579981124686
2,0,64,SCRCircular,BBS9,circBBS91,circLib,composition,23,0.5558142869685191
2,0,64,SCRCircular,BBS9,circBBS91,circLib,sibling_uncalibrated,23,0.0720685234000064
2,0,64,SCRCircular,BBS9,circBBS91,circLib,sibling_calibrated,23,0.0720685234000064
2,0,64,SCRCircular,BBS9,circBBS92,circLib,stack,22,0.4789387620037958
2,0,64,SCRCircular,BBS9,circBBS92,circLib,target_kmer,22,0.5347747851168559
2,0,64,SCRCircular,BBS9,circBBS92,circLib,composition,22,0.3931006970910103
2,0,64,SCRCircular,BBS9,circBBS92,circLib,sibling_uncalibrated,22,0.443501675496094
2,0,64,SCRCircular,BBS9,circBBS92,circLib,sibling_calibrated,22,0.443501675496094
2,0,64,SCRCircular,BCL11B,circBCL11B1,circLib,stack,19,0.17933367820968174
2,0,64,SCRCircular,BCL11B,circBCL11B1,circLib,target_kmer,19,0.2726605859357171
2,0,64,SCRCircular,BCL11B,circBCL11B1,circLib,composition,19,0.6655931318006743
2,0,64,SCRCircular,BCL11B,circBCL11B1,circLib,sibling_uncalibrated,19,0.4124107752200683
2,0,64,SCRCircular,BCL11B,circBCL11B1,circLib,sibling_calibrated,19,0.4124107752200683
2,0,64,SCRCircular,BPTF,circBPTF1,circLib,stack,14,0.37810722410045206
2,0,64,SCRCircular,BPTF,circBPTF1,circLib,target_kmer,14,0.2687374252043066
2,0,64,SCRCircular,BPTF,circBPTF1,circLib,composition,14,0.37810722410045206
2,0,64,SCRCircular,BPTF,circBPTF1,circLib,sibling_uncalibrated,14,0.37810722410045206
2,0,64,SCRCircular,BPTF,circBPTF1,circLib,sibling_calibrated,14,0.37810722410045206
2,0,64,SCRCircular,BPTF,circBPTF2,circLib,stack,37,0.36714147521267804
2,0,64,SCRCircular,BPTF,circBPTF2,circLib,target_kmer,37,0.6946742676462884
2,0,64,SCRCircular,BPTF,circBPTF2,circLib,composition,37,0.46745653698979384
2,0,64,SCRCircular,BPTF,circBPTF2,circLib,sibling_uncalibrated,37,0.4261746491322839
2,0,64,SCRCircular,BPTF,circBPTF2,circLib,sibling_calibrated,37,0.4261746491322839
2,0,64,SCRCircular,CASC15,Casc15,nucLib,stack,66,0.5087542331659551
2,0,64,SCRCircular,CASC15,Casc15,nucLib,target_kmer,66,0.6419238851118104
2,0,64,SCRCircular,CASC15,Casc15,nucLib,composition,66,0.3748748115826869
2,0,64,SCRCircular,CASC15,Casc15,nucLib,sibling_uncalibrated,66,0.23507465832615212
2,0,64,SCRCircular,CASC15,Casc15,nucLib,sibling_calibrated,66,0.23507465832615212
2,0,64,SCRCircular,CBFA2T2,circCBFA2T2,circLib,stack,14,0.2394108893126486
2,0,64,SCRCircular,CBFA2T2,circCBFA2T2,circLib,target_kmer,14,0.31804763906720895
2,0,64,SCRCircular,CBFA2T2,circCBFA2T2,circLib,composition,14,0.22260155185301492
2,0,64,SCRCircular,CBFA2T2,circCBFA2T2,circLib,sibling_uncalibrated,14,0.2394108893126486
2,0,64,SCRCircular,CBFA2T2,circCBFA2T2,circLib,sibling_calibrated,14,0.2394108893126486
2,0,64,SCRCircular,CCNL1,Ccnl1,nucLib,stack,11,0.7149077051364331
2,0,64,SCRCircular,CCNL1,Ccnl1,nucLib,target_kmer,11,0.05881135428283077
2,0,64,SCRCircular,CCNL1,Ccnl1,nucLib,composition,11,0.592063945700339
2,0,64,SCRCircular,CCNL1,Ccnl1,nucLib,sibling_uncalibrated,11,0.6889145354924798
2,0,64,SCRCircular,CCNL1,Ccnl1,nucLib,sibling_calibrated,11,0.6889145354924798
2,0,64,SCRCircular,ERBB2,circERBB2,circLib,stack,34,0.21299773375152042
2,0,64,SCRCircular,ERBB2,circERBB2,circLib,target_kmer,34,0.21275790592530613
2,0,64,SCRCircular,ERBB2,circERBB2,circLib,composition,34,0.7285161975184911
2,0,64,SCRCircular,ERBB2,circERBB2,circLib,sibling_uncalibrated,34,0.21299773375152042
2,0,64,SCRCircular,ERBB2,circERBB2,circLib,sibling_calibrated,34,0.21299773375152042
2,0,64,SCRCircular,HOXA-AS3,Hoxa-AS3,nucLib,stack,142,0.4618258613511227
2,0,64,SCRCircular,HOXA-AS3,Hoxa-AS3,nucLib,target_kmer,142,0.33143862845051886
2,0,64,SCRCircular,HOXA-AS3,Hoxa-AS3,nucLib,composition,142,0.2720299836593234
2,0,64,SCRCircular,HOXA-AS3,Hoxa-AS3,nucLib,sibling_uncalibrated,142,0.1844140831730438
2,0,64,SCRCircular,HOXA-AS3,Hoxa-AS3,nucLib,sibling_calibrated,142,0.1844140831730438
2,0,64,SCRCircular,IKBKB,circIKBKB,circLib,stack,11,0.16653157355059212
2,0,64,SCRCircular,IKBKB,circIKBKB,circLib,target_kmer,11,0.4806442864877628
2,0,64,SCRCircular,IKBKB,circIKBKB,circLib,composition,11,0.4744238409693608
2,0,64,SCRCircular,IKBKB,circIKBKB,circLib,sibling_uncalibrated,11,0.37840631780001344
2,0,64,SCRCircular,IKBKB,circIKBKB,circLib,sibling_calibrated,11,0.37840631780001344
2,0,64,SCRCircular,MIAT,Miat,nucLib,stack,382,0.3907504626758074
2,0,64,SCRCircular,MIAT,Miat,nucLib,target_kmer,382,0.48141215513195856
2,0,64,SCRCircular,MIAT,Miat,nucLib,composition,382,0.4599165453623591
2,0,64,SCRCircular,MIAT,Miat,nucLib,sibling_uncalibrated,382,0.34403036549816124
2,0,64,SCRCircular,MIAT,Miat,nucLib,sibling_calibrated,382,0.34403036549816124
2,0,64,SCRCircular,XIST,Xist,nucLib,stack,328,0.4357149755689256
2,0,64,SCRCircular,XIST,Xist,nucLib,target_kmer,328,0.4766749760935558
2,0,64,SCRCircular,XIST,Xist,nucLib,composition,328,0.4895882368371476
2,0,64,SCRCircular,XIST,Xist,nucLib,sibling_uncalibrated,328,0.42188475782354773
2,0,64,SCRCircular,XIST,Xist,nucLib,sibling_calibrated,328,0.42188475782354773
2,0,256,Spliced,ASAP1,circASAP1,circLib,stack,10,0.5475883189497566
2,0,256,Spliced,ASAP1,circASAP1,circLib,target_kmer,10,0.5609182260873647
2,0,256,Spliced,ASAP1,circASAP1,circLib,composition,10,0.14360723263717215
2,0,256,Spliced,ASAP1,circASAP1,circLib,sibling_uncalibrated,10,0.5475883189497566
2,0,256,Spliced,ASAP1,circASAP1,circLib,sibling_calibrated,10,0.5475883189497566
2,0,256,Spliced,BBS9,circBBS91,circLib,stack,23,0.42275388025386773
2,0,256,Spliced,BBS9,circBBS91,circLib,target_kmer,23,0.8510077029461681
2,0,256,Spliced,BBS9,circBBS91,circLib,composition,23,0.32703700436851374
2,0,256,Spliced,BBS9,circBBS91,circLib,sibling_uncalibrated,23,0.510411548877221
2,0,256,Spliced,BBS9,circBBS91,circLib,sibling_calibrated,23,0.510411548877221
2,0,256,Spliced,BBS9,circBBS92,circLib,stack,22,0.4880017029415438
2,0,256,Spliced,BBS9,circBBS92,circLib,target_kmer,22,0.4593613945257674
2,0,256,Spliced,BBS9,circBBS92,circLib,composition,22,0.2496912444223936
2,0,256,Spliced,BBS9,circBBS92,circLib,sibling_uncalibrated,22,0.5720187314685058
2,0,256,Spliced,BBS9,circBBS92,circLib,sibling_calibrated,22,0.5720187314685058
2,0,256,Spliced,BCL11B,circBCL11B1,circLib,stack,19,0.679543515152089
2,0,256,Spliced,BCL11B,circBCL11B1,circLib,target_kmer,19,0.8198053443944973
2,0,256,Spliced,BCL11B,circBCL11B1,circLib,composition,19,0.43923773860454507
2,0,256,Spliced,BCL11B,circBCL11B1,circLib,sibling_uncalibrated,19,0.43923773860454507
2,0,256,Spliced,BCL11B,circBCL11B1,circLib,sibling_calibrated,19,0.43923773860454507
2,0,256,Spliced,BPTF,circBPTF1,circLib,stack,13,0.2974007998616624
2,0,256,Spliced,BPTF,circBPTF1,circLib,target_kmer,13,0.34533391939327485
2,0,256,Spliced,BPTF,circBPTF1,circLib,composition,13,0.4535831108825397
2,0,256,Spliced,BPTF,circBPTF1,circLib,sibling_uncalibrated,13,0.2584040480594283
2,0,256,Spliced,BPTF,circBPTF1,circLib,sibling_calibrated,13,0.2584040480594283
2,0,256,Spliced,BPTF,circBPTF2,circLib,stack,37,0.33435148190761915
2,0,256,Spliced,BPTF,circBPTF2,circLib,target_kmer,37,0.21626949598162531
2,0,256,Spliced,BPTF,circBPTF2,circLib,composition,37,0.1958955732667248
2,0,256,Spliced,BPTF,circBPTF2,circLib,sibling_uncalibrated,37,0.38713990972004164
2,0,256,Spliced,BPTF,circBPTF2,circLib,sibling_calibrated,37,0.38713990972004164
2,0,256,Spliced,CASC15,Casc15,nucLib,stack,64,0.49387096528455143
2,0,256,Spliced,CASC15,Casc15,nucLib,target_kmer,64,0.27370476817579753
2,0,256,Spliced,CASC15,Casc15,nucLib,composition,64,0.4852385148595546
2,0,256,Spliced,CASC15,Casc15,nucLib,sibling_uncalibrated,64,0.606274910491494
2,0,256,Spliced,CASC15,Casc15,nucLib,sibling_calibrated,64,0.606274910491494
2,0,256,Spliced,CBFA2T2,circCBFA2T2,circLib,stack,14,0.4197586514170675
2,0,256,Spliced,CBFA2T2,circCBFA2T2,circLib,target_kmer,14,0.7488468177365424
2,0,256,Spliced,CBFA2T2,circCBFA2T2,circLib,composition,14,0.3823078075332027
2,0,256,Spliced,CBFA2T2,circCBFA2T2,circLib,sibling_uncalibrated,14,0.43567673018513464
2,0,256,Spliced,CBFA2T2,circCBFA2T2,circLib,sibling_calibrated,14,0.43567673018513464
2,0,256,Spliced,ERBB2,circERBB2,circLib,stack,34,0.48086829592647073
2,0,256,Spliced,ERBB2,circERBB2,circLib,target_kmer,34,0.4613054466209806
2,0,256,Spliced,ERBB2,circERBB2,circLib,composition,34,0.4624479176405169
2,0,256,Spliced,ERBB2,circERBB2,circLib,sibling_uncalibrated,34,0.48086829592647073
2,0,256,Spliced,ERBB2,circERBB2,circLib,sibling_calibrated,34,0.48086829592647073
2,0,256,Spliced,HOXA-AS3,Hoxa-AS3,nucLib,stack,136,0.2721708273285294
2,0,256,Spliced,HOXA-AS3,Hoxa-AS3,nucLib,target_kmer,136,0.3030181779557099
2,0,256,Spliced,HOXA-AS3,Hoxa-AS3,nucLib,composition,136,0.28567325132908883
2,0,256,Spliced,HOXA-AS3,Hoxa-AS3,nucLib,sibling_uncalibrated,136,0.47462322311382665
2,0,256,Spliced,HOXA-AS3,Hoxa-AS3,nucLib,sibling_calibrated,136,0.47462322311382665
2,0,256,Spliced,IKBKB,circIKBKB,circLib,stack,11,0.5164923769756753
2,0,256,Spliced,IKBKB,circIKBKB,circLib,target_kmer,11,0.33803126733910605
2,0,256,Spliced,IKBKB,circIKBKB,circLib,composition,11,0.6853593871449016
2,0,256,Spliced,IKBKB,circIKBKB,circLib,sibling_uncalibrated,11,0.5164923769756753
2,0,256,Spliced,IKBKB,circIKBKB,circLib,sibling_calibrated,11,0.5164923769756753
2,0,256,Spliced,MIAT,Miat,nucLib,stack,370,0.3528527707250602
2,0,256,Spliced,MIAT,Miat,nucLib,target_kmer,370,0.28989102299152536
2,0,256,Spliced,MIAT,Miat,nucLib,composition,370,0.3333362267055546
2,0,256,Spliced,MIAT,Miat,nucLib,sibling_uncalibrated,370,0.4538856604119149
2,0,256,Spliced,MIAT,Miat,nucLib,sibling_calibrated,370,0.4538856604119149
2,0,256,Spliced,XIST,Xist,nucLib,stack,280,0.37243712149628827
2,0,256,Spliced,XIST,Xist,nucLib,target_kmer,280,0.29264449313021434
2,0,256,Spliced,XIST,Xist,nucLib,composition,280,0.4727342034255153
2,0,256,Spliced,XIST,Xist,nucLib,sibling_uncalibrated,280,0.4890972970070603
2,0,256,Spliced,XIST,Xist,nucLib,sibling_calibrated,280,0.4890972970070603
2,0,256,Unspliced,ASAP1,circASAP1,circLib,stack,11,0.8234444645649636
2,0,256,Unspliced,ASAP1,circASAP1,circLib,target_kmer,11,0.5976065602532363
2,0,256,Unspliced,ASAP1,circASAP1,circLib,composition,11,0.48147503339994613
2,0,256,Unspliced,ASAP1,circASAP1,circLib,sibling_uncalibrated,11,0.8234444645649636
2,0,256,Unspliced,ASAP1,circASAP1,circLib,sibling_calibrated,11,0.8234444645649636
2,0,256,Unspliced,BBS9,circBBS91,circLib,stack,23,0.3847220311529745
2,0,256,Unspliced,BBS9,circBBS91,circLib,target_kmer,23,0.47771199998056507
2,0,256,Unspliced,BBS9,circBBS91,circLib,composition,23,0.4912782779270726
2,0,256,Unspliced,BBS9,circBBS91,circLib,sibling_uncalibrated,23,0.46302408963409997
2,0,256,Unspliced,BBS9,circBBS91,circLib,sibling_calibrated,23,0.46302408963409997
2,0,256,Unspliced,BBS9,circBBS92,circLib,stack,22,0.5934778479110548
2,0,256,Unspliced,BBS9,circBBS92,circLib,target_kmer,22,0.4328038927416782
2,0,256,Unspliced,BBS9,circBBS92,circLib,composition,22,0.4538545040851337
2,0,256,Unspliced,BBS9,circBBS92,circLib,sibling_uncalibrated,22,0.5934778479110548
2,0,256,Unspliced,BBS9,circBBS92,circLib,sibling_calibrated,22,0.5934778479110548
2,0,256,Unspliced,BCL11B,circBCL11B1,circLib,stack,19,0.4691548300132502
2,0,256,Unspliced,BCL11B,circBCL11B1,circLib,target_kmer,19,0.7509420178910073
2,0,256,Unspliced,BCL11B,circBCL11B1,circLib,composition,19,0.8342987969001749
2,0,256,Unspliced,BCL11B,circBCL11B1,circLib,sibling_uncalibrated,19,0.4691548300132502
2,0,256,Unspliced,BCL11B,circBCL11B1,circLib,sibling_calibrated,19,0.4691548300132502
2,0,256,Unspliced,BPTF,circBPTF1,circLib,stack,13,0.0
2,0,256,Unspliced,BPTF,circBPTF1,circLib,target_kmer,13,0.026703476562343325
2,0,256,Unspliced,BPTF,circBPTF1,circLib,composition,13,0.6016841296496398
2,0,256,Unspliced,BPTF,circBPTF1,circLib,sibling_uncalibrated,13,0.4264976476748698
2,0,256,Unspliced,BPTF,circBPTF1,circLib,sibling_calibrated,13,0.4264976476748698
2,0,256,Unspliced,BPTF,circBPTF2,circLib,stack,36,0.2692356814809331
2,0,256,Unspliced,BPTF,circBPTF2,circLib,target_kmer,36,0.24214581930773182
2,0,256,Unspliced,BPTF,circBPTF2,circLib,composition,36,0.302099782945508
2,0,256,Unspliced,BPTF,circBPTF2,circLib,sibling_uncalibrated,36,0.2692356814809331
2,0,256,Unspliced,BPTF,circBPTF2,circLib,sibling_calibrated,36,0.2692356814809331
2,0,256,Unspliced,CASC15,Casc15,nucLib,stack,53,0.26734840132183524
2,0,256,Unspliced,CASC15,Casc15,nucLib,target_kmer,53,0.6671356475358317
2,0,256,Unspliced,CASC15,Casc15,nucLib,composition,53,0.24600515685430707
2,0,256,Unspliced,CASC15,Casc15,nucLib,sibling_uncalibrated,53,0.24600515685430707
2,0,256,Unspliced,CASC15,Casc15,nucLib,sibling_calibrated,53,0.24600515685430707
2,0,256,Unspliced,CBFA2T2,circCBFA2T2,circLib,stack,13,0.35996216703102857
2,0,256,Unspliced,CBFA2T2,circCBFA2T2,circLib,target_kmer,13,0.7485648026822985
2,0,256,Unspliced,CBFA2T2,circCBFA2T2,circLib,composition,13,0.2905560686398232
2,0,256,Unspliced,CBFA2T2,circCBFA2T2,circLib,sibling_uncalibrated,13,0.35996216703102857
2,0,256,Unspliced,CBFA2T2,circCBFA2T2,circLib,sibling_calibrated,13,0.35996216703102857
2,0,256,Unspliced,ERBB2,circERBB2,circLib,stack,34,0.5547119231983203
2,0,256,Unspliced,ERBB2,circERBB2,circLib,target_kmer,34,0.657287927825921
2,0,256,Unspliced,ERBB2,circERBB2,circLib,composition,34,0.26374583505885246
2,0,256,Unspliced,ERBB2,circERBB2,circLib,sibling_uncalibrated,34,0.641796487720081
2,0,256,Unspliced,ERBB2,circERBB2,circLib,sibling_calibrated,34,0.641796487720081
2,0,256,Unspliced,HOXA-AS3,Hoxa-AS3,nucLib,stack,119,0.4256128655671051
2,0,256,Unspliced,HOXA-AS3,Hoxa-AS3,nucLib,target_kmer,119,0.5113501904977991
2,0,256,Unspliced,HOXA-AS3,Hoxa-AS3,nucLib,composition,119,0.42814244818605124
2,0,256,Unspliced,HOXA-AS3,Hoxa-AS3,nucLib,sibling_uncalibrated,119,0.40119102054901445
2,0,256,Unspliced,HOXA-AS3,Hoxa-AS3,nucLib,sibling_calibrated,119,0.40119102054901445
2,0,256,Unspliced,IKBKB,circIKBKB,circLib,stack,11,0.4129379367941013
2,0,256,Unspliced,IKBKB,circIKBKB,circLib,target_kmer,11,0.3980627619868031
2,0,256,Unspliced,IKBKB,circIKBKB,circLib,composition,11,0.5773973441607329
2,0,256,Unspliced,IKBKB,circIKBKB,circLib,sibling_uncalibrated,11,0.3980627619868031
2,0,256,Unspliced,IKBKB,circIKBKB,circLib,sibling_calibrated,11,0.3980627619868031
2,0,256,Unspliced,MIAT,Miat,nucLib,stack,312,0.5032981834591335
2,0,256,Unspliced,MIAT,Miat,nucLib,target_kmer,312,0.3283658449958551
2,0,256,Unspliced,MIAT,Miat,nucLib,composition,312,0.4991225750227201
2,0,256,Unspliced,MIAT,Miat,nucLib,sibling_uncalibrated,312,0.3673167336044353
2,0,256,Unspliced,MIAT,Miat,nucLib,sibling_calibrated,312,0.3673167336044353
2,0,256,Unspliced,XIST,Xist,nucLib,stack,206,0.5319874789941723
2,0,256,Unspliced,XIST,Xist,nucLib,target_kmer,206,0.650550908312629
2,0,256,Unspliced,XIST,Xist,nucLib,composition,206,0.3603644319537176
2,0,256,Unspliced,XIST,Xist,nucLib,sibling_uncalibrated,206,0.41473524994478095
2,0,256,Unspliced,XIST,Xist,nucLib,sibling_calibrated,206,0.41473524994478095
2,0,256,Circular,BBS9,circBBS91,circLib,stack,21,0.11516868283492371
2,0,256,Circular,BBS9,circBBS91,circLib,target_kmer,21,0.5536966232147841
2,0,256,Circular,BBS9,circBBS91,circLib,composition,21,0.7865607796381566
2,0,256,Circular,BBS9,circBBS91,circLib,sibling_uncalibrated,21,0.18174545254204122
2,0,256,Circular,BBS9,circBBS91,circLib,sibling_calibrated,21,0.18174545254204122
2,0,256,Circular,BBS9,circBBS92,circLib,stack,20,0.40211458453162074
2,0,256,Circular,BBS9,circBBS92,circLib,target_kmer,20,0.10045612849949147
2,0,256,Circular,BBS9,circBBS92,circLib,composition,20,0.6854025296806417
2,0,256,Circular,BBS9,circBBS92,circLib,sibling_uncalibrated,20,0.38261624704154973
2,0,256,Circular,BBS9,circBBS92,circLib,sibling_calibrated,20,0.38261624704154973
2,0,256,Circular,BCL11B,circBCL11B1,circLib,stack,16,0.33117914194545833
2,0,256,Circular,BCL11B,circBCL11B1,circLib,target_kmer,16,0.5715217701400277
2,0,256,Circular,BCL11B,circBCL11B1,circLib,composition,16,0.450816300837268
2,0,256,Circular,BCL11B,circBCL11B1,circLib,sibling_uncalibrated,16,0.33117914194545833
2,0,256,Circular,BCL11B,circBCL11B1,circLib,sibling_calibrated,16,0.33117914194545833
2,0,256,Circular,BPTF,circBPTF1,circLib,stack,12,0.2181318696659345
2,0,256,Circular,BPTF,circBPTF1,circLib,target_kmer,12,0.5636343561712589
2,0,256,Circular,BPTF,circBPTF1,circLib,composition,12,0.09537784086155782
2,0,256,Circular,BPTF,circBPTF1,circLib,sibling_uncalibrated,12,0.7404965371220942
2,0,256,Circular,BPTF,circBPTF1,circLib,sibling_calibrated,12,0.7404965371220942
2,0,256,Circular,BPTF,circBPTF2,circLib,stack,34,0.11811894214642564
2,0,256,Circular,BPTF,circBPTF2,circLib,target_kmer,34,0.454224500282046
2,0,256,Circular,BPTF,circBPTF2,circLib,composition,34,0.30825875623604204
2,0,256,Circular,BPTF,circBPTF2,circLib,sibling_uncalibrated,34,0.10866457887849533
2,0,256,Circular,BPTF,circBPTF2,circLib,sibling_calibrated,34,0.10866457887849533
2,0,256,Circular,CASC15,Casc15,nucLib,stack,57,0.49745163864126307
2,0,256,Circular,CASC15,Casc15,nucLib,target_kmer,57,0.48502088018883194
2,0,256,Circular,CASC15,Casc15,nucLib,composition,57,0.37924712830849616
2,0,256,Circular,CASC15,Casc15,nucLib,sibling_uncalibrated,57,0.3592581575069359
2,0,256,Circular,CASC15,Casc15,nucLib,sibling_calibrated,57,0.3592581575069359
2,0,256,Circular,CBFA2T2,circCBFA2T2,circLib,stack,12,0.6095234087792045
2,0,256,Circular,CBFA2T2,circCBFA2T2,circLib,target_kmer,12,0.12153106347402962
2,0,256,Circular,CBFA2T2,circCBFA2T2,circLib,composition,12,0.6095234087792045
2,0,256,Circular,CBFA2T2,circCBFA2T2,circLib,sibling_uncalibrated,12,0.6095234087792045
2,0,256,Circular,CBFA2T2,circCBFA2T2,circLib,sibling_calibrated,12,0.6095234087792045
2,0,256,Circular,ERBB2,circERBB2,circLib,stack,34,0.4968376159670313
2,0,256,Circular,ERBB2,circERBB2,circLib,target_kmer,34,0.9430433562234414
2,0,256,Circular,ERBB2,circERBB2,circLib,composition,34,0.3985500429288717
2,0,256,Circular,ERBB2,circERBB2,circLib,sibling_uncalibrated,34,0.3997464631770443
2,0,256,Circular,ERBB2,circERBB2,circLib,sibling_calibrated,34,0.3997464631770443
2,0,256,Circular,HOXA-AS3,Hoxa-AS3,nucLib,stack,130,0.3666025877488839
2,0,256,Circular,HOXA-AS3,Hoxa-AS3,nucLib,target_kmer,130,0.441881278657105
2,0,256,Circular,HOXA-AS3,Hoxa-AS3,nucLib,composition,130,0.5183020221797593
2,0,256,Circular,HOXA-AS3,Hoxa-AS3,nucLib,sibling_uncalibrated,130,0.37550511386962016
2,0,256,Circular,HOXA-AS3,Hoxa-AS3,nucLib,sibling_calibrated,130,0.37550511386962016
2,0,256,Circular,IKBKB,circIKBKB,circLib,stack,10,0.3817880672176142
2,0,256,Circular,IKBKB,circIKBKB,circLib,target_kmer,10,0.26962233202031793
2,0,256,Circular,IKBKB,circIKBKB,circLib,composition,10,0.3817880672176142
2,0,256,Circular,IKBKB,circIKBKB,circLib,sibling_uncalibrated,10,0.4150513183337689
2,0,256,Circular,IKBKB,circIKBKB,circLib,sibling_calibrated,10,0.4150513183337689
2,0,256,Circular,MIAT,Miat,nucLib,stack,344,0.4501649895467077
2,0,256,Circular,MIAT,Miat,nucLib,target_kmer,344,0.4228246033969474
2,0,256,Circular,MIAT,Miat,nucLib,composition,344,0.3753334391894585
2,0,256,Circular,MIAT,Miat,nucLib,sibling_uncalibrated,344,0.3844067235673758
2,0,256,Circular,MIAT,Miat,nucLib,sibling_calibrated,344,0.3844067235673758
2,0,256,Circular,XIST,Xist,nucLib,stack,246,0.4593798540081911
2,0,256,Circular,XIST,Xist,nucLib,target_kmer,246,0.3350201436541176
2,0,256,Circular,XIST,Xist,nucLib,composition,246,0.4844563336393702
2,0,256,Circular,XIST,Xist,nucLib,sibling_uncalibrated,246,0.4593798540081911
2,0,256,Circular,XIST,Xist,nucLib,sibling_calibrated,246,0.4593798540081911
2,0,256,SCRCircular,ASAP1,circASAP1,circLib,stack,12,0.31599578578425036
2,0,256,SCRCircular,ASAP1,circASAP1,circLib,target_kmer,12,0.14702025158525492
2,0,256,SCRCircular,ASAP1,circASAP1,circLib,composition,12,0.11055870921277326
2,0,256,SCRCircular,ASAP1,circASAP1,circLib,sibling_uncalibrated,12,0.7777666978041669
2,0,256,SCRCircular,ASAP1,circASAP1,circLib,sibling_calibrated,12,0.7777666978041669
2,0,256,SCRCircular,BBS9,circBBS91,circLib,stack,23,0.0720685234000064
2,0,256,SCRCircular,BBS9,circBBS91,circLib,target_kmer,23,0.0
2,0,256,SCRCircular,BBS9,circBBS91,circLib,composition,23,0.5268912218121778
2,0,256,SCRCircular,BBS9,circBBS91,circLib,sibling_uncalibrated,23,0.0720685234000064
2,0,256,SCRCircular,BBS9,circBBS91,circLib,sibling_calibrated,23,0.0720685234000064
2,0,256,SCRCircular,BBS9,circBBS92,circLib,stack,22,0.4789387620037958
2,0,256,SCRCircular,BBS9,circBBS92,circLib,target_kmer,22,0.47491812065568445
2,0,256,SCRCircular,BBS9,circBBS92,circLib,composition,22,0.4789387620037958
2,0,256,SCRCircular,BBS9,circBBS92,circLib,sibling_uncalibrated,22,0.443501675496094
2,0,256,SCRCircular,BBS9,circBBS92,circLib,sibling_calibrated,22,0.443501675496094
2,0,256,SCRCircular,BCL11B,circBCL11B1,circLib,stack,19,0.17979137674146992
2,0,256,SCRCircular,BCL11B,circBCL11B1,circLib,target_kmer,19,0.2345207838182528
2,0,256,SCRCircular,BCL11B,circBCL11B1,circLib,composition,19,0.5421371506206011
2,0,256,SCRCircular,BCL11B,circBCL11B1,circLib,sibling_uncalibrated,19,0.4124107752200683
2,0,256,SCRCircular,BCL11B,circBCL11B1,circLib,sibling_calibrated,19,0.4124107752200683
2,0,256,SCRCircular,BPTF,circBPTF1,circLib,stack,14,0.37810722410045206
2,0,256,SCRCircular,BPTF,circBPTF1,circLib,target_kmer,14,0.37810722410045206
2,0,256,SCRCircular,BPTF,circBPTF1,circLib,composition,14,0.37810722410045206
2,0,256,SCRCircular,BPTF,circBPTF1,circLib,sibling_uncalibrated,14,0.37810722410045206
2,0,256,SCRCircular,BPTF,circBPTF1,circLib,sibling_calibrated,14,0.37810722410045206
2,0,256,SCRCircular,BPTF,circBPTF2,circLib,stack,37,0.36714147521267804
2,0,256,SCRCircular,BPTF,circBPTF2,circLib,target_kmer,37,0.8201227314204955
2,0,256,SCRCircular,BPTF,circBPTF2,circLib,composition,37,0.5091303364171139
2,0,256,SCRCircular,BPTF,circBPTF2,circLib,sibling_uncalibrated,37,0.4261746491322839
2,0,256,SCRCircular,BPTF,circBPTF2,circLib,sibling_calibrated,37,0.4261746491322839
2,0,256,SCRCircular,CASC15,Casc15,nucLib,stack,66,0.6253418273638984
2,0,256,SCRCircular,CASC15,Casc15,nucLib,target_kmer,66,0.40506217865838456
2,0,256,SCRCircular,CASC15,Casc15,nucLib,composition,66,0.2385410128646246
2,0,256,SCRCircular,CASC15,Casc15,nucLib,sibling_uncalibrated,66,0.23507465832615212
2,0,256,SCRCircular,CASC15,Casc15,nucLib,sibling_calibrated,66,0.23507465832615212
2,0,256,SCRCircular,CBFA2T2,circCBFA2T2,circLib,stack,14,0.2394108893126486
2,0,256,SCRCircular,CBFA2T2,circCBFA2T2,circLib,target_kmer,14,0.2394108893126486
2,0,256,SCRCircular,CBFA2T2,circCBFA2T2,circLib,composition,14,0.31804763906720895
2,0,256,SCRCircular,CBFA2T2,circCBFA2T2,circLib,sibling_uncalibrated,14,0.2394108893126486
2,0,256,SCRCircular,CBFA2T2,circCBFA2T2,circLib,sibling_calibrated,14,0.2394108893126486
2,0,256,SCRCircular,CCNL1,Ccnl1,nucLib,stack,11,0.7149077051364331
2,0,256,SCRCircular,CCNL1,Ccnl1,nucLib,target_kmer,11,0.5824702520294472
2,0,256,SCRCircular,CCNL1,Ccnl1,nucLib,composition,11,0.8847115633316753
2,0,256,SCRCircular,CCNL1,Ccnl1,nucLib,sibling_uncalibrated,11,0.6889145354924798
2,0,256,SCRCircular,CCNL1,Ccnl1,nucLib,sibling_calibrated,11,0.6889145354924798
2,0,256,SCRCircular,ERBB2,circERBB2,circLib,stack,34,0.5326745107638233
2,0,256,SCRCircular,ERBB2,circERBB2,circLib,target_kmer,34,0.6316122244270325
2,0,256,SCRCircular,ERBB2,circERBB2,circLib,composition,34,0.7715056896966765
2,0,256,SCRCircular,ERBB2,circERBB2,circLib,sibling_uncalibrated,34,0.21299773375152042
2,0,256,SCRCircular,ERBB2,circERBB2,circLib,sibling_calibrated,34,0.21299773375152042
2,0,256,SCRCircular,HOXA-AS3,Hoxa-AS3,nucLib,stack,142,0.3409807942226612
2,0,256,SCRCircular,HOXA-AS3,Hoxa-AS3,nucLib,target_kmer,142,0.35336418761714916
2,0,256,SCRCircular,HOXA-AS3,Hoxa-AS3,nucLib,composition,142,0.36561426580014145
2,0,256,SCRCircular,HOXA-AS3,Hoxa-AS3,nucLib,sibling_uncalibrated,142,0.1844140831730438
2,0,256,SCRCircular,HOXA-AS3,Hoxa-AS3,nucLib,sibling_calibrated,142,0.1844140831730438
2,0,256,SCRCircular,IKBKB,circIKBKB,circLib,stack,11,0.16653157355059212
2,0,256,SCRCircular,IKBKB,circIKBKB,circLib,target_kmer,11,0.15124595352956022
2,0,256,SCRCircular,IKBKB,circIKBKB,circLib,composition,11,0.38639467906456687
2,0,256,SCRCircular,IKBKB,circIKBKB,circLib,sibling_uncalibrated,11,0.37840631780001344
2,0,256,SCRCircular,IKBKB,circIKBKB,circLib,sibling_calibrated,11,0.37840631780001344
2,0,256,SCRCircular,MIAT,Miat,nucLib,stack,382,0.3907504626758074
2,0,256,SCRCircular,MIAT,Miat,nucLib,target_kmer,382,0.4467952875006448
2,0,256,SCRCircular,MIAT,Miat,nucLib,composition,382,0.46990469224352793
2,0,256,SCRCircular,MIAT,Miat,nucLib,sibling_uncalibrated,382,0.34403036549816124
2,0,256,SCRCircular,MIAT,Miat,nucLib,sibling_calibrated,382,0.34403036549816124
2,0,256,SCRCircular,XIST,Xist,nucLib,stack,328,0.43682200489813827
2,0,256,SCRCircular,XIST,Xist,nucLib,target_kmer,328,0.0665396823125699
2,0,256,SCRCircular,XIST,Xist,nucLib,composition,328,0.4969720292616465
2,0,256,SCRCircular,XIST,Xist,nucLib,sibling_uncalibrated,328,0.42188475782354773
2,0,256,SCRCircular,XIST,Xist,nucLib,sibling_calibrated,328,0.42188475782354773
2,1,16,Spliced,ASAP1,circASAP1,circLib,stack,10,0.7759211734368516
2,1,16,Spliced,ASAP1,circASAP1,circLib,target_kmer,10,0.5475883189497566
2,1,16,Spliced,ASAP1,circASAP1,circLib,composition,10,0.14360723263717215
2,1,16,Spliced,ASAP1,circASAP1,circLib,sibling_uncalibrated,10,0.6436072326371721
2,1,16,Spliced,ASAP1,circASAP1,circLib,sibling_calibrated,10,0.6436072326371721
2,1,16,Spliced,BBS9,circBBS91,circLib,stack,23,0.2811930416478794
2,1,16,Spliced,BBS9,circBBS91,circLib,target_kmer,23,0.27501547690019035
2,1,16,Spliced,BBS9,circBBS91,circLib,composition,23,0.36751558895595815
2,1,16,Spliced,BBS9,circBBS91,circLib,sibling_uncalibrated,23,0.8606534472198337
2,1,16,Spliced,BBS9,circBBS91,circLib,sibling_calibrated,23,0.8606534472198337
2,1,16,Spliced,BBS9,circBBS92,circLib,stack,22,0.7789634748211838
2,1,16,Spliced,BBS9,circBBS92,circLib,target_kmer,22,0.49025028379241514
2,1,16,Spliced,BBS9,circBBS92,circLib,composition,22,0.49025028379241514
2,1,16,Spliced,BBS9,circBBS92,circLib,sibling_uncalibrated,22,0.662131905215681
2,1,16,Spliced,BBS9,circBBS92,circLib,sibling_calibrated,22,0.662131905215681
2,1,16,Spliced,BCL11B,circBCL11B1,circLib,stack,19,0.7181373997639209
2,1,16,Spliced,BCL11B,circBCL11B1,circLib,target_kmer,19,0.6343265981190777
2,1,16,Spliced,BCL11B,circBCL11B1,circLib,composition,19,0.5859226306946833
2,1,16,Spliced,BCL11B,circBCL11B1,circLib,sibling_uncalibrated,19,0.14988279304617272
2,1,16,Spliced,BCL11B,circBCL11B1,circLib,sibling_calibrated,19,0.14988279304617272
2,1,16,Spliced,BPTF,circBPTF1,circLib,stack,13,0.45637928519315807
2,1,16,Spliced,BPTF,circBPTF1,circLib,target_kmer,13,0.4535831108825397
2,1,16,Spliced,BPTF,circBPTF1,circLib,composition,13,0.4535831108825397
2,1,16,Spliced,BPTF,circBPTF1,circLib,sibling_uncalibrated,13,0.2584040480594283
2,1,16,Spliced,BPTF,circBPTF1,circLib,sibling_calibrated,13,0.2584040480594283
2,1,16,Spliced,BPTF,circBPTF2,circLib,stack,37,0.6206457514807899
2,1,16,Spliced,BPTF,circBPTF2,circLib,target_kmer,37,0.3346203178514422
2,1,16,Spliced,BPTF,circBPTF2,circLib,composition,37,0.30943069264930106
2,1,16,Spliced,BPTF,circBPTF2,circLib,sibling_uncalibrated,37,0.38713990972004164
2,1,16,Spliced,BPTF,circBPTF2,circLib,sibling_calibrated,37,0.38713990972004164
2,1,16,Spliced,CASC15,Casc15,nucLib,stack,64,0.42211416218627473
2,1,16,Spliced,CASC15,Casc15,nucLib,target_kmer,64,0.5181735950211145
2,1,16,Spliced,CASC15,Casc15,nucLib,composition,64,0.37901840339944226
2,1,16,Spliced,CASC15,Casc15,nucLib,sibling_uncalibrated,64,0.5286024117876927
2,1,16,Spliced,CASC15,Casc15,nucLib,sibling_calibrated,64,0.5286024117876927
2,1,16,Spliced,CBFA2T2,circCBFA2T2,circLib,stack,14,0.2398751279460346
2,1,16,Spliced,CBFA2T2,circCBFA2T2,circLib,target_kmer,14,0.43567673018513464
2,1,16,Spliced,CBFA2T2,circCBFA2T2,circLib,composition,14,0.43567673018513464
2,1,16,Spliced,CBFA2T2,circCBFA2T2,circLib,sibling_uncalibrated,14,0.43567673018513464
2,1,16,Spliced,CBFA2T2,circCBFA2T2,circLib,sibling_calibrated,14,0.43567673018513464
2,1,16,Spliced,ERBB2,circERBB2,circLib,stack,34,0.6915810234640332
2,1,16,Spliced,ERBB2,circERBB2,circLib,target_kmer,34,0.4624479176405169
2,1,16,Spliced,ERBB2,circERBB2,circLib,composition,34,0.4624479176405169
2,1,16,Spliced,ERBB2,circERBB2,circLib,sibling_uncalibrated,34,0.6563454038386789
2,1,16,Spliced,ERBB2,circERBB2,circLib,sibling_calibrated,34,0.6563454038386789
2,1,16,Spliced,HOXA-AS3,Hoxa-AS3,nucLib,stack,136,0.32195904794292374
2,1,16,Spliced,HOXA-AS3,Hoxa-AS3,nucLib,target_kmer,136,0.5565465526075788
2,1,16,Spliced,HOXA-AS3,Hoxa-AS3,nucLib,composition,136,0.19566641896400466
2,1,16,Spliced,HOXA-AS3,Hoxa-AS3,nucLib,sibling_uncalibrated,136,0.47462322311382665
2,1,16,Spliced,HOXA-AS3,Hoxa-AS3,nucLib,sibling_calibrated,136,0.47462322311382665
2,1,16,Spliced,IKBKB,circIKBKB,circLib,stack,11,0.8203528490988794
2,1,16,Spliced,IKBKB,circIKBKB,circLib,target_kmer,11,0.8373671071463247
2,1,16,Spliced,IKBKB,circIKBKB,circLib,composition,11,0.6853593871449016
2,1,16,Spliced,IKBKB,circIKBKB,circLib,sibling_uncalibrated,11,0.5164923769756753
2,1,16,Spliced,IKBKB,circIKBKB,circLib,sibling_calibrated,11,0.5164923769756753
2,1,16,Spliced,MIAT,Miat,nucLib,stack,370,0.33249043684499147
2,1,16,Spliced,MIAT,Miat,nucLib,target_kmer,370,0.48484911270114983
2,1,16,Spliced,MIAT,Miat,nucLib,composition,370,0.4192268650141092
2,1,16,Spliced,MIAT,Miat,nucLib,sibling_uncalibrated,370,0.4538856604119149
2,1,16,Spliced,MIAT,Miat,nucLib,sibling_calibrated,370,0.4538856604119149
2,1,16,Spliced,XIST,Xist,nucLib,stack,280,0.401563776173853
2,1,16,Spliced,XIST,Xist,nucLib,target_kmer,280,0.4992483542083864
2,1,16,Spliced,XIST,Xist,nucLib,composition,280,0.4813991516374351
2,1,16,Spliced,XIST,Xist,nucLib,sibling_uncalibrated,280,0.4890972970070603
2,1,16,Spliced,XIST,Xist,nucLib,sibling_calibrated,280,0.4890972970070603
2,1,16,Unspliced,ASAP1,circASAP1,circLib,stack,11,0.7737528162512209
2,1,16,Unspliced,ASAP1,circASAP1,circLib,target_kmer,11,0.8675736994984642
2,1,16,Unspliced,ASAP1,circASAP1,circLib,composition,11,0.7836369889930095
2,1,16,Unspliced,ASAP1,circASAP1,circLib,sibling_uncalibrated,11,0.7737528162512209
2,1,16,Unspliced,ASAP1,circASAP1,circLib,sibling_calibrated,11,0.7737528162512209
2,1,16,Unspliced,BBS9,circBBS91,circLib,stack,23,0.4448318162487054
2,1,16,Unspliced,BBS9,circBBS91,circLib,target_kmer,23,0.8277842356614589
2,1,16,Unspliced,BBS9,circBBS91,circLib,composition,23,0.7225301657627473
2,1,16,Unspliced,BBS9,circBBS91,circLib,sibling_uncalibrated,23,0.26874811216432526
2,1,16,Unspliced,BBS9,circBBS91,circLib,sibling_calibrated,23,0.26874811216432526
2,1,16,Unspliced,BBS9,circBBS92,circLib,stack,22,0.47297908513775166
2,1,16,Unspliced,BBS9,circBBS92,circLib,target_kmer,22,0.7847481179840092
2,1,16,Unspliced,BBS9,circBBS92,circLib,composition,22,0.6148967982488392
2,1,16,Unspliced,BBS9,circBBS92,circLib,sibling_uncalibrated,22,0.2313192440977877
2,1,16,Unspliced,BBS9,circBBS92,circLib,sibling_calibrated,22,0.2313192440977877
2,1,16,Unspliced,BCL11B,circBCL11B1,circLib,stack,19,0.4565920510327016
2,1,16,Unspliced,BCL11B,circBCL11B1,circLib,target_kmer,19,0.5914113522487628
2,1,16,Unspliced,BCL11B,circBCL11B1,circLib,composition,19,0.1394641444128803
2,1,16,Unspliced,BCL11B,circBCL11B1,circLib,sibling_uncalibrated,19,0.4691548300132502
2,1,16,Unspliced,BCL11B,circBCL11B1,circLib,sibling_calibrated,19,0.4691548300132502
2,1,16,Unspliced,BPTF,circBPTF1,circLib,stack,13,0.3066238140387398
2,1,16,Unspliced,BPTF,circBPTF1,circLib,target_kmer,13,0.284256417891354
2,1,16,Unspliced,BPTF,circBPTF1,circLib,composition,13,0.0
2,1,16,Unspliced,BPTF,circBPTF1,circLib,sibling_uncalibrated,13,0.4264976476748698
2,1,16,Unspliced,BPTF,circBPTF1,circLib,sibling_calibrated,13,0.4264976476748698
2,1,16,Unspliced,BPTF,circBPTF2,circLib,stack,36,0.6275041274845017
2,1,16,Unspliced,BPTF,circBPTF2,circLib,target_kmer,36,0.5727829517594649
2,1,16,Unspliced,BPTF,circBPTF2,circLib,composition,36,0.2601392877901335
2,1,16,Unspliced,BPTF,circBPTF2,circLib,sibling_uncalibrated,36,0.2692356814809331
2,1,16,Unspliced,BPTF,circBPTF2,circLib,sibling_calibrated,36,0.2692356814809331
2,1,16,Unspliced,CASC15,Casc15,nucLib,stack,53,0.40013297931104397
2,1,16,Unspliced,CASC15,Casc15,nucLib,target_kmer,53,0.6892607901468012
2,1,16,Unspliced,CASC15,Casc15,nucLib,composition,53,0.49451752550327144
2,1,16,Unspliced,CASC15,Casc15,nucLib,sibling_uncalibrated,53,0.24600515685430707
2,1,16,Unspliced,CASC15,Casc15,nucLib,sibling_calibrated,53,0.24600515685430707
2,1,16,Unspliced,CBFA2T2,circCBFA2T2,circLib,stack,13,0.5232339712825231
2,1,16,Unspliced,CBFA2T2,circCBFA2T2,circLib,target_kmer,13,0.7485648026822985
2,1,16,Unspliced,CBFA2T2,circCBFA2T2,circLib,composition,13,0.4045697769711445
2,1,16,Unspliced,CBFA2T2,circCBFA2T2,circLib,sibling_uncalibrated,13,0.35996216703102857
2,1,16,Unspliced,CBFA2T2,circCBFA2T2,circLib,sibling_calibrated,13,0.35996216703102857
2,1,16,Unspliced,ERBB2,circERBB2,circLib,stack,34,0.6910907722485964
2,1,16,Unspliced,ERBB2,circERBB2,circLib,target_kmer,34,0.5846940808647385
2,1,16,Unspliced,ERBB2,circERBB2,circLib,composition,34,0.6987613477371081
2,1,16,Unspliced,ERBB2,circERBB2,circLib,sibling_uncalibrated,34,0.33344555610911963
2,1,16,Unspliced,ERBB2,circERBB2,circLib,sibling_calibrated,34,0.33344555610911963
2,1,16,Unspliced,HOXA-AS3,Hoxa-AS3,nucLib,stack,119,0.42130170762510744
2,1,16,Unspliced,HOXA-AS3,Hoxa-AS3,nucLib,target_kmer,119,0.7470925865956648
2,1,16,Unspliced,HOXA-AS3,Hoxa-AS3,nucLib,composition,119,0.38683431513956107
2,1,16,Unspliced,HOXA-AS3,Hoxa-AS3,nucLib,sibling_uncalibrated,119,0.40119102054901445
2,1,16,Unspliced,HOXA-AS3,Hoxa-AS3,nucLib,sibling_calibrated,119,0.40119102054901445
2,1,16,Unspliced,IKBKB,circIKBKB,circLib,stack,11,0.48512482519270184
2,1,16,Unspliced,IKBKB,circIKBKB,circLib,target_kmer,11,0.1175227668330815
2,1,16,Unspliced,IKBKB,circIKBKB,circLib,composition,11,0.4063391052039526
2,1,16,Unspliced,IKBKB,circIKBKB,circLib,sibling_uncalibrated,11,0.3980627619868031
2,1,16,Unspliced,IKBKB,circIKBKB,circLib,sibling_calibrated,11,0.3980627619868031
2,1,16,Unspliced,MIAT,Miat,nucLib,stack,312,0.43418826667829624
2,1,16,Unspliced,MIAT,Miat,nucLib,target_kmer,312,0.3886499920354711
2,1,16,Unspliced,MIAT,Miat,nucLib,composition,312,0.37836680591348715
2,1,16,Unspliced,MIAT,Miat,nucLib,sibling_uncalibrated,312,0.4878344945037359
2,1,16,Unspliced,MIAT,Miat,nucLib,sibling_calibrated,312,0.4878344945037359
2,1,16,Unspliced,XIST,Xist,nucLib,stack,206,0.6213824286889977
2,1,16,Unspliced,XIST,Xist,nucLib,target_kmer,206,0.3498164471272568
2,1,16,Unspliced,XIST,Xist,nucLib,composition,206,0.2804094447525027
2,1,16,Unspliced,XIST,Xist,nucLib,sibling_uncalibrated,206,0.5319874789941723
2,1,16,Unspliced,XIST,Xist,nucLib,sibling_calibrated,206,0.5319874789941723
2,1,16,Circular,BBS9,circBBS91,circLib,stack,21,0.18174545254204122
2,1,16,Circular,BBS9,circBBS91,circLib,target_kmer,21,0.3921306362078248
2,1,16,Circular,BBS9,circBBS91,circLib,composition,21,0.7865607796381566
2,1,16,Circular,BBS9,circBBS91,circLib,sibling_uncalibrated,21,0.18174545254204122
2,1,16,Circular,BBS9,circBBS91,circLib,sibling_calibrated,21,0.18174545254204122
2,1,16,Circular,BBS9,circBBS92,circLib,stack,20,0.3837568586388786
2,1,16,Circular,BBS9,circBBS92,circLib,target_kmer,20,0.10045612849949147
2,1,16,Circular,BBS9,circBBS92,circLib,composition,20,0.6854025296806417
2,1,16,Circular,BBS9,circBBS92,circLib,sibling_uncalibrated,20,0.3837568586388786
2,1,16,Circular,BBS9,circBBS92,circLib,sibling_calibrated,20,0.3837568586388786
2,1,16,Circular,BCL11B,circBCL11B1,circLib,stack,16,0.7382841450255184
2,1,16,Circular,BCL11B,circBCL11B1,circLib,target_kmer,16,0.3113434500832987
2,1,16,Circular,BCL11B,circBCL11B1,circLib,composition,16,0.450816300837268
2,1,16,Circular,BCL11B,circBCL11B1,circLib,sibling_uncalibrated,16,0.7382841450255184
2,1,16,Circular,BCL11B,circBCL11B1,circLib,sibling_calibrated,16,0.7382841450255184
2,1,16,Circular,BPTF,circBPTF1,circLib,stack,12,0.2237665877483111
2,1,16,Circular,BPTF,circBPTF1,circLib,target_kmer,12,0.13634034370710155
2,1,16,Circular,BPTF,circBPTF1,circLib,composition,12,0.09537784086155782
2,1,16,Circular,BPTF,circBPTF1,circLib,sibling_uncalibrated,12,0.7404965371220942
2,1,16,Circular,BPTF,circBPTF1,circLib,sibling_calibrated,12,0.7404965371220942
2,1,16,Circular,BPTF,circBPTF2,circLib,stack,34,0.15557003222492766
2,1,16,Circular,BPTF,circBPTF2,circLib,target_kmer,34,0.32431511662199475
2,1,16,Circular,BPTF,circBPTF2,circLib,composition,34,0.43014216665096916
2,1,16,Circular,BPTF,circBPTF2,circLib,sibling_uncalibrated,34,0.11811894214642564
2,1,16,Circular,BPTF,circBPTF2,circLib,sibling_calibrated,34,0.11811894214642564
2,1,16,Circular,CASC15,Casc15,nucLib,stack,57,0.20760860728113872
2,1,16,Circular,CASC15,Casc15,nucLib,target_kmer,57,0.5992228868423282
2,1,16,Circular,CASC15,Casc15,nucLib,composition,57,0.37924712830849616
2,1,16,Circular,CASC15,Casc15,nucLib,sibling_uncalibrated,57,0.20760860728113872
2,1,16,Circular,CASC15,Casc15,nucLib,sibling_calibrated,57,0.20760860728113872
2,1,16,Circular,CBFA2T2,circCBFA2T2,circLib,stack,12,0.6095234087792045
2,1,16,Circular,CBFA2T2,circCBFA2T2,circLib,target_kmer,12,0.5687909539478493
2,1,16,Circular,CBFA2T2,circCBFA2T2,circLib,composition,12,0.6095234087792045
2,1,16,Circular,CBFA2T2,circCBFA2T2,circLib,sibling_uncalibrated,12,0.6095234087792045
2,1,16,Circular,CBFA2T2,circCBFA2T2,circLib,sibling_calibrated,12,0.6095234087792045
2,1,16,Circular,ERBB2,circERBB2,circLib,stack,34,0.4190586808344696
2,1,16,Circular,ERBB2,circERBB2,circLib,target_kmer,34,0.8222022970990502
2,1,16,Circular,ERBB2,circERBB2,circLib,composition,34,0.3985500429288717
2,1,16,Circular,ERBB2,circERBB2,circLib,sibling_uncalibrated,34,0.2493957770711128
2,1,16,Circular,ERBB2,circERBB2,circLib,sibling_calibrated,34,0.2493957770711128
2,1,16,Circular,HOXA-AS3,Hoxa-AS3,nucLib,stack,130,0.3752782354009765
2,1,16,Circular,HOXA-AS3,Hoxa-AS3,nucLib,target_kmer,130,0.3478444967478654
2,1,16,Circular,HOXA-AS3,Hoxa-AS3,nucLib,composition,130,0.5183020221797593
2,1,16,Circular,HOXA-AS3,Hoxa-AS3,nucLib,sibling_uncalibrated,130,0.3752782354009765
2,1,16,Circular,HOXA-AS3,Hoxa-AS3,nucLib,sibling_calibrated,130,0.3752782354009765
2,1,16,Circular,IKBKB,circIKBKB,circLib,stack,10,0.4150513183337689
2,1,16,Circular,IKBKB,circIKBKB,circLib,target_kmer,10,0.4767650163920776
2,1,16,Circular,IKBKB,circIKBKB,circLib,composition,10,0.3817880672176142
2,1,16,Circular,IKBKB,circIKBKB,circLib,sibling_uncalibrated,10,0.4150513183337689
2,1,16,Circular,IKBKB,circIKBKB,circLib,sibling_calibrated,10,0.4150513183337689
2,1,16,Circular,MIAT,Miat,nucLib,stack,344,0.4501649895467077
2,1,16,Circular,MIAT,Miat,nucLib,target_kmer,344,0.38044504287629344
2,1,16,Circular,MIAT,Miat,nucLib,composition,344,0.3753334391894585
2,1,16,Circular,MIAT,Miat,nucLib,sibling_uncalibrated,344,0.3844067235673758
2,1,16,Circular,MIAT,Miat,nucLib,sibling_calibrated,344,0.3844067235673758
2,1,16,Circular,XIST,Xist,nucLib,stack,246,0.32140291241162355
2,1,16,Circular,XIST,Xist,nucLib,target_kmer,246,0.3971167676252166
2,1,16,Circular,XIST,Xist,nucLib,composition,246,0.4844563336393702
2,1,16,Circular,XIST,Xist,nucLib,sibling_uncalibrated,246,0.4593798540081911
2,1,16,Circular,XIST,Xist,nucLib,sibling_calibrated,246,0.4593798540081911
2,1,16,SCRCircular,ASAP1,circASAP1,circLib,stack,12,0.8206809365114476
2,1,16,SCRCircular,ASAP1,circASAP1,circLib,target_kmer,12,0.4169713285686877
2,1,16,SCRCircular,ASAP1,circASAP1,circLib,composition,12,0.758724280981429
2,1,16,SCRCircular,ASAP1,circASAP1,circLib,sibling_uncalibrated,12,0.7777666978041669
2,1,16,SCRCircular,ASAP1,circASAP1,circLib,sibling_calibrated,12,0.7777666978041669
2,1,16,SCRCircular,BBS9,circBBS91,circLib,stack,23,0.0720685234000064
2,1,16,SCRCircular,BBS9,circBBS91,circLib,target_kmer,23,0.28157624331744957
2,1,16,SCRCircular,BBS9,circBBS91,circLib,composition,23,0.5211452580681664
2,1,16,SCRCircular,BBS9,circBBS91,circLib,sibling_uncalibrated,23,0.3082911018688969
2,1,16,SCRCircular,BBS9,circBBS91,circLib,sibling_calibrated,23,0.3082911018688969
2,1,16,SCRCircular,BBS9,circBBS92,circLib,stack,22,0.6364773220663111
2,1,16,SCRCircular,BBS9,circBBS92,circLib,target_kmer,22,0.4328605012151262
2,1,16,SCRCircular,BBS9,circBBS92,circLib,composition,22,0.6807593425493279
2,1,16,SCRCircular,BBS9,circBBS92,circLib,sibling_uncalibrated,22,0.44728248597420966
2,1,16,SCRCircular,BBS9,circBBS92,circLib,sibling_calibrated,22,0.44728248597420966
2,1,16,SCRCircular,BCL11B,circBCL11B1,circLib,stack,19,0.4124107752200683
2,1,16,SCRCircular,BCL11B,circBCL11B1,circLib,target_kmer,19,0.5188269734629474
2,1,16,SCRCircular,BCL11B,circBCL11B1,circLib,composition,19,0.6724861588162321
2,1,16,SCRCircular,BCL11B,circBCL11B1,circLib,sibling_uncalibrated,19,0.31954156602582107
2,1,16,SCRCircular,BCL11B,circBCL11B1,circLib,sibling_calibrated,19,0.31954156602582107
2,1,16,SCRCircular,BPTF,circBPTF1,circLib,stack,14,0.6989360263216666
2,1,16,SCRCircular,BPTF,circBPTF1,circLib,target_kmer,14,0.7605356583459771
2,1,16,SCRCircular,BPTF,circBPTF1,circLib,composition,14,0.7605356583459771
2,1,16,SCRCircular,BPTF,circBPTF1,circLib,sibling_uncalibrated,14,0.07866323811203413
2,1,16,SCRCircular,BPTF,circBPTF1,circLib,sibling_calibrated,14,0.07866323811203413
2,1,16,SCRCircular,BPTF,circBPTF2,circLib,stack,37,0.36776526110447916
2,1,16,SCRCircular,BPTF,circBPTF2,circLib,target_kmer,37,0.26330991887865285
2,1,16,SCRCircular,BPTF,circBPTF2,circLib,composition,37,0.709595752207288
2,1,16,SCRCircular,BPTF,circBPTF2,circLib,sibling_uncalibrated,37,0.36776526110447916
2,1,16,SCRCircular,BPTF,circBPTF2,circLib,sibling_calibrated,37,0.36776526110447916
2,1,16,SCRCircular,CASC15,Casc15,nucLib,stack,66,0.39248642462379413
2,1,16,SCRCircular,CASC15,Casc15,nucLib,target_kmer,66,0.2942088583770737
2,1,16,SCRCircular,CASC15,Casc15,nucLib,composition,66,0.42892853412049115
2,1,16,SCRCircular,CASC15,Casc15,nucLib,sibling_uncalibrated,66,0.23507465832615212
2,1,16,SCRCircular,CASC15,Casc15,nucLib,sibling_calibrated,66,0.23507465832615212
2,1,16,SCRCircular,CBFA2T2,circCBFA2T2,circLib,stack,14,0.4831636748096733
2,1,16,SCRCircular,CBFA2T2,circCBFA2T2,circLib,target_kmer,14,0.19458763281584363
2,1,16,SCRCircular,CBFA2T2,circCBFA2T2,circLib,composition,14,0.5924294740029816
2,1,16,SCRCircular,CBFA2T2,circCBFA2T2,circLib,sibling_uncalibrated,14,0.4831636748096733
2,1,16,SCRCircular,CBFA2T2,circCBFA2T2,circLib,sibling_calibrated,14,0.4831636748096733
2,1,16,SCRCircular,CCNL1,Ccnl1,nucLib,stack,11,0.6889145354924798
2,1,16,SCRCircular,CCNL1,Ccnl1,nucLib,target_kmer,11,0.7149077051364331
2,1,16,SCRCircular,CCNL1,Ccnl1,nucLib,composition,11,0.6152884366683247
2,1,16,SCRCircular,CCNL1,Ccnl1,nucLib,sibling_uncalibrated,11,0.7149077051364331
2,1,16,SCRCircular,CCNL1,Ccnl1,nucLib,sibling_calibrated,11,0.7149077051364331
2,1,16,SCRCircular,ERBB2,circERBB2,circLib,stack,34,0.21299773375152042
2,1,16,SCRCircular,ERBB2,circERBB2,circLib,target_kmer,34,0.7407665257748435
2,1,16,SCRCircular,ERBB2,circERBB2,circLib,composition,34,0.6158727101402912
2,1,16,SCRCircular,ERBB2,circERBB2,circLib,sibling_uncalibrated,34,0.21299773375152042
2,1,16,SCRCircular,ERBB2,circERBB2,circLib,sibling_calibrated,34,0.21299773375152042
2,1,16,SCRCircular,HOXA-AS3,Hoxa-AS3,nucLib,stack,142,0.3144634925446852
2,1,16,SCRCircular,HOXA-AS3,Hoxa-AS3,nucLib,target_kmer,142,0.3667442506881755
2,1,16,SCRCircular,HOXA-AS3,Hoxa-AS3,nucLib,composition,142,0.5089925200609609
2,1,16,SCRCircular,HOXA-AS3,Hoxa-AS3,nucLib,sibling_uncalibrated,142,0.1844140831730438
2,1,16,SCRCircular,HOXA-AS3,Hoxa-AS3,nucLib,sibling_calibrated,142,0.1844140831730438
2,1,16,SCRCircular,IKBKB,circIKBKB,circLib,stack,11,0.37840631780001344
2,1,16,SCRCircular,IKBKB,circIKBKB,circLib,target_kmer,11,0.43893609808041917
2,1,16,SCRCircular,IKBKB,circIKBKB,circLib,composition,11,0.43893609808041917
2,1,16,SCRCircular,IKBKB,circIKBKB,circLib,sibling_uncalibrated,11,0.37840631780001344
2,1,16,SCRCircular,IKBKB,circIKBKB,circLib,sibling_calibrated,11,0.37840631780001344
2,1,16,SCRCircular,MIAT,Miat,nucLib,stack,382,0.44470937605761207
2,1,16,SCRCircular,MIAT,Miat,nucLib,target_kmer,382,0.4246428149057727
2,1,16,SCRCircular,MIAT,Miat,nucLib,composition,382,0.46852363641167394
2,1,16,SCRCircular,MIAT,Miat,nucLib,sibling_uncalibrated,382,0.46401930028068794
2,1,16,SCRCircular,MIAT,Miat,nucLib,sibling_calibrated,382,0.46401930028068794
2,1,16,SCRCircular,XIST,Xist,nucLib,stack,328,0.5995917621930813
2,1,16,SCRCircular,XIST,Xist,nucLib,target_kmer,328,0.3529381278174032
2,1,16,SCRCircular,XIST,Xist,nucLib,composition,328,0.4554519907728677
2,1,16,SCRCircular,XIST,Xist,nucLib,sibling_uncalibrated,328,0.4461373187740505
2,1,16,SCRCircular,XIST,Xist,nucLib,sibling_calibrated,328,0.4461373187740505
2,1,64,Spliced,ASAP1,circASAP1,circLib,stack,10,0.7759211734368516
2,1,64,Spliced,ASAP1,circASAP1,circLib,target_kmer,10,0.5826890065498074
2,1,64,Spliced,ASAP1,circASAP1,circLib,composition,10,0.14360723263717215
2,1,64,Spliced,ASAP1,circASAP1,circLib,sibling_uncalibrated,10,0.6436072326371721
2,1,64,Spliced,ASAP1,circASAP1,circLib,sibling_calibrated,10,0.6436072326371721
2,1,64,Spliced,BBS9,circBBS91,circLib,stack,23,0.35398657778638976
2,1,64,Spliced,BBS9,circBBS91,circLib,target_kmer,23,0.40900546733242693
2,1,64,Spliced,BBS9,circBBS91,circLib,composition,23,0.5925001120557678
2,1,64,Spliced,BBS9,circBBS91,circLib,sibling_uncalibrated,23,0.8606534472198337
2,1,64,Spliced,BBS9,circBBS91,circLib,sibling_calibrated,23,0.8606534472198337
2,1,64,Spliced,BBS9,circBBS92,circLib,stack,22,0.36017796410268255
2,1,64,Spliced,BBS9,circBBS92,circLib,target_kmer,22,0.5875593392067127
2,1,64,Spliced,BBS9,circBBS92,circLib,composition,22,0.1595780706752184
2,1,64,Spliced,BBS9,circBBS92,circLib,sibling_uncalibrated,22,0.662131905215681
2,1,64,Spliced,BBS9,circBBS92,circLib,sibling_calibrated,22,0.662131905215681
2,1,64,Spliced,BCL11B,circBCL11B1,circLib,stack,19,0.8198053443944973
2,1,64,Spliced,BCL11B,circBCL11B1,circLib,target_kmer,19,0.5902612508979153
2,1,64,Spliced,BCL11B,circBCL11B1,circLib,composition,19,0.14988279304617272
2,1,64,Spliced,BCL11B,circBCL11B1,circLib,sibling_uncalibrated,19,0.14988279304617272
2,1,64,Spliced,BCL11B,circBCL11B1,circLib,sibling_calibrated,19,0.14988279304617272
2,1,64,Spliced,BPTF,circBPTF1,circLib,stack,13,0.2974007998616624
2,1,64,Spliced,BPTF,circBPTF1,circLib,target_kmer,13,0.34533391939327485
2,1,64,Spliced,BPTF,circBPTF1,circLib,composition,13,0.4535831108825397
2,1,64,Spliced,BPTF,circBPTF1,circLib,sibling_uncalibrated,13,0.2584040480594283
2,1,64,Spliced,BPTF,circBPTF1,circLib,sibling_calibrated,13,0.2584040480594283
2,1,64,Spliced,BPTF,circBPTF2,circLib,stack,37,0.0645781537759491
2,1,64,Spliced,BPTF,circBPTF2,circLib,target_kmer,37,0.6895728246136
2,1,64,Spliced,BPTF,circBPTF2,circLib,composition,37,0.31397755919271864
2,1,64,Spliced,BPTF,circBPTF2,circLib,sibling_uncalibrated,37,0.38713990972004164
2,1,64,Spliced,BPTF,circBPTF2,circLib,sibling_calibrated,37,0.38713990972004164
2,1,64,Spliced,CASC15,Casc15,nucLib,stack,64,0.4161984665807502
2,1,64,Spliced,CASC15,Casc15,nucLib,target_kmer,64,0.37901840339944226
2,1,64,Spliced,CASC15,Casc15,nucLib,composition,64,0.37901840339944226
2,1,64,Spliced,CASC15,Casc15,nucLib,sibling_uncalibrated,64,0.5286024117876927
2,1,64,Spliced,CASC15,Casc15,nucLib,sibling_calibrated,64,0.5286024117876927
2,1,64,Spliced,CBFA2T2,circCBFA2T2,circLib,stack,14,0.2398751279460346
2,1,64,Spliced,CBFA2T2,circCBFA2T2,circLib,target_kmer,14,0.36638972876513554
2,1,64,Spliced,CBFA2T2,circCBFA2T2,circLib,composition,14,0.43463891782731756
2,1,64,Spliced,CBFA2T2,circCBFA2T2,circLib,sibling_uncalibrated,14,0.43567673018513464
2,1,64,Spliced,CBFA2T2,circCBFA2T2,circLib,sibling_calibrated,14,0.43567673018513464
2,1,64,Spliced,ERBB2,circERBB2,circLib,stack,34,0.6915810234640332
2,1,64,Spliced,ERBB2,circERBB2,circLib,target_kmer,34,0.3977620843709152
2,1,64,Spliced,ERBB2,circERBB2,circLib,composition,34,0.641384975441724
2,1,64,Spliced,ERBB2,circERBB2,circLib,sibling_uncalibrated,34,0.6563454038386789
2,1,64,Spliced,ERBB2,circERBB2,circLib,sibling_calibrated,34,0.6563454038386789
2,1,64,Spliced,HOXA-AS3,Hoxa-AS3,nucLib,stack,136,0.3142636721923245
2,1,64,Spliced,HOXA-AS3,Hoxa-AS3,nucLib,target_kmer,136,0.3488686235282013
2,1,64,Spliced,HOXA-AS3,Hoxa-AS3,nucLib,composition,136,0.2721708273285294
2,1,64,Spliced,HOXA-AS3,Hoxa-AS3,nucLib,sibling_uncalibrated,136,0.47462322311382665
2,1,64,Spliced,HOXA-AS3,Hoxa-AS3,nucLib,sibling_calibrated,136,0.47462322311382665
2,1,64,Spliced,IKBKB,circIKBKB,circLib,stack,11,0.5164923769756753
2,1,64,Spliced,IKBKB,circIKBKB,circLib,target_kmer,11,0.6853593871449016
2,1,64,Spliced,IKBKB,circIKBKB,circLib,composition,11,0.6853593871449016
2,1,64,Spliced,IKBKB,circIKBKB,circLib,sibling_uncalibrated,11,0.5164923769756753
2,1,64,Spliced,IKBKB,circIKBKB,circLib,sibling_calibrated,11,0.5164923769756753
2,1,64,Spliced,MIAT,Miat,nucLib,stack,370,0.3416115776845692
2,1,64,Spliced,MIAT,Miat,nucLib,target_kmer,370,0.38725562643040723
2,1,64,Spliced,MIAT,Miat,nucLib,composition,370,0.45376219998352374
2,1,64,Spliced,MIAT,Miat,nucLib,sibling_uncalibrated,370,0.4538856604119149
2,1,64,Spliced,MIAT,Miat,nucLib,sibling_calibrated,370,0.4538856604119149
2,1,64,Spliced,XIST,Xist,nucLib,stack,280,0.3405634033420252
2,1,64,Spliced,XIST,Xist,nucLib,target_kmer,280,0.5388638233639261
2,1,64,Spliced,XIST,Xist,nucLib,composition,280,0.3476229513155745
2,1,64,Spliced,XIST,Xist,nucLib,sibling_uncalibrated,280,0.4890972970070603
2,1,64,Spliced,XIST,Xist,nucLib,sibling_calibrated,280,0.4890972970070603
2,1,64,Unspliced,ASAP1,circASAP1,circLib,stack,11,0.9340872694933
2,1,64,Unspliced,ASAP1,circASAP1,circLib,target_kmer,11,0.9340872694933
2,1,64,Unspliced,ASAP1,circASAP1,circLib,composition,11,0.48147503339994613
2,1,64,Unspliced,ASAP1,circASAP1,circLib,sibling_uncalibrated,11,0.7737528162512209
2,1,64,Unspliced,ASAP1,circASAP1,circLib,sibling_calibrated,11,0.7737528162512209
2,1,64,Unspliced,BBS9,circBBS91,circLib,stack,23,0.46302408963409997
2,1,64,Unspliced,BBS9,circBBS91,circLib,target_kmer,23,0.6808654851676791
2,1,64,Unspliced,BBS9,circBBS91,circLib,composition,23,0.2588813899444879
2,1,64,Unspliced,BBS9,circBBS91,circLib,sibling_uncalibrated,23,0.26874811216432526
2,1,64,Unspliced,BBS9,circBBS91,circLib,sibling_calibrated,23,0.26874811216432526
2,1,64,Unspliced,BBS9,circBBS92,circLib,stack,22,0.2313192440977877
2,1,64,Unspliced,BBS9,circBBS92,circLib,target_kmer,22,0.7417316800758159
2,1,64,Unspliced,BBS9,circBBS92,circLib,composition,22,0.4538545040851337
2,1,64,Unspliced,BBS9,circBBS92,circLib,sibling_uncalibrated,22,0.2313192440977877
2,1,64,Unspliced,BBS9,circBBS92,circLib,sibling_calibrated,22,0.2313192440977877
2,1,64,Unspliced,BCL11B,circBCL11B1,circLib,stack,19,0.3802062619267445
2,1,64,Unspliced,BCL11B,circBCL11B1,circLib,target_kmer,19,0.6891918909277635
2,1,64,Unspliced,BCL11B,circBCL11B1,circLib,composition,19,0.8342987969001749
2,1,64,Unspliced,BCL11B,circBCL11B1,circLib,sibling_uncalibrated,19,0.4691548300132502
2,1,64,Unspliced,BCL11B,circBCL11B1,circLib,sibling_calibrated,19,0.4691548300132502
2,1,64,Unspliced,BPTF,circBPTF1,circLib,stack,13,0.16894470634585917
2,1,64,Unspliced,BPTF,circBPTF1,circLib,target_kmer,13,0.5128258505556413
2,1,64,Unspliced,BPTF,circBPTF1,circLib,composition,13,0.4264976476748698
2,1,64,Unspliced,BPTF,circBPTF1,circLib,sibling_uncalibrated,13,0.4264976476748698
2,1,64,Unspliced,BPTF,circBPTF1,circLib,sibling_calibrated,13,0.4264976476748698
2,1,64,Unspliced,BPTF,circBPTF2,circLib,stack,36,0.3881860495528716
2,1,64,Unspliced,BPTF,circBPTF2,circLib,target_kmer,36,0.5709244609572253
2,1,64,Unspliced,BPTF,circBPTF2,circLib,composition,36,0.302099782945508
2,1,64,Unspliced,BPTF,circBPTF2,circLib,sibling_uncalibrated,36,0.2692356814809331
2,1,64,Unspliced,BPTF,circBPTF2,circLib,sibling_calibrated,36,0.2692356814809331
2,1,64,Unspliced,CASC15,Casc15,nucLib,stack,53,0.4040439454923125
2,1,64,Unspliced,CASC15,Casc15,nucLib,target_kmer,53,0.4270294191653
2,1,64,Unspliced,CASC15,Casc15,nucLib,composition,53,0.24600515685430707
2,1,64,Unspliced,CASC15,Casc15,nucLib,sibling_uncalibrated,53,0.24600515685430707
2,1,64,Unspliced,CASC15,Casc15,nucLib,sibling_calibrated,53,0.24600515685430707
2,1,64,Unspliced,CBFA2T2,circCBFA2T2,circLib,stack,13,0.2905560686398232
2,1,64,Unspliced,CBFA2T2,circCBFA2T2,circLib,target_kmer,13,0.733446582348369
2,1,64,Unspliced,CBFA2T2,circCBFA2T2,circLib,composition,13,0.5351442705109283
2,1,64,Unspliced,CBFA2T2,circCBFA2T2,circLib,sibling_uncalibrated,13,0.35996216703102857
2,1,64,Unspliced,CBFA2T2,circCBFA2T2,circLib,sibling_calibrated,13,0.35996216703102857
2,1,64,Unspliced,ERBB2,circERBB2,circLib,stack,34,0.2865674574411513
2,1,64,Unspliced,ERBB2,circERBB2,circLib,target_kmer,34,0.7259445920541704
2,1,64,Unspliced,ERBB2,circERBB2,circLib,composition,34,0.7147575998320637
2,1,64,Unspliced,ERBB2,circERBB2,circLib,sibling_uncalibrated,34,0.33344555610911963
2,1,64,Unspliced,ERBB2,circERBB2,circLib,sibling_calibrated,34,0.33344555610911963
2,1,64,Unspliced,HOXA-AS3,Hoxa-AS3,nucLib,stack,119,0.4256128655671051
2,1,64,Unspliced,HOXA-AS3,Hoxa-AS3,nucLib,target_kmer,119,0.21795136664579304
2,1,64,Unspliced,HOXA-AS3,Hoxa-AS3,nucLib,composition,119,0.42814244818605124
2,1,64,Unspliced,HOXA-AS3,Hoxa-AS3,nucLib,sibling_uncalibrated,119,0.40119102054901445
2,1,64,Unspliced,HOXA-AS3,Hoxa-AS3,nucLib,sibling_calibrated,119,0.40119102054901445
2,1,64,Unspliced,IKBKB,circIKBKB,circLib,stack,11,0.3980627619868031
2,1,64,Unspliced,IKBKB,circIKBKB,circLib,target_kmer,11,0.5773973441607329
2,1,64,Unspliced,IKBKB,circIKBKB,circLib,composition,11,0.5773973441607329
2,1,64,Unspliced,IKBKB,circIKBKB,circLib,sibling_uncalibrated,11,0.3980627619868031
2,1,64,Unspliced,IKBKB,circIKBKB,circLib,sibling_calibrated,11,0.3980627619868031
2,1,64,Unspliced,MIAT,Miat,nucLib,stack,312,0.4878344945037359
2,1,64,Unspliced,MIAT,Miat,nucLib,target_kmer,312,0.4577811450959753
2,1,64,Unspliced,MIAT,Miat,nucLib,composition,312,0.43872217173298167
2,1,64,Unspliced,MIAT,Miat,nucLib,sibling_uncalibrated,312,0.4878344945037359
2,1,64,Unspliced,MIAT,Miat,nucLib,sibling_calibrated,312,0.4878344945037359
2,1,64,Unspliced,XIST,Xist,nucLib,stack,206,0.5319874789941723
2,1,64,Unspliced,XIST,Xist,nucLib,target_kmer,206,0.46783421492255284
2,1,64,Unspliced,XIST,Xist,nucLib,composition,206,0.5362519844405111
2,1,64,Unspliced,XIST,Xist,nucLib,sibling_uncalibrated,206,0.5319874789941723
2,1,64,Unspliced,XIST,Xist,nucLib,sibling_calibrated,206,0.5319874789941723
2,1,64,Circular,BBS9,circBBS91,circLib,stack,21,0.12733792691135334
2,1,64,Circular,BBS9,circBBS91,circLib,target_kmer,21,0.3154353939365627
2,1,64,Circular,BBS9,circBBS91,circLib,composition,21,0.6522511362177312
2,1,64,Circular,BBS9,circBBS91,circLib,sibling_uncalibrated,21,0.18174545254204122
2,1,64,Circular,BBS9,circBBS91,circLib,sibling_calibrated,21,0.18174545254204122
2,1,64,Circular,BBS9,circBBS92,circLib,stack,20,0.589435862365792
2,1,64,Circular,BBS9,circBBS92,circLib,target_kmer,20,0.35404500840974934
2,1,64,Circular,BBS9,circBBS92,circLib,composition,20,0.09842510287797657
2,1,64,Circular,BBS9,circBBS92,circLib,sibling_uncalibrated,20,0.3837568586388786
2,1,64,Circular,BBS9,circBBS92,circLib,sibling_calibrated,20,0.3837568586388786
2,1,64,Circular,BCL11B,circBCL11B1,circLib,stack,16,0.9554619755533624
2,1,64,Circular,BCL11B,circBCL11B1,circLib,target_kmer,16,0.3463835422535978
2,1,64,Circular,BCL11B,circBCL11B1,circLib,composition,16,0.3113434500832987
2,1,64,Circular,BCL11B,circBCL11B1,circLib,sibling_uncalibrated,16,0.7382841450255184
2,1,64,Circular,BCL11B,circBCL11B1,circLib,sibling_calibrated,16,0.7382841450255184
2,1,64,Circular,BPTF,circBPTF1,circLib,stack,12,0.4259345692532861
2,1,64,Circular,BPTF,circBPTF1,circLib,target_kmer,12,0.7404965371220942
2,1,64,Circular,BPTF,circBPTF1,circLib,composition,12,0.07406543074671397
2,1,64,Circular,BPTF,circBPTF1,circLib,sibling_uncalibrated,12,0.7404965371220942
2,1,64,Circular,BPTF,circBPTF1,circLib,sibling_calibrated,12,0.7404965371220942
2,1,64,Circular,BPTF,circBPTF2,circLib,stack,34,0.5163738053865452
2,1,64,Circular,BPTF,circBPTF2,circLib,target_kmer,34,0.6071063508208612
2,1,64,Circular,BPTF,circBPTF2,circLib,composition,34,0.2770752538933789
2,1,64,Circular,BPTF,circBPTF2,circLib,sibling_uncalibrated,34,0.11811894214642564
2,1,64,Circular,BPTF,circBPTF2,circLib,sibling_calibrated,34,0.11811894214642564
2,1,64,Circular,CASC15,Casc15,nucLib,stack,57,0.3543217357867976
2,1,64,Circular,CASC15,Casc15,nucLib,target_kmer,57,0.48472491459886
2,1,64,Circular,CASC15,Casc15,nucLib,composition,57,0.4583682049853857
2,1,64,Circular,CASC15,Casc15,nucLib,sibling_uncalibrated,57,0.20760860728113872
2,1,64,Circular,CASC15,Casc15,nucLib,sibling_calibrated,57,0.20760860728113872
2,1,64,Circular,CBFA2T2,circCBFA2T2,circLib,stack,12,0.6614586245158736
2,1,64,Circular,CBFA2T2,circCBFA2T2,circLib,target_kmer,12,0.5089992316532945
2,1,64,Circular,CBFA2T2,circCBFA2T2,circLib,composition,12,0.7528860263266791
2,1,64,Circular,CBFA2T2,circCBFA2T2,circLib,sibling_uncalibrated,12,0.6095234087792045
2,1,64,Circular,CBFA2T2,circCBFA2T2,circLib,sibling_calibrated,12,0.6095234087792045
2,1,64,Circular,ERBB2,circERBB2,circLib,stack,34,0.35807726220601366
2,1,64,Circular,ERBB2,circERBB2,circLib,target_kmer,34,0.4270541670064405
2,1,64,Circular,ERBB2,circERBB2,circLib,composition,34,0.3278724042975382
2,1,64,Circular,ERBB2,circERBB2,circLib,sibling_uncalibrated,34,0.2493957770711128
2,1,64,Circular,ERBB2,circERBB2,circLib,sibling_calibrated,34,0.2493957770711128
2,1,64,Circular,HOXA-AS3,Hoxa-AS3,nucLib,stack,130,0.6031191903013386
2,1,64,Circular,HOXA-AS3,Hoxa-AS3,nucLib,target_kmer,130,0.5149989995192048
2,1,64,Circular,HOXA-AS3,Hoxa-AS3,nucLib,composition,130,0.5944629330676624
2,1,64,Circular,HOXA-AS3,Hoxa-AS3,nucLib,sibling_uncalibrated,130,0.3752782354009765
2,1,64,Circular,HOXA-AS3,Hoxa-AS3,nucLib,sibling_calibrated,130,0.3752782354009765
2,1,64,Circular,IKBKB,circIKBKB,circLib,stack,10,0.6589355016054717
2,1,64,Circular,IKBKB,circIKBKB,circLib,target_kmer,10,0.2537025784174666
2,1,64,Circular,IKBKB,circIKBKB,circLib,composition,10,0.9052329231880051
2,1,64,Circular,IKBKB,circIKBKB,circLib,sibling_uncalibrated,10,0.4150513183337689
2,1,64,Circular,IKBKB,circIKBKB,circLib,sibling_calibrated,10,0.4150513183337689
2,1,64,Circular,MIAT,Miat,nucLib,stack,344,0.46329283271903327
2,1,64,Circular,MIAT,Miat,nucLib,target_kmer,344,0.49071498816266923
2,1,64,Circular,MIAT,Miat,nucLib,composition,344,0.5072578062048115
2,1,64,Circular,MIAT,Miat,nucLib,sibling_uncalibrated,344,0.3844067235673758
2,1,64,Circular,MIAT,Miat,nucLib,sibling_calibrated,344,0.3844067235673758
2,1,64,Circular,XIST,Xist,nucLib,stack,246,0.4950281493525981
2,1,64,Circular,XIST,Xist,nucLib,target_kmer,246,0.3621730702066868
2,1,64,Circular,XIST,Xist,nucLib,composition,246,0.44911540908063696
2,1,64,Circular,XIST,Xist,nucLib,sibling_uncalibrated,246,0.4593798540081911
2,1,64,Circular,XIST,Xist,nucLib,sibling_calibrated,246,0.4593798540081911
2,1,64,SCRCircular,ASAP1,circASAP1,circLib,stack,12,0.7777666978041669
2,1,64,SCRCircular,ASAP1,circASAP1,circLib,target_kmer,12,0.8311471140378938
2,1,64,SCRCircular,ASAP1,circASAP1,circLib,composition,12,0.4875782715355875
2,1,64,SCRCircular,ASAP1,circASAP1,circLib,sibling_uncalibrated,12,0.7777666978041669
2,1,64,SCRCircular,ASAP1,circASAP1,circLib,sibling_calibrated,12,0.7777666978041669
2,1,64,SCRCircular,BBS9,circBBS91,circLib,stack,23,0.0720685234000064
2,1,64,SCRCircular,BBS9,circBBS91,circLib,target_kmer,23,0.29049228008255684
2,1,64,SCRCircular,BBS9,circBBS91,circLib,composition,23,0.4976663445517275
2,1,64,SCRCircular,BBS9,circBBS91,circLib,sibling_uncalibrated,23,0.3082911018688969
2,1,64,SCRCircular,BBS9,circBBS91,circLib,sibling_calibrated,23,0.3082911018688969
2,1,64,SCRCircular,BBS9,circBBS92,circLib,stack,22,0.44728248597420966
2,1,64,SCRCircular,BBS9,circBBS92,circLib,target_kmer,22,0.6622882754977121
2,1,64,SCRCircular,BBS9,circBBS92,circLib,composition,22,0.6590565451961836
2,1,64,SCRCircular,BBS9,circBBS92,circLib,sibling_uncalibrated,22,0.44728248597420966
2,1,64,SCRCircular,BBS9,circBBS92,circLib,sibling_calibrated,22,0.44728248597420966
2,1,64,SCRCircular,BCL11B,circBCL11B1,circLib,stack,19,0.31954156602582107
2,1,64,SCRCircular,BCL11B,circBCL11B1,circLib,target_kmer,19,0.4022208255428184
2,1,64,SCRCircular,BCL11B,circBCL11B1,circLib,composition,19,0.6219453862496157
2,1,64,SCRCircular,BCL11B,circBCL11B1,circLib,sibling_uncalibrated,19,0.31954156602582107
2,1,64,SCRCircular,BCL11B,circBCL11B1,circLib,sibling_calibrated,19,0.31954156602582107
2,1,64,SCRCircular,BPTF,circBPTF1,circLib,stack,14,0.07866323811203413
2,1,64,SCRCircular,BPTF,circBPTF1,circLib,target_kmer,14,0.8052409570873273
2,1,64,SCRCircular,BPTF,circBPTF1,circLib,composition,14,0.37810722410045206
2,1,64,SCRCircular,BPTF,circBPTF1,circLib,sibling_uncalibrated,14,0.07866323811203413
2,1,64,SCRCircular,BPTF,circBPTF1,circLib,sibling_calibrated,14,0.07866323811203413
2,1,64,SCRCircular,BPTF,circBPTF2,circLib,stack,37,0.3017359605121819
2,1,64,SCRCircular,BPTF,circBPTF2,circLib,target_kmer,37,0.4587181121424901
2,1,64,SCRCircular,BPTF,circBPTF2,circLib,composition,37,0.469666231577204
2,1,64,SCRCircular,BPTF,circBPTF2,circLib,sibling_uncalibrated,37,0.36776526110447916
2,1,64,SCRCircular,BPTF,circBPTF2,circLib,sibling_calibrated,37,0.36776526110447916
2,1,64,SCRCircular,CASC15,Casc15,nucLib,stack,66,0.48678559678758665
2,1,64,SCRCircular,CASC15,Casc15,nucLib,target_kmer,66,0.38359606240656907
2,1,64,SCRCircular,CASC15,Casc15,nucLib,composition,66,0.5001707032640679
2,1,64,SCRCircular,CASC15,Casc15,nucLib,sibling_uncalibrated,66,0.23507465832615212
2,1,64,SCRCircular,CASC15,Casc15,nucLib,sibling_calibrated,66,0.23507465832615212
2,1,64,SCRCircular,CBFA2T2,circCBFA2T2,circLib,stack,14,0.4831636748096733
2,1,64,SCRCircular,CBFA2T2,circCBFA2T2,circLib,target_kmer,14,0.5293310989121672
2,1,64,SCRCircular,CBFA2T2,circCBFA2T2,circLib,composition,14,0.43885284982213657
2,1,64,SCRCircular,CBFA2T2,circCBFA2T2,circLib,sibling_uncalibrated,14,0.4831636748096733
2,1,64,SCRCircular,CBFA2T2,circCBFA2T2,circLib,sibling_calibrated,14,0.4831636748096733
2,1,64,SCRCircular,CCNL1,Ccnl1,nucLib,stack,11,0.7149077051364331
2,1,64,SCRCircular,CCNL1,Ccnl1,nucLib,target_kmer,11,0.43432926746370254
2,1,64,SCRCircular,CCNL1,Ccnl1,nucLib,composition,11,0.9671818153611225
2,1,64,SCRCircular,CCNL1,Ccnl1,nucLib,sibling_uncalibrated,11,0.7149077051364331
2,1,64,SCRCircular,CCNL1,Ccnl1,nucLib,sibling_calibrated,11,0.7149077051364331
2,1,64,SCRCircular,ERBB2,circERBB2,circLib,stack,34,0.21299773375152042
2,1,64,SCRCircular,ERBB2,circERBB2,circLib,target_kmer,34,0.5827207906936946
2,1,64,SCRCircular,ERBB2,circERBB2,circLib,composition,34,0.6754467945427791
2,1,64,SCRCircular,ERBB2,circERBB2,circLib,sibling_uncalibrated,34,0.21299773375152042
2,1,64,SCRCircular,ERBB2,circERBB2,circLib,sibling_calibrated,34,0.21299773375152042
2,1,64,SCRCircular,HOXA-AS3,Hoxa-AS3,nucLib,stack,142,0.16474663186551608
2,1,64,SCRCircular,HOXA-AS3,Hoxa-AS3,nucLib,target_kmer,142,0.3987069805095521
2,1,64,SCRCircular,HOXA-AS3,Hoxa-AS3,nucLib,composition,142,0.4189986958482912
2,1,64,SCRCircular,HOXA-AS3,Hoxa-AS3,nucLib,sibling_uncalibrated,142,0.1844140831730438
2,1,64,SCRCircular,HOXA-AS3,Hoxa-AS3,nucLib,sibling_calibrated,142,0.1844140831730438
2,1,64,SCRCircular,IKBKB,circIKBKB,circLib,stack,11,0.37840631780001344
2,1,64,SCRCircular,IKBKB,circIKBKB,circLib,target_kmer,11,0.5193557135122371
2,1,64,SCRCircular,IKBKB,circIKBKB,circLib,composition,11,0.5193557135122371
2,1,64,SCRCircular,IKBKB,circIKBKB,circLib,sibling_uncalibrated,11,0.37840631780001344
2,1,64,SCRCircular,IKBKB,circIKBKB,circLib,sibling_calibrated,11,0.37840631780001344
2,1,64,SCRCircular,MIAT,Miat,nucLib,stack,382,0.46401930028068794
2,1,64,SCRCircular,MIAT,Miat,nucLib,target_kmer,382,0.31949035206137644
2,1,64,SCRCircular,MIAT,Miat,nucLib,composition,382,0.4333271265787908
2,1,64,SCRCircular,MIAT,Miat,nucLib,sibling_uncalibrated,382,0.46401930028068794
2,1,64,SCRCircular,MIAT,Miat,nucLib,sibling_calibrated,382,0.46401930028068794
2,1,64,SCRCircular,XIST,Xist,nucLib,stack,328,0.4461373187740505
2,1,64,SCRCircular,XIST,Xist,nucLib,target_kmer,328,0.38976772196825343
2,1,64,SCRCircular,XIST,Xist,nucLib,composition,328,0.2761059164772831
2,1,64,SCRCircular,XIST,Xist,nucLib,sibling_uncalibrated,328,0.4461373187740505
2,1,64,SCRCircular,XIST,Xist,nucLib,sibling_calibrated,328,0.4461373187740505
2,1,256,Spliced,ASAP1,circASAP1,circLib,stack,10,0.7759211734368516
2,1,256,Spliced,ASAP1,circASAP1,circLib,target_kmer,10,0.5475883189497566
2,1,256,Spliced,ASAP1,circASAP1,circLib,composition,10,0.14360723263717215
2,1,256,Spliced,ASAP1,circASAP1,circLib,sibling_uncalibrated,10,0.6436072326371721
2,1,256,Spliced,ASAP1,circASAP1,circLib,sibling_calibrated,10,0.6436072326371721
2,1,256,Spliced,BBS9,circBBS91,circLib,stack,23,0.35398657778638976
2,1,256,Spliced,BBS9,circBBS91,circLib,target_kmer,23,0.28288874004637216
2,1,256,Spliced,BBS9,circBBS91,circLib,composition,23,0.32703700436851374
2,1,256,Spliced,BBS9,circBBS91,circLib,sibling_uncalibrated,23,0.8606534472198337
2,1,256,Spliced,BBS9,circBBS91,circLib,sibling_calibrated,23,0.8606534472198337
2,1,256,Spliced,BBS9,circBBS92,circLib,stack,22,0.569977844763038
2,1,256,Spliced,BBS9,circBBS92,circLib,target_kmer,22,0.6056860837396287
2,1,256,Spliced,BBS9,circBBS92,circLib,composition,22,0.2496912444223936
2,1,256,Spliced,BBS9,circBBS92,circLib,sibling_uncalibrated,22,0.662131905215681
2,1,256,Spliced,BBS9,circBBS92,circLib,sibling_calibrated,22,0.662131905215681
2,1,256,Spliced,BCL11B,circBCL11B1,circLib,stack,19,0.8198053443944973
2,1,256,Spliced,BCL11B,circBCL11B1,circLib,target_kmer,19,0.4266711493417483
2,1,256,Spliced,BCL11B,circBCL11B1,circLib,composition,19,0.43923773860454507
2,1,256,Spliced,BCL11B,circBCL11B1,circLib,sibling_uncalibrated,19,0.14988279304617272
2,1,256,Spliced,BCL11B,circBCL11B1,circLib,sibling_calibrated,19,0.14988279304617272
2,1,256,Spliced,BPTF,circBPTF1,circLib,stack,13,0.45637928519315807
2,1,256,Spliced,BPTF,circBPTF1,circLib,target_kmer,13,0.43694288517557145
2,1,256,Spliced,BPTF,circBPTF1,circLib,composition,13,0.4535831108825397
2,1,256,Spliced,BPTF,circBPTF1,circLib,sibling_uncalibrated,13,0.2584040480594283
2,1,256,Spliced,BPTF,circBPTF1,circLib,sibling_calibrated,13,0.2584040480594283
2,1,256,Spliced,BPTF,circBPTF2,circLib,stack,37,0.0645781537759491
2,1,256,Spliced,BPTF,circBPTF2,circLib,target_kmer,37,0.27617218463911325
2,1,256,Spliced,BPTF,circBPTF2,circLib,composition,37,0.1958955732667248
2,1,256,Spliced,BPTF,circBPTF2,circLib,sibling_uncalibrated,37,0.38713990972004164
2,1,256,Spliced,BPTF,circBPTF2,circLib,sibling_calibrated,37,0.38713990972004164
2,1,256,Spliced,CASC15,Casc15,nucLib,stack,64,0.49387096528455143
2,1,256,Spliced,CASC15,Casc15,nucLib,target_kmer,64,0.4726155642479133
2,1,256,Spliced,CASC15,Casc15,nucLib,composition,64,0.4852385148595546
2,1,256,Spliced,CASC15,Casc15,nucLib,sibling_uncalibrated,64,0.5286024117876927
2,1,256,Spliced,CASC15,Casc15,nucLib,sibling_calibrated,64,0.5286024117876927
2,1,256,Spliced,CBFA2T2,circCBFA2T2,circLib,stack,14,0.2398751279460346
2,1,256,Spliced,CBFA2T2,circCBFA2T2,circLib,target_kmer,14,0.36638972876513554
2,1,256,Spliced,CBFA2T2,circCBFA2T2,circLib,composition,14,0.3823078075332027
2,1,256,Spliced,CBFA2T2,circCBFA2T2,circLib,sibling_uncalibrated,14,0.43567673018513464
2,1,256,Spliced,CBFA2T2,circCBFA2T2,circLib,sibling_calibrated,14,0.43567673018513464
2,1,256,Spliced,ERBB2,circERBB2,circLib,stack,34,0.5535006112338829
2,1,256,Spliced,ERBB2,circERBB2,circLib,target_kmer,34,0.4485502467251554
2,1,256,Spliced,ERBB2,circERBB2,circLib,composition,34,0.4624479176405169
2,1,256,Spliced,ERBB2,circERBB2,circLib,sibling_uncalibrated,34,0.6563454038386789
2,1,256,Spliced,ERBB2,circERBB2,circLib,sibling_calibrated,34,0.6563454038386789
2,1,256,Spliced,HOXA-AS3,Hoxa-AS3,nucLib,stack,136,0.2721708273285294
2,1,256,Spliced,HOXA-AS3,Hoxa-AS3,nucLib,target_kmer,136,0.48989752026821975
2,1,256,Spliced,HOXA-AS3,Hoxa-AS3,nucLib,composition,136,0.28567325132908883
2,1,256,Spliced,HOXA-AS3,Hoxa-AS3,nucLib,sibling_uncalibrated,136,0.47462322311382665
2,1,256,Spliced,HOXA-AS3,Hoxa-AS3,nucLib,sibling_calibrated,136,0.47462322311382665
2,1,256,Spliced,IKBKB,circIKBKB,circLib,stack,11,0.5164923769756753
2,1,256,Spliced,IKBKB,circIKBKB,circLib,target_kmer,11,0.7981175839158059
2,1,256,Spliced,IKBKB,circIKBKB,circLib,composition,11,0.6853593871449016
2,1,256,Spliced,IKBKB,circIKBKB,circLib,sibling_uncalibrated,11,0.5164923769756753
2,1,256,Spliced,IKBKB,circIKBKB,circLib,sibling_calibrated,11,0.5164923769756753
2,1,256,Spliced,MIAT,Miat,nucLib,stack,370,0.3416115776845692
2,1,256,Spliced,MIAT,Miat,nucLib,target_kmer,370,0.28989102299152536
2,1,256,Spliced,MIAT,Miat,nucLib,composition,370,0.3333362267055546
2,1,256,Spliced,MIAT,Miat,nucLib,sibling_uncalibrated,370,0.4538856604119149
2,1,256,Spliced,MIAT,Miat,nucLib,sibling_calibrated,370,0.4538856604119149
2,1,256,Spliced,XIST,Xist,nucLib,stack,280,0.401563776173853
2,1,256,Spliced,XIST,Xist,nucLib,target_kmer,280,0.34293483686149706
2,1,256,Spliced,XIST,Xist,nucLib,composition,280,0.4727342034255153
2,1,256,Spliced,XIST,Xist,nucLib,sibling_uncalibrated,280,0.4890972970070603
2,1,256,Spliced,XIST,Xist,nucLib,sibling_calibrated,280,0.4890972970070603
2,1,256,Unspliced,ASAP1,circASAP1,circLib,stack,11,0.9340872694933
2,1,256,Unspliced,ASAP1,circASAP1,circLib,target_kmer,11,0.8234444645649636
2,1,256,Unspliced,ASAP1,circASAP1,circLib,composition,11,0.48147503339994613
2,1,256,Unspliced,ASAP1,circASAP1,circLib,sibling_uncalibrated,11,0.7737528162512209
2,1,256,Unspliced,ASAP1,circASAP1,circLib,sibling_calibrated,11,0.7737528162512209
2,1,256,Unspliced,BBS9,circBBS91,circLib,stack,23,0.3847220311529745
2,1,256,Unspliced,BBS9,circBBS91,circLib,target_kmer,23,0.26874811216432526
2,1,256,Unspliced,BBS9,circBBS91,circLib,composition,23,0.0
2,1,256,Unspliced,BBS9,circBBS91,circLib,sibling_uncalibrated,23,0.26874811216432526
2,1,256,Unspliced,BBS9,circBBS91,circLib,sibling_calibrated,23,0.26874811216432526
2,1,256,Unspliced,BBS9,circBBS92,circLib,stack,22,0.2313192440977877
2,1,256,Unspliced,BBS9,circBBS92,circLib,target_kmer,22,0.306836677331393
2,1,256,Unspliced,BBS9,circBBS92,circLib,composition,22,0.4538545040851337
2,1,256,Unspliced,BBS9,circBBS92,circLib,sibling_uncalibrated,22,0.2313192440977877
2,1,256,Unspliced,BBS9,circBBS92,circLib,sibling_calibrated,22,0.2313192440977877
2,1,256,Unspliced,BCL11B,circBCL11B1,circLib,stack,19,0.3802062619267445
2,1,256,Unspliced,BCL11B,circBCL11B1,circLib,target_kmer,19,0.49659796738944895
2,1,256,Unspliced,BCL11B,circBCL11B1,circLib,composition,19,0.8342987969001749
2,1,256,Unspliced,BCL11B,circBCL11B1,circLib,sibling_uncalibrated,19,0.4691548300132502
2,1,256,Unspliced,BCL11B,circBCL11B1,circLib,sibling_calibrated,19,0.4691548300132502
2,1,256,Unspliced,BPTF,circBPTF1,circLib,stack,13,0.16894470634585917
2,1,256,Unspliced,BPTF,circBPTF1,circLib,target_kmer,13,0.5861580750022053
2,1,256,Unspliced,BPTF,circBPTF1,circLib,composition,13,0.48181029601350983
2,1,256,Unspliced,BPTF,circBPTF1,circLib,sibling_uncalibrated,13,0.4264976476748698
2,1,256,Unspliced,BPTF,circBPTF1,circLib,sibling_calibrated,13,0.4264976476748698
2,1,256,Unspliced,BPTF,circBPTF2,circLib,stack,36,0.3881860495528716
2,1,256,Unspliced,BPTF,circBPTF2,circLib,target_kmer,36,0.5254504844382006
2,1,256,Unspliced,BPTF,circBPTF2,circLib,composition,36,0.302099782945508
2,1,256,Unspliced,BPTF,circBPTF2,circLib,sibling_uncalibrated,36,0.2692356814809331
2,1,256,Unspliced,BPTF,circBPTF2,circLib,sibling_calibrated,36,0.2692356814809331
2,1,256,Unspliced,CASC15,Casc15,nucLib,stack,53,0.4040439454923125
2,1,256,Unspliced,CASC15,Casc15,nucLib,target_kmer,53,0.343536429885988
2,1,256,Unspliced,CASC15,Casc15,nucLib,composition,53,0.24600515685430707
2,1,256,Unspliced,CASC15,Casc15,nucLib,sibling_uncalibrated,53,0.24600515685430707
2,1,256,Unspliced,CASC15,Casc15,nucLib,sibling_calibrated,53,0.24600515685430707
2,1,256,Unspliced,CBFA2T2,circCBFA2T2,circLib,stack,13,0.2905560686398232
2,1,256,Unspliced,CBFA2T2,circCBFA2T2,circLib,target_kmer,13,0.5351442705109283
2,1,256,Unspliced,CBFA2T2,circCBFA2T2,circLib,composition,13,0.2905560686398232
2,1,256,Unspliced,CBFA2T2,circCBFA2T2,circLib,sibling_uncalibrated,13,0.35996216703102857
2,1,256,Unspliced,CBFA2T2,circCBFA2T2,circLib,sibling_calibrated,13,0.35996216703102857
2,1,256,Unspliced,ERBB2,circERBB2,circLib,stack,34,0.2865674574411513
2,1,256,Unspliced,ERBB2,circERBB2,circLib,target_kmer,34,0.4710514847384638
2,1,256,Unspliced,ERBB2,circERBB2,circLib,composition,34,0.26374583505885246
2,1,256,Unspliced,ERBB2,circERBB2,circLib,sibling_uncalibrated,34,0.33344555610911963
2,1,256,Unspliced,ERBB2,circERBB2,circLib,sibling_calibrated,34,0.33344555610911963
2,1,256,Unspliced,HOXA-AS3,Hoxa-AS3,nucLib,stack,119,0.4256128655671051
2,1,256,Unspliced,HOXA-AS3,Hoxa-AS3,nucLib,target_kmer,119,0.36834817217933224
2,1,256,Unspliced,HOXA-AS3,Hoxa-AS3,nucLib,composition,119,0.42814244818605124
2,1,256,Unspliced,HOXA-AS3,Hoxa-AS3,nucLib,sibling_uncalibrated,119,0.40119102054901445
2,1,256,Unspliced,HOXA-AS3,Hoxa-AS3,nucLib,sibling_calibrated,119,0.40119102054901445
2,1,256,Unspliced,IKBKB,circIKBKB,circLib,stack,11,0.3980627619868031
2,1,256,Unspliced,IKBKB,circIKBKB,circLib,target_kmer,11,0.3980627619868031
2,1,256,Unspliced,IKBKB,circIKBKB,circLib,composition,11,0.5773973441607329
2,1,256,Unspliced,IKBKB,circIKBKB,circLib,sibling_uncalibrated,11,0.3980627619868031
2,1,256,Unspliced,IKBKB,circIKBKB,circLib,sibling_calibrated,11,0.3980627619868031
2,1,256,Unspliced,MIAT,Miat,nucLib,stack,312,0.4878344945037359
2,1,256,Unspliced,MIAT,Miat,nucLib,target_kmer,312,0.4084235296204708
2,1,256,Unspliced,MIAT,Miat,nucLib,composition,312,0.43872217173298167
2,1,256,Unspliced,MIAT,Miat,nucLib,sibling_uncalibrated,312,0.4878344945037359
2,1,256,Unspliced,MIAT,Miat,nucLib,sibling_calibrated,312,0.4878344945037359
2,1,256,Unspliced,XIST,Xist,nucLib,stack,206,0.5319874789941723
2,1,256,Unspliced,XIST,Xist,nucLib,target_kmer,206,0.4480441698854718
2,1,256,Unspliced,XIST,Xist,nucLib,composition,206,0.5362519844405111
2,1,256,Unspliced,XIST,Xist,nucLib,sibling_uncalibrated,206,0.5319874789941723
2,1,256,Unspliced,XIST,Xist,nucLib,sibling_calibrated,206,0.5319874789941723
2,1,256,Circular,BBS9,circBBS91,circLib,stack,21,0.11516868283492371
2,1,256,Circular,BBS9,circBBS91,circLib,target_kmer,21,0.1085686683948176
2,1,256,Circular,BBS9,circBBS91,circLib,composition,21,0.6529254404593704
2,1,256,Circular,BBS9,circBBS91,circLib,sibling_uncalibrated,21,0.18174545254204122
2,1,256,Circular,BBS9,circBBS91,circLib,sibling_calibrated,21,0.18174545254204122
2,1,256,Circular,BBS9,circBBS92,circLib,stack,20,0.3837568586388786
2,1,256,Circular,BBS9,circBBS92,circLib,target_kmer,20,0.4272805328155969
2,1,256,Circular,BBS9,circBBS92,circLib,composition,20,0.5322620032523613
2,1,256,Circular,BBS9,circBBS92,circLib,sibling_uncalibrated,20,0.3837568586388786
2,1,256,Circular,BBS9,circBBS92,circLib,sibling_calibrated,20,0.3837568586388786
2,1,256,Circular,BCL11B,circBCL11B1,circLib,stack,16,0.7382841450255184
2,1,256,Circular,BCL11B,circBCL11B1,circLib,target_kmer,16,0.5715217701400277
2,1,256,Circular,BCL11B,circBCL11B1,circLib,composition,16,0.24595494120185196
2,1,256,Circular,BCL11B,circBCL11B1,circLib,sibling_uncalibrated,16,0.7382841450255184
2,1,256,Circular,BCL11B,circBCL11B1,circLib,sibling_calibrated,16,0.7382841450255184
2,1,256,Circular,BPTF,circBPTF1,circLib,stack,12,0.2181318696659345
2,1,256,Circular,BPTF,circBPTF1,circLib,target_kmer,12,0.7404965371220942
2,1,256,Circular,BPTF,circBPTF1,circLib,composition,12,0.574065430746714
2,1,256,Circular,BPTF,circBPTF1,circLib,sibling_uncalibrated,12,0.7404965371220942
2,1,256,Circular,BPTF,circBPTF1,circLib,sibling_calibrated,12,0.7404965371220942
2,1,256,Circular,BPTF,circBPTF2,circLib,stack,34,0.11811894214642564
2,1,256,Circular,BPTF,circBPTF2,circLib,target_kmer,34,0.6068153764160771
2,1,256,Circular,BPTF,circBPTF2,circLib,composition,34,0.4588111757238883
2,1,256,Circular,BPTF,circBPTF2,circLib,sibling_uncalibrated,34,0.11811894214642564
2,1,256,Circular,BPTF,circBPTF2,circLib,sibling_calibrated,34,0.11811894214642564
2,1,256,Circular,CASC15,Casc15,nucLib,stack,57,0.49745163864126307
2,1,256,Circular,CASC15,Casc15,nucLib,target_kmer,57,0.3465408974650581
2,1,256,Circular,CASC15,Casc15,nucLib,composition,57,0.31671238641699967
2,1,256,Circular,CASC15,Casc15,nucLib,sibling_uncalibrated,57,0.20760860728113872
2,1,256,Circular,CASC15,Casc15,nucLib,sibling_calibrated,57,0.20760860728113872
2,1,256,Circular,CBFA2T2,circCBFA2T2,circLib,stack,12,0.6095234087792045
2,1,256,Circular,CBFA2T2,circCBFA2T2,circLib,target_kmer,12,0.38834236423491086
2,1,256,Circular,CBFA2T2,circCBFA2T2,circLib,composition,12,0.7528860263266791
2,1,256,Circular,CBFA2T2,circCBFA2T2,circLib,sibling_uncalibrated,12,0.6095234087792045
2,1,256,Circular,CBFA2T2,circCBFA2T2,circLib,sibling_calibrated,12,0.6095234087792045
2,1,256,Circular,ERBB2,circERBB2,circLib,stack,34,0.4048457590865359
2,1,256,Circular,ERBB2,circERBB2,circLib,target_kmer,34,0.7211522336326321
2,1,256,Circular,ERBB2,circERBB2,circLib,composition,34,0.5935378830254521
2,1,256,Circular,ERBB2,circERBB2,circLib,sibling_uncalibrated,34,0.2493957770711128
2,1,256,Circular,ERBB2,circERBB2,circLib,sibling_calibrated,34,0.2493957770711128
2,1,256,Circular,HOXA-AS3,Hoxa-AS3,nucLib,stack,130,0.3666025877488839
2,1,256,Circular,HOXA-AS3,Hoxa-AS3,nucLib,target_kmer,130,0.4197221321027469
2,1,256,Circular,HOXA-AS3,Hoxa-AS3,nucLib,composition,130,0.6832492612476582
2,1,256,Circular,HOXA-AS3,Hoxa-AS3,nucLib,sibling_uncalibrated,130,0.3752782354009765
2,1,256,Circular,HOXA-AS3,Hoxa-AS3,nucLib,sibling_calibrated,130,0.3752782354009765
2,1,256,Circular,IKBKB,circIKBKB,circLib,stack,10,0.3817880672176142
2,1,256,Circular,IKBKB,circIKBKB,circLib,target_kmer,10,0.4568912849015354
2,1,256,Circular,IKBKB,circIKBKB,circLib,composition,10,0.6182119327823858
2,1,256,Circular,IKBKB,circIKBKB,circLib,sibling_uncalibrated,10,0.4150513183337689
2,1,256,Circular,IKBKB,circIKBKB,circLib,sibling_calibrated,10,0.4150513183337689
2,1,256,Circular,MIAT,Miat,nucLib,stack,344,0.4501649895467077
2,1,256,Circular,MIAT,Miat,nucLib,target_kmer,344,0.7401868178097455
2,1,256,Circular,MIAT,Miat,nucLib,composition,344,0.45722739234082266
2,1,256,Circular,MIAT,Miat,nucLib,sibling_uncalibrated,344,0.3844067235673758
2,1,256,Circular,MIAT,Miat,nucLib,sibling_calibrated,344,0.3844067235673758
2,1,256,Circular,XIST,Xist,nucLib,stack,246,0.4593798540081911
2,1,256,Circular,XIST,Xist,nucLib,target_kmer,246,0.37861170710480174
2,1,256,Circular,XIST,Xist,nucLib,composition,246,0.4330554213851233
2,1,256,Circular,XIST,Xist,nucLib,sibling_uncalibrated,246,0.4593798540081911
2,1,256,Circular,XIST,Xist,nucLib,sibling_calibrated,246,0.4593798540081911
2,1,256,SCRCircular,ASAP1,circASAP1,circLib,stack,12,0.31599578578425036
2,1,256,SCRCircular,ASAP1,circASAP1,circLib,target_kmer,12,0.20026887977608232
2,1,256,SCRCircular,ASAP1,circASAP1,circLib,composition,12,0.11055870921277326
2,1,256,SCRCircular,ASAP1,circASAP1,circLib,sibling_uncalibrated,12,0.7777666978041669
2,1,256,SCRCircular,ASAP1,circASAP1,circLib,sibling_calibrated,12,0.7777666978041669
2,1,256,SCRCircular,BBS9,circBBS91,circLib,stack,23,0.0720685234000064
2,1,256,SCRCircular,BBS9,circBBS91,circLib,target_kmer,23,0.0720685234000064
2,1,256,SCRCircular,BBS9,circBBS91,circLib,composition,23,0.4976663445517275
2,1,256,SCRCircular,BBS9,circBBS91,circLib,sibling_uncalibrated,23,0.3082911018688969
2,1,256,SCRCircular,BBS9,circBBS91,circLib,sibling_calibrated,23,0.3082911018688969
2,1,256,SCRCircular,BBS9,circBBS92,circLib,stack,22,0.28932792923830686
2,1,256,SCRCircular,BBS9,circBBS92,circLib,target_kmer,22,0.44728248597420966
2,1,256,SCRCircular,BBS9,circBBS92,circLib,composition,22,0.47559576006130305
2,1,256,SCRCircular,BBS9,circBBS92,circLib,sibling_uncalibrated,22,0.44728248597420966
2,1,256,SCRCircular,BBS9,circBBS92,circLib,sibling_calibrated,22,0.44728248597420966
2,1,256,SCRCircular,BCL11B,circBCL11B1,circLib,stack,19,0.31954156602582107
2,1,256,SCRCircular,BCL11B,circBCL11B1,circLib,target_kmer,19,0.4116331047272191
2,1,256,SCRCircular,BCL11B,circBCL11B1,circLib,composition,19,0.6219453862496157
2,1,256,SCRCircular,BCL11B,circBCL11B1,circLib,sibling_uncalibrated,19,0.31954156602582107
2,1,256,SCRCircular,BCL11B,circBCL11B1,circLib,sibling_calibrated,19,0.31954156602582107
2,1,256,SCRCircular,BPTF,circBPTF1,circLib,stack,14,0.6188685005906787
2,1,256,SCRCircular,BPTF,circBPTF1,circLib,target_kmer,14,0.7605356583459771
2,1,256,SCRCircular,BPTF,circBPTF1,circLib,composition,14,0.37810722410045206
2,1,256,SCRCircular,BPTF,circBPTF1,circLib,sibling_uncalibrated,14,0.07866323811203413
2,1,256,SCRCircular,BPTF,circBPTF1,circLib,sibling_calibrated,14,0.07866323811203413
2,1,256,SCRCircular,BPTF,circBPTF2,circLib,stack,37,0.3017359605121819
2,1,256,SCRCircular,BPTF,circBPTF2,circLib,target_kmer,37,0.4261746491322839
2,1,256,SCRCircular,BPTF,circBPTF2,circLib,composition,37,0.5091303364171139
2,1,256,SCRCircular,BPTF,circBPTF2,circLib,sibling_uncalibrated,37,0.36776526110447916
2,1,256,SCRCircular,BPTF,circBPTF2,circLib,sibling_calibrated,37,0.36776526110447916
2,1,256,SCRCircular,CASC15,Casc15,nucLib,stack,66,0.5852554230792235
2,1,256,SCRCircular,CASC15,Casc15,nucLib,target_kmer,66,0.3451033738643931
2,1,256,SCRCircular,CASC15,Casc15,nucLib,composition,66,0.2385410128646246
2,1,256,SCRCircular,CASC15,Casc15,nucLib,sibling_uncalibrated,66,0.23507465832615212
2,1,256,SCRCircular,CASC15,Casc15,nucLib,sibling_calibrated,66,0.23507465832615212
2,1,256,SCRCircular,CBFA2T2,circCBFA2T2,circLib,stack,14,0.2394108893126486
2,1,256,SCRCircular,CBFA2T2,circCBFA2T2,circLib,target_kmer,14,0.5616595816871317
2,1,256,SCRCircular,CBFA2T2,circCBFA2T2,circLib,composition,14,0.31804763906720895
2,1,256,SCRCircular,CBFA2T2,circCBFA2T2,circLib,sibling_uncalibrated,14,0.4831636748096733
2,1,256,SCRCircular,CBFA2T2,circCBFA2T2,circLib,sibling_calibrated,14,0.4831636748096733
2,1,256,SCRCircular,CCNL1,Ccnl1,nucLib,stack,11,0.7149077051364331
2,1,256,SCRCircular,CCNL1,Ccnl1,nucLib,target_kmer,11,0.9671818153611225
2,1,256,SCRCircular,CCNL1,Ccnl1,nucLib,composition,11,0.9671818153611225
2,1,256,SCRCircular,CCNL1,Ccnl1,nucLib,sibling_uncalibrated,11,0.7149077051364331
2,1,256,SCRCircular,CCNL1,Ccnl1,nucLib,sibling_calibrated,11,0.7149077051364331
2,1,256,SCRCircular,ERBB2,circERBB2,circLib,stack,34,0.21299773375152042
2,1,256,SCRCircular,ERBB2,circERBB2,circLib,target_kmer,34,0.6331141451237222
2,1,256,SCRCircular,ERBB2,circERBB2,circLib,composition,34,0.7285161975184911
2,1,256,SCRCircular,ERBB2,circERBB2,circLib,sibling_uncalibrated,34,0.21299773375152042
2,1,256,SCRCircular,ERBB2,circERBB2,circLib,sibling_calibrated,34,0.21299773375152042
2,1,256,SCRCircular,HOXA-AS3,Hoxa-AS3,nucLib,stack,142,0.33463980421391015
2,1,256,SCRCircular,HOXA-AS3,Hoxa-AS3,nucLib,target_kmer,142,0.3135742296980866
2,1,256,SCRCircular,HOXA-AS3,Hoxa-AS3,nucLib,composition,142,0.36561426580014145
2,1,256,SCRCircular,HOXA-AS3,Hoxa-AS3,nucLib,sibling_uncalibrated,142,0.1844140831730438
2,1,256,SCRCircular,HOXA-AS3,Hoxa-AS3,nucLib,sibling_calibrated,142,0.1844140831730438
2,1,256,SCRCircular,IKBKB,circIKBKB,circLib,stack,11,0.16653157355059212
2,1,256,SCRCircular,IKBKB,circIKBKB,circLib,target_kmer,11,0.5193557135122371
2,1,256,SCRCircular,IKBKB,circIKBKB,circLib,composition,11,0.5193557135122371
2,1,256,SCRCircular,IKBKB,circIKBKB,circLib,sibling_uncalibrated,11,0.37840631780001344
2,1,256,SCRCircular,IKBKB,circIKBKB,circLib,sibling_calibrated,11,0.37840631780001344
2,1,256,SCRCircular,MIAT,Miat,nucLib,stack,382,0.3907504626758074
2,1,256,SCRCircular,MIAT,Miat,nucLib,target_kmer,382,0.4559074956626109
2,1,256,SCRCircular,MIAT,Miat,nucLib,composition,382,0.46531830900327487
2,1,256,SCRCircular,MIAT,Miat,nucLib,sibling_uncalibrated,382,0.46401930028068794
2,1,256,SCRCircular,MIAT,Miat,nucLib,sibling_calibrated,382,0.46401930028068794
2,1,256,SCRCircular,XIST,Xist,nucLib,stack,328,0.4461373187740505
2,1,256,SCRCircular,XIST,Xist,nucLib,target_kmer,328,0.3959947067992868
2,1,256,SCRCircular,XIST,Xist,nucLib,composition,328,0.3074990123439125
2,1,256,SCRCircular,XIST,Xist,nucLib,sibling_uncalibrated,328,0.4461373187740505
2,1,256,SCRCircular,XIST,Xist,nucLib,sibling_calibrated,328,0.4461373187740505
2,2,16,Spliced,ASAP1,circASAP1,circLib,stack,10,0.7759211734368516
2,2,16,Spliced,ASAP1,circASAP1,circLib,target_kmer,10,0.14360723263717215
2,2,16,Spliced,ASAP1,circASAP1,circLib,composition,10,0.14360723263717215
2,2,16,Spliced,ASAP1,circASAP1,circLib,sibling_uncalibrated,10,0.6436072326371721
2,2,16,Spliced,ASAP1,circASAP1,circLib,sibling_calibrated,10,0.6436072326371721
2,2,16,Spliced,BBS9,circBBS91,circLib,stack,23,0.7331670189816846
2,2,16,Spliced,BBS9,circBBS91,circLib,target_kmer,23,0.3314193557544331
2,2,16,Spliced,BBS9,circBBS91,circLib,composition,23,0.21293511337491644
2,2,16,Spliced,BBS9,circBBS91,circLib,sibling_uncalibrated,23,0.8606534472198337
2,2,16,Spliced,BBS9,circBBS91,circLib,sibling_calibrated,23,0.8606534472198337
2,2,16,Spliced,BBS9,circBBS92,circLib,stack,22,0.4880017029415438
2,2,16,Spliced,BBS9,circBBS92,circLib,target_kmer,22,0.6693456283364864
2,2,16,Spliced,BBS9,circBBS92,circLib,composition,22,0.2496912444223936
2,2,16,Spliced,BBS9,circBBS92,circLib,sibling_uncalibrated,22,0.9004423637348312
2,2,16,Spliced,BBS9,circBBS92,circLib,sibling_calibrated,22,0.9004423637348312
2,2,16,Spliced,BCL11B,circBCL11B1,circLib,stack,19,0.43923773860454507
2,2,16,Spliced,BCL11B,circBCL11B1,circLib,target_kmer,19,0.679543515152089
2,2,16,Spliced,BCL11B,circBCL11B1,circLib,composition,19,0.8198053443944973
2,2,16,Spliced,BCL11B,circBCL11B1,circLib,sibling_uncalibrated,19,0.43923773860454507
2,2,16,Spliced,BCL11B,circBCL11B1,circLib,sibling_calibrated,19,0.43923773860454507
2,2,16,Spliced,BPTF,circBPTF1,circLib,stack,13,0.45637928519315807
2,2,16,Spliced,BPTF,circBPTF1,circLib,target_kmer,13,0.41299025952326407
2,2,16,Spliced,BPTF,circBPTF1,circLib,composition,13,0.4535831108825397
2,2,16,Spliced,BPTF,circBPTF1,circLib,sibling_uncalibrated,13,0.2584040480594283
2,2,16,Spliced,BPTF,circBPTF1,circLib,sibling_calibrated,13,0.2584040480594283
2,2,16,Spliced,BPTF,circBPTF2,circLib,stack,37,0.33435148190761915
2,2,16,Spliced,BPTF,circBPTF2,circLib,target_kmer,37,0.4055873360779208
2,2,16,Spliced,BPTF,circBPTF2,circLib,composition,37,0.31397755919271864
2,2,16,Spliced,BPTF,circBPTF2,circLib,sibling_uncalibrated,37,0.38713990972004164
2,2,16,Spliced,BPTF,circBPTF2,circLib,sibling_calibrated,37,0.38713990972004164
2,2,16,Spliced,CASC15,Casc15,nucLib,stack,64,0.23896474346165422
2,2,16,Spliced,CASC15,Casc15,nucLib,target_kmer,64,0.49387096528455143
2,2,16,Spliced,CASC15,Casc15,nucLib,composition,64,0.4852385148595546
2,2,16,Spliced,CASC15,Casc15,nucLib,sibling_uncalibrated,64,0.5286024117876927
2,2,16,Spliced,CASC15,Casc15,nucLib,sibling_calibrated,64,0.5286024117876927
2,2,16,Spliced,CBFA2T2,circCBFA2T2,circLib,stack,14,0.22212682853661594
2,2,16,Spliced,CBFA2T2,circCBFA2T2,circLib,target_kmer,14,0.4203081642333437
2,2,16,Spliced,CBFA2T2,circCBFA2T2,circLib,composition,14,0.43567673018513464
2,2,16,Spliced,CBFA2T2,circCBFA2T2,circLib,sibling_uncalibrated,14,0.43567673018513464
2,2,16,Spliced,CBFA2T2,circCBFA2T2,circLib,sibling_calibrated,14,0.43567673018513464
2,2,16,Spliced,ERBB2,circERBB2,circLib,stack,34,0.48086829592647073
2,2,16,Spliced,ERBB2,circERBB2,circLib,target_kmer,34,0.7457218429880732
2,2,16,Spliced,ERBB2,circERBB2,circLib,composition,34,0.641384975441724
2,2,16,Spliced,ERBB2,circERBB2,circLib,sibling_uncalibrated,34,0.48086829592647073
2,2,16,Spliced,ERBB2,circERBB2,circLib,sibling_calibrated,34,0.48086829592647073
2,2,16,Spliced,HOXA-AS3,Hoxa-AS3,nucLib,stack,136,0.2721708273285294
2,2,16,Spliced,HOXA-AS3,Hoxa-AS3,nucLib,target_kmer,136,0.07024757062295076
2,2,16,Spliced,HOXA-AS3,Hoxa-AS3,nucLib,composition,136,0.28567325132908883
2,2,16,Spliced,HOXA-AS3,Hoxa-AS3,nucLib,sibling_uncalibrated,136,0.47462322311382665
2,2,16,Spliced,HOXA-AS3,Hoxa-AS3,nucLib,sibling_calibrated,136,0.47462322311382665
2,2,16,Spliced,IKBKB,circIKBKB,circLib,stack,11,0.5164923769756753
2,2,16,Spliced,IKBKB,circIKBKB,circLib,target_kmer,11,0.6853593871449016
2,2,16,Spliced,IKBKB,circIKBKB,circLib,composition,11,0.6853593871449016
2,2,16,Spliced,IKBKB,circIKBKB,circLib,sibling_uncalibrated,11,0.5164923769756753
2,2,16,Spliced,IKBKB,circIKBKB,circLib,sibling_calibrated,11,0.5164923769756753
2,2,16,Spliced,MIAT,Miat,nucLib,stack,370,0.3599282856186201
2,2,16,Spliced,MIAT,Miat,nucLib,target_kmer,370,0.4800846979619935
2,2,16,Spliced,MIAT,Miat,nucLib,composition,370,0.3107369153870713
2,2,16,Spliced,MIAT,Miat,nucLib,sibling_uncalibrated,370,0.4538856604119149
2,2,16,Spliced,MIAT,Miat,nucLib,sibling_calibrated,370,0.4538856604119149
2,2,16,Spliced,XIST,Xist,nucLib,stack,280,0.2415601045744121
2,2,16,Spliced,XIST,Xist,nucLib,target_kmer,280,0.5195362743437252
2,2,16,Spliced,XIST,Xist,nucLib,composition,280,0.4707361235472415
2,2,16,Spliced,XIST,Xist,nucLib,sibling_uncalibrated,280,0.4707361235472415
2,2,16,Spliced,XIST,Xist,nucLib,sibling_calibrated,280,0.4707361235472415
2,2,16,Unspliced,ASAP1,circASAP1,circLib,stack,11,0.8234444645649636
2,2,16,Unspliced,ASAP1,circASAP1,circLib,target_kmer,11,0.1324263005015357
2,2,16,Unspliced,ASAP1,circASAP1,circLib,composition,11,0.48147503339994613
2,2,16,Unspliced,ASAP1,circASAP1,circLib,sibling_uncalibrated,11,0.6631100113228845
2,2,16,Unspliced,ASAP1,circASAP1,circLib,sibling_calibrated,11,0.6631100113228845
2,2,16,Unspliced,BBS9,circBBS91,circLib,stack,23,0.46302408963409997
2,2,16,Unspliced,BBS9,circBBS91,circLib,target_kmer,23,0.4263349644820901
2,2,16,Unspliced,BBS9,circBBS91,circLib,composition,23,0.9438252963849372
2,2,16,Unspliced,BBS9,circBBS91,circLib,sibling_uncalibrated,23,0.08435194520871087
2,2,16,Unspliced,BBS9,circBBS91,circLib,sibling_calibrated,23,0.08435194520871087
2,2,16,Unspliced,BBS9,circBBS92,circLib,stack,22,0.5934778479110548
2,2,16,Unspliced,BBS9,circBBS92,circLib,target_kmer,22,0.20210143761315244
2,2,16,Unspliced,BBS9,circBBS92,circLib,composition,22,0.306836677331393
2,2,16,Unspliced,BBS9,circBBS92,circLib,sibling_uncalibrated,22,0.5934778479110548
2,2,16,Unspliced,BBS9,circBBS92,circLib,sibling_calibrated,22,0.5934778479110548
2,2,16,Unspliced,BCL11B,circBCL11B1,circLib,stack,19,0.693184648966842
2,2,16,Unspliced,BCL11B,circBCL11B1,circLib,target_kmer,19,0.7395034226597101
2,2,16,Unspliced,BCL11B,circBCL11B1,circLib,composition,19,0.3802062619267445
2,2,16,Unspliced,BCL11B,circBCL11B1,circLib,sibling_uncalibrated,19,0.4691548300132502
2,2,16,Unspliced,BCL11B,circBCL11B1,circLib,sibling_calibrated,19,0.4691548300132502
2,2,16,Unspliced,BPTF,circBPTF1,circLib,stack,13,0.4264976476748698
2,2,16,Unspliced,BPTF,circBPTF1,circLib,target_kmer,13,0.42020551013606816
2,2,16,Unspliced,BPTF,circBPTF1,circLib,composition,13,0.4264976476748698
2,2,16,Unspliced,BPTF,circBPTF1,circLib,sibling_uncalibrated,13,0.4264976476748698
2,2,16,Unspliced,BPTF,circBPTF1,circLib,sibling_calibrated,13,0.4264976476748698
2,2,16,Unspliced,BPTF,circBPTF2,circLib,stack,36,0.342018633240398
2,2,16,Unspliced,BPTF,circBPTF2,circLib,target_kmer,36,0.46096900131233653
2,2,16,Unspliced,BPTF,circBPTF2,circLib,composition,36,0.302099782945508
2,2,16,Unspliced,BPTF,circBPTF2,circLib,sibling_uncalibrated,36,0.2692356814809331
2,2,16,Unspliced,BPTF,circBPTF2,circLib,sibling_calibrated,36,0.2692356814809331
2,2,16,Unspliced,CASC15,Casc15,nucLib,stack,53,0.26734840132183524
2,2,16,Unspliced,CASC15,Casc15,nucLib,target_kmer,53,0.49451752550327144
2,2,16,Unspliced,CASC15,Casc15,nucLib,composition,53,0.4040439454923125
2,2,16,Unspliced,CASC15,Casc15,nucLib,sibling_uncalibrated,53,0.24600515685430707
2,2,16,Unspliced,CASC15,Casc15,nucLib,sibling_calibrated,53,0.24600515685430707
2,2,16,Unspliced,CBFA2T2,circCBFA2T2,circLib,stack,13,0.35996216703102857
2,2,16,Unspliced,CBFA2T2,circCBFA2T2,circLib,target_kmer,13,0.22679211418583425
2,2,16,Unspliced,CBFA2T2,circCBFA2T2,circLib,composition,13,0.5351442705109283
2,2,16,Unspliced,CBFA2T2,circCBFA2T2,circLib,sibling_uncalibrated,13,0.35996216703102857
2,2,16,Unspliced,CBFA2T2,circCBFA2T2,circLib,sibling_calibrated,13,0.35996216703102857
2,2,16,Unspliced,ERBB2,circERBB2,circLib,stack,34,0.2865674574411513
2,2,16,Unspliced,ERBB2,circERBB2,circLib,target_kmer,34,0.6987613477371081
2,2,16,Unspliced,ERBB2,circERBB2,circLib,composition,34,0.7147575998320637
2,2,16,Unspliced,ERBB2,circERBB2,circLib,sibling_uncalibrated,34,0.3155159727026875
2,2,16,Unspliced,ERBB2,circERBB2,circLib,sibling_calibrated,34,0.3155159727026875
2,2,16,Unspliced,HOXA-AS3,Hoxa-AS3,nucLib,stack,119,0.4256128655671051
2,2,16,Unspliced,HOXA-AS3,Hoxa-AS3,nucLib,target_kmer,119,0.36352324078873455
2,2,16,Unspliced,HOXA-AS3,Hoxa-AS3,nucLib,composition,119,0.3342538173540234
2,2,16,Unspliced,HOXA-AS3,Hoxa-AS3,nucLib,sibling_uncalibrated,119,0.40119102054901445
2,2,16,Unspliced,HOXA-AS3,Hoxa-AS3,nucLib,sibling_calibrated,119,0.40119102054901445
2,2,16,Unspliced,IKBKB,circIKBKB,circLib,stack,11,0.3980627619868031
2,2,16,Unspliced,IKBKB,circIKBKB,circLib,target_kmer,11,0.5773973441607329
2,2,16,Unspliced,IKBKB,circIKBKB,circLib,composition,11,0.5773973441607329
2,2,16,Unspliced,IKBKB,circIKBKB,circLib,sibling_uncalibrated,11,0.3980627619868031
2,2,16,Unspliced,IKBKB,circIKBKB,circLib,sibling_calibrated,11,0.3980627619868031
2,2,16,Unspliced,MIAT,Miat,nucLib,stack,312,0.4855545178466427
2,2,16,Unspliced,MIAT,Miat,nucLib,target_kmer,312,0.38114143709666864
2,2,16,Unspliced,MIAT,Miat,nucLib,composition,312,0.43872217173298167
2,2,16,Unspliced,MIAT,Miat,nucLib,sibling_uncalibrated,312,0.43649864529093074
2,2,16,Unspliced,MIAT,Miat,nucLib,sibling_calibrated,312,0.43649864529093074
2,2,16,Unspliced,XIST,Xist,nucLib,stack,206,0.5319874789941723
2,2,16,Unspliced,XIST,Xist,nucLib,target_kmer,206,0.34895500144983105
2,2,16,Unspliced,XIST,Xist,nucLib,composition,206,0.47520468182954617
2,2,16,Unspliced,XIST,Xist,nucLib,sibling_uncalibrated,206,0.44959332112839334
2,2,16,Unspliced,XIST,Xist,nucLib,sibling_calibrated,206,0.44959332112839334
2,2,16,Circular,BBS9,circBBS91,circLib,stack,21,0.18174545254204122
2,2,16,Circular,BBS9,circBBS91,circLib,target_kmer,21,0.573263511384365
2,2,16,Circular,BBS9,circBBS91,circLib,composition,21,0.6522511362177312
2,2,16,Circular,BBS9,circBBS91,circLib,sibling_uncalibrated,21,0.18174545254204122
2,2,16,Circular,BBS9,circBBS91,circLib,sibling_calibrated,21,0.18174545254204122
2,2,16,Circular,BBS9,circBBS92,circLib,stack,20,0.6731755956838946
2,2,16,Circular,BBS9,circBBS92,circLib,target_kmer,20,0.6952696060850033
2,2,16,Circular,BBS9,circBBS92,circLib,composition,20,0.09842510287797657
2,2,16,Circular,BBS9,circBBS92,circLib,sibling_uncalibrated,20,0.3837568586388786
2,2,16,Circular,BBS9,circBBS92,circLib,sibling_calibrated,20,0.3837568586388786
2,2,16,Circular,BCL11B,circBCL11B1,circLib,stack,16,0.11881237049180707
2,2,16,Circular,BCL11B,circBCL11B1,circLib,target_kmer,16,0.450816300837268
2,2,16,Circular,BCL11B,circBCL11B1,circLib,composition,16,0.3113434500832987
2,2,16,Circular,BCL11B,circBCL11B1,circLib,sibling_uncalibrated,16,0.33117914194545833
2,2,16,Circular,BCL11B,circBCL11B1,circLib,sibling_calibrated,16,0.33117914194545833
2,2,16,Circular,BPTF,circBPTF1,circLib,stack,12,0.5794720975830999
2,2,16,Circular,BPTF,circBPTF1,circLib,target_kmer,12,0.574065430746714
2,2,16,Circular,BPTF,circBPTF1,circLib,composition,12,0.09537784086155782
2,2,16,Circular,BPTF,circBPTF1,circLib,sibling_uncalibrated,12,0.7404965371220942
2,2,16,Circular,BPTF,circBPTF1,circLib,sibling_calibrated,12,0.7404965371220942
2,2,16,Circular,BPTF,circBPTF2,circLib,stack,34,0.5282571374359095
2,2,16,Circular,BPTF,circBPTF2,circLib,target_kmer,34,0.8305972140344906
2,2,16,Circular,BPTF,circBPTF2,circLib,composition,34,0.30825875623604204
2,2,16,Circular,BPTF,circBPTF2,circLib,sibling_uncalibrated,34,0.15557003222492766
2,2,16,Circular,BPTF,circBPTF2,circLib,sibling_calibrated,34,0.15557003222492766
2,2,16,Circular,CASC15,Casc15,nucLib,stack,57,0.41594345997143
2,2,16,Circular,CASC15,Casc15,nucLib,target_kmer,57,0.5055209636135816
2,2,16,Circular,CASC15,Casc15,nucLib,composition,57,0.4389152323023553
2,2,16,Circular,CASC15,Casc15,nucLib,sibling_uncalibrated,57,0.3592581575069359
2,2,16,Circular,CASC15,Casc15,nucLib,sibling_calibrated,57,0.3592581575069359
2,2,16,Circular,CBFA2T2,circCBFA2T2,circLib,stack,12,0.12874535691342381
2,2,16,Circular,CBFA2T2,circCBFA2T2,circLib,target_kmer,12,0.35853051769741784
2,2,16,Circular,CBFA2T2,circCBFA2T2,circLib,composition,12,0.7331886992391188
2,2,16,Circular,CBFA2T2,circCBFA2T2,circLib,sibling_uncalibrated,12,0.6095234087792045
2,2,16,Circular,CBFA2T2,circCBFA2T2,circLib,sibling_calibrated,12,0.6095234087792045
2,2,16,Circular,ERBB2,circERBB2,circLib,stack,34,0.39490471033076335
2,2,16,Circular,ERBB2,circERBB2,circLib,target_kmer,34,0.6493193716174395
2,2,16,Circular,ERBB2,circERBB2,circLib,composition,34,0.3233849587677408
2,2,16,Circular,ERBB2,circERBB2,circLib,sibling_uncalibrated,34,0.2493957770711128
2,2,16,Circular,ERBB2,circERBB2,circLib,sibling_calibrated,34,0.2493957770711128
2,2,16,Circular,HOXA-AS3,Hoxa-AS3,nucLib,stack,130,0.4301690864275728
2,2,16,Circular,HOXA-AS3,Hoxa-AS3,nucLib,target_kmer,130,0.5279534441859207
2,2,16,Circular,HOXA-AS3,Hoxa-AS3,nucLib,composition,130,0.5944629330676624
2,2,16,Circular,HOXA-AS3,Hoxa-AS3,nucLib,sibling_uncalibrated,130,0.37550511386962016
2,2,16,Circular,HOXA-AS3,Hoxa-AS3,nucLib,sibling_calibrated,130,0.37550511386962016
2,2,16,Circular,IKBKB,circIKBKB,circLib,stack,10,0.24638734841239548
2,2,16,Circular,IKBKB,circIKBKB,circLib,target_kmer,10,0.48305547705656193
2,2,16,Circular,IKBKB,circIKBKB,circLib,composition,10,0.7795606726986881
2,2,16,Circular,IKBKB,circIKBKB,circLib,sibling_uncalibrated,10,0.4150513183337689
2,2,16,Circular,IKBKB,circIKBKB,circLib,sibling_calibrated,10,0.4150513183337689
2,2,16,Circular,MIAT,Miat,nucLib,stack,344,0.3795146192479896
2,2,16,Circular,MIAT,Miat,nucLib,target_kmer,344,0.44111791368528064
2,2,16,Circular,MIAT,Miat,nucLib,composition,344,0.583731282401328
2,2,16,Circular,MIAT,Miat,nucLib,sibling_uncalibrated,344,0.3844067235673758
2,2,16,Circular,MIAT,Miat,nucLib,sibling_calibrated,344,0.3844067235673758
2,2,16,Circular,XIST,Xist,nucLib,stack,246,0.44443340667144327
2,2,16,Circular,XIST,Xist,nucLib,target_kmer,246,0.6043959421851945
2,2,16,Circular,XIST,Xist,nucLib,composition,246,0.511540413093326
2,2,16,Circular,XIST,Xist,nucLib,sibling_uncalibrated,246,0.5345428640017323
2,2,16,Circular,XIST,Xist,nucLib,sibling_calibrated,246,0.5345428640017323
2,2,16,SCRCircular,ASAP1,circASAP1,circLib,stack,12,0.8206809365114476
2,2,16,SCRCircular,ASAP1,circASAP1,circLib,target_kmer,12,0.05338041623372686
2,2,16,SCRCircular,ASAP1,circASAP1,circLib,composition,12,0.2412757190185711
2,2,16,SCRCircular,ASAP1,circASAP1,circLib,sibling_uncalibrated,12,0.7901884262685794
2,2,16,SCRCircular,ASAP1,circASAP1,circLib,sibling_calibrated,12,0.7901884262685794
2,2,16,SCRCircular,BBS9,circBBS91,circLib,stack,23,0.0720685234000064
2,2,16,SCRCircular,BBS9,circBBS91,circLib,target_kmer,23,0.24859060159627155
2,2,16,SCRCircular,BBS9,circBBS91,circLib,composition,23,0.5023336554482725
2,2,16,SCRCircular,BBS9,circBBS91,circLib,sibling_uncalibrated,23,0.3082911018688969
2,2,16,SCRCircular,BBS9,circBBS91,circLib,sibling_calibrated,23,0.3082911018688969
2,2,16,SCRCircular,BBS9,circBBS92,circLib,stack,22,0.24256125468234638
2,2,16,SCRCircular,BBS9,circBBS92,circLib,target_kmer,22,0.19417753713406782
2,2,16,SCRCircular,BBS9,circBBS92,circLib,composition,22,0.34094345480381644
2,2,16,SCRCircular,BBS9,circBBS92,circLib,sibling_uncalibrated,22,0.2855471187601912
2,2,16,SCRCircular,BBS9,circBBS92,circLib,sibling_calibrated,22,0.2855471187601912
2,2,16,SCRCircular,BCL11B,circBCL11B1,circLib,stack,19,0.4124107752200683
2,2,16,SCRCircular,BCL11B,circBCL11B1,circLib,target_kmer,19,0.38717198748316994
2,2,16,SCRCircular,BCL11B,circBCL11B1,circLib,composition,19,0.38717198748316994
2,2,16,SCRCircular,BCL11B,circBCL11B1,circLib,sibling_uncalibrated,19,0.4124107752200683
2,2,16,SCRCircular,BCL11B,circBCL11B1,circLib,sibling_calibrated,19,0.4124107752200683
2,2,16,SCRCircular,BPTF,circBPTF1,circLib,stack,14,0.37810722410045206
2,2,16,SCRCircular,BPTF,circBPTF1,circLib,target_kmer,14,0.22488674871075093
2,2,16,SCRCircular,BPTF,circBPTF1,circLib,composition,14,0.22488674871075093
2,2,16,SCRCircular,BPTF,circBPTF1,circLib,sibling_uncalibrated,14,0.37810722410045206
2,2,16,SCRCircular,BPTF,circBPTF1,circLib,sibling_calibrated,14,0.37810722410045206
2,2,16,SCRCircular,BPTF,circBPTF2,circLib,stack,37,0.2799134468477389
2,2,16,SCRCircular,BPTF,circBPTF2,circLib,target_kmer,37,0.40164067637535644
2,2,16,SCRCircular,BPTF,circBPTF2,circLib,composition,37,0.34884285405060206
2,2,16,SCRCircular,BPTF,circBPTF2,circLib,sibling_uncalibrated,37,0.36776526110447916
2,2,16,SCRCircular,BPTF,circBPTF2,circLib,sibling_calibrated,37,0.36776526110447916
2,2,16,SCRCircular,CASC15,Casc15,nucLib,stack,66,0.39248642462379413
2,2,16,SCRCircular,CASC15,Casc15,nucLib,target_kmer,66,0.6468070433924775
2,2,16,SCRCircular,CASC15,Casc15,nucLib,composition,66,0.47257657804710057
2,2,16,SCRCircular,CASC15,Casc15,nucLib,sibling_uncalibrated,66,0.5090740188217373
2,2,16,SCRCircular,CASC15,Casc15,nucLib,sibling_calibrated,66,0.5090740188217373
2,2,16,SCRCircular,CBFA2T2,circCBFA2T2,circLib,stack,14,0.2394108893126486
2,2,16,SCRCircular,CBFA2T2,circCBFA2T2,circLib,target_kmer,14,0.7436119426199227
2,2,16,SCRCircular,CBFA2T2,circCBFA2T2,circLib,composition,14,0.2394108893126486
2,2,16,SCRCircular,CBFA2T2,circCBFA2T2,circLib,sibling_uncalibrated,14,0.4831636748096733
2,2,16,SCRCircular,CBFA2T2,circCBFA2T2,circLib,sibling_calibrated,14,0.4831636748096733
2,2,16,SCRCircular,CCNL1,Ccnl1,nucLib,stack,11,0.6092272935723493
2,2,16,SCRCircular,CCNL1,Ccnl1,nucLib,target_kmer,11,0.0
2,2,16,SCRCircular,CCNL1,Ccnl1,nucLib,composition,11,0.38471156333167533
2,2,16,SCRCircular,CCNL1,Ccnl1,nucLib,sibling_uncalibrated,11,0.7149077051364331
2,2,16,SCRCircular,CCNL1,Ccnl1,nucLib,sibling_calibrated,11,0.7149077051364331
2,2,16,SCRCircular,ERBB2,circERBB2,circLib,stack,34,0.28446392150958844
2,2,16,SCRCircular,ERBB2,circERBB2,circLib,target_kmer,34,0.35693829854752723
2,2,16,SCRCircular,ERBB2,circERBB2,circLib,composition,34,0.3841272898597088
2,2,16,SCRCircular,ERBB2,circERBB2,circLib,sibling_uncalibrated,34,0.28446392150958844
2,2,16,SCRCircular,ERBB2,circERBB2,circLib,sibling_calibrated,34,0.28446392150958844
2,2,16,SCRCircular,HOXA-AS3,Hoxa-AS3,nucLib,stack,142,0.42198209837437006
2,2,16,SCRCircular,HOXA-AS3,Hoxa-AS3,nucLib,target_kmer,142,0.26243340583460517
2,2,16,SCRCircular,HOXA-AS3,Hoxa-AS3,nucLib,composition,142,0.566488141792781
2,2,16,SCRCircular,HOXA-AS3,Hoxa-AS3,nucLib,sibling_uncalibrated,142,0.4618258613511227
2,2,16,SCRCircular,HOXA-AS3,Hoxa-AS3,nucLib,sibling_calibrated,142,0.4618258613511227
2,2,16,SCRCircular,IKBKB,circIKBKB,circLib,stack,11,0.16653157355059212
2,2,16,SCRCircular,IKBKB,circIKBKB,circLib,target_kmer,11,0.22800677362612584
2,2,16,SCRCircular,IKBKB,circIKBKB,circLib,composition,11,0.5161320293767044
2,2,16,SCRCircular,IKBKB,circIKBKB,circLib,sibling_uncalibrated,11,0.37840631780001344
2,2,16,SCRCircular,IKBKB,circIKBKB,circLib,sibling_calibrated,11,0.37840631780001344
2,2,16,SCRCircular,MIAT,Miat,nucLib,stack,382,0.45205884443650424
2,2,16,SCRCircular,MIAT,Miat,nucLib,target_kmer,382,0.479068419089293
2,2,16,SCRCircular,MIAT,Miat,nucLib,composition,382,0.5307426151153765
2,2,16,SCRCircular,MIAT,Miat,nucLib,sibling_uncalibrated,382,0.45205884443650424
2,2,16,SCRCircular,MIAT,Miat,nucLib,sibling_calibrated,382,0.45205884443650424
2,2,16,SCRCircular,XIST,Xist,nucLib,stack,328,0.5165778451848089
2,2,16,SCRCircular,XIST,Xist,nucLib,target_kmer,328,0.42657255913814385
2,2,16,SCRCircular,XIST,Xist,nucLib,composition,328,0.7204130429425712
2,2,16,SCRCircular,XIST,Xist,nucLib,sibling_uncalibrated,328,0.4461373187740505
2,2,16,SCRCircular,XIST,Xist,nucLib,sibling_calibrated,328,0.4461373187740505
2,2,64,Spliced,ASAP1,circASAP1,circLib,stack,10,0.7759211734368516
2,2,64,Spliced,ASAP1,circASAP1,circLib,target_kmer,10,0.5475883189497566
2,2,64,Spliced,ASAP1,circASAP1,circLib,composition,10,0.14360723263717215
2,2,64,Spliced,ASAP1,circASAP1,circLib,sibling_uncalibrated,10,0.6436072326371721
2,2,64,Spliced,ASAP1,circASAP1,circLib,sibling_calibrated,10,0.6436072326371721
2,2,64,Spliced,BBS9,circBBS91,circLib,stack,23,0.8510077029461681
2,2,64,Spliced,BBS9,circBBS91,circLib,target_kmer,23,0.4940146925194507
2,2,64,Spliced,BBS9,circBBS91,circLib,composition,23,0.32703700436851374
2,2,64,Spliced,BBS9,circBBS91,circLib,sibling_uncalibrated,23,0.8606534472198337
2,2,64,Spliced,BBS9,circBBS91,circLib,sibling_calibrated,23,0.8606534472198337
2,2,64,Spliced,BBS9,circBBS92,circLib,stack,22,0.4880017029415438
2,2,64,Spliced,BBS9,circBBS92,circLib,target_kmer,22,0.17918310100283788
2,2,64,Spliced,BBS9,circBBS92,circLib,composition,22,0.2496912444223936
2,2,64,Spliced,BBS9,circBBS92,circLib,sibling_uncalibrated,22,0.9004423637348312
2,2,64,Spliced,BBS9,circBBS92,circLib,sibling_calibrated,22,0.9004423637348312
2,2,64,Spliced,BCL11B,circBCL11B1,circLib,stack,19,0.8198053443944973
2,2,64,Spliced,BCL11B,circBCL11B1,circLib,target_kmer,19,0.30186759625604925
2,2,64,Spliced,BCL11B,circBCL11B1,circLib,composition,19,0.8198053443944973
2,2,64,Spliced,BCL11B,circBCL11B1,circLib,sibling_uncalibrated,19,0.43923773860454507
2,2,64,Spliced,BCL11B,circBCL11B1,circLib,sibling_calibrated,19,0.43923773860454507
2,2,64,Spliced,BPTF,circBPTF1,circLib,stack,13,0.45637928519315807
2,2,64,Spliced,BPTF,circBPTF1,circLib,target_kmer,13,0.46345247430773195
2,2,64,Spliced,BPTF,circBPTF1,circLib,composition,13,0.4535831108825397
2,2,64,Spliced,BPTF,circBPTF1,circLib,sibling_uncalibrated,13,0.2584040480594283
2,2,64,Spliced,BPTF,circBPTF1,circLib,sibling_calibrated,13,0.2584040480594283
2,2,64,Spliced,BPTF,circBPTF2,circLib,stack,37,0.33435148190761915
2,2,64,Spliced,BPTF,circBPTF2,circLib,target_kmer,37,0.21653833192544836
2,2,64,Spliced,BPTF,circBPTF2,circLib,composition,37,0.1958955732667248
2,2,64,Spliced,BPTF,circBPTF2,circLib,sibling_uncalibrated,37,0.38713990972004164
2,2,64,Spliced,BPTF,circBPTF2,circLib,sibling_calibrated,37,0.38713990972004164
2,2,64,Spliced,CASC15,Casc15,nucLib,stack,64,0.23896474346165422
2,2,64,Spliced,CASC15,Casc15,nucLib,target_kmer,64,0.13934546724459365
2,2,64,Spliced,CASC15,Casc15,nucLib,composition,64,0.4852385148595546
2,2,64,Spliced,CASC15,Casc15,nucLib,sibling_uncalibrated,64,0.5286024117876927
2,2,64,Spliced,CASC15,Casc15,nucLib,sibling_calibrated,64,0.5286024117876927
2,2,64,Spliced,CBFA2T2,circCBFA2T2,circLib,stack,14,0.22212682853661594
2,2,64,Spliced,CBFA2T2,circCBFA2T2,circLib,target_kmer,14,0.41190173714037215
2,2,64,Spliced,CBFA2T2,circCBFA2T2,circLib,composition,14,0.3823078075332027
2,2,64,Spliced,CBFA2T2,circCBFA2T2,circLib,sibling_uncalibrated,14,0.43567673018513464
2,2,64,Spliced,CBFA2T2,circCBFA2T2,circLib,sibling_calibrated,14,0.43567673018513464
2,2,64,Spliced,ERBB2,circERBB2,circLib,stack,34,0.48071518472700975
2,2,64,Spliced,ERBB2,circERBB2,circLib,target_kmer,34,0.6307077238624477
2,2,64,Spliced,ERBB2,circERBB2,circLib,composition,34,0.4485502467251554
2,2,64,Spliced,ERBB2,circERBB2,circLib,sibling_uncalibrated,34,0.48086829592647073
2,2,64,Spliced,ERBB2,circERBB2,circLib,sibling_calibrated,34,0.48086829592647073
2,2,64,Spliced,HOXA-AS3,Hoxa-AS3,nucLib,stack,136,0.2721708273285294
2,2,64,Spliced,HOXA-AS3,Hoxa-AS3,nucLib,target_kmer,136,0.24288481225561828
2,2,64,Spliced,HOXA-AS3,Hoxa-AS3,nucLib,composition,136,0.28567325132908883
2,2,64,Spliced,HOXA-AS3,Hoxa-AS3,nucLib,sibling_uncalibrated,136,0.47462322311382665
2,2,64,Spliced,HOXA-AS3,Hoxa-AS3,nucLib,sibling_calibrated,136,0.47462322311382665
2,2,64,Spliced,IKBKB,circIKBKB,circLib,stack,11,0.5164923769756753
2,2,64,Spliced,IKBKB,circIKBKB,circLib,target_kmer,11,0.3756918316246803
2,2,64,Spliced,IKBKB,circIKBKB,circLib,composition,11,0.6853593871449016
2,2,64,Spliced,IKBKB,circIKBKB,circLib,sibling_uncalibrated,11,0.5164923769756753
2,2,64,Spliced,IKBKB,circIKBKB,circLib,sibling_calibrated,11,0.5164923769756753
2,2,64,Spliced,MIAT,Miat,nucLib,stack,370,0.4038767769931298
2,2,64,Spliced,MIAT,Miat,nucLib,target_kmer,370,0.43592278832925613
2,2,64,Spliced,MIAT,Miat,nucLib,composition,370,0.3333362267055546
2,2,64,Spliced,MIAT,Miat,nucLib,sibling_uncalibrated,370,0.4538856604119149
2,2,64,Spliced,MIAT,Miat,nucLib,sibling_calibrated,370,0.4538856604119149
2,2,64,Spliced,XIST,Xist,nucLib,stack,280,0.2415601045744121
2,2,64,Spliced,XIST,Xist,nucLib,target_kmer,280,0.43734693854400475
2,2,64,Spliced,XIST,Xist,nucLib,composition,280,0.3922725120848937
2,2,64,Spliced,XIST,Xist,nucLib,sibling_uncalibrated,280,0.4707361235472415
2,2,64,Spliced,XIST,Xist,nucLib,sibling_calibrated,280,0.4707361235472415
2,2,64,Unspliced,ASAP1,circASAP1,circLib,stack,11,0.8234444645649636
2,2,64,Unspliced,ASAP1,circASAP1,circLib,target_kmer,11,0.47439573166655313
2,2,64,Unspliced,ASAP1,circASAP1,circLib,composition,11,0.48147503339994613
2,2,64,Unspliced,ASAP1,circASAP1,circLib,sibling_uncalibrated,11,0.6631100113228845
2,2,64,Unspliced,ASAP1,circASAP1,circLib,sibling_calibrated,11,0.6631100113228845
2,2,64,Unspliced,BBS9,circBBS91,circLib,stack,23,0.5675830132002522
2,2,64,Unspliced,BBS9,circBBS91,circLib,target_kmer,23,0.6879781674664406
2,2,64,Unspliced,BBS9,circBBS91,circLib,composition,23,0.4912782779270726
2,2,64,Unspliced,BBS9,circBBS91,circLib,sibling_uncalibrated,23,0.08435194520871087
2,2,64,Unspliced,BBS9,circBBS91,circLib,sibling_calibrated,23,0.08435194520871087
2,2,64,Unspliced,BBS9,circBBS92,circLib,stack,22,0.34686803794741217
2,2,64,Unspliced,BBS9,circBBS92,circLib,target_kmer,22,0.20210143761315244
2,2,64,Unspliced,BBS9,circBBS92,circLib,composition,22,0.4538545040851337
2,2,64,Unspliced,BBS9,circBBS92,circLib,sibling_uncalibrated,22,0.5934778479110548
2,2,64,Unspliced,BBS9,circBBS92,circLib,sibling_calibrated,22,0.5934778479110548
2,2,64,Unspliced,BCL11B,circBCL11B1,circLib,stack,19,0.3802062619267445
2,2,64,Unspliced,BCL11B,circBCL11B1,circLib,target_kmer,19,0.23172611756226888
2,2,64,Unspliced,BCL11B,circBCL11B1,circLib,composition,19,0.8342987969001749
2,2,64,Unspliced,BCL11B,circBCL11B1,circLib,sibling_uncalibrated,19,0.4691548300132502
2,2,64,Unspliced,BCL11B,circBCL11B1,circLib,sibling_calibrated,19,0.4691548300132502
2,2,64,Unspliced,BPTF,circBPTF1,circLib,stack,13,0.4264976476748698
2,2,64,Unspliced,BPTF,circBPTF1,circLib,target_kmer,13,0.5469206852721493
2,2,64,Unspliced,BPTF,circBPTF1,circLib,composition,13,0.4264976476748698
2,2,64,Unspliced,BPTF,circBPTF1,circLib,sibling_uncalibrated,13,0.4264976476748698
2,2,64,Unspliced,BPTF,circBPTF1,circLib,sibling_calibrated,13,0.4264976476748698
2,2,64,Unspliced,BPTF,circBPTF2,circLib,stack,36,0.18177333021113157
2,2,64,Unspliced,BPTF,circBPTF2,circLib,target_kmer,36,0.317797956094492
2,2,64,Unspliced,BPTF,circBPTF2,circLib,composition,36,0.302099782945508
2,2,64,Unspliced,BPTF,circBPTF2,circLib,sibling_uncalibrated,36,0.2692356814809331
2,2,64,Unspliced,BPTF,circBPTF2,circLib,sibling_calibrated,36,0.2692356814809331
2,2,64,Unspliced,CASC15,Casc15,nucLib,stack,53,0.26734840132183524
2,2,64,Unspliced,CASC15,Casc15,nucLib,target_kmer,53,0.505617563084539
2,2,64,Unspliced,CASC15,Casc15,nucLib,composition,53,0.24600515685430707
2,2,64,Unspliced,CASC15,Casc15,nucLib,sibling_uncalibrated,53,0.24600515685430707
2,2,64,Unspliced,CASC15,Casc15,nucLib,sibling_calibrated,53,0.24600515685430707
2,2,64,Unspliced,CBFA2T2,circCBFA2T2,circLib,stack,13,0.5461721271086822
2,2,64,Unspliced,CBFA2T2,circCBFA2T2,circLib,target_kmer,13,0.357366607725618
2,2,64,Unspliced,CBFA2T2,circCBFA2T2,circLib,composition,13,0.5351442705109283
2,2,64,Unspliced,CBFA2T2,circCBFA2T2,circLib,sibling_uncalibrated,13,0.35996216703102857
2,2,64,Unspliced,CBFA2T2,circCBFA2T2,circLib,sibling_calibrated,13,0.35996216703102857
2,2,64,Unspliced,ERBB2,circERBB2,circLib,stack,34,0.6284763922659178
2,2,64,Unspliced,ERBB2,circERBB2,circLib,target_kmer,34,0.7626305982252624
2,2,64,Unspliced,ERBB2,circERBB2,circLib,composition,34,0.8406417611610695
2,2,64,Unspliced,ERBB2,circERBB2,circLib,sibling_uncalibrated,34,0.3155159727026875
2,2,64,Unspliced,ERBB2,circERBB2,circLib,sibling_calibrated,34,0.3155159727026875
2,2,64,Unspliced,HOXA-AS3,Hoxa-AS3,nucLib,stack,119,0.4256128655671051
2,2,64,Unspliced,HOXA-AS3,Hoxa-AS3,nucLib,target_kmer,119,0.12354411228792475
2,2,64,Unspliced,HOXA-AS3,Hoxa-AS3,nucLib,composition,119,0.42814244818605124
2,2,64,Unspliced,HOXA-AS3,Hoxa-AS3,nucLib,sibling_uncalibrated,119,0.40119102054901445
2,2,64,Unspliced,HOXA-AS3,Hoxa-AS3,nucLib,sibling_calibrated,119,0.40119102054901445
2,2,64,Unspliced,IKBKB,circIKBKB,circLib,stack,11,0.3980627619868031
2,2,64,Unspliced,IKBKB,circIKBKB,circLib,target_kmer,11,0.009814527344099254
2,2,64,Unspliced,IKBKB,circIKBKB,circLib,composition,11,0.5773973441607329
2,2,64,Unspliced,IKBKB,circIKBKB,circLib,sibling_uncalibrated,11,0.3980627619868031
2,2,64,Unspliced,IKBKB,circIKBKB,circLib,sibling_calibrated,11,0.3980627619868031
2,2,64,Unspliced,MIAT,Miat,nucLib,stack,312,0.5367732866376642
2,2,64,Unspliced,MIAT,Miat,nucLib,target_kmer,312,0.4774660343335869
2,2,64,Unspliced,MIAT,Miat,nucLib,composition,312,0.43872217173298167
2,2,64,Unspliced,MIAT,Miat,nucLib,sibling_uncalibrated,312,0.43649864529093074
2,2,64,Unspliced,MIAT,Miat,nucLib,sibling_calibrated,312,0.43649864529093074
2,2,64,Unspliced,XIST,Xist,nucLib,stack,206,0.37536698777060973
2,2,64,Unspliced,XIST,Xist,nucLib,target_kmer,206,0.46975178910618615
2,2,64,Unspliced,XIST,Xist,nucLib,composition,206,0.47520468182954617
2,2,64,Unspliced,XIST,Xist,nucLib,sibling_uncalibrated,206,0.44959332112839334
2,2,64,Unspliced,XIST,Xist,nucLib,sibling_calibrated,206,0.44959332112839334
2,2,64,Circular,BBS9,circBBS91,circLib,stack,21,0.18174545254204122
2,2,64,Circular,BBS9,circBBS91,circLib,target_kmer,21,0.18174545254204122
2,2,64,Circular,BBS9,circBBS91,circLib,composition,21,0.7865607796381566
2,2,64,Circular,BBS9,circBBS91,circLib,sibling_uncalibrated,21,0.18174545254204122
2,2,64,Circular,BBS9,circBBS91,circLib,sibling_calibrated,21,0.18174545254204122
2,2,64,Circular,BBS9,circBBS92,circLib,stack,20,0.5410830318201959
2,2,64,Circular,BBS9,circBBS92,circLib,target_kmer,20,0.4589169681798041
2,2,64,Circular,BBS9,circBBS92,circLib,composition,20,0.3837067498632807
2,2,64,Circular,BBS9,circBBS92,circLib,sibling_uncalibrated,20,0.3837568586388786
2,2,64,Circular,BBS9,circBBS92,circLib,sibling_calibrated,20,0.3837568586388786
2,2,64,Circular,BCL11B,circBCL11B1,circLib,stack,16,0.11881237049180707
2,2,64,Circular,BCL11B,circBCL11B1,circLib,target_kmer,16,0.19381369087759506
2,2,64,Circular,BCL11B,circBCL11B1,circLib,composition,16,0.450816300837268
2,2,64,Circular,BCL11B,circBCL11B1,circLib,sibling_uncalibrated,16,0.33117914194545833
2,2,64,Circular,BCL11B,circBCL11B1,circLib,sibling_calibrated,16,0.33117914194545833
2,2,64,Circular,BPTF,circBPTF1,circLib,stack,12,0.7404965371220942
2,2,64,Circular,BPTF,circBPTF1,circLib,target_kmer,12,0.574065430746714
2,2,64,Circular,BPTF,circBPTF1,circLib,composition,12,0.09537784086155782
2,2,64,Circular,BPTF,circBPTF1,circLib,sibling_uncalibrated,12,0.7404965371220942
2,2,64,Circular,BPTF,circBPTF1,circLib,sibling_calibrated,12,0.7404965371220942
2,2,64,Circular,BPTF,circBPTF2,circLib,stack,34,0.23021357991123897
2,2,64,Circular,BPTF,circBPTF2,circLib,target_kmer,34,0.23416616721524897
2,2,64,Circular,BPTF,circBPTF2,circLib,composition,34,0.43014216665096916
2,2,64,Circular,BPTF,circBPTF2,circLib,sibling_uncalibrated,34,0.15557003222492766
2,2,64,Circular,BPTF,circBPTF2,circLib,sibling_calibrated,34,0.15557003222492766
2,2,64,Circular,CASC15,Casc15,nucLib,stack,57,0.3592581575069359
2,2,64,Circular,CASC15,Casc15,nucLib,target_kmer,57,0.25677760629109525
2,2,64,Circular,CASC15,Casc15,nucLib,composition,57,0.4280490761348913
2,2,64,Circular,CASC15,Casc15,nucLib,sibling_uncalibrated,57,0.3592581575069359
2,2,64,Circular,CASC15,Casc15,nucLib,sibling_calibrated,57,0.3592581575069359
2,2,64,Circular,CBFA2T2,circCBFA2T2,circLib,stack,12,0.49100076834670564
2,2,64,Circular,CBFA2T2,circCBFA2T2,circLib,target_kmer,12,0.4893112756281276
2,2,64,Circular,CBFA2T2,circCBFA2T2,circLib,composition,12,0.6095234087792045
2,2,64,Circular,CBFA2T2,circCBFA2T2,circLib,sibling_uncalibrated,12,0.6095234087792045
2,2,64,Circular,CBFA2T2,circCBFA2T2,circLib,sibling_calibrated,12,0.6095234087792045
2,2,64,Circular,ERBB2,circERBB2,circLib,stack,34,0.4190586808344696
2,2,64,Circular,ERBB2,circERBB2,circLib,target_kmer,34,0.5658596469312838
2,2,64,Circular,ERBB2,circERBB2,circLib,composition,34,0.3985500429288717
2,2,64,Circular,ERBB2,circERBB2,circLib,sibling_uncalibrated,34,0.2493957770711128
2,2,64,Circular,ERBB2,circERBB2,circLib,sibling_calibrated,34,0.2493957770711128
2,2,64,Circular,HOXA-AS3,Hoxa-AS3,nucLib,stack,130,0.38418076152171277
2,2,64,Circular,HOXA-AS3,Hoxa-AS3,nucLib,target_kmer,130,0.4618046315121421
2,2,64,Circular,HOXA-AS3,Hoxa-AS3,nucLib,composition,130,0.5079365369564968
2,2,64,Circular,HOXA-AS3,Hoxa-AS3,nucLib,sibling_uncalibrated,130,0.37550511386962016
2,2,64,Circular,HOXA-AS3,Hoxa-AS3,nucLib,sibling_calibrated,130,0.37550511386962016
2,2,64,Circular,IKBKB,circIKBKB,circLib,stack,10,0.4150513183337689
2,2,64,Circular,IKBKB,circIKBKB,circLib,target_kmer,10,0.37236864664171565
2,2,64,Circular,IKBKB,circIKBKB,circLib,composition,10,0.3817880672176142
2,2,64,Circular,IKBKB,circIKBKB,circLib,sibling_uncalibrated,10,0.4150513183337689
2,2,64,Circular,IKBKB,circIKBKB,circLib,sibling_calibrated,10,0.4150513183337689
2,2,64,Circular,MIAT,Miat,nucLib,stack,344,0.3844067235673758
2,2,64,Circular,MIAT,Miat,nucLib,target_kmer,344,0.4989818192105141
2,2,64,Circular,MIAT,Miat,nucLib,composition,344,0.6701456677620342
2,2,64,Circular,MIAT,Miat,nucLib,sibling_uncalibrated,344,0.3844067235673758
2,2,64,Circular,MIAT,Miat,nucLib,sibling_calibrated,344,0.3844067235673758
2,2,64,Circular,XIST,Xist,nucLib,stack,246,0.49866700901123384
2,2,64,Circular,XIST,Xist,nucLib,target_kmer,246,0.4435398584283361
2,2,64,Circular,XIST,Xist,nucLib,composition,246,0.5181657927706358
2,2,64,Circular,XIST,Xist,nucLib,sibling_uncalibrated,246,0.5345428640017323
2,2,64,Circular,XIST,Xist,nucLib,sibling_calibrated,246,0.5345428640017323
2,2,64,SCRCircular,ASAP1,circASAP1,circLib,stack,12,0.2984540119976175
2,2,64,SCRCircular,ASAP1,circASAP1,circLib,target_kmer,12,0.20026887977608232
2,2,64,SCRCircular,ASAP1,circASAP1,circLib,composition,12,0.05338041623372686
2,2,64,SCRCircular,ASAP1,circASAP1,circLib,sibling_uncalibrated,12,0.7901884262685794
2,2,64,SCRCircular,ASAP1,circASAP1,circLib,sibling_calibrated,12,0.7901884262685794
2,2,64,SCRCircular,BBS9,circBBS91,circLib,stack,23,0.0720685234000064
2,2,64,SCRCircular,BBS9,circBBS91,circLib,target_kmer,23,0.2713403069351824
2,2,64,SCRCircular,BBS9,circBBS91,circLib,composition,23,0.5289673687887217
2,2,64,SCRCircular,BBS9,circBBS91,circLib,sibling_uncalibrated,23,0.3082911018688969
2,2,64,SCRCircular,BBS9,circBBS91,circLib,sibling_calibrated,23,0.3082911018688969
2,2,64,SCRCircular,BBS9,circBBS92,circLib,stack,22,0.26250598234536576
2,2,64,SCRCircular,BBS9,circBBS92,circLib,target_kmer,22,0.06758139455874923
2,2,64,SCRCircular,BBS9,circBBS92,circLib,composition,22,0.4789387620037958
2,2,64,SCRCircular,BBS9,circBBS92,circLib,sibling_uncalibrated,22,0.2855471187601912
2,2,64,SCRCircular,BBS9,circBBS92,circLib,sibling_calibrated,22,0.2855471187601912
2,2,64,SCRCircular,BCL11B,circBCL11B1,circLib,stack,19,0.4124107752200683
2,2,64,SCRCircular,BCL11B,circBCL11B1,circLib,target_kmer,19,0.28237018566587896
2,2,64,SCRCircular,BCL11B,circBCL11B1,circLib,composition,19,0.5421371506206011
2,2,64,SCRCircular,BCL11B,circBCL11B1,circLib,sibling_uncalibrated,19,0.4124107752200683
2,2,64,SCRCircular,BCL11B,circBCL11B1,circLib,sibling_calibrated,19,0.4124107752200683
2,2,64,SCRCircular,BPTF,circBPTF1,circLib,stack,14,0.37810722410045206
2,2,64,SCRCircular,BPTF,circBPTF1,circLib,target_kmer,14,0.7312625747956933
2,2,64,SCRCircular,BPTF,circBPTF1,circLib,composition,14,0.37810722410045206
2,2,64,SCRCircular,BPTF,circBPTF1,circLib,sibling_uncalibrated,14,0.37810722410045206
2,2,64,SCRCircular,BPTF,circBPTF1,circLib,sibling_calibrated,14,0.37810722410045206
2,2,64,SCRCircular,BPTF,circBPTF2,circLib,stack,37,0.3017359605121819
2,2,64,SCRCircular,BPTF,circBPTF2,circLib,target_kmer,37,0.23076645586844666
2,2,64,SCRCircular,BPTF,circBPTF2,circLib,composition,37,0.5404939303324997
2,2,64,SCRCircular,BPTF,circBPTF2,circLib,sibling_uncalibrated,37,0.36776526110447916
2,2,64,SCRCircular,BPTF,circBPTF2,circLib,sibling_calibrated,37,0.36776526110447916
2,2,64,SCRCircular,CASC15,Casc15,nucLib,stack,66,0.39248642462379413
2,2,64,SCRCircular,CASC15,Casc15,nucLib,target_kmer,66,0.39578011829852544
2,2,64,SCRCircular,CASC15,Casc15,nucLib,composition,66,0.40665457028479823
2,2,64,SCRCircular,CASC15,Casc15,nucLib,sibling_uncalibrated,66,0.5090740188217373
2,2,64,SCRCircular,CASC15,Casc15,nucLib,sibling_calibrated,66,0.5090740188217373
2,2,64,SCRCircular,CBFA2T2,circCBFA2T2,circLib,stack,14,0.2394108893126486
2,2,64,SCRCircular,CBFA2T2,circCBFA2T2,circLib,target_kmer,14,0.6673977197072161
2,2,64,SCRCircular,CBFA2T2,circCBFA2T2,circLib,composition,14,0.31804763906720895
2,2,64,SCRCircular,CBFA2T2,circCBFA2T2,circLib,sibling_uncalibrated,14,0.4831636748096733
2,2,64,SCRCircular,CBFA2T2,circCBFA2T2,circLib,sibling_calibrated,14,0.4831636748096733
2,2,64,SCRCircular,CCNL1,Ccnl1,nucLib,stack,11,0.7149077051364331
2,2,64,SCRCircular,CCNL1,Ccnl1,nucLib,target_kmer,11,0.5824702520294472
2,2,64,SCRCircular,CCNL1,Ccnl1,nucLib,composition,11,0.8847115633316753
2,2,64,SCRCircular,CCNL1,Ccnl1,nucLib,sibling_uncalibrated,11,0.7149077051364331
2,2,64,SCRCircular,CCNL1,Ccnl1,nucLib,sibling_calibrated,11,0.7149077051364331
2,2,64,SCRCircular,ERBB2,circERBB2,circLib,stack,34,0.6041406985218913
2,2,64,SCRCircular,ERBB2,circERBB2,circLib,target_kmer,34,0.6410088782296454
2,2,64,SCRCircular,ERBB2,circERBB2,circLib,composition,34,0.7715056896966765
2,2,64,SCRCircular,ERBB2,circERBB2,circLib,sibling_uncalibrated,34,0.28446392150958844
2,2,64,SCRCircular,ERBB2,circERBB2,circLib,sibling_calibrated,34,0.28446392150958844
2,2,64,SCRCircular,HOXA-AS3,Hoxa-AS3,nucLib,stack,142,0.33463980421391015
2,2,64,SCRCircular,HOXA-AS3,Hoxa-AS3,nucLib,target_kmer,142,0.2919326890027286
2,2,64,SCRCircular,HOXA-AS3,Hoxa-AS3,nucLib,composition,142,0.36561426580014145
2,2,64,SCRCircular,HOXA-AS3,Hoxa-AS3,nucLib,sibling_uncalibrated,142,0.4618258613511227
2,2,64,SCRCircular,HOXA-AS3,Hoxa-AS3,nucLib,sibling_calibrated,142,0.4618258613511227
2,2,64,SCRCircular,IKBKB,circIKBKB,circLib,stack,11,0.16653157355059212
2,2,64,SCRCircular,IKBKB,circIKBKB,circLib,target_kmer,11,0.21187474424942135
2,2,64,SCRCircular,IKBKB,circIKBKB,circLib,composition,11,0.6889845568601605
2,2,64,SCRCircular,IKBKB,circIKBKB,circLib,sibling_uncalibrated,11,0.37840631780001344
2,2,64,SCRCircular,IKBKB,circIKBKB,circLib,sibling_calibrated,11,0.37840631780001344
2,2,64,SCRCircular,MIAT,Miat,nucLib,stack,382,0.29933029957236296
2,2,64,SCRCircular,MIAT,Miat,nucLib,target_kmer,382,0.4788818673230729
2,2,64,SCRCircular,MIAT,Miat,nucLib,composition,382,0.46990469224352793
2,2,64,SCRCircular,MIAT,Miat,nucLib,sibling_uncalibrated,382,0.45205884443650424
2,2,64,SCRCircular,MIAT,Miat,nucLib,sibling_calibrated,382,0.45205884443650424
2,2,64,SCRCircular,XIST,Xist,nucLib,stack,328,0.3554427998082715
2,2,64,SCRCircular,XIST,Xist,nucLib,target_kmer,328,0.40388917902528476
2,2,64,SCRCircular,XIST,Xist,nucLib,composition,328,0.4969720292616465
2,2,64,SCRCircular,XIST,Xist,nucLib,sibling_uncalibrated,328,0.4461373187740505
2,2,64,SCRCircular,XIST,Xist,nucLib,sibling_calibrated,328,0.4461373187740505
2,2,256,Spliced,ASAP1,circASAP1,circLib,stack,10,0.6436072326371721
2,2,256,Spliced,ASAP1,circASAP1,circLib,target_kmer,10,0.5475883189497566
2,2,256,Spliced,ASAP1,circASAP1,circLib,composition,10,0.14360723263717215
2,2,256,Spliced,ASAP1,circASAP1,circLib,sibling_uncalibrated,10,0.6436072326371721
2,2,256,Spliced,ASAP1,circASAP1,circLib,sibling_calibrated,10,0.6436072326371721
2,2,256,Spliced,BBS9,circBBS91,circLib,stack,23,0.48535627292044176
2,2,256,Spliced,BBS9,circBBS91,circLib,target_kmer,23,0.45146938429193906
2,2,256,Spliced,BBS9,circBBS91,circLib,composition,23,0.32703700436851374
2,2,256,Spliced,BBS9,circBBS91,circLib,sibling_uncalibrated,23,0.8606534472198337
2,2,256,Spliced,BBS9,circBBS91,circLib,sibling_calibrated,23,0.8606534472198337
2,2,256,Spliced,BBS9,circBBS92,circLib,stack,22,0.4880017029415438
2,2,256,Spliced,BBS9,circBBS92,circLib,target_kmer,22,0.17918310100283788
2,2,256,Spliced,BBS9,circBBS92,circLib,composition,22,0.2496912444223936
2,2,256,Spliced,BBS9,circBBS92,circLib,sibling_uncalibrated,22,0.9004423637348312
2,2,256,Spliced,BBS9,circBBS92,circLib,sibling_calibrated,22,0.9004423637348312
2,2,256,Spliced,BCL11B,circBCL11B1,circLib,stack,19,0.43923773860454507
2,2,256,Spliced,BCL11B,circBCL11B1,circLib,target_kmer,19,0.3866622552964668
2,2,256,Spliced,BCL11B,circBCL11B1,circLib,composition,19,0.8198053443944973
2,2,256,Spliced,BCL11B,circBCL11B1,circLib,sibling_uncalibrated,19,0.43923773860454507
2,2,256,Spliced,BCL11B,circBCL11B1,circLib,sibling_calibrated,19,0.43923773860454507
2,2,256,Spliced,BPTF,circBPTF1,circLib,stack,13,0.2974007998616624
2,2,256,Spliced,BPTF,circBPTF1,circLib,target_kmer,13,0.2974007998616624
2,2,256,Spliced,BPTF,circBPTF1,circLib,composition,13,0.45637928519315807
2,2,256,Spliced,BPTF,circBPTF1,circLib,sibling_uncalibrated,13,0.2584040480594283
2,2,256,Spliced,BPTF,circBPTF1,circLib,sibling_calibrated,13,0.2584040480594283
2,2,256,Spliced,BPTF,circBPTF2,circLib,stack,37,0.33435148190761915
2,2,256,Spliced,BPTF,circBPTF2,circLib,target_kmer,37,0.6136024674755988
2,2,256,Spliced,BPTF,circBPTF2,circLib,composition,37,0.1958955732667248
2,2,256,Spliced,BPTF,circBPTF2,circLib,sibling_uncalibrated,37,0.38713990972004164
2,2,256,Spliced,BPTF,circBPTF2,circLib,sibling_calibrated,37,0.38713990972004164
2,2,256,Spliced,CASC15,Casc15,nucLib,stack,64,0.23896474346165422
2,2,256,Spliced,CASC15,Casc15,nucLib,target_kmer,64,0.36655138794286474
2,2,256,Spliced,CASC15,Casc15,nucLib,composition,64,0.4852385148595546
2,2,256,Spliced,CASC15,Casc15,nucLib,sibling_uncalibrated,64,0.5286024117876927
2,2,256,Spliced,CASC15,Casc15,nucLib,sibling_calibrated,64,0.5286024117876927
2,2,256,Spliced,CBFA2T2,circCBFA2T2,circLib,stack,14,0.43567673018513464
2,2,256,Spliced,CBFA2T2,circCBFA2T2,circLib,target_kmer,14,0.4391080990214178
2,2,256,Spliced,CBFA2T2,circCBFA2T2,circLib,composition,14,0.3823078075332027
2,2,256,Spliced,CBFA2T2,circCBFA2T2,circLib,sibling_uncalibrated,14,0.43567673018513464
2,2,256,Spliced,CBFA2T2,circCBFA2T2,circLib,sibling_calibrated,14,0.43567673018513464
2,2,256,Spliced,ERBB2,circERBB2,circLib,stack,34,0.48086829592647073
2,2,256,Spliced,ERBB2,circERBB2,circLib,target_kmer,34,0.5258237719307252
2,2,256,Spliced,ERBB2,circERBB2,circLib,composition,34,0.4485502467251554
2,2,256,Spliced,ERBB2,circERBB2,circLib,sibling_uncalibrated,34,0.48086829592647073
2,2,256,Spliced,ERBB2,circERBB2,circLib,sibling_calibrated,34,0.48086829592647073
2,2,256,Spliced,HOXA-AS3,Hoxa-AS3,nucLib,stack,136,0.326547685542954
2,2,256,Spliced,HOXA-AS3,Hoxa-AS3,nucLib,target_kmer,136,0.3781569189824521
2,2,256,Spliced,HOXA-AS3,Hoxa-AS3,nucLib,composition,136,0.28567325132908883
2,2,256,Spliced,HOXA-AS3,Hoxa-AS3,nucLib,sibling_uncalibrated,136,0.47462322311382665
2,2,256,Spliced,HOXA-AS3,Hoxa-AS3,nucLib,sibling_calibrated,136,0.47462322311382665
2,2,256,Spliced,IKBKB,circIKBKB,circLib,stack,11,0.5164923769756753
2,2,256,Spliced,IKBKB,circIKBKB,circLib,target_kmer,11,0.5164923769756753
2,2,256,Spliced,IKBKB,circIKBKB,circLib,composition,11,0.6853593871449016
2,2,256,Spliced,IKBKB,circIKBKB,circLib,sibling_uncalibrated,11,0.5164923769756753
2,2,256,Spliced,IKBKB,circIKBKB,circLib,sibling_calibrated,11,0.5164923769756753
2,2,256,Spliced,MIAT,Miat,nucLib,stack,370,0.3855600690590789
2,2,256,Spliced,MIAT,Miat,nucLib,target_kmer,370,0.5150245058609351
2,2,256,Spliced,MIAT,Miat,nucLib,composition,370,0.3333362267055546
2,2,256,Spliced,MIAT,Miat,nucLib,sibling_uncalibrated,370,0.4538856604119149
2,2,256,Spliced,MIAT,Miat,nucLib,sibling_calibrated,370,0.4538856604119149
2,2,256,Spliced,XIST,Xist,nucLib,stack,280,0.4890972970070603
2,2,256,Spliced,XIST,Xist,nucLib,target_kmer,280,0.3081532384187695
2,2,256,Spliced,XIST,Xist,nucLib,composition,280,0.4076098719515515
2,2,256,Spliced,XIST,Xist,nucLib,sibling_uncalibrated,280,0.4707361235472415
2,2,256,Spliced,XIST,Xist,nucLib,sibling_calibrated,280,0.4707361235472415
2,2,256,Unspliced,ASAP1,circASAP1,circLib,stack,11,0.8234444645649636
2,2,256,Unspliced,ASAP1,circASAP1,circLib,target_kmer,11,0.8234444645649636
2,2,256,Unspliced,ASAP1,circASAP1,circLib,composition,11,0.8234444645649636
2,2,256,Unspliced,ASAP1,circASAP1,circLib,sibling_uncalibrated,11,0.6631100113228845
2,2,256,Unspliced,ASAP1,circASAP1,circLib,sibling_calibrated,11,0.6631100113228845
2,2,256,Unspliced,BBS9,circBBS91,circLib,stack,23,0.6562964099724198
2,2,256,Unspliced,BBS9,circBBS91,circLib,target_kmer,23,0.6562964099724198
2,2,256,Unspliced,BBS9,circBBS91,circLib,composition,23,0.2588813899444879
2,2,256,Unspliced,BBS9,circBBS91,circLib,sibling_uncalibrated,23,0.08435194520871087
2,2,256,Unspliced,BBS9,circBBS91,circLib,sibling_calibrated,23,0.08435194520871087
2,2,256,Unspliced,BBS9,circBBS92,circLib,stack,22,0.5934778479110548
2,2,256,Unspliced,BBS9,circBBS92,circLib,target_kmer,22,0.20210143761315244
2,2,256,Unspliced,BBS9,circBBS92,circLib,composition,22,0.4538545040851337
2,2,256,Unspliced,BBS9,circBBS92,circLib,sibling_uncalibrated,22,0.5934778479110548
2,2,256,Unspliced,BBS9,circBBS92,circLib,sibling_calibrated,22,0.5934778479110548
2,2,256,Unspliced,BCL11B,circBCL11B1,circLib,stack,19,0.13730080665648328
2,2,256,Unspliced,BCL11B,circBCL11B1,circLib,target_kmer,19,0.5291152299730728
2,2,256,Unspliced,BCL11B,circBCL11B1,circLib,composition,19,0.8342987969001749
2,2,256,Unspliced,BCL11B,circBCL11B1,circLib,sibling_uncalibrated,19,0.4691548300132502
2,2,256,Unspliced,BCL11B,circBCL11B1,circLib,sibling_calibrated,19,0.4691548300132502
2,2,256,Unspliced,BPTF,circBPTF1,circLib,stack,13,0.026703476562343325
2,2,256,Unspliced,BPTF,circBPTF1,circLib,target_kmer,13,0.026703476562343325
2,2,256,Unspliced,BPTF,circBPTF1,circLib,composition,13,0.48181029601350983
2,2,256,Unspliced,BPTF,circBPTF1,circLib,sibling_uncalibrated,13,0.4264976476748698
2,2,256,Unspliced,BPTF,circBPTF1,circLib,sibling_calibrated,13,0.4264976476748698
2,2,256,Unspliced,BPTF,circBPTF2,circLib,stack,36,0.25216142366951116
2,2,256,Unspliced,BPTF,circBPTF2,circLib,target_kmer,36,0.32934056567845266
2,2,256,Unspliced,BPTF,circBPTF2,circLib,composition,36,0.302099782945508
2,2,256,Unspliced,BPTF,circBPTF2,circLib,sibling_uncalibrated,36,0.2692356814809331
2,2,256,Unspliced,BPTF,circBPTF2,circLib,sibling_calibrated,36,0.2692356814809331
2,2,256,Unspliced,CASC15,Casc15,nucLib,stack,53,0.38808613867102865
2,2,256,Unspliced,CASC15,Casc15,nucLib,target_kmer,53,0.5457204739547339
2,2,256,Unspliced,CASC15,Casc15,nucLib,composition,53,0.24600515685430707
2,2,256,Unspliced,CASC15,Casc15,nucLib,sibling_uncalibrated,53,0.24600515685430707
2,2,256,Unspliced,CASC15,Casc15,nucLib,sibling_calibrated,53,0.24600515685430707
2,2,256,Unspliced,CBFA2T2,circCBFA2T2,circLib,stack,13,0.47676602871747686
2,2,256,Unspliced,CBFA2T2,circCBFA2T2,circLib,target_kmer,13,0.5351442705109283
2,2,256,Unspliced,CBFA2T2,circCBFA2T2,circLib,composition,13,0.44493401401830496
2,2,256,Unspliced,CBFA2T2,circCBFA2T2,circLib,sibling_uncalibrated,13,0.35996216703102857
2,2,256,Unspliced,CBFA2T2,circCBFA2T2,circLib,sibling_calibrated,13,0.35996216703102857
2,2,256,Unspliced,ERBB2,circERBB2,circLib,stack,34,0.6284763922659178
2,2,256,Unspliced,ERBB2,circERBB2,circLib,target_kmer,34,0.688866129157665
2,2,256,Unspliced,ERBB2,circERBB2,circLib,composition,34,0.26374583505885246
2,2,256,Unspliced,ERBB2,circERBB2,circLib,sibling_uncalibrated,34,0.3155159727026875
2,2,256,Unspliced,ERBB2,circERBB2,circLib,sibling_calibrated,34,0.3155159727026875
2,2,256,Unspliced,HOXA-AS3,Hoxa-AS3,nucLib,stack,119,0.23747613777529059
2,2,256,Unspliced,HOXA-AS3,Hoxa-AS3,nucLib,target_kmer,119,0.3423598848886774
2,2,256,Unspliced,HOXA-AS3,Hoxa-AS3,nucLib,composition,119,0.42814244818605124
2,2,256,Unspliced,HOXA-AS3,Hoxa-AS3,nucLib,sibling_uncalibrated,119,0.40119102054901445
2,2,256,Unspliced,HOXA-AS3,Hoxa-AS3,nucLib,sibling_calibrated,119,0.40119102054901445
2,2,256,Unspliced,IKBKB,circIKBKB,circLib,stack,11,0.4129379367941013
2,2,256,Unspliced,IKBKB,circIKBKB,circLib,target_kmer,11,0.19872579908870197
2,2,256,Unspliced,IKBKB,circIKBKB,circLib,composition,11,0.5773973441607329
2,2,256,Unspliced,IKBKB,circIKBKB,circLib,sibling_uncalibrated,11,0.3980627619868031
2,2,256,Unspliced,IKBKB,circIKBKB,circLib,sibling_calibrated,11,0.3980627619868031
2,2,256,Unspliced,MIAT,Miat,nucLib,stack,312,0.500220105575281
2,2,256,Unspliced,MIAT,Miat,nucLib,target_kmer,312,0.3914301115366662
2,2,256,Unspliced,MIAT,Miat,nucLib,composition,312,0.43872217173298167
2,2,256,Unspliced,MIAT,Miat,nucLib,sibling_uncalibrated,312,0.43649864529093074
2,2,256,Unspliced,MIAT,Miat,nucLib,sibling_calibrated,312,0.43649864529093074
2,2,256,Unspliced,XIST,Xist,nucLib,stack,206,0.5362519844405111
2,2,256,Unspliced,XIST,Xist,nucLib,target_kmer,206,0.4831420315347075
2,2,256,Unspliced,XIST,Xist,nucLib,composition,206,0.5362519844405111
2,2,256,Unspliced,XIST,Xist,nucLib,sibling_uncalibrated,206,0.44959332112839334
2,2,256,Unspliced,XIST,Xist,nucLib,sibling_calibrated,206,0.44959332112839334
2,2,256,Circular,BBS9,circBBS91,circLib,stack,21,0.18174545254204122
2,2,256,Circular,BBS9,circBBS91,circLib,target_kmer,21,0.18174545254204122
2,2,256,Circular,BBS9,circBBS91,circLib,composition,21,0.5518743244348936
2,2,256,Circular,BBS9,circBBS91,circLib,sibling_uncalibrated,21,0.18174545254204122
2,2,256,Circular,BBS9,circBBS91,circLib,sibling_calibrated,21,0.18174545254204122
2,2,256,Circular,BBS9,circBBS92,circLib,stack,20,0.5410830318201959
2,2,256,Circular,BBS9,circBBS92,circLib,target_kmer,20,0.7535888799102579
2,2,256,Circular,BBS9,circBBS92,circLib,composition,20,0.18228041663099098
2,2,256,Circular,BBS9,circBBS92,circLib,sibling_uncalibrated,20,0.3837568586388786
2,2,256,Circular,BBS9,circBBS92,circLib,sibling_calibrated,20,0.3837568586388786
2,2,256,Circular,BCL11B,circBCL11B1,circLib,stack,16,0.5259173735718672
2,2,256,Circular,BCL11B,circBCL11B1,circLib,target_kmer,16,0.18420087937325383
2,2,256,Circular,BCL11B,circBCL11B1,circLib,composition,16,0.5430547590029843
2,2,256,Circular,BCL11B,circBCL11B1,circLib,sibling_uncalibrated,16,0.33117914194545833
2,2,256,Circular,BCL11B,circBCL11B1,circLib,sibling_calibrated,16,0.33117914194545833
2,2,256,Circular,BPTF,circBPTF1,circLib,stack,12,0.7404965371220942
2,2,256,Circular,BPTF,circBPTF1,circLib,target_kmer,12,0.9046221591384422
2,2,256,Circular,BPTF,circBPTF1,circLib,composition,12,0.8455024865053244
2,2,256,Circular,BPTF,circBPTF1,circLib,sibling_uncalibrated,12,0.7404965371220942
2,2,256,Circular,BPTF,circBPTF1,circLib,sibling_calibrated,12,0.7404965371220942
2,2,256,Circular,BPTF,circBPTF2,circLib,stack,34,0.35593696988591983
2,2,256,Circular,BPTF,circBPTF2,circLib,target_kmer,34,0.5083600799723884
2,2,256,Circular,BPTF,circBPTF2,circLib,composition,34,0.5083600799723884
2,2,256,Circular,BPTF,circBPTF2,circLib,sibling_uncalibrated,34,0.15557003222492766
2,2,256,Circular,BPTF,circBPTF2,circLib,sibling_calibrated,34,0.15557003222492766
2,2,256,Circular,CASC15,Casc15,nucLib,stack,57,0.18321514745720538
2,2,256,Circular,CASC15,Casc15,nucLib,target_kmer,57,0.710889911577137
2,2,256,Circular,CASC15,Casc15,nucLib,composition,57,0.47561156396528903
2,2,256,Circular,CASC15,Casc15,nucLib,sibling_uncalibrated,57,0.3592581575069359
2,2,256,Circular,CASC15,Casc15,nucLib,sibling_calibrated,57,0.3592581575069359
2,2,256,Circular,CBFA2T2,circCBFA2T2,circLib,stack,12,0.3070683766388954
2,2,256,Circular,CBFA2T2,circCBFA2T2,circLib,target_kmer,12,0.6614586245158736
2,2,256,Circular,CBFA2T2,circCBFA2T2,circLib,composition,12,0.38834236423491086
2,2,256,Circular,CBFA2T2,circCBFA2T2,circLib,sibling_uncalibrated,12,0.6095234087792045
2,2,256,Circular,CBFA2T2,circCBFA2T2,circLib,sibling_calibrated,12,0.6095234087792045
2,2,256,Circular,ERBB2,circERBB2,circLib,stack,34,0.4190586808344696
2,2,256,Circular,ERBB2,circERBB2,circLib,target_kmer,34,0.6493193716174395
2,2,256,Circular,ERBB2,circERBB2,circLib,composition,34,0.5108991128386879
2,2,256,Circular,ERBB2,circERBB2,circLib,sibling_uncalibrated,34,0.2493957770711128
2,2,256,Circular,ERBB2,circERBB2,circLib,sibling_calibrated,34,0.2493957770711128
2,2,256,Circular,HOXA-AS3,Hoxa-AS3,nucLib,stack,130,0.4514391462888796
2,2,256,Circular,HOXA-AS3,Hoxa-AS3,nucLib,target_kmer,130,0.3249650990300803
2,2,256,Circular,HOXA-AS3,Hoxa-AS3,nucLib,composition,130,0.5761609108879031
2,2,256,Circular,HOXA-AS3,Hoxa-AS3,nucLib,sibling_uncalibrated,130,0.37550511386962016
2,2,256,Circular,HOXA-AS3,Hoxa-AS3,nucLib,sibling_calibrated,130,0.37550511386962016
2,2,256,Circular,IKBKB,circIKBKB,circLib,stack,10,0.37236864664171565
2,2,256,Circular,IKBKB,circIKBKB,circLib,target_kmer,10,0.6182119327823858
2,2,256,Circular,IKBKB,circIKBKB,circLib,composition,10,0.37236864664171565
2,2,256,Circular,IKBKB,circIKBKB,circLib,sibling_uncalibrated,10,0.4150513183337689
2,2,256,Circular,IKBKB,circIKBKB,circLib,sibling_calibrated,10,0.4150513183337689
2,2,256,Circular,MIAT,Miat,nucLib,stack,344,0.4006019502470129
2,2,256,Circular,MIAT,Miat,nucLib,target_kmer,344,0.30133291264649137
2,2,256,Circular,MIAT,Miat,nucLib,composition,344,0.5926068774237784
2,2,256,Circular,MIAT,Miat,nucLib,sibling_uncalibrated,344,0.3844067235673758
2,2,256,Circular,MIAT,Miat,nucLib,sibling_calibrated,344,0.3844067235673758
2,2,256,Circular,XIST,Xist,nucLib,stack,246,0.49866700901123384
2,2,256,Circular,XIST,Xist,nucLib,target_kmer,246,0.4851625177067451
2,2,256,Circular,XIST,Xist,nucLib,composition,246,0.49890033088769276
2,2,256,Circular,XIST,Xist,nucLib,sibling_uncalibrated,246,0.5345428640017323
2,2,256,Circular,XIST,Xist,nucLib,sibling_calibrated,246,0.5345428640017323
2,2,256,SCRCircular,ASAP1,circASAP1,circLib,stack,12,0.11055870921277326
2,2,256,SCRCircular,ASAP1,circASAP1,circLib,target_kmer,12,0.2412757190185711
2,2,256,SCRCircular,ASAP1,circASAP1,circLib,composition,12,0.3718995170005938
2,2,256,SCRCircular,ASAP1,circASAP1,circLib,sibling_uncalibrated,12,0.7901884262685794
2,2,256,SCRCircular,ASAP1,circASAP1,circLib,sibling_calibrated,12,0.7901884262685794
2,2,256,SCRCircular,BBS9,circBBS91,circLib,stack,23,0.0720685234000064
2,2,256,SCRCircular,BBS9,circBBS91,circLib,target_kmer,23,0.0
2,2,256,SCRCircular,BBS9,circBBS91,circLib,composition,23,0.494298339888369
2,2,256,SCRCircular,BBS9,circBBS91,circLib,sibling_uncalibrated,23,0.3082911018688969
2,2,256,SCRCircular,BBS9,circBBS91,circLib,sibling_calibrated,23,0.3082911018688969
2,2,256,SCRCircular,BBS9,circBBS92,circLib,stack,22,0.20428444571990384
2,2,256,SCRCircular,BBS9,circBBS92,circLib,target_kmer,22,0.06758139455874923
2,2,256,SCRCircular,BBS9,circBBS92,circLib,composition,22,0.5427060375397045
2,2,256,SCRCircular,BBS9,circBBS92,circLib,sibling_uncalibrated,22,0.2855471187601912
2,2,256,SCRCircular,BBS9,circBBS92,circLib,sibling_calibrated,22,0.2855471187601912
2,2,256,SCRCircular,BCL11B,circBCL11B1,circLib,stack,19,0.3190838674940329
2,2,256,SCRCircular,BCL11B,circBCL11B1,circLib,target_kmer,19,0.4116331047272191
2,2,256,SCRCircular,BCL11B,circBCL11B1,circLib,composition,19,0.7520958122931478
2,2,256,SCRCircular,BCL11B,circBCL11B1,circLib,sibling_uncalibrated,19,0.4124107752200683
2,2,256,SCRCircular,BCL11B,circBCL11B1,circLib,sibling_calibrated,19,0.4124107752200683
2,2,256,SCRCircular,BPTF,circBPTF1,circLib,stack,14,0.37810722410045206
2,2,256,SCRCircular,BPTF,circBPTF1,circLib,target_kmer,14,0.7312625747956933
2,2,256,SCRCircular,BPTF,circBPTF1,circLib,composition,14,0.37810722410045206
2,2,256,SCRCircular,BPTF,circBPTF1,circLib,sibling_uncalibrated,14,0.37810722410045206
2,2,256,SCRCircular,BPTF,circBPTF1,circLib,sibling_calibrated,14,0.37810722410045206
2,2,256,SCRCircular,BPTF,circBPTF2,circLib,stack,37,0.14182826891979874
2,2,256,SCRCircular,BPTF,circBPTF2,circLib,target_kmer,37,0.4587181121424901
2,2,256,SCRCircular,BPTF,circBPTF2,circLib,composition,37,0.6446183515828572
2,2,256,SCRCircular,BPTF,circBPTF2,circLib,sibling_uncalibrated,37,0.36776526110447916
2,2,256,SCRCircular,BPTF,circBPTF2,circLib,sibling_calibrated,37,0.36776526110447916
2,2,256,SCRCircular,CASC15,Casc15,nucLib,stack,66,0.47557591127518783
2,2,256,SCRCircular,CASC15,Casc15,nucLib,target_kmer,66,0.38618563097242115
2,2,256,SCRCircular,CASC15,Casc15,nucLib,composition,66,0.560844804600434
2,2,256,SCRCircular,CASC15,Casc15,nucLib,sibling_uncalibrated,66,0.5090740188217373
2,2,256,SCRCircular,CASC15,Casc15,nucLib,sibling_calibrated,66,0.5090740188217373
2,2,256,SCRCircular,CBFA2T2,circCBFA2T2,circLib,stack,14,0.2394108893126486
2,2,256,SCRCircular,CBFA2T2,circCBFA2T2,circLib,target_kmer,14,0.2394108893126486
2,2,256,SCRCircular,CBFA2T2,circCBFA2T2,circLib,composition,14,0.21361107450572298
2,2,256,SCRCircular,CBFA2T2,circCBFA2T2,circLib,sibling_uncalibrated,14,0.4831636748096733
2,2,256,SCRCircular,CBFA2T2,circCBFA2T2,circLib,sibling_calibrated,14,0.4831636748096733
2,2,256,SCRCircular,CCNL1,Ccnl1,nucLib,stack,11,0.6092272935723493
2,2,256,SCRCircular,CCNL1,Ccnl1,nucLib,target_kmer,11,0.5824702520294472
2,2,256,SCRCircular,CCNL1,Ccnl1,nucLib,composition,11,0.9671818153611225
2,2,256,SCRCircular,CCNL1,Ccnl1,nucLib,sibling_uncalibrated,11,0.7149077051364331
2,2,256,SCRCircular,CCNL1,Ccnl1,nucLib,sibling_calibrated,11,0.7149077051364331
2,2,256,SCRCircular,ERBB2,circERBB2,circLib,stack,34,0.6041406985218913
2,2,256,SCRCircular,ERBB2,circERBB2,circLib,target_kmer,34,0.4822811563337958
2,2,256,SCRCircular,ERBB2,circERBB2,circLib,composition,34,0.5932267028280975
2,2,256,SCRCircular,ERBB2,circERBB2,circLib,sibling_uncalibrated,34,0.28446392150958844
2,2,256,SCRCircular,ERBB2,circERBB2,circLib,sibling_calibrated,34,0.28446392150958844
2,2,256,SCRCircular,HOXA-AS3,Hoxa-AS3,nucLib,stack,142,0.33463980421391015
2,2,256,SCRCircular,HOXA-AS3,Hoxa-AS3,nucLib,target_kmer,142,0.47996550929963766
2,2,256,SCRCircular,HOXA-AS3,Hoxa-AS3,nucLib,composition,142,0.5008766476118998
2,2,256,SCRCircular,HOXA-AS3,Hoxa-AS3,nucLib,sibling_uncalibrated,142,0.4618258613511227
2,2,256,SCRCircular,HOXA-AS3,Hoxa-AS3,nucLib,sibling_calibrated,142,0.4618258613511227
2,2,256,SCRCircular,IKBKB,circIKBKB,circLib,stack,11,0.16653157355059212
2,2,256,SCRCircular,IKBKB,circIKBKB,circLib,target_kmer,11,0.08052548234889152
2,2,256,SCRCircular,IKBKB,circIKBKB,circLib,composition,11,0.43893609808041917
2,2,256,SCRCircular,IKBKB,circIKBKB,circLib,sibling_uncalibrated,11,0.37840631780001344
2,2,256,SCRCircular,IKBKB,circIKBKB,circLib,sibling_calibrated,11,0.37840631780001344
2,2,256,SCRCircular,MIAT,Miat,nucLib,stack,382,0.29933029957236296
2,2,256,SCRCircular,MIAT,Miat,nucLib,target_kmer,382,0.32823300460599897
2,2,256,SCRCircular,MIAT,Miat,nucLib,composition,382,0.4678621924353921
2,2,256,SCRCircular,MIAT,Miat,nucLib,sibling_uncalibrated,382,0.45205884443650424
2,2,256,SCRCircular,MIAT,Miat,nucLib,sibling_calibrated,382,0.45205884443650424
2,2,256,SCRCircular,XIST,Xist,nucLib,stack,328,0.45379568952703
2,2,256,SCRCircular,XIST,Xist,nucLib,target_kmer,328,0.5420277354496598
2,2,256,SCRCircular,XIST,Xist,nucLib,composition,328,0.44970342496079185
2,2,256,SCRCircular,XIST,Xist,nucLib,sibling_uncalibrated,328,0.4461373187740505
2,2,256,SCRCircular,XIST,Xist,nucLib,sibling_calibrated,328,0.4461373187740505
3,0,16,Spliced,ARHGAP12,circARHGAP12,circLib,stack,40,0.2081021755622275
3,0,16,Spliced,ARHGAP12,circARHGAP12,circLib,target_kmer,40,0.4877041155873995
3,0,16,Spliced,ARHGAP12,circARHGAP12,circLib,composition,40,0.317039962607952
3,0,16,Spliced,ARHGAP12,circARHGAP12,circLib,sibling_uncalibrated,40,0.40973398213275325
3,0,16,Spliced,ARHGAP12,circARHGAP12,circLib,sibling_calibrated,40,0.40973398213275325
3,0,16,Spliced,ATXN2,circATXN2,circLib,stack,15,0.16144750502701521
3,0,16,Spliced,ATXN2,circATXN2,circLib,target_kmer,15,0.933080179717544
3,0,16,Spliced,ATXN2,circATXN2,circLib,composition,15,0.29369039899162186
3,0,16,Spliced,ATXN2,circATXN2,circLib,sibling_uncalibrated,15,0.2197577885755379
3,0,16,Spliced,ATXN2,circATXN2,circLib,sibling_calibrated,15,0.2197577885755379
3,0,16,Spliced,CHD7,circCHD7,circLib,stack,91,0.5516370064398057
3,0,16,Spliced,CHD7,circCHD7,circLib,target_kmer,91,0.39484502414509093
3,0,16,Spliced,CHD7,circCHD7,circLib,composition,91,0.1733946832123518
3,0,16,Spliced,CHD7,circCHD7,circLib,sibling_uncalibrated,91,0.005898776687450166
3,0,16,Spliced,CHD7,circCHD7,circLib,sibling_calibrated,91,0.005898776687450166
3,0,16,Spliced,EXOSC1,circEXOSC1,circLib,stack,14,0.47774675544538847
3,0,16,Spliced,EXOSC1,circEXOSC1,circLib,target_kmer,14,0.35319451567233073
3,0,16,Spliced,EXOSC1,circEXOSC1,circLib,composition,14,0.8687009286309013
3,0,16,Spliced,EXOSC1,circEXOSC1,circLib,sibling_uncalibrated,14,0.7428014452403456
3,0,16,Spliced,EXOSC1,circEXOSC1,circLib,sibling_calibrated,14,0.7428014452403456
3,0,16,Spliced,FAT1,circFAT1,circLib,stack,165,0.43819987044129094
3,0,16,Spliced,FAT1,circFAT1,circLib,target_kmer,165,0.5162851744149206
3,0,16,Spliced,FAT1,circFAT1,circLib,composition,165,0.4881486165996429
3,0,16,Spliced,FAT1,circFAT1,circLib,sibling_uncalibrated,165,0.3286158121805902
3,0,16,Spliced,FAT1,circFAT1,circLib,sibling_calibrated,165,0.3286158121805902
3,0,16,Spliced,GCK,Gck,nucLib,stack,25,0.691737891498442
3,0,16,Spliced,GCK,Gck,nucLib,target_kmer,25,0.508468320127013
3,0,16,Spliced,GCK,Gck,nucLib,composition,25,0.7042957494376518
3,0,16,Spliced,GCK,Gck,nucLib,sibling_uncalibrated,25,0.6326948453813108
3,0,16,Spliced,GCK,Gck,nucLib,sibling_calibrated,25,0.6326948453813108
3,0,16,Spliced,IFT46,circIFT46,circLib,stack,10,0.5092931594367449
3,0,16,Spliced,IFT46,circIFT46,circLib,target_kmer,10,0.3856570464833391
3,0,16,Spliced,IFT46,circIFT46,circLib,composition,10,0.23785757207462227
3,0,16,Spliced,IFT46,circIFT46,circLib,sibling_uncalibrated,10,0.7378575720746223
3,0,16,Spliced,IFT46,circIFT46,circLib,sibling_calibrated,10,0.7378575720746223
3,0,16,Spliced,LINC-CHD2,linc-Chd2,nucLib,stack,26,0.6823765564653348
3,0,16,Spliced,LINC-CHD2,linc-Chd2,nucLib,target_kmer,26,0.28877473929572595
3,0,16,Spliced,LINC-CHD2,linc-Chd2,nucLib,composition,26,0.40514016263832997
3,0,16,Spliced,LINC-CHD2,linc-Chd2,nucLib,sibling_uncalibrated,26,0.8553107695780786
3,0,16,Spliced,LINC-CHD2,linc-Chd2,nucLib,sibling_calibrated,26,0.8553107695780786
3,0,16,Spliced,NEAT1,Neat1,nucLib,stack,126,0.3679978237728437
3,0,16,Spliced,NEAT1,Neat1,nucLib,target_kmer,126,0.6276432682877868
3,0,16,Spliced,NEAT1,Neat1,nucLib,composition,126,0.3243168604210653
3,0,16,Spliced,NEAT1,Neat1,nucLib,sibling_uncalibrated,126,0.5155739787982312
3,0,16,Spliced,NEAT1,Neat1,nucLib,sibling_calibrated,126,0.5155739787982312
3,0,16,Spliced,NR2F1-AS1,Nr2f1-as1,nucLib,stack,68,0.7534876855333081
3,0,16,Spliced,NR2F1-AS1,Nr2f1-as1,nucLib,target_kmer,68,0.30882075630603645
3,0,16,Spliced,NR2F1-AS1,Nr2f1-as1,nucLib,composition,68,0.6310981819375099
3,0,16,Spliced,NR2F1-AS1,Nr2f1-as1,nucLib,sibling_uncalibrated,68,0.6147878155200082
3,0,16,Spliced,NR2F1-AS1,Nr2f1-as1,nucLib,sibling_calibrated,68,0.6147878155200082
3,0,16,Spliced,RMRP,circRMRP,circLib,stack,14,0.10529355339319102
3,0,16,Spliced,RMRP,circRMRP,circLib,target_kmer,14,0.6652559214289429
3,0,16,Spliced,RMRP,circRMRP,circLib,composition,14,0.4447300082990704
3,0,16,Spliced,RMRP,circRMRP,circLib,sibling_uncalibrated,14,0.182279476167391
3,0,16,Spliced,RMRP,circRMRP,circLib,sibling_calibrated,14,0.182279476167391
3,0,16,Unspliced,ARHGAP12,circARHGAP12,circLib,stack,40,0.3434393353549229
3,0,16,Unspliced,ARHGAP12,circARHGAP12,circLib,target_kmer,40,0.27026873034137333
3,0,16,Unspliced,ARHGAP12,circARHGAP12,circLib,composition,40,0.5880071592576748
3,0,16,Unspliced,ARHGAP12,circARHGAP12,circLib,sibling_uncalibrated,40,0.34464074651225546
3,0,16,Unspliced,ARHGAP12,circARHGAP12,circLib,sibling_calibrated,40,0.34464074651225546
3,0,16,Unspliced,ATXN2,circATXN2,circLib,stack,15,0.22267665158251956
3,0,16,Unspliced,ATXN2,circATXN2,circLib,target_kmer,15,0.12770856004045705
3,0,16,Unspliced,ATXN2,circATXN2,circLib,composition,15,0.31149552373612877
3,0,16,Unspliced,ATXN2,circATXN2,circLib,sibling_uncalibrated,15,0.27835261420920854
3,0,16,Unspliced,ATXN2,circATXN2,circLib,sibling_calibrated,15,0.27835261420920854
3,0,16,Unspliced,CHD7,circCHD7,circLib,stack,91,0.4788281456218481
3,0,16,Unspliced,CHD7,circCHD7,circLib,target_kmer,91,0.4075621273814957
3,0,16,Unspliced,CHD7,circCHD7,circLib,composition,91,0.5553322445358225
3,0,16,Unspliced,CHD7,circCHD7,circLib,sibling_uncalibrated,91,0.20381306915805203
3,0,16,Unspliced,CHD7,circCHD7,circLib,sibling_calibrated,91,0.20381306915805203
3,0,16,Unspliced,EXOSC1,circEXOSC1,circLib,stack,14,0.3404374036128127
3,0,16,Unspliced,EXOSC1,circEXOSC1,circLib,target_kmer,14,0.5763312177779756
3,0,16,Unspliced,EXOSC1,circEXOSC1,circLib,composition,14,0.919404720749994
3,0,16,Unspliced,EXOSC1,circEXOSC1,circLib,sibling_uncalibrated,14,0.5763312177779756
3,0,16,Unspliced,EXOSC1,circEXOSC1,circLib,sibling_calibrated,14,0.5763312177779756
3,0,16,Unspliced,FAT1,circFAT1,circLib,stack,164,0.4635613857672815
3,0,16,Unspliced,FAT1,circFAT1,circLib,target_kmer,164,0.6012504507265268
3,0,16,Unspliced,FAT1,circFAT1,circLib,composition,164,0.39808443923751613
3,0,16,Unspliced,FAT1,circFAT1,circLib,sibling_uncalibrated,164,0.4631287479489009
3,0,16,Unspliced,FAT1,circFAT1,circLib,sibling_calibrated,164,0.4631287479489009
3,0,16,Unspliced,GCK,Gck,nucLib,stack,25,0.6338293872730565
3,0,16,Unspliced,GCK,Gck,nucLib,target_kmer,25,0.6609365173470684
3,0,16,Unspliced,GCK,Gck,nucLib,composition,25,0.4324527974579586
3,0,16,Unspliced,GCK,Gck,nucLib,sibling_uncalibrated,25,0.2375316139071067
3,0,16,Unspliced,GCK,Gck,nucLib,sibling_calibrated,25,0.2375316139071067
3,0,16,Unspliced,IFT46,circIFT46,circLib,stack,10,0.2483860133121594
3,0,16,Unspliced,IFT46,circIFT46,circLib,target_kmer,10,0.29006825150389165
3,0,16,Unspliced,IFT46,circIFT46,circLib,composition,10,0.41192095768326026
3,0,16,Unspliced,IFT46,circIFT46,circLib,sibling_uncalibrated,10,1.0
3,0,16,Unspliced,IFT46,circIFT46,circLib,sibling_calibrated,10,1.0
3,0,16,Unspliced,LINC-CHD2,linc-Chd2,nucLib,stack,15,0.5143602110372136
3,0,16,Unspliced,LINC-CHD2,linc-Chd2,nucLib,target_kmer,15,0.7906679675001518
3,0,16,Unspliced,LINC-CHD2,linc-Chd2,nucLib,composition,15,0.38092300434846943
3,0,16,Unspliced,LINC-CHD2,linc-Chd2,nucLib,sibling_uncalibrated,15,0.3953847521144686
3,0,16,Unspliced,LINC-CHD2,linc-Chd2,nucLib,sibling_calibrated,15,0.3953847521144686
3,0,16,Unspliced,NEAT1,Neat1,nucLib,stack,99,0.5203842057315624
3,0,16,Unspliced,NEAT1,Neat1,nucLib,target_kmer,99,0.6303693968268853
3,0,16,Unspliced,NEAT1,Neat1,nucLib,composition,99,0.43193877655846796
3,0,16,Unspliced,NEAT1,Neat1,nucLib,sibling_uncalibrated,99,0.28435981318442943
3,0,16,Unspliced,NEAT1,Neat1,nucLib,sibling_calibrated,99,0.28435981318442943
3,0,16,Unspliced,NR2F1-AS1,Nr2f1-as1,nucLib,stack,48,0.5034853977162408
3,0,16,Unspliced,NR2F1-AS1,Nr2f1-as1,nucLib,target_kmer,48,0.6196803506599602
3,0,16,Unspliced,NR2F1-AS1,Nr2f1-as1,nucLib,composition,48,0.5689392371350802
3,0,16,Unspliced,NR2F1-AS1,Nr2f1-as1,nucLib,sibling_uncalibrated,48,0.4462168829289558
3,0,16,Unspliced,NR2F1-AS1,Nr2f1-as1,nucLib,sibling_calibrated,48,0.4462168829289558
3,0,16,Unspliced,RMRP,circRMRP,circLib,stack,14,0.06104212068942368
3,0,16,Unspliced,RMRP,circRMRP,circLib,target_kmer,14,0.4770856589832643
3,0,16,Unspliced,RMRP,circRMRP,circLib,composition,14,0.41105123861474735
3,0,16,Unspliced,RMRP,circRMRP,circLib,sibling_uncalibrated,14,0.545167655235228
3,0,16,Unspliced,RMRP,circRMRP,circLib,sibling_calibrated,14,0.545167655235228
3,0,16,Circular,ARHGAP12,circARHGAP12,circLib,stack,35,0.29220877758884867
3,0,16,Circular,ARHGAP12,circARHGAP12,circLib,target_kmer,35,0.4538029942855325
3,0,16,Circular,ARHGAP12,circARHGAP12,circLib,composition,35,0.5625870333911072
3,0,16,Circular,ARHGAP12,circARHGAP12,circLib,sibling_uncalibrated,35,0.43316072244392234
3,0,16,Circular,ARHGAP12,circARHGAP12,circLib,sibling_calibrated,35,0.43316072244392234
3,0,16,Circular,ATXN2,circATXN2,circLib,stack,12,0.17847890085912332
3,0,16,Circular,ATXN2,circATXN2,circLib,target_kmer,12,0.661458409703392
3,0,16,Circular,ATXN2,circATXN2,circLib,composition,12,0.661458409703392
3,0,16,Circular,ATXN2,circATXN2,circLib,sibling_uncalibrated,12,0.17847890085912332
3,0,16,Circular,ATXN2,circATXN2,circLib,sibling_calibrated,12,0.17847890085912332
3,0,16,Circular,CHD7,circCHD7,circLib,stack,87,0.14330210821627015
3,0,16,Circular,CHD7,circCHD7,circLib,target_kmer,87,0.2964192220634101
3,0,16,Circular,CHD7,circCHD7,circLib,composition,87,0.24905562323405706
3,0,16,Circular,CHD7,circCHD7,circLib,sibling_uncalibrated,87,0.20909983106513313
3,0,16,Circular,CHD7,circCHD7,circLib,sibling_calibrated,87,0.20909983106513313
3,0,16,Circular,EXOSC1,circEXOSC1,circLib,stack,14,0.3232597298779659
3,0,16,Circular,EXOSC1,circEXOSC1,circLib,target_kmer,14,0.4367327794628222
3,0,16,Circular,EXOSC1,circEXOSC1,circLib,composition,14,0.2567094123456203
3,0,16,Circular,EXOSC1,circEXOSC1,circLib,sibling_uncalibrated,14,0.3232597298779659
3,0,16,Circular,EXOSC1,circEXOSC1,circLib,sibling_calibrated,14,0.3232597298779659
3,0,16,Circular,FAT1,circFAT1,circLib,stack,152,0.3237439531130233
3,0,16,Circular,FAT1,circFAT1,circLib,target_kmer,152,0.5681619100734133
3,0,16,Circular,FAT1,circFAT1,circLib,composition,152,0.4970274565422749
3,0,16,Circular,FAT1,circFAT1,circLib,sibling_uncalibrated,152,0.3615775409111195
3,0,16,Circular,FAT1,circFAT1,circLib,sibling_calibrated,152,0.3615775409111195
3,0,16,Circular,GCK,Gck,nucLib,stack,24,0.4500958573772138
3,0,16,Circular,GCK,Gck,nucLib,target_kmer,24,0.4584900473930717
3,0,16,Circular,GCK,Gck,nucLib,composition,24,0.39402760300467493
3,0,16,Circular,GCK,Gck,nucLib,sibling_uncalibrated,24,0.33021496684727725
3,0,16,Circular,GCK,Gck,nucLib,sibling_calibrated,24,0.33021496684727725
3,0,16,Circular,LINC-CHD2,linc-Chd2,nucLib,stack,24,0.5678701510474147
3,0,16,Circular,LINC-CHD2,linc-Chd2,nucLib,target_kmer,24,0.2496808696650923
3,0,16,Circular,LINC-CHD2,linc-Chd2,nucLib,composition,24,0.31928968877981656
3,0,16,Circular,LINC-CHD2,linc-Chd2,nucLib,sibling_uncalibrated,24,0.44957799902971984
3,0,16,Circular,LINC-CHD2,linc-Chd2,nucLib,sibling_calibrated,24,0.44957799902971984
3,0,16,Circular,NEAT1,Neat1,nucLib,stack,123,0.43855675330725447
3,0,16,Circular,NEAT1,Neat1,nucLib,target_kmer,123,0.45094976807343484
3,0,16,Circular,NEAT1,Neat1,nucLib,composition,123,0.5644106177612914
3,0,16,Circular,NEAT1,Neat1,nucLib,sibling_uncalibrated,123,0.2401527391500068
3,0,16,Circular,NEAT1,Neat1,nucLib,sibling_calibrated,123,0.2401527391500068
3,0,16,Circular,NR2F1-AS1,Nr2f1-as1,nucLib,stack,60,0.4012400888848471
3,0,16,Circular,NR2F1-AS1,Nr2f1-as1,nucLib,target_kmer,60,0.4424512344888009
3,0,16,Circular,NR2F1-AS1,Nr2f1-as1,nucLib,composition,60,0.1470742267996593
3,0,16,Circular,NR2F1-AS1,Nr2f1-as1,nucLib,sibling_uncalibrated,60,0.4012400888848471
3,0,16,Circular,NR2F1-AS1,Nr2f1-as1,nucLib,sibling_calibrated,60,0.4012400888848471
3,0,16,Circular,RMRP,circRMRP,circLib,stack,14,0.7412150943396253
3,0,16,Circular,RMRP,circRMRP,circLib,target_kmer,14,0.0
3,0,16,Circular,RMRP,circRMRP,circLib,composition,14,0.48993675858484154
3,0,16,Circular,RMRP,circRMRP,circLib,sibling_uncalibrated,14,0.7568787595445932
3,0,16,Circular,RMRP,circRMRP,circLib,sibling_calibrated,14,0.7568787595445932
3,0,16,SCRCircular,ARHGAP12,circARHGAP12,circLib,stack,40,0.29296394052346625
3,0,16,SCRCircular,ARHGAP12,circARHGAP12,circLib,target_kmer,40,0.45193872825366155
3,0,16,SCRCircular,ARHGAP12,circARHGAP12,circLib,composition,40,0.3803843521301283
3,0,16,SCRCircular,ARHGAP12,circARHGAP12,circLib,sibling_uncalibrated,40,0.46767115721635183
3,0,16,SCRCircular,ARHGAP12,circARHGAP12,circLib,sibling_calibrated,40,0.46767115721635183
3,0,16,SCRCircular,ATXN2,circATXN2,circLib,stack,15,0.2596691834760881
3,0,16,SCRCircular,ATXN2,circATXN2,circLib,target_kmer,15,0.9939349500086627
3,0,16,SCRCircular,ATXN2,circATXN2,circLib,composition,15,0.740330816523912
3,0,16,SCRCircular,ATXN2,circATXN2,circLib,sibling_uncalibrated,15,0.2596691834760881
3,0,16,SCRCircular,ATXN2,circATXN2,circLib,sibling_calibrated,15,0.2596691834760881
3,0,16,SCRCircular,CHD7,circCHD7,circLib,stack,91,0.3550361212287533
3,0,16,SCRCircular,CHD7,circCHD7,circLib,target_kmer,91,0.3690325163566033
3,0,16,SCRCircular,CHD7,circCHD7,circLib,composition,91,0.45954991861918787
3,0,16,SCRCircular,CHD7,circCHD7,circLib,sibling_uncalibrated,91,0.3550361212287533
3,0,16,SCRCircular,CHD7,circCHD7,circLib,sibling_calibrated,91,0.3550361212287533
3,0,16,SCRCircular,EXOSC1,circEXOSC1,circLib,stack,14,0.2737037371263651
3,0,16,SCRCircular,EXOSC1,circEXOSC1,circLib,target_kmer,14,0.38023981577880195
3,0,16,SCRCircular,EXOSC1,circEXOSC1,circLib,composition,14,0.629020655060841
3,0,16,SCRCircular,EXOSC1,circEXOSC1,circLib,sibling_uncalibrated,14,0.2737037371263651
3,0,16,SCRCircular,EXOSC1,circEXOSC1,circLib,sibling_calibrated,14,0.2737037371263651
3,0,16,SCRCircular,FAT1,circFAT1,circLib,stack,163,0.39393848114687663
3,0,16,SCRCircular,FAT1,circFAT1,circLib,target_kmer,163,0.4208145126312094
3,0,16,SCRCircular,FAT1,circFAT1,circLib,composition,163,0.5587853303190764
3,0,16,SCRCircular,FAT1,circFAT1,circLib,sibling_uncalibrated,163,0.19277397690106995
3,0,16,SCRCircular,FAT1,circFAT1,circLib,sibling_calibrated,163,0.19277397690106995
3,0,16,SCRCircular,GCK,Gck,nucLib,stack,25,0.42160976733828404
3,0,16,SCRCircular,GCK,Gck,nucLib,target_kmer,25,0.6896125606954919
3,0,16,SCRCircular,GCK,Gck,nucLib,composition,25,0.5661227999690752
3,0,16,SCRCircular,GCK,Gck,nucLib,sibling_uncalibrated,25,0.42160976733828404
3,0,16,SCRCircular,GCK,Gck,nucLib,sibling_calibrated,25,0.42160976733828404
3,0,16,SCRCircular,IFT46,circIFT46,circLib,stack,10,0.3733069968766403
3,0,16,SCRCircular,IFT46,circIFT46,circLib,target_kmer,10,0.5580861321321166
3,0,16,SCRCircular,IFT46,circIFT46,circLib,composition,10,0.5735974330572823
3,0,16,SCRCircular,IFT46,circIFT46,circLib,sibling_uncalibrated,10,0.3733069968766403
3,0,16,SCRCircular,IFT46,circIFT46,circLib,sibling_calibrated,10,0.3733069968766403
3,0,16,SCRCircular,LINC-CHD2,linc-Chd2,nucLib,stack,40,0.6304970257024394
3,0,16,SCRCircular,LINC-CHD2,linc-Chd2,nucLib,target_kmer,40,0.31763287437056653
3,0,16,SCRCircular,LINC-CHD2,linc-Chd2,nucLib,composition,40,0.49416629527551903
3,0,16,SCRCircular,LINC-CHD2,linc-Chd2,nucLib,sibling_uncalibrated,40,0.6304970257024394
3,0,16,SCRCircular,LINC-CHD2,linc-Chd2,nucLib,sibling_calibrated,40,0.6304970257024394
3,0,16,SCRCircular,NEAT1,Neat1,nucLib,stack,134,0.35633684153665324
3,0,16,SCRCircular,NEAT1,Neat1,nucLib,target_kmer,134,0.46565028031210065
3,0,16,SCRCircular,NEAT1,Neat1,nucLib,composition,134,0.4885044551127984
3,0,16,SCRCircular,NEAT1,Neat1,nucLib,sibling_uncalibrated,134,0.35633684153665324
3,0,16,SCRCircular,NEAT1,Neat1,nucLib,sibling_calibrated,134,0.35633684153665324
3,0,16,SCRCircular,NR2F1-AS1,Nr2f1-as1,nucLib,stack,84,0.17370577854166772
3,0,16,SCRCircular,NR2F1-AS1,Nr2f1-as1,nucLib,target_kmer,84,0.5337518804413253
3,0,16,SCRCircular,NR2F1-AS1,Nr2f1-as1,nucLib,composition,84,0.7207337650873817
3,0,16,SCRCircular,NR2F1-AS1,Nr2f1-as1,nucLib,sibling_uncalibrated,84,0.0
3,0,16,SCRCircular,NR2F1-AS1,Nr2f1-as1,nucLib,sibling_calibrated,84,0.0
3,0,16,SCRCircular,RMRP,circRMRP,circLib,stack,14,0.3267668642069248
3,0,16,SCRCircular,RMRP,circRMRP,circLib,target_kmer,14,0.1950969608589644
3,0,16,SCRCircular,RMRP,circRMRP,circLib,composition,14,0.6377295542318325
3,0,16,SCRCircular,RMRP,circRMRP,circLib,sibling_uncalibrated,14,0.1950969608589644
3,0,16,SCRCircular,RMRP,circRMRP,circLib,sibling_calibrated,14,0.1950969608589644
3,0,64,Spliced,ARHGAP12,circARHGAP12,circLib,stack,40,0.47307832791805643
3,0,64,Spliced,ARHGAP12,circARHGAP12,circLib,target_kmer,40,0.5389879568734764
3,0,64,Spliced,ARHGAP12,circARHGAP12,circLib,composition,40,0.06622025909922767
3,0,64,Spliced,ARHGAP12,circARHGAP12,circLib,sibling_uncalibrated,40,0.40973398213275325
3,0,64,Spliced,ARHGAP12,circARHGAP12,circLib,sibling_calibrated,40,0.40973398213275325
3,0,64,Spliced,ATXN2,circATXN2,circLib,stack,15,0.1994076383807753
3,0,64,Spliced,ATXN2,circATXN2,circLib,target_kmer,15,0.1994076383807753
3,0,64,Spliced,ATXN2,circATXN2,circLib,composition,15,0.29369039899162186
3,0,64,Spliced,ATXN2,circATXN2,circLib,sibling_uncalibrated,15,0.2197577885755379
3,0,64,Spliced,ATXN2,circATXN2,circLib,sibling_calibrated,15,0.2197577885755379
3,0,64,Spliced,CHD7,circCHD7,circLib,stack,91,0.005898776687450166
3,0,64,Spliced,CHD7,circCHD7,circLib,target_kmer,91,0.22253511082052746
3,0,64,Spliced,CHD7,circCHD7,circLib,composition,91,0.28987719239336734
3,0,64,Spliced,CHD7,circCHD7,circLib,sibling_uncalibrated,91,0.005898776687450166
3,0,64,Spliced,CHD7,circCHD7,circLib,sibling_calibrated,91,0.005898776687450166
3,0,64,Spliced,EXOSC1,circEXOSC1,circLib,stack,14,0.24280144524034566
3,0,64,Spliced,EXOSC1,circEXOSC1,circLib,target_kmer,14,0.35319451567233073
3,0,64,Spliced,EXOSC1,circEXOSC1,circLib,composition,14,0.4676770635459419
3,0,64,Spliced,EXOSC1,circEXOSC1,circLib,sibling_uncalibrated,14,0.7428014452403456
3,0,64,Spliced,EXOSC1,circEXOSC1,circLib,sibling_calibrated,14,0.7428014452403456
3,0,64,Spliced,FAT1,circFAT1,circLib,stack,165,0.3286158121805902
3,0,64,Spliced,FAT1,circFAT1,circLib,target_kmer,165,0.33349714457676527
3,0,64,Spliced,FAT1,circFAT1,circLib,composition,165,0.3467102949154391
3,0,64,Spliced,FAT1,circFAT1,circLib,sibling_uncalibrated,165,0.3286158121805902
3,0,64,Spliced,FAT1,circFAT1,circLib,sibling_calibrated,165,0.3286158121805902
3,0,64,Spliced,GCK,Gck,nucLib,stack,25,0.6326948453813108
3,0,64,Spliced,GCK,Gck,nucLib,target_kmer,25,0.6415160417258986
3,0,64,Spliced,GCK,Gck,nucLib,composition,25,0.41649701072345646
3,0,64,Spliced,GCK,Gck,nucLib,sibling_uncalibrated,25,0.6326948453813108
3,0,64,Spliced,GCK,Gck,nucLib,sibling_calibrated,25,0.6326948453813108
3,0,64,Spliced,IFT46,circIFT46,circLib,stack,10,0.6402495131421277
3,0,64,Spliced,IFT46,circIFT46,circLib,target_kmer,10,0.5058275739981876
3,0,64,Spliced,IFT46,circIFT46,circLib,composition,10,0.23785757207462227
3,0,64,Spliced,IFT46,circIFT46,circLib,sibling_uncalibrated,10,0.7378575720746223
3,0,64,Spliced,IFT46,circIFT46,circLib,sibling_calibrated,10,0.7378575720746223
3,0,64,Spliced,LINC-CHD2,linc-Chd2,nucLib,stack,26,0.8595761135087717
3,0,64,Spliced,LINC-CHD2,linc-Chd2,nucLib,target_kmer,26,0.11166712879032215
3,0,64,Spliced,LINC-CHD2,linc-Chd2,nucLib,composition,26,0.46697789836840076
3,0,64,Spliced,LINC-CHD2,linc-Chd2,nucLib,sibling_uncalibrated,26,0.8553107695780786
3,0,64,Spliced,LINC-CHD2,linc-Chd2,nucLib,sibling_calibrated,26,0.8553107695780786
3,0,64,Spliced,NEAT1,Neat1,nucLib,stack,126,0.2960843777839065
3,0,64,Spliced,NEAT1,Neat1,nucLib,target_kmer,126,0.4385846706038544
3,0,64,Spliced,NEAT1,Neat1,nucLib,composition,126,0.3609290432640804
3,0,64,Spliced,NEAT1,Neat1,nucLib,sibling_uncalibrated,126,0.5155739787982312
3,0,64,Spliced,NEAT1,Neat1,nucLib,sibling_calibrated,126,0.5155739787982312
3,0,64,Spliced,NR2F1-AS1,Nr2f1-as1,nucLib,stack,68,0.2704956548042918
3,0,64,Spliced,NR2F1-AS1,Nr2f1-as1,nucLib,target_kmer,68,0.19361114875229699
3,0,64,Spliced,NR2F1-AS1,Nr2f1-as1,nucLib,composition,68,0.507557364246053
3,0,64,Spliced,NR2F1-AS1,Nr2f1-as1,nucLib,sibling_uncalibrated,68,0.6147878155200082
3,0,64,Spliced,NR2F1-AS1,Nr2f1-as1,nucLib,sibling_calibrated,68,0.6147878155200082
3,0,64,Spliced,RMRP,circRMRP,circLib,stack,14,0.07325031175008788
3,0,64,Spliced,RMRP,circRMRP,circLib,target_kmer,14,0.3947064466068089
3,0,64,Spliced,RMRP,circRMRP,circLib,composition,14,0.6652559214289429
3,0,64,Spliced,RMRP,circRMRP,circLib,sibling_uncalibrated,14,0.182279476167391
3,0,64,Spliced,RMRP,circRMRP,circLib,sibling_calibrated,14,0.182279476167391
3,0,64,Unspliced,ARHGAP12,circARHGAP12,circLib,stack,40,0.40499245022984887
3,0,64,Unspliced,ARHGAP12,circARHGAP12,circLib,target_kmer,40,0.3865967286312406
3,0,64,Unspliced,ARHGAP12,circARHGAP12,circLib,composition,40,0.3453275755431322
3,0,64,Unspliced,ARHGAP12,circARHGAP12,circLib,sibling_uncalibrated,40,0.34464074651225546
3,0,64,Unspliced,ARHGAP12,circARHGAP12,circLib,sibling_calibrated,40,0.34464074651225546
3,0,64,Unspliced,ATXN2,circATXN2,circLib,stack,15,0.22267665158251956
3,0,64,Unspliced,ATXN2,circATXN2,circLib,target_kmer,15,0.34525207420064874
3,0,64,Unspliced,ATXN2,circATXN2,circLib,composition,15,0.09468384580944542
3,0,64,Unspliced,ATXN2,circATXN2,circLib,sibling_uncalibrated,15,0.27835261420920854
3,0,64,Unspliced,ATXN2,circATXN2,circLib,sibling_calibrated,15,0.27835261420920854
3,0,64,Unspliced,CHD7,circCHD7,circLib,stack,91,0.4575683017430403
3,0,64,Unspliced,CHD7,circCHD7,circLib,target_kmer,91,0.48724516756919456
3,0,64,Unspliced,CHD7,circCHD7,circLib,composition,91,0.36503509200115447
3,0,64,Unspliced,CHD7,circCHD7,circLib,sibling_uncalibrated,91,0.20381306915805203
3,0,64,Unspliced,CHD7,circCHD7,circLib,sibling_calibrated,91,0.20381306915805203
3,0,64,Unspliced,EXOSC1,circEXOSC1,circLib,stack,14,0.5763312177779756
3,0,64,Unspliced,EXOSC1,circEXOSC1,circLib,target_kmer,14,0.7464794376461175
3,0,64,Unspliced,EXOSC1,circEXOSC1,circLib,composition,14,0.48346679665605763
3,0,64,Unspliced,EXOSC1,circEXOSC1,circLib,sibling_uncalibrated,14,0.5763312177779756
3,0,64,Unspliced,EXOSC1,circEXOSC1,circLib,sibling_calibrated,14,0.5763312177779756
3,0,64,Unspliced,FAT1,circFAT1,circLib,stack,164,0.380175461155667
3,0,64,Unspliced,FAT1,circFAT1,circLib,target_kmer,164,0.5107719809129878
3,0,64,Unspliced,FAT1,circFAT1,circLib,composition,164,0.4312363334564726
3,0,64,Unspliced,FAT1,circFAT1,circLib,sibling_uncalibrated,164,0.4631287479489009
3,0,64,Unspliced,FAT1,circFAT1,circLib,sibling_calibrated,164,0.4631287479489009
3,0,64,Unspliced,GCK,Gck,nucLib,stack,25,0.46159289102398116
3,0,64,Unspliced,GCK,Gck,nucLib,target_kmer,25,0.3661706127269436
3,0,64,Unspliced,GCK,Gck,nucLib,composition,25,0.46997022882714784
3,0,64,Unspliced,GCK,Gck,nucLib,sibling_uncalibrated,25,0.2375316139071067
3,0,64,Unspliced,GCK,Gck,nucLib,sibling_calibrated,25,0.2375316139071067
3,0,64,Unspliced,IFT46,circIFT46,circLib,stack,10,0.7900682515038917
3,0,64,Unspliced,IFT46,circIFT46,circLib,target_kmer,10,0.5988567417151582
3,0,64,Unspliced,IFT46,circIFT46,circLib,composition,10,0.3274334087947274
3,0,64,Unspliced,IFT46,circIFT46,circLib,sibling_uncalibrated,10,1.0
3,0,64,Unspliced,IFT46,circIFT46,circLib,sibling_calibrated,10,1.0
3,0,64,Unspliced,LINC-CHD2,linc-Chd2,nucLib,stack,15,0.5143602110372136
3,0,64,Unspliced,LINC-CHD2,linc-Chd2,nucLib,target_kmer,15,0.7906679675001518
3,0,64,Unspliced,LINC-CHD2,linc-Chd2,nucLib,composition,15,0.36630108445883147
3,0,64,Unspliced,LINC-CHD2,linc-Chd2,nucLib,sibling_uncalibrated,15,0.3953847521144686
3,0,64,Unspliced,LINC-CHD2,linc-Chd2,nucLib,sibling_calibrated,15,0.3953847521144686
3,0,64,Unspliced,NEAT1,Neat1,nucLib,stack,99,0.10825804529570329
3,0,64,Unspliced,NEAT1,Neat1,nucLib,target_kmer,99,0.25400712313056345
3,0,64,Unspliced,NEAT1,Neat1,nucLib,composition,99,0.26507027315211695
3,0,64,Unspliced,NEAT1,Neat1,nucLib,sibling_uncalibrated,99,0.28435981318442943
3,0,64,Unspliced,NEAT1,Neat1,nucLib,sibling_calibrated,99,0.28435981318442943
3,0,64,Unspliced,NR2F1-AS1,Nr2f1-as1,nucLib,stack,48,0.4462168829289558
3,0,64,Unspliced,NR2F1-AS1,Nr2f1-as1,nucLib,target_kmer,48,0.444655760135692
3,0,64,Unspliced,NR2F1-AS1,Nr2f1-as1,nucLib,composition,48,0.5689392371350802
3,0,64,Unspliced,NR2F1-AS1,Nr2f1-as1,nucLib,sibling_uncalibrated,48,0.4462168829289558
3,0,64,Unspliced,NR2F1-AS1,Nr2f1-as1,nucLib,sibling_calibrated,48,0.4462168829289558
3,0,64,Unspliced,RMRP,circRMRP,circLib,stack,14,0.4732659170779103
3,0,64,Unspliced,RMRP,circRMRP,circLib,target_kmer,14,0.4770856589832643
3,0,64,Unspliced,RMRP,circRMRP,circLib,composition,14,0.4732659170779103
3,0,64,Unspliced,RMRP,circRMRP,circLib,sibling_uncalibrated,14,0.545167655235228
3,0,64,Unspliced,RMRP,circRMRP,circLib,sibling_calibrated,14,0.545167655235228
3,0,64,Circular,ARHGAP12,circARHGAP12,circLib,stack,35,0.43316072244392234
3,0,64,Circular,ARHGAP12,circARHGAP12,circLib,target_kmer,35,0.45111261455867174
3,0,64,Circular,ARHGAP12,circARHGAP12,circLib,composition,35,0.6332468769733557
3,0,64,Circular,ARHGAP12,circARHGAP12,circLib,sibling_uncalibrated,35,0.43316072244392234
3,0,64,Circular,ARHGAP12,circARHGAP12,circLib,sibling_calibrated,35,0.43316072244392234
3,0,64,Circular,ATXN2,circATXN2,circLib,stack,12,0.17847890085912332
3,0,64,Circular,ATXN2,circATXN2,circLib,target_kmer,12,0.5603702665970532
3,0,64,Circular,ATXN2,circATXN2,circLib,composition,12,0.17847890085912332
3,0,64,Circular,ATXN2,circATXN2,circLib,sibling_uncalibrated,12,0.17847890085912332
3,0,64,Circular,ATXN2,circATXN2,circLib,sibling_calibrated,12,0.17847890085912332
3,0,64,Circular,CHD7,circCHD7,circLib,stack,87,0.20909983106513313
3,0,64,Circular,CHD7,circCHD7,circLib,target_kmer,87,0.23014282062043753
3,0,64,Circular,CHD7,circCHD7,circLib,composition,87,0.7255968559778909
3,0,64,Circular,CHD7,circCHD7,circLib,sibling_uncalibrated,87,0.20909983106513313
3,0,64,Circular,CHD7,circCHD7,circLib,sibling_calibrated,87,0.20909983106513313
3,0,64,Circular,EXOSC1,circEXOSC1,circLib,stack,14,0.3232597298779659
3,0,64,Circular,EXOSC1,circEXOSC1,circLib,target_kmer,14,0.4503007071672034
3,0,64,Circular,EXOSC1,circEXOSC1,circLib,composition,14,0.4660196665651406
3,0,64,Circular,EXOSC1,circEXOSC1,circLib,sibling_uncalibrated,14,0.3232597298779659
3,0,64,Circular,EXOSC1,circEXOSC1,circLib,sibling_calibrated,14,0.3232597298779659
3,0,64,Circular,FAT1,circFAT1,circLib,stack,152,0.3615775409111195
3,0,64,Circular,FAT1,circFAT1,circLib,target_kmer,152,0.5576729835948617
3,0,64,Circular,FAT1,circFAT1,circLib,composition,152,0.5138434154849112
3,0,64,Circular,FAT1,circFAT1,circLib,sibling_uncalibrated,152,0.3615775409111195
3,0,64,Circular,FAT1,circFAT1,circLib,sibling_calibrated,152,0.3615775409111195
3,0,64,Circular,GCK,Gck,nucLib,stack,24,0.33021496684727725
3,0,64,Circular,GCK,Gck,nucLib,target_kmer,24,0.33860915686313514
3,0,64,Circular,GCK,Gck,nucLib,composition,24,0.45935753258675704
3,0,64,Circular,GCK,Gck,nucLib,sibling_uncalibrated,24,0.33021496684727725
3,0,64,Circular,GCK,Gck,nucLib,sibling_calibrated,24,0.33021496684727725
3,0,64,Circular,LINC-CHD2,linc-Chd2,nucLib,stack,24,0.44324154365634816
3,0,64,Circular,LINC-CHD2,linc-Chd2,nucLib,target_kmer,24,0.39956466050450135
3,0,64,Circular,LINC-CHD2,linc-Chd2,nucLib,composition,24,0.4092038229063183
3,0,64,Circular,LINC-CHD2,linc-Chd2,nucLib,sibling_uncalibrated,24,0.44957799902971984
3,0,64,Circular,LINC-CHD2,linc-Chd2,nucLib,sibling_calibrated,24,0.44957799902971984
3,0,64,Circular,NEAT1,Neat1,nucLib,stack,123,0.2401527391500068
3,0,64,Circular,NEAT1,Neat1,nucLib,target_kmer,123,0.3991101230253309
3,0,64,Circular,NEAT1,Neat1,nucLib,composition,123,0.2936227784427376
3,0,64,Circular,NEAT1,Neat1,nucLib,sibling_uncalibrated,123,0.2401527391500068
3,0,64,Circular,NEAT1,Neat1,nucLib,sibling_calibrated,123,0.2401527391500068
3,0,64,Circular,NR2F1-AS1,Nr2f1-as1,nucLib,stack,60,0.4012400888848471
3,0,64,Circular,NR2F1-AS1,Nr2f1-as1,nucLib,target_kmer,60,0.35826659981997055
3,0,64,Circular,NR2F1-AS1,Nr2f1-as1,nucLib,composition,60,0.4546641219255392
3,0,64,Circular,NR2F1-AS1,Nr2f1-as1,nucLib,sibling_uncalibrated,60,0.4012400888848471
3,0,64,Circular,NR2F1-AS1,Nr2f1-as1,nucLib,sibling_calibrated,60,0.4012400888848471
3,0,64,Circular,RMRP,circRMRP,circLib,stack,14,0.7568787595445932
3,0,64,Circular,RMRP,circRMRP,circLib,target_kmer,14,0.40599382396888545
3,0,64,Circular,RMRP,circRMRP,circLib,composition,14,0.21137667627412227
3,0,64,Circular,RMRP,circRMRP,circLib,sibling_uncalibrated,14,0.7568787595445932
3,0,64,Circular,RMRP,circRMRP,circLib,sibling_calibrated,14,0.7568787595445932
3,0,64,SCRCircular,ARHGAP12,circARHGAP12,circLib,stack,40,0.29296394052346625
3,0,64,SCRCircular,ARHGAP12,circARHGAP12,circLib,target_kmer,40,0.7068249740607244
3,0,64,SCRCircular,ARHGAP12,circARHGAP12,circLib,composition,40,0.3475934258026459
3,0,64,SCRCircular,ARHGAP12,circARHGAP12,circLib,sibling_uncalibrated,40,0.46767115721635183
3,0,64,SCRCircular,ARHGAP12,circARHGAP12,circLib,sibling_calibrated,40,0.46767115721635183
3,0,64,SCRCircular,ATXN2,circATXN2,circLib,stack,15,0.2596691834760881
3,0,64,SCRCircular,ATXN2,circATXN2,circLib,target_kmer,15,0.7994214073291855
3,0,64,SCRCircular,ATXN2,circATXN2,circLib,composition,15,0.5797574529322223
3,0,64,SCRCircular,ATXN2,circATXN2,circLib,sibling_uncalibrated,15,0.2596691834760881
3,0,64,SCRCircular,ATXN2,circATXN2,circLib,sibling_calibrated,15,0.2596691834760881
3,0,64,SCRCircular,CHD7,circCHD7,circLib,stack,91,0.3550361212287533
3,0,64,SCRCircular,CHD7,circCHD7,circLib,target_kmer,91,0.3701220822316283
3,0,64,SCRCircular,CHD7,circCHD7,circLib,composition,91,0.5059818668299049
3,0,64,SCRCircular,CHD7,circCHD7,circLib,sibling_uncalibrated,91,0.3550361212287533
3,0,64,SCRCircular,CHD7,circCHD7,circLib,sibling_calibrated,91,0.3550361212287533
3,0,64,SCRCircular,EXOSC1,circEXOSC1,circLib,stack,14,0.2737037371263651
3,0,64,SCRCircular,EXOSC1,circEXOSC1,circLib,target_kmer,14,0.14492997272432767
3,0,64,SCRCircular,EXOSC1,circEXOSC1,circLib,composition,14,0.629020655060841
3,0,64,SCRCircular,EXOSC1,circEXOSC1,circLib,sibling_uncalibrated,14,0.2737037371263651
3,0,64,SCRCircular,EXOSC1,circEXOSC1,circLib,sibling_calibrated,14,0.2737037371263651
3,0,64,SCRCircular,FAT1,circFAT1,circLib,stack,163,0.39393848114687663
3,0,64,SCRCircular,FAT1,circFAT1,circLib,target_kmer,163,0.3322882008741823
3,0,64,SCRCircular,FAT1,circFAT1,circLib,composition,163,0.5347291068489584
3,0,64,SCRCircular,FAT1,circFAT1,circLib,sibling_uncalibrated,163,0.19277397690106995
3,0,64,SCRCircular,FAT1,circFAT1,circLib,sibling_calibrated,163,0.19277397690106995
3,0,64,SCRCircular,GCK,Gck,nucLib,stack,25,0.33427896629093024
3,0,64,SCRCircular,GCK,Gck,nucLib,target_kmer,25,0.6553340369744014
3,0,64,SCRCircular,GCK,Gck,nucLib,composition,25,0.5103749021559159
3,0,64,SCRCircular,GCK,Gck,nucLib,sibling_uncalibrated,25,0.42160976733828404
3,0,64,SCRCircular,GCK,Gck,nucLib,sibling_calibrated,25,0.42160976733828404
3,0,64,SCRCircular,IFT46,circIFT46,circLib,stack,10,0.339203818659605
3,0,64,SCRCircular,IFT46,circIFT46,circLib,target_kmer,10,0.5239829952151431
3,0,64,SCRCircular,IFT46,circIFT46,circLib,composition,10,0.24574820790971075
3,0,64,SCRCircular,IFT46,circIFT46,circLib,sibling_uncalibrated,10,0.3733069968766403
3,0,64,SCRCircular,IFT46,circIFT46,circLib,sibling_calibrated,10,0.3733069968766403
3,0,64,SCRCircular,LINC-CHD2,linc-Chd2,nucLib,stack,40,0.2884458923574365
3,0,64,SCRCircular,LINC-CHD2,linc-Chd2,nucLib,target_kmer,40,0.17502791947050783
3,0,64,SCRCircular,LINC-CHD2,linc-Chd2,nucLib,composition,40,0.428852688876059
3,0,64,SCRCircular,LINC-CHD2,linc-Chd2,nucLib,sibling_uncalibrated,40,0.6304970257024394
3,0,64,SCRCircular,LINC-CHD2,linc-Chd2,nucLib,sibling_calibrated,40,0.6304970257024394
3,0,64,SCRCircular,NEAT1,Neat1,nucLib,stack,134,0.4027055810108467
3,0,64,SCRCircular,NEAT1,Neat1,nucLib,target_kmer,134,0.3486584746290027
3,0,64,SCRCircular,NEAT1,Neat1,nucLib,composition,134,0.5564151236224569
3,0,64,SCRCircular,NEAT1,Neat1,nucLib,sibling_uncalibrated,134,0.35633684153665324
3,0,64,SCRCircular,NEAT1,Neat1,nucLib,sibling_calibrated,134,0.35633684153665324
3,0,64,SCRCircular,NR2F1-AS1,Nr2f1-as1,nucLib,stack,84,0.1325560901820558
3,0,64,SCRCircular,NR2F1-AS1,Nr2f1-as1,nucLib,target_kmer,84,0.18278483851775718
3,0,64,SCRCircular,NR2F1-AS1,Nr2f1-as1,nucLib,composition,84,0.3527306203270041
3,0,64,SCRCircular,NR2F1-AS1,Nr2f1-as1,nucLib,sibling_uncalibrated,84,0.0
3,0,64,SCRCircular,NR2F1-AS1,Nr2f1-as1,nucLib,sibling_calibrated,84,0.0
3,0,64,SCRCircular,RMRP,circRMRP,circLib,stack,14,0.3949907244810458
3,0,64,SCRCircular,RMRP,circRMRP,circLib,target_kmer,14,0.43828114906103005
3,0,64,SCRCircular,RMRP,circRMRP,circLib,composition,14,0.3619073167158941
3,0,64,SCRCircular,RMRP,circRMRP,circLib,sibling_uncalibrated,14,0.1950969608589644
3,0,64,SCRCircular,RMRP,circRMRP,circLib,sibling_calibrated,14,0.1950969608589644
3,0,256,Spliced,ARHGAP12,circARHGAP12,circLib,stack,40,0.47996538287647905
3,0,256,Spliced,ARHGAP12,circARHGAP12,circLib,target_kmer,40,0.23985601646130084
3,0,256,Spliced,ARHGAP12,circARHGAP12,circLib,composition,40,0.06622025909922767
3,0,256,Spliced,ARHGAP12,circARHGAP12,circLib,sibling_uncalibrated,40,0.40973398213275325
3,0,256,Spliced,ARHGAP12,circARHGAP12,circLib,sibling_calibrated,40,0.40973398213275325
3,0,256,Spliced,ATXN2,circATXN2,circLib,stack,15,0.1855555831549851
3,0,256,Spliced,ATXN2,circATXN2,circLib,target_kmer,15,0.19142380707297904
3,0,256,Spliced,ATXN2,circATXN2,circLib,composition,15,0.29369039899162186
3,0,256,Spliced,ATXN2,circATXN2,circLib,sibling_uncalibrated,15,0.2197577885755379
3,0,256,Spliced,ATXN2,circATXN2,circLib,sibling_calibrated,15,0.2197577885755379
3,0,256,Spliced,CHD7,circCHD7,circLib,stack,91,0.005898776687450166
3,0,256,Spliced,CHD7,circCHD7,circLib,target_kmer,91,0.3061190539006828
3,0,256,Spliced,CHD7,circCHD7,circLib,composition,91,0.28987719239336734
3,0,256,Spliced,CHD7,circCHD7,circLib,sibling_uncalibrated,91,0.005898776687450166
3,0,256,Spliced,CHD7,circCHD7,circLib,sibling_calibrated,91,0.005898776687450166
3,0,256,Spliced,EXOSC1,circEXOSC1,circLib,stack,14,0.4676770635459419
3,0,256,Spliced,EXOSC1,circEXOSC1,circLib,target_kmer,14,0.13129907136909857
3,0,256,Spliced,EXOSC1,circEXOSC1,circLib,composition,14,0.4676770635459419
3,0,256,Spliced,EXOSC1,circEXOSC1,circLib,sibling_uncalibrated,14,0.7428014452403456
3,0,256,Spliced,EXOSC1,circEXOSC1,circLib,sibling_calibrated,14,0.7428014452403456
3,0,256,Spliced,FAT1,circFAT1,circLib,stack,165,0.3016998008684657
3,0,256,Spliced,FAT1,circFAT1,circLib,target_kmer,165,0.35468398236267085
3,0,256,Spliced,FAT1,circFAT1,circLib,composition,165,0.3467102949154391
3,0,256,Spliced,FAT1,circFAT1,circLib,sibling_uncalibrated,165,0.3286158121805902
3,0,256,Spliced,FAT1,circFAT1,circLib,sibling_calibrated,165,0.3286158121805902
3,0,256,Spliced,GCK,Gck,nucLib,stack,25,0.6326948453813108
3,0,256,Spliced,GCK,Gck,nucLib,target_kmer,25,0.41649701072345646
3,0,256,Spliced,GCK,Gck,nucLib,composition,25,0.41649701072345646
3,0,256,Spliced,GCK,Gck,nucLib,sibling_uncalibrated,25,0.6326948453813108
3,0,256,Spliced,GCK,Gck,nucLib,sibling_calibrated,25,0.6326948453813108
3,0,256,Spliced,IFT46,circIFT46,circLib,stack,10,0.6402495131421277
3,0,256,Spliced,IFT46,circIFT46,circLib,target_kmer,10,0.7378575720746223
3,0,256,Spliced,IFT46,circIFT46,circLib,composition,10,0.23785757207462227
3,0,256,Spliced,IFT46,circIFT46,circLib,sibling_uncalibrated,10,0.7378575720746223
3,0,256,Spliced,IFT46,circIFT46,circLib,sibling_calibrated,10,0.7378575720746223
3,0,256,Spliced,LINC-CHD2,linc-Chd2,nucLib,stack,26,0.8595761135087717
3,0,256,Spliced,LINC-CHD2,linc-Chd2,nucLib,target_kmer,26,0.12601350268713066
3,0,256,Spliced,LINC-CHD2,linc-Chd2,nucLib,composition,26,0.46697789836840076
3,0,256,Spliced,LINC-CHD2,linc-Chd2,nucLib,sibling_uncalibrated,26,0.8553107695780786
3,0,256,Spliced,LINC-CHD2,linc-Chd2,nucLib,sibling_calibrated,26,0.8553107695780786
3,0,256,Spliced,NEAT1,Neat1,nucLib,stack,126,0.2960843777839065
3,0,256,Spliced,NEAT1,Neat1,nucLib,target_kmer,126,0.42489979496363944
3,0,256,Spliced,NEAT1,Neat1,nucLib,composition,126,0.3609290432640804
3,0,256,Spliced,NEAT1,Neat1,nucLib,sibling_uncalibrated,126,0.5155739787982312
3,0,256,Spliced,NEAT1,Neat1,nucLib,sibling_calibrated,126,0.5155739787982312
3,0,256,Spliced,NR2F1-AS1,Nr2f1-as1,nucLib,stack,68,0.6147878155200082
3,0,256,Spliced,NR2F1-AS1,Nr2f1-as1,nucLib,target_kmer,68,0.49889271881894515
3,0,256,Spliced,NR2F1-AS1,Nr2f1-as1,nucLib,composition,68,0.507557364246053
3,0,256,Spliced,NR2F1-AS1,Nr2f1-as1,nucLib,sibling_uncalibrated,68,0.6147878155200082
3,0,256,Spliced,NR2F1-AS1,Nr2f1-as1,nucLib,sibling_calibrated,68,0.6147878155200082
3,0,256,Spliced,RMRP,circRMRP,circLib,stack,14,0.17313040654523504
3,0,256,Spliced,RMRP,circRMRP,circLib,target_kmer,14,0.3947064466068089
3,0,256,Spliced,RMRP,circRMRP,circLib,composition,14,0.6652559214289429
3,0,256,Spliced,RMRP,circRMRP,circLib,sibling_uncalibrated,14,0.182279476167391
3,0,256,Spliced,RMRP,circRMRP,circLib,sibling_calibrated,14,0.182279476167391
3,0,256,Unspliced,ARHGAP12,circARHGAP12,circLib,stack,40,0.17836980103421302
3,0,256,Unspliced,ARHGAP12,circARHGAP12,circLib,target_kmer,40,0.07557619215215777
3,0,256,Unspliced,ARHGAP12,circARHGAP12,circLib,composition,40,0.17713128289384014
3,0,256,Unspliced,ARHGAP12,circARHGAP12,circLib,sibling_uncalibrated,40,0.34464074651225546
3,0,256,Unspliced,ARHGAP12,circARHGAP12,circLib,sibling_calibrated,40,0.34464074651225546
3,0,256,Unspliced,ATXN2,circATXN2,circLib,stack,15,0.09071121372873756
3,0,256,Unspliced,ATXN2,circATXN2,circLib,target_kmer,15,0.12770856004045705
3,0,256,Unspliced,ATXN2,circATXN2,circLib,composition,15,0.09468384580944542
3,0,256,Unspliced,ATXN2,circATXN2,circLib,sibling_uncalibrated,15,0.27835261420920854
3,0,256,Unspliced,ATXN2,circATXN2,circLib,sibling_calibrated,15,0.27835261420920854
3,0,256,Unspliced,CHD7,circCHD7,circLib,stack,91,0.31435454684452535
3,0,256,Unspliced,CHD7,circCHD7,circLib,target_kmer,91,0.4312297749496786
3,0,256,Unspliced,CHD7,circCHD7,circLib,composition,91,0.4262990611942339
3,0,256,Unspliced,CHD7,circCHD7,circLib,sibling_uncalibrated,91,0.20381306915805203
3,0,256,Unspliced,CHD7,circCHD7,circLib,sibling_calibrated,91,0.20381306915805203
3,0,256,Unspliced,EXOSC1,circEXOSC1,circLib,stack,14,0.3404374036128127
3,0,256,Unspliced,EXOSC1,circEXOSC1,circLib,target_kmer,14,0.4993499222683472
3,0,256,Unspliced,EXOSC1,circEXOSC1,circLib,composition,14,0.48346679665605763
3,0,256,Unspliced,EXOSC1,circEXOSC1,circLib,sibling_uncalibrated,14,0.5763312177779756
3,0,256,Unspliced,EXOSC1,circEXOSC1,circLib,sibling_calibrated,14,0.5763312177779756
3,0,256,Unspliced,FAT1,circFAT1,circLib,stack,164,0.3233553938414457
3,0,256,Unspliced,FAT1,circFAT1,circLib,target_kmer,164,0.5460170736752544
3,0,256,Unspliced,FAT1,circFAT1,circLib,composition,164,0.4312363334564726
3,0,256,Unspliced,FAT1,circFAT1,circLib,sibling_uncalibrated,164,0.4631287479489009
3,0,256,Unspliced,FAT1,circFAT1,circLib,sibling_calibrated,164,0.4631287479489009
3,0,256,Unspliced,GCK,Gck,nucLib,stack,25,0.5375174313691892
3,0,256,Unspliced,GCK,Gck,nucLib,target_kmer,25,0.5675472025420414
3,0,256,Unspliced,GCK,Gck,nucLib,composition,25,0.46997022882714784
3,0,256,Unspliced,GCK,Gck,nucLib,sibling_uncalibrated,25,0.2375316139071067
3,0,256,Unspliced,GCK,Gck,nucLib,sibling_calibrated,25,0.2375316139071067
3,0,256,Unspliced,IFT46,circIFT46,circLib,stack,10,0.7900682515038917
3,0,256,Unspliced,IFT46,circIFT46,circLib,target_kmer,10,0.5988567417151582
3,0,256,Unspliced,IFT46,circIFT46,circLib,composition,10,0.7900682515038917
3,0,256,Unspliced,IFT46,circIFT46,circLib,sibling_uncalibrated,10,1.0
3,0,256,Unspliced,IFT46,circIFT46,circLib,sibling_calibrated,10,1.0
3,0,256,Unspliced,LINC-CHD2,linc-Chd2,nucLib,stack,15,0.5143602110372136
3,0,256,Unspliced,LINC-CHD2,linc-Chd2,nucLib,target_kmer,15,0.3953847521144686
3,0,256,Unspliced,LINC-CHD2,linc-Chd2,nucLib,composition,15,0.4783752399688748
3,0,256,Unspliced,LINC-CHD2,linc-Chd2,nucLib,sibling_uncalibrated,15,0.3953847521144686
3,0,256,Unspliced,LINC-CHD2,linc-Chd2,nucLib,sibling_calibrated,15,0.3953847521144686
3,0,256,Unspliced,NEAT1,Neat1,nucLib,stack,99,0.5203842057315624
3,0,256,Unspliced,NEAT1,Neat1,nucLib,target_kmer,99,0.2244427859864352
3,0,256,Unspliced,NEAT1,Neat1,nucLib,composition,99,0.4228823951177501
3,0,256,Unspliced,NEAT1,Neat1,nucLib,sibling_uncalibrated,99,0.28435981318442943
3,0,256,Unspliced,NEAT1,Neat1,nucLib,sibling_calibrated,99,0.28435981318442943
3,0,256,Unspliced,NR2F1-AS1,Nr2f1-as1,nucLib,stack,48,0.47520853863597223
3,0,256,Unspliced,NR2F1-AS1,Nr2f1-as1,nucLib,target_kmer,48,0.9773866088339054
3,0,256,Unspliced,NR2F1-AS1,Nr2f1-as1,nucLib,composition,48,0.3727514781790007
3,0,256,Unspliced,NR2F1-AS1,Nr2f1-as1,nucLib,sibling_uncalibrated,48,0.4462168829289558
3,0,256,Unspliced,NR2F1-AS1,Nr2f1-as1,nucLib,sibling_calibrated,48,0.4462168829289558
3,0,256,Unspliced,RMRP,circRMRP,circLib,stack,14,0.6187314964138493
3,0,256,Unspliced,RMRP,circRMRP,circLib,target_kmer,14,0.6410790842482285
3,0,256,Unspliced,RMRP,circRMRP,circLib,composition,14,0.4732659170779103
3,0,256,Unspliced,RMRP,circRMRP,circLib,sibling_uncalibrated,14,0.545167655235228
3,0,256,Unspliced,RMRP,circRMRP,circLib,sibling_calibrated,14,0.545167655235228
3,0,256,Circular,ARHGAP12,circARHGAP12,circLib,stack,35,0.43316072244392234
3,0,256,Circular,ARHGAP12,circARHGAP12,circLib,target_kmer,35,0.48571875427589295
3,0,256,Circular,ARHGAP12,circARHGAP12,circLib,composition,35,0.4509646806060286
3,0,256,Circular,ARHGAP12,circARHGAP12,circLib,sibling_uncalibrated,35,0.43316072244392234
3,0,256,Circular,ARHGAP12,circARHGAP12,circLib,sibling_calibrated,35,0.43316072244392234
3,0,256,Circular,ATXN2,circATXN2,circLib,stack,12,0.17847890085912332
3,0,256,Circular,ATXN2,circATXN2,circLib,target_kmer,12,0.35434971924348324
3,0,256,Circular,ATXN2,circATXN2,circLib,composition,12,0.6553348508727653
3,0,256,Circular,ATXN2,circATXN2,circLib,sibling_uncalibrated,12,0.17847890085912332
3,0,256,Circular,ATXN2,circATXN2,circLib,sibling_calibrated,12,0.17847890085912332
3,0,256,Circular,CHD7,circCHD7,circLib,stack,87,0.20909983106513313
3,0,256,Circular,CHD7,circCHD7,circLib,target_kmer,87,0.31239728052208987
3,0,256,Circular,CHD7,circCHD7,circLib,composition,87,0.3778610515395998
3,0,256,Circular,CHD7,circCHD7,circLib,sibling_uncalibrated,87,0.20909983106513313
3,0,256,Circular,CHD7,circCHD7,circLib,sibling_calibrated,87,0.20909983106513313
3,0,256,Circular,EXOSC1,circEXOSC1,circLib,stack,14,0.3232597298779659
3,0,256,Circular,EXOSC1,circEXOSC1,circLib,target_kmer,14,0.48166921199225116
3,0,256,Circular,EXOSC1,circEXOSC1,circLib,composition,14,0.2567094123456203
3,0,256,Circular,EXOSC1,circEXOSC1,circLib,sibling_uncalibrated,14,0.3232597298779659
3,0,256,Circular,EXOSC1,circEXOSC1,circLib,sibling_calibrated,14,0.3232597298779659
3,0,256,Circular,FAT1,circFAT1,circLib,stack,152,0.3615775409111195
3,0,256,Circular,FAT1,circFAT1,circLib,target_kmer,152,0.4952582574852171
3,0,256,Circular,FAT1,circFAT1,circLib,composition,152,0.4479275221465521
3,0,256,Circular,FAT1,circFAT1,circLib,sibling_uncalibrated,152,0.3615775409111195
3,0,256,Circular,FAT1,circFAT1,circLib,sibling_calibrated,152,0.3615775409111195
3,0,256,Circular,GCK,Gck,nucLib,stack,24,0.33021496684727725
3,0,256,Circular,GCK,Gck,nucLib,target_kmer,24,0.3786195886004749
3,0,256,Circular,GCK,Gck,nucLib,composition,24,0.37270165278733514
3,0,256,Circular,GCK,Gck,nucLib,sibling_uncalibrated,24,0.33021496684727725
3,0,256,Circular,GCK,Gck,nucLib,sibling_calibrated,24,0.33021496684727725
3,0,256,Circular,LINC-CHD2,linc-Chd2,nucLib,stack,24,0.44324154365634816
3,0,256,Circular,LINC-CHD2,linc-Chd2,nucLib,target_kmer,24,0.41270177431745864
3,0,256,Circular,LINC-CHD2,linc-Chd2,nucLib,composition,24,0.4937659234995444
3,0,256,Circular,LINC-CHD2,linc-Chd2,nucLib,sibling_uncalibrated,24,0.44957799902971984
3,0,256,Circular,LINC-CHD2,linc-Chd2,nucLib,sibling_calibrated,24,0.44957799902971984
3,0,256,Circular,NEAT1,Neat1,nucLib,stack,123,0.2401527391500068
3,0,256,Circular,NEAT1,Neat1,nucLib,target_kmer,123,0.47955788153381235
3,0,256,Circular,NEAT1,Neat1,nucLib,composition,123,0.5207954051757528
3,0,256,Circular,NEAT1,Neat1,nucLib,sibling_uncalibrated,123,0.2401527391500068
3,0,256,Circular,NEAT1,Neat1,nucLib,sibling_calibrated,123,0.2401527391500068
3,0,256,Circular,NR2F1-AS1,Nr2f1-as1,nucLib,stack,60,0.4012400888848471
3,0,256,Circular,NR2F1-AS1,Nr2f1-as1,nucLib,target_kmer,60,0.4614819731428242
3,0,256,Circular,NR2F1-AS1,Nr2f1-as1,nucLib,composition,60,0.49718271095634275
3,0,256,Circular,NR2F1-AS1,Nr2f1-as1,nucLib,sibling_uncalibrated,60,0.4012400888848471
3,0,256,Circular,NR2F1-AS1,Nr2f1-as1,nucLib,sibling_calibrated,60,0.4012400888848471
3,0,256,Circular,RMRP,circRMRP,circLib,stack,14,0.7568787595445932
3,0,256,Circular,RMRP,circRMRP,circLib,target_kmer,14,0.4889095022785359
3,0,256,Circular,RMRP,circRMRP,circLib,composition,14,0.4889095022785359
3,0,256,Circular,RMRP,circRMRP,circLib,sibling_uncalibrated,14,0.7568787595445932
3,0,256,Circular,RMRP,circRMRP,circLib,sibling_calibrated,14,0.7568787595445932
3,0,256,SCRCircular,ARHGAP12,circARHGAP12,circLib,stack,40,0.29296394052346625
3,0,256,SCRCircular,ARHGAP12,circARHGAP12,circLib,target_kmer,40,0.3218278726229128
3,0,256,SCRCircular,ARHGAP12,circARHGAP12,circLib,composition,40,0.3475934258026459
3,0,256,SCRCircular,ARHGAP12,circARHGAP12,circLib,sibling_uncalibrated,40,0.46767115721635183
3,0,256,SCRCircular,ARHGAP12,circARHGAP12,circLib,sibling_calibrated,40,0.46767115721635183
3,0,256,SCRCircular,ATXN2,circATXN2,circLib,stack,15,0.3397342269772493
3,0,256,SCRCircular,ATXN2,circATXN2,circLib,target_kmer,15,0.5797574529322223
3,0,256,SCRCircular,ATXN2,circATXN2,circLib,composition,15,0.5797574529322223
3,0,256,SCRCircular,ATXN2,circATXN2,circLib,sibling_uncalibrated,15,0.2596691834760881
3,0,256,SCRCircular,ATXN2,circATXN2,circLib,sibling_calibrated,15,0.2596691834760881
3,0,256,SCRCircular,CHD7,circCHD7,circLib,stack,91,0.2519178889404466
3,0,256,SCRCircular,CHD7,circCHD7,circLib,target_kmer,91,0.1692909666852929
3,0,256,SCRCircular,CHD7,circCHD7,circLib,composition,91,0.5059818668299049
3,0,256,SCRCircular,CHD7,circCHD7,circLib,sibling_uncalibrated,91,0.3550361212287533
3,0,256,SCRCircular,CHD7,circCHD7,circLib,sibling_calibrated,91,0.3550361212287533
3,0,256,SCRCircular,EXOSC1,circEXOSC1,circLib,stack,14,0.3984246079346607
3,0,256,SCRCircular,EXOSC1,circEXOSC1,circLib,target_kmer,14,0.41479548100476304
3,0,256,SCRCircular,EXOSC1,circEXOSC1,circLib,composition,14,0.3528436400969361
3,0,256,SCRCircular,EXOSC1,circEXOSC1,circLib,sibling_uncalibrated,14,0.2737037371263651
3,0,256,SCRCircular,EXOSC1,circEXOSC1,circLib,sibling_calibrated,14,0.2737037371263651
3,0,256,SCRCircular,FAT1,circFAT1,circLib,stack,163,0.19406228307782403
3,0,256,SCRCircular,FAT1,circFAT1,circLib,target_kmer,163,0.46277698531312383
3,0,256,SCRCircular,FAT1,circFAT1,circLib,composition,163,0.38095302105993084
3,0,256,SCRCircular,FAT1,circFAT1,circLib,sibling_uncalibrated,163,0.19277397690106995
3,0,256,SCRCircular,FAT1,circFAT1,circLib,sibling_calibrated,163,0.19277397690106995
3,0,256,SCRCircular,GCK,Gck,nucLib,stack,25,0.33427896629093024
3,0,256,SCRCircular,GCK,Gck,nucLib,target_kmer,25,0.3596446207683385
3,0,256,SCRCircular,GCK,Gck,nucLib,composition,25,0.5103749021559159
3,0,256,SCRCircular,GCK,Gck,nucLib,sibling_uncalibrated,25,0.42160976733828404
3,0,256,SCRCircular,GCK,Gck,nucLib,sibling_calibrated,25,0.42160976733828404
3,0,256,SCRCircular,IFT46,circIFT46,circLib,stack,10,0.3972899507917216
3,0,256,SCRCircular,IFT46,circIFT46,circLib,target_kmer,10,0.3972899507917216
3,0,256,SCRCircular,IFT46,circIFT46,circLib,composition,10,0.19265263784363346
3,0,256,SCRCircular,IFT46,circIFT46,circLib,sibling_uncalibrated,10,0.3733069968766403
3,0,256,SCRCircular,IFT46,circIFT46,circLib,sibling_calibrated,10,0.3733069968766403
3,0,256,SCRCircular,LINC-CHD2,linc-Chd2,nucLib,stack,40,0.2884458923574365
3,0,256,SCRCircular,LINC-CHD2,linc-Chd2,nucLib,target_kmer,40,0.2884458923574365
3,0,256,SCRCircular,LINC-CHD2,linc-Chd2,nucLib,composition,40,0.428852688876059
3,0,256,SCRCircular,LINC-CHD2,linc-Chd2,nucLib,sibling_uncalibrated,40,0.6304970257024394
3,0,256,SCRCircular,LINC-CHD2,linc-Chd2,nucLib,sibling_calibrated,40,0.6304970257024394
3,0,256,SCRCircular,NEAT1,Neat1,nucLib,stack,134,0.5069258866977053
3,0,256,SCRCircular,NEAT1,Neat1,nucLib,target_kmer,134,0.48479938487921526
3,0,256,SCRCircular,NEAT1,Neat1,nucLib,composition,134,0.5564151236224569
3,0,256,SCRCircular,NEAT1,Neat1,nucLib,sibling_uncalibrated,134,0.35633684153665324
3,0,256,SCRCircular,NEAT1,Neat1,nucLib,sibling_calibrated,134,0.35633684153665324
3,0,256,SCRCircular,NR2F1-AS1,Nr2f1-as1,nucLib,stack,84,0.15544241578280615
3,0,256,SCRCircular,NR2F1-AS1,Nr2f1-as1,nucLib,target_kmer,84,0.37548544934586864
3,0,256,SCRCircular,NR2F1-AS1,Nr2f1-as1,nucLib,composition,84,0.3527306203270041
3,0,256,SCRCircular,NR2F1-AS1,Nr2f1-as1,nucLib,sibling_uncalibrated,84,0.0
3,0,256,SCRCircular,NR2F1-AS1,Nr2f1-as1,nucLib,sibling_calibrated,84,0.0
3,0,256,SCRCircular,RMRP,circRMRP,circLib,stack,14,0.3949907244810458
3,0,256,SCRCircular,RMRP,circRMRP,circLib,target_kmer,14,0.38230732045492793
3,0,256,SCRCircular,RMRP,circRMRP,circLib,composition,14,0.3619073167158941
3,0,256,SCRCircular,RMRP,circRMRP,circLib,sibling_uncalibrated,14,0.1950969608589644
3,0,256,SCRCircular,RMRP,circRMRP,circLib,sibling_calibrated,14,0.1950969608589644
3,1,16,Spliced,ARHGAP12,circARHGAP12,circLib,stack,40,0.5142478796346014
3,1,16,Spliced,ARHGAP12,circARHGAP12,circLib,target_kmer,40,0.4636104426601322
3,1,16,Spliced,ARHGAP12,circARHGAP12,circLib,composition,40,0.3147397553226712
3,1,16,Spliced,ARHGAP12,circARHGAP12,circLib,sibling_uncalibrated,40,0.49390171951682504
3,1,16,Spliced,ARHGAP12,circARHGAP12,circLib,sibling_calibrated,40,0.49390171951682504
3,1,16,Spliced,ATXN2,circATXN2,circLib,stack,15,0.16144750502701521
3,1,16,Spliced,ATXN2,circATXN2,circLib,target_kmer,15,0.6301315402934488
3,1,16,Spliced,ATXN2,circATXN2,circLib,composition,15,0.8696635893380196
3,1,16,Spliced,ATXN2,circATXN2,circLib,sibling_uncalibrated,15,0.2197577885755379
3,1,16,Spliced,ATXN2,circATXN2,circLib,sibling_calibrated,15,0.2197577885755379
3,1,16,Spliced,CHD7,circCHD7,circLib,stack,91,0.5516370064398057
3,1,16,Spliced,CHD7,circCHD7,circLib,target_kmer,91,0.2167973848372601
3,1,16,Spliced,CHD7,circCHD7,circLib,composition,91,0.5381276311880486
3,1,16,Spliced,CHD7,circCHD7,circLib,sibling_uncalibrated,91,0.005898776687450166
3,1,16,Spliced,CHD7,circCHD7,circLib,sibling_calibrated,91,0.005898776687450166
3,1,16,Spliced,EXOSC1,circEXOSC1,circLib,stack,14,0.7026223737509847
3,1,16,Spliced,EXOSC1,circEXOSC1,circLib,target_kmer,14,0.13129907136909857
3,1,16,Spliced,EXOSC1,circEXOSC1,circLib,composition,14,0.13129907136909857
3,1,16,Spliced,EXOSC1,circEXOSC1,circLib,sibling_uncalibrated,14,0.631405705574571
3,1,16,Spliced,EXOSC1,circEXOSC1,circLib,sibling_calibrated,14,0.631405705574571
3,1,16,Spliced,FAT1,circFAT1,circLib,stack,165,0.29836956384603175
3,1,16,Spliced,FAT1,circFAT1,circLib,target_kmer,165,0.5545605425762123
3,1,16,Spliced,FAT1,circFAT1,circLib,composition,165,0.5880597176961775
3,1,16,Spliced,FAT1,circFAT1,circLib,sibling_uncalibrated,165,0.3132181307972416
3,1,16,Spliced,FAT1,circFAT1,circLib,sibling_calibrated,165,0.3132181307972416
3,1,16,Spliced,GCK,Gck,nucLib,stack,25,0.691737891498442
3,1,16,Spliced,GCK,Gck,nucLib,target_kmer,25,0.5761723547380326
3,1,16,Spliced,GCK,Gck,nucLib,composition,25,0.596758201743132
3,1,16,Spliced,GCK,Gck,nucLib,sibling_uncalibrated,25,0.6326948453813108
3,1,16,Spliced,GCK,Gck,nucLib,sibling_calibrated,25,0.6326948453813108
3,1,16,Spliced,IFT46,circIFT46,circLib,stack,10,0.5976080589324945
3,1,16,Spliced,IFT46,circIFT46,circLib,target_kmer,10,0.5751743138883931
3,1,16,Spliced,IFT46,circIFT46,circLib,composition,10,0.5058275739981876
3,1,16,Spliced,IFT46,circIFT46,circLib,sibling_uncalibrated,10,0.7378575720746223
3,1,16,Spliced,IFT46,circIFT46,circLib,sibling_calibrated,10,0.7378575720746223
3,1,16,Spliced,LINC-CHD2,linc-Chd2,nucLib,stack,26,0.8553107695780786
3,1,16,Spliced,LINC-CHD2,linc-Chd2,nucLib,target_kmer,26,0.6012780113484324
3,1,16,Spliced,LINC-CHD2,linc-Chd2,nucLib,composition,26,0.7139690838119661
3,1,16,Spliced,LINC-CHD2,linc-Chd2,nucLib,sibling_uncalibrated,26,0.7139690838119661
3,1,16,Spliced,LINC-CHD2,linc-Chd2,nucLib,sibling_calibrated,26,0.7139690838119661
3,1,16,Spliced,NEAT1,Neat1,nucLib,stack,126,0.6011126667758909
3,1,16,Spliced,NEAT1,Neat1,nucLib,target_kmer,126,0.4764015646301314
3,1,16,Spliced,NEAT1,Neat1,nucLib,composition,126,0.5597788135274436
3,1,16,Spliced,NEAT1,Neat1,nucLib,sibling_uncalibrated,126,0.5155739787982312
3,1,16,Spliced,NEAT1,Neat1,nucLib,sibling_calibrated,126,0.5155739787982312
3,1,16,Spliced,NR2F1-AS1,Nr2f1-as1,nucLib,stack,68,0.7535252397678893
3,1,16,Spliced,NR2F1-AS1,Nr2f1-as1,nucLib,target_kmer,68,0.6424607917674275
3,1,16,Spliced,NR2F1-AS1,Nr2f1-as1,nucLib,composition,68,0.5132465005964052
3,1,16,Spliced,NR2F1-AS1,Nr2f1-as1,nucLib,sibling_uncalibrated,68,0.6147878155200082
3,1,16,Spliced,NR2F1-AS1,Nr2f1-as1,nucLib,sibling_calibrated,68,0.6147878155200082
3,1,16,Spliced,RMRP,circRMRP,circLib,stack,14,0.10529355339319102
3,1,16,Spliced,RMRP,circRMRP,circLib,target_kmer,14,0.4678390032399825
3,1,16,Spliced,RMRP,circRMRP,circLib,composition,14,0.4381409082799712
3,1,16,Spliced,RMRP,circRMRP,circLib,sibling_uncalibrated,14,0.182279476167391
3,1,16,Spliced,RMRP,circRMRP,circLib,sibling_calibrated,14,0.182279476167391
3,1,16,Unspliced,ARHGAP12,circARHGAP12,circLib,stack,40,0.3502739176688894
3,1,16,Unspliced,ARHGAP12,circARHGAP12,circLib,target_kmer,40,0.6724158225183501
3,1,16,Unspliced,ARHGAP12,circARHGAP12,circLib,composition,40,0.9244238078478423
3,1,16,Unspliced,ARHGAP12,circARHGAP12,circLib,sibling_uncalibrated,40,0.1732264283076807
3,1,16,Unspliced,ARHGAP12,circARHGAP12,circLib,sibling_calibrated,40,0.8267735716923194
3,1,16,Unspliced,ATXN2,circATXN2,circLib,stack,15,0.872291439959543
3,1,16,Unspliced,ATXN2,circATXN2,circLib,target_kmer,15,0.9053161541905546
3,1,16,Unspliced,ATXN2,circATXN2,circLib,composition,15,0.9053161541905546
3,1,16,Unspliced,ATXN2,circATXN2,circLib,sibling_uncalibrated,15,0.0
3,1,16,Unspliced,ATXN2,circATXN2,circLib,sibling_calibrated,15,1.0
3,1,16,Unspliced,CHD7,circCHD7,circLib,stack,91,0.49486826560345953
3,1,16,Unspliced,CHD7,circCHD7,circLib,target_kmer,91,0.653372670148372
3,1,16,Unspliced,CHD7,circCHD7,circLib,composition,91,0.807015946181078
3,1,16,Unspliced,CHD7,circCHD7,circLib,sibling_uncalibrated,91,0.08177994798172326
3,1,16,Unspliced,CHD7,circCHD7,circLib,sibling_calibrated,91,0.9182200520182767
3,1,16,Unspliced,EXOSC1,circEXOSC1,circLib,stack,14,0.3404374036128127
3,1,16,Unspliced,EXOSC1,circEXOSC1,circLib,target_kmer,14,0.25352056235388265
3,1,16,Unspliced,EXOSC1,circEXOSC1,circLib,composition,14,0.6212555806967089
3,1,16,Unspliced,EXOSC1,circEXOSC1,circLib,sibling_uncalibrated,14,0.5763312177779756
3,1,16,Unspliced,EXOSC1,circEXOSC1,circLib,sibling_calibrated,14,0.4236687822220245
3,1,16,Unspliced,FAT1,circFAT1,circLib,stack,164,0.4766316926364649
3,1,16,Unspliced,FAT1,circFAT1,circLib,target_kmer,164,0.49974097619565205
3,1,16,Unspliced,FAT1,circFAT1,circLib,composition,164,0.3883511204044542
3,1,16,Unspliced,FAT1,circFAT1,circLib,sibling_uncalibrated,164,0.2994489477249738
3,1,16,Unspliced,FAT1,circFAT1,circLib,sibling_calibrated,164,0.700551052275026
3,1,16,Unspliced,GCK,Gck,nucLib,stack,25,0.41161781401997044
3,1,16,Unspliced,GCK,Gck,nucLib,target_kmer,25,0.5880244496510302
3,1,16,Unspliced,GCK,Gck,nucLib,composition,25,0.4063483472742338
3,1,16,Unspliced,GCK,Gck,nucLib,sibling_uncalibrated,25,0.45721029264542146
3,1,16,Unspliced,GCK,Gck,nucLib,sibling_calibrated,25,0.5427897073545785
3,1,16,Unspliced,IFT46,circIFT46,circLib,stack,10,0.0
3,1,16,Unspliced,IFT46,circIFT46,circLib,target_kmer,10,0.6725665912052727
3,1,16,Unspliced,IFT46,circIFT46,circLib,composition,10,0.6725665912052727
3,1,16,Unspliced,IFT46,circIFT46,circLib,sibling_uncalibrated,10,0.7900682515038917
3,1,16,Unspliced,IFT46,circIFT46,circLib,sibling_calibrated,10,0.2099317484961084
3,1,16,Unspliced,LINC-CHD2,linc-Chd2,nucLib,stack,15,0.5143602110372136
3,1,16,Unspliced,LINC-CHD2,linc-Chd2,nucLib,target_kmer,15,0.48713374021367906
3,1,16,Unspliced,LINC-CHD2,linc-Chd2,nucLib,composition,15,0.34491962450103775
3,1,16,Unspliced,LINC-CHD2,linc-Chd2,nucLib,sibling_uncalibrated,15,0.3953847521144686
3,1,16,Unspliced,LINC-CHD2,linc-Chd2,nucLib,sibling_calibrated,15,0.6046152478855314
3,1,16,Unspliced,NEAT1,Neat1,nucLib,stack,99,0.5727827010551806
3,1,16,Unspliced,NEAT1,Neat1,nucLib,target_kmer,99,0.47020807670074877
3,1,16,Unspliced,NEAT1,Neat1,nucLib,composition,99,0.1623305006671514
3,1,16,Unspliced,NEAT1,Neat1,nucLib,sibling_uncalibrated,99,0.28435981318442943
3,1,16,Unspliced,NEAT1,Neat1,nucLib,sibling_calibrated,99,0.7156401868155704
3,1,16,Unspliced,NR2F1-AS1,Nr2f1-as1,nucLib,stack,48,0.31052076044708044
3,1,16,Unspliced,NR2F1-AS1,Nr2f1-as1,nucLib,target_kmer,48,0.6469020976587256
3,1,16,Unspliced,NR2F1-AS1,Nr2f1-as1,nucLib,composition,48,0.5429628971575735
3,1,16,Unspliced,NR2F1-AS1,Nr2f1-as1,nucLib,sibling_uncalibrated,48,0.4462168829289558
3,1,16,Unspliced,NR2F1-AS1,Nr2f1-as1,nucLib,sibling_calibrated,48,0.5537831170710441
3,1,16,Unspliced,RMRP,circRMRP,circLib,stack,14,0.4548323447647721
3,1,16,Unspliced,RMRP,circRMRP,circLib,target_kmer,14,0.19920682659541686
3,1,16,Unspliced,RMRP,circRMRP,circLib,composition,14,0.42279931915644314
3,1,16,Unspliced,RMRP,circRMRP,circLib,sibling_uncalibrated,14,0.545167655235228
3,1,16,Unspliced,RMRP,circRMRP,circLib,sibling_calibrated,14,0.4548323447647721
3,1,16,Circular,ARHGAP12,circARHGAP12,circLib,stack,35,0.4776099718518776
3,1,16,Circular,ARHGAP12,circARHGAP12,circLib,target_kmer,35,0.5176348961579376
3,1,16,Circular,ARHGAP12,circARHGAP12,circLib,composition,35,0.6332468769733557
3,1,16,Circular,ARHGAP12,circARHGAP12,circLib,sibling_uncalibrated,35,0.43316072244392234
3,1,16,Circular,ARHGAP12,circARHGAP12,circLib,sibling_calibrated,35,0.43316072244392234
3,1,16,Circular,ATXN2,circATXN2,circLib,stack,12,0.17847890085912332
3,1,16,Circular,ATXN2,circATXN2,circLib,target_kmer,12,0.33854159029660796
3,1,16,Circular,ATXN2,circATXN2,circLib,composition,12,0.33854159029660796
3,1,16,Circular,ATXN2,circATXN2,circLib,sibling_uncalibrated,12,0.6091171730473832
3,1,16,Circular,ATXN2,circATXN2,circLib,sibling_calibrated,12,0.6091171730473832
3,1,16,Circular,CHD7,circCHD7,circLib,stack,87,0.24756533457155325
3,1,16,Circular,CHD7,circCHD7,circLib,target_kmer,87,0.6686494068704981
3,1,16,Circular,CHD7,circCHD7,circLib,composition,87,0.6686494068704981
3,1,16,Circular,CHD7,circCHD7,circLib,sibling_uncalibrated,87,0.20339467660495125
3,1,16,Circular,CHD7,circCHD7,circLib,sibling_calibrated,87,0.20339467660495125
3,1,16,Circular,EXOSC1,circEXOSC1,circLib,stack,14,0.3232597298779659
3,1,16,Circular,EXOSC1,circEXOSC1,circLib,target_kmer,14,0.5646045390143005
3,1,16,Circular,EXOSC1,circEXOSC1,circLib,composition,14,0.5646045390143005
3,1,16,Circular,EXOSC1,circEXOSC1,circLib,sibling_uncalibrated,14,0.3232597298779659
3,1,16,Circular,EXOSC1,circEXOSC1,circLib,sibling_calibrated,14,0.3232597298779659
3,1,16,Circular,FAT1,circFAT1,circLib,stack,152,0.412060511089563
3,1,16,Circular,FAT1,circFAT1,circLib,target_kmer,152,0.33952667816135274
3,1,16,Circular,FAT1,circFAT1,circLib,composition,152,0.4393481892298081
3,1,16,Circular,FAT1,circFAT1,circLib,sibling_uncalibrated,152,0.3615775409111195
3,1,16,Circular,FAT1,circFAT1,circLib,sibling_calibrated,152,0.3615775409111195
3,1,16,Circular,GCK,Gck,nucLib,stack,24,0.6040151216425038
3,1,16,Circular,GCK,Gck,nucLib,target_kmer,24,0.4762524390070254
3,1,16,Circular,GCK,Gck,nucLib,composition,24,0.5094074309261064
3,1,16,Circular,GCK,Gck,nucLib,sibling_uncalibrated,24,0.5513335890533044
3,1,16,Circular,GCK,Gck,nucLib,sibling_calibrated,24,0.5513335890533044
3,1,16,Circular,LINC-CHD2,linc-Chd2,nucLib,stack,24,0.5678701510474147
3,1,16,Circular,LINC-CHD2,linc-Chd2,nucLib,target_kmer,24,0.5678701510474147
3,1,16,Circular,LINC-CHD2,linc-Chd2,nucLib,composition,24,0.5678701510474147
3,1,16,Circular,LINC-CHD2,linc-Chd2,nucLib,sibling_uncalibrated,24,0.44957799902971984
3,1,16,Circular,LINC-CHD2,linc-Chd2,nucLib,sibling_calibrated,24,0.44957799902971984
3,1,16,Circular,NEAT1,Neat1,nucLib,stack,123,0.345464694992794
3,1,16,Circular,NEAT1,Neat1,nucLib,target_kmer,123,0.5156756175257444
3,1,16,Circular,NEAT1,Neat1,nucLib,composition,123,0.35227637646693444
3,1,16,Circular,NEAT1,Neat1,nucLib,sibling_uncalibrated,123,0.19062927474203237
3,1,16,Circular,NEAT1,Neat1,nucLib,sibling_calibrated,123,0.19062927474203237
3,1,16,Circular,NR2F1-AS1,Nr2f1-as1,nucLib,stack,60,0.46957289370410815
3,1,16,Circular,NR2F1-AS1,Nr2f1-as1,nucLib,target_kmer,60,0.4409636986615504
3,1,16,Circular,NR2F1-AS1,Nr2f1-as1,nucLib,composition,60,0.4293848903239801
3,1,16,Circular,NR2F1-AS1,Nr2f1-as1,nucLib,sibling_uncalibrated,60,0.43754724886280894
3,1,16,Circular,NR2F1-AS1,Nr2f1-as1,nucLib,sibling_calibrated,60,0.43754724886280894
3,1,16,Circular,RMRP,circRMRP,circLib,stack,14,0.4899128862103042
3,1,16,Circular,RMRP,circRMRP,circLib,target_kmer,14,0.685268896922627
3,1,16,Circular,RMRP,circRMRP,circLib,composition,14,0.5100632414151585
3,1,16,Circular,RMRP,circRMRP,circLib,sibling_uncalibrated,14,0.40599382396888545
3,1,16,Circular,RMRP,circRMRP,circLib,sibling_calibrated,14,0.40599382396888545
3,1,16,SCRCircular,ARHGAP12,circARHGAP12,circLib,stack,40,0.46767115721635183
3,1,16,SCRCircular,ARHGAP12,circARHGAP12,circLib,target_kmer,40,0.22916181754134998
3,1,16,SCRCircular,ARHGAP12,circARHGAP12,circLib,composition,40,0.6593253175022433
3,1,16,SCRCircular,ARHGAP12,circARHGAP12,circLib,sibling_uncalibrated,40,0.245466792426842
3,1,16,SCRCircular,ARHGAP12,circARHGAP12,circLib,sibling_calibrated,40,0.245466792426842
3,1,16,SCRCircular,ATXN2,circATXN2,circLib,stack,15,0.25360413348475075
3,1,16,SCRCircular,ATXN2,circATXN2,circLib,target_kmer,15,0.8511835079713674
3,1,16,SCRCircular,ATXN2,circATXN2,circLib,composition,15,0.5757574522961618
3,1,16,SCRCircular,ATXN2,circATXN2,circLib,sibling_uncalibrated,15,0.2596691834760881
3,1,16,SCRCircular,ATXN2,circATXN2,circLib,sibling_calibrated,15,0.2596691834760881
3,1,16,SCRCircular,CHD7,circCHD7,circLib,stack,91,0.1692909666852929
3,1,16,SCRCircular,CHD7,circCHD7,circLib,target_kmer,91,0.5304462039287741
3,1,16,SCRCircular,CHD7,circCHD7,circLib,composition,91,0.5304462039287741
3,1,16,SCRCircular,CHD7,circCHD7,circLib,sibling_uncalibrated,91,0.4527238705825626
3,1,16,SCRCircular,CHD7,circCHD7,circLib,sibling_calibrated,91,0.4527238705825626
3,1,16,SCRCircular,EXOSC1,circEXOSC1,circLib,stack,14,0.2737037371263651
3,1,16,SCRCircular,EXOSC1,circEXOSC1,circLib,target_kmer,14,0.2737037371263651
3,1,16,SCRCircular,EXOSC1,circEXOSC1,circLib,composition,14,0.629020655060841
3,1,16,SCRCircular,EXOSC1,circEXOSC1,circLib,sibling_uncalibrated,14,0.2737037371263651
3,1,16,SCRCircular,EXOSC1,circEXOSC1,circLib,sibling_calibrated,14,0.2737037371263651
3,1,16,SCRCircular,FAT1,circFAT1,circLib,stack,163,0.02205438856462461
3,1,16,SCRCircular,FAT1,circFAT1,circLib,target_kmer,163,0.4674855286096945
3,1,16,SCRCircular,FAT1,circFAT1,circLib,composition,163,0.5347291068489584
3,1,16,SCRCircular,FAT1,circFAT1,circLib,sibling_uncalibrated,163,0.3322882008741823
3,1,16,SCRCircular,FAT1,circFAT1,circLib,sibling_calibrated,163,0.3322882008741823
3,1,16,SCRCircular,GCK,Gck,nucLib,stack,25,0.5082406080733108
3,1,16,SCRCircular,GCK,Gck,nucLib,target_kmer,25,0.5991923123269837
3,1,16,SCRCircular,GCK,Gck,nucLib,composition,25,0.5103749021559159
3,1,16,SCRCircular,GCK,Gck,nucLib,sibling_uncalibrated,25,0.5346708115661891
3,1,16,SCRCircular,GCK,Gck,nucLib,sibling_calibrated,25,0.5346708115661891
3,1,16,SCRCircular,IFT46,circIFT46,circLib,stack,10,0.38588074354106217
3,1,16,SCRCircular,IFT46,circIFT46,circLib,target_kmer,10,0.4684549877842536
3,1,16,SCRCircular,IFT46,circIFT46,circLib,composition,10,0.5580861321321166
3,1,16,SCRCircular,IFT46,circIFT46,circLib,sibling_uncalibrated,10,0.06564819043278168
3,1,16,SCRCircular,IFT46,circIFT46,circLib,sibling_calibrated,10,0.06564819043278168
3,1,16,SCRCircular,LINC-CHD2,linc-Chd2,nucLib,stack,40,0.2884458923574365
3,1,16,SCRCircular,LINC-CHD2,linc-Chd2,nucLib,target_kmer,40,0.2884458923574365
3,1,16,SCRCircular,LINC-CHD2,linc-Chd2,nucLib,composition,40,0.428852688876059
3,1,16,SCRCircular,LINC-CHD2,linc-Chd2,nucLib,sibling_uncalibrated,40,0.5563703040434594
3,1,16,SCRCircular,LINC-CHD2,linc-Chd2,nucLib,sibling_calibrated,40,0.5563703040434594
3,1,16,SCRCircular,NEAT1,Neat1,nucLib,stack,134,0.4027055810108467
3,1,16,SCRCircular,NEAT1,Neat1,nucLib,target_kmer,134,0.6914755411538096
3,1,16,SCRCircular,NEAT1,Neat1,nucLib,composition,134,0.5216364399234996
3,1,16,SCRCircular,NEAT1,Neat1,nucLib,sibling_uncalibrated,134,0.38235324384588615
3,1,16,SCRCircular,NEAT1,Neat1,nucLib,sibling_calibrated,134,0.38235324384588615
3,1,16,SCRCircular,NR2F1-AS1,Nr2f1-as1,nucLib,stack,84,0.16393431482627785
3,1,16,SCRCircular,NR2F1-AS1,Nr2f1-as1,nucLib,target_kmer,84,0.46114647272578224
3,1,16,SCRCircular,NR2F1-AS1,Nr2f1-as1,nucLib,composition,84,0.46114647272578224
3,1,16,SCRCircular,NR2F1-AS1,Nr2f1-as1,nucLib,sibling_uncalibrated,84,0.4720201075668297
3,1,16,SCRCircular,NR2F1-AS1,Nr2f1-as1,nucLib,sibling_calibrated,84,0.4720201075668297
3,1,16,SCRCircular,RMRP,circRMRP,circLib,stack,14,0.2888753349584137
3,1,16,SCRCircular,RMRP,circRMRP,circLib,target_kmer,14,0.4698675549904076
3,1,16,SCRCircular,RMRP,circRMRP,circLib,composition,14,0.1950969608589644
3,1,16,SCRCircular,RMRP,circRMRP,circLib,sibling_uncalibrated,14,0.26332082113308536
3,1,16,SCRCircular,RMRP,circRMRP,circLib,sibling_calibrated,14,0.26332082113308536
3,1,64,Spliced,ARHGAP12,circARHGAP12,circLib,stack,40,0.47996538287647905
3,1,64,Spliced,ARHGAP12,circARHGAP12,circLib,target_kmer,40,0.5012305830538364
3,1,64,Spliced,ARHGAP12,circARHGAP12,circLib,composition,40,0.5598882235973994
3,1,64,Spliced,ARHGAP12,circARHGAP12,circLib,sibling_uncalibrated,40,0.49390171951682504
3,1,64,Spliced,ARHGAP12,circARHGAP12,circLib,sibling_calibrated,40,0.49390171951682504
3,1,64,Spliced,ATXN2,circATXN2,circLib,stack,15,0.1855555831549851
3,1,64,Spliced,ATXN2,circATXN2,circLib,target_kmer,15,0.06691982028245604
3,1,64,Spliced,ATXN2,circATXN2,circLib,composition,15,0.36709134684407535
3,1,64,Spliced,ATXN2,circATXN2,circLib,sibling_uncalibrated,15,0.2197577885755379
3,1,64,Spliced,ATXN2,circATXN2,circLib,sibling_calibrated,15,0.2197577885755379
3,1,64,Spliced,CHD7,circCHD7,circLib,stack,91,0.005898776687450166
3,1,64,Spliced,CHD7,circCHD7,circLib,target_kmer,91,0.09054268699801261
3,1,64,Spliced,CHD7,circCHD7,circLib,composition,91,0.5288432702661514
3,1,64,Spliced,CHD7,circCHD7,circLib,sibling_uncalibrated,91,0.005898776687450166
3,1,64,Spliced,CHD7,circCHD7,circLib,sibling_calibrated,91,0.005898776687450166
3,1,64,Spliced,EXOSC1,circEXOSC1,circLib,stack,14,0.4676770635459419
3,1,64,Spliced,EXOSC1,circEXOSC1,circLib,target_kmer,14,0.14661198958917301
3,1,64,Spliced,EXOSC1,circEXOSC1,circLib,composition,14,0.3085415313957907
3,1,64,Spliced,EXOSC1,circEXOSC1,circLib,sibling_uncalibrated,14,0.631405705574571
3,1,64,Spliced,EXOSC1,circEXOSC1,circLib,sibling_calibrated,14,0.631405705574571
3,1,64,Spliced,FAT1,circFAT1,circLib,stack,165,0.2704709774221467
3,1,64,Spliced,FAT1,circFAT1,circLib,target_kmer,165,0.6195027670121251
3,1,64,Spliced,FAT1,circFAT1,circLib,composition,165,0.4486762441451133
3,1,64,Spliced,FAT1,circFAT1,circLib,sibling_uncalibrated,165,0.3132181307972416
3,1,64,Spliced,FAT1,circFAT1,circLib,sibling_calibrated,165,0.3132181307972416
3,1,64,Spliced,GCK,Gck,nucLib,stack,25,0.6407131367788871
3,1,64,Spliced,GCK,Gck,nucLib,target_kmer,25,0.5022985207938531
3,1,64,Spliced,GCK,Gck,nucLib,composition,25,0.6522072749163743
3,1,64,Spliced,GCK,Gck,nucLib,sibling_uncalibrated,25,0.6326948453813108
3,1,64,Spliced,GCK,Gck,nucLib,sibling_calibrated,25,0.6326948453813108
3,1,64,Spliced,IFT46,circIFT46,circLib,stack,10,0.47750762719868456
3,1,64,Spliced,IFT46,circIFT46,circLib,target_kmer,10,0.3798995682661901
3,1,64,Spliced,IFT46,circIFT46,circLib,composition,10,0.7378575720746223
3,1,64,Spliced,IFT46,circIFT46,circLib,sibling_uncalibrated,10,0.7378575720746223
3,1,64,Spliced,IFT46,circIFT46,circLib,sibling_calibrated,10,0.7378575720746223
3,1,64,Spliced,LINC-CHD2,linc-Chd2,nucLib,stack,26,0.8553107695780786
3,1,64,Spliced,LINC-CHD2,linc-Chd2,nucLib,target_kmer,26,0.6303043200728844
3,1,64,Spliced,LINC-CHD2,linc-Chd2,nucLib,composition,26,0.7139690838119661
3,1,64,Spliced,LINC-CHD2,linc-Chd2,nucLib,sibling_uncalibrated,26,0.7139690838119661
3,1,64,Spliced,LINC-CHD2,linc-Chd2,nucLib,sibling_calibrated,26,0.7139690838119661
3,1,64,Spliced,NEAT1,Neat1,nucLib,stack,126,0.2960843777839065
3,1,64,Spliced,NEAT1,Neat1,nucLib,target_kmer,126,0.6319612260036949
3,1,64,Spliced,NEAT1,Neat1,nucLib,composition,126,0.46388206335643145
3,1,64,Spliced,NEAT1,Neat1,nucLib,sibling_uncalibrated,126,0.5155739787982312
3,1,64,Spliced,NEAT1,Neat1,nucLib,sibling_calibrated,126,0.5155739787982312
3,1,64,Spliced,NR2F1-AS1,Nr2f1-as1,nucLib,stack,68,0.6147878155200082
3,1,64,Spliced,NR2F1-AS1,Nr2f1-as1,nucLib,target_kmer,68,0.2737478823560146
3,1,64,Spliced,NR2F1-AS1,Nr2f1-as1,nucLib,composition,68,0.6558045162014421
3,1,64,Spliced,NR2F1-AS1,Nr2f1-as1,nucLib,sibling_uncalibrated,68,0.6147878155200082
3,1,64,Spliced,NR2F1-AS1,Nr2f1-as1,nucLib,sibling_calibrated,68,0.6147878155200082
3,1,64,Spliced,RMRP,circRMRP,circLib,stack,14,0.2821595709625382
3,1,64,Spliced,RMRP,circRMRP,circLib,target_kmer,14,0.4907254158884901
3,1,64,Spliced,RMRP,circRMRP,circLib,composition,14,0.2821595709625382
3,1,64,Spliced,RMRP,circRMRP,circLib,sibling_uncalibrated,14,0.182279476167391
3,1,64,Spliced,RMRP,circRMRP,circLib,sibling_calibrated,14,0.182279476167391
3,1,64,Unspliced,ARHGAP12,circARHGAP12,circLib,stack,40,0.46367718903764876
3,1,64,Unspliced,ARHGAP12,circARHGAP12,circLib,target_kmer,40,0.27026873034137333
3,1,64,Unspliced,ARHGAP12,circARHGAP12,circLib,composition,40,0.03200605433680473
3,1,64,Unspliced,ARHGAP12,circARHGAP12,circLib,sibling_uncalibrated,40,0.1732264283076807
3,1,64,Unspliced,ARHGAP12,circARHGAP12,circLib,sibling_calibrated,40,0.1732264283076807
3,1,64,Unspliced,ATXN2,circATXN2,circLib,stack,15,0.09071121372873756
3,1,64,Unspliced,ATXN2,circATXN2,circLib,target_kmer,15,0.43637073637021884
3,1,64,Unspliced,ATXN2,circATXN2,circLib,composition,15,0.3009361043730654
3,1,64,Unspliced,ATXN2,circATXN2,circLib,sibling_uncalibrated,15,0.0
3,1,64,Unspliced,ATXN2,circATXN2,circLib,sibling_calibrated,15,0.0
3,1,64,Unspliced,CHD7,circCHD7,circLib,stack,91,0.3226187679758743
3,1,64,Unspliced,CHD7,circCHD7,circLib,target_kmer,91,0.6272099340614689
3,1,64,Unspliced,CHD7,circCHD7,circLib,composition,91,0.504030872416324
3,1,64,Unspliced,CHD7,circCHD7,circLib,sibling_uncalibrated,91,0.08177994798172326
3,1,64,Unspliced,CHD7,circCHD7,circLib,sibling_calibrated,91,0.08177994798172326
3,1,64,Unspliced,EXOSC1,circEXOSC1,circLib,stack,14,0.08059527925000592
3,1,64,Unspliced,EXOSC1,circEXOSC1,circLib,target_kmer,14,0.378744419303291
3,1,64,Unspliced,EXOSC1,circEXOSC1,circLib,composition,14,0.48346679665605763
3,1,64,Unspliced,EXOSC1,circEXOSC1,circLib,sibling_uncalibrated,14,0.5763312177779756
3,1,64,Unspliced,EXOSC1,circEXOSC1,circLib,sibling_calibrated,14,0.5763312177779756
3,1,64,Unspliced,FAT1,circFAT1,circLib,stack,164,0.2994489477249738
3,1,64,Unspliced,FAT1,circFAT1,circLib,target_kmer,164,0.5541752973712669
3,1,64,Unspliced,FAT1,circFAT1,circLib,composition,164,0.3116085393130177
3,1,64,Unspliced,FAT1,circFAT1,circLib,sibling_uncalibrated,164,0.2994489477249738
3,1,64,Unspliced,FAT1,circFAT1,circLib,sibling_calibrated,164,0.2994489477249738
3,1,64,Unspliced,GCK,Gck,nucLib,stack,25,0.5375174313691892
3,1,64,Unspliced,GCK,Gck,nucLib,target_kmer,25,0.37441174578641023
3,1,64,Unspliced,GCK,Gck,nucLib,composition,25,0.46997022882714784
3,1,64,Unspliced,GCK,Gck,nucLib,sibling_uncalibrated,25,0.45721029264542146
3,1,64,Unspliced,GCK,Gck,nucLib,sibling_calibrated,25,0.45721029264542146
3,1,64,Unspliced,IFT46,circIFT46,circLib,stack,10,0.3274334087947274
3,1,64,Unspliced,IFT46,circIFT46,circLib,target_kmer,10,0.6579927863137218
3,1,64,Unspliced,IFT46,circIFT46,circLib,composition,10,0.45360319587499254
3,1,64,Unspliced,IFT46,circIFT46,circLib,sibling_uncalibrated,10,0.7900682515038917
3,1,64,Unspliced,IFT46,circIFT46,circLib,sibling_calibrated,10,0.7900682515038917
3,1,64,Unspliced,LINC-CHD2,linc-Chd2,nucLib,stack,15,0.5143602110372136
3,1,64,Unspliced,LINC-CHD2,linc-Chd2,nucLib,target_kmer,15,0.5862438039673434
3,1,64,Unspliced,LINC-CHD2,linc-Chd2,nucLib,composition,15,0.4671668083158128
3,1,64,Unspliced,LINC-CHD2,linc-Chd2,nucLib,sibling_uncalibrated,15,0.3953847521144686
3,1,64,Unspliced,LINC-CHD2,linc-Chd2,nucLib,sibling_calibrated,15,0.3953847521144686
3,1,64,Unspliced,NEAT1,Neat1,nucLib,stack,99,0.5794128866577485
3,1,64,Unspliced,NEAT1,Neat1,nucLib,target_kmer,99,0.39489917261632806
3,1,64,Unspliced,NEAT1,Neat1,nucLib,composition,99,0.4228823951177501
3,1,64,Unspliced,NEAT1,Neat1,nucLib,sibling_uncalibrated,99,0.28435981318442943
3,1,64,Unspliced,NEAT1,Neat1,nucLib,sibling_calibrated,99,0.28435981318442943
3,1,64,Unspliced,NR2F1-AS1,Nr2f1-as1,nucLib,stack,48,0.47520853863597223
3,1,64,Unspliced,NR2F1-AS1,Nr2f1-as1,nucLib,target_kmer,48,0.6242887064926311
3,1,64,Unspliced,NR2F1-AS1,Nr2f1-as1,nucLib,composition,48,0.35263681856314405
3,1,64,Unspliced,NR2F1-AS1,Nr2f1-as1,nucLib,sibling_uncalibrated,48,0.4462168829289558
3,1,64,Unspliced,NR2F1-AS1,Nr2f1-as1,nucLib,sibling_calibrated,48,0.4462168829289558
3,1,64,Unspliced,RMRP,circRMRP,circLib,stack,14,0.4619640768533917
3,1,64,Unspliced,RMRP,circRMRP,circLib,target_kmer,14,0.7554563768280291
3,1,64,Unspliced,RMRP,circRMRP,circLib,composition,14,0.2242388406521778
3,1,64,Unspliced,RMRP,circRMRP,circLib,sibling_uncalibrated,14,0.545167655235228
3,1,64,Unspliced,RMRP,circRMRP,circLib,sibling_calibrated,14,0.545167655235228
3,1,64,Circular,ARHGAP12,circARHGAP12,circLib,stack,35,0.5046669907779382
3,1,64,Circular,ARHGAP12,circARHGAP12,circLib,target_kmer,35,0.5774823674156486
3,1,64,Circular,ARHGAP12,circARHGAP12,circLib,composition,35,0.6332468769733557
3,1,64,Circular,ARHGAP12,circARHGAP12,circLib,sibling_uncalibrated,35,0.43316072244392234
3,1,64,Circular,ARHGAP12,circARHGAP12,circLib,sibling_calibrated,35,0.43316072244392234
3,1,64,Circular,ATXN2,circATXN2,circLib,stack,12,0.17847890085912332
3,1,64,Circular,ATXN2,circATXN2,circLib,target_kmer,12,0.661458409703392
3,1,64,Circular,ATXN2,circATXN2,circLib,composition,12,0.1920671029777356
3,1,64,Circular,ATXN2,circATXN2,circLib,sibling_uncalibrated,12,0.6091171730473832
3,1,64,Circular,ATXN2,circATXN2,circLib,sibling_calibrated,12,0.6091171730473832
3,1,64,Circular,CHD7,circCHD7,circLib,stack,87,0.24756533457155325
3,1,64,Circular,CHD7,circCHD7,circLib,target_kmer,87,0.6686494068704981
3,1,64,Circular,CHD7,circCHD7,circLib,composition,87,0.6573545260239977
3,1,64,Circular,CHD7,circCHD7,circLib,sibling_uncalibrated,87,0.20339467660495125
3,1,64,Circular,CHD7,circCHD7,circLib,sibling_calibrated,87,0.20339467660495125
3,1,64,Circular,EXOSC1,circEXOSC1,circLib,stack,14,0.39807773320903783
3,1,64,Circular,EXOSC1,circEXOSC1,circLib,target_kmer,14,0.7432905876543796
3,1,64,Circular,EXOSC1,circEXOSC1,circLib,composition,14,0.4660196665651406
3,1,64,Circular,EXOSC1,circEXOSC1,circLib,sibling_uncalibrated,14,0.3232597298779659
3,1,64,Circular,EXOSC1,circEXOSC1,circLib,sibling_calibrated,14,0.3232597298779659
3,1,64,Circular,FAT1,circFAT1,circLib,stack,152,0.412060511089563
3,1,64,Circular,FAT1,circFAT1,circLib,target_kmer,152,0.49649866041291335
3,1,64,Circular,FAT1,circFAT1,circLib,composition,152,0.4917677162051495
3,1,64,Circular,FAT1,circFAT1,circLib,sibling_uncalibrated,152,0.3615775409111195
3,1,64,Circular,FAT1,circFAT1,circLib,sibling_calibrated,152,0.3615775409111195
3,1,64,Circular,GCK,Gck,nucLib,stack,24,0.6040151216425038
3,1,64,Circular,GCK,Gck,nucLib,target_kmer,24,0.4556022008008368
3,1,64,Circular,GCK,Gck,nucLib,composition,24,0.48938129434211775
3,1,64,Circular,GCK,Gck,nucLib,sibling_uncalibrated,24,0.5513335890533044
3,1,64,Circular,GCK,Gck,nucLib,sibling_calibrated,24,0.5513335890533044
3,1,64,Circular,LINC-CHD2,linc-Chd2,nucLib,stack,24,0.5678701510474147
3,1,64,Circular,LINC-CHD2,linc-Chd2,nucLib,target_kmer,24,0.6038914309484466
3,1,64,Circular,LINC-CHD2,linc-Chd2,nucLib,composition,24,0.27538931062537436
3,1,64,Circular,LINC-CHD2,linc-Chd2,nucLib,sibling_uncalibrated,24,0.44957799902971984
3,1,64,Circular,LINC-CHD2,linc-Chd2,nucLib,sibling_calibrated,24,0.44957799902971984
3,1,64,Circular,NEAT1,Neat1,nucLib,stack,123,0.35456625326712427
3,1,64,Circular,NEAT1,Neat1,nucLib,target_kmer,123,0.437183747605272
3,1,64,Circular,NEAT1,Neat1,nucLib,composition,123,0.47261083359214423
3,1,64,Circular,NEAT1,Neat1,nucLib,sibling_uncalibrated,123,0.19062927474203237
3,1,64,Circular,NEAT1,Neat1,nucLib,sibling_calibrated,123,0.19062927474203237
3,1,64,Circular,NR2F1-AS1,Nr2f1-as1,nucLib,stack,60,0.46957289370410815
3,1,64,Circular,NR2F1-AS1,Nr2f1-as1,nucLib,target_kmer,60,0.5131567230237855
3,1,64,Circular,NR2F1-AS1,Nr2f1-as1,nucLib,composition,60,0.49718271095634275
3,1,64,Circular,NR2F1-AS1,Nr2f1-as1,nucLib,sibling_uncalibrated,60,0.43754724886280894
3,1,64,Circular,NR2F1-AS1,Nr2f1-as1,nucLib,sibling_calibrated,60,0.43754724886280894
3,1,64,Circular,RMRP,circRMRP,circLib,stack,14,0.4899128862103042
3,1,64,Circular,RMRP,circRMRP,circLib,target_kmer,14,0.563342849356965
3,1,64,Circular,RMRP,circRMRP,circLib,composition,14,0.21137667627412227
3,1,64,Circular,RMRP,circRMRP,circLib,sibling_uncalibrated,14,0.40599382396888545
3,1,64,Circular,RMRP,circRMRP,circLib,sibling_calibrated,14,0.40599382396888545
3,1,64,SCRCircular,ARHGAP12,circARHGAP12,circLib,stack,40,0.29296394052346625
3,1,64,SCRCircular,ARHGAP12,circARHGAP12,circLib,target_kmer,40,0.5611949950827991
3,1,64,SCRCircular,ARHGAP12,circARHGAP12,circLib,composition,40,0.7274639424457697
3,1,64,SCRCircular,ARHGAP12,circARHGAP12,circLib,sibling_uncalibrated,40,0.245466792426842
3,1,64,SCRCircular,ARHGAP12,circARHGAP12,circLib,sibling_calibrated,40,0.245466792426842
3,1,64,SCRCircular,ATXN2,circATXN2,circLib,stack,15,0.25360413348475075
3,1,64,SCRCircular,ATXN2,circATXN2,circLib,target_kmer,15,0.37069786869005794
3,1,64,SCRCircular,ATXN2,circATXN2,circLib,composition,15,0.17104641817532537
3,1,64,SCRCircular,ATXN2,circATXN2,circLib,sibling_uncalibrated,15,0.2596691834760881
3,1,64,SCRCircular,ATXN2,circATXN2,circLib,sibling_calibrated,15,0.2596691834760881
3,1,64,SCRCircular,CHD7,circCHD7,circLib,stack,91,0.1692909666852929
3,1,64,SCRCircular,CHD7,circCHD7,circLib,target_kmer,91,0.5215197600598256
3,1,64,SCRCircular,CHD7,circCHD7,circLib,composition,91,0.6151491006531664
3,1,64,SCRCircular,CHD7,circCHD7,circLib,sibling_uncalibrated,91,0.4527238705825626
3,1,64,SCRCircular,CHD7,circCHD7,circLib,sibling_calibrated,91,0.4527238705825626
3,1,64,SCRCircular,EXOSC1,circEXOSC1,circLib,stack,14,0.2737037371263651
3,1,64,SCRCircular,EXOSC1,circEXOSC1,circLib,target_kmer,14,0.2737037371263651
3,1,64,SCRCircular,EXOSC1,circEXOSC1,circLib,composition,14,0.629020655060841
3,1,64,SCRCircular,EXOSC1,circEXOSC1,circLib,sibling_uncalibrated,14,0.2737037371263651
3,1,64,SCRCircular,EXOSC1,circEXOSC1,circLib,sibling_calibrated,14,0.2737037371263651
3,1,64,SCRCircular,FAT1,circFAT1,circLib,stack,163,0.3022685495882859
3,1,64,SCRCircular,FAT1,circFAT1,circLib,target_kmer,163,0.3886426418573389
3,1,64,SCRCircular,FAT1,circFAT1,circLib,composition,163,0.4017191034478014
3,1,64,SCRCircular,FAT1,circFAT1,circLib,sibling_uncalibrated,163,0.3322882008741823
3,1,64,SCRCircular,FAT1,circFAT1,circLib,sibling_calibrated,163,0.3322882008741823
3,1,64,SCRCircular,GCK,Gck,nucLib,stack,25,0.5082406080733108
3,1,64,SCRCircular,GCK,Gck,nucLib,target_kmer,25,0.5000808235565458
3,1,64,SCRCircular,GCK,Gck,nucLib,composition,25,0.5991923123269837
3,1,64,SCRCircular,GCK,Gck,nucLib,sibling_uncalibrated,25,0.5346708115661891
3,1,64,SCRCircular,GCK,Gck,nucLib,sibling_calibrated,25,0.5346708115661891
3,1,64,SCRCircular,IFT46,circIFT46,circLib,stack,10,0.38588074354106217
3,1,64,SCRCircular,IFT46,circIFT46,circLib,target_kmer,10,0.5871987482831126
3,1,64,SCRCircular,IFT46,circIFT46,circLib,composition,10,0.5871987482831126
3,1,64,SCRCircular,IFT46,circIFT46,circLib,sibling_uncalibrated,10,0.06564819043278168
3,1,64,SCRCircular,IFT46,circIFT46,circLib,sibling_calibrated,10,0.06564819043278168
3,1,64,SCRCircular,LINC-CHD2,linc-Chd2,nucLib,stack,40,0.2884458923574365
3,1,64,SCRCircular,LINC-CHD2,linc-Chd2,nucLib,target_kmer,40,0.6097976232921002
3,1,64,SCRCircular,LINC-CHD2,linc-Chd2,nucLib,composition,40,0.428852688876059
3,1,64,SCRCircular,LINC-CHD2,linc-Chd2,nucLib,sibling_uncalibrated,40,0.5563703040434594
3,1,64,SCRCircular,LINC-CHD2,linc-Chd2,nucLib,sibling_calibrated,40,0.5563703040434594
3,1,64,SCRCircular,NEAT1,Neat1,nucLib,stack,134,0.5051517220441758
3,1,64,SCRCircular,NEAT1,Neat1,nucLib,target_kmer,134,0.45073387478914195
3,1,64,SCRCircular,NEAT1,Neat1,nucLib,composition,134,0.528880447350625
3,1,64,SCRCircular,NEAT1,Neat1,nucLib,sibling_uncalibrated,134,0.38235324384588615
3,1,64,SCRCircular,NEAT1,Neat1,nucLib,sibling_calibrated,134,0.38235324384588615
3,1,64,SCRCircular,NR2F1-AS1,Nr2f1-as1,nucLib,stack,84,0.16393431482627785
3,1,64,SCRCircular,NR2F1-AS1,Nr2f1-as1,nucLib,target_kmer,84,0.32259413983289376
3,1,64,SCRCircular,NR2F1-AS1,Nr2f1-as1,nucLib,composition,84,0.3527306203270041
3,1,64,SCRCircular,NR2F1-AS1,Nr2f1-as1,nucLib,sibling_uncalibrated,84,0.4720201075668297
3,1,64,SCRCircular,NR2F1-AS1,Nr2f1-as1,nucLib,sibling_calibrated,84,0.4720201075668297
3,1,64,SCRCircular,RMRP,circRMRP,circLib,stack,14,0.30888445086535127
3,1,64,SCRCircular,RMRP,circRMRP,circLib,target_kmer,14,0.1950969608589644
3,1,64,SCRCircular,RMRP,circRMRP,circLib,composition,14,0.1950969608589644
3,1,64,SCRCircular,RMRP,circRMRP,circLib,sibling_uncalibrated,14,0.26332082113308536
3,1,64,SCRCircular,RMRP,circRMRP,circLib,sibling_calibrated,14,0.26332082113308536
3,1,256,Spliced,ARHGAP12,circARHGAP12,circLib,stack,40,0.3678357575397205
3,1,256,Spliced,ARHGAP12,circARHGAP12,circLib,target_kmer,40,0.531045718456977
3,1,256,Spliced,ARHGAP12,circARHGAP12,circLib,composition,40,0.06622025909922767
3,1,256,Spliced,ARHGAP12,circARHGAP12,circLib,sibling_uncalibrated,40,0.49390171951682504
3,1,256,Spliced,ARHGAP12,circARHGAP12,circLib,sibling_calibrated,40,0.49390171951682504
3,1,256,Spliced,ATXN2,circATXN2,circLib,stack,15,0.1855555831549851
3,1,256,Spliced,ATXN2,circATXN2,circLib,target_kmer,15,0.4508194060409469
3,1,256,Spliced,ATXN2,circATXN2,circLib,composition,15,0.29369039899162186
3,1,256,Spliced,ATXN2,circATXN2,circLib,sibling_uncalibrated,15,0.2197577885755379
3,1,256,Spliced,ATXN2,circATXN2,circLib,sibling_calibrated,15,0.2197577885755379
3,1,256,Spliced,CHD7,circCHD7,circLib,stack,91,0.005898776687450166
3,1,256,Spliced,CHD7,circCHD7,circLib,target_kmer,91,0.12462140729239471
3,1,256,Spliced,CHD7,circCHD7,circLib,composition,91,0.28987719239336734
3,1,256,Spliced,CHD7,circCHD7,circLib,sibling_uncalibrated,91,0.005898776687450166
3,1,256,Spliced,CHD7,circCHD7,circLib,sibling_calibrated,91,0.005898776687450166
3,1,256,Spliced,EXOSC1,circEXOSC1,circLib,stack,14,0.4676770635459419
3,1,256,Spliced,EXOSC1,circEXOSC1,circLib,target_kmer,14,0.7430537353682247
3,1,256,Spliced,EXOSC1,circEXOSC1,circLib,composition,14,0.4676770635459419
3,1,256,Spliced,EXOSC1,circEXOSC1,circLib,sibling_uncalibrated,14,0.631405705574571
3,1,256,Spliced,EXOSC1,circEXOSC1,circLib,sibling_calibrated,14,0.631405705574571
3,1,256,Spliced,FAT1,circFAT1,circLib,stack,165,0.3100834822124092
3,1,256,Spliced,FAT1,circFAT1,circLib,target_kmer,165,0.42293678886730257
3,1,256,Spliced,FAT1,circFAT1,circLib,composition,165,0.3906042925670322
3,1,256,Spliced,FAT1,circFAT1,circLib,sibling_uncalibrated,165,0.3132181307972416
3,1,256,Spliced,FAT1,circFAT1,circLib,sibling_calibrated,165,0.3132181307972416
3,1,256,Spliced,GCK,Gck,nucLib,stack,25,0.6407131367788871
3,1,256,Spliced,GCK,Gck,nucLib,target_kmer,25,0.4918664605144776
3,1,256,Spliced,GCK,Gck,nucLib,composition,25,0.41649701072345646
3,1,256,Spliced,GCK,Gck,nucLib,sibling_uncalibrated,25,0.6326948453813108
3,1,256,Spliced,GCK,Gck,nucLib,sibling_calibrated,25,0.6326948453813108
3,1,256,Spliced,IFT46,circIFT46,circLib,stack,10,0.23785757207462227
3,1,256,Spliced,IFT46,circIFT46,circLib,target_kmer,10,0.1402495131421278
3,1,256,Spliced,IFT46,circIFT46,circLib,composition,10,0.23785757207462227
3,1,256,Spliced,IFT46,circIFT46,circLib,sibling_uncalibrated,10,0.7378575720746223
3,1,256,Spliced,IFT46,circIFT46,circLib,sibling_calibrated,10,0.7378575720746223
3,1,256,Spliced,LINC-CHD2,linc-Chd2,nucLib,stack,26,0.8553107695780786
3,1,256,Spliced,LINC-CHD2,linc-Chd2,nucLib,target_kmer,26,0.29621942033680704
3,1,256,Spliced,LINC-CHD2,linc-Chd2,nucLib,composition,26,0.46697789836840076
3,1,256,Spliced,LINC-CHD2,linc-Chd2,nucLib,sibling_uncalibrated,26,0.7139690838119661
3,1,256,Spliced,LINC-CHD2,linc-Chd2,nucLib,sibling_calibrated,26,0.7139690838119661
3,1,256,Spliced,NEAT1,Neat1,nucLib,stack,126,0.40970787488663807
3,1,256,Spliced,NEAT1,Neat1,nucLib,target_kmer,126,0.29072489249452105
3,1,256,Spliced,NEAT1,Neat1,nucLib,composition,126,0.3609290432640804
3,1,256,Spliced,NEAT1,Neat1,nucLib,sibling_uncalibrated,126,0.5155739787982312
3,1,256,Spliced,NEAT1,Neat1,nucLib,sibling_calibrated,126,0.5155739787982312
3,1,256,Spliced,NR2F1-AS1,Nr2f1-as1,nucLib,stack,68,0.6147878155200082
3,1,256,Spliced,NR2F1-AS1,Nr2f1-as1,nucLib,target_kmer,68,0.34329134283691015
3,1,256,Spliced,NR2F1-AS1,Nr2f1-as1,nucLib,composition,68,0.3927813307889508
3,1,256,Spliced,NR2F1-AS1,Nr2f1-as1,nucLib,sibling_uncalibrated,68,0.6147878155200082
3,1,256,Spliced,NR2F1-AS1,Nr2f1-as1,nucLib,sibling_calibrated,68,0.6147878155200082
3,1,256,Spliced,RMRP,circRMRP,circLib,stack,14,0.2821595709625382
3,1,256,Spliced,RMRP,circRMRP,circLib,target_kmer,14,0.8177205238326088
3,1,256,Spliced,RMRP,circRMRP,circLib,composition,14,0.6652559214289429
3,1,256,Spliced,RMRP,circRMRP,circLib,sibling_uncalibrated,14,0.182279476167391
3,1,256,Spliced,RMRP,circRMRP,circLib,sibling_calibrated,14,0.182279476167391
3,1,256,Unspliced,ARHGAP12,circARHGAP12,circLib,stack,40,0.17836980103421302
3,1,256,Unspliced,ARHGAP12,circARHGAP12,circLib,target_kmer,40,0.7708943058444645
3,1,256,Unspliced,ARHGAP12,circARHGAP12,circLib,composition,40,0.17713128289384014
3,1,256,Unspliced,ARHGAP12,circARHGAP12,circLib,sibling_uncalibrated,40,0.1732264283076807
3,1,256,Unspliced,ARHGAP12,circARHGAP12,circLib,sibling_calibrated,40,0.1732264283076807
3,1,256,Unspliced,ATXN2,circATXN2,circLib,stack,15,0.09071121372873756
3,1,256,Unspliced,ATXN2,circATXN2,circLib,target_kmer,15,0.34525207420064874
3,1,256,Unspliced,ATXN2,circATXN2,circLib,composition,15,0.09468384580944542
3,1,256,Unspliced,ATXN2,circATXN2,circLib,sibling_uncalibrated,15,0.0
3,1,256,Unspliced,ATXN2,circATXN2,circLib,sibling_calibrated,15,0.0
3,1,256,Unspliced,CHD7,circCHD7,circLib,stack,91,0.2656379648666062
3,1,256,Unspliced,CHD7,circCHD7,circLib,target_kmer,91,0.3710325676147667
3,1,256,Unspliced,CHD7,circCHD7,circLib,composition,91,0.16931640625073907
3,1,256,Unspliced,CHD7,circCHD7,circLib,sibling_uncalibrated,91,0.08177994798172326
3,1,256,Unspliced,CHD7,circCHD7,circLib,sibling_calibrated,91,0.08177994798172326
3,1,256,Unspliced,EXOSC1,circEXOSC1,circLib,stack,14,0.08059527925000592
3,1,256,Unspliced,EXOSC1,circEXOSC1,circLib,target_kmer,14,0.8812401161555796
3,1,256,Unspliced,EXOSC1,circEXOSC1,circLib,composition,14,0.48346679665605763
3,1,256,Unspliced,EXOSC1,circEXOSC1,circLib,sibling_uncalibrated,14,0.5763312177779756
3,1,256,Unspliced,EXOSC1,circEXOSC1,circLib,sibling_calibrated,14,0.5763312177779756
3,1,256,Unspliced,FAT1,circFAT1,circLib,stack,164,0.2994489477249738
3,1,256,Unspliced,FAT1,circFAT1,circLib,target_kmer,164,0.37771922873851715
3,1,256,Unspliced,FAT1,circFAT1,circLib,composition,164,0.3413785882695303
3,1,256,Unspliced,FAT1,circFAT1,circLib,sibling_uncalibrated,164,0.2994489477249738
3,1,256,Unspliced,FAT1,circFAT1,circLib,sibling_calibrated,164,0.2994489477249738
3,1,256,Unspliced,GCK,Gck,nucLib,stack,25,0.45721029264542146
3,1,256,Unspliced,GCK,Gck,nucLib,target_kmer,25,0.5063729527203881
3,1,256,Unspliced,GCK,Gck,nucLib,composition,25,0.46997022882714784
3,1,256,Unspliced,GCK,Gck,nucLib,sibling_uncalibrated,25,0.45721029264542146
3,1,256,Unspliced,GCK,Gck,nucLib,sibling_calibrated,25,0.45721029264542146
3,1,256,Unspliced,IFT46,circIFT46,circLib,stack,10,0.7900682515038917
3,1,256,Unspliced,IFT46,circIFT46,circLib,target_kmer,10,0.5988567417151582
3,1,256,Unspliced,IFT46,circIFT46,circLib,composition,10,0.7900682515038917
3,1,256,Unspliced,IFT46,circIFT46,circLib,sibling_uncalibrated,10,0.7900682515038917
3,1,256,Unspliced,IFT46,circIFT46,circLib,sibling_calibrated,10,0.7900682515038917
3,1,256,Unspliced,LINC-CHD2,linc-Chd2,nucLib,stack,15,0.6681791387684722
3,1,256,Unspliced,LINC-CHD2,linc-Chd2,nucLib,target_kmer,15,0.4968482206158483
3,1,256,Unspliced,LINC-CHD2,linc-Chd2,nucLib,composition,15,0.4783752399688748
3,1,256,Unspliced,LINC-CHD2,linc-Chd2,nucLib,sibling_uncalibrated,15,0.3953847521144686
3,1,256,Unspliced,LINC-CHD2,linc-Chd2,nucLib,sibling_calibrated,15,0.3953847521144686
3,1,256,Unspliced,NEAT1,Neat1,nucLib,stack,99,0.5794128866577485
3,1,256,Unspliced,NEAT1,Neat1,nucLib,target_kmer,99,0.43790424365205183
3,1,256,Unspliced,NEAT1,Neat1,nucLib,composition,99,0.4228823951177501
3,1,256,Unspliced,NEAT1,Neat1,nucLib,sibling_uncalibrated,99,0.28435981318442943
3,1,256,Unspliced,NEAT1,Neat1,nucLib,sibling_calibrated,99,0.28435981318442943
3,1,256,Unspliced,NR2F1-AS1,Nr2f1-as1,nucLib,stack,48,0.47520853863597223
3,1,256,Unspliced,NR2F1-AS1,Nr2f1-as1,nucLib,target_kmer,48,0.35263681856314405
3,1,256,Unspliced,NR2F1-AS1,Nr2f1-as1,nucLib,composition,48,0.3727514781790007
3,1,256,Unspliced,NR2F1-AS1,Nr2f1-as1,nucLib,sibling_uncalibrated,48,0.4462168829289558
3,1,256,Unspliced,NR2F1-AS1,Nr2f1-as1,nucLib,sibling_calibrated,48,0.4462168829289558
3,1,256,Unspliced,RMRP,circRMRP,circLib,stack,14,0.6187314964138493
3,1,256,Unspliced,RMRP,circRMRP,circLib,target_kmer,14,0.6716690564631957
3,1,256,Unspliced,RMRP,circRMRP,circLib,composition,14,0.4732659170779103
3,1,256,Unspliced,RMRP,circRMRP,circLib,sibling_uncalibrated,14,0.545167655235228
3,1,256,Unspliced,RMRP,circRMRP,circLib,sibling_calibrated,14,0.545167655235228
3,1,256,Circular,ARHGAP12,circARHGAP12,circLib,stack,35,0.32433895940869145
3,1,256,Circular,ARHGAP12,circARHGAP12,circLib,target_kmer,35,0.38477585721247287
3,1,256,Circular,ARHGAP12,circARHGAP12,circLib,composition,35,0.6332468769733557
3,1,256,Circular,ARHGAP12,circARHGAP12,circLib,sibling_uncalibrated,35,0.43316072244392234
3,1,256,Circular,ARHGAP12,circARHGAP12,circLib,sibling_calibrated,35,0.43316072244392234
3,1,256,Circular,ATXN2,circATXN2,circLib,stack,12,0.641746648754153
3,1,256,Circular,ATXN2,circATXN2,circLib,target_kmer,12,0.6374641400987792
3,1,256,Circular,ATXN2,circATXN2,circLib,composition,12,0.33854159029660796
3,1,256,Circular,ATXN2,circATXN2,circLib,sibling_uncalibrated,12,0.6091171730473832
3,1,256,Circular,ATXN2,circATXN2,circLib,sibling_calibrated,12,0.6091171730473832
3,1,256,Circular,CHD7,circCHD7,circLib,stack,87,0.14330210821627015
3,1,256,Circular,CHD7,circCHD7,circLib,target_kmer,87,0.27845445486732817
3,1,256,Circular,CHD7,circCHD7,circLib,composition,87,0.6686494068704981
3,1,256,Circular,CHD7,circCHD7,circLib,sibling_uncalibrated,87,0.20339467660495125
3,1,256,Circular,CHD7,circCHD7,circLib,sibling_calibrated,87,0.20339467660495125
3,1,256,Circular,EXOSC1,circEXOSC1,circLib,stack,14,0.3232597298779659
3,1,256,Circular,EXOSC1,circEXOSC1,circLib,target_kmer,14,0.5632672205371777
3,1,256,Circular,EXOSC1,circEXOSC1,circLib,composition,14,0.5646045390143005
3,1,256,Circular,EXOSC1,circEXOSC1,circLib,sibling_uncalibrated,14,0.3232597298779659
3,1,256,Circular,EXOSC1,circEXOSC1,circLib,sibling_calibrated,14,0.3232597298779659
3,1,256,Circular,FAT1,circFAT1,circLib,stack,152,0.40254232233269577
3,1,256,Circular,FAT1,circFAT1,circLib,target_kmer,152,0.4850858820978369
3,1,256,Circular,FAT1,circFAT1,circLib,composition,152,0.4393481892298081
3,1,256,Circular,FAT1,circFAT1,circLib,sibling_uncalibrated,152,0.3615775409111195
3,1,256,Circular,FAT1,circFAT1,circLib,sibling_calibrated,152,0.3615775409111195
3,1,256,Circular,GCK,Gck,nucLib,stack,24,0.6040151216425038
3,1,256,Circular,GCK,Gck,nucLib,target_kmer,24,0.46873105613592914
3,1,256,Circular,GCK,Gck,nucLib,composition,24,0.538757608042601
3,1,256,Circular,GCK,Gck,nucLib,sibling_uncalibrated,24,0.5513335890533044
3,1,256,Circular,GCK,Gck,nucLib,sibling_calibrated,24,0.5513335890533044
3,1,256,Circular,LINC-CHD2,linc-Chd2,nucLib,stack,24,0.5678701510474147
3,1,256,Circular,LINC-CHD2,linc-Chd2,nucLib,target_kmer,24,0.46779109839136324
3,1,256,Circular,LINC-CHD2,linc-Chd2,nucLib,composition,24,0.5678701510474147
3,1,256,Circular,LINC-CHD2,linc-Chd2,nucLib,sibling_uncalibrated,24,0.44957799902971984
3,1,256,Circular,LINC-CHD2,linc-Chd2,nucLib,sibling_calibrated,24,0.44957799902971984
3,1,256,Circular,NEAT1,Neat1,nucLib,stack,123,0.3557781971580817
3,1,256,Circular,NEAT1,Neat1,nucLib,target_kmer,123,0.36198438105224956
3,1,256,Circular,NEAT1,Neat1,nucLib,composition,123,0.5469818031210851
3,1,256,Circular,NEAT1,Neat1,nucLib,sibling_uncalibrated,123,0.19062927474203237
3,1,256,Circular,NEAT1,Neat1,nucLib,sibling_calibrated,123,0.19062927474203237
3,1,256,Circular,NR2F1-AS1,Nr2f1-as1,nucLib,stack,60,0.4293848903239801
3,1,256,Circular,NR2F1-AS1,Nr2f1-as1,nucLib,target_kmer,60,0.3980656089692677
3,1,256,Circular,NR2F1-AS1,Nr2f1-as1,nucLib,composition,60,0.49718271095634275
3,1,256,Circular,NR2F1-AS1,Nr2f1-as1,nucLib,sibling_uncalibrated,60,0.43754724886280894
3,1,256,Circular,NR2F1-AS1,Nr2f1-as1,nucLib,sibling_calibrated,60,0.43754724886280894
3,1,256,Circular,RMRP,circRMRP,circLib,stack,14,0.5578289030507728
3,1,256,Circular,RMRP,circRMRP,circLib,target_kmer,14,0.39033015876391763
3,1,256,Circular,RMRP,circRMRP,circLib,composition,14,0.3669595823383364
3,1,256,Circular,RMRP,circRMRP,circLib,sibling_uncalibrated,14,0.40599382396888545
3,1,256,Circular,RMRP,circRMRP,circLib,sibling_calibrated,14,0.40599382396888545
3,1,256,SCRCircular,ARHGAP12,circARHGAP12,circLib,stack,40,0.46767115721635183
3,1,256,SCRCircular,ARHGAP12,circARHGAP12,circLib,target_kmer,40,0.5388537290495431
3,1,256,SCRCircular,ARHGAP12,circARHGAP12,circLib,composition,40,0.3475934258026459
3,1,256,SCRCircular,ARHGAP12,circARHGAP12,circLib,sibling_uncalibrated,40,0.245466792426842
3,1,256,SCRCircular,ARHGAP12,circARHGAP12,circLib,sibling_calibrated,40,0.245466792426842
3,1,256,SCRCircular,ATXN2,circATXN2,circLib,stack,15,0.2596691834760881
3,1,256,SCRCircular,ATXN2,circATXN2,circLib,target_kmer,15,0.5870889494941747
3,1,256,SCRCircular,ATXN2,circATXN2,circLib,composition,15,0.5797574529322223
3,1,256,SCRCircular,ATXN2,circATXN2,circLib,sibling_uncalibrated,15,0.2596691834760881
3,1,256,SCRCircular,ATXN2,circATXN2,circLib,sibling_calibrated,15,0.2596691834760881
3,1,256,SCRCircular,CHD7,circCHD7,circLib,stack,91,0.3550361212287533
3,1,256,SCRCircular,CHD7,circCHD7,circLib,target_kmer,91,0.28146714225686487
3,1,256,SCRCircular,CHD7,circCHD7,circLib,composition,91,0.5059818668299049
3,1,256,SCRCircular,CHD7,circCHD7,circLib,sibling_uncalibrated,91,0.4527238705825626
3,1,256,SCRCircular,CHD7,circCHD7,circLib,sibling_calibrated,91,0.4527238705825626
3,1,256,SCRCircular,EXOSC1,circEXOSC1,circLib,stack,14,0.2737037371263651
3,1,256,SCRCircular,EXOSC1,circEXOSC1,circLib,target_kmer,14,0.4327498643312784
3,1,256,SCRCircular,EXOSC1,circEXOSC1,circLib,composition,14,0.26551725882766297
3,1,256,SCRCircular,EXOSC1,circEXOSC1,circLib,sibling_uncalibrated,14,0.2737037371263651
3,1,256,SCRCircular,EXOSC1,circEXOSC1,circLib,sibling_calibrated,14,0.2737037371263651
3,1,256,SCRCircular,FAT1,circFAT1,circLib,stack,163,0.3322882008741823
3,1,256,SCRCircular,FAT1,circFAT1,circLib,target_kmer,163,0.3046923785327419
3,1,256,SCRCircular,FAT1,circFAT1,circLib,composition,163,0.5737269979610008
3,1,256,SCRCircular,FAT1,circFAT1,circLib,sibling_uncalibrated,163,0.3322882008741823
3,1,256,SCRCircular,FAT1,circFAT1,circLib,sibling_calibrated,163,0.3322882008741823
3,1,256,SCRCircular,GCK,Gck,nucLib,stack,25,0.4473400105188353
3,1,256,SCRCircular,GCK,Gck,nucLib,target_kmer,25,0.24242906506814227
3,1,256,SCRCircular,GCK,Gck,nucLib,composition,25,0.6445764475568725
3,1,256,SCRCircular,GCK,Gck,nucLib,sibling_uncalibrated,25,0.5346708115661891
3,1,256,SCRCircular,GCK,Gck,nucLib,sibling_calibrated,25,0.5346708115661891
3,1,256,SCRCircular,IFT46,circIFT46,circLib,stack,10,0.38588074354106217
3,1,256,SCRCircular,IFT46,circIFT46,circLib,target_kmer,10,0.5315450122157463
3,1,256,SCRCircular,IFT46,circIFT46,circLib,composition,10,0.24574820790971075
3,1,256,SCRCircular,IFT46,circIFT46,circLib,sibling_uncalibrated,10,0.06564819043278168
3,1,256,SCRCircular,IFT46,circIFT46,circLib,sibling_calibrated,10,0.06564819043278168
3,1,256,SCRCircular,LINC-CHD2,linc-Chd2,nucLib,stack,40,0.4575425316849272
3,1,256,SCRCircular,LINC-CHD2,linc-Chd2,nucLib,target_kmer,40,0.23842963516898946
3,1,256,SCRCircular,LINC-CHD2,linc-Chd2,nucLib,composition,40,0.428852688876059
3,1,256,SCRCircular,LINC-CHD2,linc-Chd2,nucLib,sibling_uncalibrated,40,0.5563703040434594
3,1,256,SCRCircular,LINC-CHD2,linc-Chd2,nucLib,sibling_calibrated,40,0.5563703040434594
3,1,256,SCRCircular,NEAT1,Neat1,nucLib,stack,134,0.4027055810108467
3,1,256,SCRCircular,NEAT1,Neat1,nucLib,target_kmer,134,0.41928154083790714
3,1,256,SCRCircular,NEAT1,Neat1,nucLib,composition,134,0.5564151236224569
3,1,256,SCRCircular,NEAT1,Neat1,nucLib,sibling_uncalibrated,134,0.38235324384588615
3,1,256,SCRCircular,NEAT1,Neat1,nucLib,sibling_calibrated,134,0.38235324384588615
3,1,256,SCRCircular,NR2F1-AS1,Nr2f1-as1,nucLib,stack,84,0.29931442032098415
3,1,256,SCRCircular,NR2F1-AS1,Nr2f1-as1,nucLib,target_kmer,84,0.38797977359916946
3,1,256,SCRCircular,NR2F1-AS1,Nr2f1-as1,nucLib,composition,84,0.4456937119806803
3,1,256,SCRCircular,NR2F1-AS1,Nr2f1-as1,nucLib,sibling_uncalibrated,84,0.4720201075668297
3,1,256,SCRCircular,NR2F1-AS1,Nr2f1-as1,nucLib,sibling_calibrated,84,0.4720201075668297
3,1,256,SCRCircular,RMRP,circRMRP,circLib,stack,14,0.3949907244810458
3,1,256,SCRCircular,RMRP,circRMRP,circLib,target_kmer,14,0.30888445086535127
3,1,256,SCRCircular,RMRP,circRMRP,circLib,composition,14,0.3619073167158941
3,1,256,SCRCircular,RMRP,circRMRP,circLib,sibling_uncalibrated,14,0.26332082113308536
3,1,256,SCRCircular,RMRP,circRMRP,circLib,sibling_calibrated,14,0.26332082113308536
3,2,16,Spliced,ARHGAP12,circARHGAP12,circLib,stack,40,0.46334185306219916
3,2,16,Spliced,ARHGAP12,circARHGAP12,circLib,target_kmer,40,0.19272039404152858
3,2,16,Spliced,ARHGAP12,circARHGAP12,circLib,composition,40,0.11451641833214664
3,2,16,Spliced,ARHGAP12,circARHGAP12,circLib,sibling_uncalibrated,40,0.46334185306219916
3,2,16,Spliced,ARHGAP12,circARHGAP12,circLib,sibling_calibrated,40,0.46334185306219916
3,2,16,Spliced,ATXN2,circATXN2,circLib,stack,15,0.1994076383807753
3,2,16,Spliced,ATXN2,circATXN2,circLib,target_kmer,15,0.29369039899162186
3,2,16,Spliced,ATXN2,circATXN2,circLib,composition,15,0.29369039899162186
3,2,16,Spliced,ATXN2,circATXN2,circLib,sibling_uncalibrated,15,0.1855555831549851
3,2,16,Spliced,ATXN2,circATXN2,circLib,sibling_calibrated,15,0.1855555831549851
3,2,16,Spliced,CHD7,circCHD7,circLib,stack,91,0.005898776687450166
3,2,16,Spliced,CHD7,circCHD7,circLib,target_kmer,91,0.2689388623451619
3,2,16,Spliced,CHD7,circCHD7,circLib,composition,91,0.1733946832123518
3,2,16,Spliced,CHD7,circCHD7,circLib,sibling_uncalibrated,91,0.005898776687450166
3,2,16,Spliced,CHD7,circCHD7,circLib,sibling_calibrated,91,0.005898776687450166
3,2,16,Spliced,EXOSC1,circEXOSC1,circLib,stack,14,0.4676770635459419
3,2,16,Spliced,EXOSC1,circEXOSC1,circLib,target_kmer,14,0.4445206882076024
3,2,16,Spliced,EXOSC1,circEXOSC1,circLib,composition,14,0.3085415313957907
3,2,16,Spliced,EXOSC1,circEXOSC1,circLib,sibling_uncalibrated,14,0.47774675544538847
3,2,16,Spliced,EXOSC1,circEXOSC1,circLib,sibling_calibrated,14,0.47774675544538847
3,2,16,Spliced,FAT1,circFAT1,circLib,stack,165,0.2704709774221467
3,2,16,Spliced,FAT1,circFAT1,circLib,target_kmer,165,0.5567368087576003
3,2,16,Spliced,FAT1,circFAT1,circLib,composition,165,0.3906042925670322
3,2,16,Spliced,FAT1,circFAT1,circLib,sibling_uncalibrated,165,0.2704709774221467
3,2,16,Spliced,FAT1,circFAT1,circLib,sibling_calibrated,165,0.2704709774221467
3,2,16,Spliced,GCK,Gck,nucLib,stack,25,0.5951514992711056
3,2,16,Spliced,GCK,Gck,nucLib,target_kmer,25,0.6407131367788871
3,2,16,Spliced,GCK,Gck,nucLib,composition,25,0.642139620807203
3,2,16,Spliced,GCK,Gck,nucLib,sibling_uncalibrated,25,0.5573253955902897
3,2,16,Spliced,GCK,Gck,nucLib,sibling_calibrated,25,0.5573253955902897
3,2,16,Spliced,IFT46,circIFT46,circLib,stack,10,0.7415647899297599
3,2,16,Spliced,IFT46,circIFT46,circLib,target_kmer,10,0.5280783143829229
3,2,16,Spliced,IFT46,circIFT46,circLib,composition,10,0.23785757207462227
3,2,16,Spliced,IFT46,circIFT46,circLib,sibling_uncalibrated,10,0.7378575720746223
3,2,16,Spliced,IFT46,circIFT46,circLib,sibling_calibrated,10,0.7378575720746223
3,2,16,Spliced,LINC-CHD2,linc-Chd2,nucLib,stack,26,0.8553107695780786
3,2,16,Spliced,LINC-CHD2,linc-Chd2,nucLib,target_kmer,26,0.7969513332748737
3,2,16,Spliced,LINC-CHD2,linc-Chd2,nucLib,composition,26,0.6191092464502961
3,2,16,Spliced,LINC-CHD2,linc-Chd2,nucLib,sibling_uncalibrated,26,0.711225260704274
3,2,16,Spliced,LINC-CHD2,linc-Chd2,nucLib,sibling_calibrated,26,0.711225260704274
3,2,16,Spliced,NEAT1,Neat1,nucLib,stack,126,0.2960843777839065
3,2,16,Spliced,NEAT1,Neat1,nucLib,target_kmer,126,0.47058216706015366
3,2,16,Spliced,NEAT1,Neat1,nucLib,composition,126,0.42278514913493764
3,2,16,Spliced,NEAT1,Neat1,nucLib,sibling_uncalibrated,126,0.3725930913389653
3,2,16,Spliced,NEAT1,Neat1,nucLib,sibling_calibrated,126,0.3725930913389653
3,2,16,Spliced,NR2F1-AS1,Nr2f1-as1,nucLib,stack,68,0.6147878155200082
3,2,16,Spliced,NR2F1-AS1,Nr2f1-as1,nucLib,target_kmer,68,0.45172503655785023
3,2,16,Spliced,NR2F1-AS1,Nr2f1-as1,nucLib,composition,68,0.5055384277654523
3,2,16,Spliced,NR2F1-AS1,Nr2f1-as1,nucLib,sibling_uncalibrated,68,0.6147878155200082
3,2,16,Spliced,NR2F1-AS1,Nr2f1-as1,nucLib,sibling_calibrated,68,0.6147878155200082
3,2,16,Spliced,RMRP,circRMRP,circLib,stack,14,0.2821595709625382
3,2,16,Spliced,RMRP,circRMRP,circLib,target_kmer,14,0.6099028889396144
3,2,16,Spliced,RMRP,circRMRP,circLib,composition,14,0.4447300082990704
3,2,16,Spliced,RMRP,circRMRP,circLib,sibling_uncalibrated,14,0.2821595709625382
3,2,16,Spliced,RMRP,circRMRP,circLib,sibling_calibrated,14,0.2821595709625382
3,2,16,Unspliced,ARHGAP12,circARHGAP12,circLib,stack,40,0.09355916921173066
3,2,16,Unspliced,ARHGAP12,circARHGAP12,circLib,target_kmer,40,0.16364013191146878
3,2,16,Unspliced,ARHGAP12,circARHGAP12,circLib,composition,40,0.17713128289384014
3,2,16,Unspliced,ARHGAP12,circARHGAP12,circLib,sibling_uncalibrated,40,0.07557619215215777
3,2,16,Unspliced,ARHGAP12,circARHGAP12,circLib,sibling_calibrated,40,0.07557619215215777
3,2,16,Unspliced,ATXN2,circATXN2,circLib,stack,15,0.0
3,2,16,Unspliced,ATXN2,circATXN2,circLib,target_kmer,15,0.18182987589830765
3,2,16,Unspliced,ATXN2,circATXN2,circLib,composition,15,0.09468384580944542
3,2,16,Unspliced,ATXN2,circATXN2,circLib,sibling_uncalibrated,15,0.0
3,2,16,Unspliced,ATXN2,circATXN2,circLib,sibling_calibrated,15,0.0
3,2,16,Unspliced,CHD7,circCHD7,circLib,stack,91,0.20381306915805203
3,2,16,Unspliced,CHD7,circCHD7,circLib,target_kmer,91,0.3246782814069828
3,2,16,Unspliced,CHD7,circCHD7,circLib,composition,91,0.16931640625073907
3,2,16,Unspliced,CHD7,circCHD7,circLib,sibling_uncalibrated,91,0.20381306915805203
3,2,16,Unspliced,CHD7,circCHD7,circLib,sibling_calibrated,91,0.20381306915805203
3,2,16,Unspliced,EXOSC1,circEXOSC1,circLib,stack,14,0.08059527925000592
3,2,16,Unspliced,EXOSC1,circEXOSC1,circLib,target_kmer,14,0.47786134204154707
3,2,16,Unspliced,EXOSC1,circEXOSC1,circLib,composition,14,0.48346679665605763
3,2,16,Unspliced,EXOSC1,circEXOSC1,circLib,sibling_uncalibrated,14,0.5763312177779756
3,2,16,Unspliced,EXOSC1,circEXOSC1,circLib,sibling_calibrated,14,0.5763312177779756
3,2,16,Unspliced,FAT1,circFAT1,circLib,stack,164,0.2994489477249738
3,2,16,Unspliced,FAT1,circFAT1,circLib,target_kmer,164,0.4119705797342128
3,2,16,Unspliced,FAT1,circFAT1,circLib,composition,164,0.3413785882695303
3,2,16,Unspliced,FAT1,circFAT1,circLib,sibling_uncalibrated,164,0.29353059791228264
3,2,16,Unspliced,FAT1,circFAT1,circLib,sibling_calibrated,164,0.29353059791228264
3,2,16,Unspliced,GCK,Gck,nucLib,stack,25,0.09365165272576619
3,2,16,Unspliced,GCK,Gck,nucLib,target_kmer,25,0.43882575017834674
3,2,16,Unspliced,GCK,Gck,nucLib,composition,25,0.46997022882714784
3,2,16,Unspliced,GCK,Gck,nucLib,sibling_uncalibrated,25,0.09365165272576619
3,2,16,Unspliced,GCK,Gck,nucLib,sibling_calibrated,25,0.09365165272576619
3,2,16,Unspliced,IFT46,circIFT46,circLib,stack,10,1.0
3,2,16,Unspliced,IFT46,circIFT46,circLib,target_kmer,10,0.5899316374665514
3,2,16,Unspliced,IFT46,circIFT46,circLib,composition,10,0.3274334087947274
3,2,16,Unspliced,IFT46,circIFT46,circLib,sibling_uncalibrated,10,0.8364650556288992
3,2,16,Unspliced,IFT46,circIFT46,circLib,sibling_calibrated,10,0.8364650556288992
3,2,16,Unspliced,LINC-CHD2,linc-Chd2,nucLib,stack,15,0.5180764410645956
3,2,16,Unspliced,LINC-CHD2,linc-Chd2,nucLib,target_kmer,15,0.48563978896278626
3,2,16,Unspliced,LINC-CHD2,linc-Chd2,nucLib,composition,15,0.49124149975519577
3,2,16,Unspliced,LINC-CHD2,linc-Chd2,nucLib,sibling_uncalibrated,15,0.3953847521144686
3,2,16,Unspliced,LINC-CHD2,linc-Chd2,nucLib,sibling_calibrated,15,0.3953847521144686
3,2,16,Unspliced,NEAT1,Neat1,nucLib,stack,99,0.8623044823541048
3,2,16,Unspliced,NEAT1,Neat1,nucLib,target_kmer,99,0.3107415528724915
3,2,16,Unspliced,NEAT1,Neat1,nucLib,composition,99,0.4228823951177501
3,2,16,Unspliced,NEAT1,Neat1,nucLib,sibling_uncalibrated,99,0.3305270081416049
3,2,16,Unspliced,NEAT1,Neat1,nucLib,sibling_calibrated,99,0.3305270081416049
3,2,16,Unspliced,NR2F1-AS1,Nr2f1-as1,nucLib,stack,48,0.39098390946290995
3,2,16,Unspliced,NR2F1-AS1,Nr2f1-as1,nucLib,target_kmer,48,0.31355075264405374
3,2,16,Unspliced,NR2F1-AS1,Nr2f1-as1,nucLib,composition,48,0.3727514781790007
3,2,16,Unspliced,NR2F1-AS1,Nr2f1-as1,nucLib,sibling_uncalibrated,48,0.4239020582772529
3,2,16,Unspliced,NR2F1-AS1,Nr2f1-as1,nucLib,sibling_calibrated,48,0.4239020582772529
3,2,16,Unspliced,RMRP,circRMRP,circLib,stack,14,0.545167655235228
3,2,16,Unspliced,RMRP,circRMRP,circLib,target_kmer,14,0.51877637809349
3,2,16,Unspliced,RMRP,circRMRP,circLib,composition,14,0.4732659170779103
3,2,16,Unspliced,RMRP,circRMRP,circLib,sibling_uncalibrated,14,0.545167655235228
3,2,16,Unspliced,RMRP,circRMRP,circLib,sibling_calibrated,14,0.545167655235228
3,2,16,Circular,ARHGAP12,circARHGAP12,circLib,stack,35,0.6756610405913086
3,2,16,Circular,ARHGAP12,circARHGAP12,circLib,target_kmer,35,0.5119515640587685
3,2,16,Circular,ARHGAP12,circARHGAP12,circLib,composition,35,0.6034808706786368
3,2,16,Circular,ARHGAP12,circARHGAP12,circLib,sibling_uncalibrated,35,0.32433895940869145
3,2,16,Circular,ARHGAP12,circARHGAP12,circLib,sibling_calibrated,35,0.6756610405913086
3,2,16,Circular,ATXN2,circATXN2,circLib,stack,12,0.8215210991408766
3,2,16,Circular,ATXN2,circATXN2,circLib,target_kmer,12,0.7547674538039
3,2,16,Circular,ATXN2,circATXN2,circLib,composition,12,0.661458409703392
3,2,16,Circular,ATXN2,circATXN2,circLib,sibling_uncalibrated,12,0.36066465004878884
3,2,16,Circular,ATXN2,circATXN2,circLib,sibling_calibrated,12,0.6393353499512111
3,2,16,Circular,CHD7,circCHD7,circLib,stack,87,0.7524346654284468
3,2,16,Circular,CHD7,circCHD7,circLib,target_kmer,87,0.29578186737307677
3,2,16,Circular,CHD7,circCHD7,circLib,composition,87,0.41364534089112265
3,2,16,Circular,CHD7,circCHD7,circLib,sibling_uncalibrated,87,0.20909983106513313
3,2,16,Circular,CHD7,circCHD7,circLib,sibling_calibrated,87,0.7909001689348669
3,2,16,Circular,EXOSC1,circEXOSC1,circLib,stack,14,0.676740270122034
3,2,16,Circular,EXOSC1,circEXOSC1,circLib,target_kmer,14,0.43692744064393185
3,2,16,Circular,EXOSC1,circEXOSC1,circLib,composition,14,0.2567094123456203
3,2,16,Circular,EXOSC1,circEXOSC1,circLib,sibling_uncalibrated,14,0.435978585553197
3,2,16,Circular,EXOSC1,circEXOSC1,circLib,sibling_calibrated,14,0.5640214144468029
3,2,16,Circular,FAT1,circFAT1,circLib,stack,152,0.5782867361964643
3,2,16,Circular,FAT1,circFAT1,circLib,target_kmer,152,0.4198789553365495
3,2,16,Circular,FAT1,circFAT1,circLib,composition,152,0.4970274565422749
3,2,16,Circular,FAT1,circFAT1,circLib,sibling_uncalibrated,152,0.3959074029140594
3,2,16,Circular,FAT1,circFAT1,circLib,sibling_calibrated,152,0.6040925970859407
3,2,16,Circular,GCK,Gck,nucLib,stack,24,0.43749483096442443
3,2,16,Circular,GCK,Gck,nucLib,target_kmer,24,0.5546388079420206
3,2,16,Circular,GCK,Gck,nucLib,composition,24,0.39402760300467493
3,2,16,Circular,GCK,Gck,nucLib,sibling_uncalibrated,24,0.43696700204212136
3,2,16,Circular,GCK,Gck,nucLib,sibling_calibrated,24,0.5630329979578785
3,2,16,Circular,LINC-CHD2,linc-Chd2,nucLib,stack,24,0.4321298489525854
3,2,16,Circular,LINC-CHD2,linc-Chd2,nucLib,target_kmer,24,0.7092437368325196
3,2,16,Circular,LINC-CHD2,linc-Chd2,nucLib,composition,24,0.31928968877981656
3,2,16,Circular,LINC-CHD2,linc-Chd2,nucLib,sibling_uncalibrated,24,0.7331607063324097
3,2,16,Circular,LINC-CHD2,linc-Chd2,nucLib,sibling_calibrated,24,0.2668392936675904
3,2,16,Circular,NEAT1,Neat1,nucLib,stack,123,0.6034043958306434
3,2,16,Circular,NEAT1,Neat1,nucLib,target_kmer,123,0.5471811565881626
3,2,16,Circular,NEAT1,Neat1,nucLib,composition,123,0.6454337467328757
3,2,16,Circular,NEAT1,Neat1,nucLib,sibling_uncalibrated,123,0.19778797366758907
3,2,16,Circular,NEAT1,Neat1,nucLib,sibling_calibrated,123,0.8022120263324108
3,2,16,Circular,NR2F1-AS1,Nr2f1-as1,nucLib,stack,60,0.5987599111151529
3,2,16,Circular,NR2F1-AS1,Nr2f1-as1,nucLib,target_kmer,60,0.1633548124601769
3,2,16,Circular,NR2F1-AS1,Nr2f1-as1,nucLib,composition,60,0.20164199578724093
3,2,16,Circular,NR2F1-AS1,Nr2f1-as1,nucLib,sibling_uncalibrated,60,0.43754724886280894
3,2,16,Circular,NR2F1-AS1,Nr2f1-as1,nucLib,sibling_calibrated,60,0.5624527511371911
3,2,16,Circular,RMRP,circRMRP,circLib,stack,14,0.2587849056603747
3,2,16,Circular,RMRP,circRMRP,circLib,target_kmer,14,0.40599382396888545
3,2,16,Circular,RMRP,circRMRP,circLib,composition,14,0.314731103077373
3,2,16,Circular,RMRP,circRMRP,circLib,sibling_uncalibrated,14,0.7568787595445932
3,2,16,Circular,RMRP,circRMRP,circLib,sibling_calibrated,14,0.2431212404554069
3,2,16,SCRCircular,ARHGAP12,circARHGAP12,circLib,stack,40,0.245466792426842
3,2,16,SCRCircular,ARHGAP12,circARHGAP12,circLib,target_kmer,40,0.8703827943342926
3,2,16,SCRCircular,ARHGAP12,circARHGAP12,circLib,composition,40,0.6368521001814426
3,2,16,SCRCircular,ARHGAP12,circARHGAP12,circLib,sibling_uncalibrated,40,0.245466792426842
3,2,16,SCRCircular,ARHGAP12,circARHGAP12,circLib,sibling_calibrated,40,0.245466792426842
3,2,16,SCRCircular,ATXN2,circATXN2,circLib,stack,15,0.7974655760290952
3,2,16,SCRCircular,ATXN2,circATXN2,circLib,target_kmer,15,0.47902385598911296
3,2,16,SCRCircular,ATXN2,circATXN2,circLib,composition,15,0.2976120726855524
3,2,16,SCRCircular,ATXN2,circATXN2,circLib,sibling_uncalibrated,15,0.4242425477038382
3,2,16,SCRCircular,ATXN2,circATXN2,circLib,sibling_calibrated,15,0.4242425477038382
3,2,16,SCRCircular,CHD7,circCHD7,circLib,stack,91,0.3550361212287533
3,2,16,SCRCircular,CHD7,circCHD7,circLib,target_kmer,91,0.47204293692820165
3,2,16,SCRCircular,CHD7,circCHD7,circLib,composition,91,0.4390546660512471
3,2,16,SCRCircular,CHD7,circCHD7,circLib,sibling_uncalibrated,91,0.4127330823605183
3,2,16,SCRCircular,CHD7,circCHD7,circLib,sibling_calibrated,91,0.4127330823605183
3,2,16,SCRCircular,EXOSC1,circEXOSC1,circLib,stack,14,0.2737037371263651
3,2,16,SCRCircular,EXOSC1,circEXOSC1,circLib,target_kmer,14,0.49108480194423226
3,2,16,SCRCircular,EXOSC1,circEXOSC1,circLib,composition,14,0.6471563599030639
3,2,16,SCRCircular,EXOSC1,circEXOSC1,circLib,sibling_uncalibrated,14,0.2737037371263651
3,2,16,SCRCircular,EXOSC1,circEXOSC1,circLib,sibling_calibrated,14,0.2737037371263651
3,2,16,SCRCircular,FAT1,circFAT1,circLib,stack,163,0.3298759059488784
3,2,16,SCRCircular,FAT1,circFAT1,circLib,target_kmer,163,0.5353521110720398
3,2,16,SCRCircular,FAT1,circFAT1,circLib,composition,163,0.6076205210463849
3,2,16,SCRCircular,FAT1,circFAT1,circLib,sibling_uncalibrated,163,0.3298759059488784
3,2,16,SCRCircular,FAT1,circFAT1,circLib,sibling_calibrated,163,0.3298759059488784
3,2,16,SCRCircular,GCK,Gck,nucLib,stack,25,0.4473400105188353
3,2,16,SCRCircular,GCK,Gck,nucLib,target_kmer,25,0.5345899880096434
3,2,16,SCRCircular,GCK,Gck,nucLib,composition,25,0.4896250978440841
3,2,16,SCRCircular,GCK,Gck,nucLib,sibling_uncalibrated,25,0.33427896629093024
3,2,16,SCRCircular,GCK,Gck,nucLib,sibling_calibrated,25,0.33427896629093024
3,2,16,SCRCircular,IFT46,circIFT46,circLib,stack,10,0.15854945962659817
3,2,16,SCRCircular,IFT46,circIFT46,circLib,target_kmer,10,0.881256239501141
3,2,16,SCRCircular,IFT46,circIFT46,circLib,composition,10,0.8073473621563665
3,2,16,SCRCircular,IFT46,circIFT46,circLib,sibling_uncalibrated,10,0.15854945962659817
3,2,16,SCRCircular,IFT46,circIFT46,circLib,sibling_calibrated,10,0.15854945962659817
3,2,16,SCRCircular,LINC-CHD2,linc-Chd2,nucLib,stack,40,0.5563703040434594
3,2,16,SCRCircular,LINC-CHD2,linc-Chd2,nucLib,target_kmer,40,0.4818519481269686
3,2,16,SCRCircular,LINC-CHD2,linc-Chd2,nucLib,composition,40,0.4818519481269686
3,2,16,SCRCircular,LINC-CHD2,linc-Chd2,nucLib,sibling_uncalibrated,40,0.5563703040434594
3,2,16,SCRCircular,LINC-CHD2,linc-Chd2,nucLib,sibling_calibrated,40,0.5563703040434594
3,2,16,SCRCircular,NEAT1,Neat1,nucLib,stack,134,0.7360521567176783
3,2,16,SCRCircular,NEAT1,Neat1,nucLib,target_kmer,134,0.5267727971106554
3,2,16,SCRCircular,NEAT1,Neat1,nucLib,composition,134,0.43355972726408687
3,2,16,SCRCircular,NEAT1,Neat1,nucLib,sibling_uncalibrated,134,0.4748372453036869
3,2,16,SCRCircular,NEAT1,Neat1,nucLib,sibling_calibrated,134,0.4748372453036869
3,2,16,SCRCircular,NR2F1-AS1,Nr2f1-as1,nucLib,stack,84,0.31997547963573036
3,2,16,SCRCircular,NR2F1-AS1,Nr2f1-as1,nucLib,target_kmer,84,0.6960494170124891
3,2,16,SCRCircular,NR2F1-AS1,Nr2f1-as1,nucLib,composition,84,0.5543062880193197
3,2,16,SCRCircular,NR2F1-AS1,Nr2f1-as1,nucLib,sibling_uncalibrated,84,0.4720201075668297
3,2,16,SCRCircular,NR2F1-AS1,Nr2f1-as1,nucLib,sibling_calibrated,84,0.4720201075668297
3,2,16,SCRCircular,RMRP,circRMRP,circLib,stack,14,0.2888753349584137
3,2,16,SCRCircular,RMRP,circRMRP,circLib,target_kmer,14,0.30661124571306964
3,2,16,SCRCircular,RMRP,circRMRP,circLib,composition,14,0.638092683284106
3,2,16,SCRCircular,RMRP,circRMRP,circLib,sibling_uncalibrated,14,0.2888753349584137
3,2,16,SCRCircular,RMRP,circRMRP,circLib,sibling_calibrated,14,0.2888753349584137
3,2,64,Spliced,ARHGAP12,circARHGAP12,circLib,stack,40,0.46334185306219916
3,2,64,Spliced,ARHGAP12,circARHGAP12,circLib,target_kmer,40,0.4482068140203261
3,2,64,Spliced,ARHGAP12,circARHGAP12,circLib,composition,40,0.06622025909922767
3,2,64,Spliced,ARHGAP12,circARHGAP12,circLib,sibling_uncalibrated,40,0.46334185306219916
3,2,64,Spliced,ARHGAP12,circARHGAP12,circLib,sibling_calibrated,40,0.46334185306219916
3,2,64,Spliced,ATXN2,circATXN2,circLib,stack,15,0.1994076383807753
3,2,64,Spliced,ATXN2,circATXN2,circLib,target_kmer,15,0.9292922882071741
3,2,64,Spliced,ATXN2,circATXN2,circLib,composition,15,0.29369039899162186
3,2,64,Spliced,ATXN2,circATXN2,circLib,sibling_uncalibrated,15,0.1855555831549851
3,2,64,Spliced,ATXN2,circATXN2,circLib,sibling_calibrated,15,0.1855555831549851
3,2,64,Spliced,CHD7,circCHD7,circLib,stack,91,0.005898776687450166
3,2,64,Spliced,CHD7,circCHD7,circLib,target_kmer,91,0.33801613527608576
3,2,64,Spliced,CHD7,circCHD7,circLib,composition,91,0.28987719239336734
3,2,64,Spliced,CHD7,circCHD7,circLib,sibling_uncalibrated,91,0.005898776687450166
3,2,64,Spliced,CHD7,circCHD7,circLib,sibling_calibrated,91,0.005898776687450166
3,2,64,Spliced,EXOSC1,circEXOSC1,circLib,stack,14,0.4676770635459419
3,2,64,Spliced,EXOSC1,circEXOSC1,circLib,target_kmer,14,0.29737762624901515
3,2,64,Spliced,EXOSC1,circEXOSC1,circLib,composition,14,0.3085415313957907
3,2,64,Spliced,EXOSC1,circEXOSC1,circLib,sibling_uncalibrated,14,0.47774675544538847
3,2,64,Spliced,EXOSC1,circEXOSC1,circLib,sibling_calibrated,14,0.47774675544538847
3,2,64,Spliced,FAT1,circFAT1,circLib,stack,165,0.2704709774221467
3,2,64,Spliced,FAT1,circFAT1,circLib,target_kmer,165,0.5403170164242007
3,2,64,Spliced,FAT1,circFAT1,circLib,composition,165,0.3906042925670322
3,2,64,Spliced,FAT1,circFAT1,circLib,sibling_uncalibrated,165,0.2704709774221467
3,2,64,Spliced,FAT1,circFAT1,circLib,sibling_calibrated,165,0.2704709774221467
3,2,64,Spliced,GCK,Gck,nucLib,stack,25,0.5951514992711056
3,2,64,Spliced,GCK,Gck,nucLib,target_kmer,25,0.8410856696264191
3,2,64,Spliced,GCK,Gck,nucLib,composition,25,0.642139620807203
3,2,64,Spliced,GCK,Gck,nucLib,sibling_uncalibrated,25,0.5573253955902897
3,2,64,Spliced,GCK,Gck,nucLib,sibling_calibrated,25,0.5573253955902897
3,2,64,Spliced,IFT46,circIFT46,circLib,stack,10,0.6402495131421277
3,2,64,Spliced,IFT46,circIFT46,circLib,target_kmer,10,0.3856570464833391
3,2,64,Spliced,IFT46,circIFT46,circLib,composition,10,0.7378575720746223
3,2,64,Spliced,IFT46,circIFT46,circLib,sibling_uncalibrated,10,0.7378575720746223
3,2,64,Spliced,IFT46,circIFT46,circLib,sibling_calibrated,10,0.7378575720746223
3,2,64,Spliced,LINC-CHD2,linc-Chd2,nucLib,stack,26,0.7916184455801093
3,2,64,Spliced,LINC-CHD2,linc-Chd2,nucLib,target_kmer,26,0.8595761135087717
3,2,64,Spliced,LINC-CHD2,linc-Chd2,nucLib,composition,26,0.8553107695780786
3,2,64,Spliced,LINC-CHD2,linc-Chd2,nucLib,sibling_uncalibrated,26,0.711225260704274
3,2,64,Spliced,LINC-CHD2,linc-Chd2,nucLib,sibling_calibrated,26,0.711225260704274
3,2,64,Spliced,NEAT1,Neat1,nucLib,stack,126,0.40970787488663807
3,2,64,Spliced,NEAT1,Neat1,nucLib,target_kmer,126,0.38036800915773217
3,2,64,Spliced,NEAT1,Neat1,nucLib,composition,126,0.5009439320664851
3,2,64,Spliced,NEAT1,Neat1,nucLib,sibling_uncalibrated,126,0.3725930913389653
3,2,64,Spliced,NEAT1,Neat1,nucLib,sibling_calibrated,126,0.3725930913389653
3,2,64,Spliced,NR2F1-AS1,Nr2f1-as1,nucLib,stack,68,0.35261232189666425
3,2,64,Spliced,NR2F1-AS1,Nr2f1-as1,nucLib,target_kmer,68,0.49364459526519333
3,2,64,Spliced,NR2F1-AS1,Nr2f1-as1,nucLib,composition,68,0.5055384277654523
3,2,64,Spliced,NR2F1-AS1,Nr2f1-as1,nucLib,sibling_uncalibrated,68,0.6147878155200082
3,2,64,Spliced,NR2F1-AS1,Nr2f1-as1,nucLib,sibling_calibrated,68,0.6147878155200082
3,2,64,Spliced,RMRP,circRMRP,circLib,stack,14,0.2821595709625382
3,2,64,Spliced,RMRP,circRMRP,circLib,target_kmer,14,0.6099028889396144
3,2,64,Spliced,RMRP,circRMRP,circLib,composition,14,0.6099028889396144
3,2,64,Spliced,RMRP,circRMRP,circLib,sibling_uncalibrated,14,0.2821595709625382
3,2,64,Spliced,RMRP,circRMRP,circLib,sibling_calibrated,14,0.2821595709625382
3,2,64,Unspliced,ARHGAP12,circARHGAP12,circLib,stack,40,0.09355916921173066
3,2,64,Unspliced,ARHGAP12,circARHGAP12,circLib,target_kmer,40,0.19597292128263294
3,2,64,Unspliced,ARHGAP12,circARHGAP12,circLib,composition,40,0.07557619215215777
3,2,64,Unspliced,ARHGAP12,circARHGAP12,circLib,sibling_uncalibrated,40,0.07557619215215777
3,2,64,Unspliced,ARHGAP12,circARHGAP12,circLib,sibling_calibrated,40,0.07557619215215777
3,2,64,Unspliced,ATXN2,circATXN2,circLib,stack,15,0.0
3,2,64,Unspliced,ATXN2,circATXN2,circLib,target_kmer,15,0.31149552373612877
3,2,64,Unspliced,ATXN2,circATXN2,circLib,composition,15,0.09468384580944542
3,2,64,Unspliced,ATXN2,circATXN2,circLib,sibling_uncalibrated,15,0.0
3,2,64,Unspliced,ATXN2,circATXN2,circLib,sibling_calibrated,15,0.0
3,2,64,Unspliced,CHD7,circCHD7,circLib,stack,91,0.20381306915805203
3,2,64,Unspliced,CHD7,circCHD7,circLib,target_kmer,91,0.27529907127833825
3,2,64,Unspliced,CHD7,circCHD7,circLib,composition,91,0.19298405381892197
3,2,64,Unspliced,CHD7,circCHD7,circLib,sibling_uncalibrated,91,0.20381306915805203
3,2,64,Unspliced,CHD7,circCHD7,circLib,sibling_calibrated,91,0.20381306915805203
3,2,64,Unspliced,EXOSC1,circEXOSC1,circLib,stack,14,0.5763312177779756
3,2,64,Unspliced,EXOSC1,circEXOSC1,circLib,target_kmer,14,0.7450982037465592
3,2,64,Unspliced,EXOSC1,circEXOSC1,circLib,composition,14,0.48346679665605763
3,2,64,Unspliced,EXOSC1,circEXOSC1,circLib,sibling_uncalibrated,14,0.5763312177779756
3,2,64,Unspliced,EXOSC1,circEXOSC1,circLib,sibling_calibrated,14,0.5763312177779756
3,2,64,Unspliced,FAT1,circFAT1,circLib,stack,164,0.2994489477249738
3,2,64,Unspliced,FAT1,circFAT1,circLib,target_kmer,164,0.6236527945855537
3,2,64,Unspliced,FAT1,circFAT1,circLib,composition,164,0.3413785882695303
3,2,64,Unspliced,FAT1,circFAT1,circLib,sibling_uncalibrated,164,0.29353059791228264
3,2,64,Unspliced,FAT1,circFAT1,circLib,sibling_calibrated,164,0.29353059791228264
3,2,64,Unspliced,GCK,Gck,nucLib,stack,25,0.09365165272576619
3,2,64,Unspliced,GCK,Gck,nucLib,target_kmer,25,0.46997022882714784
3,2,64,Unspliced,GCK,Gck,nucLib,composition,25,0.5375174313691892
3,2,64,Unspliced,GCK,Gck,nucLib,sibling_uncalibrated,25,0.09365165272576619
3,2,64,Unspliced,GCK,Gck,nucLib,sibling_calibrated,25,0.09365165272576619
3,2,64,Unspliced,IFT46,circIFT46,circLib,stack,10,0.8364650556288992
3,2,64,Unspliced,IFT46,circIFT46,circLib,target_kmer,10,0.5332187234750118
3,2,64,Unspliced,IFT46,circIFT46,circLib,composition,10,0.3274334087947274
3,2,64,Unspliced,IFT46,circIFT46,circLib,sibling_uncalibrated,10,0.8364650556288992
3,2,64,Unspliced,IFT46,circIFT46,circLib,sibling_calibrated,10,0.8364650556288992
3,2,64,Unspliced,LINC-CHD2,linc-Chd2,nucLib,stack,15,0.5180764410645956
3,2,64,Unspliced,LINC-CHD2,linc-Chd2,nucLib,target_kmer,15,0.4968482206158483
3,2,64,Unspliced,LINC-CHD2,linc-Chd2,nucLib,composition,15,0.6550803754989623
3,2,64,Unspliced,LINC-CHD2,linc-Chd2,nucLib,sibling_uncalibrated,15,0.3953847521144686
3,2,64,Unspliced,LINC-CHD2,linc-Chd2,nucLib,sibling_calibrated,15,0.3953847521144686
3,2,64,Unspliced,NEAT1,Neat1,nucLib,stack,99,0.5996040093094327
3,2,64,Unspliced,NEAT1,Neat1,nucLib,target_kmer,99,0.766093455989276
3,2,64,Unspliced,NEAT1,Neat1,nucLib,composition,99,0.7017203564094017
3,2,64,Unspliced,NEAT1,Neat1,nucLib,sibling_uncalibrated,99,0.3305270081416049
3,2,64,Unspliced,NEAT1,Neat1,nucLib,sibling_calibrated,99,0.3305270081416049
3,2,64,Unspliced,NR2F1-AS1,Nr2f1-as1,nucLib,stack,48,0.4239020582772529
3,2,64,Unspliced,NR2F1-AS1,Nr2f1-as1,nucLib,target_kmer,48,0.30240886394525424
3,2,64,Unspliced,NR2F1-AS1,Nr2f1-as1,nucLib,composition,48,0.3727514781790007
3,2,64,Unspliced,NR2F1-AS1,Nr2f1-as1,nucLib,sibling_uncalibrated,48,0.4239020582772529
3,2,64,Unspliced,NR2F1-AS1,Nr2f1-as1,nucLib,sibling_calibrated,48,0.4239020582772529
3,2,64,Unspliced,RMRP,circRMRP,circLib,stack,14,0.545167655235228
3,2,64,Unspliced,RMRP,circRMRP,circLib,target_kmer,14,0.5772006808435568
3,2,64,Unspliced,RMRP,circRMRP,circLib,composition,14,0.5929060049564265
3,2,64,Unspliced,RMRP,circRMRP,circLib,sibling_uncalibrated,14,0.545167655235228
3,2,64,Unspliced,RMRP,circRMRP,circLib,sibling_calibrated,14,0.545167655235228
3,2,64,Circular,ARHGAP12,circARHGAP12,circLib,stack,35,0.32433895940869145
3,2,64,Circular,ARHGAP12,circARHGAP12,circLib,target_kmer,35,0.5119515640587685
3,2,64,Circular,ARHGAP12,circARHGAP12,circLib,composition,35,0.47785109228221506
3,2,64,Circular,ARHGAP12,circARHGAP12,circLib,sibling_uncalibrated,35,0.32433895940869145
3,2,64,Circular,ARHGAP12,circARHGAP12,circLib,sibling_calibrated,35,0.32433895940869145
3,2,64,Circular,ATXN2,circATXN2,circLib,stack,12,0.6553348508727653
3,2,64,Circular,ATXN2,circATXN2,circLib,target_kmer,12,0.6658539606216308
3,2,64,Circular,ATXN2,circATXN2,circLib,composition,12,0.6374641400987792
3,2,64,Circular,ATXN2,circATXN2,circLib,sibling_uncalibrated,12,0.36066465004878884
3,2,64,Circular,ATXN2,circATXN2,circLib,sibling_calibrated,12,0.36066465004878884
3,2,64,Circular,CHD7,circCHD7,circLib,stack,87,0.27845445486732817
3,2,64,Circular,CHD7,circCHD7,circLib,target_kmer,87,0.4397426080518645
3,2,64,Circular,CHD7,circCHD7,circLib,composition,87,0.25757545415496036
3,2,64,Circular,CHD7,circCHD7,circLib,sibling_uncalibrated,87,0.20909983106513313
3,2,64,Circular,CHD7,circCHD7,circLib,sibling_calibrated,87,0.20909983106513313
3,2,64,Circular,EXOSC1,circEXOSC1,circLib,stack,14,0.3239609272739576
3,2,64,Circular,EXOSC1,circEXOSC1,circLib,target_kmer,14,0.435978585553197
3,2,64,Circular,EXOSC1,circEXOSC1,circLib,composition,14,0.5646045390143005
3,2,64,Circular,EXOSC1,circEXOSC1,circLib,sibling_uncalibrated,14,0.435978585553197
3,2,64,Circular,EXOSC1,circEXOSC1,circLib,sibling_calibrated,14,0.435978585553197
3,2,64,Circular,FAT1,circFAT1,circLib,stack,152,0.3959074029140594
3,2,64,Circular,FAT1,circFAT1,circLib,target_kmer,152,0.4099858271917325
3,2,64,Circular,FAT1,circFAT1,circLib,composition,152,0.44441049146995837
3,2,64,Circular,FAT1,circFAT1,circLib,sibling_uncalibrated,152,0.3959074029140594
3,2,64,Circular,FAT1,circFAT1,circLib,sibling_calibrated,152,0.3959074029140594
3,2,64,Circular,GCK,Gck,nucLib,stack,24,0.45405900359600027
3,2,64,Circular,GCK,Gck,nucLib,target_kmer,24,0.3477170350847464
3,2,64,Circular,GCK,Gck,nucLib,composition,24,0.5746649445260092
3,2,64,Circular,GCK,Gck,nucLib,sibling_uncalibrated,24,0.43696700204212136
3,2,64,Circular,GCK,Gck,nucLib,sibling_calibrated,24,0.43696700204212136
3,2,64,Circular,LINC-CHD2,linc-Chd2,nucLib,stack,24,0.5678701510474147
3,2,64,Circular,LINC-CHD2,linc-Chd2,nucLib,target_kmer,24,0.3724195642195119
3,2,64,Circular,LINC-CHD2,linc-Chd2,nucLib,composition,24,0.5259034021709355
3,2,64,Circular,LINC-CHD2,linc-Chd2,nucLib,sibling_uncalibrated,24,0.7331607063324097
3,2,64,Circular,LINC-CHD2,linc-Chd2,nucLib,sibling_calibrated,24,0.7331607063324097
3,2,64,Circular,NEAT1,Neat1,nucLib,stack,123,0.19062927474203237
3,2,64,Circular,NEAT1,Neat1,nucLib,target_kmer,123,0.3014654513604148
3,2,64,Circular,NEAT1,Neat1,nucLib,composition,123,0.6963092727878646
3,2,64,Circular,NEAT1,Neat1,nucLib,sibling_uncalibrated,123,0.19778797366758907
3,2,64,Circular,NEAT1,Neat1,nucLib,sibling_calibrated,123,0.19778797366758907
3,2,64,Circular,NR2F1-AS1,Nr2f1-as1,nucLib,stack,60,0.43754724886280894
3,2,64,Circular,NR2F1-AS1,Nr2f1-as1,nucLib,target_kmer,60,0.4012400888848471
3,2,64,Circular,NR2F1-AS1,Nr2f1-as1,nucLib,composition,60,0.5275335163547056
3,2,64,Circular,NR2F1-AS1,Nr2f1-as1,nucLib,sibling_uncalibrated,60,0.43754724886280894
3,2,64,Circular,NR2F1-AS1,Nr2f1-as1,nucLib,sibling_calibrated,60,0.43754724886280894
3,2,64,Circular,RMRP,circRMRP,circLib,stack,14,0.7568787595445932
3,2,64,Circular,RMRP,circRMRP,circLib,target_kmer,14,0.4889095022785359
3,2,64,Circular,RMRP,circRMRP,circLib,composition,14,0.685268896922627
3,2,64,Circular,RMRP,circRMRP,circLib,sibling_uncalibrated,14,0.7568787595445932
3,2,64,Circular,RMRP,circRMRP,circLib,sibling_calibrated,14,0.7568787595445932
3,2,64,SCRCircular,ARHGAP12,circARHGAP12,circLib,stack,40,0.245466792426842
3,2,64,SCRCircular,ARHGAP12,circARHGAP12,circLib,target_kmer,40,0.7280447818441101
3,2,64,SCRCircular,ARHGAP12,circARHGAP12,circLib,composition,40,0.8393529525325999
3,2,64,SCRCircular,ARHGAP12,circARHGAP12,circLib,sibling_uncalibrated,40,0.245466792426842
3,2,64,SCRCircular,ARHGAP12,circARHGAP12,circLib,sibling_calibrated,40,0.245466792426842
3,2,64,SCRCircular,ATXN2,circATXN2,circLib,stack,15,0.4242425477038382
3,2,64,SCRCircular,ATXN2,circATXN2,circLib,target_kmer,15,0.17104641817532537
3,2,64,SCRCircular,ATXN2,circATXN2,circLib,composition,15,0.5757574522961618
3,2,64,SCRCircular,ATXN2,circATXN2,circLib,sibling_uncalibrated,15,0.4242425477038382
3,2,64,SCRCircular,ATXN2,circATXN2,circLib,sibling_calibrated,15,0.4242425477038382
3,2,64,SCRCircular,CHD7,circCHD7,circLib,stack,91,0.3550361212287533
3,2,64,SCRCircular,CHD7,circCHD7,circLib,target_kmer,91,0.5850260092407652
3,2,64,SCRCircular,CHD7,circCHD7,circLib,composition,91,0.3681891267209354
3,2,64,SCRCircular,CHD7,circCHD7,circLib,sibling_uncalibrated,91,0.4127330823605183
3,2,64,SCRCircular,CHD7,circCHD7,circLib,sibling_calibrated,91,0.4127330823605183
3,2,64,SCRCircular,EXOSC1,circEXOSC1,circLib,stack,14,0.2737037371263651
3,2,64,SCRCircular,EXOSC1,circEXOSC1,circLib,target_kmer,14,0.3531785738309796
3,2,64,SCRCircular,EXOSC1,circEXOSC1,circLib,composition,14,0.2737037371263651
3,2,64,SCRCircular,EXOSC1,circEXOSC1,circLib,sibling_uncalibrated,14,0.2737037371263651
3,2,64,SCRCircular,EXOSC1,circEXOSC1,circLib,sibling_calibrated,14,0.2737037371263651
3,2,64,SCRCircular,FAT1,circFAT1,circLib,stack,163,0.3298759059488784
3,2,64,SCRCircular,FAT1,circFAT1,circLib,target_kmer,163,0.5569375819769141
3,2,64,SCRCircular,FAT1,circFAT1,circLib,composition,163,0.5232544892658237
3,2,64,SCRCircular,FAT1,circFAT1,circLib,sibling_uncalibrated,163,0.3298759059488784
3,2,64,SCRCircular,FAT1,circFAT1,circLib,sibling_calibrated,163,0.3298759059488784
3,2,64,SCRCircular,GCK,Gck,nucLib,stack,25,0.33427896629093024
3,2,64,SCRCircular,GCK,Gck,nucLib,target_kmer,25,0.34834341854458667
3,2,64,SCRCircular,GCK,Gck,nucLib,composition,25,0.5618754942956811
3,2,64,SCRCircular,GCK,Gck,nucLib,sibling_uncalibrated,25,0.33427896629093024
3,2,64,SCRCircular,GCK,Gck,nucLib,sibling_calibrated,25,0.33427896629093024
3,2,64,SCRCircular,IFT46,circIFT46,circLib,stack,10,0.15854945962659817
3,2,64,SCRCircular,IFT46,circIFT46,circLib,target_kmer,10,0.4128012517168874
3,2,64,SCRCircular,IFT46,circIFT46,circLib,composition,10,0.8414505403734018
3,2,64,SCRCircular,IFT46,circIFT46,circLib,sibling_uncalibrated,10,0.15854945962659817
3,2,64,SCRCircular,IFT46,circIFT46,circLib,sibling_calibrated,10,0.15854945962659817
3,2,64,SCRCircular,LINC-CHD2,linc-Chd2,nucLib,stack,40,0.5563703040434594
3,2,64,SCRCircular,LINC-CHD2,linc-Chd2,nucLib,target_kmer,40,0.17502791947050783
3,2,64,SCRCircular,LINC-CHD2,linc-Chd2,nucLib,composition,40,0.2895655853092499
3,2,64,SCRCircular,LINC-CHD2,linc-Chd2,nucLib,sibling_uncalibrated,40,0.5563703040434594
3,2,64,SCRCircular,LINC-CHD2,linc-Chd2,nucLib,sibling_calibrated,40,0.5563703040434594
3,2,64,SCRCircular,NEAT1,Neat1,nucLib,stack,134,0.4027055810108467
3,2,64,SCRCircular,NEAT1,Neat1,nucLib,target_kmer,134,0.5260911504933068
3,2,64,SCRCircular,NEAT1,Neat1,nucLib,composition,134,0.4955361349272501
3,2,64,SCRCircular,NEAT1,Neat1,nucLib,sibling_uncalibrated,134,0.4748372453036869
3,2,64,SCRCircular,NEAT1,Neat1,nucLib,sibling_calibrated,134,0.4748372453036869
3,2,64,SCRCircular,NR2F1-AS1,Nr2f1-as1,nucLib,stack,84,0.3052617774279014
3,2,64,SCRCircular,NR2F1-AS1,Nr2f1-as1,nucLib,target_kmer,84,0.7200438518810319
3,2,64,SCRCircular,NR2F1-AS1,Nr2f1-as1,nucLib,composition,84,0.6256086417793164
3,2,64,SCRCircular,NR2F1-AS1,Nr2f1-as1,nucLib,sibling_uncalibrated,84,0.4720201075668297
3,2,64,SCRCircular,NR2F1-AS1,Nr2f1-as1,nucLib,sibling_calibrated,84,0.4720201075668297
3,2,64,SCRCircular,RMRP,circRMRP,circLib,stack,14,0.2888753349584137
3,2,64,SCRCircular,RMRP,circRMRP,circLib,target_kmer,14,0.33901689587494366
3,2,64,SCRCircular,RMRP,circRMRP,circLib,composition,14,0.1950969608589644
3,2,64,SCRCircular,RMRP,circRMRP,circLib,sibling_uncalibrated,14,0.2888753349584137
3,2,64,SCRCircular,RMRP,circRMRP,circLib,sibling_calibrated,14,0.2888753349584137
3,2,256,Spliced,ARHGAP12,circARHGAP12,circLib,stack,40,0.46334185306219916
3,2,256,Spliced,ARHGAP12,circARHGAP12,circLib,target_kmer,40,0.4957991532051249
3,2,256,Spliced,ARHGAP12,circARHGAP12,circLib,composition,40,0.06622025909922767
3,2,256,Spliced,ARHGAP12,circARHGAP12,circLib,sibling_uncalibrated,40,0.46334185306219916
3,2,256,Spliced,ARHGAP12,circARHGAP12,circLib,sibling_calibrated,40,0.46334185306219916
3,2,256,Spliced,ATXN2,circATXN2,circLib,stack,15,0.1994076383807753
3,2,256,Spliced,ATXN2,circATXN2,circLib,target_kmer,15,0.29369039899162186
3,2,256,Spliced,ATXN2,circATXN2,circLib,composition,15,0.29369039899162186
3,2,256,Spliced,ATXN2,circATXN2,circLib,sibling_uncalibrated,15,0.1855555831549851
3,2,256,Spliced,ATXN2,circATXN2,circLib,sibling_calibrated,15,0.1855555831549851
3,2,256,Spliced,CHD7,circCHD7,circLib,stack,91,0.005898776687450166
3,2,256,Spliced,CHD7,circCHD7,circLib,target_kmer,91,0.1725896552276031
3,2,256,Spliced,CHD7,circCHD7,circLib,composition,91,0.28987719239336734
3,2,256,Spliced,CHD7,circCHD7,circLib,sibling_uncalibrated,91,0.005898776687450166
3,2,256,Spliced,CHD7,circCHD7,circLib,sibling_calibrated,91,0.005898776687450166
3,2,256,Spliced,EXOSC1,circEXOSC1,circLib,stack,14,0.4676770635459419
3,2,256,Spliced,EXOSC1,circEXOSC1,circLib,target_kmer,14,0.6914584686042093
3,2,256,Spliced,EXOSC1,circEXOSC1,circLib,composition,14,0.3085415313957907
3,2,256,Spliced,EXOSC1,circEXOSC1,circLib,sibling_uncalibrated,14,0.47774675544538847
3,2,256,Spliced,EXOSC1,circEXOSC1,circLib,sibling_calibrated,14,0.47774675544538847
3,2,256,Spliced,FAT1,circFAT1,circLib,stack,165,0.2704709774221467
3,2,256,Spliced,FAT1,circFAT1,circLib,target_kmer,165,0.41227847022414443
3,2,256,Spliced,FAT1,circFAT1,circLib,composition,165,0.3906042925670322
3,2,256,Spliced,FAT1,circFAT1,circLib,sibling_uncalibrated,165,0.2704709774221467
3,2,256,Spliced,FAT1,circFAT1,circLib,sibling_calibrated,165,0.2704709774221467
3,2,256,Spliced,GCK,Gck,nucLib,stack,25,0.5951514992711056
3,2,256,Spliced,GCK,Gck,nucLib,target_kmer,25,0.6303963245874578
3,2,256,Spliced,GCK,Gck,nucLib,composition,25,0.41649701072345646
3,2,256,Spliced,GCK,Gck,nucLib,sibling_uncalibrated,25,0.5573253955902897
3,2,256,Spliced,GCK,Gck,nucLib,sibling_calibrated,25,0.5573253955902897
3,2,256,Spliced,IFT46,circIFT46,circLib,stack,10,0.6402495131421277
3,2,256,Spliced,IFT46,circIFT46,circLib,target_kmer,10,0.6402495131421277
3,2,256,Spliced,IFT46,circIFT46,circLib,composition,10,0.7378575720746223
3,2,256,Spliced,IFT46,circIFT46,circLib,sibling_uncalibrated,10,0.7378575720746223
3,2,256,Spliced,IFT46,circIFT46,circLib,sibling_calibrated,10,0.7378575720746223
3,2,256,Spliced,LINC-CHD2,linc-Chd2,nucLib,stack,26,0.8553107695780786
3,2,256,Spliced,LINC-CHD2,linc-Chd2,nucLib,target_kmer,26,0.7468850410452379
3,2,256,Spliced,LINC-CHD2,linc-Chd2,nucLib,composition,26,0.8553107695780786
3,2,256,Spliced,LINC-CHD2,linc-Chd2,nucLib,sibling_uncalibrated,26,0.711225260704274
3,2,256,Spliced,LINC-CHD2,linc-Chd2,nucLib,sibling_calibrated,26,0.711225260704274
3,2,256,Spliced,NEAT1,Neat1,nucLib,stack,126,0.2960843777839065
3,2,256,Spliced,NEAT1,Neat1,nucLib,target_kmer,126,0.4229621960087705
3,2,256,Spliced,NEAT1,Neat1,nucLib,composition,126,0.2762041763523067
3,2,256,Spliced,NEAT1,Neat1,nucLib,sibling_uncalibrated,126,0.3725930913389653
3,2,256,Spliced,NEAT1,Neat1,nucLib,sibling_calibrated,126,0.3725930913389653
3,2,256,Spliced,NR2F1-AS1,Nr2f1-as1,nucLib,stack,68,0.5824144769145169
3,2,256,Spliced,NR2F1-AS1,Nr2f1-as1,nucLib,target_kmer,68,0.49364459526519333
3,2,256,Spliced,NR2F1-AS1,Nr2f1-as1,nucLib,composition,68,0.425154669394442
3,2,256,Spliced,NR2F1-AS1,Nr2f1-as1,nucLib,sibling_uncalibrated,68,0.6147878155200082
3,2,256,Spliced,NR2F1-AS1,Nr2f1-as1,nucLib,sibling_calibrated,68,0.6147878155200082
3,2,256,Spliced,RMRP,circRMRP,circLib,stack,14,0.2821595709625382
3,2,256,Spliced,RMRP,circRMRP,circLib,target_kmer,14,0.6652559214289429
3,2,256,Spliced,RMRP,circRMRP,circLib,composition,14,0.5092745841115098
3,2,256,Spliced,RMRP,circRMRP,circLib,sibling_uncalibrated,14,0.2821595709625382
3,2,256,Spliced,RMRP,circRMRP,circLib,sibling_calibrated,14,0.2821595709625382
3,2,256,Unspliced,ARHGAP12,circARHGAP12,circLib,stack,40,0.12160038112807395
3,2,256,Unspliced,ARHGAP12,circARHGAP12,circLib,target_kmer,40,0.555740312295813
3,2,256,Unspliced,ARHGAP12,circARHGAP12,circLib,composition,40,0.07557619215215777
3,2,256,Unspliced,ARHGAP12,circARHGAP12,circLib,sibling_uncalibrated,40,0.07557619215215777
3,2,256,Unspliced,ARHGAP12,circARHGAP12,circLib,sibling_calibrated,40,0.07557619215215777
3,2,256,Unspliced,ATXN2,circATXN2,circLib,stack,15,0.09468384580944542
3,2,256,Unspliced,ATXN2,circATXN2,circLib,target_kmer,15,0.09468384580944542
3,2,256,Unspliced,ATXN2,circATXN2,circLib,composition,15,0.09468384580944542
3,2,256,Unspliced,ATXN2,circATXN2,circLib,sibling_uncalibrated,15,0.0
3,2,256,Unspliced,ATXN2,circATXN2,circLib,sibling_calibrated,15,0.0
3,2,256,Unspliced,CHD7,circCHD7,circLib,stack,91,0.20381306915805203
3,2,256,Unspliced,CHD7,circCHD7,circLib,target_kmer,91,0.2656379648666062
3,2,256,Unspliced,CHD7,circCHD7,circLib,composition,91,0.19298405381892197
3,2,256,Unspliced,CHD7,circCHD7,circLib,sibling_uncalibrated,91,0.20381306915805203
3,2,256,Unspliced,CHD7,circCHD7,circLib,sibling_calibrated,91,0.20381306915805203
3,2,256,Unspliced,EXOSC1,circEXOSC1,circLib,stack,14,0.5763312177779756
3,2,256,Unspliced,EXOSC1,circEXOSC1,circLib,target_kmer,14,0.5763312177779756
3,2,256,Unspliced,EXOSC1,circEXOSC1,circLib,composition,14,0.5972720824968469
3,2,256,Unspliced,EXOSC1,circEXOSC1,circLib,sibling_uncalibrated,14,0.5763312177779756
3,2,256,Unspliced,EXOSC1,circEXOSC1,circLib,sibling_calibrated,14,0.5763312177779756
3,2,256,Unspliced,FAT1,circFAT1,circLib,stack,164,0.2994489477249738
3,2,256,Unspliced,FAT1,circFAT1,circLib,target_kmer,164,0.3002537122747881
3,2,256,Unspliced,FAT1,circFAT1,circLib,composition,164,0.3413785882695303
3,2,256,Unspliced,FAT1,circFAT1,circLib,sibling_uncalibrated,164,0.29353059791228264
3,2,256,Unspliced,FAT1,circFAT1,circLib,sibling_calibrated,164,0.29353059791228264
3,2,256,Unspliced,GCK,Gck,nucLib,stack,25,0.4330570830172575
3,2,256,Unspliced,GCK,Gck,nucLib,target_kmer,25,0.41892171466226147
3,2,256,Unspliced,GCK,Gck,nucLib,composition,25,0.5375174313691892
3,2,256,Unspliced,GCK,Gck,nucLib,sibling_uncalibrated,25,0.09365165272576619
3,2,256,Unspliced,GCK,Gck,nucLib,sibling_calibrated,25,0.09365165272576619
3,2,256,Unspliced,IFT46,circIFT46,circLib,stack,10,0.7900682515038917
3,2,256,Unspliced,IFT46,circIFT46,circLib,target_kmer,10,0.7483860133121594
3,2,256,Unspliced,IFT46,circIFT46,circLib,composition,10,0.3274334087947274
3,2,256,Unspliced,IFT46,circIFT46,circLib,sibling_uncalibrated,10,0.8364650556288992
3,2,256,Unspliced,IFT46,circIFT46,circLib,sibling_calibrated,10,0.8364650556288992
3,2,256,Unspliced,LINC-CHD2,linc-Chd2,nucLib,stack,15,0.6681791387684722
3,2,256,Unspliced,LINC-CHD2,linc-Chd2,nucLib,target_kmer,15,0.5862438039673434
3,2,256,Unspliced,LINC-CHD2,linc-Chd2,nucLib,composition,15,0.8953847521144687
3,2,256,Unspliced,LINC-CHD2,linc-Chd2,nucLib,sibling_uncalibrated,15,0.3953847521144686
3,2,256,Unspliced,LINC-CHD2,linc-Chd2,nucLib,sibling_calibrated,15,0.3953847521144686
3,2,256,Unspliced,NEAT1,Neat1,nucLib,stack,99,0.3830702725594447
3,2,256,Unspliced,NEAT1,Neat1,nucLib,target_kmer,99,0.3830702725594447
3,2,256,Unspliced,NEAT1,Neat1,nucLib,composition,99,0.8376694993328486
3,2,256,Unspliced,NEAT1,Neat1,nucLib,sibling_uncalibrated,99,0.3305270081416049
3,2,256,Unspliced,NEAT1,Neat1,nucLib,sibling_calibrated,99,0.3305270081416049
3,2,256,Unspliced,NR2F1-AS1,Nr2f1-as1,nucLib,stack,48,0.4239020582772529
3,2,256,Unspliced,NR2F1-AS1,Nr2f1-as1,nucLib,target_kmer,48,0.30240886394525424
3,2,256,Unspliced,NR2F1-AS1,Nr2f1-as1,nucLib,composition,48,0.37760728245857617
3,2,256,Unspliced,NR2F1-AS1,Nr2f1-as1,nucLib,sibling_uncalibrated,48,0.4239020582772529
3,2,256,Unspliced,NR2F1-AS1,Nr2f1-as1,nucLib,sibling_calibrated,48,0.4239020582772529
3,2,256,Unspliced,RMRP,circRMRP,circLib,stack,14,0.4732659170779103
3,2,256,Unspliced,RMRP,circRMRP,circLib,target_kmer,14,0.6410790842482285
3,2,256,Unspliced,RMRP,circRMRP,circLib,composition,14,0.5929060049564265
3,2,256,Unspliced,RMRP,circRMRP,circLib,sibling_uncalibrated,14,0.545167655235228
3,2,256,Unspliced,RMRP,circRMRP,circLib,sibling_calibrated,14,0.545167655235228
3,2,256,Circular,ARHGAP12,circARHGAP12,circLib,stack,35,0.32433895940869145
3,2,256,Circular,ARHGAP12,circARHGAP12,circLib,target_kmer,35,0.4857810091417659
3,2,256,Circular,ARHGAP12,circARHGAP12,circLib,composition,35,0.43741296660889284
3,2,256,Circular,ARHGAP12,circARHGAP12,circLib,sibling_uncalibrated,35,0.32433895940869145
3,2,256,Circular,ARHGAP12,circARHGAP12,circLib,sibling_calibrated,35,0.32433895940869145
3,2,256,Circular,ATXN2,circATXN2,circLib,stack,12,0.17847890085912332
3,2,256,Circular,ATXN2,circATXN2,circLib,target_kmer,12,0.33854159029660796
3,2,256,Circular,ATXN2,circATXN2,circLib,composition,12,0.33854159029660796
3,2,256,Circular,ATXN2,circATXN2,circLib,sibling_uncalibrated,12,0.36066465004878884
3,2,256,Circular,ATXN2,circATXN2,circLib,sibling_calibrated,12,0.36066465004878884
3,2,256,Circular,CHD7,circCHD7,circLib,stack,87,0.14330210821627015
3,2,256,Circular,CHD7,circCHD7,circLib,target_kmer,87,0.16103916390320105
3,2,256,Circular,CHD7,circCHD7,circLib,composition,87,0.6686494068704981
3,2,256,Circular,CHD7,circCHD7,circLib,sibling_uncalibrated,87,0.20909983106513313
3,2,256,Circular,CHD7,circCHD7,circLib,sibling_calibrated,87,0.20909983106513313
3,2,256,Circular,EXOSC1,circEXOSC1,circLib,stack,14,0.3232597298779659
3,2,256,Circular,EXOSC1,circEXOSC1,circLib,target_kmer,14,0.48155113916375714
3,2,256,Circular,EXOSC1,circEXOSC1,circLib,composition,14,0.4660196665651406
3,2,256,Circular,EXOSC1,circEXOSC1,circLib,sibling_uncalibrated,14,0.435978585553197
3,2,256,Circular,EXOSC1,circEXOSC1,circLib,sibling_calibrated,14,0.435978585553197
3,2,256,Circular,FAT1,circFAT1,circLib,stack,152,0.3237439531130233
3,2,256,Circular,FAT1,circFAT1,circLib,target_kmer,152,0.4608706037228815
3,2,256,Circular,FAT1,circFAT1,circLib,composition,152,0.40254232233269577
3,2,256,Circular,FAT1,circFAT1,circLib,sibling_uncalibrated,152,0.3959074029140594
3,2,256,Circular,FAT1,circFAT1,circLib,sibling_calibrated,152,0.3959074029140594
3,2,256,Circular,GCK,Gck,nucLib,stack,24,0.4371640971757319
3,2,256,Circular,GCK,Gck,nucLib,target_kmer,24,0.4263482963842392
3,2,256,Circular,GCK,Gck,nucLib,composition,24,0.5407148833954222
3,2,256,Circular,GCK,Gck,nucLib,sibling_uncalibrated,24,0.43696700204212136
3,2,256,Circular,GCK,Gck,nucLib,sibling_calibrated,24,0.43696700204212136
3,2,256,Circular,LINC-CHD2,linc-Chd2,nucLib,stack,24,0.5678701510474147
3,2,256,Circular,LINC-CHD2,linc-Chd2,nucLib,target_kmer,24,0.47582184630361823
3,2,256,Circular,LINC-CHD2,linc-Chd2,nucLib,composition,24,0.4770739739537329
3,2,256,Circular,LINC-CHD2,linc-Chd2,nucLib,sibling_uncalibrated,24,0.7331607063324097
3,2,256,Circular,LINC-CHD2,linc-Chd2,nucLib,sibling_calibrated,24,0.7331607063324097
3,2,256,Circular,NEAT1,Neat1,nucLib,stack,123,0.3965956041693565
3,2,256,Circular,NEAT1,Neat1,nucLib,target_kmer,123,0.5188016785777846
3,2,256,Circular,NEAT1,Neat1,nucLib,composition,123,0.2936227784427376
3,2,256,Circular,NEAT1,Neat1,nucLib,sibling_uncalibrated,123,0.19778797366758907
3,2,256,Circular,NEAT1,Neat1,nucLib,sibling_calibrated,123,0.19778797366758907
3,2,256,Circular,NR2F1-AS1,Nr2f1-as1,nucLib,stack,60,0.43754724886280894
3,2,256,Circular,NR2F1-AS1,Nr2f1-as1,nucLib,target_kmer,60,0.42377465931510483
3,2,256,Circular,NR2F1-AS1,Nr2f1-as1,nucLib,composition,60,0.35590421081038626
3,2,256,Circular,NR2F1-AS1,Nr2f1-as1,nucLib,sibling_uncalibrated,60,0.43754724886280894
3,2,256,Circular,NR2F1-AS1,Nr2f1-as1,nucLib,sibling_calibrated,60,0.43754724886280894
3,2,256,Circular,RMRP,circRMRP,circLib,stack,14,0.7568787595445932
3,2,256,Circular,RMRP,circRMRP,circLib,target_kmer,14,0.3669595823383364
3,2,256,Circular,RMRP,circRMRP,circLib,composition,14,0.21137667627412227
3,2,256,Circular,RMRP,circRMRP,circLib,sibling_uncalibrated,14,0.7568787595445932
3,2,256,Circular,RMRP,circRMRP,circLib,sibling_calibrated,14,0.7568787595445932
3,2,256,SCRCircular,ARHGAP12,circARHGAP12,circLib,stack,40,0.46767115721635183
3,2,256,SCRCircular,ARHGAP12,circARHGAP12,circLib,target_kmer,40,0.5388537290495431
3,2,256,SCRCircular,ARHGAP12,circARHGAP12,circLib,composition,40,0.7274639424457697
3,2,256,SCRCircular,ARHGAP12,circARHGAP12,circLib,sibling_uncalibrated,40,0.245466792426842
3,2,256,SCRCircular,ARHGAP12,circARHGAP12,circLib,sibling_calibrated,40,0.245466792426842
3,2,256,SCRCircular,ATXN2,circATXN2,circLib,stack,15,0.4242425477038382
3,2,256,SCRCircular,ATXN2,circATXN2,circLib,target_kmer,15,0.41549167927341113
3,2,256,SCRCircular,ATXN2,circATXN2,circLib,composition,15,0.5797574529322223
3,2,256,SCRCircular,ATXN2,circATXN2,circLib,sibling_uncalibrated,15,0.4242425477038382
3,2,256,SCRCircular,ATXN2,circATXN2,circLib,sibling_calibrated,15,0.4242425477038382
3,2,256,SCRCircular,CHD7,circCHD7,circLib,stack,91,0.4127330823605183
3,2,256,SCRCircular,CHD7,circCHD7,circLib,target_kmer,91,0.4107265233839633
3,2,256,SCRCircular,CHD7,circCHD7,circLib,composition,91,0.5059818668299049
3,2,256,SCRCircular,CHD7,circCHD7,circLib,sibling_uncalibrated,91,0.4127330823605183
3,2,256,SCRCircular,CHD7,circCHD7,circLib,sibling_calibrated,91,0.4127330823605183
3,2,256,SCRCircular,EXOSC1,circEXOSC1,circLib,stack,14,0.2737037371263651
3,2,256,SCRCircular,EXOSC1,circEXOSC1,circLib,target_kmer,14,0.6471563599030639
3,2,256,SCRCircular,EXOSC1,circEXOSC1,circLib,composition,14,0.26551725882766297
3,2,256,SCRCircular,EXOSC1,circEXOSC1,circLib,sibling_uncalibrated,14,0.2737037371263651
3,2,256,SCRCircular,EXOSC1,circEXOSC1,circLib,sibling_calibrated,14,0.2737037371263651
3,2,256,SCRCircular,FAT1,circFAT1,circLib,stack,163,0.28949540352156766
3,2,256,SCRCircular,FAT1,circFAT1,circLib,target_kmer,163,0.3046923785327419
3,2,256,SCRCircular,FAT1,circFAT1,circLib,composition,163,0.5737269979610008
3,2,256,SCRCircular,FAT1,circFAT1,circLib,sibling_uncalibrated,163,0.3298759059488784
3,2,256,SCRCircular,FAT1,circFAT1,circLib,sibling_calibrated,163,0.3298759059488784
3,2,256,SCRCircular,GCK,Gck,nucLib,stack,25,0.33427896629093024
3,2,256,SCRCircular,GCK,Gck,nucLib,target_kmer,25,0.16916271627444487
3,2,256,SCRCircular,GCK,Gck,nucLib,composition,25,0.5991923123269837
3,2,256,SCRCircular,GCK,Gck,nucLib,sibling_uncalibrated,25,0.33427896629093024
3,2,256,SCRCircular,GCK,Gck,nucLib,sibling_calibrated,25,0.33427896629093024
3,2,256,SCRCircular,IFT46,circIFT46,circLib,stack,10,0.15854945962659817
3,2,256,SCRCircular,IFT46,circIFT46,circLib,target_kmer,10,0.47088738384900397
3,2,256,SCRCircular,IFT46,circIFT46,circLib,composition,10,0.5871987482831126
3,2,256,SCRCircular,IFT46,circIFT46,circLib,sibling_uncalibrated,10,0.15854945962659817
3,2,256,SCRCircular,IFT46,circIFT46,circLib,sibling_calibrated,10,0.15854945962659817
3,2,256,SCRCircular,LINC-CHD2,linc-Chd2,nucLib,stack,40,0.4575425316849272
3,2,256,SCRCircular,LINC-CHD2,linc-Chd2,nucLib,target_kmer,40,0.6525520045155979
3,2,256,SCRCircular,LINC-CHD2,linc-Chd2,nucLib,composition,40,0.428852688876059
3,2,256,SCRCircular,LINC-CHD2,linc-Chd2,nucLib,sibling_uncalibrated,40,0.5563703040434594
3,2,256,SCRCircular,LINC-CHD2,linc-Chd2,nucLib,sibling_calibrated,40,0.5563703040434594
3,2,256,SCRCircular,NEAT1,Neat1,nucLib,stack,134,0.4027055810108467
3,2,256,SCRCircular,NEAT1,Neat1,nucLib,target_kmer,134,0.4728870778822505
3,2,256,SCRCircular,NEAT1,Neat1,nucLib,composition,134,0.5636591310495822
3,2,256,SCRCircular,NEAT1,Neat1,nucLib,sibling_uncalibrated,134,0.4748372453036869
3,2,256,SCRCircular,NEAT1,Neat1,nucLib,sibling_calibrated,134,0.4748372453036869
3,2,256,SCRCircular,NR2F1-AS1,Nr2f1-as1,nucLib,stack,84,0.1325560901820558
3,2,256,SCRCircular,NR2F1-AS1,Nr2f1-as1,nucLib,target_kmer,84,0.38797977359916946
3,2,256,SCRCircular,NR2F1-AS1,Nr2f1-as1,nucLib,composition,84,0.3527306203270041
3,2,256,SCRCircular,NR2F1-AS1,Nr2f1-as1,nucLib,sibling_uncalibrated,84,0.4720201075668297
3,2,256,SCRCircular,NR2F1-AS1,Nr2f1-as1,nucLib,sibling_calibrated,84,0.4720201075668297
3,2,256,SCRCircular,RMRP,circRMRP,circLib,stack,14,0.2888753349584137
3,2,256,SCRCircular,RMRP,circRMRP,circLib,target_kmer,14,0.3949907244810458
3,2,256,SCRCircular,RMRP,circRMRP,circLib,composition,14,0.30888445086535127
3,2,256,SCRCircular,RMRP,circRMRP,circLib,sibling_uncalibrated,14,0.2888753349584137
3,2,256,SCRCircular,RMRP,circRMRP,circLib,sibling_calibrated,14,0.2888753349584137
4,0,16,Spliced,BANCR,Bancr,nucLib,stack,17,0.8214581955445286
4,0,16,Spliced,BANCR,Bancr,nucLib,target_kmer,17,0.4528829548453034
4,0,16,Spliced,BANCR,Bancr,nucLib,composition,17,0.5308717345169467
4,0,16,Spliced,BANCR,Bancr,nucLib,sibling_uncalibrated,17,0.5094699057317554
4,0,16,Spliced,BANCR,Bancr,nucLib,sibling_calibrated,17,0.5094699057317554
4,0,16,Spliced,CSNK1G3,circCSNK1G3,circLib,stack,45,0.6348929854601726
4,0,16,Spliced,CSNK1G3,circCSNK1G3,circLib,target_kmer,45,0.5684256966626691
4,0,16,Spliced,CSNK1G3,circCSNK1G3,circLib,composition,45,0.7988773309069649
4,0,16,Spliced,CSNK1G3,circCSNK1G3,circLib,sibling_uncalibrated,45,0.7413714798018127
4,0,16,Spliced,CSNK1G3,circCSNK1G3,circLib,sibling_calibrated,45,0.7413714798018127
4,0,16,Spliced,GRHPR,circGRHPR,circLib,stack,17,0.8320936432654702
4,0,16,Spliced,GRHPR,circGRHPR,circLib,target_kmer,17,0.6061959501027738
4,0,16,Spliced,GRHPR,circGRHPR,circLib,composition,17,0.3847682355261675
4,0,16,Spliced,GRHPR,circGRHPR,circLib,sibling_uncalibrated,17,0.31752102533996274
4,0,16,Spliced,GRHPR,circGRHPR,circLib,sibling_calibrated,17,0.31752102533996274
4,0,16,Spliced,MAN1A2,circMAN1A2,circLib,stack,27,0.5071641045816428
4,0,16,Spliced,MAN1A2,circMAN1A2,circLib,target_kmer,27,0.3870434268143288
4,0,16,Spliced,MAN1A2,circMAN1A2,circLib,composition,27,0.6440302259879086
4,0,16,Spliced,MAN1A2,circMAN1A2,circLib,sibling_uncalibrated,27,0.3721747811542684
4,0,16,Spliced,MAN1A2,circMAN1A2,circLib,sibling_calibrated,27,0.3721747811542684
4,0,16,Spliced,MAP3K1,circMAP3K1,circLib,stack,24,0.711253248687346
4,0,16,Spliced,MAP3K1,circMAP3K1,circLib,target_kmer,24,0.4908788665088678
4,0,16,Spliced,MAP3K1,circMAP3K1,circLib,composition,24,0.2203743821784782
4,0,16,Spliced,MAP3K1,circMAP3K1,circLib,sibling_uncalibrated,24,0.7895568756640217
4,0,16,Spliced,MAP3K1,circMAP3K1,circLib,sibling_calibrated,24,0.7895568756640217
4,0,16,Spliced,MAPK1,circMAPK1,circLib,stack,19,0.1583411786396856
4,0,16,Spliced,MAPK1,circMAPK1,circLib,target_kmer,19,0.06795712569134747
4,0,16,Spliced,MAPK1,circMAPK1,circLib,composition,19,0.7359347685026039
4,0,16,Spliced,MAPK1,circMAPK1,circLib,sibling_uncalibrated,19,0.1583411786396856
4,0,16,Spliced,MAPK1,circMAPK1,circLib,sibling_calibrated,19,0.1583411786396856
4,0,16,Spliced,MEGAMIND,Megamind,nucLib,stack,93,0.3360896837169899
4,0,16,Spliced,MEGAMIND,Megamind,nucLib,target_kmer,93,0.7166607293495018
4,0,16,Spliced,MEGAMIND,Megamind,nucLib,composition,93,0.5447272269810295
4,0,16,Spliced,MEGAMIND,Megamind,nucLib,sibling_uncalibrated,93,0.2930536516184341
4,0,16,Spliced,MEGAMIND,Megamind,nucLib,sibling_calibrated,93,0.2930536516184341
4,0,16,Spliced,PSD3,circPSD3,circLib,stack,27,0.6525968364884025
4,0,16,Spliced,PSD3,circPSD3,circLib,target_kmer,27,0.48749681966434755
4,0,16,Spliced,PSD3,circPSD3,circLib,composition,27,0.42790126264175055
4,0,16,Spliced,PSD3,circPSD3,circLib,sibling_uncalibrated,27,0.3475214853440497
4,0,16,Spliced,PSD3,circPSD3,circLib,sibling_calibrated,27,0.3475214853440497
4,0,16,Spliced,TERC,Terc,nucLib,stack,31,0.7201984044994783
4,0,16,Spliced,TERC,Terc,nucLib,target_kmer,31,0.5340907058973607
4,0,16,Spliced,TERC,Terc,nucLib,composition,31,0.2139891274601411
4,0,16,Spliced,TERC,Terc,nucLib,sibling_uncalibrated,31,0.6478416898992884
4,0,16,Spliced,TERC,Terc,nucLib,sibling_calibrated,31,0.6478416898992884
4,0,16,Spliced,TMEM184B,circTMEM184B,circLib,stack,26,0.5272014164889329
4,0,16,Spliced,TMEM184B,circTMEM184B,circLib,target_kmer,26,0.5958547747214729
4,0,16,Spliced,TMEM184B,circTMEM184B,circLib,composition,26,0.5423245612293006
4,0,16,Spliced,TMEM184B,circTMEM184B,circLib,sibling_uncalibrated,26,0.2326653380554835
4,0,16,Spliced,TMEM184B,circTMEM184B,circLib,sibling_calibrated,26,0.2326653380554835
4,0,16,Spliced,UGP2,circUGP2,circLib,stack,12,0.549233296434231
4,0,16,Spliced,UGP2,circUGP2,circLib,target_kmer,12,0.5367721680658247
4,0,16,Spliced,UGP2,circUGP2,circLib,composition,12,0.549233296434231
4,0,16,Spliced,UGP2,circUGP2,circLib,sibling_uncalibrated,12,0.743049252435485
4,0,16,Spliced,UGP2,circUGP2,circLib,sibling_calibrated,12,0.743049252435485
4,0,16,Unspliced,BANCR,Bancr,nucLib,stack,13,0.20086405763566229
4,0,16,Unspliced,BANCR,Bancr,nucLib,target_kmer,13,0.3036336490888664
4,0,16,Unspliced,BANCR,Bancr,nucLib,composition,13,0.3971323003215932
4,0,16,Unspliced,BANCR,Bancr,nucLib,sibling_uncalibrated,13,0.6762333772775496
4,0,16,Unspliced,BANCR,Bancr,nucLib,sibling_calibrated,13,0.6762333772775496
4,0,16,Unspliced,CSNK1G3,circCSNK1G3,circLib,stack,46,0.5427190133430451
4,0,16,Unspliced,CSNK1G3,circCSNK1G3,circLib,target_kmer,46,0.356202571718262
4,0,16,Unspliced,CSNK1G3,circCSNK1G3,circLib,composition,46,0.49291944613685684
4,0,16,Unspliced,CSNK1G3,circCSNK1G3,circLib,sibling_uncalibrated,46,0.5189457336024359
4,0,16,Unspliced,CSNK1G3,circCSNK1G3,circLib,sibling_calibrated,46,0.5189457336024359
4,0,16,Unspliced,GRHPR,circGRHPR,circLib,stack,17,0.7286127541003833
4,0,16,Unspliced,GRHPR,circGRHPR,circLib,target_kmer,17,0.519748599821052
4,0,16,Unspliced,GRHPR,circGRHPR,circLib,composition,17,0.6024066284203127
4,0,16,Unspliced,GRHPR,circGRHPR,circLib,sibling_uncalibrated,17,0.09722434057182407
4,0,16,Unspliced,GRHPR,circGRHPR,circLib,sibling_calibrated,17,0.09722434057182407
4,0,16,Unspliced,MAN1A2,circMAN1A2,circLib,stack,28,0.6960778789727979
4,0,16,Unspliced,MAN1A2,circMAN1A2,circLib,target_kmer,28,0.4492528980294617
4,0,16,Unspliced,MAN1A2,circMAN1A2,circLib,composition,28,0.4988067362224685
4,0,16,Unspliced,MAN1A2,circMAN1A2,circLib,sibling_uncalibrated,28,0.476854834662664
4,0,16,Unspliced,MAN1A2,circMAN1A2,circLib,sibling_calibrated,28,0.476854834662664
4,0,16,Unspliced,MAP3K1,circMAP3K1,circLib,stack,24,0.4218185733924992
4,0,16,Unspliced,MAP3K1,circMAP3K1,circLib,target_kmer,24,0.5538987760943658
4,0,16,Unspliced,MAP3K1,circMAP3K1,circLib,composition,24,0.11973421781141685
4,0,16,Unspliced,MAP3K1,circMAP3K1,circLib,sibling_uncalibrated,24,0.5060598621305068
4,0,16,Unspliced,MAP3K1,circMAP3K1,circLib,sibling_calibrated,24,0.5060598621305068
4,0,16,Unspliced,MAPK1,circMAPK1,circLib,stack,19,0.07335065697999485
4,0,16,Unspliced,MAPK1,circMAPK1,circLib,target_kmer,19,0.5841422009673494
4,0,16,Unspliced,MAPK1,circMAPK1,circLib,composition,19,0.613567496599146
4,0,16,Unspliced,MAPK1,circMAPK1,circLib,sibling_uncalibrated,19,0.1789457978708024
4,0,16,Unspliced,MAPK1,circMAPK1,circLib,sibling_calibrated,19,0.1789457978708024
4,0,16,Unspliced,MEGAMIND,Megamind,nucLib,stack,76,0.367143702501416
4,0,16,Unspliced,MEGAMIND,Megamind,nucLib,target_kmer,76,0.7491465090918312
4,0,16,Unspliced,MEGAMIND,Megamind,nucLib,composition,76,0.3574695036899901
4,0,16,Unspliced,MEGAMIND,Megamind,nucLib,sibling_uncalibrated,76,0.2265756722713939
4,0,16,Unspliced,MEGAMIND,Megamind,nucLib,sibling_calibrated,76,0.2265756722713939
4,0,16,Unspliced,PSD3,circPSD3,circLib,stack,27,0.4015059235872278
4,0,16,Unspliced,PSD3,circPSD3,circLib,target_kmer,27,0.2820972724545698
4,0,16,Unspliced,PSD3,circPSD3,circLib,composition,27,0.4485491669234085
4,0,16,Unspliced,PSD3,circPSD3,circLib,sibling_uncalibrated,27,0.36803725587436453
4,0,16,Unspliced,PSD3,circPSD3,circLib,sibling_calibrated,27,0.36803725587436453
4,0,16,Unspliced,TERC,Terc,nucLib,stack,26,0.5288257549631907
4,0,16,Unspliced,TERC,Terc,nucLib,target_kmer,26,0.5560329803887161
4,0,16,Unspliced,TERC,Terc,nucLib,composition,26,0.510214952608892
4,0,16,Unspliced,TERC,Terc,nucLib,sibling_uncalibrated,26,0.5389261534510671
4,0,16,Unspliced,TERC,Terc,nucLib,sibling_calibrated,26,0.5389261534510671
4,0,16,Unspliced,TMEM184B,circTMEM184B,circLib,stack,26,0.22898418360115008
4,0,16,Unspliced,TMEM184B,circTMEM184B,circLib,target_kmer,26,0.6763512927881914
4,0,16,Unspliced,TMEM184B,circTMEM184B,circLib,composition,26,0.5015729944740385
4,0,16,Unspliced,TMEM184B,circTMEM184B,circLib,sibling_uncalibrated,26,0.5480701385926767
4,0,16,Unspliced,TMEM184B,circTMEM184B,circLib,sibling_calibrated,26,0.5480701385926767
4,0,16,Unspliced,UGP2,circUGP2,circLib,stack,11,0.29052512581388557
4,0,16,Unspliced,UGP2,circUGP2,circLib,target_kmer,11,0.36467798642823784
4,0,16,Unspliced,UGP2,circUGP2,circLib,composition,11,0.8170951578892554
4,0,16,Unspliced,UGP2,circUGP2,circLib,sibling_uncalibrated,11,0.0
4,0,16,Unspliced,UGP2,circUGP2,circLib,sibling_calibrated,11,0.0
4,0,16,Circular,BANCR,Bancr,nucLib,stack,15,0.6843392680427024
4,0,16,Circular,BANCR,Bancr,nucLib,target_kmer,15,0.49316618551277114
4,0,16,Circular,BANCR,Bancr,nucLib,composition,15,0.342019904919487
4,0,16,Circular,BANCR,Bancr,nucLib,sibling_uncalibrated,15,0.6345301050355361
4,0,16,Circular,BANCR,Bancr,nucLib,sibling_calibrated,15,0.6345301050355361
4,0,16,Circular,CSNK1G3,circCSNK1G3,circLib,stack,40,0.27608551746648813
4,0,16,Circular,CSNK1G3,circCSNK1G3,circLib,target_kmer,40,0.3573991255557344
4,0,16,Circular,CSNK1G3,circCSNK1G3,circLib,composition,40,0.7485832367669328
4,0,16,Circular,CSNK1G3,circCSNK1G3,circLib,sibling_uncalibrated,40,0.3125214880557925
4,0,16,Circular,CSNK1G3,circCSNK1G3,circLib,sibling_calibrated,40,0.3125214880557925
4,0,16,Circular,GRHPR,circGRHPR,circLib,stack,17,0.573487965399962
4,0,16,Circular,GRHPR,circGRHPR,circLib,target_kmer,17,0.5635282040555043
4,0,16,Circular,GRHPR,circGRHPR,circLib,composition,17,0.7523356129933596
4,0,16,Circular,GRHPR,circGRHPR,circLib,sibling_uncalibrated,17,0.17777718156337013
4,0,16,Circular,GRHPR,circGRHPR,circLib,sibling_calibrated,17,0.17777718156337013
4,0,16,Circular,MAN1A2,circMAN1A2,circLib,stack,19,0.06930605666560073
4,0,16,Circular,MAN1A2,circMAN1A2,circLib,target_kmer,19,0.6581695690063227
4,0,16,Circular,MAN1A2,circMAN1A2,circLib,composition,19,0.4331780516596166
4,0,16,Circular,MAN1A2,circMAN1A2,circLib,sibling_uncalibrated,19,0.11697947087548305
4,0,16,Circular,MAN1A2,circMAN1A2,circLib,sibling_calibrated,19,0.11697947087548305
4,0,16,Circular,MAP3K1,circMAP3K1,circLib,stack,24,0.6247377904627647
4,0,16,Circular,MAP3K1,circMAP3K1,circLib,target_kmer,24,0.13261157159635234
4,0,16,Circular,MAP3K1,circMAP3K1,circLib,composition,24,0.42552721367502266
4,0,16,Circular,MAP3K1,circMAP3K1,circLib,sibling_uncalibrated,24,0.5163010730806312
4,0,16,Circular,MAP3K1,circMAP3K1,circLib,sibling_calibrated,24,0.5163010730806312
4,0,16,Circular,MAPK1,circMAPK1,circLib,stack,17,0.586225470288146
4,0,16,Circular,MAPK1,circMAPK1,circLib,target_kmer,17,0.06662804340542997
4,0,16,Circular,MAPK1,circMAPK1,circLib,composition,17,0.06662804340542997
4,0,16,Circular,MAPK1,circMAPK1,circLib,sibling_uncalibrated,17,0.47511286907889916
4,0,16,Circular,MAPK1,circMAPK1,circLib,sibling_calibrated,17,0.47511286907889916
4,0,16,Circular,MEGAMIND,Megamind,nucLib,stack,89,0.4210813392711708
4,0,16,Circular,MEGAMIND,Megamind,nucLib,target_kmer,89,0.5053949304057654
4,0,16,Circular,MEGAMIND,Megamind,nucLib,composition,89,0.6062603887218267
4,0,16,Circular,MEGAMIND,Megamind,nucLib,sibling_uncalibrated,89,0.2410533509323835
4,0,16,Circular,MEGAMIND,Megamind,nucLib,sibling_calibrated,89,0.2410533509323835
4,0,16,Circular,PSD3,circPSD3,circLib,stack,26,0.6836321900691136
4,0,16,Circular,PSD3,circPSD3,circLib,target_kmer,26,0.42623210662979083
4,0,16,Circular,PSD3,circPSD3,circLib,composition,26,0.6130736344677303
4,0,16,Circular,PSD3,circPSD3,circLib,sibling_uncalibrated,26,0.15347140315104932
4,0,16,Circular,PSD3,circPSD3,circLib,sibling_calibrated,26,0.15347140315104932
4,0,16,Circular,TERC,Terc,nucLib,stack,32,0.3303741747093718
4,0,16,Circular,TERC,Terc,nucLib,target_kmer,32,0.006264470484254081
4,0,16,Circular,TERC,Terc,nucLib,composition,32,0.17192264451973283
4,0,16,Circular,TERC,Terc,nucLib,sibling_uncalibrated,32,0.2107620686269709
4,0,16,Circular,TERC,Terc,nucLib,sibling_calibrated,32,0.2107620686269709
4,0,16,Circular,TMEM184B,circTMEM184B,circLib,stack,26,0.3508408315078273
4,0,16,Circular,TMEM184B,circTMEM184B,circLib,target_kmer,26,0.2188427235822919
4,0,16,Circular,TMEM184B,circTMEM184B,circLib,composition,26,0.5715397615360248
4,0,16,Circular,TMEM184B,circTMEM184B,circLib,sibling_uncalibrated,26,0.6020809794445707
4,0,16,Circular,TMEM184B,circTMEM184B,circLib,sibling_calibrated,26,0.6020809794445707
4,0,16,Circular,UGP2,circUGP2,circLib,stack,10,0.19447715399002086
4,0,16,Circular,UGP2,circUGP2,circLib,target_kmer,10,0.630959581007984
4,0,16,Circular,UGP2,circUGP2,circLib,composition,10,0.5899165543490352
4,0,16,Circular,UGP2,circUGP2,circLib,sibling_uncalibrated,10,0.7361934944939352
4,0,16,Circular,UGP2,circUGP2,circLib,sibling_calibrated,10,0.7361934944939352
4,0,16,SCRCircular,BANCR,Bancr,nucLib,stack,18,0.5026308199828959
4,0,16,SCRCircular,BANCR,Bancr,nucLib,target_kmer,18,0.2044483562159619
4,0,16,SCRCircular,BANCR,Bancr,nucLib,composition,18,0.41763140611646676
4,0,16,SCRCircular,BANCR,Bancr,nucLib,sibling_uncalibrated,18,0.4387717747811537
4,0,16,SCRCircular,BANCR,Bancr,nucLib,sibling_calibrated,18,0.4387717747811537
4,0,16,SCRCircular,CSNK1G3,circCSNK1G3,circLib,stack,46,0.43421637449839784
4,0,16,SCRCircular,CSNK1G3,circCSNK1G3,circLib,target_kmer,46,0.29858570611530505
4,0,16,SCRCircular,CSNK1G3,circCSNK1G3,circLib,composition,46,0.3221642196941271
4,0,16,SCRCircular,CSNK1G3,circCSNK1G3,circLib,sibling_uncalibrated,46,0.41133325640315693
4,0,16,SCRCircular,CSNK1G3,circCSNK1G3,circLib,sibling_calibrated,46,0.41133325640315693
4,0,16,SCRCircular,GRHPR,circGRHPR,circLib,stack,17,0.14564099920942425
4,0,16,SCRCircular,GRHPR,circGRHPR,circLib,target_kmer,17,0.43567897150854173
4,0,16,SCRCircular,GRHPR,circGRHPR,circLib,composition,17,0.43763332493222884
4,0,16,SCRCircular,GRHPR,circGRHPR,circLib,sibling_uncalibrated,17,0.14564099920942425
4,0,16,SCRCircular,GRHPR,circGRHPR,circLib,sibling_calibrated,17,0.14564099920942425
4,0,16,SCRCircular,MAN1A2,circMAN1A2,circLib,stack,25,0.24065228382053794
4,0,16,SCRCircular,MAN1A2,circMAN1A2,circLib,target_kmer,25,0.26350567805927
4,0,16,SCRCircular,MAN1A2,circMAN1A2,circLib,composition,25,0.45351375170226027
4,0,16,SCRCircular,MAN1A2,circMAN1A2,circLib,sibling_uncalibrated,25,0.12494183353630234
4,0,16,SCRCircular,MAN1A2,circMAN1A2,circLib,sibling_calibrated,25,0.12494183353630234
4,0,16,SCRCircular,MAP3K1,circMAP3K1,circLib,stack,24,0.30547058245752423
4,0,16,SCRCircular,MAP3K1,circMAP3K1,circLib,target_kmer,24,0.6623908264176941
4,0,16,SCRCircular,MAP3K1,circMAP3K1,circLib,composition,24,0.8062369477174396
4,0,16,SCRCircular,MAP3K1,circMAP3K1,circLib,sibling_uncalibrated,24,0.30547058245752423
4,0,16,SCRCircular,MAP3K1,circMAP3K1,circLib,sibling_calibrated,24,0.30547058245752423
4,0,16,SCRCircular,MAPK1,circMAPK1,circLib,stack,19,0.2734923098722884
4,0,16,SCRCircular,MAPK1,circMAPK1,circLib,target_kmer,19,0.5527476739042567
4,0,16,SCRCircular,MAPK1,circMAPK1,circLib,composition,19,0.6818665670780302
4,0,16,SCRCircular,MAPK1,circMAPK1,circLib,sibling_uncalibrated,19,0.3901247302521801
4,0,16,SCRCircular,MAPK1,circMAPK1,circLib,sibling_calibrated,19,0.3901247302521801
4,0,16,SCRCircular,MEGAMIND,Megamind,nucLib,stack,99,0.39301007701808116
4,0,16,SCRCircular,MEGAMIND,Megamind,nucLib,target_kmer,99,0.17351934625689774
4,0,16,SCRCircular,MEGAMIND,Megamind,nucLib,composition,99,0.5306741036587543
4,0,16,SCRCircular,MEGAMIND,Megamind,nucLib,sibling_uncalibrated,99,0.41077100779670805
4,0,16,SCRCircular,MEGAMIND,Megamind,nucLib,sibling_calibrated,99,0.41077100779670805
4,0,16,SCRCircular,PSD3,circPSD3,circLib,stack,27,0.49370150424062376
4,0,16,SCRCircular,PSD3,circPSD3,circLib,target_kmer,27,0.5658674181064139
4,0,16,SCRCircular,PSD3,circPSD3,circLib,composition,27,0.8437994478125876
4,0,16,SCRCircular,PSD3,circPSD3,circLib,sibling_uncalibrated,27,0.6159075276836032
4,0,16,SCRCircular,PSD3,circPSD3,circLib,sibling_calibrated,27,0.6159075276836032
4,0,16,SCRCircular,TERC,Terc,nucLib,stack,32,0.5647704980905468
4,0,16,SCRCircular,TERC,Terc,nucLib,target_kmer,32,0.10349806215465111
4,0,16,SCRCircular,TERC,Terc,nucLib,composition,32,0.4879189815602575
4,0,16,SCRCircular,TERC,Terc,nucLib,sibling_uncalibrated,32,0.5647704980905468
4,0,16,SCRCircular,TERC,Terc,nucLib,sibling_calibrated,32,0.5647704980905468
4,0,16,SCRCircular,TMEM184B,circTMEM184B,circLib,stack,26,0.16819013149010825
4,0,16,SCRCircular,TMEM184B,circTMEM184B,circLib,target_kmer,26,0.3940159605180501
4,0,16,SCRCircular,TMEM184B,circTMEM184B,circLib,composition,26,0.80664040195468
4,0,16,SCRCircular,TMEM184B,circTMEM184B,circLib,sibling_uncalibrated,26,0.14698028530783844
4,0,16,SCRCircular,TMEM184B,circTMEM184B,circLib,sibling_calibrated,26,0.14698028530783844
4,0,16,SCRCircular,UGP2,circUGP2,circLib,stack,12,0.5225458682979383
4,0,16,SCRCircular,UGP2,circUGP2,circLib,target_kmer,12,0.30109428948067246
4,0,16,SCRCircular,UGP2,circUGP2,circLib,composition,12,0.47745413170206163
4,0,16,SCRCircular,UGP2,circUGP2,circLib,sibling_uncalibrated,12,0.5225458682979383
4,0,16,SCRCircular,UGP2,circUGP2,circLib,sibling_calibrated,12,0.5225458682979383
4,0,64,Spliced,BANCR,Bancr,nucLib,stack,17,0.5094699057317554
4,0,64,Spliced,BANCR,Bancr,nucLib,target_kmer,17,0.6105042308074511
4,0,64,Spliced,BANCR,Bancr,nucLib,composition,17,0.3465846050689588
4,0,64,Spliced,BANCR,Bancr,nucLib,sibling_uncalibrated,17,0.5094699057317554
4,0,64,Spliced,BANCR,Bancr,nucLib,sibling_calibrated,17,0.5094699057317554
4,0,64,Spliced,CSNK1G3,circCSNK1G3,circLib,stack,45,0.7413714798018127
4,0,64,Spliced,CSNK1G3,circCSNK1G3,circLib,target_kmer,45,0.48761981325685544
4,0,64,Spliced,CSNK1G3,circCSNK1G3,circLib,composition,45,0.5546653095708046
4,0,64,Spliced,CSNK1G3,circCSNK1G3,circLib,sibling_uncalibrated,45,0.7413714798018127
4,0,64,Spliced,CSNK1G3,circCSNK1G3,circLib,sibling_calibrated,45,0.7413714798018127
4,0,64,Spliced,GRHPR,circGRHPR,circLib,stack,17,0.31752102533996274
4,0,64,Spliced,GRHPR,circGRHPR,circLib,target_kmer,17,0.5289928655454169
4,0,64,Spliced,GRHPR,circGRHPR,circLib,composition,17,0.07571367956709422
4,0,64,Spliced,GRHPR,circGRHPR,circLib,sibling_uncalibrated,17,0.31752102533996274
4,0,64,Spliced,GRHPR,circGRHPR,circLib,sibling_calibrated,17,0.31752102533996274
4,0,64,Spliced,MAN1A2,circMAN1A2,circLib,stack,27,0.3721747811542684
4,0,64,Spliced,MAN1A2,circMAN1A2,circLib,target_kmer,27,0.7693452274769761
4,0,64,Spliced,MAN1A2,circMAN1A2,circLib,composition,27,0.3063608329493581
4,0,64,Spliced,MAN1A2,circMAN1A2,circLib,sibling_uncalibrated,27,0.3721747811542684
4,0,64,Spliced,MAN1A2,circMAN1A2,circLib,sibling_calibrated,27,0.3721747811542684
4,0,64,Spliced,MAP3K1,circMAP3K1,circLib,stack,24,0.7895568756640217
4,0,64,Spliced,MAP3K1,circMAP3K1,circLib,target_kmer,24,0.8953277480409336
4,0,64,Spliced,MAP3K1,circMAP3K1,circLib,composition,24,0.5287360379213165
4,0,64,Spliced,MAP3K1,circMAP3K1,circLib,sibling_uncalibrated,24,0.7895568756640217
4,0,64,Spliced,MAP3K1,circMAP3K1,circLib,sibling_calibrated,24,0.7895568756640217
4,0,64,Spliced,MAPK1,circMAPK1,circLib,stack,19,0.6173931171246628
4,0,64,Spliced,MAPK1,circMAPK1,circLib,target_kmer,19,0.4352535111769959
4,0,64,Spliced,MAPK1,circMAPK1,circLib,composition,19,0.4005845954121968
4,0,64,Spliced,MAPK1,circMAPK1,circLib,sibling_uncalibrated,19,0.1583411786396856
4,0,64,Spliced,MAPK1,circMAPK1,circLib,sibling_calibrated,19,0.1583411786396856
4,0,64,Spliced,MEGAMIND,Megamind,nucLib,stack,93,0.2930536516184341
4,0,64,Spliced,MEGAMIND,Megamind,nucLib,target_kmer,93,0.5096643968555712
4,0,64,Spliced,MEGAMIND,Megamind,nucLib,composition,93,0.37529491227643963
4,0,64,Spliced,MEGAMIND,Megamind,nucLib,sibling_uncalibrated,93,0.2930536516184341
4,0,64,Spliced,MEGAMIND,Megamind,nucLib,sibling_calibrated,93,0.2930536516184341
4,0,64,Spliced,PSD3,circPSD3,circLib,stack,27,0.3475214853440497
4,0,64,Spliced,PSD3,circPSD3,circLib,target_kmer,27,0.2964066755261666
4,0,64,Spliced,PSD3,circPSD3,circLib,composition,27,0.33841565896160786
4,0,64,Spliced,PSD3,circPSD3,circLib,sibling_uncalibrated,27,0.3475214853440497
4,0,64,Spliced,PSD3,circPSD3,circLib,sibling_calibrated,27,0.3475214853440497
4,0,64,Spliced,TERC,Terc,nucLib,stack,31,0.40453339705268254
4,0,64,Spliced,TERC,Terc,nucLib,target_kmer,31,0.6375855584224568
4,0,64,Spliced,TERC,Terc,nucLib,composition,31,0.40453339705268254
4,0,64,Spliced,TERC,Terc,nucLib,sibling_uncalibrated,31,0.6478416898992884
4,0,64,Spliced,TERC,Terc,nucLib,sibling_calibrated,31,0.6478416898992884
4,0,64,Spliced,TMEM184B,circTMEM184B,circLib,stack,26,0.2326653380554835
4,0,64,Spliced,TMEM184B,circTMEM184B,circLib,target_kmer,26,0.6166549163607271
4,0,64,Spliced,TMEM184B,circTMEM184B,circLib,composition,26,0.5977727899046519
4,0,64,Spliced,TMEM184B,circTMEM184B,circLib,sibling_uncalibrated,26,0.2326653380554835
4,0,64,Spliced,TMEM184B,circTMEM184B,circLib,sibling_calibrated,26,0.2326653380554835
4,0,64,Spliced,UGP2,circUGP2,circLib,stack,12,0.6556430863234172
4,0,64,Spliced,UGP2,circUGP2,circLib,target_kmer,12,0.6333212705983597
4,0,64,Spliced,UGP2,circUGP2,circLib,composition,12,0.5367721680658247
4,0,64,Spliced,UGP2,circUGP2,circLib,sibling_uncalibrated,12,0.743049252435485
4,0,64,Spliced,UGP2,circUGP2,circLib,sibling_calibrated,12,0.743049252435485
4,0,64,Unspliced,BANCR,Bancr,nucLib,stack,13,0.20086405763566229
4,0,64,Unspliced,BANCR,Bancr,nucLib,target_kmer,13,0.7478951761412432
4,0,64,Unspliced,BANCR,Bancr,nucLib,composition,13,0.3971323003215932
4,0,64,Unspliced,BANCR,Bancr,nucLib,sibling_uncalibrated,13,0.6762333772775496
4,0,64,Unspliced,BANCR,Bancr,nucLib,sibling_calibrated,13,0.6762333772775496
4,0,64,Unspliced,CSNK1G3,circCSNK1G3,circLib,stack,46,0.46641678579989215
4,0,64,Unspliced,CSNK1G3,circCSNK1G3,circLib,target_kmer,46,0.3842511436932531
4,0,64,Unspliced,CSNK1G3,circCSNK1G3,circLib,composition,46,0.6434903729091264
4,0,64,Unspliced,CSNK1G3,circCSNK1G3,circLib,sibling_uncalibrated,46,0.5189457336024359
4,0,64,Unspliced,CSNK1G3,circCSNK1G3,circLib,sibling_calibrated,46,0.5189457336024359
4,0,64,Unspliced,GRHPR,circGRHPR,circLib,stack,17,0.7530363238545998
4,0,64,Unspliced,GRHPR,circGRHPR,circLib,target_kmer,17,0.4746800300589492
4,0,64,Unspliced,GRHPR,circGRHPR,circLib,composition,17,0.37061204961068994
4,0,64,Unspliced,GRHPR,circGRHPR,circLib,sibling_uncalibrated,17,0.09722434057182407
4,0,64,Unspliced,GRHPR,circGRHPR,circLib,sibling_calibrated,17,0.09722434057182407
4,0,64,Unspliced,MAN1A2,circMAN1A2,circLib,stack,28,0.223634844243304
4,0,64,Unspliced,MAN1A2,circMAN1A2,circLib,target_kmer,28,0.7821130412196602
4,0,64,Unspliced,MAN1A2,circMAN1A2,circLib,composition,28,0.416102102264585
4,0,64,Unspliced,MAN1A2,circMAN1A2,circLib,sibling_uncalibrated,28,0.476854834662664
4,0,64,Unspliced,MAN1A2,circMAN1A2,circLib,sibling_calibrated,28,0.476854834662664
4,0,64,Unspliced,MAP3K1,circMAP3K1,circLib,stack,24,0.43120763665891215
4,0,64,Unspliced,MAP3K1,circMAP3K1,circLib,target_kmer,24,0.36973338190735316
4,0,64,Unspliced,MAP3K1,circMAP3K1,circLib,composition,24,0.11973421781141685
4,0,64,Unspliced,MAP3K1,circMAP3K1,circLib,sibling_uncalibrated,24,0.5060598621305068
4,0,64,Unspliced,MAP3K1,circMAP3K1,circLib,sibling_calibrated,24,0.5060598621305068
4,0,64,Unspliced,MAPK1,circMAPK1,circLib,stack,19,0.15607600386270973
4,0,64,Unspliced,MAPK1,circMAPK1,circLib,target_kmer,19,0.6175756277160293
4,0,64,Unspliced,MAPK1,circMAPK1,circLib,composition,19,0.5246178555908251
4,0,64,Unspliced,MAPK1,circMAPK1,circLib,sibling_uncalibrated,19,0.1789457978708024
4,0,64,Unspliced,MAPK1,circMAPK1,circLib,sibling_calibrated,19,0.1789457978708024
4,0,64,Unspliced,MEGAMIND,Megamind,nucLib,stack,76,0.367143702501416
4,0,64,Unspliced,MEGAMIND,Megamind,nucLib,target_kmer,76,0.6054083335446729
4,0,64,Unspliced,MEGAMIND,Megamind,nucLib,composition,76,0.3409305707015631
4,0,64,Unspliced,MEGAMIND,Megamind,nucLib,sibling_uncalibrated,76,0.2265756722713939
4,0,64,Unspliced,MEGAMIND,Megamind,nucLib,sibling_calibrated,76,0.2265756722713939
4,0,64,Unspliced,PSD3,circPSD3,circLib,stack,27,0.49092179057891805
4,0,64,Unspliced,PSD3,circPSD3,circLib,target_kmer,27,0.2713195570479819
4,0,64,Unspliced,PSD3,circPSD3,circLib,composition,27,0.49949578788370064
4,0,64,Unspliced,PSD3,circPSD3,circLib,sibling_uncalibrated,27,0.36803725587436453
4,0,64,Unspliced,PSD3,circPSD3,circLib,sibling_calibrated,27,0.36803725587436453
4,0,64,Unspliced,TERC,Terc,nucLib,stack,26,0.6443382706792905
4,0,64,Unspliced,TERC,Terc,nucLib,target_kmer,26,0.5377825672228356
4,0,64,Unspliced,TERC,Terc,nucLib,composition,26,0.510214952608892
4,0,64,Unspliced,TERC,Terc,nucLib,sibling_uncalibrated,26,0.5389261534510671
4,0,64,Unspliced,TERC,Terc,nucLib,sibling_calibrated,26,0.5389261534510671
4,0,64,Unspliced,TMEM184B,circTMEM184B,circLib,stack,26,0.5434080760677599
4,0,64,Unspliced,TMEM184B,circTMEM184B,circLib,target_kmer,26,0.15550829903037913
4,0,64,Unspliced,TMEM184B,circTMEM184B,circLib,composition,26,0.6763512927881914
4,0,64,Unspliced,TMEM184B,circTMEM184B,circLib,sibling_uncalibrated,26,0.5480701385926767
4,0,64,Unspliced,TMEM184B,circTMEM184B,circLib,sibling_calibrated,26,0.5480701385926767
4,0,64,Unspliced,UGP2,circUGP2,circLib,stack,11,0.05111160686684248
4,0,64,Unspliced,UGP2,circUGP2,circLib,target_kmer,11,0.5047867886351409
4,0,64,Unspliced,UGP2,circUGP2,circLib,composition,11,0.5294009966544319
4,0,64,Unspliced,UGP2,circUGP2,circLib,sibling_uncalibrated,11,0.0
4,0,64,Unspliced,UGP2,circUGP2,circLib,sibling_calibrated,11,0.0
4,0,64,Circular,BANCR,Bancr,nucLib,stack,15,0.6345301050355361
4,0,64,Circular,BANCR,Bancr,nucLib,target_kmer,15,0.4981838845608142
4,0,64,Circular,BANCR,Bancr,nucLib,composition,15,0.4067071823227313
4,0,64,Circular,BANCR,Bancr,nucLib,sibling_uncalibrated,15,0.6345301050355361
4,0,64,Circular,BANCR,Bancr,nucLib,sibling_calibrated,15,0.6345301050355361
4,0,64,Circular,CSNK1G3,circCSNK1G3,circLib,stack,40,0.3125214880557925
4,0,64,Circular,CSNK1G3,circCSNK1G3,circLib,target_kmer,40,0.3264670659689004
4,0,64,Circular,CSNK1G3,circCSNK1G3,circLib,composition,40,0.7485832367669328
4,0,64,Circular,CSNK1G3,circCSNK1G3,circLib,sibling_uncalibrated,40,0.3125214880557925
4,0,64,Circular,CSNK1G3,circCSNK1G3,circLib,sibling_calibrated,40,0.3125214880557925
4,0,64,Circular,GRHPR,circGRHPR,circLib,stack,17,0.17777718156337013
4,0,64,Circular,GRHPR,circGRHPR,circLib,target_kmer,17,0.9165701983510184
4,0,64,Circular,GRHPR,circGRHPR,circLib,composition,17,0.6410243815418796
4,0,64,Circular,GRHPR,circGRHPR,circLib,sibling_uncalibrated,17,0.17777718156337013
4,0,64,Circular,GRHPR,circGRHPR,circLib,sibling_calibrated,17,0.17777718156337013
4,0,64,Circular,MAN1A2,circMAN1A2,circLib,stack,19,0.11697947087548305
4,0,64,Circular,MAN1A2,circMAN1A2,circLib,target_kmer,19,0.11697947087548305
4,0,64,Circular,MAN1A2,circMAN1A2,circLib,composition,19,0.39901827445452476
4,0,64,Circular,MAN1A2,circMAN1A2,circLib,sibling_uncalibrated,19,0.11697947087548305
4,0,64,Circular,MAN1A2,circMAN1A2,circLib,sibling_calibrated,19,0.11697947087548305
4,0,64,Circular,MAP3K1,circMAP3K1,circLib,stack,24,0.3502313173078615
4,0,64,Circular,MAP3K1,circMAP3K1,circLib,target_kmer,24,0.4268105989619724
4,0,64,Circular,MAP3K1,circMAP3K1,circLib,composition,24,0.8116041370748373
4,0,64,Circular,MAP3K1,circMAP3K1,circLib,sibling_uncalibrated,24,0.5163010730806312
4,0,64,Circular,MAP3K1,circMAP3K1,circLib,sibling_calibrated,24,0.5163010730806312
4,0,64,Circular,MAPK1,circMAPK1,circLib,stack,17,0.47511286907889916
4,0,64,Circular,MAPK1,circMAPK1,circLib,target_kmer,17,0.37356308668424754
4,0,64,Circular,MAPK1,circMAPK1,circLib,composition,17,0.6973005523579947
4,0,64,Circular,MAPK1,circMAPK1,circLib,sibling_uncalibrated,17,0.47511286907889916
4,0,64,Circular,MAPK1,circMAPK1,circLib,sibling_calibrated,17,0.47511286907889916
4,0,64,Circular,MEGAMIND,Megamind,nucLib,stack,89,0.2410533509323835
4,0,64,Circular,MEGAMIND,Megamind,nucLib,target_kmer,89,0.4480664650359151
4,0,64,Circular,MEGAMIND,Megamind,nucLib,composition,89,0.4091185135524361
4,0,64,Circular,MEGAMIND,Megamind,nucLib,sibling_uncalibrated,89,0.2410533509323835
4,0,64,Circular,MEGAMIND,Megamind,nucLib,sibling_calibrated,89,0.2410533509323835
4,0,64,Circular,PSD3,circPSD3,circLib,stack,26,0.16993779314564061
4,0,64,Circular,PSD3,circPSD3,circLib,target_kmer,26,0.4706225252234868
4,0,64,Circular,PSD3,circPSD3,circLib,composition,26,0.6325088675095779
4,0,64,Circular,PSD3,circPSD3,circLib,sibling_uncalibrated,26,0.15347140315104932
4,0,64,Circular,PSD3,circPSD3,circLib,sibling_calibrated,26,0.15347140315104932
4,0,64,Circular,TERC,Terc,nucLib,stack,32,0.2107620686269709
4,0,64,Circular,TERC,Terc,nucLib,target_kmer,32,0.11716572873833193
4,0,64,Circular,TERC,Terc,nucLib,composition,32,0.17192264451973283
4,0,64,Circular,TERC,Terc,nucLib,sibling_uncalibrated,32,0.2107620686269709
4,0,64,Circular,TERC,Terc,nucLib,sibling_calibrated,32,0.2107620686269709
4,0,64,Circular,TMEM184B,circTMEM184B,circLib,stack,26,0.43685908465629036
4,0,64,Circular,TMEM184B,circTMEM184B,circLib,target_kmer,26,0.31132805664050517
4,0,64,Circular,TMEM184B,circTMEM184B,circLib,composition,26,0.38496800961852057
4,0,64,Circular,TMEM184B,circTMEM184B,circLib,sibling_uncalibrated,26,0.6020809794445707
4,0,64,Circular,TMEM184B,circTMEM184B,circLib,sibling_calibrated,26,0.6020809794445707
4,0,64,Circular,UGP2,circUGP2,circLib,stack,10,0.7361934944939352
4,0,64,Circular,UGP2,circUGP2,circLib,target_kmer,10,0.20256539594553408
4,0,64,Circular,UGP2,circUGP2,circLib,composition,10,0.5899165543490352
4,0,64,Circular,UGP2,circUGP2,circLib,sibling_uncalibrated,10,0.7361934944939352
4,0,64,Circular,UGP2,circUGP2,circLib,sibling_calibrated,10,0.7361934944939352
4,0,64,SCRCircular,BANCR,Bancr,nucLib,stack,18,0.5026308199828959
4,0,64,SCRCircular,BANCR,Bancr,nucLib,target_kmer,18,0.3063911455717802
4,0,64,SCRCircular,BANCR,Bancr,nucLib,composition,18,0.44515536344204926
4,0,64,SCRCircular,BANCR,Bancr,nucLib,sibling_uncalibrated,18,0.4387717747811537
4,0,64,SCRCircular,BANCR,Bancr,nucLib,sibling_calibrated,18,0.4387717747811537
4,0,64,SCRCircular,CSNK1G3,circCSNK1G3,circLib,stack,46,0.43421637449839784
4,0,64,SCRCircular,CSNK1G3,circCSNK1G3,circLib,target_kmer,46,0.43000080913810135
4,0,64,SCRCircular,CSNK1G3,circCSNK1G3,circLib,composition,46,0.4357742816437531
4,0,64,SCRCircular,CSNK1G3,circCSNK1G3,circLib,sibling_uncalibrated,46,0.41133325640315693
4,0,64,SCRCircular,CSNK1G3,circCSNK1G3,circLib,sibling_calibrated,46,0.41133325640315693
4,0,64,SCRCircular,GRHPR,circGRHPR,circLib,stack,17,0.14564099920942425
4,0,64,SCRCircular,GRHPR,circGRHPR,circLib,target_kmer,17,0.23031640772227066
4,0,64,SCRCircular,GRHPR,circGRHPR,circLib,composition,17,0.4821580183054243
4,0,64,SCRCircular,GRHPR,circGRHPR,circLib,sibling_uncalibrated,17,0.14564099920942425
4,0,64,SCRCircular,GRHPR,circGRHPR,circLib,sibling_calibrated,17,0.14564099920942425
4,0,64,SCRCircular,MAN1A2,circMAN1A2,circLib,stack,25,0.26350567805927
4,0,64,SCRCircular,MAN1A2,circMAN1A2,circLib,target_kmer,25,0.18567609801944712
4,0,64,SCRCircular,MAN1A2,circMAN1A2,circLib,composition,25,0.45133990284774583
4,0,64,SCRCircular,MAN1A2,circMAN1A2,circLib,sibling_uncalibrated,25,0.12494183353630234
4,0,64,SCRCircular,MAN1A2,circMAN1A2,circLib,sibling_calibrated,25,0.12494183353630234
4,0,64,SCRCircular,MAP3K1,circMAP3K1,circLib,stack,24,0.26157556149399785
4,0,64,SCRCircular,MAP3K1,circMAP3K1,circLib,target_kmer,24,0.6623908264176941
4,0,64,SCRCircular,MAP3K1,circMAP3K1,circLib,composition,24,0.6328088481309841
4,0,64,SCRCircular,MAP3K1,circMAP3K1,circLib,sibling_uncalibrated,24,0.30547058245752423
4,0,64,SCRCircular,MAP3K1,circMAP3K1,circLib,sibling_calibrated,24,0.30547058245752423
4,0,64,SCRCircular,MAPK1,circMAPK1,circLib,stack,19,0.2734923098722884
4,0,64,SCRCircular,MAPK1,circMAPK1,circLib,target_kmer,19,0.4155526112070619
4,0,64,SCRCircular,MAPK1,circMAPK1,circLib,composition,19,0.5697400816496354
4,0,64,SCRCircular,MAPK1,circMAPK1,circLib,sibling_uncalibrated,19,0.3901247302521801
4,0,64,SCRCircular,MAPK1,circMAPK1,circLib,sibling_calibrated,19,0.3901247302521801
4,0,64,SCRCircular,MEGAMIND,Megamind,nucLib,stack,99,0.45016060685349313
4,0,64,SCRCircular,MEGAMIND,Megamind,nucLib,target_kmer,99,0.5781852148602463
4,0,64,SCRCircular,MEGAMIND,Megamind,nucLib,composition,99,0.38928215876579464
4,0,64,SCRCircular,MEGAMIND,Megamind,nucLib,sibling_uncalibrated,99,0.41077100779670805
4,0,64,SCRCircular,MEGAMIND,Megamind,nucLib,sibling_calibrated,99,0.41077100779670805
4,0,64,SCRCircular,PSD3,circPSD3,circLib,stack,27,0.6387110006457702
4,0,64,SCRCircular,PSD3,circPSD3,circLib,target_kmer,27,0.1548610624368877
4,0,64,SCRCircular,PSD3,circPSD3,circLib,composition,27,0.3925785066396682
4,0,64,SCRCircular,PSD3,circPSD3,circLib,sibling_uncalibrated,27,0.6159075276836032
4,0,64,SCRCircular,PSD3,circPSD3,circLib,sibling_calibrated,27,0.6159075276836032
4,0,64,SCRCircular,TERC,Terc,nucLib,stack,32,0.5647704980905468
4,0,64,SCRCircular,TERC,Terc,nucLib,target_kmer,32,0.38637510826551513
4,0,64,SCRCircular,TERC,Terc,nucLib,composition,32,0.458999458451123
4,0,64,SCRCircular,TERC,Terc,nucLib,sibling_uncalibrated,32,0.5647704980905468
4,0,64,SCRCircular,TERC,Terc,nucLib,sibling_calibrated,32,0.5647704980905468
4,0,64,SCRCircular,TMEM184B,circTMEM184B,circLib,stack,26,0.062437686262486636
4,0,64,SCRCircular,TMEM184B,circTMEM184B,circLib,target_kmer,26,0.359311688042699
4,0,64,SCRCircular,TMEM184B,circTMEM184B,circLib,composition,26,0.7459355153403405
4,0,64,SCRCircular,TMEM184B,circTMEM184B,circLib,sibling_uncalibrated,26,0.14698028530783844
4,0,64,SCRCircular,TMEM184B,circTMEM184B,circLib,sibling_calibrated,26,0.14698028530783844
4,0,64,SCRCircular,UGP2,circUGP2,circLib,stack,12,0.24307974013923883
4,0,64,SCRCircular,UGP2,circUGP2,circLib,target_kmer,12,0.27929410908790403
4,0,64,SCRCircular,UGP2,circUGP2,circLib,composition,12,0.4072077868368824
4,0,64,SCRCircular,UGP2,circUGP2,circLib,sibling_uncalibrated,12,0.5225458682979383
4,0,64,SCRCircular,UGP2,circUGP2,circLib,sibling_calibrated,12,0.5225458682979383
4,0,256,Spliced,BANCR,Bancr,nucLib,stack,17,0.4690987427448355
4,0,256,Spliced,BANCR,Bancr,nucLib,target_kmer,17,0.49745999886332976
4,0,256,Spliced,BANCR,Bancr,nucLib,composition,17,0.3465846050689588
4,0,256,Spliced,BANCR,Bancr,nucLib,sibling_uncalibrated,17,0.5094699057317554
4,0,256,Spliced,BANCR,Bancr,nucLib,sibling_calibrated,17,0.5094699057317554
4,0,256,Spliced,CSNK1G3,circCSNK1G3,circLib,stack,45,0.861686962775661
4,0,256,Spliced,CSNK1G3,circCSNK1G3,circLib,target_kmer,45,0.30784175228189875
4,0,256,Spliced,CSNK1G3,circCSNK1G3,circLib,composition,45,0.5546653095708046
4,0,256,Spliced,CSNK1G3,circCSNK1G3,circLib,sibling_uncalibrated,45,0.7413714798018127
4,0,256,Spliced,CSNK1G3,circCSNK1G3,circLib,sibling_calibrated,45,0.7413714798018127
4,0,256,Spliced,GRHPR,circGRHPR,circLib,stack,17,0.31752102533996274
4,0,256,Spliced,GRHPR,circGRHPR,circLib,target_kmer,17,0.5074023612719727
4,0,256,Spliced,GRHPR,circGRHPR,circLib,composition,17,0.49244921861200236
4,0,256,Spliced,GRHPR,circGRHPR,circLib,sibling_uncalibrated,17,0.31752102533996274
4,0,256,Spliced,GRHPR,circGRHPR,circLib,sibling_calibrated,17,0.31752102533996274
4,0,256,Spliced,MAN1A2,circMAN1A2,circLib,stack,27,0.3721747811542684
4,0,256,Spliced,MAN1A2,circMAN1A2,circLib,target_kmer,27,0.8092301187973345
4,0,256,Spliced,MAN1A2,circMAN1A2,circLib,composition,27,0.43283156858700456
4,0,256,Spliced,MAN1A2,circMAN1A2,circLib,sibling_uncalibrated,27,0.3721747811542684
4,0,256,Spliced,MAN1A2,circMAN1A2,circLib,sibling_calibrated,27,0.3721747811542684
4,0,256,Spliced,MAP3K1,circMAP3K1,circLib,stack,24,0.6940057571960875
4,0,256,Spliced,MAP3K1,circMAP3K1,circLib,target_kmer,24,0.6678547551142134
4,0,256,Spliced,MAP3K1,circMAP3K1,circLib,composition,24,0.7572114906636944
4,0,256,Spliced,MAP3K1,circMAP3K1,circLib,sibling_uncalibrated,24,0.7895568756640217
4,0,256,Spliced,MAP3K1,circMAP3K1,circLib,sibling_calibrated,24,0.7895568756640217
4,0,256,Spliced,MAPK1,circMAPK1,circLib,stack,19,0.4005845954121968
4,0,256,Spliced,MAPK1,circMAPK1,circLib,target_kmer,19,0.4352535111769959
4,0,256,Spliced,MAPK1,circMAPK1,circLib,composition,19,0.2988511156266476
4,0,256,Spliced,MAPK1,circMAPK1,circLib,sibling_uncalibrated,19,0.1583411786396856
4,0,256,Spliced,MAPK1,circMAPK1,circLib,sibling_calibrated,19,0.1583411786396856
4,0,256,Spliced,MEGAMIND,Megamind,nucLib,stack,93,0.13675568954141382
4,0,256,Spliced,MEGAMIND,Megamind,nucLib,target_kmer,93,0.37129552901977025
4,0,256,Spliced,MEGAMIND,Megamind,nucLib,composition,93,0.19826306412230377
4,0,256,Spliced,MEGAMIND,Megamind,nucLib,sibling_uncalibrated,93,0.2930536516184341
4,0,256,Spliced,MEGAMIND,Megamind,nucLib,sibling_calibrated,93,0.2930536516184341
4,0,256,Spliced,PSD3,circPSD3,circLib,stack,27,0.3826986119401921
4,0,256,Spliced,PSD3,circPSD3,circLib,target_kmer,27,0.3213049076622537
4,0,256,Spliced,PSD3,circPSD3,circLib,composition,27,0.4823556115535199
4,0,256,Spliced,PSD3,circPSD3,circLib,sibling_uncalibrated,27,0.3475214853440497
4,0,256,Spliced,PSD3,circPSD3,circLib,sibling_calibrated,27,0.3475214853440497
4,0,256,Spliced,TERC,Terc,nucLib,stack,31,0.40453339705268254
4,0,256,Spliced,TERC,Terc,nucLib,target_kmer,31,0.40803023598056204
4,0,256,Spliced,TERC,Terc,nucLib,composition,31,0.7860108725398589
4,0,256,Spliced,TERC,Terc,nucLib,sibling_uncalibrated,31,0.6478416898992884
4,0,256,Spliced,TERC,Terc,nucLib,sibling_calibrated,31,0.6478416898992884
4,0,256,Spliced,TMEM184B,circTMEM184B,circLib,stack,26,0.2877175058505494
4,0,256,Spliced,TMEM184B,circTMEM184B,circLib,target_kmer,26,0.48414577271045944
4,0,256,Spliced,TMEM184B,circTMEM184B,circLib,composition,26,0.5621953836063744
4,0,256,Spliced,TMEM184B,circTMEM184B,circLib,sibling_uncalibrated,26,0.2326653380554835
4,0,256,Spliced,TMEM184B,circTMEM184B,circLib,sibling_calibrated,26,0.2326653380554835
4,0,256,Spliced,UGP2,circUGP2,circLib,stack,12,0.6556430863234172
4,0,256,Spliced,UGP2,circUGP2,circLib,target_kmer,12,0.5932162303398082
4,0,256,Spliced,UGP2,circUGP2,circLib,composition,12,0.2644597036388937
4,0,256,Spliced,UGP2,circUGP2,circLib,sibling_uncalibrated,12,0.743049252435485
4,0,256,Spliced,UGP2,circUGP2,circLib,sibling_calibrated,12,0.743049252435485
4,0,256,Unspliced,BANCR,Bancr,nucLib,stack,13,0.20086405763566229
4,0,256,Unspliced,BANCR,Bancr,nucLib,target_kmer,13,0.7790029687307538
4,0,256,Unspliced,BANCR,Bancr,nucLib,composition,13,1.0
4,0,256,Unspliced,BANCR,Bancr,nucLib,sibling_uncalibrated,13,0.6762333772775496
4,0,256,Unspliced,BANCR,Bancr,nucLib,sibling_calibrated,13,0.6762333772775496
4,0,256,Unspliced,CSNK1G3,circCSNK1G3,circLib,stack,46,0.46641678579989215
4,0,256,Unspliced,CSNK1G3,circCSNK1G3,circLib,target_kmer,46,0.3591314435337525
4,0,256,Unspliced,CSNK1G3,circCSNK1G3,circLib,composition,46,0.6474105991093944
4,0,256,Unspliced,CSNK1G3,circCSNK1G3,circLib,sibling_uncalibrated,46,0.5189457336024359
4,0,256,Unspliced,CSNK1G3,circCSNK1G3,circLib,sibling_calibrated,46,0.5189457336024359
4,0,256,Unspliced,GRHPR,circGRHPR,circLib,stack,17,0.7530363238545998
4,0,256,Unspliced,GRHPR,circGRHPR,circLib,target_kmer,17,0.09418645495981469
4,0,256,Unspliced,GRHPR,circGRHPR,circLib,composition,17,0.12677325168119802
4,0,256,Unspliced,GRHPR,circGRHPR,circLib,sibling_uncalibrated,17,0.09722434057182407
4,0,256,Unspliced,GRHPR,circGRHPR,circLib,sibling_calibrated,17,0.09722434057182407
4,0,256,Unspliced,MAN1A2,circMAN1A2,circLib,stack,28,0.31450305316988303
4,0,256,Unspliced,MAN1A2,circMAN1A2,circLib,target_kmer,28,0.41278438135362067
4,0,256,Unspliced,MAN1A2,circMAN1A2,circLib,composition,28,0.24168434448643708
4,0,256,Unspliced,MAN1A2,circMAN1A2,circLib,sibling_uncalibrated,28,0.476854834662664
4,0,256,Unspliced,MAN1A2,circMAN1A2,circLib,sibling_calibrated,28,0.476854834662664
4,0,256,Unspliced,MAP3K1,circMAP3K1,circLib,stack,24,0.41060918073309394
4,0,256,Unspliced,MAP3K1,circMAP3K1,circLib,target_kmer,24,0.5060598621305068
4,0,256,Unspliced,MAP3K1,circMAP3K1,circLib,composition,24,0.2850954389674509
4,0,256,Unspliced,MAP3K1,circMAP3K1,circLib,sibling_uncalibrated,24,0.5060598621305068
4,0,256,Unspliced,MAP3K1,circMAP3K1,circLib,sibling_calibrated,24,0.5060598621305068
4,0,256,Unspliced,MAPK1,circMAPK1,circLib,stack,19,0.15607600386270973
4,0,256,Unspliced,MAPK1,circMAPK1,circLib,target_kmer,19,0.6175756277160293
4,0,256,Unspliced,MAPK1,circMAPK1,circLib,composition,19,0.5520456578352704
4,0,256,Unspliced,MAPK1,circMAPK1,circLib,sibling_uncalibrated,19,0.1789457978708024
4,0,256,Unspliced,MAPK1,circMAPK1,circLib,sibling_calibrated,19,0.1789457978708024
4,0,256,Unspliced,MEGAMIND,Megamind,nucLib,stack,76,0.367143702501416
4,0,256,Unspliced,MEGAMIND,Megamind,nucLib,target_kmer,76,0.20859091239549254
4,0,256,Unspliced,MEGAMIND,Megamind,nucLib,composition,76,0.6820542212979634
4,0,256,Unspliced,MEGAMIND,Megamind,nucLib,sibling_uncalibrated,76,0.2265756722713939
4,0,256,Unspliced,MEGAMIND,Megamind,nucLib,sibling_calibrated,76,0.2265756722713939
4,0,256,Unspliced,PSD3,circPSD3,circLib,stack,27,0.35763462206071167
4,0,256,Unspliced,PSD3,circPSD3,circLib,target_kmer,27,0.20302698171246197
4,0,256,Unspliced,PSD3,circPSD3,circLib,composition,27,0.21665546852353207
4,0,256,Unspliced,PSD3,circPSD3,circLib,sibling_uncalibrated,27,0.36803725587436453
4,0,256,Unspliced,PSD3,circPSD3,circLib,sibling_calibrated,27,0.36803725587436453
4,0,256,Unspliced,TERC,Terc,nucLib,stack,26,0.7512551218571515
4,0,256,Unspliced,TERC,Terc,nucLib,target_kmer,26,0.5707172875611068
4,0,256,Unspliced,TERC,Terc,nucLib,composition,26,0.6373172658842673
4,0,256,Unspliced,TERC,Terc,nucLib,sibling_uncalibrated,26,0.5389261534510671
4,0,256,Unspliced,TERC,Terc,nucLib,sibling_calibrated,26,0.5389261534510671
4,0,256,Unspliced,TMEM184B,circTMEM184B,circLib,stack,26,0.5480701385926767
4,0,256,Unspliced,TMEM184B,circTMEM184B,circLib,target_kmer,26,0.5399497303261348
4,0,256,Unspliced,TMEM184B,circTMEM184B,circLib,composition,26,0.6126497537743164
4,0,256,Unspliced,TMEM184B,circTMEM184B,circLib,sibling_uncalibrated,26,0.5480701385926767
4,0,256,Unspliced,TMEM184B,circTMEM184B,circLib,sibling_calibrated,26,0.5480701385926767
4,0,256,Unspliced,UGP2,circUGP2,circLib,stack,11,0.3788241392822959
4,0,256,Unspliced,UGP2,circUGP2,circLib,target_kmer,11,0.849423142627864
4,0,256,Unspliced,UGP2,circUGP2,circLib,composition,11,0.4780590870609964
4,0,256,Unspliced,UGP2,circUGP2,circLib,sibling_uncalibrated,11,0.0
4,0,256,Unspliced,UGP2,circUGP2,circLib,sibling_calibrated,11,0.0
4,0,256,Circular,BANCR,Bancr,nucLib,stack,15,0.6345301050355361
4,0,256,Circular,BANCR,Bancr,nucLib,target_kmer,15,0.8408452456410032
4,0,256,Circular,BANCR,Bancr,nucLib,composition,15,0.342019904919487
4,0,256,Circular,BANCR,Bancr,nucLib,sibling_uncalibrated,15,0.6345301050355361
4,0,256,Circular,BANCR,Bancr,nucLib,sibling_calibrated,15,0.6345301050355361
4,0,256,Circular,CSNK1G3,circCSNK1G3,circLib,stack,40,0.3125214880557925
4,0,256,Circular,CSNK1G3,circCSNK1G3,circLib,target_kmer,40,0.5425744026922974
4,0,256,Circular,CSNK1G3,circCSNK1G3,circLib,composition,40,0.7485832367669328
4,0,256,Circular,CSNK1G3,circCSNK1G3,circLib,sibling_uncalibrated,40,0.3125214880557925
4,0,256,Circular,CSNK1G3,circCSNK1G3,circLib,sibling_calibrated,40,0.3125214880557925
4,0,256,Circular,GRHPR,circGRHPR,circLib,stack,17,0.17777718156337013
4,0,256,Circular,GRHPR,circGRHPR,circLib,target_kmer,17,0.5122977481314439
4,0,256,Circular,GRHPR,circGRHPR,circLib,composition,17,0.6410243815418796
4,0,256,Circular,GRHPR,circGRHPR,circLib,sibling_uncalibrated,17,0.17777718156337013
4,0,256,Circular,GRHPR,circGRHPR,circLib,sibling_calibrated,17,0.17777718156337013
4,0,256,Circular,MAN1A2,circMAN1A2,circLib,stack,19,0.11697947087548305
4,0,256,Circular,MAN1A2,circMAN1A2,circLib,target_kmer,19,0.04862651193116818
4,0,256,Circular,MAN1A2,circMAN1A2,circLib,composition,19,0.4331780516596166
4,0,256,Circular,MAN1A2,circMAN1A2,circLib,sibling_uncalibrated,19,0.11697947087548305
4,0,256,Circular,MAN1A2,circMAN1A2,circLib,sibling_calibrated,19,0.11697947087548305
4,0,256,Circular,MAP3K1,circMAP3K1,circLib,stack,24,0.3502313173078615
4,0,256,Circular,MAP3K1,circMAP3K1,circLib,target_kmer,24,0.44291635069014457
4,0,256,Circular,MAP3K1,circMAP3K1,circLib,composition,24,0.42552721367502266
4,0,256,Circular,MAP3K1,circMAP3K1,circLib,sibling_uncalibrated,24,0.5163010730806312
4,0,256,Circular,MAP3K1,circMAP3K1,circLib,sibling_calibrated,24,0.5163010730806312
4,0,256,Circular,MAPK1,circMAPK1,circLib,stack,17,0.47511286907889916
4,0,256,Circular,MAPK1,circMAPK1,circLib,target_kmer,17,0.37356308668424754
4,0,256,Circular,MAPK1,circMAPK1,circLib,composition,17,0.4036967856714997
4,0,256,Circular,MAPK1,circMAPK1,circLib,sibling_uncalibrated,17,0.47511286907889916
4,0,256,Circular,MAPK1,circMAPK1,circLib,sibling_calibrated,17,0.47511286907889916
4,0,256,Circular,MEGAMIND,Megamind,nucLib,stack,89,0.33676948242401694
4,0,256,Circular,MEGAMIND,Megamind,nucLib,target_kmer,89,0.3971945669025184
4,0,256,Circular,MEGAMIND,Megamind,nucLib,composition,89,0.6485467351358813
4,0,256,Circular,MEGAMIND,Megamind,nucLib,sibling_uncalibrated,89,0.2410533509323835
4,0,256,Circular,MEGAMIND,Megamind,nucLib,sibling_calibrated,89,0.2410533509323835
4,0,256,Circular,PSD3,circPSD3,circLib,stack,26,0.16993779314564061
4,0,256,Circular,PSD3,circPSD3,circLib,target_kmer,26,0.6435707521538094
4,0,256,Circular,PSD3,circPSD3,circLib,composition,26,0.6130736344677303
4,0,256,Circular,PSD3,circPSD3,circLib,sibling_uncalibrated,26,0.15347140315104932
4,0,256,Circular,PSD3,circPSD3,circLib,sibling_calibrated,26,0.15347140315104932
4,0,256,Circular,TERC,Terc,nucLib,stack,32,0.5130216491683302
4,0,256,Circular,TERC,Terc,nucLib,target_kmer,32,0.5030027316572078
4,0,256,Circular,TERC,Terc,nucLib,composition,32,0.17192264451973283
4,0,256,Circular,TERC,Terc,nucLib,sibling_uncalibrated,32,0.2107620686269709
4,0,256,Circular,TERC,Terc,nucLib,sibling_calibrated,32,0.2107620686269709
4,0,256,Circular,TMEM184B,circTMEM184B,circLib,stack,26,0.6020809794445707
4,0,256,Circular,TMEM184B,circTMEM184B,circLib,target_kmer,26,0.47688243412969267
4,0,256,Circular,TMEM184B,circTMEM184B,circLib,composition,26,0.3189246619720112
4,0,256,Circular,TMEM184B,circTMEM184B,circLib,sibling_uncalibrated,26,0.6020809794445707
4,0,256,Circular,TMEM184B,circTMEM184B,circLib,sibling_calibrated,26,0.6020809794445707
4,0,256,Circular,UGP2,circUGP2,circLib,stack,10,0.8055228460099793
4,0,256,Circular,UGP2,circUGP2,circLib,target_kmer,10,0.6574619886562567
4,0,256,Circular,UGP2,circUGP2,circLib,composition,10,0.5899165543490352
4,0,256,Circular,UGP2,circUGP2,circLib,sibling_uncalibrated,10,0.7361934944939352
4,0,256,Circular,UGP2,circUGP2,circLib,sibling_calibrated,10,0.7361934944939352
4,0,256,SCRCircular,BANCR,Bancr,nucLib,stack,18,0.3549920305428678
4,0,256,SCRCircular,BANCR,Bancr,nucLib,target_kmer,18,0.4888359146723754
4,0,256,SCRCircular,BANCR,Bancr,nucLib,composition,18,0.0
4,0,256,SCRCircular,BANCR,Bancr,nucLib,sibling_uncalibrated,18,0.4387717747811537
4,0,256,SCRCircular,BANCR,Bancr,nucLib,sibling_calibrated,18,0.4387717747811537
4,0,256,SCRCircular,CSNK1G3,circCSNK1G3,circLib,stack,46,0.43421637449839784
4,0,256,SCRCircular,CSNK1G3,circCSNK1G3,circLib,target_kmer,46,0.4884831029264939
4,0,256,SCRCircular,CSNK1G3,circCSNK1G3,circLib,composition,46,0.7510223340150375
4,0,256,SCRCircular,CSNK1G3,circCSNK1G3,circLib,sibling_uncalibrated,46,0.41133325640315693
4,0,256,SCRCircular,CSNK1G3,circCSNK1G3,circLib,sibling_calibrated,46,0.41133325640315693
4,0,256,SCRCircular,GRHPR,circGRHPR,circLib,stack,17,0.14564099920942425
4,0,256,SCRCircular,GRHPR,circGRHPR,circLib,target_kmer,17,0.34631846509227626
4,0,256,SCRCircular,GRHPR,circGRHPR,circLib,composition,17,0.4821580183054243
4,0,256,SCRCircular,GRHPR,circGRHPR,circLib,sibling_uncalibrated,17,0.14564099920942425
4,0,256,SCRCircular,GRHPR,circGRHPR,circLib,sibling_calibrated,17,0.14564099920942425
4,0,256,SCRCircular,MAN1A2,circMAN1A2,circLib,stack,25,0.24065228382053794
4,0,256,SCRCircular,MAN1A2,circMAN1A2,circLib,target_kmer,25,0.30082156554027306
4,0,256,SCRCircular,MAN1A2,circMAN1A2,circLib,composition,25,0.45133990284774583
4,0,256,SCRCircular,MAN1A2,circMAN1A2,circLib,sibling_uncalibrated,25,0.12494183353630234
4,0,256,SCRCircular,MAN1A2,circMAN1A2,circLib,sibling_calibrated,25,0.12494183353630234
4,0,256,SCRCircular,MAP3K1,circMAP3K1,circLib,stack,24,0.26157556149399785
4,0,256,SCRCircular,MAP3K1,circMAP3K1,circLib,target_kmer,24,0.7894736104453566
4,0,256,SCRCircular,MAP3K1,circMAP3K1,circLib,composition,24,0.2831251118307704
4,0,256,SCRCircular,MAP3K1,circMAP3K1,circLib,sibling_uncalibrated,24,0.30547058245752423
4,0,256,SCRCircular,MAP3K1,circMAP3K1,circLib,sibling_calibrated,24,0.30547058245752423
4,0,256,SCRCircular,MAPK1,circMAPK1,circLib,stack,19,0.2734923098722884
4,0,256,SCRCircular,MAPK1,circMAPK1,circLib,target_kmer,19,0.41878096349801014
4,0,256,SCRCircular,MAPK1,circMAPK1,circLib,composition,19,0.572315224936563
4,0,256,SCRCircular,MAPK1,circMAPK1,circLib,sibling_uncalibrated,19,0.3901247302521801
4,0,256,SCRCircular,MAPK1,circMAPK1,circLib,sibling_calibrated,19,0.3901247302521801
4,0,256,SCRCircular,MEGAMIND,Megamind,nucLib,stack,99,0.39301007701808116
4,0,256,SCRCircular,MEGAMIND,Megamind,nucLib,target_kmer,99,0.17756818447825595
4,0,256,SCRCircular,MEGAMIND,Megamind,nucLib,composition,99,0.2620517954842993
4,0,256,SCRCircular,MEGAMIND,Megamind,nucLib,sibling_uncalibrated,99,0.41077100779670805
4,0,256,SCRCircular,MEGAMIND,Megamind,nucLib,sibling_calibrated,99,0.41077100779670805
4,0,256,SCRCircular,PSD3,circPSD3,circLib,stack,27,0.6387110006457702
4,0,256,SCRCircular,PSD3,circPSD3,circLib,target_kmer,27,0.5435722372905853
4,0,256,SCRCircular,PSD3,circPSD3,circLib,composition,27,0.3925785066396682
4,0,256,SCRCircular,PSD3,circPSD3,circLib,sibling_uncalibrated,27,0.6159075276836032
4,0,256,SCRCircular,PSD3,circPSD3,circLib,sibling_calibrated,27,0.6159075276836032
4,0,256,SCRCircular,TERC,Terc,nucLib,stack,32,0.5647704980905468
4,0,256,SCRCircular,TERC,Terc,nucLib,target_kmer,32,0.5675729266477652
4,0,256,SCRCircular,TERC,Terc,nucLib,composition,32,0.8368297299907721
4,0,256,SCRCircular,TERC,Terc,nucLib,sibling_uncalibrated,32,0.5647704980905468
4,0,256,SCRCircular,TERC,Terc,nucLib,sibling_calibrated,32,0.5647704980905468
4,0,256,SCRCircular,TMEM184B,circTMEM184B,circLib,stack,26,0.16819013149010825
4,0,256,SCRCircular,TMEM184B,circTMEM184B,circLib,target_kmer,26,0.22885824810211702
4,0,256,SCRCircular,TMEM184B,circTMEM184B,circLib,composition,26,0.7459355153403405
4,0,256,SCRCircular,TMEM184B,circTMEM184B,circLib,sibling_uncalibrated,26,0.14698028530783844
4,0,256,SCRCircular,TMEM184B,circTMEM184B,circLib,sibling_calibrated,26,0.14698028530783844
4,0,256,SCRCircular,UGP2,circUGP2,circLib,stack,12,0.5225458682979383
4,0,256,SCRCircular,UGP2,circUGP2,circLib,target_kmer,12,0.27929410908790403
4,0,256,SCRCircular,UGP2,circUGP2,circLib,composition,12,0.4296564375253108
4,0,256,SCRCircular,UGP2,circUGP2,circLib,sibling_uncalibrated,12,0.5225458682979383
4,0,256,SCRCircular,UGP2,circUGP2,circLib,sibling_calibrated,12,0.5225458682979383
4,1,16,Spliced,BANCR,Bancr,nucLib,stack,17,0.46912826548305325
4,1,16,Spliced,BANCR,Bancr,nucLib,target_kmer,17,0.5091027022254903
4,1,16,Spliced,BANCR,Bancr,nucLib,composition,17,0.3214581955445286
4,1,16,Spliced,BANCR,Bancr,nucLib,sibling_uncalibrated,17,0.45735459127732153
4,1,16,Spliced,BANCR,Bancr,nucLib,sibling_calibrated,17,0.45735459127732153
4,1,16,Spliced,CSNK1G3,circCSNK1G3,circLib,stack,45,0.32210184092358496
4,1,16,Spliced,CSNK1G3,circCSNK1G3,circLib,target_kmer,45,0.48335392498397856
4,1,16,Spliced,CSNK1G3,circCSNK1G3,circLib,composition,45,0.7108905325603793
4,1,16,Spliced,CSNK1G3,circCSNK1G3,circLib,sibling_uncalibrated,45,0.5298287914541464
4,1,16,Spliced,CSNK1G3,circCSNK1G3,circLib,sibling_calibrated,45,0.5298287914541464
4,1,16,Spliced,GRHPR,circGRHPR,circLib,stack,17,0.709838924670668
4,1,16,Spliced,GRHPR,circGRHPR,circLib,target_kmer,17,0.3196503268109789
4,1,16,Spliced,GRHPR,circGRHPR,circLib,composition,17,0.7044185623371464
4,1,16,Spliced,GRHPR,circGRHPR,circLib,sibling_uncalibrated,17,0.709838924670668
4,1,16,Spliced,GRHPR,circGRHPR,circLib,sibling_calibrated,17,0.709838924670668
4,1,16,Spliced,MAN1A2,circMAN1A2,circLib,stack,27,0.5599424041303397
4,1,16,Spliced,MAN1A2,circMAN1A2,circLib,target_kmer,27,0.3914664317857214
4,1,16,Spliced,MAN1A2,circMAN1A2,circLib,composition,27,0.2854675923332659
4,1,16,Spliced,MAN1A2,circMAN1A2,circLib,sibling_uncalibrated,27,0.43693213673459425
4,1,16,Spliced,MAN1A2,circMAN1A2,circLib,sibling_calibrated,27,0.43693213673459425
4,1,16,Spliced,MAP3K1,circMAP3K1,circLib,stack,24,0.7895568756640217
4,1,16,Spliced,MAP3K1,circMAP3K1,circLib,target_kmer,24,0.18955759753792473
4,1,16,Spliced,MAP3K1,circMAP3K1,circLib,composition,24,0.6810620724687951
4,1,16,Spliced,MAP3K1,circMAP3K1,circLib,sibling_uncalibrated,24,0.7895568756640217
4,1,16,Spliced,MAP3K1,circMAP3K1,circLib,sibling_calibrated,24,0.7895568756640217
4,1,16,Spliced,MAPK1,circMAPK1,circLib,stack,19,0.18535024281601029
4,1,16,Spliced,MAPK1,circMAPK1,circLib,target_kmer,19,0.5570742359091935
4,1,16,Spliced,MAPK1,circMAPK1,circLib,composition,19,0.1583411786396856
4,1,16,Spliced,MAPK1,circMAPK1,circLib,sibling_uncalibrated,19,0.18535024281601029
4,1,16,Spliced,MAPK1,circMAPK1,circLib,sibling_calibrated,19,0.18535024281601029
4,1,16,Spliced,MEGAMIND,Megamind,nucLib,stack,93,0.1797917216399696
4,1,16,Spliced,MEGAMIND,Megamind,nucLib,target_kmer,93,0.3014634941588586
4,1,16,Spliced,MEGAMIND,Megamind,nucLib,composition,93,0.3918335057600797
4,1,16,Spliced,MEGAMIND,Megamind,nucLib,sibling_uncalibrated,93,0.3360896837169899
4,1,16,Spliced,MEGAMIND,Megamind,nucLib,sibling_calibrated,93,0.3360896837169899
4,1,16,Spliced,PSD3,circPSD3,circLib,stack,27,0.553385557647395
4,1,16,Spliced,PSD3,circPSD3,circLib,target_kmer,27,0.3167703466066665
4,1,16,Spliced,PSD3,circPSD3,circLib,composition,27,0.25945279933637755
4,1,16,Spliced,PSD3,circPSD3,circLib,sibling_uncalibrated,27,0.553385557647395
4,1,16,Spliced,PSD3,circPSD3,circLib,sibling_calibrated,27,0.553385557647395
4,1,16,Spliced,TERC,Terc,nucLib,stack,31,0.6478416898992884
4,1,16,Spliced,TERC,Terc,nucLib,target_kmer,31,0.32018898015968633
4,1,16,Spliced,TERC,Terc,nucLib,composition,31,0.3329700680787594
4,1,16,Spliced,TERC,Terc,nucLib,sibling_uncalibrated,31,0.7100021956054092
4,1,16,Spliced,TERC,Terc,nucLib,sibling_calibrated,31,0.7100021956054092
4,1,16,Spliced,TMEM184B,circTMEM184B,circLib,stack,26,0.2877175058505494
4,1,16,Spliced,TMEM184B,circTMEM184B,circLib,target_kmer,26,0.6862569839747514
4,1,16,Spliced,TMEM184B,circTMEM184B,circLib,composition,26,0.569332770481044
4,1,16,Spliced,TMEM184B,circTMEM184B,circLib,sibling_uncalibrated,26,0.26197870450155564
4,1,16,Spliced,TMEM184B,circTMEM184B,circLib,sibling_calibrated,26,0.26197870450155564
4,1,16,Spliced,UGP2,circUGP2,circLib,stack,12,0.743049252435485
4,1,16,Spliced,UGP2,circUGP2,circLib,target_kmer,12,0.693815956001254
4,1,16,Spliced,UGP2,circUGP2,circLib,composition,12,0.32875652670091454
4,1,16,Spliced,UGP2,circUGP2,circLib,sibling_uncalibrated,12,0.7530148301356604
4,1,16,Spliced,UGP2,circUGP2,circLib,sibling_calibrated,12,0.7530148301356604
4,1,16,Unspliced,BANCR,Bancr,nucLib,stack,13,0.20086405763566229
4,1,16,Unspliced,BANCR,Bancr,nucLib,target_kmer,13,0.40391527364534685
4,1,16,Unspliced,BANCR,Bancr,nucLib,composition,13,0.18080090322724937
4,1,16,Unspliced,BANCR,Bancr,nucLib,sibling_uncalibrated,13,0.36293382286789755
4,1,16,Unspliced,BANCR,Bancr,nucLib,sibling_calibrated,13,0.36293382286789755
4,1,16,Unspliced,CSNK1G3,circCSNK1G3,circLib,stack,46,0.39622559516538547
4,1,16,Unspliced,CSNK1G3,circCSNK1G3,circLib,target_kmer,46,0.5716148004799808
4,1,16,Unspliced,CSNK1G3,circCSNK1G3,circLib,composition,46,0.7173902497081235
4,1,16,Unspliced,CSNK1G3,circCSNK1G3,circLib,sibling_uncalibrated,46,0.3203823724122455
4,1,16,Unspliced,CSNK1G3,circCSNK1G3,circLib,sibling_calibrated,46,0.3203823724122455
4,1,16,Unspliced,GRHPR,circGRHPR,circLib,stack,17,0.27095444102928345
4,1,16,Unspliced,GRHPR,circGRHPR,circLib,target_kmer,17,0.30397404262100003
4,1,16,Unspliced,GRHPR,circGRHPR,circLib,composition,17,0.49738530129188796
4,1,16,Unspliced,GRHPR,circGRHPR,circLib,sibling_uncalibrated,17,0.09722434057182407
4,1,16,Unspliced,GRHPR,circGRHPR,circLib,sibling_calibrated,17,0.09722434057182407
4,1,16,Unspliced,MAN1A2,circMAN1A2,circLib,stack,28,0.3325525534130161
4,1,16,Unspliced,MAN1A2,circMAN1A2,circLib,target_kmer,28,0.37280184297449515
4,1,16,Unspliced,MAN1A2,circMAN1A2,circLib,composition,28,0.4764762913212109
4,1,16,Unspliced,MAN1A2,circMAN1A2,circLib,sibling_uncalibrated,28,0.5081635749686955
4,1,16,Unspliced,MAN1A2,circMAN1A2,circLib,sibling_calibrated,28,0.5081635749686955
4,1,16,Unspliced,MAP3K1,circMAP3K1,circLib,stack,24,0.5060598621305068
4,1,16,Unspliced,MAP3K1,circMAP3K1,circLib,target_kmer,24,0.5174718711809667
4,1,16,Unspliced,MAP3K1,circMAP3K1,circLib,composition,24,0.3129577802717127
4,1,16,Unspliced,MAP3K1,circMAP3K1,circLib,sibling_uncalibrated,24,0.5060598621305068
4,1,16,Unspliced,MAP3K1,circMAP3K1,circLib,sibling_calibrated,24,0.5060598621305068
4,1,16,Unspliced,MAPK1,circMAPK1,circLib,stack,19,0.1789457978708024
4,1,16,Unspliced,MAPK1,circMAPK1,circLib,target_kmer,19,0.7518756861980724
4,1,16,Unspliced,MAPK1,circMAPK1,circLib,composition,19,0.3892636942318234
4,1,16,Unspliced,MAPK1,circMAPK1,circLib,sibling_uncalibrated,19,0.1789457978708024
4,1,16,Unspliced,MAPK1,circMAPK1,circLib,sibling_calibrated,19,0.1789457978708024
4,1,16,Unspliced,MEGAMIND,Megamind,nucLib,stack,76,0.2265756722713939
4,1,16,Unspliced,MEGAMIND,Megamind,nucLib,target_kmer,76,0.33254004209885624
4,1,16,Unspliced,MEGAMIND,Megamind,nucLib,composition,76,0.19717514983980455
4,1,16,Unspliced,MEGAMIND,Megamind,nucLib,sibling_uncalibrated,76,0.6024577954739503
4,1,16,Unspliced,MEGAMIND,Megamind,nucLib,sibling_calibrated,76,0.6024577954739503
4,1,16,Unspliced,PSD3,circPSD3,circLib,stack,27,0.44905275353176144
4,1,16,Unspliced,PSD3,circPSD3,circLib,target_kmer,27,0.6375899028926354
4,1,16,Unspliced,PSD3,circPSD3,circLib,composition,27,0.2344106326129294
4,1,16,Unspliced,PSD3,circPSD3,circLib,sibling_uncalibrated,27,0.44905275353176144
4,1,16,Unspliced,PSD3,circPSD3,circLib,sibling_calibrated,27,0.44905275353176144
4,1,16,Unspliced,TERC,Terc,nucLib,stack,26,0.7512551218571515
4,1,16,Unspliced,TERC,Terc,nucLib,target_kmer,26,0.20966868373882008
4,1,16,Unspliced,TERC,Terc,nucLib,composition,26,0.5320451253620432
4,1,16,Unspliced,TERC,Terc,nucLib,sibling_uncalibrated,26,0.7224293668939608
4,1,16,Unspliced,TERC,Terc,nucLib,sibling_calibrated,26,0.7224293668939608
4,1,16,Unspliced,TMEM184B,circTMEM184B,circLib,stack,26,0.5118397630458713
4,1,16,Unspliced,TMEM184B,circTMEM184B,circLib,target_kmer,26,0.7615944832015082
4,1,16,Unspliced,TMEM184B,circTMEM184B,circLib,composition,26,0.6242132045580089
4,1,16,Unspliced,TMEM184B,circTMEM184B,circLib,sibling_uncalibrated,26,0.5118397630458713
4,1,16,Unspliced,TMEM184B,circTMEM184B,circLib,sibling_calibrated,26,0.5118397630458713
4,1,16,Unspliced,UGP2,circUGP2,circLib,stack,11,0.3788241392822959
4,1,16,Unspliced,UGP2,circUGP2,circLib,target_kmer,11,0.35429091462863277
4,1,16,Unspliced,UGP2,circUGP2,circLib,composition,11,0.7331150539109287
4,1,16,Unspliced,UGP2,circUGP2,circLib,sibling_uncalibrated,11,0.45801745462548177
4,1,16,Unspliced,UGP2,circUGP2,circLib,sibling_calibrated,11,0.45801745462548177
4,1,16,Circular,BANCR,Bancr,nucLib,stack,15,0.49316618551277114
4,1,16,Circular,BANCR,Bancr,nucLib,target_kmer,15,0.4067071823227313
4,1,16,Circular,BANCR,Bancr,nucLib,composition,15,0.3912622881787333
4,1,16,Circular,BANCR,Bancr,nucLib,sibling_uncalibrated,15,0.6345301050355361
4,1,16,Circular,BANCR,Bancr,nucLib,sibling_calibrated,15,0.6345301050355361
4,1,16,Circular,CSNK1G3,circCSNK1G3,circLib,stack,40,0.13930052544501453
4,1,16,Circular,CSNK1G3,circCSNK1G3,circLib,target_kmer,40,0.608964832343816
4,1,16,Circular,CSNK1G3,circCSNK1G3,circLib,composition,40,0.6507446077358892
4,1,16,Circular,CSNK1G3,circCSNK1G3,circLib,sibling_uncalibrated,40,0.4029995379168879
4,1,16,Circular,CSNK1G3,circCSNK1G3,circLib,sibling_calibrated,40,0.4029995379168879
4,1,16,Circular,GRHPR,circGRHPR,circLib,stack,17,0.6864604282914586
4,1,16,Circular,GRHPR,circGRHPR,circLib,target_kmer,17,0.8779376685713327
4,1,16,Circular,GRHPR,circGRHPR,circLib,composition,17,0.8779376685713327
4,1,16,Circular,GRHPR,circGRHPR,circLib,sibling_uncalibrated,17,0.897651240427379
4,1,16,Circular,GRHPR,circGRHPR,circLib,sibling_calibrated,17,0.897651240427379
4,1,16,Circular,MAN1A2,circMAN1A2,circLib,stack,19,0.4260852197439962
4,1,16,Circular,MAN1A2,circMAN1A2,circLib,target_kmer,19,0.741621545234643
4,1,16,Circular,MAN1A2,circMAN1A2,circLib,composition,19,0.741621545234643
4,1,16,Circular,MAN1A2,circMAN1A2,circLib,sibling_uncalibrated,19,0.07695851106304001
4,1,16,Circular,MAN1A2,circMAN1A2,circLib,sibling_calibrated,19,0.07695851106304001
4,1,16,Circular,MAP3K1,circMAP3K1,circLib,stack,24,0.25812954295718404
4,1,16,Circular,MAP3K1,circMAP3K1,circLib,target_kmer,24,0.6893808298655866
4,1,16,Circular,MAP3K1,circMAP3K1,circLib,composition,24,0.3170026021258788
4,1,16,Circular,MAP3K1,circMAP3K1,circLib,sibling_uncalibrated,24,0.3502313173078615
4,1,16,Circular,MAP3K1,circMAP3K1,circLib,sibling_calibrated,24,0.3502313173078615
4,1,16,Circular,MAPK1,circMAPK1,circLib,stack,17,0.5655141305412323
4,1,16,Circular,MAPK1,circMAPK1,circLib,target_kmer,17,0.5818950445327933
4,1,16,Circular,MAPK1,circMAPK1,circLib,composition,17,0.5818950445327933
4,1,16,Circular,MAPK1,circMAPK1,circLib,sibling_uncalibrated,17,0.5296501003337073
4,1,16,Circular,MAPK1,circMAPK1,circLib,sibling_calibrated,17,0.5296501003337073
4,1,16,Circular,MEGAMIND,Megamind,nucLib,stack,89,0.2410533509323835
4,1,16,Circular,MEGAMIND,Megamind,nucLib,target_kmer,89,0.3954008850051807
4,1,16,Circular,MEGAMIND,Megamind,nucLib,composition,89,0.1159079130775135
4,1,16,Circular,MEGAMIND,Megamind,nucLib,sibling_uncalibrated,89,0.2410533509323835
4,1,16,Circular,MEGAMIND,Megamind,nucLib,sibling_calibrated,89,0.2410533509323835
4,1,16,Circular,PSD3,circPSD3,circLib,stack,26,0.5390518193072891
4,1,16,Circular,PSD3,circPSD3,circLib,target_kmer,26,0.24595768917308675
4,1,16,Circular,PSD3,circPSD3,circLib,composition,26,0.3263578492645871
4,1,16,Circular,PSD3,circPSD3,circLib,sibling_uncalibrated,26,0.39942909232413604
4,1,16,Circular,PSD3,circPSD3,circLib,sibling_calibrated,26,0.39942909232413604
4,1,16,Circular,TERC,Terc,nucLib,stack,32,0.06876132186152903
4,1,16,Circular,TERC,Terc,nucLib,target_kmer,32,0.43300047167832895
4,1,16,Circular,TERC,Terc,nucLib,composition,32,0.43300047167832895
4,1,16,Circular,TERC,Terc,nucLib,sibling_uncalibrated,32,0.22002572673727236
4,1,16,Circular,TERC,Terc,nucLib,sibling_calibrated,32,0.22002572673727236
4,1,16,Circular,TMEM184B,circTMEM184B,circLib,stack,26,0.2645361658330412
4,1,16,Circular,TMEM184B,circTMEM184B,circLib,target_kmer,26,0.4092758340292667
4,1,16,Circular,TMEM184B,circTMEM184B,circLib,composition,26,0.24706960251273524
4,1,16,Circular,TMEM184B,circTMEM184B,circLib,sibling_uncalibrated,26,0.43685908465629036
4,1,16,Circular,TMEM184B,circTMEM184B,circLib,sibling_calibrated,26,0.43685908465629036
4,1,16,Circular,UGP2,circUGP2,circLib,stack,10,0.4100834456509648
4,1,16,Circular,UGP2,circUGP2,circLib,target_kmer,10,0.6574619886562567
4,1,16,Circular,UGP2,circUGP2,circLib,composition,10,0.36527391767429773
4,1,16,Circular,UGP2,circUGP2,circLib,sibling_uncalibrated,10,0.5080882419555133
4,1,16,Circular,UGP2,circUGP2,circLib,sibling_calibrated,10,0.5080882419555133
4,1,16,SCRCircular,BANCR,Bancr,nucLib,stack,18,0.8595754221883769
4,1,16,SCRCircular,BANCR,Bancr,nucLib,target_kmer,18,0.4022567994545706
4,1,16,SCRCircular,BANCR,Bancr,nucLib,composition,18,0.44515536344204926
4,1,16,SCRCircular,BANCR,Bancr,nucLib,sibling_uncalibrated,18,0.29737673692798877
4,1,16,SCRCircular,BANCR,Bancr,nucLib,sibling_calibrated,18,0.29737673692798877
4,1,16,SCRCircular,CSNK1G3,circCSNK1G3,circLib,stack,46,0.7128503209889682
4,1,16,SCRCircular,CSNK1G3,circCSNK1G3,circLib,target_kmer,46,0.3997404347922125
4,1,16,SCRCircular,CSNK1G3,circCSNK1G3,circLib,composition,46,0.4357742816437531
4,1,16,SCRCircular,CSNK1G3,circCSNK1G3,circLib,sibling_uncalibrated,46,0.41133325640315693
4,1,16,SCRCircular,CSNK1G3,circCSNK1G3,circLib,sibling_calibrated,46,0.41133325640315693
4,1,16,SCRCircular,GRHPR,circGRHPR,circLib,stack,17,0.23031640772227066
4,1,16,SCRCircular,GRHPR,circGRHPR,circLib,target_kmer,17,0.5209004641147283
4,1,16,SCRCircular,GRHPR,circGRHPR,circLib,composition,17,0.4821580183054243
4,1,16,SCRCircular,GRHPR,circGRHPR,circLib,sibling_uncalibrated,17,0.14564099920942425
4,1,16,SCRCircular,GRHPR,circGRHPR,circLib,sibling_calibrated,17,0.14564099920942425
4,1,16,SCRCircular,MAN1A2,circMAN1A2,circLib,stack,25,0.31953942869969065
4,1,16,SCRCircular,MAN1A2,circMAN1A2,circLib,target_kmer,25,0.2699680377591118
4,1,16,SCRCircular,MAN1A2,circMAN1A2,circLib,composition,25,0.45133990284774583
4,1,16,SCRCircular,MAN1A2,circMAN1A2,circLib,sibling_uncalibrated,25,0.24065228382053794
4,1,16,SCRCircular,MAN1A2,circMAN1A2,circLib,sibling_calibrated,25,0.24065228382053794
4,1,16,SCRCircular,MAP3K1,circMAP3K1,circLib,stack,24,0.5897921041415671
4,1,16,SCRCircular,MAP3K1,circMAP3K1,circLib,target_kmer,24,0.3901827292313258
4,1,16,SCRCircular,MAP3K1,circMAP3K1,circLib,composition,24,0.7334812505684746
4,1,16,SCRCircular,MAP3K1,circMAP3K1,circLib,sibling_uncalibrated,24,0.4696516564533747
4,1,16,SCRCircular,MAP3K1,circMAP3K1,circLib,sibling_calibrated,24,0.4696516564533747
4,1,16,SCRCircular,MAPK1,circMAPK1,circLib,stack,19,0.3856187953006831
4,1,16,SCRCircular,MAPK1,circMAPK1,circLib,target_kmer,19,0.45967454501692245
4,1,16,SCRCircular,MAPK1,circMAPK1,circLib,composition,19,0.6818665670780302
4,1,16,SCRCircular,MAPK1,circMAPK1,circLib,sibling_uncalibrated,19,0.3901247302521801
4,1,16,SCRCircular,MAPK1,circMAPK1,circLib,sibling_calibrated,19,0.3901247302521801
4,1,16,SCRCircular,MEGAMIND,Megamind,nucLib,stack,99,0.5579757968996641
4,1,16,SCRCircular,MEGAMIND,Megamind,nucLib,target_kmer,99,0.4343441758776099
4,1,16,SCRCircular,MEGAMIND,Megamind,nucLib,composition,99,0.38928215876579464
4,1,16,SCRCircular,MEGAMIND,Megamind,nucLib,sibling_uncalibrated,99,0.46581133575282996
4,1,16,SCRCircular,MEGAMIND,Megamind,nucLib,sibling_calibrated,99,0.46581133575282996
4,1,16,SCRCircular,PSD3,circPSD3,circLib,stack,27,0.6222013181205319
4,1,16,SCRCircular,PSD3,circPSD3,circLib,target_kmer,27,0.3898999762379649
4,1,16,SCRCircular,PSD3,circPSD3,circLib,composition,27,0.3925785066396682
4,1,16,SCRCircular,PSD3,circPSD3,circLib,sibling_uncalibrated,27,0.5351484063059108
4,1,16,SCRCircular,PSD3,circPSD3,circLib,sibling_calibrated,27,0.5351484063059108
4,1,16,SCRCircular,TERC,Terc,nucLib,stack,32,0.4892332490158977
4,1,16,SCRCircular,TERC,Terc,nucLib,target_kmer,32,0.3689967759514792
4,1,16,SCRCircular,TERC,Terc,nucLib,composition,32,0.42738163314591243
4,1,16,SCRCircular,TERC,Terc,nucLib,sibling_uncalibrated,32,0.34968905035906217
4,1,16,SCRCircular,TERC,Terc,nucLib,sibling_calibrated,32,0.34968905035906217
4,1,16,SCRCircular,TMEM184B,circTMEM184B,circLib,stack,26,0.613229902699852
4,1,16,SCRCircular,TMEM184B,circTMEM184B,circLib,target_kmer,26,0.4191381224420687
4,1,16,SCRCircular,TMEM184B,circTMEM184B,circLib,composition,26,0.7459355153403405
4,1,16,SCRCircular,TMEM184B,circTMEM184B,circLib,sibling_uncalibrated,26,0.16234554193984763
4,1,16,SCRCircular,TMEM184B,circTMEM184B,circLib,sibling_calibrated,26,0.16234554193984763
4,1,16,SCRCircular,UGP2,circUGP2,circLib,stack,12,0.6678028211483296
4,1,16,SCRCircular,UGP2,circUGP2,circLib,target_kmer,12,0.27929410908790403
4,1,16,SCRCircular,UGP2,circUGP2,circLib,composition,12,0.4072077868368824
4,1,16,SCRCircular,UGP2,circUGP2,circLib,sibling_uncalibrated,12,0.4419854506585663
4,1,16,SCRCircular,UGP2,circUGP2,circLib,sibling_calibrated,12,0.4419854506585663
4,1,64,Spliced,BANCR,Bancr,nucLib,stack,17,0.46912826548305325
4,1,64,Spliced,BANCR,Bancr,nucLib,target_kmer,17,0.5426454087226784
4,1,64,Spliced,BANCR,Bancr,nucLib,composition,17,0.4690987427448355
4,1,64,Spliced,BANCR,Bancr,nucLib,sibling_uncalibrated,17,0.45735459127732153
4,1,64,Spliced,BANCR,Bancr,nucLib,sibling_calibrated,17,0.45735459127732153
4,1,64,Spliced,CSNK1G3,circCSNK1G3,circLib,stack,45,0.32210184092358496
4,1,64,Spliced,CSNK1G3,circCSNK1G3,circLib,target_kmer,45,0.5684256966626691
4,1,64,Spliced,CSNK1G3,circCSNK1G3,circLib,composition,45,0.756257166476896
4,1,64,Spliced,CSNK1G3,circCSNK1G3,circLib,sibling_uncalibrated,45,0.5298287914541464
4,1,64,Spliced,CSNK1G3,circCSNK1G3,circLib,sibling_calibrated,45,0.5298287914541464
4,1,64,Spliced,GRHPR,circGRHPR,circLib,stack,17,0.709838924670668
4,1,64,Spliced,GRHPR,circGRHPR,circLib,target_kmer,17,0.2121803850687387
4,1,64,Spliced,GRHPR,circGRHPR,circLib,composition,17,0.3196503268109789
4,1,64,Spliced,GRHPR,circGRHPR,circLib,sibling_uncalibrated,17,0.709838924670668
4,1,64,Spliced,GRHPR,circGRHPR,circLib,sibling_calibrated,17,0.709838924670668
4,1,64,Spliced,MAN1A2,circMAN1A2,circLib,stack,27,0.5599424041303397
4,1,64,Spliced,MAN1A2,circMAN1A2,circLib,target_kmer,27,0.53667625894783
4,1,64,Spliced,MAN1A2,circMAN1A2,circLib,composition,27,0.3063608329493581
4,1,64,Spliced,MAN1A2,circMAN1A2,circLib,sibling_uncalibrated,27,0.43693213673459425
4,1,64,Spliced,MAN1A2,circMAN1A2,circLib,sibling_calibrated,27,0.43693213673459425
4,1,64,Spliced,MAP3K1,circMAP3K1,circLib,stack,24,0.7432158021237164
4,1,64,Spliced,MAP3K1,circMAP3K1,circLib,target_kmer,24,0.7555608195081371
4,1,64,Spliced,MAP3K1,circMAP3K1,circLib,composition,24,0.5287360379213165
4,1,64,Spliced,MAP3K1,circMAP3K1,circLib,sibling_uncalibrated,24,0.7895568756640217
4,1,64,Spliced,MAP3K1,circMAP3K1,circLib,sibling_calibrated,24,0.7895568756640217
4,1,64,Spliced,MAPK1,circMAPK1,circLib,stack,19,0.18535024281601029
4,1,64,Spliced,MAPK1,circMAPK1,circLib,target_kmer,19,0.7769123325373103
4,1,64,Spliced,MAPK1,circMAPK1,circLib,composition,19,0.4005845954121968
4,1,64,Spliced,MAPK1,circMAPK1,circLib,sibling_uncalibrated,19,0.18535024281601029
4,1,64,Spliced,MAPK1,circMAPK1,circLib,sibling_calibrated,19,0.18535024281601029
4,1,64,Spliced,MEGAMIND,Megamind,nucLib,stack,93,0.1797917216399696
4,1,64,Spliced,MEGAMIND,Megamind,nucLib,target_kmer,93,0.3330176933655111
4,1,64,Spliced,MEGAMIND,Megamind,nucLib,composition,93,0.37529491227643963
4,1,64,Spliced,MEGAMIND,Megamind,nucLib,sibling_uncalibrated,93,0.3360896837169899
4,1,64,Spliced,MEGAMIND,Megamind,nucLib,sibling_calibrated,93,0.3360896837169899
4,1,64,Spliced,PSD3,circPSD3,circLib,stack,27,0.553385557647395
4,1,64,Spliced,PSD3,circPSD3,circLib,target_kmer,27,0.357800379804105
4,1,64,Spliced,PSD3,circPSD3,circLib,composition,27,0.5260287656007581
4,1,64,Spliced,PSD3,circPSD3,circLib,sibling_uncalibrated,27,0.553385557647395
4,1,64,Spliced,PSD3,circPSD3,circLib,sibling_calibrated,27,0.553385557647395
4,1,64,Spliced,TERC,Terc,nucLib,stack,31,0.6478416898992884
4,1,64,Spliced,TERC,Terc,nucLib,target_kmer,31,0.721690353128581
4,1,64,Spliced,TERC,Terc,nucLib,composition,31,0.40453339705268254
4,1,64,Spliced,TERC,Terc,nucLib,sibling_uncalibrated,31,0.7100021956054092
4,1,64,Spliced,TERC,Terc,nucLib,sibling_calibrated,31,0.7100021956054092
4,1,64,Spliced,TMEM184B,circTMEM184B,circLib,stack,26,0.2877175058505494
4,1,64,Spliced,TMEM184B,circTMEM184B,circLib,target_kmer,26,0.4803176406909665
4,1,64,Spliced,TMEM184B,circTMEM184B,circLib,composition,26,0.5362776926639155
4,1,64,Spliced,TMEM184B,circTMEM184B,circLib,sibling_uncalibrated,26,0.26197870450155564
4,1,64,Spliced,TMEM184B,circTMEM184B,circLib,sibling_calibrated,26,0.26197870450155564
4,1,64,Spliced,UGP2,circUGP2,circLib,stack,12,0.549233296434231
4,1,64,Spliced,UGP2,circUGP2,circLib,target_kmer,12,0.03677216806582471
4,1,64,Spliced,UGP2,circUGP2,circLib,composition,12,0.6349405706996605
4,1,64,Spliced,UGP2,circUGP2,circLib,sibling_uncalibrated,12,0.7530148301356604
4,1,64,Spliced,UGP2,circUGP2,circLib,sibling_calibrated,12,0.7530148301356604
4,1,64,Unspliced,BANCR,Bancr,nucLib,stack,13,0.5268461277321665
4,1,64,Unspliced,BANCR,Bancr,nucLib,target_kmer,13,0.4761044443056432
4,1,64,Unspliced,BANCR,Bancr,nucLib,composition,13,1.0
4,1,64,Unspliced,BANCR,Bancr,nucLib,sibling_uncalibrated,13,0.36293382286789755
4,1,64,Unspliced,BANCR,Bancr,nucLib,sibling_calibrated,13,0.36293382286789755
4,1,64,Unspliced,CSNK1G3,circCSNK1G3,circLib,stack,46,0.39622559516538547
4,1,64,Unspliced,CSNK1G3,circCSNK1G3,circLib,target_kmer,46,0.33959658469895326
4,1,64,Unspliced,CSNK1G3,circCSNK1G3,circLib,composition,46,0.6474105991093944
4,1,64,Unspliced,CSNK1G3,circCSNK1G3,circLib,sibling_uncalibrated,46,0.3203823724122455
4,1,64,Unspliced,CSNK1G3,circCSNK1G3,circLib,sibling_calibrated,46,0.3203823724122455
4,1,64,Unspliced,GRHPR,circGRHPR,circLib,stack,17,0.6767679860694689
4,1,64,Unspliced,GRHPR,circGRHPR,circLib,target_kmer,17,0.39484486482952746
4,1,64,Unspliced,GRHPR,circGRHPR,circLib,composition,17,0.12677325168119802
4,1,64,Unspliced,GRHPR,circGRHPR,circLib,sibling_uncalibrated,17,0.09722434057182407
4,1,64,Unspliced,GRHPR,circGRHPR,circLib,sibling_calibrated,17,0.09722434057182407
4,1,64,Unspliced,MAN1A2,circMAN1A2,circLib,stack,28,0.5413423700684891
4,1,64,Unspliced,MAN1A2,circMAN1A2,circLib,target_kmer,28,0.5413423700684891
4,1,64,Unspliced,MAN1A2,circMAN1A2,circLib,composition,28,0.24168434448643708
4,1,64,Unspliced,MAN1A2,circMAN1A2,circLib,sibling_uncalibrated,28,0.5081635749686955
4,1,64,Unspliced,MAN1A2,circMAN1A2,circLib,sibling_calibrated,28,0.5081635749686955
4,1,64,Unspliced,MAP3K1,circMAP3K1,circLib,stack,24,0.5556318717861495
4,1,64,Unspliced,MAP3K1,circMAP3K1,circLib,target_kmer,24,0.3194537821085155
4,1,64,Unspliced,MAP3K1,circMAP3K1,circLib,composition,24,0.2850954389674509
4,1,64,Unspliced,MAP3K1,circMAP3K1,circLib,sibling_uncalibrated,24,0.5060598621305068
4,1,64,Unspliced,MAP3K1,circMAP3K1,circLib,sibling_calibrated,24,0.5060598621305068
4,1,64,Unspliced,MAPK1,circMAPK1,circLib,stack,19,0.4137374682363439
4,1,64,Unspliced,MAPK1,circMAPK1,circLib,target_kmer,19,0.49851093782978917
4,1,64,Unspliced,MAPK1,circMAPK1,circLib,composition,19,0.5520456578352704
4,1,64,Unspliced,MAPK1,circMAPK1,circLib,sibling_uncalibrated,19,0.1789457978708024
4,1,64,Unspliced,MAPK1,circMAPK1,circLib,sibling_calibrated,19,0.1789457978708024
4,1,64,Unspliced,MEGAMIND,Megamind,nucLib,stack,76,0.0792644027964461
4,1,64,Unspliced,MEGAMIND,Megamind,nucLib,target_kmer,76,0.5575417852282045
4,1,64,Unspliced,MEGAMIND,Megamind,nucLib,composition,76,0.6820542212979634
4,1,64,Unspliced,MEGAMIND,Megamind,nucLib,sibling_uncalibrated,76,0.6024577954739503
4,1,64,Unspliced,MEGAMIND,Megamind,nucLib,sibling_calibrated,76,0.6024577954739503
4,1,64,Unspliced,PSD3,circPSD3,circLib,stack,27,0.5514508330765915
4,1,64,Unspliced,PSD3,circPSD3,circLib,target_kmer,27,0.4767912813298871
4,1,64,Unspliced,PSD3,circPSD3,circLib,composition,27,0.21665546852353207
4,1,64,Unspliced,PSD3,circPSD3,circLib,sibling_uncalibrated,27,0.44905275353176144
4,1,64,Unspliced,PSD3,circPSD3,circLib,sibling_calibrated,27,0.44905275353176144
4,1,64,Unspliced,TERC,Terc,nucLib,stack,26,0.7512551218571515
4,1,64,Unspliced,TERC,Terc,nucLib,target_kmer,26,0.26185720780722815
4,1,64,Unspliced,TERC,Terc,nucLib,composition,26,0.6373172658842673
4,1,64,Unspliced,TERC,Terc,nucLib,sibling_uncalibrated,26,0.7224293668939608
4,1,64,Unspliced,TERC,Terc,nucLib,sibling_calibrated,26,0.7224293668939608
4,1,64,Unspliced,TMEM184B,circTMEM184B,circLib,stack,26,0.14973920957691078
4,1,64,Unspliced,TMEM184B,circTMEM184B,circLib,target_kmer,26,0.4702874424679182
4,1,64,Unspliced,TMEM184B,circTMEM184B,circLib,composition,26,0.6126497537743164
4,1,64,Unspliced,TMEM184B,circTMEM184B,circLib,sibling_uncalibrated,26,0.5118397630458713
4,1,64,Unspliced,TMEM184B,circTMEM184B,circLib,sibling_calibrated,26,0.5118397630458713
4,1,64,Unspliced,UGP2,circUGP2,circLib,stack,11,0.3788241392822959
4,1,64,Unspliced,UGP2,circUGP2,circLib,target_kmer,11,0.44888839313315754
4,1,64,Unspliced,UGP2,circUGP2,circLib,composition,11,0.4780590870609964
4,1,64,Unspliced,UGP2,circUGP2,circLib,sibling_uncalibrated,11,0.45801745462548177
4,1,64,Unspliced,UGP2,circUGP2,circLib,sibling_calibrated,11,0.45801745462548177
4,1,64,Circular,BANCR,Bancr,nucLib,stack,15,0.49316618551277114
4,1,64,Circular,BANCR,Bancr,nucLib,target_kmer,15,0.8402037894803012
4,1,64,Circular,BANCR,Bancr,nucLib,composition,15,0.5978802648526624
4,1,64,Circular,BANCR,Bancr,nucLib,sibling_uncalibrated,15,0.6345301050355361
4,1,64,Circular,BANCR,Bancr,nucLib,sibling_calibrated,15,0.6345301050355361
4,1,64,Circular,CSNK1G3,circCSNK1G3,circLib,stack,40,0.348526231656175
4,1,64,Circular,CSNK1G3,circCSNK1G3,circLib,target_kmer,40,0.5970004620831122
4,1,64,Circular,CSNK1G3,circCSNK1G3,circLib,composition,40,0.6289974134689362
4,1,64,Circular,CSNK1G3,circCSNK1G3,circLib,sibling_uncalibrated,40,0.4029995379168879
4,1,64,Circular,CSNK1G3,circCSNK1G3,circLib,sibling_calibrated,40,0.4029995379168879
4,1,64,Circular,GRHPR,circGRHPR,circLib,stack,17,0.6864604282914586
4,1,64,Circular,GRHPR,circGRHPR,circLib,target_kmer,17,0.6410243815418796
4,1,64,Circular,GRHPR,circGRHPR,circLib,composition,17,0.802086864829821
4,1,64,Circular,GRHPR,circGRHPR,circLib,sibling_uncalibrated,17,0.897651240427379
4,1,64,Circular,GRHPR,circGRHPR,circLib,sibling_calibrated,17,0.897651240427379
4,1,64,Circular,MAN1A2,circMAN1A2,circLib,stack,19,0.4260852197439962
4,1,64,Circular,MAN1A2,circMAN1A2,circLib,target_kmer,19,0.2933196828616035
4,1,64,Circular,MAN1A2,circMAN1A2,circLib,composition,19,0.6923293462114146
4,1,64,Circular,MAN1A2,circMAN1A2,circLib,sibling_uncalibrated,19,0.07695851106304001
4,1,64,Circular,MAN1A2,circMAN1A2,circLib,sibling_calibrated,19,0.07695851106304001
4,1,64,Circular,MAP3K1,circMAP3K1,circLib,stack,24,0.6247377904627647
4,1,64,Circular,MAP3K1,circMAP3K1,circLib,target_kmer,24,0.6428692219994822
4,1,64,Circular,MAP3K1,circMAP3K1,circLib,composition,24,0.6428692219994822
4,1,64,Circular,MAP3K1,circMAP3K1,circLib,sibling_uncalibrated,24,0.3502313173078615
4,1,64,Circular,MAP3K1,circMAP3K1,circLib,sibling_calibrated,24,0.3502313173078615
4,1,64,Circular,MAPK1,circMAPK1,circLib,stack,17,0.586225470288146
4,1,64,Circular,MAPK1,circMAPK1,circLib,target_kmer,17,0.43334213701217944
4,1,64,Circular,MAPK1,circMAPK1,circLib,composition,17,0.6973005523579947
4,1,64,Circular,MAPK1,circMAPK1,circLib,sibling_uncalibrated,17,0.5296501003337073
4,1,64,Circular,MAPK1,circMAPK1,circLib,sibling_calibrated,17,0.5296501003337073
4,1,64,Circular,MEGAMIND,Megamind,nucLib,stack,89,0.25800377904633914
4,1,64,Circular,MEGAMIND,Megamind,nucLib,target_kmer,89,0.613984533046507
4,1,64,Circular,MEGAMIND,Megamind,nucLib,composition,89,0.4297609633320626
4,1,64,Circular,MEGAMIND,Megamind,nucLib,sibling_uncalibrated,89,0.2410533509323835
4,1,64,Circular,MEGAMIND,Megamind,nucLib,sibling_calibrated,89,0.2410533509323835
4,1,64,Circular,PSD3,circPSD3,circLib,stack,26,0.7130096648456268
4,1,64,Circular,PSD3,circPSD3,circLib,target_kmer,26,0.3260421544616624
4,1,64,Circular,PSD3,circPSD3,circLib,composition,26,0.3776295711403144
4,1,64,Circular,PSD3,circPSD3,circLib,sibling_uncalibrated,26,0.39942909232413604
4,1,64,Circular,PSD3,circPSD3,circLib,sibling_calibrated,26,0.39942909232413604
4,1,64,Circular,TERC,Terc,nucLib,stack,32,0.06876132186152903
4,1,64,Circular,TERC,Terc,nucLib,target_kmer,32,0.4325985726868489
4,1,64,Circular,TERC,Terc,nucLib,composition,32,0.0
4,1,64,Circular,TERC,Terc,nucLib,sibling_uncalibrated,32,0.22002572673727236
4,1,64,Circular,TERC,Terc,nucLib,sibling_calibrated,32,0.22002572673727236
4,1,64,Circular,TMEM184B,circTMEM184B,circLib,stack,26,0.2558220217174749
4,1,64,Circular,TMEM184B,circTMEM184B,circLib,target_kmer,26,0.24183389470229932
4,1,64,Circular,TMEM184B,circTMEM184B,circLib,composition,26,0.24706960251273524
4,1,64,Circular,TMEM184B,circTMEM184B,circLib,sibling_uncalibrated,26,0.43685908465629036
4,1,64,Circular,TMEM184B,circTMEM184B,circLib,sibling_calibrated,26,0.43685908465629036
4,1,64,Circular,UGP2,circUGP2,circLib,stack,10,0.20256539594553408
4,1,64,Circular,UGP2,circUGP2,circLib,target_kmer,10,0.5084535794136089
4,1,64,Circular,UGP2,circUGP2,circLib,composition,10,0.5780618110758038
4,1,64,Circular,UGP2,circUGP2,circLib,sibling_uncalibrated,10,0.5080882419555133
4,1,64,Circular,UGP2,circUGP2,circLib,sibling_calibrated,10,0.5080882419555133
4,1,64,SCRCircular,BANCR,Bancr,nucLib,stack,18,0.2135969926897029
4,1,64,SCRCircular,BANCR,Bancr,nucLib,target_kmer,18,0.37832264376294933
4,1,64,SCRCircular,BANCR,Bancr,nucLib,composition,18,0.44515536344204926
4,1,64,SCRCircular,BANCR,Bancr,nucLib,sibling_uncalibrated,18,0.29737673692798877
4,1,64,SCRCircular,BANCR,Bancr,nucLib,sibling_calibrated,18,0.29737673692798877
4,1,64,SCRCircular,CSNK1G3,circCSNK1G3,circLib,stack,46,0.41133325640315693
4,1,64,SCRCircular,CSNK1G3,circCSNK1G3,circLib,target_kmer,46,0.4960092767017896
4,1,64,SCRCircular,CSNK1G3,circCSNK1G3,circLib,composition,46,0.38346529223258863
4,1,64,SCRCircular,CSNK1G3,circCSNK1G3,circLib,sibling_uncalibrated,46,0.41133325640315693
4,1,64,SCRCircular,CSNK1G3,circCSNK1G3,circLib,sibling_calibrated,46,0.41133325640315693
4,1,64,SCRCircular,GRHPR,circGRHPR,circLib,stack,17,0.14564099920942425
4,1,64,SCRCircular,GRHPR,circGRHPR,circLib,target_kmer,17,0.5928975670672936
4,1,64,SCRCircular,GRHPR,circGRHPR,circLib,composition,17,0.5308397109257501
4,1,64,SCRCircular,GRHPR,circGRHPR,circLib,sibling_uncalibrated,17,0.14564099920942425
4,1,64,SCRCircular,GRHPR,circGRHPR,circLib,sibling_calibrated,17,0.14564099920942425
4,1,64,SCRCircular,MAN1A2,circMAN1A2,circLib,stack,25,0.26350567805927
4,1,64,SCRCircular,MAN1A2,circMAN1A2,circLib,target_kmer,25,0.12345307271227654
4,1,64,SCRCircular,MAN1A2,circMAN1A2,circLib,composition,25,0.656099764015761
4,1,64,SCRCircular,MAN1A2,circMAN1A2,circLib,sibling_uncalibrated,25,0.24065228382053794
4,1,64,SCRCircular,MAN1A2,circMAN1A2,circLib,sibling_calibrated,25,0.24065228382053794
4,1,64,SCRCircular,MAP3K1,circMAP3K1,circLib,stack,24,0.30547058245752423
4,1,64,SCRCircular,MAP3K1,circMAP3K1,circLib,target_kmer,24,0.5962707859617684
4,1,64,SCRCircular,MAP3K1,circMAP3K1,circLib,composition,24,0.4850927799804614
4,1,64,SCRCircular,MAP3K1,circMAP3K1,circLib,sibling_uncalibrated,24,0.4696516564533747
4,1,64,SCRCircular,MAP3K1,circMAP3K1,circLib,sibling_calibrated,24,0.4696516564533747
4,1,64,SCRCircular,MAPK1,circMAPK1,circLib,stack,19,0.2734923098722884
4,1,64,SCRCircular,MAPK1,circMAPK1,circLib,target_kmer,19,0.6818665670780302
4,1,64,SCRCircular,MAPK1,circMAPK1,circLib,composition,19,0.45343914435913196
4,1,64,SCRCircular,MAPK1,circMAPK1,circLib,sibling_uncalibrated,19,0.3901247302521801
4,1,64,SCRCircular,MAPK1,circMAPK1,circLib,sibling_calibrated,19,0.3901247302521801
4,1,64,SCRCircular,MEGAMIND,Megamind,nucLib,stack,99,0.39301007701808116
4,1,64,SCRCircular,MEGAMIND,Megamind,nucLib,target_kmer,99,0.5263210953080114
4,1,64,SCRCircular,MEGAMIND,Megamind,nucLib,composition,99,0.29741836006574307
4,1,64,SCRCircular,MEGAMIND,Megamind,nucLib,sibling_uncalibrated,99,0.46581133575282996
4,1,64,SCRCircular,MEGAMIND,Megamind,nucLib,sibling_calibrated,99,0.46581133575282996
4,1,64,SCRCircular,PSD3,circPSD3,circLib,stack,27,0.5351484063059108
4,1,64,SCRCircular,PSD3,circPSD3,circLib,target_kmer,27,0.33761640410076416
4,1,64,SCRCircular,PSD3,circPSD3,circLib,composition,27,0.3925785066396682
4,1,64,SCRCircular,PSD3,circPSD3,circLib,sibling_uncalibrated,27,0.5351484063059108
4,1,64,SCRCircular,PSD3,circPSD3,circLib,sibling_calibrated,27,0.5351484063059108
4,1,64,SCRCircular,TERC,Terc,nucLib,stack,32,0.42894752837918726
4,1,64,SCRCircular,TERC,Terc,nucLib,target_kmer,32,0.48257945651154005
4,1,64,SCRCircular,TERC,Terc,nucLib,composition,32,0.669309594358974
4,1,64,SCRCircular,TERC,Terc,nucLib,sibling_uncalibrated,32,0.34968905035906217
4,1,64,SCRCircular,TERC,Terc,nucLib,sibling_calibrated,32,0.34968905035906217
4,1,64,SCRCircular,TMEM184B,circTMEM184B,circLib,stack,26,0.16819013149010825
4,1,64,SCRCircular,TMEM184B,circTMEM184B,circLib,target_kmer,26,0.36153729528173173
4,1,64,SCRCircular,TMEM184B,circTMEM184B,circLib,composition,26,0.7947909640167512
4,1,64,SCRCircular,TMEM184B,circTMEM184B,circLib,sibling_uncalibrated,26,0.16234554193984763
4,1,64,SCRCircular,TMEM184B,circTMEM184B,circLib,sibling_calibrated,26,0.16234554193984763
4,1,64,SCRCircular,UGP2,circUGP2,circLib,stack,12,0.26553714289871044
4,1,64,SCRCircular,UGP2,circUGP2,circLib,target_kmer,12,0.0
4,1,64,SCRCircular,UGP2,circUGP2,circLib,composition,12,0.38635733559497676
4,1,64,SCRCircular,UGP2,circUGP2,circLib,sibling_uncalibrated,12,0.4419854506585663
4,1,64,SCRCircular,UGP2,circUGP2,circLib,sibling_calibrated,12,0.4419854506585663
4,1,256,Spliced,BANCR,Bancr,nucLib,stack,17,0.2981182262750218
4,1,256,Spliced,BANCR,Bancr,nucLib,target_kmer,17,0.3290194835301864
4,1,256,Spliced,BANCR,Bancr,nucLib,composition,17,0.3465846050689588
4,1,256,Spliced,BANCR,Bancr,nucLib,sibling_uncalibrated,17,0.45735459127732153
4,1,256,Spliced,BANCR,Bancr,nucLib,sibling_calibrated,17,0.45735459127732153
4,1,256,Spliced,CSNK1G3,circCSNK1G3,circLib,stack,45,0.32210184092358496
4,1,256,Spliced,CSNK1G3,circCSNK1G3,circLib,target_kmer,45,0.4301656450283091
4,1,256,Spliced,CSNK1G3,circCSNK1G3,circLib,composition,45,0.5546653095708046
4,1,256,Spliced,CSNK1G3,circCSNK1G3,circLib,sibling_uncalibrated,45,0.5298287914541464
4,1,256,Spliced,CSNK1G3,circCSNK1G3,circLib,sibling_calibrated,45,0.5298287914541464
4,1,256,Spliced,GRHPR,circGRHPR,circLib,stack,17,0.709838924670668
4,1,256,Spliced,GRHPR,circGRHPR,circLib,target_kmer,17,0.2121803850687387
4,1,256,Spliced,GRHPR,circGRHPR,circLib,composition,17,0.18488518522665173
4,1,256,Spliced,GRHPR,circGRHPR,circLib,sibling_uncalibrated,17,0.709838924670668
4,1,256,Spliced,GRHPR,circGRHPR,circLib,sibling_calibrated,17,0.709838924670668
4,1,256,Spliced,MAN1A2,circMAN1A2,circLib,stack,27,0.4951850485500138
4,1,256,Spliced,MAN1A2,circMAN1A2,circLib,target_kmer,27,0.46101838628689257
4,1,256,Spliced,MAN1A2,circMAN1A2,circLib,composition,27,0.43283156858700456
4,1,256,Spliced,MAN1A2,circMAN1A2,circLib,sibling_uncalibrated,27,0.43693213673459425
4,1,256,Spliced,MAN1A2,circMAN1A2,circLib,sibling_calibrated,27,0.43693213673459425
4,1,256,Spliced,MAP3K1,circMAP3K1,circLib,stack,24,0.8034471552924832
4,1,256,Spliced,MAP3K1,circMAP3K1,circLib,target_kmer,24,0.7555608195081371
4,1,256,Spliced,MAP3K1,circMAP3K1,circLib,composition,24,0.8548027672378593
4,1,256,Spliced,MAP3K1,circMAP3K1,circLib,sibling_uncalibrated,24,0.7895568756640217
4,1,256,Spliced,MAP3K1,circMAP3K1,circLib,sibling_calibrated,24,0.7895568756640217
4,1,256,Spliced,MAPK1,circMAPK1,circLib,stack,19,0.4005845954121968
4,1,256,Spliced,MAPK1,circMAPK1,circLib,target_kmer,19,0.4005845954121968
4,1,256,Spliced,MAPK1,circMAPK1,circLib,composition,19,0.4005845954121968
4,1,256,Spliced,MAPK1,circMAPK1,circLib,sibling_uncalibrated,19,0.18535024281601029
4,1,256,Spliced,MAPK1,circMAPK1,circLib,sibling_calibrated,19,0.18535024281601029
4,1,256,Spliced,MEGAMIND,Megamind,nucLib,stack,93,0.1797917216399696
4,1,256,Spliced,MEGAMIND,Megamind,nucLib,target_kmer,93,0.28621833627954163
4,1,256,Spliced,MEGAMIND,Megamind,nucLib,composition,93,0.19826306412230377
4,1,256,Spliced,MEGAMIND,Megamind,nucLib,sibling_uncalibrated,93,0.3360896837169899
4,1,256,Spliced,MEGAMIND,Megamind,nucLib,sibling_calibrated,93,0.3360896837169899
4,1,256,Spliced,PSD3,circPSD3,circLib,stack,27,0.553385557647395
4,1,256,Spliced,PSD3,circPSD3,circLib,target_kmer,27,0.39186392142873855
4,1,256,Spliced,PSD3,circPSD3,circLib,composition,27,0.477701068110404
4,1,256,Spliced,PSD3,circPSD3,circLib,sibling_uncalibrated,27,0.553385557647395
4,1,256,Spliced,PSD3,circPSD3,circLib,sibling_calibrated,27,0.553385557647395
4,1,256,Spliced,TERC,Terc,nucLib,stack,31,0.7579299481940702
4,1,256,Spliced,TERC,Terc,nucLib,target_kmer,31,0.4898037911059309
4,1,256,Spliced,TERC,Terc,nucLib,composition,31,0.6478416898992884
4,1,256,Spliced,TERC,Terc,nucLib,sibling_uncalibrated,31,0.7100021956054092
4,1,256,Spliced,TERC,Terc,nucLib,sibling_calibrated,31,0.7100021956054092
4,1,256,Spliced,TMEM184B,circTMEM184B,circLib,stack,26,0.19246704442704632
4,1,256,Spliced,TMEM184B,circTMEM184B,circLib,target_kmer,26,0.5092315279961585
4,1,256,Spliced,TMEM184B,circTMEM184B,circLib,composition,26,0.5621953836063744
4,1,256,Spliced,TMEM184B,circTMEM184B,circLib,sibling_uncalibrated,26,0.26197870450155564
4,1,256,Spliced,TMEM184B,circTMEM184B,circLib,sibling_calibrated,26,0.26197870450155564
4,1,256,Spliced,UGP2,circUGP2,circLib,stack,12,0.549233296434231
4,1,256,Spliced,UGP2,circUGP2,circLib,target_kmer,12,0.03677216806582471
4,1,256,Spliced,UGP2,circUGP2,circLib,composition,12,0.5932162303398082
4,1,256,Spliced,UGP2,circUGP2,circLib,sibling_uncalibrated,12,0.7530148301356604
4,1,256,Spliced,UGP2,circUGP2,circLib,sibling_calibrated,12,0.7530148301356604
4,1,256,Unspliced,BANCR,Bancr,nucLib,stack,13,0.5268461277321665
4,1,256,Unspliced,BANCR,Bancr,nucLib,target_kmer,13,0.18670044559034793
4,1,256,Unspliced,BANCR,Bancr,nucLib,composition,13,0.7521048238587568
4,1,256,Unspliced,BANCR,Bancr,nucLib,sibling_uncalibrated,13,0.36293382286789755
4,1,256,Unspliced,BANCR,Bancr,nucLib,sibling_calibrated,13,0.36293382286789755
4,1,256,Unspliced,CSNK1G3,circCSNK1G3,circLib,stack,46,0.39622559516538547
4,1,256,Unspliced,CSNK1G3,circCSNK1G3,circLib,target_kmer,46,0.23177570495739908
4,1,256,Unspliced,CSNK1G3,circCSNK1G3,circLib,composition,46,0.6474105991093944
4,1,256,Unspliced,CSNK1G3,circCSNK1G3,circLib,sibling_uncalibrated,46,0.3203823724122455
4,1,256,Unspliced,CSNK1G3,circCSNK1G3,circLib,sibling_calibrated,46,0.3203823724122455
4,1,256,Unspliced,GRHPR,circGRHPR,circLib,stack,17,0.27095444102928345
4,1,256,Unspliced,GRHPR,circGRHPR,circLib,target_kmer,17,0.5342376536350377
4,1,256,Unspliced,GRHPR,circGRHPR,circLib,composition,17,0.12677325168119802
4,1,256,Unspliced,GRHPR,circGRHPR,circLib,sibling_uncalibrated,17,0.09722434057182407
4,1,256,Unspliced,GRHPR,circGRHPR,circLib,sibling_calibrated,17,0.09722434057182407
4,1,256,Unspliced,MAN1A2,circMAN1A2,circLib,stack,28,0.38800676073975904
4,1,256,Unspliced,MAN1A2,circMAN1A2,circLib,target_kmer,28,0.2963769079744721
4,1,256,Unspliced,MAN1A2,circMAN1A2,circLib,composition,28,0.24168434448643708
4,1,256,Unspliced,MAN1A2,circMAN1A2,circLib,sibling_uncalibrated,28,0.5081635749686955
4,1,256,Unspliced,MAN1A2,circMAN1A2,circLib,sibling_calibrated,28,0.5081635749686955
4,1,256,Unspliced,MAP3K1,circMAP3K1,circLib,stack,24,0.5556318717861495
4,1,256,Unspliced,MAP3K1,circMAP3K1,circLib,target_kmer,24,0.5917074832123921
4,1,256,Unspliced,MAP3K1,circMAP3K1,circLib,composition,24,0.2850954389674509
4,1,256,Unspliced,MAP3K1,circMAP3K1,circLib,sibling_uncalibrated,24,0.5060598621305068
4,1,256,Unspliced,MAP3K1,circMAP3K1,circLib,sibling_calibrated,24,0.5060598621305068
4,1,256,Unspliced,MAPK1,circMAPK1,circLib,stack,19,0.3030011624681673
4,1,256,Unspliced,MAPK1,circMAPK1,circLib,target_kmer,19,0.5520456578352704
4,1,256,Unspliced,MAPK1,circMAPK1,circLib,composition,19,0.5520456578352704
4,1,256,Unspliced,MAPK1,circMAPK1,circLib,sibling_uncalibrated,19,0.1789457978708024
4,1,256,Unspliced,MAPK1,circMAPK1,circLib,sibling_calibrated,19,0.1789457978708024
4,1,256,Unspliced,MEGAMIND,Megamind,nucLib,stack,76,0.0792644027964461
4,1,256,Unspliced,MEGAMIND,Megamind,nucLib,target_kmer,76,0.6863359285841089
4,1,256,Unspliced,MEGAMIND,Megamind,nucLib,composition,76,0.6820542212979634
4,1,256,Unspliced,MEGAMIND,Megamind,nucLib,sibling_uncalibrated,76,0.6024577954739503
4,1,256,Unspliced,MEGAMIND,Megamind,nucLib,sibling_calibrated,76,0.6024577954739503
4,1,256,Unspliced,PSD3,circPSD3,circLib,stack,27,0.3128439257105514
4,1,256,Unspliced,PSD3,circPSD3,circLib,target_kmer,27,0.35763462206071167
4,1,256,Unspliced,PSD3,circPSD3,circLib,composition,27,0.21665546852353207
4,1,256,Unspliced,PSD3,circPSD3,circLib,sibling_uncalibrated,27,0.44905275353176144
4,1,256,Unspliced,PSD3,circPSD3,circLib,sibling_calibrated,27,0.44905275353176144
4,1,256,Unspliced,TERC,Terc,nucLib,stack,26,0.7512551218571515
4,1,256,Unspliced,TERC,Terc,nucLib,target_kmer,26,0.3797530224411594
4,1,256,Unspliced,TERC,Terc,nucLib,composition,26,0.6373172658842673
4,1,256,Unspliced,TERC,Terc,nucLib,sibling_uncalibrated,26,0.7224293668939608
4,1,256,Unspliced,TERC,Terc,nucLib,sibling_calibrated,26,0.7224293668939608
4,1,256,Unspliced,TMEM184B,circTMEM184B,circLib,stack,26,0.1673480620762504
4,1,256,Unspliced,TMEM184B,circTMEM184B,circLib,target_kmer,26,0.14973920957691078
4,1,256,Unspliced,TMEM184B,circTMEM184B,circLib,composition,26,0.6126497537743164
4,1,256,Unspliced,TMEM184B,circTMEM184B,circLib,sibling_uncalibrated,26,0.5118397630458713
4,1,256,Unspliced,TMEM184B,circTMEM184B,circLib,sibling_calibrated,26,0.5118397630458713
4,1,256,Unspliced,UGP2,circUGP2,circLib,stack,11,0.3788241392822959
4,1,256,Unspliced,UGP2,circUGP2,circLib,target_kmer,11,0.35429091462863277
4,1,256,Unspliced,UGP2,circUGP2,circLib,composition,11,0.4780590870609964
4,1,256,Unspliced,UGP2,circUGP2,circLib,sibling_uncalibrated,11,0.45801745462548177
4,1,256,Unspliced,UGP2,circUGP2,circLib,sibling_calibrated,11,0.45801745462548177
4,1,256,Circular,BANCR,Bancr,nucLib,stack,15,0.6345301050355361
4,1,256,Circular,BANCR,Bancr,nucLib,target_kmer,15,0.5868744483841386
4,1,256,Circular,BANCR,Bancr,nucLib,composition,15,0.20096945848980174
4,1,256,Circular,BANCR,Bancr,nucLib,sibling_uncalibrated,15,0.6345301050355361
4,1,256,Circular,BANCR,Bancr,nucLib,sibling_calibrated,15,0.6345301050355361
4,1,256,Circular,CSNK1G3,circCSNK1G3,circLib,stack,40,0.25631446920904033
4,1,256,Circular,CSNK1G3,circCSNK1G3,circLib,target_kmer,40,0.48753541062818284
4,1,256,Circular,CSNK1G3,circCSNK1G3,circLib,composition,40,0.5074157871139713
4,1,256,Circular,CSNK1G3,circCSNK1G3,circLib,sibling_uncalibrated,40,0.4029995379168879
4,1,256,Circular,CSNK1G3,circCSNK1G3,circLib,sibling_calibrated,40,0.4029995379168879
4,1,256,Circular,GRHPR,circGRHPR,circLib,stack,17,0.897651240427379
4,1,256,Circular,GRHPR,circGRHPR,circLib,target_kmer,17,0.692588383826879
4,1,256,Circular,GRHPR,circGRHPR,circLib,composition,17,0.7564521161633853
4,1,256,Circular,GRHPR,circGRHPR,circLib,sibling_uncalibrated,17,0.897651240427379
4,1,256,Circular,GRHPR,circGRHPR,circLib,sibling_calibrated,17,0.897651240427379
4,1,256,Circular,MAN1A2,circMAN1A2,circLib,stack,19,0.07695851106304001
4,1,256,Circular,MAN1A2,circMAN1A2,circLib,target_kmer,19,0.2933196828616035
4,1,256,Circular,MAN1A2,circMAN1A2,circLib,composition,19,0.5668219483403836
4,1,256,Circular,MAN1A2,circMAN1A2,circLib,sibling_uncalibrated,19,0.07695851106304001
4,1,256,Circular,MAN1A2,circMAN1A2,circLib,sibling_calibrated,19,0.07695851106304001
4,1,256,Circular,MAP3K1,circMAP3K1,circLib,stack,24,0.3502313173078615
4,1,256,Circular,MAP3K1,circMAP3K1,circLib,target_kmer,24,0.37352051545262066
4,1,256,Circular,MAP3K1,circMAP3K1,circLib,composition,24,0.42534363638042
4,1,256,Circular,MAP3K1,circMAP3K1,circLib,sibling_uncalibrated,24,0.3502313173078615
4,1,256,Circular,MAP3K1,circMAP3K1,circLib,sibling_calibrated,24,0.3502313173078615
4,1,256,Circular,MAPK1,circMAPK1,circLib,stack,17,0.7354568696212419
4,1,256,Circular,MAPK1,circMAPK1,circLib,target_kmer,17,0.6248791932485555
4,1,256,Circular,MAPK1,circMAPK1,circLib,composition,17,0.5818950445327933
4,1,256,Circular,MAPK1,circMAPK1,circLib,sibling_uncalibrated,17,0.5296501003337073
4,1,256,Circular,MAPK1,circMAPK1,circLib,sibling_calibrated,17,0.5296501003337073
4,1,256,Circular,MEGAMIND,Megamind,nucLib,stack,89,0.2410533509323835
4,1,256,Circular,MEGAMIND,Megamind,nucLib,target_kmer,89,0.41732395728518046
4,1,256,Circular,MEGAMIND,Megamind,nucLib,composition,89,0.40712119676715214
4,1,256,Circular,MEGAMIND,Megamind,nucLib,sibling_uncalibrated,89,0.2410533509323835
4,1,256,Circular,MEGAMIND,Megamind,nucLib,sibling_calibrated,89,0.2410533509323835
4,1,256,Circular,PSD3,circPSD3,circLib,stack,26,0.39942909232413604
4,1,256,Circular,PSD3,circPSD3,circLib,target_kmer,26,0.2806699253385013
4,1,256,Circular,PSD3,circPSD3,circLib,composition,26,0.5558709194479238
4,1,256,Circular,PSD3,circPSD3,circLib,sibling_uncalibrated,26,0.39942909232413604
4,1,256,Circular,PSD3,circPSD3,circLib,sibling_calibrated,26,0.39942909232413604
4,1,256,Circular,TERC,Terc,nucLib,stack,32,0.06876132186152903
4,1,256,Circular,TERC,Terc,nucLib,target_kmer,32,0.44824981682338116
4,1,256,Circular,TERC,Terc,nucLib,composition,32,0.2616128528478428
4,1,256,Circular,TERC,Terc,nucLib,sibling_uncalibrated,32,0.22002572673727236
4,1,256,Circular,TERC,Terc,nucLib,sibling_calibrated,32,0.22002572673727236
4,1,256,Circular,TMEM184B,circTMEM184B,circLib,stack,26,0.43685908465629036
4,1,256,Circular,TMEM184B,circTMEM184B,circLib,target_kmer,26,0.12200392635404925
4,1,256,Circular,TMEM184B,circTMEM184B,circLib,composition,26,0.13890869884105056
4,1,256,Circular,TMEM184B,circTMEM184B,circLib,sibling_uncalibrated,26,0.43685908465629036
4,1,256,Circular,TMEM184B,circTMEM184B,circLib,sibling_calibrated,26,0.43685908465629036
4,1,256,Circular,UGP2,circUGP2,circLib,stack,10,0.5080882419555133
4,1,256,Circular,UGP2,circUGP2,circLib,target_kmer,10,0.8055228460099793
4,1,256,Circular,UGP2,circUGP2,circLib,composition,10,0.28721210659849394
4,1,256,Circular,UGP2,circUGP2,circLib,sibling_uncalibrated,10,0.5080882419555133
4,1,256,Circular,UGP2,circUGP2,circLib,sibling_calibrated,10,0.5080882419555133
4,1,256,SCRCircular,BANCR,Bancr,nucLib,stack,18,0.2135969926897029
4,1,256,SCRCircular,BANCR,Bancr,nucLib,target_kmer,18,0.16140894557272079
4,1,256,SCRCircular,BANCR,Bancr,nucLib,composition,18,0.0
4,1,256,SCRCircular,BANCR,Bancr,nucLib,sibling_uncalibrated,18,0.29737673692798877
4,1,256,SCRCircular,BANCR,Bancr,nucLib,sibling_calibrated,18,0.29737673692798877
4,1,256,SCRCircular,CSNK1G3,circCSNK1G3,circLib,stack,46,0.32382566965793863
4,1,256,SCRCircular,CSNK1G3,circCSNK1G3,circLib,target_kmer,46,0.3713288715348032
4,1,256,SCRCircular,CSNK1G3,circCSNK1G3,circLib,composition,46,0.4960092767017896
4,1,256,SCRCircular,CSNK1G3,circCSNK1G3,circLib,sibling_uncalibrated,46,0.41133325640315693
4,1,256,SCRCircular,CSNK1G3,circCSNK1G3,circLib,sibling_calibrated,46,0.41133325640315693
4,1,256,SCRCircular,GRHPR,circGRHPR,circLib,stack,17,0.15368153490772377
4,1,256,SCRCircular,GRHPR,circGRHPR,circLib,target_kmer,17,0.23031640772227066
4,1,256,SCRCircular,GRHPR,circGRHPR,circLib,composition,17,0.4821580183054243
4,1,256,SCRCircular,GRHPR,circGRHPR,circLib,sibling_uncalibrated,17,0.14564099920942425
4,1,256,SCRCircular,GRHPR,circGRHPR,circLib,sibling_calibrated,17,0.14564099920942425
4,1,256,SCRCircular,MAN1A2,circMAN1A2,circLib,stack,25,0.40344957630060263
4,1,256,SCRCircular,MAN1A2,circMAN1A2,circLib,target_kmer,25,0.13140419323614413
4,1,256,SCRCircular,MAN1A2,circMAN1A2,circLib,composition,25,0.17985978585647933
4,1,256,SCRCircular,MAN1A2,circMAN1A2,circLib,sibling_uncalibrated,25,0.24065228382053794
4,1,256,SCRCircular,MAN1A2,circMAN1A2,circLib,sibling_calibrated,25,0.24065228382053794
4,1,256,SCRCircular,MAP3K1,circMAP3K1,circLib,stack,24,0.16239082641769412
4,1,256,SCRCircular,MAP3K1,circMAP3K1,circLib,target_kmer,24,0.5114528779732953
4,1,256,SCRCircular,MAP3K1,circMAP3K1,circLib,composition,24,0.2831251118307704
4,1,256,SCRCircular,MAP3K1,circMAP3K1,circLib,sibling_uncalibrated,24,0.4696516564533747
4,1,256,SCRCircular,MAP3K1,circMAP3K1,circLib,sibling_calibrated,24,0.4696516564533747
4,1,256,SCRCircular,MAPK1,circMAPK1,circLib,stack,19,0.23691439641998
4,1,256,SCRCircular,MAPK1,circMAPK1,circLib,target_kmer,19,0.5697400816496354
4,1,256,SCRCircular,MAPK1,circMAPK1,circLib,composition,19,0.523920514932812
4,1,256,SCRCircular,MAPK1,circMAPK1,circLib,sibling_uncalibrated,19,0.3901247302521801
4,1,256,SCRCircular,MAPK1,circMAPK1,circLib,sibling_calibrated,19,0.3901247302521801
4,1,256,SCRCircular,MEGAMIND,Megamind,nucLib,stack,99,0.39301007701808116
4,1,256,SCRCircular,MEGAMIND,Megamind,nucLib,target_kmer,99,0.5197598692549948
4,1,256,SCRCircular,MEGAMIND,Megamind,nucLib,composition,99,0.2620517954842993
4,1,256,SCRCircular,MEGAMIND,Megamind,nucLib,sibling_uncalibrated,99,0.46581133575282996
4,1,256,SCRCircular,MEGAMIND,Megamind,nucLib,sibling_calibrated,99,0.46581133575282996
4,1,256,SCRCircular,PSD3,circPSD3,circLib,stack,27,0.5435722372905853
4,1,256,SCRCircular,PSD3,circPSD3,circLib,target_kmer,27,0.8653797142756794
4,1,256,SCRCircular,PSD3,circPSD3,circLib,composition,27,0.8584384669986937
4,1,256,SCRCircular,PSD3,circPSD3,circLib,sibling_uncalibrated,27,0.5351484063059108
4,1,256,SCRCircular,PSD3,circPSD3,circLib,sibling_calibrated,27,0.5351484063059108
4,1,256,SCRCircular,TERC,Terc,nucLib,stack,32,0.16344881458235921
4,1,256,SCRCircular,TERC,Terc,nucLib,target_kmer,32,0.8689967759514792
4,1,256,SCRCircular,TERC,Terc,nucLib,composition,32,0.4023342271283136
4,1,256,SCRCircular,TERC,Terc,nucLib,sibling_uncalibrated,32,0.34968905035906217
4,1,256,SCRCircular,TERC,Terc,nucLib,sibling_calibrated,32,0.34968905035906217
4,1,256,SCRCircular,TMEM184B,circTMEM184B,circLib,stack,26,0.16819013149010825
4,1,256,SCRCircular,TMEM184B,circTMEM184B,circLib,target_kmer,26,0.4339197358973178
4,1,256,SCRCircular,TMEM184B,circTMEM184B,circLib,composition,26,0.7459355153403405
4,1,256,SCRCircular,TMEM184B,circTMEM184B,circLib,sibling_uncalibrated,26,0.16234554193984763
4,1,256,SCRCircular,TMEM184B,circTMEM184B,circLib,sibling_calibrated,26,0.16234554193984763
4,1,256,SCRCircular,UGP2,circUGP2,circLib,stack,12,0.26553714289871044
4,1,256,SCRCircular,UGP2,circUGP2,circLib,target_kmer,12,0.27929410908790403
4,1,256,SCRCircular,UGP2,circUGP2,circLib,composition,12,0.4210109509137846
4,1,256,SCRCircular,UGP2,circUGP2,circLib,sibling_uncalibrated,12,0.4419854506585663
4,1,256,SCRCircular,UGP2,circUGP2,circLib,sibling_calibrated,12,0.4419854506585663
4,2,16,Spliced,BANCR,Bancr,nucLib,stack,17,0.8214877182827464
4,2,16,Spliced,BANCR,Bancr,nucLib,target_kmer,17,0.864103604267207
4,2,16,Spliced,BANCR,Bancr,nucLib,composition,17,0.46596997899547493
4,2,16,Spliced,BANCR,Bancr,nucLib,sibling_uncalibrated,17,0.479529278195287
4,2,16,Spliced,BANCR,Bancr,nucLib,sibling_calibrated,17,0.479529278195287
4,2,16,Spliced,CSNK1G3,circCSNK1G3,circLib,stack,45,0.5298287914541464
4,2,16,Spliced,CSNK1G3,circCSNK1G3,circLib,target_kmer,45,0.32580175008389267
4,2,16,Spliced,CSNK1G3,circCSNK1G3,circLib,composition,45,0.35423324775276777
4,2,16,Spliced,CSNK1G3,circCSNK1G3,circLib,sibling_uncalibrated,45,0.5298287914541464
4,2,16,Spliced,CSNK1G3,circCSNK1G3,circLib,sibling_calibrated,45,0.5298287914541464
4,2,16,Spliced,GRHPR,circGRHPR,circLib,stack,17,0.31752102533996274
4,2,16,Spliced,GRHPR,circGRHPR,circLib,target_kmer,17,0.3196503268109789
4,2,16,Spliced,GRHPR,circGRHPR,circLib,composition,17,0.6016207242715599
4,2,16,Spliced,GRHPR,circGRHPR,circLib,sibling_uncalibrated,17,0.31752102533996274
4,2,16,Spliced,GRHPR,circGRHPR,circLib,sibling_calibrated,17,0.31752102533996274
4,2,16,Spliced,MAN1A2,circMAN1A2,circLib,stack,27,0.49236404166167647
4,2,16,Spliced,MAN1A2,circMAN1A2,circLib,target_kmer,27,0.7752698273826405
4,2,16,Spliced,MAN1A2,circMAN1A2,circLib,composition,27,0.43283156858700456
4,2,16,Spliced,MAN1A2,circMAN1A2,circLib,sibling_uncalibrated,27,0.5521979367840161
4,2,16,Spliced,MAN1A2,circMAN1A2,circLib,sibling_calibrated,27,0.5521979367840161
4,2,16,Spliced,MAP3K1,circMAP3K1,circLib,stack,24,0.8931123341055667
4,2,16,Spliced,MAP3K1,circMAP3K1,circLib,target_kmer,24,0.6804281131671859
4,2,16,Spliced,MAP3K1,circMAP3K1,circLib,composition,24,0.731783725112562
4,2,16,Spliced,MAP3K1,circMAP3K1,circLib,sibling_uncalibrated,24,0.7895568756640217
4,2,16,Spliced,MAP3K1,circMAP3K1,circLib,sibling_calibrated,24,0.7895568756640217
4,2,16,Spliced,MAPK1,circMAPK1,circLib,stack,19,0.4005845954121968
4,2,16,Spliced,MAPK1,circMAPK1,circLib,target_kmer,19,0.6173931171246628
4,2,16,Spliced,MAPK1,circMAPK1,circLib,composition,19,0.4005845954121968
4,2,16,Spliced,MAPK1,circMAPK1,circLib,sibling_uncalibrated,19,0.4005845954121968
4,2,16,Spliced,MAPK1,circMAPK1,circLib,sibling_calibrated,19,0.4005845954121968
4,2,16,Spliced,MEGAMIND,Megamind,nucLib,stack,93,0.1797917216399696
4,2,16,Spliced,MEGAMIND,Megamind,nucLib,target_kmer,93,0.38322502881062115
4,2,16,Spliced,MEGAMIND,Megamind,nucLib,composition,93,0.19826306412230377
4,2,16,Spliced,MEGAMIND,Megamind,nucLib,sibling_uncalibrated,93,0.3360896837169899
4,2,16,Spliced,MEGAMIND,Megamind,nucLib,sibling_calibrated,93,0.3360896837169899
4,2,16,Spliced,PSD3,circPSD3,circLib,stack,27,0.44592356755068047
4,2,16,Spliced,PSD3,circPSD3,circLib,target_kmer,27,0.23961901535120775
4,2,16,Spliced,PSD3,circPSD3,circLib,composition,27,0.23315908926799336
4,2,16,Spliced,PSD3,circPSD3,circLib,sibling_uncalibrated,27,0.553385557647395
4,2,16,Spliced,PSD3,circPSD3,circLib,sibling_calibrated,27,0.553385557647395
4,2,16,Spliced,TERC,Terc,nucLib,stack,31,0.7579299481940702
4,2,16,Spliced,TERC,Terc,nucLib,target_kmer,31,0.5324044986605581
4,2,16,Spliced,TERC,Terc,nucLib,composition,31,0.37561337937335704
4,2,16,Spliced,TERC,Terc,nucLib,sibling_uncalibrated,31,0.7100021956054092
4,2,16,Spliced,TERC,Terc,nucLib,sibling_calibrated,31,0.7100021956054092
4,2,16,Spliced,TMEM184B,circTMEM184B,circLib,stack,26,0.19246704442704632
4,2,16,Spliced,TMEM184B,circTMEM184B,circLib,target_kmer,26,0.5623563229175624
4,2,16,Spliced,TMEM184B,circTMEM184B,circLib,composition,26,0.5621953836063744
4,2,16,Spliced,TMEM184B,circTMEM184B,circLib,sibling_uncalibrated,26,0.1442714885695563
4,2,16,Spliced,TMEM184B,circTMEM184B,circLib,sibling_calibrated,26,0.1442714885695563
4,2,16,Spliced,UGP2,circUGP2,circLib,stack,12,0.549233296434231
4,2,16,Spliced,UGP2,circUGP2,circLib,target_kmer,12,0.7313847828886713
4,2,16,Spliced,UGP2,circUGP2,circLib,composition,12,0.5932162303398082
4,2,16,Spliced,UGP2,circUGP2,circLib,sibling_uncalibrated,12,0.743049252435485
4,2,16,Spliced,UGP2,circUGP2,circLib,sibling_calibrated,12,0.743049252435485
4,2,16,Unspliced,BANCR,Bancr,nucLib,stack,13,0.5268461277321665
4,2,16,Unspliced,BANCR,Bancr,nucLib,target_kmer,13,0.5067829733237537
4,2,16,Unspliced,BANCR,Bancr,nucLib,composition,13,0.6028676996784068
4,2,16,Unspliced,BANCR,Bancr,nucLib,sibling_uncalibrated,13,0.5268461277321665
4,2,16,Unspliced,BANCR,Bancr,nucLib,sibling_calibrated,13,0.5268461277321665
4,2,16,Unspliced,CSNK1G3,circCSNK1G3,circLib,stack,46,0.4864631976012219
4,2,16,Unspliced,CSNK1G3,circCSNK1G3,circLib,target_kmer,46,0.56900681472279
4,2,16,Unspliced,CSNK1G3,circCSNK1G3,circLib,composition,46,0.4739563444530483
4,2,16,Unspliced,CSNK1G3,circCSNK1G3,circLib,sibling_uncalibrated,46,0.5947889563555758
4,2,16,Unspliced,CSNK1G3,circCSNK1G3,circLib,sibling_calibrated,46,0.5947889563555758
4,2,16,Unspliced,GRHPR,circGRHPR,circLib,stack,17,0.15369414761577477
4,2,16,Unspliced,GRHPR,circGRHPR,circLib,target_kmer,17,0.12677325168119802
4,2,16,Unspliced,GRHPR,circGRHPR,circLib,composition,17,0.421899568806152
4,2,16,Unspliced,GRHPR,circGRHPR,circLib,sibling_uncalibrated,17,0.09722434057182407
4,2,16,Unspliced,GRHPR,circGRHPR,circLib,sibling_calibrated,17,0.09722434057182407
4,2,16,Unspliced,MAN1A2,circMAN1A2,circLib,stack,28,0.6889147569122949
4,2,16,Unspliced,MAN1A2,circMAN1A2,circLib,target_kmer,28,0.5331787950997935
4,2,16,Unspliced,MAN1A2,circMAN1A2,circLib,composition,28,0.44005743088219756
4,2,16,Unspliced,MAN1A2,circMAN1A2,circLib,sibling_uncalibrated,28,0.3325525534130161
4,2,16,Unspliced,MAN1A2,circMAN1A2,circLib,sibling_calibrated,28,0.3325525534130161
4,2,16,Unspliced,MAP3K1,circMAP3K1,circLib,stack,24,0.5017738314325345
4,2,16,Unspliced,MAP3K1,circMAP3K1,circLib,target_kmer,24,0.5781814266075008
4,2,16,Unspliced,MAP3K1,circMAP3K1,circLib,composition,24,0.5781814266075008
4,2,16,Unspliced,MAP3K1,circMAP3K1,circLib,sibling_uncalibrated,24,0.5488230483093791
4,2,16,Unspliced,MAP3K1,circMAP3K1,circLib,sibling_calibrated,24,0.5488230483093791
4,2,16,Unspliced,MAPK1,circMAPK1,circLib,stack,19,0.5520456578352704
4,2,16,Unspliced,MAPK1,circMAPK1,circLib,target_kmer,19,0.5141848324389824
4,2,16,Unspliced,MAPK1,circMAPK1,circLib,composition,19,0.5520456578352704
4,2,16,Unspliced,MAPK1,circMAPK1,circLib,sibling_uncalibrated,19,0.49851093782978917
4,2,16,Unspliced,MAPK1,circMAPK1,circLib,sibling_calibrated,19,0.49851093782978917
4,2,16,Unspliced,MEGAMIND,Megamind,nucLib,stack,76,0.46725760611363304
4,2,16,Unspliced,MEGAMIND,Megamind,nucLib,target_kmer,76,0.442034125434303
4,2,16,Unspliced,MEGAMIND,Megamind,nucLib,composition,76,0.6242688578360511
4,2,16,Unspliced,MEGAMIND,Megamind,nucLib,sibling_uncalibrated,76,0.6145688755885809
4,2,16,Unspliced,MEGAMIND,Megamind,nucLib,sibling_calibrated,76,0.6145688755885809
4,2,16,Unspliced,PSD3,circPSD3,circLib,stack,27,0.5240522609978667
4,2,16,Unspliced,PSD3,circPSD3,circLib,target_kmer,27,0.2820972724545698
4,2,16,Unspliced,PSD3,circPSD3,circLib,composition,27,0.43218528355699504
4,2,16,Unspliced,PSD3,circPSD3,circLib,sibling_uncalibrated,27,0.5542947021375491
4,2,16,Unspliced,PSD3,circPSD3,circLib,sibling_calibrated,27,0.5542947021375491
4,2,16,Unspliced,TERC,Terc,nucLib,stack,26,0.5389261534510671
4,2,16,Unspliced,TERC,Terc,nucLib,target_kmer,26,0.4061954784865187
4,2,16,Unspliced,TERC,Terc,nucLib,composition,26,0.37584719141822365
4,2,16,Unspliced,TERC,Terc,nucLib,sibling_uncalibrated,26,0.5389261534510671
4,2,16,Unspliced,TERC,Terc,nucLib,sibling_calibrated,26,0.5389261534510671
4,2,16,Unspliced,TMEM184B,circTMEM184B,circLib,stack,26,0.14973920957691078
4,2,16,Unspliced,TMEM184B,circTMEM184B,circLib,target_kmer,26,0.433299800798867
4,2,16,Unspliced,TMEM184B,circTMEM184B,circLib,composition,26,0.4984270055259616
4,2,16,Unspliced,TMEM184B,circTMEM184B,circLib,sibling_uncalibrated,26,0.14973920957691078
4,2,16,Unspliced,TMEM184B,circTMEM184B,circLib,sibling_calibrated,26,0.14973920957691078
4,2,16,Unspliced,UGP2,circUGP2,circLib,stack,11,0.3788241392822959
4,2,16,Unspliced,UGP2,circUGP2,circLib,target_kmer,11,0.49127211287924394
4,2,16,Unspliced,UGP2,circUGP2,circLib,composition,11,0.36467798642823784
4,2,16,Unspliced,UGP2,circUGP2,circLib,sibling_uncalibrated,11,0.3788241392822959
4,2,16,Unspliced,UGP2,circUGP2,circLib,sibling_calibrated,11,0.3788241392822959
4,2,16,Circular,BANCR,Bancr,nucLib,stack,15,0.29991079435119794
4,2,16,Circular,BANCR,Bancr,nucLib,target_kmer,15,0.5427505667289911
4,2,16,Circular,BANCR,Bancr,nucLib,composition,15,0.342019904919487
4,2,16,Circular,BANCR,Bancr,nucLib,sibling_uncalibrated,15,0.7000892056488021
4,2,16,Circular,BANCR,Bancr,nucLib,sibling_calibrated,15,0.29991079435119794
4,2,16,Circular,CSNK1G3,circCSNK1G3,circLib,stack,40,0.7207315291842931
4,2,16,Circular,CSNK1G3,circCSNK1G3,circLib,target_kmer,40,0.21555909064567885
4,2,16,Circular,CSNK1G3,circCSNK1G3,circLib,composition,40,0.143697983903004
4,2,16,Circular,CSNK1G3,circCSNK1G3,circLib,sibling_uncalibrated,40,0.27926847081570694
4,2,16,Circular,CSNK1G3,circCSNK1G3,circLib,sibling_calibrated,40,0.7207315291842931
4,2,16,Circular,GRHPR,circGRHPR,circLib,stack,17,0.10234875957262102
4,2,16,Circular,GRHPR,circGRHPR,circLib,target_kmer,17,0.22013897810397884
4,2,16,Circular,GRHPR,circGRHPR,circLib,composition,17,0.18411133139657254
4,2,16,Circular,GRHPR,circGRHPR,circLib,sibling_uncalibrated,17,0.897651240427379
4,2,16,Circular,GRHPR,circGRHPR,circLib,sibling_calibrated,17,0.10234875957262102
4,2,16,Circular,MAN1A2,circMAN1A2,circLib,stack,19,0.883020529124517
4,2,16,Circular,MAN1A2,circMAN1A2,circLib,target_kmer,19,0.994814223067547
4,2,16,Circular,MAN1A2,circMAN1A2,circLib,composition,19,0.4331780516596166
4,2,16,Circular,MAN1A2,circMAN1A2,circLib,sibling_uncalibrated,19,0.11697947087548305
4,2,16,Circular,MAN1A2,circMAN1A2,circLib,sibling_calibrated,19,0.883020529124517
4,2,16,Circular,MAP3K1,circMAP3K1,circLib,stack,24,0.5181314315367175
4,2,16,Circular,MAP3K1,circMAP3K1,circLib,target_kmer,24,0.4487786968655799
4,2,16,Circular,MAP3K1,circMAP3K1,circLib,composition,24,0.42552721367502266
4,2,16,Circular,MAP3K1,circMAP3K1,circLib,sibling_uncalibrated,24,0.4818685684632825
4,2,16,Circular,MAP3K1,circMAP3K1,circLib,sibling_calibrated,24,0.5181314315367175
4,2,16,Circular,MAPK1,circMAPK1,circLib,stack,17,0.530789083787268
4,2,16,Circular,MAPK1,circMAPK1,circLib,target_kmer,17,0.9015404855933373
4,2,16,Circular,MAPK1,circMAPK1,circLib,composition,17,0.4036967856714997
4,2,16,Circular,MAPK1,circMAPK1,circLib,sibling_uncalibrated,17,0.46921091621273203
4,2,16,Circular,MAPK1,circMAPK1,circLib,sibling_calibrated,17,0.530789083787268
4,2,16,Circular,MEGAMIND,Megamind,nucLib,stack,89,0.7038632145391777
4,2,16,Circular,MEGAMIND,Megamind,nucLib,target_kmer,89,0.35400577041638875
4,2,16,Circular,MEGAMIND,Megamind,nucLib,composition,89,0.7405457743066335
4,2,16,Circular,MEGAMIND,Megamind,nucLib,sibling_uncalibrated,89,0.4534673528040537
4,2,16,Circular,MEGAMIND,Megamind,nucLib,sibling_calibrated,89,0.5465326471959462
4,2,16,Circular,PSD3,circPSD3,circLib,stack,26,0.6005709076758641
4,2,16,Circular,PSD3,circPSD3,circLib,target_kmer,26,0.5543029507227992
4,2,16,Circular,PSD3,circPSD3,circLib,composition,26,0.3474993590292022
4,2,16,Circular,PSD3,circPSD3,circLib,sibling_uncalibrated,26,0.39942909232413604
4,2,16,Circular,PSD3,circPSD3,circLib,sibling_calibrated,26,0.6005709076758641
4,2,16,Circular,TERC,Terc,nucLib,stack,32,0.8448892083138169
4,2,16,Circular,TERC,Terc,nucLib,target_kmer,32,0.4452430842185991
4,2,16,Circular,TERC,Terc,nucLib,composition,32,0.15334899814632524
4,2,16,Circular,TERC,Terc,nucLib,sibling_uncalibrated,32,0.15511079168618325
4,2,16,Circular,TERC,Terc,nucLib,sibling_calibrated,32,0.8448892083138169
4,2,16,Circular,TMEM184B,circTMEM184B,circLib,stack,26,0.5543884961389699
4,2,16,Circular,TMEM184B,circTMEM184B,circLib,target_kmer,26,0.7229239240490039
4,2,16,Circular,TMEM184B,circTMEM184B,circLib,composition,26,0.76132924367958
4,2,16,Circular,TMEM184B,circTMEM184B,circLib,sibling_uncalibrated,26,0.6020809794445707
4,2,16,Circular,TMEM184B,circTMEM184B,circLib,sibling_calibrated,26,0.39791902055542927
4,2,16,Circular,UGP2,circUGP2,circLib,stack,10,0.2638065055060648
4,2,16,Circular,UGP2,circUGP2,circLib,target_kmer,10,0.4100834456509648
4,2,16,Circular,UGP2,circUGP2,circLib,composition,10,0.7127878934015062
4,2,16,Circular,UGP2,circUGP2,circLib,sibling_uncalibrated,10,0.5080882419555133
4,2,16,Circular,UGP2,circUGP2,circLib,sibling_calibrated,10,0.49191175804448684
4,2,16,SCRCircular,BANCR,Bancr,nucLib,stack,18,0.2135969926897029
4,2,16,SCRCircular,BANCR,Bancr,nucLib,target_kmer,18,0.5338602687968532
4,2,16,SCRCircular,BANCR,Bancr,nucLib,composition,18,0.44515536344204926
4,2,16,SCRCircular,BANCR,Bancr,nucLib,sibling_uncalibrated,18,0.29737673692798877
4,2,16,SCRCircular,BANCR,Bancr,nucLib,sibling_calibrated,18,0.29737673692798877
4,2,16,SCRCircular,CSNK1G3,circCSNK1G3,circLib,stack,46,0.43469897980181454
4,2,16,SCRCircular,CSNK1G3,circCSNK1G3,circLib,target_kmer,46,0.45241563030760445
4,2,16,SCRCircular,CSNK1G3,circCSNK1G3,circLib,composition,46,0.5737914355557073
4,2,16,SCRCircular,CSNK1G3,circCSNK1G3,circLib,sibling_uncalibrated,46,0.43469897980181454
4,2,16,SCRCircular,CSNK1G3,circCSNK1G3,circLib,sibling_calibrated,46,0.43469897980181454
4,2,16,SCRCircular,GRHPR,circGRHPR,circLib,stack,17,0.3351751257413896
4,2,16,SCRCircular,GRHPR,circGRHPR,circLib,target_kmer,17,0.5022030012659394
4,2,16,SCRCircular,GRHPR,circGRHPR,circLib,composition,17,0.34631846509227626
4,2,16,SCRCircular,GRHPR,circGRHPR,circLib,sibling_uncalibrated,17,0.3351751257413896
4,2,16,SCRCircular,GRHPR,circGRHPR,circLib,sibling_calibrated,17,0.3351751257413896
4,2,16,SCRCircular,MAN1A2,circMAN1A2,circLib,stack,25,0.2699680377591118
4,2,16,SCRCircular,MAN1A2,circMAN1A2,circLib,target_kmer,25,0.2699680377591118
4,2,16,SCRCircular,MAN1A2,circMAN1A2,circLib,composition,25,0.6292738091598455
4,2,16,SCRCircular,MAN1A2,circMAN1A2,circLib,sibling_uncalibrated,25,0.2699680377591118
4,2,16,SCRCircular,MAN1A2,circMAN1A2,circLib,sibling_calibrated,25,0.2699680377591118
4,2,16,SCRCircular,MAP3K1,circMAP3K1,circLib,stack,24,0.38562702917970754
4,2,16,SCRCircular,MAP3K1,circMAP3K1,circLib,target_kmer,24,0.5620596131139163
4,2,16,SCRCircular,MAP3K1,circMAP3K1,circLib,composition,24,0.8180630471354413
4,2,16,SCRCircular,MAP3K1,circMAP3K1,circLib,sibling_uncalibrated,24,0.4859675131766249
4,2,16,SCRCircular,MAP3K1,circMAP3K1,circLib,sibling_calibrated,24,0.4859675131766249
4,2,16,SCRCircular,MAPK1,circMAPK1,circLib,stack,19,0.32412776578726593
4,2,16,SCRCircular,MAPK1,circMAPK1,circLib,target_kmer,19,0.5921228552949096
4,2,16,SCRCircular,MAPK1,circMAPK1,circLib,composition,19,0.5527476739042567
4,2,16,SCRCircular,MAPK1,circMAPK1,circLib,sibling_uncalibrated,19,0.28083854148627724
4,2,16,SCRCircular,MAPK1,circMAPK1,circLib,sibling_calibrated,19,0.28083854148627724
4,2,16,SCRCircular,MEGAMIND,Megamind,nucLib,stack,99,0.3657035904263132
4,2,16,SCRCircular,MEGAMIND,Megamind,nucLib,target_kmer,99,0.5088370373684337
4,2,16,SCRCircular,MEGAMIND,Megamind,nucLib,composition,99,0.4907013196062828
4,2,16,SCRCircular,MEGAMIND,Megamind,nucLib,sibling_uncalibrated,99,0.3657035904263132
4,2,16,SCRCircular,MEGAMIND,Megamind,nucLib,sibling_calibrated,99,0.3657035904263132
4,2,16,SCRCircular,PSD3,circPSD3,circLib,stack,27,0.5351484063059108
4,2,16,SCRCircular,PSD3,circPSD3,circLib,target_kmer,27,0.5678116395903472
4,2,16,SCRCircular,PSD3,circPSD3,circLib,composition,27,0.22415770267430118
4,2,16,SCRCircular,PSD3,circPSD3,circLib,sibling_uncalibrated,27,0.5351484063059108
4,2,16,SCRCircular,PSD3,circPSD3,circLib,sibling_calibrated,27,0.5351484063059108
4,2,16,SCRCircular,TERC,Terc,nucLib,stack,32,0.16344881458235921
4,2,16,SCRCircular,TERC,Terc,nucLib,target_kmer,32,0.5240620414759951
4,2,16,SCRCircular,TERC,Terc,nucLib,composition,32,0.6034980621546511
4,2,16,SCRCircular,TERC,Terc,nucLib,sibling_uncalibrated,32,0.16344881458235921
4,2,16,SCRCircular,TERC,Terc,nucLib,sibling_calibrated,32,0.16344881458235921
4,2,16,SCRCircular,TMEM184B,circTMEM184B,circLib,stack,26,0.16819013149010825
4,2,16,SCRCircular,TMEM184B,circTMEM184B,circLib,target_kmer,26,0.5645390103133071
4,2,16,SCRCircular,TMEM184B,circTMEM184B,circLib,composition,26,0.7947909640167512
4,2,16,SCRCircular,TMEM184B,circTMEM184B,circLib,sibling_uncalibrated,26,0.16234554193984763
4,2,16,SCRCircular,TMEM184B,circTMEM184B,circLib,sibling_calibrated,26,0.16234554193984763
4,2,16,SCRCircular,UGP2,circUGP2,circLib,stack,12,0.26553714289871044
4,2,16,SCRCircular,UGP2,circUGP2,circLib,target_kmer,12,0.6114912879395744
4,2,16,SCRCircular,UGP2,circUGP2,circLib,composition,12,0.45499672894259
4,2,16,SCRCircular,UGP2,circUGP2,circLib,sibling_uncalibrated,12,0.2120604043005697
4,2,16,SCRCircular,UGP2,circUGP2,circLib,sibling_calibrated,12,0.2120604043005697
4,2,64,Spliced,BANCR,Bancr,nucLib,stack,17,0.4879900931315743
4,2,64,Spliced,BANCR,Bancr,nucLib,target_kmer,17,0.5885136394095694
4,2,64,Spliced,BANCR,Bancr,nucLib,composition,17,0.3465846050689588
4,2,64,Spliced,BANCR,Bancr,nucLib,sibling_uncalibrated,17,0.479529278195287
4,2,64,Spliced,BANCR,Bancr,nucLib,sibling_calibrated,17,0.479529278195287
4,2,64,Spliced,CSNK1G3,circCSNK1G3,circLib,stack,45,0.34116716869471114
4,2,64,Spliced,CSNK1G3,circCSNK1G3,circLib,target_kmer,45,0.36088650751399554
4,2,64,Spliced,CSNK1G3,circCSNK1G3,circLib,composition,45,0.5995503850855888
4,2,64,Spliced,CSNK1G3,circCSNK1G3,circLib,sibling_uncalibrated,45,0.5298287914541464
4,2,64,Spliced,CSNK1G3,circCSNK1G3,circLib,sibling_calibrated,45,0.5298287914541464
4,2,64,Spliced,GRHPR,circGRHPR,circLib,stack,17,0.7842040953179461
4,2,64,Spliced,GRHPR,circGRHPR,circLib,target_kmer,17,0.24982119118634571
4,2,64,Spliced,GRHPR,circGRHPR,circLib,composition,17,0.07571367956709422
4,2,64,Spliced,GRHPR,circGRHPR,circLib,sibling_uncalibrated,17,0.31752102533996274
4,2,64,Spliced,GRHPR,circGRHPR,circLib,sibling_calibrated,17,0.31752102533996274
4,2,64,Spliced,MAN1A2,circMAN1A2,circLib,stack,27,0.4276066860813506
4,2,64,Spliced,MAN1A2,circMAN1A2,circLib,target_kmer,27,0.6037186167642925
4,2,64,Spliced,MAN1A2,circMAN1A2,circLib,composition,27,0.43283156858700456
4,2,64,Spliced,MAN1A2,circMAN1A2,circLib,sibling_uncalibrated,27,0.5521979367840161
4,2,64,Spliced,MAN1A2,circMAN1A2,circLib,sibling_calibrated,27,0.5521979367840161
4,2,64,Spliced,MAP3K1,circMAP3K1,circLib,stack,24,0.5140633741482028
4,2,64,Spliced,MAP3K1,circMAP3K1,circLib,target_kmer,24,0.5228500982664658
4,2,64,Spliced,MAP3K1,circMAP3K1,circLib,composition,24,0.7572114906636944
4,2,64,Spliced,MAP3K1,circMAP3K1,circLib,sibling_uncalibrated,24,0.7895568756640217
4,2,64,Spliced,MAP3K1,circMAP3K1,circLib,sibling_calibrated,24,0.7895568756640217
4,2,64,Spliced,MAPK1,circMAPK1,circLib,stack,19,0.6173931171246628
4,2,64,Spliced,MAPK1,circMAPK1,circLib,target_kmer,19,0.6717064400003265
4,2,64,Spliced,MAPK1,circMAPK1,circLib,composition,19,0.2988511156266476
4,2,64,Spliced,MAPK1,circMAPK1,circLib,sibling_uncalibrated,19,0.4005845954121968
4,2,64,Spliced,MAPK1,circMAPK1,circLib,sibling_calibrated,19,0.4005845954121968
4,2,64,Spliced,MEGAMIND,Megamind,nucLib,stack,93,0.41038495704324973
4,2,64,Spliced,MEGAMIND,Megamind,nucLib,target_kmer,93,0.616020509361678
4,2,64,Spliced,MEGAMIND,Megamind,nucLib,composition,93,0.19826306412230377
4,2,64,Spliced,MEGAMIND,Megamind,nucLib,sibling_uncalibrated,93,0.3360896837169899
4,2,64,Spliced,MEGAMIND,Megamind,nucLib,sibling_calibrated,93,0.3360896837169899
4,2,64,Spliced,PSD3,circPSD3,circLib,stack,27,0.7491965222855266
4,2,64,Spliced,PSD3,circPSD3,circLib,target_kmer,27,0.37804406849707617
4,2,64,Spliced,PSD3,circPSD3,circLib,composition,27,0.40704930770046555
4,2,64,Spliced,PSD3,circPSD3,circLib,sibling_uncalibrated,27,0.553385557647395
4,2,64,Spliced,PSD3,circPSD3,circLib,sibling_calibrated,27,0.553385557647395
4,2,64,Spliced,TERC,Terc,nucLib,stack,31,0.6082416089985204
4,2,64,Spliced,TERC,Terc,nucLib,target_kmer,31,0.6154371912387303
4,2,64,Spliced,TERC,Terc,nucLib,composition,31,0.7860108725398589
4,2,64,Spliced,TERC,Terc,nucLib,sibling_uncalibrated,31,0.7100021956054092
4,2,64,Spliced,TERC,Terc,nucLib,sibling_calibrated,31,0.7100021956054092
4,2,64,Spliced,TMEM184B,circTMEM184B,circLib,stack,26,0.3232949121488268
4,2,64,Spliced,TMEM184B,circTMEM184B,circLib,target_kmer,26,0.5767200064223849
4,2,64,Spliced,TMEM184B,circTMEM184B,circLib,composition,26,0.5621953836063744
4,2,64,Spliced,TMEM184B,circTMEM184B,circLib,sibling_uncalibrated,26,0.1442714885695563
4,2,64,Spliced,TMEM184B,circTMEM184B,circLib,sibling_calibrated,26,0.1442714885695563
4,2,64,Spliced,UGP2,circUGP2,circLib,stack,12,0.1349405706996605
4,2,64,Spliced,UGP2,circUGP2,circLib,target_kmer,12,0.7313847828886713
4,2,64,Spliced,UGP2,circUGP2,circLib,composition,12,0.2644597036388937
4,2,64,Spliced,UGP2,circUGP2,circLib,sibling_uncalibrated,12,0.743049252435485
4,2,64,Spliced,UGP2,circUGP2,circLib,sibling_calibrated,12,0.743049252435485
4,2,64,Unspliced,BANCR,Bancr,nucLib,stack,13,0.5268461277321665
4,2,64,Unspliced,BANCR,Bancr,nucLib,target_kmer,13,0.18080090322724937
4,2,64,Unspliced,BANCR,Bancr,nucLib,composition,13,0.6028676996784068
4,2,64,Unspliced,BANCR,Bancr,nucLib,sibling_uncalibrated,13,0.5268461277321665
4,2,64,Unspliced,BANCR,Bancr,nucLib,sibling_calibrated,13,0.5268461277321665
4,2,64,Unspliced,CSNK1G3,circCSNK1G3,circLib,stack,46,0.5947889563555758
4,2,64,Unspliced,CSNK1G3,circCSNK1G3,circLib,target_kmer,46,0.4938905254578033
4,2,64,Unspliced,CSNK1G3,circCSNK1G3,circLib,composition,46,0.4739563444530483
4,2,64,Unspliced,CSNK1G3,circCSNK1G3,circLib,sibling_uncalibrated,46,0.5947889563555758
4,2,64,Unspliced,CSNK1G3,circCSNK1G3,circLib,sibling_calibrated,46,0.5947889563555758
4,2,64,Unspliced,GRHPR,circGRHPR,circLib,stack,17,0.15369414761577477
4,2,64,Unspliced,GRHPR,circGRHPR,circLib,target_kmer,17,0.43142503471301313
4,2,64,Unspliced,GRHPR,circGRHPR,circLib,composition,17,0.0629866869367864
4,2,64,Unspliced,GRHPR,circGRHPR,circLib,sibling_uncalibrated,17,0.09722434057182407
4,2,64,Unspliced,GRHPR,circGRHPR,circLib,sibling_calibrated,17,0.09722434057182407
4,2,64,Unspliced,MAN1A2,circMAN1A2,circLib,stack,28,0.6889147569122949
4,2,64,Unspliced,MAN1A2,circMAN1A2,circLib,target_kmer,28,0.6720820857117893
4,2,64,Unspliced,MAN1A2,circMAN1A2,circLib,composition,28,0.44005743088219756
4,2,64,Unspliced,MAN1A2,circMAN1A2,circLib,sibling_uncalibrated,28,0.3325525534130161
4,2,64,Unspliced,MAN1A2,circMAN1A2,circLib,sibling_calibrated,28,0.3325525534130161
4,2,64,Unspliced,MAP3K1,circMAP3K1,circLib,stack,24,0.5017738314325345
4,2,64,Unspliced,MAP3K1,circMAP3K1,circLib,target_kmer,24,0.644273729706792
4,2,64,Unspliced,MAP3K1,circMAP3K1,circLib,composition,24,0.8076219600417363
4,2,64,Unspliced,MAP3K1,circMAP3K1,circLib,sibling_uncalibrated,24,0.5488230483093791
4,2,64,Unspliced,MAP3K1,circMAP3K1,circLib,sibling_calibrated,24,0.5488230483093791
4,2,64,Unspliced,MAPK1,circMAPK1,circLib,stack,19,0.1789457978708024
4,2,64,Unspliced,MAPK1,circMAPK1,circLib,target_kmer,19,0.3030011624681673
4,2,64,Unspliced,MAPK1,circMAPK1,circLib,composition,19,0.38643250340085405
4,2,64,Unspliced,MAPK1,circMAPK1,circLib,sibling_uncalibrated,19,0.49851093782978917
4,2,64,Unspliced,MAPK1,circMAPK1,circLib,sibling_calibrated,19,0.49851093782978917
4,2,64,Unspliced,MEGAMIND,Megamind,nucLib,stack,76,0.4769575883611033
4,2,64,Unspliced,MEGAMIND,Megamind,nucLib,target_kmer,76,0.5561203317186985
4,2,64,Unspliced,MEGAMIND,Megamind,nucLib,composition,76,0.6242688578360511
4,2,64,Unspliced,MEGAMIND,Megamind,nucLib,sibling_uncalibrated,76,0.6145688755885809
4,2,64,Unspliced,MEGAMIND,Megamind,nucLib,sibling_calibrated,76,0.6145688755885809
4,2,64,Unspliced,PSD3,circPSD3,circLib,stack,27,0.5240522609978667
4,2,64,Unspliced,PSD3,circPSD3,circLib,target_kmer,27,0.10753225289415862
4,2,64,Unspliced,PSD3,circPSD3,circLib,composition,27,0.42886355560352246
4,2,64,Unspliced,PSD3,circPSD3,circLib,sibling_uncalibrated,27,0.5542947021375491
4,2,64,Unspliced,PSD3,circPSD3,circLib,sibling_calibrated,27,0.5542947021375491
4,2,64,Unspliced,TERC,Terc,nucLib,stack,26,0.7512551218571515
4,2,64,Unspliced,TERC,Terc,nucLib,target_kmer,26,0.5219112810433536
4,2,64,Unspliced,TERC,Terc,nucLib,composition,26,0.4897850473911079
4,2,64,Unspliced,TERC,Terc,nucLib,sibling_uncalibrated,26,0.5389261534510671
4,2,64,Unspliced,TERC,Terc,nucLib,sibling_calibrated,26,0.5389261534510671
4,2,64,Unspliced,TMEM184B,circTMEM184B,circLib,stack,26,0.14973920957691078
4,2,64,Unspliced,TMEM184B,circTMEM184B,circLib,target_kmer,26,0.4558541746944353
4,2,64,Unspliced,TMEM184B,circTMEM184B,circLib,composition,26,0.4984270055259616
4,2,64,Unspliced,TMEM184B,circTMEM184B,circLib,sibling_uncalibrated,26,0.14973920957691078
4,2,64,Unspliced,TMEM184B,circTMEM184B,circLib,sibling_calibrated,26,0.14973920957691078
4,2,64,Unspliced,UGP2,circUGP2,circLib,stack,11,0.3788241392822959
4,2,64,Unspliced,UGP2,circUGP2,circLib,target_kmer,11,0.36467798642823784
4,2,64,Unspliced,UGP2,circUGP2,circLib,composition,11,0.36467798642823784
4,2,64,Unspliced,UGP2,circUGP2,circLib,sibling_uncalibrated,11,0.3788241392822959
4,2,64,Unspliced,UGP2,circUGP2,circLib,sibling_calibrated,11,0.3788241392822959
4,2,64,Circular,BANCR,Bancr,nucLib,stack,15,0.7000892056488021
4,2,64,Circular,BANCR,Bancr,nucLib,target_kmer,15,0.47719146611572516
4,2,64,Circular,BANCR,Bancr,nucLib,composition,15,0.20661797667392917
4,2,64,Circular,BANCR,Bancr,nucLib,sibling_uncalibrated,15,0.7000892056488021
4,2,64,Circular,BANCR,Bancr,nucLib,sibling_calibrated,15,0.7000892056488021
4,2,64,Circular,CSNK1G3,circCSNK1G3,circLib,stack,40,0.3125214880557925
4,2,64,Circular,CSNK1G3,circCSNK1G3,circLib,target_kmer,40,0.30535562125795723
4,2,64,Circular,CSNK1G3,circCSNK1G3,circLib,composition,40,0.5693802884001893
4,2,64,Circular,CSNK1G3,circCSNK1G3,circLib,sibling_uncalibrated,40,0.27926847081570694
4,2,64,Circular,CSNK1G3,circCSNK1G3,circLib,sibling_calibrated,40,0.27926847081570694
4,2,64,Circular,GRHPR,circGRHPR,circLib,stack,17,0.897651240427379
4,2,64,Circular,GRHPR,circGRHPR,circLib,target_kmer,17,0.10028100407699492
4,2,64,Circular,GRHPR,circGRHPR,circLib,composition,17,0.7564521161633853
4,2,64,Circular,GRHPR,circGRHPR,circLib,sibling_uncalibrated,17,0.897651240427379
4,2,64,Circular,GRHPR,circGRHPR,circLib,sibling_calibrated,17,0.897651240427379
4,2,64,Circular,MAN1A2,circMAN1A2,circLib,stack,19,0.11697947087548305
4,2,64,Circular,MAN1A2,circMAN1A2,circLib,target_kmer,19,0.45555284689850384
4,2,64,Circular,MAN1A2,circMAN1A2,circLib,composition,19,0.6923293462114146
4,2,64,Circular,MAN1A2,circMAN1A2,circLib,sibling_uncalibrated,19,0.11697947087548305
4,2,64,Circular,MAN1A2,circMAN1A2,circLib,sibling_calibrated,19,0.11697947087548305
4,2,64,Circular,MAP3K1,circMAP3K1,circLib,stack,24,0.4818685684632825
4,2,64,Circular,MAP3K1,circMAP3K1,circLib,target_kmer,24,0.6893808298655866
4,2,64,Circular,MAP3K1,circMAP3K1,circLib,composition,24,0.47617289720599215
4,2,64,Circular,MAP3K1,circMAP3K1,circLib,sibling_uncalibrated,24,0.4818685684632825
4,2,64,Circular,MAP3K1,circMAP3K1,circLib,sibling_calibrated,24,0.4818685684632825
4,2,64,Circular,MAPK1,circMAPK1,circLib,stack,17,0.46921091621273203
4,2,64,Circular,MAPK1,circMAPK1,circLib,target_kmer,17,0.5644717433272677
4,2,64,Circular,MAPK1,circMAPK1,circLib,composition,17,0.6026063842797068
4,2,64,Circular,MAPK1,circMAPK1,circLib,sibling_uncalibrated,17,0.46921091621273203
4,2,64,Circular,MAPK1,circMAPK1,circLib,sibling_calibrated,17,0.46921091621273203
4,2,64,Circular,MEGAMIND,Megamind,nucLib,stack,89,0.2961367854608223
4,2,64,Circular,MEGAMIND,Megamind,nucLib,target_kmer,89,0.4754406875395528
4,2,64,Circular,MEGAMIND,Megamind,nucLib,composition,89,0.5124868036878432
4,2,64,Circular,MEGAMIND,Megamind,nucLib,sibling_uncalibrated,89,0.4534673528040537
4,2,64,Circular,MEGAMIND,Megamind,nucLib,sibling_calibrated,89,0.4534673528040537
4,2,64,Circular,PSD3,circPSD3,circLib,stack,26,0.39942909232413604
4,2,64,Circular,PSD3,circPSD3,circLib,target_kmer,26,0.15347140315104932
4,2,64,Circular,PSD3,circPSD3,circLib,composition,26,0.4707554773371777
4,2,64,Circular,PSD3,circPSD3,circLib,sibling_uncalibrated,26,0.39942909232413604
4,2,64,Circular,PSD3,circPSD3,circLib,sibling_calibrated,26,0.39942909232413604
4,2,64,Circular,TERC,Terc,nucLib,stack,32,0.15511079168618325
4,2,64,Circular,TERC,Terc,nucLib,target_kmer,32,0.471853102427304
4,2,64,Circular,TERC,Terc,nucLib,composition,32,0.2616128528478428
4,2,64,Circular,TERC,Terc,nucLib,sibling_uncalibrated,32,0.15511079168618325
4,2,64,Circular,TERC,Terc,nucLib,sibling_calibrated,32,0.15511079168618325
4,2,64,Circular,TMEM184B,circTMEM184B,circLib,stack,26,0.4456115038610301
4,2,64,Circular,TMEM184B,circTMEM184B,circLib,target_kmer,26,0.7420498128339472
4,2,64,Circular,TMEM184B,circTMEM184B,circLib,composition,26,0.31021051785644493
4,2,64,Circular,TMEM184B,circTMEM184B,circLib,sibling_uncalibrated,26,0.6020809794445707
4,2,64,Circular,TMEM184B,circTMEM184B,circLib,sibling_calibrated,26,0.6020809794445707
4,2,64,Circular,UGP2,circUGP2,circLib,stack,10,0.7361934944939352
4,2,64,Circular,UGP2,circUGP2,circLib,target_kmer,10,0.4100834456509648
4,2,64,Circular,UGP2,circUGP2,circLib,composition,10,0.5696082316621949
4,2,64,Circular,UGP2,circUGP2,circLib,sibling_uncalibrated,10,0.5080882419555133
4,2,64,Circular,UGP2,circUGP2,circLib,sibling_calibrated,10,0.5080882419555133
4,2,64,SCRCircular,BANCR,Bancr,nucLib,stack,18,0.2135969926897029
4,2,64,SCRCircular,BANCR,Bancr,nucLib,target_kmer,18,0.3437760537686812
4,2,64,SCRCircular,BANCR,Bancr,nucLib,composition,18,0.44515536344204926
4,2,64,SCRCircular,BANCR,Bancr,nucLib,sibling_uncalibrated,18,0.29737673692798877
4,2,64,SCRCircular,BANCR,Bancr,nucLib,sibling_calibrated,18,0.29737673692798877
4,2,64,SCRCircular,CSNK1G3,circCSNK1G3,circLib,stack,46,0.30610901915214866
4,2,64,SCRCircular,CSNK1G3,circCSNK1G3,circLib,target_kmer,46,0.508745165072244
4,2,64,SCRCircular,CSNK1G3,circCSNK1G3,circLib,composition,46,0.38346529223258863
4,2,64,SCRCircular,CSNK1G3,circCSNK1G3,circLib,sibling_uncalibrated,46,0.43469897980181454
4,2,64,SCRCircular,CSNK1G3,circCSNK1G3,circLib,sibling_calibrated,46,0.43469897980181454
4,2,64,SCRCircular,GRHPR,circGRHPR,circLib,stack,17,0.3351751257413896
4,2,64,SCRCircular,GRHPR,circGRHPR,circLib,target_kmer,17,0.5178419816945757
4,2,64,SCRCircular,GRHPR,circGRHPR,circLib,composition,17,0.5308397109257501
4,2,64,SCRCircular,GRHPR,circGRHPR,circLib,sibling_uncalibrated,17,0.3351751257413896
4,2,64,SCRCircular,GRHPR,circGRHPR,circLib,sibling_calibrated,17,0.3351751257413896
4,2,64,SCRCircular,MAN1A2,circMAN1A2,circLib,stack,25,0.2699680377591118
4,2,64,SCRCircular,MAN1A2,circMAN1A2,circLib,target_kmer,25,0.558352375271347
4,2,64,SCRCircular,MAN1A2,circMAN1A2,circLib,composition,25,0.656099764015761
4,2,64,SCRCircular,MAN1A2,circMAN1A2,circLib,sibling_uncalibrated,25,0.2699680377591118
4,2,64,SCRCircular,MAN1A2,circMAN1A2,circLib,sibling_calibrated,25,0.2699680377591118
4,2,64,SCRCircular,MAP3K1,circMAP3K1,circLib,stack,24,0.38562702917970754
4,2,64,SCRCircular,MAP3K1,circMAP3K1,circLib,target_kmer,24,0.457825557035373
4,2,64,SCRCircular,MAP3K1,circMAP3K1,circLib,composition,24,0.4850927799804614
4,2,64,SCRCircular,MAP3K1,circMAP3K1,circLib,sibling_uncalibrated,24,0.4859675131766249
4,2,64,SCRCircular,MAP3K1,circMAP3K1,circLib,sibling_calibrated,24,0.4859675131766249
4,2,64,SCRCircular,MAPK1,circMAPK1,circLib,stack,19,0.41878096349801014
4,2,64,SCRCircular,MAPK1,circMAPK1,circLib,target_kmer,19,0.2734923098722884
4,2,64,SCRCircular,MAPK1,circMAPK1,circLib,composition,19,0.572315224936563
4,2,64,SCRCircular,MAPK1,circMAPK1,circLib,sibling_uncalibrated,19,0.28083854148627724
4,2,64,SCRCircular,MAPK1,circMAPK1,circLib,sibling_calibrated,19,0.28083854148627724
4,2,64,SCRCircular,MEGAMIND,Megamind,nucLib,stack,99,0.39301007701808116
4,2,64,SCRCircular,MEGAMIND,Megamind,nucLib,target_kmer,99,0.36657219151531256
4,2,64,SCRCircular,MEGAMIND,Megamind,nucLib,composition,99,0.29741836006574307
4,2,64,SCRCircular,MEGAMIND,Megamind,nucLib,sibling_uncalibrated,99,0.3657035904263132
4,2,64,SCRCircular,MEGAMIND,Megamind,nucLib,sibling_calibrated,99,0.3657035904263132
4,2,64,SCRCircular,PSD3,circPSD3,circLib,stack,27,0.5351484063059108
4,2,64,SCRCircular,PSD3,circPSD3,circLib,target_kmer,27,0.3670965032757979
4,2,64,SCRCircular,PSD3,circPSD3,circLib,composition,27,0.3925785066396682
4,2,64,SCRCircular,PSD3,circPSD3,circLib,sibling_uncalibrated,27,0.5351484063059108
4,2,64,SCRCircular,PSD3,circPSD3,circLib,sibling_calibrated,27,0.5351484063059108
4,2,64,SCRCircular,TERC,Terc,nucLib,stack,32,0.16344881458235921
4,2,64,SCRCircular,TERC,Terc,nucLib,target_kmer,32,0.4379624254649016
4,2,64,SCRCircular,TERC,Terc,nucLib,composition,32,0.669309594358974
4,2,64,SCRCircular,TERC,Terc,nucLib,sibling_uncalibrated,32,0.16344881458235921
4,2,64,SCRCircular,TERC,Terc,nucLib,sibling_calibrated,32,0.16344881458235921
4,2,64,SCRCircular,TMEM184B,circTMEM184B,circLib,stack,26,0.16819013149010825
4,2,64,SCRCircular,TMEM184B,circTMEM184B,circLib,target_kmer,26,0.2540644846596595
4,2,64,SCRCircular,TMEM184B,circTMEM184B,circLib,composition,26,0.7947909640167512
4,2,64,SCRCircular,TMEM184B,circTMEM184B,circLib,sibling_uncalibrated,26,0.16234554193984763
4,2,64,SCRCircular,TMEM184B,circTMEM184B,circLib,sibling_calibrated,26,0.16234554193984763
4,2,64,SCRCircular,UGP2,circUGP2,circLib,stack,12,0.26553714289871044
4,2,64,SCRCircular,UGP2,circUGP2,circLib,target_kmer,12,0.6114912879395744
4,2,64,SCRCircular,UGP2,circUGP2,circLib,composition,12,0.38635733559497676
4,2,64,SCRCircular,UGP2,circUGP2,circLib,sibling_uncalibrated,12,0.2120604043005697
4,2,64,SCRCircular,UGP2,circUGP2,circLib,sibling_calibrated,12,0.2120604043005697
4,2,256,Spliced,BANCR,Bancr,nucLib,stack,17,0.2981182262750218
4,2,256,Spliced,BANCR,Bancr,nucLib,target_kmer,17,0.5094699057317554
4,2,256,Spliced,BANCR,Bancr,nucLib,composition,17,0.3465846050689588
4,2,256,Spliced,BANCR,Bancr,nucLib,sibling_uncalibrated,17,0.479529278195287
4,2,256,Spliced,BANCR,Bancr,nucLib,sibling_calibrated,17,0.479529278195287
4,2,256,Spliced,CSNK1G3,circCSNK1G3,circLib,stack,45,0.37099596014885744
4,2,256,Spliced,CSNK1G3,circCSNK1G3,circLib,target_kmer,45,0.36747878528447564
4,2,256,Spliced,CSNK1G3,circCSNK1G3,circLib,composition,45,0.5546653095708046
4,2,256,Spliced,CSNK1G3,circCSNK1G3,circLib,sibling_uncalibrated,45,0.5298287914541464
4,2,256,Spliced,CSNK1G3,circCSNK1G3,circLib,sibling_calibrated,45,0.5298287914541464
4,2,256,Spliced,GRHPR,circGRHPR,circLib,stack,17,0.42306666989656927
4,2,256,Spliced,GRHPR,circGRHPR,circLib,target_kmer,17,0.1066347405121322
4,2,256,Spliced,GRHPR,circGRHPR,circLib,composition,17,0.07571367956709422
4,2,256,Spliced,GRHPR,circGRHPR,circLib,sibling_uncalibrated,17,0.31752102533996274
4,2,256,Spliced,GRHPR,circGRHPR,circLib,sibling_calibrated,17,0.31752102533996274
4,2,256,Spliced,MAN1A2,circMAN1A2,circLib,stack,27,0.4276066860813506
4,2,256,Spliced,MAN1A2,circMAN1A2,circLib,target_kmer,27,0.8123604901514001
4,2,256,Spliced,MAN1A2,circMAN1A2,circLib,composition,27,0.43283156858700456
4,2,256,Spliced,MAN1A2,circMAN1A2,circLib,sibling_uncalibrated,27,0.5521979367840161
4,2,256,Spliced,MAN1A2,circMAN1A2,circLib,sibling_calibrated,27,0.5521979367840161
4,2,256,Spliced,MAP3K1,circMAP3K1,circLib,stack,24,0.5287360379213165
4,2,256,Spliced,MAP3K1,circMAP3K1,circLib,target_kmer,24,0.2928242614341664
4,2,256,Spliced,MAP3K1,circMAP3K1,circLib,composition,24,0.7572114906636944
4,2,256,Spliced,MAP3K1,circMAP3K1,circLib,sibling_uncalibrated,24,0.7895568756640217
4,2,256,Spliced,MAP3K1,circMAP3K1,circLib,sibling_calibrated,24,0.7895568756640217
4,2,256,Spliced,MAPK1,circMAPK1,circLib,stack,19,0.6173931171246628
4,2,256,Spliced,MAPK1,circMAPK1,circLib,target_kmer,19,0.2988511156266476
4,2,256,Spliced,MAPK1,circMAPK1,circLib,composition,19,0.4005845954121968
4,2,256,Spliced,MAPK1,circMAPK1,circLib,sibling_uncalibrated,19,0.4005845954121968
4,2,256,Spliced,MAPK1,circMAPK1,circLib,sibling_calibrated,19,0.4005845954121968
4,2,256,Spliced,MEGAMIND,Megamind,nucLib,stack,93,0.37805478576227336
4,2,256,Spliced,MEGAMIND,Megamind,nucLib,target_kmer,93,0.40130567257135064
4,2,256,Spliced,MEGAMIND,Megamind,nucLib,composition,93,0.19826306412230377
4,2,256,Spliced,MEGAMIND,Megamind,nucLib,sibling_uncalibrated,93,0.3360896837169899
4,2,256,Spliced,MEGAMIND,Megamind,nucLib,sibling_calibrated,93,0.3360896837169899
4,2,256,Spliced,PSD3,circPSD3,circLib,stack,27,0.7491965222855266
4,2,256,Spliced,PSD3,circPSD3,circLib,target_kmer,27,0.23315908926799336
4,2,256,Spliced,PSD3,circPSD3,circLib,composition,27,0.40704930770046555
4,2,256,Spliced,PSD3,circPSD3,circLib,sibling_uncalibrated,27,0.553385557647395
4,2,256,Spliced,PSD3,circPSD3,circLib,sibling_calibrated,27,0.553385557647395
4,2,256,Spliced,TERC,Terc,nucLib,stack,31,0.5146216553474645
4,2,256,Spliced,TERC,Terc,nucLib,target_kmer,31,0.48631233556809894
4,2,256,Spliced,TERC,Terc,nucLib,composition,31,0.6478416898992884
4,2,256,Spliced,TERC,Terc,nucLib,sibling_uncalibrated,31,0.7100021956054092
4,2,256,Spliced,TERC,Terc,nucLib,sibling_calibrated,31,0.7100021956054092
4,2,256,Spliced,TMEM184B,circTMEM184B,circLib,stack,26,0.3232949121488268
4,2,256,Spliced,TMEM184B,circTMEM184B,circLib,target_kmer,26,0.5716916361180931
4,2,256,Spliced,TMEM184B,circTMEM184B,circLib,composition,26,0.5621953836063744
4,2,256,Spliced,TMEM184B,circTMEM184B,circLib,sibling_uncalibrated,26,0.1442714885695563
4,2,256,Spliced,TMEM184B,circTMEM184B,circLib,sibling_calibrated,26,0.1442714885695563
4,2,256,Spliced,UGP2,circUGP2,circLib,stack,12,0.1349405706996605
4,2,256,Spliced,UGP2,circUGP2,circLib,target_kmer,12,0.5932162303398082
4,2,256,Spliced,UGP2,circUGP2,circLib,composition,12,0.5932162303398082
4,2,256,Spliced,UGP2,circUGP2,circLib,sibling_uncalibrated,12,0.743049252435485
4,2,256,Spliced,UGP2,circUGP2,circLib,sibling_calibrated,12,0.743049252435485
4,2,256,Unspliced,BANCR,Bancr,nucLib,stack,13,0.5268461277321665
4,2,256,Unspliced,BANCR,Bancr,nucLib,target_kmer,13,0.36293382286789755
4,2,256,Unspliced,BANCR,Bancr,nucLib,composition,13,0.6028676996784068
4,2,256,Unspliced,BANCR,Bancr,nucLib,sibling_uncalibrated,13,0.5268461277321665
4,2,256,Unspliced,BANCR,Bancr,nucLib,sibling_calibrated,13,0.5268461277321665
4,2,256,Unspliced,CSNK1G3,circCSNK1G3,circLib,stack,46,0.5947889563555758
4,2,256,Unspliced,CSNK1G3,circCSNK1G3,circLib,target_kmer,46,0.4870979628745389
4,2,256,Unspliced,CSNK1G3,circCSNK1G3,circLib,composition,46,0.4739563444530483
4,2,256,Unspliced,CSNK1G3,circCSNK1G3,circLib,sibling_uncalibrated,46,0.5947889563555758
4,2,256,Unspliced,CSNK1G3,circCSNK1G3,circLib,sibling_calibrated,46,0.5947889563555758
4,2,256,Unspliced,GRHPR,circGRHPR,circLib,stack,17,0.27095444102928345
4,2,256,Unspliced,GRHPR,circGRHPR,circLib,target_kmer,17,0.12677325168119802
4,2,256,Unspliced,GRHPR,circGRHPR,circLib,composition,17,0.0629866869367864
4,2,256,Unspliced,GRHPR,circGRHPR,circLib,sibling_uncalibrated,17,0.09722434057182407
4,2,256,Unspliced,GRHPR,circGRHPR,circLib,sibling_calibrated,17,0.09722434057182407
4,2,256,Unspliced,MAN1A2,circMAN1A2,circLib,stack,28,0.38800676073975904
4,2,256,Unspliced,MAN1A2,circMAN1A2,circLib,target_kmer,28,0.34390465940632753
4,2,256,Unspliced,MAN1A2,circMAN1A2,circLib,composition,28,0.44005743088219756
4,2,256,Unspliced,MAN1A2,circMAN1A2,circLib,sibling_uncalibrated,28,0.3325525534130161
4,2,256,Unspliced,MAN1A2,circMAN1A2,circLib,sibling_calibrated,28,0.3325525534130161
4,2,256,Unspliced,MAP3K1,circMAP3K1,circLib,stack,24,0.41060918073309394
4,2,256,Unspliced,MAP3K1,circMAP3K1,circLib,target_kmer,24,0.41060918073309394
4,2,256,Unspliced,MAP3K1,circMAP3K1,circLib,composition,24,0.8076219600417363
4,2,256,Unspliced,MAP3K1,circMAP3K1,circLib,sibling_uncalibrated,24,0.5488230483093791
4,2,256,Unspliced,MAP3K1,circMAP3K1,circLib,sibling_calibrated,24,0.5488230483093791
4,2,256,Unspliced,MAPK1,circMAPK1,circLib,stack,19,0.1789457978708024
4,2,256,Unspliced,MAPK1,circMAPK1,circLib,target_kmer,19,0.5498525186147737
4,2,256,Unspliced,MAPK1,circMAPK1,circLib,composition,19,0.5520456578352704
4,2,256,Unspliced,MAPK1,circMAPK1,circLib,sibling_uncalibrated,19,0.49851093782978917
4,2,256,Unspliced,MAPK1,circMAPK1,circLib,sibling_calibrated,19,0.49851093782978917
4,2,256,Unspliced,MEGAMIND,Megamind,nucLib,stack,76,0.367143702501416
4,2,256,Unspliced,MEGAMIND,Megamind,nucLib,target_kmer,76,0.5509575646910636
4,2,256,Unspliced,MEGAMIND,Megamind,nucLib,composition,76,0.6242688578360511
4,2,256,Unspliced,MEGAMIND,Megamind,nucLib,sibling_uncalibrated,76,0.6145688755885809
4,2,256,Unspliced,MEGAMIND,Megamind,nucLib,sibling_calibrated,76,0.6145688755885809
4,2,256,Unspliced,PSD3,circPSD3,circLib,stack,27,0.35763462206071167
4,2,256,Unspliced,PSD3,circPSD3,circLib,target_kmer,27,0.20340896564892158
4,2,256,Unspliced,PSD3,circPSD3,circLib,composition,27,0.5514508330765915
4,2,256,Unspliced,PSD3,circPSD3,circLib,sibling_uncalibrated,27,0.5542947021375491
4,2,256,Unspliced,PSD3,circPSD3,circLib,sibling_calibrated,27,0.5542947021375491
4,2,256,Unspliced,TERC,Terc,nucLib,stack,26,0.5389261534510671
4,2,256,Unspliced,TERC,Terc,nucLib,target_kmer,26,0.7224293668939608
4,2,256,Unspliced,TERC,Terc,nucLib,composition,26,0.4897850473911079
4,2,256,Unspliced,TERC,Terc,nucLib,sibling_uncalibrated,26,0.5389261534510671
4,2,256,Unspliced,TERC,Terc,nucLib,sibling_calibrated,26,0.5389261534510671
4,2,256,Unspliced,TMEM184B,circTMEM184B,circLib,stack,26,0.14973920957691078
4,2,256,Unspliced,TMEM184B,circTMEM184B,circLib,target_kmer,26,0.31945261223237875
4,2,256,Unspliced,TMEM184B,circTMEM184B,circLib,composition,26,0.4984270055259616
4,2,256,Unspliced,TMEM184B,circTMEM184B,circLib,sibling_uncalibrated,26,0.14973920957691078
4,2,256,Unspliced,TMEM184B,circTMEM184B,circLib,sibling_calibrated,26,0.14973920957691078
4,2,256,Unspliced,UGP2,circUGP2,circLib,stack,11,0.3788241392822959
4,2,256,Unspliced,UGP2,circUGP2,circLib,target_kmer,11,0.35429091462863277
4,2,256,Unspliced,UGP2,circUGP2,circLib,composition,11,0.36467798642823784
4,2,256,Unspliced,UGP2,circUGP2,circLib,sibling_uncalibrated,11,0.3788241392822959
4,2,256,Unspliced,UGP2,circUGP2,circLib,sibling_calibrated,11,0.3788241392822959
4,2,256,Circular,BANCR,Bancr,nucLib,stack,15,0.7000892056488021
4,2,256,Circular,BANCR,Bancr,nucLib,target_kmer,15,0.39570136585420734
4,2,256,Circular,BANCR,Bancr,nucLib,composition,15,0.5978802648526624
4,2,256,Circular,BANCR,Bancr,nucLib,sibling_uncalibrated,15,0.7000892056488021
4,2,256,Circular,BANCR,Bancr,nucLib,sibling_calibrated,15,0.7000892056488021
4,2,256,Circular,CSNK1G3,circCSNK1G3,circLib,stack,40,0.27926847081570694
4,2,256,Circular,CSNK1G3,circCSNK1G3,circLib,target_kmer,40,0.1109748446724296
4,2,256,Circular,CSNK1G3,circCSNK1G3,circLib,composition,40,0.6507446077358892
4,2,256,Circular,CSNK1G3,circCSNK1G3,circLib,sibling_uncalibrated,40,0.27926847081570694
4,2,256,Circular,CSNK1G3,circCSNK1G3,circLib,sibling_calibrated,40,0.27926847081570694
4,2,256,Circular,GRHPR,circGRHPR,circLib,stack,17,0.897651240427379
4,2,256,Circular,GRHPR,circGRHPR,circLib,target_kmer,17,0.5059635982982416
4,2,256,Circular,GRHPR,circGRHPR,circLib,composition,17,0.8779376685713327
4,2,256,Circular,GRHPR,circGRHPR,circLib,sibling_uncalibrated,17,0.897651240427379
4,2,256,Circular,GRHPR,circGRHPR,circLib,sibling_calibrated,17,0.897651240427379
4,2,256,Circular,MAN1A2,circMAN1A2,circLib,stack,19,0.11697947087548305
4,2,256,Circular,MAN1A2,circMAN1A2,circLib,target_kmer,19,0.43031789895516354
4,2,256,Circular,MAN1A2,circMAN1A2,circLib,composition,19,0.4024424807078036
4,2,256,Circular,MAN1A2,circMAN1A2,circLib,sibling_uncalibrated,19,0.11697947087548305
4,2,256,Circular,MAN1A2,circMAN1A2,circLib,sibling_calibrated,19,0.11697947087548305
4,2,256,Circular,MAP3K1,circMAP3K1,circLib,stack,24,0.4818685684632825
4,2,256,Circular,MAP3K1,circMAP3K1,circLib,target_kmer,24,0.12649229180176308
4,2,256,Circular,MAP3K1,circMAP3K1,circLib,composition,24,0.4836989269193688
4,2,256,Circular,MAP3K1,circMAP3K1,circLib,sibling_uncalibrated,24,0.4818685684632825
4,2,256,Circular,MAP3K1,circMAP3K1,circLib,sibling_calibrated,24,0.4818685684632825
4,2,256,Circular,MAPK1,circMAPK1,circLib,stack,17,0.46921091621273203
4,2,256,Circular,MAPK1,circMAPK1,circLib,target_kmer,17,0.5644717433272677
4,2,256,Circular,MAPK1,circMAPK1,circLib,composition,17,0.5818950445327933
4,2,256,Circular,MAPK1,circMAPK1,circLib,sibling_uncalibrated,17,0.46921091621273203
4,2,256,Circular,MAPK1,circMAPK1,circLib,sibling_calibrated,17,0.46921091621273203
4,2,256,Circular,MEGAMIND,Megamind,nucLib,stack,89,0.2961367854608223
4,2,256,Circular,MEGAMIND,Megamind,nucLib,target_kmer,89,0.5102948258894429
4,2,256,Circular,MEGAMIND,Megamind,nucLib,composition,89,0.1159079130775135
4,2,256,Circular,MEGAMIND,Megamind,nucLib,sibling_uncalibrated,89,0.4534673528040537
4,2,256,Circular,MEGAMIND,Megamind,nucLib,sibling_calibrated,89,0.4534673528040537
4,2,256,Circular,PSD3,circPSD3,circLib,stack,26,0.46987806950969946
4,2,256,Circular,PSD3,circPSD3,circLib,target_kmer,26,0.18511188244382037
4,2,256,Circular,PSD3,circPSD3,circLib,composition,26,0.3609703663561752
4,2,256,Circular,PSD3,circPSD3,circLib,sibling_uncalibrated,26,0.39942909232413604
4,2,256,Circular,PSD3,circPSD3,circLib,sibling_calibrated,26,0.39942909232413604
4,2,256,Circular,TERC,Terc,nucLib,stack,32,0.15511079168618325
4,2,256,Circular,TERC,Terc,nucLib,target_kmer,32,0.5247212927032323
4,2,256,Circular,TERC,Terc,nucLib,composition,32,0.43300047167832895
4,2,256,Circular,TERC,Terc,nucLib,sibling_uncalibrated,32,0.15511079168618325
4,2,256,Circular,TERC,Terc,nucLib,sibling_calibrated,32,0.15511079168618325
4,2,256,Circular,TMEM184B,circTMEM184B,circLib,stack,26,0.4456115038610301
4,2,256,Circular,TMEM184B,circTMEM184B,circLib,target_kmer,26,0.4846569120874357
4,2,256,Circular,TMEM184B,circTMEM184B,circLib,composition,26,0.24706960251273524
4,2,256,Circular,TMEM184B,circTMEM184B,circLib,sibling_uncalibrated,26,0.6020809794445707
4,2,256,Circular,TMEM184B,circTMEM184B,circLib,sibling_calibrated,26,0.6020809794445707
4,2,256,Circular,UGP2,circUGP2,circLib,stack,10,0.7361934944939352
4,2,256,Circular,UGP2,circUGP2,circLib,target_kmer,10,0.8055228460099793
4,2,256,Circular,UGP2,circUGP2,circLib,composition,10,0.36527391767429773
4,2,256,Circular,UGP2,circUGP2,circLib,sibling_uncalibrated,10,0.5080882419555133
4,2,256,Circular,UGP2,circUGP2,circLib,sibling_calibrated,10,0.5080882419555133
4,2,256,SCRCircular,BANCR,Bancr,nucLib,stack,18,0.5049316428507559
4,2,256,SCRCircular,BANCR,Bancr,nucLib,target_kmer,18,0.5818694480601574
4,2,256,SCRCircular,BANCR,Bancr,nucLib,composition,18,0.5823685938835332
4,2,256,SCRCircular,BANCR,Bancr,nucLib,sibling_uncalibrated,18,0.29737673692798877
4,2,256,SCRCircular,BANCR,Bancr,nucLib,sibling_calibrated,18,0.29737673692798877
4,2,256,SCRCircular,CSNK1G3,circCSNK1G3,circLib,stack,46,0.32382566965793863
4,2,256,SCRCircular,CSNK1G3,circCSNK1G3,circLib,target_kmer,46,0.44042393028212523
4,2,256,SCRCircular,CSNK1G3,circCSNK1G3,circLib,composition,46,0.4376417745588138
4,2,256,SCRCircular,CSNK1G3,circCSNK1G3,circLib,sibling_uncalibrated,46,0.43469897980181454
4,2,256,SCRCircular,CSNK1G3,circCSNK1G3,circLib,sibling_calibrated,46,0.43469897980181454
4,2,256,SCRCircular,GRHPR,circGRHPR,circLib,stack,17,0.5415048032655974
4,2,256,SCRCircular,GRHPR,circGRHPR,circLib,target_kmer,17,0.351970676733632
4,2,256,SCRCircular,GRHPR,circGRHPR,circLib,composition,17,0.6135873093050892
4,2,256,SCRCircular,GRHPR,circGRHPR,circLib,sibling_uncalibrated,17,0.3351751257413896
4,2,256,SCRCircular,GRHPR,circGRHPR,circLib,sibling_calibrated,17,0.3351751257413896
4,2,256,SCRCircular,MAN1A2,circMAN1A2,circLib,stack,25,0.3725960485194414
4,2,256,SCRCircular,MAN1A2,circMAN1A2,circLib,target_kmer,25,0.12494183353630234
4,2,256,SCRCircular,MAN1A2,circMAN1A2,circLib,composition,25,0.4969148573571609
4,2,256,SCRCircular,MAN1A2,circMAN1A2,circLib,sibling_uncalibrated,25,0.2699680377591118
4,2,256,SCRCircular,MAN1A2,circMAN1A2,circLib,sibling_calibrated,25,0.2699680377591118
4,2,256,SCRCircular,MAP3K1,circMAP3K1,circLib,stack,24,0.4120374107698796
4,2,256,SCRCircular,MAP3K1,circMAP3K1,circLib,target_kmer,24,0.457825557035373
4,2,256,SCRCircular,MAP3K1,circMAP3K1,circLib,composition,24,0.7929598204191639
4,2,256,SCRCircular,MAP3K1,circMAP3K1,circLib,sibling_uncalibrated,24,0.4859675131766249
4,2,256,SCRCircular,MAP3K1,circMAP3K1,circLib,sibling_calibrated,24,0.4859675131766249
4,2,256,SCRCircular,MAPK1,circMAPK1,circLib,stack,19,0.5697400816496354
4,2,256,SCRCircular,MAPK1,circMAPK1,circLib,target_kmer,19,0.2734923098722884
4,2,256,SCRCircular,MAPK1,circMAPK1,circLib,composition,19,0.32136178521291814
4,2,256,SCRCircular,MAPK1,circMAPK1,circLib,sibling_uncalibrated,19,0.28083854148627724
4,2,256,SCRCircular,MAPK1,circMAPK1,circLib,sibling_calibrated,19,0.28083854148627724
4,2,256,SCRCircular,MEGAMIND,Megamind,nucLib,stack,99,0.39301007701808116
4,2,256,SCRCircular,MEGAMIND,Megamind,nucLib,target_kmer,99,0.3281573549488286
4,2,256,SCRCircular,MEGAMIND,Megamind,nucLib,composition,99,0.4020194255661347
4,2,256,SCRCircular,MEGAMIND,Megamind,nucLib,sibling_uncalibrated,99,0.3657035904263132
4,2,256,SCRCircular,MEGAMIND,Megamind,nucLib,sibling_calibrated,99,0.3657035904263132
4,2,256,SCRCircular,PSD3,circPSD3,circLib,stack,27,0.5351484063059108
4,2,256,SCRCircular,PSD3,circPSD3,circLib,target_kmer,27,0.19974980115920643
4,2,256,SCRCircular,PSD3,circPSD3,circLib,composition,27,0.15620055218741224
4,2,256,SCRCircular,PSD3,circPSD3,circLib,sibling_uncalibrated,27,0.5351484063059108
4,2,256,SCRCircular,PSD3,circPSD3,circLib,sibling_calibrated,27,0.5351484063059108
4,2,256,SCRCircular,TERC,Terc,nucLib,stack,32,0.16344881458235921
4,2,256,SCRCircular,TERC,Terc,nucLib,target_kmer,32,0.19577372213906757
4,2,256,SCRCircular,TERC,Terc,nucLib,composition,32,0.9010854320729256
4,2,256,SCRCircular,TERC,Terc,nucLib,sibling_uncalibrated,32,0.16344881458235921
4,2,256,SCRCircular,TERC,Terc,nucLib,sibling_calibrated,32,0.16344881458235921
4,2,256,SCRCircular,TMEM184B,circTMEM184B,circLib,stack,26,0.16819013149010825
4,2,256,SCRCircular,TMEM184B,circTMEM184B,circLib,target_kmer,26,0.062437686262486636
4,2,256,SCRCircular,TMEM184B,circTMEM184B,circLib,composition,26,0.19920418759558056
4,2,256,SCRCircular,TMEM184B,circTMEM184B,circLib,sibling_uncalibrated,26,0.16234554193984763
4,2,256,SCRCircular,TMEM184B,circTMEM184B,circLib,sibling_calibrated,26,0.16234554193984763
4,2,256,SCRCircular,UGP2,circUGP2,circLib,stack,12,0.4210109509137846
4,2,256,SCRCircular,UGP2,circUGP2,circLib,target_kmer,12,0.398553548154313
4,2,256,SCRCircular,UGP2,circUGP2,circLib,composition,12,0.5225458682979383
4,2,256,SCRCircular,UGP2,circUGP2,circLib,sibling_uncalibrated,12,0.2120604043005697
4,2,256,SCRCircular,UGP2,circUGP2,circLib,sibling_calibrated,12,0.2120604043005697
