class_id,model,direction,replicate,parent_count,mean_directed_change,fraction_positive,fraction_negative,fraction_numerical_tie,mean_loss_including_zero,fraction_benefit_at_least_0_1,fraction_harm_at_least_0_1
0,composition,-1,1,1,-0.1917906274722955,0.0,1.0,0.0,0.1917906274722955,0.0,1.0
1,composition,-1,1,1,-0.6163764418919547,0.0,1.0,0.0,0.6163764418919547,0.0,1.0
2,composition,-1,1,3,0.03416189516381727,0.6666666666666666,0.3333333333333333,0.0,0.0025045996735286666,0.3333333333333333,0.0
3,composition,-1,1,9,-0.02034850039073928,0.5555555555555556,0.4444444444444444,0.0,0.07062574223532771,0.1111111111111111,0.2222222222222222
4,composition,-1,1,8,-0.02648015034703064,0.25,0.75,0.0,0.12789549936253716,0.25,0.5
5,composition,-1,1,9,0.020065954518664282,0.5555555555555556,0.4444444444444444,0.0,0.04309184384712611,0.3333333333333333,0.2222222222222222
6,composition,-1,1,3,-0.013641006092008467,0.3333333333333333,0.6666666666666666,0.0,0.029771168097445466,0.0,0.0
7,composition,-1,1,1,-0.0305443350868409,0.0,1.0,0.0,0.0305443350868409,0.0,0.0
8,composition,-1,1,18,-0.008759360333957139,0.5,0.5,0.0,0.13989830858126234,0.3888888888888889,0.3888888888888889
9,composition,-1,1,8,-0.12381124946651266,0.375,0.625,0.0,0.14283944861784836,0.0,0.375
10,composition,-1,1,5,0.003552674250994414,0.4,0.6,0.0,0.13912152885183987,0.4,0.6
11,composition,-1,1,12,0.1644415300394044,0.8333333333333334,0.16666666666666666,0.0,0.021550067734381617,0.5833333333333334,0.08333333333333333
12,composition,-1,1,7,0.032871863292723486,0.5714285714285714,0.42857142857142855,0.0,0.06738349593807537,0.42857142857142855,0.42857142857142855
13,composition,-1,1,4,0.08834415792763914,0.5,0.5,0.0,0.15386855323986998,0.5,0.5
14,composition,-1,1,6,0.19448812730702425,0.8333333333333334,0.16666666666666666,0.0,0.07353776390589553,0.6666666666666666,0.16666666666666666
15,composition,-1,1,6,-0.14008948056281081,0.16666666666666666,0.8333333333333334,0.0,0.1967357075833824,0.16666666666666666,0.6666666666666666
16,composition,-1,1,10,-0.09743835510503998,0.3,0.7,0.0,0.1417142941897854,0.2,0.6
17,composition,-1,1,6,0.017072098609786462,0.5,0.5,0.0,0.09327975744930465,0.3333333333333333,0.3333333333333333
18,composition,-1,1,2,0.030501089006098648,0.5,0.5,0.0,0.0140370188384961,0.0,0.0
19,composition,-1,1,3,-0.088206356862982,0.3333333333333333,0.6666666666666666,0.0,0.12059864853315831,0.0,0.6666666666666666
20,composition,-1,1,7,-0.20870420417138694,0.14285714285714285,0.8571428571428571,0.0,0.27963801104402564,0.14285714285714285,0.5714285714285714
21,composition,-1,1,26,-0.01470169457694419,0.5384615384615384,0.46153846153846156,0.0,0.1304370385551035,0.4230769230769231,0.34615384615384615
22,composition,-1,1,28,-0.07526187733110135,0.4642857142857143,0.5357142857142857,0.0,0.16587877218693195,0.35714285714285715,0.42857142857142855
23,composition,-1,1,27,0.036208336440420194,0.5925925925925926,0.4074074074074074,0.0,0.12107292607789233,0.48148148148148145,0.3333333333333333
24,composition,-1,1,2,0.43869808098571633,1.0,0.0,0.0,0.0,1.0,0.0
25,composition,-1,1,9,0.00794598107641715,0.5555555555555556,0.4444444444444444,0.0,0.0693321825201993,0.1111111111111111,0.3333333333333333
26,composition,-1,1,33,-0.15059191898921073,0.3333333333333333,0.6666666666666666,0.0,0.22309188876716288,0.24242424242424243,0.6060606060606061
27,composition,-1,1,22,-0.025527996583269062,0.4090909090909091,0.5909090909090909,0.0,0.150684045791767,0.3181818181818182,0.5
28,composition,-1,1,7,0.08746851016882977,0.7142857142857143,0.2857142857142857,0.0,0.08729606624786689,0.5714285714285714,0.2857142857142857
29,composition,-1,1,13,0.049192629876678204,0.6153846153846154,0.38461538461538464,0.0,0.1727102995772278,0.6153846153846154,0.38461538461538464
30,composition,-1,1,24,-0.01945139994422147,0.5,0.5,0.0,0.15646563795182408,0.375,0.4166666666666667
31,composition,-1,1,14,0.028930412024054632,0.5714285714285714,0.42857142857142855,0.0,0.18361075260259693,0.5714285714285714,0.35714285714285715
32,composition,-1,1,4,-0.09251842913464078,0.25,0.75,0.0,0.15451413148198284,0.25,0.75
33,composition,-1,1,3,-0.1063206911956082,0.3333333333333333,0.6666666666666666,0.0,0.11900229417125391,0.0,0.3333333333333333
34,composition,-1,1,3,-0.18416366911373194,0.3333333333333333,0.6666666666666666,0.0,0.2950600746386869,0.3333333333333333,0.6666666666666666
35,composition,-1,1,3,-0.23524446141303315,0.0,1.0,0.0,0.23524446141303315,0.0,0.6666666666666666
36,composition,-1,1,8,-0.09577147731293255,0.375,0.625,0.0,0.14590827417728966,0.25,0.375
37,composition,-1,1,14,-0.02691038056392145,0.5714285714285714,0.42857142857142855,0.0,0.23362125821226812,0.5714285714285714,0.35714285714285715
38,composition,-1,1,3,-0.002098549523860633,0.3333333333333333,0.6666666666666666,0.0,0.13413731012730062,0.3333333333333333,0.3333333333333333
39,composition,-1,1,7,-0.09324139696308696,0.42857142857142855,0.5714285714285714,0.0,0.16252694335771725,0.42857142857142855,0.5714285714285714
40,composition,-1,1,32,-0.10252513013593789,0.40625,0.59375,0.0,0.19218909926373665,0.28125,0.5
41,composition,-1,1,20,0.00418505230654079,0.5,0.5,0.0,0.1775483175289529,0.45,0.35
42,composition,-1,1,9,-0.1333351280741173,0.4444444444444444,0.5555555555555556,0.0,0.23453862848553086,0.2222222222222222,0.4444444444444444
43,composition,-1,1,22,-0.15588112059924128,0.3181818181818182,0.6818181818181818,0.0,0.22616935297856555,0.22727272727272727,0.5454545454545454
44,composition,-1,1,25,-0.0634443933137623,0.48,0.52,0.0,0.14301408046529018,0.36,0.44
45,composition,-1,1,18,-0.052771527597417024,0.5555555555555556,0.4444444444444444,0.0,0.22825794420203355,0.5,0.4444444444444444
46,composition,-1,1,5,0.15365939142732715,0.6,0.4,0.0,0.03965006368175886,0.6,0.2
47,composition,-1,1,14,-0.07115529546673648,0.5,0.5,0.0,0.18448856951991208,0.5,0.42857142857142855
48,composition,-1,1,2,-0.09313780739069524,0.5,0.5,0.0,0.09638967541505035,0.0,0.5
49,composition,-1,1,4,-0.10155884090654155,0.25,0.75,0.0,0.1438101311146167,0.25,0.75
50,composition,-1,1,1,0.9368381975169608,1.0,0.0,0.0,0.0,1.0,0.0
51,composition,-1,1,4,0.03364219006746527,0.5,0.5,0.0,0.12157964514169883,0.5,0.5
52,composition,-1,1,9,-0.2164362095351476,0.2222222222222222,0.7777777777777778,0.0,0.2686094920713828,0.2222222222222222,0.5555555555555556
53,composition,-1,1,22,-0.07202110774594994,0.45454545454545453,0.5454545454545454,0.0,0.2041273532349665,0.36363636363636365,0.5
54,composition,-1,1,6,-0.16978483596545027,0.16666666666666666,0.8333333333333334,0.0,0.17092876289259826,0.0,0.6666666666666666
55,composition,-1,1,2,-0.1801129568987462,0.0,1.0,0.0,0.1801129568987462,0.0,0.5
56,composition,-1,1,3,-0.09747957735205692,0.3333333333333333,0.6666666666666666,0.0,0.11139381771715223,0.0,0.3333333333333333
57,composition,-1,1,7,-0.09683936763666015,0.42857142857142855,0.5714285714285714,0.0,0.15261025893790878,0.2857142857142857,0.5714285714285714
58,composition,-1,1,4,-0.026909797420817644,0.5,0.5,0.0,0.11981632153659434,0.25,0.5
59,composition,-1,1,4,0.08530204697940742,0.75,0.25,0.0,0.05791285344675675,0.5,0.25
0,composition,-1,2,1,-0.1134206794231555,0.0,1.0,0.0,0.1134206794231555,0.0,1.0
1,composition,-1,2,1,-0.6205987433302447,0.0,1.0,0.0,0.6205987433302447,0.0,1.0
2,composition,-1,2,3,0.015954701813373735,0.6666666666666666,0.3333333333333333,0.0,0.04098010515400157,0.3333333333333333,0.3333333333333333
3,composition,-1,2,9,-0.016014452973404168,0.5555555555555556,0.4444444444444444,0.0,0.08515824821855825,0.3333333333333333,0.3333333333333333
4,composition,-1,2,8,-0.06459421267964814,0.5,0.5,0.0,0.17476075054167728,0.375,0.5
5,composition,-1,2,9,-0.08759871893403846,0.4444444444444444,0.5555555555555556,0.0,0.14687503418854117,0.2222222222222222,0.4444444444444444
6,composition,-1,2,3,-0.05316525303162697,0.3333333333333333,0.6666666666666666,0.0,0.09710969627155859,0.3333333333333333,0.6666666666666666
7,composition,-1,2,1,0.053383876313859,1.0,0.0,0.0,0.0,0.0,0.0
8,composition,-1,2,18,-0.03730826963181963,0.3888888888888889,0.6111111111111112,0.0,0.13507093174796617,0.2222222222222222,0.5
9,composition,-1,2,8,-0.13156883639283734,0.25,0.75,0.0,0.14090695637235062,0.0,0.375
10,composition,-1,2,5,0.034906723156307606,0.6,0.4,0.0,0.16444157204940843,0.2,0.4
11,composition,-1,2,12,0.19357221972105862,0.8333333333333334,0.16666666666666666,0.0,0.02130432553864617,0.5833333333333334,0.16666666666666666
12,composition,-1,2,7,-0.01339202675196814,0.42857142857142855,0.5714285714285714,0.0,0.03652989369802661,0.0,0.14285714285714285
13,composition,-1,2,4,0.023032160600271953,0.5,0.5,0.0,0.12522791313381987,0.5,0.5
14,composition,-1,2,6,0.16915702124985454,0.8333333333333334,0.16666666666666666,0.0,0.011868461999084983,0.5,0.0
15,composition,-1,2,6,-0.18905202239771823,0.16666666666666666,0.8333333333333334,0.0,0.22712888814295187,0.16666666666666666,0.5
16,composition,-1,2,10,-0.09174520914226389,0.3,0.7,0.0,0.13364043717551813,0.1,0.3
17,composition,-1,2,6,-0.07515856195877317,0.3333333333333333,0.6666666666666666,0.0,0.09700942705556263,0.16666666666666666,0.16666666666666666
18,composition,-1,2,2,-0.18249110748609973,0.0,1.0,0.0,0.18249110748609973,0.0,0.5
19,composition,-1,2,3,-0.023422063166619874,0.3333333333333333,0.6666666666666666,0.0,0.1446441052291103,0.3333333333333333,0.3333333333333333
20,composition,-1,2,7,-0.17058027554538438,0.2857142857142857,0.7142857142857143,0.0,0.22541852410844873,0.14285714285714285,0.42857142857142855
21,composition,-1,2,26,0.014861058199359522,0.5769230769230769,0.4230769230769231,0.0,0.10676793238571276,0.46153846153846156,0.34615384615384615
22,composition,-1,2,28,-0.15492271598331211,0.39285714285714285,0.6071428571428571,0.0,0.2439282611178546,0.21428571428571427,0.39285714285714285
23,composition,-1,2,27,-0.04984872861290628,0.4074074074074074,0.5925925925925926,0.0,0.14945172376735366,0.3333333333333333,0.48148148148148145
24,composition,-1,2,2,0.3374064700220716,1.0,0.0,0.0,0.0,1.0,0.0
25,composition,-1,2,9,0.02063320149777266,0.5555555555555556,0.4444444444444444,0.0,0.070710615024794,0.3333333333333333,0.3333333333333333
26,composition,-1,2,33,-0.1667934508048932,0.36363636363636365,0.6363636363636364,0.0,0.2582551283341428,0.21212121212121213,0.5454545454545454
27,composition,-1,2,22,-0.004623406359512835,0.4090909090909091,0.5909090909090909,0.0,0.17254660290151758,0.36363636363636365,0.45454545454545453
28,composition,-1,2,7,0.06936951542536743,0.7142857142857143,0.2857142857142857,0.0,0.0835137091492665,0.5714285714285714,0.2857142857142857
29,composition,-1,2,13,-0.0057148622316271,0.5384615384615384,0.46153846153846156,0.0,0.10569650788296549,0.38461538461538464,0.3076923076923077
30,composition,-1,2,24,0.007943506194673393,0.4583333333333333,0.5416666666666666,0.0,0.15670602337515258,0.4166666666666667,0.4166666666666667
31,composition,-1,2,14,0.0217323158357623,0.5714285714285714,0.42857142857142855,0.0,0.18098253001627154,0.42857142857142855,0.35714285714285715
32,composition,-1,2,4,-0.0581401368360126,0.5,0.5,0.0,0.10805048113302806,0.25,0.5
33,composition,-1,2,3,-0.07875807529212746,0.3333333333333333,0.6666666666666666,0.0,0.1357521700457672,0.3333333333333333,0.6666666666666666
34,composition,-1,2,3,-0.09360004989446159,0.3333333333333333,0.6666666666666666,0.0,0.18726531679534308,0.3333333333333333,0.6666666666666666
35,composition,-1,2,3,-0.15134039852177197,0.0,1.0,0.0,0.15134039852177197,0.0,0.3333333333333333
36,composition,-1,2,8,-0.031134038248291432,0.5,0.5,0.0,0.09685138089714093,0.25,0.25
37,composition,-1,2,14,-0.06906191741433469,0.5714285714285714,0.42857142857142855,0.0,0.2801514489158525,0.5714285714285714,0.35714285714285715
38,composition,-1,2,3,0.005222488179240267,0.6666666666666666,0.3333333333333333,0.0,0.13179664533851876,0.3333333333333333,0.3333333333333333
39,composition,-1,2,7,-0.08279137496250348,0.42857142857142855,0.5714285714285714,0.0,0.18284547425769454,0.2857142857142857,0.42857142857142855
40,composition,-1,2,32,-0.09498857349060873,0.4375,0.5625,0.0,0.19002204969145017,0.375,0.5625
41,composition,-1,2,20,-0.06433877689909309,0.4,0.6,0.0,0.21863093608943326,0.3,0.5
42,composition,-1,2,9,-0.1057528173026942,0.4444444444444444,0.5555555555555556,0.0,0.1394656883541781,0.1111111111111111,0.3333333333333333
43,composition,-1,2,22,-0.10721473374816613,0.36363636363636365,0.6363636363636364,0.0,0.21093493917594702,0.36363636363636365,0.4090909090909091
44,composition,-1,2,25,-0.11829543065833327,0.36,0.64,0.0,0.19296930670801032,0.32,0.48
45,composition,-1,2,18,-0.08372794387316161,0.5555555555555556,0.4444444444444444,0.0,0.2641274417722925,0.5555555555555556,0.4444444444444444
46,composition,-1,2,5,-0.12442984223925604,0.2,0.8,0.0,0.1434143941675234,0.0,0.6
47,composition,-1,2,14,-0.11399977869129138,0.5,0.5,0.0,0.21029078012100097,0.35714285714285715,0.42857142857142855
48,composition,-1,2,2,0.04580595135546342,0.5,0.5,0.0,0.16492781088554584,0.5,0.5
49,composition,-1,2,4,0.23214472268709718,0.75,0.25,0.0,0.15347177546170432,0.75,0.25
50,composition,-1,2,1,0.9536214591151476,1.0,0.0,0.0,0.0,1.0,0.0
51,composition,-1,2,4,-0.10152132176530995,0.5,0.5,0.0,0.11854118180195793,0.0,0.25
52,composition,-1,2,9,-0.20080683635718583,0.4444444444444444,0.5555555555555556,0.0,0.27597053567786844,0.3333333333333333,0.5555555555555556
53,composition,-1,2,22,-0.01995466937001743,0.4090909090909091,0.5909090909090909,0.0,0.13820316741903846,0.36363636363636365,0.4090909090909091
54,composition,-1,2,6,-0.21204343221279165,0.3333333333333333,0.6666666666666666,0.0,0.2570139325679177,0.3333333333333333,0.6666666666666666
55,composition,-1,2,2,-0.2323808412854298,0.0,1.0,0.0,0.2323808412854298,0.0,1.0
56,composition,-1,2,3,-0.13660889572789905,0.0,1.0,0.0,0.13660889572789905,0.0,1.0
57,composition,-1,2,7,0.015516389678453424,0.42857142857142855,0.5714285714285714,0.0,0.09602753470281071,0.42857142857142855,0.2857142857142857
58,composition,-1,2,4,-0.013849411627078605,0.5,0.5,0.0,0.07414334176091764,0.25,0.25
59,composition,-1,2,4,-0.006304355179682648,0.5,0.5,0.0,0.1641815061180174,0.5,0.5
0,composition,1,1,1,0.1917906274722955,1.0,0.0,0.0,0.0,1.0,0.0
1,composition,1,1,1,0.6163764418919547,1.0,0.0,0.0,0.0,1.0,0.0
2,composition,1,1,3,-0.03416189516381727,0.3333333333333333,0.6666666666666666,0.0,0.036666494837345937,0.0,0.3333333333333333
3,composition,1,1,9,0.02034850039073928,0.4444444444444444,0.5555555555555556,0.0,0.05027724184458843,0.2222222222222222,0.1111111111111111
4,composition,1,1,8,0.02648015034703064,0.75,0.25,0.0,0.10141534901550653,0.5,0.25
5,composition,1,1,9,-0.020065954518664282,0.4444444444444444,0.5555555555555556,0.0,0.06315779836579039,0.2222222222222222,0.3333333333333333
6,composition,1,1,3,0.013641006092008467,0.6666666666666666,0.3333333333333333,0.0,0.016130162005436998,0.0,0.0
7,composition,1,1,1,0.0305443350868409,1.0,0.0,0.0,0.0,0.0,0.0
8,composition,1,1,18,0.008759360333957139,0.5,0.5,0.0,0.1311389482473052,0.3888888888888889,0.3888888888888889
9,composition,1,1,8,0.12381124946651266,0.625,0.375,0.0,0.0190281991513357,0.375,0.0
10,composition,1,1,5,-0.003552674250994414,0.6,0.4,0.0,0.14267420310283432,0.6,0.4
11,composition,1,1,12,-0.1644415300394044,0.16666666666666666,0.8333333333333334,0.0,0.18599159777378602,0.08333333333333333,0.5833333333333334
12,composition,1,1,7,-0.032871863292723486,0.42857142857142855,0.5714285714285714,0.0,0.10025535923079885,0.42857142857142855,0.42857142857142855
13,composition,1,1,4,-0.08834415792763914,0.5,0.5,0.0,0.24221271116750911,0.5,0.5
14,composition,1,1,6,-0.19448812730702425,0.16666666666666666,0.8333333333333334,0.0,0.2680258912129198,0.16666666666666666,0.6666666666666666
15,composition,1,1,6,0.14008948056281081,0.8333333333333334,0.16666666666666666,0.0,0.056646227020571586,0.6666666666666666,0.16666666666666666
16,composition,1,1,10,0.09743835510503998,0.7,0.3,0.0,0.04427593908474543,0.6,0.2
17,composition,1,1,6,-0.017072098609786462,0.5,0.5,0.0,0.1103518560590911,0.3333333333333333,0.3333333333333333
18,composition,1,1,2,-0.030501089006098648,0.5,0.5,0.0,0.04453810784459475,0.0,0.0
19,composition,1,1,3,0.088206356862982,0.6666666666666666,0.3333333333333333,0.0,0.0323922916701763,0.6666666666666666,0.0
20,composition,1,1,7,0.20870420417138694,0.8571428571428571,0.14285714285714285,0.0,0.07093380687263867,0.5714285714285714,0.14285714285714285
21,composition,1,1,26,0.01470169457694419,0.46153846153846156,0.5384615384615384,0.0,0.1157353439781593,0.34615384615384615,0.4230769230769231
22,composition,1,1,28,0.07526187733110135,0.5357142857142857,0.4642857142857143,0.0,0.09061689485583062,0.42857142857142855,0.35714285714285715
23,composition,1,1,27,-0.036208336440420194,0.4074074074074074,0.5925925925925926,0.0,0.15728126251831254,0.3333333333333333,0.48148148148148145
24,composition,1,1,2,-0.43869808098571633,0.0,1.0,0.0,0.43869808098571633,0.0,1.0
25,composition,1,1,9,-0.00794598107641715,0.4444444444444444,0.5555555555555556,0.0,0.07727816359661646,0.3333333333333333,0.1111111111111111
26,composition,1,1,33,0.15059191898921073,0.6666666666666666,0.3333333333333333,0.0,0.07249996977795214,0.6060606060606061,0.24242424242424243
27,composition,1,1,22,0.025527996583269062,0.5909090909090909,0.4090909090909091,0.0,0.12515604920849796,0.5,0.3181818181818182
28,composition,1,1,7,-0.08746851016882977,0.2857142857142857,0.7142857142857143,0.0,0.17476457641669668,0.2857142857142857,0.5714285714285714
29,composition,1,1,13,-0.049192629876678204,0.38461538461538464,0.6153846153846154,0.0,0.221902929453906,0.38461538461538464,0.6153846153846154
30,composition,1,1,24,0.01945139994422147,0.5,0.5,0.0,0.13701423800760262,0.4166666666666667,0.375
31,composition,1,1,14,-0.028930412024054632,0.42857142857142855,0.5714285714285714,0.0,0.21254116462665157,0.35714285714285715,0.5714285714285714
32,composition,1,1,4,0.09251842913464078,0.75,0.25,0.0,0.06199570234734208,0.75,0.25
33,composition,1,1,3,0.1063206911956082,0.6666666666666666,0.3333333333333333,0.0,0.012681602975645702,0.3333333333333333,0.0
34,composition,1,1,3,0.18416366911373194,0.6666666666666666,0.3333333333333333,0.0,0.11089640552495493,0.6666666666666666,0.3333333333333333
35,composition,1,1,3,0.23524446141303315,1.0,0.0,0.0,0.0,0.6666666666666666,0.0
36,composition,1,1,8,0.09577147731293255,0.625,0.375,0.0,0.05013679686435711,0.375,0.25
37,composition,1,1,14,0.02691038056392145,0.42857142857142855,0.5714285714285714,0.0,0.20671087764834667,0.35714285714285715,0.5714285714285714
38,composition,1,1,3,0.002098549523860633,0.6666666666666666,0.3333333333333333,0.0,0.13203876060344,0.3333333333333333,0.3333333333333333
39,composition,1,1,7,0.09324139696308696,0.5714285714285714,0.42857142857142855,0.0,0.06928554639463028,0.5714285714285714,0.42857142857142855
40,composition,1,1,32,0.10252513013593789,0.59375,0.40625,0.0,0.08966396912779877,0.5,0.28125
41,composition,1,1,20,-0.00418505230654079,0.5,0.5,0.0,0.1817333698354937,0.35,0.45
42,composition,1,1,9,0.1333351280741173,0.5555555555555556,0.4444444444444444,0.0,0.10120350041141356,0.4444444444444444,0.2222222222222222
43,composition,1,1,22,0.15588112059924128,0.6818181818181818,0.3181818181818182,0.0,0.07028823237932426,0.5454545454545454,0.22727272727272727
44,composition,1,1,25,0.0634443933137623,0.52,0.48,0.0,0.07956968715152787,0.44,0.36
45,composition,1,1,18,0.052771527597417024,0.4444444444444444,0.5555555555555556,0.0,0.1754864166046165,0.4444444444444444,0.5
46,composition,1,1,5,-0.15365939142732715,0.4,0.6,0.0,0.193309455109086,0.2,0.6
47,composition,1,1,14,0.07115529546673648,0.5,0.5,0.0,0.11333327405317559,0.42857142857142855,0.5
48,composition,1,1,2,0.09313780739069524,0.5,0.5,0.0,0.0032518680243551,0.5,0.0
49,composition,1,1,4,0.10155884090654155,0.75,0.25,0.0,0.04225129020807515,0.75,0.25
50,composition,1,1,1,-0.9368381975169608,0.0,1.0,0.0,0.9368381975169608,0.0,1.0
51,composition,1,1,4,-0.03364219006746527,0.5,0.5,0.0,0.1552218352091641,0.5,0.5
52,composition,1,1,9,0.2164362095351476,0.7777777777777778,0.2222222222222222,0.0,0.05217328253623518,0.5555555555555556,0.2222222222222222
53,composition,1,1,22,0.07202110774594994,0.5454545454545454,0.45454545454545453,0.0,0.13210624548901653,0.5,0.36363636363636365
54,composition,1,1,6,0.16978483596545027,0.8333333333333334,0.16666666666666666,0.0,0.0011439269271479667,0.6666666666666666,0.0
55,composition,1,1,2,0.1801129568987462,1.0,0.0,0.0,0.0,0.5,0.0
56,composition,1,1,3,0.09747957735205692,0.6666666666666666,0.3333333333333333,0.0,0.0139142403650953,0.3333333333333333,0.0
57,composition,1,1,7,0.09683936763666015,0.5714285714285714,0.42857142857142855,0.0,0.05577089130124864,0.5714285714285714,0.2857142857142857
58,composition,1,1,4,0.026909797420817644,0.5,0.5,0.0,0.0929065241157767,0.5,0.25
59,composition,1,1,4,-0.08530204697940742,0.25,0.75,0.0,0.14321490042616417,0.25,0.5
0,composition,1,2,1,0.1134206794231555,1.0,0.0,0.0,0.0,1.0,0.0
1,composition,1,2,1,0.6205987433302447,1.0,0.0,0.0,0.0,1.0,0.0
2,composition,1,2,3,-0.015954701813373735,0.3333333333333333,0.6666666666666666,0.0,0.0569348069673753,0.3333333333333333,0.3333333333333333
3,composition,1,2,9,0.016014452973404168,0.4444444444444444,0.5555555555555556,0.0,0.06914379524515407,0.3333333333333333,0.3333333333333333
4,composition,1,2,8,0.06459421267964814,0.5,0.5,0.0,0.11016653786202912,0.5,0.375
5,composition,1,2,9,0.08759871893403846,0.5555555555555556,0.4444444444444444,0.0,0.05927631525450272,0.4444444444444444,0.2222222222222222
6,composition,1,2,3,0.05316525303162697,0.6666666666666666,0.3333333333333333,0.0,0.04394444323993163,0.6666666666666666,0.3333333333333333
7,composition,1,2,1,-0.053383876313859,0.0,1.0,0.0,0.053383876313859,0.0,0.0
8,composition,1,2,18,0.03730826963181963,0.6111111111111112,0.3888888888888889,0.0,0.09776266211614654,0.5,0.2222222222222222
9,composition,1,2,8,0.13156883639283734,0.75,0.25,0.0,0.009338119979513275,0.375,0.0
10,composition,1,2,5,-0.034906723156307606,0.4,0.6,0.0,0.199348295205716,0.4,0.2
11,composition,1,2,12,-0.19357221972105862,0.16666666666666666,0.8333333333333334,0.0,0.21487654525970476,0.16666666666666666,0.5833333333333334
12,composition,1,2,7,0.01339202675196814,0.5714285714285714,0.42857142857142855,0.0,0.02313786694605847,0.14285714285714285,0.0
13,composition,1,2,4,-0.023032160600271953,0.5,0.5,0.0,0.14826007373409184,0.5,0.5
14,composition,1,2,6,-0.16915702124985454,0.16666666666666666,0.8333333333333334,0.0,0.18102548324893952,0.0,0.5
15,composition,1,2,6,0.18905202239771823,0.8333333333333334,0.16666666666666666,0.0,0.03807686574523365,0.5,0.16666666666666666
16,composition,1,2,10,0.09174520914226389,0.7,0.3,0.0,0.04189522803325421,0.3,0.1
17,composition,1,2,6,0.07515856195877317,0.6666666666666666,0.3333333333333333,0.0,0.021850865096789466,0.16666666666666666,0.16666666666666666
18,composition,1,2,2,0.18249110748609973,1.0,0.0,0.0,0.0,0.5,0.0
19,composition,1,2,3,0.023422063166619874,0.6666666666666666,0.3333333333333333,0.0,0.12122204206249043,0.3333333333333333,0.3333333333333333
20,composition,1,2,7,0.17058027554538438,0.7142857142857143,0.2857142857142857,0.0,0.05483824856306436,0.42857142857142855,0.14285714285714285
21,composition,1,2,26,-0.014861058199359522,0.4230769230769231,0.5769230769230769,0.0,0.12162899058507229,0.34615384615384615,0.46153846153846156
22,composition,1,2,28,0.15492271598331211,0.6071428571428571,0.39285714285714285,0.0,0.08900554513454248,0.39285714285714285,0.21428571428571427
23,composition,1,2,27,0.04984872861290628,0.5925925925925926,0.4074074074074074,0.0,0.09960299515444741,0.48148148148148145,0.3333333333333333
24,composition,1,2,2,-0.3374064700220716,0.0,1.0,0.0,0.3374064700220716,0.0,1.0
25,composition,1,2,9,-0.02063320149777266,0.4444444444444444,0.5555555555555556,0.0,0.09134381652256666,0.3333333333333333,0.3333333333333333
26,composition,1,2,33,0.1667934508048932,0.6363636363636364,0.36363636363636365,0.0,0.09146167752924968,0.5454545454545454,0.21212121212121213
27,composition,1,2,22,0.004623406359512835,0.5909090909090909,0.4090909090909091,0.0,0.16792319654200474,0.45454545454545453,0.36363636363636365
28,composition,1,2,7,-0.06936951542536743,0.2857142857142857,0.7142857142857143,0.0,0.1528832245746339,0.2857142857142857,0.5714285714285714
29,composition,1,2,13,0.0057148622316271,0.46153846153846156,0.5384615384615384,0.0,0.0999816456513384,0.3076923076923077,0.38461538461538464
30,composition,1,2,24,-0.007943506194673393,0.5416666666666666,0.4583333333333333,0.0,0.16464952956982595,0.4166666666666667,0.4166666666666667
31,composition,1,2,14,-0.0217323158357623,0.42857142857142855,0.5714285714285714,0.0,0.20271484585203384,0.35714285714285715,0.42857142857142855
32,composition,1,2,4,0.0581401368360126,0.5,0.5,0.0,0.04991034429701547,0.5,0.25
33,composition,1,2,3,0.07875807529212746,0.6666666666666666,0.3333333333333333,0.0,0.05699409475363973,0.6666666666666666,0.3333333333333333
34,composition,1,2,3,0.09360004989446159,0.6666666666666666,0.3333333333333333,0.0,0.09366526690088146,0.6666666666666666,0.3333333333333333
35,composition,1,2,3,0.15134039852177197,1.0,0.0,0.0,0.0,0.3333333333333333,0.0
36,composition,1,2,8,0.031134038248291432,0.5,0.5,0.0,0.0657173426488495,0.25,0.25
37,composition,1,2,14,0.06906191741433469,0.42857142857142855,0.5714285714285714,0.0,0.21108953150151777,0.35714285714285715,0.5714285714285714
38,composition,1,2,3,-0.005222488179240267,0.3333333333333333,0.6666666666666666,0.0,0.13701913351775902,0.3333333333333333,0.3333333333333333
39,composition,1,2,7,0.08279137496250348,0.5714285714285714,0.42857142857142855,0.0,0.10005409929519105,0.42857142857142855,0.2857142857142857
40,composition,1,2,32,0.09498857349060873,0.5625,0.4375,0.0,0.09503347620084145,0.5625,0.375
41,composition,1,2,20,0.06433877689909309,0.6,0.4,0.0,0.15429215919034014,0.5,0.3
42,composition,1,2,9,0.1057528173026942,0.5555555555555556,0.4444444444444444,0.0,0.03371287105148388,0.3333333333333333,0.1111111111111111
43,composition,1,2,22,0.10721473374816613,0.6363636363636364,0.36363636363636365,0.0,0.10372020542778092,0.4090909090909091,0.36363636363636365
44,composition,1,2,25,0.11829543065833327,0.64,0.36,0.0,0.07467387604967703,0.48,0.32
45,composition,1,2,18,0.08372794387316161,0.4444444444444444,0.5555555555555556,0.0,0.1803994978991309,0.4444444444444444,0.5555555555555556
46,composition,1,2,5,0.12442984223925604,0.8,0.2,0.0,0.01898455192826738,0.6,0.0
47,composition,1,2,14,0.11399977869129138,0.5,0.5,0.0,0.09629100142970959,0.42857142857142855,0.35714285714285715
48,composition,1,2,2,-0.04580595135546342,0.5,0.5,0.0,0.21073376224100926,0.5,0.5
49,composition,1,2,4,-0.23214472268709718,0.25,0.75,0.0,0.3856164981488015,0.25,0.75
50,composition,1,2,1,-0.9536214591151476,0.0,1.0,0.0,0.9536214591151476,0.0,1.0
51,composition,1,2,4,0.10152132176530995,0.5,0.5,0.0,0.017019860036647974,0.25,0.0
52,composition,1,2,9,0.20080683635718583,0.5555555555555556,0.4444444444444444,0.0,0.0751636993206826,0.5555555555555556,0.3333333333333333
53,composition,1,2,22,0.01995466937001743,0.5909090909090909,0.4090909090909091,0.0,0.11824849804902103,0.4090909090909091,0.36363636363636365
54,composition,1,2,6,0.21204343221279165,0.6666666666666666,0.3333333333333333,0.0,0.044970500355126064,0.6666666666666666,0.3333333333333333
55,composition,1,2,2,0.2323808412854298,1.0,0.0,0.0,0.0,1.0,0.0
56,composition,1,2,3,0.13660889572789905,1.0,0.0,0.0,0.0,1.0,0.0
57,composition,1,2,7,-0.015516389678453424,0.5714285714285714,0.42857142857142855,0.0,0.11154392438126415,0.2857142857142857,0.42857142857142855
58,composition,1,2,4,0.013849411627078605,0.5,0.5,0.0,0.060293930133839026,0.25,0.25
59,composition,1,2,4,0.006304355179682648,0.5,0.5,0.0,0.15787715093833476,0.5,0.5
0,kmer123,-1,1,1,0.1379834430013692,1.0,0.0,0.0,0.0,1.0,0.0
1,kmer123,-1,1,1,-0.120542299625697,0.0,1.0,0.0,0.120542299625697,0.0,1.0
2,kmer123,-1,1,3,-0.031657295490288596,0.3333333333333333,0.6666666666666666,0.0,0.06581919065410587,0.3333333333333333,0.3333333333333333
3,kmer123,-1,1,9,0.07256582791465145,0.6666666666666666,0.3333333333333333,0.0,0.02013056551566961,0.2222222222222222,0.1111111111111111
4,kmer123,-1,1,8,-0.03884876547515881,0.5,0.5,0.0,0.1807227137365499,0.375,0.375
5,kmer123,-1,1,9,0.0019494347327374524,0.4444444444444444,0.5555555555555556,0.0,0.07185889323721244,0.2222222222222222,0.3333333333333333
6,kmer123,-1,1,3,-0.002489155913428534,0.3333333333333333,0.6666666666666666,0.0,0.016130162005437,0.0,0.0
7,kmer123,-1,1,1,-0.0955761991771276,0.0,1.0,0.0,0.0955761991771276,0.0,0.0
8,kmer123,-1,1,18,0.16265691576565258,0.7222222222222222,0.2777777777777778,0.0,0.092249849614142,0.6111111111111112,0.2222222222222222
9,kmer123,-1,1,8,0.19218867506372717,0.75,0.25,0.0,0.06879839388797504,0.625,0.125
10,kmer123,-1,1,5,0.24779076566924862,0.8,0.2,0.0,0.03653403572817876,0.8,0.2
11,kmer123,-1,1,12,0.17261185730071424,0.8333333333333334,0.16666666666666666,0.0,0.007579056656171975,0.6666666666666666,0.0
12,kmer123,-1,1,7,0.032871863292723486,0.5714285714285714,0.42857142857142855,0.0,0.06738349593807537,0.42857142857142855,0.42857142857142855
13,kmer123,-1,1,4,0.08834415792763914,0.5,0.5,0.0,0.15386855323986998,0.5,0.5
14,kmer123,-1,1,6,0.3074493659713354,0.8333333333333334,0.16666666666666666,0.0,0.017057144573739965,0.8333333333333334,0.16666666666666666
15,kmer123,-1,1,6,-0.03911990771983238,0.5,0.5,0.0,0.18010323864098063,0.3333333333333333,0.3333333333333333
16,kmer123,-1,1,10,0.08442082950004529,0.6,0.4,0.0,0.061239099965282914,0.5,0.3
17,kmer123,-1,1,6,0.1497362100191604,0.8333333333333334,0.16666666666666666,0.0,0.06259058549662289,0.6666666666666666,0.16666666666666666
18,kmer123,-1,1,2,-0.0349985919862031,0.5,0.5,0.0,0.0490356108246992,0.0,0.0
19,kmer123,-1,1,3,0.0323922916701763,0.6666666666666666,0.3333333333333333,0.0,0.039712490922960066,0.3333333333333333,0.3333333333333333
20,kmer123,-1,1,7,0.0646024485556,0.5714285714285714,0.42857142857142855,0.0,0.04546501977755414,0.2857142857142857,0.2857142857142857
21,kmer123,-1,1,26,0.12101990451487471,0.6538461538461539,0.34615384615384615,0.0,0.03393983744942592,0.5,0.11538461538461539
22,kmer123,-1,1,28,0.09322995396361966,0.6071428571428571,0.39285714285714285,0.0,0.09456703688528656,0.5357142857142857,0.32142857142857145
23,kmer123,-1,1,27,0.21612648794725733,0.7407407407407407,0.25925925925925924,0.0,0.07018840009830139,0.6296296296296297,0.18518518518518517
24,kmer123,-1,1,2,0.43869808098571633,1.0,0.0,0.0,0.0,1.0,0.0
25,kmer123,-1,1,9,0.009695174654365698,0.5555555555555556,0.4444444444444444,0.0,0.04695555394692914,0.1111111111111111,0.2222222222222222
26,kmer123,-1,1,33,0.14493237465910544,0.696969696969697,0.30303030303030304,0.0,0.03359620762669927,0.48484848484848486,0.12121212121212122
27,kmer123,-1,1,22,0.23512151878316254,0.7727272727272727,0.22727272727272727,0.0,0.05356993079896754,0.6818181818181818,0.18181818181818182
28,kmer123,-1,1,7,0.18997422158392524,0.7142857142857143,0.2857142857142857,0.0,0.0565288872607252,0.5714285714285714,0.2857142857142857
29,kmer123,-1,1,13,0.07031334487816374,0.6923076923076923,0.3076923076923077,0.0,0.09340559030752764,0.5384615384615384,0.3076923076923077
30,kmer123,-1,1,24,0.10385887010935434,0.7083333333333334,0.2916666666666667,0.0,0.10726484643744459,0.5416666666666666,0.2916666666666667
31,kmer123,-1,1,14,0.08475780286580101,0.5714285714285714,0.42857142857142855,0.0,0.11998698727362046,0.5714285714285714,0.42857142857142855
32,kmer123,-1,1,4,0.08415254556212037,0.75,0.25,0.0,0.0263397850010385,0.5,0.25
33,kmer123,-1,1,3,0.1063206911956082,0.6666666666666666,0.3333333333333333,0.0,0.09363908821996249,0.6666666666666666,0.3333333333333333
34,kmer123,-1,1,3,0.18416366911373194,0.6666666666666666,0.3333333333333333,0.0,0.073267263588777,0.6666666666666666,0.3333333333333333
35,kmer123,-1,1,3,0.07748936948153506,0.6666666666666666,0.3333333333333333,0.0,0.08502152741721797,0.6666666666666666,0.3333333333333333
36,kmer123,-1,1,8,0.0533085737681278,0.5,0.5,0.0,0.0666599784329802,0.375,0.125
37,kmer123,-1,1,14,0.3373712114958939,0.7857142857142857,0.21428571428571427,0.0,0.055437787616648235,0.7142857142857143,0.14285714285714285
38,kmer123,-1,1,3,0.13203876060344,0.6666666666666666,0.3333333333333333,0.0,0.002098549523860633,0.3333333333333333,0.0
39,kmer123,-1,1,7,0.10198931852418548,0.5714285714285714,0.42857142857142855,0.0,0.07699824862432078,0.5714285714285714,0.42857142857142855
40,kmer123,-1,1,32,0.18030212070878704,0.75,0.25,0.0,0.0546973042987413,0.71875,0.21875
41,kmer123,-1,1,20,0.09010621685332909,0.55,0.45,0.0,0.1752533782451497,0.5,0.35
42,kmer123,-1,1,9,0.09245305402783405,0.5555555555555556,0.4444444444444444,0.0,0.1807591149341826,0.4444444444444444,0.3333333333333333
43,kmer123,-1,1,22,0.2347194444120779,0.8181818181818182,0.18181818181818182,0.0,0.03559984393867286,0.6363636363636364,0.09090909090909091
44,kmer123,-1,1,25,0.1113040628307813,0.68,0.32,0.0,0.07569187009128574,0.6,0.28
45,kmer123,-1,1,18,0.27428223401841245,0.7222222222222222,0.2777777777777778,0.0,0.1256297336091137,0.7222222222222222,0.2222222222222222
46,kmer123,-1,1,5,0.20307086180689132,0.8,0.2,0.0,0.03234467732805016,0.8,0.2
47,kmer123,-1,1,14,0.22175415518450675,0.8571428571428571,0.14285714285714285,0.0,0.03190825823987899,0.7857142857142857,0.14285714285714285
48,kmer123,-1,1,2,0.2656261338228471,1.0,0.0,0.0,0.0,1.0,0.0
49,kmer123,-1,1,4,-0.05208550157048285,0.5,0.5,0.0,0.11694281270964435,0.25,0.5
50,kmer123,-1,1,1,0.9368381975169608,1.0,0.0,0.0,0.0,1.0,0.0
51,kmer123,-1,1,4,-0.010469644303990229,0.5,0.5,0.0,0.16569147951315433,0.5,0.5
52,kmer123,-1,1,9,0.09046510998671684,0.6666666666666666,0.3333333333333333,0.0,0.03857105633944158,0.4444444444444444,0.2222222222222222
53,kmer123,-1,1,22,0.18881570716116,0.6818181818181818,0.3181818181818182,0.0,0.06227320672815613,0.5454545454545454,0.2727272727272727
54,kmer123,-1,1,6,-0.0354955030307454,0.5,0.5,0.0,0.1597815103180755,0.5,0.3333333333333333
55,kmer123,-1,1,2,0.26392043653609754,1.0,0.0,0.0,0.0,1.0,0.0
56,kmer123,-1,1,3,0.0139142403650953,0.6666666666666666,0.3333333333333333,0.0,0.0937244911173073,0.3333333333333333,0.3333333333333333
57,kmer123,-1,1,7,0.1628220069635939,0.5714285714285714,0.42857142857142855,0.0,0.09621006830375553,0.5714285714285714,0.14285714285714285
58,kmer123,-1,1,4,0.12422900438753534,0.75,0.25,0.0,0.06914130319249255,0.75,0.25
59,kmer123,-1,1,4,0.04496404989275277,0.5,0.5,0.0,0.1125775901579411,0.5,0.5
0,kmer123,-1,2,1,-0.0298426731312008,0.0,1.0,0.0,0.0298426731312008,0.0,0.0
1,kmer123,-1,2,1,-0.1663402491748175,0.0,1.0,0.0,0.1663402491748175,0.0,1.0
2,kmer123,-1,2,3,0.025025403340627833,0.6666666666666666,0.3333333333333333,0.0,0.015954701813373735,0.0,0.0
3,kmer123,-1,2,9,0.07775754545905579,0.5555555555555556,0.4444444444444444,0.0,0.031954773425253234,0.3333333333333333,0.2222222222222222
4,kmer123,-1,2,8,-0.008850102526784196,0.625,0.375,0.0,0.12670851495705926,0.375,0.25
5,kmer123,-1,2,9,0.047047927265597006,0.5555555555555556,0.4444444444444444,0.0,0.06942817315965731,0.3333333333333333,0.2222222222222222
6,kmer123,-1,2,3,0.009220809791695336,0.6666666666666666,0.3333333333333333,0.0,0.05316525303162697,0.3333333333333333,0.3333333333333333
7,kmer123,-1,2,1,-0.2026785515838013,0.0,1.0,0.0,0.2026785515838013,0.0,1.0
8,kmer123,-1,2,18,0.06162528263365186,0.4444444444444444,0.5555555555555556,0.0,0.11345871793529137,0.3888888888888889,0.3888888888888889
9,kmer123,-1,2,8,0.15467466571224242,0.75,0.25,0.0,0.07054878602143133,0.625,0.125
10,kmer123,-1,2,5,0.3904373564283429,0.8,0.2,0.0,0.02664748917321836,0.8,0.2
11,kmer123,-1,2,12,0.1774908099992112,0.8333333333333334,0.16666666666666666,0.0,0.01784179637051405,0.4166666666666667,0.08333333333333333
12,kmer123,-1,2,7,-0.01339202675196814,0.42857142857142855,0.5714285714285714,0.0,0.03652989369802661,0.0,0.14285714285714285
13,kmer123,-1,2,4,0.023032160600271953,0.5,0.5,0.0,0.12522791313381987,0.5,0.5
14,kmer123,-1,2,6,0.16276293197698727,0.8333333333333334,0.16666666666666666,0.0,0.015065506635518616,0.5,0.0
15,kmer123,-1,2,6,-0.01496442027392414,0.6666666666666666,0.3333333333333333,0.0,0.1854378082408529,0.3333333333333333,0.3333333333333333
16,kmer123,-1,2,10,0.07386119083744501,0.6,0.4,0.0,0.09896094155089016,0.5,0.3
17,kmer123,-1,2,6,0.20164403787627153,0.6666666666666666,0.3333333333333333,0.0,0.011594178525255266,0.3333333333333333,0.0
18,kmer123,-1,2,2,0.010366503416034484,0.5,0.5,0.0,0.16834295703183155,0.5,0.5
19,kmer123,-1,2,3,0.12122204206249043,0.6666666666666666,0.3333333333333333,0.0,0.0185402559096127,0.3333333333333333,0.0
20,kmer123,-1,2,7,0.0748072171064373,0.5714285714285714,0.42857142857142855,0.0,0.030126828396323444,0.14285714285714285,0.14285714285714285
21,kmer123,-1,2,26,0.10419349255831975,0.6923076923076923,0.3076923076923077,0.0,0.04516809662503075,0.6153846153846154,0.19230769230769232
22,kmer123,-1,2,28,-0.002070080233306408,0.5714285714285714,0.42857142857142855,0.0,0.19235642925462265,0.42857142857142855,0.35714285714285715
23,kmer123,-1,2,27,0.18568946593754893,0.7037037037037037,0.2962962962962963,0.0,0.0596773536465661,0.6666666666666666,0.18518518518518517
24,kmer123,-1,2,2,0.3374064700220716,1.0,0.0,0.0,0.0,1.0,0.0
25,kmer123,-1,2,9,0.04548068532910578,0.5555555555555556,0.4444444444444444,0.0,0.04793360655342462,0.3333333333333333,0.2222222222222222
26,kmer123,-1,2,33,0.15206308009113248,0.6363636363636364,0.36363636363636365,0.0,0.06309697234443115,0.5454545454545454,0.21212121212121213
27,kmer123,-1,2,22,0.2949133641703351,0.8181818181818182,0.18181818181818182,0.0,0.04445320542170994,0.6818181818181818,0.13636363636363635
28,kmer123,-1,2,7,0.14769306390233794,0.7142857142857143,0.2857142857142857,0.0,0.04245996841847851,0.42857142857142855,0.2857142857142857
29,kmer123,-1,2,13,0.07921415178169425,0.6923076923076923,0.3076923076923077,0.0,0.05925170487140392,0.46153846153846156,0.23076923076923078
30,kmer123,-1,2,24,0.16674364992375187,0.7083333333333334,0.2916666666666667,0.0,0.08626483995883742,0.625,0.25
31,kmer123,-1,2,14,0.09839355406028615,0.5,0.5,0.0,0.13454297480820107,0.5,0.35714285714285715
32,kmer123,-1,2,4,0.03602123857948138,0.5,0.5,0.0,0.0138891057175341,0.25,0.0
33,kmer123,-1,2,3,0.07875807529212746,0.6666666666666666,0.3333333333333333,0.0,0.021763980538487732,0.3333333333333333,0.0
34,kmer123,-1,2,3,0.09360004989446159,0.6666666666666666,0.3333333333333333,0.0,6.521700641983333e-05,0.3333333333333333,0.0
35,kmer123,-1,2,3,0.055298938594877035,0.6666666666666666,0.3333333333333333,0.0,0.004536297575998633,0.3333333333333333,0.0
36,kmer123,-1,2,8,0.08009959242199449,0.625,0.375,0.0,0.03187850125468403,0.375,0.125
37,kmer123,-1,2,14,0.3242028601211476,0.8571428571428571,0.14285714285714285,0.0,0.08350131197592196,0.7857142857142857,0.14285714285714285
38,kmer123,-1,2,3,0.13179664533851876,0.6666666666666666,0.3333333333333333,0.0,0.005222488179240267,0.3333333333333333,0.0
39,kmer123,-1,2,7,0.09955271320889558,0.5714285714285714,0.42857142857142855,0.0,0.04428811696951686,0.42857142857142855,0.2857142857142857
40,kmer123,-1,2,32,0.19857304844139992,0.8125,0.1875,0.0,0.04605815072698148,0.75,0.15625
41,kmer123,-1,2,20,0.10175170845721873,0.55,0.45,0.0,0.14676484813549556,0.5,0.25
42,kmer123,-1,2,9,0.14996719493700617,0.5555555555555556,0.4444444444444444,0.0,0.0928770264490281,0.4444444444444444,0.2222222222222222
43,kmer123,-1,2,22,0.23005891484150662,0.7727272727272727,0.22727272727272727,0.0,0.057251257758418835,0.7272727272727273,0.22727272727272727
44,kmer123,-1,2,25,0.14325797240719218,0.76,0.24,0.0,0.071484451334516,0.56,0.24
45,kmer123,-1,2,18,0.2832568350699036,0.7777777777777778,0.2222222222222222,0.0,0.09399252376470674,0.7777777777777778,0.2222222222222222
46,kmer123,-1,2,5,-0.019972196228993856,0.4,0.6,0.0,0.09832299392957215,0.2,0.4
47,kmer123,-1,2,14,0.16538020903974132,0.6428571428571429,0.35714285714285715,0.0,0.07835566235885591,0.5,0.2857142857142857
48,kmer123,-1,2,2,0.13510068039403933,0.5,0.5,0.0,0.21073376224100926,0.5,0.5
49,kmer123,-1,2,4,-0.16947606015547742,0.25,0.75,0.0,0.40662896036323204,0.25,0.5
50,kmer123,-1,2,1,0.9536214591151476,1.0,0.0,0.0,0.0,1.0,0.0
51,kmer123,-1,2,4,-0.10756595265179582,0.5,0.5,0.0,0.12458581268844379,0.0,0.25
52,kmer123,-1,2,9,0.11818611415929128,0.5555555555555556,0.4444444444444444,0.0,0.05277202554528136,0.4444444444444444,0.3333333333333333
53,kmer123,-1,2,22,0.20217370779339108,0.6818181818181818,0.3181818181818182,0.0,0.062487338653365664,0.5909090909090909,0.18181818181818182
54,kmer123,-1,2,6,0.043296654899750764,0.6666666666666666,0.3333333333333333,0.0,0.04431607699756087,0.3333333333333333,0.3333333333333333
55,kmer123,-1,2,2,0.29167796697832044,1.0,0.0,0.0,0.0,1.0,0.0
56,kmer123,-1,2,3,-0.03381870047136993,0.3333333333333333,0.6666666666666666,0.0,0.09767338152743754,0.3333333333333333,0.6666666666666666
57,kmer123,-1,2,7,0.12623037486691754,0.5714285714285714,0.42857142857142855,0.0,0.13261227269139525,0.42857142857142855,0.2857142857142857
58,kmer123,-1,2,4,-0.019953119060655673,0.25,0.75,0.0,0.0553142098779187,0.25,0.25
59,kmer123,-1,2,4,0.15128318462661827,0.75,0.25,0.0,0.041240994037492026,0.5,0.25
0,kmer123,1,1,1,0.1917906274722955,1.0,0.0,0.0,0.0,1.0,0.0
1,kmer123,1,1,1,0.6163764418919547,1.0,0.0,0.0,0.0,1.0,0.0
2,kmer123,1,1,3,-0.031657295490288596,0.3333333333333333,0.6666666666666666,0.0,0.03416189516381726,0.0,0.0
3,kmer123,1,1,9,0.0377707413269505,0.5555555555555556,0.4444444444444444,0.0,0.053730166802657436,0.2222222222222222,0.2222222222222222
4,kmer123,1,1,8,0.13958156888977816,0.5,0.5,0.0,0.16620911702725993,0.5,0.5
5,kmer123,1,1,9,-0.07504242256385966,0.2222222222222222,0.7777777777777778,0.0,0.12370270380416724,0.1111111111111111,0.5555555555555556
6,kmer123,1,1,3,0.10973234350996469,0.3333333333333333,0.6666666666666666,0.0,0.018619317918865532,0.3333333333333333,0.0
7,kmer123,1,1,1,0.0305443350868409,1.0,0.0,0.0,0.0,0.0,0.0
8,kmer123,1,1,18,0.17366600298292667,0.7222222222222222,0.2777777777777778,0.0,0.05119714950765261,0.6111111111111112,0.2222222222222222
9,kmer123,1,1,8,0.18645934577144474,0.75,0.25,0.0,0.011624165301598937,0.625,0.0
10,kmer123,1,1,5,0.08880501580523473,0.8,0.2,0.0,0.03526950100680218,0.8,0.2
11,kmer123,1,1,12,0.1383004883612876,0.75,0.25,0.0,0.050997509541722906,0.5,0.08333333333333333
12,kmer123,1,1,7,0.03089867232122803,0.5714285714285714,0.42857142857142855,0.0,0.08571772945538647,0.42857142857142855,0.42857142857142855
13,kmer123,1,1,4,0.21467085973250197,0.75,0.25,0.0,0.12632670180486283,0.75,0.25
14,kmer123,1,1,6,0.15425732071229045,0.8333333333333334,0.16666666666666666,0.0,0.06284195547666017,0.6666666666666666,0.16666666666666666
15,kmer123,1,1,6,0.199340222803853,0.8333333333333334,0.16666666666666666,0.0,0.0198619560380783,0.6666666666666666,0.16666666666666666
16,kmer123,1,1,10,0.16811382876398168,0.8,0.2,0.0,0.00399497300883683,0.7,0.0
17,kmer123,1,1,6,0.06218714718604324,0.6666666666666666,0.3333333333333333,0.0,0.09408856072998438,0.6666666666666666,0.3333333333333333
18,kmer123,1,1,2,-0.030501089006098648,0.5,0.5,0.0,0.04453810784459475,0.0,0.0
19,kmer123,1,1,3,0.08088615761019823,0.6666666666666666,0.3333333333333333,0.0,0.0721047825931364,0.6666666666666666,0.3333333333333333
20,kmer123,1,1,7,0.178372819901897,0.8571428571428571,0.14285714285714285,0.0,0.08477393519314218,0.42857142857142855,0.14285714285714285
21,kmer123,1,1,26,0.17269859216501798,0.7307692307692307,0.2692307692307692,0.0,0.03518538099033011,0.6153846153846154,0.15384615384615385
22,kmer123,1,1,28,0.1787804027661891,0.7857142857142857,0.21428571428571427,0.0,0.0496546271863096,0.6428571428571429,0.21428571428571427
23,kmer123,1,1,27,0.14391798477098885,0.6296296296296297,0.37037037037037035,0.0,0.1005253372584469,0.5185185185185185,0.25925925925925924
24,kmer123,1,1,2,0.0,0.5,0.5,0.0,0.024284357528626,0.0,0.0
25,kmer123,1,1,9,0.03731525038187356,0.5555555555555556,0.4444444444444444,0.0,0.10244392660705219,0.3333333333333333,0.3333333333333333
26,kmer123,1,1,33,0.17444177784109804,0.696969696969697,0.30303030303030304,0.0,0.05127859616071393,0.6666666666666666,0.24242424242424243
27,kmer123,1,1,22,0.14204312551270362,0.6818181818181818,0.3181818181818182,0.0,0.07825448507554612,0.6363636363636364,0.2727272727272727
28,kmer123,1,1,7,0.10162535326549739,0.5714285714285714,0.42857142857142855,0.0,0.10183215848183304,0.5714285714285714,0.42857142857142855
29,kmer123,1,1,13,0.04869268993887051,0.6153846153846154,0.38461538461538464,0.0,0.17466852786328665,0.46153846153846156,0.38461538461538464
30,kmer123,1,1,24,0.08524628302707488,0.6666666666666666,0.3333333333333333,0.0,0.076648982627171,0.4166666666666667,0.2916666666666667
31,kmer123,1,1,14,0.14937103750554787,0.7142857142857143,0.2857142857142857,0.0,0.10265196159380885,0.6428571428571429,0.2857142857142857
32,kmer123,1,1,4,0.08415254556212037,0.75,0.25,0.0,0.06617864413360228,0.5,0.25
33,kmer123,1,1,3,0.1063206911956082,0.6666666666666666,0.3333333333333333,0.0,0.012681602975645702,0.3333333333333333,0.0
34,kmer123,1,1,3,0.18416366911373194,0.6666666666666666,0.3333333333333333,0.0,0.11089640552495493,0.6666666666666666,0.3333333333333333
35,kmer123,1,1,3,0.23524446141303315,1.0,0.0,0.0,0.0,0.6666666666666666,0.0
36,kmer123,1,1,8,0.05263352910047514,0.5,0.5,0.0,0.08345710431889895,0.5,0.375
37,kmer123,1,1,14,0.16546951368750637,0.6428571428571429,0.35714285714285715,0.0,0.12447050804986605,0.5714285714285714,0.2857142857142857
38,kmer123,1,1,3,0.36633038250463607,1.0,0.0,0.0,0.0,1.0,0.0
39,kmer123,1,1,7,0.09898487578861014,0.5714285714285714,0.42857142857142855,0.0,0.06928554639463028,0.5714285714285714,0.42857142857142855
40,kmer123,1,1,32,0.16333375920087378,0.71875,0.28125,0.0,0.03224904864954402,0.59375,0.125
41,kmer123,1,1,20,0.10796087286965275,0.6,0.4,0.0,0.14516988374855594,0.55,0.4
42,kmer123,1,1,9,0.03793358850844086,0.4444444444444444,0.5555555555555556,0.0,0.1287218868206727,0.4444444444444444,0.3333333333333333
43,kmer123,1,1,22,0.19645839077737579,0.6818181818181818,0.3181818181818182,0.0,0.04931221296016181,0.5909090909090909,0.18181818181818182
44,kmer123,1,1,25,0.0785566168351464,0.6,0.4,0.0,0.07068757658759094,0.52,0.32
45,kmer123,1,1,18,0.20574293919143216,0.6666666666666666,0.3333333333333333,0.0,0.12346232989853038,0.6666666666666666,0.2777777777777778
46,kmer123,1,1,5,0.14626158121386043,0.8,0.2,0.0,0.01778769233655842,0.4,0.0
47,kmer123,1,1,14,0.13450578414833747,0.6428571428571429,0.35714285714285715,0.0,0.07527645727770146,0.6428571428571429,0.35714285714285715
48,kmer123,1,1,2,0.09313780739069524,0.5,0.5,0.0,0.0032518680243551,0.5,0.0
49,kmer123,1,1,4,0.011654457202984421,0.5,0.5,0.0,0.0691186086130475,0.5,0.5
50,kmer123,1,1,1,-1.093140705292397,0.0,1.0,0.0,1.093140705292397,0.0,1.0
51,kmer123,1,1,4,0.18217968356170067,0.75,0.25,0.0,0.04411183437145547,0.75,0.25
52,kmer123,1,1,9,0.2740645906723809,0.7777777777777778,0.2222222222222222,0.0,0.05217328253623518,0.7777777777777778,0.2222222222222222
53,kmer123,1,1,22,0.1585242744579088,0.6363636363636364,0.36363636363636365,0.0,0.07691794616795002,0.5,0.2727272727272727
54,kmer123,1,1,6,0.1746787677678047,0.6666666666666666,0.3333333333333333,0.0,0.07544260119712208,0.6666666666666666,0.16666666666666666
55,kmer123,1,1,2,0.1801129568987462,1.0,0.0,0.0,0.0,0.5,0.0
56,kmer123,1,1,3,0.005324289837490744,0.6666666666666666,0.3333333333333333,0.0,0.08788254190345707,0.3333333333333333,0.3333333333333333
57,kmer123,1,1,7,0.1771582352267283,0.8571428571428571,0.14285714285714285,0.0,0.024240866873856442,0.8571428571428571,0.14285714285714285
58,kmer123,1,1,4,-0.008929885735979012,0.5,0.5,0.0,0.12874620727257335,0.5,0.25
59,kmer123,1,1,4,-0.05345793336291038,0.25,0.75,0.0,0.11137078680966712,0.25,0.5
0,kmer123,1,2,1,0.1134206794231555,1.0,0.0,0.0,0.0,1.0,0.0
1,kmer123,1,2,1,0.6205987433302447,1.0,0.0,0.0,0.0,1.0,0.0
2,kmer123,1,2,3,0.025025403340627833,0.6666666666666666,0.3333333333333333,0.0,0.04098010515400157,0.3333333333333333,0.3333333333333333
3,kmer123,1,2,9,0.06852460758914741,0.5555555555555556,0.4444444444444444,0.0,0.0389162287482093,0.3333333333333333,0.2222222222222222
4,kmer123,1,2,8,0.0682580031061899,0.625,0.375,0.0,0.1549780161163938,0.5,0.375
5,kmer123,1,2,9,0.005588809293008984,0.5555555555555556,0.4444444444444444,0.0,0.11040898226562386,0.4444444444444444,0.4444444444444444
6,kmer123,1,2,3,0.07518311328100263,0.6666666666666666,0.3333333333333333,0.0,0.04394444323993163,0.3333333333333333,0.3333333333333333
7,kmer123,1,2,1,-0.053383876313859,0.0,1.0,0.0,0.053383876313859,0.0,0.0
8,kmer123,1,2,18,0.178228457476535,0.6111111111111112,0.3888888888888889,0.0,0.06540545712814033,0.6111111111111112,0.3333333333333333
9,kmer123,1,2,8,0.2008748991599092,0.875,0.125,0.0,0.001305646759820475,0.625,0.0
10,kmer123,1,2,5,0.18236423656587739,0.8,0.2,0.0,0.010762782229677,0.4,0.0
11,kmer123,1,2,12,0.1533401789796335,0.75,0.25,0.0,0.038086618357591334,0.5,0.16666666666666666
12,kmer123,1,2,7,-0.012717568264058596,0.42857142857142855,0.5714285714285714,0.0,0.068114036444869,0.14285714285714285,0.2857142857142857
13,kmer123,1,2,4,0.17286611552243558,0.75,0.25,0.0,0.14983395492216367,0.75,0.25
14,kmer123,1,2,6,0.21409920432673268,0.8333333333333334,0.16666666666666666,0.0,0.03877114338439348,0.6666666666666666,0.16666666666666666
15,kmer123,1,2,6,0.24995179922983957,0.8333333333333334,0.16666666666666666,0.0,0.010314141316970133,0.5,0.0
16,kmer123,1,2,10,0.11074977707261713,0.7,0.3,0.0,0.014687024493962388,0.3,0.0
17,kmer123,1,2,6,0.11442365341966036,0.8333333333333334,0.16666666666666666,0.0,0.021850865096789466,0.5,0.16666666666666666
18,kmer123,1,2,2,0.18249110748609973,1.0,0.0,0.0,0.0,0.5,0.0
19,kmer123,1,2,3,0.1261038493194976,0.6666666666666666,0.3333333333333333,0.0,0.13976229797210313,0.6666666666666666,0.3333333333333333
20,kmer123,1,2,7,0.12488351066883366,0.7142857142857143,0.2857142857142857,0.0,0.10551019960296538,0.42857142857142855,0.14285714285714285
21,kmer123,1,2,26,0.15410416677594524,0.7307692307692307,0.2692307692307692,0.0,0.0565187106348114,0.6153846153846154,0.15384615384615385
22,kmer123,1,2,28,0.22875415795539508,0.7142857142857143,0.2857142857142857,0.0,0.10429831540252592,0.5357142857142857,0.14285714285714285
23,kmer123,1,2,27,0.15084333845913223,0.6666666666666666,0.3333333333333333,0.0,0.09189500223940972,0.6296296296296297,0.2962962962962963
24,kmer123,1,2,2,0.0,0.5,0.5,0.0,0.1921336395165589,0.5,0.5
25,kmer123,1,2,9,0.008448438714830163,0.4444444444444444,0.5555555555555556,0.0,0.07184306022079193,0.3333333333333333,0.2222222222222222
26,kmer123,1,2,33,0.21916667965501846,0.7575757575757576,0.24242424242424243,0.0,0.06255185955529534,0.6363636363636364,0.21212121212121213
27,kmer123,1,2,22,0.19075733184404858,0.7272727272727273,0.2727272727272727,0.0,0.07872392332164066,0.5909090909090909,0.22727272727272727
28,kmer123,1,2,7,0.07515235906578889,0.5714285714285714,0.42857142857142855,0.0,0.09237850855711698,0.42857142857142855,0.2857142857142857
29,kmer123,1,2,13,0.05956122343200218,0.6153846153846154,0.38461538461538464,0.0,0.06918659887874151,0.38461538461538464,0.23076923076923078
30,kmer123,1,2,24,0.1716256423128576,0.75,0.25,0.0,0.040505260217985166,0.5833333333333334,0.16666666666666666
31,kmer123,1,2,14,0.1228265627078039,0.5714285714285714,0.42857142857142855,0.0,0.118379321534653,0.5714285714285714,0.2857142857142857
32,kmer123,1,2,4,0.03602123857948138,0.5,0.5,0.0,0.0720292425535467,0.5,0.25
33,kmer123,1,2,3,0.07875807529212746,0.6666666666666666,0.3333333333333333,0.0,0.05699409475363973,0.6666666666666666,0.3333333333333333
34,kmer123,1,2,3,0.09360004989446159,0.6666666666666666,0.3333333333333333,0.0,0.09366526690088146,0.6666666666666666,0.3333333333333333
35,kmer123,1,2,3,0.15134039852177197,1.0,0.0,0.0,0.0,0.3333333333333333,0.0
36,kmer123,1,2,8,0.04473340575731056,0.5,0.5,0.0,0.054597425130981286,0.25,0.125
37,kmer123,1,2,14,0.17789586481306557,0.6428571428571429,0.35714285714285715,0.0,0.1718924308057981,0.5714285714285714,0.2857142857142857
38,kmer123,1,2,3,0.28192463307931104,1.0,0.0,0.0,0.0,1.0,0.0
39,kmer123,1,2,7,0.1005389437278146,0.5714285714285714,0.42857142857142855,0.0,0.10005409929519105,0.5714285714285714,0.2857142857142857
40,kmer123,1,2,32,0.2134925904277452,0.71875,0.28125,0.0,0.04280691957726372,0.6875,0.1875
41,kmer123,1,2,20,0.15003045973412138,0.65,0.35,0.0,0.13820860242714267,0.6,0.3
42,kmer123,1,2,9,0.11489858016816631,0.5555555555555556,0.4444444444444444,0.0,0.01653114038908831,0.4444444444444444,0.0
43,kmer123,1,2,22,0.16964032562177186,0.7272727272727273,0.2727272727272727,0.0,0.07090019221166069,0.6363636363636364,0.2727272727272727
44,kmer123,1,2,25,0.1551813155788124,0.6,0.4,0.0,0.06435694021245605,0.52,0.36
45,kmer123,1,2,18,0.2755102677618491,0.6666666666666666,0.3333333333333333,0.0,0.10639618745444825,0.6666666666666666,0.3333333333333333
46,kmer123,1,2,5,0.053853041139347003,0.6,0.4,0.0,0.055065955347325966,0.4,0.2
47,kmer123,1,2,14,0.13655500147393035,0.5714285714285714,0.42857142857142855,0.0,0.07105256720497201,0.5,0.21428571428571427
48,kmer123,1,2,2,-0.04580595135546342,0.5,0.5,0.0,0.21073376224100926,0.5,0.5
49,kmer123,1,2,4,-0.34576839881823807,0.25,0.75,0.0,0.3926341262964952,0.25,0.75
50,kmer123,1,2,1,-0.987669161871734,0.0,1.0,0.0,0.987669161871734,0.0,1.0
51,kmer123,1,2,4,0.1244173136002815,0.75,0.25,0.0,0.006044630886485875,0.25,0.0
52,kmer123,1,2,9,0.271726189761637,0.6666666666666666,0.3333333333333333,0.0,0.043643450474315636,0.6666666666666666,0.2222222222222222
53,kmer123,1,2,22,0.1789710835913851,0.7272727272727273,0.2727272727272727,0.0,0.03319852267842652,0.45454545454545453,0.18181818181818182
54,kmer123,1,2,6,0.18698358120378758,0.5,0.5,0.0,0.0643007702691651,0.5,0.5
55,kmer123,1,2,2,0.2323808412854298,1.0,0.0,0.0,0.0,1.0,0.0
56,kmer123,1,2,3,0.19966781610516485,1.0,0.0,0.0,0.0,1.0,0.0
57,kmer123,1,2,7,0.07546333691801187,0.5714285714285714,0.42857142857142855,0.0,0.05172201826377078,0.2857142857142857,0.14285714285714285
58,kmer123,1,2,4,0.054952140645883454,0.5,0.5,0.0,0.060293930133839026,0.5,0.25
59,kmer123,1,2,4,0.07179742058033732,0.75,0.25,0.0,0.11663615690084272,0.5,0.25
0,position_additive,-1,1,1,0.1379834430013692,1.0,0.0,0.0,0.0,1.0,0.0
1,position_additive,-1,1,1,-0.120542299625697,0.0,1.0,0.0,0.120542299625697,0.0,1.0
2,position_additive,-1,1,3,-0.03416189516381727,0.3333333333333333,0.6666666666666666,0.0,0.06581919065410587,0.0,0.3333333333333333
3,position_additive,-1,1,9,0.06129570629007887,0.6666666666666666,0.3333333333333333,0.0,0.03223040752668121,0.2222222222222222,0.1111111111111111
4,position_additive,-1,1,8,0.05904996716440759,0.5,0.5,0.0,0.14109296169150487,0.5,0.375
5,position_additive,-1,1,9,-0.008342195083960236,0.5555555555555556,0.4444444444444444,0.0,0.06876860179217953,0.3333333333333333,0.3333333333333333
6,position_additive,-1,1,3,0.013641006092008467,0.6666666666666666,0.3333333333333333,0.0,0.0024891559134285336,0.0,0.0
7,position_additive,-1,1,1,-0.0955761991771276,0.0,1.0,0.0,0.0955761991771276,0.0,0.0
8,position_additive,-1,1,18,0.10441002421235462,0.7222222222222222,0.2777777777777778,0.0,0.0995351559672994,0.6666666666666666,0.2222222222222222
9,position_additive,-1,1,8,-0.02923634793867658,0.5,0.5,0.0,0.12547349153087772,0.375,0.375
10,position_additive,-1,1,5,0.2392900261341217,0.8,0.2,0.0,0.04503477526330566,0.8,0.2
11,position_additive,-1,1,12,0.12964431063771523,0.75,0.25,0.0,0.019404588687181857,0.5833333333333334,0.08333333333333333
12,position_additive,-1,1,7,0.0038760492667045004,0.42857142857142855,0.5714285714285714,0.0,0.07175065625021479,0.2857142857142857,0.42857142857142855
13,position_additive,-1,1,4,-0.03640851427069075,0.5,0.5,0.0,0.2786212254381999,0.5,0.5
14,position_additive,-1,1,6,0.3074493659713354,0.8333333333333334,0.16666666666666666,0.0,0.017057144573739965,0.8333333333333334,0.16666666666666666
15,position_additive,-1,1,6,-0.03911990771983238,0.5,0.5,0.0,0.18010323864098063,0.3333333333333333,0.3333333333333333
16,position_additive,-1,1,10,-0.039869097474879024,0.4,0.6,0.0,0.10564064220146159,0.2,0.4
17,position_additive,-1,1,6,0.1497362100191604,0.8333333333333334,0.16666666666666666,0.0,0.06259058549662289,0.6666666666666666,0.16666666666666666
18,position_additive,-1,1,2,0.0,0.5,0.5,0.0,0.0140370188384961,0.0,0.0
19,position_additive,-1,1,3,-0.039712490922960066,0.3333333333333333,0.6666666666666666,0.0,0.07210478259313637,0.0,0.3333333333333333
20,position_additive,-1,1,7,0.05421101562978696,0.42857142857142855,0.5714285714285714,0.0,0.039292081479788875,0.14285714285714285,0.14285714285714285
21,position_additive,-1,1,26,0.06393851141791537,0.6538461538461539,0.34615384615384615,0.0,0.06299942772393011,0.46153846153846156,0.19230769230769232
22,position_additive,-1,1,28,0.08323463632684565,0.6428571428571429,0.35714285714285715,0.0,0.08351202604198722,0.5,0.25
23,position_additive,-1,1,27,0.028941372951689477,0.5185185185185185,0.48148148148148145,0.0,0.14026599145819021,0.48148148148148145,0.3333333333333333
24,position_additive,-1,1,2,0.047900587646672904,0.5,0.5,0.0,0.024284357528626,0.5,0.0
25,position_additive,-1,1,9,0.040808046985307274,0.6666666666666666,0.3333333333333333,0.0,0.022718999452482586,0.2222222222222222,0.1111111111111111
26,position_additive,-1,1,33,0.11322646871183767,0.6666666666666666,0.3333333333333333,0.0,0.04574458008480984,0.45454545454545453,0.18181818181818182
27,position_additive,-1,1,22,0.13733972920396492,0.6363636363636364,0.36363636363636365,0.0,0.0711724141218725,0.5454545454545454,0.2727272727272727
28,position_additive,-1,1,7,0.0660635524902354,0.5714285714285714,0.42857142857142855,0.0,0.17438532727939812,0.5714285714285714,0.42857142857142855
29,position_additive,-1,1,13,0.14748055164150536,0.6923076923076923,0.3076923076923077,0.0,0.06498329642043409,0.6923076923076923,0.3076923076923077
30,position_additive,-1,1,24,0.0122724538051698,0.5416666666666666,0.4583333333333333,0.0,0.12640920063290945,0.4166666666666667,0.4166666666666667
31,position_additive,-1,1,14,-0.033492217623176994,0.5,0.5,0.0,0.1807346635918318,0.5,0.5
32,position_additive,-1,1,4,0.08415254556212037,0.75,0.25,0.0,0.0263397850010385,0.5,0.25
33,position_additive,-1,1,3,0.1063206911956082,0.6666666666666666,0.3333333333333333,0.0,0.09363908821996249,0.6666666666666666,0.3333333333333333
34,position_additive,-1,1,3,0.073267263588777,0.6666666666666666,0.3333333333333333,0.0,0.18416366911373194,0.6666666666666666,0.3333333333333333
35,position_additive,-1,1,3,0.09610229663884103,0.6666666666666666,0.3333333333333333,0.0,0.08502152741721797,0.6666666666666666,0.3333333333333333
36,position_additive,-1,1,8,0.029103129067546973,0.5,0.5,0.0,0.0666599784329802,0.375,0.125
37,position_additive,-1,1,14,0.09014043951875907,0.5714285714285714,0.42857142857142855,0.0,0.2291614902298223,0.5714285714285714,0.42857142857142855
38,position_additive,-1,1,3,-0.23219307237733547,0.3333333333333333,0.6666666666666666,0.0,0.23429162190119612,0.0,0.6666666666666666
39,position_additive,-1,1,7,0.02022623508610899,0.5714285714285714,0.42857142857142855,0.0,0.0997849243823948,0.5714285714285714,0.42857142857142855
40,position_additive,-1,1,32,0.17837531280580282,0.75,0.25,0.0,0.050656315361954134,0.6875,0.1875
41,position_additive,-1,1,20,0.07975496388074106,0.6,0.4,0.0,0.17344576400579773,0.5,0.35
42,position_additive,-1,1,9,0.014585709695965695,0.5555555555555556,0.4444444444444444,0.0,0.17404587956228193,0.3333333333333333,0.3333333333333333
43,position_additive,-1,1,22,0.2113085469022411,0.7272727272727273,0.2727272727272727,0.0,0.042314389316683715,0.6363636363636364,0.13636363636363635
44,position_additive,-1,1,25,0.08766225368834014,0.72,0.28,0.0,0.06894319990916561,0.52,0.24
45,position_additive,-1,1,18,0.25258064256382634,0.6111111111111112,0.3888888888888889,0.0,0.11096876647278658,0.6111111111111112,0.3333333333333333
46,position_additive,-1,1,5,0.12116850252359332,0.6,0.4,0.0,0.05013236966460858,0.6,0.2
47,position_additive,-1,1,14,0.18438743081097891,0.7857142857142857,0.21428571428571427,0.0,0.03684675278871235,0.6428571428571429,0.14285714285714285
48,position_additive,-1,1,2,0.0,0.5,0.5,0.0,0.09638967541505035,0.5,0.5
49,position_additive,-1,1,4,0.03781888213307428,0.75,0.25,0.0,0.05390574741105957,0.5,0.25
50,position_additive,-1,1,1,0.9368381975169608,1.0,0.0,0.0,0.0,1.0,0.0
51,position_additive,-1,1,4,-0.22629151793315616,0.25,0.75,0.0,0.27040335230461165,0.25,0.75
52,position_additive,-1,1,9,0.10268701513516891,0.6666666666666666,0.3333333333333333,0.0,0.027594386997229877,0.4444444444444444,0.1111111111111111
53,position_additive,-1,1,22,0.09947232347729865,0.6363636363636364,0.36363636363636365,0.0,0.09343591397978877,0.5,0.2727272727272727
54,position_additive,-1,1,6,-0.09234332737869384,0.3333333333333333,0.6666666666666666,0.0,0.18567791319336427,0.3333333333333333,0.5
55,position_additive,-1,1,2,0.26392043653609754,1.0,0.0,0.0,0.0,1.0,0.0
56,position_additive,-1,1,3,0.03210122634129973,0.6666666666666666,0.3333333333333333,0.0,0.07553750514110287,0.3333333333333333,0.3333333333333333
57,position_additive,-1,1,7,0.09621426275712734,0.5714285714285714,0.42857142857142855,0.0,0.12459228075736635,0.5714285714285714,0.42857142857142855
58,position_additive,-1,1,4,0.08353351176782149,0.75,0.25,0.0,0.1098367958122064,0.75,0.25
59,position_additive,-1,1,4,0.059262048333215085,0.5,0.5,0.0,0.09827959171747877,0.5,0.5
0,position_additive,-1,2,1,-0.0298426731312008,0.0,1.0,0.0,0.0298426731312008,0.0,0.0
1,position_additive,-1,2,1,-0.1663402491748175,0.0,1.0,0.0,0.1663402491748175,0.0,1.0
2,position_additive,-1,2,3,-0.015954701813373735,0.3333333333333333,0.6666666666666666,0.0,0.04098010515400157,0.0,0.0
3,position_additive,-1,2,9,0.07404432515595955,0.5555555555555556,0.4444444444444444,0.0,0.03566799372834949,0.3333333333333333,0.1111111111111111
4,position_additive,-1,2,8,-0.0182082437353268,0.5,0.5,0.0,0.13451909426475184,0.375,0.375
5,position_additive,-1,2,9,-0.05063618371651103,0.4444444444444444,0.5555555555555556,0.0,0.12272605706135147,0.2222222222222222,0.3333333333333333
6,position_additive,-1,2,3,0.05316525303162697,0.6666666666666666,0.3333333333333333,0.0,0.009220809791695333,0.3333333333333333,0.0
7,position_additive,-1,2,1,-0.2026785515838013,0.0,1.0,0.0,0.2026785515838013,0.0,1.0
8,position_additive,-1,2,18,0.058022955420501746,0.6111111111111112,0.3888888888888889,0.0,0.10674373911609347,0.5555555555555556,0.2777777777777778
9,position_additive,-1,2,8,-0.026484673753218276,0.5,0.5,0.0,0.11685637708649588,0.375,0.375
10,position_additive,-1,2,5,0.30719759161717486,0.8,0.2,0.0,0.1098872539843864,0.8,0.2
11,position_additive,-1,2,12,0.12390763428817751,0.75,0.25,0.0,0.03824385377403816,0.3333333333333333,0.16666666666666666
12,position_additive,-1,2,7,-0.01839500093367694,0.42857142857142855,0.5714285714285714,0.0,0.04153286787973541,0.0,0.14285714285714285
13,position_additive,-1,2,4,-0.108615944273581,0.5,0.5,0.0,0.2568760180076728,0.5,0.5
14,position_additive,-1,2,6,0.16276293197698727,0.8333333333333334,0.16666666666666666,0.0,0.015065506635518616,0.5,0.0
15,position_additive,-1,2,6,-0.01496442027392414,0.6666666666666666,0.3333333333333333,0.0,0.1854378082408529,0.3333333333333333,0.3333333333333333
16,position_additive,-1,2,10,-0.03611019855031064,0.4,0.6,0.0,0.11980573364946034,0.2,0.3
17,position_additive,-1,2,6,0.20164403787627153,0.6666666666666666,0.3333333333333333,0.0,0.011594178525255266,0.3333333333333333,0.0
18,position_additive,-1,2,2,0.0,0.5,0.5,0.0,0.17870946044786604,0.5,0.5
19,position_additive,-1,2,3,-0.0185402559096127,0.3333333333333333,0.6666666666666666,0.0,0.13976229797210313,0.3333333333333333,0.3333333333333333
20,position_additive,-1,2,7,0.13287345853090518,0.5714285714285714,0.42857142857142855,0.0,0.016707274332395015,0.42857142857142855,0.0
21,position_additive,-1,2,26,0.02701370592578111,0.5384615384615384,0.46153846153846156,0.0,0.09013419022813415,0.46153846153846156,0.38461538461538464
22,position_additive,-1,2,28,0.04747117432937436,0.6071428571428571,0.39285714285714285,0.0,0.14806219336138837,0.4642857142857143,0.2857142857142857
23,position_additive,-1,2,27,-0.05203034929687998,0.4074074074074074,0.5925925925925926,0.0,0.14309781287352477,0.3333333333333333,0.48148148148148145
24,position_additive,-1,2,2,-0.0063620002371988504,0.5,0.5,0.0,0.1921336395165589,0.5,0.5
25,position_additive,-1,2,9,0.05098555798830616,0.6666666666666666,0.3333333333333333,0.0,0.045101130862238895,0.3333333333333333,0.2222222222222222
26,position_additive,-1,2,33,0.11433130327623038,0.6666666666666666,0.3333333333333333,0.0,0.061350217362228274,0.5454545454545454,0.18181818181818182
27,position_additive,-1,2,22,0.13937873466827408,0.5909090909090909,0.4090909090909091,0.0,0.08740050753874357,0.45454545454545453,0.2727272727272727
28,position_additive,-1,2,7,0.018403635637469058,0.5714285714285714,0.42857142857142855,0.0,0.1675308676229059,0.42857142857142855,0.42857142857142855
29,position_additive,-1,2,13,0.07150632514252411,0.6923076923076923,0.3076923076923077,0.0,0.07159233593613315,0.46153846153846156,0.23076923076923078
30,position_additive,-1,2,24,0.08080203305520435,0.7083333333333334,0.2916666666666667,0.0,0.07586803222308951,0.5416666666666666,0.20833333333333334
31,position_additive,-1,2,14,-0.03372518607703285,0.42857142857142855,0.5714285714285714,0.0,0.1845614295595109,0.42857142857142855,0.42857142857142855
32,position_additive,-1,2,4,0.03602123857948138,0.5,0.5,0.0,0.0138891057175341,0.25,0.0
33,position_additive,-1,2,3,0.07875807529212746,0.6666666666666666,0.3333333333333333,0.0,0.021763980538487732,0.3333333333333333,0.0
34,position_additive,-1,2,3,-6.521700641983393e-05,0.3333333333333333,0.6666666666666666,0.0,0.09366526690088144,0.3333333333333333,0.3333333333333333
35,position_additive,-1,2,3,0.009807518472117133,0.6666666666666666,0.3333333333333333,0.0,0.004536297575998633,0.0,0.0
36,position_additive,-1,2,8,0.06054568777335166,0.625,0.375,0.0,0.03794616850271802,0.25,0.125
37,position_additive,-1,2,14,0.03872435892040942,0.5714285714285714,0.42857142857142855,0.0,0.29896085028630004,0.5,0.42857142857142855
38,position_additive,-1,2,3,-0.15535047592003254,0.0,1.0,0.0,0.15535047592003254,0.0,0.6666666666666666
39,position_additive,-1,2,7,0.0773485041429647,0.5714285714285714,0.42857142857142855,0.0,0.03308098110056483,0.2857142857142857,0.14285714285714285
40,position_additive,-1,2,32,0.15680225499313713,0.78125,0.21875,0.0,0.08856114209797204,0.6875,0.1875
41,position_additive,-1,2,20,0.11139748683990998,0.6,0.4,0.0,0.12634539957746735,0.5,0.25
42,position_additive,-1,2,9,0.05627444790791379,0.4444444444444444,0.5555555555555556,0.0,0.12125691351031698,0.3333333333333333,0.3333333333333333
43,position_additive,-1,2,22,0.17546848717276856,0.7272727272727273,0.2727272727272727,0.0,0.0650661015655818,0.6363636363636364,0.22727272727272727
44,position_additive,-1,2,25,0.1317805584235941,0.72,0.28,0.0,0.06158167929195918,0.56,0.2
45,position_additive,-1,2,18,0.1532009026064963,0.6111111111111112,0.3888888888888889,0.0,0.14562627005948503,0.6111111111111112,0.3888888888888889
46,position_additive,-1,2,5,0.01322299137780652,0.6,0.4,0.0,0.06958915679918257,0.2,0.2
47,position_additive,-1,2,14,0.1051292360459926,0.5,0.5,0.0,0.10540943656684447,0.35714285714285715,0.42857142857142855
48,position_additive,-1,2,2,0.0,0.5,0.5,0.0,0.21073376224100926,0.5,0.5
49,position_additive,-1,2,4,-0.05585238402433651,0.25,0.75,0.0,0.30002291237978485,0.25,0.5
50,position_additive,-1,2,1,0.9536214591151476,1.0,0.0,0.0,0.0,1.0,0.0
51,position_additive,-1,2,4,-0.13046194448676737,0.25,0.75,0.0,0.13650657537325325,0.0,0.25
52,position_additive,-1,2,9,0.1418567631049363,0.6666666666666666,0.3333333333333333,0.0,0.048196517970366254,0.5555555555555556,0.2222222222222222
53,position_additive,-1,2,22,0.02016327410925882,0.5454545454545454,0.45454545454545453,0.0,0.11621106988970822,0.4090909090909091,0.3181818181818182
54,position_additive,-1,2,6,0.060055337992424414,0.6666666666666666,0.3333333333333333,0.0,0.04431607699756087,0.5,0.3333333333333333
55,position_additive,-1,2,2,0.29167796697832044,1.0,0.0,0.0,0.0,1.0,0.0
56,position_additive,-1,2,3,-0.04346142162069813,0.3333333333333333,0.6666666666666666,0.0,0.10731610267676572,0.3333333333333333,0.6666666666666666
57,position_additive,-1,2,7,0.21981326007486043,0.7142857142857143,0.2857142857142857,0.0,0.06232426986907822,0.7142857142857143,0.14285714285714285
58,position_additive,-1,2,4,0.06399740017777987,0.5,0.5,0.0,0.019953119060655673,0.5,0.0
59,position_additive,-1,2,4,0.07588802176326757,0.75,0.25,0.0,0.11663615690084272,0.5,0.25
0,position_additive,1,1,1,0.1917906274722955,1.0,0.0,0.0,0.0,1.0,0.0
1,position_additive,1,1,1,0.6163764418919547,1.0,0.0,0.0,0.0,1.0,0.0
2,position_additive,1,1,3,-0.03416189516381727,0.3333333333333333,0.6666666666666666,0.0,0.036666494837345937,0.0,0.3333333333333333
3,position_additive,1,1,9,0.09154612385166336,0.5555555555555556,0.4444444444444444,0.0,0.05290044641621841,0.3333333333333333,0.2222222222222222
4,position_additive,1,1,8,0.23600527061746315,0.625,0.375,0.0,0.09987045705361929,0.625,0.375
5,position_additive,1,1,9,-0.0660158990397236,0.3333333333333333,0.6666666666666666,0.0,0.13454694645027956,0.2222222222222222,0.4444444444444444
6,position_additive,1,1,3,0.1258625055154017,0.6666666666666666,0.3333333333333333,0.0,0.016130162005436998,0.3333333333333333,0.0
7,position_additive,1,1,1,0.0305443350868409,1.0,0.0,0.0,0.0,0.0,0.0
8,position_additive,1,1,18,0.1409814827579322,0.7222222222222222,0.2777777777777778,0.0,0.05187166741377364,0.6666666666666666,0.16666666666666666
9,position_additive,1,1,8,0.03639919785069656,0.625,0.375,0.0,0.12209181916457301,0.5,0.25
10,position_additive,1,1,5,0.13912152885183987,0.8,0.2,0.0,0.0202224889669992,0.8,0.2
11,position_additive,1,1,12,0.1254318092085012,0.75,0.25,0.0,0.07476345133497685,0.5,0.16666666666666666
12,position_additive,1,1,7,0.0019028582952090392,0.42857142857142855,0.5714285714285714,0.0,0.11034638316926604,0.42857142857142855,0.5714285714285714
13,position_additive,1,1,4,-0.03640851427069075,0.5,0.5,0.0,0.19027706751056073,0.5,0.5
14,position_additive,1,1,6,0.15425732071229045,0.8333333333333334,0.16666666666666666,0.0,0.06284195547666017,0.6666666666666666,0.16666666666666666
15,position_additive,1,1,6,0.029401541742138253,0.5,0.5,0.0,0.10774829772700922,0.5,0.3333333333333333
16,position_additive,1,1,10,-0.01363369862202784,0.4,0.6,0.0,0.1319383435165367,0.4,0.5
17,position_additive,1,1,6,0.06218714718604324,0.6666666666666666,0.3333333333333333,0.0,0.09408856072998438,0.6666666666666666,0.3333333333333333
18,position_additive,1,1,2,0.004497502980104449,0.5,0.5,0.0,0.04453810784459475,0.0,0.0
19,position_additive,1,1,3,-0.039712490922960066,0.3333333333333333,0.6666666666666666,0.0,0.11181727351609645,0.3333333333333333,0.6666666666666666
20,position_additive,1,1,7,0.06698857481269246,0.42857142857142855,0.5714285714285714,0.0,0.0899177704308346,0.2857142857142857,0.14285714285714285
21,position_additive,1,1,26,0.06172052764861792,0.6923076923076923,0.3076923076923077,0.0,0.0838937396954048,0.5384615384615384,0.23076923076923078
22,position_additive,1,1,28,0.08179567929977047,0.6071428571428571,0.39285714285714285,0.0,0.07554741130337281,0.5,0.35714285714285715
23,position_additive,1,1,27,-0.005534803992602953,0.48148148148148145,0.5185185185185185,0.0,0.14173807205847244,0.37037037037037035,0.37037037037037035
24,position_additive,1,1,2,-0.39079749333904346,0.0,1.0,0.0,0.39079749333904346,0.0,0.5
25,position_additive,1,1,9,0.08097628193739638,0.6666666666666666,0.3333333333333333,0.0,0.06552560607792893,0.3333333333333333,0.1111111111111111
26,position_additive,1,1,33,0.11017558691327833,0.6666666666666666,0.3333333333333333,0.0,0.049703162732960694,0.5757575757575758,0.21212121212121213
27,position_additive,1,1,22,-0.018385037323890227,0.5,0.5,0.0,0.16601158540716374,0.45454545454545453,0.45454545454545453
28,position_additive,1,1,7,-0.042628103994163676,0.42857142857142855,0.5714285714285714,0.0,0.1282291757228212,0.42857142857142855,0.42857142857142855
29,position_additive,1,1,13,0.17080896936117787,0.6923076923076923,0.3076923076923077,0.0,0.11146628405648068,0.6153846153846154,0.23076923076923078
30,position_additive,1,1,24,0.004264861500729675,0.5,0.5,0.0,0.11433786443797088,0.2916666666666667,0.4166666666666667
31,position_additive,1,1,14,-0.0604704902847037,0.42857142857142855,0.5714285714285714,0.0,0.1980814503012291,0.35714285714285715,0.5
32,position_additive,1,1,4,0.08415254556212037,0.75,0.25,0.0,0.06617864413360228,0.5,0.25
33,position_additive,1,1,3,0.1063206911956082,0.6666666666666666,0.3333333333333333,0.0,0.012681602975645702,0.3333333333333333,0.0
34,position_additive,1,1,3,0.073267263588777,0.6666666666666666,0.3333333333333333,0.0,0.11089640552495493,0.6666666666666666,0.3333333333333333
35,position_additive,1,1,3,0.23524446141303315,1.0,0.0,0.0,0.0,0.6666666666666666,0.0
36,position_additive,1,1,8,-0.0011089391079235067,0.375,0.625,0.0,0.11863575409995672,0.375,0.375
37,position_additive,1,1,14,0.07423402148207332,0.6428571428571429,0.35714285714285715,0.0,0.1341864139045413,0.5,0.2857142857142857
38,position_additive,1,1,3,0.002098549523860633,0.6666666666666666,0.3333333333333333,0.0,0.13203876060344,0.3333333333333333,0.3333333333333333
39,position_additive,1,1,7,0.040008468108607635,0.5714285714285714,0.42857142857142855,0.0,0.12826195407463278,0.5714285714285714,0.42857142857142855
40,position_additive,1,1,32,0.13590568903789418,0.71875,0.28125,0.0,0.06654616239194948,0.59375,0.21875
41,position_additive,1,1,20,-0.06387366248634833,0.45,0.55,0.0,0.20170077418419022,0.3,0.55
42,position_additive,1,1,9,-0.003818437992644789,0.4444444444444444,0.5555555555555556,0.0,0.17712955630507385,0.4444444444444444,0.4444444444444444
43,position_additive,1,1,22,0.1835856362770016,0.6818181818181818,0.3181818181818182,0.0,0.08151751314460906,0.6363636363636364,0.2727272727272727
44,position_additive,1,1,25,0.15370630364371976,0.72,0.28,0.0,0.04539769415631942,0.64,0.24
45,position_additive,1,1,18,0.10062204195395215,0.6111111111111112,0.3888888888888889,0.0,0.1822433252035072,0.6111111111111112,0.3888888888888889
46,position_additive,1,1,5,0.06435922193056243,0.6,0.4,0.0,0.081902359283298,0.4,0.2
47,position_additive,1,1,14,0.05337061186296042,0.5,0.5,0.0,0.13466503934711863,0.42857142857142855,0.5
48,position_additive,1,1,2,-0.17248832643215184,0.0,1.0,0.0,0.17248832643215184,0.0,0.5
49,position_additive,1,1,4,0.10155884090654155,0.75,0.25,0.0,0.04225129020807515,0.75,0.25
50,position_additive,1,1,1,-1.093140705292397,0.0,1.0,0.0,1.093140705292397,0.0,1.0
51,position_additive,1,1,4,-0.03364219006746527,0.5,0.5,0.0,0.1552218352091641,0.5,0.5
52,position_additive,1,1,9,0.2786645006908398,0.7777777777777778,0.2222222222222222,0.0,0.04757337251777627,0.7777777777777778,0.2222222222222222
53,position_additive,1,1,22,0.1077171789994297,0.6363636363636364,0.36363636363636365,0.0,0.12467229762384614,0.5454545454545454,0.3181818181818182
54,position_additive,1,1,6,0.11783094341985627,0.5,0.5,0.0,0.10639402266978178,0.5,0.3333333333333333
55,position_additive,1,1,2,0.1801129568987462,1.0,0.0,0.0,0.0,0.5,0.0
56,position_additive,1,1,3,0.023511275813695165,0.6666666666666666,0.3333333333333333,0.0,0.08788254190345707,0.3333333333333333,0.3333333333333333
57,position_additive,1,1,7,0.0677487011543741,0.5714285714285714,0.42857142857142855,0.0,0.049800212152942454,0.2857142857142857,0.2857142857142857
58,position_additive,1,1,4,0.009979525724387941,0.5,0.5,0.0,0.12874620727257335,0.5,0.25
59,position_additive,1,1,4,-0.039159934922448056,0.25,0.75,0.0,0.11137078680966712,0.25,0.5
0,position_additive,1,2,1,0.1134206794231555,1.0,0.0,0.0,0.0,1.0,0.0
1,position_additive,1,2,1,0.6205987433302447,1.0,0.0,0.0,0.0,1.0,0.0
2,position_additive,1,2,3,-0.015954701813373735,0.3333333333333333,0.6666666666666666,0.0,0.0569348069673753,0.3333333333333333,0.3333333333333333
3,position_additive,1,2,9,0.10789130415473458,0.5555555555555556,0.4444444444444444,0.0,0.0389162287482093,0.4444444444444444,0.2222222222222222
4,position_additive,1,2,8,0.13713249633518299,0.625,0.375,0.0,0.1549780161163938,0.625,0.375
5,position_additive,1,2,9,-0.08229222585553309,0.4444444444444444,0.5555555555555556,0.0,0.14351633498212196,0.2222222222222222,0.3333333333333333
6,position_additive,1,2,3,0.11912755652093426,0.6666666666666666,0.3333333333333333,0.0,0.04394444323993163,0.6666666666666666,0.3333333333333333
7,position_additive,1,2,1,-0.053383876313859,0.0,1.0,0.0,0.053383876313859,0.0,0.0
8,position_additive,1,2,18,0.12849262780412,0.6111111111111112,0.3888888888888889,0.0,0.06620431480514503,0.5,0.2222222222222222
9,position_additive,1,2,8,0.06749329091239975,0.625,0.375,0.0,0.10124845746565181,0.5,0.25
10,position_additive,1,2,5,0.15367878981973143,0.6,0.4,0.0,0.01792266451646894,0.4,0.0
11,position_additive,1,2,12,0.12116760353693905,0.6666666666666666,0.3333333333333333,0.0,0.06724429196560805,0.5,0.25
12,position_additive,1,2,7,-0.017720542445767398,0.42857142857142855,0.5714285714285714,0.0,0.068114036444869,0.14285714285714285,0.2857142857142857
13,position_additive,1,2,4,-0.108615944273581,0.5,0.5,0.0,0.23384385740740088,0.5,0.5
14,position_additive,1,2,6,0.21409920432673268,0.8333333333333334,0.16666666666666666,0.0,0.03877114338439348,0.6666666666666666,0.16666666666666666
15,position_additive,1,2,6,0.13572120199413862,0.6666666666666666,0.3333333333333333,0.0,0.06583959017349716,0.5,0.3333333333333333
16,position_additive,1,2,10,-0.014751070015821804,0.4,0.6,0.0,0.12397796636541311,0.3,0.4
17,position_additive,1,2,6,0.11442365341966036,0.8333333333333334,0.16666666666666666,0.0,0.021850865096789466,0.5,0.16666666666666666
18,position_additive,1,2,2,0.17212460407006525,1.0,0.0,0.0,0.0,0.5,0.0
19,position_additive,1,2,3,-0.018540255909612707,0.3333333333333333,0.6666666666666666,0.0,0.15830255388171585,0.3333333333333333,0.3333333333333333
20,position_additive,1,2,7,0.11232833588732759,0.7142857142857143,0.2857142857142857,0.0,0.05281383697329134,0.42857142857142855,0.14285714285714285
21,position_additive,1,2,26,0.07695482019772232,0.6923076923076923,0.3076923076923077,0.0,0.08323302892634953,0.5,0.23076923076923078
22,position_additive,1,2,28,0.1160798753599337,0.6071428571428571,0.39285714285714285,0.0,0.1414997662524789,0.42857142857142855,0.17857142857142858
23,position_additive,1,2,27,-0.01073806579322065,0.4444444444444444,0.5555555555555556,0.0,0.14838935751025709,0.37037037037037035,0.5185185185185185
24,position_additive,1,2,2,-0.3437684702592705,0.0,1.0,0.0,0.3437684702592705,0.0,1.0
25,position_additive,1,2,9,0.0868584395591573,0.5555555555555556,0.4444444444444444,0.0,0.04521450594803253,0.4444444444444444,0.2222222222222222
26,position_additive,1,2,33,0.16551336480681392,0.7272727272727273,0.2727272727272727,0.0,0.0913937120296334,0.6060606060606061,0.24242424242424243
27,position_additive,1,2,22,-0.04704780487215403,0.4090909090909091,0.5909090909090909,0.0,0.2061083269311794,0.36363636363636365,0.5
28,position_additive,1,2,7,-0.07890770122883696,0.2857142857142857,0.7142857142857143,0.0,0.11250287023946495,0.2857142857142857,0.42857142857142855
29,position_additive,1,2,13,0.03506063704678596,0.6153846153846154,0.38461538461538464,0.0,0.08452599619841289,0.38461538461538464,0.3076923076923077
30,position_additive,1,2,24,0.08197750257460773,0.625,0.375,0.0,0.1073591211713274,0.5,0.2916666666666667
31,position_additive,1,2,14,-0.050800791981308706,0.42857142857142855,0.5714285714285714,0.0,0.1796467606706666,0.2857142857142857,0.35714285714285715
32,position_additive,1,2,4,0.03602123857948138,0.5,0.5,0.0,0.0720292425535467,0.5,0.25
33,position_additive,1,2,3,0.07875807529212746,0.6666666666666666,0.3333333333333333,0.0,0.05699409475363973,0.6666666666666666,0.3333333333333333
34,position_additive,1,2,3,-6.521700641983333e-05,0.3333333333333333,0.6666666666666666,0.0,0.0937304839073013,0.3333333333333333,0.3333333333333333
35,position_additive,1,2,3,0.15134039852177197,1.0,0.0,0.0,0.0,0.3333333333333333,0.0
36,position_additive,1,2,8,-0.0015451803532582518,0.5,0.5,0.0,0.06808366253159012,0.125,0.25
37,position_additive,1,2,14,0.042269167672393415,0.5714285714285714,0.42857142857142855,0.0,0.20484896827437055,0.5,0.42857142857142855
38,position_additive,1,2,3,-0.005222488179240267,0.3333333333333333,0.6666666666666666,0.0,0.13701913351775902,0.3333333333333333,0.3333333333333333
39,position_additive,1,2,7,0.0671275987929317,0.5714285714285714,0.42857142857142855,0.0,0.13346544423007398,0.5714285714285714,0.42857142857142855
40,position_additive,1,2,32,0.14904853501193957,0.6875,0.3125,0.0,0.06271755278093392,0.65625,0.28125
41,position_additive,1,2,20,-0.06510262430169211,0.5,0.5,0.0,0.19087081406270634,0.35,0.35
42,position_additive,1,2,9,0.07571140274554762,0.4444444444444444,0.5555555555555556,0.0,0.04400926940920038,0.3333333333333333,0.1111111111111111
43,position_additive,1,2,22,0.14844587302450363,0.6818181818181818,0.3181818181818182,0.0,0.09350755158244722,0.5909090909090909,0.3181818181818182
44,position_additive,1,2,25,0.2132621176276504,0.76,0.24,0.0,0.03466486487944449,0.64,0.2
45,position_additive,1,2,18,0.08253788460416193,0.5555555555555556,0.4444444444444444,0.0,0.21264503495305517,0.5,0.4444444444444444
46,position_additive,1,2,5,0.08704822874614739,0.8,0.2,0.0,0.050604604870915185,0.6,0.2
47,position_additive,1,2,14,0.06721185771350642,0.42857142857142855,0.5714285714285714,0.0,0.10598351413402844,0.2857142857142857,0.35714285714285715
48,position_additive,1,2,2,-0.18090663174950275,0.5,0.5,0.0,0.3458344426350486,0.5,0.5
49,position_additive,1,2,4,-0.23214472268709718,0.25,0.75,0.0,0.3856164981488015,0.25,0.75
50,position_additive,1,2,1,-0.987669161871734,0.0,1.0,0.0,0.987669161871734,0.0,1.0
51,position_additive,1,2,4,0.10152132176530995,0.5,0.5,0.0,0.017019860036647974,0.25,0.0
52,position_additive,1,2,9,0.2713633767246429,0.6666666666666666,0.3333333333333333,0.0,0.04400626351130968,0.6666666666666666,0.2222222222222222
53,position_additive,1,2,22,0.07652266910647623,0.5909090909090909,0.4090909090909091,0.0,0.10102912558453393,0.45454545454545453,0.36363636363636365
54,position_additive,1,2,6,0.20374226429646125,0.5,0.5,0.0,0.04754208717649145,0.5,0.3333333333333333
55,position_additive,1,2,2,0.2323808412854298,1.0,0.0,0.0,0.0,1.0,0.0
56,position_additive,1,2,3,0.19002509495583667,1.0,0.0,0.0,0.0,1.0,0.0
57,position_additive,1,2,7,0.12532447989763512,0.5714285714285714,0.42857142857142855,0.0,0.03212142970497139,0.42857142857142855,0.0
58,position_additive,1,2,4,0.10277965112143447,0.75,0.25,0.0,0.047827510475551026,0.75,0.25
59,position_additive,1,2,4,-0.003597742283013374,0.75,0.25,0.0,0.11663615690084272,0.5,0.25
0,position_pair,-1,1,1,0.1379834430013692,1.0,0.0,0.0,0.0,1.0,0.0
1,position_pair,-1,1,1,-0.120542299625697,0.0,1.0,0.0,0.120542299625697,0.0,1.0
2,position_pair,-1,1,3,-0.03416189516381727,0.3333333333333333,0.6666666666666666,0.0,0.06581919065410587,0.0,0.3333333333333333
3,position_pair,-1,1,9,0.07339554830109046,0.6666666666666666,0.3333333333333333,0.0,0.02013056551566961,0.2222222222222222,0.1111111111111111
4,position_pair,-1,1,8,0.09950856641029215,0.625,0.375,0.0,0.10870404182473958,0.5,0.25
5,position_pair,-1,1,9,-0.005155565065829458,0.4444444444444444,0.5555555555555556,0.0,0.0785325500923773,0.2222222222222222,0.3333333333333333
6,position_pair,-1,1,3,0.013641006092008467,0.6666666666666666,0.3333333333333333,0.0,0.0024891559134285336,0.0,0.0
7,position_pair,-1,1,1,-0.0305443350868409,0.0,1.0,0.0,0.0305443350868409,0.0,0.0
8,position_pair,-1,1,18,0.14893108666042287,0.7222222222222222,0.2777777777777778,0.0,0.09955370040829561,0.6111111111111112,0.2222222222222222
9,position_pair,-1,1,8,0.19218867506372717,0.75,0.25,0.0,0.06879839388797504,0.625,0.125
10,position_pair,-1,1,5,0.24779076566924862,0.8,0.2,0.0,0.03653403572817876,0.8,0.2
11,position_pair,-1,1,12,0.19001205310772293,0.8333333333333334,0.16666666666666666,0.0,0.007474370971036308,0.6666666666666666,0.0
12,position_pair,-1,1,7,0.032871863292723486,0.5714285714285714,0.42857142857142855,0.0,0.06738349593807537,0.42857142857142855,0.42857142857142855
13,position_pair,-1,1,4,-0.03640851427069075,0.5,0.5,0.0,0.2786212254381999,0.5,0.5
14,position_pair,-1,1,6,0.2903922213975954,0.8333333333333334,0.16666666666666666,0.0,0.017057144573739965,0.8333333333333334,0.16666666666666666
15,position_pair,-1,1,6,0.27103822456036747,0.8333333333333334,0.16666666666666666,0.0,0.020755806396415718,0.8333333333333334,0.16666666666666666
16,position_pair,-1,1,10,0.081769398021042,0.6,0.4,0.0,0.0638905314442862,0.5,0.3
17,position_pair,-1,1,6,0.1497362100191604,0.8333333333333334,0.16666666666666666,0.0,0.06259058549662289,0.6666666666666666,0.16666666666666666
18,position_pair,-1,1,2,-0.0349985919862031,0.5,0.5,0.0,0.0490356108246992,0.0,0.0
19,position_pair,-1,1,3,0.0721047825931364,0.6666666666666666,0.3333333333333333,0.0,0.039712490922960066,0.6666666666666666,0.3333333333333333
20,position_pair,-1,1,7,0.004233847730579887,0.2857142857142857,0.7142857142857143,0.0,0.07300952872387481,0.14285714285714285,0.2857142857142857
21,position_pair,-1,1,26,0.11417914326625694,0.6923076923076923,0.3076923076923077,0.0,0.04696241388360567,0.5384615384615384,0.11538461538461539
22,position_pair,-1,1,28,0.0759470079332564,0.6071428571428571,0.39285714285714285,0.0,0.09106871589695045,0.5,0.35714285714285715
23,position_pair,-1,1,27,0.19114520605737045,0.7037037037037037,0.2962962962962963,0.0,0.08048883281671435,0.5555555555555556,0.18518518518518517
24,position_pair,-1,1,2,0.39079749333904346,1.0,0.0,0.0,0.0,0.5,0.0
25,position_pair,-1,1,9,0.056650728601294845,0.7777777777777778,0.2222222222222222,0.0,0.016452223580661965,0.2222222222222222,0.1111111111111111
26,position_pair,-1,1,33,0.15895429421486235,0.696969696969697,0.30303030303030304,0.0,0.028201898972962387,0.5151515151515151,0.06060606060606061
27,position_pair,-1,1,22,0.24076533783125695,0.7727272727272727,0.22727272727272727,0.0,0.07759981058714653,0.7272727272727273,0.22727272727272727
28,position_pair,-1,1,7,0.15378271728367385,0.7142857142857143,0.2857142857142857,0.0,0.09141317286616003,0.5714285714285714,0.2857142857142857
29,position_pair,-1,1,13,0.05931780573774682,0.6153846153846154,0.38461538461538464,0.0,0.10171111620253517,0.5384615384615384,0.38461538461538464
30,position_pair,-1,1,24,0.10262182258476733,0.7083333333333334,0.2916666666666667,0.0,0.10803239378311386,0.5416666666666666,0.2916666666666667
31,position_pair,-1,1,14,0.15450880776816164,0.7142857142857143,0.2857142857142857,0.0,0.03764114995790646,0.6428571428571429,0.21428571428571427
32,position_pair,-1,1,4,0.09251842913464078,0.75,0.25,0.0,0.0221568432147783,0.5,0.0
33,position_pair,-1,1,3,0.09363908821996249,0.6666666666666666,0.3333333333333333,0.0,0.1063206911956082,0.6666666666666666,0.3333333333333333
34,position_pair,-1,1,3,0.18416366911373194,0.6666666666666666,0.3333333333333333,0.0,0.073267263588777,0.6666666666666666,0.3333333333333333
35,position_pair,-1,1,3,0.09610229663884103,0.6666666666666666,0.3333333333333333,0.0,0.08502152741721797,0.6666666666666666,0.3333333333333333
36,position_pair,-1,1,8,0.07546501179758545,0.625,0.375,0.0,0.05547674548399949,0.375,0.125
37,position_pair,-1,1,14,0.19535533240216416,0.6428571428571429,0.35714285714285715,0.0,0.14965995841366447,0.6428571428571429,0.2857142857142857
38,position_pair,-1,1,3,0.13203876060344,0.6666666666666666,0.3333333333333333,0.0,0.002098549523860633,0.3333333333333333,0.0
39,position_pair,-1,1,7,0.10198931852418548,0.5714285714285714,0.42857142857142855,0.0,0.07699824862432078,0.5714285714285714,0.42857142857142855
40,position_pair,-1,1,32,0.2228910557908806,0.78125,0.21875,0.0,0.037053822213974505,0.75,0.1875
41,position_pair,-1,1,20,0.17106937609654968,0.65,0.35,0.0,0.13140225015612392,0.55,0.3
42,position_pair,-1,1,9,0.08819464326761879,0.5555555555555556,0.4444444444444444,0.0,0.17404587956228193,0.4444444444444444,0.3333333333333333
43,position_pair,-1,1,22,0.21543135111406483,0.6818181818181818,0.3181818181818182,0.0,0.045420040324630914,0.5454545454545454,0.13636363636363635
44,position_pair,-1,1,25,0.10584501569488161,0.64,0.36,0.0,0.07289047414293616,0.56,0.28
45,position_pair,-1,1,18,0.2660745070869028,0.7222222222222222,0.2777777777777778,0.0,0.1256297336091137,0.7222222222222222,0.2222222222222222
46,position_pair,-1,1,5,0.12116850252359332,0.6,0.4,0.0,0.05013236966460858,0.6,0.2
47,position_pair,-1,1,14,0.23117172924654097,0.8571428571428571,0.14285714285714285,0.0,0.02249068417784475,0.7857142857142857,0.14285714285714285
48,position_pair,-1,1,2,0.2656261338228471,1.0,0.0,0.0,0.0,1.0,0.0
49,position_pair,-1,1,4,0.015568934641983348,0.75,0.25,0.0,0.05920349255511283,0.5,0.25
50,position_pair,-1,1,1,0.9368381975169608,1.0,0.0,0.0,0.0,1.0,0.0
51,position_pair,-1,1,4,-0.07106968272399206,0.5,0.5,0.0,0.22629151793315616,0.5,0.5
52,position_pair,-1,1,9,0.10215464051816467,0.5555555555555556,0.4444444444444444,0.0,0.018908403751178932,0.4444444444444444,0.0
53,position_pair,-1,1,22,0.22655879826350941,0.7272727272727273,0.2727272727272727,0.0,0.04852625403259359,0.5909090909090909,0.22727272727272727
54,position_pair,-1,1,6,-0.0354955030307454,0.5,0.5,0.0,0.1597815103180755,0.5,0.3333333333333333
55,position_pair,-1,1,2,0.26392043653609754,1.0,0.0,0.0,0.0,1.0,0.0
56,position_pair,-1,1,3,0.0139142403650953,0.6666666666666666,0.3333333333333333,0.0,0.0937244911173073,0.3333333333333333,0.3333333333333333
57,position_pair,-1,1,7,0.2101677806684517,0.7142857142857143,0.2857142857142857,0.0,0.0702031396024587,0.7142857142857143,0.14285714285714285
58,position_pair,-1,1,4,0.08353351176782149,0.75,0.25,0.0,0.1098367958122064,0.75,0.25
59,position_pair,-1,1,4,0.04496404989275277,0.5,0.5,0.0,0.1125775901579411,0.5,0.5
0,position_pair,-1,2,1,-0.0298426731312008,0.0,1.0,0.0,0.0298426731312008,0.0,0.0
1,position_pair,-1,2,1,-0.1663402491748175,0.0,1.0,0.0,0.1663402491748175,0.0,1.0
2,position_pair,-1,2,3,-0.015954701813373735,0.3333333333333333,0.6666666666666666,0.0,0.04098010515400157,0.0,0.0
3,position_pair,-1,2,9,0.05992259032609169,0.5555555555555556,0.4444444444444444,0.0,0.04978972855821733,0.3333333333333333,0.3333333333333333
4,position_pair,-1,2,8,0.014162524091733589,0.5,0.5,0.0,0.10214832643769145,0.375,0.25
5,position_pair,-1,2,9,-0.027247917314236935,0.4444444444444444,0.5555555555555556,0.0,0.0918136681826015,0.2222222222222222,0.2222222222222222
6,position_pair,-1,2,3,0.05316525303162697,0.6666666666666666,0.3333333333333333,0.0,0.009220809791695333,0.3333333333333333,0.0
7,position_pair,-1,2,1,0.053383876313859,1.0,0.0,0.0,0.0,0.0,0.0
8,position_pair,-1,2,18,0.0673124266949397,0.5,0.5,0.0,0.11504389711284684,0.3888888888888889,0.3888888888888889
9,position_pair,-1,2,8,0.15467466571224242,0.75,0.25,0.0,0.07054878602143133,0.625,0.125
10,position_pair,-1,2,5,0.3904373564283429,0.8,0.2,0.0,0.02664748917321836,0.8,0.2
11,position_pair,-1,2,12,0.18796000023997397,0.9166666666666666,0.08333333333333333,0.0,0.009715315866743643,0.6666666666666666,0.08333333333333333
12,position_pair,-1,2,7,-0.01339202675196814,0.42857142857142855,0.5714285714285714,0.0,0.03652989369802661,0.0,0.14285714285714285
13,position_pair,-1,2,4,-0.108615944273581,0.5,0.5,0.0,0.2568760180076728,0.5,0.5
14,position_pair,-1,2,6,0.14769742534146865,0.8333333333333334,0.16666666666666666,0.0,0.015065506635518616,0.5,0.0
15,position_pair,-1,2,6,0.2787612779953177,0.8333333333333334,0.16666666666666666,0.0,0.013638821089413599,0.6666666666666666,0.0
16,position_pair,-1,2,10,0.06611147570939994,0.6,0.4,0.0,0.10671065667893523,0.5,0.3
17,position_pair,-1,2,6,0.20164403787627153,0.6666666666666666,0.3333333333333333,0.0,0.011594178525255266,0.3333333333333333,0.0
18,position_pair,-1,2,2,0.010366503416034484,0.5,0.5,0.0,0.16834295703183155,0.5,0.5
19,position_pair,-1,2,3,0.13976229797210313,0.6666666666666666,0.3333333333333333,0.0,0.0185402559096127,0.3333333333333333,0.0
20,position_pair,-1,2,7,-0.04487593455840818,0.42857142857142855,0.5714285714285714,0.0,0.10116244061104089,0.14285714285714285,0.2857142857142857
21,position_pair,-1,2,26,0.09790467708227671,0.7307692307692307,0.2692307692307692,0.0,0.06157897838406297,0.6538461538461539,0.23076923076923078
22,position_pair,-1,2,28,0.029595223447922227,0.6071428571428571,0.39285714285714285,0.0,0.16924469843234663,0.4642857142857143,0.35714285714285715
23,position_pair,-1,2,27,0.16487262566299446,0.6666666666666666,0.3333333333333333,0.0,0.07471098859378283,0.6296296296296297,0.2222222222222222
24,position_pair,-1,2,2,0.3437684702592705,1.0,0.0,0.0,0.0,1.0,0.0
25,position_pair,-1,2,9,0.05959680986278372,0.6666666666666666,0.3333333333333333,0.0,0.03648987898776133,0.3333333333333333,0.1111111111111111
26,position_pair,-1,2,33,0.16444058411406906,0.6363636363636364,0.36363636363636365,0.0,0.05869231057137507,0.5757575757575758,0.21212121212121213
27,position_pair,-1,2,22,0.26516279662283554,0.7272727272727273,0.2727272727272727,0.0,0.08539440311786041,0.6818181818181818,0.22727272727272727
28,position_pair,-1,2,7,0.13236856715953596,0.7142857142857143,0.2857142857142857,0.0,0.056000961394465414,0.42857142857142855,0.2857142857142857
29,position_pair,-1,2,13,0.13582821885857915,0.7692307692307693,0.23076923076923078,0.0,0.039789100639023744,0.6153846153846154,0.15384615384615385
30,position_pair,-1,2,24,0.15694508948443714,0.7083333333333334,0.2916666666666667,0.0,0.09130550369098074,0.5833333333333334,0.25
31,position_pair,-1,2,14,0.16460755705556637,0.6428571428571429,0.35714285714285715,0.0,0.044142801317973136,0.5,0.07142857142857142
32,position_pair,-1,2,4,0.0581401368360126,0.5,0.5,0.0,0.0138891057175341,0.25,0.0
33,position_pair,-1,2,3,0.021763980538487732,0.6666666666666666,0.3333333333333333,0.0,0.07875807529212746,0.3333333333333333,0.3333333333333333
34,position_pair,-1,2,3,0.09360004989446159,0.6666666666666666,0.3333333333333333,0.0,6.521700641983333e-05,0.3333333333333333,0.0
35,position_pair,-1,2,3,0.009807518472117133,0.6666666666666666,0.3333333333333333,0.0,0.004536297575998633,0.0,0.0
36,position_pair,-1,2,8,0.10013993352235251,0.625,0.375,0.0,0.011838160154326012,0.375,0.0
37,position_pair,-1,2,14,0.16350065572723196,0.6428571428571429,0.35714285714285715,0.0,0.2240840691120068,0.6428571428571429,0.2857142857142857
38,position_pair,-1,2,3,0.13179664533851876,0.6666666666666666,0.3333333333333333,0.0,0.005222488179240267,0.3333333333333333,0.0
39,position_pair,-1,2,7,0.09955271320889558,0.5714285714285714,0.42857142857142855,0.0,0.04428811696951686,0.42857142857142855,0.2857142857142857
40,position_pair,-1,2,32,0.22791186249397136,0.84375,0.15625,0.0,0.03841963195091585,0.78125,0.125
41,position_pair,-1,2,20,0.1955157027664379,0.6,0.4,0.0,0.10337254442073238,0.55,0.2
42,position_pair,-1,2,9,0.11363009483034227,0.5555555555555556,0.4444444444444444,0.0,0.10706696997967252,0.3333333333333333,0.2222222222222222
43,position_pair,-1,2,22,0.18082983637939842,0.7272727272727273,0.2727272727272727,0.0,0.049233615689769056,0.5909090909090909,0.22727272727272727
44,position_pair,-1,2,25,0.15238487828198885,0.72,0.28,0.0,0.07073408787040676,0.56,0.24
45,position_pair,-1,2,18,0.2737904868567336,0.7777777777777778,0.2222222222222222,0.0,0.09399252376470674,0.7777777777777778,0.2222222222222222
46,position_pair,-1,2,5,0.01322299137780652,0.6,0.4,0.0,0.06958915679918257,0.2,0.2
47,position_pair,-1,2,14,0.19116378646977758,0.7142857142857143,0.2857142857142857,0.0,0.054131088525347475,0.5,0.21428571428571427
48,position_pair,-1,2,2,0.13510068039403933,0.5,0.5,0.0,0.21073376224100926,0.5,0.5
49,position_pair,-1,2,4,0.2758807584985141,0.5,0.5,0.0,0.06287001217203023,0.5,0.25
50,position_pair,-1,2,1,0.9536214591151476,1.0,0.0,0.0,0.0,1.0,0.0
51,position_pair,-1,2,4,-0.1134420844501194,0.5,0.5,0.0,0.13046194448676737,0.0,0.25
52,position_pair,-1,2,9,0.21023686155701463,0.8888888888888888,0.1111111111111111,0.0,0.031157435809372913,0.7777777777777778,0.1111111111111111
53,position_pair,-1,2,22,0.20630973215513615,0.6818181818181818,0.3181818181818182,0.0,0.039949449927462,0.5909090909090909,0.13636363636363635
54,position_pair,-1,2,6,0.043296654899750764,0.6666666666666666,0.3333333333333333,0.0,0.04431607699756087,0.3333333333333333,0.3333333333333333
55,position_pair,-1,2,2,0.29167796697832044,1.0,0.0,0.0,0.0,1.0,0.0
56,position_pair,-1,2,3,-0.03381870047136993,0.3333333333333333,0.6666666666666666,0.0,0.09767338152743754,0.3333333333333333,0.6666666666666666
57,position_pair,-1,2,7,0.11024708061828392,0.5714285714285714,0.42857142857142855,0.0,0.1485955669400289,0.42857142857142855,0.2857142857142857
58,position_pair,-1,2,4,0.06399740017777987,0.5,0.5,0.0,0.019953119060655673,0.5,0.0
59,position_pair,-1,2,4,0.15128318462661827,0.75,0.25,0.0,0.041240994037492026,0.5,0.25
0,position_pair,1,1,1,0.1917906274722955,1.0,0.0,0.0,0.0,1.0,0.0
1,position_pair,1,1,1,0.6163764418919547,1.0,0.0,0.0,0.0,1.0,0.0
2,position_pair,1,1,3,-0.03416189516381727,0.3333333333333333,0.6666666666666666,0.0,0.036666494837345937,0.0,0.3333333333333333
3,position_pair,1,1,9,0.09154612385166336,0.5555555555555556,0.4444444444444444,0.0,0.05290044641621841,0.3333333333333333,0.2222222222222222
4,position_pair,1,1,8,0.10058624256351623,0.625,0.375,0.0,0.09987045705361929,0.625,0.375
5,position_pair,1,1,9,-0.05074686595598898,0.4444444444444444,0.5555555555555556,0.0,0.13463198024253523,0.3333333333333333,0.5555555555555556
6,position_pair,1,1,3,0.1258625055154017,0.6666666666666666,0.3333333333333333,0.0,0.016130162005436998,0.3333333333333333,0.0
7,position_pair,1,1,1,0.0955761991771276,1.0,0.0,0.0,0.0,0.0,0.0
8,position_pair,1,1,18,0.20151087987097385,0.8333333333333334,0.16666666666666666,0.0,0.029921387654843472,0.6111111111111112,0.1111111111111111
9,position_pair,1,1,8,0.16564632601090956,0.75,0.25,0.0,0.011624165301598937,0.5,0.0
10,position_pair,1,1,5,0.13912152885183987,0.8,0.2,0.0,0.0202224889669992,0.8,0.2
11,position_pair,1,1,12,0.08043260593407588,0.6666666666666666,0.3333333333333333,0.0,0.05496956930504216,0.5,0.16666666666666666
12,position_pair,1,1,7,0.03089867232122803,0.5714285714285714,0.42857142857142855,0.0,0.08571772945538647,0.42857142857142855,0.42857142857142855
13,position_pair,1,1,4,-0.03640851427069075,0.5,0.5,0.0,0.19027706751056073,0.5,0.5
14,position_pair,1,1,6,0.13167831160330015,0.8333333333333334,0.16666666666666666,0.0,0.06646777600709855,0.6666666666666666,0.16666666666666666
15,position_pair,1,1,6,0.24229362197568613,0.8333333333333334,0.16666666666666666,0.0,0.005544156314133933,0.6666666666666666,0.0
16,position_pair,1,1,10,0.142985550754495,0.7,0.3,0.0,0.025092626428822828,0.7,0.1
17,position_pair,1,1,6,0.05405549952148988,0.6666666666666666,0.3333333333333333,0.0,0.10222020839453773,0.6666666666666666,0.3333333333333333
18,position_pair,1,1,2,-0.030501089006098648,0.5,0.5,0.0,0.04453810784459475,0.0,0.0
19,position_pair,1,1,3,0.12059864853315833,0.6666666666666666,0.3333333333333333,0.0,0.0323922916701763,0.6666666666666666,0.0
20,position_pair,1,1,7,0.1669925303569804,0.7142857142857143,0.2857142857142857,0.0,0.08606803962460548,0.42857142857142855,0.14285714285714285
21,position_pair,1,1,26,0.15924987863610435,0.7307692307692307,0.2692307692307692,0.0,0.03518538099033011,0.6153846153846154,0.15384615384615385
22,position_pair,1,1,28,0.14539737521316728,0.7142857142857143,0.2857142857142857,0.0,0.06056525178245543,0.5714285714285714,0.2857142857142857
23,position_pair,1,1,27,0.12478901168052468,0.5925925925925926,0.4074074074074074,0.0,0.08526939252997658,0.5185185185185185,0.2962962962962963
24,position_pair,1,1,2,-0.047900587646672904,0.5,0.5,0.0,0.0721849451752989,0.0,0.5
25,position_pair,1,1,9,0.0929240236475179,0.7777777777777778,0.2222222222222222,0.0,0.05984464023962804,0.3333333333333333,0.2222222222222222
26,position_pair,1,1,33,0.1609969032447643,0.696969696969697,0.30303030303030304,0.0,0.05354610321445386,0.6363636363636364,0.21212121212121213
27,position_pair,1,1,22,0.09446380344146642,0.6363636363636364,0.36363636363636365,0.0,0.06985576525586203,0.45454545454545453,0.2727272727272727
28,position_pair,1,1,7,0.043789247309955655,0.42857142857142855,0.5714285714285714,0.0,0.14513217220340863,0.42857142857142855,0.5714285714285714
29,position_pair,1,1,13,0.1151633186029688,0.6153846153846154,0.38461538461538464,0.0,0.1357353646248342,0.5384615384615384,0.38461538461538464
30,position_pair,1,1,24,0.07854521761275796,0.6666666666666666,0.3333333333333333,0.0,0.06723613886010991,0.375,0.2916666666666667
31,position_pair,1,1,14,0.18154087597428883,0.7142857142857143,0.2857142857142857,0.0,0.12938989726305167,0.7142857142857143,0.2857142857142857
32,position_pair,1,1,4,0.09251842913464078,0.75,0.25,0.0,0.06199570234734208,0.75,0.25
33,position_pair,1,1,3,0.09363908821996249,0.6666666666666666,0.3333333333333333,0.0,0.012681602975645702,0.3333333333333333,0.0
34,position_pair,1,1,3,0.18416366911373194,0.6666666666666666,0.3333333333333333,0.0,0.11089640552495493,0.6666666666666666,0.3333333333333333
35,position_pair,1,1,3,0.23524446141303315,1.0,0.0,0.0,0.0,0.6666666666666666,0.0
36,position_pair,1,1,8,0.04525294362211496,0.5,0.5,0.0,0.08345710431889895,0.375,0.375
37,position_pair,1,1,14,0.10957311530174274,0.6428571428571429,0.35714285714285715,0.0,0.12498793550278249,0.6428571428571429,0.2857142857142857
38,position_pair,1,1,3,0.36633038250463607,1.0,0.0,0.0,0.0,1.0,0.0
39,position_pair,1,1,7,0.09898487578861014,0.5714285714285714,0.42857142857142855,0.0,0.06928554639463028,0.5714285714285714,0.42857142857142855
40,position_pair,1,1,32,0.16428218307042664,0.6875,0.3125,0.0,0.04031871806215441,0.59375,0.15625
41,position_pair,1,1,20,0.12623077948026262,0.55,0.45,0.0,0.15239495028020594,0.55,0.45
42,position_pair,1,1,9,0.02696194237632495,0.4444444444444444,0.5555555555555556,0.0,0.13969353295278863,0.4444444444444444,0.3333333333333333
43,position_pair,1,1,22,0.2048396022051725,0.6818181818181818,0.3181818181818182,0.0,0.04933520233263562,0.5909090909090909,0.18181818181818182
44,position_pair,1,1,25,0.10295360053688496,0.68,0.32,0.0,0.052777986067405955,0.6,0.2
45,position_pair,1,1,18,0.21078033345637395,0.6666666666666666,0.3333333333333333,0.0,0.09405230667096692,0.6666666666666666,0.2777777777777778
46,position_pair,1,1,5,0.06435922193056243,0.6,0.4,0.0,0.081902359283298,0.4,0.2
47,position_pair,1,1,14,0.1195057087922058,0.5714285714285714,0.42857142857142855,0.0,0.08932089675217648,0.5714285714285714,0.42857142857142855
48,position_pair,1,1,2,0.09313780739069524,0.5,0.5,0.0,0.0032518680243551,0.5,0.0
49,position_pair,1,1,4,0.09469286521855341,0.75,0.25,0.0,0.05920349255511283,0.75,0.25
50,position_pair,1,1,1,-1.093140705292397,0.0,1.0,0.0,1.093140705292397,0.0,1.0
51,position_pair,1,1,4,0.12157964514169883,0.75,0.25,0.0,0.04411183437145547,0.75,0.25
52,position_pair,1,1,9,0.21901287199181,0.7777777777777778,0.2222222222222222,0.0,0.05217328253623518,0.7777777777777778,0.2222222222222222
53,position_pair,1,1,22,0.16711082123434637,0.6363636363636364,0.36363636363636365,0.0,0.07307723180604926,0.5,0.22727272727272727
54,position_pair,1,1,6,0.1746787677678047,0.6666666666666666,0.3333333333333333,0.0,0.07544260119712208,0.6666666666666666,0.16666666666666666
55,position_pair,1,1,2,0.1801129568987462,1.0,0.0,0.0,0.0,0.5,0.0
56,position_pair,1,1,3,0.005324289837490744,0.6666666666666666,0.3333333333333333,0.0,0.08788254190345707,0.3333333333333333,0.3333333333333333
57,position_pair,1,1,7,0.15291736835287187,0.7142857142857143,0.2857142857142857,0.0,0.02657490872272433,0.7142857142857143,0.14285714285714285
58,position_pair,1,1,4,-0.008929885735979012,0.5,0.5,0.0,0.12874620727257335,0.5,0.25
59,position_pair,1,1,4,-0.05345793336291038,0.25,0.75,0.0,0.11137078680966712,0.25,0.5
0,position_pair,1,2,1,0.1134206794231555,1.0,0.0,0.0,0.0,1.0,0.0
1,position_pair,1,2,1,0.6205987433302447,1.0,0.0,0.0,0.0,1.0,0.0
2,position_pair,1,2,3,-0.015954701813373735,0.3333333333333333,0.6666666666666666,0.0,0.0569348069673753,0.3333333333333333,0.3333333333333333
3,position_pair,1,2,9,0.10789130415473458,0.5555555555555556,0.4444444444444444,0.0,0.0389162287482093,0.4444444444444444,0.2222222222222222
4,position_pair,1,2,8,0.04774472376137617,0.625,0.375,0.0,0.1549780161163938,0.625,0.375
5,position_pair,1,2,9,-0.03584463923436801,0.3333333333333333,0.6666666666666666,0.0,0.13295263406743088,0.3333333333333333,0.4444444444444444
6,position_pair,1,2,3,0.11912755652093426,0.6666666666666666,0.3333333333333333,0.0,0.04394444323993163,0.6666666666666666,0.3333333333333333
7,position_pair,1,2,1,0.2026785515838013,1.0,0.0,0.0,0.0,1.0,0.0
8,position_pair,1,2,18,0.19093803034029241,0.6666666666666666,0.3333333333333333,0.0,0.05630037977671677,0.6111111111111112,0.2777777777777778
9,position_pair,1,2,8,0.16666853017067984,0.75,0.25,0.0,0.009338119979513275,0.5,0.0
10,position_pair,1,2,5,0.15367878981973143,0.6,0.4,0.0,0.01792266451646894,0.4,0.0
11,position_pair,1,2,12,0.10937516856563341,0.75,0.25,0.0,0.06226293505514267,0.5,0.16666666666666666
12,position_pair,1,2,7,-0.012717568264058596,0.42857142857142855,0.5714285714285714,0.0,0.068114036444869,0.14285714285714285,0.2857142857142857
13,position_pair,1,2,4,-0.108615944273581,0.5,0.5,0.0,0.23384385740740088,0.5,0.5
14,position_pair,1,2,6,0.23914078869392483,0.8333333333333334,0.16666666666666666,0.0,0.03877114338439348,0.8333333333333334,0.16666666666666666
15,position_pair,1,2,6,0.2338288153030567,0.8333333333333334,0.16666666666666666,0.0,0.015688469292564417,0.5,0.0
16,position_pair,1,2,10,0.09395128278463379,0.7,0.3,0.0,0.014687024493962388,0.3,0.0
17,position_pair,1,2,6,0.11664197278600623,0.8333333333333334,0.16666666666666666,0.0,0.0196325457304436,0.5,0.16666666666666666
18,position_pair,1,2,2,0.18249110748609973,1.0,0.0,0.0,0.0,0.5,0.0
19,position_pair,1,2,3,0.1446441052291103,0.6666666666666666,0.3333333333333333,0.0,0.12122204206249043,0.6666666666666666,0.3333333333333333
20,position_pair,1,2,7,0.13830306473276208,0.7142857142857143,0.2857142857142857,0.0,0.10551019960296538,0.5714285714285714,0.14285714285714285
21,position_pair,1,2,26,0.13352058789698257,0.7307692307692307,0.2692307692307692,0.0,0.0565187106348114,0.5384615384615384,0.15384615384615385
22,position_pair,1,2,28,0.18044391110890995,0.6785714285714286,0.32142857142857145,0.0,0.13736274501569382,0.5,0.17857142857142858
23,position_pair,1,2,27,0.16679337096274885,0.7037037037037037,0.2962962962962963,0.0,0.06745619176954952,0.6666666666666666,0.2222222222222222
24,position_pair,1,2,2,0.0063620002371988504,0.5,0.5,0.0,0.18577163927936005,0.5,0.5
25,position_pair,1,2,9,0.08272662521934115,0.6666666666666666,0.3333333333333333,0.0,0.06284567440021543,0.5555555555555556,0.2222222222222222
26,position_pair,1,2,33,0.22192171140521177,0.7272727272727273,0.2727272727272727,0.0,0.06776410444611256,0.6363636363636364,0.18181818181818182
27,position_pair,1,2,22,0.10291530630359672,0.5454545454545454,0.45454545454545453,0.0,0.09342468859612883,0.4090909090909091,0.2727272727272727
28,position_pair,1,2,7,0.03090888688049529,0.42857142857142855,0.5714285714285714,0.0,0.1277571813345601,0.42857142857142855,0.5714285714285714
29,position_pair,1,2,13,0.0760846681819257,0.6153846153846154,0.38461538461538464,0.0,0.05254914198413263,0.38461538461538464,0.15384615384615385
30,position_pair,1,2,24,0.1387546807631663,0.7083333333333334,0.2916666666666667,0.0,0.05379726350394564,0.5,0.25
31,position_pair,1,2,14,0.1639628858072477,0.7142857142857143,0.2857142857142857,0.0,0.12268891210108823,0.7142857142857143,0.21428571428571427
32,position_pair,1,2,4,0.0581401368360126,0.5,0.5,0.0,0.04991034429701547,0.5,0.25
33,position_pair,1,2,3,0.021763980538487732,0.6666666666666666,0.3333333333333333,0.0,0.05699409475363973,0.3333333333333333,0.3333333333333333
34,position_pair,1,2,3,0.09360004989446159,0.6666666666666666,0.3333333333333333,0.0,0.09366526690088146,0.6666666666666666,0.3333333333333333
35,position_pair,1,2,3,0.15134039852177197,1.0,0.0,0.0,0.0,0.3333333333333333,0.0
36,position_pair,1,2,8,0.0380490653957426,0.5,0.5,0.0,0.054597425130981286,0.25,0.125
37,position_pair,1,2,14,0.09359621118153426,0.6428571428571429,0.35714285714285715,0.0,0.17398590744498804,0.6428571428571429,0.35714285714285715
38,position_pair,1,2,3,0.28192463307931104,1.0,0.0,0.0,0.0,1.0,0.0
39,position_pair,1,2,7,0.1005389437278146,0.5714285714285714,0.42857142857142855,0.0,0.10005409929519105,0.5714285714285714,0.2857142857142857
40,position_pair,1,2,32,0.19007358094769253,0.6875,0.3125,0.0,0.05803886743630574,0.6875,0.21875
41,position_pair,1,2,20,0.15645537835184678,0.65,0.35,0.0,0.10584922081472425,0.55,0.25
42,position_pair,1,2,9,0.09275142359214684,0.5555555555555556,0.4444444444444444,0.0,0.03867829696510779,0.4444444444444444,0.1111111111111111
43,position_pair,1,2,22,0.20246090377724207,0.7727272727272727,0.22727272727272727,0.0,0.06273566191095448,0.5909090909090909,0.22727272727272727
44,position_pair,1,2,25,0.18584094608144675,0.68,0.32,0.0,0.042647360432081866,0.64,0.28
45,position_pair,1,2,18,0.2763748603813075,0.6666666666666666,0.3333333333333333,0.0,0.09799538367835105,0.6666666666666666,0.2777777777777778
46,position_pair,1,2,5,0.08704822874614739,0.8,0.2,0.0,0.050604604870915185,0.6,0.2
47,position_pair,1,2,14,0.14385555121366803,0.5714285714285714,0.42857142857142855,0.0,0.07334581058164487,0.5,0.21428571428571427
48,position_pair,1,2,2,-0.04580595135546342,0.5,0.5,0.0,0.21073376224100926,0.5,0.5
49,position_pair,1,2,4,0.2480520177768004,0.75,0.25,0.0,0.2441705283554483,0.75,0.25
50,position_pair,1,2,1,-0.987669161871734,0.0,1.0,0.0,0.987669161871734,0.0,1.0
51,position_pair,1,2,4,0.11854118180195793,0.75,0.25,0.0,0.006044630886485875,0.25,0.0
52,position_pair,1,2,9,0.3006075051243552,0.7777777777777778,0.2222222222222222,0.0,0.04110632213438847,0.7777777777777778,0.2222222222222222
53,position_pair,1,2,22,0.1712553682117203,0.7272727272727273,0.2727272727272727,0.0,0.04447675009068531,0.5,0.18181818181818182
54,position_pair,1,2,6,0.18698358120378758,0.5,0.5,0.0,0.0643007702691651,0.5,0.5
55,position_pair,1,2,2,0.2323808412854298,1.0,0.0,0.0,0.0,1.0,0.0
56,position_pair,1,2,3,0.19966781610516485,1.0,0.0,0.0,0.0,1.0,0.0
57,position_pair,1,2,7,0.061799651042181,0.42857142857142855,0.5714285714285714,0.0,0.056955066616182624,0.2857142857142857,0.14285714285714285
58,position_pair,1,2,4,0.054952140645883454,0.5,0.5,0.0,0.060293930133839026,0.5,0.25
59,position_pair,1,2,4,0.07179742058033732,0.75,0.25,0.0,0.11663615690084272,0.5,0.25
