3,46,35,15,21,28,12,18,50,34,25,59,6,55,26,27,41,31,54,12,14,22,35,40,10,22,30,8,40,37,18,15,59,44,33,53,10,26,17,53,1,33,37,53,59,50,53,22,13,58,0,44,7,10,11,27,51,26,14,6
23,0,16,52,47,29,28,45,17,52,22,11,35,26,11,2,32,32,28,45,58,13,25,54,1,22,15,10,53,39,52,45,6,37,55,23,34,37,39,51,38,13,27,52,20,3,44,31,3,0,43,15,29,22,51,37,25,43,13,11
29,2,39,51,36,39,25,53,1,13,13,36,11,57,51,38,50,57,9,15,40,46,25,28,26,14,38,8,4,13,54,44,13,26,16,42,20,57,44,8,20,49,20,12,35,1,8,44,3,19,21,37,2,29,21,1,8,22,26,21
49,46,23,32,58,22,23,19,27,15,32,6,17,33,1,51,9,8,54,55,6,41,55,40,54,40,36,48,44,21,40,23,30,30,22,48,13,27,46,19,16,43,5,52,24,33,42,8,30,10,32,59,46,29,53,4,1,39,51,23
46,42,39,26,25,47,3,27,24,55,53,50,36,29,8,8,13,50,29,20,58,8,58,0,30,52,34,9,24,50,28,27,30,28,14,31,26,5,43,29,1,53,30,8,39,9,14,28,1,49,51,45,5,46,4,30,26,21,32,7
14,35,44,49,58,48,15,21,2,16,46,59,57,35,12,52,56,38,3,26,12,57,9,43,48,31,47,23,21,12,47,19,1,29,28,2,4,29,22,13,25,55,15,10,10,39,14,14,54,38,16,11,46,29,13,31,53,26,22,54
31,39,27,42,9,18,13,53,3,24,46,46,37,24,3,2,10,13,27,13,40,14,15,12,57,56,9,33,2,50,29,44,47,35,14,4,37,42,35,47,15,19,13,6,15,23,33,48,39,9,38,52,28,11,29,23,5,22,2,12
29,31,58,17,37,25,51,14,53,34,56,1,15,18,41,43,19,20,14,26,46,32,11,43,26,42,17,55,40,52,14,47,30,0,43,47,11,37,50,40,15,29,4,25,10,28,32,11,57,8,30,36,10,11,57,21,5,38,12,15
34,49,48,17,49,46,10,42,32,55,20,34,55,30,2,9,12,36,24,46,32,43,59,16,19,46,37,52,35,44,12,45,3,14,15,28,52,52,45,24,21,43,45,21,8,56,31,37,2,28,26,8,59,27,7,18,1,30,1,8
37,5,42,29,40,11,49,38,47,29,43,16,19,33,48,18,5,34,4,42,51,27,47,24,33,26,59,15,6,25,4,47,52,54,41,51,51,3,42,47,36,7,5,40,5,4,32,18,21,28,2,47,31,17,20,33,46,13,55,24
10,0,39,34,31,34,53,38,48,8,25,40,47,21,23,52,0,7,49,28,1,0,22,19,46,20,3,1,7,33,51,2,24,55,4,36,22,59,46,12,57,18,57,52,6,42,58,39,7,20,51,53,46,0,16,13,7,45,0,30
25,57,0,23,30,31,31,26,12,53,37,36,38,26,58,34,41,47,7,16,2,16,19,55,22,56,21,33,16,53,20,51,16,9,0,37,40,21,11,7,20,39,33,32,29,39,35,32,8,32,58,10,19,21,46,24,18,14,15,15
9,54,52,20,25,16,48,34,16,53,21,38,21,31,18,25,29,2,43,0,45,18,39,18,53,21,58,23,23,34,17,40,10,28,28,35,37,12,24,49,55,39,5,11,52,53,45,31,36,14,33,1,50,32,35,54,42,46,0,45
26,23,18,51,18,33,42,22,58,2,33,52,10,58,49,43,47,20,14,26,28,19,7,10,42,18,41,6,36,48,48,8,43,56,56,34,20,41,1,9,46,13,58,4,3,14,35,9,33,30,24,35,8,33,11,44,15,50,47,38
36,57,18,19,39,37,32,14,30,13,3,28,20,29,55,25,46,51,42,37,59,58,36,0,18,27,8,17,17,31,56,13,0,5,4,52,57,18,45,4,5,42,53,34,12,30,14,13,9,35,13,19,26,17,54,8,17,0,40,20
30,1,24,3,2,24,34,24,17,26,12,53,23,30,54,8,38,31,1,57,16,20,31,54,33,28,30,24,6,25,18,56,7,59,49,33,51,7,51,59,36,14,44,58,22,32,8,14,30,6,13,44,53,58,44,53,40,32,30,14
3,43,43,11,29,32,30,26,14,41,45,5,23,50,42,21,59,56,12,47,45,40,41,31,32,26,40,27,42,36,43,37,1,15,33,15,50,46,12,15,50,30,46,5,51,0,25,16,1,40,3,0,39,58,41,41,21,15,15,3
27,15,31,58,8,24,19,58,56,34,29,36,11,40,17,26,29,52,25,5,20,50,50,45,48,51,23,7,58,50,23,13,15,15,56,27,25,18,15,37,55,22,3,32,28,58,9,36,53,59,19,43,47,45,48,53,24,11,57,12
41,58,54,49,57,55,20,38,35,12,2,54,34,52,17,36,46,36,25,29,54,43,32,10,56,4,4,43,22,44,4,29,1,50,22,48,57,19,1,4,26,21,44,41,4,2,59,29,57,59,13,28,21,28,14,6,13,33,20,13
28,27,39,34,27,26,19,48,34,17,57,47,33,32,28,37,17,40,22,27,24,26,1,1,36,11,54,49,29,42,43,18,52,12,19,34,31,32,43,43,29,29,37,46,9,1,29,30,15,23,54,7,24,19,18,25,7,10,30,20
33,57,22,18,42,37,17,43,11,10,55,22,1,51,42,0,21,28,55,1,58,37,14,47,56,52,16,56,46,27,37,5,1,33,12,40,37,49,56,43,6,57,58,41,59,16,37,38,19,11,19,26,19,14,36,19,53,13,17,4
57,59,8,56,18,30,26,50,6,54,12,36,21,2,42,54,42,22,19,12,10,24,38,23,21,9,35,12,4,9,20,50,20,52,27,1,47,48,37,47,55,57,36,11,49,47,52,8,8,8,37,56,38,39,18,3,15,27,22,53
23,19,30,31,29,13,17,45,43,37,26,6,25,36,30,52,48,28,39,22,18,40,59,7,27,56,30,21,20,41,42,14,42,25,20,14,36,45,58,24,32,18,2,54,8,36,52,17,39,11,40,30,12,2,22,38,14,29,44,28
0,20,20,33,11,33,53,39,45,19,47,39,44,5,28,25,32,21,52,35,27,5,44,31,4,41,31,6,22,53,0,50,28,36,39,40,41,37,12,0,26,13,58,3,34,53,18,44,57,9,6,48,8,37,1,22,41,36,21,48
59,31,27,55,59,33,12,12,34,21,43,8,47,21,52,32,6,41,40,8,26,26,3,42,19,6,0,9,38,20,3,7,44,34,5,30,50,27,12,58,31,8,27,59,12,52,1,57,6,59,57,35,2,55,58,33,16,41,14,40
17,55,34,41,40,51,37,13,40,37,47,58,52,36,15,55,16,23,3,37,10,16,45,5,28,30,17,14,7,3,39,31,34,57,40,18,9,47,29,59,30,8,30,41,47,59,24,5,22,23,34,35,49,48,53,47,4,42,11,4
33,24,8,49,5,7,22,49,51,58,42,34,58,37,38,40,42,27,30,39,36,43,13,8,13,13,48,47,13,31,29,38,28,36,32,56,21,9,43,13,42,13,10,55,0,19,58,11,9,28,18,6,21,33,53,54,20,25,44,29
28,23,2,31,7,45,56,39,3,6,3,31,29,28,22,0,36,26,55,4,49,5,56,43,9,17,44,11,28,5,16,8,43,54,48,50,20,50,7,58,0,48,54,50,4,2,23,8,25,35,59,15,32,41,14,15,49,17,14,18
18,59,2,41,11,52,58,53,11,37,28,44,28,45,51,19,13,49,28,31,27,20,48,25,55,43,35,0,11,49,3,0,46,45,54,15,24,38,22,21,2,3,56,29,19,16,35,42,22,18,42,42,6,21,7,24,56,20,37,7
42,6,51,28,58,22,46,49,17,11,50,30,53,57,16,13,35,41,3,30,19,6,4,55,17,50,13,12,40,1,3,46,7,46,11,32,11,16,15,22,57,7,40,30,24,22,48,7,44,26,55,2,26,39,38,37,11,35,47,26
15,19,59,9,50,57,46,32,43,7,32,33,32,19,57,40,13,38,40,2,42,23,52,21,7,53,18,57,12,38,46,21,39,8,2,12,42,51,23,8,44,26,48,10,13,25,50,33,3,4,19,24,8,58,24,59,50,19,31,19
8,34,45,6,0,27,27,0,43,15,5,26,47,38,12,0,13,32,54,37,36,3,21,15,36,35,17,37,33,25,55,26,31,27,42,26,8,13,31,45,46,54,3,44,49,38,50,10,37,17,11,2,43,5,42,19,52,31,47,22
31,52,0,32,59,48,6,35,30,3,12,16,8,39,31,7,8,27,29,54,48,48,3,17,39,0,7,17,12,31,35,11,11,25,39,1,5,38,15,5,39,52,49,4,38,21,46,44,13,33,25,6,5,50,13,37,17,4,12,9
48,0,26,43,11,46,18,11,14,49,10,26,20,52,40,30,53,12,33,42,21,24,36,1,19,14,57,38,27,51,9,39,11,21,45,56,56,10,7,5,20,7,56,10,50,7,41,33,54,13,40,22,31,40,40,1,14,52,23,57
1,42,46,0,24,51,12,29,15,3,26,14,3,50,6,41,24,45,0,29,24,31,1,25,43,1,45,58,26,47,42,43,7,36,23,31,27,45,54,6,49,31,5,10,39,16,31,55,9,59,8,58,25,59,34,49,23,42,38,11
21,55,48,36,2,18,25,19,43,9,18,11,5,18,20,50,54,41,45,53,19,46,45,14,2,4,39,32,34,14,15,59,41,13,58,43,53,36,57,29,14,27,3,2,41,13,42,15,53,35,13,55,37,33,46,22,37,34,29,0
23,22,56,13,48,50,49,15,53,58,38,29,58,59,11,55,26,57,28,6,25,36,11,16,25,48,51,11,56,28,19,28,38,43,8,7,42,4,41,26,59,56,59,28,24,26,3,17,36,22,49,33,43,11,30,5,1,50,38,37
1,37,34,25,12,40,50,13,10,42,58,3,11,24,7,23,4,57,25,52,18,28,12,18,54,55,7,38,3,37,37,41,43,12,13,48,52,7,23,59,40,55,44,37,7,55,23,27,24,48,21,29,37,40,40,55,29,11,40,15
53,55,39,26,4,59,58,36,23,8,50,44,38,26,25,54,50,33,5,38,33,12,27,16,43,39,17,36,0,21,29,46,0,5,48,38,21,37,16,29,39,42,1,55,12,9,21,49,17,5,5,4,47,53,57,30,34,29,23,31
0,27,25,23,13,31,41,28,10,47,18,57,50,33,5,4,12,59,33,47,1,53,43,37,57,40,43,12,43,38,8,53,13,47,1,34,9,59,54,26,50,13,33,22,6,57,17,26,51,46,31,47,12,54,2,52,30,38,53,21
55,44,29,4,59,57,45,56,0,35,30,50,43,53,45,38,28,55,9,18,31,55,2,10,39,38,3,59,53,59,3,8,58,32,56,32,11,53,36,24,13,42,33,25,41,49,30,5,1,56,42,56,48,24,31,51,57,7,29,15
56,27,43,33,38,52,25,59,28,14,21,48,17,20,48,49,37,43,54,48,41,43,20,9,10,7,4,50,40,49,25,54,47,50,14,5,57,59,46,35,48,18,28,3,6,57,1,38,1,50,45,44,5,39,39,16,58,55,14,22
40,0,44,27,23,12,59,51,35,33,23,22,1,59,26,50,40,16,23,7,33,33,45,58,20,29,47,56,26,10,40,45,57,10,4,32,3,50,46,31,20,31,13,49,59,34,32,36,31,54,26,59,41,37,17,0,11,47,32,47
13,8,1,54,40,27,41,19,50,51,36,13,10,53,50,57,5,35,2,25,50,48,22,42,48,12,33,7,40,48,1,54,47,50,33,43,17,23,48,16,28,17,42,38,7,3,23,18,39,1,26,42,57,23,29,58,21,2,53,41
56,11,25,40,24,28,43,36,29,3,20,32,45,40,10,57,1,10,11,14,17,45,5,26,30,53,40,47,16,1,16,12,33,53,5,37,22,12,45,40,56,52,57,55,2,40,55,16,3,32,22,9,53,56,21,59,25,46,45,50
19,54,0,41,14,29,54,17,45,13,51,8,45,55,22,59,57,22,18,52,31,10,57,46,32,53,24,20,46,26,37,43,42,5,7,2,26,49,19,27,5,44,19,55,36,7,16,49,35,34,39,30,48,5,13,43,31,46,19,4
13,12,9,28,49,46,4,20,51,37,57,8,45,15,37,36,49,55,35,38,1,8,50,10,26,48,37,40,15,38,6,7,55,50,13,54,54,21,10,30,1,39,58,38,13,23,36,23,35,54,12,31,51,28,20,12,44,56,23,33
5,3,50,8,31,0,14,5,11,19,13,25,52,49,29,18,52,21,3,2,53,11,33,10,42,16,35,1,8,41,51,6,3,50,22,17,1,38,52,17,7,6,6,20,8,12,0,53,58,49,58,55,30,28,53,55,35,42,20,52
48,15,15,5,4,58,8,36,12,28,19,54,33,33,45,32,4,40,55,36,40,26,6,35,24,30,17,58,55,55,29,46,55,52,39,8,4,56,53,19,27,14,54,55,45,58,13,10,18,21,57,13,39,40,52,12,17,4,43,13
27,4,30,19,32,28,29,7,28,15,51,11,40,9,48,37,36,50,56,49,54,23,39,52,14,53,20,48,37,55,49,50,36,2,4,34,1,30,39,26,39,56,38,15,57,28,1,28,51,57,57,42,16,6,10,29,44,39,50,53
55,46,11,37,43,2,20,28,50,18,30,9,26,34,11,47,4,23,38,39,59,42,26,29,6,29,47,33,3,42,17,48,29,40,2,35,24,3,34,39,53,51,26,45,8,11,0,15,14,9,45,15,28,22,42,25,0,48,14,6
35,29,50,19,19,19,13,30,53,17,35,34,30,38,42,5,36,29,57,40,17,7,42,52,34,18,39,58,34,37,15,9,41,21,39,48,29,0,44,38,38,24,28,25,23,58,34,14,6,51,51,27,25,40,59,2,59,12,6,45
25,50,24,29,55,10,13,52,59,21,32,16,6,4,53,31,23,43,16,51,2,1,15,48,23,13,46,12,45,11,4,57,32,46,29,44,8,14,47,35,42,54,37,22,15,10,16,33,59,21,3,14,35,22,0,15,3,58,5,8
0,22,31,41,41,17,32,14,44,41,22,0,0,51,31,24,47,17,15,30,27,31,20,54,35,27,4,59,9,36,9,2,33,6,31,39,4,15,22,3,34,26,51,3,18,42,38,39,18,32,44,29,38,5,53,11,27,26,49,1
30,49,49,4,50,44,24,13,49,31,31,18,39,31,26,15,28,15,33,44,0,27,56,58,45,10,36,7,17,28,18,37,45,53,39,46,33,1,59,18,35,3,27,40,53,57,45,1,18,15,26,5,28,23,57,23,47,45,6,20
10,58,56,10,46,43,28,46,3,35,1,26,31,0,45,6,7,31,44,24,37,40,0,1,38,46,9,23,22,9,3,4,36,10,1,1,51,27,59,6,17,53,44,2,15,6,52,56,40,24,7,9,33,41,23,12,6,6,56,53
0,11,20,1,19,59,5,59,8,17,36,34,52,55,45,15,35,7,12,44,36,56,19,2,24,48,6,11,28,25,30,26,12,7,5,25,38,28,45,21,13,17,39,7,30,52,45,46,18,2,57,3,32,1,53,15,59,23,23,12
43,7,33,26,15,6,21,34,26,15,44,30,44,25,55,19,39,33,13,33,39,41,2,48,41,49,17,26,26,37,54,52,45,59,9,33,49,18,10,58,54,26,10,2,54,34,46,52,14,51,4,31,1,10,56,17,13,23,13,43
3,11,49,24,14,4,26,31,17,27,38,14,49,51,15,1,37,25,47,47,9,12,10,11,43,22,27,4,4,37,22,35,59,48,53,32,0,26,48,14,38,22,2,25,19,3,41,19,23,57,1,17,40,57,44,59,5,0,41,42
28,24,26,50,11,32,58,7,38,6,23,43,7,9,7,8,48,55,48,15,4,59,20,41,37,2,49,29,59,45,54,11,22,20,28,20,11,5,27,39,7,41,44,18,23,32,6,22,11,52,42,48,42,56,8,10,38,56,10,14
32,22,39,45,26,43,27,52,17,35,36,16,54,20,13,21,0,49,52,12,28,40,20,22,6,28,8,25,2,57,21,51,32,20,21,33,19,1,48,4,58,58,32,12,26,17,2,27,32,52,0,30,44,10,48,11,38,58,16,17
46,2,9,1,32,38,13,59,49,50,23,2,33,36,28,58,24,13,42,32,48,19,25,23,9,11,25,52,36,45,33,8,55,40,26,51,47,27,24,5,23,53,10,57,35,36,51,1,47,40,2,51,52,23,7,1,25,34,27,58
22,34,39,43,4,19,40,54,2,58,57,38,29,58,0,16,19,45,57,10,43,20,30,2,14,46,17,31,44,39,56,27,7,23,10,38,10,6,26,15,44,6,17,45,15,20,23,50,14,36,34,38,59,9,6,0,54,18,1,33
26,13,50,52,35,32,15,11,21,11,26,53,25,24,23,43,44,19,24,17,23,19,40,44,5,29,42,18,55,30,19,21,38,7,8,18,21,37,44,37,36,28,11,49,41,49,52,21,18,56,8,12,31,11,37,15,4,24,55,58
51,15,17,32,27,9,4,58,22,28,10,55,21,6,55,26,53,30,54,15,36,43,46,57,9,6,13,0,55,47,8,25,14,22,25,24,55,32,26,27,6,0,31,13,49,34,26,32,49,9,37,52,14,40,17,27,11,36,37,46
57,53,57,59,22,16,52,16,55,46,50,4,56,16,28,13,18,30,47,19,14,18,41,9,44,32,32,7,8,21,57,6,47,37,52,5,50,45,5,3,17,53,4,32,9,6,54,51,21,4,47,46,21,33,2,9,30,14,22,53
11,8,15,15,28,28,33,9,16,25,28,47,23,32,14,37,30,40,0,18,24,31,21,17,47,1,24,6,48,52,52,18,38,22,31,20,31,30,53,18,0,14,29,15,24,46,27,23,29,54,11,0,24,15,13,1,26,43,10,0
52,6,41,21,25,1,14,8,8,1,14,50,51,42,16,50,59,16,55,15,19,24,18,19,38,32,11,23,43,59,22,46,23,14,16,36,45,50,57,41,51,13,18,34,36,13,18,23,42,19,31,22,55,16,29,21,6,38,45,3
52,28,34,58,21,6,34,20,58,37,53,17,6,41,29,10,55,48,18,33,12,41,44,48,27,16,36,51,36,16,42,23,4,23,18,31,17,44,59,27,24,30,25,32,20,4,18,47,15,18,5,28,10,31,47,47,58,51,22,41
53,19,49,7,50,0,4,38,55,30,20,14,2,4,27,40,6,27,35,57,29,23,24,34,25,56,32,41,29,13,13,4,13,4,53,37,31,34,26,7,25,9,48,36,31,59,44,39,59,47,18,42,30,19,21,22,50,38,6,51
2,47,10,4,15,22,24,53,22,4,34,21,45,21,51,19,56,35,15,41,14,12,28,45,56,42,30,27,39,6,25,40,0,0,19,27,3,39,30,57,17,50,25,18,9,37,48,37,5,42,15,2,33,58,42,15,6,33,40,29
16,48,46,41,33,53,41,47,11,53,27,34,39,28,15,10,40,51,53,3,56,34,52,14,32,17,0,24,27,59,11,19,50,31,50,25,47,32,40,28,57,28,32,10,16,39,46,21,17,35,53,14,28,56,2,57,24,16,20,20
18,37,4,24,19,54,1,6,25,25,41,11,48,5,21,3,9,15,5,44,55,9,9,55,52,8,49,26,0,57,59,25,36,29,36,5,43,24,21,28,8,41,2,24,27,56,24,25,4,13,15,46,21,3,46,47,3,27,4,33
18,1,57,9,28,51,5,47,38,36,11,5,47,25,57,15,17,5,29,18,23,30,27,27,44,6,32,35,1,13,45,24,48,2,33,4,50,0,7,14,4,54,46,58,23,0,9,28,52,14,45,43,27,11,37,36,48,33,13,36
51,0,3,57,50,42,8,39,37,39,6,14,5,12,38,25,44,52,45,59,44,25,12,4,37,44,41,5,30,48,12,6,44,19,33,13,5,31,16,11,17,52,46,59,33,42,40,55,56,31,4,59,13,26,26,27,33,29,44,53
16,53,38,31,20,30,7,55,19,6,1,59,13,41,22,32,13,56,7,43,39,11,20,51,25,50,19,17,19,49,58,2,46,3,29,16,36,14,58,38,33,28,34,46,45,28,16,50,25,11,37,48,15,7,17,31,57,13,7,45
37,12,10,54,19,41,17,10,1,9,57,47,16,57,47,31,58,25,52,17,17,19,56,48,6,43,25,46,34,21,39,41,32,40,5,47,3,25,5,12,16,44,47,38,44,58,6,39,38,22,59,36,0,7,1,3,7,21,44,42
53,2,9,10,32,36,56,42,35,45,12,41,5,36,42,18,29,51,35,23,15,4,59,36,46,30,39,33,31,57,9,19,49,34,30,56,47,7,39,57,6,44,11,9,36,29,3,47,42,3,3,26,25,53,57,13,50,25,31,4
46,40,12,46,56,14,20,48,36,51,6,14,50,18,2,4,20,36,4,21,6,45,52,37,50,25,44,56,59,36,34,24,59,35,33,46,15,43,27,16,4,20,41,12,6,38,13,25,20,3,54,22,39,37,24,42,16,18,54,2
19,13,6,44,16,54,40,29,30,15,44,3,3,27,43,37,42,32,47,12,39,27,29,41,6,13,58,26,30,39,51,56,27,34,35,31,29,58,32,1,32,26,4,21,13,45,38,22,39,23,38,36,33,21,46,9,56,7,30,59
29,14,50,40,49,33,12,31,42,54,15,9,54,18,30,51,20,1,4,31,57,34,44,25,49,57,36,15,12,8,38,55,11,39,36,39,32,57,19,7,57,2,19,1,57,28,49,34,15,11,37,50,44,13,20,38,59,52,7,29
30,24,15,58,29,36,58,45,55,52,7,30,46,21,38,27,14,46,29,35,57,12,1,13,4,14,24,36,28,47,18,47,59,13,48,48,47,18,5,35,44,51,9,53,6,5,4,32,48,26,27,27,12,30,51,14,0,52,18,17
7,19,54,46,59,17,34,14,1,38,49,7,8,7,56,38,3,35,7,44,26,48,22,59,20,54,41,25,42,6,42,32,46,48,43,10,53,18,35,40,25,58,47,16,55,32,15,30,50,50,45,34,9,23,46,59,56,3,15,25
8,35,56,51,17,57,49,23,0,41,34,22,50,37,52,49,15,28,8,37,42,59,36,3,18,53,22,3,10,6,31,55,59,20,41,16,2,20,15,52,17,42,30,41,28,57,15,57,59,7,5,1,13,0,18,46,57,18,39,58
3,13,5,16,27,33,50,31,15,23,8,30,42,58,22,14,45,11,39,35,0,8,52,32,24,7,35,33,25,11,7,5,48,18,26,34,57,4,59,26,30,16,51,38,45,55,17,16,57,54,40,27,55,35,28,7,30,26,23,51
46,48,48,19,29,9,1,24,15,36,38,32,47,37,40,28,14,45,45,41,24,28,49,56,9,28,48,51,24,39,16,19,30,20,16,21,9,50,42,26,40,33,59,53,29,36,52,53,53,25,2,44,13,10,1,38,5,17,32,24
47,49,49,16,2,23,49,36,44,28,2,26,37,49,20,58,25,10,21,49,55,44,59,34,30,38,18,52,18,50,57,43,54,19,7,21,44,56,22,50,31,10,24,55,0,36,52,20,1,50,54,40,8,43,3,11,59,20,12,51
47,13,13,48,24,21,1,53,57,14,48,33,34,12,27,4,55,7,14,55,9,12,13,34,40,1,57,24,9,52,39,0,21,48,52,14,14,33,13,53,38,21,54,1,45,49,40,56,5,1,49,2,11,31,52,32,50,56,38,1
44,41,6,0,37,30,41,7,6,4,17,37,31,13,36,59,9,51,3,20,33,42,59,44,8,38,46,59,42,42,13,36,21,23,4,39,50,52,7,33,17,16,34,42,31,22,31,4,37,3,56,19,1,24,8,3,47,30,31,51
49,28,46,9,45,45,37,58,1,22,31,49,24,53,4,9,53,27,23,9,33,21,56,11,57,7,3,53,38,17,26,2,5,54,8,20,4,26,11,58,23,57,9,44,59,55,59,53,32,47,25,54,22,29,0,0,34,6,9,31
47,56,8,27,46,55,3,37,30,56,56,8,18,56,15,3,29,58,32,42,58,16,0,53,25,18,30,10,1,40,32,14,58,22,11,58,53,53,49,26,32,33,30,47,4,6,12,28,39,58,24,38,19,10,17,47,40,12,20,41
42,8,41,13,2,27,11,7,40,11,36,16,26,40,13,1,24,47,25,16,48,50,58,52,45,35,33,19,46,57,44,46,11,49,16,8,36,36,3,39,2,58,34,23,40,33,32,3,26,29,31,48,18,44,24,21,53,49,20,40
55,18,15,52,42,0,21,37,9,15,37,11,13,50,43,1,20,24,54,34,39,3,30,23,43,37,28,33,24,53,49,2,30,13,4,7,33,8,18,23,32,28,42,18,3,55,41,2,28,30,43,28,42,53,26,44,33,32,35,35
46,46,56,48,18,32,20,34,41,52,4,11,37,18,17,28,26,19,27,12,48,48,3,13,52,53,59,16,44,50,57,13,33,1,1,34,28,21,19,24,31,49,34,32,2,25,43,36,44,52,21,57,47,3,34,33,0,54,3,9
22,8,27,13,7,14,49,49,32,17,13,22,5,39,29,35,13,42,34,5,51,5,53,20,9,16,37,21,14,8,49,58,21,7,36,3,21,37,57,52,0,0,47,43,39,20,4,2,53,14,18,7,10,33,49,6,54,7,11,10
5,17,7,22,46,23,24,24,28,3,14,55,53,28,16,41,37,23,1,17,5,57,2,11,39,30,27,12,41,47,1,14,6,30,9,44,9,57,34,43,20,13,22,11,48,40,59,16,10,8,18,52,53,54,19,31,40,52,44,26
49,42,44,18,35,4,45,42,41,20,17,39,20,1,0,40,24,3,12,43,39,57,24,4,28,43,17,28,36,15,49,27,21,40,17,27,32,18,29,27,37,18,27,4,4,25,15,7,9,14,10,40,0,24,31,7,3,24,19,24
5,30,35,20,51,8,28,39,53,53,17,54,19,48,38,41,6,33,19,17,29,34,4,43,36,7,28,20,32,52,37,26,55,18,25,17,3,46,18,54,58,53,32,42,44,35,34,43,41,8,44,57,16,56,58,11,38,29,56,3
9,35,44,28,35,5,47,22,47,19,7,11,38,57,56,21,34,44,9,10,0,4,38,41,58,52,8,24,43,38,19,12,35,16,58,18,4,9,18,30,15,43,4,41,16,38,28,55,28,33,45,55,14,3,52,33,24,13,29,32
45,32,26,28,22,49,42,55,20,24,44,9,36,18,21,26,55,2,26,57,54,24,43,37,52,21,25,37,17,17,14,0,31,0,23,11,51,4,4,12,20,37,35,43,29,3,57,13,23,33,53,27,18,45,17,35,17,34,39,46
7,8,10,30,33,48,47,37,42,31,6,57,13,3,46,24,22,39,14,35,17,26,22,29,46,26,23,48,35,48,53,0,1,39,46,16,14,35,13,19,55,13,48,54,56,38,7,11,4,30,5,49,27,42,33,13,32,58,19,16
4,25,21,31,2,29,49,19,39,43,10,24,20,51,22,58,14,29,13,57,20,13,42,47,33,17,19,57,59,33,25,36,31,8,55,16,46,8,20,7,4,25,51,15,57,22,34,12,3,30,43,36,52,49,30,19,16,56,34,35
23,57,21,9,57,35,39,53,47,43,36,14,30,12,48,13,34,47,24,30,5,35,37,45,13,55,44,40,27,34,43,21,53,31,31,18,25,9,22,33,49,37,20,34,26,26,47,15,8,44,46,21,28,37,56,7,2,21,54,52
3,23,39,58,0,49,51,9,29,40,22,27,48,41,48,57,39,42,4,59,27,6,43,0,0,51,23,7,53,42,6,17,59,58,38,13,47,12,32,19,17,10,37,41,32,54,6,17,6,54,19,5,45,38,17,21,6,31,50,15
8,37,13,57,58,16,27,15,36,43,21,55,21,53,12,6,25,21,16,48,50,30,14,55,48,55,24,11,51,0,18,6,32,53,14,59,48,44,23,55,35,17,59,6,16,46,41,41,21,10,51,51,36,51,58,39,20,23,5,39
38,36,43,9,28,8,25,26,55,9,24,54,23,19,52,12,7,45,8,27,21,31,43,16,31,22,10,33,7,15,1,33,16,30,8,13,10,50,26,36,21,30,57,12,29,44,21,14,42,45,6,16,44,45,22,36,40,3,33,59
16,55,9,33,41,27,13,6,41,27,44,34,7,40,16,20,51,5,23,12,15,0,40,9,7,13,25,36,14,14,12,25,30,13,2,34,19,5,0,38,54,3,25,43,7,56,23,10,41,23,14,16,33,10,40,41,5,14,3,15
54,58,28,31,53,48,28,44,4,13,55,53,6,24,20,58,58,36,3,11,6,8,0,0,14,0,45,3,50,33,56,5,39,29,39,22,57,21,32,31,7,23,53,51,2,45,30,29,15,58,49,1,8,16,58,58,41,2,59,25
46,41,5,20,45,16,42,18,53,3,58,18,56,2,53,31,37,16,43,36,40,19,6,16,33,43,42,1,42,15,17,4,24,7,46,37,38,1,19,40,25,26,34,11,31,31,34,41,23,23,12,6,16,33,39,27,45,20,8,41
16,51,7,13,43,48,41,23,32,17,27,1,8,12,25,39,10,17,45,22,2,57,29,51,20,13,3,27,17,20,13,19,0,29,38,27,51,37,26,54,10,46,21,19,56,41,50,1,31,40,38,58,42,6,38,9,54,36,41,15
10,1,25,44,5,51,8,13,35,1,4,39,55,20,10,24,1,4,9,51,55,5,42,50,27,8,12,47,20,55,39,39,47,3,17,45,40,59,53,9,11,12,24,43,21,38,27,4,15,2,28,45,45,22,17,21,15,26,19,37
2,14,3,28,39,28,55,43,44,49,6,3,54,30,3,35,39,33,12,42,9,27,2,4,30,27,18,25,48,46,56,5,33,8,38,58,8,40,24,44,19,31,20,28,5,12,47,36,54,6,57,8,24,45,58,36,6,11,55,15
52,37,19,31,56,36,16,29,2,46,10,48,10,17,56,46,11,58,12,7,24,41,27,21,54,15,43,52,50,31,25,0,16,8,4,27,17,58,48,3,46,6,56,23,6,54,57,59,1,38,50,49,40,27,34,57,4,17,49,39
34,8,2,14,56,17,54,38,0,31,44,4,25,41,58,34,12,27,44,4,16,20,22,16,17,51,30,9,45,28,14,35,37,45,13,50,26,44,24,20,32,35,15,26,8,0,37,48,58,17,10,55,12,17,23,17,4,37,2,46
22,25,45,13,16,45,16,5,16,9,37,10,29,42,11,30,17,4,55,51,17,35,5,21,46,9,19,19,20,56,12,44,57,12,4,6,20,58,30,45,50,40,26,4,28,2,38,36,3,11,13,49,26,23,45,46,41,25,49,35
50,28,18,20,12,47,6,29,1,1,22,15,49,49,11,23,10,36,27,35,21,14,36,35,19,5,58,34,46,10,52,31,33,9,36,35,31,34,57,4,22,26,48,12,3,36,31,32,20,0,46,20,36,42,2,20,42,36,34,5
45,37,56,58,27,51,4,19,20,3,24,53,2,58,24,18,12,15,52,1,50,45,39,29,15,50,7,22,38,23,7,7,7,54,30,14,19,40,39,31,59,58,22,59,46,37,36,5,8,23,34,13,38,0,34,3,31,47,40,28
15,44,17,29,12,10,47,10,25,41,31,27,5,29,9,52,32,35,39,52,8,38,24,36,12,35,27,49,15,21,19,11,28,5,10,12,1,22,12,27,50,46,13,19,51,1,43,47,1,40,13,40,5,0,45,3,59,52,7,56
50,17,10,17,5,48,40,43,52,28,42,15,4,56,16,16,21,40,18,48,37,43,27,28,26,15,50,3,5,22,43,51,51,8,42,6,53,49,48,24,36,54,9,42,48,12,42,41,50,51,10,19,58,33,35,4,5,56,4,41
10,57,20,14,8,59,2,14,5,9,31,4,53,46,2,34,23,40,58,33,57,55,31,45,26,21,56,11,1,58,3,11,44,33,44,17,34,38,16,17,57,54,2,37,4,10,11,20,2,51,46,5,24,40,51,33,53,9,13,48
59,41,8,5,32,37,7,55,11,38,52,28,27,26,2,30,39,22,43,19,40,58,0,12,49,0,35,25,12,8,48,17,46,25,33,49,20,34,46,48,34,15,4,32,22,9,27,48,12,3,24,49,18,0,56,43,5,6,21,5
50,4,32,6,55,23,43,29,58,1,55,0,34,15,42,33,44,34,55,30,22,23,52,41,39,54,21,38,15,6,46,6,53,5,35,18,56,8,18,47,11,52,18,27,16,21,6,24,55,6,56,29,16,8,33,23,53,0,27,39
25,4,32,30,34,44,34,41,29,3,15,26,9,23,57,17,12,42,30,42,37,22,56,21,5,53,6,0,34,56,50,10,44,35,3,20,47,58,46,35,31,7,3,46,24,40,42,32,47,15,42,20,6,18,58,51,7,52,27,58
45,39,5,6,0,3,57,51,53,52,43,46,52,20,4,15,32,58,26,59,8,33,12,13,16,38,16,36,15,53,1,22,46,26,9,23,2,41,42,8,56,45,31,54,18,41,34,44,41,27,35,43,15,20,0,40,59,38,8,43
57,35,45,31,38,21,28,53,41,10,15,2,38,51,56,39,29,16,53,0,10,41,57,56,46,7,9,49,56,41,49,58,13,9,5,4,59,32,44,58,45,11,45,2,11,26,52,2,7,19,10,25,31,22,6,40,53,17,44,21
45,52,20,31,49,44,52,6,7,37,12,9,27,36,57,42,32,16,44,27,43,8,44,27,1,6,19,54,35,44,22,30,23,28,16,23,45,59,19,56,39,7,51,39,58,19,10,49,18,21,10,4,54,13,6,7,48,30,45,21
19,44,28,4,12,56,39,39,35,3,44,55,18,28,7,39,39,26,34,49,41,8,36,15,14,31,45,34,20,47,46,36,11,3,18,27,15,18,35,41,48,25,7,18,6,51,29,17,40,44,56,23,1,21,19,47,25,9,17,52
9,43,3,45,49,5,54,58,51,44,53,20,0,40,56,43,9,50,10,26,32,45,23,21,57,18,9,34,33,23,53,20,17,27,48,52,53,37,42,20,37,31,41,45,14,47,56,52,38,16,24,42,33,48,0,42,44,55,12,27
46,13,13,47,29,55,59,1,37,52,5,44,51,1,30,15,36,38,33,21,6,7,5,15,47,44,36,52,53,21,23,1,45,2,54,53,29,55,30,52,15,7,49,25,32,48,37,29,40,56,9,28,43,5,34,31,12,7,1,25
3,41,38,48,2,19,39,49,52,8,45,16,47,55,18,30,9,34,17,31,58,1,56,10,12,57,55,58,6,14,16,5,32,29,45,0,25,27,59,13,43,23,45,28,9,23,33,13,51,20,36,23,2,5,45,34,7,9,24,39
29,9,17,40,27,16,0,54,0,24,38,33,27,20,56,20,44,51,54,35,10,49,32,2,42,24,45,35,11,12,9,45,5,34,18,12,19,34,14,31,3,44,0,50,40,14,38,12,21,44,29,0,53,49,52,26,30,23,31,19
10,45,8,45,41,36,31,51,56,32,52,26,25,8,0,9,12,43,51,44,37,34,35,43,15,52,54,10,41,42,15,41,58,8,15,37,7,32,3,50,31,27,36,18,45,6,11,17,31,39,9,13,52,15,57,4,14,1,6,10
54,31,55,26,9,18,50,48,42,41,5,14,46,26,16,15,50,29,11,30,37,53,26,40,31,20,32,53,15,1,44,22,10,54,15,47,42,56,55,10,7,42,2,35,45,1,3,47,15,17,23,4,43,8,36,21,22,14,28,16
43,18,18,19,39,4,46,6,6,3,15,46,50,5,15,37,45,18,23,29,46,38,57,9,34,42,39,29,31,27,3,41,35,22,35,58,52,8,53,5,48,59,56,14,5,54,4,17,47,0,7,24,16,47,19,55,36,54,39,35
11,24,56,5,39,34,25,47,48,49,48,16,24,30,48,23,22,5,37,19,28,32,4,9,7,5,6,31,33,0,0,3,55,55,33,0,32,26,44,19,30,54,38,10,46,47,51,14,47,27,38,2,26,30,40,2,37,11,35,18
29,31,59,7,41,17,48,15,37,46,16,29,56,18,13,19,52,20,27,45,47,2,10,59,12,39,49,33,22,17,23,9,26,16,18,48,53,1,18,38,28,50,9,12,33,57,45,33,15,58,40,9,5,27,8,6,12,43,8,18
42,1,24,0,45,16,59,6,14,56,24,16,44,5,2,49,21,22,54,16,55,28,30,1,45,23,39,5,50,50,20,42,53,2,20,22,32,31,53,47,57,29,32,13,20,0,11,6,35,17,21,57,45,27,58,39,16,23,52,12
43,15,26,38,7,16,39,36,17,11,11,5,22,43,22,57,7,55,38,44,48,21,48,4,21,59,29,58,0,9,38,53,30,17,47,50,57,12,0,15,11,56,3,14,59,27,54,25,2,25,8,52,59,55,51,58,12,20,8,53
44,48,57,50,39,52,27,28,16,3,26,2,42,33,10,55,55,21,45,34,16,10,22,3,7,5,35,53,17,51,14,50,23,30,11,35,43,27,44,40,50,38,28,46,6,33,4,59,8,32,28,47,30,38,1,20,13,5,46,57
34,8,45,33,19,52,12,32,45,57,4,38,26,34,35,51,34,20,44,16,1,4,28,37,6,37,1,50,50,34,50,57,52,42,34,42,43,37,38,29,45,14,3,6,52,52,28,41,48,23,57,35,43,49,14,4,13,14,14,11
55,29,4,59,21,47,9,25,13,23,26,23,45,57,48,27,18,10,24,50,13,28,33,41,49,16,56,37,30,17,41,58,2,32,33,31,48,29,52,24,56,33,20,2,25,22,27,44,26,3,37,57,50,35,16,38,7,31,6,27
36,11,26,52,4,49,30,0,50,28,54,32,59,10,17,29,36,47,40,11,30,20,6,56,0,29,3,36,47,31,17,15,58,17,5,24,53,1,16,26,56,27,55,59,2,20,45,13,6,20,15,45,22,28,34,45,50,34,1,10
55,31,33,49,4,12,25,23,22,40,11,17,30,39,34,53,49,58,59,20,32,16,29,6,0,36,32,47,34,30,45,5,7,30,14,31,11,2,55,59,35,51,41,33,50,4,19,7,30,32,24,20,11,44,6,15,54,51,28,9
38,56,34,26,36,41,34,2,27,35,49,12,14,52,18,34,42,2,32,30,2,6,43,17,27,11,26,14,55,17,10,24,26,21,38,1,25,24,48,54,27,43,15,12,32,50,28,12,49,4,5,13,15,23,57,48,8,2,35,19
40,45,29,30,22,46,0,2,54,24,44,4,18,42,25,15,57,9,32,28,30,58,37,17,17,22,51,4,1,44,37,40,55,11,50,32,59,50,58,1,15,27,52,59,25,16,16,56,29,34,0,27,56,28,42,33,28,41,54,40
29,18,50,3,58,32,29,47,47,16,3,15,6,1,9,51,20,46,49,23,3,54,50,11,16,10,46,9,4,19,39,46,59,1,40,29,50,14,36,8,41,6,22,33,15,59,53,28,55,25,23,6,14,5,37,24,37,51,11,25
37,46,13,57,26,32,10,10,31,44,54,22,16,38,15,44,2,6,35,11,32,50,55,39,30,30,8,11,0,42,12,0,8,20,37,36,58,20,35,14,19,39,29,12,39,18,53,43,49,20,31,20,55,9,24,38,19,33,31,50
1,24,3,46,33,18,28,46,9,59,10,33,24,29,14,36,48,9,31,9,10,44,18,22,49,28,18,28,47,30,57,50,50,48,45,22,22,56,53,33,53,13,21,19,40,33,29,59,18,51,38,24,50,51,51,1,0,14,9,54
47,2,59,46,2,1,4,16,41,44,3,56,19,38,28,43,29,0,46,13,50,59,32,25,55,4,56,11,48,48,36,24,50,20,42,32,18,33,8,20,32,57,32,53,11,18,8,10,18,30,49,48,9,36,4,0,7,7,50,4
17,34,43,27,20,27,41,38,53,14,40,40,46,8,37,2,3,42,32,15,44,11,36,52,45,23,30,0,30,49,59,41,9,20,25,29,35,39,19,27,24,36,40,19,21,17,29,9,12,20,20,0,21,50,56,43,52,0,20,11
19,44,46,21,13,29,38,30,24,7,0,35,50,17,55,42,27,51,14,41,40,1,2,50,0,55,56,16,15,41,29,58,25,54,51,0,7,11,25,42,37,43,56,22,29,0,8,36,32,16,28,53,47,30,15,47,44,32,22,3
50,4,49,40,5,53,31,17,39,19,10,58,38,27,59,23,53,9,26,39,23,21,59,49,9,26,44,0,41,50,44,59,5,48,16,45,0,35,30,12,38,16,47,13,46,36,7,52,9,31,40,19,28,46,44,29,29,44,21,9
30,2,26,41,12,41,34,9,55,36,23,37,23,8,36,52,54,22,25,18,7,26,6,7,52,44,41,44,16,13,5,41,12,53,50,26,45,51,36,30,41,26,49,37,59,56,10,26,42,29,38,36,23,0,54,19,12,31,14,24
7,55,37,18,5,59,15,49,40,5,51,3,33,24,40,6,57,30,24,23,6,35,52,46,25,17,54,35,36,19,37,6,57,36,13,38,3,34,47,18,56,8,57,23,46,27,50,19,43,53,25,51,34,31,39,39,36,51,49,53
34,57,4,35,47,59,38,53,54,42,4,21,5,57,4,41,8,1,35,2,48,29,50,44,19,3,20,43,19,42,20,36,15,54,16,16,52,14,25,44,41,4,23,57,42,36,7,26,10,9,0,37,10,17,0,50,54,44,2,18
34,36,46,24,52,24,27,26,45,17,21,15,59,40,19,3,20,24,27,48,12,7,24,31,4,7,56,6,10,51,11,47,6,38,58,24,55,48,38,11,12,23,30,15,7,45,40,46,36,29,56,18,24,25,33,13,51,20,20,21
48,40,42,36,16,11,8,18,59,42,18,25,14,31,49,16,48,4,14,58,11,6,51,47,54,4,13,25,13,10,30,11,52,35,41,0,47,20,24,19,35,21,22,59,36,41,0,13,27,55,55,34,22,29,39,3,16,39,44,56
40,7,10,54,3,34,19,10,54,10,40,21,11,4,12,24,11,44,13,2,45,29,18,32,6,36,14,9,55,56,31,12,31,0,48,41,3,4,22,59,50,20,0,34,5,48,9,58,26,55,37,28,24,38,40,19,31,24,9,36
36,50,41,49,50,13,14,51,35,59,48,52,33,51,54,44,5,41,54,58,7,35,51,40,45,39,17,31,22,11,20,42,55,29,37,14,18,32,46,39,9,11,41,7,57,15,31,48,15,38,36,29,53,29,6,42,31,6,33,31
18,36,13,1,56,36,8,58,50,6,12,14,3,1,0,2,41,35,11,23,52,5,12,18,18,55,7,4,57,11,59,21,42,14,12,57,52,19,19,44,10,57,36,4,44,6,9,43,24,46,4,4,22,5,22,44,56,46,8,14
52,33,6,55,38,2,50,48,3,26,49,38,35,49,15,16,18,47,52,16,46,29,36,47,50,36,49,26,9,54,28,26,36,19,11,43,19,6,44,47,1,36,52,53,39,46,19,8,0,45,44,33,55,11,1,42,2,18,11,36
57,34,54,2,4,31,0,23,23,38,56,38,53,13,20,0,12,41,1,30,13,42,59,39,48,33,51,58,35,30,39,3,41,56,43,14,25,30,49,10,36,21,27,37,48,31,9,31,47,29,26,9,26,1,52,40,30,17,58,17
17,13,48,29,16,9,19,56,46,12,36,19,16,50,19,30,2,53,24,18,2,39,58,51,24,53,21,39,8,36,12,15,15,13,38,31,22,43,15,2,25,54,38,9,3,56,54,24,13,35,26,23,27,10,28,35,23,18,58,3
34,32,35,40,2,17,36,36,23,22,37,25,26,25,35,55,40,42,36,46,1,34,1,23,26,3,55,23,32,16,44,26,16,21,16,41,15,37,1,22,17,9,33,21,51,41,11,16,57,32,57,39,56,46,8,15,56,40,46,44
6,33,38,9,45,28,47,11,2,36,50,35,23,6,35,56,8,9,29,34,45,11,33,30,33,43,34,21,25,21,24,4,54,13,57,50,43,39,44,4,5,9,22,47,20,51,12,52,41,53,29,57,52,8,46,53,27,2,49,15
50,2,7,23,47,13,21,6,2,6,51,31,41,0,53,19,8,44,35,27,34,28,54,55,8,27,13,11,11,57,25,30,26,59,25,56,46,40,32,22,44,28,36,54,18,32,53,58,26,28,36,7,23,39,8,49,18,6,46,19
53,55,17,19,3,0,10,18,9,10,28,20,59,26,24,21,38,3,32,32,54,49,26,24,33,17,32,46,14,19,47,31,21,46,47,40,58,33,31,48,32,1,3,15,51,15,55,57,57,18,8,38,35,43,15,20,7,59,45,28
55,58,25,0,8,1,15,22,22,57,10,25,33,7,2,16,42,56,38,1,53,14,19,7,17,58,50,32,27,10,2,42,31,31,56,53,11,43,12,8,19,39,41,55,49,55,41,18,48,50,54,5,30,39,26,36,54,23,32,41
21,9,47,45,59,22,52,26,49,10,15,45,23,9,26,20,49,57,46,14,45,47,9,13,8,51,29,36,25,3,32,3,50,49,41,33,22,39,47,50,40,18,49,11,20,27,45,13,11,34,54,30,1,56,54,56,31,40,34,52
25,0,42,19,50,36,19,39,28,40,31,16,10,21,29,18,49,42,12,23,15,10,43,20,39,42,4,45,20,28,14,15,33,7,45,36,38,2,24,6,43,10,31,15,52,2,10,49,42,8,57,57,8,39,52,19,14,30,4,7
59,43,25,27,6,59,44,2,31,30,59,16,57,34,53,13,3,16,58,50,21,46,16,10,38,36,43,8,23,20,57,18,0,36,30,53,16,47,54,4,37,18,51,6,21,2,18,41,55,38,28,46,7,59,42,10,29,15,2,0
3,45,55,5,16,9,16,42,29,26,13,5,29,2,6,50,45,30,24,19,11,1,34,54,2,20,55,30,8,35,2,42,34,26,27,42,52,36,19,21,6,44,18,23,12,4,42,9,42,40,33,23,11,1,59,17,42,26,2,21
22,59,3,20,32,7,31,1,53,12,20,33,44,19,0,19,35,21,59,32,2,47,44,47,42,58,17,1,39,46,31,38,37,32,17,16,56,6,19,43,1,17,53,57,45,38,50,40,10,39,9,37,39,44,28,59,18,23,53,43
22,52,10,41,55,42,57,46,40,49,13,51,20,3,1,19,42,20,5,57,1,48,12,14,56,10,52,24,27,15,7,23,14,33,30,32,7,9,31,15,35,22,18,30,3,21,38,6,5,48,16,57,29,19,23,4,24,13,2,49
3,29,8,47,54,13,22,13,33,3,49,47,3,27,27,42,41,9,49,12,55,13,53,15,55,54,8,29,19,1,25,25,54,34,57,29,10,47,1,10,41,55,41,43,28,59,3,27,10,30,39,37,14,14,31,53,9,41,7,33
15,37,11,43,15,3,36,6,27,6,13,20,38,41,1,27,20,32,38,20,14,42,2,35,54,26,26,50,13,19,25,38,30,54,20,49,28,47,30,34,45,54,53,56,51,56,31,18,38,52,14,23,18,34,44,51,23,37,38,46
13,42,42,48,10,44,35,23,14,52,6,49,22,42,26,21,10,36,44,44,3,36,16,18,0,37,22,28,50,29,12,30,19,20,6,54,20,6,21,49,32,0,27,6,52,58,56,59,46,34,59,36,15,35,54,47,20,16,4,3
51,43,58,55,56,28,43,17,5,24,33,58,45,22,15,37,29,44,44,32,21,22,48,5,47,24,4,6,53,41,13,2,49,0,56,18,40,39,21,39,9,19,43,19,54,50,31,6,12,42,51,30,38,21,53,38,6,20,40,11
56,24,57,40,6,16,52,44,48,52,35,20,47,49,4,18,31,6,45,26,6,57,29,28,18,8,22,37,56,46,34,19,16,19,57,11,2,7,21,53,4,12,54,47,39,40,43,8,14,7,3,36,56,11,50,57,59,19,21,59
11,45,47,46,0,45,17,31,45,13,40,28,14,24,31,7,49,42,11,41,37,27,16,17,35,31,15,48,23,48,9,46,15,37,15,8,8,1,39,21,43,37,57,14,16,26,28,16,41,30,1,19,0,22,22,0,33,24,20,22
39,58,35,22,4,9,23,37,38,9,31,25,12,3,51,59,51,45,56,56,16,12,19,18,38,24,18,5,34,54,26,19,56,12,9,1,8,17,54,33,37,38,31,47,7,46,38,44,35,46,26,9,19,24,57,36,55,1,46,41
29,8,32,58,55,48,41,54,51,36,8,13,38,56,46,40,17,48,35,51,47,2,24,47,28,26,45,23,23,0,57,27,47,33,40,56,7,50,26,45,13,7,4,20,46,29,53,31,4,5,52,36,10,9,51,47,17,7,13,21
29,49,19,49,33,36,53,1,45,31,8,33,27,47,47,56,16,2,22,15,21,40,48,34,38,42,10,57,23,44,59,28,53,54,14,4,4,12,46,50,49,50,44,14,31,17,46,48,46,3,44,38,35,58,32,38,37,38,30,52
30,11,59,6,12,11,24,21,44,21,9,19,11,22,6,10,55,41,45,27,5,24,18,25,1,54,47,48,14,22,18,17,29,18,17,36,3,34,30,51,16,17,31,18,58,28,27,47,34,34,0,42,48,1,22,17,59,36,1,51
59,45,30,11,16,23,30,16,45,16,50,57,7,12,2,8,21,5,58,51,43,53,54,27,1,32,7,5,40,30,45,6,3,7,29,10,49,15,58,25,34,56,7,4,18,58,31,15,35,56,7,38,39,8,5,29,57,52,20,53
33,20,34,21,40,46,12,27,52,47,20,47,5,47,41,8,35,4,49,44,36,1,27,0,5,5,23,26,49,33,3,30,58,14,37,26,13,3,32,6,45,46,57,2,41,8,15,16,22,3,24,33,15,33,8,33,54,0,4,57
7,21,37,27,27,13,38,51,33,31,17,2,42,24,22,45,4,16,32,26,56,42,22,26,26,41,53,26,41,2,47,19,11,40,10,14,55,3,31,28,45,39,5,9,44,48,3,26,18,40,26,33,52,43,39,2,19,29,52,46
28,51,53,35,29,14,52,33,6,6,31,29,52,20,10,45,47,31,16,37,0,12,22,43,53,16,40,39,15,59,44,33,32,28,4,53,38,20,58,59,45,2,31,29,42,29,14,51,8,12,38,55,9,36,13,20,53,35,22,41
56,1,50,43,17,44,52,45,8,0,10,13,22,48,10,2,8,50,48,57,52,43,17,48,38,50,11,2,56,3,37,1,58,19,52,9,17,19,54,17,10,55,2,39,52,17,28,36,46,1,43,42,21,11,25,11,1,26,36,31
11,1,8,42,56,32,2,11,13,50,36,16,43,48,6,5,32,38,58,53,47,47,49,6,33,9,5,53,5,9,51,51,41,56,28,5,3,48,12,21,18,19,0,46,2,0,15,9,28,43,38,48,11,40,36,48,39,50,17,58
50,13,22,30,41,24,41,10,10,14,54,40,25,51,41,1,52,58,57,15,12,50,18,37,19,24,29,19,13,2,59,33,22,51,42,1,9,43,30,47,28,58,25,32,0,22,24,5,14,40,3,32,47,21,13,2,46,15,47,1
54,12,25,29,4,16,6,49,23,23,22,26,1,14,33,9,31,53,22,48,0,52,27,35,37,48,42,52,1,30,3,51,11,37,47,2,40,18,36,5,59,35,5,18,0,5,51,48,8,59,33,0,58,53,35,52,4,28,5,15
20,28,9,48,36,55,39,46,30,45,2,58,12,40,20,6,37,41,57,16,41,49,21,6,26,7,17,55,2,9,43,38,16,52,23,7,51,5,45,14,11,52,18,35,42,21,30,9,11,27,15,12,6,42,3,41,19,4,33,28
5,7,47,1,10,53,47,20,51,44,39,19,0,58,53,24,11,21,58,20,22,52,59,52,38,9,20,47,58,46,55,17,26,56,53,31,14,16,23,44,19,42,25,52,10,4,54,32,36,12,18,28,45,51,17,56,46,40,56,56
35,9,54,19,59,59,10,59,26,55,24,50,26,7,18,7,43,38,32,12,13,40,9,39,44,18,43,40,7,21,40,24,2,49,0,15,7,58,16,30,15,51,45,10,27,7,31,19,18,32,42,1,55,50,53,52,8,39,46,14
55,18,53,2,54,54,1,48,32,5,41,34,31,9,51,6,26,58,18,1,47,27,49,21,33,36,33,14,11,50,28,48,24,39,24,2,26,15,49,40,15,1,15,1,13,6,30,17,21,57,33,16,31,40,36,15,1,46,32,15
21,33,15,22,2,17,42,16,11,19,34,49,2,36,16,35,8,18,13,51,51,39,25,30,15,30,16,4,33,1,9,1,25,53,17,31,40,38,59,0,56,52,50,44,46,12,6,22,53,46,27,41,41,52,9,29,56,42,40,57
1,39,23,3,15,0,43,7,21,10,7,59,14,24,10,49,48,50,26,21,28,15,19,40,57,17,14,2,21,44,33,3,30,45,47,16,38,52,41,17,33,6,10,17,45,3,46,12,22,18,27,48,51,56,58,4,19,14,15,13
40,36,2,49,2,21,29,58,34,47,18,56,7,24,14,55,49,46,16,22,28,39,4,30,40,4,30,52,54,14,29,24,32,51,15,58,42,27,0,51,8,27,53,18,10,10,57,36,51,45,41,10,10,28,41,51,47,31,29,22
19,42,48,44,13,23,10,4,30,41,44,52,34,49,45,43,30,0,31,4,19,41,34,44,52,42,15,26,11,49,1,44,35,15,48,1,24,35,52,0,45,44,14,32,6,58,32,7,35,17,30,30,18,34,41,27,16,23,42,42
57,46,10,29,15,38,54,12,51,28,5,53,35,55,8,12,43,38,23,17,31,15,55,22,3,32,21,10,48,57,50,0,48,5,4,16,27,42,34,31,41,54,29,20,20,47,35,2,44,26,7,13,30,10,26,1,46,20,15,12
0,53,24,48,6,45,0,45,42,19,21,50,15,16,55,57,51,55,39,23,28,31,28,56,1,13,1,52,23,0,17,30,41,19,51,2,0,39,44,11,35,25,12,14,22,4,5,55,33,34,16,55,37,10,37,58,8,25,14,51
55,23,23,30,44,22,0,53,32,11,21,0,10,11,53,51,11,25,26,13,57,45,46,0,31,30,15,55,58,20,58,24,31,59,40,49,5,52,12,21,8,41,11,41,15,34,12,9,30,33,11,10,7,8,42,44,21,24,16,46
5,32,27,39,21,27,51,9,36,17,28,14,0,46,40,50,44,18,14,54,54,40,16,26,13,40,14,32,57,13,27,0,45,36,21,12,11,58,52,21,54,49,38,47,55,41,11,55,35,19,13,22,22,17,58,52,48,43,41,29
27,13,13,29,14,54,0,54,53,52,6,17,37,30,52,45,31,50,16,49,10,8,20,19,56,19,46,46,24,52,8,8,2,59,32,37,8,32,11,13,51,22,7,1,11,49,33,35,26,49,9,48,12,18,12,15,6,27,42,58
9,55,52,36,8,42,40,54,11,1,38,43,42,22,31,44,48,59,26,9,18,9,5,9,20,39,37,41,29,28,15,12,34,50,43,34,51,51,32,26,47,37,57,8,28,45,53,43,21,23,43,6,2,4,58,29,11,5,49,37
49,23,12,0,42,51,45,1,6,36,27,57,33,8,25,53,14,34,4,7,27,59,37,4,12,58,17,3,44,29,33,15,0,18,30,53,38,55,12,42,33,31,31,40,42,54,11,33,31,15,47,19,46,11,24,21,20,39,1,20
20,59,43,15,20,44,29,43,9,28,7,38,30,25,33,16,27,39,42,52,17,1,15,26,29,41,36,28,40,18,45,28,48,57,53,2,16,51,22,12,4,29,19,19,27,23,2,6,48,50,57,37,14,7,58,7,13,6,12,25
42,13,13,5,6,6,30,9,20,37,11,58,37,39,40,44,57,56,38,4,50,55,43,18,4,39,11,57,50,18,44,44,50,27,31,8,33,19,11,56,23,32,41,3,46,7,29,21,28,56,55,19,52,20,59,34,44,46,16,19
23,35,21,14,2,46,43,14,36,51,59,6,58,6,19,6,26,10,50,6,46,59,4,33,53,22,54,16,22,28,48,10,59,11,31,19,35,16,18,59,10,9,35,50,10,26,37,0,23,1,49,10,32,54,51,56,42,32,0,41
27,21,25,8,46,8,31,25,21,31,51,56,39,14,18,56,32,21,23,9,37,25,2,12,48,19,15,50,53,48,6,0,23,57,12,27,15,9,27,59,39,36,11,17,24,4,28,51,46,29,12,11,33,5,33,13,42,19,13,48
44,50,44,48,41,46,56,35,3,15,4,5,14,18,40,14,7,29,45,40,16,59,32,44,4,58,34,51,23,48,54,10,55,26,40,47,54,56,45,4,37,48,42,6,31,20,17,37,13,28,7,3,4,42,29,2,8,36,37,19
54,51,28,28,46,30,42,59,57,7,49,36,1,49,32,49,32,48,49,30,23,53,24,42,35,36,15,41,0,5,39,8,33,57,5,0,28,10,18,21,38,52,43,29,14,48,6,10,40,38,56,1,36,6,56,51,56,12,18,17
14,58,32,7,23,28,21,54,10,34,58,1,28,7,51,51,18,50,57,2,44,22,29,13,2,46,13,21,55,29,0,59,40,37,11,24,26,36,1,59,19,29,52,13,46,41,24,10,9,57,21,30,13,9,18,9,38,3,54,47
35,10,39,23,3,30,39,40,34,18,45,21,40,40,1,31,44,13,5,50,50,58,49,7,0,22,16,52,59,10,42,11,41,8,24,21,2,44,5,22,46,28,35,48,15,5,15,1,58,27,27,15,25,32,40,28,46,35,18,16
42,5,31,30,16,1,10,45,7,38,33,59,56,39,32,47,53,20,13,55,0,30,8,14,8,33,52,16,11,26,3,8,36,7,28,29,42,22,53,6,41,59,23,30,31,26,4,55,17,2,55,22,41,30,47,0,47,38,43,2
53,50,57,33,25,12,17,3,21,16,57,7,7,7,20,6,7,19,2,35,29,26,27,48,24,15,45,3,29,34,45,58,51,9,16,33,43,7,4,9,33,57,11,6,14,29,38,29,11,33,40,27,25,36,50,59,5,17,17,35
10,10,34,55,21,38,8,49,0,33,5,26,52,29,14,40,17,30,49,52,23,18,5,13,11,36,46,55,23,12,46,31,5,37,10,30,33,44,15,2,41,35,20,26,1,41,24,45,41,43,4,2,32,54,1,0,33,15,38,16
5,14,50,54,35,21,20,23,26,39,24,24,45,51,5,4,19,19,28,58,50,49,59,57,47,28,22,49,42,0,11,26,13,19,11,49,33,5,28,51,29,17,59,57,50,47,1,51,58,32,19,49,26,14,48,46,2,40,9,42
39,26,59,50,50,50,42,41,25,16,9,51,46,12,25,44,32,51,53,24,26,28,3,54,32,37,8,24,7,15,7,6,14,17,20,29,19,38,34,39,39,35,54,18,45,36,33,30,43,31,59,42,42,3,47,32,12,36,43,18
59,39,25,15,16,52,36,55,13,4,58,46,45,5,22,28,42,32,35,8,14,49,9,22,23,50,14,3,40,50,47,31,47,41,20,9,2,49,52,46,24,37,45,20,19,27,27,15,22,31,55,26,49,18,58,46,2,48,20,28
24,4,47,39,41,13,18,46,27,29,36,0,19,56,23,12,25,30,33,23,0,48,21,21,48,18,36,54,34,3,1,37,55,26,19,18,5,13,55,56,50,57,8,45,31,13,17,24,37,25,7,9,57,7,1,5,46,19,12,39
26,39,9,1,12,3,31,48,40,22,18,19,59,20,49,20,29,8,30,48,35,42,13,56,16,2,33,8,0,45,15,5,3,26,11,39,55,19,10,56,56,28,19,4,35,25,22,46,23,44,2,45,13,25,54,56,31,27,32,55
48,50,57,56,49,20,48,7,54,36,39,7,9,2,58,15,23,21,36,16,47,13,27,53,21,1,7,24,29,22,36,42,49,23,20,21,38,11,49,55,56,57,13,22,25,40,59,9,48,38,25,12,56,45,10,19,42,50,5,48
36,54,11,17,46,30,2,20,32,55,36,54,46,26,25,25,52,43,4,51,14,34,33,58,41,17,24,14,45,20,49,18,39,18,14,38,48,30,36,52,20,3,57,26,52,45,52,47,2,20,11,21,0,47,11,13,42,20,37,0
20,7,5,11,57,0,58,58,33,11,53,18,39,5,12,53,3,14,53,16,0,12,33,19,46,40,57,31,26,20,20,25,33,35,50,52,58,36,42,4,32,45,17,16,58,6,32,35,22,31,27,1,28,48,17,16,16,33,38,1
29,42,12,50,34,30,0,30,15,7,1,42,27,49,58,44,24,30,48,22,57,37,50,3,39,13,59,58,15,33,56,39,2,39,1,58,20,24,46,14,27,51,8,31,43,56,16,0,28,52,30,0,11,58,23,48,29,51,17,4
4,32,30,4,14,23,39,32,53,4,44,15,14,55,8,48,54,49,34,22,52,28,48,59,15,22,4,54,56,44,5,9,32,34,0,21,4,29,37,59,37,45,2,25,23,9,25,30,11,44,59,24,15,23,30,31,38,3,37,42
35,28,58,22,12,28,34,31,29,56,46,59,59,44,34,7,31,51,22,58,0,46,21,26,3,58,0,52,57,59,37,31,11,39,27,15,1,12,53,39,49,14,42,19,22,26,31,56,10,46,7,25,51,1,49,10,29,11,25,29
34,37,55,52,5,23,8,43,49,34,26,27,42,47,30,24,7,13,9,28,39,58,52,40,30,37,7,53,4,37,5,12,26,13,51,39,16,15,16,14,32,14,29,52,38,15,0,32,33,32,33,8,23,33,38,7,41,42,10,11
52,5,39,28,1,41,39,47,41,26,10,38,55,56,55,21,17,45,1,53,26,37,45,6,57,55,33,42,49,54,2,24,55,37,35,42,57,40,44,4,51,33,11,43,53,6,19,10,8,24,56,29,9,57,43,12,53,17,15,50
45,35,46,3,16,35,38,49,10,25,36,28,50,33,47,33,52,11,55,1,15,12,37,25,2,34,49,3,3,10,11,34,38,29,30,44,42,22,21,35,24,25,48,56,30,23,7,20,31,45,22,10,23,49,3,23,57,2,21,48
11,52,39,39,6,57,6,59,51,45,37,52,49,12,11,9,58,28,20,32,9,27,18,50,28,54,27,16,47,25,28,34,16,6,18,19,41,8,46,44,11,53,42,17,12,10,29,16,21,22,52,53,2,45,1,23,47,10,3,54
23,9,12,22,34,39,59,4,37,46,10,43,46,15,1,24,35,48,12,29,32,34,58,49,56,9,53,21,17,50,30,31,19,35,59,57,15,2,20,46,36,45,56,15,36,25,47,13,32,53,12,59,50,54,16,25,29,19,54,40
41,47,49,49,38,8,17,24,47,33,9,1,57,0,24,12,31,22,47,28,52,52,55,39,42,1,30,46,53,55,46,34,53,55,43,22,13,51,5,33,26,23,52,46,49,23,7,40,10,0,59,23,14,25,36,47,17,23,49,26
18,24,8,38,38,11,15,39,17,34,42,47,51,6,6,23,56,3,29,26,18,10,13,51,3,52,30,47,47,30,15,20,53,13,35,17,7,24,31,38,37,57,48,22,42,33,59,14,56,54,30,55,24,36,28,41,53,32,5,41
55,49,41,22,24,31,42,5,14,48,54,41,25,20,1,32,8,34,48,26,50,8,40,35,22,38,12,58,55,3,32,8,16,31,45,50,1,34,48,38,16,38,54,35,38,42,10,35,46,46,4,1,10,20,54,48,23,40,11,5
38,2,29,51,50,23,54,20,20,29,42,2,59,49,39,3,25,3,43,47,43,51,19,12,25,50,25,16,52,5,38,58,33,25,29,35,35,46,38,10,43,55,49,50,42,16,56,55,39,2,48,40,32,1,22,53,19,49,20,28
19,18,55,31,46,31,49,59,55,1,5,57,1,12,44,23,21,39,8,24,11,32,7,33,11,4,53,40,6,50,19,41,48,48,46,14,55,13,2,25,16,13,5,34,36,42,21,15,43,6,32,48,45,31,51,9,7,26,4,39
6,58,4,9,42,52,2,47,26,39,39,26,32,11,17,11,55,0,49,14,58,50,0,24,53,44,38,59,7,36,1,43,58,56,57,48,39,13,29,7,57,22,8,21,8,56,9,54,52,4,21,26,2,26,19,51,40,12,19,19
32,51,17,5,44,24,51,1,46,47,40,27,12,23,42,49,34,52,12,24,19,44,37,44,34,14,30,37,45,22,37,53,17,17,28,9,13,6,36,16,26,9,34,23,20,2,31,15,17,28,2,13,29,28,14,20,5,16,20,45
30,29,19,15,37,8,25,27,33,43,30,14,59,47,54,16,38,10,36,15,25,19,39,11,30,11,42,13,54,33,37,21,24,43,18,53,2,9,47,27,23,59,13,51,39,27,31,27,23,41,18,24,3,33,42,39,43,33,27,16
19,36,46,27,32,36,31,45,19,25,12,0,43,26,21,6,20,25,38,13,48,9,29,27,25,51,23,38,16,47,21,44,16,53,26,8,13,9,46,0,27,9,26,14,53,46,10,27,53,6,32,53,29,18,0,40,37,24,27,7
11,38,34,1,7,21,26,8,2,14,30,25,9,4,22,22,6,52,41,40,44,24,59,26,17,55,16,13,54,38,34,39,5,34,59,57,13,53,3,45,44,37,46,40,1,7,49,36,45,58,28,8,31,53,6,19,30,10,37,39
50,56,15,38,35,29,51,29,1,2,3,51,7,58,38,42,9,5,54,5,59,54,42,5,6,14,12,19,34,21,0,21,46,16,47,4,36,8,40,33,30,47,44,10,32,43,45,35,39,28,8,18,7,24,46,42,56,17,23,23
37,46,39,43,19,5,31,8,22,42,46,54,27,7,32,41,50,27,12,23,49,9,32,23,17,50,34,20,22,40,13,55,40,20,57,5,1,25,56,11,28,50,31,23,12,7,26,5,5,3,37,1,18,35,5,25,0,41,7,11
21,26,51,32,45,15,14,34,24,27,27,39,46,18,52,50,49,46,1,35,45,34,0,5,7,51,52,55,8,13,2,42,12,38,3,4,9,3,28,13,58,42,52,8,38,17,19,13,7,44,39,41,19,58,7,12,30,13,58,0
16,42,15,55,50,23,27,37,18,0,5,51,13,38,43,7,24,48,24,48,38,20,5,47,23,1,23,24,39,53,55,57,59,42,11,57,19,34,28,53,40,38,53,49,35,9,12,11,49,38,59,24,59,23,48,25,0,27,25,30
19,26,58,48,57,23,34,10,7,19,19,0,4,56,4,4,17,26,45,24,45,53,58,50,41,28,21,17,45,9,16,13,10,0,29,42,16,51,13,6,11,25,37,7,50,10,4,39,16,49,5,40,47,27,14,15,33,28,48,38
56,9,13,20,55,19,46,51,30,56,47,38,39,43,9,17,24,15,56,41,20,33,59,37,33,51,51,56,21,10,7,23,41,26,11,54,24,45,11,52,27,42,23,26,0,54,4,14,43,9,5,34,14,8,23,29,23,3,9,24
27,55,40,0,22,14,29,36,35,5,0,35,34,1,2,42,17,31,58,13,43,21,13,25,55,43,14,2,39,21,48,21,27,51,2,10,8,4,2,50,18,48,10,52,4,55,25,47,15,3,10,26,41,4,42,15,21,57,48,22
42,13,58,10,45,51,1,23,20,29,19,0,57,36,28,20,52,3,57,3,8,43,40,3,33,12,40,57,24,32,40,29,29,30,41,59,16,44,1,13,33,18,17,51,23,45,3,30,52,40,53,10,50,4,47,46,47,57,52,40
40,24,33,11,20,14,14,36,29,51,55,1,16,25,36,35,35,31,37,12,39,57,56,10,18,15,29,44,3,7,57,19,18,30,0,48,13,49,35,24,41,2,54,37,38,7,20,49,17,11,9,37,29,18,44,34,53,53,13,16
16,3,40,32,17,10,42,8,13,32,35,3,41,33,17,54,27,30,52,49,27,17,47,13,50,41,38,15,49,42,43,56,33,46,43,33,37,56,17,11,16,18,36,24,21,29,49,58,28,19,39,48,9,42,48,37,16,4,3,22
23,5,32,38,36,57,34,35,57,21,42,54,28,22,36,28,27,53,22,37,11,30,1,30,16,54,2,1,53,14,48,35,41,33,19,32,2,54,11,27,1,28,55,57,51,39,50,39,6,11,37,36,22,13,12,21,38,22,27,59
56,48,34,23,54,26,31,21,22,43,33,1,46,1,56,53,39,50,15,33,15,22,41,33,48,9,9,29,29,16,49,2,35,17,39,9,23,26,57,14,20,52,18,24,34,14,22,36,25,0,47,45,21,27,9,14,4,42,6,19
12,0,7,35,25,57,34,2,45,10,49,40,33,46,18,0,9,23,19,24,29,3,49,38,1,8,32,52,9,58,14,56,53,38,3,15,13,2,10,52,21,15,5,43,53,50,1,40,53,29,3,25,5,5,46,41,20,9,30,22
57,36,31,48,37,14,31,53,23,58,22,54,58,10,36,35,1,25,23,55,47,11,1,10,24,25,41,23,50,31,9,59,29,17,58,55,46,57,12,38,44,4,41,5,48,10,9,47,30,8,29,8,18,28,42,35,38,52,43,31
34,36,33,16,25,28,25,41,34,42,8,29,46,0,16,56,31,16,1,36,0,51,13,18,33,45,8,42,15,51,43,32,25,22,17,54,31,43,20,19,57,29,54,49,15,48,49,0,26,50,59,24,52,17,26,39,54,30,58,1
47,34,9,20,38,41,1,27,10,11,37,0,23,17,18,36,15,33,50,24,1,35,59,14,9,1,40,28,19,56,55,28,23,19,32,45,43,36,9,32,39,12,55,27,37,42,6,13,59,45,10,3,25,34,47,26,41,51,47,47
15,29,38,52,28,21,44,38,40,48,11,47,26,4,41,18,36,45,41,39,54,28,5,44,44,29,8,34,59,53,6,46,2,55,32,15,33,10,48,5,25,40,7,52,26,17,4,56,52,8,34,42,42,45,20,40,2,21,34,34
46,23,55,15,40,40,54,22,14,44,30,59,24,11,13,30,2,55,2,9,31,19,23,25,22,23,28,26,35,25,40,19,29,30,52,43,15,45,20,6,51,57,43,30,48,37,19,22,43,14,28,25,19,27,51,34,54,21,58,21
7,35,13,31,13,15,16,13,18,59,8,33,29,48,53,0,41,38,59,52,51,55,8,21,3,41,25,44,27,23,23,36,33,34,7,32,55,49,27,46,14,24,40,56,45,33,29,43,27,28,19,13,52,11,22,24,3,12,44,45
33,28,53,15,0,54,22,51,8,22,59,12,38,50,0,20,38,5,38,12,28,53,42,45,26,11,37,44,6,37,52,32,50,47,40,48,54,26,36,24,34,18,0,58,46,2,11,35,6,22,58,8,56,0,7,19,54,6,44,25
4,49,24,11,46,12,43,49,32,46,46,24,11,9,8,27,43,25,42,57,56,54,49,32,39,56,27,53,4,7,6,34,41,24,13,51,40,46,19,2,34,28,38,43,38,55,5,20,44,3,14,48,35,34,5,35,55,58,19,2
36,19,13,3,35,45,52,26,32,31,5,47,4,41,8,14,42,8,16,15,58,3,26,34,18,2,18,22,2,4,14,46,41,47,12,18,40,7,42,9,23,25,50,29,52,19,52,51,55,34,36,14,25,40,23,56,22,10,32,24
5,36,19,38,39,26,53,25,5,21,53,55,6,52,46,41,1,39,3,20,23,34,48,21,5,42,0,23,29,41,9,31,55,36,29,30,27,7,32,27,30,29,50,55,19,54,16,11,47,19,58,50,31,40,34,18,56,48,21,30
55,40,11,36,18,0,17,55,36,6,29,9,47,14,5,38,24,52,30,13,33,44,52,22,21,38,45,53,38,34,58,48,33,50,7,20,24,37,58,59,18,43,51,44,10,35,17,47,23,16,44,8,14,59,13,21,26,45,49,39
30,21,14,47,53,35,18,9,36,37,48,8,20,18,45,44,0,6,14,43,45,33,26,40,18,54,26,59,49,11,55,7,49,41,30,33,25,59,45,45,49,29,39,4,37,37,13,30,35,10,21,57,27,3,29,3,39,23,31,37
24,4,13,44,2,21,46,55,26,42,56,5,32,5,48,21,4,42,20,24,11,30,43,23,50,2,29,44,40,56,22,7,44,38,39,50,7,47,40,29,37,20,3,46,35,47,49,42,3,48,22,31,34,19,21,34,19,14,59,28
1,11,2,1,37,27,56,35,1,45,16,56,29,28,32,55,26,13,14,45,32,36,3,50,31,54,20,1,37,18,52,2,58,18,28,57,14,48,13,35,8,11,15,46,10,18,51,31,36,54,2,43,44,55,0,57,47,39,51,24
54,56,38,25,52,9,4,9,36,13,41,17,51,29,5,56,31,30,59,35,47,14,29,56,26,50,52,59,36,28,27,16,56,38,24,7,9,16,15,6,59,31,13,5,7,27,35,59,13,13,10,46,57,23,30,53,55,21,37,31
25,27,50,15,3,22,1,12,44,49,28,44,42,56,6,3,21,36,35,16,33,43,19,26,40,16,43,5,38,17,32,11,6,24,35,15,51,53,31,44,52,43,4,0,11,22,14,48,0,45,7,24,41,6,37,2,33,37,4,58
58,11,12,15,26,43,42,35,49,51,3,42,43,45,2,50,22,20,15,8,11,56,37,27,0,16,20,59,22,27,59,21,33,18,37,57,45,5,16,45,24,53,53,20,28,17,34,6,19,32,59,45,37,9,41,0,55,59,55,12
24,51,56,56,25,46,52,42,15,46,55,17,16,23,11,46,42,46,27,40,29,9,0,20,20,37,57,51,5,35,29,56,21,48,49,7,17,0,38,21,49,0,10,22,36,17,42,52,10,58,16,10,48,28,12,12,24,5,52,37
9,40,25,57,8,9,54,10,46,24,9,12,37,58,49,31,1,1,41,3,34,20,1,37,3,42,10,20,24,26,59,2,30,23,35,12,10,45,4,4,9,44,2,30,36,8,58,31,32,49,47,13,12,31,26,53,35,57,3,11
23,14,0,53,29,54,49,40,20,3,53,8,47,50,24,16,43,51,47,6,15,38,57,6,9,3,44,42,55,44,57,43,23,56,29,6,38,12,33,8,55,50,8,36,0,0,46,58,42,1,16,30,35,48,38,51,53,33,59,9
7,33,36,59,33,11,19,24,16,44,31,19,57,41,11,9,1,26,52,24,27,6,16,31,36,4,2,20,24,9,14,1,46,45,42,11,38,51,50,13,19,15,23,14,31,43,18,52,39,23,15,14,39,57,22,5,30,16,0,3
43,7,30,2,34,23,4,16,58,13,4,8,42,54,6,51,28,16,55,54,33,54,1,30,21,20,43,27,46,14,8,40,52,0,14,37,24,3,10,37,37,58,2,32,54,22,7,53,32,22,36,51,22,1,0,16,24,49,55,30
6,5,22,1,12,5,19,54,23,13,33,41,58,25,0,47,58,21,12,31,6,30,19,8,48,32,12,49,27,54,16,58,0,46,39,15,40,13,38,40,36,58,1,20,58,49,50,32,45,12,41,55,8,9,39,38,42,15,38,29
28,8,15,14,30,45,59,15,48,33,56,18,42,45,51,17,24,33,5,10,9,30,13,2,15,37,49,24,8,27,9,9,22,35,13,30,27,52,42,51,17,26,0,8,10,29,55,23,51,23,46,22,35,40,13,45,26,56,39,37
8,58,35,57,18,29,8,14,32,41,50,1,23,30,6,1,15,52,46,14,33,13,1,55,30,24,36,10,23,13,5,5,39,10,39,49,55,14,28,1,26,56,15,12,47,26,48,10,24,3,58,38,49,35,44,5,28,31,39,55
44,41,5,4,19,22,22,42,48,17,34,34,34,19,25,22,56,21,26,42,40,24,43,45,50,31,26,3,4,29,37,2,39,17,53,50,12,7,39,55,17,21,11,0,59,16,25,58,58,4,28,35,10,45,59,53,16,24,37,47
58,54,58,15,35,12,30,30,50,38,9,58,51,50,41,20,6,18,55,42,57,3,52,44,5,57,24,13,36,37,33,38,25,9,30,27,29,19,9,7,16,20,50,39,31,19,22,25,12,54,5,12,29,50,14,53,12,7,8,55
2,1,14,36,13,8,42,34,54,55,36,5,23,47,33,47,37,2,19,10,2,5,17,8,51,7,24,47,40,35,54,27,53,45,35,26,55,22,59,41,49,41,7,50,54,23,25,6,5,56,16,10,4,33,55,31,17,55,49,49
56,29,38,30,8,33,30,12,39,24,7,4,16,0,45,25,51,27,0,14,1,55,17,39,50,51,10,29,58,33,23,2,55,19,14,10,0,26,31,31,14,8,33,51,28,32,30,27,22,3,50,46,2,17,16,22,11,27,40,33
39,51,55,36,31,2,59,18,46,58,4,0,16,2,43,0,1,12,50,34,23,27,29,57,23,57,29,43,45,41,30,40,10,44,56,34,16,36,25,56,1,36,32,37,56,2,45,23,26,2,38,31,35,46,33,5,6,58,29,31
4,37,53,8,5,48,54,27,4,16,32,18,18,1,8,23,46,19,48,11,10,34,53,13,49,33,1,1,19,33,56,3,12,53,25,43,21,1,20,51,27,0,27,40,52,19,12,22,29,49,31,38,21,5,23,5,5,38,58,38
4,2,52,55,39,33,43,52,8,35,1,50,32,4,57,54,21,17,13,54,59,44,14,47,7,26,1,33,18,22,50,6,57,13,28,26,37,9,59,9,43,39,49,7,32,59,9,48,59,28,52,18,30,18,40,11,3,40,21,49
50,50,44,18,29,51,43,55,41,26,14,31,18,15,42,45,2,44,38,18,43,17,51,32,41,29,38,24,25,29,42,15,26,54,57,31,53,41,3,2,28,17,54,18,37,17,49,19,46,4,21,16,34,53,31,12,34,2,17,40
57,49,26,57,17,56,44,14,38,32,21,47,40,21,39,21,58,14,48,33,13,51,44,40,5,32,12,30,39,40,11,23,33,38,22,48,44,26,29,46,42,8,46,0,27,15,54,40,43,45,6,32,27,0,24,31,17,19,9,50
29,13,17,19,57,51,9,26,38,50,41,3,52,11,57,39,14,0,12,38,41,6,8,32,20,8,45,6,52,59,13,55,14,32,14,39,56,11,22,20,29,38,36,33,5,43,15,34,55,27,51,32,25,20,40,43,9,44,21,52
0,16,35,33,5,36,3,17,51,35,18,13,4,54,32,21,0,55,9,0,37,54,55,44,59,22,18,7,15,41,26,15,59,45,59,27,1,29,45,27,15,14,46,21,47,15,35,37,55,59,48,2,5,42,35,21,46,54,45,3
23,18,2,36,53,47,49,39,37,48,28,49,14,54,21,18,32,57,43,30,21,13,21,22,24,2,21,45,9,48,27,11,15,6,53,40,32,25,8,54,2,7,42,17,36,16,23,42,33,5,23,18,2,20,25,13,57,2,23,35
1,57,34,14,12,25,51,41,56,46,42,54,31,47,0,41,28,19,21,16,12,58,15,42,35,52,10,6,20,28,39,20,26,57,12,55,32,8,13,12,55,15,39,21,36,45,4,46,38,18,30,18,55,5,5,22,39,44,15,11
0,30,45,40,37,10,46,11,47,44,42,13,29,55,21,34,32,46,24,7,49,4,37,0,12,54,16,4,0,8,35,43,37,30,58,50,52,55,0,23,36,7,41,58,22,33,45,59,1,10,15,1,34,29,28,32,30,34,16,47
52,17,17,48,30,15,2,48,23,28,46,10,43,53,58,37,6,40,39,14,52,28,45,7,48,17,11,9,21,42,40,42,48,41,54,45,24,45,18,24,19,11,7,39,1,5,59,5,19,18,21,47,2,20,15,28,49,48,38,19
30,51,56,11,13,46,47,40,32,59,20,5,7,38,58,38,15,30,49,35,46,15,48,58,50,55,30,4,28,51,42,22,47,51,21,20,36,5,0,30,15,58,9,58,43,34,10,32,49,44,53,37,11,59,11,44,39,34,31,39
20,36,8,35,34,48,57,1,46,16,39,1,53,42,49,10,33,50,2,6,20,9,56,8,23,4,0,41,26,26,47,57,42,53,47,52,44,57,33,45,48,15,42,19,18,8,15,10,53,21,38,1,33,40,6,20,35,51,29,6
41,32,36,55,12,3,20,27,39,55,34,4,41,38,0,19,52,17,11,28,59,43,2,24,12,11,45,50,53,24,54,7,41,20,16,33,38,2,1,46,1,35,59,23,47,33,9,48,38,6,58,8,37,11,21,55,46,31,38,18
32,16,50,31,24,59,29,16,33,28,53,55,5,37,52,29,4,35,58,40,53,57,39,3,45,44,38,47,55,26,31,38,42,32,7,57,14,35,22,1,8,33,55,45,23,1,15,27,10,55,35,28,13,35,31,54,14,33,45,55
43,10,13,40,34,32,20,52,58,32,7,20,58,23,55,47,0,23,36,36,31,27,36,57,14,15,32,22,24,38,54,52,44,11,49,58,14,12,39,28,59,41,23,48,52,23,20,15,23,6,32,9,57,5,48,15,48,52,31,20
42,37,21,2,30,58,9,3,58,56,18,39,32,47,44,11,13,37,13,20,33,52,34,33,26,59,50,41,3,9,26,4,58,55,1,22,9,9,22,3,33,57,21,28,14,30,13,0,37,59,10,48,20,9,25,21,26,14,10,53
29,15,23,16,31,27,50,9,4,35,15,20,28,37,52,58,30,50,44,24,14,3,41,10,7,2,8,24,46,11,56,32,51,23,32,5,6,34,43,9,31,56,47,33,33,38,19,42,9,48,56,2,30,29,5,49,55,23,9,27
31,7,38,10,7,47,21,2,50,16,33,24,47,50,59,44,17,21,25,20,49,32,47,29,48,29,17,1,49,38,55,9,43,22,36,43,51,30,26,33,47,29,18,13,13,29,45,7,28,3,11,36,29,57,39,51,19,46,57,38
31,59,31,36,26,32,6,48,16,44,45,10,19,5,8,10,52,15,37,39,9,26,5,2,10,17,12,58,11,21,33,21,39,37,18,18,28,51,14,39,57,1,34,41,48,31,16,6,0,56,27,11,42,11,31,43,57,47,6,54
46,15,42,34,49,57,25,23,5,23,51,58,51,42,57,27,47,47,38,2,36,28,26,14,9,38,50,45,34,49,46,51,22,24,36,23,56,5,4,0,51,27,30,34,4,18,40,25,9,45,44,8,29,30,45,56,9,26,49,9
45,41,31,4,29,18,5,24,23,24,45,11,47,1,12,31,50,3,7,37,21,55,29,18,17,25,4,2,48,53,54,59,33,11,29,5,53,38,56,50,42,28,27,20,21,40,3,2,54,4,57,21,24,19,55,35,4,56,56,43
9,51,48,29,26,26,51,32,51,58,17,33,32,37,21,20,41,35,44,1,33,37,34,28,7,1,48,3,43,30,57,15,59,40,24,46,42,17,57,56,7,2,2,30,30,47,10,15,45,34,13,41,59,53,22,41,3,28,44,22
2,28,17,48,31,58,38,32,7,7,35,16,1,27,42,5,4,51,30,15,32,31,47,59,46,38,30,16,9,52,6,5,2,58,13,36,8,57,51,34,52,2,41,4,6,44,33,12,6,26,3,18,29,5,25,58,17,43,10,59
21,45,32,12,48,51,24,49,11,2,11,41,22,33,0,17,42,37,41,30,38,51,29,40,42,0,2,46,11,5,4,0,23,21,49,19,7,49,9,28,47,52,14,23,47,35,57,11,31,50,45,31,56,2,46,13,56,20,58,38
46,32,46,34,25,37,48,39,11,27,6,39,7,44,12,15,23,27,37,1,19,31,22,56,25,52,53,22,41,4,3,56,21,36,57,16,38,42,11,58,43,28,55,25,58,50,21,6,49,46,24,46,18,7,36,1,15,43,58,14
30,17,57,21,59,46,45,3,44,27,23,45,34,33,32,38,12,56,9,10,24,50,11,58,49,43,10,54,48,23,30,0,7,49,33,4,23,28,30,32,19,40,35,6,4,57,20,39,35,11,29,39,18,34,23,13,2,2,33,57
31,25,32,25,22,12,20,0,30,54,21,9,0,13,47,10,8,54,4,49,1,39,20,6,36,40,41,42,34,41,8,6,32,42,15,35,0,42,50,14,13,1,54,56,31,55,4,52,13,16,13,11,44,32,22,18,40,51,12,9
4,46,42,41,44,1,13,38,30,58,32,3,35,24,59,25,33,4,21,37,33,39,26,42,59,44,14,44,55,18,1,38,1,26,50,37,47,39,47,36,53,39,47,11,55,28,37,58,55,31,6,26,55,7,35,52,56,12,12,23
56,18,1,21,36,33,47,8,57,19,10,4,14,39,42,16,15,0,8,44,31,57,34,1,14,58,3,30,41,35,26,48,52,47,21,23,51,59,24,50,54,5,4,21,8,59,9,37,58,7,52,6,10,35,56,30,37,17,43,56
37,2,29,17,20,31,13,42,48,0,19,39,47,29,50,37,24,52,51,37,24,40,23,11,44,46,38,5,0,14,8,31,42,48,53,2,51,21,49,6,6,5,25,16,47,9,1,9,58,21,34,27,58,42,33,9,36,20,38,46
8,24,19,21,36,25,57,47,48,51,3,6,26,39,4,9,48,47,37,49,7,21,37,29,21,57,47,42,15,6,30,36,32,10,1,26,3,16,55,6,12,4,29,2,1,41,14,46,36,2,29,24,11,12,37,45,7,7,30,30
21,39,23,57,26,47,9,57,46,21,53,23,19,13,28,17,38,55,24,31,9,38,52,21,45,33,41,24,44,12,28,45,53,38,25,45,48,5,43,52,19,45,32,42,5,9,0,43,26,43,50,13,34,37,41,27,25,35,22,18
41,17,38,55,4,42,33,20,49,52,9,40,3,16,19,27,31,46,56,54,22,19,0,21,9,14,53,29,17,27,31,28,12,43,4,34,9,19,4,17,39,5,56,3,13,30,46,19,31,12,27,30,0,29,52,59,37,53,54,31
21,13,3,17,58,30,1,5,2,47,12,49,30,44,35,36,49,24,26,23,18,42,10,19,21,7,29,0,32,12,24,25,55,31,19,15,2,59,29,20,8,23,9,30,48,12,5,59,42,16,6,50,34,8,27,39,45,33,18,38
18,1,20,6,16,26,53,33,4,56,33,1,11,19,7,46,50,53,42,30,2,1,41,56,2,48,32,5,37,3,9,28,12,5,4,56,12,45,33,45,1,57,46,25,53,4,6,34,49,12,58,51,47,23,27,54,19,52,47,35
3,46,34,17,17,43,2,21,56,41,16,0,50,11,5,25,50,27,18,40,43,36,28,37,56,37,26,17,23,27,6,27,18,6,43,18,47,22,10,48,4,52,24,30,46,18,38,58,53,13,19,5,48,6,4,40,33,48,38,54
1,12,39,6,43,56,22,1,17,46,50,39,5,16,57,33,54,32,45,29,45,2,25,0,0,5,49,9,56,48,14,39,3,7,49,17,4,35,15,51,22,56,34,14,50,32,24,21,20,32,6,39,15,59,46,8,51,47,58,21
19,41,55,11,6,43,57,17,37,3,45,38,19,18,15,53,58,20,45,15,8,31,46,14,54,55,42,25,44,36,50,56,32,29,13,9,55,46,31,49,43,38,57,2,40,44,57,45,43,46,51,40,51,14,20,31,42,15,21,29
40,37,58,44,9,25,21,10,41,50,18,46,33,0,34,25,9,51,56,33,19,42,46,35,46,42,15,18,17,52,46,40,57,43,19,8,3,17,45,36,23,21,8,3,24,43,4,51,55,59,33,34,15,50,44,26,34,24,11,39
52,41,28,51,13,37,4,7,33,12,27,29,51,25,33,39,52,14,15,21,23,40,51,59,36,32,23,21,17,6,52,44,28,25,36,10,48,51,32,19,49,32,27,44,40,27,14,7,27,6,47,40,26,4,32,34,16,26,37,46
31,52,37,49,45,34,34,42,41,59,51,50,17,36,59,37,27,16,12,34,7,22,21,16,45,46,38,43,8,58,15,26,2,46,47,54,27,7,57,51,11,24,16,41,19,51,28,27,52,46,29,36,45,10,38,23,20,21,28,38
29,30,56,10,11,44,4,52,13,41,27,36,24,11,5,47,49,38,45,56,14,16,51,55,10,2,35,4,26,54,31,52,29,54,12,4,56,33,22,43,45,1,22,54,47,6,13,8,39,8,2,12,20,49,34,14,50,46,1,19
56,17,52,20,30,21,10,48,36,37,45,2,5,34,27,44,0,15,29,36,57,10,53,3,35,13,57,33,22,41,17,0,27,13,45,28,59,23,56,26,18,49,48,26,47,26,33,38,0,22,51,27,18,46,13,1,20,58,6,3
47,22,18,45,16,16,59,11,7,31,23,55,19,24,29,22,54,49,40,56,24,6,16,49,43,4,22,2,36,46,1,36,20,26,13,15,11,9,32,40,46,13,39,0,32,30,29,55,34,14,12,48,14,36,4,27,28,43,44,33
57,46,42,1,12,13,6,13,42,51,50,32,18,27,1,41,49,20,19,1,31,33,1,35,55,33,27,56,48,16,20,22,25,26,30,7,3,22,7,4,3,48,41,34,5,36,24,46,29,0,51,48,17,33,46,49,12,54,0,8
1,54,23,36,4,22,40,12,5,16,1,34,42,52,17,21,19,7,55,34,6,59,30,44,53,17,39,18,2,25,36,12,1,40,17,29,26,28,57,5,1,35,11,3,39,58,54,28,44,7,10,3,50,15,33,20,4,0,38,19
29,42,43,55,26,12,31,54,37,52,4,21,27,48,52,59,34,1,43,22,9,11,48,8,43,27,45,35,4,31,57,10,2,55,58,23,6,3,25,14,39,47,10,38,39,43,40,0,0,19,30,20,31,31,53,40,52,58,30,13
27,2,56,49,9,41,55,35,24,36,53,21,25,45,26,36,17,59,35,32,24,36,44,4,31,13,43,49,58,8,30,36,31,17,44,22,25,49,31,59,6,22,33,29,12,51,47,38,5,24,49,20,5,19,8,5,46,49,48,5
22,4,10,37,31,39,4,19,13,9,10,33,37,2,2,16,11,3,58,59,52,55,3,32,53,23,55,42,57,29,55,40,43,51,12,10,19,21,6,37,11,53,4,39,38,29,2,19,5,2,38,5,26,23,53,34,41,10,41,5
1,45,20,15,24,53,29,20,40,43,25,12,48,27,13,18,13,13,48,27,53,15,36,5,54,8,58,43,9,2,41,47,36,38,29,34,19,50,16,50,41,42,8,52,27,5,41,33,17,17,53,2,26,33,54,41,56,19,48,1
7,8,57,4,20,0,37,2,7,39,35,47,51,53,42,46,59,12,58,23,43,31,21,26,33,48,31,6,14,16,10,9,48,29,55,53,20,59,42,28,59,39,13,20,33,12,53,21,8,58,2,17,34,50,32,7,21,42,1,39
25,39,34,14,45,3,46,16,51,54,4,20,10,55,23,55,43,4,51,40,43,47,27,17,22,17,58,55,5,26,28,36,55,36,58,16,52,33,1,5,15,12,44,59,36,0,22,22,23,25,57,6,27,41,10,51,29,5,27,38
7,31,39,53,52,3,33,13,43,3,47,25,22,12,50,24,45,52,49,26,53,4,3,31,54,29,25,50,17,31,36,17,56,28,35,29,53,48,38,47,58,46,9,41,22,34,8,9,51,25,0,28,0,50,5,17,12,41,58,33
5,21,11,58,19,11,37,40,57,14,31,56,45,5,28,33,52,12,40,26,55,47,44,3,2,11,15,11,1,14,38,55,56,43,48,51,45,20,35,13,35,48,38,21,18,47,25,4,41,20,34,17,15,7,8,32,6,51,2,58
30,35,38,42,8,37,22,57,29,52,42,24,23,52,57,18,9,13,38,28,27,24,25,44,3,36,47,35,52,11,26,18,22,27,51,5,51,54,15,23,16,17,48,17,6,12,58,51,38,51,43,30,51,28,11,35,3,28,37,23
59,47,30,26,4,36,18,23,40,52,58,12,30,16,22,27,16,47,6,46,35,58,0,57,33,55,3,13,47,20,26,29,47,55,0,55,16,6,22,12,53,59,43,49,2,12,13,45,12,47,43,28,55,32,48,57,19,10,5,5
53,25,23,48,36,23,35,24,32,49,30,28,44,21,23,31,40,24,13,29,35,31,3,16,30,54,1,7,20,32,29,51,3,27,30,19,22,30,4,39,19,52,9,35,28,58,53,41,6,16,7,4,55,6,8,43,24,24,47,3
56,43,33,21,29,27,11,5,13,57,6,39,36,52,7,1,14,2,1,47,1,49,31,47,52,47,52,56,54,50,44,19,37,50,22,59,36,8,33,54,11,48,24,18,41,44,53,17,52,15,42,33,4,34,14,17,2,27,15,10
44,7,47,13,47,11,50,16,8,56,10,12,21,2,47,30,33,1,12,41,19,12,4,42,29,53,58,33,52,8,27,48,21,32,13,42,50,3,39,59,44,40,50,19,31,40,43,36,19,13,33,59,48,11,3,5,38,52,36,41
27,31,42,3,30,20,24,34,21,3,35,17,47,2,8,43,25,28,36,36,15,4,23,30,18,51,59,28,34,5,28,37,50,6,39,43,20,49,26,25,23,53,43,52,43,31,29,16,54,25,44,31,52,12,48,13,47,42,57,11
14,44,13,37,35,11,44,23,42,4,0,12,3,37,38,35,23,54,4,52,22,32,31,26,15,9,35,5,53,3,18,42,12,29,26,40,33,6,10,48,0,4,24,29,10,36,17,12,24,36,11,11,30,10,20,1,3,45,16,26
48,32,42,5,26,43,23,9,5,38,56,42,44,34,0,25,57,4,34,27,31,2,42,8,1,6,26,11,46,30,35,57,20,55,58,22,31,8,16,41,16,57,57,31,51,26,44,26,9,40,55,39,14,6,48,24,24,25,45,56
27,20,42,2,41,29,28,6,46,1,17,45,6,16,12,22,46,28,37,36,24,26,28,50,15,26,15,9,48,38,15,15,41,51,24,53,25,15,4,11,41,53,51,22,1,46,39,45,54,49,12,35,1,31,3,57,4,38,25,14
9,12,53,15,49,29,19,39,9,23,22,53,49,6,26,15,17,24,37,10,16,7,43,35,4,58,38,15,51,26,12,24,37,28,37,24,18,36,39,40,22,48,44,13,52,52,37,1,36,0,51,47,53,2,46,54,17,43,50,28
45,39,53,48,6,34,8,16,37,0,17,16,35,59,19,58,22,36,8,6,11,24,5,42,21,32,1,3,17,12,42,36,50,46,48,43,59,34,49,53,41,12,39,6,45,3,26,15,30,26,10,55,10,40,26,14,43,22,45,14
54,28,53,32,41,9,13,31,11,21,34,8,23,3,27,34,29,43,56,5,13,36,58,52,51,8,1,51,11,53,17,14,25,1,43,17,13,2,23,41,57,39,58,15,36,42,49,28,33,2,50,53,55,38,51,55,52,42,39,38
57,56,20,51,42,1,58,22,58,53,43,25,52,32,6,7,30,57,28,55,24,42,7,12,16,3,59,36,39,47,51,33,10,45,36,26,22,2,24,4,55,55,31,31,36,42,33,23,44,26,15,55,56,12,0,41,54,45,43,46
19,12,43,14,6,3,48,33,22,39,32,9,33,53,50,12,59,27,36,46,2,8,49,17,0,36,51,28,40,54,33,54,18,52,11,28,30,50,56,9,27,36,55,6,46,52,21,3,42,3,50,11,34,52,57,50,27,4,13,59
42,17,51,52,2,41,45,21,56,20,55,6,8,44,29,32,56,36,19,58,31,56,27,25,35,43,19,34,5,9,50,2,10,12,44,28,19,18,5,17,44,16,54,24,42,10,18,35,16,32,38,51,8,50,8,4,47,30,47,38
56,57,12,33,55,49,41,45,32,11,7,50,54,15,13,57,7,58,12,13,41,6,42,18,10,21,54,42,53,23,27,21,15,53,46,46,5,24,41,36,58,37,47,2,50,11,26,6,14,7,4,8,21,6,19,21,9,44,52,12
16,10,42,55,23,21,8,13,39,18,29,58,12,46,58,40,10,52,57,57,40,4,47,14,10,54,15,13,38,25,32,27,2,52,1,56,11,18,12,14,15,33,49,41,32,18,26,28,23,32,16,9,30,10,49,35,55,36,37,51
47,42,44,29,40,56,25,30,18,28,2,29,37,17,2,46,14,20,43,24,51,55,34,15,43,16,4,14,37,4,21,51,34,41,12,47,2,0,45,28,29,11,33,47,57,26,45,12,23,6,9,38,35,12,9,47,10,3,38,12
13,0,24,6,38,5,37,50,23,33,19,32,2,44,35,8,53,4,57,56,2,1,13,43,41,22,2,37,11,19,0,22,44,30,4,26,46,34,16,30,59,6,2,24,57,43,39,18,24,10,0,13,30,32,50,52,22,54,52,0
58,9,54,49,31,27,1,16,36,28,54,42,33,59,13,12,17,54,23,40,54,18,42,59,31,27,59,20,42,28,17,14,43,3,36,5,3,20,6,25,53,48,26,17,36,1,33,58,5,47,14,58,11,26,6,23,23,40,55,33
32,33,4,51,21,46,56,28,28,11,19,7,9,31,20,58,10,44,48,25,44,15,0,39,41,41,47,7,22,15,10,36,25,43,9,58,58,2,13,37,45,8,41,3,36,21,41,33,14,38,42,32,19,55,14,43,38,1,58,5
48,5,35,43,35,17,1,36,34,15,23,23,26,52,23,3,3,9,41,42,13,44,10,5,0,30,26,22,14,35,36,7,36,32,54,8,46,49,6,21,47,33,33,3,27,3,57,26,16,8,47,43,31,29,17,22,57,4,31,27
42,12,44,38,25,45,10,33,1,41,11,28,14,13,58,8,51,34,37,47,54,33,4,40,56,46,26,22,23,9,32,11,26,6,10,33,15,24,15,28,28,15,22,9,44,1,30,12,8,4,28,3,57,3,22,20,18,25,25,12
16,44,29,50,44,30,22,55,44,14,26,54,11,1,44,41,1,54,50,19,48,41,0,14,30,29,6,50,43,18,45,59,3,33,37,51,55,53,57,23,37,32,34,20,23,47,51,22,2,6,12,25,59,23,20,45,44,39,41,53
51,10,28,47,9,24,55,51,45,43,32,59,29,7,7,14,47,32,28,3,52,54,40,10,28,18,56,19,56,15,54,3,29,28,23,43,27,51,26,15,31,38,31,1,15,0,42,28,57,46,14,34,42,23,3,36,9,55,33,6
38,22,6,43,16,23,18,18,18,55,59,4,40,15,58,21,15,54,5,26,32,36,29,23,40,29,21,54,18,14,37,41,16,48,3,16,50,15,6,50,47,36,12,18,10,27,39,29,7,46,36,29,56,58,12,54,3,58,41,0
55,6,38,9,37,38,18,37,7,24,29,15,13,53,55,15,18,56,38,50,25,25,20,23,36,50,19,57,6,51,23,55,29,50,29,51,18,18,39,27,14,23,30,25,15,51,49,57,22,35,49,40,20,19,53,3,12,3,28,56
15,42,47,2,3,19,20,0,22,8,6,27,7,33,23,40,24,33,36,29,44,52,45,24,9,18,40,7,56,48,40,15,28,20,25,42,47,28,36,27,57,6,59,39,8,43,29,37,38,48,23,1,45,2,19,39,25,37,30,34
4,29,33,29,14,2,2,19,58,17,7,49,43,40,29,52,36,50,52,17,28,13,7,29,10,0,44,8,37,51,34,1,29,35,12,22,48,4,16,15,46,37,47,54,31,23,3,55,23,14,25,6,41,37,40,24,28,44,4,51
21,4,41,1,31,29,33,5,15,47,56,9,27,47,18,27,24,16,53,34,43,29,5,40,57,17,13,56,32,20,58,52,57,14,23,13,7,17,5,26,28,17,0,6,16,38,3,15,3,4,51,2,43,50,36,35,21,48,59,23
19,13,19,59,43,40,28,59,26,33,27,31,16,32,1,30,36,19,0,43,19,27,38,13,30,29,0,11,43,55,36,37,21,23,50,0,25,13,29,59,25,58,18,17,19,27,4,39,27,49,3,25,7,23,34,53,36,3,7,15
12,6,34,34,31,50,37,12,39,24,16,12,48,39,15,8,7,47,45,40,5,56,59,46,53,6,12,39,5,47,8,46,47,43,19,37,32,56,11,28,48,24,17,36,5,43,42,47,9,34,38,32,23,13,33,9,15,1,34,3
55,44,17,27,30,17,18,50,20,11,16,19,18,38,45,14,24,48,27,14,32,46,56,39,11,13,12,59,54,47,54,5,7,31,39,50,31,2,28,7,0,15,40,42,0,17,18,3,9,42,2,22,29,31,47,49,50,38,36,17
41,56,21,44,10,0,21,31,13,15,10,57,32,29,33,52,11,52,11,53,33,10,13,34,9,16,14,44,6,30,6,37,50,43,59,10,5,29,24,48,26,14,48,19,18,27,32,41,8,24,44,29,9,27,45,31,54,2,51,22
31,10,52,20,50,31,18,19,11,0,26,8,46,34,48,3,9,45,50,30,50,46,24,59,13,19,12,32,48,0,34,12,51,18,8,16,20,6,35,39,7,52,10,2,48,6,7,27,9,21,24,46,39,46,37,25,18,35,6,47
39,53,17,3,42,3,43,3,24,0,13,25,3,26,20,13,19,10,58,10,48,0,45,38,54,45,54,51,51,53,28,35,35,48,10,11,32,24,6,11,10,7,12,55,6,30,7,32,39,28,5,36,39,50,40,59,25,27,36,16
36,35,0,17,49,20,29,58,38,57,52,1,46,55,11,14,10,39,54,42,16,16,31,14,31,36,15,47,38,59,44,6,13,37,32,38,26,23,12,51,24,46,32,53,56,15,33,49,2,59,24,53,56,44,43,42,13,20,13,12
24,4,8,54,8,23,52,20,44,16,23,20,18,46,20,7,1,49,6,5,15,12,10,42,25,22,40,54,3,17,21,14,21,43,27,10,32,27,6,36,34,49,27,8,49,42,7,4,4,25,55,18,27,41,7,3,2,7,55,39
46,46,32,42,49,16,29,11,13,8,55,8,51,37,43,31,20,45,49,13,7,46,50,1,40,30,20,13,18,2,33,19,2,32,31,20,46,0,40,42,13,51,17,36,52,32,59,38,11,35,6,15,8,25,22,30,37,48,34,8
51,17,33,33,28,57,23,36,59,54,37,1,47,26,52,31,53,12,42,42,37,5,49,45,31,56,52,24,46,2,55,28,12,43,8,35,10,3,14,0,36,44,57,33,58,25,4,28,3,36,48,41,58,48,4,44,14,30,4,21
22,33,50,10,30,47,41,47,8,30,43,21,4,50,42,5,26,2,39,0,9,7,44,41,12,58,24,52,50,59,50,56,44,59,47,35,26,44,0,21,51,41,41,13,25,37,54,11,3,28,10,34,55,43,32,42,42,5,51,8
27,42,10,21,54,1,4,21,6,24,26,53,23,18,53,55,16,15,20,57,4,9,33,27,50,56,56,8,40,47,54,2,50,40,8,11,9,16,46,37,38,29,26,25,36,24,0,38,12,47,1,3,6,48,29,14,45,28,58,4
31,25,4,25,19,36,30,59,53,43,35,44,18,48,53,28,47,5,1,56,52,3,55,4,29,30,28,55,45,53,55,8,49,21,0,41,9,36,31,35,2,47,50,13,2,25,14,48,17,19,51,0,40,33,18,8,54,45,51,32
19,47,56,55,15,32,5,5,1,46,2,51,49,10,48,7,44,10,31,3,36,31,49,16,41,39,51,37,56,44,45,37,29,40,17,2,19,17,2,55,5,58,52,16,30,19,13,30,7,29,2,37,7,0,7,33,4,28,26,13
8,43,39,4,10,12,59,10,6,25,57,8,41,24,29,34,13,23,29,0,8,42,15,16,9,40,35,32,42,16,21,22,21,17,50,58,20,6,26,39,54,24,40,45,44,53,50,30,19,44,31,3,16,38,36,18,51,46,4,24
19,19,23,10,43,30,38,51,31,4,43,36,6,52,58,50,0,9,12,48,54,45,58,59,53,34,48,46,19,53,24,42,8,4,15,35,51,30,39,40,31,24,57,48,33,23,25,35,51,37,4,44,16,51,15,30,33,15,31,54
42,18,48,44,27,23,9,12,28,19,2,45,39,56,26,18,16,12,17,14,3,52,49,15,18,43,50,29,43,4,14,6,48,12,51,41,40,51,54,42,1,36,16,15,0,42,7,35,16,18,56,49,9,53,35,15,20,7,17,32
56,19,28,48,53,20,12,18,37,36,17,5,8,31,37,31,13,42,12,17,10,56,8,59,51,5,46,15,15,40,59,54,36,28,18,30,16,29,22,17,43,4,52,3,6,0,56,8,35,58,25,15,20,47,25,43,16,15,11,0
27,20,21,46,6,50,56,59,45,55,16,58,56,38,2,19,55,27,14,11,59,41,45,30,55,47,7,58,48,5,48,12,10,41,25,54,50,6,18,13,7,32,31,6,39,3,52,3,5,31,43,24,45,26,43,20,27,17,17,22
42,57,45,47,46,47,6,40,16,23,17,18,13,16,38,27,49,14,34,30,38,50,15,4,10,21,14,56,43,12,6,40,33,24,29,32,26,40,39,13,19,36,54,30,7,52,16,30,25,9,29,48,49,32,28,19,55,10,7,10
57,54,46,27,26,11,48,31,14,52,22,18,5,53,7,51,0,56,40,9,41,7,59,52,43,52,45,35,29,25,28,37,8,13,1,37,37,9,53,44,37,5,55,7,25,13,7,28,40,6,45,15,13,19,30,17,7,41,10,6
55,53,22,2,13,28,32,6,48,39,48,44,25,41,52,51,1,12,18,6,11,35,54,4,27,32,46,54,28,29,30,5,6,0,0,14,43,42,28,25,37,56,45,6,31,21,45,15,2,51,12,28,46,55,19,51,57,11,56,56
11,20,30,14,39,41,54,35,24,31,0,15,6,41,20,13,38,6,49,44,18,44,30,24,48,23,19,1,14,54,53,48,55,55,18,57,8,21,16,40,9,38,54,42,50,6,22,41,3,44,21,41,12,34,33,23,8,30,24,9
5,47,49,19,22,48,21,27,33,55,32,54,16,8,21,32,48,34,31,50,28,55,10,4,30,39,54,48,10,10,1,46,40,37,23,31,56,32,2,33,42,24,56,47,37,33,24,44,2,41,50,34,57,25,11,52,7,38,24,22
5,7,27,44,51,52,51,10,23,17,19,5,39,41,41,40,16,24,39,11,14,42,46,3,58,49,25,31,9,6,9,44,49,33,42,31,36,34,30,48,49,53,4,16,32,34,0,24,59,6,47,53,11,0,58,25,43,51,26,18
19,59,38,52,58,33,9,18,48,20,39,28,4,24,59,17,37,27,59,15,18,20,56,4,57,58,5,10,59,6,15,10,31,30,48,8,40,23,51,57,42,56,30,31,39,56,4,21,16,56,25,13,57,18,36,16,57,33,52,31
25,47,50,1,36,47,4,42,9,24,20,1,10,37,12,45,45,18,7,1,55,18,47,51,51,16,59,55,36,49,25,1,13,26,49,38,11,29,54,5,2,53,24,2,56,9,49,20,48,6,28,46,46,55,51,56,7,4,9,55
19,5,29,50,51,15,52,13,59,25,1,9,12,33,16,41,50,4,21,31,19,59,28,54,13,52,49,22,43,6,51,4,59,24,30,25,34,14,9,12,7,11,9,53,2,51,45,7,14,39,49,3,57,28,14,6,12,37,50,56
49,42,36,48,27,8,41,30,23,30,52,55,47,51,43,57,1,38,46,10,28,30,52,50,18,13,24,21,57,11,24,16,12,57,18,16,22,15,44,41,27,3,39,36,10,7,17,10,43,30,52,8,50,32,48,31,59,14,0,12
51,15,28,8,35,41,57,40,56,32,40,7,14,51,23,56,9,29,53,13,58,53,22,43,48,5,0,3,26,41,21,7,31,25,34,48,45,1,3,36,43,33,19,20,2,24,46,57,21,2,46,26,25,9,4,54,54,48,43,17
8,1,50,4,10,23,48,17,18,11,42,1,8,9,49,30,55,0,24,16,34,33,45,23,15,31,42,59,59,44,46,7,51,46,50,41,9,5,44,8,51,12,48,4,44,10,47,34,46,43,42,20,22,49,0,21,31,56,43,47
14,3,22,34,21,39,53,20,21,11,40,53,38,14,7,7,54,41,23,11,12,57,57,49,54,48,32,34,55,15,46,14,53,51,43,16,45,32,39,21,48,50,3,8,1,19,29,35,49,58,38,37,30,11,6,38,4,53,44,35
26,5,24,49,44,46,2,43,0,20,16,33,3,51,3,12,51,7,11,59,18,56,17,58,53,46,41,7,6,50,55,39,5,28,32,21,59,9,17,45,2,29,21,52,3,47,41,5,14,34,53,54,46,23,5,42,10,9,14,17
7,35,59,58,20,46,4,10,36,29,50,7,50,50,0,29,40,16,45,47,39,5,14,32,11,35,0,13,23,43,50,19,59,25,30,13,47,42,47,33,44,58,40,42,27,4,26,59,45,24,48,46,56,3,6,54,44,25,20,30
33,59,25,59,17,10,10,23,15,35,15,47,48,45,39,40,17,14,41,8,45,25,53,6,29,27,40,33,34,36,12,16,27,58,26,11,56,31,52,14,20,14,10,1,23,3,55,33,18,33,33,47,49,11,39,59,4,48,53,32
52,15,47,16,17,48,14,8,26,23,13,35,32,3,31,13,55,17,37,41,57,24,50,48,52,41,5,34,18,3,26,25,26,47,51,47,11,38,34,21,43,15,6,3,43,52,52,8,30,47,57,13,57,30,5,21,6,37,19,27
40,0,46,20,5,25,20,29,59,56,1,30,58,35,58,10,54,31,44,38,47,15,50,11,34,21,51,44,34,2,20,17,7,29,34,41,39,13,49,52,27,52,55,12,36,13,51,56,0,4,55,54,44,48,59,44,47,22,8,52
11,37,33,24,41,28,8,10,40,52,4,10,30,10,31,56,1,57,4,3,33,18,13,3,19,24,5,29,43,25,57,29,40,4,20,51,44,56,30,33,21,42,14,17,6,25,1,30,32,9,21,42,40,47,44,20,53,58,34,31
19,54,39,59,3,14,27,46,32,39,21,22,53,21,39,36,13,42,46,44,59,43,39,11,42,28,49,47,39,42,37,37,17,29,12,43,34,34,30,21,48,46,30,54,21,10,57,47,3,27,54,23,28,37,27,27,5,21,8,30
2,43,33,54,13,56,45,40,15,52,0,54,32,32,16,59,12,17,55,4,45,38,34,49,59,1,55,5,20,44,50,32,36,19,43,9,14,35,50,40,16,26,17,47,21,59,34,33,19,42,42,11,26,13,14,31,45,26,45,26
33,47,24,19,36,49,17,39,49,40,21,30,31,47,57,50,25,52,8,1,13,36,10,2,16,38,32,14,22,24,20,6,12,13,26,10,33,13,25,4,35,53,3,20,8,39,24,49,9,30,8,50,0,53,13,54,43,37,25,22
1,19,45,13,27,56,3,11,12,54,2,39,41,16,37,30,0,6,43,32,29,17,16,39,8,52,21,51,9,45,31,12,39,1,53,26,52,52,33,15,44,57,33,5,28,23,20,32,11,3,45,17,15,42,51,0,22,16,59,45
55,29,11,24,0,59,25,35,57,24,17,13,3,52,8,29,7,26,20,43,16,43,4,59,5,56,26,39,43,26,14,10,59,55,20,44,23,49,15,27,56,9,7,34,18,41,14,24,24,51,53,0,52,5,0,57,44,14,9,41
31,10,38,48,58,50,59,55,11,44,25,19,18,22,37,3,30,8,38,0,59,19,41,50,16,26,29,43,2,58,8,55,24,8,41,33,22,32,21,47,38,48,34,2,13,32,50,57,24,29,32,9,18,46,36,31,39,0,17,46
0,18,33,2,56,42,20,4,32,18,8,0,51,23,28,29,11,15,54,53,10,30,57,19,16,55,2,0,24,29,26,23,21,7,16,55,33,45,40,5,13,59,57,25,47,52,50,1,12,47,24,15,56,28,32,12,6,1,30,42
21,40,1,52,18,41,41,25,34,13,27,17,9,32,21,6,47,54,0,3,18,36,14,47,23,37,27,20,7,14,48,30,34,56,24,36,46,8,26,3,59,1,54,55,36,15,44,54,57,37,51,11,52,31,22,26,3,48,45,37
15,23,51,11,38,0,46,19,54,13,41,39,20,23,47,52,47,44,10,9,39,24,3,17,31,33,17,9,48,2,14,51,11,36,28,28,24,48,1,36,15,54,9,2,36,39,42,34,35,1,24,36,54,2,47,2,41,23,45,41
52,47,17,2,12,8,26,4,34,57,43,51,42,18,28,15,0,50,31,31,38,0,59,45,48,5,25,11,11,19,54,21,25,57,12,22,45,58,13,29,36,46,33,22,21,15,23,43,8,44,38,21,56,54,28,55,45,30,51,0
47,46,55,7,19,5,37,17,47,25,3,49,38,11,48,33,26,39,46,23,39,18,41,14,26,22,35,23,40,19,39,4,30,0,4,54,52,46,51,6,23,53,27,34,3,48,37,44,0,3,35,5,42,57,14,22,23,34,36,46
22,7,23,49,16,41,6,23,16,42,25,48,5,0,5,25,12,53,37,13,16,55,35,50,24,25,30,8,34,39,41,14,59,3,30,28,51,2,50,38,28,47,7,15,37,29,11,30,27,8,1,19,35,0,12,48,49,44,36,5
45,58,33,54,28,47,30,37,45,31,29,53,35,3,36,31,41,23,57,28,11,43,2,9,21,37,45,25,44,2,13,46,45,15,11,57,46,25,49,55,19,12,17,31,56,58,42,35,38,47,47,40,12,11,45,28,36,32,48,55
36,43,48,1,28,56,32,47,1,48,29,44,9,58,19,8,22,27,4,51,4,31,11,52,45,3,18,32,31,17,3,55,24,58,6,12,38,6,2,53,1,24,39,58,54,16,30,42,38,38,46,22,46,25,4,29,23,27,16,34
38,31,31,43,35,5,32,52,28,8,13,39,33,3,27,40,21,53,59,43,40,56,14,45,26,48,27,4,40,46,16,7,53,8,7,54,7,20,48,16,16,49,47,32,54,6,8,17,1,48,1,32,49,52,30,57,40,11,22,52
17,14,34,12,22,37,37,5,22,38,26,8,9,50,2,18,55,31,38,10,8,40,26,21,21,34,36,51,48,18,50,13,18,26,31,22,32,56,32,6,48,25,42,10,3,40,8,31,41,12,16,35,58,50,34,53,24,18,59,45
9,13,15,39,55,34,20,36,54,17,29,29,24,18,34,56,5,24,53,23,21,17,45,47,49,10,8,51,6,24,9,47,42,21,2,32,56,51,27,24,42,19,41,14,24,21,17,52,50,53,14,56,21,18,25,24,13,51,15,24
52,7,3,50,42,27,20,5,12,25,30,22,17,2,20,42,45,58,37,27,32,25,23,56,30,27,31,23,2,47,56,51,19,2,32,8,28,38,22,13,15,59,51,14,29,23,28,44,42,31,30,5,40,25,25,24,8,51,26,53
36,51,10,53,51,9,1,25,2,38,7,54,47,2,3,21,4,9,51,24,40,41,1,44,8,35,5,28,54,58,11,56,26,50,54,18,44,59,38,34,19,18,55,21,31,24,6,10,49,4,23,25,41,21,12,7,50,4,37,9
22,23,9,17,52,20,20,57,3,56,9,6,59,51,27,7,58,55,51,28,11,35,5,37,28,43,4,25,15,46,28,50,46,37,44,12,53,27,17,7,46,13,11,40,23,27,21,4,53,15,52,51,33,41,22,15,55,7,19,8
46,18,7,25,15,22,35,28,8,27,8,13,53,7,19,11,39,46,2,7,53,11,50,56,49,30,14,15,13,46,1,29,43,7,3,15,35,57,4,46,7,23,35,13,17,36,26,49,8,59,12,48,31,24,7,9,30,6,6,1
45,55,34,47,13,4,38,55,29,39,8,48,24,41,23,49,51,28,42,13,20,13,9,2,23,7,57,42,9,50,11,14,56,1,50,58,10,37,52,57,48,42,31,29,21,51,58,59,51,25,48,48,5,21,19,12,43,32,41,36
28,50,15,1,20,51,40,15,56,41,47,19,29,40,3,14,27,6,56,30,8,22,6,21,42,26,47,9,40,38,35,41,42,1,40,29,4,15,17,40,2,56,14,33,21,58,44,38,3,18,10,2,40,22,25,21,49,45,7,55
13,28,30,41,16,7,16,53,8,13,26,58,53,49,30,39,8,8,49,8,47,21,3,26,31,54,44,41,26,24,42,2,46,59,18,0,42,15,35,4,53,3,37,59,42,19,12,21,26,58,58,37,40,40,25,41,16,19,54,18
10,34,24,46,8,22,21,44,40,17,11,37,27,7,0,48,7,37,17,3,45,18,41,3,51,47,12,44,41,26,26,7,35,53,56,48,44,38,30,45,48,8,57,34,23,7,46,33,9,50,58,13,38,35,50,32,59,58,19,19
22,9,43,56,23,7,52,34,56,56,26,43,25,23,15,7,11,28,37,41,51,30,20,54,55,48,48,36,10,41,1,54,58,26,9,33,35,16,18,54,54,43,24,29,25,8,29,51,22,30,6,26,1,35,15,50,10,41,7,26
38,22,0,53,14,8,4,17,1,12,41,17,28,36,14,39,18,51,28,31,54,51,10,34,23,13,0,27,31,59,6,10,9,21,57,21,10,51,23,25,29,1,9,7,57,51,37,46,49,4,50,10,1,10,25,55,18,35,15,16
35,50,5,10,26,54,7,19,38,45,45,51,49,4,41,34,43,43,28,24,4,8,46,32,27,54,4,34,12,11,55,9,8,48,11,52,8,41,9,3,37,0,16,53,44,24,46,47,24,27,32,38,48,46,3,21,21,56,4,29
12,48,19,38,1,11,28,14,58,54,30,12,5,8,26,5,7,40,12,50,46,49,13,58,46,41,4,4,9,29,25,46,53,24,14,38,5,40,22,39,26,8,33,48,14,49,23,36,34,27,1,34,56,10,47,38,43,49,40,11
4,28,12,59,46,40,46,8,17,36,45,35,49,24,30,8,36,21,2,54,24,11,37,36,20,50,47,6,17,19,16,35,18,51,0,25,45,13,42,54,0,50,52,24,44,56,4,15,9,13,34,7,24,26,20,34,47,26,54,17
6,2,2,8,52,5,8,12,38,35,59,38,57,33,29,30,34,43,8,17,27,36,32,33,21,17,46,48,6,41,41,6,41,8,22,33,46,24,19,23,56,8,48,56,30,56,45,8,36,18,9,59,8,46,25,39,1,10,40,18
26,44,38,55,50,14,18,16,47,12,59,2,14,48,11,30,43,40,37,50,3,15,1,17,8,46,43,1,31,28,20,58,33,26,16,37,48,46,51,34,12,30,56,0,19,3,5,10,25,40,21,0,13,59,11,23,29,51,12,15
7,32,59,18,54,20,52,51,39,33,3,22,10,57,2,9,25,41,15,33,52,43,6,45,43,14,7,51,8,30,41,26,26,23,41,20,49,51,16,6,52,12,7,18,6,15,26,5,5,53,43,20,13,47,58,38,59,44,22,41
17,25,16,3,35,48,33,19,49,24,18,36,39,37,19,41,37,36,17,18,28,55,23,2,38,55,16,39,50,56,21,49,4,13,42,54,59,26,27,15,38,43,46,35,41,35,16,34,48,3,12,59,34,44,15,49,18,43,46,38
2,55,1,18,12,3,22,13,25,2,12,11,4,22,54,0,27,10,26,45,25,16,42,13,47,22,4,48,55,35,21,28,31,15,45,26,57,34,8,49,30,16,36,24,21,6,12,27,51,23,22,31,39,21,44,51,38,57,40,44
44,51,17,42,54,24,0,2,29,31,10,13,41,37,42,20,27,22,13,41,13,23,46,49,46,45,36,38,30,1,20,48,58,54,21,29,43,28,58,15,34,27,52,7,11,16,45,59,4,40,41,50,43,57,32,55,2,48,15,24
28,47,59,28,29,43,6,6,54,8,56,0,33,11,38,44,25,4,10,53,41,31,48,43,57,29,43,27,3,20,19,30,6,25,11,12,20,53,48,25,22,58,27,14,10,56,42,26,11,22,48,7,8,20,17,37,59,0,4,17
6,16,24,19,34,8,53,36,19,29,48,28,44,24,14,38,53,25,20,53,36,47,55,5,45,15,45,52,40,59,30,18,27,49,47,1,48,51,51,12,12,43,56,41,27,45,26,14,19,35,18,36,27,42,10,53,21,14,31,19
21,39,45,52,32,12,16,47,7,24,48,23,54,14,17,46,20,25,20,16,59,45,42,9,2,5,59,11,7,29,16,56,10,21,38,5,11,15,42,54,55,26,43,46,57,59,10,18,30,43,15,12,40,38,54,40,38,3,59,53
37,40,39,14,47,30,45,35,50,58,58,37,48,38,31,38,38,39,26,9,5,36,11,38,35,32,55,49,27,56,21,0,48,50,3,39,34,59,53,31,43,6,49,31,23,10,18,20,44,12,32,45,30,52,16,42,34,56,21,42
3,32,35,41,56,5,54,55,26,2,49,6,42,17,9,54,23,54,27,28,21,1,46,21,53,28,57,28,59,10,10,49,8,8,11,48,2,7,30,2,49,46,58,12,28,59,18,57,9,55,9,35,59,53,38,26,3,20,32,23
55,44,43,35,12,26,49,33,17,23,42,36,33,40,16,14,57,17,27,34,33,28,37,16,16,48,11,12,56,30,51,58,37,55,43,21,44,52,3,6,16,55,24,20,34,26,8,22,23,46,15,33,43,31,13,4,45,50,59,29
17,45,3,21,55,40,57,11,40,59,42,45,46,42,30,14,47,14,35,58,37,10,48,11,54,17,54,22,58,30,2,20,29,6,25,16,16,30,18,47,24,4,31,41,10,52,41,37,56,52,50,11,53,55,30,7,34,9,17,1
13,52,23,33,26,30,3,4,26,15,53,59,38,12,39,35,34,26,43,5,47,33,43,21,13,7,23,0,12,8,14,4,55,29,37,8,7,47,46,15,52,51,3,7,59,32,57,0,10,40,27,25,36,1,34,4,11,7,52,12
49,52,22,23,55,41,25,59,57,32,56,7,13,59,40,16,9,19,5,20,32,8,26,33,4,52,55,4,21,10,2,45,31,33,57,20,39,26,29,4,39,0,37,15,11,36,31,36,58,51,47,31,10,24,31,22,24,30,12,45
55,12,49,38,14,17,38,11,35,44,33,55,6,14,19,35,55,19,8,37,43,34,19,2,13,45,19,17,58,18,25,34,50,21,9,35,35,46,47,24,10,34,19,0,19,23,19,1,17,18,16,21,13,30,39,16,51,14,1,32
41,58,45,58,40,44,37,25,59,23,32,9,1,15,29,0,28,6,1,23,2,3,3,43,40,45,0,1,36,39,8,34,46,30,18,19,48,35,37,28,59,7,14,13,6,34,40,48,1,31,18,35,9,59,2,58,40,24,6,27
34,11,4,22,39,16,14,46,8,32,38,13,57,31,38,1,41,30,19,20,45,43,46,14,36,13,35,6,8,46,4,51,51,8,19,42,46,11,1,32,44,36,40,37,14,8,47,59,24,11,13,32,45,48,32,19,40,20,24,40
11,13,6,48,3,5,3,52,53,40,35,2,55,27,39,45,9,51,27,1,14,23,6,56,35,8,24,33,13,42,32,11,35,7,44,6,19,30,20,9,25,2,6,43,46,10,33,27,16,4,1,22,5,36,48,14,4,9,56,57
40,26,3,11,17,22,49,0,48,8,54,48,53,5,21,13,38,10,25,11,18,14,23,58,8,59,25,16,11,3,6,56,19,9,33,38,24,10,6,5,53,4,14,13,32,50,24,53,51,20,35,45,53,53,45,30,2,35,27,48
47,14,57,59,30,10,42,33,47,48,7,32,52,46,14,41,31,16,55,23,8,12,52,27,37,50,24,16,44,29,43,38,32,47,7,24,40,15,47,41,48,23,43,23,26,46,49,6,19,43,43,53,24,28,34,37,21,35,53,19
51,21,54,42,57,3,35,19,50,3,51,15,3,54,1,58,19,31,35,31,43,56,33,15,18,43,40,51,29,31,50,57,26,3,36,1,32,22,32,0,30,27,9,39,55,9,57,29,6,25,58,37,23,10,20,30,21,44,1,1
11,57,12,54,44,45,56,56,31,20,31,51,45,36,19,47,51,49,44,6,59,44,4,20,51,4,27,21,1,19,33,6,43,56,33,21,20,7,44,57,4,24,24,52,12,12,5,21,44,42,25,10,49,23,46,2,4,48,30,31
29,10,8,48,47,36,5,0,4,39,52,57,48,13,10,7,31,55,23,31,48,47,43,27,49,35,35,30,47,31,37,12,16,17,57,27,28,58,22,43,28,36,33,46,48,15,47,6,20,45,34,45,47,18,58,32,28,25,47,52
27,19,13,59,21,17,42,9,55,33,5,8,2,45,56,50,21,53,57,58,35,50,7,58,15,21,56,50,37,22,17,34,41,42,53,35,50,6,37,45,40,30,7,3,19,53,59,8,16,25,58,50,57,27,29,54,17,35,59,22
13,57,33,26,56,33,12,59,46,41,3,1,40,11,46,47,56,34,28,21,41,23,29,34,54,20,59,8,34,3,46,29,25,12,56,43,23,12,54,43,17,30,36,6,6,31,45,8,27,36,56,34,45,54,53,20,32,37,20,15
27,7,1,2,32,36,35,23,53,48,57,32,56,43,58,34,19,46,19,14,10,25,37,41,39,47,46,25,3,49,24,18,49,20,23,45,3,51,12,26,19,15,18,27,34,3,22,59,26,38,6,8,36,7,34,37,38,47,1,22
19,1,31,0,41,37,56,26,55,41,48,56,25,34,38,30,33,8,35,17,27,49,4,7,44,12,5,17,20,59,19,29,25,58,47,41,7,3,14,9,33,36,27,49,2,20,32,58,5,15,58,20,29,44,25,5,14,11,4,41
47,18,11,51,7,8,47,45,8,6,47,36,20,4,28,56,6,25,53,5,29,49,4,23,56,21,42,42,50,41,55,26,48,51,58,36,18,27,6,22,24,28,25,33,18,43,19,54,44,23,42,35,26,29,59,19,5,26,43,59
32,38,12,45,20,58,18,47,13,0,5,2,5,50,44,16,6,38,28,35,8,14,12,51,26,45,8,29,54,23,31,14,25,56,40,11,35,27,59,13,49,9,46,36,18,15,59,8,14,10,0,9,5,8,44,23,30,12,35,35
15,49,50,4,1,55,32,12,9,58,53,52,21,33,48,18,58,52,7,54,13,34,16,12,47,15,32,0,13,55,5,10,27,45,13,47,53,25,57,57,35,45,15,7,52,4,46,58,14,44,19,54,19,24,0,42,4,20,20,32
41,14,2,21,35,36,20,2,37,24,47,40,48,56,41,12,56,51,0,28,0,49,6,6,17,54,42,19,12,53,21,21,8,49,17,13,16,37,31,0,20,42,37,23,16,32,25,48,58,18,23,56,57,3,34,55,57,22,58,40
30,20,15,9,44,1,39,30,32,17,52,50,11,52,14,56,28,9,39,42,37,5,33,2,35,46,6,42,44,48,52,26,35,56,39,18,50,30,21,21,11,57,25,16,17,45,19,31,15,21,19,41,8,48,2,4,40,23,28,55
59,22,30,18,7,44,11,51,39,17,13,3,32,21,37,19,1,29,6,29,8,54,34,12,22,37,34,34,7,51,2,3,28,52,56,22,52,21,23,46,36,10,48,47,19,32,25,56,32,37,3,29,47,56,32,31,16,28,38,14
2,19,15,45,11,7,26,36,19,13,44,30,41,56,36,34,49,57,23,40,47,58,6,7,49,47,34,55,22,15,9,53,39,32,56,30,3,32,56,41,18,20,14,37,28,10,2,17,37,25,26,34,26,9,53,55,21,25,33,11
36,4,21,24,25,20,45,51,24,54,28,18,45,20,22,43,36,51,40,6,7,55,36,24,8,51,4,58,21,33,26,4,41,46,23,57,45,37,1,31,21,1,35,30,22,14,26,8,48,49,56,46,30,30,21,55,48,28,20,8
47,22,26,32,37,4,20,45,59,25,9,9,51,55,41,14,10,49,45,6,51,9,55,37,53,24,51,8,55,50,58,57,12,53,51,4,39,20,21,36,26,12,26,0,46,21,54,48,34,7,57,49,38,9,31,23,32,34,38,23
19,59,41,8,49,56,53,32,35,0,27,51,8,31,25,15,15,47,52,2,13,42,43,35,19,40,56,37,57,6,28,27,11,12,12,22,42,38,25,46,38,22,32,28,45,48,57,35,55,18,49,33,37,3,46,7,11,26,17,31
23,14,49,53,58,29,56,7,16,15,58,47,25,26,5,56,18,11,41,5,56,46,23,15,22,56,21,33,0,48,23,37,33,35,50,24,35,25,46,45,28,53,20,27,10,28,42,34,36,31,56,38,46,21,58,8,33,15,29,45
39,27,22,33,1,9,10,37,18,18,47,41,21,44,53,35,37,50,44,58,22,12,37,45,4,58,23,21,6,45,50,1,11,27,56,26,20,35,4,42,18,38,6,43,15,20,56,5,44,54,49,11,45,25,40,34,5,32,0,24
50,30,14,11,57,14,20,15,14,57,26,0,58,32,31,13,42,7,3,49,32,52,27,31,13,18,40,34,59,3,25,50,31,57,13,39,50,35,20,59,49,49,16,32,31,49,2,19,20,21,53,41,8,10,21,25,17,23,19,39
6,9,40,12,3,23,17,3,33,46,45,40,59,36,32,21,39,29,12,55,37,8,35,14,37,34,16,9,40,46,51,38,41,44,45,6,47,35,54,59,27,38,7,34,6,52,34,21,50,36,26,39,6,30,2,53,10,45,17,50
37,7,26,37,59,34,49,55,25,5,57,9,37,39,28,1,38,2,41,21,55,54,56,28,9,8,20,16,8,15,39,58,26,28,8,56,52,24,33,10,25,7,9,23,42,50,55,39,22,55,2,23,22,8,51,20,0,13,34,11
57,27,8,37,7,48,56,6,15,29,27,7,30,32,18,32,6,31,20,40,20,19,1,41,44,32,5,53,3,20,14,8,46,25,12,42,20,22,4,24,33,57,47,22,40,3,10,39,46,58,21,2,20,29,33,23,12,43,7,14
49,55,23,15,58,39,31,5,10,27,22,2,21,6,14,13,32,22,8,52,16,48,2,55,37,39,1,44,21,43,19,8,57,8,37,18,17,37,8,8,26,43,51,53,37,51,18,16,31,10,25,24,43,15,59,16,1,12,8,54
16,41,10,24,55,36,10,8,15,20,24,7,16,25,2,1,33,10,9,7,55,3,58,47,32,49,35,45,13,56,38,31,30,24,36,40,36,48,4,44,4,18,55,5,55,24,42,28,18,7,32,1,52,51,11,34,4,52,26,1
14,27,41,33,35,2,55,24,4,37,2,3,58,19,27,11,3,15,46,53,46,59,25,45,2,46,57,23,8,39,22,24,34,13,28,6,30,53,42,25,29,37,1,1,4,38,58,16,4,45,56,39,16,26,2,17,55,35,42,39
41,41,35,40,30,1,13,30,14,13,59,37,38,17,8,53,19,42,26,31,21,54,7,27,9,36,33,52,32,47,6,36,10,42,38,53,31,10,41,26,26,50,54,45,19,2,32,0,8,55,49,8,27,27,55,48,46,15,47,54
29,45,47,23,46,30,16,11,16,25,3,44,35,23,53,31,31,16,45,13,56,52,38,43,49,42,40,8,58,49,32,4,46,3,30,5,29,28,18,31,31,35,12,29,1,28,38,8,42,31,26,54,53,50,25,26,51,13,9,7
5,30,7,15,38,27,14,14,59,47,59,42,5,12,57,9,12,5,16,50,57,48,22,22,26,20,38,14,31,40,58,14,22,31,42,25,7,0,52,31,0,17,3,1,11,47,48,13,4,4,25,12,53,0,58,14,50,17,22,34
28,28,41,33,24,3,1,57,5,43,37,19,4,18,31,17,8,41,5,1,4,39,44,19,59,33,8,36,37,59,47,12,43,49,2,58,47,30,32,43,4,10,51,34,41,22,14,4,21,6,48,59,56,10,15,37,43,51,16,28
56,53,2,43,6,58,38,5,31,52,12,34,4,19,15,46,4,13,17,20,16,9,52,51,56,6,34,18,59,34,28,38,33,54,8,59,31,59,34,47,59,49,13,17,22,10,5,5,14,42,32,54,36,37,6,10,51,38,26,12
25,32,38,52,15,44,3,7,2,0,27,13,19,29,45,43,52,59,47,37,37,38,32,32,8,41,1,12,32,17,4,7,28,44,1,4,33,38,29,2,35,38,51,24,53,32,59,27,43,20,7,41,18,11,8,25,51,15,55,10
54,42,4,18,8,5,9,36,38,51,22,47,52,39,42,50,19,51,15,9,20,17,50,11,17,5,29,25,52,48,32,10,40,56,29,38,0,1,50,52,10,22,45,49,1,41,13,28,53,17,59,29,39,3,34,49,16,38,29,38
58,33,40,18,54,22,7,26,29,10,28,40,15,49,31,25,28,49,13,16,27,19,22,11,25,39,5,46,50,58,32,9,9,9,4,47,26,22,29,13,46,40,8,9,24,11,37,47,14,8,20,13,57,59,56,3,1,21,16,8
6,23,25,20,59,6,37,25,46,49,16,25,36,5,21,59,45,0,15,51,49,25,8,24,6,30,4,29,12,41,47,7,54,19,35,8,33,24,7,3,43,59,6,29,42,3,44,57,7,50,26,54,55,5,55,26,21,40,10,45
32,0,31,48,35,21,33,10,18,2,0,44,38,58,40,31,52,54,17,18,18,18,31,22,29,17,23,29,23,11,15,4,56,35,29,47,56,13,23,42,43,24,3,6,3,35,5,33,41,5,39,5,17,54,22,34,44,55,31,17
15,54,8,9,40,2,31,12,39,40,57,52,27,59,50,7,26,39,48,18,31,3,50,53,15,21,39,57,49,58,46,48,31,46,14,4,36,46,38,32,1,27,11,8,2,0,56,31,40,50,38,26,31,54,22,45,43,33,18,55
34,13,23,0,2,8,15,16,16,8,8,24,32,7,31,45,25,3,48,21,59,50,21,2,37,6,31,25,46,52,27,18,42,9,23,53,15,22,51,19,15,55,56,8,14,23,22,38,45,18,6,32,45,9,4,45,47,1,35,1
0,20,15,20,4,30,48,5,25,18,13,21,1,25,8,41,48,45,50,47,6,5,41,52,24,0,19,49,14,14,56,2,29,6,8,5,17,43,58,44,17,20,37,18,27,15,26,54,55,50,5,24,24,40,35,42,21,52,36,45
4,2,36,3,52,42,44,13,15,41,3,21,37,22,9,8,14,10,46,58,39,40,31,48,22,47,4,59,55,30,27,37,17,1,38,20,11,28,38,34,44,4,29,30,38,39,1,14,45,52,6,24,4,54,25,50,18,54,24,8
15,44,25,48,42,9,28,50,25,48,35,4,53,6,54,6,46,54,50,34,35,50,13,3,10,9,15,15,55,41,59,42,6,20,32,4,14,50,17,16,57,28,58,49,39,24,59,42,11,46,4,23,45,34,29,40,49,40,6,55
8,44,26,27,52,41,10,45,9,13,10,4,17,23,41,50,35,56,33,53,4,43,12,41,32,23,53,42,18,43,33,8,10,19,40,27,9,21,5,15,25,8,9,10,23,55,43,24,5,40,17,44,41,1,25,12,18,10,13,7
49,16,37,43,32,8,20,47,30,24,15,56,27,6,55,49,36,21,18,30,52,5,6,9,4,19,47,6,28,36,31,52,31,31,37,58,12,6,54,49,14,7,21,44,10,45,33,57,59,15,46,25,21,56,32,19,16,51,55,38
50,17,49,13,43,30,32,21,39,57,49,12,48,10,32,45,42,21,25,29,18,43,40,49,50,41,41,57,51,4,53,21,12,35,31,55,1,16,26,55,25,35,30,21,41,36,48,27,35,38,23,7,22,2,45,33,25,43,46,55
29,58,10,11,42,2,3,59,8,18,24,51,11,44,22,39,2,48,47,2,2,30,16,25,42,8,0,16,51,13,51,4,39,30,3,11,55,21,56,29,15,4,18,12,5,22,29,42,32,11,55,14,55,39,42,0,37,40,41,3
1,31,57,16,46,13,50,55,36,39,16,5,16,15,16,28,48,12,27,22,40,54,41,14,25,9,18,36,0,31,3,55,26,27,32,35,32,22,23,38,8,1,17,35,19,42,14,17,9,52,8,54,16,34,23,20,3,37,39,2
49,24,39,45,9,20,14,44,20,49,35,15,1,11,52,38,51,35,4,31,51,43,50,26,25,45,45,55,52,6,57,13,54,29,8,43,43,31,51,56,36,23,8,55,40,19,54,58,20,32,3,11,21,26,24,15,37,12,34,34
7,26,47,59,54,37,9,28,28,22,56,6,57,26,22,40,7,36,20,34,41,10,19,49,0,49,9,58,0,40,57,52,20,15,40,1,51,7,50,8,42,37,15,58,50,30,49,57,45,50,38,58,14,40,39,28,52,9,3,51
9,53,3,42,16,52,59,55,56,2,14,21,17,0,55,23,16,7,5,17,6,4,5,55,50,28,38,15,1,10,44,59,40,22,48,48,24,37,12,27,54,39,34,50,50,38,18,53,0,38,38,1,24,20,56,52,50,12,36,21
14,51,23,21,13,59,45,41,21,46,30,6,33,14,29,45,21,3,10,0,0,43,41,0,54,5,37,33,46,9,10,55,49,41,9,40,38,34,15,17,28,59,17,12,29,21,32,48,5,10,7,47,46,25,13,56,53,7,2,7
57,0,19,31,53,46,6,38,55,6,56,4,9,37,49,15,20,51,14,33,26,23,50,29,23,18,13,16,32,50,15,31,25,15,43,46,40,35,3,11,8,52,11,12,43,27,45,5,40,2,44,54,0,17,31,12,31,9,32,2
42,48,7,21,28,3,57,51,18,51,50,1,41,19,2,28,41,14,8,32,27,55,30,17,56,12,43,43,19,54,18,41,57,4,6,45,46,2,25,34,26,45,12,43,14,40,13,52,56,51,49,32,39,12,57,49,33,37,5,3
21,39,13,20,54,41,22,44,11,36,19,40,25,28,14,59,6,30,51,35,58,38,2,9,19,28,24,41,56,2,57,7,3,1,3,52,57,12,44,30,58,44,13,49,57,25,26,18,30,41,22,56,52,16,38,34,11,45,5,30
25,34,11,52,50,9,47,27,34,3,16,4,6,32,53,29,50,38,17,50,5,22,11,41,25,15,44,28,23,45,13,34,44,7,40,7,36,29,40,3,56,40,30,8,51,5,23,14,53,49,1,22,36,11,8,17,23,10,23,57
6,4,2,34,12,18,23,33,15,39,37,48,21,52,10,8,3,53,16,2,48,50,42,15,49,19,27,30,35,10,3,2,19,31,42,6,0,30,25,47,54,42,29,31,8,0,15,26,4,29,47,19,19,6,56,49,7,12,54,31
42,15,9,52,32,41,26,39,18,0,35,41,36,22,1,18,10,58,56,33,26,7,23,3,17,32,13,23,7,38,3,17,20,57,54,1,58,38,51,37,47,11,34,2,43,30,40,47,23,32,27,23,21,24,58,38,59,37,19,44
47,46,26,46,29,23,58,33,15,3,11,27,42,18,20,10,15,50,31,13,52,22,10,22,1,38,13,8,51,19,35,24,29,37,1,31,39,46,39,39,23,19,41,18,40,54,44,27,21,5,22,57,50,49,57,14,0,50,6,58
14,27,37,52,28,35,18,8,10,8,22,7,1,56,24,36,6,14,7,40,8,57,1,6,58,11,48,52,26,20,18,56,9,40,27,4,40,0,3,53,23,24,58,40,13,36,3,53,19,15,43,23,38,26,21,53,47,56,55,26
19,28,55,23,2,39,49,36,14,3,12,24,8,42,57,15,21,53,52,23,37,51,46,49,15,34,20,31,54,29,55,13,58,18,27,34,33,5,25,53,10,48,51,10,39,18,12,51,44,30,44,16,4,46,39,25,36,0,43,7
34,14,9,35,56,16,7,10,56,3,27,6,23,0,33,20,58,30,58,47,18,4,48,37,47,50,52,26,59,45,40,9,18,36,16,37,55,29,4,50,22,3,34,45,12,40,23,55,6,47,8,16,35,55,46,17,46,11,50,17
22,55,52,42,37,54,8,3,40,22,57,5,59,34,59,35,19,2,55,31,17,42,12,47,18,30,33,44,37,41,9,46,27,50,51,47,35,42,23,25,17,15,36,48,21,51,6,42,32,31,42,16,18,9,12,40,42,28,52,4
24,31,51,6,6,43,40,5,5,57,52,25,55,5,0,33,34,15,22,26,43,46,49,16,14,30,1,48,11,16,37,30,57,51,58,50,26,11,41,29,20,7,7,42,51,25,50,24,5,36,35,2,32,27,13,51,1,45,40,11
14,10,3,44,5,13,3,18,9,30,48,36,42,13,32,55,9,43,15,47,36,58,9,21,38,50,50,1,1,37,2,55,49,19,56,21,31,55,54,38,2,18,17,26,9,2,8,25,45,46,32,16,12,10,52,1,37,26,8,23
34,44,56,20,33,54,11,56,29,7,16,53,33,21,47,7,56,51,52,4,13,17,13,50,21,31,55,17,15,17,44,4,1,46,33,23,18,38,55,7,51,11,15,23,18,58,56,41,11,47,46,14,2,4,17,4,45,33,35,35
27,36,2,31,49,10,20,3,39,41,5,13,24,39,50,10,40,14,53,6,48,6,39,54,30,25,30,19,43,44,32,30,6,15,11,4,33,34,55,7,4,58,16,56,10,56,42,32,44,36,41,50,44,42,57,24,58,32,38,22
25,15,21,21,2,44,53,45,40,32,57,25,6,55,53,57,50,51,16,18,24,51,50,21,37,42,27,31,5,24,24,49,38,3,58,19,19,55,54,21,46,37,25,24,22,35,33,39,50,31,1,11,14,26,22,45,35,1,7,25
44,30,27,6,2,47,27,29,27,47,22,1,37,29,50,35,37,43,43,30,10,27,14,57,59,11,40,46,47,1,51,59,25,12,48,38,49,58,27,18,56,39,46,4,5,38,24,41,34,51,56,1,11,48,39,0,39,17,36,52
18,6,12,7,51,52,20,29,3,52,35,58,35,8,17,54,53,26,39,41,51,47,59,21,47,22,37,24,52,41,29,24,55,59,11,42,44,36,10,50,25,29,38,31,43,12,13,24,46,0,57,23,30,23,35,18,37,37,25,20
34,45,59,20,6,13,29,47,49,9,47,54,51,31,26,29,4,50,41,59,2,22,14,18,0,30,17,29,39,5,39,30,29,40,46,21,51,26,35,22,46,53,4,1,8,15,57,54,39,43,20,7,34,2,30,49,11,37,48,4
22,41,31,29,21,35,18,25,35,20,35,54,27,1,34,36,56,56,27,25,59,18,23,39,16,23,48,42,47,51,48,41,49,28,41,36,9,58,51,4,39,26,23,4,24,22,35,1,23,26,50,9,12,1,16,20,50,15,35,33
22,37,56,10,48,45,9,12,32,46,51,25,24,57,59,59,49,23,50,25,39,46,30,17,38,34,53,51,48,22,37,20,25,9,7,37,46,6,20,21,5,14,26,49,49,0,42,13,51,0,48,46,17,59,29,36,54,45,18,21
43,0,40,0,18,56,28,15,30,35,39,27,14,13,41,59,55,17,26,51,52,39,23,32,0,12,10,52,57,6,45,56,56,11,25,48,42,55,29,19,53,23,5,10,17,28,11,45,24,14,27,10,5,21,28,27,21,47,41,54
22,45,32,16,31,16,49,33,11,7,17,9,36,55,38,29,43,4,8,2,50,8,49,23,11,25,35,4,20,3,2,26,17,39,24,37,18,10,35,12,38,8,21,10,23,53,26,27,20,27,17,52,24,18,13,57,5,45,44,7
14,43,26,17,44,21,9,27,37,29,34,50,17,46,4,49,48,37,44,8,25,4,19,17,13,27,32,37,34,25,36,45,49,20,52,26,44,33,8,45,53,4,51,42,34,3,24,59,49,37,51,42,56,16,16,19,44,11,0,18
31,48,33,33,28,26,55,32,40,17,6,43,35,3,8,36,4,19,50,38,10,57,27,33,0,56,58,40,18,42,32,52,22,22,49,24,47,18,1,14,4,39,25,18,45,24,46,29,29,34,43,13,41,22,53,9,18,7,47,28
57,51,37,21,5,15,33,39,20,35,17,7,10,19,3,2,36,43,1,29,27,51,36,7,30,6,31,10,40,36,31,55,35,22,12,1,59,51,40,41,55,31,30,54,28,16,49,21,41,19,10,19,23,51,37,44,6,56,42,46
38,34,23,49,44,8,50,36,53,10,34,26,20,19,6,18,12,38,30,51,57,32,22,39,4,3,17,59,54,18,58,56,46,20,4,17,1,1,12,31,7,44,11,9,54,33,13,56,34,23,36,58,11,11,3,53,35,5,54,42
20,4,6,36,2,37,24,28,14,36,39,21,18,14,22,59,36,39,33,21,1,57,28,46,44,39,15,41,3,10,57,19,57,15,19,47,41,19,2,20,47,5,27,51,50,23,56,20,47,21,10,53,20,10,19,28,59,19,18,53
50,7,43,37,19,13,3,30,2,39,21,10,22,14,10,21,12,58,45,42,35,43,44,32,44,1,24,21,33,34,23,36,48,50,36,28,36,47,59,11,30,27,45,15,53,27,28,56,59,50,52,39,19,58,7,26,12,15,12,38
31,9,23,38,7,34,55,45,24,50,4,6,55,50,15,13,50,4,21,12,8,49,23,54,11,34,16,53,28,37,32,2,40,43,59,58,20,58,18,6,29,16,17,53,2,53,12,44,48,26,38,41,5,32,21,55,26,18,41,55
5,27,22,36,1,29,57,1,30,53,32,50,52,24,0,49,11,42,2,9,36,35,37,37,56,41,37,5,13,18,34,57,50,15,45,41,59,52,8,45,23,51,7,41,35,12,54,20,23,17,5,37,56,8,18,35,6,31,28,8
29,29,8,26,26,13,4,34,22,58,47,46,29,9,3,49,33,32,56,14,47,23,31,41,44,15,46,45,24,50,46,41,37,52,46,14,56,59,46,23,43,5,21,53,9,48,29,38,5,30,39,53,10,31,36,54,33,58,4,39
59,51,44,41,2,7,34,26,50,8,36,34,15,17,52,8,57,23,52,25,57,39,13,21,15,53,49,3,54,6,11,54,29,30,34,49,17,41,0,30,33,8,20,30,25,19,24,49,58,16,32,27,40,20,23,22,47,54,47,16
13,18,49,52,48,49,21,27,44,15,1,19,45,48,4,31,51,20,39,8,20,30,28,10,33,54,25,11,49,12,52,34,23,9,35,19,40,7,25,23,2,24,34,24,47,29,23,29,54,22,7,14,51,47,11,32,6,32,38,23
50,30,4,53,33,10,40,51,21,31,49,11,12,57,10,37,21,55,53,7,52,52,5,21,29,5,49,48,43,29,0,25,21,5,36,41,51,18,44,42,6,8,54,51,51,21,38,25,27,50,33,0,57,19,37,30,8,53,49,27
12,24,27,24,35,1,7,11,11,7,29,14,33,10,30,19,48,49,2,21,15,50,55,12,8,45,33,3,11,15,56,30,30,2,16,40,39,45,19,44,25,19,53,8,30,0,40,22,18,49,0,28,56,28,7,38,51,33,20,52
43,2,52,0,17,25,29,14,42,52,1,14,49,0,17,11,50,39,13,20,11,20,24,57,43,9,12,36,1,25,3,58,36,1,49,24,29,15,28,49,53,59,14,45,5,23,38,27,42,28,52,58,10,27,10,5,52,25,54,12
9,56,57,27,13,49,25,21,46,20,48,40,17,23,57,34,20,48,47,6,27,44,58,41,12,12,29,8,19,18,30,19,38,52,11,47,20,46,35,54,31,5,59,29,10,27,11,30,26,43,49,40,23,29,55,59,51,59,46,53
16,47,47,11,34,43,8,17,28,33,36,14,9,19,22,5,42,53,21,15,32,18,25,3,32,6,24,1,49,36,31,39,46,56,51,2,40,47,12,45,36,49,29,24,5,52,7,49,18,22,21,10,30,33,49,51,24,2,15,1
50,12,43,52,18,59,2,44,16,29,20,5,11,36,46,49,57,7,46,18,45,1,5,8,51,21,33,42,15,0,38,36,32,42,16,30,55,18,24,2,38,45,11,14,11,45,7,39,13,11,28,32,18,49,44,53,39,21,26,34
46,41,5,52,38,49,17,27,34,1,9,43,33,13,54,16,28,21,50,5,14,30,47,15,25,37,46,13,26,44,34,59,48,44,10,2,26,33,46,33,12,5,54,3,48,51,3,8,53,48,5,14,0,33,10,40,40,6,29,26
32,26,21,14,23,27,27,12,4,55,47,33,46,12,7,10,53,46,3,29,36,2,51,46,14,59,9,46,46,12,29,54,53,41,13,44,10,45,10,7,44,14,23,19,10,20,18,17,23,35,57,37,11,36,54,18,2,8,5,5
47,45,27,31,11,54,43,19,37,11,50,38,53,49,46,58,6,55,32,3,53,56,42,45,22,14,22,54,43,30,7,3,33,43,5,3,45,59,51,22,8,53,19,50,10,44,58,50,21,25,9,11,30,23,0,42,11,31,46,52
23,3,13,18,42,32,4,54,36,40,37,51,58,59,22,23,1,13,45,1,43,39,57,33,31,15,27,38,29,32,38,17,45,3,2,35,16,11,25,42,58,52,4,22,41,8,19,2,47,18,1,8,4,44,24,3,42,41,12,0
29,28,14,38,1,1,35,39,43,22,35,14,13,8,58,11,21,10,24,17,5,25,7,15,6,36,14,59,11,37,22,28,1,39,12,47,7,20,42,2,17,13,44,53,57,12,52,18,35,44,36,13,17,26,9,4,7,14,47,8
57,1,21,26,27,5,28,13,17,8,33,14,55,27,44,23,40,51,10,43,25,5,7,31,8,23,57,41,20,49,3,11,26,7,59,27,55,17,57,32,7,13,14,49,41,50,11,41,43,55,50,7,4,5,23,49,58,27,16,37
45,20,50,5,20,44,16,11,19,12,11,41,27,47,48,11,3,27,5,18,13,15,1,1,35,40,16,8,26,36,53,27,52,21,31,24,51,49,9,35,37,46,55,17,44,1,13,8,26,14,49,24,1,20,38,33,9,57,18,5
29,8,58,18,49,30,40,3,54,32,21,44,11,8,41,47,22,27,53,18,52,8,53,29,13,58,18,49,30,57,4,51,34,9,18,36,4,27,22,11,28,55,25,27,4,0,34,2,45,55,19,38,16,48,29,13,19,10,50,18
17,42,58,13,51,52,57,19,51,48,55,45,10,1,32,50,41,8,19,49,53,40,8,34,23,43,26,19,54,52,23,19,6,28,7,0,57,25,11,16,22,45,48,8,13,45,48,30,15,56,58,52,37,52,48,23,6,56,16,27
22,23,39,37,0,3,15,51,30,43,57,57,23,26,48,20,10,9,0,57,26,55,18,46,30,52,55,45,0,41,58,58,11,30,29,28,7,55,25,55,49,25,40,1,43,22,57,58,59,44,21,19,41,35,23,0,42,0,29,58
52,40,40,21,31,52,47,48,34,26,36,17,26,53,34,40,36,0,30,57,3,55,31,25,15,40,21,9,26,58,16,23,38,58,43,32,15,42,32,30,4,14,29,58,48,29,15,25,37,57,57,29,50,48,26,30,31,27,7,39
26,36,32,44,16,19,37,0,10,9,38,26,42,53,46,29,23,16,27,59,49,28,40,57,56,10,19,47,31,32,25,20,1,10,1,19,13,55,19,19,50,31,29,21,25,21,21,26,26,23,21,2,45,52,8,37,57,26,38,21
42,42,37,2,39,45,54,36,27,55,57,10,46,0,0,11,29,20,36,47,36,58,23,58,52,13,1,9,26,16,48,19,0,54,26,15,20,54,49,26,52,17,22,17,14,5,38,39,23,33,36,42,37,10,34,16,1,37,10,35
6,49,4,31,9,56,45,57,13,5,31,20,48,35,55,49,6,5,10,28,1,28,9,8,51,36,48,14,33,18,21,39,29,57,5,13,39,17,54,25,58,37,47,2,54,48,11,52,4,27,48,0,24,32,32,58,2,2,11,21
14,11,8,15,52,32,59,40,55,30,40,33,16,38,11,47,48,7,26,32,53,57,44,16,18,27,49,51,40,10,8,33,31,37,37,24,10,46,39,13,21,15,53,8,25,50,22,24,5,36,26,52,12,1,32,28,54,23,21,9
4,15,59,56,57,21,4,6,27,31,8,22,42,48,4,43,35,52,22,33,16,43,37,18,56,23,46,19,36,17,59,11,15,31,11,38,59,38,46,7,57,47,35,34,16,30,11,6,17,11,59,25,33,17,33,9,39,51,0,5
36,33,30,30,44,28,38,46,38,57,2,32,12,57,49,44,55,20,50,56,30,4,57,3,31,49,17,56,22,17,16,58,6,8,52,34,57,33,14,21,42,58,13,25,6,3,48,11,46,7,8,51,57,46,5,39,39,25,39,55
28,49,27,21,48,58,2,10,7,53,17,6,59,59,53,41,58,48,21,44,45,11,48,52,3,54,29,46,9,50,41,51,2,51,18,30,58,30,38,6,47,19,27,14,12,5,21,25,40,17,52,59,25,42,48,58,24,43,41,40
24,41,35,17,46,1,42,23,37,35,51,12,28,29,42,20,16,17,44,3,34,4,45,54,47,14,33,25,56,20,41,40,58,32,35,43,23,28,25,39,33,25,43,25,45,48,40,16,40,24,34,41,40,24,18,55,1,53,30,17
11,44,13,42,39,11,10,4,51,48,42,27,36,3,5,11,56,30,17,20,50,47,56,0,13,23,49,35,32,53,47,13,7,33,3,38,56,30,22,14,15,18,27,3,10,13,35,25,17,4,53,19,28,33,38,46,26,24,39,16
25,29,54,50,1,50,52,12,5,55,48,10,52,48,15,33,2,27,46,39,23,58,57,36,16,18,16,13,36,45,51,34,28,19,31,58,6,13,6,25,59,42,19,3,53,18,1,52,23,22,31,9,46,41,5,28,59,46,20,27
8,58,19,10,5,25,52,8,0,53,2,1,44,39,47,31,12,46,28,29,17,58,37,15,3,35,40,23,4,53,16,1,0,28,53,10,6,44,34,24,19,6,42,17,48,24,11,33,36,26,54,42,5,12,40,38,43,1,58,44
38,20,50,21,29,49,57,51,11,23,54,20,19,48,38,32,30,39,30,1,3,56,5,50,12,51,27,37,16,11,44,45,52,26,1,41,0,1,48,15,2,55,53,57,6,53,28,18,34,29,58,47,29,7,9,54,59,2,6,24
26,28,33,6,54,21,45,4,44,40,37,15,44,17,5,25,50,17,16,49,30,24,21,48,55,21,10,22,44,7,33,8,30,30,20,15,44,40,54,9,29,42,22,37,18,22,3,16,15,17,22,22,4,3,45,59,51,16,56,47
53,37,57,59,46,45,50,40,55,6,39,11,55,38,34,10,25,6,42,47,46,38,30,0,47,8,57,30,29,15,48,12,48,3,25,17,47,49,55,6,54,42,13,56,47,29,27,28,20,17,39,44,22,52,36,17,58,47,56,35
9,3,49,33,33,42,51,43,46,21,53,4,26,25,12,57,42,54,0,48,28,27,58,20,36,43,26,50,50,52,38,19,53,30,15,24,4,55,41,14,35,49,21,19,35,24,36,34,40,4,12,47,1,3,17,19,31,12,34,4
55,4,52,51,27,19,35,57,22,52,15,29,21,22,51,52,45,17,4,24,59,29,43,18,32,16,38,55,34,21,56,44,9,31,14,46,36,58,8,27,33,16,12,59,43,16,26,8,20,45,53,39,25,19,32,21,29,9,45,2
49,20,43,34,18,28,32,7,8,22,24,49,58,46,24,58,2,9,4,14,23,9,24,15,22,52,33,15,13,15,39,17,6,39,42,40,2,17,8,38,46,28,33,13,32,26,0,35,13,8,31,5,39,18,8,23,25,13,55,21
50,7,41,24,19,24,37,52,21,25,20,23,14,44,41,28,55,3,44,52,5,48,6,52,57,58,3,51,44,49,25,39,15,13,17,35,7,27,16,47,17,23,28,19,22,48,30,54,33,18,31,38,1,14,0,33,48,50,19,35
38,38,37,15,20,50,59,40,18,27,39,16,44,36,18,51,29,31,16,32,2,10,30,44,58,36,26,10,26,50,22,34,58,41,37,58,45,4,50,57,55,55,33,59,18,3,0,33,19,0,31,34,47,1,37,8,18,47,22,24
38,16,14,26,55,15,42,49,38,10,52,20,52,56,43,42,22,6,23,25,25,20,46,21,47,17,59,6,0,24,2,42,22,59,42,53,46,4,53,43,20,34,31,0,43,47,48,32,11,46,8,16,40,29,46,25,15,16,53,33
30,26,9,28,23,50,23,54,51,9,4,30,34,41,11,36,11,9,38,10,13,0,53,27,11,22,33,19,16,50,34,45,27,14,21,3,18,27,7,16,14,9,34,9,53,51,24,54,15,22,28,33,55,36,19,16,25,20,44,58
27,51,25,19,27,22,12,45,13,36,21,27,32,44,21,3,22,42,14,25,22,22,1,45,40,6,31,43,0,42,33,3,35,55,40,54,20,9,25,8,20,7,12,33,15,33,46,32,59,23,21,0,37,3,9,58,33,50,33,57
53,26,24,57,53,47,37,3,30,28,38,6,55,27,5,17,7,8,32,9,37,51,4,30,56,14,50,29,3,15,59,56,32,37,27,18,47,56,43,1,37,8,10,24,33,35,42,4,15,19,5,19,20,13,17,1,49,40,10,58
58,21,20,37,32,13,48,48,34,59,8,58,37,28,6,50,19,23,41,44,23,31,14,9,43,39,17,2,11,19,36,41,36,57,29,6,51,59,35,49,26,26,39,9,34,36,30,30,4,31,22,31,46,13,44,23,58,18,0,52
46,52,1,6,25,23,30,38,15,17,42,55,8,54,49,27,33,49,53,24,20,46,37,53,16,21,49,42,18,7,51,14,46,32,18,42,13,32,45,59,41,49,42,22,40,51,42,29,38,25,39,56,51,39,42,0,42,6,12,47
54,2,25,16,15,23,9,6,53,14,31,52,38,31,43,45,42,46,19,3,32,25,48,14,44,19,33,54,34,14,58,4,54,39,8,6,25,59,7,14,30,38,58,8,53,0,2,4,58,46,18,8,23,46,4,4,6,23,1,8
53,41,42,45,26,0,31,36,12,44,20,37,23,33,12,39,48,26,4,12,23,17,10,30,44,3,55,0,1,9,19,48,42,4,47,51,0,53,19,40,25,56,58,15,12,22,29,39,16,28,2,58,29,13,54,4,37,14,45,4
34,59,34,59,10,43,27,9,28,48,37,25,30,0,35,14,30,57,2,10,18,6,22,17,2,14,6,20,34,18,57,53,48,45,53,26,15,45,55,32,8,2,18,3,41,20,25,11,19,47,16,0,5,4,56,19,51,0,49,27
0,10,54,18,58,4,12,17,52,17,5,11,13,3,54,0,39,57,33,23,31,16,20,54,27,3,0,16,37,43,46,24,50,18,48,52,46,56,56,17,54,17,23,21,53,36,56,16,35,58,8,2,16,15,11,6,30,24,52,5
26,27,23,53,36,16,18,31,34,11,38,17,32,43,56,3,29,53,40,9,35,59,13,21,4,10,28,57,14,26,26,56,23,15,37,10,29,16,25,10,7,39,16,28,28,57,48,55,33,24,44,12,41,18,25,10,4,21,0,50
7,24,12,41,5,20,57,19,10,52,19,59,24,7,49,7,10,58,58,38,38,2,15,35,19,23,3,1,5,10,38,31,40,58,44,45,15,33,49,11,21,42,49,29,5,5,26,9,36,46,20,46,46,13,25,2,40,33,44,18
50,21,10,21,48,14,42,58,50,40,26,9,30,58,57,27,56,33,34,7,59,33,49,13,26,7,1,17,30,28,30,43,2,29,34,30,54,3,56,39,3,11,39,42,14,25,23,17,26,59,43,55,17,29,54,11,12,34,18,49
34,45,28,2,40,10,46,9,54,23,13,9,15,41,28,18,36,28,46,56,38,1,22,16,13,28,12,46,6,24,8,35,29,53,25,12,47,3,42,2,34,38,11,1,59,37,6,41,17,45,19,39,35,13,58,46,57,23,31,35
23,58,47,55,56,37,16,24,23,31,56,49,41,58,51,37,30,2,8,22,1,5,32,58,39,11,44,49,49,1,9,20,41,54,2,30,36,50,32,44,41,18,15,52,21,59,54,26,39,42,55,15,23,15,24,59,17,30,37,22
8,14,5,6,32,15,36,23,14,4,40,46,54,0,4,23,7,13,31,27,21,9,12,39,5,4,1,48,24,57,7,34,40,29,45,36,54,2,5,51,48,37,3,31,46,17,46,15,3,16,44,56,16,43,29,5,41,8,19,36
50,15,21,54,26,50,58,44,10,3,4,33,43,48,7,33,25,5,26,22,47,15,3,4,32,13,20,14,5,35,50,56,37,51,23,40,57,1,14,42,5,51,57,45,33,12,31,12,31,2,48,5,20,26,57,5,5,53,54,4
21,21,31,41,43,15,11,41,43,41,13,54,48,23,31,32,28,6,2,18,37,26,58,11,0,58,1,57,17,53,8,44,52,15,5,39,57,40,39,52,42,33,33,28,52,13,5,27,49,53,32,6,58,4,33,45,24,13,7,55
42,30,54,38,34,58,36,15,42,25,29,17,46,26,11,51,4,28,2,42,49,13,7,52,12,49,47,33,38,41,22,43,48,26,41,9,30,31,1,11,11,5,43,49,30,27,37,33,11,22,39,8,43,7,46,5,23,34,51,27
55,3,26,14,47,28,35,50,43,13,2,57,48,15,11,40,16,19,38,17,36,50,0,56,26,19,9,25,12,2,18,33,53,42,7,32,29,51,3,2,8,51,10,45,16,14,10,42,38,22,27,15,55,28,49,20,23,59,53,36
2,51,1,32,31,47,30,28,5,5,47,50,36,36,7,13,23,27,9,2,10,3,34,47,18,44,47,32,52,50,48,4,58,10,2,2,25,39,36,45,16,48,7,29,18,25,28,38,22,26,58,16,3,17,10,49,44,20,49,30
24,43,35,6,3,57,9,53,17,40,5,39,44,19,22,4,11,29,45,27,45,27,18,0,13,17,39,32,21,39,59,23,15,29,54,33,44,59,36,35,56,23,15,21,12,0,38,57,5,3,40,49,0,10,55,14,17,39,5,36
21,56,42,37,51,30,0,14,20,47,16,33,27,15,54,13,20,12,30,31,12,52,5,53,4,33,10,2,45,18,40,4,54,49,31,35,5,6,42,42,14,22,53,30,48,41,9,49,21,27,16,30,8,50,54,59,37,55,36,47
44,45,7,27,21,46,21,29,44,19,57,53,48,57,25,32,43,8,47,4,28,8,0,3,46,4,42,31,25,52,18,14,52,38,20,34,10,26,24,14,35,34,39,53,48,42,46,45,50,9,16,6,15,23,15,46,22,13,12,14
8,14,15,45,34,4,1,11,39,30,4,30,25,16,5,3,16,14,10,29,37,28,47,20,20,32,54,19,4,32,20,14,36,47,9,43,26,9,17,5,24,29,19,33,21,17,41,5,47,5,54,47,14,32,21,22,11,39,48,35
2,39,1,23,29,5,24,21,5,6,19,36,29,47,25,48,44,51,57,16,47,22,0,54,37,40,1,48,39,50,34,47,53,27,1,31,53,52,27,45,4,45,32,57,40,28,46,10,26,2,54,44,36,54,2,45,28,48,15,52
53,57,27,6,39,7,50,40,46,10,55,10,24,49,47,45,9,47,52,58,47,1,18,22,22,48,26,4,35,57,48,42,20,33,46,34,46,49,24,16,46,55,49,35,19,43,17,34,2,36,21,59,2,17,42,25,59,59,49,36
49,43,37,30,25,9,47,3,23,31,1,59,39,15,2,8,52,53,47,54,55,9,46,11,20,57,23,13,13,46,0,0,54,12,24,0,31,2,37,31,53,26,2,29,8,12,16,44,51,11,50,9,19,54,7,27,43,30,25,37
48,52,54,54,14,42,24,44,24,0,23,40,21,8,49,29,10,8,20,13,25,17,18,4,8,29,10,2,51,57,28,18,42,13,34,26,3,11,14,54,48,59,55,34,59,37,50,16,34,48,16,19,4,53,11,32,11,37,12,30
34,50,27,23,37,35,7,7,48,14,36,12,14,50,54,10,31,20,1,33,44,5,58,7,42,42,42,25,32,8,54,52,41,22,23,19,32,56,1,20,16,53,12,15,5,9,32,49,54,26,15,8,34,54,39,15,40,42,21,13
58,18,32,21,37,25,38,41,29,36,16,9,24,40,51,58,26,35,3,24,40,43,56,23,0,44,34,29,18,56,56,35,36,54,35,24,57,38,36,28,23,2,19,31,55,0,44,5,49,53,19,26,20,19,54,11,29,34,40,17
31,35,50,30,14,57,56,20,52,28,33,19,43,21,29,8,42,24,5,40,2,2,54,22,12,52,12,24,50,0,26,51,40,48,58,8,44,12,5,3,5,44,47,22,52,16,17,38,32,11,36,50,36,13,8,7,57,57,44,50
37,23,15,24,49,43,53,31,25,20,17,52,29,40,49,44,19,22,50,19,33,16,10,39,53,32,36,55,35,15,30,34,29,2,44,15,26,37,2,46,35,43,51,5,3,47,6,0,6,20,53,58,1,39,36,31,12,4,46,44
58,32,40,36,12,12,24,11,29,33,2,23,55,36,53,17,27,4,7,13,16,4,19,17,26,23,33,57,18,45,36,54,21,34,12,18,44,40,14,20,54,0,25,56,23,47,7,17,1,9,16,51,18,46,33,25,46,16,30,32
30,1,3,49,24,26,45,36,33,27,11,33,7,5,12,19,28,23,29,7,33,0,49,53,38,8,30,23,28,23,14,7,43,50,36,45,59,1,40,13,40,1,18,52,51,6,7,17,14,48,59,10,36,29,20,12,41,20,26,37
27,13,6,35,39,50,54,12,27,17,2,42,51,48,28,10,2,48,26,28,30,14,6,27,58,13,43,2,25,0,59,29,2,5,25,9,28,9,36,19,53,38,29,56,25,36,6,30,14,18,4,5,6,17,38,42,17,22,6,14
1,37,48,52,38,18,44,20,51,1,2,29,33,17,5,7,33,36,40,24,39,0,38,24,22,29,1,57,43,26,18,28,59,19,33,1,7,23,18,44,26,39,27,19,4,46,44,3,0,43,7,44,40,18,12,30,44,11,0,28
19,20,33,15,28,40,9,38,33,52,35,59,2,27,17,54,25,57,24,54,10,50,44,51,9,35,26,2,10,3,46,23,59,3,20,14,48,32,22,58,4,36,57,16,29,51,44,46,25,23,53,16,6,14,55,51,43,12,41,40
42,7,54,25,12,3,14,16,49,19,5,43,57,39,24,54,47,23,56,45,32,14,27,2,29,31,41,40,19,31,12,32,6,3,19,58,43,55,4,51,49,26,41,7,57,32,33,22,10,28,46,24,31,53,36,41,38,52,51,59
36,17,44,12,31,17,2,39,45,31,22,59,46,56,51,37,13,1,13,50,28,40,35,59,29,52,15,26,53,42,43,50,58,54,29,51,28,6,10,46,51,1,7,21,56,27,30,22,31,23,15,55,44,54,44,29,39,23,45,6
23,13,2,26,30,27,5,21,6,1,53,25,13,13,38,38,0,31,47,18,47,24,54,49,26,18,50,46,8,23,35,16,18,42,35,31,24,4,30,25,31,8,55,19,19,33,34,1,21,23,58,33,55,46,1,39,25,58,27,34
59,20,22,26,19,57,45,34,17,28,51,12,12,23,43,16,1,34,37,57,10,28,27,16,9,5,28,37,58,59,7,11,23,58,21,30,54,18,5,2,41,56,25,38,41,9,35,0,17,22,52,11,2,17,47,2,29,32,44,16
41,46,59,3,39,37,30,59,10,19,30,16,44,52,44,23,13,29,20,42,0,1,23,23,21,29,57,7,11,9,10,51,34,51,36,16,28,6,29,17,2,42,53,33,7,36,24,57,44,26,11,19,0,35,58,8,36,9,51,44
39,31,44,0,14,55,49,24,38,57,32,48,46,34,8,0,26,39,48,0,50,57,24,48,17,19,51,11,46,13,43,51,45,7,18,18,26,39,54,18,30,37,29,35,10,37,38,7,31,36,58,32,46,55,30,2,47,14,17,47
59,13,28,52,22,56,11,58,23,9,47,7,32,38,43,51,22,49,2,59,58,34,19,45,45,29,45,45,48,29,7,30,55,2,58,56,47,19,1,28,54,35,32,24,4,40,0,12,42,58,49,41,42,36,15,29,49,37,36,10
40,31,11,53,30,53,20,9,9,38,36,19,26,13,30,23,57,23,0,29,9,34,58,22,14,50,14,51,40,46,4,6,47,1,44,7,3,30,32,20,10,46,16,23,59,16,19,56,18,11,28,48,35,26,44,26,23,22,54,12
25,44,12,33,45,58,47,12,12,21,19,33,14,57,43,56,13,9,49,48,59,58,7,18,24,8,4,1,26,16,48,19,54,48,14,41,24,58,42,57,18,5,54,41,42,10,46,6,9,16,26,50,6,18,48,28,14,55,22,14
47,51,20,53,34,12,32,58,35,38,59,12,2,53,44,46,40,4,26,14,3,52,14,11,15,52,28,1,28,19,14,42,6,6,1,16,32,56,14,48,38,47,3,9,43,20,34,5,25,43,40,56,41,1,52,10,14,54,26,44
42,3,43,44,31,14,7,3,47,49,50,36,38,42,8,13,8,23,21,26,39,7,10,34,5,17,42,11,4,52,16,59,41,22,40,41,49,2,57,32,16,11,16,50,46,37,6,25,12,24,47,22,8,57,54,17,18,47,17,5
28,28,31,30,51,54,6,50,12,21,9,16,25,42,4,47,21,40,51,39,20,15,4,43,11,35,31,43,11,3,8,20,25,27,41,39,28,22,59,21,37,1,13,58,5,44,10,22,9,55,1,3,46,54,18,45,34,20,8,35
41,5,24,51,41,3,21,46,48,36,37,58,27,57,5,57,16,22,50,24,8,0,28,30,23,59,23,42,45,46,22,34,7,33,29,28,30,33,22,37,41,37,20,9,18,43,8,32,15,31,24,43,47,17,5,7,8,54,15,55
54,56,7,27,44,49,28,23,58,56,23,6,34,15,2,56,47,38,37,10,38,9,17,49,13,35,8,26,33,43,39,32,1,27,13,23,58,2,39,36,19,13,30,39,42,43,51,8,17,42,25,16,35,14,45,56,16,29,30,45
40,25,27,1,48,54,26,36,24,1,1,40,48,12,21,0,1,19,34,33,12,18,51,39,36,42,3,46,44,49,58,3,43,54,26,58,12,29,3,6,27,37,56,23,16,48,55,46,11,2,12,6,40,14,48,26,14,6,8,49
14,33,37,43,15,57,49,18,30,29,21,8,39,42,22,34,24,56,57,21,44,53,11,54,41,57,11,39,40,34,56,8,6,34,30,42,7,33,30,5,37,7,15,42,26,44,58,1,7,56,49,54,0,46,21,47,15,41,26,33
58,4,12,26,15,42,35,53,26,34,1,41,23,56,14,34,21,29,6,16,16,25,22,15,8,14,9,52,3,51,1,42,16,26,8,43,33,52,38,42,46,58,12,7,7,13,5,24,21,55,43,31,51,21,58,20,42,12,22,25
55,35,43,23,12,18,6,8,22,34,12,4,54,0,6,21,59,39,22,9,43,52,27,15,14,33,2,9,2,6,37,13,20,15,15,2,14,4,22,14,17,9,42,56,39,51,21,11,53,14,32,33,35,56,35,56,53,59,36,4
59,45,28,39,12,54,7,40,11,3,9,3,15,9,39,10,49,1,46,4,30,42,31,18,8,8,42,31,44,33,41,59,46,6,55,11,41,20,27,32,52,45,42,17,22,41,14,1,27,17,8,20,46,0,29,10,36,6,56,35
13,39,57,28,5,54,56,10,33,44,51,36,35,13,23,29,12,3,24,59,22,36,27,14,52,34,49,40,28,48,33,21,42,51,32,5,6,40,9,35,24,51,49,38,55,52,56,2,53,25,4,4,22,30,38,1,6,55,42,13
15,24,54,51,47,29,48,46,26,42,52,39,1,15,9,48,32,56,57,5,34,54,42,39,3,58,20,32,17,56,37,12,13,38,25,14,26,35,50,59,7,29,30,42,51,44,37,39,40,1,38,10,49,46,50,4,50,50,46,21
14,38,30,50,14,5,42,13,23,56,35,18,28,33,16,38,26,18,48,17,56,5,36,33,36,57,40,32,21,57,32,46,42,13,54,2,7,22,2,1,29,59,12,27,40,26,37,17,9,56,41,12,0,33,58,19,49,2,37,18
0,2,52,29,43,34,10,59,42,6,9,49,0,52,12,16,13,39,12,7,40,45,5,41,2,38,19,7,14,43,17,39,5,46,59,57,10,42,2,0,28,27,14,16,19,54,56,17,5,20,22,0,36,57,44,40,20,57,17,13
41,4,37,59,31,16,52,52,38,15,3,35,10,50,2,35,54,45,39,49,4,1,32,53,7,7,40,5,30,21,28,21,52,55,12,2,12,4,8,44,41,38,51,51,58,8,22,14,46,10,9,22,30,38,20,16,41,34,16,41
26,8,1,39,19,34,9,13,43,26,51,42,23,46,10,13,40,10,48,24,34,25,40,48,34,51,37,28,18,50,11,39,49,1,6,46,19,7,25,20,33,53,56,38,7,31,8,41,35,50,47,31,38,15,0,46,40,3,25,55
26,44,31,8,47,55,55,1,58,48,44,35,19,7,6,54,59,4,32,53,33,19,58,30,13,31,31,24,58,10,15,12,9,9,49,16,44,19,49,22,10,42,15,21,41,6,19,53,15,20,17,48,10,23,27,30,14,10,37,27
44,49,47,49,52,42,3,45,55,1,34,6,7,15,49,26,26,52,35,33,31,31,49,58,39,20,11,54,33,50,57,39,45,54,9,30,27,36,44,46,28,24,10,16,27,43,26,49,42,57,40,16,56,37,54,28,26,46,28,45
32,14,2,4,2,51,55,57,31,18,6,19,20,0,26,13,24,19,0,35,44,42,50,56,27,23,25,49,56,5,50,48,23,4,57,48,59,48,46,33,8,57,16,5,14,40,39,43,4,1,11,58,55,51,19,10,25,0,52,43
46,17,31,34,55,14,51,3,31,53,55,38,22,16,5,44,3,59,33,16,41,16,0,2,5,13,17,30,20,10,17,13,45,40,21,58,23,57,39,3,44,43,48,6,23,27,15,39,56,26,49,14,18,52,37,27,2,14,22,11
59,24,28,47,41,19,58,22,35,39,16,36,38,39,43,36,21,58,9,42,23,23,46,24,39,7,13,1,49,58,23,22,17,5,59,16,39,14,33,7,1,6,23,20,32,33,50,49,16,43,37,14,8,15,19,20,5,14,3,45
58,28,17,26,56,39,0,47,18,46,11,43,15,1,13,21,14,31,49,0,11,20,31,57,10,39,8,13,55,24,27,24,2,51,27,51,55,15,44,35,50,35,0,49,41,21,42,12,0,34,52,49,30,19,42,35,11,25,51,43
45,16,49,45,7,0,5,45,41,28,44,2,5,12,24,54,5,1,53,43,33,53,42,7,19,16,36,14,40,18,17,54,56,0,29,55,14,10,15,51,29,43,32,42,13,54,1,7,4,58,52,15,19,55,6,49,17,45,4,31
18,26,39,55,2,36,26,29,32,26,33,56,57,55,52,29,27,21,59,56,51,36,5,28,46,34,36,45,2,37,16,50,58,10,0,40,34,7,6,36,59,36,0,53,27,49,8,40,24,8,17,38,11,55,57,45,24,21,49,5
7,58,24,38,42,37,59,26,8,29,27,55,6,8,28,18,40,48,30,13,2,47,25,2,6,21,2,26,28,10,46,36,51,20,59,59,1,39,51,12,2,24,48,1,54,39,18,55,27,40,39,16,56,24,20,12,29,35,12,33
29,32,59,24,5,30,35,10,48,19,39,11,43,40,54,23,52,15,3,48,53,59,8,17,33,6,42,29,43,16,57,7,4,9,45,53,12,13,34,27,15,26,25,17,58,13,25,27,45,8,11,40,25,45,5,13,31,12,58,50
58,11,0,38,48,49,9,9,40,23,39,23,20,1,0,41,32,34,57,45,50,52,33,9,39,30,37,29,5,51,8,10,19,3,50,32,59,21,29,38,13,13,23,48,8,46,40,42,41,36,49,59,7,44,34,36,27,25,55,26
57,59,36,46,2,49,42,27,45,21,7,36,53,10,0,30,45,14,28,36,53,10,13,46,55,39,49,49,54,22,38,30,36,32,41,38,59,24,56,51,12,48,59,31,21,51,47,52,5,46,32,49,51,29,16,34,55,16,16,24
5,47,46,9,25,39,43,46,58,22,29,53,8,56,18,30,33,12,25,39,12,0,27,9,19,29,23,24,45,27,18,43,6,28,3,8,16,6,24,10,47,28,37,8,53,37,26,10,4,12,35,54,50,22,48,13,57,51,43,33
29,10,26,9,4,31,4,13,47,14,30,28,10,11,25,6,32,4,8,45,1,12,37,12,19,27,12,55,0,13,7,58,2,43,35,18,2,10,51,54,35,23,43,32,5,20,55,14,27,20,49,50,26,33,38,47,51,7,34,25
12,18,49,59,13,17,51,15,41,52,35,25,56,16,32,53,0,13,51,23,50,27,34,50,44,51,51,41,28,19,43,46,59,30,51,36,22,19,12,50,30,38,14,35,59,2,26,2,40,5,10,4,22,31,36,3,2,47,44,46
37,44,8,57,18,56,58,27,53,36,6,26,4,35,24,7,57,41,59,11,2,11,1,26,35,3,0,1,6,49,24,9,7,21,54,48,46,11,11,30,57,35,48,33,13,59,50,2,41,37,47,10,8,35,8,57,20,13,47,31
55,1,36,14,56,35,51,47,7,14,4,12,20,35,0,29,38,37,12,4,0,58,1,13,27,42,54,45,20,0,7,58,49,49,10,28,15,17,42,16,13,27,46,0,6,17,0,28,56,18,48,35,46,20,34,1,21,43,55,1
3,18,51,28,0,35,13,37,7,36,58,0,54,58,6,57,37,27,25,45,17,56,6,0,1,13,55,10,57,25,9,10,18,49,10,53,17,44,56,47,34,32,43,41,24,20,10,20,3,23,46,1,24,37,25,23,6,37,5,9
51,51,39,14,7,31,42,49,35,42,16,21,41,29,54,8,53,32,1,15,37,53,21,41,16,45,28,33,43,41,15,4,20,43,43,35,38,58,18,4,54,52,8,1,18,5,38,56,15,4,30,28,31,46,28,10,21,20,52,47
44,58,41,55,44,54,19,32,30,12,8,31,19,1,39,27,9,8,28,2,47,11,18,47,14,39,36,4,4,49,58,4,2,47,12,58,38,29,49,11,53,19,39,52,13,48,36,28,41,21,3,47,42,54,29,31,24,20,15,23
21,34,36,45,35,41,40,28,30,43,5,30,35,31,39,48,0,24,34,57,30,56,42,30,26,24,54,27,24,20,6,54,17,21,36,50,56,45,54,35,22,4,51,25,59,42,6,29,56,58,16,19,27,9,49,55,0,44,16,44
9,20,23,14,43,45,24,38,21,6,22,34,43,21,10,43,47,6,23,42,8,49,42,53,56,59,9,13,31,9,37,33,28,5,17,27,50,45,14,55,57,15,49,42,46,28,33,31,19,0,21,0,45,23,29,9,42,1,54,4
32,16,10,53,56,31,20,23,37,53,47,34,24,56,9,43,44,33,57,42,47,11,49,28,22,47,35,55,56,26,15,9,13,46,20,24,57,25,39,16,1,46,8,20,9,47,32,2,3,49,15,25,36,43,16,41,30,0,21,26
30,52,59,46,59,29,14,3,34,23,7,4,5,34,2,41,13,28,6,12,24,57,51,19,0,15,11,39,20,7,52,56,0,16,43,25,29,52,54,7,33,3,54,45,7,19,1,5,25,49,49,50,1,16,51,47,45,9,28,46
42,13,46,9,18,50,42,24,53,28,17,34,29,17,31,19,32,5,33,56,47,4,32,51,55,6,29,18,13,6,0,17,54,55,30,20,49,30,59,25,16,38,35,6,30,13,11,4,34,40,42,54,24,19,13,46,1,28,20,59
11,23,35,28,35,10,53,38,7,36,59,14,43,42,51,49,50,50,57,8,54,47,19,21,17,20,14,55,34,14,11,43,34,26,0,30,48,11,25,28,29,30,14,9,4,55,48,51,58,30,13,15,3,6,20,14,46,38,12,48
20,32,39,57,21,18,10,16,51,1,44,28,59,31,0,6,43,15,52,22,18,38,34,12,37,1,29,51,14,16,45,17,24,1,23,14,36,1,16,41,55,48,28,47,43,32,47,28,41,51,18,24,25,5,58,42,38,19,24,53
41,30,49,38,29,49,57,46,14,33,25,52,9,33,35,56,25,58,13,27,46,0,26,32,37,58,49,9,47,24,27,52,28,22,14,2,9,32,26,52,36,46,23,0,23,46,22,44,42,36,42,29,32,17,10,19,47,33,3,12
30,40,19,39,57,22,47,49,17,59,44,37,10,59,35,41,28,12,53,2,53,38,57,52,53,31,54,59,33,54,52,7,22,38,54,45,7,24,2,20,39,52,58,41,33,56,52,45,45,48,33,45,28,20,38,47,56,35,36,21
3,57,4,59,28,39,8,38,42,55,39,17,8,27,51,27,32,47,56,18,43,24,11,36,9,18,56,20,17,58,25,32,21,39,22,54,56,27,58,45,52,6,55,51,50,32,30,36,51,53,46,26,31,0,33,40,5,1,2,23
49,52,5,18,2,33,12,23,19,24,15,52,12,7,53,42,46,2,18,5,50,30,29,56,36,40,34,15,1,37,21,30,27,30,52,42,25,11,53,29,35,44,14,26,1,23,34,48,55,25,44,7,8,15,5,32,45,35,54,4
39,13,45,42,53,25,7,39,20,31,7,42,16,38,30,34,4,26,1,41,10,30,25,50,19,25,6,46,9,23,40,31,30,55,46,59,17,29,52,59,2,44,54,41,49,9,33,33,6,35,21,4,23,37,15,52,0,33,34,30
45,4,11,57,15,50,18,51,51,53,16,33,59,36,19,38,11,42,14,8,10,45,47,27,49,59,2,31,3,14,47,50,14,16,38,26,43,59,55,58,3,13,19,44,1,38,15,33,35,55,58,39,1,43,8,47,42,49,23,56
37,25,27,42,37,0,22,47,56,48,56,38,21,1,21,14,29,7,5,9,23,42,1,56,14,23,16,28,52,4,1,4,16,39,43,42,6,30,53,33,21,50,36,31,56,27,57,37,52,4,17,5,41,17,12,0,1,55,10,5
1,9,15,35,34,39,42,58,18,36,4,55,41,29,29,43,6,2,42,44,6,58,34,59,56,1,6,44,58,10,48,38,13,13,4,11,4,55,48,16,34,15,55,32,24,34,32,28,6,51,55,28,59,39,45,27,35,4,48,20
55,6,57,9,26,3,4,51,58,24,47,49,21,39,32,8,30,51,9,33,8,45,50,34,35,2,49,9,45,37,14,20,45,38,30,41,8,34,13,16,5,11,29,36,40,11,47,17,51,55,22,37,54,1,31,21,19,23,13,35
36,16,34,2,52,23,44,40,21,7,11,43,0,46,18,43,52,58,28,26,48,33,48,58,50,37,22,37,37,34,4,24,45,55,5,3,29,20,40,29,32,30,51,54,24,1,11,10,59,7,37,35,4,9,34,48,59,49,23,19
43,5,34,4,41,57,29,33,8,3,9,4,39,22,22,39,32,55,50,22,41,31,9,32,6,14,52,34,24,3,11,40,9,20,18,37,28,16,41,30,51,2,36,4,28,59,25,38,6,54,5,11,25,23,46,16,33,4,21,4
45,36,35,50,57,11,44,59,29,29,45,8,49,34,13,43,39,6,34,26,32,13,54,20,0,31,11,48,53,3,33,27,24,47,47,9,1,7,6,32,1,1,18,28,18,21,32,45,50,7,58,25,41,12,21,22,13,9,33,41
59,25,0,19,46,0,39,17,55,42,58,12,14,25,13,10,49,37,36,45,26,7,25,1,30,32,34,35,8,22,26,42,20,56,55,41,32,25,12,50,27,0,40,43,31,59,41,36,52,10,42,57,37,59,47,48,9,37,8,34
20,50,22,43,1,46,14,58,54,21,47,58,16,42,10,18,35,10,20,46,59,21,4,19,20,37,34,22,50,11,33,25,12,37,5,35,53,43,10,42,13,43,3,34,36,30,20,5,54,21,59,52,26,51,21,17,50,47,29,15
17,45,56,4,7,11,7,22,42,5,25,25,44,57,33,53,46,23,7,55,23,25,37,44,19,56,46,20,23,17,25,8,10,49,54,32,46,46,18,36,10,0,17,38,59,54,13,58,19,34,11,56,47,39,30,33,33,20,7,17
59,27,44,17,45,16,13,37,13,32,49,56,22,49,5,16,59,4,30,46,49,24,9,53,4,28,41,5,4,42,58,46,36,49,26,32,45,27,7,4,7,29,33,52,18,33,15,50,25,40,29,7,36,23,38,32,9,25,49,47
17,43,20,23,51,32,31,7,5,17,33,6,9,38,30,48,26,15,4,19,34,37,19,23,50,58,20,22,17,52,38,17,29,27,45,26,39,50,21,52,1,59,41,22,5,36,45,49,3,19,5,37,16,22,40,9,1,1,20,28
38,21,0,44,27,42,33,48,57,43,26,36,21,18,5,35,14,55,8,4,19,31,45,40,48,28,0,21,14,34,3,52,20,5,13,53,52,8,48,35,3,17,24,37,31,26,46,12,0,37,30,16,59,36,53,4,44,50,41,39
19,1,16,53,37,59,53,10,22,5,13,34,28,44,47,9,18,47,41,4,52,27,23,32,0,50,15,39,2,19,58,4,23,38,12,17,1,47,5,18,36,32,39,52,35,23,58,37,51,8,36,17,38,31,22,21,13,17,9,54
23,37,16,45,12,16,37,25,5,9,39,24,10,34,54,42,31,12,5,7,3,45,10,52,34,1,7,17,53,39,19,27,54,17,9,40,44,3,7,30,53,35,0,57,2,19,38,2,0,56,50,16,26,21,35,22,50,13,28,17
41,22,7,51,24,22,23,46,42,29,13,34,25,25,5,45,15,36,20,0,40,58,10,6,5,2,52,12,47,58,12,13,30,16,33,31,44,54,43,8,42,24,37,22,30,1,42,16,20,28,38,23,46,43,44,56,24,47,9,6
26,31,0,43,13,55,25,32,31,41,49,14,58,12,47,51,16,41,21,49,19,27,54,8,21,34,47,2,45,44,1,12,26,5,20,52,13,26,25,47,48,37,11,34,18,54,12,25,48,41,18,22,27,43,14,1,41,10,25,16
20,44,39,6,18,34,13,46,39,57,50,56,20,17,17,31,33,37,23,21,29,44,18,13,49,2,42,33,53,16,33,33,46,13,52,41,45,11,32,48,25,48,59,6,44,13,16,44,17,57,10,15,44,11,42,21,0,47,44,54
54,36,24,53,38,45,14,35,55,37,28,30,20,11,19,22,7,37,31,10,42,40,50,58,24,58,39,54,53,43,8,21,57,11,25,19,5,51,17,21,57,23,6,57,22,7,5,17,34,10,44,25,35,19,3,57,14,11,39,25
56,56,17,37,57,5,28,44,37,23,27,41,25,37,56,43,3,54,14,10,35,5,32,28,19,12,0,4,20,46,34,46,31,15,32,39,56,2,4,47,35,15,49,53,50,39,14,43,48,0,36,20,38,12,38,4,17,31,33,9
3,21,4,22,13,1,12,10,13,26,33,24,8,31,55,8,0,6,30,18,45,49,48,36,40,17,33,14,58,18,12,56,57,16,13,3,55,42,9,2,42,16,31,8,6,13,53,23,14,28,56,31,20,18,33,15,42,7,1,35
28,43,2,0,56,29,34,20,56,39,19,2,6,20,3,52,58,14,13,1,16,49,35,20,23,4,17,55,8,54,13,53,53,36,20,47,40,49,23,27,45,15,32,59,28,37,54,36,18,27,56,58,18,41,53,21,8,53,27,27
18,5,20,37,15,59,55,35,2,16,46,50,36,48,27,45,53,18,25,59,27,19,13,10,37,42,29,36,59,0,55,8,15,58,44,47,5,37,47,40,15,13,52,55,14,51,31,11,55,48,15,20,1,48,17,13,43,35,12,40
13,56,49,20,27,48,45,31,26,26,52,29,33,21,7,13,5,11,13,47,30,9,25,19,26,32,21,17,47,2,35,51,8,32,13,45,58,56,15,42,7,25,52,43,6,22,1,28,32,9,29,8,48,5,29,41,38,11,35,20
32,48,28,51,48,52,3,40,7,24,30,39,22,19,51,46,19,22,43,47,1,56,18,39,43,55,49,5,27,59,8,37,46,47,55,12,36,32,11,17,7,46,2,27,30,50,15,18,43,24,41,20,17,46,12,39,28,14,28,8
54,25,16,31,0,38,51,50,23,25,9,57,19,14,21,34,29,22,7,46,54,25,35,57,12,40,46,5,28,17,31,41,51,22,51,45,52,13,43,53,13,57,45,13,35,57,29,59,15,37,33,40,31,51,26,47,9,43,39,50
49,4,25,51,29,8,33,44,28,57,1,37,26,31,17,30,2,46,55,32,10,33,0,13,46,44,24,29,28,19,8,38,36,42,53,18,34,33,3,27,16,36,6,41,39,5,17,54,8,38,2,41,18,51,0,7,28,51,26,8
15,6,9,27,26,11,5,27,58,35,56,22,15,33,49,34,2,36,40,53,59,5,48,10,55,38,30,6,34,32,24,15,11,22,14,40,3,7,32,45,32,24,43,26,6,22,0,13,18,21,18,3,41,28,58,42,12,29,24,40
5,29,17,55,52,10,22,25,30,39,40,20,48,4,35,1,58,55,13,35,32,8,5,17,27,28,2,29,7,50,35,5,13,16,18,18,52,15,37,46,23,57,50,23,42,57,51,0,41,59,3,13,47,50,33,7,19,14,53,18
3,46,42,9,52,8,56,30,44,56,31,39,16,10,27,38,12,10,41,58,25,59,43,34,30,58,8,3,1,20,46,14,21,15,3,43,19,56,7,39,36,21,5,47,18,22,14,0,24,9,52,3,8,25,26,57,14,14,11,9
33,17,6,47,8,54,2,57,30,33,49,35,8,11,53,10,14,3,44,59,10,39,48,50,19,54,21,47,6,3,37,44,21,37,23,57,41,30,59,27,57,44,39,14,36,47,27,47,4,18,40,29,49,23,37,24,22,32,48,35
23,21,50,55,30,36,31,3,32,25,7,15,31,45,28,8,51,20,49,43,22,35,21,0,31,43,58,46,25,12,43,3,2,13,18,24,46,14,16,12,52,45,32,2,9,32,15,8,31,49,30,41,26,25,11,37,0,49,57,40
25,14,1,13,48,15,9,15,36,7,14,35,37,32,39,31,36,13,33,8,50,19,59,29,51,55,50,48,55,14,7,11,22,44,15,56,7,24,57,32,4,35,6,36,57,52,5,17,42,57,32,14,24,43,10,31,38,8,40,36
27,44,41,23,53,24,24,14,45,43,33,0,32,17,8,23,43,17,17,43,0,24,9,47,41,53,57,4,49,49,29,21,22,59,33,35,34,6,2,34,29,30,26,31,29,13,38,33,8,59,21,27,52,45,46,48,4,52,54,20
27,28,28,45,56,24,49,3,41,22,47,30,28,9,14,29,11,32,34,23,27,4,20,47,42,7,21,52,14,12,5,13,54,15,30,55,58,30,25,3,3,9,35,52,52,27,58,18,55,45,53,24,34,32,14,47,29,4,8,53
9,47,6,22,19,9,13,32,56,46,25,9,13,25,11,44,39,52,41,36,8,19,9,46,5,28,3,37,48,32,51,6,50,36,21,16,30,42,49,22,30,6,48,6,42,27,43,23,2,51,9,35,16,17,0,0,42,28,32,7
14,37,58,0,52,51,42,57,44,39,39,54,31,11,19,58,54,16,53,9,44,10,29,15,21,26,39,7,47,40,6,39,35,9,36,51,53,38,30,18,22,25,30,40,9,59,7,24,59,23,18,2,7,34,29,14,30,28,36,58
55,57,17,42,39,54,29,10,24,49,21,43,0,1,31,45,56,55,44,13,6,53,23,19,26,31,31,53,43,3,45,31,3,43,12,37,33,44,6,47,38,13,46,18,59,42,18,38,10,7,6,11,57,7,13,59,35,0,56,12
3,9,3,46,24,45,48,11,32,6,27,4,59,3,24,2,47,29,47,58,14,23,3,4,40,15,52,44,42,44,49,15,43,11,34,39,4,57,48,44,0,6,21,17,37,41,42,40,47,13,22,49,21,29,8,26,55,10,0,59
20,33,8,20,30,42,15,38,13,58,54,54,42,43,26,30,54,5,4,29,23,56,17,53,22,35,47,27,55,22,41,8,2,13,17,35,14,8,52,59,45,44,14,42,30,40,59,53,24,53,43,53,11,41,51,7,37,4,0,0
45,50,27,35,34,5,9,34,5,55,57,16,40,50,33,10,53,8,51,12,4,35,55,17,23,33,19,22,0,22,37,2,57,12,24,19,56,35,35,26,31,23,34,7,35,40,53,2,2,41,3,5,52,24,34,50,56,38,32,44
38,42,44,1,19,17,22,28,35,38,24,7,5,14,41,17,22,56,37,51,29,17,7,24,20,3,44,24,16,0,38,42,26,37,40,45,27,58,2,9,58,29,40,11,59,39,52,44,11,29,14,0,0,46,55,31,26,55,15,40
16,27,0,5,55,25,49,26,57,28,14,1,28,1,24,59,14,46,7,34,56,56,9,51,14,10,13,7,21,7,27,32,2,17,11,25,39,19,41,35,10,4,38,46,16,57,22,59,38,10,11,54,34,15,9,26,24,18,52,16
35,47,51,28,22,45,59,32,42,22,0,47,50,3,55,17,32,33,45,49,22,12,58,9,24,32,34,46,10,51,58,13,46,32,12,3,36,48,8,11,34,31,49,59,37,18,47,16,49,46,58,27,56,7,25,6,3,28,7,15
45,2,31,37,52,40,44,11,35,29,13,38,56,56,29,8,26,15,11,8,22,49,0,4,6,44,43,42,31,9,24,32,24,50,14,2,5,12,44,31,53,26,12,36,24,56,41,59,53,54,14,14,24,16,50,30,15,52,1,46
52,55,40,53,18,7,5,24,35,12,31,15,17,5,56,52,40,15,18,10,31,58,4,4,42,45,2,15,48,30,49,51,43,34,57,33,4,59,30,21,9,38,47,42,24,9,48,44,49,41,55,21,58,10,35,34,23,24,46,30
33,13,42,23,56,26,4,38,27,46,28,23,2,28,47,14,35,18,46,11,1,57,35,37,39,53,56,47,48,51,16,11,11,44,19,43,21,35,26,36,9,44,0,55,4,41,57,28,57,55,15,3,43,34,15,59,33,16,13,31
10,58,40,10,7,17,16,24,22,37,0,53,21,4,10,35,15,55,10,12,58,41,31,30,45,17,48,7,28,24,15,43,54,21,52,51,59,38,25,34,6,20,18,52,40,9,23,40,59,15,24,53,36,34,6,31,34,25,18,36
50,0,8,58,48,6,35,22,13,5,1,2,13,1,54,34,49,22,15,43,25,39,38,23,51,39,43,12,16,49,29,55,9,9,19,8,5,7,7,22,10,50,53,49,41,31,55,56,7,54,43,56,16,4,36,38,42,22,0,7
35,20,23,19,38,53,35,22,10,16,58,15,5,14,38,45,36,24,26,0,1,8,34,5,33,21,33,48,29,9,46,37,2,54,48,46,3,30,22,13,19,55,42,43,12,49,14,48,4,16,6,10,19,51,59,36,22,19,25,8
36,10,49,55,47,34,47,9,14,33,58,24,8,5,19,37,36,12,39,5,9,18,59,23,8,3,18,2,4,20,28,7,45,26,21,39,13,10,41,28,40,30,59,43,16,56,36,57,42,18,38,55,23,10,14,26,40,57,26,46
55,29,53,50,1,34,12,40,57,34,27,11,37,27,13,4,37,11,7,23,57,49,12,8,58,17,36,45,10,28,40,2,49,10,32,47,8,21,36,26,45,6,43,32,19,42,19,29,58,46,31,12,49,54,8,35,2,26,26,19
25,30,19,21,40,29,31,39,0,11,15,3,40,4,3,44,18,18,8,16,41,29,45,42,17,52,35,44,3,46,56,27,39,9,52,49,26,46,10,53,53,56,58,10,42,26,58,40,15,58,40,57,37,48,42,54,36,40,57,9
27,55,12,39,30,52,44,52,25,52,37,39,16,20,37,34,3,14,23,19,18,14,22,20,37,23,48,36,31,51,51,11,14,2,25,17,12,11,40,10,24,28,19,23,2,30,25,59,34,18,24,18,21,13,59,46,59,0,22,52
17,33,42,48,35,48,38,44,35,9,57,22,5,23,58,27,42,55,9,47,46,20,56,9,3,27,57,20,50,56,47,55,51,34,10,50,19,29,51,37,34,20,31,19,9,6,2,0,21,58,37,48,26,34,46,15,33,17,30,7
35,43,4,33,44,45,53,32,10,9,55,17,2,48,43,6,52,26,42,43,35,53,48,44,42,0,54,30,32,14,49,32,43,16,47,25,8,30,52,3,27,54,6,13,45,28,39,46,24,40,11,15,19,48,33,17,7,9,33,59
30,48,13,38,18,32,56,1,5,7,42,35,42,41,26,50,19,35,3,1,23,46,38,33,18,44,28,47,21,48,47,22,51,51,8,52,20,53,44,33,8,35,37,55,20,54,1,57,40,39,49,10,2,14,57,37,31,23,5,33
15,55,47,56,22,4,30,45,16,56,19,2,45,58,40,12,58,9,21,21,0,48,46,29,28,32,33,20,19,56,34,59,8,30,10,14,21,6,7,29,25,48,10,39,55,23,18,58,33,45,59,38,30,33,51,27,34,25,50,49
3,22,37,26,51,56,7,21,44,6,34,26,14,38,51,38,59,0,24,2,14,59,53,9,41,19,25,41,48,41,14,50,3,46,8,16,0,49,11,53,50,26,8,55,28,6,50,22,41,36,3,37,27,7,2,12,54,11,44,12
57,20,36,20,58,1,33,40,49,0,34,18,35,46,36,14,38,54,5,58,53,48,17,57,12,59,1,43,11,2,33,36,33,45,4,27,53,17,59,25,21,14,40,44,58,54,26,13,1,52,4,28,51,54,47,11,44,12,4,16
32,30,51,21,8,34,0,12,2,29,5,44,13,16,11,21,39,24,56,26,23,33,39,18,21,49,38,29,1,21,24,55,45,4,49,30,33,22,4,57,41,57,30,49,29,20,23,55,2,32,7,17,21,8,17,36,17,34,57,53
41,10,33,58,27,7,28,15,13,32,28,34,9,32,42,37,58,43,4,19,10,27,12,58,40,53,38,37,32,26,23,39,9,8,59,2,31,8,57,55,15,40,29,1,6,23,40,0,42,5,41,43,33,35,16,4,27,25,3,38
46,42,20,2,22,55,28,7,45,36,36,32,20,26,9,51,33,48,10,47,27,30,29,7,54,35,40,42,28,3,10,15,50,36,17,37,11,50,26,24,13,38,29,20,52,12,36,8,46,39,28,1,23,51,1,48,26,50,17,32
20,41,15,23,31,51,6,31,16,2,13,58,57,20,44,35,46,35,58,36,25,35,21,11,59,1,10,44,17,25,55,38,31,25,15,40,35,36,23,37,6,56,9,8,57,29,22,13,37,47,27,21,25,51,30,49,56,50,51,23
2,6,17,58,49,12,14,40,0,17,38,55,6,29,7,51,8,30,53,10,58,32,16,6,11,12,7,5,4,42,35,11,8,6,46,35,45,35,51,22,39,52,59,54,55,10,46,56,40,26,24,1,52,56,20,26,24,14,41,2
49,1,53,43,21,13,28,54,35,51,59,21,32,36,28,36,55,59,51,10,48,28,16,54,40,6,2,24,24,10,12,1,10,51,16,39,25,53,1,23,18,55,34,43,31,54,19,10,17,18,17,20,50,10,7,47,4,49,44,39
0,14,46,6,52,52,21,28,53,52,6,25,3,12,41,25,33,19,36,2,16,38,12,53,6,9,25,33,0,35,35,48,53,52,12,12,51,7,36,52,25,4,27,46,8,23,37,20,41,28,46,42,30,17,41,36,10,47,52,22
0,20,28,25,24,1,36,47,43,11,57,21,47,26,14,20,1,23,13,53,31,7,22,59,22,40,47,2,45,13,32,52,14,24,39,5,35,30,43,17,6,15,27,40,13,4,33,15,0,6,10,54,48,7,12,56,23,59,20,57
56,59,29,45,28,12,8,17,14,18,55,9,13,39,38,14,6,1,19,31,14,30,49,32,13,25,16,26,18,43,1,41,21,6,34,9,11,30,50,40,37,30,2,6,42,53,58,25,55,43,26,52,12,8,18,59,38,58,40,39
19,9,28,26,29,38,26,40,18,6,27,40,1,37,16,5,37,39,47,3,18,11,28,48,51,10,40,15,47,8,35,22,51,29,37,22,27,45,26,24,8,13,35,40,30,23,6,40,38,58,14,15,23,9,47,34,20,49,10,20
25,7,11,2,40,15,17,8,59,10,1,0,30,37,29,30,13,51,23,13,16,38,31,0,31,29,41,26,41,10,36,43,18,19,59,59,13,12,8,58,18,16,12,44,26,16,35,1,33,18,51,7,21,0,34,13,34,13,53,50
44,52,57,15,44,52,27,24,57,3,48,43,41,42,19,14,8,2,52,44,50,58,54,27,55,48,45,12,0,12,41,53,43,32,47,39,28,57,26,35,5,11,28,19,19,32,12,0,25,37,26,27,10,12,8,16,31,49,21,40
11,43,43,47,8,7,50,39,18,57,14,56,42,31,29,22,2,35,45,17,11,19,40,2,47,58,30,47,28,39,36,47,44,56,30,26,37,20,53,9,40,20,11,7,10,50,48,20,3,12,59,10,19,43,10,5,23,20,23,49
43,24,21,44,57,48,55,50,8,17,46,41,59,15,43,45,1,25,50,6,37,34,32,29,52,23,27,5,17,40,11,18,44,57,42,12,34,59,22,50,50,21,25,47,54,27,38,10,56,28,10,27,38,13,18,49,38,23,0,23
8,39,20,14,9,30,56,55,14,14,41,59,22,51,11,12,42,3,24,56,37,21,42,36,17,24,19,35,37,38,7,18,18,58,26,54,21,40,4,17,7,45,32,59,20,52,33,23,27,55,26,35,51,24,58,51,15,27,41,19
31,23,15,35,30,1,7,29,54,5,2,23,41,58,37,28,41,37,8,26,4,32,54,15,24,12,7,20,35,27,9,50,49,36,38,51,1,4,25,32,1,1,52,11,1,13,9,52,36,54,16,40,26,50,7,48,56,18,18,57
48,46,31,42,38,16,43,51,33,3,56,26,1,59,33,24,2,52,22,26,57,9,35,59,9,16,46,46,21,58,15,33,27,13,28,50,25,22,20,55,2,18,28,58,59,56,4,40,50,22,49,55,3,19,43,52,40,6,2,4
41,3,8,3,31,55,45,49,58,19,20,6,50,44,44,3,29,2,24,15,43,24,27,58,40,49,59,38,38,41,41,52,25,14,40,22,0,24,1,51,40,6,9,5,48,36,1,24,4,14,17,15,11,46,2,13,12,7,3,12
9,8,31,14,41,3,35,37,14,33,29,18,49,23,13,0,26,9,38,36,50,54,49,18,23,34,40,43,40,11,57,34,23,30,41,51,33,50,32,47,42,20,32,21,50,56,40,36,52,55,17,50,20,43,46,4,1,43,50,31
43,52,52,30,28,21,0,3,14,19,30,43,56,16,32,10,3,52,8,5,31,21,24,10,24,7,36,52,48,19,34,17,36,20,2,50,46,11,0,38,44,6,21,44,30,56,18,52,20,30,49,31,26,58,21,12,51,44,55,42
46,13,7,45,12,47,20,47,2,46,34,31,11,3,5,18,5,21,50,5,57,34,47,12,31,40,29,45,5,43,51,32,52,43,51,50,12,25,26,41,33,44,16,27,6,11,59,0,1,46,17,15,19,15,54,41,5,36,9,18
34,14,52,48,28,59,3,27,42,37,37,37,27,49,59,28,45,57,33,24,19,56,53,12,14,30,2,33,45,8,13,42,22,15,15,20,59,14,0,46,0,53,15,32,45,6,22,31,56,24,39,10,24,33,58,16,59,13,44,36
54,17,12,6,38,58,56,23,49,13,29,30,13,48,4,28,58,54,22,57,50,53,5,15,57,52,15,30,26,0,21,31,13,49,39,54,51,36,42,11,0,50,21,13,17,31,26,19,1,30,50,49,9,12,57,8,42,15,40,30
34,8,46,40,19,27,19,37,16,35,54,9,53,0,52,3,46,2,27,22,8,47,8,57,56,21,18,5,57,5,28,1,2,4,1,46,1,27,56,25,58,40,36,11,56,3,28,35,2,57,1,24,1,46,1,33,18,13,11,30
52,8,37,26,8,18,19,27,34,34,2,39,25,55,57,51,52,18,2,5,9,14,13,43,59,41,28,55,37,43,53,11,46,39,44,58,27,35,37,58,31,33,17,30,36,39,28,48,26,53,48,35,1,1,33,37,7,1,12,56
27,15,51,7,38,47,8,48,43,7,58,28,12,31,6,37,20,23,3,10,16,33,28,52,51,18,8,9,59,1,13,58,28,17,17,56,59,2,30,39,34,8,44,34,1,58,3,26,3,4,27,7,20,39,27,30,43,17,17,43
53,49,29,8,34,47,58,5,6,41,3,26,24,46,36,6,40,45,6,3,1,10,46,42,10,30,22,7,31,12,16,56,14,53,17,50,50,46,0,28,45,0,28,47,8,58,41,19,36,33,20,20,30,13,44,32,19,19,2,27
13,23,26,25,5,25,46,27,47,3,35,56,45,57,20,38,11,42,38,9,51,45,9,30,39,43,11,30,18,6,50,24,56,13,47,27,2,0,12,55,6,41,27,55,5,28,54,47,54,31,9,54,51,41,19,7,51,28,7,3
29,29,40,37,41,26,0,44,3,24,57,4,27,19,24,54,48,8,47,37,52,2,12,41,54,58,18,47,20,9,29,54,38,37,46,18,24,0,56,57,44,6,29,13,48,52,21,4,10,47,40,5,8,22,54,9,12,54,3,56
31,45,33,24,14,11,7,56,7,4,43,37,0,33,57,33,35,17,43,3,48,5,1,2,26,29,23,56,59,47,51,33,29,43,52,43,15,34,50,56,33,11,21,4,33,2,35,30,20,13,9,12,41,51,57,49,41,30,6,45
17,40,54,31,48,40,47,47,14,32,31,25,2,46,46,18,29,43,26,41,22,28,59,28,9,23,3,30,8,46,14,27,23,36,28,53,1,30,53,56,48,27,38,55,6,39,48,7,35,41,50,11,54,8,31,19,46,4,6,7
57,1,38,17,56,1,12,30,35,4,43,40,33,43,15,31,40,11,20,29,39,45,56,35,11,3,38,13,6,15,30,57,8,8,13,59,8,50,47,23,44,54,20,31,33,33,15,27,59,18,35,16,17,21,55,27,11,25,41,47
55,24,16,36,59,46,47,37,21,5,6,50,33,5,10,43,27,50,36,0,44,10,59,31,42,34,27,22,38,49,21,10,0,38,57,10,25,45,8,44,20,1,14,14,58,32,11,44,33,16,13,17,26,29,44,0,48,20,37,46
44,33,58,14,32,7,17,46,54,5,25,49,41,53,18,13,53,27,32,44,2,55,20,0,3,48,10,42,28,10,2,17,2,10,16,18,1,57,11,32,6,48,28,43,38,36,59,32,37,12,28,10,43,8,47,8,0,20,51,49
13,12,20,39,48,38,24,57,12,29,57,1,15,18,7,19,45,24,4,8,15,28,25,35,22,13,9,57,40,22,33,52,14,40,33,47,45,55,15,51,32,15,36,57,23,14,59,42,14,52,45,1,47,34,43,43,30,6,13,53
52,59,41,3,7,56,6,7,47,11,31,39,20,52,32,11,47,13,39,37,11,13,14,42,23,41,39,51,53,36,0,13,49,17,18,43,1,55,57,29,53,36,7,25,2,58,48,12,50,47,20,51,40,19,11,19,49,17,52,13
6,55,11,20,24,1,31,5,12,53,41,41,27,17,3,28,12,32,48,50,18,42,46,9,55,9,0,42,56,13,41,34,37,19,13,45,55,21,16,34,50,23,25,38,45,23,20,28,0,23,19,13,1,2,34,7,4,18,58,59
4,38,58,13,23,21,1,18,56,44,16,38,23,0,29,3,48,51,21,3,43,10,42,21,17,40,40,35,2,45,6,23,6,47,17,29,12,0,3,12,5,35,6,44,7,34,30,55,44,26,0,33,32,1,32,53,52,13,37,43
39,33,10,24,56,43,26,51,41,27,49,10,1,35,54,35,23,26,56,45,29,13,39,9,16,31,18,24,58,59,14,53,11,33,49,47,25,22,37,54,2,58,50,12,14,12,34,40,12,52,7,39,1,0,24,23,41,44,18,17
19,9,50,36,50,55,40,53,58,30,53,14,54,31,39,37,19,55,24,6,42,8,0,1,40,1,13,10,47,42,35,19,47,16,20,20,10,32,50,25,27,11,37,1,55,24,34,32,35,19,6,53,32,7,43,36,34,51,54,22
15,19,58,28,4,42,10,35,55,35,3,11,47,49,48,51,20,53,46,37,50,17,2,47,15,34,41,26,8,20,36,4,31,28,32,19,13,0,9,47,42,36,38,50,6,58,55,6,32,11,27,50,42,0,33,25,29,17,28,42
13,53,51,56,31,53,22,34,40,52,10,3,41,35,33,1,23,6,55,38,41,54,23,46,45,42,34,56,42,39,37,29,1,15,51,20,51,20,27,55,57,6,0,5,58,38,37,8,27,40,26,1,58,25,3,38,24,45,18,13
52,58,14,48,7,29,30,17,26,48,1,6,18,58,34,48,36,30,12,32,40,21,25,13,57,10,3,10,37,19,29,8,54,56,34,51,54,9,36,45,2,9,53,13,38,9,10,25,50,27,42,36,23,47,29,15,28,46,49,25
11,50,30,23,31,50,27,2,33,51,25,24,1,36,46,33,17,38,42,45,4,43,3,56,51,6,56,48,39,58,50,47,54,43,25,40,48,57,20,17,59,12,28,27,57,2,45,59,54,46,4,8,7,38,24,57,38,15,7,11
22,7,20,8,47,43,34,34,13,21,0,51,27,15,13,4,10,30,19,46,54,44,3,19,12,49,26,25,40,57,14,29,1,57,54,34,13,45,36,46,43,43,35,39,2,25,35,48,26,56,38,54,48,4,22,21,26,54,40,13
31,51,7,42,54,14,36,31,57,39,28,7,44,45,24,36,9,49,56,39,16,9,24,25,24,23,16,23,19,0,1,14,33,14,41,59,51,17,2,9,48,53,44,55,37,39,31,0,34,47,51,21,6,50,28,17,4,51,45,26
12,31,15,33,54,19,40,5,56,14,4,53,8,40,4,37,18,33,59,38,54,50,14,2,20,5,57,44,1,49,43,19,21,5,33,53,47,35,24,14,33,19,28,18,51,31,12,24,38,20,6,52,41,0,9,37,27,30,26,35
14,58,42,47,29,30,19,14,19,26,37,35,43,50,15,50,52,20,41,29,44,1,10,11,34,19,22,51,7,26,36,21,10,3,3,41,31,45,53,3,4,51,30,27,57,44,56,10,6,50,18,56,1,6,4,11,10,11,57,45
22,5,35,9,42,22,8,28,44,15,52,35,50,8,49,42,21,56,54,43,11,4,56,32,8,14,43,14,29,22,49,41,3,58,36,1,37,36,38,48,49,43,46,33,30,29,32,42,52,31,13,0,0,56,50,10,58,59,49,23
8,40,20,9,0,11,56,24,43,11,6,31,35,27,48,16,14,27,36,26,14,6,20,30,30,40,43,40,47,44,53,35,8,29,40,12,8,17,6,0,10,45,7,22,46,17,0,39,12,15,48,12,19,52,11,28,0,54,0,48
47,38,31,55,34,41,4,5,6,7,55,44,20,5,12,46,56,14,55,59,43,8,48,22,32,3,55,34,58,57,9,22,19,39,22,10,55,23,39,22,5,54,24,53,42,9,42,56,39,51,58,42,21,49,34,7,57,45,33,44
8,32,2,16,55,58,27,49,45,33,10,43,7,27,4,17,3,12,38,6,43,59,52,23,44,45,58,12,11,10,27,18,26,1,8,38,0,52,26,42,21,56,34,56,29,12,17,23,27,34,14,21,8,45,13,5,21,3,54,31
7,25,6,28,44,36,46,45,16,8,42,7,21,49,23,18,47,10,53,36,34,0,46,26,56,40,4,33,3,12,25,22,43,40,10,47,18,47,30,46,28,50,41,37,36,34,8,52,20,24,8,30,41,23,27,49,14,52,53,42
36,42,24,17,51,20,21,54,2,8,23,19,16,30,24,25,25,36,20,41,10,21,1,1,47,48,18,58,7,25,55,35,8,34,53,8,53,50,9,39,48,39,22,24,19,10,6,14,32,34,15,59,40,24,58,39,22,54,0,57
55,50,41,51,4,10,9,27,34,49,2,10,56,19,22,7,23,29,59,10,42,39,18,50,34,58,42,53,32,20,43,38,10,27,44,4,42,32,31,19,56,56,4,7,52,1,27,11,33,1,56,21,28,22,23,56,51,15,9,45
22,55,30,35,52,41,49,37,18,3,9,17,13,37,0,27,0,7,44,44,50,34,2,26,46,50,17,12,18,38,2,23,56,35,37,8,45,48,17,51,24,58,37,41,29,30,8,13,38,40,5,20,51,53,50,42,48,50,33,57
17,38,22,50,3,20,15,33,32,55,59,7,43,25,5,59,25,23,10,29,24,29,21,9,48,48,48,12,20,27,23,22,41,51,1,36,52,38,6,3,50,2,18,1,26,27,42,59,47,23,58,49,6,47,7,36,41,4,45,19
11,50,32,53,29,43,18,9,22,50,5,52,9,25,48,45,52,37,52,2,53,13,57,0,37,43,35,39,14,29,51,42,40,47,17,27,55,10,17,8,3,48,44,27,10,12,4,47,11,35,48,23,11,27,44,59,22,16,35,44
24,5,52,42,27,44,51,34,35,58,56,3,37,50,12,26,35,19,14,26,34,33,2,21,34,17,0,25,11,10,19,21,36,52,52,27,57,18,16,45,4,8,14,13,29,19,54,37,26,44,19,35,14,38,35,46,23,26,2,42
18,17,46,31,19,30,27,27,45,19,47,58,30,38,47,42,17,4,31,13,38,35,20,15,18,50,9,24,7,33,9,19,54,32,27,17,17,49,11,41,11,57,28,24,15,30,28,58,26,31,51,9,41,29,43,27,15,5,25,8
8,42,35,7,47,16,50,35,26,4,36,10,25,14,19,40,27,36,21,38,40,22,44,2,27,15,8,5,37,12,1,11,10,0,17,9,21,1,34,16,31,3,9,37,1,30,10,43,37,2,25,47,34,25,58,1,50,32,5,12
55,39,42,30,19,31,19,50,28,44,41,55,56,24,35,54,16,48,7,31,45,19,40,42,16,27,19,37,32,24,48,22,59,31,40,23,47,25,44,53,13,43,58,45,36,28,56,35,11,30,44,54,42,25,4,5,33,27,25,21
20,22,52,35,54,27,56,17,0,46,51,40,53,6,42,56,13,23,11,53,49,34,52,39,6,34,8,45,42,15,43,34,59,27,28,50,31,6,17,18,57,3,7,9,5,6,16,50,11,6,44,25,45,31,25,0,45,58,10,5
25,27,48,49,53,7,4,7,11,7,8,37,9,44,47,41,24,11,50,25,2,0,33,2,26,36,8,23,31,50,37,23,29,18,56,47,27,4,7,3,49,43,43,22,27,45,32,15,53,48,47,55,22,0,50,55,9,50,34,6
22,0,46,38,5,8,5,21,24,39,49,51,42,12,10,1,30,5,36,23,10,19,40,57,16,44,36,13,17,16,21,3,55,30,10,24,22,21,10,39,36,18,41,51,23,34,16,10,20,18,6,24,42,32,1,0,7,31,25,18
0,7,52,49,2,0,4,59,37,24,9,44,55,24,27,5,3,50,19,11,3,25,7,11,31,40,9,12,7,2,35,12,20,8,37,6,44,13,46,3,19,21,57,42,48,12,57,51,48,28,14,22,13,30,26,13,48,36,48,5
37,32,20,8,45,40,13,38,23,29,3,17,30,47,40,33,7,59,15,22,38,21,28,28,8,57,1,17,38,24,5,49,2,29,44,32,24,11,59,5,46,49,10,18,11,31,28,58,37,53,30,41,15,0,55,21,0,24,20,2
18,43,55,38,26,23,36,50,58,52,4,23,26,33,4,54,16,43,53,36,28,48,14,48,56,21,27,3,27,26,41,15,50,54,3,44,17,31,17,21,54,29,35,48,1,30,25,57,37,39,42,13,20,7,47,18,30,21,59,14
14,24,50,58,38,43,52,51,34,52,8,25,3,56,53,40,57,11,51,38,53,13,14,21,37,41,38,43,49,39,45,14,6,37,14,19,8,53,15,35,19,30,1,18,34,14,59,15,27,31,49,56,13,28,31,6,56,41,51,20
49,9,27,12,7,53,0,4,24,53,32,6,50,47,21,30,12,20,25,22,13,3,4,35,33,3,19,8,39,49,52,20,41,18,56,29,59,42,59,53,5,27,29,36,11,18,15,51,34,53,4,27,16,25,38,33,57,59,24,34
19,3,24,5,47,36,6,20,51,21,59,50,36,52,56,51,19,19,24,6,40,18,50,2,55,34,54,14,4,27,25,3,40,23,55,3,50,54,21,3,40,25,1,18,47,17,18,52,44,50,51,42,49,31,35,23,32,39,47,54
21,52,6,2,45,56,0,56,4,39,14,28,42,55,48,50,15,53,13,47,14,8,45,13,44,6,30,12,57,41,54,36,1,42,28,59,17,37,7,59,9,19,13,12,56,49,29,12,57,0,37,35,29,11,3,16,10,23,34,16
40,55,31,19,28,20,36,13,32,52,15,23,26,49,46,5,20,43,4,14,12,23,14,55,58,10,40,1,30,48,5,11,25,7,40,16,11,51,32,36,16,30,5,49,7,24,15,19,34,46,59,5,42,44,58,56,16,0,59,59
57,31,50,27,15,42,17,3,33,12,24,51,6,51,41,37,21,21,14,36,5,23,32,12,18,38,34,59,27,15,33,51,39,48,1,54,34,52,20,1,39,49,16,30,42,7,49,24,53,5,9,17,20,15,16,10,18,49,18,2
37,26,54,41,50,37,48,23,46,2,6,56,58,37,28,38,13,51,49,20,46,37,8,52,50,18,32,11,17,27,6,12,26,58,41,31,1,35,26,5,28,13,38,5,9,7,34,11,2,44,11,35,24,44,23,17,7,32,1,1
56,12,28,38,14,30,27,31,8,39,36,36,19,56,37,53,44,49,8,4,56,35,4,54,27,38,6,21,18,55,41,4,31,58,24,29,58,46,15,56,44,0,45,59,35,55,7,24,26,21,50,1,54,23,46,37,4,6,39,4
56,31,39,42,15,31,6,28,12,28,14,56,23,3,12,50,4,37,40,7,37,6,32,7,45,22,19,12,31,56,28,24,11,56,37,20,44,19,55,51,33,49,19,31,1,36,33,32,54,55,42,5,26,28,30,31,28,19,54,14
24,37,8,5,10,5,6,0,15,45,25,20,39,12,3,54,32,31,52,22,23,52,42,53,17,36,52,46,4,17,4,0,37,5,45,40,31,15,0,3,50,16,38,35,36,7,15,48,49,34,46,24,49,30,58,13,48,22,56,2
29,16,46,48,36,56,24,2,2,49,15,50,30,22,38,33,18,18,57,17,37,25,12,31,21,20,4,42,41,27,12,16,45,13,48,56,52,14,43,0,12,51,15,49,59,56,3,49,20,25,45,49,10,13,18,12,16,36,37,50
7,10,26,11,30,44,17,18,35,32,29,46,26,44,8,53,14,4,12,26,49,11,0,40,30,2,8,20,46,56,45,3,45,12,23,46,7,4,49,4,19,57,2,21,45,21,37,30,42,9,50,55,51,55,1,15,15,37,55,45
55,12,29,40,48,23,8,39,38,35,43,40,13,44,30,54,18,21,32,31,27,8,0,17,15,35,41,20,32,31,27,20,3,31,15,36,7,33,14,38,33,16,18,0,11,55,26,34,28,57,40,23,41,38,45,29,36,32,29,42
21,53,46,46,54,2,44,48,59,40,22,20,10,48,16,36,18,38,3,12,24,4,29,40,14,10,36,57,8,56,17,58,2,54,41,56,18,34,30,52,40,29,36,39,34,4,3,51,10,49,6,39,51,4,27,10,29,24,13,25
32,58,18,54,0,54,42,17,59,19,4,26,38,38,49,59,47,34,42,14,34,3,52,1,21,37,24,14,10,15,5,47,39,54,0,59,12,13,13,55,20,2,41,21,55,49,56,2,16,12,39,47,4,1,49,19,41,24,36,41
32,16,51,57,13,27,31,47,29,19,14,8,37,24,24,3,14,14,39,53,47,27,16,57,23,35,27,17,16,53,52,34,51,28,31,56,27,2,55,22,18,52,6,32,20,31,51,18,30,18,53,35,25,34,50,9,21,4,30,23
55,6,12,44,20,36,4,11,41,24,38,30,53,4,26,44,51,8,37,9,30,49,48,32,57,44,29,10,18,42,52,52,32,56,45,52,29,41,47,57,11,56,13,12,57,46,19,43,21,48,24,8,59,40,29,5,18,40,22,10
49,37,14,52,9,25,3,15,19,34,34,15,27,44,38,55,49,48,49,7,21,0,2,13,20,3,33,42,43,23,26,47,15,27,0,23,56,15,4,43,47,7,28,57,31,33,46,57,58,19,37,27,55,43,26,5,11,3,57,21
53,27,28,10,57,56,22,3,17,0,46,51,42,2,47,15,59,17,52,39,38,45,37,52,27,43,57,16,39,10,34,16,19,3,15,4,34,35,22,14,17,28,55,15,10,0,11,34,45,40,32,20,15,16,11,19,47,46,53,19
6,2,38,6,30,42,59,56,51,4,26,2,13,32,5,12,42,28,30,5,55,50,25,2,13,34,33,21,34,29,25,16,59,47,28,40,53,53,39,37,29,21,27,33,42,40,27,35,6,22,17,18,54,19,31,21,12,31,56,25
20,31,5,8,16,33,32,58,35,41,34,43,28,44,24,19,38,56,16,12,7,18,33,0,23,25,41,50,0,59,37,34,42,31,55,44,52,38,34,8,48,31,51,7,19,20,27,33,7,33,57,43,31,25,40,31,42,51,11,49
57,42,39,28,18,51,4,45,42,11,51,3,44,14,29,11,21,20,18,7,47,40,45,2,52,46,0,47,11,58,24,53,14,46,42,31,23,15,55,26,0,51,17,30,29,57,9,57,6,39,18,46,46,45,36,39,17,47,26,41
26,18,20,46,4,10,29,7,7,3,10,49,38,10,36,41,23,45,2,49,32,47,27,22,2,32,51,38,55,56,28,57,50,43,33,40,58,52,6,51,55,52,0,14,25,20,49,2,41,13,46,25,48,10,11,21,48,54,6,43
39,34,20,21,48,55,29,54,1,27,40,14,12,34,51,43,26,20,14,25,15,18,18,39,30,43,54,18,53,35,44,10,33,20,38,32,50,4,20,26,51,45,42,5,44,6,22,40,45,45,47,9,23,39,27,10,47,23,52,48
47,15,36,39,18,35,46,12,18,25,16,50,56,32,15,1,29,31,39,52,22,43,35,59,4,58,21,5,8,15,46,19,51,45,7,53,35,30,8,55,11,29,37,19,51,17,16,50,17,0,40,1,41,50,56,43,34,8,1,38
59,51,0,13,35,17,14,27,31,10,26,41,19,17,58,57,56,18,35,27,59,21,41,6,42,45,53,12,46,50,22,51,21,8,36,39,13,22,30,57,13,6,44,24,46,54,4,15,0,3,57,11,7,17,3,9,6,18,5,22
30,28,1,33,2,40,3,55,28,50,57,15,23,6,49,0,41,52,1,6,18,49,13,11,39,22,44,14,33,39,19,48,4,11,8,52,26,36,30,21,28,39,55,30,4,20,7,51,46,58,28,1,15,15,47,13,58,26,36,42
2,52,49,41,28,31,52,43,2,28,55,3,45,26,10,48,19,15,48,47,36,46,33,31,1,41,28,48,2,35,8,27,55,13,5,14,58,15,15,59,54,46,25,51,42,7,46,34,1,20,13,10,13,57,46,24,16,18,33,50
17,4,48,6,19,58,2,29,23,26,56,12,55,31,37,59,36,19,15,28,14,36,4,52,52,6,13,49,25,33,46,54,58,44,58,7,29,53,15,51,44,22,24,46,25,30,6,34,27,43,19,10,16,51,52,30,53,18,8,18
7,32,57,28,15,18,26,33,44,39,2,29,21,11,15,55,3,52,51,44,52,34,8,42,29,23,37,10,32,15,5,57,19,26,43,24,25,1,53,9,5,59,27,25,48,28,18,10,19,28,32,19,28,51,57,2,59,13,39,54
43,42,56,26,11,53,54,47,50,9,54,18,2,7,50,2,11,6,7,59,45,45,39,54,35,34,0,27,51,35,57,20,35,11,57,39,49,25,11,59,15,23,34,4,28,56,48,34,18,46,38,8,49,29,54,42,45,0,36,55
2,15,0,22,12,16,50,23,30,30,52,39,3,57,21,56,1,39,19,1,28,23,14,36,4,46,13,40,27,48,22,15,35,10,58,7,18,12,34,31,1,37,49,49,49,30,42,32,33,45,9,41,14,20,38,37,8,19,13,58
29,28,20,3,26,8,41,11,53,47,9,1,35,24,1,51,32,52,27,41,4,24,29,22,59,9,24,54,34,22,26,0,25,44,6,34,34,46,42,42,43,47,38,49,44,43,24,35,56,51,24,34,44,28,53,40,41,8,9,44
19,53,8,31,4,19,56,6,10,31,11,19,41,42,44,5,38,58,39,37,7,59,32,17,20,10,40,38,33,31,33,13,37,9,34,59,52,50,54,4,51,51,5,56,19,27,55,43,28,9,40,52,51,6,27,11,27,8,18,8
17,25,31,57,32,53,33,10,24,50,28,49,20,51,48,51,30,37,7,12,40,7,28,59,4,38,8,22,47,13,29,29,58,51,46,30,46,5,29,47,49,22,49,9,1,9,45,31,15,19,59,57,42,12,4,1,37,47,11,7
35,4,14,51,8,19,52,16,39,53,2,22,30,51,17,48,57,46,9,55,11,7,47,52,9,45,7,37,38,31,58,26,21,10,5,5,17,50,57,39,9,57,56,39,46,3,42,4,0,47,6,16,48,1,2,57,36,1,54,51
24,16,26,12,54,52,53,45,1,36,6,30,29,27,56,36,31,41,41,23,21,48,6,40,28,55,50,6,54,48,15,5,29,14,54,23,36,58,55,19,3,7,24,6,28,14,50,27,0,35,32,44,1,18,26,8,41,57,56,31
14,55,53,49,44,13,41,42,39,43,27,16,10,6,56,23,6,48,11,23,58,10,20,39,39,51,53,38,57,21,43,7,11,12,58,59,51,6,5,53,58,18,33,52,55,37,48,23,21,50,31,32,4,52,59,58,34,1,19,7
26,13,22,26,18,49,50,28,13,42,28,57,14,34,19,36,1,50,50,3,39,45,26,33,53,59,44,40,31,19,28,21,44,11,46,28,32,26,5,36,5,20,5,3,45,6,46,12,41,2,19,18,49,42,2,21,22,38,4,15
5,29,37,8,10,53,19,26,5,47,17,19,18,2,50,59,53,36,54,55,29,36,8,39,7,38,1,39,42,20,8,28,28,40,4,10,59,37,32,14,47,44,22,59,46,41,57,45,8,8,51,54,32,37,22,54,53,27,3,56
48,27,29,47,23,28,5,41,10,38,25,36,40,15,0,7,32,28,36,27,16,3,20,30,8,6,55,8,52,15,20,25,27,52,38,28,14,19,28,0,49,28,30,34,48,18,48,14,31,24,7,48,41,50,48,1,30,52,21,38
29,27,2,36,21,30,33,5,26,27,1,32,2,41,18,37,23,24,27,19,45,41,33,12,40,51,11,15,47,17,36,0,31,35,20,26,16,4,30,32,34,50,55,39,10,57,35,56,38,36,3,58,46,0,10,26,18,42,59,32
53,43,40,21,29,54,4,58,26,7,32,31,39,11,19,11,10,55,20,20,48,20,42,15,10,59,9,17,44,48,13,7,52,25,27,36,17,15,0,48,16,22,15,15,39,35,17,51,55,46,6,9,22,14,15,11,7,14,15,25
27,29,31,22,53,38,13,21,35,58,26,0,16,12,3,15,37,8,34,45,4,2,29,40,50,3,53,1,0,2,4,14,50,20,45,47,25,6,21,21,31,43,22,41,42,24,56,33,8,3,41,25,56,29,0,33,52,23,1,10
30,2,6,33,3,22,45,23,36,49,16,56,53,1,33,43,53,9,31,59,51,25,39,52,13,12,53,26,22,9,41,22,21,11,9,7,7,15,8,3,39,33,50,29,58,53,1,32,19,30,21,26,8,46,36,48,13,44,41,52
24,10,50,16,31,1,33,32,31,52,30,52,57,38,12,50,55,34,42,51,45,38,35,7,48,59,47,39,59,42,1,27,12,38,31,8,6,59,40,57,38,11,41,50,44,22,13,21,50,48,35,21,39,50,44,17,34,36,45,5
21,28,37,36,43,20,25,32,56,46,27,0,23,18,12,48,53,54,31,44,32,57,54,17,8,17,19,22,21,50,36,9,19,25,1,12,4,28,7,57,11,56,1,35,21,52,41,7,23,38,9,8,26,37,51,20,47,30,55,26
39,56,57,42,30,20,46,55,9,35,21,55,48,57,7,2,11,44,59,24,29,28,2,24,55,45,14,23,53,24,6,19,6,51,8,4,47,2,0,59,12,31,26,21,11,38,19,59,58,28,39,35,23,6,40,51,54,23,45,40
13,40,15,28,4,1,37,59,24,33,48,4,5,15,55,12,36,29,10,51,41,23,22,18,50,21,4,8,40,21,59,7,38,55,38,3,46,59,52,13,3,21,22,36,12,24,51,54,33,28,48,41,52,45,7,22,15,36,30,51
25,0,40,44,31,3,22,30,51,36,49,10,43,30,9,39,5,40,12,11,57,49,25,50,28,0,13,43,5,11,52,43,23,49,36,19,49,22,59,28,28,11,12,29,29,7,57,32,7,31,31,48,47,9,0,58,46,17,29,14
7,25,57,34,5,18,58,2,30,14,57,57,12,16,33,39,51,54,39,31,59,32,19,50,51,49,33,23,47,41,29,26,37,37,50,31,3,23,43,7,12,16,27,54,2,28,18,7,13,40,56,55,13,22,28,22,9,53,41,33
16,43,2,43,12,5,10,16,20,8,9,23,52,9,38,26,38,42,46,33,53,59,20,0,33,4,47,16,54,29,33,24,42,33,36,31,10,15,57,25,33,38,43,31,48,3,32,33,40,0,52,52,22,26,45,43,35,1,0,33
56,35,49,47,54,21,58,49,11,32,43,17,7,55,56,0,3,30,30,2,14,42,4,6,13,44,22,17,29,32,43,24,44,50,31,23,42,27,21,7,55,59,47,13,59,39,20,43,49,26,28,15,34,28,1,15,11,40,25,46
35,21,31,21,33,23,59,50,18,25,48,40,26,35,1,20,5,27,43,38,40,48,1,19,54,43,13,47,32,46,56,48,46,2,26,55,34,19,35,55,10,8,25,22,58,57,19,53,18,49,8,45,36,59,36,17,9,10,10,28
42,31,22,58,33,34,46,40,16,17,39,41,16,25,32,18,23,17,54,52,13,15,51,10,4,26,4,3,54,38,24,21,10,19,1,58,46,42,50,4,28,54,16,12,25,41,24,3,39,6,50,53,6,10,59,12,10,20,37,53
45,10,5,27,52,29,10,17,21,59,23,0,34,49,45,30,16,6,56,3,34,30,26,24,7,40,29,54,29,49,12,52,6,51,29,6,32,0,45,42,55,43,22,15,48,39,44,1,48,43,12,15,57,53,13,42,36,54,39,55
48,35,21,17,11,2,37,12,52,6,30,34,34,48,53,39,10,34,6,51,18,15,5,6,26,3,58,11,45,0,47,25,59,27,41,31,48,51,8,26,42,10,33,27,41,32,41,56,6,47,29,43,46,7,40,1,1,21,5,33
34,15,35,0,36,47,3,0,28,21,14,14,22,57,25,18,36,42,28,6,27,38,39,19,51,7,1,39,46,25,44,45,35,38,45,49,28,12,1,31,46,57,30,43,47,47,43,30,16,6,20,48,4,16,26,27,2,24,50,6
8,25,44,17,22,12,50,25,18,34,57,40,18,4,32,8,12,28,31,48,23,14,57,45,54,12,59,52,3,42,40,23,2,41,16,52,52,4,50,45,48,5,37,23,13,24,52,45,47,52,32,47,23,28,52,43,18,59,57,34
54,54,22,4,13,52,25,51,0,48,55,51,20,29,32,52,38,15,58,24,45,45,17,32,37,4,13,12,56,39,23,18,34,20,26,32,57,23,56,17,47,45,28,20,41,53,47,27,29,52,9,39,47,18,27,48,46,41,1,7
4,52,16,38,56,31,7,8,12,20,39,43,13,37,38,52,52,43,16,26,38,16,45,4,28,27,23,57,17,20,23,52,38,24,40,55,53,21,38,29,58,25,53,13,52,29,25,41,17,47,8,31,56,15,51,15,40,29,41,31
8,30,58,34,29,13,47,31,42,27,12,51,24,26,20,46,39,8,38,34,7,14,55,12,59,59,21,32,39,31,42,53,45,9,26,59,31,19,24,1,42,40,41,37,28,20,21,20,46,20,33,3,44,21,58,13,16,13,48,52
53,52,33,11,53,47,4,35,1,8,41,1,51,27,23,41,12,21,2,22,43,57,39,48,11,10,0,38,34,9,6,34,35,43,28,50,51,3,12,45,24,18,22,16,36,22,25,30,46,48,48,0,8,30,46,1,58,0,13,29
12,1,35,50,30,17,13,42,2,55,44,58,40,45,14,48,1,42,55,12,47,21,0,35,9,24,12,45,44,19,38,36,46,20,22,21,54,8,5,52,32,18,32,30,4,1,34,47,27,41,57,54,32,52,32,30,21,20,38,45
27,12,28,42,30,33,54,56,41,39,45,32,38,14,41,55,44,22,4,4,30,11,11,46,50,51,39,18,28,35,57,35,30,29,8,4,58,22,42,58,20,40,18,57,22,21,11,41,34,48,56,43,28,55,30,16,47,17,14,29
53,29,37,56,48,22,43,48,37,36,36,10,4,8,31,46,54,29,38,13,50,24,31,5,51,33,38,57,57,2,7,7,51,31,42,25,8,24,25,6,32,42,2,55,10,17,40,54,11,29,3,38,11,10,11,9,47,0,52,36
38,26,48,55,13,44,48,42,47,36,38,39,21,0,56,54,52,16,3,23,57,39,28,19,2,53,7,23,59,7,1,4,11,15,55,56,58,30,57,55,32,52,31,30,29,36,45,27,55,6,0,25,8,20,35,41,21,52,57,36
58,5,18,20,54,7,48,11,53,11,27,57,29,39,8,37,45,41,3,0,5,38,6,30,47,22,18,5,18,2,11,4,12,47,37,18,16,49,42,59,37,2,42,26,22,18,6,53,15,45,20,56,55,12,30,43,10,36,37,37
56,33,25,52,28,42,46,10,52,9,55,48,10,34,24,6,55,20,33,25,34,7,39,12,41,22,37,41,45,34,3,16,23,0,52,23,13,23,47,41,40,35,11,36,54,14,40,11,53,59,24,0,48,21,37,10,53,24,4,33
44,31,3,6,19,46,33,33,56,58,38,29,35,10,7,24,0,20,29,56,58,9,22,55,47,22,50,54,13,50,53,33,1,27,58,44,18,54,45,28,46,48,30,14,8,50,9,38,2,30,1,45,14,14,7,17,17,18,59,14
38,34,39,20,51,11,22,49,2,15,31,22,17,37,37,24,43,47,44,23,57,28,14,52,27,16,18,13,53,32,46,50,47,10,25,36,34,10,40,54,30,29,11,28,30,37,29,47,8,10,45,44,17,22,27,44,5,49,36,29
55,30,47,36,9,17,1,14,40,40,33,38,47,6,45,15,33,18,58,35,51,11,7,27,15,17,5,19,3,45,12,21,57,8,22,1,51,43,21,47,58,18,35,50,29,43,49,36,52,23,39,44,25,22,34,26,43,47,49,35
11,38,41,52,36,42,28,4,48,36,49,49,4,52,50,13,11,20,45,34,40,4,33,56,14,6,58,11,13,29,35,2,58,55,3,30,52,59,57,11,31,38,5,44,48,44,51,49,26,42,52,19,18,33,39,54,45,15,37,19
35,39,22,1,19,19,18,28,10,7,53,11,36,11,52,13,27,34,7,59,30,50,19,3,57,54,5,32,3,8,3,0,12,40,8,58,38,14,46,55,44,14,0,36,40,40,38,50,10,7,3,54,34,50,52,48,50,54,12,24
8,28,58,3,1,34,12,55,14,30,32,48,19,32,4,2,43,39,31,57,2,28,13,1,24,18,16,51,51,36,2,1,46,9,29,10,52,44,5,37,5,32,57,23,46,21,59,18,35,4,25,33,57,28,9,9,19,41,56,39
12,31,47,12,27,42,48,26,45,6,51,17,13,8,48,32,5,17,16,45,14,9,23,56,21,26,34,56,37,31,42,59,20,26,5,23,40,23,33,47,43,16,33,56,51,50,19,35,6,6,51,6,39,41,7,41,11,16,39,34
10,48,52,17,32,54,47,30,30,20,35,16,50,13,43,52,31,0,34,20,9,40,23,14,57,24,20,41,59,37,0,46,20,5,25,18,26,25,54,42,0,25,53,46,21,8,1,2,4,41,57,38,9,1,2,17,55,43,39,26
56,26,48,27,7,53,55,57,30,55,20,31,40,2,1,36,6,3,7,42,10,15,25,30,34,6,35,40,7,50,48,47,36,55,2,51,30,47,25,46,15,11,0,4,41,55,21,47,26,17,53,50,3,15,7,47,5,5,40,57
9,23,45,48,55,47,28,46,21,0,16,49,42,55,23,33,47,31,5,35,10,20,38,16,19,1,51,15,21,9,17,31,27,16,30,12,4,43,35,38,16,26,47,43,10,52,36,12,13,48,52,37,59,14,2,44,3,44,7,38
31,56,31,40,31,2,20,15,18,25,25,24,45,26,7,6,57,55,45,6,8,27,44,45,47,49,23,46,14,18,19,59,8,49,45,26,4,59,24,4,21,29,35,44,58,4,8,41,36,2,35,40,52,32,21,35,41,29,54,2
47,17,26,1,43,34,22,31,56,2,42,45,51,52,12,51,2,10,53,56,42,41,50,27,48,6,5,0,46,4,57,38,21,53,26,49,12,1,15,41,29,43,38,29,23,55,24,24,13,14,20,18,47,28,0,48,13,31,43,11
54,50,34,41,40,45,27,50,3,57,53,22,43,53,42,50,37,24,35,21,21,14,29,56,23,11,0,25,12,33,38,56,3,58,45,28,13,47,34,50,53,21,11,10,29,40,21,5,17,36,56,50,45,55,47,16,39,23,20,55
17,57,35,59,2,3,14,4,1,37,38,28,51,36,14,34,4,30,37,15,53,34,20,35,29,9,35,40,44,9,36,0,30,45,3,43,47,40,16,17,48,23,18,38,24,0,3,51,47,50,23,52,18,42,43,52,26,55,50,8
50,59,57,39,4,29,40,58,48,36,18,58,59,52,13,39,42,50,32,49,26,53,33,59,9,52,43,37,57,33,42,30,16,8,26,52,54,21,52,32,26,23,21,19,12,17,49,54,14,5,28,39,53,32,19,23,28,13,25,29
15,42,23,2,14,40,48,48,31,58,42,2,38,6,36,18,39,49,48,57,3,26,10,39,23,19,10,27,58,0,57,4,40,9,12,3,35,18,11,19,43,58,0,15,31,44,59,43,38,26,5,19,45,52,0,54,15,26,23,43
30,6,13,34,20,29,31,16,39,36,54,46,29,44,32,3,7,17,2,9,34,0,40,44,53,1,17,51,23,26,17,6,5,50,32,50,22,55,29,44,16,28,46,7,0,4,0,16,41,6,38,14,57,3,42,49,52,9,1,11
34,46,37,7,41,47,16,43,49,27,49,50,46,23,5,3,34,26,22,1,38,17,24,31,32,10,46,26,45,37,14,14,3,22,34,33,0,42,57,16,12,29,43,32,4,26,37,54,52,45,23,54,26,27,8,44,57,22,49,53
56,59,24,50,11,24,46,39,24,49,2,36,40,49,54,5,26,9,38,35,13,41,19,16,40,17,52,27,10,26,11,50,0,32,20,25,47,15,21,58,8,24,8,35,17,46,34,57,10,53,16,39,2,41,21,37,35,46,44,54
51,55,8,3,36,33,26,24,35,47,46,11,33,10,30,54,41,29,37,20,53,2,53,10,18,47,22,54,34,6,18,11,15,38,30,42,27,27,3,41,34,59,11,42,22,23,39,14,8,32,33,30,19,9,36,23,8,11,5,23
58,39,5,3,34,7,33,12,17,49,46,9,30,54,39,33,28,1,24,29,34,50,14,0,39,11,5,52,9,15,32,45,34,39,5,3,26,3,21,40,41,12,4,1,16,47,26,4,44,32,10,41,8,39,7,24,45,35,12,33
47,54,36,53,6,9,29,46,24,38,11,39,23,23,57,10,28,1,55,9,13,20,5,9,15,3,59,27,32,43,12,18,13,8,29,18,27,31,50,37,18,6,17,23,0,29,53,12,40,36,24,59,36,59,45,5,34,16,38,33
39,56,44,34,38,17,35,16,25,21,12,18,25,30,33,21,24,50,47,7,6,34,13,44,55,7,24,46,47,57,45,58,30,34,13,18,14,11,51,14,15,57,26,13,54,50,7,10,47,36,54,53,50,24,33,51,3,14,19,2
50,9,38,56,57,30,33,25,3,22,17,32,44,26,21,2,37,44,56,12,0,40,29,3,43,44,45,58,56,55,44,21,37,29,43,33,31,53,56,51,4,36,37,46,18,40,25,17,36,21,50,4,37,56,49,34,25,49,51,55
44,23,57,59,29,49,56,14,48,39,34,59,21,6,47,33,26,3,58,46,58,7,6,8,22,32,33,24,5,30,55,37,6,51,52,18,12,54,25,44,56,8,30,33,22,51,50,28,28,26,20,4,42,45,18,39,39,11,59,58
34,25,49,50,31,42,17,8,16,50,40,3,46,27,17,1,31,57,18,36,19,27,36,52,33,13,49,14,7,4,35,1,3,46,52,40,47,13,17,10,13,43,43,55,0,31,1,39,14,24,57,43,21,11,38,57,32,29,42,42
46,45,59,23,32,53,23,19,1,53,41,40,43,5,31,46,21,57,30,26,21,19,12,56,40,16,54,13,36,44,37,10,50,34,36,44,25,6,18,0,57,31,29,58,23,15,19,9,6,33,50,0,18,24,51,19,11,44,38,56
27,28,7,12,24,39,6,9,25,18,37,36,14,25,8,18,17,44,21,46,7,20,59,42,10,20,12,29,12,25,39,19,23,41,50,39,9,37,59,8,33,18,30,45,54,55,10,5,36,48,52,29,0,49,40,14,56,4,15,0
49,58,31,54,23,29,43,1,7,43,6,50,2,51,35,29,3,43,9,41,48,9,40,59,23,42,33,41,14,5,55,1,54,18,46,30,5,52,48,48,27,10,22,58,57,32,56,41,15,30,44,39,43,49,17,32,25,12,51,7
26,21,40,58,33,26,46,13,49,55,7,49,21,21,37,29,37,59,56,3,22,19,34,22,19,48,47,39,7,26,52,58,10,48,38,38,28,7,29,8,9,50,42,34,41,37,13,19,45,44,12,35,43,6,54,7,6,52,29,59
55,56,8,11,46,19,43,42,13,50,9,41,30,26,18,12,18,20,10,55,47,9,55,27,30,16,50,7,18,40,21,2,14,40,1,46,38,43,17,28,17,18,4,50,50,52,9,30,46,20,6,24,59,21,10,2,41,54,6,54
26,38,46,10,46,38,49,29,31,24,5,36,21,39,26,36,50,32,25,53,28,59,43,41,10,57,12,57,11,2,39,7,51,53,31,52,40,32,19,0,4,59,2,18,29,57,20,23,24,17,12,30,38,48,1,1,35,27,21,11
36,51,12,37,5,0,7,41,40,49,20,41,1,54,36,40,0,9,35,10,7,24,49,52,51,52,46,45,24,23,16,36,34,1,53,4,16,56,8,35,50,9,39,16,56,14,51,58,56,7,35,26,17,56,56,15,42,45,4,16
5,30,37,2,57,47,23,53,33,30,28,29,55,19,33,3,30,40,6,58,51,23,42,39,40,42,48,2,9,36,58,52,5,16,25,7,40,41,0,0,43,56,11,51,33,48,29,58,40,34,31,30,51,2,54,16,12,54,25,42
31,11,19,59,44,4,34,42,8,43,2,4,58,20,4,42,32,31,4,35,27,43,30,50,51,45,35,44,7,35,17,11,16,58,12,12,2,17,43,17,12,17,0,23,8,0,1,49,40,40,14,15,20,54,57,37,33,1,37,56
30,36,29,12,54,24,10,44,40,10,46,2,49,58,44,47,35,34,33,51,56,52,26,45,29,22,18,26,15,15,10,11,57,24,48,14,28,1,20,46,12,48,28,6,43,7,43,20,55,17,47,2,1,21,45,41,16,37,34,32
4,32,30,7,23,31,27,1,56,52,29,19,43,11,22,35,23,39,38,32,43,41,2,44,29,3,26,58,0,51,51,48,17,7,51,18,2,43,4,35,34,36,7,27,15,12,50,18,10,46,38,45,41,45,23,23,20,7,44,38
8,52,49,2,28,0,21,3,10,8,53,1,12,38,23,4,55,43,36,33,44,58,42,15,0,14,39,32,3,23,57,58,45,43,30,17,12,17,23,30,2,17,10,55,53,57,9,37,53,28,59,46,54,59,40,24,55,45,14,32
23,52,11,42,35,33,32,44,41,46,21,8,27,34,36,29,17,2,51,12,40,5,40,52,53,30,2,29,37,44,59,22,22,33,44,44,15,2,49,33,45,16,42,19,34,16,48,42,38,26,1,19,38,29,55,39,7,15,45,0
24,8,21,35,7,8,31,2,53,24,26,2,26,0,4,24,56,10,51,26,40,8,43,44,56,3,27,20,58,51,18,6,34,37,40,13,35,24,44,53,15,15,44,2,46,43,26,20,28,21,49,32,31,23,21,37,0,43,5,23
53,17,27,44,36,17,43,50,48,44,7,44,0,59,38,38,4,15,13,4,50,6,42,14,53,43,28,1,43,14,11,9,9,8,43,52,29,47,41,44,0,42,10,37,56,27,8,45,42,50,30,42,7,57,56,15,36,43,51,28
34,37,31,17,18,17,25,7,43,56,24,46,11,25,38,15,25,15,15,29,18,53,25,31,36,29,20,47,59,49,34,10,44,47,2,3,57,37,33,12,45,1,3,38,22,48,12,56,22,25,57,15,43,33,25,17,35,17,17,56
0,24,50,8,34,42,4,35,56,15,46,22,18,30,38,40,57,35,54,56,34,38,21,49,27,30,27,45,11,4,51,8,2,9,57,59,49,21,11,2,56,28,43,56,46,37,33,4,10,20,45,56,19,54,47,6,27,31,26,2
21,20,28,39,50,59,33,45,45,53,1,20,22,53,11,57,17,44,0,41,53,0,42,22,57,20,46,3,25,1,52,27,58,34,15,50,14,6,6,54,42,12,38,54,54,46,32,18,30,17,59,21,20,4,53,52,46,59,33,44
52,54,13,2,47,21,48,49,5,55,20,20,3,57,3,51,9,29,35,50,41,37,33,19,32,8,5,47,44,27,33,6,28,39,22,17,18,30,11,51,35,32,14,55,53,13,11,55,40,21,48,17,5,35,0,39,37,11,32,33
50,34,25,8,20,17,47,36,12,33,6,20,26,34,36,45,46,49,34,46,15,43,51,58,59,25,15,32,23,14,9,55,57,9,22,53,29,47,6,46,7,59,7,38,7,42,53,50,10,34,0,28,35,31,21,47,43,52,35,2
42,20,47,15,29,27,48,54,30,42,34,43,38,56,17,3,44,38,17,44,30,11,9,27,4,44,45,59,15,25,19,12,50,15,48,6,10,53,33,59,54,47,57,8,25,35,59,18,34,56,22,40,26,41,43,15,54,37,28,30
56,15,30,48,27,33,33,7,53,47,33,27,55,24,58,19,59,47,5,18,44,34,14,7,39,22,6,45,57,35,47,6,56,48,52,14,50,7,1,38,46,25,31,37,54,53,59,29,26,1,10,52,1,11,44,36,0,44,34,22
11,45,36,56,43,59,46,39,6,8,49,46,14,31,33,30,33,53,58,23,16,49,19,8,51,7,1,2,29,19,22,5,39,2,27,13,20,33,23,40,52,6,37,16,18,8,55,26,38,1,37,7,30,51,13,34,52,34,4,15
49,10,16,27,22,7,17,5,10,18,16,55,53,1,42,21,16,47,14,37,10,14,55,2,14,29,9,55,42,54,8,22,56,31,59,27,55,12,7,37,38,43,13,38,24,3,51,53,55,39,4,48,52,7,16,48,58,24,3,58
32,56,2,32,31,1,9,9,32,29,35,21,59,59,13,0,47,21,51,38,44,49,6,29,40,50,3,19,1,39,51,26,37,0,52,38,18,5,38,19,14,16,14,6,38,26,13,26,23,1,30,52,28,1,31,3,55,32,18,53
11,0,32,42,24,24,49,27,35,2,17,41,26,7,50,54,7,32,47,39,20,7,42,36,50,59,30,53,23,20,21,10,12,21,59,57,29,54,20,8,16,30,23,59,13,59,7,3,38,30,15,31,39,14,22,18,49,9,34,20
25,45,32,17,35,31,14,32,14,7,17,29,5,12,3,39,46,53,1,39,28,7,17,16,49,33,35,6,24,11,12,2,51,19,16,50,23,38,1,0,15,18,55,31,56,18,21,18,27,45,28,5,29,54,32,32,26,46,28,59
14,49,12,29,26,15,26,51,59,25,14,47,3,32,24,30,11,50,16,34,22,58,15,31,12,9,59,31,21,8,10,38,26,52,33,53,24,11,7,19,17,24,7,7,44,5,44,23,16,41,6,38,52,33,2,44,30,37,35,18
27,37,40,1,28,30,44,37,52,34,44,59,1,18,52,53,21,20,6,56,32,28,37,8,58,25,11,5,8,41,24,11,50,42,29,14,25,5,39,33,12,15,25,47,25,23,18,27,33,21,6,4,0,44,4,17,41,48,31,22
16,52,56,59,38,37,11,30,9,32,33,41,47,0,53,43,56,54,37,45,32,41,7,24,21,38,20,17,49,8,34,59,10,48,27,15,58,9,13,8,3,18,40,11,57,0,14,6,32,53,55,22,9,29,36,52,10,6,45,11
17,28,33,24,33,25,36,19,13,53,46,32,23,18,30,58,44,10,8,59,52,15,39,24,2,33,14,48,31,38,18,21,24,25,33,50,13,3,22,25,53,1,30,32,1,11,15,10,44,6,34,19,24,10,34,30,51,42,35,27
4,24,3,2,52,41,22,30,7,12,33,24,5,35,41,0,34,38,25,27,7,16,28,14,23,41,38,10,46,2,26,22,7,10,0,19,18,53,26,21,40,50,41,45,58,57,39,52,3,47,37,43,16,8,47,15,54,11,52,7
58,21,56,22,28,39,31,56,15,50,37,39,7,4,21,20,53,42,28,54,34,2,14,33,52,59,47,23,42,51,58,10,24,23,25,17,16,28,16,8,40,46,29,4,57,19,8,22,5,4,49,56,7,4,59,50,40,59,55,30
21,29,9,1,16,2,12,35,59,4,11,58,17,55,53,5,49,1,5,54,44,12,5,29,43,18,54,42,1,47,6,7,33,29,25,30,59,23,23,8,41,21,0,46,11,17,6,29,34,42,56,58,30,31,22,24,53,52,46,46
11,9,24,17,53,20,44,44,54,47,45,49,52,34,54,13,40,46,36,48,25,52,27,49,53,11,36,31,21,49,26,19,4,20,53,56,2,33,45,34,57,13,33,20,53,13,25,54,59,9,1,14,27,19,9,30,30,46,18,36
12,24,29,37,58,35,43,38,16,22,39,8,52,48,42,15,35,9,12,38,39,1,16,50,8,44,38,8,19,9,39,24,54,59,11,19,15,55,51,13,34,8,19,31,49,32,3,11,39,43,0,11,0,20,58,53,25,13,35,46
3,17,53,2,42,58,33,33,19,7,18,2,51,16,9,15,5,17,7,7,5,10,2,13,52,15,59,38,21,21,39,34,25,46,37,50,24,40,13,6,23,34,57,50,26,41,53,5,28,14,15,49,12,42,24,58,10,10,23,36
4,44,35,23,48,49,45,31,32,51,38,51,58,12,27,8,0,46,11,18,56,8,3,34,17,58,54,0,48,32,52,6,40,8,5,57,9,58,29,20,22,6,46,31,50,11,27,31,20,35,44,15,31,57,2,53,29,10,49,37
5,3,26,39,23,55,40,59,24,33,0,45,12,46,23,34,46,26,3,28,23,28,18,32,38,56,3,11,37,21,54,19,9,22,1,20,17,8,52,28,44,29,49,37,19,2,21,56,50,7,36,41,46,19,26,32,33,33,45,36
57,25,48,18,11,48,25,46,59,19,35,32,15,42,12,57,0,52,41,34,9,46,32,49,59,39,41,26,23,13,42,16,2,40,0,14,53,58,21,37,8,11,47,23,47,1,56,7,7,26,30,56,56,39,1,45,2,12,24,45
25,2,29,30,56,46,9,10,23,4,57,51,13,2,11,39,6,28,18,26,58,1,30,21,59,26,44,4,10,28,25,59,50,29,51,47,49,59,23,12,25,2,18,9,58,11,41,32,6,16,10,54,42,47,5,44,37,22,23,25
30,0,49,7,10,2,53,15,27,0,23,51,0,57,17,23,0,21,25,46,52,0,40,37,51,18,36,18,50,7,51,33,25,21,46,27,5,43,36,45,42,21,48,25,43,55,32,12,14,44,14,34,47,20,23,4,21,3,49,59
56,8,16,20,1,52,17,56,55,49,49,14,51,44,39,25,7,13,9,15,56,57,50,31,23,26,43,32,45,22,3,55,28,0,42,25,8,23,57,49,9,29,2,16,38,33,33,52,50,37,30,50,57,20,44,21,44,41,13,3
38,54,15,7,57,41,19,58,59,35,29,51,34,26,46,9,23,30,24,11,57,26,58,26,44,35,21,57,16,57,45,15,48,6,20,30,31,2,34,37,0,53,12,9,53,33,31,27,41,19,16,37,36,5,36,28,24,27,21,23
59,10,3,15,28,54,3,4,28,24,27,40,26,55,25,50,44,10,28,13,53,34,37,5,42,37,37,33,20,25,6,53,44,16,47,35,19,16,53,20,51,18,49,19,46,36,39,46,5,57,10,19,7,43,50,35,35,16,40,38
46,59,35,15,10,41,56,48,37,22,38,58,9,8,19,19,21,9,20,17,12,27,58,25,44,11,21,49,13,4,17,39,26,26,0,30,59,36,29,34,44,58,6,0,1,59,11,29,27,27,58,39,25,28,23,5,1,7,23,6
10,45,31,33,41,58,44,19,6,40,23,48,0,58,19,4,29,7,7,16,35,38,33,20,16,2,19,4,44,37,8,2,14,23,17,1,23,54,52,57,16,0,55,0,21,9,6,14,10,58,41,23,18,26,37,43,38,8,40,37
45,57,53,50,24,28,9,21,7,8,59,42,18,1,32,48,55,3,33,30,31,1,55,54,37,14,32,44,29,22,36,49,48,16,33,59,55,9,52,6,2,22,57,57,1,41,20,2,37,55,44,2,30,6,28,30,44,0,37,14
31,2,50,10,44,54,43,15,4,7,2,28,6,19,0,5,51,58,42,54,49,40,48,10,40,36,16,20,1,17,22,36,13,6,17,13,47,52,53,41,3,38,55,59,11,14,37,17,30,7,16,55,14,14,40,37,36,8,6,27
52,53,40,10,11,10,57,44,49,42,56,30,15,19,58,40,59,32,21,7,19,53,23,15,32,30,23,6,14,13,53,4,19,30,8,5,20,21,25,5,37,42,56,15,8,23,24,45,30,41,20,3,20,8,50,36,49,8,49,47
25,3,57,41,14,34,56,43,37,44,13,7,55,25,25,34,49,33,53,23,29,30,59,21,35,16,47,6,43,9,8,43,33,48,19,44,57,58,10,2,13,55,5,38,49,8,37,20,35,16,5,59,10,44,32,56,42,7,8,38
42,18,38,25,30,24,6,46,22,57,38,4,57,38,2,14,11,59,1,39,39,34,25,19,37,43,28,8,27,23,59,50,12,34,0,46,4,32,3,51,3,11,59,26,53,46,19,5,24,40,32,31,45,10,10,51,26,56,31,42
6,50,40,6,55,21,44,53,56,49,13,29,14,27,11,15,50,10,1,18,39,11,8,12,6,2,19,2,45,28,33,51,39,7,48,20,59,21,48,3,39,48,8,48,28,38,13,13,46,53,27,0,6,44,28,9,27,24,18,33
8,52,47,50,49,24,38,6,30,51,7,51,53,39,17,26,37,4,19,45,42,11,43,25,22,32,38,6,52,17,59,37,12,5,19,40,17,8,25,30,52,40,48,5,27,15,11,43,26,28,45,44,25,41,44,47,59,50,28,3
36,31,15,42,39,14,28,39,1,30,25,54,17,23,54,33,6,50,41,16,35,1,33,44,51,8,50,36,46,37,8,17,12,7,39,36,2,13,2,49,45,6,36,39,10,31,46,4,45,57,41,59,59,15,43,3,35,3,32,24
26,35,5,24,43,44,13,19,40,28,21,29,17,41,3,28,8,33,3,11,51,34,45,58,23,47,34,20,48,9,30,58,6,11,27,7,14,26,42,59,1,2,49,48,30,32,26,43,9,59,44,30,34,39,23,51,43,2,47,54
51,38,22,32,13,46,36,27,24,1,48,39,48,4,8,26,19,30,28,26,14,10,48,13,42,53,30,59,1,0,24,4,4,50,3,6,13,15,44,59,24,22,32,7,45,57,7,26,44,59,56,36,47,36,29,14,7,47,21,31
57,6,6,23,58,26,26,1,34,55,4,10,7,15,59,15,16,57,22,2,2,10,59,37,24,24,3,16,25,13,8,19,36,14,32,23,24,24,35,11,48,27,46,45,15,54,45,27,2,48,24,1,9,4,37,18,30,32,15,32
0,40,52,47,19,54,12,2,40,40,11,29,41,9,28,29,56,46,55,17,23,0,11,30,27,58,26,43,59,32,25,38,9,34,45,43,9,27,49,41,55,31,19,52,36,21,40,52,29,56,22,2,21,55,13,56,19,40,21,9
55,48,35,26,33,39,34,33,35,4,15,33,17,18,11,6,18,54,24,59,18,43,22,59,27,10,6,25,43,36,26,56,58,22,30,24,6,40,6,19,27,56,30,36,45,33,24,16,46,35,47,56,10,27,27,49,23,36,17,54
55,55,24,42,6,7,45,52,54,50,43,47,10,8,52,43,23,52,37,35,12,20,18,56,17,19,9,22,0,8,58,14,38,32,35,13,4,31,59,40,57,24,9,12,8,23,30,18,57,42,20,40,12,34,22,57,48,10,49,37
47,54,8,20,27,10,21,36,29,1,26,21,51,19,18,32,28,15,47,57,25,24,8,6,57,12,31,38,59,20,37,48,52,24,7,24,6,45,5,46,53,22,58,15,21,15,24,30,46,4,24,52,19,39,19,35,18,9,37,41
8,12,8,25,37,42,35,45,21,23,32,24,1,48,32,23,33,21,9,24,44,16,51,47,2,57,24,26,29,16,10,56,58,44,28,30,17,50,37,40,36,9,26,49,26,58,39,18,29,52,29,1,53,50,33,28,32,39,3,36
31,44,30,20,27,24,4,25,51,1,2,40,27,39,31,52,23,32,2,40,42,31,7,55,10,52,9,48,46,54,50,51,9,36,42,38,10,25,53,27,13,40,31,40,51,3,56,50,47,1,22,35,34,25,6,37,59,8,54,55
53,27,9,15,46,48,31,39,29,55,44,35,35,47,28,59,29,43,47,3,31,38,31,52,14,32,46,15,16,56,25,25,58,45,25,43,49,40,1,48,57,8,45,33,5,6,25,3,38,13,30,9,32,26,34,50,24,17,36,46
14,30,27,29,7,59,15,32,17,22,27,55,17,5,21,47,24,13,39,26,27,22,1,55,45,51,28,20,2,30,31,12,47,14,53,56,56,46,25,23,18,50,6,13,7,8,7,6,12,34,30,12,57,49,27,43,59,56,24,47
26,45,59,12,2,7,59,11,23,8,53,32,42,44,22,16,8,57,0,15,1,49,27,31,22,29,38,50,20,7,11,24,33,24,54,24,18,49,10,33,55,53,51,17,40,26,8,47,41,32,17,40,29,55,23,29,6,49,46,38
12,18,28,37,46,11,11,11,14,56,11,22,18,50,12,6,12,29,56,11,45,16,48,43,4,45,27,45,41,13,5,48,59,25,6,23,3,33,10,8,24,48,8,21,43,40,21,28,26,25,51,22,11,20,59,17,9,51,26,1
14,14,24,34,23,47,9,28,48,35,36,54,17,7,39,19,9,40,38,29,38,49,35,9,30,7,41,51,43,15,3,31,2,42,59,39,51,27,38,26,50,54,31,49,36,16,4,17,0,23,38,51,46,57,59,12,28,42,50,41
55,30,25,23,0,35,5,20,39,29,51,39,11,35,54,43,36,36,31,14,10,40,41,57,17,56,55,22,58,43,58,20,27,37,30,46,39,40,42,6,9,38,36,54,2,52,37,23,31,43,29,4,46,9,35,14,13,19,6,39
55,11,28,20,11,35,43,4,4,10,10,56,2,30,2,0,20,4,58,48,27,31,17,6,3,46,15,47,11,26,8,13,44,7,20,51,12,57,24,0,30,4,55,48,28,56,56,20,22,5,20,27,29,56,53,12,27,33,18,24
55,28,28,1,2,49,14,54,36,41,34,39,15,56,56,28,48,2,31,33,52,41,58,6,19,38,38,56,15,15,30,38,11,4,33,20,37,23,34,57,15,59,10,49,36,50,56,35,11,42,40,9,12,14,54,10,50,57,59,57
3,2,25,2,20,6,54,37,11,42,0,35,53,52,18,49,20,45,24,48,52,9,29,40,47,48,16,35,50,21,33,2,44,35,22,12,11,48,5,9,0,26,5,48,10,51,50,51,46,42,26,46,2,52,58,12,6,33,54,30
38,43,51,3,49,37,43,39,36,38,38,39,25,55,8,37,56,58,17,33,15,7,34,51,17,51,34,8,13,41,18,3,22,10,29,6,55,14,18,48,24,27,57,27,9,10,20,39,44,3,24,50,58,6,3,15,58,58,1,18
17,51,49,46,6,21,8,30,50,38,16,41,44,0,43,33,26,48,22,54,34,42,14,2,13,10,43,12,10,24,45,37,31,24,46,1,23,15,2,14,10,37,6,27,3,22,36,50,51,3,29,0,17,2,41,31,2,7,20,17
21,59,4,10,24,39,19,19,46,30,54,9,16,23,57,49,37,7,44,42,5,42,55,16,31,37,23,44,43,47,49,10,55,22,48,33,25,45,55,19,23,7,49,12,24,36,45,18,31,24,42,22,28,28,58,38,57,10,54,0
39,57,32,19,24,1,43,6,30,33,23,26,29,25,7,23,39,38,28,14,47,19,54,25,25,48,23,23,29,47,48,23,57,44,31,48,17,47,17,36,7,9,4,18,50,35,40,34,30,50,19,49,4,11,3,36,4,18,22,50
0,54,54,1,12,23,42,5,33,27,43,49,43,13,25,52,35,43,48,47,27,49,45,17,28,57,36,8,18,9,26,20,44,32,32,47,1,11,13,54,9,7,41,14,40,30,30,56,7,1,13,31,22,6,57,40,22,35,12,5
36,4,13,8,31,2,10,42,18,53,14,36,54,48,17,23,54,27,26,41,53,37,51,4,4,15,1,11,32,18,26,5,56,13,26,58,8,39,38,58,23,4,17,8,25,43,21,4,1,19,29,21,34,4,20,40,21,19,37,43
50,44,44,4,11,7,2,15,48,52,58,56,41,22,32,42,4,45,37,5,45,54,9,32,48,39,38,48,34,25,35,20,46,13,44,14,23,57,1,15,53,23,48,15,28,47,1,56,41,59,58,54,33,10,59,26,42,8,8,48
24,55,31,56,21,31,14,30,36,30,30,12,35,39,49,28,16,49,2,29,17,32,9,49,5,2,27,37,58,33,0,16,45,0,16,25,29,13,25,5,50,47,53,22,46,36,22,19,2,0,39,16,31,31,10,29,40,57,47,1
25,15,9,56,55,26,34,52,45,18,38,9,40,58,55,0,0,5,37,8,44,0,22,23,56,48,33,24,37,27,38,12,13,33,31,34,49,0,11,54,14,40,26,3,15,58,22,50,4,36,6,36,56,51,40,31,41,9,35,3
10,49,36,50,11,1,10,18,12,49,5,52,14,4,43,50,46,59,59,19,7,44,22,59,22,55,58,36,21,55,27,17,34,53,19,28,11,0,28,20,28,40,6,20,50,34,43,27,30,30,27,3,43,14,11,10,25,54,49,2
33,7,55,16,15,26,16,55,1,15,28,28,39,24,20,41,40,23,52,14,31,40,54,57,49,33,0,41,12,13,53,24,44,25,5,21,29,31,6,28,12,3,39,48,59,54,3,1,30,33,51,20,5,20,46,55,43,9,2,36
18,0,9,38,18,1,28,8,27,2,30,21,23,5,5,12,8,50,37,19,42,3,28,2,7,54,41,48,30,47,19,41,10,13,15,34,37,16,48,21,8,25,16,14,31,53,33,29,27,17,50,3,11,47,31,4,15,58,46,12
23,43,46,48,26,31,50,7,55,43,48,4,19,41,44,25,10,9,44,13,58,18,41,14,0,16,13,21,9,58,33,26,45,18,55,51,49,45,38,41,26,21,5,35,29,37,46,46,6,5,44,8,15,59,34,18,5,30,41,22
47,31,16,37,52,30,35,11,5,13,34,48,40,48,38,6,51,57,55,50,38,41,58,27,19,32,21,21,46,52,29,7,24,15,33,29,46,1,38,36,30,17,0,50,8,58,32,55,39,3,47,46,32,38,0,33,22,11,46,55
40,56,46,57,44,13,6,36,16,49,38,3,18,42,1,44,39,26,12,1,13,40,57,59,36,51,46,48,17,27,15,14,38,12,2,27,46,30,56,24,30,52,8,38,53,4,51,52,16,30,6,23,27,19,31,21,44,36,36,28
22,54,25,21,22,49,59,29,18,37,19,1,32,24,22,2,36,38,53,46,43,39,23,47,10,8,20,56,32,23,55,35,48,28,7,28,5,36,3,18,48,52,40,13,9,6,33,42,4,36,32,48,39,12,48,33,34,59,32,41
3,6,29,31,0,4,17,20,16,0,59,55,18,59,20,21,37,51,59,2,2,57,48,2,15,28,30,57,22,38,46,19,27,29,31,21,41,30,34,45,45,7,5,17,48,9,53,19,56,28,42,43,40,17,54,16,54,58,46,33
47,15,15,3,23,16,3,0,8,5,27,29,45,9,29,24,8,42,11,8,39,1,48,36,33,55,6,11,40,20,1,39,41,14,6,34,0,50,55,27,25,17,25,4,37,46,44,57,41,18,18,32,46,1,45,47,17,40,14,55
29,19,5,16,42,23,42,17,46,45,8,3,42,58,3,15,50,59,17,53,9,25,50,45,43,42,38,14,30,15,45,54,32,57,44,31,4,40,26,15,11,46,18,4,8,26,0,2,50,1,31,0,46,12,0,4,25,57,4,17
36,0,58,14,53,52,9,20,46,47,47,21,53,9,38,20,18,34,42,39,45,42,11,41,28,58,58,1,2,53,20,55,39,1,27,1,19,46,35,43,29,6,20,3,17,24,45,18,6,15,23,12,11,29,43,54,51,47,53,19
29,41,52,56,44,5,0,52,43,42,8,41,23,16,11,6,15,12,39,55,13,1,17,42,30,57,29,25,18,32,36,19,3,46,55,9,58,42,40,10,55,41,37,42,30,22,52,47,30,33,26,57,48,10,43,33,13,49,45,13
21,9,41,28,10,20,7,25,48,14,20,35,28,33,24,48,49,59,36,22,27,0,27,8,4,36,48,29,9,37,30,45,40,37,33,44,24,43,52,32,9,19,43,7,23,11,49,56,7,35,45,34,28,13,57,8,32,24,51,6
46,31,18,16,32,34,56,52,9,30,14,27,51,18,21,26,31,2,12,25,49,6,20,19,19,11,47,10,57,42,22,59,5,24,57,59,53,12,52,9,49,15,32,21,56,13,13,11,16,49,51,28,59,49,17,59,58,23,59,12
35,44,3,35,12,16,46,50,43,25,51,46,42,32,36,36,27,20,48,38,20,18,55,55,9,55,8,34,36,35,53,17,45,2,3,36,34,35,51,37,0,52,42,30,8,37,24,24,20,52,22,2,30,4,1,12,31,7,49,58
53,14,26,1,40,0,2,51,20,18,48,18,48,44,58,43,14,29,58,27,20,42,58,35,20,1,9,50,36,0,28,47,37,0,10,2,57,49,29,6,9,45,35,43,5,45,10,2,0,3,24,56,8,34,48,46,21,38,7,42
44,55,27,28,9,33,51,35,36,40,12,40,0,29,41,33,39,57,28,34,21,12,7,55,53,4,19,16,7,12,41,9,13,36,55,57,52,33,37,57,18,45,27,43,20,47,52,42,27,5,25,35,45,20,19,37,54,38,30,10
59,46,42,9,51,5,44,3,53,0,36,28,56,47,33,26,3,37,2,25,18,16,1,56,40,26,7,27,42,4,2,24,20,44,32,52,6,52,11,22,30,45,45,0,12,3,28,34,2,45,2,14,1,57,32,8,56,15,3,38
39,11,57,20,38,3,32,18,39,58,28,59,52,58,49,51,31,20,27,9,10,14,16,45,45,49,33,16,17,41,55,56,12,13,24,26,11,26,21,42,34,8,35,32,22,33,24,57,52,32,25,22,44,13,19,37,57,54,14,38
13,11,21,44,45,56,22,48,37,36,31,25,49,21,48,11,52,4,43,45,15,38,23,59,53,33,48,0,41,14,24,57,18,18,28,39,17,55,24,36,1,18,49,50,23,6,26,30,36,10,28,7,38,38,39,25,42,27,34,50
23,20,41,16,36,24,37,12,1,52,57,4,0,50,52,43,33,53,0,57,55,15,48,1,25,14,55,42,7,12,45,2,6,19,47,2,4,16,26,31,26,34,59,36,56,31,44,49,10,44,17,43,11,17,24,26,4,37,16,58
43,7,54,13,19,3,55,20,48,35,59,6,32,36,21,34,12,8,19,7,48,10,58,16,56,7,21,54,14,40,48,25,37,11,27,48,30,27,49,58,3,11,3,47,49,1,55,32,42,34,58,31,50,2,10,0,51,43,37,58
58,28,59,24,9,46,55,58,42,32,8,22,12,23,17,47,9,13,25,47,56,41,36,12,51,31,38,50,31,4,47,39,18,8,47,36,5,2,41,2,8,57,5,2,26,24,41,37,20,44,35,7,14,47,13,17,11,27,15,30
11,49,38,36,26,20,21,51,10,3,1,5,10,39,29,43,38,28,33,6,15,15,21,26,58,41,55,58,59,27,56,12,58,18,47,2,49,30,23,8,59,32,33,42,47,47,7,49,32,45,59,5,1,22,19,9,28,48,17,13
59,18,24,24,58,37,0,59,32,39,8,8,52,34,38,6,16,37,29,18,45,51,31,2,53,24,56,5,34,9,30,26,59,12,8,24,40,32,49,47,14,47,33,2,32,10,12,53,48,14,56,19,26,54,49,54,10,5,18,12
50,16,20,58,38,15,31,12,0,44,30,54,51,27,46,41,47,33,46,7,50,50,7,38,43,14,24,52,11,45,58,34,3,0,21,56,58,22,19,41,3,58,45,49,3,8,59,1,59,6,6,25,58,29,5,12,10,32,7,57
4,23,37,9,16,58,36,55,9,4,41,54,6,54,44,26,36,1,5,47,13,21,25,55,46,53,49,58,23,35,41,45,29,36,27,18,2,54,15,34,4,52,38,27,44,25,45,14,9,11,53,33,57,2,6,2,8,3,41,13
43,28,58,48,51,26,55,43,27,27,39,37,23,35,55,58,0,19,45,39,9,2,36,53,57,52,45,24,57,27,22,20,32,30,8,7,11,53,45,7,58,33,24,27,52,29,23,9,31,20,42,12,28,42,8,25,58,55,19,23
37,8,13,0,30,43,25,51,25,54,52,7,14,37,37,14,46,14,37,37,1,20,22,13,56,25,29,47,33,2,20,42,23,26,13,41,32,52,39,46,26,44,33,8,18,29,44,7,26,12,46,21,33,30,36,36,28,6,9,57
11,19,28,1,44,55,18,5,36,15,46,47,25,57,0,53,50,16,33,33,37,30,45,31,47,12,22,38,53,58,34,59,8,25,12,41,23,56,8,39,28,31,35,59,10,29,4,59,22,31,1,38,34,51,41,37,18,33,2,26
13,20,53,56,0,58,9,50,30,6,33,6,2,5,10,45,29,14,38,0,53,23,11,21,8,27,4,14,8,59,6,21,18,26,15,21,55,35,44,25,12,42,20,17,21,27,46,38,13,51,39,51,9,21,40,27,5,42,2,5
25,6,50,34,58,1,42,4,1,20,46,55,0,41,57,21,18,53,29,33,55,21,46,30,11,23,20,16,2,14,56,22,26,25,18,16,19,9,35,27,34,3,41,10,9,31,12,39,5,31,58,24,25,29,7,54,11,12,5,48
58,18,34,53,13,47,19,16,25,50,30,55,31,7,13,52,30,4,6,17,10,34,6,47,17,18,58,34,30,19,49,31,18,13,0,46,40,55,23,5,40,9,11,28,5,23,49,2,0,45,15,50,7,18,36,16,42,43,11,51
57,18,8,15,1,18,50,5,20,35,32,50,31,54,28,33,14,23,41,30,19,26,52,1,25,53,20,9,32,40,59,14,24,23,20,40,43,34,54,34,55,10,45,15,18,1,1,15,59,49,6,22,26,35,49,42,3,59,47,3
11,39,7,36,25,53,54,25,40,56,57,20,39,55,37,31,28,57,52,0,4,52,15,56,55,14,34,21,39,21,40,57,46,17,17,15,13,53,41,19,1,18,35,19,12,41,59,0,28,7,44,29,20,51,27,49,6,5,38,33
51,47,44,24,14,32,2,42,9,33,24,47,20,23,57,3,55,2,34,57,16,30,36,3,22,34,22,0,19,52,22,21,57,4,28,22,16,13,9,16,40,42,53,49,12,52,23,30,56,48,26,10,18,53,28,45,48,49,57,13
9,39,36,22,59,9,28,7,9,45,33,15,56,26,3,7,42,18,58,32,12,6,56,49,44,56,44,16,27,56,12,49,11,41,40,39,21,6,42,8,10,0,9,58,7,20,20,16,40,32,56,53,54,10,48,33,31,55,50,49
47,57,53,34,40,17,47,53,4,21,4,44,23,7,19,6,7,37,47,56,33,11,56,45,24,18,3,14,57,38,29,9,1,47,37,32,0,51,16,29,13,14,55,30,8,34,57,33,45,58,26,43,9,43,16,54,5,48,3,41
9,47,43,41,56,57,4,4,27,25,24,55,27,4,3,10,2,54,46,48,19,40,34,4,38,32,5,24,7,39,38,42,19,54,16,50,37,58,10,6,43,0,16,4,6,20,7,58,26,36,19,2,20,21,39,25,30,46,54,26
27,49,59,54,50,16,57,13,16,28,4,23,29,44,4,10,9,30,7,29,50,29,5,20,40,7,7,40,48,5,30,12,51,32,54,37,55,49,51,11,52,18,16,20,59,18,48,36,54,3,2,21,59,21,34,22,55,2,59,6
31,16,16,19,23,20,4,51,7,15,33,47,35,20,58,44,32,51,14,28,44,52,0,48,5,8,21,15,10,56,29,14,16,35,28,14,27,59,57,37,9,58,58,24,22,54,21,8,48,49,21,6,32,39,39,29,4,54,45,23
57,36,26,17,12,34,59,48,6,41,39,25,40,47,27,57,38,5,24,19,22,25,17,0,46,19,29,44,8,5,55,35,7,20,31,36,16,4,5,49,30,50,21,48,4,20,34,17,2,44,19,26,32,33,27,39,41,52,18,47
52,13,41,12,47,38,17,12,30,40,9,10,40,40,36,39,28,33,53,34,30,45,35,30,40,32,28,13,5,4,42,55,44,45,18,14,7,43,54,2,27,27,22,0,57,50,4,58,5,53,7,31,5,23,44,52,34,36,28,38
19,18,23,19,48,15,26,19,31,3,3,9,6,1,46,2,28,28,40,37,51,12,21,52,0,47,26,17,7,26,32,3,10,45,25,20,47,40,40,48,15,14,41,9,49,49,36,40,20,26,19,6,39,39,17,45,34,27,48,55
13,9,42,56,3,25,2,12,48,25,11,39,56,6,20,21,47,33,0,29,51,28,9,9,10,15,10,2,40,49,59,3,56,53,8,29,54,53,45,33,23,30,0,43,5,17,24,33,29,22,50,7,39,30,57,43,2,42,48,6
18,27,57,16,8,5,36,23,44,47,30,44,37,23,43,39,23,57,19,9,34,30,52,53,17,57,6,7,8,26,43,50,17,45,26,14,43,59,10,45,22,30,50,26,32,30,52,20,29,33,53,2,16,37,6,16,34,31,45,15
53,40,59,51,43,50,53,32,46,8,21,58,15,51,34,56,26,23,32,31,23,56,54,42,26,18,4,37,8,53,34,27,4,7,53,37,11,58,38,4,29,24,30,3,19,27,15,2,24,31,55,19,32,6,2,0,8,10,45,48
45,52,49,11,36,25,41,45,43,36,14,15,51,52,37,50,9,42,7,10,21,57,11,58,42,24,23,37,38,0,48,16,6,41,31,2,45,27,45,1,50,3,12,26,26,52,22,35,35,25,41,24,23,27,13,19,59,38,38,8
30,47,58,50,52,40,42,34,1,9,36,50,28,14,47,56,15,59,7,22,54,8,51,41,55,5,4,47,51,11,58,4,16,48,31,56,22,1,53,14,38,11,4,57,52,24,43,16,19,20,54,18,4,40,14,39,27,5,4,53
59,3,45,44,20,20,57,10,14,39,46,16,42,24,29,38,57,36,20,12,28,14,22,49,0,59,52,13,40,43,36,45,40,35,6,4,59,55,56,36,33,17,13,36,48,7,16,4,48,52,23,33,57,56,9,43,55,1,56,7
49,18,28,3,25,46,0,8,20,48,57,40,19,31,32,11,34,56,43,29,56,12,8,39,13,21,2,8,44,18,41,25,38,3,51,27,45,59,31,37,4,20,57,24,34,59,28,2,50,51,54,54,14,36,3,3,49,41,46,49
32,51,45,28,33,46,49,14,3,5,51,13,9,18,14,32,15,21,11,20,14,43,12,46,39,33,29,55,24,7,7,29,52,17,0,45,29,22,6,8,34,27,32,18,44,27,31,41,14,29,50,8,15,34,50,11,27,41,42,31
46,41,35,0,35,18,49,57,49,15,26,55,21,3,49,10,44,52,15,46,36,10,3,19,37,36,6,20,29,27,25,38,30,21,43,0,5,1,5,42,45,7,43,16,21,24,39,50,40,6,1,51,21,14,23,17,16,50,1,12
49,51,49,41,29,33,28,37,5,36,50,46,28,8,32,0,37,38,27,11,52,45,56,0,29,36,43,28,32,3,34,40,44,3,16,10,6,29,14,26,11,57,33,5,50,18,49,43,2,47,2,40,23,54,18,44,23,8,27,7
3,34,55,44,44,3,36,36,26,35,53,48,15,25,25,49,3,29,13,54,43,18,40,32,11,14,28,23,45,28,47,24,38,30,31,23,35,12,48,34,53,23,2,20,18,2,40,28,44,0,38,24,2,57,57,50,38,33,44,44
34,36,10,1,25,23,44,0,13,30,10,34,12,52,11,42,1,25,29,18,37,0,59,11,1,52,45,20,20,47,0,52,7,52,12,20,1,15,56,57,1,34,50,47,4,15,2,25,59,59,57,18,49,1,6,6,11,2,3,23
31,33,54,43,28,35,23,0,0,50,27,38,27,59,24,1,37,55,2,56,3,13,6,3,20,11,39,3,24,28,24,12,57,41,52,31,5,31,56,33,6,39,26,49,30,45,49,58,46,24,53,58,41,24,13,29,42,47,22,37
49,54,38,11,15,15,11,17,49,9,29,41,22,50,19,53,17,7,43,30,10,49,51,27,3,54,41,14,11,24,29,18,44,57,51,56,0,48,51,46,22,34,14,36,41,53,26,12,1,6,47,8,6,24,15,1,19,3,40,49
55,33,53,22,19,26,51,4,39,56,58,13,41,56,58,37,5,13,36,8,23,53,53,49,57,30,58,29,56,52,4,40,56,42,50,33,5,36,43,47,41,48,12,0,35,5,28,2,43,18,53,23,21,40,13,47,4,14,20,48
49,4,12,34,57,15,9,35,27,8,32,41,18,10,45,59,7,53,17,42,26,59,18,0,9,24,36,18,58,7,38,33,51,1,4,12,12,25,25,37,18,44,52,43,39,7,27,57,38,56,12,26,54,23,33,24,30,47,35,45
29,6,46,42,16,46,23,41,14,42,41,36,30,0,26,28,36,42,26,52,37,38,40,16,53,30,2,30,23,29,20,58,6,50,54,6,56,55,41,21,58,49,33,38,42,53,20,24,8,57,41,13,23,58,52,26,55,49,47,2
42,12,47,45,31,45,51,15,54,45,55,50,11,0,7,54,29,10,0,48,39,56,50,57,20,16,23,19,12,33,44,56,28,18,54,56,39,7,3,4,45,7,16,45,15,56,42,44,54,26,29,0,16,29,8,42,20,55,9,13
17,25,23,38,57,25,12,32,30,5,5,32,12,21,18,14,0,2,37,45,22,58,48,47,45,47,25,55,51,27,1,41,0,19,59,26,54,56,30,27,3,24,34,2,16,23,1,57,50,30,22,9,17,20,50,57,3,59,12,49
30,35,1,3,56,13,43,25,39,13,1,0,9,34,36,21,40,28,44,19,47,31,0,26,55,16,57,34,40,27,40,2,56,59,43,25,46,59,47,12,57,5,30,28,46,57,38,1,31,48,26,58,22,7,36,32,31,18,33,36
18,7,13,26,46,32,27,22,43,57,31,6,18,31,30,11,14,48,7,31,52,57,44,50,1,25,49,44,26,10,15,55,52,33,8,50,35,46,31,55,16,39,35,18,23,26,20,14,22,35,54,42,59,58,33,17,5,20,10,6
19,52,29,19,44,58,58,11,59,25,46,37,33,23,23,15,14,41,14,47,3,50,3,34,32,26,2,9,39,23,20,7,22,10,1,10,33,23,36,26,21,20,3,3,28,43,35,25,6,49,27,48,37,16,3,1,36,51,43,35
26,28,40,22,18,43,27,23,7,45,11,51,43,3,1,21,8,37,18,35,27,34,6,48,53,40,49,19,55,2,0,8,59,17,1,12,2,13,4,50,3,12,40,29,48,51,27,56,51,22,6,24,4,28,35,4,46,45,58,38
35,44,42,22,11,26,52,29,30,43,29,22,27,29,54,15,58,56,59,29,18,41,12,1,3,43,12,22,29,40,22,13,26,25,35,2,25,40,32,22,52,5,39,31,59,1,11,53,20,45,8,50,29,32,19,22,29,12,43,15
22,47,17,27,52,0,58,53,20,47,47,46,35,33,24,45,37,33,0,44,52,38,49,51,4,16,59,48,9,17,39,34,35,57,17,45,18,55,37,51,0,14,31,30,7,1,21,16,43,32,49,9,27,36,11,57,25,59,37,8
51,48,27,23,50,57,17,25,36,54,16,44,29,16,23,59,22,9,48,13,56,20,40,46,17,19,8,16,51,48,29,39,54,42,41,10,11,23,59,27,2,47,5,16,16,35,0,56,18,42,30,39,33,52,47,4,48,27,4,19
17,58,14,46,47,28,28,6,5,48,36,58,58,49,16,29,26,40,25,37,51,2,8,18,41,52,39,35,29,59,47,43,58,16,31,53,47,17,38,11,52,52,1,20,18,41,31,22,5,34,42,13,38,30,39,17,39,41,36,54
13,37,16,45,58,28,59,11,6,24,35,57,7,3,19,41,50,59,5,19,9,38,0,5,38,4,57,22,40,16,40,41,15,39,2,37,4,58,43,27,4,50,33,59,11,0,45,5,2,0,52,36,1,10,34,36,18,32,33,6
6,9,12,1,54,19,3,10,32,25,51,48,27,47,29,36,51,4,9,10,24,12,3,45,42,58,37,29,3,50,8,3,5,33,20,48,23,58,49,22,24,31,45,47,11,27,4,7,11,39,33,28,31,20,10,54,17,51,45,25
14,49,2,28,56,18,53,48,45,25,57,51,54,59,19,28,9,15,14,54,55,9,38,3,12,22,59,44,49,41,41,28,9,55,11,59,12,41,36,17,20,58,21,40,1,18,38,59,33,22,22,34,44,6,0,49,38,2,21,37
0,28,31,40,1,8,41,50,40,0,22,33,12,38,57,57,4,51,10,50,58,59,27,13,10,29,38,35,38,50,19,32,45,25,23,56,35,15,0,4,19,57,10,47,50,0,48,7,56,58,39,19,42,16,40,17,17,5,8,37
6,51,25,55,0,40,38,18,31,46,47,57,46,54,45,39,9,58,49,11,36,33,10,49,1,15,21,51,9,16,34,56,20,34,20,38,20,12,28,41,44,18,31,52,12,21,0,38,17,52,46,34,31,56,53,3,22,1,59,9
3,19,44,4,0,44,49,37,22,10,8,20,38,47,24,22,35,41,22,45,44,38,24,31,14,56,31,39,38,24,16,16,21,23,26,39,58,30,4,23,40,14,56,45,16,49,47,57,9,0,7,9,33,31,57,2,24,43,50,23
3,55,58,54,43,39,51,18,0,49,18,33,55,44,2,56,13,38,53,10,40,17,7,41,10,28,58,1,44,19,24,41,48,57,39,34,44,22,40,55,22,55,4,43,9,46,38,6,37,53,18,45,53,3,1,13,35,46,49,55
53,56,48,23,29,40,13,2,18,7,53,0,5,52,31,37,36,35,17,9,36,58,33,40,37,0,52,21,17,5,4,0,4,39,1,28,53,49,19,16,49,1,58,46,13,54,42,45,0,57,5,38,43,7,34,16,11,27,33,20
21,44,45,45,11,24,17,56,13,4,1,10,0,44,50,20,42,33,34,42,38,28,35,5,22,49,25,55,3,4,24,30,34,3,52,2,9,25,40,58,3,10,32,43,3,37,40,47,48,34,25,9,44,24,36,12,26,18,40,39
19,33,34,11,46,29,26,39,36,38,25,13,8,51,11,45,28,2,32,20,1,42,13,20,24,25,29,36,17,50,44,52,39,42,6,53,50,18,24,10,54,57,58,55,21,9,42,4,56,45,44,24,40,26,47,32,31,47,6,56
51,56,3,51,55,13,30,16,0,2,54,39,59,12,2,41,39,49,25,51,45,26,23,59,50,29,25,33,41,48,42,46,18,25,38,55,46,49,27,58,38,4,7,15,9,40,29,1,3,38,3,17,19,0,9,39,30,43,16,51
10,10,5,16,17,46,56,17,39,20,5,44,52,46,5,42,27,19,53,14,50,30,15,47,44,12,17,45,11,34,19,48,49,2,1,11,44,1,52,38,23,26,41,25,22,37,27,3,35,44,55,15,54,58,49,56,39,4,13,11
20,5,11,12,11,59,33,43,33,7,2,18,11,47,21,26,13,42,47,57,50,7,46,7,59,27,47,17,36,33,55,16,13,15,58,36,49,31,58,15,55,29,0,12,54,57,58,5,23,22,35,5,15,44,8,8,51,8,59,42
9,40,0,1,34,55,36,34,21,26,46,34,41,7,35,57,1,59,20,49,16,6,35,4,47,50,37,50,7,33,10,40,17,31,34,58,23,48,1,38,27,52,18,37,13,20,24,33,1,19,49,11,32,26,9,3,29,58,4,12
34,46,33,58,28,12,58,24,42,7,13,57,53,47,12,29,20,27,42,25,30,6,4,20,2,47,34,24,53,44,27,28,32,48,47,59,13,38,41,2,4,6,3,34,47,0,0,52,32,22,31,48,47,33,33,33,42,41,24,14
31,21,21,48,29,56,19,55,18,0,55,11,56,30,42,33,30,18,24,57,26,7,5,49,3,52,18,25,37,36,35,16,31,28,36,25,24,51,30,17,21,34,8,46,43,51,4,59,34,16,14,4,15,39,30,21,28,55,23,24
44,51,49,7,24,54,57,18,16,42,20,47,42,16,56,7,24,44,50,51,7,19,20,12,14,42,18,3,16,16,2,12,29,40,29,31,11,56,59,28,51,44,23,11,42,29,22,58,44,8,42,8,39,25,5,19,41,40,22,36
23,17,3,42,46,8,39,14,12,3,25,46,32,17,24,49,55,15,57,43,18,21,57,25,13,50,52,26,30,33,35,1,39,52,42,4,33,14,23,21,41,54,13,6,15,36,52,30,38,59,14,9,52,29,39,55,16,46,51,30
52,44,39,48,22,7,39,20,21,41,54,6,29,32,53,25,1,50,46,53,14,5,40,40,58,39,28,17,7,19,4,5,8,24,38,22,42,11,8,29,1,43,19,6,16,49,15,17,35,43,56,36,55,14,51,5,25,4,57,42
8,32,7,25,33,50,49,31,39,32,29,31,2,56,56,38,11,44,51,2,39,13,56,30,8,45,12,20,40,12,45,34,50,41,37,0,29,20,6,1,16,33,27,37,0,43,47,51,3,30,29,27,23,55,58,31,12,47,21,9
59,24,50,45,54,39,50,5,28,20,42,31,6,37,22,30,18,3,6,12,14,29,57,0,59,45,46,9,4,11,9,13,56,2,32,39,15,42,22,13,28,42,12,5,28,16,44,38,1,38,24,46,48,21,5,25,37,54,51,36
39,55,34,32,15,3,23,1,33,58,15,49,19,38,53,37,0,1,58,35,49,14,22,34,6,25,53,20,20,5,5,31,6,0,37,48,53,53,38,7,55,17,24,40,37,52,24,54,52,26,18,41,22,50,49,29,15,27,48,17
51,34,25,27,9,48,52,24,23,0,34,0,3,59,42,54,8,21,56,26,38,3,17,10,52,43,14,0,27,38,7,1,12,27,17,8,35,36,17,33,45,5,40,46,55,22,51,56,47,53,14,19,13,23,35,17,24,53,31,57
36,34,25,12,59,16,22,0,20,14,50,1,50,18,35,22,7,0,21,11,10,4,59,3,50,42,20,27,40,35,39,14,48,2,21,30,29,1,7,10,57,5,25,56,31,42,3,57,5,52,25,30,27,13,49,5,25,47,25,41
4,58,45,28,22,33,13,56,3,39,38,55,44,37,2,38,27,35,52,7,26,47,47,44,27,12,24,51,13,36,52,22,13,43,25,55,10,3,14,1,8,40,50,17,12,27,0,54,57,1,50,32,48,15,17,0,3,10,13,20
18,0,49,54,35,19,35,8,44,47,38,47,16,48,57,27,24,59,25,59,47,9,20,51,5,36,10,30,53,4,28,7,3,31,26,52,47,1,44,40,9,22,32,33,20,13,1,54,43,50,28,8,5,17,12,3,29,27,51,32
17,7,31,10,13,50,10,37,8,4,1,42,27,34,21,41,32,52,36,38,29,49,3,24,14,48,35,45,49,38,49,39,51,4,51,52,57,26,21,6,21,25,8,24,30,16,38,9,12,5,20,38,0,14,13,25,1,19,17,58
20,16,12,13,6,8,5,40,56,14,27,31,53,14,6,5,20,28,29,31,30,22,28,10,9,34,0,18,31,55,51,24,58,37,59,31,18,29,32,55,9,56,51,23,19,37,25,43,49,31,49,51,27,38,57,13,49,33,23,32
13,4,19,26,40,49,27,11,37,2,43,52,20,27,19,32,30,18,56,58,29,56,15,55,23,27,53,58,53,35,41,18,16,14,16,16,19,28,58,51,41,34,36,15,17,34,14,29,19,21,51,2,21,53,16,51,49,30,2,17
34,59,53,49,3,12,31,44,14,30,13,7,8,30,12,47,30,8,32,58,49,50,36,21,29,58,13,48,58,48,15,4,32,40,12,0,53,57,6,25,37,17,2,29,23,24,18,54,59,29,22,27,9,50,27,36,46,25,10,52
5,41,36,28,55,5,39,15,4,32,58,22,20,17,3,54,12,7,3,38,59,12,56,22,4,41,37,22,54,53,54,51,43,11,0,1,45,31,6,20,18,19,6,16,55,25,47,14,43,17,18,2,37,1,21,1,45,9,32,49
28,29,57,35,56,45,5,48,46,55,55,6,58,37,48,45,4,4,44,55,2,55,52,2,2,2,7,29,30,38,2,2,43,17,36,58,53,54,50,28,48,7,33,9,23,13,15,48,22,13,57,24,29,14,44,11,23,29,0,4
37,35,9,32,19,26,45,8,16,26,38,48,48,3,44,47,39,42,10,43,6,27,32,54,38,15,57,40,53,13,55,2,3,35,44,57,39,2,40,51,48,16,30,39,47,59,44,38,57,47,36,25,30,5,37,43,42,21,31,42
10,39,29,12,56,42,32,26,44,46,58,49,45,25,34,53,0,14,17,6,35,54,25,20,10,27,48,42,45,5,22,53,27,16,2,54,30,34,56,14,12,48,16,57,6,57,29,35,21,22,48,28,37,57,32,46,16,14,38,48
20,10,28,8,9,12,45,25,58,50,57,53,50,41,11,12,5,37,9,36,26,40,50,23,16,19,28,37,9,21,8,20,37,8,49,35,4,18,18,45,18,42,22,18,59,6,5,18,17,37,22,52,56,4,20,6,34,38,8,36
20,50,20,14,14,44,18,6,10,57,38,59,29,30,53,41,2,13,51,15,47,5,36,51,0,3,22,58,15,40,0,32,3,13,59,55,0,47,50,37,18,15,43,16,53,47,51,32,33,41,21,44,26,54,44,21,51,43,23,53
44,46,7,2,4,7,25,5,45,57,27,29,47,58,27,23,49,24,31,13,46,35,42,28,57,48,5,33,48,5,6,30,34,21,4,34,6,35,54,28,3,58,10,21,23,34,46,34,33,39,16,35,48,56,0,32,56,2,30,31
9,0,11,26,13,45,37,44,7,1,23,15,40,46,45,25,45,31,50,0,56,29,10,58,22,54,3,54,28,46,46,52,23,1,14,32,53,47,34,34,21,36,30,24,47,14,24,52,26,19,30,39,15,13,40,45,47,31,32,42
48,39,52,10,42,16,47,58,48,0,7,38,55,26,4,3,48,50,47,29,31,2,21,7,15,14,4,25,37,6,1,49,3,41,37,40,46,51,36,56,3,37,15,16,3,35,18,40,54,25,42,23,5,10,46,15,53,59,35,36
28,54,59,0,43,20,47,25,32,49,43,54,2,14,55,8,11,46,1,2,25,16,34,1,31,15,19,27,37,49,31,20,58,14,14,41,13,21,29,53,22,16,31,2,32,32,4,15,15,7,34,58,26,12,34,30,10,39,11,9
32,10,28,50,55,17,12,51,44,41,58,30,23,42,47,58,30,48,46,38,36,25,28,55,47,15,40,26,58,39,21,1,16,20,21,3,40,49,23,53,0,22,54,2,0,50,49,51,18,12,15,18,31,25,57,43,15,57,30,29
43,39,17,21,27,56,13,31,35,2,31,38,28,30,48,2,9,12,56,34,33,19,53,4,39,43,26,44,10,39,2,28,34,48,34,9,10,44,18,32,39,1,36,39,18,50,41,29,2,23,36,48,21,13,38,48,51,53,4,51
18,45,32,4,53,58,27,39,4,13,23,7,50,37,8,26,15,27,45,47,34,39,18,33,10,20,30,56,38,15,1,39,5,22,26,50,11,52,50,48,54,8,0,10,27,1,1,10,42,27,30,33,7,6,3,10,25,14,19,23
40,46,43,8,28,12,49,59,29,42,21,56,52,3,55,47,11,40,34,43,4,32,5,36,47,21,25,43,56,53,32,23,3,49,55,11,56,0,25,11,57,55,51,43,15,8,57,2,8,23,34,9,54,53,22,24,41,37,58,52
49,58,47,2,32,9,44,22,3,58,14,3,7,2,43,44,57,37,19,13,34,36,44,44,42,23,48,21,42,49,46,41,13,57,26,25,6,5,35,23,19,9,1,13,37,53,44,30,46,6,6,26,17,47,13,47,35,39,0,58
56,11,14,55,34,55,28,14,49,42,6,30,22,33,3,17,32,46,0,7,35,52,6,49,23,39,14,44,19,30,3,50,58,26,31,49,39,31,3,35,41,0,6,55,54,9,26,30,40,15,44,54,56,42,24,46,1,53,32,21
48,38,39,10,58,31,1,51,37,27,21,16,43,29,47,42,45,56,55,42,15,12,0,16,0,41,1,29,42,59,17,1,37,18,46,36,23,49,35,22,18,37,6,42,32,13,47,33,53,37,38,44,54,17,10,37,38,36,10,50
16,17,3,5,52,2,26,35,47,58,16,12,12,55,20,33,46,25,48,10,29,49,55,6,3,0,44,30,14,20,46,18,42,36,41,52,59,35,40,50,5,18,30,28,45,22,32,9,17,0,57,50,9,44,19,1,26,5,25,36
12,24,5,39,13,41,6,0,13,18,37,38,31,36,56,32,53,55,54,53,21,12,33,24,9,33,52,37,31,4,27,52,26,41,51,19,39,27,17,37,5,33,24,38,10,50,33,10,29,6,47,8,11,11,10,35,39,3,49,16
42,13,25,50,32,57,59,51,36,7,53,21,41,6,6,26,14,49,48,59,21,9,24,2,53,25,46,53,50,20,13,52,4,51,45,56,12,10,45,40,29,17,36,25,56,29,9,3,8,21,35,3,51,53,10,52,52,54,59,10
1,4,31,36,2,18,42,52,21,19,10,2,4,14,15,49,28,38,47,12,15,13,14,59,48,30,22,3,21,57,2,49,44,55,28,50,1,57,14,28,4,48,30,10,35,24,24,11,54,9,32,32,56,32,43,54,26,29,3,30
37,32,52,16,38,2,56,13,58,43,0,0,34,17,50,50,46,21,13,32,33,7,26,19,28,57,15,32,18,0,49,53,32,6,10,47,24,37,56,50,13,34,9,37,38,22,53,40,14,5,49,37,7,17,10,42,53,55,59,40
44,34,21,42,35,12,9,48,15,36,11,9,42,11,35,41,2,37,31,34,8,23,39,24,7,34,56,48,20,54,18,39,39,42,59,0,38,0,50,58,1,40,22,47,0,20,43,29,19,41,14,32,55,6,45,35,30,12,10,31
14,26,20,20,11,15,0,4,22,50,7,9,36,37,55,27,54,47,5,19,39,10,15,15,2,26,8,13,52,17,6,35,7,37,20,9,0,24,27,41,13,16,53,48,54,52,14,12,48,41,15,50,3,28,42,56,51,50,35,55
22,45,32,42,4,24,7,38,0,2,31,57,29,46,44,11,51,7,45,45,18,3,40,29,16,0,16,17,16,58,37,18,25,39,23,36,26,59,7,21,47,24,42,32,15,28,21,45,59,3,24,57,38,41,3,7,8,41,51,37
17,25,39,7,9,42,35,10,37,15,24,36,24,42,55,39,44,28,50,30,25,24,59,10,4,48,23,42,45,19,56,5,42,2,47,23,38,0,34,30,39,12,22,52,3,57,26,15,33,11,7,28,4,54,19,10,24,37,11,27
58,56,3,31,2,39,37,12,33,25,51,24,29,6,15,4,56,16,4,9,34,11,4,36,16,45,0,24,27,6,51,57,51,0,46,22,41,11,14,58,36,23,31,50,51,28,49,7,24,29,12,48,4,10,8,4,10,58,57,2
5,35,52,32,23,24,52,27,20,37,38,28,21,44,35,11,1,4,15,45,39,0,39,13,27,42,56,3,9,52,47,19,37,25,40,22,1,13,32,57,20,46,8,57,55,48,13,16,10,10,15,36,41,57,39,16,2,27,28,0
13,41,56,2,55,8,57,16,59,9,31,10,1,30,44,35,7,20,37,53,5,13,23,51,13,58,28,1,24,6,24,41,39,18,47,33,57,50,18,47,23,38,14,38,0,9,19,43,5,32,33,48,53,34,7,47,59,10,25,42
19,36,31,28,13,22,5,10,32,30,0,0,35,6,4,42,39,2,49,19,1,49,22,4,42,44,33,23,44,8,44,45,38,52,24,31,31,22,41,11,52,52,30,44,15,26,37,16,17,9,51,17,16,12,11,28,4,2,44,32
23,45,4,45,27,14,1,13,20,10,24,41,9,57,2,22,55,15,9,33,59,34,22,50,32,52,27,25,15,13,32,35,5,8,21,20,37,8,23,57,41,14,33,30,43,35,53,14,47,10,31,3,8,48,50,53,15,47,35,12
22,38,11,33,8,8,32,44,26,5,34,39,8,8,43,28,20,32,30,7,58,32,15,14,15,11,44,3,11,25,57,49,10,41,6,31,0,30,52,4,36,4,39,45,45,42,34,42,10,57,20,3,41,22,58,42,9,52,44,53
33,54,41,27,18,53,29,44,50,54,32,55,20,52,30,19,2,17,19,31,2,31,3,56,13,41,47,2,37,0,9,20,52,15,22,2,27,58,14,13,7,44,41,13,2,18,37,59,4,39,19,35,37,58,26,46,0,17,28,33
42,20,23,43,50,31,58,15,39,41,59,55,41,29,30,30,36,57,41,25,51,2,8,18,11,1,36,44,51,3,29,41,46,42,34,53,1,16,38,5,6,33,15,22,46,4,22,13,0,5,57,49,33,50,32,3,28,12,40,54
16,10,43,52,38,2,3,30,3,35,58,55,23,47,23,13,54,49,17,52,59,53,15,48,47,6,59,47,1,4,6,22,29,19,0,46,16,21,48,4,8,45,29,13,35,7,16,15,29,4,22,21,37,4,22,36,50,48,49,33
44,5,20,14,2,39,44,10,21,45,3,0,17,32,31,54,9,54,56,29,53,4,35,59,42,30,51,57,25,38,55,39,15,48,19,40,11,50,49,10,54,22,42,9,24,22,32,10,42,45,52,22,46,23,56,26,24,9,56,30
36,13,15,28,58,39,35,51,30,26,18,53,27,1,23,44,37,54,54,26,15,28,13,26,29,33,36,22,2,51,55,29,19,6,11,45,27,36,34,4,30,15,35,40,54,3,3,7,45,2,34,26,28,18,36,17,2,52,5,32
30,53,32,23,28,47,22,56,3,56,49,45,5,46,50,32,3,17,52,40,56,36,41,45,38,35,8,38,52,38,16,13,54,5,39,47,9,10,24,46,21,52,55,2,56,1,0,20,31,36,52,45,26,15,33,19,54,57,54,14
43,24,42,48,1,28,19,19,27,4,37,16,30,53,34,55,23,49,3,29,55,34,12,10,36,0,21,30,33,47,49,3,6,9,3,25,53,28,57,9,2,51,10,5,33,38,59,31,43,38,51,28,7,49,49,33,8,46,36,38
25,7,13,44,23,36,24,48,28,50,36,0,16,6,27,0,4,14,17,22,31,21,42,29,10,7,50,21,30,50,48,53,52,17,2,24,54,33,11,53,21,42,8,46,14,55,17,33,49,44,18,54,27,34,42,8,48,35,10,56
49,45,52,27,46,30,51,53,12,24,6,0,55,38,46,41,41,11,33,55,33,48,12,20,50,14,54,43,48,22,1,3,48,48,34,30,34,1,8,44,38,50,39,30,13,22,6,46,47,19,56,40,22,10,52,20,58,27,36,26
43,10,31,34,23,1,20,54,52,41,27,1,48,40,52,31,0,46,45,25,15,33,25,12,44,46,21,41,32,16,5,32,51,20,43,23,8,59,8,44,16,59,35,42,31,39,1,58,27,23,42,42,35,57,4,1,34,57,2,14
50,58,42,22,1,24,31,10,55,21,0,7,3,36,48,47,38,12,34,1,10,55,25,25,40,47,23,34,45,11,41,9,58,29,10,14,34,35,39,48,39,6,49,58,26,48,59,27,1,21,43,38,1,41,24,49,1,15,17,8
46,50,7,42,0,56,32,10,39,53,45,9,46,26,45,14,20,49,48,43,51,43,45,11,5,42,17,2,6,0,7,9,44,12,20,7,31,41,35,39,37,53,46,20,54,44,26,59,15,34,4,3,44,54,21,56,43,20,44,41
3,52,57,49,24,5,20,3,24,17,6,4,18,58,39,19,2,16,44,49,17,37,21,29,39,52,22,22,7,56,32,40,56,36,29,56,3,31,25,23,12,48,47,19,58,34,56,50,47,0,36,49,4,2,14,22,18,32,16,47
18,38,49,10,57,22,40,24,24,17,28,37,1,51,19,40,33,45,14,33,18,26,8,16,13,15,40,16,48,36,29,36,2,53,42,44,31,26,53,21,33,29,6,58,51,58,47,33,31,24,10,54,2,6,27,12,21,59,49,5
18,44,2,37,50,34,39,41,27,2,23,33,20,43,11,23,32,24,27,11,48,17,39,23,57,48,28,34,23,10,11,3,25,37,23,46,8,47,17,1,34,8,42,57,43,43,24,34,17,8,8,48,54,37,59,3,41,30,8,5
33,32,16,5,11,41,39,33,12,54,11,48,24,10,53,12,28,28,34,37,14,17,21,49,4,3,54,20,25,51,15,54,31,36,22,52,8,43,53,47,32,11,24,53,41,41,25,9,51,30,4,48,28,16,0,27,44,34,57,44
35,54,4,55,30,12,27,56,21,19,33,2,24,52,22,39,18,3,39,1,3,44,18,19,6,40,45,10,16,38,21,35,40,37,53,28,28,52,10,31,25,41,52,29,40,22,26,19,24,12,30,43,42,26,32,25,25,50,11,48
32,59,57,48,29,16,27,36,7,45,52,42,38,37,18,30,44,29,14,25,5,53,49,57,15,24,22,25,43,5,12,32,19,48,20,3,13,30,11,40,17,7,26,53,34,34,19,58,51,50,16,7,14,19,46,51,55,45,57,9
23,31,58,49,28,6,48,49,26,21,31,48,43,19,34,14,32,23,7,13,6,8,45,7,34,20,0,19,45,44,3,27,52,36,59,43,18,4,55,10,41,36,24,48,46,39,33,18,19,49,21,24,46,29,50,20,47,40,52,29
21,47,40,50,12,20,40,24,59,29,57,37,17,29,58,28,11,57,28,50,46,35,8,9,52,10,30,35,49,30,51,57,36,24,11,9,23,3,37,47,30,43,38,28,11,45,20,8,42,52,25,52,19,47,50,30,54,5,23,42
49,6,18,41,16,2,6,20,33,49,32,48,24,9,19,25,19,37,25,49,51,16,15,41,17,36,8,16,9,54,28,19,20,56,6,18,32,22,26,21,0,10,29,11,58,57,42,59,45,0,45,25,59,15,32,53,34,22,20,22
19,51,10,8,21,13,9,7,52,22,47,12,51,5,35,41,55,6,42,3,7,15,49,47,19,39,59,47,24,35,1,9,41,15,12,37,10,36,38,54,1,22,40,17,10,31,24,4,3,34,11,4,1,11,13,36,39,26,50,37
14,38,30,43,4,53,46,21,54,35,39,57,18,22,35,13,1,2,12,37,4,33,1,17,46,14,11,31,54,49,13,35,51,12,38,13,0,1,24,14,8,38,5,41,19,15,52,38,7,53,12,57,19,36,57,49,4,36,21,25
34,26,12,25,52,57,6,51,57,37,12,32,50,6,2,21,44,13,55,20,20,17,10,31,32,31,32,48,37,57,34,33,52,0,44,26,3,1,31,2,47,58,9,32,34,26,43,20,52,10,4,16,45,34,15,18,45,50,14,43
2,13,35,35,15,28,34,31,12,1,34,40,49,0,39,5,50,12,23,2,48,30,43,30,46,27,43,12,50,54,10,36,2,45,17,48,0,51,59,10,27,24,57,2,8,16,37,20,7,53,13,8,27,17,28,17,52,9,32,15
34,30,13,14,19,40,31,36,35,5,21,44,2,42,57,43,13,42,22,16,38,4,10,13,32,45,12,36,32,29,8,29,59,9,59,41,57,19,44,3,7,56,53,8,24,15,1,34,35,35,19,10,27,19,15,6,5,25,28,3
29,47,52,21,8,19,1,36,8,50,54,54,34,45,37,23,6,35,26,10,32,34,27,34,33,27,2,30,31,31,49,38,46,11,17,36,22,3,47,16,3,40,43,49,29,42,33,58,8,7,17,0,15,37,10,14,1,19,33,4
4,56,49,22,3,51,55,20,33,41,11,10,13,58,28,22,47,35,55,26,16,58,13,59,2,7,12,2,48,36,35,21,44,50,55,41,11,56,47,48,19,29,47,14,19,7,15,11,41,33,33,20,40,6,29,8,51,32,21,53
54,38,48,58,13,32,17,17,27,29,47,31,24,15,48,43,49,29,37,44,3,23,33,26,15,40,55,19,4,41,15,5,32,27,32,45,3,49,5,29,3,12,36,51,24,44,50,50,31,15,39,35,9,40,44,35,53,38,46,55
40,35,56,8,11,10,49,39,4,10,3,7,40,40,34,48,58,48,35,35,44,27,18,3,44,36,17,2,38,13,44,57,3,42,32,3,22,19,51,58,31,28,27,39,12,15,20,20,28,2,23,4,5,45,35,54,0,25,3,37
50,12,52,33,7,34,37,9,35,1,33,37,38,19,20,52,34,21,27,43,59,8,4,58,1,16,25,9,8,7,34,12,59,41,46,15,27,7,59,26,7,0,25,53,41,4,43,37,26,55,1,43,14,17,45,18,4,51,18,47
25,43,30,11,59,26,19,47,47,9,4,54,3,25,56,16,25,13,7,52,54,15,1,53,45,31,57,58,26,15,7,55,9,35,56,24,59,37,41,32,16,39,27,30,51,16,4,59,46,45,1,52,21,43,2,22,57,44,53,46
9,14,17,3,43,20,38,49,46,29,51,22,44,57,49,3,40,39,55,28,57,14,50,38,10,39,31,27,38,52,17,25,3,26,9,20,45,24,54,30,13,26,35,33,47,41,55,56,5,39,52,39,53,12,19,41,28,50,33,55
26,46,46,8,34,11,7,6,33,13,1,16,55,15,25,21,8,31,26,22,38,5,14,20,32,0,59,8,29,36,26,10,51,47,56,53,17,15,17,9,33,35,1,17,20,45,46,43,45,50,19,11,5,46,52,42,10,37,39,59
9,0,21,30,42,8,49,31,44,57,52,0,18,17,11,53,53,11,36,45,21,44,56,25,29,8,2,43,9,23,13,41,47,38,11,4,9,37,37,8,9,58,33,6,48,49,39,24,16,30,7,43,16,53,13,51,30,41,47,26
39,44,32,2,53,15,19,45,53,43,2,11,48,28,7,38,51,44,37,41,27,14,22,8,52,5,7,54,37,58,55,34,42,1,8,18,56,2,56,27,48,57,34,26,39,25,19,6,6,41,40,53,5,33,3,19,17,42,4,27
26,32,29,56,53,4,41,34,32,8,16,6,14,31,11,26,51,25,59,3,4,41,53,12,58,57,58,8,24,38,5,0,0,3,52,42,50,12,26,35,3,33,46,52,5,58,17,54,12,39,47,42,29,10,33,20,32,51,21,54
17,11,51,5,14,51,13,26,47,37,51,17,1,12,16,30,56,39,1,41,22,15,34,9,18,33,56,17,18,48,39,30,40,32,19,21,46,53,34,5,12,58,29,41,14,27,31,17,53,43,52,12,12,45,48,12,7,20,31,37
48,35,31,1,33,11,39,18,48,15,15,41,12,7,22,43,25,33,6,2,1,56,52,20,18,28,21,41,23,11,34,29,44,30,19,7,27,26,28,48,26,41,39,59,0,41,43,43,57,18,9,31,47,20,33,44,27,11,2,38
32,16,35,20,9,46,34,25,27,44,6,2,50,24,7,39,41,24,36,35,47,18,59,35,34,59,36,34,28,27,55,32,13,49,21,23,29,21,12,6,13,34,29,58,46,53,2,35,5,43,47,16,22,36,9,9,5,6,30,15
14,3,41,24,53,56,57,33,48,26,46,32,19,28,11,41,17,57,22,27,45,20,35,36,11,58,4,22,53,40,40,46,49,40,3,6,30,39,12,55,57,26,18,35,21,46,34,10,21,44,26,11,3,31,21,2,49,49,10,35
47,2,10,38,56,8,44,52,4,53,19,32,50,29,1,31,12,46,10,8,53,20,30,14,0,45,13,14,42,32,12,50,14,45,14,10,3,31,50,33,2,45,44,30,19,47,59,54,3,53,31,20,37,38,59,0,7,58,19,47
7,33,38,46,44,49,22,20,7,45,59,36,50,35,53,5,11,57,26,43,18,13,8,37,2,58,34,4,23,13,30,25,19,28,16,25,40,28,51,35,36,43,17,10,33,11,19,42,58,2,15,51,9,47,23,31,5,14,29,1
22,48,23,37,11,47,31,6,35,57,12,2,23,53,58,53,38,27,37,28,59,5,13,56,52,14,29,57,13,32,7,48,58,35,19,7,12,11,40,5,1,34,14,46,55,32,24,49,42,15,24,34,15,56,37,0,58,10,14,25
47,30,17,22,8,31,57,26,39,34,14,53,12,57,50,10,13,21,11,0,17,3,56,39,52,53,18,9,22,33,7,43,41,35,13,3,18,56,0,36,41,0,31,6,5,48,59,10,5,50,53,25,46,9,55,10,19,52,53,36
52,38,54,20,25,48,48,20,47,52,5,9,38,10,52,46,12,2,26,12,29,43,36,33,47,6,57,41,8,55,29,38,59,40,36,27,58,12,46,56,54,27,16,3,41,41,6,25,53,6,47,53,39,52,44,54,27,33,52,3
43,10,11,52,54,11,3,41,40,13,46,56,27,32,17,21,42,37,10,52,24,9,20,57,10,9,10,49,26,34,7,6,50,40,20,36,43,24,22,53,35,25,5,5,46,37,8,15,10,24,34,29,30,52,35,52,51,8,44,53
6,18,31,16,53,49,47,53,0,2,54,30,17,27,0,40,26,59,10,37,13,34,8,3,35,58,17,24,50,3,5,44,24,33,30,44,33,35,4,22,15,15,28,8,57,47,0,26,27,17,44,1,34,44,52,53,17,14,37,46
28,4,28,18,20,2,53,46,44,10,59,25,42,25,48,54,47,36,53,43,16,43,36,42,29,13,58,28,1,40,20,24,29,22,35,22,22,22,41,33,7,5,14,49,14,50,16,29,43,49,6,29,47,17,55,39,50,45,18,42
7,2,19,27,10,3,28,8,24,11,37,14,29,28,44,23,56,48,22,33,15,52,28,42,54,55,16,18,1,10,27,55,52,24,40,37,18,0,3,27,19,22,1,13,29,30,39,14,23,3,21,24,32,48,26,43,30,32,18,38
49,11,54,41,38,52,29,46,8,30,46,16,23,31,9,56,20,1,38,25,43,28,20,28,17,41,29,51,34,56,26,46,22,8,27,8,10,31,50,39,23,54,21,1,14,3,57,42,37,32,55,17,44,15,23,12,5,20,12,27
1,40,22,0,18,27,26,3,52,54,10,32,37,31,45,7,36,30,19,15,56,25,6,5,49,16,36,28,26,26,35,42,0,53,46,47,34,31,5,18,18,24,9,57,54,41,40,30,29,19,46,54,56,22,18,3,22,35,16,14
31,9,48,17,39,44,6,34,6,13,50,37,47,51,42,33,31,28,57,18,1,49,42,26,18,16,59,4,17,34,30,59,27,59,44,31,55,7,15,13,5,21,15,46,42,20,20,9,14,47,20,20,19,59,19,28,28,21,51,38
9,57,23,15,48,45,49,27,10,36,8,31,8,59,40,31,38,38,18,34,55,26,24,42,40,59,57,7,4,55,49,20,11,1,27,45,54,12,33,18,58,59,48,10,1,24,14,11,3,31,25,33,10,22,37,58,41,45,53,52
17,38,22,4,53,38,46,36,32,10,24,1,29,51,24,37,44,25,42,4,47,42,7,1,51,36,19,57,13,56,35,7,59,0,27,5,16,17,1,28,48,15,8,24,5,44,25,49,8,34,15,53,49,1,18,17,32,15,52,22
22,53,55,23,35,2,59,32,41,23,25,8,5,52,47,28,19,37,46,47,58,33,38,43,25,26,20,39,55,30,3,17,38,19,8,21,2,24,34,7,29,45,17,27,18,23,55,57,51,35,10,4,17,7,35,43,32,54,24,16
42,33,32,9,3,57,13,51,12,15,6,8,11,6,23,40,58,23,20,50,44,43,50,31,43,41,53,10,27,0,16,4,53,7,44,13,48,24,41,47,29,25,11,46,36,36,8,46,55,0,21,33,41,27,26,54,49,48,35,57
46,56,21,51,26,26,59,5,57,43,35,5,57,8,39,16,9,20,16,16,30,23,17,3,39,33,2,6,16,39,23,55,35,47,49,54,49,22,32,52,11,3,59,16,27,33,9,41,43,11,41,41,3,10,54,42,43,33,54,28
29,3,37,3,42,52,15,53,31,18,18,47,43,20,27,40,31,59,6,53,55,44,40,48,43,41,6,39,57,47,52,37,46,25,51,9,52,31,41,13,9,26,49,0,7,28,45,52,14,10,23,53,32,51,2,7,26,47,16,50
32,37,12,14,59,32,5,31,33,12,52,16,7,39,35,28,23,13,8,31,17,5,50,17,20,6,45,18,6,23,0,37,54,48,59,18,21,20,28,20,5,17,40,33,32,27,47,11,21,14,58,36,40,17,11,49,22,1,2,47
9,32,29,3,30,10,59,2,14,51,45,15,33,24,16,27,24,18,40,31,7,59,29,0,26,47,1,53,5,37,9,1,22,33,36,22,20,53,51,20,2,40,15,47,28,37,50,45,37,30,48,32,34,37,30,50,12,32,1,4
4,38,11,59,25,53,14,30,13,3,58,34,47,18,22,58,30,23,52,1,33,13,49,23,34,43,3,42,25,44,33,14,56,23,38,24,31,47,8,47,36,24,45,37,57,15,37,49,32,33,53,15,39,17,12,29,2,27,46,31
3,51,57,57,35,54,33,49,49,51,10,42,24,51,32,6,20,24,27,31,16,53,7,31,45,7,34,5,15,58,35,22,25,5,46,51,29,14,26,28,19,35,29,50,45,41,40,27,19,38,55,22,11,37,16,22,49,4,58,40
5,49,30,23,30,27,4,9,34,45,14,48,1,47,55,2,40,0,29,55,20,58,23,15,12,35,13,28,12,8,39,38,24,12,52,0,56,33,39,59,11,28,13,38,21,18,49,41,55,8,48,10,8,38,37,24,5,42,19,0
52,17,7,55,13,57,29,2,27,4,5,49,59,41,54,48,44,48,38,16,49,39,57,55,32,54,19,10,31,55,23,42,38,59,54,9,49,45,11,14,1,45,58,45,28,43,15,7,55,9,33,54,18,30,18,45,47,39,26,10
7,41,50,51,1,57,10,9,40,37,15,18,4,49,37,39,30,46,37,48,38,30,48,52,42,10,43,55,46,26,4,10,26,8,48,1,4,59,51,37,27,47,23,30,13,39,42,10,46,6,45,4,14,0,9,46,46,41,35,54
55,52,30,41,3,6,30,50,34,58,54,48,13,39,8,58,29,36,5,1,23,2,46,51,3,21,8,53,19,9,52,59,35,17,7,9,33,30,39,18,5,33,26,32,35,59,13,1,37,59,41,35,30,34,2,8,52,2,34,51
52,28,14,8,11,13,30,39,59,8,35,44,16,4,31,12,44,6,48,17,50,22,3,8,44,24,53,34,26,53,1,55,33,50,40,49,33,48,1,36,43,55,11,52,17,32,25,50,11,51,31,39,10,19,18,47,17,39,3,54
15,19,6,48,55,52,8,10,27,39,1,10,51,56,1,31,50,50,36,57,24,50,26,8,14,40,47,41,40,22,40,45,23,46,17,34,12,46,52,50,22,3,50,58,5,24,39,4,9,27,31,38,30,34,53,43,42,27,50,3
2,21,58,11,56,46,1,25,40,0,38,53,38,26,54,49,35,14,4,38,23,20,4,55,0,22,33,24,12,44,38,33,26,41,55,22,21,29,44,0,55,55,8,3,35,12,5,6,6,7,4,12,37,8,51,35,52,47,59,8
53,39,28,50,57,40,22,16,12,56,16,18,28,59,19,41,42,38,23,14,9,36,18,42,52,15,3,46,57,8,20,24,42,3,2,27,22,7,41,10,10,46,46,44,35,5,25,55,39,47,36,0,54,0,48,41,56,26,8,40
45,49,27,59,54,28,10,42,53,48,37,5,12,45,54,17,14,10,33,45,22,27,4,42,6,29,11,43,15,9,47,36,31,33,26,27,53,51,59,44,15,7,36,4,52,37,39,58,51,53,51,9,23,27,35,28,40,5,1,12
11,38,57,29,54,14,37,22,15,25,20,23,38,27,10,23,45,48,36,18,44,55,5,42,44,18,26,14,54,40,57,53,11,8,23,31,24,26,16,54,25,16,1,33,51,11,59,27,28,46,21,39,44,15,56,25,39,14,35,59
38,43,58,56,59,3,30,23,10,43,12,23,56,16,56,42,27,34,17,19,53,29,1,14,58,5,41,34,55,53,48,29,35,15,58,35,11,15,26,4,8,45,59,7,53,45,35,25,16,20,22,26,43,26,47,41,14,24,15,19
19,48,8,19,57,59,2,23,37,28,40,54,1,1,26,50,4,52,55,44,35,58,47,28,50,5,14,56,40,45,3,56,28,0,47,0,57,13,10,44,37,18,36,20,0,22,17,20,30,12,4,31,35,40,36,51,35,25,40,44
8,37,33,28,56,41,6,56,17,25,1,9,53,32,1,10,49,51,5,53,50,36,30,59,34,17,32,7,15,39,6,29,59,4,2,23,10,59,19,30,40,11,48,23,42,28,56,52,44,13,18,10,26,43,12,30,52,18,34,45
4,7,43,4,13,32,51,0,41,49,25,33,10,25,16,41,31,18,17,57,2,8,17,55,23,12,54,2,44,36,16,35,36,49,50,33,6,10,10,6,55,5,30,42,37,53,43,37,42,3,20,6,37,48,34,45,44,18,42,50
46,26,1,17,25,5,23,31,42,15,37,28,53,50,8,51,7,29,1,21,51,45,21,4,38,20,53,23,32,21,0,2,19,58,22,14,33,46,3,34,20,39,50,27,28,49,3,57,14,55,27,12,36,33,0,32,34,35,43,43
30,34,44,59,46,25,40,59,3,17,55,29,21,57,10,55,3,41,9,55,49,5,40,16,45,37,38,0,14,46,19,17,37,39,32,30,40,20,33,30,44,58,9,2,1,24,9,43,33,29,23,34,29,45,2,2,14,48,22,0
22,52,11,14,38,45,18,32,36,39,32,55,57,27,14,16,0,3,25,36,29,27,35,56,53,34,3,12,3,35,39,19,23,3,24,38,16,11,5,52,5,25,45,44,55,13,25,5,29,3,10,40,17,13,44,55,59,27,39,19
8,28,45,1,36,53,31,10,55,10,42,15,18,17,14,58,31,26,4,30,20,35,9,32,54,13,4,45,54,1,40,17,32,4,8,4,30,58,58,5,55,14,18,47,24,55,34,17,57,41,36,16,6,20,35,55,43,19,0,17
0,51,28,0,27,30,34,49,0,46,58,35,59,10,32,18,50,25,0,29,20,59,13,36,58,48,37,26,24,8,36,43,30,11,3,54,17,25,59,25,19,59,2,57,44,36,36,58,18,28,11,29,29,52,35,2,59,23,57,50
27,46,57,34,15,12,14,8,24,29,27,19,45,13,14,39,34,38,34,19,23,52,45,9,52,18,3,34,17,56,58,59,31,46,0,20,43,56,48,15,16,28,31,43,49,47,4,51,38,31,5,59,49,21,19,48,49,16,11,22
10,59,19,39,37,27,15,35,51,27,45,0,16,26,29,16,51,0,46,32,57,14,18,47,16,47,6,10,2,51,4,15,55,38,7,25,43,38,4,8,52,46,49,57,42,19,17,20,28,38,26,54,2,55,5,4,7,17,9,30
1,2,52,17,11,59,59,56,41,9,47,45,55,16,54,27,15,51,31,6,40,56,32,16,56,48,46,2,40,2,36,50,15,29,56,57,43,41,8,7,7,33,33,11,28,37,5,17,34,38,53,30,3,33,7,16,8,59,20,39
55,14,53,15,38,30,35,23,26,48,37,51,28,13,6,10,33,30,21,25,30,45,46,49,11,36,17,5,50,22,42,44,47,16,17,47,48,6,32,31,37,2,20,3,44,2,50,3,30,5,51,36,12,8,54,28,53,22,46,27
15,19,0,47,1,43,43,44,10,51,14,36,22,50,36,21,15,9,1,21,4,24,20,2,3,28,15,10,22,50,12,13,12,55,28,28,27,3,29,11,15,14,32,23,58,42,52,30,25,14,24,52,34,57,27,29,4,30,29,34
47,29,42,56,52,29,54,27,49,15,36,41,24,47,31,1,18,22,22,21,8,0,46,16,24,29,22,30,44,35,0,50,35,6,42,38,25,59,23,33,4,7,22,34,56,38,22,2,2,55,43,31,44,19,23,46,31,21,38,0
49,2,45,58,41,40,20,7,19,22,7,39,20,38,30,49,58,59,2,40,58,45,3,37,19,9,56,57,51,39,38,46,27,52,40,43,53,53,17,13,38,58,44,20,35,21,13,7,5,49,45,32,3,46,30,43,58,59,16,41
5,14,6,50,5,45,16,30,28,35,16,13,37,13,14,54,35,42,9,49,41,12,25,28,46,37,58,3,32,25,13,7,55,30,59,54,36,1,50,56,28,39,42,46,40,48,14,59,0,38,51,40,35,11,49,10,44,35,53,23
8,7,16,5,39,5,24,20,1,16,29,58,42,18,59,54,9,47,41,22,28,9,9,16,14,34,11,35,41,4,14,31,45,0,37,53,31,48,9,40,23,45,9,12,48,2,28,57,51,19,21,23,12,48,36,42,44,23,5,34
20,26,0,2,40,5,20,54,25,46,36,50,5,53,17,12,40,45,39,26,45,18,22,22,36,55,44,54,57,29,31,4,38,26,7,3,52,29,52,54,33,57,30,47,5,8,22,36,21,27,41,27,16,6,4,18,45,7,47,50
41,24,53,45,46,46,20,54,39,11,39,44,56,27,9,29,9,14,32,38,17,2,9,34,51,36,56,26,28,16,12,13,50,10,41,14,21,1,56,2,44,32,53,15,12,45,53,2,1,40,43,41,16,5,16,48,55,13,39,42
21,40,20,42,28,46,35,32,56,34,26,55,54,25,4,3,16,25,31,22,45,12,13,8,50,22,2,41,52,0,24,58,53,44,59,20,23,37,8,0,31,29,40,23,4,48,9,33,33,14,57,58,1,59,47,14,45,4,12,43
52,15,31,44,8,54,21,11,29,34,39,36,2,51,20,10,16,45,46,47,23,54,46,45,10,46,32,11,15,50,9,24,19,21,30,20,3,27,18,8,30,33,27,26,37,3,49,21,31,33,42,46,24,34,9,48,2,0,48,26
18,40,10,15,44,17,23,19,21,0,56,15,9,7,52,57,40,46,9,51,30,20,52,58,44,22,35,8,37,2,12,30,55,21,24,44,53,16,43,48,38,26,22,50,13,13,5,20,1,2,52,31,45,13,29,56,20,40,40,37
24,35,37,30,23,25,34,31,7,30,1,21,51,52,7,59,46,37,52,40,8,10,33,5,41,45,47,30,18,16,46,51,19,53,37,43,47,24,15,23,25,7,52,27,29,38,5,56,37,9,10,6,50,31,44,11,53,17,43,38
24,44,13,28,9,2,27,53,39,30,44,57,38,43,9,31,7,38,5,33,25,19,41,3,51,50,51,54,49,12,11,8,41,59,37,18,20,21,37,27,4,35,6,41,36,7,29,14,48,16,38,55,46,13,5,35,20,20,44,3
26,2,35,39,29,9,26,2,26,32,47,36,9,29,20,11,36,19,30,37,37,11,17,7,11,56,1,20,43,54,55,2,38,22,27,46,12,6,5,27,3,52,6,13,59,13,10,9,26,49,50,3,22,29,33,46,22,35,54,19
3,10,41,7,29,39,8,38,20,12,58,40,42,44,37,34,35,52,29,55,57,33,37,16,21,6,46,10,24,15,14,4,55,54,0,26,27,48,45,26,20,10,19,24,36,16,2,42,59,44,20,53,1,56,25,15,30,3,3,22
29,7,48,46,40,23,5,40,32,21,16,36,50,19,11,50,16,26,38,0,37,49,32,34,33,5,18,14,9,6,33,23,49,5,11,11,19,39,9,16,19,18,18,42,20,32,20,53,57,50,41,48,36,9,35,45,7,47,4,4
25,33,26,17,30,37,53,57,52,23,3,59,5,1,46,16,8,26,45,22,16,48,44,49,53,36,36,3,58,31,42,39,52,7,48,25,36,0,19,34,19,29,15,14,40,1,53,38,15,54,2,32,12,31,23,13,7,55,52,32
54,59,23,33,2,23,28,51,23,30,37,26,36,12,56,53,10,28,1,50,25,22,41,0,54,6,19,48,51,48,42,57,58,5,18,37,39,25,22,51,24,22,42,11,6,10,33,45,15,2,48,16,21,24,52,42,33,37,46,29
56,22,9,5,32,23,55,40,22,47,45,8,15,2,39,4,39,54,53,3,1,50,54,27,28,39,35,21,45,45,48,16,59,28,47,52,38,27,5,5,55,36,54,59,56,50,56,4,22,25,30,33,33,31,56,47,12,46,57,13
50,5,55,13,40,31,9,16,55,16,15,18,46,28,33,5,8,55,14,54,53,38,40,13,51,8,17,24,40,16,56,48,47,31,5,21,48,50,51,28,5,24,39,55,49,44,1,3,31,24,39,4,13,9,35,36,28,50,23,24
4,46,50,11,11,44,22,48,22,31,20,48,55,53,37,30,14,27,31,35,45,27,50,57,34,12,8,0,49,32,3,8,7,49,25,29,36,18,39,55,45,53,15,23,42,21,39,15,16,3,19,40,37,34,9,16,36,50,2,46
5,25,22,39,12,38,58,48,9,52,45,44,6,37,48,3,2,9,35,36,43,12,11,32,1,26,21,51,50,52,19,36,48,6,19,38,57,2,12,57,40,16,21,55,59,5,52,11,13,35,38,10,2,59,59,57,17,55,9,7
21,26,38,4,43,50,50,41,21,2,43,1,30,10,11,30,51,37,16,2,29,42,27,36,11,41,27,5,14,13,36,10,13,41,15,52,43,26,38,9,34,50,33,11,54,54,44,32,42,4,14,57,41,9,32,45,47,59,47,13
37,5,4,25,48,20,37,4,28,48,10,30,17,34,37,25,31,57,12,26,47,53,33,57,27,8,43,5,49,48,49,7,58,26,53,24,20,45,5,24,23,49,27,16,58,41,24,59,40,16,5,49,23,57,37,14,30,10,34,59
32,57,54,27,39,48,8,6,1,22,4,39,58,0,51,30,22,24,11,57,17,13,48,9,20,12,9,11,40,42,40,7,40,14,58,14,52,43,59,36,54,43,32,44,19,33,54,8,11,40,15,9,58,2,15,51,53,27,5,2
24,59,31,25,7,29,14,41,11,27,45,14,32,56,12,24,56,46,42,56,30,13,2,38,20,35,25,7,42,8,50,23,53,4,13,31,32,17,17,4,28,0,17,54,59,50,34,6,50,50,52,45,42,12,39,54,25,46,20,23
28,25,57,8,52,59,52,42,41,5,59,0,23,19,45,47,34,1,20,38,27,36,16,4,2,55,33,58,36,14,7,56,45,8,20,15,17,50,39,43,40,30,52,3,2,20,52,22,1,42,41,14,22,8,59,53,41,50,52,58
24,4,37,41,37,48,20,37,27,16,30,19,50,31,38,28,5,32,31,2,44,5,28,15,27,18,22,49,10,36,30,26,41,59,8,2,58,5,1,13,45,59,23,6,30,28,32,31,5,43,29,5,46,40,52,6,14,19,18,7
4,23,37,39,55,49,20,39,33,13,53,45,37,43,34,39,28,42,4,59,38,20,1,5,14,51,28,9,21,12,21,44,9,57,33,33,31,41,12,28,38,22,30,18,5,14,53,0,22,44,30,10,50,19,55,25,12,54,21,40
27,41,27,39,20,25,6,50,36,28,22,19,54,32,50,27,33,5,51,58,32,38,31,39,27,5,12,2,55,27,13,31,47,19,41,0,45,20,15,17,9,53,12,41,6,16,36,24,13,14,54,24,10,16,22,29,14,19,45,44
24,1,56,8,15,1,3,49,2,49,3,55,6,29,10,6,15,26,40,21,9,6,11,13,15,38,31,40,43,24,1,14,33,0,44,42,25,25,58,44,47,21,52,27,55,46,30,23,4,58,44,23,49,28,35,12,11,25,25,12
27,22,5,20,12,20,45,33,47,2,44,26,5,43,28,30,31,34,10,2,47,9,40,7,54,17,27,13,33,54,10,16,38,46,12,11,24,4,21,21,38,38,0,15,18,11,6,4,18,26,0,26,50,45,23,40,5,47,34,11
13,37,33,34,58,17,33,24,39,39,55,33,3,25,2,48,34,10,23,19,16,34,25,45,16,55,51,11,47,57,32,57,4,12,14,34,29,46,49,28,24,33,55,18,22,36,18,16,25,47,17,49,17,38,19,57,24,36,32,43
55,51,16,27,20,2,38,55,58,58,23,13,35,0,9,14,41,2,55,25,44,32,22,16,25,36,44,34,21,8,56,18,42,56,55,50,30,11,28,21,6,53,34,57,48,18,9,25,50,47,59,58,52,36,4,35,16,34,35,44
21,38,27,36,23,57,51,48,45,22,29,7,46,0,59,7,1,3,23,29,27,40,20,54,15,51,19,23,27,23,42,38,27,55,49,0,24,53,6,37,26,13,59,7,0,12,25,42,18,24,40,56,29,1,15,54,10,7,24,16
49,24,8,42,30,6,29,51,52,14,16,23,34,51,37,45,21,11,50,27,37,59,46,34,41,12,31,48,1,22,15,30,34,49,32,50,56,50,41,39,15,27,34,43,5,59,10,54,0,14,5,42,23,49,53,50,59,38,45,39
27,12,39,52,51,23,2,10,56,2,38,31,32,28,20,16,42,12,24,59,59,34,27,53,24,21,45,12,42,6,24,53,15,49,47,5,51,36,34,29,58,17,22,10,52,34,0,15,49,36,4,14,37,45,45,11,6,19,21,20
39,5,58,1,20,12,42,48,56,54,23,30,8,20,5,36,45,22,33,11,34,52,46,43,22,19,56,16,7,9,51,43,39,21,25,23,39,40,4,13,31,23,35,16,28,9,2,46,1,40,40,9,8,29,33,22,19,14,15,5
35,28,26,35,33,8,58,56,13,28,48,5,43,6,52,52,38,47,33,8,43,0,33,43,0,18,15,14,36,20,45,46,34,4,55,4,53,16,37,44,30,16,22,14,42,44,59,34,39,16,24,55,28,30,12,33,9,47,4,37
45,23,52,48,42,34,53,8,29,41,35,46,47,1,57,55,43,37,2,54,41,28,39,59,46,40,57,55,32,14,6,39,54,41,33,48,14,27,23,4,56,56,28,43,59,43,50,36,54,51,4,24,29,35,40,45,32,53,22,15
26,10,36,35,24,39,11,42,25,0,53,8,34,2,33,59,25,42,54,41,46,35,37,36,13,8,57,36,46,57,39,12,14,26,20,19,19,57,43,38,14,18,13,41,6,47,56,37,10,26,42,42,48,57,39,50,49,30,2,37
34,17,37,11,26,35,40,37,48,42,37,27,40,6,51,38,21,16,11,12,58,36,45,5,10,36,55,2,17,28,57,0,1,40,0,56,43,45,12,46,12,31,12,36,9,16,43,28,14,32,16,49,13,44,38,41,25,59,24,32
41,18,38,34,47,20,43,46,27,16,41,22,58,16,2,52,45,44,1,26,46,50,56,29,59,26,3,52,13,50,7,47,27,36,51,46,30,14,24,42,58,19,55,20,23,21,41,59,28,19,57,45,34,44,18,1,44,11,19,48
51,2,57,13,20,35,23,39,52,26,17,30,8,12,37,34,19,7,3,8,40,19,33,8,43,49,8,47,56,6,24,44,37,33,4,19,45,43,31,53,55,8,32,6,7,54,22,58,38,40,49,58,5,45,14,0,34,6,21,31
37,48,26,8,50,57,46,45,0,19,36,48,40,29,3,4,49,27,27,3,37,49,29,11,48,41,25,10,56,38,25,25,19,35,42,4,36,35,17,27,45,15,50,15,10,25,2,59,47,52,9,59,53,53,59,0,13,12,19,7
12,38,2,21,29,16,48,15,22,51,35,13,24,23,35,13,38,29,8,47,38,3,31,26,25,29,55,16,25,36,37,27,20,10,23,34,28,35,0,34,44,40,28,34,0,51,40,1,10,29,13,44,12,4,42,42,15,16,51,6
4,12,5,13,55,36,49,22,53,9,30,7,58,12,11,25,8,28,54,55,38,39,25,8,51,12,32,57,30,21,4,33,15,57,6,49,52,28,44,49,48,30,23,7,52,25,6,30,1,47,48,13,12,21,59,11,25,59,19,20
20,42,0,56,26,20,53,36,35,9,26,31,18,4,22,23,44,28,15,42,43,55,0,27,9,19,9,1,37,55,42,25,30,59,16,23,10,22,48,11,40,27,3,27,52,25,3,31,35,36,59,50,56,50,4,11,18,6,24,25
36,27,54,40,8,42,33,17,24,11,7,40,56,23,57,55,33,12,32,53,17,29,46,39,5,41,56,0,15,16,34,39,58,6,39,32,38,2,21,58,32,40,44,31,2,38,4,43,13,35,6,59,41,19,49,32,33,38,38,38
28,6,2,31,25,50,58,5,41,15,48,14,25,46,25,47,20,37,41,22,58,31,43,37,27,1,2,32,47,45,5,46,3,14,17,26,19,33,52,37,7,59,24,5,49,47,24,7,10,31,15,41,43,17,27,15,22,29,14,17
12,15,41,25,38,25,40,46,48,51,37,1,32,42,21,44,31,14,1,59,31,39,25,52,45,25,25,42,55,32,49,44,14,19,34,50,1,17,5,24,34,25,34,11,35,4,34,10,41,28,30,20,9,38,34,54,39,42,18,42
55,38,10,4,0,59,42,44,9,36,0,3,42,40,37,4,19,56,10,29,13,25,16,9,36,44,30,1,28,31,3,46,33,53,15,22,17,53,14,17,36,18,57,18,50,3,14,26,46,3,14,38,13,35,5,45,4,14,47,26
13,9,17,58,13,23,46,1,32,29,22,14,16,20,29,19,35,51,14,7,28,13,53,18,56,34,56,40,41,46,20,46,10,51,2,59,50,37,2,52,28,33,55,38,47,5,11,28,23,44,22,43,12,58,23,28,51,6,29,22
44,57,23,43,51,8,9,44,26,55,1,13,0,23,29,20,22,41,27,52,11,2,46,28,50,19,30,30,54,32,43,4,24,34,31,42,30,47,50,8,10,53,15,48,25,17,57,37,13,6,11,34,49,37,44,21,6,5,17,8
39,50,7,26,37,22,57,14,51,52,20,28,27,34,28,9,49,53,9,19,22,31,24,44,24,33,43,21,5,55,50,31,55,28,18,27,54,14,16,52,49,20,29,43,33,1,40,4,13,22,11,7,9,2,13,50,57,4,26,55
24,29,12,46,45,2,17,27,36,23,45,28,19,21,36,37,40,51,35,19,49,13,21,29,31,26,20,55,13,7,39,35,53,7,29,24,41,33,24,14,57,22,50,41,32,46,46,35,26,31,20,58,7,49,45,30,45,58,21,47
59,6,9,23,56,51,52,42,7,12,8,49,41,50,24,57,59,58,46,19,19,21,44,50,15,30,59,48,56,12,19,38,34,51,18,14,0,50,56,50,7,53,54,20,47,48,51,54,54,7,12,46,36,34,33,36,34,23,35,51
7,33,45,6,19,2,32,41,12,57,14,41,19,0,51,46,23,57,34,38,58,11,49,59,26,53,55,37,43,5,7,59,36,55,6,17,40,1,55,34,51,13,8,30,50,15,3,41,53,4,19,8,21,48,30,33,6,8,40,35
23,5,42,47,41,13,42,7,46,41,18,19,2,17,1,6,45,14,20,36,19,17,43,5,8,49,41,33,20,51,40,24,31,39,58,17,42,57,51,55,45,1,34,45,53,18,5,12,15,26,21,35,44,7,51,21,21,30,5,32
19,12,9,57,31,6,22,51,45,7,54,3,40,18,31,13,6,2,33,33,33,19,47,2,44,36,58,17,54,41,13,34,8,8,10,55,1,15,22,31,41,43,12,15,53,42,48,42,53,21,5,6,53,21,40,13,46,5,20,47
20,36,48,27,5,10,59,17,49,46,11,49,46,51,36,13,18,41,48,33,33,51,34,18,4,17,55,22,51,3,59,19,59,28,36,14,28,41,28,45,35,0,39,15,32,0,19,1,51,57,34,47,10,27,26,28,38,2,10,50
32,33,40,4,6,43,57,49,8,1,11,40,35,6,36,35,18,59,50,50,46,58,52,53,14,51,24,15,54,12,54,48,45,22,15,21,0,15,51,20,11,22,19,56,33,14,2,29,17,16,46,13,26,50,55,48,34,37,41,47
21,20,59,51,29,55,18,45,58,15,2,38,15,56,55,4,37,59,36,55,11,25,34,13,59,50,1,42,26,34,15,15,36,33,44,46,52,17,26,38,38,57,41,32,36,36,57,51,16,48,9,33,21,18,0,41,6,42,15,44
29,26,42,27,58,38,4,49,47,24,48,37,22,55,30,31,49,12,23,40,31,51,16,39,12,31,40,41,14,45,38,47,6,44,41,28,46,55,34,28,37,53,16,49,46,47,30,31,25,45,37,8,45,51,20,42,8,15,38,15
34,25,30,36,49,8,30,26,26,17,36,59,17,29,11,46,39,49,44,30,59,16,39,50,56,47,47,50,1,51,48,18,7,48,41,26,59,30,52,51,4,56,0,26,58,34,29,54,9,49,52,43,23,32,1,21,54,41,4,32
30,49,23,2,29,31,41,22,12,26,44,47,1,56,22,25,55,4,18,38,0,30,56,22,58,29,34,12,10,11,4,7,22,52,8,52,11,2,28,31,2,39,47,44,0,38,9,7,43,38,27,8,9,50,16,12,51,58,29,30
47,46,38,51,29,24,41,14,4,28,31,6,30,0,4,21,31,15,31,51,37,38,36,36,17,44,52,31,44,9,2,56,50,17,50,32,56,9,38,45,22,0,32,54,16,22,55,59,58,21,38,16,47,29,34,9,18,38,1,8
48,37,2,17,38,31,34,2,51,45,22,18,45,50,14,4,36,0,0,1,54,15,7,20,11,37,56,48,22,12,29,1,58,50,12,17,19,37,13,39,50,35,41,4,9,8,23,53,56,37,16,38,15,36,38,36,47,47,16,1
43,17,55,34,31,10,31,45,22,44,33,21,18,46,48,33,14,2,2,45,51,57,42,29,20,51,55,19,45,50,20,39,19,54,27,56,27,35,45,3,19,37,27,7,49,1,56,11,20,44,44,25,10,49,10,53,18,46,47,40
6,20,39,56,9,48,55,22,47,38,51,50,0,43,6,38,59,19,54,37,19,46,48,14,46,3,10,2,38,39,30,49,26,7,16,41,9,20,7,10,42,12,42,42,41,4,47,23,26,29,59,22,40,57,58,44,47,49,27,53
3,47,9,43,9,22,5,17,38,53,5,7,46,55,25,28,14,39,34,4,56,48,11,10,7,13,30,23,6,10,0,46,9,28,27,40,36,30,45,59,54,56,14,20,13,8,37,11,59,40,32,12,10,35,45,58,28,18,20,49
59,1,50,28,37,41,36,23,45,4,48,21,35,47,4,50,0,42,12,40,3,48,17,12,15,57,14,26,2,51,27,46,58,2,18,1,41,13,28,6,30,34,57,20,0,5,18,20,52,34,0,6,19,34,26,0,51,34,6,34
38,42,22,36,38,18,33,55,19,12,30,19,24,31,27,23,29,22,55,32,56,23,0,46,9,22,52,37,17,23,40,59,26,24,21,26,3,39,0,4,45,16,27,53,48,56,20,51,20,2,16,57,56,21,42,47,29,1,40,0
20,18,4,21,50,5,30,20,36,40,37,17,50,7,57,8,25,51,50,12,46,47,40,2,5,27,9,21,15,39,41,3,37,30,35,12,51,43,42,52,47,23,9,18,13,15,39,8,38,42,25,21,24,13,34,21,51,58,9,58
2,14,27,54,56,44,37,32,58,3,29,25,0,23,58,44,1,42,45,8,6,32,0,37,17,35,21,54,32,58,0,25,59,19,12,58,55,0,40,12,43,31,18,52,5,3,58,4,3,2,32,56,53,20,1,32,29,10,55,55
32,33,38,45,18,10,58,48,8,28,54,46,24,16,14,6,5,50,47,18,55,5,4,12,22,5,27,17,31,56,15,29,21,46,28,57,8,59,34,44,51,20,15,21,38,4,3,51,41,15,26,19,29,12,24,43,59,40,47,7
50,9,24,40,55,10,27,57,15,57,57,3,42,52,13,18,16,24,42,18,24,19,15,37,6,42,51,5,38,35,48,36,58,11,48,41,51,52,30,36,9,14,14,45,37,45,29,27,42,50,43,44,46,33,42,7,1,14,50,19
23,23,24,12,29,30,16,43,46,41,58,22,21,52,17,49,55,42,23,17,9,45,49,58,18,22,10,6,15,43,25,3,23,56,57,57,10,16,52,36,30,3,45,57,12,25,54,8,42,56,37,27,13,34,9,34,14,46,2,51
59,21,16,30,10,54,24,50,40,28,35,29,58,0,35,54,43,12,22,57,18,56,37,50,29,48,58,30,50,54,44,38,52,49,7,56,37,12,4,31,49,56,36,37,26,30,38,22,51,42,29,57,0,17,10,16,12,9,50,28
2,31,44,24,32,9,14,51,14,49,28,44,59,0,57,56,20,12,25,4,57,52,21,42,53,59,29,28,16,48,21,35,28,30,25,7,0,20,54,56,40,12,3,41,28,10,6,17,22,9,33,22,23,46,32,59,58,19,5,13
4,41,5,29,9,37,32,0,16,22,35,8,36,2,52,52,54,44,24,59,19,38,14,8,52,32,9,29,39,16,52,0,1,0,15,8,3,58,22,9,5,9,55,46,30,43,15,45,12,30,1,22,50,56,51,24,49,21,51,9
24,42,56,45,22,11,58,19,31,13,32,59,38,2,53,15,47,34,13,37,58,15,54,45,12,11,18,29,28,19,7,10,29,19,19,43,57,53,45,48,13,44,18,59,30,37,5,52,18,27,10,18,22,33,12,58,14,35,2,31
49,2,44,22,41,9,37,18,31,7,33,17,55,34,35,51,10,54,41,37,7,16,15,2,48,24,58,17,35,59,37,32,57,31,37,54,13,39,4,47,9,34,24,44,38,53,52,53,3,15,26,40,51,13,33,10,12,9,12,28
1,6,30,4,3,42,21,1,31,3,41,44,54,28,51,41,7,26,16,17,0,6,31,12,16,20,30,2,21,21,8,8,29,38,10,40,44,59,44,53,25,9,36,37,20,5,51,4,16,51,8,3,47,32,43,20,59,32,3,2
43,55,16,20,14,44,35,12,26,47,48,41,48,38,34,49,49,59,46,4,41,23,10,31,2,10,20,14,8,2,29,7,31,7,5,51,4,21,19,47,41,53,54,56,58,27,34,51,56,34,59,9,5,40,12,22,57,28,1,42
29,35,22,46,15,6,19,15,37,28,27,8,55,40,1,25,23,57,47,17,5,59,7,8,2,43,17,49,50,21,57,52,51,45,35,25,22,13,44,43,12,45,22,53,46,25,48,32,53,42,32,24,0,55,30,9,19,17,1,29
42,26,16,48,44,14,45,59,0,41,13,54,23,50,37,10,23,14,32,2,22,12,44,51,21,39,11,54,22,23,21,19,36,56,35,9,13,3,56,25,29,1,7,54,29,28,39,22,36,59,7,29,25,14,0,45,59,24,40,0
31,54,39,13,44,8,29,57,21,44,28,56,5,17,17,45,4,57,27,49,57,42,56,18,8,19,44,2,29,49,51,52,18,3,34,10,25,25,51,58,16,8,21,40,34,42,52,27,55,58,44,23,7,58,1,32,16,9,54,9
59,47,9,57,7,28,11,47,24,23,58,42,33,8,29,51,35,54,57,15,34,23,28,28,18,43,36,31,48,39,13,51,2,41,3,51,9,54,4,14,7,51,17,0,17,10,0,32,13,17,51,21,2,41,56,22,39,5,25,58
38,9,28,57,50,6,45,58,52,29,44,2,13,4,29,31,36,38,10,31,33,31,19,56,6,19,35,24,28,23,13,12,0,34,43,48,9,50,43,42,12,36,57,56,50,11,47,20,34,47,36,57,14,55,49,59,29,9,39,58
18,41,45,40,59,47,7,0,55,33,48,16,45,25,59,17,29,40,13,27,13,20,54,12,22,39,31,4,38,47,54,47,49,16,2,47,7,29,6,5,54,54,34,19,50,22,30,1,11,15,36,5,16,54,16,33,0,30,0,38
37,15,53,20,36,52,19,9,19,35,53,34,11,56,14,59,19,37,37,4,54,32,17,3,41,19,45,25,27,9,58,26,0,9,27,6,7,2,27,51,56,52,53,33,7,18,55,15,50,21,55,38,14,12,53,34,51,47,6,40
50,22,1,55,23,14,6,22,18,12,4,15,22,59,25,13,48,48,21,36,54,8,50,50,35,39,20,48,23,7,49,33,25,21,23,57,45,43,14,30,28,7,22,39,46,21,35,29,40,5,27,2,43,23,13,20,17,19,37,15
47,32,32,16,20,9,18,8,47,25,27,45,3,49,50,21,26,21,39,11,15,42,17,46,46,58,59,26,57,40,50,26,8,16,16,45,40,37,27,0,30,50,54,41,9,26,16,24,53,38,57,46,9,18,13,34,23,40,20,45
14,47,47,44,36,19,26,18,31,3,54,16,23,34,38,30,9,19,38,22,37,25,45,13,9,20,57,40,7,12,40,10,54,23,35,4,46,44,49,32,36,20,17,12,52,20,37,30,17,0,33,57,51,25,35,52,36,48,22,16
31,39,26,6,0,39,16,34,50,31,11,55,8,52,41,36,41,38,2,0,53,14,38,42,29,41,56,54,15,10,40,55,39,56,22,6,37,23,30,19,53,8,38,10,19,50,57,19,45,49,39,21,54,41,22,23,6,1,28,34
17,19,55,2,56,23,32,5,2,14,51,1,26,31,39,40,41,55,38,5,54,25,19,55,12,1,20,19,4,8,41,22,23,23,56,24,14,8,2,26,41,13,37,35,20,9,58,12,18,34,1,3,22,39,27,59,16,2,12,6
59,20,31,41,50,11,1,11,35,21,19,33,18,29,4,35,33,33,44,44,40,41,33,50,38,19,20,18,31,10,57,8,29,36,20,29,59,29,1,8,19,6,15,19,53,44,51,19,2,9,9,39,1,40,38,23,6,48,27,47
39,36,56,51,58,21,16,57,22,4,58,25,34,59,28,29,46,31,51,54,37,35,47,22,59,48,33,25,50,45,43,28,32,43,21,56,31,20,5,22,27,39,10,0,46,50,5,3,55,59,9,33,41,54,38,39,57,59,3,19
48,2,20,32,49,7,31,27,3,21,45,28,47,23,16,14,19,38,50,42,59,23,6,15,46,22,18,32,52,39,56,18,33,57,35,44,37,40,10,13,54,59,44,10,8,34,9,43,59,9,17,39,10,23,21,11,8,1,29,34
3,11,46,5,36,17,18,29,24,28,4,49,9,57,33,58,41,41,34,30,3,22,26,3,30,59,14,46,41,39,20,57,46,25,48,50,25,2,3,42,14,17,22,37,54,17,9,15,31,20,48,0,19,36,28,19,23,1,46,10
7,57,28,15,59,28,51,36,39,15,35,9,38,8,43,40,29,53,44,49,44,26,20,17,1,3,44,29,25,27,0,31,54,39,59,24,51,39,58,12,31,17,15,50,36,10,56,28,16,0,11,8,42,59,52,36,45,16,35,43
17,40,48,36,56,41,10,56,49,23,6,46,40,27,50,7,35,58,47,58,55,35,59,46,10,17,27,44,8,41,52,59,47,30,25,16,30,36,37,29,59,45,46,55,13,55,19,6,59,40,5,44,15,37,16,32,6,31,20,5
45,2,10,55,26,20,52,7,17,44,23,59,8,51,46,30,58,55,38,26,14,15,11,38,57,36,43,47,14,55,14,49,37,39,40,56,57,4,58,12,22,36,24,53,13,49,48,6,35,25,44,56,48,6,21,19,45,14,14,25
13,44,52,7,19,13,26,24,12,15,36,19,30,39,7,21,48,13,58,48,15,34,21,12,9,45,18,2,5,53,41,59,29,27,1,22,59,45,32,5,52,6,41,30,50,4,9,11,41,2,58,51,45,43,52,9,15,6,20,43
0,58,38,2,48,50,11,55,58,10,33,31,52,27,23,46,18,11,32,36,49,59,42,40,16,24,19,51,13,50,59,46,5,22,23,13,26,22,43,2,21,2,49,57,18,47,10,38,43,47,59,25,4,31,19,38,18,48,15,5
40,52,2,35,22,37,56,44,1,14,2,15,3,14,51,3,29,46,14,35,27,16,49,23,34,29,44,59,39,37,10,52,40,53,27,35,2,47,57,0,59,59,9,31,40,29,19,43,35,23,25,57,51,47,20,3,40,43,11,50
17,54,24,56,48,12,31,43,59,16,25,8,43,15,37,13,53,53,55,30,18,47,22,56,2,15,7,3,26,35,1,15,44,7,26,5,33,4,51,29,44,7,15,16,11,23,17,0,38,26,37,9,34,35,16,4,27,37,42,46
33,44,33,27,4,6,0,23,19,39,21,10,9,2,5,18,32,21,58,50,27,26,17,0,17,45,22,3,56,7,57,1,56,34,5,44,23,5,19,30,1,36,22,30,7,24,39,49,31,35,4,9,24,25,32,10,51,32,43,13
17,15,32,56,31,23,29,15,50,1,57,34,46,7,25,14,27,8,48,56,36,28,15,55,11,51,18,55,6,14,46,10,37,12,26,59,51,40,34,24,45,36,21,25,52,50,1,34,17,43,24,36,48,4,14,19,47,1,46,22
8,25,16,15,56,24,41,32,50,22,32,48,49,48,7,7,32,23,17,2,35,30,29,24,52,57,37,13,5,7,10,8,42,23,35,5,11,19,15,26,37,0,3,53,26,17,57,30,48,38,59,2,10,51,17,17,0,28,22,0
11,16,37,1,29,35,38,34,12,4,47,3,17,55,31,23,50,8,23,25,45,28,40,28,50,11,1,7,41,35,57,48,35,52,16,52,24,21,22,24,25,40,15,49,8,55,59,33,0,42,29,48,36,26,8,33,58,48,13,49
4,10,55,25,34,46,37,16,58,29,38,21,6,6,33,49,12,55,9,6,28,20,51,46,4,25,32,35,1,18,10,16,14,42,41,22,11,5,27,14,17,25,14,22,2,48,11,16,0,34,33,28,24,4,32,26,56,26,9,50
28,48,33,50,55,25,21,5,41,41,0,48,57,4,27,46,29,57,30,46,55,55,44,31,42,37,57,14,2,34,57,32,43,45,9,11,0,29,2,10,33,21,4,2,33,51,7,49,39,23,27,8,13,6,19,50,52,31,21,23
16,54,4,35,10,28,37,5,27,27,6,10,4,28,48,9,18,39,2,57,0,27,42,18,31,25,0,58,30,48,22,4,12,34,34,54,39,35,2,2,6,58,18,55,59,8,47,43,47,20,55,38,2,15,8,42,12,23,6,15
16,30,47,22,14,8,5,50,16,53,28,37,58,39,41,54,50,4,11,4,7,13,17,10,50,56,16,28,10,15,46,42,56,28,13,31,30,17,40,14,51,37,52,25,54,32,27,43,5,56,35,59,31,31,10,3,1,49,11,2
5,25,18,14,59,26,46,47,21,41,32,35,57,25,37,35,5,34,5,23,17,16,46,43,45,39,32,35,11,44,15,4,45,20,44,32,26,15,18,5,20,52,1,58,21,24,29,46,57,49,7,21,56,7,35,30,25,58,31,54
52,3,36,20,3,9,2,22,40,30,23,38,18,9,11,39,37,32,18,48,9,6,11,43,6,7,50,54,57,23,47,33,41,39,59,27,59,13,9,8,47,46,12,50,31,55,38,57,4,1,45,8,5,30,49,58,20,16,25,41
50,45,58,40,53,23,31,35,50,58,31,56,37,43,44,39,22,15,45,27,27,16,37,54,15,24,9,24,31,43,53,59,43,0,8,43,1,41,38,35,25,1,3,22,59,28,4,20,46,16,16,51,44,46,3,44,9,29,3,13
13,34,57,38,37,3,28,55,19,27,3,36,45,8,42,6,39,39,18,24,29,20,27,7,54,13,36,38,47,52,20,52,9,39,55,45,21,42,42,21,12,46,39,48,43,48,3,19,29,7,6,45,36,52,55,55,46,38,27,41
40,8,22,10,20,57,21,22,6,57,52,30,21,52,55,40,20,30,37,34,19,7,40,21,54,37,34,20,40,12,51,28,34,27,6,11,34,49,39,47,45,42,5,6,57,51,39,43,11,25,32,42,38,25,13,11,27,59,18,5
23,12,19,8,22,8,58,7,9,9,44,20,20,33,15,2,23,28,38,42,7,10,48,25,28,37,26,40,31,8,13,19,59,18,2,12,48,17,56,1,57,32,44,23,55,24,52,48,55,43,41,38,6,39,8,55,55,45,35,4
54,3,57,54,53,46,58,31,17,40,55,38,33,31,41,27,45,36,56,34,0,51,30,51,45,24,1,0,12,20,19,27,32,56,51,33,11,36,37,27,30,5,12,23,23,8,34,27,41,38,47,35,39,4,6,32,55,19,12,35
49,27,48,32,17,29,28,22,45,54,3,48,56,54,54,22,4,29,20,6,56,36,50,11,54,28,17,32,4,57,34,54,1,59,9,41,16,48,12,19,47,27,25,55,56,9,18,12,22,8,25,54,23,12,12,43,8,59,57,30
12,30,29,4,25,1,19,47,35,12,49,48,49,29,45,40,35,35,12,6,54,10,33,37,44,57,20,41,34,11,40,40,53,12,39,59,9,50,47,44,40,49,27,48,51,4,28,41,13,28,50,32,58,5,23,41,7,42,25,27
45,32,38,45,8,21,0,3,55,36,13,53,14,5,3,43,1,33,42,0,40,54,15,46,42,0,56,27,9,12,57,45,55,38,35,33,11,8,15,2,57,5,28,54,20,47,7,20,31,59,8,35,35,50,34,10,21,6,41,39
31,1,47,4,18,56,35,15,20,43,34,59,1,46,13,27,45,39,35,59,15,47,38,50,10,25,58,24,42,7,39,49,16,29,30,19,8,3,3,9,45,46,34,10,41,12,5,34,33,44,55,13,28,25,28,20,47,51,20,41
8,10,40,28,52,10,57,1,30,58,48,24,10,40,23,41,52,23,24,59,34,28,3,16,46,44,45,7,14,18,37,33,37,17,45,51,7,22,11,1,14,27,48,38,8,8,52,49,6,13,6,41,18,25,28,3,3,47,50,15
40,40,23,36,5,37,36,27,2,40,50,11,53,58,18,13,5,6,57,51,44,3,17,52,14,29,0,55,18,27,54,18,12,27,14,30,46,29,46,58,36,45,24,0,16,3,54,13,16,4,33,59,34,12,10,55,38,59,28,20
27,52,6,58,15,7,25,3,35,31,51,0,8,2,56,36,52,37,7,43,9,32,31,18,52,16,38,3,25,23,7,16,42,2,35,15,6,27,59,43,32,9,49,10,49,3,26,41,7,52,59,49,30,4,49,49,22,2,3,1
42,53,4,18,38,53,17,12,54,28,15,41,4,19,20,12,21,38,31,10,7,20,15,3,6,36,37,36,44,8,37,39,23,59,24,15,37,56,52,34,46,10,37,49,57,14,25,15,50,57,53,42,25,27,31,52,58,41,24,59
39,22,32,25,11,59,57,18,27,13,35,31,12,30,8,25,34,40,53,57,46,39,13,18,22,13,50,58,50,8,15,5,24,30,3,55,28,49,23,45,24,31,7,11,0,24,36,2,14,1,28,8,56,36,2,16,24,10,18,25
8,36,2,59,40,35,43,40,53,44,3,31,30,2,45,20,51,34,55,11,3,0,49,48,0,53,43,10,41,40,55,39,52,0,14,38,58,34,28,39,55,33,51,51,2,48,33,54,44,6,7,59,32,15,15,9,17,20,21,36
3,53,36,5,46,25,23,54,22,13,44,24,33,28,15,30,12,0,55,9,31,14,7,4,27,30,3,45,1,28,24,46,53,55,35,51,47,24,7,4,5,50,27,40,50,25,49,36,24,17,26,2,55,17,33,13,41,33,5,37
49,51,46,54,0,57,43,2,45,35,12,10,8,46,33,21,2,47,15,49,20,45,5,12,3,39,49,24,16,49,4,2,23,57,39,32,42,43,44,3,25,43,42,41,38,57,1,0,30,24,13,2,56,21,10,21,37,0,27,37
54,26,56,35,28,34,56,0,29,36,22,22,52,28,40,32,52,8,31,58,43,2,12,45,57,57,51,53,26,5,47,18,21,30,8,24,8,59,38,15,23,19,2,52,2,17,26,50,2,56,51,49,50,17,53,4,45,20,44,24
53,27,9,20,46,42,46,35,13,43,44,10,3,47,42,25,46,43,11,25,0,8,22,47,36,18,0,42,47,12,25,15,34,9,28,27,48,54,35,30,1,2,38,26,38,42,45,50,48,59,26,48,6,4,9,58,53,12,59,59
14,11,10,53,32,24,20,56,32,1,29,43,54,26,36,4,9,50,2,23,22,31,46,8,19,50,49,15,18,29,41,58,39,18,6,7,22,42,3,7,15,37,17,13,31,38,45,39,40,37,47,10,5,47,31,49,24,50,59,43
40,11,51,46,9,26,41,21,27,26,50,3,38,4,7,25,30,52,36,39,35,52,59,42,45,36,1,52,36,3,9,1,29,22,52,55,33,49,46,42,7,49,57,43,10,1,20,56,52,14,8,9,8,28,59,2,48,53,28,1
20,29,57,47,48,1,14,23,41,13,37,30,57,47,17,34,19,29,54,35,45,20,53,34,16,44,8,47,15,22,56,38,26,20,12,10,31,11,1,7,8,47,39,53,58,58,24,58,1,54,2,19,10,43,26,56,53,6,17,37
50,22,54,36,1,15,33,41,30,42,33,27,52,23,7,23,43,44,46,40,17,15,37,42,53,9,9,30,16,47,0,19,53,31,7,23,28,52,30,59,3,42,31,49,48,40,39,48,25,24,57,1,1,21,29,46,27,35,52,20
28,37,56,55,0,42,11,8,35,14,35,0,53,35,25,22,37,11,53,13,13,26,7,28,57,41,2,55,37,50,15,11,45,43,53,10,55,39,10,36,47,30,40,54,52,13,21,3,52,48,11,52,57,47,23,37,12,38,2,5
15,31,8,2,29,39,35,26,47,54,50,35,53,55,51,58,31,14,22,14,37,59,59,53,17,47,42,32,20,8,38,37,39,53,55,17,1,7,57,30,33,51,1,52,3,45,14,31,5,15,28,32,24,10,21,33,15,22,56,17
36,40,17,11,32,4,44,27,16,25,38,24,42,53,7,22,1,42,7,11,15,10,10,15,40,1,6,16,18,12,33,2,53,53,20,23,47,23,39,48,23,45,37,39,38,48,34,31,21,49,14,41,16,51,1,43,18,43,17,29
42,51,2,39,5,41,56,47,57,40,17,44,24,33,12,35,44,55,33,33,26,12,58,50,17,47,26,0,32,45,55,39,38,57,24,33,4,58,42,28,0,6,51,45,52,51,2,46,58,26,47,2,36,24,30,8,57,0,33,31
34,32,32,48,42,51,28,37,38,27,25,58,12,13,30,3,17,28,45,1,23,2,11,59,6,9,24,8,2,58,37,32,31,9,53,11,42,16,12,23,33,27,40,0,38,1,26,31,18,27,5,0,48,54,1,14,2,40,20,41
9,24,32,48,34,6,29,21,26,54,26,57,32,16,55,10,4,4,25,7,15,21,18,21,41,50,52,56,37,42,42,40,21,8,39,33,42,16,47,43,34,4,48,34,18,34,47,46,55,11,48,11,26,14,19,46,57,47,14,19
52,21,52,21,35,18,12,50,44,44,45,34,15,59,42,56,30,18,10,31,0,54,11,30,42,34,51,26,16,40,18,26,11,45,55,53,24,45,59,16,46,33,10,7,12,35,16,13,38,33,56,43,8,43,36,47,34,25,19,21
21,49,41,41,24,35,45,6,33,10,11,31,29,28,35,19,11,7,8,8,3,10,44,40,13,56,9,37,15,14,56,19,20,15,24,44,18,48,50,9,16,38,13,40,40,34,23,29,42,25,17,5,31,53,29,17,57,3,50,34
59,20,44,25,53,5,28,46,40,59,48,2,46,58,6,24,48,59,47,17,21,33,58,4,23,21,9,3,45,47,26,14,47,39,45,32,5,10,13,22,26,49,54,12,56,48,13,53,6,32,36,49,44,0,49,40,45,4,37,30
49,47,45,7,23,53,26,24,50,34,11,42,4,45,35,30,40,56,51,53,35,42,50,2,28,8,4,55,44,49,39,6,37,30,6,35,11,59,17,23,5,56,11,41,47,35,43,19,38,55,41,59,26,17,45,3,0,48,37,30
23,58,18,40,52,3,20,32,44,32,23,46,28,5,58,28,29,55,23,12,58,22,44,43,36,11,2,34,21,17,16,59,27,46,40,17,27,45,17,2,47,9,1,57,26,24,25,20,27,12,40,24,51,24,42,15,18,48,45,45
5,55,43,45,22,41,48,58,23,22,18,51,45,31,32,23,39,26,50,36,26,8,27,4,38,35,54,8,50,16,20,36,21,25,1,16,22,4,17,40,57,42,11,10,28,0,49,7,39,27,30,40,43,44,25,43,1,7,52,38
31,24,55,32,32,52,52,30,54,5,1,54,56,29,28,25,31,32,17,29,7,4,47,30,30,2,45,27,52,7,46,34,24,52,45,0,45,28,33,12,2,13,10,7,1,13,1,7,15,37,39,8,50,41,52,55,24,47,20,49
21,20,27,1,23,23,48,58,33,53,57,7,22,50,55,0,11,27,19,54,40,54,25,2,28,7,45,23,22,51,46,3,27,22,12,58,8,34,55,4,48,27,25,38,42,44,43,58,13,18,26,16,35,21,32,23,4,37,41,14
3,8,22,31,51,35,58,40,56,2,54,10,22,8,59,29,29,39,9,15,39,9,40,15,19,13,2,54,36,26,2,37,56,57,44,33,54,25,43,8,0,1,44,23,42,44,1,5,7,47,30,44,2,28,42,38,45,3,29,46
38,53,8,38,49,2,30,25,36,21,24,38,1,38,59,51,18,39,42,47,37,20,40,34,38,53,26,19,49,16,29,24,26,26,5,10,5,12,25,42,30,7,53,7,53,52,45,2,3,43,50,14,11,11,48,6,31,18,29,44
41,19,44,7,44,57,45,30,52,51,47,36,45,42,20,49,58,25,52,24,49,4,27,32,53,6,28,19,36,30,54,24,58,52,43,42,17,51,2,55,3,59,28,20,16,20,6,1,48,10,14,53,41,45,31,49,40,34,14,40
33,50,36,5,25,20,46,16,26,32,41,27,13,9,17,27,16,21,22,45,17,0,55,8,33,26,29,55,1,14,10,54,18,56,46,15,30,25,9,23,47,15,57,56,31,7,13,43,0,36,4,27,26,25,44,15,9,0,51,33
54,38,51,26,12,37,56,53,9,41,4,33,52,55,13,18,53,19,40,58,29,32,22,39,31,10,14,46,47,12,0,31,59,59,43,26,34,4,12,26,26,4,4,38,23,55,23,21,34,55,48,29,59,34,59,37,10,2,51,55
50,35,10,5,14,9,51,37,48,36,24,15,5,38,29,58,33,35,51,38,15,31,12,6,41,35,47,21,56,51,9,54,56,47,30,59,45,45,17,26,36,54,29,11,30,26,14,58,54,0,58,7,43,23,54,24,37,8,34,36
28,47,40,35,29,31,17,18,17,6,40,49,54,16,46,17,38,25,36,27,8,30,38,40,13,58,20,8,25,26,14,46,10,36,58,38,33,28,32,50,39,57,25,33,59,6,38,2,52,55,41,4,1,58,8,52,34,3,6,38
17,53,33,22,4,58,52,14,49,0,12,3,12,1,40,3,20,47,2,5,19,34,13,20,15,20,48,2,22,36,47,14,13,1,5,10,6,0,37,16,23,2,52,56,11,50,59,28,24,29,58,33,37,49,17,10,12,22,44,46
5,42,44,36,8,59,25,18,4,40,30,30,51,42,30,59,10,40,10,28,12,25,50,16,34,17,27,21,37,21,0,16,51,1,9,47,1,36,27,45,44,48,5,6,55,51,10,32,42,31,56,36,41,51,29,44,2,48,12,16
42,47,53,23,8,21,23,58,10,36,52,41,16,23,40,1,53,3,24,23,15,53,53,15,3,33,0,38,26,58,48,15,30,56,37,11,22,24,52,37,17,38,17,38,9,30,46,23,2,47,45,28,5,25,32,13,11,59,50,18
21,28,16,59,25,45,27,50,0,12,12,22,17,47,37,34,46,16,27,32,30,59,39,42,37,26,45,10,45,25,59,34,50,30,30,43,7,41,28,8,38,32,16,37,2,41,34,13,1,11,48,7,5,39,32,32,0,19,2,48
0,6,14,55,40,5,26,7,16,8,34,50,5,45,20,53,21,44,57,43,31,34,43,15,22,26,13,33,16,17,30,57,57,42,40,48,35,16,19,39,37,57,44,7,3,7,30,27,35,32,52,17,23,45,13,7,41,20,7,53
44,13,24,34,6,21,52,16,55,58,26,13,28,8,50,30,17,14,31,9,17,45,5,1,48,5,7,10,51,4,44,3,59,21,48,21,4,32,14,38,57,36,16,34,59,38,53,48,25,35,18,9,52,2,4,23,47,58,24,11
54,48,40,20,3,5,58,31,37,31,2,1,0,40,7,51,28,8,46,51,8,17,20,38,34,30,30,43,29,17,13,33,23,31,51,52,46,23,41,25,21,20,41,55,57,25,51,5,49,26,37,52,37,40,49,56,27,25,0,30
2,13,43,1,7,24,24,32,23,1,32,32,53,47,48,25,20,19,18,48,33,19,13,44,57,43,57,47,37,40,6,14,46,15,34,26,40,51,30,54,0,35,49,33,30,14,6,51,37,17,13,36,39,46,29,23,7,38,2,13
57,25,27,38,53,6,23,41,56,37,29,8,55,47,39,42,16,57,55,28,40,13,15,12,10,55,33,2,12,42,36,5,26,46,3,49,12,33,44,7,24,5,44,23,35,22,56,49,30,39,30,47,58,53,3,3,43,1,18,50
27,26,45,7,32,28,35,34,40,12,16,58,13,47,42,32,38,7,0,22,33,38,22,46,48,58,7,10,39,5,52,29,47,55,21,33,52,51,57,47,29,8,33,47,10,13,17,7,39,8,41,0,11,21,2,31,52,44,52,33
55,42,49,32,22,52,31,35,1,51,59,6,59,40,18,19,51,38,37,16,52,5,51,43,16,31,20,10,34,40,2,4,47,7,15,35,21,29,42,17,33,40,2,19,21,17,44,8,59,21,55,25,28,43,32,17,8,11,17,33
58,56,27,30,7,46,17,14,0,25,5,29,3,2,47,22,22,29,14,43,6,26,51,3,31,33,46,39,57,17,15,8,8,0,33,26,26,26,40,48,51,18,48,0,23,42,45,29,43,45,50,33,45,11,25,55,34,21,48,15
24,38,33,29,59,30,36,49,45,53,31,57,20,4,0,31,8,2,18,22,29,58,27,35,48,24,52,24,25,51,17,56,3,22,54,8,21,37,47,49,16,58,56,32,32,39,33,23,38,23,23,2,43,6,8,5,3,2,23,5
55,51,54,9,25,0,14,39,2,27,40,2,27,1,31,22,26,2,22,3,37,48,50,36,16,55,28,4,47,34,28,35,29,37,23,16,2,39,42,49,2,14,36,19,31,11,22,31,42,24,22,17,31,13,20,56,44,47,31,14
55,20,12,44,6,51,47,47,49,3,1,17,16,23,31,45,58,55,12,48,37,38,20,7,33,33,33,47,52,59,41,30,40,19,54,10,25,18,55,5,45,27,40,4,8,32,54,22,46,6,50,1,35,47,54,17,53,41,41,49
58,15,21,3,50,44,47,19,34,56,36,43,15,31,37,34,42,34,33,1,12,13,2,7,6,33,38,2,44,57,42,46,49,40,22,26,12,20,49,54,11,32,38,0,46,54,47,37,4,48,3,57,23,43,0,21,53,13,33,24
53,31,3,30,44,51,23,42,46,41,45,54,6,7,32,21,2,11,46,36,12,59,29,4,28,1,44,31,14,1,54,2,15,22,31,53,17,13,33,36,6,54,4,26,39,40,22,1,28,48,15,44,10,23,42,39,39,14,18,13
47,0,40,22,57,13,41,41,55,18,45,14,48,12,52,41,38,12,20,3,34,55,21,42,6,5,15,53,9,13,54,19,36,43,50,26,45,47,18,23,40,49,39,46,20,39,23,20,21,15,37,50,58,40,42,19,44,59,30,32
35,22,4,4,4,14,40,15,42,39,53,52,22,51,16,34,5,35,53,0,51,6,34,52,14,54,32,3,4,45,16,26,9,18,49,10,42,8,1,48,17,3,5,0,17,44,18,56,55,38,23,8,5,15,53,6,13,1,58,13
27,5,5,51,16,28,38,57,8,28,3,57,1,32,11,57,50,13,6,45,21,14,13,52,52,40,58,25,48,16,10,4,41,48,40,28,39,5,8,30,40,7,39,7,31,54,8,58,53,50,10,7,10,58,37,9,29,55,7,54
42,27,34,21,34,9,53,32,46,54,49,59,54,1,1,49,43,30,24,3,50,28,16,13,58,7,27,4,34,15,17,3,54,11,11,28,47,0,21,36,17,7,14,26,2,22,37,47,13,59,1,23,34,50,23,10,24,14,8,43
4,18,46,17,12,54,6,48,3,4,3,45,11,5,0,46,3,4,26,26,21,43,12,21,50,37,12,47,20,8,27,39,59,37,52,37,2,32,20,41,49,14,0,32,22,18,37,9,46,29,18,58,25,45,58,57,39,29,29,14
32,30,44,31,25,28,16,38,22,6,6,50,45,55,12,2,26,49,42,29,13,13,13,58,50,6,50,53,27,26,9,7,18,53,27,53,11,9,6,48,18,53,7,51,11,14,17,36,57,32,6,9,8,36,29,37,27,49,49,39
3,12,7,38,21,24,45,55,56,14,46,5,40,47,32,48,3,8,50,40,37,26,37,8,37,14,45,56,37,31,5,46,45,57,35,25,28,3,24,23,18,31,10,55,41,52,43,45,14,50,30,3,27,41,19,48,37,41,11,29
33,15,8,3,13,42,58,50,43,5,33,9,30,4,2,53,44,55,28,18,12,7,17,52,5,36,34,44,49,37,52,47,34,3,28,27,32,7,41,20,17,31,50,31,25,37,10,59,38,10,25,59,38,55,53,28,55,17,43,14
19,14,43,7,25,2,30,53,52,3,31,11,14,8,37,15,19,38,28,39,40,56,45,10,57,56,45,36,57,52,55,38,24,8,21,46,23,55,54,58,23,43,10,26,58,9,46,23,6,46,18,8,16,21,2,6,10,40,1,34
6,15,52,25,1,27,1,12,41,16,28,33,40,57,59,38,24,49,18,2,32,7,52,44,35,56,41,15,55,37,40,40,14,1,52,46,4,5,44,18,37,0,47,35,5,59,56,7,42,13,58,14,51,46,55,58,18,33,27,6
56,36,23,1,31,59,30,14,18,28,40,23,58,40,11,21,43,52,37,43,4,17,7,9,40,55,19,8,36,56,0,30,21,37,34,38,27,7,26,18,15,31,31,31,6,9,25,25,26,45,45,45,52,54,26,46,18,0,14,28
56,25,28,22,51,20,48,4,56,36,34,0,31,54,54,4,13,47,7,56,29,38,8,48,3,41,55,44,19,4,7,59,27,34,29,28,29,8,25,28,52,54,0,30,26,36,8,11,14,52,14,9,12,39,56,37,23,43,45,2
14,50,15,0,3,17,30,32,30,40,59,49,3,9,57,43,8,12,56,23,19,39,47,46,5,10,27,7,27,18,3,29,18,13,53,35,6,50,27,16,14,2,41,2,4,54,0,23,40,21,28,27,19,6,53,41,7,19,49,39
20,36,49,52,43,13,7,57,10,21,35,44,11,14,17,56,19,36,0,24,36,49,38,36,58,3,17,22,48,33,2,45,5,33,52,51,40,57,12,56,0,57,45,5,1,10,33,22,4,38,10,5,21,23,56,38,56,21,23,25
21,39,16,49,18,14,49,56,38,36,8,59,6,50,40,32,8,32,36,53,23,19,46,2,5,57,34,9,4,18,41,17,42,31,29,25,22,3,37,33,34,40,1,7,7,6,52,27,39,9,58,41,42,14,1,44,10,19,12,39
38,33,26,51,33,42,52,0,4,44,26,12,5,33,56,21,38,38,1,32,53,29,30,35,45,22,6,27,12,38,52,21,54,2,48,58,24,51,6,27,16,2,45,22,35,24,5,30,47,15,21,49,43,34,56,3,2,24,13,18
52,51,31,26,12,4,28,30,11,34,47,54,30,39,5,30,10,27,58,15,13,0,51,44,11,40,47,20,33,9,22,54,17,52,28,5,54,37,1,6,56,30,31,22,12,11,8,4,46,38,41,41,26,18,2,40,16,3,19,44
38,46,23,53,13,27,0,50,36,58,1,27,27,18,45,34,24,12,51,58,43,0,8,14,36,42,11,30,0,42,4,4,36,46,1,40,56,41,35,4,24,8,6,36,41,14,37,55,54,26,34,14,19,40,18,11,7,38,34,37
30,25,22,52,45,37,59,44,56,41,11,21,11,34,3,3,48,37,56,59,41,53,40,53,58,36,55,58,38,42,51,18,34,14,59,56,7,42,46,15,15,36,48,44,48,1,22,57,33,35,10,50,10,3,38,10,8,3,37,9
23,32,54,36,5,45,21,3,55,11,21,14,49,37,41,20,55,28,40,22,36,48,49,59,18,26,13,15,18,46,3,13,39,34,9,1,37,43,5,52,37,10,10,22,39,44,44,27,1,13,41,9,22,3,42,54,40,52,55,51
15,58,5,57,2,40,31,1,30,54,39,38,27,12,50,13,59,36,56,20,0,34,5,18,40,35,47,47,0,42,15,33,26,45,22,31,44,27,21,50,40,54,40,51,44,11,52,26,51,55,24,52,36,55,40,8,35,15,47,9
29,31,21,14,44,54,34,51,27,2,11,59,59,15,22,12,26,53,32,30,59,0,30,46,57,29,39,3,38,48,5,58,55,0,29,11,7,2,23,42,21,25,47,15,9,27,38,8,31,23,49,55,9,43,39,28,39,31,41,13
43,12,25,14,50,8,17,50,41,56,27,27,32,30,54,1,46,53,58,51,1,6,5,39,19,14,19,13,58,27,47,35,46,8,12,10,59,18,26,23,30,48,46,25,23,40,11,29,53,49,2,30,12,5,17,1,41,18,44,13
28,29,42,45,15,45,42,33,41,45,29,32,27,46,37,56,53,40,51,17,21,54,16,15,22,24,23,48,50,50,48,11,53,32,14,22,0,50,6,19,18,10,16,53,14,4,1,50,13,42,33,4,30,41,19,12,45,58,28,39
32,16,12,59,8,55,37,56,43,6,42,11,31,26,53,15,27,32,34,52,47,38,44,26,4,7,2,31,28,38,23,51,27,28,48,13,29,50,1,53,29,44,14,47,46,26,59,13,32,5,54,8,42,44,7,36,23,58,14,7
2,0,39,3,42,22,2,21,47,29,32,23,6,22,54,44,57,11,8,45,53,7,13,45,25,16,44,18,10,15,51,11,6,54,36,22,52,31,44,51,18,28,31,3,9,20,43,4,11,47,14,38,40,16,43,5,46,45,53,40
46,34,26,3,59,14,9,21,10,50,27,37,28,21,1,7,37,30,52,57,45,47,36,21,16,20,52,1,50,11,6,53,6,2,7,48,22,54,11,52,57,48,5,14,48,0,49,10,3,19,17,23,6,10,57,32,19,41,11,32
56,8,34,42,37,39,9,57,15,9,28,58,5,18,12,54,8,29,25,42,17,11,57,5,42,26,13,1,21,32,58,34,38,42,59,21,18,27,55,36,34,54,14,55,29,28,3,58,44,33,40,51,43,8,38,13,40,32,56,9
35,28,57,22,36,32,1,33,24,25,5,0,50,57,29,13,43,20,50,28,13,0,46,11,30,38,38,2,15,18,35,31,42,6,41,13,33,25,22,28,21,8,31,49,56,19,57,31,44,41,29,14,19,21,42,0,0,30,40,1
4,8,7,24,38,6,16,13,51,59,15,18,1,23,48,44,30,41,38,31,58,57,29,51,55,9,42,1,35,4,40,26,3,49,43,21,36,21,16,56,19,52,34,17,31,19,42,36,10,32,47,57,44,15,8,53,34,11,50,1
36,31,40,27,40,21,32,30,31,50,17,23,29,43,51,15,18,33,6,24,38,1,20,13,26,52,23,9,52,7,21,25,32,50,59,27,5,27,23,20,30,20,24,57,18,34,19,51,4,24,10,51,22,4,23,13,23,43,44,32
12,53,20,56,24,49,25,4,45,4,7,46,18,41,30,17,47,41,29,21,53,29,57,54,41,37,21,13,45,47,40,29,26,0,12,2,58,5,55,23,29,38,0,30,6,27,5,59,53,11,39,35,30,24,32,47,13,6,57,18
21,36,8,4,6,49,7,29,23,59,12,21,30,38,55,0,40,22,51,49,18,49,21,52,24,18,19,23,5,9,5,43,38,24,43,38,39,39,4,13,5,54,4,30,24,57,15,26,14,27,4,11,45,0,2,29,53,28,22,4
18,19,23,4,56,36,10,51,4,2,24,35,31,29,13,58,9,11,40,34,58,46,13,27,2,57,44,45,29,20,46,53,58,20,23,55,37,55,11,34,13,39,23,10,4,5,29,14,48,27,31,17,4,12,44,11,1,57,1,50
12,22,21,42,5,9,31,45,25,6,37,1,22,30,38,51,25,36,27,48,50,45,51,34,7,30,49,18,23,19,12,38,1,16,41,53,17,42,54,37,48,34,20,26,15,27,11,10,59,34,59,57,20,7,58,14,53,48,59,6
19,50,50,46,44,45,24,0,43,9,30,44,13,5,20,0,14,11,57,6,48,51,29,31,5,45,28,0,16,27,47,40,39,40,39,18,10,20,37,46,34,44,21,36,10,4,30,48,21,5,25,24,46,3,24,1,14,9,47,34
48,28,50,24,38,50,6,43,2,24,6,41,14,43,10,47,4,38,49,2,18,24,16,47,39,33,43,37,3,15,25,23,38,38,36,23,24,4,7,28,3,1,56,46,40,41,1,46,51,30,55,1,7,59,44,30,28,42,6,50
43,21,26,16,47,11,24,28,51,29,30,18,0,28,53,27,54,18,0,44,49,23,33,27,30,49,57,23,23,4,57,39,2,57,56,8,30,36,32,21,53,21,32,1,40,4,31,45,3,5,24,21,3,7,26,17,24,6,12,55
12,17,22,58,13,46,28,11,23,37,38,8,51,19,53,58,54,7,53,16,23,38,9,36,44,15,21,15,7,21,40,50,23,42,7,39,4,45,33,54,59,59,59,30,27,32,0,24,3,42,50,20,4,39,28,6,56,44,56,52
50,1,58,28,7,53,18,41,39,36,3,33,51,29,21,45,38,32,41,5,32,34,4,29,12,50,55,6,38,23,25,16,22,18,1,21,29,21,32,16,25,50,51,26,41,31,37,1,55,8,9,52,20,36,23,45,23,19,1,53
12,54,38,47,2,16,46,59,42,47,20,55,21,52,49,37,55,18,53,50,51,40,44,37,29,14,34,25,12,19,36,23,46,34,35,5,20,30,12,51,35,46,42,25,21,11,33,1,42,2,8,45,58,14,16,37,15,35,7,26
51,56,1,30,58,34,2,1,28,4,59,51,41,10,19,51,18,34,42,42,49,21,4,34,56,50,42,43,19,58,58,35,36,1,5,11,48,44,53,46,14,58,40,12,50,36,9,34,31,27,40,50,15,40,6,48,22,58,39,11
43,2,15,11,15,30,47,43,32,41,38,23,44,17,9,7,24,25,38,46,3,32,15,7,56,44,19,20,40,0,20,11,9,26,23,36,21,46,17,53,42,21,47,12,42,33,13,20,37,19,32,18,50,19,28,32,47,50,56,7
6,1,35,12,49,36,8,14,18,48,11,37,19,14,57,48,50,46,26,1,17,46,52,8,19,27,54,27,7,34,14,26,19,53,16,20,52,15,36,5,17,0,27,22,14,58,55,50,21,7,23,55,23,1,33,38,19,19,44,30
51,39,27,29,35,16,39,42,20,13,46,31,15,21,31,31,17,19,38,30,55,0,15,19,59,25,49,58,38,13,32,30,49,42,9,13,1,23,28,0,45,0,46,8,46,26,48,9,22,8,45,33,3,26,21,40,52,13,24,14
21,54,50,53,30,58,51,44,20,15,26,59,41,35,1,42,8,55,59,44,40,25,36,49,46,51,30,34,53,39,54,52,5,3,7,18,48,50,56,12,23,22,41,53,11,17,28,57,10,12,18,0,26,24,21,20,10,13,45,5
2,31,55,4,22,16,33,59,34,34,51,39,40,28,37,36,14,44,6,50,49,53,21,58,45,54,13,51,53,57,26,5,52,50,12,32,28,26,22,19,27,23,21,11,30,18,29,56,25,53,10,38,44,57,35,18,36,43,51,27
17,32,20,34,56,27,46,0,8,47,46,45,34,14,47,20,55,26,41,28,6,11,24,52,45,45,13,24,24,32,5,48,33,48,32,15,16,40,2,21,16,20,41,27,18,37,31,22,29,45,58,41,31,18,7,38,16,59,16,47
13,1,24,54,1,55,21,23,24,8,51,46,11,0,11,59,38,30,9,58,54,17,42,45,39,18,7,5,29,47,59,39,14,23,48,27,54,28,21,17,39,20,4,26,8,13,8,58,11,55,4,5,10,58,43,47,14,32,23,1
37,37,7,21,51,23,10,25,29,22,33,24,59,48,3,14,38,41,51,15,56,22,37,48,26,8,47,16,25,14,28,42,50,27,43,29,16,41,34,28,56,16,30,27,38,16,32,9,17,32,22,2,5,20,35,2,3,28,14,51
48,9,14,43,43,16,21,4,0,22,38,22,5,13,25,8,24,3,37,38,45,9,59,22,55,52,15,16,56,18,44,4,21,1,57,38,45,54,31,4,7,52,7,45,1,7,10,7,58,37,44,25,47,5,43,18,6,14,43,57
23,21,33,50,19,39,2,8,39,15,11,22,45,50,36,21,49,54,3,8,22,50,59,29,46,33,26,57,15,58,41,17,10,56,41,36,47,44,36,53,59,26,58,48,5,56,27,1,1,50,36,50,19,53,55,20,55,20,46,15
14,31,55,13,17,17,7,59,56,9,31,3,32,3,39,12,3,21,38,33,11,57,49,23,45,18,58,34,17,44,35,48,14,17,8,26,44,53,58,38,35,29,15,4,49,51,27,47,58,50,41,54,54,4,51,42,38,58,56,21
27,6,24,34,44,33,29,22,48,59,36,15,18,23,43,13,28,45,2,57,26,38,33,3,32,2,37,38,30,43,55,31,37,51,25,41,27,1,14,15,23,2,9,42,31,30,36,11,27,13,55,11,10,9,21,46,15,37,23,5
35,57,34,21,0,37,6,13,17,7,3,46,46,19,21,1,59,5,39,11,32,45,5,56,43,16,7,47,38,48,59,1,5,37,10,16,46,6,20,5,31,16,47,46,39,13,34,38,16,22,7,32,25,23,52,45,39,55,43,13
4,28,59,55,57,46,11,36,11,2,29,46,41,37,57,51,13,41,24,37,39,37,37,25,52,35,27,4,27,17,34,14,8,33,22,26,21,41,12,4,28,16,31,53,38,43,38,56,35,47,29,54,2,20,1,7,57,56,41,55
59,3,6,52,13,45,52,49,17,56,25,40,9,15,59,7,31,3,55,32,51,30,11,29,8,40,43,53,6,58,3,45,18,23,3,48,29,10,17,2,37,10,30,8,10,11,38,18,11,27,52,52,47,57,28,57,59,32,42,35
40,7,25,53,35,0,42,53,38,1,48,50,51,48,8,21,26,54,13,35,20,58,23,55,31,15,4,15,37,9,18,6,7,32,2,8,40,49,50,11,3,26,32,43,45,30,47,41,45,36,3,46,46,21,2,24,15,28,4,40
54,22,57,6,49,9,35,37,5,54,12,45,32,25,14,30,48,42,0,23,38,4,58,41,48,26,4,2,16,57,39,35,7,31,59,0,48,56,10,45,41,4,33,11,12,43,17,52,46,54,15,38,35,36,51,3,3,10,14,29
8,51,22,50,57,23,31,39,3,11,31,21,36,39,22,23,37,49,10,1,25,23,59,47,21,44,2,55,30,26,59,42,15,41,32,9,6,55,0,3,21,22,35,58,36,14,56,4,10,36,43,6,5,55,56,59,55,7,38,17
0,24,23,37,40,22,43,12,48,46,35,50,36,32,51,20,31,38,0,46,32,33,51,41,57,26,32,27,13,34,56,34,26,59,46,9,9,49,4,40,15,47,24,44,9,2,46,3,52,55,21,22,35,41,41,36,59,42,46,29
3,19,50,42,3,17,34,52,37,55,50,19,8,15,35,11,25,4,58,29,7,44,53,9,55,16,8,41,47,22,27,38,14,27,36,13,26,28,48,38,16,43,11,42,56,54,38,1,46,29,21,35,39,38,2,35,43,15,46,50
56,50,15,56,4,49,45,47,37,41,24,57,54,55,9,56,44,5,17,16,2,42,19,0,0,29,19,35,13,6,24,32,47,22,50,32,58,28,18,54,48,14,36,12,31,38,54,58,34,7,13,8,11,57,8,23,48,44,19,23
42,48,2,3,21,55,37,6,8,59,19,51,49,43,34,13,26,40,16,34,20,25,48,41,53,43,24,0,2,10,13,42,34,13,32,7,50,9,8,16,41,14,49,10,3,35,42,52,36,30,19,16,4,38,50,4,44,13,6,25
19,20,54,56,50,56,15,36,47,13,19,52,3,35,33,57,29,19,45,27,8,26,37,41,42,15,0,5,46,48,47,43,34,21,28,25,49,3,22,12,48,8,47,3,16,37,20,26,0,2,39,43,15,54,49,0,38,13,57,38
37,22,19,48,11,1,40,23,53,47,9,1,20,37,23,7,10,39,0,15,10,41,20,34,41,6,6,53,39,40,40,6,56,55,32,39,44,58,19,59,49,19,49,47,38,55,13,27,59,45,7,3,56,46,14,56,12,55,37,34
51,17,28,17,51,0,15,52,5,50,32,30,57,10,40,52,15,42,23,59,56,22,57,6,54,16,20,14,23,24,35,8,30,40,47,45,0,34,22,54,29,57,13,22,29,58,25,12,18,25,49,6,26,44,15,9,34,52,9,23
41,58,24,28,35,50,43,45,42,19,54,35,3,29,27,3,7,42,48,0,35,45,46,17,16,43,42,26,44,6,24,55,4,22,9,44,34,26,37,52,31,12,11,58,6,12,46,37,42,56,41,2,10,42,40,26,3,53,27,21
53,44,14,27,19,23,9,56,3,48,29,40,32,6,50,51,32,3,49,1,46,4,22,37,46,20,39,10,57,25,17,30,47,48,55,30,4,25,54,28,3,54,58,36,14,22,27,30,45,13,2,33,52,32,53,33,30,44,7,7
17,4,27,35,45,43,59,49,10,51,39,58,24,41,19,14,34,45,32,41,27,38,28,44,54,3,8,31,47,19,47,20,45,45,32,52,29,33,56,4,0,36,15,11,17,54,3,52,51,37,1,53,45,22,10,42,50,59,48,2
52,8,39,1,43,48,31,5,58,20,30,4,20,47,36,53,27,41,8,5,16,25,54,45,13,0,45,26,5,16,50,28,18,30,57,16,26,13,19,1,24,37,24,59,18,30,37,56,34,47,38,27,2,12,24,12,25,52,38,43
20,15,50,49,28,50,47,5,28,23,2,50,27,41,55,23,0,53,58,24,39,46,46,27,32,23,38,37,58,12,58,7,36,49,15,15,40,40,56,14,20,24,5,47,52,15,1,10,6,27,3,10,18,3,1,6,16,52,25,53
34,7,18,23,40,0,28,24,56,30,41,8,53,58,46,54,14,36,12,25,38,4,31,25,23,28,50,15,25,27,33,23,59,18,36,29,57,57,5,56,1,45,5,48,53,0,26,47,2,41,59,17,41,3,55,40,22,23,0,48
46,14,27,12,58,56,32,54,26,18,12,6,5,35,47,8,20,10,6,25,10,2,18,43,19,43,43,16,45,37,25,48,32,50,4,59,27,9,10,44,27,16,8,42,7,12,17,33,37,44,43,43,9,8,35,53,13,46,34,54
14,17,42,11,52,54,26,2,46,23,24,16,30,39,2,25,54,40,33,33,1,10,32,20,38,48,52,51,36,43,37,44,5,53,4,52,50,21,4,5,37,16,27,14,57,45,17,35,45,59,6,45,46,26,42,18,42,53,0,42
21,1,47,1,11,36,1,43,9,54,32,28,57,40,35,43,44,23,36,21,7,52,14,57,45,54,44,42,41,3,22,0,13,36,37,14,14,53,42,32,20,40,19,8,24,38,44,16,38,47,33,0,25,29,58,6,25,34,35,39
3,32,6,36,10,34,26,11,50,40,22,20,45,31,31,30,36,44,26,56,53,43,3,0,17,24,57,3,22,29,30,32,10,28,30,20,22,27,28,56,59,21,7,35,22,35,20,54,6,52,27,1,52,46,54,40,27,16,50,53
14,24,49,58,1,24,54,1,21,26,57,25,46,57,16,23,1,29,53,21,31,1,36,1,19,18,9,53,28,9,14,33,47,35,16,19,51,1,29,10,34,36,1,8,59,58,30,17,52,8,53,3,59,26,14,8,20,7,33,8
6,29,49,20,35,9,8,7,35,43,54,20,9,36,55,13,33,54,11,8,42,54,10,7,29,12,32,9,55,24,4,41,31,21,58,7,16,49,25,54,18,36,27,20,9,9,42,29,0,50,43,33,59,38,41,56,21,13,54,0
54,34,36,35,2,54,13,45,35,26,16,26,33,51,46,21,47,33,9,25,28,12,41,42,11,17,7,53,29,52,20,30,5,58,0,33,21,29,51,47,30,59,20,36,49,8,4,48,50,17,11,32,54,49,13,22,16,33,55,4
27,58,17,43,11,41,11,31,5,13,29,37,21,56,1,36,45,36,26,7,20,34,52,9,40,0,27,3,18,13,10,45,28,30,8,37,5,56,24,23,30,37,58,23,53,45,38,46,55,42,21,20,30,5,35,15,18,57,42,51
24,39,12,37,1,20,10,14,30,25,58,23,29,21,3,6,41,27,1,43,20,48,7,54,8,44,59,33,17,41,37,14,28,9,42,37,57,18,13,50,46,1,4,1,59,10,14,45,49,41,21,54,56,47,24,5,0,29,51,33
56,23,25,35,28,12,53,58,29,30,20,56,59,1,32,51,3,46,48,23,13,38,58,0,56,2,17,25,14,53,4,19,33,36,14,42,15,44,57,59,43,13,8,1,16,7,12,42,19,53,12,18,59,3,58,36,56,52,1,52
22,40,13,50,38,1,40,40,8,8,21,52,31,7,33,11,55,59,10,49,27,9,10,35,25,32,8,19,4,6,3,16,0,31,48,59,39,32,3,12,26,27,45,11,56,13,17,5,2,11,14,27,19,27,43,45,46,53,31,45
43,24,53,15,46,43,5,23,25,41,17,40,37,9,23,32,42,42,9,38,3,16,42,52,48,33,22,55,44,39,6,38,28,26,9,18,59,33,48,53,52,27,41,44,7,28,13,38,28,1,40,18,42,20,25,17,10,35,47,42
17,10,29,7,56,51,37,57,30,51,19,9,12,40,16,43,27,56,43,52,3,44,53,4,12,5,26,12,15,26,57,49,35,36,21,1,35,24,9,51,45,50,31,15,10,59,56,43,55,58,20,25,27,56,2,27,24,26,46,38
8,9,47,33,53,18,40,41,9,25,48,55,28,3,24,57,2,32,29,35,28,49,55,29,52,57,32,22,5,10,10,34,46,40,49,4,9,28,29,33,10,55,29,36,17,25,27,40,2,23,36,36,44,2,41,14,55,53,52,4
49,33,18,10,38,26,36,10,47,32,2,57,13,8,16,51,33,40,58,15,58,34,32,7,1,49,13,3,48,51,25,13,29,18,31,12,36,4,54,38,27,38,3,26,17,17,38,28,49,52,55,36,24,8,28,0,18,52,42,38
54,48,43,21,12,38,28,30,35,15,46,5,43,5,13,25,38,58,56,52,18,35,29,7,54,57,29,12,4,58,40,2,14,50,45,7,45,10,58,39,29,53,35,56,54,49,49,29,0,2,18,45,22,52,51,29,58,19,50,39
39,13,14,52,28,3,22,28,11,27,43,30,7,50,8,41,59,11,11,24,32,22,19,36,21,36,33,5,14,10,54,25,22,44,55,8,58,5,33,52,29,41,15,33,56,35,15,52,55,39,42,12,23,21,14,38,16,3,20,54
0,24,14,24,27,9,47,51,11,17,26,52,56,58,4,18,57,16,36,18,21,0,5,37,49,46,26,34,58,4,44,42,38,9,38,30,14,59,52,19,23,27,51,12,20,34,4,45,24,32,1,57,20,51,25,33,17,34,14,6
32,2,53,26,0,12,5,48,0,18,57,21,20,3,13,23,56,35,0,31,59,17,36,13,27,48,24,51,45,29,53,35,51,52,23,36,11,58,42,54,24,58,30,47,8,29,29,59,37,30,49,19,14,55,15,52,49,37,30,25
17,14,4,36,27,51,35,55,58,56,53,14,3,35,13,1,41,20,46,32,48,42,53,23,11,55,47,41,26,30,23,29,21,6,10,6,46,5,16,22,14,14,11,53,43,2,16,11,41,26,50,38,2,42,36,31,16,27,54,2
39,16,56,0,37,28,0,54,29,9,18,44,21,45,13,11,18,33,42,6,57,56,57,51,55,5,44,17,34,17,37,29,10,34,47,33,14,8,20,54,44,31,42,16,44,7,28,33,49,14,48,54,14,24,57,52,0,58,4,24
39,33,58,33,48,53,51,13,13,9,12,45,2,56,46,39,55,10,16,4,2,52,10,5,3,13,4,14,3,33,42,5,27,12,33,34,0,55,27,52,29,25,59,31,10,53,54,33,10,56,36,6,28,20,14,6,47,25,57,35
54,37,13,36,27,27,24,45,13,38,50,57,48,50,33,12,46,4,26,56,43,12,28,20,20,19,38,33,2,47,56,49,15,43,8,41,37,21,21,25,20,4,49,21,59,8,54,44,43,39,42,24,28,41,26,47,49,22,20,15
23,44,2,15,15,39,54,50,14,35,59,27,31,59,49,21,48,5,42,26,39,37,0,37,12,29,23,25,53,9,9,8,8,45,4,53,48,48,57,35,45,6,2,31,24,44,18,55,26,59,40,10,32,57,58,54,39,9,22,49
33,38,27,36,42,45,23,21,6,47,24,26,1,43,53,2,39,51,21,54,33,52,32,45,56,29,53,49,43,6,22,40,26,4,34,38,11,43,47,25,24,15,16,34,26,33,52,52,13,29,40,30,36,51,12,27,23,50,35,6
10,44,0,2,46,22,46,46,20,26,20,18,35,8,48,18,43,13,3,27,19,9,3,53,0,29,15,6,24,46,8,17,4,0,53,52,57,48,29,4,38,42,42,38,32,27,17,43,37,55,12,10,39,38,57,43,47,11,38,32
12,40,27,25,21,11,15,11,54,27,26,1,17,40,14,17,30,9,53,12,30,25,33,2,11,25,46,37,43,4,50,38,47,53,51,12,34,3,4,52,47,40,14,50,56,52,45,48,32,7,30,2,14,33,39,46,16,4,30,7
23,16,44,3,20,27,6,4,25,7,23,30,42,37,17,51,11,33,11,49,8,9,37,38,44,53,23,18,5,15,59,20,40,25,26,51,41,22,8,0,36,44,16,14,7,24,12,11,29,0,6,24,36,0,24,40,12,15,51,9
54,35,7,23,25,22,44,29,38,52,34,54,16,48,12,2,4,22,31,9,43,40,49,6,31,49,28,0,9,58,24,37,54,57,36,55,25,5,56,47,52,21,55,40,24,48,21,44,14,7,55,19,8,5,15,42,0,22,53,57
44,16,12,21,46,7,42,47,11,41,55,41,1,35,38,50,28,39,24,4,1,21,48,3,3,12,24,14,34,19,20,15,52,13,18,37,47,48,59,57,23,11,26,56,27,6,5,46,11,41,50,52,23,33,11,25,26,12,8,37
7,34,29,28,26,0,16,37,33,1,7,18,7,28,52,1,46,11,18,17,39,40,34,50,46,34,35,49,21,40,3,59,41,14,17,46,26,52,16,26,31,38,50,5,41,20,5,41,38,22,14,5,42,50,3,38,27,23,45,14
31,53,24,0,2,55,46,9,40,40,47,51,14,30,31,53,59,16,22,16,13,24,1,33,16,8,6,0,47,28,46,38,11,59,59,33,36,21,27,43,13,22,50,24,40,47,24,57,41,8,14,29,50,38,12,0,22,38,19,0
42,12,52,22,48,11,31,32,46,30,1,10,1,6,30,6,41,51,49,50,51,7,53,14,19,22,19,23,42,57,43,1,58,57,12,11,38,17,27,35,24,55,32,23,53,40,11,53,18,16,4,32,0,20,39,35,14,36,30,59
7,55,38,55,50,57,13,30,38,38,20,23,23,51,15,52,37,0,24,55,57,41,22,40,38,35,46,40,6,6,45,37,36,30,45,10,44,58,22,39,15,44,5,13,20,25,19,37,1,55,27,53,58,58,41,42,3,23,39,33
2,13,23,29,35,15,57,48,24,16,35,25,56,26,36,51,35,16,31,6,43,25,20,23,7,6,8,31,1,9,40,4,37,56,8,18,19,2,8,15,52,2,12,7,25,47,7,29,21,47,46,48,58,11,21,50,43,47,42,29
1,23,58,56,20,41,57,29,4,33,34,9,50,47,46,6,48,5,59,41,34,21,55,28,54,30,58,34,24,31,17,18,38,10,47,32,3,43,39,21,16,55,2,56,48,8,18,32,37,18,27,16,36,0,0,12,43,1,52,55
49,3,49,43,57,45,36,58,11,39,58,52,0,24,21,57,36,38,53,56,54,0,8,13,27,44,3,10,39,17,35,8,28,54,25,52,53,28,0,17,23,59,40,3,35,57,22,15,34,1,47,40,39,15,21,25,29,14,55,59
6,54,35,27,6,7,21,11,15,37,57,41,55,23,22,20,25,23,32,16,57,32,11,1,8,24,47,40,9,14,29,33,58,12,36,27,54,45,24,9,13,26,35,37,38,58,59,31,44,5,27,6,25,25,41,47,46,11,53,0
12,45,44,10,4,37,16,20,35,14,8,11,53,12,54,54,31,18,5,17,4,56,58,52,17,16,28,24,14,16,16,37,49,45,50,22,23,27,47,42,20,45,27,43,17,6,47,58,24,1,30,6,3,43,12,44,18,11,48,24
56,4,20,13,58,41,55,30,45,0,0,47,3,54,20,8,55,33,49,13,47,10,29,3,41,20,0,32,57,24,6,5,40,58,26,53,54,23,44,29,28,39,58,29,6,8,31,25,38,4,38,59,14,3,7,28,54,37,11,20
7,58,0,58,26,44,52,15,50,35,22,54,2,14,8,5,5,47,47,46,41,26,19,53,19,17,4,18,43,11,47,36,37,27,52,26,23,31,0,45,10,19,9,13,44,38,22,53,40,36,10,13,13,55,35,33,58,55,15,53
55,26,8,2,0,23,27,37,43,8,53,29,45,21,4,17,19,36,20,15,50,22,42,3,8,46,1,54,17,43,8,19,39,9,58,43,22,37,19,58,30,0,40,51,9,30,16,55,16,43,6,43,51,39,32,36,11,9,30,49
3,3,35,17,45,43,29,18,33,56,37,36,56,30,20,27,21,47,44,45,11,32,55,47,14,47,43,11,36,26,14,22,20,30,23,31,57,2,39,19,0,14,24,10,17,2,39,31,30,12,51,56,4,3,30,42,34,35,50,11
0,35,51,58,20,35,39,38,28,45,8,31,54,16,26,11,36,17,44,18,49,38,28,25,29,55,52,45,40,9,59,8,50,27,4,29,2,28,40,15,31,23,48,57,59,7,27,30,52,22,26,48,34,7,16,18,28,37,17,58
50,41,9,6,28,48,56,26,58,36,33,56,49,50,46,50,40,0,46,14,19,32,55,49,42,12,16,51,44,51,58,48,8,36,8,45,16,48,29,44,18,34,27,34,36,28,53,51,43,50,28,24,32,37,4,42,28,44,47,18
56,5,5,22,26,9,39,46,49,55,40,10,34,32,18,59,54,39,49,26,37,1,22,5,5,39,3,31,13,20,21,28,58,42,6,33,42,43,3,35,12,22,49,31,6,58,16,40,37,40,8,38,12,46,47,55,2,10,47,23
1,24,35,8,44,44,37,37,37,26,3,27,22,25,10,2,29,42,8,30,10,22,35,53,9,46,8,50,6,10,8,19,10,34,53,29,6,47,57,15,48,26,41,37,44,40,22,33,28,25,12,52,55,8,50,31,38,0,28,13
35,33,51,8,35,14,35,0,46,36,46,43,39,56,34,35,37,14,45,7,17,56,1,38,36,28,18,35,22,6,44,37,41,8,35,30,25,17,45,39,33,42,44,25,54,45,27,39,13,42,31,34,13,25,57,48,49,18,32,22
25,17,41,47,22,4,15,36,47,9,31,28,36,48,39,4,2,35,16,20,22,44,36,51,12,22,0,43,52,44,57,10,13,18,27,57,20,59,3,38,40,0,4,29,11,23,56,11,46,40,37,39,43,51,37,34,10,50,19,50
33,34,49,5,0,55,28,50,7,17,37,0,11,20,46,34,34,16,14,34,19,11,0,38,20,3,48,19,58,31,12,8,54,10,33,57,37,33,46,48,26,25,55,51,49,40,4,47,42,25,3,17,52,27,30,26,44,25,15,50
48,29,26,10,25,52,51,45,11,15,24,0,27,43,36,6,21,31,25,13,9,27,55,42,59,41,38,59,43,34,9,27,17,56,2,45,36,38,13,32,57,16,8,2,0,56,51,55,27,18,5,14,35,49,32,0,11,52,17,16
41,23,49,46,27,50,1,27,26,35,10,20,32,9,0,44,48,40,11,2,23,27,10,22,57,9,42,24,46,6,59,10,46,26,27,31,56,31,36,23,7,14,27,36,27,28,1,11,50,49,6,20,18,5,5,44,54,34,43,32
35,53,39,1,38,47,19,8,50,8,6,3,39,50,17,50,21,17,47,37,41,29,53,38,57,23,40,14,40,9,32,25,59,0,3,16,1,40,58,5,8,6,29,54,52,5,5,30,13,42,15,8,51,35,7,20,15,25,33,36
23,25,13,54,14,16,39,59,19,56,42,21,18,36,53,45,42,21,12,36,44,13,30,45,40,16,48,43,15,16,40,12,40,17,49,25,42,44,8,47,51,16,7,7,36,1,10,18,6,25,29,30,56,11,53,27,52,48,34,35
13,40,33,15,16,7,44,22,11,41,59,57,56,42,18,1,45,2,52,3,4,4,30,2,50,27,13,33,33,32,17,26,38,49,7,11,29,16,17,38,33,45,26,35,30,44,58,12,33,56,22,35,28,36,18,18,6,37,56,10
41,22,15,4,28,46,29,2,1,19,5,19,49,30,59,8,51,23,19,37,10,13,12,53,59,12,8,30,0,13,26,15,16,25,37,28,21,29,21,39,39,25,53,8,30,7,52,18,11,54,51,7,4,47,23,57,57,33,23,52
20,28,23,35,39,25,48,56,38,37,6,44,28,56,35,22,7,36,8,22,32,57,13,10,16,3,54,36,7,42,25,25,11,18,44,4,28,33,22,33,24,43,24,19,41,0,55,56,59,0,56,5,49,25,46,34,15,16,30,14
47,11,4,8,43,44,29,2,25,30,12,39,32,35,28,53,39,51,32,14,19,25,19,46,58,40,27,29,7,27,7,58,58,2,48,5,55,33,10,2,30,57,15,45,58,16,52,35,39,54,10,29,27,55,13,31,43,4,20,1
52,23,52,6,2,46,54,29,38,25,34,19,7,7,18,49,20,24,51,44,0,40,30,51,53,13,27,41,5,29,12,5,13,43,36,47,44,38,10,36,46,5,27,18,38,9,15,57,40,38,58,30,44,6,41,37,4,40,0,4
33,54,10,45,55,36,24,4,18,2,59,48,38,14,21,48,20,6,0,12,26,26,56,48,40,52,0,56,57,2,39,35,39,4,2,13,11,28,12,15,59,38,31,55,34,20,42,33,6,6,58,33,48,51,19,48,58,51,58,47
40,46,41,40,1,45,36,35,25,51,57,45,2,48,10,51,45,44,36,39,49,16,37,42,16,33,52,48,39,34,11,26,39,35,18,56,16,0,31,17,21,7,24,22,0,0,15,13,15,31,39,44,12,16,46,57,39,0,43,30
51,23,34,16,6,56,42,36,34,24,40,47,13,59,33,56,15,29,52,29,43,38,35,57,2,50,8,32,51,8,24,21,6,51,5,42,17,0,19,59,30,8,23,21,51,2,30,8,7,33,34,10,10,31,27,50,34,24,36,5
14,19,31,4,54,3,35,15,25,33,9,9,27,15,17,41,55,25,16,14,17,18,34,35,31,37,41,47,34,20,59,59,2,48,43,21,3,48,58,51,13,3,21,33,51,2,7,48,0,33,29,33,2,33,51,24,24,44,35,6
35,42,26,25,28,58,17,33,42,14,35,12,44,12,46,51,4,12,37,36,56,38,41,54,24,8,40,39,38,48,10,8,40,59,41,39,47,54,56,41,0,47,56,4,5,19,48,38,25,3,46,39,7,47,4,40,25,56,31,15
59,45,39,1,15,59,43,9,41,35,8,23,49,31,2,27,9,37,50,49,59,15,50,38,19,25,51,26,26,18,7,14,10,11,31,47,13,41,19,44,30,41,1,3,18,46,33,1,2,18,40,48,18,23,7,54,48,30,13,7
43,25,26,11,20,36,22,30,21,26,31,30,8,38,19,36,4,4,11,23,8,26,13,35,14,30,38,58,57,45,24,39,49,27,48,41,54,14,35,53,59,45,13,45,15,57,13,2,59,49,49,42,22,55,38,27,36,4,48,13
53,37,42,27,50,59,47,49,7,56,9,52,29,14,52,24,37,1,39,49,58,29,23,26,19,22,45,11,19,49,23,55,53,43,55,44,46,0,1,38,8,45,42,29,33,12,10,31,9,5,52,10,15,40,31,26,57,21,27,32
6,50,49,44,11,54,27,35,28,3,35,18,35,49,43,46,55,59,2,11,6,12,32,37,22,19,21,57,22,0,24,27,0,35,39,10,36,35,31,55,8,29,3,35,58,41,38,43,9,25,32,18,36,48,35,45,26,30,5,13
39,18,19,17,49,16,21,10,4,19,11,35,53,11,32,7,23,32,22,4,53,22,31,42,55,1,14,8,15,20,38,49,39,28,6,48,15,45,59,49,52,28,59,43,59,59,11,6,54,34,26,59,51,30,27,0,52,1,0,40
51,36,51,52,41,31,39,26,59,30,19,7,47,34,3,20,57,42,20,23,18,18,52,48,55,30,35,20,29,31,23,38,37,36,21,33,22,13,50,39,36,50,15,25,31,21,9,23,37,25,59,14,37,22,42,30,2,46,41,1
17,56,30,54,45,23,59,19,22,48,54,58,22,40,2,14,58,27,17,50,40,3,39,15,45,20,16,28,41,13,40,45,20,28,5,47,9,18,9,6,28,52,2,36,33,21,12,15,26,2,32,4,16,45,52,1,10,44,19,54
31,4,56,34,14,46,44,59,5,12,32,36,35,6,34,15,32,0,56,27,57,0,30,8,0,40,23,56,37,3,34,17,28,57,37,40,50,59,45,26,19,47,6,48,47,43,32,40,28,32,58,32,51,13,27,9,12,25,27,46
37,54,54,29,2,10,11,40,33,42,9,1,51,36,20,15,32,45,26,1,9,33,2,28,53,6,27,37,9,30,27,26,22,11,58,15,49,49,24,9,51,9,34,34,26,21,6,23,13,20,25,20,1,44,59,40,3,16,42,10
28,38,13,6,32,50,0,46,30,26,4,22,51,43,43,24,41,18,28,10,56,3,24,51,59,11,32,23,57,26,51,41,7,23,45,26,24,52,31,19,16,26,9,20,8,57,58,2,46,47,20,42,20,18,29,35,47,27,42,59
30,43,48,59,27,32,34,40,59,12,9,42,41,33,2,44,22,31,52,8,33,30,29,42,50,54,40,14,2,47,10,55,14,11,12,5,23,57,50,21,15,42,41,14,45,48,1,47,9,58,32,24,49,54,3,14,44,2,30,46
16,58,24,51,6,37,20,53,30,47,40,23,15,34,15,29,44,28,16,32,0,48,17,53,8,16,50,16,57,23,45,20,52,35,48,0,45,22,51,10,26,18,53,10,48,39,20,6,14,14,54,48,37,58,17,4,26,43,43,45
32,43,36,22,52,40,4,0,12,43,36,34,3,38,34,33,23,39,18,1,50,23,1,12,16,3,44,10,12,54,10,57,37,31,47,37,16,51,39,58,48,17,2,56,20,45,34,23,49,32,3,9,10,28,16,21,43,11,23,41
57,19,1,56,9,35,17,41,14,52,37,5,6,28,32,11,23,12,37,53,25,24,43,13,0,57,46,24,59,40,9,14,1,22,19,6,51,58,43,42,36,8,46,33,56,39,54,38,36,25,47,21,58,2,19,52,5,27,59,25
31,15,42,19,5,27,23,50,22,48,55,48,45,17,26,5,33,40,41,45,34,41,7,17,42,53,23,58,32,9,3,28,6,3,59,9,2,5,24,10,27,44,30,3,55,8,24,13,35,27,27,37,31,17,4,43,31,5,51,42
27,11,37,30,24,14,32,8,50,6,2,41,46,4,56,12,4,50,20,9,20,7,17,52,4,30,28,13,28,8,54,38,49,23,28,32,49,37,0,36,50,26,39,48,45,0,52,42,36,41,24,2,35,44,33,38,37,56,16,14
8,53,25,21,50,33,52,3,6,16,22,19,52,33,4,54,23,0,25,12,31,5,19,24,48,0,25,2,42,36,34,36,32,42,12,27,39,9,15,41,4,37,29,24,20,22,12,43,24,22,34,38,7,53,53,8,46,3,59,43
51,36,9,20,47,25,8,36,13,40,17,33,14,58,3,15,26,47,23,22,4,19,7,20,7,42,29,34,56,22,3,46,43,51,7,7,39,48,54,17,59,27,32,51,5,29,38,30,12,49,9,52,50,35,30,54,40,16,1,5
36,23,35,48,57,9,2,45,52,25,18,15,40,4,48,43,34,45,55,19,19,5,40,9,53,7,32,6,47,28,2,38,38,8,53,38,2,8,11,12,24,44,37,38,21,45,39,29,41,17,22,17,13,20,45,5,6,1,55,45
32,8,9,43,55,0,10,38,0,23,40,55,18,52,31,31,27,14,16,55,15,6,14,58,48,40,31,55,33,12,17,49,48,48,43,14,5,38,53,40,51,59,31,18,35,54,31,4,28,35,0,14,50,50,29,2,7,37,27,42
54,42,22,10,56,6,9,34,12,25,33,23,21,31,38,7,19,9,43,33,7,54,10,51,41,15,17,36,38,23,23,35,43,22,54,24,8,28,13,27,52,11,1,56,6,3,36,16,53,52,17,48,57,37,56,56,32,39,43,0
9,15,44,2,38,22,21,33,30,26,37,45,18,18,11,15,35,26,21,31,10,11,0,12,19,32,20,27,59,3,35,6,5,33,20,8,22,25,9,57,53,7,25,35,22,13,2,56,42,59,34,7,39,19,9,58,49,10,0,15
42,41,12,33,45,31,53,15,12,7,32,13,2,47,48,2,1,19,29,39,21,34,2,10,20,19,51,20,28,14,40,50,12,54,56,7,14,36,51,39,36,56,39,38,7,7,9,11,19,8,40,53,10,17,31,14,12,42,23,25
0,2,5,45,40,26,18,10,20,43,20,36,36,33,5,38,51,14,19,31,46,10,25,34,41,19,43,33,58,9,33,39,18,36,20,32,3,14,50,18,57,45,19,2,37,2,26,1,1,7,20,32,17,5,29,0,23,42,55,49
51,34,22,52,34,27,31,31,32,16,33,25,51,53,14,43,6,53,3,55,50,4,36,33,29,40,31,27,26,21,10,33,51,27,39,49,14,50,18,1,33,35,26,57,19,48,13,13,5,36,21,25,18,30,22,54,37,28,31,27
49,50,0,25,1,48,21,33,20,0,48,50,18,43,24,21,53,40,33,33,4,27,35,23,38,58,25,53,54,21,22,38,41,35,47,7,15,50,58,32,39,22,53,40,51,12,4,49,7,11,35,53,39,46,50,45,0,32,26,50
7,57,59,57,46,57,5,42,49,49,53,12,15,16,33,23,37,10,53,0,39,9,26,21,58,44,10,18,37,3,25,17,46,21,7,33,11,7,8,22,20,21,36,59,17,21,35,16,4,2,22,19,48,6,21,18,49,48,8,47
19,10,34,13,6,23,34,13,7,11,50,54,1,27,54,21,19,37,30,56,24,11,51,26,57,5,37,11,4,0,0,55,55,50,43,14,51,15,12,12,32,21,42,23,28,24,19,41,7,17,11,1,14,59,53,30,14,43,26,47
12,24,23,14,42,1,8,1,33,20,14,21,18,24,37,41,20,41,53,11,24,13,10,49,21,9,31,36,27,37,1,40,9,21,17,7,35,42,52,3,37,44,58,44,27,42,2,16,42,29,8,24,3,50,17,45,33,57,49,16
51,30,43,26,54,54,42,4,4,24,44,43,5,32,55,24,18,36,45,57,59,27,3,44,18,19,36,37,38,40,8,5,27,3,21,54,52,6,4,18,14,51,51,25,0,33,6,55,29,57,3,54,17,50,14,58,8,33,19,52
41,10,16,29,11,58,47,19,13,52,30,27,35,4,6,10,6,37,26,45,15,7,48,54,25,22,54,0,0,38,27,34,8,58,18,14,34,46,30,44,9,0,18,46,45,1,1,17,39,9,1,27,16,6,39,17,46,36,29,19
52,25,39,37,13,19,34,10,30,1,49,7,12,51,8,13,19,4,47,47,13,39,17,2,50,50,14,14,8,3,25,51,3,16,13,48,59,44,3,1,15,55,14,54,0,39,42,42,27,50,4,36,53,44,38,0,22,43,11,48
6,53,12,21,14,15,44,34,33,4,20,14,6,59,32,37,7,33,38,44,32,58,43,34,30,45,57,2,45,24,59,57,47,53,41,26,55,9,51,15,45,35,59,48,36,3,46,53,36,15,17,56,11,51,30,58,54,38,58,5
30,43,41,53,58,43,20,29,26,28,46,27,49,18,24,27,56,6,11,25,36,19,38,55,1,21,30,52,52,31,38,25,14,35,48,16,25,51,2,48,20,7,11,50,49,42,44,12,15,40,14,19,46,50,26,11,19,47,58,40
23,17,57,51,47,15,3,26,45,56,51,46,54,8,48,30,45,42,57,54,47,10,55,26,36,20,55,39,16,58,46,9,54,49,36,7,52,18,14,7,12,22,52,34,5,17,42,42,1,20,0,58,31,51,42,11,2,19,34,1
40,2,35,32,14,3,53,31,29,23,32,10,44,53,41,9,17,39,58,52,30,43,33,15,38,20,48,34,28,23,29,43,14,55,7,37,48,57,25,59,32,28,20,20,2,2,0,45,11,3,2,28,54,0,10,43,10,18,17,56
48,5,18,51,48,30,28,41,6,18,43,30,22,55,34,27,40,33,17,55,37,31,5,44,4,30,15,47,45,35,46,12,34,57,48,31,20,39,42,56,0,2,49,30,15,57,9,2,37,7,35,45,50,27,36,24,58,32,32,21
6,40,19,42,46,42,11,1,40,46,1,18,5,35,1,16,1,18,47,25,59,47,4,8,6,36,4,13,14,12,22,21,53,17,21,35,19,8,1,33,39,37,29,17,24,8,13,59,25,11,35,18,21,0,53,7,45,11,57,37
29,48,17,46,36,9,54,59,33,18,27,17,41,12,9,56,13,32,47,15,17,4,21,30,41,33,56,14,7,56,52,53,56,19,44,2,57,39,14,27,16,45,45,54,52,48,27,19,52,45,33,21,49,22,26,45,37,26,40,35
24,52,27,21,45,2,4,37,52,12,54,13,15,39,59,8,28,37,57,55,10,8,59,5,11,54,29,30,22,25,21,15,20,58,49,42,38,11,35,46,22,6,11,18,18,31,47,12,22,28,39,48,49,44,10,54,34,2,51,52
28,5,11,20,28,7,14,29,24,30,18,30,10,26,6,52,58,44,25,34,7,14,36,11,24,0,53,52,39,18,30,36,57,22,16,11,54,35,54,27,48,29,56,39,47,23,40,8,4,28,47,20,51,8,10,50,8,13,22,5
0,18,41,49,25,27,39,17,58,18,22,39,31,32,1,5,33,5,51,4,33,58,41,51,39,31,55,54,37,59,0,3,51,7,50,35,43,9,10,46,22,28,53,19,56,0,29,50,22,31,27,10,13,26,36,6,36,50,7,32
24,54,16,57,34,1,41,23,4,43,6,32,52,28,7,29,38,12,43,33,44,28,15,9,52,48,12,51,36,25,22,38,7,8,40,35,1,36,8,11,21,19,18,5,0,43,15,31,41,1,30,49,15,40,45,0,25,2,57,16
20,51,17,15,43,39,26,53,44,12,40,12,27,49,14,9,23,5,27,9,1,40,33,7,2,58,43,11,50,53,4,44,12,0,21,42,47,2,2,7,59,43,43,27,27,4,26,50,9,37,10,53,44,40,15,7,21,30,57,51
9,22,9,41,23,25,12,30,31,2,22,35,51,16,23,23,41,15,29,9,40,50,23,30,59,53,5,41,22,18,59,30,7,53,45,39,42,8,23,8,30,43,58,0,52,13,46,46,14,45,1,20,19,17,56,53,30,19,13,35
7,9,16,30,25,36,24,45,58,41,15,7,8,16,26,0,48,6,9,0,23,50,56,31,21,10,20,14,13,4,29,44,22,34,28,37,38,49,33,39,42,19,28,56,36,47,52,47,23,20,42,4,16,8,11,35,48,42,13,56
38,59,50,37,25,43,41,35,25,56,23,58,17,3,8,48,29,32,39,7,44,0,7,36,6,19,44,19,40,29,11,34,56,42,10,28,48,38,41,23,7,44,21,54,44,32,43,28,40,20,54,5,50,49,41,43,21,35,34,52
22,55,3,29,0,16,42,53,37,30,34,33,25,7,41,12,12,20,2,11,58,40,12,31,23,15,30,48,24,24,15,48,2,59,59,34,16,32,12,37,51,28,9,47,40,54,13,52,26,17,7,19,24,8,10,13,43,24,16,57
46,15,36,40,47,30,46,9,49,14,19,37,12,22,4,22,55,21,8,20,22,43,29,22,13,51,41,5,31,33,7,31,39,26,37,10,2,4,38,15,53,4,38,11,37,13,21,18,22,2,40,5,45,46,16,49,21,23,57,3
57,23,18,24,2,14,22,25,48,42,27,8,24,18,11,17,7,8,21,42,7,47,4,55,45,41,44,25,44,34,16,15,58,17,51,38,2,27,29,40,26,14,26,14,18,38,12,7,30,31,11,5,29,41,8,31,23,54,49,9
51,40,32,38,51,28,35,9,2,55,16,35,20,25,52,5,58,43,22,24,51,56,44,54,27,37,6,5,19,56,17,12,36,8,16,54,10,31,41,5,17,5,19,32,0,54,58,33,9,51,52,40,1,35,45,54,48,56,21,18
36,54,13,47,36,7,44,55,57,32,3,44,46,59,31,1,13,51,56,32,44,38,43,41,37,40,36,46,27,46,51,22,48,12,48,13,39,45,42,52,44,22,43,52,25,19,25,41,57,1,34,0,33,2,53,42,38,10,18,18
48,34,36,52,27,29,39,46,25,49,27,46,44,23,22,41,42,42,40,53,38,14,15,15,41,2,21,41,41,19,49,49,51,45,50,4,34,12,41,31,54,57,25,15,24,3,39,1,24,40,18,5,28,35,9,40,11,7,22,18
6,36,15,12,11,25,58,50,33,17,35,37,20,39,48,38,24,20,23,20,31,15,45,10,9,29,49,14,19,55,46,9,59,34,25,48,26,5,31,15,35,28,20,0,2,8,8,36,54,28,31,20,4,41,32,37,28,7,8,0
40,27,56,43,35,2,31,18,18,40,52,56,16,1,32,37,22,1,32,18,50,23,54,46,29,13,27,43,35,42,10,42,33,26,27,53,14,44,54,50,4,32,4,3,56,6,22,55,23,28,51,58,26,39,40,57,48,5,48,58
34,40,15,14,34,15,46,43,18,33,39,50,32,21,41,54,39,52,48,9,42,54,58,2,8,39,41,22,38,31,48,8,29,50,52,32,23,0,0,17,6,32,29,27,11,59,3,23,30,44,17,14,47,42,56,9,53,1,6,36
58,8,41,26,55,26,44,44,37,19,22,21,40,30,56,53,33,28,7,1,12,59,59,22,56,0,14,57,25,34,24,41,5,42,50,59,7,11,25,46,33,31,35,6,32,24,25,26,22,36,45,0,31,1,21,58,36,58,10,16
0,26,54,5,31,17,36,39,25,41,7,11,55,45,28,43,23,49,43,4,37,26,1,32,11,37,53,5,56,21,8,56,51,26,0,20,13,22,30,43,21,22,25,2,45,24,6,21,28,15,43,47,32,5,23,1,24,41,41,52
14,39,17,54,48,35,58,35,0,1,6,27,31,42,19,50,16,52,10,59,18,39,11,19,50,5,38,9,24,31,16,14,46,19,35,32,31,0,45,31,32,1,17,12,8,47,1,42,57,7,18,24,57,39,28,58,48,4,46,41
57,30,53,5,1,44,42,35,42,28,11,47,20,4,53,43,45,4,21,26,2,55,15,46,48,28,48,13,32,47,33,44,13,23,21,56,7,56,15,2,6,22,24,22,40,57,0,14,47,44,39,1,22,40,56,47,26,52,40,54
23,41,40,12,45,9,42,55,15,51,40,0,30,55,39,2,36,30,22,2,57,24,28,2,37,44,0,42,53,45,24,51,6,9,12,42,14,22,50,41,15,46,34,54,42,19,21,12,47,12,2,26,52,42,31,42,15,24,39,48
44,27,49,41,7,35,42,44,7,7,55,33,29,17,41,2,20,36,20,8,41,4,41,49,33,40,32,15,19,49,13,25,42,8,40,6,38,51,8,16,25,17,10,51,33,31,18,10,56,59,48,25,52,12,56,5,11,39,37,23
47,29,3,13,54,39,12,35,0,8,19,59,39,36,21,12,32,32,43,33,38,40,22,31,19,21,10,23,39,54,36,9,43,55,13,58,5,35,38,18,13,20,50,49,57,12,42,28,50,18,12,22,19,11,18,8,23,0,30,39
49,57,56,31,17,2,23,3,32,46,33,2,39,7,1,39,40,9,47,3,18,34,17,2,52,3,52,32,23,59,16,10,16,30,23,37,19,53,18,29,24,13,26,33,26,28,10,41,54,2,13,17,24,7,56,49,14,58,39,56
17,0,20,8,48,23,39,56,26,17,44,6,28,29,42,58,9,49,11,54,50,51,29,51,2,49,39,30,11,25,38,4,20,9,27,22,7,38,2,49,42,6,25,2,56,43,59,53,44,12,44,53,34,55,36,27,34,52,54,9
44,32,52,31,56,12,27,33,15,43,45,19,28,56,55,39,15,58,49,24,36,4,21,48,1,8,18,35,24,32,8,37,22,35,15,2,1,17,49,23,57,22,0,25,1,13,53,34,45,30,40,56,24,42,51,5,8,32,52,34
7,16,23,51,17,17,42,16,44,6,38,47,12,42,28,51,48,39,19,53,28,5,26,45,58,10,47,20,49,17,27,3,15,21,0,2,27,55,14,54,25,9,34,43,7,47,43,27,58,30,47,4,40,12,17,0,12,32,43,9
38,9,0,6,15,46,28,39,24,0,36,46,28,15,5,16,43,11,47,8,13,51,6,43,37,20,33,50,16,12,58,53,16,58,23,4,26,54,49,43,0,14,42,56,12,22,26,23,53,20,52,59,14,11,15,35,56,59,59,3
47,26,11,38,47,14,13,31,9,41,0,50,5,37,48,31,38,56,43,22,55,53,55,25,32,16,18,18,39,3,39,15,7,30,26,7,2,31,30,40,36,12,10,31,27,15,20,40,38,16,41,58,8,2,8,7,13,40,36,8
36,7,12,15,38,55,25,28,19,35,7,35,36,33,23,47,56,35,16,15,0,26,0,43,26,11,28,20,15,36,59,15,13,41,49,59,25,47,21,20,0,57,0,50,38,22,56,13,56,44,22,0,47,5,45,35,27,48,18,3
36,55,50,32,51,59,5,7,38,37,31,22,37,43,16,58,59,26,47,53,3,34,27,38,43,24,33,24,24,0,35,15,10,35,45,16,20,9,23,11,28,53,23,9,11,33,0,59,39,3,31,52,26,56,11,34,31,40,36,12
15,41,33,17,5,2,57,46,58,10,46,38,36,10,38,32,4,52,37,32,1,30,30,48,39,34,51,10,4,17,44,22,15,55,5,55,8,37,6,47,8,8,19,49,27,37,44,36,42,34,53,21,16,57,55,53,7,58,52,25
39,26,11,20,17,44,1,47,56,32,15,18,3,1,36,0,48,40,19,45,26,59,51,50,15,11,12,57,55,49,31,14,17,52,28,34,50,46,25,13,23,47,47,19,23,53,19,50,39,53,40,2,9,44,7,56,14,37,33,8
37,54,14,52,57,59,31,52,32,38,40,18,56,44,21,13,30,43,29,39,12,59,23,26,43,14,42,3,0,4,19,1,50,14,13,59,22,18,42,12,6,6,27,23,53,16,24,35,34,24,25,46,18,22,31,43,18,15,28,48
25,40,55,51,43,36,2,39,3,13,31,48,29,43,17,22,19,30,58,14,8,8,59,35,53,10,26,43,56,10,39,58,46,45,42,59,21,58,32,59,35,10,51,47,41,19,12,25,28,23,12,53,51,51,0,13,53,0,30,12
57,27,53,13,32,14,50,42,47,41,10,7,31,48,15,19,25,37,13,52,50,23,36,46,37,24,37,48,29,6,42,48,23,49,42,52,42,40,26,49,35,52,32,43,38,41,27,30,37,38,28,49,30,44,49,52,29,19,19,11
3,28,52,44,32,59,54,39,44,12,26,3,20,35,48,9,5,22,52,16,25,56,31,30,23,21,13,54,55,35,32,31,19,52,31,4,10,6,7,42,7,47,8,18,13,37,37,35,47,10,33,10,29,14,29,31,15,33,10,52
15,21,10,2,57,16,46,39,34,29,27,4,18,43,3,56,13,7,53,15,5,18,7,9,31,10,6,43,55,30,22,20,51,17,28,3,34,34,13,34,30,22,23,2,16,26,26,56,0,59,20,28,17,18,14,26,12,19,29,51
24,58,45,59,30,14,40,59,47,20,23,23,38,5,43,57,20,38,12,58,35,49,15,30,57,17,13,7,24,47,42,48,49,49,12,37,31,47,46,17,9,47,50,40,15,40,50,4,28,59,40,14,35,27,40,32,9,14,5,4
54,38,31,45,38,26,58,46,17,16,4,28,55,32,43,18,34,29,52,15,24,55,28,22,43,25,17,41,38,19,37,45,34,16,4,12,19,3,28,9,42,29,40,42,26,23,13,58,7,25,16,0,16,34,26,39,58,5,2,33
46,2,58,15,18,28,47,51,53,25,32,54,10,50,2,0,40,27,25,30,2,1,27,18,1,37,37,59,25,6,46,29,40,43,28,53,31,39,51,59,29,47,0,36,8,24,24,29,26,27,0,33,7,7,16,23,23,25,53,49
48,15,59,45,1,31,43,20,28,31,42,4,27,58,5,18,30,28,13,12,2,40,2,48,3,5,35,25,27,56,38,50,22,13,1,45,10,18,59,32,20,55,24,39,14,46,16,38,36,46,32,18,33,11,50,1,5,46,25,11
18,50,41,46,7,36,24,15,3,41,44,22,27,48,16,47,24,2,20,3,51,39,46,38,5,45,36,2,55,22,10,21,16,59,39,21,48,18,40,23,24,19,48,57,44,57,19,0,30,23,44,4,0,24,53,19,25,47,35,42
10,32,29,43,28,33,23,38,7,35,10,1,46,0,9,49,26,37,21,58,38,29,1,0,52,29,41,42,29,41,47,14,53,48,16,15,39,16,37,1,34,24,39,18,31,25,37,9,15,46,8,24,47,19,55,21,22,51,40,20
48,7,5,16,52,25,47,16,15,17,43,55,24,54,37,54,48,47,12,6,27,56,45,5,18,1,18,0,46,46,59,58,25,30,57,55,3,29,59,56,24,5,45,49,40,44,32,37,53,1,24,51,57,48,58,9,22,5,19,17
34,8,11,41,21,44,5,53,53,33,44,11,21,40,2,9,30,8,54,25,36,50,38,20,19,8,57,52,16,47,32,25,37,18,50,23,3,39,23,48,3,3,32,24,58,13,44,25,3,32,27,52,39,36,16,2,13,1,37,11
53,26,30,8,33,4,36,42,14,55,11,1,21,44,38,50,12,4,43,58,51,3,59,49,57,23,15,3,14,58,18,54,14,16,46,33,40,31,3,48,30,55,59,30,38,24,46,18,59,12,22,26,56,35,33,8,57,3,32,57
16,55,20,35,34,53,34,20,21,53,10,17,8,23,39,14,16,51,20,15,9,36,44,29,20,17,28,56,46,3,19,36,44,11,40,42,39,3,55,38,44,15,5,30,55,57,27,35,36,37,26,3,50,42,35,17,51,2,30,43
16,56,5,30,15,7,3,10,12,36,0,55,42,44,48,18,19,49,56,55,29,1,35,8,50,58,47,4,10,24,1,9,5,0,6,46,0,51,13,37,44,59,32,2,41,14,56,10,19,57,27,1,39,25,39,13,50,40,11,38
11,2,5,23,28,58,11,12,19,26,4,34,55,30,53,43,15,1,9,34,16,31,52,9,7,3,58,31,18,17,53,47,15,10,17,18,0,23,57,46,45,22,57,25,14,5,5,58,4,27,46,56,38,54,12,44,25,15,54,7
20,51,20,19,35,54,18,43,41,35,50,22,42,45,2,38,10,56,57,30,18,59,59,5,35,19,22,53,40,8,19,46,58,37,7,50,7,54,51,49,6,50,52,47,14,53,9,10,11,55,3,27,16,26,2,1,47,50,55,53
7,41,43,7,40,49,29,21,12,25,22,20,46,6,9,54,10,14,17,32,51,13,30,20,51,9,55,44,34,17,59,42,59,51,36,50,15,46,20,58,13,46,53,53,13,47,35,14,30,7,28,41,10,10,32,47,19,26,40,5
0,43,31,28,46,53,46,41,8,57,11,13,3,16,58,49,18,47,18,18,1,1,30,26,23,19,51,46,31,36,24,11,7,53,5,21,27,42,26,22,53,24,35,29,54,45,2,38,23,31,33,16,10,39,15,29,49,47,11,0
2,27,0,0,23,45,22,7,40,19,8,28,14,56,16,16,21,24,46,33,33,23,31,27,0,7,51,52,10,42,27,48,52,7,27,12,18,33,35,36,5,13,55,42,7,31,9,5,7,29,5,32,29,58,40,24,40,26,17,38
46,15,1,32,42,48,58,49,9,20,16,14,56,31,30,49,25,27,18,17,13,38,2,27,15,1,24,25,7,4,26,5,20,6,51,2,30,55,6,3,12,58,20,15,22,51,44,10,8,51,0,7,55,3,59,7,28,48,44,59
6,24,5,2,16,46,4,20,3,11,11,33,22,21,14,27,40,4,32,36,1,13,24,36,32,15,36,46,31,55,22,16,47,17,19,57,8,58,35,52,17,57,7,44,20,1,51,21,53,25,15,12,22,21,19,44,35,39,49,41
45,41,21,33,32,18,16,19,41,32,56,2,33,58,59,14,30,15,32,36,38,19,17,13,50,21,8,49,14,1,54,12,52,46,53,59,35,13,57,36,17,34,40,12,15,35,43,15,17,24,25,50,20,14,57,26,12,44,25,43
3,8,17,52,17,47,3,3,2,37,44,48,8,27,42,30,35,42,39,46,16,39,23,20,2,58,20,38,53,18,29,20,48,8,20,34,42,54,22,47,23,17,57,20,50,42,17,58,7,4,21,21,4,31,6,44,2,40,6,27
56,28,44,20,8,16,49,35,46,38,18,18,11,31,28,51,0,47,52,55,38,13,31,34,16,41,4,5,38,5,7,44,36,53,13,54,19,28,47,10,55,40,3,30,30,6,29,3,43,26,37,17,27,2,43,0,10,54,34,2
6,53,25,38,57,26,13,24,31,4,53,31,14,29,38,37,1,33,40,51,54,22,23,54,18,32,56,3,45,1,26,1,14,3,2,3,2,23,38,6,50,6,19,15,43,54,35,26,6,39,3,54,41,28,41,29,25,5,10,42
52,55,13,34,10,31,12,23,25,2,11,49,53,6,26,24,49,49,19,29,45,55,14,59,19,39,2,33,57,10,54,53,42,53,29,43,17,31,33,3,19,28,53,28,31,58,19,43,13,58,4,21,54,51,28,44,52,35,33,28
13,7,35,54,10,5,37,58,17,48,58,1,2,15,28,28,34,11,42,38,12,41,26,12,2,29,26,14,31,0,12,42,9,7,1,59,18,22,49,46,41,54,15,54,48,58,5,27,14,32,42,2,4,39,40,49,46,21,16,49
2,41,29,14,50,14,27,36,32,20,45,3,28,39,15,12,45,24,43,32,55,17,24,34,57,48,59,40,35,38,32,34,2,47,16,27,11,52,17,29,28,33,48,55,3,41,2,3,22,25,56,27,8,31,17,23,40,39,58,43
3,22,46,4,10,20,21,47,13,55,14,56,7,37,59,52,34,30,51,5,58,59,31,40,56,37,39,53,59,21,53,14,33,0,47,36,50,49,47,18,34,28,16,16,57,53,55,10,50,27,9,8,10,21,47,1,31,21,49,34
24,49,23,44,20,32,4,32,57,7,31,43,57,12,0,40,51,5,2,6,49,41,19,14,23,34,14,47,10,7,24,55,32,4,19,17,17,5,20,30,59,36,35,32,17,20,57,36,56,55,24,26,47,7,54,41,25,22,56,50
52,15,10,55,20,6,5,51,11,28,58,47,58,18,38,37,19,49,35,54,2,35,26,45,50,45,43,25,31,58,42,4,22,55,2,6,23,8,56,39,9,45,23,22,40,33,50,36,58,40,51,16,34,2,40,47,35,42,49,59
37,59,30,39,15,6,27,24,30,26,54,18,13,25,29,32,16,39,4,21,23,24,44,27,13,58,18,16,23,30,21,44,19,9,34,24,21,8,17,49,45,33,21,56,48,10,53,57,41,6,8,53,44,47,47,15,28,16,29,55
59,42,45,1,43,55,39,40,17,13,56,17,46,46,28,44,57,11,30,19,7,26,36,46,22,25,17,0,56,32,46,46,37,5,33,6,6,51,3,34,35,22,27,29,45,52,1,23,2,26,20,47,48,2,55,3,37,25,25,10
19,47,9,7,10,21,33,8,27,48,20,6,32,2,55,23,46,30,1,41,30,37,56,58,57,0,19,37,25,1,59,0,30,46,53,8,58,3,32,46,33,49,26,29,17,25,57,11,48,58,14,4,39,22,39,3,24,2,6,9
49,53,37,4,29,12,13,54,43,48,22,3,17,0,27,55,22,49,0,39,31,11,15,35,53,40,40,35,49,50,45,26,0,12,22,27,17,46,1,5,25,23,31,24,38,22,17,50,19,55,5,8,23,13,36,39,41,54,39,58
24,39,49,56,24,57,24,9,34,44,34,10,11,38,25,30,34,42,15,43,58,28,6,4,18,4,7,26,11,22,30,49,42,58,31,14,16,35,20,20,30,31,11,8,9,16,54,27,13,13,34,22,48,40,47,56,29,21,42,54
27,9,5,5,20,5,15,27,5,14,1,57,26,53,50,3,18,7,28,8,13,48,39,46,11,25,33,9,21,35,29,28,53,25,10,58,4,15,53,23,28,38,27,43,45,44,0,1,53,41,28,15,22,8,43,42,45,59,8,17
29,32,5,46,45,4,40,7,5,34,51,33,34,51,13,47,29,51,32,4,13,47,28,13,13,2,52,36,15,27,11,38,8,7,5,10,42,57,12,57,27,40,3,27,57,32,57,10,26,31,41,56,9,28,2,52,4,37,3,25
14,57,10,31,50,19,19,43,28,34,55,27,55,9,15,13,40,43,9,50,2,22,3,57,22,19,17,0,13,37,38,23,22,26,47,59,28,38,30,26,45,14,31,51,2,14,49,5,24,35,48,53,10,30,2,38,37,51,22,18
55,59,0,26,59,47,29,11,5,29,13,27,51,16,24,11,48,27,54,34,45,11,37,11,1,26,28,17,9,52,35,28,16,54,22,56,2,11,21,11,32,22,19,27,15,41,40,57,30,14,26,1,59,10,1,0,11,24,16,26
4,42,13,34,21,58,24,19,46,12,29,52,53,9,51,54,11,42,24,39,42,28,10,11,45,24,9,52,1,42,48,33,20,41,35,2,28,26,37,22,57,21,46,46,45,26,21,47,38,47,39,40,24,36,48,59,21,36,6,4
52,34,26,54,14,2,32,15,24,28,40,42,33,10,57,27,30,1,20,15,50,39,59,42,5,54,3,14,50,25,20,48,37,7,57,47,42,56,6,53,38,54,36,47,45,30,36,37,57,11,3,59,38,18,28,16,48,16,4,40
17,44,12,4,52,14,50,59,49,57,10,18,31,25,29,26,13,56,10,23,48,57,47,11,24,47,49,17,42,21,33,11,27,26,9,45,53,29,36,38,34,56,13,55,3,23,46,3,34,55,28,3,0,29,0,1,1,16,32,28
44,0,49,53,31,25,50,17,6,8,0,7,35,48,31,32,15,48,4,7,44,41,19,22,2,58,8,18,53,1,50,24,28,25,6,50,30,12,31,31,39,51,43,27,48,43,52,38,48,42,9,20,2,31,17,42,37,43,54,19
45,26,4,12,12,1,5,58,6,1,42,17,37,6,19,19,45,20,53,29,21,4,59,29,50,0,50,11,19,18,53,9,48,22,40,47,32,38,52,53,56,49,53,1,36,58,32,35,55,15,38,11,45,36,50,26,21,48,9,34
42,34,13,42,26,53,27,10,0,47,37,15,17,25,31,47,53,49,10,23,17,12,15,32,12,48,6,34,55,14,51,23,57,42,58,52,53,56,13,31,19,14,59,26,50,57,39,49,52,2,22,39,52,46,35,31,13,33,0,27
40,25,51,44,27,17,28,38,43,19,50,40,38,15,15,45,26,58,45,56,24,52,54,45,15,1,51,18,50,58,43,6,15,14,25,58,31,27,59,41,20,41,59,55,55,5,27,51,19,52,15,27,27,2,9,13,14,25,0,2
30,15,2,8,44,59,50,46,5,12,55,21,12,2,26,9,28,43,19,16,43,48,23,53,36,31,35,45,31,30,18,1,40,27,0,9,6,53,59,5,51,41,11,40,13,15,47,15,32,20,18,38,43,55,43,22,39,0,49,37
41,2,16,41,45,37,2,50,5,51,17,28,2,0,22,54,6,58,21,4,6,46,46,35,28,53,9,14,3,30,30,54,50,2,42,29,18,38,42,57,36,25,2,38,52,58,48,21,44,15,56,8,13,57,56,4,47,49,6,3
40,31,5,32,29,11,9,49,16,35,42,58,0,22,41,3,59,46,55,4,51,42,24,2,57,19,46,10,51,45,8,3,31,0,21,31,50,25,22,24,33,51,6,33,36,57,6,3,45,4,10,57,28,24,27,38,48,11,43,47
12,11,14,16,10,53,58,34,28,5,17,45,12,17,16,59,7,45,57,43,43,33,39,55,49,17,40,43,42,3,51,0,27,0,48,19,43,24,18,9,27,46,56,58,56,32,11,2,53,48,11,49,43,27,43,46,45,51,49,32
55,37,2,24,35,9,28,19,10,32,26,0,42,30,55,39,17,31,15,17,52,14,19,7,55,15,18,1,26,59,22,50,3,25,34,4,24,40,21,50,22,38,52,36,28,37,57,39,18,4,38,25,58,39,32,17,53,32,36,46
21,8,54,23,52,53,3,17,23,27,28,53,56,38,7,40,4,37,20,23,18,27,49,40,25,12,58,3,25,36,23,30,11,38,4,33,31,34,32,10,54,12,19,28,14,25,8,26,42,33,38,36,34,46,48,15,23,38,44,28
6,27,35,23,43,38,39,7,57,14,13,28,25,21,25,44,40,44,13,53,0,59,40,17,19,37,32,25,15,8,19,30,58,46,34,51,43,40,22,0,52,19,33,49,42,44,35,0,29,49,34,57,1,1,11,1,44,18,15,15
5,3,59,44,54,0,46,17,33,17,0,57,57,1,45,9,50,44,57,17,47,1,3,13,58,35,59,37,31,55,50,52,0,12,47,45,29,33,6,13,32,48,8,19,0,14,36,36,37,28,39,7,29,9,45,2,49,22,10,7
24,23,11,7,10,15,46,49,0,14,56,4,0,51,25,42,58,55,42,49,54,17,16,7,21,40,58,49,14,32,28,29,50,14,50,7,22,25,8,44,58,19,59,34,48,5,19,42,35,36,44,50,16,26,11,4,59,51,46,45
55,58,35,50,29,33,41,51,14,1,44,40,9,18,18,34,54,31,54,54,21,44,21,9,54,11,30,56,35,50,47,34,37,11,1,18,20,4,43,25,5,53,3,25,3,53,46,3,34,32,33,4,49,45,48,51,17,41,44,40
53,0,12,22,11,0,26,9,39,33,31,30,20,15,56,4,56,32,55,52,21,30,34,21,39,33,55,9,56,1,2,53,36,5,58,29,1,59,48,29,48,45,29,52,49,40,50,45,33,48,46,42,45,3,44,24,36,3,25,29
17,18,40,6,25,1,22,45,39,44,47,2,9,37,42,52,18,55,16,41,7,24,44,21,35,7,33,10,54,23,23,28,10,5,3,45,45,54,37,10,41,6,25,24,48,56,38,10,58,42,28,15,51,49,57,23,45,32,59,27
0,39,30,24,46,17,55,43,26,52,36,56,38,48,47,51,35,42,10,42,50,7,55,19,51,40,35,40,23,11,56,52,40,20,50,38,42,51,20,6,26,56,9,44,32,45,35,25,37,50,7,40,2,25,8,8,56,0,52,30
45,36,18,10,47,8,9,12,25,57,2,0,27,30,56,59,30,8,3,22,57,45,33,31,59,25,8,28,32,12,8,34,54,59,36,53,23,11,8,49,30,48,55,51,27,29,11,28,10,50,43,32,58,55,50,16,56,33,23,19
31,24,22,6,14,43,22,33,0,43,54,58,13,42,51,50,7,19,57,23,5,26,22,28,44,58,15,17,38,39,18,16,4,48,23,59,2,35,3,53,1,50,25,28,18,23,35,57,17,29,15,35,55,4,54,13,22,44,15,12
9,21,54,17,48,18,14,42,17,28,57,45,29,54,55,42,26,19,39,27,52,42,33,44,23,6,15,43,23,34,3,57,17,41,51,13,39,17,14,7,55,16,44,51,17,38,36,18,45,25,22,20,28,38,22,13,29,5,51,54
28,1,39,6,4,37,36,23,27,19,45,25,6,59,22,32,42,27,49,31,58,56,58,32,43,57,44,43,59,20,55,18,8,4,12,18,8,44,23,28,18,49,42,42,29,21,56,11,50,6,38,48,32,2,19,14,44,7,36,32
22,3,1,42,16,45,51,55,4,25,47,48,11,47,33,57,27,54,5,0,32,0,20,12,4,1,58,5,48,10,6,5,2,23,16,32,19,6,17,38,42,13,2,59,24,43,24,51,23,27,32,42,34,46,49,52,0,17,13,53
47,3,53,2,34,16,16,39,30,4,7,32,6,30,21,33,28,32,50,53,29,49,57,59,36,40,5,59,36,23,47,41,15,38,44,47,30,35,20,30,15,33,13,49,29,7,19,54,10,36,24,30,45,58,1,38,29,26,44,55
32,58,1,23,7,52,30,55,19,29,5,25,57,38,17,52,16,32,24,30,52,10,30,24,46,18,39,19,42,18,37,33,46,43,25,11,54,47,44,15,56,53,26,11,12,22,23,38,29,36,56,42,46,6,46,51,4,53,37,51
22,22,35,0,50,3,8,3,1,17,20,43,54,19,52,50,22,43,59,44,6,50,30,33,47,1,20,50,58,25,0,54,15,5,7,5,29,48,53,37,22,21,17,30,33,30,21,32,21,11,13,5,46,31,24,5,58,44,49,3
21,52,29,31,46,0,16,57,37,0,4,44,53,24,57,8,45,54,39,23,20,6,34,47,3,16,8,51,50,22,34,2,31,6,49,6,15,25,42,53,40,24,31,2,50,6,0,0,53,1,24,6,57,32,16,29,30,33,23,7
1,37,45,56,30,29,43,24,43,19,20,31,29,4,33,43,54,21,2,16,24,44,22,43,54,49,2,58,43,1,10,17,4,34,53,12,48,27,21,58,57,17,33,32,23,6,10,3,28,13,46,37,19,41,45,40,19,31,33,39
12,28,36,13,10,10,20,0,20,49,26,53,14,39,15,40,49,18,22,7,29,45,40,59,23,16,49,10,35,27,14,2,18,0,17,31,45,24,25,21,49,14,9,53,32,4,19,48,21,33,5,18,15,29,46,56,28,26,50,45
47,45,57,56,20,35,8,23,22,43,23,4,10,9,9,1,48,46,14,25,19,50,37,22,20,8,21,37,40,30,18,46,55,31,59,30,56,47,53,20,58,48,56,45,29,10,20,15,19,25,9,11,18,31,49,41,43,28,53,41
34,50,23,29,11,8,37,13,55,11,55,29,25,22,7,58,57,42,27,24,22,7,55,32,58,55,57,49,3,43,58,55,51,20,39,46,41,43,32,28,22,16,29,31,34,12,8,23,15,39,58,13,21,25,35,31,12,34,14,56
53,46,13,54,9,21,18,50,42,38,29,7,2,41,20,36,16,28,53,55,38,42,43,0,8,43,27,22,34,56,6,28,31,0,42,28,15,35,14,53,59,16,15,27,17,26,19,52,19,20,58,46,3,4,21,12,7,17,51,9
17,29,21,55,15,39,52,51,27,8,13,53,28,26,4,34,22,5,4,46,56,33,6,30,32,31,9,26,48,41,56,14,41,41,16,49,37,56,55,38,45,19,31,57,2,57,23,25,59,56,50,3,56,33,34,14,22,57,22,42
56,39,27,52,22,38,7,11,8,26,48,10,33,38,28,45,54,38,18,31,6,35,56,13,47,54,18,52,46,9,29,40,38,8,57,26,15,28,37,40,27,6,45,15,31,53,34,12,17,32,11,0,25,30,2,30,15,35,23,37
50,55,56,26,33,24,38,24,20,46,57,5,35,56,50,4,51,53,28,47,8,17,30,41,59,1,1,25,5,58,58,9,36,45,44,20,47,37,27,44,42,29,10,10,27,33,1,28,8,31,10,31,6,42,25,48,37,41,58,15
52,42,27,7,2,14,37,21,15,48,20,30,23,41,57,25,27,19,30,23,23,47,37,11,23,15,11,59,5,25,21,51,29,41,54,24,55,48,54,43,7,34,58,29,15,17,40,43,30,54,20,24,48,21,25,26,0,37,27,29
40,3,40,0,19,31,33,8,34,34,33,57,25,21,16,57,58,54,17,52,17,19,14,52,13,3,24,14,29,45,41,24,16,8,35,42,38,59,32,11,23,12,4,27,40,56,23,27,24,58,22,43,19,41,28,17,53,0,20,57
45,11,6,10,47,25,12,13,28,17,1,29,2,53,33,18,50,36,43,31,29,17,31,41,15,54,36,43,10,51,56,37,7,59,48,12,31,17,35,50,54,39,20,46,18,8,32,46,55,36,8,32,6,15,21,37,44,58,0,0
57,9,24,51,8,19,44,32,36,10,28,56,16,39,34,11,8,10,1,0,56,21,50,3,24,49,11,17,30,17,6,13,48,40,21,37,25,22,10,44,39,42,21,34,10,22,30,36,49,28,45,10,6,35,18,50,18,28,30,12
4,28,12,17,33,45,5,50,2,36,12,40,56,31,34,30,51,52,25,52,2,57,34,34,54,29,8,34,24,53,50,46,52,34,36,41,30,43,52,31,35,17,45,25,10,9,54,21,4,23,42,32,54,0,47,55,58,52,55,25
43,50,7,6,18,27,40,30,34,46,56,6,8,58,40,14,56,43,57,43,39,48,56,53,6,54,56,33,40,53,10,58,28,25,36,22,27,4,40,35,39,13,50,9,15,24,5,16,53,14,43,35,51,44,6,31,52,6,25,23
55,32,19,39,16,21,6,42,39,56,57,46,4,46,59,11,40,2,54,46,30,52,32,54,30,54,50,13,38,45,41,40,35,13,50,49,55,32,37,59,39,55,19,53,46,46,49,50,43,49,34,47,27,38,39,11,50,10,48,17
10,36,3,7,41,37,19,19,31,44,50,13,48,12,15,47,39,47,17,10,13,31,51,30,43,8,46,47,10,4,33,1,14,30,18,18,12,21,33,33,37,54,55,5,21,11,34,12,36,52,53,32,48,59,29,16,10,26,48,41
29,20,33,28,4,33,25,43,46,37,40,51,26,12,15,20,42,2,28,2,29,38,42,27,21,40,17,32,47,20,44,28,22,43,49,36,26,8,41,38,6,48,9,57,50,28,15,39,2,10,59,35,45,8,30,37,17,53,0,41
51,10,7,15,19,10,23,56,1,33,59,17,46,6,46,1,24,38,20,7,24,8,58,14,28,7,19,9,34,10,57,36,10,55,23,25,6,0,42,12,10,52,13,48,7,45,9,45,1,45,16,30,3,12,39,34,39,25,9,38
43,24,0,50,57,46,40,11,43,29,10,40,3,49,0,46,26,34,47,7,42,9,33,40,7,59,55,50,49,54,10,58,16,54,42,31,17,34,46,7,41,20,9,57,24,24,4,45,39,25,33,31,38,18,18,17,30,58,37,56
17,22,48,58,2,7,5,2,8,2,10,10,9,52,6,28,7,22,44,19,15,53,58,54,16,52,3,5,41,14,36,22,27,27,42,4,22,48,42,32,39,35,15,47,14,45,3,4,39,19,52,11,21,53,57,7,4,18,37,2
52,50,46,53,25,53,15,45,1,15,10,29,51,4,58,5,23,23,7,5,22,30,23,30,41,22,53,1,19,9,18,32,55,36,33,15,13,17,32,24,20,8,20,1,30,53,37,52,10,16,8,47,58,20,30,32,5,40,8,31
15,55,6,19,58,55,40,5,40,50,26,27,47,58,21,20,23,39,41,28,47,59,12,18,0,9,7,31,40,10,12,0,7,11,54,19,27,15,8,17,16,5,38,2,11,49,43,12,58,46,26,57,24,29,50,43,21,19,43,59
14,12,11,40,46,55,57,27,13,6,14,28,34,58,38,10,27,17,41,36,37,13,40,2,31,34,9,45,43,46,35,56,8,38,50,35,52,21,5,50,24,51,51,58,53,14,40,17,56,18,1,2,38,10,9,33,25,42,2,5
35,6,45,2,5,46,12,38,42,41,27,29,55,41,43,45,53,36,52,15,32,29,51,16,36,16,44,5,27,20,32,23,41,48,38,36,1,2,59,1,51,5,7,57,1,2,49,2,6,43,11,38,24,11,54,5,4,38,15,36
22,12,14,40,54,44,47,55,43,39,19,10,1,54,44,25,23,54,55,45,23,1,56,52,17,4,24,9,1,27,36,32,42,5,23,18,3,58,34,4,43,30,28,28,10,53,45,9,50,14,12,52,53,36,10,36,16,2,59,39
35,2,1,30,32,18,19,26,52,34,35,44,56,11,8,21,47,10,58,26,22,57,27,55,45,19,55,7,51,34,38,2,48,29,59,34,8,38,44,13,27,30,29,53,7,36,18,4,30,46,39,38,16,41,31,24,22,18,14,43
11,22,47,10,27,13,24,30,23,10,14,44,53,6,41,21,40,29,56,15,39,42,25,14,47,12,23,34,34,54,1,50,13,40,26,1,48,28,47,50,26,38,33,4,38,53,53,2,34,57,11,47,10,36,22,28,16,37,25,9
21,56,0,4,26,23,58,57,10,2,17,16,44,10,47,37,35,56,48,44,15,35,50,4,44,30,48,22,38,9,36,15,30,15,19,22,36,11,11,53,59,44,6,50,13,58,25,55,26,18,30,26,35,48,44,49,2,26,53,52
25,38,51,37,6,0,47,51,56,17,21,32,57,14,18,18,55,41,25,42,0,57,41,58,47,21,13,26,57,12,21,41,35,25,36,17,8,11,6,18,18,46,29,8,25,16,1,54,12,28,34,44,37,22,37,43,38,19,2,29
22,40,52,26,26,54,32,33,49,36,17,54,52,42,53,17,32,40,45,7,3,19,51,18,45,8,1,18,6,37,42,3,38,9,43,40,13,34,9,1,55,58,34,53,15,28,22,27,45,29,25,57,55,6,30,57,39,18,21,51
42,0,51,47,44,0,11,45,42,3,50,10,50,48,51,51,55,57,41,38,57,6,41,4,5,27,27,29,34,6,9,18,22,24,27,35,8,31,18,24,22,2,16,12,12,20,49,28,10,11,5,58,42,18,59,42,39,34,37,17
44,49,16,27,49,58,6,6,0,37,57,30,54,34,6,50,21,47,11,8,36,26,46,23,26,0,42,46,50,30,13,51,25,41,18,30,17,43,28,34,9,15,55,40,32,52,34,17,54,42,46,27,2,31,4,52,40,4,37,30
12,24,46,38,19,28,23,6,9,44,14,1,26,57,16,36,35,25,41,1,23,36,41,50,6,9,15,59,50,39,3,18,14,59,4,50,41,43,38,55,46,18,49,1,42,52,29,19,8,34,59,39,43,36,35,43,58,38,23,45
50,44,37,39,58,7,54,5,44,30,18,37,31,7,48,3,17,51,43,10,9,18,11,22,43,57,12,57,20,15,7,21,44,49,17,12,14,52,25,56,3,7,40,2,37,31,41,24,24,47,44,48,39,40,44,39,22,36,21,37
23,46,43,32,54,0,19,48,45,25,29,4,46,50,51,12,11,34,44,52,23,32,6,56,12,10,33,33,42,56,20,58,44,13,18,5,47,17,23,55,16,27,15,10,18,9,21,27,38,14,10,31,21,13,38,48,5,10,54,57
59,13,41,51,50,26,4,2,46,5,42,16,4,14,33,43,44,17,24,53,26,18,55,47,57,44,50,16,16,32,14,22,55,2,44,38,0,26,17,29,53,44,58,59,27,47,17,25,29,55,2,1,41,48,52,41,22,46,6,13
25,41,26,3,5,26,10,2,11,53,46,30,4,31,43,24,8,26,11,24,54,12,55,43,11,9,36,27,40,47,25,37,9,36,26,6,3,39,26,36,29,50,2,7,57,39,44,44,47,18,40,26,51,55,20,45,25,5,19,37
11,58,48,48,1,4,33,36,2,57,27,37,16,8,44,28,12,25,59,6,11,13,40,5,43,9,17,25,25,14,53,5,1,38,58,52,50,31,51,36,7,17,18,6,2,37,37,53,16,26,31,53,35,33,39,41,32,10,47,54
1,27,23,44,12,3,36,44,51,54,39,17,57,20,31,51,54,22,42,11,37,43,22,22,16,37,54,7,47,54,29,20,7,51,45,12,39,31,16,45,0,56,53,36,28,29,14,6,14,55,55,40,30,2,46,17,59,0,29,45
26,25,55,11,2,40,17,41,36,0,37,53,5,32,57,22,35,51,16,41,48,29,44,47,4,9,27,35,35,6,42,33,41,51,30,44,13,41,38,16,12,45,28,18,26,24,55,44,57,4,44,1,50,38,4,48,43,17,9,37
33,48,56,13,34,17,5,41,51,10,10,18,40,39,26,42,56,35,0,40,26,56,8,0,54,7,9,2,44,7,5,24,23,0,50,15,56,31,23,18,25,8,34,31,59,51,41,57,15,20,24,15,18,28,15,5,53,55,42,34
59,6,59,52,32,21,16,41,10,13,23,59,17,55,51,38,8,19,36,54,11,57,19,15,38,13,7,24,38,19,24,10,43,26,58,24,16,51,28,22,39,39,39,49,23,47,54,17,35,38,14,39,1,5,12,30,29,56,50,46
49,7,25,4,22,46,51,45,2,26,34,59,45,43,1,41,24,30,24,8,13,1,26,25,7,49,58,7,51,2,45,48,35,27,25,25,28,27,35,33,37,4,6,49,11,4,7,37,17,58,17,18,23,38,44,0,47,58,6,46
7,5,6,4,8,23,19,28,16,50,43,38,23,36,28,14,53,19,56,30,43,44,23,9,39,47,51,55,16,10,25,41,47,18,5,34,57,56,3,55,6,47,38,56,36,26,54,46,59,12,14,43,22,11,8,50,16,30,56,37
40,47,44,44,29,25,33,22,47,51,30,18,58,54,43,56,16,32,38,24,28,31,33,53,21,25,31,22,57,21,34,43,45,1,40,14,34,4,55,5,59,27,20,53,36,10,13,21,13,46,5,29,56,7,31,26,9,20,7,1
28,24,0,59,49,19,49,26,4,15,54,56,23,1,49,12,57,29,52,47,10,28,55,52,25,13,26,10,15,21,38,31,4,4,17,56,20,51,43,26,48,18,4,17,22,41,35,59,33,23,25,25,55,12,33,37,1,52,3,1
24,49,32,16,17,26,46,46,36,59,58,53,1,40,2,29,20,28,43,1,8,14,53,8,22,30,36,4,37,50,31,17,45,16,50,20,53,42,13,20,21,34,57,26,14,12,31,31,19,37,41,22,53,4,48,49,33,36,7,26
29,53,10,7,1,4,10,16,20,25,0,42,58,59,51,34,46,50,15,58,21,27,41,47,26,11,24,32,5,58,7,43,22,33,4,6,21,1,55,9,35,53,38,29,31,21,57,28,4,28,27,14,18,54,34,35,46,31,1,17
17,43,42,28,1,55,56,37,24,7,55,48,30,52,59,40,9,7,26,53,55,2,9,24,41,20,53,37,6,34,22,55,8,37,49,45,14,1,43,18,25,4,28,19,20,29,53,12,50,15,13,28,15,47,30,47,20,34,10,5
11,57,29,2,37,24,42,26,38,48,26,54,45,1,52,31,5,45,5,35,57,54,23,45,48,5,29,34,53,20,0,53,6,19,8,0,34,18,55,54,5,33,51,45,21,36,48,26,34,50,7,15,15,56,29,33,4,7,35,37
57,49,33,48,43,52,1,30,50,54,18,19,11,52,37,12,32,12,55,36,21,3,29,21,29,24,44,36,37,39,50,14,43,3,24,56,9,54,21,17,15,13,7,20,33,48,43,58,32,47,3,36,6,43,54,34,38,27,37,48
6,13,33,24,19,56,48,47,16,4,34,44,9,53,20,19,44,31,57,44,37,16,1,31,57,49,49,0,38,40,53,19,47,46,56,45,31,46,19,18,14,20,57,5,48,35,21,54,29,20,40,53,40,49,4,45,46,33,18,1
8,32,50,13,34,30,49,58,54,25,39,12,4,33,38,2,40,15,44,16,6,35,10,7,39,35,20,59,52,28,8,47,46,7,52,50,13,32,51,7,54,51,9,50,47,16,57,19,18,52,11,53,35,8,37,38,41,34,49,33
57,4,41,32,41,13,22,23,53,59,13,26,55,44,21,21,27,10,43,27,28,53,31,24,17,50,16,46,20,28,51,22,8,34,32,29,53,19,46,35,32,37,56,7,55,20,10,26,53,40,53,28,51,24,45,24,56,47,31,10
11,48,46,10,39,47,17,41,30,51,35,27,16,9,4,54,35,1,9,40,9,5,9,30,31,45,14,14,43,30,6,40,30,30,25,10,15,10,6,20,18,29,30,30,2,49,52,56,13,7,5,7,53,49,7,30,35,37,28,32
13,40,51,41,18,22,32,3,46,36,29,48,59,55,28,42,25,3,49,26,51,34,51,45,16,13,8,7,43,5,3,48,3,2,0,10,0,28,10,51,16,3,58,50,40,23,15,21,25,8,39,25,56,16,19,47,57,32,28,3
2,22,15,32,43,36,6,38,3,22,36,23,16,19,47,0,58,42,3,14,44,57,2,23,35,23,1,50,22,59,7,27,47,11,36,46,7,23,10,31,10,43,18,0,19,6,57,25,52,35,53,52,2,17,47,44,47,2,46,53
47,59,41,34,22,28,52,4,54,56,42,23,28,57,22,47,41,15,49,29,4,12,1,58,40,34,35,5,36,10,19,49,29,0,6,8,47,2,19,35,15,4,26,4,5,7,18,35,47,41,42,19,15,30,30,34,28,26,39,32
26,0,8,8,59,57,42,15,24,21,47,19,14,46,55,14,48,13,37,4,45,10,19,53,34,3,31,52,57,18,25,25,39,15,25,52,6,27,59,0,25,36,8,21,27,5,42,16,49,17,32,28,4,7,40,7,5,9,14,59
20,24,25,32,19,2,16,59,21,26,26,29,52,0,42,13,23,39,37,24,22,23,40,22,19,42,11,13,8,27,28,14,26,22,21,19,41,9,27,46,58,44,57,37,28,57,21,16,47,2,44,49,43,20,41,36,39,51,52,24
12,49,7,10,44,10,27,35,41,24,27,54,4,40,49,10,37,18,26,49,43,42,17,42,20,58,32,49,35,14,58,27,40,20,8,26,18,33,24,57,43,9,59,56,26,15,19,14,24,18,38,30,42,35,28,55,24,18,23,44
2,18,6,4,23,11,11,2,21,25,37,50,22,58,36,27,59,33,20,22,28,52,44,44,48,46,4,46,10,33,33,48,13,39,2,20,45,1,50,43,50,7,34,47,29,53,21,53,2,22,45,13,9,13,55,40,27,48,2,5
17,43,33,45,30,58,32,20,41,30,57,54,12,31,29,32,10,38,59,20,13,57,0,0,56,44,5,50,21,38,5,47,54,20,39,30,41,36,52,3,17,44,37,37,0,21,0,34,24,41,36,45,18,15,2,13,41,0,16,52
34,22,24,34,54,45,32,56,1,37,52,30,42,26,0,43,44,31,15,26,32,13,21,28,7,27,49,39,35,19,59,54,25,38,39,47,55,14,51,59,36,1,16,18,21,35,15,31,5,54,29,49,10,10,35,2,50,36,44,11
36,36,42,43,59,48,46,38,30,53,9,47,22,20,8,29,37,35,4,0,31,52,10,7,1,9,27,52,44,25,12,0,41,38,0,40,13,45,57,14,55,9,13,38,37,32,48,16,50,23,19,46,20,35,57,7,55,33,58,15
34,59,38,52,29,27,56,7,44,8,44,17,5,28,16,38,50,43,59,24,21,11,9,22,35,0,32,31,31,3,44,17,7,33,41,50,43,2,11,52,55,38,8,33,28,14,33,57,30,24,47,45,40,7,48,41,54,33,44,18
12,44,39,56,31,29,57,33,11,32,33,8,54,56,56,0,53,29,17,34,4,34,1,43,0,3,34,33,33,6,15,23,23,37,48,4,23,31,49,20,23,18,7,14,49,20,29,25,52,4,51,43,35,31,4,12,59,20,16,45
17,47,18,10,3,1,30,1,54,21,12,25,41,55,46,4,35,31,40,30,0,12,19,22,30,58,12,13,42,31,14,59,54,55,26,48,9,3,14,13,49,1,52,26,58,27,56,0,56,41,19,21,48,52,47,45,52,27,10,47
21,1,53,31,38,12,41,9,23,22,20,44,14,35,21,42,32,59,4,17,56,38,20,8,38,2,2,37,35,45,5,13,4,23,33,5,3,12,49,34,29,39,50,11,42,19,57,7,44,38,7,39,17,2,19,43,3,21,8,44
20,51,20,46,56,38,19,37,47,35,38,11,12,18,56,49,21,1,31,19,13,44,57,10,40,16,10,29,58,3,56,53,14,33,35,0,41,44,19,21,51,59,5,11,16,33,40,43,50,10,24,44,3,37,57,30,51,55,50,32
27,15,58,20,51,15,30,57,58,3,28,31,42,17,19,9,59,23,27,55,24,19,36,12,45,39,3,49,15,11,31,42,59,58,24,58,47,19,27,33,41,35,9,31,19,39,57,30,0,31,15,6,5,40,46,36,47,9,40,48
28,42,19,56,1,6,54,46,45,11,15,49,55,6,24,18,6,49,33,57,50,20,59,45,55,15,54,15,8,27,12,28,23,16,30,37,55,3,12,11,55,13,24,54,20,48,34,42,52,17,53,50,7,49,19,27,21,41,25,3
26,34,27,22,28,28,52,26,33,3,27,56,33,1,39,45,52,17,56,41,51,8,56,10,52,19,49,5,0,4,53,45,13,36,28,26,58,52,3,23,14,3,57,37,10,47,44,55,24,40,42,18,59,45,2,36,38,1,43,54
32,38,3,57,18,17,17,26,35,56,9,13,23,56,16,1,6,51,51,26,49,18,13,35,2,56,21,35,33,45,34,2,49,51,44,28,23,47,36,49,8,28,36,43,45,36,27,4,59,5,52,38,58,35,56,18,39,21,33,7
37,25,34,55,7,40,44,28,49,32,47,38,28,30,56,39,36,22,46,1,24,54,46,6,35,23,25,58,1,19,29,2,32,11,51,39,6,0,24,45,19,57,6,2,14,45,21,37,18,59,16,57,14,58,39,22,29,25,19,57
52,37,8,33,30,22,59,48,20,1,57,47,54,36,20,35,39,27,57,34,13,2,43,49,54,19,40,0,18,33,46,46,52,1,40,34,11,50,54,20,20,56,13,47,36,22,46,13,12,49,0,55,34,43,26,17,59,20,1,51
16,25,33,18,22,47,12,57,8,45,18,17,46,59,51,1,5,31,0,4,4,19,59,32,38,3,25,20,46,23,53,21,23,52,20,13,15,55,39,31,43,57,54,49,14,55,11,51,22,21,29,39,1,51,40,13,29,12,4,19
36,23,36,34,42,17,55,48,22,15,39,1,4,16,36,51,24,29,33,35,22,27,32,26,58,35,58,37,39,36,17,24,8,2,54,27,11,14,40,50,38,15,50,48,2,6,15,13,25,31,30,43,3,14,24,53,39,33,30,56
1,50,35,7,3,11,46,49,56,52,29,5,58,33,56,0,43,23,3,38,13,47,55,6,50,56,51,15,0,45,36,28,3,57,57,47,11,18,27,7,45,10,13,27,14,10,24,29,43,47,10,39,42,57,52,23,14,9,38,35
20,38,1,26,20,9,31,49,46,50,25,11,9,39,48,57,16,17,8,3,1,51,32,44,55,8,12,10,21,58,50,47,4,23,26,34,47,55,39,9,18,49,3,33,45,15,26,56,15,26,41,12,43,28,34,24,24,22,9,9
59,21,34,34,15,42,37,25,59,24,9,2,14,42,52,40,50,4,49,25,41,10,32,26,40,32,30,18,48,49,1,40,48,50,32,43,46,37,35,40,26,33,20,17,9,56,53,58,0,40,48,44,25,22,37,14,3,31,24,7
8,57,14,25,0,44,59,3,47,20,36,23,28,12,57,5,22,32,30,37,38,30,13,3,12,13,17,44,13,43,57,57,58,26,24,51,38,35,9,46,4,10,4,34,55,42,32,45,46,34,27,59,4,32,54,40,19,10,10,41
19,5,52,36,15,11,13,50,31,24,50,35,27,51,41,11,7,27,33,29,54,52,36,28,31,28,1,18,30,32,42,0,2,3,17,37,4,17,23,34,10,7,48,30,48,43,50,16,0,17,10,52,27,2,22,6,45,42,28,4
1,58,0,43,59,57,7,3,46,52,47,28,33,16,26,8,26,38,40,8,15,0,22,57,28,29,24,29,31,20,0,57,47,30,48,32,44,53,11,1,25,15,16,53,11,56,29,39,11,0,47,57,33,3,6,9,10,8,45,48
51,4,14,48,56,22,48,4,50,26,38,36,35,24,3,24,32,16,51,5,50,53,33,9,7,38,32,32,3,32,36,54,3,6,29,8,18,59,6,28,26,42,5,5,23,33,23,48,51,12,23,56,41,5,15,44,32,33,22,56
45,26,54,55,37,55,7,20,45,8,30,6,52,35,35,11,35,12,26,29,50,29,28,38,27,11,13,25,46,13,25,14,4,37,8,36,24,32,52,58,18,20,25,21,28,51,41,42,41,21,56,12,17,1,44,54,14,21,23,58
35,50,33,54,14,23,48,26,35,57,55,43,36,31,42,54,15,46,56,49,31,9,23,54,3,10,57,38,3,4,42,45,37,49,12,36,29,39,28,17,52,9,34,10,45,6,16,56,30,14,45,22,20,3,16,9,6,25,18,31
55,47,22,39,29,15,9,9,31,1,27,7,25,22,56,6,11,22,26,46,41,59,0,0,2,10,3,41,57,32,12,28,19,24,15,22,16,58,10,32,36,58,19,25,22,12,42,29,29,36,7,31,24,25,10,34,8,1,8,33
8,22,34,8,56,16,19,11,42,58,36,3,6,17,35,46,58,53,26,25,58,33,50,36,25,9,22,23,42,29,46,52,25,45,20,21,28,51,41,2,8,59,47,4,30,11,53,19,32,14,33,23,24,13,22,11,12,28,44,51
21,13,25,5,55,19,45,45,25,30,12,20,25,40,45,38,1,40,52,1,30,30,30,43,53,37,20,47,58,30,45,19,35,28,13,10,57,37,28,5,6,44,55,45,17,26,1,27,0,28,32,31,35,12,33,15,22,32,46,0
49,9,55,52,57,36,6,45,11,4,8,50,25,13,8,7,32,49,2,4,5,55,43,26,18,0,55,44,59,14,10,52,33,17,27,57,39,20,53,20,45,6,17,41,49,54,32,59,56,50,14,31,46,17,46,42,36,50,40,43
35,41,42,57,41,16,36,45,27,57,24,26,13,19,5,46,45,40,40,29,48,22,54,31,27,0,54,17,52,2,45,55,52,53,39,4,22,17,18,8,11,28,51,28,6,19,46,22,32,17,9,38,55,6,48,0,19,36,53,16
39,44,26,29,6,7,14,50,28,38,4,8,48,10,59,1,22,25,32,45,23,25,36,57,53,14,23,23,19,59,7,5,19,47,19,47,5,55,39,47,58,25,46,58,23,14,40,25,50,46,26,20,19,22,14,22,52,11,6,36
53,15,42,7,41,59,50,34,24,12,36,36,56,57,31,19,52,6,41,15,43,31,12,55,43,51,18,54,8,19,19,27,52,36,24,29,19,28,12,20,5,48,57,36,41,1,52,46,42,44,16,48,52,52,54,37,8,30,42,50
59,53,31,46,31,7,26,25,28,47,2,48,1,16,45,17,51,47,13,11,58,54,4,23,27,13,21,52,56,53,51,8,4,6,45,46,48,54,44,32,55,44,13,4,45,30,53,36,6,38,29,29,17,22,54,11,10,34,0,27
2,30,9,43,0,27,10,40,33,14,12,6,19,50,2,55,39,40,45,53,48,58,11,53,48,27,17,25,47,58,31,5,13,41,10,26,52,6,1,10,9,2,32,45,25,30,33,23,34,48,25,30,32,28,54,39,8,47,11,16
54,5,32,1,10,37,55,4,58,42,23,5,16,12,55,49,13,25,35,52,1,5,5,44,35,59,24,7,54,43,15,27,54,33,1,13,3,55,48,35,36,25,45,49,50,15,24,45,53,23,1,31,3,28,20,50,18,8,54,12
14,51,50,9,38,41,12,26,18,47,41,50,15,16,2,4,25,18,16,17,13,36,56,18,41,47,17,4,19,54,49,18,56,17,50,51,21,52,27,30,46,27,39,43,50,50,26,46,51,53,15,51,46,4,12,12,23,39,0,43
2,39,56,33,13,50,34,9,19,8,58,45,50,50,47,20,40,26,45,16,48,28,47,40,12,4,3,3,16,11,53,12,15,55,49,20,21,17,54,53,14,42,26,19,0,5,13,40,36,2,16,53,36,55,32,24,47,26,43,28
46,52,59,31,46,0,19,45,37,2,12,3,39,49,30,53,31,5,40,29,15,54,17,12,28,27,48,53,20,52,53,30,0,52,15,58,18,0,23,32,45,5,56,5,16,25,30,53,43,54,31,16,7,6,3,13,25,7,5,30
57,39,32,21,27,2,28,37,5,56,7,3,1,7,58,29,34,2,40,35,34,59,17,0,5,38,39,58,38,4,18,14,53,54,7,57,50,19,54,27,20,13,39,32,44,51,44,1,29,12,4,5,43,47,39,25,28,4,22,40
31,5,28,20,34,19,32,51,14,2,27,22,0,36,1,45,46,39,55,37,32,55,58,42,44,54,55,34,14,25,10,46,24,46,58,12,14,13,17,20,59,1,13,28,14,58,47,57,18,19,0,23,16,34,34,22,45,9,57,42
17,46,20,47,19,15,42,34,38,47,18,48,54,36,59,41,47,3,31,30,18,25,56,58,11,57,45,40,2,27,35,0,26,4,35,1,32,16,34,16,55,26,20,17,27,4,28,15,2,47,45,59,21,47,7,32,5,22,24,58
34,49,30,10,11,26,13,17,4,18,15,40,11,12,54,9,57,59,41,33,51,59,22,5,39,31,11,53,35,32,22,37,12,22,17,5,19,35,14,33,15,51,44,56,10,50,37,33,4,11,50,51,49,32,22,38,36,51,33,52
42,39,26,33,1,44,58,37,11,35,32,28,21,40,42,59,41,15,48,11,18,42,17,44,56,39,32,20,6,29,20,41,7,23,4,46,14,55,30,51,50,12,16,35,33,12,46,2,32,13,10,16,9,14,48,41,59,23,45,15
22,10,23,50,24,38,14,24,27,47,20,50,50,56,43,5,3,58,25,24,54,29,49,1,44,45,31,25,51,21,37,28,50,50,53,15,44,2,8,47,27,31,1,14,59,3,48,2,45,33,8,49,7,43,36,18,33,5,18,22
7,38,3,21,16,37,50,26,58,6,23,0,22,25,26,7,42,45,43,48,5,50,44,7,33,37,10,48,34,15,38,51,58,43,44,11,28,3,55,11,31,6,48,53,38,5,31,32,1,0,2,48,12,19,20,21,25,2,56,33
47,35,57,47,36,34,6,59,22,15,14,25,7,9,41,52,21,38,18,8,51,50,21,58,52,5,12,41,55,53,1,30,39,4,50,59,36,38,28,47,8,46,5,4,26,10,47,29,43,9,9,27,49,34,33,54,3,20,45,23
0,18,47,19,53,59,36,1,33,57,25,48,48,36,8,55,42,47,16,4,17,58,52,40,7,42,42,5,45,18,15,47,38,51,2,1,3,34,21,49,56,48,37,4,28,38,21,44,56,12,50,25,19,45,40,31,22,1,43,24
30,21,20,47,55,49,47,23,29,0,34,46,36,58,50,4,29,5,41,10,24,50,17,53,19,29,54,35,39,48,2,42,30,31,19,22,1,13,47,20,18,47,47,12,16,48,59,7,58,28,41,42,48,39,59,32,24,19,40,36
42,33,50,45,1,3,5,13,18,53,19,40,15,56,17,3,33,56,18,0,45,25,41,33,43,33,11,24,4,26,23,1,32,22,48,33,20,7,4,24,29,12,26,52,6,4,42,2,32,12,1,59,4,39,34,16,25,0,54,33
16,57,15,21,13,35,40,2,4,7,37,2,50,29,21,0,13,53,4,56,57,21,8,50,32,29,31,8,9,57,24,45,56,40,37,31,36,26,45,4,30,8,57,54,6,26,3,27,58,11,48,16,8,7,15,1,54,54,29,57
17,0,31,12,41,15,33,27,17,51,51,33,59,12,26,21,57,50,52,48,49,39,25,42,35,34,20,12,9,17,31,11,3,32,27,3,46,29,52,33,49,9,16,35,30,56,10,21,41,58,5,24,28,30,10,19,14,39,19,0
3,7,44,26,24,52,16,17,5,52,29,27,45,25,7,32,16,22,53,41,2,45,51,22,59,53,32,11,53,57,12,17,9,34,24,28,19,48,59,12,32,30,50,54,53,58,59,42,26,49,35,1,51,52,39,13,25,23,38,11
39,9,14,24,50,42,44,52,8,28,0,50,29,40,35,43,54,13,38,56,8,50,5,9,35,13,58,11,56,14,48,15,43,33,36,1,58,39,6,37,50,48,23,14,21,9,4,14,14,30,34,36,25,12,40,40,12,9,50,54
7,34,51,34,3,53,21,16,14,6,33,3,20,0,13,2,51,55,49,35,52,43,1,31,29,10,3,41,15,31,24,32,53,47,19,35,29,34,22,20,57,50,52,42,40,33,26,30,58,50,37,52,52,50,38,56,18,32,56,21
2,19,10,35,20,13,56,1,3,41,42,43,22,59,54,50,6,59,38,36,55,52,55,27,47,41,47,37,49,54,58,3,14,36,10,1,14,1,13,16,6,54,56,34,4,54,32,57,55,45,55,55,58,34,24,58,49,40,53,58
32,17,26,52,38,38,17,44,9,35,51,40,21,45,1,57,33,23,58,13,28,40,32,29,53,36,23,17,16,10,59,45,48,50,15,32,50,23,22,12,21,16,16,46,49,33,6,55,58,18,32,4,42,7,56,15,7,3,45,4
43,12,29,59,37,38,52,30,8,26,6,52,8,22,30,50,42,18,30,32,43,18,18,6,3,43,49,28,44,13,53,18,40,22,9,52,0,47,58,39,24,35,43,40,4,50,41,29,54,53,18,46,2,59,36,44,17,58,12,47
59,12,4,17,17,44,38,10,40,43,13,28,9,13,15,42,22,18,1,28,39,41,56,29,49,14,6,23,5,43,25,15,48,20,29,19,18,59,32,55,58,48,11,1,9,42,7,19,39,2,12,34,16,8,24,16,3,36,31,22
55,42,43,17,51,24,14,35,54,20,59,9,58,38,8,34,42,57,7,38,20,23,59,42,20,18,41,17,41,56,56,53,51,32,18,26,21,52,16,27,34,45,48,15,47,16,30,26,22,20,56,52,33,12,12,8,47,52,2,9
31,42,56,30,47,9,33,40,48,55,18,11,3,32,1,30,14,12,13,41,9,52,31,31,40,21,39,9,45,41,58,9,30,4,47,35,56,51,15,43,59,13,11,13,21,46,45,43,17,13,2,19,28,10,33,36,10,59,39,44
35,37,14,44,47,47,51,17,11,9,23,38,3,29,48,36,36,52,58,18,53,15,49,0,2,26,23,48,39,56,23,41,35,48,50,13,11,54,17,54,38,59,46,25,48,22,43,58,55,53,27,18,50,4,18,1,2,49,12,28
12,5,12,48,0,27,40,41,27,54,2,47,14,11,16,27,45,1,19,45,58,32,41,55,13,55,4,4,27,11,44,4,53,57,19,37,28,30,0,18,41,14,20,46,30,13,37,23,48,14,27,31,28,10,58,51,50,15,24,19
47,48,41,1,51,14,42,42,52,8,21,44,23,53,27,54,2,29,58,6,25,20,12,6,22,49,12,20,35,35,40,58,47,1,23,33,36,9,59,55,1,5,40,25,42,44,46,50,37,44,11,15,22,37,1,23,37,16,7,26
25,39,21,28,17,55,49,6,47,48,10,36,58,47,20,0,51,4,36,47,11,8,44,47,48,16,20,3,15,58,16,51,43,36,15,14,13,42,15,15,12,43,17,56,7,25,13,56,13,6,37,54,11,32,56,47,34,43,51,37
49,58,32,41,11,4,32,48,12,45,22,32,46,44,32,13,13,52,8,55,29,48,21,46,47,9,38,52,11,44,30,26,27,28,32,47,57,48,54,31,30,41,55,42,19,18,39,11,56,56,30,20,21,46,4,25,21,31,13,52
17,0,14,11,44,14,51,4,14,31,47,23,30,14,25,13,56,7,33,12,24,16,19,22,38,59,32,2,2,30,17,50,55,31,29,6,28,29,36,55,16,21,22,20,26,3,23,21,5,59,15,51,45,59,14,25,47,27,23,15
30,37,32,16,5,4,1,57,23,58,37,49,10,26,49,8,28,31,43,32,22,16,47,50,54,0,44,29,32,43,40,27,41,37,22,14,56,44,0,29,41,45,52,36,50,8,34,20,42,32,34,14,47,25,5,13,57,3,23,19
47,57,18,36,28,34,35,9,35,24,42,12,44,14,33,59,7,44,31,36,34,46,29,0,55,38,7,35,43,27,49,56,6,30,33,8,36,51,16,42,34,27,49,11,41,2,7,18,11,44,37,52,30,3,14,34,11,10,36,42
9,33,31,34,11,48,31,57,41,23,51,22,30,27,40,40,11,49,4,38,32,54,15,6,17,19,33,30,47,59,38,1,57,47,42,56,57,21,30,14,54,30,7,4,22,16,55,39,19,41,13,28,55,8,36,15,39,49,22,4
50,31,7,10,43,49,31,11,14,43,57,27,44,16,24,36,57,39,20,12,38,52,28,35,30,24,55,28,52,55,53,40,40,17,27,5,15,39,6,52,2,37,45,18,20,28,54,4,47,35,26,9,47,9,2,34,21,26,24,15
19,26,8,26,20,58,19,45,41,12,11,39,52,52,9,33,17,24,15,52,5,58,20,8,39,46,45,2,4,34,53,11,49,51,34,35,8,51,17,13,54,49,12,35,51,24,13,9,22,50,2,42,49,50,45,2,46,11,37,35
28,53,19,11,13,21,46,36,1,12,13,52,19,3,41,29,47,51,29,32,13,8,7,14,19,50,1,4,4,17,28,5,34,26,39,19,13,12,55,10,20,33,11,5,0,27,0,6,50,7,0,13,3,31,10,18,26,58,25,51
46,49,8,38,47,12,38,12,23,24,21,40,51,46,41,54,2,52,41,52,6,6,45,52,15,19,27,37,41,1,58,36,42,42,23,46,57,16,8,27,54,20,41,14,42,5,50,36,20,44,15,5,56,53,6,58,31,44,39,45
41,0,2,59,26,8,13,7,54,44,57,37,51,14,29,28,12,10,22,11,14,45,39,40,31,5,44,34,51,48,46,28,47,16,36,43,3,54,54,41,1,44,45,43,31,19,31,12,0,37,59,51,23,37,12,29,45,23,2,26
48,34,4,45,19,45,10,36,38,24,41,28,59,59,17,51,49,41,21,21,55,13,19,55,40,14,23,18,35,49,55,51,43,37,30,13,20,18,9,50,49,40,28,27,30,12,16,59,1,8,42,59,10,28,7,21,54,18,19,59
58,29,8,29,2,47,22,28,31,52,32,5,45,59,54,38,18,54,52,25,32,24,31,11,59,52,31,16,57,7,59,43,40,18,41,7,42,44,41,51,49,11,34,51,6,3,30,9,50,42,58,55,3,37,36,32,56,40,13,36
34,7,38,53,21,59,14,56,57,54,13,37,25,17,55,27,11,24,21,19,47,8,57,26,37,49,16,52,1,2,52,10,20,16,38,46,59,23,20,32,55,2,20,0,9,50,45,20,9,21,13,38,39,37,55,2,38,12,2,38
7,7,47,26,24,2,54,3,15,40,33,40,14,55,26,5,17,58,48,39,36,27,21,20,4,43,6,52,34,17,33,57,25,40,2,16,45,10,1,53,15,5,6,33,18,46,43,56,0,28,11,33,26,18,7,26,25,35,12,0
23,55,48,12,37,18,40,36,16,53,19,22,8,34,18,12,54,37,57,29,5,41,29,59,45,36,41,50,31,39,55,17,5,1,1,2,38,41,53,18,20,17,59,48,32,0,16,2,4,46,28,11,49,29,1,58,38,56,7,40
19,7,26,46,31,26,34,18,17,37,28,35,18,54,34,20,32,5,36,9,49,9,38,8,6,37,1,55,9,50,11,55,32,40,23,4,17,23,40,34,20,3,41,7,53,16,23,28,31,52,20,31,57,10,15,3,45,40,32,42
5,40,18,34,57,16,24,47,32,2,6,0,2,39,53,4,18,26,16,4,40,46,50,37,7,6,46,38,19,9,37,30,8,39,39,11,23,38,36,48,36,41,18,2,10,48,33,39,57,3,23,45,4,21,0,26,17,58,44,49
50,6,21,2,5,2,38,49,31,40,54,11,50,13,58,48,46,1,32,13,44,17,56,43,8,10,56,23,23,28,24,35,38,54,36,55,56,2,59,35,51,54,43,25,37,35,2,4,15,43,24,51,44,54,24,17,34,58,57,16
59,0,21,45,45,13,49,26,20,40,11,34,54,27,44,38,50,16,26,22,40,7,30,29,54,28,5,45,36,31,16,15,20,48,27,55,55,22,16,47,30,24,9,21,7,19,37,59,8,49,17,55,58,38,34,27,7,18,47,1
28,36,25,46,34,13,10,22,18,17,20,46,58,15,17,54,0,29,10,1,10,56,33,17,29,58,10,16,40,27,3,47,52,50,24,21,52,31,12,34,26,7,24,57,42,49,40,0,15,23,45,58,25,54,18,8,12,27,11,41
0,9,0,15,25,58,15,51,56,21,51,38,5,3,8,56,28,1,49,10,13,59,26,34,52,16,58,58,33,55,42,28,49,4,15,25,33,42,33,23,36,54,33,0,26,49,35,14,27,39,46,44,30,6,46,22,37,23,17,13
1,49,3,14,54,9,35,56,55,43,17,35,41,24,55,20,16,21,59,30,17,26,24,16,24,17,31,38,6,53,1,26,46,47,45,33,4,10,56,38,14,16,16,44,48,42,6,34,39,48,42,37,7,27,6,6,14,17,10,44
22,1,7,45,34,39,8,22,9,57,6,14,44,46,31,7,12,28,17,11,37,13,19,41,9,18,1,31,29,23,47,34,8,58,51,39,33,23,30,33,58,26,34,53,18,56,44,7,28,40,8,54,17,26,37,16,6,58,22,22
41,7,57,4,11,15,58,1,9,50,4,45,43,16,47,45,23,26,0,57,53,17,17,1,8,16,31,3,45,9,48,58,47,54,36,23,18,18,59,57,31,18,21,58,40,15,36,34,7,26,10,0,38,59,18,10,51,21,2,38
3,36,27,54,9,22,28,2,11,50,10,35,7,12,43,28,43,27,29,48,55,26,24,38,42,8,2,16,53,19,28,57,1,47,33,24,17,15,51,35,36,24,20,0,41,31,45,54,6,31,11,41,30,17,54,55,5,21,9,52
7,40,49,21,54,6,16,53,39,46,45,32,27,3,11,54,48,38,29,22,20,12,7,43,36,51,6,29,49,35,50,37,26,56,10,32,8,50,51,27,23,16,18,26,57,39,59,8,2,37,4,48,47,46,47,22,2,45,23,59
13,6,57,27,27,58,43,3,20,44,39,12,12,49,53,45,42,38,41,15,38,15,49,57,33,59,15,7,16,44,42,49,43,17,6,48,7,28,43,30,26,47,49,40,48,53,20,31,46,32,13,59,43,31,3,7,27,4,57,38
49,20,29,31,54,38,55,9,0,59,40,3,12,53,27,53,53,3,47,12,31,32,26,3,1,45,59,34,53,18,21,22,21,22,15,39,4,0,45,57,21,11,17,55,32,10,37,23,16,5,37,35,34,39,38,59,18,10,24,25
42,10,6,24,57,40,32,0,16,6,31,11,14,5,13,32,20,4,44,46,48,24,54,18,6,57,8,38,24,39,16,16,23,53,53,55,18,25,50,52,34,43,23,45,22,59,35,56,57,14,14,8,28,35,59,40,36,12,34,48
42,38,19,25,34,7,32,24,22,42,17,52,58,40,56,42,17,4,28,12,33,36,37,57,31,24,40,22,51,5,54,53,22,6,33,14,59,32,55,25,49,53,25,53,2,33,57,10,52,24,4,2,30,20,16,7,1,25,32,37
7,48,53,55,11,42,41,25,53,10,20,28,55,58,10,16,14,43,53,31,4,48,51,17,6,30,34,34,18,41,1,51,14,24,4,23,16,23,11,8,22,9,7,31,5,42,56,39,50,1,31,40,23,54,53,57,54,35,36,26
52,57,57,46,22,18,44,21,53,33,39,48,56,44,16,35,47,42,42,23,53,28,49,7,40,59,49,5,32,17,46,53,6,18,57,44,1,13,0,54,5,31,49,18,28,13,12,3,39,3,20,13,6,20,36,20,44,18,7,16
23,18,7,45,57,5,7,38,38,18,32,10,31,41,19,26,38,35,38,14,45,15,29,56,51,39,27,20,34,26,42,58,2,51,40,51,13,19,44,16,15,35,58,42,34,54,39,25,53,36,11,33,9,57,0,19,13,56,47,47
14,16,5,6,53,20,17,55,42,31,53,16,13,34,10,43,9,39,33,3,45,37,59,31,47,44,3,56,46,31,14,0,57,52,17,9,45,44,50,21,56,9,6,12,54,37,52,33,53,28,9,32,19,8,3,51,29,15,5,50
18,39,59,51,59,11,14,20,48,6,50,27,13,38,25,34,42,46,15,46,33,9,50,9,59,55,32,55,13,24,15,26,5,14,41,15,54,0,28,19,26,50,56,10,43,5,20,21,56,54,47,22,53,43,7,31,30,1,22,2
26,52,19,15,24,43,46,40,57,8,51,29,58,16,12,53,41,17,45,54,12,1,39,33,38,11,57,17,39,20,28,25,47,19,50,34,21,0,56,52,46,35,0,4,23,17,17,43,31,55,50,23,28,31,28,54,30,10,23,27
11,31,27,13,37,12,37,27,33,53,5,40,53,43,33,16,37,31,44,4,50,2,23,37,51,56,30,18,6,19,0,20,29,36,3,25,6,30,13,48,28,0,3,49,42,4,7,48,19,56,26,49,21,26,43,46,5,53,44,56
33,35,23,39,25,23,20,9,5,11,33,21,9,30,11,21,36,55,48,29,40,15,2,20,2,3,35,43,17,58,8,52,59,28,59,10,23,59,30,56,26,9,57,30,32,17,59,53,35,57,52,23,40,14,43,14,52,46,13,58
16,19,49,41,52,52,47,56,25,21,12,41,1,32,47,52,42,44,49,56,23,9,57,46,54,27,20,42,23,51,21,40,24,28,41,8,21,42,33,39,54,33,41,54,29,25,16,24,10,47,19,0,19,5,30,47,53,47,32,31
27,41,12,57,33,45,4,44,55,53,39,25,22,52,6,41,15,14,13,27,3,36,37,43,59,22,39,6,44,8,58,3,7,7,35,54,27,51,4,22,18,28,23,27,1,45,40,0,30,58,20,5,52,37,1,18,19,14,2,29
38,11,46,54,36,43,28,43,43,9,42,41,20,9,39,2,9,3,1,18,6,45,28,27,35,22,27,46,43,8,31,33,31,47,24,26,38,22,41,9,8,4,29,27,27,52,3,49,30,9,24,45,21,26,6,51,20,57,55,48
9,48,7,51,50,46,34,25,39,22,39,20,23,34,19,44,38,16,1,14,9,38,28,37,47,39,0,8,29,14,11,56,13,49,31,17,35,41,12,38,16,31,0,3,38,45,32,2,9,27,44,1,58,25,59,43,54,37,53,52
57,4,41,39,52,50,14,21,36,5,51,34,57,4,58,26,51,21,22,19,17,20,15,23,28,6,53,18,49,59,59,19,34,16,12,52,16,54,10,49,27,32,39,34,43,42,7,56,10,4,24,22,50,29,8,25,12,18,26,31
8,55,51,17,19,58,9,28,14,26,43,52,55,7,30,41,50,14,22,38,18,43,42,41,11,14,48,56,50,16,15,43,57,54,31,23,25,15,44,29,6,30,32,20,16,19,0,52,26,59,42,7,42,12,9,16,5,49,52,37
42,9,2,19,27,34,5,9,51,56,37,53,13,28,28,40,50,12,36,8,2,7,38,15,40,40,13,6,38,46,3,50,37,0,9,30,36,57,56,41,16,4,56,30,28,8,19,31,38,21,0,4,18,31,42,13,15,31,43,7
45,45,43,42,21,18,47,21,21,8,45,59,35,57,17,41,15,42,13,39,24,55,39,26,55,15,16,23,4,33,36,26,30,27,19,3,19,26,39,10,42,10,1,17,10,55,13,28,14,51,3,51,58,39,29,9,10,46,42,49
22,41,11,53,50,26,46,49,12,13,45,49,2,26,18,59,15,22,26,4,11,20,11,48,46,16,17,11,13,19,58,8,24,47,44,21,21,19,43,53,9,42,51,15,12,54,44,46,14,32,33,49,18,7,25,13,36,19,56,41
51,34,20,35,56,12,29,37,27,43,25,7,35,46,42,25,29,55,12,32,53,53,15,25,3,58,23,16,8,23,42,10,27,0,57,48,5,22,33,47,27,24,27,9,56,54,40,44,21,13,14,21,3,7,6,14,45,13,39,36
37,26,17,28,15,8,57,1,40,7,42,24,31,55,22,15,15,30,30,45,8,6,5,13,16,46,41,14,43,29,15,30,13,0,22,48,21,12,28,13,11,16,9,51,42,41,27,22,52,44,53,57,47,44,13,10,20,26,26,9
38,17,18,47,9,33,36,43,51,29,30,6,53,33,0,51,13,20,15,41,22,26,1,6,45,45,21,51,22,18,19,50,24,58,15,56,37,26,30,55,35,11,29,34,12,58,3,0,22,51,28,44,35,30,0,39,35,20,35,9
29,44,55,51,37,55,39,55,14,28,57,14,50,13,0,48,7,34,49,23,2,11,17,52,51,29,7,15,45,1,44,45,39,14,27,58,27,3,22,1,31,2,19,40,12,45,53,23,33,9,4,50,34,35,24,33,55,22,51,37
29,24,6,5,46,2,47,26,42,58,5,26,27,51,44,26,28,6,12,55,1,33,21,33,47,49,31,35,39,29,42,12,24,10,16,26,13,2,26,56,37,28,5,32,17,38,43,28,36,55,14,23,32,12,23,33,23,24,38,57
8,20,21,44,36,23,58,36,17,15,43,5,14,19,41,23,21,47,9,42,57,15,32,11,32,13,11,17,26,43,52,22,38,23,31,39,26,30,58,21,10,51,51,59,2,16,40,42,17,2,44,36,50,32,54,54,24,54,35,8
55,51,29,2,7,30,4,10,24,51,17,37,11,42,0,0,29,55,34,31,19,13,26,47,24,59,52,3,21,51,21,22,44,23,49,9,24,32,58,20,13,22,29,40,53,23,26,43,31,7,35,27,38,46,12,31,6,41,24,34
39,4,26,23,28,37,44,5,34,31,0,46,27,44,40,51,50,25,33,56,51,38,4,5,4,28,34,11,55,35,17,43,23,48,50,33,56,35,54,7,1,32,58,43,10,49,9,30,45,52,4,24,5,54,51,43,47,17,13,37
3,12,56,48,40,8,38,2,2,51,21,39,7,29,28,7,6,2,5,4,56,25,50,11,54,6,48,35,49,42,29,16,24,8,37,39,59,5,28,44,42,46,6,31,20,29,6,14,24,14,2,58,11,46,40,45,57,26,28,36
30,15,45,32,7,40,57,33,31,45,16,39,57,59,1,36,17,45,35,21,48,42,1,14,51,41,36,24,55,18,25,58,8,58,36,35,38,33,27,28,21,57,9,26,45,41,52,28,55,6,51,27,24,1,42,0,2,40,17,30
53,4,43,3,54,7,59,18,51,50,5,47,52,54,14,19,49,18,54,25,15,36,32,27,43,25,33,18,47,13,57,59,46,52,10,55,23,11,1,43,17,3,13,10,25,38,11,35,34,27,16,46,33,15,40,14,47,27,6,42
32,31,58,45,37,34,6,41,2,27,6,36,16,5,21,34,56,19,42,46,24,44,57,37,17,10,3,2,6,38,12,10,32,42,1,36,9,7,20,9,14,34,43,2,13,52,53,27,29,40,52,59,19,54,30,23,47,32,42,18
39,18,9,1,53,27,58,38,3,42,32,17,41,15,59,18,47,39,31,55,6,31,30,35,34,11,3,54,14,39,33,59,29,44,35,30,27,36,18,40,11,23,31,53,27,48,42,25,38,41,39,16,43,1,9,26,18,22,40,40
1,21,51,17,28,5,26,28,12,13,54,56,49,28,36,58,39,36,46,8,21,46,1,55,38,48,37,11,12,24,51,43,50,34,27,36,15,38,14,36,34,9,26,41,28,52,22,24,45,50,7,53,38,42,1,40,54,37,6,6
59,16,27,34,15,3,20,8,45,43,21,36,4,7,37,17,10,36,30,43,31,23,55,53,49,34,3,16,25,51,19,11,39,13,28,57,33,38,15,45,19,17,51,47,33,42,46,44,52,0,47,51,45,5,16,49,31,4,30,32
55,59,5,58,26,7,1,33,48,15,18,34,55,24,57,38,53,22,2,50,31,36,36,24,38,38,24,48,27,30,36,34,55,21,55,31,14,39,48,27,27,21,39,11,20,49,13,24,57,11,15,4,6,33,51,24,45,9,53,43
45,53,19,59,44,22,11,40,51,56,57,7,1,10,40,25,36,50,27,11,23,10,24,43,43,39,44,2,35,25,7,50,3,48,6,41,39,7,18,10,3,36,53,4,18,31,58,15,33,43,17,31,2,16,55,4,44,45,17,36
15,18,42,30,1,44,58,6,58,20,26,12,41,22,10,51,40,5,10,24,8,3,32,59,14,46,43,2,15,35,54,51,8,38,9,43,31,8,30,50,21,25,20,58,55,29,23,13,18,22,13,30,51,5,34,44,5,49,10,24
55,29,18,39,1,47,51,17,31,0,50,9,41,35,9,23,36,57,20,11,24,45,13,13,0,18,37,41,7,27,41,3,39,41,12,7,57,40,40,53,26,54,44,22,31,9,48,8,57,21,58,2,58,17,33,38,15,7,52,36
10,35,57,3,49,11,4,8,25,31,38,5,15,10,42,45,44,30,51,28,23,50,14,27,40,21,49,44,22,31,58,3,51,12,33,31,52,39,34,20,11,25,12,18,3,1,24,47,5,28,20,10,51,35,42,19,40,13,21,44
55,45,58,42,20,13,37,17,38,5,38,54,30,22,35,38,50,44,54,7,51,20,36,30,45,23,53,40,43,50,45,26,1,31,13,32,50,29,16,20,1,21,30,5,1,32,27,37,17,57,32,53,7,28,50,42,46,31,58,4
49,27,11,14,19,23,26,28,7,30,48,27,30,55,58,40,59,21,34,59,48,5,20,1,0,51,51,35,48,1,42,50,7,58,21,52,21,38,17,10,25,39,59,22,53,55,10,16,30,25,32,49,9,59,50,53,0,13,49,4
38,17,33,47,21,24,11,2,2,46,7,22,58,9,58,55,25,11,25,32,35,39,10,20,32,40,9,14,34,9,53,40,25,42,40,23,31,53,36,28,38,9,20,5,36,24,43,3,33,10,38,38,42,4,49,56,5,50,30,57
17,20,46,40,46,31,52,10,31,34,32,0,38,47,50,19,16,8,38,42,22,22,1,51,32,11,12,34,14,30,27,18,13,19,47,33,38,47,33,51,13,29,10,45,34,27,23,17,42,44,42,6,29,34,43,17,57,10,40,15
21,35,48,52,37,35,43,58,43,56,39,29,7,4,55,8,28,5,30,6,53,10,39,43,57,42,53,16,25,19,4,37,37,36,12,20,20,54,32,7,11,14,6,15,7,19,19,51,5,41,28,9,0,38,38,58,30,46,12,25
15,51,39,58,29,56,44,12,11,4,26,27,56,25,47,25,44,56,39,28,15,19,27,43,3,35,57,3,59,7,49,18,9,24,13,42,41,9,14,12,23,8,48,26,53,48,9,20,22,58,13,10,4,54,24,3,58,39,43,55
51,41,13,1,9,24,25,50,43,12,24,13,13,18,49,39,8,36,8,3,9,12,58,32,59,53,27,45,23,43,27,13,32,59,21,40,47,50,29,6,21,48,17,53,57,52,0,26,5,3,51,38,27,23,58,59,14,49,20,46
39,8,2,42,55,53,24,20,59,33,53,48,45,48,58,24,0,31,28,52,15,51,24,20,13,32,55,17,40,21,2,53,12,18,8,12,29,29,44,36,3,44,21,57,41,59,22,39,35,24,11,36,33,44,11,9,47,51,7,30
11,14,55,2,56,49,22,55,2,32,39,1,10,10,8,53,46,49,40,53,7,32,12,39,42,20,42,28,35,5,52,33,40,1,58,37,12,50,20,27,7,38,16,19,54,33,22,23,49,12,2,53,2,33,0,42,41,39,55,39
2,48,27,53,57,35,12,54,18,40,8,52,0,18,4,2,4,1,20,28,29,42,7,39,19,20,8,30,28,15,50,58,0,28,9,11,7,6,33,15,50,24,10,1,39,5,32,6,48,21,54,55,14,30,42,57,16,40,45,29
53,15,55,19,55,10,51,2,47,7,20,49,17,28,33,16,2,45,54,31,23,25,8,39,6,56,49,17,36,39,59,42,54,33,15,44,34,8,27,29,48,51,30,53,50,49,9,47,33,35,46,44,37,12,50,48,33,7,32,0
30,48,24,59,48,45,57,46,55,59,0,38,27,46,25,59,8,55,0,59,47,47,47,2,30,48,44,57,59,29,19,0,59,9,58,17,59,11,6,14,29,10,13,55,40,35,19,20,47,26,19,13,30,58,7,48,59,20,58,53
49,57,13,11,8,57,28,18,12,41,34,5,26,44,52,49,17,3,39,41,39,11,37,36,0,34,14,14,45,13,13,8,42,17,24,5,0,33,16,4,40,49,8,43,18,27,13,29,8,40,22,56,30,51,37,57,42,1,44,37
38,4,14,41,4,7,49,13,54,21,13,43,53,38,9,11,40,4,52,5,23,22,46,20,32,53,27,25,23,5,37,11,27,20,5,46,55,49,56,32,46,1,38,58,54,12,45,9,4,18,54,10,26,30,47,13,9,46,13,30
46,46,40,18,13,28,35,50,37,28,21,18,10,0,14,53,6,10,10,7,57,59,40,0,36,48,30,57,3,5,37,2,52,51,20,59,54,3,44,18,15,38,36,13,15,1,39,3,4,7,47,24,13,36,42,50,20,58,37,46
38,27,5,35,42,15,31,19,7,6,5,47,22,1,36,17,50,22,3,17,32,3,15,6,24,4,46,44,38,59,31,30,4,54,40,35,28,22,25,5,46,6,47,58,42,59,24,39,1,46,9,25,36,55,23,1,14,41,26,57
25,9,49,56,42,18,43,57,18,7,22,33,51,52,1,6,24,19,9,23,0,44,58,52,20,42,24,54,32,16,54,6,5,18,30,51,32,30,26,12,28,20,24,24,3,48,2,15,57,21,16,42,22,56,6,32,42,54,55,27
15,16,12,47,35,19,33,22,47,40,2,50,23,8,18,43,57,33,52,48,23,49,53,45,41,29,12,35,10,51,15,38,46,35,52,11,47,57,38,46,54,39,6,18,53,21,45,53,46,1,57,4,1,39,42,50,29,2,8,25
13,9,56,41,58,22,36,54,1,53,32,23,34,33,33,35,3,10,48,18,11,49,21,31,55,18,8,1,59,55,53,45,39,26,4,24,29,29,32,56,32,44,55,40,11,13,8,52,46,49,7,4,5,8,59,3,19,20,31,48
1,23,48,21,20,1,39,49,10,4,21,35,45,39,0,57,47,33,0,47,20,35,53,50,18,47,36,53,20,29,10,6,17,30,12,11,42,0,33,30,52,56,41,46,3,28,57,35,14,45,55,35,35,6,9,16,49,10,26,57
14,14,4,11,32,16,16,27,37,36,7,9,20,42,53,43,40,18,17,54,41,21,8,3,3,28,12,24,24,35,12,31,13,48,58,19,49,5,57,44,26,16,45,23,12,54,50,51,52,29,13,30,19,7,58,37,5,16,36,50
39,9,2,54,23,55,19,46,9,5,31,18,44,50,45,57,33,27,46,4,14,27,57,32,29,30,18,4,53,15,17,50,4,22,22,52,54,30,35,27,7,13,34,11,13,56,41,47,50,23,29,7,23,28,20,12,56,5,54,15
54,52,15,36,21,43,57,32,16,54,5,20,41,2,3,12,26,12,32,38,32,38,6,49,32,26,11,55,32,23,25,51,48,8,57,2,49,49,14,55,30,56,24,12,7,28,57,55,12,9,46,24,5,35,2,57,55,41,16,50
57,18,20,1,38,44,57,1,24,21,14,42,44,12,7,59,21,26,10,41,32,30,26,3,35,53,2,58,8,56,13,21,41,12,37,47,14,47,23,40,47,51,46,40,8,52,59,34,54,19,45,13,0,8,33,38,59,18,11,39
41,31,9,22,48,26,57,20,9,4,30,52,0,13,46,25,44,42,16,1,1,15,8,35,22,56,11,48,26,17,44,52,51,12,3,3,19,30,27,6,36,29,27,45,54,2,50,7,9,24,44,25,37,5,2,5,16,54,5,27
17,28,40,55,38,22,59,59,47,37,21,55,44,28,21,35,34,59,30,35,31,53,3,55,38,15,0,11,4,9,11,47,52,58,50,21,9,31,53,28,45,32,7,11,36,8,0,28,54,54,17,39,54,27,2,35,18,7,51,24
42,38,13,25,24,18,56,16,38,24,55,57,53,12,20,11,32,7,36,1,27,24,44,55,59,57,3,48,6,6,30,14,45,9,17,33,33,6,23,11,38,30,16,35,45,53,16,31,36,58,34,43,30,59,0,18,0,8,57,15
45,42,24,44,0,39,40,59,4,19,36,30,43,29,4,16,14,15,39,12,55,1,17,15,4,38,23,50,39,49,33,21,31,9,0,39,32,1,19,8,51,8,29,52,2,25,39,26,49,48,19,19,34,25,54,48,58,32,23,36
48,27,3,8,15,55,41,50,17,5,17,51,45,36,25,21,7,7,51,32,49,31,16,15,18,57,12,9,58,21,52,16,4,4,6,51,2,37,28,52,14,7,41,33,36,44,3,34,26,20,58,58,18,41,12,21,4,39,23,58
43,39,3,21,2,36,2,4,39,18,53,12,53,55,55,44,41,26,52,23,8,23,14,38,7,37,20,15,17,35,53,20,7,27,57,3,3,17,46,57,30,14,15,39,19,53,12,49,30,42,37,22,9,57,5,50,18,1,48,16
22,42,25,5,38,14,56,56,28,10,12,24,32,1,3,5,23,11,14,19,44,26,42,46,17,15,23,17,22,23,12,38,13,4,31,24,15,29,55,24,46,42,28,55,3,8,27,12,46,34,47,46,57,56,51,52,46,38,44,32
10,34,42,48,45,22,31,29,48,9,49,45,51,20,9,18,16,16,33,54,36,8,21,5,58,31,25,29,25,48,19,12,34,26,24,12,13,44,19,24,38,49,47,56,38,24,24,44,31,56,32,49,43,3,6,10,34,5,30,39
6,23,34,31,25,52,18,0,36,33,15,1,57,5,21,41,44,59,3,35,55,39,26,35,38,23,6,51,6,27,32,28,25,42,16,35,59,50,34,37,9,5,29,1,10,0,26,45,21,2,25,5,41,46,9,22,42,18,55,37
53,9,41,14,42,21,43,43,42,11,43,43,26,34,51,27,2,12,34,0,19,14,19,50,48,23,47,21,22,3,50,9,14,41,16,29,0,54,53,12,19,44,1,56,10,31,3,8,41,36,24,35,15,25,55,17,49,55,18,18
19,27,24,44,34,4,1,30,39,40,57,52,49,55,19,34,33,46,56,14,28,37,54,54,26,1,59,4,30,24,30,49,46,37,38,14,6,47,27,40,46,6,35,12,44,29,33,11,52,25,9,28,48,46,21,42,38,19,45,4
38,29,9,56,11,32,18,31,6,29,22,52,35,44,51,52,59,53,47,2,14,4,58,17,21,1,39,43,54,30,52,12,51,11,41,19,11,40,36,47,49,46,3,58,52,39,29,5,37,9,49,25,55,11,10,27,48,29,27,41
9,10,6,45,36,4,19,34,26,42,21,9,13,49,34,33,58,48,13,45,45,24,45,56,54,6,58,46,16,37,31,48,4,36,37,4,16,55,55,41,2,16,59,19,35,31,52,30,11,34,25,34,38,15,4,15,9,5,21,15
18,43,34,3,59,54,45,18,21,58,56,56,24,4,44,8,3,40,56,30,56,36,14,2,59,6,3,45,23,14,8,25,58,49,3,32,40,27,46,44,34,16,58,6,49,1,25,27,34,50,27,29,23,20,46,27,1,10,9,33
45,28,14,23,27,2,1,15,58,13,18,6,25,18,14,45,10,3,19,12,37,27,53,49,53,31,2,22,9,33,38,42,1,48,40,3,25,25,39,26,31,46,39,13,19,39,57,5,32,52,33,1,28,16,13,3,15,52,1,41
14,46,15,16,38,41,16,40,9,54,1,8,49,46,31,38,38,44,42,14,32,18,6,48,34,7,31,36,19,25,23,14,46,7,38,11,37,40,22,34,53,44,25,5,36,45,50,20,31,26,35,20,11,19,58,46,3,7,15,55
2,42,11,4,52,27,5,52,51,2,46,37,59,8,38,51,9,22,13,37,30,19,46,15,23,45,26,52,57,54,49,9,24,13,22,50,52,38,48,17,13,46,36,34,4,6,47,14,13,6,29,46,41,3,20,32,3,38,4,48
22,56,3,19,40,36,44,15,42,18,1,57,19,54,40,27,57,12,6,40,42,9,6,55,14,33,1,12,22,42,50,17,56,3,42,1,59,9,29,46,56,48,2,11,17,11,7,2,57,38,58,39,22,6,46,9,34,33,18,51
37,4,59,28,0,37,23,43,30,32,44,41,54,43,28,8,20,4,35,55,11,41,35,16,33,27,4,30,17,34,45,2,14,4,45,5,25,45,55,4,23,20,0,3,54,2,3,10,11,55,59,23,34,28,10,18,15,17,50,16
34,44,20,31,52,10,37,8,11,55,55,22,56,38,42,59,28,10,38,11,11,22,2,45,50,22,15,43,13,36,31,53,42,6,38,9,39,59,13,51,9,12,23,27,19,57,17,43,11,19,12,17,29,26,32,22,27,41,28,38
11,7,33,22,6,48,32,10,57,14,15,21,57,30,22,3,9,36,43,20,40,1,42,2,4,57,53,52,52,2,10,55,42,39,15,15,49,10,3,46,34,4,46,10,4,59,31,28,4,31,43,44,44,49,53,25,46,0,16,13
57,18,18,59,0,14,21,22,18,3,11,7,14,36,18,52,11,53,33,44,36,2,31,40,33,18,24,19,12,2,35,9,13,59,33,51,7,13,19,48,48,45,31,0,50,40,9,12,9,26,55,26,1,8,55,22,29,11,10,47
56,58,27,21,47,46,1,38,55,56,41,7,10,5,11,13,7,12,44,53,31,30,25,55,12,57,13,9,42,31,17,13,23,0,20,46,43,29,17,2,28,56,29,16,56,50,30,45,22,9,43,25,11,5,27,55,14,16,39,45
38,52,55,36,6,26,5,19,40,56,58,35,57,19,15,59,27,13,9,37,35,43,52,25,18,41,17,7,14,17,39,42,12,27,51,37,58,18,2,8,43,30,51,16,46,28,56,11,8,55,20,38,30,9,34,13,39,33,15,22
8,29,52,27,27,2,12,50,32,50,38,27,12,19,47,21,3,59,16,54,27,58,44,15,8,6,42,55,44,50,21,49,35,18,55,1,8,13,57,43,29,52,38,0,5,38,27,42,20,7,59,59,45,10,35,20,37,6,11,16
38,33,31,36,9,32,8,53,47,4,0,2,18,3,41,3,54,23,5,24,37,18,56,34,14,23,30,39,11,13,0,16,42,33,43,37,7,30,47,28,20,38,35,55,47,39,3,44,18,45,17,3,17,11,9,6,56,31,43,37
13,45,58,3,30,7,36,56,38,1,17,35,13,50,38,26,23,38,57,27,41,38,30,52,10,43,47,3,28,47,19,40,44,32,58,28,19,4,9,3,10,53,34,53,38,0,20,31,26,48,1,21,27,40,31,2,15,12,57,5
57,10,36,25,58,57,22,25,51,39,29,13,29,26,6,4,5,30,31,26,46,24,10,58,28,53,15,15,44,21,46,33,30,26,18,2,23,41,8,38,59,39,55,24,57,57,50,20,51,8,46,20,22,57,30,2,24,5,26,18
43,9,43,22,40,43,39,20,15,58,37,44,57,58,29,26,48,35,28,10,26,16,36,17,3,24,26,48,20,5,31,53,5,54,14,52,30,20,41,40,14,35,49,54,48,44,49,40,22,0,12,2,33,34,33,12,11,46,29,35
37,16,41,10,58,43,10,49,27,13,8,35,2,42,21,42,15,26,22,58,48,3,1,26,1,46,6,45,7,34,46,32,22,5,32,56,38,45,48,14,22,55,36,59,24,34,29,45,41,42,51,43,39,43,38,36,28,25,51,17
50,59,0,7,58,34,22,56,34,0,11,50,30,23,21,38,2,51,23,28,31,54,28,59,42,28,40,57,58,34,19,23,47,29,38,14,22,4,30,16,25,13,17,13,40,53,37,49,33,51,19,47,56,28,42,24,47,29,10,37
21,14,37,9,16,11,55,33,37,29,26,19,16,40,8,52,21,6,41,46,19,52,4,46,34,36,11,38,44,26,28,25,15,13,38,47,34,6,44,40,52,37,49,0,2,52,0,35,57,26,39,6,51,34,47,18,52,36,49,32
47,32,45,8,37,57,48,4,10,54,57,26,19,56,5,12,24,44,47,55,46,57,6,38,58,32,34,8,42,4,21,42,38,10,33,53,48,25,16,15,49,32,48,54,11,57,20,29,59,40,46,26,6,18,21,54,53,46,19,39
7,51,24,41,16,6,19,58,10,51,28,19,0,37,19,13,44,43,41,59,25,39,33,24,35,51,27,32,22,49,50,44,58,40,46,57,59,18,13,24,48,21,50,45,13,7,1,53,46,56,39,55,52,12,15,32,30,13,25,55
10,55,46,44,20,4,50,5,18,53,49,58,45,0,17,19,20,4,23,35,59,39,2,9,49,2,28,19,35,36,49,3,17,9,47,57,9,51,3,5,43,37,54,41,23,32,20,11,37,26,46,53,28,6,19,2,26,30,6,31
15,33,42,35,45,4,37,55,9,8,45,50,6,29,31,28,32,56,38,24,13,27,4,8,12,7,23,32,31,31,39,19,59,47,52,13,28,18,8,0,28,45,23,31,49,38,38,8,37,41,19,33,56,52,29,2,37,3,17,9
39,55,28,24,48,37,58,6,3,37,34,5,28,41,54,38,24,50,40,46,33,18,27,9,15,44,52,49,20,13,44,23,35,21,11,9,42,21,31,2,59,35,24,24,5,7,2,24,11,51,5,52,46,11,9,47,27,25,38,40
33,2,50,38,40,36,0,57,41,45,2,33,1,26,42,39,27,29,49,5,34,11,53,39,41,51,54,53,54,21,15,38,3,46,36,15,43,1,26,0,12,35,47,1,50,27,20,13,35,18,31,18,41,47,13,50,9,9,31,21
21,15,28,54,38,4,19,47,19,46,42,29,3,28,28,37,36,45,40,49,45,53,48,31,1,33,1,45,36,40,38,37,3,5,2,14,28,59,20,54,16,13,10,57,14,42,40,37,56,36,46,0,8,49,33,9,19,5,42,37
37,47,3,0,18,2,3,7,44,29,57,7,3,54,55,17,0,22,50,7,19,6,0,50,51,40,16,57,45,44,6,31,30,7,28,5,50,22,9,56,44,21,0,17,18,51,36,53,41,19,57,4,54,6,39,41,19,3,42,25
39,17,19,19,45,47,35,16,29,49,36,24,21,2,26,7,15,3,49,57,14,56,57,20,41,4,9,57,42,4,35,19,34,43,51,55,22,41,14,41,46,16,33,1,11,34,56,25,11,40,28,35,2,2,48,56,6,32,52,9
47,25,39,40,34,17,40,56,23,52,21,38,52,17,22,11,22,48,39,55,45,25,32,11,14,39,37,34,57,33,19,43,54,11,25,37,9,18,54,18,48,24,41,13,39,50,19,44,54,20,42,34,1,20,6,14,37,19,9,39
34,51,48,34,33,28,10,6,43,52,43,50,57,49,56,11,28,25,49,52,35,10,17,7,10,15,31,14,55,50,53,16,57,30,50,36,11,46,48,1,12,4,34,14,21,15,40,6,17,18,12,49,10,24,14,47,17,23,53,3
54,19,47,35,0,32,40,39,22,29,56,26,44,26,40,53,19,26,59,21,19,33,42,39,55,34,19,34,41,53,19,31,24,22,23,28,54,59,38,55,56,37,59,47,27,2,10,36,4,11,51,57,20,9,21,16,55,20,4,27
47,2,43,9,8,40,41,12,34,0,56,45,32,49,19,7,51,31,10,22,0,30,57,0,32,29,59,43,21,39,14,41,48,50,14,1,39,5,42,10,27,7,23,2,45,7,22,21,5,10,12,12,22,5,21,42,11,53,50,4
1,10,41,39,56,22,36,4,2,4,57,55,58,9,12,0,38,12,9,42,46,21,52,33,24,9,53,40,48,10,2,8,55,57,47,22,11,50,32,49,24,45,29,12,7,39,45,25,0,22,41,59,34,25,14,46,19,3,51,47
29,2,47,41,15,21,39,25,28,10,17,52,35,10,25,50,36,46,56,5,22,42,4,42,58,56,43,30,52,44,51,13,16,32,28,26,0,4,6,49,26,26,20,33,11,57,22,31,5,38,2,24,53,27,46,59,16,44,29,55
53,0,46,59,13,4,19,11,20,5,45,56,43,49,15,0,31,55,9,39,45,20,34,57,54,41,58,13,34,23,21,3,17,58,35,42,5,32,29,53,44,1,43,9,50,49,19,4,53,15,20,45,13,2,18,5,31,7,20,17
2,15,50,24,56,49,12,3,12,17,56,26,58,47,58,18,20,50,19,39,31,18,20,7,59,43,51,35,27,20,33,17,55,5,52,7,45,15,42,22,41,15,58,44,22,53,18,44,19,21,28,7,41,45,35,29,59,16,28,11
35,53,48,42,38,23,54,58,52,31,11,36,14,21,35,52,28,50,13,47,4,8,51,20,43,39,9,33,28,10,40,42,16,40,4,27,18,56,48,55,2,20,19,23,20,3,49,39,18,40,21,53,12,39,2,49,0,21,3,34
2,27,33,28,37,52,27,59,15,10,52,9,51,5,47,16,52,44,58,36,39,35,52,1,53,45,56,52,6,18,58,20,19,30,53,5,38,3,16,28,51,15,36,46,9,51,22,57,49,28,32,16,31,17,26,41,21,27,17,12
43,21,21,39,56,58,5,7,40,24,21,2,12,30,36,27,14,44,24,28,39,38,53,44,39,2,24,14,49,51,11,3,24,13,45,53,20,26,23,50,26,12,16,51,48,11,59,43,2,48,38,2,37,40,6,45,17,29,17,59
2,21,20,39,14,21,22,9,32,8,21,39,2,1,21,22,6,26,34,2,14,30,6,44,44,10,31,5,48,9,8,4,50,59,42,49,7,58,32,16,1,20,5,14,26,48,51,33,28,17,26,26,38,59,11,11,24,36,24,25
35,44,52,24,46,49,34,10,33,33,50,34,56,31,14,24,51,39,43,31,32,39,12,12,48,25,37,3,34,45,32,51,21,16,15,52,4,29,47,12,19,30,28,57,54,12,25,27,58,44,6,25,2,8,19,40,45,34,16,44
21,41,28,28,4,14,47,3,12,24,55,53,51,38,57,59,42,31,1,50,24,7,52,57,2,17,52,50,45,29,9,55,31,42,58,4,37,30,49,18,8,3,36,21,24,40,33,45,25,49,4,35,33,14,28,11,8,44,6,4
35,16,17,5,50,17,47,10,12,19,29,16,12,46,42,12,18,36,49,15,30,19,50,1,25,38,0,9,38,3,42,24,58,48,9,1,44,29,24,50,27,19,15,48,34,39,54,8,31,38,23,14,44,22,21,7,26,31,41,18
17,54,13,52,51,27,9,1,14,30,36,9,20,54,53,50,13,36,9,29,59,6,29,40,35,39,31,51,13,22,27,50,17,13,13,14,8,51,44,49,7,11,41,34,51,7,29,18,17,28,24,8,2,7,56,18,56,24,3,42
3,21,15,59,56,49,35,41,17,15,35,25,14,5,13,3,36,55,55,13,50,3,10,9,13,47,32,18,37,3,52,45,26,23,41,35,10,56,49,1,36,15,1,25,40,55,4,59,14,50,30,7,39,21,3,13,12,15,13,13
24,7,38,2,23,1,39,28,31,36,4,30,16,54,39,52,53,29,14,16,24,54,1,47,23,16,28,3,42,59,57,47,3,26,16,20,25,42,21,40,35,33,36,52,5,57,43,16,10,59,58,51,50,11,9,26,13,29,9,49
39,34,50,14,3,4,12,17,50,36,53,19,53,57,28,4,26,20,59,19,50,53,1,43,33,55,53,24,1,9,4,21,27,35,51,55,9,7,58,15,58,21,6,11,13,53,0,49,27,31,39,1,27,32,39,26,20,47,36,35
55,34,52,52,46,1,20,46,50,5,43,44,10,2,56,51,26,15,11,19,13,27,29,46,19,2,14,2,57,8,48,49,25,5,10,48,57,6,33,5,48,23,46,34,35,30,41,12,9,14,28,54,21,8,29,46,28,0,56,55
0,6,51,35,18,48,11,38,1,18,57,31,27,3,3,42,3,45,31,13,17,7,47,15,45,29,53,42,52,42,28,18,20,20,15,33,57,20,37,22,12,9,10,35,7,41,17,51,7,10,15,5,11,15,32,39,28,18,16,3
18,2,30,5,58,18,2,59,6,8,43,5,8,6,57,55,22,53,21,20,55,15,18,22,15,51,29,55,3,10,13,26,49,11,31,56,28,33,25,2,46,50,42,52,33,45,17,16,51,43,47,46,28,48,36,31,20,24,36,24
41,3,39,45,19,2,13,36,49,54,43,19,45,6,57,24,19,54,55,12,51,1,59,52,49,43,44,14,21,7,18,16,52,6,9,8,13,16,28,14,15,35,11,12,16,44,35,9,53,38,12,46,27,42,55,16,54,5,58,56
51,19,59,8,58,53,3,2,58,23,57,55,32,46,11,28,55,44,29,40,39,3,37,30,59,7,52,1,23,3,20,16,13,21,35,12,30,22,29,16,30,58,10,13,3,43,42,59,58,7,7,31,23,25,16,17,15,49,26,7
11,48,52,26,5,49,55,46,37,44,37,3,13,22,47,15,17,39,28,1,32,28,3,17,57,23,48,18,1,20,21,57,53,47,14,49,20,57,18,30,0,37,45,49,17,1,43,35,2,56,22,30,45,25,44,18,18,15,23,12
50,38,34,29,58,11,30,46,3,55,16,27,14,57,31,8,7,7,15,12,14,43,12,11,52,48,6,1,23,21,19,21,17,18,42,54,27,30,25,8,53,49,17,17,23,32,32,43,27,24,20,8,59,56,14,53,42,43,5,22
46,27,18,15,37,48,11,30,42,1,23,58,13,29,37,40,42,14,2,57,14,33,43,57,27,16,15,18,17,21,30,8,10,33,4,33,56,18,41,57,59,39,58,16,6,39,47,41,3,3,43,57,31,42,59,7,12,34,35,29
32,48,27,0,39,27,44,11,46,20,22,16,26,29,19,34,37,1,46,42,57,51,12,7,49,30,57,8,33,17,57,32,31,56,34,30,59,17,52,45,39,5,28,2,20,46,36,19,44,20,26,25,26,49,30,24,4,39,8,43
40,49,28,20,29,27,41,22,16,38,29,28,23,53,27,59,41,37,24,16,36,53,48,3,4,48,43,57,9,4,5,15,41,7,47,28,15,47,34,20,14,51,59,58,51,14,28,5,38,55,39,52,44,26,1,50,22,21,43,28
50,1,46,27,16,2,50,2,24,47,11,32,45,52,23,44,52,14,8,21,39,54,9,20,24,7,45,20,17,37,1,55,41,19,7,9,18,59,18,38,38,45,44,44,12,52,34,0,9,4,21,18,10,41,45,37,41,41,26,56
19,33,46,35,23,44,17,29,20,7,20,19,9,22,55,48,25,19,23,41,1,29,37,36,1,42,4,6,8,46,28,3,30,3,24,34,2,26,55,10,56,20,19,55,22,8,11,2,27,22,50,44,11,53,57,33,29,18,27,12
21,41,53,0,3,37,32,48,44,8,53,55,34,59,29,54,54,48,27,40,29,35,46,52,42,20,2,54,32,15,44,13,18,6,5,47,2,10,33,0,3,2,16,25,18,36,0,56,42,26,16,29,33,19,15,9,54,21,18,29
55,35,24,6,13,29,7,9,45,5,16,30,56,48,34,25,15,20,9,34,41,25,40,9,11,0,56,45,0,0,35,31,26,29,24,42,7,2,0,29,7,51,5,59,28,40,31,4,42,50,32,53,53,15,55,9,35,21,34,6
9,34,52,5,31,48,19,21,14,44,53,27,29,35,48,9,24,29,53,35,3,43,34,46,24,9,51,32,31,27,36,59,14,11,41,4,47,41,8,57,24,4,12,42,2,45,56,26,13,52,11,56,54,42,36,14,6,31,16,0
50,2,8,43,57,27,28,18,50,20,10,22,58,35,55,48,4,34,18,56,51,36,6,27,38,54,52,27,35,45,1,44,18,11,41,27,27,15,54,48,35,5,42,46,40,25,18,1,50,14,50,56,51,47,1,47,19,1,59,14
31,39,10,22,44,51,48,21,16,38,0,2,22,25,9,15,30,24,21,14,14,33,19,52,3,22,55,48,6,13,13,4,7,35,39,17,2,17,34,38,4,37,6,50,30,46,32,14,55,41,25,46,45,40,44,56,25,15,46,11
48,39,56,28,8,15,42,57,38,27,5,39,38,4,5,57,19,37,54,11,19,23,58,40,48,12,58,17,40,26,12,34,16,50,19,6,8,46,43,3,29,18,29,17,58,57,16,5,9,38,29,57,6,23,47,3,0,8,33,46
9,59,38,44,31,55,53,54,34,12,2,58,5,55,7,59,4,49,6,23,57,29,19,9,58,44,2,48,27,0,49,10,3,17,50,35,26,48,16,37,6,51,12,45,34,44,27,6,55,25,30,17,58,44,4,15,22,5,59,56
41,22,22,15,36,52,15,7,56,31,57,57,52,5,14,21,43,1,54,54,22,29,39,41,38,9,35,34,33,7,18,13,22,28,1,26,54,11,15,6,7,31,13,22,7,12,40,54,14,26,5,18,34,31,31,36,23,58,59,37
15,37,47,35,59,45,49,43,56,41,26,39,53,55,17,25,16,33,57,6,21,9,35,17,7,12,45,14,38,5,48,17,51,35,33,23,59,0,36,26,1,56,45,56,39,45,36,44,39,39,17,33,30,55,38,47,42,56,33,19
55,8,55,2,17,54,28,34,5,11,20,35,3,34,52,48,12,38,48,16,9,17,57,8,30,10,52,6,37,11,45,9,35,56,23,9,59,10,25,3,37,25,20,39,53,26,34,16,2,43,34,10,10,25,13,9,42,1,42,10
18,17,43,5,27,28,36,59,2,45,42,48,8,36,14,20,16,42,34,25,17,3,55,24,27,26,15,20,51,52,23,55,33,35,20,19,25,0,23,48,50,38,18,50,45,37,0,47,13,15,58,54,33,7,57,16,32,32,20,51
17,46,51,0,35,23,20,2,54,0,7,21,17,47,31,19,12,43,52,56,47,52,12,8,54,20,28,52,32,43,11,29,37,30,44,10,13,12,13,9,13,19,18,25,4,8,43,57,31,24,14,20,2,23,41,52,13,50,2,18
45,20,57,24,50,20,38,55,28,49,6,29,24,26,15,56,53,1,46,48,36,6,36,31,58,26,46,49,1,39,39,40,6,5,25,5,26,43,43,39,36,8,19,3,51,29,2,4,2,10,57,59,27,20,14,33,29,58,37,35
19,2,14,32,14,13,25,45,44,50,35,28,25,12,40,52,1,0,43,52,55,44,11,21,38,2,42,46,36,8,45,53,47,26,10,43,27,22,57,56,34,9,51,38,58,19,48,48,4,1,25,8,1,11,22,12,53,21,51,47
54,59,35,21,25,0,16,7,45,53,3,15,51,20,1,38,1,36,23,7,46,49,36,33,19,45,32,18,56,8,41,12,12,39,57,42,56,46,1,51,11,56,39,6,38,25,5,34,58,47,11,32,21,14,38,27,19,26,45,23
34,36,20,40,1,11,13,16,58,32,17,15,12,46,26,54,30,12,51,19,34,2,9,33,41,8,38,20,19,11,38,59,56,17,16,36,33,42,33,18,10,11,19,43,38,17,8,56,33,5,23,22,0,39,14,40,10,7,18,41
35,24,31,6,38,57,18,53,26,36,33,33,5,9,5,52,39,27,1,48,43,53,55,18,36,32,24,28,8,54,9,26,20,51,25,51,35,54,35,17,22,21,0,22,2,3,11,17,12,23,34,41,47,34,23,32,16,31,11,10
21,56,19,50,25,29,50,28,43,6,19,33,37,25,47,58,50,9,16,6,14,41,51,22,52,34,16,12,18,26,0,55,16,28,10,13,9,36,2,16,55,54,32,26,28,22,46,30,33,44,27,37,2,25,36,6,38,31,32,12
14,44,57,53,38,45,44,52,8,25,53,52,7,31,31,0,37,35,7,25,48,28,26,15,58,22,37,21,31,14,55,7,46,54,4,57,54,43,9,43,55,44,2,20,16,24,26,46,29,46,31,52,19,11,13,33,58,23,29,0
32,53,0,35,32,46,41,29,44,54,46,6,4,20,31,0,18,16,53,37,7,12,32,55,39,41,41,57,50,20,32,7,45,48,56,16,34,1,2,52,13,7,29,45,31,49,32,33,12,39,4,10,41,29,17,45,9,55,40,38
11,54,35,30,27,38,2,2,19,21,10,1,5,3,53,19,50,49,4,54,53,55,58,12,41,10,21,22,8,23,50,0,49,24,55,40,4,59,26,56,0,43,18,9,58,42,50,16,19,45,5,28,4,24,59,44,30,8,17,31
28,36,58,28,53,50,22,9,18,15,31,33,49,36,46,0,42,54,35,41,34,42,24,15,54,1,37,33,22,12,24,31,22,16,23,18,39,14,5,6,16,19,10,33,10,27,4,8,32,14,55,30,4,53,46,22,1,15,46,30
39,33,19,7,34,20,16,17,17,4,24,3,34,12,29,10,38,46,53,0,20,40,24,8,13,11,42,5,4,56,3,48,4,8,55,23,33,26,56,16,24,5,46,26,3,41,30,23,48,37,21,57,38,15,3,56,57,56,10,27
27,35,24,11,41,9,3,51,57,38,28,51,20,22,52,22,6,20,3,25,34,41,30,57,53,37,7,30,18,46,14,17,1,19,56,49,11,46,0,14,32,57,18,43,43,25,8,22,49,57,15,0,14,27,22,55,53,4,51,4
18,55,21,38,31,14,27,30,36,47,22,45,5,17,51,6,44,37,53,18,21,2,53,3,44,51,41,5,6,17,9,26,39,25,34,36,30,36,8,35,35,22,50,28,43,24,14,56,1,13,33,0,39,53,54,8,31,44,42,18
56,38,8,10,46,9,22,52,22,53,30,21,33,9,3,11,21,50,37,24,2,54,47,31,38,7,47,29,12,6,22,2,18,9,30,38,21,37,37,55,32,58,23,41,35,26,24,35,21,1,59,33,9,47,7,55,9,21,20,46
41,53,51,29,25,21,18,49,13,34,0,38,35,7,14,5,36,26,53,3,25,8,5,22,56,32,19,33,43,22,18,12,20,3,6,43,51,11,34,50,33,27,32,54,50,50,4,40,29,55,5,36,15,27,31,40,51,3,47,7
15,30,14,42,37,57,54,53,51,41,47,16,9,35,2,44,49,29,26,57,52,28,29,43,31,56,0,58,50,28,1,34,53,41,6,43,21,43,38,50,31,41,46,6,30,41,7,37,0,28,44,56,36,34,46,33,20,46,29,18
6,35,36,28,27,26,54,47,34,4,2,12,53,3,21,43,19,21,51,45,24,1,37,59,47,15,49,8,58,51,30,44,4,25,43,22,24,25,27,1,37,35,0,2,14,7,49,55,21,30,17,52,36,3,7,6,23,5,22,56
8,57,8,35,57,9,4,22,16,29,39,12,2,41,57,56,52,2,10,16,31,58,14,27,38,55,29,30,28,41,8,36,49,50,19,4,39,7,13,52,8,7,56,22,9,25,17,2,47,1,22,13,34,2,59,38,40,4,28,28
38,28,10,13,40,39,41,22,19,35,18,18,3,36,51,59,47,0,27,27,28,2,9,28,15,39,10,16,49,52,8,12,17,10,51,33,44,46,19,35,14,40,53,54,10,53,30,30,40,25,35,21,18,29,32,26,27,6,39,20
15,28,6,45,55,49,51,10,45,15,31,5,35,56,24,18,13,11,3,57,44,19,28,30,47,14,28,58,17,40,31,9,40,46,36,37,4,26,26,50,13,39,34,55,18,18,30,0,59,56,2,45,25,24,35,41,6,37,53,50
58,13,40,0,47,20,35,16,49,23,20,1,37,12,7,48,1,12,1,15,6,14,27,18,3,19,50,29,50,47,23,50,46,43,3,51,44,27,33,49,44,5,48,5,49,47,24,55,24,39,43,41,27,0,53,24,53,1,33,49
25,27,13,57,39,43,43,31,49,9,43,43,16,53,7,56,47,28,57,30,36,10,34,5,52,16,53,34,30,38,59,39,22,4,3,56,19,21,30,50,48,18,7,30,53,40,21,23,30,4,28,34,38,12,23,23,28,21,53,42
42,54,32,56,6,48,55,25,3,14,51,19,26,4,25,32,53,36,10,53,49,3,46,12,17,25,12,44,19,1,11,57,32,13,51,45,18,16,55,42,32,55,49,1,9,52,32,18,40,36,41,57,49,22,49,47,49,18,9,41
28,10,15,24,44,13,35,49,7,26,41,37,48,49,3,53,41,14,4,58,46,8,31,35,14,47,28,11,7,5,50,40,54,36,20,5,56,16,23,31,45,5,45,41,46,43,50,53,58,46,40,13,47,30,35,52,54,44,25,49
39,10,4,18,56,24,43,10,43,44,59,41,45,55,31,13,0,50,9,41,50,16,22,59,36,10,4,52,17,45,19,25,40,29,32,54,56,39,4,45,33,48,41,41,6,35,40,58,27,57,26,19,44,30,41,42,59,13,30,12
24,6,27,36,9,49,17,45,58,37,41,41,34,3,4,40,17,50,42,50,12,23,22,2,21,9,57,53,0,53,10,1,59,50,41,32,25,32,35,26,46,57,38,14,52,1,21,12,33,43,18,30,26,11,12,45,15,44,3,27
22,38,39,47,28,31,10,16,2,11,55,23,48,46,26,19,30,28,21,52,25,11,50,16,1,6,50,52,36,9,52,55,55,1,46,42,59,25,30,42,30,42,50,48,34,46,49,17,49,27,25,42,3,58,28,32,58,7,51,22
0,8,15,45,22,7,31,13,34,29,25,49,42,0,33,1,23,17,59,30,25,57,15,16,16,28,51,55,21,12,21,26,13,41,5,51,52,39,59,9,21,49,33,50,34,0,36,36,54,36,59,21,59,36,2,46,8,20,33,40
47,14,42,54,57,13,34,6,36,25,31,3,30,24,37,9,27,42,29,18,17,38,48,9,11,3,2,32,9,6,23,25,4,59,24,8,23,39,22,19,37,8,6,47,13,16,25,38,51,0,0,40,38,6,29,46,50,56,54,23
43,28,38,6,23,7,28,45,20,50,37,59,19,42,17,35,33,49,52,3,40,5,54,34,24,59,42,13,36,47,4,15,42,33,45,46,37,53,26,17,57,56,52,13,1,4,53,10,47,27,33,50,28,10,48,8,9,22,1,5
24,35,30,40,35,17,54,9,18,41,13,39,15,13,29,11,27,44,8,32,6,40,9,8,40,47,7,23,33,9,45,37,17,23,47,12,8,51,48,25,36,58,34,52,17,49,41,8,26,12,52,41,20,41,51,0,18,51,2,40
54,41,45,26,3,45,46,24,3,32,11,2,22,25,19,46,9,0,54,30,41,4,8,25,21,22,31,23,54,28,30,54,7,10,35,13,55,19,2,39,23,33,43,23,43,19,26,30,1,36,37,59,17,0,28,14,44,59,12,11
54,39,33,55,23,31,57,55,30,52,27,35,24,12,11,12,39,39,36,58,43,59,37,14,38,35,43,11,7,57,3,3,54,42,31,25,0,50,8,5,21,47,29,38,9,39,5,43,9,12,46,41,42,10,5,30,55,28,46,53
7,8,4,27,33,59,24,47,22,14,31,5,45,0,35,39,45,21,52,39,38,18,0,53,22,18,15,41,2,49,8,41,33,35,12,25,46,24,28,27,10,34,7,43,16,12,29,27,21,56,14,53,51,12,4,20,5,43,12,30
54,39,49,7,55,9,45,39,3,9,1,13,22,11,19,12,8,33,10,33,43,35,18,34,36,14,31,37,2,37,35,18,23,38,45,2,51,11,47,45,43,6,1,6,28,54,31,51,17,6,52,13,17,5,59,17,35,34,20,11
23,57,50,5,41,42,15,33,48,59,34,15,30,45,47,33,42,30,47,37,59,0,54,4,44,34,28,12,53,42,50,57,21,40,54,3,10,56,3,13,37,9,0,20,46,28,19,47,52,41,58,33,8,1,43,13,27,34,41,4
17,19,5,11,15,24,7,35,26,25,8,51,58,58,14,50,0,8,34,21,31,52,24,35,8,19,8,42,38,42,5,43,33,5,9,39,4,4,29,31,48,32,56,23,20,33,21,12,50,27,3,57,53,31,46,8,23,21,59,2
51,10,32,40,1,16,2,9,52,35,16,55,45,29,9,13,41,16,39,54,16,55,12,5,40,44,48,44,32,6,56,35,51,35,25,56,27,35,59,15,6,5,20,28,4,37,53,6,26,55,24,10,1,38,13,16,18,10,19,40
43,27,7,36,45,26,35,37,23,27,15,47,40,45,55,45,30,36,9,13,7,58,58,39,30,29,33,14,12,23,2,26,46,47,37,41,49,19,59,21,48,24,10,17,31,37,6,31,0,3,2,26,1,33,23,49,16,37,45,49
3,21,45,19,12,25,31,0,18,41,35,56,24,40,45,38,31,20,3,31,53,0,7,21,32,34,49,34,45,53,41,36,35,54,38,0,45,0,25,7,42,21,51,3,6,8,10,21,54,56,11,41,24,13,55,34,19,29,8,32
35,9,19,15,56,59,14,38,37,21,41,50,16,58,57,48,12,26,13,8,29,33,51,37,30,42,29,42,43,39,34,25,18,34,11,19,36,59,17,25,34,4,37,13,54,25,56,18,36,54,2,20,0,58,44,53,14,45,10,25
