rank_gain,regret_gain
0.03414148719934108,0.04285181664852031
0.06092315849472984,0.06615300426578696
0.028740034124128948,0.039787485879089944
0.08229672665700753,0.06687811740790597
0.04764606553354826,0.05299881596232927
0.061986763405917786,0.05818671902867362
0.07116909233440405,0.05036790287257813
-0.0033574766388820352,0.011158265742484089
0.027864355295942667,0.029473557864428408
0.06941517064228278,0.03742530949926041
0.052029257920870126,0.041994194633386245
0.08535773236232881,0.07079243317589327
0.02926225808947127,0.03904247182325204
0.0965485118971697,0.05862950586855442
0.054079562496954656,0.03688936577657866
0.028614418852850924,0.033614944506019304
0.050172915929218076,0.07160951561200546
0.004256752964222671,0.012576900013890738
0.03073170779439218,0.03907043552682654
0.0061409046702127455,0.016611118683446512
0.11721244895396668,0.05440756169182524
0.05693768801954229,0.037823091177457746
0.0026043920734840596,0.023913058816197805
0.04829326843831852,0.020472039276279788
0.07839001466062034,0.04057641946933348
0.004979864917803315,0.01670565477114637
0.03573862680854785,0.03748835893425469
0.09083987465797846,0.04853394912824048
0.0842157623677212,0.03747917726715879
0.047900364490016265,0.03892226462655621
0.06877224059113853,0.04791652696053008
0.0042034680068367015,-0.0013278994534377756
0.04495754109219953,0.05706396619157199
0.09675503906049637,0.04326835819568731
0.022524254196085395,0.04011378842641686
0.09691010966119509,0.08163707088942554
0.01706918022324084,0.0390549964121198
0.11036771736090926,0.06837317401402648
0.017662451389857173,0.02501690436773491
0.05633989480059489,0.03463916333947293
-0.01647973519783122,-0.02168818166859318
-0.013816075857965664,0.016644894954630785
0.06531230473298115,0.055426292936542734
0.03974086045554961,0.01288422789441904
0.04623491605373024,0.0454381180855185
0.05468404812647221,0.05030103961284178
0.051049917514581614,0.03090116771616032
0.08559705299074845,0.042171990023371464
0.07213045482118802,0.06259982738601806
0.023491915015286195,0.02938955074353355
0.01722389995250579,0.03784363694637637
0.058816421959360946,0.04792126348838804
0.046097668438915926,0.0371653734686954
0.052771002873180844,0.026220503967682593
0.055612159796162734,0.05886520236611949
0.04696217985131575,0.03879330064805412
0.005409163534715732,0.017619296347113473
0.05316381404634906,0.06202079060354883
0.02608403597424176,0.02080126381605913
0.02393697855976603,0.03940584664649489
0.06500776677045476,0.05439489633691862
0.09210223640557995,0.03892707926698009
0.06399368835602208,0.041779490557621354
0.018189574626996677,0.05230471593028316
0.051009744576641425,0.032695203044580665
0.02655387264398535,0.023291155250274545
0.025078897189743012,0.024482564398810303
0.04621713405790788,0.029652142421281575
0.04116740236778567,0.0354641728692314
0.02912976750845435,0.010444591093609956
0.05748225341202613,0.02817903621484625
0.00927950255766238,0.022592218244548865
0.06225399496132704,0.05267406494361344
0.05616415085310869,0.03834128514837541
0.11659941673359711,0.08579567814058087
0.00014437051290005143,0.014746184689302949
0.041870593925773206,0.027382110530132748
0.025996619506493054,0.033484066291458225
0.04144897823714894,0.045913322711486675
0.051958773514251655,0.037034337528862794
0.05842949708234925,0.05579463838658581
0.041215603693203755,0.02941598450209621
0.05693660796458494,0.05163295720677137
0.07028758682661986,0.03542113629050059
0.08256066879441469,0.03482189544903731
0.011668605850744243,0.04250910804662571
-0.023456367497638787,0.012084656279428115
0.01661583798722046,0.0093271936868154
0.030852355391489953,0.05312029622529921
0.058345341169025663,0.06319168790514028
0.09139228680992298,0.06979081873525883
0.04412274643567398,0.02609326865853774
0.03089926147021383,0.041987905562968664
0.03513662180264142,0.033159085713271405
0.020243177831046934,0.032393576319547465
0.12563875292718074,0.06589578820894125
-0.007402949423245771,0.00290437040055546
0.04011113441720197,0.04794522290143666
0.0793315521321679,0.06395320004790588
0.07541978682787753,0.050695578010764276
0.1139969844171688,0.07424729464250768
0.01573174044169814,0.0401964891102577
-0.014963197926978478,0.023716856859409642
0.0036560195156248483,0.015725310919569926
0.04624037535309794,0.029324335420846313
0.08635303628239785,0.05489830441502962
-0.0035853244413850613,0.03404456348621941
-0.006582117055782005,0.011723966498282298
-0.01098405405754624,0.03745396103686923
0.04004685012835342,0.030415297360397234
-0.01167400597464988,0.009106311905815331
0.016465274792430547,0.02057969252809324
0.04102340321738801,0.024034285204793317
0.056301309555354465,0.020640514787858992
0.05848053406678228,0.03402110688048124
0.04612423500772921,0.0446461627686983
0.0031481332154531362,0.016239404740649024
0.07885596095691157,0.038343588064325154
0.06828019543408777,0.024303550408680645
0.0204763527966485,0.032369833719337084
0.05212331494000222,0.08636910269316922
0.04473666665135613,0.025424808164863047
0.002025302796796911,0.03554897834019002
0.010280882781087436,0.02313466475219143
0.037969915056537906,0.05975673586885478
0.09028871292541216,0.06838722763642416
0.015657466770318484,0.039161884390741114
0.07044178752500152,0.03995643763847806
0.07243514998125658,0.07168010173593846
0.07740491148923634,0.04975387736336722
0.06701491711088232,0.05018169188132877
0.03244850963291527,0.06275142207363812
0.04325147063914481,0.05535584947724799
0.026907189067239705,0.022658118498789473
0.09392566415785039,0.06338874793714007
0.042640654100658204,0.0606549896363132
-0.028084535824126115,-0.004877505181715678
0.05539191685905772,0.04593917614004783
0.022361087922839498,0.03542296224130724
0.05578252709912018,0.07857461871900637
0.032613489137244496,0.04896513936229268
0.050969856513681494,0.0396770404621222
0.05017037619924397,0.05198642718286536
0.05025018156211904,0.051639800351655454
0.0422378007045257,0.06819665810132385
0.05313315688066089,0.04482274933490871
0.06591188064889097,0.05704184971421389
0.03780892673547513,0.011385077676544002
0.0226291612180329,0.01431445099489755
0.04266843276976634,0.030294002427940156
0.02564354114685964,0.04545256662079973
0.06179383607065013,0.042411604306217335
0.014230815862240113,0.039241482559928445
0.016118534317803437,0.05577957931514307
0.057301979502506845,0.026873066467546503
0.03417099245429199,0.03202247478961677
0.03286753060029913,0.02365408550402516
0.06979813277948829,0.01844646340573944
0.06596134532738644,0.03067680323022208
0.025937036036468596,0.03529846593143044
0.052849274530244225,0.07056973733173022
0.056922347854268,0.048913935310625836
0.05416389231059324,0.05815627913329664
0.10672538750665148,0.06961648581991992
0.035393850256750924,0.04108063982924329
0.04740249364896617,0.06699364909448893
0.02308139047733488,0.03284823074072777
0.04916231502557953,0.04469358931664055
0.014909176267183535,0.022121002804598406
0.07147981652623321,0.05851429801974577
0.0754258614393469,0.04806606326329053
0.0372533074908508,0.06373526217761091
0.10131949277972745,0.08378820536173556
-0.0071732340991069905,0.04866281118039604
0.02142647562088717,0.036479459129869586
0.011577441684594368,0.04880624525973777
0.023863685304981605,0.025940621769928708
0.05222623062104209,0.04958706517916079
0.07766984539331863,0.055418040592250334
0.04279851177816395,0.05197123962935542
0.030305405448569907,0.020461931689578564
0.04707842932907956,0.027945042771969544
0.08328181346552857,0.06529191346825854
0.077322196620165,0.05043390911100677
0.027996920951037042,0.06424958012468385
-0.022197907609846596,-0.0006474030789030269
0.036236469073582495,0.056397434345713995
0.05252475024204546,0.01887199311455703
0.06520018092035129,0.01945119532294145
0.0378651176121713,0.043433499329209604
0.0013911170938712535,0.030396013575772107
-0.029187225957724064,-0.0031715622190987354
0.04041431614209789,0.017278496581441094
0.007870781987110288,0.029883461057357324
0.051112415118577545,0.047998223565061324
-0.008926453115426246,0.013881048584538461
0.01832901790095771,0.046858248048134876
0.08049259063639769,0.05904616031860513
0.06006006803870868,0.0569716953614033
0.038733678801484754,0.04197230624612237
0.052915795592540525,0.0518652403953154
0.04847379030489148,0.054360107521844364
0.04533737340645075,0.06555662925321257
0.015191507304876473,0.01656186874899445
0.02438815185561241,0.04802022711383578
0.03354853207535877,0.041188439542704944
0.042239760008528776,0.03508543761708745
0.008168094097804045,0.04640209146581309
0.06727357365659313,0.02056338889381119
0.04545745549587976,0.03548221243801478
0.014698247365242173,0.05475808643583505
0.07041770099076218,0.05854967187509886
0.006664485027391113,0.031607543978770025
0.041678035084592176,0.04922182105367244
0.14949613463319406,0.07798490561951474
-0.0039091288337001475,0.01727655745397418
0.08239099827961384,0.05157661808499338
0.060265983877879625,0.04627177951617202
0.05659773540622995,0.05586670340685247
0.05878984600231993,0.057368876609536074
0.10834410115128403,0.08112165509586333
0.10352059360376728,0.08997845755288009
0.07739813231420319,0.047516460728281376
0.04060388225770204,0.026815731471872602
0.021574469449388147,0.02574505378888277
0.013816719367012547,0.011268593226686129
-0.0004521438765659608,0.013868536380913227
0.03770765523295354,0.034082152053284576
0.06708789483761182,0.05114516699564099
0.07197002775440148,0.035797585553018756
0.07017005178151892,0.06990448744326891
0.029406738209748196,0.03474149088629831
0.06640296588298714,0.037299721677327376
0.058980559375159426,0.048117215526313206
-0.0096948065681072,0.028572345584768115
0.07178455740601059,0.057323583334045
0.06904031236900324,0.04016089184541969
0.050194863431995675,0.05266513542952114
0.03962585207615585,0.032229619982609106
0.05282745894163337,0.03707716394542364
0.11413095211951445,0.05838066627449402
0.01359375443725369,0.054458527768779734
0.0675104561742049,0.05374473505637935
0.07556185504070785,0.050461023222222554
0.01805038406463699,0.05542254073245851
0.06712213445717874,0.07186392348316592
0.008253115555782693,0.01804370520029433
0.013882818224328804,0.019674819317529017
0.013132933497009908,0.01406612030974528
0.05642727552145166,0.0479887774014693
0.0012465353715037583,0.03262648347324717
0.057790227707905914,0.031807391946765934
0.07272040987298853,0.03755970777870718
0.05815106402236079,0.04382791201963927
0.041510246505103446,0.046350719023125
0.07065928158071794,0.039816209430632715
0.014187068229048565,0.035188847479202215
0.051215641851965255,0.0315286335348858
0.055036494116945264,0.04887943372872702
0.06868298044255648,0.03840518831915312
-0.005203864514100657,0.015104735604542173
0.026711070305569802,0.028678914983874308
0.011539559225517526,0.028027850986542105
0.049000232421656215,0.054361543715770066
0.03645955609918088,0.02379382811815897
0.004112356936424892,0.038271469253930976
0.06540504732176418,0.04281846457124816
0.025567060092919904,0.01951634701194803
0.055451104464860373,0.059394971162896465
0.022983454267426366,0.04105942538729968
0.07232699879705393,0.04548760080279075
0.036586195445510346,0.05074533865882831
0.11226729422587617,0.04859523630113925
0.12121445882361143,0.06871416724661866
0.024009009501108042,0.019413733162347655
0.023420136021742765,0.04865349502389086
0.07527481788274111,0.05131426394853071
0.03577125435969346,0.030842789983699756
0.011691295732644852,0.03586817220682893
0.08436200539626726,0.06854251613828641
0.03970659488701121,0.04666159467077809
0.05526800617504081,0.05693626967878364
0.041839533009608666,0.0447542299683806
0.06383679771101926,0.06309236223461533
0.008933848513303411,0.01865076927333561
0.028395376914335288,0.04991869252395164
0.057762579853303464,0.05338508337195358
0.020396981697134182,0.06677535369995306
0.09495921524351103,0.035468995190015895
0.061078435292533234,0.018178756548392943
0.044799151247131394,0.034435380046220626
0.05831915919813066,0.028114523418292722
0.06118369136085039,0.0388441547179956
0.0926570753192495,0.06564449075000037
0.07977023453709127,0.05592187330220362
0.01576322576321821,0.029548696436295006
0.005637490335884999,0.002516089523358113
0.10728896161856877,0.07584656943779917
0.02831752967364432,0.055965123999834894
0.006969750326241209,0.026614724833675687
0.010192964078393511,0.034466922526114184
0.04885142260205329,0.04014373769458287
0.08785847842595833,0.028908860466456812
0.015987178874536073,0.05467801593973716
0.02824600271559962,0.01434730641041358
0.04708454962643184,0.04260532971744384
0.04034890505525163,0.042751609269316884
0.03941029542148652,0.03898261877810895
0.006115553383145223,0.0061541700048279155
0.09694464472590814,0.07345686998470488
0.06711906661394461,0.05939437962245536
0.102736056407897,0.039769564681373604
0.021593448779495268,0.03438807651208104
0.04392808991752466,0.036319686678678596
0.03928905222421931,0.028346937343235318
-0.021351611770559498,0.01631789402942117
0.04362545423889724,0.026249495983587025
0.025258481778311796,0.0354898056578477
0.022775694702932614,0.03833636219881888
0.029780318492304725,0.04050261898198319
0.01724270820310569,0.029635926814814546
0.09216306729028786,0.06282526447845321
0.035886640989743895,0.028871656318612552
0.06442236860724133,0.038815834501324795
0.07151148150483572,0.07404101897430984
0.018650556724473105,0.028458003875116503
0.12657671237253162,0.0521094363010627
0.07294676652418122,0.051372277963130646
0.04608309830590523,0.05669698044256932
0.016700580311093588,0.013659613019997305
0.029101710577650524,0.03594380704170567
0.0347220499987112,0.029103786405393687
0.0335890227759829,0.03463292735131536
0.026624256339892696,0.04075042856507931
0.004282757981179282,0.03888461138293413
-0.0020272478534114034,0.03157900402850795
0.06097801252843137,0.04286535941944128
0.0644691152018669,0.04987513134574295
-0.0017203629707622558,0.00046896842244444504
0.02720372123655619,0.02152724199690838
0.05074414635122439,0.04810634480265018
0.05662936180482345,0.05616401719574839
0.07320803581416215,0.03616323315750154
0.0443182117187053,0.055781507851604406
0.00318629855234416,0.01796353931812809
0.10230583949583465,0.05821884351376877
0.01779966751958073,0.014034999155103686
0.0684991088783406,0.04721337041708931
0.04352454838071128,0.05967655714839529
0.06557004610852826,0.03581976825456375
0.1403120682046649,0.07577982859683463
0.031104143956555856,0.033135642281471374
-0.02959869947590537,0.02640253942488098
0.06396380990886358,0.05688964260523896
0.05895924438229791,0.043829743482541095
0.04020681419689757,0.032848555060766685
0.038392236855734986,0.052577632222211186
0.08111136671585108,0.0710620003219884
0.022191474098455788,0.034235108618355645
0.04937840033921129,0.041900019273597114
0.08034729764082454,0.09633801066846989
-0.0026702996246610045,0.011462344113035402
0.013150839152549821,0.02528698151869147
0.050566901956466556,0.02269545759400792
0.029409220774629832,0.023236942698343584
0.044506701591330404,0.03878663929612505
-0.002032826720643569,0.021186203943963824
0.054366780518557895,0.06651585452255125
0.08353880163801575,0.06212436836456113
0.01063215974217192,0.02288104273891282
0.06600779837026678,0.035088211320587356
0.09555595539317072,0.06419872772816469
0.09772116426484966,0.048644546742111945
0.047360980558610606,0.028402335495404194
0.07597129001500746,0.06379078854374726
0.01637129770182321,0.016787440008251213
0.021474292783764486,0.03905763741484644
0.022763696169943552,0.042738712047929284
0.0178375026981597,0.05301778844574362
0.010877021086524476,0.04275783674199209
0.014356226138050626,0.030111464174671546
0.061820641475046144,0.06666671593829351
0.02770826785242254,0.025388629083427875
0.048803900780398535,0.04888191930864607
0.08412174042763909,0.03755990012567682
0.03606071671278912,0.0459878182584548
0.02850696415128061,0.052376670585227485
0.049068995123907486,0.022473697164750287
0.056579026353296445,0.03965196417114751
0.03395098238467321,0.06486446655516201
0.05789697355543517,0.029070628747873476
0.08288322259245819,0.04571796051637141
0.032925536526300356,0.012512927019948626
0.09628969654649507,0.05129881683237682
0.053148761850453356,0.06605560329925622
0.03989941036641223,0.02125457675334798
0.013018339548672965,0.027432694719162737
0.09810251256069007,0.07050066182356385
0.0029777696297630073,0.02166669484387344
0.02808234182242574,0.030380494491506392
0.056150428932177136,0.02263039405149263
0.04196661684091155,0.05245302935193
0.01205395453394769,0.04804755749850424
0.07406716687480412,0.06175560969190329
0.05515557769233305,0.041187249391893097
0.040273641080839084,0.034689636167657224
0.03877495727364134,0.0245353888827526
0.020746137870995086,0.030941030928861683
0.07940629875656122,0.018016589895974926
0.0797088136808574,0.04048514111453698
0.05579197620379678,0.03658628358639594
0.006210991808432695,0.029559212142709457
0.05159907035306206,0.03389567065544217
0.032066228111249,0.01839854420464346
0.027411269442153583,0.04577573710368867
0.04028256193764497,0.04946156010221746
0.030493095799106064,0.02930039017079525
0.11102053052705207,0.06840574058357529
0.07720756567560828,0.0499361415273382
0.08351738027590402,0.035993780966467624
-0.003159049618252442,0.017532710746010975
0.028765135712593995,0.03514255568543939
0.03427236850082095,0.047398105410097625
0.05209083191189646,0.05024100381620002
0.004024493363832301,0.031111747512774443
0.01275887009799884,0.0038461949265532515
0.006716545857566543,0.023088454030850913
0.07815263653002989,0.05194545369994116
0.0033887088085501485,0.040278832798108274
0.014240795303824194,0.017369263414749328
0.05220507599683106,0.05271705394609483
0.05933295084314917,0.06280948676413656
0.07243346524330832,0.05356487481549147
0.07261529034643899,0.038338966530927124
0.04762990767273348,0.06458415227587155
0.04016636664162691,0.04383331323730428
0.010435041979179886,0.024520993185410844
0.042260041374433496,0.035806172347897146
0.06752177551789436,0.044286038370649816
0.07651623602743679,0.03799673011503343
0.08861845531785442,0.02842321868809931
0.052633352040884575,0.04744746528493056
0.05403271089838064,0.04940008113916135
-0.006368499103985847,-0.0026991602493151943
-0.02049170863991199,0.012408653861938252
0.009776523778418774,0.017484996973878054
0.04970880902919869,0.055691126311083035
0.001181240901257678,0.026547445979775524
0.04516734164760787,0.04434755986635162
0.016706422532633356,0.015064571525028148
0.05584686413522095,0.049694549090815845
0.0213518019763927,0.053560365444899734
0.054924616410816786,0.03585918230741918
0.07546546327282398,0.04874047871570829
0.09718928439589547,0.043261490436976656
0.04331863929044159,0.025602547157932556
0.03212506146662476,0.031132602886768904
0.058597543524933585,0.07146363584375834
0.05214175314671638,0.07340105090440881
0.013619336916050735,0.02821456619821985
0.043316761886508036,0.01856519752506981
0.03305588125284661,0.05688193770496455
0.030330081581446608,0.03841287776649001
0.06179644283321532,0.04121167007793635
0.00681530080592959,0.020808883419732697
0.0130701286345359,0.015790677098860235
-0.034263975927127745,-0.003502532692699312
0.010514419753916666,0.003568377806550939
0.08139482224135018,0.06390891811986324
0.10258350891901014,0.07233950304469584
0.026964055598734056,0.04279929170552741
0.02740160149746812,0.03972722118196423
0.03429395944613886,0.041299423381081224
0.0856073387357731,0.04972085840806257
0.019551259423953263,0.037610467702487785
0.050009728084847924,0.04558131173579777
0.005386168128622389,0.01650912991814395
-0.0033491324218167585,0.017003780207990798
0.026980738245332814,0.038176613209218564
0.045179980761781036,0.022340005642492756
0.042528770040972656,0.021961032310182087
0.012712971506635227,0.02897695787784524
0.031152586221949982,0.015055196101944106
0.07151178227210035,0.04829008200742427
0.033030277434536494,0.04852905854487717
5.902095239616878e-06,0.03823118678350617
-0.009676788551432728,0.024027688254349085
0.05843109808610737,0.03804228609803172
0.052582013937304016,0.03245072983539614
0.06551437689268823,0.04458907192580418
0.061368964241991855,0.04880213945071357
0.12371527414865688,0.05365229305262269
0.06338517263104397,0.0407789430438093
0.053970423816047025,0.043446234919698644
0.048534582577731356,0.04970190230878273
0.07152245522351836,0.05119518221940003
0.04703326244946827,0.04497124420454238
0.025727495194581295,0.0496962993302931
0.029609845855553478,0.035739890726192
0.06879499674613278,0.0678293437230103
0.10828462239467278,0.04934294409705792
0.045105485611869806,0.03517567441481813
-0.02403469170521785,0.015876438114130226
0.10029656745545619,0.06402549223043405
0.012839520031696092,0.05537543967597335
0.010176684276496418,0.031265262537756654
-0.02340711019369907,0.016192224737408306
0.06878254727872594,0.05688070841160171
0.013855777678528518,0.0471876032519493
0.0002444385717354984,0.005404978613423145
0.03903380070241311,0.049383708320025484
0.023324270174766012,0.021778012065388624
0.041738128140092284,0.03135168495983408
0.08925811137321807,0.05467579929711022
0.08137613483333368,0.04602369686946632
0.07156176297174872,0.049069417348119565
0.038073368243682376,0.07226574263393129
0.05523182052228481,0.04938590835549079
0.049253758931522215,0.046071249785068095
0.08523201001686262,0.03988342532859388
-0.0064953626203087395,0.006139067805946332
0.10376193802715925,0.03362503856828544
0.053662028125689376,0.05187710214255843
0.08518491017199227,0.04866567363909432
0.0009000545234594017,0.030468870076706275
0.023027357115966485,0.01561178610272371
0.05228686698482654,0.0546964300431499
0.10370117545482513,0.07969729012992677
0.012190356936075683,0.04245674477245742
0.09070780058739582,0.05217896538527541
-0.012290106459157457,0.002999141392238765
0.011072387621086505,0.04199564634915231
0.14692368137875073,0.06695458365449392
0.006136871045110473,0.03328138666825907
0.0738412845710132,0.06265941596798116
-0.0017828615032180264,0.023381290893328237
0.06035115893691996,0.04012684285448544
0.044409550787273516,0.06716362032917562
0.03721658079715384,0.0405586110921714
0.08112592111522164,0.023728675289459003
0.029978169728843113,0.03975436049609962
0.04578434950377062,0.04603984681858223
0.025981873206487094,0.01929634471535154
0.04116744956408572,0.030523496004897045
0.03264607660791099,0.028116920948940617
0.03610404534231794,0.03876736986384746
0.028700142103294485,0.04084529254385304
0.08620299682563616,0.053660075008025235
-0.008461391727390683,0.008328792469571501
0.0024170744433242575,0.03591386873526484
0.04367969585612358,0.03870888591992249
0.04431135094022848,0.05595169918082935
0.011603533908657893,0.05840455802420386
0.07478856648977744,0.05813999242320339
0.05199470427624182,0.06065339893888126
0.03263037426623301,0.044814777793869026
0.02842336197822637,0.05800966663083684
0.035476238557854534,0.04402801498356065
0.031603315250930665,0.028205967343341142
0.07909067882624113,0.030936138883401545
0.035509799444748844,0.028642997034471804
0.038952223352087416,0.027422250925557678
0.05681478705566401,0.058367228041779254
0.01624279002256292,0.04108098352404985
0.0051581284820609525,0.030783926516335134
0.10402812432420662,0.05513843295578078
0.07697558421168248,0.05182252509095189
0.03846722615796229,0.04188776224799334
0.02753972520536527,0.041452938847985156
0.02521324845953013,0.03567825277195286
0.10693445245829461,0.06833110779243667
0.004111771750165027,0.025918446677659586
0.023349135144323064,0.04787252412654007
0.01052337378498221,0.0257848820609746
0.009432874312782656,0.025360598303885866
0.044569061010384756,0.02406331718209221
0.06792620543986258,0.04076937716104823
0.017202055818017092,0.04632755245796864
0.018321606065053266,0.031816644663035916
0.026139616643753496,0.010189790870528046
0.025028691126073695,0.010997942076487535
0.013287706393176741,0.035617717541662625
0.05599963890605342,0.052976623089538655
0.06460700500222563,0.04803235905309563
0.06915473131966171,0.06438167952759166
0.056716874698840306,0.03763052636196912
0.10035453474446798,0.08762359492784824
0.05017536225196225,0.04534753551537207
0.02408602333732424,0.02478962146222094
0.0238345204053428,0.014047181183985579
0.0403161885910345,0.049603644621571505
0.025568340122069193,0.05703618823385739
0.06931177288989848,0.05205613255547611
0.0054031223878636065,0.031931970311313354
0.044783429007469525,0.020496442309232935
0.006826467246876279,0.014153791490661718
0.04852901751866388,0.05245958482904367
0.050815754594013975,0.046453085344722186
0.052837550111001275,0.05439226531414412
0.018904444362479508,0.043805973109480506
0.044253797303050464,0.04911739667194455
0.01832911804071701,0.024653360289973843
0.06893600748683745,0.04211537485772906
0.03948311021435229,0.031151970514818203
0.07950243619356329,0.07238109230851421
0.03581843258203966,0.03380690275401074
0.06038584774598226,0.029760632770178413
0.021749835715150396,0.026684079651585597
0.02189464300819107,0.03616207244775279
0.04376812316282864,0.07046975186585136
0.018139697614384786,0.01867874740764901
0.09561527870411354,0.050267587454506754
0.03200446883256443,0.04099064053207424
0.04381076666179357,0.028289984429901056
0.045357782637723915,0.045116113852423395
-0.01612716481663753,0.01508488006387647
0.09671060023905916,0.06874901483829249
-0.01907990902700292,0.01247770097739219
0.021542369941948213,0.037764839251962036
0.035846550322557014,0.046419128034784846
0.07229620670483422,0.04148977227953089
0.020126538783819266,0.04984501858629922
0.10433497692121456,0.05872799861514237
0.02821659579334776,0.02187252292840587
0.022138209922933968,0.03037781340365404
0.030768568215839318,0.011158393227875117
0.059730793398563575,0.06498951952538526
0.0443695231617914,0.035758812276838796
0.06636604980257357,0.057781371354386116
0.03667229724985364,0.040426144970158125
0.03874911224048023,0.038115069314863574
0.07015637120483345,0.06221915213352967
0.0469284751639884,0.06859766196343862
0.07495530145022396,0.03583027870293429
0.041998180710090344,0.034390479819212304
0.013112153534711938,0.02479831832112904
0.04541634446064538,0.06185089531688883
0.0494029643009023,0.04206272105606838
0.10101132990264984,0.048094481820311515
-0.014924265591563386,-0.007380482535937662
0.04571012306295963,0.037901102334373354
0.012531355990079637,0.04331307717962707
0.001798209923675256,0.013045239017542381
0.056440009990734445,0.06796237370937278
-0.00546047435410767,-0.002120024884068113
0.003822988837263687,0.034278084452720674
-0.005339011616392437,0.035196020759340856
0.07901665434784083,0.05785621217572667
0.04570199431090089,0.06329531742323036
0.07941163478311727,0.04463646537039402
0.021600315726028094,0.04203674860814995
-0.0015206167494678851,0.00929109216123368
0.0389097808879588,0.04606076940355202
0.03140833852093407,0.021515186222846136
0.04394925105492064,0.05500824398928758
-0.0003232945383130851,0.04009525288808396
0.017202821435633706,0.01582613084644561
0.0051261612961818566,0.029929672084149976
0.058701149611661244,0.05312662283956851
0.05944395530130889,0.032038231490072976
0.03453511363700603,0.027511552020955517
0.08393875775800747,0.048912409322783054
0.0509019306133143,0.04294073787287797
0.08569195376741824,0.06038580832725754
0.010918458646283168,0.008164836812424893
0.05039959128184639,0.05879096487672572
0.007848407464632823,0.031420805981763215
0.07976599573470543,0.055812987447624834
0.016486446911490878,0.02833472955730347
0.06811592639829185,0.04149205717748118
-0.008489404749864825,0.017033978898163805
0.04944798265208346,0.046198031279043705
0.039317361175345414,0.05836459845860907
0.05931880722432582,0.03564667513821159
-0.008860923025356371,0.03987512526162691
0.008289359298854984,0.029571430047357235
0.02676989231680966,0.045656113828732456
0.09618883208250711,0.07097931884561567
0.09042594407696875,0.03888207764086643
0.01413632281020966,0.005690580910718656
0.038364750175847034,0.07762260302248854
0.0027946719289224757,0.040224572985283605
-0.005193821394093835,0.02164794629696834
0.03864001152234456,0.017074809229811784
0.03773024334406923,0.057142535369965275
0.05299313002152849,0.06648382447893986
0.04139945635031459,0.04467158468070718
0.04383925452079507,0.07653618269129314
0.004354240898370951,0.04137979691269349
0.022633622188979675,0.043868322522220476
0.05325100631220044,0.06554531582957354
0.03385558430686436,0.06500217414335188
-0.009221252339911003,0.02714953220382651
0.14065923466268107,0.08160001805173202
0.07230050009607589,0.0473223428350111
0.04977435584469261,0.03459441817238839
0.04889062463298341,0.07152971119473212
0.06626896398347666,0.037174179561651505
0.03931397382763061,0.03887500043092358
0.05874811592655977,0.03942648817367639
0.05105168790518373,0.06268809852085719
0.04127147950312007,0.05995083514003074
0.0027516109320386345,0.026646567044063124
0.010909998098246762,0.03546925210351019
0.014142868048477128,0.045806170469223355
0.03771241462126937,0.035532446397121144
0.12545502943263398,0.06433315462860012
0.019006202736476935,0.03274521496979792
0.05406455519608791,0.05359959566604636
0.0744388347267129,0.05046337425212604
0.09056198718231567,0.07934663578036838
0.001910049124906338,0.03863656268201417
0.0714683793674034,0.03330086044562204
0.05603774544597042,0.044603686857419014
-0.010812140142492235,0.036348828852966225
0.05713904570570613,0.03819889113986187
0.02597906918667925,0.028171905532511626
0.09521954481441014,0.06207373813760132
0.10327515346432863,0.045740892153435575
0.05655819112452587,0.05429150544634314
0.07353382886118315,0.03705712611713123
0.0412714335717005,0.046642762521150086
0.07546535024027343,0.03399169364334061
0.02898629052934137,0.034007295170157985
0.0669686512829552,0.03700774995135663
0.021456570213803313,0.03467208719730189
0.0005582750980825399,-0.006194903728301688
0.06371861520439794,0.04317695339314845
-0.015594477635781544,-0.005112144259350802
-0.015841233479687373,0.018856402463635128
0.07651272759349911,0.05015604767077226
0.05882133583391915,0.047580942311463814
0.04815658777242988,0.03287469017194173
-9.293690524687145e-05,0.03491849234125356
0.033393463599356916,0.0355584736477847
-0.011621317401919662,0.02499255407724562
0.045173458580737694,0.04168433786890798
-0.015346070190121245,0.012736412046161443
-0.0024125960115422822,0.03260085349316197
0.05825548841206338,0.08315510195051476
0.092858600172133,0.05068762486866525
0.012511843228844027,0.04577614845501838
0.010053360403204726,0.03576704214965845
0.00681520216053879,0.02026004237964676
0.03875519452682081,0.04698288705745948
0.04043757154001188,0.03758347767046444
0.0433488221476426,0.048377432969760145
0.007151507762632545,0.010251960472809723
0.07671391446082769,0.0529603053419431
0.08371493454944808,0.08658655389179926
0.02161118194950861,0.017969004123532924
0.048915581293871656,0.037471881003431726
0.011221873489143603,0.022454003274536526
0.011974966908849171,0.007585998567896876
-0.02848277031462646,0.002955283153940825
0.032877151614045655,0.022623545975421648
0.019601485785584863,0.058153730972606454
0.021878481178860976,0.03791807932195704
0.04371212369091901,0.050311486236073705
0.05581730881800763,0.04123536701014288
0.044456429771526584,0.03615990800231626
0.036866415250241404,0.04002919181466188
0.018692219580748362,0.04387178123196997
0.10064706999295742,0.07523887318805614
0.04041433197718679,0.03864712230011226
0.0501311402220362,0.05806090202768408
0.018878883989503614,0.029081863475086664
0.025185928075666532,0.025273277879738747
0.13166402239693756,0.06429466856598184
0.04255375873735937,0.05264372059857234
0.09390297311476241,0.05098866308929911
0.07266714818528976,0.06237842642860175
0.0026255590134313302,0.030665432730026247
0.06379607331481829,0.03618682662456836
0.027538274277602227,0.037543921554048704
0.09514681147314115,0.0731341044287327
0.15107226869660045,0.07133540637578424
0.018181371081683703,0.03623358134359382
0.011691928268056597,0.027507202899937366
0.022578207454637282,0.03597376641626951
0.06688976678395024,0.04185154228480997
0.0316338691462079,0.03882458120824815
0.022859152347760998,0.04012439296746528
0.038174967953146226,0.04001457597474948
0.05710195022964663,0.04698731344855275
-0.0038919849437351007,0.014936563329634734
0.015999385530941913,0.03270126357309218
0.026545913376962996,0.03696025289611076
0.05093216853105573,0.04574341808766284
0.03906736106454638,0.04541178082309182
0.09372808358428868,0.06533571620241957
0.03363624484488195,0.027943946075587013
-0.00443048730595141,0.04663316448943764
0.041596601977560536,0.029498014501178896
0.02458366237151836,0.05179906090389012
0.1218399273969158,0.030525905157719583
-0.0031358278588275376,0.03232193629425303
0.038280758073462554,0.03409172540641985
0.05651203684443334,0.048394639388160555
0.07704433291990942,0.05968534867400803
0.0417352625594475,0.030778121389552375
-0.0007950880671519778,0.027047774386092675
0.04063786347288418,0.031361250110461265
0.025216625097362944,0.044943149635913254
0.06985261290861042,0.05032195828228653
-0.007309532448194449,0.021480763345955656
-0.00968342707353744,0.011718259538328031
0.03850863831406592,0.045943318095136645
0.047096388300860235,0.038120327986600575
0.03286810578874385,0.060119207611867974
0.059613202490351375,0.054154999822461046
0.08356286487712188,0.052423433155072766
0.045516183676211894,0.045121818103832166
0.05946894980556906,0.06995331235715181
0.004607537682300282,0.03735789219306396
0.10742429460732467,0.060896682564951454
0.009098299411147183,0.027803272624313532
0.04865335375541896,0.0201790231512117
0.04622791227760345,0.03376624492645504
0.018867819189828224,0.04144553677741335
0.0563650180973112,0.04144346549901615
0.045868460259175035,0.07237530754604915
0.15072512129746046,0.07627390825980226
0.05621640204118581,0.047177846181750506
0.05880457566762433,0.06310923413724215
-0.003082411675196333,0.01206548843933268
0.0469922094701157,0.026014750583688302
0.025022249333877387,0.03945640199114923
0.06414422838237442,0.044578124807097864
0.02907843998376362,0.031174772665957654
-0.016538585213724845,0.018292601890647516
0.030070028008708838,0.057296511214289955
0.0576109067812676,0.0452240875753561
0.11164120189588207,0.07950832804382638
0.06486169126075679,0.04430738947061949
0.08533673785390157,0.05483543488266769
0.04734240577130941,0.04198505298053699
0.03472652082525851,0.024080970305782764
-0.017639185439754,0.027900456587562773
0.05307628126108231,0.0484690853653085
0.11049424629513847,0.050144882629128806
0.009978808928674221,0.020344716264250308
0.0341381036603486,0.015657666644352586
0.003160780934504741,0.019283143236219796
-0.0023887521271754412,0.013287937263789615
0.061721786068091714,0.06673358017576371
0.07536180244680715,0.0720386174108716
0.08867916694991052,0.060868998353520484
0.04018132687975378,0.05356356158000741
0.08255399898608641,0.04231868292292153
0.04425496360682869,0.07191383889569367
-0.00011965199690852288,0.03312878466596445
0.07554949523834156,0.03734762085040511
0.019989216502645415,0.015058275433691915
0.041791998790066134,0.06027609684669551
0.007620882512846847,0.033745227854292625
0.06377714252038871,0.043912877134140466
0.06650868879600055,0.055943256578712845
0.05996949939917871,0.04544314202284908
8.612716037432154e-05,0.029459951156959263
0.05697664256781962,0.04505837878580142
0.0744979205115699,0.0599940581105282
0.05444507601118583,0.045330041566181076
0.08204876572888943,0.0223177122647457
0.01895574982323827,0.04498100452762697
0.08321002320536855,0.06178518556149866
0.027012396902298008,0.035468086258751114
0.04022496418717881,0.025221600657125563
0.03934045472376152,0.03571074098752411
0.0042426219758968185,0.03508917953188375
0.04028658410948886,0.04860951130489723
0.028043220750894098,0.026985958118115966
0.06361593886549446,0.0477459818888521
0.06677878212186834,0.023629439399081936
0.025234332619465463,0.014409501287495977
0.02013969079302644,0.024571960532588324
-0.015995810043033812,0.02207530219725002
0.013810744751712662,0.0315558575040016
-0.015476027638886876,0.02057215167170795
0.11414921218684516,0.07169376885261214
0.010459544324545371,0.037286068878549156
0.028582196654524245,0.0346490560100868
0.07485345554325734,0.06370637855618672
0.0682878202803436,0.06329354561149593
0.06628602804106992,0.034222887193942175
0.0598493101740155,0.060033260338782125
0.0001605299799754996,0.02764430162866036
0.05548710025146891,0.05848313093630024
0.08037189382701501,0.062161734151842354
-0.0007969246448356268,0.027320702661720746
0.016143084353448602,0.02142034701787287
0.057787512284801015,0.061001361421412804
0.007997682266395426,0.04242627899179044
0.10316921438246837,0.06894601807936841
0.03938275499227024,0.03186320962587813
0.07739694260770225,0.06020169116992781
0.04573025451847634,0.03882464003028155
0.009680438347566014,0.03672119035474993
0.0325296657116751,0.02468827243435097
0.08731617491359335,0.06735751377041166
0.0834515816062174,0.07751288107407173
0.08439785696770279,0.044123175160041994
0.026311690466171715,0.037322793902202306
0.04082475495819443,0.0533381771371554
0.019147655887282497,0.02989299104372266
0.04869243548270108,0.06470891908714801
0.008715511715359291,0.02440469076279969
-0.014645258611423698,0.03450233245161415
0.060144140798634164,0.036159974639586576
0.0861117048523301,0.06461029576977545
0.03898693650956354,0.04997949385480851
0.033543008517636225,0.03891507724777483
0.017152252725552923,0.01902221508594269
0.0044449886161230965,0.025458575495612923
0.06691640249592057,0.04474335220279001
0.032650755474156544,0.03505267594181097
0.061461874454796034,0.05308378860515903
0.04763047626742303,0.04409287348724561
0.01839091106002263,0.018297349022336824
0.09489338207651893,0.059592094395001204
0.04545622100194522,0.03113466222995919
0.036206721625837525,0.04501910643715965
0.05597656944412306,0.03705670661021615
0.05468053532844803,0.05418466409771357
0.05689503150537469,0.038077052152326506
0.03243471333044637,0.03991609179031728
0.06520747572549244,0.04300498675116479
0.020965863439216782,0.029365237729718975
0.015402656313977225,0.03578373623584821
0.1152843458109325,0.08504329586532271
0.031148960656577872,0.05493943563045468
0.028621266529783564,0.051621100159133376
0.03333742636599461,0.019481109085877794
0.07523293791819861,0.04150696043839398
0.004100041016546006,0.020223160174585482
0.05448879587949262,0.042056713257204184
0.010517022448897198,0.03644326002202168
0.07170806360526741,0.06263545363037136
-0.018823002715690172,0.01744345898651384
0.040179573616559286,0.020408740376852738
-0.00995364321052302,0.01976390006832765
0.010622952527321062,0.08240959356727771
0.05767333737995552,0.030625059844784468
0.045738195496790535,0.03685342017553862
0.030709223350909635,0.026926351361085718
0.10759874037982606,0.055475211502623245
0.018773634910978245,0.02022670488346766
0.025127656721919207,0.06054908895334632
0.07006706737626495,0.050423921791897135
0.06531269071812154,0.0601468602608372
0.11105896565169633,0.05037687450402545
0.034530616405310716,0.05555842449397906
0.028721596850719972,0.04085179581631136
0.05038775053428589,0.044391244001326824
0.06880148722616114,0.053832293805709926
0.029556489548941366,0.024716220690322463
0.023799802629927837,0.04755918269688601
0.06574429396089117,0.024229455846909515
0.026888187294948185,0.04914829537308188
0.012401696415308458,0.01574072818434968
0.048309960515271345,0.07111699093590597
0.05794429696965129,0.06218848395381455
0.059504960588111416,0.03764941819114277
0.03719756041340477,0.056107524130521655
0.007809950436804285,0.04397853160316245
0.055183412064672116,0.07549555291787222
0.030252038958766922,0.02011973161022161
0.07092653163643357,0.05383018179647593
0.023492064221481528,0.05881824249243843
0.058144952091034534,0.05250488473137987
0.11794503680077272,0.06812540043930718
0.15747390661379396,0.07534137926663106
0.04683904834958293,0.04727986637347245
0.015521411915200352,0.01646544638719729
0.06965745030167239,0.035442501988976735
0.06994905697785458,0.053541815051343186
0.041762680722869344,0.01857916997373123
0.10639009293117667,0.05628888857826474
0.05310976166558026,0.022290200567875663
0.043058959684663486,0.03350529379845711
0.004788650623163446,0.02805844517817515
0.02056957342938831,0.037795816477040826
0.025626898941479008,0.051378422713696685
0.009936394716975485,0.019588229874908894
0.04094528182163185,0.04343199190522864
0.07592355552818401,0.06980005942577167
0.11785380280719868,0.051180482990365324
0.0713203585539547,0.05751897480319844
0.03506847968459935,0.026199767464547205
0.04394905938042172,0.0658937839154551
0.040304093341411655,0.03291479855408965
0.010831271017348792,0.016026188060809396
0.06131406075558089,0.06531524137684423
0.0791636591318532,0.07259187860460968
0.009221956973727912,0.04907556981067725
0.0694685368729489,0.0402891910090389
0.04528230649855254,0.06607844519184665
0.05503589577046515,0.04027988607512564
0.07775084215821523,0.049953669889301486
0.05019455699825409,0.05848101716488271
0.004393769088934079,0.01824389166604512
0.022984180785625162,0.01936855168191166
0.039098664939202485,0.03974947259422739
0.01348042246952292,0.027670660476521385
0.07490762219654303,0.04837145618328416
0.025231412037813657,0.03306322297904539
0.06993273022002024,0.04579142574319363
0.0008331283881926367,0.02901127414942156
0.04426720589241494,0.021715048690221745
0.016832590019019163,0.039050407277689415
0.05175914202689491,0.05763260376513995
0.029865377596748396,0.022971359862559326
0.04102948647815633,0.022374258685357494
0.026149838972558154,0.027590334957849547
0.028726749618116137,0.03189938047650279
0.0549044459372505,0.036638751577542025
0.04317259840825653,0.013806539252631457
0.021167460933222047,0.04506808908208844
0.03782897567300224,0.0469890309694118
0.05945916768011546,0.03691165911744077
0.060933849113392315,0.04444478643657048
-0.0032560385336544845,0.03344517466722634
-0.011094332212322963,0.03284489817197162
0.1055165675804992,0.04973522010062437
0.1138322086347514,0.07443577344271907
0.03581690926283594,0.034591776680586814
0.05771959704225843,0.05821711088515911
0.06123639559119654,0.07328031191577361
0.026063322452724684,0.03183889947953453
0.046004973557274814,0.014453637672767286
0.04425597741856174,0.035991786467552016
0.019438710737675013,0.029749922782348413
0.04294310348968507,0.02251422168903581
0.01929802608585776,0.043199748658056335
0.050680156938691635,0.02983859279335499
0.04808468163654042,0.05840021879488452
0.08681406249659104,0.0660577314670196
0.04576078460987413,0.053825526073334684
0.031649076972867826,0.04566337644015511
0.020430154494016202,0.03248623681695302
0.06726540934278205,0.02432975540494796
0.009533326565700304,0.022436409695712724
0.0024766024737025083,0.02930199710138877
-0.013731071253861063,0.02448400347770982
0.04042876588760036,0.04155706614096646
0.022345329707029064,0.033336715622579775
-0.006460075359047591,0.0057113800366004434
0.041233831442495414,0.03635534729934163
0.061096173869542886,0.0314926284102802
0.013433500799570026,0.044820724187740135
0.02961596844205233,0.024384270445932242
0.052596289085241416,0.0496221087428347
0.010832522623904285,0.0012322602189848405
0.027048720870445818,0.034704640419895974
0.01867963127827196,0.03724256382074838
0.054386792629792756,0.05589087325304212
0.02210627714119492,0.01286550823975226
0.01957600439572292,0.019061225750953672
0.0184180232883403,0.04432726569363636
0.03906227139208843,0.03215634682048017
-0.01636897390295922,0.01620392924845176
0.042787762417466346,0.027513111909974623
-0.008652131530034898,0.006189413131314587
0.028289736548906888,0.023977797867033586
0.15870438673626003,0.08144192387930846
0.007531114159354105,0.01765134349903585
0.014895347669605563,0.012732523840828295
0.03729769008473059,0.056773391983001055
0.09297258516627761,0.07449860234946495
0.011870133958492369,0.025746459656607247
0.040139690096071184,0.03344527646184916
0.016925864510831,0.0363677413895299
0.02984466025107756,0.03314693806304915
0.03088959935599016,0.03448087637373182
0.08735768198844057,0.09041636465354949
0.05053069506971779,0.04631067358563465
0.03198672480642694,0.035041167567508975
0.018706195496470755,0.020834170501557232
0.07056418377934477,0.03749842134830484
0.07913591097171886,0.06622668112088032
0.0021189139344530896,0.031808764257857544
-0.01126644146408351,0.026778385875274074
0.05412882274563295,0.021350237564894566
0.08324908870936565,0.0922491618070816
0.0643638031029654,0.03961918982737668
0.0770404760861448,0.049015290421207836
0.033527147263058145,0.03823555805694065
0.04174608421858826,0.049167591824946205
0.017857425518518724,0.05694494653983744
0.04671629758027376,0.032014097407954384
0.04033360660856206,0.024602695426123273
0.03074334010009326,0.0577025616088587
0.002425609056618338,0.02702115878193967
0.007131644772311787,0.023824139499184636
0.06558120293105306,0.03640161980769774
0.02320587683581358,0.06155551826465907
0.06557343057633971,0.05917276860125392
0.06719246673631996,0.06090002183106721
0.022624536820593805,0.028574523831846943
0.10129805525600442,0.04954594798940941
0.07611455466792647,0.0233130525143397
0.05813865374737007,0.05737281199065836
0.012849813635399956,0.03187175639043323
0.03968757187936241,0.027242689582378354
0.05186190603667967,0.028434611234122633
0.10007018551605924,0.044024750609520595
0.030701272138945933,0.04359408709170213
0.06647492987504888,0.040777793052264734
0.006787742526233032,0.047382767652380156
0.03743106489528367,0.04681757670831979
0.04774544127151946,0.04167589573114823
0.04050188130888703,0.05228671945587377
0.014156936695939504,0.033743249997171564
0.013054672762555668,0.027027126799082125
0.07274985543381308,0.040559024797218166
-0.008887874212770094,0.013326564656873822
0.02486674047047272,0.03363879791865711
0.042487288192099695,0.058485991829564585
0.08968718705765925,0.04994454595662227
0.11279637145631473,0.039904141867845445
0.1211185841705526,0.05780338069120859
0.020641597347573586,0.031311901243535584
0.01850601594254014,0.03460975559521091
0.04339598899355329,0.03683143432732545
0.020572112383603784,0.04946900138247878
0.0883666346380649,0.050700844099405985
0.10787640877107406,0.03916718050894557
0.03485428888526381,0.04293566112421528
0.05423950822353291,0.028842022289965307
0.013183784817330678,0.01862281261341409
0.12602225194303834,0.07277757401469417
0.05028532719525101,0.04765131777883298
0.08239845935680208,0.06127128537250422
0.0019489224232900567,0.030203422014732285
0.016451459334402486,0.025976020336426278
0.1363586352603778,0.07085225591688346
0.05002849946703189,0.03392717548360317
0.041645302836278056,0.025454900913845696
0.032683984700955085,0.026918360580798273
0.06128102628447238,0.06585410458401539
0.04071853369501676,0.030253197697792243
-0.0006950686204904937,0.03924545240594907
0.04812725889090061,0.04694857746736339
0.0822176453118651,0.05985596834344589
0.03604409004653364,0.052913484455271
0.03881670118585339,0.0426152288406437
0.08191458941932914,0.05961633672242706
0.07150777331723353,0.06747290454843902
0.054550102530497864,0.03482735089715608
0.08224369485156612,0.04662224979978355
0.049685949900224916,0.03211287732298282
0.02027561364818746,0.023278842178084378
0.02350923001576441,0.03183530877781004
0.055267283028002656,0.039939551398231805
0.020596915812825394,0.030067385984977508
0.014589997126129607,0.0315306741055857
0.0532172354334875,0.02578257493200595
0.08641673137273809,0.05241238437309039
0.0665585433386783,0.039696182693589
0.06377356430249623,0.06961661057205935
0.05200382154272147,0.04223815267739396
-0.0011967849683461266,0.019342745294507566
-0.0039796085419318405,0.03232162024929529
0.03549218258380001,0.05199745285430699
0.060316671010668434,0.03330258535897519
0.014048717919497147,0.03514795975685657
0.04281147179391805,0.05409679430821659
0.052853167842868226,0.057015823254722514
0.05842146335735746,0.04032314800858744
0.04528039381595966,0.011494005804005333
0.05912319666638317,0.05188860800852925
0.0718190043194018,0.05247023263080555
0.034607942974316214,0.031199035954020658
0.016133305417344465,0.029478220747519802
0.05579562694252567,0.03346414957410751
0.078643235988005,0.06048703270861042
0.07332654577894747,0.07096537982522307
0.057760520954257696,0.029524959885890253
-0.0005233267040583751,0.01665699244921868
0.06656271259790289,0.0579873185659744
0.029783888683905347,0.020943169473825126
0.013706259394949252,0.020487389774192465
0.006550385525309808,0.02353933594042259
0.07831693281767915,0.07235400953288529
0.07032262225324917,0.03313818780027153
0.04555259872754952,0.03113195155202212
0.14707504630916576,0.04988386917029655
0.016824346844196342,0.03282374541266365
0.03067608487731796,0.042394484277695266
0.06506615425945732,0.01877522663703163
0.08602694835611292,0.06782573929987681
0.06963479209605644,0.06473226572694896
0.00974256339537332,0.019630097247172677
0.009710378616460508,0.028624971688370603
0.04312970837143751,0.06092759391431357
0.08088952983578099,0.024769828171533018
0.07256741966822439,0.036425174603364696
0.07061979042086865,0.027365398170032123
-0.0035185684733351832,-0.011906754890031512
0.08368970491704864,0.09366141364419933
0.02796384359600792,0.010604644122087992
0.06926448105433954,0.045855768677222034
0.015585495794413155,0.025706436908605447
0.06850523860807056,0.05084683591947178
0.03771526122638272,0.019104926456982658
0.05777367277511455,0.04333374533518749
0.048836498934136184,0.03608124820608595
0.03497791481425833,0.039741179194305074
0.03863513959283808,0.021066351346167154
0.07373567604390813,0.06895802462485952
-0.016936844966537502,0.0202796136975706
0.07462544510790477,0.05995192873983921
-0.008902063572532962,0.03798647950826566
0.04099390006505192,0.010155163453181234
0.04631000802188939,0.0495713303211381
0.08954480236042642,0.07284921446615471
0.06638156813181803,0.05755713624547023
0.04585695284099926,0.016649758570093775
-0.011817850376971565,0.0009159730280426156
0.01706349009959579,0.018750701264450158
0.0006676903855193164,0.011854396921594623
0.04391065883785162,0.0373297917561632
0.06107220485795718,0.045616003147425706
0.021420831670292205,0.035898774231663974
0.04264587610330576,0.040945101269011276
0.0670397195650076,0.05175915162883278
0.013389055937489826,0.044079303356981535
0.08527877812804491,0.059926938389255065
0.03276477885200813,0.044401859000649954
-0.007116192128274579,0.01999511252345945
0.09871758131011267,0.08306697839273565
0.015134315404080945,0.037302126215790175
0.06150824406126247,0.022430589164663346
0.0686336744479829,0.044041574578530716
0.041514084020440344,0.030880387020218093
0.05503115880223765,0.04208515552675026
0.03458390260988612,0.045857318773774226
0.006450319628436148,0.002959768927495429
0.044820150397468415,0.03599776654954159
0.01076197328790441,0.02009874566062329
-0.02302437538213207,0.003689337898412435
0.028018982582707515,0.023692888059827284
0.042824715492109644,0.01732340109813737
0.05083351499368057,0.03490161451169092
0.005655058407602427,0.018779020068228833
0.050857905841419075,0.026094653520820455
0.012139674219320381,0.026734458120332212
0.04441355766968345,0.05376731998366481
0.02894695422181435,0.051439822540748095
0.019982324542695398,0.04237101668278472
0.013767852986360764,0.028617656602909793
0.054335914669028554,0.06187316172238491
-0.005758846290648282,0.02555207203601301
0.07617901311767741,0.03948569288459081
-0.05108291066524458,-0.015276517971107741
0.057271336536476605,0.0346250984362387
0.03595696485902203,0.018976089849915813
0.060811967832274744,0.06811857839123725
0.07252090661514399,0.05734756843207303
0.06585306624779039,0.04741490397836994
0.05163102370968461,0.04655925986109482
-0.00023949467654585908,0.029685151820188792
0.0442875474181353,0.040875435980308183
0.03551571315774733,0.034097367922913506
0.041202681480432164,0.033372726027390394
0.005476375299769125,0.050038105119851344
0.030571409799127647,0.025732260725578493
0.010810805037644696,0.027117814474169548
0.06078841430772446,0.04229440532851887
0.008288231058801577,0.027512068691509867
0.0003440496819683116,0.044521615665774006
0.037846528780661276,0.022306446256904037
0.05174762874662478,0.042867395337560676
0.08029254476861766,0.0455000609806011
0.06231131413129393,0.046896263158095246
0.026187807158952782,0.02738744121489233
0.007504993841230027,0.022489807763460455
0.007783463954874236,0.04012786063716849
0.03458214684976301,0.04212904650828736
0.1172506569936734,0.048279332221119894
0.008617281589231836,0.0372971494249613
0.021367160114355563,0.021916694804006452
0.025335992279260835,0.04619442126477935
0.010969612997003055,0.057604158866758154
0.02167868593896633,0.044547493241512894
0.02513109849983327,0.047221596421693324
0.06685717581986968,0.046877631514079796
-0.008819282918661847,0.005691415296517447
-0.03936359084848607,-0.0024783956656801633
0.09620076705166856,0.06150832418131312
0.019029766445891987,0.026967964205024564
0.06188132778833306,0.03421856171705779
0.0910959109926247,0.05557674045724277
0.07932854813775278,0.050567088704815945
0.02456472469023463,0.020318315368638776
0.029869156949333394,0.01589988633546483
0.005567033564032552,0.02734452677223649
0.052313673176413125,0.07297460554091874
0.046882949238494176,0.04421215416404911
0.020852066913030314,0.034627875867274484
0.03442100119694614,0.03728464808764183
0.03425838561973501,0.03133652974979329
0.07980644794778907,0.049343707292522326
0.017466367896773444,0.027574520170196175
0.04059410275218728,0.030036898380118048
0.02991587174872773,0.015037697417721457
0.040971920278544,0.030127950327420543
0.03719159224333257,0.062021824747282926
0.022323986498846773,0.011060228118757327
0.023766959786958104,0.016347499090783688
0.1152566726356993,0.04154075107098394
0.02869848440250574,0.04553983696335179
0.12735894571042203,0.0570085631312671
0.08719514419069593,0.05934635224486502
0.032735949271854047,0.046613070999846865
0.07687255766867038,0.05897646524840689
0.0630897816211635,0.0429225399938913
0.06630929891748658,0.039387882484220385
0.010511196456204108,0.031237849238315823
0.05936871010594742,0.04235097973642964
0.048051126848054446,0.07579072578396909
0.031067175221526536,0.04046818580090804
0.06176696733956193,0.04863281798343326
-0.0008705830209693542,0.02110103452764078
0.018969696710848555,0.04663939349799857
0.11216603596223404,0.0535427826807246
0.043157924450688695,0.046502690956118364
0.07561169670847778,0.0634054039228866
0.007152402522934469,0.019493372327756216
0.06372072328629674,0.05176519694344944
0.05065196102699647,0.05674414613537941
0.0646034119578818,0.025354592465251367
0.0187318280910943,0.03675155363876265
0.03269828108793835,0.033399827059734696
0.024401934538936892,0.020537874292805562
0.008722592747409164,0.03424462414980247
0.008672135375334768,0.037319678107646276
0.022109814958062957,0.0413873169606308
0.02955264186970961,0.02712259475759784
0.11322313259464425,0.06511241461765103
0.030698258679376485,0.05146005443241006
0.07697183423488894,0.06208360302236296
0.012898956310928933,0.02636585018769245
0.00705631582756367,0.028920452853593744
0.061212287780634686,0.04033645793387976
0.049148105058056626,0.03277812491027254
0.02473932101772374,0.054833402926825175
0.0331145827865007,0.04559100042292714
0.019059538683631506,0.03599670396504827
0.021064916095964482,0.01956291911904795
0.05105316529063977,0.03727346947143344
-0.009288845412602508,-0.0017603559694422712
-0.026770894727946252,-0.006913000107380501
-0.006173311614904794,0.02088577815585198
0.031040701097052068,0.036448413278311845
0.025636868394249255,0.026229189833097057
-0.00409761122639676,0.02872552066721411
-0.00840387085479026,0.010703853868971686
0.007892662025304347,0.03606865335295584
0.025428136829102332,0.055895792052225876
0.06335860005673971,0.0530703987961345
0.09307994679930315,0.05596134263090981
0.007391205956967692,0.053714483811667615
0.052966101905627075,0.059659889163660426
0.037791061974658494,0.03439518430401972
0.03428692082014292,0.04072558754097602
-0.004061434691667613,0.03567232357667828
0.03547540429014516,0.04630170850533444
0.07514764536949842,0.03673998859908625
0.06515011884952937,0.040361231769402504
0.026185905860389366,0.02985257081851437
-0.0020008948791622808,0.009124918622699542
0.006004657664769215,0.005728940681203528
0.036273079157621,0.050444165346226394
0.033308161175403965,0.04498595875811352
0.06124617443620481,0.07594957730466997
-0.0019809815311807276,0.012271821780949384
0.05531775851674244,0.05993422292614452
0.031610535161903895,0.03124162454326577
0.10487148713562958,0.07026759598338769
0.011483379215586426,0.050184760861850496
0.03287175990776987,0.031567990998082725
0.07873657473713687,0.04700500526695824
0.038694629946590925,0.0511384726283611
0.057218843059780464,0.05990611863005252
0.047656594571595226,0.04616059895914146
0.07665001052149056,0.040381874829276486
0.07570576169885775,0.05734108338696205
0.05460412035766328,0.04633972683258547
0.0034596001358941347,0.03378985562215845
0.0529745305729889,0.06327142940181275
0.021535177768974196,0.02115307880803346
0.022861500390546734,0.006429120493540774
0.01196059102749494,0.013526726076391209
0.06535651735292752,0.05043580893796351
0.043853395616204396,0.025782816598508698
0.008007708126486816,0.006356654351981749
0.0352931185811629,0.028125419550301206
0.033987404863643274,0.03706235436130543
-0.007876382582674878,0.03417411198160657
0.04500176526218467,0.025616222343132725
0.03913349117849162,0.03225462000526647
0.009156536706068252,0.022026491240582678
0.03163710597226237,0.03649169952176551
0.058940985415286376,0.07060558148788962
0.08737788376630784,0.024789233308074587
0.030797298363748466,0.04484354546189093
0.0399755781417673,0.062293879308078615
0.030986433871360398,0.03981095570456629
0.008088522968786897,0.03696517957042356
0.08345802972909144,0.057474043650267086
0.011675577556536459,0.01934167355660725
0.003026549258824173,0.022265399316599103
0.04861433600304345,0.020841510106847486
0.12548605455610792,0.04785882798548634
0.05159829395491454,0.021388309955054655
0.0519841607197889,0.04795579376580814
0.061219505600995136,0.053357851729463945
0.03771188697744476,0.042357499839692205
-0.00813205097028496,0.0038976469750946004
0.02386798885024641,0.04160290801313523
0.014483351164360461,0.05247971541786167
0.06734697097648935,0.04213103352266921
0.0768735929877725,0.07125779071051747
0.06762630131241992,0.029854618379476037
0.021535560065121147,0.06375817055624239
0.020518583513365253,0.042568458783995275
0.020426100607578636,0.02047676191027759
0.0621599039728382,0.03250127558954628
0.041749410094371775,0.007477219641775071
0.03123521761462162,0.0383410404758249
0.05640074106537016,0.024199261771288526
0.04382186953686061,0.023499914167752003
0.10596675682781359,0.04607031100752711
0.026764925637547725,0.040608973763744546
0.03977458641951305,0.05170935007941169
0.03870113921683915,0.029099960747533276
0.01906026410476923,0.014417351192536891
0.012538591000105244,0.03124207219787438
0.05454844940459455,0.054131214222916176
0.06034779662559102,0.04010045992607729
0.04367486510251173,0.0401941804899753
0.03720195546524448,0.045533873002683994
0.036817410469440696,0.040080155359163094
0.09503815433121361,0.06878077379470923
0.04364501182740247,0.038532685180220516
-0.02120355484836156,0.014359983540060647
0.021735262792824197,0.05298969739878196
0.06814497239005307,0.04508412724557943
0.061751090355524806,0.035694583090446305
0.07106272408468722,0.05266522537921982
0.07525233546894132,0.05913357936584457
0.04528490423423282,0.04807357339614521
0.02264399052250699,0.01696655924335502
0.0453541132962583,0.060679915679741805
0.03577909812792128,0.04051114487387466
0.070773933364398,0.06502748073527216
-0.003966948644632735,0.03596619013372743
-0.008980577580879695,0.04116170295162319
0.036717665154725264,0.05129272864085251
0.027345229826498924,0.01966201612194081
0.041993095775755045,0.04128361221091867
0.002340558424924599,0.025787118887173187
0.06430209965849353,0.07509759617659618
0.06938851453239409,0.04910538883438099
0.01156541960267116,0.022449932426471725
0.014318741210574252,0.028080036041644975
0.06878365358174779,0.060195150511992486
0.06258452828230489,0.0348086877334449
0.03134842481362159,0.027922175573430325
0.03454225836812092,0.029526098691269514
0.05478442000665948,0.04070774281929263
0.061414311765841154,0.040897161725379175
0.04056047987767262,0.020539996221822926
0.02244193813345243,0.027488939424312714
0.066496015419956,0.06085719330485907
0.023987130333320762,0.02806012367136087
0.0568013337524843,0.08240083978568749
0.027496828225965195,0.04155246236918374
0.03996788572936037,0.032176863006759024
0.021555557357094822,0.035078357516134605
0.04501673111667145,0.0464736145620582
0.018400838416669854,0.0021519459752771166
0.013798295597435962,0.019368431792689263
0.08952248883570504,0.050004537413960784
0.05414450167556656,0.04465068454963222
0.005513512620878092,0.027986977756520322
0.043415442650007297,0.027479945197070536
0.05541820228440267,0.03327738481708718
0.05531685126128739,0.05126330717572488
0.01713662327742834,0.05683443933459794
0.04545864628059069,0.038982703130958585
0.015211835102120954,0.013900756993842675
0.06759254535149417,0.053545029103394315
0.011484470147967852,0.021442120653589955
0.05492931692880558,0.05152047032172837
0.04264703036003413,0.033715081081710424
0.01864875194223783,0.03607857012637588
0.05162916702297686,0.04719969020021125
0.07149872760189464,0.03856225027757435
0.043017592669108644,0.04551221070601734
0.0010870311390534532,0.026032122980807634
0.0963025735506993,0.05088552598047412
0.08507352747505949,0.06424982612651098
0.031147666088354946,0.03880635559357419
0.058898215962942584,0.04265995072314679
0.04012934023994702,0.04796478670658587
0.07720895159109038,0.051481893289335084
0.029317928160210196,0.03668338818113655
0.0056397607211620855,0.0341467562358136
0.0008197789673454617,0.02119143249896023
0.07223763420292269,0.06326283194207624
0.0037877577794640524,0.024525488038151643
-0.006460100820184567,0.002639708150137532
0.065610642774963,0.05238785517669724
0.04917597466046539,0.06484038815132986
0.026285016546815358,0.01752751379978018
0.01888378723459,0.036266811052448916
0.013092114948424646,0.0446938501740564
0.06748492828529758,0.03989112303278367
-0.009573253611042954,0.015180883880123336
0.036955743076531045,0.016855180707816043
0.04842145965869101,0.043127822375093175
0.0032218154279172427,0.05235638624512219
0.03597435412740703,0.056680040253434365
0.056112668978499675,0.01962885140202092
0.05740066899024109,0.05074447030835986
0.06910327566752347,0.03782135019335491
0.05740631265181527,0.05095586415835887
0.05279115381350427,0.05441752958423126
0.0377132706532637,0.04339336729665451
0.0937938668316215,0.07781506185943587
0.025743735834487032,0.02137866106834839
0.063655113571186,0.0480426807468325
0.10484868952673007,0.050319245053593746
0.03435052858791989,0.029249586736182435
0.05749809326673966,0.06048169839859106
0.042311699031878425,0.06091916040083253
0.05239882657491046,0.030997750875819106
0.03256191484781954,0.04320196527627535
-0.005420381248229588,0.03130311594242772
0.04733112787655611,0.0418245393700717
0.01098176116382309,0.03623703200436675
0.014635624972809723,0.056049134692535085
0.013032558106511018,0.03747581313005213
0.0048641802571452765,0.02725882844405136
-0.02128516186722713,-0.005082104214762389
0.024603090723071937,0.01095521855495805
0.03361372066832375,0.06149233955975922
0.06056650430911738,0.05262081065076514
0.07926907374987222,0.05072038360567756
0.04176693431817404,0.047303343029259384
0.04808882365637468,0.028490797523115032
0.014583482712383269,0.02281664224004227
0.07130374250671039,0.07044961791497317
0.006844524398966485,0.026868732650115756
0.014496280176401546,0.05986778761914067
0.03057615522251025,0.025391665539337603
0.041058973464031055,0.04553130885257251
0.04168571114522367,0.06992846589026942
0.007188584253041606,0.02881124438272388
0.005777012706991359,0.024023512689935113
0.03321753837853546,0.016468563566574973
-0.0038132931589325673,0.0396472627789103
0.12705158106365647,0.059708818115241355
0.06270644817880618,0.04556457148144708
0.013621175792717087,0.051561361869703566
0.05305053157305166,0.04124189235715078
0.06755642122561169,0.02685546518836247
0.08645074072565696,0.039342526829215574
0.01962013694528398,0.03875383871539517
-0.004698286319275534,0.025055471722648347
0.0685839792746053,0.05652477114117942
0.08241473391191717,0.07512518155711387
0.049185777581666805,0.05362204265401086
-0.0254999641279244,0.016670404281989702
0.03226942680004971,0.046290593811165126
0.052027406006677025,0.04070652937072715
0.04875285744912699,0.04466352185296375
0.08547998843440908,0.04732651711281811
0.01858151727941225,0.03844833076717244
0.021349452201012226,0.03684273972344421
0.02438285609502283,0.0461627683684421
0.0797202601602632,0.06226376140918656
0.016728443617848535,0.025746901182164546
0.07449189095542871,0.04738449240118079
0.06934168045613717,0.0565673360529568
0.01351963304995248,0.020367432326307715
0.0441874363695113,0.04116187780731294
0.031032074347547643,0.021188433523390317
-0.006527904116118577,0.022497221820047663
0.005565906540105288,0.04156097165248021
0.027515114615956873,0.03522345616743201
0.012213216911280906,0.024480352065163025
0.02917765039659702,0.02430023397822532
0.11245929238473171,0.07130702672183134
0.030416465318387077,0.05766041736635658
0.07203629598458602,0.07987441337020408
0.07288456439816857,0.045149390087618785
0.08621744501276306,0.036497402053520825
0.0877269311474578,0.05249437830625428
0.08870614170200225,0.052580440555359556
0.05185306605264995,0.05943345686759578
0.07609214296985103,0.05981900287705916
0.04120239911719247,0.0731107917945991
0.05914940086240711,0.03535895528697923
0.09967757285784297,0.046117769666681734
0.015061290150959573,0.02989753042339691
0.018486167175817695,0.04734960527321301
0.1252660375583195,0.0762506978156826
0.0046677936772581835,0.019679197131852594
0.07131719568659536,0.07582504714896142
0.02506315690944623,0.03808210017165305
0.02209977145800434,0.028352626478268653
0.0353050651307217,0.05083323549726132
0.03606512871973483,0.04537371104050686
0.021590806872971817,0.030249793276325758
0.027950841946921545,0.024653751534128063
-0.01961313972077143,0.009099279740849621
0.10591617195335687,0.06027605025845126
0.08349165860072236,0.055728311775133085
0.03020314854216506,0.029963933014982343
0.05862946466496065,0.08368286472695818
0.0587876837186042,0.01886608710622519
0.05148992469666947,0.06904840908691845
0.02476084715094693,0.026578469362195014
0.04454909104279202,0.0534933675445069
0.036684435037540986,0.038909369003241774
0.14081596031501034,0.06904196970444607
0.05813922035090441,0.02316820107705116
0.05871615574179212,0.036370644733084295
0.11399824126020498,0.0519667828041877
0.03469628899958532,0.06630409116509303
0.08448341018650174,0.06902243808102365
-0.015637456766731558,0.006791899970308213
0.05926764715232277,0.05295182991132655
0.04579717318398743,0.031695847791688075
0.05566890929326526,0.035077764904973746
0.02097740469767609,0.04854778826637865
0.07401830478524893,0.05061750543877987
-0.003912866017625676,0.015773449103540397
0.03781318315163247,0.04863376272118884
0.03301289673294487,0.03493466819359783
0.07643683105365023,0.05566263047470192
0.1022396710759507,0.054934172275349094
0.04032029865168088,0.03472730690544398
0.02961376319727264,0.01339627479041902
0.030066355515788165,0.03036683064753546
0.11704243371883782,0.07452741639069468
0.05760833865998431,0.017635881065369566
0.07630915899537552,0.060953472671511216
0.06163996003813503,0.01347268704064693
0.052807345638782935,0.04144482651464313
0.02161586722210433,0.02212786381996687
0.06093863253747626,0.045552155998301175
0.09603577245055181,0.09168583223300142
0.03348891831199857,0.06224123722287249
0.054919115602645466,0.032074457272719
0.00687946989624541,0.03078555651005746
0.026776749735820768,0.022273903063890946
0.03618563237182997,0.03406158800055638
0.056832459639459,0.045870182665412554
0.0071067155447929325,0.044229411034938895
0.03235973277280923,0.048405606318509035
0.06318514464210347,0.07191614877357257
0.040982690938324406,0.03571539695525289
0.08478543749484058,0.03958020893473194
0.006814278087251805,0.02115909972816985
0.07184177963186572,0.05541292581693348
0.07621073415527368,0.03457528083222716
0.07167051175024503,0.07094914203752001
0.05691325126643095,0.07067123240019493
0.042919538772630786,0.038139858959615594
-0.0037106909956454194,0.028770347473450635
0.14423942602108644,0.0537717771639231
0.03898267926280318,0.060952567335355375
0.13034773962668328,0.05031650720969094
-0.003167029124408775,0.0360990421397711
-0.009514759606853558,-0.0017109430416295261
0.05569047492712614,0.05592457427126418
0.028696540821286996,0.019832259854081498
0.04804099133631207,0.02815309934657509
0.08328706272362328,0.06101699457340854
0.008409540960152083,0.017318418263089223
0.10986803563190578,0.056871405666401614
0.005649401992678896,0.033225268710729686
0.07181110344971227,0.04192560847429975
0.056183260018864,0.025598708908650725
0.08995374262917422,0.06809194154454602
0.032957190383413965,0.030367935941990172
0.05101878464394752,0.05140718769446845
0.1115748733591563,0.06547903774181228
0.004800836795127503,0.039498999694291284
0.08636341851916447,0.06752196039849102
0.07119491601097143,0.04476602785370052
0.05113671645933995,0.03429704455760482
0.006851143376511904,0.01401613020801434
0.09869199263400358,0.05668753103220976
0.037725002394260375,0.039058151237059566
0.050049997827678716,0.04995503143378979
0.07845189573119463,0.04494523810951451
0.0013340689109071387,0.03985204730046948
0.009061856251587268,0.027953253610063244
0.03899411353404072,0.034357537363324364
-0.0019085595691660552,0.03220865685923678
0.09516209256081432,0.04197762087720719
0.008297124497883487,0.050389332276637416
0.04400565740031105,0.03485237102966247
0.04938726584608007,0.04106366999889418
0.0017709843205731023,0.05749987961807668
0.12875783533411475,0.07209438221746631
0.028374994129789752,0.023917822572150534
0.03470826973135487,0.057890210896403546
0.01051884091470385,0.017749958721397542
-0.028515473299287875,0.005752352391254465
0.11884785476807203,0.07146537320449783
0.0239774626663571,0.03431848564884241
0.03129101020413681,0.02694043887678725
0.04076806299061447,0.025756339688634187
0.04089571124412765,0.057041149032882654
0.09891136280304356,0.05130026732713956
0.03375672247238344,0.03665887286333479
-0.007977368154373256,0.017931434603985434
0.06430821980884113,0.05481207869368353
-0.016078766505949964,0.0021249156878212884
0.08068221229306811,0.07468648550016738
0.014040972058524113,0.02131653042001032
0.046592157438960044,0.03180849031409809
0.012997666790888075,0.03394403812765506
0.04810533203652963,0.030814018371343784
0.07107615819493397,0.04343608329349078
0.060416862931856816,0.03578310825043466
0.0018837883751984044,0.025711304109545408
0.07311821366721745,0.06749583482167745
0.010014328379329997,0.03927087804714682
-0.0037308965976996997,0.026938087397156255
0.030434557665441068,0.029740770410822685
0.04326938216205865,0.063458028459587
0.0504539244630636,0.05479349943347559
0.0446075534743956,0.02560256870055697
0.040983932033096276,0.05473392946886182
0.04520819991390414,0.033506559978205355
-0.00152170194493886,0.021499109978317714
0.027769648638169442,0.03652342520512714
0.0436779846813419,0.04012183803311246
0.021282717283099946,0.06066720299107294
0.03812246390519412,0.03929824319511688
0.04293542362885025,0.02625720746117252
0.03716747847281068,0.03576884490201926
0.07629941209461247,0.0710543656179853
0.06592338606790213,0.05713133962442729
0.001177029753068791,0.026839781237209245
0.05735484952362427,0.02867741331908577
0.019128685242216198,0.020843825713653442
0.02395437125957949,0.0336766167080838
0.031351175064969115,0.04816162131065533
0.025540751212891906,0.04171201340473865
-0.012005261524281077,0.028775259089251687
0.07974115687038522,0.06611414729639346
0.0063938362759606345,0.02831968399461233
0.0060294364378297265,0.025294214819516662
0.051467664594503804,0.015054790868800617
0.0961830577530809,0.05054987554766445
0.005527845359255589,0.033896219058430675
0.015457731963466814,0.04651207157300146
0.04285043800772033,0.030487090612464025
0.09604775909187598,0.06788893914637531
0.04721477608615092,0.04749039465822849
0.050352692796951704,0.0431021126071339
0.04986197370779272,0.03248954416165532
0.021998576143562234,0.02073788977600599
0.008249886049066475,0.008216575644032461
0.08018763259545357,0.058835438526783926
0.012647080026460894,0.01652681523038802
0.12187543770693676,0.03847889070237631
0.011329692650734007,0.02378952592841388
0.05835515662639666,0.04381519679466522
0.011921280372091343,0.02649826975622617
0.06359380684131573,0.03682977472754326
0.0375460709927771,0.02389280848082204
0.13364665217172017,0.054366774522382824
0.02969566445732954,0.043204451005349136
0.016518841046417616,0.03199391329189006
0.06183646273639164,0.04701757837690161
0.08023144424612477,0.05150129008883024
-0.0017003472030225134,0.004190844872763402
0.05096696090829522,0.07055600223822658
0.02761743937632917,0.04003591778509279
0.03723024201736445,0.03506703678741141
0.12855252272656706,0.07703501761120907
0.015273244763919842,0.03334354688800513
0.03745515674321385,0.051930121997621564
0.03068171739601512,0.06128640581989639
0.06844499636553884,0.05063290800738322
0.08526952795516306,0.03898009586960141
0.04442519786458967,0.030259143520284987
0.023013162570266085,0.031218520520242578
0.07910194308149326,0.06754291765681428
0.03087317926068707,0.031653072028646645
0.046480561641415494,0.06277980145622478
0.06543049757241395,0.050954595316529676
-0.009626391922585072,0.011141687536664183
0.07804593826963198,0.07997312492619196
0.0927766562703575,0.05305913193880289
0.0030095278693250023,0.024288935851272564
0.06852425840770285,0.035845066639997474
0.03020539127007174,0.04740402039988276
0.0038036880491477913,0.020810471640054267
0.04295217554717943,0.018515418035697097
-0.013146464226315942,0.0041858502435598854
0.06277888851912394,0.043358847457372056
0.046957658484600075,0.04651846828745977
0.0009292360855537272,0.01571604172955887
0.0431653130911079,0.03182261551135378
0.0729356840518646,0.04614622446998374
0.020982760291406256,0.06359757484224883
0.0516404790160967,0.05200662692627629
0.03679178300668734,0.03239469069561916
0.09844901186039853,0.06575953003111767
0.055162593152611815,0.030464991609216098
0.04050195561434432,0.06521157573069092
0.018385589982064732,0.016369816515985448
-0.006315196837941846,0.021549800664966423
0.080155023304745,0.029680669993714125
0.00645747341231752,0.034515363373728264
0.058931954389401034,0.04786932868791417
0.009292629750510813,0.031844622691746746
0.10504572947365348,0.07050346889177496
0.0568597280172649,0.06635839468891243
0.06851789080134964,0.03596600967929185
0.016780044718346633,0.011737550341836617
0.015429162386546385,0.02878688706345313
0.03282018541215468,0.02635042032841789
0.06778697151848616,0.03306610638582534
0.040406439581697755,0.046907957484467924
-0.027610219760890967,0.00890577641034963
0.029682156345822046,0.05190058784308662
0.03185036738190135,0.0011372395573225804
0.03638157432095265,0.03148702869035695
0.019533033578361735,0.0342730713072751
-0.0029866158804456484,0.03219612028003902
0.11332705321334528,0.052543715609993255
0.021691437799287352,0.04012048987081063
0.05422972099090054,0.04050117802945357
0.05879590539355048,0.04468307647860133
0.07061057100707357,0.06283910595836803
0.04428457626635683,0.052745288794396814
0.04959569402281691,0.054976636816951134
0.04396827800772117,0.03817501703338916
-0.00855637332708001,0.02870514114159157
0.01687696851589593,0.013034039365560787
0.016295670635895067,0.01986017694974021
-0.003350504426102534,0.027552489303497227
0.05778333793657719,0.05902429747418916
0.07926776114464378,0.055862214676275564
-0.02196250985850107,0.020222266341514607
0.04592025005712798,0.06235411993865354
0.05621179298022459,0.061911406752494416
0.06962472790414619,0.0455133435006128
0.004966258510502593,0.009352975044343114
0.05440737799874133,0.015808818321422162
0.03401600931529151,0.05184351335473324
0.05614028221499171,0.03788487640820864
0.10379569552205695,0.05332427997136896
0.03419912351087048,0.05103905926440202
0.0186810492081331,0.02049485739203489
0.05409911536361088,0.06728558154759218
0.13366626475913326,0.07186761186332576
0.008146683904303642,0.0133296114195081
0.04377342446316678,0.048717462165065006
0.017729768778704812,0.041789458891258555
-0.038089009907579456,-0.011786426483131952
0.0178151645235736,0.025465633153429833
0.03897791481358006,0.0425867770705938
0.0726889889731227,0.03938237608328389
0.03901568886157739,0.03964016012841147
-0.013859388825378093,0.0020584947678226554
0.0031166956221144945,0.012884517678821102
0.016243124900797913,0.02367033267428208
0.050029557981944923,0.036316148902540396
0.03690939862257426,0.03558940036463969
-0.004329620317277176,0.04994835791369784
0.03661537705915404,0.01679608611876216
-0.0014702336968744692,0.023521688416933167
0.00630498682603995,0.03711757022192943
0.07591526757753074,0.061154274926960336
0.05180478764935396,0.058949254506929075
0.04554633170895897,0.035125908924676416
0.09588766013935315,0.06909778711607528
0.015486062573238594,0.006247885319149902
0.007946103285676976,0.035802324869869784
0.04648365639780336,0.03392511513147406
0.03610897199458779,0.041947737851657355
0.02801646159239399,0.012233829308374564
0.07096563608925857,0.038827111710478715
0.02715184128269131,0.02282236083967035
0.01993357241079142,0.02890397550365413
0.043691502412029626,0.02597571936540344
0.050717612999172317,0.06207732552004133
0.08531919858160951,0.030137242433804147
0.06414011880310116,0.018660502594861343
0.02111524583096543,0.036334936961591596
0.044823914524573676,0.06134703874039565
0.023372205458706573,0.05798013620372902
0.041225648472178356,0.02801926093374173
0.07668501348511822,0.053387884653273696
0.027186244634800384,0.025954368094248812
0.0014773478280973489,0.013801922138323054
0.09553514638349936,0.06203815930093415
0.0489871186945623,0.02990389193052597
0.09150872704509387,0.054540586072913275
0.02942482583933445,0.07670196139197027
0.051630276741022024,0.06724497834012705
0.035141164703082275,0.022549094597245904
0.05918163867970514,0.031883960834959826
0.05278588692540631,0.05688333748372877
0.12381874710430109,0.06372691769957647
0.0008305611251455103,0.008552220230090658
0.0034175102033218137,0.04132511372127955
0.042166133480454455,0.0476077691281801
0.032703214694020766,0.023862287893312906
0.016855054971722804,0.03254642910746729
0.05630244844563112,0.05343099088797136
0.11331396313853895,0.05737963345313314
-0.007998679572557016,0.024188829799592824
0.0674424752337745,0.06619529163434734
0.011847295126981714,0.019467137626573473
0.07418597597139284,0.04493416104830188
0.02667972940062817,0.056311318236512566
0.12632675531512758,0.0478152440463219
0.03567321865264894,0.04585153361796407
0.058935296373268616,0.05105047694695164
0.04948837050775225,0.039359498074575276
0.011126494950125925,0.03278470340086653
0.06813059169828523,0.06639838427299893
0.07532071515561281,0.06706702705581279
0.0679977743652492,0.031106116339349024
0.06604978926336615,0.0623392663993328
0.08218921016774203,0.0702399150295617
0.0872978315495938,0.033370006656448875
0.03876786630527941,0.01904996361406285
-0.018568697795502895,0.008371732418294225
0.054442378130026364,0.03966072932169019
0.02647252923713859,0.03924006234846282
0.0373233494541408,0.04035605460572643
0.030949578520793986,0.021936757685755304
0.07916002246271277,0.04823910980144738
0.05277403818343752,0.04508157151908107
0.06949862196592306,0.035405254551388904
0.004916504114210291,0.009950364340881637
0.03018727446416534,0.04618312551209168
0.045686230293879644,0.036843030518570595
0.13187987974965287,0.06323021772713561
0.0639661985555677,0.04625360580359376
0.030654121357376687,0.02801933122904692
0.030711717608404576,0.039672572731761585
0.04539886486087233,0.016688605959247208
0.02388147224566436,0.046054376026373564
0.06654390095590323,0.07387771823294749
0.03298858564727135,0.04601622442083923
0.09304120112504664,0.05386160898031677
0.010171189460109663,0.01936529764735679
0.019930364345704225,0.009714096748047447
0.04031885587701253,0.030255407173807362
0.041061573441876484,0.06215138301086705
0.0324070333284209,0.04963560206500768
0.0779623455878963,0.05624621256402083
-0.028120075669780493,0.02265249110622501
0.04927329034092981,0.040789626348939206
0.10580947395140686,0.06077501530423248
0.01845127655818905,0.027071366094027716
0.05453408458978037,0.04056318802664475
0.008557978806169842,0.05280636755583734
0.013233421496193675,0.02569020816178432
0.06375876067689382,0.06221049005556592
0.04444502087249874,0.0610967898889222
0.015301150060955204,0.037693006881125306
0.006432241374551806,0.05205570514399736
0.006522256085592228,0.026236748435202437
-0.01399648545761762,0.010710203192447545
0.04152609537051653,0.027740594550756927
0.010271625879493644,0.05001709141374795
0.024015680200334705,0.02181884366539536
0.07630312078988155,0.06867877296466554
0.07313907283862861,0.07318250860842311
0.031735463443649296,0.02011041700519444
0.06926463414091194,0.08523032544514546
0.029717579533217048,0.030892671976303084
0.0070468695031065814,0.04035897497615895
0.12345617595912438,0.10012488387197452
-0.006588815451249404,0.013518857595515858
0.037838332748785196,0.02933160606652322
0.03077884063692164,0.013590735338751336
0.09347896584553157,0.06778906536828946
0.07201580304181317,0.05426075201450664
-0.02827271220317181,0.004815572719867566
0.07384123038136155,0.0518979146170358
0.07645988421031072,0.05491835073105228
0.0013460071367918276,0.02683178824440499
0.012608218192056379,0.03756939082786296
0.004298287360333698,0.02554868112950881
0.08338556115410228,0.03244496540144304
0.01402472376164297,0.03413234138902912
0.030575205714468673,0.04649626507387468
0.05752026924649499,0.06419276247174938
0.06432603922940343,0.029555155204938618
0.06299222839935927,0.03633643168443163
0.0520108061669597,0.058346486675683554
0.11708072899221567,0.04897450019752856
0.09660892973393637,0.07368300182082275
0.032765706775828685,0.024301167160914797
0.026523409350270484,0.05568428922863944
0.019952595037400885,0.03434891078033056
0.06415672305494902,0.03627786704778179
0.043998388238383215,0.04700416030427279
0.055942626309757555,0.04588141250502854
0.07423655733081284,0.03427090997641753
0.05608069019115156,0.07351713175458939
0.055489804882832124,0.06478117206671832
0.027744410586967135,0.005239595291875222
0.010256932037208158,0.032977948544775225
0.06490522062678585,0.03138293214657435
0.0361915998497986,0.0477240610962015
0.02729535549189919,0.04511628980754113
0.05691950558029664,0.04765034295448356
-0.0014299221868670012,0.02280821803530661
0.05795093573199527,0.07342311622862888
0.020639424801284178,0.006771766067581281
0.11602803264687317,0.07166914216559533
0.04365026736624256,0.05012742154720264
0.022065429886800027,0.024372152618408555
0.05394356189467517,0.049039037443933675
0.08286255170133132,0.05150213647784266
0.023923547941350314,0.029537567966018932
0.05282014443877451,0.037574861724085085
0.09244591955387627,0.058741734294199946
0.055886938164620543,0.05096585485683423
0.04172242344806598,0.047113335743412074
0.03214714105590365,0.015740386981093417
0.05849129417480131,0.04861146369425275
0.0030127797028149748,0.01267373853118824
0.007201159220713282,0.02498855689786148
0.11875710282784567,0.042597913574578025
0.047085933279191,0.05857276413797619
0.007298778228524966,0.03522476495805116
-0.00048597980818975957,0.02209919021590959
0.0472645055406737,0.04587477586853553
0.0430125464965203,0.02056488738536055
0.0182415870514073,0.026920167606956296
0.04580059491111513,0.034910260489181284
0.02178119662552604,0.027516666507871913
0.09848942700773691,0.025899624162529656
0.04910037637244994,0.04894976768721589
0.06605737519335637,0.054446620388673705
0.06458565905340342,0.03153260083948414
0.03917018031873345,0.03479962070223065
0.031024419930821945,0.04081029931178374
0.020419755301279614,0.024111427380807807
0.05176959677729119,0.048381528933538406
0.058834195817160415,0.04512635659122473
0.04332650513907403,0.04394637390672604
0.029291130553779157,0.04509487223416562
0.02315749575221773,0.013222991354798815
-0.006224043226612767,0.043881321909390134
0.02178929996510978,0.02781594636046126
0.035039889718744846,0.028134568008103593
0.03322458043363165,0.03170388117477925
0.04821532664536378,0.0307177162346893
0.07687303482984098,0.021375794746521203
0.03668894014831439,0.049016145581897805
0.06294270375457504,0.051450129582558006
0.04447929253371573,0.03238505233614096
0.020649410939648033,0.033453403648955056
0.028392470004607494,0.029600777485466963
0.014262595142343987,0.0239688300323223
0.05311805415321234,0.043629997222522476
0.061039286128177044,0.04894243080994076
0.04934471554616722,0.04529214680534922
0.04066231065243135,0.06557380428836236
0.0065253969680457114,0.013377896747808711
0.010872403682909334,0.026352235406158213
0.052925843570028726,0.0480993269024669
0.018222656277905334,0.02656607877959575
0.0633201561876559,0.04348991187347162
0.06615780374194456,0.06168809099630109
0.050062427049020586,0.05903676408893967
0.036905842770850864,0.06032314550817574
-0.018061225711621373,0.029263854395990625
0.06528544259982041,0.04334317811498989
0.04215609260648494,0.0371014478522986
0.03829970740534264,0.038295889070852816
0.024000493533788202,0.036202880979106206
0.04476571149708509,0.04889212379176153
0.034050233683681874,0.024885218128846257
0.011511071015308832,0.05007825117177057
0.09939767982860262,0.07097661838522087
0.06395327942018061,0.0648201947714016
0.02999578911171709,0.058993831874289464
0.025470904505171088,0.04095837124246757
0.05511521430636985,0.07001396036805521
0.04786606777332952,0.03620647560130449
0.020862045089153385,0.04223857641617588
0.060450991648555864,0.06373991871151911
0.009264660972729637,0.04199083518703349
0.03499449375014128,0.03961821582756246
0.04520460533543046,0.04512730062869921
0.05755025400297197,0.06207457262100844
0.016668206691527812,0.043819372916936314
0.010156545616894655,0.01906087381433793
0.03605698593932606,0.04700034976645201
0.04988215678488216,0.05848054238763069
0.05971484256742375,0.05697970198536442
0.04722841986740828,0.03797858141124308
0.024536887307063313,0.031280480639992066
0.01135431203844889,0.05572954138133388
0.07993781897469701,0.0712271534334174
0.08951426363330803,0.05064726835632046
0.005974928809364478,0.027549211523760393
0.061853291216355986,0.04722907160472323
0.07063896657627397,0.050468549738427085
-0.0019521523043594495,0.023042511014503646
-0.02148178829909618,0.013828932201030153
0.06584255354447853,0.055201185547080624
0.0541694282876467,0.03742852496945165
0.04299763607251254,0.06428993067970118
0.04150688996118352,0.028507348665129648
0.01357912362163258,0.040735736547583015
0.06313759181191014,0.04989017325442141
0.002759501498005211,0.026062238139178753
0.0038144178413265627,0.027100274838000864
-0.002585460305711308,0.04390315601965228
-0.015575224932269167,0.018260158664538846
0.018519612658599114,0.026473213563693074
0.027692797993361128,0.04150762209107875
0.008787721587817085,0.028970486603895375
0.016258828881528516,0.01645096220389746
0.03271444355509949,0.030392905762037726
0.07806912971549533,0.05744492025920412
0.01742112633389971,0.06938501022981255
0.0599985545746239,0.058483725444573725
0.025563113548035442,0.04071198292552737
0.031234114291652175,0.04661842158175854
0.0359591269171891,0.02575128206859726
0.06820261083265182,0.04416553840781015
0.026875097543098476,0.03796508372632128
0.02038184460679782,0.05148241027864667
0.06514623360020429,0.0400549955155908
-0.02899504560968165,0.018826009325751576
0.06583709494177714,0.05623228879349693
0.0957841219093628,0.03627830874714237
0.018509258585832175,-0.0017905012194292767
0.03411600847798722,0.03767865166357068
0.03869974592696064,0.05561973749232497
0.04269723339566327,0.06346787188988792
0.04969607302468078,0.06960211478168471
0.045535846632235075,0.03920662001152377
0.04871394796614098,0.03522535641976944
-0.018271709896586386,0.01003055101837828
0.022555576278546936,0.07031779888925546
0.02420247350354922,0.05371531151962924
0.07545619996877248,0.04765145903577385
0.015948451810145415,0.04181426710715946
0.05026227996181961,0.06596265546882041
0.03727084452914563,0.07203335786160672
0.03040122226592136,0.051912252636145045
0.02853349623771434,0.056041361435409276
0.0249119520982477,0.05218648202496032
0.0695413843720012,0.05485476823696655
0.022564757798930277,0.04051939471499758
0.0565932568592693,0.062319693407064954
-0.0020940366177968697,0.006576845188473677
-0.001369036381963163,0.005476990359173518
0.05712717731501935,0.04433998384543841
0.009118584900018857,0.014982132630544705
0.006289249497908794,0.04803738824000814
0.05660807473664795,0.03510408196978361
0.02990866473348065,0.042045836660956584
0.029995555733808583,0.03994543222889453
0.03145242324538427,0.047929845902981244
0.0013379623013125633,0.01357644122069683
0.04215924903824875,0.03776534182171708
0.04540708613349238,0.048288063230031486
0.03799359823955476,0.05805127891529779
0.0930854114974889,0.06610231198083208
0.06240089472151722,0.04012409814800147
0.07188715492209088,0.04176893157421245
0.047098859385959674,0.0501078082616434
0.06413018434042743,0.040937169167514574
0.06712729992098025,0.06057102545794386
0.04003400343058726,0.022539572513969548
0.07715755234447132,0.06798586763071501
0.06324417816290583,0.0491945209727417
0.03080265752169409,0.007354362029599569
0.09044815822655797,0.05052522353046594
0.03252650573845596,0.01953107214426966
0.04909583523192008,0.04650224175036756
0.06250191825890569,0.03387830752860136
0.0223481418494964,0.0211699149690171
0.05639242953691102,0.03727550249476212
0.02886297858008277,0.026723934217462747
0.028626851524100834,0.048542283173507436
0.09218813067724183,0.05718373299517929
0.06371165440789235,0.026666998037524165
0.05094485728927903,0.04671169016512113
0.06429378469903206,0.03684245796914159
0.0536713088273286,0.020035618085950974
0.008336616680549701,0.01861998120800435
0.006955908959163606,0.026984596337836883
0.04211119827648123,0.036634230582733567
0.04581565207437129,0.057397980724806966
0.03869004765555537,0.024094739926659486
0.018718877728771885,0.025079283226782087
0.01933037323629008,0.031219943584600948
0.051593145161975586,0.049671545115566554
0.06363519368815493,0.0707537762556732
0.01972107401455159,0.05210206834392545
0.047149521829292364,0.04017648661563424
0.08124256117921838,0.04287427139924026
0.03547499302386324,0.02525088094732813
0.014497352827840444,0.019565642873341716
0.026195342223182733,0.052804419531188584
0.049629249806482256,0.033062190962945354
-0.008129908280130093,0.02497490552190012
0.050415417817734655,0.061096879806950874
0.04560392282509558,0.05597574264306475
0.07448384337650629,0.04304557183125434
0.03555687365194675,0.03643609328210175
0.035363222622233306,0.03880643866939524
0.06656629938817211,0.05822605261584918
0.037483218367469234,0.05966690045791827
-0.0105300079763427,0.024265879747951982
0.03958570128540044,0.03180332252301645
0.04827050146529796,0.033624660996356345
0.08912014922721032,0.06838335397694512
0.10617699057238078,0.06031040418445813
0.003939525173622302,0.03810009179847717
0.12413405886306508,0.055559513190799256
-0.010772904665512112,0.04235916590881392
0.02552996304820726,0.03881003265841425
0.043645201336309586,0.027575838039068407
-0.03294901176504023,0.0003777855150487192
0.041945447385346446,0.039203746494710826
0.018208971519308923,0.0432166317203698
0.015445868324745772,0.04478843100277859
0.05765937786525725,0.022453752007125103
0.006144663493632449,0.04109590104118244
0.06294532177890999,0.05334924327279021
0.09849434898539602,0.05003847858403722
0.04073149705312081,0.03780984720773366
0.02473872352478689,0.054012037131144636
0.008432860277260796,0.025564275827620497
0.03133779839605331,0.041982327010982784
0.06305232162638469,0.045378165021457986
0.03484171710503929,0.05720222516701284
0.07045738405906378,0.05087285086003698
0.029494327424047555,0.05707299622671966
0.053653472084428125,0.050869856006864236
0.06383435934081708,0.06810336505735903
0.03357937586400266,0.041120263563203384
0.023194810214755585,0.034569750075057054
0.08966567042699375,0.066711441501036
0.06393931263926789,0.027805012805933914
0.06466887733266921,0.03679473237579795
0.028046714657549314,0.030598364164181643
0.07746570300731485,0.0366404804897377
0.03155195133739516,0.04333536173131482
0.006624075383899703,0.01572433077024415
0.025738919115521723,0.033884801227504244
0.06090883380013626,0.05477283372148556
0.08088776442121953,0.06149460778521906
0.07243609448320802,0.05202221346956491
0.09435946476207796,0.050920947468597516
0.030026940569900722,0.035570149327325426
0.009955599570668553,0.03374304772369914
0.06291965108066862,0.042333751812650505
-0.005459885458227454,0.026270646292411805
0.08239739630296943,0.0655016364162608
0.03414089812079558,0.037575186747138424
0.027600836155121617,0.02011525806483882
0.02763269540428449,0.05350972678648308
0.05019056389623952,0.04172853259742863
0.01645195453820145,0.059590878862369724
0.08195896609250454,0.04481953524501265
0.04887987760387326,0.04945043802816981
0.072259372147294,0.06266066991218754
0.06509998588813413,0.030382086288362878
0.017363130453616468,0.039171133186966085
0.06167320261297922,0.055217644346352235
0.030912659813042396,0.013311039112197671
0.04931330154017083,0.034189213464419194
0.025050827611217928,0.05572630385965506
0.04771251415988695,0.037999893501365276
0.04457252895202387,0.05896856903517203
0.034331368518893866,0.03613768571413118
0.05487902181827469,0.06190392457510673
0.0747910084267021,0.045658399141700445
0.03552969312609232,0.05345683198910142
-0.015486016564471572,-0.010700621787562349
0.010093807757452373,0.025819646703757835
0.0798731271299946,0.05591306754593717
0.02771534853723947,0.027728464420054146
0.05555878916256257,0.044299149346534825
0.0632082455993659,0.06822315340174546
0.028903703104311125,0.025528855446214773
0.00019758318867453203,0.003090308621430343
0.0673587656643299,0.029165640454625
0.06273133349041016,0.06850481101495241
0.06246134656409216,0.04586592096410328
0.047874188460041815,0.052063409302597424
0.03137691427191139,0.03966269351475177
0.06229784833733374,0.035683527670584185
0.0699635652287706,0.032565151239316754
0.001761567249183433,0.020783298024253147
0.061946117756854234,0.037146906269861
0.087058354280284,0.05723263997766026
0.07970944138677244,0.0536413068494319
0.03567352277245944,0.010695327273479152
0.04784497685944458,0.05489592803356444
0.0361681406582362,0.05754505575283472
-0.0032280249427069294,0.049044527562295076
0.07889403324014273,0.045192568111478704
0.011341099897625195,0.04212404274386763
0.03353042315765827,0.04749597970231856
0.029146962081340336,0.009684348370096948
0.030518697295638518,0.04536849012060483
0.032972906166050336,0.04540412394499415
0.0575749794909213,0.04496217656549977
0.016558715833367488,0.05520335482438453
0.013212825405683637,0.023336558528613136
0.02056393803662448,0.023970128253339922
0.04236664350420627,0.030028549599042866
0.017210602719167883,0.04702319492686248
-0.006082233658296247,0.024589855350936354
0.01564621217258286,0.015066958286998031
0.10802054690844981,0.06304498487629177
0.06557780754126222,0.036785486457925363
0.051814567220104586,0.03854554888738187
0.004802895565441971,0.03578664770277157
0.09728240001298724,0.05213499364176902
-0.004485238560762127,0.030668354004418627
0.04646475459250507,0.03693362716576276
0.014889339873982029,0.042984969149445204
0.06664631083755593,0.05881673024744648
0.0637528319497142,0.03124787452140055
0.041102270569478586,0.05997967771098042
0.02062362525140527,0.025069310830011494
0.053292388853969086,0.029722805709298944
0.07882981780267376,0.040158349542475116
0.05215284143671153,0.03551008128184335
0.009582757785510982,0.03967916020267402
-0.0003587798226414741,0.005314600979182967
0.10038883389814711,0.06781467470448821
0.01817234985518951,0.034015666851254706
0.04598808450570552,0.03603317389523103
0.02798862738424731,0.02791363205393351
0.01584765395730826,0.047595470112476855
0.011005343330946629,0.04394579752771021
0.0376378617377799,0.011001826776160784
0.04051771428110296,0.018472289935376314
0.07008129581197776,0.03959664359839514
0.04273987379395989,0.0667429609483886
0.07029236532158736,0.05675987606344824
0.033168916631287654,0.04271705640827522
0.09513286437808302,0.033263898781454235
0.0004056713407813474,0.004253251111096069
0.055818771425935804,0.04418015246028055
0.03555717609653565,0.01673897677163716
0.01551492819920558,0.025183218677923516
0.05373278108573103,0.02865567010662274
0.030234500786099246,0.026408385972436797
0.08077239410032593,0.04968938853523912
0.04345690155726398,0.025751635473288986
0.11519521364663075,0.06648717593294048
0.0622000047892011,0.06020485757464431
0.027496075208998477,0.03169887859362271
0.026791338108700317,0.026082201902350437
0.029927768272166033,0.0506155147513317
0.028618880324514928,0.021728993004614183
0.004816561902746624,0.028445322084245737
0.11058502768017224,0.050407195948795155
-0.005524240275634383,0.0240236580752141
0.010067579975737697,0.008512839945746614
0.012218806098598524,0.03357738375909456
-0.0011762545741964628,0.02001466192109356
0.024510607543097758,0.024155511063076077
0.057286502785990845,0.04876962883222322
0.03125358336456936,0.015788139077392627
0.12314785304411555,0.06264950952117043
0.09255517202704402,0.05613190042578513
0.08229492063927836,0.04033080661476924
0.03975039020426808,0.03767051642304372
0.04089591500931565,0.035390709649442006
0.09603482197252311,0.08302905805347194
-0.03506545019396284,-0.012067125695050925
0.06975885567955667,0.048774538460522834
0.010353032041346338,0.04703780563700863
-0.020584062985253698,0.027410766867543405
0.04665108186279204,0.04204262579598643
0.045718035391379794,0.04806465235007221
0.09180001509936506,0.06658049178340794
0.05066093690670586,0.0248115793464345
0.057893796805232316,0.03490936223598129
0.09019083441924461,0.06660592922598901
0.07733389223787376,0.03614190587232476
0.021702948562735767,0.04228756973964787
0.0485196851643783,0.054664704064976616
0.11218941235051992,0.05764040564226869
0.0401983657092421,0.03784127232559306
0.04574112603044316,0.031016377308874195
0.04629489460861252,0.029600402784592056
0.03894007699783008,0.02650681496402401
0.08865582724844182,0.05044310804525874
0.005590142501772486,0.033501413443373235
0.028301916265423496,0.021941678710039634
0.03614448342487355,0.040568203540507525
0.10417349644236845,0.05403776423091287
0.026614036959743015,0.06174477360969079
0.06828334027695297,0.04267950014868964
0.026094137981212472,0.04662482803500988
0.028720647541355372,0.05371012663082897
0.006481930633306274,0.03427422627178728
-0.0024567151317267787,0.03219067174457858
0.042832475446046105,0.06381294433380522
0.035243576106280365,0.050772821536365115
0.05636012935611859,0.022229416444920044
0.037395324053172155,0.02950008758694716
0.02698915172078639,0.018864309514650318
0.041459657519318176,0.042252421153616014
0.11708187549058116,0.08347389575824087
0.045234799277199075,0.049641774080266966
0.09271961112359388,0.07297548288964079
0.05647831918388435,0.04766556507805586
0.14107721363044567,0.07546375053117688
0.03903504800553512,0.057335968309099095
0.004321948111273776,0.02289971729671745
0.02496280125877287,0.015282611358282525
0.04747965980481875,0.06587976904812377
0.054163168189069195,0.04075311355757566
0.019269544954307365,0.03667965900445264
-0.010449320224122469,0.02582176441815974
0.015877067080020926,0.028556006387050546
0.07005892085530582,0.048806121834266636
0.027955378040255385,0.05506608066220384
-0.004163074404749126,0.01853582598181927
0.06045653049892806,0.0654359091820381
0.009112857452696252,0.047748482218056006
0.01124441523634306,0.01771021828769249
0.014266694850065405,0.01643353174129345
0.0782347861597226,0.04822903307442297
0.031519578994231086,0.03297999286994114
0.018008153353570994,0.04314179593771926
0.09113313404763812,0.05297116492450529
-0.008799216361790384,0.026426551688932542
0.08097680340368865,0.07009266951257025
0.032044808236690356,0.03740230285645328
0.07072285258464492,0.04758674183723126
0.0366278794626949,0.04128798574292425
-0.0001726365530816884,0.022149639777962898
0.04945107261213165,0.03252912242553333
0.014592888077060762,0.011231012485250949
-0.009749317719726456,0.03117530945275146
0.013450595314483345,0.038075007604831464
0.06971842989276075,0.04161222948355612
0.007738212024648833,0.04814309935398588
0.07419085300827587,0.05442487309635402
0.10625647733848481,0.05034195782192319
0.10940107706915943,0.08546302679502578
0.006907052477441267,0.02845263268344971
0.06295411143343799,0.027636994463485852
0.018884507740375443,0.02863456659191005
0.07703289425740992,0.05233595128804949
0.016181551436256474,0.021651308316635344
0.014453981173652979,0.023480737260279244
0.05463198923073276,0.0561729699031781
0.028986803171365372,0.0492233117413678
0.04514518923637624,0.032954536533301826
0.01921731666897842,0.04125892607500407
-0.0020473015343125366,0.053776010348660606
0.03729765476455156,0.028591463265431154
0.05223147118063194,0.03814127801388424
0.05121513371258157,0.02356295765166222
0.04366167340430991,0.04553181106164239
0.06481719769420613,0.051158644269997625
0.04749794306260391,0.02730047830312199
0.0227483987112846,0.027887122989893362
0.03710874763329575,0.03020077198628162
0.05327138177735208,0.0688433838285184
0.03734405888245982,0.03848274253401321
0.054379955597982,0.026354576236590575
0.07967135894572475,0.03210177811635961
0.0648479888087815,0.05289590820356438
0.04317978521799121,0.04221027721373036
0.011722998672632236,0.02826595382860184
0.025780785191394862,0.02984943020545397
0.01381171373106558,0.04519901395323492
0.07831531486894816,0.041152890162640135
0.056364712913794066,0.03940787676472632
0.035502112500605046,0.023493792288719485
0.052403993934826865,0.05235517238402266
0.019011699538296737,0.03624308438337861
0.0423426376177834,0.03081986207802534
0.06232482769115473,0.053130296379215014
0.09163366508889853,0.07416952920545286
0.006981125967625179,0.04234746368068308
0.049685495891479727,0.05252490148723002
0.011395988427193627,0.04320409888976291
0.020835247712321373,0.04810505140463478
0.02496310736788819,0.05863838517852588
0.010919890629170419,0.049672920496966026
0.03278848852470869,0.027437452967975215
0.0239144300617486,0.026100316793790084
0.04209851708524324,0.040678098610489904
0.01839229557429877,-0.002263543139019497
0.10578432840226615,0.05959593716779242
0.04820735697359266,0.05111533785328458
0.03744073599248844,0.06066403885720072
0.05290844795467543,0.0527741958499274
0.04048330756850867,0.037927522239375566
0.03134504736103547,0.05403411589854556
0.09637414885495164,0.07759795737220103
0.015638993995915458,0.027010220996128306
0.05485756847796246,0.029134272569118456
0.08745183228755189,0.04327466104584506
0.029572479362441898,0.040997887893088676
0.060383484597760474,0.05087154339147158
0.06620276437648487,0.02994731092664506
0.012470497981061288,0.01098019864478821
0.013013968792239004,0.019631702634718876
0.014722043366406017,0.032592231591200393
0.01915236661817754,0.038315451365553296
0.037979530548347906,0.03903208654748266
0.02657896692497131,0.023229486625741036
-0.03100963331325889,0.006273891748677739
0.0016030877088641753,0.011723314009084615
0.005667221382106413,0.01646860901327768
0.027731204668430983,0.03601878749207303
0.03116790583301121,0.03283504682816723
0.053009549771354685,0.031254532091500135
0.07592318427752631,0.05276037557790286
0.026749815619461183,0.02568201050078415
0.0445823567412657,0.04961240931969768
0.04757875757475644,0.047101193170247656
0.05924558489349579,0.06400767033123525
0.07458297495880312,0.04250185261439847
0.033608771868219256,0.037245988638368144
0.009583582940465674,0.06744215163316372
0.07279242049581305,0.022481226200701684
0.047245525846324146,0.04416408325724089
0.10884563216718915,0.05006133924524438
0.05346373408139933,0.059124816254187904
0.03388047434666978,0.05139878545563483
0.029469142726195063,0.0522193149981417
0.02204304673493938,0.014379757679190103
0.03373743816192607,0.03072637910868111
-0.012482414885902066,0.017707160573744916
-0.008642485683002436,0.002311191321157823
0.035544705090686,0.00848989825358206
0.04318031743928307,0.050801957691558264
0.03197515496813452,0.0402911063351126
0.04701656426708795,0.04951456840168217
0.0011102874238068886,0.038476639033779805
0.03782533759483535,0.04008524635381838
-0.018245970411208748,0.008133897216561603
0.049509215544058266,0.03512460047129716
0.07295349383751817,0.0722040687428287
0.02138755643203079,0.03567961479383847
0.04031382223910093,0.05911493533077288
0.0563742242763127,0.0481303323743002
0.06124860427153386,0.05177695725698857
0.04200842765173025,0.03656238927010075
0.09378682526272565,0.0567882882107807
0.012227920747323328,0.0033029018875708454
0.017721311239738934,0.040361577514576016
0.04563166919286631,0.039201492917834674
0.0750138242421111,0.056434564132789335
0.0925885620865723,0.042592207375771275
0.051074892857699214,0.05077124180791952
0.11049248423668215,0.060315850834325724
0.08369871793013735,0.07264994717242709
0.03264693310313345,0.034991773391933476
0.05712282190040358,0.056764280276623766
0.027717622937715222,0.0487828332054679
-0.016882605322312057,0.049995686244740274
0.08655179208146414,0.07429550365457849
0.03013896960970158,0.047003641981343505
0.08682731814838017,0.04437058376284041
0.07683895473137849,0.06176512407614096
0.05994856535003332,0.078098680143484
0.035581294313261735,0.045606087740810125
0.00950760535847619,0.022137100525889446
0.01886432027148926,0.030396611966313727
-0.008536446787668564,0.01408671715025436
0.01410762404217431,0.013942873578721636
0.1341379810687508,0.07538692097689928
0.012587498779587116,0.030256234136190222
0.08412055017239194,0.0507803396840165
0.01929500761763006,0.028822664812358345
0.08245058569406206,0.051749443334695194
0.05580663182446304,0.023154215968153036
0.06942517678727769,0.04963030904272241
-0.012095632363801888,0.038536576980322396
0.0753850312802748,0.06591643822478067
0.05003677725234984,0.03562546435176147
0.05384896002515309,0.05310000961950291
0.08027842454496532,0.06824755303394418
0.059753503911048014,0.05313091539445571
0.014227170535239853,0.03441697850294267
0.001481702648563496,0.04721573727344711
0.07129264034527771,0.05048387467727647
0.07935310564486918,0.058821215561589736
0.07391497951147591,0.0649875556317361
0.0055518011314403225,0.04709522181440777
0.02416626544588833,0.03817583968734077
0.060696540406530976,0.0504473114395228
0.0706400403454028,0.049400748979581466
0.11512253765548966,0.06200728316154366
0.012884600469139999,0.0243585967903593
0.07582305110754191,0.045290789826881755
0.027968906719295264,0.023421070303710448
0.08494890824369174,0.05323158860428977
0.023633034288173607,0.04124586244555468
0.06441046410869737,0.06904084357509577
0.04273903033483951,0.05727527776901012
0.028818118657594816,0.044282583288008805
0.08575911174354618,0.03875239549555721
0.011041019923455023,0.024468577585432586
0.04058424091566277,0.04905927558971981
0.05025815730186653,0.052795729297222364
0.08060888265132632,0.04086938164070545
0.03264523782230709,0.0324076952909957
0.053199286350574755,0.053251377761190086
0.0481998856424531,0.050283992782894735
0.057081094682447195,0.06577007082787335
0.021730970198700905,0.05081649006286727
0.04618609852668199,0.05296126107779407
0.09569533942430239,0.07526460998609048
0.07178079270297551,0.06946015143339185
0.0815845888180439,0.05605223613512107
0.019474420552292863,0.044906708134846325
0.03650985014635746,0.04266016106481493
0.043084437439683695,0.033675511829229905
0.04122949270791908,0.05046375418001449
0.011925972173750847,0.024078920058149187
0.07287846122167813,0.039514787414296856
-0.017363464843478577,0.00975134281919878
0.005924689831455318,0.01893514080656156
0.05291851859788865,0.04070440042999322
0.002253604986659434,0.020806547207929193
0.03932129213220348,0.03651402425096488
0.013676905889757255,0.049075700262867755
0.001810856177921278,0.020725856349526006
0.05927249207821197,0.06338117222884959
0.03582661925361395,0.049474279584062385
0.04116982368733421,0.04778205621909358
0.013432717813659636,0.024060025898712784
0.05306500392445164,0.027478776268037165
0.05112685188891065,0.041500241393850563
0.05348939792253476,0.046991269405473074
0.0496189862564857,0.04161423067858677
0.02103158994663787,0.03074895285176616
0.0661589784018903,0.04209622239942552
0.0317469759098584,0.027297562981638254
0.05418282271876816,0.040508354509936534
0.09930911672569867,0.04103684160615144
0.04243418758673298,0.07630586808767245
0.03061550197843272,0.049607640434976306
0.0056115713582299016,0.04930755027075752
0.0033453324292409634,0.02488560974708317
0.05721668051523661,0.051436021354519905
0.029503763041298293,0.03358762599106044
0.04746015430230047,0.02851438627262657
0.042961522617050635,0.04466435698168618
0.010801356529130023,0.02353110165748795
0.04431380243103376,0.055460693109406545
0.038569800962476634,0.06872747081332897
0.023035550908920795,0.002690238754226436
0.02766567968618146,0.06051230780464152
0.06988202147466833,0.05792566582585937
0.04500696814447559,0.0383806828430565
0.07064522542192253,0.06483768586010921
0.06330494847054274,0.03718463146507486
0.06887899412863797,0.04833042644861111
0.08784281174934434,0.058714098471985346
0.028950576000338582,0.04563445115176834
0.010866085181856366,0.0487758019184097
0.01615054474938143,0.003855797806247945
0.11959046814950305,0.053901379356353876
0.005614830506024106,0.02724903570553331
0.03397809761730844,0.04796346262578963
0.06944177362849285,0.04006861101872386
0.020582061496051827,0.025063187996533877
0.03489186015374056,0.03022437152780063
0.06258719210642888,0.0232548724147971
0.08725706857711804,0.04711842956285865
0.00791850609823597,0.02390469828794419
-0.009633239976162384,0.01808970285371929
0.024166695234667024,0.05870913497387154
-0.01185439631951648,0.007474431152083431
0.045237923409761724,0.034939974595262845
0.0281692904925308,0.022812794808795084
0.10205099317398209,0.05922386060739835
0.032640608983148287,0.030916716495459233
0.04133073106595729,0.03642410669363496
0.030577507567056586,0.026127651683103055
0.04932974844466398,0.04066183841722613
0.057754377684762534,0.053436201026670814
0.1105926912028963,0.06168442388530376
0.023181337688372286,0.024385096944580298
0.05813313476273558,0.03844448448726952
0.03766855495872716,0.05984729655250345
0.024198338091099853,0.024824888733164657
0.013175441158370556,0.04194132427646445
0.07957090752739047,0.05950521051214664
0.013478332334873302,0.0280737606225329
0.06785724890881067,0.029593335138419448
0.06366871115529535,0.048997831386733984
0.06388456625663198,0.05834417444084709
0.01318346960503462,0.017719542210174175
0.01220379974293486,0.053832716829483276
-0.03549548619718588,0.003958087662867777
0.05552938322069534,0.04087040629250943
0.056980428872802046,0.04678561811177241
-0.01614687599974284,0.018124090115180035
0.03849773130360748,0.05945247314649414
0.010814123172225791,0.05131044426442641
0.0424397865379036,0.05126303020377958
0.0048157140988289255,0.01349296880626308
0.055029269018613644,0.03853189379163953
-0.024855440637252778,0.0067070120446136895
0.04899471675645268,0.03398921918750205
0.02301264812600295,0.04901747031568378
0.01937329441450972,0.04200544600933902
0.08173656101635407,0.05960578061565654
0.043003750110338315,0.03466447735701558
0.07067042647230129,0.06482236944090788
0.05363258713670083,0.0528446145530579
0.0784497184582881,0.06196174484853555
0.05013132934216891,0.05012595836451426
0.03413833998444675,0.029387385738687467
0.0633273707634242,0.04131738868666133
0.015005464006154398,0.02969226654784705
0.04531401757449576,0.03299849604341775
0.051241978053228485,0.04622107847895987
0.02406393801502653,0.046326008134308455
0.05941352632246179,0.05968685681518944
0.10233241349455185,0.07722173325138867
0.030635360475587868,0.07046343383365607
0.007895979914140388,0.04073850958559851
0.03956866517535039,0.04675333545425828
0.06254251258953293,0.03650081041877533
0.04935385092975919,0.055082378744161414
0.050745659065681806,0.046521619095944655
0.09199266147087964,0.05530115171600568
0.033274324818756945,0.027215277885088932
0.04334170295233951,0.03301970051534471
0.048323916063225864,0.04987122118085588
0.004790328554762496,0.02835889687257751
0.05553255972858654,0.02178506283006411
0.04836461480118494,0.03468005731894417
0.04350639307148747,0.051877155545518354
-0.007735502228679742,0.026206653359868548
0.0722303900557218,0.07070916354471209
0.04102465236648699,0.036447290440508054
0.0372013428666192,0.037671786612591296
0.00018136006013881427,0.01343669272532836
0.013015279458979945,0.03698296351756545
0.06622800382452877,0.0586433125121964
0.06355136088189177,0.046945817357262117
0.05606247828403381,0.04136360569166879
0.02360321898920949,0.056987941902676816
0.01551011288172112,0.03262005893932057
0.036423694412798385,0.02534722840075782
0.12111940719695488,0.0757580539418632
-0.005882868097288718,0.019895294725549885
0.07360243733954204,0.0443541621350058
-0.0180442497145862,0.030981129868607814
0.01702135122319444,0.017991538621269614
0.036346342288823295,0.045202227394915834
0.014946990956340934,0.04164613286391927
0.04458674200682807,0.05546324019857553
0.07913530542277232,0.060578447404242175
0.0679205009397568,0.06316903249220346
0.025711495303699903,0.02300895636400562
0.08993390953986713,0.055800587122110216
0.012581725249477312,0.039924558282327285
0.08187139918446036,0.06127216683898881
0.08433772538811116,0.05855359698780664
0.03907428578298716,0.03440644234140749
0.0016904368970113923,-0.005481066790999651
0.08031091504825319,0.0443866471182857
0.03861699643195094,0.03500496219395055
0.08275406752244945,0.03624525507793598
0.06093052573787239,0.026430550312221666
0.0714158648656962,0.08186636918801805
0.09357726841150676,0.036853196382254746
0.05484090514412114,0.043545083279087106
0.02743726767068319,0.035403529291521796
0.03371731902165089,0.049595737597635116
0.0029511975779573235,0.03017399342206228
0.04938091205123437,0.052137537114887895
0.06227325208080249,0.03662850275517457
0.08001259802907076,0.03650992211205133
0.01850313905111905,0.06069071321461247
0.05611379589474149,0.05484049781023063
0.0654226218993463,0.0398384824058836
0.050116946935837216,0.05445528101605841
0.04327794707232778,0.051912629088046405
0.03785181275783035,0.03735948510484526
0.048803270133567736,0.07187692532816481
0.022186830905812506,0.03904230284563506
0.026234808269666024,0.04485846712553383
0.04499592931362262,0.0447258219372166
0.021800905006849704,0.0459256587971105
0.02061703989775672,0.02688234385740268
0.042759561472463375,0.04411773742203187
0.05804402083555682,0.03977803219948518
0.04701397110045622,0.01687385536897357
0.045169844732311795,0.044642379873907276
0.029161756638848495,0.04022890123804095
0.08721740630951638,0.05326045593393881
0.016656086282571488,0.03179317125033058
0.06257092823259222,0.03249052351285241
-0.006610125244007309,-0.003815426613763273
0.03266598903133182,0.0490895952038212
0.048173038085610714,0.03543363249016796
0.0641566271114142,0.02991679578900113
0.027953062021931426,0.00975636306066386
0.031212042656264607,0.04302648710828702
0.05962190034159684,0.022005354035495122
0.03301819297679294,0.04813822417265664
0.03536232748884223,0.046707607126821225
0.017537376669615582,0.040931955209812396
0.061320881978211686,0.05919402749256436
-0.01796613453107884,-0.0002939474519000969
0.00395440901034908,0.0515074865489515
0.041746087338945026,0.045141940148774706
0.028242452943216784,0.035951221411347115
0.011660162957832409,0.021231328880935693
0.043751764710462424,0.028007081565751296
0.0771025400374927,0.05193795199956787
0.09559314254970601,0.06089276071871331
0.01868211983698584,0.00393555454042065
0.0037441225198607793,0.029613822237384603
0.01267961430117713,0.04341664312290179
0.06343379683532281,0.04184872306082768
0.019201547821973898,0.03860813030470449
0.07214639816842053,0.05204046239374008
0.027160925377050324,0.04562987549030703
0.0129021623093846,0.006784391393659182
0.04650632831829768,0.052242893069627025
0.060693455511257474,0.046502885706684975
0.05552561101950255,0.05765253719472111
0.06901976385644551,0.07168805114861102
0.007557541327251238,0.04201871808054322
0.037762674942634016,0.026873351709575173
0.08753375004762667,0.0514298132931444
0.029307735674118842,0.025881051795793544
0.03811937403702306,0.0352094604413838
0.0014255853927347736,0.027139819779942977
0.05252174861936622,0.03593471852835204
0.05879203828791484,0.062451046910004804
0.07125437962984553,0.033498064629511645
0.0706996751257753,0.049802259819189884
0.07686302823379568,0.05845556730864969
0.05936262023597561,0.035421148610132326
0.03429017921061069,0.020660279043368035
0.06947986276641836,0.056669558168998754
0.05266068503930439,0.033689122115092084
0.056119901212465365,0.04513622358382921
0.01701969703485766,0.011941898954151237
0.0401430991757149,0.03920726159017203
0.0062357856605853475,0.022291593444276343
0.060017303141184614,0.04629074197890289
0.027163682261099026,0.054116113400074474
-0.004965500258948532,0.034857649803452254
0.08686477679015231,0.04128911329922908
0.026210431214878177,0.028824031369651747
0.039071077662532844,0.024267011203023787
0.0009281580205882734,0.005111504065438957
0.018239474331980036,0.037907953598437585
0.05281999002058702,0.04134390209355399
0.06133574080273578,0.051427466438054875
0.0033172755647385005,0.04661706326576988
0.005982347312315249,0.013305510924821797
0.04910222084141919,0.047463485019050095
0.12129132177554608,0.05479610124804764
0.06199650493727954,0.05327568447966119
0.050182738908620426,0.07240581134723506
0.058267073312553375,0.05492904290931812
0.004224765606283277,0.022258938485418957
0.03152232711976967,0.03520418297409891
0.013961757267222288,0.02654865024247092
0.06664397704542714,0.05540712397576928
-0.008753558579758677,0.009668190720197898
0.052226295249377955,0.05012626994996777
0.03596477004255795,0.029465477444134407
0.06169040031990901,0.046494179547723447
0.024514301116131218,0.058763394942950284
0.05689963536654016,0.06182865334183088
0.06995536165478555,0.046302968548700876
0.06323345223623436,0.04788020018695803
0.028798024548912775,0.03282094076876145
0.08772607816419463,0.0631426370463746
0.052684477513423186,0.05216237181658659
0.03644141607457127,0.036907870387188624
0.03966670958047073,0.039140863414046184
0.023520425996696626,0.017895557183665214
0.015279909866951142,0.02964956947913839
0.001947870170223411,0.04078809826633786
0.08497342974183109,0.0515364593556129
0.0821942837500722,0.07214892781171262
0.03467019274994325,0.05413147721743576
0.018197820357804532,0.02747159787652149
0.03813745999435952,0.04824956289609511
0.07079795893127244,0.041597754275198406
0.016147543761203833,0.03123841609877174
-0.002080663373437104,0.024057093083083462
0.01661900122890586,0.0598895092383287
0.0392107461555802,0.022804172417082387
0.00942902282191028,0.024995937473190892
0.08353999421740896,0.06833910957189845
0.008564741511226224,0.003878828824313632
0.002954606636730861,0.024454079967191057
0.08797892385581235,0.05252783404881462
0.041044808680757876,0.02495372029401228
0.09344734064017819,0.054722054609543914
0.05040229933720306,0.03894895602551621
0.030613988259609502,0.027876017874155265
0.014522316705738295,0.02169883460005361
0.07908873008683573,0.05423222504922473
0.05713078690214243,0.04367999336981197
0.02453106089436214,0.05495624164849932
0.13488332010310022,0.06458736053476087
0.01791910532066816,0.027759193095856616
0.05527036883186677,0.02829880758773904
0.03443232069465245,0.03526602510388771
0.13506625953517168,0.04773389135664295
0.020294194416131298,0.05413209767526343
0.014649838684324361,0.031203058557089946
0.07855103231868649,0.04116276856030522
0.05846445941306564,0.05783466797515201
0.1108988339261213,0.05901506812200723
0.05176343215796396,0.02833269269207278
0.04547378345547909,0.019335223720966705
0.034825642376408464,0.03182419061164147
0.01191861819479034,0.04741836624900658
0.013522239267750499,0.042317221980805335
0.11823187121529291,0.07193504368356544
0.08105841819107858,0.0675025077498401
0.0318132003742871,0.0634503183602979
0.017999090212272147,0.02278835303173524
0.051338847768331135,0.04161829919788511
0.06920272701479874,0.056329183669549435
0.08110705445987604,0.05458516017031256
0.046483634958112294,0.03517470800526856
0.02133733003732316,0.03545111235832309
0.026907883654386976,0.021336979741912884
0.07774101895793763,0.05385263686154745
0.0220256283028911,0.04269376592385064
0.06031789354955938,0.040118358268843836
0.055218760222592686,0.060379339637038724
0.027466113604406768,0.04054236784998916
0.024124164138284544,0.04355186712221915
0.027271251890236624,0.050163457723214386
0.04529592562682523,0.05521433704073886
0.05016159491801318,0.03488037646551993
-0.008740442184025966,0.03317005710547673
0.08858521474642272,0.04753346808152081
0.07851878702916225,0.051744686164353494
0.003562299434911034,0.01833389654841911
0.09227591606168181,0.0553161970846704
0.0024061931400753086,0.024233506429579558
0.03235457193396717,0.01386642685521254
0.03295235090983538,0.039687140664317284
0.0348162343160132,0.03750978167011721
0.0516707983389206,0.05072468788324465
0.07536796900849893,0.06172441286317746
0.08091795379932741,0.038866697677757925
0.014000401537861206,0.027263579674282244
0.028640981377629167,0.05146777973769333
0.04396104075587065,0.030150502330834987
0.0503746011188279,0.0582745108282265
0.027339582315601053,0.0329560180242341
0.019247215714220965,0.049950975461325695
0.040875328271662556,0.027322445697332103
0.06006760116879863,0.046833765058107296
0.0006844177223305509,0.04020996068248911
0.020579164789059193,0.05411973197181748
0.1206820918716138,0.04066058681790826
0.02321285171095268,0.025249512802277087
0.08791887584807108,0.05325761714270767
0.07794428500605395,0.05621180722030102
0.03259047071350484,0.046027612219853235
0.03227349052802417,0.029534416087322157
0.058379683208666114,0.04929785481471567
0.062090293805448095,0.035616655188036334
0.021550160568748606,0.05150165753867464
0.07868403929039544,0.046792969814914785
0.04245766767617214,0.03620279902803331
0.07739702671514073,0.022627908809925917
0.07156687174078223,0.05538392370945233
0.032930630891443005,0.029480276051508558
0.07431123653540984,0.03724543055263056
0.04105424175936697,0.04058693844652668
0.04920298952479689,0.036579709956136686
0.11762390971719643,0.06621598079926756
0.08317117386447763,0.05075094472923242
0.030778336662884105,0.04686799108700465
0.08411127816408409,0.064344703133869
0.029043424030732158,0.04707574077326378
0.0786638257453285,0.03548041061269902
0.056138901175776613,0.04614757101148466
0.03825746604823201,0.037870110435409346
0.0546439140089818,0.043123619728757445
0.10141503766194453,0.06891829352064703
0.07139987691279259,0.05313930561973452
0.031685959162928434,0.055838507298924894
0.07745778547687461,0.059183011154508025
0.04555106020669434,0.027552081860301714
0.048912946312168484,0.04555688143099562
0.025686609949111077,0.01822410460035706
0.03321044961342428,0.05367189054008613
0.04457924880322942,0.04497598295601002
0.08973996536424485,0.059259179398698646
0.05092239240379908,0.03106556323909576
0.01854223598940878,0.03014776602038134
0.047914143601509585,0.03239950440238225
0.009866328455681634,0.03030368999028446
0.056949560129995885,0.04165521481911376
0.020480677416948447,0.017541219468593765
0.01250157435465688,0.024086416065306447
0.06634438068718794,0.05081298616843935
0.07598187351744187,0.05610245710223716
0.0776250186036339,0.047608994192590265
0.04585194484721525,0.04711702005267915
0.06863142561662677,0.04190411868212503
0.05869294141622589,0.05901641365090253
0.004247383107441505,0.04865940031740725
0.005072998201897359,0.016999345336429023
0.10515032665506886,0.04738599970481222
0.06534532868447404,0.03934696204125644
0.006416319113564408,0.030182356766246803
0.03735176911526088,0.011703321495006393
0.0601910104467608,0.03351551649778133
0.04097091703474037,0.02820884272719533
0.05427177712321843,0.05898558643976653
0.009476149674399961,0.018882318049115346
0.032421019695303026,0.04054087278404232
0.04437041741354296,0.025696383816182812
0.03923811469719413,0.029386267647003042
0.09873495693156997,0.05610778719939728
0.016576531302924063,0.04067706409466512
0.05742605105053525,0.030081341836057037
0.10209267568479449,0.05059433035759683
0.0211488642799602,0.020443224110672526
0.054009020797387716,0.05707392530742687
0.04570433583087999,0.06062122566990162
0.08092241575232997,0.04096016262297575
0.03493960157903096,0.048197595506446964
0.07811040797869294,0.06749873186666587
-0.006801487269275215,0.0015872262576325097
0.0652948179809809,0.03090773382552658
0.010028681186333448,0.05911269140432798
0.036647427496144615,0.04267087477607123
0.012574750944909733,0.027245126340657677
0.08548737007014369,0.05024644004590001
0.04464729445300804,0.05824280756352316
0.08013301715350517,0.049704422552420434
0.03485222049911149,0.042718062113300884
0.029234286417264145,0.020209628737344595
-0.013438007263484188,-0.006430618506527248
0.06481175145912857,0.04753060768348606
0.045079497228142515,0.04493050007193653
0.0019384133022220234,0.032628557704328195
0.00917223674510376,0.036144596813148216
0.028599071744087805,0.031098156918786667
0.0430889705944763,0.020261737326038313
0.05734700144406928,0.020596043961096114
0.018283566840156043,0.035841946619606754
0.02783392419701142,0.021942412348429752
-0.02479121867744742,0.007667757716809977
0.028851518039705176,0.06549633346214555
0.069446553664511,0.04243020581888053
0.06171644827615015,0.05264550040980022
0.06604307785019642,0.05349156756141028
0.08498351284330605,0.05823923578347953
0.04069383144613006,0.04150014518775892
0.014469125914433768,0.03105657817690443
0.09134237476915007,0.05593884543345577
0.01932714259990886,0.039051796495139186
0.020974904841510468,0.014766032439184486
-0.0051193437244033795,0.01168757891901351
0.06500774668045683,0.06263046075064749
0.040811664082080104,0.04541244760127881
0.0380020154710738,0.031793422899181745
0.06132813355903362,0.04368858022683891
0.041745494218918336,0.049926247551120156
0.08153701617929293,0.06188429916870257
0.012640867483520054,0.038346584391596175
0.057793151420756375,0.06122434407480796
0.06307529505421924,0.03255131487299476
0.028748535798322015,0.02915034157910258
0.0897938232687038,0.05660522417906785
-0.009594243999268596,0.007420023891373911
0.1118499083781146,0.06047733212895185
0.028847552818931376,0.041418290243985315
0.08888107490737923,0.06571173923556113
0.05780617187619683,0.046102352672484914
0.03541535959139177,0.05205493489376119
0.06409667333096614,0.049849473440972236
0.045460899071396686,0.06893754718397299
0.035464197735355536,0.06165721294902783
0.06287274613748964,0.05104844593108524
0.03588961969362238,0.02976837496361614
0.08148527795377492,0.04261069458940662
0.006144427290205248,0.048931930160023215
0.06620134802092091,0.06202145540001666
0.021680652150769437,0.050060297264308176
0.0007965999066098558,0.02704107072946757
-0.008294106793424494,0.02641275490264975
0.06386026294613241,0.053914622620824186
0.05902134560689217,0.04140419893656404
0.06929198285301397,0.0698168568393649
0.0728837702569674,0.06723428716476679
0.0578038640050971,0.027874429155068214
0.05150621760448193,0.028597545427277316
0.061759745798477095,0.07422116649190338
0.054429400610077075,0.04252631575271823
0.036752290528423784,0.04777348761113485
0.02639922689753259,0.031667159913082596
0.06810807771220309,0.05697105125504397
0.10304163808550694,0.040902785692067775
0.06609217192321919,0.06636833252567367
0.05824042784071992,0.04936167554328959
-0.016437543421439785,0.01420536281969764
-0.0023061845662853096,0.03620204875371906
-0.012247762566240236,-0.0034758593248644404
0.03760586973275312,0.03496142929110051
0.012138721380373176,0.027340537456776996
0.03446796365842196,0.03751149688842114
0.0561426378244039,0.039941909541330776
0.06727742772643489,0.0363630631967678
0.06991874477962878,0.043832362583461085
0.0441536715893026,0.0448478860042828
0.034802422882768025,0.0474225070496167
0.03208750211181012,0.03531545881325057
0.043449443631592116,0.04313977607423933
0.013997980198619562,0.014743164950293017
0.04667525411674911,0.04902736157668858
0.09835330246950597,0.05342243054384943
0.046404036358976816,0.03744097009046788
0.029075941025248807,0.05495086006473807
0.060032542875977236,0.04710301218057336
0.03103532345571017,0.034566543675485124
0.031637509982108465,0.03928807348805592
0.01994703007975772,0.026432590858792397
0.0020851633547263257,0.02348693694923808
0.05210556992626969,0.06747326015707825
0.020228977101072104,0.030581745327363664
0.05305160615227036,0.05934207967229371
0.06699004183523992,0.03637982913223859
0.05089973666607733,0.049712338247365394
0.024777670963019745,0.028349378451019203
0.033496284945622554,0.03798920127393742
0.04379420841676095,0.055447345901348456
0.037506672963306974,0.04330822746764054
0.05824080923082606,0.030457203194494263
0.09871275693695597,0.06052858004829749
0.08059961753675937,0.06008145933345138
0.01195002472803871,0.03419558611179259
0.03256113911763939,0.03315877695040748
0.062308339144304205,0.04847364083565531
0.04605695972039687,0.053959438507798246
-0.02839177113674037,0.0036458232704569393
0.08672890227668784,0.06555370205364502
0.013930060388422372,0.021806983326239295
0.06282916256667964,0.05543908610003951
0.00867126138200509,0.002132906244366897
0.06855168736864198,0.04393311493761439
0.05607234149097455,0.044849166520470746
0.04626018382809659,0.03902199856503641
0.09318984450411953,0.07233041517379007
0.0814157985228856,0.06510288323641619
0.045823071658968345,0.0379965795545465
0.024347453868671362,0.03435639634856495
0.0553640647647409,0.045654762233856554
0.05153209364289846,0.04931556935195822
0.06072019329220742,0.027371758281771776
0.04820193430538806,0.04602727440325416
0.004579292068773807,0.051339065225189315
0.021528316289555063,0.03299404896349158
0.045219980528184184,0.06440913556933622
0.024653760903835295,0.030278060872899675
0.03597141779623439,0.04731981065212841
0.032766136166254095,0.049547810393047495
0.0008985468308270687,0.023620480951618207
0.06700999571435243,0.05852507986003804
0.041725379286452126,0.042460217060104916
0.012307615267815663,0.04014204016825931
0.008001255499176619,0.006020761265379267
0.036451473669967885,0.02050323520909522
0.013527759919438456,0.026904928378595296
0.08907821072826796,0.06440409743759501
0.030181153257832615,0.0382001258451826
-0.005583591994120397,0.012534165611834777
0.10402753602917374,0.05343611171754898
0.08108969872584881,0.054533457863580194
0.06816547978476196,0.05025374993982386
0.07775714595836673,0.039794042854422
0.016869145662546083,0.043471493522683875
0.046461225316847765,0.03881703816172893
-0.003866584269233052,0.013484760971585541
0.06490822266923474,0.042171551317426045
0.09186332104593523,0.055068521351934296
0.06939511549306873,0.07140169752754508
0.06809371507427518,0.05764786875766677
0.009703092038763995,0.04499072256096872
0.048876603209109803,0.05783141695748368
0.02209901169073705,0.04966036721840188
0.09943464874074773,0.06560307244905159
0.045623705304918515,0.04187376252826551
0.0398741979403936,0.04390574647072485
-0.001206547471905994,0.015109114568972735
0.06651614762997209,0.05609897014989411
0.08059384271737967,0.05006822929915403
0.02978852500812898,0.05147461133048761
0.009533490484118196,0.042734199719999526
0.0318084139797814,0.04230734297793922
0.0175392055358451,0.0413960824658275
0.030366145320508,0.010886323922834588
0.0506772549203527,0.03483573560975119
0.06144323454149303,0.05068972531500463
0.06122774959884619,0.0496385474604249
0.046859376657318354,0.028410831982912402
0.08989448303282441,0.06289672245678102
0.023818153493976337,0.01561951021046221
0.0560987036637762,0.0742077094459361
0.038534725190801845,0.06113189794575729
-0.015495805819122513,0.01347821963045942
0.01839152873091051,0.028208976303941917
0.046417421709610114,0.05227525577747161
0.08542241670994624,0.040133971301988355
0.02027715754160786,0.006906529808587589
0.06157954334896683,0.04919177422535694
0.01342132331104687,0.023108588580000353
0.01654505316267777,0.03907268047133904
0.03668589401858569,0.03922736738820959
0.06043582307942618,0.02067835912504447
0.06856251618045775,0.05276905208483991
0.04192043434270321,0.03989329531321389
0.011029575027961326,0.034266894967076855
0.0025579974581096884,0.025237358738473006
0.0046197111276198785,0.009256755015727109
-0.022577404017067856,0.00042009120755264644
0.018479440718504686,0.04064964752711496
0.08382081666301108,0.06291436797405686
0.026992204759711695,0.03938745583681194
0.04469921754074032,0.028054930988495683
0.06604395892707089,0.04191925300379712
0.02696811174448254,0.029805822748264814
0.029043414317811597,0.032229914154410594
0.013801838394512378,0.030449626405873637
0.09272355075894587,0.04991962558195878
-0.006532320213561329,0.04287000778465727
0.0908571940949337,0.06793639604417329
0.07923759201789134,0.05301332359589442
0.06392598751250059,0.0521185951801908
0.022962847136036517,0.03769826768248925
0.06295699880967318,0.021441146375775932
0.021208600421866383,0.02083178443601973
0.054348749412936256,0.065500974853598
0.06458120369833097,0.051777417445646845
0.04118382941687929,0.03455702957798776
-0.01437266159159124,0.004466328173831911
-0.005149229800659856,0.030538923691748366
0.07192194972745466,0.024361065753467755
0.05029051510115981,0.027367799894295993
0.03702162361894125,0.06641052292103514
0.007598649738386009,0.04414990470141988
0.07227984828042863,0.0466612067946399
0.06684509551054967,0.04391776143285376
0.06098730391526863,0.05189882876341592
0.03924025882382724,0.05603985649028851
0.03917188986349658,0.03558101923283857
0.02768151928155187,0.039330171750174905
0.010114002819354958,0.03873895330669413
0.05790816372930427,0.033972252311647924
0.03009948647440744,0.0483143683479501
0.052402412003153286,0.04429793978205519
0.10206065456029403,0.04708396559920627
0.026416794224046525,0.0169490583572623
0.05884800406148548,0.03265933515680197
-0.026995085816705643,0.011322099043501566
0.06545118785396234,0.04495957912766439
0.020125291192643474,0.030938751552739608
0.04969996036451603,0.05107569527519158
0.029832203498824716,0.043127476085751876
0.014726038526216182,0.024939115630279493
0.050165510826122854,0.05751720017758418
0.06111699593956821,0.05346979216737065
0.04150195139507352,0.044225568630747066
0.0010061269505138633,0.012837422004344252
0.03798391194686418,0.07094814458644946
0.14485445509044806,0.06593949407687727
0.02804386581248374,0.010892459688935485
0.07855219502180658,0.04252750798609345
0.08201329450467643,0.03175123878754911
0.03502812602526065,0.042861349944362956
0.07948755213486462,0.07003650929132302
0.019550685995202075,0.029389723844195498
0.03226532331914342,0.049683670397771655
0.07833749051428743,0.04259186416608092
-0.0013445871282680467,0.03816259859232554
0.011363568770772558,0.030574775781294285
0.08465742487448809,0.06359000174854541
0.09252407991937577,0.06353717104030232
0.08514596872605451,0.053736526852946276
0.009746997546744771,0.030365278612164853
0.009680581635351088,0.03359708335054958
0.0024681815990004207,0.03957647922811954
0.033462944897661585,0.042510411904283146
0.025474710900302833,0.031109588926142892
0.046502235785029364,0.039358139999227104
0.11347768791555583,0.06936081699184285
0.04688629573791461,0.06190851205015012
-0.001213317009393697,0.026793817149383236
0.08183907644655566,0.022153411312491066
0.020518129625328667,0.03967383612897376
0.09030518099274336,0.057318308928557785
0.03977706388340308,0.03484423590286721
0.00914222767621355,0.023123935921329858
0.08493096531044966,0.04277011258633568
0.04321506578301729,0.0228167385171752
0.0956085948538349,0.03877529335608535
0.02244389675669059,0.041180812149804805
0.04852004328828059,0.06021418827065003
0.013829731772119996,0.035302914479741335
0.09802848521606307,0.0635326853408709
0.07065662597801713,0.04130999074639792
0.03534716925815227,0.0366669452948883
0.07678513901844589,0.0731636121762003
0.05957571106667946,0.032282624597268564
0.0992460846639876,0.05052582463459381
0.0089599841977408,0.01303751251552787
0.05180736940671589,0.0570754427097765
-0.010292113161367723,0.031454953119292986
0.0690253200271892,0.08269310885976626
0.07628902968055876,0.05439106077135568
0.025333304037849773,0.008906956170974199
0.035094758840221646,0.046601454947379425
0.06712148108404664,0.04459659685792758
0.011988147451537796,0.013467964549426137
0.01626511840466255,0.018528614907677127
0.05250177196843851,0.05686035485362753
0.06702828094617178,0.04358724596621572
0.02563560644317816,0.029460074541442005
0.03033926939656631,0.05096575018964461
0.03528415035281254,0.021488306865532165
0.027181155667873814,0.014943886965723248
0.08168433022220484,0.07517109009784238
0.047415966643856,0.03681139560724531
0.02385391816269715,0.043621587144204194
0.011119469389852565,0.03301105280881788
0.03524876321408387,0.033211820816390555
0.06741719108894775,0.04937850449333133
0.014203333697884669,0.029030598262536823
-0.029593012155526358,-0.010108121433741327
0.05718864747625799,0.035612814911924
0.03212806862235126,0.04003439409329682
-0.006838017509110908,0.038745795739945466
0.06764709112208073,0.0365264559424721
0.039801849414449746,0.03643064942564631
-0.018893513065712096,0.011859067813705026
0.001867297607365261,0.02255818859650001
0.07421390139665904,0.04897300185530129
0.07370201864894216,0.04278563182609385
0.022797191265168187,0.03329338956993784
-0.012348565433437802,-0.004727615263049233
0.01924111667484081,0.029161582218562736
0.1146166398993391,0.05429769680950495
-0.012645066808568741,0.03652538098408776
0.0711055683156245,0.040807370495284837
0.016037814218467627,0.027436425453132227
0.06826934036682987,0.040695254976767556
0.07016277663455209,0.06480340604569301
0.0572672555592641,0.03406193205930098
0.0005116704134181804,0.040999109595023
0.0038957932384414973,0.02197543269632745
0.01930252892235656,0.024811995825312443
0.05251524409652819,0.04486140695733111
0.040893361719224225,0.014064867191416452
0.0770601038273619,0.03263023513468417
0.03355723944088934,0.031648106480349075
0.08885637213797434,0.04368620347506544
0.062286156598547394,0.044369869179823405
-0.0020786537225482493,0.024927428503256705
0.06216737929519785,0.06287205208994022
0.047372394521547956,0.04309044691142688
0.01742498841645102,0.059036594416216344
0.06051885417033767,0.026685102836275516
0.03862314523487481,0.045452510560691495
0.04111343570430698,0.054895040173516346
0.01972578582206648,0.0295652832449326
0.05727591162472997,0.04536622780487748
0.06504084514485033,0.07052789522968828
0.00825071524201761,0.041659584483579294
0.08178588599665297,0.04879020887624595
0.015307693082707966,0.014772251333846286
0.028596139219684326,0.027849412786306364
0.061485334018041946,0.035361949648710374
0.03696872622783587,0.0548778278375303
0.08063465853245,0.038801974756270716
0.06871293818762483,0.05359305072544836
0.008776797982510399,0.03835273948614496
0.039689360743904736,0.04900240931207109
0.06251784090793473,0.034843811981277055
0.027231263598255923,0.0388536462701798
0.006651402926590536,0.03880528108587217
0.0666041557950051,0.07741938572543752
0.047341294596500404,0.053082445858442934
-0.004914274470451507,0.01344944226623505
0.05259585927558885,0.03087155799698661
0.06937884424521724,0.041389288747203226
0.022545186490198096,0.04372662287373192
0.034206049079758674,0.04805516109216661
0.036726382742410524,0.037098684755083364
0.027544957902363082,0.061430458637020305
0.06968231451256797,0.04135854193315486
-0.011309837969472044,0.0013112484329676263
0.06565254919210184,0.05033023357575429
0.02337886443919196,0.05301944537594632
0.09159538139445368,0.03458230354493051
0.05560536111303953,0.037661231956717556
0.024308194544400738,0.02426835633077164
0.09998030240169009,0.03955485992432237
0.031232617033118408,0.02150554250064125
0.006544086126645455,0.040308882597941985
0.055255521475540116,0.037230254753290906
0.014790125302121229,0.020863040614066686
0.062290127284927665,0.046544046949248005
0.07728195304440195,0.03455882448018443
-0.0032894226771854676,0.028908733433591738
0.0407510068127684,0.04533024595373355
0.04340570539421218,0.06190157694696451
0.037259199900210295,0.036788881573531315
0.09050792263558767,0.04962385862315452
0.03497524497725123,0.027856992565274054
0.02306572551327314,0.023283706889912353
0.022737305596660724,0.033884517713046486
0.028264686195197956,0.028362592219355148
0.018768688746175738,0.01973269846509816
0.019364342178466963,0.030811454994887022
0.04423552185327618,0.04144876127052506
0.06074611684412204,0.05995859823577391
0.035698098269053395,0.01665207322684932
0.052956985042225124,0.039886493450600496
0.057941253831006206,0.05553546927133466
-0.011977926409336426,0.013675802198987444
0.044944474732787384,0.05901757519393279
0.037150016740505366,0.04032990556045238
0.028755779725345626,0.009497318699416621
0.03257321919591441,0.06111388412238356
0.08445693970711113,0.05612912402377308
0.06113324008519112,0.04981805843058012
0.03241769677733307,0.03404700851407428
0.014701821350747702,0.025560745422782777
0.018260122435293062,0.01675067860602738
0.05839292528468418,0.036965953645931915
0.10991986278246878,0.07346132463199492
0.03144396847017064,0.06181290626880031
0.027938731832971426,0.038227376243235835
0.023167278671209317,0.044195487290941145
0.11880481342539849,0.08514917376265016
0.036130902945110205,0.021343342232401936
0.07268056263713706,0.05828126154815519
0.09107146170232885,0.05701364691365164
0.04704007332352793,0.07400627790581675
0.020354090270712905,0.014245423999183222
0.06395176751352599,0.06353999935445209
0.06727304491407743,0.061243076829009264
0.06775663988465355,0.03156257812369725
0.04503062101005234,0.05187421196862052
0.07450784076057607,0.024417042288415354
0.05772133692729326,0.050298955549817226
0.12039644638689831,0.07234473514743986
0.05603050184286937,0.04027428575728689
0.0632572340239182,0.055006616854330614
0.048977383637638275,0.04730809584717499
0.0050804462462783005,0.010010644810468372
0.08524914503909234,0.042855581325002584
0.06990065677537094,0.04744178213159748
0.03472668718983737,0.05103259500078204
0.05153820640463799,0.04553164958524448
0.016747050303668288,0.04059903819348037
0.036660413273949095,0.05197768589591267
0.047978433660841875,0.031594208010839196
-0.00017322756382631525,0.018736188577836873
0.0916821067330966,0.06679385871738337
0.00440656539891743,0.036743331618739654
0.04341089697356609,0.060798650054667586
0.04121364509488332,0.04175387717845114
-0.0025453818979089358,0.005311167597016804
0.06970088889540273,0.05561324735450844
0.028632047432659936,0.044781590398941445
0.02018988964055696,0.03937768990839119
0.02443669125501552,0.03462046307256322
0.01929318307101174,0.020300331952659307
0.025753207334769893,0.018961836731614723
-0.0044018229832995335,0.016238173078602355
0.007947839927337951,0.05124289139677125
0.027801980131850118,0.04364900724862978
0.07166823060545259,0.03487335675595842
0.03384376762632362,0.030831280278217136
-0.011164971817175082,0.03738794856069314
0.05941760867515646,0.02475593184950729
0.010348792181064166,0.0225474458094477
0.018073318924098424,0.02609816201462964
0.04904479007072955,0.04945065981645519
0.044077836752426255,0.06203102970337195
0.05668470444558404,0.06920666651653964
0.022103314640964225,0.03306480369860777
0.02119507927474546,0.06420084774057176
0.07080206430326089,0.038569281031015985
0.022297643298972943,0.026248272056144155
0.08894970066691882,0.06396493278885601
0.015581944394337563,0.02473595121342791
0.014056937597956815,0.051570804279779975
0.01363544447267618,0.007551252381640307
0.04401097097950991,0.03217151548518968
0.03482643450628429,0.04263631295032527
0.04889224106022725,0.033489053559655736
0.030879761360697713,0.048778067996720124
0.1054987848649889,0.05268635093018985
0.038139070977183116,0.04059368198178084
-0.004311796821444409,0.01939774414221351
0.011865449970464204,0.03128156330864838
0.12511336284382032,0.06800696646083068
0.060519585876088335,0.04930182227569875
0.03431174311673792,0.0379520128789138
-5.212553180005894e-05,0.0171552756207373
0.04162130339450512,0.07201723252369122
0.07236385452179697,0.04839027371959251
0.04475023459510505,0.058869567052114005
0.11344553962542453,0.0877297188299061
0.05704414152181747,0.04872101764641322
0.02812173418626867,0.011927532034336616
0.025087851019355817,0.05007888180121366
0.02406380023300893,0.01462105395770872
0.04049011846549318,0.03858053268495326
0.12195128746454434,0.06460252724085844
-0.004464871589257649,0.015473335658659812
0.027575580900886076,0.03098736682188286
0.04714199657277151,0.05027027157298192
0.0193575027251488,0.012065115085151778
0.11643032665278553,0.04392740402069112
0.022226635425102823,0.05458572772007729
0.059505091295956054,0.04674361468928592
0.02211675004567571,0.01873668704070854
0.06347937882527181,0.03146052112613255
0.04560160346968205,0.026511456208709407
0.06936158201844947,0.05251525486837558
0.06201544045946833,0.022173691501565874
0.05571336093233359,0.055468625593614145
0.03768212288919662,0.034716721779212895
0.06654151633014874,0.04678266221988149
0.06570463598047142,0.035904521237558704
0.020794745581961135,0.03592701384148311
0.0549833465414877,0.038434116716209096
0.05765466860679978,0.03283708294634051
0.057730936768469764,0.03210263730277227
0.06357294701083237,0.04385282574015695
0.05299322411031898,0.04899359077628268
0.044888928895185365,0.035513528976097476
0.03700389775777976,0.05257244662968419
0.07232197697686214,0.04445614218941642
0.08893669691043378,0.03999561505184505
0.06222227746192911,0.03025763609511517
0.052797766467802855,0.038937483487832276
0.01865134092542321,0.04974284386042071
0.01495827887746729,0.03616443520765654
0.05777282742995111,0.04763182110115892
0.04014231317745816,0.04711215039395964
0.0732707196586982,0.04884032476768865
0.01564282888929611,0.016713321290210942
0.07725434555784581,0.047534593089765625
0.03799847821557295,0.04280529191240634
0.08911354089884439,0.04294878925153717
0.08409738932781809,0.07524045147556384
-0.020110530569366954,0.007445929186991628
0.019033191785998563,0.03869742322659243
0.07094805185261914,0.035709113720637106
0.03685210063638235,0.033558400246602706
0.039859604026071416,0.031442274704555954
0.03567898941229258,0.038476987391520175
0.0422723038746074,0.034044854017366816
0.019730506120221435,0.022099681914913686
0.04326211484166987,0.05120660136209924
-0.012135818310962557,0.018194622739333713
0.029251847167737384,0.025872925321777193
0.030091319875515648,0.0489519532855601
0.046648899500500385,0.03201935454355
0.08894641247685024,0.059103766296652135
0.048974592569430146,0.034851931877147344
0.003179471762418901,0.012353873784953173
0.022441523030482403,0.04052153980750012
0.04056611182395818,0.018702138876479205
0.013333020194725395,0.017903679275594907
0.03338165041447461,0.041145828108943544
0.009189333802210188,0.03589623486069999
0.03654777434749811,0.03175827389263244
0.07083241591091904,0.0429784357158365
0.010790390164538382,0.037608606553520205
0.020847968714383,0.02285039296321306
-0.004710972995041016,0.014674486079146402
0.048047539270144574,0.05879901870902792
0.040243496947962844,0.04710614455114344
0.058390821966594494,0.047851782143040915
0.04041234564337454,0.026421329197020768
0.04791026322404673,0.0386291188561003
0.01289119639669595,0.04035596001576372
0.020572317377860635,0.03523519726987771
0.08830949022051748,0.05852889162514868
0.06537417217298121,0.050618298005907725
0.06155191639706898,0.06564095881686377
-0.0032608238076156353,0.021710321514423585
0.021601642870155834,0.04593557974458781
0.03487287738331404,0.025909861571916153
0.02703380046076915,0.033262331727856746
-0.017291809615739402,0.012591262477970166
0.052381667775855734,0.0650762824679007
0.037678075016017096,0.05467968136619644
0.036180096321979376,0.05422886016329059
0.04504922665414511,0.03946061699142678
0.11279333318838565,0.032225101242475726
0.004355445344933817,0.04411407939608588
0.05152844069700149,0.047931458350486136
0.08253259417591258,0.05128251327413859
0.06858395528948047,0.04715539006335576
0.09627955636443905,0.042465511894554026
-0.022322809255662074,0.014415793556456308
0.011589139180347853,0.04040168882625917
0.005953339952154302,0.03095438307997901
0.010354565337225376,0.05015627507279452
0.03639192999668823,0.05423423194892664
0.07594889901667254,0.03326717822144112
0.01997314025951364,0.050600903931504196
0.015519719212795297,0.051510634028401524
-0.0008723708667738271,0.007185722528789171
0.03584296345218597,0.015361685799143425
0.001402057092606145,0.019992329057583056
0.03725850244085719,0.023278660196861197
0.08758849961045594,0.046328985699702674
0.052303647365835725,0.03624439086929179
-0.013731822850319554,0.024584987744924205
0.1459664066151784,0.051547023031494915
0.039937658141565954,0.05924170404271553
0.07341758724286213,0.04390403458511897
0.013635175345903267,0.04621221616394353
0.02996959207361479,0.03785186131854882
0.03645641720148691,0.027738391835725667
0.05188973351998227,0.048719991787369646
0.008673701620284392,0.009922870090200167
0.052876843528003196,0.04033747720486913
0.03174263230894774,0.025073476213301624
0.05818347883656519,0.03567758576485035
0.041105517781323674,0.03139874465861535
-0.023790289328017498,0.00030267589137795287
0.06473931658643373,0.07283966360481425
0.017298047103654703,0.04425464730268163
0.014314550402215893,0.03025360917908413
0.07452624733358973,0.04965887656756422
0.09391638185167497,0.0729040457583176
0.06988219703378472,0.03900355892261528
0.03539477747785135,0.01963155120822875
0.027904916056829338,0.014571617141763154
0.08239550357413673,0.04549726673116966
0.0536265561531905,0.05274763208700892
0.029331167871689004,0.05861411106363797
0.02451662585364866,0.03871075497411815
0.04988865520942112,0.03248411764594572
0.06102948497707032,0.05644249692802662
0.020940348439393207,0.024505046406124324
0.1004310583814842,0.07186846095132901
0.08576443874474729,0.07833914565541122
0.029029623479376224,0.0695948168442031
0.11094559990157246,0.06764637441923396
0.10878198184682161,0.0628057931825081
0.03647112624546205,0.049667974078153064
0.017519091935684405,0.03132784825312842
0.02853897616457817,0.03057945435509922
0.03776569415813674,0.04252195273218001
0.11176290224420796,0.05689055746696625
0.03951964947272738,0.04598175793323196
0.008924946887081031,0.025759570440569327
0.023996982845049364,0.04215217628344728
0.03880904261404095,0.048275064996922995
0.015545907967199697,0.02879539235585631
0.07618169472271813,0.07784871386628574
0.07281853714968221,0.04946051396601726
0.09138399404418557,0.05282596634468487
0.05285685317216529,0.055834713279895504
0.031174011984762336,0.050507764430955976
0.030485699756340058,0.03987849809320895
0.07337076876197274,0.03626561593203639
0.04993343973956936,0.0500978700433128
0.06859886565136254,0.0424703139901078
0.018972178872999006,0.037698915186684126
0.08239196953595157,0.0487054853521052
0.005954212062938931,0.02354124097203532
0.060848347364871665,0.0562861002357545
-0.0007003372845586645,0.016455768343521065
0.007197987114579698,0.020587390864227104
0.046070424293319555,0.02229942172129587
0.00909056295663756,0.009463452667324923
0.0873266664745531,0.07305986037172855
0.017864457342373897,0.019953227578271275
0.015418019391649293,0.03514985407717037
0.02641382023113395,0.024716268882731866
0.08320659642616945,0.016693788408100964
0.16549355469549226,0.06776703836433276
0.07281133967899095,0.04818247315611665
0.09301006013378597,0.056344457762561806
0.023475377974688724,0.037623579107190816
0.06135184823763998,0.05238145201875467
0.07923571027947349,0.030968546801384365
0.044224366631726644,0.07103589254188833
0.048035227110440885,0.021723077670263453
0.04090760862211154,0.039037110031321785
0.07156387790229463,0.04681005570687134
0.06526237097934474,0.051435082497328706
0.09321829471206522,0.05608832163784594
0.0031937945047443503,0.012403569644218331
0.055947321058780794,0.051651237808849254
-0.02353625664297307,0.032276032418640146
0.05612269413807269,0.02045765695547539
0.0532374615757866,0.03491962504465389
-0.011202557901692577,0.008741632428205384
0.09295308022831941,0.05820030931612055
0.12789185517581098,0.0700923694049129
0.07011801864923212,0.018335220692057043
0.04702785557267902,0.04446504834888923
-0.016539650878048,0.02730938321228052
0.002455663617406973,0.025492197528404925
-0.028414722931040276,0.014729007366169045
0.03962473977971173,0.039628534607862954
0.014835466457202483,0.01851479389810319
0.03962467114399611,0.040538086641320914
0.09618980587869637,0.04861537111133235
0.040860842170561434,0.037907876760792325
0.028145884794833768,0.054688328314678736
0.04329707083332,0.02267533365719873
0.05694777362634815,0.062217728592507196
0.05311801277050092,0.04376932462168063
0.07550721747204428,0.05781546736827722
0.06277680385320081,0.04780500281992462
0.019359987332802052,0.04398807113904393
0.024908134582452696,0.0345878350733648
0.005864909956601745,0.024790962736232235
0.0187118504054707,0.03995409211651621
0.05241892169491516,0.054315544733036986
-0.02387765012012194,0.02169024709959171
0.06175016169914804,0.04503653816160751
0.06929355750438376,0.051985053430370895
0.02790659782288568,0.01975923480660205
0.03335636710410565,0.03156528121811103
0.028137898277015176,0.028321309216665237
0.08618460964230718,0.02974862044680566
0.05111455702787535,0.04471325361997058
0.03539382413515495,0.044093748977346456
0.008218492969203971,0.005887484034779776
0.052647950084200944,0.04504493606702752
-0.0019750772564596647,0.03702188170761851
0.011157470877639108,0.03631004292901244
0.039287589734149815,0.028349703162891676
0.06259846951745193,0.058340992200700006
0.060805749092830305,0.03175207611844853
-0.0007967208445686441,0.027180215644592
0.07091322775812978,0.040504272702582056
0.029767533338611984,0.0604772744516231
0.03451936135322369,0.0540031530178093
-0.005548562246532891,0.01888160998779041
0.059424596014809775,0.03579336187589842
-0.015561941358990975,0.026364057616933056
0.02044642351162603,0.024014406646957098
0.018838520316596576,0.03661580487130892
0.06835643436673157,0.032514493993212254
0.07835668833065913,0.03198491328507506
0.005927995348506772,0.024161064873338016
0.03633623486804004,0.031107460407273843
-0.00021185682557250084,0.02981707272084048
0.029182652427219832,0.04188853061429051
0.06485280317897701,0.04724334907416956
0.05406130328188753,0.029235115598687956
0.10181021522679322,0.042540729206965174
0.10128624801185923,0.04452825595902645
0.036672555826203636,0.07500598865777619
0.05234740783022143,0.03445015731137162
0.04949951132612414,0.05646651618186174
0.040280329475994706,0.02588858522830835
-0.003525444947531463,0.010639450062738181
0.0005542960163065105,0.024086465587909948
0.06566797592856288,0.027327922684232526
0.07283886656039144,0.05248899640948752
0.09424186734360321,0.04131285421347824
0.008093016494288455,0.04314563142312652
0.03937057141667093,0.04768884662668993
0.024251942973219663,0.032720661929582624
-0.0007489742378840869,0.03350783004119429
0.0942649721236228,0.03839087689170891
0.057773834676855644,0.051917236609860626
0.08402529494527775,0.08452144426811715
0.09123434584763021,0.06673049028236294
0.0028651292770922755,0.032945787396502245
-0.008549801884679267,0.009943816779516924
0.05663155055912941,0.06856502354299586
-0.011370047740303042,0.021661006375174457
0.08619864000419057,0.03212616576311721
0.04227983562316654,0.034130790180191814
0.11872861671537632,0.0483031927428922
0.030717312585030646,0.011912697463696609
0.048556236119475016,0.04983264145202668
0.0724593501929596,0.057474166898359366
0.05676112451446474,0.04231680335432893
-0.012076857326131249,-0.005716917812524569
0.03452874166884089,0.04153022863288833
0.052276159087815015,0.014505785814573869
0.06847848746517446,0.04638119170336821
0.04351125303658113,0.06610493403066434
0.039343858183151274,0.0265600821078784
0.03286551452372089,0.04220020355185673
0.02201654064823656,0.01671429220846306
0.013542491376708283,0.0398720757566606
0.07619015955635201,0.02408020123708423
0.05285989016654759,0.02897231951482935
0.058349343667381356,0.032234662733334064
0.0818005468491567,0.02711173535679019
-0.007335533218010672,0.023357233186319302
0.041405137107928015,0.032033204704760926
0.06798527628559702,0.04077031498775949
0.02161811224676048,0.017806786538166173
0.025088102847780753,0.03460985214647919
0.10293786981563166,0.06357501398071226
0.0030787513220450168,0.015798383516309876
0.05486385415814882,0.07541260611377389
0.06394743631596674,0.056086817863879194
0.02148460741399753,0.025381488464222612
0.06984921504261099,0.04336315618922522
0.01242336165822774,0.029101339979384726
0.04256584712976738,0.06807514875549418
0.12083821228733574,0.0707577960472602
0.03734366750017591,0.02664061264236211
0.07003451028847331,0.044135634735139956
0.0633371975577652,0.048272727734299976
0.01117535376863791,0.031796262731346996
0.026013615531822683,0.0263408668982834
0.035993862323648124,0.01484659501466733
0.001121766689765596,0.026000696660350237
0.03897600829079655,0.039431140964876876
0.06672510269324422,0.034108243256502586
0.04184200278025943,0.07806076688861918
0.0655375529588523,0.05378762808576257
0.040015001988276656,0.043941607266303154
0.04782555460726716,0.04837983273136514
0.0064680877298625445,0.020412200074125034
0.019452813203158205,0.016829575012457573
0.053155724464292176,0.057530032653601314
-0.014373078554901457,0.026205610077074386
0.05413534347451572,0.0402337560552217
0.05097237847667901,0.042911553393593316
0.045130870085689126,0.028532022773419267
0.008944875088283476,0.0410835830985463
0.0009687485029314267,0.036305170072900725
0.05069547230908138,0.04444488273386479
0.038263254749356775,0.021535726368721787
0.0149964809970345,0.04861616307843428
0.03614735885656774,0.03986147115109123
0.018393907296708624,0.032418494407063465
0.03650821239227033,0.038040345482262344
0.03780715262341798,0.055949517332724415
0.013730329084918398,0.0024318639848410198
0.0655096933295726,0.0688249941897979
0.030615883779136994,0.013995253020326698
0.039835536937025476,0.034011163849734724
-0.005355557419342686,0.02682223998560111
0.0035313134986652284,0.051468673695696146
0.05535294749256715,0.03512329434682554
0.02779898503513406,0.017576416289033978
0.06728115569487815,0.041801751064795806
0.03547618588196208,0.03596128447715777
0.02931335327779988,0.04382586158605849
0.041547428846335166,0.01779550602898252
0.02213916500863166,0.04341432660671163
0.026891623049575812,0.03157732347851578
0.01788705266995564,0.024486912677329713
0.02067187051570966,0.03194445543322123
0.0015868691157928851,0.034881146736863614
0.07484281544210022,0.030054975876698975
0.03732002897484864,0.040213864826719375
-0.017368057292269503,0.02510833861680411
0.04963869185873984,0.04835724876371385
0.017783037121905945,0.04821660193116416
0.03565144133943196,0.027935369034677
0.05138318273227217,0.023594567622681535
0.04568422802143164,0.0500881804325459
0.08646506306215826,0.05325418322686567
0.06766176786043844,0.05140127456119966
0.08334456909579756,0.049995390767349934
0.054452607022021274,0.05332551110113003
0.10173821387438198,0.04485029530743039
0.02940242143001318,0.03981470073710564
0.030476292564845575,0.03208703624494891
0.022102580145557417,0.03114483619209328
0.053071270641904075,0.04160655405391775
0.05176148607235275,0.0542818807428356
0.07406911918536829,0.0691715178268093
0.10642306822661277,0.0655071083525848
0.02535133258586664,0.022002461015072042
0.006510059636381679,0.060626873589916204
0.04392610130762572,0.04924342438232167
0.10089041351515375,0.06720246030314483
-0.0012381610199099138,0.025177877612125053
0.10351448927581129,0.044168963818778856
0.02796477456105481,0.027959275437254717
0.014007593918901476,0.04657454673772795
0.03149037689622011,0.02286212020268855
0.04672726608937631,0.041237353335470975
0.051337725835760316,0.053006672354694244
0.0338228288052384,0.014771839633267132
0.032002213558035404,0.0335970651072611
0.05233974046151481,0.0399043258331607
0.003175489315197153,0.0178591720001189
0.02594480327549385,0.030642380091239617
0.07989069741165547,0.031348896555439314
0.028320129257346567,0.05068828942699838
0.08764000073474609,0.04251505755346913
0.00475119919062685,0.04617087049111661
0.012536236287688051,0.048532068765112776
0.02004227749619372,0.03925244762267476
0.020206150747859662,0.038748710915271864
0.08272364129719745,0.04330159253499627
0.0466496181771318,0.06767298913445512
0.039405618132336465,0.036962721163070415
0.009210710850765257,0.016628197491949756
0.020759693232959245,0.011811398140950648
0.033310040525361066,0.04252776620404369
0.017826630831979755,0.03974543648391799
0.031100484125231802,0.036997625738688054
0.07667665955487066,0.0586372346983729
0.07839431531293234,0.0658421283201637
0.07039494817653166,0.03698406462844851
0.04090229508690033,0.0517381270696057
0.08993683486930645,0.043041148962689936
0.048282340036646804,0.04957503778550079
0.06006646745601827,0.037282035794034676
0.12861283060975673,0.06289427403875887
0.08225821833665996,0.04366031815376574
-0.03366939551741982,0.01414682329711055
0.03141982898259772,0.03422737624058596
0.056590227827127436,0.039801998367013626
0.09493604300782371,0.06682277124824167
0.02832548889446492,0.042932508011299365
0.023111291600735617,0.03553185333510995
0.02189543822209761,0.03663409142228475
0.03189330856840693,0.028864449875282396
0.008235553844650545,0.02603111804260496
0.04935500394422059,0.048897701175746044
0.061237845046846456,0.06758225827864768
-0.010029675744905322,0.004440535347577158
-0.01211832922263486,0.046444437435591394
0.05200978721558801,0.034455413388189395
0.05137146556472677,0.04829543216325127
0.08055257445122319,0.08905516068208029
0.06203814062547048,0.05927882025902123
0.04882742346583054,0.034826802754757226
-0.0012651222917200934,0.01958879525017507
0.11127517995831172,0.06296269399015793
0.04591215667180072,0.04838051647395664
0.08205507951445783,0.056355341497357964
0.03779999557390097,0.03245473093582652
0.06367661991894036,0.029353842014004698
0.07087651592645285,0.04173921177523401
0.027967332896198786,0.04590143510065656
0.032101091294502525,0.021970790353135747
0.02672999988339147,0.05496049101874637
0.04035531622931956,0.044227241303835624
0.10913705021536653,0.0768226300413089
0.03752707314158249,0.02882135751370208
0.07991625096954216,0.07197006455153625
0.056703224268930034,0.02727345248852569
0.033439860800250014,0.057692342899515026
0.009431144269087158,0.037831755356920474
0.04647045879137631,0.05239414445889437
0.0648331352919977,0.029402135741763216
0.07456973819707732,0.043014405917275095
0.054427704977467545,0.043808816950421166
0.04599822653715512,0.0242459213373346
0.016098893117578374,0.03347933581413089
0.02517697818763466,0.057685343120689334
0.042728240714972894,0.05060464818635463
0.04114521277062334,0.028738249207783256
0.06729137375156957,0.045292453504494554
0.09143616358230423,0.04954118589632599
-0.0014070914861545845,0.017194947887415237
0.06038899407595139,0.03936253788522871
0.033248458227353755,0.02579703797247776
0.12717322273555556,0.07133407233209949
0.06144340889592432,0.04450413247341806
0.0526677783172122,0.041718094084245885
0.07639531256437067,0.05347214032577398
0.048212148362754,0.06388950133053303
0.04256180706890618,0.06346869969398608
0.01664696577709977,0.031194238705991535
0.06162486030754005,0.054697606549880595
0.013593300957902085,0.04215027250424656
0.040587650303017433,0.05021894833792942
0.03880427184187267,0.05365743314000472
0.04566760117913897,0.03645563295891508
0.09139079976644296,0.0500324912545623
0.04819182943989886,0.07633457699454543
-0.03246583498293783,-0.0106966032219011
0.016426094600261103,0.0099063401135629
0.09099678647573638,0.054506598764532475
0.06985445362458834,0.044304933031930914
0.0486805726193298,0.03197378776800569
0.023335221895691465,0.018070774481114774
0.0881650477535873,0.057928945617884434
-0.00576810699595522,0.03642702213273223
0.014467387266121194,0.03200779266001308
0.08165331884760485,0.09402565870806665
0.06291301791126301,0.06227611795867717
0.07270749863825843,0.0682055010355295
0.009197242266221142,0.027819101665003905
0.08848727898985709,0.02973000344038107
0.035370531774582645,0.032440277864125316
0.039238541506550734,0.053064418165152345
0.08564766582032829,0.05534801855549774
0.06424891669129573,0.042322109094348
0.040854353681096675,0.021149121990196956
0.015023577438971498,0.023392670602830217
0.07787797236907207,0.0695089676520653
0.009755160897317915,0.03487764866695543
0.04859873961343499,0.03639867025545855
0.05329510651160744,0.04832055218924519
0.04648228811716401,0.04273138856899479
0.08256124729123672,0.046059296957358324
0.04260091532884341,0.037214220109002605
0.042359766124571825,0.042446042884150076
0.06517256661714366,0.037372696245768014
0.017874944186140895,0.03307742637226019
-0.004180239871660805,0.03586245126044463
0.09997558654812476,0.05912735389475831
0.09553310365550138,0.05901495846107292
0.020373094381097273,0.00987840401380276
0.03533054432562688,0.03317971658846659
0.0979559620323998,0.06264639061083273
0.009201766870201088,0.0187334396640655
0.05809640276476161,0.06360202126776231
0.013321596150247528,0.021069463085137106
0.011513503528867043,0.023765787758050407
0.022466788032825792,0.023582082876035346
0.08568794752000414,0.035720969814865514
0.08874317990396327,0.08154254414189083
-0.007806425610235984,0.019017780176034033
0.015042580790055613,0.025243999203650815
0.08044408505616292,0.05910396543984717
0.0703286064874019,0.04290322294690775
0.04652817265397408,0.05611836640791768
0.040172292598998655,0.05607321056683481
0.05468383852424365,0.06850447251817304
0.011076289456638489,0.038227063466720224
0.020811549684367246,0.0345834150564586
0.08339444124999576,0.04637262428384592
0.0457043243899145,0.05162655507699112
0.022798383555576007,0.026238510579268383
0.04459096648120314,0.040404927191743156
0.06744046057213184,0.057307011507250524
0.022766801412109825,0.02263345554063081
0.03848298295356767,0.05582655519075483
0.014568561761966529,0.02677630507618367
0.02673988329333976,0.003138178109700544
0.035012335379229466,0.053550660263518346
0.024328150054415222,0.05722138431982243
0.0732186046756092,0.04478469044458096
0.04225562064955175,0.028232057274118212
-0.014497653918376551,0.02853173377192281
0.06651935885904368,0.07646859823310143
0.030146529814777483,0.04611456162957056
0.08378378896158949,0.04162193050465607
0.04250477246928276,0.0424944074599137
0.012261784948156593,-0.0027652877944838103
0.0694105627666973,0.026589570641284754
0.00712370446619787,0.021674155536654697
0.08010097223523349,0.051103038806277444
0.06146569011725312,0.049411008668902294
0.016034818295811062,0.0466597392694267
0.03902922078313081,0.016188399802162436
0.046185322044726626,0.03821916506948157
0.09274837833326692,0.04622089023079638
0.03469146332044327,0.025312955794807093
-0.004493274999030858,0.015606556831151664
0.028813259701078904,0.05031288780834666
0.015891812841203362,0.03226829552823081
0.10872254275720847,0.06853257066588722
0.024570318694060476,0.02965983594015658
0.06421616229213097,0.04790314208208157
0.09474748959343052,0.05304938469161949
-0.00670522716671495,0.030829839258428107
0.004062137270792909,0.0274678158791346
0.07580452497038315,0.04970043718658435
0.0751401857600166,0.05749508738234328
0.023219710074190266,0.06113726324818643
0.011155131890929433,0.04436230089634595
0.045386965381083035,0.027896705733652924
0.04194065649692746,0.03743248942986735
0.1082141165245634,0.0609687204717075
0.022382315078014504,0.032829388808441315
0.01710043105557943,0.03785178105989988
0.035324894087301245,0.07341269456020012
0.02530731136824922,0.025813694767483672
0.045532910609918924,0.049567677261866436
0.03768945753603077,0.05554087444049706
0.017884087170798556,0.01584379545204126
0.0538340361028769,0.05592067111935061
0.08123923278633774,0.042006195317468124
0.08877256720992319,0.03323227064491432
0.07025258229586673,0.041551381220943054
0.08339378951485876,0.09525979615505696
0.04065231120553428,0.027494721987255583
0.06408535682222424,0.03938592028004025
0.0424106896530372,0.05024272568149862
0.029378796182787617,0.03206440024479714
-0.003441274508262702,0.03446209087594655
0.06721173487026184,0.0366139418045849
0.10196505069771275,0.053486274428746025
0.047570915322078244,0.06348010958824857
0.1267101954634441,0.07865936206357077
0.03696936487588829,0.028959569573564332
0.010045062566910358,0.04121928863025781
0.046094320715667526,0.05731072557333008
0.023473616100264123,0.03648611303371421
0.07331640625852986,0.039366598263489816
0.11025941916937944,0.068408896846181
0.08572264797895902,0.0723784893980649
0.03252706172094566,0.02172697883403795
0.029807718668544772,0.08364086774025081
0.040548754266812925,0.031629260559375955
-0.011461066699825554,0.017564670714005463
0.05939972503099987,0.05414286851457889
0.06968931264544201,0.048447736342781766
0.020833514091617555,0.022018579106751986
0.07746983502677016,0.044405175552892605
0.006869883004835746,0.014206392842656108
0.025743192858064666,0.05320711461067806
0.038932835375840025,0.042560543265461596
0.015758775510714487,0.024160250509600203
0.021001158525432464,0.04100013913406226
0.010608794203399094,0.03913232000261743
0.03739226285495002,0.03357570327771422
0.138817552605795,0.06704040239550138
0.06087705184477181,0.042075984029732824
0.06357365022088313,0.039127518399499545
-0.0028880733065618234,0.021242517573864812
0.03556344194914003,0.020226818581164516
0.045512499239706114,0.04875913539561219
0.020998320463428297,0.026944821330192395
0.025256970197823626,0.0434097905113123
0.06572001814817466,0.06007861069018577
0.02098559840728973,0.04906803123170433
0.0056656057559348015,0.024584419982125252
0.058460176608281705,0.04484492579397876
0.01666336134004676,0.04180690377447046
0.0511849895612995,0.06109441751805312
0.02229755861031204,0.02567684397192934
0.10704052922083362,0.0786539310375512
0.037912253341954305,0.04076732184158816
0.05715805752141809,0.05976757670273812
0.03242053548036614,0.03181638178534243
0.08645790011173035,0.0726247892442572
0.024674324058825345,0.03567554194784933
0.0649316274463167,0.05067462125690618
0.09860785216150453,0.04908516212535112
-0.000953916461797993,0.02091535596540091
0.11147400859040305,0.06159990060021666
0.017260663646573964,0.024465708460978605
0.06603120084471942,0.05376299285198788
0.0209230019166458,0.016555304571240582
0.07611035438768371,0.04142730511293846
0.014192323512560206,0.03949123196656179
0.007338745845799579,0.02249456387032228
-0.003149538302585381,0.01159264021462518
0.10782558542830477,0.06364953564385697
0.0597100812353209,0.04199094609678257
0.04758093396143395,0.055427358583230585
0.03840376150327704,0.046560485462627685
0.04903544201967945,0.0413746566974147
0.09961378093740328,0.05600825339036839
0.07163921871461293,0.05628926744264684
0.03785463263487435,0.047615290151843626
0.007980845564338401,0.021375371300904875
0.04763137127481009,0.05425203564477833
0.03398218170028014,0.039252823544768334
-0.003376605325916106,0.030078463023093874
0.15717009032227472,0.05941637952936454
-0.006780925419636763,0.009561068877108595
0.07318223709205095,0.06763982025547297
0.0609572376771908,0.047384821488174064
0.06669908588799545,0.04386579623890112
0.04682762604077468,0.049753804620973785
0.02547164677229421,0.03576446156705858
0.08925731305035775,0.05842851859096513
0.012150015932745036,0.021612218632217524
0.03202935553939715,0.043927550353146154
0.02494551427088383,0.03966536697897114
0.08728855910983867,0.05900480329222682
0.019244868498426965,0.05164931039871106
0.07704145661463965,0.07812460769153037
0.042126489445040216,0.020367530462818296
0.05503454840989724,0.047517961187281896
0.023558586172566457,0.030232108134782765
0.12810916781443468,0.0715922995200781
0.059405590187266544,0.06024558022909973
0.06182153362364771,0.055574472404653866
0.08661207716203256,0.0498691540309155
0.05575521011484563,0.0305312483073777
0.06951216173862367,0.0457428164362976
0.038592732769357235,0.017329156660922194
0.0012403561986651032,0.041815916131206894
0.07616386471703174,0.06751322759751775
0.039861842634791894,0.04689849164407879
0.01798294593836952,0.026742247336854784
0.05226229363908054,0.05079527213830069
0.03058353692848515,0.05159626889595852
0.07803480569094327,0.05515414981127292
0.003117339455279415,0.0182713986096653
0.048259923110667076,0.06455475141006975
0.05519438645471896,0.04808510318819886
0.03445589518372944,0.03350523055481749
0.040851404686036014,0.04866274063281632
0.019529150951953796,0.039027476962314844
0.11914632165676427,0.0726501103649635
0.045929441567541404,0.03395928608894387
0.04609492746021334,0.04814420450568013
0.051534153326504004,0.05200331258730924
0.01165157727466405,0.05077108947876037
0.044634189320771823,0.06099069498734332
0.0564647467156608,0.0402272683293249
0.058204143476302594,0.04256293123194848
0.020260775567764275,0.02192813835112513
0.13393505135182995,0.0535444687226746
0.021853739829966322,0.03263787214524215
-0.031682555079988683,0.027970074553164012
0.013143159789660509,0.04465376461309306
0.04398536432370717,0.035230310700910115
0.021180515438876946,0.023838806816856954
-0.012260069035514843,0.001151004846819389
0.05234878457809113,0.02102878111131531
0.024677453354131663,0.04333148964507916
0.09324486636215776,0.0592296922606793
0.008749076998535565,0.05585787551044451
0.011016555333581203,0.03725012601117943
0.031090205262815484,0.03135185317194336
0.020853062284936295,0.03637085910174183
0.024862011254166823,0.03237164753574766
0.07102478732870925,0.05145935139472594
0.0724903269468992,0.03897700193900622
0.07599870120764297,0.04615791919416787
0.04012878092094967,0.051733591761432815
0.06083200532056452,0.06189959364922576
-0.001221597907816213,0.00993821580765401
0.04833910067849451,0.05425774939301641
0.032369523007390405,0.03425025169733086
0.04141646996456778,0.04997933396711782
0.03458306420415856,0.024748053488470752
0.04473079150547435,0.03438609188790239
0.038468336463185725,0.03665426587802326
0.11334574032295452,0.06655316741602972
0.0714391524659697,0.0444540638094673
0.028229056696529538,0.020145206037895207
0.004861689767556972,0.025767240901312282
0.02245507762235703,0.04503306004220605
0.02446414954193191,0.04141243385304687
0.0606294687922672,0.06880510470713466
0.043689216865861934,0.03499307241146077
0.019748558378500584,0.02202963392396374
0.04411540913736536,0.036097791510644066
0.02085955841560877,0.05543758825172247
0.030017078994449255,0.043823664985477656
0.06078295943696348,0.0632548545294155
-0.0008485520491248785,0.018991783257879966
0.006172844976599812,-0.0033908605515161287
0.09866766858458656,0.04709056028207348
0.05650053766724781,0.04443333798036514
-0.003840792661595694,0.03520185978131698
0.06910552841595272,0.06501451422389354
0.04909822682518909,0.04561557276008687
0.048835344732709035,0.036490711477021175
0.056374809778593465,0.03513739280643922
0.0454444380005724,0.022311685723149476
0.05166207830017007,0.03901011891482423
0.15986094094990266,0.06188598715648898
0.06445452364062813,0.042992292896802856
0.114748905463122,0.07027064523557819
0.01229182515342238,0.015355283362253128
0.009648501750018213,0.03702437062282912
0.021149304273881654,0.034197822843595696
0.03284771463684032,0.029389433319857338
0.029068437925298708,0.05490979491168281
0.06308531219181522,0.028326559658695766
0.05309293185824468,0.03885646130571326
0.051152675349658394,0.05524189325440386
0.056783354772043736,0.0348932370125681
0.06026846575127067,0.044770563621249836
0.03929007006369762,0.05708072390537865
0.019560052628809332,0.03836734585795742
-0.01486285182977997,0.021450303336383904
0.06986073344250578,0.03022392923896273
0.03521493630616384,0.059274277414047914
0.039237659604144506,0.048965492055318346
0.03497609017002577,0.03541754280105279
0.11029987226619689,0.08822978794579553
0.011844559866055187,0.042151793371237825
0.027704940421049266,0.0388008906046951
0.07499017012823463,0.05933410394940183
0.0007360386978330462,0.013708320744429396
0.06162329345242991,0.0528920802196166
0.06500878416525539,0.07017176154994847
0.015113327732402183,0.05584511252851243
0.017031838442527415,0.0475595286081678
0.02572103966475332,0.009301513256784192
0.0532454100315245,0.047773334280026815
0.0291672592902927,0.027676849428394656
0.05421021909914023,0.055919356864607944
0.06690520297922686,0.038787310380576916
0.06865283263263898,0.05977027174032527
0.021405062818043878,0.03149986333833171
0.024294742195527467,0.03766495454353516
-0.006857292239531888,0.020589291000323064
0.06315831808600543,0.062061579528517014
0.01854957654101208,0.02479757355195621
0.01391302582257054,0.029420101519931758
0.07668680499348583,0.06374743286554585
0.024174802676065733,0.014528716718539069
0.031875157443215514,0.03175978308646716
0.06313502656830736,0.06949298684438693
0.05159208035753758,0.02435988778719083
0.02527566689920032,0.027983761811463358
0.06727155415975489,0.06782105292624267
0.03969245548178793,0.04276285943348469
0.05957128815003271,0.02573124492199301
0.05492230123072352,0.06004168592007979
0.07518084704922051,0.05909494955380552
0.11638924583525806,0.05329159070680552
0.06865177873134755,0.04111236780001122
-0.011591480560577176,0.011417319384311283
0.05577330112059503,0.05988495145096251
-0.026347301233336402,-0.010314333522040788
0.04918636557586017,0.03851327562042618
-0.0033871050986084544,0.02832988933282566
0.02636396009937944,0.05767252539917944
0.007541002260569528,0.02838495904099947
0.08663226096496247,0.04764006389128398
0.0695090844544568,0.04597549706615939
0.004560149239342407,0.06138991706058182
0.13454814320073222,0.08450768094255935
0.12673196373021997,0.07055653915647292
0.013727039410476536,0.04104357604381937
0.09302003525704075,0.057560201709207046
0.03112999868914211,0.024538626063751137
0.07977913773333972,0.052543554057445194
0.05674792904488703,0.03065721696390966
-0.017778555938982362,0.0068281438903512485
0.060328722606792146,0.06334368507582824
0.03662532865641479,0.02494032136446102
0.06238223005164113,0.05103590911749292
0.07488890099159362,0.061882605437428226
0.04830029952842699,0.04265635415752218
0.016863282850743788,0.03245136290367818
0.05998154413905429,0.03634347829316423
0.04491057411968725,0.030705272906182128
0.04238424814267399,0.028384510819134963
0.07979031772760059,0.060303165241182136
0.05546768111467373,0.06346226074875616
0.05409019798496258,0.051525806332508306
0.042823218936228674,0.03549051238570378
0.052864903641702765,0.0649341376726068
0.014262084505055766,0.01725379191876858
0.05371227812253936,0.04959342570413104
0.015645827380262184,0.026571575257806505
0.038915880506713796,0.030948816759125485
0.0281550490481447,0.028410304618693764
0.046283571977818565,0.049871433408635396
0.06517387575444268,0.034428975568836555
0.0884575088207948,0.061509075280343536
-0.02549472425582522,0.0007090320681437823
0.03695468237737714,0.050838542918980406
0.027609392057426928,0.0423195569837487
0.08458811364868007,0.052020697475657685
0.07315089091357678,0.054750046476231454
0.04457713272167036,0.033031490556746354
0.03783314337466935,0.051505732472308136
0.0018407096965493597,0.034191217933532414
-0.011206223385862196,0.025203007873897208
0.056420605947836336,0.03226884029491559
0.017498738153366142,0.010365000415212555
0.058123638122722046,0.0525264610309843
0.057810760115724696,0.08155508494653577
0.051388669154904726,0.05364819380459553
0.0034507367117193634,0.02340792652308712
0.04949356461848656,0.06783551867967888
0.03137843104684965,0.04603119688517465
0.08067193244408602,0.07116667329701043
0.08084076745517188,0.07645265460625444
0.02403141454410378,0.046671695473233056
0.07115589860847615,0.04193142888683465
0.028801966130199648,0.054325372246241996
0.043885533090781095,0.04808857897538034
0.03468750186441484,0.0430471635910619
0.017608781363476392,0.03294644461735696
0.0780002522283306,0.05689400153402011
-0.004722279157793486,0.01639367794556083
0.05172699512584786,0.0757429431413011
0.0327681936884061,0.046537850581983994
0.007639608455765746,0.01969069863823939
0.04919175242711817,0.02815603223854105
0.05696257566320121,0.047204395826373285
0.01981372829398195,0.032877159472016956
0.014623423742112965,0.01930149345038848
0.05628414049365572,0.04451518623542021
-0.00924781352759727,0.012407545737749832
0.041925935097273395,0.055751606004371894
0.1090101949283928,0.04839125338127298
0.055845071810529626,0.05036735320353626
0.08124653291878536,0.04982840090693152
0.05190152878082717,0.03388675533537781
0.011513751273085751,0.038207356180947824
0.03108703498066787,0.050839224575475676
0.09134227891107122,0.06127302280505799
0.008652271105739864,0.019143355049593195
-0.01596839624020261,0.017469372135089006
0.08816287575619824,0.05426497423992695
0.01080006421436909,0.03871335365144236
0.03136518391767846,0.04422212195383341
0.05746186196303194,0.051662588198163426
0.04896709931628472,0.06361582978356775
0.04353735321659125,0.046644200611573275
0.055297325505677924,0.04635502356875269
0.035673967087862836,0.05004839913538309
0.08171022609901615,0.040411963590188144
0.04072408347761874,0.0421500604467607
0.01849954962346857,0.01723024442624283
0.05020671356920083,0.05669244345209421
0.10238496442536452,0.03556102965356905
0.030776732944883558,0.024129893099712522
0.03562170261482053,0.030043045682128157
0.10519154545206372,0.05940491945119073
-0.01410896253935401,0.018758786625492095
0.0659739494133917,0.037314895476678454
-0.0005671047749272427,0.007288771024184671
0.004727071184138303,0.038865321803288846
0.043986867314478754,0.059277671170300986
0.04430152961045018,0.039830889239793076
0.05789343204030925,0.02978734018865034
0.030898477869957523,0.04067995904528533
0.04238158324690444,0.038678507800967266
0.050586876679656535,0.03510264848390569
0.031098689634452982,0.0054182857544258795
0.05683778487244327,0.035113726320347594
0.05974411961791621,0.028887794078896602
0.0762468307344249,0.03021295643911873
0.07003578966232753,0.04833524549401061
0.014274648435886245,0.036833195019270876
0.11309600343415736,0.0518079695094571
0.06469351298751494,0.04191663085012273
0.006148880993858685,0.02458254708909081
0.048533661223074044,0.053918349026780055
0.07516924380760906,0.06825377203292957
0.045208694461350014,0.07448816101402178
0.05820416326373037,0.03778245048209209
0.02554618554764989,0.03558059507265281
0.021071287439190633,0.051296693159619225
0.06358460420377626,0.07054491257234971
0.03946047196645562,0.055514936695614726
0.00807795879559127,0.03008585674273253
0.07940857405669233,0.050333905788090355
0.07076623374721978,0.045978389614879545
0.06019115075589689,0.033150922253635196
0.04880894350099087,0.05940382675001775
0.04191554843713654,0.053118769601595395
0.10835583965460137,0.042902874094485434
0.10121102089146389,0.04373254278698328
-0.0022068116782151,0.012672827285528345
0.09765725275385485,0.03599210958700375
0.022020048507086075,0.01927778287436177
0.029003880555169725,0.02614673959851796
0.01396887546826242,0.030019524226269002
0.08495461269767847,0.06398932426797732
0.0027473473012591485,0.004567434938171079
0.030362304768934933,0.02250426357864812
0.08321808204801664,0.05285986783947326
-0.000551932703415193,0.009739387681919724
0.008719364101940883,0.04183336896184145
0.07728107083955352,0.025769515356058786
0.08048651773939194,0.04460952817221622
0.03631710542166283,0.05402803919447908
0.023248592816902655,0.03935875384209371
-0.007036210887882937,0.019596547919135635
0.062249486886760234,0.027276447480428137
0.0440306659503122,0.052119152890411594
-0.016785179143520394,0.00914729562018534
0.03469980728491575,0.05477190852385517
0.07129861891108798,0.04679248591765882
0.05338838740424653,0.026247681458156286
-0.02767789789923296,0.009401169496259366
0.04931805592855753,0.036571521941841025
0.018676312028040366,0.05245776316477384
0.024908397920422057,0.03924958630125721
0.054865601161429224,0.06857417399662148
0.0526048495630943,0.051951813077239374
-0.014932072066088356,0.020093834106340636
0.04044898931962878,0.055158135100573574
0.11583166234196361,0.05775496790183099
0.01754745558973244,0.043579229195394656
0.0036209671258090586,0.03397968641821248
0.060716006440139234,0.047741893331927326
0.05843042061547538,0.04331390414161025
-1.93401360290002e-05,0.019332587745199657
0.08345186360580906,0.03636754934434369
0.04648724138219467,0.01659950975279696
0.004118557987197714,0.02604838039167226
0.12205386972203984,0.06009385361045705
0.021733518143258794,0.05008399427047289
0.014874979459338356,0.03718682413944994
0.047111399065391996,0.03156923663276204
0.02862438267039575,0.04314836571979962
0.013229589233163447,0.05052810539766866
-0.005567529723751947,0.027566458865600597
0.04506093002813606,0.0255579643865775
0.015738570488290575,0.029453809565850187
-0.008926239432805246,0.04995630520705589
0.03804362295616348,0.05024683503321137
0.049970167586346065,0.02688755493968695
0.04736050270117052,0.07762830186836524
0.0007778666435260557,0.04060535044907905
0.1176051069960288,0.07564083646023267
0.058712306863080245,0.04390441896853166
0.05237702944050182,0.051698712996579896
0.07360473993768134,0.03636568111186587
0.09805059081140494,0.04837269717257948
0.015695187140021428,0.025123295918370692
0.05779047114955617,0.043883790165720964
0.07260674132924322,0.05290224582055976
0.03549122245750874,0.01792698113650793
0.024705306320558014,0.02776507894106072
0.0236731571232692,0.023752679895204565
0.06385733910564877,0.061018869785371306
0.026935007114539455,0.05045013018246449
0.04070246937267863,0.04124070364092779
0.055332301949285755,0.034816211119841844
0.06175934942708586,0.05467276283875424
0.08507002753782966,0.06687845197263215
0.017152931679357733,0.044911072701057694
0.056950140763181376,0.04697490738889935
0.06264167818333023,0.03266963447036779
0.03299926038918376,0.06281502359078873
0.042663885059112894,0.0352969102170465
0.01019594593654469,0.026862551196068188
0.055659086991250946,0.02633651800376452
0.03345536937842343,0.0607245465373632
0.005687199672116583,0.019595688005745016
0.11016090687178376,0.07763447910761527
0.04111565181161832,0.027529128413782765
0.06595646066613145,0.07215409728931155
0.07098313268803534,0.05177217035697793
0.024709979966175636,0.05632801432912946
0.04380476208131488,0.05147967756074184
0.042004108351289995,0.024484218441812557
0.0563982647750208,0.04292949384478597
0.035602845475524,0.02351232485131327
0.01765452999130842,0.03271537416931858
0.05786065215051008,0.05716153594394842
0.06641850406402115,0.04964875357700008
0.044945406783243776,0.03856281689345354
0.08013557142123347,0.03658952922105145
0.054774736811608826,0.05655937086944679
0.0501501650158952,0.04428730024368045
0.10176668967821799,0.043132953391509306
0.03778405365753632,0.058205115166224425
0.06408814683305586,0.06249145037268699
0.027002422970593593,0.031077254827153383
0.008281394110930759,0.026135125883084885
0.0717041737075131,0.050984123365389614
0.022671885023117143,0.017235186602220922
0.02784900226561309,0.04102256328170796
0.07380747018574167,0.06597026368107603
0.04127327820396232,0.052880453686999285
0.030482271455335476,0.047990024115647734
0.0321690974374633,0.03567456505702936
0.04621160105286608,0.06784063840280741
0.04089060513788716,0.019534899213012834
0.023908775996023587,0.03657473419892255
-0.008632654919623,0.01934382291069737
0.046454107249770685,0.05818816023093555
0.06643573813847169,0.03959996269851997
0.04514499958091611,0.05371502573931018
0.038399251293005754,0.02578418930285424
-0.012957787609422705,0.02901380773995864
0.032299902855468264,0.03749490833240543
0.10614894009427074,0.06453266473197766
0.04676763976599891,0.05866986941468421
0.051262542442802164,0.04771153662325571
0.04370800756782269,0.07130947206771188
0.03247856344278034,0.04035993425071796
0.03135618790062234,0.031755720710827044
0.05827196880069118,0.05045806361703878
0.06505277657483632,0.03184620077809572
0.12203425466065851,0.05914902556054244
0.03702763874402361,0.04232013066027075
0.0012231599375115455,0.03042586437626072
0.06570560411408044,0.05540509610339726
0.0499729555038765,0.07653380978186113
0.027551476750880835,0.04914155667790494
0.05663014154741567,0.05577612682681887
0.08310409537334443,0.02653314451852483
0.06392704734992019,0.029709520389504092
0.08131673946164482,0.04136902030256853
0.07326285276129763,0.0601952435109179
-0.0402390019358897,-0.009321702299000707
0.042077168042674154,0.02052056548144563
0.02650103025104593,0.026726454063118174
0.08726971675864399,0.05132732385007402
0.036020162004828334,0.03260697114147977
0.009275901277982456,0.026220691002665775
0.03771201177746614,0.04305187246011576
0.05816543939976127,0.04281224892020403
0.07304965802052223,0.026824346261538703
0.037715272118700335,0.047684842311832225
0.02986547623509812,0.035554253283712256
0.019467430699633352,0.024845695623562702
0.057414855874656716,0.05595888361359783
0.05352719294861265,0.05291829320432542
0.05495555320014299,0.05296077986746641
0.054592360852414215,0.036264337484341824
0.11452179498603988,0.06789146044995889
0.09192119663798426,0.048840784411623886
0.03676941254296145,0.03301261468433593
0.04229063185853868,0.0028377389054600223
0.06062228724927427,0.041798749303268656
0.047207411523831316,0.03675554604263732
0.012566768254761954,0.014980111822059487
0.023432548678684155,0.029433573854304142
0.06916887753132545,0.04932295664198691
0.004995175365409218,0.035829602329968104
0.033414885644757565,0.04763794017835139
0.07347442529286886,0.06448869175461724
0.032178570506638034,0.04385652397461847
0.09227010792096157,0.05374468723971381
0.10280390733438424,0.061148269454564134
0.046291814773202045,0.03543895253947721
0.09476361128664769,0.043210937723793696
0.0370399393982681,0.01852919130944238
0.056726344538693574,0.043183117153406614
0.027080867614644965,0.015178731366493035
0.02936444615997441,0.05162810519204172
0.09355833501102698,0.06334309299421927
0.020270881856926166,0.018019885627719667
0.022588913229532225,0.07229399656671795
0.043722508913267955,0.06761638959610375
0.0745356477211334,0.05410474231636344
0.0026872391772488208,0.029865262735884746
0.036774580313166876,0.01855975659494933
0.04743227739584167,0.0508373026120455
0.04677363008143276,0.03679631050773232
0.0617758138304771,0.0443815525017691
0.0211151711962757,0.03620316981103844
0.039029949619607526,0.03271545221916349
0.04409713190358589,0.05255051266268351
0.06275467566441707,0.046493784590481216
-0.024405002537957556,0.0010135765353187698
0.0713462938497597,0.05655408983947705
0.06082112896897555,0.04444929940067546
0.05999996981968357,0.050161736813670456
-0.021132116799032298,0.022354504282119873
0.05234302251372311,0.057012575077728486
0.06110685834202906,0.05507433144851849
0.06032375213676905,0.031267309680504674
0.07274450520400505,0.057007816979692205
0.027554759362394557,0.03642518961179814
0.0737410240421242,0.05179599401520121
0.03703325083699822,0.07953855000313254
0.0680764763928632,0.04360044654621485
0.03539215878214566,0.022178637749538502
0.007119763941037308,0.04191216537119499
0.025231989873956986,0.02674719289172746
0.00419174658865488,0.004594715468120394
0.008032520294535021,0.03649413940149754
0.07138871343725801,0.0643086385847506
0.04093449789891136,0.012487105911925388
0.08342243842802453,0.05234782865044587
0.08173785417890729,0.05910202610212556
-0.001350625892002356,0.016299914689194936
0.013835690977620912,0.008191152914223749
0.07452579743042367,0.055258095505052396
0.04789712980285582,0.053649690527671365
0.03542464606453252,0.04017246603987226
0.021580957273579005,0.03267760776639998
0.05997778971287593,0.04850919720401409
0.07247164696955748,0.05184130430002111
0.1294722608657503,0.06682716248942944
0.046216530518082485,0.041884227118793395
0.02685102052235801,0.040135588710449845
0.01430070241985662,0.04867678589316013
0.08485006945390497,0.0495610052993843
0.06276268544709802,0.04554687548273047
0.011892829703421884,0.02561976993121531
0.02882480376821974,0.026588956083738662
-0.011564114576861326,0.03069972859184908
0.04035096953114458,0.052202312636293643
0.005618886285469971,0.019315944187680748
0.06602813279583827,0.059766492979879335
0.04903399741952126,0.035982561185216894
0.0010400368399726967,0.006993635981616638
0.04897549540194122,0.06441805355037054
0.03377028291439731,0.026640393295538772
0.002094456272665536,0.016964825819925984
0.005952087674660479,0.018483365671003078
0.01612991705624331,0.04681971013122212
0.002940071399744019,0.022311280902239175
-0.006592923053590825,0.03677530678453894
0.052558697198827706,0.02978826624599624
0.003649403246261394,0.008758470724918492
0.05957385430035582,0.03078086068432709
0.05413271845649846,0.04677942025687223
0.07221232470270234,0.0514803773783256
0.047162905877569675,0.01929693290816134
0.056839303369982566,0.047736549179175816
0.039485290461895854,0.045219564654020286
0.025915817467820436,0.027253945470135953
0.03813186757847979,0.05514936381720669
0.0378374821595806,0.040872255158598436
0.06012031301068321,0.0659464338896351
0.07834662738290754,0.07341606547344734
0.023242373245769457,0.03652991335143024
0.012594836236155973,0.03166764212924923
0.13136788658359003,0.05472913851319956
0.1013522196589152,0.05165956482928326
0.03063203507029682,0.05749385514403893
0.08398271165724656,0.08666295912010558
0.06625507521684722,0.03978432529041115
0.12192831902447425,0.06585245831466802
0.032058338707852234,0.03466297573215968
0.04970749108379742,0.06505259884577397
0.07202890956672363,0.040959758287291134
0.05819428650376994,0.03127425410570889
0.04545197151040877,0.02676991581106781
0.02137300793636593,0.02326542704983641
-0.004562924325001787,0.0041579250486196186
0.01593149864381342,0.02273216402755564
0.03057074002021728,0.0363013268189741
0.05881536809604889,0.01930281806685605
0.05547415108352477,0.03863234351603806
0.02504680953068616,0.013139161363654244
0.049578628008892914,0.03803665658042524
0.03449795969574638,0.04396185967549379
0.029380356772528482,0.027345708851725332
0.017149794807080922,0.021716836784711827
0.07060104674198314,0.02944208489843507
0.0699328456049819,0.053019789645113835
0.016983672341847337,0.046719216236841235
0.04914711519018126,0.0424022553830844
0.048487682422185464,0.053629474632316175
0.012555029314186762,0.035806660453036064
0.07401255484630088,0.04145308864801255
0.09393658251641396,0.06140909149632812
0.011706969424640348,0.028206094112722208
0.03816826185355643,0.03548288092232127
0.06262423500872377,0.05377148267283649
0.06036745504296128,0.050601113617878946
0.0593790631365337,0.08259565240758171
0.10132621644856589,0.07311762957121486
0.019408640840211846,0.046372659540851194
0.0026971280738566153,0.03568442752356128
0.03320013380538502,0.04339101862876317
0.02087677878205587,0.02254735698735871
0.012907251585719655,0.014799423803559641
0.05267461725465159,0.04649002886599612
0.10501903967773007,0.08504608443171449
0.1124791536608193,0.07067806416769952
0.036912348548003925,0.04669031118025685
0.036199154803722475,0.05658955314135118
0.07659661043420313,0.04518175379672984
0.05421001798627782,0.07247948088389078
0.036134753516106455,0.049758284729148596
0.056578984777255405,0.050020056785409016
0.03599981993660273,0.02010343129781307
0.03671745131253437,0.02771169056683883
0.02277270673915645,0.04627563899133738
0.06073484715796015,0.05359452966788649
0.046179419394900376,0.052444924091528455
0.022743819860206155,0.03325498829717433
0.046962396420813554,0.03250366314241138
0.03961342991997524,0.03499352423764185
0.03271508679042118,0.04855560843991006
0.09692837485814088,0.044081194615369336
0.04389656354485934,0.020211132199932418
0.021091606416404222,0.030234041972944603
0.03436051642279781,0.030420104753245567
0.07005211405305567,0.09069756183789633
0.08004233158523272,0.06427236404002497
0.10418049508120603,0.06940852915676926
0.09325274246596414,0.028367956890973756
-0.009279393594559272,0.01726942120098915
0.10009343549673101,0.06594275255534107
0.034507878875569414,0.04829479022831422
0.03051607938036928,0.013960645125710422
0.056654041157757073,0.07830328684712921
0.07274551655463468,0.0459805192336914
0.02296001448797496,0.051376224267309076
0.009872476941728024,0.014938155036499146
0.09789278118883336,0.063771863245249
0.05405937732288963,0.02384935930238398
0.020203916100087885,0.025996858731526195
0.020448669019732024,0.024928816122991915
0.06863682164956379,0.04555459639521511
0.05190364324145265,0.06232477212480185
0.04528595960153078,0.0351037159068957
0.058293373969263575,0.0494127488629216
0.06116365106726279,0.038216679276614034
0.021528706458507005,0.009380735557545974
0.00030481900497641295,0.01586074782091819
0.07878932512541324,0.07004958366402668
0.026599413263532788,0.04638043783307173
0.04305719917660572,0.052653007619049196
0.020434014545624192,0.030297981500269702
0.12195423561657223,0.06631936398617834
0.04150186259423085,0.04393554416420569
0.052775257916531655,0.03990540022682357
0.07819083299573895,0.04947681059990061
0.05182730225954526,0.04589295322274312
0.0035453603511215403,0.004526533764210834
-0.001762996612732869,0.022366853748874087
0.023350272490251726,0.035234978130598324
0.03037063273519331,0.04176480653713818
0.022269192285807503,0.025457824168377243
0.07082751115752309,0.05540697084750244
0.04832142149611951,0.059795934493612826
0.015193068777453243,0.024913633764627692
0.06977343194984068,0.02869048424102255
0.023693369262745182,0.028151808000062034
0.015391893673651414,0.01700151314877548
-0.012374912701936157,0.014849824874517597
0.01204616410494792,0.025870638316142388
0.050169751860032544,0.055821490555504436
0.042033216075098766,0.030306164664676796
0.05542420812271628,0.04614383455614931
0.013988940838156168,0.020802062685228002
0.057506124011363416,0.06979249770992102
0.06004135080311145,0.0371687479426841
0.04681309499727557,0.04065140671930133
0.06460125171082563,0.04786230837912178
0.03682301380380474,0.067536394421795
0.047372232791665206,0.02951764911442091
0.036630105424077776,0.026919128373082638
0.04772688936368498,0.05824297827848791
0.10722276642696266,0.0727023058370942
0.061289762937960554,0.036142346297577635
0.013815217390949595,0.028013099213225097
0.034686523278107326,0.01893480018404149
0.028438262735764518,0.032571605247139354
0.026568661929958583,0.05062649957377792
0.039338420333896874,0.04304340211634772
0.012256486857895687,0.008683234310004239
0.015387739291612986,0.03825685188723367
0.053154913612974836,0.04464249664945785
0.029637785696304902,0.020796786079524735
0.02031618100296994,0.037006964367783134
0.03035853696146737,0.06374099018257642
0.07715606543802109,0.05517932014527141
-0.004023002819959747,0.0015710231555274411
0.0369890484823716,0.06459288975506956
-0.0059808436062864755,0.03361297568785119
-0.011923257139186991,0.038147601846923104
0.0323562480555389,0.02928697548220857
-0.002372460416533901,0.012902685842435369
0.06417080062920755,0.04128192679985493
0.04434320239459804,0.05233344618514561
0.030648079308721106,0.04511806099710074
0.03426559205577807,0.05081130703807492
0.06639933069790559,0.048589525310596925
0.06210224183693933,0.03962496783026196
0.06671750282856947,0.03837622515590866
0.035604561308944176,0.04019081496982576
-0.02711786003208572,0.01950958535418978
0.03460799888684174,0.06076187640419691
0.03685896409754447,0.04794680638615188
0.010118203603042435,0.021536964347549863
0.12371238301842673,0.06183067889280097
0.02168254974734712,0.02479901323422645
0.08645364185504703,0.06965669173257702
0.01843483120483719,0.05144945679306321
0.025009699975914297,0.04815179214039409
0.048649661183878326,0.06087312559208062
0.001636844829008657,0.026768141660801575
0.0377652118801316,0.03873204881656492
0.030454862552566922,0.05364044342542473
0.035959061920685716,0.038383708290515385
0.0717999334616355,0.06808172070898685
0.01794909956125824,0.03236557791600927
0.02279355838668111,0.021389326999257156
0.027559891261949174,0.025338371202275042
0.007605349028910992,0.03609777699976516
0.05658417520398878,0.04120759513539868
0.04445363451569753,0.04000685127102173
0.08482689424712242,0.059486741123285725
0.052916165860583814,0.024907502691552376
0.05842791668940321,0.034748780905219656
0.10490288854482507,0.07753401879379815
0.028654527889066757,0.009587376729542343
0.08264274527801371,0.038425676746010606
0.06652965346215295,0.043937704518648986
0.01761000578412288,0.04030842007239818
0.04586699123256332,0.03923689047879125
0.0405625831342486,0.03151615787637945
0.059671088927160824,0.03181147062497511
0.07469535993572679,0.046566947884363136
0.04571803118570325,0.032136318141778204
0.02277135423933294,0.022209565111607422
0.05491083337564656,0.04502506824653531
0.06516053452016271,0.0328926920108992
0.0911847391678907,0.046459472466682625
0.055769772456105204,0.037886624971378964
0.12350775481507065,0.07186984890054912
0.02018444108886005,0.04326901475955178
0.03481881843834246,0.03451775437197352
0.0230516692201168,0.056915111358206996
0.09369943111866871,0.0797074106742115
0.018751427706623705,0.03688380361497533
0.021874985086860206,0.05056615155310675
0.04413053218483433,0.05655339088874765
0.03471743473460887,0.05387275396317575
0.06026047868173069,0.054859756545510244
0.001915433278809552,0.018018856816962244
0.05382199172648014,0.04060585573891954
0.050704824307907306,0.051945847948261174
0.018243638313523942,0.026757474133576042
0.008409420256399219,0.01314805885169669
0.03958930549538317,0.036256754490475024
0.0232744008016122,0.01944632589895117
0.08230130551004936,0.05664579959822835
0.016619949652832658,0.025860390863535723
0.029518713999144415,0.019443856941344144
0.02167719384450098,0.023136707164210298
-0.009251549602065517,0.018972868370633292
0.010654633377354212,0.03497116993264676
-0.017394245409688786,0.014600223028501428
0.04412195546548078,0.05012466860338496
0.05819267080213716,0.05605241885183565
0.014110470289020674,0.020985708454292554
-0.006574098235848754,0.008619066424658145
0.034550495695085254,0.039767866598945135
0.02171027199355265,0.02215704874421983
0.049740693332917064,0.04033187877260322
0.016690391019716894,0.03160116265374192
0.029764946110190225,0.0161408990662209
0.1163550727199513,0.08134435174691204
0.053338576058035395,0.04306289878738313
0.037177276334919726,0.04714770283909575
-0.009888262063846303,0.002480721154360939
0.059568407162569226,0.027648669995827536
0.1230609207920016,0.06147690615124896
0.010187887062551158,0.016150806439952665
0.0812647537686211,0.08580923043328142
0.09139725464537117,0.054869210344512906
0.06605261690989765,0.03700642419424094
0.026908964284955737,0.03349406793010206
0.02880701380142157,0.045557707971970486
0.10850820824118329,0.05404979625866367
0.03168534618302857,0.03235718050487598
0.031714302610449434,0.055377840370167006
0.0284867150984007,0.0331048161737883
0.050538562091003124,0.05865374125712177
0.06210582850431908,0.06406287145028176
0.06276022125897254,0.0654946323202395
0.02621362975696602,0.045923696394783796
0.006853674897512173,0.014242369813343446
0.05118465141939518,0.03420961342408348
0.07802524316204701,0.05008564020526293
0.03339862414374606,0.04524770439073843
0.10984835493357867,0.06884825842878493
0.05540181221135982,0.03227823065219795
0.03374093176709822,0.03313215731687265
-0.010551042144356154,0.00026297904699329987
0.049399537717547945,0.07199257218548041
0.03217377780962587,0.01880415361738805
0.028623938491672926,0.0425034663786486
0.07576195714937274,0.06608724593143459
-0.005834683373323886,0.04448662705134132
0.025305697003914666,0.028687750668837914
0.023201108012853487,0.03440013958406608
-0.000833648005772826,0.0035044451547907394
-0.002649354686618725,0.0477918742921131
0.11169902524561469,0.049879498534234706
0.045280692269684245,0.06485710158929384
0.0442537481522154,0.04794684407005009
0.053054170873281174,0.04458113770400371
0.07582126097280441,0.0510057528096072
0.061928594061815154,0.045559866850595626
0.0032178572221710257,0.033854758116772535
0.018435768369495165,0.018746915018307216
-0.004002375351459845,0.018440468846692155
0.016677313672466502,0.061067606069345665
0.030163618843652464,0.048908098521432124
0.054666932039368996,0.03119144828813907
0.06825306751158441,0.052485611117457816
0.10654592788968549,0.0790052282291224
0.06480845411118957,0.038384572001651726
0.03943119476040647,0.015577967020243375
0.04591183963349124,0.05955150508088608
0.0567862334729002,0.019918833985343956
0.008909521552326724,0.004486556956411003
0.05943257803404048,0.057028141287543896
0.027923398457349636,0.014585889480775691
0.07776452288357961,0.04716072827396925
0.0329668696719226,0.04592592214379283
0.0820361485749646,0.05804336146988748
-0.008200660382771754,-0.0012841737987612017
0.029984745204795153,0.03670884930587279
0.029534089690793817,0.028960135733791532
0.049339062497575484,0.02923749999793189
0.0162301525690972,0.06338909883195878
-0.01606412773878331,0.017494328648368945
0.03482882661785687,0.03963614029597816
0.07456095014867832,0.0620579270396508
-0.008952278782838753,0.011932842013236286
0.043653293066412815,0.03246466817893001
0.05433113268554809,0.0417032965938008
0.03163558416383259,0.028402801951225663
0.01678963227636697,0.0346241793975127
0.09142619273667675,0.07487494827197616
0.052324936307867644,0.01256216176348892
0.022052671747640036,0.04987855327760345
0.016864802050053224,0.016573839136265853
0.08994988239196502,0.0639457074801373
0.012659487229642536,0.03985504497316215
0.05712041316545611,0.052994462172824636
0.03872607836359982,0.041719314505777476
0.01149398830900247,0.018898719873955867
0.010170986951715377,0.021117571748101405
0.012274351314241407,0.04019213809449555
0.09608221830830949,0.07854865639111744
0.006555976591598468,0.028740673443949476
0.07640597440482778,0.05805729503455553
0.005478553631803854,0.05362918740935063
0.07739290764002693,0.0691399994105188
0.048124100658789616,0.04565017092757398
0.010550326854519409,0.053964966246724824
-0.018335109128397947,0.010423291627237933
0.07129345412287794,0.06288237233558179
0.10440770040062254,0.06353122140252063
0.05905639031660835,0.04486380247982062
0.03500939893616124,0.04048760315315245
0.03288264415017382,0.05304754980397789
0.017910356385783907,0.027154686709082998
-0.01653346964501784,0.0042673577448357446
0.05386840396450826,0.053547068063543354
0.03730875206997257,0.011417133004055405
-0.017082840577515197,0.01586883379900629
-0.010365269374767259,0.021919182747683837
0.07702265556263481,0.058508003952578734
0.11366756935375545,0.07122114277742814
0.05888820784322049,0.04343309256256518
0.030886255936791864,0.04652779798331091
0.06387149228627534,0.05342108751112051
0.034086080844485236,0.05144890071637438
-0.0350765909892936,-0.0065247796116658496
0.049085969126472694,0.05629463385757985
0.10462717889012885,0.03806000435640945
0.03978923968870111,0.036933883481261684
-0.009913844337647127,0.027710296317876706
0.03604408432714036,0.04092740211361934
0.026740926713576398,0.016145162708351996
-0.004700289693014392,0.037207930522629676
0.055564080432364445,0.056593203579931486
0.04056837750465563,0.043238301214693395
0.06701426596804444,0.058461475017161424
0.010122534022905118,0.02822738435973502
0.01421298580103928,0.03748390762775801
0.012510066435864123,0.040446550425398006
0.032940501319939995,0.039920468705476365
0.030109027475250218,0.057323025425820434
0.03527313095146897,0.041286433767532035
0.08787603813891069,0.07334262761054437
0.09677814107661356,0.07216338221361329
0.02168527806600925,0.060312860760204326
0.06208163095796285,0.06332408142536815
0.012602622210572305,0.015614529708934214
0.030218376142319477,0.02499843360117732
0.053883787391833624,0.05244122301400109
0.058456996777065284,0.03572485163215154
0.060862979680430196,0.053905662212873004
-0.01157591384078488,-0.013611420794383641
0.03537959149422535,0.04617545234483686
-0.01929572880651302,0.004851478039293582
0.017462869298224888,0.03602895194048938
0.05054718761078417,0.0338364350462647
0.036858454970592126,0.043589233856807116
0.04731930495321103,0.053918798422635576
0.013689839116988976,0.053902873044291685
0.028523218590590003,0.0325203043742845
0.027660206032854233,0.06542349269803217
0.027778241742775413,0.032663840443865576
0.011746284740820869,0.022239420221078207
0.0191154725341265,0.03250945320503759
0.046180360337705686,0.039241899945663766
0.05073323322305377,0.036595969176452525
0.03587829330549634,0.06230934042806826
0.0227809075404828,0.043658662144513985
0.01157596573769008,0.012960337451554952
0.037992630435134934,0.034838382071254136
-0.00967312239239546,-0.016061283924918325
0.07331587274264093,0.06610660505519261
0.08730414117148273,0.05266859425979167
0.02725359178331649,0.02866747811522399
0.012349913477077916,0.02525995271798632
-0.00039804500722370045,0.030086593588002173
0.06784489050142375,0.05466493032509163
0.026053041748094433,0.04134419916644494
0.042669318039130814,0.04603027917940592
0.016479967380967582,0.039479278063559387
0.03559179861734789,0.05875720849373005
0.021955343281004142,0.02674132012181133
0.07023754742704875,0.06897345294052055
0.0186332298870759,0.010432555158408062
0.053009041873044394,0.027272959547477178
0.1215680763888825,0.07310779636295345
0.07272803784115597,0.06526275120798591
0.01662647834689123,0.02587437441260959
0.04635661607365159,0.028765940467190134
0.048578536366947936,0.032319025902860114
0.08740851368845008,0.049403200919330245
0.10565673563779586,0.03623221574771074
0.0004627986609976528,-0.009430366226161809
0.005328387539091716,0.04569128430710608
0.060409947329552224,0.06270220923664935
0.07847889815801261,0.03570765155811053
0.06266491606395908,0.05461554068438916
0.079139820023028,0.052339479763246946
0.04586769754979621,0.03995647076065206
0.0028766626910226847,0.01781090380018364
0.008830437508167827,0.018873052538909047
0.040476159738680205,0.03613318926436564
0.005827644232273713,0.023835318851626403
0.08435946460247516,0.06291206128558267
0.07982611578000459,0.05748382860653177
0.08139963950804777,0.049478577239292984
0.07461997786430281,0.017846990333535116
0.06132654083170459,0.056891441513648076
0.05606749649058485,0.05030025424348816
0.03591513813678196,0.04291314055849613
0.05999840195301447,0.06321569401422765
0.07229153881065546,0.05667303465421339
0.02341754402568879,0.05795788093462361
0.11275058727128265,0.04689528144789262
0.0702934773972266,0.02107424999630174
0.04646281421529439,0.04794350429194584
0.06594489490383211,0.04417500293516004
-0.015861444892388707,0.0008991263823341067
-0.012448784062640387,0.02660170705805643
-0.007366260740480778,0.006893680841418155
0.13597397022203864,0.04176274537759014
0.04219606020582052,0.021409100418679012
0.02058242119421774,0.026879461271991263
0.09194434199264798,0.06632171886529495
0.027612847336959574,0.027646186895255158
0.03537208011144116,0.022995777552074204
0.04194621780936743,0.03978811488343895
0.021612933330011408,0.04703147495097448
0.02382873270735981,0.04581392098252741
0.051070712534724116,0.05844680857249871
0.046637251863459774,0.031039999590768353
0.05115753743156708,0.05827567395349882
0.03923036509896388,0.023044747454631455
0.053961462959964596,0.038978550857148346
0.05505277965603841,0.04290970067672255
0.001718923389532819,0.04434881211604208
0.045742546276209065,0.0437348941413552
0.060644884076768865,0.029244954173044898
0.02887986711279173,0.021214929295741057
0.06647965475697998,0.0449979902866427
0.03489860845507568,0.015320987155405868
0.024550904929584796,0.05172476153993821
0.0377229071551469,0.04641036158765209
0.043776500483586785,0.04371447559388307
0.0377651959000983,0.035367518218549145
0.04290840431300963,0.04185862236599827
0.07610739197033586,0.05650092849506903
0.013743567502969147,0.021940524003972506
0.030805370395771123,0.04984383455949324
0.004716457639995331,0.022702673805987433
0.03066272431660062,0.05841300115294194
0.012997988296436004,0.02346332179260928
0.0460648125971867,0.01667020899161341
0.06650790325214923,0.06053451959303455
0.030994269383633893,0.061963084153043496
0.013388325132557667,0.03176952760551826
-0.003998068657229248,0.014493187372246155
0.028653539910580846,0.02507018967837305
0.03036290681707614,0.012051041280954107
0.002302640048616498,0.02459157281160436
0.0648600654224808,0.06706927548688144
0.015016202378594795,0.03480778098012893
0.03478707401806367,0.03676047808815772
-9.180415016236975e-05,0.015371905333179212
0.03027173917554786,0.029466446145190693
0.047293231169895804,0.045712304758178834
0.0651260704293976,0.06550976671663845
0.02513363404207938,0.02789300878704935
0.02166757283836583,0.027670812638088835
0.057402912285132696,0.04996326933515335
0.024786084870618747,0.025194964214887164
0.059194632738781325,0.042881267524683755
0.04927276467945425,0.060020695486405186
0.02829798939805781,0.0016905613153172933
0.013096372759093361,0.028014813826200368
0.037345891026539485,0.024913863122885307
0.046114299659511734,0.035149822943883996
0.011422815107648506,0.010074425683078347
0.09202847487984285,0.05641881063334116
0.04399534243092723,0.05785864067481827
0.071911968942903,0.04816973321954707
0.01651824548685769,0.031020073537335897
0.04774046581437203,0.031411485049740985
0.09002673057762733,0.08230034604631153
0.016199163960170664,0.024387747621677287
0.0518057567636479,0.013185490904561574
0.03410326917302611,0.04751597221934371
0.08850230559450895,0.05263457051623806
0.05700518701675183,0.06666471294242073
0.038386590646721654,0.037180968719834055
0.07382953980984822,0.054422112761265615
0.040121840091551564,0.04572023571595062
0.016258018307803615,0.021693675890285317
0.035641501011188584,0.05926271320274887
0.02218064280800071,0.02799278656108821
0.0367964333437354,0.02729343855281324
0.035902021266798145,0.0361858247040263
0.09571684555057919,0.06279321751397612
0.08089699818346513,0.04748001937597381
0.05722273466194008,0.08026874117644307
0.05707687861809588,0.05896591943318448
0.059641039721309144,0.06716989119134661
0.030678745223814044,0.01700247282061209
0.05605529116183404,0.06383818645492252
0.06074353243513181,0.05072642104957493
0.09560061641896327,0.045047035050898854
0.04749523040407908,0.029414552261853612
0.04106335061160611,0.07542098035757763
-0.0010376988884996628,0.03298990314266897
-0.012454125387284992,0.03260860021589723
0.008811804294976824,0.027318514007640488
0.0809550757854801,0.08035027004884938
0.07347811810179303,0.03995810313352414
0.07728874064381508,0.06663083618343497
0.020808331686662785,0.02457325829897493
0.061098763767267986,0.05886385078778467
0.0818821362088985,0.05237802788091019
0.05685363362782388,0.030476488670266845
0.019375587909828733,0.03222956862911949
0.01423885028766424,0.010065774247391635
0.017660822587625608,0.021541179715911515
0.08532318495219014,0.07286199996407958
0.05514825967494359,0.046015089309424516
0.030580355470853433,0.05656477747810351
0.025357014920241186,0.038571126744606984
0.01394179369090338,0.03309829594896917
0.04373034789508606,0.06264228665387549
0.021360958871540995,0.02836326241532256
0.040181250402427204,0.06259227987934592
0.02942870669246991,0.022170053255923947
0.07872240212335088,0.06279799614355584
0.09462103250884045,0.05507812814966342
0.0800628927103187,0.04064123207754734
0.0734006652049945,0.04521186871453674
0.04244642243529334,0.017444786439125802
0.05711481903255699,0.04653752670934104
0.03986594533431287,0.027634619444815593
0.012593268575791626,0.03903942811183434
0.046229087345748036,0.06429458643390255
0.04434140499663357,0.02920374647608765
0.11796114650987836,0.06451728450671974
0.06792074916131953,0.06137153875966023
0.014956789278205207,0.021014578674834188
0.03273714876073752,0.03924230867093875
-0.006101520725143713,0.0003896641240880806
-0.006637193465750965,0.01776590647339421
0.07669469168212943,0.06283233454010195
0.08133986705017315,0.04031101868067679
0.010869793668932752,0.030930105607255412
0.028556785614782025,0.05479656666289605
0.06365574701954022,0.02664851773877868
0.06685723220493552,0.06570786543466793
0.019086023456582023,0.03818719377749654
0.043444207804317646,-0.00014403035080415294
0.04399242662098586,0.034709114402036265
0.0009676711890781774,0.03259949458231374
0.08989072483064399,0.04177044871211413
0.04620519891351528,0.044795402471217285
0.06765470659732475,0.07983571819568167
0.01992751196806269,0.0377924116844496
0.04308546963811852,0.03470308964677977
0.035109181414528054,0.05395475877739093
0.08055024364255337,0.04857748390420935
0.008523901444809214,0.02092767942087796
0.06412024135481677,0.07449218894500573
0.057717459722519515,0.022415697356823673
0.0036894967320500113,0.03677699522188596
0.06014562611111568,0.05898429248438957
0.011071983669201554,0.03439821954466646
0.015630293218817096,0.03324428217534854
-0.013841063616285496,0.024298842445729656
0.032114753641687074,0.03422015944839248
0.026684940382058132,0.05397749707358289
0.03257364455427255,0.013750093795275028
0.060614185867399736,0.023705634158157688
-0.0316209426804043,0.012389436698302258
0.009076859720908879,0.01242408832452449
0.02619293574702592,0.04392779266532855
0.04964393037879961,0.04838053580408714
0.0396238127128748,0.04685914852113664
0.07421532074267351,0.027105884827775102
0.053828709106768624,0.02968402864024909
0.024312699186444176,0.05067424500676955
0.06454072118717502,0.059851160505484696
0.011765260806299851,0.04043813145104028
0.0669355204976032,0.028163479574022546
0.052489025532018535,0.056610241536179724
0.030690218521633242,0.03385569393290952
0.051367257493779295,0.03363980002632277
0.017013730412917587,0.026867902375085836
0.019131029971350823,0.009042625860610156
0.04082292230955516,0.03091150344418403
0.019287899725577366,0.0312989598352605
0.012481334197214684,0.02866247784421192
0.034528604837032,0.0411030174335041
0.0998006039835915,0.05120132495548435
0.03366442867464664,0.05388959186103199
0.03937166998452875,0.049192463931791344
0.04073556835273119,0.05713851519795196
0.0016734542876640536,0.04654390254965749
0.02161730913758639,0.02710234376325628
0.017160739231662565,0.027266219380954942
0.06337777255065236,0.01708023869736345
0.015783490047303936,0.048192061649628505
0.020909990937220096,0.048178202916880096
0.11841834723569508,0.04579087587978486
0.12001230678705699,0.0643144963375442
0.023883756492713903,0.022907702896122335
0.012253079347813806,0.03319746277741126
0.09564721230651592,0.06236751527293012
0.02536506714082269,0.03376868400061081
0.04351500737332677,0.03251635830664445
0.038070170030696265,0.047258161195100186
0.07114840968403846,0.04046248307743719
0.01167127650437549,0.019597238563923796
0.016787037840575596,0.0288280838426892
0.07061333004131616,0.03582357785511633
0.06318627285760671,0.047028936451175424
0.052191483550645776,0.05199012459746832
0.08867428997387122,0.05147432047990989
0.035147892335254616,0.037438250986758174
0.028498921693064904,0.038844671931997414
0.09952984221154201,0.06046245594420345
0.0493099673907131,0.034159406046723705
0.08466096083201212,0.06755428108809633
0.09774240993167616,0.06613489113204774
0.09059070020518387,0.05144856162809974
0.03716199472588595,0.04587388155434458
0.05308527627551314,0.042582392847457115
0.06709443415733177,0.07020404880971742
0.051787191875113714,0.0442183884690442
0.08578807347936265,0.048466110798007264
0.0799053348754351,0.0603151371682193
0.06798694404987324,0.04387545606168093
0.034895693277856896,0.06867831528888596
0.008079411560088984,0.02561672352569281
0.13736714019066523,0.0768564438604987
0.003676508522533345,0.02716882784041566
0.012541345040256838,0.058728734994178265
0.00786130388125401,0.019952150703788127
0.012229952862044455,0.028253924933125958
0.09152441197702309,0.0583150107170565
0.05160552087300284,0.013710024346708274
0.01685607832579509,0.03339170902692681
0.040195989378865794,0.04605249595046842
0.028662307763104675,0.03932542097424579
0.044560094603560474,0.03233081267090057
0.027894927930681282,0.03539754275830196
0.055914001131169844,0.061524244180304076
0.10546766450435291,0.06004928015573869
0.12258899593993133,0.0774102504024706
0.04247117176928113,0.03320194295905027
-0.0047821858732165455,-5.673858323849545e-05
0.0027686086286306186,0.010963419330236038
0.008205722974605976,0.03543572519126334
0.06885267982782678,0.07379165687174302
0.03765147517375434,0.053951089230787105
0.03776389913653743,0.024313066036117527
0.047713336336535114,0.028207325720590246
0.10199893598585796,0.04751542283991625
0.020350892859220197,0.017696749061913757
0.05123072164258344,0.050603950154507915
0.09664151238832101,0.03277468923347357
0.009385588018112553,0.020964118486910398
0.08350067876911157,0.05728540320881903
0.02014342152835867,0.036574162174173905
0.03800388971295755,0.037583537194257256
0.09803494648604051,0.048981523171989796
0.04704266308123796,0.05963507332594031
0.03277981687670864,0.03916827938798231
0.057979385516016016,0.06376191658055219
0.03327970795341549,0.035285521431734676
0.02877163453261227,0.040382585410131365
0.060090027275282495,0.053678668918060224
0.06458193858798372,0.03845934071465616
0.00891788021982301,0.02345675340637743
0.04106891075300331,0.05819273432278917
0.032562538625479344,0.02276497123660189
0.049910220384229556,0.04534541831194838
0.04690421738673642,0.061606606721557995
0.10164835203326035,0.04467804247802922
0.018803221674296666,0.030923224496403185
0.009436806533073862,0.01486341012653548
0.05725145712397735,0.05702151492548561
0.02903012997941055,0.0253784557537816
0.006852058608081543,0.04519088535507307
0.0526111420973522,0.041315545490118386
0.07593498602818928,0.05516029221890388
0.06053994681148056,0.03544779526864586
0.054516832024528256,0.04471226987987842
0.07988744049697269,0.05425932487135709
0.014545590475882858,0.03431195535982747
0.02644114109403853,0.03844566121327962
0.0420992328474974,0.05848384893016087
0.11098054230032504,0.06272152918881607
0.05926426762673624,0.02792763717967278
0.03303643129273386,0.03410971745981114
0.07152610322461692,0.03563683683573732
0.06110343544975472,0.04700125849809815
-0.005811299714722506,0.03436377227834146
0.05416744070246614,0.049586106006614554
0.05720014291405688,0.030589908066768628
0.035350071667460556,0.01867638142899817
-0.001278136360222646,0.003251722332685056
0.0712586906517982,0.04508969991943022
0.04869642590359283,0.02496725944890688
0.1483674974407257,0.07498523691979893
0.004390769627132893,0.022145234720322586
0.017971301202688143,0.021762143180025152
0.06501537055914867,0.0327640128918414
0.09518709187091284,0.051600957458329856
0.055088976999655564,0.04944081103960668
0.017142329814860028,0.0545090644513955
0.049457630653197984,0.0291039771743504
0.006738829896948592,0.01906542612680687
-0.01438770977861905,0.03023997071193662
0.05004169410416628,0.04306345640475319
0.08461251145958781,0.03241830661543864
0.06152044065128916,0.051054952537770995
0.048399421123398415,0.048365629776581855
0.060210275143623856,0.04326086213555169
-0.004995996101026547,0.04473336357698684
-0.029309875060750237,-0.002492951717568569
-0.006897365918080867,0.015301694620791258
-0.030260096473764805,0.010546466685838602
-0.00865976098799528,0.012013685351524
0.02401937442590596,0.010404086263015559
0.0803802499891678,0.04555088324098043
0.04488615632931061,0.04838875009834649
0.009651001056554216,0.025644879889021838
0.044231907157274736,0.07594569720009586
0.03134001723301717,0.04132562294499133
-0.004385250012628257,0.04276497824348562
0.03481674580524783,0.02474497587271067
0.0459844412452328,0.04934234045964036
0.05372167429841389,0.047554278874081896
0.05995595730668825,0.041300072571883756
0.021462350311842716,0.009488287200257212
0.020385215344474322,0.023887367826024436
0.07817882684654633,0.06187051436716004
0.028426409867971215,0.029437821635064334
0.06937790814429103,0.05626855914133723
0.03249407360736884,0.028292295794265652
0.06949492904878735,0.04153919740552213
0.08857371284432089,0.06115540810240902
0.07456829386618742,0.04025759492054477
0.021315011350804637,0.03766855736106316
0.014358244020153982,0.04459098910593413
0.048941819853778434,0.05480535628312797
0.03195576124740322,0.06212227828608734
0.09746743813263893,0.03559818422602391
0.07460525392331163,0.03807815551973505
0.03158004184434099,0.03836044090633989
0.012549981979790447,0.020469577941078565
-0.001580011717348797,0.031154680611484097
-0.010929869210954339,0.0015034984169618694
0.00036000805918725654,0.011352841925462334
0.09940152705457099,0.05584275781856146
0.11929261511328228,0.054655442596050194
0.029755670903107014,0.0316105142387889
0.008124280017735554,0.027781545518336587
0.03904646712354841,0.04166129179062524
0.043419883099207614,0.04773721907965353
0.04445572908517953,0.025217195349634472
0.05606457476655953,0.025869898166025033
0.04237830483153742,0.0266596748036738
0.04353926582774828,0.044324031433836966
0.03211885150288332,0.04106116607935817
-0.009618169191808003,0.03965460065721638
0.008515938790210786,0.039409029676845175
0.04727956931282796,0.06760862570910367
0.07422675526798167,0.059134724463166574
0.01913160590142518,0.038427017702088534
0.04715121956196802,0.05961197747687023
0.017308350676450614,0.034206495144245605
0.020525305011156795,0.04250744065200676
0.0013321860002695023,0.02121990102969639
0.038969690884152135,0.03222442984273819
0.013999897269534515,0.0034376873341495588
0.036822186913561955,0.043884300218733116
0.010585049768543,0.044357116174290015
-0.0011467498953877768,0.041864514797617436
0.083458333323895,0.04580380676993635
0.05429050067525043,0.04802296860129507
0.03121670423217459,0.0604877897529561
0.03178464230574937,0.06552034429585452
0.07469622882983248,0.05833658895274757
0.04652458864003129,0.055807554487793
-0.0020105358327071124,0.031430282371170695
0.05591899672046988,0.02913973183843924
0.004185912202154245,0.009086445762516118
0.07832945179023557,0.057686325623682075
0.06957063204542731,0.03548957495336572
0.07789606296473413,0.05599521128226793
0.024190157787210856,0.025174663423155483
0.03009141688671572,0.034510473760418284
0.09003076728708972,0.07721841636527507
0.025050220819639136,0.023622687497233483
0.013198413110188878,0.04565297993497712
0.06802433380796145,0.025488507849421818
0.03421723869001339,0.01872202056654296
0.04959110348197054,0.056711633018719024
0.07212882832435644,0.043829986136726756
-0.021104772877511103,0.0018374344055782648
0.014832060671382886,0.0431479513314145
0.08848968292641776,0.05447173745375025
0.06704035065328418,0.04300436295704323
0.03418514103867578,0.03278996921201193
0.00977525786061568,0.02590164606288424
0.023854934236488056,0.02501926558212465
0.012109208318187955,0.05815840788544526
0.041857004718442156,0.0060699833670289655
0.08839638203028857,0.049283565895641326
0.06486246213012413,0.05648216640939064
0.0426605700779189,0.04390796030217692
0.04084222241253218,0.04306704868814531
0.04666353787940365,0.04559269082910353
-0.010683285640542491,0.014940957749216097
0.06337025470947565,0.052229673248970515
0.11582521211588367,0.05094065180041808
0.09301216113675399,0.044979686364570684
0.019929191812648045,0.04265425775637202
0.003152440734492765,0.044338315694398805
0.020981395550090674,0.04530610913180292
0.11667178366835715,0.0697493697848876
0.005994159468650372,0.014138232801104576
0.03718850180078088,0.03539163188278614
0.037759670592445435,0.043445308957259475
0.062256177254894206,0.03407073699749349
0.03367964241081648,0.035387937493797005
0.03741627199170016,0.04515356664385416
0.022650617450261628,0.017754403943924156
0.07057902451813007,0.03192261141993505
0.06105627361338167,0.06582422647395109
0.058423597541420486,0.029044707188436013
0.057531795085405936,0.05414945433538851
0.08104569433272475,0.05666707898450478
0.03805554395009468,0.020436542274188865
0.048065598370210044,0.02453405568962206
0.04798484443885438,0.05078651761435525
0.11412828646522112,0.051186022708778894
0.029024165879385617,0.044165915841266265
0.12024809158760266,0.06190599462841414
0.015151927689004332,0.015918197065663036
0.03750795170699614,0.032835502966312484
0.08987729967470742,0.03136301833149896
0.038367204935823365,0.01059907903253458
-0.007597814666662746,0.027489155226066594
0.05866959591461744,0.037446104511209645
0.05455059982643998,0.035027424128216814
0.0411415542248913,0.04583688230626681
0.012021385050708518,0.03995283765894905
0.03195140924981335,0.05412590243187378
0.05845488695334062,0.02478497851884995
0.043502901974853056,0.0223250763142337
0.04613915338200639,0.07683851400250706
0.10284468850491198,0.05665347754779985
0.07437524623974044,0.04848756405773873
0.026080174945390517,0.0373232738773555
0.042063149289843255,0.03280522092799691
0.06795119545370475,0.06743725806699156
0.00448639917774175,0.05098564741930679
0.025160630725640804,0.027177355476644398
0.016580124246646868,0.03102680474629519
0.012318805155644054,0.018096018265955194
0.016117149399602095,0.025951682415836057
0.07463515399912055,0.042890839465216435
0.00021868569812481982,0.01406799848092728
0.03846444839102384,0.025298055050964288
0.036028808188080574,0.03403264233181426
-0.010871474041743217,0.0426269607792327
0.07414276995387722,0.05199140215611053
0.050743107747470234,0.03756248613653147
-0.004501661002604726,0.013857228089134588
0.03902899945869766,0.045625006587192214
0.05630764384337629,0.04566353745722186
0.055892535940220534,0.047107304710845864
0.017301074238636298,0.04134600153776735
0.07435475654770188,0.05288241422932759
0.07876431780687804,0.057394111780973936
0.06929772073538469,0.023682463603818822
0.07038798919065924,0.03769471991565789
0.019180498262708446,0.015210178655409481
0.010460615196213526,0.017382449678515377
0.07110174701338579,0.07033094422387648
0.058321211092963836,0.03606975263705205
-0.005713037452188259,0.03892127954727766
0.06504127659069006,0.0372210788567431
0.0010411473101519264,0.04331039392590737
0.044161408688520074,0.06047456193825655
0.02133639503813673,0.02675003750072362
0.007424076385882699,0.014916866250748154
0.054815340500281154,0.04891406500658904
0.030541478322535082,0.0418947623534299
0.04108975966198745,0.052881224316382335
0.015905028174544745,0.0631163629436036
0.025584623530537802,0.03500820835441465
0.07609388617713223,0.05055712673498798
0.08453850590553737,0.04020883816627241
0.013238817601622042,0.041569471239580005
0.0738122627863375,0.060225123132084515
0.004374294702017608,0.029680827618379885
0.09503917814949531,0.06510103404780143
0.004076675816190995,0.018423915153545047
-0.00579783391197832,0.017427486274845066
0.016869807732201487,0.020424574435809514
0.006678504932243555,0.0028197248833264094
0.1247735900958251,0.06350867667238455
0.035917435682274276,0.02648609438553498
-0.010950756632131603,0.011671959500908914
0.018761891179965465,0.019126903479659
0.03163292869110553,0.006247331171276361
0.04301909090855522,0.03394077455592985
0.026959513083557447,0.044218908347645365
0.05037701693705149,0.031085205469874713
0.039954615488495264,0.01774357256026131
0.011066696226542069,0.016714258308622006
-0.009276299341919921,0.029236602177362236
0.06324736974223004,0.048681336305578665
0.08536985165874714,0.06365979515383786
0.05276708494978162,0.07633236187057249
0.0321872492775484,0.024507151388737037
0.07560184690662108,0.061190706829989276
0.004297159131103952,0.021149251992650605
0.018048802424982125,0.028143966283632603
0.010977498476524187,0.015360702983391478
0.060003267620824904,0.03844970250774224
0.015614309565556254,0.033250307686038136
0.03488466932549127,0.03703725387495762
0.020996487738060027,0.023428802148732344
0.08457901282573761,0.04090395140582135
0.022343407370542794,0.013886615313644974
0.021854835699111223,0.02375271505559428
-0.00353303867685692,0.010436343668244278
0.09318108420034907,0.06157833375053383
0.03593248426695275,0.026229465901291237
0.04748079472756061,0.039568029899820355
0.050589073014059044,0.03216577369710996
0.06288016764793933,0.056609153462147295
0.061396694295881085,0.05582903035074073
0.12970376580347215,0.07128691047350227
0.029566328929544937,0.049618119588483944
0.05319193661315445,0.055342527095755954
0.03048548266619377,0.02573898699192432
0.046720958920600075,0.05177227102813223
0.04716488335021646,0.03461733594412534
0.01082054621150921,0.02830508191015905
0.017055707314004364,0.024145945258484305
0.04225693211434961,0.04350494105174344
0.03639086861358826,0.02183540948053534
0.09250370511167044,0.03959693875235802
-0.001342333091250791,0.04119465780162478
0.03178952918259974,0.03013027008327468
0.128049117088198,0.08509748897501446
0.07473408706447905,0.06768743857704543
-0.033833046776344126,-0.0031549410485918034
0.10377140288875183,0.0725005006845368
0.04639907315414986,0.0345410771205394
0.021304405834590916,0.04055705697251032
0.018942307947892624,0.038460076337641896
0.02797608762446557,0.01690514082824194
0.06406937453953723,0.046149872198936064
0.02742912782188846,0.027930685795145852
0.01608486422561585,0.03694733794686715
0.006972555733441807,0.03211563396104549
0.06902200269611682,0.05172281747115112
0.0408776217361389,0.03337342187033438
0.05759371442368583,0.03309311435814867
0.030244919279951085,0.03216106607341851
0.10513625271272688,0.051832433135864164
0.054183067025651115,0.03525069482826859
0.01061809282518131,0.00014920149863695623
0.06510638511703877,0.06291439896031789
0.03259315545838268,0.030865985081976143
0.03820236291190269,0.06312457096667144
0.020022218714793608,0.016719306111891465
0.044868535932129666,0.026293091119213942
0.07865606151731647,0.04845630733427544
0.07031674063686066,0.04817100143524583
0.021782958898780465,0.031223477412504134
0.05652715842945713,0.021388680163682085
0.04333319081720336,0.016681458261710747
0.026798139668586282,0.029462807711111948
0.02356764931801449,0.03565306392317935
0.05768074375791789,0.04114208494817041
0.009155360621788601,0.027011654154200246
0.00970380412376745,0.013200830097346072
0.00806474515163357,0.017703893075875318
0.005138567903234699,-0.007339152837627216
0.12706951987416087,0.0973084565241559
0.051715377417934166,0.031292882781030866
0.04863233275171869,0.044908724216768864
0.04941592132662739,0.04878351253896471
0.0581868289208384,0.04353412345119275
0.06549536512346582,0.03344170801927562
-0.01815050743029975,0.0026335963495883207
0.06766605238768154,0.04820314556117158
0.010810422951170306,0.02241797728357944
0.03534235355171164,0.06812347260158669
0.010423637035608672,-0.00040329279899369193
0.041037732916476055,0.04551059744262737
0.050585480531337,0.039252992290907424
0.02761423316984135,0.047343835822533015
0.09284104181169965,0.0872347746389599
0.03862220436652666,0.0820214447934632
0.06208993415944013,0.0487706148520401
0.11674368138349776,0.06538341521848741
0.08086503379631292,0.04051861224211983
0.012151767381566902,0.02557316154513517
0.03638923888068572,0.05277587657531842
0.09693852885471514,0.05793675721219216
0.05857737505161584,0.038882264594838574
0.047825292003397774,0.05392936040784289
0.07549281305913573,0.08153717008404729
0.06610164222424483,0.04578804185241755
0.05630236130562706,0.03144157890718467
0.08266307736738561,0.08802905073546946
0.01858413017055087,0.026485131034931074
-0.0003993046299119486,0.03650197723330312
0.0727966970373327,0.06541011140340744
-0.000833215204106199,-0.0022964314892311485
0.06557362931861503,0.028209670708491275
0.037759876501249776,0.04619272802338423
0.011376466539225603,0.042234346872877006
0.06609460940545828,0.05727472192674317
0.08549466370356133,0.07388649273422467
0.0733338858984296,0.0692637964099813
0.04792352856951795,0.020069253451288
0.05661886097633598,0.06848553141176886
0.03320769408507915,0.04542710218103116
0.00037816770144318,0.015279216216107458
0.01828808728205616,0.0029581610127622417
0.03969749522977039,0.02783318771762303
0.0663748920623831,0.056968244882031865
0.027548839003395206,0.0434229216160331
-0.008558616688480493,-0.0008931780852908058
0.00800332322985178,0.03091919433806438
0.03393097817776139,0.027139013623590003
0.013455604336391041,0.041985284766627516
0.09052832760569823,0.05160970318547628
0.03771620461459897,0.06643623932088676
0.06568475616589152,0.05618937238730717
0.10181159360246488,0.05116864467422744
0.05501933881454106,0.06571244902320623
0.05481073438987615,0.05218785682585104
0.03366394675698116,0.03199080451546791
0.02105887943513081,0.0388421281774374
0.004660572999764769,0.03578570557429533
0.028920920764790792,0.043608061371908924
0.044791346598032813,0.031247987248943333
0.06341302831355144,0.04386854935479724
0.05829665351579061,0.044179429921028204
0.012567823657180378,0.01274535889129815
-0.03270292811375659,0.0011198012804272265
0.040998772829937954,0.050876387536126354
0.10336812171258078,0.05219181902069071
0.05835994532158635,0.03602424024521314
0.08649523774029508,0.05566159744047994
-0.0026291417941327875,0.028451777167431094
0.00777300801335628,0.03049368743373323
0.08420945861407335,0.04547279610003584
0.05215655255394007,0.0594669804018822
0.001641818515784179,0.03219099713342919
0.07326012081684388,0.04768447676560602
0.07907906635425334,0.07278404295671868
0.13289780313364322,0.07667730611796507
0.03544833341900296,0.048716104312705996
-0.02043957063257236,0.011374174786309154
0.12027599153229432,0.045255975362038875
0.08449764740694718,0.046451865927806715
0.02671313351284254,0.06228517472443108
0.0364941378609717,0.05714389928673796
-0.0166758772357292,0.015511216607310046
0.00045385864563678505,0.021005233948763885
0.026735812416530044,0.03670459693232467
0.09539516388333268,0.06368550499423789
0.07800130838137531,0.055243139229994284
0.011982630699352115,0.041606805064746566
0.060242891364030576,0.03847217969092614
0.05675887404546128,0.049857917693705636
0.07046384171013263,0.03554450763709623
0.10386141383093744,0.04481946523766013
0.0992945386805922,0.031631228735360964
0.0873521794282975,0.08280110988581799
0.044389176674413076,0.03686415932043581
0.04305816057385081,0.051367281622243535
0.02803560999786265,0.0378152221276771
0.06278550335752461,0.052304721752150896
0.08781007157314186,0.06286218174142544
0.10976534077755919,0.06781755899111405
0.09062478137648808,0.06011372820681926
0.029154175858474442,0.03478328564513282
-0.01045042424954184,0.0058769629360196874
0.0625385447510625,0.05353128885747171
0.0848042318174102,0.05920417357467114
0.024721626579090168,0.032569186362473614
0.08102505540479411,0.05952027661436484
-0.004211679543656359,0.027165112292559645
0.036482392629491746,0.030295117729216944
0.04221855585681969,0.05148840895026367
0.023747989818448906,0.01579728108764706
0.041494022177705696,0.0070037864248809435
0.03484424521805937,0.05258189940248799
0.02979342584069774,0.04578086095371956
0.010947655438041898,0.02382846169965387
0.03709745940259214,0.035693755739670874
-0.03579729883145148,-0.0017113427666122453
0.06676339435831728,0.055981147111502
0.025543270965622707,0.018113074724767947
0.041856993180912926,0.03689540110755257
0.014610771891627048,0.03269785153946535
0.08339752369330848,0.06735731742451215
0.05449599377698956,0.04071202585038518
0.030513640669962185,0.03106501095074106
0.054598004769592284,0.049556547700368034
0.051176557344700585,0.049490582522336506
0.07173447551322455,0.06253216361177254
0.02060828612326615,0.023327167912417478
-0.032960358673153285,0.007985230135384156
0.0038152555955227323,0.035433097460606675
0.05871766577005354,0.046896142034084376
0.042242285204306784,0.02796797585238423
0.04113455791691911,0.025694527128553152
0.01445383709749655,0.021764768033882526
0.050550841916918804,0.0390715953504476
0.07698088409138082,0.05728866899026897
0.07262192508509804,0.05832437620009884
-0.007699150654260694,0.026314030841180603
0.04826218679885493,0.04909364271902959
0.022228165393938067,0.013560837994881725
0.032721339608083884,0.03416624889763838
0.028193633584071155,0.03056472439963249
0.060359408111245405,0.053635062806276376
0.0071566327091840895,0.024167647193109223
0.05608906049571594,0.04686832784167194
0.0012753150573889165,0.03394118150057171
0.05731696312147323,0.026919423383007544
0.03443113561929238,0.030898567945429084
0.04193941702909658,0.02094458480390185
0.035507386030320116,0.042247488492435745
0.08360189943155072,0.07986959157794499
0.03837640936008426,0.04876712273823684
0.07186075234666123,0.048125293381986387
0.016104860876452583,0.0377892342606525
0.04671856107210992,0.04521233819544232
0.05553864202307336,0.06433191211382527
0.03536566602696347,0.04862795970390701
0.055188585751417545,0.04338446393848619
-0.00268692732157276,0.012990230701249533
0.07953158391297036,0.06272511347487672
0.07266479859599567,0.035372462211090645
0.020874592988715884,0.03692157702566763
0.013509351342188806,0.03130747288613199
0.04350776502309099,0.054258245613110365
-0.012812445390833422,0.01828840379875539
0.02668516482456709,0.035605598277369865
0.016921256336756636,0.027413861193334905
0.07475460263662032,0.04920805277316943
0.006994372730849727,0.02647593621024181
0.026035191572543845,0.023041112624819227
0.057624162270849225,0.07748917320110235
0.03809970313101835,0.051552936411794155
0.006287977799318827,0.030955693764730056
0.017094350412583743,0.01402880767359549
0.054641515392932855,0.05439877054642664
0.04136396371191488,0.009250232043125804
0.05104944735657164,0.04624322179805983
0.019744326975952343,0.026785745152651357
0.013112813158899034,0.05044725090200338
0.036736002166779365,0.04397892962814907
0.058991726819840634,0.0478150931819402
0.07974167798508205,0.04902783148390426
0.047204537837034655,0.04253539389209267
0.05848674585097591,0.06540281156099832
0.05836591886955461,0.05518896625104275
0.011467314343669266,0.025379260807163427
0.06264923620851937,0.04309145661713648
0.020635263234487833,0.01960736210889806
0.04775545828079519,0.04760248482271161
0.049107493353091856,0.03959443647977196
0.06670704089918324,0.03885017743328485
0.06429138562683409,0.051041497919750406
0.05336547315642657,0.05119570459209874
0.02807379339345073,0.027738150793573602
0.0072854516061428,0.04248857698989341
0.02848109513645508,0.03465921871689256
0.032547234311490515,0.034350494597099324
0.04472586390652769,0.05639560787324801
0.09449869496161278,0.041199602732893734
0.003002355830263804,0.04685533010339126
0.015183199267478837,0.036296870623838656
0.045068821810141546,0.05032733720330576
0.0912557771648885,0.06560321280468448
0.07354193567526322,0.052538765013059
0.009886252176737192,0.017830057496734913
0.034123880093413175,0.03931386110215827
0.02233125952079007,0.028967084113644157
-0.005074680766507892,0.04495522770813193
0.0613369512663804,0.02970613539262783
0.03723974983725703,0.02810110016496436
0.07834789487109238,0.04084738303010878
0.06030487955541027,0.05572942611538238
0.03158923136954038,0.03268971140008044
0.009686899264041192,0.031817745351507734
0.027361967439824685,0.024760098754205893
0.07395179691806594,0.05742886440764864
0.03862340323172746,0.010186890704089865
0.05607525803981826,0.060742752311683315
0.04297098292111283,0.05234241647346645
0.07538121173174393,0.05232594017530824
0.07566548730477933,0.04857350223336647
0.058680046678385556,0.028162375219222765
0.05456712861675761,0.03839632596485945
0.0627612630774427,0.06907012516279273
0.06664826844845259,0.021887196092692473
0.0349928937176065,0.006935205625000496
0.06417396951951862,0.051268229491427716
0.00916895064430492,0.009376566529092628
0.00811061878815708,0.027795791096962178
0.01768358300450862,0.0408933564439391
0.018137535785022196,0.02908689198349955
0.0064274408461980626,0.013412963622111591
0.05409363650187413,0.023195016142510166
-0.002341741067051435,0.05469506237317683
0.08765705496166237,0.050087408442101536
0.0984535857440322,0.056654923311031585
0.032879962815556114,0.04354124695026394
0.029039240860307586,0.03333355169738632
0.043964342145199245,0.039680050827497405
0.02335741591170502,0.037632161665834996
0.0698950436222836,0.0582746491618872
0.05423456513006671,0.04047222228541443
0.030219438419543,0.03727238319389968
0.008998164175169056,0.03995139028924644
0.039608605182097946,0.03208890087259216
0.07185123822351817,0.056207687273585785
0.09238853040017755,0.049451775238093895
0.062381080321292304,0.040062674648828824
-0.005868806977049175,0.04957433170855616
0.05461147995208755,0.057554430494028655
0.04843764305646306,0.05863001993615376
0.07015409062610158,0.02374209094435404
0.07840595109720824,0.04271804134660315
-0.02075347920125053,0.010053494042012981
0.05989733232107015,0.028450581304830767
0.03532708661538167,0.028587972606956454
0.015925421244679386,0.029415861588326302
0.00029735793348878263,0.029854560668991306
0.035578058349776016,0.04825450424536683
0.035908573445273956,0.06583859862680723
-0.00031762035758105094,0.012788905988369436
0.030643249992585497,0.017575355904688658
0.06618895874121498,0.06501172576003628
0.03375204053517772,0.029945195914875284
0.013467620876842546,0.02876321071422683
-0.021323588330249645,0.0007168977520316481
0.12104566824678036,0.06064393908034246
0.03563403389568288,0.07941375996192443
0.05572707605641766,0.051730346409809135
0.08862361494292936,0.04147803938453948
0.044502306565457325,0.03089430383080687
0.018577216783139394,0.028827526855630434
0.026228928470672562,0.021521391037157504
0.08384165197844679,0.05256180412708561
0.007753454839626534,0.04809027907853733
-0.0013566276318467442,0.03525168684708178
0.07161725776690822,0.0333453376566575
0.05291247913442617,0.05778938087332658
0.03783040491690723,0.05109867240083512
0.012838603182429185,0.015423762336566126
0.04118131537791601,0.03446472392493925
0.024739754180668323,0.04039449598595311
0.043314630242051275,0.04717057273047773
0.07569414095040282,0.010028857556640835
0.05065715638859691,0.04698330961556587
0.07560236049264732,0.05391023706388767
0.07755534815400597,0.046361672388464524
0.03450014156551438,0.022467252888488883
0.045031473438231065,0.04571002407639606
0.06591004436853297,0.0419687435428704
0.04700340040513343,0.034574208782084434
0.00696709946566107,0.01998210149906661
0.0006081524891055703,0.023110591220235673
0.06454318142369475,0.06188828824604142
0.037584488741948044,0.04339250922964642
0.047582684939885406,0.054504259891207475
0.022534687596499035,0.016832709551117334
0.04271676996200113,0.06634305663021964
0.03592423480436901,0.025084024365824627
0.013040576897079962,0.03544526589280199
0.05397735185931362,0.06291868553256783
0.11755985079456048,0.05500107288716821
0.030248359086674177,0.05770016682444131
0.00035272478475316046,0.012908764871706363
0.008677463932087686,0.0320545467885057
0.04599683937094811,0.03607903113664584
0.026128787340901783,0.021284137933245323
0.018881922133289746,0.024859164891076018
0.02711083364939568,0.02022352908666368
0.002600223730943422,0.021095472982719018
-0.002487852523399417,0.024659664455957814
0.04337162148930662,0.03557915521711689
0.0516353231097092,0.03091224515888611
0.009090866363934223,0.04418770318126784
-0.005925016771573825,0.00559517155660276
0.08316750090252686,0.04574868619471995
0.05248125345773452,0.03706384586821619
0.016904446290371203,0.03864788960132784
0.04439268794442894,0.017570217931364526
0.0023256051599638266,0.02672017239543019
0.03961325846123749,0.035757823044209644
0.06532631284332532,0.042973097657813236
0.014516701631000151,0.04082594752420508
0.03475231891842621,0.05061147798587057
0.05578455073872525,0.025227630088792995
0.003065186694164973,0.03351140122344304
-0.003696381279058381,0.033707857876356974
0.049480183532115515,0.04326516738018561
-0.003696039638190812,0.009834312352420374
0.0012032716455175913,0.03142144585390979
0.07775105781019206,0.04454209749816129
0.09520723617266583,0.07945721761363259
0.06224420160410929,0.06501990824995181
-0.001242198842639079,0.02885828991419938
0.04301180308582633,0.03767210073873882
0.056496172974936816,0.03653262041472187
0.03400509635063076,0.051391269478171575
0.049569189965864964,0.058732872027016395
0.053072812842051065,0.024613164945218376
0.0253374127164005,0.014619620543238374
0.033953280405998904,0.022201933564256243
0.025230273154492826,0.03296624082932235
0.0603763026227668,0.050328352371130765
0.08356703064236874,0.0496578592327566
0.005088929865542659,0.029393844040833294
0.08577431142427172,0.04235034895565776
0.030377518243409663,0.038248095769647314
0.05116755657114046,0.03997517128439859
0.036285905560353875,0.051052324703175514
0.04565018145487823,0.05423143499753458
0.030812257869043125,0.054222824924773844
0.054091649384799045,0.04726951909006961
0.07244011743761837,0.04564126301027994
0.03818582824399365,0.042542732504558686
0.007675250223992715,0.0022829786089767594
0.001112689916573143,0.026710313486716597
0.05613754854489536,0.038329565745417224
0.047261238943176354,0.05001434910081293
0.05395817421325883,0.057745445156852496
0.030495821641862972,0.0714107201281409
0.06593303860124781,0.053820360646325685
0.06992843686660043,0.04379039875222704
0.08738319546570752,0.03502679471629758
0.06910612904736496,0.06270725786531864
0.05428002656943236,0.03491599244671418
0.04122856570939708,0.035938983147828334
0.1004082186693195,0.038898546479421474
0.04207146886988406,0.030802035753567845
0.0132010847645973,0.029710026609250623
0.036993568742502286,0.03797184944992202
0.019320827136987084,0.030316874681627907
0.06306183507468499,0.031940027804545565
-0.017837520466603033,0.035239168261959594
0.04461526808879567,0.05883156887340339
0.08618449120943,0.06445948037109964
0.02370204940844023,0.03352719611625991
0.0384346324121837,0.0507532783012822
0.00954572271967245,0.02590611743822146
0.04882668834852222,0.04082630541963886
0.05648300010677403,0.047184512344348783
0.017925049873379513,0.04674375587818339
0.0472633998547327,0.053634270539301615
-0.0008136389018983912,0.018799136795803473
0.01255740377995925,0.03284401210482432
0.03660852993026133,0.041113354154782164
0.08043988888552114,0.05549294109426154
-0.0169416833548059,0.03769773450690842
0.008948196152667506,0.016873710150855238
0.03126553471262482,0.04726927538545602
0.026142147616915322,0.040394453380274024
0.02451695914161905,0.03581517679014319
0.02307306298786702,0.030753684816261274
0.022571098934681243,0.05281479504507827
0.0745633850488456,0.05248173028285043
-0.004818213193498733,0.03894902787834662
0.038368360351166406,0.05250632988509244
0.056411258167521905,0.03902470237616899
0.05738304523414538,0.06763382117718006
0.03835759091188572,0.0411574751677037
0.07434889690547408,0.042383302203645556
0.003858327071340882,0.0325540024426536
0.04739739283494904,0.05447889077687597
0.03264225446472434,0.03829553854697913
-0.00014895666289016724,0.04996301043407213
0.023506346647612964,0.019068612143700044
0.02147608099759126,0.023411492519352126
0.06974793821973141,0.04909467340097906
-0.03214132499962143,0.002538966150104696
0.03076673690502688,0.04381997857313913
0.08783698615880803,0.06126307196554735
0.08992167771623522,0.025618625451387565
0.10570779113837428,0.037947245431995826
0.008843861504343416,0.019635773291915765
0.019445844336507104,0.0293303446644803
0.04334637858491286,0.061416222338504335
0.047581704966077,0.05102243018608281
0.017259396315772564,0.022220503832442708
0.06316810550801616,0.036494669405867264
0.03626082289950447,0.0411705568289821
0.08116402778356072,0.0551553193167673
0.05075046980570197,0.04957490856649628
0.014072582531110545,0.01665349328957859
0.0335086022153042,0.04163150205700193
0.0364924343494171,0.05912516100655029
0.014187349060259223,-0.005280114834143212
0.060802963841277854,0.06417167533428188
0.025186220714147806,0.03261636511731813
0.06815238738213873,0.036936566445752855
0.04393186820136494,0.057211308344548344
0.028301682238394663,0.040481304386308876
0.021239953323370662,0.04884498955326379
0.04320215026360524,0.011269909596485493
0.02069983349823854,0.03467827257839916
0.02872828108664637,0.03888964987126953
0.03021456763397721,0.029006943495458407
0.02483312014870595,0.02401254787532965
0.04065578404296017,0.057661226352863915
0.0634025452477756,0.04615525472776995
0.05493251221036947,0.047393437750057076
-0.011996346710260584,0.012259139650240478
0.0748642314928635,0.04702809481600806
0.07466358213897897,0.03174321689112561
0.02294014932641936,0.019476703896752573
0.03768519111828439,0.04398664458829653
-0.01906842734815148,0.01681990664683203
0.06965197112723634,0.05475654067808711
0.00035137045725058044,0.015105646354640633
0.04843752091187522,0.0360888521349733
0.09964812332209362,0.051537697846468555
0.05712766730008302,0.040405959998617444
0.11776256234466422,0.05491447107908565
0.014320578633467272,0.027513058417151653
0.0957724509688288,0.062243741731091165
-0.014096277517226538,0.02525001570412656
0.05228844566500698,0.03320968010941103
0.04224776730852082,0.044496635278086206
0.04353408772478476,0.04665457391397251
0.03392388030018317,0.06066502192662129
0.12167741662907154,0.06603904133744902
0.029172131535402896,0.025954757556181315
0.04209311584437344,0.04090769270795599
-0.010074861427653271,0.0039859749339456515
0.07941818790890492,0.07791474072619174
0.06228881225878464,0.04817777717692409
0.09403781812005013,0.07237849922304379
0.09622419931186982,0.06047775521744473
0.05666626216567018,0.052145235274264075
0.04718263620460835,0.03437221942603702
0.01825167638218024,0.04041469116299604
0.008453823834539699,0.0461474907757176
0.02839569583716454,0.031981179162367236
0.043967504361786494,0.044898211163386756
0.04585781981307734,0.043017957388482686
0.02852536122225221,0.052661003878000115
0.08405792024367537,0.06712325108587458
0.07546216945279072,0.05991140356218594
0.10783685244503108,0.051815706833623104
0.04462062598223029,0.033755499726864834
0.02919081491247309,0.0268796906505075
-0.01046705831877738,0.005024026180123771
0.02509216101852764,0.013649157420984638
-0.004352999073854701,0.016871641707214134
0.022843999080099243,0.038522042768451836
0.0011879193826445202,0.029207115593846925
0.09190888453567486,0.049210696680433576
0.05698826166070923,0.05285710657880792
-0.000624789851346264,0.061700544741406314
0.07400483965536499,0.050427695978406836
0.004484090093636196,0.023487896174469745
0.025565696544703552,0.033951664743501746
0.036731764478185575,0.02164022049441273
0.11946614895920143,0.09670651383391837
0.002886898455467907,0.024726090228373687
0.011382303392830504,0.009466482264192649
0.05028172059888768,0.034457170552796755
0.05237538055961222,0.0356543745097395
-0.005435779303568767,0.01979894227749145
0.05282603502402204,0.06681967844316461
0.007267104141291458,-0.006978635229294139
0.03176767793648077,0.029594290359797472
0.04092068303852073,0.0514760872834486
0.07204206770140359,0.045173280925724965
-0.0076424661411777514,0.004729690020135584
0.0424259133291772,0.021536805456934333
0.0865908892180056,0.04568933627765531
0.06382165263926387,0.047539885625364514
0.02913142720279832,0.0214674288836554
-0.003064656898888799,0.01526164975681381
0.04157040540058201,0.03682107904678859
0.08595072974161451,0.07524065088620938
0.11125014142435843,0.07388426417226557
-0.005530535225785529,0.027148694655794666
0.04204213691531143,0.04158479025858604
0.010638079893052573,0.029706210526917607
0.02775351114223059,0.03182173562140519
0.06052611471096818,0.03208452369546877
0.06919449757329131,0.034143170213659556
0.06426362784562019,0.03585001365680227
0.02289775476232926,0.04415793675895472
0.04263260707083503,0.052058814130268624
0.017627985872535938,0.0293067833671177
-0.03289565884842874,-0.008461402389044083
0.05485739484168228,0.04527217657141491
-0.015631792185954133,0.029307777658253556
0.011562227810988335,0.026678073536738865
0.024063857346504205,0.03855412808887779
-0.015095407159101393,-0.005079059066952125
0.020353396050799135,0.0186266801669088
0.05151422675663805,0.05038063977344669
-0.004533250556085694,0.03479457419533999
0.012639334489673866,0.025249216214261745
0.1023137225248201,0.0639587341310972
0.01069657294371978,0.02253696784489171
0.021007742827473155,0.020198093874785914
0.10483508634049084,0.03390236194361049
0.013591239635237012,0.024033799258092556
0.025959679417550622,0.05328805957509178
0.10137217968685402,0.06773572976403767
0.01986006655269145,0.014402207063242155
0.07589617587571484,0.04546420676451987
0.016606053186508093,0.020861995386232297
0.015903480501381767,0.04822572436659461
0.06303486874146519,0.0654298966714835
0.01799557178842369,0.05349539499185439
0.019487980544185005,0.051151007950322104
0.04645516833191941,0.0715095836509597
0.052516304630056715,0.04845360262533643
-0.007429847337689302,0.013281925279511745
0.014015129668374355,0.03957949256260723
0.059249202079415725,0.06013608101971345
0.07391791973278326,0.04692518247841554
0.07398612215238783,0.0409267768357193
0.04130989679559242,0.07002406040038384
0.0593001370795206,0.0496494204006772
0.015119411802772733,0.04110405696147564
0.055472613773221144,0.0357024953125864
0.04688611576122273,0.052366050496961955
0.03964936303831787,0.03841547008576368
-0.010960957958507406,0.021626271479193257
0.0951892509324967,0.045171821024193204
0.03110567932107018,0.008828348384643997
0.01864235144305428,0.031407648991036714
0.10943004007569396,0.07590001061552185
0.052985280156669715,0.0526548665307302
0.005837494297255068,0.04644555987615276
0.09951038347418883,0.0785376486417004
0.140809878513061,0.06094772717099767
0.022893687860857277,0.039009018893082184
0.09534173672748217,0.05065121996066611
0.035788976510085876,0.05192982663124526
0.024774257024094498,0.034570341197910325
0.06815930717094375,0.05977896316437856
0.07243156219232802,0.06940719582473245
0.08318248132672142,0.06239989026409155
0.049895782173614386,0.04330091178452419
0.0963087288076594,0.0636868368880226
0.0151880716504114,0.03815974491315413
0.03301941629089769,0.027052280519128568
0.033237423750047436,0.04447953437860037
0.008842170934472158,0.0209591855782301
-0.014509204662362371,0.01386076047705426
0.01775892994367417,0.04105998362154886
0.05416063090668577,0.05588463521577845
0.07809226109000267,0.048751430410286116
0.05632841895273195,0.050681304105201205
0.01521351969556903,0.02874429295460883
0.012777307251649783,0.02658521687940726
0.1195939970436464,0.05993669115590217
0.04901461686478481,0.05427311262406917
0.10890834752963212,0.07574813803730307
-0.00841039979802362,0.04356455170438117
0.012069230362130411,0.04169014414825818
0.039432483333534905,0.04484176895205168
-0.003972783274566651,0.011089450831212638
0.049119142420387396,0.03828219973945736
0.04737919450823817,0.030852650606623178
0.02357789665731522,0.029245754232965243
0.031122353927880958,0.0319577622111379
0.06892947249791619,0.04773154302209361
0.02279322399141136,0.0244505169011173
0.059851495145918636,0.04289582273944774
0.04838487120261612,0.03886691709789358
0.08332580965367341,0.03564722738092878
0.06561723848376864,0.0711202639426642
0.025856583945466707,0.039908580784844605
0.05693078074638392,0.06341798561703256
-0.030766766034152557,0.002690678770322163
0.04039993989997831,0.05494372515043919
0.02443896445769707,0.03857432118259233
0.02072142885716915,0.056251824409368434
0.039424661473704346,0.04553363180076227
0.0450373841518634,0.03339758900395866
0.047370834392274845,0.04536652294812707
0.016418445365050566,0.06172593465459941
0.0683357648128077,0.07486565350365937
0.04898630051891106,0.02900119663327452
0.027163345050644386,0.023705687846900407
0.013081737389685174,0.03068767507538569
-0.013630361288548689,-0.004477266138478393
0.055145239594166715,0.02627963464237149
0.04548073969334922,0.03878544190772628
0.09041062074797915,0.041536900379391596
0.0549812586170163,0.0395675936376598
-0.003575062228008812,0.02541690913688878
0.007201929303293656,0.025615887369251508
0.051885270398962936,0.050104716924051815
0.041768007433763694,0.024162175754393396
0.06316797547663779,0.04367518062824615
0.0428916469088304,0.04518027411161228
-0.011847966886192779,0.010609679664701083
0.05899783664532507,0.04003296076571485
0.03966763763789527,0.036720894573972845
0.038050600126685014,0.04433949064881151
0.06708207462346238,0.05084556448112276
0.04093055112867648,0.02725491927226563
0.01980570193776835,0.05495386172863546
-0.02490656368565618,0.00979580654777998
0.04711382192686664,0.056779719810212265
0.032591051041120735,0.04719655156545752
0.01960553522926011,0.036321831998839024
0.0717618513840317,0.055741963470936656
0.03551431003410487,0.036147750557949186
0.062265287466403633,0.06670449735310291
0.015203002305241197,0.012204075223049317
0.038766845778165596,0.06821034174127019
0.035207416746655174,0.03852174088886015
0.052993105634906584,0.04827513944740779
0.07747916025307071,0.04101865120313811
0.008481450718558936,0.0335197200465175
0.05197885099311592,0.05859941707119276
0.03544040477858871,0.062237755176565976
0.1289567667920609,0.0838858839509702
0.03782651662714522,0.037471943493845014
0.06780131547920336,0.06557145930754095
0.03310911692290576,0.034450993424917406
0.00646940414231554,0.03244416487994435
0.04716307080176736,0.04548429973770585
0.06679646856677039,0.02240947644083702
0.03869157928930933,0.030271645891980697
-0.0012778843682533254,0.018784449224012734
0.035861022388667674,0.02605858627609965
0.0069582348716814,0.035208244815207276
0.047544714772680984,0.03406164403227817
0.051311569144279805,0.051972922882804126
0.02217800979893706,0.03130373543028758
0.054997484923533124,0.0374596349701128
0.08430702668596692,0.05673317717009403
0.015013477664303304,0.012140300172629761
0.010487879447195623,0.010056635870878641
0.03774411381542649,0.035304335243371926
0.024206197739002774,0.01894909927795837
0.032712299949024005,0.03366087570375198
0.033435777175039524,0.026879436284777826
0.07004797853354464,0.049378889465358206
0.06522722960641111,0.04661563838501255
0.0423608475899308,0.0492839824501075
0.020449382265246528,0.019378914555914655
0.037077740345604904,0.03204125581720228
0.06149403778279,0.03321806045724933
-0.005140422430917505,0.019035896450561016
0.031252219960759525,0.038126829716609176
0.057062708003108156,0.06688017914279798
0.064343957510181,0.018710071244849507
0.033413783079840734,0.0560391875686054
0.05488166600200131,0.05493215817038117
0.09039963019720719,0.047290432038709446
0.03865568646055216,0.046065962540806006
0.03725711975693782,0.03328242826616447
0.030922158309245672,0.03317922027255593
0.06205360401595847,0.04846888708315826
-0.013631287390648091,0.00621341129839636
0.009819686493272986,0.033802698915465224
0.04458659545440499,0.070572923405601
0.05907705257236717,0.05940089471667619
0.04438154019153014,0.03420333279383203
0.07816796598688149,0.07884744946225722
-0.012419101247638533,0.022997668862612106
0.017535488852443562,0.04097219407357483
0.05719528275195284,0.041981532815834735
-0.01877510759009746,0.008630314379320974
0.030779190010301664,0.02674787787465402
0.044941155579141,0.030427612041155024
0.11581488756146274,0.0639456815599934
0.06385471143053936,0.04125492575022613
0.024957092941499167,0.021517303056661385
0.07903285230220454,0.0604490494632719
0.07191607478753526,0.04034741771081302
0.03731814085162546,0.035528269786992
0.005961300157465688,0.014513854994113035
0.027541229976154755,0.040094972592072474
0.01071303319722768,0.03342625437013154
-0.006753191299401806,1.3121298831314347e-05
0.0585999741289701,0.04818788689971961
0.020043252886474183,0.04867529042762937
0.03450644249483693,0.027192824610344602
0.01787769625637844,0.04378519040541483
0.02484525527533564,0.046272268024112176
0.03039675554459868,0.05085475076907913
0.02988617142840539,0.018484577607968296
0.13933376605491693,0.0721997317987142
0.031099098118406377,0.03864772038767293
0.0005063274744063883,0.0416493980384489
0.06836372180464054,0.04241080010527754
0.011816036051312042,0.05265493507112454
0.08007295277078615,0.06366692928919453
0.030458439866041985,0.028630652897483212
0.03571469361955955,0.04344700414802122
0.004946753810945414,0.032148291576876147
0.01320217997791141,0.02497079232019034
-0.013041050561308064,0.014610103493403004
0.004875912553115709,0.008657791995677287
-0.00011080238329938541,0.02454446913710108
0.09474255281399113,0.06043836646979456
0.013602391317846305,0.031127100890269946
0.029642327152607263,0.023191344740883496
0.024539082763791124,0.04173720278691892
0.007577239555494157,0.03929560360944947
0.07579312458193019,0.055777025757468866
0.022828488536662958,0.04620477536743732
0.02494920296068958,0.04969677219671857
0.03962243891354433,0.03896051514244416
0.008083392187342778,0.03761662398959187
0.01795079439569598,0.03148461859910977
0.06180352650220144,0.044760768360440004
0.04357477818156602,0.04251458003017346
0.02478317384355859,0.018686903259811587
-0.031184631272356034,0.02104709004103857
0.016561870692708976,0.02848415968055375
0.0490186227432052,0.062171080886547284
0.08481638789332843,0.06906393055126615
0.04161706826270683,0.04740137107067445
-0.008295154562885652,0.025915737906958662
0.059304762642501466,0.06922152218257643
0.04452988774950517,0.05494637672197014
0.035308119124821444,0.038949177492014556
0.02568485878670224,0.03571370452660047
0.036123244000062414,0.04336689975963695
0.05277417358344949,0.03744690758508981
0.01011450906479616,0.01576632640081221
0.024694279328679427,0.046322168310583646
0.039964664159038786,0.02049280309227245
0.12274283251797447,0.05745700557511357
0.058302327019801585,0.043577956896034956
0.09320142455786636,0.04153632451228785
0.0398177690173132,0.035103481459804166
0.029975518966910437,0.02442605997022724
0.004954435625924734,0.02657990342896205
-0.0034664391932687135,0.01758985871059888
0.018682080876243116,0.03413924854283374
0.019243148314605163,0.01787148804458584
0.10070347593362379,0.071725104099022
0.06576432805088728,0.04928524896299972
0.0440741098996228,0.06357119183381416
0.013382871413644894,0.01710219270768723
-0.0013005150043520243,0.018585052250612938
0.0775945895622323,0.052856131379517696
0.029005755479151938,0.06707907705494875
0.05608789297776451,0.04704373598519544
0.008507770990189305,0.025257276130341535
0.05632635429606745,0.0602914186210414
0.04718956981070928,0.0434884380812158
0.08405427822953093,0.06199146770384642
0.017729705287918073,0.02197718395151457
0.022413549414214848,0.010665313554315641
0.007105148190685882,0.011048890452320421
0.0882250738577397,0.0455242959233137
0.02298782756748276,0.022357363452282224
0.04309072439414904,0.048251359883636415
0.08748918426426973,0.04174552790368154
0.022561877942834645,0.010294435132536226
0.041842682250816776,0.039034255562775774
0.014781069610740973,0.022214148293145292
0.049693576782940924,0.042149295345640665
0.07522663720023018,0.06164617204134014
0.0623443209990527,0.08337397722816808
0.028021190152973722,0.02471051012887851
0.040778648905374096,0.05270261366768788
0.04044087234318351,0.036526420604008736
0.05712955534344382,0.048276690734023145
0.04858118029822058,0.06325658484433655
0.012347833865722243,0.04468201826114156
0.05723391224297206,0.03362772562512519
0.042782324389539335,0.0565684050341253
0.07825936387505683,0.05648459687854311
0.03052798950560382,0.05103779577313951
0.06801766324712605,0.07054395069356073
0.014127543899382441,0.0007776414616259292
0.05143319413256638,0.07486094754599462
0.021396666194733592,0.041373132496034006
0.0031466736775578596,0.0366795948834413
0.03487767055486236,0.019940115722368562
0.06181803724195678,0.061693344835860364
0.021021402717178297,0.04296846554556222
0.0367253553786303,0.04704662398422961
0.04024565765485769,0.047724915213791005
0.019788428029127277,0.03755201034924819
0.02474051370174426,0.030564819156077304
0.08976843045985694,0.06406924058361538
0.05763427545220239,0.03573515911517746
0.07449977440232097,0.07537229357907166
0.046964617136204735,0.050273621636994364
0.04403773891286883,0.0477945009315865
0.023978682670959033,0.053728043559951325
0.05961946330819469,0.04618820762040496
0.12720379574643384,0.0883275366374773
0.052486036542709,0.04164578590383465
0.018094813951530363,0.03756860100466689
0.045284960008879785,0.022343042772014474
0.056034238991679405,0.038917588122415636
0.011636291248549145,0.03228071127663434
0.02836466549095375,0.03891426282758339
0.15022671398310092,0.06935765401528357
0.06486293425679918,0.06136819661942984
0.0043488868613896425,0.031099254059838162
0.055258284354969406,0.048152028789417836
0.0136498903294834,0.01895435373428657
0.02664854321916567,0.034116239772780575
-0.0068390206156388605,-0.010010245097228226
0.03431816785727092,0.04307182404285892
0.06117833214872748,0.037658306892546164
0.09034377364298829,0.05781106436889466
0.06363925697336123,0.027211741475294548
0.040264547469442136,0.02318484544917194
0.08616744363799862,0.03341129615801497
0.03585611150109304,0.024185962879276664
0.03672118664792935,0.021929894137178902
0.057938568210748685,0.027232424791374492
-0.007736038768375415,0.015477272603502555
0.010701060616295374,0.024734922684751845
0.021199575389055876,0.01962377980216523
-0.01479275503508216,0.0406788371498792
0.07412161329703135,0.044543943047476595
0.03550008542644152,0.04710842678707285
0.03923261053190956,0.03387569481712449
-0.0422707515658052,-0.01394859697601146
-0.007876842471012,0.00723953416105263
0.015398549869259093,0.022640541315545878
0.09085102759651736,0.061859336483916616
0.0362140254416868,0.0486694566692496
0.11359556931049763,0.05546383264944636
0.024227821187312745,0.04127394625926059
-0.013918531151661329,0.03411117742275979
0.019397973452399547,0.044497618345911115
0.023483049137778874,0.030528254923272193
0.013742431022067153,0.018510148971360538
0.07295300727062148,0.04269191975476104
-0.01945932195403586,0.001749099989860516
0.05123642737224091,0.04997170745942588
0.06859717301313685,0.04836467458454758
0.06274985560085064,0.04710376646169383
0.03837295276250683,0.05884653961294064
0.048146611540756765,0.028182827013341953
0.05547281134246361,0.039576922965995756
0.07437966268052226,0.03360880260880413
0.05426009362844838,0.029486383711255212
0.05385477276602217,0.04295126148095641
0.016136858107923875,0.01372628324708524
-0.02016196303032414,0.015529454802296264
0.05909435317184202,0.058451011553731766
0.05802857731514027,0.033921421529641144
0.03270337938516503,0.02932744969637005
0.03286710196428097,0.028346451830488437
-0.0048786879029648865,0.014070141318086801
0.006764207936429147,0.03581418156735753
0.03090463260030157,0.03313279495728415
-0.021927038515379853,3.5725165128903946e-05
0.04917446830890114,0.04876813236205513
0.06365737543431482,0.048405367669216326
0.00664895456658242,0.029051009264219625
0.008012111938587186,0.013025850196982552
0.06629039252348028,0.03171516384966576
-0.014008565687279964,0.025082281322653388
0.009220237816800918,0.02504833815634717
0.03022463966353742,0.0374644231720146
0.061003278337754825,0.0398810623644453
0.037599622074816874,0.03647426875708539
0.026435386548025817,0.05691208473671247
0.04950604688033191,0.036950772136199225
0.03719149205281713,0.060757609373901844
0.015909312245272807,0.019958093085870862
0.08530098854977432,0.0473975968835207
0.008353421182018195,0.03390509852823506
0.008163506257859745,0.050496156731867435
0.058440466241526386,0.06010466183097775
0.018391373981130114,0.02013230067742113
0.013043221360421985,0.054040638017914394
0.08542422875153667,0.04545289734631982
0.05900272505438686,0.05532706633836129
0.06634720526722825,0.03181344170931969
0.05225010102094082,0.06618947871211159
0.03590276323674243,0.0528507297941157
0.02614120118797169,0.028671071392681588
0.030107605988795364,0.030957842571589657
0.045898864138536825,0.04024169888093254
0.002202913565525225,0.06618352991698673
0.10436093465037152,0.05743104198565478
-0.0061515256599700315,0.01679516792182805
0.029896536893778677,0.052116632821388564
0.06595467469242358,0.06567037657182992
0.03662418232662029,0.026479051984422984
0.05799800068958397,0.047347309892203746
0.024979029298794586,0.032356659602916935
-0.008957585224145866,-0.0022697485728099074
-0.007913797071806963,0.0006348607419455049
0.023313991740804698,0.014839813989799635
0.061670432257694134,0.052107833119631894
0.01364783445465348,0.023507438812140024
0.05683386208835297,0.033669358505481556
0.07137636576799285,0.03364616049146707
0.03902865480115676,0.050463849376707906
0.056213532826779544,0.038493373712831194
0.04581230983315067,0.019503818182719946
0.040560645723955985,0.029861833566817007
-0.024861193990943567,0.0024453693108228486
0.048440287227062284,0.05911873422544024
0.024374299588507266,0.022590610230546055
0.011013701632831321,0.043459368535121216
0.016009696907636758,0.04242234548170872
0.02365509433634773,0.031455016046277595
0.0104986164144748,0.03988554731616432
0.0608468336986185,0.04883657324144877
0.05074672404663638,0.022168805347492736
0.08207302448165432,0.0358072579537061
0.0578938308761254,0.01666993577555576
0.053383105235245795,0.05373764665910696
0.10836006542525305,0.060114685702937654
0.041311516937709,0.037572625908215154
0.008901347578786358,0.0478754566307068
0.08680453552761769,0.06446763482490588
0.06658238585302637,0.06256645130567652
0.04433563692812223,0.046483173703130896
0.04648359061418884,0.03940187603841195
0.09605089434938306,0.05854068986286845
0.033763074801879,0.025769742609330896
0.04657609666655867,0.0640954038225658
0.057791731421560896,0.044504754880835606
0.07031973913873041,0.04985021289480147
0.024964392484296254,0.0303836541789574
0.1487820256075421,0.07678560110877516
0.05678394671005241,0.03384996575007833
0.013388709720871184,0.03486171107261204
0.09417344075520223,0.04337208415189263
0.02506924563277542,0.011553733094787511
0.04152852508967743,0.06814609092811452
0.046372627499408334,0.04148499426960383
0.005436930828750016,0.029911120229783237
0.08678036262388153,0.05780885734438791
0.04211876938120198,0.01784469427443716
0.05900112189049624,0.028143144828786156
-0.004618751422801841,0.026156120433972772
0.08395082394990029,0.047669711704290366
0.09888603159412236,0.07008598223779644
0.043133216818016774,0.04679175524077259
0.07525158436324786,0.03717411585924799
0.07404630730275742,0.05277154833420837
0.02730017346211134,0.022543044561021103
0.03690969213545621,0.020946762685284802
0.013746676928518036,0.04021214894105551
0.041720899763069696,0.0475530299459893
0.02773907897588747,0.036582850504828845
0.015571793452359865,0.03164487286134471
0.022397211025375466,0.014297814183083617
0.06195680829294013,0.03721032168898066
0.08269694551141905,0.0681608520532023
0.037270738936794764,0.05406949107286255
0.07614646574534188,0.05385673401869484
0.013970876731239631,0.038223959612089825
0.04561144030618646,0.06233896105786542
0.013823953902905339,0.038172385319271696
0.03197691389924727,0.03253638528433754
0.05655516728043594,0.04821039465091212
-0.0019233703756746413,0.015390367960418918
-0.023895446135616345,0.005734051540367284
0.07050893282808443,0.045785524356445936
0.07090401364098037,0.04322005485431059
-0.006219969678236927,0.005577395831883692
0.10028095566213882,0.04115839228339606
0.08821331253213632,0.052889238061444854
0.11994188906771708,0.04908956419991577
0.040918589109170775,0.028960694912051648
0.030097537903830844,0.05477840267601497
0.04997384685021955,0.037499985212057316
-0.011040270810252075,0.018251086961908646
0.04929419341065975,0.01992037979603432
0.037053073637472095,0.05816408404761651
0.03549920991064898,0.030744746849354347
0.04750999286320036,0.04464195243347387
0.057738984094591335,0.06308542241843201
0.031876165513027854,0.022738865417229574
0.09500965251092734,0.0548506702499964
0.029449481305666908,0.04510807445225665
0.047902069873607636,0.041972005610315985
0.03537374199458823,0.04328628755399884
-0.002652893796807847,0.0150417867623958
0.0699030430904809,0.04525702398423018
0.047235537386064466,0.04181516402129612
0.07839305267335207,0.03735937746402828
0.05484684423354375,0.05262487139319641
0.03525712826094033,0.041901484403692915
0.019837026268968754,0.01181074103769191
0.09007158924043811,0.05424158481386557
0.01253145826344548,0.03143688516150945
0.05738904577946538,0.04614366455882849
0.03542308771485605,0.037891322242286196
0.029419014187775646,0.042632231726255965
0.022179724472631075,0.03163153101054826
0.009554864188507328,0.01626481968180376
0.011573636177144225,0.013290514716052153
0.03829741792836538,0.03527392924840305
0.015646788357834795,0.02387528984736638
0.0127632505003906,0.03252099229194415
0.04884066341684682,0.055781386257458
0.002964651030663314,0.03279479879565858
0.06728433379521008,0.022726227646699744
0.08940529862157569,0.036982555518162034
0.05775494545359584,0.034443079593208935
0.04561615507534421,0.04462295046862094
0.02228530312841434,0.0251955906576929
0.002437036930672242,0.017923399873823007
-0.020512371527004608,0.005171317735097988
0.05358405192849117,0.0369560665102467
0.044396184314673945,0.031737267903491226
0.02856277245239345,0.03399494414593241
0.06471005481599076,0.05183175402953866
0.056404758105098166,0.05137415151892656
0.09231747285502377,0.04335779209406103
0.08587001413773729,0.07441637236237987
0.036895038762983945,0.00950401358653184
0.02828450086380148,0.04099135359901973
0.037144233637653026,0.04707283013456327
0.07806443647461792,0.043337466591890195
0.05725940533680663,0.06921344095657289
0.013021067339788285,0.02023236136692876
-0.0035730775258673974,0.012611923734136941
0.08448121933096309,0.03527259246851855
0.05292291854220223,0.02379296224148067
0.03118691812410943,0.054234916132878744
0.05289029432424906,0.06411400026069117
0.05794940448353346,0.0385202938499795
0.022933393819710678,0.021278544164525078
0.03194858513153666,0.03301231533800375
0.06084414514784213,0.047365386349648514
0.032305039682054976,0.025227471735508086
0.042556669220958535,0.03785701544321694
0.02992462959041741,0.05437765321681515
0.04704933994919054,0.043965116151136414
0.03901297082299747,0.06863345790382973
0.05861126643001978,0.04487964030555293
0.022250505949113035,0.009732284266842361
0.06624606903147631,0.042000453187942974
0.011639240692104905,0.02775894387295979
0.017366085142065495,0.029630912242702093
0.011528832933680755,0.032417365439329895
0.033734736556203106,0.04343230458335444
0.015196928855246091,0.01841645682541079
0.062077925645011134,0.05239335249016319
-0.012267066001720867,0.002564382635356929
0.05307592237027242,0.05748221159225003
0.06871127307994851,0.06275405106117302
0.028967227894164838,0.03914773177039922
0.018784602018575448,0.05279988434296822
0.02446526609613289,0.02142696334969217
0.0755849140342314,0.0354556083060385
0.009929831012400244,0.02432414736707787
0.055121916842635905,0.027203371082229137
0.11259368130062636,0.06378609881268678
0.026841833890833104,0.0556468472352471
0.031637949273126555,0.03282603325762591
0.01533616855200939,0.03365652552045626
0.08217856568375376,0.05698250742498768
0.023995695377873532,0.048217516733860016
0.044512710098126226,0.042367964164172274
0.004928114076364792,0.02522984545145664
-0.009929532555908383,0.009698871586660858
0.06920984955569852,0.04203430422356228
0.06561749255735946,0.03664917853873734
0.041292728555379646,0.030221258939818085
0.0829484787299071,0.04358895904056685
0.07067348410236407,0.048419789553320866
0.09409033886018836,0.05162826700535636
0.040128082286440145,0.027388964030402415
0.05596861109732142,0.039775099947289165
0.028808725864256115,0.027642002497638006
0.01808039915608815,0.03882284071187039
0.02818001533441382,0.04292163885905601
0.0018541489720334606,0.04385291614294361
0.03821645135072979,0.05092287528142914
0.07359962189352864,0.07425987367770441
0.059091879086360016,0.052393139923014434
0.03604398491502001,0.04323516810307361
0.040588045118055915,0.04358796976821373
0.042134235008519386,0.045557884518305634
0.053410265895741195,0.06319348787517905
0.1181973337304739,0.05138231140530358
0.023289679122197544,0.03981066832555333
0.021023041833265144,0.02777395871926817
0.011391133652848374,0.03447902062333622
0.02361075161741518,0.02437874950787615
0.06993818127073502,0.04541142312690545
0.05453802903915829,0.047487373635505904
0.010156033420597375,0.024313281565444052
-0.0176598779062948,0.014543208828434137
0.014243744201923031,0.024694074087384898
0.05282910147787123,0.07180182761894723
0.023907235087114925,0.019795454579363974
0.05836948450054394,0.040862482257111615
0.03631046183190797,0.02594065057261085
0.07207468834652601,0.05716379865976057
0.0992239028415084,0.04474068495282039
0.03324935570913446,0.03478544340988303
0.0532341323663703,0.05220497447317628
0.04529619841788425,0.04123906692735356
0.09435339440184796,0.06452970323559618
0.07471214301153933,0.042920543243181744
0.07115897633606756,0.04033454681492872
0.03830662386352013,0.030697979038637743
0.05279402496723477,0.04898549785433469
0.12452933356433059,0.045981734470614974
0.05099185042499235,0.026903107585766854
0.02929051628772631,0.027110165254280602
0.026578960737691153,0.029371587536638055
0.016306172426303934,0.03817804999041537
0.045379829874630004,0.03931113003708322
0.05047158821661926,0.05711712979146251
0.06836232056104682,0.04041437298807034
0.04483505078517349,0.053378680504451825
0.0782911184982835,0.06253167273923699
0.03880122623475942,0.027123811014054786
0.026742403298305906,0.03181723657497348
0.10559186586852645,0.08126935755308812
0.08195934036561547,0.04095614670006039
0.01601977329991864,0.043672424412710895
0.024464371608282222,0.03886571945924306
0.0256762109376893,0.028301652938890566
0.017288146528934893,0.01711113124777324
0.06804484164933494,0.06441630569182615
0.027513999700473,0.03166501168411307
0.03293367220976937,0.04889491215075686
0.07076273264090072,0.03579806288306041
0.08074788507594405,0.05446384666199916
0.02134340071784499,0.015946831312484665
0.10847565141738572,0.06059922949029639
0.07149211176190937,0.03837483995900532
0.0528038400535113,0.05028328093384317
0.050563145739009226,0.03535990085251703
0.0075555755637361,0.055945957436758134
0.09248436554268687,0.050220116905360365
0.03994469883834569,0.04071359934151478
0.05837597266568836,0.049383120327587925
0.0666861130163788,0.039972494805653444
0.026567050738661245,0.026059795171792997
0.013509479011518798,0.03953422682315859
0.03534645808074138,0.027257876770996385
0.09076952088854082,0.05776701849571622
0.11169014506923741,0.053828098134974356
0.04037664402916012,0.048236313662645684
0.010528388936083976,0.06854424922152688
0.02503386033641944,0.022550888331987533
0.03232661996251872,0.029084094094752388
0.055207439039938085,0.053310440221163796
0.022086490920845893,0.044653363613145716
0.06200448654587026,0.04082695999411737
0.06120940028221807,0.040039922690260236
0.038551136508120504,0.047381391015520455
0.008353463394810101,0.02965377743308432
0.11995787175137063,0.061700640935717255
0.10637374031516653,0.06087744619054366
0.07932808541078486,0.0810666980107379
0.015021819305664,0.03943960100029707
0.052578116818353816,0.03840458119029185
-0.0029405084549747433,0.02752355981067662
-0.0035928986468788445,0.004507532320686264
0.08524192495833693,0.03490967157109248
0.02538818700068182,0.03029045247709397
0.031304227509251735,0.03607573310099456
0.09662334969164652,0.0536447323699273
0.039549066242187306,0.06955552458091045
0.06653098018292063,0.037387295965580124
0.03765697484560559,0.04241919449019021
-0.005043499515396056,0.01950214268246519
0.01945558016612797,0.03479763068070098
-0.010373359590688963,0.021371492548003745
0.04205340255795098,0.04097491517342107
-0.0015920999405055394,0.018707450150631088
0.02808132770917019,0.035374000721914094
0.04243158806675658,0.02933475306351853
0.02675255072208672,0.021461634160865273
0.08790673851437825,0.058566696191386304
0.04863620056075967,0.051396458424238484
0.010876717247079013,0.027679969936299405
0.04801400659463974,0.028707562706802497
0.027214890135606715,0.02012954270513269
0.00796822525084577,0.00542883825809692
0.0029374196331131775,0.01232032231052924
0.01472961570381955,0.03460619969593781
0.04826289468104843,0.023560142137954626
-0.003741659232998655,0.03386787610940182
0.029001860078252825,0.028003010983725048
0.013943766874609792,0.014551195111263099
0.07349388671145249,0.04310834529030779
0.02433240992741941,0.04866856429370839
0.004219566350758177,0.02569975319999113
0.03354363645034715,0.03766111141701345
0.03319747512756351,0.06306294536411576
0.06066795754611685,0.019515700598743017
0.021725162632022392,0.03506783678856759
0.009785900476286255,0.04753013249145327
0.07091858390941291,0.05480450493066352
0.041073344641552906,0.03296938118615291
0.03325874304173918,0.05699722730066872
0.08927263796415405,0.058641658652021464
0.0888241616204052,0.06176328125284003
0.04907522813737942,0.043150055724961306
0.024102526832014252,0.01894048659963849
0.006311140715886594,0.05001932391131976
0.046455514587345106,0.03578963472672286
0.022693278602009356,0.03179836853147266
0.015838059249763024,0.04672875564443704
0.08502981596845048,0.05035482542172527
0.0309428728251855,0.03795058060397717
0.07100214491077503,0.06858761317538954
0.06772554555955021,0.059586864857060884
0.06327792781109319,0.03436328704213403
0.07251494122747176,0.0793193103401068
0.12440008362008101,0.05725425109105461
0.06644344504088637,0.04567430459189771
0.04941965374990163,0.05320811216506114
0.05524380503901286,0.06328122420780094
0.046859678876678634,0.050838959120383956
0.04299232303912153,0.03723429060362703
0.03794244797230822,0.041492226029165406
0.025138066279616393,0.03480240846145511
0.032299423962688305,0.028208255049017777
0.0339707343449939,0.05042282462030146
-0.005095883029247449,0.030386296342465
0.06672727977860744,0.052410239384804574
0.021508538284107703,0.0392095267383304
0.06015256060167959,0.04160379322356644
0.05711802992544487,0.049408548483125786
0.06914565960977728,0.06261620837467849
0.06807595835043453,0.03378445010097141
0.10403887932801877,0.05385475820524398
0.06027354243595075,0.04196079474144679
0.004883557174393982,0.0441983388065354
0.06615834286968984,0.056187337198167625
0.1340810498387211,0.05927207384684813
0.018367761054204037,0.03125101355742696
0.017509270786562375,0.024326397883868634
0.04124800007160813,0.04701397545173695
0.053156050806176,0.0316633724561535
0.06236234002961383,0.05706662251111239
0.10134255346645551,0.07112776330568615
0.0655922926499863,0.06333167008814684
0.028015849664592703,0.05241404071349404
0.006627909939785259,0.012632142832333602
0.06802435294638867,0.05806348704267216
0.04449115826368255,0.030185038530468732
0.03723838965836493,0.048694207513577746
0.0625978839795659,0.026826343158412022
0.12477137580935119,0.050153351709685906
0.03901131082415556,0.03514755634832787
0.0098342824581274,0.02795377052473586
0.018759211091264084,0.03773669374162483
0.0819042941112455,0.027737818151596958
0.012927131448859142,0.03254307089569015
0.06473277625459839,0.03137572964006023
0.06399601587025285,0.03597576499938815
0.02265652409982366,0.044522318399793606
0.02721350866017365,0.03452892078188749
0.06702143381666449,0.042155041315822456
0.04133279676046778,0.023755736815085887
0.10458458950755722,0.06050297084478386
0.0264526733298295,0.04174513228911009
0.018931699050806803,0.058988961381142804
0.04202458023260955,0.03899197458136557
0.10491613443261086,0.05468261558763995
0.06833879753952089,0.050958601177958085
0.07146533861126593,0.03931018180823264
0.06398022007493265,0.03311711179211198
0.018887096378646002,0.030171176340978177
0.04920485703858224,0.020753377951958862
0.06717030439861635,0.050104196592345884
-0.0039626530704979564,0.03203907926460861
0.017918897814965605,0.025285393198063076
0.06735749635268866,0.036832837486707355
0.037814090310113166,0.03418324321868035
0.01462550680270606,0.023239908032058006
0.019068742766984698,0.005315388445041657
-0.004813783873617564,0.013862849827838647
0.019921345562245944,0.03470079073140494
0.031971301970562985,0.029904824278717088
0.054740876006687256,0.060698655596574454
0.06370590640416901,0.0633012489262765
0.06970313300361952,0.04998373810984686
0.028377784926203603,0.02244910543958202
-0.005175275098836358,0.02417075904219098
0.061487884049594835,0.05637761239406272
0.08247831339719752,0.05988207083270179
0.04464994275032434,0.05707642288995344
0.014232859926922848,0.03182444564338707
0.033777458986850244,0.04115026664248832
0.05522249734371827,0.05628963792495158
0.015781369779487103,0.01640966197322656
0.05351695463826396,0.04601573059191776
0.015425583737500932,0.044589487299304835
0.029315258663263156,0.04486310514141527
0.11431873577228255,0.05017027222242301
0.06932196598606943,0.05293124161133562
0.014272938341929556,0.0034541327632159184
0.03631360545549757,0.031046962428439448
0.05829401072253914,0.022969520120417253
0.05115064903277691,0.0635426080380459
-0.020923794772893446,0.032808770364799844
0.02368550960470129,0.03455932679749799
0.027076955563814217,0.01775003980549892
0.012030859017897164,0.018740364272185613
0.07791498889318413,0.06518753468450372
0.06827118600683153,0.038962671641873156
0.047350707027917396,0.0533407224751405
0.08415534961953423,0.042851511219691336
0.0663906016422628,0.02574330135440378
0.024864015668660408,0.03986923568921006
0.0462705361497885,0.03149817069172408
0.07285208146266718,0.05485907047389654
0.04799948679824739,0.020100957590964908
0.029733565514202028,0.048575369784965065
0.052884061719062944,0.03797984879169937
0.04320512351408777,0.05988925848059165
0.054217158232192246,0.03969420994141636
0.04879623812438409,0.04060212471979322
0.04834472759038403,0.04416038347437036
-0.0014402978517038412,0.006241002506566558
0.005981967511033236,0.021449702454714337
0.05987588363333122,0.06082920058308251
-0.009358058208107926,0.025171546649958864
0.014094586703589906,0.02920046383850773
0.008663323824977951,0.051657915444276475
0.028804800336454755,0.06606637636655968
0.015698846166021272,0.011661923185838585
0.00754794623399826,0.024015602687099118
0.05712050927370746,0.042773776180425355
0.009662359392373785,0.02548390000587011
-0.030933631813104757,0.0071869069260826635
0.07831329865467712,0.042378779537351655
0.025192117821412178,0.03753277230321634
0.028642555521086046,0.03917858605299493
0.11861201909408675,0.056121839707558276
0.05583075396599692,0.0385471777054524
0.0546126817083816,0.024871422263596572
0.029384285696323287,0.033421901390259634
0.022092331620744192,0.029104881105888852
0.017159220801305178,0.053317290632832484
0.06434132527307626,0.03985584512685336
0.03298580685270123,0.0411551702254077
0.017888206394290902,0.04065643784783898
0.09449010178369444,0.07290368883964163
0.07700837888834547,0.04046170321378475
0.041931863686395704,0.05172852470370862
0.05181508044541335,0.03606673541634602
0.02685971410404867,0.03746554443261168
0.039373176379766374,0.04842764981410641
0.05565713674154532,0.014741011101623333
0.020062279562023798,0.031568135418351566
0.060975184224506984,0.04930511492974855
0.01723367628061382,0.023091390282411743
0.04978013074395227,0.017702494601122068
0.04205478350701008,0.03713820813768318
0.018814492139634768,0.0167658101933458
0.062448004724985906,0.03116485998000065
0.004856523143259324,0.0005056934704157345
0.10094190784962338,0.06826839207999294
0.07088826404418508,0.07895959027240848
0.06986262707007837,0.035575847447469756
-0.004745431734422741,0.02707017071797298
0.0687566013033001,0.03419159451489648
0.04065056795236148,0.04513150987834888
0.013078538663699908,0.030025888790554726
0.127852621439059,0.08152453866524326
0.040506898025171656,0.03517112939902586
0.0153832861053095,0.016537657016735346
0.06501685703354222,0.04397876452736285
0.06947283137071567,0.0285729459913188
0.00671516607998014,0.0014809913751326759
-0.004658314353533392,0.02672239313954622
0.06795667670125219,0.03558971621879031
0.05481653251775229,0.0411819237039259
0.021935458393418216,0.035476029176638835
0.04427428167329442,0.049403617359547854
0.01548825809560085,0.01713051243908771
-0.03915368086878766,0.005158362171150068
0.01575026485157248,0.030459222421410782
0.071507074700993,0.04928196871634791
0.05171321038778068,0.0486364470090511
0.05213772987657597,0.044411576719464496
0.020974181863718598,0.0655715553042544
0.09645472535705205,0.03250533920740156
0.05760603836566877,0.02497812730761444
-0.0011838589441724792,0.06736506250222342
0.06814395875907905,0.06599549447156758
0.0806145855156308,0.0664834407482626
0.031221898223172912,0.044317666048757656
0.05333925526139934,0.04264884092507021
0.06133512865899765,0.02856706961353521
0.030278200065597526,0.06124994806263774
0.07799224068599588,0.06391432912946354
0.0449619790157761,0.021227410807200243
0.024712918128175106,0.012772443418954978
0.08979237108004631,0.0629306585977555
-0.003471859777996822,0.02433518732580365
0.04478491444120973,0.05992279598250508
0.05704474516389461,0.038591304912609904
0.052905238968971036,0.05257720220570841
0.06807514558374654,0.03781125423726571
0.009198343327757812,0.027786565026290566
0.09528140530266972,0.05003852535185184
0.007867204567428824,0.025461810239259045
-0.005394721139824674,0.006401196294069061
0.038263798633652146,0.06318414322988122
0.10575488780629506,0.06396253277218167
0.019973663584964906,0.04958869223386647
0.01121637956867075,0.01741553253571787
0.14309357920266302,0.07498664885274797
0.0243571433195107,0.04463399149183123
0.016142342436197797,0.008075385897773112
0.054745663391586714,0.054597788898657296
0.014229484616316332,0.023561197858713613
0.10749216987988225,0.065709268436728
0.06735769202999889,0.025495936722645607
0.04158692818512538,0.022871934852567232
0.05005773393871446,0.05900948658550155
0.04334567696758328,0.04966268178446581
0.04169050252938741,0.025424012591260047
0.0448837230181174,0.049498204407872656
0.011799822328900379,0.027922158510937975
-0.031760483114740085,0.011530444021600018
0.06357446127808575,0.048589977074400104
0.06372084343187454,0.04159821231867509
0.0399978696973563,0.045802735510545825
0.0004749134538233682,0.024784309244586453
0.055666320554262835,0.04301639512221271
0.08549716793005228,0.04421270368463586
0.0539469872730874,0.06007093739557186
0.05618076153437861,0.06517014763739269
0.027542629747593188,0.0616171533094237
0.07792153407578008,0.0535172483988931
0.049076339055994095,0.06754733520220355
0.08507711834004084,0.05224874627933458
0.0318722823316263,0.02552204979744392
0.07973028295780445,0.05639451694990525
0.09242187660728057,0.05971776322446541
0.019949712508395206,0.012506836252505725
0.03623402300402695,0.0417865644142685
0.04118126564574034,0.04651033221274397
0.027786619828815994,0.044154185972310675
0.04334874881587936,0.07488828522532429
0.023820004499749192,0.04556123316874639
0.055283420603704184,0.041247402755140765
0.011018286511275635,0.03609643438299963
0.07258982584776494,0.057054966106492855
0.041019733249674596,0.044806305324241444
0.0018906941867820187,0.008608742579392445
0.07741176631572927,0.041429980914308204
0.05174540272210262,0.05703942464377891
0.023357859893765962,0.05022100836180472
0.033684045279860804,0.047672067501054016
0.0749849647342519,0.046900512068773687
-0.001957704208100792,0.03790806934561001
0.053436244373662456,0.038200862533437914
0.008167364775986695,0.0031693307599729523
0.04821268489542272,0.028315799643452218
0.05896458481041774,0.07179822130691187
-0.015996971209743017,0.0394452065220859
0.038779459859958246,0.056175316996271416
-0.003886602423099246,0.017531902547235058
-0.007474631498134699,-0.003202030122961502
0.037853324918952255,0.037089159236779204
0.022568044275508632,0.043307529073852005
0.11065471234976404,0.06916691514132448
-0.004313931999008577,0.01714578012050319
0.04553382534057199,0.043993612582774434
0.08447264986231316,0.06827829454278135
0.04588911031417264,0.02770647811580097
0.03692523211732518,0.05325453747909134
0.062475181252384854,0.057541333023541266
0.09508614831584672,0.03731020402408471
0.06702261822157318,0.05358859387710812
0.062030267855977504,0.05113017028993343
0.015213655038747734,0.0704195794261174
0.06941025855453954,0.033029959522972004
0.028750922744072333,0.02437796256890394
0.0696310655592084,0.05289985415095881
0.07019298226963713,0.053083078159940206
0.04834030128974789,0.07055885461899335
0.04896226287979689,0.04898930285856003
0.10590789903830503,0.04202337426839682
0.06882670981520742,0.07903232788595449
0.015714539842612563,0.014435891495034197
0.11281867050257144,0.06480495526355605
0.03809877107280682,0.051178888468328576
0.05115367791264466,0.05093955584177542
0.1061092819955315,0.06350323374104114
0.0576269485440136,0.02982470159541433
0.10372089440470048,0.05159013555635089
0.07791347765298809,0.04040594088987841
0.04724766665844063,0.045951713793104754
0.03631970588522859,0.07561363829144607
0.02984933626541137,0.02869729411448127
0.012751553647049376,0.03545335565749502
-0.014956571396162292,-0.002122146837520596
-0.03283140247854735,0.023998394453336604
0.04826972145720244,0.027662008300813033
0.057430209637605395,0.057996969814519767
0.04371030792748578,0.05662758443041631
0.06834527734044266,0.03881519498826573
0.02520561289988908,0.025132499215678075
0.009379912576229282,0.02208909241444254
0.02607482104175696,0.04292718230442705
0.0660982347807377,0.05760986843748807
0.01961093664738243,0.018505755026474877
0.03697316039131185,0.035333034217958414
0.020890758276320746,0.02404345136596026
0.04837874408683521,0.04457659188497581
0.02832856556573779,0.02293644198699556
0.06959177271452736,0.0400408651138213
0.04402759430857145,0.04558987679797849
0.06954980500541612,0.06717729510047257
0.05204926119019467,0.03934768096360255
0.016042253311786967,0.04935056799857513
0.044895192786206704,0.0658428564580926
0.0348077409083583,0.06607229682321396
-0.0021811188518532313,0.01819109112447168
0.005855414257014345,0.04085772062785412
0.03205840706116515,0.030321977146914585
0.06644977863226033,0.04501448040664038
0.02173796242118068,0.03635085396771906
0.006010680892259592,0.03530102153327479
0.05747067845049159,0.05033598986681537
0.024394320186871956,0.034690159473159385
0.06890124033192736,0.04962264646077896
0.030095673447356232,0.03457334779929734
0.0750565065892454,0.053097296290282356
0.0725528743278418,0.04713653771880299
0.0010552727177835057,0.012116805592489817
0.023844921279543536,0.02349397563148029
0.02995638844660774,0.02635431758999647
0.05779741493167112,0.05921400621596912
0.03626848326594727,0.03852800685555762
0.0441151387338861,0.0519466482223027
0.0722045832404116,0.03327689088898682
0.07581548439290822,0.07063143798638508
0.02526815226291444,0.036944159071140986
0.04803057740053321,0.027592846104991124
0.012838370967322443,0.051617524902620296
0.03528114700016751,0.05091464294276307
0.048192143428773995,0.040447474410963344
-0.009395752905891995,0.020075948352634765
0.023259212745404014,0.02020898747558622
0.06005182924340932,0.04179757587357681
-0.05012443419237997,-0.012601539277990008
0.060560525651043154,0.03587660500737304
0.033233351307106376,0.050729557176390674
-0.005756081465375904,0.012521294883433114
0.051844130662601476,0.03524380985082541
0.024428059062958876,0.05495465629723575
0.08468403782289897,0.046839235361361545
0.07784369631705931,0.05190442135709847
0.07968580410932535,0.051419229551984365
0.0232432367241305,0.053438778815283666
0.06318537332693634,0.05601018148619899
-0.01070394792769488,0.02679194456770742
0.007694760654073403,0.015217686102385592
0.03052503711696366,0.02407374676794838
0.04667376801102577,0.051480007119113366
0.06981196643644527,0.04484770507195575
0.035666925529835504,0.04394375119710381
0.06246838100857235,0.035401497292036226
0.06491518253877589,0.04577332019168019
0.07363788643369776,0.05060703575798672
0.08431228491698585,0.041973765598251084
0.07333741123973747,0.04980843774401352
0.03269945749794849,0.05564956519276823
-0.008856397277751941,0.008275288655812417
0.05130179041850954,0.038184144032188824
-0.007047675000995138,0.0282151869617634
0.056129219717020305,0.01930948825464119
0.08516096410531111,0.05092215138845742
0.03490495999850054,0.012523037677145141
0.05600975688089466,0.04399357168221651
0.09201569426690706,0.06251967344572246
0.04240163723858922,0.024102828483452514
0.0038063448945362607,0.03809133325756652
0.06982735196410161,0.06928683798967838
0.11751847359408946,0.08100936933535954
0.040358573500833196,0.04666693860910551
0.03989452833962075,0.03433569979883003
0.061562725005212815,0.03241674940180457
0.10104572201831376,0.05346089977137587
0.09762127078938711,0.03981951885973324
0.06094834372890706,0.06428734703705843
0.11080164392857078,0.07044127617694668
0.06252370834172845,0.055226970196467065
0.007145118386013763,0.03366842087034214
0.016219517287240102,0.042319519956030525
0.018294980168626983,0.02027630741560022
0.04511213313917185,0.045397482681936996
0.033896401196825174,0.03382906953749039
0.046033079391980175,0.04313976877390498
-0.01437900544413413,0.0061570191181181365
0.03345054265620091,0.02191479198481502
0.03195316489499389,0.04044240529114356
0.02923606603382727,0.03155147276082508
0.043068634959599825,0.04172718067650558
0.053103145492430795,0.05651087043893769
0.016895582369575904,0.03872319482455085
0.044083502713223255,0.01932252781229639
0.08211668351819183,0.03899726703842456
0.03301285836967801,0.027017583895390607
0.08566841465489514,0.05625591201507221
0.11159467866078641,0.06896547115113183
0.055990100497303325,0.04291972015726865
0.05060549896698549,0.05354365455436219
0.011035693770788398,0.04398794099507586
0.05184832470770924,0.04678695854205452
0.020007666975743684,0.05315839082494753
0.01893680652977244,0.023192489309240595
-0.04017626691446598,0.004079056555110991
0.010697652730831928,0.06126333825710094
0.02957565389076336,0.043144906606070434
0.03116759162308323,0.027056448083532275
0.05348496022574159,0.062394722669287556
-0.0038617670733281824,0.029759546131055917
0.05085406936548707,0.033102302588349786
0.06115500670880611,0.03686884539197661
0.05307196808767363,0.04119943239391361
0.06308016715071675,0.05561164234839322
0.06667228486937699,0.04484931321768105
-0.007229037471604598,0.0008571354156760224
0.04410156450720121,0.01893070927870174
0.05914621993339427,0.05789714456750708
0.11408422701008394,0.043474617291188594
0.016928473471777693,0.032366149853125026
0.056580324697106804,0.055456181953970174
0.02457230358510823,0.037380939546360306
0.06934943821155243,0.04634363927155624
0.049881419688962356,0.06031322950444022
0.02562471131359738,0.033138693884318296
0.023684407829983503,0.02581872052530459
0.01513771562406118,0.034137371019295024
0.020907546367497767,0.027708837111598196
0.02503739081950328,0.06852443324555102
-0.002087956586954917,0.035010828241608206
0.010341203826189454,0.015643805644142156
0.03683837975764376,0.029437395511803403
0.016351159707642355,0.010951006250858509
0.05946930646817529,0.054549156806990504
-0.000950748949759727,0.022574977743468762
0.06522115066995883,0.06725852736152162
0.07402877726308366,0.06362135613013159
0.062452564884704694,0.038901610386263816
-0.0004007426583934291,0.004853988084711559
0.023150592628812666,0.03547768965887202
0.05052655820554734,0.043594408478534706
0.07392696722343126,0.0702525974692921
0.10549313026545093,0.05153285729515829
-0.018441150771400093,0.00483036569097501
0.0584238032941184,0.03405622823063722
0.03759983863259668,0.06683556642502064
0.02741128631004712,0.018528395150764126
0.03608014055687521,0.02592954107933368
0.00028887761212428864,0.03640367223883595
0.0595743799342212,0.02751974473147992
-0.01424839680318857,0.012199626587531962
0.041695477083549454,0.03074498826045334
0.029042903254006505,0.055556868411718266
0.033489533816463024,0.03919616303964263
0.0330389451835779,0.05950440220809593
0.06491509576463156,0.04974608514819145
0.020018546237342023,0.03584600693823334
0.04344686838488334,0.05314404834299899
-0.0012693945881269493,0.03355327720991353
0.007070410197890859,0.0166634402453314
0.03073174111043174,0.04486130027569435
0.0781549833945789,0.04805469269968288
-0.022638537997079208,0.02179725529749158
-2.681778933277812e-05,0.005293847465467908
0.030632869095675898,0.05216898911432418
0.06906665286516128,0.05544474949551592
0.10249753738852366,0.05807487341145119
0.07682083470356343,0.06674905001688014
-0.022463757187056017,0.012384123989038081
0.09956155634586812,0.049047103249972863
0.04900934718461213,0.05308544111081948
0.058124447338041854,0.040563600218855696
0.04058802610827147,0.041981501604098304
0.06386208658450936,0.04621466816425632
0.08891269948090899,0.058216400770545025
0.021580724867314202,0.04082081009277786
-0.01993612902730228,0.019603561139321116
-0.018113814639204556,0.005305983788754898
0.048670832429344155,0.04285456598444714
0.02534700800540383,0.03548265168079873
0.06019336586385404,0.052115365764651915
0.019357914271568192,0.035837833808198966
0.06813280212649331,0.04665494601017962
0.003034340160566392,0.016200347257872432
0.03710786803113505,0.03185227982788287
-0.0020773896083200113,0.00575437481085996
0.025431231615088687,0.06218991556491221
0.04575329370134623,0.059731737317405026
0.06885655857929053,0.056801091321427286
0.050476483685882374,0.07010295643601372
0.01489270165570911,0.035940611561380065
0.08104557711059185,0.05400614089778147
0.041447818049643315,0.05671255759374826
0.04533223626584065,0.04072575054428557
0.04798591722459902,0.05087202110863311
0.039399786329959816,0.02329502881274704
0.03569986985714499,0.050254919484368055
0.06714465600973774,0.039562403903294546
0.009611592678525047,0.05880236464607418
0.03859443822888525,0.02461012371586699
0.031109109409886065,0.019946040153154147
0.10950881543447208,0.06101232890962277
0.04236890346279003,0.07192062880700362
0.0740166034950419,0.06884612125853277
0.0652135611693277,0.04508168162847527
0.05123078178288433,0.05340403335425848
-0.002464250429214162,0.03722775434591181
0.027216971086446506,0.023855575987147937
0.0474372972971877,0.04682677139629268
0.03146312313120791,0.04174350722829677
0.07020746374106232,0.08027946700155716
0.027947940156261536,0.021773965617997926
0.021687735026413853,0.03896208379201736
-0.008055655135888885,0.04353388943062152
0.06398282364498474,0.042710480149509636
0.021882842880130662,0.04484265519195154
0.09154035364621844,0.07377684499616917
0.008210902059353719,0.0092938813508191
0.038825586095568326,0.037006663333721254
-0.011451097957195028,0.012023018102365257
-0.024964700066744516,0.02592081191734886
0.07087715229539926,0.04029483690818113
0.07689581426558631,0.048561981194517566
0.03258405662642756,0.041193651272038154
0.08141210102520052,0.0502394102875939
0.030584016204090805,0.02545609132373271
0.10303527404577398,0.04388840407386756
0.034120073833135846,0.05929818309775185
0.005975000106969396,0.03681498589772687
-0.006524199723273524,0.011860251371231801
0.05570486157653111,0.05514633197721688
0.019180867242796447,0.023922834034725483
0.10825010685877479,0.07472379752788039
0.006859206655160424,0.029424858621219574
0.03984620348905706,0.035504503530230484
0.0017899193771031656,0.05792575315764368
0.012748679335657785,0.014362577255130153
0.008568379652100491,0.06184305502162343
0.04644303047250213,0.026643360524545124
0.06306464007658907,0.06559272110003671
0.0052593225948488614,0.03131933254636639
0.02340284783325361,0.02486376490503409
0.0644700632365469,0.04086703532443236
0.02263243073830876,0.02977668023893961
0.026619066322663337,0.05702482410347813
0.010516370380089844,0.03256154377063655
0.023730333996631315,0.0629308956110944
0.08325818049246526,0.045842221239968506
0.02836761159629666,0.029448902010260486
0.04764310062888243,0.0199023691616865
0.06563681065144536,0.05008145385164948
0.05389174568556988,0.05558930690060315
0.05776525039186983,0.04844933212309693
0.014236258245918338,0.04256969548609579
0.008971062237166125,0.012062097817616156
0.013876014334970505,0.012526109192556577
0.08539527188629127,0.06326347247315382
0.053206387574276925,0.0578062643006172
0.021265506720101083,0.0174236803388962
0.048049516226768084,0.022463810556569062
0.04034627744064448,0.040595328714646745
0.011809578553159002,0.029037722084452003
0.011696555287486515,0.06845921499849361
-0.0009086713436616475,0.006598796712748472
0.06402197291321544,0.045842497267674705
0.10697024105672617,0.04944028642228848
0.03565153604620555,0.03823822022397376
0.01458627466481534,0.04853258902570827
0.05094718078150064,0.0423098652737851
-0.006523069869233719,0.009304893793810437
0.1430347697382292,0.07981293363398248
0.10133271887409694,0.06349405376195466
0.04194907004672459,0.01965245128205526
0.04299366707080499,0.04930881251842288
0.044777863894609866,0.04852220412359364
0.06724265402211266,0.07561708478494945
0.019518987443171657,0.024742104233032837
0.06003673579664496,0.05421949475799868
0.04948313000238336,0.051730128697613495
0.07561122186732984,0.04355282078688328
0.0171359291169861,0.018973997139126307
0.04173605293865027,0.03597937556567786
0.024242404083475354,0.044856688828879075
0.09166596752643345,0.03511510651483146
-0.005333245087678426,0.023979720929217845
0.050238840784957835,0.030457413612627708
0.07009037724281504,0.05424966861336548
0.046479009262869686,0.04448669434020515
0.029420252323417266,0.05117769120975076
0.03642588581940126,0.043906433540395653
0.07669557113119674,0.04213396904449451
0.034153751380277445,0.03383729547209287
0.04440908923443723,0.055130246582405784
-0.009489540801568339,0.016965885669788645
0.05761824810023674,0.038342801280537436
0.09805924297705439,0.0356751229957426
0.10997891684845038,0.05396510781217945
0.017266384961615682,0.03414459903848334
0.04771469417711994,0.04985671619862039
0.11267318103564207,0.05326471288068987
0.0029813530018626367,0.01602317475663849
0.013693386509719222,0.03493867571789415
0.062301696466601754,0.04599981355593256
0.030894457822392443,0.024382769552797914
0.03127043374913592,0.05004844792047958
0.0327556633625239,0.03701954237888121
-0.009147837655796897,0.0181401013639125
0.022970100204474774,0.02631075405424089
0.08352649203875046,0.05846303643851154
0.04279307284908893,0.03010783966315521
0.1033931808397598,0.04238885114620632
0.0591145908696423,0.036303911348466805
-0.01332594847275573,0.043442122120476184
0.06651507353939158,0.052754705576592203
0.08895526396064185,0.05750689135802935
0.017815520574970226,0.025113830268224606
0.02183915823528486,0.020346067879331124
0.01908753440047837,0.04276835075546047
0.10270717814097982,0.04201006770861018
0.0500314781798952,0.04232636414692563
0.044862569835263266,0.047974601502200134
0.06100388129329008,0.02681073674427882
0.09139744589921944,0.032913517035153786
0.024134457226323666,0.021882770010895267
0.047380962387815376,0.03925297062811264
0.03997571142260061,0.04748968079516945
0.02256903036747948,0.02316637786500725
0.0034474974997585777,0.03179519152259624
0.03937317416585415,0.03133553344633725
0.05402218321855298,0.020765436937874276
0.06318900211522467,0.034718478922669
0.025549642114860275,0.03182169565717689
-0.020933088058241463,0.010456450780879954
0.05404726598817273,0.04281974238096717
0.0146518666690545,0.048088076964526896
0.025203962728740283,0.01670684422111853
0.02726693780861473,0.050072042829954984
0.014386453498345829,0.03525408578709545
0.060809487185782926,0.053148004227417354
0.0077030765389776625,0.006555554402171676
0.03519635961264194,0.03302014430390755
0.035931062241058534,0.019392444722568906
-0.011866077757491558,0.002282848027322422
0.05336533557816274,0.01652228938178025
0.07994451261854876,0.056950753097433186
0.07798759376282423,0.04001734537635239
0.04935260473926498,0.031510892803228954
0.028405599860507887,0.045160716586319025
0.046797263486597906,0.03998463791768462
0.07502529869010749,0.059955967497278856
0.12812703263522607,0.08250135289415561
0.012460129134686788,0.02135610220438681
0.014568181979553887,0.0166126510733927
0.056958445626734897,0.03866923584940807
0.03037628673903475,0.07244619493506699
0.08826011206924185,0.0672945611323742
0.0183146782357525,0.019273197556813913
0.06844719150539626,0.04243328373298836
0.04316234748452408,0.07337333234204207
0.02783271834702901,0.033538030583724183
0.029339398869943377,0.021204265218718227
0.08699072597431139,0.05362557751561743
0.030013992697370307,0.0399149831775574
0.01425320335610395,0.02697284829645578
0.0545054986776763,0.02020543697638518
0.09171046570360714,0.07983266034926902
0.03257272279973119,0.022711987230742935
0.04076454260462421,0.04770919454540186
0.042431862870494205,0.04510863789821659
0.041300251466190166,0.028718758331205924
0.09693635171304261,0.05657039622370825
0.017098231823474967,0.04820086541178865
0.02456304591105799,0.02336699057088689
0.026116328245466572,0.04717587347421971
0.06044155853718779,0.04533856002797036
0.07573921928970534,0.06916866860358342
0.07676255517281091,0.06887442287779058
0.07722967480784267,0.03605393972554184
0.11678585993793517,0.04916396027956137
0.014136968154176048,0.0481613785955584
0.009447529150854561,0.014533640002038883
0.01725674306547055,0.007496056282257581
0.08041276399060697,0.045887949339171036
0.03448057127484946,0.038333622694493294
0.05269978005032293,0.06702596302821687
0.019972900474813576,0.03523833332439391
0.07324727378206132,0.07972747625914224
-0.016258338989751753,0.01165577039394499
0.05279526763346056,0.046584582135655965
0.050847302232716385,0.03403914760028044
0.026711614310338243,0.02203313143472499
0.013530075705417118,0.04088143798739152
0.018079377771202443,0.03591422911437083
0.043937071773745874,0.044915218690700594
0.032445166116974615,0.04966931529370916
0.027890452378272545,0.05131084013889292
0.10287999041424176,0.05984025676788588
0.01791223682251993,0.04458725693072066
0.06107709966312487,0.04968110846489604
0.022709489841560238,0.01171624604777221
0.0007029592322602037,0.0015307283508586306
0.06927483687160642,0.0723164024741624
-0.014456521629771624,0.013676868731610243
0.06533233012753845,0.07224365279622808
0.0006961895768628837,0.03810182503975339
0.06072678209152854,0.05100414027979472
0.11743821566085366,0.05691385398897199
0.14820445162864376,0.0761482233263886
0.07633978346309256,0.039656445951357165
0.058735947760213514,0.041607114756445226
0.03404029296237625,0.07285462254051173
0.07095405686261838,0.052113759873385575
-0.0054901418900071865,0.032346520489056924
0.019579788440632597,0.037565809394628794
0.011738544956134429,0.02371840222053079
0.03163890032010257,0.025593372111801786
0.006567652580160388,0.02000030518235527
0.0627583590871953,0.049387504584470485
0.03549581790095509,0.03117538557273359
0.03171336376197166,0.04049528111767288
0.026110021199222424,0.041396466318844694
0.021180081515619363,0.02635259345538834
0.0344600899912553,0.06931260009315982
0.04833897968825396,0.05922133113380338
-0.017970922611867165,0.012625408419739165
0.053831533585653873,0.059702582945118904
0.043359742188146755,0.03465176200945291
0.001702772948689646,0.03393322898347639
0.035750725539445645,0.02556278271899637
0.062233900373611276,0.04827285764861025
0.01898221128517681,0.03471839727756942
0.05712223449750986,0.05883190888502132
0.03942719596950933,0.05128412134774403
0.009917037051332156,0.0442109397867781
0.043519464641537706,0.04069321795572038
0.0592142899596547,0.051511722021462036
0.019606649048373663,0.01859224079551274
0.04799544665804521,0.050819979897695516
0.04222780436061806,0.03654896184843859
0.12019454604968251,0.06982932105180888
0.0076225319118099506,0.0034669622491716335
0.04130431720372968,0.05561516910645366
0.03624310317621558,0.041249971317791664
0.013172474473498974,0.03366591924908576
0.08291066640102007,0.05311622819634019
0.0746373092309448,0.058975666437666115
0.05277563162988678,0.061369152397229496
0.052449438874956796,0.03372580860856906
0.06142925144205741,0.06894620270856042
0.06386087515009445,0.05238965812797333
0.05277850570342223,0.043539995608926525
0.006639969208311657,0.02888228992640588
0.03534732624692763,0.01728130268197092
0.06486819574766005,0.045264251138003614
0.05641735490707747,0.046690820460453725
0.056301742859573595,0.050546014891100825
-0.006526035358608594,0.0014601602696234718
0.04988391845673659,0.043932730837731235
0.024169865450364567,0.03964122619050508
0.04602433493675575,0.043540087062887034
0.05755912942631999,0.04688221297177288
0.03776631141555503,0.06816826922436246
0.054149834760759366,0.03855232000362212
0.09098283091359262,0.062161861114451586
0.029014900228436582,0.026053679215998868
0.0881638352822654,0.051333752241165403
0.053265068686536965,0.059669914422938966
0.027083366223168377,0.04005651746780388
0.029186415084900844,0.018878718295070242
0.009651919695448975,0.0225039209631556
0.019130474944593932,0.02887461213544089
0.030929086164771327,0.015310925726919292
0.03427753011412363,0.029039321859720538
0.09439955721733093,0.059721391142824876
0.020306758580671963,0.059181967828254425
0.056856622221591754,0.06312010991336534
0.05167248960356651,0.03202800731989278
0.020072942054417786,0.005358792073840598
0.020609635203575075,0.05713082354364437
0.04489209747291868,0.040341703041049566
-0.0021230217413390033,0.01851471735986953
0.002701691197378432,0.022621036934072324
0.11767199193310614,0.061232178522039105
0.07660085592127039,0.046544019149510625
0.048073544218774904,0.02608211327756349
0.013765530419170679,0.022279258477378057
0.04196868014255785,0.037481732078515864
0.006435898965687387,0.02568066563020055
0.04046765035311464,0.033231549418103766
0.051701515992141595,0.05681520548862046
0.022131978828804248,0.016391107590718497
0.027169673783528466,0.029203585171967677
0.03767449110960562,0.04666099740170661
-0.010145187902555532,0.02532345852032754
0.0135672654513825,0.019928016003787293
0.006919824343532687,0.037353193868385474
0.03173845625777,0.028846859332564145
0.08009367319847055,0.05415390594323732
-0.0013149766024390264,0.009864147106536061
0.055509860461364094,0.049790214131756695
0.032570379136127925,0.03752288542755106
0.059122767150139116,0.04345166833113477
0.13158746746133299,0.05200820600597595
-0.0291666377451519,0.011396227738228027
0.03182634910856255,0.045548897349165895
0.02629195019543741,0.038736529274497805
0.05689022064951321,0.058828596646199646
0.016078177938165662,0.01668911924576681
0.026812957250329814,0.03460249414920841
0.0389418966625447,0.03684474962478372
0.0401890371815619,0.03399288537008789
0.08584039975569366,0.06406090978344205
0.03855686986938625,0.07422359501365891
0.1118602375389905,0.0600365800116367
0.07507287898421877,0.032666944250345956
0.03675809634099515,0.03985167541229231
0.07908359517173941,0.046853073854522066
0.04527407998269281,0.03856624542686886
0.07426755364443384,0.04377732328277204
0.022232706132882814,0.020266633866229275
0.057024399011250726,0.044778424589646044
0.037075462626448195,0.048373097531033644
0.047934124871190524,0.06051770406911503
0.05864603315832039,0.07488175485695811
-0.01859231397243665,0.017309196794592335
0.06644111555554472,0.03045514432395477
0.047517992207006,0.033864028914796195
0.06439426548794372,0.059059768278041595
0.08746490200073417,0.05518694461325431
0.046576347625746736,0.05020392747015498
0.04313829926009382,0.043661761969368725
0.06731741395110588,0.04328943663632977
0.03719262725609815,0.01626571312188268
0.011622352936204335,0.027350952807975695
0.04906572263623402,0.03900370037289375
0.04149684949797336,0.034719423426260124
0.05768469631895057,0.0371684015837795
0.07135052676602804,0.057657355803136676
0.06492672404778191,0.049547266750142344
0.12494840884291876,0.06643149961959251
0.04294041874774064,0.04573734606247644
0.038594492468114784,0.05858998978610602
0.03850031654391356,0.0431112457691647
0.045119399231948056,0.02894009622176114
0.03488847786219377,0.017072227291505284
0.07308810692690891,0.0408073229286378
0.03658639114345803,0.06679383658324346
0.03684462504115665,0.03662911676333336
-0.011374781888474444,0.0018926768022944265
0.08884020788267626,0.05517908726554109
0.04610983122233604,0.04234796673797667
0.060285169087846174,0.04574375495103085
0.0332299084813239,0.0771524335999239
0.10842955942612893,0.06086240142686775
0.02225630834780082,0.012629409909259108
0.08225401892481567,0.04668419568736244
0.06657170121878676,0.040366009588682694
0.0108793445214946,0.034549225316556464
0.04182610811501028,0.03665602856744973
0.09953248255858724,0.08766892886096882
0.047677450662497026,0.05669395116173624
0.07400988733984454,0.057327949928813765
0.02960303211625294,0.04770339942145202
0.044160054868936996,0.05246341230070867
0.05247225692626237,0.05618508952435759
0.043382644153392214,0.04534576241101533
0.035242572509128774,0.03315147625570118
0.046566659472594744,0.05980491772508115
0.03149934649676203,0.05132503055261805
0.018605564681568307,0.044041485845952896
0.040252721458032395,0.030257618278457264
0.08306160183433722,0.056624651584384136
0.06840389447258981,0.051777328023960636
0.07457386025788967,0.0423850638502184
0.02658403912115471,0.03401220357633983
0.041532734880531046,0.020761676938231215
0.0729940890184712,0.050029586978864025
0.006861001180108335,0.026139034176985543
0.06413154715632668,0.07813520095667903
0.04254439405019361,0.033474070872315596
0.06095297042458969,0.06651336556623735
0.05544638635391305,0.05924348813884822
0.031187446821971276,0.048595568475437736
0.05493460040685672,0.03324705904466953
0.08454463674182468,0.0641062171173511
0.0422077762774473,0.04697968142028635
0.014143905466584575,0.02849390430355593
0.007916034481553036,0.014642406150239066
0.02922336515851978,0.014149519237971862
-0.0052845886304481865,0.039374628903237105
0.02422192988921918,0.028199455059391615
0.03806754086742593,0.04809458520681752
0.016419192303149532,0.02971333495926126
0.0627008283327443,0.06418712095440543
0.06773108460964118,0.025910656007748778
0.09114895994055486,0.06421169393089815
0.08876031450222367,0.07655339696371721
0.022553512415643864,0.053069439688141776
0.007822941218404834,0.01964762033086198
0.06369291600546921,0.06300026305580173
0.0051221336426987354,0.023898936838021734
0.024342711981851946,0.01353063988062076
0.05571640132013606,0.022719649031376025
0.09406354214065375,0.0661013295812679
0.040680324909952124,0.05184144873898964
0.05145005424391415,0.06566831774357282
-0.00525689284349627,0.018358012516577225
0.04340290825377342,0.04682477218525026
0.038783068271648374,0.02510220823232403
0.05369256431109866,0.06825188421185335
0.08638950814876772,0.05411737536329986
0.026352319959778558,0.04047314431095386
0.06493721296156633,0.04692502925597328
0.026920439727066897,0.051350421017981374
0.006647804826251463,0.03216228755853107
0.03610698607262192,0.029719128646534716
0.011558825366760847,0.035869813451036736
0.07426230384669977,0.061775961326902364
0.02523558626710275,0.04273047266381995
-0.007691461291270518,0.04637730083667364
-0.002922890884672023,0.015044047799674597
0.03581091862501593,0.040786255169708685
0.07557871743157571,0.043214295321519075
0.03424480234101617,0.0439493998607729
0.03301894217892783,0.0394665400207771
0.07548193520490833,0.04474346497906437
0.044054301095098926,0.04842558703758924
-0.015494826862637878,-0.020623164548871403
0.07389414047734616,0.04277733308010278
0.06617422746556116,0.04194259533751925
-0.0036171631198047734,0.008604358162944898
0.03563005507770565,0.028238545557088747
0.006079933583868177,0.041901250346314936
-0.04765551684954197,0.006499155401587065
0.03525157181662339,0.04394085567632045
0.07801763009066262,0.05747141736718745
0.0027281776653904155,0.043955142629646476
0.05464345962368776,0.05302387122351998
0.06573395366228008,0.06272224497357078
-0.0160137050108691,0.01954630417732906
0.05197214639132752,0.021314063789074442
0.025637992346711547,0.03565118312647707
0.03009485707792551,0.015098403517282562
0.09523906435846435,0.0641942157274491
0.06028400605506854,0.06551476506107336
0.048889727351374486,0.057169409042140046
0.0045722752336488665,0.030129109004878994
0.04981086181416526,0.04794153793235082
0.03068304148898806,0.02080419468825548
0.07082228230457147,0.053605033435683805
0.0009120787326689691,0.026795116654386796
0.02884568646740683,0.03183648568144814
0.03989513582186209,0.04279042591697982
0.007081045718791493,0.029892272264592977
0.012466731748226108,0.02714908020558076
0.027978067507377136,0.030255705285975355
-0.001722135470937536,0.027967565978219602
0.03871211805753403,0.06244918015915329
0.044833528751918705,0.004020025994140095
0.059088601563277054,0.06191395112588981
0.0068736472961364444,0.008843989789190272
0.054676837461892246,0.03132950795326322
0.020789884881907153,0.015190660483031469
0.10470940060585388,0.0505900790001943
0.03824358781952442,0.04059451715247821
0.0885575611895147,0.07343279413177131
0.020457836265321546,0.03483145632684097
0.0037611448364387214,0.015352931774539743
0.03756390221486827,0.05488320049508445
0.021983553757792818,0.03867084712075476
0.014468418328566452,0.03268243369339557
0.048983009425210236,0.05832440202600909
0.06998656107016861,0.06115540843607264
0.010252894967191848,0.028840397225560848
0.02106107283998606,0.016739607446604
0.032200602398842204,0.05022939494089954
0.024018330478051658,0.041896031033211344
0.08677973389112816,0.0620401812664574
0.02394429755626753,0.025352469281773822
0.03727524308892633,0.031503485186807074
0.025720814696111906,0.04815145156911799
0.10737096684765299,0.07396437885580749
0.04848400568929971,0.04466798016545556
0.08757763956781416,0.03663069417531999
0.05647941418264371,0.05065542795122801
0.023458495743151925,0.0578954858318733
0.024628744823518144,0.01634139108452493
-0.0179171486352073,0.017579767704946424
0.06265123867147418,0.047107113418053875
0.021833884839811142,0.016175342350926367
0.10289320962704739,0.06441619230864477
0.03305228008277567,0.05259317048445628
-0.02778360802177023,0.01773231173761823
0.03821395363365927,0.025179947845445076
0.07392884960575428,0.0422363170701945
0.023334666247692294,0.05066422531595825
0.025875020383196404,0.030470931608189627
0.018986290803336227,0.04012764978504573
0.0494344117083234,0.043946754381012566
0.02947539721985356,0.03224438665253806
0.03699851144065295,0.036700508126823225
0.07294687422000236,0.044089406205764875
0.06691850502721645,0.0639911793830971
0.01641209359644203,0.05291996586299451
0.050596694023951054,0.036185224217590864
0.020340198825525273,0.026395652735789147
0.03367727450521548,0.03163145491265199
0.07588874874487707,0.04172931653898155
0.09852007244586689,0.06547895098851333
0.01031565348659189,0.020834732561999764
0.07091873923266712,0.036689215994340746
0.05236531488490538,0.05955749146267925
-0.009919314075934287,0.019475612291231202
0.053750545416967846,0.0346823062324543
0.015373030039713681,0.04614764318664979
0.04971688087635236,0.041319876997592875
0.013061963453710804,0.029998191445295044
-0.01012589595978676,0.03163983374319124
0.08187862275911334,0.059659992205179146
0.0701119642695322,0.03943103573901627
0.01933693672872227,0.042609559791386684
0.04729376298457323,0.06080657667712323
-0.02382168898330503,0.004017605834626162
-0.008762270151588727,0.0014048239041633721
0.0908452187063939,0.08440826093806571
0.023652062587062955,0.031200384045922194
0.06086139105869885,0.024615854225905284
0.03405961095545127,0.040587985435401125
0.013497473787560992,0.010968079991293194
-0.006897059928501111,0.03938285307798814
0.04980607661854054,0.054779815031230306
0.02637754194818235,0.011297611499463907
0.07276307584564272,0.0892940670959527
0.10608870361610476,0.06456615439442112
0.0032362603619150608,0.017996024437035196
0.050410755543514936,0.03380813296197068
-0.0003497341610516347,0.0034944845048963365
0.022590378434036395,0.020256797171506916
0.07296179126889753,0.046602501168163696
0.05326643446246433,0.0411180467852577
0.08358697142858804,0.05445169271625373
0.05468638023740808,0.04845566468382945
0.06699360435631244,0.06735472784766858
0.010552856453281776,0.030673815678143732
0.03512310944277869,0.04685866022086553
-0.0030837225294573258,0.0428613944780577
0.040768445120803694,0.0510829327375931
0.041076375956581895,0.03313653790434519
0.11138848524868301,0.05860135199655975
-0.00998030206014985,0.021338667074964388
0.044610505623701315,0.01697056061458073
0.03728812288179041,0.026442482467207748
0.011758619865850516,0.0282849852003157
0.061991279263402865,0.049511337379432585
0.14698839925420437,0.06107187647022115
0.0517176146023961,0.032839909945860286
0.033845382146319575,0.034131484113347155
0.023659469651666265,0.019561150960234086
0.04704278281546152,0.03220934167658762
0.07361182229695365,0.044493108474692976
0.09963958860158549,0.06078681806788694
0.042089581098942966,0.03177478519619986
0.07602047324768565,0.06391454255760681
0.051680420615882995,0.05344893301081324
0.04899394515897523,0.0448669430834363
0.0779461881073938,0.05295078397925291
0.06206639646589307,0.04466590576120797
0.04195148631537246,0.05412058024487909
0.036434905337553454,0.01935781005351487
0.08689347486453813,0.05087220878698136
0.09910298551035732,0.08315122217149107
0.07318732025786755,0.050245769253341135
0.10747630424373925,0.06239202213393566
0.058781320067810235,0.037117648710793094
0.009890644163908455,0.01709642405718461
-0.007366417488521286,-0.0008886242844342689
0.03233977964941042,0.04225651790523844
0.11009795218549852,0.04242887352296846
0.03754410433988018,0.04300233139210051
-0.029748318617318113,-0.0021090185028196113
0.01625956158538747,0.024840891666366834
0.020187496370744077,0.02878206201171523
0.05563644984994337,0.03495489221693368
0.04578575199525102,0.05748596801270467
0.09121537263755299,0.06395514493132987
0.07674751241642809,0.04005774373716392
-0.026068230544199968,0.014786705194800022
0.004367165031235517,0.05010759696034988
0.04906063114058798,0.03175811506309244
0.06008711544140365,0.04171249033792092
0.06338843987468669,0.047635186818651504
0.07863777668417833,0.06692930818556961
0.06303774209699328,0.0645956531123022
0.03511299019796649,0.04611437109268776
0.1336744213358378,0.05874339754299733
0.07665030450198897,0.0669857204254627
0.11224859809528594,0.05097999384777076
0.1035814518504494,0.05877206714108221
0.022892441084195345,0.03439776829130749
0.03234768842869936,0.05384185905878206
0.1298391227564201,0.06066695218710761
0.0006718023731301075,0.017924447447747134
0.07680988688683343,0.048906190654091075
0.06690444858001111,0.061634106893232454
0.034812919787053254,0.057473657721935065
0.0581834401865311,0.055093974717565095
0.04465748597976235,0.04652595577680968
0.04116291285919026,0.04841615844923408
0.014380633971957952,0.038536275047227474
0.0535730563044234,0.04114867270895914
0.06923924564805034,0.06184020429815896
0.041549127493425826,0.03359046602638856
0.03500877945959726,0.031085827158173138
0.042325915334687894,0.05237727443076334
0.012460994919447816,0.016970028194971804
0.06002888605301189,0.032244628920664375
0.0239267245297115,0.03314764735556082
0.036918114874144564,0.04623278337531658
0.06124186824304899,0.04319598480239223
0.036341553417876524,0.031090713072868086
0.026070047006607325,0.021846478453158284
0.015697237698282813,0.004286844007293007
0.044023261359255675,0.03608888092674148
0.006955867875442362,0.016595217205561535
0.06918464118119408,0.04664046122691129
0.07048542144304737,0.05685339262800534
0.0454632088659409,0.04762246271227296
0.036592164082419484,0.038809952687489324
-0.017842194640457894,0.019260956269359232
0.03776216925825049,0.037335105320739706
0.10162353798018708,0.06450661506129889
0.026028206075148556,0.028111194287228067
0.04972100092362065,0.05176576298664878
0.03415572949344271,0.05055597898684398
0.01505602422999399,0.04395292739905212
0.08630725717289038,0.0425618587722586
0.10534089794626131,0.04350766435824892
0.024609716930625893,0.05800052712095784
0.06495288723691112,0.03318651371391873
0.02226741034576259,0.04668205606192013
0.049947141845309725,0.02169190990933859
0.0645207327604395,0.053919984782597845
0.04679728809896504,0.025325966378852573
0.06623327957505465,0.05287657406058284
0.05735607321513109,0.048252312253243904
0.0007102262922655685,-0.0038292313767193872
0.10767516542398223,0.06608095274273695
-0.00899104816139092,0.011004875160938461
0.09334218246280639,0.0678747365002142
0.01580886608588647,0.02366874559442676
0.0770166255165047,0.05392010691432761
0.0470872436139609,0.0542907679453055
0.01791352585240136,0.043535748526468965
0.0278921604246549,0.019646942008891565
0.011291338885804431,0.03260479251127339
0.031805459032538945,0.043736651284358566
0.040709275922670075,0.012368110127958812
0.036528341483902355,0.04185390391734771
0.052683940576976125,0.01866308982141645
0.03158438964088991,0.0549695782743255
0.03493971563533191,0.046576690255397124
0.029732378575099014,0.05452988468469888
0.012467127181413715,0.013586295730718508
0.04904244221580586,0.062403569431384615
0.004255721038857426,0.03247996832331474
0.03064840835014221,0.03443794835242353
-0.007891771798199153,0.013389454271013549
0.10761410897573401,0.04551686850351129
0.04097744231959945,0.04244935751962798
0.006786901919322947,0.02628711621699418
0.003425508513939181,0.023366836255150385
0.010162933698902976,0.05804738215907993
0.017741350312061286,0.030549800071731012
0.06447021310999233,0.052336588903531524
0.041631247531495344,0.01991931881564529
0.09379164716687205,0.05988162439264599
0.04212118973735633,0.03445683803935698
0.022036744366465008,0.062388528124970956
0.03561663734967081,0.03910172463237067
-0.00037627148213584434,0.003149048937797339
0.032799578366668955,0.04142620856744009
0.03660452141148056,0.02947602465594404
0.06619815233312326,0.06137866464857622
0.026111057135034574,0.05446827079359852
0.05648455356195533,0.0210751178049119
0.014909005981975632,0.03316518709933472
0.06088201768351362,0.06443117529454179
0.0444277174515419,0.046731827604428726
0.10570346419023471,0.06114047819607552
0.03902456085046517,0.03187798798056916
0.03606731213051642,0.039679100773733496
0.09113567204062718,0.0490768580630903
0.03598833157644063,0.06057255484463428
-2.658692151664239e-05,0.014013281620766968
0.0287646628419961,0.02503870829692067
-0.006805942366853323,0.026639316081661493
-0.016076236944623228,-0.005686159289088322
0.05962045611562265,0.054214305428584825
0.07307440061352938,0.045520827737988
-0.016657218264703937,0.007921484984446676
-0.010972801774468044,0.03571231205282728
0.03600901819765093,0.030694067697907532
0.02430675270141323,0.0408340236917517
0.09107303112175491,0.06460980724579893
0.031506582340419954,0.025689850555410502
0.013176547712932037,0.014925601631031366
0.05930625818693489,0.03225441073546499
0.0623207181272207,0.06715619410404308
0.038947839260466265,0.05064193491411733
0.11627915425327567,0.0784550378101655
0.032125564487454634,0.03890779635262408
-0.020628044927794388,0.007375857770528196
0.06765855747961491,0.05953648876315493
0.046007977325573116,0.03925492245947199
0.03116373527522029,0.03607649867197984
0.06488133862986963,0.03797727438931721
0.020976238276826698,0.033037206482536656
0.07557240095774294,0.06072866707915209
0.041517383758617375,0.025974064346556372
0.03742643202779619,0.03489133870205666
0.020552793327573628,0.0668873856663901
0.01835379651474338,0.019215623236510142
0.0321407963997143,0.05089970052392995
0.03126532816195984,0.036539694103870105
0.044308466647571154,0.008097008620724523
0.008556751504145999,0.044863080518097856
0.06315841168747648,0.036489585149291535
0.055335772198349696,0.0484074552003305
-0.002000725679453766,0.0019408774175805298
0.04393159917324707,0.050614741883643496
0.0851560064940839,0.04989914898994748
0.05080669110071058,0.02964014639368951
0.06247014024409397,0.06204167016204109
0.020596417930201213,0.03382890806376367
0.02399739473315794,0.025860607367281394
0.03162803467944615,0.014443967771963048
0.050761294393194795,0.0628440726359197
0.047650921935610414,0.03465572085961133
0.04279924836484374,0.05918513198791882
0.08966351501719325,0.04287145473238316
0.01273105321211981,0.025094970715244462
-0.0035784922905942847,0.012110461254179422
0.0035376059833906615,0.013079357912560605
0.023400037335069162,0.0057756608302205175
-0.0004667335372450683,0.020928016934111816
0.02363598587115625,0.044696107478905386
0.05066712687653161,0.04557456300813627
0.059233083318313076,0.04164789455408596
0.05803611055337997,0.053234492690731064
0.019039140899881585,0.05264649716809045
0.009963143689811533,0.025271418774612375
0.08499987937867454,0.06694830754219563
0.06568688902941909,0.07132434748423624
0.06619714022841967,0.06614052561715919
0.08801650128776647,0.05129758681723608
0.12450086231590529,0.07575914139622318
0.07303903573546776,0.06766604801953228
0.06126508339096933,0.05858110727341495
0.07683255789777205,0.06228049393445264
0.07480621735964404,0.07387511399210257
0.002198635200704818,-0.0019560645492255786
0.06744049262663387,0.03728674686300786
0.016816662556027057,0.04890592590630948
0.025521775666207957,0.04804302557993047
0.06002113700772544,0.03689159249988891
0.04023026966688939,0.03895281509540726
0.0803476810065868,0.06030030200210017
0.03447437899354118,0.016004305726455212
-0.004778713337106711,0.008200468870838704
-0.024821383561061956,-0.009426939519836601
0.013821141766969795,0.05186062883724234
0.04504463281042577,0.05737039312316058
0.044509778759923874,0.010644147480618864
0.08198588241180052,0.05557121887163216
0.01593814344150453,0.013717299044436387
0.04081659112731567,0.04477117819004585
0.08087823981863818,0.052457468201043675
0.07088221641536722,0.039940862728991486
0.0346041575191549,0.046441954233995955
0.06707982784127407,0.05641205352402079
-0.0071269223507747555,0.04636954166224641
0.07694287414087732,0.07613552058532246
0.029709007061045366,0.04803553763478473
-0.004681897672227939,0.03783051168540992
0.050563744403806225,0.038675639747759574
0.03327384423410252,0.027277217922116664
0.03845770455254866,0.04208261029015706
0.03997724363282077,0.010338627005917467
0.06384982051840235,0.023502669322486482
0.060067348199428265,0.020371443821098272
0.05813628952155178,0.029013347234363253
0.10766509763073495,0.07850909133479407
0.04858048946769704,0.033797878320101116
0.07729270771463198,0.0620268295596203
0.021987919231336608,0.04198912801234274
0.07115512033381345,0.030265516652486692
0.035082489300050645,0.036124903060214264
0.07227343687855924,0.03793421139842272
0.056327850866312305,0.04135376806692481
0.010150725414731398,0.04721348508602579
0.06755809925400294,0.031395142467438006
0.04066868146911711,0.04633561892561558
-0.019070939163781615,-0.010899113860041047
0.03326441305772825,0.04965076446021157
0.15047206200945756,0.08584462485952479
0.06733843160364576,0.034511088142375634
0.018527556810652806,0.030667917396960752
0.038448976515713454,0.04048470595634952
0.08051573119438074,0.08890779703886126
0.029464204584075254,0.06353305941009918
0.05056269746267823,0.03704904229792287
0.00785970809385289,0.027932591156168377
0.06828374219900168,0.08356049270928984
0.02252730535171632,0.03908018634263982
0.11204993480538063,0.044925733870090565
-0.0038277652641644268,0.015062416760867725
0.04904358062687617,0.042269439867271975
-0.0020055859137643565,0.006014315121121865
0.034441448501556324,0.036180621097872526
0.05194115264913654,0.051239771768281935
0.08089260107667723,0.06371224343960441
0.08597710948475447,0.034124542612096444
0.007211444938451471,0.015136600449886652
0.05605370563631634,0.05695474946137598
-0.006267280696993775,0.01932652104253088
0.029707661726678214,0.039527349073051506
0.0068881524144255805,0.034897208021921124
0.044798434341158516,0.05379891530282971
0.04739950841124811,0.04886199139840662
0.053685964399348945,0.0450929206865693
0.056090067565132726,0.06746210540106404
0.0444215876819109,0.014625418177649945
0.042083683394131925,0.038866824314563606
0.03286415271023885,0.029919228108031968
0.028617420885819592,0.041419793916794186
0.08287128125306104,0.06463125110208505
0.022490326858675917,0.0303129702611246
0.09117980968515399,0.05517671590785432
0.002962850229523621,0.016831962094277397
0.048755900656328385,0.04962641907409628
0.1190602793260434,0.07495106279500893
0.039085698455892603,0.03015890501742384
0.06774592244434825,0.04674879147989697
0.03110648695163719,0.051774617056625456
0.007895849854222974,0.04292343603845568
0.013224233115756224,0.030842320267814635
-0.005939006055483573,0.038185223663304416
0.08803843144662989,0.04408301828751275
0.04854270368825563,0.055556352195180736
0.04679743591786501,0.04588067717100862
0.0010887529716027706,0.028543295664669274
0.007733725757208274,0.04568957961850362
-0.018241322941451248,0.009600245201361346
0.07204423625381218,0.05174315306896463
0.06565612045606631,0.034791999888226476
0.014590497760458631,0.05102082608211571
0.031667898741412896,0.04843881882949323
-0.008365922419811366,0.01358822923435339
0.04192877514234362,0.025723247028981634
0.10933722394578611,0.0634925232015726
0.05383327889667584,0.03354672349525206
0.044455033017757176,0.026041204884353145
0.10265179370054348,0.11077200034726072
0.04342254570408157,0.03045924843590489
-0.01542568930893035,0.003027670462410987
0.029207127380610015,0.06102854975930977
0.009405904146096865,0.03811725229282763
0.0237845015989659,0.031081588946515193
0.0473441862795256,0.02729970616678976
0.021230031108973712,0.02737233482283346
0.007005409888828133,0.009576680725485447
0.08798634694047584,0.054412534594209916
0.049652723890507976,0.01559572087182369
0.030909948999033775,0.036997112419229344
0.045886734047744154,0.05769711253889402
0.06194589460757502,0.07370598545189838
0.0432731616397421,0.04117469954254599
0.002681491321712186,0.054717414665826386
0.06309091232666825,0.05014611674978656
0.0721825120138357,0.03140316311109824
0.028083580150095294,0.0246187208682156
0.08310040250623249,0.05626654348428437
-0.01097394770058753,0.015450048388129491
0.022947436827593072,0.022366507430969906
0.0004383919602887066,0.014383863180758375
0.004687223617913016,0.03903878808407543
0.10549320304679613,0.042658997840349516
0.10589129327823991,0.05872502677166906
0.0904111822765179,0.052233316018786405
0.048444011591195955,0.024481150748948625
0.028027515075383626,0.029530249595207756
0.04835966291129277,0.043240117469169975
0.05992829963276767,0.05367528172781996
0.06018025852838279,0.05309299011956476
0.05202859240479342,0.04921585265007266
0.06432841770994749,0.036893429363519706
0.12589168283887986,0.05119906166002515
0.0527074106179457,0.040457587328688746
0.028631044815015265,0.037689608401357565
0.07110984597669603,0.057770830072400456
-0.019897049068705503,0.014443494705891263
0.018178137417087688,0.04198263480343855
0.0045655024318786,0.01192765551337768
0.004378880913215141,0.0040444155427994495
0.04678639346846098,0.018051041899541376
0.05759021936322302,0.06449031832897462
0.02067496921817003,0.056276799707241316
0.043385917940628405,0.034853305581442805
0.12057412920007529,0.0663770840911589
0.06506900639918603,0.05009912871427784
0.03897575985992681,0.043159491719581396
0.0036809809380777764,0.03168435374408619
0.09262999336132922,0.060106411903624556
0.05679078164480078,0.04301168631533415
0.032453662331319355,0.03398764658210318
0.058842248030299166,0.025152648466038485
-0.006005495667642488,0.006293282159795867
0.00040572729630136955,0.020819526191878227
0.029238418756860843,0.021586886780724943
0.05573006618871573,0.06213440913022625
0.047725711746311766,0.0479723287069234
0.07811674046423864,0.0587871272252955
0.015354610117600975,0.024917426769005713
0.07301251929940032,0.03248680468991606
0.0002754239427941805,0.0535217264929934
0.07002748747296046,0.029295442531750066
-0.004982244820517619,0.02879803890846791
0.019095247256241017,0.03530189897423654
0.011022815115324621,0.029855471826542263
0.039526379962685584,0.03513258972977377
0.024939273431637047,0.041866021312085125
0.04948734122376405,0.05304085033037078
0.0452271599999501,0.029536624868688466
0.04090293905547651,0.04616186031646559
0.03176903621913606,0.05134648853587416
0.005653076030077614,0.01814217945897465
0.036020445705371586,0.05448817359046319
0.04367422423663821,0.03505171429994554
0.02753861790284542,0.018701134284648948
0.03593872242921441,0.0416064812048747
0.03666895166550438,0.05611026565357695
0.0085205291042211,0.01783702789445038
0.009794721768553408,0.050393614690821084
0.04339561428904691,0.045638536972817736
0.10434616141181512,0.05756664754573618
0.049538792726793054,0.03279679378171642
0.04382041344834486,0.03515527966601679
0.0380443338387094,0.04195131626441201
0.042992732538117265,0.0512459196264512
0.042947989209428813,0.031066985358358112
0.08584353867635373,0.07931658139254849
0.041065792905581995,0.01732487876482373
0.03634235972328577,0.0438398208472029
0.02708139928725885,0.03164060913476758
0.017501564600223715,0.027379103917574504
0.07576600851982815,0.0537704334486549
0.07217385090408424,0.0531652365123602
0.04715729371093779,0.039469499572952885
0.10622199660957823,0.05689088321272702
0.025636923093625287,0.029208230571722404
0.03510252651047284,0.058415996071948174
0.08127876426479495,0.030934149231549166
0.00670495659544388,0.0454447735845308
0.05178290804605786,0.05574324390441367
0.05204996956610959,0.06346529124286422
-0.01860682748017305,0.01256920209470712
0.0469836418467155,0.0439467271935092
0.03126569139547894,0.045250222504530355
0.0729853954482092,0.08056608252413999
0.030088392333045947,0.033655604631489186
0.036552238333851524,0.0661645142067124
0.029489331142099777,0.017538024385785507
0.03160145403232726,0.04731030327829442
0.041579720555985106,0.04602473645726548
0.10125876242671912,0.05047118774579259
0.09720947654656899,0.06592194062704634
0.042773458313493266,0.05493802371978189
0.01665454127135595,0.04990404316425663
-0.016768041011101617,0.009566622113510543
0.018710028775669338,0.04342357414100903
0.0418753054142534,0.026327667618349593
0.02245441137745683,0.040851184766790616
0.10316128892125132,0.05077519509016647
-0.011869442892307921,0.028576739327945674
0.001693496466844649,0.033449570895814885
0.0711324828513899,0.05679951408991849
0.06937933643970008,0.0510668420539533
0.03738397469267606,0.030803477397649572
0.015521325225677547,0.07561251507510683
0.059811612557995705,0.0127743534284177
-0.015076441247946867,0.00654815297538946
0.021818410874470933,0.027262984919226345
0.09254599777301262,0.055209519513540625
0.04369392274793954,0.03794551102220334
0.0129371519953456,0.029533749300313984
0.03901284944049193,0.05157540270420114
0.07145134192693442,0.029841406326752255
0.06527364598107134,0.05481438000461998
0.042344767458754276,0.049017885417436055
0.026911875681574722,0.03422285955841778
0.064495996155177,0.045409549906491244
0.0768991029875322,0.04961057579279877
0.07654978752712495,0.08643728097549433
-0.006552181268085199,0.02831887049911111
0.01683761114618423,0.02774368005000414
0.058492534002209474,0.0592831057112855
0.051504671997754346,0.04442508601257372
0.036163999148389435,0.04614510361898669
0.0532950272969596,0.04621429148806298
0.02638455076817476,0.0642922116390159
-0.013888864194381567,0.011100249278787295
0.07829703290203396,0.047227259988144435
0.012161127776611647,0.03870795713491704
0.055615271276692704,0.08661195125455089
0.038959979316982224,0.045042490028067206
0.11453046684733352,0.05246292120159135
0.05657963760135126,0.049762864396009035
0.0002786053941414869,0.03754425605746772
0.05822572495509444,0.037803259637876285
0.04477429581895251,0.024891255747759827
0.039667271731738396,0.029476720211277084
-0.009751580048058216,0.0551936814411534
0.06455171942532519,0.04405507905817448
0.0787664603285242,0.05138600889317403
0.03785011056924382,0.03367166283646339
0.04199948173245126,0.03558742201666194
-0.005812777354665333,0.03437078561524106
0.005026494532429497,0.025382965888756718
0.011692002716287078,0.045831736649944985
-0.014966815758860257,0.010719109458601576
0.07265871533531765,0.04391919819241229
0.10539107106099364,0.061505699333671435
0.11095544218659395,0.04869045718528869
0.05589568724471407,0.04432894793976468
0.02592996683762498,0.0075385816772732366
0.004000127110183702,0.005956173974771863
0.006842044340027615,0.018018099283213133
0.0632236267437494,0.03682977870480016
0.07714028082144336,0.05246581262830448
0.07343807521720948,0.049864227084203565
0.064228135225575,0.06913410786052729
0.10501773349453708,0.049965322643929104
0.07506410260032882,0.06299571475076146
0.08045620343741458,0.03808704047788635
0.021208916545857878,0.02915588337024123
0.024652337542907927,0.03306408438128911
0.07609696408767477,0.05018119154819057
0.06107480588693788,0.06787385562943257
0.0742535373466238,0.03185607660187071
0.04054160044716078,0.02697828044944745
0.05034596013869956,0.0348194828509968
0.07533817056105606,0.05091967304493551
0.06131429166233981,0.05348822809449983
0.050233821763317095,0.02694534237321433
0.10391661606376781,0.047485103787465406
0.0876737521258582,0.029176556583125846
0.10357439776291055,0.054897529741541246
0.008848168573830365,0.05249015561787049
0.011861425586512743,0.04059286363952158
0.020575938540784933,0.025383049344051903
0.06691213277583415,0.06236985215761747
-0.01140015698618159,0.02355054858699651
0.05153482975899541,0.03438618389070465
-0.0025435657805148587,0.027683198117429177
0.030148650216629526,0.03473294329989871
0.02418862182342233,0.016030113612230067
0.009915538290253214,0.03839506186185241
0.0597055480599641,0.0381579721641033
0.03455199522956008,0.040012386840276554
0.07267584856375323,0.04511437526135757
0.053428819217423,0.047417790863624715
0.02272142119234615,0.027381686612079993
0.02367049060784108,0.018823041122477194
0.07308810531839434,0.04860501471974008
0.035488091799117986,0.016871384284263557
0.07598690161946572,0.029666524827800377
0.09649941382469565,0.04262023367840567
0.042937421578394926,0.02617124648119678
0.019902435338071317,0.06493444077251069
0.059370923508844126,0.05710430207577206
0.045296032141421805,0.03875356277317162
0.016164212913185975,0.04081826280698337
0.03359599823474474,0.02981457039215621
0.049440261199920676,0.050018626458825266
0.034476561182643674,0.02314393999361358
0.03390295740914026,0.07791050137760647
0.09759346981140965,0.069942307837939
0.07234019534490731,0.053645260401156754
0.011590561866674141,0.038160075651893964
0.007043919940945434,0.04171066763659036
0.021925865008139173,0.03261344094191623
-0.012825614684634008,0.00920615206621578
-0.018889625011140748,0.004408236594575602
0.028287000831111443,0.02423493643232695
0.008830314616193859,0.03487271259357363
0.12005443097114507,0.06410267840269479
0.029992332445170588,0.05215542481274171
0.01403416626264721,0.03343785825073151
0.007208424639017632,0.01849915475852342
0.025803942971527855,0.07182993312386549
0.03027940093578721,0.03788107483709209
-0.0007582151550216752,0.04630362084030237
0.04065765724589403,0.05343725021694952
0.029976402725675245,0.04026822022402925
-0.01178671909286914,0.01640306783597352
0.02378747584421726,0.04540332778255665
0.023409352988910562,0.02789851928425826
0.02702177894213073,0.05485504338301232
0.057082055713226255,0.03944715261947909
0.04841698129809089,0.015932417774555438
0.011108877089470857,0.03453015614317499
0.0319155172822336,0.0467427496406463
0.04459210124116765,0.0376366510913821
0.015953259311334785,0.024544347819180377
0.07705175084828163,0.060562158490907125
0.07969226916285264,0.05011766565488257
0.06503166644557988,0.050999021705675315
0.05737888623500972,0.029327084255245214
0.03306979563258958,0.06032622212478294
0.047474707947728303,0.06678291479504045
-0.00789532602960786,0.032285149298303624
0.044202063451005004,0.03732731512691113
0.04514319028014852,0.059588679350728625
0.07439088704986348,0.04938432377984657
0.03504755551976178,0.023220029674502485
0.026814506588957628,0.007568159405873931
0.05468464667840594,0.015892973037833477
0.06195757790705901,0.03785737990660756
0.017145283781247016,0.033569722882376876
0.06006589270741772,0.047698387961898916
0.015891676951325304,0.012147330783667728
0.0643960384867505,0.06608380357702498
0.014729546408979409,0.02667861501907856
0.03696368537672378,0.06566253072341525
0.07468802432207441,0.017347924710163488
0.035804647239489125,0.028747762541939316
0.03975781790937209,0.04021456548182056
0.04059453790895862,0.03171551617011263
0.05187915698293353,0.028369413580628573
0.002028871233188498,0.03059731973956395
0.07751679853840737,0.043974760281449025
0.06525431270876425,0.057477820966629296
0.08884812605876823,0.059346573214053545
0.0985289989414722,0.0646723782248338
0.039553300764059884,0.031737665796420185
0.03780380540740838,0.0243620893394171
0.041296176247115825,0.04284681370250196
0.02508360154244116,0.03112912354796482
0.0776260535439018,0.050200353999620556
0.03874853566330312,0.015307613461746245
0.031869222904517276,0.019290694519130295
0.04676283998060768,0.054513119758020645
0.10068140480495444,0.06299793668297667
0.029335698593504097,0.024644884073056955
0.0742022973307098,0.0372747623129921
0.03533334437527884,0.04023317998013401
0.05849650190501584,0.05157583105584844
-0.014117151763070952,0.021467870419884665
0.0625510258351993,0.04549997860087527
0.013689022064453379,0.024801663599445623
0.021898339508073197,0.05571680649339897
0.01689885130915883,0.026927307853581925
0.025411207349213795,0.010199682170225955
-0.01465624250881646,0.022816634571432046
0.019926385974546205,0.02766139784478417
0.05955463354213428,0.032081234821950716
0.033349595032236716,0.05077662652785657
0.13554260612351265,0.06509652293296016
0.028015897835493596,0.06462293342604325
0.08544740746994406,0.05687731403920736
-0.009658293025606777,0.030232784583705156
0.02808128549008312,0.03660220784645491
0.03242921593443761,0.030170794271947403
0.031810500788923446,0.05652219949630529
0.04119067616859701,0.0495161037054666
0.08452636249072677,0.03851609101278885
-0.032889198492382817,0.0028415619203422003
0.07055917578021803,0.029566874267692243
0.0014442874575765607,0.025401934062615
0.055965640897017485,0.0181265694276075
0.021656535703835054,0.024017303364658668
0.015862082725196323,0.01923290796238722
0.009714658367549648,0.03706762091074829
-0.011774555550282909,0.011748468492181174
0.03512586392840453,0.04405894764929307
0.00816464934595565,0.035307937143748365
0.00688489673987773,0.03867239728719981
0.009483831909561454,0.035219445403418925
0.053502972943196135,0.03446753952497898
0.0432459846085414,0.0492388990868864
0.14454044724709056,0.07392035804043279
0.006511604338208959,0.03280378806643791
0.09737124371329034,0.048571874968344586
0.0332442048676965,0.022144188137815907
0.029126649092738755,0.028430214769725373
0.05643044736971392,0.05005789826210606
0.059029997561139684,0.05270768183152385
0.02868771353368042,0.032919180686091315
0.016121321818002365,0.020797746603221832
0.1170371005158974,0.07306214084189933
0.007397805201701836,0.014166123786580073
0.003131909665239103,0.02285855298960207
0.06023361485002546,0.04836107194210452
0.01752292393268628,0.021057695264428654
-0.000672359969786037,0.025387759315557097
0.08953147792577525,0.03195648582335813
0.05357671441200978,0.053335005127276534
0.09900806644804003,0.069718020111833
0.06401698231564845,0.050878810873941346
0.015673008179634774,0.014814271626873992
0.07650556705662823,0.04752541927614638
0.07580820239977008,0.06634887506640416
-0.001363464407432246,0.034925074889277784
0.08628796122291381,0.05203519657355564
0.06882021664713864,0.07976721771860489
0.024939289550332,0.007193551543043866
0.10771877171089833,0.051648136814237744
0.034344895444995804,0.03703529438825829
0.03332545059655955,0.03094169927490963
0.03227217108274319,0.048095741570575376
0.08831587398877465,0.05969584830997273
0.08447847799237533,0.04815037558891567
0.07383512459669923,0.053918610771202025
0.03168379581041285,0.01936886340249009
0.11486468370136915,0.0837874727374867
0.07127429468470446,0.043357220523253075
0.028806506474520523,0.04922153635920091
0.07560526144989184,0.07827582523719044
0.007028255283645576,0.017807203836018904
0.03585295295498104,0.02706502973015158
0.06056743308539353,0.05448619961535674
0.03400168027971821,0.02434318591280247
0.06520181502145511,0.04484706367428128
-0.004338800429881717,0.00394161804429725
0.036595416804417,0.05255733535314987
-0.011768871602336096,-0.0013649474834710304
0.03871005555690718,0.05143892859983824
0.10952411781849665,0.04588410968783593
0.08781593452425324,0.05587712901003159
0.061179952344602474,0.025866632342947553
0.05610400771567192,0.053500050108698016
0.02240310962906812,0.049878892658227515
0.05560175585283338,0.05985910667436958
-0.01318072768712918,0.030124411248937867
0.019366398883213627,0.0190632783051689
0.016797950262588682,0.040595967247954896
0.02836219385128133,0.05097476040183871
0.06287116141609894,0.05443779989929294
0.03017587891733977,0.03275069415565819
0.001672677948264453,0.01725886662482707
0.06425785790315308,0.028433079308395236
0.07592841981233552,0.05555021109605275
0.06573261744810889,0.051836296277574814
0.06046330485910516,0.03878927315200036
0.1343645155858784,0.07419321585560726
0.012814006532640528,0.01822229540985283
-0.000898292637370136,0.03268987806717592
0.10488565717382782,0.05531236523899492
0.05742391645140357,0.04448090539439589
0.06110341166807299,0.04454454502324147
-0.005571733686525285,0.013866775877623371
0.05182610311514291,0.042051354470989025
0.034900256458288106,0.053641370979376574
0.0387683620388929,0.05557351071078749
-0.0015145419130736769,0.02218709687652102
-0.01839987149852674,0.012413517727780548
0.01931847018775661,0.027089938951605504
0.004066787539614775,0.03012097009492122
0.04116813649423248,0.038126490798271705
0.06548083126860083,0.049226233715490404
0.009268588624958399,0.07493656061306107
0.0335984323032886,0.04234526632760468
0.06996589139745202,0.038746206889818405
0.04025003335089605,0.03812976303723632
0.00225592879201433,0.004131985410380894
0.013636304614490613,0.02981740185635704
0.07345087559005818,0.05511836509097699
0.08685256623217691,0.07392119893939554
0.0793073075836699,0.06313814940519716
0.06850619739951436,0.04529585580451771
0.09128591558785007,0.05737051754943259
0.014265653244637157,0.01746705051348931
0.0006145764062615456,0.026455647422715854
0.007744946576997176,0.024142610112720425
0.06828154285253335,0.06014086444698872
0.02658542627947978,0.023759953659553232
0.03994113120307519,0.04795663334972584
0.022734720374890462,0.027637765420962548
0.03234524273090455,0.048721257534817625
0.060663549783992125,0.03799475156171546
-0.00752754551820433,-0.011077847910626243
0.07872217977030053,0.046367549369000824
0.03907875804314659,0.03978397729433241
-0.010474059034032104,0.015354093631412722
0.015201772506656684,0.039007957213785346
0.036966968188119065,0.027137236252682558
-0.005129984993766927,0.020230175562102253
0.04841961812830567,0.07077512889677323
0.049547063999585694,0.057594214470039776
0.0543914752519678,0.0390025437532347
0.040049910554241265,0.03316868382550399
0.10742535168154148,0.04818793615925636
0.08679138934306832,0.057577734802608485
0.0657276931040788,0.06565639674709096
0.01080921299038918,0.03961352693742348
0.09712834960304928,0.07030393064149268
0.10070431431981143,0.05112635458298401
0.045430312314046914,0.03852309904482777
0.04745707717424509,0.03250451158378668
0.054301642527690965,0.06698317609533526
0.04899637593196282,0.04079157347730318
0.005962748022420851,0.0186781502022389
0.04624685940539873,0.04816327217320103
0.028262385669246937,0.026005880859034637
0.0015151130222547105,0.03485601702026977
0.009901027231414323,0.03836904276311039
0.018978373890486084,0.040390744984835594
0.0004977700185200273,0.02809844558226405
0.02407995936219049,0.05467524375037724
0.03393936352147082,0.03184781204832093
-0.006956505416530154,0.04129657056105678
0.061998236202451956,0.0400404235346819
0.056162228095915506,0.04140756805521775
0.07988553833403497,0.054497189692885514
0.06530638342328088,0.04442626096926517
0.015515840934236922,0.027520440223867924
0.004348936572032759,0.006922753184430545
0.09665705816039613,0.07623321120853258
0.08374751698823235,0.05140922655442205
0.07265771525824143,0.03769507399205925
0.04169954687772646,0.05316621798045175
0.03801705944641925,0.03886931610188872
0.026071752246998557,0.024579799887702924
0.016538121031700485,0.048047135677858455
0.03052210099631431,0.06281535643068656
1.901213438854424e-05,0.024403258033575286
0.05149577947484791,0.027952726311588814
0.07723692217058853,0.05391396930139047
0.03368397548631576,0.030783186376478745
0.05660007186938269,0.05378123258434677
0.058008608571448954,0.029748697725839948
0.03173026733822992,0.060971444460883324
0.04636922475322041,0.03256592478776974
0.02364987125224156,0.03407941016189184
0.04504155051998085,0.06476686513425105
0.08315524802149972,0.058755004612840084
0.04193080369754261,0.04412298734657448
0.020678036292818825,0.04072103573622063
0.08527765717668949,0.05744692057827192
-0.001303421579126239,0.03780701015117566
0.04587793318579654,0.0648071938053428
0.01943847000155504,0.013734626777418109
0.09677351915892483,0.03654845197902242
0.013789965422739093,0.026594705241111974
0.023564857327304296,0.02895030032358543
0.022970758008177335,0.04974536158032458
0.03548717590093137,0.03766323771832168
0.021239405305590965,0.03819470689866575
0.06335239378528441,0.06830845589065264
0.014473584064497596,0.008193420796730412
0.02039829569628427,0.028110416974155235
0.016926074751385294,0.0283100271296028
0.03233210145486031,0.015239386472184192
0.07375110076942945,0.04119000795269227
0.028611664593036178,0.04175883053917161
0.049111282213990165,0.060250285682460505
0.014466993905314276,0.03573856999248463
0.08922881797707713,0.06455598308169344
0.04393299344899624,0.05276457897706448
0.023861367285984324,0.0397969189404324
0.039901176590640575,0.0361914639487881
0.024523694970055614,0.04551547577650894
0.025190678352405533,0.029977846961041235
0.010221045359375203,0.029302293898380512
0.020469470457116692,0.01644723353855379
0.04888187880426836,0.06114697365720304
0.04913499067761352,0.021658696684963053
0.00710625280488426,0.005918187083126129
0.04818696970712807,0.023874351579770192
0.06790091786593799,0.04788347797925617
0.019761569203532912,0.009972134534070956
0.05477175537228373,0.03588803350585998
0.005548852935719376,0.018074100229839973
0.017454934681793256,0.03000690311254779
0.06796419634925815,0.03914619144291537
0.05375838675278356,0.03399173940769767
0.0014742972833272812,0.014493366502442416
0.08866278671676019,0.03303907312223908
0.05457497965633742,0.05790203038034902
0.03460165282675497,0.03141866735079569
0.07780827464559478,0.04458137660581703
0.03817080984324201,0.025478641954571536
0.018881886841478686,0.045848745349854086
0.005437073752964566,0.0012981597529878597
0.08053877304957312,0.06287736377225081
0.0895699834897556,0.062191235679550476
0.06202875678339622,0.03437820138999527
0.0660819097242322,0.04033381389020306
0.03218279662998406,0.020925463110610082
0.012415138946766468,0.029360526303847362
0.08963729641108811,0.05073832196015059
0.017457700215124706,0.04088348286373486
-0.011855229154926938,0.02212383566522315
0.021473250349292747,0.04238265197019147
0.033188686224912944,0.03935815834821785
0.03105397068385265,0.03785943857897639
0.04411084668611441,0.028696028215335012
0.026908599247211777,0.02878623026603293
0.03192942323377212,0.03863571040961891
0.026310611337047145,0.028118635820638914
0.017501321339659787,0.026822389400500187
0.05288878942205159,0.04610160842697722
0.0865471433994899,0.05531288137360256
0.06993654967480535,0.05493159538500845
0.04011602617372557,0.031489934548528144
0.04288774069102403,0.030975557466112226
0.04294437220372395,0.004810965526806996
0.023127053034004582,0.0634175431444485
0.05344814867283434,0.05915929901722834
0.1312254412361303,0.059052118872358006
0.03281163067293814,0.028907375022618153
0.07846510785970581,0.041021680800512134
0.023434715035628557,0.03754694197860754
0.04635704055734305,0.028425593890787953
0.08127719672989411,0.055672752606819524
0.0605819173713997,0.05844103507525578
0.004022895946825428,0.02741798854015909
0.02490120515634506,0.024605179037841957
-0.003264552413827143,0.03293660773278735
0.09308516415526816,0.04078420462092477
0.07767407591334614,0.0641909315636119
0.007598773549123502,0.04083374171248664
0.03421280881819128,0.04326292354415561
0.058172249260180504,0.052297127887518294
0.009181645087097685,0.035247771595896274
0.03169399052713506,0.03420302648989239
0.07545983144227308,0.03823319510235343
0.03289300498171891,0.031490894796686
-0.01675042327704242,0.005050114065863337
0.03084377382532094,0.04035445470723441
0.019797406787186014,0.05138456797383433
0.02948755286714143,0.0333396389240511
0.12141275750220279,0.042456951145507765
-0.04369858235725223,-0.02261927935121029
0.03857200572920044,0.03951294592012952
0.08702636752198724,0.04126967219085098
0.03200720728582863,0.03650680356362508
0.04160344284994653,0.007764980515423979
0.07563056038493328,0.04457646085329545
0.10522976859817829,0.05063636010579198
-0.01612359460164243,0.03630741015054958
0.034015296754092615,0.030611369287770827
0.04463334154243122,0.02783096559189313
0.01461867210070154,0.0399003067233203
0.05089153716040092,0.03425040979509211
0.02506667526846025,0.03693553461531736
0.033771899443584774,0.019216139562205577
0.08060712831864411,0.049191904500103675
0.016475374171597973,0.028737769006548064
0.004522441954080266,0.01058962361342248
0.08950914149649795,0.0342453501371113
0.030965103413451225,0.039977481947194325
0.026184622700299497,0.03929359330526876
-0.009655765379365258,0.024579812327309197
-0.02544464920072801,0.004430579385086618
0.031182894834752277,0.03829470690969705
0.06034477969762326,0.047922269215568664
0.02604549560414038,0.037271841940827485
0.0861394513704648,0.05057581544911205
0.013789009618551864,0.03049761818285107
0.13321762861068198,0.06744880022262509
-0.0036555722850861797,0.030953740378414293
0.0492239953607637,0.05045945633955302
0.10399861287272483,0.06559415986230883
0.05383023551117398,0.04183474493862336
0.05646720383057861,0.03795868487977116
0.08993187482379626,0.04009492594784
0.07676761687671368,0.06019717215353798
0.051298713916927474,0.04038366079159454
0.05076388228246499,0.03897355830492387
0.04840264984796477,0.03533187884175334
0.049436769319420905,0.029548363700743666
0.06352853133335437,0.06130745528232096
0.018636961272628316,0.022061043997655322
0.056134388384108266,0.05970119228531261
0.01695988583188931,0.048024785902943
0.06542722750115598,0.049146407578958475
0.054842813664265654,0.054159044000772906
0.0022847570892517537,0.03176072995227357
0.07969067185782372,0.04517528086333682
-0.0008571856279175269,0.007533919055870129
0.03217831114767937,0.044413948926628
0.010026235755533562,0.019081078661968363
0.04657334803967016,0.016980650926042576
0.0691213147699862,0.06386762494967381
0.007683979419963568,0.026682799817017072
-0.0008930046025786582,0.018370129439129083
0.014060481370573662,0.016664105489436677
0.02228739599138058,0.012317734228623093
0.07392758013738941,0.03626766550390416
0.005595684971246483,0.048827039300657876
0.08182495943071294,0.04236334411133941
0.012484392154533792,-0.005000750157019079
0.03877325861143019,0.05093085008358028
0.042587182747474875,0.03793893390938593
0.06165155456185108,0.05388101432645257
0.013808593480087297,0.023708702361421908
0.013082557588327002,0.039033419445456706
0.06287399799857445,0.05700110157357094
0.05239540069006454,0.02651764107085912
0.09382653983392916,0.062456129121474246
-0.01286418759417663,0.006703050998647685
0.03849356834060057,0.023843029573850573
-0.003046424894823616,0.016536480184859335
0.01595256019267628,0.033313043336693736
0.02117978120865653,0.02734166328355097
0.0004514888239079192,0.0471228890476256
0.036603913880636656,0.05346011539132484
0.05487815929797618,0.03477751154733716
0.024089067658125563,0.05607144264113019
0.0679033432333171,0.04027634018740747
0.11329001319302075,0.05735073085480058
0.06549370820288884,0.06315959296447846
0.040066540398240154,0.014170463955350073
0.05046729858636559,0.04323720969191683
0.10354685330382857,0.059215221155156365
0.12420129505967062,0.050553158559891176
0.06529080413449063,0.044439792142809686
0.02957672341373089,0.0275107291545075
0.046391330312793265,0.01775389649901541
0.05905227503549893,0.05247292089271777
0.05140641392495793,0.03255089940255687
0.07386802117748743,0.06488920580635371
0.05735711218209459,0.05680203406433173
0.08953680920935794,0.05569004022738043
0.02572817503666751,0.03727103233837928
-0.00992559971177912,0.028598616036478047
0.07095277162394108,0.06007264639096409
0.08461637984714752,0.06190316998576883
0.06609228799683867,0.03561676621792027
0.09092632896721473,0.04629188619026115
-0.007904704682762234,0.01718330890081143
0.04873308750903696,0.029100209186296636
0.10365290482627625,0.05441343244436854
0.09721739892830802,0.04390634409959356
0.04036988364008568,0.05725150210161925
0.06650614706087765,0.05462461057833337
0.04589077714051417,0.03436180323583307
0.06381783082274181,0.03717735264010531
0.027828845593366847,0.031827911261570155
0.08659020782994943,0.05479843654808453
0.08168195192945847,0.06716400027901212
0.047725452648034766,0.040189944311112336
0.020411567233817908,0.033169145952315904
-0.005244158569509022,0.021262579470496326
0.09057068756167802,0.05718608306554842
0.08268170700844103,0.03759122546335707
0.06234566562896279,0.040594780823724
0.030200442200601745,0.03196379940664727
0.06699305481744447,0.0625573960825721
0.04368117122688375,0.05212701214035443
0.016445233636109505,0.027768839450494538
-0.006771572662101011,0.017527784324287445
0.0902625864641576,0.05820337272207023
0.06430940917817682,0.056263586202269664
0.050067263978577484,0.04324802247857302
0.020535293562722032,0.033393173114069155
-0.0005641519325309003,0.01601807871081758
0.06177386855228112,0.04133139180927858
0.05065923181259193,0.04389531802924661
0.10340591085724572,0.06004479797779576
0.06207560720350523,0.04625755596774176
0.0184047354781348,0.029988191858437492
-0.0050913419475588206,0.03333148101207918
-0.01706450403364551,0.011842669295055834
0.05274423070272273,0.03762920280564597
0.037833155555156664,0.05714068496438684
0.043361916202338764,0.04492299235363665
0.0344700039411646,0.04498408988794893
0.11961937411515725,0.06517432334750015
0.02195051794534343,0.021679078083554522
0.05980953470916101,0.05648910643808265
0.05386624967119419,0.03057883503299633
0.04769266184517442,0.04118089286407603
0.04432281405002804,0.059212449580586815
0.030163680645022343,0.03838064506496695
0.058726298771510546,0.054266629269568795
0.01756599166524757,0.040485890473888245
0.01403251496059562,0.014272899753030342
0.09737328321135141,0.07204433895482512
0.057459314550517615,0.05926418900384807
0.060664061209335846,0.08095870584080747
0.057083154345765705,0.0769894533677222
0.037258973956310316,0.025941924880350506
0.015795579954848225,0.039900805288750923
0.06137029729071046,0.04704840715780829
0.0365001326128573,0.022217063896654593
0.040412388098073404,0.04495898951757435
0.07055366297161723,0.03288645758868611
0.018052293339681152,0.034143078326944146
0.05907621720832445,0.03446483916968291
0.060556706924963,0.04666309779631089
0.04373323543581954,0.02907110107035398
0.014048141382384728,0.02489663045765854
0.049266289334399,0.05137154164746452
0.04376512182785658,0.04386488878282842
0.03044090924623518,0.02718233414521251
0.003986212977253307,0.038485967932535635
0.014692964709669555,0.017058942614449683
0.021776276659678177,0.026851269922146023
0.013434122011317612,0.05360897474786238
0.043370161482524046,0.030241232894277402
0.05436929718657203,0.03996608804557457
0.09344688353562774,0.060351921328285096
0.08379292821369794,0.05349966544179008
0.05086208167415306,0.04998081802797892
0.015397975405296672,0.02437011711161275
0.04955780749383269,0.0635748654349071
0.05426456738417198,0.038417690275099135
0.11504974816397197,0.07563427670850881
0.1204043958150757,0.07954675251076032
0.05256990391767396,0.032038286101289136
-0.009219780702682524,0.015193114519547421
0.026772887691545087,0.03439042326304059
0.0280875569422284,0.03976252698995533
0.0478554787233864,0.022057839377347073
0.04042610829391123,0.03395039737983864
0.07022916642496588,0.05289459991649729
0.0774314493090874,0.04830200835824503
0.02393842816902006,0.03766293304028525
0.06665323580960374,0.049066091803445816
0.05739734231506387,0.041956072430525786
0.09487048952983108,0.06564612641603843
0.03513423290666767,0.05420129435845829
0.062018174687735225,0.03627685062991032
0.03449397617167084,0.0397936866870548
0.010986533427797781,0.021993638280998574
0.02847627025717694,0.010073555247960756
0.06186397965976308,0.042736991794180064
0.0514163898338814,0.06292966323953315
0.014505192173023726,0.0293910355716814
0.048388119416457716,0.04571025062186633
0.06834532566355747,0.055389227937530316
0.055293659062227545,0.05428359943226765
0.035486783744973965,0.041600355721605815
0.011885475405290022,0.06099911108827685
0.041425221786324205,0.035813642089335775
0.04607843261181769,0.026232123506300848
0.08809561227263477,0.07398363963455526
0.01831641714090474,0.04465798191899314
0.09437855276952328,0.0400427029134427
0.058811093737429196,0.049437140378558106
0.011785572231289,0.0135343166801972
0.04410244134822524,0.04184823354545267
0.05743984603211587,0.031223822565421007
0.04746691602216483,0.034380454996508346
0.0018541642289621098,0.038914005868982984
0.06500148358228094,0.06010146351882473
0.02999622967220912,0.050672356647571165
0.023267244553479886,0.0271404813387715
0.05383398346396929,0.029496918670361992
0.032369891565215025,0.023446870127345656
0.08097886954232802,0.048605259078891495
0.017887391098960023,0.050748974203033245
0.06451800214062786,0.04036023384414897
0.030395719169022676,0.04155345736027866
0.03205992820956208,0.05858586330838174
0.08699034667404044,0.04988311984288932
0.05506457343936376,0.07302419259224516
0.00873504126350829,0.06407588667835103
0.11976121216465752,0.0570840316221077
0.1051630348769747,0.06122502464524872
0.03572984573776328,0.03620930946339204
0.0024562621510447746,0.03634312556866062
0.010337987170321567,0.03927853226138518
0.027410914121427758,0.03501117108025174
0.02820044754339144,0.03232016327097059
0.07330654355570212,0.05501643101018193
0.01506573585619238,0.01771643804252484
0.08158599957196098,0.0726867475419625
0.10632175697314276,0.0406009588295565
0.03650669825836067,0.04531809108445619
0.054729334263192306,0.030548291352755753
0.02746778175551562,0.0303106023113767
-0.004661610303814848,0.03955003061890058
0.03923221128304159,0.04331924039805579
0.02158980607649671,0.03862589824863606
0.038344099146787956,0.06951477893190752
0.024877582879503052,0.07082727489444222
0.052474994379531195,0.04849207048591196
0.07522854895310421,0.05286257775439314
0.054526697673235355,0.04853762986561033
0.09324579616722799,0.05258872156759747
0.019873817732094998,0.016965004751034966
0.021029414021918512,0.022019140817208363
0.017620773906392127,0.031147753986661177
0.026198519770919526,0.03479619016654939
-0.0013929268142792157,0.019779023036943573
0.02288282830320984,0.03860846084266245
0.021896253768247238,0.0271415688996201
-0.010957755004622732,0.01371136262048242
0.0817942602004157,0.051978325203282466
0.01504157650608897,0.020692342817199873
0.027783074858914028,0.0461218745988093
0.02133638015474751,0.03739335589419225
0.0002729288729205123,-0.00421145356732841
0.06209815073934748,0.07582937554929692
0.032891625856263894,0.02289742005040285
0.008979351119260563,0.012312253646486047
0.044051264883111146,0.0387438044664814
0.04995418082177347,0.024650688778957278
0.08228616654667417,0.04558113017367042
0.04156527320219462,0.0229077703454574
0.11495352543391442,0.07496597223678589
0.07245784126588659,0.050856731718812005
0.011046804813000417,0.036374825984331595
0.009579839541246159,0.025209324893221953
0.007540669453315577,0.015876083700546946
0.026956846313112563,0.045772018050217966
0.04088156745909231,0.04377858977995201
0.013825752962762275,0.02076912712121077
0.030177497415203224,0.05137548239767198
0.05499278070939713,0.04946004704335146
0.06423684306846666,0.05093253176889448
0.023441033297278237,0.06797084104487358
0.010025683665455377,0.012481617836943782
0.026558077204679766,0.00884772488591979
0.0011647573815730672,0.013980770132488909
0.06711394169666772,0.04325996805013866
0.07937602688056822,0.038898366332892176
0.01901148748193841,0.026326531043349276
0.034381473912307614,0.023332996383708643
0.08160017903356925,0.060175119617549844
0.01451455918590262,0.028291539950285206
0.012438455505502197,0.040445195795537625
0.04886992644472667,0.0576528729899284
0.024189557892257997,0.027281444323054946
0.018943281758539397,0.03105188375143822
0.018724218854542646,0.04059473759318842
0.03204108322579328,0.0210506533315134
0.05482887778519151,0.05286308336663548
0.049712675838850834,0.041489036541268016
0.014486346424003838,0.030252667834026893
0.03377292468622551,0.050637560015404634
0.03511213539749604,0.03761144621186863
0.014444612809703536,0.014442838659713823
0.06797890915797067,0.038246711369363265
0.025144089469337296,0.034382741956318394
0.05852727747606722,0.05603367560468445
0.04491246827914601,0.05559825328428322
0.048560853911325544,0.031871886209403226
0.035340331428726605,0.0550809406516082
0.06723878988033449,0.04371510267828539
0.022025588652957576,0.02912229200634591
0.021969393700311823,0.0390737316102814
0.01181597146326854,0.03390436310728774
0.06253467274546946,0.0382149702748559
0.007695956395396551,0.019456238146155908
0.002142941837120025,0.02030934295715856
0.07435820527775788,0.06507756699312735
0.05303581748480354,0.0240474320514438
0.11819826782759818,0.06097281319399624
0.07480595449776015,0.06646568060254063
0.02699303216034455,0.0012237218539724228
0.0703332442605076,0.03291721414174106
0.07738098878522508,0.048533359266996395
0.12204675174590106,0.06919582448339322
0.059147165485188745,0.04632620340866539
0.014971268762366912,0.05090659524790699
0.02168025324322071,0.022871773765294964
0.019505443923228366,0.04506984003321094
0.05047835965638295,0.04368210812892763
0.04909629661665441,0.05522264380204275
0.06228167106711513,0.04003059233682593
0.02032360194141771,0.02350424795399482
0.04650335686876894,0.048685670492910026
0.05441659370326299,0.059110779024979965
0.04493467184588572,0.043078779990254085
0.051456795121749145,0.03081706093821847
0.036701376863177704,0.05764594008433729
0.0056564906469244725,0.020885341120766482
0.029070902332613016,0.02175343702814794
0.03186729771001554,0.022807748393911653
0.0347440465548451,0.04044582388787144
-0.019101192775061445,-0.011027195126545881
0.071270680595033,0.06895341448523806
-0.0036313575478388043,0.010757343420906184
0.05618357007973187,0.023130828566296568
0.06332187723579984,0.04200257133229642
0.06462933814203942,0.04145347779473702
0.04276080570005582,0.037217056454992216
0.059115575303141696,0.06525769893577454
0.08588801600266756,0.06419253850500761
0.02900365750678667,0.05745403669454588
0.04189700582521701,0.046054423461661415
0.04463913464447056,0.035621630389644054
0.06596766899455853,0.05841437914408513
0.03485559973648771,0.046888661907473
0.05315342966493596,0.051979453009493734
0.019504366011158396,0.023929844050579064
0.056382300785695005,0.05402787320112671
0.0013257133581702635,0.03755200632256532
0.04641825742121275,0.036209749684117824
0.056684754468700915,0.04539758979632143
0.08442874506961555,0.022689953422349817
0.07985303434049099,0.05656820860089916
0.0647276597645543,0.03729121355127725
0.03698278644229282,0.06998638027279899
0.001760395102549002,0.020090389905412585
0.020976605735896072,0.05505755930218382
0.06548856116090601,0.04121967145301282
0.006033880631289399,0.015299158791858697
0.058545882295845814,0.044845633112822594
0.02263772227925143,0.05023111507087023
0.0015229945961452857,0.028120030555259273
0.08594526746259278,0.06909715512147821
0.05390019450812429,0.04704145889695735
0.01984967030274823,0.01476008232454485
0.004001174178473458,0.0649843069356361
0.07753479578746064,0.04153940380798775
0.03641490360684077,0.03816132223756542
0.024137300176288422,0.04808848937261876
0.05036806721519798,0.03866218397667841
0.0659618152445501,0.047863842185807984
0.007258957171509888,0.02754436436040995
-0.0034698035622013797,0.02406504635662656
0.07318485397759429,0.04758477505232739
0.039342298855532226,0.045143021802018096
0.010319690821136554,0.011548060420368718
0.060841738101649556,0.03517612334497823
0.039557668210376526,0.033660064232011615
0.044892253327866914,0.03215084722723634
0.04667312965703703,0.03204955720735889
0.020025561765285395,0.02363283483153053
0.033588926863528705,0.022542181728985707
0.0030372231856500825,0.028726536331526734
0.086543394412917,0.0712928799509604
0.04103755286617,0.04500762649741318
0.03149062588832188,0.03616551814279939
0.01909317121466978,0.025428331624163046
0.030497548479264013,0.04779533536320935
0.04932251272399643,0.05440741326252245
0.08627955086517661,0.06449275257297055
0.03837448378280246,0.04137555653663315
0.023273982066145456,0.024945843504289647
-0.009348955983323637,0.027193792050432555
0.08455064682705526,0.06868251075922818
0.0699493947803058,0.022210461782797137
0.018041170134067107,0.04411111497283128
-0.011683420122360438,0.04030064259262962
0.046786641615327,0.0408106287504525
0.04086005583163064,0.05592199444540873
-0.017102872505374865,0.02230481088278154
0.05930427800678036,0.07508321813294655
0.008900756998310456,0.03791140322986377
0.029773009435244045,0.02721332183133422
0.06019308397373999,0.027478734422442603
0.0004954698940746946,0.03355823545243869
-0.003227777680649324,0.026510793944501915
0.04899705059859437,0.05685024220869832
0.02390190308336563,0.024956097981478804
0.020510787699100974,0.020406767524809792
0.02070750622950115,0.034197362693805675
0.013995922734743128,0.04267822460803649
-0.023845015453424663,0.02464202561915821
0.05173045245881003,0.05469605059241466
0.033155571418751445,0.05078066939545253
0.0755227099655491,0.03863808714025363
-0.005364053235009108,0.00809281316210917
0.026258724366295227,0.043256810912133875
0.03697103648828451,0.03551049882035272
0.028934134769701136,0.02238977095444685
0.03365284238873793,0.03568143567091447
0.02785108037157232,0.04829313968229661
-0.009522484326360235,0.027449060778471104
0.024489773215846847,0.04377235153620371
0.02441909110326469,0.021914758687116453
0.10735183548489652,0.07208343753735891
0.028771791993861068,0.04053927101186984
0.010910094096620325,0.032725962099003886
0.07515100128735099,0.043603619081507915
0.04375352139921005,0.009243161829973963
0.019429474964804454,0.018882984100039718
0.06791951852169746,0.06922269607338531
0.013403247332118165,0.04012126935060611
0.1111956497438539,0.0507709896776289
0.08846371991180388,0.058786871139329094
0.05264079737392269,0.05979163047068059
0.051635407797541076,0.026376424887800773
0.05505016379252949,0.016578569334895064
0.06081340302575301,0.05406274822508243
0.023076603841536314,0.00975018558751627
0.05046143218862767,0.041773154150905586
0.035965347264175905,0.030390998834651635
0.0033908259845604333,0.01796276836771592
0.009992831502884112,0.03570405576220222
0.0721524982024965,0.055027637950031
0.10249410671402459,0.06544290064592205
-9.191292641078097e-05,0.028909722624222076
0.003825750646809849,0.005788021200498256
0.056692331152186776,0.05292053530969101
0.05317809842638714,0.03833599354437076
0.0808653229953509,0.06640683052800779
0.03356031522576564,0.04285604946611946
0.05675080815616754,0.05839916067259325
0.016703299710910096,0.025822296590823787
0.04485766167796474,0.07461498030938951
0.03225622915971887,0.025696571423344743
0.05259398653983241,0.04500933479572358
0.12791601667361346,0.060390068736058664
0.02306068585211049,0.0171059963739444
0.07499081926446777,0.031212948139935442
0.08118890206174824,0.05635599418968293
0.017393165448215706,0.043915450298886174
-0.015251919583913377,0.029508351234355377
0.03023533974086484,0.022431738852883784
0.06298253409966523,0.031158170749120688
0.09962710246627106,0.06865688952765533
0.0021306108597466096,0.014042474606997124
0.12175688332516242,0.0398475625286954
0.06461000019140815,0.05142936640688886
0.05370432108044439,0.05043289129159136
0.11954179229961362,0.06483879659844174
0.056496692392498195,0.05372641310129197
0.021463351279864464,0.02830314567818953
0.08099351955870362,0.04370168164008945
0.028813300532317815,0.03845991609893684
0.11071051208696125,0.06914265068916353
0.03179577519674763,0.03504979584213659
0.04869835370069636,0.06938871834748009
0.028887816407643062,0.032125059953938224
0.07144552205286915,0.05052170647127242
0.035182674755781934,0.03707560293291989
0.050593223254736426,0.03730735517253724
0.05920122086743429,0.04350079879420776
0.03999250051045447,0.027063030571307982
0.018647934855911465,0.023064596775778275
0.005117720607750285,0.03170395952284969
0.026007637658773813,0.014288309087645617
0.030464479654809973,0.043999304805148354
0.05187043899910778,0.043981503955500795
0.05393335030751131,0.04130969226565699
0.037660014134395466,0.03403727333487587
0.05297381011049739,0.030972005062235082
-0.023438670811854183,0.021887454903225925
0.03523469863586744,0.025541925037757242
-0.015057894841131103,0.004219187668930798
-0.01917311124126673,-0.0013685721841209322
0.018261023634926096,0.03579724022553832
0.018880250588512833,0.023939017590975116
0.024993521696223223,0.03724160863986332
0.018910918617263142,0.006934433741551653
0.05150712034008436,0.025682495037561058
0.0579718781824023,0.027234878482396377
0.02032486214568238,0.029757870171572207
0.07510283862365402,0.068124075177983
0.05903297973697767,0.0350347385980426
0.02150279541685868,0.014229864238013416
0.02800353053945988,0.027709114732025857
0.03255400782325504,0.06730671577368438
0.03986996541248133,0.03614031219507306
0.02508255186741127,0.03927380212899727
0.004106233577587064,0.016709639659051333
0.0925708099746822,0.06615479650694384
0.09207941372207173,0.05482413264718045
0.04241462672246578,0.038338657006565226
0.014928134724850467,0.020655240380241673
0.035932537776002915,0.04378591407714576
0.07788404509177783,0.054615613699868684
0.05208735717152316,0.04219985292497305
0.0059088462612056965,0.033266489747307254
0.03804472105970137,0.05908190635231052
-0.006257509059477483,0.01942675018546137
0.054463629770126816,0.05031341788053362
0.06909818181140563,0.04905927694908742
0.02457030065252216,0.02404864035010986
0.038313278086761354,0.02534839855707685
0.026273280450054913,0.050614191475152406
0.006101611889886409,0.002199883606576527
0.02213788415362467,0.06117047256032158
0.04272283157168866,0.04615345757159618
0.03723635684071208,0.0683282368775182
0.048355314763784366,0.04285316002238068
0.12017328527566745,0.053309166801747854
0.08761095273995657,0.048678641372632656
0.04145302457336918,0.018514842030583224
0.037777707111476544,0.042926691841157785
0.04875127831748933,0.04554702323137954
0.07328518705628226,0.06538471244939545
0.10229106143118638,0.060555960094768616
0.0008580246260266097,0.03901592960189709
0.03945659706910252,0.0631034472984973
0.033158749423886545,0.03857965551493426
0.04655020743421655,0.06145402798135881
0.05384908624674914,0.029920861525435105
0.06964711526244446,0.0251809751095248
0.07069472463048715,0.030051877806529258
0.0662487083613584,0.07521455632316358
-0.0022790911362126484,0.006568966432494062
0.03507217884940439,0.022570333074839924
0.03232946325192543,0.05332037771644915
0.005615852488337085,0.030990199897127993
0.028826396268250686,0.02525844819015037
-0.00017056116736324616,0.007561288965839965
0.01282915330401837,0.04449375564054283
0.011242841194609887,0.020644283025284378
0.0008552187390371011,0.011853236392132318
0.011951378677605953,0.001798677794501569
0.05547154372610754,0.05018864299733847
0.04218732637409974,0.04738578504045054
0.14344803361950176,0.07449854227420416
0.05864843374042125,0.044516181981867284
0.07455444271266742,0.03171850326245842
-0.012528199768113708,0.012892105067478073
0.049146819531031394,0.06241115821026571
0.0672026814270497,0.04639045597412178
0.028367007922717534,0.04794694970704579
0.04952557261783426,0.03253315475401368
0.07043773623896415,0.05878298461255013
0.051179599292670006,0.03897489941560839
0.04667958235270801,0.03614788702121557
0.019633102467934878,0.026684268156810423
0.04082621108750823,0.0370219816622119
0.0031516711125077947,0.024762193131177432
0.061680411407755084,0.048703249419770334
0.042243371146666694,0.018421710158619636
0.021336330418459205,0.02864924417013443
0.015858332827086784,0.025152022384455956
0.09376208777519215,0.052282067907310256
0.0427788949279387,0.03571979526807056
0.05681989593807282,0.045358658279074024
0.038769811463796176,0.056807805850461135
0.04392342177280761,0.020705047944872348
0.011793548127341411,0.030213509468099052
0.0703945512335837,0.05100720452516802
0.010976150753586279,0.03275677885566211
0.015323022331433372,0.05161880020901094
0.03187602633217543,0.04085899468672438
0.0894153880287185,0.04067919263725608
0.018355774070170496,0.015861792059413737
0.09177671113349915,0.04086001157594707
0.001083097315194079,0.013538715276244949
0.0019733109318586396,0.009351687835720913
0.025046067378844142,0.021662818080695506
0.04553632473313082,0.022821060798419137
0.006252155389082848,0.04376429188636084
0.08387707238634376,0.0577496149970405
0.08125028322155532,0.03255471636469763
0.02146463205667424,0.02980118404609966
0.008036002178601467,0.02317686016338835
0.030684386610943165,0.04085795591176625
0.05024103652735725,0.04824841296101408
0.029796890564016916,0.05323629976772676
0.07846777664906546,0.0719846748488647
0.1454189294228295,0.06866361207226973
0.02477709535167953,0.036098813224434534
0.05726964135672634,0.03975986010978304
0.04523236646049564,0.046097926242341325
0.01920690749663031,0.04309859959169819
0.019207585063755885,0.03771203069112521
0.04533670486339682,0.04469407768438402
0.031959066416639106,0.03041394920661921
0.02035402794802174,0.030086551432392427
0.0737426367023335,0.03796791920126137
0.043147726801407243,0.02570888508099001
0.05605240782889374,0.052321651781833234
-0.0005026243680318144,0.01843342774999368
0.07418484205192949,0.061035650176233976
-0.006140611608541494,0.03307568539238936
0.043080289829164356,0.027496013860186106
0.07239684225671243,0.04994429922371022
-0.00913970440308498,0.019226048319940764
0.06635373024852398,0.05182792193407164
0.016948773603613868,0.05226594242180705
0.05472475609240535,0.03034034030113421
0.07869827242618099,0.0557194453846686
0.06701673225763914,0.04282474909675235
-0.014335171975488656,0.00041905371302454323
0.005048954929260007,0.029669319258824496
0.043521182154806326,0.02956371588807167
0.05043644130931334,0.049123308245162096
-0.01278682236465254,0.033805838292609636
0.01466991872574449,0.028622757017317715
0.017458389963745102,0.04291544450021276
0.08229142533607722,0.05930928001614792
0.07325044150274898,0.05177655345036945
0.11615038321302008,0.02840694982596824
0.07086572336956432,0.04362521913286145
0.049809212078032516,0.05794230435450406
0.06342295791258377,0.041086428987273584
0.03968553372052125,0.03502004069579246
0.0693505136008053,0.05453353134538689
0.028788805435169904,0.049684792429596863
0.020970854469226037,0.022271580475272532
0.05798101822130279,0.04549864984353569
0.06289829435770165,0.05660181980581468
0.017654257969385297,0.024511534858007448
0.1092793662466463,0.07784102503950985
0.08401717285410817,0.03850521552051999
0.032612129857621894,0.05762003629472261
0.0011498112400564822,0.014691410698206401
0.051779198063042015,0.030754889094174804
0.040163875031120365,0.03762307204760264
0.05605752241810892,0.07511719176152923
0.00645286987728742,-0.0018447996331319855
0.07617125393236676,0.04654155336445304
-0.006533249360672615,0.023180452248324754
0.060632961971605684,0.05441717084589716
0.0431557925155741,0.02451167064708626
0.048026879435865304,0.0535846006358911
0.024468027895956347,0.03818969571305049
0.06726965962344307,0.0520189637746355
0.0433714302815446,0.030540754827219026
0.0872769616715238,0.05053944728656398
0.02231021053136488,0.03413570413348678
0.07179259403407784,0.06149268144001879
0.06925831529655646,0.0535318784940519
0.02697985563530919,0.013334059718002948
0.013291233659842,0.01966166273731677
0.03275308603184093,0.0474215328438973
0.06591512062786166,0.048389230147255734
0.01763915945324666,0.041810349690443026
0.06973753873376021,0.0428368848423277
0.06605728901758025,0.04900033533690676
0.029838862281242533,0.03148266969263941
0.011933117247284417,0.030336411317508537
0.046015114946443156,0.04117012303785365
0.03811130130213172,0.041724939026017
0.011798478346228599,-0.0027489506723951222
0.03373307743599454,0.05789479510833817
0.06610084082513933,0.05618365722113
0.04233721044731314,0.04986558956216075
0.047036773286548636,0.039353866977504
0.029817537515407378,0.011069817065572012
0.08802930521673587,0.0641684910378595
0.046198858379998375,0.056839127874712056
0.0026702142944717497,0.034291817823653224
0.06027699264127484,0.04541660958863007
0.03075582323961949,0.03445520039976481
0.04771086922964732,0.057090209576531326
0.0409111839877257,0.04381516569798175
0.012077888678426928,0.017861629287128863
0.02384860074915992,0.041160299175815325
0.029070992725677966,0.02283474087045505
-0.024418444712506305,0.042441113801811384
0.008066868455436901,0.02714145264852017
0.07079907637114452,0.06393665015843009
0.09895328499212881,0.05073331492109223
0.030817808772474288,0.021637528527884534
0.05260915828704646,0.045741046312777284
0.03222791670218499,0.03743582263119572
0.016522573953565597,0.031945396870777486
0.013881553256922492,0.029104364183347088
0.05134406812596138,0.05365754197138101
0.047990745389791735,0.03012471123352895
0.01778770312987253,0.05092695107696246
0.07279258201421798,0.05214393139800352
0.01232747531433491,0.026042712146257613
0.018464509333871153,0.04587671096572418
0.019965065665155303,0.012058372975081368
0.06055664733181207,0.024156650878832602
-0.0029605234777927685,0.00852827187795982
0.05237763255907118,0.0462737682557772
-0.013792858149353295,0.05823279885321045
0.01530512367182519,0.06249112093758553
0.013507853104873006,0.05392646643382947
0.017705781336562774,0.02532741453832318
0.030133001877972763,0.036427563683750074
0.09798537305479832,0.039791307432098695
0.03014846883316815,0.059077839826189305
0.07910338621739323,0.04246575690377613
-0.0050956436207834944,0.01528417481540614
0.08770892946961914,0.06221060091866136
0.020908435115111187,0.02762233557024213
-0.019440349509799875,0.017034296967675146
0.025431401866922488,0.03523031676443009
0.06734840313205144,0.033715809901983355
0.021803252190530496,0.02247622807350524
0.04056058660868868,0.01677168769776833
0.06811782163034147,0.04842962565526152
0.041866822584991484,0.028720142035831918
0.06222499772253121,0.03418940497212598
0.014606346129991258,0.03348743839973008
-1.6447781836435166e-05,0.025781672308773033
0.06033649630974133,0.036033249293584
0.037872997400538636,0.04185414717931239
0.028902854452930053,0.04778159141718554
0.031286916675216325,0.02503507791009698
0.03030140420998483,0.05050292123270731
0.057238041522777436,0.04950694355961179
0.09961077148805608,0.055441471746712184
0.0016696490237316716,-0.0019105565126933902
0.032823112751494854,0.03686515003032169
0.05061694395206302,0.04798922021213073
0.05984789318810604,0.054004843962927804
0.03004944719138626,0.04870819027788031
0.029102047893751322,0.02006314913885111
0.03307992860450316,0.03216435492236902
0.060244372219886363,0.022013165235075377
0.04010154564543505,0.05937258735643388
0.07785472585091928,0.0423486357880063
0.07271399674888601,0.05250095726870194
0.07858259714673763,0.05183811987882851
0.031966285175724515,0.02914525606221394
0.042926318142654206,0.033372100121171706
0.10854410608242589,0.06655990996287497
0.014871757126609453,0.02177861706418955
0.06829001011034871,0.07082915646313237
0.011863170147127598,0.03069785469769693
0.05990829689363902,0.05311203047930221
0.05370853518123865,0.056161217271560836
0.01927370032828526,0.038741765518683205
0.07076782245615508,0.0684309787858975
0.023959258366633526,0.02038847435812169
0.03233146521499347,0.05365679298817712
0.012262600165376204,-0.0006738131398094319
0.026991777753010114,0.0447313123121139
0.05412901513243217,0.03657788367855683
0.011962311295791058,0.02422739928701048
0.06501832584915296,0.06399454780623708
0.05094712953154419,0.04318569882299411
0.018070425751499967,0.025496043830870188
-0.011338254793176641,0.016296751106931913
0.044490788386494354,0.05124758454327183
0.04401256708489289,0.041566062718952676
0.11865413754956525,0.06311624402190857
0.06883948038066827,0.03926512390958037
0.08802527330894469,0.04152649522623336
-0.006180567079336003,0.01854742507812683
0.06104828373670476,0.03354279270955413
0.11330740659489587,0.06157357237006075
0.05254299560565636,0.041078378188691214
0.06500858322923218,0.03507386936806483
0.07915854924510687,0.054314296338513916
0.06766994168307325,0.07404945643328162
0.04718036624951353,0.03460047450469535
0.03836253790447247,0.04000329769483631
0.06593986987110204,0.07343098858745373
0.016795130011053837,0.022957293963528986
0.09747538834320339,0.05583243765023674
0.11183621345777424,0.05936446041703004
0.0610189086348883,0.05610088204739119
0.030590683497729886,0.037269115152841495
0.09036989179369906,0.04855982819449625
0.03032226255342142,0.04506968696028146
0.08086273175551659,0.060395208689741624
0.04667027688654151,0.05106952443913136
0.010790258235654207,0.024419261079029947
0.05443640427541871,0.02655750449467216
0.04201085960861017,0.036388472351700236
0.004473936674808006,0.004640066493419414
0.030467885811702705,0.036298085430034814
0.009923163679403338,0.027433673724276166
-0.031677802891098714,-0.001794574557703094
0.044876675013334116,0.035090690813260404
-0.00733474862676834,0.02698487990894265
0.019422007983947557,0.062246158070928856
0.00624233723713341,0.0046027313246465255
0.06184424558477562,0.04515337861654922
0.06662721564514643,0.04914176622081545
0.028286753035427874,0.05386053291004147
0.046140540450564274,0.027661190941395502
0.05814048647749073,0.045894342991764675
-0.013188928598709035,0.02480907680665037
0.10361390230658388,0.07065204832830323
0.04590782105179543,0.028686898191758202
0.06000187717309096,0.054767545828270876
0.10768041244429494,0.05928137133986611
0.012453642819614624,0.020127072343852612
0.00015224003907827327,0.0005788138905345706
0.015414239738536206,0.040224074248798106
0.008408413504334522,0.02565890836111427
0.054322619401323644,0.06656303526174824
0.04479687401741754,0.038491343295910085
0.03464849216657429,0.05260917739821026
0.04053197346700624,0.036882325902189844
0.014879185473039763,0.0040842067500136015
0.007348497218116359,0.05964235533605168
0.0750743172766081,0.036696512123244346
0.03109171732980293,0.02075846511938845
0.029852527776211592,0.03679886001243286
0.010277704226213777,0.025903370783479405
0.039296693731462676,0.02290870387225085
0.06041556754774592,0.04648595542574009
0.026490078238190124,0.03334154825892701
0.07030115977120818,0.04665175290824286
0.02310465981058628,0.03685542878248124
0.02327693469473345,0.0283932673092338
0.02385120716189927,0.03841405613344453
0.037058624731882775,0.018822768861164924
0.013660259056103548,0.02817192957246573
0.018140706701127197,0.046641379589699064
0.03228663330746732,0.018993268030010533
0.11137495907631195,0.07949057373719234
0.05648808681019296,0.022602927202197372
0.019691014710053082,0.01460982500900597
0.07845896166934471,0.05259904164491705
-0.023740722247887983,-0.0025543468550263994
0.018145787430390956,0.03298094301839635
0.07482655751480581,0.04957014970039694
0.04002480371086861,0.053471488069871426
0.03826324580749804,0.035990000783069694
-0.011640884501845965,-0.0026561162347740926
0.04080242904935279,0.02997669496004799
-0.0014555198909466903,0.011353098775010792
0.014337496928246584,0.03390797427643163
0.05805415570775099,0.05853230269249615
-0.016769728303176676,0.012595337065280765
0.06907876628429721,0.04948760477518023
0.020087383849934366,0.024747625253469102
0.0746997254476175,0.07613049623095958
0.037067565844054906,0.018887763215986092
0.0662306040537489,0.06948899478988568
0.06429652430342742,0.073623831290931
0.04556260939072153,0.017855484419206338
0.11940573828064077,0.06384178666329583
0.09547776189902521,0.058090506162012334
0.0632651143586405,0.06390332747467077
-0.004167981415163726,0.054136590187399254
0.09099112872401924,0.05374241779176467
0.09325537221479652,0.05483320652078731
0.020212179383410807,0.015857868334601413
0.039608171450660964,0.0377106303124701
0.05030317402511679,0.06329477725127029
0.08428340235687248,0.03823532188176565
0.024303191453856315,0.030807966074550403
0.018016624886020023,0.0372674558687636
0.05641994244970444,0.04710585757732939
0.04687367887586703,0.040966732730709464
0.01788668660564936,0.031234375423304147
0.016031068237145358,0.02852619630895766
0.014831671283117145,0.022503367426858156
0.03227162358784736,0.029693617026357685
0.06037251561515597,0.04973275811232823
0.020830294551320266,0.06629897629487133
-0.03354452199196526,0.003008179296885078
0.08005897612555848,0.0388787081691381
0.024647006560509777,0.043883395789886454
0.019521831881423493,0.0424031795894213
0.05420015259233193,0.03022049050270583
0.043602753290355,0.05095947290673937
0.12550827257994265,0.06976790180535065
0.009020820226608828,0.027533664334405197
-0.009363579481264537,0.0033224880866014827
0.03594883983430593,0.055852018850233394
0.03993683200972812,0.055371402513857186
0.05060752492902307,0.03513804321619499
0.09360707263732901,0.04263070154599266
0.04992693421768466,0.031850952843623714
0.069928725794093,0.06585219361664375
0.028677562317174707,0.0443630302851712
0.016312996127435506,0.03317977065570042
0.06584432210873967,0.05251456797563778
0.042877514768820346,0.021394192482228527
0.049550605899165656,0.04759980909433407
0.03646159127722125,0.03844224665981941
0.03964907863550299,0.04154486825015791
0.04964515001126699,0.05648096976636294
0.06289076978139287,0.04792465687656489
0.050513759726727135,0.06502201082668482
0.08765955198682802,0.03496753064225369
0.049472034259882794,0.05193468246841301
0.003090027534637081,0.027532645559602054
0.020137899829281602,0.025542633783756836
0.10364193848176792,0.04088134028693577
0.04288595314296165,0.07487745385766573
0.023959311378031062,0.02579509705194152
0.030337669068697788,0.06810496477923104
0.061575424125400756,0.040617447629112687
0.0486039050658826,0.04044065572975869
0.082111833754901,0.06114749731219885
0.021526969109440453,0.01860189940078555
-0.014729535205996958,-0.002354888756601751
-0.0037579144105589135,0.02941901351790925
0.043744556666152346,0.0398506356242659
0.12400365223816237,0.06285920980679421
0.023670643758014386,0.04647811282008529
0.03630610469854271,0.02599649941273717
0.06509041591282136,0.044718494285247865
0.030962629459648054,0.0393998552976786
0.028465674941919678,0.05937588636095726
0.10078225447279458,0.05337178450857354
0.014030907547495078,0.01801943406171227
0.0741040528905527,0.053757584367555684
0.06599119383447076,0.07321717413250006
0.00497942606231223,0.008881130538341999
0.0409131911809485,0.035965412334266755
0.021921641335415257,0.02047424929136469
0.07429086073253725,0.039777668390766206
0.05473373441766053,0.07381331212098284
0.029743997462316707,0.030617767492516976
0.05703772769942847,0.05922713096658595
0.05328383624506905,0.046732695349618804
0.0667250947175154,0.04473256620224024
0.06350288379820007,0.0691951891291969
0.00043435359527586436,0.03175923320756856
0.033876150454777966,0.04395087591662035
0.01375296157026324,0.022658640629575174
-0.003548304324404738,0.025783650280398595
0.07988347007359822,0.0668909384147151
0.03881272625122799,0.06172731048021313
0.041743578196903296,0.042413286935849816
0.01727903438934937,0.029074593605100722
0.006114771685748531,0.05729074685016698
0.03594590151678267,0.02772488826593585
0.03244420840422654,0.04211532594057016
0.04153555527551197,0.05951594008916275
0.001969461037948917,-0.007095036338951507
0.050042739396584324,0.036820955951490465
0.02181990265213541,0.029506201427408674
-0.006493205923200587,0.020497750932524067
0.05130275800481847,0.0471846618514658
-0.012481297223501657,0.011957403707283735
0.026929628842568623,0.016006419442288894
0.03307396696518962,0.03294674903180561
0.03334702701757701,0.03147304897181234
0.09168795800904797,0.06295040696837048
0.015497120495588532,0.03501910824809508
0.030685338822199176,0.043417839501168225
-0.001940820532655322,0.01798154841343335
0.06545390998085097,0.05523162292178321
0.003878381668028313,0.044721952963357084
0.010961927822256745,0.037677907281984724
0.04821337653412271,0.037707767333162466
0.04844209820321335,0.02327150203254599
0.06757744940569341,0.045419135718923045
0.039821149470561576,0.05314532926573812
-0.012487816613158308,0.02687713645802036
0.10650241182048442,0.05439128665920259
0.016843090528573783,0.04253127549264857
0.04658877062528961,0.04875665807955698
0.02580408258610363,0.010596344278703086
0.043485489171940894,0.03708824186083953
0.012289252260062876,0.014644681654208267
0.06877956655425187,0.05674470086352344
0.07579421053044992,0.058235253383136204
0.03004156642035845,0.01801980136621968
0.06669428150719113,0.06563639372767842
0.03911851242621542,0.05834607766512599
0.05178681346827685,0.028226671250164082
0.04884410706427633,0.06739461895383439
0.007467547246371357,0.020513904969679593
-0.01821857595784298,0.042435774279374235
0.04747303863338467,0.03681115342015707
0.06708171069453947,0.04709958203101069
0.07216978390473314,0.04298320870838537
0.08971459607488372,0.061627421687531804
0.08743318089384446,0.05182381784630296
0.03956281862491898,0.014553179022711547
0.048852409565158524,0.03680927077406618
0.062371126988909634,0.04334985318375098
0.023125611670883332,0.05053357477827173
0.07962638678708038,0.07428685709842836
0.09531122679891718,0.06612764886393434
0.0777346122986537,0.06176245197174781
0.012148028411693192,0.03152277658306406
0.13025930836024888,0.07569600249315528
-0.006485341864518797,0.04761006481029617
-0.008890289819772282,0.0018727099851716354
0.016486278685163818,0.02575312609920416
-0.006914502593901858,0.01839290317667503
0.10965756638773472,0.06405644671301115
0.0023571044680104694,0.018819056087884208
0.04768248498709332,0.035828944470610816
0.008348451259805757,0.016385563144454662
0.08481561418232487,0.03036761294276562
0.04405142833169726,0.026982145574788854
0.0781435785820135,0.03728589251535877
0.02601510380528026,0.04137288932498293
0.058748960607414025,0.039242203055543476
0.04254292896193331,0.0583957353422699
0.026663048815446268,0.023406856730089146
0.05280660127365539,0.05363763459505438
0.015010602792876374,0.05985613498203553
0.07139747095202024,0.0720376737150708
0.028413985769800577,0.029617181086640507
0.024723261166403984,0.029645647689077972
0.048611944794976984,0.03937106730885806
0.024086986679212816,0.02959448302036448
0.08953709774918338,0.055308240580108664
0.01946686830058955,0.04166049918481382
0.04225900221106312,0.046243025527464954
0.05822485150642828,0.04220565367097036
0.11571060260632292,0.04296879129200615
0.043866931737695285,0.02235278959330507
-0.022157391580385443,-0.011799878251279063
0.017673357704788457,0.051059495839652615
0.05592705795339722,0.04399980695068503
0.024727508517270694,0.03253458835927402
0.01640444399439317,0.01521716917697705
0.10750286758647484,0.07487867580286489
0.047864911132228856,0.048760361753662086
0.028584327617210005,0.05495374752175808
0.07282997613047017,0.0581251787513801
0.04377949186728663,0.05153018366259313
0.02589186999110977,0.022526762326888557
0.06293339696339892,0.05742287375113267
0.036609929457989174,0.030822665248632967
0.04725352592347241,0.04777010228698821
0.007838479968845092,0.03037341373845768
0.04654624119833793,0.02899464195140339
0.020571798906944903,0.029748349693535764
0.026092041556992712,0.011915573103870269
0.13005900652311797,0.061457740310345475
0.04217474661765471,0.03470919932694115
0.025355601234967662,0.022217395700106505
0.10104377401349711,0.041516863126094754
0.07028441320112619,0.0574598573373039
0.07856654715457223,0.0694205530009089
0.04767264192501808,0.0447969202481581
0.07632682439162533,0.06151969011795774
0.05348755231712115,0.021267320655438616
0.03455995963767647,0.02293821327722685
-0.009053156588100285,0.028565473991553472
0.042209966729521445,0.060450229318275144
0.03820033000980431,0.052153953091434606
0.03764597599722935,0.03541411142047714
0.052456109411302916,0.05523951746314034
0.01427798718976827,0.022207692590843004
0.02463331588464442,0.03862559894327377
0.07501942239129838,0.06460140334954406
