model,dataset,requested_direction,biological_unit,directional_rank_percentile,normalized_regret,good_selection_at_3,good_selection_at_5,model_base,directional_rank_percentile_base,normalized_regret_base,good_selection_at_3_base,good_selection_at_5_base,rank_gain,regret_gain
M1,mikl_gse173098,decrease,mikl_gene:2810459m11rik,0.4423076923076923,0.5180849123658227,0.5,0.5,M0_geometry,0.0,1.0,0.0,0.0,0.4423076923076923,0.48191508763417734
M1,mikl_gse173098,decrease,mikl_gene:9130008f23rik,0.11764705882352944,0.6729445137791408,0.5,0.5,M0_geometry,0.6176470588235294,0.40698505047498335,0.5,0.5,-0.5,-0.26595946330415743
M1,mikl_gse173098,decrease,mikl_gene:a630089n07rik,0.34090909090909094,0.814125162852121,0.0,0.0,M0_geometry,0.40909090909090906,0.7236190530370252,0.0,0.5,-0.06818181818181812,-0.09050610981509577
M1,mikl_gse173098,decrease,mikl_gene:abhd17a,0.25,0.5368377494184587,0.5,1.0,M0_geometry,0.5,0.5,0.5,1.0,-0.25,-0.03683774941845874
M1,mikl_gse173098,decrease,mikl_gene:abi1,0.3188976377952756,0.5693958647718496,0.0,0.0,M0_geometry,0.9015748031496063,0.40681382377894415,0.0,0.0,-0.5826771653543307,-0.1625820409929054
M1,mikl_gse173098,decrease,mikl_gene:acnat2,0.5,0.5870455613342428,1.0,1.0,M0_geometry,0.625,0.5846812411634855,0.0,1.0,-0.125,-0.0023643201707572725
M1,mikl_gse173098,decrease,mikl_gene:aco2,0.625,0.32472292364034233,0.5,0.5,M0_geometry,0.625,0.32472292364034233,0.5,0.5,0.0,0.0
M1,mikl_gse173098,decrease,mikl_gene:actb,0.75,0.08537306180186661,1.0,1.0,M0_geometry,0.75,0.10499467592335106,0.5,0.5,0.0,0.019621614121484443
M1,mikl_gse173098,decrease,mikl_gene:adamts18,0.29012345679012347,0.4909075542699012,0.0,0.0,M0_geometry,0.29012345679012347,0.4909075542699012,0.0,0.0,0.0,0.0
M1,mikl_gse173098,decrease,mikl_gene:adap2,0.75,0.2150761179198268,0.5,0.5,M0_geometry,0.75,0.2150761179198268,0.5,0.5,0.0,0.0
M1,mikl_gse173098,decrease,mikl_gene:agtrap,0.14393939393939392,0.6580036937775894,0.0,0.0,M0_geometry,0.3939393939393939,0.6132585798005914,0.0,0.0,-0.25,-0.044745113976997986
M1,mikl_gse173098,decrease,mikl_gene:ankef1,0.7884615384615384,0.2938631841996344,0.0,0.5,M0_geometry,0.5576923076923077,0.4332014782336593,0.0,0.0,0.23076923076923073,0.13933829403402487
M1,mikl_gse173098,decrease,mikl_gene:aqp4,0.2647058823529412,0.6410214470406359,0.0,0.0,M0_geometry,0.47058823529411764,0.6793117573722499,0.0,0.0,-0.20588235294117646,0.03829031033161401
M1,mikl_gse173098,decrease,mikl_gene:arc,0.6799999999999999,0.8380804564579085,0.0,0.0,M0_geometry,0.56,0.8387482861004423,0.0,0.0,0.11999999999999988,0.0006678296425337571
M1,mikl_gse173098,decrease,mikl_gene:arhgap31,0.5,0.5693090013948487,0.0,0.5,M0_geometry,0.4,0.5929452241959106,0.0,0.0,0.09999999999999998,0.023636222801061813
M1,mikl_gse173098,decrease,mikl_gene:arid2,0.3322784810126582,0.6166356631585467,0.0,0.0,M0_geometry,0.5031645569620253,0.5733261515613275,0.0,0.0,-0.1708860759493671,-0.043309511597219186
M1,mikl_gse173098,decrease,mikl_gene:arpc1b,0.8369565217391305,0.3407908553657598,0.0,0.0,M0_geometry,0.21739130434782605,0.5255759511170637,0.0,0.0,0.6195652173913044,0.18478509575130386
M1,mikl_gse173098,decrease,mikl_gene:atp5j2,0.7,0.22488967147227923,0.0,1.0,M0_geometry,0.3,0.6403906441784426,0.0,0.5,0.39999999999999997,0.4155009727061634
M1,mikl_gse173098,decrease,mikl_gene:bdnf,0.5643564356435643,0.5081674353610501,0.0,0.0,M0_geometry,0.2574257425742574,0.6585228107360881,0.0,0.5,0.3069306930693069,0.15035537537503796
M1,mikl_gse173098,decrease,mikl_gene:brsk1,0.6428571428571428,0.6291642198723039,0.0,0.0,M0_geometry,0.4523809523809524,0.6526951436653883,0.0,0.0,0.1904761904761904,0.023530923793084413
M1,mikl_gse173098,decrease,mikl_gene:c130026i21rik,0.2,0.6799808375092897,0.5,0.5,M0_geometry,0.95,0.21168133267089798,0.5,1.0,-0.75,-0.4682995048383918
M1,mikl_gse173098,decrease,mikl_gene:calm1,0.3555555555555555,0.49794243738330507,0.0,0.0,M0_geometry,0.2888888888888889,0.5183091593859885,0.0,0.0,0.0666666666666666,0.02036672200268347
M1,mikl_gse173098,decrease,mikl_gene:camk2a,0.8201438848920863,0.40632547808423225,0.0,0.0,M0_geometry,0.3525179856115108,0.6298613849461244,0.0,0.0,0.4676258992805755,0.22353590686189218
M1,mikl_gse173098,decrease,mikl_gene:ccdc141,0.45999999999999996,0.5415400508810337,0.0,0.0,M0_geometry,0.39999999999999997,0.56746836547846,0.0,0.0,0.06,0.025928314597426283
M1,mikl_gse173098,decrease,mikl_gene:ccnd1,0.7416666666666667,0.49030314084313287,0.0,0.0,M0_geometry,0.42916666666666664,0.6084019683293438,0.5,0.5,0.31250000000000006,0.11809882748621092
M1,mikl_gse173098,decrease,mikl_gene:ccnd2,0.5904761904761905,0.43493144771496567,0.5,0.5,M0_geometry,0.2619047619047619,0.5098886328702669,0.0,0.0,0.32857142857142857,0.0749571851553012
M1,mikl_gse173098,decrease,mikl_gene:ccni,0.8888888888888888,0.34650910799477685,0.5,0.5,M0_geometry,0.3888888888888889,0.8491179153687269,0.5,0.5,0.49999999999999994,0.5026088073739501
M1,mikl_gse173098,decrease,mikl_gene:cd84,0.5816326530612246,0.38370571565963363,0.0,0.0,M0_geometry,0.5816326530612246,0.38370571565963363,0.0,0.5,0.0,0.0
M1,mikl_gse173098,decrease,mikl_gene:cdc42,0.5596026490066225,0.5848241943781853,0.0,0.0,M0_geometry,0.5596026490066225,0.5848241943781853,0.0,0.0,0.0,0.0
M1,mikl_gse173098,decrease,mikl_gene:cdk15,0.4545454545454546,0.5499432359216199,0.5,0.5,M0_geometry,0.18181818181818177,0.6970476749070902,0.0,0.0,0.2727272727272728,0.14710443898547032
M1,mikl_gse173098,decrease,mikl_gene:chmp3,0.3545454545454546,0.6333019232036856,0.0,0.0,M0_geometry,0.43636363636363634,0.5979179042871456,0.0,0.0,-0.08181818181818173,-0.03538401891653997
M1,mikl_gse173098,decrease,mikl_gene:chrdl1,0.3673469387755102,0.623916321563882,0.0,0.0,M0_geometry,0.3673469387755102,0.623916321563882,0.0,0.0,0.0,0.0
M1,mikl_gse173098,decrease,mikl_gene:cnot6l,0.521969696969697,0.563281920724774,0.0,0.0,M0_geometry,0.4409090909090909,0.5840727708849107,0.0,0.0,0.08106060606060606,0.02079085016013671
M1,mikl_gse173098,decrease,mikl_gene:cntn2,0.594017094017094,0.46559547972912557,0.0,0.0,M0_geometry,0.2948717948717949,0.5314658762083243,0.0,0.0,0.29914529914529914,0.06587039647919873
M1,mikl_gse173098,decrease,mikl_gene:col1a1,0.43749999999999994,0.5181953390893729,0.0,0.0,M0_geometry,0.27083333333333337,0.6864193427116908,0.0,0.0,0.16666666666666657,0.16822400362231793
M1,mikl_gse173098,decrease,mikl_gene:col27a1,0.6682692307692308,0.3830430286397602,0.5,0.5,M0_geometry,0.10576923076923073,0.5780423638927232,0.0,0.0,0.5625000000000001,0.19499933525296304
M1,mikl_gse173098,decrease,mikl_gene:col8a1,0.0625,0.9085689836932791,0.0,0.0,M0_geometry,0.6875,0.43005816286841614,0.0,0.0,-0.625,-0.47851082082486296
M1,mikl_gse173098,decrease,mikl_gene:colec12,0.763157894736842,0.5340935563605161,0.0,0.0,M0_geometry,0.2781954887218045,0.6542885280762132,0.0,0.0,0.48496240601503754,0.12019497171569704
M1,mikl_gse173098,decrease,mikl_gene:cox8a,0.55,0.3981967471929533,0.0,1.0,M0_geometry,0.09999999999999998,0.7173470276878489,0.5,1.0,0.45000000000000007,0.3191502804948956
M1,mikl_gse173098,decrease,mikl_gene:cplx2,0.6280487804878049,0.5466338798903777,0.0,0.0,M0_geometry,0.6341463414634146,0.5066851668130502,0.0,0.0,-0.0060975609756097615,-0.0399487130773275
M1,mikl_gse173098,decrease,mikl_gene:ctdspl2,0.7,0.31446856049657695,1.0,1.0,M0_geometry,0.15000000000000002,0.8195669551314367,0.5,0.5,0.5499999999999999,0.5050983946348597
M1,mikl_gse173098,decrease,mikl_gene:cyp26b1,0.3656716417910448,0.7263968543757335,0.0,0.0,M0_geometry,0.6417910447761195,0.6297384589409039,0.0,0.0,-0.2761194029850747,-0.09665839543482968
M1,mikl_gse173098,decrease,mikl_gene:dcdc2a,0.5,0.4750811774799494,0.0,0.0,M0_geometry,0.5588235294117647,0.4365835570220714,0.0,0.0,-0.05882352941176472,-0.03849762045787797
M1,mikl_gse173098,decrease,mikl_gene:ddx58,0.6111111111111112,0.26969049322065325,0.5,0.5,M0_geometry,0.4444444444444445,0.35146778463126405,1.0,1.0,0.16666666666666669,0.0817772914106108
M1,mikl_gse173098,decrease,mikl_gene:disp2,0.2884615384615385,0.6644989927501816,0.0,0.0,M0_geometry,0.4487179487179487,0.6100986112153461,0.0,0.5,-0.1602564102564102,-0.05440038153483551
M1,mikl_gse173098,decrease,mikl_gene:dlg4,0.2986284289276808,0.7107652984752215,0.0,0.0,M0_geometry,0.841645885286783,0.5187906254378278,0.0,0.0,-0.5430174563591021,-0.19197467303739368
M1,mikl_gse173098,decrease,mikl_gene:dock8,0.6153846153846154,0.6265070481012173,0.5,0.5,M0_geometry,0.8846153846153846,0.3360936707606583,0.5,0.5,-0.26923076923076916,-0.29041337734055894
M1,mikl_gse173098,decrease,mikl_gene:dtx3l,0.5405405405405406,0.636984441974551,0.5,0.5,M0_geometry,0.28378378378378377,0.7574863270170688,0.0,1.0,0.2567567567567568,0.1205018850425178
M1,mikl_gse173098,decrease,mikl_gene:dusp18,0.5104166666666666,0.597782749611939,0.0,0.0,M0_geometry,0.71875,0.5338196104717907,0.0,0.0,-0.20833333333333337,-0.06396313914014828
M1,mikl_gse173098,decrease,mikl_gene:ebf1,0.8444444444444444,0.44025625340837526,0.5,0.5,M0_geometry,0.8444444444444444,0.44025625340837526,0.0,0.5,0.0,0.0
M1,mikl_gse173098,decrease,mikl_gene:eef2,0.3333333333333333,0.7821232724256377,0.5,0.5,M0_geometry,0.6666666666666667,0.5430773628021677,0.0,0.5,-0.3333333333333334,-0.23904590962347005
M1,mikl_gse173098,decrease,mikl_gene:egf,0.9891304347826086,0.15414813092917723,0.5,1.0,M0_geometry,0.5434782608695652,0.5184310778940527,0.0,0.0,0.44565217391304346,0.3642829469648755
M1,mikl_gse173098,decrease,mikl_gene:eif3f,0.6,0.27477282232320016,0.5,0.5,M0_geometry,0.6,0.27477282232320016,0.5,0.5,0.0,0.0
M1,mikl_gse173098,decrease,mikl_gene:ern1,0.6428571428571429,0.3816983301601645,0.0,0.0,M0_geometry,0.32142857142857145,0.5503894594140957,0.0,0.0,0.32142857142857145,0.16869112925393115
M1,mikl_gse173098,decrease,mikl_gene:esr1,0.6206896551724138,0.27864169930822547,0.0,0.0,M0_geometry,0.0,1.0,0.0,1.0,0.6206896551724138,0.7213583006917745
M1,mikl_gse173098,decrease,mikl_gene:exo1,0.860759493670886,0.44515102950003377,0.0,0.0,M0_geometry,0.3481012658227848,0.6628509417039516,0.0,0.0,0.5126582278481012,0.21769991220391788
M1,mikl_gse173098,decrease,mikl_gene:fgf13,0.4444444444444444,0.5095165540355822,0.5,0.5,M0_geometry,0.5555555555555556,0.4762111969299583,0.5,0.5,-0.11111111111111116,-0.03330535710562388
M1,mikl_gse173098,decrease,mikl_gene:fgf3,0.4444444444444445,0.5052574535038702,0.0,0.0,M0_geometry,0.7592592592592593,0.3082086180301921,0.5,0.5,-0.3148148148148148,-0.19704883547367807
M1,mikl_gse173098,decrease,mikl_gene:foxp2,0.5901639344262295,0.45357210278306614,0.0,0.0,M0_geometry,0.4262295081967213,0.49792539328790875,0.0,0.5,0.1639344262295082,0.0443532905048426
M1,mikl_gse173098,decrease,mikl_gene:gabra4,0.6875,0.33547217155908754,0.5,0.5,M0_geometry,0.6875,0.33547217155908754,0.5,0.5,0.0,0.0
M1,mikl_gse173098,decrease,mikl_gene:gbp7,0.6372549019607843,0.413136994159694,0.0,0.0,M0_geometry,0.19607843137254904,0.579499580560084,0.0,0.0,0.4411764705882352,0.16636258640038998
M1,mikl_gse173098,decrease,mikl_gene:gli3,0.25,0.7332389672170907,0.5,1.0,M0_geometry,0.3888888888888889,0.8146926910856146,0.0,0.5,-0.1388888888888889,0.0814537238685239
M1,mikl_gse173098,decrease,mikl_gene:gpc6,0.6666666666666667,0.45832001323517124,0.0,0.0,M0_geometry,0.5416666666666667,0.60440930302603,0.5,0.5,0.125,0.14608928979085878
M1,mikl_gse173098,decrease,mikl_gene:gpr17,0.3,0.8045288781164575,0.0,0.0,M0_geometry,0.7000000000000001,0.5487079557984047,0.0,0.0,-0.4000000000000001,-0.25582092231805276
M1,mikl_gse173098,decrease,mikl_gene:gpr35,0.16666666666666663,0.7894428547177421,0.5,0.5,M0_geometry,0.16666666666666663,0.7894428547177421,0.5,0.5,0.0,0.0
M1,mikl_gse173098,decrease,mikl_gene:grin1,0.7333333333333334,0.29885879580834396,0.0,0.5,M0_geometry,0.9333333333333333,0.053718082409082504,0.5,0.5,-0.19999999999999996,-0.24514071339926147
M1,mikl_gse173098,decrease,mikl_gene:gstm1,0.375,0.5755882679961979,1.0,1.0,M0_geometry,0.375,0.5755882679961979,0.5,1.0,0.0,0.0
M1,mikl_gse173098,decrease,mikl_gene:hic2,0.19387755102040816,0.5023318078734936,0.0,0.0,M0_geometry,0.19387755102040816,0.5023318078734936,0.0,1.0,0.0,0.0
M1,mikl_gse173098,decrease,mikl_gene:hpcal4,0.2441860465116279,0.39249315409384355,0.0,0.5,M0_geometry,0.9534883720930233,0.11729147401976203,0.5,0.5,-0.7093023255813954,-0.2752016800740815
M1,mikl_gse173098,decrease,mikl_gene:ids,0.6521739130434783,0.5179869623119367,0.0,0.0,M0_geometry,0.13043478260869568,0.8532004844681949,0.0,0.0,0.5217391304347826,0.3352135221562581
M1,mikl_gse173098,decrease,mikl_gene:invs,0.575,0.7180165453012568,0.0,0.5,M0_geometry,0.7625,0.5925939883937543,0.5,0.5,-0.1875,-0.12542255690750248
M1,mikl_gse173098,decrease,mikl_gene:itga1,0.484375,0.4818175371667215,1.0,1.0,M0_geometry,0.8046875,0.2834075236912117,0.5,0.5,-0.3203125,-0.1984100134755098
M1,mikl_gse173098,decrease,mikl_gene:itga4,0.55,0.7027573464861716,0.0,0.0,M0_geometry,0.625,0.6899787088439989,0.0,0.0,-0.07499999999999996,-0.012778637642172685
M1,mikl_gse173098,decrease,mikl_gene:itpr2,0.8095238095238095,0.2971699669031649,0.0,0.0,M0_geometry,0.05555555555555558,0.7495058572204607,0.0,0.0,0.753968253968254,0.4523358903172958
M1,mikl_gse173098,decrease,mikl_gene:jund,0.5416666666666666,0.4759594756340786,1.0,1.0,M0_geometry,0.5416666666666666,0.4759594756340786,0.5,1.0,0.0,0.0
M1,mikl_gse173098,decrease,mikl_gene:kcna6,0.36486486486486486,0.5787945804408525,0.0,0.0,M0_geometry,0.6216216216216217,0.48870653140169973,0.0,0.0,-0.25675675675675685,-0.0900880490391528
M1,mikl_gse173098,decrease,mikl_gene:kcng3,0.5625,0.40540543285437863,1.0,1.0,M0_geometry,0.375,0.577963404768112,0.0,0.0,0.1875,0.1725579719137334
M1,mikl_gse173098,decrease,mikl_gene:kcnq5,0.5,0.7210400390502829,0.0,0.0,M0_geometry,0.14864864864864863,0.7995430787699684,0.0,0.0,0.35135135135135137,0.07850303971968553
M1,mikl_gse173098,decrease,mikl_gene:kctd4,0.5,0.4063446687535091,0.0,0.0,M0_geometry,0.5,0.4063446687535091,0.0,0.0,0.0,0.0
M1,mikl_gse173098,decrease,mikl_gene:kif1a,0.21999999999999997,0.7149603466511221,0.0,0.0,M0_geometry,0.79,0.4392070650637667,0.0,0.0,-0.5700000000000001,-0.27575328158735535
M1,mikl_gse173098,decrease,mikl_gene:kif5c,0.5333333333333333,0.1948155293265564,0.5,1.0,M0_geometry,0.6666666666666667,0.15968202713361151,0.5,0.5,-0.13333333333333341,-0.03513350219294489
M1,mikl_gse173098,decrease,mikl_gene:liph,0.7246376811594203,0.17937678718461048,0.5,0.5,M0_geometry,0.021739130434782594,0.8243222794234466,0.5,1.0,0.7028985507246377,0.6449454922388361
M1,mikl_gse173098,decrease,mikl_gene:lypd1,0.704225352112676,0.4349072527190653,0.0,0.0,M0_geometry,0.2535211267605634,0.5894944066490034,0.0,0.0,0.45070422535211263,0.15458715392993816
M1,mikl_gse173098,decrease,mikl_gene:magi2,0.588235294117647,0.5471058493212647,0.0,0.0,M0_geometry,0.18823529411764706,0.6825803894353253,0.0,0.0,0.3999999999999999,0.13547454011406057
M1,mikl_gse173098,decrease,mikl_gene:malt1,0.4716981132075472,0.5462634246391902,0.0,0.0,M0_geometry,0.42452830188679247,0.5461641292552131,0.0,0.0,0.047169811320754707,-9.929538397712712e-05
M1,mikl_gse173098,decrease,mikl_gene:map1a,0.9240506329113924,0.33807443376792384,0.0,0.0,M0_geometry,0.620253164556962,0.42560962050050866,0.0,0.0,0.30379746835443044,0.08753518673258481
M1,mikl_gse173098,decrease,mikl_gene:map2,0.5335820895522387,0.5749992702911063,0.0,0.0,M0_geometry,0.3246268656716418,0.6546867805332537,0.5,0.5,0.20895522388059695,0.07968751024214737
M1,mikl_gse173098,decrease,mikl_gene:mapk8ip1,0.9473684210526316,0.044206496004757706,1.0,1.0,M0_geometry,0.42105263157894735,0.5738651443031604,1.0,1.0,0.5263157894736843,0.5296586482984027
M1,mikl_gse173098,decrease,mikl_gene:mavs,0.6346153846153846,0.44371590853820997,0.5,0.5,M0_geometry,0.40384615384615385,0.5690996174199425,0.0,0.0,0.23076923076923073,0.12538370888173256
M1,mikl_gse173098,decrease,mikl_gene:mcf2l,0.4305555555555555,0.6609673452969238,0.0,0.0,M0_geometry,0.4305555555555555,0.6609673452969238,0.0,0.0,0.0,0.0
M1,mikl_gse173098,decrease,mikl_gene:meis2,0.35714285714285715,0.5886940753515364,0.0,0.0,M0_geometry,0.40476190476190477,0.528199708041701,0.5,0.5,-0.047619047619047616,-0.06049436730983537
M1,mikl_gse173098,decrease,mikl_gene:mis18bp1,0.2142857142857143,0.6683438520601057,0.5,0.5,M0_geometry,0.5714285714285714,0.4721736764212714,0.0,0.5,-0.3571428571428571,-0.19617017563883432
M1,mikl_gse173098,decrease,mikl_gene:mocs2,0.7251308900523561,0.4485004525600805,0.0,0.0,M0_geometry,0.002617801047120394,0.9299773340469377,0.0,0.0,0.7225130890052357,0.48147688148685724
M1,mikl_gse173098,decrease,mikl_gene:mre11a,0.26785714285714285,0.8251634821954752,0.5,0.5,M0_geometry,0.3035714285714286,0.5711158977829728,0.0,0.0,-0.035714285714285754,-0.2540475844125024
M1,mikl_gse173098,decrease,mikl_gene:mrpl33,0.6111111111111112,0.4084772829106714,0.0,0.0,M0_geometry,0.5,0.4362366944798336,0.0,0.5,0.11111111111111116,0.027759411569162173
M1,mikl_gse173098,decrease,mikl_gene:ndnf,0.7214285714285714,0.44760231270790585,0.5,0.5,M0_geometry,0.6214285714285714,0.4662290683511643,0.0,0.0,0.09999999999999998,0.01862675564325844
M1,mikl_gse173098,decrease,mikl_gene:ndufa12,0.5625,0.525685970099132,0.0,0.0,M0_geometry,0.5625,0.525685970099132,0.5,0.5,0.0,0.0
M1,mikl_gse173098,decrease,mikl_gene:ndufb8,0.3235294117647059,0.8205597513348397,0.5,0.5,M0_geometry,0.5588235294117647,0.720530815005384,0.0,0.5,-0.23529411764705882,-0.10002893632945575
M1,mikl_gse173098,decrease,mikl_gene:necab1,0.9166666666666667,0.3124981177896996,1.0,1.0,M0_geometry,0.9166666666666667,0.3124981177896996,0.5,0.5,0.0,0.0
M1,mikl_gse173098,decrease,mikl_gene:nhsl2,0.348,0.4839149803846815,0.0,0.0,M0_geometry,0.15199999999999997,0.5187433378329724,0.0,0.0,0.196,0.034828357448290936
M1,mikl_gse173098,decrease,mikl_gene:nnat,0.5657894736842105,0.725970229718892,0.0,0.0,M0_geometry,0.4605263157894737,0.7591576820599959,0.0,0.0,0.10526315789473684,0.033187452341103874
M1,mikl_gse173098,decrease,mikl_gene:nrgn,0.13793103448275867,0.5379748396193088,0.0,0.0,M0_geometry,0.17241379310344823,0.5157472541908097,0.0,1.0,-0.03448275862068956,-0.02222758542849912
M1,mikl_gse173098,decrease,mikl_gene:nsmf,0.5512820512820513,0.44037445816874776,0.0,0.0,M0_geometry,0.5512820512820513,0.44037445816874776,0.0,0.0,0.0,0.0
M1,mikl_gse173098,decrease,mikl_gene:oaf,0.6081081081081081,0.5123007367179205,0.0,0.0,M0_geometry,0.35135135135135137,0.5814917810292857,0.0,0.0,0.25675675675675674,0.06919104431136514
M1,mikl_gse173098,decrease,mikl_gene:ociad2,0.596875,0.5999830972120069,0.0,0.0,M0_geometry,0.440625,0.7389436624032665,0.0,0.0,0.15625000000000006,0.13896056519125954
M1,mikl_gse173098,decrease,mikl_gene:ogt,0.24719101123595505,0.513187206331998,0.0,0.0,M0_geometry,0.449438202247191,0.49748762945269676,0.0,0.0,-0.20224719101123595,-0.015699576879301236
M1,mikl_gse173098,decrease,mikl_gene:oprd1,0.9051724137931034,0.19426605992899673,0.5,0.5,M0_geometry,0.6810344827586207,0.2798601023438439,0.0,0.0,0.22413793103448276,0.08559404241484717
M1,mikl_gse173098,decrease,mikl_gene:otc,0.5833333333333333,0.55341026088305,0.0,0.5,M0_geometry,0.36111111111111116,0.7033485211768679,0.0,0.0,0.2222222222222221,0.14993826029381785
M1,mikl_gse173098,decrease,mikl_gene:oxct1,0.8833333333333333,0.32834701817031703,0.0,0.5,M0_geometry,0.8833333333333333,0.32834701817031703,0.5,1.0,0.0,0.0
M1,mikl_gse173098,decrease,mikl_gene:pacsin1,0.9225352112676056,0.18560381117518848,0.0,0.0,M0_geometry,0.38028169014084506,0.5542629125375207,0.0,0.0,0.5422535211267605,0.3686591013623322
M1,mikl_gse173098,decrease,mikl_gene:pate2,0.8333333333333334,0.2884388071688426,0.5,0.5,M0_geometry,0.8333333333333334,0.2884388071688426,0.5,1.0,0.0,0.0
M1,mikl_gse173098,decrease,mikl_gene:pcdh15,0.33225806451612905,0.699790501187981,0.0,0.0,M0_geometry,0.4870967741935484,0.6841195375250897,0.0,0.0,-0.15483870967741936,-0.015670963662891335
M1,mikl_gse173098,decrease,mikl_gene:pde1c,0.6619047619047619,0.606086590892084,0.0,0.0,M0_geometry,0.7333333333333333,0.6245275011964111,0.0,0.0,-0.0714285714285714,0.01844091030432704
M1,mikl_gse173098,decrease,mikl_gene:pde2a,0.62,0.5554278675509734,0.0,0.0,M0_geometry,0.13,0.8478877668060802,0.0,0.0,0.49,0.29245989925510685
M1,mikl_gse173098,decrease,mikl_gene:pdp1,0.6123188405797102,0.44591583080997854,0.0,0.0,M0_geometry,0.5217391304347826,0.48304234619334896,0.0,0.0,0.0905797101449276,0.03712651538337042
M1,mikl_gse173098,decrease,mikl_gene:pdpk1,0.5018115942028986,0.4645574076397982,0.0,0.0,M0_geometry,0.5108695652173914,0.4168521642728072,0.0,0.0,-0.009057971014492794,-0.047705243366991
M1,mikl_gse173098,decrease,mikl_gene:pgap1,0.114010989010989,0.6412132962693506,0.0,0.0,M0_geometry,0.24862637362637363,0.5495918031059633,0.0,0.0,-0.13461538461538464,-0.0916214931633873
M1,mikl_gse173098,decrease,mikl_gene:plin3,0.4285714285714286,0.4558496385186739,0.0,0.0,M0_geometry,0.4285714285714286,0.4558496385186739,0.0,0.0,0.0,0.0
M1,mikl_gse173098,decrease,mikl_gene:ppp1r9b,0.8275862068965517,0.4253398859481794,0.5,0.5,M0_geometry,0.5344827586206897,0.6066574137310491,0.0,0.0,0.293103448275862,0.1813175277828697
M1,mikl_gse173098,decrease,mikl_gene:prlr,0.6582278481012658,0.3777292288457023,0.0,0.0,M0_geometry,0.9240506329113924,0.260935727997709,0.5,0.5,-0.26582278481012667,-0.11679350084799334
M1,mikl_gse173098,decrease,mikl_gene:prrx1,0.5138888888888888,0.42856632122983657,0.0,0.0,M0_geometry,0.5,0.5,0.5,0.5,0.01388888888888884,0.07143367877016343
M1,mikl_gse173098,decrease,mikl_gene:psd,0.4285714285714286,0.7391077790673266,1.0,1.0,M0_geometry,0.9285714285714286,0.01872557447700362,1.0,1.0,-0.5,-0.720382204590323
M1,mikl_gse173098,decrease,mikl_gene:ptgs2,0.7692307692307692,0.35557846173688856,0.0,0.0,M0_geometry,0.7692307692307692,0.35557846173688856,0.0,0.0,0.0,0.0
M1,mikl_gse173098,decrease,mikl_gene:ptpn14,0.4019607843137255,0.48243523274581374,0.0,0.0,M0_geometry,0.7647058823529411,0.33855453377727035,0.0,0.0,-0.3627450980392156,-0.14388069896854339
M1,mikl_gse173098,decrease,mikl_gene:ptprb,0.7887323943661972,0.24625315123661892,0.0,0.0,M0_geometry,0.7394366197183098,0.43792712874861417,0.0,0.0,0.04929577464788748,0.19167397751199525
M1,mikl_gse173098,decrease,mikl_gene:rab11fip2,0.7276595744680852,0.5788560600085174,0.0,0.0,M0_geometry,0.24042553191489363,0.7577220572114263,0.0,0.0,0.4872340425531915,0.17886599720290886
M1,mikl_gse173098,decrease,mikl_gene:rasgrp4,0.9722222222222222,0.1250871224591552,1.0,1.0,M0_geometry,0.3611111111111111,0.7282004961269049,0.0,0.5,0.6111111111111112,0.6031133736677496
M1,mikl_gse173098,decrease,mikl_gene:rasl10b,0.4597315436241611,0.7732426682425446,0.0,0.0,M0_geometry,0.7281879194630871,0.6631439012988134,0.0,0.0,-0.26845637583892606,-0.11009876694373122
M1,mikl_gse173098,decrease,mikl_gene:rbm47,0.8863636363636364,0.4667531426521352,0.0,0.0,M0_geometry,0.38636363636363635,0.7664472079380529,0.0,0.0,0.5,0.2996940652859177
M1,mikl_gse173098,decrease,mikl_gene:rmi2,0.11702127659574468,0.7855860484761236,0.0,0.0,M0_geometry,0.4468085106382979,0.5496488995761678,0.0,0.0,-0.3297872340425532,-0.23593714889995576
M1,mikl_gse173098,decrease,mikl_gene:rnf165,0.5088757396449703,0.6074189750936114,0.0,0.0,M0_geometry,0.8609467455621302,0.5348954109729785,0.0,0.0,-0.3520710059171599,-0.07252356412063288
M1,mikl_gse173098,decrease,mikl_gene:rorb,0.5416666666666667,0.4860161245242064,0.0,0.0,M0_geometry,0.5416666666666667,0.4860161245242064,0.0,0.5,0.0,0.0
M1,mikl_gse173098,decrease,mikl_gene:rpl21,0.5,0.5585386854454785,0.0,0.0,M0_geometry,0.5,0.5585386854454785,0.0,0.0,0.0,0.0
M1,mikl_gse173098,decrease,mikl_gene:rpl31,0.5,0.5340656519911775,0.5,0.5,M0_geometry,0.5,0.5,0.5,0.5,0.0,-0.034065651991177504
M1,mikl_gse173098,decrease,mikl_gene:rpl37,0.5,0.43932602577730795,0.0,0.0,M0_geometry,0.34210526315789475,0.6681033802807699,0.0,0.5,0.15789473684210525,0.22877735450346193
M1,mikl_gse173098,decrease,mikl_gene:rps19,0.125,0.8115224080302754,0.0,0.0,M0_geometry,0.75,0.36489058511174133,0.0,1.0,-0.625,-0.4466318229185341
M1,mikl_gse173098,decrease,mikl_gene:rps20,0.02777777777777779,0.6781976729737542,0.0,0.5,M0_geometry,0.5,0.2834754110301019,0.0,0.0,-0.4722222222222222,-0.39472226194365234
M1,mikl_gse173098,decrease,mikl_gene:rps24,0.7857142857142858,0.37798265732398695,0.0,0.0,M0_geometry,0.49999999999999994,0.6443716511635842,0.0,0.0,0.28571428571428586,0.26638899383959724
M1,mikl_gse173098,decrease,mikl_gene:rpsa,0.5571428571428572,0.4090027377677939,0.0,0.5,M0_geometry,0.48571428571428577,0.5222303274895668,0.0,0.5,0.0714285714285714,0.11322758972177288
M1,mikl_gse173098,decrease,mikl_gene:rragb,0.7272727272727273,0.38678527701553034,0.5,0.5,M0_geometry,0.8636363636363636,0.061839793855335556,0.5,1.0,-0.13636363636363635,-0.3249454831601948
M1,mikl_gse173098,decrease,mikl_gene:serbp1,0.43448275862068964,0.4647241539737703,0.0,0.0,M0_geometry,0.43448275862068964,0.4647241539737703,0.0,0.0,0.0,0.0
M1,mikl_gse173098,decrease,mikl_gene:serhl,0.8125,0.3768319445885918,0.5,0.5,M0_geometry,0.625,0.46790680087791997,0.0,1.0,0.1875,0.09107485628932815
M1,mikl_gse173098,decrease,mikl_gene:serpina3k,0.8,0.15066944540922456,1.0,1.0,M0_geometry,0.3,0.7009324837859903,0.5,1.0,0.5,0.5502630383767657
M1,mikl_gse173098,decrease,mikl_gene:serpine2,0.6875,0.5453988229745689,0.5,0.5,M0_geometry,0.4375,0.6919405608681238,0.0,0.5,0.25,0.14654173789355496
M1,mikl_gse173098,decrease,mikl_gene:shank1,0.32876712328767127,0.6590061469609714,0.0,0.0,M0_geometry,0.32876712328767127,0.6590061469609714,0.0,0.0,0.0,0.0
M1,mikl_gse173098,decrease,mikl_gene:shank3,0.37777777777777777,0.44240839055335385,0.0,0.0,M0_geometry,0.10555555555555557,0.8398567513232595,0.0,0.0,0.2722222222222222,0.3974483607699057
M1,mikl_gse173098,decrease,mikl_gene:slamf7,0.5909090909090909,0.45577931475846045,0.0,0.5,M0_geometry,0.5909090909090909,0.4386462270271362,0.0,0.0,0.0,-0.01713308773132427
M1,mikl_gse173098,decrease,mikl_gene:slc13a5,0.7413793103448276,0.22515918594961312,0.5,0.5,M0_geometry,0.7413793103448276,0.22515918594961312,0.5,0.5,0.0,0.0
M1,mikl_gse173098,decrease,mikl_gene:slc17a7,0.6875,0.2616908507619795,0.5,0.5,M0_geometry,0.6875,0.2616908507619795,0.5,0.5,0.0,0.0
M1,mikl_gse173098,decrease,mikl_gene:slc17a9,0.5,0.6709643700916599,0.0,0.5,M0_geometry,0.6153846153846154,0.5027150291037523,0.0,0.0,-0.11538461538461542,-0.16824934098790756
M1,mikl_gse173098,decrease,mikl_gene:slc22a15,0.7049180327868851,0.5539540593599723,0.0,0.0,M0_geometry,0.819672131147541,0.46589480553946283,0.0,0.0,-0.11475409836065587,-0.0880592538205095
M1,mikl_gse173098,decrease,mikl_gene:slc23a1,0.8333333333333333,0.17630506328975298,0.5,0.5,M0_geometry,0.8333333333333333,0.17630506328975298,0.0,0.5,0.0,0.0
M1,mikl_gse173098,decrease,mikl_gene:slc28a3,0.5333333333333333,0.5968743132656618,0.0,0.0,M0_geometry,0.75,0.4421874814093551,0.5,0.5,-0.21666666666666667,-0.15468683185630666
M1,mikl_gse173098,decrease,mikl_gene:slc7a11,0.5172413793103448,0.3884055707710251,0.5,0.5,M0_geometry,0.7758620689655172,0.21445201251743762,0.5,0.5,-0.2586206896551725,-0.1739535582535875
M1,mikl_gse173098,decrease,mikl_gene:slfn8,0.23529411764705882,0.6583324111637137,0.0,0.5,M0_geometry,0.3235294117647059,0.6083956199542262,0.0,0.0,-0.08823529411764708,-0.04993679120948746
M1,mikl_gse173098,decrease,mikl_gene:snap91,0.5879120879120878,0.6555426867982876,0.0,0.0,M0_geometry,0.22802197802197804,0.7484935765330338,0.0,0.0,0.3598901098901098,0.09295088973474619
M1,mikl_gse173098,decrease,mikl_gene:sparc,0.75,0.5151492342856019,0.0,0.0,M0_geometry,0.4166666666666667,0.6669093270087852,0.0,0.5,0.3333333333333333,0.15176009272318336
M1,mikl_gse173098,decrease,mikl_gene:sptbn2,0.5,0.3312633459126841,0.0,1.0,M0_geometry,0.5,0.3312633459126841,0.0,1.0,0.0,0.0
M1,mikl_gse173098,decrease,mikl_gene:srl,0.8947368421052632,0.1710597879281084,0.5,1.0,M0_geometry,0.31578947368421056,0.5696640509874842,0.0,0.0,0.5789473684210527,0.3986042630593758
M1,mikl_gse173098,decrease,mikl_gene:sspn,0.41935483870967744,0.6922385535431039,0.0,0.0,M0_geometry,0.41935483870967744,0.6922385535431039,0.5,0.5,0.0,0.0
M1,mikl_gse173098,decrease,mikl_gene:st6gal1,0.3488372093023256,0.4349599758945879,0.0,0.0,M0_geometry,0.3488372093023256,0.4349599758945879,0.0,0.0,0.0,0.0
M1,mikl_gse173098,decrease,mikl_gene:syt15,0.4516129032258065,0.49776159962895083,0.0,0.5,M0_geometry,0.5967741935483871,0.46969654598576727,0.0,0.0,-0.14516129032258063,-0.02806505364318357
M1,mikl_gse173098,decrease,mikl_gene:tagln,0.9705882352941176,0.10165687219655019,0.5,0.5,M0_geometry,0.9705882352941176,0.10165687219655019,0.5,0.5,0.0,0.0
M1,mikl_gse173098,decrease,mikl_gene:tbcel,0.8970588235294117,0.2871482449518421,0.0,0.0,M0_geometry,0.7058823529411764,0.3941086830153608,0.0,0.0,0.19117647058823528,0.10696043806351868
M1,mikl_gse173098,decrease,mikl_gene:tcte1,0.25,0.7245490026016815,0.0,0.0,M0_geometry,0.35,0.6460272590112522,0.5,0.5,-0.09999999999999998,-0.0785217435904293
M1,mikl_gse173098,decrease,mikl_gene:tfap2b,0.3222222222222222,0.3267071005537766,0.0,0.0,M0_geometry,0.6888888888888889,0.17441155122729954,0.5,0.5,-0.3666666666666667,-0.15229554932647707
M1,mikl_gse173098,decrease,mikl_gene:tfg,0.3333333333333333,0.7127062523863126,0.0,0.0,M0_geometry,0.3518518518518519,0.6647574255759559,0.5,0.5,-0.0185185185185186,-0.047948826810356726
M1,mikl_gse173098,decrease,mikl_gene:thbd,0.7083333333333333,0.541185307295634,0.0,1.0,M0_geometry,0.7916666666666667,0.4380481547299797,0.0,0.0,-0.08333333333333348,-0.10313715256565426
M1,mikl_gse173098,decrease,mikl_gene:tirap,0.1935483870967742,0.5079260153993743,0.0,0.5,M0_geometry,0.19354838709677424,0.5970332374630383,0.5,0.5,-5.551115123125783e-17,0.08910722206366395
M1,mikl_gse173098,decrease,mikl_gene:tmem242,0.6,0.36283219045081483,0.0,0.5,M0_geometry,0.15000000000000002,0.8531471229372932,0.5,1.0,0.44999999999999996,0.4903149324864784
M1,mikl_gse173098,decrease,mikl_gene:tnfrsf19,0.9166666666666666,0.16826183957289317,0.0,0.0,M0_geometry,0.5,0.42127188674065397,0.0,0.0,0.41666666666666663,0.25301004716776077
M1,mikl_gse173098,decrease,mikl_gene:tor4a,0.05555555555555558,0.955995668925536,0.0,1.0,M0_geometry,0.05555555555555558,0.955995668925536,1.0,1.0,0.0,0.0
M1,mikl_gse173098,decrease,mikl_gene:tpmt,0.0,1.0,0.0,0.0,M0_geometry,0.5,0.4786455655777707,0.0,0.0,-0.5,-0.5213544344222293
M1,mikl_gse173098,decrease,mikl_gene:tpt1,0.6111111111111112,0.695038823376799,0.0,0.0,M0_geometry,0.5277777777777777,0.5347441485006234,0.5,0.5,0.08333333333333348,-0.16029467487617566
M1,mikl_gse173098,decrease,mikl_gene:trim56,0.11340206185567014,0.6283745314668061,0.5,0.5,M0_geometry,0.6701030927835052,0.44689992268179846,0.0,0.0,-0.5567010309278351,-0.18147460878500765
M1,mikl_gse173098,decrease,mikl_gene:trp63,0.5298507462686567,0.6015610299756602,1.0,1.0,M0_geometry,0.3880597014925373,0.6216169449720648,0.0,0.0,0.14179104477611937,0.020055914996404578
M1,mikl_gse173098,decrease,mikl_gene:tulp1,0.5555555555555556,0.3552316958438836,0.0,0.0,M0_geometry,0.5555555555555556,0.3552316958438836,0.0,0.0,0.0,0.0
M1,mikl_gse173098,decrease,mikl_gene:tusc3,0.3888888888888889,0.6014737402875994,0.0,0.0,M0_geometry,0.8148148148148149,0.2905207297542763,0.0,0.0,-0.425925925925926,-0.3109530105333231
M1,mikl_gse173098,decrease,mikl_gene:ube2m,0.39999999999999997,0.599506854098637,0.5,0.5,M0_geometry,0.39999999999999997,0.599506854098637,0.5,0.5,0.0,0.0
M1,mikl_gse173098,decrease,mikl_gene:unc5c,0.7663934426229508,0.6012362815521215,0.0,0.0,M0_geometry,0.3975409836065574,0.7093684125378922,0.0,0.0,0.36885245901639346,0.10813213098577068
M1,mikl_gse173098,decrease,mikl_gene:uqcrq,0.625,0.4053920336707748,0.5,0.5,M0_geometry,1.0,0.0,1.0,1.0,-0.375,-0.4053920336707748
M1,mikl_gse173098,decrease,mikl_gene:vangl1,0.5673076923076923,0.4828418044961974,0.0,0.0,M0_geometry,0.5384615384615385,0.46401837419220054,0.0,0.0,0.028846153846153744,-0.018823430303996858
M1,mikl_gse173098,decrease,mikl_gene:vapb,0.6735849056603774,0.6015924103894286,0.0,0.0,M0_geometry,0.2509433962264151,0.6691607921651184,0.0,0.0,0.42264150943396234,0.0675683817756898
M1,mikl_gse173098,decrease,mikl_gene:vav3,0.2,0.612859597112208,0.5,1.0,M0_geometry,0.09999999999999998,0.8597968466613328,1.0,1.0,0.10000000000000003,0.24693724954912477
M1,mikl_gse173098,decrease,mikl_gene:vma21,0.4613733905579399,0.4520628876021143,0.0,0.0,M0_geometry,0.502145922746781,0.4035403237544952,0.0,0.0,-0.04077253218884114,-0.048522563847619105
M1,mikl_gse173098,decrease,mikl_gene:wdr31,0.4642857142857143,0.6892175413240689,0.0,1.0,M0_geometry,0.4642857142857143,0.6892175413240689,0.0,0.0,0.0,0.0
M1,mikl_gse173098,decrease,mikl_gene:zbtb20,0.6293103448275862,0.5207177807430228,0.0,0.0,M0_geometry,0.610632183908046,0.5156929946604611,0.0,0.0,0.01867816091954022,-0.0050247860825616275
M1,mikl_gse173098,decrease,mikl_gene:zfhx3,0.5490196078431373,0.4299378136978259,0.5,1.0,M0_geometry,0.42647058823529416,0.45862667094037235,0.0,0.0,0.12254901960784315,0.02868885724254644
M1,mikl_gse173098,decrease,mikl_gene:zscan20,0.7142857142857143,0.2988242277516696,0.5,0.5,M0_geometry,0.2857142857142857,0.5608248767873636,0.5,0.5,0.4285714285714286,0.262000649035694
M1,mikl_gse173098,increase,mikl_gene:2810459m11rik,0.9615384615384616,0.04623449464648661,1.0,1.0,M0_geometry,0.15384615384615385,0.8106368907543045,0.0,0.0,0.8076923076923077,0.7644023961078178
M1,mikl_gse173098,increase,mikl_gene:9130008f23rik,0.4411764705882353,0.555416398629634,0.0,0.0,M0_geometry,0.08823529411764708,0.9688791244880042,0.0,0.5,0.3529411764705882,0.4134627258583702
M1,mikl_gse173098,increase,mikl_gene:a630089n07rik,0.5227272727272727,0.21796417323307407,1.0,1.0,M0_geometry,0.5909090909090908,0.22188522568675362,0.0,0.5,-0.06818181818181812,0.003921052453679547
M1,mikl_gse173098,increase,mikl_gene:abhd17a,0.375,0.6751893507972686,0.5,1.0,M0_geometry,0.375,0.6751893507972686,0.5,1.0,0.0,0.0
M1,mikl_gse173098,increase,mikl_gene:abi1,0.055118110236220486,0.7457416750439223,0.0,0.0,M0_geometry,0.905511811023622,0.3231413039183353,0.0,0.0,-0.8503937007874015,-0.422600371125587
M1,mikl_gse173098,increase,mikl_gene:acnat2,0.75,0.061401749805645896,1.0,1.0,M0_geometry,0.0,1.0,1.0,1.0,0.75,0.9385982501943541
M1,mikl_gse173098,increase,mikl_gene:aco2,0.5,0.4387480916329647,0.5,0.5,M0_geometry,0.8125,0.08519983774209415,1.0,1.0,-0.3125,-0.3535482538908705
M1,mikl_gse173098,increase,mikl_gene:actb,0.9,0.3227828713319954,1.0,1.0,M0_geometry,0.15000000000000002,0.9537340384952553,0.0,0.5,0.75,0.6309511671632599
M1,mikl_gse173098,increase,mikl_gene:adamts18,0.2160493827160494,0.6445505790775243,0.0,0.0,M0_geometry,0.7839506172839507,0.43675698570019783,0.0,0.0,-0.5679012345679013,-0.2077935933773265
M1,mikl_gse173098,increase,mikl_gene:adap2,0.8125,0.28261980160777717,0.5,1.0,M0_geometry,0.0625,0.704836254298156,0.5,0.5,0.75,0.42221645269037883
M1,mikl_gse173098,increase,mikl_gene:agtrap,0.8939393939393939,0.30272401487849937,0.0,0.0,M0_geometry,0.49242424242424243,0.4194974325874323,0.0,0.0,0.4015151515151515,0.1167734177089329
M1,mikl_gse173098,increase,mikl_gene:ankef1,0.7884615384615384,0.38887399195002115,0.5,0.5,M0_geometry,0.5576923076923077,0.4271274673113281,0.5,0.5,0.23076923076923073,0.038253475361306966
M1,mikl_gse173098,increase,mikl_gene:aqp4,0.4852941176470589,0.4335311942134825,0.5,0.5,M0_geometry,0.7647058823529411,0.2743299276146097,0.5,0.5,-0.27941176470588225,-0.1592012665988728
M1,mikl_gse173098,increase,mikl_gene:arc,0.6799999999999999,0.12933135169120535,0.5,1.0,M0_geometry,0.6799999999999999,0.12933135169120535,0.5,1.0,0.0,0.0
M1,mikl_gse173098,increase,mikl_gene:arhgap31,0.8666666666666667,0.31731347363573137,0.0,0.0,M0_geometry,0.5666666666666667,0.42992427508695674,0.0,0.0,0.30000000000000004,0.11261080145122537
M1,mikl_gse173098,increase,mikl_gene:arid2,0.4525316455696203,0.5284942671053567,0.0,0.0,M0_geometry,0.7373417721518988,0.37557482055898783,0.0,0.0,-0.2848101265822785,-0.1529194465463689
M1,mikl_gse173098,increase,mikl_gene:arpc1b,0.782608695652174,0.4744240488829363,0.5,0.5,M0_geometry,0.3695652173913043,0.615737906988395,0.0,0.0,0.4130434782608696,0.1413138581054587
M1,mikl_gse173098,increase,mikl_gene:atp5j2,0.5,0.6021237093576041,0.5,1.0,M0_geometry,0.0,1.0,0.5,1.0,0.5,0.39787629064239594
M1,mikl_gse173098,increase,mikl_gene:bdnf,0.6831683168316831,0.2846636552851236,0.0,0.0,M0_geometry,0.6138613861386139,0.4018766884222862,0.0,0.0,0.06930693069306926,0.11721303313716258
M1,mikl_gse173098,increase,mikl_gene:brsk1,0.0,1.0,0.0,0.0,M0_geometry,0.07142857142857145,0.6182562833444712,1.0,1.0,-0.07142857142857145,-0.38174371665552875
M1,mikl_gse173098,increase,mikl_gene:c130026i21rik,0.30000000000000004,0.6839643291595776,0.5,1.0,M0_geometry,0.7,0.36401056836466383,0.5,1.0,-0.3999999999999999,-0.3199537607949138
M1,mikl_gse173098,increase,mikl_gene:calm1,0.8666666666666667,0.40325047846368606,0.0,0.0,M0_geometry,0.35555555555555557,0.631293324578724,0.0,0.0,0.5111111111111111,0.22804284611503794
M1,mikl_gse173098,increase,mikl_gene:camk2a,0.5035971223021583,0.4587566048158737,0.0,0.0,M0_geometry,0.5827338129496402,0.38301703834067113,0.0,0.0,-0.07913669064748197,-0.07573956647520258
M1,mikl_gse173098,increase,mikl_gene:ccdc141,0.36,0.6891045983891475,0.0,0.0,M0_geometry,0.8200000000000001,0.3225719029346503,0.5,0.5,-0.4600000000000001,-0.3665326954544972
M1,mikl_gse173098,increase,mikl_gene:ccnd1,0.18333333333333335,0.5605924625444142,0.0,0.5,M0_geometry,0.41666666666666663,0.45625711261001517,0.5,0.5,-0.23333333333333328,-0.10433534993439902
M1,mikl_gse173098,increase,mikl_gene:ccnd2,0.4666666666666666,0.5843753394139017,0.0,0.0,M0_geometry,0.8238095238095238,0.4790618422959002,0.0,0.0,-0.35714285714285715,-0.10531349711800153
M1,mikl_gse173098,increase,mikl_gene:ccni,0.3888888888888889,0.21483331363060548,0.5,1.0,M0_geometry,0.38888888888888895,0.21752402595405032,1.0,1.0,-5.551115123125783e-17,0.0026907123234448382
M1,mikl_gse173098,increase,mikl_gene:cd84,0.8775510204081632,0.2655694639867202,0.5,0.5,M0_geometry,0.6632653061224489,0.5625160851975377,0.5,0.5,0.2142857142857143,0.2969466212108175
M1,mikl_gse173098,increase,mikl_gene:cdc42,0.3112582781456954,0.44250022765458136,0.0,0.0,M0_geometry,0.6158940397350994,0.37728351666434046,0.0,0.0,-0.304635761589404,-0.0652167109902409
M1,mikl_gse173098,increase,mikl_gene:cdk15,0.5454545454545454,0.4495002530214087,1.0,1.0,M0_geometry,0.2272727272727273,0.5711035065668977,0.0,0.0,0.3181818181818181,0.12160325354548895
M1,mikl_gse173098,increase,mikl_gene:chmp3,0.36363636363636365,0.49444287195133063,0.0,0.0,M0_geometry,0.4363636363636364,0.453438764973504,0.0,0.0,-0.07272727272727275,-0.04100410697782664
M1,mikl_gse173098,increase,mikl_gene:chrdl1,0.020408163265306145,0.8659390049082569,0.0,0.0,M0_geometry,0.020408163265306145,0.8659390049082569,0.0,0.0,0.0,0.0
M1,mikl_gse173098,increase,mikl_gene:cnot6l,0.7871212121212121,0.35844238434660786,0.0,0.0,M0_geometry,0.806060606060606,0.36989427065328684,0.0,0.0,-0.018939393939393923,0.011451886306678982
M1,mikl_gse173098,increase,mikl_gene:cntn2,0.5641025641025641,0.504806905994692,0.0,0.0,M0_geometry,0.7863247863247863,0.41268661369914583,0.0,0.0,-0.2222222222222222,-0.09212029229554619
M1,mikl_gse173098,increase,mikl_gene:col1a1,0.6666666666666667,0.4134739565329536,0.5,1.0,M0_geometry,0.125,0.82847311226774,0.0,0.0,0.5416666666666667,0.4149991557347864
M1,mikl_gse173098,increase,mikl_gene:col27a1,0.3317307692307692,0.6139041611465954,0.0,0.5,M0_geometry,0.5144230769230769,0.5742364726977479,0.0,0.0,-0.18269230769230765,-0.03966768844884749
M1,mikl_gse173098,increase,mikl_gene:col8a1,0.3125,0.628929798574904,0.5,0.5,M0_geometry,0.3125,0.628929798574904,0.5,0.5,0.0,0.0
M1,mikl_gse173098,increase,mikl_gene:colec12,0.3233082706766917,0.4506719446360886,0.0,0.0,M0_geometry,0.4887218045112782,0.38308010782054003,0.0,0.0,-0.1654135338345865,-0.06759183681554859
M1,mikl_gse173098,increase,mikl_gene:cox8a,0.8,0.3932270376735796,0.0,0.5,M0_geometry,0.85,0.1958057228074955,0.5,0.5,-0.04999999999999993,-0.19742131486608408
M1,mikl_gse173098,increase,mikl_gene:cplx2,0.6402439024390243,0.34264918553349655,0.0,0.0,M0_geometry,0.18902439024390244,0.5808921473618731,0.0,0.0,0.45121951219512185,0.23824296182837656
M1,mikl_gse173098,increase,mikl_gene:ctdspl2,0.35,0.5225561889561121,0.5,1.0,M0_geometry,0.5,0.5,0.5,1.0,-0.15000000000000002,-0.02255618895611211
M1,mikl_gse173098,increase,mikl_gene:cyp26b1,0.955223880597015,0.1228701952033108,0.5,0.5,M0_geometry,0.3283582089552239,0.4121432347866788,0.0,0.0,0.6268656716417911,0.28927303958336803
M1,mikl_gse173098,increase,mikl_gene:dcdc2a,0.19607843137254904,0.6399975380545937,0.0,0.0,M0_geometry,0.27450980392156865,0.6427796643349786,0.0,0.0,-0.0784313725490196,0.002782126280384878
M1,mikl_gse173098,increase,mikl_gene:ddx58,0.1111111111111111,0.9486572179435584,0.5,1.0,M0_geometry,0.4444444444444445,0.5840048950528595,0.5,1.0,-0.33333333333333337,-0.36465232289069893
M1,mikl_gse173098,increase,mikl_gene:disp2,0.3846153846153846,0.42231278711630205,0.0,0.0,M0_geometry,0.5256410256410257,0.30813963814464834,0.0,0.0,-0.14102564102564108,-0.1141731489716537
M1,mikl_gse173098,increase,mikl_gene:dlg4,0.9688279301745636,0.2674312414358114,0.0,0.0,M0_geometry,0.32917705735660846,0.46809153728632635,0.0,0.0,0.6396508728179551,0.20066029585051498
M1,mikl_gse173098,increase,mikl_gene:dock8,0.9230769230769231,0.0485552302976822,1.0,1.0,M0_geometry,0.34615384615384615,0.41034671256514005,0.0,0.5,0.576923076923077,0.36179148226745783
M1,mikl_gse173098,increase,mikl_gene:dtx3l,0.7162162162162162,0.2425136729829312,0.0,0.0,M0_geometry,0.8513513513513513,0.13722107105943218,0.5,0.5,-0.1351351351351351,-0.10529260192349901
M1,mikl_gse173098,increase,mikl_gene:dusp18,0.6458333333333334,0.37233194969677474,0.0,0.0,M0_geometry,0.5104166666666667,0.42112830844063986,0.0,0.5,0.13541666666666663,0.04879635874386512
M1,mikl_gse173098,increase,mikl_gene:ebf1,0.38888888888888884,0.48434993181469177,0.5,0.5,M0_geometry,0.0888888888888889,0.7038689983327495,0.5,0.5,0.29999999999999993,0.21951906651805775
M1,mikl_gse173098,increase,mikl_gene:eef2,0.5,0.5,1.0,1.0,M0_geometry,0.5,0.5,1.0,1.0,0.0,0.0
M1,mikl_gse173098,increase,mikl_gene:egf,0.8586956521739131,0.30966406735649354,0.0,0.0,M0_geometry,0.3478260869565218,0.5277276084674081,0.0,0.0,0.5108695652173914,0.21806354111091453
M1,mikl_gse173098,increase,mikl_gene:eif3f,0.7,0.4422893522153261,0.0,0.0,M0_geometry,0.7,0.4422893522153261,0.0,0.0,0.0,0.0
M1,mikl_gse173098,increase,mikl_gene:ern1,0.6071428571428572,0.4887440050701753,0.0,0.0,M0_geometry,0.6071428571428572,0.4887440050701753,0.0,0.0,0.0,0.0
M1,mikl_gse173098,increase,mikl_gene:esr1,0.8793103448275862,0.4676997553757425,0.0,0.0,M0_geometry,0.5517241379310345,0.6436308737092244,0.0,0.0,0.3275862068965517,0.17593111833348196
M1,mikl_gse173098,increase,mikl_gene:exo1,0.2436708860759494,0.4559583881858249,0.5,1.0,M0_geometry,0.2436708860759494,0.4559583881858249,0.5,1.0,0.0,0.0
M1,mikl_gse173098,increase,mikl_gene:fgf13,0.16666666666666669,0.6093917556660102,0.0,0.5,M0_geometry,0.9444444444444444,0.01731593599012399,1.0,1.0,-0.7777777777777777,-0.5920758196758862
M1,mikl_gse173098,increase,mikl_gene:fgf3,0.7962962962962963,0.3517121253848593,0.0,0.0,M0_geometry,0.7962962962962963,0.3517121253848593,0.0,0.0,0.0,0.0
M1,mikl_gse173098,increase,mikl_gene:foxp2,0.3442622950819672,0.5760895360899878,0.0,0.0,M0_geometry,0.3442622950819672,0.5760895360899878,0.0,0.0,0.0,0.0
M1,mikl_gse173098,increase,mikl_gene:gabra4,0.625,0.5112676072092222,0.5,0.5,M0_geometry,0.625,0.5112676072092222,0.0,0.0,0.0,0.0
M1,mikl_gse173098,increase,mikl_gene:gbp7,0.5294117647058825,0.539469818071827,0.0,0.0,M0_geometry,0.4313725490196078,0.5637858972361689,0.0,0.5,0.09803921568627466,0.024316079164341864
M1,mikl_gse173098,increase,mikl_gene:gli3,0.6111111111111112,0.26076170829091805,1.0,1.0,M0_geometry,0.3055555555555555,0.4313986617645367,1.0,1.0,0.30555555555555564,0.17063695347361862
M1,mikl_gse173098,increase,mikl_gene:gpc6,0.6666666666666667,0.1809206176793913,0.5,0.5,M0_geometry,0.0,1.0,0.0,0.0,0.6666666666666667,0.8190793823206087
M1,mikl_gse173098,increase,mikl_gene:gpr17,0.7571428571428571,0.26925250968269604,0.0,0.0,M0_geometry,0.6428571428571429,0.3257227873949072,0.0,0.5,0.11428571428571421,0.05647027771221114
M1,mikl_gse173098,increase,mikl_gene:gpr35,0.3611111111111111,0.5689334192880655,0.5,0.5,M0_geometry,0.3611111111111111,0.5689334192880655,0.5,0.5,0.0,0.0
M1,mikl_gse173098,increase,mikl_gene:grin1,0.06666666666666665,0.9462819175909175,0.0,0.5,M0_geometry,0.4,0.6851133784221304,0.0,0.0,-0.33333333333333337,-0.26116853916878713
M1,mikl_gse173098,increase,mikl_gene:gstm1,0.875,0.2048171527052673,1.0,1.0,M0_geometry,0.125,0.7157886517726693,1.0,1.0,0.75,0.5109714990674019
M1,mikl_gse173098,increase,mikl_gene:hic2,0.5459183673469388,0.586702917913793,0.0,0.5,M0_geometry,0.3877551020408163,0.6251625763062512,0.0,0.5,0.15816326530612246,0.03845965839245813
M1,mikl_gse173098,increase,mikl_gene:hpcal4,0.5,0.6609486717581162,0.0,0.0,M0_geometry,0.5697674418604651,0.6734577584920297,0.0,0.0,-0.06976744186046513,0.012509086733913488
M1,mikl_gse173098,increase,mikl_gene:ids,0.32608695652173914,0.5092502820811969,0.5,1.0,M0_geometry,0.28260869565217395,0.4851168709164566,0.0,0.5,0.04347826086956519,-0.024133411164740326
M1,mikl_gse173098,increase,mikl_gene:invs,0.6375,0.2162278992750498,0.5,0.5,M0_geometry,0.6375,0.2162278992750498,0.5,0.5,0.0,0.0
M1,mikl_gse173098,increase,mikl_gene:itga1,0.625,0.47143219413201926,0.5,0.5,M0_geometry,0.046875,0.8405176361515929,0.0,0.0,0.578125,0.36908544201957366
M1,mikl_gse173098,increase,mikl_gene:itga4,0.35,0.32133129361415214,0.0,0.0,M0_geometry,0.7375,0.25198682120340454,0.0,0.0,-0.38750000000000007,-0.06934447241074759
M1,mikl_gse173098,increase,mikl_gene:itpr2,0.25396825396825395,0.6720710782101624,0.5,0.5,M0_geometry,0.39682539682539686,0.5722133558346655,0.0,0.0,-0.1428571428571429,-0.09985772237549695
M1,mikl_gse173098,increase,mikl_gene:jund,0.25,0.8157557520142023,0.0,0.5,M0_geometry,0.25,0.8157557520142023,0.0,0.5,0.0,0.0
M1,mikl_gse173098,increase,mikl_gene:kcna6,0.40540540540540543,0.5024788272741728,0.0,0.0,M0_geometry,0.4864864864864865,0.4859779364174612,0.0,0.0,-0.08108108108108109,-0.016500890856711636
M1,mikl_gse173098,increase,mikl_gene:kcng3,0.25,0.6128270669312875,0.5,1.0,M0_geometry,0.4375,0.5945945671456214,0.0,0.5,-0.1875,-0.0182324997856661
M1,mikl_gse173098,increase,mikl_gene:kcnq5,0.3918918918918919,0.38355702940001657,0.0,0.5,M0_geometry,0.17567567567567566,0.596470501893568,0.0,0.5,0.21621621621621623,0.21291347249355141
M1,mikl_gse173098,increase,mikl_gene:kctd4,0.0,1.0,0.5,0.5,M0_geometry,0.0,1.0,0.0,0.5,0.0,0.0
M1,mikl_gse173098,increase,mikl_gene:kif1a,0.67,0.3224365655376714,0.5,0.5,M0_geometry,0.41000000000000003,0.40989727162878914,0.0,0.0,0.26,0.08746070609111772
M1,mikl_gse173098,increase,mikl_gene:kif5c,0.8166666666666667,0.5446437443295301,1.0,1.0,M0_geometry,0.75,0.733567468496169,0.0,0.0,0.06666666666666665,0.18892372416663894
M1,mikl_gse173098,increase,mikl_gene:liph,0.26811594202898553,0.779320011752334,0.5,0.5,M0_geometry,0.15942028985507245,0.808891230188865,0.0,0.0,0.10869565217391308,0.029571218436530988
M1,mikl_gse173098,increase,mikl_gene:lypd1,0.7464788732394366,0.41050559335099657,0.0,0.0,M0_geometry,0.7183098591549296,0.34018664448532265,0.5,0.5,0.028169014084507005,-0.07031894886567391
M1,mikl_gse173098,increase,mikl_gene:magi2,0.6,0.395411929173039,0.0,0.0,M0_geometry,0.4823529411764706,0.4541464398334102,0.0,0.0,0.11764705882352938,0.058734510660371164
M1,mikl_gse173098,increase,mikl_gene:malt1,0.6698113207547169,0.4060109765533682,0.0,0.5,M0_geometry,0.047169811320754707,0.6821378371551026,0.0,0.0,0.6226415094339622,0.27612686060173436
M1,mikl_gse173098,increase,mikl_gene:map1a,0.6962025316455696,0.4941352315057011,0.0,0.0,M0_geometry,0.7974683544303798,0.46763215900240485,0.0,0.0,-0.10126582278481022,-0.026503072503296254
M1,mikl_gse173098,increase,mikl_gene:map2,0.3582089552238806,0.43539705236289855,0.0,0.0,M0_geometry,0.4888059701492537,0.4068067076396643,0.0,0.5,-0.13059701492537312,-0.02859034472323424
M1,mikl_gse173098,increase,mikl_gene:mapk8ip1,0.631578947368421,0.39549550766559005,0.0,1.0,M0_geometry,0.868421052631579,0.20968585776737936,0.0,0.5,-0.23684210526315796,-0.1858096498982107
M1,mikl_gse173098,increase,mikl_gene:mavs,0.4615384615384615,0.5295602277709521,0.0,0.0,M0_geometry,0.5961538461538461,0.4350191355692101,0.0,0.0,-0.13461538461538464,-0.094541092201742
M1,mikl_gse173098,increase,mikl_gene:mcf2l,0.6805555555555556,0.2488714266700621,0.0,0.0,M0_geometry,0.6805555555555556,0.2488714266700621,0.0,0.0,0.0,0.0
M1,mikl_gse173098,increase,mikl_gene:meis2,0.6190476190476191,0.4772864655407608,0.0,0.0,M0_geometry,0.5238095238095238,0.48320334931078496,1.0,1.0,0.09523809523809523,0.0059168837700241395
M1,mikl_gse173098,increase,mikl_gene:mis18bp1,0.7857142857142858,0.3117312117533066,0.5,0.5,M0_geometry,0.5714285714285714,0.36025250135784015,0.5,1.0,0.2142857142857144,0.04852128960453356
M1,mikl_gse173098,increase,mikl_gene:mocs2,0.8056282722513088,0.4195689330616017,0.5,0.5,M0_geometry,0.30497382198952877,0.5401539457519685,0.0,0.0,0.50065445026178,0.12058501269036681
M1,mikl_gse173098,increase,mikl_gene:mre11a,0.7142857142857143,0.3570816838756148,0.0,0.0,M0_geometry,0.44642857142857145,0.5344099246136895,0.0,1.0,0.26785714285714285,0.17732824073807474
M1,mikl_gse173098,increase,mikl_gene:mrpl33,0.5,0.5,1.0,1.0,M0_geometry,0.5555555555555556,0.5406482474939049,0.0,0.5,-0.05555555555555558,0.04064824749390494
M1,mikl_gse173098,increase,mikl_gene:ndnf,0.9,0.3400512073736792,0.0,0.0,M0_geometry,0.45,0.542552144050445,0.0,0.0,0.45,0.20250093667676583
M1,mikl_gse173098,increase,mikl_gene:ndufa12,0.125,0.925649535904761,0.5,0.5,M0_geometry,0.125,0.925649535904761,0.5,1.0,0.0,0.0
M1,mikl_gse173098,increase,mikl_gene:ndufb8,0.6176470588235294,0.2075769834608059,0.0,0.0,M0_geometry,0.4411764705882353,0.27809172051896686,0.5,0.5,0.17647058823529416,0.07051473705816097
M1,mikl_gse173098,increase,mikl_gene:necab1,0.75,0.11040818539246072,0.5,1.0,M0_geometry,0.8333333333333334,0.04392393797410626,1.0,1.0,-0.08333333333333337,-0.06648424741835446
M1,mikl_gse173098,increase,mikl_gene:nhsl2,0.45599999999999996,0.5756057809605243,0.0,0.0,M0_geometry,0.6839999999999999,0.5050393929660746,0.0,0.0,-0.22799999999999998,-0.0705663879944497
M1,mikl_gse173098,increase,mikl_gene:nnat,0.4868421052631579,0.24927160702920392,0.5,0.5,M0_geometry,0.4868421052631579,0.24927160702920392,0.0,0.5,0.0,0.0
M1,mikl_gse173098,increase,mikl_gene:nrgn,0.6551724137931034,0.5497376407981425,0.0,0.0,M0_geometry,0.24137931034482757,0.6732353786710653,0.5,0.5,0.41379310344827586,0.12349773787292284
M1,mikl_gse173098,increase,mikl_gene:nsmf,0.23076923076923078,0.6088418887997711,0.5,0.5,M0_geometry,0.23076923076923078,0.6088418887997711,0.5,0.5,0.0,0.0
M1,mikl_gse173098,increase,mikl_gene:oaf,0.5,0.4718250132309528,0.0,0.5,M0_geometry,0.5,0.4718250132309528,0.0,0.5,0.0,0.0
M1,mikl_gse173098,increase,mikl_gene:ociad2,0.490625,0.5483099749463586,0.5,0.5,M0_geometry,0.490625,0.5483099749463586,0.5,0.5,0.0,0.0
M1,mikl_gse173098,increase,mikl_gene:ogt,0.7808988764044944,0.4728124798656706,0.5,0.5,M0_geometry,0.6685393258426966,0.5156235722230724,0.0,0.0,0.1123595505617978,0.042811092357401825
M1,mikl_gse173098,increase,mikl_gene:oprd1,0.6206896551724137,0.6092031959913531,0.0,0.0,M0_geometry,0.2931034482758621,0.6861264578621877,0.0,0.0,0.3275862068965516,0.07692326187083465
M1,mikl_gse173098,increase,mikl_gene:otc,0.6111111111111112,0.39714944862376045,0.5,1.0,M0_geometry,0.5833333333333333,0.3765135115000683,0.5,0.5,0.0277777777777779,-0.02063593712369216
M1,mikl_gse173098,increase,mikl_gene:oxct1,0.5375,0.39719132491036174,0.0,0.0,M0_geometry,0.5375,0.39719132491036174,0.0,0.0,0.0,0.0
M1,mikl_gse173098,increase,mikl_gene:pacsin1,0.5492957746478873,0.49766756468013507,0.0,0.0,M0_geometry,0.5845070422535212,0.47563728658675974,0.0,0.0,-0.03521126760563398,-0.02203027809337532
M1,mikl_gse173098,increase,mikl_gene:pate2,0.4166666666666667,0.5312748262197644,0.5,0.5,M0_geometry,0.08333333333333337,0.8737227987829636,0.0,0.0,0.3333333333333333,0.34244797256319914
M1,mikl_gse173098,increase,mikl_gene:pcdh15,0.5064516129032258,0.34666491614877026,0.0,0.0,M0_geometry,0.9161290322580645,0.12067153571785344,0.5,0.5,-0.4096774193548387,-0.22599338043091682
M1,mikl_gse173098,increase,mikl_gene:pde1c,0.5714285714285714,0.28207853397123955,0.0,0.0,M0_geometry,0.9333333333333333,0.12244306868337243,0.0,0.0,-0.36190476190476195,-0.15963546528786712
M1,mikl_gse173098,increase,mikl_gene:pde2a,0.8700000000000001,0.15211223319391987,0.0,0.0,M0_geometry,0.54,0.34213634493707934,0.0,0.0,0.33000000000000007,0.19002411174315947
M1,mikl_gse173098,increase,mikl_gene:pdp1,0.5942028985507246,0.42361028614293517,0.0,0.0,M0_geometry,0.427536231884058,0.5748184620999081,0.0,0.0,0.16666666666666663,0.1512081759569729
M1,mikl_gse173098,increase,mikl_gene:pdpk1,0.6159420289855073,0.5085845830855121,0.0,0.0,M0_geometry,0.8206521739130435,0.4488572526443324,0.0,0.0,-0.20471014492753614,-0.05972733044117973
M1,mikl_gse173098,increase,mikl_gene:pgap1,0.27884615384615385,0.5428563835994209,0.0,0.0,M0_geometry,0.18406593406593408,0.5985593234151418,0.0,0.0,0.09478021978021978,0.05570293981572094
M1,mikl_gse173098,increase,mikl_gene:plin3,0.125,0.7650638418378919,1.0,1.0,M0_geometry,0.125,0.7650638418378919,1.0,1.0,0.0,0.0
M1,mikl_gse173098,increase,mikl_gene:ppp1r9b,0.3103448275862069,0.5015482325280303,0.5,0.5,M0_geometry,0.5344827586206897,0.36954522291071623,0.5,0.5,-0.22413793103448282,-0.13200300961731404
M1,mikl_gse173098,increase,mikl_gene:prlr,0.32911392405063294,0.6068540767018247,0.0,0.0,M0_geometry,0.4430379746835443,0.614195994320374,0.0,0.0,-0.11392405063291133,0.0073419176185492985
M1,mikl_gse173098,increase,mikl_gene:prrx1,0.5,0.5,0.5,1.0,M0_geometry,0.4305555555555555,0.5706493914535791,0.0,0.0,0.06944444444444448,0.07064939145357907
M1,mikl_gse173098,increase,mikl_gene:psd,0.7142857142857143,0.19884945830668213,0.5,0.5,M0_geometry,0.8571428571428572,0.15001609647036648,0.5,0.5,-0.1428571428571429,-0.04883336183631565
M1,mikl_gse173098,increase,mikl_gene:ptgs2,0.2692307692307692,0.6677591211308719,0.0,1.0,M0_geometry,0.2692307692307692,0.6677591211308719,0.5,0.5,0.0,0.0
M1,mikl_gse173098,increase,mikl_gene:ptpn14,0.8137254901960784,0.37141573053508936,0.0,0.0,M0_geometry,0.8137254901960784,0.37141573053508936,0.0,0.0,0.0,0.0
M1,mikl_gse173098,increase,mikl_gene:ptprb,0.5140845070422535,0.49590268493491185,0.0,0.0,M0_geometry,0.8802816901408451,0.3558257963463845,0.0,0.0,-0.3661971830985916,-0.14007688858852735
M1,mikl_gse173098,increase,mikl_gene:rab11fip2,0.5765957446808512,0.3332575455528434,0.0,0.0,M0_geometry,0.7851063829787234,0.28578808971592834,0.0,0.0,-0.2085106382978722,-0.047469455836915087
M1,mikl_gse173098,increase,mikl_gene:rasgrp4,0.5138888888888888,0.4368020898162229,0.0,0.0,M0_geometry,0.6111111111111112,0.3711177698380803,0.0,0.0,-0.09722222222222232,-0.06568431997814261
M1,mikl_gse173098,increase,mikl_gene:rasl10b,0.6812080536912751,0.24958070671262952,0.5,0.5,M0_geometry,0.5268456375838926,0.2786337137103696,0.5,0.5,0.15436241610738255,0.029053006997740077
M1,mikl_gse173098,increase,mikl_gene:rbm47,0.9090909090909092,0.17065137934586802,0.5,0.5,M0_geometry,0.38636363636363635,0.3797804617619551,0.0,0.5,0.5227272727272728,0.2091290824160871
M1,mikl_gse173098,increase,mikl_gene:rmi2,0.6808510638297872,0.35585541294373435,0.0,0.0,M0_geometry,0.40425531914893614,0.5307975827221761,0.0,0.0,0.2765957446808511,0.1749421697784418
M1,mikl_gse173098,increase,mikl_gene:rnf165,0.7544378698224852,0.3006037461036759,0.0,0.0,M0_geometry,0.46449704142011833,0.4399301355642379,0.0,0.0,0.28994082840236685,0.13932638946056197
M1,mikl_gse173098,increase,mikl_gene:rorb,0.8333333333333333,0.34029411689229516,0.0,0.0,M0_geometry,0.6145833333333333,0.3977407336424389,0.0,0.5,0.21875,0.05744661675014373
M1,mikl_gse173098,increase,mikl_gene:rpl21,0.423728813559322,0.49370096634792027,0.0,0.0,M0_geometry,0.423728813559322,0.49370096634792027,0.0,0.5,0.0,0.0
M1,mikl_gse173098,increase,mikl_gene:rpl31,0.5666666666666667,0.41080727522820304,0.5,0.5,M0_geometry,0.6000000000000001,0.3914216670707571,0.0,0.0,-0.03333333333333344,-0.019385608157445944
M1,mikl_gse173098,increase,mikl_gene:rpl37,0.368421052631579,0.6651893897939487,0.0,0.0,M0_geometry,0.9210526315789473,0.27946311900480625,0.0,0.0,-0.5526315789473684,-0.38572627078914246
M1,mikl_gse173098,increase,mikl_gene:rps19,0.75,0.2594193938486331,0.5,0.5,M0_geometry,0.75,0.2594193938486331,1.0,1.0,0.0,0.0
M1,mikl_gse173098,increase,mikl_gene:rps20,0.5277777777777778,0.6939767371677417,0.5,0.5,M0_geometry,0.5555555555555556,0.6738017367044509,0.0,0.0,-0.02777777777777779,-0.020175000463290793
M1,mikl_gse173098,increase,mikl_gene:rps24,0.32142857142857145,0.5627158605123179,0.5,1.0,M0_geometry,0.6428571428571428,0.3480050445399876,0.5,0.5,-0.32142857142857134,-0.21471081597233033
M1,mikl_gse173098,increase,mikl_gene:rpsa,0.22857142857142854,0.6238937527968315,0.5,0.5,M0_geometry,0.5857142857142857,0.45987280293582666,0.0,0.5,-0.3571428571428572,-0.1640209498610048
M1,mikl_gse173098,increase,mikl_gene:rragb,0.5227272727272727,0.47539906680214505,0.0,0.0,M0_geometry,0.5,0.2265371966626096,0.5,0.5,0.022727272727272707,-0.24886187013953545
M1,mikl_gse173098,increase,mikl_gene:serbp1,0.503448275862069,0.5018747316799606,0.0,0.0,M0_geometry,0.503448275862069,0.5018747316799606,0.0,0.0,0.0,0.0
M1,mikl_gse173098,increase,mikl_gene:serhl,0.75,0.36030050157095367,1.0,1.0,M0_geometry,0.75,0.36030050157095367,0.5,1.0,0.0,0.0
M1,mikl_gse173098,increase,mikl_gene:serpina3k,0.3,0.6938016551285313,0.5,1.0,M0_geometry,0.3,0.6938016551285313,1.0,1.0,0.0,0.0
M1,mikl_gse173098,increase,mikl_gene:serpine2,0.75,0.2656571479104243,0.5,1.0,M0_geometry,0.6875,0.20337466372678828,1.0,1.0,0.0625,-0.062282484183635994
M1,mikl_gse173098,increase,mikl_gene:shank1,0.5068493150684932,0.4162220744905699,0.0,0.0,M0_geometry,0.547945205479452,0.2804363838569489,0.5,0.5,-0.041095890410958846,-0.135785690633621
M1,mikl_gse173098,increase,mikl_gene:shank3,0.7944444444444445,0.44347618463484234,0.0,0.0,M0_geometry,0.23888888888888887,0.6983201844960256,0.0,0.0,0.5555555555555556,0.2548439998611833
M1,mikl_gse173098,increase,mikl_gene:slamf7,0.2272727272727273,0.6109062094897171,0.5,0.5,M0_geometry,0.48484848484848486,0.5286573179747298,0.0,0.5,-0.25757575757575757,-0.08224889151498727
M1,mikl_gse173098,increase,mikl_gene:slc13a5,0.7758620689655172,0.4897247780327201,0.0,0.0,M0_geometry,0.5862068965517241,0.6440215775536464,0.5,1.0,0.18965517241379315,0.15429679952092634
M1,mikl_gse173098,increase,mikl_gene:slc17a7,0.46875,0.6501855292263352,0.5,1.0,M0_geometry,0.46875,0.6501855292263352,0.5,0.5,0.0,0.0
M1,mikl_gse173098,increase,mikl_gene:slc17a9,0.2692307692307692,0.5515988257928521,0.0,0.5,M0_geometry,0.2692307692307692,0.632322963998307,0.0,0.5,0.0,0.08072413820545488
M1,mikl_gse173098,increase,mikl_gene:slc22a15,0.6721311475409837,0.2830034992556318,0.5,0.5,M0_geometry,0.319672131147541,0.6962847017286133,0.0,0.0,0.3524590163934427,0.41328120247298156
M1,mikl_gse173098,increase,mikl_gene:slc23a1,0.4761904761904762,0.4552460907890038,0.0,0.5,M0_geometry,0.4761904761904762,0.4552460907890038,0.5,0.5,0.0,0.0
M1,mikl_gse173098,increase,mikl_gene:slc28a3,0.8833333333333333,0.15135943147036166,0.0,0.5,M0_geometry,0.7666666666666667,0.2384137868997352,0.0,0.0,0.11666666666666659,0.08705435542937354
M1,mikl_gse173098,increase,mikl_gene:slc7a11,0.43103448275862066,0.6237626412953567,0.0,0.0,M0_geometry,0.43103448275862066,0.6237626412953567,0.0,0.0,0.0,0.0
M1,mikl_gse173098,increase,mikl_gene:slfn8,0.5,0.44243174455829554,0.5,0.5,M0_geometry,0.49999999999999994,0.47145680069042406,0.0,0.5,5.551115123125783e-17,0.029025056132128524
M1,mikl_gse173098,increase,mikl_gene:snap91,0.3021978021978022,0.38913386862591937,0.0,0.0,M0_geometry,0.8021978021978022,0.24818407932883824,0.0,0.0,-0.5,-0.14094978929708113
M1,mikl_gse173098,increase,mikl_gene:sparc,0.9166666666666666,0.13479107290116135,0.5,0.5,M0_geometry,0.9166666666666666,0.13479107290116135,0.5,0.5,0.0,0.0
M1,mikl_gse173098,increase,mikl_gene:sptbn2,0.0,1.0,1.0,1.0,M0_geometry,0.0,1.0,1.0,1.0,0.0,0.0
M1,mikl_gse173098,increase,mikl_gene:srl,0.6842105263157895,0.4514843331217395,0.0,0.5,M0_geometry,0.6842105263157895,0.4514843331217395,0.0,0.0,0.0,0.0
M1,mikl_gse173098,increase,mikl_gene:sspn,0.1774193548387097,0.4749304171999797,0.0,0.5,M0_geometry,0.1774193548387097,0.4749304171999797,0.0,0.0,0.0,0.0
M1,mikl_gse173098,increase,mikl_gene:st6gal1,0.5116279069767442,0.4917510593188212,0.5,0.5,M0_geometry,0.5116279069767442,0.4917510593188212,0.5,0.5,0.0,0.0
M1,mikl_gse173098,increase,mikl_gene:syt15,0.20967741935483875,0.674231552045635,0.5,0.5,M0_geometry,0.43548387096774194,0.6883537601469581,0.5,0.5,-0.2258064516129032,0.014122208101323142
M1,mikl_gse173098,increase,mikl_gene:tagln,0.17647058823529416,0.5565333124564755,0.0,0.0,M0_geometry,0.8235294117647058,0.38648025076287584,0.0,0.0,-0.6470588235294117,-0.17005306169359968
M1,mikl_gse173098,increase,mikl_gene:tbcel,0.4676470588235294,0.5565364430610205,0.0,0.0,M0_geometry,0.3235294117647059,0.6497652678925103,0.0,0.0,0.14411764705882352,0.09322882483148986
M1,mikl_gse173098,increase,mikl_gene:tcte1,0.675,0.3026278552026068,0.0,0.5,M0_geometry,0.55,0.43166082108992077,0.5,0.5,0.125,0.12903296588731394
M1,mikl_gse173098,increase,mikl_gene:tfap2b,0.5444444444444445,0.7099583847905582,0.0,0.0,M0_geometry,0.5444444444444445,0.7099583847905582,0.5,0.5,0.0,0.0
M1,mikl_gse173098,increase,mikl_gene:tfg,0.5,0.5310917826487668,0.0,0.5,M0_geometry,0.425925925925926,0.5684972976989999,0.0,0.0,0.07407407407407401,0.03740551505023315
M1,mikl_gse173098,increase,mikl_gene:thbd,0.625,0.2749897415162412,0.5,0.5,M0_geometry,0.45833333333333337,0.3431893962853053,0.0,0.0,0.16666666666666663,0.06819965476906409
M1,mikl_gse173098,increase,mikl_gene:tirap,0.3548387096774193,0.5468632847069057,0.0,0.0,M0_geometry,0.5161290322580645,0.4730923637854687,0.0,0.0,-0.16129032258064518,-0.073770920921437
M1,mikl_gse173098,increase,mikl_gene:tmem242,0.85,0.14685287706270678,0.5,0.5,M0_geometry,0.6,0.4982780977054567,0.0,0.0,0.25,0.35142522064274995
M1,mikl_gse173098,increase,mikl_gene:tnfrsf19,0.9791666666666667,0.11092516546511817,1.0,1.0,M0_geometry,0.41666666666666663,0.6225824187100012,0.5,0.5,0.5625000000000001,0.511657253244883
M1,mikl_gse173098,increase,mikl_gene:tor4a,0.4444444444444445,0.5576042236209097,0.5,0.5,M0_geometry,0.4444444444444445,0.5576042236209097,0.5,0.5,0.0,0.0
M1,mikl_gse173098,increase,mikl_gene:tpmt,0.07142857142857145,0.8331405642856603,0.5,1.0,M0_geometry,0.07142857142857145,0.8331405642856603,0.5,1.0,0.0,0.0
M1,mikl_gse173098,increase,mikl_gene:tpt1,0.8611111111111112,0.059956963772589855,1.0,1.0,M0_geometry,0.3888888888888889,0.3209987530452405,0.0,0.0,0.47222222222222227,0.26104178927265065
M1,mikl_gse173098,increase,mikl_gene:trim56,0.06701030927835055,0.6701817521104169,0.0,0.0,M0_geometry,0.44845360824742264,0.5353093620886779,0.0,0.0,-0.3814432989690721,-0.134872390021739
M1,mikl_gse173098,increase,mikl_gene:trp63,0.4626865671641791,0.40226550718071274,0.0,0.5,M0_geometry,0.7611940298507462,0.33066480121572406,0.0,0.0,-0.29850746268656714,-0.07160070596498869
M1,mikl_gse173098,increase,mikl_gene:tulp1,0.0,1.0,1.0,1.0,M0_geometry,0.5,0.5694635138832331,1.0,1.0,-0.5,-0.43053648611676687
M1,mikl_gse173098,increase,mikl_gene:tusc3,0.7407407407407407,0.3404847550315629,0.0,0.5,M0_geometry,0.8518518518518519,0.18958428428095425,0.0,0.5,-0.11111111111111116,-0.15090047075060864
M1,mikl_gse173098,increase,mikl_gene:ube2m,0.2,0.7473940794155842,0.5,0.5,M0_geometry,0.7,0.4894708237538571,0.5,0.5,-0.49999999999999994,-0.25792325566172714
M1,mikl_gse173098,increase,mikl_gene:unc5c,0.894808743169399,0.21853766241025135,0.0,0.0,M0_geometry,0.674863387978142,0.3120734740165597,0.0,0.0,0.2199453551912569,0.09353581160630836
M1,mikl_gse173098,increase,mikl_gene:uqcrq,0.6875,0.29228946990312576,0.5,0.5,M0_geometry,0.6875,0.29228946990312576,0.5,0.5,0.0,0.0
M1,mikl_gse173098,increase,mikl_gene:vangl1,0.14423076923076922,0.6534548587416478,0.0,0.0,M0_geometry,0.5288461538461537,0.4995967400417246,0.0,0.0,-0.3846153846153845,-0.15385811869992316
M1,mikl_gse173098,increase,mikl_gene:vapb,0.6000000000000001,0.3564004142548315,0.0,0.0,M0_geometry,0.25471698113207547,0.41542515430542093,0.0,0.0,0.3452830188679246,0.05902474005058944
M1,mikl_gse173098,increase,mikl_gene:vav3,0.4,0.7269281313126311,0.0,0.5,M0_geometry,0.4,0.7269281313126311,0.0,0.5,0.0,0.0
M1,mikl_gse173098,increase,mikl_gene:vma21,0.37982832618025747,0.6342770797885648,0.0,0.0,M0_geometry,0.33690987124463523,0.651797312190298,0.0,0.0,0.04291845493562224,0.01752023240173317
M1,mikl_gse173098,increase,mikl_gene:wdr31,0.8928571428571428,0.06217305889432163,0.5,0.5,M0_geometry,0.5357142857142857,0.18023232981007142,0.5,0.5,0.3571428571428571,0.1180592709157498
M1,mikl_gse173098,increase,mikl_gene:zbtb20,0.9209770114942528,0.3468169196444517,0.0,0.0,M0_geometry,0.46264367816091956,0.4599689093147986,0.0,0.0,0.45833333333333326,0.1131519896703469
M1,mikl_gse173098,increase,mikl_gene:zfhx3,0.446078431372549,0.5823781768040379,0.0,0.5,M0_geometry,0.8137254901960784,0.48690649823641347,0.0,0.0,-0.36764705882352944,-0.09547167856762445
M1,mikl_gse173098,increase,mikl_gene:zscan20,0.5833333333333333,0.518854915971162,0.0,0.5,M0_geometry,0.5357142857142857,0.5505566561364461,0.5,0.5,0.04761904761904756,0.031701740165284154
M1,moffatt_gse334718,decrease,moffatt_parent_sequence:139c4882daa7dfbf012c1a463d21076843e8e7d35ee52912c4dc135d78c1bdef,0.7010705191591207,0.24468314068187427,0.2857142857142857,0.2857142857142857,M0_geometry,0.5726458025496806,0.4393005807331002,0.2857142857142857,0.2857142857142857,0.1284247166094401,0.19461744005122592
M1,moffatt_gse334718,decrease,moffatt_parent_sequence:36e73539d1acd4413e3e1072562098393ce68280e289b4e966e985a09a34ac5f,0.8868679951781343,0.1842417462294685,0.2857142857142857,0.42857142857142855,M0_geometry,0.8584618863923055,0.18617853003320986,0.14285714285714285,0.5714285714285714,0.028406108785828832,0.0019367838037413487
M1,moffatt_gse334718,decrease,moffatt_parent_sequence:45ec1d64039db0d8b56d704e14c7a76e3729d447f8dc0b19cf0e854517e5ed8d,0.8681180304720695,0.15177672294542413,0.6,0.6,M0_geometry,0.7793816107898174,0.21712912765604778,0.3,0.3,0.0887364196822521,0.06535240471062365
M1,moffatt_gse334718,decrease,moffatt_parent_sequence:572aefff72c0c5ebef579dab97cd510a0daaf1f661477a6c0c7da11ea8b145ee,0.6633230040889645,0.2875869049720213,0.1111111111111111,0.3333333333333333,M0_geometry,0.699947915506506,0.2861571941290188,0.1111111111111111,0.2222222222222222,-0.03662491141754154,-0.001429710843002474
M1,moffatt_gse334718,decrease,moffatt_parent_sequence:71717d67de00792da52084974f2481e99d5aee74258ae7426800cc5b7aa44393,0.6712505847266856,0.2722879270250629,0.14285714285714285,0.14285714285714285,M0_geometry,0.5941222802383693,0.29904679494840203,0.2857142857142857,0.2857142857142857,0.07712830448831631,0.026758867923339147
M1,moffatt_gse334718,decrease,moffatt_parent_sequence:71b017fc3704c0a72626c909e1055d0dec5dc20d0b9a0142f93d196c4ea6c651,0.9966044142614601,0.009620985014153776,1.0,1.0,M0_geometry,0.9966044142614601,0.009620985014153776,1.0,1.0,0.0,0.0
M1,moffatt_gse334718,decrease,moffatt_parent_sequence:a99e16ae7c3711f8ed155495b69998e0a7ca017d377e53a2aaaa28b9fe672e89,0.932405131660945,0.14576946153127876,0.5555555555555556,0.5555555555555556,M0_geometry,0.890952456951502,0.18691342102446123,0.2222222222222222,0.5555555555555556,0.041452674709442916,0.041143959493182475
M1,moffatt_gse334718,decrease,moffatt_parent_sequence:ebeaf12933f759f1472b6be1caeb911d7e9c703616cc2179a4826077ebc2145a,0.25,0.28122058589288323,0.0,0.0,M0_geometry,0.34375,0.26564048521998374,0.0,0.0,-0.09375,-0.0155801006728995
M1,moffatt_gse334718,increase,moffatt_parent_sequence:139c4882daa7dfbf012c1a463d21076843e8e7d35ee52912c4dc135d78c1bdef,0.6725661303324527,0.44615939515007497,0.0,0.0,M0_geometry,0.8032464257744701,0.4828855398572628,0.0,0.0,-0.13068029544201742,0.036726144707187824
M1,moffatt_gse334718,increase,moffatt_parent_sequence:36e73539d1acd4413e3e1072562098393ce68280e289b4e966e985a09a34ac5f,0.6396166256965164,0.5235692739765436,0.0,0.0,M0_geometry,0.6225578087746307,0.5026197033121969,0.0,0.0,0.01705881692188571,-0.020949570664346773
M1,moffatt_gse334718,increase,moffatt_parent_sequence:45ec1d64039db0d8b56d704e14c7a76e3729d447f8dc0b19cf0e854517e5ed8d,0.6725006356678369,0.4727957190969316,0.0,0.0,M0_geometry,0.7375515046030037,0.4160947904996976,0.1,0.1,-0.06505086893516676,-0.05670092859723397
M1,moffatt_gse334718,increase,moffatt_parent_sequence:572aefff72c0c5ebef579dab97cd510a0daaf1f661477a6c0c7da11ea8b145ee,0.6810968476899377,0.5205082715460627,0.0,0.1111111111111111,M0_geometry,0.6113221886247983,0.5273429886384966,0.0,0.1111111111111111,0.06977465906513947,0.006834717092433884
M1,moffatt_gse334718,increase,moffatt_parent_sequence:71717d67de00792da52084974f2481e99d5aee74258ae7426800cc5b7aa44393,0.5588003916385572,0.6243678389356617,0.14285714285714285,0.14285714285714285,M0_geometry,0.49234471787359385,0.6474854925808672,0.0,0.0,0.06645567376496336,0.02311765364520546
M1,moffatt_gse334718,increase,moffatt_parent_sequence:71b017fc3704c0a72626c909e1055d0dec5dc20d0b9a0142f93d196c4ea6c651,0.2597623089983022,0.4842368871756416,0.0,0.0,M0_geometry,0.33276740237691005,0.46349121652474967,0.0,0.0,-0.07300509337860783,-0.020745670650891945
M1,moffatt_gse334718,increase,moffatt_parent_sequence:a99e16ae7c3711f8ed155495b69998e0a7ca017d377e53a2aaaa28b9fe672e89,0.628423225865281,0.4486392944041444,0.1111111111111111,0.2222222222222222,M0_geometry,0.7030563096310531,0.3871956115654679,0.1111111111111111,0.1111111111111111,-0.07463308376577216,-0.06144368283867652
M1,moffatt_gse334718,increase,moffatt_parent_sequence:ebeaf12933f759f1472b6be1caeb911d7e9c703616cc2179a4826077ebc2145a,0.15625,0.8356362680872341,0.0,0.0,M0_geometry,0.15625,0.8356362680872341,0.0,0.0,0.0,0.0
M1,tdp43_gse288185,decrease,tdp_gene:ENSMUSG00000004113,1.0,0.0,1.0,1.0,M0_geometry,0.9798206278026906,0.35877729350864795,0.0,0.0,0.020179372197309364,0.35877729350864795
M1,tdp43_gse288185,decrease,tdp_gene:ENSMUSG00000022095,0.8489795918367347,0.45413233048461404,0.0,0.0,M0_geometry,0.8408163265306122,0.4671939418044128,0.0,0.0,0.008163265306122436,0.013061611319798772
M1,tdp43_gse288185,decrease,tdp_gene:ENSMUSG00000028439,0.9240506329113924,0.5250506673649492,0.0,0.0,M0_geometry,0.8734177215189873,0.565718804195245,0.0,0.0,0.05063291139240511,0.0406681368302958
M1,tdp43_gse288185,decrease,tdp_gene:ENSMUSG00000029028,0.8092485549132948,0.33701759417908916,0.0,0.0,M0_geometry,0.8092485549132948,0.33701759417908916,0.0,0.0,0.0,0.0
M1,tdp43_gse288185,decrease,tdp_gene:ENSMUSG00000029636,0.35185185185185186,0.6065728060837265,0.0,0.0,M0_geometry,0.0888888888888889,0.7444102852501282,0.0,0.0,0.26296296296296295,0.13783747916640166
M1,tdp43_gse288185,decrease,tdp_gene:ENSMUSG00000031028,0.8997912317327766,0.3985606785545422,0.0,0.0,M0_geometry,0.8058455114822547,0.44937362606924036,0.0,0.0,0.09394572025052195,0.05081294751469817
M1,tdp43_gse288185,decrease,tdp_gene:ENSMUSG00000032194,0.9603960396039604,0.12865778057080096,1.0,1.0,M0_geometry,0.35148514851485146,0.7862338289676425,0.0,0.0,0.6089108910891089,0.6575760483968416
M1,tdp43_gse288185,decrease,tdp_gene:ENSMUSG00000034801,0.30612244897959184,0.62172032827878,0.0,0.0,M0_geometry,0.826530612244898,0.35659243742005164,0.0,0.0,-0.5204081632653061,-0.26512789085872834
M1,tdp43_gse288185,decrease,tdp_gene:ENSMUSG00000035202,0.9404761904761905,0.2604067644278515,0.0,0.0,M0_geometry,0.3214285714285714,0.5785933630532726,0.0,0.0,0.6190476190476191,0.3181865986254211
M1,tdp43_gse288185,decrease,tdp_gene:ENSMUSG00000035279,0.15094339622641506,0.6731244267095428,0.0,0.0,M0_geometry,1.0,0.0,1.0,1.0,-0.8490566037735849,-0.6731244267095428
M1,tdp43_gse288185,decrease,tdp_gene:ENSMUSG00000038916,0.4,0.2606299957939512,1.0,1.0,M0_geometry,0.6,0.18625731196018766,1.0,1.0,-0.19999999999999996,-0.07437268383376353
M1,tdp43_gse288185,decrease,tdp_gene:ENSMUSG00000042529,0.718562874251497,0.6500317535796508,0.0,0.0,M0_geometry,0.9251497005988024,0.5521609218336399,0.0,0.0,-0.2065868263473054,-0.09787083174601097
M1,tdp43_gse288185,decrease,tdp_gene:ENSMUSG00000043670,0.9566787003610109,0.07660499377505624,1.0,1.0,M0_geometry,0.6028880866425993,0.9037808033300748,0.0,0.0,0.3537906137184116,0.8271758095550186
M1,tdp43_gse288185,decrease,tdp_gene:ENSMUSG00000058297,0.8389610389610389,0.7572373323395613,0.0,0.0,M0_geometry,0.8753246753246753,0.707573223619292,0.0,0.0,-0.036363636363636376,-0.04966410872026927
M1,tdp43_gse288185,decrease,tdp_gene:ENSMUSG00000061578,0.7611181702668361,0.6603795760675033,0.0,0.0,M0_geometry,0.7611181702668361,0.6603795760675033,0.0,0.0,0.0,0.0
M1,tdp43_gse288185,decrease,tdp_gene:ENSMUSG00000090935,0.148989898989899,0.6668123830135634,0.0,0.0,M0_geometry,0.33838383838383834,0.6132501297368078,0.0,0.0,-0.18939393939393934,-0.05356225327675557
M1,tdp43_gse288185,increase,tdp_gene:ENSMUSG00000004113,0.11659192825112108,0.4075609520211129,0.0,0.0,M0_geometry,0.29147982062780264,0.32332292696359216,0.0,0.0,-0.17488789237668156,-0.08423802505752076
M1,tdp43_gse288185,increase,tdp_gene:ENSMUSG00000022095,0.43265306122448977,0.10650975337492741,1.0,1.0,M0_geometry,0.8938775510204082,0.049097484818310416,1.0,1.0,-0.46122448979591846,-0.05741226855661699
M1,tdp43_gse288185,increase,tdp_gene:ENSMUSG00000028439,0.7088607594936709,0.3745459117638978,0.0,0.0,M0_geometry,0.3481012658227848,0.38825789683811973,0.0,0.0,0.3607594936708861,0.013711985074221944
M1,tdp43_gse288185,increase,tdp_gene:ENSMUSG00000029028,0.8439306358381503,0.06704314234350493,1.0,1.0,M0_geometry,0.9364161849710982,0.04348618651952153,1.0,1.0,-0.09248554913294793,-0.0235569558239834
M1,tdp43_gse288185,increase,tdp_gene:ENSMUSG00000029636,0.2518518518518519,0.5095948286385539,0.0,0.0,M0_geometry,0.674074074074074,0.38501248499893864,0.0,0.0,-0.42222222222222217,-0.12458234363961523
M1,tdp43_gse288185,increase,tdp_gene:ENSMUSG00000031028,0.2776617954070981,0.51667675560274,0.0,0.0,M0_geometry,0.732776617954071,0.3870153898564081,0.0,0.0,-0.4551148225469729,-0.12966136574633186
M1,tdp43_gse288185,increase,tdp_gene:ENSMUSG00000032194,0.6138613861386139,0.22023573879755387,0.0,0.0,M0_geometry,0.806930693069307,0.19421880198347227,0.0,1.0,-0.19306930693069313,-0.026016936814081598
M1,tdp43_gse288185,increase,tdp_gene:ENSMUSG00000034801,0.5408163265306123,0.4543533984779857,0.0,0.0,M0_geometry,0.8163265306122449,0.32920092024620307,0.0,0.0,-0.2755102040816326,-0.12515247823178266
M1,tdp43_gse288185,increase,tdp_gene:ENSMUSG00000035202,0.5357142857142857,0.4967095320932047,0.0,0.0,M0_geometry,0.5357142857142857,0.4967095320932047,0.0,0.0,0.0,0.0
M1,tdp43_gse288185,increase,tdp_gene:ENSMUSG00000035279,0.6981132075471699,0.4658403343125748,0.0,0.0,M0_geometry,0.6603773584905661,0.5131427182862321,0.0,0.0,0.037735849056603765,0.047302383973657325
M1,tdp43_gse288185,increase,tdp_gene:ENSMUSG00000038916,0.8,0.3514876106830882,1.0,1.0,M0_geometry,0.19999999999999996,0.9419919193789744,0.0,1.0,0.6000000000000001,0.5905043086958862
M1,tdp43_gse288185,increase,tdp_gene:ENSMUSG00000042529,0.6736526946107784,0.31016623134885174,0.0,0.0,M0_geometry,0.23952095808383234,0.35638612101889616,0.0,0.0,0.43413173652694603,0.04621988967004442
M1,tdp43_gse288185,increase,tdp_gene:ENSMUSG00000043670,0.4368231046931408,0.09379579025201716,1.0,1.0,M0_geometry,0.9783393501805054,0.040629563307894634,1.0,1.0,-0.5415162454873647,-0.05316622694412253
M1,tdp43_gse288185,increase,tdp_gene:ENSMUSG00000058297,0.5532467532467533,0.13896149951233,0.0,0.0,M0_geometry,0.5194805194805194,0.14091901511436436,0.0,0.0,0.03376623376623389,0.00195751560203436
M1,tdp43_gse288185,increase,tdp_gene:ENSMUSG00000061578,0.28081321473951715,0.32859854340829886,0.0,0.0,M0_geometry,0.02287166454891998,0.6514301368538886,0.0,0.0,0.25794155019059717,0.32283159344558976
M1,tdp43_gse288185,increase,tdp_gene:ENSMUSG00000090935,0.6742424242424243,0.3840207579611943,0.0,0.0,M0_geometry,0.21464646464646464,0.4875768197361921,0.0,0.0,0.45959595959595967,0.10355606177499782
M1_M2_M3_nested_selected,mikl_gse173098,decrease,mikl_gene:2810459m11rik,0.4423076923076923,0.5180849123658227,0.5,0.5,M0_geometry,0.0,1.0,0.0,0.0,0.4423076923076923,0.48191508763417734
M1_M2_M3_nested_selected,mikl_gse173098,decrease,mikl_gene:9130008f23rik,0.11764705882352944,0.6729445137791408,0.5,0.5,M0_geometry,0.6176470588235294,0.40698505047498335,0.5,0.5,-0.5,-0.26595946330415743
M1_M2_M3_nested_selected,mikl_gse173098,decrease,mikl_gene:a630089n07rik,0.34090909090909094,0.814125162852121,0.0,0.0,M0_geometry,0.40909090909090906,0.7236190530370252,0.0,0.5,-0.06818181818181812,-0.09050610981509577
M1_M2_M3_nested_selected,mikl_gse173098,decrease,mikl_gene:abhd17a,0.25,0.5368377494184587,0.0,1.0,M0_geometry,0.5,0.5,0.5,1.0,-0.25,-0.03683774941845874
M1_M2_M3_nested_selected,mikl_gse173098,decrease,mikl_gene:abi1,0.47637795275590555,0.5478870027119659,0.0,0.0,M0_geometry,0.9015748031496063,0.40681382377894415,0.0,0.0,-0.4251968503937007,-0.14107317893302174
M1_M2_M3_nested_selected,mikl_gse173098,decrease,mikl_gene:acnat2,0.5,0.5870455613342428,1.0,1.0,M0_geometry,0.625,0.5846812411634855,0.0,1.0,-0.125,-0.0023643201707572725
M1_M2_M3_nested_selected,mikl_gse173098,decrease,mikl_gene:aco2,0.625,0.32472292364034233,0.5,0.5,M0_geometry,0.625,0.32472292364034233,0.5,0.5,0.0,0.0
M1_M2_M3_nested_selected,mikl_gse173098,decrease,mikl_gene:actb,0.75,0.08537306180186661,1.0,1.0,M0_geometry,0.75,0.10499467592335106,0.5,0.5,0.0,0.019621614121484443
M1_M2_M3_nested_selected,mikl_gse173098,decrease,mikl_gene:adamts18,0.24074074074074076,0.5115480003034779,0.0,0.5,M0_geometry,0.29012345679012347,0.4909075542699012,0.0,0.0,-0.04938271604938271,-0.02064044603357673
M1_M2_M3_nested_selected,mikl_gse173098,decrease,mikl_gene:adap2,0.75,0.2150761179198268,0.5,0.5,M0_geometry,0.75,0.2150761179198268,0.5,0.5,0.0,0.0
M1_M2_M3_nested_selected,mikl_gse173098,decrease,mikl_gene:agtrap,0.5757575757575757,0.5646047616395878,0.0,0.0,M0_geometry,0.3939393939393939,0.6132585798005914,0.0,0.0,0.18181818181818177,0.04865381816100356
M1_M2_M3_nested_selected,mikl_gse173098,decrease,mikl_gene:ankef1,0.7884615384615384,0.2938631841996344,0.0,0.5,M0_geometry,0.5576923076923077,0.4332014782336593,0.0,0.0,0.23076923076923073,0.13933829403402487
M1_M2_M3_nested_selected,mikl_gse173098,decrease,mikl_gene:aqp4,0.2647058823529412,0.6410214470406359,0.0,0.0,M0_geometry,0.47058823529411764,0.6793117573722499,0.0,0.0,-0.20588235294117646,0.03829031033161401
M1_M2_M3_nested_selected,mikl_gse173098,decrease,mikl_gene:arc,0.64,0.8338451169433676,0.0,0.0,M0_geometry,0.56,0.8387482861004423,0.0,0.0,0.07999999999999996,0.004903169157074672
M1_M2_M3_nested_selected,mikl_gse173098,decrease,mikl_gene:arhgap31,0.5,0.5693090013948487,0.0,0.5,M0_geometry,0.4,0.5929452241959106,0.0,0.0,0.09999999999999998,0.023636222801061813
M1_M2_M3_nested_selected,mikl_gse173098,decrease,mikl_gene:arid2,0.3322784810126582,0.6166356631585467,0.0,0.0,M0_geometry,0.5031645569620253,0.5733261515613275,0.0,0.0,-0.1708860759493671,-0.043309511597219186
M1_M2_M3_nested_selected,mikl_gse173098,decrease,mikl_gene:arpc1b,0.8369565217391305,0.3407908553657598,0.0,0.0,M0_geometry,0.21739130434782605,0.5255759511170637,0.0,0.0,0.6195652173913044,0.18478509575130386
M1_M2_M3_nested_selected,mikl_gse173098,decrease,mikl_gene:atp5j2,0.7,0.22488967147227923,0.0,1.0,M0_geometry,0.3,0.6403906441784426,0.0,0.5,0.39999999999999997,0.4155009727061634
M1_M2_M3_nested_selected,mikl_gse173098,decrease,mikl_gene:bdnf,0.5643564356435643,0.5081674353610501,0.0,0.0,M0_geometry,0.2574257425742574,0.6585228107360881,0.0,0.5,0.3069306930693069,0.15035537537503796
M1_M2_M3_nested_selected,mikl_gse173098,decrease,mikl_gene:brsk1,0.6428571428571428,0.6291642198723039,0.0,0.0,M0_geometry,0.4523809523809524,0.6526951436653883,0.0,0.0,0.1904761904761904,0.023530923793084413
M1_M2_M3_nested_selected,mikl_gse173098,decrease,mikl_gene:c130026i21rik,0.2,0.6799808375092897,0.5,0.5,M0_geometry,0.95,0.21168133267089798,0.5,1.0,-0.75,-0.4682995048383918
M1_M2_M3_nested_selected,mikl_gse173098,decrease,mikl_gene:calm1,0.3555555555555555,0.49794243738330507,0.0,0.0,M0_geometry,0.2888888888888889,0.5183091593859885,0.0,0.0,0.0666666666666666,0.02036672200268347
M1_M2_M3_nested_selected,mikl_gse173098,decrease,mikl_gene:camk2a,0.8201438848920863,0.40632547808423225,0.0,0.0,M0_geometry,0.3525179856115108,0.6298613849461244,0.0,0.0,0.4676258992805755,0.22353590686189218
M1_M2_M3_nested_selected,mikl_gse173098,decrease,mikl_gene:ccdc141,0.34,0.6588752437528282,0.0,0.0,M0_geometry,0.39999999999999997,0.56746836547846,0.0,0.0,-0.05999999999999994,-0.09140687827436822
M1_M2_M3_nested_selected,mikl_gse173098,decrease,mikl_gene:ccnd1,0.7416666666666667,0.49030314084313287,0.0,0.0,M0_geometry,0.42916666666666664,0.6084019683293438,0.5,0.5,0.31250000000000006,0.11809882748621092
M1_M2_M3_nested_selected,mikl_gse173098,decrease,mikl_gene:ccnd2,0.5904761904761905,0.43493144771496567,0.5,0.5,M0_geometry,0.2619047619047619,0.5098886328702669,0.0,0.0,0.32857142857142857,0.0749571851553012
M1_M2_M3_nested_selected,mikl_gse173098,decrease,mikl_gene:ccni,0.8888888888888888,0.34650910799477685,0.5,0.5,M0_geometry,0.3888888888888889,0.8491179153687269,0.5,0.5,0.49999999999999994,0.5026088073739501
M1_M2_M3_nested_selected,mikl_gse173098,decrease,mikl_gene:cd84,0.47959183673469385,0.40181003770247603,0.0,0.0,M0_geometry,0.5816326530612246,0.38370571565963363,0.0,0.5,-0.10204081632653073,-0.018104322042842402
M1_M2_M3_nested_selected,mikl_gse173098,decrease,mikl_gene:cdc42,0.5596026490066225,0.5848241943781853,0.0,0.0,M0_geometry,0.5596026490066225,0.5848241943781853,0.0,0.0,0.0,0.0
M1_M2_M3_nested_selected,mikl_gse173098,decrease,mikl_gene:cdk15,0.5454545454545454,0.5227664283224781,0.5,0.5,M0_geometry,0.18181818181818177,0.6970476749070902,0.0,0.0,0.36363636363636365,0.17428124658461208
M1_M2_M3_nested_selected,mikl_gse173098,decrease,mikl_gene:chmp3,0.3545454545454546,0.6333019232036856,0.0,0.0,M0_geometry,0.43636363636363634,0.5979179042871456,0.0,0.0,-0.08181818181818173,-0.03538401891653997
M1_M2_M3_nested_selected,mikl_gse173098,decrease,mikl_gene:chrdl1,0.040816326530612235,0.8151057843267282,0.0,0.0,M0_geometry,0.3673469387755102,0.623916321563882,0.0,0.0,-0.326530612244898,-0.1911894627628462
M1_M2_M3_nested_selected,mikl_gse173098,decrease,mikl_gene:cnot6l,0.8007575757575758,0.4924058736034146,0.0,0.0,M0_geometry,0.4409090909090909,0.5840727708849107,0.0,0.0,0.35984848484848486,0.09166689728149613
M1_M2_M3_nested_selected,mikl_gse173098,decrease,mikl_gene:cntn2,0.594017094017094,0.46559547972912557,0.0,0.0,M0_geometry,0.2948717948717949,0.5314658762083243,0.0,0.0,0.29914529914529914,0.06587039647919873
M1_M2_M3_nested_selected,mikl_gse173098,decrease,mikl_gene:col1a1,0.43749999999999994,0.5181953390893729,0.0,0.0,M0_geometry,0.27083333333333337,0.6864193427116908,0.0,0.0,0.16666666666666657,0.16822400362231793
M1_M2_M3_nested_selected,mikl_gse173098,decrease,mikl_gene:col27a1,0.6682692307692308,0.3830430286397602,0.5,0.5,M0_geometry,0.10576923076923073,0.5780423638927232,0.0,0.0,0.5625000000000001,0.19499933525296304
M1_M2_M3_nested_selected,mikl_gse173098,decrease,mikl_gene:col8a1,0.0625,0.9085689836932791,0.0,0.0,M0_geometry,0.6875,0.43005816286841614,0.0,0.0,-0.625,-0.47851082082486296
M1_M2_M3_nested_selected,mikl_gse173098,decrease,mikl_gene:colec12,0.763157894736842,0.5340935563605161,0.0,0.0,M0_geometry,0.2781954887218045,0.6542885280762132,0.0,0.0,0.48496240601503754,0.12019497171569704
M1_M2_M3_nested_selected,mikl_gse173098,decrease,mikl_gene:cox8a,0.55,0.3981967471929533,0.0,1.0,M0_geometry,0.09999999999999998,0.7173470276878489,0.5,1.0,0.45000000000000007,0.3191502804948956
M1_M2_M3_nested_selected,mikl_gse173098,decrease,mikl_gene:cplx2,0.6280487804878049,0.5466338798903777,0.0,0.0,M0_geometry,0.6341463414634146,0.5066851668130502,0.0,0.0,-0.0060975609756097615,-0.0399487130773275
M1_M2_M3_nested_selected,mikl_gse173098,decrease,mikl_gene:ctdspl2,0.7,0.31446856049657695,1.0,1.0,M0_geometry,0.15000000000000002,0.8195669551314367,0.5,0.5,0.5499999999999999,0.5050983946348597
M1_M2_M3_nested_selected,mikl_gse173098,decrease,mikl_gene:cyp26b1,0.3656716417910448,0.7263968543757335,0.0,0.0,M0_geometry,0.6417910447761195,0.6297384589409039,0.0,0.0,-0.2761194029850747,-0.09665839543482968
M1_M2_M3_nested_selected,mikl_gse173098,decrease,mikl_gene:dcdc2a,0.5,0.4750811774799494,0.0,0.0,M0_geometry,0.5588235294117647,0.4365835570220714,0.0,0.0,-0.05882352941176472,-0.03849762045787797
M1_M2_M3_nested_selected,mikl_gse173098,decrease,mikl_gene:ddx58,0.6111111111111112,0.26969049322065325,0.5,0.5,M0_geometry,0.4444444444444445,0.35146778463126405,1.0,1.0,0.16666666666666669,0.0817772914106108
M1_M2_M3_nested_selected,mikl_gse173098,decrease,mikl_gene:disp2,0.0641025641025641,0.8444739346363704,0.0,0.0,M0_geometry,0.4487179487179487,0.6100986112153461,0.0,0.5,-0.3846153846153846,-0.2343753234210243
M1_M2_M3_nested_selected,mikl_gse173098,decrease,mikl_gene:dlg4,0.2986284289276808,0.7107652984752215,0.0,0.0,M0_geometry,0.841645885286783,0.5187906254378278,0.0,0.0,-0.5430174563591021,-0.19197467303739368
M1_M2_M3_nested_selected,mikl_gse173098,decrease,mikl_gene:dock8,0.6153846153846154,0.6265070481012173,0.5,0.5,M0_geometry,0.8846153846153846,0.3360936707606583,0.5,0.5,-0.26923076923076916,-0.29041337734055894
M1_M2_M3_nested_selected,mikl_gse173098,decrease,mikl_gene:dtx3l,0.5405405405405406,0.636984441974551,0.5,0.5,M0_geometry,0.28378378378378377,0.7574863270170688,0.0,1.0,0.2567567567567568,0.1205018850425178
M1_M2_M3_nested_selected,mikl_gse173098,decrease,mikl_gene:dusp18,0.5104166666666666,0.597782749611939,0.0,0.0,M0_geometry,0.71875,0.5338196104717907,0.0,0.0,-0.20833333333333337,-0.06396313914014828
M1_M2_M3_nested_selected,mikl_gse173098,decrease,mikl_gene:ebf1,0.8444444444444444,0.44025625340837526,0.5,0.5,M0_geometry,0.8444444444444444,0.44025625340837526,0.0,0.5,0.0,0.0
M1_M2_M3_nested_selected,mikl_gse173098,decrease,mikl_gene:eef2,0.3333333333333333,0.7821232724256377,0.5,0.5,M0_geometry,0.6666666666666667,0.5430773628021677,0.0,0.5,-0.3333333333333334,-0.23904590962347005
M1_M2_M3_nested_selected,mikl_gse173098,decrease,mikl_gene:egf,0.9891304347826086,0.15414813092917723,0.5,0.5,M0_geometry,0.5434782608695652,0.5184310778940527,0.0,0.0,0.44565217391304346,0.3642829469648755
M1_M2_M3_nested_selected,mikl_gse173098,decrease,mikl_gene:eif3f,0.5249999999999999,0.5258333758749762,0.5,0.5,M0_geometry,0.6,0.27477282232320016,0.5,0.5,-0.07500000000000007,-0.2510605535517761
M1_M2_M3_nested_selected,mikl_gse173098,decrease,mikl_gene:ern1,0.34523809523809523,0.531437415485259,0.0,0.0,M0_geometry,0.32142857142857145,0.5503894594140957,0.0,0.0,0.02380952380952378,0.018952043928836648
M1_M2_M3_nested_selected,mikl_gse173098,decrease,mikl_gene:esr1,0.6206896551724138,0.27864169930822547,0.0,0.0,M0_geometry,0.0,1.0,0.0,1.0,0.6206896551724138,0.7213583006917745
M1_M2_M3_nested_selected,mikl_gse173098,decrease,mikl_gene:exo1,0.5569620253164558,0.6089958692064757,0.0,0.5,M0_geometry,0.3481012658227848,0.6628509417039516,0.0,0.0,0.208860759493671,0.0538550724974759
M1_M2_M3_nested_selected,mikl_gse173098,decrease,mikl_gene:fgf13,0.4444444444444444,0.5095165540355822,0.5,0.5,M0_geometry,0.5555555555555556,0.4762111969299583,0.5,0.5,-0.11111111111111116,-0.03330535710562388
M1_M2_M3_nested_selected,mikl_gse173098,decrease,mikl_gene:fgf3,0.4444444444444445,0.5052574535038702,0.0,0.0,M0_geometry,0.7592592592592593,0.3082086180301921,0.5,0.5,-0.3148148148148148,-0.19704883547367807
M1_M2_M3_nested_selected,mikl_gse173098,decrease,mikl_gene:foxp2,0.5901639344262295,0.45357210278306614,0.0,0.0,M0_geometry,0.4262295081967213,0.49792539328790875,0.0,0.5,0.1639344262295082,0.0443532905048426
M1_M2_M3_nested_selected,mikl_gse173098,decrease,mikl_gene:gabra4,0.28125,0.724774190513963,0.0,1.0,M0_geometry,0.6875,0.33547217155908754,0.5,0.5,-0.40625,-0.38930201895487543
M1_M2_M3_nested_selected,mikl_gse173098,decrease,mikl_gene:gbp7,0.411764705882353,0.4854945809702489,0.0,0.0,M0_geometry,0.19607843137254904,0.579499580560084,0.0,0.0,0.21568627450980393,0.0940049995898351
M1_M2_M3_nested_selected,mikl_gse173098,decrease,mikl_gene:gli3,0.25,0.7332389672170907,0.5,1.0,M0_geometry,0.3888888888888889,0.8146926910856146,0.0,0.5,-0.1388888888888889,0.0814537238685239
M1_M2_M3_nested_selected,mikl_gse173098,decrease,mikl_gene:gpc6,0.6666666666666667,0.45832001323517124,0.0,0.0,M0_geometry,0.5416666666666667,0.60440930302603,0.5,0.5,0.125,0.14608928979085878
M1_M2_M3_nested_selected,mikl_gse173098,decrease,mikl_gene:gpr17,0.3,0.8045288781164575,0.0,0.0,M0_geometry,0.7000000000000001,0.5487079557984047,0.0,0.0,-0.4000000000000001,-0.25582092231805276
M1_M2_M3_nested_selected,mikl_gse173098,decrease,mikl_gene:gpr35,0.6944444444444444,0.35191097537497884,0.0,0.0,M0_geometry,0.16666666666666663,0.7894428547177421,0.5,0.5,0.5277777777777778,0.4375318793427633
M1_M2_M3_nested_selected,mikl_gse173098,decrease,mikl_gene:grin1,0.7333333333333334,0.29885879580834396,0.5,0.5,M0_geometry,0.9333333333333333,0.053718082409082504,0.5,0.5,-0.19999999999999996,-0.24514071339926147
M1_M2_M3_nested_selected,mikl_gse173098,decrease,mikl_gene:gstm1,0.375,0.5755882679961979,1.0,1.0,M0_geometry,0.375,0.5755882679961979,0.5,1.0,0.0,0.0
M1_M2_M3_nested_selected,mikl_gse173098,decrease,mikl_gene:hic2,0.19387755102040816,0.5023318078734936,0.0,0.5,M0_geometry,0.19387755102040816,0.5023318078734936,0.0,1.0,0.0,0.0
M1_M2_M3_nested_selected,mikl_gse173098,decrease,mikl_gene:hpcal4,0.2441860465116279,0.39249315409384355,0.0,0.5,M0_geometry,0.9534883720930233,0.11729147401976203,0.5,0.5,-0.7093023255813954,-0.2752016800740815
M1_M2_M3_nested_selected,mikl_gse173098,decrease,mikl_gene:ids,0.6521739130434783,0.5179869623119367,0.0,0.0,M0_geometry,0.13043478260869568,0.8532004844681949,0.0,0.0,0.5217391304347826,0.3352135221562581
M1_M2_M3_nested_selected,mikl_gse173098,decrease,mikl_gene:invs,0.925,0.4883693494394315,0.0,0.0,M0_geometry,0.7625,0.5925939883937543,0.5,0.5,0.1625000000000001,0.10422463895432282
M1_M2_M3_nested_selected,mikl_gse173098,decrease,mikl_gene:itga1,0.484375,0.4818175371667215,1.0,1.0,M0_geometry,0.8046875,0.2834075236912117,0.5,0.5,-0.3203125,-0.1984100134755098
M1_M2_M3_nested_selected,mikl_gse173098,decrease,mikl_gene:itga4,0.55,0.7027573464861716,0.0,0.0,M0_geometry,0.625,0.6899787088439989,0.0,0.0,-0.07499999999999996,-0.012778637642172685
M1_M2_M3_nested_selected,mikl_gse173098,decrease,mikl_gene:itpr2,0.8095238095238095,0.2971699669031649,0.0,0.0,M0_geometry,0.05555555555555558,0.7495058572204607,0.0,0.0,0.753968253968254,0.4523358903172958
M1_M2_M3_nested_selected,mikl_gse173098,decrease,mikl_gene:jund,0.5833333333333334,0.2916308056094989,0.5,0.5,M0_geometry,0.5416666666666666,0.4759594756340786,0.5,1.0,0.04166666666666674,0.1843286700245797
M1_M2_M3_nested_selected,mikl_gse173098,decrease,mikl_gene:kcna6,0.36486486486486486,0.5787945804408525,0.0,0.0,M0_geometry,0.6216216216216217,0.48870653140169973,0.0,0.0,-0.25675675675675685,-0.0900880490391528
M1_M2_M3_nested_selected,mikl_gse173098,decrease,mikl_gene:kcng3,0.5625,0.40540543285437863,1.0,1.0,M0_geometry,0.375,0.577963404768112,0.0,0.0,0.1875,0.1725579719137334
M1_M2_M3_nested_selected,mikl_gse173098,decrease,mikl_gene:kcnq5,0.5,0.7210400390502829,0.0,0.0,M0_geometry,0.14864864864864863,0.7995430787699684,0.0,0.0,0.35135135135135137,0.07850303971968553
M1_M2_M3_nested_selected,mikl_gse173098,decrease,mikl_gene:kctd4,0.34615384615384615,0.48197938387533723,0.0,0.0,M0_geometry,0.5,0.4063446687535091,0.0,0.0,-0.15384615384615385,-0.07563471512182812
M1_M2_M3_nested_selected,mikl_gse173098,decrease,mikl_gene:kif1a,0.21999999999999997,0.7149603466511221,0.0,0.0,M0_geometry,0.79,0.4392070650637667,0.0,0.0,-0.5700000000000001,-0.27575328158735535
M1_M2_M3_nested_selected,mikl_gse173098,decrease,mikl_gene:kif5c,0.5333333333333333,0.1948155293265564,0.5,1.0,M0_geometry,0.6666666666666667,0.15968202713361151,0.5,0.5,-0.13333333333333341,-0.03513350219294489
M1_M2_M3_nested_selected,mikl_gse173098,decrease,mikl_gene:liph,0.7246376811594203,0.17937678718461048,0.5,0.5,M0_geometry,0.021739130434782594,0.8243222794234466,0.5,1.0,0.7028985507246377,0.6449454922388361
M1_M2_M3_nested_selected,mikl_gse173098,decrease,mikl_gene:lypd1,0.704225352112676,0.4349072527190653,0.0,0.0,M0_geometry,0.2535211267605634,0.5894944066490034,0.0,0.0,0.45070422535211263,0.15458715392993816
M1_M2_M3_nested_selected,mikl_gse173098,decrease,mikl_gene:magi2,0.588235294117647,0.5471058493212647,0.0,0.0,M0_geometry,0.18823529411764706,0.6825803894353253,0.0,0.0,0.3999999999999999,0.13547454011406057
M1_M2_M3_nested_selected,mikl_gse173098,decrease,mikl_gene:malt1,0.4716981132075472,0.5462634246391902,0.0,0.0,M0_geometry,0.42452830188679247,0.5461641292552131,0.0,0.0,0.047169811320754707,-9.929538397712712e-05
M1_M2_M3_nested_selected,mikl_gse173098,decrease,mikl_gene:map1a,0.9240506329113924,0.33807443376792384,0.0,0.0,M0_geometry,0.620253164556962,0.42560962050050866,0.0,0.0,0.30379746835443044,0.08753518673258481
M1_M2_M3_nested_selected,mikl_gse173098,decrease,mikl_gene:map2,0.5335820895522387,0.5749992702911063,0.0,0.0,M0_geometry,0.3246268656716418,0.6546867805332537,0.5,0.5,0.20895522388059695,0.07968751024214737
M1_M2_M3_nested_selected,mikl_gse173098,decrease,mikl_gene:mapk8ip1,0.21052631578947373,0.7385958350490145,1.0,1.0,M0_geometry,0.42105263157894735,0.5738651443031604,1.0,1.0,-0.21052631578947362,-0.1647306907458541
M1_M2_M3_nested_selected,mikl_gse173098,decrease,mikl_gene:mavs,0.6346153846153846,0.44371590853820997,0.5,0.5,M0_geometry,0.40384615384615385,0.5690996174199425,0.0,0.0,0.23076923076923073,0.12538370888173256
M1_M2_M3_nested_selected,mikl_gse173098,decrease,mikl_gene:mcf2l,0.33333333333333337,0.7806067093798454,0.0,0.0,M0_geometry,0.4305555555555555,0.6609673452969238,0.0,0.0,-0.09722222222222215,-0.11963936408292164
M1_M2_M3_nested_selected,mikl_gse173098,decrease,mikl_gene:meis2,0.35714285714285715,0.5886940753515364,0.0,0.0,M0_geometry,0.40476190476190477,0.528199708041701,0.5,0.5,-0.047619047619047616,-0.06049436730983537
M1_M2_M3_nested_selected,mikl_gse173098,decrease,mikl_gene:mis18bp1,0.2142857142857143,0.6683438520601057,0.5,0.5,M0_geometry,0.5714285714285714,0.4721736764212714,0.0,0.5,-0.3571428571428571,-0.19617017563883432
M1_M2_M3_nested_selected,mikl_gse173098,decrease,mikl_gene:mocs2,0.7251308900523561,0.4485004525600805,0.0,0.0,M0_geometry,0.002617801047120394,0.9299773340469377,0.0,0.0,0.7225130890052357,0.48147688148685724
M1_M2_M3_nested_selected,mikl_gse173098,decrease,mikl_gene:mre11a,0.26785714285714285,0.8251634821954752,0.5,0.5,M0_geometry,0.3035714285714286,0.5711158977829728,0.0,0.0,-0.035714285714285754,-0.2540475844125024
M1_M2_M3_nested_selected,mikl_gse173098,decrease,mikl_gene:mrpl33,0.6111111111111112,0.4084772829106714,0.0,0.0,M0_geometry,0.5,0.4362366944798336,0.0,0.5,0.11111111111111116,0.027759411569162173
M1_M2_M3_nested_selected,mikl_gse173098,decrease,mikl_gene:ndnf,0.8714285714285714,0.20918478849001484,0.5,0.5,M0_geometry,0.6214285714285714,0.4662290683511643,0.0,0.0,0.25,0.2570442798611494
M1_M2_M3_nested_selected,mikl_gse173098,decrease,mikl_gene:ndufa12,0.875,0.43816120447425017,0.0,0.5,M0_geometry,0.5625,0.525685970099132,0.5,0.5,0.3125,0.08752476562488182
M1_M2_M3_nested_selected,mikl_gse173098,decrease,mikl_gene:ndufb8,0.3235294117647059,0.8205597513348397,0.5,0.5,M0_geometry,0.5588235294117647,0.720530815005384,0.0,0.5,-0.23529411764705882,-0.10002893632945575
M1_M2_M3_nested_selected,mikl_gse173098,decrease,mikl_gene:necab1,0.9166666666666667,0.3124981177896996,1.0,1.0,M0_geometry,0.9166666666666667,0.3124981177896996,0.5,0.5,0.0,0.0
M1_M2_M3_nested_selected,mikl_gse173098,decrease,mikl_gene:nhsl2,0.348,0.4839149803846815,0.0,0.0,M0_geometry,0.15199999999999997,0.5187433378329724,0.0,0.0,0.196,0.034828357448290936
M1_M2_M3_nested_selected,mikl_gse173098,decrease,mikl_gene:nnat,0.5657894736842105,0.725970229718892,0.0,0.0,M0_geometry,0.4605263157894737,0.7591576820599959,0.0,0.0,0.10526315789473684,0.033187452341103874
M1_M2_M3_nested_selected,mikl_gse173098,decrease,mikl_gene:nrgn,0.13793103448275867,0.5379748396193088,0.0,0.0,M0_geometry,0.17241379310344823,0.5157472541908097,0.0,1.0,-0.03448275862068956,-0.02222758542849912
M1_M2_M3_nested_selected,mikl_gse173098,decrease,mikl_gene:nsmf,0.5512820512820513,0.44037445816874776,0.0,0.0,M0_geometry,0.5512820512820513,0.44037445816874776,0.0,0.0,0.0,0.0
M1_M2_M3_nested_selected,mikl_gse173098,decrease,mikl_gene:oaf,0.10810810810810811,0.6824023036113681,0.0,0.0,M0_geometry,0.35135135135135137,0.5814917810292857,0.0,0.0,-0.24324324324324326,-0.10091052258208244
M1_M2_M3_nested_selected,mikl_gse173098,decrease,mikl_gene:ociad2,0.596875,0.5999830972120069,0.0,0.0,M0_geometry,0.440625,0.7389436624032665,0.0,0.0,0.15625000000000006,0.13896056519125954
M1_M2_M3_nested_selected,mikl_gse173098,decrease,mikl_gene:ogt,0.24719101123595505,0.513187206331998,0.0,0.0,M0_geometry,0.449438202247191,0.49748762945269676,0.0,0.0,-0.20224719101123595,-0.015699576879301236
M1_M2_M3_nested_selected,mikl_gse173098,decrease,mikl_gene:oprd1,0.9051724137931034,0.19426605992899673,0.5,0.5,M0_geometry,0.6810344827586207,0.2798601023438439,0.0,0.0,0.22413793103448276,0.08559404241484717
M1_M2_M3_nested_selected,mikl_gse173098,decrease,mikl_gene:otc,0.5833333333333333,0.55341026088305,0.0,0.5,M0_geometry,0.36111111111111116,0.7033485211768679,0.0,0.0,0.2222222222222221,0.14993826029381785
M1_M2_M3_nested_selected,mikl_gse173098,decrease,mikl_gene:oxct1,0.7416666666666667,0.4343896855966746,1.0,1.0,M0_geometry,0.8833333333333333,0.32834701817031703,0.5,1.0,-0.1416666666666666,-0.1060426674263576
M1_M2_M3_nested_selected,mikl_gse173098,decrease,mikl_gene:pacsin1,0.9225352112676056,0.18560381117518848,0.0,0.0,M0_geometry,0.38028169014084506,0.5542629125375207,0.0,0.0,0.5422535211267605,0.3686591013623322
M1_M2_M3_nested_selected,mikl_gse173098,decrease,mikl_gene:pate2,0.8333333333333334,0.2884388071688426,0.5,0.5,M0_geometry,0.8333333333333334,0.2884388071688426,0.5,1.0,0.0,0.0
M1_M2_M3_nested_selected,mikl_gse173098,decrease,mikl_gene:pcdh15,0.33225806451612905,0.699790501187981,0.0,0.0,M0_geometry,0.4870967741935484,0.6841195375250897,0.0,0.0,-0.15483870967741936,-0.015670963662891335
M1_M2_M3_nested_selected,mikl_gse173098,decrease,mikl_gene:pde1c,0.6619047619047619,0.606086590892084,0.0,0.0,M0_geometry,0.7333333333333333,0.6245275011964111,0.0,0.0,-0.0714285714285714,0.01844091030432704
M1_M2_M3_nested_selected,mikl_gse173098,decrease,mikl_gene:pde2a,0.62,0.5554278675509734,0.0,0.0,M0_geometry,0.13,0.8478877668060802,0.0,0.0,0.49,0.29245989925510685
M1_M2_M3_nested_selected,mikl_gse173098,decrease,mikl_gene:pdp1,0.6123188405797102,0.44591583080997854,0.0,0.0,M0_geometry,0.5217391304347826,0.48304234619334896,0.0,0.0,0.0905797101449276,0.03712651538337042
M1_M2_M3_nested_selected,mikl_gse173098,decrease,mikl_gene:pdpk1,0.5018115942028986,0.4645574076397982,0.0,0.0,M0_geometry,0.5108695652173914,0.4168521642728072,0.0,0.0,-0.009057971014492794,-0.047705243366991
M1_M2_M3_nested_selected,mikl_gse173098,decrease,mikl_gene:pgap1,0.114010989010989,0.6412132962693506,0.0,0.0,M0_geometry,0.24862637362637363,0.5495918031059633,0.0,0.0,-0.13461538461538464,-0.0916214931633873
M1_M2_M3_nested_selected,mikl_gse173098,decrease,mikl_gene:plin3,0.5892857142857143,0.36061226248221967,0.0,0.5,M0_geometry,0.4285714285714286,0.4558496385186739,0.0,0.0,0.1607142857142857,0.09523737603645421
M1_M2_M3_nested_selected,mikl_gse173098,decrease,mikl_gene:ppp1r9b,0.8275862068965517,0.4253398859481794,0.5,0.5,M0_geometry,0.5344827586206897,0.6066574137310491,0.0,0.0,0.293103448275862,0.1813175277828697
M1_M2_M3_nested_selected,mikl_gse173098,decrease,mikl_gene:prlr,0.6582278481012658,0.3777292288457023,0.0,0.0,M0_geometry,0.9240506329113924,0.260935727997709,0.5,0.5,-0.26582278481012667,-0.11679350084799334
M1_M2_M3_nested_selected,mikl_gse173098,decrease,mikl_gene:prrx1,0.5138888888888888,0.42856632122983657,0.0,0.0,M0_geometry,0.5,0.5,0.5,0.5,0.01388888888888884,0.07143367877016343
M1_M2_M3_nested_selected,mikl_gse173098,decrease,mikl_gene:psd,0.4285714285714286,0.7391077790673266,1.0,1.0,M0_geometry,0.9285714285714286,0.01872557447700362,1.0,1.0,-0.5,-0.720382204590323
M1_M2_M3_nested_selected,mikl_gse173098,decrease,mikl_gene:ptgs2,0.7692307692307692,0.35557846173688856,0.0,0.0,M0_geometry,0.7692307692307692,0.35557846173688856,0.0,0.0,0.0,0.0
M1_M2_M3_nested_selected,mikl_gse173098,decrease,mikl_gene:ptpn14,0.911764705882353,0.23342789144864795,0.5,1.0,M0_geometry,0.7647058823529411,0.33855453377727035,0.0,0.0,0.1470588235294119,0.1051266423286224
M1_M2_M3_nested_selected,mikl_gse173098,decrease,mikl_gene:ptprb,0.7887323943661972,0.24625315123661892,0.0,0.0,M0_geometry,0.7394366197183098,0.43792712874861417,0.0,0.0,0.04929577464788748,0.19167397751199525
M1_M2_M3_nested_selected,mikl_gse173098,decrease,mikl_gene:rab11fip2,0.7276595744680852,0.5788560600085174,0.0,0.0,M0_geometry,0.24042553191489363,0.7577220572114263,0.0,0.0,0.4872340425531915,0.17886599720290886
M1_M2_M3_nested_selected,mikl_gse173098,decrease,mikl_gene:rasgrp4,0.9722222222222222,0.1250871224591552,1.0,1.0,M0_geometry,0.3611111111111111,0.7282004961269049,0.0,0.5,0.6111111111111112,0.6031133736677496
M1_M2_M3_nested_selected,mikl_gse173098,decrease,mikl_gene:rasl10b,0.4597315436241611,0.7732426682425446,0.0,0.0,M0_geometry,0.7281879194630871,0.6631439012988134,0.0,0.0,-0.26845637583892606,-0.11009876694373122
M1_M2_M3_nested_selected,mikl_gse173098,decrease,mikl_gene:rbm47,0.8863636363636364,0.4667531426521352,0.0,0.0,M0_geometry,0.38636363636363635,0.7664472079380529,0.0,0.0,0.5,0.2996940652859177
M1_M2_M3_nested_selected,mikl_gse173098,decrease,mikl_gene:rmi2,0.11702127659574468,0.7855860484761236,0.0,0.0,M0_geometry,0.4468085106382979,0.5496488995761678,0.0,0.0,-0.3297872340425532,-0.23593714889995576
M1_M2_M3_nested_selected,mikl_gse173098,decrease,mikl_gene:rnf165,0.5088757396449703,0.6074189750936114,0.0,0.0,M0_geometry,0.8609467455621302,0.5348954109729785,0.0,0.0,-0.3520710059171599,-0.07252356412063288
M1_M2_M3_nested_selected,mikl_gse173098,decrease,mikl_gene:rorb,0.5416666666666667,0.4860161245242064,0.0,0.0,M0_geometry,0.5416666666666667,0.4860161245242064,0.0,0.5,0.0,0.0
M1_M2_M3_nested_selected,mikl_gse173098,decrease,mikl_gene:rpl21,0.5,0.5585386854454785,0.0,0.0,M0_geometry,0.5,0.5585386854454785,0.0,0.0,0.0,0.0
M1_M2_M3_nested_selected,mikl_gse173098,decrease,mikl_gene:rpl31,0.4,0.7099697296292048,0.5,0.5,M0_geometry,0.5,0.5,0.5,0.5,-0.09999999999999998,-0.2099697296292048
M1_M2_M3_nested_selected,mikl_gse173098,decrease,mikl_gene:rpl37,0.5,0.43932602577730795,0.0,0.0,M0_geometry,0.34210526315789475,0.6681033802807699,0.0,0.5,0.15789473684210525,0.22877735450346193
M1_M2_M3_nested_selected,mikl_gse173098,decrease,mikl_gene:rps19,0.125,0.8115224080302754,0.0,0.0,M0_geometry,0.75,0.36489058511174133,0.0,1.0,-0.625,-0.4466318229185341
M1_M2_M3_nested_selected,mikl_gse173098,decrease,mikl_gene:rps20,0.02777777777777779,0.6781976729737542,0.0,0.5,M0_geometry,0.5,0.2834754110301019,0.0,0.0,-0.4722222222222222,-0.39472226194365234
M1_M2_M3_nested_selected,mikl_gse173098,decrease,mikl_gene:rps24,0.7857142857142858,0.37798265732398695,0.0,0.0,M0_geometry,0.49999999999999994,0.6443716511635842,0.0,0.0,0.28571428571428586,0.26638899383959724
M1_M2_M3_nested_selected,mikl_gse173098,decrease,mikl_gene:rpsa,0.5571428571428572,0.4090027377677939,0.0,0.5,M0_geometry,0.48571428571428577,0.5222303274895668,0.0,0.5,0.0714285714285714,0.11322758972177288
M1_M2_M3_nested_selected,mikl_gse173098,decrease,mikl_gene:rragb,0.7272727272727273,0.38678527701553034,0.5,0.5,M0_geometry,0.8636363636363636,0.061839793855335556,0.5,1.0,-0.13636363636363635,-0.3249454831601948
M1_M2_M3_nested_selected,mikl_gse173098,decrease,mikl_gene:serbp1,0.3931034482758621,0.471990851127,0.0,0.0,M0_geometry,0.43448275862068964,0.4647241539737703,0.0,0.0,-0.04137931034482756,-0.007266697153229695
M1_M2_M3_nested_selected,mikl_gse173098,decrease,mikl_gene:serhl,0.8125,0.3768319445885918,0.5,0.5,M0_geometry,0.625,0.46790680087791997,0.0,1.0,0.1875,0.09107485628932815
M1_M2_M3_nested_selected,mikl_gse173098,decrease,mikl_gene:serpina3k,0.3,0.7009324837859903,0.0,0.5,M0_geometry,0.3,0.7009324837859903,0.5,1.0,0.0,0.0
M1_M2_M3_nested_selected,mikl_gse173098,decrease,mikl_gene:serpine2,0.6875,0.5453988229745689,0.5,0.5,M0_geometry,0.4375,0.6919405608681238,0.0,0.5,0.25,0.14654173789355496
M1_M2_M3_nested_selected,mikl_gse173098,decrease,mikl_gene:shank1,0.32876712328767127,0.6590061469609714,0.0,0.0,M0_geometry,0.32876712328767127,0.6590061469609714,0.0,0.0,0.0,0.0
M1_M2_M3_nested_selected,mikl_gse173098,decrease,mikl_gene:shank3,0.37777777777777777,0.44240839055335385,0.0,0.0,M0_geometry,0.10555555555555557,0.8398567513232595,0.0,0.0,0.2722222222222222,0.3974483607699057
M1_M2_M3_nested_selected,mikl_gse173098,decrease,mikl_gene:slamf7,0.5909090909090909,0.45577931475846045,0.0,0.5,M0_geometry,0.5909090909090909,0.4386462270271362,0.0,0.0,0.0,-0.01713308773132427
M1_M2_M3_nested_selected,mikl_gse173098,decrease,mikl_gene:slc13a5,0.7413793103448276,0.22515918594961312,0.5,0.5,M0_geometry,0.7413793103448276,0.22515918594961312,0.5,0.5,0.0,0.0
M1_M2_M3_nested_selected,mikl_gse173098,decrease,mikl_gene:slc17a7,0.40625,0.4448220237358108,0.5,0.5,M0_geometry,0.6875,0.2616908507619795,0.5,0.5,-0.28125,-0.1831311729738313
M1_M2_M3_nested_selected,mikl_gse173098,decrease,mikl_gene:slc17a9,0.5,0.6709643700916599,0.0,0.5,M0_geometry,0.6153846153846154,0.5027150291037523,0.0,0.0,-0.11538461538461542,-0.16824934098790756
M1_M2_M3_nested_selected,mikl_gse173098,decrease,mikl_gene:slc22a15,0.7049180327868851,0.5539540593599723,0.0,0.0,M0_geometry,0.819672131147541,0.46589480553946283,0.0,0.0,-0.11475409836065587,-0.0880592538205095
M1_M2_M3_nested_selected,mikl_gse173098,decrease,mikl_gene:slc23a1,0.5476190476190477,0.44536607444362275,0.5,0.5,M0_geometry,0.8333333333333333,0.17630506328975298,0.0,0.5,-0.2857142857142856,-0.26906101115386977
M1_M2_M3_nested_selected,mikl_gse173098,decrease,mikl_gene:slc28a3,0.5333333333333333,0.5968743132656618,0.0,0.0,M0_geometry,0.75,0.4421874814093551,0.5,0.5,-0.21666666666666667,-0.15468683185630666
M1_M2_M3_nested_selected,mikl_gse173098,decrease,mikl_gene:slc7a11,0.5775862068965517,0.37665978697465713,0.0,0.5,M0_geometry,0.7758620689655172,0.21445201251743762,0.5,0.5,-0.19827586206896552,-0.1622077744572195
M1_M2_M3_nested_selected,mikl_gse173098,decrease,mikl_gene:slfn8,0.23529411764705882,0.6583324111637137,0.0,0.5,M0_geometry,0.3235294117647059,0.6083956199542262,0.0,0.0,-0.08823529411764708,-0.04993679120948746
M1_M2_M3_nested_selected,mikl_gse173098,decrease,mikl_gene:snap91,0.5879120879120878,0.6555426867982876,0.0,0.0,M0_geometry,0.22802197802197804,0.7484935765330338,0.0,0.0,0.3598901098901098,0.09295088973474619
M1_M2_M3_nested_selected,mikl_gse173098,decrease,mikl_gene:sparc,0.75,0.5151492342856019,0.0,0.0,M0_geometry,0.4166666666666667,0.6669093270087852,0.0,0.5,0.3333333333333333,0.15176009272318336
M1_M2_M3_nested_selected,mikl_gse173098,decrease,mikl_gene:sptbn2,0.5,0.3312633459126841,0.0,1.0,M0_geometry,0.5,0.3312633459126841,0.0,1.0,0.0,0.0
M1_M2_M3_nested_selected,mikl_gse173098,decrease,mikl_gene:srl,0.8947368421052632,0.1710597879281084,0.5,1.0,M0_geometry,0.31578947368421056,0.5696640509874842,0.0,0.0,0.5789473684210527,0.3986042630593758
M1_M2_M3_nested_selected,mikl_gse173098,decrease,mikl_gene:sspn,0.653225806451613,0.6278231477904705,0.0,0.0,M0_geometry,0.41935483870967744,0.6922385535431039,0.5,0.5,0.23387096774193555,0.06441540575263338
M1_M2_M3_nested_selected,mikl_gse173098,decrease,mikl_gene:st6gal1,0.08139534883720928,0.5096462626445055,0.0,0.0,M0_geometry,0.3488372093023256,0.4349599758945879,0.0,0.0,-0.2674418604651163,-0.07468628674991762
M1_M2_M3_nested_selected,mikl_gse173098,decrease,mikl_gene:syt15,0.4516129032258065,0.49776159962895083,0.0,0.5,M0_geometry,0.5967741935483871,0.46969654598576727,0.0,0.0,-0.14516129032258063,-0.02806505364318357
M1_M2_M3_nested_selected,mikl_gse173098,decrease,mikl_gene:tagln,0.9705882352941176,0.10165687219655019,0.5,0.5,M0_geometry,0.9705882352941176,0.10165687219655019,0.5,0.5,0.0,0.0
M1_M2_M3_nested_selected,mikl_gse173098,decrease,mikl_gene:tbcel,0.8970588235294117,0.2871482449518421,0.0,0.0,M0_geometry,0.7058823529411764,0.3941086830153608,0.0,0.0,0.19117647058823528,0.10696043806351868
M1_M2_M3_nested_selected,mikl_gse173098,decrease,mikl_gene:tcte1,0.25,0.7245490026016815,0.0,0.0,M0_geometry,0.35,0.6460272590112522,0.5,0.5,-0.09999999999999998,-0.0785217435904293
M1_M2_M3_nested_selected,mikl_gse173098,decrease,mikl_gene:tfap2b,0.3222222222222222,0.3267071005537766,0.0,0.0,M0_geometry,0.6888888888888889,0.17441155122729954,0.5,0.5,-0.3666666666666667,-0.15229554932647707
M1_M2_M3_nested_selected,mikl_gse173098,decrease,mikl_gene:tfg,0.3333333333333333,0.7127062523863126,0.0,0.0,M0_geometry,0.3518518518518519,0.6647574255759559,0.5,0.5,-0.0185185185185186,-0.047948826810356726
M1_M2_M3_nested_selected,mikl_gse173098,decrease,mikl_gene:thbd,0.7083333333333333,0.541185307295634,0.0,1.0,M0_geometry,0.7916666666666667,0.4380481547299797,0.0,0.0,-0.08333333333333348,-0.10313715256565426
M1_M2_M3_nested_selected,mikl_gse173098,decrease,mikl_gene:tirap,0.1935483870967742,0.5079260153993743,0.0,0.5,M0_geometry,0.19354838709677424,0.5970332374630383,0.5,0.5,-5.551115123125783e-17,0.08910722206366395
M1_M2_M3_nested_selected,mikl_gse173098,decrease,mikl_gene:tmem242,0.6,0.36283219045081483,0.0,0.5,M0_geometry,0.15000000000000002,0.8531471229372932,0.5,1.0,0.44999999999999996,0.4903149324864784
M1_M2_M3_nested_selected,mikl_gse173098,decrease,mikl_gene:tnfrsf19,0.4583333333333333,0.42345490295587973,0.0,0.0,M0_geometry,0.5,0.42127188674065397,0.0,0.0,-0.041666666666666685,-0.0021830162152257637
M1_M2_M3_nested_selected,mikl_gse173098,decrease,mikl_gene:tor4a,0.6666666666666667,0.4154289578809444,0.5,0.5,M0_geometry,0.05555555555555558,0.955995668925536,1.0,1.0,0.6111111111111112,0.5405667110445915
M1_M2_M3_nested_selected,mikl_gse173098,decrease,mikl_gene:tpmt,0.0,1.0,0.0,0.5,M0_geometry,0.5,0.4786455655777707,0.0,0.0,-0.5,-0.5213544344222293
M1_M2_M3_nested_selected,mikl_gse173098,decrease,mikl_gene:tpt1,0.6111111111111112,0.695038823376799,0.0,0.0,M0_geometry,0.5277777777777777,0.5347441485006234,0.5,0.5,0.08333333333333348,-0.16029467487617566
M1_M2_M3_nested_selected,mikl_gse173098,decrease,mikl_gene:trim56,0.11340206185567014,0.6283745314668061,0.5,0.5,M0_geometry,0.6701030927835052,0.44689992268179846,0.0,0.0,-0.5567010309278351,-0.18147460878500765
M1_M2_M3_nested_selected,mikl_gse173098,decrease,mikl_gene:trp63,0.5298507462686567,0.6015610299756602,1.0,1.0,M0_geometry,0.3880597014925373,0.6216169449720648,0.0,0.0,0.14179104477611937,0.020055914996404578
M1_M2_M3_nested_selected,mikl_gse173098,decrease,mikl_gene:tulp1,0.5555555555555556,0.3552316958438836,0.0,0.0,M0_geometry,0.5555555555555556,0.3552316958438836,0.0,0.0,0.0,0.0
M1_M2_M3_nested_selected,mikl_gse173098,decrease,mikl_gene:tusc3,0.3888888888888889,0.6014737402875994,0.0,0.0,M0_geometry,0.8148148148148149,0.2905207297542763,0.0,0.0,-0.425925925925926,-0.3109530105333231
M1_M2_M3_nested_selected,mikl_gse173098,decrease,mikl_gene:ube2m,0.39999999999999997,0.599506854098637,0.5,0.5,M0_geometry,0.39999999999999997,0.599506854098637,0.5,0.5,0.0,0.0
M1_M2_M3_nested_selected,mikl_gse173098,decrease,mikl_gene:unc5c,0.7663934426229508,0.6012362815521215,0.0,0.0,M0_geometry,0.3975409836065574,0.7093684125378922,0.0,0.0,0.36885245901639346,0.10813213098577068
M1_M2_M3_nested_selected,mikl_gse173098,decrease,mikl_gene:uqcrq,0.625,0.4053920336707748,0.5,0.5,M0_geometry,1.0,0.0,1.0,1.0,-0.375,-0.4053920336707748
M1_M2_M3_nested_selected,mikl_gse173098,decrease,mikl_gene:vangl1,0.5673076923076923,0.4828418044961974,0.0,0.0,M0_geometry,0.5384615384615385,0.46401837419220054,0.0,0.0,0.028846153846153744,-0.018823430303996858
M1_M2_M3_nested_selected,mikl_gse173098,decrease,mikl_gene:vapb,0.6735849056603774,0.6015924103894286,0.0,0.0,M0_geometry,0.2509433962264151,0.6691607921651184,0.0,0.0,0.42264150943396234,0.0675683817756898
M1_M2_M3_nested_selected,mikl_gse173098,decrease,mikl_gene:vav3,0.09999999999999998,0.8597968466613328,0.5,1.0,M0_geometry,0.09999999999999998,0.8597968466613328,1.0,1.0,0.0,0.0
M1_M2_M3_nested_selected,mikl_gse173098,decrease,mikl_gene:vma21,0.4613733905579399,0.4520628876021143,0.0,0.0,M0_geometry,0.502145922746781,0.4035403237544952,0.0,0.0,-0.04077253218884114,-0.048522563847619105
M1_M2_M3_nested_selected,mikl_gse173098,decrease,mikl_gene:wdr31,0.7857142857142858,0.6235098134678356,0.0,0.5,M0_geometry,0.4642857142857143,0.6892175413240689,0.0,0.0,0.3214285714285715,0.06570772785623324
M1_M2_M3_nested_selected,mikl_gse173098,decrease,mikl_gene:zbtb20,0.6293103448275862,0.5207177807430228,0.0,0.0,M0_geometry,0.610632183908046,0.5156929946604611,0.0,0.0,0.01867816091954022,-0.0050247860825616275
M1_M2_M3_nested_selected,mikl_gse173098,decrease,mikl_gene:zfhx3,0.5490196078431373,0.4299378136978259,0.5,1.0,M0_geometry,0.42647058823529416,0.45862667094037235,0.0,0.0,0.12254901960784315,0.02868885724254644
M1_M2_M3_nested_selected,mikl_gse173098,decrease,mikl_gene:zscan20,0.7142857142857143,0.2988242277516696,0.5,0.5,M0_geometry,0.2857142857142857,0.5608248767873636,0.5,0.5,0.4285714285714286,0.262000649035694
M1_M2_M3_nested_selected,mikl_gse173098,increase,mikl_gene:2810459m11rik,0.9615384615384616,0.04623449464648661,1.0,1.0,M0_geometry,0.15384615384615385,0.8106368907543045,0.0,0.0,0.8076923076923077,0.7644023961078178
M1_M2_M3_nested_selected,mikl_gse173098,increase,mikl_gene:9130008f23rik,0.4411764705882353,0.555416398629634,0.0,0.0,M0_geometry,0.08823529411764708,0.9688791244880042,0.0,0.5,0.3529411764705882,0.4134627258583702
M1_M2_M3_nested_selected,mikl_gse173098,increase,mikl_gene:a630089n07rik,0.5227272727272727,0.21796417323307407,1.0,1.0,M0_geometry,0.5909090909090908,0.22188522568675362,0.0,0.5,-0.06818181818181812,0.003921052453679547
M1_M2_M3_nested_selected,mikl_gse173098,increase,mikl_gene:abhd17a,0.25,0.8780192007775816,1.0,1.0,M0_geometry,0.375,0.6751893507972686,0.5,1.0,-0.125,-0.20282984998031295
M1_M2_M3_nested_selected,mikl_gse173098,increase,mikl_gene:abi1,0.055118110236220486,0.7457416750439223,0.0,0.0,M0_geometry,0.905511811023622,0.3231413039183353,0.0,0.0,-0.8503937007874015,-0.422600371125587
M1_M2_M3_nested_selected,mikl_gse173098,increase,mikl_gene:acnat2,0.75,0.061401749805645896,1.0,1.0,M0_geometry,0.0,1.0,1.0,1.0,0.75,0.9385982501943541
M1_M2_M3_nested_selected,mikl_gse173098,increase,mikl_gene:aco2,0.5,0.4387480916329647,0.5,0.5,M0_geometry,0.8125,0.08519983774209415,1.0,1.0,-0.3125,-0.3535482538908705
M1_M2_M3_nested_selected,mikl_gse173098,increase,mikl_gene:actb,0.9,0.3227828713319954,1.0,1.0,M0_geometry,0.15000000000000002,0.9537340384952553,0.0,0.5,0.75,0.6309511671632599
M1_M2_M3_nested_selected,mikl_gse173098,increase,mikl_gene:adamts18,0.2160493827160494,0.6445505790775243,0.0,0.0,M0_geometry,0.7839506172839507,0.43675698570019783,0.0,0.0,-0.5679012345679013,-0.2077935933773265
M1_M2_M3_nested_selected,mikl_gse173098,increase,mikl_gene:adap2,0.8125,0.28261980160777717,0.5,1.0,M0_geometry,0.0625,0.704836254298156,0.5,0.5,0.75,0.42221645269037883
M1_M2_M3_nested_selected,mikl_gse173098,increase,mikl_gene:agtrap,1.0,0.0,1.0,1.0,M0_geometry,0.49242424242424243,0.4194974325874323,0.0,0.0,0.5075757575757576,0.4194974325874323
M1_M2_M3_nested_selected,mikl_gse173098,increase,mikl_gene:ankef1,0.7884615384615384,0.38887399195002115,0.5,0.5,M0_geometry,0.5576923076923077,0.4271274673113281,0.5,0.5,0.23076923076923073,0.038253475361306966
M1_M2_M3_nested_selected,mikl_gse173098,increase,mikl_gene:aqp4,0.4852941176470589,0.4335311942134825,0.5,0.5,M0_geometry,0.7647058823529411,0.2743299276146097,0.5,0.5,-0.27941176470588225,-0.1592012665988728
M1_M2_M3_nested_selected,mikl_gse173098,increase,mikl_gene:arc,0.88,0.05795566896027415,1.0,1.0,M0_geometry,0.6799999999999999,0.12933135169120535,0.5,1.0,0.20000000000000007,0.0713756827309312
M1_M2_M3_nested_selected,mikl_gse173098,increase,mikl_gene:arhgap31,0.8666666666666667,0.31731347363573137,0.0,0.0,M0_geometry,0.5666666666666667,0.42992427508695674,0.0,0.0,0.30000000000000004,0.11261080145122537
M1_M2_M3_nested_selected,mikl_gse173098,increase,mikl_gene:arid2,0.4525316455696203,0.5284942671053567,0.0,0.0,M0_geometry,0.7373417721518988,0.37557482055898783,0.0,0.0,-0.2848101265822785,-0.1529194465463689
M1_M2_M3_nested_selected,mikl_gse173098,increase,mikl_gene:arpc1b,0.782608695652174,0.4744240488829363,0.5,0.5,M0_geometry,0.3695652173913043,0.615737906988395,0.0,0.0,0.4130434782608696,0.1413138581054587
M1_M2_M3_nested_selected,mikl_gse173098,increase,mikl_gene:atp5j2,0.5,0.6021237093576041,0.5,1.0,M0_geometry,0.0,1.0,0.5,1.0,0.5,0.39787629064239594
M1_M2_M3_nested_selected,mikl_gse173098,increase,mikl_gene:bdnf,0.6831683168316831,0.2846636552851236,0.0,0.0,M0_geometry,0.6138613861386139,0.4018766884222862,0.0,0.0,0.06930693069306926,0.11721303313716258
M1_M2_M3_nested_selected,mikl_gse173098,increase,mikl_gene:brsk1,0.0,1.0,0.0,0.0,M0_geometry,0.07142857142857145,0.6182562833444712,1.0,1.0,-0.07142857142857145,-0.38174371665552875
M1_M2_M3_nested_selected,mikl_gse173098,increase,mikl_gene:c130026i21rik,0.30000000000000004,0.6839643291595776,0.0,1.0,M0_geometry,0.7,0.36401056836466383,0.5,1.0,-0.3999999999999999,-0.3199537607949138
M1_M2_M3_nested_selected,mikl_gse173098,increase,mikl_gene:calm1,0.8666666666666667,0.40325047846368606,0.0,0.0,M0_geometry,0.35555555555555557,0.631293324578724,0.0,0.0,0.5111111111111111,0.22804284611503794
M1_M2_M3_nested_selected,mikl_gse173098,increase,mikl_gene:camk2a,0.5035971223021583,0.4587566048158737,0.0,0.0,M0_geometry,0.5827338129496402,0.38301703834067113,0.0,0.0,-0.07913669064748197,-0.07573956647520258
M1_M2_M3_nested_selected,mikl_gse173098,increase,mikl_gene:ccdc141,0.36,0.6891045983891475,0.0,0.0,M0_geometry,0.8200000000000001,0.3225719029346503,0.5,0.5,-0.4600000000000001,-0.3665326954544972
M1_M2_M3_nested_selected,mikl_gse173098,increase,mikl_gene:ccnd1,0.18333333333333335,0.5605924625444142,0.0,0.5,M0_geometry,0.41666666666666663,0.45625711261001517,0.5,0.5,-0.23333333333333328,-0.10433534993439902
M1_M2_M3_nested_selected,mikl_gse173098,increase,mikl_gene:ccnd2,0.4666666666666666,0.5843753394139017,0.0,0.0,M0_geometry,0.8238095238095238,0.4790618422959002,0.0,0.0,-0.35714285714285715,-0.10531349711800153
M1_M2_M3_nested_selected,mikl_gse173098,increase,mikl_gene:ccni,0.3888888888888889,0.21483331363060548,0.5,1.0,M0_geometry,0.38888888888888895,0.21752402595405032,1.0,1.0,-5.551115123125783e-17,0.0026907123234448382
M1_M2_M3_nested_selected,mikl_gse173098,increase,mikl_gene:cd84,0.8367346938775511,0.526565912789452,0.5,0.5,M0_geometry,0.6632653061224489,0.5625160851975377,0.5,0.5,0.17346938775510212,0.035950172408085734
M1_M2_M3_nested_selected,mikl_gse173098,increase,mikl_gene:cdc42,0.3112582781456954,0.44250022765458136,0.0,0.0,M0_geometry,0.6158940397350994,0.37728351666434046,0.0,0.0,-0.304635761589404,-0.0652167109902409
M1_M2_M3_nested_selected,mikl_gse173098,increase,mikl_gene:cdk15,0.5454545454545454,0.4495002530214087,0.0,1.0,M0_geometry,0.2272727272727273,0.5711035065668977,0.0,0.0,0.3181818181818181,0.12160325354548895
M1_M2_M3_nested_selected,mikl_gse173098,increase,mikl_gene:chmp3,0.36363636363636365,0.49444287195133063,0.0,0.0,M0_geometry,0.4363636363636364,0.453438764973504,0.0,0.0,-0.07272727272727275,-0.04100410697782664
M1_M2_M3_nested_selected,mikl_gse173098,increase,mikl_gene:chrdl1,0.7346938775510204,0.43531827485351104,0.5,0.5,M0_geometry,0.020408163265306145,0.8659390049082569,0.0,0.0,0.7142857142857143,0.4306207300547459
M1_M2_M3_nested_selected,mikl_gse173098,increase,mikl_gene:cnot6l,0.7871212121212121,0.35844238434660786,0.0,0.0,M0_geometry,0.806060606060606,0.36989427065328684,0.0,0.0,-0.018939393939393923,0.011451886306678982
M1_M2_M3_nested_selected,mikl_gse173098,increase,mikl_gene:cntn2,0.5128205128205128,0.4932621605476276,0.0,0.0,M0_geometry,0.7863247863247863,0.41268661369914583,0.0,0.0,-0.27350427350427353,-0.08057554684848178
M1_M2_M3_nested_selected,mikl_gse173098,increase,mikl_gene:col1a1,0.6666666666666667,0.4134739565329536,1.0,1.0,M0_geometry,0.125,0.82847311226774,0.0,0.0,0.5416666666666667,0.4149991557347864
M1_M2_M3_nested_selected,mikl_gse173098,increase,mikl_gene:col27a1,0.3317307692307692,0.6139041611465954,0.0,0.5,M0_geometry,0.5144230769230769,0.5742364726977479,0.0,0.0,-0.18269230769230765,-0.03966768844884749
M1_M2_M3_nested_selected,mikl_gse173098,increase,mikl_gene:col8a1,0.3125,0.628929798574904,0.5,0.5,M0_geometry,0.3125,0.628929798574904,0.5,0.5,0.0,0.0
M1_M2_M3_nested_selected,mikl_gse173098,increase,mikl_gene:colec12,0.3233082706766917,0.4506719446360886,0.0,0.0,M0_geometry,0.4887218045112782,0.38308010782054003,0.0,0.0,-0.1654135338345865,-0.06759183681554859
M1_M2_M3_nested_selected,mikl_gse173098,increase,mikl_gene:cox8a,0.8,0.3932270376735796,0.0,0.5,M0_geometry,0.85,0.1958057228074955,0.5,0.5,-0.04999999999999993,-0.19742131486608408
M1_M2_M3_nested_selected,mikl_gse173098,increase,mikl_gene:cplx2,0.6402439024390243,0.34264918553349655,0.0,0.0,M0_geometry,0.18902439024390244,0.5808921473618731,0.0,0.0,0.45121951219512185,0.23824296182837656
M1_M2_M3_nested_selected,mikl_gse173098,increase,mikl_gene:ctdspl2,0.35,0.5225561889561121,0.5,1.0,M0_geometry,0.5,0.5,0.5,1.0,-0.15000000000000002,-0.02255618895611211
M1_M2_M3_nested_selected,mikl_gse173098,increase,mikl_gene:cyp26b1,0.955223880597015,0.1228701952033108,0.5,0.5,M0_geometry,0.3283582089552239,0.4121432347866788,0.0,0.0,0.6268656716417911,0.28927303958336803
M1_M2_M3_nested_selected,mikl_gse173098,increase,mikl_gene:dcdc2a,0.19607843137254904,0.6399975380545937,0.0,0.0,M0_geometry,0.27450980392156865,0.6427796643349786,0.0,0.0,-0.0784313725490196,0.002782126280384878
M1_M2_M3_nested_selected,mikl_gse173098,increase,mikl_gene:ddx58,0.1111111111111111,0.9486572179435584,0.5,1.0,M0_geometry,0.4444444444444445,0.5840048950528595,0.5,1.0,-0.33333333333333337,-0.36465232289069893
M1_M2_M3_nested_selected,mikl_gse173098,increase,mikl_gene:disp2,0.3846153846153846,0.42231278711630205,0.0,0.0,M0_geometry,0.5256410256410257,0.30813963814464834,0.0,0.0,-0.14102564102564108,-0.1141731489716537
M1_M2_M3_nested_selected,mikl_gse173098,increase,mikl_gene:dlg4,0.9688279301745636,0.2674312414358114,0.0,0.0,M0_geometry,0.32917705735660846,0.46809153728632635,0.0,0.0,0.6396508728179551,0.20066029585051498
M1_M2_M3_nested_selected,mikl_gse173098,increase,mikl_gene:dock8,0.9230769230769231,0.0485552302976822,1.0,1.0,M0_geometry,0.34615384615384615,0.41034671256514005,0.0,0.5,0.576923076923077,0.36179148226745783
M1_M2_M3_nested_selected,mikl_gse173098,increase,mikl_gene:dtx3l,0.7162162162162162,0.2425136729829312,0.0,0.0,M0_geometry,0.8513513513513513,0.13722107105943218,0.5,0.5,-0.1351351351351351,-0.10529260192349901
M1_M2_M3_nested_selected,mikl_gse173098,increase,mikl_gene:dusp18,0.6458333333333334,0.37233194969677474,0.0,0.0,M0_geometry,0.5104166666666667,0.42112830844063986,0.0,0.5,0.13541666666666663,0.04879635874386512
M1_M2_M3_nested_selected,mikl_gse173098,increase,mikl_gene:ebf1,0.38888888888888884,0.48434993181469177,0.5,0.5,M0_geometry,0.0888888888888889,0.7038689983327495,0.5,0.5,0.29999999999999993,0.21951906651805775
M1_M2_M3_nested_selected,mikl_gse173098,increase,mikl_gene:eef2,0.5,0.5,1.0,1.0,M0_geometry,0.5,0.5,1.0,1.0,0.0,0.0
M1_M2_M3_nested_selected,mikl_gse173098,increase,mikl_gene:egf,0.8586956521739131,0.30966406735649354,0.0,0.0,M0_geometry,0.3478260869565218,0.5277276084674081,0.0,0.0,0.5108695652173914,0.21806354111091453
M1_M2_M3_nested_selected,mikl_gse173098,increase,mikl_gene:eif3f,0.6000000000000001,0.43441642316533446,0.5,0.5,M0_geometry,0.7,0.4422893522153261,0.0,0.0,-0.09999999999999987,0.00787292904999165
M1_M2_M3_nested_selected,mikl_gse173098,increase,mikl_gene:ern1,0.16666666666666669,0.7080423060422509,0.0,0.0,M0_geometry,0.6071428571428572,0.4887440050701753,0.0,0.0,-0.4404761904761905,-0.21929830097207564
M1_M2_M3_nested_selected,mikl_gse173098,increase,mikl_gene:esr1,0.8793103448275862,0.4676997553757425,0.0,0.0,M0_geometry,0.5517241379310345,0.6436308737092244,0.0,0.0,0.3275862068965517,0.17593111833348196
M1_M2_M3_nested_selected,mikl_gse173098,increase,mikl_gene:exo1,0.2436708860759494,0.4559583881858249,0.0,0.5,M0_geometry,0.2436708860759494,0.4559583881858249,0.5,1.0,0.0,0.0
M1_M2_M3_nested_selected,mikl_gse173098,increase,mikl_gene:fgf13,0.16666666666666669,0.6093917556660102,0.0,0.5,M0_geometry,0.9444444444444444,0.01731593599012399,1.0,1.0,-0.7777777777777777,-0.5920758196758862
M1_M2_M3_nested_selected,mikl_gse173098,increase,mikl_gene:fgf3,0.7962962962962963,0.3517121253848593,0.0,0.0,M0_geometry,0.7962962962962963,0.3517121253848593,0.0,0.0,0.0,0.0
M1_M2_M3_nested_selected,mikl_gse173098,increase,mikl_gene:foxp2,0.3442622950819672,0.5760895360899878,0.0,0.0,M0_geometry,0.3442622950819672,0.5760895360899878,0.0,0.0,0.0,0.0
M1_M2_M3_nested_selected,mikl_gse173098,increase,mikl_gene:gabra4,0.71875,0.3447468164313698,0.5,0.5,M0_geometry,0.625,0.5112676072092222,0.0,0.0,0.09375,0.16652079077785237
M1_M2_M3_nested_selected,mikl_gse173098,increase,mikl_gene:gbp7,0.5294117647058825,0.539469818071827,0.0,0.0,M0_geometry,0.4313725490196078,0.5637858972361689,0.0,0.5,0.09803921568627466,0.024316079164341864
M1_M2_M3_nested_selected,mikl_gse173098,increase,mikl_gene:gli3,0.6111111111111112,0.26076170829091805,1.0,1.0,M0_geometry,0.3055555555555555,0.4313986617645367,1.0,1.0,0.30555555555555564,0.17063695347361862
M1_M2_M3_nested_selected,mikl_gse173098,increase,mikl_gene:gpc6,0.6666666666666667,0.1809206176793913,0.5,0.5,M0_geometry,0.0,1.0,0.0,0.0,0.6666666666666667,0.8190793823206087
M1_M2_M3_nested_selected,mikl_gse173098,increase,mikl_gene:gpr17,0.7571428571428571,0.26925250968269604,0.0,0.0,M0_geometry,0.6428571428571429,0.3257227873949072,0.0,0.5,0.11428571428571421,0.05647027771221114
M1_M2_M3_nested_selected,mikl_gse173098,increase,mikl_gene:gpr35,0.5,0.4859538784494656,0.0,0.5,M0_geometry,0.3611111111111111,0.5689334192880655,0.5,0.5,0.1388888888888889,0.08297954083859993
M1_M2_M3_nested_selected,mikl_gse173098,increase,mikl_gene:grin1,0.6333333333333333,0.5361427100924054,0.0,0.5,M0_geometry,0.4,0.6851133784221304,0.0,0.0,0.23333333333333328,0.14897066832972494
M1_M2_M3_nested_selected,mikl_gse173098,increase,mikl_gene:gstm1,0.875,0.2048171527052673,1.0,1.0,M0_geometry,0.125,0.7157886517726693,1.0,1.0,0.75,0.5109714990674019
M1_M2_M3_nested_selected,mikl_gse173098,increase,mikl_gene:hic2,0.4693877551020408,0.6157976484946414,0.0,0.0,M0_geometry,0.3877551020408163,0.6251625763062512,0.0,0.5,0.08163265306122447,0.009364927811609802
M1_M2_M3_nested_selected,mikl_gse173098,increase,mikl_gene:hpcal4,0.5,0.6609486717581162,0.0,0.0,M0_geometry,0.5697674418604651,0.6734577584920297,0.0,0.0,-0.06976744186046513,0.012509086733913488
M1_M2_M3_nested_selected,mikl_gse173098,increase,mikl_gene:ids,0.28260869565217395,0.5198353903420633,1.0,1.0,M0_geometry,0.28260869565217395,0.4851168709164566,0.0,0.5,0.0,-0.034718519425606664
M1_M2_M3_nested_selected,mikl_gse173098,increase,mikl_gene:invs,0.35,0.40580247486598997,0.0,0.5,M0_geometry,0.6375,0.2162278992750498,0.5,0.5,-0.2875,-0.18957457559094018
M1_M2_M3_nested_selected,mikl_gse173098,increase,mikl_gene:itga1,0.625,0.47143219413201926,0.5,0.5,M0_geometry,0.046875,0.8405176361515929,0.0,0.0,0.578125,0.36908544201957366
M1_M2_M3_nested_selected,mikl_gse173098,increase,mikl_gene:itga4,0.35,0.32133129361415214,0.0,0.0,M0_geometry,0.7375,0.25198682120340454,0.0,0.0,-0.38750000000000007,-0.06934447241074759
M1_M2_M3_nested_selected,mikl_gse173098,increase,mikl_gene:itpr2,0.25396825396825395,0.6720710782101624,0.0,0.0,M0_geometry,0.39682539682539686,0.5722133558346655,0.0,0.0,-0.1428571428571429,-0.09985772237549695
M1_M2_M3_nested_selected,mikl_gse173098,increase,mikl_gene:jund,0.625,0.39318723532233174,0.5,0.5,M0_geometry,0.25,0.8157557520142023,0.0,0.5,0.375,0.4225685166918705
M1_M2_M3_nested_selected,mikl_gse173098,increase,mikl_gene:kcna6,0.40540540540540543,0.5024788272741728,0.0,0.0,M0_geometry,0.4864864864864865,0.4859779364174612,0.0,0.0,-0.08108108108108109,-0.016500890856711636
M1_M2_M3_nested_selected,mikl_gse173098,increase,mikl_gene:kcng3,0.25,0.6128270669312875,0.5,1.0,M0_geometry,0.4375,0.5945945671456214,0.0,0.5,-0.1875,-0.0182324997856661
M1_M2_M3_nested_selected,mikl_gse173098,increase,mikl_gene:kcnq5,0.3918918918918919,0.38355702940001657,0.0,0.5,M0_geometry,0.17567567567567566,0.596470501893568,0.0,0.5,0.21621621621621623,0.21291347249355141
M1_M2_M3_nested_selected,mikl_gse173098,increase,mikl_gene:kctd4,0.15384615384615385,0.8499553625273828,0.0,0.5,M0_geometry,0.0,1.0,0.0,0.5,0.15384615384615385,0.1500446374726172
M1_M2_M3_nested_selected,mikl_gse173098,increase,mikl_gene:kif1a,0.67,0.3224365655376714,0.5,0.5,M0_geometry,0.41000000000000003,0.40989727162878914,0.0,0.0,0.26,0.08746070609111772
M1_M2_M3_nested_selected,mikl_gse173098,increase,mikl_gene:kif5c,0.8166666666666667,0.5446437443295301,1.0,1.0,M0_geometry,0.75,0.733567468496169,0.0,0.0,0.06666666666666665,0.18892372416663894
M1_M2_M3_nested_selected,mikl_gse173098,increase,mikl_gene:liph,0.26811594202898553,0.779320011752334,0.5,0.5,M0_geometry,0.15942028985507245,0.808891230188865,0.0,0.0,0.10869565217391308,0.029571218436530988
M1_M2_M3_nested_selected,mikl_gse173098,increase,mikl_gene:lypd1,0.7464788732394366,0.41050559335099657,0.0,0.0,M0_geometry,0.7183098591549296,0.34018664448532265,0.5,0.5,0.028169014084507005,-0.07031894886567391
M1_M2_M3_nested_selected,mikl_gse173098,increase,mikl_gene:magi2,0.6,0.395411929173039,0.0,0.0,M0_geometry,0.4823529411764706,0.4541464398334102,0.0,0.0,0.11764705882352938,0.058734510660371164
M1_M2_M3_nested_selected,mikl_gse173098,increase,mikl_gene:malt1,0.6698113207547169,0.4060109765533682,0.0,0.5,M0_geometry,0.047169811320754707,0.6821378371551026,0.0,0.0,0.6226415094339622,0.27612686060173436
M1_M2_M3_nested_selected,mikl_gse173098,increase,mikl_gene:map1a,0.6962025316455696,0.4941352315057011,0.0,0.0,M0_geometry,0.7974683544303798,0.46763215900240485,0.0,0.0,-0.10126582278481022,-0.026503072503296254
M1_M2_M3_nested_selected,mikl_gse173098,increase,mikl_gene:map2,0.3582089552238806,0.43539705236289855,0.0,0.0,M0_geometry,0.4888059701492537,0.4068067076396643,0.0,0.5,-0.13059701492537312,-0.02859034472323424
M1_M2_M3_nested_selected,mikl_gse173098,increase,mikl_gene:mapk8ip1,0.605263157894737,0.3853675187299709,0.0,0.0,M0_geometry,0.868421052631579,0.20968585776737936,0.0,0.5,-0.26315789473684204,-0.17568166096259152
M1_M2_M3_nested_selected,mikl_gse173098,increase,mikl_gene:mavs,0.4615384615384615,0.5295602277709521,0.0,0.0,M0_geometry,0.5961538461538461,0.4350191355692101,0.0,0.0,-0.13461538461538464,-0.094541092201742
M1_M2_M3_nested_selected,mikl_gse173098,increase,mikl_gene:mcf2l,0.34722222222222227,0.5726823505964663,0.0,0.0,M0_geometry,0.6805555555555556,0.2488714266700621,0.0,0.0,-0.3333333333333333,-0.3238109239264042
M1_M2_M3_nested_selected,mikl_gse173098,increase,mikl_gene:meis2,0.6190476190476191,0.4772864655407608,0.0,0.0,M0_geometry,0.5238095238095238,0.48320334931078496,1.0,1.0,0.09523809523809523,0.0059168837700241395
M1_M2_M3_nested_selected,mikl_gse173098,increase,mikl_gene:mis18bp1,0.7857142857142858,0.3117312117533066,0.5,0.5,M0_geometry,0.5714285714285714,0.36025250135784015,0.5,1.0,0.2142857142857144,0.04852128960453356
M1_M2_M3_nested_selected,mikl_gse173098,increase,mikl_gene:mocs2,0.8056282722513088,0.4195689330616017,0.5,0.5,M0_geometry,0.30497382198952877,0.5401539457519685,0.0,0.0,0.50065445026178,0.12058501269036681
M1_M2_M3_nested_selected,mikl_gse173098,increase,mikl_gene:mre11a,0.7142857142857143,0.3570816838756148,0.0,0.0,M0_geometry,0.44642857142857145,0.5344099246136895,0.0,1.0,0.26785714285714285,0.17732824073807474
M1_M2_M3_nested_selected,mikl_gse173098,increase,mikl_gene:mrpl33,0.5,0.5,1.0,1.0,M0_geometry,0.5555555555555556,0.5406482474939049,0.0,0.5,-0.05555555555555558,0.04064824749390494
M1_M2_M3_nested_selected,mikl_gse173098,increase,mikl_gene:ndnf,0.9,0.3400512073736792,0.0,0.0,M0_geometry,0.45,0.542552144050445,0.0,0.0,0.45,0.20250093667676583
M1_M2_M3_nested_selected,mikl_gse173098,increase,mikl_gene:ndufa12,0.75,0.2178183926176256,0.5,0.5,M0_geometry,0.125,0.925649535904761,0.5,1.0,0.625,0.7078311432871354
M1_M2_M3_nested_selected,mikl_gse173098,increase,mikl_gene:ndufb8,0.6176470588235294,0.2075769834608059,0.0,0.0,M0_geometry,0.4411764705882353,0.27809172051896686,0.5,0.5,0.17647058823529416,0.07051473705816097
M1_M2_M3_nested_selected,mikl_gse173098,increase,mikl_gene:necab1,0.75,0.11040818539246072,0.5,1.0,M0_geometry,0.8333333333333334,0.04392393797410626,1.0,1.0,-0.08333333333333337,-0.06648424741835446
M1_M2_M3_nested_selected,mikl_gse173098,increase,mikl_gene:nhsl2,0.45599999999999996,0.5756057809605243,0.0,0.0,M0_geometry,0.6839999999999999,0.5050393929660746,0.0,0.0,-0.22799999999999998,-0.0705663879944497
M1_M2_M3_nested_selected,mikl_gse173098,increase,mikl_gene:nnat,0.4868421052631579,0.24927160702920392,0.5,0.5,M0_geometry,0.4868421052631579,0.24927160702920392,0.0,0.5,0.0,0.0
M1_M2_M3_nested_selected,mikl_gse173098,increase,mikl_gene:nrgn,0.6551724137931034,0.5497376407981425,0.0,0.0,M0_geometry,0.24137931034482757,0.6732353786710653,0.5,0.5,0.41379310344827586,0.12349773787292284
M1_M2_M3_nested_selected,mikl_gse173098,increase,mikl_gene:nsmf,0.5128205128205128,0.4880818657584752,0.0,0.5,M0_geometry,0.23076923076923078,0.6088418887997711,0.5,0.5,0.282051282051282,0.1207600230412959
M1_M2_M3_nested_selected,mikl_gse173098,increase,mikl_gene:oaf,0.5810810810810811,0.44532880736384484,0.0,0.0,M0_geometry,0.5,0.4718250132309528,0.0,0.5,0.08108108108108114,0.02649620586710799
M1_M2_M3_nested_selected,mikl_gse173098,increase,mikl_gene:ociad2,0.490625,0.5483099749463586,0.5,0.5,M0_geometry,0.490625,0.5483099749463586,0.5,0.5,0.0,0.0
M1_M2_M3_nested_selected,mikl_gse173098,increase,mikl_gene:ogt,0.7808988764044944,0.4728124798656706,0.5,0.5,M0_geometry,0.6685393258426966,0.5156235722230724,0.0,0.0,0.1123595505617978,0.042811092357401825
M1_M2_M3_nested_selected,mikl_gse173098,increase,mikl_gene:oprd1,0.6206896551724137,0.6092031959913531,0.0,0.0,M0_geometry,0.2931034482758621,0.6861264578621877,0.0,0.0,0.3275862068965516,0.07692326187083465
M1_M2_M3_nested_selected,mikl_gse173098,increase,mikl_gene:otc,0.6111111111111112,0.39714944862376045,0.5,1.0,M0_geometry,0.5833333333333333,0.3765135115000683,0.5,0.5,0.0277777777777779,-0.02063593712369216
M1_M2_M3_nested_selected,mikl_gse173098,increase,mikl_gene:oxct1,0.5083333333333333,0.4831689628138883,0.5,1.0,M0_geometry,0.5375,0.39719132491036174,0.0,0.0,-0.029166666666666674,-0.08597763790352658
M1_M2_M3_nested_selected,mikl_gse173098,increase,mikl_gene:pacsin1,0.5492957746478873,0.49766756468013507,0.0,0.0,M0_geometry,0.5845070422535212,0.47563728658675974,0.0,0.0,-0.03521126760563398,-0.02203027809337532
M1_M2_M3_nested_selected,mikl_gse173098,increase,mikl_gene:pate2,0.4166666666666667,0.5312748262197644,0.5,0.5,M0_geometry,0.08333333333333337,0.8737227987829636,0.0,0.0,0.3333333333333333,0.34244797256319914
M1_M2_M3_nested_selected,mikl_gse173098,increase,mikl_gene:pcdh15,0.5064516129032258,0.34666491614877026,0.0,0.0,M0_geometry,0.9161290322580645,0.12067153571785344,0.5,0.5,-0.4096774193548387,-0.22599338043091682
M1_M2_M3_nested_selected,mikl_gse173098,increase,mikl_gene:pde1c,0.5714285714285714,0.28207853397123955,0.0,0.0,M0_geometry,0.9333333333333333,0.12244306868337243,0.0,0.0,-0.36190476190476195,-0.15963546528786712
M1_M2_M3_nested_selected,mikl_gse173098,increase,mikl_gene:pde2a,0.8700000000000001,0.15211223319391987,0.0,0.0,M0_geometry,0.54,0.34213634493707934,0.0,0.0,0.33000000000000007,0.19002411174315947
M1_M2_M3_nested_selected,mikl_gse173098,increase,mikl_gene:pdp1,0.5942028985507246,0.42361028614293517,0.0,0.0,M0_geometry,0.427536231884058,0.5748184620999081,0.0,0.0,0.16666666666666663,0.1512081759569729
M1_M2_M3_nested_selected,mikl_gse173098,increase,mikl_gene:pdpk1,0.6159420289855073,0.5085845830855121,0.0,0.0,M0_geometry,0.8206521739130435,0.4488572526443324,0.0,0.0,-0.20471014492753614,-0.05972733044117973
M1_M2_M3_nested_selected,mikl_gse173098,increase,mikl_gene:pgap1,0.27884615384615385,0.5428563835994209,0.0,0.0,M0_geometry,0.18406593406593408,0.5985593234151418,0.0,0.0,0.09478021978021978,0.05570293981572094
M1_M2_M3_nested_selected,mikl_gse173098,increase,mikl_gene:plin3,0.9107142857142858,0.33444607746014765,0.0,0.0,M0_geometry,0.125,0.7650638418378919,1.0,1.0,0.7857142857142858,0.43061776437774424
M1_M2_M3_nested_selected,mikl_gse173098,increase,mikl_gene:ppp1r9b,0.3103448275862069,0.5015482325280303,0.5,0.5,M0_geometry,0.5344827586206897,0.36954522291071623,0.5,0.5,-0.22413793103448282,-0.13200300961731404
M1_M2_M3_nested_selected,mikl_gse173098,increase,mikl_gene:prlr,0.32911392405063294,0.6068540767018247,0.0,0.0,M0_geometry,0.4430379746835443,0.614195994320374,0.0,0.0,-0.11392405063291133,0.0073419176185492985
M1_M2_M3_nested_selected,mikl_gse173098,increase,mikl_gene:prrx1,0.5,0.5,0.5,1.0,M0_geometry,0.4305555555555555,0.5706493914535791,0.0,0.0,0.06944444444444448,0.07064939145357907
M1_M2_M3_nested_selected,mikl_gse173098,increase,mikl_gene:psd,0.7142857142857143,0.19884945830668213,0.5,0.5,M0_geometry,0.8571428571428572,0.15001609647036648,0.5,0.5,-0.1428571428571429,-0.04883336183631565
M1_M2_M3_nested_selected,mikl_gse173098,increase,mikl_gene:ptgs2,0.2692307692307692,0.6677591211308719,0.0,1.0,M0_geometry,0.2692307692307692,0.6677591211308719,0.5,0.5,0.0,0.0
M1_M2_M3_nested_selected,mikl_gse173098,increase,mikl_gene:ptpn14,0.5196078431372549,0.5417589213030743,0.0,0.5,M0_geometry,0.8137254901960784,0.37141573053508936,0.0,0.0,-0.2941176470588235,-0.170343190767985
M1_M2_M3_nested_selected,mikl_gse173098,increase,mikl_gene:ptprb,0.5140845070422535,0.49590268493491185,0.0,0.0,M0_geometry,0.8802816901408451,0.3558257963463845,0.0,0.0,-0.3661971830985916,-0.14007688858852735
M1_M2_M3_nested_selected,mikl_gse173098,increase,mikl_gene:rab11fip2,0.5765957446808512,0.3332575455528434,0.0,0.0,M0_geometry,0.7851063829787234,0.28578808971592834,0.0,0.0,-0.2085106382978722,-0.047469455836915087
M1_M2_M3_nested_selected,mikl_gse173098,increase,mikl_gene:rasgrp4,0.5138888888888888,0.4368020898162229,0.0,0.0,M0_geometry,0.6111111111111112,0.3711177698380803,0.0,0.0,-0.09722222222222232,-0.06568431997814261
M1_M2_M3_nested_selected,mikl_gse173098,increase,mikl_gene:rasl10b,0.6812080536912751,0.24958070671262952,0.5,0.5,M0_geometry,0.5268456375838926,0.2786337137103696,0.5,0.5,0.15436241610738255,0.029053006997740077
M1_M2_M3_nested_selected,mikl_gse173098,increase,mikl_gene:rbm47,0.9090909090909092,0.17065137934586802,0.5,0.5,M0_geometry,0.38636363636363635,0.3797804617619551,0.0,0.5,0.5227272727272728,0.2091290824160871
M1_M2_M3_nested_selected,mikl_gse173098,increase,mikl_gene:rmi2,0.6808510638297872,0.35585541294373435,0.0,0.0,M0_geometry,0.40425531914893614,0.5307975827221761,0.0,0.0,0.2765957446808511,0.1749421697784418
M1_M2_M3_nested_selected,mikl_gse173098,increase,mikl_gene:rnf165,0.7544378698224852,0.3006037461036759,0.0,0.0,M0_geometry,0.46449704142011833,0.4399301355642379,0.0,0.0,0.28994082840236685,0.13932638946056197
M1_M2_M3_nested_selected,mikl_gse173098,increase,mikl_gene:rorb,0.8333333333333333,0.34029411689229516,0.0,0.0,M0_geometry,0.6145833333333333,0.3977407336424389,0.0,0.5,0.21875,0.05744661675014373
M1_M2_M3_nested_selected,mikl_gse173098,increase,mikl_gene:rpl21,0.423728813559322,0.49370096634792027,0.0,0.0,M0_geometry,0.423728813559322,0.49370096634792027,0.0,0.5,0.0,0.0
M1_M2_M3_nested_selected,mikl_gse173098,increase,mikl_gene:rpl31,0.3,0.704654142733548,0.0,0.0,M0_geometry,0.6000000000000001,0.3914216670707571,0.0,0.0,-0.3000000000000001,-0.3132324756627909
M1_M2_M3_nested_selected,mikl_gse173098,increase,mikl_gene:rpl37,0.368421052631579,0.6651893897939487,0.0,0.0,M0_geometry,0.9210526315789473,0.27946311900480625,0.0,0.0,-0.5526315789473684,-0.38572627078914246
M1_M2_M3_nested_selected,mikl_gse173098,increase,mikl_gene:rps19,0.75,0.2594193938486331,0.5,0.5,M0_geometry,0.75,0.2594193938486331,1.0,1.0,0.0,0.0
M1_M2_M3_nested_selected,mikl_gse173098,increase,mikl_gene:rps20,0.5277777777777778,0.6939767371677417,0.5,0.5,M0_geometry,0.5555555555555556,0.6738017367044509,0.0,0.0,-0.02777777777777779,-0.020175000463290793
M1_M2_M3_nested_selected,mikl_gse173098,increase,mikl_gene:rps24,0.32142857142857145,0.5627158605123179,0.5,1.0,M0_geometry,0.6428571428571428,0.3480050445399876,0.5,0.5,-0.32142857142857134,-0.21471081597233033
M1_M2_M3_nested_selected,mikl_gse173098,increase,mikl_gene:rpsa,0.22857142857142854,0.6238937527968315,0.5,0.5,M0_geometry,0.5857142857142857,0.45987280293582666,0.0,0.5,-0.3571428571428572,-0.1640209498610048
M1_M2_M3_nested_selected,mikl_gse173098,increase,mikl_gene:rragb,0.5227272727272727,0.47539906680214505,0.0,0.0,M0_geometry,0.5,0.2265371966626096,0.5,0.5,0.022727272727272707,-0.24886187013953545
M1_M2_M3_nested_selected,mikl_gse173098,increase,mikl_gene:serbp1,0.5827586206896551,0.5305308465425759,0.0,0.0,M0_geometry,0.503448275862069,0.5018747316799606,0.0,0.0,0.07931034482758614,-0.028656114862615323
M1_M2_M3_nested_selected,mikl_gse173098,increase,mikl_gene:serhl,0.75,0.36030050157095367,1.0,1.0,M0_geometry,0.75,0.36030050157095367,0.5,1.0,0.0,0.0
M1_M2_M3_nested_selected,mikl_gse173098,increase,mikl_gene:serpina3k,0.09999999999999998,0.9662573273998053,0.5,1.0,M0_geometry,0.3,0.6938016551285313,1.0,1.0,-0.2,-0.272455672271274
M1_M2_M3_nested_selected,mikl_gse173098,increase,mikl_gene:serpine2,0.75,0.2656571479104243,0.5,1.0,M0_geometry,0.6875,0.20337466372678828,1.0,1.0,0.0625,-0.062282484183635994
M1_M2_M3_nested_selected,mikl_gse173098,increase,mikl_gene:shank1,0.5068493150684932,0.4162220744905699,0.0,0.0,M0_geometry,0.547945205479452,0.2804363838569489,0.5,0.5,-0.041095890410958846,-0.135785690633621
M1_M2_M3_nested_selected,mikl_gse173098,increase,mikl_gene:shank3,0.7944444444444445,0.44347618463484234,0.0,0.5,M0_geometry,0.23888888888888887,0.6983201844960256,0.0,0.0,0.5555555555555556,0.2548439998611833
M1_M2_M3_nested_selected,mikl_gse173098,increase,mikl_gene:slamf7,0.2272727272727273,0.6109062094897171,0.5,0.5,M0_geometry,0.48484848484848486,0.5286573179747298,0.0,0.5,-0.25757575757575757,-0.08224889151498727
M1_M2_M3_nested_selected,mikl_gse173098,increase,mikl_gene:slc13a5,0.7758620689655172,0.4897247780327201,0.0,0.0,M0_geometry,0.5862068965517241,0.6440215775536464,0.5,1.0,0.18965517241379315,0.15429679952092634
M1_M2_M3_nested_selected,mikl_gse173098,increase,mikl_gene:slc17a7,0.34375,0.7179689614010027,0.0,0.0,M0_geometry,0.46875,0.6501855292263352,0.5,0.5,-0.125,-0.06778343217466754
M1_M2_M3_nested_selected,mikl_gse173098,increase,mikl_gene:slc17a9,0.2692307692307692,0.5515988257928521,0.0,0.5,M0_geometry,0.2692307692307692,0.632322963998307,0.0,0.5,0.0,0.08072413820545488
M1_M2_M3_nested_selected,mikl_gse173098,increase,mikl_gene:slc22a15,0.6721311475409837,0.2830034992556318,0.5,0.5,M0_geometry,0.319672131147541,0.6962847017286133,0.0,0.0,0.3524590163934427,0.41328120247298156
M1_M2_M3_nested_selected,mikl_gse173098,increase,mikl_gene:slc23a1,0.16666666666666669,0.8795792478243212,0.0,0.5,M0_geometry,0.4761904761904762,0.4552460907890038,0.5,0.5,-0.30952380952380953,-0.4243331570353174
M1_M2_M3_nested_selected,mikl_gse173098,increase,mikl_gene:slc28a3,0.8833333333333333,0.15135943147036166,0.0,0.5,M0_geometry,0.7666666666666667,0.2384137868997352,0.0,0.0,0.11666666666666659,0.08705435542937354
M1_M2_M3_nested_selected,mikl_gse173098,increase,mikl_gene:slc7a11,0.5862068965517242,0.6006232756795327,0.0,0.0,M0_geometry,0.43103448275862066,0.6237626412953567,0.0,0.0,0.15517241379310354,0.02313936561582408
M1_M2_M3_nested_selected,mikl_gse173098,increase,mikl_gene:slfn8,0.5,0.44243174455829554,0.5,0.5,M0_geometry,0.49999999999999994,0.47145680069042406,0.0,0.5,5.551115123125783e-17,0.029025056132128524
M1_M2_M3_nested_selected,mikl_gse173098,increase,mikl_gene:snap91,0.3021978021978022,0.38913386862591937,0.0,0.0,M0_geometry,0.8021978021978022,0.24818407932883824,0.0,0.0,-0.5,-0.14094978929708113
M1_M2_M3_nested_selected,mikl_gse173098,increase,mikl_gene:sparc,0.5,0.5,0.5,1.0,M0_geometry,0.9166666666666666,0.13479107290116135,0.5,0.5,-0.41666666666666663,-0.3652089270988387
M1_M2_M3_nested_selected,mikl_gse173098,increase,mikl_gene:sptbn2,0.0,1.0,1.0,1.0,M0_geometry,0.0,1.0,1.0,1.0,0.0,0.0
M1_M2_M3_nested_selected,mikl_gse173098,increase,mikl_gene:srl,0.6842105263157895,0.4514843331217395,0.0,0.5,M0_geometry,0.6842105263157895,0.4514843331217395,0.0,0.0,0.0,0.0
M1_M2_M3_nested_selected,mikl_gse173098,increase,mikl_gene:sspn,0.564516129032258,0.31111300867870284,0.0,0.5,M0_geometry,0.1774193548387097,0.4749304171999797,0.0,0.0,0.3870967741935483,0.16381740852127685
M1_M2_M3_nested_selected,mikl_gse173098,increase,mikl_gene:st6gal1,0.38372093023255816,0.7419403711939694,0.0,0.0,M0_geometry,0.5116279069767442,0.4917510593188212,0.5,0.5,-0.12790697674418605,-0.2501893118751482
M1_M2_M3_nested_selected,mikl_gse173098,increase,mikl_gene:syt15,0.20967741935483875,0.674231552045635,0.0,0.5,M0_geometry,0.43548387096774194,0.6883537601469581,0.5,0.5,-0.2258064516129032,0.014122208101323142
M1_M2_M3_nested_selected,mikl_gse173098,increase,mikl_gene:tagln,0.17647058823529416,0.5565333124564755,0.0,0.0,M0_geometry,0.8235294117647058,0.38648025076287584,0.0,0.0,-0.6470588235294117,-0.17005306169359968
M1_M2_M3_nested_selected,mikl_gse173098,increase,mikl_gene:tbcel,0.4676470588235294,0.5565364430610205,0.0,0.0,M0_geometry,0.3235294117647059,0.6497652678925103,0.0,0.0,0.14411764705882352,0.09322882483148986
M1_M2_M3_nested_selected,mikl_gse173098,increase,mikl_gene:tcte1,0.675,0.3026278552026068,0.0,0.5,M0_geometry,0.55,0.43166082108992077,0.5,0.5,0.125,0.12903296588731394
M1_M2_M3_nested_selected,mikl_gse173098,increase,mikl_gene:tfap2b,0.5444444444444445,0.7099583847905582,0.0,0.0,M0_geometry,0.5444444444444445,0.7099583847905582,0.5,0.5,0.0,0.0
M1_M2_M3_nested_selected,mikl_gse173098,increase,mikl_gene:tfg,0.5,0.5310917826487668,0.0,0.5,M0_geometry,0.425925925925926,0.5684972976989999,0.0,0.0,0.07407407407407401,0.03740551505023315
M1_M2_M3_nested_selected,mikl_gse173098,increase,mikl_gene:thbd,0.625,0.2975554618097944,0.5,0.5,M0_geometry,0.45833333333333337,0.3431893962853053,0.0,0.0,0.16666666666666663,0.045633934475510896
M1_M2_M3_nested_selected,mikl_gse173098,increase,mikl_gene:tirap,0.3548387096774193,0.5468632847069057,0.0,0.0,M0_geometry,0.5161290322580645,0.4730923637854687,0.0,0.0,-0.16129032258064518,-0.073770920921437
M1_M2_M3_nested_selected,mikl_gse173098,increase,mikl_gene:tmem242,0.85,0.14685287706270678,0.5,0.5,M0_geometry,0.6,0.4982780977054567,0.0,0.0,0.25,0.35142522064274995
M1_M2_M3_nested_selected,mikl_gse173098,increase,mikl_gene:tnfrsf19,0.3958333333333333,0.6963068272450524,0.5,0.5,M0_geometry,0.41666666666666663,0.6225824187100012,0.5,0.5,-0.020833333333333315,-0.07372440853505124
M1_M2_M3_nested_selected,mikl_gse173098,increase,mikl_gene:tor4a,0.5,0.5977807021887546,0.0,0.0,M0_geometry,0.4444444444444445,0.5576042236209097,0.5,0.5,0.055555555555555525,-0.0401764785678449
M1_M2_M3_nested_selected,mikl_gse173098,increase,mikl_gene:tpmt,0.07142857142857145,0.9329106851463334,0.0,0.5,M0_geometry,0.07142857142857145,0.8331405642856603,0.5,1.0,0.0,-0.09977012086067305
M1_M2_M3_nested_selected,mikl_gse173098,increase,mikl_gene:tpt1,0.05555555555555558,0.7272583648045958,1.0,1.0,M0_geometry,0.3888888888888889,0.3209987530452405,0.0,0.0,-0.3333333333333333,-0.4062596117593553
M1_M2_M3_nested_selected,mikl_gse173098,increase,mikl_gene:trim56,0.06701030927835055,0.6701817521104169,0.0,0.0,M0_geometry,0.44845360824742264,0.5353093620886779,0.0,0.0,-0.3814432989690721,-0.134872390021739
M1_M2_M3_nested_selected,mikl_gse173098,increase,mikl_gene:trp63,0.4626865671641791,0.40226550718071274,0.0,0.5,M0_geometry,0.7611940298507462,0.33066480121572406,0.0,0.0,-0.29850746268656714,-0.07160070596498869
M1_M2_M3_nested_selected,mikl_gse173098,increase,mikl_gene:tulp1,0.0,1.0,1.0,1.0,M0_geometry,0.5,0.5694635138832331,1.0,1.0,-0.5,-0.43053648611676687
M1_M2_M3_nested_selected,mikl_gse173098,increase,mikl_gene:tusc3,0.7407407407407407,0.3404847550315629,0.0,0.5,M0_geometry,0.8518518518518519,0.18958428428095425,0.0,0.5,-0.11111111111111116,-0.15090047075060864
M1_M2_M3_nested_selected,mikl_gse173098,increase,mikl_gene:ube2m,0.45,0.4813132870732534,0.5,0.5,M0_geometry,0.7,0.4894708237538571,0.5,0.5,-0.24999999999999994,0.008157536680603705
M1_M2_M3_nested_selected,mikl_gse173098,increase,mikl_gene:unc5c,0.894808743169399,0.21853766241025135,0.0,0.0,M0_geometry,0.674863387978142,0.3120734740165597,0.0,0.0,0.2199453551912569,0.09353581160630836
M1_M2_M3_nested_selected,mikl_gse173098,increase,mikl_gene:uqcrq,0.6875,0.29228946990312576,0.5,0.5,M0_geometry,0.6875,0.29228946990312576,0.5,0.5,0.0,0.0
M1_M2_M3_nested_selected,mikl_gse173098,increase,mikl_gene:vangl1,0.14423076923076922,0.6534548587416478,0.0,0.0,M0_geometry,0.5288461538461537,0.4995967400417246,0.0,0.0,-0.3846153846153845,-0.15385811869992316
M1_M2_M3_nested_selected,mikl_gse173098,increase,mikl_gene:vapb,0.6000000000000001,0.3564004142548315,0.0,0.0,M0_geometry,0.25471698113207547,0.41542515430542093,0.0,0.0,0.3452830188679246,0.05902474005058944
M1_M2_M3_nested_selected,mikl_gse173098,increase,mikl_gene:vav3,0.8,0.3871404028877919,0.5,0.5,M0_geometry,0.4,0.7269281313126311,0.0,0.5,0.4,0.33978772842483923
M1_M2_M3_nested_selected,mikl_gse173098,increase,mikl_gene:vma21,0.37982832618025747,0.6342770797885648,0.0,0.0,M0_geometry,0.33690987124463523,0.651797312190298,0.0,0.0,0.04291845493562224,0.01752023240173317
M1_M2_M3_nested_selected,mikl_gse173098,increase,mikl_gene:wdr31,0.5357142857142857,0.20829229656327097,1.0,1.0,M0_geometry,0.5357142857142857,0.18023232981007142,0.5,0.5,0.0,-0.02805996675319955
M1_M2_M3_nested_selected,mikl_gse173098,increase,mikl_gene:zbtb20,0.9209770114942528,0.3468169196444517,0.0,0.0,M0_geometry,0.46264367816091956,0.4599689093147986,0.0,0.0,0.45833333333333326,0.1131519896703469
M1_M2_M3_nested_selected,mikl_gse173098,increase,mikl_gene:zfhx3,0.446078431372549,0.5823781768040379,0.0,0.5,M0_geometry,0.8137254901960784,0.48690649823641347,0.0,0.0,-0.36764705882352944,-0.09547167856762445
M1_M2_M3_nested_selected,mikl_gse173098,increase,mikl_gene:zscan20,0.5833333333333333,0.518854915971162,0.0,0.5,M0_geometry,0.5357142857142857,0.5505566561364461,0.5,0.5,0.04761904761904756,0.031701740165284154
M1_M2_M3_nested_selected,moffatt_gse334718,decrease,moffatt_parent_sequence:139c4882daa7dfbf012c1a463d21076843e8e7d35ee52912c4dc135d78c1bdef,0.7010705191591207,0.24468314068187427,0.2857142857142857,0.2857142857142857,M0_geometry,0.5726458025496806,0.4393005807331002,0.2857142857142857,0.2857142857142857,0.1284247166094401,0.19461744005122592
M1_M2_M3_nested_selected,moffatt_gse334718,decrease,moffatt_parent_sequence:36e73539d1acd4413e3e1072562098393ce68280e289b4e966e985a09a34ac5f,0.6748992446600486,0.2800256942694167,0.14285714285714285,0.14285714285714285,M0_geometry,0.8584618863923055,0.18617853003320986,0.14285714285714285,0.5714285714285714,-0.1835626417322569,-0.09384716423620684
M1_M2_M3_nested_selected,moffatt_gse334718,decrease,moffatt_parent_sequence:45ec1d64039db0d8b56d704e14c7a76e3729d447f8dc0b19cf0e854517e5ed8d,0.8681180304720695,0.15177672294542413,0.6,0.6,M0_geometry,0.7793816107898174,0.21712912765604778,0.3,0.3,0.0887364196822521,0.06535240471062365
M1_M2_M3_nested_selected,moffatt_gse334718,decrease,moffatt_parent_sequence:572aefff72c0c5ebef579dab97cd510a0daaf1f661477a6c0c7da11ea8b145ee,0.6633230040889645,0.2875869049720213,0.2222222222222222,0.3333333333333333,M0_geometry,0.699947915506506,0.2861571941290188,0.1111111111111111,0.2222222222222222,-0.03662491141754154,-0.001429710843002474
M1_M2_M3_nested_selected,moffatt_gse334718,decrease,moffatt_parent_sequence:71717d67de00792da52084974f2481e99d5aee74258ae7426800cc5b7aa44393,0.6712505847266856,0.2722879270250629,0.14285714285714285,0.14285714285714285,M0_geometry,0.5941222802383693,0.29904679494840203,0.2857142857142857,0.2857142857142857,0.07712830448831631,0.026758867923339147
M1_M2_M3_nested_selected,moffatt_gse334718,decrease,moffatt_parent_sequence:71b017fc3704c0a72626c909e1055d0dec5dc20d0b9a0142f93d196c4ea6c651,0.9966044142614601,0.009620985014153776,1.0,1.0,M0_geometry,0.9966044142614601,0.009620985014153776,1.0,1.0,0.0,0.0
M1_M2_M3_nested_selected,moffatt_gse334718,decrease,moffatt_parent_sequence:a99e16ae7c3711f8ed155495b69998e0a7ca017d377e53a2aaaa28b9fe672e89,0.7991277020087576,0.20344220241680538,0.3333333333333333,0.4444444444444444,M0_geometry,0.890952456951502,0.18691342102446123,0.2222222222222222,0.5555555555555556,-0.09182475494274445,-0.01652878139234415
M1_M2_M3_nested_selected,moffatt_gse334718,decrease,moffatt_parent_sequence:ebeaf12933f759f1472b6be1caeb911d7e9c703616cc2179a4826077ebc2145a,0.90625,0.11754657528583283,0.0,0.0,M0_geometry,0.34375,0.26564048521998374,0.0,0.0,0.5625,0.1480939099341509
M1_M2_M3_nested_selected,moffatt_gse334718,increase,moffatt_parent_sequence:139c4882daa7dfbf012c1a463d21076843e8e7d35ee52912c4dc135d78c1bdef,0.6725661303324527,0.44615939515007497,0.0,0.0,M0_geometry,0.8032464257744701,0.4828855398572628,0.0,0.0,-0.13068029544201742,0.036726144707187824
M1_M2_M3_nested_selected,moffatt_gse334718,increase,moffatt_parent_sequence:36e73539d1acd4413e3e1072562098393ce68280e289b4e966e985a09a34ac5f,0.7811532981429835,0.3888775310768852,0.2857142857142857,0.2857142857142857,M0_geometry,0.6225578087746307,0.5026197033121969,0.0,0.0,0.15859548936835277,0.11374217223531163
M1_M2_M3_nested_selected,moffatt_gse334718,increase,moffatt_parent_sequence:45ec1d64039db0d8b56d704e14c7a76e3729d447f8dc0b19cf0e854517e5ed8d,0.6725006356678369,0.4727957190969316,0.0,0.0,M0_geometry,0.7375515046030037,0.4160947904996976,0.1,0.1,-0.06505086893516676,-0.05670092859723397
M1_M2_M3_nested_selected,moffatt_gse334718,increase,moffatt_parent_sequence:572aefff72c0c5ebef579dab97cd510a0daaf1f661477a6c0c7da11ea8b145ee,0.6810968476899377,0.5205082715460627,0.0,0.0,M0_geometry,0.6113221886247983,0.5273429886384966,0.0,0.1111111111111111,0.06977465906513947,0.006834717092433884
M1_M2_M3_nested_selected,moffatt_gse334718,increase,moffatt_parent_sequence:71717d67de00792da52084974f2481e99d5aee74258ae7426800cc5b7aa44393,0.5588003916385572,0.6243678389356617,0.14285714285714285,0.14285714285714285,M0_geometry,0.49234471787359385,0.6474854925808672,0.0,0.0,0.06645567376496336,0.02311765364520546
M1_M2_M3_nested_selected,moffatt_gse334718,increase,moffatt_parent_sequence:71b017fc3704c0a72626c909e1055d0dec5dc20d0b9a0142f93d196c4ea6c651,0.2597623089983022,0.4842368871756416,0.0,0.0,M0_geometry,0.33276740237691005,0.46349121652474967,0.0,0.0,-0.07300509337860783,-0.020745670650891945
M1_M2_M3_nested_selected,moffatt_gse334718,increase,moffatt_parent_sequence:a99e16ae7c3711f8ed155495b69998e0a7ca017d377e53a2aaaa28b9fe672e89,0.5274009333159277,0.5195176506469339,0.1111111111111111,0.1111111111111111,M0_geometry,0.7030563096310531,0.3871956115654679,0.1111111111111111,0.1111111111111111,-0.1756553763151254,-0.132322039081466
M1_M2_M3_nested_selected,moffatt_gse334718,increase,moffatt_parent_sequence:ebeaf12933f759f1472b6be1caeb911d7e9c703616cc2179a4826077ebc2145a,0.78125,0.7142208260569697,0.0,0.0,M0_geometry,0.15625,0.8356362680872341,0.0,0.0,0.625,0.12141544203026444
M1_M2_M3_nested_selected,tdp43_gse288185,decrease,tdp_gene:ENSMUSG00000004113,1.0,0.0,1.0,1.0,M0_geometry,0.9798206278026906,0.35877729350864795,0.0,0.0,0.020179372197309364,0.35877729350864795
M1_M2_M3_nested_selected,tdp43_gse288185,decrease,tdp_gene:ENSMUSG00000022095,0.8489795918367347,0.45413233048461404,0.0,0.0,M0_geometry,0.8408163265306122,0.4671939418044128,0.0,0.0,0.008163265306122436,0.013061611319798772
M1_M2_M3_nested_selected,tdp43_gse288185,decrease,tdp_gene:ENSMUSG00000028439,0.9240506329113924,0.5250506673649492,0.0,0.0,M0_geometry,0.8734177215189873,0.565718804195245,0.0,0.0,0.05063291139240511,0.0406681368302958
M1_M2_M3_nested_selected,tdp43_gse288185,decrease,tdp_gene:ENSMUSG00000029028,0.8092485549132948,0.33701759417908916,0.0,0.0,M0_geometry,0.8092485549132948,0.33701759417908916,0.0,0.0,0.0,0.0
M1_M2_M3_nested_selected,tdp43_gse288185,decrease,tdp_gene:ENSMUSG00000029636,0.4,0.5896666042952765,0.0,0.0,M0_geometry,0.0888888888888889,0.7444102852501282,0.0,0.0,0.3111111111111111,0.1547436809548517
M1_M2_M3_nested_selected,tdp43_gse288185,decrease,tdp_gene:ENSMUSG00000031028,0.7933194154488518,0.4542637879582625,0.0,0.0,M0_geometry,0.8058455114822547,0.44937362606924036,0.0,0.0,-0.012526096033402934,-0.004890161889022138
M1_M2_M3_nested_selected,tdp43_gse288185,decrease,tdp_gene:ENSMUSG00000032194,0.9554455445544554,0.15286432217342077,1.0,1.0,M0_geometry,0.35148514851485146,0.7862338289676425,0.0,0.0,0.6039603960396039,0.6333695067942218
M1_M2_M3_nested_selected,tdp43_gse288185,decrease,tdp_gene:ENSMUSG00000034801,0.6938775510204082,0.41348138444690624,0.0,0.0,M0_geometry,0.826530612244898,0.35659243742005164,0.0,0.0,-0.13265306122448983,-0.0568889470268546
M1_M2_M3_nested_selected,tdp43_gse288185,decrease,tdp_gene:ENSMUSG00000035202,0.9880952380952381,0.08244328595178715,1.0,1.0,M0_geometry,0.3214285714285714,0.5785933630532726,0.0,0.0,0.6666666666666667,0.4961500771014854
M1_M2_M3_nested_selected,tdp43_gse288185,decrease,tdp_gene:ENSMUSG00000035279,0.15094339622641506,0.6731244267095428,0.0,0.0,M0_geometry,1.0,0.0,1.0,1.0,-0.8490566037735849,-0.6731244267095428
M1_M2_M3_nested_selected,tdp43_gse288185,decrease,tdp_gene:ENSMUSG00000038916,0.4,0.2606299957939512,1.0,1.0,M0_geometry,0.6,0.18625731196018766,1.0,1.0,-0.19999999999999996,-0.07437268383376353
M1_M2_M3_nested_selected,tdp43_gse288185,decrease,tdp_gene:ENSMUSG00000042529,0.718562874251497,0.6500317535796508,0.0,0.0,M0_geometry,0.9251497005988024,0.5521609218336399,0.0,0.0,-0.2065868263473054,-0.09787083174601097
M1_M2_M3_nested_selected,tdp43_gse288185,decrease,tdp_gene:ENSMUSG00000043670,0.9566787003610109,0.07660499377505624,1.0,1.0,M0_geometry,0.6028880866425993,0.9037808033300748,0.0,0.0,0.3537906137184116,0.8271758095550186
M1_M2_M3_nested_selected,tdp43_gse288185,decrease,tdp_gene:ENSMUSG00000058297,0.8389610389610389,0.7572373323395613,0.0,0.0,M0_geometry,0.8753246753246753,0.707573223619292,0.0,0.0,-0.036363636363636376,-0.04966410872026927
M1_M2_M3_nested_selected,tdp43_gse288185,decrease,tdp_gene:ENSMUSG00000061578,0.9555273189326556,0.5222170150958684,0.0,0.0,M0_geometry,0.7611181702668361,0.6603795760675033,0.0,0.0,0.1944091486658195,0.13816256097163493
M1_M2_M3_nested_selected,tdp43_gse288185,decrease,tdp_gene:ENSMUSG00000090935,0.148989898989899,0.6668123830135634,0.0,0.0,M0_geometry,0.33838383838383834,0.6132501297368078,0.0,0.0,-0.18939393939393934,-0.05356225327675557
M1_M2_M3_nested_selected,tdp43_gse288185,increase,tdp_gene:ENSMUSG00000004113,0.11659192825112108,0.4075609520211129,0.0,0.0,M0_geometry,0.29147982062780264,0.32332292696359216,0.0,0.0,-0.17488789237668156,-0.08423802505752076
M1_M2_M3_nested_selected,tdp43_gse288185,increase,tdp_gene:ENSMUSG00000022095,0.43265306122448977,0.10650975337492741,1.0,1.0,M0_geometry,0.8938775510204082,0.049097484818310416,1.0,1.0,-0.46122448979591846,-0.05741226855661699
M1_M2_M3_nested_selected,tdp43_gse288185,increase,tdp_gene:ENSMUSG00000028439,0.7088607594936709,0.3745459117638978,0.0,0.0,M0_geometry,0.3481012658227848,0.38825789683811973,0.0,0.0,0.3607594936708861,0.013711985074221944
M1_M2_M3_nested_selected,tdp43_gse288185,increase,tdp_gene:ENSMUSG00000029028,0.8439306358381503,0.06704314234350493,1.0,1.0,M0_geometry,0.9364161849710982,0.04348618651952153,1.0,1.0,-0.09248554913294793,-0.0235569558239834
M1_M2_M3_nested_selected,tdp43_gse288185,increase,tdp_gene:ENSMUSG00000029636,0.38148148148148153,0.4740890771164718,0.0,0.0,M0_geometry,0.674074074074074,0.38501248499893864,0.0,0.0,-0.2925925925925925,-0.08907659211753316
M1_M2_M3_nested_selected,tdp43_gse288185,increase,tdp_gene:ENSMUSG00000031028,0.8204592901878914,0.35622954293462183,0.0,0.0,M0_geometry,0.732776617954071,0.3870153898564081,0.0,0.0,0.08768267223382042,0.030785846921786264
M1_M2_M3_nested_selected,tdp43_gse288185,increase,tdp_gene:ENSMUSG00000032194,0.6138613861386139,0.22023573879755387,0.0,0.0,M0_geometry,0.806930693069307,0.19421880198347227,0.0,1.0,-0.19306930693069313,-0.026016936814081598
M1_M2_M3_nested_selected,tdp43_gse288185,increase,tdp_gene:ENSMUSG00000034801,0.20408163265306123,0.6308583424370486,0.0,0.0,M0_geometry,0.8163265306122449,0.32920092024620307,0.0,0.0,-0.6122448979591837,-0.30165742219084557
M1_M2_M3_nested_selected,tdp43_gse288185,increase,tdp_gene:ENSMUSG00000035202,0.7142857142857143,0.40896441292902486,0.0,0.0,M0_geometry,0.5357142857142857,0.4967095320932047,0.0,0.0,0.1785714285714286,0.08774511916417982
M1_M2_M3_nested_selected,tdp43_gse288185,increase,tdp_gene:ENSMUSG00000035279,0.6981132075471699,0.4658403343125748,0.0,0.0,M0_geometry,0.6603773584905661,0.5131427182862321,0.0,0.0,0.037735849056603765,0.047302383973657325
M1_M2_M3_nested_selected,tdp43_gse288185,increase,tdp_gene:ENSMUSG00000038916,0.8,0.3514876106830882,1.0,1.0,M0_geometry,0.19999999999999996,0.9419919193789744,0.0,1.0,0.6000000000000001,0.5905043086958862
M1_M2_M3_nested_selected,tdp43_gse288185,increase,tdp_gene:ENSMUSG00000042529,0.6736526946107784,0.31016623134885174,0.0,0.0,M0_geometry,0.23952095808383234,0.35638612101889616,0.0,0.0,0.43413173652694603,0.04621988967004442
M1_M2_M3_nested_selected,tdp43_gse288185,increase,tdp_gene:ENSMUSG00000043670,0.4368231046931408,0.09379579025201716,1.0,1.0,M0_geometry,0.9783393501805054,0.040629563307894634,1.0,1.0,-0.5415162454873647,-0.05316622694412253
M1_M2_M3_nested_selected,tdp43_gse288185,increase,tdp_gene:ENSMUSG00000058297,0.5532467532467533,0.13896149951233,0.0,0.0,M0_geometry,0.5194805194805194,0.14091901511436436,0.0,0.0,0.03376623376623389,0.00195751560203436
M1_M2_M3_nested_selected,tdp43_gse288185,increase,tdp_gene:ENSMUSG00000061578,0.3456162642947903,0.3182834086800808,0.0,0.0,M0_geometry,0.02287166454891998,0.6514301368538886,0.0,0.0,0.32274459974587033,0.3331467281738078
M1_M2_M3_nested_selected,tdp43_gse288185,increase,tdp_gene:ENSMUSG00000090935,0.6742424242424243,0.3840207579611943,0.0,0.0,M0_geometry,0.21464646464646464,0.4875768197361921,0.0,0.0,0.45959595959595967,0.10355606177499782
M2,mikl_gse173098,decrease,mikl_gene:2810459m11rik,0.8461538461538461,0.18936310924569547,0.5,0.5,M0_geometry,0.0,1.0,0.0,0.0,0.8461538461538461,0.8106368907543046
M2,mikl_gse173098,decrease,mikl_gene:9130008f23rik,0.5,0.4541749929075364,0.5,0.5,M0_geometry,0.6176470588235294,0.40698505047498335,0.5,0.5,-0.11764705882352944,-0.047189942432553034
M2,mikl_gse173098,decrease,mikl_gene:a630089n07rik,0.3863636363636364,0.8071740133056788,0.0,0.0,M0_geometry,0.40909090909090906,0.7236190530370252,0.0,0.5,-0.02272727272727265,-0.08355496026865361
M2,mikl_gse173098,decrease,mikl_gene:abhd17a,0.25,0.5368377494184587,0.5,1.0,M0_geometry,0.5,0.5,0.5,1.0,-0.25,-0.03683774941845874
M2,mikl_gse173098,decrease,mikl_gene:abi1,0.47637795275590555,0.5478870027119659,0.0,0.0,M0_geometry,0.9015748031496063,0.40681382377894415,0.0,0.0,-0.4251968503937007,-0.14107317893302174
M2,mikl_gse173098,decrease,mikl_gene:acnat2,0.5,0.5870455613342428,1.0,1.0,M0_geometry,0.625,0.5846812411634855,0.0,1.0,-0.125,-0.0023643201707572725
M2,mikl_gse173098,decrease,mikl_gene:aco2,0.625,0.32472292364034233,0.5,0.5,M0_geometry,0.625,0.32472292364034233,0.5,0.5,0.0,0.0
M2,mikl_gse173098,decrease,mikl_gene:actb,0.75,0.08537306180186661,1.0,1.0,M0_geometry,0.75,0.10499467592335106,0.5,0.5,0.0,0.019621614121484443
M2,mikl_gse173098,decrease,mikl_gene:adamts18,0.24074074074074076,0.5115480003034779,0.0,0.5,M0_geometry,0.29012345679012347,0.4909075542699012,0.0,0.0,-0.04938271604938271,-0.02064044603357673
M2,mikl_gse173098,decrease,mikl_gene:adap2,0.75,0.2150761179198268,0.5,0.5,M0_geometry,0.75,0.2150761179198268,0.5,0.5,0.0,0.0
M2,mikl_gse173098,decrease,mikl_gene:agtrap,0.14393939393939392,0.6580036937775894,0.0,0.0,M0_geometry,0.3939393939393939,0.6132585798005914,0.0,0.0,-0.25,-0.044745113976997986
M2,mikl_gse173098,decrease,mikl_gene:ankef1,0.7884615384615384,0.2938631841996344,0.0,0.5,M0_geometry,0.5576923076923077,0.4332014782336593,0.0,0.0,0.23076923076923073,0.13933829403402487
M2,mikl_gse173098,decrease,mikl_gene:aqp4,0.3970588235294118,0.7009688447852982,0.0,0.0,M0_geometry,0.47058823529411764,0.6793117573722499,0.0,0.0,-0.07352941176470584,-0.02165708741304828
M2,mikl_gse173098,decrease,mikl_gene:arc,0.6799999999999999,0.8380804564579085,0.0,0.0,M0_geometry,0.56,0.8387482861004423,0.0,0.0,0.11999999999999988,0.0006678296425337571
M2,mikl_gse173098,decrease,mikl_gene:arhgap31,0.2666666666666667,0.6313570544522331,0.0,0.5,M0_geometry,0.4,0.5929452241959106,0.0,0.0,-0.1333333333333333,-0.038411830256322554
M2,mikl_gse173098,decrease,mikl_gene:arid2,0.3322784810126582,0.6166356631585467,0.0,0.0,M0_geometry,0.5031645569620253,0.5733261515613275,0.0,0.0,-0.1708860759493671,-0.043309511597219186
M2,mikl_gse173098,decrease,mikl_gene:arpc1b,0.8369565217391305,0.3407908553657598,0.0,0.0,M0_geometry,0.21739130434782605,0.5255759511170637,0.0,0.0,0.6195652173913044,0.18478509575130386
M2,mikl_gse173098,decrease,mikl_gene:atp5j2,0.7,0.22488967147227923,0.0,1.0,M0_geometry,0.3,0.6403906441784426,0.0,0.5,0.39999999999999997,0.4155009727061634
M2,mikl_gse173098,decrease,mikl_gene:bdnf,0.5643564356435643,0.5081674353610501,0.0,0.0,M0_geometry,0.2574257425742574,0.6585228107360881,0.0,0.5,0.3069306930693069,0.15035537537503796
M2,mikl_gse173098,decrease,mikl_gene:brsk1,0.6428571428571428,0.6291642198723039,0.0,0.0,M0_geometry,0.4523809523809524,0.6526951436653883,0.0,0.0,0.1904761904761904,0.023530923793084413
M2,mikl_gse173098,decrease,mikl_gene:c130026i21rik,0.2,0.6799808375092897,0.5,0.5,M0_geometry,0.95,0.21168133267089798,0.5,1.0,-0.75,-0.4682995048383918
M2,mikl_gse173098,decrease,mikl_gene:calm1,0.3555555555555555,0.49794243738330507,0.0,0.5,M0_geometry,0.2888888888888889,0.5183091593859885,0.0,0.0,0.0666666666666666,0.02036672200268347
M2,mikl_gse173098,decrease,mikl_gene:camk2a,0.5431654676258992,0.5512517108604437,0.0,0.0,M0_geometry,0.3525179856115108,0.6298613849461244,0.0,0.0,0.19064748201438841,0.07860967408568076
M2,mikl_gse173098,decrease,mikl_gene:ccdc141,0.34,0.6588752437528282,0.0,0.0,M0_geometry,0.39999999999999997,0.56746836547846,0.0,0.0,-0.05999999999999994,-0.09140687827436822
M2,mikl_gse173098,decrease,mikl_gene:ccnd1,0.7416666666666667,0.49030314084313287,0.0,0.0,M0_geometry,0.42916666666666664,0.6084019683293438,0.5,0.5,0.31250000000000006,0.11809882748621092
M2,mikl_gse173098,decrease,mikl_gene:ccnd2,0.5904761904761905,0.43493144771496567,0.5,0.5,M0_geometry,0.2619047619047619,0.5098886328702669,0.0,0.0,0.32857142857142857,0.0749571851553012
M2,mikl_gse173098,decrease,mikl_gene:ccni,0.8888888888888888,0.34650910799477685,0.5,0.5,M0_geometry,0.3888888888888889,0.8491179153687269,0.5,0.5,0.49999999999999994,0.5026088073739501
M2,mikl_gse173098,decrease,mikl_gene:cd84,0.5816326530612246,0.38370571565963363,0.0,0.0,M0_geometry,0.5816326530612246,0.38370571565963363,0.0,0.5,0.0,0.0
M2,mikl_gse173098,decrease,mikl_gene:cdc42,0.5596026490066225,0.5848241943781853,0.0,0.0,M0_geometry,0.5596026490066225,0.5848241943781853,0.0,0.0,0.0,0.0
M2,mikl_gse173098,decrease,mikl_gene:cdk15,0.4545454545454546,0.5499432359216199,0.5,0.5,M0_geometry,0.18181818181818177,0.6970476749070902,0.0,0.0,0.2727272727272728,0.14710443898547032
M2,mikl_gse173098,decrease,mikl_gene:chmp3,0.3545454545454546,0.6333019232036856,0.0,0.0,M0_geometry,0.43636363636363634,0.5979179042871456,0.0,0.0,-0.08181818181818173,-0.03538401891653997
M2,mikl_gse173098,decrease,mikl_gene:chrdl1,0.3673469387755102,0.623916321563882,0.0,0.0,M0_geometry,0.3673469387755102,0.623916321563882,0.0,0.0,0.0,0.0
M2,mikl_gse173098,decrease,mikl_gene:cnot6l,0.8007575757575758,0.4924058736034146,0.0,0.0,M0_geometry,0.4409090909090909,0.5840727708849107,0.0,0.0,0.35984848484848486,0.09166689728149613
M2,mikl_gse173098,decrease,mikl_gene:cntn2,0.594017094017094,0.46559547972912557,0.0,0.0,M0_geometry,0.2948717948717949,0.5314658762083243,0.0,0.0,0.29914529914529914,0.06587039647919873
M2,mikl_gse173098,decrease,mikl_gene:col1a1,0.43749999999999994,0.5181953390893729,0.0,0.0,M0_geometry,0.27083333333333337,0.6864193427116908,0.0,0.0,0.16666666666666657,0.16822400362231793
M2,mikl_gse173098,decrease,mikl_gene:col27a1,0.6682692307692308,0.3830430286397602,0.0,0.5,M0_geometry,0.10576923076923073,0.5780423638927232,0.0,0.0,0.5625000000000001,0.19499933525296304
M2,mikl_gse173098,decrease,mikl_gene:col8a1,0.0625,0.9085689836932791,0.0,0.0,M0_geometry,0.6875,0.43005816286841614,0.0,0.0,-0.625,-0.47851082082486296
M2,mikl_gse173098,decrease,mikl_gene:colec12,0.763157894736842,0.5340935563605161,0.0,0.0,M0_geometry,0.2781954887218045,0.6542885280762132,0.0,0.0,0.48496240601503754,0.12019497171569704
M2,mikl_gse173098,decrease,mikl_gene:cox8a,0.55,0.3981967471929533,0.0,1.0,M0_geometry,0.09999999999999998,0.7173470276878489,0.5,1.0,0.45000000000000007,0.3191502804948956
M2,mikl_gse173098,decrease,mikl_gene:cplx2,0.6280487804878049,0.5466338798903777,0.0,0.0,M0_geometry,0.6341463414634146,0.5066851668130502,0.0,0.0,-0.0060975609756097615,-0.0399487130773275
M2,mikl_gse173098,decrease,mikl_gene:ctdspl2,0.7,0.31446856049657695,1.0,1.0,M0_geometry,0.15000000000000002,0.8195669551314367,0.5,0.5,0.5499999999999999,0.5050983946348597
M2,mikl_gse173098,decrease,mikl_gene:cyp26b1,0.3656716417910448,0.7263968543757335,0.0,0.0,M0_geometry,0.6417910447761195,0.6297384589409039,0.0,0.0,-0.2761194029850747,-0.09665839543482968
M2,mikl_gse173098,decrease,mikl_gene:dcdc2a,0.5,0.4750811774799494,0.0,0.0,M0_geometry,0.5588235294117647,0.4365835570220714,0.0,0.0,-0.05882352941176472,-0.03849762045787797
M2,mikl_gse173098,decrease,mikl_gene:ddx58,0.6111111111111112,0.26969049322065325,0.5,0.5,M0_geometry,0.4444444444444445,0.35146778463126405,1.0,1.0,0.16666666666666669,0.0817772914106108
M2,mikl_gse173098,decrease,mikl_gene:disp2,0.0641025641025641,0.8444739346363704,0.0,0.0,M0_geometry,0.4487179487179487,0.6100986112153461,0.0,0.5,-0.3846153846153846,-0.2343753234210243
M2,mikl_gse173098,decrease,mikl_gene:dlg4,0.2986284289276808,0.7107652984752215,0.0,0.0,M0_geometry,0.841645885286783,0.5187906254378278,0.0,0.0,-0.5430174563591021,-0.19197467303739368
M2,mikl_gse173098,decrease,mikl_gene:dock8,0.6153846153846154,0.6265070481012173,0.5,0.5,M0_geometry,0.8846153846153846,0.3360936707606583,0.5,0.5,-0.26923076923076916,-0.29041337734055894
M2,mikl_gse173098,decrease,mikl_gene:dtx3l,0.5405405405405406,0.636984441974551,0.5,0.5,M0_geometry,0.28378378378378377,0.7574863270170688,0.0,1.0,0.2567567567567568,0.1205018850425178
M2,mikl_gse173098,decrease,mikl_gene:dusp18,0.5104166666666666,0.597782749611939,0.0,0.5,M0_geometry,0.71875,0.5338196104717907,0.0,0.0,-0.20833333333333337,-0.06396313914014828
M2,mikl_gse173098,decrease,mikl_gene:ebf1,0.8444444444444444,0.44025625340837526,0.5,0.5,M0_geometry,0.8444444444444444,0.44025625340837526,0.0,0.5,0.0,0.0
M2,mikl_gse173098,decrease,mikl_gene:eef2,0.3333333333333333,0.7821232724256377,0.5,0.5,M0_geometry,0.6666666666666667,0.5430773628021677,0.0,0.5,-0.3333333333333334,-0.23904590962347005
M2,mikl_gse173098,decrease,mikl_gene:egf,0.9891304347826086,0.15414813092917723,0.5,0.5,M0_geometry,0.5434782608695652,0.5184310778940527,0.0,0.0,0.44565217391304346,0.3642829469648755
M2,mikl_gse173098,decrease,mikl_gene:eif3f,0.6,0.27477282232320016,0.5,0.5,M0_geometry,0.6,0.27477282232320016,0.5,0.5,0.0,0.0
M2,mikl_gse173098,decrease,mikl_gene:ern1,0.6428571428571429,0.3816983301601645,0.0,0.0,M0_geometry,0.32142857142857145,0.5503894594140957,0.0,0.0,0.32142857142857145,0.16869112925393115
M2,mikl_gse173098,decrease,mikl_gene:esr1,0.6206896551724138,0.27864169930822547,0.0,0.0,M0_geometry,0.0,1.0,0.0,1.0,0.6206896551724138,0.7213583006917745
M2,mikl_gse173098,decrease,mikl_gene:exo1,0.860759493670886,0.44515102950003377,0.0,0.0,M0_geometry,0.3481012658227848,0.6628509417039516,0.0,0.0,0.5126582278481012,0.21769991220391788
M2,mikl_gse173098,decrease,mikl_gene:fgf13,0.4444444444444444,0.5095165540355822,0.5,0.5,M0_geometry,0.5555555555555556,0.4762111969299583,0.5,0.5,-0.11111111111111116,-0.03330535710562388
M2,mikl_gse173098,decrease,mikl_gene:fgf3,0.4444444444444445,0.5052574535038702,0.0,0.0,M0_geometry,0.7592592592592593,0.3082086180301921,0.5,0.5,-0.3148148148148148,-0.19704883547367807
M2,mikl_gse173098,decrease,mikl_gene:foxp2,0.5901639344262295,0.45357210278306614,0.0,0.0,M0_geometry,0.4262295081967213,0.49792539328790875,0.0,0.5,0.1639344262295082,0.0443532905048426
M2,mikl_gse173098,decrease,mikl_gene:gabra4,0.6875,0.33547217155908754,0.5,0.5,M0_geometry,0.6875,0.33547217155908754,0.5,0.5,0.0,0.0
M2,mikl_gse173098,decrease,mikl_gene:gbp7,0.411764705882353,0.4854945809702489,0.0,0.0,M0_geometry,0.19607843137254904,0.579499580560084,0.0,0.0,0.21568627450980393,0.0940049995898351
M2,mikl_gse173098,decrease,mikl_gene:gli3,0.25,0.7332389672170907,0.5,1.0,M0_geometry,0.3888888888888889,0.8146926910856146,0.0,0.5,-0.1388888888888889,0.0814537238685239
M2,mikl_gse173098,decrease,mikl_gene:gpc6,0.6666666666666667,0.45832001323517124,0.0,0.0,M0_geometry,0.5416666666666667,0.60440930302603,0.5,0.5,0.125,0.14608928979085878
M2,mikl_gse173098,decrease,mikl_gene:gpr17,0.3,0.8045288781164575,0.0,0.0,M0_geometry,0.7000000000000001,0.5487079557984047,0.0,0.0,-0.4000000000000001,-0.25582092231805276
M2,mikl_gse173098,decrease,mikl_gene:gpr35,0.16666666666666663,0.7894428547177421,0.5,0.5,M0_geometry,0.16666666666666663,0.7894428547177421,0.5,0.5,0.0,0.0
M2,mikl_gse173098,decrease,mikl_gene:grin1,0.7333333333333334,0.29885879580834396,0.5,0.5,M0_geometry,0.9333333333333333,0.053718082409082504,0.5,0.5,-0.19999999999999996,-0.24514071339926147
M2,mikl_gse173098,decrease,mikl_gene:gstm1,0.375,0.5755882679961979,1.0,1.0,M0_geometry,0.375,0.5755882679961979,0.5,1.0,0.0,0.0
M2,mikl_gse173098,decrease,mikl_gene:hic2,0.19387755102040816,0.5023318078734936,0.0,0.0,M0_geometry,0.19387755102040816,0.5023318078734936,0.0,1.0,0.0,0.0
M2,mikl_gse173098,decrease,mikl_gene:hpcal4,0.2441860465116279,0.39249315409384355,0.0,0.5,M0_geometry,0.9534883720930233,0.11729147401976203,0.5,0.5,-0.7093023255813954,-0.2752016800740815
M2,mikl_gse173098,decrease,mikl_gene:ids,0.6521739130434783,0.5179869623119367,0.0,0.0,M0_geometry,0.13043478260869568,0.8532004844681949,0.0,0.0,0.5217391304347826,0.3352135221562581
M2,mikl_gse173098,decrease,mikl_gene:invs,0.575,0.7180165453012568,0.0,0.5,M0_geometry,0.7625,0.5925939883937543,0.5,0.5,-0.1875,-0.12542255690750248
M2,mikl_gse173098,decrease,mikl_gene:itga1,0.484375,0.4818175371667215,1.0,1.0,M0_geometry,0.8046875,0.2834075236912117,0.5,0.5,-0.3203125,-0.1984100134755098
M2,mikl_gse173098,decrease,mikl_gene:itga4,0.55,0.7027573464861716,0.0,0.0,M0_geometry,0.625,0.6899787088439989,0.0,0.0,-0.07499999999999996,-0.012778637642172685
M2,mikl_gse173098,decrease,mikl_gene:itpr2,0.8095238095238095,0.2971699669031649,0.0,0.0,M0_geometry,0.05555555555555558,0.7495058572204607,0.0,0.0,0.753968253968254,0.4523358903172958
M2,mikl_gse173098,decrease,mikl_gene:jund,0.5416666666666666,0.4759594756340786,1.0,1.0,M0_geometry,0.5416666666666666,0.4759594756340786,0.5,1.0,0.0,0.0
M2,mikl_gse173098,decrease,mikl_gene:kcna6,0.36486486486486486,0.5787945804408525,0.0,0.0,M0_geometry,0.6216216216216217,0.48870653140169973,0.0,0.0,-0.25675675675675685,-0.0900880490391528
M2,mikl_gse173098,decrease,mikl_gene:kcng3,0.5625,0.40540543285437863,1.0,1.0,M0_geometry,0.375,0.577963404768112,0.0,0.0,0.1875,0.1725579719137334
M2,mikl_gse173098,decrease,mikl_gene:kcnq5,0.5,0.7210400390502829,0.0,0.0,M0_geometry,0.14864864864864863,0.7995430787699684,0.0,0.0,0.35135135135135137,0.07850303971968553
M2,mikl_gse173098,decrease,mikl_gene:kctd4,0.5,0.4063446687535091,0.0,0.0,M0_geometry,0.5,0.4063446687535091,0.0,0.0,0.0,0.0
M2,mikl_gse173098,decrease,mikl_gene:kif1a,0.21999999999999997,0.7149603466511221,0.0,0.0,M0_geometry,0.79,0.4392070650637667,0.0,0.0,-0.5700000000000001,-0.27575328158735535
M2,mikl_gse173098,decrease,mikl_gene:kif5c,0.5333333333333333,0.1948155293265564,0.5,1.0,M0_geometry,0.6666666666666667,0.15968202713361151,0.5,0.5,-0.13333333333333341,-0.03513350219294489
M2,mikl_gse173098,decrease,mikl_gene:liph,0.7246376811594203,0.17937678718461048,0.5,0.5,M0_geometry,0.021739130434782594,0.8243222794234466,0.5,1.0,0.7028985507246377,0.6449454922388361
M2,mikl_gse173098,decrease,mikl_gene:lypd1,0.704225352112676,0.4349072527190653,0.0,0.0,M0_geometry,0.2535211267605634,0.5894944066490034,0.0,0.0,0.45070422535211263,0.15458715392993816
M2,mikl_gse173098,decrease,mikl_gene:magi2,0.6705882352941176,0.5115657692989515,0.0,0.0,M0_geometry,0.18823529411764706,0.6825803894353253,0.0,0.0,0.48235294117647054,0.1710146201363738
M2,mikl_gse173098,decrease,mikl_gene:malt1,0.4716981132075472,0.5462634246391902,0.0,0.0,M0_geometry,0.42452830188679247,0.5461641292552131,0.0,0.0,0.047169811320754707,-9.929538397712712e-05
M2,mikl_gse173098,decrease,mikl_gene:map1a,0.9240506329113924,0.33807443376792384,0.0,0.0,M0_geometry,0.620253164556962,0.42560962050050866,0.0,0.0,0.30379746835443044,0.08753518673258481
M2,mikl_gse173098,decrease,mikl_gene:map2,0.5335820895522387,0.5749992702911063,0.0,0.0,M0_geometry,0.3246268656716418,0.6546867805332537,0.5,0.5,0.20895522388059695,0.07968751024214737
M2,mikl_gse173098,decrease,mikl_gene:mapk8ip1,0.9473684210526316,0.044206496004757706,1.0,1.0,M0_geometry,0.42105263157894735,0.5738651443031604,1.0,1.0,0.5263157894736843,0.5296586482984027
M2,mikl_gse173098,decrease,mikl_gene:mavs,0.6346153846153846,0.44371590853820997,0.5,0.5,M0_geometry,0.40384615384615385,0.5690996174199425,0.0,0.0,0.23076923076923073,0.12538370888173256
M2,mikl_gse173098,decrease,mikl_gene:mcf2l,0.45833333333333337,0.689682612282888,0.0,0.0,M0_geometry,0.4305555555555555,0.6609673452969238,0.0,0.0,0.027777777777777846,-0.02871526698596416
M2,mikl_gse173098,decrease,mikl_gene:meis2,0.35714285714285715,0.5886940753515364,0.0,0.0,M0_geometry,0.40476190476190477,0.528199708041701,0.5,0.5,-0.047619047619047616,-0.06049436730983537
M2,mikl_gse173098,decrease,mikl_gene:mis18bp1,0.2142857142857143,0.6683438520601057,0.5,0.5,M0_geometry,0.5714285714285714,0.4721736764212714,0.0,0.5,-0.3571428571428571,-0.19617017563883432
M2,mikl_gse173098,decrease,mikl_gene:mocs2,0.2787958115183246,0.596718561181178,0.0,0.0,M0_geometry,0.002617801047120394,0.9299773340469377,0.0,0.0,0.2761780104712042,0.33325877286575967
M2,mikl_gse173098,decrease,mikl_gene:mre11a,0.26785714285714285,0.8251634821954752,0.5,0.5,M0_geometry,0.3035714285714286,0.5711158977829728,0.0,0.0,-0.035714285714285754,-0.2540475844125024
M2,mikl_gse173098,decrease,mikl_gene:mrpl33,0.6111111111111112,0.4084772829106714,0.0,0.0,M0_geometry,0.5,0.4362366944798336,0.0,0.5,0.11111111111111116,0.027759411569162173
M2,mikl_gse173098,decrease,mikl_gene:ndnf,0.8714285714285714,0.20918478849001484,0.5,0.5,M0_geometry,0.6214285714285714,0.4662290683511643,0.0,0.0,0.25,0.2570442798611494
M2,mikl_gse173098,decrease,mikl_gene:ndufa12,0.5625,0.525685970099132,0.0,0.0,M0_geometry,0.5625,0.525685970099132,0.5,0.5,0.0,0.0
M2,mikl_gse173098,decrease,mikl_gene:ndufb8,0.3235294117647059,0.8205597513348397,0.5,0.5,M0_geometry,0.5588235294117647,0.720530815005384,0.0,0.5,-0.23529411764705882,-0.10002893632945575
M2,mikl_gse173098,decrease,mikl_gene:necab1,0.9166666666666667,0.3124981177896996,1.0,1.0,M0_geometry,0.9166666666666667,0.3124981177896996,0.5,0.5,0.0,0.0
M2,mikl_gse173098,decrease,mikl_gene:nhsl2,0.348,0.4839149803846815,0.0,0.0,M0_geometry,0.15199999999999997,0.5187433378329724,0.0,0.0,0.196,0.034828357448290936
M2,mikl_gse173098,decrease,mikl_gene:nnat,0.5657894736842105,0.725970229718892,0.0,0.0,M0_geometry,0.4605263157894737,0.7591576820599959,0.0,0.0,0.10526315789473684,0.033187452341103874
M2,mikl_gse173098,decrease,mikl_gene:nrgn,0.13793103448275867,0.5379748396193088,0.0,0.0,M0_geometry,0.17241379310344823,0.5157472541908097,0.0,1.0,-0.03448275862068956,-0.02222758542849912
M2,mikl_gse173098,decrease,mikl_gene:nsmf,0.5512820512820513,0.44037445816874776,0.0,0.0,M0_geometry,0.5512820512820513,0.44037445816874776,0.0,0.0,0.0,0.0
M2,mikl_gse173098,decrease,mikl_gene:oaf,0.6081081081081081,0.5123007367179205,0.0,0.0,M0_geometry,0.35135135135135137,0.5814917810292857,0.0,0.0,0.25675675675675674,0.06919104431136514
M2,mikl_gse173098,decrease,mikl_gene:ociad2,0.596875,0.5999830972120069,0.0,0.0,M0_geometry,0.440625,0.7389436624032665,0.0,0.0,0.15625000000000006,0.13896056519125954
M2,mikl_gse173098,decrease,mikl_gene:ogt,0.24719101123595505,0.513187206331998,0.0,0.0,M0_geometry,0.449438202247191,0.49748762945269676,0.0,0.0,-0.20224719101123595,-0.015699576879301236
M2,mikl_gse173098,decrease,mikl_gene:oprd1,0.9051724137931034,0.19426605992899673,0.5,0.5,M0_geometry,0.6810344827586207,0.2798601023438439,0.0,0.0,0.22413793103448276,0.08559404241484717
M2,mikl_gse173098,decrease,mikl_gene:otc,0.5833333333333333,0.55341026088305,0.0,0.5,M0_geometry,0.36111111111111116,0.7033485211768679,0.0,0.0,0.2222222222222221,0.14993826029381785
M2,mikl_gse173098,decrease,mikl_gene:oxct1,0.8833333333333333,0.32834701817031703,0.0,0.5,M0_geometry,0.8833333333333333,0.32834701817031703,0.5,1.0,0.0,0.0
M2,mikl_gse173098,decrease,mikl_gene:pacsin1,0.9225352112676056,0.18560381117518848,0.0,0.0,M0_geometry,0.38028169014084506,0.5542629125375207,0.0,0.0,0.5422535211267605,0.3686591013623322
M2,mikl_gse173098,decrease,mikl_gene:pate2,0.8333333333333334,0.2884388071688426,0.5,0.5,M0_geometry,0.8333333333333334,0.2884388071688426,0.5,1.0,0.0,0.0
M2,mikl_gse173098,decrease,mikl_gene:pcdh15,0.33225806451612905,0.699790501187981,0.0,0.0,M0_geometry,0.4870967741935484,0.6841195375250897,0.0,0.0,-0.15483870967741936,-0.015670963662891335
M2,mikl_gse173098,decrease,mikl_gene:pde1c,0.6619047619047619,0.606086590892084,0.0,0.0,M0_geometry,0.7333333333333333,0.6245275011964111,0.0,0.0,-0.0714285714285714,0.01844091030432704
M2,mikl_gse173098,decrease,mikl_gene:pde2a,0.62,0.5554278675509734,0.0,0.0,M0_geometry,0.13,0.8478877668060802,0.0,0.0,0.49,0.29245989925510685
M2,mikl_gse173098,decrease,mikl_gene:pdp1,0.6123188405797102,0.44591583080997854,0.0,0.0,M0_geometry,0.5217391304347826,0.48304234619334896,0.0,0.0,0.0905797101449276,0.03712651538337042
M2,mikl_gse173098,decrease,mikl_gene:pdpk1,0.5018115942028986,0.4645574076397982,0.0,0.0,M0_geometry,0.5108695652173914,0.4168521642728072,0.0,0.0,-0.009057971014492794,-0.047705243366991
M2,mikl_gse173098,decrease,mikl_gene:pgap1,0.114010989010989,0.6412132962693506,0.0,0.0,M0_geometry,0.24862637362637363,0.5495918031059633,0.0,0.0,-0.13461538461538464,-0.0916214931633873
M2,mikl_gse173098,decrease,mikl_gene:plin3,0.4285714285714286,0.4558496385186739,0.0,0.0,M0_geometry,0.4285714285714286,0.4558496385186739,0.0,0.0,0.0,0.0
M2,mikl_gse173098,decrease,mikl_gene:ppp1r9b,0.8275862068965517,0.4253398859481794,0.0,0.5,M0_geometry,0.5344827586206897,0.6066574137310491,0.0,0.0,0.293103448275862,0.1813175277828697
M2,mikl_gse173098,decrease,mikl_gene:prlr,0.6582278481012658,0.3777292288457023,0.0,0.0,M0_geometry,0.9240506329113924,0.260935727997709,0.5,0.5,-0.26582278481012667,-0.11679350084799334
M2,mikl_gse173098,decrease,mikl_gene:prrx1,0.5138888888888888,0.42856632122983657,0.0,0.0,M0_geometry,0.5,0.5,0.5,0.5,0.01388888888888884,0.07143367877016343
M2,mikl_gse173098,decrease,mikl_gene:psd,0.4285714285714286,0.7391077790673266,1.0,1.0,M0_geometry,0.9285714285714286,0.01872557447700362,1.0,1.0,-0.5,-0.720382204590323
M2,mikl_gse173098,decrease,mikl_gene:ptgs2,0.7692307692307692,0.35557846173688856,0.0,0.0,M0_geometry,0.7692307692307692,0.35557846173688856,0.0,0.0,0.0,0.0
M2,mikl_gse173098,decrease,mikl_gene:ptpn14,0.4019607843137255,0.48243523274581374,0.0,0.0,M0_geometry,0.7647058823529411,0.33855453377727035,0.0,0.0,-0.3627450980392156,-0.14388069896854339
M2,mikl_gse173098,decrease,mikl_gene:ptprb,0.7887323943661972,0.24625315123661892,0.0,0.0,M0_geometry,0.7394366197183098,0.43792712874861417,0.0,0.0,0.04929577464788748,0.19167397751199525
M2,mikl_gse173098,decrease,mikl_gene:rab11fip2,0.7276595744680852,0.5788560600085174,0.0,0.0,M0_geometry,0.24042553191489363,0.7577220572114263,0.0,0.0,0.4872340425531915,0.17886599720290886
M2,mikl_gse173098,decrease,mikl_gene:rasgrp4,0.9722222222222222,0.1250871224591552,1.0,1.0,M0_geometry,0.3611111111111111,0.7282004961269049,0.0,0.5,0.6111111111111112,0.6031133736677496
M2,mikl_gse173098,decrease,mikl_gene:rasl10b,0.4597315436241611,0.7732426682425446,0.0,0.0,M0_geometry,0.7281879194630871,0.6631439012988134,0.0,0.0,-0.26845637583892606,-0.11009876694373122
M2,mikl_gse173098,decrease,mikl_gene:rbm47,0.8863636363636364,0.4667531426521352,0.0,0.0,M0_geometry,0.38636363636363635,0.7664472079380529,0.0,0.0,0.5,0.2996940652859177
M2,mikl_gse173098,decrease,mikl_gene:rmi2,0.11702127659574468,0.7855860484761236,0.0,0.0,M0_geometry,0.4468085106382979,0.5496488995761678,0.0,0.0,-0.3297872340425532,-0.23593714889995576
M2,mikl_gse173098,decrease,mikl_gene:rnf165,0.5088757396449703,0.6074189750936114,0.0,0.0,M0_geometry,0.8609467455621302,0.5348954109729785,0.0,0.0,-0.3520710059171599,-0.07252356412063288
M2,mikl_gse173098,decrease,mikl_gene:rorb,0.5416666666666667,0.4860161245242064,0.0,0.0,M0_geometry,0.5416666666666667,0.4860161245242064,0.0,0.5,0.0,0.0
M2,mikl_gse173098,decrease,mikl_gene:rpl21,0.5,0.5585386854454785,0.0,0.0,M0_geometry,0.5,0.5585386854454785,0.0,0.0,0.0,0.0
M2,mikl_gse173098,decrease,mikl_gene:rpl31,0.5,0.5,0.5,0.5,M0_geometry,0.5,0.5,0.5,0.5,0.0,0.0
M2,mikl_gse173098,decrease,mikl_gene:rpl37,0.5,0.43932602577730795,0.0,0.0,M0_geometry,0.34210526315789475,0.6681033802807699,0.0,0.5,0.15789473684210525,0.22877735450346193
M2,mikl_gse173098,decrease,mikl_gene:rps19,0.125,0.8115224080302754,0.0,0.0,M0_geometry,0.75,0.36489058511174133,0.0,1.0,-0.625,-0.4466318229185341
M2,mikl_gse173098,decrease,mikl_gene:rps20,0.02777777777777779,0.6781976729737542,0.0,0.5,M0_geometry,0.5,0.2834754110301019,0.0,0.0,-0.4722222222222222,-0.39472226194365234
M2,mikl_gse173098,decrease,mikl_gene:rps24,0.7857142857142858,0.37798265732398695,0.0,0.0,M0_geometry,0.49999999999999994,0.6443716511635842,0.0,0.0,0.28571428571428586,0.26638899383959724
M2,mikl_gse173098,decrease,mikl_gene:rpsa,0.5571428571428572,0.4090027377677939,0.0,0.5,M0_geometry,0.48571428571428577,0.5222303274895668,0.0,0.5,0.0714285714285714,0.11322758972177288
M2,mikl_gse173098,decrease,mikl_gene:rragb,0.7272727272727273,0.38678527701553034,0.5,0.5,M0_geometry,0.8636363636363636,0.061839793855335556,0.5,1.0,-0.13636363636363635,-0.3249454831601948
M2,mikl_gse173098,decrease,mikl_gene:serbp1,0.43448275862068964,0.4647241539737703,0.0,0.0,M0_geometry,0.43448275862068964,0.4647241539737703,0.0,0.0,0.0,0.0
M2,mikl_gse173098,decrease,mikl_gene:serhl,0.8125,0.3768319445885918,0.5,0.5,M0_geometry,0.625,0.46790680087791997,0.0,1.0,0.1875,0.09107485628932815
M2,mikl_gse173098,decrease,mikl_gene:serpina3k,0.8,0.15066944540922456,1.0,1.0,M0_geometry,0.3,0.7009324837859903,0.5,1.0,0.5,0.5502630383767657
M2,mikl_gse173098,decrease,mikl_gene:serpine2,0.6875,0.5453988229745689,0.5,0.5,M0_geometry,0.4375,0.6919405608681238,0.0,0.5,0.25,0.14654173789355496
M2,mikl_gse173098,decrease,mikl_gene:shank1,0.32876712328767127,0.6590061469609714,0.0,0.0,M0_geometry,0.32876712328767127,0.6590061469609714,0.0,0.0,0.0,0.0
M2,mikl_gse173098,decrease,mikl_gene:shank3,0.37777777777777777,0.44240839055335385,0.0,0.0,M0_geometry,0.10555555555555557,0.8398567513232595,0.0,0.0,0.2722222222222222,0.3974483607699057
M2,mikl_gse173098,decrease,mikl_gene:slamf7,0.5909090909090909,0.45577931475846045,0.0,0.5,M0_geometry,0.5909090909090909,0.4386462270271362,0.0,0.0,0.0,-0.01713308773132427
M2,mikl_gse173098,decrease,mikl_gene:slc13a5,0.7413793103448276,0.22515918594961312,0.5,0.5,M0_geometry,0.7413793103448276,0.22515918594961312,0.5,0.5,0.0,0.0
M2,mikl_gse173098,decrease,mikl_gene:slc17a7,0.6875,0.2616908507619795,0.5,0.5,M0_geometry,0.6875,0.2616908507619795,0.5,0.5,0.0,0.0
M2,mikl_gse173098,decrease,mikl_gene:slc17a9,0.038461538461538436,0.9901583621706533,0.0,0.5,M0_geometry,0.6153846153846154,0.5027150291037523,0.0,0.0,-0.576923076923077,-0.487443333066901
M2,mikl_gse173098,decrease,mikl_gene:slc22a15,0.7049180327868851,0.5539540593599723,0.0,0.0,M0_geometry,0.819672131147541,0.46589480553946283,0.0,0.0,-0.11475409836065587,-0.0880592538205095
M2,mikl_gse173098,decrease,mikl_gene:slc23a1,0.8333333333333333,0.17630506328975298,0.5,0.5,M0_geometry,0.8333333333333333,0.17630506328975298,0.0,0.5,0.0,0.0
M2,mikl_gse173098,decrease,mikl_gene:slc28a3,0.5,0.6045849736727333,0.0,0.0,M0_geometry,0.75,0.4421874814093551,0.5,0.5,-0.25,-0.16239749226337824
M2,mikl_gse173098,decrease,mikl_gene:slc7a11,0.5172413793103448,0.3884055707710251,0.5,0.5,M0_geometry,0.7758620689655172,0.21445201251743762,0.5,0.5,-0.2586206896551725,-0.1739535582535875
M2,mikl_gse173098,decrease,mikl_gene:slfn8,0.23529411764705882,0.6583324111637137,0.0,0.0,M0_geometry,0.3235294117647059,0.6083956199542262,0.0,0.0,-0.08823529411764708,-0.04993679120948746
M2,mikl_gse173098,decrease,mikl_gene:snap91,0.5879120879120878,0.6555426867982876,0.0,0.0,M0_geometry,0.22802197802197804,0.7484935765330338,0.0,0.0,0.3598901098901098,0.09295088973474619
M2,mikl_gse173098,decrease,mikl_gene:sparc,0.75,0.5151492342856019,0.0,0.0,M0_geometry,0.4166666666666667,0.6669093270087852,0.0,0.5,0.3333333333333333,0.15176009272318336
M2,mikl_gse173098,decrease,mikl_gene:sptbn2,0.5,0.3312633459126841,0.0,1.0,M0_geometry,0.5,0.3312633459126841,0.0,1.0,0.0,0.0
M2,mikl_gse173098,decrease,mikl_gene:srl,0.8947368421052632,0.1710597879281084,0.5,1.0,M0_geometry,0.31578947368421056,0.5696640509874842,0.0,0.0,0.5789473684210527,0.3986042630593758
M2,mikl_gse173098,decrease,mikl_gene:sspn,0.41935483870967744,0.6922385535431039,0.0,0.0,M0_geometry,0.41935483870967744,0.6922385535431039,0.5,0.5,0.0,0.0
M2,mikl_gse173098,decrease,mikl_gene:st6gal1,0.3488372093023256,0.4349599758945879,0.0,0.0,M0_geometry,0.3488372093023256,0.4349599758945879,0.0,0.0,0.0,0.0
M2,mikl_gse173098,decrease,mikl_gene:syt15,0.4516129032258065,0.49776159962895083,0.0,0.5,M0_geometry,0.5967741935483871,0.46969654598576727,0.0,0.0,-0.14516129032258063,-0.02806505364318357
M2,mikl_gse173098,decrease,mikl_gene:tagln,0.9705882352941176,0.10165687219655019,0.5,0.5,M0_geometry,0.9705882352941176,0.10165687219655019,0.5,0.5,0.0,0.0
M2,mikl_gse173098,decrease,mikl_gene:tbcel,0.8970588235294117,0.2871482449518421,0.0,0.0,M0_geometry,0.7058823529411764,0.3941086830153608,0.0,0.0,0.19117647058823528,0.10696043806351868
M2,mikl_gse173098,decrease,mikl_gene:tcte1,0.25,0.7245490026016815,0.0,0.0,M0_geometry,0.35,0.6460272590112522,0.5,0.5,-0.09999999999999998,-0.0785217435904293
M2,mikl_gse173098,decrease,mikl_gene:tfap2b,0.3222222222222222,0.3267071005537766,0.0,0.5,M0_geometry,0.6888888888888889,0.17441155122729954,0.5,0.5,-0.3666666666666667,-0.15229554932647707
M2,mikl_gse173098,decrease,mikl_gene:tfg,0.3333333333333333,0.7127062523863126,0.0,0.0,M0_geometry,0.3518518518518519,0.6647574255759559,0.5,0.5,-0.0185185185185186,-0.047948826810356726
M2,mikl_gse173098,decrease,mikl_gene:thbd,0.7083333333333333,0.541185307295634,0.0,1.0,M0_geometry,0.7916666666666667,0.4380481547299797,0.0,0.0,-0.08333333333333348,-0.10313715256565426
M2,mikl_gse173098,decrease,mikl_gene:tirap,0.24193548387096775,0.4991995263045819,0.0,0.0,M0_geometry,0.19354838709677424,0.5970332374630383,0.5,0.5,0.048387096774193505,0.09783371115845635
M2,mikl_gse173098,decrease,mikl_gene:tmem242,0.6,0.36283219045081483,0.0,0.5,M0_geometry,0.15000000000000002,0.8531471229372932,0.5,1.0,0.44999999999999996,0.4903149324864784
M2,mikl_gse173098,decrease,mikl_gene:tnfrsf19,0.9166666666666666,0.16826183957289317,0.0,0.0,M0_geometry,0.5,0.42127188674065397,0.0,0.0,0.41666666666666663,0.25301004716776077
M2,mikl_gse173098,decrease,mikl_gene:tor4a,0.05555555555555558,0.955995668925536,0.0,1.0,M0_geometry,0.05555555555555558,0.955995668925536,1.0,1.0,0.0,0.0
M2,mikl_gse173098,decrease,mikl_gene:tpmt,0.0,1.0,0.0,0.0,M0_geometry,0.5,0.4786455655777707,0.0,0.0,-0.5,-0.5213544344222293
M2,mikl_gse173098,decrease,mikl_gene:tpt1,0.6111111111111112,0.695038823376799,0.0,0.0,M0_geometry,0.5277777777777777,0.5347441485006234,0.5,0.5,0.08333333333333348,-0.16029467487617566
M2,mikl_gse173098,decrease,mikl_gene:trim56,0.6701030927835052,0.44689992268179846,0.5,0.5,M0_geometry,0.6701030927835052,0.44689992268179846,0.0,0.0,0.0,0.0
M2,mikl_gse173098,decrease,mikl_gene:trp63,0.7313432835820896,0.2668664437369679,0.5,1.0,M0_geometry,0.3880597014925373,0.6216169449720648,0.0,0.0,0.34328358208955223,0.3547505012350969
M2,mikl_gse173098,decrease,mikl_gene:tulp1,0.5555555555555556,0.3552316958438836,0.0,0.0,M0_geometry,0.5555555555555556,0.3552316958438836,0.0,0.0,0.0,0.0
M2,mikl_gse173098,decrease,mikl_gene:tusc3,0.3888888888888889,0.6014737402875994,0.0,0.0,M0_geometry,0.8148148148148149,0.2905207297542763,0.0,0.0,-0.425925925925926,-0.3109530105333231
M2,mikl_gse173098,decrease,mikl_gene:ube2m,0.39999999999999997,0.599506854098637,0.5,0.5,M0_geometry,0.39999999999999997,0.599506854098637,0.5,0.5,0.0,0.0
M2,mikl_gse173098,decrease,mikl_gene:unc5c,0.7663934426229508,0.6012362815521215,0.0,0.0,M0_geometry,0.3975409836065574,0.7093684125378922,0.0,0.0,0.36885245901639346,0.10813213098577068
M2,mikl_gse173098,decrease,mikl_gene:uqcrq,0.625,0.4053920336707748,0.5,0.5,M0_geometry,1.0,0.0,1.0,1.0,-0.375,-0.4053920336707748
M2,mikl_gse173098,decrease,mikl_gene:vangl1,0.5673076923076923,0.4828418044961974,0.0,0.0,M0_geometry,0.5384615384615385,0.46401837419220054,0.0,0.0,0.028846153846153744,-0.018823430303996858
M2,mikl_gse173098,decrease,mikl_gene:vapb,0.6339622641509435,0.5392216948553249,0.0,0.0,M0_geometry,0.2509433962264151,0.6691607921651184,0.0,0.0,0.3830188679245284,0.12993909730979347
M2,mikl_gse173098,decrease,mikl_gene:vav3,0.2,0.612859597112208,1.0,1.0,M0_geometry,0.09999999999999998,0.8597968466613328,1.0,1.0,0.10000000000000003,0.24693724954912477
M2,mikl_gse173098,decrease,mikl_gene:vma21,0.7103004291845494,0.36585045128472193,0.0,0.0,M0_geometry,0.502145922746781,0.4035403237544952,0.0,0.0,0.20815450643776834,0.03768987246977329
M2,mikl_gse173098,decrease,mikl_gene:wdr31,0.4642857142857143,0.6892175413240689,0.0,1.0,M0_geometry,0.4642857142857143,0.6892175413240689,0.0,0.0,0.0,0.0
M2,mikl_gse173098,decrease,mikl_gene:zbtb20,0.6293103448275862,0.5207177807430228,0.0,0.0,M0_geometry,0.610632183908046,0.5156929946604611,0.0,0.0,0.01867816091954022,-0.0050247860825616275
M2,mikl_gse173098,decrease,mikl_gene:zfhx3,0.5490196078431373,0.4299378136978259,0.5,0.5,M0_geometry,0.42647058823529416,0.45862667094037235,0.0,0.0,0.12254901960784315,0.02868885724254644
M2,mikl_gse173098,decrease,mikl_gene:zscan20,0.7142857142857143,0.2988242277516696,0.5,0.5,M0_geometry,0.2857142857142857,0.5608248767873636,0.5,0.5,0.4285714285714286,0.262000649035694
M2,mikl_gse173098,increase,mikl_gene:2810459m11rik,1.0,0.0,1.0,1.0,M0_geometry,0.15384615384615385,0.8106368907543045,0.0,0.0,0.8461538461538461,0.8106368907543045
M2,mikl_gse173098,increase,mikl_gene:9130008f23rik,0.4411764705882353,0.555416398629634,0.0,0.0,M0_geometry,0.08823529411764708,0.9688791244880042,0.0,0.5,0.3529411764705882,0.4134627258583702
M2,mikl_gse173098,increase,mikl_gene:a630089n07rik,0.5227272727272727,0.21796417323307407,1.0,1.0,M0_geometry,0.5909090909090908,0.22188522568675362,0.0,0.5,-0.06818181818181812,0.003921052453679547
M2,mikl_gse173098,increase,mikl_gene:abhd17a,0.375,0.6751893507972686,0.5,1.0,M0_geometry,0.375,0.6751893507972686,0.5,1.0,0.0,0.0
M2,mikl_gse173098,increase,mikl_gene:abi1,0.055118110236220486,0.7457416750439223,0.0,0.0,M0_geometry,0.905511811023622,0.3231413039183353,0.0,0.0,-0.8503937007874015,-0.422600371125587
M2,mikl_gse173098,increase,mikl_gene:acnat2,0.75,0.061401749805645896,1.0,1.0,M0_geometry,0.0,1.0,1.0,1.0,0.75,0.9385982501943541
M2,mikl_gse173098,increase,mikl_gene:aco2,0.4375,0.48744663186174486,0.5,0.5,M0_geometry,0.8125,0.08519983774209415,1.0,1.0,-0.375,-0.4022467941196507
M2,mikl_gse173098,increase,mikl_gene:actb,0.9,0.3227828713319954,1.0,1.0,M0_geometry,0.15000000000000002,0.9537340384952553,0.0,0.5,0.75,0.6309511671632599
M2,mikl_gse173098,increase,mikl_gene:adamts18,0.2160493827160494,0.6445505790775243,0.0,0.0,M0_geometry,0.7839506172839507,0.43675698570019783,0.0,0.0,-0.5679012345679013,-0.2077935933773265
M2,mikl_gse173098,increase,mikl_gene:adap2,0.8125,0.28261980160777717,1.0,1.0,M0_geometry,0.0625,0.704836254298156,0.5,0.5,0.75,0.42221645269037883
M2,mikl_gse173098,increase,mikl_gene:agtrap,0.8939393939393939,0.30272401487849937,0.0,0.0,M0_geometry,0.49242424242424243,0.4194974325874323,0.0,0.0,0.4015151515151515,0.1167734177089329
M2,mikl_gse173098,increase,mikl_gene:ankef1,0.7884615384615384,0.38887399195002115,0.5,0.5,M0_geometry,0.5576923076923077,0.4271274673113281,0.5,0.5,0.23076923076923073,0.038253475361306966
M2,mikl_gse173098,increase,mikl_gene:aqp4,0.4852941176470589,0.4335311942134825,0.0,0.5,M0_geometry,0.7647058823529411,0.2743299276146097,0.5,0.5,-0.27941176470588225,-0.1592012665988728
M2,mikl_gse173098,increase,mikl_gene:arc,0.6799999999999999,0.12933135169120535,1.0,1.0,M0_geometry,0.6799999999999999,0.12933135169120535,0.5,1.0,0.0,0.0
M2,mikl_gse173098,increase,mikl_gene:arhgap31,0.8666666666666667,0.31731347363573137,0.0,0.0,M0_geometry,0.5666666666666667,0.42992427508695674,0.0,0.0,0.30000000000000004,0.11261080145122537
M2,mikl_gse173098,increase,mikl_gene:arid2,0.4525316455696203,0.5284942671053567,0.0,0.0,M0_geometry,0.7373417721518988,0.37557482055898783,0.0,0.0,-0.2848101265822785,-0.1529194465463689
M2,mikl_gse173098,increase,mikl_gene:arpc1b,0.782608695652174,0.4744240488829363,0.0,0.5,M0_geometry,0.3695652173913043,0.615737906988395,0.0,0.0,0.4130434782608696,0.1413138581054587
M2,mikl_gse173098,increase,mikl_gene:atp5j2,0.5,0.6021237093576041,0.5,1.0,M0_geometry,0.0,1.0,0.5,1.0,0.5,0.39787629064239594
M2,mikl_gse173098,increase,mikl_gene:bdnf,0.6831683168316831,0.2846636552851236,0.0,0.0,M0_geometry,0.6138613861386139,0.4018766884222862,0.0,0.0,0.06930693069306926,0.11721303313716258
M2,mikl_gse173098,increase,mikl_gene:brsk1,0.0,1.0,0.0,0.0,M0_geometry,0.07142857142857145,0.6182562833444712,1.0,1.0,-0.07142857142857145,-0.38174371665552875
M2,mikl_gse173098,increase,mikl_gene:c130026i21rik,0.30000000000000004,0.6839643291595776,0.0,1.0,M0_geometry,0.7,0.36401056836466383,0.5,1.0,-0.3999999999999999,-0.3199537607949138
M2,mikl_gse173098,increase,mikl_gene:calm1,0.8666666666666667,0.40325047846368606,0.0,0.0,M0_geometry,0.35555555555555557,0.631293324578724,0.0,0.0,0.5111111111111111,0.22804284611503794
M2,mikl_gse173098,increase,mikl_gene:camk2a,0.5035971223021583,0.4587566048158737,0.0,0.0,M0_geometry,0.5827338129496402,0.38301703834067113,0.0,0.0,-0.07913669064748197,-0.07573956647520258
M2,mikl_gse173098,increase,mikl_gene:ccdc141,0.36,0.6891045983891475,0.0,0.0,M0_geometry,0.8200000000000001,0.3225719029346503,0.5,0.5,-0.4600000000000001,-0.3665326954544972
M2,mikl_gse173098,increase,mikl_gene:ccnd1,0.275,0.49463854353178316,0.5,0.5,M0_geometry,0.41666666666666663,0.45625711261001517,0.5,0.5,-0.1416666666666666,-0.03838143092176799
M2,mikl_gse173098,increase,mikl_gene:ccnd2,0.4666666666666666,0.5843753394139017,0.0,0.0,M0_geometry,0.8238095238095238,0.4790618422959002,0.0,0.0,-0.35714285714285715,-0.10531349711800153
M2,mikl_gse173098,increase,mikl_gene:ccni,0.3888888888888889,0.21483331363060548,0.5,1.0,M0_geometry,0.38888888888888895,0.21752402595405032,1.0,1.0,-5.551115123125783e-17,0.0026907123234448382
M2,mikl_gse173098,increase,mikl_gene:cd84,0.8775510204081632,0.2655694639867202,0.5,0.5,M0_geometry,0.6632653061224489,0.5625160851975377,0.5,0.5,0.2142857142857143,0.2969466212108175
M2,mikl_gse173098,increase,mikl_gene:cdc42,0.3112582781456954,0.44250022765458136,0.0,0.0,M0_geometry,0.6158940397350994,0.37728351666434046,0.0,0.0,-0.304635761589404,-0.0652167109902409
M2,mikl_gse173098,increase,mikl_gene:cdk15,0.5454545454545454,0.4495002530214087,1.0,1.0,M0_geometry,0.2272727272727273,0.5711035065668977,0.0,0.0,0.3181818181818181,0.12160325354548895
M2,mikl_gse173098,increase,mikl_gene:chmp3,0.36363636363636365,0.49444287195133063,0.0,0.0,M0_geometry,0.4363636363636364,0.453438764973504,0.0,0.0,-0.07272727272727275,-0.04100410697782664
M2,mikl_gse173098,increase,mikl_gene:chrdl1,0.8979591836734694,0.29497286507950704,0.0,0.0,M0_geometry,0.020408163265306145,0.8659390049082569,0.0,0.0,0.8775510204081632,0.5709661398287499
M2,mikl_gse173098,increase,mikl_gene:cnot6l,0.7871212121212121,0.35844238434660786,0.0,0.0,M0_geometry,0.806060606060606,0.36989427065328684,0.0,0.0,-0.018939393939393923,0.011451886306678982
M2,mikl_gse173098,increase,mikl_gene:cntn2,0.5128205128205128,0.4932621605476276,0.0,0.0,M0_geometry,0.7863247863247863,0.41268661369914583,0.0,0.0,-0.27350427350427353,-0.08057554684848178
M2,mikl_gse173098,increase,mikl_gene:col1a1,0.6666666666666667,0.4134739565329536,1.0,1.0,M0_geometry,0.125,0.82847311226774,0.0,0.0,0.5416666666666667,0.4149991557347864
M2,mikl_gse173098,increase,mikl_gene:col27a1,0.20673076923076922,0.6473633241143291,0.0,0.0,M0_geometry,0.5144230769230769,0.5742364726977479,0.0,0.0,-0.30769230769230765,-0.07312685141658115
M2,mikl_gse173098,increase,mikl_gene:col8a1,0.3125,0.628929798574904,0.5,0.5,M0_geometry,0.3125,0.628929798574904,0.5,0.5,0.0,0.0
M2,mikl_gse173098,increase,mikl_gene:colec12,0.3233082706766917,0.4506719446360886,0.0,0.0,M0_geometry,0.4887218045112782,0.38308010782054003,0.0,0.0,-0.1654135338345865,-0.06759183681554859
M2,mikl_gse173098,increase,mikl_gene:cox8a,0.2,0.7451305676779234,0.0,0.5,M0_geometry,0.85,0.1958057228074955,0.5,0.5,-0.6499999999999999,-0.5493248448704279
M2,mikl_gse173098,increase,mikl_gene:cplx2,0.6402439024390243,0.34264918553349655,0.0,0.0,M0_geometry,0.18902439024390244,0.5808921473618731,0.0,0.0,0.45121951219512185,0.23824296182837656
M2,mikl_gse173098,increase,mikl_gene:ctdspl2,0.35,0.5225561889561121,0.5,1.0,M0_geometry,0.5,0.5,0.5,1.0,-0.15000000000000002,-0.02255618895611211
M2,mikl_gse173098,increase,mikl_gene:cyp26b1,0.955223880597015,0.1228701952033108,0.5,0.5,M0_geometry,0.3283582089552239,0.4121432347866788,0.0,0.0,0.6268656716417911,0.28927303958336803
M2,mikl_gse173098,increase,mikl_gene:dcdc2a,0.19607843137254904,0.6399975380545937,0.0,0.0,M0_geometry,0.27450980392156865,0.6427796643349786,0.0,0.0,-0.0784313725490196,0.002782126280384878
M2,mikl_gse173098,increase,mikl_gene:ddx58,0.1111111111111111,0.9486572179435584,0.5,1.0,M0_geometry,0.4444444444444445,0.5840048950528595,0.5,1.0,-0.33333333333333337,-0.36465232289069893
M2,mikl_gse173098,increase,mikl_gene:disp2,0.3846153846153846,0.42231278711630205,0.0,0.0,M0_geometry,0.5256410256410257,0.30813963814464834,0.0,0.0,-0.14102564102564108,-0.1141731489716537
M2,mikl_gse173098,increase,mikl_gene:dlg4,0.9688279301745636,0.2674312414358114,0.0,0.0,M0_geometry,0.32917705735660846,0.46809153728632635,0.0,0.0,0.6396508728179551,0.20066029585051498
M2,mikl_gse173098,increase,mikl_gene:dock8,0.9230769230769231,0.0485552302976822,1.0,1.0,M0_geometry,0.34615384615384615,0.41034671256514005,0.0,0.5,0.576923076923077,0.36179148226745783
M2,mikl_gse173098,increase,mikl_gene:dtx3l,0.2972972972972973,0.5364601427760323,0.0,0.0,M0_geometry,0.8513513513513513,0.13722107105943218,0.5,0.5,-0.554054054054054,-0.3992390717166001
M2,mikl_gse173098,increase,mikl_gene:dusp18,0.5729166666666667,0.3921405935231854,0.0,0.0,M0_geometry,0.5104166666666667,0.42112830844063986,0.0,0.5,0.0625,0.028987714917454444
M2,mikl_gse173098,increase,mikl_gene:ebf1,0.38888888888888884,0.48434993181469177,0.5,0.5,M0_geometry,0.0888888888888889,0.7038689983327495,0.5,0.5,0.29999999999999993,0.21951906651805775
M2,mikl_gse173098,increase,mikl_gene:eef2,0.5,0.5,1.0,1.0,M0_geometry,0.5,0.5,1.0,1.0,0.0,0.0
M2,mikl_gse173098,increase,mikl_gene:egf,0.8586956521739131,0.30966406735649354,0.0,0.0,M0_geometry,0.3478260869565218,0.5277276084674081,0.0,0.0,0.5108695652173914,0.21806354111091453
M2,mikl_gse173098,increase,mikl_gene:eif3f,0.7,0.4422893522153261,0.0,0.0,M0_geometry,0.7,0.4422893522153261,0.0,0.0,0.0,0.0
M2,mikl_gse173098,increase,mikl_gene:ern1,0.6071428571428572,0.4887440050701753,0.0,0.0,M0_geometry,0.6071428571428572,0.4887440050701753,0.0,0.0,0.0,0.0
M2,mikl_gse173098,increase,mikl_gene:esr1,0.8793103448275862,0.4676997553757425,0.0,0.0,M0_geometry,0.5517241379310345,0.6436308737092244,0.0,0.0,0.3275862068965517,0.17593111833348196
M2,mikl_gse173098,increase,mikl_gene:exo1,0.2436708860759494,0.4559583881858249,0.5,1.0,M0_geometry,0.2436708860759494,0.4559583881858249,0.5,1.0,0.0,0.0
M2,mikl_gse173098,increase,mikl_gene:fgf13,0.16666666666666669,0.6093917556660102,0.0,0.5,M0_geometry,0.9444444444444444,0.01731593599012399,1.0,1.0,-0.7777777777777777,-0.5920758196758862
M2,mikl_gse173098,increase,mikl_gene:fgf3,0.7962962962962963,0.3517121253848593,0.0,0.0,M0_geometry,0.7962962962962963,0.3517121253848593,0.0,0.0,0.0,0.0
M2,mikl_gse173098,increase,mikl_gene:foxp2,0.3442622950819672,0.5760895360899878,0.0,0.0,M0_geometry,0.3442622950819672,0.5760895360899878,0.0,0.0,0.0,0.0
M2,mikl_gse173098,increase,mikl_gene:gabra4,0.625,0.5112676072092222,0.5,0.5,M0_geometry,0.625,0.5112676072092222,0.0,0.0,0.0,0.0
M2,mikl_gse173098,increase,mikl_gene:gbp7,0.5294117647058825,0.539469818071827,0.0,0.0,M0_geometry,0.4313725490196078,0.5637858972361689,0.0,0.5,0.09803921568627466,0.024316079164341864
M2,mikl_gse173098,increase,mikl_gene:gli3,0.6111111111111112,0.26076170829091805,1.0,1.0,M0_geometry,0.3055555555555555,0.4313986617645367,1.0,1.0,0.30555555555555564,0.17063695347361862
M2,mikl_gse173098,increase,mikl_gene:gpc6,0.6666666666666667,0.1809206176793913,0.5,0.5,M0_geometry,0.0,1.0,0.0,0.0,0.6666666666666667,0.8190793823206087
M2,mikl_gse173098,increase,mikl_gene:gpr17,0.7571428571428571,0.26925250968269604,0.0,0.0,M0_geometry,0.6428571428571429,0.3257227873949072,0.0,0.5,0.11428571428571421,0.05647027771221114
M2,mikl_gse173098,increase,mikl_gene:gpr35,0.3611111111111111,0.5689334192880655,0.5,0.5,M0_geometry,0.3611111111111111,0.5689334192880655,0.5,0.5,0.0,0.0
M2,mikl_gse173098,increase,mikl_gene:grin1,0.6333333333333333,0.5361427100924054,0.0,0.5,M0_geometry,0.4,0.6851133784221304,0.0,0.0,0.23333333333333328,0.14897066832972494
M2,mikl_gse173098,increase,mikl_gene:gstm1,0.875,0.2048171527052673,1.0,1.0,M0_geometry,0.125,0.7157886517726693,1.0,1.0,0.75,0.5109714990674019
M2,mikl_gse173098,increase,mikl_gene:hic2,0.5459183673469388,0.586702917913793,0.0,0.5,M0_geometry,0.3877551020408163,0.6251625763062512,0.0,0.5,0.15816326530612246,0.03845965839245813
M2,mikl_gse173098,increase,mikl_gene:hpcal4,0.5,0.6609486717581162,0.0,0.0,M0_geometry,0.5697674418604651,0.6734577584920297,0.0,0.0,-0.06976744186046513,0.012509086733913488
M2,mikl_gse173098,increase,mikl_gene:ids,0.28260869565217395,0.5198353903420633,1.0,1.0,M0_geometry,0.28260869565217395,0.4851168709164566,0.0,0.5,0.0,-0.034718519425606664
M2,mikl_gse173098,increase,mikl_gene:invs,0.6375,0.2162278992750498,0.5,0.5,M0_geometry,0.6375,0.2162278992750498,0.5,0.5,0.0,0.0
M2,mikl_gse173098,increase,mikl_gene:itga1,0.625,0.47143219413201926,0.5,0.5,M0_geometry,0.046875,0.8405176361515929,0.0,0.0,0.578125,0.36908544201957366
M2,mikl_gse173098,increase,mikl_gene:itga4,0.35,0.32133129361415214,0.0,0.0,M0_geometry,0.7375,0.25198682120340454,0.0,0.0,-0.38750000000000007,-0.06934447241074759
M2,mikl_gse173098,increase,mikl_gene:itpr2,0.25396825396825395,0.6720710782101624,0.0,0.0,M0_geometry,0.39682539682539686,0.5722133558346655,0.0,0.0,-0.1428571428571429,-0.09985772237549695
M2,mikl_gse173098,increase,mikl_gene:jund,0.25,0.8157557520142023,0.0,0.5,M0_geometry,0.25,0.8157557520142023,0.0,0.5,0.0,0.0
M2,mikl_gse173098,increase,mikl_gene:kcna6,0.40540540540540543,0.5024788272741728,0.0,0.0,M0_geometry,0.4864864864864865,0.4859779364174612,0.0,0.0,-0.08108108108108109,-0.016500890856711636
M2,mikl_gse173098,increase,mikl_gene:kcng3,0.25,0.6128270669312875,0.5,1.0,M0_geometry,0.4375,0.5945945671456214,0.0,0.5,-0.1875,-0.0182324997856661
M2,mikl_gse173098,increase,mikl_gene:kcnq5,0.3918918918918919,0.38355702940001657,0.0,0.5,M0_geometry,0.17567567567567566,0.596470501893568,0.0,0.5,0.21621621621621623,0.21291347249355141
M2,mikl_gse173098,increase,mikl_gene:kctd4,0.0,1.0,0.5,0.5,M0_geometry,0.0,1.0,0.0,0.5,0.0,0.0
M2,mikl_gse173098,increase,mikl_gene:kif1a,0.94,0.1804174841824907,0.5,0.5,M0_geometry,0.41000000000000003,0.40989727162878914,0.0,0.0,0.5299999999999999,0.22947978744629843
M2,mikl_gse173098,increase,mikl_gene:kif5c,1.0,0.0,1.0,1.0,M0_geometry,0.75,0.733567468496169,0.0,0.0,0.25,0.733567468496169
M2,mikl_gse173098,increase,mikl_gene:liph,0.26811594202898553,0.779320011752334,0.5,0.5,M0_geometry,0.15942028985507245,0.808891230188865,0.0,0.0,0.10869565217391308,0.029571218436530988
M2,mikl_gse173098,increase,mikl_gene:lypd1,0.7464788732394366,0.41050559335099657,0.0,0.0,M0_geometry,0.7183098591549296,0.34018664448532265,0.5,0.5,0.028169014084507005,-0.07031894886567391
M2,mikl_gse173098,increase,mikl_gene:magi2,0.6,0.395411929173039,0.0,0.0,M0_geometry,0.4823529411764706,0.4541464398334102,0.0,0.0,0.11764705882352938,0.058734510660371164
M2,mikl_gse173098,increase,mikl_gene:malt1,0.6698113207547169,0.4060109765533682,0.5,0.5,M0_geometry,0.047169811320754707,0.6821378371551026,0.0,0.0,0.6226415094339622,0.27612686060173436
M2,mikl_gse173098,increase,mikl_gene:map1a,0.6962025316455696,0.4941352315057011,0.0,0.0,M0_geometry,0.7974683544303798,0.46763215900240485,0.0,0.0,-0.10126582278481022,-0.026503072503296254
M2,mikl_gse173098,increase,mikl_gene:map2,0.14925373134328357,0.49688491762796605,0.0,0.0,M0_geometry,0.4888059701492537,0.4068067076396643,0.0,0.5,-0.33955223880597013,-0.09007820998830174
M2,mikl_gse173098,increase,mikl_gene:mapk8ip1,0.631578947368421,0.39549550766559005,0.0,0.5,M0_geometry,0.868421052631579,0.20968585776737936,0.0,0.5,-0.23684210526315796,-0.1858096498982107
M2,mikl_gse173098,increase,mikl_gene:mavs,0.5576923076923077,0.3767479482791092,0.0,0.0,M0_geometry,0.5961538461538461,0.4350191355692101,0.0,0.0,-0.038461538461538436,0.058271187290100945
M2,mikl_gse173098,increase,mikl_gene:mcf2l,0.6805555555555556,0.2488714266700621,0.0,0.0,M0_geometry,0.6805555555555556,0.2488714266700621,0.0,0.0,0.0,0.0
M2,mikl_gse173098,increase,mikl_gene:meis2,0.6190476190476191,0.4772864655407608,0.0,0.0,M0_geometry,0.5238095238095238,0.48320334931078496,1.0,1.0,0.09523809523809523,0.0059168837700241395
M2,mikl_gse173098,increase,mikl_gene:mis18bp1,0.7857142857142858,0.3117312117533066,0.5,0.5,M0_geometry,0.5714285714285714,0.36025250135784015,0.5,1.0,0.2142857142857144,0.04852128960453356
M2,mikl_gse173098,increase,mikl_gene:mocs2,0.8056282722513088,0.4195689330616017,0.5,0.5,M0_geometry,0.30497382198952877,0.5401539457519685,0.0,0.0,0.50065445026178,0.12058501269036681
M2,mikl_gse173098,increase,mikl_gene:mre11a,0.7142857142857143,0.3570816838756148,0.0,0.0,M0_geometry,0.44642857142857145,0.5344099246136895,0.0,1.0,0.26785714285714285,0.17732824073807474
M2,mikl_gse173098,increase,mikl_gene:mrpl33,0.5,0.5,1.0,1.0,M0_geometry,0.5555555555555556,0.5406482474939049,0.0,0.5,-0.05555555555555558,0.04064824749390494
M2,mikl_gse173098,increase,mikl_gene:ndnf,0.9,0.3400512073736792,0.0,0.0,M0_geometry,0.45,0.542552144050445,0.0,0.0,0.45,0.20250093667676583
M2,mikl_gse173098,increase,mikl_gene:ndufa12,0.125,0.925649535904761,0.5,0.5,M0_geometry,0.125,0.925649535904761,0.5,1.0,0.0,0.0
M2,mikl_gse173098,increase,mikl_gene:ndufb8,0.6176470588235294,0.2075769834608059,0.0,0.0,M0_geometry,0.4411764705882353,0.27809172051896686,0.5,0.5,0.17647058823529416,0.07051473705816097
M2,mikl_gse173098,increase,mikl_gene:necab1,0.75,0.11040818539246072,0.5,1.0,M0_geometry,0.8333333333333334,0.04392393797410626,1.0,1.0,-0.08333333333333337,-0.06648424741835446
M2,mikl_gse173098,increase,mikl_gene:nhsl2,0.45599999999999996,0.5756057809605243,0.0,0.0,M0_geometry,0.6839999999999999,0.5050393929660746,0.0,0.0,-0.22799999999999998,-0.0705663879944497
M2,mikl_gse173098,increase,mikl_gene:nnat,0.4868421052631579,0.24927160702920392,0.5,0.5,M0_geometry,0.4868421052631579,0.24927160702920392,0.0,0.5,0.0,0.0
M2,mikl_gse173098,increase,mikl_gene:nrgn,0.6551724137931034,0.5497376407981425,0.0,0.0,M0_geometry,0.24137931034482757,0.6732353786710653,0.5,0.5,0.41379310344827586,0.12349773787292284
M2,mikl_gse173098,increase,mikl_gene:nsmf,0.23076923076923078,0.6088418887997711,0.5,0.5,M0_geometry,0.23076923076923078,0.6088418887997711,0.5,0.5,0.0,0.0
M2,mikl_gse173098,increase,mikl_gene:oaf,0.5,0.4718250132309528,0.0,0.5,M0_geometry,0.5,0.4718250132309528,0.0,0.5,0.0,0.0
M2,mikl_gse173098,increase,mikl_gene:ociad2,0.575,0.375140913101491,0.5,0.5,M0_geometry,0.490625,0.5483099749463586,0.5,0.5,0.08437499999999998,0.17316906184486758
M2,mikl_gse173098,increase,mikl_gene:ogt,0.7808988764044944,0.4728124798656706,0.5,0.5,M0_geometry,0.6685393258426966,0.5156235722230724,0.0,0.0,0.1123595505617978,0.042811092357401825
M2,mikl_gse173098,increase,mikl_gene:oprd1,0.6206896551724137,0.6092031959913531,0.0,0.0,M0_geometry,0.2931034482758621,0.6861264578621877,0.0,0.0,0.3275862068965516,0.07692326187083465
M2,mikl_gse173098,increase,mikl_gene:otc,0.6111111111111112,0.39714944862376045,0.5,1.0,M0_geometry,0.5833333333333333,0.3765135115000683,0.5,0.5,0.0277777777777779,-0.02063593712369216
M2,mikl_gse173098,increase,mikl_gene:oxct1,0.5375,0.39719132491036174,0.0,0.0,M0_geometry,0.5375,0.39719132491036174,0.0,0.0,0.0,0.0
M2,mikl_gse173098,increase,mikl_gene:pacsin1,0.5422535211267605,0.49822010190602084,0.0,0.0,M0_geometry,0.5845070422535212,0.47563728658675974,0.0,0.0,-0.04225352112676073,-0.022582815319261096
M2,mikl_gse173098,increase,mikl_gene:pate2,0.4166666666666667,0.5312748262197644,0.5,0.5,M0_geometry,0.08333333333333337,0.8737227987829636,0.0,0.0,0.3333333333333333,0.34244797256319914
M2,mikl_gse173098,increase,mikl_gene:pcdh15,0.5548387096774194,0.2687444732649068,0.0,0.0,M0_geometry,0.9161290322580645,0.12067153571785344,0.5,0.5,-0.3612903225806451,-0.14807293754705336
M2,mikl_gse173098,increase,mikl_gene:pde1c,0.5714285714285714,0.28207853397123955,0.0,0.0,M0_geometry,0.9333333333333333,0.12244306868337243,0.0,0.0,-0.36190476190476195,-0.15963546528786712
M2,mikl_gse173098,increase,mikl_gene:pde2a,0.8700000000000001,0.15211223319391987,0.0,0.0,M0_geometry,0.54,0.34213634493707934,0.0,0.0,0.33000000000000007,0.19002411174315947
M2,mikl_gse173098,increase,mikl_gene:pdp1,0.5579710144927537,0.4400316126878917,0.0,0.0,M0_geometry,0.427536231884058,0.5748184620999081,0.0,0.0,0.13043478260869568,0.13478684941201635
M2,mikl_gse173098,increase,mikl_gene:pdpk1,0.6159420289855073,0.5085845830855121,0.0,0.0,M0_geometry,0.8206521739130435,0.4488572526443324,0.0,0.0,-0.20471014492753614,-0.05972733044117973
M2,mikl_gse173098,increase,mikl_gene:pgap1,0.27884615384615385,0.5428563835994209,0.0,0.0,M0_geometry,0.18406593406593408,0.5985593234151418,0.0,0.0,0.09478021978021978,0.05570293981572094
M2,mikl_gse173098,increase,mikl_gene:plin3,0.125,0.7650638418378919,0.5,1.0,M0_geometry,0.125,0.7650638418378919,1.0,1.0,0.0,0.0
M2,mikl_gse173098,increase,mikl_gene:ppp1r9b,0.3103448275862069,0.5015482325280303,0.5,0.5,M0_geometry,0.5344827586206897,0.36954522291071623,0.5,0.5,-0.22413793103448282,-0.13200300961731404
M2,mikl_gse173098,increase,mikl_gene:prlr,0.32911392405063294,0.6068540767018247,0.0,0.0,M0_geometry,0.4430379746835443,0.614195994320374,0.0,0.0,-0.11392405063291133,0.0073419176185492985
M2,mikl_gse173098,increase,mikl_gene:prrx1,0.5,0.5,0.5,1.0,M0_geometry,0.4305555555555555,0.5706493914535791,0.0,0.0,0.06944444444444448,0.07064939145357907
M2,mikl_gse173098,increase,mikl_gene:psd,0.5714285714285714,0.41286805944730426,0.5,0.5,M0_geometry,0.8571428571428572,0.15001609647036648,0.5,0.5,-0.2857142857142858,-0.2628519629769378
M2,mikl_gse173098,increase,mikl_gene:ptgs2,0.2692307692307692,0.6677591211308719,0.0,1.0,M0_geometry,0.2692307692307692,0.6677591211308719,0.5,0.5,0.0,0.0
M2,mikl_gse173098,increase,mikl_gene:ptpn14,0.8137254901960784,0.37141573053508936,0.0,0.0,M0_geometry,0.8137254901960784,0.37141573053508936,0.0,0.0,0.0,0.0
M2,mikl_gse173098,increase,mikl_gene:ptprb,0.5140845070422535,0.49590268493491185,0.0,0.0,M0_geometry,0.8802816901408451,0.3558257963463845,0.0,0.0,-0.3661971830985916,-0.14007688858852735
M2,mikl_gse173098,increase,mikl_gene:rab11fip2,0.5765957446808512,0.3332575455528434,0.0,0.0,M0_geometry,0.7851063829787234,0.28578808971592834,0.0,0.0,-0.2085106382978722,-0.047469455836915087
M2,mikl_gse173098,increase,mikl_gene:rasgrp4,0.5138888888888888,0.4368020898162229,0.0,0.0,M0_geometry,0.6111111111111112,0.3711177698380803,0.0,0.0,-0.09722222222222232,-0.06568431997814261
M2,mikl_gse173098,increase,mikl_gene:rasl10b,0.6812080536912751,0.24958070671262952,0.5,0.5,M0_geometry,0.5268456375838926,0.2786337137103696,0.5,0.5,0.15436241610738255,0.029053006997740077
M2,mikl_gse173098,increase,mikl_gene:rbm47,0.9090909090909092,0.17065137934586802,0.5,0.5,M0_geometry,0.38636363636363635,0.3797804617619551,0.0,0.5,0.5227272727272728,0.2091290824160871
M2,mikl_gse173098,increase,mikl_gene:rmi2,0.5531914893617021,0.4575591372291963,0.0,0.0,M0_geometry,0.40425531914893614,0.5307975827221761,0.0,0.0,0.148936170212766,0.07323844549297986
M2,mikl_gse173098,increase,mikl_gene:rnf165,0.7544378698224852,0.3006037461036759,0.0,0.0,M0_geometry,0.46449704142011833,0.4399301355642379,0.0,0.0,0.28994082840236685,0.13932638946056197
M2,mikl_gse173098,increase,mikl_gene:rorb,0.8333333333333333,0.34029411689229516,0.0,0.0,M0_geometry,0.6145833333333333,0.3977407336424389,0.0,0.5,0.21875,0.05744661675014373
M2,mikl_gse173098,increase,mikl_gene:rpl21,0.423728813559322,0.49370096634792027,0.0,0.0,M0_geometry,0.423728813559322,0.49370096634792027,0.0,0.5,0.0,0.0
M2,mikl_gse173098,increase,mikl_gene:rpl31,0.6000000000000001,0.3914216670707571,0.5,0.5,M0_geometry,0.6000000000000001,0.3914216670707571,0.0,0.0,0.0,0.0
M2,mikl_gse173098,increase,mikl_gene:rpl37,0.368421052631579,0.6651893897939487,0.0,0.0,M0_geometry,0.9210526315789473,0.27946311900480625,0.0,0.0,-0.5526315789473684,-0.38572627078914246
M2,mikl_gse173098,increase,mikl_gene:rps19,0.5625,0.4431477945545467,0.5,0.5,M0_geometry,0.75,0.2594193938486331,1.0,1.0,-0.1875,-0.18372840070591362
M2,mikl_gse173098,increase,mikl_gene:rps20,0.8055555555555556,0.2894173656662987,0.5,0.5,M0_geometry,0.5555555555555556,0.6738017367044509,0.0,0.0,0.25,0.38438437103815215
M2,mikl_gse173098,increase,mikl_gene:rps24,0.32142857142857145,0.5627158605123179,0.5,1.0,M0_geometry,0.6428571428571428,0.3480050445399876,0.5,0.5,-0.32142857142857134,-0.21471081597233033
M2,mikl_gse173098,increase,mikl_gene:rpsa,0.22857142857142854,0.6238937527968315,0.5,0.5,M0_geometry,0.5857142857142857,0.45987280293582666,0.0,0.5,-0.3571428571428572,-0.1640209498610048
M2,mikl_gse173098,increase,mikl_gene:rragb,0.5227272727272727,0.47539906680214505,0.0,0.0,M0_geometry,0.5,0.2265371966626096,0.5,0.5,0.022727272727272707,-0.24886187013953545
M2,mikl_gse173098,increase,mikl_gene:serbp1,0.503448275862069,0.5018747316799606,0.0,0.0,M0_geometry,0.503448275862069,0.5018747316799606,0.0,0.0,0.0,0.0
M2,mikl_gse173098,increase,mikl_gene:serhl,0.9375,0.00648536962344815,1.0,1.0,M0_geometry,0.75,0.36030050157095367,0.5,1.0,0.1875,0.3538151319475055
M2,mikl_gse173098,increase,mikl_gene:serpina3k,0.3,0.6938016551285313,0.5,1.0,M0_geometry,0.3,0.6938016551285313,1.0,1.0,0.0,0.0
M2,mikl_gse173098,increase,mikl_gene:serpine2,0.875,0.11091190631882034,0.5,1.0,M0_geometry,0.6875,0.20337466372678828,1.0,1.0,0.1875,0.09246275740796794
M2,mikl_gse173098,increase,mikl_gene:shank1,0.5068493150684932,0.4162220744905699,0.0,0.0,M0_geometry,0.547945205479452,0.2804363838569489,0.5,0.5,-0.041095890410958846,-0.135785690633621
M2,mikl_gse173098,increase,mikl_gene:shank3,0.7944444444444445,0.44347618463484234,0.0,0.5,M0_geometry,0.23888888888888887,0.6983201844960256,0.0,0.0,0.5555555555555556,0.2548439998611833
M2,mikl_gse173098,increase,mikl_gene:slamf7,0.2272727272727273,0.6109062094897171,0.0,0.5,M0_geometry,0.48484848484848486,0.5286573179747298,0.0,0.5,-0.25757575757575757,-0.08224889151498727
M2,mikl_gse173098,increase,mikl_gene:slc13a5,0.7758620689655172,0.4897247780327201,0.0,0.0,M0_geometry,0.5862068965517241,0.6440215775536464,0.5,1.0,0.18965517241379315,0.15429679952092634
M2,mikl_gse173098,increase,mikl_gene:slc17a7,0.46875,0.6501855292263352,0.5,0.5,M0_geometry,0.46875,0.6501855292263352,0.5,0.5,0.0,0.0
M2,mikl_gse173098,increase,mikl_gene:slc17a9,0.2692307692307692,0.5515988257928521,0.0,0.5,M0_geometry,0.2692307692307692,0.632322963998307,0.0,0.5,0.0,0.08072413820545488
M2,mikl_gse173098,increase,mikl_gene:slc22a15,0.6721311475409837,0.2830034992556318,0.5,0.5,M0_geometry,0.319672131147541,0.6962847017286133,0.0,0.0,0.3524590163934427,0.41328120247298156
M2,mikl_gse173098,increase,mikl_gene:slc23a1,0.4761904761904762,0.4552460907890038,0.0,0.5,M0_geometry,0.4761904761904762,0.4552460907890038,0.5,0.5,0.0,0.0
M2,mikl_gse173098,increase,mikl_gene:slc28a3,0.8833333333333333,0.15135943147036166,0.0,0.5,M0_geometry,0.7666666666666667,0.2384137868997352,0.0,0.0,0.11666666666666659,0.08705435542937354
M2,mikl_gse173098,increase,mikl_gene:slc7a11,0.43103448275862066,0.6237626412953567,0.0,0.0,M0_geometry,0.43103448275862066,0.6237626412953567,0.0,0.0,0.0,0.0
M2,mikl_gse173098,increase,mikl_gene:slfn8,0.5,0.44243174455829554,0.5,0.5,M0_geometry,0.49999999999999994,0.47145680069042406,0.0,0.5,5.551115123125783e-17,0.029025056132128524
M2,mikl_gse173098,increase,mikl_gene:snap91,0.3021978021978022,0.38913386862591937,0.0,0.0,M0_geometry,0.8021978021978022,0.24818407932883824,0.0,0.0,-0.5,-0.14094978929708113
M2,mikl_gse173098,increase,mikl_gene:sparc,0.9166666666666666,0.13479107290116135,0.5,0.5,M0_geometry,0.9166666666666666,0.13479107290116135,0.5,0.5,0.0,0.0
M2,mikl_gse173098,increase,mikl_gene:sptbn2,0.0,1.0,1.0,1.0,M0_geometry,0.0,1.0,1.0,1.0,0.0,0.0
M2,mikl_gse173098,increase,mikl_gene:srl,0.7105263157894737,0.44464999693324914,0.5,0.5,M0_geometry,0.6842105263157895,0.4514843331217395,0.0,0.0,0.02631578947368418,0.006834336188490386
M2,mikl_gse173098,increase,mikl_gene:sspn,0.1774193548387097,0.4749304171999797,0.0,0.5,M0_geometry,0.1774193548387097,0.4749304171999797,0.0,0.0,0.0,0.0
M2,mikl_gse173098,increase,mikl_gene:st6gal1,0.5116279069767442,0.4917510593188212,0.5,0.5,M0_geometry,0.5116279069767442,0.4917510593188212,0.5,0.5,0.0,0.0
M2,mikl_gse173098,increase,mikl_gene:syt15,0.20967741935483875,0.674231552045635,0.0,0.5,M0_geometry,0.43548387096774194,0.6883537601469581,0.5,0.5,-0.2258064516129032,0.014122208101323142
M2,mikl_gse173098,increase,mikl_gene:tagln,0.17647058823529416,0.5565333124564755,0.0,0.0,M0_geometry,0.8235294117647058,0.38648025076287584,0.0,0.0,-0.6470588235294117,-0.17005306169359968
M2,mikl_gse173098,increase,mikl_gene:tbcel,0.4676470588235294,0.5565364430610205,0.0,0.0,M0_geometry,0.3235294117647059,0.6497652678925103,0.0,0.0,0.14411764705882352,0.09322882483148986
M2,mikl_gse173098,increase,mikl_gene:tcte1,0.45,0.509355529862942,0.0,0.5,M0_geometry,0.55,0.43166082108992077,0.5,0.5,-0.10000000000000003,-0.0776947087730212
M2,mikl_gse173098,increase,mikl_gene:tfap2b,0.5444444444444445,0.7099583847905582,0.0,0.0,M0_geometry,0.5444444444444445,0.7099583847905582,0.5,0.5,0.0,0.0
M2,mikl_gse173098,increase,mikl_gene:tfg,0.5,0.5310917826487668,0.0,0.5,M0_geometry,0.425925925925926,0.5684972976989999,0.0,0.0,0.07407407407407401,0.03740551505023315
M2,mikl_gse173098,increase,mikl_gene:thbd,0.625,0.2975554618097944,0.5,0.5,M0_geometry,0.45833333333333337,0.3431893962853053,0.0,0.0,0.16666666666666663,0.045633934475510896
M2,mikl_gse173098,increase,mikl_gene:tirap,0.3548387096774193,0.5468632847069057,0.0,0.0,M0_geometry,0.5161290322580645,0.4730923637854687,0.0,0.0,-0.16129032258064518,-0.073770920921437
M2,mikl_gse173098,increase,mikl_gene:tmem242,0.85,0.14685287706270678,0.5,0.5,M0_geometry,0.6,0.4982780977054567,0.0,0.0,0.25,0.35142522064274995
M2,mikl_gse173098,increase,mikl_gene:tnfrsf19,0.9791666666666667,0.11092516546511817,1.0,1.0,M0_geometry,0.41666666666666663,0.6225824187100012,0.5,0.5,0.5625000000000001,0.511657253244883
M2,mikl_gse173098,increase,mikl_gene:tor4a,0.4444444444444445,0.5576042236209097,0.5,0.5,M0_geometry,0.4444444444444445,0.5576042236209097,0.5,0.5,0.0,0.0
M2,mikl_gse173098,increase,mikl_gene:tpmt,0.07142857142857145,0.8331405642856603,0.5,1.0,M0_geometry,0.07142857142857145,0.8331405642856603,0.5,1.0,0.0,0.0
M2,mikl_gse173098,increase,mikl_gene:tpt1,0.05555555555555558,0.7272583648045958,1.0,1.0,M0_geometry,0.3888888888888889,0.3209987530452405,0.0,0.0,-0.3333333333333333,-0.4062596117593553
M2,mikl_gse173098,increase,mikl_gene:trim56,0.06701030927835055,0.6701817521104169,0.0,0.0,M0_geometry,0.44845360824742264,0.5353093620886779,0.0,0.0,-0.3814432989690721,-0.134872390021739
M2,mikl_gse173098,increase,mikl_gene:trp63,0.4626865671641791,0.40226550718071274,0.0,0.5,M0_geometry,0.7611940298507462,0.33066480121572406,0.0,0.0,-0.29850746268656714,-0.07160070596498869
M2,mikl_gse173098,increase,mikl_gene:tulp1,0.0,1.0,1.0,1.0,M0_geometry,0.5,0.5694635138832331,1.0,1.0,-0.5,-0.43053648611676687
M2,mikl_gse173098,increase,mikl_gene:tusc3,0.7407407407407407,0.3404847550315629,0.0,0.5,M0_geometry,0.8518518518518519,0.18958428428095425,0.0,0.5,-0.11111111111111116,-0.15090047075060864
M2,mikl_gse173098,increase,mikl_gene:ube2m,0.2,0.7473940794155842,0.5,0.5,M0_geometry,0.7,0.4894708237538571,0.5,0.5,-0.49999999999999994,-0.25792325566172714
M2,mikl_gse173098,increase,mikl_gene:unc5c,0.78551912568306,0.24210866717412868,0.0,0.0,M0_geometry,0.674863387978142,0.3120734740165597,0.0,0.0,0.11065573770491799,0.06996480684243103
M2,mikl_gse173098,increase,mikl_gene:uqcrq,0.6875,0.29228946990312576,0.5,0.5,M0_geometry,0.6875,0.29228946990312576,0.5,0.5,0.0,0.0
M2,mikl_gse173098,increase,mikl_gene:vangl1,0.9519230769230769,0.28138618770049306,0.0,0.0,M0_geometry,0.5288461538461537,0.4995967400417246,0.0,0.0,0.42307692307692313,0.21821055234123155
M2,mikl_gse173098,increase,mikl_gene:vapb,0.6000000000000001,0.3564004142548315,0.0,0.0,M0_geometry,0.25471698113207547,0.41542515430542093,0.0,0.0,0.3452830188679246,0.05902474005058944
M2,mikl_gse173098,increase,mikl_gene:vav3,0.4,0.7269281313126311,0.0,0.5,M0_geometry,0.4,0.7269281313126311,0.0,0.5,0.0,0.0
M2,mikl_gse173098,increase,mikl_gene:vma21,0.8476394849785407,0.4559507352964724,0.0,0.0,M0_geometry,0.33690987124463523,0.651797312190298,0.0,0.0,0.5107296137339055,0.19584657689382562
M2,mikl_gse173098,increase,mikl_gene:wdr31,0.8928571428571428,0.06217305889432163,0.5,0.5,M0_geometry,0.5357142857142857,0.18023232981007142,0.5,0.5,0.3571428571428571,0.1180592709157498
M2,mikl_gse173098,increase,mikl_gene:zbtb20,0.9209770114942528,0.3468169196444517,0.0,0.0,M0_geometry,0.46264367816091956,0.4599689093147986,0.0,0.0,0.45833333333333326,0.1131519896703469
M2,mikl_gse173098,increase,mikl_gene:zfhx3,0.553921568627451,0.5468305865106075,0.0,0.5,M0_geometry,0.8137254901960784,0.48690649823641347,0.0,0.0,-0.2598039215686274,-0.05992408827419399
M2,mikl_gse173098,increase,mikl_gene:zscan20,0.5833333333333333,0.518854915971162,0.0,0.5,M0_geometry,0.5357142857142857,0.5505566561364461,0.5,0.5,0.04761904761904756,0.031701740165284154
M2,moffatt_gse334718,decrease,moffatt_parent_sequence:139c4882daa7dfbf012c1a463d21076843e8e7d35ee52912c4dc135d78c1bdef,0.7010705191591207,0.24468314068187427,0.2857142857142857,0.2857142857142857,M0_geometry,0.5726458025496806,0.4393005807331002,0.2857142857142857,0.2857142857142857,0.1284247166094401,0.19461744005122592
M2,moffatt_gse334718,decrease,moffatt_parent_sequence:36e73539d1acd4413e3e1072562098393ce68280e289b4e966e985a09a34ac5f,0.8868679951781343,0.1842417462294685,0.14285714285714285,0.42857142857142855,M0_geometry,0.8584618863923055,0.18617853003320986,0.14285714285714285,0.5714285714285714,0.028406108785828832,0.0019367838037413487
M2,moffatt_gse334718,decrease,moffatt_parent_sequence:45ec1d64039db0d8b56d704e14c7a76e3729d447f8dc0b19cf0e854517e5ed8d,0.8681180304720695,0.15177672294542413,0.6,0.6,M0_geometry,0.7793816107898174,0.21712912765604778,0.3,0.3,0.0887364196822521,0.06535240471062365
M2,moffatt_gse334718,decrease,moffatt_parent_sequence:572aefff72c0c5ebef579dab97cd510a0daaf1f661477a6c0c7da11ea8b145ee,0.6633230040889645,0.2875869049720213,0.2222222222222222,0.3333333333333333,M0_geometry,0.699947915506506,0.2861571941290188,0.1111111111111111,0.2222222222222222,-0.03662491141754154,-0.001429710843002474
M2,moffatt_gse334718,decrease,moffatt_parent_sequence:71717d67de00792da52084974f2481e99d5aee74258ae7426800cc5b7aa44393,0.626507579673068,0.30016897840257567,0.14285714285714285,0.2857142857142857,M0_geometry,0.5941222802383693,0.29904679494840203,0.2857142857142857,0.2857142857142857,0.0323852994346987,-0.001122183454173642
M2,moffatt_gse334718,decrease,moffatt_parent_sequence:71b017fc3704c0a72626c909e1055d0dec5dc20d0b9a0142f93d196c4ea6c651,0.9966044142614601,0.009620985014153776,1.0,1.0,M0_geometry,0.9966044142614601,0.009620985014153776,1.0,1.0,0.0,0.0
M2,moffatt_gse334718,decrease,moffatt_parent_sequence:a99e16ae7c3711f8ed155495b69998e0a7ca017d377e53a2aaaa28b9fe672e89,0.8714709474596706,0.16638025608479054,0.5555555555555556,0.5555555555555556,M0_geometry,0.890952456951502,0.18691342102446123,0.2222222222222222,0.5555555555555556,-0.019481509491831472,0.020533164939670695
M2,moffatt_gse334718,decrease,moffatt_parent_sequence:ebeaf12933f759f1472b6be1caeb911d7e9c703616cc2179a4826077ebc2145a,0.25,0.28122058589288323,0.0,0.0,M0_geometry,0.34375,0.26564048521998374,0.0,0.0,-0.09375,-0.0155801006728995
M2,moffatt_gse334718,increase,moffatt_parent_sequence:139c4882daa7dfbf012c1a463d21076843e8e7d35ee52912c4dc135d78c1bdef,0.6725661303324527,0.44615939515007497,0.0,0.0,M0_geometry,0.8032464257744701,0.4828855398572628,0.0,0.0,-0.13068029544201742,0.036726144707187824
M2,moffatt_gse334718,increase,moffatt_parent_sequence:36e73539d1acd4413e3e1072562098393ce68280e289b4e966e985a09a34ac5f,0.6396166256965164,0.5235692739765436,0.0,0.0,M0_geometry,0.6225578087746307,0.5026197033121969,0.0,0.0,0.01705881692188571,-0.020949570664346773
M2,moffatt_gse334718,increase,moffatt_parent_sequence:45ec1d64039db0d8b56d704e14c7a76e3729d447f8dc0b19cf0e854517e5ed8d,0.6520228052177585,0.47866438203227457,0.0,0.0,M0_geometry,0.7375515046030037,0.4160947904996976,0.1,0.1,-0.08552869938524521,-0.06256959153257696
M2,moffatt_gse334718,increase,moffatt_parent_sequence:572aefff72c0c5ebef579dab97cd510a0daaf1f661477a6c0c7da11ea8b145ee,0.6810968476899377,0.5205082715460627,0.0,0.0,M0_geometry,0.6113221886247983,0.5273429886384966,0.0,0.1111111111111111,0.06977465906513947,0.006834717092433884
M2,moffatt_gse334718,increase,moffatt_parent_sequence:71717d67de00792da52084974f2481e99d5aee74258ae7426800cc5b7aa44393,0.5071086623152491,0.6412767964233109,0.14285714285714285,0.14285714285714285,M0_geometry,0.49234471787359385,0.6474854925808672,0.0,0.0,0.014763944441655241,0.006208696157556259
M2,moffatt_gse334718,increase,moffatt_parent_sequence:71b017fc3704c0a72626c909e1055d0dec5dc20d0b9a0142f93d196c4ea6c651,0.2597623089983022,0.4842368871756416,0.0,0.0,M0_geometry,0.33276740237691005,0.46349121652474967,0.0,0.0,-0.07300509337860783,-0.020745670650891945
M2,moffatt_gse334718,increase,moffatt_parent_sequence:a99e16ae7c3711f8ed155495b69998e0a7ca017d377e53a2aaaa28b9fe672e89,0.628423225865281,0.4486392944041444,0.1111111111111111,0.1111111111111111,M0_geometry,0.7030563096310531,0.3871956115654679,0.1111111111111111,0.1111111111111111,-0.07463308376577216,-0.06144368283867652
M2,moffatt_gse334718,increase,moffatt_parent_sequence:ebeaf12933f759f1472b6be1caeb911d7e9c703616cc2179a4826077ebc2145a,0.15625,0.8356362680872341,0.0,0.0,M0_geometry,0.15625,0.8356362680872341,0.0,0.0,0.0,0.0
M2,tdp43_gse288185,decrease,tdp_gene:ENSMUSG00000004113,1.0,0.0,1.0,1.0,M0_geometry,0.9798206278026906,0.35877729350864795,0.0,0.0,0.020179372197309364,0.35877729350864795
M2,tdp43_gse288185,decrease,tdp_gene:ENSMUSG00000022095,0.8489795918367347,0.45413233048461404,0.0,0.0,M0_geometry,0.8408163265306122,0.4671939418044128,0.0,0.0,0.008163265306122436,0.013061611319798772
M2,tdp43_gse288185,decrease,tdp_gene:ENSMUSG00000028439,0.9240506329113924,0.5250506673649492,0.0,0.0,M0_geometry,0.8734177215189873,0.565718804195245,0.0,0.0,0.05063291139240511,0.0406681368302958
M2,tdp43_gse288185,decrease,tdp_gene:ENSMUSG00000029028,0.8092485549132948,0.33701759417908916,0.0,0.0,M0_geometry,0.8092485549132948,0.33701759417908916,0.0,0.0,0.0,0.0
M2,tdp43_gse288185,decrease,tdp_gene:ENSMUSG00000029636,0.762962962962963,0.48735673793972156,0.0,0.0,M0_geometry,0.0888888888888889,0.7444102852501282,0.0,0.0,0.674074074074074,0.25705354731040664
M2,tdp43_gse288185,decrease,tdp_gene:ENSMUSG00000031028,0.8997912317327766,0.3985606785545422,0.0,0.0,M0_geometry,0.8058455114822547,0.44937362606924036,0.0,0.0,0.09394572025052195,0.05081294751469817
M2,tdp43_gse288185,decrease,tdp_gene:ENSMUSG00000032194,0.9554455445544554,0.15286432217342077,1.0,1.0,M0_geometry,0.35148514851485146,0.7862338289676425,0.0,0.0,0.6039603960396039,0.6333695067942218
M2,tdp43_gse288185,decrease,tdp_gene:ENSMUSG00000034801,0.30612244897959184,0.62172032827878,0.0,0.0,M0_geometry,0.826530612244898,0.35659243742005164,0.0,0.0,-0.5204081632653061,-0.26512789085872834
M2,tdp43_gse288185,decrease,tdp_gene:ENSMUSG00000035202,0.30952380952380953,0.5827103777755701,0.0,0.0,M0_geometry,0.3214285714285714,0.5785933630532726,0.0,0.0,-0.011904761904761862,-0.0041170147222975295
M2,tdp43_gse288185,decrease,tdp_gene:ENSMUSG00000035279,0.15094339622641506,0.6731244267095428,0.0,0.0,M0_geometry,1.0,0.0,1.0,1.0,-0.8490566037735849,-0.6731244267095428
M2,tdp43_gse288185,decrease,tdp_gene:ENSMUSG00000038916,0.4,0.2606299957939512,1.0,1.0,M0_geometry,0.6,0.18625731196018766,1.0,1.0,-0.19999999999999996,-0.07437268383376353
M2,tdp43_gse288185,decrease,tdp_gene:ENSMUSG00000042529,0.718562874251497,0.6500317535796508,0.0,0.0,M0_geometry,0.9251497005988024,0.5521609218336399,0.0,0.0,-0.2065868263473054,-0.09787083174601097
M2,tdp43_gse288185,decrease,tdp_gene:ENSMUSG00000043670,0.9566787003610109,0.07660499377505624,1.0,1.0,M0_geometry,0.6028880866425993,0.9037808033300748,0.0,0.0,0.3537906137184116,0.8271758095550186
M2,tdp43_gse288185,decrease,tdp_gene:ENSMUSG00000058297,0.8389610389610389,0.7572373323395613,0.0,0.0,M0_geometry,0.8753246753246753,0.707573223619292,0.0,0.0,-0.036363636363636376,-0.04966410872026927
M2,tdp43_gse288185,decrease,tdp_gene:ENSMUSG00000061578,0.7611181702668361,0.6603795760675033,0.0,0.0,M0_geometry,0.7611181702668361,0.6603795760675033,0.0,0.0,0.0,0.0
M2,tdp43_gse288185,decrease,tdp_gene:ENSMUSG00000090935,0.148989898989899,0.6668123830135634,0.0,0.0,M0_geometry,0.33838383838383834,0.6132501297368078,0.0,0.0,-0.18939393939393934,-0.05356225327675557
M2,tdp43_gse288185,increase,tdp_gene:ENSMUSG00000004113,0.3430493273542601,0.31270823560309097,0.0,0.0,M0_geometry,0.29147982062780264,0.32332292696359216,0.0,0.0,0.05156950672645744,0.010614691360501194
M2,tdp43_gse288185,increase,tdp_gene:ENSMUSG00000022095,0.43265306122448977,0.10650975337492741,1.0,1.0,M0_geometry,0.8938775510204082,0.049097484818310416,1.0,1.0,-0.46122448979591846,-0.05741226855661699
M2,tdp43_gse288185,increase,tdp_gene:ENSMUSG00000028439,0.7088607594936709,0.3745459117638978,0.0,0.0,M0_geometry,0.3481012658227848,0.38825789683811973,0.0,0.0,0.3607594936708861,0.013711985074221944
M2,tdp43_gse288185,increase,tdp_gene:ENSMUSG00000029028,0.8439306358381503,0.06704314234350493,1.0,1.0,M0_geometry,0.9364161849710982,0.04348618651952153,1.0,1.0,-0.09248554913294793,-0.0235569558239834
M2,tdp43_gse288185,increase,tdp_gene:ENSMUSG00000029636,0.2518518518518519,0.5095948286385539,0.0,0.0,M0_geometry,0.674074074074074,0.38501248499893864,0.0,0.0,-0.42222222222222217,-0.12458234363961523
M2,tdp43_gse288185,increase,tdp_gene:ENSMUSG00000031028,0.5720250521920668,0.4323520399304878,0.0,0.0,M0_geometry,0.732776617954071,0.3870153898564081,0.0,0.0,-0.16075156576200422,-0.04533665007407972
M2,tdp43_gse288185,increase,tdp_gene:ENSMUSG00000032194,0.6138613861386139,0.22023573879755387,0.0,0.0,M0_geometry,0.806930693069307,0.19421880198347227,0.0,1.0,-0.19306930693069313,-0.026016936814081598
M2,tdp43_gse288185,increase,tdp_gene:ENSMUSG00000034801,0.8163265306122449,0.32920092024620307,0.0,0.0,M0_geometry,0.8163265306122449,0.32920092024620307,0.0,0.0,0.0,0.0
M2,tdp43_gse288185,increase,tdp_gene:ENSMUSG00000035202,0.5357142857142857,0.4967095320932047,0.0,0.0,M0_geometry,0.5357142857142857,0.4967095320932047,0.0,0.0,0.0,0.0
M2,tdp43_gse288185,increase,tdp_gene:ENSMUSG00000035279,0.6981132075471699,0.4658403343125748,0.0,0.0,M0_geometry,0.6603773584905661,0.5131427182862321,0.0,0.0,0.037735849056603765,0.047302383973657325
M2,tdp43_gse288185,increase,tdp_gene:ENSMUSG00000038916,0.8,0.3514876106830882,1.0,1.0,M0_geometry,0.19999999999999996,0.9419919193789744,0.0,1.0,0.6000000000000001,0.5905043086958862
M2,tdp43_gse288185,increase,tdp_gene:ENSMUSG00000042529,0.6736526946107784,0.31016623134885174,0.0,0.0,M0_geometry,0.23952095808383234,0.35638612101889616,0.0,0.0,0.43413173652694603,0.04621988967004442
M2,tdp43_gse288185,increase,tdp_gene:ENSMUSG00000043670,0.9602888086642599,0.04544094880735258,1.0,1.0,M0_geometry,0.9783393501805054,0.040629563307894634,1.0,1.0,-0.018050541516245522,-0.004811385499457949
M2,tdp43_gse288185,increase,tdp_gene:ENSMUSG00000058297,0.5532467532467533,0.13896149951233,0.0,0.0,M0_geometry,0.5194805194805194,0.14091901511436436,0.0,0.0,0.03376623376623389,0.00195751560203436
M2,tdp43_gse288185,increase,tdp_gene:ENSMUSG00000061578,0.28081321473951715,0.32859854340829886,0.0,0.0,M0_geometry,0.02287166454891998,0.6514301368538886,0.0,0.0,0.25794155019059717,0.32283159344558976
M2,tdp43_gse288185,increase,tdp_gene:ENSMUSG00000090935,0.6742424242424243,0.3840207579611943,0.0,0.0,M0_geometry,0.21464646464646464,0.4875768197361921,0.0,0.0,0.45959595959595967,0.10355606177499782
M3,mikl_gse173098,decrease,mikl_gene:2810459m11rik,0.6923076923076923,0.3247365176631169,0.0,0.0,M0_geometry,0.0,1.0,0.0,0.0,0.6923076923076923,0.675263482336883
M3,mikl_gse173098,decrease,mikl_gene:9130008f23rik,0.11764705882352944,0.6729445137791408,0.5,0.5,M0_geometry,0.6176470588235294,0.40698505047498335,0.5,0.5,-0.5,-0.26595946330415743
M3,mikl_gse173098,decrease,mikl_gene:a630089n07rik,0.34090909090909094,0.814125162852121,0.0,0.0,M0_geometry,0.40909090909090906,0.7236190530370252,0.0,0.5,-0.06818181818181812,-0.09050610981509577
M3,mikl_gse173098,decrease,mikl_gene:abhd17a,0.25,0.5368377494184587,0.0,1.0,M0_geometry,0.5,0.5,0.5,1.0,-0.25,-0.03683774941845874
M3,mikl_gse173098,decrease,mikl_gene:abi1,0.8661417322834646,0.41496603968545764,0.0,0.0,M0_geometry,0.9015748031496063,0.40681382377894415,0.0,0.0,-0.03543307086614167,-0.008152215906513494
M3,mikl_gse173098,decrease,mikl_gene:acnat2,0.5,0.5870455613342428,0.0,1.0,M0_geometry,0.625,0.5846812411634855,0.0,1.0,-0.125,-0.0023643201707572725
M3,mikl_gse173098,decrease,mikl_gene:aco2,0.625,0.32472292364034233,0.5,0.5,M0_geometry,0.625,0.32472292364034233,0.5,0.5,0.0,0.0
M3,mikl_gse173098,decrease,mikl_gene:actb,0.39999999999999997,0.2930592755593191,1.0,1.0,M0_geometry,0.75,0.10499467592335106,0.5,0.5,-0.35000000000000003,-0.18806459963596805
M3,mikl_gse173098,decrease,mikl_gene:adamts18,0.26543209876543217,0.6043154441479972,0.0,0.0,M0_geometry,0.29012345679012347,0.4909075542699012,0.0,0.0,-0.0246913580246913,-0.11340788987809602
M3,mikl_gse173098,decrease,mikl_gene:adap2,0.4375,0.5906007818437189,0.0,0.5,M0_geometry,0.75,0.2150761179198268,0.5,0.5,-0.3125,-0.37552466392389205
M3,mikl_gse173098,decrease,mikl_gene:agtrap,0.5757575757575757,0.5646047616395878,0.0,0.0,M0_geometry,0.3939393939393939,0.6132585798005914,0.0,0.0,0.18181818181818177,0.04865381816100356
M3,mikl_gse173098,decrease,mikl_gene:ankef1,0.5769230769230769,0.403059219169397,0.0,0.0,M0_geometry,0.5576923076923077,0.4332014782336593,0.0,0.0,0.019230769230769162,0.030142259064262267
M3,mikl_gse173098,decrease,mikl_gene:aqp4,0.4852941176470588,0.5825512594615345,0.0,0.0,M0_geometry,0.47058823529411764,0.6793117573722499,0.0,0.0,0.01470588235294118,0.09676049791071539
M3,mikl_gse173098,decrease,mikl_gene:arc,0.64,0.8338451169433676,0.0,0.0,M0_geometry,0.56,0.8387482861004423,0.0,0.0,0.07999999999999996,0.004903169157074672
M3,mikl_gse173098,decrease,mikl_gene:arhgap31,0.36666666666666664,0.6061627474666671,0.0,0.0,M0_geometry,0.4,0.5929452241959106,0.0,0.0,-0.03333333333333338,-0.013217523270756537
M3,mikl_gse173098,decrease,mikl_gene:arid2,0.24367088607594933,0.6278365519287067,0.0,0.0,M0_geometry,0.5031645569620253,0.5733261515613275,0.0,0.0,-0.259493670886076,-0.0545104003673792
M3,mikl_gse173098,decrease,mikl_gene:arpc1b,0.021739130434782594,0.8312572295665535,0.0,0.0,M0_geometry,0.21739130434782605,0.5255759511170637,0.0,0.0,-0.19565217391304346,-0.3056812784494898
M3,mikl_gse173098,decrease,mikl_gene:atp5j2,0.7,0.22488967147227923,0.0,0.5,M0_geometry,0.3,0.6403906441784426,0.0,0.5,0.39999999999999997,0.4155009727061634
M3,mikl_gse173098,decrease,mikl_gene:bdnf,0.5643564356435643,0.5081674353610501,0.0,0.0,M0_geometry,0.2574257425742574,0.6585228107360881,0.0,0.5,0.3069306930693069,0.15035537537503796
M3,mikl_gse173098,decrease,mikl_gene:brsk1,0.38095238095238093,0.6591687644911571,0.0,0.0,M0_geometry,0.4523809523809524,0.6526951436653883,0.0,0.0,-0.07142857142857145,-0.0064736208257688554
M3,mikl_gse173098,decrease,mikl_gene:c130026i21rik,0.2,0.6799808375092897,0.5,1.0,M0_geometry,0.95,0.21168133267089798,0.5,1.0,-0.75,-0.4682995048383918
M3,mikl_gse173098,decrease,mikl_gene:calm1,0.5444444444444445,0.424274013908382,0.0,0.0,M0_geometry,0.2888888888888889,0.5183091593859885,0.0,0.0,0.2555555555555556,0.09403514547760655
M3,mikl_gse173098,decrease,mikl_gene:camk2a,0.3525179856115108,0.6298613849461244,0.0,0.0,M0_geometry,0.3525179856115108,0.6298613849461244,0.0,0.0,0.0,0.0
M3,mikl_gse173098,decrease,mikl_gene:ccdc141,0.45999999999999996,0.5415400508810337,0.0,0.0,M0_geometry,0.39999999999999997,0.56746836547846,0.0,0.0,0.06,0.025928314597426283
M3,mikl_gse173098,decrease,mikl_gene:ccnd1,0.7416666666666667,0.49030314084313287,0.5,1.0,M0_geometry,0.42916666666666664,0.6084019683293438,0.5,0.5,0.31250000000000006,0.11809882748621092
M3,mikl_gse173098,decrease,mikl_gene:ccnd2,0.40476190476190477,0.45342547424969964,0.0,0.5,M0_geometry,0.2619047619047619,0.5098886328702669,0.0,0.0,0.14285714285714285,0.05646315862056722
M3,mikl_gse173098,decrease,mikl_gene:ccni,0.7222222222222222,0.40263553232286214,1.0,1.0,M0_geometry,0.3888888888888889,0.8491179153687269,0.5,0.5,0.3333333333333333,0.4464823830458648
M3,mikl_gse173098,decrease,mikl_gene:cd84,0.47959183673469385,0.40181003770247603,0.0,0.0,M0_geometry,0.5816326530612246,0.38370571565963363,0.0,0.5,-0.10204081632653073,-0.018104322042842402
M3,mikl_gse173098,decrease,mikl_gene:cdc42,0.890728476821192,0.45002217011544376,0.0,0.0,M0_geometry,0.5596026490066225,0.5848241943781853,0.0,0.0,0.33112582781456956,0.13480202426274157
M3,mikl_gse173098,decrease,mikl_gene:cdk15,0.5454545454545454,0.5227664283224781,0.5,0.5,M0_geometry,0.18181818181818177,0.6970476749070902,0.0,0.0,0.36363636363636365,0.17428124658461208
M3,mikl_gse173098,decrease,mikl_gene:chmp3,0.5454545454545454,0.4493459073209758,0.0,0.0,M0_geometry,0.43636363636363634,0.5979179042871456,0.0,0.0,0.10909090909090907,0.14857199696616985
M3,mikl_gse173098,decrease,mikl_gene:chrdl1,0.040816326530612235,0.8151057843267282,0.0,0.0,M0_geometry,0.3673469387755102,0.623916321563882,0.0,0.0,-0.326530612244898,-0.1911894627628462
M3,mikl_gse173098,decrease,mikl_gene:cnot6l,0.5181818181818182,0.5639489340863252,0.0,0.0,M0_geometry,0.4409090909090909,0.5840727708849107,0.0,0.0,0.07727272727272727,0.020123836798585537
M3,mikl_gse173098,decrease,mikl_gene:cntn2,0.2948717948717949,0.5436616063958302,0.0,0.0,M0_geometry,0.2948717948717949,0.5314658762083243,0.0,0.0,0.0,-0.01219573018750586
M3,mikl_gse173098,decrease,mikl_gene:col1a1,0.43749999999999994,0.5181953390893729,0.0,0.0,M0_geometry,0.27083333333333337,0.6864193427116908,0.0,0.0,0.16666666666666657,0.16822400362231793
M3,mikl_gse173098,decrease,mikl_gene:col27a1,0.4423076923076923,0.4177893696014938,0.0,0.5,M0_geometry,0.10576923076923073,0.5780423638927232,0.0,0.0,0.33653846153846156,0.1602529942912294
M3,mikl_gse173098,decrease,mikl_gene:col8a1,0.0625,0.9085689836932791,0.0,1.0,M0_geometry,0.6875,0.43005816286841614,0.0,0.0,-0.625,-0.47851082082486296
M3,mikl_gse173098,decrease,mikl_gene:colec12,0.39473684210526316,0.612774384164911,0.0,0.0,M0_geometry,0.2781954887218045,0.6542885280762132,0.0,0.0,0.11654135338345867,0.04151414391130215
M3,mikl_gse173098,decrease,mikl_gene:cox8a,0.5,0.38135480378157305,0.0,0.5,M0_geometry,0.09999999999999998,0.7173470276878489,0.5,1.0,0.4,0.3359922239062758
M3,mikl_gse173098,decrease,mikl_gene:cplx2,0.7073170731707317,0.5086493903831313,0.0,0.0,M0_geometry,0.6341463414634146,0.5066851668130502,0.0,0.0,0.07317073170731703,-0.0019642235700810806
M3,mikl_gse173098,decrease,mikl_gene:ctdspl2,0.44999999999999996,0.7014664747699391,0.0,0.5,M0_geometry,0.15000000000000002,0.8195669551314367,0.5,0.5,0.29999999999999993,0.11810048036149767
M3,mikl_gse173098,decrease,mikl_gene:cyp26b1,0.3656716417910448,0.7263968543757335,0.0,0.5,M0_geometry,0.6417910447761195,0.6297384589409039,0.0,0.0,-0.2761194029850747,-0.09665839543482968
M3,mikl_gse173098,decrease,mikl_gene:dcdc2a,0.25490196078431376,0.7535245989711683,0.0,0.0,M0_geometry,0.5588235294117647,0.4365835570220714,0.0,0.0,-0.30392156862745096,-0.3169410419490969
M3,mikl_gse173098,decrease,mikl_gene:ddx58,0.5555555555555556,0.41599510494714054,0.5,1.0,M0_geometry,0.4444444444444445,0.35146778463126405,1.0,1.0,0.1111111111111111,-0.06452732031587649
M3,mikl_gse173098,decrease,mikl_gene:disp2,0.2884615384615385,0.6644989927501816,0.5,0.5,M0_geometry,0.4487179487179487,0.6100986112153461,0.0,0.5,-0.1602564102564102,-0.05440038153483551
M3,mikl_gse173098,decrease,mikl_gene:dlg4,0.740648379052369,0.5436110134857631,0.0,0.0,M0_geometry,0.841645885286783,0.5187906254378278,0.0,0.0,-0.10099750623441395,-0.024820388047935293
M3,mikl_gse173098,decrease,mikl_gene:dock8,0.8846153846153846,0.3360936707606583,0.5,0.5,M0_geometry,0.8846153846153846,0.3360936707606583,0.5,0.5,0.0,0.0
M3,mikl_gse173098,decrease,mikl_gene:dtx3l,0.8648648648648649,0.27882056923135984,0.5,0.5,M0_geometry,0.28378378378378377,0.7574863270170688,0.0,1.0,0.5810810810810811,0.4786657577857089
M3,mikl_gse173098,decrease,mikl_gene:dusp18,0.71875,0.5338196104717907,0.0,1.0,M0_geometry,0.71875,0.5338196104717907,0.0,0.0,0.0,0.0
M3,mikl_gse173098,decrease,mikl_gene:ebf1,0.8444444444444444,0.44025625340837526,0.0,0.5,M0_geometry,0.8444444444444444,0.44025625340837526,0.0,0.5,0.0,0.0
M3,mikl_gse173098,decrease,mikl_gene:eef2,0.3333333333333333,0.7821232724256377,0.0,0.5,M0_geometry,0.6666666666666667,0.5430773628021677,0.0,0.5,-0.3333333333333334,-0.23904590962347005
M3,mikl_gse173098,decrease,mikl_gene:egf,0.9891304347826086,0.15414813092917723,0.5,0.5,M0_geometry,0.5434782608695652,0.5184310778940527,0.0,0.0,0.44565217391304346,0.3642829469648755
M3,mikl_gse173098,decrease,mikl_gene:eif3f,0.5249999999999999,0.5258333758749762,0.5,0.5,M0_geometry,0.6,0.27477282232320016,0.5,0.5,-0.07500000000000007,-0.2510605535517761
M3,mikl_gse173098,decrease,mikl_gene:ern1,0.34523809523809523,0.531437415485259,0.0,0.0,M0_geometry,0.32142857142857145,0.5503894594140957,0.0,0.0,0.02380952380952378,0.018952043928836648
M3,mikl_gse173098,decrease,mikl_gene:esr1,0.37931034482758624,0.39132165822441983,0.0,0.0,M0_geometry,0.0,1.0,0.0,1.0,0.37931034482758624,0.6086783417755801
M3,mikl_gse173098,decrease,mikl_gene:exo1,0.5569620253164558,0.6089958692064757,0.0,0.5,M0_geometry,0.3481012658227848,0.6628509417039516,0.0,0.0,0.208860759493671,0.0538550724974759
M3,mikl_gse173098,decrease,mikl_gene:fgf13,0.05555555555555558,0.982684064009876,0.5,0.5,M0_geometry,0.5555555555555556,0.4762111969299583,0.5,0.5,-0.5,-0.5064728670799177
M3,mikl_gse173098,decrease,mikl_gene:fgf3,0.4444444444444445,0.549918263468043,0.0,0.0,M0_geometry,0.7592592592592593,0.3082086180301921,0.5,0.5,-0.3148148148148148,-0.24170964543785084
M3,mikl_gse173098,decrease,mikl_gene:foxp2,0.5573770491803278,0.47349390729753815,0.0,0.5,M0_geometry,0.4262295081967213,0.49792539328790875,0.0,0.5,0.13114754098360654,0.024431485990370594
M3,mikl_gse173098,decrease,mikl_gene:gabra4,0.28125,0.724774190513963,0.0,1.0,M0_geometry,0.6875,0.33547217155908754,0.5,0.5,-0.40625,-0.38930201895487543
M3,mikl_gse173098,decrease,mikl_gene:gbp7,0.27450980392156865,0.5283696902305449,0.0,0.0,M0_geometry,0.19607843137254904,0.579499580560084,0.0,0.0,0.0784313725490196,0.051129890329539074
M3,mikl_gse173098,decrease,mikl_gene:gli3,0.25,0.7332389672170907,0.0,0.0,M0_geometry,0.3888888888888889,0.8146926910856146,0.0,0.5,-0.1388888888888889,0.0814537238685239
M3,mikl_gse173098,decrease,mikl_gene:gpc6,0.5416666666666667,0.60440930302603,0.0,0.0,M0_geometry,0.5416666666666667,0.60440930302603,0.5,0.5,0.0,0.0
M3,mikl_gse173098,decrease,mikl_gene:gpr17,0.7285714285714286,0.5135477132480449,0.0,0.0,M0_geometry,0.7000000000000001,0.5487079557984047,0.0,0.0,0.02857142857142858,0.035160242550359766
M3,mikl_gse173098,decrease,mikl_gene:gpr35,0.6944444444444444,0.35191097537497884,0.0,0.0,M0_geometry,0.16666666666666663,0.7894428547177421,0.5,0.5,0.5277777777777778,0.4375318793427633
M3,mikl_gse173098,decrease,mikl_gene:grin1,0.6,0.3148866215778697,0.5,0.5,M0_geometry,0.9333333333333333,0.053718082409082504,0.5,0.5,-0.33333333333333337,-0.2611685391687872
M3,mikl_gse173098,decrease,mikl_gene:gstm1,0.5,0.5,0.5,1.0,M0_geometry,0.375,0.5755882679961979,0.5,1.0,0.125,0.07558826799619789
M3,mikl_gse173098,decrease,mikl_gene:hic2,0.19387755102040816,0.5023318078734936,0.0,0.5,M0_geometry,0.19387755102040816,0.5023318078734936,0.0,1.0,0.0,0.0
M3,mikl_gse173098,decrease,mikl_gene:hpcal4,0.5465116279069767,0.3217518720690389,0.5,0.5,M0_geometry,0.9534883720930233,0.11729147401976203,0.5,0.5,-0.40697674418604657,-0.20446039804927685
M3,mikl_gse173098,decrease,mikl_gene:ids,0.2608695652173913,0.7737956752857473,0.0,0.0,M0_geometry,0.13043478260869568,0.8532004844681949,0.0,0.0,0.13043478260869562,0.07940480918244752
M3,mikl_gse173098,decrease,mikl_gene:invs,0.925,0.4883693494394315,0.0,0.0,M0_geometry,0.7625,0.5925939883937543,0.5,0.5,0.1625000000000001,0.10422463895432282
M3,mikl_gse173098,decrease,mikl_gene:itga1,0.5625,0.4548211569311953,0.0,0.5,M0_geometry,0.8046875,0.2834075236912117,0.5,0.5,-0.2421875,-0.1714136332399836
M3,mikl_gse173098,decrease,mikl_gene:itga4,0.6499999999999999,0.6303876676716758,0.0,0.0,M0_geometry,0.625,0.6899787088439989,0.0,0.0,0.02499999999999991,0.05959104117232317
M3,mikl_gse173098,decrease,mikl_gene:itpr2,0.3888888888888889,0.5160870511130223,0.0,0.0,M0_geometry,0.05555555555555558,0.7495058572204607,0.0,0.0,0.3333333333333333,0.23341880610743837
M3,mikl_gse173098,decrease,mikl_gene:jund,0.5833333333333334,0.2916308056094989,0.5,0.5,M0_geometry,0.5416666666666666,0.4759594756340786,0.5,1.0,0.04166666666666674,0.1843286700245797
M3,mikl_gse173098,decrease,mikl_gene:kcna6,0.36486486486486486,0.5787945804408525,0.0,0.0,M0_geometry,0.6216216216216217,0.48870653140169973,0.0,0.0,-0.25675675675675685,-0.0900880490391528
M3,mikl_gse173098,decrease,mikl_gene:kcng3,0.5625,0.40540543285437863,0.5,0.5,M0_geometry,0.375,0.577963404768112,0.0,0.0,0.1875,0.1725579719137334
M3,mikl_gse173098,decrease,mikl_gene:kcnq5,0.6081081081081081,0.5551985454546783,0.0,0.0,M0_geometry,0.14864864864864863,0.7995430787699684,0.0,0.0,0.4594594594594595,0.24434453331529016
M3,mikl_gse173098,decrease,mikl_gene:kctd4,0.34615384615384615,0.48197938387533723,0.0,0.0,M0_geometry,0.5,0.4063446687535091,0.0,0.0,-0.15384615384615385,-0.07563471512182812
M3,mikl_gse173098,decrease,mikl_gene:kif1a,0.6799999999999999,0.508224377475065,0.0,0.0,M0_geometry,0.79,0.4392070650637667,0.0,0.0,-0.1100000000000001,-0.06901731241129827
M3,mikl_gse173098,decrease,mikl_gene:kif5c,0.3333333333333333,0.25209488519282136,0.0,0.5,M0_geometry,0.6666666666666667,0.15968202713361151,0.5,0.5,-0.3333333333333334,-0.09241285805920985
M3,mikl_gse173098,decrease,mikl_gene:liph,0.7246376811594203,0.17937678718461048,1.0,1.0,M0_geometry,0.021739130434782594,0.8243222794234466,0.5,1.0,0.7028985507246377,0.6449454922388361
M3,mikl_gse173098,decrease,mikl_gene:lypd1,0.704225352112676,0.4349072527190653,0.0,0.0,M0_geometry,0.2535211267605634,0.5894944066490034,0.0,0.0,0.45070422535211263,0.15458715392993816
M3,mikl_gse173098,decrease,mikl_gene:magi2,0.588235294117647,0.5471058493212647,0.0,0.5,M0_geometry,0.18823529411764706,0.6825803894353253,0.0,0.0,0.3999999999999999,0.13547454011406057
M3,mikl_gse173098,decrease,mikl_gene:malt1,0.42452830188679247,0.5461641292552131,0.0,0.0,M0_geometry,0.42452830188679247,0.5461641292552131,0.0,0.0,0.0,0.0
M3,mikl_gse173098,decrease,mikl_gene:map1a,0.620253164556962,0.42560962050050866,0.0,0.0,M0_geometry,0.620253164556962,0.42560962050050866,0.0,0.0,0.0,0.0
M3,mikl_gse173098,decrease,mikl_gene:map2,0.5335820895522387,0.5749992702911063,0.0,0.0,M0_geometry,0.3246268656716418,0.6546867805332537,0.5,0.5,0.20895522388059695,0.07968751024214737
M3,mikl_gse173098,decrease,mikl_gene:mapk8ip1,0.21052631578947373,0.7385958350490145,1.0,1.0,M0_geometry,0.42105263157894735,0.5738651443031604,1.0,1.0,-0.21052631578947362,-0.1647306907458541
M3,mikl_gse173098,decrease,mikl_gene:mavs,0.44230769230769235,0.5407698063480102,0.0,0.5,M0_geometry,0.40384615384615385,0.5690996174199425,0.0,0.0,0.03846153846153849,0.02832981107193233
M3,mikl_gse173098,decrease,mikl_gene:mcf2l,0.33333333333333337,0.7806067093798454,0.0,0.0,M0_geometry,0.4305555555555555,0.6609673452969238,0.0,0.0,-0.09722222222222215,-0.11963936408292164
M3,mikl_gse173098,decrease,mikl_gene:meis2,0.28571428571428575,0.5685884016469086,0.5,1.0,M0_geometry,0.40476190476190477,0.528199708041701,0.5,0.5,-0.11904761904761901,-0.04038869360520758
M3,mikl_gse173098,decrease,mikl_gene:mis18bp1,0.2142857142857143,0.6683438520601057,0.5,0.5,M0_geometry,0.5714285714285714,0.4721736764212714,0.0,0.5,-0.3571428571428571,-0.19617017563883432
M3,mikl_gse173098,decrease,mikl_gene:mocs2,0.005235602094240843,0.8040796577712422,0.0,0.0,M0_geometry,0.002617801047120394,0.9299773340469377,0.0,0.0,0.0026178010471204494,0.12589767627569548
M3,mikl_gse173098,decrease,mikl_gene:mre11a,0.5535714285714286,0.4706926333026492,0.0,0.5,M0_geometry,0.3035714285714286,0.5711158977829728,0.0,0.0,0.25,0.10042326448032357
M3,mikl_gse173098,decrease,mikl_gene:mrpl33,0.5,0.4362366944798336,0.0,0.5,M0_geometry,0.5,0.4362366944798336,0.0,0.5,0.0,0.0
M3,mikl_gse173098,decrease,mikl_gene:ndnf,0.8642857142857143,0.3710985261560831,0.0,0.0,M0_geometry,0.6214285714285714,0.4662290683511643,0.0,0.0,0.24285714285714288,0.09513054219508121
M3,mikl_gse173098,decrease,mikl_gene:ndufa12,0.875,0.43816120447425017,0.0,0.5,M0_geometry,0.5625,0.525685970099132,0.5,0.5,0.3125,0.08752476562488182
M3,mikl_gse173098,decrease,mikl_gene:ndufb8,0.4411764705882353,0.7768872179602304,0.0,0.0,M0_geometry,0.5588235294117647,0.720530815005384,0.0,0.5,-0.11764705882352944,-0.05635640295484645
M3,mikl_gse173098,decrease,mikl_gene:necab1,0.25,0.8895918146075392,0.0,1.0,M0_geometry,0.9166666666666667,0.3124981177896996,0.5,0.5,-0.6666666666666667,-0.5770936968178396
M3,mikl_gse173098,decrease,mikl_gene:nhsl2,0.348,0.4839149803846815,0.0,0.0,M0_geometry,0.15199999999999997,0.5187433378329724,0.0,0.0,0.196,0.034828357448290936
M3,mikl_gse173098,decrease,mikl_gene:nnat,0.2368421052631579,0.8638486168957267,0.0,0.0,M0_geometry,0.4605263157894737,0.7591576820599959,0.0,0.0,-0.22368421052631576,-0.10469093483573078
M3,mikl_gse173098,decrease,mikl_gene:nrgn,0.13793103448275867,0.5379748396193088,0.0,0.0,M0_geometry,0.17241379310344823,0.5157472541908097,0.0,1.0,-0.03448275862068956,-0.02222758542849912
M3,mikl_gse173098,decrease,mikl_gene:nsmf,0.5512820512820513,0.44037445816874776,0.0,0.0,M0_geometry,0.5512820512820513,0.44037445816874776,0.0,0.0,0.0,0.0
M3,mikl_gse173098,decrease,mikl_gene:oaf,0.10810810810810811,0.6824023036113681,0.0,0.0,M0_geometry,0.35135135135135137,0.5814917810292857,0.0,0.0,-0.24324324324324326,-0.10091052258208244
M3,mikl_gse173098,decrease,mikl_gene:ociad2,0.590625,0.6013848398383339,0.0,0.0,M0_geometry,0.440625,0.7389436624032665,0.0,0.0,0.14999999999999997,0.13755882256493257
M3,mikl_gse173098,decrease,mikl_gene:ogt,0.47191011235955055,0.6770953959428802,0.0,0.0,M0_geometry,0.449438202247191,0.49748762945269676,0.0,0.0,0.02247191011235955,-0.1796077664901834
M3,mikl_gse173098,decrease,mikl_gene:oprd1,0.6206896551724138,0.32929508618655234,0.0,0.5,M0_geometry,0.6810344827586207,0.2798601023438439,0.0,0.0,-0.06034482758620685,-0.049434983842708446
M3,mikl_gse173098,decrease,mikl_gene:otc,0.4722222222222222,0.7002154315002775,0.0,0.0,M0_geometry,0.36111111111111116,0.7033485211768679,0.0,0.0,0.11111111111111105,0.003133089676590317
M3,mikl_gse173098,decrease,mikl_gene:oxct1,0.7416666666666667,0.4343896855966746,1.0,1.0,M0_geometry,0.8833333333333333,0.32834701817031703,0.5,1.0,-0.1416666666666666,-0.1060426674263576
M3,mikl_gse173098,decrease,mikl_gene:pacsin1,0.9084507042253521,0.197004398919769,0.0,0.0,M0_geometry,0.38028169014084506,0.5542629125375207,0.0,0.0,0.528169014084507,0.3572585136177517
M3,mikl_gse173098,decrease,mikl_gene:pate2,0.8333333333333334,0.2884388071688426,0.5,0.5,M0_geometry,0.8333333333333334,0.2884388071688426,0.5,1.0,0.0,0.0
M3,mikl_gse173098,decrease,mikl_gene:pcdh15,0.467741935483871,0.6702535828174685,0.0,0.0,M0_geometry,0.4870967741935484,0.6841195375250897,0.0,0.0,-0.019354838709677413,0.013865954707621198
M3,mikl_gse173098,decrease,mikl_gene:pde1c,0.6285714285714286,0.6257802672740296,0.0,0.0,M0_geometry,0.7333333333333333,0.6245275011964111,0.0,0.0,-0.10476190476190472,-0.0012527660776184835
M3,mikl_gse173098,decrease,mikl_gene:pde2a,0.58,0.5705462998110317,0.0,0.0,M0_geometry,0.13,0.8478877668060802,0.0,0.0,0.44999999999999996,0.2773414669950486
M3,mikl_gse173098,decrease,mikl_gene:pdp1,0.5489130434782609,0.4545674906228132,0.0,0.0,M0_geometry,0.5217391304347826,0.48304234619334896,0.0,0.0,0.02717391304347827,0.02847485557053575
M3,mikl_gse173098,decrease,mikl_gene:pdpk1,0.39492753623188404,0.4988042141967496,0.0,0.0,M0_geometry,0.5108695652173914,0.4168521642728072,0.0,0.0,-0.11594202898550732,-0.0819520499239424
M3,mikl_gse173098,decrease,mikl_gene:pgap1,0.114010989010989,0.6412132962693506,0.0,0.0,M0_geometry,0.24862637362637363,0.5495918031059633,0.0,0.0,-0.13461538461538464,-0.0916214931633873
M3,mikl_gse173098,decrease,mikl_gene:plin3,0.5892857142857143,0.36061226248221967,0.0,0.5,M0_geometry,0.4285714285714286,0.4558496385186739,0.0,0.0,0.1607142857142857,0.09523737603645421
M3,mikl_gse173098,decrease,mikl_gene:ppp1r9b,0.8103448275862069,0.4512538159199969,0.0,0.5,M0_geometry,0.5344827586206897,0.6066574137310491,0.0,0.0,0.2758620689655171,0.15540359781105217
M3,mikl_gse173098,decrease,mikl_gene:prlr,0.2531645569620253,0.47002249639758986,0.0,0.0,M0_geometry,0.9240506329113924,0.260935727997709,0.5,0.5,-0.6708860759493671,-0.20908676839988088
M3,mikl_gse173098,decrease,mikl_gene:prrx1,0.3055555555555556,0.49670746207638894,0.0,0.0,M0_geometry,0.5,0.5,0.5,0.5,-0.19444444444444442,0.003292537923611061
M3,mikl_gse173098,decrease,mikl_gene:psd,0.7142857142857143,0.3630231515225977,0.0,0.0,M0_geometry,0.9285714285714286,0.01872557447700362,1.0,1.0,-0.2142857142857143,-0.34429757704559405
M3,mikl_gse173098,decrease,mikl_gene:ptgs2,0.7692307692307692,0.35557846173688856,0.0,0.5,M0_geometry,0.7692307692307692,0.35557846173688856,0.0,0.0,0.0,0.0
M3,mikl_gse173098,decrease,mikl_gene:ptpn14,0.911764705882353,0.23342789144864795,0.5,1.0,M0_geometry,0.7647058823529411,0.33855453377727035,0.0,0.0,0.1470588235294119,0.1051266423286224
M3,mikl_gse173098,decrease,mikl_gene:ptprb,0.7535211267605634,0.41726938153462384,0.0,0.0,M0_geometry,0.7394366197183098,0.43792712874861417,0.0,0.0,0.014084507042253613,0.02065774721399033
M3,mikl_gse173098,decrease,mikl_gene:rab11fip2,0.3648936170212766,0.6786716325699349,0.0,0.0,M0_geometry,0.24042553191489363,0.7577220572114263,0.0,0.0,0.12446808510638296,0.07905042464149137
M3,mikl_gse173098,decrease,mikl_gene:rasgrp4,0.6805555555555556,0.5167750570597119,1.0,1.0,M0_geometry,0.3611111111111111,0.7282004961269049,0.0,0.5,0.3194444444444445,0.2114254390671929
M3,mikl_gse173098,decrease,mikl_gene:rasl10b,0.8624161073825504,0.6409987433463131,0.0,0.0,M0_geometry,0.7281879194630871,0.6631439012988134,0.0,0.0,0.13422818791946323,0.022145157952500272
M3,mikl_gse173098,decrease,mikl_gene:rbm47,0.7272727272727273,0.6103858090672636,0.0,0.0,M0_geometry,0.38636363636363635,0.7664472079380529,0.0,0.0,0.34090909090909094,0.1560613988707893
M3,mikl_gse173098,decrease,mikl_gene:rmi2,0.8617021276595744,0.2862857860025737,0.0,0.0,M0_geometry,0.4468085106382979,0.5496488995761678,0.0,0.0,0.41489361702127653,0.2633631135735941
M3,mikl_gse173098,decrease,mikl_gene:rnf165,0.8609467455621302,0.5348954109729785,0.0,0.0,M0_geometry,0.8609467455621302,0.5348954109729785,0.0,0.0,0.0,0.0
M3,mikl_gse173098,decrease,mikl_gene:rorb,0.19791666666666669,0.612536613166784,0.0,0.0,M0_geometry,0.5416666666666667,0.4860161245242064,0.0,0.5,-0.34375000000000006,-0.1265204886425776
M3,mikl_gse173098,decrease,mikl_gene:rpl21,0.5,0.5585386854454785,0.0,0.0,M0_geometry,0.5,0.5585386854454785,0.0,0.0,0.0,0.0
M3,mikl_gse173098,decrease,mikl_gene:rpl31,0.4,0.7099697296292048,0.5,0.5,M0_geometry,0.5,0.5,0.5,0.5,-0.09999999999999998,-0.2099697296292048
M3,mikl_gse173098,decrease,mikl_gene:rpl37,0.5263157894736843,0.37693927862367627,0.0,0.5,M0_geometry,0.34210526315789475,0.6681033802807699,0.0,0.5,0.18421052631578955,0.2911641016570936
M3,mikl_gse173098,decrease,mikl_gene:rps19,0.75,0.36489058511174133,0.0,0.0,M0_geometry,0.75,0.36489058511174133,0.0,1.0,0.0,0.0
M3,mikl_gse173098,decrease,mikl_gene:rps20,0.02777777777777779,0.6781976729737542,0.5,1.0,M0_geometry,0.5,0.2834754110301019,0.0,0.0,-0.4722222222222222,-0.39472226194365234
M3,mikl_gse173098,decrease,mikl_gene:rps24,0.25,0.9105672946031682,0.0,0.0,M0_geometry,0.49999999999999994,0.6443716511635842,0.0,0.0,-0.24999999999999994,-0.266195643439584
M3,mikl_gse173098,decrease,mikl_gene:rpsa,0.5571428571428572,0.4090027377677939,1.0,1.0,M0_geometry,0.48571428571428577,0.5222303274895668,0.0,0.5,0.0714285714285714,0.11322758972177288
M3,mikl_gse173098,decrease,mikl_gene:rragb,0.5,0.7734628033373905,0.5,0.5,M0_geometry,0.8636363636363636,0.061839793855335556,0.5,1.0,-0.36363636363636365,-0.7116230094820549
M3,mikl_gse173098,decrease,mikl_gene:serbp1,0.3931034482758621,0.471990851127,0.0,0.0,M0_geometry,0.43448275862068964,0.4647241539737703,0.0,0.0,-0.04137931034482756,-0.007266697153229695
M3,mikl_gse173098,decrease,mikl_gene:serhl,0.875,0.06722677365010642,1.0,1.0,M0_geometry,0.625,0.46790680087791997,0.0,1.0,0.25,0.40068002722781354
M3,mikl_gse173098,decrease,mikl_gene:serpina3k,0.3,0.7009324837859903,0.0,0.5,M0_geometry,0.3,0.7009324837859903,0.5,1.0,0.0,0.0
M3,mikl_gse173098,decrease,mikl_gene:serpine2,0.6875,0.5453988229745689,0.0,0.0,M0_geometry,0.4375,0.6919405608681238,0.0,0.5,0.25,0.14654173789355496
M3,mikl_gse173098,decrease,mikl_gene:shank1,0.6301369863013699,0.6026988470348841,0.0,0.0,M0_geometry,0.32876712328767127,0.6590061469609714,0.0,0.0,0.30136986301369867,0.056307299926087295
M3,mikl_gse173098,decrease,mikl_gene:shank3,0.7555555555555555,0.11344727874406642,0.5,1.0,M0_geometry,0.10555555555555557,0.8398567513232595,0.0,0.0,0.6499999999999999,0.7264094725791931
M3,mikl_gse173098,decrease,mikl_gene:slamf7,0.5909090909090909,0.4386462270271362,0.0,0.0,M0_geometry,0.5909090909090909,0.4386462270271362,0.0,0.0,0.0,0.0
M3,mikl_gse173098,decrease,mikl_gene:slc13a5,0.5,0.39623137468701003,0.0,0.5,M0_geometry,0.7413793103448276,0.22515918594961312,0.5,0.5,-0.24137931034482762,-0.1710721887373969
M3,mikl_gse173098,decrease,mikl_gene:slc17a7,0.40625,0.4448220237358108,0.5,0.5,M0_geometry,0.6875,0.2616908507619795,0.5,0.5,-0.28125,-0.1831311729738313
M3,mikl_gse173098,decrease,mikl_gene:slc17a9,0.3076923076923077,0.6691645085606432,0.0,0.0,M0_geometry,0.6153846153846154,0.5027150291037523,0.0,0.0,-0.3076923076923077,-0.16644947945689093
M3,mikl_gse173098,decrease,mikl_gene:slc22a15,0.7295081967213115,0.5668060765058122,0.0,0.0,M0_geometry,0.819672131147541,0.46589480553946283,0.0,0.0,-0.0901639344262295,-0.10091127096634933
M3,mikl_gse173098,decrease,mikl_gene:slc23a1,0.5476190476190477,0.44536607444362275,0.5,0.5,M0_geometry,0.8333333333333333,0.17630506328975298,0.0,0.5,-0.2857142857142856,-0.26906101115386977
M3,mikl_gse173098,decrease,mikl_gene:slc28a3,0.5333333333333333,0.5968743132656618,0.0,0.0,M0_geometry,0.75,0.4421874814093551,0.5,0.5,-0.21666666666666667,-0.15468683185630666
M3,mikl_gse173098,decrease,mikl_gene:slc7a11,0.5775862068965517,0.37665978697465713,0.0,0.5,M0_geometry,0.7758620689655172,0.21445201251743762,0.5,0.5,-0.19827586206896552,-0.1622077744572195
M3,mikl_gse173098,decrease,mikl_gene:slfn8,0.2941176470588235,0.6564295401905745,0.5,0.5,M0_geometry,0.3235294117647059,0.6083956199542262,0.0,0.0,-0.029411764705882415,-0.04803392023634834
M3,mikl_gse173098,decrease,mikl_gene:snap91,0.6813186813186813,0.6133969648837747,0.0,0.0,M0_geometry,0.22802197802197804,0.7484935765330338,0.0,0.0,0.4532967032967033,0.13509661164925912
M3,mikl_gse173098,decrease,mikl_gene:sparc,0.75,0.5151492342856019,0.0,0.0,M0_geometry,0.4166666666666667,0.6669093270087852,0.0,0.5,0.3333333333333333,0.15176009272318336
M3,mikl_gse173098,decrease,mikl_gene:sptbn2,0.375,0.47380895251854177,1.0,1.0,M0_geometry,0.5,0.3312633459126841,0.0,1.0,-0.125,-0.1425456066058577
M3,mikl_gse173098,decrease,mikl_gene:srl,0.5526315789473684,0.4118158589114662,0.0,0.0,M0_geometry,0.31578947368421056,0.5696640509874842,0.0,0.0,0.2368421052631578,0.15784819207601797
M3,mikl_gse173098,decrease,mikl_gene:sspn,0.653225806451613,0.6278231477904705,0.0,0.0,M0_geometry,0.41935483870967744,0.6922385535431039,0.5,0.5,0.23387096774193555,0.06441540575263338
M3,mikl_gse173098,decrease,mikl_gene:st6gal1,0.08139534883720928,0.5096462626445055,0.0,0.0,M0_geometry,0.3488372093023256,0.4349599758945879,0.0,0.0,-0.2674418604651163,-0.07468628674991762
M3,mikl_gse173098,decrease,mikl_gene:syt15,0.6451612903225806,0.2981770664729668,0.5,0.5,M0_geometry,0.5967741935483871,0.46969654598576727,0.0,0.0,0.048387096774193505,0.17151947951280044
M3,mikl_gse173098,decrease,mikl_gene:tagln,0.3529411764705882,0.5330839367873113,0.0,0.0,M0_geometry,0.9705882352941176,0.10165687219655019,0.5,0.5,-0.6176470588235294,-0.4314270645907611
M3,mikl_gse173098,decrease,mikl_gene:tbcel,0.5911764705882353,0.4285361820877527,0.0,0.0,M0_geometry,0.7058823529411764,0.3941086830153608,0.0,0.0,-0.1147058823529411,-0.0344274990723919
M3,mikl_gse173098,decrease,mikl_gene:tcte1,0.39999999999999997,0.6487908747233513,0.0,0.0,M0_geometry,0.35,0.6460272590112522,0.5,0.5,0.04999999999999999,-0.0027636157120990434
M3,mikl_gse173098,decrease,mikl_gene:tfap2b,0.4111111111111111,0.29880627475899185,0.0,0.0,M0_geometry,0.6888888888888889,0.17441155122729954,0.5,0.5,-0.2777777777777778,-0.12439472353169231
M3,mikl_gse173098,decrease,mikl_gene:tfg,0.5,0.4632845530926141,0.0,0.5,M0_geometry,0.3518518518518519,0.6647574255759559,0.5,0.5,0.14814814814814808,0.20147287248334173
M3,mikl_gse173098,decrease,mikl_gene:thbd,0.37500000000000006,0.7250102584837588,0.0,0.0,M0_geometry,0.7916666666666667,0.4380481547299797,0.0,0.0,-0.4166666666666667,-0.28696210375377906
M3,mikl_gse173098,decrease,mikl_gene:tirap,0.967741935483871,0.27558207353646474,0.5,0.5,M0_geometry,0.19354838709677424,0.5970332374630383,0.5,0.5,0.7741935483870968,0.3214511639265735
M3,mikl_gse173098,decrease,mikl_gene:tmem242,0.19999999999999996,0.8232471145935347,0.0,0.5,M0_geometry,0.15000000000000002,0.8531471229372932,0.5,1.0,0.04999999999999993,0.0299000083437585
M3,mikl_gse173098,decrease,mikl_gene:tnfrsf19,0.4583333333333333,0.42345490295587973,0.0,0.0,M0_geometry,0.5,0.42127188674065397,0.0,0.0,-0.041666666666666685,-0.0021830162152257637
M3,mikl_gse173098,decrease,mikl_gene:tor4a,0.6666666666666667,0.4154289578809444,0.5,0.5,M0_geometry,0.05555555555555558,0.955995668925536,1.0,1.0,0.6111111111111112,0.5405667110445915
M3,mikl_gse173098,decrease,mikl_gene:tpmt,0.0,1.0,0.0,0.5,M0_geometry,0.5,0.4786455655777707,0.0,0.0,-0.5,-0.5213544344222293
M3,mikl_gse173098,decrease,mikl_gene:tpt1,0.6111111111111112,0.6865064242212217,0.0,0.0,M0_geometry,0.5277777777777777,0.5347441485006234,0.5,0.5,0.08333333333333348,-0.1517622757205983
M3,mikl_gse173098,decrease,mikl_gene:trim56,0.6701030927835052,0.44689992268179846,0.5,0.5,M0_geometry,0.6701030927835052,0.44689992268179846,0.0,0.0,0.0,0.0
M3,mikl_gse173098,decrease,mikl_gene:trp63,1.0,0.0,1.0,1.0,M0_geometry,0.3880597014925373,0.6216169449720648,0.0,0.0,0.6119402985074627,0.6216169449720648
M3,mikl_gse173098,decrease,mikl_gene:tulp1,0.3888888888888889,0.46314019788581345,0.0,0.0,M0_geometry,0.5555555555555556,0.3552316958438836,0.0,0.0,-0.16666666666666669,-0.10790850204192987
M3,mikl_gse173098,decrease,mikl_gene:tusc3,0.2777777777777778,0.6418678552947319,0.0,0.0,M0_geometry,0.8148148148148149,0.2905207297542763,0.0,0.0,-0.5370370370370371,-0.3513471255404556
M3,mikl_gse173098,decrease,mikl_gene:ube2m,0.39999999999999997,0.599506854098637,0.5,0.5,M0_geometry,0.39999999999999997,0.599506854098637,0.5,0.5,0.0,0.0
M3,mikl_gse173098,decrease,mikl_gene:unc5c,0.5081967213114753,0.6514260345887327,0.0,0.0,M0_geometry,0.3975409836065574,0.7093684125378922,0.0,0.0,0.11065573770491793,0.05794237794915946
M3,mikl_gse173098,decrease,mikl_gene:uqcrq,0.375,0.6307247441381285,0.0,0.0,M0_geometry,1.0,0.0,1.0,1.0,-0.625,-0.6307247441381285
M3,mikl_gse173098,decrease,mikl_gene:vangl1,0.24038461538461536,0.556228690658531,0.0,0.0,M0_geometry,0.5384615384615385,0.46401837419220054,0.0,0.0,-0.2980769230769232,-0.09221031646633043
M3,mikl_gse173098,decrease,mikl_gene:vapb,0.44150943396226416,0.6339038147343187,0.0,0.0,M0_geometry,0.2509433962264151,0.6691607921651184,0.0,0.0,0.19056603773584907,0.035256977430799696
M3,mikl_gse173098,decrease,mikl_gene:vav3,0.09999999999999998,0.8597968466613328,0.5,1.0,M0_geometry,0.09999999999999998,0.8597968466613328,1.0,1.0,0.0,0.0
M3,mikl_gse173098,decrease,mikl_gene:vma21,0.8454935622317596,0.2975239015650721,0.0,0.0,M0_geometry,0.502145922746781,0.4035403237544952,0.0,0.0,0.3433476394849786,0.10601642218942314
M3,mikl_gse173098,decrease,mikl_gene:wdr31,0.7857142857142858,0.6235098134678356,0.0,0.5,M0_geometry,0.4642857142857143,0.6892175413240689,0.0,0.0,0.3214285714285715,0.06570772785623324
M3,mikl_gse173098,decrease,mikl_gene:zbtb20,0.21479885057471265,0.6367017098624029,0.0,0.0,M0_geometry,0.610632183908046,0.5156929946604611,0.0,0.0,-0.3958333333333333,-0.12100871520194179
M3,mikl_gse173098,decrease,mikl_gene:zfhx3,0.5980392156862745,0.42118289455454555,0.0,0.5,M0_geometry,0.42647058823529416,0.45862667094037235,0.0,0.0,0.17156862745098034,0.0374437763858268
M3,mikl_gse173098,decrease,mikl_gene:zscan20,0.5,0.44888950506373615,0.0,0.0,M0_geometry,0.2857142857142857,0.5608248767873636,0.5,0.5,0.2142857142857143,0.11193537172362744
M3,mikl_gse173098,increase,mikl_gene:2810459m11rik,1.0,0.0,1.0,1.0,M0_geometry,0.15384615384615385,0.8106368907543045,0.0,0.0,0.8461538461538461,0.8106368907543045
M3,mikl_gse173098,increase,mikl_gene:9130008f23rik,0.4411764705882353,0.5328453509399613,0.5,0.5,M0_geometry,0.08823529411764708,0.9688791244880042,0.0,0.5,0.3529411764705882,0.43603377354804285
M3,mikl_gse173098,increase,mikl_gene:a630089n07rik,0.31818181818181823,0.3172503732759221,0.0,0.5,M0_geometry,0.5909090909090908,0.22188522568675362,0.0,0.5,-0.2727272727272726,-0.09536514758916848
M3,mikl_gse173098,increase,mikl_gene:abhd17a,0.25,0.8780192007775816,1.0,1.0,M0_geometry,0.375,0.6751893507972686,0.5,1.0,-0.125,-0.20282984998031295
M3,mikl_gse173098,increase,mikl_gene:abi1,0.4881889763779527,0.4945935414667031,0.0,0.0,M0_geometry,0.905511811023622,0.3231413039183353,0.0,0.0,-0.41732283464566927,-0.1714522375483678
M3,mikl_gse173098,increase,mikl_gene:acnat2,0.875,0.004141032523471003,1.0,1.0,M0_geometry,0.0,1.0,1.0,1.0,0.875,0.995858967476529
M3,mikl_gse173098,increase,mikl_gene:aco2,0.1875,0.6952826811246758,0.5,0.5,M0_geometry,0.8125,0.08519983774209415,1.0,1.0,-0.625,-0.6100828433825817
M3,mikl_gse173098,increase,mikl_gene:actb,0.44999999999999996,0.8234306663116409,1.0,1.0,M0_geometry,0.15000000000000002,0.9537340384952553,0.0,0.5,0.29999999999999993,0.13030337218361443
M3,mikl_gse173098,increase,mikl_gene:adamts18,0.35185185185185186,0.7581168454327114,0.0,0.0,M0_geometry,0.7839506172839507,0.43675698570019783,0.0,0.0,-0.4320987654320988,-0.3213598597325136
M3,mikl_gse173098,increase,mikl_gene:adap2,0.8125,0.28261980160777717,0.5,0.5,M0_geometry,0.0625,0.704836254298156,0.5,0.5,0.75,0.42221645269037883
M3,mikl_gse173098,increase,mikl_gene:agtrap,1.0,0.0,1.0,1.0,M0_geometry,0.49242424242424243,0.4194974325874323,0.0,0.0,0.5075757575757576,0.4194974325874323
M3,mikl_gse173098,increase,mikl_gene:ankef1,0.44230769230769235,0.5057607557139462,0.5,0.5,M0_geometry,0.5576923076923077,0.4271274673113281,0.5,0.5,-0.11538461538461536,-0.07863328840261807
M3,mikl_gse173098,increase,mikl_gene:aqp4,0.8970588235294117,0.14134616114276172,0.5,0.5,M0_geometry,0.7647058823529411,0.2743299276146097,0.5,0.5,0.13235294117647056,0.132983766471848
M3,mikl_gse173098,increase,mikl_gene:arc,0.88,0.05795566896027415,1.0,1.0,M0_geometry,0.6799999999999999,0.12933135169120535,0.5,1.0,0.20000000000000007,0.0713756827309312
M3,mikl_gse173098,increase,mikl_gene:arhgap31,0.6333333333333333,0.38846844777122735,0.0,0.0,M0_geometry,0.5666666666666667,0.42992427508695674,0.0,0.0,0.06666666666666665,0.04145582731572939
M3,mikl_gse173098,increase,mikl_gene:arid2,0.3259493670886076,0.4658488755292823,0.0,0.0,M0_geometry,0.7373417721518988,0.37557482055898783,0.0,0.0,-0.41139240506329117,-0.09027405497029445
M3,mikl_gse173098,increase,mikl_gene:arpc1b,0.75,0.45937028144975944,0.5,0.5,M0_geometry,0.3695652173913043,0.615737906988395,0.0,0.0,0.3804347826086957,0.1563676255386356
M3,mikl_gse173098,increase,mikl_gene:atp5j2,0.0,1.0,0.5,1.0,M0_geometry,0.0,1.0,0.5,1.0,0.0,0.0
M3,mikl_gse173098,increase,mikl_gene:bdnf,0.5594059405940595,0.4499891451292014,0.0,0.0,M0_geometry,0.6138613861386139,0.4018766884222862,0.0,0.0,-0.05445544554455439,-0.04811245670691522
M3,mikl_gse173098,increase,mikl_gene:brsk1,0.07142857142857145,0.6182562833444712,1.0,1.0,M0_geometry,0.07142857142857145,0.6182562833444712,1.0,1.0,0.0,0.0
M3,mikl_gse173098,increase,mikl_gene:c130026i21rik,0.45,0.4659060968488841,0.5,1.0,M0_geometry,0.7,0.36401056836466383,0.5,1.0,-0.24999999999999994,-0.10189552848422029
M3,mikl_gse173098,increase,mikl_gene:calm1,0.5888888888888888,0.5114411790806545,0.0,0.0,M0_geometry,0.35555555555555557,0.631293324578724,0.0,0.0,0.23333333333333323,0.11985214549806955
M3,mikl_gse173098,increase,mikl_gene:camk2a,0.9460431654676259,0.17453339363040704,0.0,0.0,M0_geometry,0.5827338129496402,0.38301703834067113,0.0,0.0,0.3633093525179857,0.2084836447102641
M3,mikl_gse173098,increase,mikl_gene:ccdc141,0.36,0.5352520350301168,0.0,0.0,M0_geometry,0.8200000000000001,0.3225719029346503,0.5,0.5,-0.4600000000000001,-0.21268013209546643
M3,mikl_gse173098,increase,mikl_gene:ccnd1,0.575,0.3780952396868926,0.0,0.0,M0_geometry,0.41666666666666663,0.45625711261001517,0.5,0.5,0.15833333333333333,0.07816187292312254
M3,mikl_gse173098,increase,mikl_gene:ccnd2,0.8238095238095238,0.48794166613956236,0.0,0.0,M0_geometry,0.8238095238095238,0.4790618422959002,0.0,0.0,0.0,-0.008879823843662149
M3,mikl_gse173098,increase,mikl_gene:ccni,0.3888888888888889,0.21483331363060548,0.0,1.0,M0_geometry,0.38888888888888895,0.21752402595405032,1.0,1.0,-5.551115123125783e-17,0.0026907123234448382
M3,mikl_gse173098,increase,mikl_gene:cd84,0.8367346938775511,0.526565912789452,0.5,0.5,M0_geometry,0.6632653061224489,0.5625160851975377,0.5,0.5,0.17346938775510212,0.035950172408085734
M3,mikl_gse173098,increase,mikl_gene:cdc42,0.2582781456953642,0.4727070243618703,0.0,0.0,M0_geometry,0.6158940397350994,0.37728351666434046,0.0,0.0,-0.35761589403973515,-0.09542350769752983
M3,mikl_gse173098,increase,mikl_gene:cdk15,0.5454545454545454,0.4495002530214087,0.0,1.0,M0_geometry,0.2272727272727273,0.5711035065668977,0.0,0.0,0.3181818181818181,0.12160325354548895
M3,mikl_gse173098,increase,mikl_gene:chmp3,0.43636363636363634,0.4516743200688887,0.5,0.5,M0_geometry,0.4363636363636364,0.453438764973504,0.0,0.0,-5.551115123125783e-17,0.0017644449046153032
M3,mikl_gse173098,increase,mikl_gene:chrdl1,0.7346938775510204,0.43531827485351104,0.5,0.5,M0_geometry,0.020408163265306145,0.8659390049082569,0.0,0.0,0.7142857142857143,0.4306207300547459
M3,mikl_gse173098,increase,mikl_gene:cnot6l,0.7871212121212121,0.35844238434660786,0.0,0.0,M0_geometry,0.806060606060606,0.36989427065328684,0.0,0.0,-0.018939393939393923,0.011451886306678982
M3,mikl_gse173098,increase,mikl_gene:cntn2,0.7863247863247864,0.4343784090409373,0.0,0.0,M0_geometry,0.7863247863247863,0.41268661369914583,0.0,0.0,1.1102230246251565e-16,-0.021691795341791442
M3,mikl_gse173098,increase,mikl_gene:col1a1,0.7291666666666667,0.31358065728830925,0.5,0.5,M0_geometry,0.125,0.82847311226774,0.0,0.0,0.6041666666666667,0.5148924549794307
M3,mikl_gse173098,increase,mikl_gene:col27a1,0.6490384615384616,0.45389390005694213,0.0,0.0,M0_geometry,0.5144230769230769,0.5742364726977479,0.0,0.0,0.1346153846153847,0.12034257264080578
M3,mikl_gse173098,increase,mikl_gene:col8a1,0.5625,0.46949319513278875,0.5,0.5,M0_geometry,0.3125,0.628929798574904,0.5,0.5,0.25,0.1594366034421153
M3,mikl_gse173098,increase,mikl_gene:colec12,0.32706766917293234,0.43062756805447944,0.0,0.0,M0_geometry,0.4887218045112782,0.38308010782054003,0.0,0.0,-0.16165413533834588,-0.04754746023393941
M3,mikl_gse173098,increase,mikl_gene:cox8a,0.8,0.3932270376735796,0.0,0.5,M0_geometry,0.85,0.1958057228074955,0.5,0.5,-0.04999999999999993,-0.19742131486608408
M3,mikl_gse173098,increase,mikl_gene:cplx2,0.9451219512195121,0.2591651908063087,0.0,0.0,M0_geometry,0.18902439024390244,0.5808921473618731,0.0,0.0,0.7560975609756098,0.32172695655556444
M3,mikl_gse173098,increase,mikl_gene:ctdspl2,0.35,0.6806322714412473,0.5,1.0,M0_geometry,0.5,0.5,0.5,1.0,-0.15000000000000002,-0.18063227144124727
M3,mikl_gse173098,increase,mikl_gene:cyp26b1,0.6865671641791045,0.26172768033193483,0.0,1.0,M0_geometry,0.3283582089552239,0.4121432347866788,0.0,0.0,0.3582089552238806,0.15041555445474397
M3,mikl_gse173098,increase,mikl_gene:dcdc2a,0.33333333333333337,0.593813075044671,0.0,0.0,M0_geometry,0.27450980392156865,0.6427796643349786,0.0,0.0,0.05882352941176472,0.048966589290307616
M3,mikl_gse173098,increase,mikl_gene:ddx58,0.6111111111111112,0.4786752903231106,0.0,0.5,M0_geometry,0.4444444444444445,0.5840048950528595,0.5,1.0,0.16666666666666669,0.10532960472974884
M3,mikl_gse173098,increase,mikl_gene:disp2,0.6153846153846154,0.3718486030947785,0.0,0.0,M0_geometry,0.5256410256410257,0.30813963814464834,0.0,0.0,0.08974358974358976,-0.06370896495013018
M3,mikl_gse173098,increase,mikl_gene:dlg4,0.22942643391521195,0.49116037511086036,0.0,0.0,M0_geometry,0.32917705735660846,0.46809153728632635,0.0,0.0,-0.09975062344139651,-0.023068837824534005
M3,mikl_gse173098,increase,mikl_gene:dock8,0.9230769230769231,0.0485552302976822,1.0,1.0,M0_geometry,0.34615384615384615,0.41034671256514005,0.0,0.5,0.576923076923077,0.36179148226745783
M3,mikl_gse173098,increase,mikl_gene:dtx3l,0.13513513513513514,0.7980760456884468,0.0,0.0,M0_geometry,0.8513513513513513,0.13722107105943218,0.5,0.5,-0.7162162162162162,-0.6608549746290147
M3,mikl_gse173098,increase,mikl_gene:dusp18,0.14583333333333331,0.5467646427922853,0.5,0.5,M0_geometry,0.5104166666666667,0.42112830844063986,0.0,0.5,-0.3645833333333334,-0.12563633435164545
M3,mikl_gse173098,increase,mikl_gene:ebf1,0.5555555555555556,0.3918655468035919,0.5,0.5,M0_geometry,0.0888888888888889,0.7038689983327495,0.5,0.5,0.4666666666666667,0.3120034515291576
M3,mikl_gse173098,increase,mikl_gene:eef2,0.5833333333333333,0.2053959104239946,1.0,1.0,M0_geometry,0.5,0.5,1.0,1.0,0.08333333333333326,0.29460408957600537
M3,mikl_gse173098,increase,mikl_gene:egf,0.8369565217391304,0.3193574459592642,0.0,0.0,M0_geometry,0.3478260869565218,0.5277276084674081,0.0,0.0,0.4891304347826086,0.20837016250814389
M3,mikl_gse173098,increase,mikl_gene:eif3f,0.6000000000000001,0.43441642316533446,0.5,0.5,M0_geometry,0.7,0.4422893522153261,0.0,0.0,-0.09999999999999987,0.00787292904999165
M3,mikl_gse173098,increase,mikl_gene:ern1,0.16666666666666669,0.7080423060422509,0.0,0.0,M0_geometry,0.6071428571428572,0.4887440050701753,0.0,0.0,-0.4404761904761905,-0.21929830097207564
M3,mikl_gse173098,increase,mikl_gene:esr1,0.22413793103448276,0.7736362130677539,0.0,0.0,M0_geometry,0.5517241379310345,0.6436308737092244,0.0,0.0,-0.3275862068965517,-0.13000533935852943
M3,mikl_gse173098,increase,mikl_gene:exo1,0.2436708860759494,0.4559583881858249,0.0,0.5,M0_geometry,0.2436708860759494,0.4559583881858249,0.5,1.0,0.0,0.0
M3,mikl_gse173098,increase,mikl_gene:fgf13,0.33333333333333337,0.5390816141563957,0.5,0.5,M0_geometry,0.9444444444444444,0.01731593599012399,1.0,1.0,-0.611111111111111,-0.5217656781662716
M3,mikl_gse173098,increase,mikl_gene:fgf3,0.5185185185185186,0.49671519886014454,0.0,0.0,M0_geometry,0.7962962962962963,0.3517121253848593,0.0,0.0,-0.2777777777777777,-0.14500307347528524
M3,mikl_gse173098,increase,mikl_gene:foxp2,0.7295081967213115,0.4449328195666856,0.5,0.5,M0_geometry,0.3442622950819672,0.5760895360899878,0.0,0.0,0.3852459016393443,0.13115671652330219
M3,mikl_gse173098,increase,mikl_gene:gabra4,0.71875,0.3447468164313698,0.5,0.5,M0_geometry,0.625,0.5112676072092222,0.0,0.0,0.09375,0.16652079077785237
M3,mikl_gse173098,increase,mikl_gene:gbp7,0.4313725490196078,0.5629707331714664,0.0,0.5,M0_geometry,0.4313725490196078,0.5637858972361689,0.0,0.5,0.0,0.0008151640647025005
M3,mikl_gse173098,increase,mikl_gene:gli3,0.33333333333333337,0.5350478140716677,1.0,1.0,M0_geometry,0.3055555555555555,0.4313986617645367,1.0,1.0,0.027777777777777846,-0.10364915230713101
M3,mikl_gse173098,increase,mikl_gene:gpc6,0.4166666666666667,0.5842097066600835,0.5,1.0,M0_geometry,0.0,1.0,0.0,0.0,0.4166666666666667,0.41579029333991646
M3,mikl_gse173098,increase,mikl_gene:gpr17,0.4285714285714286,0.37964678186505574,0.0,0.0,M0_geometry,0.6428571428571429,0.3257227873949072,0.0,0.5,-0.2142857142857143,-0.05392399447014856
M3,mikl_gse173098,increase,mikl_gene:gpr35,0.5,0.4859538784494656,0.0,0.5,M0_geometry,0.3611111111111111,0.5689334192880655,0.5,0.5,0.1388888888888889,0.08297954083859993
M3,mikl_gse173098,increase,mikl_gene:grin1,0.4666666666666667,0.6421219266828411,0.5,1.0,M0_geometry,0.4,0.6851133784221304,0.0,0.0,0.06666666666666665,0.04299145173928931
M3,mikl_gse173098,increase,mikl_gene:gstm1,0.125,0.9460138107221003,0.5,1.0,M0_geometry,0.125,0.7157886517726693,1.0,1.0,0.0,-0.23022515894943107
M3,mikl_gse173098,increase,mikl_gene:hic2,0.4693877551020408,0.6157976484946414,0.0,0.0,M0_geometry,0.3877551020408163,0.6251625763062512,0.0,0.5,0.08163265306122447,0.009364927811609802
M3,mikl_gse173098,increase,mikl_gene:hpcal4,0.8604651162790697,0.4319822272789776,0.0,0.0,M0_geometry,0.5697674418604651,0.6734577584920297,0.0,0.0,0.2906976744186046,0.2414755312130521
M3,mikl_gse173098,increase,mikl_gene:ids,0.9782608695652174,0.004557344405508959,1.0,1.0,M0_geometry,0.28260869565217395,0.4851168709164566,0.0,0.5,0.6956521739130435,0.48055952651094763
M3,mikl_gse173098,increase,mikl_gene:invs,0.35,0.40580247486598997,0.0,0.5,M0_geometry,0.6375,0.2162278992750498,0.5,0.5,-0.2875,-0.18957457559094018
M3,mikl_gse173098,increase,mikl_gene:itga1,0.9375,0.19297426798784614,0.5,0.5,M0_geometry,0.046875,0.8405176361515929,0.0,0.0,0.890625,0.6475433681637468
M3,mikl_gse173098,increase,mikl_gene:itga4,0.0625,0.495004729720965,0.0,0.5,M0_geometry,0.7375,0.25198682120340454,0.0,0.0,-0.675,-0.24301790851756044
M3,mikl_gse173098,increase,mikl_gene:itpr2,0.3015873015873016,0.6122836140807612,0.0,0.0,M0_geometry,0.39682539682539686,0.5722133558346655,0.0,0.0,-0.09523809523809523,-0.04007025824609567
M3,mikl_gse173098,increase,mikl_gene:jund,0.625,0.39318723532233174,0.5,0.5,M0_geometry,0.25,0.8157557520142023,0.0,0.5,0.375,0.4225685166918705
M3,mikl_gse173098,increase,mikl_gene:kcna6,0.5472972972972974,0.4509526483704773,0.0,0.0,M0_geometry,0.4864864864864865,0.4859779364174612,0.0,0.0,0.060810810810810856,0.03502528804698385
M3,mikl_gse173098,increase,mikl_gene:kcng3,0.5625,0.45229100461176786,0.0,0.0,M0_geometry,0.4375,0.5945945671456214,0.0,0.5,0.125,0.14230356253385357
M3,mikl_gse173098,increase,mikl_gene:kcnq5,0.3918918918918919,0.38355702940001657,0.0,0.5,M0_geometry,0.17567567567567566,0.596470501893568,0.0,0.5,0.21621621621621623,0.21291347249355141
M3,mikl_gse173098,increase,mikl_gene:kctd4,0.15384615384615385,0.8499553625273828,0.0,0.5,M0_geometry,0.0,1.0,0.0,0.5,0.15384615384615385,0.1500446374726172
M3,mikl_gse173098,increase,mikl_gene:kif1a,0.42,0.4129432259413476,0.0,0.0,M0_geometry,0.41000000000000003,0.40989727162878914,0.0,0.0,0.009999999999999953,-0.003045954312558441
M3,mikl_gse173098,increase,mikl_gene:kif5c,0.43333333333333335,0.8544745465416121,0.0,1.0,M0_geometry,0.75,0.733567468496169,0.0,0.0,-0.31666666666666665,-0.1209070780454431
M3,mikl_gse173098,increase,mikl_gene:liph,0.5869565217391304,0.6374127923158969,0.0,1.0,M0_geometry,0.15942028985507245,0.808891230188865,0.0,0.0,0.4275362318840579,0.17147843787296813
M3,mikl_gse173098,increase,mikl_gene:lypd1,0.8873239436619719,0.2951761633491763,0.0,0.0,M0_geometry,0.7183098591549296,0.34018664448532265,0.5,0.5,0.16901408450704225,0.04501048113614636
M3,mikl_gse173098,increase,mikl_gene:magi2,0.8117647058823529,0.31741961056467466,0.0,0.0,M0_geometry,0.4823529411764706,0.4541464398334102,0.0,0.0,0.32941176470588235,0.13672682926873553
M3,mikl_gse173098,increase,mikl_gene:malt1,0.1132075471698113,0.7055664407705619,0.0,0.0,M0_geometry,0.047169811320754707,0.6821378371551026,0.0,0.0,0.06603773584905659,-0.023428603615459287
M3,mikl_gse173098,increase,mikl_gene:map1a,0.7215189873417722,0.4641733251608055,0.0,0.0,M0_geometry,0.7974683544303798,0.46763215900240485,0.0,0.0,-0.07594936708860756,0.0034588338415993403
M3,mikl_gse173098,increase,mikl_gene:map2,0.8134328358208955,0.29473239911711613,0.0,0.5,M0_geometry,0.4888059701492537,0.4068067076396643,0.0,0.5,0.32462686567164184,0.11207430852254818
M3,mikl_gse173098,increase,mikl_gene:mapk8ip1,0.605263157894737,0.3853675187299709,0.0,0.0,M0_geometry,0.868421052631579,0.20968585776737936,0.0,0.5,-0.26315789473684204,-0.17568166096259152
M3,mikl_gse173098,increase,mikl_gene:mavs,0.25,0.6584536398734777,0.0,0.0,M0_geometry,0.5961538461538461,0.4350191355692101,0.0,0.0,-0.34615384615384615,-0.2234345043042676
M3,mikl_gse173098,increase,mikl_gene:mcf2l,0.34722222222222227,0.5726823505964663,0.0,0.0,M0_geometry,0.6805555555555556,0.2488714266700621,0.0,0.0,-0.3333333333333333,-0.3238109239264042
M3,mikl_gse173098,increase,mikl_gene:meis2,0.5952380952380952,0.43903568845232077,0.0,0.0,M0_geometry,0.5238095238095238,0.48320334931078496,1.0,1.0,0.0714285714285714,0.044167660858464186
M3,mikl_gse173098,increase,mikl_gene:mis18bp1,0.5714285714285714,0.36025250135784015,0.5,1.0,M0_geometry,0.5714285714285714,0.36025250135784015,0.5,1.0,0.0,0.0
M3,mikl_gse173098,increase,mikl_gene:mocs2,0.8481675392670157,0.36860884157239954,0.5,0.5,M0_geometry,0.30497382198952877,0.5401539457519685,0.0,0.0,0.543193717277487,0.17154510417956897
M3,mikl_gse173098,increase,mikl_gene:mre11a,0.42857142857142855,0.5413105741468416,0.0,0.5,M0_geometry,0.44642857142857145,0.5344099246136895,0.0,1.0,-0.017857142857142905,-0.006900649533152059
M3,mikl_gse173098,increase,mikl_gene:mrpl33,0.5,0.5183520596352809,0.0,0.5,M0_geometry,0.5555555555555556,0.5406482474939049,0.0,0.5,-0.05555555555555558,0.022296187858624084
M3,mikl_gse173098,increase,mikl_gene:ndnf,0.4642857142857143,0.49723079017119143,0.0,0.0,M0_geometry,0.45,0.542552144050445,0.0,0.0,0.01428571428571429,0.04532135387925362
M3,mikl_gse173098,increase,mikl_gene:ndufa12,0.75,0.2178183926176256,0.5,0.5,M0_geometry,0.125,0.925649535904761,0.5,1.0,0.625,0.7078311432871354
M3,mikl_gse173098,increase,mikl_gene:ndufb8,0.02941176470588236,0.8429441840561562,0.0,0.5,M0_geometry,0.4411764705882353,0.27809172051896686,0.5,0.5,-0.4117647058823529,-0.5648524635371894
M3,mikl_gse173098,increase,mikl_gene:necab1,0.8333333333333334,0.04392393797410626,1.0,1.0,M0_geometry,0.8333333333333334,0.04392393797410626,1.0,1.0,0.0,0.0
M3,mikl_gse173098,increase,mikl_gene:nhsl2,0.7,0.5254672091885308,0.0,0.0,M0_geometry,0.6839999999999999,0.5050393929660746,0.0,0.0,0.016000000000000014,-0.020427816222456263
M3,mikl_gse173098,increase,mikl_gene:nnat,0.09868421052631576,0.7021783717967847,0.0,0.0,M0_geometry,0.4868421052631579,0.24927160702920392,0.0,0.5,-0.38815789473684215,-0.45290676476758074
M3,mikl_gse173098,increase,mikl_gene:nrgn,0.6724137931034483,0.5539229507462131,0.0,0.0,M0_geometry,0.24137931034482757,0.6732353786710653,0.5,0.5,0.4310344827586207,0.1193124279248522
M3,mikl_gse173098,increase,mikl_gene:nsmf,0.5128205128205128,0.4880818657584752,0.0,0.5,M0_geometry,0.23076923076923078,0.6088418887997711,0.5,0.5,0.282051282051282,0.1207600230412959
M3,mikl_gse173098,increase,mikl_gene:oaf,0.5810810810810811,0.44532880736384484,0.0,0.0,M0_geometry,0.5,0.4718250132309528,0.0,0.5,0.08108108108108114,0.02649620586710799
M3,mikl_gse173098,increase,mikl_gene:ociad2,0.575,0.375140913101491,0.0,0.0,M0_geometry,0.490625,0.5483099749463586,0.5,0.5,0.08437499999999998,0.17316906184486758
M3,mikl_gse173098,increase,mikl_gene:ogt,0.3707865168539326,0.569170939240857,0.0,0.5,M0_geometry,0.6685393258426966,0.5156235722230724,0.0,0.0,-0.297752808988764,-0.05354736701778462
M3,mikl_gse173098,increase,mikl_gene:oprd1,0.6982758620689655,0.5799556920782561,0.0,0.0,M0_geometry,0.2931034482758621,0.6861264578621877,0.0,0.0,0.4051724137931034,0.10617076578393159
M3,mikl_gse173098,increase,mikl_gene:otc,0.5277777777777778,0.4866774906293307,0.5,0.5,M0_geometry,0.5833333333333333,0.3765135115000683,0.5,0.5,-0.05555555555555547,-0.1101639791292624
M3,mikl_gse173098,increase,mikl_gene:oxct1,0.5083333333333333,0.4831689628138883,0.5,1.0,M0_geometry,0.5375,0.39719132491036174,0.0,0.0,-0.029166666666666674,-0.08597763790352658
M3,mikl_gse173098,increase,mikl_gene:pacsin1,0.5140845070422535,0.4983847004711047,0.0,0.0,M0_geometry,0.5845070422535212,0.47563728658675974,0.0,0.0,-0.07042253521126773,-0.02274741388434498
M3,mikl_gse173098,increase,mikl_gene:pate2,0.3888888888888889,0.5612533764824186,0.0,0.0,M0_geometry,0.08333333333333337,0.8737227987829636,0.0,0.0,0.3055555555555555,0.312469422300545
M3,mikl_gse173098,increase,mikl_gene:pcdh15,0.3096774193548387,0.3833778118836778,0.0,0.0,M0_geometry,0.9161290322580645,0.12067153571785344,0.5,0.5,-0.6064516129032258,-0.26270627616582437
M3,mikl_gse173098,increase,mikl_gene:pde1c,0.8095238095238095,0.16054948631997615,0.5,0.5,M0_geometry,0.9333333333333333,0.12244306868337243,0.0,0.0,-0.12380952380952381,-0.03810641763660372
M3,mikl_gse173098,increase,mikl_gene:pde2a,0.8700000000000001,0.15211223319391987,0.0,0.0,M0_geometry,0.54,0.34213634493707934,0.0,0.0,0.33000000000000007,0.19002411174315947
M3,mikl_gse173098,increase,mikl_gene:pdp1,0.7355072463768115,0.4148032150214556,0.0,0.0,M0_geometry,0.427536231884058,0.5748184620999081,0.0,0.0,0.30797101449275355,0.16001524707845244
M3,mikl_gse173098,increase,mikl_gene:pdpk1,0.5471014492753623,0.5253459717291077,0.0,0.0,M0_geometry,0.8206521739130435,0.4488572526443324,0.0,0.0,-0.27355072463768115,-0.07648871908477528
M3,mikl_gse173098,increase,mikl_gene:pgap1,0.6978021978021978,0.4583122639425841,0.0,0.0,M0_geometry,0.18406593406593408,0.5985593234151418,0.0,0.0,0.5137362637362637,0.14024705947255772
M3,mikl_gse173098,increase,mikl_gene:plin3,0.9107142857142858,0.33444607746014765,0.0,0.0,M0_geometry,0.125,0.7650638418378919,1.0,1.0,0.7857142857142858,0.43061776437774424
M3,mikl_gse173098,increase,mikl_gene:ppp1r9b,0.39655172413793105,0.43847584037193077,0.5,0.5,M0_geometry,0.5344827586206897,0.36954522291071623,0.5,0.5,-0.13793103448275867,-0.06893061746121454
M3,mikl_gse173098,increase,mikl_gene:prlr,0.5506329113924051,0.5406908708682273,0.0,0.0,M0_geometry,0.4430379746835443,0.614195994320374,0.0,0.0,0.10759493670886083,0.07350512345214666
M3,mikl_gse173098,increase,mikl_gene:prrx1,0.3888888888888889,0.5883681786057504,0.5,0.5,M0_geometry,0.4305555555555555,0.5706493914535791,0.0,0.0,-0.04166666666666663,-0.017718787152171345
M3,mikl_gse173098,increase,mikl_gene:psd,0.2857142857142857,0.632396538244768,0.5,1.0,M0_geometry,0.8571428571428572,0.15001609647036648,0.5,0.5,-0.5714285714285715,-0.48238044177440154
M3,mikl_gse173098,increase,mikl_gene:ptgs2,0.2692307692307692,0.6677591211308719,0.0,0.5,M0_geometry,0.2692307692307692,0.6677591211308719,0.5,0.5,0.0,0.0
M3,mikl_gse173098,increase,mikl_gene:ptpn14,0.5196078431372549,0.5417589213030743,0.0,0.5,M0_geometry,0.8137254901960784,0.37141573053508936,0.0,0.0,-0.2941176470588235,-0.170343190767985
M3,mikl_gse173098,increase,mikl_gene:ptprb,0.4014084507042254,0.5628884303382546,0.0,0.0,M0_geometry,0.8802816901408451,0.3558257963463845,0.0,0.0,-0.47887323943661975,-0.20706263399187014
M3,mikl_gse173098,increase,mikl_gene:rab11fip2,0.7446808510638299,0.2984203687934212,0.0,0.0,M0_geometry,0.7851063829787234,0.28578808971592834,0.0,0.0,-0.04042553191489351,-0.01263227907749287
M3,mikl_gse173098,increase,mikl_gene:rasgrp4,0.15277777777777773,0.6594044810224828,0.0,0.0,M0_geometry,0.6111111111111112,0.3711177698380803,0.0,0.0,-0.4583333333333334,-0.2882867111844025
M3,mikl_gse173098,increase,mikl_gene:rasl10b,0.5201342281879195,0.27206331256605193,0.0,0.0,M0_geometry,0.5268456375838926,0.2786337137103696,0.5,0.5,-0.006711409395973034,0.006570401144317672
M3,mikl_gse173098,increase,mikl_gene:rbm47,0.5227272727272727,0.2867492497078351,0.5,1.0,M0_geometry,0.38636363636363635,0.3797804617619551,0.0,0.5,0.13636363636363635,0.09303121205412002
M3,mikl_gse173098,increase,mikl_gene:rmi2,0.22340425531914893,0.7110836121453905,0.0,0.5,M0_geometry,0.40425531914893614,0.5307975827221761,0.0,0.0,-0.18085106382978722,-0.18028602942321437
M3,mikl_gse173098,increase,mikl_gene:rnf165,0.5414201183431953,0.3273285720743967,0.0,0.0,M0_geometry,0.46449704142011833,0.4399301355642379,0.0,0.0,0.07692307692307693,0.11260156348984118
M3,mikl_gse173098,increase,mikl_gene:rorb,0.59375,0.4783951381835169,0.5,0.5,M0_geometry,0.6145833333333333,0.3977407336424389,0.0,0.5,-0.02083333333333326,-0.08065440454107803
M3,mikl_gse173098,increase,mikl_gene:rpl21,0.423728813559322,0.49370096634792027,0.0,0.5,M0_geometry,0.423728813559322,0.49370096634792027,0.0,0.5,0.0,0.0
M3,mikl_gse173098,increase,mikl_gene:rpl31,0.3,0.704654142733548,0.0,0.0,M0_geometry,0.6000000000000001,0.3914216670707571,0.0,0.0,-0.3000000000000001,-0.3132324756627909
M3,mikl_gse173098,increase,mikl_gene:rpl37,0.7631578947368421,0.3871428116022269,0.0,0.0,M0_geometry,0.9210526315789473,0.27946311900480625,0.0,0.0,-0.1578947368421052,-0.10767969259742066
M3,mikl_gse173098,increase,mikl_gene:rps19,0.625,0.2763153723621108,0.5,1.0,M0_geometry,0.75,0.2594193938486331,1.0,1.0,-0.125,-0.016895978513477683
M3,mikl_gse173098,increase,mikl_gene:rps20,0.8055555555555556,0.2894173656662987,0.5,0.5,M0_geometry,0.5555555555555556,0.6738017367044509,0.0,0.0,0.25,0.38438437103815215
M3,mikl_gse173098,increase,mikl_gene:rps24,0.0,1.0,0.5,0.5,M0_geometry,0.6428571428571428,0.3480050445399876,0.5,0.5,-0.6428571428571428,-0.6519949554600124
M3,mikl_gse173098,increase,mikl_gene:rpsa,0.5857142857142857,0.45987280293582666,0.0,0.0,M0_geometry,0.5857142857142857,0.45987280293582666,0.0,0.5,0.0,0.0
M3,mikl_gse173098,increase,mikl_gene:rragb,0.9431818181818182,0.09410662248579257,1.0,1.0,M0_geometry,0.5,0.2265371966626096,0.5,0.5,0.44318181818181823,0.13243057417681703
M3,mikl_gse173098,increase,mikl_gene:serbp1,0.5827586206896551,0.5305308465425759,0.0,0.0,M0_geometry,0.503448275862069,0.5018747316799606,0.0,0.0,0.07931034482758614,-0.028656114862615323
M3,mikl_gse173098,increase,mikl_gene:serhl,0.625,0.3248940919785887,1.0,1.0,M0_geometry,0.75,0.36030050157095367,0.5,1.0,-0.125,0.03540640959236496
M3,mikl_gse173098,increase,mikl_gene:serpina3k,0.09999999999999998,0.9662573273998053,0.5,1.0,M0_geometry,0.3,0.6938016551285313,1.0,1.0,-0.2,-0.272455672271274
M3,mikl_gse173098,increase,mikl_gene:serpine2,0.875,0.11091190631882034,1.0,1.0,M0_geometry,0.6875,0.20337466372678828,1.0,1.0,0.1875,0.09246275740796794
M3,mikl_gse173098,increase,mikl_gene:shank1,0.8801369863013698,0.2865073270883477,0.0,0.0,M0_geometry,0.547945205479452,0.2804363838569489,0.5,0.5,0.3321917808219178,-0.006070943231398784
M3,mikl_gse173098,increase,mikl_gene:shank3,0.4222222222222223,0.6235982477491608,0.0,0.0,M0_geometry,0.23888888888888887,0.6983201844960256,0.0,0.0,0.1833333333333334,0.07472193674686478
M3,mikl_gse173098,increase,mikl_gene:slamf7,0.4848484848484848,0.6076074223423844,0.0,0.5,M0_geometry,0.48484848484848486,0.5286573179747298,0.0,0.5,-5.551115123125783e-17,-0.0789501043676546
M3,mikl_gse173098,increase,mikl_gene:slc13a5,0.1724137931034483,0.8245031517340619,0.0,0.0,M0_geometry,0.5862068965517241,0.6440215775536464,0.5,1.0,-0.4137931034482758,-0.18048157418041544
M3,mikl_gse173098,increase,mikl_gene:slc17a7,0.34375,0.7179689614010027,0.0,0.0,M0_geometry,0.46875,0.6501855292263352,0.5,0.5,-0.125,-0.06778343217466754
M3,mikl_gse173098,increase,mikl_gene:slc17a9,0.2692307692307692,0.632322963998307,0.0,0.5,M0_geometry,0.2692307692307692,0.632322963998307,0.0,0.5,0.0,0.0
M3,mikl_gse173098,increase,mikl_gene:slc22a15,0.7868852459016393,0.2285870907887947,0.5,0.5,M0_geometry,0.319672131147541,0.6962847017286133,0.0,0.0,0.4672131147540983,0.46769761093981865
M3,mikl_gse173098,increase,mikl_gene:slc23a1,0.16666666666666669,0.8795792478243212,0.0,0.5,M0_geometry,0.4761904761904762,0.4552460907890038,0.5,0.5,-0.30952380952380953,-0.4243331570353174
M3,mikl_gse173098,increase,mikl_gene:slc28a3,0.7333333333333334,0.25502572770592996,0.5,1.0,M0_geometry,0.7666666666666667,0.2384137868997352,0.0,0.0,-0.033333333333333326,-0.01661194080619477
M3,mikl_gse173098,increase,mikl_gene:slc7a11,0.5862068965517242,0.6006232756795327,0.0,0.0,M0_geometry,0.43103448275862066,0.6237626412953567,0.0,0.0,0.15517241379310354,0.02313936561582408
M3,mikl_gse173098,increase,mikl_gene:slfn8,0.38235294117647056,0.735367206474837,0.0,0.5,M0_geometry,0.49999999999999994,0.47145680069042406,0.0,0.5,-0.11764705882352938,-0.26391040578441294
M3,mikl_gse173098,increase,mikl_gene:snap91,0.3516483516483516,0.35894006876244067,0.0,0.0,M0_geometry,0.8021978021978022,0.24818407932883824,0.0,0.0,-0.4505494505494506,-0.11075598943360243
M3,mikl_gse173098,increase,mikl_gene:sparc,0.5,0.5,0.5,1.0,M0_geometry,0.9166666666666666,0.13479107290116135,0.5,0.5,-0.41666666666666663,-0.3652089270988387
M3,mikl_gse173098,increase,mikl_gene:sptbn2,1.0,0.0,1.0,1.0,M0_geometry,0.0,1.0,1.0,1.0,1.0,1.0
M3,mikl_gse173098,increase,mikl_gene:srl,0.5789473684210527,0.430657291365362,0.5,0.5,M0_geometry,0.6842105263157895,0.4514843331217395,0.0,0.0,-0.10526315789473684,0.020827041756377507
M3,mikl_gse173098,increase,mikl_gene:sspn,0.564516129032258,0.31111300867870284,0.0,0.5,M0_geometry,0.1774193548387097,0.4749304171999797,0.0,0.0,0.3870967741935483,0.16381740852127685
M3,mikl_gse173098,increase,mikl_gene:st6gal1,0.38372093023255816,0.7419403711939694,0.0,0.0,M0_geometry,0.5116279069767442,0.4917510593188212,0.5,0.5,-0.12790697674418605,-0.2501893118751482
M3,mikl_gse173098,increase,mikl_gene:syt15,0.5967741935483871,0.4557439395064427,0.0,0.0,M0_geometry,0.43548387096774194,0.6883537601469581,0.5,0.5,0.16129032258064518,0.23260982064051544
M3,mikl_gse173098,increase,mikl_gene:tagln,0.8235294117647058,0.38648025076287584,0.0,1.0,M0_geometry,0.8235294117647058,0.38648025076287584,0.0,0.0,0.0,0.0
M3,mikl_gse173098,increase,mikl_gene:tbcel,0.6676470588235295,0.2708621814947001,1.0,1.0,M0_geometry,0.3235294117647059,0.6497652678925103,0.0,0.0,0.3441176470588236,0.37890308639781023
M3,mikl_gse173098,increase,mikl_gene:tcte1,0.675,0.3026278552026068,0.0,0.5,M0_geometry,0.55,0.43166082108992077,0.5,0.5,0.125,0.12903296588731394
M3,mikl_gse173098,increase,mikl_gene:tfap2b,0.6666666666666667,0.6417269065459401,0.0,0.0,M0_geometry,0.5444444444444445,0.7099583847905582,0.5,0.5,0.12222222222222223,0.06823147824461806
M3,mikl_gse173098,increase,mikl_gene:tfg,0.5,0.5310917826487668,0.5,0.5,M0_geometry,0.425925925925926,0.5684972976989999,0.0,0.0,0.07407407407407401,0.03740551505023315
M3,mikl_gse173098,increase,mikl_gene:thbd,0.45833333333333337,0.3431893962853053,0.5,0.5,M0_geometry,0.45833333333333337,0.3431893962853053,0.0,0.0,0.0,0.0
M3,mikl_gse173098,increase,mikl_gene:tirap,0.3548387096774193,0.5468632847069057,0.0,0.0,M0_geometry,0.5161290322580645,0.4730923637854687,0.0,0.0,-0.16129032258064518,-0.073770920921437
M3,mikl_gse173098,increase,mikl_gene:tmem242,0.85,0.14685287706270678,0.5,0.5,M0_geometry,0.6,0.4982780977054567,0.0,0.0,0.25,0.35142522064274995
M3,mikl_gse173098,increase,mikl_gene:tnfrsf19,0.3958333333333333,0.6963068272450524,0.5,0.5,M0_geometry,0.41666666666666663,0.6225824187100012,0.5,0.5,-0.020833333333333315,-0.07372440853505124
M3,mikl_gse173098,increase,mikl_gene:tor4a,0.5,0.5977807021887546,0.0,0.0,M0_geometry,0.4444444444444445,0.5576042236209097,0.5,0.5,0.055555555555555525,-0.0401764785678449
M3,mikl_gse173098,increase,mikl_gene:tpmt,0.07142857142857145,0.9329106851463334,0.0,0.5,M0_geometry,0.07142857142857145,0.8331405642856603,0.5,1.0,0.0,-0.09977012086067305
M3,mikl_gse173098,increase,mikl_gene:tpt1,0.5,0.5,1.0,1.0,M0_geometry,0.3888888888888889,0.3209987530452405,0.0,0.0,0.1111111111111111,-0.1790012469547595
M3,mikl_gse173098,increase,mikl_gene:trim56,0.7216494845360826,0.4506912924204301,0.0,0.0,M0_geometry,0.44845360824742264,0.5353093620886779,0.0,0.0,0.27319587628865993,0.08461806966824775
M3,mikl_gse173098,increase,mikl_gene:trp63,0.5373134328358209,0.25194930719932024,0.5,0.5,M0_geometry,0.7611940298507462,0.33066480121572406,0.0,0.0,-0.22388059701492535,0.07871549401640382
M3,mikl_gse173098,increase,mikl_gene:tulp1,0.0,1.0,1.0,1.0,M0_geometry,0.5,0.5694635138832331,1.0,1.0,-0.5,-0.43053648611676687
M3,mikl_gse173098,increase,mikl_gene:tusc3,0.3703703703703704,0.6538206928872081,0.0,0.0,M0_geometry,0.8518518518518519,0.18958428428095425,0.0,0.5,-0.48148148148148145,-0.46423640860625387
M3,mikl_gse173098,increase,mikl_gene:ube2m,0.45,0.4813132870732534,0.5,0.5,M0_geometry,0.7,0.4894708237538571,0.5,0.5,-0.24999999999999994,0.008157536680603705
M3,mikl_gse173098,increase,mikl_gene:unc5c,0.8333333333333333,0.23363001254005253,0.0,0.0,M0_geometry,0.674863387978142,0.3120734740165597,0.0,0.0,0.1584699453551912,0.07844346147650719
M3,mikl_gse173098,increase,mikl_gene:uqcrq,0.375,0.5946079663292252,0.5,1.0,M0_geometry,0.6875,0.29228946990312576,0.5,0.5,-0.3125,-0.3023184964260994
M3,mikl_gse173098,increase,mikl_gene:vangl1,0.4615384615384615,0.5359816258077994,0.0,1.0,M0_geometry,0.5288461538461537,0.4995967400417246,0.0,0.0,-0.06730769230769224,-0.03638488576607479
M3,mikl_gse173098,increase,mikl_gene:vapb,0.4358490566037736,0.3925204632286474,0.0,0.0,M0_geometry,0.25471698113207547,0.41542515430542093,0.0,0.0,0.18113207547169813,0.02290469107677351
M3,mikl_gse173098,increase,mikl_gene:vav3,0.8,0.3871404028877919,0.5,0.5,M0_geometry,0.4,0.7269281313126311,0.0,0.5,0.4,0.33978772842483923
M3,mikl_gse173098,increase,mikl_gene:vma21,0.5214592274678111,0.5874679981589184,0.0,0.0,M0_geometry,0.33690987124463523,0.651797312190298,0.0,0.0,0.18454935622317592,0.06432931403137965
M3,mikl_gse173098,increase,mikl_gene:wdr31,0.5357142857142857,0.20829229656327097,1.0,1.0,M0_geometry,0.5357142857142857,0.18023232981007142,0.5,0.5,0.0,-0.02805996675319955
M3,mikl_gse173098,increase,mikl_gene:zbtb20,0.9813218390804598,0.17357528694261487,0.5,0.5,M0_geometry,0.46264367816091956,0.4599689093147986,0.0,0.0,0.5186781609195402,0.28639362237218374
M3,mikl_gse173098,increase,mikl_gene:zfhx3,0.29901960784313725,0.6212069382150835,0.0,0.0,M0_geometry,0.8137254901960784,0.48690649823641347,0.0,0.0,-0.5147058823529411,-0.13430043997867008
M3,mikl_gse173098,increase,mikl_gene:zscan20,0.7976190476190477,0.4111785980971789,0.0,0.0,M0_geometry,0.5357142857142857,0.5505566561364461,0.5,0.5,0.261904761904762,0.13937805803926723
M3,moffatt_gse334718,decrease,moffatt_parent_sequence:139c4882daa7dfbf012c1a463d21076843e8e7d35ee52912c4dc135d78c1bdef,0.626722705277344,0.43671597049491984,0.14285714285714285,0.14285714285714285,M0_geometry,0.5726458025496806,0.4393005807331002,0.2857142857142857,0.2857142857142857,0.05407690272766341,0.0025846102381803515
M3,moffatt_gse334718,decrease,moffatt_parent_sequence:36e73539d1acd4413e3e1072562098393ce68280e289b4e966e985a09a34ac5f,0.6748992446600486,0.2800256942694167,0.14285714285714285,0.14285714285714285,M0_geometry,0.8584618863923055,0.18617853003320986,0.14285714285714285,0.5714285714285714,-0.1835626417322569,-0.09384716423620684
M3,moffatt_gse334718,decrease,moffatt_parent_sequence:45ec1d64039db0d8b56d704e14c7a76e3729d447f8dc0b19cf0e854517e5ed8d,0.7498147003038863,0.2275711474912145,0.4,0.6,M0_geometry,0.7793816107898174,0.21712912765604778,0.3,0.3,-0.029566910485931075,-0.01044201983516671
M3,moffatt_gse334718,decrease,moffatt_parent_sequence:572aefff72c0c5ebef579dab97cd510a0daaf1f661477a6c0c7da11ea8b145ee,0.747639271336224,0.2435150880160671,0.2222222222222222,0.2222222222222222,M0_geometry,0.699947915506506,0.2861571941290188,0.1111111111111111,0.2222222222222222,0.04769135582971795,0.04264210611295169
M3,moffatt_gse334718,decrease,moffatt_parent_sequence:71717d67de00792da52084974f2481e99d5aee74258ae7426800cc5b7aa44393,0.4392186813031282,0.3282906535010302,0.14285714285714285,0.14285714285714285,M0_geometry,0.5941222802383693,0.29904679494840203,0.2857142857142857,0.2857142857142857,-0.15490359893524114,-0.029243858552628177
M3,moffatt_gse334718,decrease,moffatt_parent_sequence:71b017fc3704c0a72626c909e1055d0dec5dc20d0b9a0142f93d196c4ea6c651,0.9966044142614601,0.009620985014153776,1.0,1.0,M0_geometry,0.9966044142614601,0.009620985014153776,1.0,1.0,0.0,0.0
M3,moffatt_gse334718,decrease,moffatt_parent_sequence:a99e16ae7c3711f8ed155495b69998e0a7ca017d377e53a2aaaa28b9fe672e89,0.7991277020087576,0.20344220241680538,0.3333333333333333,0.4444444444444444,M0_geometry,0.890952456951502,0.18691342102446123,0.2222222222222222,0.5555555555555556,-0.09182475494274445,-0.01652878139234415
M3,moffatt_gse334718,decrease,moffatt_parent_sequence:ebeaf12933f759f1472b6be1caeb911d7e9c703616cc2179a4826077ebc2145a,0.90625,0.11754657528583283,0.0,0.0,M0_geometry,0.34375,0.26564048521998374,0.0,0.0,0.5625,0.1480939099341509
M3,moffatt_gse334718,increase,moffatt_parent_sequence:139c4882daa7dfbf012c1a463d21076843e8e7d35ee52912c4dc135d78c1bdef,0.6881603199672254,0.5431681214029266,0.0,0.0,M0_geometry,0.8032464257744701,0.4828855398572628,0.0,0.0,-0.11508610580724477,-0.060282581545663794
M3,moffatt_gse334718,increase,moffatt_parent_sequence:36e73539d1acd4413e3e1072562098393ce68280e289b4e966e985a09a34ac5f,0.7811532981429835,0.3888775310768852,0.2857142857142857,0.2857142857142857,M0_geometry,0.6225578087746307,0.5026197033121969,0.0,0.0,0.15859548936835277,0.11374217223531163
M3,moffatt_gse334718,increase,moffatt_parent_sequence:45ec1d64039db0d8b56d704e14c7a76e3729d447f8dc0b19cf0e854517e5ed8d,0.7942742168489547,0.3580357182394521,0.2,0.2,M0_geometry,0.7375515046030037,0.4160947904996976,0.1,0.1,0.056722712245951046,0.05805907226024548
M3,moffatt_gse334718,increase,moffatt_parent_sequence:572aefff72c0c5ebef579dab97cd510a0daaf1f661477a6c0c7da11ea8b145ee,0.7369965099726152,0.5033381539673938,0.0,0.0,M0_geometry,0.6113221886247983,0.5273429886384966,0.0,0.1111111111111111,0.12567432134781698,0.024004834671102815
M3,moffatt_gse334718,increase,moffatt_parent_sequence:71717d67de00792da52084974f2481e99d5aee74258ae7426800cc5b7aa44393,0.736698214039586,0.4524336032008331,0.14285714285714285,0.14285714285714285,M0_geometry,0.49234471787359385,0.6474854925808672,0.0,0.0,0.24435349616599217,0.1950518893800341
M3,moffatt_gse334718,increase,moffatt_parent_sequence:71b017fc3704c0a72626c909e1055d0dec5dc20d0b9a0142f93d196c4ea6c651,0.7792869269949066,0.3349993904101807,0.0,0.0,M0_geometry,0.33276740237691005,0.46349121652474967,0.0,0.0,0.4465195246179966,0.128491826114569
M3,moffatt_gse334718,increase,moffatt_parent_sequence:a99e16ae7c3711f8ed155495b69998e0a7ca017d377e53a2aaaa28b9fe672e89,0.5274009333159277,0.5195176506469339,0.1111111111111111,0.1111111111111111,M0_geometry,0.7030563096310531,0.3871956115654679,0.1111111111111111,0.1111111111111111,-0.1756553763151254,-0.132322039081466
M3,moffatt_gse334718,increase,moffatt_parent_sequence:ebeaf12933f759f1472b6be1caeb911d7e9c703616cc2179a4826077ebc2145a,0.78125,0.7142208260569697,0.0,0.0,M0_geometry,0.15625,0.8356362680872341,0.0,0.0,0.625,0.12141544203026444
M3,tdp43_gse288185,decrease,tdp_gene:ENSMUSG00000004113,0.9641255605381166,0.43227462000713807,1.0,1.0,M0_geometry,0.9798206278026906,0.35877729350864795,0.0,0.0,-0.015695067264574036,-0.07349732649849011
M3,tdp43_gse288185,decrease,tdp_gene:ENSMUSG00000022095,0.8408163265306122,0.4671939418044128,0.0,0.0,M0_geometry,0.8408163265306122,0.4671939418044128,0.0,0.0,0.0,0.0
M3,tdp43_gse288185,decrease,tdp_gene:ENSMUSG00000028439,0.9525316455696202,0.48609285408247166,0.0,0.0,M0_geometry,0.8734177215189873,0.565718804195245,0.0,0.0,0.07911392405063289,0.07962595011277335
M3,tdp43_gse288185,decrease,tdp_gene:ENSMUSG00000029028,0.9248554913294798,0.20022610599855745,0.0,0.0,M0_geometry,0.8092485549132948,0.33701759417908916,0.0,0.0,0.11560693641618491,0.13679148818053172
M3,tdp43_gse288185,decrease,tdp_gene:ENSMUSG00000029636,0.4,0.5896666042952765,0.0,0.0,M0_geometry,0.0888888888888889,0.7444102852501282,0.0,0.0,0.3111111111111111,0.1547436809548517
M3,tdp43_gse288185,decrease,tdp_gene:ENSMUSG00000031028,0.7933194154488518,0.4542637879582625,0.0,0.0,M0_geometry,0.8058455114822547,0.44937362606924036,0.0,0.0,-0.012526096033402934,-0.004890161889022138
M3,tdp43_gse288185,decrease,tdp_gene:ENSMUSG00000032194,0.32178217821782173,0.788680860403013,1.0,1.0,M0_geometry,0.35148514851485146,0.7862338289676425,0.0,0.0,-0.02970297029702973,-0.002447031435370506
M3,tdp43_gse288185,decrease,tdp_gene:ENSMUSG00000034801,0.6938775510204082,0.41348138444690624,0.0,0.0,M0_geometry,0.826530612244898,0.35659243742005164,0.0,0.0,-0.13265306122448983,-0.0568889470268546
M3,tdp43_gse288185,decrease,tdp_gene:ENSMUSG00000035202,0.9880952380952381,0.08244328595178715,1.0,1.0,M0_geometry,0.3214285714285714,0.5785933630532726,0.0,0.0,0.6666666666666667,0.4961500771014854
M3,tdp43_gse288185,decrease,tdp_gene:ENSMUSG00000035279,0.7169811320754718,0.30432444318040397,0.0,0.0,M0_geometry,1.0,0.0,1.0,1.0,-0.28301886792452824,-0.30432444318040397
M3,tdp43_gse288185,decrease,tdp_gene:ENSMUSG00000038916,0.8,0.05800808062102571,1.0,1.0,M0_geometry,0.6,0.18625731196018766,1.0,1.0,0.20000000000000007,0.12824923133916194
M3,tdp43_gse288185,decrease,tdp_gene:ENSMUSG00000042529,0.9251497005988024,0.5521609218336399,0.0,0.0,M0_geometry,0.9251497005988024,0.5521609218336399,0.0,0.0,0.0,0.0
M3,tdp43_gse288185,decrease,tdp_gene:ENSMUSG00000043670,0.7978339350180506,0.8698051182500385,0.0,0.0,M0_geometry,0.6028880866425993,0.9037808033300748,0.0,0.0,0.19494584837545126,0.033975685080036344
M3,tdp43_gse288185,decrease,tdp_gene:ENSMUSG00000058297,0.9012987012987013,0.6544372595367643,0.0,0.0,M0_geometry,0.8753246753246753,0.707573223619292,0.0,0.0,0.025974025974025983,0.05313596408252763
M3,tdp43_gse288185,decrease,tdp_gene:ENSMUSG00000061578,0.9555273189326556,0.5222170150958684,0.0,0.0,M0_geometry,0.7611181702668361,0.6603795760675033,0.0,0.0,0.1944091486658195,0.13816256097163493
M3,tdp43_gse288185,decrease,tdp_gene:ENSMUSG00000090935,0.6060606060606061,0.5556092383241176,0.0,0.0,M0_geometry,0.33838383838383834,0.6132501297368078,0.0,0.0,0.26767676767676774,0.05764089141269024
M3,tdp43_gse288185,increase,tdp_gene:ENSMUSG00000004113,0.3004484304932735,0.3207370656513982,0.0,0.0,M0_geometry,0.29147982062780264,0.32332292696359216,0.0,0.0,0.008968609865470878,0.00258586131219396
M3,tdp43_gse288185,increase,tdp_gene:ENSMUSG00000022095,0.8612244897959184,0.05561568589538008,1.0,1.0,M0_geometry,0.8938775510204082,0.049097484818310416,1.0,1.0,-0.032653061224489854,-0.006518201077069664
M3,tdp43_gse288185,increase,tdp_gene:ENSMUSG00000028439,0.2721518987341772,0.39399321138634225,0.0,0.0,M0_geometry,0.3481012658227848,0.38825789683811973,0.0,0.0,-0.07594936708860756,-0.005735314548222514
M3,tdp43_gse288185,increase,tdp_gene:ENSMUSG00000029028,0.8670520231213873,0.06280053530253084,1.0,1.0,M0_geometry,0.9364161849710982,0.04348618651952153,1.0,1.0,-0.06936416184971095,-0.019314348783009305
M3,tdp43_gse288185,increase,tdp_gene:ENSMUSG00000029636,0.38148148148148153,0.4740890771164718,0.0,0.0,M0_geometry,0.674074074074074,0.38501248499893864,0.0,0.0,-0.2925925925925925,-0.08907659211753316
M3,tdp43_gse288185,increase,tdp_gene:ENSMUSG00000031028,0.8204592901878914,0.35622954293462183,0.0,0.0,M0_geometry,0.732776617954071,0.3870153898564081,0.0,0.0,0.08768267223382042,0.030785846921786264
M3,tdp43_gse288185,increase,tdp_gene:ENSMUSG00000032194,0.806930693069307,0.19421880198347227,0.0,0.0,M0_geometry,0.806930693069307,0.19421880198347227,0.0,1.0,0.0,0.0
M3,tdp43_gse288185,increase,tdp_gene:ENSMUSG00000034801,0.20408163265306123,0.6308583424370486,0.0,0.0,M0_geometry,0.8163265306122449,0.32920092024620307,0.0,0.0,-0.6122448979591837,-0.30165742219084557
M3,tdp43_gse288185,increase,tdp_gene:ENSMUSG00000035202,0.7142857142857143,0.40896441292902486,0.0,0.0,M0_geometry,0.5357142857142857,0.4967095320932047,0.0,0.0,0.1785714285714286,0.08774511916417982
M3,tdp43_gse288185,increase,tdp_gene:ENSMUSG00000035279,0.5283018867924528,0.6064058729940726,0.0,0.0,M0_geometry,0.6603773584905661,0.5131427182862321,0.0,0.0,-0.1320754716981133,-0.09326315470784041
M3,tdp43_gse288185,increase,tdp_gene:ENSMUSG00000038916,0.4,0.8137426880398124,1.0,1.0,M0_geometry,0.19999999999999996,0.9419919193789744,0.0,1.0,0.20000000000000007,0.128249231339162
M3,tdp43_gse288185,increase,tdp_gene:ENSMUSG00000042529,0.5239520958083832,0.32337215713050144,0.0,0.0,M0_geometry,0.23952095808383234,0.35638612101889616,0.0,0.0,0.28443113772455086,0.033013963888394726
M3,tdp43_gse288185,increase,tdp_gene:ENSMUSG00000043670,0.5884476534296028,0.08413258720992961,1.0,1.0,M0_geometry,0.9783393501805054,0.040629563307894634,1.0,1.0,-0.3898916967509026,-0.043503023902034976
M3,tdp43_gse288185,increase,tdp_gene:ENSMUSG00000058297,1.0,0.0,1.0,1.0,M0_geometry,0.5194805194805194,0.14091901511436436,0.0,0.0,0.48051948051948057,0.14091901511436436
M3,tdp43_gse288185,increase,tdp_gene:ENSMUSG00000061578,0.3456162642947903,0.3182834086800808,0.0,0.0,M0_geometry,0.02287166454891998,0.6514301368538886,0.0,0.0,0.32274459974587033,0.3331467281738078
M3,tdp43_gse288185,increase,tdp_gene:ENSMUSG00000090935,0.037878787878787845,0.6138011248055106,0.0,0.0,M0_geometry,0.21464646464646464,0.4875768197361921,0.0,0.0,-0.1767676767676768,-0.12622430506931853
