model,dataset,requested_direction,biological_unit,decision_sets,directional_rank_percentile,normalized_regret,selected_normalized_utility,selected_experimental_utility,good_selection_at_1,good_selection_at_3,good_selection_at_5,oracle_recovered,spearman
M0_geometry,mikl_gse173098,decrease,mikl_gene:2810459m11rik,2,0.0,1.0,0.0,-0.9720710893351376,0.0,0.0,0.0,0.0,-0.04884004884004883
M0_geometry,mikl_gse173098,decrease,mikl_gene:9130008f23rik,2,0.6176470588235294,0.40698505047498335,0.5930149495250167,0.5480620725980319,0.5,0.5,0.5,0.0,-0.23632610939112486
M0_geometry,mikl_gse173098,decrease,mikl_gene:a630089n07rik,2,0.40909090909090906,0.7236190530370252,0.27638094696297477,0.7440225896789969,0.0,0.0,0.5,0.0,0.08349802371541501
M0_geometry,mikl_gse173098,decrease,mikl_gene:abhd17a,2,0.5,0.5,0.5,0.4652578606306658,0.5,0.5,1.0,0.5,-0.3
M0_geometry,mikl_gse173098,decrease,mikl_gene:abi1,2,0.9015748031496063,0.40681382377894415,0.5931861762210557,1.2073865641740746,0.0,0.0,0.0,0.0,-0.10406047435873235
M0_geometry,mikl_gse173098,decrease,mikl_gene:acnat2,2,0.625,0.5846812411634855,0.41531875883651453,0.22700072610362104,0.0,0.0,1.0,0.0,-0.15
M0_geometry,mikl_gse173098,decrease,mikl_gene:aco2,2,0.625,0.32472292364034233,0.6752770763596576,-0.050957955545752553,0.5,0.5,0.5,0.5,0.07500000000000001
M0_geometry,mikl_gse173098,decrease,mikl_gene:actb,2,0.75,0.10499467592335106,0.8950053240766489,0.14374547740938395,0.5,0.5,0.5,0.0,-0.13636363636363635
M0_geometry,mikl_gse173098,decrease,mikl_gene:adamts18,2,0.29012345679012347,0.4909075542699012,0.5090924457300988,-0.05754535532227465,0.0,0.0,0.0,0.0,0.1434246470978766
M0_geometry,mikl_gse173098,decrease,mikl_gene:adap2,2,0.75,0.2150761179198268,0.7849238820801732,1.5734082136515304,0.5,0.5,0.5,0.5,-0.07500000000000001
M0_geometry,mikl_gse173098,decrease,mikl_gene:agtrap,2,0.3939393939393939,0.6132585798005914,0.38674142019940866,-0.15032066906555044,0.0,0.0,0.0,0.0,-0.014626067523345838
M0_geometry,mikl_gse173098,decrease,mikl_gene:ankef1,2,0.5576923076923077,0.4332014782336593,0.5667985217663407,0.2619317015514936,0.0,0.0,0.0,0.0,0.046398046398046386
M0_geometry,mikl_gse173098,decrease,mikl_gene:aqp4,2,0.47058823529411764,0.6793117573722499,0.3206882426277501,0.1405431501079123,0.0,0.0,0.0,0.0,0.043137254901960784
M0_geometry,mikl_gse173098,decrease,mikl_gene:arc,2,0.56,0.8387482861004423,0.16125171389955778,0.31378499853698627,0.0,0.0,0.0,0.0,0.16478632478632477
M0_geometry,mikl_gse173098,decrease,mikl_gene:arhgap31,2,0.4,0.5929452241959106,0.4070547758040894,0.0432835942485642,0.0,0.0,0.0,0.0,-0.11176470588235293
M0_geometry,mikl_gse173098,decrease,mikl_gene:arid2,2,0.5031645569620253,0.5733261515613275,0.42667384843867256,0.1050113467635224,0.0,0.0,0.0,0.0,0.06640210850365148
M0_geometry,mikl_gse173098,decrease,mikl_gene:arpc1b,2,0.21739130434782605,0.5255759511170637,0.4744240488829363,-0.47572485034105805,0.0,0.0,0.0,0.0,-0.18310592044403332
M0_geometry,mikl_gse173098,decrease,mikl_gene:atp5j2,2,0.3,0.6403906441784426,0.35960935582155734,0.0852126779980144,0.0,0.0,0.5,0.0,-0.5714285714285715
M0_geometry,mikl_gse173098,decrease,mikl_gene:bdnf,2,0.2574257425742574,0.6585228107360881,0.34147718926391196,-0.37271510537239155,0.0,0.0,0.5,0.0,-0.13416774701792517
M0_geometry,mikl_gse173098,decrease,mikl_gene:brsk1,2,0.4523809523809524,0.6526951436653883,0.3473048563346117,0.15407804064827244,0.0,0.0,0.0,0.0,0.07284020327498589
M0_geometry,mikl_gse173098,decrease,mikl_gene:c130026i21rik,2,0.95,0.21168133267089798,0.788318667329102,0.6605111623430617,0.5,0.5,1.0,0.5,0.30000000000000004
M0_geometry,mikl_gse173098,decrease,mikl_gene:calm1,2,0.2888888888888889,0.5183091593859885,0.4816908406140115,-0.3855754530666528,0.0,0.0,0.0,0.0,-0.28732654949121184
M0_geometry,mikl_gse173098,decrease,mikl_gene:camk2a,2,0.3525179856115108,0.6298613849461244,0.3701386150538756,0.002013101227033451,0.0,0.0,0.0,0.0,0.13243532833307825
M0_geometry,mikl_gse173098,decrease,mikl_gene:ccdc141,2,0.39999999999999997,0.56746836547846,0.43253163452154003,0.10954047102483797,0.0,0.0,0.0,0.0,-0.07213675213675214
M0_geometry,mikl_gse173098,decrease,mikl_gene:ccnd1,2,0.42916666666666664,0.6084019683293438,0.39159803167065615,-0.0043322525655154764,0.0,0.5,0.5,0.0,0.02020227815020957
M0_geometry,mikl_gse173098,decrease,mikl_gene:ccnd2,2,0.2619047619047619,0.5098886328702669,0.4901113671297332,-0.22289267162863596,0.0,0.0,0.0,0.0,0.035486487576275136
M0_geometry,mikl_gse173098,decrease,mikl_gene:ccni,2,0.3888888888888889,0.8491179153687269,0.150882084631273,0.15135847593199353,0.0,0.5,0.5,0.0,-0.07272727272727272
M0_geometry,mikl_gse173098,decrease,mikl_gene:cd84,2,0.5816326530612246,0.38370571565963363,0.6162942843403664,0.23630359753221486,0.0,0.0,0.5,0.0,0.17963985594237694
M0_geometry,mikl_gse173098,decrease,mikl_gene:cdc42,2,0.5596026490066225,0.5848241943781853,0.4151758056218147,0.23016266288832843,0.0,0.0,0.0,0.0,0.01928411312660509
M0_geometry,mikl_gse173098,decrease,mikl_gene:cdk15,2,0.18181818181818177,0.6970476749070902,0.3029523250929098,-0.992701272901083,0.0,0.0,0.0,0.0,-0.27972027972027974
M0_geometry,mikl_gse173098,decrease,mikl_gene:chmp3,2,0.43636363636363634,0.5979179042871456,0.4020820957128544,0.0337192225139195,0.0,0.0,0.0,0.0,-0.06100412065095744
M0_geometry,mikl_gse173098,decrease,mikl_gene:chrdl1,2,0.3673469387755102,0.623916321563882,0.376083678436118,-0.5032818320030821,0.0,0.0,0.0,0.0,0.08763505402160864
M0_geometry,mikl_gse173098,decrease,mikl_gene:cnot6l,2,0.4409090909090909,0.5840727708849107,0.4159272291150892,-0.019655399503050508,0.0,0.0,0.0,0.0,-0.01414934271540967
M0_geometry,mikl_gse173098,decrease,mikl_gene:cntn2,2,0.2948717948717949,0.5314658762083243,0.4685341237916757,-0.020406234345305543,0.0,0.0,0.0,0.0,-0.04042086195625578
M0_geometry,mikl_gse173098,decrease,mikl_gene:col1a1,2,0.27083333333333337,0.6864193427116908,0.31358065728830925,-0.0943592852151264,0.0,0.0,0.0,0.0,-0.07269230769230768
M0_geometry,mikl_gse173098,decrease,mikl_gene:col27a1,2,0.10576923076923073,0.5780423638927232,0.42195763610727677,-0.6188090857314139,0.0,0.0,0.0,0.0,0.03279087909735017
M0_geometry,mikl_gse173098,decrease,mikl_gene:col8a1,2,0.6875,0.43005816286841614,0.5699418371315839,0.538836375156569,0.0,0.0,0.0,0.0,0.125
M0_geometry,mikl_gse173098,decrease,mikl_gene:colec12,2,0.2781954887218045,0.6542885280762132,0.34571147192378676,-0.2596373810205292,0.0,0.0,0.0,0.0,0.03322619494430759
M0_geometry,mikl_gse173098,decrease,mikl_gene:cox8a,2,0.09999999999999998,0.7173470276878489,0.28265297231215114,-0.07445390748412371,0.0,0.5,1.0,0.0,0.26818181818181824
M0_geometry,mikl_gse173098,decrease,mikl_gene:cplx2,2,0.6341463414634146,0.5066851668130502,0.4933148331869498,0.2850262269716496,0.0,0.0,0.0,0.0,-0.05421686746987951
M0_geometry,mikl_gse173098,decrease,mikl_gene:ctdspl2,2,0.15000000000000002,0.8195669551314367,0.18043304486856326,-0.37231754337399553,0.0,0.5,0.5,0.0,-0.049999999999999975
M0_geometry,mikl_gse173098,decrease,mikl_gene:cyp26b1,2,0.6417910447761195,0.6297384589409039,0.37026154105909614,0.32695082791706215,0.0,0.0,0.0,0.0,0.03336259877085162
M0_geometry,mikl_gse173098,decrease,mikl_gene:dcdc2a,2,0.5588235294117647,0.4365835570220714,0.5634164429779286,0.2654178628647939,0.0,0.0,0.0,0.0,-0.028814138137112616
M0_geometry,mikl_gse173098,decrease,mikl_gene:ddx58,2,0.4444444444444445,0.35146778463126405,0.648532215368736,0.005470107008030101,0.0,1.0,1.0,0.0,0.4121212121212121
M0_geometry,mikl_gse173098,decrease,mikl_gene:disp2,2,0.4487179487179487,0.6100986112153461,0.3899013887846538,0.0797658795872097,0.0,0.0,0.5,0.0,0.04462025316455696
M0_geometry,mikl_gse173098,decrease,mikl_gene:dlg4,2,0.841645885286783,0.5187906254378278,0.48120937456217217,0.6037636333761001,0.0,0.0,0.0,0.0,-0.017928541490447036
M0_geometry,mikl_gse173098,decrease,mikl_gene:dock8,2,0.8846153846153846,0.3360936707606583,0.6639063292393417,0.898397005548512,0.5,0.5,0.5,0.5,0.09450549450549452
M0_geometry,mikl_gse173098,decrease,mikl_gene:dtx3l,2,0.28378378378378377,0.7574863270170688,0.24251367298293125,-0.10862159966100454,0.0,0.0,1.0,0.0,0.07889265784002625
M0_geometry,mikl_gse173098,decrease,mikl_gene:dusp18,2,0.71875,0.5338196104717907,0.4661803895282093,0.6685723570219193,0.0,0.0,0.0,0.0,0.1257142857142857
M0_geometry,mikl_gse173098,decrease,mikl_gene:ebf1,2,0.8444444444444444,0.44025625340837526,0.5597437465916247,0.9699430876880155,0.0,0.0,0.5,0.0,-0.0851063829787234
M0_geometry,mikl_gse173098,decrease,mikl_gene:eef2,2,0.6666666666666667,0.5430773628021677,0.4569226371978324,0.3743450316978637,0.0,0.0,0.5,0.0,0.14285714285714288
M0_geometry,mikl_gse173098,decrease,mikl_gene:egf,2,0.5434782608695652,0.5184310778940527,0.48156892210594726,0.2529492558372801,0.0,0.0,0.0,0.0,-0.03416975023126735
M0_geometry,mikl_gse173098,decrease,mikl_gene:eif3f,2,0.6,0.27477282232320016,0.7252271776767998,0.8237806412850177,0.5,0.5,0.5,0.5,0.027272727272727282
M0_geometry,mikl_gse173098,decrease,mikl_gene:ern1,2,0.32142857142857145,0.5503894594140957,0.4496105405859043,0.031129422035312798,0.0,0.0,0.0,0.0,-0.019254001812141347
M0_geometry,mikl_gse173098,decrease,mikl_gene:esr1,2,0.0,1.0,0.0,-2.588336280025054,0.0,0.0,1.0,0.0,-0.028476084538375974
M0_geometry,mikl_gse173098,decrease,mikl_gene:exo1,2,0.3481012658227848,0.6628509417039516,0.3371490582960484,-0.1372079115976301,0.0,0.0,0.0,0.0,-0.005420614565650263
M0_geometry,mikl_gse173098,decrease,mikl_gene:fgf13,2,0.5555555555555556,0.4762111969299583,0.5237888030700417,0.1168677450606349,0.0,0.5,0.5,0.0,0.13333333333333333
M0_geometry,mikl_gse173098,decrease,mikl_gene:fgf3,2,0.7592592592592593,0.3082086180301921,0.6917913819698078,0.5802410800762781,0.0,0.5,0.5,0.0,0.09496442255062944
M0_geometry,mikl_gse173098,decrease,mikl_gene:foxp2,2,0.4262295081967213,0.49792539328790875,0.5020746067120913,-0.0365239610852975,0.0,0.0,0.5,0.0,-0.06775353149766002
M0_geometry,mikl_gse173098,decrease,mikl_gene:gabra4,2,0.6875,0.33547217155908754,0.6645278284409124,0.761045642992465,0.5,0.5,0.5,0.0,0.10171568627450982
M0_geometry,mikl_gse173098,decrease,mikl_gene:gbp7,2,0.19607843137254904,0.579499580560084,0.42050041943991606,-0.7149854815417251,0.0,0.0,0.0,0.0,-0.020361990950226238
M0_geometry,mikl_gse173098,decrease,mikl_gene:gli3,2,0.3888888888888889,0.8146926910856146,0.1853073089143854,-0.5385280476223849,0.0,0.0,0.5,0.0,0.156140350877193
M0_geometry,mikl_gse173098,decrease,mikl_gene:gpc6,2,0.5416666666666667,0.60440930302603,0.3955906969739699,0.10321816755832357,0.0,0.5,0.5,0.0,-0.05219780219780219
M0_geometry,mikl_gse173098,decrease,mikl_gene:gpr17,2,0.7000000000000001,0.5487079557984047,0.45129204420159524,0.3433584652047296,0.0,0.0,0.0,0.0,0.18867438867438868
M0_geometry,mikl_gse173098,decrease,mikl_gene:gpr35,2,0.16666666666666663,0.7894428547177421,0.21055714528225783,-0.2335161931510189,0.0,0.5,0.5,0.0,-0.039473684210526314
M0_geometry,mikl_gse173098,decrease,mikl_gene:grin1,2,0.9333333333333333,0.053718082409082504,0.9462819175909175,0.5196321067634557,0.5,0.5,0.5,0.0,-0.07941176470588235
M0_geometry,mikl_gse173098,decrease,mikl_gene:gstm1,2,0.375,0.5755882679961979,0.42441173200380217,0.19603644475577425,0.0,0.5,1.0,0.0,-0.09999999999999999
M0_geometry,mikl_gse173098,decrease,mikl_gene:hic2,2,0.19387755102040816,0.5023318078734936,0.49766819212650637,-0.34510628855452485,0.0,0.0,1.0,0.0,0.026586270871985156
M0_geometry,mikl_gse173098,decrease,mikl_gene:hpcal4,2,0.9534883720930233,0.11729147401976203,0.882708525980238,0.5126735376617132,0.5,0.5,0.5,0.5,0.04626448736743897
M0_geometry,mikl_gse173098,decrease,mikl_gene:ids,2,0.13043478260869568,0.8532004844681949,0.14679951553180515,-0.5166168810616506,0.0,0.0,0.0,0.0,-0.34391304347826085
M0_geometry,mikl_gse173098,decrease,mikl_gene:invs,2,0.7625,0.5925939883937543,0.4074060116062456,0.3546796098436762,0.0,0.5,0.5,0.0,0.0784843205574913
M0_geometry,mikl_gse173098,decrease,mikl_gene:itga1,2,0.8046875,0.2834075236912117,0.7165924763087883,0.8132695308740028,0.0,0.5,0.5,0.0,-0.023557692307692307
M0_geometry,mikl_gse173098,decrease,mikl_gene:itga4,2,0.625,0.6899787088439989,0.3100212911560011,0.254347326392923,0.0,0.0,0.0,0.0,0.023954703832752618
M0_geometry,mikl_gse173098,decrease,mikl_gene:itpr2,2,0.05555555555555558,0.7495058572204607,0.25049414277953935,-1.5194032466771477,0.0,0.0,0.0,0.0,-0.207257326007326
M0_geometry,mikl_gse173098,decrease,mikl_gene:jund,2,0.5416666666666666,0.4759594756340786,0.5240405243659214,0.12115048430095744,0.5,0.5,1.0,0.0,-0.11813186813186813
M0_geometry,mikl_gse173098,decrease,mikl_gene:kcna6,2,0.6216216216216217,0.48870653140169973,0.5112934685983003,0.23019869395791576,0.0,0.0,0.0,0.0,0.07480796586059743
M0_geometry,mikl_gse173098,decrease,mikl_gene:kcng3,2,0.375,0.577963404768112,0.42203659523188797,0.13999008034804197,0.0,0.0,0.0,0.0,-0.44999999999999996
M0_geometry,mikl_gse173098,decrease,mikl_gene:kcnq5,2,0.14864864864864863,0.7995430787699684,0.20045692123003156,-0.5732020389386844,0.0,0.0,0.0,0.0,0.004705109968267861
M0_geometry,mikl_gse173098,decrease,mikl_gene:kctd4,2,0.5,0.4063446687535091,0.593655331246491,-0.07463269867064501,0.0,0.0,0.0,0.0,-0.030769230769230767
M0_geometry,mikl_gse173098,decrease,mikl_gene:kif1a,2,0.79,0.4392070650637667,0.5607929349362333,0.5203234851674714,0.0,0.0,0.0,0.0,-0.03502262443438913
M0_geometry,mikl_gse173098,decrease,mikl_gene:kif5c,2,0.6666666666666667,0.15968202713361151,0.8403179728663885,0.3570516082957302,0.0,0.5,0.5,0.0,0.22217741935483873
M0_geometry,mikl_gse173098,decrease,mikl_gene:liph,2,0.021739130434782594,0.8243222794234466,0.17567772057655345,-2.1002391385476127,0.0,0.5,1.0,0.0,-0.07957309071822238
M0_geometry,mikl_gse173098,decrease,mikl_gene:lypd1,2,0.2535211267605634,0.5894944066490034,0.41050559335099657,-0.18755783035904014,0.0,0.0,0.0,0.0,0.08177440490331857
M0_geometry,mikl_gse173098,decrease,mikl_gene:magi2,2,0.18823529411764706,0.6825803894353253,0.31741961056467466,-0.45150363195378695,0.0,0.0,0.0,0.0,-0.07739099992111931
M0_geometry,mikl_gse173098,decrease,mikl_gene:malt1,2,0.42452830188679247,0.5461641292552131,0.453835870744787,-0.04939013439123552,0.0,0.0,0.0,0.0,-0.14610253478178004
M0_geometry,mikl_gse173098,decrease,mikl_gene:map1a,2,0.620253164556962,0.42560962050050866,0.5743903794994913,0.32770026245581424,0.0,0.0,0.0,0.0,-0.10076183778715425
M0_geometry,mikl_gse173098,decrease,mikl_gene:map2,2,0.3246268656716418,0.6546867805332537,0.34531321946674637,-0.21959192617667497,0.0,0.5,0.5,0.0,0.07340033509029509
M0_geometry,mikl_gse173098,decrease,mikl_gene:mapk8ip1,2,0.42105263157894735,0.5738651443031604,0.4261348556968396,0.2932119617642807,0.0,1.0,1.0,0.0,0.22556390977443608
M0_geometry,mikl_gse173098,decrease,mikl_gene:mavs,2,0.40384615384615385,0.5690996174199425,0.4309003825800574,0.0747221506652537,0.0,0.0,0.0,0.0,-0.10653235653235654
M0_geometry,mikl_gse173098,decrease,mikl_gene:mcf2l,2,0.4305555555555555,0.6609673452969238,0.33903265470307625,0.2937609456491513,0.0,0.0,0.0,0.0,-0.07195353247984826
M0_geometry,mikl_gse173098,decrease,mikl_gene:meis2,2,0.40476190476190477,0.528199708041701,0.471800291958299,-0.3020293808646468,0.0,0.5,0.5,0.0,-0.03557312252964428
M0_geometry,mikl_gse173098,decrease,mikl_gene:mis18bp1,2,0.5714285714285714,0.4721736764212714,0.5278263235787286,0.23226419135538834,0.0,0.0,0.5,0.0,-0.04761904761904764
M0_geometry,mikl_gse173098,decrease,mikl_gene:mocs2,2,0.002617801047120394,0.9299773340469377,0.07002266595306228,-5.64501954702822,0.0,0.0,0.0,0.0,-0.06456216704474323
M0_geometry,mikl_gse173098,decrease,mikl_gene:mre11a,2,0.3035714285714286,0.5711158977829728,0.42888410221702716,-0.0091880665546223,0.0,0.0,0.0,0.0,0.10075132481890176
M0_geometry,mikl_gse173098,decrease,mikl_gene:mrpl33,2,0.5,0.4362366944798336,0.5637633055201664,0.1844185981892933,0.0,0.0,0.5,0.0,0.16363636363636364
M0_geometry,mikl_gse173098,decrease,mikl_gene:ndnf,2,0.6214285714285714,0.4662290683511643,0.5337709316488357,0.463853475553682,0.0,0.0,0.0,0.0,0.05741113346747148
M0_geometry,mikl_gse173098,decrease,mikl_gene:ndufa12,2,0.5625,0.525685970099132,0.474314029900868,0.2754165830939349,0.0,0.5,0.5,0.0,-0.425
M0_geometry,mikl_gse173098,decrease,mikl_gene:ndufb8,2,0.5588235294117647,0.720530815005384,0.2794691849946161,0.12958934687053433,0.0,0.0,0.5,0.0,0.07223942208462333
M0_geometry,mikl_gse173098,decrease,mikl_gene:necab1,2,0.9166666666666667,0.3124981177896996,0.6875018822103004,1.0672680192939004,0.5,0.5,0.5,0.5,0.21428571428571427
M0_geometry,mikl_gse173098,decrease,mikl_gene:nhsl2,2,0.15199999999999997,0.5187433378329724,0.48125666216702756,-0.3920658260103253,0.0,0.0,0.0,0.0,-0.16018907974659158
M0_geometry,mikl_gse173098,decrease,mikl_gene:nnat,2,0.4605263157894737,0.7591576820599959,0.24084231794000405,0.21486863121777713,0.0,0.0,0.0,0.0,-0.012501739117250811
M0_geometry,mikl_gse173098,decrease,mikl_gene:nrgn,2,0.17241379310344823,0.5157472541908097,0.4842527458091903,-0.38988403174303776,0.0,0.0,1.0,0.0,-0.21668520578420467
M0_geometry,mikl_gse173098,decrease,mikl_gene:nsmf,2,0.5512820512820513,0.44037445816874776,0.5596255418312523,0.26853413927089115,0.0,0.0,0.0,0.0,-0.00300187617260788
M0_geometry,mikl_gse173098,decrease,mikl_gene:oaf,2,0.35135135135135137,0.5814917810292857,0.4185082189707144,-0.1151629906683411,0.0,0.0,0.0,0.0,0.06860706860706861
M0_geometry,mikl_gse173098,decrease,mikl_gene:ociad2,2,0.440625,0.7389436624032665,0.2610563375967335,-0.8386555404413333,0.0,0.0,0.0,0.0,-0.09748030334313958
M0_geometry,mikl_gse173098,decrease,mikl_gene:ogt,2,0.449438202247191,0.49748762945269676,0.5025123705473032,0.06396324175743379,0.0,0.0,0.0,0.0,-0.027130921512943988
M0_geometry,mikl_gse173098,decrease,mikl_gene:oprd1,2,0.6810344827586207,0.2798601023438439,0.7201398976561562,0.4615272108659955,0.0,0.0,0.0,0.0,-0.035184102863822335
M0_geometry,mikl_gse173098,decrease,mikl_gene:otc,2,0.36111111111111116,0.7033485211768679,0.29665147882313214,-0.10888906223798214,0.0,0.0,0.0,0.0,-0.12894736842105267
M0_geometry,mikl_gse173098,decrease,mikl_gene:oxct1,2,0.8833333333333333,0.32834701817031703,0.671652981829683,1.0161424673681057,0.0,0.5,1.0,0.0,0.1257684363634427
M0_geometry,mikl_gse173098,decrease,mikl_gene:pacsin1,2,0.38028169014084506,0.5542629125375207,0.44573708746247936,0.127611631059348,0.0,0.0,0.0,0.0,-0.028434803578485116
M0_geometry,mikl_gse173098,decrease,mikl_gene:pate2,2,0.8333333333333334,0.2884388071688426,0.7115611928311574,1.1906324627256832,0.5,0.5,1.0,0.5,-0.03245614035087719
M0_geometry,mikl_gse173098,decrease,mikl_gene:pcdh15,2,0.4870967741935484,0.6841195375250897,0.31588046247491036,0.08279870372104559,0.0,0.0,0.0,0.0,0.04638459957958622
M0_geometry,mikl_gse173098,decrease,mikl_gene:pde1c,2,0.7333333333333333,0.6245275011964111,0.37547249880358896,0.641896570059043,0.0,0.0,0.0,0.0,0.04315187545658362
M0_geometry,mikl_gse173098,decrease,mikl_gene:pde2a,2,0.13,0.8478877668060802,0.1521122331939198,-0.2545280118029939,0.0,0.0,0.0,0.0,0.03705882352941176
M0_geometry,mikl_gse173098,decrease,mikl_gene:pdp1,2,0.5217391304347826,0.48304234619334896,0.516957653806651,0.417642894563783,0.0,0.0,0.0,0.0,-0.04349831941231613
M0_geometry,mikl_gse173098,decrease,mikl_gene:pdpk1,2,0.5108695652173914,0.4168521642728072,0.5831478357271929,0.41557953025596717,0.0,0.0,0.0,0.0,0.024063913727760664
M0_geometry,mikl_gse173098,decrease,mikl_gene:pgap1,2,0.24862637362637363,0.5495918031059633,0.45040819689403666,-0.2919116050335109,0.0,0.0,0.0,0.0,-0.009812375519922105
M0_geometry,mikl_gse173098,decrease,mikl_gene:plin3,2,0.4285714285714286,0.4558496385186739,0.5441503614813261,-0.006357424886340557,0.0,0.0,0.0,0.0,-0.04088669950738916
M0_geometry,mikl_gse173098,decrease,mikl_gene:ppp1r9b,2,0.5344827586206897,0.6066574137310491,0.3933425862689509,0.28608471031819227,0.0,0.0,0.0,0.0,-0.11457174638487208
M0_geometry,mikl_gse173098,decrease,mikl_gene:prlr,2,0.9240506329113924,0.260935727997709,0.7390642720022911,1.112613132644582,0.0,0.5,0.5,0.0,-0.026734646038443506
M0_geometry,mikl_gse173098,decrease,mikl_gene:prrx1,2,0.5,0.5,0.5,0.1521180600750418,0.5,0.5,0.5,0.5,0.06531531531531533
M0_geometry,mikl_gse173098,decrease,mikl_gene:psd,2,0.9285714285714286,0.01872557447700362,0.9812744255229964,0.645438845114109,1.0,1.0,1.0,0.5,0.6309523809523809
M0_geometry,mikl_gse173098,decrease,mikl_gene:ptgs2,2,0.7692307692307692,0.35557846173688856,0.6444215382631114,0.5852889598034083,0.0,0.0,0.0,0.0,-0.1010989010989011
M0_geometry,mikl_gse173098,decrease,mikl_gene:ptpn14,2,0.7647058823529411,0.33855453377727035,0.6614454662227296,0.4276829944416125,0.0,0.0,0.0,0.0,-0.03760778622043883
M0_geometry,mikl_gse173098,decrease,mikl_gene:ptprb,2,0.7394366197183098,0.43792712874861417,0.5620728712513858,0.4388203278713927,0.0,0.0,0.0,0.0,-0.07088880313846552
M0_geometry,mikl_gse173098,decrease,mikl_gene:rab11fip2,2,0.24042553191489363,0.7577220572114263,0.24227794278857379,-0.69997773733958,0.0,0.0,0.0,0.0,-0.01769574394660266
M0_geometry,mikl_gse173098,decrease,mikl_gene:rasgrp4,2,0.3611111111111111,0.7282004961269049,0.27179950387309515,-0.3016075227018389,0.0,0.0,0.5,0.0,0.10616438356164387
M0_geometry,mikl_gse173098,decrease,mikl_gene:rasl10b,2,0.7281879194630871,0.6631439012988134,0.3368560987011866,0.39293231256667593,0.0,0.0,0.0,0.0,0.12459931552513445
M0_geometry,mikl_gse173098,decrease,mikl_gene:rbm47,2,0.38636363636363635,0.7664472079380529,0.23355279206194707,-0.631060528596008,0.0,0.0,0.0,0.0,-0.14723320158102765
M0_geometry,mikl_gse173098,decrease,mikl_gene:rmi2,2,0.4468085106382979,0.5496488995761678,0.45035110042383214,0.18689386248475598,0.0,0.0,0.0,0.0,-0.12272036474164134
M0_geometry,mikl_gse173098,decrease,mikl_gene:rnf165,2,0.8609467455621302,0.5348954109729785,0.4651045890270214,0.70406023522941,0.0,0.0,0.0,0.0,-0.005032947425179964
M0_geometry,mikl_gse173098,decrease,mikl_gene:rorb,2,0.5416666666666667,0.4860161245242064,0.5139838754757936,0.23758291468725706,0.0,0.0,0.5,0.0,0.06346938775510204
M0_geometry,mikl_gse173098,decrease,mikl_gene:rpl21,2,0.5,0.5585386854454785,0.44146131455452153,0.08585898192019,0.0,0.0,0.0,0.0,0.05248753109052088
M0_geometry,mikl_gse173098,decrease,mikl_gene:rpl31,2,0.5,0.5,0.5,-0.0915856593728186,0.5,0.5,0.5,0.5,-0.026470588235294135
M0_geometry,mikl_gse173098,decrease,mikl_gene:rpl37,2,0.34210526315789475,0.6681033802807699,0.33189661971923007,-0.0374240675909617,0.0,0.0,0.5,0.0,0.1894736842105263
M0_geometry,mikl_gse173098,decrease,mikl_gene:rps19,2,0.75,0.36489058511174133,0.6351094148882587,0.16738919878141234,0.0,0.0,1.0,0.0,0.26666666666666666
M0_geometry,mikl_gse173098,decrease,mikl_gene:rps20,2,0.5,0.2834754110301019,0.7165245889698981,0.1988215345208267,0.0,0.0,0.0,0.0,0.04298245614035087
M0_geometry,mikl_gse173098,decrease,mikl_gene:rps24,2,0.49999999999999994,0.6443716511635842,0.35562834883641586,0.2863880038547325,0.0,0.0,0.0,0.0,-0.20535714285714282
M0_geometry,mikl_gse173098,decrease,mikl_gene:rpsa,2,0.48571428571428577,0.5222303274895668,0.4777696725104332,0.21153106227913454,0.0,0.0,0.5,0.0,0.09035330477555234
M0_geometry,mikl_gse173098,decrease,mikl_gene:rragb,2,0.8636363636363636,0.061839793855335556,0.9381602061446644,3.975735586731235,0.5,0.5,1.0,0.5,0.21581659885738114
M0_geometry,mikl_gse173098,decrease,mikl_gene:serbp1,2,0.43448275862068964,0.4647241539737703,0.5352758460262297,0.11074925588637745,0.0,0.0,0.0,0.0,0.08407554401741447
M0_geometry,mikl_gse173098,decrease,mikl_gene:serhl,2,0.625,0.46790680087791997,0.5320931991220801,0.27825302737804947,0.0,0.0,1.0,0.0,0.175
M0_geometry,mikl_gse173098,decrease,mikl_gene:serpina3k,2,0.3,0.7009324837859903,0.2990675162140098,-0.1650685274177647,0.0,0.5,1.0,0.0,-0.2857142857142857
M0_geometry,mikl_gse173098,decrease,mikl_gene:serpine2,2,0.4375,0.6919405608681238,0.30805943913187617,-0.1411067865291045,0.0,0.0,0.5,0.0,0.39166666666666666
M0_geometry,mikl_gse173098,decrease,mikl_gene:shank1,2,0.32876712328767127,0.6590061469609714,0.3409938530390287,-0.03582995199496295,0.0,0.0,0.0,0.0,0.022162217650406386
M0_geometry,mikl_gse173098,decrease,mikl_gene:shank3,2,0.10555555555555557,0.8398567513232595,0.1601432486767405,-1.1788694155533002,0.0,0.0,0.0,0.0,-0.06556776556776557
M0_geometry,mikl_gse173098,decrease,mikl_gene:slamf7,2,0.5909090909090909,0.4386462270271362,0.5613537729728639,0.2838758063008165,0.0,0.0,0.0,0.0,-0.054239877769289534
M0_geometry,mikl_gse173098,decrease,mikl_gene:slc13a5,2,0.7413793103448276,0.22515918594961312,0.7748408140503869,0.4807676447801062,0.5,0.5,0.5,0.5,0.05739710789766407
M0_geometry,mikl_gse173098,decrease,mikl_gene:slc17a7,2,0.6875,0.2616908507619795,0.7383091492380205,0.2594602178920747,0.5,0.5,0.5,0.0,-0.16421568627450983
M0_geometry,mikl_gse173098,decrease,mikl_gene:slc17a9,2,0.6153846153846154,0.5027150291037523,0.4972849708962476,0.49340151161677565,0.0,0.0,0.0,0.0,-0.0021978021978021982
M0_geometry,mikl_gse173098,decrease,mikl_gene:slc22a15,2,0.819672131147541,0.46589480553946283,0.5341051944605372,0.7781808479659075,0.0,0.0,0.0,0.0,0.023066656593890865
M0_geometry,mikl_gse173098,decrease,mikl_gene:slc23a1,2,0.8333333333333333,0.17630506328975298,0.8236949367102471,0.6897701606148695,0.0,0.0,0.5,0.0,0.10897797854319594
M0_geometry,mikl_gse173098,decrease,mikl_gene:slc28a3,2,0.75,0.4421874814093551,0.5578125185906448,0.7871009991526127,0.0,0.5,0.5,0.0,0.15362903225806454
M0_geometry,mikl_gse173098,decrease,mikl_gene:slc7a11,2,0.7758620689655172,0.21445201251743762,0.7855479874825624,0.9606897942820904,0.5,0.5,0.5,0.0,-0.20032144944476918
M0_geometry,mikl_gse173098,decrease,mikl_gene:slfn8,2,0.3235294117647059,0.6083956199542262,0.39160438004577386,-0.7171470168453087,0.0,0.0,0.0,0.0,-0.12280701754385964
M0_geometry,mikl_gse173098,decrease,mikl_gene:snap91,2,0.22802197802197804,0.7484935765330338,0.2515064234669662,-0.20383661056587546,0.0,0.0,0.0,0.0,0.040060912183505354
M0_geometry,mikl_gse173098,decrease,mikl_gene:sparc,2,0.4166666666666667,0.6669093270087852,0.33309067299121475,-0.050334913403700894,0.0,0.0,0.5,0.0,0.11263736263736264
M0_geometry,mikl_gse173098,decrease,mikl_gene:sptbn2,2,0.5,0.3312633459126841,0.6687366540873159,0.22623596191481687,0.0,0.0,1.0,0.0,-0.24999999999999997
M0_geometry,mikl_gse173098,decrease,mikl_gene:srl,2,0.31578947368421056,0.5696640509874842,0.43033594901251576,-0.36927830437474063,0.0,0.0,0.0,0.0,-0.17142857142857143
M0_geometry,mikl_gse173098,decrease,mikl_gene:sspn,2,0.41935483870967744,0.6922385535431039,0.3077614464568961,-0.03807505810753745,0.0,0.5,0.5,0.0,-0.030506671333915766
M0_geometry,mikl_gse173098,decrease,mikl_gene:st6gal1,2,0.3488372093023256,0.4349599758945879,0.5650400241054121,-0.1207967688615955,0.0,0.0,0.0,0.0,-0.038971106412966874
M0_geometry,mikl_gse173098,decrease,mikl_gene:syt15,2,0.5967741935483871,0.46969654598576727,0.5303034540142327,0.22609547647019224,0.0,0.0,0.0,0.0,-0.09934017595307917
M0_geometry,mikl_gse173098,decrease,mikl_gene:tagln,2,0.9705882352941176,0.10165687219655019,0.8983431278034498,2.9117924517698603,0.5,0.5,0.5,0.5,0.2672858617131063
M0_geometry,mikl_gse173098,decrease,mikl_gene:tbcel,2,0.7058823529411764,0.3941086830153608,0.6058913169846392,0.40368515666811056,0.0,0.0,0.0,0.0,-0.057364341085271324
M0_geometry,mikl_gse173098,decrease,mikl_gene:tcte1,2,0.35,0.6460272590112522,0.35397274098874776,0.15182788370032058,0.0,0.5,0.5,0.0,0.13506493506493505
M0_geometry,mikl_gse173098,decrease,mikl_gene:tfap2b,2,0.6888888888888889,0.17441155122729954,0.8255884487727005,0.6498107554223949,0.5,0.5,0.5,0.0,-0.23324082639531296
M0_geometry,mikl_gse173098,decrease,mikl_gene:tfg,2,0.3518518518518519,0.6647574255759559,0.33524257442404415,-0.5013829441262153,0.0,0.5,0.5,0.0,0.10591133004926108
M0_geometry,mikl_gse173098,decrease,mikl_gene:thbd,2,0.7916666666666667,0.4380481547299797,0.5619518452700203,1.1222707359419084,0.0,0.0,0.0,0.0,-0.019230769230769246
M0_geometry,mikl_gse173098,decrease,mikl_gene:tirap,2,0.19354838709677424,0.5970332374630383,0.40296676253696173,-0.6236610213108984,0.0,0.5,0.5,0.0,0.12976539589442815
M0_geometry,mikl_gse173098,decrease,mikl_gene:tmem242,2,0.15000000000000002,0.8531471229372932,0.14685287706270678,-0.3815245400842145,0.0,0.5,1.0,0.0,0.11818181818181817
M0_geometry,mikl_gse173098,decrease,mikl_gene:tnfrsf19,2,0.5,0.42127188674065397,0.578728113259346,0.2551832902679398,0.0,0.0,0.0,0.0,0.1838823329218135
M0_geometry,mikl_gse173098,decrease,mikl_gene:tor4a,2,0.05555555555555558,0.955995668925536,0.044004331074464054,-0.10847317674183796,0.0,1.0,1.0,0.0,0.06666666666666668
M0_geometry,mikl_gse173098,decrease,mikl_gene:tpmt,2,0.5,0.4786455655777707,0.5213544344222294,0.23134584518466195,0.0,0.0,0.0,0.0,-0.5357142857142858
M0_geometry,mikl_gse173098,decrease,mikl_gene:tpt1,2,0.5277777777777777,0.5347441485006234,0.46525585149937665,0.4970234102481525,0.0,0.5,0.5,0.0,-0.17022277691851537
M0_geometry,mikl_gse173098,decrease,mikl_gene:trim56,2,0.6701030927835052,0.44689992268179846,0.5531000773182015,0.4065218622681265,0.0,0.0,0.0,0.0,0.030637643988438212
M0_geometry,mikl_gse173098,decrease,mikl_gene:trp63,2,0.3880597014925373,0.6216169449720648,0.3783830550279352,0.1300860084568444,0.0,0.0,0.0,0.0,0.04003336464023253
M0_geometry,mikl_gse173098,decrease,mikl_gene:tulp1,2,0.5555555555555556,0.3552316958438836,0.6447683041561164,0.2902813087559321,0.0,0.0,0.0,0.0,-0.1515151515151515
M0_geometry,mikl_gse173098,decrease,mikl_gene:tusc3,2,0.8148148148148149,0.2905207297542763,0.7094792702457238,1.1120249314026078,0.0,0.0,0.0,0.0,0.0604816639299398
M0_geometry,mikl_gse173098,decrease,mikl_gene:ube2m,2,0.39999999999999997,0.599506854098637,0.400493145901363,-0.0493006867549203,0.0,0.5,0.5,0.0,-0.11363636363636365
M0_geometry,mikl_gse173098,decrease,mikl_gene:unc5c,2,0.3975409836065574,0.7093684125378922,0.2906315874621078,-0.18154272383688147,0.0,0.0,0.0,0.0,-0.06459842277730192
M0_geometry,mikl_gse173098,decrease,mikl_gene:uqcrq,2,1.0,0.0,1.0,0.8538705068933146,1.0,1.0,1.0,1.0,0.41666666666666663
M0_geometry,mikl_gse173098,decrease,mikl_gene:vangl1,2,0.5384615384615385,0.46401837419220054,0.5359816258077994,0.31834564920528197,0.0,0.0,0.0,0.0,-0.16670698274471857
M0_geometry,mikl_gse173098,decrease,mikl_gene:vapb,2,0.2509433962264151,0.6691607921651184,0.33083920783488163,-0.28840237625392123,0.0,0.0,0.0,0.0,-0.026331569861690475
M0_geometry,mikl_gse173098,decrease,mikl_gene:vav3,2,0.09999999999999998,0.8597968466613328,0.14020315333866712,-2.0681982108029846,0.0,1.0,1.0,0.0,-0.48571428571428577
M0_geometry,mikl_gse173098,decrease,mikl_gene:vma21,2,0.502145922746781,0.4035403237544952,0.5964596762455048,0.0568911593040565,0.0,0.0,0.0,0.0,-0.04822860388815174
M0_geometry,mikl_gse173098,decrease,mikl_gene:wdr31,2,0.4642857142857143,0.6892175413240689,0.31078245867593113,0.704164372530899,0.0,0.0,0.0,0.0,0.0857142857142857
M0_geometry,mikl_gse173098,decrease,mikl_gene:zbtb20,2,0.610632183908046,0.5156929946604611,0.48430700533953885,0.37492457787424904,0.0,0.0,0.0,0.0,-0.0385347305360981
M0_geometry,mikl_gse173098,decrease,mikl_gene:zfhx3,2,0.42647058823529416,0.45862667094037235,0.5413733290596277,-0.12634759638857573,0.0,0.0,0.0,0.0,-0.07823551377234987
M0_geometry,mikl_gse173098,decrease,mikl_gene:zscan20,2,0.2857142857142857,0.5608248767873636,0.43917512321263646,-0.048645340519506045,0.0,0.5,0.5,0.0,-0.12858652974932044
M0_geometry,mikl_gse173098,increase,mikl_gene:2810459m11rik,2,0.15384615384615385,0.8106368907543045,0.1893631092456955,-0.7589234519838777,0.0,0.0,0.0,0.0,-0.04884004884004883
M0_geometry,mikl_gse173098,increase,mikl_gene:9130008f23rik,2,0.08823529411764708,0.9688791244880042,0.03112087551199577,-1.3971736887993846,0.0,0.0,0.5,0.0,-0.23632610939112486
M0_geometry,mikl_gse173098,increase,mikl_gene:a630089n07rik,2,0.5909090909090908,0.22188522568675362,0.7781147743132464,-0.160591618892299,0.0,0.0,0.5,0.0,0.08349802371541501
M0_geometry,mikl_gse173098,increase,mikl_gene:abhd17a,2,0.375,0.6751893507972686,0.32481064920273145,-0.5371641247229324,0.0,0.5,1.0,0.0,-0.3
M0_geometry,mikl_gse173098,increase,mikl_gene:abi1,2,0.905511811023622,0.3231413039183353,0.6768586960816647,1.2981499475344602,0.0,0.0,0.0,0.0,-0.10406047435873235
M0_geometry,mikl_gse173098,increase,mikl_gene:acnat2,2,0.0,1.0,0.0,-1.2587919067590356,0.0,1.0,1.0,0.0,-0.15
M0_geometry,mikl_gse173098,increase,mikl_gene:aco2,2,0.8125,0.08519983774209415,0.9148001622579058,0.7052516589509642,0.5,1.0,1.0,0.5,0.07500000000000001
M0_geometry,mikl_gse173098,increase,mikl_gene:actb,2,0.15000000000000002,0.9537340384952553,0.04626596150474477,-0.35134316590914394,0.0,0.0,0.5,0.0,-0.13636363636363635
M0_geometry,mikl_gse173098,increase,mikl_gene:adamts18,2,0.7839506172839507,0.43675698570019783,0.5632430142998022,0.3840897453690158,0.0,0.0,0.0,0.0,0.1434246470978766
M0_geometry,mikl_gse173098,increase,mikl_gene:adap2,2,0.0625,0.704836254298156,0.295163745701844,-0.7293667324489884,0.0,0.5,0.5,0.0,-0.07500000000000001
M0_geometry,mikl_gse173098,increase,mikl_gene:agtrap,2,0.49242424242424243,0.4194974325874323,0.5805025674125677,-0.03790544198251394,0.0,0.0,0.0,0.0,-0.014626067523345838
M0_geometry,mikl_gse173098,increase,mikl_gene:ankef1,2,0.5576923076923077,0.4271274673113281,0.5728725326886719,-0.13199885029048122,0.5,0.5,0.5,0.0,0.046398046398046386
M0_geometry,mikl_gse173098,increase,mikl_gene:aqp4,2,0.7647058823529411,0.2743299276146097,0.7256700723853903,0.6561884899245506,0.5,0.5,0.5,0.5,0.043137254901960784
M0_geometry,mikl_gse173098,increase,mikl_gene:arc,2,0.6799999999999999,0.12933135169120535,0.8706686483087946,-0.13527702956591603,0.5,0.5,1.0,0.0,0.16478632478632477
M0_geometry,mikl_gse173098,increase,mikl_gene:arhgap31,2,0.5666666666666667,0.42992427508695674,0.5700757249130433,-0.14064074145410305,0.0,0.0,0.0,0.0,-0.11176470588235293
M0_geometry,mikl_gse173098,increase,mikl_gene:arid2,2,0.7373417721518988,0.37557482055898783,0.6244251794410121,0.37869491623289847,0.0,0.0,0.0,0.0,0.06640210850365148
M0_geometry,mikl_gse173098,increase,mikl_gene:arpc1b,2,0.3695652173913043,0.615737906988395,0.3842620930116049,-0.24406695328994746,0.0,0.0,0.0,0.0,-0.18310592044403332
M0_geometry,mikl_gse173098,increase,mikl_gene:atp5j2,2,0.0,1.0,0.0,-0.7610462158395779,0.0,0.5,1.0,0.0,-0.5714285714285715
M0_geometry,mikl_gse173098,increase,mikl_gene:bdnf,2,0.6138613861386139,0.4018766884222862,0.5981233115777138,0.0615655703237314,0.0,0.0,0.0,0.0,-0.13416774701792517
M0_geometry,mikl_gse173098,increase,mikl_gene:brsk1,2,0.07142857142857145,0.6182562833444712,0.38174371665552875,-1.6799786012784046,0.0,1.0,1.0,0.0,0.07284020327498589
M0_geometry,mikl_gse173098,increase,mikl_gene:c130026i21rik,2,0.7,0.36401056836466383,0.6359894316353362,0.06350622824163354,0.5,0.5,1.0,0.0,0.30000000000000004
M0_geometry,mikl_gse173098,increase,mikl_gene:calm1,2,0.35555555555555557,0.631293324578724,0.36870667542127605,-0.19835310578043902,0.0,0.0,0.0,0.0,-0.28732654949121184
M0_geometry,mikl_gse173098,increase,mikl_gene:camk2a,2,0.5827338129496402,0.38301703834067113,0.6169829616593289,-0.061435430068101746,0.0,0.0,0.0,0.0,0.13243532833307825
M0_geometry,mikl_gse173098,increase,mikl_gene:ccdc141,2,0.8200000000000001,0.3225719029346503,0.6774280970653497,0.36167605092955,0.0,0.5,0.5,0.0,-0.07213675213675214
M0_geometry,mikl_gse173098,increase,mikl_gene:ccnd1,2,0.41666666666666663,0.45625711261001517,0.5437428873899848,-0.21810195666747145,0.0,0.5,0.5,0.0,0.02020227815020957
M0_geometry,mikl_gse173098,increase,mikl_gene:ccnd2,2,0.8238095238095238,0.4790618422959002,0.5209381577040998,0.5477681728291951,0.0,0.0,0.0,0.0,0.035486487576275136
M0_geometry,mikl_gse173098,increase,mikl_gene:ccni,2,0.38888888888888895,0.21752402595405032,0.7824759740459497,-0.37661950753951,0.0,1.0,1.0,0.0,-0.07272727272727272
M0_geometry,mikl_gse173098,increase,mikl_gene:cd84,2,0.6632653061224489,0.5625160851975377,0.43748391480246224,0.17131220758547325,0.0,0.5,0.5,0.0,0.17963985594237694
M0_geometry,mikl_gse173098,increase,mikl_gene:cdc42,2,0.6158940397350994,0.37728351666434046,0.6227164833356595,-0.03827815734670026,0.0,0.0,0.0,0.0,0.01928411312660509
M0_geometry,mikl_gse173098,increase,mikl_gene:cdk15,2,0.2272727272727273,0.5711035065668977,0.42889649343310227,-1.1283393586807646,0.0,0.0,0.0,0.0,-0.27972027972027974
M0_geometry,mikl_gse173098,increase,mikl_gene:chmp3,2,0.4363636363636364,0.453438764973504,0.546561235026496,-0.2471474233735439,0.0,0.0,0.0,0.0,-0.06100412065095744
M0_geometry,mikl_gse173098,increase,mikl_gene:chrdl1,2,0.020408163265306145,0.8659390049082569,0.13406099509174313,-1.4856167367372386,0.0,0.0,0.0,0.0,0.08763505402160864
M0_geometry,mikl_gse173098,increase,mikl_gene:cnot6l,2,0.806060606060606,0.36989427065328684,0.6301057293467132,0.5226918824202534,0.0,0.0,0.0,0.0,-0.01414934271540967
M0_geometry,mikl_gse173098,increase,mikl_gene:cntn2,2,0.7863247863247863,0.41268661369914583,0.5873133863008542,0.283280420922582,0.0,0.0,0.0,0.0,-0.04042086195625578
M0_geometry,mikl_gse173098,increase,mikl_gene:col1a1,2,0.125,0.82847311226774,0.17152688773226,-0.7333641171524332,0.0,0.0,0.0,0.0,-0.07269230769230768
M0_geometry,mikl_gse173098,increase,mikl_gene:col27a1,2,0.5144230769230769,0.5742364726977479,0.4257635273022521,-0.152506328440405,0.0,0.0,0.0,0.0,0.03279087909735017
M0_geometry,mikl_gse173098,increase,mikl_gene:col8a1,2,0.3125,0.628929798574904,0.3710702014250959,-0.7898804029004284,0.0,0.5,0.5,0.0,0.125
M0_geometry,mikl_gse173098,increase,mikl_gene:colec12,2,0.4887218045112782,0.38308010782054003,0.61691989217946,-0.04605958162131634,0.0,0.0,0.0,0.0,0.03322619494430759
M0_geometry,mikl_gse173098,increase,mikl_gene:cox8a,2,0.85,0.1958057228074955,0.8041942771925045,0.14105986799715764,0.5,0.5,0.5,0.5,0.26818181818181824
M0_geometry,mikl_gse173098,increase,mikl_gene:cplx2,2,0.18902439024390244,0.5808921473618731,0.4191078526381269,-0.5788414630084792,0.0,0.0,0.0,0.0,-0.05421686746987951
M0_geometry,mikl_gse173098,increase,mikl_gene:ctdspl2,2,0.5,0.5,0.5,0.6716114459680187,0.5,0.5,1.0,0.5,-0.049999999999999975
M0_geometry,mikl_gse173098,increase,mikl_gene:cyp26b1,2,0.3283582089552239,0.4121432347866788,0.5878567652133212,-0.4715276251124715,0.0,0.0,0.0,0.0,0.03336259877085162
M0_geometry,mikl_gse173098,increase,mikl_gene:dcdc2a,2,0.27450980392156865,0.6427796643349786,0.3572203356650215,-0.6928807954856846,0.0,0.0,0.0,0.0,-0.028814138137112616
M0_geometry,mikl_gse173098,increase,mikl_gene:ddx58,2,0.4444444444444445,0.5840048950528595,0.41599510494714054,0.10818589315997881,0.0,0.5,1.0,0.0,0.4121212121212121
M0_geometry,mikl_gse173098,increase,mikl_gene:disp2,2,0.5256410256410257,0.30813963814464834,0.6918603618553516,-0.1868495570909442,0.0,0.0,0.0,0.0,0.04462025316455696
M0_geometry,mikl_gse173098,increase,mikl_gene:dlg4,2,0.32917705735660846,0.46809153728632635,0.5319084627136736,-0.4789038211745176,0.0,0.0,0.0,0.0,-0.017928541490447036
M0_geometry,mikl_gse173098,increase,mikl_gene:dock8,2,0.34615384615384615,0.41034671256514005,0.5896532874348599,-0.35215750620537817,0.0,0.0,0.5,0.0,0.09450549450549452
M0_geometry,mikl_gse173098,increase,mikl_gene:dtx3l,2,0.8513513513513513,0.13722107105943218,0.8627789289405678,0.3982013803041925,0.5,0.5,0.5,0.0,0.07889265784002625
M0_geometry,mikl_gse173098,increase,mikl_gene:dusp18,2,0.5104166666666667,0.42112830844063986,0.5788716915593601,-0.24222770882484748,0.0,0.0,0.5,0.0,0.1257142857142857
M0_geometry,mikl_gse173098,increase,mikl_gene:ebf1,2,0.0888888888888889,0.7038689983327495,0.2961310016672505,-1.8900981120128661,0.0,0.5,0.5,0.0,-0.0851063829787234
M0_geometry,mikl_gse173098,increase,mikl_gene:eef2,2,0.5,0.5,0.5,-0.2667549423783211,0.5,1.0,1.0,0.5,0.14285714285714288
M0_geometry,mikl_gse173098,increase,mikl_gene:egf,2,0.3478260869565218,0.5277276084674081,0.472272391532592,-0.3734898951347174,0.0,0.0,0.0,0.0,-0.03416975023126735
M0_geometry,mikl_gse173098,increase,mikl_gene:eif3f,2,0.7,0.4422893522153261,0.5577106477846738,-0.00437179704142765,0.0,0.0,0.0,0.0,0.027272727272727282
M0_geometry,mikl_gse173098,increase,mikl_gene:ern1,2,0.6071428571428572,0.4887440050701753,0.5112559949298248,-0.15332474129691695,0.0,0.0,0.0,0.0,-0.019254001812141347
M0_geometry,mikl_gse173098,increase,mikl_gene:esr1,2,0.5517241379310345,0.6436308737092244,0.3563691262907756,-0.13778115322205936,0.0,0.0,0.0,0.0,-0.028476084538375974
M0_geometry,mikl_gse173098,increase,mikl_gene:exo1,2,0.2436708860759494,0.4559583881858249,0.5440416118141751,-0.640864581781004,0.0,0.5,1.0,0.0,-0.005420614565650263
M0_geometry,mikl_gse173098,increase,mikl_gene:fgf13,2,0.9444444444444444,0.01731593599012399,0.982684064009876,1.644364433520954,1.0,1.0,1.0,0.5,0.13333333333333333
M0_geometry,mikl_gse173098,increase,mikl_gene:fgf3,2,0.7962962962962963,0.3517121253848593,0.6482878746151407,0.2820844534975725,0.0,0.0,0.0,0.0,0.09496442255062944
M0_geometry,mikl_gse173098,increase,mikl_gene:foxp2,2,0.3442622950819672,0.5760895360899878,0.42391046391001214,-0.36120501842233543,0.0,0.0,0.0,0.0,-0.06775353149766002
M0_geometry,mikl_gse173098,increase,mikl_gene:gabra4,2,0.625,0.5112676072092222,0.48873239279077785,-0.03177703369725754,0.0,0.0,0.0,0.0,0.10171568627450982
M0_geometry,mikl_gse173098,increase,mikl_gene:gbp7,2,0.4313725490196078,0.5637858972361689,0.4362141027638311,-0.2267045856971425,0.0,0.0,0.5,0.0,-0.020361990950226238
M0_geometry,mikl_gse173098,increase,mikl_gene:gli3,2,0.3055555555555555,0.4313986617645367,0.5686013382354633,-0.1278469211590631,0.0,1.0,1.0,0.0,0.156140350877193
M0_geometry,mikl_gse173098,increase,mikl_gene:gpc6,2,0.0,1.0,0.0,-1.066159415368511,0.0,0.0,0.0,0.0,-0.05219780219780219
M0_geometry,mikl_gse173098,increase,mikl_gene:gpr17,2,0.6428571428571429,0.3257227873949072,0.6742772126050929,0.0760664557962707,0.0,0.0,0.5,0.0,0.18867438867438868
M0_geometry,mikl_gse173098,increase,mikl_gene:gpr35,2,0.3611111111111111,0.5689334192880655,0.43106658071193454,-0.5435682072131623,0.0,0.5,0.5,0.0,-0.039473684210526314
M0_geometry,mikl_gse173098,increase,mikl_gene:grin1,2,0.4,0.6851133784221304,0.3148866215778696,-0.26444156550282844,0.0,0.0,0.0,0.0,-0.07941176470588235
M0_geometry,mikl_gse173098,increase,mikl_gene:gstm1,2,0.125,0.7157886517726693,0.28421134822733074,-0.4023062987583995,0.0,1.0,1.0,0.0,-0.09999999999999999
M0_geometry,mikl_gse173098,increase,mikl_gene:hic2,2,0.3877551020408163,0.6251625763062512,0.37483742369374884,-0.39301856676610547,0.0,0.0,0.5,0.0,0.026586270871985156
M0_geometry,mikl_gse173098,increase,mikl_gene:hpcal4,2,0.5697674418604651,0.6734577584920297,0.3265422415079703,0.1476984915082127,0.0,0.0,0.0,0.0,0.04626448736743897
M0_geometry,mikl_gse173098,increase,mikl_gene:ids,2,0.28260869565217395,0.4851168709164566,0.5148831290835434,-0.4356465815960209,0.0,0.0,0.5,0.0,-0.34391304347826085
M0_geometry,mikl_gse173098,increase,mikl_gene:invs,2,0.6375,0.2162278992750498,0.7837721007249502,0.0604579782555998,0.0,0.5,0.5,0.0,0.0784843205574913
M0_geometry,mikl_gse173098,increase,mikl_gene:itga1,2,0.046875,0.8405176361515929,0.15948236384840714,-1.232151036841568,0.0,0.0,0.0,0.0,-0.023557692307692307
M0_geometry,mikl_gse173098,increase,mikl_gene:itga4,2,0.7375,0.25198682120340454,0.7480131787965955,0.24809422868999736,0.0,0.0,0.0,0.0,0.023954703832752618
M0_geometry,mikl_gse173098,increase,mikl_gene:itpr2,2,0.39682539682539686,0.5722133558346655,0.4277866441653346,-0.2458144431379815,0.0,0.0,0.0,0.0,-0.207257326007326
M0_geometry,mikl_gse173098,increase,mikl_gene:jund,2,0.25,0.8157557520142023,0.1842442479857978,-0.5539259232465319,0.0,0.0,0.5,0.0,-0.11813186813186813
M0_geometry,mikl_gse173098,increase,mikl_gene:kcna6,2,0.4864864864864865,0.4859779364174612,0.5140220635825388,-0.12003969322195375,0.0,0.0,0.0,0.0,0.07480796586059743
M0_geometry,mikl_gse173098,increase,mikl_gene:kcng3,2,0.4375,0.5945945671456214,0.4054054328543786,-0.5730208434122918,0.0,0.0,0.5,0.0,-0.44999999999999996
M0_geometry,mikl_gse173098,increase,mikl_gene:kcnq5,2,0.17567567567567566,0.596470501893568,0.403529498106432,-0.6088531720443395,0.0,0.0,0.5,0.0,0.004705109968267861
M0_geometry,mikl_gse173098,increase,mikl_gene:kctd4,2,0.0,1.0,0.0,-1.1528367658835525,0.0,0.0,0.5,0.0,-0.030769230769230767
M0_geometry,mikl_gse173098,increase,mikl_gene:kif1a,2,0.41000000000000003,0.40989727162878914,0.5901027283712108,-0.2813471638452628,0.0,0.0,0.0,0.0,-0.03502262443438913
M0_geometry,mikl_gse173098,increase,mikl_gene:kif5c,2,0.75,0.733567468496169,0.26643253150383095,0.2590131604570785,0.0,0.0,0.0,0.0,0.22217741935483873
M0_geometry,mikl_gse173098,increase,mikl_gene:liph,2,0.15942028985507245,0.808891230188865,0.191108769811135,-0.5759464564582131,0.0,0.0,0.0,0.0,-0.07957309071822238
M0_geometry,mikl_gse173098,increase,mikl_gene:lypd1,2,0.7183098591549296,0.34018664448532265,0.6598133555146773,0.546097820900653,0.5,0.5,0.5,0.0,0.08177440490331857
M0_geometry,mikl_gse173098,increase,mikl_gene:magi2,2,0.4823529411764706,0.4541464398334102,0.5458535601665898,-0.1407199188133074,0.0,0.0,0.0,0.0,-0.07739099992111931
M0_geometry,mikl_gse173098,increase,mikl_gene:malt1,2,0.047169811320754707,0.6821378371551026,0.31786216284489743,-0.9334330425310982,0.0,0.0,0.0,0.0,-0.14610253478178004
M0_geometry,mikl_gse173098,increase,mikl_gene:map1a,2,0.7974683544303798,0.46763215900240485,0.5323678409975952,0.28122309884665797,0.0,0.0,0.0,0.0,-0.10076183778715425
M0_geometry,mikl_gse173098,increase,mikl_gene:map2,2,0.4888059701492537,0.4068067076396643,0.5931932923603357,-0.17797171091615654,0.0,0.0,0.5,0.0,0.07340033509029509
M0_geometry,mikl_gse173098,increase,mikl_gene:mapk8ip1,2,0.868421052631579,0.20968585776737936,0.7903141422326205,0.1110849441303536,0.0,0.0,0.5,0.0,0.22556390977443608
M0_geometry,mikl_gse173098,increase,mikl_gene:mavs,2,0.5961538461538461,0.4350191355692101,0.5649808644307899,-0.07935442909935689,0.0,0.0,0.0,0.0,-0.10653235653235654
M0_geometry,mikl_gse173098,increase,mikl_gene:mcf2l,2,0.6805555555555556,0.2488714266700621,0.751128573329938,-0.040901126246653555,0.0,0.0,0.0,0.0,-0.07195353247984826
M0_geometry,mikl_gse173098,increase,mikl_gene:meis2,2,0.5238095238095238,0.48320334931078496,0.516796650689215,0.2563691910257153,0.0,1.0,1.0,0.0,-0.03557312252964428
M0_geometry,mikl_gse173098,increase,mikl_gene:mis18bp1,2,0.5714285714285714,0.36025250135784015,0.6397474986421599,0.107196587795241,0.0,0.5,1.0,0.0,-0.04761904761904764
M0_geometry,mikl_gse173098,increase,mikl_gene:mocs2,2,0.30497382198952877,0.5401539457519685,0.4598460542480315,-0.5712672092043767,0.0,0.0,0.0,0.0,-0.06456216704474323
M0_geometry,mikl_gse173098,increase,mikl_gene:mre11a,2,0.44642857142857145,0.5344099246136895,0.4655900753863105,-0.19791774495495235,0.0,0.0,1.0,0.0,0.10075132481890176
M0_geometry,mikl_gse173098,increase,mikl_gene:mrpl33,2,0.5555555555555556,0.5406482474939049,0.45935175250609506,-0.02267708867571995,0.0,0.0,0.5,0.0,0.16363636363636364
M0_geometry,mikl_gse173098,increase,mikl_gene:ndnf,2,0.45,0.542552144050445,0.4574478559495549,-0.37596336968433386,0.0,0.0,0.0,0.0,0.05741113346747148
M0_geometry,mikl_gse173098,increase,mikl_gene:ndufa12,2,0.125,0.925649535904761,0.0743504640952391,-1.224669191836043,0.0,0.5,1.0,0.0,-0.425
M0_geometry,mikl_gse173098,increase,mikl_gene:ndufb8,2,0.4411764705882353,0.27809172051896686,0.7219082794810331,-0.15251022811830567,0.0,0.5,0.5,0.0,0.07223942208462333
M0_geometry,mikl_gse173098,increase,mikl_gene:necab1,2,0.8333333333333334,0.04392393797410626,0.9560760620258937,0.19374123313039057,1.0,1.0,1.0,0.5,0.21428571428571427
M0_geometry,mikl_gse173098,increase,mikl_gene:nhsl2,2,0.6839999999999999,0.5050393929660746,0.4949606070339254,0.12648331590036904,0.0,0.0,0.0,0.0,-0.16018907974659158
M0_geometry,mikl_gse173098,increase,mikl_gene:nnat,2,0.4868421052631579,0.24927160702920392,0.7507283929707961,-0.24664336744149096,0.0,0.0,0.5,0.0,-0.012501739117250811
M0_geometry,mikl_gse173098,increase,mikl_gene:nrgn,2,0.24137931034482757,0.6732353786710653,0.3267646213289347,-0.4812943965888171,0.0,0.5,0.5,0.0,-0.21668520578420467
M0_geometry,mikl_gse173098,increase,mikl_gene:nsmf,2,0.23076923076923078,0.6088418887997711,0.391158111200229,-0.31090907599492584,0.0,0.5,0.5,0.0,-0.00300187617260788
M0_geometry,mikl_gse173098,increase,mikl_gene:oaf,2,0.5,0.4718250132309528,0.5281749867690472,-0.11324108256677455,0.0,0.0,0.5,0.0,0.06860706860706861
M0_geometry,mikl_gse173098,increase,mikl_gene:ociad2,2,0.490625,0.5483099749463586,0.4516900250536415,-1.0548143225723394,0.5,0.5,0.5,0.0,-0.09748030334313958
M0_geometry,mikl_gse173098,increase,mikl_gene:ogt,2,0.6685393258426966,0.5156235722230724,0.4843764277769275,-0.018471179782080793,0.0,0.0,0.0,0.0,-0.027130921512943988
M0_geometry,mikl_gse173098,increase,mikl_gene:oprd1,2,0.2931034482758621,0.6861264578621877,0.3138735421378122,-0.3495040575409796,0.0,0.0,0.0,0.0,-0.035184102863822335
M0_geometry,mikl_gse173098,increase,mikl_gene:otc,2,0.5833333333333333,0.3765135115000683,0.6234864884999317,0.07455975607975446,0.5,0.5,0.5,0.0,-0.12894736842105267
M0_geometry,mikl_gse173098,increase,mikl_gene:oxct1,2,0.5375,0.39719132491036174,0.6028086750896382,-0.094410040141636,0.0,0.0,0.0,0.0,0.1257684363634427
M0_geometry,mikl_gse173098,increase,mikl_gene:pacsin1,2,0.5845070422535212,0.47563728658675974,0.5243627134132403,-0.12553893057911952,0.0,0.0,0.0,0.0,-0.028434803578485116
M0_geometry,mikl_gse173098,increase,mikl_gene:pate2,2,0.08333333333333337,0.8737227987829636,0.12627720121703645,-1.5148848553851715,0.0,0.0,0.0,0.0,-0.03245614035087719
M0_geometry,mikl_gse173098,increase,mikl_gene:pcdh15,2,0.9161290322580645,0.12067153571785344,0.8793284642821466,1.277571931418552,0.5,0.5,0.5,0.0,0.04638459957958622
M0_geometry,mikl_gse173098,increase,mikl_gene:pde1c,2,0.9333333333333333,0.12244306868337243,0.8775569313166276,1.12673975624568,0.0,0.0,0.0,0.0,0.04315187545658362
M0_geometry,mikl_gse173098,increase,mikl_gene:pde2a,2,0.54,0.34213634493707934,0.6578636550629207,-0.28654814757606206,0.0,0.0,0.0,0.0,0.03705882352941176
M0_geometry,mikl_gse173098,increase,mikl_gene:pdp1,2,0.427536231884058,0.5748184620999081,0.425181537900092,-0.8264458594774095,0.0,0.0,0.0,0.0,-0.04349831941231613
M0_geometry,mikl_gse173098,increase,mikl_gene:pdpk1,2,0.8206521739130435,0.4488572526443324,0.5511427473556676,0.4722380863372274,0.0,0.0,0.0,0.0,0.024063913727760664
M0_geometry,mikl_gse173098,increase,mikl_gene:pgap1,2,0.18406593406593408,0.5985593234151418,0.4014406765848581,-0.9625779034586144,0.0,0.0,0.0,0.0,-0.009812375519922105
M0_geometry,mikl_gse173098,increase,mikl_gene:plin3,2,0.125,0.7650638418378919,0.23493615816210817,-0.9580034967370454,0.0,1.0,1.0,0.0,-0.04088669950738916
M0_geometry,mikl_gse173098,increase,mikl_gene:ppp1r9b,2,0.5344827586206897,0.36954522291071623,0.6304547770892839,-0.21047440284199204,0.0,0.5,0.5,0.0,-0.11457174638487208
M0_geometry,mikl_gse173098,increase,mikl_gene:prlr,2,0.4430379746835443,0.614195994320374,0.385804005679626,-0.23632185573190145,0.0,0.0,0.0,0.0,-0.026734646038443506
M0_geometry,mikl_gse173098,increase,mikl_gene:prrx1,2,0.4305555555555555,0.5706493914535791,0.429350608546421,-0.18809205071225502,0.0,0.0,0.0,0.0,0.06531531531531533
M0_geometry,mikl_gse173098,increase,mikl_gene:psd,2,0.8571428571428572,0.15001609647036648,0.8499839035296335,0.2866608180803131,0.5,0.5,0.5,0.0,0.6309523809523809
M0_geometry,mikl_gse173098,increase,mikl_gene:ptgs2,2,0.2692307692307692,0.6677591211308719,0.3322408788691281,-0.7239400476534704,0.0,0.5,0.5,0.0,-0.1010989010989011
M0_geometry,mikl_gse173098,increase,mikl_gene:ptpn14,2,0.8137254901960784,0.37141573053508936,0.6285842694649106,0.2820232388069254,0.0,0.0,0.0,0.0,-0.03760778622043883
M0_geometry,mikl_gse173098,increase,mikl_gene:ptprb,2,0.8802816901408451,0.3558257963463845,0.6441742036536156,0.43184420896286024,0.0,0.0,0.0,0.0,-0.07088880313846552
M0_geometry,mikl_gse173098,increase,mikl_gene:rab11fip2,2,0.7851063829787234,0.28578808971592834,0.7142119102840716,0.3028548690321257,0.0,0.0,0.0,0.0,-0.01769574394660266
M0_geometry,mikl_gse173098,increase,mikl_gene:rasgrp4,2,0.6111111111111112,0.3711177698380803,0.6288822301619197,-0.02515481180540845,0.0,0.0,0.0,0.0,0.10616438356164387
M0_geometry,mikl_gse173098,increase,mikl_gene:rasl10b,2,0.5268456375838926,0.2786337137103696,0.7213662862896304,-0.17725523117233705,0.0,0.5,0.5,0.0,0.12459931552513445
M0_geometry,mikl_gse173098,increase,mikl_gene:rbm47,2,0.38636363636363635,0.3797804617619551,0.6202195382380449,-0.48124598801973695,0.0,0.0,0.5,0.0,-0.14723320158102765
M0_geometry,mikl_gse173098,increase,mikl_gene:rmi2,2,0.40425531914893614,0.5307975827221761,0.46920241727782386,-0.3137430278657996,0.0,0.0,0.0,0.0,-0.12272036474164134
M0_geometry,mikl_gse173098,increase,mikl_gene:rnf165,2,0.46449704142011833,0.4399301355642379,0.5600698644357621,-0.49338681092361064,0.0,0.0,0.0,0.0,-0.005032947425179964
M0_geometry,mikl_gse173098,increase,mikl_gene:rorb,2,0.6145833333333333,0.3977407336424389,0.6022592663575611,0.4072719926733043,0.0,0.0,0.5,0.0,0.06346938775510204
M0_geometry,mikl_gse173098,increase,mikl_gene:rpl21,2,0.423728813559322,0.49370096634792027,0.5062990336520798,-0.17388721272299595,0.0,0.0,0.5,0.0,0.05248753109052088
M0_geometry,mikl_gse173098,increase,mikl_gene:rpl31,2,0.6000000000000001,0.3914216670707571,0.6085783329292429,0.08913789026825256,0.0,0.0,0.0,0.0,-0.026470588235294135
M0_geometry,mikl_gse173098,increase,mikl_gene:rpl37,2,0.9210526315789473,0.27946311900480625,0.7205368809951938,0.1428748916294759,0.0,0.0,0.0,0.0,0.1894736842105263
M0_geometry,mikl_gse173098,increase,mikl_gene:rps19,2,0.75,0.2594193938486331,0.7405806061513669,0.3658094426186341,0.5,1.0,1.0,0.5,0.26666666666666666
M0_geometry,mikl_gse173098,increase,mikl_gene:rps20,2,0.5555555555555556,0.6738017367044509,0.3261982632955492,-0.0242370552502656,0.0,0.0,0.0,0.0,0.04298245614035087
M0_geometry,mikl_gse173098,increase,mikl_gene:rps24,2,0.6428571428571428,0.3480050445399876,0.6519949554600124,-0.22497603332613592,0.5,0.5,0.5,0.0,-0.20535714285714282
M0_geometry,mikl_gse173098,increase,mikl_gene:rpsa,2,0.5857142857142857,0.45987280293582666,0.5401271970641733,-0.15992643372932355,0.0,0.0,0.5,0.0,0.09035330477555234
M0_geometry,mikl_gse173098,increase,mikl_gene:rragb,2,0.5,0.2265371966626096,0.7734628033373905,-0.05571171196506397,0.5,0.5,0.5,0.0,0.21581659885738114
M0_geometry,mikl_gse173098,increase,mikl_gene:serbp1,2,0.503448275862069,0.5018747316799606,0.4981252683200394,0.24709984734808121,0.0,0.0,0.0,0.0,0.08407554401741447
M0_geometry,mikl_gse173098,increase,mikl_gene:serhl,2,0.75,0.36030050157095367,0.6396994984290463,-0.05586176694004841,0.5,0.5,1.0,0.5,0.175
M0_geometry,mikl_gse173098,increase,mikl_gene:serpina3k,2,0.3,0.6938016551285313,0.3061983448714687,-0.285139262981014,0.0,1.0,1.0,0.0,-0.2857142857142857
M0_geometry,mikl_gse173098,increase,mikl_gene:serpine2,2,0.6875,0.20337466372678828,0.7966253362732117,0.09943055581983345,0.5,1.0,1.0,0.5,0.39166666666666666
M0_geometry,mikl_gse173098,increase,mikl_gene:shank1,2,0.547945205479452,0.2804363838569489,0.7195636161430511,0.32404170841827695,0.5,0.5,0.5,0.0,0.022162217650406386
M0_geometry,mikl_gse173098,increase,mikl_gene:shank3,2,0.23888888888888887,0.6983201844960256,0.30167981550397444,-0.4652828995143328,0.0,0.0,0.0,0.0,-0.06556776556776557
M0_geometry,mikl_gse173098,increase,mikl_gene:slamf7,2,0.48484848484848486,0.5286573179747298,0.4713426820252702,-0.27755259546584893,0.0,0.0,0.5,0.0,-0.054239877769289534
M0_geometry,mikl_gse173098,increase,mikl_gene:slc13a5,2,0.5862068965517241,0.6440215775536464,0.3559784224463535,-0.20314900426097257,0.0,0.5,1.0,0.0,0.05739710789766407
M0_geometry,mikl_gse173098,increase,mikl_gene:slc17a7,2,0.46875,0.6501855292263352,0.3498144707736648,-0.246205744533607,0.0,0.5,0.5,0.0,-0.16421568627450983
M0_geometry,mikl_gse173098,increase,mikl_gene:slc17a9,2,0.2692307692307692,0.632322963998307,0.367677036001693,-0.6764557029622646,0.0,0.0,0.5,0.0,-0.0021978021978021982
M0_geometry,mikl_gse173098,increase,mikl_gene:slc22a15,2,0.319672131147541,0.6962847017286133,0.3037152982713867,-1.88815686287496,0.0,0.0,0.0,0.0,0.023066656593890865
M0_geometry,mikl_gse173098,increase,mikl_gene:slc23a1,2,0.4761904761904762,0.4552460907890038,0.5447539092109962,-0.17510562137863706,0.0,0.5,0.5,0.0,0.10897797854319594
M0_geometry,mikl_gse173098,increase,mikl_gene:slc28a3,2,0.7666666666666667,0.2384137868997352,0.7615862131002649,-0.03816927364780895,0.0,0.0,0.0,0.0,0.15362903225806454
M0_geometry,mikl_gse173098,increase,mikl_gene:slc7a11,2,0.43103448275862066,0.6237626412953567,0.37623735870464325,-0.2821134062991758,0.0,0.0,0.0,0.0,-0.20032144944476918
M0_geometry,mikl_gse173098,increase,mikl_gene:slfn8,2,0.49999999999999994,0.47145680069042406,0.5285431993095759,0.2468256122606735,0.0,0.0,0.5,0.0,-0.12280701754385964
M0_geometry,mikl_gse173098,increase,mikl_gene:snap91,2,0.8021978021978022,0.24818407932883824,0.7518159206711618,0.27542136670860096,0.0,0.0,0.0,0.0,0.040060912183505354
M0_geometry,mikl_gse173098,increase,mikl_gene:sparc,2,0.9166666666666666,0.13479107290116135,0.8652089270988386,0.8884840266653455,0.5,0.5,0.5,0.0,0.11263736263736264
M0_geometry,mikl_gse173098,increase,mikl_gene:sptbn2,2,0.0,1.0,0.0,-0.5935432853440085,0.0,1.0,1.0,0.0,-0.24999999999999997
M0_geometry,mikl_gse173098,increase,mikl_gene:srl,2,0.6842105263157895,0.4514843331217395,0.5485156668782605,0.2640071900146302,0.0,0.0,0.0,0.0,-0.17142857142857143
M0_geometry,mikl_gse173098,increase,mikl_gene:sspn,2,0.1774193548387097,0.4749304171999797,0.5250695828000203,-0.8749532703172085,0.0,0.0,0.0,0.0,-0.030506671333915766
M0_geometry,mikl_gse173098,increase,mikl_gene:st6gal1,2,0.5116279069767442,0.4917510593188212,0.5082489406811788,0.5519387672999069,0.5,0.5,0.5,0.5,-0.038971106412966874
M0_geometry,mikl_gse173098,increase,mikl_gene:syt15,2,0.43548387096774194,0.6883537601469581,0.31164623985304185,-0.5009523946997329,0.0,0.5,0.5,0.0,-0.09934017595307917
M0_geometry,mikl_gse173098,increase,mikl_gene:tagln,2,0.8235294117647058,0.38648025076287584,0.6135197492371242,0.731372381733342,0.0,0.0,0.0,0.0,0.2672858617131063
M0_geometry,mikl_gse173098,increase,mikl_gene:tbcel,2,0.3235294117647059,0.6497652678925103,0.35023473210748973,-0.5339273716951466,0.0,0.0,0.0,0.0,-0.057364341085271324
M0_geometry,mikl_gse173098,increase,mikl_gene:tcte1,2,0.55,0.43166082108992077,0.5683391789100792,-0.28920819578931245,0.5,0.5,0.5,0.5,0.13506493506493505
M0_geometry,mikl_gse173098,increase,mikl_gene:tfap2b,2,0.5444444444444445,0.7099583847905582,0.2900416152094419,-0.1389078172706581,0.0,0.5,0.5,0.0,-0.23324082639531296
M0_geometry,mikl_gse173098,increase,mikl_gene:tfg,2,0.425925925925926,0.5684972976989999,0.431502702301,-0.4106242269107731,0.0,0.0,0.0,0.0,0.10591133004926108
M0_geometry,mikl_gse173098,increase,mikl_gene:thbd,2,0.45833333333333337,0.3431893962853053,0.6568106037146947,-0.31164724030475455,0.0,0.0,0.0,0.0,-0.019230769230769246
M0_geometry,mikl_gse173098,increase,mikl_gene:tirap,2,0.5161290322580645,0.4730923637854687,0.5269076362145313,0.13803745217132954,0.0,0.0,0.0,0.0,0.12976539589442815
M0_geometry,mikl_gse173098,increase,mikl_gene:tmem242,2,0.6,0.4982780977054567,0.5017219022945433,-0.2786042761018892,0.0,0.0,0.0,0.0,0.11818181818181817
M0_geometry,mikl_gse173098,increase,mikl_gene:tnfrsf19,2,0.41666666666666663,0.6225824187100012,0.3774175812899988,-0.4336766023111601,0.0,0.5,0.5,0.0,0.1838823329218135
M0_geometry,mikl_gse173098,increase,mikl_gene:tor4a,2,0.4444444444444445,0.5576042236209097,0.4423957763790903,-0.36108926153653703,0.0,0.5,0.5,0.0,0.06666666666666668
M0_geometry,mikl_gse173098,increase,mikl_gene:tpmt,2,0.07142857142857145,0.8331405642856603,0.1668594357143397,-0.585631797160766,0.0,0.5,1.0,0.0,-0.5357142857142858
M0_geometry,mikl_gse173098,increase,mikl_gene:tpt1,2,0.3888888888888889,0.3209987530452405,0.6790012469547595,-0.20759158382543605,0.0,0.0,0.0,0.0,-0.17022277691851537
M0_geometry,mikl_gse173098,increase,mikl_gene:trim56,2,0.44845360824742264,0.5353093620886779,0.46469063791132215,-0.30396391014335644,0.0,0.0,0.0,0.0,0.030637643988438212
M0_geometry,mikl_gse173098,increase,mikl_gene:trp63,2,0.7611940298507462,0.33066480121572406,0.6693351987842759,0.20628034578777366,0.0,0.0,0.0,0.0,0.04003336464023253
M0_geometry,mikl_gse173098,increase,mikl_gene:tulp1,2,0.5,0.5694635138832331,0.43053648611676687,-0.2186177498660298,0.0,1.0,1.0,0.0,-0.1515151515151515
M0_geometry,mikl_gse173098,increase,mikl_gene:tusc3,2,0.8518518518518519,0.18958428428095425,0.8104157157190457,0.578271781589185,0.0,0.0,0.5,0.0,0.0604816639299398
M0_geometry,mikl_gse173098,increase,mikl_gene:ube2m,2,0.7,0.4894708237538571,0.5105291762461429,-0.037273688766166505,0.0,0.5,0.5,0.0,-0.11363636363636365
M0_geometry,mikl_gse173098,increase,mikl_gene:unc5c,2,0.674863387978142,0.3120734740165597,0.6879265259834403,0.26048769492153606,0.0,0.0,0.0,0.0,-0.06459842277730192
M0_geometry,mikl_gse173098,increase,mikl_gene:uqcrq,2,0.6875,0.29228946990312576,0.7077105300968742,0.17582960721561208,0.5,0.5,0.5,0.5,0.41666666666666663
M0_geometry,mikl_gse173098,increase,mikl_gene:vangl1,2,0.5288461538461537,0.4995967400417246,0.5004032599582753,-0.1118915522076041,0.0,0.0,0.0,0.0,-0.16670698274471857
M0_geometry,mikl_gse173098,increase,mikl_gene:vapb,2,0.25471698113207547,0.41542515430542093,0.5845748456945792,-0.43426293311609915,0.0,0.0,0.0,0.0,-0.026331569861690475
M0_geometry,mikl_gse173098,increase,mikl_gene:vav3,2,0.4,0.7269281313126311,0.2730718686873689,-0.4898639247696006,0.0,0.0,0.5,0.0,-0.48571428571428577
M0_geometry,mikl_gse173098,increase,mikl_gene:vma21,2,0.33690987124463523,0.651797312190298,0.34820268780970204,-0.4660857175203939,0.0,0.0,0.0,0.0,-0.04822860388815174
M0_geometry,mikl_gse173098,increase,mikl_gene:wdr31,2,0.5357142857142857,0.18023232981007142,0.8197676701899286,-0.13787435941126724,0.0,0.5,0.5,0.0,0.0857142857142857
M0_geometry,mikl_gse173098,increase,mikl_gene:zbtb20,2,0.46264367816091956,0.4599689093147986,0.5400310906852014,-0.18711118791755255,0.0,0.0,0.0,0.0,-0.0385347305360981
M0_geometry,mikl_gse173098,increase,mikl_gene:zfhx3,2,0.8137254901960784,0.48690649823641347,0.5130935017635865,0.6256543198707489,0.0,0.0,0.0,0.0,-0.07823551377234987
M0_geometry,mikl_gse173098,increase,mikl_gene:zscan20,2,0.5357142857142857,0.5505566561364461,0.4494433438635539,-0.1798404459970279,0.0,0.5,0.5,0.0,-0.12858652974932044
M0_geometry,moffatt_gse334718,decrease,moffatt_parent_sequence:139c4882daa7dfbf012c1a463d21076843e8e7d35ee52912c4dc135d78c1bdef,7,0.5726458025496806,0.4393005807331002,0.5606994192668998,-0.07919846461278664,0.14285714285714285,0.2857142857142857,0.2857142857142857,0.0,0.33902406481488645
M0_geometry,moffatt_gse334718,decrease,moffatt_parent_sequence:36e73539d1acd4413e3e1072562098393ce68280e289b4e966e985a09a34ac5f,7,0.8584618863923055,0.18617853003320986,0.8138214699667901,0.6841259848500358,0.0,0.14285714285714285,0.5714285714285714,0.0,0.46611295876751424
M0_geometry,moffatt_gse334718,decrease,moffatt_parent_sequence:45ec1d64039db0d8b56d704e14c7a76e3729d447f8dc0b19cf0e854517e5ed8d,10,0.7793816107898174,0.21712912765604778,0.7828708723439523,0.16174926085282412,0.1,0.3,0.3,0.0,0.43994807359959615
M0_geometry,moffatt_gse334718,decrease,moffatt_parent_sequence:572aefff72c0c5ebef579dab97cd510a0daaf1f661477a6c0c7da11ea8b145ee,9,0.699947915506506,0.2861571941290188,0.7138428058709813,0.4079656525906893,0.0,0.1111111111111111,0.2222222222222222,0.0,0.327921864679149
M0_geometry,moffatt_gse334718,decrease,moffatt_parent_sequence:71717d67de00792da52084974f2481e99d5aee74258ae7426800cc5b7aa44393,7,0.5941222802383693,0.29904679494840203,0.700953205051598,0.46518685893738543,0.14285714285714285,0.2857142857142857,0.2857142857142857,0.0,0.24386215317677545
M0_geometry,moffatt_gse334718,decrease,moffatt_parent_sequence:71b017fc3704c0a72626c909e1055d0dec5dc20d0b9a0142f93d196c4ea6c651,1,0.9966044142614601,0.009620985014153776,0.9903790149858462,0.865438539139819,1.0,1.0,1.0,0.0,0.23997647074977355
M0_geometry,moffatt_gse334718,decrease,moffatt_parent_sequence:a99e16ae7c3711f8ed155495b69998e0a7ca017d377e53a2aaaa28b9fe672e89,9,0.890952456951502,0.18691342102446123,0.8130865789755387,0.5589283337177778,0.1111111111111111,0.2222222222222222,0.5555555555555556,0.0,0.46349588039320433
M0_geometry,moffatt_gse334718,decrease,moffatt_parent_sequence:ebeaf12933f759f1472b6be1caeb911d7e9c703616cc2179a4826077ebc2145a,1,0.34375,0.26564048521998374,0.7343595147800163,0.725566730903435,0.0,0.0,0.0,0.0,0.05147058823529412
M0_geometry,moffatt_gse334718,increase,moffatt_parent_sequence:139c4882daa7dfbf012c1a463d21076843e8e7d35ee52912c4dc135d78c1bdef,7,0.8032464257744701,0.4828855398572628,0.5171144601427372,0.5767035878184538,0.0,0.0,0.0,0.0,0.33902406481488645
M0_geometry,moffatt_gse334718,increase,moffatt_parent_sequence:36e73539d1acd4413e3e1072562098393ce68280e289b4e966e985a09a34ac5f,7,0.6225578087746307,0.5026197033121969,0.4973802966878032,0.9339113458371112,0.0,0.0,0.0,0.0,0.46611295876751424
M0_geometry,moffatt_gse334718,increase,moffatt_parent_sequence:45ec1d64039db0d8b56d704e14c7a76e3729d447f8dc0b19cf0e854517e5ed8d,10,0.7375515046030037,0.4160947904996976,0.5839052095003024,2.1246579430042085,0.0,0.1,0.1,0.0,0.43994807359959615
M0_geometry,moffatt_gse334718,increase,moffatt_parent_sequence:572aefff72c0c5ebef579dab97cd510a0daaf1f661477a6c0c7da11ea8b145ee,9,0.6113221886247983,0.5273429886384966,0.4726570113615034,0.4875986345851411,0.0,0.0,0.1111111111111111,0.0,0.327921864679149
M0_geometry,moffatt_gse334718,increase,moffatt_parent_sequence:71717d67de00792da52084974f2481e99d5aee74258ae7426800cc5b7aa44393,7,0.49234471787359385,0.6474854925808672,0.3525145074191328,-0.20145135165634712,0.0,0.0,0.0,0.0,0.24386215317677545
M0_geometry,moffatt_gse334718,increase,moffatt_parent_sequence:71b017fc3704c0a72626c909e1055d0dec5dc20d0b9a0142f93d196c4ea6c651,1,0.33276740237691005,0.46349121652474967,0.5365087834752503,1.22647696720854,0.0,0.0,0.0,0.0,0.23997647074977355
M0_geometry,moffatt_gse334718,increase,moffatt_parent_sequence:a99e16ae7c3711f8ed155495b69998e0a7ca017d377e53a2aaaa28b9fe672e89,9,0.7030563096310531,0.3871956115654679,0.6128043884345321,1.7452362804183106,0.1111111111111111,0.1111111111111111,0.1111111111111111,0.0,0.46349588039320433
M0_geometry,moffatt_gse334718,increase,moffatt_parent_sequence:ebeaf12933f759f1472b6be1caeb911d7e9c703616cc2179a4826077ebc2145a,1,0.15625,0.8356362680872341,0.16436373191276588,-1.00189812378526,0.0,0.0,0.0,0.0,0.05147058823529412
M0_geometry,tdp43_gse288185,decrease,tdp_gene:ENSMUSG00000004113,1,0.9798206278026906,0.35877729350864795,0.641222706491352,0.713737344499955,0.0,0.0,0.0,0.0,0.35025083334301216
M0_geometry,tdp43_gse288185,decrease,tdp_gene:ENSMUSG00000022095,1,0.8408163265306122,0.4671939418044128,0.5328060581955871,2.07157268292601,0.0,0.0,0.0,0.0,0.7238330347444595
M0_geometry,tdp43_gse288185,decrease,tdp_gene:ENSMUSG00000028439,1,0.8734177215189873,0.565718804195245,0.434281195804755,0.523659095941793,0.0,0.0,0.0,0.0,0.5085557095150806
M0_geometry,tdp43_gse288185,decrease,tdp_gene:ENSMUSG00000029028,1,0.8092485549132948,0.33701759417908916,0.6629824058209108,1.94568277501313,0.0,0.0,0.0,0.0,0.8481574076710612
M0_geometry,tdp43_gse288185,decrease,tdp_gene:ENSMUSG00000029636,1,0.0888888888888889,0.7444102852501282,0.2555897147498718,-0.127062546651617,0.0,0.0,0.0,0.0,0.0335039673926151
M0_geometry,tdp43_gse288185,decrease,tdp_gene:ENSMUSG00000031028,1,0.8058455114822547,0.44937362606924036,0.5506263739307596,0.0925413147640694,0.0,0.0,0.0,0.0,0.1865623714271465
M0_geometry,tdp43_gse288185,decrease,tdp_gene:ENSMUSG00000032194,1,0.35148514851485146,0.7862338289676425,0.2137661710323575,0.0020875113386546,0.0,0.0,0.0,0.0,0.3113834130442891
M0_geometry,tdp43_gse288185,decrease,tdp_gene:ENSMUSG00000034801,1,0.826530612244898,0.35659243742005164,0.6434075625799484,0.0744379811752326,0.0,0.0,0.0,0.0,0.09615337043908471
M0_geometry,tdp43_gse288185,decrease,tdp_gene:ENSMUSG00000035202,1,0.3214285714285714,0.5785933630532726,0.4214066369467274,-0.0416199008368777,0.0,0.0,0.0,0.0,0.06957201485245261
M0_geometry,tdp43_gse288185,decrease,tdp_gene:ENSMUSG00000035279,1,1.0,0.0,1.0,0.172965893298251,1.0,1.0,1.0,1.0,0.05866209262435677
M0_geometry,tdp43_gse288185,decrease,tdp_gene:ENSMUSG00000038916,1,0.6,0.18625731196018766,0.8137426880398123,0.147072779509996,0.0,1.0,1.0,0.0,0.14285714285714288
M0_geometry,tdp43_gse288185,decrease,tdp_gene:ENSMUSG00000042529,1,0.9251497005988024,0.5521609218336399,0.44783907816636015,0.411037001559618,0.0,0.0,0.0,0.0,0.31478556745783487
M0_geometry,tdp43_gse288185,decrease,tdp_gene:ENSMUSG00000043670,1,0.6028880866425993,0.9037808033300748,0.09621919666992518,0.083245733433457,0.0,0.0,0.0,0.0,0.5203328661165628
M0_geometry,tdp43_gse288185,decrease,tdp_gene:ENSMUSG00000058297,1,0.8753246753246753,0.707573223619292,0.292426776380708,0.59467733726875,0.0,0.0,0.0,0.0,0.5335668289479633
M0_geometry,tdp43_gse288185,decrease,tdp_gene:ENSMUSG00000061578,1,0.7611181702668361,0.6603795760675033,0.3396204239324967,0.0896077706204482,0.0,0.0,0.0,0.0,-0.06208973230123873
M0_geometry,tdp43_gse288185,decrease,tdp_gene:ENSMUSG00000090935,1,0.33838383838383834,0.6132501297368078,0.3867498702631922,-0.0377281104465079,0.0,0.0,0.0,0.0,0.10488677133579008
M0_geometry,tdp43_gse288185,increase,tdp_gene:ENSMUSG00000004113,1,0.29147982062780264,0.32332292696359216,0.6766770730364078,-0.0954268283774975,0.0,0.0,0.0,0.0,0.35025083334301216
M0_geometry,tdp43_gse288185,increase,tdp_gene:ENSMUSG00000022095,1,0.8938775510204082,0.049097484818310416,0.9509025151816896,0.106459992215267,1.0,1.0,1.0,0.0,0.7238330347444595
M0_geometry,tdp43_gse288185,increase,tdp_gene:ENSMUSG00000028439,1,0.3481012658227848,0.38825789683811973,0.6117421031618803,-0.094781321019879,0.0,0.0,0.0,0.0,0.5085557095150806
M0_geometry,tdp43_gse288185,increase,tdp_gene:ENSMUSG00000029028,1,0.9364161849710982,0.04348618651952153,0.9565138134804785,0.109028005723385,1.0,1.0,1.0,0.0,0.8481574076710612
M0_geometry,tdp43_gse288185,increase,tdp_gene:ENSMUSG00000029636,1,0.674074074074074,0.38501248499893864,0.6149875150010613,0.0309036152517035,0.0,0.0,0.0,0.0,0.0335039673926151
M0_geometry,tdp43_gse288185,increase,tdp_gene:ENSMUSG00000031028,1,0.732776617954071,0.3870153898564081,0.6129846101435918,0.0489984841040026,0.0,0.0,0.0,0.0,0.1865623714271465
M0_geometry,tdp43_gse288185,increase,tdp_gene:ENSMUSG00000032194,1,0.806930693069307,0.19421880198347227,0.8057811980165277,0.0289893779041412,0.0,0.0,1.0,0.0,0.3113834130442891
M0_geometry,tdp43_gse288185,increase,tdp_gene:ENSMUSG00000034801,1,0.8163265306122449,0.32920092024620307,0.6707990797537969,0.113345518231674,0.0,0.0,0.0,0.0,0.09615337043908471
M0_geometry,tdp43_gse288185,increase,tdp_gene:ENSMUSG00000035202,1,0.5357142857142857,0.4967095320932047,0.5032904679067953,-0.002535221465802,0.0,0.0,0.0,0.0,0.06957201485245261
M0_geometry,tdp43_gse288185,increase,tdp_gene:ENSMUSG00000035279,1,0.6603773584905661,0.5131427182862321,0.48685728171376785,0.0483216336838734,0.0,0.0,0.0,0.0,0.05866209262435677
M0_geometry,tdp43_gse288185,increase,tdp_gene:ENSMUSG00000038916,1,0.19999999999999996,0.9419919193789744,0.05800808062102558,-0.212143830914176,0.0,0.0,1.0,0.0,0.14285714285714288
M0_geometry,tdp43_gse288185,increase,tdp_gene:ENSMUSG00000042529,1,0.23952095808383234,0.35638612101889616,0.6436138789811039,-0.114779724587664,0.0,0.0,0.0,0.0,0.31478556745783487
M0_geometry,tdp43_gse288185,increase,tdp_gene:ENSMUSG00000043670,1,0.9783393501805054,0.040629563307894634,0.9593704366921054,0.190409591392171,1.0,1.0,1.0,0.0,0.5203328661165628
M0_geometry,tdp43_gse288185,increase,tdp_gene:ENSMUSG00000058297,1,0.5194805194805194,0.14091901511436436,0.8590809848856357,-0.0346808939697459,0.0,0.0,0.0,0.0,0.5335668289479633
M0_geometry,tdp43_gse288185,increase,tdp_gene:ENSMUSG00000061578,1,0.02287166454891998,0.6514301368538886,0.3485698631461114,-0.652078188599499,0.0,0.0,0.0,0.0,-0.06208973230123873
M0_geometry,tdp43_gse288185,increase,tdp_gene:ENSMUSG00000090935,1,0.21464646464646464,0.4875768197361921,0.512423180263808,-0.0747271395477212,0.0,0.0,0.0,0.0,0.10488677133579008
M1,mikl_gse173098,decrease,mikl_gene:2810459m11rik,2,0.4423076923076923,0.5180849123658227,0.4819150876341773,-0.016242705369164598,0.0,0.5,0.5,0.0,0.20115995115995117
M1,mikl_gse173098,decrease,mikl_gene:9130008f23rik,2,0.11764705882352944,0.6729445137791408,0.3270554862208592,-0.35003327584639,0.0,0.5,0.5,0.0,-0.3168214654282766
M1,mikl_gse173098,decrease,mikl_gene:a630089n07rik,2,0.34090909090909094,0.814125162852121,0.185874837147879,0.09050734073166819,0.0,0.0,0.0,0.0,-0.00988142292490117
M1,mikl_gse173098,decrease,mikl_gene:abhd17a,2,0.25,0.5368377494184587,0.4631622505815413,0.3992284582052893,0.0,0.5,1.0,0.0,-0.39999999999999997
M1,mikl_gse173098,decrease,mikl_gene:abi1,2,0.3188976377952756,0.5693958647718496,0.4306041352281505,-0.25617663388080625,0.0,0.0,0.0,0.0,0.06563024404626412
M1,mikl_gse173098,decrease,mikl_gene:acnat2,2,0.5,0.5870455613342428,0.41295443866575726,0.07740365656258885,0.0,1.0,1.0,0.0,0.39999999999999997
M1,mikl_gse173098,decrease,mikl_gene:aco2,2,0.625,0.32472292364034233,0.6752770763596576,-0.050957955545752553,0.5,0.5,0.5,0.5,0.04999999999999999
M1,mikl_gse173098,decrease,mikl_gene:actb,2,0.75,0.08537306180186661,0.9146269381981333,0.17933742672950587,0.5,1.0,1.0,0.5,0.6863636363636363
M1,mikl_gse173098,decrease,mikl_gene:adamts18,2,0.29012345679012347,0.4909075542699012,0.5090924457300988,-0.05754535532227465,0.0,0.0,0.0,0.0,0.1280460595770616
M1,mikl_gse173098,decrease,mikl_gene:adap2,2,0.75,0.2150761179198268,0.7849238820801732,1.5734082136515304,0.5,0.5,0.5,0.5,0.19166666666666665
M1,mikl_gse173098,decrease,mikl_gene:agtrap,2,0.14393939393939392,0.6580036937775894,0.3419963062224106,-0.5057996706214487,0.0,0.0,0.0,0.0,-0.001376805810519596
M1,mikl_gse173098,decrease,mikl_gene:ankef1,2,0.7884615384615384,0.2938631841996344,0.7061368158003656,0.5506454124927727,0.0,0.0,0.5,0.0,0.16147741147741146
M1,mikl_gse173098,decrease,mikl_gene:aqp4,2,0.2647058823529412,0.6410214470406359,0.35897855295936404,-0.31969211348252347,0.0,0.0,0.0,0.0,-0.0546218487394958
M1,mikl_gse173098,decrease,mikl_gene:arc,2,0.6799999999999999,0.8380804564579085,0.16191954354209154,0.3362199895517889,0.0,0.0,0.0,0.0,0.17128205128205126
M1,mikl_gse173098,decrease,mikl_gene:arhgap31,2,0.5,0.5693090013948487,0.43069099860515125,0.09003644015624046,0.0,0.0,0.5,0.0,-0.026470588235294114
M1,mikl_gse173098,decrease,mikl_gene:arid2,2,0.3322784810126582,0.6166356631585467,0.3833643368414533,-0.2467225285430345,0.0,0.0,0.0,0.0,-0.1155783780898247
M1,mikl_gse173098,decrease,mikl_gene:arpc1b,2,0.8369565217391305,0.3407908553657598,0.6592091446342402,0.5758675901991149,0.0,0.0,0.0,0.0,0.27029370952821463
M1,mikl_gse173098,decrease,mikl_gene:atp5j2,2,0.7,0.22488967147227923,0.7751103285277208,0.5277947619606449,0.0,0.0,1.0,0.0,-0.20000000000000004
M1,mikl_gse173098,decrease,mikl_gene:bdnf,2,0.5643564356435643,0.5081674353610501,0.4918325646389499,0.30210125190935,0.0,0.0,0.0,0.0,0.0854766680555818
M1,mikl_gse173098,decrease,mikl_gene:brsk1,2,0.6428571428571428,0.6291642198723039,0.37083578012769614,0.27818032918730706,0.0,0.0,0.0,0.0,-0.3817052512704687
M1,mikl_gse173098,decrease,mikl_gene:c130026i21rik,2,0.2,0.6799808375092897,0.3200191624907103,-0.13884339410259128,0.0,0.5,0.5,0.0,-0.06818181818181818
M1,mikl_gse173098,decrease,mikl_gene:calm1,2,0.3555555555555555,0.49794243738330507,0.502057562616695,-0.28055361864124945,0.0,0.0,0.0,0.0,0.1312981806968856
M1,mikl_gse173098,decrease,mikl_gene:camk2a,2,0.8201438848920863,0.40632547808423225,0.5936745219157678,0.6153327717944574,0.0,0.0,0.0,0.0,0.11661017690406948
M1,mikl_gse173098,decrease,mikl_gene:ccdc141,2,0.45999999999999996,0.5415400508810337,0.4584599491189663,0.138583672345235,0.0,0.0,0.0,0.0,0.014358974358974375
M1,mikl_gse173098,decrease,mikl_gene:ccnd1,2,0.7416666666666667,0.49030314084313287,0.5096968591568671,0.3966692587926194,0.0,0.0,0.0,0.0,0.15420492741702407
M1,mikl_gse173098,decrease,mikl_gene:ccnd2,2,0.5904761904761905,0.43493144771496567,0.5650685522850343,0.3306010086042299,0.0,0.5,0.5,0.0,0.06368019588561503
M1,mikl_gse173098,decrease,mikl_gene:ccni,2,0.8888888888888888,0.34650910799477685,0.6534908920052231,1.8362670075571361,0.5,0.5,0.5,0.5,0.16363636363636358
M1,mikl_gse173098,decrease,mikl_gene:cd84,2,0.5816326530612246,0.38370571565963363,0.6162942843403664,0.23630359753221486,0.0,0.0,0.0,0.0,0.18218487394957983
M1,mikl_gse173098,decrease,mikl_gene:cdc42,2,0.5596026490066225,0.5848241943781853,0.4151758056218147,0.23016266288832843,0.0,0.0,0.0,0.0,-0.04688731400871122
M1,mikl_gse173098,decrease,mikl_gene:cdk15,2,0.4545454545454546,0.5499432359216199,0.4500567640783801,0.13226096713874508,0.0,0.5,0.5,0.0,0.27972027972027974
M1,mikl_gse173098,decrease,mikl_gene:chmp3,2,0.3545454545454546,0.6333019232036856,0.3666980767963144,-0.039956221571980505,0.0,0.0,0.0,0.0,-0.0014865512060843362
M1,mikl_gse173098,decrease,mikl_gene:chrdl1,2,0.3673469387755102,0.623916321563882,0.376083678436118,-0.5032818320030821,0.0,0.0,0.0,0.0,0.12345738295318126
M1,mikl_gse173098,decrease,mikl_gene:cnot6l,2,0.521969696969697,0.563281920724774,0.436718079275226,0.18983595259921102,0.0,0.0,0.0,0.0,0.011365987201213519
M1,mikl_gse173098,decrease,mikl_gene:cntn2,2,0.594017094017094,0.46559547972912557,0.5344045202708745,0.30801432108443244,0.0,0.0,0.0,0.0,0.17708048017120803
M1,mikl_gse173098,decrease,mikl_gene:col1a1,2,0.43749999999999994,0.5181953390893729,0.4818046609106271,0.16256920480916154,0.0,0.0,0.0,0.0,0.061538461538461556
M1,mikl_gse173098,decrease,mikl_gene:col27a1,2,0.6682692307692308,0.3830430286397602,0.6169569713602399,0.36099619900394697,0.0,0.5,0.5,0.0,0.007728612193194602
M1,mikl_gse173098,decrease,mikl_gene:col8a1,2,0.0625,0.9085689836932791,0.09143101630672085,-1.7653174566145764,0.0,0.0,0.0,0.0,-0.4
M1,mikl_gse173098,decrease,mikl_gene:colec12,2,0.763157894736842,0.5340935563605161,0.46590644363948386,0.6712484866942514,0.0,0.0,0.0,0.0,0.039640206847326886
M1,mikl_gse173098,decrease,mikl_gene:cox8a,2,0.55,0.3981967471929533,0.6018032528070467,0.14867339410103592,0.0,0.0,1.0,0.0,0.3090909090909091
M1,mikl_gse173098,decrease,mikl_gene:cplx2,2,0.6280487804878049,0.5466338798903777,0.4533661201096223,0.28515459170773083,0.0,0.0,0.0,0.0,0.017400612904579976
M1,mikl_gse173098,decrease,mikl_gene:ctdspl2,2,0.7,0.31446856049657695,0.6855314395034231,1.3068586061947145,0.5,1.0,1.0,0.5,0.11818181818181821
M1,mikl_gse173098,decrease,mikl_gene:cyp26b1,2,0.3656716417910448,0.7263968543757335,0.27360314562426646,-0.0359968048961635,0.0,0.0,0.0,0.0,0.12499522846127419
M1,mikl_gse173098,decrease,mikl_gene:dcdc2a,2,0.5,0.4750811774799494,0.5249188225200505,0.13315989925751665,0.0,0.0,0.0,0.0,-0.1597797319217963
M1,mikl_gse173098,decrease,mikl_gene:ddx58,2,0.6111111111111112,0.26969049322065325,0.7303095067793468,0.10282230199760345,0.0,0.5,0.5,0.0,0.2545454545454545
M1,mikl_gse173098,decrease,mikl_gene:disp2,2,0.2884615384615385,0.6644989927501816,0.33550100724981835,-0.17574501736645484,0.0,0.0,0.0,0.0,-0.13078140214216166
M1,mikl_gse173098,decrease,mikl_gene:dlg4,2,0.2986284289276808,0.7107652984752215,0.28923470152477854,-0.7568749576513113,0.0,0.0,0.0,0.0,0.07956087689402144
M1,mikl_gse173098,decrease,mikl_gene:dock8,2,0.6153846153846154,0.6265070481012173,0.37349295189878273,0.2595730671936375,0.0,0.5,0.5,0.0,0.31208791208791214
M1,mikl_gse173098,decrease,mikl_gene:dtx3l,2,0.5405405405405406,0.636984441974551,0.363015558025449,0.17265924932760784,0.0,0.5,0.5,0.0,0.012255170149906992
M1,mikl_gse173098,decrease,mikl_gene:dusp18,2,0.5104166666666666,0.597782749611939,0.40221725038806105,0.24702181737295853,0.0,0.0,0.0,0.0,0.05173469387755101
M1,mikl_gse173098,decrease,mikl_gene:ebf1,2,0.8444444444444444,0.44025625340837526,0.5597437465916247,0.9699430876880155,0.0,0.5,0.5,0.0,0.13302497687326548
M1,mikl_gse173098,decrease,mikl_gene:eef2,2,0.3333333333333333,0.7821232724256377,0.21787672757436222,-0.062379900298904306,0.0,0.5,0.5,0.0,-0.0892857142857143
M1,mikl_gse173098,decrease,mikl_gene:egf,2,0.9891304347826086,0.15414813092917723,0.8458518690708228,1.555778905180003,0.5,0.5,1.0,0.5,0.09192876965772433
M1,mikl_gse173098,decrease,mikl_gene:eif3f,2,0.6,0.27477282232320016,0.7252271776767998,0.8237806412850177,0.5,0.5,0.5,0.5,-0.05194805194805194
M1,mikl_gse173098,decrease,mikl_gene:ern1,2,0.6428571428571429,0.3816983301601645,0.6183016698398354,0.4760504855517573,0.0,0.0,0.0,0.0,-0.0858501963153126
M1,mikl_gse173098,decrease,mikl_gene:esr1,2,0.6206896551724138,0.27864169930822547,0.7213583006917745,0.5498045429799541,0.0,0.0,0.0,0.0,-0.046496106785317015
M1,mikl_gse173098,decrease,mikl_gene:exo1,2,0.860759493670886,0.44515102950003377,0.5548489704999662,1.1391185917329092,0.0,0.0,0.0,0.0,0.07560402415369842
M1,mikl_gse173098,decrease,mikl_gene:fgf13,2,0.4444444444444444,0.5095165540355822,0.4904834459644179,-0.0007474780161799491,0.0,0.5,0.5,0.0,-0.4181818181818181
M1,mikl_gse173098,decrease,mikl_gene:fgf3,2,0.4444444444444445,0.5052574535038702,0.4947425464961298,0.14117070748311056,0.0,0.0,0.0,0.0,0.17159277504105086
M1,mikl_gse173098,decrease,mikl_gene:foxp2,2,0.5901639344262295,0.45357210278306614,0.5464278972169339,0.2104591368835405,0.0,0.0,0.0,0.0,0.1722451907897731
M1,mikl_gse173098,decrease,mikl_gene:gabra4,2,0.6875,0.33547217155908754,0.6645278284409124,0.761045642992465,0.5,0.5,0.5,0.0,0.1556372549019608
M1,mikl_gse173098,decrease,mikl_gene:gbp7,2,0.6372549019607843,0.413136994159694,0.5868630058403059,0.3657972432156005,0.0,0.0,0.0,0.0,0.04196192265004695
M1,mikl_gse173098,decrease,mikl_gene:gli3,2,0.25,0.7332389672170907,0.26676103278290936,-0.24869995508731504,0.0,0.5,1.0,0.0,-0.0675438596491228
M1,mikl_gse173098,decrease,mikl_gene:gpc6,2,0.6666666666666667,0.45832001323517124,0.5416799867648288,0.34986882868479596,0.0,0.0,0.0,0.0,0.11538461538461538
M1,mikl_gse173098,decrease,mikl_gene:gpr17,2,0.3,0.8045288781164575,0.19547112188354254,-0.9827999659778425,0.0,0.0,0.0,0.0,0.035778635778635784
M1,mikl_gse173098,decrease,mikl_gene:gpr35,2,0.16666666666666663,0.7894428547177421,0.21055714528225783,-0.2335161931510189,0.0,0.5,0.5,0.0,0.01666666666666666
M1,mikl_gse173098,decrease,mikl_gene:grin1,2,0.7333333333333334,0.29885879580834396,0.701141204191656,0.2869105374647745,0.0,0.0,0.5,0.0,-0.09264705882352942
M1,mikl_gse173098,decrease,mikl_gene:gstm1,2,0.375,0.5755882679961979,0.42441173200380217,0.19603644475577425,0.0,1.0,1.0,0.0,0.44999999999999996
M1,mikl_gse173098,decrease,mikl_gene:hic2,2,0.19387755102040816,0.5023318078734936,0.49766819212650637,-0.34510628855452485,0.0,0.0,0.0,0.0,0.04770562770562771
M1,mikl_gse173098,decrease,mikl_gene:hpcal4,2,0.2441860465116279,0.39249315409384355,0.6075068459061564,-0.41536656532872557,0.0,0.0,0.5,0.0,-0.10056477062563013
M1,mikl_gse173098,decrease,mikl_gene:ids,2,0.6521739130434783,0.5179869623119367,0.4820130376880633,0.4308747438665036,0.0,0.0,0.0,0.0,0.056521739130434775
M1,mikl_gse173098,decrease,mikl_gene:invs,2,0.575,0.7180165453012568,0.2819834546987432,0.11128078595386194,0.0,0.0,0.5,0.0,0.12700348432055752
M1,mikl_gse173098,decrease,mikl_gene:itga1,2,0.484375,0.4818175371667215,0.5181824628332785,0.1336010554452535,0.0,1.0,1.0,0.0,0.2109702797202797
M1,mikl_gse173098,decrease,mikl_gene:itga4,2,0.55,0.7027573464861716,0.29724265351382834,0.1421062011944339,0.0,0.0,0.0,0.0,-0.11228222996515683
M1,mikl_gse173098,decrease,mikl_gene:itpr2,2,0.8095238095238095,0.2971699669031649,0.7028300330968351,0.7732102653332629,0.0,0.0,0.0,0.0,0.07545787545787545
M1,mikl_gse173098,decrease,mikl_gene:jund,2,0.5416666666666666,0.4759594756340786,0.5240405243659214,0.12115048430095744,0.5,1.0,1.0,0.0,0.024725274725274724
M1,mikl_gse173098,decrease,mikl_gene:kcna6,2,0.36486486486486486,0.5787945804408525,0.4212054195591474,-0.1550892485420061,0.0,0.0,0.0,0.0,0.03883357041251778
M1,mikl_gse173098,decrease,mikl_gene:kcng3,2,0.5625,0.40540543285437863,0.5945945671456214,0.5730208434122918,0.5,1.0,1.0,0.5,0.08333333333333331
M1,mikl_gse173098,decrease,mikl_gene:kcnq5,2,0.5,0.7210400390502829,0.2789599609497171,0.19958411410780652,0.0,0.0,0.0,0.0,-0.1057008425429478
M1,mikl_gse173098,decrease,mikl_gene:kctd4,2,0.5,0.4063446687535091,0.593655331246491,-0.07463269867064501,0.0,0.0,0.0,0.0,-0.01978021978021978
M1,mikl_gse173098,decrease,mikl_gene:kif1a,2,0.21999999999999997,0.7149603466511221,0.2850396533488779,-0.156799749841267,0.0,0.0,0.0,0.0,0.010226244343891404
M1,mikl_gse173098,decrease,mikl_gene:kif5c,2,0.5333333333333333,0.1948155293265564,0.8051844706734436,0.14388624954662596,0.0,0.5,1.0,0.0,0.1
M1,mikl_gse173098,decrease,mikl_gene:liph,2,0.7246376811594203,0.17937678718461048,0.8206232128153895,0.6573018430328379,0.5,0.5,0.5,0.0,0.08211005161403201
M1,mikl_gse173098,decrease,mikl_gene:lypd1,2,0.704225352112676,0.4349072527190653,0.5650927472809347,0.4261689922031508,0.0,0.0,0.0,0.0,0.11639105723458967
M1,mikl_gse173098,decrease,mikl_gene:magi2,2,0.588235294117647,0.5471058493212647,0.4528941506787353,0.2689046270708618,0.0,0.0,0.0,0.0,0.11854394697567508
M1,mikl_gse173098,decrease,mikl_gene:malt1,2,0.4716981132075472,0.5462634246391902,0.4537365753608098,0.01946741730831835,0.0,0.0,0.0,0.0,0.0433390508862207
M1,mikl_gse173098,decrease,mikl_gene:map1a,2,0.9240506329113924,0.33807443376792384,0.6619255662320762,0.8630827617023012,0.0,0.0,0.0,0.0,0.05552039381153305
M1,mikl_gse173098,decrease,mikl_gene:map2,2,0.5335820895522387,0.5749992702911063,0.4250007297088937,0.5099076694603023,0.0,0.0,0.0,0.0,-0.041439960589237934
M1,mikl_gse173098,decrease,mikl_gene:mapk8ip1,2,0.9473684210526316,0.044206496004757706,0.9557935039952423,0.998971770329075,1.0,1.0,1.0,0.5,0.24060150375939846
M1,mikl_gse173098,decrease,mikl_gene:mavs,2,0.6346153846153846,0.44371590853820997,0.55628409146179,0.22688042686756205,0.0,0.5,0.5,0.0,-0.14774114774114774
M1,mikl_gse173098,decrease,mikl_gene:mcf2l,2,0.4305555555555555,0.6609673452969238,0.33903265470307625,0.2937609456491513,0.0,0.0,0.0,0.0,-0.03319108582266476
M1,mikl_gse173098,decrease,mikl_gene:meis2,2,0.35714285714285715,0.5886940753515364,0.4113059246484636,-0.5140084266714786,0.0,0.0,0.0,0.0,-0.1852060982495765
M1,mikl_gse173098,decrease,mikl_gene:mis18bp1,2,0.2142857142857143,0.6683438520601057,0.33165614793989434,-0.21113762887711898,0.0,0.5,0.5,0.0,-0.02380952380952381
M1,mikl_gse173098,decrease,mikl_gene:mocs2,2,0.7251308900523561,0.4485004525600805,0.5514995474399196,0.7510250807129205,0.0,0.0,0.0,0.0,0.03137302598107719
M1,mikl_gse173098,decrease,mikl_gene:mre11a,2,0.26785714285714285,0.8251634821954752,0.1748365178045248,-0.9898929219912269,0.0,0.5,0.5,0.0,0.03448700605047982
M1,mikl_gse173098,decrease,mikl_gene:mrpl33,2,0.6111111111111112,0.4084772829106714,0.5915227170893287,0.26804336783340893,0.0,0.0,0.0,0.0,0.036363636363636355
M1,mikl_gse173098,decrease,mikl_gene:ndnf,2,0.7214285714285714,0.44760231270790585,0.5523976872920942,0.6669285529848565,0.0,0.5,0.5,0.0,0.03380281690140845
M1,mikl_gse173098,decrease,mikl_gene:ndufa12,2,0.5625,0.525685970099132,0.474314029900868,0.2754165830939349,0.0,0.0,0.0,0.0,-0.4666666666666667
M1,mikl_gse173098,decrease,mikl_gene:ndufb8,2,0.3235294117647059,0.8205597513348397,0.17944024866516028,-0.12268405900992906,0.0,0.5,0.5,0.0,-0.26625386996904027
M1,mikl_gse173098,decrease,mikl_gene:necab1,2,0.9166666666666667,0.3124981177896996,0.6875018822103004,1.0672680192939004,0.5,1.0,1.0,0.5,0.2142857142857143
M1,mikl_gse173098,decrease,mikl_gene:nhsl2,2,0.348,0.4839149803846815,0.5160850196153185,-0.3624673774348288,0.0,0.0,0.0,0.0,-0.032625471624932845
M1,mikl_gse173098,decrease,mikl_gene:nnat,2,0.5657894736842105,0.725970229718892,0.274029770281108,0.3289396781888715,0.0,0.0,0.0,0.0,0.0651871551412487
M1,mikl_gse173098,decrease,mikl_gene:nrgn,2,0.13793103448275867,0.5379748396193088,0.46202516038069125,-0.42087248089283785,0.0,0.0,0.0,0.0,0.07830923248053392
M1,mikl_gse173098,decrease,mikl_gene:nsmf,2,0.5512820512820513,0.44037445816874776,0.5596255418312523,0.26853413927089115,0.0,0.0,0.0,0.0,0.018949343339587244
M1,mikl_gse173098,decrease,mikl_gene:oaf,2,0.6081081081081081,0.5123007367179205,0.48769926328207946,0.18873754055523964,0.0,0.0,0.0,0.0,0.08097165991902834
M1,mikl_gse173098,decrease,mikl_gene:ociad2,2,0.596875,0.5999830972120069,0.40001690278799307,0.2656049178915712,0.0,0.0,0.0,0.0,0.11465238926878071
M1,mikl_gse173098,decrease,mikl_gene:ogt,2,0.24719101123595505,0.513187206331998,0.48681279366800195,-0.14334744857574586,0.0,0.0,0.0,0.0,-0.056270321438860745
M1,mikl_gse173098,decrease,mikl_gene:oprd1,2,0.9051724137931034,0.19426605992899673,0.8057339400710033,0.7951926653034456,0.5,0.5,0.5,0.0,0.12144944476914088
M1,mikl_gse173098,decrease,mikl_gene:otc,2,0.5833333333333333,0.55341026088305,0.44658973911694994,0.5832098972822369,0.0,0.0,0.5,0.0,-0.13508771929824562
M1,mikl_gse173098,decrease,mikl_gene:oxct1,2,0.8833333333333333,0.32834701817031703,0.671652981829683,1.0161424673681057,0.0,0.0,0.5,0.0,0.18698008498822447
M1,mikl_gse173098,decrease,mikl_gene:pacsin1,2,0.9225352112676056,0.18560381117518848,0.8143961888248115,1.3361809075435827,0.0,0.0,0.0,0.0,0.37300713758452014
M1,mikl_gse173098,decrease,mikl_gene:pate2,2,0.8333333333333334,0.2884388071688426,0.7115611928311574,1.1906324627256832,0.5,0.5,0.5,0.5,0.11491228070175438
M1,mikl_gse173098,decrease,mikl_gene:pcdh15,2,0.33225806451612905,0.699790501187981,0.30020949881201897,-0.06983340228948559,0.0,0.0,0.0,0.0,0.0147903462881889
M1,mikl_gse173098,decrease,mikl_gene:pde1c,2,0.6619047619047619,0.606086590892084,0.39391340910791595,0.7127673475567561,0.0,0.0,0.0,0.0,0.10595762903997782
M1,mikl_gse173098,decrease,mikl_gene:pde2a,2,0.62,0.5554278675509734,0.4445721324490266,0.4834039728455136,0.0,0.0,0.0,0.0,0.096289592760181
M1,mikl_gse173098,decrease,mikl_gene:pdp1,2,0.6123188405797102,0.44591583080997854,0.5540841691900213,0.594013979893751,0.0,0.0,0.0,0.0,-0.031245499534509863
M1,mikl_gse173098,decrease,mikl_gene:pdpk1,2,0.5018115942028986,0.4645574076397982,0.5354425923602018,0.16135273185305293,0.0,0.0,0.0,0.0,0.020310111439682935
M1,mikl_gse173098,decrease,mikl_gene:pgap1,2,0.114010989010989,0.6412132962693506,0.35878670373064936,-1.0633595045298772,0.0,0.0,0.0,0.0,0.06439553433513995
M1,mikl_gse173098,decrease,mikl_gene:plin3,2,0.4285714285714286,0.4558496385186739,0.5441503614813261,-0.006357424886340557,0.0,0.0,0.0,0.0,0.0625615763546798
M1,mikl_gse173098,decrease,mikl_gene:ppp1r9b,2,0.8275862068965517,0.4253398859481794,0.5746601140518206,0.648806477508197,0.0,0.5,0.5,0.0,0.20689655172413796
M1,mikl_gse173098,decrease,mikl_gene:prlr,2,0.6582278481012658,0.3777292288457023,0.6222707711542976,0.7588295790779638,0.0,0.0,0.0,0.0,0.115014064697609
M1,mikl_gse173098,decrease,mikl_gene:prrx1,2,0.5138888888888888,0.42856632122983657,0.5714336787701635,0.2619196702207359,0.0,0.0,0.0,0.0,-0.06909477971121808
M1,mikl_gse173098,decrease,mikl_gene:psd,2,0.4285714285714286,0.7391077790673266,0.26089222093267334,-0.08186220122141111,0.0,1.0,1.0,0.0,0.41666666666666674
M1,mikl_gse173098,decrease,mikl_gene:ptgs2,2,0.7692307692307692,0.35557846173688856,0.6444215382631114,0.5852889598034083,0.0,0.0,0.0,0.0,0.054945054945054944
M1,mikl_gse173098,decrease,mikl_gene:ptpn14,2,0.4019607843137255,0.48243523274581374,0.5175647672541863,0.08641189090739121,0.0,0.0,0.0,0.0,-0.05707333731751046
M1,mikl_gse173098,decrease,mikl_gene:ptprb,2,0.7887323943661972,0.24625315123661892,0.7537468487633812,1.2496449637677878,0.0,0.0,0.0,0.0,-0.14086114862692137
M1,mikl_gse173098,decrease,mikl_gene:rab11fip2,2,0.7276595744680852,0.5788560600085174,0.4211439399914826,0.9217876460989078,0.0,0.0,0.0,0.0,0.04564064477138556
M1,mikl_gse173098,decrease,mikl_gene:rasgrp4,2,0.9722222222222222,0.1250871224591552,0.8749128775408448,1.498939424214046,0.5,1.0,1.0,0.0,0.13417869924719242
M1,mikl_gse173098,decrease,mikl_gene:rasl10b,2,0.4597315436241611,0.7732426682425446,0.22675733175745544,0.07643249719794304,0.0,0.0,0.0,0.0,0.07637317214098405
M1,mikl_gse173098,decrease,mikl_gene:rbm47,2,0.8863636363636364,0.4667531426521352,0.5332468573478648,1.1858363410264399,0.0,0.0,0.0,0.0,0.26333992094861663
M1,mikl_gse173098,decrease,mikl_gene:rmi2,2,0.11702127659574468,0.7855860484761236,0.21441395152387643,-0.212155954544991,0.0,0.0,0.0,0.0,0.00814155449413808
M1,mikl_gse173098,decrease,mikl_gene:rnf165,2,0.5088757396449703,0.6074189750936114,0.39258102490638863,0.21581103804457963,0.0,0.0,0.0,0.0,0.04660331006975061
M1,mikl_gse173098,decrease,mikl_gene:rorb,2,0.5416666666666667,0.4860161245242064,0.5139838754757936,0.23758291468725706,0.0,0.0,0.0,0.0,0.09714285714285714
M1,mikl_gse173098,decrease,mikl_gene:rpl21,2,0.5,0.5585386854454785,0.44146131455452153,0.08585898192019,0.0,0.0,0.0,0.0,-0.057044415737871564
M1,mikl_gse173098,decrease,mikl_gene:rpl31,2,0.5,0.5340656519911775,0.46593434800882244,-0.0631976797798551,0.0,0.5,0.5,0.0,0.11617647058823527
M1,mikl_gse173098,decrease,mikl_gene:rpl37,2,0.5,0.43932602577730795,0.560673974222692,0.197891410588485,0.0,0.0,0.0,0.0,-0.156390977443609
M1,mikl_gse173098,decrease,mikl_gene:rps19,2,0.125,0.8115224080302754,0.18847759196972452,-0.3228790528056439,0.0,0.0,0.0,0.0,-0.008333333333333345
M1,mikl_gse173098,decrease,mikl_gene:rps20,2,0.02777777777777779,0.6781976729737542,0.3218023270262458,-1.5210569725718386,0.0,0.0,0.5,0.0,-0.10350877192982455
M1,mikl_gse173098,decrease,mikl_gene:rps24,2,0.7857142857142858,0.37798265732398695,0.622017342676013,0.7533685400950005,0.0,0.0,0.0,0.0,0.030357142857142853
M1,mikl_gse173098,decrease,mikl_gene:rpsa,2,0.5571428571428572,0.4090027377677939,0.590997262232206,0.5574629887231439,0.0,0.0,0.5,0.0,0.3073359073359073
M1,mikl_gse173098,decrease,mikl_gene:rragb,2,0.7272727272727273,0.38678527701553034,0.6132147229844697,0.2788233718426119,0.5,0.5,0.5,0.0,0.016125477280966763
M1,mikl_gse173098,decrease,mikl_gene:serbp1,2,0.43448275862068964,0.4647241539737703,0.5352758460262297,0.11074925588637745,0.0,0.0,0.0,0.0,0.09321439967459208
M1,mikl_gse173098,decrease,mikl_gene:serhl,2,0.8125,0.3768319445885918,0.6231680554114082,0.4186723580725168,0.5,0.5,0.5,0.0,0.35833333333333334
M1,mikl_gse173098,decrease,mikl_gene:serpina3k,2,0.8,0.15066944540922456,0.8493305545907754,0.3826258457846484,0.5,1.0,1.0,0.5,0.05714285714285715
M1,mikl_gse173098,decrease,mikl_gene:serpine2,2,0.6875,0.5453988229745689,0.4546011770254311,0.36144430292130697,0.0,0.5,0.5,0.0,0.5333333333333333
M1,mikl_gse173098,decrease,mikl_gene:shank1,2,0.32876712328767127,0.6590061469609714,0.3409938530390287,-0.03582995199496295,0.0,0.0,0.0,0.0,-0.021584989785132406
M1,mikl_gse173098,decrease,mikl_gene:shank3,2,0.37777777777777777,0.44240839055335385,0.5575916094466462,0.06679420699035875,0.0,0.0,0.0,0.0,-0.0988931358496576
M1,mikl_gse173098,decrease,mikl_gene:slamf7,2,0.5909090909090909,0.45577931475846045,0.5442206852415395,0.27219534750652286,0.0,0.0,0.5,0.0,0.2805194805194805
M1,mikl_gse173098,decrease,mikl_gene:slc13a5,2,0.7413793103448276,0.22515918594961312,0.7748408140503869,0.4807676447801062,0.5,0.5,0.5,0.5,-0.012235817575083428
M1,mikl_gse173098,decrease,mikl_gene:slc17a7,2,0.6875,0.2616908507619795,0.7383091492380205,0.2594602178920747,0.5,0.5,0.5,0.0,-0.14460784313725492
M1,mikl_gse173098,decrease,mikl_gene:slc17a9,2,0.5,0.6709643700916599,0.3290356299083402,0.29181458413272987,0.0,0.0,0.5,0.0,-0.07032967032967033
M1,mikl_gse173098,decrease,mikl_gene:slc22a15,2,0.7049180327868851,0.5539540593599723,0.44604594064002767,0.4477348679092537,0.0,0.0,0.0,0.0,0.060008561859434414
M1,mikl_gse173098,decrease,mikl_gene:slc23a1,2,0.8333333333333333,0.17630506328975298,0.8236949367102471,0.6897701606148695,0.0,0.5,0.5,0.0,0.11123658949745906
M1,mikl_gse173098,decrease,mikl_gene:slc28a3,2,0.5333333333333333,0.5968743132656618,0.4031256867343382,0.4161344545079305,0.0,0.0,0.0,0.0,0.4082661290322581
M1,mikl_gse173098,decrease,mikl_gene:slc7a11,2,0.5172413793103448,0.3884055707710251,0.6115944292289748,0.20315912428995206,0.0,0.5,0.5,0.0,-0.14924021040327298
M1,mikl_gse173098,decrease,mikl_gene:slfn8,2,0.23529411764705882,0.6583324111637137,0.34166758883628634,-0.9539229735482476,0.0,0.0,0.5,0.0,0.0030959752321981573
M1,mikl_gse173098,decrease,mikl_gene:snap91,2,0.5879120879120878,0.6555426867982876,0.3444573132017123,0.4518080982512096,0.0,0.0,0.0,0.0,0.05074560966625933
M1,mikl_gse173098,decrease,mikl_gene:sparc,2,0.75,0.5151492342856019,0.48485076571439817,0.5899909379493555,0.0,0.0,0.0,0.0,0.1456043956043956
M1,mikl_gse173098,decrease,mikl_gene:sptbn2,2,0.5,0.3312633459126841,0.6687366540873159,0.22623596191481687,0.0,0.0,1.0,0.0,-0.24999999999999997
M1,mikl_gse173098,decrease,mikl_gene:srl,2,0.8947368421052632,0.1710597879281084,0.8289402120718916,0.7411115083559645,0.0,0.5,1.0,0.0,0.43533834586466164
M1,mikl_gse173098,decrease,mikl_gene:sspn,2,0.41935483870967744,0.6922385535431039,0.3077614464568961,-0.03807505810753745,0.0,0.0,0.0,0.0,0.0044640820685545
M1,mikl_gse173098,decrease,mikl_gene:st6gal1,2,0.3488372093023256,0.4349599758945879,0.5650400241054121,-0.1207967688615955,0.0,0.0,0.0,0.0,-0.08386187455954897
M1,mikl_gse173098,decrease,mikl_gene:syt15,2,0.4516129032258065,0.49776159962895083,0.5022384003710492,0.130274303678845,0.0,0.0,0.5,0.0,0.06506598240469208
M1,mikl_gse173098,decrease,mikl_gene:tagln,2,0.9705882352941176,0.10165687219655019,0.8983431278034498,2.9117924517698603,0.5,0.5,0.5,0.5,-0.08565531475748195
M1,mikl_gse173098,decrease,mikl_gene:tbcel,2,0.8970588235294117,0.2871482449518421,0.7128517550481579,0.8964780935164726,0.0,0.0,0.0,0.0,0.08562051503587971
M1,mikl_gse173098,decrease,mikl_gene:tcte1,2,0.25,0.7245490026016815,0.27545099739831846,-0.06411791376522699,0.0,0.0,0.0,0.0,-0.04610389610389609
M1,mikl_gse173098,decrease,mikl_gene:tfap2b,2,0.3222222222222222,0.3267071005537766,0.6732928994462234,-0.0315840985574246,0.0,0.0,0.0,0.0,-0.05852605612087573
M1,mikl_gse173098,decrease,mikl_gene:tfg,2,0.3333333333333333,0.7127062523863126,0.2872937476136875,-0.6549952034118691,0.0,0.0,0.0,0.0,-0.2788724685276409
M1,mikl_gse173098,decrease,mikl_gene:thbd,2,0.7083333333333333,0.541185307295634,0.45881469270436603,0.7614483690893945,0.0,0.0,1.0,0.0,0.3956043956043956
M1,mikl_gse173098,decrease,mikl_gene:tirap,2,0.1935483870967742,0.5079260153993743,0.4920739846006257,-0.36489599149372587,0.0,0.0,0.5,0.0,0.21847507331378296
M1,mikl_gse173098,decrease,mikl_gene:tmem242,2,0.6,0.36283219045081483,0.6371678095491852,0.5376266130709366,0.0,0.0,0.5,0.0,0.10000000000000003
M1,mikl_gse173098,decrease,mikl_gene:tnfrsf19,2,0.9166666666666666,0.16826183957289317,0.8317381604271068,1.3143900688946208,0.0,0.0,0.0,0.0,0.24638259187225275
M1,mikl_gse173098,decrease,mikl_gene:tor4a,2,0.05555555555555558,0.955995668925536,0.044004331074464054,-0.10847317674183796,0.0,0.0,1.0,0.0,-0.04848484848484848
M1,mikl_gse173098,decrease,mikl_gene:tpmt,2,0.0,1.0,0.0,-0.30770719726367757,0.0,0.0,0.0,0.0,-0.7023809523809526
M1,mikl_gse173098,decrease,mikl_gene:tpt1,2,0.6111111111111112,0.695038823376799,0.30496117662320094,0.16011679149164593,0.0,0.0,0.0,0.0,0.3277616357418838
M1,mikl_gse173098,decrease,mikl_gene:trim56,2,0.11340206185567014,0.6283745314668061,0.37162546853319395,-0.6086487427062681,0.0,0.5,0.5,0.0,0.023583181630189097
M1,mikl_gse173098,decrease,mikl_gene:trp63,2,0.5298507462686567,0.6015610299756602,0.3984389700243398,0.27849652122335494,0.0,1.0,1.0,0.0,0.14760342892238365
M1,mikl_gse173098,decrease,mikl_gene:tulp1,2,0.5555555555555556,0.3552316958438836,0.6447683041561164,0.2902813087559321,0.0,0.0,0.0,0.0,-0.15757575757575754
M1,mikl_gse173098,decrease,mikl_gene:tusc3,2,0.3888888888888889,0.6014737402875994,0.39852625971240063,0.1458314406803101,0.0,0.0,0.0,0.0,0.010125889436234263
M1,mikl_gse173098,decrease,mikl_gene:ube2m,2,0.39999999999999997,0.599506854098637,0.400493145901363,-0.0493006867549203,0.0,0.5,0.5,0.0,-0.1409090909090909
M1,mikl_gse173098,decrease,mikl_gene:unc5c,2,0.7663934426229508,0.6012362815521215,0.39876371844787856,0.548384021095672,0.0,0.0,0.0,0.0,0.014600630940488676
M1,mikl_gse173098,decrease,mikl_gene:uqcrq,2,0.625,0.4053920336707748,0.5946079663292252,0.30054496462153946,0.5,0.5,0.5,0.0,0.06666666666666667
M1,mikl_gse173098,decrease,mikl_gene:vangl1,2,0.5673076923076923,0.4828418044961974,0.5171581955038026,0.20483647534284063,0.0,0.0,0.0,0.0,-0.026245766811804544
M1,mikl_gse173098,decrease,mikl_gene:vapb,2,0.6735849056603774,0.6015924103894286,0.3984075896105715,0.33651468409025154,0.0,0.0,0.0,0.0,0.1258771265666817
M1,mikl_gse173098,decrease,mikl_gene:vav3,2,0.2,0.612859597112208,0.3871404028877919,-0.2926427721061408,0.0,0.5,1.0,0.0,-0.5428571428571429
M1,mikl_gse173098,decrease,mikl_gene:vma21,2,0.4613733905579399,0.4520628876021143,0.5479371123978857,-0.21077054298208397,0.0,0.0,0.0,0.0,0.026607025835882352
M1,mikl_gse173098,decrease,mikl_gene:wdr31,2,0.4642857142857143,0.6892175413240689,0.31078245867593113,0.704164372530899,0.0,0.0,1.0,0.0,0.18749999999999992
M1,mikl_gse173098,decrease,mikl_gene:zbtb20,2,0.6293103448275862,0.5207177807430228,0.4792822192569773,0.35822897537516757,0.0,0.0,0.0,0.0,0.04583814525458926
M1,mikl_gse173098,decrease,mikl_gene:zfhx3,2,0.5490196078431373,0.4299378136978259,0.5700621863021742,0.15347190290107598,0.0,0.5,1.0,0.0,0.0661819619558055
M1,mikl_gse173098,decrease,mikl_gene:zscan20,2,0.7142857142857143,0.2988242277516696,0.7011757722483304,0.47605332910824383,0.5,0.5,0.5,0.0,0.10842645726366656
M1,mikl_gse173098,increase,mikl_gene:2810459m11rik,2,0.9615384615384616,0.04623449464648661,0.9537655053535135,0.8819718323008987,1.0,1.0,1.0,0.0,0.20115995115995117
M1,mikl_gse173098,increase,mikl_gene:9130008f23rik,2,0.4411764705882353,0.555416398629634,0.44458360137036596,-0.1840452293913033,0.0,0.0,0.0,0.0,-0.3168214654282766
M1,mikl_gse173098,increase,mikl_gene:a630089n07rik,2,0.5227272727272727,0.21796417323307407,0.7820358267669258,-0.0890831169752489,0.5,1.0,1.0,0.0,-0.00988142292490117
M1,mikl_gse173098,increase,mikl_gene:abhd17a,2,0.375,0.6751893507972686,0.32481064920273145,-0.5371641247229324,0.0,0.5,1.0,0.0,-0.39999999999999997
M1,mikl_gse173098,increase,mikl_gene:abi1,2,0.055118110236220486,0.7457416750439223,0.2542583249560777,-2.3831561450758745,0.0,0.0,0.0,0.0,0.06563024404626412
M1,mikl_gse173098,increase,mikl_gene:acnat2,2,0.75,0.061401749805645896,0.9385982501943542,0.19221758082956075,0.5,1.0,1.0,0.5,0.39999999999999997
M1,mikl_gse173098,increase,mikl_gene:aco2,2,0.5,0.4387480916329647,0.5612519083670353,0.030011757477929002,0.0,0.5,0.5,0.0,0.04999999999999999
M1,mikl_gse173098,increase,mikl_gene:actb,2,0.9,0.3227828713319954,0.6772171286680047,1.4236593204910966,0.5,1.0,1.0,0.5,0.6863636363636363
M1,mikl_gse173098,increase,mikl_gene:adamts18,2,0.2160493827160494,0.6445505790775243,0.3554494209224757,-0.5419812623759728,0.0,0.0,0.0,0.0,0.1280460595770616
M1,mikl_gse173098,increase,mikl_gene:adap2,2,0.8125,0.28261980160777717,0.7173801983922228,0.489797900547191,0.5,0.5,1.0,0.5,0.19166666666666665
M1,mikl_gse173098,increase,mikl_gene:agtrap,2,0.8939393939393939,0.30272401487849937,0.6972759851215007,0.747598384392971,0.0,0.0,0.0,0.0,-0.001376805810519596
M1,mikl_gse173098,increase,mikl_gene:ankef1,2,0.7884615384615384,0.38887399195002115,0.6111260080499789,0.14821882022688196,0.0,0.5,0.5,0.0,0.16147741147741146
M1,mikl_gse173098,increase,mikl_gene:aqp4,2,0.4852941176470589,0.4335311942134825,0.5664688057865175,-0.33599368079033753,0.0,0.5,0.5,0.0,-0.0546218487394958
M1,mikl_gse173098,increase,mikl_gene:arc,2,0.6799999999999999,0.12933135169120535,0.8706686483087946,-0.13527702956591603,0.5,0.5,1.0,0.0,0.17128205128205126
M1,mikl_gse173098,increase,mikl_gene:arhgap31,2,0.8666666666666667,0.31731347363573137,0.6826865263642686,0.1632403539825572,0.0,0.0,0.0,0.0,-0.026470588235294114
M1,mikl_gse173098,increase,mikl_gene:arid2,2,0.4525316455696203,0.5284942671053567,0.4715057328946432,-0.759053672249336,0.0,0.0,0.0,0.0,-0.1155783780898247
M1,mikl_gse173098,increase,mikl_gene:arpc1b,2,0.782608695652174,0.4744240488829363,0.5255759511170637,0.47572485034105805,0.0,0.5,0.5,0.0,0.27029370952821463
M1,mikl_gse173098,increase,mikl_gene:atp5j2,2,0.5,0.6021237093576041,0.39787629064239594,-0.32446945251777926,0.0,0.5,1.0,0.0,-0.20000000000000004
M1,mikl_gse173098,increase,mikl_gene:bdnf,2,0.6831683168316831,0.2846636552851236,0.7153363447148764,0.444130997075321,0.0,0.0,0.0,0.0,0.0854766680555818
M1,mikl_gse173098,increase,mikl_gene:brsk1,2,0.0,1.0,0.0,-3.9544937965945897,0.0,0.0,0.0,0.0,-0.3817052512704687
M1,mikl_gse173098,increase,mikl_gene:c130026i21rik,2,0.30000000000000004,0.6839643291595776,0.31603567084042244,-0.49727044583430224,0.0,0.5,1.0,0.0,-0.06818181818181818
M1,mikl_gse173098,increase,mikl_gene:calm1,2,0.8666666666666667,0.40325047846368606,0.5967495215363139,0.795203677712601,0.0,0.0,0.0,0.0,0.1312981806968856
M1,mikl_gse173098,increase,mikl_gene:camk2a,2,0.5035971223021583,0.4587566048158737,0.5412433951841262,-0.1814694363076643,0.0,0.0,0.0,0.0,0.11661017690406948
M1,mikl_gse173098,increase,mikl_gene:ccdc141,2,0.36,0.6891045983891475,0.3108954016108525,-0.9621062933166078,0.0,0.0,0.0,0.0,0.014358974358974375
M1,mikl_gse173098,increase,mikl_gene:ccnd1,2,0.18333333333333335,0.5605924625444142,0.4394075374555858,-0.6917840301240461,0.0,0.0,0.5,0.0,0.15420492741702407
M1,mikl_gse173098,increase,mikl_gene:ccnd2,2,0.4666666666666666,0.5843753394139017,0.4156246605860982,-0.32773717348501025,0.0,0.0,0.0,0.0,0.06368019588561503
M1,mikl_gse173098,increase,mikl_gene:ccni,2,0.3888888888888889,0.21483331363060548,0.7851666863693945,-0.36837144345012196,0.0,0.5,1.0,0.0,0.16363636363636358
M1,mikl_gse173098,increase,mikl_gene:cd84,2,0.8775510204081632,0.2655694639867202,0.7344305360132798,1.993218308947283,0.5,0.5,0.5,0.5,0.18218487394957983
M1,mikl_gse173098,increase,mikl_gene:cdc42,2,0.3112582781456954,0.44250022765458136,0.5574997723454187,-0.36668826599860926,0.0,0.0,0.0,0.0,-0.04688731400871122
M1,mikl_gse173098,increase,mikl_gene:cdk15,2,0.5454545454545454,0.4495002530214087,0.5504997469785913,-0.1796917181991969,0.0,1.0,1.0,0.0,0.27972027972027974
M1,mikl_gse173098,increase,mikl_gene:chmp3,2,0.36363636363636365,0.49444287195133063,0.5055571280486694,-0.4220598029303605,0.0,0.0,0.0,0.0,-0.0014865512060843362
M1,mikl_gse173098,increase,mikl_gene:chrdl1,2,0.020408163265306145,0.8659390049082569,0.13406099509174313,-1.4856167367372386,0.0,0.0,0.0,0.0,0.12345738295318126
M1,mikl_gse173098,increase,mikl_gene:cnot6l,2,0.7871212121212121,0.35844238434660786,0.6415576156533922,0.650365993160677,0.0,0.0,0.0,0.0,0.011365987201213519
M1,mikl_gse173098,increase,mikl_gene:cntn2,2,0.5641025641025641,0.504806905994692,0.4951930940053079,-0.15176680250227526,0.0,0.0,0.0,0.0,0.17708048017120803
M1,mikl_gse173098,increase,mikl_gene:col1a1,2,0.6666666666666667,0.4134739565329536,0.5865260434670463,0.18822352505403758,0.0,0.5,1.0,0.0,0.061538461538461556
M1,mikl_gse173098,increase,mikl_gene:col27a1,2,0.3317307692307692,0.6139041611465954,0.3860958388534046,-0.3651576493987533,0.0,0.0,0.5,0.0,0.007728612193194602
M1,mikl_gse173098,increase,mikl_gene:col8a1,2,0.3125,0.628929798574904,0.3710702014250959,-0.7898804029004284,0.0,0.5,0.5,0.0,-0.4
M1,mikl_gse173098,increase,mikl_gene:colec12,2,0.3233082706766917,0.4506719446360886,0.5493280553639114,-0.5343473836385614,0.0,0.0,0.0,0.0,0.039640206847326886
M1,mikl_gse173098,increase,mikl_gene:cox8a,2,0.8,0.3932270376735796,0.6067729623264204,-0.003079288060974558,0.0,0.0,0.5,0.0,0.3090909090909091
M1,mikl_gse173098,increase,mikl_gene:cplx2,2,0.6402439024390243,0.34264918553349655,0.6573508144665035,0.012886688450033212,0.0,0.0,0.0,0.0,0.017400612904579976
M1,mikl_gse173098,increase,mikl_gene:ctdspl2,2,0.35,0.5225561889561121,0.4774438110438879,-0.30939861251291495,0.0,0.5,1.0,0.0,0.11818181818181821
M1,mikl_gse173098,increase,mikl_gene:cyp26b1,2,0.955223880597015,0.1228701952033108,0.8771298047966892,0.6746390844042973,0.5,0.5,0.5,0.0,0.12499522846127419
M1,mikl_gse173098,increase,mikl_gene:dcdc2a,2,0.19607843137254904,0.6399975380545937,0.3600024619454063,-0.6347498454181323,0.0,0.0,0.0,0.0,-0.1597797319217963
M1,mikl_gse173098,increase,mikl_gene:ddx58,2,0.1111111111111111,0.9486572179435584,0.05134278205644155,-0.37042629774288444,0.0,0.5,1.0,0.0,0.2545454545454545
M1,mikl_gse173098,increase,mikl_gene:disp2,2,0.3846153846153846,0.42231278711630205,0.577687212883698,-0.747365807932013,0.0,0.0,0.0,0.0,-0.13078140214216166
M1,mikl_gse173098,increase,mikl_gene:dlg4,2,0.9688279301745636,0.2674312414358114,0.7325687585641887,0.9791115986207312,0.0,0.0,0.0,0.0,0.07956087689402144
M1,mikl_gse173098,increase,mikl_gene:dock8,2,0.9230769230769231,0.0485552302976822,0.9514447697023178,0.4354617617391874,1.0,1.0,1.0,0.0,0.31208791208791214
M1,mikl_gse173098,increase,mikl_gene:dtx3l,2,0.7162162162162162,0.2425136729829312,0.7574863270170689,0.10862159966100454,0.0,0.0,0.0,0.0,0.012255170149906992
M1,mikl_gse173098,increase,mikl_gene:dusp18,2,0.6458333333333334,0.37233194969677474,0.6276680503032253,-0.0995339875925492,0.0,0.0,0.0,0.0,0.05173469387755101
M1,mikl_gse173098,increase,mikl_gene:ebf1,2,0.38888888888888884,0.48434993181469177,0.5156500681853082,-0.6133207327869656,0.0,0.5,0.5,0.0,0.13302497687326548
M1,mikl_gse173098,increase,mikl_gene:eef2,2,0.5,0.5,0.5,-0.2667549423783211,0.5,1.0,1.0,0.5,-0.0892857142857143
M1,mikl_gse173098,increase,mikl_gene:egf,2,0.8586956521739131,0.30966406735649354,0.6903359326435065,0.37869448695705354,0.0,0.0,0.0,0.0,0.09192876965772433
M1,mikl_gse173098,increase,mikl_gene:eif3f,2,0.7,0.4422893522153261,0.5577106477846738,-0.00437179704142765,0.0,0.0,0.0,0.0,-0.05194805194805194
M1,mikl_gse173098,increase,mikl_gene:ern1,2,0.6071428571428572,0.4887440050701753,0.5112559949298248,-0.15332474129691695,0.0,0.0,0.0,0.0,-0.0858501963153126
M1,mikl_gse173098,increase,mikl_gene:esr1,2,0.8793103448275862,0.4676997553757425,0.5323002446242575,0.5277873874178725,0.0,0.0,0.0,0.0,-0.046496106785317015
M1,mikl_gse173098,increase,mikl_gene:exo1,2,0.2436708860759494,0.4559583881858249,0.5440416118141751,-0.640864581781004,0.0,0.5,1.0,0.0,0.07560402415369842
M1,mikl_gse173098,increase,mikl_gene:fgf13,2,0.16666666666666669,0.6093917556660102,0.3906082443339897,-0.41227559137937,0.0,0.0,0.5,0.0,-0.4181818181818181
M1,mikl_gse173098,increase,mikl_gene:fgf3,2,0.7962962962962963,0.3517121253848593,0.6482878746151407,0.2820844534975725,0.0,0.0,0.0,0.0,0.17159277504105086
M1,mikl_gse173098,increase,mikl_gene:foxp2,2,0.3442622950819672,0.5760895360899878,0.42391046391001214,-0.36120501842233543,0.0,0.0,0.0,0.0,0.1722451907897731
M1,mikl_gse173098,increase,mikl_gene:gabra4,2,0.625,0.5112676072092222,0.48873239279077785,-0.03177703369725754,0.0,0.5,0.5,0.0,0.1556372549019608
M1,mikl_gse173098,increase,mikl_gene:gbp7,2,0.5294117647058825,0.539469818071827,0.46053018192817297,-0.07909130475308046,0.0,0.0,0.0,0.0,0.04196192265004695
M1,mikl_gse173098,increase,mikl_gene:gli3,2,0.6111111111111112,0.26076170829091805,0.739238291709082,0.24545707185823507,0.5,1.0,1.0,0.0,-0.0675438596491228
M1,mikl_gse173098,increase,mikl_gene:gpc6,2,0.6666666666666667,0.1809206176793913,0.8190793823206087,0.2489599633647519,0.5,0.5,0.5,0.5,0.11538461538461538
M1,mikl_gse173098,increase,mikl_gene:gpr17,2,0.7571428571428571,0.26925250968269604,0.7307474903173039,0.2765878353036736,0.0,0.0,0.0,0.0,0.035778635778635784
M1,mikl_gse173098,increase,mikl_gene:gpr35,2,0.3611111111111111,0.5689334192880655,0.43106658071193454,-0.5435682072131623,0.0,0.5,0.5,0.0,0.01666666666666666
M1,mikl_gse173098,increase,mikl_gene:grin1,2,0.06666666666666665,0.9462819175909175,0.05371808240908249,-0.5196321067634557,0.0,0.0,0.5,0.0,-0.09264705882352942
M1,mikl_gse173098,increase,mikl_gene:gstm1,2,0.875,0.2048171527052673,0.7951828472947327,-0.024479291156646446,0.5,1.0,1.0,0.5,0.44999999999999996
M1,mikl_gse173098,increase,mikl_gene:hic2,2,0.5459183673469388,0.586702917913793,0.4132970820862069,-0.12469165965493764,0.0,0.0,0.5,0.0,0.04770562770562771
M1,mikl_gse173098,increase,mikl_gene:hpcal4,2,0.5,0.6609486717581162,0.3390513282418838,0.16781413951596702,0.0,0.0,0.0,0.0,-0.10056477062563013
M1,mikl_gse173098,increase,mikl_gene:ids,2,0.32608695652173914,0.5092502820811969,0.49074971791880306,-0.505902814976692,0.0,0.5,1.0,0.0,0.056521739130434775
M1,mikl_gse173098,increase,mikl_gene:invs,2,0.6375,0.2162278992750498,0.7837721007249502,0.0604579782555998,0.0,0.5,0.5,0.0,0.12700348432055752
M1,mikl_gse173098,increase,mikl_gene:itga1,2,0.625,0.47143219413201926,0.5285678058679807,0.023473100463602445,0.0,0.5,0.5,0.0,0.2109702797202797
M1,mikl_gse173098,increase,mikl_gene:itga4,2,0.35,0.32133129361415214,0.6786687063858479,-0.3391040657305672,0.0,0.0,0.0,0.0,-0.11228222996515683
M1,mikl_gse173098,increase,mikl_gene:itpr2,2,0.25396825396825395,0.6720710782101624,0.3279289217898375,-0.5878949048509665,0.0,0.5,0.5,0.0,0.07545787545787545
M1,mikl_gse173098,increase,mikl_gene:jund,2,0.25,0.8157557520142023,0.1842442479857978,-0.5539259232465319,0.0,0.0,0.5,0.0,0.024725274725274724
M1,mikl_gse173098,increase,mikl_gene:kcna6,2,0.40540540540540543,0.5024788272741728,0.4975211727258272,-0.17926990073397753,0.0,0.0,0.0,0.0,0.03883357041251778
M1,mikl_gse173098,increase,mikl_gene:kcng3,2,0.25,0.6128270669312875,0.3871729330687125,-0.43336218010557503,0.0,0.5,1.0,0.0,0.08333333333333331
M1,mikl_gse173098,increase,mikl_gene:kcnq5,2,0.3918918918918919,0.38355702940001657,0.6164429705999834,-0.4407736016220263,0.0,0.0,0.5,0.0,-0.1057008425429478
M1,mikl_gse173098,increase,mikl_gene:kctd4,2,0.0,1.0,0.0,-1.1528367658835525,0.0,0.5,0.5,0.0,-0.01978021978021978
M1,mikl_gse173098,increase,mikl_gene:kif1a,2,0.67,0.3224365655376714,0.6775634344623286,-0.03276529109808005,0.0,0.5,0.5,0.0,0.010226244343891404
M1,mikl_gse173098,increase,mikl_gene:kif5c,2,0.8166666666666667,0.5446437443295301,0.4553562556704699,1.2935920872857034,0.0,1.0,1.0,0.0,0.1
M1,mikl_gse173098,increase,mikl_gene:liph,2,0.26811594202898553,0.779320011752334,0.22067998824766605,-0.451470358600088,0.0,0.5,0.5,0.0,0.08211005161403201
M1,mikl_gse173098,increase,mikl_gene:lypd1,2,0.7464788732394366,0.41050559335099657,0.5894944066490034,0.18755783035904014,0.0,0.0,0.0,0.0,0.11639105723458967
M1,mikl_gse173098,increase,mikl_gene:magi2,2,0.6,0.395411929173039,0.6045880708269609,0.005018132721052088,0.0,0.0,0.0,0.0,0.11854394697567508
M1,mikl_gse173098,increase,mikl_gene:malt1,2,0.6698113207547169,0.4060109765533682,0.5939890234466317,0.21204469923830424,0.0,0.0,0.5,0.0,0.0433390508862207
M1,mikl_gse173098,increase,mikl_gene:map1a,2,0.6962025316455696,0.4941352315057011,0.505864768494299,0.1193395227442653,0.0,0.0,0.0,0.0,0.05552039381153305
M1,mikl_gse173098,increase,mikl_gene:map2,2,0.3582089552238806,0.43539705236289855,0.5646029476371015,-0.37711243557062,0.0,0.0,0.0,0.0,-0.041439960589237934
M1,mikl_gse173098,increase,mikl_gene:mapk8ip1,2,0.631578947368421,0.39549550766559005,0.60450449233441,-0.19870266677867926,0.0,0.0,1.0,0.0,0.24060150375939846
M1,mikl_gse173098,increase,mikl_gene:mavs,2,0.4615384615384615,0.5295602277709521,0.4704397722290479,-0.23980977391495856,0.0,0.0,0.0,0.0,-0.14774114774114774
M1,mikl_gse173098,increase,mikl_gene:mcf2l,2,0.6805555555555556,0.2488714266700621,0.751128573329938,-0.040901126246653555,0.0,0.0,0.0,0.0,-0.03319108582266476
M1,mikl_gse173098,increase,mikl_gene:meis2,2,0.6190476190476191,0.4772864655407608,0.5227135344592392,0.279097883335553,0.0,0.0,0.0,0.0,-0.1852060982495765
M1,mikl_gse173098,increase,mikl_gene:mis18bp1,2,0.7857142857142858,0.3117312117533066,0.6882687882466934,0.2456312834340531,0.5,0.5,0.5,0.0,-0.02380952380952381
M1,mikl_gse173098,increase,mikl_gene:mocs2,2,0.8056282722513088,0.4195689330616017,0.5804310669383983,1.16329791718432,0.0,0.5,0.5,0.0,0.03137302598107719
M1,mikl_gse173098,increase,mikl_gene:mre11a,2,0.7142857142857143,0.3570816838756148,0.6429183161243852,0.33595025514947574,0.0,0.0,0.0,0.0,0.03448700605047982
M1,mikl_gse173098,increase,mikl_gene:mrpl33,2,0.5,0.5,0.5,0.5676590830821431,0.5,1.0,1.0,0.5,0.036363636363636355
M1,mikl_gse173098,increase,mikl_gene:ndnf,2,0.9,0.3400512073736792,0.6599487926263208,0.7568807841992584,0.0,0.0,0.0,0.0,0.03380281690140845
M1,mikl_gse173098,increase,mikl_gene:ndufa12,2,0.125,0.925649535904761,0.0743504640952391,-1.224669191836043,0.0,0.5,0.5,0.0,-0.4666666666666667
M1,mikl_gse173098,increase,mikl_gene:ndufb8,2,0.6176470588235294,0.2075769834608059,0.7924230165391941,0.008524809281086052,0.0,0.0,0.0,0.0,-0.26625386996904027
M1,mikl_gse173098,increase,mikl_gene:necab1,2,0.75,0.11040818539246072,0.8895918146075392,0.016617860216242997,0.5,0.5,1.0,0.0,0.2142857142857143
M1,mikl_gse173098,increase,mikl_gene:nhsl2,2,0.45599999999999996,0.5756057809605243,0.4243942190394757,-0.20661065900698283,0.0,0.0,0.0,0.0,-0.032625471624932845
M1,mikl_gse173098,increase,mikl_gene:nnat,2,0.4868421052631579,0.24927160702920392,0.7507283929707961,-0.24664336744149096,0.0,0.5,0.5,0.0,0.0651871551412487
M1,mikl_gse173098,increase,mikl_gene:nrgn,2,0.6551724137931034,0.5497376407981425,0.4502623592018575,0.035261686387645146,0.0,0.0,0.0,0.0,0.07830923248053392
M1,mikl_gse173098,increase,mikl_gene:nsmf,2,0.23076923076923078,0.6088418887997711,0.391158111200229,-0.31090907599492584,0.0,0.5,0.5,0.0,0.018949343339587244
M1,mikl_gse173098,increase,mikl_gene:oaf,2,0.5,0.4718250132309528,0.5281749867690472,-0.11324108256677455,0.0,0.0,0.5,0.0,0.08097165991902834
M1,mikl_gse173098,increase,mikl_gene:ociad2,2,0.490625,0.5483099749463586,0.4516900250536415,-1.0548143225723394,0.5,0.5,0.5,0.0,0.11465238926878071
M1,mikl_gse173098,increase,mikl_gene:ogt,2,0.7808988764044944,0.4728124798656706,0.5271875201343295,0.2628945413491747,0.0,0.5,0.5,0.0,-0.056270321438860745
M1,mikl_gse173098,increase,mikl_gene:oprd1,2,0.6206896551724137,0.6092031959913531,0.39079680400864686,-0.05438167667525405,0.0,0.0,0.0,0.0,0.12144944476914088
M1,mikl_gse173098,increase,mikl_gene:otc,2,0.6111111111111112,0.39714944862376045,0.6028505513762396,-0.06565812845919244,0.0,0.5,1.0,0.0,-0.13508771929824562
M1,mikl_gse173098,increase,mikl_gene:oxct1,2,0.5375,0.39719132491036174,0.6028086750896382,-0.094410040141636,0.0,0.0,0.0,0.0,0.18698008498822447
M1,mikl_gse173098,increase,mikl_gene:pacsin1,2,0.5492957746478873,0.49766756468013507,0.5023324353198649,-0.2695358289979328,0.0,0.0,0.0,0.0,0.37300713758452014
M1,mikl_gse173098,increase,mikl_gene:pate2,2,0.4166666666666667,0.5312748262197644,0.46872517378023565,-0.4449569709616571,0.0,0.5,0.5,0.0,0.11491228070175438
M1,mikl_gse173098,increase,mikl_gene:pcdh15,2,0.5064516129032258,0.34666491614877026,0.6533350838512297,-0.20170150506040152,0.0,0.0,0.0,0.0,0.0147903462881889
M1,mikl_gse173098,increase,mikl_gene:pde1c,2,0.5714285714285714,0.28207853397123955,0.7179214660287605,-0.09754133535186699,0.0,0.0,0.0,0.0,0.10595762903997782
M1,mikl_gse173098,increase,mikl_gene:pde2a,2,0.8700000000000001,0.15211223319391987,0.8478877668060801,0.2545280118029939,0.0,0.0,0.0,0.0,0.096289592760181
M1,mikl_gse173098,increase,mikl_gene:pdp1,2,0.5942028985507246,0.42361028614293517,0.5763897138570648,0.2541466938476526,0.0,0.0,0.0,0.0,-0.031245499534509863
M1,mikl_gse173098,increase,mikl_gene:pdpk1,2,0.6159420289855073,0.5085845830855121,0.4914154169144879,0.0511190843636215,0.0,0.0,0.0,0.0,0.020310111439682935
M1,mikl_gse173098,increase,mikl_gene:pgap1,2,0.27884615384615385,0.5428563835994209,0.45714361640057904,-0.5077300912234044,0.0,0.0,0.0,0.0,0.06439553433513995
M1,mikl_gse173098,increase,mikl_gene:plin3,2,0.125,0.7650638418378919,0.23493615816210817,-0.9580034967370454,0.0,1.0,1.0,0.0,0.0625615763546798
M1,mikl_gse173098,increase,mikl_gene:ppp1r9b,2,0.3103448275862069,0.5015482325280303,0.4984517674719697,-0.49586291233272495,0.0,0.5,0.5,0.0,0.20689655172413796
M1,mikl_gse173098,increase,mikl_gene:prlr,2,0.32911392405063294,0.6068540767018247,0.3931459232981753,-0.46140004456966044,0.0,0.0,0.0,0.0,0.115014064697609
M1,mikl_gse173098,increase,mikl_gene:prrx1,2,0.5,0.5,0.5,-0.1521180600750418,0.5,0.5,1.0,0.5,-0.06909477971121808
M1,mikl_gse173098,increase,mikl_gene:psd,2,0.7142857142857143,0.19884945830668213,0.8011505416933178,0.23608436600224053,0.0,0.5,0.5,0.0,0.41666666666666674
M1,mikl_gse173098,increase,mikl_gene:ptgs2,2,0.2692307692307692,0.6677591211308719,0.3322408788691281,-0.7239400476534704,0.0,0.0,1.0,0.0,0.054945054945054944
M1,mikl_gse173098,increase,mikl_gene:ptpn14,2,0.8137254901960784,0.37141573053508936,0.6285842694649106,0.2820232388069254,0.0,0.0,0.0,0.0,-0.05707333731751046
M1,mikl_gse173098,increase,mikl_gene:ptprb,2,0.5140845070422535,0.49590268493491185,0.504097315065088,-0.1598064590259079,0.0,0.0,0.0,0.0,-0.14086114862692137
M1,mikl_gse173098,increase,mikl_gene:rab11fip2,2,0.5765957446808512,0.3332575455528434,0.6667424544471565,-0.12654285684789096,0.0,0.0,0.0,0.0,0.04564064477138556
M1,mikl_gse173098,increase,mikl_gene:rasgrp4,2,0.5138888888888888,0.4368020898162229,0.5631979101837771,-0.1973759066244051,0.0,0.0,0.0,0.0,0.13417869924719242
M1,mikl_gse173098,increase,mikl_gene:rasl10b,2,0.6812080536912751,0.24958070671262952,0.7504192932873706,-0.0492169427316736,0.0,0.5,0.5,0.0,0.07637317214098405
M1,mikl_gse173098,increase,mikl_gene:rbm47,2,0.9090909090909092,0.17065137934586802,0.8293486206541321,0.6126452824746185,0.0,0.5,0.5,0.0,0.26333992094861663
M1,mikl_gse173098,increase,mikl_gene:rmi2,2,0.6808510638297872,0.35585541294373435,0.6441445870562656,-0.0245523253656687,0.0,0.0,0.0,0.0,0.00814155449413808
M1,mikl_gse173098,increase,mikl_gene:rnf165,2,0.7544378698224852,0.3006037461036759,0.6993962538963241,0.27681670148391746,0.0,0.0,0.0,0.0,0.04660331006975061
M1,mikl_gse173098,increase,mikl_gene:rorb,2,0.8333333333333333,0.34029411689229516,0.6597058831077048,0.771713734189371,0.0,0.0,0.0,0.0,0.09714285714285714
M1,mikl_gse173098,increase,mikl_gene:rpl21,2,0.423728813559322,0.49370096634792027,0.5062990336520798,-0.17388721272299595,0.0,0.0,0.0,0.0,-0.057044415737871564
M1,mikl_gse173098,increase,mikl_gene:rpl31,2,0.5666666666666667,0.41080727522820304,0.589192724771797,0.15723258996716086,0.0,0.5,0.5,0.0,0.11617647058823527
M1,mikl_gse173098,increase,mikl_gene:rpl37,2,0.368421052631579,0.6651893897939487,0.33481061020605135,-0.3406208732008976,0.0,0.0,0.0,0.0,-0.156390977443609
M1,mikl_gse173098,increase,mikl_gene:rps19,2,0.75,0.2594193938486331,0.7405806061513669,0.3658094426186341,0.5,0.5,0.5,0.5,-0.008333333333333345
M1,mikl_gse173098,increase,mikl_gene:rps20,2,0.5277777777777778,0.6939767371677417,0.30602326283225834,-0.21123486712416184,0.0,0.5,0.5,0.0,-0.10350877192982455
M1,mikl_gse173098,increase,mikl_gene:rps24,2,0.32142857142857145,0.5627158605123179,0.43728413948768213,-0.6481535158162595,0.0,0.5,1.0,0.0,0.030357142857142853
M1,mikl_gse173098,increase,mikl_gene:rpsa,2,0.22857142857142854,0.6238937527968315,0.3761062472031685,-0.6202226748288614,0.0,0.5,0.5,0.0,0.3073359073359073
M1,mikl_gse173098,increase,mikl_gene:rragb,2,0.5227272727272727,0.47539906680214505,0.524600933197855,0.0379764777075407,0.0,0.0,0.0,0.0,0.016125477280966763
M1,mikl_gse173098,increase,mikl_gene:serbp1,2,0.503448275862069,0.5018747316799606,0.4981252683200394,0.24709984734808121,0.0,0.0,0.0,0.0,0.09321439967459208
M1,mikl_gse173098,increase,mikl_gene:serhl,2,0.75,0.36030050157095367,0.6396994984290463,-0.05586176694004841,0.5,1.0,1.0,0.5,0.35833333333333334
M1,mikl_gse173098,increase,mikl_gene:serpina3k,2,0.3,0.6938016551285313,0.3061983448714687,-0.285139262981014,0.0,0.5,1.0,0.0,0.05714285714285715
M1,mikl_gse173098,increase,mikl_gene:serpine2,2,0.75,0.2656571479104243,0.7343428520895757,0.26012655976804455,0.0,0.5,1.0,0.0,0.5333333333333333
M1,mikl_gse173098,increase,mikl_gene:shank1,2,0.5068493150684932,0.4162220744905699,0.58377792550943,-0.33963446449433154,0.0,0.0,0.0,0.0,-0.021584989785132406
M1,mikl_gse173098,increase,mikl_gene:shank3,2,0.7944444444444445,0.44347618463484234,0.5565238153651577,0.24963131929222004,0.0,0.0,0.0,0.0,-0.0988931358496576
M1,mikl_gse173098,increase,mikl_gene:slamf7,2,0.2272727272727273,0.6109062094897171,0.3890937905102829,-0.6192590383064829,0.0,0.5,0.5,0.0,0.2805194805194805
M1,mikl_gse173098,increase,mikl_gene:slc13a5,2,0.7758620689655172,0.4897247780327201,0.5102752219672799,0.13143808656905448,0.0,0.0,0.0,0.0,-0.012235817575083428
M1,mikl_gse173098,increase,mikl_gene:slc17a7,2,0.46875,0.6501855292263352,0.3498144707736648,-0.246205744533607,0.0,0.5,1.0,0.0,-0.14460784313725492
M1,mikl_gse173098,increase,mikl_gene:slc17a9,2,0.2692307692307692,0.5515988257928521,0.44840117420714787,-0.5569557170651304,0.0,0.0,0.5,0.0,-0.07032967032967033
M1,mikl_gse173098,increase,mikl_gene:slc22a15,2,0.6721311475409837,0.2830034992556318,0.7169965007443682,0.2871979302405934,0.5,0.5,0.5,0.0,0.060008561859434414
M1,mikl_gse173098,increase,mikl_gene:slc23a1,2,0.4761904761904762,0.4552460907890038,0.5447539092109962,-0.17510562137863706,0.0,0.0,0.5,0.0,0.11123658949745906
M1,mikl_gse173098,increase,mikl_gene:slc28a3,2,0.8833333333333333,0.15135943147036166,0.8486405685296383,0.15377915019357336,0.0,0.0,0.5,0.0,0.4082661290322581
M1,mikl_gse173098,increase,mikl_gene:slc7a11,2,0.43103448275862066,0.6237626412953567,0.37623735870464325,-0.2821134062991758,0.0,0.0,0.0,0.0,-0.14924021040327298
M1,mikl_gse173098,increase,mikl_gene:slfn8,2,0.5,0.44243174455829554,0.5575682554417045,-0.033845155704415264,0.0,0.5,0.5,0.0,0.0030959752321981573
M1,mikl_gse173098,increase,mikl_gene:snap91,2,0.3021978021978022,0.38913386862591937,0.6108661313740806,-0.842636827771602,0.0,0.0,0.0,0.0,0.05074560966625933
M1,mikl_gse173098,increase,mikl_gene:sparc,2,0.9166666666666666,0.13479107290116135,0.8652089270988386,0.8884840266653455,0.5,0.5,0.5,0.0,0.1456043956043956
M1,mikl_gse173098,increase,mikl_gene:sptbn2,2,0.0,1.0,0.0,-0.5935432853440085,0.0,1.0,1.0,0.0,-0.24999999999999997
M1,mikl_gse173098,increase,mikl_gene:srl,2,0.6842105263157895,0.4514843331217395,0.5485156668782605,0.2640071900146302,0.0,0.0,0.5,0.0,0.43533834586466164
M1,mikl_gse173098,increase,mikl_gene:sspn,2,0.1774193548387097,0.4749304171999797,0.5250695828000203,-0.8749532703172085,0.0,0.0,0.5,0.0,0.0044640820685545
M1,mikl_gse173098,increase,mikl_gene:st6gal1,2,0.5116279069767442,0.4917510593188212,0.5082489406811788,0.5519387672999069,0.5,0.5,0.5,0.5,-0.08386187455954897
M1,mikl_gse173098,increase,mikl_gene:syt15,2,0.20967741935483875,0.674231552045635,0.32576844795436505,-0.5306973127092629,0.0,0.5,0.5,0.0,0.06506598240469208
M1,mikl_gse173098,increase,mikl_gene:tagln,2,0.17647058823529416,0.5565333124564755,0.4434666875435244,-0.4734203121973486,0.0,0.0,0.0,0.0,-0.08565531475748195
M1,mikl_gse173098,increase,mikl_gene:tbcel,2,0.4676470588235294,0.5565364430610205,0.44346355693897954,-0.16373840286268337,0.0,0.0,0.0,0.0,0.08562051503587971
M1,mikl_gse173098,increase,mikl_gene:tcte1,2,0.675,0.3026278552026068,0.6973721447973932,-0.014708396438043149,0.0,0.0,0.5,0.0,-0.04610389610389609
M1,mikl_gse173098,increase,mikl_gene:tfap2b,2,0.5444444444444445,0.7099583847905582,0.2900416152094419,-0.1389078172706581,0.0,0.0,0.0,0.0,-0.05852605612087573
M1,mikl_gse173098,increase,mikl_gene:tfg,2,0.5,0.5310917826487668,0.4689082173512332,-0.02521221124730655,0.0,0.0,0.5,0.0,-0.2788724685276409
M1,mikl_gse173098,increase,mikl_gene:thbd,2,0.625,0.2749897415162412,0.7250102584837588,-0.22843460172125396,0.5,0.5,0.5,0.0,0.3956043956043956
M1,mikl_gse173098,increase,mikl_gene:tirap,2,0.3548387096774193,0.5468632847069057,0.45313671529309424,-0.18133958292490554,0.0,0.0,0.0,0.0,0.21847507331378296
M1,mikl_gse173098,increase,mikl_gene:tmem242,2,0.85,0.14685287706270678,0.8531471229372932,0.3815245400842145,0.5,0.5,0.5,0.5,0.10000000000000003
M1,mikl_gse173098,increase,mikl_gene:tnfrsf19,2,0.9791666666666667,0.11092516546511817,0.8890748345348818,1.7094576599066396,0.5,1.0,1.0,0.5,0.24638259187225275
M1,mikl_gse173098,increase,mikl_gene:tor4a,2,0.4444444444444445,0.5576042236209097,0.4423957763790903,-0.36108926153653703,0.0,0.5,0.5,0.0,-0.04848484848484848
M1,mikl_gse173098,increase,mikl_gene:tpmt,2,0.07142857142857145,0.8331405642856603,0.1668594357143397,-0.585631797160766,0.0,0.5,1.0,0.0,-0.7023809523809526
M1,mikl_gse173098,increase,mikl_gene:tpt1,2,0.8611111111111112,0.059956963772589855,0.9400430362274101,0.2855990045849625,1.0,1.0,1.0,0.0,0.3277616357418838
M1,mikl_gse173098,increase,mikl_gene:trim56,2,0.06701030927835055,0.6701817521104169,0.32981824788958314,-1.0602515115496445,0.0,0.0,0.0,0.0,0.023583181630189097
M1,mikl_gse173098,increase,mikl_gene:trp63,2,0.4626865671641791,0.40226550718071274,0.5977344928192873,-0.3088019289974664,0.0,0.0,0.5,0.0,0.14760342892238365
M1,mikl_gse173098,increase,mikl_gene:tulp1,2,0.0,1.0,0.0,-0.563374003839012,0.0,1.0,1.0,0.0,-0.15757575757575754
M1,mikl_gse173098,increase,mikl_gene:tusc3,2,0.7407407407407407,0.3404847550315629,0.6595152449684372,-0.03597829808163755,0.0,0.0,0.5,0.0,0.010125889436234263
M1,mikl_gse173098,increase,mikl_gene:ube2m,2,0.2,0.7473940794155842,0.25260592058441583,-0.4311278518777875,0.0,0.5,0.5,0.0,-0.1409090909090909
M1,mikl_gse173098,increase,mikl_gene:unc5c,2,0.894808743169399,0.21853766241025135,0.7814623375897487,0.8445316379771242,0.0,0.0,0.0,0.0,0.014600630940488676
M1,mikl_gse173098,increase,mikl_gene:uqcrq,2,0.6875,0.29228946990312576,0.7077105300968742,0.17582960721561208,0.5,0.5,0.5,0.5,0.06666666666666667
M1,mikl_gse173098,increase,mikl_gene:vangl1,2,0.14423076923076922,0.6534548587416478,0.3465451412583523,-0.9509624704981602,0.0,0.0,0.0,0.0,-0.026245766811804544
M1,mikl_gse173098,increase,mikl_gene:vapb,2,0.6000000000000001,0.3564004142548315,0.6435995857451685,0.005237261185686451,0.0,0.0,0.0,0.0,0.1258771265666817
M1,mikl_gse173098,increase,mikl_gene:vav3,2,0.4,0.7269281313126311,0.2730718686873689,-0.4898639247696006,0.0,0.0,0.5,0.0,-0.5428571428571429
M1,mikl_gse173098,increase,mikl_gene:vma21,2,0.37982832618025747,0.6342770797885648,0.36572292021143515,-0.7212440504488575,0.0,0.0,0.0,0.0,0.026607025835882352
M1,mikl_gse173098,increase,mikl_gene:wdr31,2,0.8928571428571428,0.06217305889432163,0.9378269411056783,0.30550099466612957,0.5,0.5,0.5,0.5,0.18749999999999992
M1,mikl_gse173098,increase,mikl_gene:zbtb20,2,0.9209770114942528,0.3468169196444517,0.6531830803555483,0.9472624111595118,0.0,0.0,0.0,0.0,0.04583814525458926
M1,mikl_gse173098,increase,mikl_gene:zfhx3,2,0.446078431372549,0.5823781768040379,0.417621823195962,-0.3004538456489204,0.0,0.0,0.5,0.0,0.0661819619558055
M1,mikl_gse173098,increase,mikl_gene:zscan20,2,0.5833333333333333,0.518854915971162,0.48114508402883804,-0.09018900568601655,0.0,0.0,0.5,0.0,0.10842645726366656
M1,moffatt_gse334718,decrease,moffatt_parent_sequence:139c4882daa7dfbf012c1a463d21076843e8e7d35ee52912c4dc135d78c1bdef,7,0.7010705191591207,0.24468314068187427,0.7553168593181258,0.5296613844440846,0.2857142857142857,0.2857142857142857,0.2857142857142857,0.14285714285714285,0.3449227429891333
M1,moffatt_gse334718,decrease,moffatt_parent_sequence:36e73539d1acd4413e3e1072562098393ce68280e289b4e966e985a09a34ac5f,7,0.8868679951781343,0.1842417462294685,0.8157582537705315,0.6622636465311247,0.0,0.2857142857142857,0.42857142857142855,0.0,0.4552057875733522
M1,moffatt_gse334718,decrease,moffatt_parent_sequence:45ec1d64039db0d8b56d704e14c7a76e3729d447f8dc0b19cf0e854517e5ed8d,10,0.8681180304720695,0.15177672294542413,0.8482232770545759,0.48498440316833225,0.4,0.6,0.6,0.0,0.40859546677761555
M1,moffatt_gse334718,decrease,moffatt_parent_sequence:572aefff72c0c5ebef579dab97cd510a0daaf1f661477a6c0c7da11ea8b145ee,9,0.6633230040889645,0.2875869049720213,0.7124130950279787,0.47434492159991987,0.0,0.1111111111111111,0.3333333333333333,0.0,0.3098563706628092
M1,moffatt_gse334718,decrease,moffatt_parent_sequence:71717d67de00792da52084974f2481e99d5aee74258ae7426800cc5b7aa44393,7,0.6712505847266856,0.2722879270250629,0.727712072974937,0.6422756991138664,0.14285714285714285,0.14285714285714285,0.14285714285714285,0.0,0.2725779573526585
M1,moffatt_gse334718,decrease,moffatt_parent_sequence:71b017fc3704c0a72626c909e1055d0dec5dc20d0b9a0142f93d196c4ea6c651,1,0.9966044142614601,0.009620985014153776,0.9903790149858462,0.865438539139819,1.0,1.0,1.0,0.0,0.3514483240959943
M1,moffatt_gse334718,decrease,moffatt_parent_sequence:a99e16ae7c3711f8ed155495b69998e0a7ca017d377e53a2aaaa28b9fe672e89,9,0.932405131660945,0.14576946153127876,0.8542305384687212,0.8083378415075466,0.3333333333333333,0.5555555555555556,0.5555555555555556,0.0,0.4515968284395934
M1,moffatt_gse334718,decrease,moffatt_parent_sequence:ebeaf12933f759f1472b6be1caeb911d7e9c703616cc2179a4826077ebc2145a,1,0.25,0.28122058589288323,0.7187794141071168,0.683056769045539,0.0,0.0,0.0,0.0,0.034090909090909095
M1,moffatt_gse334718,increase,moffatt_parent_sequence:139c4882daa7dfbf012c1a463d21076843e8e7d35ee52912c4dc135d78c1bdef,7,0.6725661303324527,0.44615939515007497,0.553840604849925,0.6864891953803536,0.0,0.0,0.0,0.0,0.3449227429891333
M1,moffatt_gse334718,increase,moffatt_parent_sequence:36e73539d1acd4413e3e1072562098393ce68280e289b4e966e985a09a34ac5f,7,0.6396166256965164,0.5235692739765436,0.47643072602345643,0.8773206249378627,0.0,0.0,0.0,0.0,0.4552057875733522
M1,moffatt_gse334718,increase,moffatt_parent_sequence:45ec1d64039db0d8b56d704e14c7a76e3729d447f8dc0b19cf0e854517e5ed8d,10,0.6725006356678369,0.4727957190969316,0.5272042809030684,1.7370963380196163,0.0,0.0,0.0,0.0,0.40859546677761555
M1,moffatt_gse334718,increase,moffatt_parent_sequence:572aefff72c0c5ebef579dab97cd510a0daaf1f661477a6c0c7da11ea8b145ee,9,0.6810968476899377,0.5205082715460627,0.4794917284539373,0.5186609770186705,0.0,0.0,0.1111111111111111,0.0,0.3098563706628092
M1,moffatt_gse334718,increase,moffatt_parent_sequence:71717d67de00792da52084974f2481e99d5aee74258ae7426800cc5b7aa44393,7,0.5588003916385572,0.6243678389356617,0.37563216106433833,-0.06558249581950538,0.0,0.14285714285714285,0.14285714285714285,0.0,0.2725779573526585
M1,moffatt_gse334718,increase,moffatt_parent_sequence:71b017fc3704c0a72626c909e1055d0dec5dc20d0b9a0142f93d196c4ea6c651,1,0.2597623089983022,0.4842368871756416,0.5157631128243584,1.14410992388176,0.0,0.0,0.0,0.0,0.3514483240959943
M1,moffatt_gse334718,increase,moffatt_parent_sequence:a99e16ae7c3711f8ed155495b69998e0a7ca017d377e53a2aaaa28b9fe672e89,9,0.628423225865281,0.4486392944041444,0.5513607055958556,1.3400881229945065,0.0,0.1111111111111111,0.2222222222222222,0.0,0.4515968284395934
M1,moffatt_gse334718,increase,moffatt_parent_sequence:ebeaf12933f759f1472b6be1caeb911d7e9c703616cc2179a4826077ebc2145a,1,0.15625,0.8356362680872341,0.16436373191276588,-1.00189812378526,0.0,0.0,0.0,0.0,0.034090909090909095
M1,tdp43_gse288185,decrease,tdp_gene:ENSMUSG00000004113,1,1.0,0.0,1.0,1.41155403959766,1.0,1.0,1.0,1.0,0.30497492357764117
M1,tdp43_gse288185,decrease,tdp_gene:ENSMUSG00000022095,1,0.8489795918367347,0.45413233048461404,0.5458676695153859,2.13038622854065,0.0,0.0,0.0,0.0,0.7285559113543708
M1,tdp43_gse288185,decrease,tdp_gene:ENSMUSG00000028439,1,0.9240506329113924,0.5250506673649492,0.4749493326350508,0.902633668074087,0.0,0.0,0.0,0.0,0.5095435850337419
M1,tdp43_gse288185,decrease,tdp_gene:ENSMUSG00000029028,1,0.8092485549132948,0.33701759417908916,0.6629824058209108,1.94568277501313,0.0,0.0,0.0,0.0,0.8205939804664142
M1,tdp43_gse288185,decrease,tdp_gene:ENSMUSG00000029636,1,0.35185185185185186,0.6065728060837265,0.39342719391627345,-0.0246516287119696,0.0,0.0,0.0,0.0,0.004553759459301034
M1,tdp43_gse288185,decrease,tdp_gene:ENSMUSG00000031028,1,0.8997912317327766,0.3985606785545422,0.6014393214454579,0.136499575951814,0.0,0.0,0.0,0.0,0.18051185117990962
M1,tdp43_gse288185,decrease,tdp_gene:ENSMUSG00000032194,1,0.9603960396039604,0.12865778057080096,0.8713422194291991,1.04751812523037,0.0,1.0,1.0,0.0,0.5320326150262086
M1,tdp43_gse288185,decrease,tdp_gene:ENSMUSG00000034801,1,0.30612244897959184,0.62172032827878,0.37827967172122,-0.0840139304904089,0.0,0.0,0.0,0.0,0.03363017934446506
M1,tdp43_gse288185,decrease,tdp_gene:ENSMUSG00000035202,1,0.9404761904761905,0.2604067644278515,0.7395932355721485,0.144954176428681,0.0,0.0,0.0,0.0,0.08297830760211061
M1,tdp43_gse288185,decrease,tdp_gene:ENSMUSG00000035279,1,0.15094339622641506,0.6731244267095428,0.32687557329045724,-0.132984218433646,0.0,0.0,0.0,0.0,-0.17286068229464452
M1,tdp43_gse288185,decrease,tdp_gene:ENSMUSG00000038916,1,0.4,0.2606299957939512,0.7393700042060488,0.109337592466143,0.0,1.0,1.0,0.0,0.4285714285714286
M1,tdp43_gse288185,decrease,tdp_gene:ENSMUSG00000042529,1,0.718562874251497,0.6500317535796508,0.3499682464203492,0.0939893410744534,0.0,0.0,0.0,0.0,0.3035867497414553
M1,tdp43_gse288185,decrease,tdp_gene:ENSMUSG00000043670,1,0.9566787003610109,0.07660499377505624,0.9233950062249437,4.15524713300181,1.0,1.0,1.0,0.0,0.6091280696183706
M1,tdp43_gse288185,decrease,tdp_gene:ENSMUSG00000058297,1,0.8389610389610389,0.7572373323395613,0.24276266766043875,0.411111003699382,0.0,0.0,0.0,0.0,0.5556036845830797
M1,tdp43_gse288185,decrease,tdp_gene:ENSMUSG00000061578,1,0.7611181702668361,0.6603795760675033,0.3396204239324967,0.0896077706204482,0.0,0.0,0.0,0.0,0.09561272719637749
M1,tdp43_gse288185,decrease,tdp_gene:ENSMUSG00000090935,1,0.148989898989899,0.6668123830135634,0.3331876169864366,-0.0974676603780937,0.0,0.0,0.0,0.0,0.026259071864934938
M1,tdp43_gse288185,increase,tdp_gene:ENSMUSG00000004113,1,0.11659192825112108,0.4075609520211129,0.592439047978887,-0.259268580101342,0.0,0.0,0.0,0.0,0.30497492357764117
M1,tdp43_gse288185,increase,tdp_gene:ENSMUSG00000022095,1,0.43265306122448977,0.10650975337492741,0.8934902466250726,-0.152054749413607,0.0,1.0,1.0,0.0,0.7285559113543708
M1,tdp43_gse288185,increase,tdp_gene:ENSMUSG00000028439,1,0.7088607594936709,0.3745459117638978,0.6254540882361022,0.0329966909965586,0.0,0.0,0.0,0.0,0.5095435850337419
M1,tdp43_gse288185,increase,tdp_gene:ENSMUSG00000029028,1,0.8439306358381503,0.06704314234350493,0.932956857656495,0.0308955981560609,1.0,1.0,1.0,0.0,0.8205939804664142
M1,tdp43_gse288185,increase,tdp_gene:ENSMUSG00000029636,1,0.2518518518518519,0.5095948286385539,0.4904051713614461,-0.0616589609675193,0.0,0.0,0.0,0.0,0.004553759459301034
M1,tdp43_gse288185,increase,tdp_gene:ENSMUSG00000031028,1,0.2776617954070981,0.51667675560274,0.48332324439726004,-0.0631715131154709,0.0,0.0,0.0,0.0,0.18051185117990962
M1,tdp43_gse288185,increase,tdp_gene:ENSMUSG00000032194,1,0.6138613861386139,0.22023573879755387,0.7797642612024461,-0.012372989675149,0.0,0.0,0.0,0.0,0.5320326150262086
M1,tdp43_gse288185,increase,tdp_gene:ENSMUSG00000034801,1,0.5408163265306123,0.4543533984779857,0.5456466015220143,0.0385489762258947,0.0,0.0,0.0,0.0,0.03363017934446506
M1,tdp43_gse288185,increase,tdp_gene:ENSMUSG00000035202,1,0.5357142857142857,0.4967095320932047,0.5032904679067953,-0.002535221465802,0.0,0.0,0.0,0.0,0.08297830760211061
M1,tdp43_gse288185,increase,tdp_gene:ENSMUSG00000035279,1,0.6981132075471699,0.4658403343125748,0.5341596656874252,0.0698216254947045,0.0,0.0,0.0,0.0,-0.17286068229464452
M1,tdp43_gse288185,increase,tdp_gene:ENSMUSG00000038916,1,0.8,0.3514876106830882,0.6485123893169118,0.0874660445159816,0.0,1.0,1.0,0.0,0.4285714285714286
M1,tdp43_gse288185,increase,tdp_gene:ENSMUSG00000042529,1,0.6736526946107784,0.31016623134885174,0.6898337686511482,0.0349472944469658,0.0,0.0,0.0,0.0,0.3035867497414553
M1,tdp43_gse288185,increase,tdp_gene:ENSMUSG00000043670,1,0.4368231046931408,0.09379579025201716,0.9062042097479829,-0.0713158459640043,1.0,1.0,1.0,0.0,0.6091280696183706
M1,tdp43_gse288185,increase,tdp_gene:ENSMUSG00000058297,1,0.5532467532467533,0.13896149951233,0.8610385004876699,-0.0274456093501383,0.0,0.0,0.0,0.0,0.5556036845830797
M1,tdp43_gse288185,increase,tdp_gene:ENSMUSG00000061578,1,0.28081321473951715,0.32859854340829886,0.6714014565917011,-0.0697255107406104,0.0,0.0,0.0,0.0,0.09561272719637749
M1,tdp43_gse288185,increase,tdp_gene:ENSMUSG00000090935,1,0.6742424242424243,0.3840207579611943,0.6159792420388057,0.0407719693333195,0.0,0.0,0.0,0.0,0.026259071864934938
M1_M2_nested_selected,mikl_gse173098,decrease,mikl_gene:2810459m11rik,2,0.4423076923076923,0.5180849123658227,0.4819150876341773,-0.016242705369164598,0.0,0.5,0.5,0.0,0.20115995115995117
M1_M2_nested_selected,mikl_gse173098,decrease,mikl_gene:9130008f23rik,2,0.11764705882352944,0.6729445137791408,0.3270554862208592,-0.35003327584639,0.0,0.5,0.5,0.0,-0.3168214654282766
M1_M2_nested_selected,mikl_gse173098,decrease,mikl_gene:a630089n07rik,2,0.34090909090909094,0.814125162852121,0.185874837147879,0.09050734073166819,0.0,0.0,0.0,0.0,-0.00988142292490117
M1_M2_nested_selected,mikl_gse173098,decrease,mikl_gene:abhd17a,2,0.25,0.5368377494184587,0.4631622505815413,0.3992284582052893,0.0,0.5,1.0,0.0,-0.39999999999999997
M1_M2_nested_selected,mikl_gse173098,decrease,mikl_gene:abi1,2,0.47637795275590555,0.5478870027119659,0.4521129972880341,0.0013241423329009017,0.0,0.0,0.0,0.0,0.067345534451083
M1_M2_nested_selected,mikl_gse173098,decrease,mikl_gene:acnat2,2,0.5,0.5870455613342428,0.41295443866575726,0.07740365656258885,0.0,1.0,1.0,0.0,0.39999999999999997
M1_M2_nested_selected,mikl_gse173098,decrease,mikl_gene:aco2,2,0.625,0.32472292364034233,0.6752770763596576,-0.050957955545752553,0.5,0.5,0.5,0.5,0.04999999999999999
M1_M2_nested_selected,mikl_gse173098,decrease,mikl_gene:actb,2,0.75,0.08537306180186661,0.9146269381981333,0.17933742672950587,0.5,1.0,1.0,0.5,0.6863636363636363
M1_M2_nested_selected,mikl_gse173098,decrease,mikl_gene:adamts18,2,0.24074074074074076,0.5115480003034779,0.48845199969652203,-0.14721693680365916,0.0,0.0,0.5,0.0,0.11767394782381559
M1_M2_nested_selected,mikl_gse173098,decrease,mikl_gene:adap2,2,0.75,0.2150761179198268,0.7849238820801732,1.5734082136515304,0.5,0.5,0.5,0.5,0.19166666666666665
M1_M2_nested_selected,mikl_gse173098,decrease,mikl_gene:agtrap,2,0.14393939393939392,0.6580036937775894,0.3419963062224106,-0.5057996706214487,0.0,0.0,0.0,0.0,0.005347593582887703
M1_M2_nested_selected,mikl_gse173098,decrease,mikl_gene:ankef1,2,0.7884615384615384,0.2938631841996344,0.7061368158003656,0.5506454124927727,0.0,0.0,0.5,0.0,0.16147741147741146
M1_M2_nested_selected,mikl_gse173098,decrease,mikl_gene:aqp4,2,0.2647058823529412,0.6410214470406359,0.35897855295936404,-0.31969211348252347,0.0,0.0,0.0,0.0,-0.0546218487394958
M1_M2_nested_selected,mikl_gse173098,decrease,mikl_gene:arc,2,0.6799999999999999,0.8380804564579085,0.16191954354209154,0.3362199895517889,0.0,0.0,0.0,0.0,0.19452991452991453
M1_M2_nested_selected,mikl_gse173098,decrease,mikl_gene:arhgap31,2,0.5,0.5693090013948487,0.43069099860515125,0.09003644015624046,0.0,0.0,0.5,0.0,-0.026470588235294114
M1_M2_nested_selected,mikl_gse173098,decrease,mikl_gene:arid2,2,0.3322784810126582,0.6166356631585467,0.3833643368414533,-0.2467225285430345,0.0,0.0,0.0,0.0,-0.1155783780898247
M1_M2_nested_selected,mikl_gse173098,decrease,mikl_gene:arpc1b,2,0.8369565217391305,0.3407908553657598,0.6592091446342402,0.5758675901991149,0.0,0.0,0.0,0.0,0.27029370952821463
M1_M2_nested_selected,mikl_gse173098,decrease,mikl_gene:atp5j2,2,0.7,0.22488967147227923,0.7751103285277208,0.5277947619606449,0.0,0.0,1.0,0.0,-0.20000000000000004
M1_M2_nested_selected,mikl_gse173098,decrease,mikl_gene:bdnf,2,0.5643564356435643,0.5081674353610501,0.4918325646389499,0.30210125190935,0.0,0.0,0.0,0.0,0.07849047907834877
M1_M2_nested_selected,mikl_gse173098,decrease,mikl_gene:brsk1,2,0.6428571428571428,0.6291642198723039,0.37083578012769614,0.27818032918730706,0.0,0.0,0.0,0.0,-0.3817052512704687
M1_M2_nested_selected,mikl_gse173098,decrease,mikl_gene:c130026i21rik,2,0.2,0.6799808375092897,0.3200191624907103,-0.13884339410259128,0.0,0.5,0.5,0.0,-0.09090909090909091
M1_M2_nested_selected,mikl_gse173098,decrease,mikl_gene:calm1,2,0.3555555555555555,0.49794243738330507,0.502057562616695,-0.28055361864124945,0.0,0.0,0.0,0.0,0.1312981806968856
M1_M2_nested_selected,mikl_gse173098,decrease,mikl_gene:camk2a,2,0.8201438848920863,0.40632547808423225,0.5936745219157678,0.6153327717944574,0.0,0.0,0.0,0.0,0.11661017690406948
M1_M2_nested_selected,mikl_gse173098,decrease,mikl_gene:ccdc141,2,0.34,0.6588752437528282,0.3411247562471718,-0.16973857595597996,0.0,0.0,0.0,0.0,-0.0034188034188034067
M1_M2_nested_selected,mikl_gse173098,decrease,mikl_gene:ccnd1,2,0.7416666666666667,0.49030314084313287,0.5096968591568671,0.3966692587926194,0.0,0.0,0.0,0.0,0.15420492741702407
M1_M2_nested_selected,mikl_gse173098,decrease,mikl_gene:ccnd2,2,0.5904761904761905,0.43493144771496567,0.5650685522850343,0.3306010086042299,0.0,0.5,0.5,0.0,0.06368019588561503
M1_M2_nested_selected,mikl_gse173098,decrease,mikl_gene:ccni,2,0.8888888888888888,0.34650910799477685,0.6534908920052231,1.8362670075571361,0.5,0.5,0.5,0.5,0.16363636363636358
M1_M2_nested_selected,mikl_gse173098,decrease,mikl_gene:cd84,2,0.5816326530612246,0.38370571565963363,0.6162942843403664,0.23630359753221486,0.0,0.0,0.0,0.0,0.17584633853541415
M1_M2_nested_selected,mikl_gse173098,decrease,mikl_gene:cdc42,2,0.5596026490066225,0.5848241943781853,0.4151758056218147,0.23016266288832843,0.0,0.0,0.0,0.0,-0.04688731400871122
M1_M2_nested_selected,mikl_gse173098,decrease,mikl_gene:cdk15,2,0.4545454545454546,0.5499432359216199,0.4500567640783801,0.13226096713874508,0.0,0.5,0.5,0.0,0.27972027972027974
M1_M2_nested_selected,mikl_gse173098,decrease,mikl_gene:chmp3,2,0.3545454545454546,0.6333019232036856,0.3666980767963144,-0.039956221571980505,0.0,0.0,0.0,0.0,-0.0014865512060843362
M1_M2_nested_selected,mikl_gse173098,decrease,mikl_gene:chrdl1,2,0.3673469387755102,0.623916321563882,0.376083678436118,-0.5032818320030821,0.0,0.0,0.0,0.0,0.14905162064825928
M1_M2_nested_selected,mikl_gse173098,decrease,mikl_gene:cnot6l,2,0.8007575757575758,0.4924058736034146,0.5075941263965854,0.9198189861877875,0.0,0.0,0.0,0.0,0.012846281721402349
M1_M2_nested_selected,mikl_gse173098,decrease,mikl_gene:cntn2,2,0.594017094017094,0.46559547972912557,0.5344045202708745,0.30801432108443244,0.0,0.0,0.0,0.0,0.16888528553533538
M1_M2_nested_selected,mikl_gse173098,decrease,mikl_gene:col1a1,2,0.43749999999999994,0.5181953390893729,0.4818046609106271,0.16256920480916154,0.0,0.0,0.0,0.0,0.04538461538461537
M1_M2_nested_selected,mikl_gse173098,decrease,mikl_gene:col27a1,2,0.6682692307692308,0.3830430286397602,0.6169569713602399,0.36099619900394697,0.0,0.5,0.5,0.0,0.007728612193194602
M1_M2_nested_selected,mikl_gse173098,decrease,mikl_gene:col8a1,2,0.0625,0.9085689836932791,0.09143101630672085,-1.7653174566145764,0.0,0.0,0.0,0.0,-0.4
M1_M2_nested_selected,mikl_gse173098,decrease,mikl_gene:colec12,2,0.763157894736842,0.5340935563605161,0.46590644363948386,0.6712484866942514,0.0,0.0,0.0,0.0,0.039640206847326886
M1_M2_nested_selected,mikl_gse173098,decrease,mikl_gene:cox8a,2,0.55,0.3981967471929533,0.6018032528070467,0.14867339410103592,0.0,0.0,1.0,0.0,0.3090909090909091
M1_M2_nested_selected,mikl_gse173098,decrease,mikl_gene:cplx2,2,0.6280487804878049,0.5466338798903777,0.4533661201096223,0.28515459170773083,0.0,0.0,0.0,0.0,0.017400612904579976
M1_M2_nested_selected,mikl_gse173098,decrease,mikl_gene:ctdspl2,2,0.7,0.31446856049657695,0.6855314395034231,1.3068586061947145,0.5,1.0,1.0,0.5,0.11818181818181821
M1_M2_nested_selected,mikl_gse173098,decrease,mikl_gene:cyp26b1,2,0.3656716417910448,0.7263968543757335,0.27360314562426646,-0.0359968048961635,0.0,0.0,0.0,0.0,0.12499522846127419
M1_M2_nested_selected,mikl_gse173098,decrease,mikl_gene:dcdc2a,2,0.5,0.4750811774799494,0.5249188225200505,0.13315989925751665,0.0,0.0,0.0,0.0,-0.1597797319217963
M1_M2_nested_selected,mikl_gse173098,decrease,mikl_gene:ddx58,2,0.6111111111111112,0.26969049322065325,0.7303095067793468,0.10282230199760345,0.0,0.5,0.5,0.0,0.2545454545454545
M1_M2_nested_selected,mikl_gse173098,decrease,mikl_gene:disp2,2,0.0641025641025641,0.8444739346363704,0.15552606536362956,-0.409066613097942,0.0,0.0,0.0,0.0,-0.11068646543330089
M1_M2_nested_selected,mikl_gse173098,decrease,mikl_gene:dlg4,2,0.2986284289276808,0.7107652984752215,0.28923470152477854,-0.7568749576513113,0.0,0.0,0.0,0.0,0.07956087689402144
M1_M2_nested_selected,mikl_gse173098,decrease,mikl_gene:dock8,2,0.6153846153846154,0.6265070481012173,0.37349295189878273,0.2595730671936375,0.0,0.5,0.5,0.0,0.27032967032967037
M1_M2_nested_selected,mikl_gse173098,decrease,mikl_gene:dtx3l,2,0.5405405405405406,0.636984441974551,0.363015558025449,0.17265924932760784,0.0,0.5,0.5,0.0,0.012255170149906992
M1_M2_nested_selected,mikl_gse173098,decrease,mikl_gene:dusp18,2,0.5104166666666666,0.597782749611939,0.40221725038806105,0.24702181737295853,0.0,0.0,0.0,0.0,0.05173469387755101
M1_M2_nested_selected,mikl_gse173098,decrease,mikl_gene:ebf1,2,0.8444444444444444,0.44025625340837526,0.5597437465916247,0.9699430876880155,0.0,0.5,0.5,0.0,0.1215541165587419
M1_M2_nested_selected,mikl_gse173098,decrease,mikl_gene:eef2,2,0.3333333333333333,0.7821232724256377,0.21787672757436222,-0.062379900298904306,0.0,0.5,0.5,0.0,-0.0892857142857143
M1_M2_nested_selected,mikl_gse173098,decrease,mikl_gene:egf,2,0.9891304347826086,0.15414813092917723,0.8458518690708228,1.555778905180003,0.5,0.5,0.5,0.5,0.07793709528214617
M1_M2_nested_selected,mikl_gse173098,decrease,mikl_gene:eif3f,2,0.6,0.27477282232320016,0.7252271776767998,0.8237806412850177,0.5,0.5,0.5,0.5,-0.053246753246753264
M1_M2_nested_selected,mikl_gse173098,decrease,mikl_gene:ern1,2,0.6428571428571429,0.3816983301601645,0.6183016698398354,0.4760504855517573,0.0,0.0,0.0,0.0,-0.09257022047719722
M1_M2_nested_selected,mikl_gse173098,decrease,mikl_gene:esr1,2,0.6206896551724138,0.27864169930822547,0.7213583006917745,0.5498045429799541,0.0,0.0,0.0,0.0,-0.046496106785317015
M1_M2_nested_selected,mikl_gse173098,decrease,mikl_gene:exo1,2,0.860759493670886,0.44515102950003377,0.5548489704999662,1.1391185917329092,0.0,0.0,0.0,0.0,0.06882363092896888
M1_M2_nested_selected,mikl_gse173098,decrease,mikl_gene:fgf13,2,0.4444444444444444,0.5095165540355822,0.4904834459644179,-0.0007474780161799491,0.0,0.5,0.5,0.0,-0.4181818181818181
M1_M2_nested_selected,mikl_gse173098,decrease,mikl_gene:fgf3,2,0.4444444444444445,0.5052574535038702,0.4947425464961298,0.14117070748311056,0.0,0.0,0.0,0.0,0.17159277504105086
M1_M2_nested_selected,mikl_gse173098,decrease,mikl_gene:foxp2,2,0.5901639344262295,0.45357210278306614,0.5464278972169339,0.2104591368835405,0.0,0.0,0.0,0.0,0.1722451907897731
M1_M2_nested_selected,mikl_gse173098,decrease,mikl_gene:gabra4,2,0.6875,0.33547217155908754,0.6645278284409124,0.761045642992465,0.5,0.5,0.5,0.0,0.1875
M1_M2_nested_selected,mikl_gse173098,decrease,mikl_gene:gbp7,2,0.411764705882353,0.4854945809702489,0.5145054190297511,-0.08225046910417591,0.0,0.0,0.0,0.0,0.045931870571160244
M1_M2_nested_selected,mikl_gse173098,decrease,mikl_gene:gli3,2,0.25,0.7332389672170907,0.26676103278290936,-0.24869995508731504,0.0,0.5,1.0,0.0,-0.0675438596491228
M1_M2_nested_selected,mikl_gse173098,decrease,mikl_gene:gpc6,2,0.6666666666666667,0.45832001323517124,0.5416799867648288,0.34986882868479596,0.0,0.0,0.0,0.0,0.11538461538461538
M1_M2_nested_selected,mikl_gse173098,decrease,mikl_gene:gpr17,2,0.3,0.8045288781164575,0.19547112188354254,-0.9827999659778425,0.0,0.0,0.0,0.0,0.035778635778635784
M1_M2_nested_selected,mikl_gse173098,decrease,mikl_gene:gpr35,2,0.16666666666666663,0.7894428547177421,0.21055714528225783,-0.2335161931510189,0.0,0.5,0.5,0.0,0.05263157894736842
M1_M2_nested_selected,mikl_gse173098,decrease,mikl_gene:grin1,2,0.7333333333333334,0.29885879580834396,0.701141204191656,0.2869105374647745,0.0,0.5,0.5,0.0,-0.03088235294117648
M1_M2_nested_selected,mikl_gse173098,decrease,mikl_gene:gstm1,2,0.375,0.5755882679961979,0.42441173200380217,0.19603644475577425,0.0,1.0,1.0,0.0,0.44999999999999996
M1_M2_nested_selected,mikl_gse173098,decrease,mikl_gene:hic2,2,0.19387755102040816,0.5023318078734936,0.49766819212650637,-0.34510628855452485,0.0,0.0,0.0,0.0,0.04600494743351886
M1_M2_nested_selected,mikl_gse173098,decrease,mikl_gene:hpcal4,2,0.2441860465116279,0.39249315409384355,0.6075068459061564,-0.41536656532872557,0.0,0.0,0.5,0.0,-0.0847083302090391
M1_M2_nested_selected,mikl_gse173098,decrease,mikl_gene:ids,2,0.6521739130434783,0.5179869623119367,0.4820130376880633,0.4308747438665036,0.0,0.0,0.0,0.0,0.053478260869565225
M1_M2_nested_selected,mikl_gse173098,decrease,mikl_gene:invs,2,0.575,0.7180165453012568,0.2819834546987432,0.11128078595386194,0.0,0.0,0.5,0.0,0.13771777003484323
M1_M2_nested_selected,mikl_gse173098,decrease,mikl_gene:itga1,2,0.484375,0.4818175371667215,0.5181824628332785,0.1336010554452535,0.0,1.0,1.0,0.0,0.2109702797202797
M1_M2_nested_selected,mikl_gse173098,decrease,mikl_gene:itga4,2,0.55,0.7027573464861716,0.29724265351382834,0.1421062011944339,0.0,0.0,0.0,0.0,-0.11228222996515683
M1_M2_nested_selected,mikl_gse173098,decrease,mikl_gene:itpr2,2,0.8095238095238095,0.2971699669031649,0.7028300330968351,0.7732102653332629,0.0,0.0,0.0,0.0,0.054922161172161164
M1_M2_nested_selected,mikl_gse173098,decrease,mikl_gene:jund,2,0.5416666666666666,0.4759594756340786,0.5240405243659214,0.12115048430095744,0.5,1.0,1.0,0.0,-0.0467032967032967
M1_M2_nested_selected,mikl_gse173098,decrease,mikl_gene:kcna6,2,0.36486486486486486,0.5787945804408525,0.4212054195591474,-0.1550892485420061,0.0,0.0,0.0,0.0,0.02854907539118065
M1_M2_nested_selected,mikl_gse173098,decrease,mikl_gene:kcng3,2,0.5625,0.40540543285437863,0.5945945671456214,0.5730208434122918,0.5,1.0,1.0,0.5,0.08333333333333331
M1_M2_nested_selected,mikl_gse173098,decrease,mikl_gene:kcnq5,2,0.5,0.7210400390502829,0.2789599609497171,0.19958411410780652,0.0,0.0,0.0,0.0,-0.1057008425429478
M1_M2_nested_selected,mikl_gse173098,decrease,mikl_gene:kctd4,2,0.5,0.4063446687535091,0.593655331246491,-0.07463269867064501,0.0,0.0,0.0,0.0,0.008791208791208795
M1_M2_nested_selected,mikl_gse173098,decrease,mikl_gene:kif1a,2,0.21999999999999997,0.7149603466511221,0.2850396533488779,-0.156799749841267,0.0,0.0,0.0,0.0,0.010226244343891404
M1_M2_nested_selected,mikl_gse173098,decrease,mikl_gene:kif5c,2,0.5333333333333333,0.1948155293265564,0.8051844706734436,0.14388624954662596,0.0,0.5,1.0,0.0,0.1
M1_M2_nested_selected,mikl_gse173098,decrease,mikl_gene:liph,2,0.7246376811594203,0.17937678718461048,0.8206232128153895,0.6573018430328379,0.5,0.5,0.5,0.0,0.08211005161403201
M1_M2_nested_selected,mikl_gse173098,decrease,mikl_gene:lypd1,2,0.704225352112676,0.4349072527190653,0.5650927472809347,0.4261689922031508,0.0,0.0,0.0,0.0,0.11639105723458967
M1_M2_nested_selected,mikl_gse173098,decrease,mikl_gene:magi2,2,0.588235294117647,0.5471058493212647,0.4528941506787353,0.2689046270708618,0.0,0.0,0.0,0.0,0.11854394697567508
M1_M2_nested_selected,mikl_gse173098,decrease,mikl_gene:malt1,2,0.4716981132075472,0.5462634246391902,0.4537365753608098,0.01946741730831835,0.0,0.0,0.0,0.0,0.0433390508862207
M1_M2_nested_selected,mikl_gse173098,decrease,mikl_gene:map1a,2,0.9240506329113924,0.33807443376792384,0.6619255662320762,0.8630827617023012,0.0,0.0,0.0,0.0,0.05552039381153305
M1_M2_nested_selected,mikl_gse173098,decrease,mikl_gene:map2,2,0.5335820895522387,0.5749992702911063,0.4250007297088937,0.5099076694603023,0.0,0.0,0.0,0.0,-0.041439960589237934
M1_M2_nested_selected,mikl_gse173098,decrease,mikl_gene:mapk8ip1,2,0.9473684210526316,0.044206496004757706,0.9557935039952423,0.998971770329075,1.0,1.0,1.0,0.5,0.20375939849624058
M1_M2_nested_selected,mikl_gse173098,decrease,mikl_gene:mavs,2,0.6346153846153846,0.44371590853820997,0.55628409146179,0.22688042686756205,0.0,0.5,0.5,0.0,-0.14774114774114774
M1_M2_nested_selected,mikl_gse173098,decrease,mikl_gene:mcf2l,2,0.45833333333333337,0.689682612282888,0.3103173877171121,0.22645812393549375,0.0,0.0,0.0,0.0,-0.054646752015173064
M1_M2_nested_selected,mikl_gse173098,decrease,mikl_gene:meis2,2,0.35714285714285715,0.5886940753515364,0.4113059246484636,-0.5140084266714786,0.0,0.0,0.0,0.0,-0.1852060982495765
M1_M2_nested_selected,mikl_gse173098,decrease,mikl_gene:mis18bp1,2,0.2142857142857143,0.6683438520601057,0.33165614793989434,-0.21113762887711898,0.0,0.5,0.5,0.0,-0.02380952380952381
M1_M2_nested_selected,mikl_gse173098,decrease,mikl_gene:mocs2,2,0.7251308900523561,0.4485004525600805,0.5514995474399196,0.7510250807129205,0.0,0.0,0.0,0.0,0.03137302598107719
M1_M2_nested_selected,mikl_gse173098,decrease,mikl_gene:mre11a,2,0.26785714285714285,0.8251634821954752,0.1748365178045248,-0.9898929219912269,0.0,0.5,0.5,0.0,0.03448700605047982
M1_M2_nested_selected,mikl_gse173098,decrease,mikl_gene:mrpl33,2,0.6111111111111112,0.4084772829106714,0.5915227170893287,0.26804336783340893,0.0,0.0,0.0,0.0,0.012121212121212121
M1_M2_nested_selected,mikl_gse173098,decrease,mikl_gene:ndnf,2,0.8714285714285714,0.20918478849001484,0.7908152115099851,2.5374109395769566,0.5,0.5,0.5,0.5,0.0357645875251509
M1_M2_nested_selected,mikl_gse173098,decrease,mikl_gene:ndufa12,2,0.5625,0.525685970099132,0.474314029900868,0.2754165830939349,0.0,0.0,0.0,0.0,-0.525
M1_M2_nested_selected,mikl_gse173098,decrease,mikl_gene:ndufb8,2,0.3235294117647059,0.8205597513348397,0.17944024866516028,-0.12268405900992906,0.0,0.5,0.5,0.0,-0.26625386996904027
M1_M2_nested_selected,mikl_gse173098,decrease,mikl_gene:necab1,2,0.9166666666666667,0.3124981177896996,0.6875018822103004,1.0672680192939004,0.5,1.0,1.0,0.5,0.2142857142857143
M1_M2_nested_selected,mikl_gse173098,decrease,mikl_gene:nhsl2,2,0.348,0.4839149803846815,0.5160850196153185,-0.3624673774348288,0.0,0.0,0.0,0.0,-0.032625471624932845
M1_M2_nested_selected,mikl_gse173098,decrease,mikl_gene:nnat,2,0.5657894736842105,0.725970229718892,0.274029770281108,0.3289396781888715,0.0,0.0,0.0,0.0,0.0651871551412487
M1_M2_nested_selected,mikl_gse173098,decrease,mikl_gene:nrgn,2,0.13793103448275867,0.5379748396193088,0.46202516038069125,-0.42087248089283785,0.0,0.0,0.0,0.0,0.06607341490545049
M1_M2_nested_selected,mikl_gse173098,decrease,mikl_gene:nsmf,2,0.5512820512820513,0.44037445816874776,0.5596255418312523,0.26853413927089115,0.0,0.0,0.0,0.0,0.01829268292682927
M1_M2_nested_selected,mikl_gse173098,decrease,mikl_gene:oaf,2,0.6081081081081081,0.5123007367179205,0.48769926328207946,0.18873754055523964,0.0,0.0,0.0,0.0,0.059743954480796585
M1_M2_nested_selected,mikl_gse173098,decrease,mikl_gene:ociad2,2,0.596875,0.5999830972120069,0.40001690278799307,0.2656049178915712,0.0,0.0,0.0,0.0,0.11465238926878071
M1_M2_nested_selected,mikl_gse173098,decrease,mikl_gene:ogt,2,0.24719101123595505,0.513187206331998,0.48681279366800195,-0.14334744857574586,0.0,0.0,0.0,0.0,-0.056270321438860745
M1_M2_nested_selected,mikl_gse173098,decrease,mikl_gene:oprd1,2,0.9051724137931034,0.19426605992899673,0.8057339400710033,0.7951926653034456,0.5,0.5,0.5,0.0,0.12144944476914088
M1_M2_nested_selected,mikl_gse173098,decrease,mikl_gene:otc,2,0.5833333333333333,0.55341026088305,0.44658973911694994,0.5832098972822369,0.0,0.0,0.5,0.0,-0.13508771929824562
M1_M2_nested_selected,mikl_gse173098,decrease,mikl_gene:oxct1,2,0.8833333333333333,0.32834701817031703,0.671652981829683,1.0161424673681057,0.0,0.0,0.5,0.0,0.18186364043026107
M1_M2_nested_selected,mikl_gse173098,decrease,mikl_gene:pacsin1,2,0.9225352112676056,0.18560381117518848,0.8143961888248115,1.3361809075435827,0.0,0.0,0.0,0.0,0.37300713758452014
M1_M2_nested_selected,mikl_gse173098,decrease,mikl_gene:pate2,2,0.8333333333333334,0.2884388071688426,0.7115611928311574,1.1906324627256832,0.5,0.5,0.5,0.5,0.11491228070175438
M1_M2_nested_selected,mikl_gse173098,decrease,mikl_gene:pcdh15,2,0.33225806451612905,0.699790501187981,0.30020949881201897,-0.06983340228948559,0.0,0.0,0.0,0.0,0.0147903462881889
M1_M2_nested_selected,mikl_gse173098,decrease,mikl_gene:pde1c,2,0.6619047619047619,0.606086590892084,0.39391340910791595,0.7127673475567561,0.0,0.0,0.0,0.0,0.10595762903997782
M1_M2_nested_selected,mikl_gse173098,decrease,mikl_gene:pde2a,2,0.62,0.5554278675509734,0.4445721324490266,0.4834039728455136,0.0,0.0,0.0,0.0,0.096289592760181
M1_M2_nested_selected,mikl_gse173098,decrease,mikl_gene:pdp1,2,0.6123188405797102,0.44591583080997854,0.5540841691900213,0.594013979893751,0.0,0.0,0.0,0.0,-0.031245499534509863
M1_M2_nested_selected,mikl_gse173098,decrease,mikl_gene:pdpk1,2,0.5018115942028986,0.4645574076397982,0.5354425923602018,0.16135273185305293,0.0,0.0,0.0,0.0,0.020310111439682935
M1_M2_nested_selected,mikl_gse173098,decrease,mikl_gene:pgap1,2,0.114010989010989,0.6412132962693506,0.35878670373064936,-1.0633595045298772,0.0,0.0,0.0,0.0,0.06018112620588714
M1_M2_nested_selected,mikl_gse173098,decrease,mikl_gene:plin3,2,0.4285714285714286,0.4558496385186739,0.5441503614813261,-0.006357424886340557,0.0,0.0,0.0,0.0,0.037438423645320185
M1_M2_nested_selected,mikl_gse173098,decrease,mikl_gene:ppp1r9b,2,0.8275862068965517,0.4253398859481794,0.5746601140518206,0.648806477508197,0.0,0.5,0.5,0.0,0.20689655172413796
M1_M2_nested_selected,mikl_gse173098,decrease,mikl_gene:prlr,2,0.6582278481012658,0.3777292288457023,0.6222707711542976,0.7588295790779638,0.0,0.0,0.0,0.0,0.115014064697609
M1_M2_nested_selected,mikl_gse173098,decrease,mikl_gene:prrx1,2,0.5138888888888888,0.42856632122983657,0.5714336787701635,0.2619196702207359,0.0,0.0,0.0,0.0,-0.05993150684931507
M1_M2_nested_selected,mikl_gse173098,decrease,mikl_gene:psd,2,0.4285714285714286,0.7391077790673266,0.26089222093267334,-0.08186220122141111,0.0,1.0,1.0,0.0,0.41666666666666674
M1_M2_nested_selected,mikl_gse173098,decrease,mikl_gene:ptgs2,2,0.7692307692307692,0.35557846173688856,0.6444215382631114,0.5852889598034083,0.0,0.0,0.0,0.0,0.054945054945054944
M1_M2_nested_selected,mikl_gse173098,decrease,mikl_gene:ptpn14,2,0.4019607843137255,0.48243523274581374,0.5175647672541863,0.08641189090739121,0.0,0.0,0.0,0.0,-0.06586698540083666
M1_M2_nested_selected,mikl_gse173098,decrease,mikl_gene:ptprb,2,0.7887323943661972,0.24625315123661892,0.7537468487633812,1.2496449637677878,0.0,0.0,0.0,0.0,-0.14086114862692137
M1_M2_nested_selected,mikl_gse173098,decrease,mikl_gene:rab11fip2,2,0.7276595744680852,0.5788560600085174,0.4211439399914826,0.9217876460989078,0.0,0.0,0.0,0.0,0.04564064477138556
M1_M2_nested_selected,mikl_gse173098,decrease,mikl_gene:rasgrp4,2,0.9722222222222222,0.1250871224591552,0.8749128775408448,1.498939424214046,0.5,1.0,1.0,0.0,0.13417869924719242
M1_M2_nested_selected,mikl_gse173098,decrease,mikl_gene:rasl10b,2,0.4597315436241611,0.7732426682425446,0.22675733175745544,0.07643249719794304,0.0,0.0,0.0,0.0,0.07859015956264723
M1_M2_nested_selected,mikl_gse173098,decrease,mikl_gene:rbm47,2,0.8863636363636364,0.4667531426521352,0.5332468573478648,1.1858363410264399,0.0,0.0,0.0,0.0,0.26333992094861663
M1_M2_nested_selected,mikl_gse173098,decrease,mikl_gene:rmi2,2,0.11702127659574468,0.7855860484761236,0.21441395152387643,-0.212155954544991,0.0,0.0,0.0,0.0,0.00814155449413808
M1_M2_nested_selected,mikl_gse173098,decrease,mikl_gene:rnf165,2,0.5088757396449703,0.6074189750936114,0.39258102490638863,0.21581103804457963,0.0,0.0,0.0,0.0,0.04660331006975061
M1_M2_nested_selected,mikl_gse173098,decrease,mikl_gene:rorb,2,0.5416666666666667,0.4860161245242064,0.5139838754757936,0.23758291468725706,0.0,0.0,0.0,0.0,0.09714285714285714
M1_M2_nested_selected,mikl_gse173098,decrease,mikl_gene:rpl21,2,0.5,0.5585386854454785,0.44146131455452153,0.08585898192019,0.0,0.0,0.0,0.0,-0.057044415737871564
M1_M2_nested_selected,mikl_gse173098,decrease,mikl_gene:rpl31,2,0.5,0.5,0.5,-0.0915856593728186,0.5,0.5,0.5,0.5,0.1411764705882353
M1_M2_nested_selected,mikl_gse173098,decrease,mikl_gene:rpl37,2,0.5,0.43932602577730795,0.560673974222692,0.197891410588485,0.0,0.0,0.0,0.0,-0.156390977443609
M1_M2_nested_selected,mikl_gse173098,decrease,mikl_gene:rps19,2,0.125,0.8115224080302754,0.18847759196972452,-0.3228790528056439,0.0,0.0,0.0,0.0,-0.008333333333333345
M1_M2_nested_selected,mikl_gse173098,decrease,mikl_gene:rps20,2,0.02777777777777779,0.6781976729737542,0.3218023270262458,-1.5210569725718386,0.0,0.0,0.5,0.0,-0.10350877192982455
M1_M2_nested_selected,mikl_gse173098,decrease,mikl_gene:rps24,2,0.7857142857142858,0.37798265732398695,0.622017342676013,0.7533685400950005,0.0,0.0,0.0,0.0,0.030357142857142853
M1_M2_nested_selected,mikl_gse173098,decrease,mikl_gene:rpsa,2,0.5571428571428572,0.4090027377677939,0.590997262232206,0.5574629887231439,0.0,0.0,0.5,0.0,0.33268983268983277
M1_M2_nested_selected,mikl_gse173098,decrease,mikl_gene:rragb,2,0.7272727272727273,0.38678527701553034,0.6132147229844697,0.2788233718426119,0.5,0.5,0.5,0.0,0.05641176453386901
M1_M2_nested_selected,mikl_gse173098,decrease,mikl_gene:serbp1,2,0.43448275862068964,0.4647241539737703,0.5352758460262297,0.11074925588637745,0.0,0.0,0.0,0.0,0.10101134741248793
M1_M2_nested_selected,mikl_gse173098,decrease,mikl_gene:serhl,2,0.8125,0.3768319445885918,0.6231680554114082,0.4186723580725168,0.5,0.5,0.5,0.0,0.35833333333333334
M1_M2_nested_selected,mikl_gse173098,decrease,mikl_gene:serpina3k,2,0.8,0.15066944540922456,0.8493305545907754,0.3826258457846484,0.5,1.0,1.0,0.5,0.05714285714285715
M1_M2_nested_selected,mikl_gse173098,decrease,mikl_gene:serpine2,2,0.6875,0.5453988229745689,0.4546011770254311,0.36144430292130697,0.0,0.5,0.5,0.0,0.5333333333333333
M1_M2_nested_selected,mikl_gse173098,decrease,mikl_gene:shank1,2,0.32876712328767127,0.6590061469609714,0.3409938530390287,-0.03582995199496295,0.0,0.0,0.0,0.0,-0.021584989785132406
M1_M2_nested_selected,mikl_gse173098,decrease,mikl_gene:shank3,2,0.37777777777777777,0.44240839055335385,0.5575916094466462,0.06679420699035875,0.0,0.0,0.0,0.0,-0.09738015607580826
M1_M2_nested_selected,mikl_gse173098,decrease,mikl_gene:slamf7,2,0.5909090909090909,0.45577931475846045,0.5442206852415395,0.27219534750652286,0.0,0.0,0.5,0.0,0.2805194805194805
M1_M2_nested_selected,mikl_gse173098,decrease,mikl_gene:slc13a5,2,0.7413793103448276,0.22515918594961312,0.7748408140503869,0.4807676447801062,0.5,0.5,0.5,0.5,-0.012235817575083428
M1_M2_nested_selected,mikl_gse173098,decrease,mikl_gene:slc17a7,2,0.6875,0.2616908507619795,0.7383091492380205,0.2594602178920747,0.5,0.5,0.5,0.0,-0.1519607843137255
M1_M2_nested_selected,mikl_gse173098,decrease,mikl_gene:slc17a9,2,0.5,0.6709643700916599,0.3290356299083402,0.29181458413272987,0.0,0.0,0.5,0.0,-0.07032967032967033
M1_M2_nested_selected,mikl_gse173098,decrease,mikl_gene:slc22a15,2,0.7049180327868851,0.5539540593599723,0.44604594064002767,0.4477348679092537,0.0,0.0,0.0,0.0,0.04958323890106016
M1_M2_nested_selected,mikl_gse173098,decrease,mikl_gene:slc23a1,2,0.8333333333333333,0.17630506328975298,0.8236949367102471,0.6897701606148695,0.0,0.5,0.5,0.0,0.11123658949745906
M1_M2_nested_selected,mikl_gse173098,decrease,mikl_gene:slc28a3,2,0.5333333333333333,0.5968743132656618,0.4031256867343382,0.4161344545079305,0.0,0.0,0.0,0.0,0.4082661290322581
M1_M2_nested_selected,mikl_gse173098,decrease,mikl_gene:slc7a11,2,0.5172413793103448,0.3884055707710251,0.6115944292289748,0.20315912428995206,0.0,0.5,0.5,0.0,-0.15701344243132673
M1_M2_nested_selected,mikl_gse173098,decrease,mikl_gene:slfn8,2,0.23529411764705882,0.6583324111637137,0.34166758883628634,-0.9539229735482476,0.0,0.0,0.5,0.0,0.0030959752321981573
M1_M2_nested_selected,mikl_gse173098,decrease,mikl_gene:snap91,2,0.5879120879120878,0.6555426867982876,0.3444573132017123,0.4518080982512096,0.0,0.0,0.0,0.0,0.05074560966625933
M1_M2_nested_selected,mikl_gse173098,decrease,mikl_gene:sparc,2,0.75,0.5151492342856019,0.48485076571439817,0.5899909379493555,0.0,0.0,0.0,0.0,0.1456043956043956
M1_M2_nested_selected,mikl_gse173098,decrease,mikl_gene:sptbn2,2,0.5,0.3312633459126841,0.6687366540873159,0.22623596191481687,0.0,0.0,1.0,0.0,-0.24999999999999997
M1_M2_nested_selected,mikl_gse173098,decrease,mikl_gene:srl,2,0.8947368421052632,0.1710597879281084,0.8289402120718916,0.7411115083559645,0.0,0.5,1.0,0.0,0.43533834586466164
M1_M2_nested_selected,mikl_gse173098,decrease,mikl_gene:sspn,2,0.41935483870967744,0.6922385535431039,0.3077614464568961,-0.03807505810753745,0.0,0.0,0.0,0.0,3.574983528832967e-05
M1_M2_nested_selected,mikl_gse173098,decrease,mikl_gene:st6gal1,2,0.3488372093023256,0.4349599758945879,0.5650400241054121,-0.1207967688615955,0.0,0.0,0.0,0.0,-0.08294573643410852
M1_M2_nested_selected,mikl_gse173098,decrease,mikl_gene:syt15,2,0.4516129032258065,0.49776159962895083,0.5022384003710492,0.130274303678845,0.0,0.0,0.5,0.0,0.07239736070381231
M1_M2_nested_selected,mikl_gse173098,decrease,mikl_gene:tagln,2,0.9705882352941176,0.10165687219655019,0.8983431278034498,2.9117924517698603,0.5,0.5,0.5,0.5,-0.08565531475748195
M1_M2_nested_selected,mikl_gse173098,decrease,mikl_gene:tbcel,2,0.8970588235294117,0.2871482449518421,0.7128517550481579,0.8964780935164726,0.0,0.0,0.0,0.0,0.08562051503587971
M1_M2_nested_selected,mikl_gse173098,decrease,mikl_gene:tcte1,2,0.25,0.7245490026016815,0.27545099739831846,-0.06411791376522699,0.0,0.0,0.0,0.0,-0.04610389610389609
M1_M2_nested_selected,mikl_gse173098,decrease,mikl_gene:tfap2b,2,0.3222222222222222,0.3267071005537766,0.6732928994462234,-0.0315840985574246,0.0,0.0,0.0,0.0,-0.05852605612087573
M1_M2_nested_selected,mikl_gse173098,decrease,mikl_gene:tfg,2,0.3333333333333333,0.7127062523863126,0.2872937476136875,-0.6549952034118691,0.0,0.0,0.0,0.0,-0.2788724685276409
M1_M2_nested_selected,mikl_gse173098,decrease,mikl_gene:thbd,2,0.7083333333333333,0.541185307295634,0.45881469270436603,0.7614483690893945,0.0,0.0,1.0,0.0,0.3956043956043956
M1_M2_nested_selected,mikl_gse173098,decrease,mikl_gene:tirap,2,0.1935483870967742,0.5079260153993743,0.4920739846006257,-0.36489599149372587,0.0,0.0,0.5,0.0,0.21847507331378296
M1_M2_nested_selected,mikl_gse173098,decrease,mikl_gene:tmem242,2,0.6,0.36283219045081483,0.6371678095491852,0.5376266130709366,0.0,0.0,0.5,0.0,0.10000000000000003
M1_M2_nested_selected,mikl_gse173098,decrease,mikl_gene:tnfrsf19,2,0.9166666666666666,0.16826183957289317,0.8317381604271068,1.3143900688946208,0.0,0.0,0.0,0.0,0.24715241452820186
M1_M2_nested_selected,mikl_gse173098,decrease,mikl_gene:tor4a,2,0.05555555555555558,0.955995668925536,0.044004331074464054,-0.10847317674183796,0.0,0.0,1.0,0.0,-0.04848484848484848
M1_M2_nested_selected,mikl_gse173098,decrease,mikl_gene:tpmt,2,0.0,1.0,0.0,-0.30770719726367757,0.0,0.0,0.0,0.0,-0.7023809523809526
M1_M2_nested_selected,mikl_gse173098,decrease,mikl_gene:tpt1,2,0.6111111111111112,0.695038823376799,0.30496117662320094,0.16011679149164593,0.0,0.0,0.0,0.0,0.2002490665786269
M1_M2_nested_selected,mikl_gse173098,decrease,mikl_gene:trim56,2,0.11340206185567014,0.6283745314668061,0.37162546853319395,-0.6086487427062681,0.0,0.5,0.5,0.0,0.023583181630189097
M1_M2_nested_selected,mikl_gse173098,decrease,mikl_gene:trp63,2,0.5298507462686567,0.6015610299756602,0.3984389700243398,0.27849652122335494,0.0,1.0,1.0,0.0,0.14760342892238365
M1_M2_nested_selected,mikl_gse173098,decrease,mikl_gene:tulp1,2,0.5555555555555556,0.3552316958438836,0.6447683041561164,0.2902813087559321,0.0,0.0,0.0,0.0,-0.15757575757575754
M1_M2_nested_selected,mikl_gse173098,decrease,mikl_gene:tusc3,2,0.3888888888888889,0.6014737402875994,0.39852625971240063,0.1458314406803101,0.0,0.0,0.0,0.0,0.010125889436234263
M1_M2_nested_selected,mikl_gse173098,decrease,mikl_gene:ube2m,2,0.39999999999999997,0.599506854098637,0.400493145901363,-0.0493006867549203,0.0,0.5,0.5,0.0,-0.15909090909090912
M1_M2_nested_selected,mikl_gse173098,decrease,mikl_gene:unc5c,2,0.7663934426229508,0.6012362815521215,0.39876371844787856,0.548384021095672,0.0,0.0,0.0,0.0,0.014600630940488676
M1_M2_nested_selected,mikl_gse173098,decrease,mikl_gene:uqcrq,2,0.625,0.4053920336707748,0.5946079663292252,0.30054496462153946,0.5,0.5,0.5,0.0,0.06666666666666667
M1_M2_nested_selected,mikl_gse173098,decrease,mikl_gene:vangl1,2,0.5673076923076923,0.4828418044961974,0.5171581955038026,0.20483647534284063,0.0,0.0,0.0,0.0,-0.026245766811804544
M1_M2_nested_selected,mikl_gse173098,decrease,mikl_gene:vapb,2,0.6735849056603774,0.6015924103894286,0.3984075896105715,0.33651468409025154,0.0,0.0,0.0,0.0,0.1258771265666817
M1_M2_nested_selected,mikl_gse173098,decrease,mikl_gene:vav3,2,0.2,0.612859597112208,0.3871404028877919,-0.2926427721061408,0.0,1.0,1.0,0.0,-0.4571428571428572
M1_M2_nested_selected,mikl_gse173098,decrease,mikl_gene:vma21,2,0.4613733905579399,0.4520628876021143,0.5479371123978857,-0.21077054298208397,0.0,0.0,0.0,0.0,0.026607025835882352
M1_M2_nested_selected,mikl_gse173098,decrease,mikl_gene:wdr31,2,0.4642857142857143,0.6892175413240689,0.31078245867593113,0.704164372530899,0.0,0.0,1.0,0.0,0.20892857142857135
M1_M2_nested_selected,mikl_gse173098,decrease,mikl_gene:zbtb20,2,0.6293103448275862,0.5207177807430228,0.4792822192569773,0.35822897537516757,0.0,0.0,0.0,0.0,0.04583814525458926
M1_M2_nested_selected,mikl_gse173098,decrease,mikl_gene:zfhx3,2,0.5490196078431373,0.4299378136978259,0.5700621863021742,0.15347190290107598,0.0,0.5,1.0,0.0,0.0661819619558055
M1_M2_nested_selected,mikl_gse173098,decrease,mikl_gene:zscan20,2,0.7142857142857143,0.2988242277516696,0.7011757722483304,0.47605332910824383,0.5,0.5,0.5,0.0,0.10842645726366656
M1_M2_nested_selected,mikl_gse173098,increase,mikl_gene:2810459m11rik,2,0.9615384615384616,0.04623449464648661,0.9537655053535135,0.8819718323008987,1.0,1.0,1.0,0.0,0.20115995115995117
M1_M2_nested_selected,mikl_gse173098,increase,mikl_gene:9130008f23rik,2,0.4411764705882353,0.555416398629634,0.44458360137036596,-0.1840452293913033,0.0,0.0,0.0,0.0,-0.3168214654282766
M1_M2_nested_selected,mikl_gse173098,increase,mikl_gene:a630089n07rik,2,0.5227272727272727,0.21796417323307407,0.7820358267669258,-0.0890831169752489,0.5,1.0,1.0,0.0,-0.00988142292490117
M1_M2_nested_selected,mikl_gse173098,increase,mikl_gene:abhd17a,2,0.375,0.6751893507972686,0.32481064920273145,-0.5371641247229324,0.0,0.5,1.0,0.0,-0.39999999999999997
M1_M2_nested_selected,mikl_gse173098,increase,mikl_gene:abi1,2,0.055118110236220486,0.7457416750439223,0.2542583249560777,-2.3831561450758745,0.0,0.0,0.0,0.0,0.067345534451083
M1_M2_nested_selected,mikl_gse173098,increase,mikl_gene:acnat2,2,0.75,0.061401749805645896,0.9385982501943542,0.19221758082956075,0.5,1.0,1.0,0.5,0.39999999999999997
M1_M2_nested_selected,mikl_gse173098,increase,mikl_gene:aco2,2,0.5,0.4387480916329647,0.5612519083670353,0.030011757477929002,0.0,0.5,0.5,0.0,0.04999999999999999
M1_M2_nested_selected,mikl_gse173098,increase,mikl_gene:actb,2,0.9,0.3227828713319954,0.6772171286680047,1.4236593204910966,0.5,1.0,1.0,0.5,0.6863636363636363
M1_M2_nested_selected,mikl_gse173098,increase,mikl_gene:adamts18,2,0.2160493827160494,0.6445505790775243,0.3554494209224757,-0.5419812623759728,0.0,0.0,0.0,0.0,0.11767394782381559
M1_M2_nested_selected,mikl_gse173098,increase,mikl_gene:adap2,2,0.8125,0.28261980160777717,0.7173801983922228,0.489797900547191,0.5,0.5,1.0,0.5,0.19166666666666665
M1_M2_nested_selected,mikl_gse173098,increase,mikl_gene:agtrap,2,0.8939393939393939,0.30272401487849937,0.6972759851215007,0.747598384392971,0.0,0.0,0.0,0.0,0.005347593582887703
M1_M2_nested_selected,mikl_gse173098,increase,mikl_gene:ankef1,2,0.7884615384615384,0.38887399195002115,0.6111260080499789,0.14821882022688196,0.0,0.5,0.5,0.0,0.16147741147741146
M1_M2_nested_selected,mikl_gse173098,increase,mikl_gene:aqp4,2,0.4852941176470589,0.4335311942134825,0.5664688057865175,-0.33599368079033753,0.0,0.5,0.5,0.0,-0.0546218487394958
M1_M2_nested_selected,mikl_gse173098,increase,mikl_gene:arc,2,0.6799999999999999,0.12933135169120535,0.8706686483087946,-0.13527702956591603,0.5,1.0,1.0,0.0,0.19452991452991453
M1_M2_nested_selected,mikl_gse173098,increase,mikl_gene:arhgap31,2,0.8666666666666667,0.31731347363573137,0.6826865263642686,0.1632403539825572,0.0,0.0,0.0,0.0,-0.026470588235294114
M1_M2_nested_selected,mikl_gse173098,increase,mikl_gene:arid2,2,0.4525316455696203,0.5284942671053567,0.4715057328946432,-0.759053672249336,0.0,0.0,0.0,0.0,-0.1155783780898247
M1_M2_nested_selected,mikl_gse173098,increase,mikl_gene:arpc1b,2,0.782608695652174,0.4744240488829363,0.5255759511170637,0.47572485034105805,0.0,0.5,0.5,0.0,0.27029370952821463
M1_M2_nested_selected,mikl_gse173098,increase,mikl_gene:atp5j2,2,0.5,0.6021237093576041,0.39787629064239594,-0.32446945251777926,0.0,0.5,1.0,0.0,-0.20000000000000004
M1_M2_nested_selected,mikl_gse173098,increase,mikl_gene:bdnf,2,0.6831683168316831,0.2846636552851236,0.7153363447148764,0.444130997075321,0.0,0.0,0.0,0.0,0.07849047907834877
M1_M2_nested_selected,mikl_gse173098,increase,mikl_gene:brsk1,2,0.0,1.0,0.0,-3.9544937965945897,0.0,0.0,0.0,0.0,-0.3817052512704687
M1_M2_nested_selected,mikl_gse173098,increase,mikl_gene:c130026i21rik,2,0.30000000000000004,0.6839643291595776,0.31603567084042244,-0.49727044583430224,0.0,0.0,1.0,0.0,-0.09090909090909091
M1_M2_nested_selected,mikl_gse173098,increase,mikl_gene:calm1,2,0.8666666666666667,0.40325047846368606,0.5967495215363139,0.795203677712601,0.0,0.0,0.0,0.0,0.1312981806968856
M1_M2_nested_selected,mikl_gse173098,increase,mikl_gene:camk2a,2,0.5035971223021583,0.4587566048158737,0.5412433951841262,-0.1814694363076643,0.0,0.0,0.0,0.0,0.11661017690406948
M1_M2_nested_selected,mikl_gse173098,increase,mikl_gene:ccdc141,2,0.36,0.6891045983891475,0.3108954016108525,-0.9621062933166078,0.0,0.0,0.0,0.0,-0.0034188034188034067
M1_M2_nested_selected,mikl_gse173098,increase,mikl_gene:ccnd1,2,0.18333333333333335,0.5605924625444142,0.4394075374555858,-0.6917840301240461,0.0,0.0,0.5,0.0,0.15420492741702407
M1_M2_nested_selected,mikl_gse173098,increase,mikl_gene:ccnd2,2,0.4666666666666666,0.5843753394139017,0.4156246605860982,-0.32773717348501025,0.0,0.0,0.0,0.0,0.06368019588561503
M1_M2_nested_selected,mikl_gse173098,increase,mikl_gene:ccni,2,0.3888888888888889,0.21483331363060548,0.7851666863693945,-0.36837144345012196,0.0,0.5,1.0,0.0,0.16363636363636358
M1_M2_nested_selected,mikl_gse173098,increase,mikl_gene:cd84,2,0.8775510204081632,0.2655694639867202,0.7344305360132798,1.993218308947283,0.5,0.5,0.5,0.5,0.17584633853541415
M1_M2_nested_selected,mikl_gse173098,increase,mikl_gene:cdc42,2,0.3112582781456954,0.44250022765458136,0.5574997723454187,-0.36668826599860926,0.0,0.0,0.0,0.0,-0.04688731400871122
M1_M2_nested_selected,mikl_gse173098,increase,mikl_gene:cdk15,2,0.5454545454545454,0.4495002530214087,0.5504997469785913,-0.1796917181991969,0.0,1.0,1.0,0.0,0.27972027972027974
M1_M2_nested_selected,mikl_gse173098,increase,mikl_gene:chmp3,2,0.36363636363636365,0.49444287195133063,0.5055571280486694,-0.4220598029303605,0.0,0.0,0.0,0.0,-0.0014865512060843362
M1_M2_nested_selected,mikl_gse173098,increase,mikl_gene:chrdl1,2,0.8979591836734694,0.29497286507950704,0.7050271349204931,1.0542532740494355,0.0,0.0,0.0,0.0,0.14905162064825928
M1_M2_nested_selected,mikl_gse173098,increase,mikl_gene:cnot6l,2,0.7871212121212121,0.35844238434660786,0.6415576156533922,0.650365993160677,0.0,0.0,0.0,0.0,0.012846281721402349
M1_M2_nested_selected,mikl_gse173098,increase,mikl_gene:cntn2,2,0.5128205128205128,0.4932621605476276,0.5067378394523724,-0.16452666549674005,0.0,0.0,0.0,0.0,0.16888528553533538
M1_M2_nested_selected,mikl_gse173098,increase,mikl_gene:col1a1,2,0.6666666666666667,0.4134739565329536,0.5865260434670463,0.18822352505403758,0.0,1.0,1.0,0.0,0.04538461538461537
M1_M2_nested_selected,mikl_gse173098,increase,mikl_gene:col27a1,2,0.3317307692307692,0.6139041611465954,0.3860958388534046,-0.3651576493987533,0.0,0.0,0.5,0.0,0.007728612193194602
M1_M2_nested_selected,mikl_gse173098,increase,mikl_gene:col8a1,2,0.3125,0.628929798574904,0.3710702014250959,-0.7898804029004284,0.0,0.5,0.5,0.0,-0.4
M1_M2_nested_selected,mikl_gse173098,increase,mikl_gene:colec12,2,0.3233082706766917,0.4506719446360886,0.5493280553639114,-0.5343473836385614,0.0,0.0,0.0,0.0,0.039640206847326886
M1_M2_nested_selected,mikl_gse173098,increase,mikl_gene:cox8a,2,0.8,0.3932270376735796,0.6067729623264204,-0.003079288060974558,0.0,0.0,0.5,0.0,0.3090909090909091
M1_M2_nested_selected,mikl_gse173098,increase,mikl_gene:cplx2,2,0.6402439024390243,0.34264918553349655,0.6573508144665035,0.012886688450033212,0.0,0.0,0.0,0.0,0.017400612904579976
M1_M2_nested_selected,mikl_gse173098,increase,mikl_gene:ctdspl2,2,0.35,0.5225561889561121,0.4774438110438879,-0.30939861251291495,0.0,0.5,1.0,0.0,0.11818181818181821
M1_M2_nested_selected,mikl_gse173098,increase,mikl_gene:cyp26b1,2,0.955223880597015,0.1228701952033108,0.8771298047966892,0.6746390844042973,0.5,0.5,0.5,0.0,0.12499522846127419
M1_M2_nested_selected,mikl_gse173098,increase,mikl_gene:dcdc2a,2,0.19607843137254904,0.6399975380545937,0.3600024619454063,-0.6347498454181323,0.0,0.0,0.0,0.0,-0.1597797319217963
M1_M2_nested_selected,mikl_gse173098,increase,mikl_gene:ddx58,2,0.1111111111111111,0.9486572179435584,0.05134278205644155,-0.37042629774288444,0.0,0.5,1.0,0.0,0.2545454545454545
M1_M2_nested_selected,mikl_gse173098,increase,mikl_gene:disp2,2,0.3846153846153846,0.42231278711630205,0.577687212883698,-0.747365807932013,0.0,0.0,0.0,0.0,-0.11068646543330089
M1_M2_nested_selected,mikl_gse173098,increase,mikl_gene:dlg4,2,0.9688279301745636,0.2674312414358114,0.7325687585641887,0.9791115986207312,0.0,0.0,0.0,0.0,0.07956087689402144
M1_M2_nested_selected,mikl_gse173098,increase,mikl_gene:dock8,2,0.9230769230769231,0.0485552302976822,0.9514447697023178,0.4354617617391874,1.0,1.0,1.0,0.0,0.27032967032967037
M1_M2_nested_selected,mikl_gse173098,increase,mikl_gene:dtx3l,2,0.7162162162162162,0.2425136729829312,0.7574863270170689,0.10862159966100454,0.0,0.0,0.0,0.0,0.012255170149906992
M1_M2_nested_selected,mikl_gse173098,increase,mikl_gene:dusp18,2,0.6458333333333334,0.37233194969677474,0.6276680503032253,-0.0995339875925492,0.0,0.0,0.0,0.0,0.05173469387755101
M1_M2_nested_selected,mikl_gse173098,increase,mikl_gene:ebf1,2,0.38888888888888884,0.48434993181469177,0.5156500681853082,-0.6133207327869656,0.0,0.5,0.5,0.0,0.1215541165587419
M1_M2_nested_selected,mikl_gse173098,increase,mikl_gene:eef2,2,0.5,0.5,0.5,-0.2667549423783211,0.5,1.0,1.0,0.5,-0.0892857142857143
M1_M2_nested_selected,mikl_gse173098,increase,mikl_gene:egf,2,0.8586956521739131,0.30966406735649354,0.6903359326435065,0.37869448695705354,0.0,0.0,0.0,0.0,0.07793709528214617
M1_M2_nested_selected,mikl_gse173098,increase,mikl_gene:eif3f,2,0.7,0.4422893522153261,0.5577106477846738,-0.00437179704142765,0.0,0.0,0.0,0.0,-0.053246753246753264
M1_M2_nested_selected,mikl_gse173098,increase,mikl_gene:ern1,2,0.6071428571428572,0.4887440050701753,0.5112559949298248,-0.15332474129691695,0.0,0.0,0.0,0.0,-0.09257022047719722
M1_M2_nested_selected,mikl_gse173098,increase,mikl_gene:esr1,2,0.8793103448275862,0.4676997553757425,0.5323002446242575,0.5277873874178725,0.0,0.0,0.0,0.0,-0.046496106785317015
M1_M2_nested_selected,mikl_gse173098,increase,mikl_gene:exo1,2,0.2436708860759494,0.4559583881858249,0.5440416118141751,-0.640864581781004,0.0,0.5,1.0,0.0,0.06882363092896888
M1_M2_nested_selected,mikl_gse173098,increase,mikl_gene:fgf13,2,0.16666666666666669,0.6093917556660102,0.3906082443339897,-0.41227559137937,0.0,0.0,0.5,0.0,-0.4181818181818181
M1_M2_nested_selected,mikl_gse173098,increase,mikl_gene:fgf3,2,0.7962962962962963,0.3517121253848593,0.6482878746151407,0.2820844534975725,0.0,0.0,0.0,0.0,0.17159277504105086
M1_M2_nested_selected,mikl_gse173098,increase,mikl_gene:foxp2,2,0.3442622950819672,0.5760895360899878,0.42391046391001214,-0.36120501842233543,0.0,0.0,0.0,0.0,0.1722451907897731
M1_M2_nested_selected,mikl_gse173098,increase,mikl_gene:gabra4,2,0.625,0.5112676072092222,0.48873239279077785,-0.03177703369725754,0.0,0.5,0.5,0.0,0.1875
M1_M2_nested_selected,mikl_gse173098,increase,mikl_gene:gbp7,2,0.5294117647058825,0.539469818071827,0.46053018192817297,-0.07909130475308046,0.0,0.0,0.0,0.0,0.045931870571160244
M1_M2_nested_selected,mikl_gse173098,increase,mikl_gene:gli3,2,0.6111111111111112,0.26076170829091805,0.739238291709082,0.24545707185823507,0.5,1.0,1.0,0.0,-0.0675438596491228
M1_M2_nested_selected,mikl_gse173098,increase,mikl_gene:gpc6,2,0.6666666666666667,0.1809206176793913,0.8190793823206087,0.2489599633647519,0.5,0.5,0.5,0.5,0.11538461538461538
M1_M2_nested_selected,mikl_gse173098,increase,mikl_gene:gpr17,2,0.7571428571428571,0.26925250968269604,0.7307474903173039,0.2765878353036736,0.0,0.0,0.0,0.0,0.035778635778635784
M1_M2_nested_selected,mikl_gse173098,increase,mikl_gene:gpr35,2,0.3611111111111111,0.5689334192880655,0.43106658071193454,-0.5435682072131623,0.0,0.5,0.5,0.0,0.05263157894736842
M1_M2_nested_selected,mikl_gse173098,increase,mikl_gene:grin1,2,0.6333333333333333,0.5361427100924054,0.46385728990759456,-0.12882015623607546,0.0,0.0,0.5,0.0,-0.03088235294117648
M1_M2_nested_selected,mikl_gse173098,increase,mikl_gene:gstm1,2,0.875,0.2048171527052673,0.7951828472947327,-0.024479291156646446,0.5,1.0,1.0,0.5,0.44999999999999996
M1_M2_nested_selected,mikl_gse173098,increase,mikl_gene:hic2,2,0.5459183673469388,0.586702917913793,0.4132970820862069,-0.12469165965493764,0.0,0.0,0.5,0.0,0.04600494743351886
M1_M2_nested_selected,mikl_gse173098,increase,mikl_gene:hpcal4,2,0.5,0.6609486717581162,0.3390513282418838,0.16781413951596702,0.0,0.0,0.0,0.0,-0.0847083302090391
M1_M2_nested_selected,mikl_gse173098,increase,mikl_gene:ids,2,0.28260869565217395,0.5198353903420633,0.4801646096579367,-0.5360313301236276,0.0,1.0,1.0,0.0,0.053478260869565225
M1_M2_nested_selected,mikl_gse173098,increase,mikl_gene:invs,2,0.6375,0.2162278992750498,0.7837721007249502,0.0604579782555998,0.0,0.5,0.5,0.0,0.13771777003484323
M1_M2_nested_selected,mikl_gse173098,increase,mikl_gene:itga1,2,0.625,0.47143219413201926,0.5285678058679807,0.023473100463602445,0.0,0.5,0.5,0.0,0.2109702797202797
M1_M2_nested_selected,mikl_gse173098,increase,mikl_gene:itga4,2,0.35,0.32133129361415214,0.6786687063858479,-0.3391040657305672,0.0,0.0,0.0,0.0,-0.11228222996515683
M1_M2_nested_selected,mikl_gse173098,increase,mikl_gene:itpr2,2,0.25396825396825395,0.6720710782101624,0.3279289217898375,-0.5878949048509665,0.0,0.0,0.0,0.0,0.054922161172161164
M1_M2_nested_selected,mikl_gse173098,increase,mikl_gene:jund,2,0.25,0.8157557520142023,0.1842442479857978,-0.5539259232465319,0.0,0.0,0.5,0.0,-0.0467032967032967
M1_M2_nested_selected,mikl_gse173098,increase,mikl_gene:kcna6,2,0.40540540540540543,0.5024788272741728,0.4975211727258272,-0.17926990073397753,0.0,0.0,0.0,0.0,0.02854907539118065
M1_M2_nested_selected,mikl_gse173098,increase,mikl_gene:kcng3,2,0.25,0.6128270669312875,0.3871729330687125,-0.43336218010557503,0.0,0.5,1.0,0.0,0.08333333333333331
M1_M2_nested_selected,mikl_gse173098,increase,mikl_gene:kcnq5,2,0.3918918918918919,0.38355702940001657,0.6164429705999834,-0.4407736016220263,0.0,0.0,0.5,0.0,-0.1057008425429478
M1_M2_nested_selected,mikl_gse173098,increase,mikl_gene:kctd4,2,0.0,1.0,0.0,-1.1528367658835525,0.0,0.5,0.5,0.0,0.008791208791208795
M1_M2_nested_selected,mikl_gse173098,increase,mikl_gene:kif1a,2,0.67,0.3224365655376714,0.6775634344623286,-0.03276529109808005,0.0,0.5,0.5,0.0,0.010226244343891404
M1_M2_nested_selected,mikl_gse173098,increase,mikl_gene:kif5c,2,0.8166666666666667,0.5446437443295301,0.4553562556704699,1.2935920872857034,0.0,1.0,1.0,0.0,0.1
M1_M2_nested_selected,mikl_gse173098,increase,mikl_gene:liph,2,0.26811594202898553,0.779320011752334,0.22067998824766605,-0.451470358600088,0.0,0.5,0.5,0.0,0.08211005161403201
M1_M2_nested_selected,mikl_gse173098,increase,mikl_gene:lypd1,2,0.7464788732394366,0.41050559335099657,0.5894944066490034,0.18755783035904014,0.0,0.0,0.0,0.0,0.11639105723458967
M1_M2_nested_selected,mikl_gse173098,increase,mikl_gene:magi2,2,0.6,0.395411929173039,0.6045880708269609,0.005018132721052088,0.0,0.0,0.0,0.0,0.11854394697567508
M1_M2_nested_selected,mikl_gse173098,increase,mikl_gene:malt1,2,0.6698113207547169,0.4060109765533682,0.5939890234466317,0.21204469923830424,0.0,0.0,0.5,0.0,0.0433390508862207
M1_M2_nested_selected,mikl_gse173098,increase,mikl_gene:map1a,2,0.6962025316455696,0.4941352315057011,0.505864768494299,0.1193395227442653,0.0,0.0,0.0,0.0,0.05552039381153305
M1_M2_nested_selected,mikl_gse173098,increase,mikl_gene:map2,2,0.3582089552238806,0.43539705236289855,0.5646029476371015,-0.37711243557062,0.0,0.0,0.0,0.0,-0.041439960589237934
M1_M2_nested_selected,mikl_gse173098,increase,mikl_gene:mapk8ip1,2,0.631578947368421,0.39549550766559005,0.60450449233441,-0.19870266677867926,0.0,0.0,0.5,0.0,0.20375939849624058
M1_M2_nested_selected,mikl_gse173098,increase,mikl_gene:mavs,2,0.4615384615384615,0.5295602277709521,0.4704397722290479,-0.23980977391495856,0.0,0.0,0.0,0.0,-0.14774114774114774
M1_M2_nested_selected,mikl_gse173098,increase,mikl_gene:mcf2l,2,0.6805555555555556,0.2488714266700621,0.751128573329938,-0.040901126246653555,0.0,0.0,0.0,0.0,-0.054646752015173064
M1_M2_nested_selected,mikl_gse173098,increase,mikl_gene:meis2,2,0.6190476190476191,0.4772864655407608,0.5227135344592392,0.279097883335553,0.0,0.0,0.0,0.0,-0.1852060982495765
M1_M2_nested_selected,mikl_gse173098,increase,mikl_gene:mis18bp1,2,0.7857142857142858,0.3117312117533066,0.6882687882466934,0.2456312834340531,0.5,0.5,0.5,0.0,-0.02380952380952381
M1_M2_nested_selected,mikl_gse173098,increase,mikl_gene:mocs2,2,0.8056282722513088,0.4195689330616017,0.5804310669383983,1.16329791718432,0.0,0.5,0.5,0.0,0.03137302598107719
M1_M2_nested_selected,mikl_gse173098,increase,mikl_gene:mre11a,2,0.7142857142857143,0.3570816838756148,0.6429183161243852,0.33595025514947574,0.0,0.0,0.0,0.0,0.03448700605047982
M1_M2_nested_selected,mikl_gse173098,increase,mikl_gene:mrpl33,2,0.5,0.5,0.5,0.5676590830821431,0.5,1.0,1.0,0.5,0.012121212121212121
M1_M2_nested_selected,mikl_gse173098,increase,mikl_gene:ndnf,2,0.9,0.3400512073736792,0.6599487926263208,0.7568807841992584,0.0,0.0,0.0,0.0,0.0357645875251509
M1_M2_nested_selected,mikl_gse173098,increase,mikl_gene:ndufa12,2,0.125,0.925649535904761,0.0743504640952391,-1.224669191836043,0.0,0.5,0.5,0.0,-0.525
M1_M2_nested_selected,mikl_gse173098,increase,mikl_gene:ndufb8,2,0.6176470588235294,0.2075769834608059,0.7924230165391941,0.008524809281086052,0.0,0.0,0.0,0.0,-0.26625386996904027
M1_M2_nested_selected,mikl_gse173098,increase,mikl_gene:necab1,2,0.75,0.11040818539246072,0.8895918146075392,0.016617860216242997,0.5,0.5,1.0,0.0,0.2142857142857143
M1_M2_nested_selected,mikl_gse173098,increase,mikl_gene:nhsl2,2,0.45599999999999996,0.5756057809605243,0.4243942190394757,-0.20661065900698283,0.0,0.0,0.0,0.0,-0.032625471624932845
M1_M2_nested_selected,mikl_gse173098,increase,mikl_gene:nnat,2,0.4868421052631579,0.24927160702920392,0.7507283929707961,-0.24664336744149096,0.0,0.5,0.5,0.0,0.0651871551412487
M1_M2_nested_selected,mikl_gse173098,increase,mikl_gene:nrgn,2,0.6551724137931034,0.5497376407981425,0.4502623592018575,0.035261686387645146,0.0,0.0,0.0,0.0,0.06607341490545049
M1_M2_nested_selected,mikl_gse173098,increase,mikl_gene:nsmf,2,0.23076923076923078,0.6088418887997711,0.391158111200229,-0.31090907599492584,0.0,0.5,0.5,0.0,0.01829268292682927
M1_M2_nested_selected,mikl_gse173098,increase,mikl_gene:oaf,2,0.5,0.4718250132309528,0.5281749867690472,-0.11324108256677455,0.0,0.0,0.5,0.0,0.059743954480796585
M1_M2_nested_selected,mikl_gse173098,increase,mikl_gene:ociad2,2,0.490625,0.5483099749463586,0.4516900250536415,-1.0548143225723394,0.5,0.5,0.5,0.0,0.11465238926878071
M1_M2_nested_selected,mikl_gse173098,increase,mikl_gene:ogt,2,0.7808988764044944,0.4728124798656706,0.5271875201343295,0.2628945413491747,0.0,0.5,0.5,0.0,-0.056270321438860745
M1_M2_nested_selected,mikl_gse173098,increase,mikl_gene:oprd1,2,0.6206896551724137,0.6092031959913531,0.39079680400864686,-0.05438167667525405,0.0,0.0,0.0,0.0,0.12144944476914088
M1_M2_nested_selected,mikl_gse173098,increase,mikl_gene:otc,2,0.6111111111111112,0.39714944862376045,0.6028505513762396,-0.06565812845919244,0.0,0.5,1.0,0.0,-0.13508771929824562
M1_M2_nested_selected,mikl_gse173098,increase,mikl_gene:oxct1,2,0.5375,0.39719132491036174,0.6028086750896382,-0.094410040141636,0.0,0.0,0.0,0.0,0.18186364043026107
M1_M2_nested_selected,mikl_gse173098,increase,mikl_gene:pacsin1,2,0.5492957746478873,0.49766756468013507,0.5023324353198649,-0.2695358289979328,0.0,0.0,0.0,0.0,0.37300713758452014
M1_M2_nested_selected,mikl_gse173098,increase,mikl_gene:pate2,2,0.4166666666666667,0.5312748262197644,0.46872517378023565,-0.4449569709616571,0.0,0.5,0.5,0.0,0.11491228070175438
M1_M2_nested_selected,mikl_gse173098,increase,mikl_gene:pcdh15,2,0.5064516129032258,0.34666491614877026,0.6533350838512297,-0.20170150506040152,0.0,0.0,0.0,0.0,0.0147903462881889
M1_M2_nested_selected,mikl_gse173098,increase,mikl_gene:pde1c,2,0.5714285714285714,0.28207853397123955,0.7179214660287605,-0.09754133535186699,0.0,0.0,0.0,0.0,0.10595762903997782
M1_M2_nested_selected,mikl_gse173098,increase,mikl_gene:pde2a,2,0.8700000000000001,0.15211223319391987,0.8478877668060801,0.2545280118029939,0.0,0.0,0.0,0.0,0.096289592760181
M1_M2_nested_selected,mikl_gse173098,increase,mikl_gene:pdp1,2,0.5942028985507246,0.42361028614293517,0.5763897138570648,0.2541466938476526,0.0,0.0,0.0,0.0,-0.031245499534509863
M1_M2_nested_selected,mikl_gse173098,increase,mikl_gene:pdpk1,2,0.6159420289855073,0.5085845830855121,0.4914154169144879,0.0511190843636215,0.0,0.0,0.0,0.0,0.020310111439682935
M1_M2_nested_selected,mikl_gse173098,increase,mikl_gene:pgap1,2,0.27884615384615385,0.5428563835994209,0.45714361640057904,-0.5077300912234044,0.0,0.0,0.0,0.0,0.06018112620588714
M1_M2_nested_selected,mikl_gse173098,increase,mikl_gene:plin3,2,0.125,0.7650638418378919,0.23493615816210817,-0.9580034967370454,0.0,0.5,1.0,0.0,0.037438423645320185
M1_M2_nested_selected,mikl_gse173098,increase,mikl_gene:ppp1r9b,2,0.3103448275862069,0.5015482325280303,0.4984517674719697,-0.49586291233272495,0.0,0.5,0.5,0.0,0.20689655172413796
M1_M2_nested_selected,mikl_gse173098,increase,mikl_gene:prlr,2,0.32911392405063294,0.6068540767018247,0.3931459232981753,-0.46140004456966044,0.0,0.0,0.0,0.0,0.115014064697609
M1_M2_nested_selected,mikl_gse173098,increase,mikl_gene:prrx1,2,0.5,0.5,0.5,-0.1521180600750418,0.5,0.5,1.0,0.5,-0.05993150684931507
M1_M2_nested_selected,mikl_gse173098,increase,mikl_gene:psd,2,0.7142857142857143,0.19884945830668213,0.8011505416933178,0.23608436600224053,0.0,0.5,0.5,0.0,0.41666666666666674
M1_M2_nested_selected,mikl_gse173098,increase,mikl_gene:ptgs2,2,0.2692307692307692,0.6677591211308719,0.3322408788691281,-0.7239400476534704,0.0,0.0,1.0,0.0,0.054945054945054944
M1_M2_nested_selected,mikl_gse173098,increase,mikl_gene:ptpn14,2,0.8137254901960784,0.37141573053508936,0.6285842694649106,0.2820232388069254,0.0,0.0,0.0,0.0,-0.06586698540083666
M1_M2_nested_selected,mikl_gse173098,increase,mikl_gene:ptprb,2,0.5140845070422535,0.49590268493491185,0.504097315065088,-0.1598064590259079,0.0,0.0,0.0,0.0,-0.14086114862692137
M1_M2_nested_selected,mikl_gse173098,increase,mikl_gene:rab11fip2,2,0.5765957446808512,0.3332575455528434,0.6667424544471565,-0.12654285684789096,0.0,0.0,0.0,0.0,0.04564064477138556
M1_M2_nested_selected,mikl_gse173098,increase,mikl_gene:rasgrp4,2,0.5138888888888888,0.4368020898162229,0.5631979101837771,-0.1973759066244051,0.0,0.0,0.0,0.0,0.13417869924719242
M1_M2_nested_selected,mikl_gse173098,increase,mikl_gene:rasl10b,2,0.6812080536912751,0.24958070671262952,0.7504192932873706,-0.0492169427316736,0.0,0.5,0.5,0.0,0.07859015956264723
M1_M2_nested_selected,mikl_gse173098,increase,mikl_gene:rbm47,2,0.9090909090909092,0.17065137934586802,0.8293486206541321,0.6126452824746185,0.0,0.5,0.5,0.0,0.26333992094861663
M1_M2_nested_selected,mikl_gse173098,increase,mikl_gene:rmi2,2,0.6808510638297872,0.35585541294373435,0.6441445870562656,-0.0245523253656687,0.0,0.0,0.0,0.0,0.00814155449413808
M1_M2_nested_selected,mikl_gse173098,increase,mikl_gene:rnf165,2,0.7544378698224852,0.3006037461036759,0.6993962538963241,0.27681670148391746,0.0,0.0,0.0,0.0,0.04660331006975061
M1_M2_nested_selected,mikl_gse173098,increase,mikl_gene:rorb,2,0.8333333333333333,0.34029411689229516,0.6597058831077048,0.771713734189371,0.0,0.0,0.0,0.0,0.09714285714285714
M1_M2_nested_selected,mikl_gse173098,increase,mikl_gene:rpl21,2,0.423728813559322,0.49370096634792027,0.5062990336520798,-0.17388721272299595,0.0,0.0,0.0,0.0,-0.057044415737871564
M1_M2_nested_selected,mikl_gse173098,increase,mikl_gene:rpl31,2,0.6000000000000001,0.3914216670707571,0.6085783329292429,0.08913789026825256,0.0,0.5,0.5,0.0,0.1411764705882353
M1_M2_nested_selected,mikl_gse173098,increase,mikl_gene:rpl37,2,0.368421052631579,0.6651893897939487,0.33481061020605135,-0.3406208732008976,0.0,0.0,0.0,0.0,-0.156390977443609
M1_M2_nested_selected,mikl_gse173098,increase,mikl_gene:rps19,2,0.75,0.2594193938486331,0.7405806061513669,0.3658094426186341,0.5,0.5,0.5,0.5,-0.008333333333333345
M1_M2_nested_selected,mikl_gse173098,increase,mikl_gene:rps20,2,0.5277777777777778,0.6939767371677417,0.30602326283225834,-0.21123486712416184,0.0,0.5,0.5,0.0,-0.10350877192982455
M1_M2_nested_selected,mikl_gse173098,increase,mikl_gene:rps24,2,0.32142857142857145,0.5627158605123179,0.43728413948768213,-0.6481535158162595,0.0,0.5,1.0,0.0,0.030357142857142853
M1_M2_nested_selected,mikl_gse173098,increase,mikl_gene:rpsa,2,0.22857142857142854,0.6238937527968315,0.3761062472031685,-0.6202226748288614,0.0,0.5,0.5,0.0,0.33268983268983277
M1_M2_nested_selected,mikl_gse173098,increase,mikl_gene:rragb,2,0.5227272727272727,0.47539906680214505,0.524600933197855,0.0379764777075407,0.0,0.0,0.0,0.0,0.05641176453386901
M1_M2_nested_selected,mikl_gse173098,increase,mikl_gene:serbp1,2,0.503448275862069,0.5018747316799606,0.4981252683200394,0.24709984734808121,0.0,0.0,0.0,0.0,0.10101134741248793
M1_M2_nested_selected,mikl_gse173098,increase,mikl_gene:serhl,2,0.75,0.36030050157095367,0.6396994984290463,-0.05586176694004841,0.5,1.0,1.0,0.5,0.35833333333333334
M1_M2_nested_selected,mikl_gse173098,increase,mikl_gene:serpina3k,2,0.3,0.6938016551285313,0.3061983448714687,-0.285139262981014,0.0,0.5,1.0,0.0,0.05714285714285715
M1_M2_nested_selected,mikl_gse173098,increase,mikl_gene:serpine2,2,0.75,0.2656571479104243,0.7343428520895757,0.26012655976804455,0.0,0.5,1.0,0.0,0.5333333333333333
M1_M2_nested_selected,mikl_gse173098,increase,mikl_gene:shank1,2,0.5068493150684932,0.4162220744905699,0.58377792550943,-0.33963446449433154,0.0,0.0,0.0,0.0,-0.021584989785132406
M1_M2_nested_selected,mikl_gse173098,increase,mikl_gene:shank3,2,0.7944444444444445,0.44347618463484234,0.5565238153651577,0.24963131929222004,0.0,0.0,0.5,0.0,-0.09738015607580826
M1_M2_nested_selected,mikl_gse173098,increase,mikl_gene:slamf7,2,0.2272727272727273,0.6109062094897171,0.3890937905102829,-0.6192590383064829,0.0,0.5,0.5,0.0,0.2805194805194805
M1_M2_nested_selected,mikl_gse173098,increase,mikl_gene:slc13a5,2,0.7758620689655172,0.4897247780327201,0.5102752219672799,0.13143808656905448,0.0,0.0,0.0,0.0,-0.012235817575083428
M1_M2_nested_selected,mikl_gse173098,increase,mikl_gene:slc17a7,2,0.46875,0.6501855292263352,0.3498144707736648,-0.246205744533607,0.0,0.5,0.5,0.0,-0.1519607843137255
M1_M2_nested_selected,mikl_gse173098,increase,mikl_gene:slc17a9,2,0.2692307692307692,0.5515988257928521,0.44840117420714787,-0.5569557170651304,0.0,0.0,0.5,0.0,-0.07032967032967033
M1_M2_nested_selected,mikl_gse173098,increase,mikl_gene:slc22a15,2,0.6721311475409837,0.2830034992556318,0.7169965007443682,0.2871979302405934,0.5,0.5,0.5,0.0,0.04958323890106016
M1_M2_nested_selected,mikl_gse173098,increase,mikl_gene:slc23a1,2,0.4761904761904762,0.4552460907890038,0.5447539092109962,-0.17510562137863706,0.0,0.0,0.5,0.0,0.11123658949745906
M1_M2_nested_selected,mikl_gse173098,increase,mikl_gene:slc28a3,2,0.8833333333333333,0.15135943147036166,0.8486405685296383,0.15377915019357336,0.0,0.0,0.5,0.0,0.4082661290322581
M1_M2_nested_selected,mikl_gse173098,increase,mikl_gene:slc7a11,2,0.43103448275862066,0.6237626412953567,0.37623735870464325,-0.2821134062991758,0.0,0.0,0.0,0.0,-0.15701344243132673
M1_M2_nested_selected,mikl_gse173098,increase,mikl_gene:slfn8,2,0.5,0.44243174455829554,0.5575682554417045,-0.033845155704415264,0.0,0.5,0.5,0.0,0.0030959752321981573
M1_M2_nested_selected,mikl_gse173098,increase,mikl_gene:snap91,2,0.3021978021978022,0.38913386862591937,0.6108661313740806,-0.842636827771602,0.0,0.0,0.0,0.0,0.05074560966625933
M1_M2_nested_selected,mikl_gse173098,increase,mikl_gene:sparc,2,0.9166666666666666,0.13479107290116135,0.8652089270988386,0.8884840266653455,0.5,0.5,0.5,0.0,0.1456043956043956
M1_M2_nested_selected,mikl_gse173098,increase,mikl_gene:sptbn2,2,0.0,1.0,0.0,-0.5935432853440085,0.0,1.0,1.0,0.0,-0.24999999999999997
M1_M2_nested_selected,mikl_gse173098,increase,mikl_gene:srl,2,0.6842105263157895,0.4514843331217395,0.5485156668782605,0.2640071900146302,0.0,0.0,0.5,0.0,0.43533834586466164
M1_M2_nested_selected,mikl_gse173098,increase,mikl_gene:sspn,2,0.1774193548387097,0.4749304171999797,0.5250695828000203,-0.8749532703172085,0.0,0.0,0.5,0.0,3.574983528832967e-05
M1_M2_nested_selected,mikl_gse173098,increase,mikl_gene:st6gal1,2,0.5116279069767442,0.4917510593188212,0.5082489406811788,0.5519387672999069,0.5,0.5,0.5,0.5,-0.08294573643410852
M1_M2_nested_selected,mikl_gse173098,increase,mikl_gene:syt15,2,0.20967741935483875,0.674231552045635,0.32576844795436505,-0.5306973127092629,0.0,0.0,0.5,0.0,0.07239736070381231
M1_M2_nested_selected,mikl_gse173098,increase,mikl_gene:tagln,2,0.17647058823529416,0.5565333124564755,0.4434666875435244,-0.4734203121973486,0.0,0.0,0.0,0.0,-0.08565531475748195
M1_M2_nested_selected,mikl_gse173098,increase,mikl_gene:tbcel,2,0.4676470588235294,0.5565364430610205,0.44346355693897954,-0.16373840286268337,0.0,0.0,0.0,0.0,0.08562051503587971
M1_M2_nested_selected,mikl_gse173098,increase,mikl_gene:tcte1,2,0.675,0.3026278552026068,0.6973721447973932,-0.014708396438043149,0.0,0.0,0.5,0.0,-0.04610389610389609
M1_M2_nested_selected,mikl_gse173098,increase,mikl_gene:tfap2b,2,0.5444444444444445,0.7099583847905582,0.2900416152094419,-0.1389078172706581,0.0,0.0,0.0,0.0,-0.05852605612087573
M1_M2_nested_selected,mikl_gse173098,increase,mikl_gene:tfg,2,0.5,0.5310917826487668,0.4689082173512332,-0.02521221124730655,0.0,0.0,0.5,0.0,-0.2788724685276409
M1_M2_nested_selected,mikl_gse173098,increase,mikl_gene:thbd,2,0.625,0.2975554618097944,0.7024445381902056,-0.35151702846141286,0.5,0.5,0.5,0.5,0.3956043956043956
M1_M2_nested_selected,mikl_gse173098,increase,mikl_gene:tirap,2,0.3548387096774193,0.5468632847069057,0.45313671529309424,-0.18133958292490554,0.0,0.0,0.0,0.0,0.21847507331378296
M1_M2_nested_selected,mikl_gse173098,increase,mikl_gene:tmem242,2,0.85,0.14685287706270678,0.8531471229372932,0.3815245400842145,0.5,0.5,0.5,0.5,0.10000000000000003
M1_M2_nested_selected,mikl_gse173098,increase,mikl_gene:tnfrsf19,2,0.9791666666666667,0.11092516546511817,0.8890748345348818,1.7094576599066396,0.5,1.0,1.0,0.5,0.24715241452820186
M1_M2_nested_selected,mikl_gse173098,increase,mikl_gene:tor4a,2,0.4444444444444445,0.5576042236209097,0.4423957763790903,-0.36108926153653703,0.0,0.5,0.5,0.0,-0.04848484848484848
M1_M2_nested_selected,mikl_gse173098,increase,mikl_gene:tpmt,2,0.07142857142857145,0.8331405642856603,0.1668594357143397,-0.585631797160766,0.0,0.5,1.0,0.0,-0.7023809523809526
M1_M2_nested_selected,mikl_gse173098,increase,mikl_gene:tpt1,2,0.05555555555555558,0.7272583648045958,0.27274163519540423,-0.9066348943183353,0.0,1.0,1.0,0.0,0.2002490665786269
M1_M2_nested_selected,mikl_gse173098,increase,mikl_gene:trim56,2,0.06701030927835055,0.6701817521104169,0.32981824788958314,-1.0602515115496445,0.0,0.0,0.0,0.0,0.023583181630189097
M1_M2_nested_selected,mikl_gse173098,increase,mikl_gene:trp63,2,0.4626865671641791,0.40226550718071274,0.5977344928192873,-0.3088019289974664,0.0,0.0,0.5,0.0,0.14760342892238365
M1_M2_nested_selected,mikl_gse173098,increase,mikl_gene:tulp1,2,0.0,1.0,0.0,-0.563374003839012,0.0,1.0,1.0,0.0,-0.15757575757575754
M1_M2_nested_selected,mikl_gse173098,increase,mikl_gene:tusc3,2,0.7407407407407407,0.3404847550315629,0.6595152449684372,-0.03597829808163755,0.0,0.0,0.5,0.0,0.010125889436234263
M1_M2_nested_selected,mikl_gse173098,increase,mikl_gene:ube2m,2,0.2,0.7473940794155842,0.25260592058441583,-0.4311278518777875,0.0,0.5,0.5,0.0,-0.15909090909090912
M1_M2_nested_selected,mikl_gse173098,increase,mikl_gene:unc5c,2,0.894808743169399,0.21853766241025135,0.7814623375897487,0.8445316379771242,0.0,0.0,0.0,0.0,0.014600630940488676
M1_M2_nested_selected,mikl_gse173098,increase,mikl_gene:uqcrq,2,0.6875,0.29228946990312576,0.7077105300968742,0.17582960721561208,0.5,0.5,0.5,0.5,0.06666666666666667
M1_M2_nested_selected,mikl_gse173098,increase,mikl_gene:vangl1,2,0.14423076923076922,0.6534548587416478,0.3465451412583523,-0.9509624704981602,0.0,0.0,0.0,0.0,-0.026245766811804544
M1_M2_nested_selected,mikl_gse173098,increase,mikl_gene:vapb,2,0.6000000000000001,0.3564004142548315,0.6435995857451685,0.005237261185686451,0.0,0.0,0.0,0.0,0.1258771265666817
M1_M2_nested_selected,mikl_gse173098,increase,mikl_gene:vav3,2,0.4,0.7269281313126311,0.2730718686873689,-0.4898639247696006,0.0,0.0,0.5,0.0,-0.4571428571428572
M1_M2_nested_selected,mikl_gse173098,increase,mikl_gene:vma21,2,0.37982832618025747,0.6342770797885648,0.36572292021143515,-0.7212440504488575,0.0,0.0,0.0,0.0,0.026607025835882352
M1_M2_nested_selected,mikl_gse173098,increase,mikl_gene:wdr31,2,0.8928571428571428,0.06217305889432163,0.9378269411056783,0.30550099466612957,0.5,0.5,0.5,0.5,0.20892857142857135
M1_M2_nested_selected,mikl_gse173098,increase,mikl_gene:zbtb20,2,0.9209770114942528,0.3468169196444517,0.6531830803555483,0.9472624111595118,0.0,0.0,0.0,0.0,0.04583814525458926
M1_M2_nested_selected,mikl_gse173098,increase,mikl_gene:zfhx3,2,0.446078431372549,0.5823781768040379,0.417621823195962,-0.3004538456489204,0.0,0.0,0.5,0.0,0.0661819619558055
M1_M2_nested_selected,mikl_gse173098,increase,mikl_gene:zscan20,2,0.5833333333333333,0.518854915971162,0.48114508402883804,-0.09018900568601655,0.0,0.0,0.5,0.0,0.10842645726366656
M1_M2_nested_selected,moffatt_gse334718,decrease,moffatt_parent_sequence:139c4882daa7dfbf012c1a463d21076843e8e7d35ee52912c4dc135d78c1bdef,7,0.7010705191591207,0.24468314068187427,0.7553168593181258,0.5296613844440846,0.2857142857142857,0.2857142857142857,0.2857142857142857,0.14285714285714285,0.3430217016098242
M1_M2_nested_selected,moffatt_gse334718,decrease,moffatt_parent_sequence:36e73539d1acd4413e3e1072562098393ce68280e289b4e966e985a09a34ac5f,7,0.8868679951781343,0.1842417462294685,0.8157582537705315,0.6622636465311247,0.0,0.14285714285714285,0.42857142857142855,0.0,0.4543954864756614
M1_M2_nested_selected,moffatt_gse334718,decrease,moffatt_parent_sequence:45ec1d64039db0d8b56d704e14c7a76e3729d447f8dc0b19cf0e854517e5ed8d,10,0.8681180304720695,0.15177672294542413,0.8482232770545759,0.48498440316833225,0.4,0.6,0.6,0.0,0.40859546677761555
M1_M2_nested_selected,moffatt_gse334718,decrease,moffatt_parent_sequence:572aefff72c0c5ebef579dab97cd510a0daaf1f661477a6c0c7da11ea8b145ee,9,0.6633230040889645,0.2875869049720213,0.7124130950279787,0.47434492159991987,0.0,0.2222222222222222,0.3333333333333333,0.0,0.3081189232490282
M1_M2_nested_selected,moffatt_gse334718,decrease,moffatt_parent_sequence:71717d67de00792da52084974f2481e99d5aee74258ae7426800cc5b7aa44393,7,0.6712505847266856,0.2722879270250629,0.727712072974937,0.6422756991138664,0.14285714285714285,0.14285714285714285,0.14285714285714285,0.0,0.2725779573526585
M1_M2_nested_selected,moffatt_gse334718,decrease,moffatt_parent_sequence:71b017fc3704c0a72626c909e1055d0dec5dc20d0b9a0142f93d196c4ea6c651,1,0.9966044142614601,0.009620985014153776,0.9903790149858462,0.865438539139819,1.0,1.0,1.0,0.0,0.3514483240959943
M1_M2_nested_selected,moffatt_gse334718,decrease,moffatt_parent_sequence:a99e16ae7c3711f8ed155495b69998e0a7ca017d377e53a2aaaa28b9fe672e89,9,0.8714709474596706,0.16638025608479054,0.8336197439152094,0.7001527570093883,0.3333333333333333,0.5555555555555556,0.5555555555555556,0.0,0.451872563036743
M1_M2_nested_selected,moffatt_gse334718,decrease,moffatt_parent_sequence:ebeaf12933f759f1472b6be1caeb911d7e9c703616cc2179a4826077ebc2145a,1,0.25,0.28122058589288323,0.7187794141071168,0.683056769045539,0.0,0.0,0.0,0.0,0.024732620320855617
M1_M2_nested_selected,moffatt_gse334718,increase,moffatt_parent_sequence:139c4882daa7dfbf012c1a463d21076843e8e7d35ee52912c4dc135d78c1bdef,7,0.6725661303324527,0.44615939515007497,0.553840604849925,0.6864891953803536,0.0,0.0,0.0,0.0,0.3430217016098242
M1_M2_nested_selected,moffatt_gse334718,increase,moffatt_parent_sequence:36e73539d1acd4413e3e1072562098393ce68280e289b4e966e985a09a34ac5f,7,0.6396166256965164,0.5235692739765436,0.47643072602345643,0.8773206249378627,0.0,0.0,0.0,0.0,0.4543954864756614
M1_M2_nested_selected,moffatt_gse334718,increase,moffatt_parent_sequence:45ec1d64039db0d8b56d704e14c7a76e3729d447f8dc0b19cf0e854517e5ed8d,10,0.6725006356678369,0.4727957190969316,0.5272042809030684,1.7370963380196163,0.0,0.0,0.0,0.0,0.40859546677761555
M1_M2_nested_selected,moffatt_gse334718,increase,moffatt_parent_sequence:572aefff72c0c5ebef579dab97cd510a0daaf1f661477a6c0c7da11ea8b145ee,9,0.6810968476899377,0.5205082715460627,0.4794917284539373,0.5186609770186705,0.0,0.0,0.0,0.0,0.3081189232490282
M1_M2_nested_selected,moffatt_gse334718,increase,moffatt_parent_sequence:71717d67de00792da52084974f2481e99d5aee74258ae7426800cc5b7aa44393,7,0.5588003916385572,0.6243678389356617,0.37563216106433833,-0.06558249581950538,0.0,0.14285714285714285,0.14285714285714285,0.0,0.2725779573526585
M1_M2_nested_selected,moffatt_gse334718,increase,moffatt_parent_sequence:71b017fc3704c0a72626c909e1055d0dec5dc20d0b9a0142f93d196c4ea6c651,1,0.2597623089983022,0.4842368871756416,0.5157631128243584,1.14410992388176,0.0,0.0,0.0,0.0,0.3514483240959943
M1_M2_nested_selected,moffatt_gse334718,increase,moffatt_parent_sequence:a99e16ae7c3711f8ed155495b69998e0a7ca017d377e53a2aaaa28b9fe672e89,9,0.628423225865281,0.4486392944041444,0.5513607055958556,1.3400881229945065,0.0,0.1111111111111111,0.1111111111111111,0.0,0.451872563036743
M1_M2_nested_selected,moffatt_gse334718,increase,moffatt_parent_sequence:ebeaf12933f759f1472b6be1caeb911d7e9c703616cc2179a4826077ebc2145a,1,0.15625,0.8356362680872341,0.16436373191276588,-1.00189812378526,0.0,0.0,0.0,0.0,0.024732620320855617
M1_M2_nested_selected,tdp43_gse288185,decrease,tdp_gene:ENSMUSG00000004113,1,1.0,0.0,1.0,1.41155403959766,1.0,1.0,1.0,1.0,0.30497492357764117
M1_M2_nested_selected,tdp43_gse288185,decrease,tdp_gene:ENSMUSG00000022095,1,0.8489795918367347,0.45413233048461404,0.5458676695153859,2.13038622854065,0.0,0.0,0.0,0.0,0.7285559113543708
M1_M2_nested_selected,tdp43_gse288185,decrease,tdp_gene:ENSMUSG00000028439,1,0.9240506329113924,0.5250506673649492,0.4749493326350508,0.902633668074087,0.0,0.0,0.0,0.0,0.5095435850337419
M1_M2_nested_selected,tdp43_gse288185,decrease,tdp_gene:ENSMUSG00000029028,1,0.8092485549132948,0.33701759417908916,0.6629824058209108,1.94568277501313,0.0,0.0,0.0,0.0,0.8192727583359435
M1_M2_nested_selected,tdp43_gse288185,decrease,tdp_gene:ENSMUSG00000029636,1,0.762962962962963,0.48735673793972156,0.5126432620602784,0.0639238954895721,0.0,0.0,0.0,0.0,-0.008241685358030052
M1_M2_nested_selected,tdp43_gse288185,decrease,tdp_gene:ENSMUSG00000031028,1,0.8997912317327766,0.3985606785545422,0.6014393214454579,0.136499575951814,0.0,0.0,0.0,0.0,0.17912534342596972
M1_M2_nested_selected,tdp43_gse288185,decrease,tdp_gene:ENSMUSG00000032194,1,0.9554455445544554,0.15286432217342077,0.8471356778265793,1.00903396859249,0.0,1.0,1.0,0.0,0.5290531371305778
M1_M2_nested_selected,tdp43_gse288185,decrease,tdp_gene:ENSMUSG00000034801,1,0.30612244897959184,0.62172032827878,0.37827967172122,-0.0840139304904089,0.0,0.0,0.0,0.0,-0.04535559678416821
M1_M2_nested_selected,tdp43_gse288185,decrease,tdp_gene:ENSMUSG00000035202,1,0.30952380952380953,0.5827103777755701,0.4172896222244299,-0.0440339818390938,0.0,0.0,0.0,0.0,0.08288059409810436
M1_M2_nested_selected,tdp43_gse288185,decrease,tdp_gene:ENSMUSG00000035279,1,0.15094339622641506,0.6731244267095428,0.32687557329045724,-0.132984218433646,0.0,0.0,0.0,0.0,-0.17286068229464452
M1_M2_nested_selected,tdp43_gse288185,decrease,tdp_gene:ENSMUSG00000038916,1,0.4,0.2606299957939512,0.7393700042060488,0.109337592466143,0.0,1.0,1.0,0.0,0.4285714285714286
M1_M2_nested_selected,tdp43_gse288185,decrease,tdp_gene:ENSMUSG00000042529,1,0.718562874251497,0.6500317535796508,0.3499682464203492,0.0939893410744534,0.0,0.0,0.0,0.0,0.3035867497414553
M1_M2_nested_selected,tdp43_gse288185,decrease,tdp_gene:ENSMUSG00000043670,1,0.9566787003610109,0.07660499377505624,0.9233950062249437,4.15524713300181,1.0,1.0,1.0,0.0,0.6091280696183706
M1_M2_nested_selected,tdp43_gse288185,decrease,tdp_gene:ENSMUSG00000058297,1,0.8389610389610389,0.7572373323395613,0.24276266766043875,0.411111003699382,0.0,0.0,0.0,0.0,0.5556036845830797
M1_M2_nested_selected,tdp43_gse288185,decrease,tdp_gene:ENSMUSG00000061578,1,0.7611181702668361,0.6603795760675033,0.3396204239324967,0.0896077706204482,0.0,0.0,0.0,0.0,0.09470417317050876
M1_M2_nested_selected,tdp43_gse288185,decrease,tdp_gene:ENSMUSG00000090935,1,0.148989898989899,0.6668123830135634,0.3331876169864366,-0.0974676603780937,0.0,0.0,0.0,0.0,0.019303064440590864
M1_M2_nested_selected,tdp43_gse288185,increase,tdp_gene:ENSMUSG00000004113,1,0.11659192825112108,0.4075609520211129,0.592439047978887,-0.259268580101342,0.0,0.0,0.0,0.0,0.30497492357764117
M1_M2_nested_selected,tdp43_gse288185,increase,tdp_gene:ENSMUSG00000022095,1,0.43265306122448977,0.10650975337492741,0.8934902466250726,-0.152054749413607,0.0,1.0,1.0,0.0,0.7285559113543708
M1_M2_nested_selected,tdp43_gse288185,increase,tdp_gene:ENSMUSG00000028439,1,0.7088607594936709,0.3745459117638978,0.6254540882361022,0.0329966909965586,0.0,0.0,0.0,0.0,0.5095435850337419
M1_M2_nested_selected,tdp43_gse288185,increase,tdp_gene:ENSMUSG00000029028,1,0.8439306358381503,0.06704314234350493,0.932956857656495,0.0308955981560609,1.0,1.0,1.0,0.0,0.8192727583359435
M1_M2_nested_selected,tdp43_gse288185,increase,tdp_gene:ENSMUSG00000029636,1,0.2518518518518519,0.5095948286385539,0.4904051713614461,-0.0616589609675193,0.0,0.0,0.0,0.0,-0.008241685358030052
M1_M2_nested_selected,tdp43_gse288185,increase,tdp_gene:ENSMUSG00000031028,1,0.5720250521920668,0.4323520399304878,0.5676479600695121,0.0097777657082176,0.0,0.0,0.0,0.0,0.17912534342596972
M1_M2_nested_selected,tdp43_gse288185,increase,tdp_gene:ENSMUSG00000032194,1,0.6138613861386139,0.22023573879755387,0.7797642612024461,-0.012372989675149,0.0,0.0,0.0,0.0,0.5290531371305778
M1_M2_nested_selected,tdp43_gse288185,increase,tdp_gene:ENSMUSG00000034801,1,0.8163265306122449,0.32920092024620307,0.6707990797537969,0.113345518231674,0.0,0.0,0.0,0.0,-0.04535559678416821
M1_M2_nested_selected,tdp43_gse288185,increase,tdp_gene:ENSMUSG00000035202,1,0.5357142857142857,0.4967095320932047,0.5032904679067953,-0.002535221465802,0.0,0.0,0.0,0.0,0.08288059409810436
M1_M2_nested_selected,tdp43_gse288185,increase,tdp_gene:ENSMUSG00000035279,1,0.6981132075471699,0.4658403343125748,0.5341596656874252,0.0698216254947045,0.0,0.0,0.0,0.0,-0.17286068229464452
M1_M2_nested_selected,tdp43_gse288185,increase,tdp_gene:ENSMUSG00000038916,1,0.8,0.3514876106830882,0.6485123893169118,0.0874660445159816,0.0,1.0,1.0,0.0,0.4285714285714286
M1_M2_nested_selected,tdp43_gse288185,increase,tdp_gene:ENSMUSG00000042529,1,0.6736526946107784,0.31016623134885174,0.6898337686511482,0.0349472944469658,0.0,0.0,0.0,0.0,0.3035867497414553
M1_M2_nested_selected,tdp43_gse288185,increase,tdp_gene:ENSMUSG00000043670,1,0.4368231046931408,0.09379579025201716,0.9062042097479829,-0.0713158459640043,1.0,1.0,1.0,0.0,0.6091280696183706
M1_M2_nested_selected,tdp43_gse288185,increase,tdp_gene:ENSMUSG00000058297,1,0.5532467532467533,0.13896149951233,0.8610385004876699,-0.0274456093501383,0.0,0.0,0.0,0.0,0.5556036845830797
M1_M2_nested_selected,tdp43_gse288185,increase,tdp_gene:ENSMUSG00000061578,1,0.28081321473951715,0.32859854340829886,0.6714014565917011,-0.0697255107406104,0.0,0.0,0.0,0.0,0.09470417317050876
M1_M2_nested_selected,tdp43_gse288185,increase,tdp_gene:ENSMUSG00000090935,1,0.6742424242424243,0.3840207579611943,0.6159792420388057,0.0407719693333195,0.0,0.0,0.0,0.0,0.019303064440590864
M2,mikl_gse173098,decrease,mikl_gene:2810459m11rik,2,0.8461538461538461,0.18936310924569547,0.8106368907543046,0.7589234519838777,0.5,0.5,0.5,0.5,0.2402319902319902
M2,mikl_gse173098,decrease,mikl_gene:9130008f23rik,2,0.5,0.4541749929075364,0.5458250070924636,0.23496433596172445,0.0,0.5,0.5,0.0,-0.2714138286893705
M2,mikl_gse173098,decrease,mikl_gene:a630089n07rik,2,0.3863636363636364,0.8071740133056788,0.19282598669432116,0.12954943017828915,0.0,0.0,0.0,0.0,0.001482213438735197
M2,mikl_gse173098,decrease,mikl_gene:abhd17a,2,0.25,0.5368377494184587,0.4631622505815413,0.3992284582052893,0.0,0.5,1.0,0.0,-0.39999999999999997
M2,mikl_gse173098,decrease,mikl_gene:abi1,2,0.47637795275590555,0.5478870027119659,0.4521129972880341,0.0013241423329009017,0.0,0.0,0.0,0.0,0.067345534451083
M2,mikl_gse173098,decrease,mikl_gene:acnat2,2,0.5,0.5870455613342428,0.41295443866575726,0.07740365656258885,0.0,1.0,1.0,0.0,0.39999999999999997
M2,mikl_gse173098,decrease,mikl_gene:aco2,2,0.625,0.32472292364034233,0.6752770763596576,-0.050957955545752553,0.5,0.5,0.5,0.5,0.04166666666666663
M2,mikl_gse173098,decrease,mikl_gene:actb,2,0.75,0.08537306180186661,0.9146269381981333,0.17933742672950587,0.5,1.0,1.0,0.5,0.65
M2,mikl_gse173098,decrease,mikl_gene:adamts18,2,0.24074074074074076,0.5115480003034779,0.48845199969652203,-0.14721693680365916,0.0,0.0,0.5,0.0,0.11767394782381559
M2,mikl_gse173098,decrease,mikl_gene:adap2,2,0.75,0.2150761179198268,0.7849238820801732,1.5734082136515304,0.5,0.5,0.5,0.5,0.26666666666666666
M2,mikl_gse173098,decrease,mikl_gene:agtrap,2,0.14393939393939392,0.6580036937775894,0.3419963062224106,-0.5057996706214487,0.0,0.0,0.0,0.0,0.005347593582887703
M2,mikl_gse173098,decrease,mikl_gene:ankef1,2,0.7884615384615384,0.2938631841996344,0.7061368158003656,0.5506454124927727,0.0,0.0,0.5,0.0,0.15415140415140413
M2,mikl_gse173098,decrease,mikl_gene:aqp4,2,0.3970588235294118,0.7009688447852982,0.29903115521470175,-0.010642398501003819,0.0,0.0,0.0,0.0,-0.04733893557422969
M2,mikl_gse173098,decrease,mikl_gene:arc,2,0.6799999999999999,0.8380804564579085,0.16191954354209154,0.3362199895517889,0.0,0.0,0.0,0.0,0.19452991452991453
M2,mikl_gse173098,decrease,mikl_gene:arhgap31,2,0.2666666666666667,0.6313570544522331,0.36864294554776683,-0.048025314629077095,0.0,0.0,0.5,0.0,-0.0661764705882353
M2,mikl_gse173098,decrease,mikl_gene:arid2,2,0.3322784810126582,0.6166356631585467,0.3833643368414533,-0.2467225285430345,0.0,0.0,0.0,0.0,-0.11847128745823798
M2,mikl_gse173098,decrease,mikl_gene:arpc1b,2,0.8369565217391305,0.3407908553657598,0.6592091446342402,0.5758675901991149,0.0,0.0,0.0,0.0,0.2705827937095282
M2,mikl_gse173098,decrease,mikl_gene:atp5j2,2,0.7,0.22488967147227923,0.7751103285277208,0.5277947619606449,0.0,0.0,1.0,0.0,-0.20000000000000004
M2,mikl_gse173098,decrease,mikl_gene:bdnf,2,0.5643564356435643,0.5081674353610501,0.4918325646389499,0.30210125190935,0.0,0.0,0.0,0.0,0.07849047907834877
M2,mikl_gse173098,decrease,mikl_gene:brsk1,2,0.6428571428571428,0.6291642198723039,0.37083578012769614,0.27818032918730706,0.0,0.0,0.0,0.0,-0.40203274985883686
M2,mikl_gse173098,decrease,mikl_gene:c130026i21rik,2,0.2,0.6799808375092897,0.3200191624907103,-0.13884339410259128,0.0,0.5,0.5,0.0,-0.09090909090909091
M2,mikl_gse173098,decrease,mikl_gene:calm1,2,0.3555555555555555,0.49794243738330507,0.502057562616695,-0.28055361864124945,0.0,0.0,0.5,0.0,0.15405488744989207
M2,mikl_gse173098,decrease,mikl_gene:camk2a,2,0.5431654676258992,0.5512517108604437,0.4487482891395563,0.29641746240554706,0.0,0.0,0.0,0.0,0.10447617589818724
M2,mikl_gse173098,decrease,mikl_gene:ccdc141,2,0.34,0.6588752437528282,0.3411247562471718,-0.16973857595597996,0.0,0.0,0.0,0.0,-0.0034188034188034067
M2,mikl_gse173098,decrease,mikl_gene:ccnd1,2,0.7416666666666667,0.49030314084313287,0.5096968591568671,0.3966692587926194,0.0,0.0,0.0,0.0,0.15546092995983252
M2,mikl_gse173098,decrease,mikl_gene:ccnd2,2,0.5904761904761905,0.43493144771496567,0.5650685522850343,0.3306010086042299,0.0,0.5,0.5,0.0,0.07728834566108451
M2,mikl_gse173098,decrease,mikl_gene:ccni,2,0.8888888888888888,0.34650910799477685,0.6534908920052231,1.8362670075571361,0.5,0.5,0.5,0.5,0.18787878787878784
M2,mikl_gse173098,decrease,mikl_gene:cd84,2,0.5816326530612246,0.38370571565963363,0.6162942843403664,0.23630359753221486,0.0,0.0,0.0,0.0,0.17584633853541415
M2,mikl_gse173098,decrease,mikl_gene:cdc42,2,0.5596026490066225,0.5848241943781853,0.4151758056218147,0.23016266288832843,0.0,0.0,0.0,0.0,-0.05371657606210849
M2,mikl_gse173098,decrease,mikl_gene:cdk15,2,0.4545454545454546,0.5499432359216199,0.4500567640783801,0.13226096713874508,0.0,0.5,0.5,0.0,0.27972027972027974
M2,mikl_gse173098,decrease,mikl_gene:chmp3,2,0.3545454545454546,0.6333019232036856,0.3666980767963144,-0.039956221571980505,0.0,0.0,0.0,0.0,-0.001982169311349508
M2,mikl_gse173098,decrease,mikl_gene:chrdl1,2,0.3673469387755102,0.623916321563882,0.376083678436118,-0.5032818320030821,0.0,0.0,0.0,0.0,0.14905162064825928
M2,mikl_gse173098,decrease,mikl_gene:cnot6l,2,0.8007575757575758,0.4924058736034146,0.5075941263965854,0.9198189861877875,0.0,0.0,0.0,0.0,0.012846281721402349
M2,mikl_gse173098,decrease,mikl_gene:cntn2,2,0.594017094017094,0.46559547972912557,0.5344045202708745,0.30801432108443244,0.0,0.0,0.0,0.0,0.16888528553533538
M2,mikl_gse173098,decrease,mikl_gene:col1a1,2,0.43749999999999994,0.5181953390893729,0.4818046609106271,0.16256920480916154,0.0,0.0,0.0,0.0,0.04538461538461537
M2,mikl_gse173098,decrease,mikl_gene:col27a1,2,0.6682692307692308,0.3830430286397602,0.6169569713602399,0.36099619900394697,0.0,0.0,0.5,0.0,0.003141206565443283
M2,mikl_gse173098,decrease,mikl_gene:col8a1,2,0.0625,0.9085689836932791,0.09143101630672085,-1.7653174566145764,0.0,0.0,0.0,0.0,-0.4
M2,mikl_gse173098,decrease,mikl_gene:colec12,2,0.763157894736842,0.5340935563605161,0.46590644363948386,0.6712484866942514,0.0,0.0,0.0,0.0,0.036571588148843474
M2,mikl_gse173098,decrease,mikl_gene:cox8a,2,0.55,0.3981967471929533,0.6018032528070467,0.14867339410103592,0.0,0.0,1.0,0.0,0.24545454545454548
M2,mikl_gse173098,decrease,mikl_gene:cplx2,2,0.6280487804878049,0.5466338798903777,0.4533661201096223,0.28515459170773083,0.0,0.0,0.0,0.0,0.02516686956886781
M2,mikl_gse173098,decrease,mikl_gene:ctdspl2,2,0.7,0.31446856049657695,0.6855314395034231,1.3068586061947145,0.5,1.0,1.0,0.5,0.30909090909090914
M2,mikl_gse173098,decrease,mikl_gene:cyp26b1,2,0.3656716417910448,0.7263968543757335,0.27360314562426646,-0.0359968048961635,0.0,0.0,0.0,0.0,0.11232202160552734
M2,mikl_gse173098,decrease,mikl_gene:dcdc2a,2,0.5,0.4750811774799494,0.5249188225200505,0.13315989925751665,0.0,0.0,0.0,0.0,-0.1420216853069239
M2,mikl_gse173098,decrease,mikl_gene:ddx58,2,0.6111111111111112,0.26969049322065325,0.7303095067793468,0.10282230199760345,0.0,0.5,0.5,0.0,0.2545454545454545
M2,mikl_gse173098,decrease,mikl_gene:disp2,2,0.0641025641025641,0.8444739346363704,0.15552606536362956,-0.409066613097942,0.0,0.0,0.0,0.0,-0.11068646543330089
M2,mikl_gse173098,decrease,mikl_gene:dlg4,2,0.2986284289276808,0.7107652984752215,0.28923470152477854,-0.7568749576513113,0.0,0.0,0.0,0.0,0.08423789963308631
M2,mikl_gse173098,decrease,mikl_gene:dock8,2,0.6153846153846154,0.6265070481012173,0.37349295189878273,0.2595730671936375,0.0,0.5,0.5,0.0,0.27032967032967037
M2,mikl_gse173098,decrease,mikl_gene:dtx3l,2,0.5405405405405406,0.636984441974551,0.363015558025449,0.17265924932760784,0.0,0.5,0.5,0.0,0.0007659481343691857
M2,mikl_gse173098,decrease,mikl_gene:dusp18,2,0.5104166666666666,0.597782749611939,0.40221725038806105,0.24702181737295853,0.0,0.0,0.5,0.0,0.050765306122448964
M2,mikl_gse173098,decrease,mikl_gene:ebf1,2,0.8444444444444444,0.44025625340837526,0.5597437465916247,0.9699430876880155,0.0,0.5,0.5,0.0,0.1215541165587419
M2,mikl_gse173098,decrease,mikl_gene:eef2,2,0.3333333333333333,0.7821232724256377,0.21787672757436222,-0.062379900298904306,0.0,0.5,0.5,0.0,-0.0892857142857143
M2,mikl_gse173098,decrease,mikl_gene:egf,2,0.9891304347826086,0.15414813092917723,0.8458518690708228,1.555778905180003,0.5,0.5,0.5,0.5,0.07793709528214617
M2,mikl_gse173098,decrease,mikl_gene:eif3f,2,0.6,0.27477282232320016,0.7252271776767998,0.8237806412850177,0.5,0.5,0.5,0.5,-0.053246753246753264
M2,mikl_gse173098,decrease,mikl_gene:ern1,2,0.6428571428571429,0.3816983301601645,0.6183016698398354,0.4760504855517573,0.0,0.0,0.0,0.0,-0.09257022047719722
M2,mikl_gse173098,decrease,mikl_gene:esr1,2,0.6206896551724138,0.27864169930822547,0.7213583006917745,0.5498045429799541,0.0,0.0,0.0,0.0,-0.030700778642936594
M2,mikl_gse173098,decrease,mikl_gene:exo1,2,0.860759493670886,0.44515102950003377,0.5548489704999662,1.1391185917329092,0.0,0.0,0.0,0.0,0.06882363092896888
M2,mikl_gse173098,decrease,mikl_gene:fgf13,2,0.4444444444444444,0.5095165540355822,0.4904834459644179,-0.0007474780161799491,0.0,0.5,0.5,0.0,-0.41212121212121205
M2,mikl_gse173098,decrease,mikl_gene:fgf3,2,0.4444444444444445,0.5052574535038702,0.4947425464961298,0.14117070748311056,0.0,0.0,0.0,0.0,0.16174055829228243
M2,mikl_gse173098,decrease,mikl_gene:foxp2,2,0.5901639344262295,0.45357210278306614,0.5464278972169339,0.2104591368835405,0.0,0.0,0.0,0.0,0.15455476825617925
M2,mikl_gse173098,decrease,mikl_gene:gabra4,2,0.6875,0.33547217155908754,0.6645278284409124,0.761045642992465,0.5,0.5,0.5,0.0,0.1875
M2,mikl_gse173098,decrease,mikl_gene:gbp7,2,0.411764705882353,0.4854945809702489,0.5145054190297511,-0.08225046910417591,0.0,0.0,0.0,0.0,0.045931870571160244
M2,mikl_gse173098,decrease,mikl_gene:gli3,2,0.25,0.7332389672170907,0.26676103278290936,-0.24869995508731504,0.0,0.5,1.0,0.0,-0.05701754385964912
M2,mikl_gse173098,decrease,mikl_gene:gpc6,2,0.6666666666666667,0.45832001323517124,0.5416799867648288,0.34986882868479596,0.0,0.0,0.0,0.0,0.17582417582417587
M2,mikl_gse173098,decrease,mikl_gene:gpr17,2,0.3,0.8045288781164575,0.19547112188354254,-0.9827999659778425,0.0,0.0,0.0,0.0,0.025997425997426
M2,mikl_gse173098,decrease,mikl_gene:gpr35,2,0.16666666666666663,0.7894428547177421,0.21055714528225783,-0.2335161931510189,0.0,0.5,0.5,0.0,0.05263157894736842
M2,mikl_gse173098,decrease,mikl_gene:grin1,2,0.7333333333333334,0.29885879580834396,0.701141204191656,0.2869105374647745,0.0,0.5,0.5,0.0,-0.03088235294117648
M2,mikl_gse173098,decrease,mikl_gene:gstm1,2,0.375,0.5755882679961979,0.42441173200380217,0.19603644475577425,0.0,1.0,1.0,0.0,0.44999999999999996
M2,mikl_gse173098,decrease,mikl_gene:hic2,2,0.19387755102040816,0.5023318078734936,0.49766819212650637,-0.34510628855452485,0.0,0.0,0.0,0.0,0.04600494743351886
M2,mikl_gse173098,decrease,mikl_gene:hpcal4,2,0.2441860465116279,0.39249315409384355,0.6075068459061564,-0.41536656532872557,0.0,0.0,0.5,0.0,-0.0847083302090391
M2,mikl_gse173098,decrease,mikl_gene:ids,2,0.6521739130434783,0.5179869623119367,0.4820130376880633,0.4308747438665036,0.0,0.0,0.0,0.0,0.053478260869565225
M2,mikl_gse173098,decrease,mikl_gene:invs,2,0.575,0.7180165453012568,0.2819834546987432,0.11128078595386194,0.0,0.0,0.5,0.0,0.13771777003484323
M2,mikl_gse173098,decrease,mikl_gene:itga1,2,0.484375,0.4818175371667215,0.5181824628332785,0.1336010554452535,0.0,1.0,1.0,0.0,0.21590909090909094
M2,mikl_gse173098,decrease,mikl_gene:itga4,2,0.55,0.7027573464861716,0.29724265351382834,0.1421062011944339,0.0,0.0,0.0,0.0,-0.11193379790940769
M2,mikl_gse173098,decrease,mikl_gene:itpr2,2,0.8095238095238095,0.2971699669031649,0.7028300330968351,0.7732102653332629,0.0,0.0,0.0,0.0,0.054922161172161164
M2,mikl_gse173098,decrease,mikl_gene:jund,2,0.5416666666666666,0.4759594756340786,0.5240405243659214,0.12115048430095744,0.5,1.0,1.0,0.0,-0.0467032967032967
M2,mikl_gse173098,decrease,mikl_gene:kcna6,2,0.36486486486486486,0.5787945804408525,0.4212054195591474,-0.1550892485420061,0.0,0.0,0.0,0.0,0.02854907539118065
M2,mikl_gse173098,decrease,mikl_gene:kcng3,2,0.5625,0.40540543285437863,0.5945945671456214,0.5730208434122918,0.5,1.0,1.0,0.5,0.08333333333333331
M2,mikl_gse173098,decrease,mikl_gene:kcnq5,2,0.5,0.7210400390502829,0.2789599609497171,0.19958411410780652,0.0,0.0,0.0,0.0,-0.13655761024182075
M2,mikl_gse173098,decrease,mikl_gene:kctd4,2,0.5,0.4063446687535091,0.593655331246491,-0.07463269867064501,0.0,0.0,0.0,0.0,0.008791208791208795
M2,mikl_gse173098,decrease,mikl_gene:kif1a,2,0.21999999999999997,0.7149603466511221,0.2850396533488779,-0.156799749841267,0.0,0.0,0.0,0.0,0.023665158371040725
M2,mikl_gse173098,decrease,mikl_gene:kif5c,2,0.5333333333333333,0.1948155293265564,0.8051844706734436,0.14388624954662596,0.0,0.5,1.0,0.0,0.09778225806451614
M2,mikl_gse173098,decrease,mikl_gene:liph,2,0.7246376811594203,0.17937678718461048,0.8206232128153895,0.6573018430328379,0.5,0.5,0.5,0.0,0.10345551570291313
M2,mikl_gse173098,decrease,mikl_gene:lypd1,2,0.704225352112676,0.4349072527190653,0.5650927472809347,0.4261689922031508,0.0,0.0,0.0,0.0,0.11943790145975264
M2,mikl_gse173098,decrease,mikl_gene:magi2,2,0.6705882352941176,0.5115657692989515,0.4884342307010485,0.43173556682813186,0.0,0.0,0.0,0.0,0.11709104006518165
M2,mikl_gse173098,decrease,mikl_gene:malt1,2,0.4716981132075472,0.5462634246391902,0.4537365753608098,0.01946741730831835,0.0,0.0,0.0,0.0,0.06239756051076805
M2,mikl_gse173098,decrease,mikl_gene:map1a,2,0.9240506329113924,0.33807443376792384,0.6619255662320762,0.8630827617023012,0.0,0.0,0.0,0.0,0.06299812470698546
M2,mikl_gse173098,decrease,mikl_gene:map2,2,0.5335820895522387,0.5749992702911063,0.4250007297088937,0.5099076694603023,0.0,0.0,0.0,0.0,-0.049201417426293595
M2,mikl_gse173098,decrease,mikl_gene:mapk8ip1,2,0.9473684210526316,0.044206496004757706,0.9557935039952423,0.998971770329075,1.0,1.0,1.0,0.5,0.20375939849624058
M2,mikl_gse173098,decrease,mikl_gene:mavs,2,0.6346153846153846,0.44371590853820997,0.55628409146179,0.22688042686756205,0.0,0.5,0.5,0.0,-0.12332112332112331
M2,mikl_gse173098,decrease,mikl_gene:mcf2l,2,0.45833333333333337,0.689682612282888,0.3103173877171121,0.22645812393549375,0.0,0.0,0.0,0.0,-0.054646752015173064
M2,mikl_gse173098,decrease,mikl_gene:meis2,2,0.35714285714285715,0.5886940753515364,0.4113059246484636,-0.5140084266714786,0.0,0.0,0.0,0.0,-0.15302089215132697
M2,mikl_gse173098,decrease,mikl_gene:mis18bp1,2,0.2142857142857143,0.6683438520601057,0.33165614793989434,-0.21113762887711898,0.0,0.5,0.5,0.0,-0.02380952380952381
M2,mikl_gse173098,decrease,mikl_gene:mocs2,2,0.2787958115183246,0.596718561181178,0.40328143881882195,-1.483053056551728,0.0,0.0,0.0,0.0,0.0333730020163234
M2,mikl_gse173098,decrease,mikl_gene:mre11a,2,0.26785714285714285,0.8251634821954752,0.1748365178045248,-0.9898929219912269,0.0,0.5,0.5,0.0,0.046557458168147756
M2,mikl_gse173098,decrease,mikl_gene:mrpl33,2,0.6111111111111112,0.4084772829106714,0.5915227170893287,0.26804336783340893,0.0,0.0,0.0,0.0,0.012121212121212121
M2,mikl_gse173098,decrease,mikl_gene:ndnf,2,0.8714285714285714,0.20918478849001484,0.7908152115099851,2.5374109395769566,0.5,0.5,0.5,0.5,0.0357645875251509
M2,mikl_gse173098,decrease,mikl_gene:ndufa12,2,0.5625,0.525685970099132,0.474314029900868,0.2754165830939349,0.0,0.0,0.0,0.0,-0.525
M2,mikl_gse173098,decrease,mikl_gene:ndufb8,2,0.3235294117647059,0.8205597513348397,0.17944024866516028,-0.12268405900992906,0.0,0.5,0.5,0.0,-0.24458204334365327
M2,mikl_gse173098,decrease,mikl_gene:necab1,2,0.9166666666666667,0.3124981177896996,0.6875018822103004,1.0672680192939004,0.5,1.0,1.0,0.5,0.2142857142857143
M2,mikl_gse173098,decrease,mikl_gene:nhsl2,2,0.348,0.4839149803846815,0.5160850196153185,-0.3624673774348288,0.0,0.0,0.0,0.0,-0.025859810887066258
M2,mikl_gse173098,decrease,mikl_gene:nnat,2,0.5657894736842105,0.725970229718892,0.274029770281108,0.3289396781888715,0.0,0.0,0.0,0.0,0.057747379311668956
M2,mikl_gse173098,decrease,mikl_gene:nrgn,2,0.13793103448275867,0.5379748396193088,0.46202516038069125,-0.42087248089283785,0.0,0.0,0.0,0.0,0.06607341490545049
M2,mikl_gse173098,decrease,mikl_gene:nsmf,2,0.5512820512820513,0.44037445816874776,0.5596255418312523,0.26853413927089115,0.0,0.0,0.0,0.0,0.01829268292682927
M2,mikl_gse173098,decrease,mikl_gene:oaf,2,0.6081081081081081,0.5123007367179205,0.48769926328207946,0.18873754055523964,0.0,0.0,0.0,0.0,0.059743954480796585
M2,mikl_gse173098,decrease,mikl_gene:ociad2,2,0.596875,0.5999830972120069,0.40001690278799307,0.2656049178915712,0.0,0.0,0.0,0.0,0.1250151414097989
M2,mikl_gse173098,decrease,mikl_gene:ogt,2,0.24719101123595505,0.513187206331998,0.48681279366800195,-0.14334744857574586,0.0,0.0,0.0,0.0,-0.055488331892826266
M2,mikl_gse173098,decrease,mikl_gene:oprd1,2,0.9051724137931034,0.19426605992899673,0.8057339400710033,0.7951926653034456,0.5,0.5,0.5,0.0,0.12700175336060784
M2,mikl_gse173098,decrease,mikl_gene:otc,2,0.5833333333333333,0.55341026088305,0.44658973911694994,0.5832098972822369,0.0,0.0,0.5,0.0,-0.10789473684210525
M2,mikl_gse173098,decrease,mikl_gene:oxct1,2,0.8833333333333333,0.32834701817031703,0.671652981829683,1.0161424673681057,0.0,0.0,0.5,0.0,0.18186364043026107
M2,mikl_gse173098,decrease,mikl_gene:pacsin1,2,0.9225352112676056,0.18560381117518848,0.8143961888248115,1.3361809075435827,0.0,0.0,0.0,0.0,0.3604500664217437
M2,mikl_gse173098,decrease,mikl_gene:pate2,2,0.8333333333333334,0.2884388071688426,0.7115611928311574,1.1906324627256832,0.5,0.5,0.5,0.5,0.08947368421052633
M2,mikl_gse173098,decrease,mikl_gene:pcdh15,2,0.33225806451612905,0.699790501187981,0.30020949881201897,-0.06983340228948559,0.0,0.0,0.0,0.0,0.0051492785004188316
M2,mikl_gse173098,decrease,mikl_gene:pde1c,2,0.6619047619047619,0.606086590892084,0.39391340910791595,0.7127673475567561,0.0,0.0,0.0,0.0,0.10253671562082776
M2,mikl_gse173098,decrease,mikl_gene:pde2a,2,0.62,0.5554278675509734,0.4445721324490266,0.4834039728455136,0.0,0.0,0.0,0.0,0.09751131221719456
M2,mikl_gse173098,decrease,mikl_gene:pdp1,2,0.6123188405797102,0.44591583080997854,0.5540841691900213,0.594013979893751,0.0,0.0,0.0,0.0,-0.04507438924532684
M2,mikl_gse173098,decrease,mikl_gene:pdpk1,2,0.5018115942028986,0.4645574076397982,0.5354425923602018,0.16135273185305293,0.0,0.0,0.0,0.0,0.02167604152698564
M2,mikl_gse173098,decrease,mikl_gene:pgap1,2,0.114010989010989,0.6412132962693506,0.35878670373064936,-1.0633595045298772,0.0,0.0,0.0,0.0,0.06018112620588714
M2,mikl_gse173098,decrease,mikl_gene:plin3,2,0.4285714285714286,0.4558496385186739,0.5441503614813261,-0.006357424886340557,0.0,0.0,0.0,0.0,0.037438423645320185
M2,mikl_gse173098,decrease,mikl_gene:ppp1r9b,2,0.8275862068965517,0.4253398859481794,0.5746601140518206,0.648806477508197,0.0,0.0,0.5,0.0,0.18932146829810903
M2,mikl_gse173098,decrease,mikl_gene:prlr,2,0.6582278481012658,0.3777292288457023,0.6222707711542976,0.7588295790779638,0.0,0.0,0.0,0.0,0.13043834974214724
M2,mikl_gse173098,decrease,mikl_gene:prrx1,2,0.5138888888888888,0.42856632122983657,0.5714336787701635,0.2619196702207359,0.0,0.0,0.0,0.0,-0.05993150684931507
M2,mikl_gse173098,decrease,mikl_gene:psd,2,0.4285714285714286,0.7391077790673266,0.26089222093267334,-0.08186220122141111,0.0,1.0,1.0,0.0,0.32142857142857145
M2,mikl_gse173098,decrease,mikl_gene:ptgs2,2,0.7692307692307692,0.35557846173688856,0.6444215382631114,0.5852889598034083,0.0,0.0,0.0,0.0,0.08571428571428572
M2,mikl_gse173098,decrease,mikl_gene:ptpn14,2,0.4019607843137255,0.48243523274581374,0.5175647672541863,0.08641189090739121,0.0,0.0,0.0,0.0,-0.06586698540083666
M2,mikl_gse173098,decrease,mikl_gene:ptprb,2,0.7887323943661972,0.24625315123661892,0.7537468487633812,1.2496449637677878,0.0,0.0,0.0,0.0,-0.12037751623898646
M2,mikl_gse173098,decrease,mikl_gene:rab11fip2,2,0.7276595744680852,0.5788560600085174,0.4211439399914826,0.9217876460989078,0.0,0.0,0.0,0.0,0.053927614773233205
M2,mikl_gse173098,decrease,mikl_gene:rasgrp4,2,0.9722222222222222,0.1250871224591552,0.8749128775408448,1.498939424214046,0.5,1.0,1.0,0.0,0.15324571146488955
M2,mikl_gse173098,decrease,mikl_gene:rasl10b,2,0.4597315436241611,0.7732426682425446,0.22675733175745544,0.07643249719794304,0.0,0.0,0.0,0.0,0.07859015956264723
M2,mikl_gse173098,decrease,mikl_gene:rbm47,2,0.8863636363636364,0.4667531426521352,0.5332468573478648,1.1858363410264399,0.0,0.0,0.0,0.0,0.2845849802371542
M2,mikl_gse173098,decrease,mikl_gene:rmi2,2,0.11702127659574468,0.7855860484761236,0.21441395152387643,-0.212155954544991,0.0,0.0,0.0,0.0,0.02257924446374294
M2,mikl_gse173098,decrease,mikl_gene:rnf165,2,0.5088757396449703,0.6074189750936114,0.39258102490638863,0.21581103804457963,0.0,0.0,0.0,0.0,0.05679621936617186
M2,mikl_gse173098,decrease,mikl_gene:rorb,2,0.5416666666666667,0.4860161245242064,0.5139838754757936,0.23758291468725706,0.0,0.0,0.0,0.0,0.10418367346938776
M2,mikl_gse173098,decrease,mikl_gene:rpl21,2,0.5,0.5585386854454785,0.44146131455452153,0.08585898192019,0.0,0.0,0.0,0.0,-0.05779463455176466
M2,mikl_gse173098,decrease,mikl_gene:rpl31,2,0.5,0.5,0.5,-0.0915856593728186,0.5,0.5,0.5,0.5,0.1411764705882353
M2,mikl_gse173098,decrease,mikl_gene:rpl37,2,0.5,0.43932602577730795,0.560673974222692,0.197891410588485,0.0,0.0,0.0,0.0,-0.1451127819548872
M2,mikl_gse173098,decrease,mikl_gene:rps19,2,0.125,0.8115224080302754,0.18847759196972452,-0.3228790528056439,0.0,0.0,0.0,0.0,0.0
M2,mikl_gse173098,decrease,mikl_gene:rps20,2,0.02777777777777779,0.6781976729737542,0.3218023270262458,-1.5210569725718386,0.0,0.0,0.5,0.0,-0.11228070175438595
M2,mikl_gse173098,decrease,mikl_gene:rps24,2,0.7857142857142858,0.37798265732398695,0.622017342676013,0.7533685400950005,0.0,0.0,0.0,0.0,0.04285714285714285
M2,mikl_gse173098,decrease,mikl_gene:rpsa,2,0.5571428571428572,0.4090027377677939,0.590997262232206,0.5574629887231439,0.0,0.0,0.5,0.0,0.33268983268983277
M2,mikl_gse173098,decrease,mikl_gene:rragb,2,0.7272727272727273,0.38678527701553034,0.6132147229844697,0.2788233718426119,0.5,0.5,0.5,0.0,0.05641176453386901
M2,mikl_gse173098,decrease,mikl_gene:serbp1,2,0.43448275862068964,0.4647241539737703,0.5352758460262297,0.11074925588637745,0.0,0.0,0.0,0.0,0.10101134741248793
M2,mikl_gse173098,decrease,mikl_gene:serhl,2,0.8125,0.3768319445885918,0.6231680554114082,0.4186723580725168,0.5,0.5,0.5,0.0,0.45833333333333337
M2,mikl_gse173098,decrease,mikl_gene:serpina3k,2,0.8,0.15066944540922456,0.8493305545907754,0.3826258457846484,0.5,1.0,1.0,0.5,0.05714285714285715
M2,mikl_gse173098,decrease,mikl_gene:serpine2,2,0.6875,0.5453988229745689,0.4546011770254311,0.36144430292130697,0.0,0.5,0.5,0.0,0.49166666666666664
M2,mikl_gse173098,decrease,mikl_gene:shank1,2,0.32876712328767127,0.6590061469609714,0.3409938530390287,-0.03582995199496295,0.0,0.0,0.0,0.0,-0.018482422126121636
M2,mikl_gse173098,decrease,mikl_gene:shank3,2,0.37777777777777777,0.44240839055335385,0.5575916094466462,0.06679420699035875,0.0,0.0,0.0,0.0,-0.09738015607580826
M2,mikl_gse173098,decrease,mikl_gene:slamf7,2,0.5909090909090909,0.45577931475846045,0.5442206852415395,0.27219534750652286,0.0,0.0,0.5,0.0,0.25271199388846444
M2,mikl_gse173098,decrease,mikl_gene:slc13a5,2,0.7413793103448276,0.22515918594961312,0.7748408140503869,0.4807676447801062,0.5,0.5,0.5,0.5,-0.008008898776418236
M2,mikl_gse173098,decrease,mikl_gene:slc17a7,2,0.6875,0.2616908507619795,0.7383091492380205,0.2594602178920747,0.5,0.5,0.5,0.0,-0.1519607843137255
M2,mikl_gse173098,decrease,mikl_gene:slc17a9,2,0.038461538461538436,0.9901583621706533,0.009841637829346606,-0.35392595369321417,0.0,0.0,0.5,0.0,-0.10989010989010989
M2,mikl_gse173098,decrease,mikl_gene:slc22a15,2,0.7049180327868851,0.5539540593599723,0.44604594064002767,0.4477348679092537,0.0,0.0,0.0,0.0,0.04958323890106016
M2,mikl_gse173098,decrease,mikl_gene:slc23a1,2,0.8333333333333333,0.17630506328975298,0.8236949367102471,0.6897701606148695,0.0,0.5,0.5,0.0,0.11123658949745906
M2,mikl_gse173098,decrease,mikl_gene:slc28a3,2,0.5,0.6045849736727333,0.39541502632726666,0.36720351466908696,0.0,0.0,0.0,0.0,0.4227822580645162
M2,mikl_gse173098,decrease,mikl_gene:slc7a11,2,0.5172413793103448,0.3884055707710251,0.6115944292289748,0.20315912428995206,0.0,0.5,0.5,0.0,-0.15701344243132673
M2,mikl_gse173098,decrease,mikl_gene:slfn8,2,0.23529411764705882,0.6583324111637137,0.34166758883628634,-0.9539229735482476,0.0,0.0,0.0,0.0,-0.04953560371517028
M2,mikl_gse173098,decrease,mikl_gene:snap91,2,0.5879120879120878,0.6555426867982876,0.3444573132017123,0.4518080982512096,0.0,0.0,0.0,0.0,0.04006089870259931
M2,mikl_gse173098,decrease,mikl_gene:sparc,2,0.75,0.5151492342856019,0.48485076571439817,0.5899909379493555,0.0,0.0,0.0,0.0,0.1456043956043956
M2,mikl_gse173098,decrease,mikl_gene:sptbn2,2,0.5,0.3312633459126841,0.6687366540873159,0.22623596191481687,0.0,0.0,1.0,0.0,-0.24999999999999997
M2,mikl_gse173098,decrease,mikl_gene:srl,2,0.8947368421052632,0.1710597879281084,0.8289402120718916,0.7411115083559645,0.0,0.5,1.0,0.0,0.44436090225563907
M2,mikl_gse173098,decrease,mikl_gene:sspn,2,0.41935483870967744,0.6922385535431039,0.3077614464568961,-0.03807505810753745,0.0,0.0,0.0,0.0,3.574983528832967e-05
M2,mikl_gse173098,decrease,mikl_gene:st6gal1,2,0.3488372093023256,0.4349599758945879,0.5650400241054121,-0.1207967688615955,0.0,0.0,0.0,0.0,-0.08294573643410852
M2,mikl_gse173098,decrease,mikl_gene:syt15,2,0.4516129032258065,0.49776159962895083,0.5022384003710492,0.130274303678845,0.0,0.0,0.5,0.0,0.07239736070381231
M2,mikl_gse173098,decrease,mikl_gene:tagln,2,0.9705882352941176,0.10165687219655019,0.8983431278034498,2.9117924517698603,0.5,0.5,0.5,0.5,-0.11455108359133127
M2,mikl_gse173098,decrease,mikl_gene:tbcel,2,0.8970588235294117,0.2871482449518421,0.7128517550481579,0.8964780935164726,0.0,0.0,0.0,0.0,0.09024167806657549
M2,mikl_gse173098,decrease,mikl_gene:tcte1,2,0.25,0.7245490026016815,0.27545099739831846,-0.06411791376522699,0.0,0.0,0.0,0.0,-0.05064935064935064
M2,mikl_gse173098,decrease,mikl_gene:tfap2b,2,0.3222222222222222,0.3267071005537766,0.6732928994462234,-0.0315840985574246,0.0,0.0,0.5,0.0,-0.08393462843046562
M2,mikl_gse173098,decrease,mikl_gene:tfg,2,0.3333333333333333,0.7127062523863126,0.2872937476136875,-0.6549952034118691,0.0,0.0,0.0,0.0,-0.27558839627805143
M2,mikl_gse173098,decrease,mikl_gene:thbd,2,0.7083333333333333,0.541185307295634,0.45881469270436603,0.7614483690893945,0.0,0.0,1.0,0.0,0.3956043956043956
M2,mikl_gse173098,decrease,mikl_gene:tirap,2,0.24193548387096775,0.4991995263045819,0.5008004736954181,-0.3289601830312414,0.0,0.0,0.0,0.0,0.2351539589442815
M2,mikl_gse173098,decrease,mikl_gene:tmem242,2,0.6,0.36283219045081483,0.6371678095491852,0.5376266130709366,0.0,0.0,0.5,0.0,0.10000000000000003
M2,mikl_gse173098,decrease,mikl_gene:tnfrsf19,2,0.9166666666666666,0.16826183957289317,0.8317381604271068,1.3143900688946208,0.0,0.0,0.0,0.0,0.24715241452820186
M2,mikl_gse173098,decrease,mikl_gene:tor4a,2,0.05555555555555558,0.955995668925536,0.044004331074464054,-0.10847317674183796,0.0,0.0,1.0,0.0,-0.04848484848484848
M2,mikl_gse173098,decrease,mikl_gene:tpmt,2,0.0,1.0,0.0,-0.30770719726367757,0.0,0.0,0.0,0.0,-0.7023809523809526
M2,mikl_gse173098,decrease,mikl_gene:tpt1,2,0.6111111111111112,0.695038823376799,0.30496117662320094,0.16011679149164593,0.0,0.0,0.0,0.0,0.2002490665786269
M2,mikl_gse173098,decrease,mikl_gene:trim56,2,0.6701030927835052,0.44689992268179846,0.5531000773182015,0.4065218622681265,0.0,0.5,0.5,0.0,0.029515640435250692
M2,mikl_gse173098,decrease,mikl_gene:trp63,2,0.7313432835820896,0.2668664437369679,0.7331335562630321,2.6547007892313585,0.5,0.5,1.0,0.5,0.17028748385558853
M2,mikl_gse173098,decrease,mikl_gene:tulp1,2,0.5555555555555556,0.3552316958438836,0.6447683041561164,0.2902813087559321,0.0,0.0,0.0,0.0,-0.20606060606060606
M2,mikl_gse173098,decrease,mikl_gene:tusc3,2,0.3888888888888889,0.6014737402875994,0.39852625971240063,0.1458314406803101,0.0,0.0,0.0,0.0,0.005747126436781609
M2,mikl_gse173098,decrease,mikl_gene:ube2m,2,0.39999999999999997,0.599506854098637,0.400493145901363,-0.0493006867549203,0.0,0.5,0.5,0.0,-0.15909090909090912
M2,mikl_gse173098,decrease,mikl_gene:unc5c,2,0.7663934426229508,0.6012362815521215,0.39876371844787856,0.548384021095672,0.0,0.0,0.0,0.0,0.013304810959083709
M2,mikl_gse173098,decrease,mikl_gene:uqcrq,2,0.625,0.4053920336707748,0.5946079663292252,0.30054496462153946,0.5,0.5,0.5,0.0,0.07500000000000001
M2,mikl_gse173098,decrease,mikl_gene:vangl1,2,0.5673076923076923,0.4828418044961974,0.5171581955038026,0.20483647534284063,0.0,0.0,0.0,0.0,-0.024875020158039024
M2,mikl_gse173098,decrease,mikl_gene:vapb,2,0.6339622641509435,0.5392216948553249,0.46077830514467505,0.6795828594561649,0.0,0.0,0.0,0.0,0.13047384201440637
M2,mikl_gse173098,decrease,mikl_gene:vav3,2,0.2,0.612859597112208,0.3871404028877919,-0.2926427721061408,0.0,1.0,1.0,0.0,-0.4571428571428572
M2,mikl_gse173098,decrease,mikl_gene:vma21,2,0.7103004291845494,0.36585045128472193,0.6341495487152781,0.4254019197350188,0.0,0.0,0.0,0.0,0.029922512214393925
M2,mikl_gse173098,decrease,mikl_gene:wdr31,2,0.4642857142857143,0.6892175413240689,0.31078245867593113,0.704164372530899,0.0,0.0,1.0,0.0,0.20892857142857135
M2,mikl_gse173098,decrease,mikl_gene:zbtb20,2,0.6293103448275862,0.5207177807430228,0.4792822192569773,0.35822897537516757,0.0,0.0,0.0,0.0,0.04866797579405015
M2,mikl_gse173098,decrease,mikl_gene:zfhx3,2,0.5490196078431373,0.4299378136978259,0.5700621863021742,0.15347190290107598,0.0,0.5,0.5,0.0,0.07139326977990598
M2,mikl_gse173098,decrease,mikl_gene:zscan20,2,0.7142857142857143,0.2988242277516696,0.7011757722483304,0.47605332910824383,0.5,0.5,0.5,0.0,0.09951676230745998
M2,mikl_gse173098,increase,mikl_gene:2810459m11rik,2,1.0,0.0,1.0,0.9720710893351376,1.0,1.0,1.0,1.0,0.2402319902319902
M2,mikl_gse173098,increase,mikl_gene:9130008f23rik,2,0.4411764705882353,0.555416398629634,0.44458360137036596,-0.1840452293913033,0.0,0.0,0.0,0.0,-0.2714138286893705
M2,mikl_gse173098,increase,mikl_gene:a630089n07rik,2,0.5227272727272727,0.21796417323307407,0.7820358267669258,-0.0890831169752489,0.5,1.0,1.0,0.0,0.001482213438735197
M2,mikl_gse173098,increase,mikl_gene:abhd17a,2,0.375,0.6751893507972686,0.32481064920273145,-0.5371641247229324,0.0,0.5,1.0,0.0,-0.39999999999999997
M2,mikl_gse173098,increase,mikl_gene:abi1,2,0.055118110236220486,0.7457416750439223,0.2542583249560777,-2.3831561450758745,0.0,0.0,0.0,0.0,0.067345534451083
M2,mikl_gse173098,increase,mikl_gene:acnat2,2,0.75,0.061401749805645896,0.9385982501943542,0.19221758082956075,0.5,1.0,1.0,0.5,0.39999999999999997
M2,mikl_gse173098,increase,mikl_gene:aco2,2,0.4375,0.48744663186174486,0.5125533681382551,-0.08452798922449195,0.0,0.5,0.5,0.0,0.04166666666666663
M2,mikl_gse173098,increase,mikl_gene:actb,2,0.9,0.3227828713319954,0.6772171286680047,1.4236593204910966,0.5,1.0,1.0,0.5,0.65
M2,mikl_gse173098,increase,mikl_gene:adamts18,2,0.2160493827160494,0.6445505790775243,0.3554494209224757,-0.5419812623759728,0.0,0.0,0.0,0.0,0.11767394782381559
M2,mikl_gse173098,increase,mikl_gene:adap2,2,0.8125,0.28261980160777717,0.7173801983922228,0.489797900547191,0.5,1.0,1.0,0.5,0.26666666666666666
M2,mikl_gse173098,increase,mikl_gene:agtrap,2,0.8939393939393939,0.30272401487849937,0.6972759851215007,0.747598384392971,0.0,0.0,0.0,0.0,0.005347593582887703
M2,mikl_gse173098,increase,mikl_gene:ankef1,2,0.7884615384615384,0.38887399195002115,0.6111260080499789,0.14821882022688196,0.0,0.5,0.5,0.0,0.15415140415140413
M2,mikl_gse173098,increase,mikl_gene:aqp4,2,0.4852941176470589,0.4335311942134825,0.5664688057865175,-0.33599368079033753,0.0,0.0,0.5,0.0,-0.04733893557422969
M2,mikl_gse173098,increase,mikl_gene:arc,2,0.6799999999999999,0.12933135169120535,0.8706686483087946,-0.13527702956591603,0.5,1.0,1.0,0.0,0.19452991452991453
M2,mikl_gse173098,increase,mikl_gene:arhgap31,2,0.8666666666666667,0.31731347363573137,0.6826865263642686,0.1632403539825572,0.0,0.0,0.0,0.0,-0.0661764705882353
M2,mikl_gse173098,increase,mikl_gene:arid2,2,0.4525316455696203,0.5284942671053567,0.4715057328946432,-0.759053672249336,0.0,0.0,0.0,0.0,-0.11847128745823798
M2,mikl_gse173098,increase,mikl_gene:arpc1b,2,0.782608695652174,0.4744240488829363,0.5255759511170637,0.47572485034105805,0.0,0.0,0.5,0.0,0.2705827937095282
M2,mikl_gse173098,increase,mikl_gene:atp5j2,2,0.5,0.6021237093576041,0.39787629064239594,-0.32446945251777926,0.0,0.5,1.0,0.0,-0.20000000000000004
M2,mikl_gse173098,increase,mikl_gene:bdnf,2,0.6831683168316831,0.2846636552851236,0.7153363447148764,0.444130997075321,0.0,0.0,0.0,0.0,0.07849047907834877
M2,mikl_gse173098,increase,mikl_gene:brsk1,2,0.0,1.0,0.0,-3.9544937965945897,0.0,0.0,0.0,0.0,-0.40203274985883686
M2,mikl_gse173098,increase,mikl_gene:c130026i21rik,2,0.30000000000000004,0.6839643291595776,0.31603567084042244,-0.49727044583430224,0.0,0.0,1.0,0.0,-0.09090909090909091
M2,mikl_gse173098,increase,mikl_gene:calm1,2,0.8666666666666667,0.40325047846368606,0.5967495215363139,0.795203677712601,0.0,0.0,0.0,0.0,0.15405488744989207
M2,mikl_gse173098,increase,mikl_gene:camk2a,2,0.5035971223021583,0.4587566048158737,0.5412433951841262,-0.1814694363076643,0.0,0.0,0.0,0.0,0.10447617589818724
M2,mikl_gse173098,increase,mikl_gene:ccdc141,2,0.36,0.6891045983891475,0.3108954016108525,-0.9621062933166078,0.0,0.0,0.0,0.0,-0.0034188034188034067
M2,mikl_gse173098,increase,mikl_gene:ccnd1,2,0.275,0.49463854353178316,0.5053614564682168,-0.3724835498908686,0.0,0.5,0.5,0.0,0.15546092995983252
M2,mikl_gse173098,increase,mikl_gene:ccnd2,2,0.4666666666666666,0.5843753394139017,0.4156246605860982,-0.32773717348501025,0.0,0.0,0.0,0.0,0.07728834566108451
M2,mikl_gse173098,increase,mikl_gene:ccni,2,0.3888888888888889,0.21483331363060548,0.7851666863693945,-0.36837144345012196,0.0,0.5,1.0,0.0,0.18787878787878784
M2,mikl_gse173098,increase,mikl_gene:cd84,2,0.8775510204081632,0.2655694639867202,0.7344305360132798,1.993218308947283,0.5,0.5,0.5,0.5,0.17584633853541415
M2,mikl_gse173098,increase,mikl_gene:cdc42,2,0.3112582781456954,0.44250022765458136,0.5574997723454187,-0.36668826599860926,0.0,0.0,0.0,0.0,-0.05371657606210849
M2,mikl_gse173098,increase,mikl_gene:cdk15,2,0.5454545454545454,0.4495002530214087,0.5504997469785913,-0.1796917181991969,0.0,1.0,1.0,0.0,0.27972027972027974
M2,mikl_gse173098,increase,mikl_gene:chmp3,2,0.36363636363636365,0.49444287195133063,0.5055571280486694,-0.4220598029303605,0.0,0.0,0.0,0.0,-0.001982169311349508
M2,mikl_gse173098,increase,mikl_gene:chrdl1,2,0.8979591836734694,0.29497286507950704,0.7050271349204931,1.0542532740494355,0.0,0.0,0.0,0.0,0.14905162064825928
M2,mikl_gse173098,increase,mikl_gene:cnot6l,2,0.7871212121212121,0.35844238434660786,0.6415576156533922,0.650365993160677,0.0,0.0,0.0,0.0,0.012846281721402349
M2,mikl_gse173098,increase,mikl_gene:cntn2,2,0.5128205128205128,0.4932621605476276,0.5067378394523724,-0.16452666549674005,0.0,0.0,0.0,0.0,0.16888528553533538
M2,mikl_gse173098,increase,mikl_gene:col1a1,2,0.6666666666666667,0.4134739565329536,0.5865260434670463,0.18822352505403758,0.0,1.0,1.0,0.0,0.04538461538461537
M2,mikl_gse173098,increase,mikl_gene:col27a1,2,0.20673076923076922,0.6473633241143291,0.35263667588567094,-0.519604295218367,0.0,0.0,0.0,0.0,0.003141206565443283
M2,mikl_gse173098,increase,mikl_gene:col8a1,2,0.3125,0.628929798574904,0.3710702014250959,-0.7898804029004284,0.0,0.5,0.5,0.0,-0.4
M2,mikl_gse173098,increase,mikl_gene:colec12,2,0.3233082706766917,0.4506719446360886,0.5493280553639114,-0.5343473836385614,0.0,0.0,0.0,0.0,0.036571588148843474
M2,mikl_gse173098,increase,mikl_gene:cox8a,2,0.2,0.7451305676779234,0.2548694323220766,-0.25249996002422537,0.0,0.0,0.5,0.0,0.24545454545454548
M2,mikl_gse173098,increase,mikl_gene:cplx2,2,0.6402439024390243,0.34264918553349655,0.6573508144665035,0.012886688450033212,0.0,0.0,0.0,0.0,0.02516686956886781
M2,mikl_gse173098,increase,mikl_gene:ctdspl2,2,0.35,0.5225561889561121,0.4774438110438879,-0.30939861251291495,0.0,0.5,1.0,0.0,0.30909090909090914
M2,mikl_gse173098,increase,mikl_gene:cyp26b1,2,0.955223880597015,0.1228701952033108,0.8771298047966892,0.6746390844042973,0.5,0.5,0.5,0.0,0.11232202160552734
M2,mikl_gse173098,increase,mikl_gene:dcdc2a,2,0.19607843137254904,0.6399975380545937,0.3600024619454063,-0.6347498454181323,0.0,0.0,0.0,0.0,-0.1420216853069239
M2,mikl_gse173098,increase,mikl_gene:ddx58,2,0.1111111111111111,0.9486572179435584,0.05134278205644155,-0.37042629774288444,0.0,0.5,1.0,0.0,0.2545454545454545
M2,mikl_gse173098,increase,mikl_gene:disp2,2,0.3846153846153846,0.42231278711630205,0.577687212883698,-0.747365807932013,0.0,0.0,0.0,0.0,-0.11068646543330089
M2,mikl_gse173098,increase,mikl_gene:dlg4,2,0.9688279301745636,0.2674312414358114,0.7325687585641887,0.9791115986207312,0.0,0.0,0.0,0.0,0.08423789963308631
M2,mikl_gse173098,increase,mikl_gene:dock8,2,0.9230769230769231,0.0485552302976822,0.9514447697023178,0.4354617617391874,1.0,1.0,1.0,0.0,0.27032967032967037
M2,mikl_gse173098,increase,mikl_gene:dtx3l,2,0.2972972972972973,0.5364601427760323,0.4635398572239677,-0.7139674255681882,0.0,0.0,0.0,0.0,0.0007659481343691857
M2,mikl_gse173098,increase,mikl_gene:dusp18,2,0.5729166666666667,0.3921405935231854,0.6078594064768146,-0.1762728924250483,0.0,0.0,0.0,0.0,0.050765306122448964
M2,mikl_gse173098,increase,mikl_gene:ebf1,2,0.38888888888888884,0.48434993181469177,0.5156500681853082,-0.6133207327869656,0.0,0.5,0.5,0.0,0.1215541165587419
M2,mikl_gse173098,increase,mikl_gene:eef2,2,0.5,0.5,0.5,-0.2667549423783211,0.5,1.0,1.0,0.5,-0.0892857142857143
M2,mikl_gse173098,increase,mikl_gene:egf,2,0.8586956521739131,0.30966406735649354,0.6903359326435065,0.37869448695705354,0.0,0.0,0.0,0.0,0.07793709528214617
M2,mikl_gse173098,increase,mikl_gene:eif3f,2,0.7,0.4422893522153261,0.5577106477846738,-0.00437179704142765,0.0,0.0,0.0,0.0,-0.053246753246753264
M2,mikl_gse173098,increase,mikl_gene:ern1,2,0.6071428571428572,0.4887440050701753,0.5112559949298248,-0.15332474129691695,0.0,0.0,0.0,0.0,-0.09257022047719722
M2,mikl_gse173098,increase,mikl_gene:esr1,2,0.8793103448275862,0.4676997553757425,0.5323002446242575,0.5277873874178725,0.0,0.0,0.0,0.0,-0.030700778642936594
M2,mikl_gse173098,increase,mikl_gene:exo1,2,0.2436708860759494,0.4559583881858249,0.5440416118141751,-0.640864581781004,0.0,0.5,1.0,0.0,0.06882363092896888
M2,mikl_gse173098,increase,mikl_gene:fgf13,2,0.16666666666666669,0.6093917556660102,0.3906082443339897,-0.41227559137937,0.0,0.0,0.5,0.0,-0.41212121212121205
M2,mikl_gse173098,increase,mikl_gene:fgf3,2,0.7962962962962963,0.3517121253848593,0.6482878746151407,0.2820844534975725,0.0,0.0,0.0,0.0,0.16174055829228243
M2,mikl_gse173098,increase,mikl_gene:foxp2,2,0.3442622950819672,0.5760895360899878,0.42391046391001214,-0.36120501842233543,0.0,0.0,0.0,0.0,0.15455476825617925
M2,mikl_gse173098,increase,mikl_gene:gabra4,2,0.625,0.5112676072092222,0.48873239279077785,-0.03177703369725754,0.0,0.5,0.5,0.0,0.1875
M2,mikl_gse173098,increase,mikl_gene:gbp7,2,0.5294117647058825,0.539469818071827,0.46053018192817297,-0.07909130475308046,0.0,0.0,0.0,0.0,0.045931870571160244
M2,mikl_gse173098,increase,mikl_gene:gli3,2,0.6111111111111112,0.26076170829091805,0.739238291709082,0.24545707185823507,0.5,1.0,1.0,0.0,-0.05701754385964912
M2,mikl_gse173098,increase,mikl_gene:gpc6,2,0.6666666666666667,0.1809206176793913,0.8190793823206087,0.2489599633647519,0.5,0.5,0.5,0.5,0.17582417582417587
M2,mikl_gse173098,increase,mikl_gene:gpr17,2,0.7571428571428571,0.26925250968269604,0.7307474903173039,0.2765878353036736,0.0,0.0,0.0,0.0,0.025997425997426
M2,mikl_gse173098,increase,mikl_gene:gpr35,2,0.3611111111111111,0.5689334192880655,0.43106658071193454,-0.5435682072131623,0.0,0.5,0.5,0.0,0.05263157894736842
M2,mikl_gse173098,increase,mikl_gene:grin1,2,0.6333333333333333,0.5361427100924054,0.46385728990759456,-0.12882015623607546,0.0,0.0,0.5,0.0,-0.03088235294117648
M2,mikl_gse173098,increase,mikl_gene:gstm1,2,0.875,0.2048171527052673,0.7951828472947327,-0.024479291156646446,0.5,1.0,1.0,0.5,0.44999999999999996
M2,mikl_gse173098,increase,mikl_gene:hic2,2,0.5459183673469388,0.586702917913793,0.4132970820862069,-0.12469165965493764,0.0,0.0,0.5,0.0,0.04600494743351886
M2,mikl_gse173098,increase,mikl_gene:hpcal4,2,0.5,0.6609486717581162,0.3390513282418838,0.16781413951596702,0.0,0.0,0.0,0.0,-0.0847083302090391
M2,mikl_gse173098,increase,mikl_gene:ids,2,0.28260869565217395,0.5198353903420633,0.4801646096579367,-0.5360313301236276,0.0,1.0,1.0,0.0,0.053478260869565225
M2,mikl_gse173098,increase,mikl_gene:invs,2,0.6375,0.2162278992750498,0.7837721007249502,0.0604579782555998,0.0,0.5,0.5,0.0,0.13771777003484323
M2,mikl_gse173098,increase,mikl_gene:itga1,2,0.625,0.47143219413201926,0.5285678058679807,0.023473100463602445,0.0,0.5,0.5,0.0,0.21590909090909094
M2,mikl_gse173098,increase,mikl_gene:itga4,2,0.35,0.32133129361415214,0.6786687063858479,-0.3391040657305672,0.0,0.0,0.0,0.0,-0.11193379790940769
M2,mikl_gse173098,increase,mikl_gene:itpr2,2,0.25396825396825395,0.6720710782101624,0.3279289217898375,-0.5878949048509665,0.0,0.0,0.0,0.0,0.054922161172161164
M2,mikl_gse173098,increase,mikl_gene:jund,2,0.25,0.8157557520142023,0.1842442479857978,-0.5539259232465319,0.0,0.0,0.5,0.0,-0.0467032967032967
M2,mikl_gse173098,increase,mikl_gene:kcna6,2,0.40540540540540543,0.5024788272741728,0.4975211727258272,-0.17926990073397753,0.0,0.0,0.0,0.0,0.02854907539118065
M2,mikl_gse173098,increase,mikl_gene:kcng3,2,0.25,0.6128270669312875,0.3871729330687125,-0.43336218010557503,0.0,0.5,1.0,0.0,0.08333333333333331
M2,mikl_gse173098,increase,mikl_gene:kcnq5,2,0.3918918918918919,0.38355702940001657,0.6164429705999834,-0.4407736016220263,0.0,0.0,0.5,0.0,-0.13655761024182075
M2,mikl_gse173098,increase,mikl_gene:kctd4,2,0.0,1.0,0.0,-1.1528367658835525,0.0,0.5,0.5,0.0,0.008791208791208795
M2,mikl_gse173098,increase,mikl_gene:kif1a,2,0.94,0.1804174841824907,0.8195825158175094,0.35118682334023,0.5,0.5,0.5,0.0,0.023665158371040725
M2,mikl_gse173098,increase,mikl_gene:kif5c,2,1.0,0.0,1.0,4.48847749232374,1.0,1.0,1.0,1.0,0.09778225806451614
M2,mikl_gse173098,increase,mikl_gene:liph,2,0.26811594202898553,0.779320011752334,0.22067998824766605,-0.451470358600088,0.0,0.5,0.5,0.0,0.10345551570291313
M2,mikl_gse173098,increase,mikl_gene:lypd1,2,0.7464788732394366,0.41050559335099657,0.5894944066490034,0.18755783035904014,0.0,0.0,0.0,0.0,0.11943790145975264
M2,mikl_gse173098,increase,mikl_gene:magi2,2,0.6,0.395411929173039,0.6045880708269609,0.005018132721052088,0.0,0.0,0.0,0.0,0.11709104006518165
M2,mikl_gse173098,increase,mikl_gene:malt1,2,0.6698113207547169,0.4060109765533682,0.5939890234466317,0.21204469923830424,0.0,0.5,0.5,0.0,0.06239756051076805
M2,mikl_gse173098,increase,mikl_gene:map1a,2,0.6962025316455696,0.4941352315057011,0.505864768494299,0.1193395227442653,0.0,0.0,0.0,0.0,0.06299812470698546
M2,mikl_gse173098,increase,mikl_gene:map2,2,0.14925373134328357,0.49688491762796605,0.503115082372034,-0.6975533208611628,0.0,0.0,0.0,0.0,-0.049201417426293595
M2,mikl_gse173098,increase,mikl_gene:mapk8ip1,2,0.631578947368421,0.39549550766559005,0.60450449233441,-0.19870266677867926,0.0,0.0,0.5,0.0,0.20375939849624058
M2,mikl_gse173098,increase,mikl_gene:mavs,2,0.5576923076923077,0.3767479482791092,0.6232520517208908,-0.04009428515705814,0.0,0.0,0.0,0.0,-0.12332112332112331
M2,mikl_gse173098,increase,mikl_gene:mcf2l,2,0.6805555555555556,0.2488714266700621,0.751128573329938,-0.040901126246653555,0.0,0.0,0.0,0.0,-0.054646752015173064
M2,mikl_gse173098,increase,mikl_gene:meis2,2,0.6190476190476191,0.4772864655407608,0.5227135344592392,0.279097883335553,0.0,0.0,0.0,0.0,-0.15302089215132697
M2,mikl_gse173098,increase,mikl_gene:mis18bp1,2,0.7857142857142858,0.3117312117533066,0.6882687882466934,0.2456312834340531,0.5,0.5,0.5,0.0,-0.02380952380952381
M2,mikl_gse173098,increase,mikl_gene:mocs2,2,0.8056282722513088,0.4195689330616017,0.5804310669383983,1.16329791718432,0.0,0.5,0.5,0.0,0.0333730020163234
M2,mikl_gse173098,increase,mikl_gene:mre11a,2,0.7142857142857143,0.3570816838756148,0.6429183161243852,0.33595025514947574,0.0,0.0,0.0,0.0,0.046557458168147756
M2,mikl_gse173098,increase,mikl_gene:mrpl33,2,0.5,0.5,0.5,0.5676590830821431,0.5,1.0,1.0,0.5,0.012121212121212121
M2,mikl_gse173098,increase,mikl_gene:ndnf,2,0.9,0.3400512073736792,0.6599487926263208,0.7568807841992584,0.0,0.0,0.0,0.0,0.0357645875251509
M2,mikl_gse173098,increase,mikl_gene:ndufa12,2,0.125,0.925649535904761,0.0743504640952391,-1.224669191836043,0.0,0.5,0.5,0.0,-0.525
M2,mikl_gse173098,increase,mikl_gene:ndufb8,2,0.6176470588235294,0.2075769834608059,0.7924230165391941,0.008524809281086052,0.0,0.0,0.0,0.0,-0.24458204334365327
M2,mikl_gse173098,increase,mikl_gene:necab1,2,0.75,0.11040818539246072,0.8895918146075392,0.016617860216242997,0.5,0.5,1.0,0.0,0.2142857142857143
M2,mikl_gse173098,increase,mikl_gene:nhsl2,2,0.45599999999999996,0.5756057809605243,0.4243942190394757,-0.20661065900698283,0.0,0.0,0.0,0.0,-0.025859810887066258
M2,mikl_gse173098,increase,mikl_gene:nnat,2,0.4868421052631579,0.24927160702920392,0.7507283929707961,-0.24664336744149096,0.0,0.5,0.5,0.0,0.057747379311668956
M2,mikl_gse173098,increase,mikl_gene:nrgn,2,0.6551724137931034,0.5497376407981425,0.4502623592018575,0.035261686387645146,0.0,0.0,0.0,0.0,0.06607341490545049
M2,mikl_gse173098,increase,mikl_gene:nsmf,2,0.23076923076923078,0.6088418887997711,0.391158111200229,-0.31090907599492584,0.0,0.5,0.5,0.0,0.01829268292682927
M2,mikl_gse173098,increase,mikl_gene:oaf,2,0.5,0.4718250132309528,0.5281749867690472,-0.11324108256677455,0.0,0.0,0.5,0.0,0.059743954480796585
M2,mikl_gse173098,increase,mikl_gene:ociad2,2,0.575,0.375140913101491,0.624859086898509,-0.0778388322301165,0.0,0.5,0.5,0.0,0.1250151414097989
M2,mikl_gse173098,increase,mikl_gene:ogt,2,0.7808988764044944,0.4728124798656706,0.5271875201343295,0.2628945413491747,0.0,0.5,0.5,0.0,-0.055488331892826266
M2,mikl_gse173098,increase,mikl_gene:oprd1,2,0.6206896551724137,0.6092031959913531,0.39079680400864686,-0.05438167667525405,0.0,0.0,0.0,0.0,0.12700175336060784
M2,mikl_gse173098,increase,mikl_gene:otc,2,0.6111111111111112,0.39714944862376045,0.6028505513762396,-0.06565812845919244,0.0,0.5,1.0,0.0,-0.10789473684210525
M2,mikl_gse173098,increase,mikl_gene:oxct1,2,0.5375,0.39719132491036174,0.6028086750896382,-0.094410040141636,0.0,0.0,0.0,0.0,0.18186364043026107
M2,mikl_gse173098,increase,mikl_gene:pacsin1,2,0.5422535211267605,0.49822010190602084,0.5017798980939792,-0.27105192207352263,0.0,0.0,0.0,0.0,0.3604500664217437
M2,mikl_gse173098,increase,mikl_gene:pate2,2,0.4166666666666667,0.5312748262197644,0.46872517378023565,-0.4449569709616571,0.0,0.5,0.5,0.0,0.08947368421052633
M2,mikl_gse173098,increase,mikl_gene:pcdh15,2,0.5548387096774194,0.2687444732649068,0.7312555267350932,0.254634143988857,0.0,0.0,0.0,0.0,0.0051492785004188316
M2,mikl_gse173098,increase,mikl_gene:pde1c,2,0.5714285714285714,0.28207853397123955,0.7179214660287605,-0.09754133535186699,0.0,0.0,0.0,0.0,0.10253671562082776
M2,mikl_gse173098,increase,mikl_gene:pde2a,2,0.8700000000000001,0.15211223319391987,0.8478877668060801,0.2545280118029939,0.0,0.0,0.0,0.0,0.09751131221719456
M2,mikl_gse173098,increase,mikl_gene:pdp1,2,0.5579710144927537,0.4400316126878917,0.5599683873121083,0.13507002159744508,0.0,0.0,0.0,0.0,-0.04507438924532684
M2,mikl_gse173098,increase,mikl_gene:pdpk1,2,0.6159420289855073,0.5085845830855121,0.4914154169144879,0.0511190843636215,0.0,0.0,0.0,0.0,0.02167604152698564
M2,mikl_gse173098,increase,mikl_gene:pgap1,2,0.27884615384615385,0.5428563835994209,0.45714361640057904,-0.5077300912234044,0.0,0.0,0.0,0.0,0.06018112620588714
M2,mikl_gse173098,increase,mikl_gene:plin3,2,0.125,0.7650638418378919,0.23493615816210817,-0.9580034967370454,0.0,0.5,1.0,0.0,0.037438423645320185
M2,mikl_gse173098,increase,mikl_gene:ppp1r9b,2,0.3103448275862069,0.5015482325280303,0.4984517674719697,-0.49586291233272495,0.0,0.5,0.5,0.0,0.18932146829810903
M2,mikl_gse173098,increase,mikl_gene:prlr,2,0.32911392405063294,0.6068540767018247,0.3931459232981753,-0.46140004456966044,0.0,0.0,0.0,0.0,0.13043834974214724
M2,mikl_gse173098,increase,mikl_gene:prrx1,2,0.5,0.5,0.5,-0.1521180600750418,0.5,0.5,1.0,0.5,-0.05993150684931507
M2,mikl_gse173098,increase,mikl_gene:psd,2,0.5714285714285714,0.41286805944730426,0.5871319405526958,0.05517461022052608,0.0,0.5,0.5,0.0,0.32142857142857145
M2,mikl_gse173098,increase,mikl_gene:ptgs2,2,0.2692307692307692,0.6677591211308719,0.3322408788691281,-0.7239400476534704,0.0,0.0,1.0,0.0,0.08571428571428572
M2,mikl_gse173098,increase,mikl_gene:ptpn14,2,0.8137254901960784,0.37141573053508936,0.6285842694649106,0.2820232388069254,0.0,0.0,0.0,0.0,-0.06586698540083666
M2,mikl_gse173098,increase,mikl_gene:ptprb,2,0.5140845070422535,0.49590268493491185,0.504097315065088,-0.1598064590259079,0.0,0.0,0.0,0.0,-0.12037751623898646
M2,mikl_gse173098,increase,mikl_gene:rab11fip2,2,0.5765957446808512,0.3332575455528434,0.6667424544471565,-0.12654285684789096,0.0,0.0,0.0,0.0,0.053927614773233205
M2,mikl_gse173098,increase,mikl_gene:rasgrp4,2,0.5138888888888888,0.4368020898162229,0.5631979101837771,-0.1973759066244051,0.0,0.0,0.0,0.0,0.15324571146488955
M2,mikl_gse173098,increase,mikl_gene:rasl10b,2,0.6812080536912751,0.24958070671262952,0.7504192932873706,-0.0492169427316736,0.0,0.5,0.5,0.0,0.07859015956264723
M2,mikl_gse173098,increase,mikl_gene:rbm47,2,0.9090909090909092,0.17065137934586802,0.8293486206541321,0.6126452824746185,0.0,0.5,0.5,0.0,0.2845849802371542
M2,mikl_gse173098,increase,mikl_gene:rmi2,2,0.5531914893617021,0.4575591372291963,0.5424408627708037,-0.1964798773981327,0.0,0.0,0.0,0.0,0.02257924446374294
M2,mikl_gse173098,increase,mikl_gene:rnf165,2,0.7544378698224852,0.3006037461036759,0.6993962538963241,0.27681670148391746,0.0,0.0,0.0,0.0,0.05679621936617186
M2,mikl_gse173098,increase,mikl_gene:rorb,2,0.8333333333333333,0.34029411689229516,0.6597058831077048,0.771713734189371,0.0,0.0,0.0,0.0,0.10418367346938776
M2,mikl_gse173098,increase,mikl_gene:rpl21,2,0.423728813559322,0.49370096634792027,0.5062990336520798,-0.17388721272299595,0.0,0.0,0.0,0.0,-0.05779463455176466
M2,mikl_gse173098,increase,mikl_gene:rpl31,2,0.6000000000000001,0.3914216670707571,0.6085783329292429,0.08913789026825256,0.0,0.5,0.5,0.0,0.1411764705882353
M2,mikl_gse173098,increase,mikl_gene:rpl37,2,0.368421052631579,0.6651893897939487,0.33481061020605135,-0.3406208732008976,0.0,0.0,0.0,0.0,-0.1451127819548872
M2,mikl_gse173098,increase,mikl_gene:rps19,2,0.5625,0.4431477945545467,0.5568522054454532,0.0676259444186855,0.0,0.5,0.5,0.0,0.0
M2,mikl_gse173098,increase,mikl_gene:rps20,2,0.8055555555555556,0.2894173656662987,0.7105826343337013,2.4388474729518936,0.5,0.5,0.5,0.5,-0.11228070175438595
M2,mikl_gse173098,increase,mikl_gene:rps24,2,0.32142857142857145,0.5627158605123179,0.43728413948768213,-0.6481535158162595,0.0,0.5,1.0,0.0,0.04285714285714285
M2,mikl_gse173098,increase,mikl_gene:rpsa,2,0.22857142857142854,0.6238937527968315,0.3761062472031685,-0.6202226748288614,0.0,0.5,0.5,0.0,0.33268983268983277
M2,mikl_gse173098,increase,mikl_gene:rragb,2,0.5227272727272727,0.47539906680214505,0.524600933197855,0.0379764777075407,0.0,0.0,0.0,0.0,0.05641176453386901
M2,mikl_gse173098,increase,mikl_gene:serbp1,2,0.503448275862069,0.5018747316799606,0.4981252683200394,0.24709984734808121,0.0,0.0,0.0,0.0,0.10101134741248793
M2,mikl_gse173098,increase,mikl_gene:serhl,2,0.9375,0.00648536962344815,0.9935146303765519,0.4514235148639756,1.0,1.0,1.0,0.5,0.45833333333333337
M2,mikl_gse173098,increase,mikl_gene:serpina3k,2,0.3,0.6938016551285313,0.3061983448714687,-0.285139262981014,0.0,0.5,1.0,0.0,0.05714285714285715
M2,mikl_gse173098,increase,mikl_gene:serpine2,2,0.875,0.11091190631882034,0.8890880936811796,0.7143896722837255,0.5,0.5,1.0,0.0,0.49166666666666664
M2,mikl_gse173098,increase,mikl_gene:shank1,2,0.5068493150684932,0.4162220744905699,0.58377792550943,-0.33963446449433154,0.0,0.0,0.0,0.0,-0.018482422126121636
M2,mikl_gse173098,increase,mikl_gene:shank3,2,0.7944444444444445,0.44347618463484234,0.5565238153651577,0.24963131929222004,0.0,0.0,0.5,0.0,-0.09738015607580826
M2,mikl_gse173098,increase,mikl_gene:slamf7,2,0.2272727272727273,0.6109062094897171,0.3890937905102829,-0.6192590383064829,0.0,0.0,0.5,0.0,0.25271199388846444
M2,mikl_gse173098,increase,mikl_gene:slc13a5,2,0.7758620689655172,0.4897247780327201,0.5102752219672799,0.13143808656905448,0.0,0.0,0.0,0.0,-0.008008898776418236
M2,mikl_gse173098,increase,mikl_gene:slc17a7,2,0.46875,0.6501855292263352,0.3498144707736648,-0.246205744533607,0.0,0.5,0.5,0.0,-0.1519607843137255
M2,mikl_gse173098,increase,mikl_gene:slc17a9,2,0.2692307692307692,0.5515988257928521,0.44840117420714787,-0.5569557170651304,0.0,0.0,0.5,0.0,-0.10989010989010989
M2,mikl_gse173098,increase,mikl_gene:slc22a15,2,0.6721311475409837,0.2830034992556318,0.7169965007443682,0.2871979302405934,0.5,0.5,0.5,0.0,0.04958323890106016
M2,mikl_gse173098,increase,mikl_gene:slc23a1,2,0.4761904761904762,0.4552460907890038,0.5447539092109962,-0.17510562137863706,0.0,0.0,0.5,0.0,0.11123658949745906
M2,mikl_gse173098,increase,mikl_gene:slc28a3,2,0.8833333333333333,0.15135943147036166,0.8486405685296383,0.15377915019357336,0.0,0.0,0.5,0.0,0.4227822580645162
M2,mikl_gse173098,increase,mikl_gene:slc7a11,2,0.43103448275862066,0.6237626412953567,0.37623735870464325,-0.2821134062991758,0.0,0.0,0.0,0.0,-0.15701344243132673
M2,mikl_gse173098,increase,mikl_gene:slfn8,2,0.5,0.44243174455829554,0.5575682554417045,-0.033845155704415264,0.0,0.5,0.5,0.0,-0.04953560371517028
M2,mikl_gse173098,increase,mikl_gene:snap91,2,0.3021978021978022,0.38913386862591937,0.6108661313740806,-0.842636827771602,0.0,0.0,0.0,0.0,0.04006089870259931
M2,mikl_gse173098,increase,mikl_gene:sparc,2,0.9166666666666666,0.13479107290116135,0.8652089270988386,0.8884840266653455,0.5,0.5,0.5,0.0,0.1456043956043956
M2,mikl_gse173098,increase,mikl_gene:sptbn2,2,0.0,1.0,0.0,-0.5935432853440085,0.0,1.0,1.0,0.0,-0.24999999999999997
M2,mikl_gse173098,increase,mikl_gene:srl,2,0.7105263157894737,0.44464999693324914,0.5553500030667509,0.289701477556061,0.0,0.5,0.5,0.0,0.44436090225563907
M2,mikl_gse173098,increase,mikl_gene:sspn,2,0.1774193548387097,0.4749304171999797,0.5250695828000203,-0.8749532703172085,0.0,0.0,0.5,0.0,3.574983528832967e-05
M2,mikl_gse173098,increase,mikl_gene:st6gal1,2,0.5116279069767442,0.4917510593188212,0.5082489406811788,0.5519387672999069,0.5,0.5,0.5,0.5,-0.08294573643410852
M2,mikl_gse173098,increase,mikl_gene:syt15,2,0.20967741935483875,0.674231552045635,0.32576844795436505,-0.5306973127092629,0.0,0.0,0.5,0.0,0.07239736070381231
M2,mikl_gse173098,increase,mikl_gene:tagln,2,0.17647058823529416,0.5565333124564755,0.4434666875435244,-0.4734203121973486,0.0,0.0,0.0,0.0,-0.11455108359133127
M2,mikl_gse173098,increase,mikl_gene:tbcel,2,0.4676470588235294,0.5565364430610205,0.44346355693897954,-0.16373840286268337,0.0,0.0,0.0,0.0,0.09024167806657549
M2,mikl_gse173098,increase,mikl_gene:tcte1,2,0.45,0.509355529862942,0.49064447013705803,-0.523754789919773,0.0,0.0,0.5,0.0,-0.05064935064935064
M2,mikl_gse173098,increase,mikl_gene:tfap2b,2,0.5444444444444445,0.7099583847905582,0.2900416152094419,-0.1389078172706581,0.0,0.0,0.0,0.0,-0.08393462843046562
M2,mikl_gse173098,increase,mikl_gene:tfg,2,0.5,0.5310917826487668,0.4689082173512332,-0.02521221124730655,0.0,0.0,0.5,0.0,-0.27558839627805143
M2,mikl_gse173098,increase,mikl_gene:thbd,2,0.625,0.2975554618097944,0.7024445381902056,-0.35151702846141286,0.5,0.5,0.5,0.5,0.3956043956043956
M2,mikl_gse173098,increase,mikl_gene:tirap,2,0.3548387096774193,0.5468632847069057,0.45313671529309424,-0.18133958292490554,0.0,0.0,0.0,0.0,0.2351539589442815
M2,mikl_gse173098,increase,mikl_gene:tmem242,2,0.85,0.14685287706270678,0.8531471229372932,0.3815245400842145,0.5,0.5,0.5,0.5,0.10000000000000003
M2,mikl_gse173098,increase,mikl_gene:tnfrsf19,2,0.9791666666666667,0.11092516546511817,0.8890748345348818,1.7094576599066396,0.5,1.0,1.0,0.5,0.24715241452820186
M2,mikl_gse173098,increase,mikl_gene:tor4a,2,0.4444444444444445,0.5576042236209097,0.4423957763790903,-0.36108926153653703,0.0,0.5,0.5,0.0,-0.04848484848484848
M2,mikl_gse173098,increase,mikl_gene:tpmt,2,0.07142857142857145,0.8331405642856603,0.1668594357143397,-0.585631797160766,0.0,0.5,1.0,0.0,-0.7023809523809526
M2,mikl_gse173098,increase,mikl_gene:tpt1,2,0.05555555555555558,0.7272583648045958,0.27274163519540423,-0.9066348943183353,0.0,1.0,1.0,0.0,0.2002490665786269
M2,mikl_gse173098,increase,mikl_gene:trim56,2,0.06701030927835055,0.6701817521104169,0.32981824788958314,-1.0602515115496445,0.0,0.0,0.0,0.0,0.029515640435250692
M2,mikl_gse173098,increase,mikl_gene:trp63,2,0.4626865671641791,0.40226550718071274,0.5977344928192873,-0.3088019289974664,0.0,0.0,0.5,0.0,0.17028748385558853
M2,mikl_gse173098,increase,mikl_gene:tulp1,2,0.0,1.0,0.0,-0.563374003839012,0.0,1.0,1.0,0.0,-0.20606060606060606
M2,mikl_gse173098,increase,mikl_gene:tusc3,2,0.7407407407407407,0.3404847550315629,0.6595152449684372,-0.03597829808163755,0.0,0.0,0.5,0.0,0.005747126436781609
M2,mikl_gse173098,increase,mikl_gene:ube2m,2,0.2,0.7473940794155842,0.25260592058441583,-0.4311278518777875,0.0,0.5,0.5,0.0,-0.15909090909090912
M2,mikl_gse173098,increase,mikl_gene:unc5c,2,0.78551912568306,0.24210866717412868,0.7578913328258714,0.6026362002711776,0.0,0.0,0.0,0.0,0.013304810959083709
M2,mikl_gse173098,increase,mikl_gene:uqcrq,2,0.6875,0.29228946990312576,0.7077105300968742,0.17582960721561208,0.5,0.5,0.5,0.5,0.07500000000000001
M2,mikl_gse173098,increase,mikl_gene:vangl1,2,0.9519230769230769,0.28138618770049306,0.7186138122995069,1.0861167848101805,0.0,0.0,0.0,0.0,-0.024875020158039024
M2,mikl_gse173098,increase,mikl_gene:vapb,2,0.6000000000000001,0.3564004142548315,0.6435995857451685,0.005237261185686451,0.0,0.0,0.0,0.0,0.13047384201440637
M2,mikl_gse173098,increase,mikl_gene:vav3,2,0.4,0.7269281313126311,0.2730718686873689,-0.4898639247696006,0.0,0.0,0.5,0.0,-0.4571428571428572
M2,mikl_gse173098,increase,mikl_gene:vma21,2,0.8476394849785407,0.4559507352964724,0.5440492647035275,1.4197536377009898,0.0,0.0,0.0,0.0,0.029922512214393925
M2,mikl_gse173098,increase,mikl_gene:wdr31,2,0.8928571428571428,0.06217305889432163,0.9378269411056783,0.30550099466612957,0.5,0.5,0.5,0.5,0.20892857142857135
M2,mikl_gse173098,increase,mikl_gene:zbtb20,2,0.9209770114942528,0.3468169196444517,0.6531830803555483,0.9472624111595118,0.0,0.0,0.0,0.0,0.04866797579405015
M2,mikl_gse173098,increase,mikl_gene:zfhx3,2,0.553921568627451,0.5468305865106075,0.4531694134893925,0.046300100531939586,0.0,0.0,0.5,0.0,0.07139326977990598
M2,mikl_gse173098,increase,mikl_gene:zscan20,2,0.5833333333333333,0.518854915971162,0.48114508402883804,-0.09018900568601655,0.0,0.0,0.5,0.0,0.09951676230745998
M2,moffatt_gse334718,decrease,moffatt_parent_sequence:139c4882daa7dfbf012c1a463d21076843e8e7d35ee52912c4dc135d78c1bdef,7,0.7010705191591207,0.24468314068187427,0.7553168593181258,0.5296613844440846,0.2857142857142857,0.2857142857142857,0.2857142857142857,0.14285714285714285,0.3430217016098242
M2,moffatt_gse334718,decrease,moffatt_parent_sequence:36e73539d1acd4413e3e1072562098393ce68280e289b4e966e985a09a34ac5f,7,0.8868679951781343,0.1842417462294685,0.8157582537705315,0.6622636465311247,0.0,0.14285714285714285,0.42857142857142855,0.0,0.4543954864756614
M2,moffatt_gse334718,decrease,moffatt_parent_sequence:45ec1d64039db0d8b56d704e14c7a76e3729d447f8dc0b19cf0e854517e5ed8d,10,0.8681180304720695,0.15177672294542413,0.8482232770545759,0.48498440316833225,0.4,0.6,0.6,0.0,0.4036538372905957
M2,moffatt_gse334718,decrease,moffatt_parent_sequence:572aefff72c0c5ebef579dab97cd510a0daaf1f661477a6c0c7da11ea8b145ee,9,0.6633230040889645,0.2875869049720213,0.7124130950279787,0.47434492159991987,0.0,0.2222222222222222,0.3333333333333333,0.0,0.3081189232490282
M2,moffatt_gse334718,decrease,moffatt_parent_sequence:71717d67de00792da52084974f2481e99d5aee74258ae7426800cc5b7aa44393,7,0.626507579673068,0.30016897840257567,0.6998310215974243,0.5710191094288858,0.14285714285714285,0.14285714285714285,0.2857142857142857,0.0,0.2702406389408268
M2,moffatt_gse334718,decrease,moffatt_parent_sequence:71b017fc3704c0a72626c909e1055d0dec5dc20d0b9a0142f93d196c4ea6c651,1,0.9966044142614601,0.009620985014153776,0.9903790149858462,0.865438539139819,1.0,1.0,1.0,0.0,0.3220201091244206
M2,moffatt_gse334718,decrease,moffatt_parent_sequence:a99e16ae7c3711f8ed155495b69998e0a7ca017d377e53a2aaaa28b9fe672e89,9,0.8714709474596706,0.16638025608479054,0.8336197439152094,0.7001527570093883,0.3333333333333333,0.5555555555555556,0.5555555555555556,0.0,0.451872563036743
M2,moffatt_gse334718,decrease,moffatt_parent_sequence:ebeaf12933f759f1472b6be1caeb911d7e9c703616cc2179a4826077ebc2145a,1,0.25,0.28122058589288323,0.7187794141071168,0.683056769045539,0.0,0.0,0.0,0.0,0.024732620320855617
M2,moffatt_gse334718,increase,moffatt_parent_sequence:139c4882daa7dfbf012c1a463d21076843e8e7d35ee52912c4dc135d78c1bdef,7,0.6725661303324527,0.44615939515007497,0.553840604849925,0.6864891953803536,0.0,0.0,0.0,0.0,0.3430217016098242
M2,moffatt_gse334718,increase,moffatt_parent_sequence:36e73539d1acd4413e3e1072562098393ce68280e289b4e966e985a09a34ac5f,7,0.6396166256965164,0.5235692739765436,0.47643072602345643,0.8773206249378627,0.0,0.0,0.0,0.0,0.4543954864756614
M2,moffatt_gse334718,increase,moffatt_parent_sequence:45ec1d64039db0d8b56d704e14c7a76e3729d447f8dc0b19cf0e854517e5ed8d,10,0.6520228052177585,0.47866438203227457,0.5213356179677254,1.6879759416279108,0.0,0.0,0.0,0.0,0.4036538372905957
M2,moffatt_gse334718,increase,moffatt_parent_sequence:572aefff72c0c5ebef579dab97cd510a0daaf1f661477a6c0c7da11ea8b145ee,9,0.6810968476899377,0.5205082715460627,0.4794917284539373,0.5186609770186705,0.0,0.0,0.0,0.0,0.3081189232490282
M2,moffatt_gse334718,increase,moffatt_parent_sequence:71717d67de00792da52084974f2481e99d5aee74258ae7426800cc5b7aa44393,7,0.5071086623152491,0.6412767964233109,0.35872320357668913,-0.14201843234127823,0.0,0.14285714285714285,0.14285714285714285,0.0,0.2702406389408268
M2,moffatt_gse334718,increase,moffatt_parent_sequence:71b017fc3704c0a72626c909e1055d0dec5dc20d0b9a0142f93d196c4ea6c651,1,0.2597623089983022,0.4842368871756416,0.5157631128243584,1.14410992388176,0.0,0.0,0.0,0.0,0.3220201091244206
M2,moffatt_gse334718,increase,moffatt_parent_sequence:a99e16ae7c3711f8ed155495b69998e0a7ca017d377e53a2aaaa28b9fe672e89,9,0.628423225865281,0.4486392944041444,0.5513607055958556,1.3400881229945065,0.0,0.1111111111111111,0.1111111111111111,0.0,0.451872563036743
M2,moffatt_gse334718,increase,moffatt_parent_sequence:ebeaf12933f759f1472b6be1caeb911d7e9c703616cc2179a4826077ebc2145a,1,0.15625,0.8356362680872341,0.16436373191276588,-1.00189812378526,0.0,0.0,0.0,0.0,0.024732620320855617
M2,tdp43_gse288185,decrease,tdp_gene:ENSMUSG00000004113,1,1.0,0.0,1.0,1.41155403959766,1.0,1.0,1.0,1.0,0.30340079496450817
M2,tdp43_gse288185,decrease,tdp_gene:ENSMUSG00000022095,1,0.8489795918367347,0.45413233048461404,0.5458676695153859,2.13038622854065,0.0,0.0,0.0,0.0,0.729216904496567
M2,tdp43_gse288185,decrease,tdp_gene:ENSMUSG00000028439,1,0.9240506329113924,0.5250506673649492,0.4749493326350508,0.902633668074087,0.0,0.0,0.0,0.0,0.513039458923105
M2,tdp43_gse288185,decrease,tdp_gene:ENSMUSG00000029028,1,0.8092485549132948,0.33701759417908916,0.6629824058209108,1.94568277501313,0.0,0.0,0.0,0.0,0.8192727583359435
M2,tdp43_gse288185,decrease,tdp_gene:ENSMUSG00000029636,1,0.762962962962963,0.48735673793972156,0.5126432620602784,0.0639238954895721,0.0,0.0,0.0,0.0,-0.008241685358030052
M2,tdp43_gse288185,decrease,tdp_gene:ENSMUSG00000031028,1,0.8997912317327766,0.3985606785545422,0.6014393214454579,0.136499575951814,0.0,0.0,0.0,0.0,0.17912534342596972
M2,tdp43_gse288185,decrease,tdp_gene:ENSMUSG00000032194,1,0.9554455445544554,0.15286432217342077,0.8471356778265793,1.00903396859249,0.0,1.0,1.0,0.0,0.5290531371305778
M2,tdp43_gse288185,decrease,tdp_gene:ENSMUSG00000034801,1,0.30612244897959184,0.62172032827878,0.37827967172122,-0.0840139304904089,0.0,0.0,0.0,0.0,-0.04535559678416821
M2,tdp43_gse288185,decrease,tdp_gene:ENSMUSG00000035202,1,0.30952380952380953,0.5827103777755701,0.4172896222244299,-0.0440339818390938,0.0,0.0,0.0,0.0,0.08288059409810436
M2,tdp43_gse288185,decrease,tdp_gene:ENSMUSG00000035279,1,0.15094339622641506,0.6731244267095428,0.32687557329045724,-0.132984218433646,0.0,0.0,0.0,0.0,-0.18795502191728605
M2,tdp43_gse288185,decrease,tdp_gene:ENSMUSG00000038916,1,0.4,0.2606299957939512,0.7393700042060488,0.109337592466143,0.0,1.0,1.0,0.0,0.4285714285714286
M2,tdp43_gse288185,decrease,tdp_gene:ENSMUSG00000042529,1,0.718562874251497,0.6500317535796508,0.3499682464203492,0.0939893410744534,0.0,0.0,0.0,0.0,0.30016789448820913
M2,tdp43_gse288185,decrease,tdp_gene:ENSMUSG00000043670,1,0.9566787003610109,0.07660499377505624,0.9233950062249437,4.15524713300181,1.0,1.0,1.0,0.0,0.6079624014774438
M2,tdp43_gse288185,decrease,tdp_gene:ENSMUSG00000058297,1,0.8389610389610389,0.7572373323395613,0.24276266766043875,0.411111003699382,0.0,0.0,0.0,0.0,0.5522014074610774
M2,tdp43_gse288185,decrease,tdp_gene:ENSMUSG00000061578,1,0.7611181702668361,0.6603795760675033,0.3396204239324967,0.0896077706204482,0.0,0.0,0.0,0.0,0.09470417317050876
M2,tdp43_gse288185,decrease,tdp_gene:ENSMUSG00000090935,1,0.148989898989899,0.6668123830135634,0.3331876169864366,-0.0974676603780937,0.0,0.0,0.0,0.0,0.019303064440590864
M2,tdp43_gse288185,increase,tdp_gene:ENSMUSG00000004113,1,0.3430493273542601,0.31270823560309097,0.687291764396909,-0.0747814057749978,0.0,0.0,0.0,0.0,0.30340079496450817
M2,tdp43_gse288185,increase,tdp_gene:ENSMUSG00000022095,1,0.43265306122448977,0.10650975337492741,0.8934902466250726,-0.152054749413607,0.0,1.0,1.0,0.0,0.729216904496567
M2,tdp43_gse288185,increase,tdp_gene:ENSMUSG00000028439,1,0.7088607594936709,0.3745459117638978,0.6254540882361022,0.0329966909965586,0.0,0.0,0.0,0.0,0.513039458923105
M2,tdp43_gse288185,increase,tdp_gene:ENSMUSG00000029028,1,0.8439306358381503,0.06704314234350493,0.932956857656495,0.0308955981560609,1.0,1.0,1.0,0.0,0.8192727583359435
M2,tdp43_gse288185,increase,tdp_gene:ENSMUSG00000029636,1,0.2518518518518519,0.5095948286385539,0.4904051713614461,-0.0616589609675193,0.0,0.0,0.0,0.0,-0.008241685358030052
M2,tdp43_gse288185,increase,tdp_gene:ENSMUSG00000031028,1,0.5720250521920668,0.4323520399304878,0.5676479600695121,0.0097777657082176,0.0,0.0,0.0,0.0,0.17912534342596972
M2,tdp43_gse288185,increase,tdp_gene:ENSMUSG00000032194,1,0.6138613861386139,0.22023573879755387,0.7797642612024461,-0.012372989675149,0.0,0.0,0.0,0.0,0.5290531371305778
M2,tdp43_gse288185,increase,tdp_gene:ENSMUSG00000034801,1,0.8163265306122449,0.32920092024620307,0.6707990797537969,0.113345518231674,0.0,0.0,0.0,0.0,-0.04535559678416821
M2,tdp43_gse288185,increase,tdp_gene:ENSMUSG00000035202,1,0.5357142857142857,0.4967095320932047,0.5032904679067953,-0.002535221465802,0.0,0.0,0.0,0.0,0.08288059409810436
M2,tdp43_gse288185,increase,tdp_gene:ENSMUSG00000035279,1,0.6981132075471699,0.4658403343125748,0.5341596656874252,0.0698216254947045,0.0,0.0,0.0,0.0,-0.18795502191728605
M2,tdp43_gse288185,increase,tdp_gene:ENSMUSG00000038916,1,0.8,0.3514876106830882,0.6485123893169118,0.0874660445159816,0.0,1.0,1.0,0.0,0.4285714285714286
M2,tdp43_gse288185,increase,tdp_gene:ENSMUSG00000042529,1,0.6736526946107784,0.31016623134885174,0.6898337686511482,0.0349472944469658,0.0,0.0,0.0,0.0,0.30016789448820913
M2,tdp43_gse288185,increase,tdp_gene:ENSMUSG00000043670,1,0.9602888086642599,0.04544094880735258,0.9545590511926474,0.166724217301994,1.0,1.0,1.0,0.0,0.6079624014774438
M2,tdp43_gse288185,increase,tdp_gene:ENSMUSG00000058297,1,0.5532467532467533,0.13896149951233,0.8610385004876699,-0.0274456093501383,0.0,0.0,0.0,0.0,0.5522014074610774
M2,tdp43_gse288185,increase,tdp_gene:ENSMUSG00000061578,1,0.28081321473951715,0.32859854340829886,0.6714014565917011,-0.0697255107406104,0.0,0.0,0.0,0.0,0.09470417317050876
M2,tdp43_gse288185,increase,tdp_gene:ENSMUSG00000090935,1,0.6742424242424243,0.3840207579611943,0.6159792420388057,0.0407719693333195,0.0,0.0,0.0,0.0,0.019303064440590864
