scheme,direction,model,comparator,metric,gain,ci_low,ci_high,fraction_groups_improved,statistical_groups,biological_contexts
composition_holdout,-1,composition,uniform,published_regret,-0.07115292885363124,-0.13360417796873134,-0.00449897033617424,0.31666666666666665,60,1
composition_holdout,-1,composition,uniform,rep1_regret,-0.08319521608547284,-0.15610794058619062,-0.007293400702631174,0.35,60,1
composition_holdout,-1,composition,uniform,rep2_regret,-0.1111261750876251,-0.1680643466685298,-0.05019064618244033,0.2833333333333333,60,1
composition_holdout,-1,composition,uniform,wrong_both,-0.051320471529499305,-0.09501689624868445,-0.009236572575444127,0.31666666666666665,60,1
composition_holdout,-1,composition,kmer123,published_regret,-0.27216170050718896,-0.36469466123203653,-0.18454916468857885,0.13333333333333333,60,1
composition_holdout,-1,composition,kmer123,rep1_regret,-0.31145222353241275,-0.4187932107250848,-0.2006369820667187,0.18333333333333332,60,1
composition_holdout,-1,composition,kmer123,rep2_regret,-0.3365661463461264,-0.4247943168397411,-0.24617495263887418,0.1,60,1
composition_holdout,-1,composition,kmer123,wrong_both,-0.1994800723967391,-0.26639425505050507,-0.1323605295167796,0.05,60,1
composition_holdout,-1,composition,position_pair,published_regret,-0.3113073571520145,-0.40669455980660246,-0.2164995624991152,0.13333333333333333,60,1
composition_holdout,-1,composition,position_pair,rep1_regret,-0.32789294416095255,-0.4349028744482793,-0.2165955352999712,0.13333333333333333,60,1
composition_holdout,-1,composition,position_pair,rep2_regret,-0.3723119079920498,-0.4575475254620213,-0.2850321329014257,0.1,60,1
composition_holdout,-1,composition,position_pair,wrong_both,-0.2370375141833475,-0.2980998079081413,-0.18182400934328022,0.016666666666666666,60,1
composition_holdout,-1,1mer,uniform,published_regret,-0.07115292885363124,-0.13360417796873134,-0.00449897033617424,0.31666666666666665,60,1
composition_holdout,-1,1mer,uniform,rep1_regret,-0.08319521608547284,-0.15610794058619062,-0.007293400702631174,0.35,60,1
composition_holdout,-1,1mer,uniform,rep2_regret,-0.1111261750876251,-0.1680643466685298,-0.05019064618244033,0.2833333333333333,60,1
composition_holdout,-1,1mer,uniform,wrong_both,-0.051320471529499305,-0.09501689624868445,-0.009236572575444127,0.31666666666666665,60,1
composition_holdout,-1,1mer,composition,published_regret,0.0,0.0,0.0,0.0,60,1
composition_holdout,-1,1mer,composition,rep1_regret,0.0,0.0,0.0,0.0,60,1
composition_holdout,-1,1mer,composition,rep2_regret,0.0,0.0,0.0,0.0,60,1
composition_holdout,-1,1mer,composition,wrong_both,0.0,0.0,0.0,0.0,60,1
composition_holdout,-1,1mer,kmer123,published_regret,-0.27216170050718896,-0.36469466123203653,-0.18454916468857885,0.13333333333333333,60,1
composition_holdout,-1,1mer,kmer123,rep1_regret,-0.31145222353241275,-0.4187932107250848,-0.2006369820667187,0.18333333333333332,60,1
composition_holdout,-1,1mer,kmer123,rep2_regret,-0.3365661463461264,-0.4247943168397411,-0.24617495263887418,0.1,60,1
composition_holdout,-1,1mer,kmer123,wrong_both,-0.1994800723967391,-0.26639425505050507,-0.1323605295167796,0.05,60,1
composition_holdout,-1,1mer,position_pair,published_regret,-0.3113073571520145,-0.40669455980660246,-0.2164995624991152,0.13333333333333333,60,1
composition_holdout,-1,1mer,position_pair,rep1_regret,-0.32789294416095255,-0.4349028744482793,-0.2165955352999712,0.13333333333333333,60,1
composition_holdout,-1,1mer,position_pair,rep2_regret,-0.3723119079920498,-0.4575475254620213,-0.2850321329014257,0.1,60,1
composition_holdout,-1,1mer,position_pair,wrong_both,-0.2370375141833475,-0.2980998079081413,-0.18182400934328022,0.016666666666666666,60,1
composition_holdout,-1,2mer,uniform,published_regret,0.17911949578382946,0.10853013525848233,0.24335378395814,0.8166666666666667,60,1
composition_holdout,-1,2mer,uniform,rep1_regret,0.17795598007554653,0.10885762048389884,0.24279557715302214,0.7666666666666667,60,1
composition_holdout,-1,2mer,uniform,rep2_regret,0.1761961543635583,0.10670613900015759,0.24200967993196248,0.7833333333333333,60,1
composition_holdout,-1,2mer,uniform,wrong_both,0.09561975336905891,0.04798455602974699,0.14202444489088578,0.7166666666666667,60,1
composition_holdout,-1,2mer,composition,published_regret,0.25027242463746074,0.1568080253804863,0.34298621275385965,0.7333333333333333,60,1
composition_holdout,-1,2mer,composition,rep1_regret,0.2611511961610194,0.16538627148378182,0.3561544258246027,0.7,60,1
composition_holdout,-1,2mer,composition,rep2_regret,0.2873223294511833,0.20337686433756397,0.3716318276275742,0.7666666666666667,60,1
composition_holdout,-1,2mer,composition,wrong_both,0.14694022489855826,0.09740013373971708,0.20296699731595555,0.55,60,1
composition_holdout,-1,2mer,kmer123,published_regret,-0.021889275869728265,-0.1005199132009703,0.05261719169553359,0.3333333333333333,60,1
composition_holdout,-1,2mer,kmer123,rep1_regret,-0.050301027371393366,-0.1361668100031553,0.02932605019584194,0.21666666666666667,60,1
composition_holdout,-1,2mer,kmer123,rep2_regret,-0.04924381689494307,-0.13149187939773352,0.03249390858055744,0.26666666666666666,60,1
composition_holdout,-1,2mer,kmer123,wrong_both,-0.05253984749818083,-0.11152712276149773,0.002210909075492393,0.11666666666666667,60,1
composition_holdout,-1,2mer,position_pair,published_regret,-0.06103493251455381,-0.14679877286723406,0.01932618015182891,0.26666666666666666,60,1
composition_holdout,-1,2mer,position_pair,rep1_regret,-0.06674174799993314,-0.15471073945401156,0.017279991063867288,0.3,60,1
composition_holdout,-1,2mer,position_pair,rep2_regret,-0.08498957854086646,-0.17216571208265347,-0.003289273808750612,0.2833333333333333,60,1
composition_holdout,-1,2mer,position_pair,wrong_both,-0.09009728928478929,-0.1479105962902838,-0.04230758223258223,0.1,60,1
composition_holdout,-1,3mer,uniform,published_regret,0.15885624566596881,0.09281591473458944,0.22028705311462865,0.75,60,1
composition_holdout,-1,3mer,uniform,rep1_regret,0.17311229247724322,0.10822348000699576,0.23876892366552147,0.75,60,1
composition_holdout,-1,3mer,uniform,rep2_regret,0.18588601520648393,0.12154807739499421,0.24565210421384667,0.8166666666666667,60,1
composition_holdout,-1,3mer,uniform,wrong_both,0.13413542828056715,0.09789011393377711,0.17024524963655172,0.8,60,1
composition_holdout,-1,3mer,composition,published_regret,0.23000917451960007,0.13114678045359232,0.3272651130072984,0.7166666666666667,60,1
composition_holdout,-1,3mer,composition,rep1_regret,0.2563075085627161,0.15002807652093164,0.35965119031049353,0.75,60,1
composition_holdout,-1,3mer,composition,rep2_regret,0.297012190294109,0.20022992244990442,0.3908670751979508,0.75,60,1
composition_holdout,-1,3mer,composition,wrong_both,0.18545589981006652,0.11655485359547858,0.25437353161884413,0.6666666666666666,60,1
composition_holdout,-1,3mer,kmer123,published_regret,-0.0421525259875889,-0.08852846156592663,0.0029910278657930517,0.18333333333333332,60,1
composition_holdout,-1,3mer,kmer123,rep1_regret,-0.05514471496969663,-0.09233259752699825,-0.013856069596770272,0.13333333333333333,60,1
composition_holdout,-1,3mer,kmer123,rep2_regret,-0.03955395605201742,-0.08083782122543706,0.00038316938266503143,0.25,60,1
composition_holdout,-1,3mer,kmer123,wrong_both,-0.014024172586672585,-0.03687972767972768,0.010100831344581342,0.1,60,1
composition_holdout,-1,3mer,position_pair,published_regret,-0.08129818263241445,-0.14421471458669283,-0.022819935262107356,0.23333333333333334,60,1
composition_holdout,-1,3mer,position_pair,rep1_regret,-0.07158543559823644,-0.13098630395509073,-0.011086026243100348,0.2833333333333333,60,1
composition_holdout,-1,3mer,position_pair,rep2_regret,-0.07529971769794079,-0.14192581115803177,-0.012722564132314231,0.31666666666666665,60,1
composition_holdout,-1,3mer,position_pair,wrong_both,-0.051581614373281036,-0.09347445147445148,-0.016321695858154194,0.11666666666666667,60,1
composition_holdout,-1,kmer123,uniform,published_regret,0.2010087716535577,0.1422844630225379,0.25928050862705604,0.8,60,1
composition_holdout,-1,kmer123,uniform,rep1_regret,0.2282570074469399,0.16244509434522966,0.2908595306801928,0.8166666666666667,60,1
composition_holdout,-1,kmer123,uniform,rep2_regret,0.22543997125850132,0.16483926214090827,0.2824640778490086,0.85,60,1
composition_holdout,-1,kmer123,uniform,wrong_both,0.14815960086723975,0.11229747308504252,0.18579819581588677,0.8666666666666667,60,1
composition_holdout,-1,kmer123,composition,published_regret,0.27216170050718896,0.18454916468857877,0.3646946612320365,0.75,60,1
composition_holdout,-1,kmer123,composition,rep1_regret,0.31145222353241275,0.20063698206671868,0.4187932107250848,0.75,60,1
composition_holdout,-1,kmer123,composition,rep2_regret,0.3365661463461264,0.24617495263887396,0.4247943168397411,0.8,60,1
composition_holdout,-1,kmer123,composition,wrong_both,0.1994800723967391,0.1323605295167795,0.26639425505050507,0.7,60,1
composition_holdout,-1,kmer123,position_pair,published_regret,-0.03914565664482554,-0.10040991343082702,0.016779024547113552,0.25,60,1
composition_holdout,-1,kmer123,position_pair,rep1_regret,-0.016440720628539792,-0.07281845448533497,0.03717116902805381,0.3333333333333333,60,1
composition_holdout,-1,kmer123,position_pair,rep2_regret,-0.035745761645923385,-0.09829250655656188,0.020181083688072782,0.31666666666666665,60,1
composition_holdout,-1,kmer123,position_pair,wrong_both,-0.03755744178660845,-0.08012369815755231,-0.0019701963160296734,0.11666666666666667,60,1
composition_holdout,-1,position_additive,uniform,published_regret,0.10082735307716399,0.030756712678159527,0.16919196095871997,0.7,60,1
composition_holdout,-1,position_additive,uniform,rep1_regret,0.13105390104461148,0.06942039651459013,0.1894038974368805,0.7333333333333333,60,1
composition_holdout,-1,position_additive,uniform,rep2_regret,0.08062401866432506,0.013463975399845571,0.1453805961870928,0.6333333333333333,60,1
composition_holdout,-1,position_additive,uniform,wrong_both,0.09006704373301594,0.05165424018175754,0.1304393049112667,0.6833333333333333,60,1
composition_holdout,-1,position_additive,composition,published_regret,0.1719802819307952,0.06345110732819492,0.2808982514979473,0.7,60,1
composition_holdout,-1,position_additive,composition,rep1_regret,0.21424911713008432,0.099547907481856,0.3228238654781062,0.75,60,1
composition_holdout,-1,position_additive,composition,rep2_regret,0.19175019375195015,0.09320882152427125,0.2903672704879232,0.7333333333333333,60,1
composition_holdout,-1,position_additive,composition,wrong_both,0.14138751526251525,0.06873441431253932,0.21686312703500202,0.6166666666666667,60,1
composition_holdout,-1,position_additive,kmer123,published_regret,-0.10018141857639372,-0.161614974568911,-0.03787432600607925,0.21666666666666667,60,1
composition_holdout,-1,position_additive,kmer123,rep1_regret,-0.09720310640232843,-0.1550834394166076,-0.033561888335703866,0.23333333333333334,60,1
composition_holdout,-1,position_additive,kmer123,rep2_regret,-0.1448159525941763,-0.19920272421654725,-0.08673412931598239,0.15,60,1
composition_holdout,-1,position_additive,kmer123,wrong_both,-0.0580925571342238,-0.09826292149208815,-0.020593919968920012,0.1,60,1
composition_holdout,-1,position_additive,position_pair,published_regret,-0.13932707522121926,-0.20630681243621246,-0.07105228972699411,0.16666666666666666,60,1
composition_holdout,-1,position_additive,position_pair,rep1_regret,-0.11364382703086823,-0.17682434433662356,-0.048635145017998004,0.2,60,1
composition_holdout,-1,position_additive,position_pair,rep2_regret,-0.18056171424009967,-0.2460365099774772,-0.11889708375448461,0.15,60,1
composition_holdout,-1,position_additive,position_pair,wrong_both,-0.09564999892083224,-0.1453774665535082,-0.05400875312958651,0.06666666666666667,60,1
composition_holdout,-1,position_pair,uniform,published_regret,0.24015442829838327,0.18140512959526536,0.2986957190509932,0.8333333333333334,60,1
composition_holdout,-1,position_pair,uniform,rep1_regret,0.24469772807547974,0.18316691401348134,0.30625987303634516,0.8333333333333334,60,1
composition_holdout,-1,position_pair,uniform,rep2_regret,0.2611857329044247,0.2033796535712299,0.31568248917928404,0.8666666666666667,60,1
composition_holdout,-1,position_pair,uniform,wrong_both,0.1857170426538482,0.1516438713980207,0.222137743436476,0.8666666666666667,60,1
composition_holdout,-1,position_pair,composition,published_regret,0.3113073571520145,0.2164995624991152,0.4066945598066024,0.7666666666666667,60,1
composition_holdout,-1,position_pair,composition,rep1_regret,0.32789294416095255,0.21659553529997116,0.4349028744482792,0.8166666666666667,60,1
composition_holdout,-1,position_pair,composition,rep2_regret,0.3723119079920498,0.28503213290142565,0.45754752546202127,0.8333333333333334,60,1
composition_holdout,-1,position_pair,composition,wrong_both,0.2370375141833475,0.18182400934328016,0.2980998079081412,0.7666666666666667,60,1
composition_holdout,-1,position_pair,kmer123,published_regret,0.03914565664482554,-0.01677902454711361,0.10040991343082697,0.43333333333333335,60,1
composition_holdout,-1,position_pair,kmer123,rep1_regret,0.016440720628539792,-0.03717116902805384,0.07281845448533494,0.35,60,1
composition_holdout,-1,position_pair,kmer123,rep2_regret,0.035745761645923385,-0.02018108368807288,0.09829250655656187,0.36666666666666664,60,1
composition_holdout,-1,position_pair,kmer123,wrong_both,0.03755744178660845,0.0019701963160296495,0.08012369815755231,0.23333333333333334,60,1
purged_composition_holdout,-1,composition,uniform,published_regret,-0.07115292885363124,-0.13360417796873134,-0.00449897033617424,0.31666666666666665,60,1
purged_composition_holdout,-1,composition,uniform,rep1_regret,-0.08319521608547284,-0.15610794058619062,-0.007293400702631174,0.35,60,1
purged_composition_holdout,-1,composition,uniform,rep2_regret,-0.1111261750876251,-0.1680643466685298,-0.05019064618244033,0.2833333333333333,60,1
purged_composition_holdout,-1,composition,uniform,wrong_both,-0.051320471529499305,-0.09501689624868445,-0.009236572575444127,0.31666666666666665,60,1
purged_composition_holdout,-1,composition,kmer123,published_regret,-0.2542406477141637,-0.35476235711111365,-0.15635675662271128,0.2,60,1
purged_composition_holdout,-1,composition,kmer123,rep1_regret,-0.2620846512649651,-0.37646090191477916,-0.1459419084062827,0.23333333333333334,60,1
purged_composition_holdout,-1,composition,kmer123,rep2_regret,-0.2729112038409241,-0.3717245325142769,-0.1743598624452431,0.18333333333333332,60,1
purged_composition_holdout,-1,composition,kmer123,wrong_both,-0.16453158801075468,-0.23574824471439054,-0.09192645327280763,0.08333333333333333,60,1
purged_composition_holdout,-1,composition,position_pair,published_regret,-0.17480326662974133,-0.2716078523124866,-0.0789252472090464,0.31666666666666665,60,1
purged_composition_holdout,-1,composition,position_pair,rep1_regret,-0.20250774027048735,-0.3087556134652463,-0.08884002589182968,0.31666666666666665,60,1
purged_composition_holdout,-1,composition,position_pair,rep2_regret,-0.25725471226705765,-0.3513001599874518,-0.16281251899297042,0.21666666666666667,60,1
purged_composition_holdout,-1,composition,position_pair,wrong_both,-0.14235821739988405,-0.21559522630147632,-0.07052728798978809,0.16666666666666666,60,1
purged_composition_holdout,-1,1mer,uniform,published_regret,-0.07115292885363124,-0.13360417796873134,-0.00449897033617424,0.31666666666666665,60,1
purged_composition_holdout,-1,1mer,uniform,rep1_regret,-0.08319521608547284,-0.15610794058619062,-0.007293400702631174,0.35,60,1
purged_composition_holdout,-1,1mer,uniform,rep2_regret,-0.1111261750876251,-0.1680643466685298,-0.05019064618244033,0.2833333333333333,60,1
purged_composition_holdout,-1,1mer,uniform,wrong_both,-0.051320471529499305,-0.09501689624868445,-0.009236572575444127,0.31666666666666665,60,1
purged_composition_holdout,-1,1mer,composition,published_regret,0.0,0.0,0.0,0.0,60,1
purged_composition_holdout,-1,1mer,composition,rep1_regret,0.0,0.0,0.0,0.0,60,1
purged_composition_holdout,-1,1mer,composition,rep2_regret,0.0,0.0,0.0,0.0,60,1
purged_composition_holdout,-1,1mer,composition,wrong_both,0.0,0.0,0.0,0.0,60,1
purged_composition_holdout,-1,1mer,kmer123,published_regret,-0.2542406477141637,-0.35476235711111365,-0.15635675662271128,0.2,60,1
purged_composition_holdout,-1,1mer,kmer123,rep1_regret,-0.2620846512649651,-0.37646090191477916,-0.1459419084062827,0.23333333333333334,60,1
purged_composition_holdout,-1,1mer,kmer123,rep2_regret,-0.2729112038409241,-0.3717245325142769,-0.1743598624452431,0.18333333333333332,60,1
purged_composition_holdout,-1,1mer,kmer123,wrong_both,-0.16453158801075468,-0.23574824471439054,-0.09192645327280763,0.08333333333333333,60,1
purged_composition_holdout,-1,1mer,position_pair,published_regret,-0.17480326662974133,-0.2716078523124866,-0.0789252472090464,0.31666666666666665,60,1
purged_composition_holdout,-1,1mer,position_pair,rep1_regret,-0.20250774027048735,-0.3087556134652463,-0.08884002589182968,0.31666666666666665,60,1
purged_composition_holdout,-1,1mer,position_pair,rep2_regret,-0.25725471226705765,-0.3513001599874518,-0.16281251899297042,0.21666666666666667,60,1
purged_composition_holdout,-1,1mer,position_pair,wrong_both,-0.14235821739988405,-0.21559522630147632,-0.07052728798978809,0.16666666666666666,60,1
purged_composition_holdout,-1,2mer,uniform,published_regret,0.14657931457467743,0.07799620731853152,0.2090502516287573,0.7666666666666667,60,1
purged_composition_holdout,-1,2mer,uniform,rep1_regret,0.10820306712132605,0.03577286152818967,0.17429584852813962,0.6833333333333333,60,1
purged_composition_holdout,-1,2mer,uniform,rep2_regret,0.11123911545099197,0.03372507788320355,0.17939952211738508,0.7166666666666667,60,1
purged_composition_holdout,-1,2mer,uniform,wrong_both,0.0600150956810679,0.013932133207584605,0.10427046860161444,0.6166666666666667,60,1
purged_composition_holdout,-1,2mer,composition,published_regret,0.2177322434283087,0.11925331909570776,0.3151894867809476,0.7,60,1
purged_composition_holdout,-1,2mer,composition,rep1_regret,0.1913982832067989,0.08656539811966345,0.2949249982376602,0.7,60,1
purged_composition_holdout,-1,2mer,composition,rep2_regret,0.2223652905386171,0.1260285962119893,0.31902515008668014,0.6666666666666666,60,1
purged_composition_holdout,-1,2mer,composition,wrong_both,0.1113355672105672,0.05636615282865284,0.17473483345358343,0.5166666666666667,60,1
purged_composition_holdout,-1,2mer,kmer123,published_regret,-0.03650840428585504,-0.11714005156935725,0.044207619426092026,0.36666666666666664,60,1
purged_composition_holdout,-1,2mer,kmer123,rep1_regret,-0.07068636805816621,-0.159407955836283,0.012327834276996604,0.2833333333333333,60,1
purged_composition_holdout,-1,2mer,kmer123,rep2_regret,-0.050545913302307066,-0.13057117766905352,0.028946845219653523,0.31666666666666665,60,1
purged_composition_holdout,-1,2mer,kmer123,wrong_both,-0.05319602080018747,-0.12133191470951889,0.01051694775132264,0.25,60,1
purged_composition_holdout,-1,2mer,position_pair,published_regret,0.04292897679856736,-0.03729894324847119,0.12161021483684444,0.48333333333333334,60,1
purged_composition_holdout,-1,2mer,position_pair,rep1_regret,-0.011109457063688436,-0.09643552612260436,0.06479536348144946,0.38333333333333336,60,1
purged_composition_holdout,-1,2mer,position_pair,rep2_regret,-0.03488942172844057,-0.12228594913354489,0.0471284946068634,0.4,60,1
purged_composition_holdout,-1,2mer,position_pair,wrong_both,-0.031022650189316856,-0.09721205993080992,0.028550093425093313,0.25,60,1
purged_composition_holdout,-1,3mer,uniform,published_regret,0.12479868274479668,0.05920858075120548,0.187790221469972,0.6833333333333333,60,1
purged_composition_holdout,-1,3mer,uniform,rep1_regret,0.12981848564827222,0.06697312286827538,0.19168651235697662,0.7333333333333333,60,1
purged_composition_holdout,-1,3mer,uniform,rep2_regret,0.1427273600448934,0.08074307180067307,0.20572940289451674,0.6833333333333333,60,1
purged_composition_holdout,-1,3mer,uniform,wrong_both,0.09659870420217641,0.05644449612694404,0.13835791588619709,0.7,60,1
purged_composition_holdout,-1,3mer,composition,published_regret,0.19595161159842792,0.09568856159575122,0.30203866188519324,0.6833333333333333,60,1
purged_composition_holdout,-1,3mer,composition,rep1_regret,0.21301370173374512,0.09438709295432904,0.33020282944363644,0.6333333333333333,60,1
purged_composition_holdout,-1,3mer,composition,rep2_regret,0.2538535351325185,0.1517621408041044,0.3587169330461686,0.7333333333333333,60,1
purged_composition_holdout,-1,3mer,composition,wrong_both,0.14791917573167576,0.07742931142931142,0.22069115433177933,0.6,60,1
purged_composition_holdout,-1,3mer,kmer123,published_regret,-0.05828903611573584,-0.09978238932350665,-0.024039351913883962,0.21666666666666667,60,1
purged_composition_holdout,-1,3mer,kmer123,rep1_regret,-0.04907094953122,-0.08033651924092658,-0.019490931643145852,0.2,60,1
purged_composition_holdout,-1,3mer,kmer123,rep2_regret,-0.019057668708405653,-0.05619930602344027,0.016921894930864656,0.26666666666666666,60,1
purged_composition_holdout,-1,3mer,kmer123,wrong_both,-0.016612412279078944,-0.03536618635993635,-0.00041783370950038146,0.1,60,1
purged_composition_holdout,-1,3mer,position_pair,published_regret,0.021148344968686568,-0.057401945946404125,0.09989488617680675,0.4166666666666667,60,1
purged_composition_holdout,-1,3mer,position_pair,rep1_regret,0.01050596146325778,-0.056714124196995924,0.07877445793771044,0.4666666666666667,60,1
purged_composition_holdout,-1,3mer,position_pair,rep2_regret,-0.0034011771345391546,-0.08061011167830025,0.07176704056669833,0.48333333333333334,60,1
purged_composition_holdout,-1,3mer,position_pair,wrong_both,0.005560958331791669,-0.03637998556227723,0.049432433692850324,0.2833333333333333,60,1
purged_composition_holdout,-1,kmer123,uniform,published_regret,0.18308771886053252,0.12295746356688413,0.24183076857729355,0.8,60,1
purged_composition_holdout,-1,kmer123,uniform,rep1_regret,0.17888943517949227,0.11211548768091537,0.24280887791276115,0.75,60,1
purged_composition_holdout,-1,kmer123,uniform,rep2_regret,0.16178502875329906,0.10243003646068462,0.22275808346784565,0.7166666666666667,60,1
purged_composition_holdout,-1,kmer123,uniform,wrong_both,0.11321111648125536,0.07273675299558979,0.15528724560097817,0.7333333333333333,60,1
purged_composition_holdout,-1,kmer123,composition,published_regret,0.2542406477141637,0.1563567566227112,0.3547623571111136,0.7166666666666667,60,1
purged_composition_holdout,-1,kmer123,composition,rep1_regret,0.2620846512649651,0.14594190840628268,0.3764609019147791,0.7166666666666667,60,1
purged_composition_holdout,-1,kmer123,composition,rep2_regret,0.2729112038409241,0.1743598624452431,0.37172453251427673,0.75,60,1
purged_composition_holdout,-1,kmer123,composition,wrong_both,0.16453158801075468,0.09192645327280745,0.2357482447143905,0.6166666666666667,60,1
purged_composition_holdout,-1,kmer123,position_pair,published_regret,0.0794373810844224,0.0014751046889779542,0.15590689903543783,0.5333333333333333,60,1
purged_composition_holdout,-1,kmer123,position_pair,rep1_regret,0.05957691099447779,-0.01492814952875607,0.13577637854328453,0.5,60,1
purged_composition_holdout,-1,kmer123,position_pair,rep2_regret,0.0156564915738665,-0.055114921703896314,0.0888544399625098,0.48333333333333334,60,1
purged_composition_holdout,-1,kmer123,position_pair,wrong_both,0.022173370610870612,-0.02021744603775853,0.06629258097226846,0.3,60,1
purged_composition_holdout,-1,position_additive,uniform,published_regret,0.07559522354403181,0.010449175650874923,0.13874071309911742,0.6166666666666667,60,1
purged_composition_holdout,-1,position_additive,uniform,rep1_regret,0.08226630474320282,0.025665155207522838,0.13431946852804827,0.6,60,1
purged_composition_holdout,-1,position_additive,uniform,rep2_regret,0.023240363164674403,-0.04054698875443785,0.08438108530930276,0.48333333333333334,60,1
purged_composition_holdout,-1,position_additive,uniform,wrong_both,0.05376601297365186,0.012041403410761037,0.09405864351183792,0.6166666666666667,60,1
purged_composition_holdout,-1,position_additive,composition,published_regret,0.14674815239766306,0.04792505913901769,0.24671974298670005,0.7,60,1
purged_composition_holdout,-1,position_additive,composition,rep1_regret,0.16546152082867568,0.06447149531005736,0.263720578417572,0.7166666666666667,60,1
purged_composition_holdout,-1,position_additive,composition,rep2_regret,0.13436653825229952,0.036491021646758534,0.22597123835894098,0.65,60,1
purged_composition_holdout,-1,position_additive,composition,wrong_both,0.10508648450315115,0.03159743728493729,0.1750123900019733,0.5666666666666667,60,1
purged_composition_holdout,-1,position_additive,kmer123,published_regret,-0.1074924953165007,-0.17206519585748084,-0.048615006626044274,0.25,60,1
purged_composition_holdout,-1,position_additive,kmer123,rep1_regret,-0.09662313043628946,-0.17367887457937767,-0.02590619755559004,0.23333333333333334,60,1
purged_composition_holdout,-1,position_additive,kmer123,rep2_regret,-0.13854466558862466,-0.21665788668352573,-0.06696449467730423,0.25,60,1
purged_composition_holdout,-1,position_additive,kmer123,wrong_both,-0.0594451035076035,-0.11166259319384318,-0.015184322332759837,0.18333333333333332,60,1
purged_composition_holdout,-1,position_additive,position_pair,published_regret,-0.028055114232078293,-0.11348307720907666,0.05293643939060884,0.35,60,1
purged_composition_holdout,-1,position_additive,position_pair,rep1_regret,-0.037046219441811676,-0.11705024445517637,0.03646322627728601,0.35,60,1
purged_composition_holdout,-1,position_additive,position_pair,rep2_regret,-0.12288817401475813,-0.21828620198051563,-0.03582458528815927,0.23333333333333334,60,1
purged_composition_holdout,-1,position_additive,position_pair,wrong_both,-0.0372717328967329,-0.09472468503718504,0.014578477656602635,0.26666666666666666,60,1
purged_composition_holdout,-1,position_pair,uniform,published_regret,0.10365033777611009,0.04479526399216989,0.16447657447901673,0.6833333333333333,60,1
purged_composition_holdout,-1,position_pair,uniform,rep1_regret,0.11931252418501449,0.05661409012881322,0.18035460393994118,0.7,60,1
purged_composition_holdout,-1,position_pair,uniform,rep2_regret,0.14612853717943255,0.0832580933405256,0.20987249523032844,0.7333333333333333,60,1
purged_composition_holdout,-1,position_pair,uniform,wrong_both,0.09103774587038474,0.04520070797258297,0.13704602470574692,0.7,60,1
purged_composition_holdout,-1,position_pair,composition,published_regret,0.17480326662974133,0.07892524720904638,0.2716078523124864,0.6333333333333333,60,1
purged_composition_holdout,-1,position_pair,composition,rep1_regret,0.20250774027048735,0.08884002589182956,0.30875561346524594,0.6833333333333333,60,1
purged_composition_holdout,-1,position_pair,composition,rep2_regret,0.25725471226705765,0.16281251899297042,0.3513001599874516,0.7666666666666667,60,1
purged_composition_holdout,-1,position_pair,composition,wrong_both,0.14235821739988405,0.07052728798978798,0.2155952263014763,0.6,60,1
purged_composition_holdout,-1,position_pair,kmer123,published_regret,-0.0794373810844224,-0.15590689903543786,-0.0014751046889780008,0.3333333333333333,60,1
purged_composition_holdout,-1,position_pair,kmer123,rep1_regret,-0.05957691099447779,-0.13577637854328456,0.014928149528756067,0.36666666666666664,60,1
purged_composition_holdout,-1,position_pair,kmer123,rep2_regret,-0.0156564915738665,-0.08885443996250983,0.05511492170389631,0.36666666666666664,60,1
purged_composition_holdout,-1,position_pair,kmer123,wrong_both,-0.022173370610870612,-0.06629258097226848,0.020217446037758477,0.21666666666666667,60,1
sequence_holdout,-1,composition,uniform,published_regret,-0.07115292885363124,-0.13360417796873134,-0.00449897033617424,0.31666666666666665,60,1
sequence_holdout,-1,composition,uniform,rep1_regret,-0.08319521608547284,-0.15610794058619062,-0.007293400702631174,0.35,60,1
sequence_holdout,-1,composition,uniform,rep2_regret,-0.1111261750876251,-0.1680643466685298,-0.05019064618244033,0.2833333333333333,60,1
sequence_holdout,-1,composition,uniform,wrong_both,-0.051320471529499305,-0.09501689624868445,-0.009236572575444127,0.31666666666666665,60,1
sequence_holdout,-1,composition,kmer123,published_regret,-0.2771045206970985,-0.36984785641851875,-0.18559125023518472,0.13333333333333333,60,1
sequence_holdout,-1,composition,kmer123,rep1_regret,-0.3087747709140796,-0.4192304507379033,-0.1992614440555244,0.18333333333333332,60,1
sequence_holdout,-1,composition,kmer123,rep2_regret,-0.33225427669050595,-0.4198695255950499,-0.24304575977272305,0.1,60,1
sequence_holdout,-1,composition,kmer123,wrong_both,-0.19215765176181845,-0.25887813176406926,-0.12444653822257991,0.05,60,1
sequence_holdout,-1,composition,position_pair,published_regret,-0.3091852594145649,-0.40325100969296174,-0.214388448396758,0.13333333333333333,60,1
sequence_holdout,-1,composition,position_pair,rep1_regret,-0.32671592604060323,-0.43384893751491954,-0.2170267641377321,0.13333333333333333,60,1
sequence_holdout,-1,composition,position_pair,rep2_regret,-0.3660256218506563,-0.45231319950197096,-0.2796163899400712,0.1,60,1
sequence_holdout,-1,composition,position_pair,wrong_both,-0.23557872991206324,-0.2964416397645564,-0.18047061310602985,0.016666666666666666,60,1
sequence_holdout,-1,1mer,uniform,published_regret,-0.07115292885363124,-0.13360417796873134,-0.00449897033617424,0.31666666666666665,60,1
sequence_holdout,-1,1mer,uniform,rep1_regret,-0.08319521608547284,-0.15610794058619062,-0.007293400702631174,0.35,60,1
sequence_holdout,-1,1mer,uniform,rep2_regret,-0.1111261750876251,-0.1680643466685298,-0.05019064618244033,0.2833333333333333,60,1
sequence_holdout,-1,1mer,uniform,wrong_both,-0.051320471529499305,-0.09501689624868445,-0.009236572575444127,0.31666666666666665,60,1
sequence_holdout,-1,1mer,composition,published_regret,0.0,0.0,0.0,0.0,60,1
sequence_holdout,-1,1mer,composition,rep1_regret,0.0,0.0,0.0,0.0,60,1
sequence_holdout,-1,1mer,composition,rep2_regret,0.0,0.0,0.0,0.0,60,1
sequence_holdout,-1,1mer,composition,wrong_both,0.0,0.0,0.0,0.0,60,1
sequence_holdout,-1,1mer,kmer123,published_regret,-0.2771045206970985,-0.36984785641851875,-0.18559125023518472,0.13333333333333333,60,1
sequence_holdout,-1,1mer,kmer123,rep1_regret,-0.3087747709140796,-0.4192304507379033,-0.1992614440555244,0.18333333333333332,60,1
sequence_holdout,-1,1mer,kmer123,rep2_regret,-0.33225427669050595,-0.4198695255950499,-0.24304575977272305,0.1,60,1
sequence_holdout,-1,1mer,kmer123,wrong_both,-0.19215765176181845,-0.25887813176406926,-0.12444653822257991,0.05,60,1
sequence_holdout,-1,1mer,position_pair,published_regret,-0.3091852594145649,-0.40325100969296174,-0.214388448396758,0.13333333333333333,60,1
sequence_holdout,-1,1mer,position_pair,rep1_regret,-0.32671592604060323,-0.43384893751491954,-0.2170267641377321,0.13333333333333333,60,1
sequence_holdout,-1,1mer,position_pair,rep2_regret,-0.3660256218506563,-0.45231319950197096,-0.2796163899400712,0.1,60,1
sequence_holdout,-1,1mer,position_pair,wrong_both,-0.23557872991206324,-0.2964416397645564,-0.18047061310602985,0.016666666666666666,60,1
sequence_holdout,-1,2mer,uniform,published_regret,0.18156649323082694,0.11266533500495951,0.24601385113173213,0.8166666666666667,60,1
sequence_holdout,-1,2mer,uniform,rep1_regret,0.1816850288045953,0.11207677774010129,0.2467968585356008,0.7666666666666667,60,1
sequence_holdout,-1,2mer,uniform,rep2_regret,0.17992520309260704,0.11283799999484079,0.2446776452874305,0.7833333333333333,60,1
sequence_holdout,-1,2mer,uniform,wrong_both,0.09632682407612961,0.04859269298217214,0.14252041640265597,0.7166666666666667,60,1
sequence_holdout,-1,2mer,composition,published_regret,0.2527194220844582,0.16039412402158423,0.3453391591944852,0.75,60,1
sequence_holdout,-1,2mer,composition,rep1_regret,0.2648802448900682,0.168479673114317,0.35906416941181096,0.7166666666666667,60,1
sequence_holdout,-1,2mer,composition,rep2_regret,0.2910513781802321,0.20806894519986224,0.37407816758488416,0.7833333333333333,60,1
sequence_holdout,-1,2mer,composition,wrong_both,0.14764729560562895,0.0985579356985607,0.20401360129068458,0.55,60,1
sequence_holdout,-1,2mer,kmer123,published_regret,-0.024385098612640356,-0.10445654697030253,0.050294821243496754,0.2833333333333333,60,1
sequence_holdout,-1,2mer,kmer123,rep1_regret,-0.043894526024011546,-0.12679087748986273,0.03529454582624512,0.26666666666666666,60,1
sequence_holdout,-1,2mer,kmer123,rep2_regret,-0.0412028985102739,-0.12249772212855882,0.0404529607338701,0.31666666666666665,60,1
sequence_holdout,-1,2mer,kmer123,wrong_both,-0.044510356156189486,-0.10486224924766592,0.010056828838599664,0.16666666666666666,60,1
sequence_holdout,-1,2mer,position_pair,published_regret,-0.05646583733010671,-0.14347057736198826,0.023956316694802565,0.3,60,1
sequence_holdout,-1,2mer,position_pair,rep1_regret,-0.06183568115053515,-0.1489868379194689,0.020528852120564135,0.3,60,1
sequence_holdout,-1,2mer,position_pair,rep2_regret,-0.07497424367042424,-0.1613779978440831,0.005370695036728583,0.3,60,1
sequence_holdout,-1,2mer,position_pair,wrong_both,-0.0879314343064343,-0.14484844692344692,-0.04063177297239798,0.06666666666666667,60,1
sequence_holdout,-1,3mer,uniform,published_regret,0.17993520423451534,0.11832278409014273,0.23709315583638255,0.7833333333333333,60,1
sequence_holdout,-1,3mer,uniform,rep1_regret,0.1930265425748643,0.13128231346493457,0.2533377419159855,0.7666666666666667,60,1
sequence_holdout,-1,3mer,uniform,rep2_regret,0.20646228402992473,0.1469221773744859,0.2610604840700905,0.8333333333333334,60,1
sequence_holdout,-1,3mer,uniform,wrong_both,0.13570694703958588,0.09890931447217906,0.1724780536682967,0.8,60,1
sequence_holdout,-1,3mer,composition,published_regret,0.2510881330881466,0.15182245086983945,0.3531381707585536,0.7333333333333333,60,1
sequence_holdout,-1,3mer,composition,rep1_regret,0.27622175866033705,0.1668940682690568,0.3858165690041809,0.7666666666666667,60,1
sequence_holdout,-1,3mer,composition,rep2_regret,0.31758845911754985,0.22095585827409922,0.4114080100408729,0.7666666666666667,60,1
sequence_holdout,-1,3mer,composition,wrong_both,0.18702741856908522,0.11730022431272433,0.25551362318237314,0.6666666666666666,60,1
sequence_holdout,-1,3mer,kmer123,published_regret,-0.026016387608951922,-0.08158210297050902,0.03468685976341079,0.18333333333333332,60,1
sequence_holdout,-1,3mer,kmer123,rep1_regret,-0.03255301225374256,-0.08241179490727941,0.021100609496712996,0.18333333333333332,60,1
sequence_holdout,-1,3mer,kmer123,rep2_regret,-0.014665817572956165,-0.06717617915278054,0.04173682616689544,0.3,60,1
sequence_holdout,-1,3mer,kmer123,wrong_both,-0.005130233192733191,-0.025574892584267584,0.01694871083777334,0.13333333333333333,60,1
sequence_holdout,-1,3mer,position_pair,published_regret,-0.05809712632641829,-0.1283545364119128,0.00949965618563846,0.26666666666666666,60,1
sequence_holdout,-1,3mer,position_pair,rep1_regret,-0.05049416738026614,-0.12150655884682417,0.0199267711793506,0.3333333333333333,60,1
sequence_holdout,-1,3mer,position_pair,rep2_regret,-0.04843716273310652,-0.12463600878138047,0.026541660994824332,0.36666666666666664,60,1
sequence_holdout,-1,3mer,position_pair,wrong_both,-0.048551311342978,-0.09128998767436267,-0.013659550981426042,0.11666666666666667,60,1
sequence_holdout,-1,kmer123,uniform,published_regret,0.20595159184346726,0.1458944793039896,0.2641169303036932,0.8,60,1
sequence_holdout,-1,kmer123,uniform,rep1_regret,0.2255795548286068,0.16217318050432583,0.28928971548800564,0.8166666666666667,60,1
sequence_holdout,-1,kmer123,uniform,rep2_regret,0.2211281016028809,0.16079793466089634,0.27834410111910646,0.8333333333333334,60,1
sequence_holdout,-1,kmer123,uniform,wrong_both,0.14083718023231911,0.10409888205480218,0.17914169651529022,0.8333333333333334,60,1
sequence_holdout,-1,kmer123,composition,published_regret,0.2771045206970985,0.18559125023518466,0.36984785641851875,0.75,60,1
sequence_holdout,-1,kmer123,composition,rep1_regret,0.3087747709140796,0.19926144405552432,0.4192304507379033,0.75,60,1
sequence_holdout,-1,kmer123,composition,rep2_regret,0.33225427669050595,0.24304575977272294,0.4198695255950499,0.8,60,1
sequence_holdout,-1,kmer123,composition,wrong_both,0.19215765176181845,0.12444653822257991,0.2588781317640692,0.6666666666666666,60,1
sequence_holdout,-1,kmer123,position_pair,published_regret,-0.03208073871746637,-0.09298730028963713,0.025604368816522265,0.3,60,1
sequence_holdout,-1,kmer123,position_pair,rep1_regret,-0.017941155126523587,-0.07546052799963668,0.038515011205511894,0.35,60,1
sequence_holdout,-1,kmer123,position_pair,rep2_regret,-0.03377134516015035,-0.09724478613307876,0.02109691006221039,0.38333333333333336,60,1
sequence_holdout,-1,kmer123,position_pair,wrong_both,-0.043421078150244805,-0.08702441979316977,-0.007403772770439441,0.11666666666666667,60,1
sequence_holdout,-1,position_additive,uniform,published_regret,0.10426180028839117,0.036702528402200466,0.17263210514524757,0.7,60,1
sequence_holdout,-1,position_additive,uniform,rep1_regret,0.1333433366502638,0.0709294928139047,0.1916695069721158,0.7166666666666667,60,1
sequence_holdout,-1,position_additive,uniform,rep2_regret,0.07973972861562256,0.011261478669764907,0.14440744704072203,0.6166666666666667,60,1
sequence_holdout,-1,position_additive,uniform,wrong_both,0.09107714474311694,0.05237697830911373,0.1312534373567533,0.6833333333333333,60,1
sequence_holdout,-1,position_additive,composition,published_regret,0.17541472914202239,0.06719721212959644,0.2839793412164246,0.7166666666666667,60,1
sequence_holdout,-1,position_additive,composition,rep1_regret,0.21653855273573663,0.10202294864062367,0.32594448368753276,0.75,60,1
sequence_holdout,-1,position_additive,composition,rep2_regret,0.19086590370324766,0.09357037638650513,0.2897129579032633,0.7166666666666667,60,1
sequence_holdout,-1,position_additive,composition,wrong_both,0.1423976162726163,0.06962990944240945,0.21786816227753728,0.6166666666666667,60,1
sequence_holdout,-1,position_additive,kmer123,published_regret,-0.10168979155507608,-0.16593588558054914,-0.03802711218206872,0.2,60,1
sequence_holdout,-1,position_additive,kmer123,rep1_regret,-0.09223621817834303,-0.15085698379403156,-0.030924419374107125,0.23333333333333334,60,1
sequence_holdout,-1,position_additive,kmer123,rep2_regret,-0.14138837298725837,-0.19621804587743819,-0.08296263092415325,0.18333333333333332,60,1
sequence_holdout,-1,position_additive,kmer123,wrong_both,-0.04976003548920215,-0.09142059445184446,-0.009784956459435636,0.11666666666666667,60,1
sequence_holdout,-1,position_additive,position_pair,published_regret,-0.1337705302725425,-0.19880438820613816,-0.06791957745916921,0.16666666666666666,60,1
sequence_holdout,-1,position_additive,position_pair,rep1_regret,-0.11017737330486663,-0.17350726051719634,-0.04591918083232842,0.21666666666666667,60,1
sequence_holdout,-1,position_additive,position_pair,rep2_regret,-0.1751597181474087,-0.2439063544382912,-0.11081619149387323,0.18333333333333332,60,1
sequence_holdout,-1,position_additive,position_pair,wrong_both,-0.09318111363944696,-0.14314073615427783,-0.05173267538788373,0.06666666666666667,60,1
sequence_holdout,-1,position_pair,uniform,published_regret,0.23803233056093365,0.178317299422771,0.2972084000634588,0.8166666666666667,60,1
sequence_holdout,-1,position_pair,uniform,rep1_regret,0.24352070995513045,0.18247804651097316,0.304937756469965,0.8333333333333334,60,1
sequence_holdout,-1,position_pair,uniform,rep2_regret,0.2548994467630313,0.19629097072669632,0.3111520305331122,0.85,60,1
sequence_holdout,-1,position_pair,uniform,wrong_both,0.18425825838256396,0.15032332707801457,0.22010176434547957,0.8666666666666667,60,1
sequence_holdout,-1,position_pair,composition,published_regret,0.3091852594145649,0.21438844839675797,0.40325100969296174,0.7666666666666667,60,1
sequence_holdout,-1,position_pair,composition,rep1_regret,0.32671592604060323,0.21702676413773206,0.4338489375149195,0.8166666666666667,60,1
sequence_holdout,-1,position_pair,composition,rep2_regret,0.3660256218506563,0.2796163899400711,0.45231319950197085,0.8333333333333334,60,1
sequence_holdout,-1,position_pair,composition,wrong_both,0.23557872991206324,0.18047061310602977,0.2964416397645564,0.7666666666666667,60,1
sequence_holdout,-1,position_pair,kmer123,published_regret,0.03208073871746637,-0.02560436881652233,0.09298730028963711,0.4,60,1
sequence_holdout,-1,position_pair,kmer123,rep1_regret,0.017941155126523587,-0.038515011205511915,0.07546052799963662,0.36666666666666664,60,1
sequence_holdout,-1,position_pair,kmer123,rep2_regret,0.03377134516015035,-0.0210969100622104,0.09724478613307866,0.3333333333333333,60,1
sequence_holdout,-1,position_pair,kmer123,wrong_both,0.043421078150244805,0.007403772770439437,0.08702441979316977,0.26666666666666666,60,1
composition_holdout,1,composition,uniform,published_regret,0.07115292885363127,0.004498970336174233,0.13360417796873134,0.65,60,1
composition_holdout,1,composition,uniform,rep1_regret,0.08319521608547283,0.007293400702631137,0.15610794058619049,0.65,60,1
composition_holdout,1,composition,uniform,rep2_regret,0.11112617508762511,0.05019064618244025,0.16806434666852976,0.6833333333333333,60,1
composition_holdout,1,composition,uniform,wrong_both,0.038511447040613704,-0.0032781453114786568,0.08030828362995028,0.55,60,1
composition_holdout,1,composition,kmer123,published_regret,-0.12057615398402396,-0.20598006646457115,-0.03698454044745464,0.23333333333333334,60,1
composition_holdout,1,composition,kmer123,rep1_regret,-0.12640188226878443,-0.21362895270874727,-0.042854366426939176,0.21666666666666667,60,1
composition_holdout,1,composition,kmer123,rep2_regret,-0.11208169764529223,-0.19023019221214302,-0.03260720378801794,0.21666666666666667,60,1
composition_holdout,1,composition,kmer123,wrong_both,-0.10248234096150764,-0.1510842527842528,-0.057405722942181305,0.1,60,1
composition_holdout,1,composition,position_pair,published_regret,-0.13907124363726162,-0.2142084603325786,-0.06360356060316152,0.21666666666666667,60,1
composition_holdout,1,composition,position_pair,rep1_regret,-0.13368579239554051,-0.21154376811117948,-0.05455815963211251,0.15,60,1
composition_holdout,1,composition,position_pair,rep2_regret,-0.14067144605378554,-0.22060751743095547,-0.06589503884397589,0.18333333333333332,60,1
composition_holdout,1,composition,position_pair,wrong_both,-0.08597648108064776,-0.1335342464248714,-0.045025248767436285,0.06666666666666667,60,1
composition_holdout,1,1mer,uniform,published_regret,0.07115292885363127,0.004498970336174233,0.13360417796873134,0.65,60,1
composition_holdout,1,1mer,uniform,rep1_regret,0.08319521608547283,0.007293400702631137,0.15610794058619049,0.65,60,1
composition_holdout,1,1mer,uniform,rep2_regret,0.11112617508762511,0.05019064618244025,0.16806434666852976,0.6833333333333333,60,1
composition_holdout,1,1mer,uniform,wrong_both,0.038511447040613704,-0.0032781453114786568,0.08030828362995028,0.55,60,1
composition_holdout,1,1mer,composition,published_regret,0.0,0.0,0.0,0.0,60,1
composition_holdout,1,1mer,composition,rep1_regret,0.0,0.0,0.0,0.0,60,1
composition_holdout,1,1mer,composition,rep2_regret,0.0,0.0,0.0,0.0,60,1
composition_holdout,1,1mer,composition,wrong_both,0.0,0.0,0.0,0.0,60,1
composition_holdout,1,1mer,kmer123,published_regret,-0.12057615398402396,-0.20598006646457115,-0.03698454044745464,0.23333333333333334,60,1
composition_holdout,1,1mer,kmer123,rep1_regret,-0.12640188226878443,-0.21362895270874727,-0.042854366426939176,0.21666666666666667,60,1
composition_holdout,1,1mer,kmer123,rep2_regret,-0.11208169764529223,-0.19023019221214302,-0.03260720378801794,0.21666666666666667,60,1
composition_holdout,1,1mer,kmer123,wrong_both,-0.10248234096150764,-0.1510842527842528,-0.057405722942181305,0.1,60,1
composition_holdout,1,1mer,position_pair,published_regret,-0.13907124363726162,-0.2142084603325786,-0.06360356060316152,0.21666666666666667,60,1
composition_holdout,1,1mer,position_pair,rep1_regret,-0.13368579239554051,-0.21154376811117948,-0.05455815963211251,0.15,60,1
composition_holdout,1,1mer,position_pair,rep2_regret,-0.14067144605378554,-0.22060751743095547,-0.06589503884397589,0.18333333333333332,60,1
composition_holdout,1,1mer,position_pair,wrong_both,-0.08597648108064776,-0.1335342464248714,-0.045025248767436285,0.06666666666666667,60,1
composition_holdout,1,2mer,uniform,published_regret,0.18479103681560474,0.11925575145392665,0.24384292448388167,0.85,60,1
composition_holdout,1,2mer,uniform,rep1_regret,0.2059928962035315,0.14579009247611313,0.2642518677812476,0.8,60,1
composition_holdout,1,2mer,uniform,rep2_regret,0.22376233266596277,0.16189324092103613,0.2807890943188751,0.8833333333333333,60,1
composition_holdout,1,2mer,uniform,wrong_both,0.12139633298799965,0.0849499689739273,0.15795800966009294,0.75,60,1
composition_holdout,1,2mer,composition,published_regret,0.1136381079619735,0.026726476432038786,0.19853791398998855,0.5333333333333333,60,1
composition_holdout,1,2mer,composition,rep1_regret,0.12279768011805865,0.03574999596065067,0.20680326495023532,0.6,60,1
composition_holdout,1,2mer,composition,rep2_regret,0.11263615757833767,0.03558986998530035,0.19002713037029667,0.6,60,1
composition_holdout,1,2mer,composition,wrong_both,0.08288488594738595,0.0307574361980612,0.13629903950216452,0.45,60,1
composition_holdout,1,2mer,kmer123,published_regret,-0.006938046022050479,-0.07872563038099029,0.06354448158341346,0.3333333333333333,60,1
composition_holdout,1,2mer,kmer123,rep1_regret,-0.003604202150725806,-0.07237670390151808,0.06591926842554369,0.31666666666666665,60,1
composition_holdout,1,2mer,kmer123,rep2_regret,0.0005544599330454536,-0.07198415648242742,0.07575353692414165,0.31666666666666665,60,1
composition_holdout,1,2mer,kmer123,wrong_both,-0.01959745501412168,-0.04774780003946671,0.006795952889702852,0.11666666666666667,60,1
composition_holdout,1,2mer,position_pair,published_regret,-0.025433135675288144,-0.10192549361091842,0.04780170684434244,0.35,60,1
composition_holdout,1,2mer,position_pair,rep1_regret,-0.010888112277481906,-0.08142734019544341,0.057637979052222635,0.3333333333333333,60,1
composition_holdout,1,2mer,position_pair,rep2_regret,-0.02803528847544784,-0.10399808158593396,0.04808093633597633,0.3,60,1
composition_holdout,1,2mer,position_pair,wrong_both,-0.0030915951332618,-0.036542416456999786,0.03316027837902839,0.15,60,1
composition_holdout,1,3mer,uniform,published_regret,0.15369175066611826,0.08917669134454365,0.21491680111088496,0.7833333333333333,60,1
composition_holdout,1,3mer,uniform,rep1_regret,0.1776957350705212,0.11291859348000219,0.23888324380842124,0.7666666666666667,60,1
composition_holdout,1,3mer,uniform,rep2_regret,0.18292782981217412,0.11362395561071094,0.24607857732236169,0.7833333333333333,60,1
composition_holdout,1,3mer,uniform,wrong_both,0.13398014732181399,0.09958747988122989,0.1674262936600436,0.7833333333333333,60,1
composition_holdout,1,3mer,composition,published_regret,0.08253882181248698,-0.001597418192665837,0.16636881047471627,0.5333333333333333,60,1
composition_holdout,1,3mer,composition,rep1_regret,0.09450051898504833,0.007470042184112712,0.18280417821903333,0.5833333333333334,60,1
composition_holdout,1,3mer,composition,rep2_regret,0.07180165472454908,-0.005806902595994916,0.1501188124872415,0.5666666666666667,60,1
composition_holdout,1,3mer,composition,wrong_both,0.09546870028120029,0.05455436721842972,0.14144462684306436,0.43333333333333335,60,1
composition_holdout,1,3mer,kmer123,published_regret,-0.03803733217153697,-0.08711407737394095,0.011046697932631591,0.31666666666666665,60,1
composition_holdout,1,3mer,kmer123,rep1_regret,-0.03190136328373611,-0.06593414672837392,0.002462156612056658,0.21666666666666667,60,1
composition_holdout,1,3mer,kmer123,rep2_regret,-0.04028004292074315,-0.08509831496461949,0.004405148781220224,0.26666666666666666,60,1
composition_holdout,1,3mer,kmer123,wrong_both,-0.0070136406803073485,-0.02993037209703877,0.013209110334110331,0.13333333333333333,60,1
composition_holdout,1,3mer,position_pair,published_regret,-0.056532421824774644,-0.11919535263686698,0.0022012881014252944,0.36666666666666664,60,1
composition_holdout,1,3mer,position_pair,rep1_regret,-0.03918527341049221,-0.10274591361525034,0.02520740577310158,0.31666666666666665,60,1
composition_holdout,1,3mer,position_pair,rep2_regret,-0.06886979132923646,-0.13913765914378887,0.0011912989703562085,0.3333333333333333,60,1
composition_holdout,1,3mer,position_pair,wrong_both,0.009492219200552533,-0.012494991698116702,0.033107058682058675,0.2,60,1
composition_holdout,1,kmer123,uniform,published_regret,0.19172908283765525,0.1353508248033419,0.2520918580872196,0.8,60,1
composition_holdout,1,kmer123,uniform,rep1_regret,0.2095970983542573,0.14407082582117692,0.2711196998031365,0.7833333333333333,60,1
composition_holdout,1,kmer123,uniform,rep2_regret,0.2232078727329173,0.1588364627740507,0.2802131523322736,0.85,60,1
composition_holdout,1,kmer123,uniform,wrong_both,0.1409937880021213,0.10813006350902185,0.1728666842339759,0.75,60,1
composition_holdout,1,kmer123,composition,published_regret,0.12057615398402396,0.036984540447454396,0.20598006646457112,0.5666666666666667,60,1
composition_holdout,1,kmer123,composition,rep1_regret,0.12640188226878443,0.0428543664269391,0.21362895270874724,0.6,60,1
composition_holdout,1,kmer123,composition,rep2_regret,0.11208169764529223,0.032607203788017916,0.190230192212143,0.5666666666666667,60,1
composition_holdout,1,kmer123,composition,wrong_both,0.10248234096150764,0.05740572294218128,0.1510842527842527,0.4666666666666667,60,1
composition_holdout,1,kmer123,position_pair,published_regret,-0.018495089653237665,-0.07897667262474173,0.03728310584835074,0.4,60,1
composition_holdout,1,kmer123,position_pair,rep1_regret,-0.007283910126756102,-0.06299569330027902,0.04922438514924371,0.38333333333333336,60,1
composition_holdout,1,kmer123,position_pair,rep2_regret,-0.028589748408493307,-0.09120428192678366,0.031656737497189585,0.36666666666666664,60,1
composition_holdout,1,kmer123,position_pair,wrong_both,0.01650585988085988,-0.005391822298072297,0.0398911224192474,0.2,60,1
composition_holdout,1,position_additive,uniform,published_regret,0.09233048786652129,0.023719029303873915,0.15733509285562203,0.6833333333333333,60,1
composition_holdout,1,position_additive,uniform,rep1_regret,0.10691827577077301,0.04342573366265077,0.1693925203197321,0.6666666666666666,60,1
composition_holdout,1,position_additive,uniform,rep2_regret,0.07247752403580993,0.0023342492587855616,0.13970365273994392,0.6,60,1
composition_holdout,1,position_additive,uniform,wrong_both,0.047664833777333784,0.005649261394469728,0.0888985283929034,0.55,60,1
composition_holdout,1,position_additive,composition,published_regret,0.02117755901289006,-0.05883514065372457,0.09419393516060881,0.45,60,1
composition_holdout,1,position_additive,composition,rep1_regret,0.02372305968530019,-0.052753337582285155,0.09726849798393714,0.5,60,1
composition_holdout,1,position_additive,composition,rep2_regret,-0.03864865105181518,-0.11704768312240414,0.03516075879549838,0.38333333333333336,60,1
composition_holdout,1,position_additive,composition,wrong_both,0.009153386736720075,-0.043427227941811274,0.06193982383357374,0.31666666666666665,60,1
composition_holdout,1,position_additive,kmer123,published_regret,-0.09939859497113392,-0.16213773997509479,-0.03962327010228742,0.2833333333333333,60,1
composition_holdout,1,position_additive,kmer123,rep1_regret,-0.10267882258348425,-0.16974833070358988,-0.03242648001850048,0.25,60,1
composition_holdout,1,position_additive,kmer123,rep2_regret,-0.1507303486971074,-0.2101029041114027,-0.08863718853418583,0.16666666666666666,60,1
composition_holdout,1,position_additive,kmer123,wrong_both,-0.09332895422478757,-0.12936227665081831,-0.057605617819680335,0.06666666666666667,60,1
composition_holdout,1,position_additive,position_pair,published_regret,-0.11789368462437158,-0.18431145420489212,-0.057903185378395026,0.23333333333333334,60,1
composition_holdout,1,position_additive,position_pair,rep1_regret,-0.10996273271024036,-0.17186097648403537,-0.04374417782998192,0.25,60,1
composition_holdout,1,position_additive,position_pair,rep2_regret,-0.1793200971056007,-0.24447850459715534,-0.1218752107291087,0.13333333333333333,60,1
composition_holdout,1,position_additive,position_pair,wrong_both,-0.07682309434392767,-0.11260797275641024,-0.0446395919666753,0.08333333333333333,60,1
composition_holdout,1,position_pair,uniform,published_regret,0.21022417249089287,0.15596049363533446,0.26523747136098863,0.8666666666666667,60,1
composition_holdout,1,position_pair,uniform,rep1_regret,0.21688100848101344,0.1513994487389293,0.27654914450105994,0.8166666666666667,60,1
composition_holdout,1,position_pair,uniform,rep2_regret,0.2517976211414106,0.18916933700701397,0.3063077829935128,0.8833333333333333,60,1
composition_holdout,1,position_pair,uniform,wrong_both,0.12448792812126143,0.0901475479535896,0.15778625867188364,0.75,60,1
composition_holdout,1,position_pair,composition,published_regret,0.13907124363726162,0.06360356060316151,0.21420846033257854,0.6166666666666667,60,1
composition_holdout,1,position_pair,composition,rep1_regret,0.13368579239554051,0.054558159632112475,0.2115437681111794,0.7,60,1
composition_holdout,1,position_pair,composition,rep2_regret,0.14067144605378554,0.06589503884397578,0.22060751743095527,0.6666666666666666,60,1
composition_holdout,1,position_pair,composition,wrong_both,0.08597648108064776,0.045025248767436264,0.13353424642487138,0.4166666666666667,60,1
composition_holdout,1,position_pair,kmer123,published_regret,0.018495089653237665,-0.0372831058483508,0.07897667262474163,0.38333333333333336,60,1
composition_holdout,1,position_pair,kmer123,rep1_regret,0.007283910126756102,-0.04922438514924373,0.06299569330027899,0.38333333333333336,60,1
composition_holdout,1,position_pair,kmer123,rep2_regret,0.028589748408493307,-0.03165673749718962,0.09120428192678365,0.4166666666666667,60,1
composition_holdout,1,position_pair,kmer123,wrong_both,-0.01650585988085988,-0.039891122419247416,0.005391822298072283,0.1,60,1
purged_composition_holdout,1,composition,uniform,published_regret,0.07115292885363127,0.004498970336174233,0.13360417796873134,0.65,60,1
purged_composition_holdout,1,composition,uniform,rep1_regret,0.08319521608547283,0.007293400702631137,0.15610794058619049,0.65,60,1
purged_composition_holdout,1,composition,uniform,rep2_regret,0.11112617508762511,0.05019064618244025,0.16806434666852976,0.6833333333333333,60,1
purged_composition_holdout,1,composition,uniform,wrong_both,0.038511447040613704,-0.0032781453114786568,0.08030828362995028,0.55,60,1
purged_composition_holdout,1,composition,kmer123,published_regret,-0.10642416371207035,-0.18356729020723322,-0.03332124101182839,0.23333333333333334,60,1
purged_composition_holdout,1,composition,kmer123,rep1_regret,-0.08439620983231495,-0.15927835633109275,-0.016326712372010808,0.2833333333333333,60,1
purged_composition_holdout,1,composition,kmer123,rep2_regret,-0.056680729072854236,-0.1264533203401075,0.009298804649193098,0.2833333333333333,60,1
purged_composition_holdout,1,composition,kmer123,wrong_both,-0.06942658267658268,-0.11774844715469718,-0.022607928876678896,0.16666666666666666,60,1
purged_composition_holdout,1,composition,position_pair,published_regret,-0.05568716829071169,-0.12667271454380177,0.01470065008474346,0.2833333333333333,60,1
purged_composition_holdout,1,composition,position_pair,rep1_regret,-0.059259709520442426,-0.13598416298793764,0.014981051247832628,0.3333333333333333,60,1
purged_composition_holdout,1,composition,position_pair,rep2_regret,-0.07012029083576,-0.1396287750337533,-0.0005413831825210796,0.31666666666666665,60,1
purged_composition_holdout,1,composition,position_pair,wrong_both,-0.061686428540595216,-0.11458700689742357,-0.011355076578514119,0.16666666666666666,60,1
purged_composition_holdout,1,1mer,uniform,published_regret,0.07115292885363127,0.004498970336174233,0.13360417796873134,0.65,60,1
purged_composition_holdout,1,1mer,uniform,rep1_regret,0.08319521608547283,0.007293400702631137,0.15610794058619049,0.65,60,1
purged_composition_holdout,1,1mer,uniform,rep2_regret,0.11112617508762511,0.05019064618244025,0.16806434666852976,0.6833333333333333,60,1
purged_composition_holdout,1,1mer,uniform,wrong_both,0.038511447040613704,-0.0032781453114786568,0.08030828362995028,0.55,60,1
purged_composition_holdout,1,1mer,composition,published_regret,0.0,0.0,0.0,0.0,60,1
purged_composition_holdout,1,1mer,composition,rep1_regret,0.0,0.0,0.0,0.0,60,1
purged_composition_holdout,1,1mer,composition,rep2_regret,0.0,0.0,0.0,0.0,60,1
purged_composition_holdout,1,1mer,composition,wrong_both,0.0,0.0,0.0,0.0,60,1
purged_composition_holdout,1,1mer,kmer123,published_regret,-0.10642416371207035,-0.18356729020723322,-0.03332124101182839,0.23333333333333334,60,1
purged_composition_holdout,1,1mer,kmer123,rep1_regret,-0.08439620983231495,-0.15927835633109275,-0.016326712372010808,0.2833333333333333,60,1
purged_composition_holdout,1,1mer,kmer123,rep2_regret,-0.056680729072854236,-0.1264533203401075,0.009298804649193098,0.2833333333333333,60,1
purged_composition_holdout,1,1mer,kmer123,wrong_both,-0.06942658267658268,-0.11774844715469718,-0.022607928876678896,0.16666666666666666,60,1
purged_composition_holdout,1,1mer,position_pair,published_regret,-0.05568716829071169,-0.12667271454380177,0.01470065008474346,0.2833333333333333,60,1
purged_composition_holdout,1,1mer,position_pair,rep1_regret,-0.059259709520442426,-0.13598416298793764,0.014981051247832628,0.3333333333333333,60,1
purged_composition_holdout,1,1mer,position_pair,rep2_regret,-0.07012029083576,-0.1396287750337533,-0.0005413831825210796,0.31666666666666665,60,1
purged_composition_holdout,1,1mer,position_pair,wrong_both,-0.061686428540595216,-0.11458700689742357,-0.011355076578514119,0.16666666666666666,60,1
purged_composition_holdout,1,2mer,uniform,published_regret,0.1479141594401529,0.08723626218311917,0.2084373542640866,0.8166666666666667,60,1
purged_composition_holdout,1,2mer,uniform,rep1_regret,0.1432957447646435,0.07807942678934941,0.20697723072498997,0.7166666666666667,60,1
purged_composition_holdout,1,2mer,uniform,rep2_regret,0.16531748162887316,0.09676879241780466,0.22758421127312467,0.8333333333333334,60,1
purged_composition_holdout,1,2mer,uniform,wrong_both,0.09869855160271827,0.061210772079001254,0.1383285528977195,0.7166666666666667,60,1
purged_composition_holdout,1,2mer,composition,published_regret,0.07676123058652166,-0.0015196967918902542,0.15439348131847727,0.45,60,1
purged_composition_holdout,1,2mer,composition,rep1_regret,0.060100528679170644,-0.022807424911754935,0.1380233192283607,0.5166666666666667,60,1
purged_composition_holdout,1,2mer,composition,rep2_regret,0.054191306541248055,-0.0214216508801789,0.12404363294896252,0.48333333333333334,60,1
purged_composition_holdout,1,2mer,composition,wrong_both,0.06018710456210456,0.011597999801124807,0.10897362880175378,0.35,60,1
purged_composition_holdout,1,2mer,kmer123,published_regret,-0.029662933125548685,-0.11172815726157813,0.04896332097712521,0.36666666666666664,60,1
purged_composition_holdout,1,2mer,kmer123,rep1_regret,-0.024295681153144302,-0.10054244351749024,0.04878175758502907,0.36666666666666664,60,1
purged_composition_holdout,1,2mer,kmer123,rep2_regret,-0.0024894225316061873,-0.07783137763086356,0.07550154605755592,0.4166666666666667,60,1
purged_composition_holdout,1,2mer,kmer123,wrong_both,-0.009239478114478117,-0.04870953005328005,0.02848196988196986,0.25,60,1
purged_composition_holdout,1,2mer,position_pair,published_regret,0.021074062295809947,-0.057001267034243,0.09517173374481036,0.4166666666666667,60,1
purged_composition_holdout,1,2mer,position_pair,rep1_regret,0.0008408191587282148,-0.07681159574494895,0.07267180144653493,0.4166666666666667,60,1
purged_composition_holdout,1,2mer,position_pair,rep2_regret,-0.015928984294511943,-0.09811676955849741,0.06327928233559407,0.45,60,1
purged_composition_holdout,1,2mer,position_pair,wrong_both,-0.0014993239784906465,-0.04812872364903615,0.0469829861111111,0.21666666666666667,60,1
purged_composition_holdout,1,3mer,uniform,published_regret,0.11799193325352977,0.05258836230560753,0.18125380945360373,0.7166666666666667,60,1
purged_composition_holdout,1,3mer,uniform,rep1_regret,0.13120466094425717,0.06961130560637548,0.19353798846665876,0.7166666666666667,60,1
purged_composition_holdout,1,3mer,uniform,rep2_regret,0.13845871832962853,0.07296827326520611,0.201840913695073,0.7166666666666667,60,1
purged_composition_holdout,1,3mer,uniform,wrong_both,0.09056595117845116,0.056046986720840894,0.12619063825449242,0.7,60,1
purged_composition_holdout,1,3mer,composition,published_regret,0.04683900439989851,-0.029039681188497903,0.12239722199572688,0.5166666666666667,60,1
purged_composition_holdout,1,3mer,composition,rep1_regret,0.04800944485878433,-0.023791909505563293,0.1222590507327614,0.4666666666666667,60,1
purged_composition_holdout,1,3mer,composition,rep2_regret,0.027332543242003418,-0.0428915561632193,0.09405371099318868,0.48333333333333334,60,1
purged_composition_holdout,1,3mer,composition,wrong_both,0.05205450413783748,0.00686512638595972,0.09793655110321776,0.35,60,1
purged_composition_holdout,1,3mer,kmer123,published_regret,-0.05958515931217183,-0.1056745642019254,-0.016916704084376028,0.21666666666666667,60,1
purged_composition_holdout,1,3mer,kmer123,rep1_regret,-0.036386764973530626,-0.0739926263992134,0.0014000501190581612,0.25,60,1
purged_composition_holdout,1,3mer,kmer123,rep2_regret,-0.02934818583085082,-0.07504620926928535,0.014937661330448125,0.25,60,1
purged_composition_holdout,1,3mer,kmer123,wrong_both,-0.017372078538745207,-0.03776726190476191,0.0026967692801025942,0.11666666666666667,60,1
purged_composition_holdout,1,3mer,position_pair,published_regret,-0.008848163890813195,-0.08587370582879797,0.06471417623366674,0.43333333333333335,60,1
purged_composition_holdout,1,3mer,position_pair,rep1_regret,-0.0112502646616581,-0.07334322246444842,0.05276816273865619,0.4166666666666667,60,1
purged_composition_holdout,1,3mer,position_pair,rep2_regret,-0.04278774759375657,-0.11821296394402057,0.029952105952362945,0.36666666666666664,60,1
purged_composition_holdout,1,3mer,position_pair,wrong_both,-0.009631924402757733,-0.05509008589789839,0.03763653347038758,0.2833333333333333,60,1
purged_composition_holdout,1,kmer123,uniform,published_regret,0.17757709256570162,0.11507295019448767,0.24031465441916455,0.7833333333333333,60,1
purged_composition_holdout,1,kmer123,uniform,rep1_regret,0.1675914259177878,0.10362915733375748,0.22880091133740302,0.7666666666666667,60,1
purged_composition_holdout,1,kmer123,uniform,rep2_regret,0.1678069041604794,0.10860317892073412,0.22898258132528518,0.75,60,1
purged_composition_holdout,1,kmer123,uniform,wrong_both,0.10793802971719638,0.07626245181516014,0.14112602927165424,0.6833333333333333,60,1
purged_composition_holdout,1,kmer123,composition,published_regret,0.10642416371207035,0.03332124101182838,0.18356729020723314,0.6,60,1
purged_composition_holdout,1,kmer123,composition,rep1_regret,0.08439620983231495,0.016326712372010766,0.15927835633109275,0.5333333333333333,60,1
purged_composition_holdout,1,kmer123,composition,rep2_regret,0.056680729072854236,-0.00929880464919311,0.12645332034010745,0.5,60,1
purged_composition_holdout,1,kmer123,composition,wrong_both,0.06942658267658268,0.02260792887667887,0.11774844715469714,0.4,60,1
purged_composition_holdout,1,kmer123,position_pair,published_regret,0.05073699542135864,-0.019196163933927524,0.12258161882013432,0.48333333333333334,60,1
purged_composition_holdout,1,kmer123,position_pair,rep1_regret,0.025136500311872527,-0.040382013415991465,0.09070977441793039,0.45,60,1
purged_composition_holdout,1,kmer123,position_pair,rep2_regret,-0.013439561762905757,-0.07588274074306495,0.047712138830687804,0.4166666666666667,60,1
purged_composition_holdout,1,kmer123,position_pair,wrong_both,0.00774015413598747,-0.030784581429373098,0.051277177105302066,0.25,60,1
purged_composition_holdout,1,position_additive,uniform,published_regret,0.05995696104993104,-0.004884818913758574,0.12323670686401056,0.65,60,1
purged_composition_holdout,1,position_additive,uniform,rep1_regret,0.060686005755258135,0.0030551594670572657,0.1167292629369899,0.5666666666666667,60,1
purged_composition_holdout,1,position_additive,uniform,rep2_regret,0.027334913129066173,-0.03867247718496874,0.09161437691419569,0.48333333333333334,60,1
purged_composition_holdout,1,position_additive,uniform,wrong_both,0.03091490392323725,-0.005005121653038321,0.06719604990688323,0.55,60,1
purged_composition_holdout,1,position_additive,composition,published_regret,-0.01119596780370022,-0.09771010430823156,0.0728720648669429,0.45,60,1
purged_composition_holdout,1,position_additive,composition,rep1_regret,-0.0225092103302147,-0.10756092331508367,0.06203142571553221,0.45,60,1
purged_composition_holdout,1,position_additive,composition,rep2_regret,-0.08379126195855893,-0.16248112136393053,-0.009412717140033734,0.35,60,1
purged_composition_holdout,1,position_additive,composition,wrong_both,-0.007596543117376451,-0.05981822970625053,0.0446439658913616,0.26666666666666666,60,1
purged_composition_holdout,1,position_additive,kmer123,published_regret,-0.11762013151577055,-0.18544150549503188,-0.054619331160932164,0.3333333333333333,60,1
purged_composition_holdout,1,position_additive,kmer123,rep1_regret,-0.10690542016252969,-0.18069643417412565,-0.036039783225549106,0.23333333333333334,60,1
purged_composition_holdout,1,position_additive,kmer123,rep2_regret,-0.1404719910314132,-0.21714283351009078,-0.06926962712173859,0.26666666666666666,60,1
purged_composition_holdout,1,position_additive,kmer123,wrong_both,-0.07702312579395913,-0.1158050135050135,-0.039758602874748715,0.11666666666666667,60,1
purged_composition_holdout,1,position_additive,position_pair,published_regret,-0.06688313609441193,-0.1499090999595137,0.009143008953935548,0.35,60,1
purged_composition_holdout,1,position_additive,position_pair,rep1_regret,-0.08176891985065712,-0.1591722306008714,-0.009862553507004197,0.31666666666666665,60,1
purged_composition_holdout,1,position_additive,position_pair,rep2_regret,-0.15391155279431892,-0.23956542899756889,-0.07539942026208898,0.26666666666666666,60,1
purged_composition_holdout,1,position_additive,position_pair,wrong_both,-0.06928297165797166,-0.12338229363229364,-0.015702402343027385,0.16666666666666666,60,1
purged_composition_holdout,1,position_pair,uniform,published_regret,0.12684009714434294,0.07164074381426065,0.18182021236572773,0.7,60,1
purged_composition_holdout,1,position_pair,uniform,rep1_regret,0.1424549256059153,0.08434438384243038,0.20090285597717475,0.7333333333333333,60,1
purged_composition_holdout,1,position_pair,uniform,rep2_regret,0.18124646592338509,0.124510900940087,0.23668945327221108,0.8166666666666667,60,1
purged_composition_holdout,1,position_pair,uniform,wrong_both,0.1001978755812089,0.0613598774296691,0.1369268324884991,0.6666666666666666,60,1
purged_composition_holdout,1,position_pair,composition,published_regret,0.05568716829071169,-0.014700650084743463,0.12667271454380175,0.5333333333333333,60,1
purged_composition_holdout,1,position_pair,composition,rep1_regret,0.059259709520442426,-0.014981051247832684,0.13598416298793764,0.5,60,1
purged_composition_holdout,1,position_pair,composition,rep2_regret,0.07012029083576,0.0005413831825210686,0.1396287750337533,0.4666666666666667,60,1
purged_composition_holdout,1,position_pair,composition,wrong_both,0.061686428540595216,0.011355076578514079,0.11458700689742356,0.35,60,1
purged_composition_holdout,1,position_pair,kmer123,published_regret,-0.05073699542135864,-0.12258161882013434,0.019196163933927483,0.3333333333333333,60,1
purged_composition_holdout,1,position_pair,kmer123,rep1_regret,-0.025136500311872527,-0.09070977441793043,0.04038201341599137,0.38333333333333336,60,1
purged_composition_holdout,1,position_pair,kmer123,rep2_regret,0.013439561762905757,-0.047712138830687825,0.07588274074306492,0.4166666666666667,60,1
purged_composition_holdout,1,position_pair,kmer123,wrong_both,-0.00774015413598747,-0.05127717710530211,0.030784581429373056,0.26666666666666666,60,1
sequence_holdout,1,composition,uniform,published_regret,0.07115292885363127,0.004498970336174233,0.13360417796873134,0.65,60,1
sequence_holdout,1,composition,uniform,rep1_regret,0.08319521608547283,0.007293400702631137,0.15610794058619049,0.65,60,1
sequence_holdout,1,composition,uniform,rep2_regret,0.11112617508762511,0.05019064618244025,0.16806434666852976,0.6833333333333333,60,1
sequence_holdout,1,composition,uniform,wrong_both,0.038511447040613704,-0.0032781453114786568,0.08030828362995028,0.55,60,1
sequence_holdout,1,composition,kmer123,published_regret,-0.13058712921837862,-0.21271535866417238,-0.04844369899900205,0.21666666666666667,60,1
sequence_holdout,1,composition,kmer123,rep1_regret,-0.13104125110437873,-0.21657204711644773,-0.046351518044729235,0.2,60,1
sequence_holdout,1,composition,kmer123,rep2_regret,-0.1103161002402822,-0.18733591274050135,-0.03329048600895936,0.21666666666666667,60,1
sequence_holdout,1,composition,kmer123,wrong_both,-0.1030955888247555,-0.15284650457567125,-0.0589160704264871,0.08333333333333333,60,1
sequence_holdout,1,composition,position_pair,published_regret,-0.14125704507161083,-0.21700693256806833,-0.06377213355998218,0.2,60,1
sequence_holdout,1,composition,position_pair,rep1_regret,-0.13533632683467936,-0.21306930482866818,-0.05658742444535178,0.15,60,1
sequence_holdout,1,composition,position_pair,rep2_regret,-0.14081635954827548,-0.222206748823836,-0.06485356432386896,0.18333333333333332,60,1
sequence_holdout,1,composition,position_pair,wrong_both,-0.08851704545454545,-0.13663838794307542,-0.0467428676647427,0.06666666666666667,60,1
sequence_holdout,1,1mer,uniform,published_regret,0.07115292885363127,0.004498970336174233,0.13360417796873134,0.65,60,1
sequence_holdout,1,1mer,uniform,rep1_regret,0.08319521608547283,0.007293400702631137,0.15610794058619049,0.65,60,1
sequence_holdout,1,1mer,uniform,rep2_regret,0.11112617508762511,0.05019064618244025,0.16806434666852976,0.6833333333333333,60,1
sequence_holdout,1,1mer,uniform,wrong_both,0.038511447040613704,-0.0032781453114786568,0.08030828362995028,0.55,60,1
sequence_holdout,1,1mer,composition,published_regret,0.0,0.0,0.0,0.0,60,1
sequence_holdout,1,1mer,composition,rep1_regret,0.0,0.0,0.0,0.0,60,1
sequence_holdout,1,1mer,composition,rep2_regret,0.0,0.0,0.0,0.0,60,1
sequence_holdout,1,1mer,composition,wrong_both,0.0,0.0,0.0,0.0,60,1
sequence_holdout,1,1mer,kmer123,published_regret,-0.13058712921837862,-0.21271535866417238,-0.04844369899900205,0.21666666666666667,60,1
sequence_holdout,1,1mer,kmer123,rep1_regret,-0.13104125110437873,-0.21657204711644773,-0.046351518044729235,0.2,60,1
sequence_holdout,1,1mer,kmer123,rep2_regret,-0.1103161002402822,-0.18733591274050135,-0.03329048600895936,0.21666666666666667,60,1
sequence_holdout,1,1mer,kmer123,wrong_both,-0.1030955888247555,-0.15284650457567125,-0.0589160704264871,0.08333333333333333,60,1
sequence_holdout,1,1mer,position_pair,published_regret,-0.14125704507161083,-0.21700693256806833,-0.06377213355998218,0.2,60,1
sequence_holdout,1,1mer,position_pair,rep1_regret,-0.13533632683467936,-0.21306930482866818,-0.05658742444535178,0.15,60,1
sequence_holdout,1,1mer,position_pair,rep2_regret,-0.14081635954827548,-0.222206748823836,-0.06485356432386896,0.18333333333333332,60,1
sequence_holdout,1,1mer,position_pair,wrong_both,-0.08851704545454545,-0.13663838794307542,-0.0467428676647427,0.06666666666666667,60,1
sequence_holdout,1,2mer,uniform,published_regret,0.18728058440426182,0.12204573758953402,0.24508392913287133,0.85,60,1
sequence_holdout,1,2mer,uniform,rep1_regret,0.20914077048350158,0.1492561612905046,0.2678388727284258,0.8,60,1
sequence_holdout,1,2mer,uniform,rep2_regret,0.2275894550815288,0.16519772215411802,0.283471428250209,0.8833333333333333,60,1
sequence_holdout,1,2mer,uniform,wrong_both,0.1222643885435552,0.08552584591334592,0.158542225043475,0.75,60,1
sequence_holdout,1,2mer,composition,published_regret,0.11612765555063055,0.029081983486529534,0.20263062972645654,0.5333333333333333,60,1
sequence_holdout,1,2mer,composition,rep1_regret,0.1259455543980287,0.03924064920958844,0.2115627549604486,0.6,60,1
sequence_holdout,1,2mer,composition,rep2_regret,0.11646327999390368,0.03862805281378368,0.1946266615407532,0.6,60,1
sequence_holdout,1,2mer,composition,wrong_both,0.08375294150294149,0.03102288845413846,0.1373999877437377,0.43333333333333335,60,1
sequence_holdout,1,2mer,kmer123,published_regret,-0.014459473667748086,-0.08712990260571482,0.0548895678206479,0.3,60,1
sequence_holdout,1,2mer,kmer123,rep1_regret,-0.0050956967063500135,-0.07321974601081414,0.0651214792159723,0.3,60,1
sequence_holdout,1,2mer,kmer123,rep2_regret,0.006147179753621472,-0.06577617656030271,0.08174967061742275,0.3,60,1
sequence_holdout,1,2mer,kmer123,wrong_both,-0.01934264732181399,-0.048558352122414626,0.0088954968835177,0.08333333333333333,60,1
sequence_holdout,1,2mer,position_pair,published_regret,-0.025129389520980254,-0.0991584763803458,0.046879565715677925,0.36666666666666664,60,1
sequence_holdout,1,2mer,position_pair,rep1_regret,-0.009390772436650655,-0.08056417969935895,0.05951349583040164,0.31666666666666665,60,1
sequence_holdout,1,2mer,position_pair,rep2_regret,-0.02435307955437178,-0.1001665763468946,0.0514626448787168,0.3,60,1
sequence_holdout,1,2mer,position_pair,wrong_both,-0.004764103951603951,-0.038502410494597995,0.031789914021164004,0.13333333333333333,60,1
sequence_holdout,1,3mer,uniform,published_regret,0.17062925789152547,0.11027960510266503,0.22949006199649755,0.8166666666666667,60,1
sequence_holdout,1,3mer,uniform,rep1_regret,0.1998945316919382,0.14027346517610884,0.25863694055080194,0.8,60,1
sequence_holdout,1,3mer,uniform,rep2_regret,0.20627117845756746,0.14147840079737886,0.26359594072767095,0.8,60,1
sequence_holdout,1,3mer,uniform,wrong_both,0.13440102274268942,0.09952588171859006,0.16745754796900628,0.7833333333333333,60,1
sequence_holdout,1,3mer,composition,published_regret,0.0994763290378942,0.021135722521271938,0.17723187963992368,0.5166666666666667,60,1
sequence_holdout,1,3mer,composition,rep1_regret,0.11669931560646536,0.03907416330607167,0.1996966931110295,0.6,60,1
sequence_holdout,1,3mer,composition,rep2_regret,0.09514500336994237,0.02658320192204146,0.16411901067282575,0.5833333333333334,60,1
sequence_holdout,1,3mer,composition,wrong_both,0.09588957570207571,0.05491003637566137,0.14112371158933654,0.43333333333333335,60,1
sequence_holdout,1,3mer,kmer123,published_regret,-0.03111080018048443,-0.08621202949957701,0.027521175123136867,0.26666666666666666,60,1
sequence_holdout,1,3mer,kmer123,rep1_regret,-0.014341935497913365,-0.059323264599271494,0.03668017822531326,0.2833333333333333,60,1
sequence_holdout,1,3mer,kmer123,rep2_regret,-0.015171096870339825,-0.070991853072675,0.04543785899848119,0.31666666666666665,60,1
sequence_holdout,1,3mer,kmer123,wrong_both,-0.007206013122679791,-0.03126098646723647,0.014272957135457105,0.1,60,1
sequence_holdout,1,3mer,position_pair,published_regret,-0.041780716033716594,-0.10939700796088139,0.025586986024884094,0.35,60,1
sequence_holdout,1,3mer,position_pair,rep1_regret,-0.018637011228214,-0.09128400840879201,0.05652069451338629,0.3333333333333333,60,1
sequence_holdout,1,3mer,position_pair,rep2_regret,-0.045671356178333095,-0.12400709345673622,0.03711273856843748,0.36666666666666664,60,1
sequence_holdout,1,3mer,position_pair,wrong_both,0.007372530247530247,-0.015607535404410402,0.03155166234228732,0.21666666666666667,60,1
sequence_holdout,1,kmer123,uniform,published_regret,0.2017400580720099,0.14539176192804829,0.25998708365263573,0.8333333333333334,60,1
sequence_holdout,1,kmer123,uniform,rep1_regret,0.21423646718985154,0.14825866201101753,0.27577112598446707,0.7833333333333333,60,1
sequence_holdout,1,kmer123,uniform,rep2_regret,0.22144227532790728,0.1579593220959683,0.279522145884451,0.8333333333333334,60,1
sequence_holdout,1,kmer123,uniform,wrong_both,0.14160703586536919,0.10809358040108039,0.1746190910401326,0.75,60,1
sequence_holdout,1,kmer123,composition,published_regret,0.13058712921837862,0.04844369899900205,0.21271535866417238,0.5833333333333334,60,1
sequence_holdout,1,kmer123,composition,rep1_regret,0.13104125110437873,0.04635151804472917,0.21657204711644773,0.6333333333333333,60,1
sequence_holdout,1,kmer123,composition,rep2_regret,0.1103161002402822,0.03329048600895932,0.1873359127405013,0.5833333333333334,60,1
sequence_holdout,1,kmer123,composition,wrong_both,0.1030955888247555,0.05891607042648709,0.15284650457567123,0.4666666666666667,60,1
sequence_holdout,1,kmer123,position_pair,published_regret,-0.010669915853232171,-0.07065123616729828,0.04170218833580722,0.38333333333333336,60,1
sequence_holdout,1,kmer123,position_pair,rep1_regret,-0.00429507573030065,-0.0611138522097225,0.05260650369954926,0.4,60,1
sequence_holdout,1,kmer123,position_pair,rep2_regret,-0.03050025930799327,-0.09443522654298409,0.029381784246516367,0.36666666666666664,60,1
sequence_holdout,1,kmer123,position_pair,wrong_both,0.014578543370210036,-0.007542255391213723,0.038404769921436564,0.2,60,1
sequence_holdout,1,position_additive,uniform,published_regret,0.0945119587780532,0.026777579157046098,0.1596168073915753,0.6833333333333333,60,1
sequence_holdout,1,position_additive,uniform,rep1_regret,0.11037988980145456,0.04836152263093278,0.17233799497918212,0.6833333333333333,60,1
sequence_holdout,1,position_additive,uniform,rep2_regret,0.07547793387092255,0.004738477821500768,0.14278300897716334,0.6166666666666667,60,1
sequence_holdout,1,position_additive,uniform,wrong_both,0.04974816711066712,0.0072949903530111875,0.09098332498519997,0.5666666666666667,60,1
sequence_holdout,1,position_additive,composition,published_regret,0.02335902992442196,-0.05626509039133986,0.09555356326750236,0.45,60,1
sequence_holdout,1,position_additive,composition,rep1_regret,0.027184673715981746,-0.0495839673293281,0.10003796901463098,0.5,60,1
sequence_holdout,1,position_additive,composition,rep2_regret,-0.03564824121670256,-0.11418897529015813,0.03777419810667522,0.38333333333333336,60,1
sequence_holdout,1,position_additive,composition,wrong_both,0.011236720070053408,-0.03959465996965997,0.06324659006117339,0.31666666666666665,60,1
sequence_holdout,1,position_additive,kmer123,published_regret,-0.10722809929395669,-0.16820529329531486,-0.04818701139565266,0.25,60,1
sequence_holdout,1,position_additive,kmer123,rep1_regret,-0.10385657738839697,-0.17008883020183407,-0.03432929799276973,0.26666666666666666,60,1
sequence_holdout,1,position_additive,kmer123,rep2_regret,-0.14596434145698475,-0.2072870906523249,-0.08401198303467919,0.2,60,1
sequence_holdout,1,position_additive,kmer123,wrong_both,-0.0918588687547021,-0.12698137009595342,-0.05751119767578103,0.06666666666666667,60,1
sequence_holdout,1,position_additive,position_pair,published_regret,-0.11789801514718885,-0.1827319432809678,-0.057918663078196625,0.2,60,1
sequence_holdout,1,position_additive,position_pair,rep1_regret,-0.10815165311869762,-0.16895709812636803,-0.043654233568740694,0.26666666666666666,60,1
sequence_holdout,1,position_additive,position_pair,rep2_regret,-0.17646460076497802,-0.2413815241569701,-0.11900889839198796,0.15,60,1
sequence_holdout,1,position_additive,position_pair,wrong_both,-0.07728032538449205,-0.11161532886480804,-0.045971629855484024,0.08333333333333333,60,1
sequence_holdout,1,position_pair,uniform,published_regret,0.21240997392524202,0.15664358445244167,0.2677356933421024,0.8333333333333334,60,1
sequence_holdout,1,position_pair,uniform,rep1_regret,0.21853154292015226,0.1547115051363687,0.27886618694545573,0.8166666666666667,60,1
sequence_holdout,1,position_pair,uniform,rep2_regret,0.25194253463590055,0.18903500755721006,0.30781071895378054,0.85,60,1
sequence_holdout,1,position_pair,uniform,wrong_both,0.12702849249515916,0.09241345702137369,0.16005298919444746,0.75,60,1
sequence_holdout,1,position_pair,composition,published_regret,0.14125704507161083,0.06377213355998218,0.21700693256806833,0.6333333333333333,60,1
sequence_holdout,1,position_pair,composition,rep1_regret,0.13533632683467936,0.05658742444535166,0.2130693048286681,0.7,60,1
sequence_holdout,1,position_pair,composition,rep2_regret,0.14081635954827548,0.06485356432386885,0.22220674882383595,0.6666666666666666,60,1
sequence_holdout,1,position_pair,composition,wrong_both,0.08851704545454545,0.046742867664742664,0.13663838794307542,0.43333333333333335,60,1
sequence_holdout,1,position_pair,kmer123,published_regret,0.010669915853232171,-0.04170218833580729,0.07065123616729825,0.35,60,1
sequence_holdout,1,position_pair,kmer123,rep1_regret,0.00429507573030065,-0.05260650369954926,0.061113852209722486,0.35,60,1
sequence_holdout,1,position_pair,kmer123,rep2_regret,0.03050025930799327,-0.02938178424651639,0.09443522654298404,0.38333333333333336,60,1
sequence_holdout,1,position_pair,kmer123,wrong_both,-0.014578543370210036,-0.038404769921436585,0.007542255391213723,0.08333333333333333,60,1
composition_holdout,0,composition,uniform,published_regret,0.0,0.0,0.0,0.0,60,1
composition_holdout,0,composition,uniform,rep1_regret,0.0,0.0,0.0,0.0,60,1
composition_holdout,0,composition,uniform,rep2_regret,0.0,0.0,0.0,0.0,60,1
composition_holdout,0,composition,uniform,wrong_both,-0.006404512244442803,-0.025475119146863946,0.013173692583458197,0.4,60,1
composition_holdout,0,composition,kmer123,published_regret,-0.19636892724560645,-0.2531351599313776,-0.14110203550873807,0.15,60,1
composition_holdout,0,composition,kmer123,rep1_regret,-0.2189270529005986,-0.27899501310539665,-0.1553769922480629,0.16666666666666666,60,1
composition_holdout,0,composition,kmer123,rep2_regret,-0.2243239219957093,-0.2797094888728963,-0.16338935094944848,0.08333333333333333,60,1
composition_holdout,0,composition,kmer123,wrong_both,-0.15098120667912332,-0.18793204882501757,-0.1145184095418471,0.05,60,1
composition_holdout,0,composition,position_pair,published_regret,-0.22518930039463805,-0.28151557726974336,-0.1701963907388347,0.1,60,1
composition_holdout,0,composition,position_pair,rep1_regret,-0.23078936827824656,-0.2908075471643341,-0.16869618784797175,0.15,60,1
composition_holdout,0,composition,position_pair,rep2_regret,-0.2564916770229177,-0.30952223950436136,-0.19771102571145546,0.11666666666666667,60,1
composition_holdout,0,composition,position_pair,wrong_both,-0.1615069976319976,-0.19517484425296924,-0.12955541275853777,0.03333333333333333,60,1
composition_holdout,0,1mer,uniform,published_regret,0.0,0.0,0.0,0.0,60,1
composition_holdout,0,1mer,uniform,rep1_regret,0.0,0.0,0.0,0.0,60,1
composition_holdout,0,1mer,uniform,rep2_regret,0.0,0.0,0.0,0.0,60,1
composition_holdout,0,1mer,uniform,wrong_both,-0.006404512244442803,-0.025475119146863946,0.013173692583458197,0.4,60,1
composition_holdout,0,1mer,composition,published_regret,0.0,0.0,0.0,0.0,60,1
composition_holdout,0,1mer,composition,rep1_regret,0.0,0.0,0.0,0.0,60,1
composition_holdout,0,1mer,composition,rep2_regret,0.0,0.0,0.0,0.0,60,1
composition_holdout,0,1mer,composition,wrong_both,0.0,0.0,0.0,0.0,60,1
composition_holdout,0,1mer,kmer123,published_regret,-0.19636892724560645,-0.2531351599313776,-0.14110203550873807,0.15,60,1
composition_holdout,0,1mer,kmer123,rep1_regret,-0.2189270529005986,-0.27899501310539665,-0.1553769922480629,0.16666666666666666,60,1
composition_holdout,0,1mer,kmer123,rep2_regret,-0.2243239219957093,-0.2797094888728963,-0.16338935094944848,0.08333333333333333,60,1
composition_holdout,0,1mer,kmer123,wrong_both,-0.15098120667912332,-0.18793204882501757,-0.1145184095418471,0.05,60,1
composition_holdout,0,1mer,position_pair,published_regret,-0.22518930039463805,-0.28151557726974336,-0.1701963907388347,0.1,60,1
composition_holdout,0,1mer,position_pair,rep1_regret,-0.23078936827824656,-0.2908075471643341,-0.16869618784797175,0.15,60,1
composition_holdout,0,1mer,position_pair,rep2_regret,-0.2564916770229177,-0.30952223950436136,-0.19771102571145546,0.11666666666666667,60,1
composition_holdout,0,1mer,position_pair,wrong_both,-0.1615069976319976,-0.19517484425296924,-0.12955541275853777,0.03333333333333333,60,1
composition_holdout,0,2mer,uniform,published_regret,0.18195526629971712,0.11720162846958941,0.24049826684856226,0.8333333333333334,60,1
composition_holdout,0,2mer,uniform,rep1_regret,0.19197443813953904,0.13379315098011604,0.2475010031118905,0.75,60,1
composition_holdout,0,2mer,uniform,rep2_regret,0.19997924351476054,0.13982545205440328,0.25503233502560585,0.8333333333333334,60,1
composition_holdout,0,2mer,uniform,wrong_both,0.10850804317852929,0.07376020672935604,0.14355350967865724,0.7833333333333333,60,1
composition_holdout,0,2mer,composition,published_regret,0.18195526629971712,0.11720162846958941,0.24049826684856226,0.8333333333333334,60,1
composition_holdout,0,2mer,composition,rep1_regret,0.19197443813953904,0.13379315098011604,0.2475010031118905,0.75,60,1
composition_holdout,0,2mer,composition,rep2_regret,0.19997924351476054,0.13982545205440328,0.25503233502560585,0.8333333333333334,60,1
composition_holdout,0,2mer,composition,wrong_both,0.11491255542297212,0.07784981017246644,0.15050827464395175,0.7333333333333333,60,1
composition_holdout,0,2mer,kmer123,published_regret,-0.01441366094588938,-0.08519432190827872,0.053581003694417664,0.38333333333333336,60,1
composition_holdout,0,2mer,kmer123,rep1_regret,-0.026952614761059576,-0.1003086126599071,0.043315881985470754,0.26666666666666666,60,1
composition_holdout,0,2mer,kmer123,rep2_regret,-0.0243446784809488,-0.09495778320255781,0.05101123916846165,0.3,60,1
composition_holdout,0,2mer,kmer123,wrong_both,-0.03606865125615125,-0.06985024934556186,-0.0031233393342768394,0.13333333333333333,60,1
composition_holdout,0,2mer,position_pair,published_regret,-0.04323403409492098,-0.12022189194478572,0.031142759079239624,0.2833333333333333,60,1
composition_holdout,0,2mer,position_pair,rep1_regret,-0.03881493013870752,-0.11426237344930572,0.03293463184121221,0.26666666666666666,60,1
composition_holdout,0,2mer,position_pair,rep2_regret,-0.056512433508157156,-0.13165627278757097,0.018326338465346988,0.2833333333333333,60,1
composition_holdout,0,2mer,position_pair,wrong_both,-0.04659444220902553,-0.0801110684647143,-0.014565413001350499,0.18333333333333332,60,1
composition_holdout,0,3mer,uniform,published_regret,0.1562739981660435,0.09097182575852936,0.21674458614085348,0.75,60,1
composition_holdout,0,3mer,uniform,rep1_regret,0.17540401377388223,0.11104122313825295,0.23861647532627778,0.75,60,1
composition_holdout,0,3mer,uniform,rep2_regret,0.18440692250932902,0.11793803765393955,0.24444862632183367,0.8333333333333334,60,1
composition_holdout,0,3mer,uniform,wrong_both,0.13405778780119057,0.10517012369639106,0.1632193044979069,0.8666666666666667,60,1
composition_holdout,0,3mer,composition,published_regret,0.1562739981660435,0.09097182575852936,0.21674458614085348,0.75,60,1
composition_holdout,0,3mer,composition,rep1_regret,0.17540401377388223,0.11104122313825295,0.23861647532627778,0.75,60,1
composition_holdout,0,3mer,composition,rep2_regret,0.18440692250932902,0.11793803765393955,0.24444862632183367,0.8333333333333334,60,1
composition_holdout,0,3mer,composition,wrong_both,0.14046230004563337,0.10377464857673192,0.17753384944530776,0.8,60,1
composition_holdout,0,3mer,kmer123,published_regret,-0.040094929079562934,-0.08611290452291312,0.004431658138750352,0.31666666666666665,60,1
composition_holdout,0,3mer,kmer123,rep1_regret,-0.04352303912671638,-0.07710547817607695,-0.006951059826873915,0.25,60,1
composition_holdout,0,3mer,kmer123,rep2_regret,-0.03991699948638027,-0.08101546051995953,-0.0005087771829494529,0.31666666666666665,60,1
composition_holdout,0,3mer,kmer123,wrong_both,-0.010518906633489967,-0.02621223518957894,0.005674182048661211,0.18333333333333332,60,1
composition_holdout,0,3mer,position_pair,published_regret,-0.06891530222859456,-0.13040288807751726,-0.012703367348304788,0.31666666666666665,60,1
composition_holdout,0,3mer,position_pair,rep1_regret,-0.05538535450436432,-0.11688272113345256,0.004170243011497247,0.26666666666666666,60,1
composition_holdout,0,3mer,position_pair,rep2_regret,-0.0720847545135886,-0.13867204621270066,-0.008221709271845533,0.3333333333333333,60,1
composition_holdout,0,3mer,position_pair,wrong_both,-0.021044697586364253,-0.04630052409010743,0.0028307824120324026,0.18333333333333332,60,1
composition_holdout,0,kmer123,uniform,published_regret,0.19636892724560645,0.14110203550873807,0.25313515993137753,0.8166666666666667,60,1
composition_holdout,0,kmer123,uniform,rep1_regret,0.2189270529005986,0.15537699224806287,0.2789950131053966,0.8,60,1
composition_holdout,0,kmer123,uniform,rep2_regret,0.2243239219957093,0.16338935094944843,0.27970948887289626,0.8666666666666667,60,1
composition_holdout,0,kmer123,uniform,wrong_both,0.14457669443468055,0.11648640166739126,0.17261330299715713,0.8833333333333333,60,1
composition_holdout,0,kmer123,composition,published_regret,0.19636892724560645,0.14110203550873807,0.25313515993137753,0.8166666666666667,60,1
composition_holdout,0,kmer123,composition,rep1_regret,0.2189270529005986,0.15537699224806287,0.2789950131053966,0.8,60,1
composition_holdout,0,kmer123,composition,rep2_regret,0.2243239219957093,0.16338935094944843,0.27970948887289626,0.8666666666666667,60,1
composition_holdout,0,kmer123,composition,wrong_both,0.15098120667912332,0.11451840954184705,0.18793204882501757,0.8666666666666667,60,1
composition_holdout,0,kmer123,position_pair,published_regret,-0.028820373149031596,-0.08637097733944817,0.02516135111939977,0.38333333333333336,60,1
composition_holdout,0,kmer123,position_pair,rep1_regret,-0.01186231537764794,-0.06614054790011191,0.04168514434773651,0.4166666666666667,60,1
composition_holdout,0,kmer123,position_pair,rep2_regret,-0.03216775502720835,-0.09434868098781973,0.025200379448517014,0.35,60,1
composition_holdout,0,kmer123,position_pair,wrong_both,-0.010525790952874288,-0.035352352325529406,0.011950576400836802,0.25,60,1
composition_holdout,0,position_additive,uniform,published_regret,0.09657892047184263,0.029619543942616844,0.16286843400045165,0.65,60,1
composition_holdout,0,position_additive,uniform,rep1_regret,0.11898608840769226,0.05641548661025773,0.17842708129698998,0.6666666666666666,60,1
composition_holdout,0,position_additive,uniform,rep2_regret,0.07655077135006748,0.008666564188384325,0.14137674674579923,0.6333333333333333,60,1
composition_holdout,0,position_additive,uniform,wrong_both,0.06886593875517487,0.03422699555138791,0.10344871068681825,0.6833333333333333,60,1
composition_holdout,0,position_additive,composition,published_regret,0.09657892047184263,0.029619543942616844,0.16286843400045165,0.65,60,1
composition_holdout,0,position_additive,composition,rep1_regret,0.11898608840769226,0.05641548661025773,0.17842708129698998,0.6666666666666666,60,1
composition_holdout,0,position_additive,composition,rep2_regret,0.07655077135006748,0.008666564188384325,0.14137674674579923,0.6333333333333333,60,1
composition_holdout,0,position_additive,composition,wrong_both,0.07527045099961767,0.030846851643726643,0.1193077384613843,0.6666666666666666,60,1
composition_holdout,0,position_additive,kmer123,published_regret,-0.09979000677376382,-0.15990153484361003,-0.0404244411561709,0.26666666666666666,60,1
composition_holdout,0,position_additive,kmer123,rep1_regret,-0.09994096449290635,-0.16090337302847377,-0.03464033861041339,0.26666666666666666,60,1
composition_holdout,0,position_additive,kmer123,rep2_regret,-0.14777315064564184,-0.20256024766219313,-0.08981639620246995,0.18333333333333332,60,1
composition_holdout,0,position_additive,kmer123,wrong_both,-0.07571075567950566,-0.10901108743686869,-0.04445788358053988,0.11666666666666667,60,1
composition_holdout,0,position_additive,position_pair,published_regret,-0.12861037992279542,-0.192925680395572,-0.06478370669902868,0.23333333333333334,60,1
composition_holdout,0,position_additive,position_pair,rep1_regret,-0.1118032798705543,-0.1742584053009577,-0.04700717157152379,0.25,60,1
composition_holdout,0,position_additive,position_pair,rep2_regret,-0.1799409056728502,-0.24359302794161553,-0.1222812177922435,0.16666666666666666,60,1
composition_holdout,0,position_additive,position_pair,wrong_both,-0.08623654663237998,-0.12004661291640459,-0.0552872782117574,0.05,60,1
composition_holdout,0,position_pair,uniform,published_regret,0.22518930039463805,0.1701963907388347,0.28151557726974336,0.85,60,1
composition_holdout,0,position_pair,uniform,rep1_regret,0.23078936827824656,0.1686961878479717,0.2908075471643341,0.8,60,1
composition_holdout,0,position_pair,uniform,rep2_regret,0.2564916770229177,0.1977110257114554,0.3095222395043613,0.8666666666666667,60,1
composition_holdout,0,position_pair,uniform,wrong_both,0.15510248538755483,0.1284077081403036,0.18282390165068982,0.9,60,1
composition_holdout,0,position_pair,composition,published_regret,0.22518930039463805,0.1701963907388347,0.28151557726974336,0.85,60,1
composition_holdout,0,position_pair,composition,rep1_regret,0.23078936827824656,0.1686961878479717,0.2908075471643341,0.8,60,1
composition_holdout,0,position_pair,composition,rep2_regret,0.2564916770229177,0.1977110257114554,0.3095222395043613,0.8666666666666667,60,1
composition_holdout,0,position_pair,composition,wrong_both,0.1615069976319976,0.12955541275853777,0.19517484425296922,0.85,60,1
composition_holdout,0,position_pair,kmer123,published_regret,0.028820373149031596,-0.025161351119399787,0.08637097733944805,0.4166666666666667,60,1
composition_holdout,0,position_pair,kmer123,rep1_regret,0.01186231537764794,-0.04168514434773659,0.06614054790011183,0.36666666666666664,60,1
composition_holdout,0,position_pair,kmer123,rep2_regret,0.03216775502720835,-0.025200379448517014,0.09434868098781969,0.43333333333333335,60,1
composition_holdout,0,position_pair,kmer123,wrong_both,0.010525790952874288,-0.011950576400836816,0.03535235232552932,0.21666666666666667,60,1
purged_composition_holdout,0,composition,uniform,published_regret,0.0,0.0,0.0,0.0,60,1
purged_composition_holdout,0,composition,uniform,rep1_regret,0.0,0.0,0.0,0.0,60,1
purged_composition_holdout,0,composition,uniform,rep2_regret,0.0,0.0,0.0,0.0,60,1
purged_composition_holdout,0,composition,uniform,wrong_both,-0.006404512244442803,-0.025475119146863946,0.013173692583458197,0.4,60,1
purged_composition_holdout,0,composition,kmer123,published_regret,-0.180332405713117,-0.2409782980536163,-0.12014060077809229,0.15,60,1
purged_composition_holdout,0,composition,kmer123,rep1_regret,-0.17324043054864005,-0.23486064673330942,-0.10903293200098162,0.21666666666666667,60,1
purged_composition_holdout,0,composition,kmer123,rep2_regret,-0.16479596645688924,-0.2245220597074438,-0.10703313411711093,0.2,60,1
purged_composition_holdout,0,composition,kmer123,wrong_both,-0.11697908534366869,-0.15737375535344286,-0.07814286821396199,0.11666666666666667,60,1
purged_composition_holdout,0,composition,position_pair,published_regret,-0.11524521746022653,-0.17188177496207985,-0.059995314715493325,0.25,60,1
purged_composition_holdout,0,composition,position_pair,rep1_regret,-0.13088372489546488,-0.18941878579516475,-0.07217544540124537,0.26666666666666666,60,1
purged_composition_holdout,0,composition,position_pair,rep2_regret,-0.1636875015514088,-0.22153091979495737,-0.10645094692449458,0.2,60,1
purged_composition_holdout,0,composition,position_pair,wrong_both,-0.10202232297023965,-0.1454467310274602,-0.06005844168370212,0.18333333333333332,60,1
purged_composition_holdout,0,1mer,uniform,published_regret,0.0,0.0,0.0,0.0,60,1
purged_composition_holdout,0,1mer,uniform,rep1_regret,0.0,0.0,0.0,0.0,60,1
purged_composition_holdout,0,1mer,uniform,rep2_regret,0.0,0.0,0.0,0.0,60,1
purged_composition_holdout,0,1mer,uniform,wrong_both,-0.006404512244442803,-0.025475119146863946,0.013173692583458197,0.4,60,1
purged_composition_holdout,0,1mer,composition,published_regret,0.0,0.0,0.0,0.0,60,1
purged_composition_holdout,0,1mer,composition,rep1_regret,0.0,0.0,0.0,0.0,60,1
purged_composition_holdout,0,1mer,composition,rep2_regret,0.0,0.0,0.0,0.0,60,1
purged_composition_holdout,0,1mer,composition,wrong_both,0.0,0.0,0.0,0.0,60,1
purged_composition_holdout,0,1mer,kmer123,published_regret,-0.180332405713117,-0.2409782980536163,-0.12014060077809229,0.15,60,1
purged_composition_holdout,0,1mer,kmer123,rep1_regret,-0.17324043054864005,-0.23486064673330942,-0.10903293200098162,0.21666666666666667,60,1
purged_composition_holdout,0,1mer,kmer123,rep2_regret,-0.16479596645688924,-0.2245220597074438,-0.10703313411711093,0.2,60,1
purged_composition_holdout,0,1mer,kmer123,wrong_both,-0.11697908534366869,-0.15737375535344286,-0.07814286821396199,0.11666666666666667,60,1
purged_composition_holdout,0,1mer,position_pair,published_regret,-0.11524521746022653,-0.17188177496207985,-0.059995314715493325,0.25,60,1
purged_composition_holdout,0,1mer,position_pair,rep1_regret,-0.13088372489546488,-0.18941878579516475,-0.07217544540124537,0.26666666666666666,60,1
purged_composition_holdout,0,1mer,position_pair,rep2_regret,-0.1636875015514088,-0.22153091979495737,-0.10645094692449458,0.2,60,1
purged_composition_holdout,0,1mer,position_pair,wrong_both,-0.10202232297023965,-0.1454467310274602,-0.06005844168370212,0.18333333333333332,60,1
purged_composition_holdout,0,2mer,uniform,published_regret,0.14724673700741517,0.08608366999618416,0.2047758502480545,0.7666666666666667,60,1
purged_composition_holdout,0,2mer,uniform,rep1_regret,0.12574940594298475,0.061072519550834814,0.18619445261853376,0.65,60,1
purged_composition_holdout,0,2mer,uniform,rep2_regret,0.13827829853993256,0.07070591958902474,0.1995836463840207,0.75,60,1
purged_composition_holdout,0,2mer,uniform,wrong_both,0.07935682364189309,0.043939298804975886,0.11527241447210197,0.7166666666666667,60,1
purged_composition_holdout,0,2mer,composition,published_regret,0.14724673700741517,0.08608366999618416,0.2047758502480545,0.7666666666666667,60,1
purged_composition_holdout,0,2mer,composition,rep1_regret,0.12574940594298475,0.061072519550834814,0.18619445261853376,0.65,60,1
purged_composition_holdout,0,2mer,composition,rep2_regret,0.13827829853993256,0.07070591958902474,0.1995836463840207,0.75,60,1
purged_composition_holdout,0,2mer,composition,wrong_both,0.08576133588633589,0.04835648980648981,0.12450011886261884,0.65,60,1
purged_composition_holdout,0,2mer,kmer123,published_regret,-0.03308566870570187,-0.11190998780877418,0.041238104048233366,0.43333333333333335,60,1
purged_composition_holdout,0,2mer,kmer123,rep1_regret,-0.04749102460565527,-0.12335720285972467,0.02726573190776797,0.35,60,1
purged_composition_holdout,0,2mer,kmer123,rep2_regret,-0.026517667916956634,-0.09896464382784594,0.043029831312795065,0.43333333333333335,60,1
purged_composition_holdout,0,2mer,kmer123,wrong_both,-0.031217749457332793,-0.07425521983803234,0.00978049848492554,0.2833333333333333,60,1
purged_composition_holdout,0,2mer,position_pair,published_regret,0.03200151954718866,-0.04445376805671087,0.10419528232050582,0.5,60,1
purged_composition_holdout,0,2mer,position_pair,rep1_regret,-0.005134318952480118,-0.08284969630256572,0.06403101205006918,0.38333333333333336,60,1
purged_composition_holdout,0,2mer,position_pair,rep2_regret,-0.025409203011476252,-0.1057274507779987,0.05062166564111229,0.38333333333333336,60,1
purged_composition_holdout,0,2mer,position_pair,wrong_both,-0.016260987083903753,-0.06111703089541632,0.026292182691922187,0.3,60,1
purged_composition_holdout,0,3mer,uniform,published_regret,0.12139530799916323,0.05728738500277087,0.18407727821635111,0.6833333333333333,60,1
purged_composition_holdout,0,3mer,uniform,rep1_regret,0.13051157329626475,0.06993134402971558,0.19149709769926998,0.6833333333333333,60,1
purged_composition_holdout,0,3mer,uniform,rep2_regret,0.14059303918726096,0.077282557694603,0.20342702462210643,0.7166666666666667,60,1
purged_composition_holdout,0,3mer,uniform,wrong_both,0.09358232769031381,0.062182206091555045,0.12630854794157745,0.7666666666666667,60,1
purged_composition_holdout,0,3mer,composition,published_regret,0.12139530799916323,0.05728738500277087,0.18407727821635111,0.6833333333333333,60,1
purged_composition_holdout,0,3mer,composition,rep1_regret,0.13051157329626475,0.06993134402971558,0.19149709769926998,0.6833333333333333,60,1
purged_composition_holdout,0,3mer,composition,rep2_regret,0.14059303918726096,0.077282557694603,0.20342702462210643,0.7166666666666667,60,1
purged_composition_holdout,0,3mer,composition,wrong_both,0.0999868399347566,0.06123689172517298,0.13962379239202147,0.6666666666666666,60,1
purged_composition_holdout,0,3mer,kmer123,published_regret,-0.05893709771395383,-0.10043444441669071,-0.021478386989616655,0.23333333333333334,60,1
purged_composition_holdout,0,3mer,kmer123,rep1_regret,-0.0427288572523753,-0.0723998487173803,-0.013414601793399735,0.23333333333333334,60,1
purged_composition_holdout,0,3mer,kmer123,rep2_regret,-0.024202927269628235,-0.06366722774190513,0.013125342154599057,0.25,60,1
purged_composition_holdout,0,3mer,kmer123,wrong_both,-0.016992245408912077,-0.030114336165377828,-0.0047545874264624255,0.13333333333333333,60,1
purged_composition_holdout,0,3mer,position_pair,published_regret,0.006150090538936687,-0.07160520517288525,0.08175638053713495,0.43333333333333335,60,1
purged_composition_holdout,0,3mer,position_pair,rep1_regret,-0.0003721515992001582,-0.06414636630288752,0.06396913542728112,0.4166666666666667,60,1
purged_composition_holdout,0,3mer,position_pair,rep2_regret,-0.023094462364147857,-0.09549248463766152,0.04902428333755356,0.38333333333333336,60,1
purged_composition_holdout,0,3mer,position_pair,wrong_both,-0.002035483035483036,-0.03774106934731934,0.034542459392459375,0.3,60,1
purged_composition_holdout,0,kmer123,uniform,published_regret,0.180332405713117,0.12014060077809227,0.2409782980536163,0.7833333333333333,60,1
purged_composition_holdout,0,kmer123,uniform,rep1_regret,0.17324043054864005,0.1090329320009816,0.23486064673330942,0.7666666666666667,60,1
purged_composition_holdout,0,kmer123,uniform,rep2_regret,0.16479596645688924,0.10703313411711092,0.22452205970744368,0.75,60,1
purged_composition_holdout,0,kmer123,uniform,wrong_both,0.11057457309922587,0.08058661487111139,0.14303246084451812,0.7666666666666667,60,1
purged_composition_holdout,0,kmer123,composition,published_regret,0.180332405713117,0.12014060077809227,0.2409782980536163,0.7833333333333333,60,1
purged_composition_holdout,0,kmer123,composition,rep1_regret,0.17324043054864005,0.1090329320009816,0.23486064673330942,0.7666666666666667,60,1
purged_composition_holdout,0,kmer123,composition,rep2_regret,0.16479596645688924,0.10703313411711092,0.22452205970744368,0.75,60,1
purged_composition_holdout,0,kmer123,composition,wrong_both,0.11697908534366869,0.07814286821396198,0.15737375535344283,0.7,60,1
purged_composition_holdout,0,kmer123,position_pair,published_regret,0.06508718825289052,-0.007293931987536677,0.1380703990202791,0.5333333333333333,60,1
purged_composition_holdout,0,kmer123,position_pair,rep1_regret,0.042356705653175154,-0.02634737385867833,0.11208138305430859,0.5,60,1
purged_composition_holdout,0,kmer123,position_pair,rep2_regret,0.0011084649054803775,-0.06355539879472225,0.06704413614628073,0.48333333333333334,60,1
purged_composition_holdout,0,kmer123,position_pair,wrong_both,0.014956762373429041,-0.01732619972619973,0.04989054371554371,0.3333333333333333,60,1
purged_composition_holdout,0,position_additive,uniform,published_regret,0.06777609229698141,0.003770834817186635,0.129048377433322,0.6333333333333333,60,1
purged_composition_holdout,0,position_additive,uniform,rep1_regret,0.07147615524923047,0.016178315185864354,0.12447704788386457,0.55,60,1
purged_composition_holdout,0,position_additive,uniform,rep2_regret,0.025287638146870295,-0.039442692557668815,0.08608620833198118,0.4666666666666667,60,1
purged_composition_holdout,0,position_additive,uniform,wrong_both,0.04234045844844456,0.0089376266666718,0.07350572507803411,0.6333333333333333,60,1
purged_composition_holdout,0,position_additive,composition,published_regret,0.06777609229698141,0.003770834817186635,0.129048377433322,0.6333333333333333,60,1
purged_composition_holdout,0,position_additive,composition,rep1_regret,0.07147615524923047,0.016178315185864354,0.12447704788386457,0.55,60,1
purged_composition_holdout,0,position_additive,composition,rep2_regret,0.025287638146870295,-0.039442692557668815,0.08608620833198118,0.4666666666666667,60,1
purged_composition_holdout,0,position_additive,composition,wrong_both,0.048744970692887364,0.004457862016455774,0.09048066598717637,0.5833333333333334,60,1
purged_composition_holdout,0,position_additive,kmer123,published_regret,-0.11255631341613563,-0.17800098542767345,-0.053640478712603565,0.35,60,1
purged_composition_holdout,0,position_additive,kmer123,rep1_regret,-0.10176427529940958,-0.17528683805490752,-0.032561636820655285,0.2833333333333333,60,1
purged_composition_holdout,0,position_additive,kmer123,rep2_regret,-0.1395083283100189,-0.21484492904095734,-0.06940987741713854,0.2833333333333333,60,1
purged_composition_holdout,0,position_additive,kmer123,wrong_both,-0.06823411465078132,-0.10785136823053491,-0.032978072390572405,0.2,60,1
purged_composition_holdout,0,position_additive,position_pair,published_regret,-0.04746912516324511,-0.1297184521015534,0.030365627054130588,0.36666666666666664,60,1
purged_composition_holdout,0,position_additive,position_pair,rep1_regret,-0.05940756964623441,-0.13483527317351274,0.00971368609021332,0.2833333333333333,60,1
purged_composition_holdout,0,position_additive,position_pair,rep2_regret,-0.13839986340453853,-0.22522074190194905,-0.056810762402315675,0.25,60,1
purged_composition_holdout,0,position_additive,position_pair,wrong_both,-0.05327735227735228,-0.09936238113738113,-0.00830431674806679,0.2833333333333333,60,1
purged_composition_holdout,0,position_pair,uniform,published_regret,0.11524521746022653,0.05999531471549332,0.17188177496207982,0.6833333333333333,60,1
purged_composition_holdout,0,position_pair,uniform,rep1_regret,0.13088372489546488,0.07217544540124533,0.18941878579516475,0.7,60,1
purged_composition_holdout,0,position_pair,uniform,rep2_regret,0.1636875015514088,0.10645094692449458,0.22153091979495734,0.75,60,1
purged_composition_holdout,0,position_pair,uniform,wrong_both,0.09561781072579682,0.06274027249756416,0.12837911339496405,0.7333333333333333,60,1
purged_composition_holdout,0,position_pair,composition,published_regret,0.11524521746022653,0.05999531471549332,0.17188177496207982,0.6833333333333333,60,1
purged_composition_holdout,0,position_pair,composition,rep1_regret,0.13088372489546488,0.07217544540124533,0.18941878579516475,0.7,60,1
purged_composition_holdout,0,position_pair,composition,rep2_regret,0.1636875015514088,0.10645094692449458,0.22153091979495734,0.75,60,1
purged_composition_holdout,0,position_pair,composition,wrong_both,0.10202232297023965,0.060058441683702106,0.14544673102746017,0.7,60,1
purged_composition_holdout,0,position_pair,kmer123,published_regret,-0.06508718825289052,-0.1380703990202791,0.00729393198753665,0.36666666666666664,60,1
purged_composition_holdout,0,position_pair,kmer123,rep1_regret,-0.042356705653175154,-0.11208138305430859,0.02634737385867831,0.4,60,1
purged_composition_holdout,0,position_pair,kmer123,rep2_regret,-0.0011084649054803775,-0.06704413614628077,0.06355539879472223,0.4166666666666667,60,1
purged_composition_holdout,0,position_pair,kmer123,wrong_both,-0.014956762373429041,-0.04989054371554372,0.017326199726199722,0.3333333333333333,60,1
sequence_holdout,0,composition,uniform,published_regret,0.0,0.0,0.0,0.0,60,1
sequence_holdout,0,composition,uniform,rep1_regret,0.0,0.0,0.0,0.0,60,1
sequence_holdout,0,composition,uniform,rep2_regret,0.0,0.0,0.0,0.0,60,1
sequence_holdout,0,composition,uniform,wrong_both,-0.006404512244442803,-0.025475119146863946,0.013173692583458197,0.4,60,1
sequence_holdout,0,composition,kmer123,published_regret,-0.2038458249577386,-0.2596095936155647,-0.1480031327264476,0.15,60,1
sequence_holdout,0,composition,kmer123,rep1_regret,-0.21990801100922922,-0.2792378752823613,-0.15673636374030284,0.15,60,1
sequence_holdout,0,composition,kmer123,rep2_regret,-0.2212851884653941,-0.27808955062849566,-0.16045843726785694,0.1,60,1
sequence_holdout,0,composition,kmer123,wrong_both,-0.14762662029328694,-0.18493544908024076,-0.11063648793336299,0.05,60,1
sequence_holdout,0,composition,position_pair,published_regret,-0.2252211522430878,-0.2823367019548879,-0.169541623668769,0.13333333333333333,60,1
sequence_holdout,0,composition,position_pair,rep1_regret,-0.23102612643764128,-0.29101029237587805,-0.1690387642474184,0.15,60,1
sequence_holdout,0,composition,position_pair,rep2_regret,-0.25342099069946594,-0.3082443745316713,-0.19434682420879856,0.13333333333333333,60,1
sequence_holdout,0,composition,position_pair,wrong_both,-0.16204788768330433,-0.1959843376241814,-0.1301202649395358,0.03333333333333333,60,1
sequence_holdout,0,1mer,uniform,published_regret,0.0,0.0,0.0,0.0,60,1
sequence_holdout,0,1mer,uniform,rep1_regret,0.0,0.0,0.0,0.0,60,1
sequence_holdout,0,1mer,uniform,rep2_regret,0.0,0.0,0.0,0.0,60,1
sequence_holdout,0,1mer,uniform,wrong_both,-0.006404512244442803,-0.025475119146863946,0.013173692583458197,0.4,60,1
sequence_holdout,0,1mer,composition,published_regret,0.0,0.0,0.0,0.0,60,1
sequence_holdout,0,1mer,composition,rep1_regret,0.0,0.0,0.0,0.0,60,1
sequence_holdout,0,1mer,composition,rep2_regret,0.0,0.0,0.0,0.0,60,1
sequence_holdout,0,1mer,composition,wrong_both,0.0,0.0,0.0,0.0,60,1
sequence_holdout,0,1mer,kmer123,published_regret,-0.2038458249577386,-0.2596095936155647,-0.1480031327264476,0.15,60,1
sequence_holdout,0,1mer,kmer123,rep1_regret,-0.21990801100922922,-0.2792378752823613,-0.15673636374030284,0.15,60,1
sequence_holdout,0,1mer,kmer123,rep2_regret,-0.2212851884653941,-0.27808955062849566,-0.16045843726785694,0.1,60,1
sequence_holdout,0,1mer,kmer123,wrong_both,-0.14762662029328694,-0.18493544908024076,-0.11063648793336299,0.05,60,1
sequence_holdout,0,1mer,position_pair,published_regret,-0.2252211522430878,-0.2823367019548879,-0.169541623668769,0.13333333333333333,60,1
sequence_holdout,0,1mer,position_pair,rep1_regret,-0.23102612643764128,-0.29101029237587805,-0.1690387642474184,0.15,60,1
sequence_holdout,0,1mer,position_pair,rep2_regret,-0.25342099069946594,-0.3082443745316713,-0.19434682420879856,0.13333333333333333,60,1
sequence_holdout,0,1mer,position_pair,wrong_both,-0.16204788768330433,-0.1959843376241814,-0.1301202649395358,0.03333333333333333,60,1
sequence_holdout,0,2mer,uniform,published_regret,0.18442353881754434,0.11967107620784734,0.24263883100580894,0.8333333333333334,60,1
sequence_holdout,0,2mer,uniform,rep1_regret,0.19541289964404843,0.13560278822895813,0.2527221933093938,0.75,60,1
sequence_holdout,0,2mer,uniform,rep2_regret,0.2037573290870679,0.14404611753140573,0.2579015141746659,0.8333333333333334,60,1
sequence_holdout,0,2mer,uniform,wrong_both,0.10929560630984243,0.07441817990876151,0.1445371048566274,0.7833333333333333,60,1
sequence_holdout,0,2mer,composition,published_regret,0.18442353881754434,0.11967107620784734,0.24263883100580894,0.8333333333333334,60,1
sequence_holdout,0,2mer,composition,rep1_regret,0.19541289964404843,0.13560278822895813,0.2527221933093938,0.75,60,1
sequence_holdout,0,2mer,composition,rep2_regret,0.2037573290870679,0.14404611753140573,0.2579015141746659,0.8333333333333334,60,1
sequence_holdout,0,2mer,composition,wrong_both,0.11570011855428523,0.0785676566681775,0.15072079269110514,0.7333333333333333,60,1
sequence_holdout,0,2mer,kmer123,published_regret,-0.01942228614019422,-0.09043455099308875,0.049080067586349856,0.36666666666666664,60,1
sequence_holdout,0,2mer,kmer123,rep1_regret,-0.024495111365180778,-0.09560786711983586,0.04572137333871464,0.26666666666666666,60,1
sequence_holdout,0,2mer,kmer123,rep2_regret,-0.017527859378326207,-0.08849985597732278,0.058304464085608756,0.31666666666666665,60,1
sequence_holdout,0,2mer,kmer123,wrong_both,-0.03192650173900173,-0.06602168786075037,0.0018032731157730801,0.18333333333333332,60,1
sequence_holdout,0,2mer,position_pair,published_regret,-0.040797613425543486,-0.11760873749191492,0.032487409365926354,0.3,60,1
sequence_holdout,0,2mer,position_pair,rep1_regret,-0.03561322679359289,-0.1102216725148165,0.03583235807128152,0.2833333333333333,60,1
sequence_holdout,0,2mer,position_pair,rep2_regret,-0.04966366161239802,-0.12290464928404392,0.024792451155292255,0.31666666666666665,60,1
sequence_holdout,0,2mer,position_pair,wrong_both,-0.046347769129019126,-0.08022087897634773,-0.01475358848327599,0.16666666666666666,60,1
sequence_holdout,0,3mer,uniform,published_regret,0.1752822310630204,0.11566780430858369,0.23250088600180388,0.7833333333333333,60,1
sequence_holdout,0,3mer,uniform,rep1_regret,0.19646053713340125,0.13701013138042756,0.25488698079459804,0.7666666666666667,60,1
sequence_holdout,0,3mer,uniform,rep2_regret,0.20636673124374613,0.14547664597000803,0.26182395302687334,0.85,60,1
sequence_holdout,0,3mer,uniform,wrong_both,0.13505398489113765,0.10594524897074378,0.1643037271293521,0.8666666666666667,60,1
sequence_holdout,0,3mer,composition,published_regret,0.1752822310630204,0.11566780430858369,0.23250088600180388,0.7833333333333333,60,1
sequence_holdout,0,3mer,composition,rep1_regret,0.19646053713340125,0.13701013138042756,0.25488698079459804,0.7666666666666667,60,1
sequence_holdout,0,3mer,composition,rep2_regret,0.20636673124374613,0.14547664597000803,0.26182395302687334,0.85,60,1
sequence_holdout,0,3mer,composition,wrong_both,0.14145849713558045,0.10432013472638474,0.17841789576164574,0.8,60,1
sequence_holdout,0,3mer,kmer123,published_regret,-0.02856359389471818,-0.08189742602695482,0.029878576717244282,0.3,60,1
sequence_holdout,0,3mer,kmer123,rep1_regret,-0.02344747387582796,-0.06831815570192402,0.02731341318875067,0.3,60,1
sequence_holdout,0,3mer,kmer123,rep2_regret,-0.01491845722164799,-0.06789158231762175,0.0421022216942583,0.38333333333333336,60,1
sequence_holdout,0,3mer,kmer123,wrong_both,-0.006168123157706492,-0.021768899291295125,0.009398614329343496,0.2,60,1
sequence_holdout,0,3mer,position_pair,published_regret,-0.04993892118006744,-0.11900053220008475,0.016652261434935978,0.31666666666666665,60,1
sequence_holdout,0,3mer,position_pair,rep1_regret,-0.03456558930424007,-0.10341722652563592,0.03755588665727019,0.3333333333333333,60,1
sequence_holdout,0,3mer,position_pair,rep2_regret,-0.04705425945571982,-0.1238930380933453,0.02959750210032644,0.36666666666666664,60,1
sequence_holdout,0,3mer,position_pair,wrong_both,-0.020589390547723883,-0.04620789792768959,0.0034880805922472484,0.23333333333333334,60,1
sequence_holdout,0,kmer123,uniform,published_regret,0.2038458249577386,0.14800313272644758,0.25960959361556457,0.8166666666666667,60,1
sequence_holdout,0,kmer123,uniform,rep1_regret,0.21990801100922922,0.1567363637403028,0.2792378752823613,0.8166666666666667,60,1
sequence_holdout,0,kmer123,uniform,rep2_regret,0.2212851884653941,0.1604584372678569,0.2780895506284956,0.85,60,1
sequence_holdout,0,kmer123,uniform,wrong_both,0.14122210804884414,0.11228789566047379,0.17055615078112465,0.8833333333333333,60,1
sequence_holdout,0,kmer123,composition,published_regret,0.2038458249577386,0.14800313272644758,0.25960959361556457,0.8166666666666667,60,1
sequence_holdout,0,kmer123,composition,rep1_regret,0.21990801100922922,0.1567363637403028,0.2792378752823613,0.8166666666666667,60,1
sequence_holdout,0,kmer123,composition,rep2_regret,0.2212851884653941,0.1604584372678569,0.2780895506284956,0.85,60,1
sequence_holdout,0,kmer123,composition,wrong_both,0.14762662029328694,0.11063648793336295,0.18493544908024076,0.85,60,1
sequence_holdout,0,kmer123,position_pair,published_regret,-0.02137532728534926,-0.07955110047120584,0.03166504503752391,0.3333333333333333,60,1
sequence_holdout,0,kmer123,position_pair,rep1_regret,-0.011118115428412113,-0.06590240685608498,0.041598314104842944,0.4166666666666667,60,1
sequence_holdout,0,kmer123,position_pair,rep2_regret,-0.032135802234071816,-0.09379777350950443,0.02249750535974974,0.31666666666666665,60,1
sequence_holdout,0,kmer123,position_pair,wrong_both,-0.014421267390017391,-0.03963978440540941,0.008121505953537177,0.2,60,1
sequence_holdout,0,position_additive,uniform,published_regret,0.09938687953322219,0.031811274079011645,0.16498658124980775,0.6666666666666666,60,1
sequence_holdout,0,position_additive,uniform,rep1_regret,0.12186161322585919,0.06062605698371136,0.18149108958514432,0.6833333333333333,60,1
sequence_holdout,0,position_additive,uniform,rep2_regret,0.07760883124327256,0.009649551330694551,0.14158073205106378,0.6333333333333333,60,1
sequence_holdout,0,position_additive,uniform,wrong_both,0.07041265592689204,0.03629520236579265,0.10446161008744341,0.7,60,1
sequence_holdout,0,position_additive,composition,published_regret,0.09938687953322219,0.031811274079011645,0.16498658124980775,0.6666666666666666,60,1
sequence_holdout,0,position_additive,composition,rep1_regret,0.12186161322585919,0.06062605698371136,0.18149108958514432,0.6833333333333333,60,1
sequence_holdout,0,position_additive,composition,rep2_regret,0.07760883124327256,0.009649551330694551,0.14158073205106378,0.6333333333333333,60,1
sequence_holdout,0,position_additive,composition,wrong_both,0.07681716817133484,0.031958830328622,0.12036552172750091,0.6666666666666666,60,1
sequence_holdout,0,position_additive,kmer123,published_regret,-0.1044589454245164,-0.16521953844273063,-0.043992712959015905,0.23333333333333334,60,1
sequence_holdout,0,position_additive,kmer123,rep1_regret,-0.09804639778337003,-0.1585646383307692,-0.03343863423281456,0.26666666666666666,60,1
sequence_holdout,0,position_additive,kmer123,rep2_regret,-0.1436763572221216,-0.19879483388925734,-0.0853006346294895,0.2,60,1
sequence_holdout,0,position_additive,kmer123,wrong_both,-0.07080945212195214,-0.10479858180014431,-0.03959825920607179,0.16666666666666666,60,1
sequence_holdout,0,position_additive,position_pair,published_regret,-0.1258342727098657,-0.18854055687541038,-0.06343945865327279,0.21666666666666667,60,1
sequence_holdout,0,position_additive,position_pair,rep1_regret,-0.1091645132117821,-0.17019245780916722,-0.0466251447552599,0.26666666666666666,60,1
sequence_holdout,0,position_additive,position_pair,rep2_regret,-0.17581215945619336,-0.2406055251215926,-0.11610817901970076,0.18333333333333332,60,1
sequence_holdout,0,position_additive,position_pair,wrong_both,-0.08523071951196952,-0.11816365252224627,-0.05464126709517334,0.06666666666666667,60,1
sequence_holdout,0,position_pair,uniform,published_regret,0.2252211522430878,0.169541623668769,0.28233670195488786,0.8166666666666667,60,1
sequence_holdout,0,position_pair,uniform,rep1_regret,0.23102612643764128,0.1690387642474184,0.29101029237587805,0.8,60,1
sequence_holdout,0,position_pair,uniform,rep2_regret,0.25342099069946594,0.19434682420879854,0.30824437453167125,0.85,60,1
sequence_holdout,0,position_pair,uniform,wrong_both,0.1556433754388616,0.12869579465255682,0.18363585561814727,0.9,60,1
sequence_holdout,0,position_pair,composition,published_regret,0.2252211522430878,0.169541623668769,0.28233670195488786,0.8166666666666667,60,1
sequence_holdout,0,position_pair,composition,rep1_regret,0.23102612643764128,0.1690387642474184,0.29101029237587805,0.8,60,1
sequence_holdout,0,position_pair,composition,rep2_regret,0.25342099069946594,0.19434682420879854,0.30824437453167125,0.85,60,1
sequence_holdout,0,position_pair,composition,wrong_both,0.16204788768330433,0.13012026493953577,0.1959843376241814,0.85,60,1
sequence_holdout,0,position_pair,kmer123,published_regret,0.02137532728534926,-0.031665045037523924,0.07955110047120577,0.45,60,1
sequence_holdout,0,position_pair,kmer123,rep1_regret,0.011118115428412113,-0.04159831410484299,0.06590240685608496,0.36666666666666664,60,1
sequence_holdout,0,position_pair,kmer123,rep2_regret,0.032135802234071816,-0.022497505359749863,0.0937977735095044,0.45,60,1
sequence_holdout,0,position_pair,kmer123,wrong_both,0.014421267390017391,-0.008121505953537203,0.03963978440540937,0.18333333333333332,60,1
