tree
version=v4
num_class=1
num_tree_per_iteration=1
label_index=0
max_feature_idx=354
objective=regression
feature_names=Column_0 Column_1 Column_2 Column_3 Column_4 Column_5 Column_6 Column_7 Column_8 Column_9 Column_10 Column_11 Column_12 Column_13 Column_14 Column_15 Column_16 Column_17 Column_18 Column_19 Column_20 Column_21 Column_22 Column_23 Column_24 Column_25 Column_26 Column_27 Column_28 Column_29 Column_30 Column_31 Column_32 Column_33 Column_34 Column_35 Column_36 Column_37 Column_38 Column_39 Column_40 Column_41 Column_42 Column_43 Column_44 Column_45 Column_46 Column_47 Column_48 Column_49 Column_50 Column_51 Column_52 Column_53 Column_54 Column_55 Column_56 Column_57 Column_58 Column_59 Column_60 Column_61 Column_62 Column_63 Column_64 Column_65 Column_66 Column_67 Column_68 Column_69 Column_70 Column_71 Column_72 Column_73 Column_74 Column_75 Column_76 Column_77 Column_78 Column_79 Column_80 Column_81 Column_82 Column_83 Column_84 Column_85 Column_86 Column_87 Column_88 Column_89 Column_90 Column_91 Column_92 Column_93 Column_94 Column_95 Column_96 Column_97 Column_98 Column_99 Column_100 Column_101 Column_102 Column_103 Column_104 Column_105 Column_106 Column_107 Column_108 Column_109 Column_110 Column_111 Column_112 Column_113 Column_114 Column_115 Column_116 Column_117 Column_118 Column_119 Column_120 Column_121 Column_122 Column_123 Column_124 Column_125 Column_126 Column_127 Column_128 Column_129 Column_130 Column_131 Column_132 Column_133 Column_134 Column_135 Column_136 Column_137 Column_138 Column_139 Column_140 Column_141 Column_142 Column_143 Column_144 Column_145 Column_146 Column_147 Column_148 Column_149 Column_150 Column_151 Column_152 Column_153 Column_154 Column_155 Column_156 Column_157 Column_158 Column_159 Column_160 Column_161 Column_162 Column_163 Column_164 Column_165 Column_166 Column_167 Column_168 Column_169 Column_170 Column_171 Column_172 Column_173 Column_174 Column_175 Column_176 Column_177 Column_178 Column_179 Column_180 Column_181 Column_182 Column_183 Column_184 Column_185 Column_186 Column_187 Column_188 Column_189 Column_190 Column_191 Column_192 Column_193 Column_194 Column_195 Column_196 Column_197 Column_198 Column_199 Column_200 Column_201 Column_202 Column_203 Column_204 Column_205 Column_206 Column_207 Column_208 Column_209 Column_210 Column_211 Column_212 Column_213 Column_214 Column_215 Column_216 Column_217 Column_218 Column_219 Column_220 Column_221 Column_222 Column_223 Column_224 Column_225 Column_226 Column_227 Column_228 Column_229 Column_230 Column_231 Column_232 Column_233 Column_234 Column_235 Column_236 Column_237 Column_238 Column_239 Column_240 Column_241 Column_242 Column_243 Column_244 Column_245 Column_246 Column_247 Column_248 Column_249 Column_250 Column_251 Column_252 Column_253 Column_254 Column_255 Column_256 Column_257 Column_258 Column_259 Column_260 Column_261 Column_262 Column_263 Column_264 Column_265 Column_266 Column_267 Column_268 Column_269 Column_270 Column_271 Column_272 Column_273 Column_274 Column_275 Column_276 Column_277 Column_278 Column_279 Column_280 Column_281 Column_282 Column_283 Column_284 Column_285 Column_286 Column_287 Column_288 Column_289 Column_290 Column_291 Column_292 Column_293 Column_294 Column_295 Column_296 Column_297 Column_298 Column_299 Column_300 Column_301 Column_302 Column_303 Column_304 Column_305 Column_306 Column_307 Column_308 Column_309 Column_310 Column_311 Column_312 Column_313 Column_314 Column_315 Column_316 Column_317 Column_318 Column_319 Column_320 Column_321 Column_322 Column_323 Column_324 Column_325 Column_326 Column_327 Column_328 Column_329 Column_330 Column_331 Column_332 Column_333 Column_334 Column_335 Column_336 Column_337 Column_338 Column_339 Column_340 Column_341 Column_342 Column_343 Column_344 Column_345 Column_346 Column_347 Column_348 Column_349 Column_350 Column_351 Column_352 Column_353 Column_354
feature_infos=[0.080769233405590057:0.4346160888671875] [0.0038461538497358561:0.41538524627685547] [0.10769230872392654:0.45769309997558594] [0.080769233405590057:0.43846225738525391] [0:0.20463331043720245] [0:0.25868743658065796] [0.027027027681469917:0.18146724998950958] [0.0038610037881880999:0.18918927013874054] [0:0.3050195574760437] [0:0.18918927013874054] [0:0.061776053160429001] [0:0.1428571492433548] [0.0077220075763761997:0.17374522984027863] [0.0038610037881880999:0.11969109624624252] [0.0077220075763761997:0.1969112902879715] [0.011583011597394943:0.27027046680450439] [0.0038610037881880999:0.15057916939258575] [0:0.1428571492433548] [0.023166023194789886:0.26640945672988892] [0:0.23938240110874176] [0:0.11627911031246185] [0:0.042635664343833923] [0:0.054263576865196228] [0:0.065891489386558533] [0:0.2286822646856308] [0:0.062015518546104431] [0:0.042635664343833923] [0:0.042635664343833923] [0:0.12790702283382416] [0:0.046511635184288025] [0:0.077519401907920837] [0:0.038759693503379822] [0:0.062015518546104431] [0:0.03488372266292572] [0:0.14341090619564056] [0:0.05813954770565033] [0:0.046511635184288025] [0:0.21705435216426849] [0:0.065891489386558533] [0:0.054263576865196228] [0:0.077519401907920837] [0:0.10465119779109955] [0:0.031007751822471619] [0:0.069767460227012634] [0:0.015503875911235809] [0:0.042635664343833923] [0:0.031007751822471619] [0:0.031007751822471619] [0:0.03488372266292572] [0:0.081395372748374939] [0:0.073643431067466736] [0:0.050387606024742126] [0:0.062015518546104431] [0:0.050387606024742126] [0:0.13565896451473236] [0:0.10852716863155365] [0:0.069767460227012634] [0:0.05813954770565033] [0:0.019379844889044762] [0:0.046511635184288025] [0:0.093023285269737244] [0:0.050387606024742126] [0:0.085271343588829041] [0:0.096899256110191345] [0:0.081395372748374939] [0:0.046511635184288025] [0:0.20542643964290619] [0:0.054263576865196228] [0:0.05813954770565033] [0:0.042635664343833923] [0:0.065891489386558533] [0:0.073643431067466736] [0:0.046511635184288025] [0:0.05813954770565033] [0:0.015503875911235809] [0:0.081395372748374939] [0:0.073643431067466736] [0:0.05813954770565033] [0:0.13178299367427826] [0:0.21317838132381439] [0:0.050387606024742126] [0:0.042635664343833923] [0:0.062015518546104431] [0:0.13953493535518646] [0:0.07003890722990036] [0:0.031128404662013054] [0:0.027237353846430779] [0:0.03501945361495018] [0:0.031128404662013054] [0:0.015564202331006527] [0:0.011673151515424252] [0:0.023346303030848503] [0:0.023346303030848503] [0:0.027237353846430779] [0:0.031128404662013054] [0:0.019455252215266228] [0:0.019455252215266228] [0:0.015564202331006527] [0:0.058365758508443832] [0:0.019455252215266228] [0:0.031128404662013054] [0:0.18677042424678802] [0:0.027237353846430779] [0:0.027237353846430779] [0:0.03501945361495018] [0:0.023346303030848503] [0:0.0077821011655032635] [0:0.038910504430532455] [0:0.011673151515424252] [0:0.038910504430532455] [0:0.0077821011655032635] [0:0.011673151515424252] [0:0.011673151515424252] [0:0.019455252215266228] [0:0.019455252215266228] [0:0.023346303030848503] [0:0.023346303030848503] [0:0.023346303030848503] [0:0.10894941538572311] [0:0.023346303030848503] [0:0.023346303030848503] [0:0.031128404662013054] [0:0.011673151515424252] [0:0.019455252215266228] [0:0.03501945361495018] [0:0.031128404662013054] [0:0.027237353846430779] [0:0.054474707692861557] [0:0.015564202331006527] [0:0.019455252215266228] [0:0.027237353846430779] [0:0.019455252215266228] [0:0.023346303030848503] [0:0.038910504430532455] [0:0.027237353846430779] [0:0.03501945361495018] [0:0.023346303030848503] [0:0.019455252215266228] [0:0.0077821011655032635] [0:0.023346303030848503] [0:0.046692606061697006] [0:0.015564202331006527] [0:0.093385212123394012] [0:0.042801555246114731] [0:0.027237353846430779] [0:0.015564202331006527] [0:0.019455252215266228] [0:0.031128404662013054] [0:0.031128404662013054] [0:0.015564202331006527] [0:0.023346303030848503] [0:0.011673151515424252] [0:0.19844357669353485] [0:0.03501945361495018] [0:0.038910504430532455] [0:0.023346303030848503] [0:0.023346303030848503] [0:0.023346303030848503] [0:0.031128404662013054] [0:0.019455252215266228] [0:0.038910504430532455] [0:0.031128404662013054] [0:0.019455252215266228] [0:0.019455252215266228] [0:0.019455252215266228] [0:0.031128404662013054] [0:0.031128404662013054] [0:0.03501945361495018] [0:0.03501945361495018] [0:0.062256809324026108] [0:0.019455252215266228] [0:0.03501945361495018] [0:0.011673151515424252] [0:0.015564202331006527] [0:0.019455252215266228] [0:0.023346303030848503] [0:0.015564202331006527] [0:0.03501945361495018] [0:0.038910504430532455] [0:0.019455252215266228] [0:0.0038910505827516317] [0:0.015564202331006527] [0:0.011673151515424252] [0:0.0038910505827516317] [0:0.038910504430532455] [0:0.019455252215266228] [0:0.019455252215266228] [0:0.011673151515424252] [0:0.0077821011655032635] [0:0.011673151515424252] [0:0.015564202331006527] [0:0.011673151515424252] [0:0.0077821011655032635] [0:0.011673151515424252] [0:0.015564202331006527] [0:0.0077821011655032635] [0:0.015564202331006527] [0:0.011673151515424252] [0:0.019455252215266228] [0:0.019455252215266228] [0:0.027237353846430779] [0:0.03501945361495018] [0:0.011673151515424252] [0:0.046692606061697006] [0:0.023346303030848503] [0:0.042801555246114731] [0:0.027237353846430779] [0:0.066147856414318085] [0:0.015564202331006527] [0:0.019455252215266228] [0:0.019455252215266228] [0:0.027237353846430779] [0:0.023346303030848503] [0:0.011673151515424252] [0:0.027237353846430779] [0:0.058365758508443832] [0:0.019455252215266228] [0:0.023346303030848503] [0:0.015564202331006527] [0:0.023346303030848503] [0:0.11284046620130539] [0:0.023346303030848503] [0:0.054474707692861557] [0:0.027237353846430779] [0:0.027237353846430779] [0:0.011673151515424252] [0:0.081712059676647186] [0:0.019455252215266228] [0:0.027237353846430779] [0:0.054474707692861557] [0:0.019455252215266228] [0:0.015564202331006527] [0:0.023346303030848503] [0:0.023346303030848503] [0:0.015564202331006527] [0:0.031128404662013054] [0:0.0077821011655032635] [0:0.019455252215266228] [0:0.0077821011655032635] [0:0.011673151515424252] [0:0.015564202331006527] [0:0.023346303030848503] [0:0.042801555246114731] [0:0.027237353846430779] [0:0.023346303030848503] [0:0.023346303030848503] [0:0.042801555246114731] [0:0.085603110492229462] [0:0.019455252215266228] [0:0.027237353846430779] [0:0.0077821011655032635] [0:0.023346303030848503] [0:0.023346303030848503] [0:0.023346303030848503] [0:0.042801555246114731] [0:0.050583656877279282] [0:0.038910504430532455] [0:0.015564202331006527] [0:0.081712059676647186] [0:0.015564202331006527] [0:0.015564202331006527] [0:0.011673151515424252] [0:0.054474707692861557] [0:0.03501945361495018] [0:0.023346303030848503] [0:0.019455252215266228] [0:0.011673151515424252] [0:0.027237353846430779] [0:0.031128404662013054] [0:0.03501945361495018] [0:0.062256809324026108] [0:0.17898832261562347] [0:0.011673151515424252] [0:0.023346303030848503] [0:0.031128404662013054] [0:0.038910504430532455] [0:0.027237353846430779] [0:0.011673151515424252] [0:0.015564202331006527] [0:0.031128404662013054] [0:0.019455252215266228] [0:0.031128404662013054] [0:0.011673151515424252] [0:0.019455252215266228] [0:0.027237353846430779] [0:0.015564202331006527] [0:0.054474707692861557] [0:0.015564202331006527] [0:0.042801555246114731] [0:0.019455252215266228] [0:0.038910504430532455] [0:0.031128404662013054] [0:0.015564202331006527] [0:0.023346303030848503] [0:0.023346303030848503] [0:0.019455252215266228] [0:0.023346303030848503] [0:0.027237353846430779] [0:0.011673151515424252] [0:0.027237353846430779] [0:0.0077821011655032635] [0:0.0077821011655032635] [0:0.0077821011655032635] [0:0.0077821011655032635] [0:0.023346303030848503] [0:0.058365758508443832] [0:0.042801555246114731] [0:0.031128404662013054] [0:0.058365758508443832] [0:0.019455252215266228] [0:0.027237353846430779] [0:0.023346303030848503] [0:0.019455252215266228] [0:0.031128404662013054] [0:0.011673151515424252] [0:0.042801555246114731] [0:0.089494161307811737] [0:0.023346303030848503] [0:0.046692606061697006] [0:0.031128404662013054] [0:0.058365758508443832] [0:0.031128404662013054] [0:0.1750972718000412] [0:0.038910504430532455] [0:0.027237353846430779] [0:0.011673151515424252] [0:0.019455252215266228] [0:0.027237353846430779] [0:0.019455252215266228] [0:0.023346303030848503] [0:0.0038910505827516317] [0:0.027237353846430779] [0:0.023346303030848503] [0:0.019455252215266228] [0:0.023346303030848503] [0:0.03501945361495018] [0:0.027237353846430779] [0:0.023346303030848503] [0:0.03501945361495018] [0:0.093385212123394012] [0:0.015384615398943424] [0:0.023076923564076424] [0:0.011538461782038212] [0:0.15384615957736969] [0:0.15384615957736969] [0:0.03461538627743721] [0:0.0038461538497358561] [0:0.0076923076994717121] [0:0.080769233405590057] [0:0.03461538627743721] [0.56000000238418579:1] [0:0.053846154361963272] none [0.26153847575187683:0.6538461446762085] [0.33076924085617065:0.72692304849624634]
tree_sizes=1416 1463 1453 1459 1454 1466 1463 1469 1452 1447 1457 1451 1466 1446 1464 1433 1442 1469 1459 1474 1465 1463 1469 1465 1457 1475 1465 1471 1465 1466 1457 1477 1442 1471 1462 1470 1481 1477 1467 1473 1483 1478 1465 1467 1489 1490 1468 1483 1474 1483 1476 1471 1483 1468 1480 1496 1483 1496 1486 1488 1481 1477 1479 1488 1491 1495 1492 1485 1488 1502 1506 1516 1492 1511 1497 1497 1505 1504 1494 1503 1489 1515 1507 1504 1512 1500 1498 1509 1522 1506 1493 1509 1521 1487 1511 1515 1512 1510 1509 1517 1526 1504 1522 1507 1524 1512 1489 1508 1535 1517 1517 1514 1504 1522 1525 1530 1508 1501 1513 1495 1517 1517 1504 1512 1504 1522 1525 1525 1507 1519 1526 1521 1537 1523 1522 1528 1514 1529 1524 1508 1532 1523 1527 1494 1526 1520 1503 1545 1523 1510 1538 1522 1507 1528 1534 1519 1532 1512 1539 1524 1516 1502 1526 1524 1535 1533 1503 1492 1493 1500 1538 1516 1524 1522 1518 1538 1524 1531 1502 1528 1520 1545 1522 1526 1501 1533 1537 1535 1524 1539 1543 1506 1526 1545 1529 1531 1515 1534 1541 1558 1529 1516 1522 1544 1516 1540 1551 1546 1532 1532 1523 1509 1518 1516 1527 1515 1538 1534 1526 1522 1519 1517 1543 1535 1530 1544 1519 1543 1528 1534 1532 1562 1506 1556 1527 1528 1564 1560 1534 1539 1532 1515 1520 1521 1541 1544 1523 1517 1534 1529 1515 1527 1523 1546 1524 1525 1531 1515 1552 1528 1540 1517 1520 1519 1508 1542 1506 1532 1536 1527 1527 1525 1535 1525 1540 1540 1536 1513 1530 1523 1530 1528 1536 1534 1526 1528 1526 1526 1522 1524 1524 1540 1512 1534 1521 1546 1521 1510 1525 1528

Tree=0
num_leaves=15
num_cat=0
split_feature=1 34 66 34 72 39 198 308 12 18 152 14 180 354
split_gain=1652.66 214.586 164.123 87.6724 43.0786 19.8664 19.4015 6.42002 4.37776 5.91425 2.65592 2.46641 2.56838 1.36468
threshold=0.094230771064758315 0.10658918321132661 0.094961270689964308 0.0755814164876938 0.0058139534667134294 1.0000000180025095e-35 1.0000000180025095e-35 1.0000000180025095e-35 0.10231658443808557 0.10231658443808557 0.0058365758741274485 0.036679536104202277 1.0000000180025095e-35 0.482692301273346
decision_type=2 2 2 2 2 2 2 2 2 2 2 2 2 2
left_child=1 6 3 8 5 -4 -1 10 11 -10 -6 12 -2 -13
right_child=2 -3 4 -5 7 -7 -8 -9 9 -11 -12 13 -14 -15
leaf_value=0.18899905256941177 0.11617214173905351 0.24007585230747569 0.17282457522150579 0.1649544864516525 0.14454079695827082 0.14474658256082112 0.16260442157239338 0.12502589511993048 0.1190045516752555 0.13241402591807747 0.13237886872443277 0.11693550173693419 0.10827807505127737 0.11789557858867862
leaf_weight=63 979 88 46 34 33 50 54 62 122 38 38 2377 38 3098
leaf_count=63 979 88 46 34 33 50 54 62 122 38 38 2377 38 3098
internal_value=0.120945 0.20468 0.118451 0.117594 0.143369 0.158597 0.177273 0.132178 0.117345 0.122241 0.138281 0.117225 0.115865 0.117478
internal_weight=0 205 6915 6686 229 96 117 133 6652 160 71 6492 1017 5475
internal_count=7120 205 6915 6686 229 96 117 133 6652 160 71 6492 1017 5475
is_linear=0
shrinkage=1


Tree=1
num_leaves=15
num_cat=0
split_feature=34 2 34 120 322 247 39 53 230 254 2 320 322 247
split_gain=1536.93 316.557 82.9052 70.7998 40.8202 34.9601 13.2891 12.7653 7.34074 3.48326 3.14502 2.92046 1.95454 1.88294
threshold=0.087209329009056105 0.37500047683715826 0.11434112489223482 1.0000000180025095e-35 0.087548635900020613 0.036964979022741325 1.0000000180025095e-35 1.0000000180025095e-35 0.0097276263404637592 1.0000000180025095e-35 0.23653846234083178 0.0097276263404637592 0.052529182285070426 0.021400777623057369
decision_type=2 2 2 2 2 2 2 2 2 2 2 2 2 2
left_child=1 4 -2 6 5 10 9 -6 -5 -3 -1 -9 13 -12
right_child=2 3 -4 8 7 -7 -8 11 -10 -11 12 -13 -14 -15
leaf_value=-0.0042658360528173593 0.071247230876575807 0.049248003214597699 0.12005921536370329 0.023924061800627148 0.029648290359798598 0.027902123266831041 0.033728240155859991 0.0018131178843209565 0.0053828370497819595 0.067161726425675791 -0.0031196597155180614 0.012647603419967568 0.002303935187713553 0.0027587326171807942
leaf_weight=2954 65 47 75 33 33 31 37 40 46 33 3564 51 62 49
leaf_count=2954 65 47 75 33 33 31 37 40 46 33 3564 51 62 49
internal_value=0 -0.00197903 0.0980625 0.0355101 -0.00306723 -0.00338555 0.0502464 0.0139204 0.0133301 0.0573753 -0.00353606 0.00795667 -0.00294845 -0.00303919
internal_weight=0 6980 140 196 6784 6660 117 124 79 80 6629 91 3675 3613
internal_count=7120 6980 140 196 6784 6660 117 124 79 80 6629 91 3675 3613
is_linear=0
shrinkage=0.03


Tree=2
num_leaves=15
num_cat=0
split_feature=1 34 343 34 72 46 198 7 294 2 2 124 152 25
split_gain=1466.49 190.717 137.246 78.0803 46.0311 19.443 17.1775 10.5801 7.37303 3.97895 2.61644 2.18456 1.92227 1.72882
threshold=0.094230771064758315 0.10658918321132661 0.04807692393660546 0.0755814164876938 0.0058139534667134294 1.0000000180025095e-35 1.0000000180025095e-35 0.040540538728237159 0.0058365758741274485 0.35961580276489263 0.23653846234083178 0.0097276263404637592 0.0058365758741274485 1.0000000180025095e-35
decision_type=2 2 2 2 2 2 2 2 2 2 2 2 2 2
left_child=1 6 3 9 5 7 -1 -4 12 10 -2 -11 -6 -12
right_child=2 -3 4 -5 8 -7 -8 -9 -10 11 13 -13 -14 -15
leaf_value=0.064078766349703067 -0.0041411301534499236 0.11224971731057327 0.05624101787805557 0.04153010229553495 0.020788156044191534 0.015532050767638297 0.039239922637289218 0.030202888087369501 0.0027607028671290451 0.0094193879817612465 0.00066411523996159818 -0.00091361305954209941 0.010273425815736545 -0.0030534406525754574
leaf_weight=63 2951 88 35 34 37 32 54 31 81 31 116 43 33 3491
leaf_count=63 2951 88 35 34 37 32 54 31 81 31 116 43 33 3491
internal_value=0 0.0788809 -0.00234607 -0.00316405 0.0194774 0.0353912 0.0530444 0.0446443 0.00898437 -0.00339941 -0.00347759 0.00348295 0.0160457 -0.00293373
internal_weight=0 205 6915 6666 249 98 117 66 151 6632 6558 74 70 3607
internal_count=7120 205 6915 6666 249 98 117 66 151 6632 6558 74 70 3607
is_linear=0
shrinkage=0.03


Tree=3
num_leaves=15
num_cat=0
split_feature=1 34 66 34 72 39 131 320 204 2 2 300 316 271
split_gain=1380.89 179.515 137.668 73.5528 36.1235 17.1173 11.9626 7.19523 6.11385 4.89702 2.55802 4.46745 2.20418 1.82781
threshold=0.094230771064758315 0.10658918321132661 0.094961270689964308 0.0755814164876938 0.0058139534667134294 1.0000000180025095e-35 1.0000000180025095e-35 0.048638131469488151 1.0000000180025095e-35 0.36730813980102545 0.16730769723653796 1.0000000180025095e-35 0.02918287925422192 0.017509727273136381
decision_type=2 2 2 2 2 2 2 2 2 2 2 2 2 2
left_child=1 6 3 9 5 -4 7 -1 -6 10 11 -2 13 -12
right_child=2 -3 4 -5 8 -7 -8 -9 -10 -11 12 -13 -14 -15
leaf_value=0.067779668569564813 -0.004717369277932087 0.10892006450824523 0.047689822453292126 0.040319796604769573 0.017762316107553872 0.021651610117405653 0.035557291485418224 0.045817807693230482 0.0047133352158841898 0.0058947273555252011 -0.0033975124825397058 -0.016408208091161215 0.0043254602601352542 -0.0014919056972405541
leaf_weight=43 402 88 46 34 56 50 37 37 77 51 5639 31 34 495
leaf_count=43 402 88 46 34 56 50 37 37 77 51 5639 31 34 495
internal_value=0 0.0765458 -0.00227491 -0.00305952 0.0205467 0.0344913 0.0514793 0.0583134 0.0102992 -0.00328727 -0.00335909 -0.00559024 -0.00320158 -0.003244
internal_weight=0 205 6915 6686 229 96 117 80 133 6652 6601 433 6168 6134
internal_count=7120 205 6915 6686 229 96 117 80 133 6652 6601 433 6168 6134
is_linear=0
shrinkage=0.03


Tree=4
num_leaves=15
num_cat=0
split_feature=1 308 66 55 72 198 46 70 2 308 353 2 2 9
split_gain=1300.54 166.656 129.667 67.2513 34.0362 20.2972 16.5315 11.4248 5.34479 5.32407 2.56179 2.39432 1.31793 4.08597
threshold=0.094230771064758315 0.033073929138481624 0.094961270689964308 0.060077533125877387 0.0058139534667134294 1.0000000180025095e-35 1.0000000180025095e-35 1.0000000180025095e-35 0.36730813980102545 1.0000000180025095e-35 0.48653845489025122 0.23653846234083178 0.15576923638582232 0.094594579190015807
decision_type=2 2 2 2 2 2 2 2 2 2 2 2 2 2
left_child=1 5 3 8 6 -1 7 -4 11 10 -6 12 13 -2
right_child=2 -3 4 -5 9 -7 -8 -9 -10 -11 -12 -13 -14 -15
leaf_value=0.062769159426291785 -0.0044892661361756485 0.10811026175816854 0.028972240711251894 0.037369278006859727 0.010122978497160279 0.036851329727606338 0.014793114330241223 0.055838195546980822 0.0063077484998184273 0.0034866341908595389 0.022020737584680317 -0.0027509777169233292 -0.0037112619333701286 -0.016050068582408129
leaf_weight=71 210 80 35 36 40 54 31 30 52 62 31 3643 2714 31
leaf_count=71 210 80 35 36 40 54 31 30 52 62 31 3643 2714 31
internal_value=0 0.0742871 -0.00220616 -0.00296762 0.0199423 0.051954 0.033478 0.0420301 -0.00319158 0.00999525 0.0155515 -0.00326739 -0.00390288 -0.00603652
internal_weight=0 205 6915 6686 229 125 96 65 6650 133 71 6598 2955 241
internal_count=7120 205 6915 6686 229 125 96 65 6650 133 71 6598 2955 241
is_linear=0
shrinkage=0.03


Tree=5
num_leaves=15
num_cat=0
split_feature=1 59 18 215 64 142 198 1 31 30 169 271 41 119
split_gain=1224.65 156.746 119.437 51.0319 26.8692 17.4661 17.0992 12.8331 6.04258 2.36578 2.75188 2.21361 3.50936 1.32439
threshold=0.094230771064758315 0.0058139534667134294 0.13706563413143161 0.0097276263404637592 0.036821708083152778 0.02918287925422192 1.0000000180025095e-35 0.16730769723653796 0.0058139534667134294 0.0096899224445223826 0.02918287925422192 0.017509727273136381 0.040697678923606879 0.0097276263404637592
decision_type=2 2 2 2 2 2 2 2 2 2 2 2 2 2
left_child=1 -1 5 4 7 9 -3 8 -4 10 -2 -11 -13 -10
right_child=2 6 3 -5 -6 -7 -8 -9 13 11 -12 12 -14 -15
leaf_value=0.10358410052692188 -0.0041841719016280478 0.059977926603134939 0.025008688290272991 0.043009732336433106 0.032769012810980401 0.018702520436437969 0.035765890398486093 0.0004162774381984491 0.0073911004314677004 -0.0031002160925653038 -0.01214759593148057 -0.0015927094847270342 0.0087859705241862679 0.014867173683914272
leaf_weight=84 992 67 30 48 40 32 54 143 75 5102 40 350 31 32
leaf_count=84 992 67 30 48 40 32 54 143 75 5102 40 350 31 32
internal_value=0 0.0720887 -0.00213931 0.0144676 0.0100657 -0.00307484 0.0495543 0.00671727 0.0132435 -0.00318466 -0.00450429 -0.0029355 -0.000727461 0.00974389
internal_weight=0 205 6915 368 320 6547 121 280 137 6515 1032 5483 381 107
internal_count=7120 205 6915 368 320 6547 121 280 137 6515 1032 5483 381 107
is_linear=0
shrinkage=0.03


Tree=6
num_leaves=15
num_cat=0
split_feature=34 2 34 117 66 247 354 143 263 2 6 2 300 41
split_gain=1144.89 239.166 62.1895 48.5539 36.2546 27.6691 9.76633 6.78054 2.78256 2.28961 2.07159 1.44229 4.08962 2.05338
threshold=0.087209329009056105 0.38269281387329107 0.11434112489223482 1.0000000180025095e-35 0.094961270689964308 0.036964979022741325 0.55192309617996227 0.0058365758741274485 0.0058365758741274485 0.25576925277709966 0.10617758706212045 0.16730769723653796 1.0000000180025095e-35 0.091085299849510207
decision_type=2 2 2 2 2 2 2 2 2 2 2 2 2 2
left_child=1 4 -2 7 5 9 8 -3 -6 11 -5 12 -1 -13
right_child=2 3 -4 10 6 -7 -8 -9 -10 -11 -12 13 -14 -15
leaf_value=-0.0043172330527436959 0.061429972702806639 0.050833497836309319 0.10368977581199845 0.016185259237404791 0.00043162363189223565 0.023315170677378774 0.024171624121277831 0.034034054282368449 0.010640643400180599 -0.0023674406168058739 0.0048906739918334824 -0.0033813990009746112 -0.015499675414612283 0.0040482875967726983
leaf_weight=402 65 67 75 30 37 35 42 48 68 2608 30 3549 31 33
leaf_count=402 65 67 75 30 37 35 42 48 68 2608 30 3549 31 33
internal_value=0 -0.00170058 0.084644 0.0328278 -0.00259322 -0.00291928 0.0120945 0.0441754 0.00708119 -0.00306141 0.0107107 -0.00351149 -0.00515169 -0.00331184
internal_weight=0 6980 140 175 6805 6658 147 115 105 6623 60 4015 433 3582
internal_count=7120 6980 140 175 6805 6658 147 115 105 6623 60 4015 433 3582
is_linear=0
shrinkage=0.03


Tree=7
num_leaves=15
num_cat=0
split_feature=1 34 322 34 28 242 198 290 322 72 247 30 300 343
split_gain=1086.68 142.495 107.183 58.9082 32.2717 20.1198 16.8701 5.8997 2.91043 2.46607 2.22586 1.94658 2.04551 1.62198
threshold=0.094230771064758315 0.11046515405178071 0.071984432637691512 0.0755814164876938 0.09883724153041841 0.013618676923215391 1.0000000180025095e-35 0.013618676923215391 0.052529182285070426 0.013565891422331335 0.021400777623057369 0.0096899224445223826 1.0000000180025095e-35 0.005769230774603785
decision_type=2 2 2 2 2 2 2 2 2 2 2 2 2 2
left_child=1 6 3 8 5 7 -1 -4 10 -9 11 12 -2 -13
right_child=2 -3 4 -5 -6 -7 -8 9 -10 -11 -12 13 -14 -15
leaf_value=0.05723060748348497 -0.0038851948257058247 0.099498464182019228 0.002803302817728098 0.036107061375464711 0.044083025207122165 0.033785448240382328 0.033664988243783063 0.019176748699762602 0.0036156505163850595 0.0086348588119239313 0.0029379012912977487 -0.0029941718988221902 -0.0096175687788054333 -0.0014125046191432642
leaf_weight=72 987 79 81 34 35 34 54 43 60 42 56 4817 59 667
leaf_count=72 987 79 81 34 35 34 54 43 60 42 56 4817 59 667
internal_value=0 0.0679092 -0.00201257 -0.00271417 0.0178577 0.0130718 0.0474757 0.00865238 -0.00291817 0.0141288 -0.00297824 -0.00302941 -0.00421741 -0.00280209
internal_weight=0 205 6915 6680 235 200 126 166 6646 85 6586 6530 1046 5484
internal_count=7120 205 6915 6680 235 200 126 166 6646 85 6586 6530 1046 5484
is_linear=0
shrinkage=0.03


Tree=8
num_leaves=15
num_cat=0
split_feature=142 2 34 246 66 322 53 247 39 348 259 2 9 169
split_gain=1018.36 212.134 71.3078 44.357 32.3723 8.50408 8.47388 8.12734 7.461 3.04712 2.10721 2.0227 3.86962 1.85067
threshold=0.044747080653905875 0.38269281387329107 0.11434112489223482 0.0097276263404637592 0.094961270689964308 1.0000000180025095e-35 1.0000000180025095e-35 0.033073929138481624 1.0000000180025095e-35 0.005769230774603785 1.0000000180025095e-35 0.16730769723653796 0.12934361398220065 0.056420233100652702
decision_type=2 2 2 2 2 2 2 2 2 2 2 2 2 2
left_child=1 4 5 8 7 -2 -6 11 9 -3 -8 12 -1 -13
right_child=2 3 -4 -5 6 -7 10 -9 -10 -11 -12 13 -14 -15
leaf_value=-0.0040834852923984331 0.042276550892152279 0.05343693114817142 0.097674336056960256 0.010093736054178242 0.023628053594086512 0.065507910804050717 0.011826955089345574 0.010194573143285937 0.028890189247471946 0.037333505786955358 0.0034036273870515286 -0.0027946011041746388 -0.015119328932055543 0.0044552347232820469
leaf_weight=403 37 47 75 60 37 40 47 42 34 31 63 6143 30 31
leaf_count=403 37 47 75 60 37 40 47 42 34 31 63 6143 30 31
internal_value=0 -0.00166991 0.0765724 0.031136 -0.00250465 0.0550299 0.0113743 -0.00281316 0.0422195 0.0475904 0.00707681 -0.00289738 -0.00488117 -0.00275748
internal_weight=0 6968 152 172 6796 77 147 6649 112 78 110 6607 433 6174
internal_count=7120 6968 152 172 6796 77 147 6649 112 78 110 6607 433 6174
is_linear=0
shrinkage=0.03


Tree=9
num_leaves=15
num_cat=0
split_feature=1 34 66 34 12 64 198 69 2 62 2 12 7 1
split_gain=964.402 126.786 96.8689 52.5144 26.421 15.6381 11.3806 4.56348 3.58501 2.93167 1.92471 1.87819 1.33587 1.44359
threshold=0.094230771064758315 0.10658918321132661 0.094961270689964308 0.0755814164876938 0.13706563413143161 0.036821708083152778 1.0000000180025095e-35 1.0000000180025095e-35 0.35961580276489263 0.036821708083152778 0.23653846234083178 0.040540538728237159 0.10231658443808557 0.14423077553510669
decision_type=2 2 2 2 2 2 2 2 2 2 2 2 2 2
left_child=1 6 3 8 5 7 -1 -4 10 -10 -2 -9 13 -12
right_child=2 -3 4 -5 -6 -7 -8 11 9 -11 12 -13 -14 -15
leaf_value=0.051892201937735076 -0.0033867110167942714 0.091181010583813268 0.01824141069392984 0.034102755929742538 0.042634072895161808 0.029895247600972653 0.031692901296371763 0.012172282514247028 0.010854402866379748 -0.0011671175630763174 -0.0080278948512746071 0.0037539282746823326 0.0026307414647635595 -0.002353365668555533
leaf_weight=63 2955 88 35 34 31 39 54 32 30 44 40 92 47 3536
leaf_count=63 2955 88 35 34 31 39 54 32 30 44 40 92 47 3536
internal_value=0 0.0639773 -0.0018931 -0.00255126 0.0172504 0.0130819 0.042917 0.00879682 -0.00274371 0.00378622 -0.00281773 0.00600641 -0.00235285 -0.00241907
internal_weight=0 205 6915 6686 229 198 117 159 6652 74 6578 124 3623 3576
internal_count=7120 205 6915 6686 229 198 117 159 6652 74 6578 124 3623 3576
is_linear=0
shrinkage=0.03


Tree=10
num_leaves=15
num_cat=0
split_feature=34 2 34 117 66 142 354 72 226 320 2 6 2 40
split_gain=904.575 190.167 48.5696 39.5601 28.1902 22.6451 7.87071 6.73917 4.28463 2.22098 2.04033 1.65904 1.42255 3.75331
threshold=0.087209329009056105 0.38269281387329107 0.11434112489223482 1.0000000180025095e-35 0.094961270689964308 0.033073929138481624 0.55192309617996227 1.0000000180025095e-35 0.0058365758741274485 0.0097276263404637592 0.2788462638854981 0.10617758706212045 0.15576923638582232 0.029069767333567146
decision_type=2 2 2 2 2 2 2 2 2 2 2 2 2 2
left_child=1 4 -2 7 5 10 9 8 -3 -6 12 -5 13 -1
right_child=2 3 -4 11 6 -7 -8 -9 -10 -11 -12 -13 -14 -15
leaf_value=-0.0037727486071291588 0.054711753075773063 0.052193582030229793 0.092083222144528437 0.014221835855034089 0.0014360983368242159 0.021835246054346072 0.021489167022843692 0.027778030788669219 0.034921215722958247 0.010179844252324025 -0.0017396359284385986 0.0041296590621312775 -0.0028875791826259802 -0.014843427299056201
leaf_weight=210 65 42 75 30 49 33 42 38 35 56 1500 30 4884 31
leaf_count=210 65 42 75 30 49 33 42 38 35 56 1500 30 4884 31
internal_value=0 -0.00150635 0.0752433 0.0292825 -0.00230232 -0.00258983 0.0106493 0.0395244 0.0448909 0.00615147 -0.00271477 0.00932617 -0.00299978 -0.00525223
internal_weight=0 6980 140 175 6805 6658 147 115 77 105 6625 60 5125 241
internal_count=7120 6980 140 175 6805 6658 147 115 77 105 6625 60 5125 241
is_linear=0
shrinkage=0.03


Tree=11
num_leaves=15
num_cat=0
split_feature=1 308 322 142 28 242 19 215 345 322 152 321 14 300
split_gain=855.636 111.934 84.6608 45.2114 26.8033 16.3308 8.20779 7.96811 4.84903 2.50043 2.00741 1.9677 1.84957 3.54993
threshold=0.094230771064758315 0.017509727273136381 0.071984432637691512 0.033073929138481624 0.09883724153041841 0.013618676923215391 0.036679536104202277 0.0408560298383236 0.005769230774603785 0.052529182285070426 0.0058365758741274485 0.017509727273136381 0.025096525438129905 1.0000000180025095e-35
decision_type=2 2 2 2 2 2 2 2 2 2 2 2 2 2
left_child=1 6 3 9 5 8 11 -3 -4 12 -10 -1 13 -2
right_child=2 7 4 -5 -6 -7 -8 -9 10 -11 -12 -13 -14 -15
leaf_value=0.051125691217534679 -0.0037985979566078371 0.067277314479534445 0.0013514231850074239 0.029397343852557239 0.039774859572450319 0.030179413120661459 0.024949042888668675 0.09137556257702055 0.016437683283634808 0.0034600494079841454 0.0075911320580376515 0.036777003783928723 -0.0025217431752754637 -0.014398093654984427
leaf_weight=33 373 38 68 39 35 34 35 62 45 60 53 37 6178 30
leaf_count=33 373 38 68 39 35 34 35 62 45 60 53 37 6178 30
internal_value=0 0.0602643 -0.00178057 -0.00240412 0.0158791 0.0115203 0.0380563 0.082975 0.00754074 -0.00259527 0.0117783 0.0441662 -0.002651 -0.00462133
internal_weight=0 205 6915 6680 235 200 105 100 166 6641 98 70 6581 403
internal_count=7120 205 6915 6680 235 200 105 100 166 6641 98 70 6581 403
is_linear=0
shrinkage=0.03


Tree=12
num_leaves=15
num_cat=0
split_feature=34 2 5 246 66 55 354 308 143 263 2 2 40 138
split_gain=803.734 169.805 43.2184 35.0103 24.9232 19.5553 6.99906 3.79592 2.94436 2.07817 1.92512 1.29804 3.5003 1.27822
threshold=0.087209329009056105 0.38269281387329107 0.0096525095868855732 0.0097276263404637592 0.094961270689964308 0.056201562285423286 0.55192309617996227 1.0000000180025095e-35 0.0058365758741274485 0.0058365758741274485 0.2788462638854981 0.15576923638582232 0.029069767333567146 0.0058365758741274485
decision_type=2 2 2 2 2 2 2 2 2 2 2 2 2 2
left_child=1 4 -2 7 5 10 9 8 -3 -6 11 12 -1 -13
right_child=2 3 -4 -5 6 -7 -8 -9 -10 -11 -12 13 -14 -15
leaf_value=-0.0035577041339885079 0.085467602683276661 0.046028937213825727 0.049875486880540845 0.0089003561849163859 3.0662095814477648e-05 0.019929925019719772 0.020230529225149819 0.026557848004158585 0.031479588178071109 0.0088437882292529812 -0.001611112564537534 -0.0027956391584270921 -0.014247285048477351 0.00071187004639796216
leaf_weight=210 81 52 59 60 37 34 42 31 32 68 1502 4786 31 95
leaf_count=210 81 52 59 60 37 34 42 31 32 68 1502 4786 31 95
internal_value=0 -0.00141706 0.0709282 0.0276769 -0.00216921 -0.00243954 0.0100088 0.0373122 0.0409219 0.0057678 -0.00255735 -0.00283447 -0.0049859 -0.00272724
internal_weight=0 6980 140 175 6805 6658 147 115 84 105 6624 5122 241 4881
internal_count=7120 6980 140 175 6805 6658 147 115 84 105 6624 5122 241 4881
is_linear=0
shrinkage=0.03


Tree=13
num_leaves=15
num_cat=0
split_feature=1 34 66 34 12 242 198 345 2 62 152 30 169 9
split_gain=760.138 100.33 76.3785 41.7247 22.0952 13.1755 11.7623 3.85438 2.97855 2.5414 1.78221 1.70422 2.29093 1.42938
threshold=0.094230771064758315 0.11046515405178071 0.094961270689964308 0.0755814164876938 0.13706563413143161 0.013618676923215391 1.0000000180025095e-35 0.005769230774603785 0.35961580276489263 0.036821708083152778 0.0058365758741274485 0.0096899224445223826 0.02918287925422192 0.17181472480297091
decision_type=2 2 2 2 2 2 2 2 2 2 2 2 2 2
left_child=1 6 3 8 5 7 -1 -4 11 -10 -9 12 -2 -13
right_child=2 -3 4 -5 -6 -7 -8 10 9 -11 -12 13 -14 -15
leaf_value=0.047807077675649561 -0.003323068417530846 0.083309069126844409 0.001606138542604943 0.030412195054548126 0.038529817373491822 0.026474202243345121 0.02812849035757509 0.01565423082311948 0.010101052498324744 -0.0010916684834907453 0.0071886752313002943 -0.0022513910420078375 -0.010580112342609136 -0.008724546427087438
leaf_weight=72 1007 79 62 34 31 41 54 44 30 44 51 5501 40 30
leaf_count=72 1007 79 62 34 31 41 54 44 30 44 51 5501 40 30
internal_value=0 0.0568044 -0.00167558 -0.00226 0.0153231 0.0115143 0.0396613 0.0074648 -0.00243154 0.0035201 0.0112318 -0.00249902 -0.00361015 -0.00228807
internal_weight=0 205 6915 6686 229 198 126 157 6652 74 95 6578 1047 5531
internal_count=7120 205 6915 6686 229 198 126 157 6652 74 95 6578 1047 5531
is_linear=0
shrinkage=0.03


Tree=14
num_leaves=15
num_cat=0
split_feature=142 2 5 246 66 354 39 226 37 226 12 2 14 189
split_gain=715.918 151.122 50.1707 32.2797 22.1749 6.29637 5.9611 5.13852 4.33779 2.70442 1.83233 1.63837 1.18431 3.65784
threshold=0.044747080653905875 0.38269281387329107 0.0096525095868855732 0.0097276263404637592 0.094961270689964308 0.55192309617996227 1.0000000180025095e-35 0.033073929138481624 0.0058139534667134294 0.0058365758741274485 0.040540538728237159 0.2750000953674317 0.025096525438129905 1.0000000180025095e-35
decision_type=2 2 2 2 2 2 2 2 2 2 2 2 2 2
left_child=1 4 -2 6 7 10 9 11 -4 -3 -6 12 13 -1
right_child=2 3 8 -5 5 -7 -8 -9 -10 -11 -12 -13 -14 -15
leaf_value=-0.0033797626310469514 0.080550348540631728 0.045820342898368831 0.052472719550132753 0.0083516290719758274 0.010546794533729554 0.019083635898870091 0.023978093401129757 0.0077569588580323999 0.034487673745435828 0.031287998277693983 0.0023195338077493942 -0.0016000159600300047 -0.0025541471354182236 -0.013685359640512615
leaf_weight=373 81 47 38 60 38 42 34 44 33 31 67 1648 4551 33
leaf_count=373 81 47 38 60 38 42 34 44 33 31 67 1648 4551 33
internal_value=0 -0.00139278 0.0642101 0.0262964 -0.00209733 0.00938952 0.0357507 -0.00235266 0.0447086 0.0405138 0.00536843 -0.00242117 -0.00269379 -0.00424898
internal_weight=0 6968 152 172 6796 147 112 6649 71 78 105 6605 4957 406
internal_count=7120 6968 152 172 6796 147 112 6649 71 78 105 6605 4957 406
is_linear=0
shrinkage=0.03


Tree=15
num_leaves=15
num_cat=0
split_feature=1 34 66 34 28 0 19 259 143 2 62 166 354 24
split_gain=674.501 89.3094 67.8013 37.3442 20.5597 10.9164 8.2011 4.11644 2.7173 2.63536 2.31615 1.7916 1.52541 1.27637
threshold=0.094230771064758315 0.10658918321132661 0.094961270689964308 0.0755814164876938 0.09883724153041841 0.1192307695746422 0.040540538728237159 1.0000000180025095e-35 0.0058365758741274485 0.35961580276489263 0.036821708083152778 0.0058365758741274485 0.482692301273346 1.0000000180025095e-35
decision_type=2 2 2 2 2 2 2 2 2 2 2 2 2 2
left_child=1 6 3 9 5 -4 8 11 -1 12 -11 -7 -2 -3
right_child=2 13 4 -5 -6 7 -8 -9 -10 10 -12 -13 -14 -15
leaf_value=0.045270884601693408 -0.0028416483420254132 0.081845467413886111 0.026954430330905221 0.02878289199726922 0.035675297396523607 0.0075310319791338873 0.021475859100391972 0.002214482133567799 0.031009348852019152 0.0095919930589415375 -0.0010923255576441684 0.016269527514313542 -0.0019241894339184966 0.063403145728572724
leaf_weight=56 3068 58 30 34 34 48 31 75 30 30 44 42 3510 30
leaf_count=56 3068 58 30 34 34 48 31 75 30 30 44 42 3510 30
internal_value=0 0.0535113 -0.00157607 -0.0021267 0.0144397 0.010574 0.0358386 0.00745127 0.0407095 -0.00228899 0.0033093 0.011743 -0.00235246 0.0763413
internal_weight=0 205 6915 6686 229 195 117 165 86 6652 74 90 6578 88
internal_count=7120 205 6915 6686 229 195 117 165 86 6652 74 90 6578 88
is_linear=0
shrinkage=0.03


Tree=16
num_leaves=15
num_cat=0
split_feature=142 8 5 18 73 17 64 37 56 6 343 13 30 300
split_gain=636.749 125.185 44.4229 26.1513 21.5236 14.4341 4.35172 4.0165 2.59627 1.81308 1.7644 2.1794 1.55219 1.6275
threshold=0.044747080653905875 0.028957529924809936 0.0096525095868855732 0.13706563413143161 0.017441860400140289 0.032818533480167396 0.0096899224445223826 0.0058139534667134294 0.013565891422331335 0.156370684504509 0.055769231170415885 0.040540538728237159 0.0096899224445223826 1.0000000180025095e-35
decision_type=2 2 2 2 2 2 2 2 2 2 2 2 2 2
left_child=1 4 -2 9 10 6 -5 -4 -8 12 -1 -12 13 -3
right_child=2 3 7 5 -6 -7 8 -9 -10 -11 11 -13 -14 -15
leaf_value=0.027153014540672302 0.075936413857995003 -0.003071600025901395 0.049634962815504807 0.023831372230368502 0.0064092674123292616 0.0013145998749281027 0.017589908325496843 0.03243840073837953 0.0069213963195807852 0.0043670160346035219 0.030464883372187612 0.044865734559648172 -0.0021009466940359618 -0.0081820988119579857
leaf_weight=32 81 973 38 33 32 184 33 33 58 36 31 33 5464 59
leaf_count=32 81 973 38 33 32 184 33 33 58 36 31 33 5464 59
internal_value=0 -0.00131081 0.0605585 -0.00186272 0.027968 0.0066663 0.0145335 0.0422037 0.0109393 -0.00226584 0.035014 0.0384663 -0.00230327 -0.00337141
internal_weight=0 6968 152 6840 128 308 124 71 91 6532 96 64 6496 1032
internal_count=7120 6968 152 6840 128 308 124 71 91 6532 96 64 6496 1032
is_linear=0
shrinkage=0.03


Tree=17
num_leaves=15
num_cat=0
split_feature=142 2 5 246 322 96 72 226 322 226 19 1 2 2
split_gain=599.723 127.553 41.7757 27.3904 18.2162 5.65237 4.77688 4.23365 3.84385 3.00544 1.58709 1.26256 1.1214 0.98954
threshold=0.044747080653905875 0.38269281387329107 0.0096525095868855732 0.0097276263404637592 0.087548635900020613 1.0000000180025095e-35 1.0000000180025095e-35 0.033073929138481624 1.0000000180025095e-35 0.0058365758741274485 0.059845551848411567 0.14423077553510669 0.29423093795776373 0.15576923638582232
decision_type=2 2 2 2 2 2 2 2 2 2 2 2 2 2
left_child=1 4 -2 6 7 11 9 10 -4 -3 12 -6 -1 -12
right_child=2 3 8 -5 5 -7 -8 -9 -10 -11 13 -13 -14 -15
leaf_value=-0.0020172327415243531 0.073686105565326968 0.043512646569762121 0.032807389609515666 0.0076389218179783863 0.0089696879007599567 0.018956031561388659 0.023252434836700555 0.0070359121717823046 0.049626536640253932 0.028559311777353286 -0.0047775505531131605 0.0021532431128836265 -0.00065357291241674366 -0.0024956363557205501
leaf_weight=2104 81 42 39 60 43 36 39 44 32 31 180 57 733 3599
leaf_count=2104 81 42 39 60 43 36 39 44 32 31 180 57 733 3599
internal_value=0 -0.00127084 0.0587728 0.0241677 -0.00191812 0.00891188 0.0328765 -0.00214058 0.0409718 0.0376343 -0.00220266 0.0051441 -0.00166526 -0.00260556
internal_weight=0 6968 152 172 6796 136 112 6660 71 73 6616 100 2837 3779
internal_count=7120 6968 152 172 6796 136 112 6660 71 73 6616 100 2837 3779
is_linear=0
shrinkage=0.03


Tree=18
num_leaves=15
num_cat=0
split_feature=142 2 5 349 66 354 39 226 37 226 12 271 169 59
split_gain=564.862 120.183 39.2829 25.8171 17.488 5.10629 4.8945 3.99737 3.70194 2.39163 1.52371 1.47472 1.75451 1.49082
threshold=0.044747080653905875 0.38269281387329107 0.0096525095868855732 0.005769230774603785 0.094961270689964308 0.55192309617996227 1.0000000180025095e-35 0.033073929138481624 0.0058139534667134294 0.0058365758741274485 0.040540538728237159 0.017509727273136381 0.0408560298383236 0.021317829377949241
decision_type=2 2 2 2 2 2 2 2 2 2 2 2 2 2
left_child=1 4 -2 6 7 10 9 11 -4 -3 -6 12 -1 -13
right_child=2 3 8 -5 5 -7 -8 -9 -10 -11 -12 13 -14 -15
leaf_value=-0.0022321851387188804 0.071502480172529456 0.041130475252866748 0.046875788982097918 0.007413511042193067 0.009441753161641267 0.017069464631725189 0.021281346444572719 0.0068295253934338683 0.030464395381071992 0.027729307673871516 0.0019437405812170576 -0.0017490207222794223 -0.0081875858989854649 0.0016940392124090802
leaf_weight=6057 81 47 38 60 38 42 34 44 33 31 67 334 44 170
leaf_count=6057 81 47 38 60 38 42 34 44 33 31 67 334 44 170
internal_value=0 -0.00123215 0.0570402 0.0234605 -0.00186046 0.00834047 0.0319155 -0.00208721 0.039777 0.0362228 0.00472078 -0.00214763 -0.00227647 -0.000586616
internal_weight=0 6968 152 172 6796 147 112 6649 71 78 105 6605 6101 504
internal_count=7120 6968 152 172 6796 147 112 6649 71 78 105 6605 6101 504
is_linear=0
shrinkage=0.03


Tree=19
num_leaves=15
num_cat=0
split_feature=34 8 34 18 297 12 117 11 353 247 14 189 271 182
split_gain=532.498 107.698 28.6398 21.2361 16.4804 13.9507 7.69022 5.3265 2.9117 1.50777 1.37653 3.36798 1.31203 1.61329
threshold=0.087209329009056105 0.028957529924809936 0.11434112489223482 0.12934361398220065 1.0000000180025095e-35 0.10231658443808557 1.0000000180025095e-35 0.044401541352272041 0.52115386724472057 0.021400777623057369 0.025096525438129905 1.0000000180025095e-35 0.017509727273136381 1.0000000180025095e-35
decision_type=2 2 2 2 2 2 2 2 2 2 2 2 2 2
left_child=1 4 -2 9 8 7 -7 -5 -1 10 11 -3 -12 -14
right_child=2 3 -4 5 -6 6 -8 -9 -10 -11 12 -13 13 -15
leaf_value=0.027686366078988559 0.041975882690061223 -0.0029801474818978661 0.070671131344217999 0.0088091126924789518 0.010661783993507369 0.027876733158144259 0.0086561128391454429 -1.5217016328777743e-05 0.040970801455633983 0.0033974268192735807 -0.0021201312607061333 -0.012869034939007285 -0.0019483329406545929 0.0020899111193355959
leaf_weight=52 65 370 75 81 45 30 51 247 34 44 5629 33 212 152
leaf_count=52 65 370 75 81 45 30 51 247 34 44 5629 33 212 152
internal_value=0 -0.00114557 0.0577405 -0.00166263 0.0256954 0.00495822 0.016028 0.00218411 0.0333489 -0.00208382 -0.00212205 -0.00381976 -0.00200727 -0.000260927
internal_weight=0 6980 140 6849 131 409 81 328 86 6440 6396 403 5993 364
internal_count=7120 6980 140 6849 131 409 81 328 86 6440 6396 403 5993 364
is_linear=0
shrinkage=0.03


Tree=20
num_leaves=15
num_cat=0
split_feature=142 2 11 246 322 322 96 72 226 226 2 9 2 41
split_gain=501.655 106.95 34.0133 23.1243 15.4303 6.00718 5.09822 4.03017 3.4994 2.63994 1.40966 1.10689 1.08907 3.29091
threshold=0.044747080653905875 0.38269281387329107 0.013513513375073673 0.0097276263404637592 0.087548635900020613 1.0000000180025095e-35 1.0000000180025095e-35 1.0000000180025095e-35 0.033073929138481624 0.0058365758741274485 0.2788462638854981 0.17181472480297091 0.15576923638582232 0.079457387328147902
decision_type=2 2 2 2 2 2 2 2 2 2 2 2 2 2
left_child=1 4 -2 7 8 -4 -6 9 10 -3 11 12 -1 -14
right_child=2 3 5 -5 6 -7 -8 -9 -10 -11 -12 -13 13 -15
leaf_value=-0.0041839338821892461 0.067588647052645681 0.039980555467827375 0.028146883131642087 0.0069488589755511369 0.0046406786872239978 0.047243982650138239 0.017752310544051027 0.021300284134224058 0.0063863334613852201 0.026068971985951064 -0.00120339077492302 -0.0079158792782935417 -0.0021884340896740676 0.0063535814274744149
leaf_weight=241 79 42 37 60 100 36 36 39 44 31 1501 30 4804 40
leaf_count=241 79 42 37 60 100 36 36 39 44 31 1501 30 4804 40
internal_value=0 -0.00115915 0.0537562 0.0221345 -0.00175186 0.0380758 0.00821565 0.0301361 -0.0019566 0.034505 -0.00201305 -0.00225036 -0.00221538 -0.0021166
internal_weight=0 6968 152 172 6796 73 136 112 6660 73 6616 5115 5085 4844
internal_count=7120 6968 152 172 6796 73 136 112 6660 73 6616 5115 5085 4844
is_linear=0
shrinkage=0.03


Tree=21
num_leaves=15
num_cat=0
split_feature=34 2 34 39 66 142 177 53 226 19 1 51 2 214
split_gain=473.015 100.032 25.3348 21.3418 14.6506 11.8356 6.41882 4.47861 3.24505 1.406 1.28328 1.01842 0.864828 3.19888
threshold=0.087209329009056105 0.38269281387329107 0.11434112489223482 1.0000000180025095e-35 0.094961270689964308 0.033073929138481624 1.0000000180025095e-35 1.0000000180025095e-35 0.0058365758741274485 0.055984549224376685 0.18269231170415881 0.0096899224445223826 0.15576923638582232 0.0058365758741274485
decision_type=2 2 2 2 2 2 2 2 2 2 2 2 2 2
left_child=1 4 -2 8 5 9 -5 -6 -3 -1 11 -9 13 -11
right_child=2 3 -4 6 7 -7 -8 10 -10 12 -12 -13 -14 -15
leaf_value=-0.0013957757209459381 0.039590607055208893 0.037824362069368365 0.066585942789127953 0.019813641352312904 0.016584037489404801 0.015795749571064815 0.003879273117278129 0.0098682085045318051 0.024080926904807221 -0.0024285168161900126 -0.00071271577369301541 0.0030297142021903176 -0.0022018413566944092 -0.012784888337958942
leaf_weight=2531 65 47 75 41 37 33 51 40 36 148 30 40 3914 32
leaf_count=2531 65 47 75 41 37 33 51 40 36 148 30 40 3914 32
internal_value=0 -0.00107773 0.0544221 0.0212526 -0.00165502 -0.00186229 0.0111172 0.00768185 0.032221 -0.00195262 0.00456505 0.00652858 -0.00229645 -0.00433011
internal_weight=0 6980 140 175 6805 6658 92 147 83 6625 110 80 4094 180
internal_count=7120 6980 140 175 6805 6658 92 147 83 6625 110 80 4094 180
is_linear=0
shrinkage=0.03


Tree=22
num_leaves=15
num_cat=0
split_feature=142 2 308 246 66 322 354 39 55 226 263 354 284 9
split_gain=445.577 94.9117 29.9503 20.7051 13.9356 5.84777 4.39826 3.91862 3.11967 1.98131 1.39943 1.33885 1.02158 0.983275
threshold=0.044747080653905875 0.38269281387329107 0.033073929138481624 0.0097276263404637592 0.094961270689964308 1.0000000180025095e-35 0.55192309617996227 1.0000000180025095e-35 0.052325591444969184 0.0058365758741274485 0.0058365758741274485 0.49423076212406164 0.021400777623057369 0.17181472480297091
decision_type=2 2 2 2 2 2 2 2 2 2 2 2 2 2
left_child=1 4 5 7 8 -2 10 9 11 -3 -6 13 -13 -1
right_child=2 3 -4 -5 6 -7 -8 -9 -10 -11 -12 12 -14 -15
leaf_value=-0.0022419959130297773 0.02536027697580201 0.036713271718472239 0.063475987381405294 0.0064856251585869822 -0.00059044329939704184 0.044166922477575449 0.01555602840039619 0.018918384522199627 0.0065069658890424759 0.024611490955576298 0.0066260484818612105 -0.0013718165196575035 -0.0068524264307662603 -0.0076236991265848757
leaf_weight=3601 34 47 80 60 37 38 42 34 39 31 68 2949 30 30
leaf_count=3601 34 47 80 60 37 38 42 34 39 31 68 2949 30 30
internal_value=0 -0.00109051 0.0506645 0.020853 -0.00164887 0.0357551 0.00745723 0.0284243 -0.00185128 0.032276 0.00410151 -0.00190157 -0.00142929 -0.00228855
internal_weight=0 6968 152 172 6796 72 147 112 6649 78 105 6610 2979 3631
internal_count=7120 6968 152 172 6796 72 147 112 6649 78 105 6610 2979 3631
is_linear=0
shrinkage=0.03


Tree=23
num_leaves=15
num_cat=0
split_feature=34 8 34 322 73 55 3 345 353 19 152 14 189 74
split_gain=420.138 85.0174 22.4154 16.6188 14.9743 13.9042 5.93305 2.40769 1.82889 1.3208 1.168 0.797956 3.12461 1.76604
threshold=0.087209329009056105 0.028957529924809936 0.11434112489223482 0.060311283916234977 0.017441860400140289 0.056201562285423286 0.24807692319154742 0.005769230774603785 0.52115386724472057 0.055984549224376685 0.0058365758741274485 0.025096525438129905 1.0000000180025095e-35 0.0096899224445223826
decision_type=2 2 2 2 2 2 2 2 2 2 2 2 2 2
left_child=1 4 -2 5 8 9 -5 -8 -1 -3 -9 12 -11 -13
right_child=2 3 -4 6 -6 -7 7 10 -10 11 -12 13 -14 -15
leaf_value=0.024363286793231964 0.037337327741763807 -0.0013031393219790207 0.062735426394562976 0.018035527185226479 0.0048058904775164345 0.015476948634189155 0.00034963523812317964 0.011596620339900254 0.034486271555607129 -0.0026291103303898128 0.0047774167339143863 -0.0021239896958205914 -0.01217560935902464 0.0030721032663714141
leaf_weight=61 65 2538 75 35 32 41 71 39 38 349 58 3626 33 59
leaf_count=61 65 2538 75 35 32 41 71 39 38 349 58 3626 33 59
internal_value=0 -0.00101388 0.0512919 -0.00147328 0.022834 -0.00173194 0.00696169 0.00456157 0.0285549 -0.00184109 0.00760951 -0.00217639 -0.00348344 -0.00203998
internal_weight=0 6980 140 6849 131 6646 203 168 99 6605 97 4067 382 3685
internal_count=7120 6980 140 6849 131 6646 203 168 99 6605 97 4067 382 3685
is_linear=0
shrinkage=0.03


Tree=24
num_leaves=15
num_cat=0
split_feature=142 8 5 18 73 11 8 306 37 354 343 13 118 284
split_gain=395.72 78.1362 27.807 16.7739 14.1165 7.86312 3.08931 4.13129 2.86422 1.34829 1.26956 1.61228 1.08403 0.945486
threshold=0.044747080653905875 0.028957529924809936 0.0096525095868855732 0.13706563413143161 0.017441860400140289 0.055984549224376685 0.055984549224376685 0.0058365758741274485 0.0058139534667134294 0.49423076212406164 0.055769231170415885 0.040540538728237159 0.10311283916234971 0.021400777623057369
decision_type=2 2 2 2 2 2 2 2 2 2 2 2 2 2
left_child=1 4 -2 9 10 6 7 -5 -4 -3 -1 -12 13 -11
right_child=2 3 8 5 -6 -7 -8 -9 -10 12 11 -13 -14 -15
leaf_value=0.021333905878392134 0.059911855808118496 -0.0021793358127044637 0.039393358413989721 0.018079450780525804 0.0046660828099332067 7.5760521330396705e-05 0.0045939826710930309 0.0057086571685530628 0.025185017945135342 -0.0013189350093329028 0.024019524548202751 0.036028828918933865 0.0039407534502845787 -0.0065918208357517516
leaf_weight=32 81 3556 38 59 32 139 67 43 33 2912 31 33 34 30
leaf_count=32 81 3556 38 59 32 139 67 43 33 2912 31 33 34 30
internal_value=0 -0.00102595 0.0477477 -0.00146198 0.0221055 0.00536875 0.00969611 0.0129704 0.033231 -0.00178484 0.0278106 0.0306708 -0.00131289 -0.00137492
internal_weight=0 6968 152 6840 128 308 169 102 71 6532 96 64 2976 2942
internal_count=7120 6968 152 6840 128 308 169 102 71 6532 96 64 2976 2942
is_linear=0
shrinkage=0.03


Tree=25
num_leaves=15
num_cat=0
split_feature=34 2 34 117 66 142 39 354 226 354 320 68 65 38
split_gain=372.971 78.963 19.938 18.4888 11.5576 9.48858 3.83819 3.81803 1.99263 1.21345 1.16068 0.999572 0.896981 0.88782
threshold=0.087209329009056105 0.38269281387329107 0.11434112489223482 1.0000000180025095e-35 0.094961270689964308 0.033073929138481624 1.0000000180025095e-35 0.55192309617996227 0.0058365758741274485 0.482692301273346 0.0097276263404637592 0.025193798355758194 1.0000000180025095e-35 0.036821708083152778
decision_type=2 2 2 2 2 2 2 2 2 2 2 2 2 2
left_child=1 4 -2 6 5 9 8 10 -3 11 -6 12 -1 -11
right_child=2 3 -4 -5 7 -7 -8 -9 -10 13 -12 -13 -14 -15
leaf_value=0.0018987154995789752 0.035169721360911017 0.034281764715275866 0.059120620128355526 0.0052672214891960013 0.00030919601647183298 0.014160037250531946 0.017273305431008336 0.01437119711580318 0.022431088336743413 -0.001546557088389637 0.0066122429010972966 -0.0063439041704815976 -0.0021641542537378486 -0.00018934181796105443
leaf_weight=49 65 46 75 60 49 33 38 42 31 3051 56 50 2969 506
leaf_count=49 65 46 75 60 49 33 38 42 31 3051 56 50 2969 506
internal_value=0 -0.000953513 0.0483289 0.0188863 -0.00146642 -0.00165052 0.0258853 0.00682648 0.0298595 -0.0017314 0.00370149 -0.00216883 -0.00209758 -0.00135359
internal_weight=0 6980 140 175 6805 6658 115 147 77 6625 105 3068 3018 3557
internal_count=7120 6980 140 175 6805 6658 115 147 77 6625 105 3068 3018 3557
is_linear=0
shrinkage=0.03


Tree=26
num_leaves=15
num_cat=0
split_feature=142 2 5 117 322 17 322 143 316 152 271 169 6 166
split_gain=351.556 75.1771 24.6257 16.4881 10.876 3.6342 3.38586 3.20802 2.5956 2.39217 1.36724 1.56037 1.13981 1.06849
threshold=0.044747080653905875 0.38269281387329107 0.0096525095868855732 1.0000000180025095e-35 0.087548635900020613 0.036679536104202277 1.0000000180025095e-35 0.0058365758741274485 0.02918287925422192 0.0058365758741274485 0.017509727273136381 0.036964979022741325 0.10617758706212045 0.0097276263404637592
decision_type=2 2 2 2 2 2 2 2 2 2 2 2 2 2
left_child=1 4 -2 7 8 9 -4 -3 10 -6 11 -1 -5 -12
right_child=2 3 6 12 5 -7 -8 -9 -10 -11 13 -13 -14 -15
leaf_value=-0.0017630954328121291 0.056454527814213819 0.030070970412343738 0.024176409937441346 0.009846723286318592 0.015999785426871051 0.001097121533199117 0.039079686484553594 0.018797529948001004 0.004529656299435701 0.0053975328806644442 -0.00091066562661794965 -0.0061808604894509718 0.0016414681437515442 0.0024329659169638066
leaf_weight=6013 81 63 39 31 41 57 32 48 60 38 407 72 30 108
leaf_count=6013 81 63 39 31 41 57 32 48 60 38 407 72 30 108
internal_value=0 -0.000965243 0.0450063 0.0185642 -0.00146217 0.00690604 0.0313429 0.0254073 -0.00163407 0.0110312 -0.00169078 -0.00181638 0.00590291 -0.000206121
internal_weight=0 6968 152 172 6796 136 71 111 6660 79 6600 6085 61 515
internal_count=7120 6968 152 172 6796 136 71 111 6660 79 6600 6085 61 515
is_linear=0
shrinkage=0.03


Tree=27
num_leaves=15
num_cat=0
split_feature=142 2 5 246 344 96 39 37 316 226 271 59 156 169
split_gain=331.122 70.8097 23.1563 15.9139 10.1818 3.88054 3.03901 2.56078 2.44156 1.62395 1.34288 1.49735 2.16549 1.46989
threshold=0.044747080653905875 0.38269281387329107 0.0096525095868855732 0.0097276263404637592 0.07115384936332704 1.0000000180025095e-35 1.0000000180025095e-35 0.0058139534667134294 0.02918287925422192 0.0058365758741274485 0.017509727273136381 0.021317829377949241 1.0000000180025095e-35 0.036964979022741325
decision_type=2 2 2 2 2 2 2 2 2 2 2 2 2 2
left_child=1 4 -2 6 8 -6 9 -4 10 -3 13 -12 -13 -1
right_child=2 3 7 -5 5 -7 -8 -9 -10 -11 11 12 -14 -15
leaf_value=-0.0017102113618915485 0.054781547043381666 0.032008086964488029 0.036211285201402807 0.0054274332721824525 0.0036365983104428312 0.015229488308541476 0.016309342656816755 0.022901266133960554 0.0043959943089084547 0.021211743587628007 -0.0013300928827028981 0.0087497958185683393 0.00042102598616717537 -0.0059979747777983341
leaf_weight=6013 81 47 38 60 97 35 34 33 60 31 342 34 143 72
leaf_count=6013 81 47 38 60 97 35 34 33 60 31 342 34 143 72
internal_value=0 -0.000935937 0.0436795 0.0180177 -0.00141822 0.00680187 0.0246548 0.0304289 -0.00158203 0.0280401 -0.001637 -0.000171829 0.00206107 -0.00176192
internal_weight=0 6968 152 172 6796 132 112 71 6664 78 6604 519 177 6085
internal_count=7120 6968 152 172 6796 132 112 71 6664 78 6604 519 177 6085
is_linear=0
shrinkage=0.03


Tree=28
num_leaves=15
num_cat=0
split_feature=34 2 34 39 66 55 177 354 34 2 9 41 263 19
split_gain=312.413 65.7108 16.8834 14.9589 9.68361 8.09876 4.48933 3.3478 2.31188 1.16374 3.14767 1.95389 1.09106 1.08483
threshold=0.087209329009056105 0.38269281387329107 0.11821709573268892 1.0000000180025095e-35 0.094961270689964308 0.056201562285423286 1.0000000180025095e-35 0.55192309617996227 0.021317829377949241 0.16730769723653796 0.12934361398220065 0.091085299849510207 0.0058365758741274485 0.048262543976306922
decision_type=2 2 2 2 2 2 2 2 2 2 2 2 2 2
left_child=1 4 -2 8 5 9 -5 12 -3 10 -1 13 -6 -11
right_child=2 3 -4 6 7 -7 -8 -9 -10 11 -12 -13 -14 -15
leaf_value=-0.0023705596082450793 0.032936721001292621 0.030873144900798795 0.054908485731608427 0.016022050205085958 -0.00080769575596174317 0.012888873723867747 0.0027118372343158206 0.013316491517065049 0.019274179407528468 -0.0009134063048318057 -0.012306654905720103 0.005699788421008955 0.0055578330459842545 -0.0017796237916675613
leaf_weight=403 70 49 70 41 37 34 51 42 34 1874 30 33 68 4284
leaf_count=403 70 49 70 41 37 34 51 42 34 1874 30 33 68 4284
internal_value=0 -0.000870224 0.0442341 0.0172284 -0.00133812 -0.00150663 0.00875206 0.00625275 0.0264078 -0.00158245 -0.00308574 -0.00147683 0.00332828 -0.00151621
internal_weight=0 6980 140 175 6805 6658 92 147 83 6624 433 6191 105 6158
internal_count=7120 6980 140 175 6805 6658 92 147 83 6624 433 6191 105 6158
is_linear=0
shrinkage=0.03


Tree=29
num_leaves=15
num_cat=0
split_feature=34 8 34 66 49 142 17 123 226 6 9 187 342 24
split_gain=294.195 59.8549 15.8994 12.1577 10.6317 8.35562 5.18061 2.84136 2.12675 1.16049 1.6013 0.968169 0.96688 0.940108
threshold=0.087209329009056105 0.028957529924809936 0.11821709573268892 0.0755814164876938 0.0096899224445223826 0.033073929138481624 0.025096525438129905 1.0000000180025095e-35 0.0058365758741274485 0.067567560821771636 0.16409270465373996 1.0000000180025095e-35 0.005769230774603785 0.013565891422331335
decision_type=2 2 2 2 2 2 2 2 2 2 2 2 2 2
left_child=1 4 13 5 8 9 7 -5 -1 10 -3 -11 -8 -2
right_child=2 3 -4 6 -6 -7 12 -9 -10 11 -12 -13 -14 -15
leaf_value=0.030522273106630457 0.036056737437844273 -0.0021177928239116033 0.053284433156671654 0.0067196638629083401 0.0071371344273464506 0.012563175514928604 0.00044457415511865245 0.018562714200128207 0.019759310921033221 -0.00094035305874253211 0.0047510733900050957 -0.0020034284498803953 0.0053044205544138098 0.02584595629479736
leaf_weight=42 39 2588 70 45 45 37 96 32 44 2912 30 1050 59 31
leaf_count=42 39 2588 70 45 45 37 96 32 44 2912 30 1050 59 31
internal_value=0 -0.000843738 0.0429258 -0.00122921 0.0191662 -0.00146617 0.00550671 0.0118163 0.0253061 -0.00154696 -0.0020373 -0.00122252 0.0023166 0.0319625
internal_weight=0 6980 140 6849 131 6617 232 77 86 6580 2618 3962 155 70
internal_count=7120 6980 140 6849 131 6617 232 77 86 6580 2618 3962 155 70
is_linear=0
shrinkage=0.03


Tree=30
num_leaves=15
num_cat=0
split_feature=1 76 322 55 116 269 19 2 98 32 316 342 30 169
split_gain=275.975 38.2094 28.3678 15.7841 10.9915 6.02167 4.35473 3.10852 2.90651 1.56569 1.38329 1.33794 1.0497 1.88519
threshold=0.094230771064758315 0.040697678923606879 0.060311283916234977 0.063953503966331496 0.0097276263404637592 0.0097276263404637592 0.036679536104202277 0.41346216201782232 0.044747080653905875 0.0096899224445223826 0.02918287925422192 0.0096153847407549637 0.0096899224445223826 0.02918287925422192
decision_type=2 2 2 2 2 2 2 2 2 2 2 2 2 2
left_child=1 6 3 10 5 11 9 -7 -3 -1 12 -4 13 -2
right_child=2 8 4 -5 -6 7 -8 -9 -10 -11 -12 -13 -14 -15
leaf_value=0.019626167511398143 -0.0021250210869404314 0.038462907333631773 -2.9254936128315265e-05 0.01997966234962786 0.025164566148197308 0.0080890999908322173 0.012495970095818241 0.020052928898949177 0.053048256010305689 0.030161992533262388 0.0040198820788504147 0.0057739003287133528 -0.00134738262971049 -0.0086985507104318672
leaf_weight=32 1006 36 81 30 31 57 35 31 60 42 40 63 5536 40
leaf_count=32 1006 36 81 30 31 57 35 31 60 42 40 63 5536 40
internal_value=0 0.0342406 -0.000996176 -0.00137875 0.00864871 0.00634331 0.021768 0.0124816 0.0480317 0.0259284 -0.00147851 0.00253194 -0.00151253 -0.00238447
internal_weight=0 205 6915 6652 263 232 109 88 96 74 6622 144 6582 1046
internal_count=7120 205 6915 6652 263 232 109 88 96 74 6622 144 6582 1046
is_linear=0
shrinkage=0.03


Tree=31
num_leaves=15
num_cat=0
split_feature=142 2 268 246 66 354 98 39 254 142 9 343 56 120
split_gain=261.709 56.2936 18.2971 12.756 8.13121 2.87802 2.51774 2.41817 1.9381 1.86108 1.06038 1.23609 2.45095 1.01091
threshold=0.044747080653905875 0.38269281387329107 0.0097276263404637592 0.0097276263404637592 0.094961270689964308 0.55192309617996227 0.044747080653905875 1.0000000180025095e-35 1.0000000180025095e-35 0.021400777623057369 0.17181472480297091 0.005769230774603785 0.0058139534667134294 0.0097276263404637592
decision_type=2 2 2 2 2 2 2 2 2 2 2 2 2 2
left_child=1 4 -2 7 9 -6 -4 8 -3 10 11 13 -13 -1
right_child=2 3 6 -5 5 -7 -8 -9 -10 -11 -12 12 -14 -15
leaf_value=-0.0018090852415487461 0.024092367463491179 0.020165849264631878 0.037853958469170793 0.0047999632967298195 0.0029866968183822158 0.01224560820779135 0.051482898368210087 0.014567051417061262 0.031206137294119054 0.002423535754361572 -0.0070203289020085531 0.0062959898734821912 -0.00076283683231848673 -0.00081314340006399149
leaf_weight=4548 54 46 38 60 105 42 60 34 32 111 30 46 762 1152
leaf_count=4548 54 46 38 60 105 42 60 34 32 111 30 46 762 1152
internal_value=0 -0.000828816 0.0388356 0.0160708 -0.00125883 0.00569697 0.046634 0.0220128 0.0250329 -0.00141345 -0.00147895 -0.00145233 -0.000353687 -0.00160798
internal_weight=0 6968 152 172 6796 147 98 112 78 6649 6538 6508 808 5700
internal_count=7120 6968 152 172 6796 147 98 112 78 6649 6538 6508 808 5700
is_linear=0
shrinkage=0.03


Tree=32
num_leaves=15
num_cat=0
split_feature=34 8 34 18 73 12 117 15 14 3 169 5 343 13
split_gain=246.639 50.1051 13.1976 10.1342 9.28051 7.49779 4.90876 2.4443 1.05328 3.00439 1.19121 0.978786 0.976783 1.22428
threshold=0.087209329009056105 0.028957529924809936 0.11821709573268892 0.12934361398220065 0.017441860400140289 0.10231658443808557 1.0000000180025095e-35 0.17567573487758639 0.025096525438129905 0.2750000953674317 0.056420233100652702 0.028957529924809936 0.055769231170415885 0.040540538728237159
decision_type=2 2 2 2 2 2 2 2 2 2 2 2 2 2
left_child=1 4 11 8 12 7 -7 -5 9 -3 -10 -2 -1 -14
right_child=2 3 -4 5 -6 6 -8 -9 10 -11 -12 -13 13 -15
leaf_value=0.016891608556422091 0.033163587269259658 -0.011579583827406169 0.048747785880532066 8.5508086097737143e-05 0.0033610282990742812 0.021016078187573339 0.0057099861351665683 0.0064374772464330108 -0.001346531438142344 -0.0021200467451126313 0.0041313353328344725 0.023269470702577948 0.018956880345940588 0.029098766174386528
leaf_weight=35 40 32 70 260 32 30 51 68 6002 371 35 30 31 33
leaf_count=35 40 32 70 260 32 30 51 68 6002 371 35 30 31 33
internal_value=0 -0.00077 0.0393061 -0.00112268 0.0175378 0.00345103 0.0115661 0.00141794 -0.00141364 -0.00289798 -0.00131409 0.0293107 0.0220408 0.0245535
internal_weight=0 6980 140 6849 131 409 81 328 6440 403 6037 70 99 64
internal_count=7120 6980 140 6849 131 409 81 328 6440 403 6037 70 99 64
is_linear=0
shrinkage=0.03


Tree=33
num_leaves=15
num_cat=0
split_feature=142 2 322 246 322 76 96 72 142 226 19 8 76 2
split_gain=232.488 50.0564 17.032 11.4779 7.22852 4.28969 3.15972 2.03032 1.68348 1.58035 1.08836 0.952876 0.917479 0.772214
threshold=0.044747080653905875 0.38269281387329107 1.0000000180025095e-35 0.0097276263404637592 0.087548635900020613 0.052325591444969184 1.0000000180025095e-35 1.0000000180025095e-35 0.021400777623057369 0.0058365758741274485 0.059845551848411567 0.063706556335091605 0.029069767333567146 0.29423093795776373
decision_type=2 2 2 2 2 2 2 2 2 2 2 2 2 2
left_child=1 4 -2 7 8 -4 -6 9 10 -3 13 12 -10 -1
right_child=2 3 5 -5 6 -7 -8 -9 11 -11 -12 -13 -14 -15
leaf_value=-0.0012330055423315949 0.018808276749216021 0.028000309779200441 0.033724736197197694 0.0044668643294116022 0.002833496983382634 0.047987703260253457 0.013137818990382241 0.014559760922798887 0.0011760946567665087 0.017598674520850181 -0.0017225910690343098 -0.0013836510910470855 0.0079543562545501007 -9.3895650886811769e-05
leaf_weight=2084 39 42 46 60 100 67 36 39 39 31 3743 40 33 721
leaf_count=2084 39 42 46 60 100 67 36 39 39 31 3743 40 33 721
internal_value=0 -0.000779582 0.036605 0.0151563 -0.00118507 0.0425283 0.0056371 0.0207926 -0.00132521 0.0238807 -0.00138769 0.00230763 0.0043492 -0.000940345
internal_weight=0 6968 152 172 6796 113 136 112 6660 73 6548 112 72 2805
internal_count=7120 6968 152 172 6796 113 136 112 6660 73 6548 112 72 2805
is_linear=0
shrinkage=0.03


Tree=34
num_leaves=15
num_cat=0
split_feature=34 2 34 188 66 55 354 343 222 9 343 92 72 342
split_gain=219.172 46.2007 11.6891 10.5936 6.81752 5.82138 2.67615 2.23014 1.254 1.06196 1.07915 1.79808 1.61834 0.985375
threshold=0.087209329009056105 0.38269281387329107 0.11821709573268892 1.0000000180025095e-35 0.087209329009056105 0.056201562285423286 0.55192309617996227 0.055769231170415885 0.013618676923215391 0.17181472480297091 0.005769230774603785 0.0097276263404637592 0.017441860400140289 1.0000000180025095e-35
decision_type=2 2 2 2 2 2 2 2 2 2 2 2 2 2
left_child=1 4 -2 7 5 9 -6 -3 -5 10 -1 -12 -13 -9
right_child=2 3 -4 8 6 -7 -8 13 -10 -11 11 12 -14 -15
leaf_value=-0.0014444680588232269 0.02764529764809659 0.014067849423947997 0.045941384946796254 0.0088634529017144817 0.0026293213095451733 0.010941842162183352 0.011437352494293347 0.028121460154652594 0.00051213137132649807 -0.0068716904508971397 -0.00069413212502661111 0.0094645029525723175 5.037515022801623e-05 0.019040565398080567
leaf_weight=5777 70 43 70 31 115 34 42 31 33 30 742 30 35 37
leaf_count=5777 70 43 70 31 115 34 42 31 33 30 742 30 35 37
internal_value=0 -0.000724317 0.0370543 0.0144515 -0.00111665 -0.00126285 0.00504308 0.0200215 0.00463143 -0.00132724 -0.00130094 -0.00027293 0.00447293 0.0235279
internal_weight=0 6980 140 175 6805 6648 157 111 64 6614 6584 807 65 68
internal_count=7120 6980 140 175 6805 6648 157 111 64 6614 6584 807 65 68
is_linear=0
shrinkage=0.03


Tree=35
num_leaves=15
num_cat=0
split_feature=142 2 322 246 66 76 53 72 142 348 9 126 9 8
split_gain=206.577 44.4221 15.5157 10.2703 6.48997 3.68649 2.55816 1.8467 1.47341 1.44683 0.990899 1.118 1.38489 0.885556
threshold=0.044747080653905875 0.38269281387329107 1.0000000180025095e-35 0.0097276263404637592 0.087209329009056105 0.052325591444969184 1.0000000180025095e-35 1.0000000180025095e-35 0.021400777623057369 0.005769230774603785 0.17181472480297091 0.0058365758741274485 0.14864866435527804 0.063706556335091605
decision_type=2 2 2 2 2 2 2 2 2 2 2 2 2 2
left_child=1 4 -2 7 8 -4 -6 9 10 -3 11 -1 -13 -10
right_child=2 3 5 -5 6 -7 -8 -9 13 -11 -12 12 -14 -15
leaf_value=-0.0016332103593145509 0.017539490714902059 0.026480861472529031 0.031943028144379881 0.0041685517397556512 0.011572999252866095 0.045243558094781984 0.0026831519536499398 0.013679970269557088 0.0041850425294538123 0.016565060127759351 -0.0066721898592227401 -0.000917063345636172 0.004777507965381329 -0.0013687111611517782
leaf_weight=3697 39 42 46 60 38 67 119 39 70 31 30 2764 38 40
leaf_count=3697 39 42 46 60 38 67 119 39 70 31 30 2764 38 40
internal_value=0 -0.000733423 0.0345063 0.0142788 -0.00111541 0.0401569 0.00489446 0.0196102 -0.00125825 0.0225508 -0.00131636 -0.00129061 -0.000838158 0.00217136
internal_weight=0 6968 152 172 6796 113 157 112 6639 73 6529 6499 2802 110
internal_count=7120 6968 152 172 6796 113 157 112 6639 73 6529 6499 2802 110
is_linear=0
shrinkage=0.03


Tree=36
num_leaves=15
num_cat=0
split_feature=34 2 246 34 34 344 17 309 34 152 19 115 18 224
split_gain=194.977 43.6575 9.10525 7.05925 6.65517 6.07125 2.5398 1.88418 1.85959 1.73125 1.01622 0.833179 1.41205 0.996862
threshold=0.091085299849510207 0.38269281387329107 0.0097276263404637592 0.11821709573268892 0.067829474806785597 0.07115384936332704 0.036679536104202277 1.0000000180025095e-35 0.021317829377949241 0.0058365758741274485 0.059845551848411567 0.0058365758741274485 0.048262543976306922 1.0000000180025095e-35
decision_type=2 2 2 2 2 2 2 2 2 2 2 2 2 2
left_child=1 4 7 -2 5 10 9 8 -3 -7 -1 12 -12 -13
right_child=3 2 -4 -5 -6 6 -8 -9 -10 -11 11 13 -14 -15
leaf_value=-0.00080531339294859672 0.027857228323059566 0.025595136121846735 0.0040455452645327284 0.043295878625251874 0.012399897340007803 0.012965610733755477 0.00022238560933196408 0.011320498020504602 0.016148242017886831 0.0039285972599799818 -0.0075917073799370745 -0.0017797127887517132 -0.001759390764500611 1.2240678082118724e-05
leaf_weight=2854 58 41 60 70 32 40 54 31 52 38 37 547 2636 570
leaf_count=2854 58 41 60 70 32 40 54 31 52 38 37 547 2636 570
internal_value=0 -0.000650556 0.0137291 0.0365704 -0.00104116 -0.00110645 0.00524088 0.0183449 0.020541 0.00866842 -0.00123333 -0.00155534 -0.00184293 -0.000866094
internal_weight=0 6992 184 128 6808 6776 132 124 93 78 6644 3790 2673 1117
internal_count=7120 6992 184 128 6808 6776 132 124 93 78 6644 3790 2673 1117
is_linear=0
shrinkage=0.03


Tree=37
num_leaves=15
num_cat=0
split_feature=142 2 322 117 66 64 354 143 247 2 9 169 19 342
split_gain=183.432 39.4597 14.1297 9.24922 5.78715 3.39464 2.32855 2.0131 1.32372 0.933945 2.9945 1.34579 0.938279 0.860241
threshold=0.044747080653905875 0.38269281387329107 1.0000000180025095e-35 1.0000000180025095e-35 0.087209329009056105 0.025193798355758194 0.55192309617996227 0.0058365758741274485 0.021400777623057369 0.15576923638582232 0.094594579190015807 0.0408560298383236 0.048262543976306922 1.0000000180025095e-35
decision_type=2 2 2 2 2 2 2 2 2 2 2 2 2 2
left_child=1 4 -2 7 8 -4 -6 -3 9 10 -1 12 -11 -10
right_child=2 3 5 -5 6 -7 -8 -9 13 11 -12 -13 -14 -15
leaf_value=-0.0017503593109715818 0.016344044819008557 0.022239152010879479 0.029192199274534134 0.0039853469176394409 0.0023745951649496041 0.042222684299623642 0.01058928397982273 0.013429038834720089 -0.00013301693702764486 -0.00063606225037566753 -0.011615904387726913 0.003899185753308553 -0.0014384499360965365 0.0060859027776556706
leaf_weight=210 39 63 40 61 115 73 42 48 45 1872 31 46 4400 35
leaf_count=210 39 63 40 61 115 73 42 48 45 1872 31 46 4400 35
internal_value=0 -0.000689848 0.0325171 0.0134591 -0.00104987 0.0379067 0.00462527 0.0185833 -0.00118475 -0.00123167 -0.00306213 -0.00116137 -0.0011991 0.00262931
internal_weight=0 6968 152 172 6796 113 157 111 6639 6559 241 6318 6272 80
internal_count=7120 6968 152 172 6796 113 157 111 6639 6559 241 6318 6272 80
is_linear=0
shrinkage=0.03


Tree=38
num_leaves=15
num_cat=0
split_feature=34 2 39 98 34 66 177 354 34 354 263 39 68 138
split_gain=173.378 38.6129 8.57796 6.29406 5.93455 5.49591 3.4024 2.19467 1.54718 0.95606 0.895752 0.824986 0.823286 1.15806
threshold=0.091085299849510207 0.38269281387329107 1.0000000180025095e-35 0.044747080653905875 0.067829474806785597 0.087209329009056105 1.0000000180025095e-35 0.55192309617996227 0.021317829377949241 0.482692301273346 0.0058365758741274485 0.0096899224445223826 0.025193798355758194 0.0058365758741274485
decision_type=2 2 2 2 2 2 2 2 2 2 2 2 2 2
left_child=1 4 8 11 5 9 -4 10 -3 12 -7 -2 13 -1
right_child=3 2 6 -5 -6 7 -8 -9 -10 -11 -12 -13 -14 -15
leaf_value=-0.0015650360001905901 0.032168839400814421 0.023619028276205063 0.012413686692495556 0.041938520474512062 0.011712818643586202 -0.0012348984981820519 0.0014237618724627491 0.010278993250130739 0.01429882443490039 -0.00083825897874451982 0.0042550189742818472 0.022904272675514221 -0.0053473410793744465 0.0035792393172159789
leaf_weight=2973 30 49 50 60 32 41 51 42 34 3557 74 38 50 39
leaf_count=2973 30 49 50 60 32 41 51 42 34 3557 74 38 50 39
internal_value=0 -0.00061235 0.012911 0.0344864 -0.00097969 -0.00104135 0.00693268 0.00448897 0.0200168 -0.00117319 0.00230397 0.0273986 -0.00156186 -0.00149726
internal_weight=0 6992 184 128 6808 6776 101 157 83 6619 115 68 3062 3012
internal_count=7120 6992 184 128 6808 6776 101 157 83 6619 115 68 3062 3012
is_linear=0
shrinkage=0.03


Tree=39
num_leaves=15
num_cat=0
split_feature=34 2 39 34 34 66 177 53 34 9 343 56 294 1
split_gain=163.344 36.3757 8.08308 5.94735 5.5934 5.17589 3.20521 2.13404 1.45596 0.969119 1.00135 2.23822 0.81224 0.733919
threshold=0.091085299849510207 0.38269281387329107 1.0000000180025095e-35 0.11821709573268892 0.067829474806785597 0.087209329009056105 1.0000000180025095e-35 1.0000000180025095e-35 0.021317829377949241 0.17181472480297091 0.005769230774603785 0.0058139534667134294 0.017509727273136381 0.18269231170415881
decision_type=2 2 2 2 2 2 2 2 2 2 2 2 2 2
left_child=1 4 8 -2 5 9 -4 -7 -3 10 12 -12 -1 -9
right_child=3 2 6 -5 -6 7 -8 13 -10 -11 11 -13 -14 -15
leaf_value=-0.0013060783686836268 0.025481200991040568 0.022924628850258887 0.012048578221869426 0.039645173751132592 0.011372082108123736 0.010455817930543652 0.0013818704378074751 0.0038457791056648333 0.013882115754431911 -0.0064336410625987954 0.0063039613607258575 -0.00051011967538082187 0.0010426081798419438 -0.0012858188711106777
leaf_weight=5647 58 49 50 70 32 38 51 84 34 30 45 762 135 35
leaf_count=5647 58 49 50 70 32 38 51 84 34 30 45 762 135 35
internal_value=0 -0.000593668 0.0125321 0.0334744 -0.000950207 -0.00101007 0.00672877 0.00435683 0.0194298 -0.00113801 -0.00111292 -0.000122821 -0.00125107 0.00233835
internal_weight=0 6992 184 128 6808 6776 101 157 83 6619 6589 807 5782 119
internal_count=7120 6992 184 128 6808 6776 101 157 83 6619 6589 807 5782 119
is_linear=0
shrinkage=0.03


Tree=40
num_leaves=15
num_cat=0
split_feature=142 8 322 18 73 17 256 290 342 30 169 169 28 7
split_gain=153.624 30.8033 12.3454 6.73984 6.13061 4.95442 2.70382 1.81541 1.16629 0.922153 1.69682 1.06431 0.83857 0.72399
threshold=0.044747080653905875 0.028957529924809936 1.0000000180025095e-35 0.13706563413143161 0.017441860400140289 0.025096525438129905 0.021400777623057369 0.0097276263404637592 1.0000000180025095e-35 0.0096899224445223826 0.02918287925422192 0.056420233100652702 0.12209306657314302 0.10231658443808557
decision_type=2 2 2 2 2 2 2 2 2 2 2 2 2 2
left_child=1 4 -2 9 -1 7 -4 -5 -7 10 -3 12 13 -11
right_child=2 3 6 5 -6 8 -8 -9 -10 11 -12 -13 -14 -15
leaf_value=0.017652468995872844 0.014669942903565242 -0.0016817601551373876 0.027350500981238753 0.015601825053172725 0.0024255147474733264 -0.0011864597084394726 0.038915754388755476 0.0060941843623062595 0.0031009660334707654 -0.0010680452889107702 -0.0079171265309631086 0.0042641611189714506 0.0036454041812851628 0.001290203562195529
leaf_weight=96 39 992 43 30 32 103 70 49 126 5313 40 34 34 119
leaf_count=96 39 992 43 30 32 103 70 49 126 5313 40 34 34 119
internal_value=0 -0.000629559 0.0297597 -0.000903337 0.013894 0.00342653 0.0347933 0.00985457 0.00117579 -0.00110799 -0.00193087 -0.000953269 -0.000986497 -0.00101615
internal_weight=0 6968 152 6840 128 308 113 79 229 6532 1032 5500 5466 5432
internal_count=7120 6968 152 6840 128 308 113 79 229 6532 1032 5500 5466 5432
is_linear=0
shrinkage=0.03


Tree=41
num_leaves=15
num_cat=0
split_feature=34 2 39 64 34 66 58 81 170 37 2 214 29 41
split_gain=145.256 32.2142 9.52654 5.47937 4.80854 3.83754 3.03256 1.88909 1.65583 1.05019 0.846799 2.72267 0.953139 1.12589
threshold=0.091085299849510207 0.37115430831909185 1.0000000180025095e-35 0.029069767333567146 0.067829474806785597 0.0755814164876938 1.0000000180025095e-35 1.0000000180025095e-35 1.0000000180025095e-35 1.0000000180025095e-35 0.15576923638582232 0.0058365758741274485 0.017441860400140289 0.079457387328147902
decision_type=2 2 2 2 2 2 2 2 2 2 2 2 2 2
left_child=1 4 7 9 5 10 -4 -3 -7 -2 11 -1 -12 -14
right_child=3 2 6 -5 -6 8 -8 -9 -10 -11 12 -13 13 -15
leaf_value=-0.0015684069337751551 0.029099213747601761 0.014710727825074392 0.010418510174438837 0.038613887190818784 0.010864828818988415 0.0019536722941331801 0.0012862906332003136 0.024748326477504544 0.0093987914293327118 0.019685497094284406 -0.0013896223775027583 -0.010853074229830367 -0.00071875560483456195 0.0042871531318282568
leaf_weight=209 37 57 61 59 30 150 70 30 32 32 3248 32 3033 40
leaf_count=209 37 57 61 59 30 150 70 30 32 32 3248 32 3033 40
internal_value=0 -0.000558796 0.0107657 0.0315676 -0.000924776 -0.000978824 0.00558541 0.0184139 0.00330691 0.025077 -0.00109818 -0.00284098 -0.00103129 -0.000652222
internal_weight=0 6992 218 128 6774 6744 131 87 182 69 6562 241 6321 3073
internal_count=7120 6992 218 128 6774 6744 131 87 182 69 6562 241 6321 3073
is_linear=0
shrinkage=0.03


Tree=42
num_leaves=15
num_cat=0
split_feature=34 2 177 64 34 66 34 53 230 1 9 14 3 41
split_gain=136.847 30.375 6.99224 5.15265 4.71854 4.33465 2.41322 1.88598 1.53978 1.15998 1.01455 0.873251 2.67785 2.55573
threshold=0.091085299849510207 0.38269281387329107 1.0000000180025095e-35 0.029069767333567146 0.067829474806785597 0.087209329009056105 0.021317829377949241 1.0000000180025095e-35 0.0097276263404637592 0.059615384787321098 0.17181472480297091 0.025096525438129905 0.2750000953674317 0.079457387328147902
decision_type=2 2 2 2 2 2 2 2 2 2 2 2 2 2
left_child=1 4 6 9 5 10 -3 -7 -4 -2 11 12 -1 -13
right_child=3 2 8 -5 -6 7 -8 -9 -10 -11 -12 13 -14 -15
leaf_value=-0.010558266988108781 0.02834069224504324 0.020821853004536539 0.0088166746286855585 0.037474779307842251 0.010450097810138354 0.0097216615774400085 0.011677357179578393 0.002092473543018059 -0.00013734748106799087 0.018715822105295956 -0.0064571858069769313 -0.00097310492036168565 -0.0016330344181899716 0.0068324808394046206
leaf_weight=32 38 52 30 59 32 38 63 119 39 31 30 6147 373 37
leaf_count=32 38 52 30 59 32 38 63 119 39 31 30 6147 373 37
internal_value=0 -0.000541762 0.0114526 0.0306409 -0.000867568 -0.00092255 0.0159561 0.00398887 0.00382604 0.0243456 -0.00103963 -0.00101399 -0.00236251 -0.000925306
internal_weight=0 6992 184 128 6808 6776 115 157 69 69 6619 6589 405 6184
internal_count=7120 6992 184 128 6808 6776 115 157 69 69 6619 6589 405 6184
is_linear=0
shrinkage=0.03


Tree=43
num_leaves=15
num_cat=0
split_feature=34 2 31 34 5 73 344 34 48 14 9 30 9 169
split_gain=128.966 26.871 8.24986 6.99359 3.53318 2.49425 2.23038 1.6757 1.53525 1.3629 0.959701 0.852462 2.2876 1.58121
threshold=0.087209329009056105 0.37115430831909185 0.0096899224445223826 0.11821709573268892 0.017374516930431131 0.0096899224445223826 0.075000002980232253 0.044573649764060981 0.0058139534667134294 0.048262543976306922 0.17181472480297091 0.0096899224445223826 0.16023169457912448 0.02918287925422192
decision_type=2 2 2 2 2 2 2 2 2 2 2 2 2 2
left_child=1 4 5 -2 -1 8 10 -4 -3 -8 11 13 -13 -6
right_child=3 2 7 -5 6 -7 9 -9 -10 -11 -12 12 -14 -15
leaf_value=0.0075961799068715074 0.021159097695539534 0.014281335697908487 -0.00052189898985328476 0.035297982508028056 -0.0015232030521979804 0.0075639787735417479 0.0073090498163567285 0.0075967866940689945 0.023319452391429379 0.00027658322224901482 -0.0062697191109820716 -0.00088016271473819591 0.0061490714490147575 -0.0075393707723152336
leaf_weight=43 70 55 50 70 1011 31 45 41 32 54 30 5507 41 40
leaf_count=43 70 55 50 70 1011 31 45 41 32 54 30 5507 41 40
internal_value=0 -0.000550806 0.0100181 0.0284287 -0.000878466 0.0152214 -0.00093375 0.00317878 0.0178329 0.00351428 -0.0010007 -0.000975799 -0.000827118 -0.00175912
internal_weight=0 6980 209 140 6771 118 6728 91 87 99 6629 6599 5548 1051
internal_count=7120 6980 209 140 6771 118 6728 91 87 99 6629 6599 5548 1051
is_linear=0
shrinkage=0.03


Tree=44
num_leaves=15
num_cat=0
split_feature=34 66 39 142 34 73 53 34 9 343 56 169 294 334
split_gain=121.573 23.6523 9.38811 6.68868 4.64496 4.26644 2.50733 1.95226 0.896523 0.795204 2.3562 0.997997 0.733443 0.715399
threshold=0.091085299849510207 0.0755814164876938 1.0000000180025095e-35 0.033073929138481624 0.12209306657314302 0.0096899224445223826 1.0000000180025095e-35 0.021317829377949241 0.17181472480297091 0.005769230774603785 0.0058139534667134294 0.036964979022741325 0.017509727273136381 1.0000000180025095e-35
decision_type=2 2 2 2 2 2 2 2 2 2 2 2 2 2
left_child=1 3 5 8 -2 7 -4 -3 9 11 -11 12 -1 -12
right_child=4 2 6 -5 -6 -7 -8 -9 -10 10 13 -13 -14 -15
leaf_value=-0.0011098141655637725 0.022912787998361245 0.021833626944571735 0.0098530651728850165 0.0095111983513290234 0.035363296151161197 0.0059367514247159392 0.0018477969437076076 0.0116333393188303 -0.0060876949401872773 0.0072159238198870107 0.00074776306316244752 -0.0055955768211490729 0.0011217348484377212 -0.0011708214216683906
leaf_weight=5606 69 47 43 54 59 43 180 33 30 37 281 43 135 460
leaf_count=5606 69 47 43 54 59 43 180 33 30 37 281 43 135 460
internal_value=0 -0.000509639 0.00712608 -0.000908177 0.0288813 0.0137481 0.00342851 0.0178216 -0.00099496 -0.000970753 -7.01853e-05 -0.00109185 -0.00105715 -0.000443234
internal_weight=0 6992 346 6646 128 123 223 80 6592 6562 778 5784 5741 741
internal_count=7120 6992 346 6646 128 123 223 80 6592 6562 778 5784 5741 741
is_linear=0
shrinkage=0.03


Tree=45
num_leaves=15
num_cat=0
split_feature=142 2 322 246 322 64 170 254 246 142 8 120 16 221
split_gain=114.565 24.7562 10.0067 6.08076 3.66418 2.07067 1.97216 1.74873 1.17167 0.899851 0.816836 0.809077 0.964078 1.47155
threshold=0.044747080653905875 0.38269281387329107 1.0000000180025095e-35 0.0058365758741274485 0.052529182285070426 0.025193798355758194 1.0000000180025095e-35 1.0000000180025095e-35 0.013618676923215391 0.021400777623057369 0.063706556335091605 0.0097276263404637592 0.059845551848411567 0.0058365758741274485
decision_type=2 2 2 2 2 2 2 2 2 2 2 2 2 2
left_child=1 4 -2 7 9 -4 -6 -3 -5 11 -11 12 -1 -14
right_child=2 3 5 8 6 -7 -8 -9 -10 10 -12 -13 13 -15
leaf_value=-0.001005092813445593 0.012162873328663408 0.011728626521020804 0.023371514250955929 0.007358480363764101 0.001507661348226975 0.033616917318588978 0.0085165024666175072 0.020085781074878645 -0.00067927928668830328 0.0036593931991095378 -0.0017559187232445066 -0.00032814816140441111 -0.0016755494575146394 -0.0058452368128399188
leaf_weight=4505 39 68 40 31 159 73 46 40 33 70 38 1309 582 87
leaf_count=4505 39 68 40 31 159 73 46 40 33 70 38 1309 582 87
internal_value=0 -0.00054126 0.025702 0.0106657 -0.000826425 0.0302271 0.00311408 0.0149797 0.00326732 -0.000949441 0.00175538 -0.000994764 -0.00116332 -0.00222571
internal_weight=0 6968 152 172 6796 113 205 108 64 6591 108 6483 5174 669
internal_count=7120 6968 152 172 6796 113 205 108 64 6591 108 6483 5174 669
is_linear=0
shrinkage=0.03


Tree=46
num_leaves=15
num_cat=0
split_feature=142 2 290 177 344 64 17 343 230 2 6 9 343 210
split_gain=107.907 23.321 8.85253 6.32122 3.39 1.92575 1.88305 1.48168 1.19124 0.994867 0.854015 0.849248 0.831031 1.99518
threshold=0.044747080653905875 0.38269281387329107 1.0000000180025095e-35 1.0000000180025095e-35 0.075000002980232253 0.029069767333567146 0.036679536104202277 0.059615384787321098 0.0097276263404637592 0.36346197128295904 0.067567560821771636 0.17181472480297091 0.005769230774603785 0.013618676923215391
decision_type=2 2 2 2 2 2 2 2 2 2 2 2 2 2
left_child=1 4 -2 7 9 -4 10 -3 -5 11 -6 12 -1 -14
right_child=2 3 5 8 6 -7 -8 -9 -10 -11 -12 -13 13 -15
leaf_value=-0.0010298875494573311 0.012589606017406498 0.0119243653901768 0.023819195549277698 0.0076479299878701567 0.0042793700781961277 0.033434821578764151 -0.00032658495060563575 0.019894430786371233 -0.00022522107061377026 0.0033670629341658966 0.01095631684687349 -0.0058817754379443584 -0.00031806177589332947 0.0071020483113277489
leaf_weight=5760 41 65 50 30 44 61 52 38 39 48 30 30 799 33
leaf_count=5760 41 65 50 30 44 61 52 38 39 48 30 30 799 33
internal_value=0 -0.000524844 0.0249445 0.0103524 -0.000801619 0.0293548 0.0040544 0.0150278 0.00325824 -0.000893946 0.00709623 -0.000925335 -0.00090189 -1.5582e-05
internal_weight=0 6968 152 172 6796 111 126 103 69 6670 74 6622 6592 832
internal_count=7120 6968 152 172 6796 111 126 103 69 6670 74 6622 6592 832
is_linear=0
shrinkage=0.03


Tree=47
num_leaves=15
num_cat=0
split_feature=9 98 220 98 322 259 270 269 270 141 9 80 65 201
split_gain=101.512 15.349 13.358 11.8945 3.9485 1.66408 1.35481 1.013 0.851989 0.83887 0.790344 0.787928 1.44611 2.39179
threshold=0.0057915056822821507 0.021400777623057369 0.11089494079351427 0.0408560298383236 0.060311283916234977 1.0000000180025095e-35 0.0408560298383236 0.0097276263404637592 0.025291828438639644 1.0000000180025095e-35 0.17181472480297091 0.013565891422331335 1.0000000180025095e-35 0.0097276263404637592
decision_type=2 2 2 2 2 2 2 2 2 2 2 2 2 2
left_child=3 2 4 6 8 7 -1 -6 10 -10 11 12 13 -2
right_child=1 -3 -4 -5 5 -7 -8 -9 9 -11 -12 -13 -14 -15
leaf_value=0.01299278564043343 -0.00058323108403003838 0.019246109911373682 0.018667050411968374 0.031946882027298659 0.0029120226354194421 0.00031927116596021474 0.019994640094041824 0.0084218909689470333 -0.00059908974270981089 0.0059792643543187295 -0.0057110141854613055 -0.0014123767114654618 -0.00076532724016142091 0.0098270460909172415
leaf_weight=74 55 34 31 66 67 104 49 56 38 31 30 1947 4508 30
leaf_count=74 55 34 31 66 67 104 49 56 38 31 30 1947 4508 30
internal_value=0 -0.00057079 -0.000671257 0.021656 -0.000761275 0.003121 0.0159209 0.00546827 -0.000894467 0.0023996 -0.000929422 -0.000906619 -0.000691964 0.00316253
internal_weight=0 6931 6897 189 6866 227 123 123 6639 69 6570 6540 4593 85
internal_count=7120 6931 6897 189 6866 227 123 123 6639 69 6570 6540 4593 85
is_linear=0
shrinkage=0.03


Tree=48
num_leaves=15
num_cat=0
split_feature=34 8 12 10 49 64 271 15 4 226 1 284 354 38
split_gain=96.2928 20.1198 5.11944 5.14264 4.09851 3.85076 2.2762 1.9784 1.58737 1.10528 0.923381 0.713558 0.799995 0.639444
threshold=0.091085299849510207 0.028957529924809936 0.10231658443808557 0.0057915056822821507 0.0096899224445223826 0.029069767333567146 0.0097276263404637592 0.17567573487758639 0.032818533480167396 0.0058365758741274485 0.059615384787321098 0.021400777623057369 0.482692301273346 0.036821708083152778
decision_type=2 2 2 2 2 2 2 2 2 2 2 2 2 2
left_child=1 4 7 -4 9 10 -5 11 -8 -1 -2 12 -3 -14
right_child=5 2 3 6 -6 -7 8 -9 -10 -11 -12 -13 13 -15
leaf_value=0.018469598372575155 0.023790193360585434 -0.0012154627732814159 0.013777607913668216 -0.00043908558990907572 0.0035896591631614642 0.031589440017938619 0.0016284661894314923 0.0042233055716623426 0.011290716131578289 0.011125011131008888 0.015400835088221355 -0.0054275909006865995 -0.00071703149873346363 0.00044311250218277562
leaf_weight=42 38 3065 37 137 45 59 31 68 30 46 31 30 2962 499
leaf_count=42 38 3065 37 137 45 59 31 68 30 46 31 30 2962 499
internal_value=0 -0.000451765 -0.000676587 0.00366559 0.0110611 0.0257055 0.00171623 -0.000831164 0.00648586 0.0147985 0.0202949 -0.000884226 -0.000862512 -0.000549685
internal_weight=0 6992 6859 235 133 128 198 6624 61 88 69 6556 6526 3461
internal_count=7120 6992 6859 235 133 128 198 6624 61 88 69 6556 6526 3461
is_linear=0
shrinkage=0.03


Tree=49
num_leaves=15
num_cat=0
split_feature=9 98 220 76 66 68 270 199 141 270 271 9 343 277
split_gain=90.2745 13.5724 12.1236 11.5818 3.7608 0.976326 0.974334 1.08789 0.872422 0.828942 0.8892 0.748812 0.787985 1.1261
threshold=0.0057915056822821507 0.021400777623057369 0.11089494079351427 0.040697678923606879 0.11434112489223482 0.0058139534667134294 0.0408560298383236 1.0000000180025095e-35 1.0000000180025095e-35 0.025291828438639644 0.0097276263404637592 0.17181472480297091 0.005769230774603785 0.0058365758741274485
decision_type=2 2 2 2 2 2 2 2 2 2 2 2 2 2
left_child=3 2 4 6 9 8 7 -1 -6 11 -11 12 -2 -14
right_child=1 -3 -4 -5 5 -7 -8 -9 -10 10 -12 -13 13 -15
leaf_value=0.0072851970348468357 -0.00096574295292822386 0.018097442820668219 0.017791373503860085 0.029094678031073674 0.0089785652184808575 -0.00050740528537111514 0.01770118309983185 0.015235232189297676 0.0033990699013388206 -0.00050962355619828617 0.0062121579123120153 -0.0055145729307626047 -0.00028676576047202706 0.0040063144693593105
leaf_weight=35 5740 34 31 80 36 36 41 33 87 41 30 30 808 58
leaf_count=35 5740 34 31 80 36 36 41 33 87 41 30 30 808 58
internal_value=0 -0.000537283 -0.000631756 0.0204231 -0.000717516 0.00382844 0.013852 0.0113082 0.00509133 -0.000825839 0.0023774 -0.000860465 -0.000838497 5.05081e-06
internal_weight=0 6931 6897 189 6866 159 109 68 123 6707 71 6636 6606 866
internal_count=7120 6931 6897 189 6866 159 109 68 123 6707 71 6636 6606 866
is_linear=0
shrinkage=0.03


Tree=50
num_leaves=15
num_cat=0
split_feature=9 98 220 308 18 1 59 177 270 263 6 9 284 169
split_gain=85.0289 12.7919 11.4283 10.9044 4.2847 1.8295 1.05405 0.991015 0.951604 0.907198 0.768266 1.30781 0.755905 0.712881
threshold=0.0057915056822821507 0.021400777623057369 0.11089494079351427 0.017509727273136381 0.15250967442989352 0.17115385085344317 0.013565891422331335 1.0000000180025095e-35 0.0408560298383236 0.0097276263404637592 0.067567560821771636 0.16409270465373996 0.021400777623057369 0.02918287925422192
decision_type=2 2 2 2 2 2 2 2 2 2 2 2 2 2
left_child=3 2 4 8 10 6 -6 -8 -1 -5 11 13 -12 -2
right_child=1 -3 -4 9 5 -7 7 -9 -10 -11 12 -13 -14 -15
leaf_value=0.010507276309080995 -0.0012333857264136389 0.017570031616304601 0.017274311722721904 0.024224012212319807 0.0028557622260414065 -0.00063699866532555751 0.010874350919592671 0.0035971648150007239 0.016897014513975236 0.033061884921044109 -0.00053797926398607308 0.0047042464261705221 -0.0052419780499316877 -0.0045735343349051771
leaf_weight=64 2541 34 31 54 89 73 40 31 40 31 3972 32 30 58
leaf_count=64 2541 34 31 54 89 73 40 31 40 31 3972 32 30 58
internal_value=0 -0.000520945 -0.000612662 0.0198213 -0.000695925 0.00329418 0.0050806 0.00779108 0.0131024 0.0277942 -0.000836563 -0.00123475 -0.000574542 -0.00130966
internal_weight=0 6931 6897 189 6866 233 160 71 104 85 6633 2631 4002 2599
internal_count=7120 6931 6897 189 6866 233 160 71 104 85 6633 2631 4002 2599
is_linear=0
shrinkage=0.03


Tree=51
num_leaves=15
num_cat=0
split_feature=34 2 39 64 5 58 81 79 14 1 9 2 40 41
split_gain=80.6531 17.8598 6.61608 3.41666 2.94772 2.26588 1.42974 1.35533 0.966401 0.823235 0.721496 0.720073 2.72936 2.67527
threshold=0.091085299849510207 0.36730813980102545 1.0000000180025095e-35 0.029069767333567146 0.017374516930431131 1.0000000180025095e-35 1.0000000180025095e-35 0.0755814164876938 0.040540538728237159 0.059615384787321098 0.17181472480297091 0.15576923638582232 0.029069767333567146 0.079457387328147902
decision_type=2 2 2 2 2 2 2 2 2 2 2 2 2 2
left_child=1 4 6 9 -1 -4 -3 10 -9 -2 11 12 -6 -13
right_child=3 2 5 -5 7 -7 -8 8 -10 -11 -12 13 -14 -15
leaf_value=0.0070415067458419458 0.021725329527488121 0.011007671593925206 0.0078224019374212479 0.029049164235591885 -0.0011563487319009248 0.00049853103242809122 0.019551818070392454 0.0055493598922444296 0.00053270292639663629 0.01389844010118395 -0.0053895848922547885 -0.00078753481553510765 -0.010569774324976605 0.0069018231489036868
leaf_weight=43 38 58 68 59 210 85 30 45 140 31 30 6212 31 40
leaf_count=43 38 58 68 59 210 85 30 45 140 31 30 6212 31 40
internal_value=0 -0.000411968 0.00759578 0.023527 -0.000698914 0.00378324 0.0141074 -0.000749575 0.00177625 0.0184577 -0.000821471 -0.000799538 -0.00240588 -0.000737243
internal_weight=0 6992 241 128 6751 153 88 6708 185 69 6523 6493 241 6252
internal_count=7120 6992 241 128 6751 153 88 6708 185 69 6523 6493 241 6252
is_linear=0
shrinkage=0.03


Tree=52
num_leaves=15
num_cat=0
split_feature=34 66 72 55 140 118 256 226 1 19 169 210 169 166
split_gain=75.9837 15.1159 7.56188 4.05117 3.29574 2.37145 1.06876 0.914275 0.761856 0.6998 0.649906 1.18797 1.00337 0.717532
threshold=0.091085299849510207 0.0755814164876938 1.0000000180025095e-35 0.056201562285423286 0.033073929138481624 0.091439686715602889 0.0097276263404637592 0.0058365758741274485 0.059615384787321098 0.055984549224376685 0.0097276263404637592 0.013618676923215391 0.0408560298383236 0.013618676923215391
decision_type=2 2 2 2 2 2 2 2 2 2 2 2 2 2
left_child=1 3 7 9 8 6 -4 -3 -2 -1 13 12 -12 -11
right_child=4 2 5 -5 -6 -7 -8 -9 -10 10 11 -13 -14 -15
leaf_value=-0.0003934468239840902 0.021258650487515983 0.017125431515363068 0.0011390681786898587 0.0073175430011802479 0.028611295861857275 0.010525820315815507 0.00595154758128855 0.0098018527315819962 0.013883560771013008 -0.00092360167223352559 -0.0017573599656595723 0.0031333229305265946 -0.0066931016506770477 0.0012818513623951337
leaf_weight=2523 40 42 183 55 55 35 53 33 33 3031 819 42 38 138
leaf_count=2523 40 42 183 55 55 35 53 33 33 3031 819 42 38 138
internal_value=0 -0.000399433 0.00570478 -0.000718037 0.0228363 0.00334523 0.00224039 0.0140744 0.0181574 -0.000786192 -0.00102962 -0.00174148 -0.00198376 -0.000827187
internal_weight=0 6992 346 6646 128 271 236 75 73 6591 4068 899 857 3169
internal_count=7120 6992 346 6646 128 271 236 75 73 6591 4068 899 857 3169
is_linear=0
shrinkage=0.03


Tree=53
num_leaves=15
num_cat=0
split_feature=34 2 31 64 5 73 353 240 79 14 1 294 2 40
split_gain=71.5859 15.8807 5.36986 3.13847 2.67186 1.53132 1.46242 1.43481 1.20576 0.88789 0.743615 0.689884 0.616876 2.57232
threshold=0.091085299849510207 0.36730813980102545 0.0096899224445223826 0.029069767333567146 0.017374516930431131 0.0096899224445223826 0.54038462042808544 0.0058365758741274485 0.0755814164876938 0.040540538728237159 0.059615384787321098 0.017509727273136381 0.15576923638582232 0.029069767333567146
decision_type=2 2 2 2 2 2 2 2 2 2 2 2 2 2
left_child=1 4 5 10 -1 7 -4 -3 11 -10 -2 12 13 -6
right_child=3 2 6 -5 8 -7 -8 -9 9 -11 -12 -13 -14 -15
leaf_value=0.0067114762763958421 0.020417972161219673 0.010394900195699715 0.0065034062662743955 0.027447531014680861 -0.0010968944512835099 0.0054262572789957626 -0.00031110455734389172 0.018628361165862192 0.0052928505896631135 0.00048455409974075276 0.013008181939367204 0.0011423262814059853 -0.00076455188500098442 -0.010235263254144228
leaf_weight=43 38 62 47 59 210 31 69 32 45 140 31 164 6118 31
leaf_count=43 38 62 47 59 210 31 69 32 45 140 31 164 6118 31
internal_value=0 -0.000387251 0.00716381 0.022166 -0.000657832 0.0114544 0.00248193 0.0133644 -0.000706065 0.00167631 0.0173223 -0.000773878 -0.00082347 -0.00230981
internal_weight=0 6992 241 128 6751 125 116 94 6708 185 69 6523 6359 241
internal_count=7120 6992 241 128 6751 125 116 94 6708 185 69 6523 6359 241
is_linear=0
shrinkage=0.03


Tree=54
num_leaves=15
num_cat=0
split_feature=34 2 31 64 5 73 353 353 344 14 14 189 169 284
split_gain=67.4412 14.962 5.06019 2.95189 2.51716 1.44229 1.38214 1.37774 1.12053 1.06296 0.658693 2.44625 1.28212 0.648689
threshold=0.091085299849510207 0.36730813980102545 0.0096899224445223826 0.029069767333567146 0.017374516930431131 0.0096899224445223826 0.52500000596046459 0.54038462042808544 0.075000002980232253 0.048262543976306922 0.025096525438129905 1.0000000180025095e-35 0.056420233100652702 0.021400777623057369
decision_type=2 2 2 2 2 2 2 2 2 2 2 2 2 2
left_child=1 4 5 -2 -1 6 -3 -4 10 -10 11 -6 13 -12
right_child=3 2 7 -5 8 -7 -8 -9 9 -11 12 -13 -14 -15
leaf_value=0.0065147080757676371 0.016816980525319065 0.0098020374081965733 0.0063123687475581391 0.026637828618288038 -0.0011965399266242864 0.0052685566058062244 0.017677748193398016 -0.00030190474329616076 0.005824047280677958 -0.00045697937120516702 -0.00066552226916487885 -0.0096053791240624641 0.0049915871388899781 -0.0050179167518452283
leaf_weight=43 69 58 47 59 376 31 36 69 45 51 6138 33 35 30
leaf_count=43 69 58 47 59 376 31 36 69 45 51 6138 33 35 30
internal_value=0 -0.000375452 0.00695393 0.0215152 -0.000638091 0.011119 0.0129726 0.00240906 -0.000684906 0.00251694 -0.000731767 -0.00189678 -0.000654658 -0.000687501
internal_weight=0 6992 241 128 6751 125 94 116 6708 96 6612 409 6203 6168
internal_count=7120 6992 241 128 6751 125 94 116 6708 96 6612 409 6203 6168
is_linear=0
shrinkage=0.03


Tree=55
num_leaves=15
num_cat=0
split_feature=34 2 177 98 12 37 34 15 120 246 343 169 342 93
split_gain=63.5149 14.1026 3.8764 2.77231 2.67433 4.72491 1.70163 1.46305 0.649583 0.626345 0.598819 1.15437 0.868923 2.00097
threshold=0.091085299849510207 0.38269281387329107 1.0000000180025095e-35 0.044747080653905875 0.10231658443808557 0.013565891422331335 0.021317829377949241 0.17567573487758639 0.0097276263404637592 0.013618676923215391 0.005769230774603785 0.036964979022741325 0.005769230774603785 1.0000000180025095e-35
decision_type=2 2 2 2 2 2 2 2 2 2 2 2 2 2
left_child=1 4 6 -2 7 -6 -3 8 10 -4 11 -1 -12 -14
right_child=3 2 9 -5 5 -7 -8 -9 -10 -11 12 -13 13 -15
leaf_value=-0.00094948258083364136 0.016257197121563163 0.015197701749725723 0.0048250604224567475 0.025766420491406174 0.010743369794286349 1.4082538882373935e-05 0.0076423046074074819 0.003979020489088725 -0.00013198818948671217 -0.00083804263089619141 -0.00051224812238273804 -0.0051405643671751022 0.0080645529395504227 -0.00051291854363189992
leaf_weight=4467 68 52 36 60 50 134 63 59 1317 33 614 59 36 72
leaf_count=4467 68 52 36 60 50 134 63 59 1317 33 614 59 36 72
internal_value=0 -0.000364021 0.00780875 0.0208798 -0.000586021 0.00297196 0.0111602 -0.000685287 -0.000727805 0.00214334 -0.000877274 -0.00100524 -7.48094e-05 0.00239399
internal_weight=0 6992 184 128 6808 184 115 6624 6565 69 5248 4526 722 108
internal_count=7120 6992 184 128 6808 184 115 6624 6565 69 5248 4526 722 108
is_linear=0
shrinkage=0.03


Tree=56
num_leaves=15
num_cat=0
split_feature=226 8 46 66 13 354 134 354 284 45 155 18 169 41
split_gain=56.3245 12.3019 9.53496 3.76955 2.99382 2.83948 0.997227 0.708912 0.686599 0.644704 0.7857 0.627742 1.1604 0.969183
threshold=0.044747080653905875 0.021235520951449875 0.0058139534667134294 0.0755814164876938 0.021235520951449875 0.62884616851806652 0.0058365758741274485 0.482692301273346 0.021400777623057369 1.0000000180025095e-35 1.0000000180025095e-35 0.048262543976306922 0.0408560298383236 0.040697678923606879
decision_type=2 2 2 2 2 2 2 2 2 2 2 2 2 2
left_child=1 6 4 7 -2 9 -1 11 -9 10 -5 13 -13 -3
right_child=2 3 -4 5 -6 -7 -8 8 -10 -11 -12 12 -14 -15
leaf_value=0.0071001605736091726 0.023373905552416731 -0.00026466075870716437 0.0021343806548975407 0.0054527391637675462 0.013244308404074135 0.010991106708667108 0.013503112793196518 -0.00035985179246885492 -0.0048446696981667512 -0.000991232070067015 0.0011036716012184863 -0.0010234387764993759 0.0044738345170127489 -0.0076567693001197762
leaf_weight=51 96 32 32 59 43 34 45 3532 30 56 101 2944 34 31
leaf_count=51 96 32 32 59 43 34 45 3532 30 56 101 2944 34 31
internal_value=0 -0.000399202 0.0169794 -0.000549286 0.0203573 0.00305947 0.0102098 -0.000686362 -0.000398973 0.00176608 0.0027313 -0.00102275 -0.000959195 -0.00396485
internal_weight=0 6949 171 6853 139 250 96 6603 3562 216 160 3041 2978 63
internal_count=7120 6949 171 6853 139 250 96 6603 3562 216 160 3041 2978 63
is_linear=0
shrinkage=0.03


Tree=57
num_leaves=15
num_cat=0
split_feature=9 98 220 76 18 294 116 309 32 294 169 210 354 263
split_gain=56.6458 8.84162 8.5547 7.4625 2.67861 1.15899 1.05073 0.890523 1.13619 0.678375 1.69843 1.16345 0.843406 0.677039
threshold=0.0057915056822821507 0.021400777623057369 0.11089494079351427 0.040697678923606879 0.15250967442989352 0.0058365758741274485 0.0058365758741274485 1.0000000180025095e-35 0.0096899224445223826 0.0058365758741274485 0.033073929138481624 0.013618676923215391 0.50576925277709972 0.0097276263404637592
decision_type=2 2 2 2 2 2 2 2 2 2 2 2 2 2
left_child=3 2 4 7 9 6 -6 8 -1 10 -2 12 -11 -5
right_child=1 -3 -4 13 5 -7 -8 -9 -10 11 -12 -13 -14 -15
leaf_value=0.0077805670554516836 -0.00086422668945835375 0.014617665729352405 0.014976583505049348 0.019876349437236786 0.0027957658519975497 -0.0005446927080472075 0.0089893000669056377 0.0062894274294376367 0.015621517295949161 -0.00088062103943900431 -0.0061756864642639724 0.0048200984850812409 0.00017430102148389165 0.027514014719054101
leaf_weight=31 3794 34 31 49 130 73 30 31 47 1491 54 38 1256 31
leaf_count=31 3794 34 31 49 130 73 30 31 47 1491 54 38 1256 31
internal_value=0 -0.000422783 -0.000499036 0.0161807 -0.00057108 0.00258379 0.00400567 0.0109098 0.0126432 -0.000682275 -0.000940349 -0.000325487 -0.000398395 0.0231391
internal_weight=0 6931 6897 189 6866 233 160 109 78 6633 3848 2785 2747 80
internal_count=7120 6931 6897 189 6866 233 160 109 78 6633 3848 2785 2747 80
is_linear=0
shrinkage=0.03


Tree=58
num_leaves=15
num_cat=0
split_feature=9 98 220 308 18 177 19 290 309 32 294 169 65 4
split_gain=53.3775 8.33319 8.06407 7.02723 2.52261 1.12684 1.5888 0.794023 0.744601 0.980527 0.638496 1.60014 1.10026 1.71748
threshold=0.0057915056822821507 0.021400777623057369 0.11089494079351427 0.017509727273136381 0.15250967442989352 1.0000000180025095e-35 0.028957529924809936 0.0097276263404637592 1.0000000180025095e-35 0.0096899224445223826 0.0058365758741274485 0.033073929138481624 1.0000000180025095e-35 0.048262543976306922
decision_type=2 2 2 2 2 2 2 2 2 2 2 2 2 2
left_child=3 2 4 8 10 6 -6 -5 9 -1 11 -2 13 -12
right_child=1 -3 -4 7 5 -7 -8 -9 -10 -11 12 -13 -14 -15
leaf_value=0.0075544442556565623 -0.00083830672116342654 0.014191665060818195 0.014541326566832139 0.018951192415422861 0.0083944422886189484 0.00055891059445673896 0.0011264780504487654 0.026597893400625749 0.0061066408257465805 0.01502723886436501 0.0074780695979119981 -0.0059937842975963246 -0.000441458304589844 -0.0001046692775238211
leaf_weight=31 3794 34 31 53 53 125 55 32 31 42 40 54 2667 78
leaf_count=31 3794 34 31 53 53 125 55 32 31 42 40 54 2667 78
internal_value=0 -0.000409936 -0.000483964 0.0157075 -0.000553911 0.00250772 0.00473746 0.0221058 0.0103174 0.0119988 -0.00066182 -0.000912193 -0.000315678 0.00250699
internal_weight=0 6931 6897 189 6866 233 108 85 104 73 6633 3848 2785 118
internal_count=7120 6931 6897 189 6866 233 108 85 104 73 6633 3848 2785 118
is_linear=0
shrinkage=0.03


Tree=59
num_leaves=15
num_cat=0
split_feature=34 2 39 140 5 58 226 271 56 169 144 45 127 294
split_gain=50.3604 11.1419 4.53363 2.50816 2.00939 1.54845 0.98007 0.899373 1.86079 1.01288 0.93364 0.732113 0.657207 0.597078
threshold=0.091085299849510207 0.36730813980102545 1.0000000180025095e-35 0.033073929138481624 0.017374516930431131 1.0000000180025095e-35 0.0058365758741274485 0.017509727273136381 0.0058139534667134294 0.036964979022741325 1.0000000180025095e-35 1.0000000180025095e-35 0.017509727273136381 0.017509727273136381
decision_type=2 2 2 2 2 2 2 2 2 2 2 2 2 2
left_child=1 4 6 12 -1 -4 -3 9 -9 13 -11 -10 -2 -6
right_child=3 2 5 -5 7 -7 -8 8 11 10 -12 -13 -14 -15
leaf_value=0.0058413516860243613 0.011390538321035664 0.01432964530060714 0.0061875136366174753 0.023592009209096432 -0.00070499764482471615 0.00013668238463524599 0.0076018237549294824 0.0056213142477570038 0.0010612835701043798 -0.00084315672768034823 -0.0076549923846808577 -0.0011277992996862193 0.017953832114444061 0.0012314670237627032
leaf_weight=43 40 48 68 55 5885 85 40 57 275 37 35 273 33 146
leaf_count=43 40 48 68 55 5885 85 40 57 275 37 35 273 33 146
internal_value=0 -0.000322714 0.00600215 0.0185938 -0.000549357 0.00284866 0.0113913 -0.000591187 0.000511441 -0.000700559 -0.00421397 -2.9331e-05 0.01456 -0.000657923
internal_weight=0 6992 241 128 6751 153 88 6708 605 6103 72 548 73 6031
internal_count=7120 6992 241 128 6751 153 88 6708 605 6103 72 548 73 6031
is_linear=0
shrinkage=0.03


Tree=60
num_leaves=15
num_cat=0
split_feature=34 8 34 140 49 54 130 60 226 343 342 20 169 171
split_gain=47.447 9.88104 2.54306 2.3599 2.31335 1.62816 1.34188 1.65933 0.742319 0.663533 1.1485 1.78519 1.08914 0.66304
threshold=0.091085299849510207 0.028957529924809936 0.040697678923606879 0.033073929138481624 0.0096899224445223826 0.12209306657314302 1.0000000180025095e-35 0.048449620604515083 0.0058365758741274485 0.005769230774603785 0.005769230774603785 0.0096899224445223826 0.036964979022741325 0.0058365758741274485
decision_type=2 2 2 2 2 2 2 2 2 2 2 2 2 2
left_child=1 4 5 -2 8 9 -4 -8 -1 12 -11 -12 -3 -13
right_child=3 2 6 -5 -6 -7 7 -9 -10 10 11 13 -14 -15
leaf_value=0.01351859327438179 0.014135127451170133 -0.00068445333968903646 -0.0021524337914306667 0.02289688785693475 0.0021575522439999748 0.0060759350301867179 0.0022033556661196054 0.0090714471986473987 0.0076310183919292502 -0.00035037916843101729 0.008017041500514516 0.0018816647690795265 -0.0048176919625558213 -0.0031601787758089839
leaf_weight=42 73 5631 39 55 45 32 124 42 46 770 38 96 57 30
leaf_count=42 73 5631 39 55 45 32 124 42 46 770 38 96 57 30
internal_value=0 -0.000312896 -0.00047045 0.0180483 0.00775526 -0.000572003 0.00281259 0.00398498 0.0105613 -0.000605041 0.000135913 0.0024074 -0.000726712 0.000665795
internal_weight=0 6992 6859 128 133 6654 205 166 88 6622 934 164 5688 126
internal_count=7120 6992 6859 128 133 6654 205 166 88 6622 934 164 5688 126
is_linear=0
shrinkage=0.03


Tree=61
num_leaves=15
num_cat=0
split_feature=34 2 31 64 215 18 73 48 79 121 14 3 169 284
split_gain=44.6852 9.91007 3.60977 2.20732 1.7129 1.8846 1.08799 1.22388 1.00696 0.958924 0.592237 2.48277 1.25604 0.568308
threshold=0.091085299849510207 0.36730813980102545 0.0096899224445223826 0.029069767333567146 0.013618676923215391 0.094594579190015807 0.0096899224445223826 0.0058139534667134294 0.12209306657314302 1.0000000180025095e-35 0.025096525438129905 0.2750000953674317 0.056420233100652702 0.021400777623057369
decision_type=2 2 2 2 2 2 2 2 2 2 2 2 2 2
left_child=1 4 6 -2 8 -6 7 -3 10 -4 11 -1 13 -12
right_child=3 2 9 -5 5 -7 -8 -9 -10 -11 12 -13 -14 -15
leaf_value=-0.0098722809351109442 0.013494093612900802 0.0080968846910677503 0.0059824387824961118 0.02191504681110382 -0.00084541656249653425 0.0096763023409631929 0.0041224550790502686 0.015592101419513874 0.0028946653137914835 5.0307032231571664e-05 -0.00054083572869433516 -0.0010352266182899401 0.0050592994141819272 -0.0046142506829252644
leaf_weight=30 69 62 34 59 30 30 31 32 74 82 6145 377 35 30
leaf_count=30 69 62 34 59 30 30 31 32 74 82 6145 377 35 30
internal_value=0 -0.00030334 0.00566166 0.0175154 -0.000517089 0.00448783 0.00917906 0.0107857 -0.000562633 0.00182531 -0.000601729 -0.00170921 -0.000528882 -0.00056137
internal_weight=0 6992 241 128 6751 60 125 94 6691 116 6617 407 6210 6175
internal_count=7120 6992 241 128 6751 60 125 94 6691 116 6617 407 6210 6175
is_linear=0
shrinkage=0.03


Tree=62
num_leaves=15
num_cat=0
split_feature=9 98 220 76 79 92 9 123 9 2 41 290 288 1
split_gain=42.1126 6.7064 6.7387 5.71489 1.76058 0.716821 0.63974 0.622513 1.64872 0.9271 0.626405 0.62025 0.568114 0.802275
threshold=0.0057915056822821507 0.021400777623057369 0.11089494079351427 0.040697678923606879 0.12209306657314302 1.0000000180025095e-35 0.17181472480297091 0.0058365758741274485 0.156370684504509 0.29807710647583013 0.067829474806785597 0.0097276263404637592 0.0058365758741274485 0.07115384936332704
decision_type=2 2 2 2 2 2 2 2 2 2 2 2 2 2
left_child=3 2 4 12 6 -6 7 10 9 -9 -2 -5 13 -1
right_child=1 -3 -4 11 5 -7 -8 8 -10 -11 -12 -13 -14 -15
leaf_value=0.011193403846794557 -0.00075487325367523802 0.012736241084390452 0.013305938179255463 0.016995352433652296 0.0012503980003183389 0.0057529774692137627 -0.0048636862252568521 -0.00053034741705510152 0.0061604671504270903 0.00091742369072850532 -0.0039823645099584769 0.023954240882938557 0.01235179520957172 0.0045556297464432512
leaf_weight=30 3647 34 31 48 93 48 30 2486 35 473 54 32 39 40
leaf_count=30 3647 34 31 48 93 48 30 2486 35 473 54 32 39 40
internal_value=0 -0.0003628 -0.000429211 0.0139532 -0.000493154 0.00281291 -0.000562878 -0.000542883 -0.000221148 -0.000298688 -0.000803027 0.0200403 0.00934407 0.00751798
internal_weight=0 6931 6897 189 6866 141 6725 6695 2994 2959 3701 80 109 70
internal_count=7120 6931 6897 189 6866 141 6725 6695 2994 2959 3701 80 109 70
is_linear=0
shrinkage=0.03


Tree=63
num_leaves=15
num_cat=0
split_feature=34 66 72 142 140 12 142 226 9 29 14 9 37 95
split_gain=39.7169 8.04924 4.14752 2.09128 2.08051 1.57013 0.746658 0.666612 0.598524 0.639677 1.23335 2.26653 2.06457 0.706752
threshold=0.091085299849510207 0.0755814164876938 1.0000000180025095e-35 0.036964979022741325 0.033073929138481624 0.12934361398220065 0.025291828438639644 0.0058365758741274485 0.17181472480297091 0.017441860400140289 0.025096525438129905 0.16023169457912448 0.029069767333567146 0.013618676923215391
decision_type=2 2 2 2 2 2 2 2 2 2 2 2 2 2
left_child=1 3 7 8 -2 6 -4 -3 9 -1 12 13 -11 -12
right_child=4 2 5 -5 -6 -7 -8 -9 -10 10 11 -13 -14 -15
leaf_value=-0.00082489354707189488 0.01285463761135533 0.012925344737636487 0.00076687750880524274 0.0057884847519404075 0.021053977510226626 0.0081708686122343548 0.0053638385726433053 0.0068273704534615662 -0.0047224823710688901 -0.00022480992639819825 -0.00017523227737785988 0.0070544865863540994 -0.0098128643952804847 -0.0045253814982852952
leaf_weight=3444 73 42 198 46 55 36 37 33 30 55 2969 38 31 33
leaf_count=3444 73 42 198 46 55 36 37 33 30 55 2969 38 31 33
internal_value=0 -0.000285314 0.0041691 -0.000517809 0.0165137 0.0024219 0.00151032 0.0103674 -0.000562632 -0.000542921 -0.000232101 -0.000131265 -0.00375403 -0.000224543
internal_weight=0 6992 346 6646 128 271 235 75 6600 6570 3126 3040 86 3002
internal_count=7120 6992 346 6646 128 271 235 75 6600 6570 3126 3040 86 3002
is_linear=0
shrinkage=0.03


Tree=64
num_leaves=15
num_cat=0
split_feature=34 2 39 64 5 81 10 271 56 169 294 22 329 294
split_gain=37.4053 8.35964 3.50052 1.94277 1.65653 1.03648 1.00329 0.727323 1.58333 0.879222 0.834115 0.64551 0.62022 0.551311
threshold=0.091085299849510207 0.36730813980102545 1.0000000180025095e-35 0.029069767333567146 0.017374516930431131 1.0000000180025095e-35 0.0057915056822821507 0.017509727273136381 0.0058139534667134294 0.036964979022741325 0.0058365758741274485 0.0058139534667134294 0.0097276263404637592 0.017509727273136381
decision_type=2 2 2 2 2 2 2 2 2 2 2 2 2 2
left_child=1 4 5 -2 -1 -3 -4 9 -9 13 -11 -8 -10 -6
right_child=3 2 6 -5 7 -7 11 8 12 10 -12 -13 -14 -15
leaf_value=0.0053295107365490613 0.012268474363854953 0.0073739689784282341 0.0068995186431067322 0.02014303335547447 -0.00061482464493140584 0.014494874524853884 0.0047570602846099064 0.0051941503729301917 0.00024442567205720849 -0.0069607969900397091 -0.00052553174784407018 -0.00021630323991006804 -0.0038826092407107352 0.0012458018045109216
leaf_weight=43 69 58 34 59 5885 30 31 57 514 37 35 88 34 146
leaf_count=43 69 58 34 59 5885 30 31 57 514 37 35 88 34 146
internal_value=0 -0.00027664 0.00520191 0.0160262 -0.000472957 0.00993714 0.00243155 -0.000510941 0.000480608 -0.000609298 -0.00388259 0.00110812 -1.8237e-05 -0.000569583
internal_weight=0 6992 241 128 6751 88 153 6708 605 6103 72 119 548 6031
internal_count=7120 6992 241 128 6751 88 153 6708 605 6103 72 119 548 6031
is_linear=0
shrinkage=0.03


Tree=65
num_leaves=15
num_cat=0
split_feature=9 220 142 76 18 177 83 290 132 18 15 9 41 257
split_gain=35.3464 5.78409 5.64121 4.88077 1.6626 0.924164 1.09145 0.585041 0.573025 0.582002 0.665092 0.549072 0.723152 0.544173
threshold=0.0057915056822821507 0.11089494079351427 0.044747080653905875 0.040697678923606879 0.15250967442989352 1.0000000180025095e-35 0.0096899224445223826 0.0097276263404637592 0.0058365758741274485 0.10231658443808557 0.036679536104202277 0.17181472480297091 0.079457387328147902 1.0000000180025095e-35
decision_type=2 2 2 2 2 2 2 2 2 2 2 2 2 2
left_child=3 2 4 -1 8 6 13 -5 11 10 -10 12 -2 -6
right_child=1 -3 -4 7 5 -7 -8 -9 9 -11 -12 -13 -14 -15
leaf_value=0.0085264496252533389 -0.00044227375760729951 0.012393691290635615 0.012378534966358734 0.015524109398223915 0.0037054188184750575 0.00027470466514517154 0.00025869575472613578 0.022132881595329803 -0.005329500262460281 -0.0038169536617504874 -0.00082323833387264731 -0.0044204836293694474 0.0038834209230595401 0.0093015257961815215
leaf_weight=109 5846 31 30 48 35 125 42 32 30 75 622 30 34 31
leaf_count=109 5846 31 30 48 35 125 42 32 30 75 622 30 34 31
internal_value=0 -0.000331529 -0.000390488 0.0127841 -0.000448041 0.00203752 0.00405659 0.0184082 -0.000535594 -0.00132992 -0.00103843 -0.000437674 -0.000416605 0.00643349
internal_weight=0 6931 6900 189 6870 233 108 80 6637 727 652 5910 5880 66
internal_count=7120 6931 6900 189 6870 233 108 80 6637 727 652 5910 5880 66
is_linear=0
shrinkage=0.03


Tree=66
num_leaves=15
num_cat=0
split_feature=9 220 142 308 18 1 309 270 290 59 6 9 115 270
split_gain=33.2949 5.45239 5.31804 4.64351 1.56658 1.06927 0.760749 0.893462 0.645853 0.621967 0.542785 1.06703 0.577691 0.744981
threshold=0.0057915056822821507 0.11089494079351427 0.044747080653905875 0.017509727273136381 0.15250967442989352 0.17115385085344317 1.0000000180025095e-35 0.036964979022741325 0.0097276263404637592 0.013565891422331335 0.067567560821771636 0.16409270465373996 0.0058365758741274485 0.0058365758741274485
decision_type=2 2 2 2 2 2 2 2 2 2 2 2 2 2
left_child=3 2 4 6 10 9 7 -1 -5 -6 11 -2 -12 -14
right_child=1 -3 -4 8 5 -7 -8 -9 -10 -11 12 -13 13 -15
leaf_value=0.0054548477504642737 -0.00092150091078768584 0.012033499791577924 0.012019158211807088 0.014905962372819583 0.0016447396962903441 -0.0010212139911773437 0.0039157165470533068 0.012477941453795542 0.021489016007293353 0.0054225924853623531 -0.00047565168689222664 0.0045091593604196199 -0.00054446072311850982 0.0013186701022095803
leaf_weight=30 2603 31 30 53 89 73 31 43 32 71 3229 32 366 407
leaf_count=30 2603 31 30 53 89 73 31 43 32 71 3229 32 366 407
internal_value=0 -0.000321464 -0.000378708 0.0124079 -0.000434588 0.00197813 0.00803269 0.00970446 0.0176053 0.00334443 -0.000519575 -0.000853864 -0.000299314 0.000436951
internal_weight=0 6931 6900 189 6870 233 104 73 85 160 6637 2635 4002 773
internal_count=7120 6931 6900 189 6870 233 104 73 85 160 6637 2635 4002 773
is_linear=0
shrinkage=0.03


Tree=67
num_leaves=15
num_cat=0
split_feature=9 220 142 76 18 1 309 270 92 315 132 1 18 284
split_gain=31.3731 5.13969 5.01334 4.34354 1.47492 1.0069 0.791224 0.829613 0.586092 0.62004 0.534029 0.969981 0.663292 0.539244
threshold=0.0057915056822821507 0.11089494079351427 0.044747080653905875 0.040697678923606879 0.15250967442989352 0.17115385085344317 1.0000000180025095e-35 0.036964979022741325 1.0000000180025095e-35 0.0058365758741274485 0.0058365758741274485 0.32115411758422857 0.10231658443808557 0.021400777623057369
decision_type=2 2 2 2 2 2 2 2 2 2 2 2 2 2
left_child=3 2 4 6 10 8 7 -1 9 -6 13 12 -12 -2
right_child=1 -3 -4 -5 5 -7 -8 -9 -10 -11 11 -13 -14 -15
leaf_value=0.0058478042923712295 -0.00038856977750849759 0.011683776176578248 0.011670214896120371 0.017350248512294556 -0.00010053458946077302 -0.0009909915893552574 0.0038019159383838996 0.012373557552695274 0.005509721340744623 0.0047797988371702993 -0.00070931195897562841 -0.0063809272443177177 -0.0036808943095629249 -0.0043563672592262584
leaf_weight=34 5880 31 30 80 61 73 31 44 62 37 621 31 75 30
leaf_count=34 5880 31 30 80 61 73 31 44 62 37 621 31 75 30
internal_value=0 -0.000311673 -0.000367251 0.0120448 -0.000421507 0.00191957 0.00802859 0.00963903 0.00324541 0.00177171 -0.00050397 -0.00127078 -0.00103435 -0.000409444
internal_weight=0 6931 6900 189 6870 233 109 78 160 98 6637 727 696 5910
internal_count=7120 6931 6900 189 6870 233 109 78 160 98 6637 727 696 5910
is_linear=0
shrinkage=0.03


Tree=68
num_leaves=15
num_cat=0
split_feature=34 8 12 10 34 49 271 15 15 310 226 120 278 343
split_gain=29.5784 6.04166 1.98418 2.2829 1.67231 1.57287 1.0765 0.814204 0.718861 0.574872 0.565367 0.502782 0.553494 0.483339
threshold=0.091085299849510207 0.028957529924809936 0.10231658443808557 0.0057915056822821507 0.13372097909450534 0.0096899224445223826 0.0097276263404637592 0.063706556335091605 0.17567573487758639 0.013618676923215391 0.0058365758741274485 0.0097276263404637592 0.0097276263404637592 0.005769230774603785
decision_type=2 2 2 2 2 2 2 2 2 2 2 2 2 2
left_child=1 5 8 -4 7 10 -5 -2 11 -8 -1 12 13 -3
right_child=4 2 3 6 -6 -7 9 -9 -10 -11 -12 -13 -14 -15
leaf_value=0.010933756634679643 0.0077716402844949205 -0.00070433273415657007 0.0090720613842437924 -0.00044435365136292679 0.020617572703669148 0.0014571328698050068 0.0013785003448720089 0.014073597192764282 0.002582336854288967 0.0072114218383672593 0.0058593456996010335 2.6890722272377763e-05 -0.003074449405227447 0.00014345533123170788
leaf_weight=42 32 4455 37 137 30 45 31 66 68 30 46 1320 81 700
leaf_count=42 32 4455 37 137 30 45 31 66 68 30 46 1320 81 700
internal_value=0 -0.000244915 -0.000368114 0.0023351 0.0142522 0.00606395 0.00103691 0.0121151 -0.000464354 0.00431719 0.00837686 -0.000496344 -0.000628232 -0.000589206
internal_weight=0 6992 6859 235 128 133 198 98 6624 61 88 6556 5236 5155
internal_count=7120 6992 6859 235 128 133 198 98 6624 61 88 6556 5236 5155
is_linear=0
shrinkage=0.03


Tree=69
num_leaves=15
num_cat=0
split_feature=34 2 39 5 58 34 254 271 56 169 144 329 294 249
split_gain=27.8935 6.75032 2.52736 1.52099 1.20259 1.17084 0.71654 0.597596 1.37636 0.838196 0.845928 0.567851 0.496202 0.495923
threshold=0.094961270689964308 0.36730813980102545 1.0000000180025095e-35 0.017374516930431131 1.0000000180025095e-35 0.13372097909450534 1.0000000180025095e-35 0.017509727273136381 0.0058139534667134294 0.036964979022741325 1.0000000180025095e-35 0.0097276263404637592 0.017509727273136381 0.013618676923215391
decision_type=2 2 2 2 2 2 2 2 2 2 2 2 2 2
left_child=1 3 6 -1 -4 -2 -3 9 -9 12 -11 -10 13 -5
right_child=5 2 4 7 -6 -7 -8 8 11 10 -12 -13 -14 -15
leaf_value=0.005033320413305141 0.012550065449932042 0.0059761491715337846 0.0049790938319293435 -0.00061096110829677317 -0.00012780077158484261 0.020018998163361702 0.011651582391705455 0.0048526400467380883 0.00024415040558946625 -0.00052554147170954624 -0.0070004244193357101 -0.0037048053720167705 0.0012309624969855909 0.00045213638800497636
leaf_weight=45 84 48 80 5460 85 30 40 57 514 37 35 34 146 425
leaf_count=45 84 48 80 5460 85 30 40 57 514 37 35 34 146 425
internal_value=0 -0.000223058 0.0045782 -0.000403587 0.00236335 0.0146726 0.00865782 -0.000440805 0.000457958 -0.000529961 -0.00372583 -7.1598e-06 -0.000491196 -0.000534123
internal_weight=0 7006 253 6753 165 114 88 6708 605 6103 72 548 6031 5885
internal_count=7120 7006 253 6753 165 114 88 6708 605 6103 72 548 6031 5885
is_linear=0
shrinkage=0.03


Tree=70
num_leaves=15
num_cat=0
split_feature=142 8 290 6 18 45 263 155 294 41 210 270 8 52
split_gain=26.3352 5.28514 3.98952 2.11526 1.12457 0.921327 0.868545 0.734834 0.518052 1.11642 1.02223 0.638936 0.515857 0.467232
threshold=0.0408560298383236 0.021235520951449875 1.0000000180025095e-35 0.16023169457912448 0.14092664420604709 1.0000000180025095e-35 0.0097276263404637592 1.0000000180025095e-35 0.0058365758741274485 0.085271343588829054 0.013618676923215391 0.013618676923215391 0.0096525095868855732 0.032945737242698676
decision_type=2 2 2 2 2 2 2 2 2 2 2 2 2 2
left_child=1 12 -2 4 8 7 -4 -6 9 13 11 -10 -1 -3
right_child=2 3 6 -5 5 -7 -8 -9 10 -11 -12 -13 -14 -15
leaf_value=0.0083959244356536476 0.0042482180554578274 -0.00061513308307691614 0.01237368986111235 0.0071024967275340762 0.0043006907905372878 -0.0010295664522994268 0.018305267782314963 0.00057283914157034649 -0.00037027552557794845 -0.0062017379481006749 0.004656683121306392 0.0013304678070481814 0.0036967336619272827 -0.0032636079068112446
leaf_weight=60 46 3700 73 33 105 91 45 87 2499 32 38 215 36 60
leaf_count=60 46 3700 73 33 105 91 45 87 2499 32 38 215 36 60
internal_value=0 -0.000263772 0.0118628 -0.000362046 -0.000399162 0.00144917 0.0147705 0.00262323 -0.000479304 -0.000706656 -0.000165891 -0.000235104 0.00669001 -0.000658252
internal_weight=0 6956 164 6860 6827 283 118 192 6544 3792 2752 2714 96 3760
internal_count=7120 6956 164 6860 6827 283 118 192 6544 3792 2752 2714 96 3760
is_linear=0
shrinkage=0.03


Tree=71
num_leaves=15
num_cat=0
split_feature=142 8 322 54 18 45 155 263 177 294 210 354 16 221
split_gain=24.8053 4.97819 4.48939 2.09468 1.05765 0.867411 0.691796 0.686893 0.562962 0.484833 0.963268 0.618316 0.574174 1.40213
threshold=0.0408560298383236 0.021235520951449875 1.0000000180025095e-35 0.12596903741359713 0.14092664420604709 1.0000000180025095e-35 1.0000000180025095e-35 0.0097276263404637592 1.0000000180025095e-35 0.0058365758741274485 0.013618676923215391 0.50576925277709972 0.059845551848411567 0.0058365758741274485
decision_type=2 2 2 2 2 2 2 2 2 2 2 2 2 2
left_child=1 8 -2 4 9 6 -6 -4 -1 12 11 -11 -3 -14
right_child=2 3 7 -5 5 -7 -8 -9 -10 10 -12 -13 13 -15
leaf_value=0.0082293476972113092 0.0033466029003181535 -0.00052021009539505666 0.012378861910104752 0.0074297988654037795 0.0041728872621518706 -0.00099901516230285932 0.00055584927247599063 0.017768048449702884 0.0033223844319581987 -0.00064071200358351997 0.0045205646337798007 0.00026848837971866151 -0.00095684277922375113 -0.0051482965288885746
leaf_weight=61 45 3173 74 30 105 91 87 45 35 1482 38 1232 540 82
leaf_count=61 45 3173 74 30 105 91 87 45 35 1482 38 1232 540 82
internal_value=0 -0.000255779 0.0115133 -0.000351156 -0.000386415 0.0014061 0.00254529 0.0145479 0.00649305 -0.000464101 -0.000160853 -0.00022804 -0.000683906 -0.00151679
internal_weight=0 6956 164 6860 6830 283 192 119 96 6547 2752 2714 3795 622
internal_count=7120 6956 164 6860 6830 283 192 119 96 6547 2752 2714 3795 622
is_linear=0
shrinkage=0.03


Tree=72
num_leaves=15
num_cat=0
split_feature=34 8 12 10 49 34 271 4 15 134 294 284 54 6
split_gain=23.4754 5.272 1.71755 2.02871 1.40934 1.06021 0.954299 1.1427 0.611196 0.579277 0.460618 0.439433 0.481266 0.457398
threshold=0.094961270689964308 0.028957529924809936 0.10231658443808557 0.0057915056822821507 0.0096899224445223826 0.13372097909450534 0.0097276263404637592 0.032818533480167396 0.17567573487758639 0.0058365758741274485 0.017509727273136381 0.021400777623057369 0.025193798355758194 0.10617758706212045
decision_type=2 2 2 2 2 2 2 2 2 2 2 2 2 2
left_child=1 4 8 -4 9 -2 -5 -8 10 -1 11 12 13 -3
right_child=5 2 3 6 -6 -7 7 -9 -10 -11 -12 -13 -14 -15
leaf_value=0.0044983310211525367 0.011456968844293014 -0.00067105249278790326 0.0083272801078855974 -0.0004175276575530991 0.0011855313288675542 0.018521978201404693 -9.0494339347060304e-05 0.0079883088418864646 0.0023970035085664637 0.0095636238339196506 0.0011236951110450634 -0.0040461798916916333 -4.5150553375630834e-05 0.0014017119355219396
leaf_weight=36 84 4490 39 143 45 30 31 31 68 57 164 30 1775 97
leaf_count=36 84 4490 39 143 45 30 31 31 68 57 164 30 1775 97
internal_value=0 -0.000204051 -0.000321073 0.0021457 0.00558031 0.0134611 0.000934981 0.00401159 -0.000412248 0.00767158 -0.000441747 -0.000482082 -0.000464642 -0.000626924
internal_weight=0 7006 6868 244 138 114 205 62 6624 93 6556 6392 6362 4587
internal_count=7120 7006 6868 244 138 114 205 62 6624 93 6556 6392 6362 4587
is_linear=0
shrinkage=0.03


Tree=73
num_leaves=15
num_cat=0
split_feature=34 2 39 5 34 58 309 254 80 169 65 66 153 329
split_gain=22.1136 5.33387 2.38211 1.2408 1.00214 0.993569 0.870344 0.763434 0.493975 0.864496 0.593022 1.14893 0.501698 0.400879
threshold=0.094961270689964308 0.36346197128295904 1.0000000180025095e-35 0.017374516930431131 0.13372097909450534 1.0000000180025095e-35 1.0000000180025095e-35 1.0000000180025095e-35 0.013565891422331335 0.033073929138481624 1.0000000180025095e-35 0.017441860400140289 1.0000000180025095e-35 0.0058365758741274485
decision_type=2 2 2 2 2 2 2 2 2 2 2 2 2 2
left_child=1 3 7 -1 -2 6 -4 -3 10 -10 11 -5 -12 -14
right_child=4 2 5 8 -6 -7 -8 -9 9 -11 12 -13 13 -15
leaf_value=0.0045471718188618187 0.011117303433335002 0.0051817733518855309 0.0064769258576312227 -0.00056136463866111072 0.017984243054543773 -0.00018112683046638266 0.00013988284754656976 0.010937499907907164 -0.00070185875231629159 -0.00500447400282462 0.00025191058366347215 0.0059941965184962098 -0.00024974976701475619 -0.00095477641662163471
leaf_weight=45 84 48 55 60 30 95 30 41 1928 42 1186 39 2396 1041
leaf_count=45 84 48 55 60 30 95 30 41 1928 42 1186 39 2396 1041
internal_value=0 -0.000197796 0.00393681 -0.000363445 0.0130651 0.0019318 0.00426796 0.00792535 -0.000397141 -0.000796082 -0.000230571 0.00205525 -0.000279954 -0.000463504
internal_weight=0 7006 269 6737 114 180 85 89 6692 1970 4722 99 4623 3437
internal_count=7120 7006 269 6737 114 180 85 89 6692 1970 4722 99 4623 3437
is_linear=0
shrinkage=0.03


Tree=74
num_leaves=15
num_cat=0
split_feature=9 220 98 140 18 309 32 177 19 9 2 41 40 120
split_gain=20.8261 3.97648 3.5436 3.02543 0.969255 0.881524 0.98834 0.710033 1.1174 0.47168 0.478398 2.58737 2.13152 0.444479
threshold=0.0057915056822821507 0.11089494079351427 0.021400777623057369 0.033073929138481624 0.15250967442989352 1.0000000180025095e-35 0.0096899224445223826 1.0000000180025095e-35 0.028957529924809936 0.17181472480297091 0.15576923638582232 0.079457387328147902 0.029069767333567146 0.0097276263404637592
decision_type=2 2 2 2 2 2 2 2 2 2 2 2 2 2
left_child=3 2 4 5 9 6 -1 8 -6 10 12 13 -2 -12
right_child=1 -3 -4 -5 7 -7 -8 -9 -10 -11 11 -13 -14 -15
leaf_value=0.0039430620460188942 -0.0006066546515314464 0.010298586019780486 0.0092203128778242643 0.015580904253854833 0.0063832184100627064 0.0026889303809730335 0.010548356548804316 4.7353501005480729e-06 0.00030224902255992803 -0.0041093081423652271 -0.00052498381571020741 0.0071627584558616323 -0.0089220361215120638 0.00010055928685754466
leaf_weight=31 210 31 34 57 53 31 70 125 55 30 5040 40 31 1282
leaf_count=31 210 31 34 57 53 31 70 125 55 30 5040 40 31 1282
internal_value=0 -0.000252477 -0.000301365 0.009815 -0.000349852 0.00722674 0.00857952 0.00154793 0.00331761 -0.00041674 -0.000399343 -0.000349482 -0.00170872 -0.000398138
internal_weight=0 6931 6900 189 6866 132 101 233 108 6633 6603 6362 241 6322
internal_count=7120 6931 6900 189 6866 132 101 233 108 6633 6603 6362 241 6322
is_linear=0
shrinkage=0.03


Tree=75
num_leaves=15
num_cat=0
split_feature=34 66 72 140 118 55 109 343 80 1 30 43 138 74
split_gain=19.6705 4.09811 2.13112 1.25512 1.0614 1.0094 0.571159 0.530353 0.46029 1.01638 2.08023 0.553711 1.35004 0.463914
threshold=0.091085299849510207 0.0755814164876938 1.0000000180025095e-35 0.033073929138481624 0.091439686715602889 0.056201562285423286 1.0000000180025095e-35 0.059615384787321098 0.013565891422331335 0.32500028610229498 0.0096899224445223826 0.025193798355758194 0.0058365758741274485 0.0096899224445223826
decision_type=2 2 2 2 2 2 2 2 2 2 2 2 2 2
left_child=1 5 7 -2 6 8 -4 -3 11 13 -11 12 -1 -10
right_child=3 2 4 -5 -6 -7 -8 -9 9 10 -12 -13 -14 -15
leaf_value=2.1020808257467271e-05 0.008822384389067019 0.0049278553370718974 0.0016481930765990965 0.015118627710533995 0.0065284041672324135 0.0036468807013131611 -0.0022858444210141896 0.010205278490270888 -0.00071019220949755104 -0.0088832798599032693 0.0011033674560409659 -0.00054765194911558584 0.0063261216912313453 0.0027777114070153663
leaf_weight=2172 73 41 197 55 35 55 39 34 1862 39 35 2419 30 34
leaf_count=2172 73 41 197 55 35 55 39 34 1862 39 35 2419 30 34
internal_value=0 -0.000198298 0.00298007 0.011624 0.00172769 -0.000364192 0.000991175 0.00742309 -0.000398211 -0.000782079 -0.00420813 -0.000234429 0.000109754 -0.000646214
internal_weight=0 6992 346 128 271 6646 236 75 6591 1970 74 4621 2202 1896
internal_count=7120 6992 346 128 271 6646 236 75 6591 1970 74 4621 2202 1896
is_linear=0
shrinkage=0.03


Tree=76
num_leaves=15
num_cat=0
split_feature=34 2 32 110 125 5 290 2 19 115 224 270 343 2
split_gain=18.5647 4.4531 1.72523 1.83373 1.10089 1.0937 0.953167 0.726401 0.457988 0.559467 0.79758 0.68123 0.552261 0.45984
threshold=0.094961270689964308 0.36346197128295904 1.0000000180025095e-35 0.0058365758741274485 0.0058365758741274485 0.017374516930431131 0.0097276263404637592 0.41346216201782232 0.055984549224376685 0.0058365758741274485 1.0000000180025095e-35 0.013618676923215391 0.082692310214042677 0.15576923638582232
decision_type=2 2 2 2 2 2 2 2 2 2 2 2 2 2
left_child=1 5 -3 4 7 -1 -2 -4 12 13 -11 -12 -7 -10
right_child=6 2 3 -5 -6 8 -8 -9 9 10 11 -13 -14 -15
leaf_value=0.0042783304475217492 0.0098589442755225333 -0.00073873753148291144 0.0024474251338537653 -0.00074398159839412462 0.011388362185098231 -9.9686313600596833e-05 0.016158347861790979 0.0069665342909642136 -0.0025947284730801204 -0.0008118460922215613 0.00046202425493459444 0.004377459788906149 0.0037493465599768303 -0.00070450102114123227
leaf_weight=45 78 63 57 41 31 2531 36 77 120 581 578 42 33 2807
leaf_count=45 78 63 57 41 31 2531 36 77 120 581 578 42 33 2807
internal_value=0 -0.000180653 0.00359719 0.00492039 0.0063239 -0.000332009 0.0119714 0.0050766 -0.000363646 -0.000559204 -1.39364e-05 0.000733885 -4.87049e-05 -0.000782856
internal_weight=0 7006 269 206 165 6737 114 134 6692 4128 1201 620 2564 2927
internal_count=7120 7006 269 206 165 6737 114 134 6692 4128 1201 620 2564 2927
is_linear=0
shrinkage=0.03


Tree=77
num_leaves=15
num_cat=0
split_feature=34 2 209 10 215 18 290 270 15 9 126 105 270 187
split_gain=17.4873 4.1997 1.90475 2.17098 0.972185 1.17334 0.899865 0.489293 0.465883 0.441283 0.450105 1.08276 0.60074 0.452553
threshold=0.094961270689964308 0.35961580276489263 1.0000000180025095e-35 0.0057915056822821507 0.013618676923215391 0.1177605949342251 0.0097276263404637592 0.036964979022741325 0.17567573487758639 0.17181472480297091 0.0058365758741274485 0.017509727273136381 0.0097276263404637592 1.0000000180025095e-35
decision_type=2 2 2 2 2 2 2 2 2 2 2 2 2 2
left_child=1 4 3 7 8 -6 -2 -3 9 10 -1 12 -12 -14
right_child=6 2 -4 -5 5 -7 -8 -9 -10 -11 11 -13 13 -15
leaf_value=-0.00057713702129922034 0.0095669198036783289 0.0035986735485494135 0.0094526819258462635 0.00022557257912254338 -0.00062871177511459036 0.0075425208882699086 0.015686698933761265 0.008103875855307037 0.0026802263682087261 -0.0039546155246658124 -0.00041240508016436844 0.0054119635427923637 0.001191357598892388 -0.00030812955183238472
leaf_weight=3820 78 44 39 157 32 30 36 48 44 30 1981 31 446 304
leaf_count=3820 78 44 39 157 32 30 36 48 44 30 1981 31 446 304
internal_value=0 -0.000175114 0.00336601 0.00237868 -0.0003274 0.00338207 0.0116191 0.00601108 -0.000362456 -0.000383106 -0.000366229 -7.44288e-05 -0.000138664 0.000583964
internal_weight=0 7006 288 249 6718 62 114 92 6656 6612 6582 2762 2731 750
internal_count=7120 7006 288 249 6718 62 114 92 6656 6612 6582 2762 2731 750
is_linear=0
shrinkage=0.03


Tree=78
num_leaves=15
num_cat=0
split_feature=9 220 98 140 309 18 1 320 221 294 210 9 1 3
split_gain=16.4773 3.31191 2.86492 2.50276 0.782329 0.76392 0.693414 0.646061 0.504066 0.43068 0.881256 0.644345 0.649686 1.05387
threshold=0.0057915056822821507 0.11089494079351427 0.021400777623057369 0.033073929138481624 1.0000000180025095e-35 0.15250967442989352 0.17115385085344317 0.048638131469488151 0.0058365758741274485 0.0058365758741274485 0.013618676923215391 0.16023169457912448 0.14423077553510669 0.30961561203002935
decision_type=2 2 2 2 2 2 2 2 2 2 2 2 2 2
left_child=3 2 5 4 7 9 8 -1 -7 11 -11 12 13 -2
right_child=1 -3 -4 -5 -6 6 -8 -9 -10 10 -12 -13 -14 -15
leaf_value=0.0094436230457557203 -0.0072248771600425237 0.0094053226828691543 0.008293046989611216 0.013972445215772964 0.0021238410520891191 0.0015256067821091193 -0.001040339960954215 0.0042502768735426504 0.0055012818886653369 -0.00015070203219403285 0.0043908281957444088 -0.0036622967512812462 -0.00042825819405075083 -0.0012647894010282398
leaf_weight=65 30 31 34 57 31 123 73 36 37 2747 38 59 3561 198
leaf_count=65 30 31 34 57 31 123 73 36 37 2747 38 59 3561 198
internal_value=0 -0.000223785 -0.000268403 0.00873107 0.00637972 -0.000312 0.00137282 0.00765235 0.00247344 -0.000371381 -8.71812e-05 -0.000576996 -0.000528 -0.00207714
internal_weight=0 6931 6900 189 132 6866 233 101 160 6633 2785 3848 3789 228
internal_count=7120 6931 6900 189 132 6866 233 101 160 6633 2785 3848 3789 228
is_linear=0
shrinkage=0.03


Tree=79
num_leaves=15
num_cat=0
split_feature=9 220 98 140 18 145 278 354 16 249 294 54 214 9
split_gain=15.52 3.12202 2.7002 2.35718 0.719457 0.658558 0.614713 0.736773 0.41265 0.410021 0.416744 0.3924 0.585543 0.479375
threshold=0.0057915056822821507 0.11089494079351427 0.021400777623057369 0.033073929138481624 0.15250967442989352 1.0000000180025095e-35 0.0058365758741274485 0.59038460254669201 0.052123546600341804 0.013618676923215391 0.017509727273136381 0.025193798355758194 0.017509727273136381 0.16409270465373996
decision_type=2 2 2 2 2 2 2 2 2 2 2 2 2 2
left_child=3 2 4 5 9 -1 7 8 -6 10 11 13 -13 -2
right_child=1 -3 -4 -5 6 -7 -8 -9 -10 -11 -12 12 -14 -15
leaf_value=0.004551026984318641 -0.00065470699800948475 0.0091319804236991327 0.0080513638577290932 0.013560498927495088 0.00013864267769937231 0.009097497691697579 -0.0020664261634228752 0.0059019773329297698 0.0034645930213446263 0.00049210175729875398 0.0010623088395593434 -1.1447634250113047e-05 -0.0039309555733010966 0.0025304601603014349
leaf_weight=86 4198 31 34 57 112 46 39 35 47 471 164 1724 34 42
leaf_count=86 4198 31 34 57 112 46 39 35 47 471 164 1724 34 42
internal_value=0 -0.000217005 -0.000260325 0.00847385 -0.000302651 0.00619189 0.0013324 0.00202276 0.00113729 -0.000360278 -0.0004255 -0.00046635 -8.94432e-05 -0.000622567
internal_weight=0 6931 6900 189 6866 132 233 194 159 6633 6162 5998 1758 4240
internal_count=7120 6931 6900 189 6866 132 233 194 159 6633 6162 5998 1758 4240
is_linear=0
shrinkage=0.03


Tree=80
num_leaves=15
num_cat=0
split_feature=34 2 95 240 290 215 1 34 254 61 9 343 56 207
split_gain=14.6914 3.49637 1.48394 0.924573 0.825773 0.808747 0.985915 0.633168 0.554188 0.615658 0.422482 0.482702 0.941105 1.73508
threshold=0.094961270689964308 0.35961580276489263 1.0000000180025095e-35 0.0058365758741274485 0.0097276263404637592 0.013618676923215391 0.22500000149011615 0.048449620604515083 1.0000000180025095e-35 0.013565891422331335 0.17181472480297091 0.005769230774603785 0.0058139534667134294 1.0000000180025095e-35
decision_type=2 2 2 2 2 2 2 2 2 2 2 2 2 2
left_child=1 5 3 8 -2 10 -7 -4 -3 -10 11 -1 13 -13
right_child=4 2 7 -5 -6 6 -8 -9 9 -11 -12 12 -14 -15
leaf_value=-0.00041721213934237187 0.0086999058446594908 0.00077295786701142794 -0.00074766894255554983 0.0085467547617230112 0.014527137845855307 0.006898200260625491 -0.00059164629360152919 0.004159659417928196 0.0071278254291974007 0.0016376728360773995 -0.0038253825195434113 0.0088273357594152915 4.1621184883674776e-05 -0.00048288021153504299
leaf_weight=5707 78 44 90 45 36 30 32 31 47 31 30 31 847 41
leaf_count=5707 78 44 90 45 36 30 32 31 47 31 30 31 847 41
internal_value=0 -0.000159937 0.00307109 0.00489568 0.0106504 -0.000298888 0.00308444 0.000533371 0.00349044 0.00499419 -0.000330862 -0.000314465 0.000323357 0.0035917
internal_weight=0 7006 288 167 114 6718 62 121 122 78 6656 6626 919 72
internal_count=7120 7006 288 167 114 6718 62 121 122 78 6656 6626 919 72
is_linear=0
shrinkage=0.03


Tree=81
num_leaves=15
num_cat=0
split_feature=34 2 209 10 5 34 270 2 141 169 120 221 284 12
split_gain=13.8388 3.29421 1.41581 1.67764 0.884399 0.787909 0.427156 0.415797 2.02973 1.43579 0.428772 0.526525 0.362414 0.384688
threshold=0.094961270689964308 0.36346197128295904 1.0000000180025095e-35 0.0057915056822821507 0.017374516930431131 0.13372097909450534 0.036964979022741325 0.15576923638582232 1.0000000180025095e-35 0.0408560298383236 0.0097276263404637592 0.013618676923215391 0.021400777623057369 0.067567560821771636
decision_type=2 2 2 2 2 2 2 2 2 2 2 2 2 2
left_child=1 4 3 6 -1 -2 -3 8 -6 10 11 12 13 -9
right_child=5 2 -4 -5 7 -7 -8 9 -10 -11 -12 -13 -14 -15
leaf_value=0.0038605929003160382 0.0086470509373089838 0.0031538552567362782 0.0088292435836046929 0.00022845583099867858 -0.0079006386454650631 0.014637104647774851 0.0073512831025243719 -0.00060648917734807664 -0.00034705101759684067 0.0049567300216988358 0.00018424355921609694 0.0016440685291955661 -0.0037081543330643924 -1.0910814135340186e-07
leaf_weight=45 84 44 33 144 37 30 48 3725 204 46 1283 107 30 1260
leaf_count=45 84 44 33 144 37 30 48 3725 204 46 1283 107 30 1260
internal_value=0 -0.000155002 0.00309428 0.00225849 -0.000285182 0.010337 0.00539932 -0.000313633 -0.00153459 -0.000267789 -0.000306079 -0.000428911 -0.000473459 -0.000453252
internal_weight=0 7006 269 236 6737 114 92 6692 241 6451 6405 5122 5015 4985
internal_count=7120 7006 269 236 6737 114 92 6692 241 6451 6405 5122 5015 4985
is_linear=0
shrinkage=0.03


Tree=82
num_leaves=15
num_cat=0
split_feature=34 2 81 12 3 290 18 47 41 2 169 278 315 319
split_gain=13.0363 3.11826 1.31195 0.947722 1.26231 0.768549 0.653729 0.526007 0.412083 1.93517 1.52657 0.471149 0.424861 0.400399
threshold=0.094961270689964308 0.38653898239135748 1.0000000180025095e-35 0.10231658443808557 0.22884615510702136 0.0097276263404637592 0.16409270465373996 1.0000000180025095e-35 0.025193798355758194 0.15576923638582232 0.0408560298383236 0.0058365758741274485 0.013618676923215391 0.0058365758741274485
decision_type=2 2 2 2 2 2 2 2 2 2 2 2 2 2
left_child=1 3 6 8 -5 -2 -3 -8 11 -10 -11 13 -13 -1
right_child=5 2 -4 4 -6 -7 7 -9 9 10 -12 12 -14 -15
leaf_value=-0.0002487379714837769 0.0081587881452425699 -0.001478601725010032 0.0081721653561883916 0.00032700468626912046 0.0057603000217767543 0.013763279591661851 0.0049976975857905703 0.00063248282298445702 -0.0079700883290934142 -0.0006543305336433944 0.0048111919317632276 -0.00072610544288922649 -0.0043317651045529804 0.00039723432910391865
leaf_weight=2415 78 32 44 141 52 36 66 40 31 2168 46 598 30 1343
leaf_count=2415 78 32 44 141 52 36 66 40 31 2168 46 598 30 1343
internal_value=0 -0.000150277 0.00371438 -0.000253878 0.00181304 0.0100329 0.00224449 0.00337175 -0.000314302 -0.000644773 -0.000538653 -0.00014504 -0.000904963 -1.7842e-05
internal_weight=0 7006 182 6824 193 114 138 106 6631 2245 2214 4386 628 3758
internal_count=7120 7006 182 6824 193 114 138 106 6631 2245 2214 4386 628 3758
is_linear=0
shrinkage=0.03


Tree=83
num_leaves=15
num_cat=0
split_feature=9 98 308 12 271 56 156 45 288 270 9 34 249 41
split_gain=12.2858 2.12919 1.89843 1.82998 0.593247 0.923243 1.33543 0.664502 0.511538 0.864362 0.452154 0.399034 0.370761 0.429668
threshold=0.0057915056822821507 0.021400777623057369 0.017509727273136381 0.16409270465373996 0.017509727273136381 0.0058139534667134294 1.0000000180025095e-35 1.0000000180025095e-35 0.0058365758741274485 0.0408560298383236 0.17181472480297091 0.13372097909450534 1.0000000180025095e-35 0.067829474806785597
decision_type=2 2 2 2 2 2 2 2 2 2 2 2 2 2
left_child=2 3 8 4 10 6 -6 -7 9 -1 12 -4 13 -2
right_child=1 -3 11 -5 5 7 -8 -9 -10 -11 -12 -13 -14 -15
leaf_value=-0.00018269515984381237 -0.00059819801946977126 0.0071883319975542164 0.0089950261610959262 0.0062503799575586941 0.0082097811683673749 0.0011033926234160056 -8.8712025202479887e-05 -0.00081638623427753877 0.0074457366624847048 0.0066912491223023781 -0.0039765618459111259 0.013877661954911967 -0.00017525107076605777 -0.0033358462806791066
leaf_weight=35 2036 34 55 38 32 342 37 307 39 30 30 30 4023 52
leaf_count=35 2036 34 55 38 32 342 37 307 39 30 30 30 4023 52
internal_value=0 -0.000192425 0.00754005 -0.000229846 -0.000266654 0.000548774 0.00382217 0.00019541 0.00474934 0.00304321 -0.000362067 0.0108596 -0.000343675 -0.000667941
internal_weight=0 6931 189 6897 6859 718 69 649 104 65 6141 85 6111 2088
internal_count=7120 6931 189 6897 6859 718 69 649 104 65 6141 85 6111 2088
is_linear=0
shrinkage=0.03


Tree=84
num_leaves=15
num_cat=0
split_feature=9 98 140 12 309 271 79 169 3 227 19 60 95 274
split_gain=11.5775 2.00677 1.85986 1.72445 0.691337 0.55868 0.889075 0.72341 0.750426 0.47905 0.455687 0.359026 0.479059 0.442839
threshold=0.0057915056822821507 0.021400777623057369 0.033073929138481624 0.16409270465373996 1.0000000180025095e-35 0.017509727273136381 0.029069767333567146 0.036964979022741325 0.24807692319154742 1.0000000180025095e-35 0.063706556335091605 0.013565891422331335 0.013618676923215391 0.0097276263404637592
decision_type=2 2 2 2 2 2 2 2 2 2 2 2 2 2
left_child=2 3 4 5 9 7 -7 11 -9 -1 -8 -2 13 -13
right_child=1 -3 -4 -5 -6 6 10 8 -10 -11 -12 12 -14 -15
leaf_value=0.0038444815010630655 -0.00060882326357032386 0.006978843407705426 0.011835030907180947 0.0060676765846661646 0.0013237510397266306 0.0055027627643017517 0.00077105866202129849 -0.00061709151004574127 -0.0067640420366660691 0.0082045342232726637 -0.00097556699013440543 -5.7773496739392043e-06 -0.0036273881355965774 -0.0012266917588652899
leaf_weight=41 2319 34 57 38 31 30 506 41 31 60 182 3427 34 289
leaf_count=41 2319 34 57 38 31 30 506 41 31 60 182 3427 34 289
internal_value=0 -0.000186592 0.00731967 -0.000222922 0.00529553 -0.000258653 0.000532662 -0.000351244 -0.0033201 0.00648966 0.00030827 -0.000315482 -0.000133965 -0.000101035
internal_weight=0 6931 189 6897 132 6859 718 6141 72 101 688 6069 3750 3716
internal_count=7120 6931 189 6897 132 6859 718 6141 72 101 688 6069 3750 3716
is_linear=0
shrinkage=0.03


Tree=85
num_leaves=15
num_cat=0
split_feature=34 2 209 76 290 215 5 41 2 147 43 38 223 15
split_gain=10.9063 2.66487 1.51617 1.2784 0.702368 0.624933 0.815085 0.368636 1.79792 1.33839 3.29286 0.438664 0.362991 0.35546
threshold=0.094961270689964308 0.35961580276489263 1.0000000180025095e-35 0.0058139534667134294 0.0097276263404637592 0.013618676923215391 0.048262543976306922 0.025193798355758194 0.15576923638582232 0.013618676923215391 0.029069767333567146 0.036821708083152778 0.013618676923215391 0.17567573487758639
decision_type=2 2 2 2 2 2 2 2 2 2 2 2 2 2
left_child=1 5 3 -3 -2 7 -7 11 -9 -10 -11 12 13 -1
right_child=4 2 -4 -5 -6 6 -8 8 9 10 -12 -13 -14 -15
leaf_value=-0.00029141283675775917 0.0073982796524474509 0.0057527862577454033 0.0081117165576433774 0.00063520949416116985 0.012727426415359651 0.0061836523827045195 -0.00062425213823602956 -0.0076580378811922853 -0.00062613026494035245 0.010087495657615363 -0.0029541447607501011 0.00072122757602697293 0.0027256376981244397 0.0023908393289893866
leaf_weight=3819 78 56 39 193 36 30 32 31 2170 34 34 488 36 44
leaf_count=3819 78 56 39 193 36 30 32 31 2170 34 34 488 36 44
internal_value=0 -0.00013702 0.00268377 0.00180456 0.00917721 -0.000258328 0.00271576 -0.000286435 -0.000596792 -0.000495606 0.00361837 -0.000125816 -0.00023199 -0.000260251
internal_weight=0 7006 288 249 114 6718 62 6656 2269 2238 68 4387 3899 3863
internal_count=7120 7006 288 249 114 6718 62 6656 2269 2238 68 4387 3899 3863
is_linear=0
shrinkage=0.03


Tree=86
num_leaves=15
num_cat=0
split_feature=9 220 98 140 309 32 79 92 9 29 2 41 92 95
split_gain=10.2956 2.34496 1.79273 1.68573 0.63959 0.675846 0.514704 0.417338 0.411114 0.41307 1.41537 3.83051 1.37617 0.443008
threshold=0.0057915056822821507 0.11089494079351427 0.021400777623057369 0.033073929138481624 1.0000000180025095e-35 0.0096899224445223826 0.12209306657314302 1.0000000180025095e-35 0.17181472480297091 0.017441860400140289 0.15576923638582232 0.067829474806785597 0.0058365758741274485 0.013618676923215391
decision_type=2 2 2 2 2 2 2 2 2 2 2 2 2 2
left_child=3 2 6 4 5 -1 8 -8 9 -2 12 13 -11 -12
right_child=1 -3 -4 -5 -6 -7 7 -9 -10 10 11 -13 -14 -15
leaf_value=0.0023368310837031457 -0.00049109024016152686 0.007926733682979829 0.0065592804531167661 0.011200717735136378 0.0011609849044180009 0.0077460299340457147 0.00035528379853221466 0.0037808173203042576 -0.0037325654557395366 -9.8355250323519985e-05 -2.996467741720306e-06 0.0096680387804234345 -0.0088327470283547874 -0.0033057882669507649
leaf_weight=31 3551 31 34 57 31 70 93 48 30 33 3008 36 31 36
leaf_count=31 3551 31 34 57 31 70 93 48 30 33 3008 36 31 36
internal_value=0 -0.000175675 -0.000213221 0.00690284 0.00497668 0.00612497 -0.000247708 0.00153984 -0.00028541 -0.000269408 -1.89523e-05 7.34784e-05 -0.00439988 -4.31299e-05
internal_weight=0 6931 6900 189 132 101 6866 141 6725 6695 3144 3080 64 3044
internal_count=7120 6931 6900 189 132 101 6866 141 6725 6695 3144 3080 64 3044
is_linear=0
shrinkage=0.03


Tree=87
num_leaves=15
num_cat=0
split_feature=9 220 98 140 309 79 320 92 9 123 169 169 258 354
split_gain=9.697 2.21052 1.68966 1.58781 0.602253 0.48478 0.439547 0.393194 0.387646 0.416355 1.29907 0.841909 0.556209 0.407403
threshold=0.0057915056822821507 0.11089494079351427 0.021400777623057369 0.033073929138481624 1.0000000180025095e-35 0.12209306657314302 0.048638131469488151 1.0000000180025095e-35 0.17181472480297091 0.0058365758741274485 0.02918287925422192 0.033073929138481624 0.0097276263404637592 0.50961539149284374
decision_type=2 2 2 2 2 2 2 2 2 2 2 2 2 2
left_child=3 2 5 4 6 8 -1 -7 9 11 12 -2 -11 -14
right_child=1 -3 -4 -5 -6 7 -8 -9 -10 10 -12 -13 13 -15
leaf_value=0.0074173444196243173 -0.0004260824580235563 0.0076963630778482178 0.0063681242477947051 0.010870489703394987 0.0011272437749721574 0.00034473868851374063 0.0031557316181715575 0.0036697075394343357 -0.0036242007222327013 -0.00030227318822315851 0.0054412120659477429 -0.0047496672890648788 -0.00037982758725751433 0.0011518581729255436
leaf_weight=65 3661 31 34 57 31 93 36 48 30 2242 38 40 230 484
leaf_count=65 3661 31 34 57 31 93 36 48 30 2242 38 40 230 484
internal_value=0 -0.000170354 -0.000206807 0.0066993 0.00482991 -0.000240288 0.00594418 0.00149451 -0.000276878 -0.00026134 1.70937e-06 -0.000474082 -7.0033e-05 0.000658617
internal_weight=0 6931 6900 189 132 6866 101 141 6725 6695 2994 3701 2956 714
internal_count=7120 6931 6900 189 132 6866 101 141 6725 6695 2994 3701 2956 714
is_linear=0
shrinkage=0.03


Tree=88
num_leaves=15
num_cat=0
split_feature=34 2 209 10 290 5 249 34 54 9 169 284 169 293
split_gain=9.14152 2.2469 1.3766 1.40207 0.643315 0.536657 0.392677 0.381891 0.355273 0.398822 0.821096 0.387346 0.296247 0.285283
threshold=0.094961270689964308 0.35961580276489263 1.0000000180025095e-35 0.0057915056822821507 0.0097276263404637592 0.017374516930431131 0.013618676923215391 0.021317829377949241 0.021317829377949241 0.16409270465373996 0.033073929138481624 0.021400777623057369 0.0097276263404637592 1.0000000180025095e-35
decision_type=2 2 2 2 2 2 2 2 2 2 2 2 2 2
left_child=1 5 3 7 -2 -1 8 -3 9 10 12 13 -7 -10
right_child=4 2 -4 -5 -6 6 -8 -9 11 -11 -12 -13 -14 -15
leaf_value=0.0030661320401916534 0.0067112322594333864 0.0066886212569910895 0.0076365892980084027 -0.0001006506070497599 0.011786145917265801 -0.00033035415181205006 0.00061135313778133205 0.0027296561931143513 0.00045695591950842588 0.0023676553342848756 -0.0042470259273003005 -0.0033776754656836628 -0.00096242808126072285 -0.00022637174916607261
leaf_weight=43 78 41 39 157 36 2732 436 51 815 42 52 30 883 1685
leaf_count=43 78 41 39 157 36 2732 436 51 815 42 52 30 883 1685
internal_value=0 -0.000125007 0.00246514 0.00162785 0.00840239 -0.000236397 -0.000258128 0.00454693 -0.000318978 -0.00050591 -0.000539459 -4.48418e-05 -0.000484968 -3.51329e-06
internal_weight=0 7006 288 249 114 6718 6675 92 6239 3709 3667 2530 3615 2500
internal_count=7120 7006 288 249 114 6718 6675 92 6239 3709 3667 2530 3615 2500
is_linear=0
shrinkage=0.03


Tree=89
num_leaves=15
num_cat=0
split_feature=9 220 98 51 290 79 270 9 123 9 258 254 9 262
split_gain=8.62442 2.0252 1.52109 1.37202 0.61249 0.447205 0.382206 0.381839 0.387685 1.18425 0.500684 0.47166 0.425583 0.38668
threshold=0.0057915056822821507 0.11089494079351427 0.021400777623057369 1.0000000180025095e-35 0.0097276263404637592 0.12209306657314302 0.0408560298383236 0.17181472480297091 0.0058365758741274485 0.156370684504509 0.0097276263404637592 0.017509727273136381 0.15250967442989352 0.013618676923215391
decision_type=2 2 2 2 2 2 2 2 2 2 2 2 2 2
left_child=3 2 5 4 -1 7 -5 8 12 10 13 -12 -2 -10
right_child=1 -3 -4 6 -6 -7 -8 -9 9 -11 11 -13 -14 -15
leaf_value=0.0068133064148509321 -0.00041790061018596699 0.0073693565907888108 0.006043048030563763 0.0024611494358843908 0.012341639517673423 0.0014391605205760947 0.0062154483529073849 -0.0035843210731869592 -0.00023136212962600845 0.0054154227101632082 0.00095725395884181316 -0.0011700750489143429 -0.0034922623734018996 -0.0035033161565661427
leaf_weight=50 3661 31 34 64 34 141 41 30 2209 35 608 110 40 32
leaf_count=50 3661 31 34 64 34 141 41 30 2209 35 608 110 40 32
internal_value=0 -0.000160392 -0.000195284 0.00631821 0.00916984 -0.000227052 0.00397192 -0.000262195 -0.000246776 7.05336e-06 -5.87265e-05 0.000630166 -0.000452062 -0.000279625
internal_weight=0 6931 6900 189 84 6866 105 6725 6695 2994 2959 718 3701 2241
internal_count=7120 6931 6900 189 84 6866 105 6725 6695 2994 2959 718 3701 2241
is_linear=0
shrinkage=0.03


Tree=90
num_leaves=15
num_cat=0
split_feature=9 220 98 140 79 37 32 92 9 80 65 201 1 4
split_gain=8.12597 1.9091 1.43364 1.38058 0.420944 0.416237 0.732406 0.364036 0.360041 0.383031 0.954864 1.63032 0.860086 1.92018
threshold=0.0057915056822821507 0.11089494079351427 0.021400777623057369 0.033073929138481624 0.12209306657314302 1.0000000180025095e-35 0.0096899224445223826 1.0000000180025095e-35 0.17181472480297091 0.013565891422331335 1.0000000180025095e-35 0.0097276263404637592 0.32500028610229498 0.048262543976306922
decision_type=2 2 2 2 2 2 2 2 2 2 2 2 2 2
left_child=3 2 4 5 8 6 -1 -6 9 10 11 -2 -11 -14
right_child=1 -3 -4 -5 7 -7 -8 -9 -10 12 -12 -13 13 -15
leaf_value=0.0017896311760980735 4.0913890930823981e-05 0.0071551846875809134 0.0058669362565768619 0.010020977807520278 0.000290454109868114 0.0012340609286160718 0.0071580860706449327 0.0034891930880139067 -0.0034802602118091477 -0.00046493023802276963 -0.00015163961020571941 0.0085387391309374033 0.0012237329829509396 -0.0083546980889514094
leaf_weight=36 59 31 34 57 93 30 66 48 30 1910 4622 30 36 38
leaf_count=36 59 31 34 57 93 30 66 48 30 1910 4622 30 36 38
internal_value=0 -0.000155542 -0.000189419 0.00613306 -0.00022026 0.00439146 0.00529911 0.00139629 -0.000254356 -0.000239383 -9.20786e-05 0.0029684 -0.000588935 -0.00374073
internal_weight=0 6931 6900 189 6866 132 102 141 6725 6695 4711 89 1984 74
internal_count=7120 6931 6900 189 6866 132 102 141 6725 6695 4711 89 1984 74
is_linear=0
shrinkage=0.03


Tree=91
num_leaves=15
num_cat=0
split_feature=142 322 220 315 263 80 1 4 171 65 132 74 18 116
split_gain=7.52634 2.29547 1.79322 1.65364 0.410456 0.387253 0.812772 1.80959 0.667013 1.1697 1.48478 0.392411 0.372193 0.521981
threshold=0.0408560298383236 1.0000000180025095e-35 0.11089494079351427 0.033073929138481624 0.0097276263404637592 0.013565891422331335 0.32500028610229498 0.048262543976306922 0.013618676923215391 1.0000000180025095e-35 1.0000000180025095e-35 0.0096899224445223826 0.15250967442989352 0.0058365758741274485
decision_type=2 2 2 2 2 2 2 2 2 2 2 2 2 2
left_child=2 -2 3 5 -3 8 11 -8 9 10 -1 -7 -11 -14
right_child=1 4 -4 -5 -6 6 7 -9 -10 12 -12 -13 13 -15
leaf_value=1.4357976297932591e-06 0.00055355979787671697 0.0069457140039652591 0.0069472370494622739 0.0047467961374548125 0.010879672955235708 -0.00050542237072487446 0.0011880131575870453 -0.0081104838876322333 -0.00079879753931564592 -3.9137704951190292e-05 0.0083235340405787735 0.0027014660338006381 0.00061471357800041296 0.004904330970058518
leaf_weight=43 45 74 31 60 45 1880 36 38 918 3705 34 34 147 30
leaf_count=43 45 74 31 60 45 1880 36 38 918 3705 34 34 147 30
internal_value=0 0.00634459 -0.000138188 -0.000170905 0.00851161 -0.000214571 -0.000567371 -0.00363137 -7.06725e-05 9.83218e-05 0.00373573 -0.000447075 2.52299e-05 0.00136524
internal_weight=0 164 6956 6925 119 6865 1988 74 4877 3959 77 1914 3882 177
internal_count=7120 164 6956 6925 119 6865 1988 74 4877 3959 77 1914 3882 177
is_linear=0
shrinkage=0.03


Tree=92
num_leaves=15
num_cat=0
split_feature=9 220 98 140 309 32 343 320 56 342 140 115 354 316
split_gain=7.19773 1.69639 1.28212 1.25057 0.498697 0.526097 0.387392 0.857355 1.61434 0.398035 0.494631 0.394189 0.567983 0.464412
threshold=0.0057915056822821507 0.11089494079351427 0.021400777623057369 0.033073929138481624 1.0000000180025095e-35 0.0096899224445223826 0.005769230774603785 0.0097276263404637592 0.0058139534667134294 1.0000000180025095e-35 0.017509727273136381 0.0058365758741274485 0.56346154212951671 0.013618676923215391
decision_type=2 2 2 2 2 2 2 2 2 2 2 2 2 2
left_child=3 2 6 4 5 -1 9 -8 -9 11 -11 -2 13 -13
right_child=1 -3 -4 -5 -6 -7 7 8 -10 10 -12 12 -14 -15
leaf_value=0.0017989817816123832 -0.00029888879947114378 0.0067453330848366022 0.0055493414423295421 0.0094719175395860892 0.00075690593323088254 0.0065578043358531634 -0.00019379162054783863 0.0074129809648729858 0.00082518499140132916 -0.00075722060496370941 0.0030692325876612637 8.8767751584463406e-05 0.0038158023227671425 0.0033598711835674758
leaf_weight=31 3215 31 34 57 31 70 762 38 239 1673 30 828 41 40
leaf_count=31 3215 31 34 57 31 70 762 38 239 1673 30 828 41 40
internal_value=0 -0.00014609 -0.000178024 0.00577244 0.00411573 0.00512913 -0.00020719 0.000326238 0.00175234 -0.000302344 -0.000688052 -0.000142938 0.000408359 0.000243203
internal_weight=0 6931 6900 189 132 101 6866 1039 277 5827 1703 4124 909 868
internal_count=7120 6931 6900 189 132 101 6866 1039 277 5827 1703 4124 909 868
is_linear=0
shrinkage=0.03


Tree=93
num_leaves=15
num_cat=0
split_feature=34 220 8 142 290 12 34 354 1 80 1 4 171 9
split_gain=6.80788 1.58262 1.52316 0.798296 0.554076 0.983054 0.544562 0.438787 0.41609 0.383062 0.743122 1.70241 0.583299 1.84124
threshold=0.094961270689964308 0.11089494079351427 0.0096525095868855732 0.021400777623057369 1.0000000180025095e-35 0.10231658443808557 0.13372097909450534 0.56730771064758312 0.14038462191820147 0.013565891422331335 0.32500028610229498 0.048262543976306922 0.013618676923215391 0.15250967442989352
decision_type=2 2 2 2 2 2 2 2 2 2 2 2 2 2
left_child=1 2 -1 9 -5 7 -2 8 -6 12 -11 -12 13 -4
right_child=6 -3 3 4 5 -7 -8 -9 -10 10 11 -13 -14 -15
leaf_value=0.0046216588418465107 0.0058835337969529279 0.0065492968331091099 1.137187126789785e-05 -0.00097060028819695996 0.005073234423656355 0.007318305281514767 0.010769318901828581 -0.0017277988046407698 0.00068027662824570888 -0.00047023454332246421 0.0011580372110443389 -0.007860782370598127 -0.00076785209473106649 0.0070236616861759959
leaf_weight=59 84 31 3824 50 32 31 30 30 48 1876 36 38 918 33
leaf_count=59 84 31 3824 50 32 31 30 30 48 1876 36 38 918 33
internal_value=0 -0.000107172 -0.000137691 -0.000178955 0.00172851 0.00268573 0.00725173 0.00132602 0.0024784 -0.000233379 -0.000587572 -0.00351631 -8.8642e-05 7.31731e-05
internal_weight=0 7006 6975 6916 191 141 114 110 80 6725 1950 74 4775 3857
internal_count=7120 7006 6975 6916 191 141 114 110 80 6725 1950 74 4775 3857
is_linear=0
shrinkage=0.03


Tree=94
num_leaves=15
num_cat=0
split_feature=34 66 12 9 5 34 288 9 80 65 132 169 153 210
split_gain=6.41317 1.49678 1.00604 0.996852 0.518965 0.485315 0.338414 0.332109 0.322067 0.836227 1.6416 0.708873 0.344754 0.339432
threshold=0.094961270689964308 0.0755814164876938 0.13706563413143161 0.013513513375073673 0.0057915056822821507 0.079457387328147902 0.0058365758741274485 0.17181472480297091 0.013565891422331335 1.0000000180025095e-35 1.0000000180025095e-35 0.033073929138481624 1.0000000180025095e-35 0.0058365758741274485
decision_type=2 2 2 2 2 2 2 2 2 2 2 2 2 2
left_child=1 5 3 6 -2 7 -3 8 9 10 -1 13 -11 -10
right_child=4 2 -4 -5 -6 -7 -8 -9 11 12 -12 -13 -14 -15
leaf_value=-0.000195647721732806 0.0096762862077660189 0.001858685843247388 0.0066442679943782938 0.00028649768655800178 0.00532880244582581 0.0028019266671617513 0.0059020769645770389 -0.0033237888913361293 -0.00017163765702617387 0.00032492948635703267 0.0083788849306743463 -0.0043419198277081508 -0.00028078545058841844 -0.0010217136990018189
leaf_weight=57 43 34 34 234 71 47 44 30 1308 1125 30 42 3397 624
leaf_count=57 43 34 34 234 71 47 44 30 1308 1125 30 42 3397 624
internal_value=0 -0.000103869 0.00181707 0.00127148 0.00703852 -0.000203923 0.00418541 -0.000225707 -0.000211086 -7.37181e-05 0.0028227 -0.000531619 -0.000130055 -0.000446583
internal_weight=0 7006 346 312 114 6660 78 6613 6583 4609 87 1974 4522 1932
internal_count=7120 7006 346 312 114 6660 78 6613 6583 4609 87 1974 4522 1932
is_linear=0
shrinkage=0.03


Tree=95
num_leaves=15
num_cat=0
split_feature=34 66 28 14 5 286 26 80 169 171 41 137 169 143
split_gain=6.04148 1.4205 0.921279 0.9166 0.618302 0.427556 0.401649 0.315934 0.651106 0.471137 1.68429 0.419464 0.328147 0.324526
threshold=0.091085299849510207 0.0755814164876938 0.09883724153041841 0.13706563413143161 0.0057915056822821507 0.017509727273136381 0.0058139534667134294 0.013565891422331335 0.033073929138481624 0.013618676923215391 0.063953503966331496 0.017509727273136381 0.036964979022741325 0.0058365758741274485
decision_type=2 2 2 2 2 2 2 2 2 2 2 2 2 2
left_child=1 5 3 6 -2 7 -3 9 13 10 -1 12 -11 -9
right_child=4 2 -4 -5 -6 -7 -8 8 -10 11 -12 -13 -14 -15
leaf_value=-2.1728690215072413e-05 0.0093925948682325802 0.0012696657494951538 0.0061757583494641277 0.0057188201517177125 0.0048612005187220171 0.0014062087965631407 -0.0014010097045857987 -0.00013824942530627391 -0.0042146913892437896 -0.00073543773142260437 0.0064111744690799732 0.0024908818722303421 -0.0036282712667928753 -0.00093500800424742227
leaf_weight=3669 43 208 37 35 85 144 66 1073 42 807 36 34 36 805
leaf_count=3669 43 208 37 35 85 144 66 1073 42 807 36 34 36 805
internal_value=0 -0.000107423 0.00176383 0.00121732 0.00644448 -0.000205094 0.000623609 -0.00024099 -0.00056394 -0.000105571 4.24903e-05 -0.000730409 -0.000863128 -0.000480094
internal_weight=0 6992 346 309 128 6646 274 6502 1920 4582 3705 877 843 1878
internal_count=7120 6992 346 309 128 6646 274 6502 1920 4582 3705 877 843 1878
is_linear=0
shrinkage=0.03


Tree=96
num_leaves=15
num_cat=0
split_feature=34 2 6 32 34 34 190 226 278 41 2 169 258 82
split_gain=5.70005 1.4163 0.780924 0.743089 0.503709 0.496859 0.593463 0.713028 0.337432 0.357424 1.504 1.41311 0.333337 0.338681
threshold=0.094961270689964308 0.40576982498168951 0.16023169457912448 0.0096899224445223826 0.13372097909450534 0.036821708083152778 1.0000000180025095e-35 0.0408560298383236 0.0097276263404637592 0.025193798355758194 0.15576923638582232 0.0408560298383236 0.0058365758741274485 0.013565891422331335
decision_type=2 2 2 2 2 2 2 2 2 2 2 2 2 2
left_child=1 2 5 -3 -2 8 7 -7 9 12 -11 -12 -1 -14
right_child=4 3 -4 -5 -6 6 -8 -9 -10 10 11 -13 13 -15
leaf_value=-0.00029340538620663568 0.0053286576693987149 0.0014035214917511557 0.0045936359387011294 0.0062116960779937027 0.010006158263047014 0.00090120567323304914 -0.0029090899417191863 0.0056838917576533272 -0.0017767976320744493 -0.006966289752745069 -0.00052649221502801844 0.0047319208446176758 0.00067127122274284205 -0.00011533787494992384
leaf_weight=2200 84 91 30 42 30 233 30 31 124 31 2163 46 903 1082
leaf_count=2200 84 91 30 42 30 233 30 31 124 31 2163 46 903 1082
internal_value=0 -9.77026e-05 -0.000157234 0.00295692 0.00663589 -0.000178731 0.00102571 0.00148214 -0.000232949 -0.000202882 -0.000508635 -0.0004149 -3.91464e-05 0.000242658
internal_weight=0 7006 6873 133 114 6843 294 264 6549 6425 2240 2209 4185 1985
internal_count=7120 7006 6873 133 114 6843 294 264 6549 6425 2240 2209 4185 1985
is_linear=0
shrinkage=0.03


Tree=97
num_leaves=15
num_cat=0
split_feature=34 2 209 10 34 286 34 9 118 9 168 0 284 354
split_gain=5.36967 1.33707 1.12476 1.01398 0.475671 0.422323 0.330397 0.319329 0.34642 0.918302 0.452788 1.08837 0.323217 0.315937
threshold=0.094961270689964308 0.35961580276489263 1.0000000180025095e-35 0.0057915056822821507 0.13372097909450534 0.017509727273136381 0.021317829377949241 0.17181472480297091 1.0000000180025095e-35 0.16023169457912448 0.017509727273136381 0.22884615510702136 0.021400777623057369 0.51346153020858776
decision_type=2 2 2 2 2 2 2 2 2 2 2 2 2 2
left_child=1 5 3 6 -2 7 -3 8 10 12 -1 -12 13 -10
right_child=4 2 -4 -5 -6 -7 -8 -9 9 -11 11 -13 -14 -15
leaf_value=-0.00046111227293937912 0.0051706786311286335 0.0056140150489019502 0.0065759037246464229 -0.00032040051695201075 0.0097156567643246327 0.0013775506200081687 0.0019589288970410751 -0.0032547545981323044 -0.0002720354048748453 0.0048424819048822803 0.00043613693244489175 -0.0068134799298337273 -0.0031587690307248021 0.00023709278923012743
leaf_weight=1677 84 41 39 157 30 152 51 30 2991 33 41 33 30 1731
leaf_count=1677 84 41 39 157 30 152 51 30 2991 33 41 33 30 1731
internal_value=0 -9.47218e-05 0.00190334 0.00114812 0.00644081 -0.000180649 0.00363068 -0.000216925 -0.000202486 -7.03223e-05 -0.000563406 -0.00284454 -0.000105451 -8.53875e-05
internal_weight=0 7006 288 249 114 6718 92 6566 6536 4785 1751 74 4752 4722
internal_count=7120 7006 288 249 114 6718 92 6566 6536 4785 1751 74 4752 4722
is_linear=0
shrinkage=0.03


Tree=98
num_leaves=15
num_cat=0
split_feature=98 18 177 152 29 3 59 12 294 41 65 4 52 38
split_gain=5.01453 1.40464 0.896131 0.770449 0.736434 0.69166 0.56861 0.561984 0.340163 0.793534 0.633317 1.06091 0.341884 0.309189
threshold=0.021400777623057369 0.15250967442989352 1.0000000180025095e-35 1.0000000180025095e-35 1.0000000180025095e-35 0.36730813980102545 0.013565891422331335 0.15250967442989352 0.0058365758741274485 0.085271343588829054 1.0000000180025095e-35 0.048262543976306922 0.032945737242698676 0.036821708083152778
decision_type=2 2 2 2 2 2 2 2 2 2 2 2 2 2
left_child=1 7 3 5 -2 -3 -5 8 9 12 11 -10 -1 -12
right_child=4 2 -4 6 -6 -7 -8 -9 10 -11 13 -13 -14 -15
leaf_value=-0.00031976987526175058 0.0088302531183104618 0.007934277008695062 -0.00020112810105627486 -9.6855636903509377e-05 0.0038202102089263984 0.0027806150394627041 0.0042854108206497928 0.0028323145565915513 0.0060875229505685767 -0.0050291833427565337 -0.00022251592917018571 0.00012520114805761583 -0.0025844803539326138 0.00057101265798770195
leaf_weight=3724 54 39 133 84 56 61 38 54 40 32 2109 78 60 558
leaf_count=3724 54 39 133 84 56 61 38 54 40 32 2109 78 60 558
internal_value=0 -8.95876e-05 0.00174639 0.00290882 0.00633708 0.0048492 0.00129186 -0.000187773 -0.000212904 -0.000396845 3.91841e-05 0.0021805 -0.000356353 -5.6339e-05
internal_weight=0 7010 355 222 110 100 122 6655 6601 3816 2785 118 3784 2667
internal_count=7120 7010 355 222 110 100 122 6655 6601 3816 2785 118 3784 2667
is_linear=0
shrinkage=0.03


Tree=99
num_leaves=15
num_cat=0
split_feature=9 220 256 51 64 309 315 286 294 64 349 8 55 332
split_gain=4.7629 1.26676 0.932451 0.831575 0.493041 0.330695 0.475664 0.296918 0.328858 0.358334 0.410872 0.357638 0.309093 0.328859
threshold=0.0057915056822821507 0.11089494079351427 0.025291828438639644 1.0000000180025095e-35 0.032945737242698676 1.0000000180025095e-35 0.036964979022741325 0.013618676923215391 0.017509727273136381 0.0058139534667134294 1.0000000180025095e-35 0.059845551848411567 0.029069767333567146 1.0000000180025095e-35
decision_type=2 2 2 2 2 2 2 2 2 2 2 2 2 2
left_child=3 2 7 4 -1 6 -5 8 9 10 -2 -12 -11 -14
right_child=1 -3 -4 5 -6 -7 -8 -9 -10 12 11 -13 13 -15
leaf_value=0.0049948080524336545 -0.00023677982834035123 0.0058370881306473166 0.0037811480123653182 0.0067315331404097373 0.0099380839371588075 0.000258471858833218 0.0018387809189152904 0.00076118079366068803 0.00114737514754562 -0.0004411402600492094 0.0028297013030532977 0.00046968574089494589 -0.00093750978670067194 0.0018466751457423233
leaf_weight=53 1164 31 53 31 31 31 43 290 154 4406 63 604 58 108
leaf_count=53 1164 31 53 31 31 31 43 290 154 4406 63 604 58 108
internal_value=0 -0.000118062 -0.000145659 0.00469645 0.00691457 0.00287346 0.00395087 -0.000176602 -0.000218188 -0.000251205 0.000103391 0.000696498 -0.000393206 0.000874099
internal_weight=0 6931 6900 189 84 105 74 6847 6557 6403 1831 667 4572 166
internal_count=7120 6931 6900 189 84 105 74 6847 6557 6403 1831 667 4572 166
is_linear=0
shrinkage=0.03


Tree=100
num_leaves=15
num_cat=0
split_feature=34 220 8 34 190 226 34 278 41 2 169 258 7 249
split_gain=4.51626 1.18258 1.08279 0.511268 0.724685 0.802017 0.425989 0.310837 0.324926 1.39823 1.36999 0.302574 0.328576 0.288656
threshold=0.094961270689964308 0.11089494079351427 0.0096525095868855732 0.036821708083152778 1.0000000180025095e-35 0.0408560298383236 0.13372097909450534 0.0097276263404637592 0.025193798355758194 0.15576923638582232 0.0408560298383236 0.0058365758741274485 0.067567560821771636 0.0058365758741274485
decision_type=2 2 2 2 2 2 2 2 2 2 2 2 2 2
left_child=1 2 -1 7 5 -5 -2 8 11 -10 -11 13 -13 -4
right_child=6 -3 3 4 -6 -7 -8 -9 9 10 -12 12 -14 -15
leaf_value=0.0038998546505463311 0.0047098873744937861 0.0056674476899206639 -0.0004861844285628597 0.00085309991715207191 -0.0030414568050764501 0.0053122710656418014 0.0089995050718707434 -0.0016857993829878979 -0.0066935695303254761 -0.00048658046857596716 0.0046908472152426836 0.00037710422621812357 -0.00083854284648162618 0.00026763193821091553
leaf_weight=59 84 31 1553 237 34 42 30 124 31 2167 46 1811 224 647
leaf_count=59 84 31 1553 237 34 42 30 124 31 2167 46 1811 224 647
internal_value=0 -8.655e-05 -0.000112932 -0.000147724 0.00103508 0.00154095 0.00590717 -0.00020394 -0.000175323 -0.000467096 -0.000376891 -2.06479e-05 0.000242947 -0.000264473
internal_weight=0 7006 6975 6916 313 279 114 6603 6479 2244 2213 4235 2035 2200
internal_count=7120 7006 6975 6916 313 279 114 6603 6479 2244 2213 4235 2035 2200
is_linear=0
shrinkage=0.03


Tree=101
num_leaves=15
num_cat=0
split_feature=34 220 8 142 69 53 332 6 34 179 80 41 210 2
split_gain=4.25453 1.11479 1.01981 0.510787 0.785878 0.65931 0.423325 0.452928 0.402249 0.310632 0.304804 0.878371 0.413149 0.693415
threshold=0.094961270689964308 0.11089494079351427 0.0096525095868855732 0.021400777623057369 1.0000000180025095e-35 0.013565891422331335 1.0000000180025095e-35 0.063706556335091605 0.13372097909450534 0.017509727273136381 0.013565891422331335 0.091085299849510207 0.0058365758741274485 0.16730769723653796
decision_type=2 2 2 2 2 2 2 2 2 2 2 2 2 2
left_child=1 2 -1 9 -5 6 -6 -8 -2 10 11 -4 -12 -14
right_child=8 -3 3 4 5 -7 7 -9 -10 -11 12 -13 13 -15
leaf_value=0.0037848088187747634 0.0045702530589940794 0.0055027374811470508 -7.3861034449124248e-05 0.0050662315934442157 -0.0009638062010053545 -0.003529986840515067 0.0004021714958071243 0.0049855446973099153 0.0087382293108009528 -0.0024531404640098721 -0.00017181340373039212 0.0046963548726136131 -0.0046509274265364459 -0.00082801988141606366
leaf_weight=59 84 31 4698 40 44 30 39 38 30 53 1284 34 45 611
leaf_count=59 84 31 4698 40 44 30 39 38 30 53 1284 34 45 611
internal_value=0 -8.392e-05 -0.000109535 -0.0001433 0.00138249 0.000379752 0.0013701 0.00269901 0.00573354 -0.000186833 -0.000168466 -3.86014e-05 -0.000485044 -0.00109694
internal_weight=0 7006 6975 6916 191 151 121 77 114 6725 6672 4732 1940 656
internal_count=7120 7006 6975 6916 191 151 121 77 114 6725 6672 4732 1940 656
is_linear=0
shrinkage=0.03


Tree=102
num_leaves=15
num_cat=0
split_feature=34 2 6 177 343 256 34 9 41 41 270 29 334 292
split_gain=4.00794 1.02671 0.637802 0.632252 0.610989 0.426363 0.379832 0.337439 0.326544 0.301028 0.326791 0.34063 0.413047 0.537352
threshold=0.094961270689964308 0.40576982498168951 0.16023169457912448 1.0000000180025095e-35 0.059615384787321098 0.025291828438639644 0.13372097909450534 0.17181472480297091 0.079457387328147902 0.036821708083152778 0.0058365758741274485 0.021317829377949241 1.0000000180025095e-35 1.0000000180025095e-35
decision_type=2 2 2 2 2 2 2 2 2 2 2 2 2 2
left_child=1 2 5 4 -3 7 -2 8 9 10 -1 12 13 -12
right_child=6 3 -4 -5 -6 -7 -8 -9 -10 -11 11 -13 -14 -15
leaf_value=-0.00030241660900241535 0.0044347585016204149 0.0020453161118729481 0.0041614515015258331 -0.00068066056561656295 0.0071507698365762314 0.0027922807366121561 0.0084845386601744167 -0.0032934293753257202 0.0023358601658912178 -0.00061456899896529494 0.0013328909609492809 0.00065281600602091594 -0.00041687126558742036 -0.00037526464219383022
leaf_weight=2903 84 62 30 39 32 43 30 30 46 1153 348 850 1155 315
leaf_count=2903 84 62 30 39 32 43 30 30 46 1153 348 850 1155 315
internal_value=0 -8.1352e-05 -0.000132039 0.00251943 0.00384032 -0.000151467 0.005565 -0.00017049 -0.000156167 -0.00017356 -8.2193e-05 0.000157452 -7.43859e-05 0.000521981
internal_weight=0 7006 6873 133 94 6843 114 6800 6770 6724 5571 2668 1818 663
internal_count=7120 7006 6873 133 94 6843 114 6800 6770 6724 5571 2668 1818 663
is_linear=0
shrinkage=0.03


Tree=103
num_leaves=15
num_cat=0
split_feature=98 2 32 29 6 9 221 277 169 29 120 90 56 34
split_gain=3.78466 1.38672 0.768522 0.651555 0.604639 0.319566 0.354224 1.91725 0.759543 2.13084 0.363209 0.275611 0.267538 0.261188
threshold=0.021400777623057369 0.40576982498168951 0.0096899224445223826 1.0000000180025095e-35 0.16023169457912448 0.17181472480297091 0.0097276263404637592 0.0058365758741274485 0.033073929138481624 0.021317829377949241 0.0097276263404637592 1.0000000180025095e-35 0.013565891422331335 0.017441860400140289
decision_type=2 2 2 2 2 2 2 2 2 2 2 2 2 2
left_child=1 4 13 -2 5 6 8 -8 10 -10 -1 12 -12 -3
right_child=3 2 -4 -5 -6 -7 7 -9 9 -11 11 -13 -14 -15
leaf_value=-0.00029705658771855993 0.007845005668249954 0.0028982015996454999 0.0054450532784527644 0.0031521538138651137 0.0040406351578572098 -0.0031978135287100752 0.00011543522005142479 0.0069393562130594189 0.0020833692086424916 -0.0090758232015275189 0.0024568044673651456 -0.00083811951551403653 0.00038164736845934538 -0.00033092752299631277
leaf_weight=4909 54 38 58 56 30 30 744 38 30 30 59 157 834 53
leaf_count=4909 54 38 58 56 30 30 744 38 30 30 59 157 834 53
internal_value=0 -7.73746e-05 0.00277612 0.00550584 -0.000139739 -0.000158687 -0.000144813 0.000455471 -0.000222866 -0.00355354 -0.000188739 0.00031747 0.000521347 0.00103435
internal_weight=0 7010 149 110 6861 6831 6801 782 6019 60 5959 1050 893 91
internal_count=7120 7010 149 110 6861 6831 6801 782 6019 60 5959 1050 893 91
is_linear=0
shrinkage=0.03


Tree=104
num_leaves=15
num_cat=0
split_feature=1 220 5 256 278 28 41 2 68 4 270 17 22 196
split_gain=3.57744 1.00286 0.960169 0.497803 0.298014 0.43067 0.387849 0.871228 0.935577 1.37361 0.352334 0.370949 0.298203 0.306813
threshold=0.055769231170415885 0.11089494079351427 0.0096525095868855732 0.025291828438639644 0.0058365758741274485 0.044573649764060981 0.025193798355758194 0.15961539000272754 0.017441860400140289 0.052123546600341804 0.0058365758741274485 0.021235520951449875 0.021317829377949241 0.0058365758741274485
decision_type=2 2 2 2 2 2 2 2 2 2 2 2 2 2
left_child=-1 2 -2 4 6 -6 10 -8 -9 -10 -4 -12 13 -13
right_child=1 -3 3 -5 5 -7 7 8 9 -11 11 12 -14 -15
leaf_value=0.0058869149861098058 0.0034558288079921001 0.0052313395170494915 -0.00017492559958048228 0.0030186638829763977 -0.00052545334199582906 -0.003922684918290802 -0.0053145100618712604 -0.00045612926524149044 0.0075462692192840306 -0.0003645247744512744 0.0027569008742234316 4.177325936128292e-05 0.0010094277581539593 0.0028466782920683422
leaf_weight=91 67 31 1995 44 853 34 31 1966 32 49 57 1402 433 35
leaf_count=91 67 31 1995 44 853 34 31 1966 32 49 57 1402 433 35
internal_value=0 -6.74727e-05 -9.16897e-05 -0.000126476 -0.000147005 -0.000659945 -7.10784e-05 -0.000402342 -0.000325393 0.00281464 0.000104494 0.000393714 0.000320246 0.000112022
internal_weight=0 7029 6998 6931 6887 887 6000 2078 2047 81 3922 1927 1870 1437
internal_count=7120 7029 6998 6931 6887 887 6000 2078 2047 81 3922 1927 1870 1437
is_linear=0
shrinkage=0.03


Tree=105
num_leaves=15
num_cat=0
split_feature=98 2 32 29 6 278 50 0 6 304 249 24 176 169
split_gain=3.38464 1.25184 0.711173 0.608561 0.557344 0.351803 0.321709 0.799409 1.10401 1.01466 0.324052 0.314325 0.475415 0.283558
threshold=0.021400777623057369 0.40576982498168951 0.0096899224445223826 1.0000000180025095e-35 0.16023169457912448 0.0097276263404637592 0.013565891422331335 0.22115384787321093 0.048262543976306922 1.0000000180025095e-35 0.013618676923215391 0.021317829377949241 1.0000000180025095e-35 0.0097276263404637592
decision_type=2 2 2 2 2 2 2 2 2 2 2 2 2 2
left_child=1 4 -3 -2 5 6 7 9 -9 -1 13 12 -7 -8
right_child=3 2 -4 -5 -6 11 10 8 -10 -11 -12 -13 -14 -15
leaf_value=0.0075760498278654147 0.0074661773671819403 0.00096304280232921554 0.0052054322330217992 0.0029354982455506136 0.003881256656060296 -0.0057895061789989292 -0.00013290014909448413 -0.0046514389645890336 0.00049581895969819621 -0.00015815790775025474 0.00057945277089051651 7.3843124571298661e-05 -0.00097723254941229232 -0.00063339531862165838
leaf_weight=30 54 91 58 56 30 30 4204 39 600 30 453 54 47 1344
leaf_count=30 54 91 58 56 30 30 4204 39 600 30 453 54 47 1344
internal_value=0 -7.30405e-05 0.00263814 0.00520688 -0.000132295 -0.000150487 -0.000120252 0.000488406 0.00017489 0.00376975 -0.000191218 -0.00168425 -0.00290233 -0.000254237
internal_weight=0 7010 149 110 6861 6831 6700 699 639 60 6001 131 77 5548
internal_count=7120 7010 149 110 6861 6831 6700 699 639 60 6001 131 77 5548
is_linear=0
shrinkage=0.03


Tree=106
num_leaves=15
num_cat=0
split_feature=98 2 6 286 134 2 278 2 9 343 9 169 24 235
split_gain=3.18807 1.17894 0.525418 0.501295 0.444032 0.58404 0.331681 0.32747 0.302987 0.32395 0.829133 0.541479 0.29629 0.448278
threshold=0.021400777623057369 0.40576982498168951 0.16023169457912448 0.021400777623057369 0.0058365758741274485 0.42884683609008795 0.0097276263404637592 0.42884683609008795 0.17181472480297091 0.005769230774603785 0.13320462405681613 0.036964979022741325 0.021317829377949241 0.0058365758741274485
decision_type=2 2 2 2 2 2 2 2 2 2 2 2 2 2
left_child=1 2 6 -2 5 -3 8 -6 9 11 -11 -1 13 -8
right_child=3 4 -4 -5 7 -7 12 -9 -10 10 -12 -13 -14 -15
leaf_value=-0.00016297237777700184 0.0027115663111209869 0.0038139483351187662 0.0037685750229584595 0.0068606128627734797 0.0023279835627687609 -0.0016268916148692368 -0.0056214237506050741 0.0062850271761417387 -0.0030756897270311449 0.00023228588031510243 0.0048730104412728296 -0.0035040133584830482 7.1668104866561905e-05 -0.00094852634952985676
leaf_weight=5664 49 31 30 61 45 39 30 34 30 928 35 43 54 47
leaf_count=5664 49 31 30 61 45 39 30 34 30 928 35 43 54 47
internal_value=0 -7.08218e-05 -0.000128325 0.00505348 0.00256023 0.000802404 -0.000145988 0.00408829 -0.00011663 -0.000102862 0.000405832 -0.000188755 -0.00163524 -0.00281786
internal_weight=0 7010 6861 110 149 70 6831 79 6700 6670 963 5707 131 77
internal_count=7120 7010 6861 110 149 70 6831 79 6700 6670 963 5707 131 77
is_linear=0
shrinkage=0.03


Tree=107
num_leaves=15
num_cat=0
split_feature=354 322 12 63 98 34 282 316 9 294 9 169 270 115
split_gain=3.02046 0.829733 0.88075 0.507064 0.474363 0.324621 0.295848 0.278229 0.276152 0.276471 1.26756 0.943065 0.404048 0.315859
threshold=0.6826922893524171 0.052529182285070426 0.13706563413143161 0.087209329009056105 0.021400777623057369 0.13372097909450534 1.0000000180025095e-35 0.071984432637691512 0.17181472480297091 0.0058365758741274485 0.15250967442989352 0.033073929138481624 0.013618676923215391 0.0058365758741274485
decision_type=2 2 2 2 2 2 2 2 2 2 2 2 2 2
left_child=1 4 3 6 8 7 -3 -2 9 11 12 -1 -11 -14
right_child=5 2 -4 -5 -6 -7 -8 -9 -10 10 -12 -13 13 -15
leaf_value=-0.00027020185531064292 0.0055030059034741202 0.00076566073388497507 0.0057402490353765517 0.0037805567902202404 0.0035000745195429769 0.0075548088214089787 -0.0019786811857816894 0.0019511081801341255 -0.0029863955454164813 -0.00010002807225117311 0.0061130299707574222 -0.0055242568738157706 0.00071353869477898109 0.0037046667384473897
leaf_weight=3812 42 223 36 44 31 30 41 40 30 2495 30 30 199 37
leaf_count=3812 42 223 36 44 31 30 41 40 30 2495 30 30 199 37
internal_value=0 -6.96064e-05 0.00136498 0.000836662 -0.000143854 0.00487455 0.000333598 0.00381476 -0.00016141 -0.000148124 8.08541e-05 -0.000312655 1.23774e-05 0.00119614
internal_weight=0 7008 344 308 6664 112 264 82 6633 6603 2761 3842 2731 236
internal_count=7120 7008 344 308 6664 112 264 82 6633 6603 2761 3842 2731 236
is_linear=0
shrinkage=0.03


Tree=108
num_leaves=15
num_cat=0
split_feature=1 220 286 29 7 76 101 118 169 169 152 284 329 221
split_gain=2.85595 0.850997 0.799646 0.493574 0.406896 0.330621 0.514172 0.277266 0.480383 0.35049 0.317262 0.256979 0.273831 0.35428
threshold=0.055769231170415885 0.11089494079351427 0.017509727273136381 1.0000000180025095e-35 0.044401541352272041 0.036821708083152778 1.0000000180025095e-35 1.0000000180025095e-35 0.02918287925422192 0.056420233100652702 0.017509727273136381 0.021400777623057369 0.0058365758741274485 0.013618676923215391
decision_type=2 2 2 2 2 2 2 2 2 2 2 2 2 2
left_child=-1 2 5 4 -4 7 -7 8 10 11 -2 12 13 -9
right_child=1 -3 3 -5 -6 6 -8 9 -10 -11 -12 -13 -14 -15
leaf_value=0.0052601445111466324 -0.00068312680447866819 0.0048211123247165234 0.0015620108607423996 0.0006567911461290971 0.0059127538294220959 0.0037304148388153406 3.3834804968857909e-05 2.4074824969359176e-05 -0.0042042247233011068 0.0029315248588765307 0.00024431285131563702 -0.0028041120668715466 -0.00038524528360999008 0.0014852019421371428
leaf_weight=91 1237 31 44 163 35 49 105 3067 30 34 453 30 1595 156
leaf_count=91 1237 31 44 163 35 49 105 3067 30 34 453 30 1595 156
internal_value=0 -6.00306e-05 -8.2339e-05 0.00160849 0.00353937 -0.000143134 0.0012265 -0.000175263 -0.000502687 -5.98274e-05 -0.000434532 -8.14066e-05 -6.38749e-05 9.52352e-05
internal_weight=0 7029 6998 242 79 6756 154 6602 1720 4882 1690 4848 4818 3223
internal_count=7120 7029 6998 242 79 6756 154 6602 1720 4882 1690 4848 4818 3223
is_linear=0
shrinkage=0.03


Tree=109
num_leaves=15
num_cat=0
split_feature=354 220 286 345 288 256 278 18 98 116 16 9 41 162
split_gain=2.69329 0.804727 0.764265 0.465009 0.622869 0.361009 0.302507 0.342548 0.301808 0.299806 0.299786 0.274106 0.323398 0.271738
threshold=0.6826922893524171 0.11089494079351427 0.017509727273136381 1.0000000180025095e-35 0.0058365758741274485 0.017509727273136381 0.0097276263404637592 0.15250967442989352 0.052529182285070426 0.0058365758741274485 0.052123546600341804 0.17181472480297091 0.079457387328147902 0.0058365758741274485
decision_type=2 2 2 2 2 2 2 2 2 2 2 2 2 2
left_child=1 2 6 -4 -5 -6 7 11 -2 10 -9 12 13 -1
right_child=8 -3 3 4 5 -7 -8 9 -10 -11 -12 -13 -14 -15
leaf_value=-0.00032054202912957798 0.0033620587014154633 0.0046809987007873132 0.00038223893650063151 0.0004061361977801425 0.002522485805975814 0.0072334779007360338 -0.0015476209102395359 -0.00024141295548889863 0.0067006133505847394 0.0032093012737839121 0.0027046530617105703 -0.0029719635496111285 0.0023354420125821325 8.2628391602786218e-05
leaf_weight=3835 72 31 135 47 30 31 135 128 40 45 40 30 46 2475
leaf_count=3835 72 31 135 47 30 31 135 128 40 45 40 30 46 2475
internal_value=0 -6.55639e-05 -8.73215e-05 0.00156208 0.00301984 0.00499465 -0.000147064 -0.000118182 0.00460315 0.00106251 0.000471885 -0.000157723 -0.000143974 -0.000162417
internal_weight=0 7008 6977 243 108 61 6734 6599 112 213 168 6386 6356 6310
internal_count=7120 7008 6977 243 108 61 6734 6599 112 213 168 6386 6356 6310
is_linear=0
shrinkage=0.03


Tree=110
num_leaves=15
num_cat=0
split_feature=1 220 286 1 335 76 101 179 9 169 278 24 45 215
split_gain=2.53949 0.756245 0.710537 0.33612 0.394884 0.299167 0.474609 0.264636 0.455671 0.488229 0.262918 0.246856 0.375047 0.244924
threshold=0.055769231170415885 0.11089494079351427 0.017509727273136381 0.13653846830129626 1.0000000180025095e-35 0.036821708083152778 1.0000000180025095e-35 0.017509727273136381 0.16409270465373996 0.036964979022741325 0.0097276263404637592 0.021317829377949241 1.0000000180025095e-35 0.0058365758741274485
decision_type=2 2 2 2 2 2 2 2 2 2 2 2 2 2
left_child=-1 2 5 4 -4 7 -7 8 9 10 13 12 -12 -2
right_child=1 -3 3 -5 -6 6 -8 -9 -10 -11 11 -13 -14 -15
leaf_value=0.0049603386469812974 -4.3580824924471945e-05 0.0045449571643257514 0.0055377391287509134 0.0006707246881929817 0.0013738935962954366 0.0035737416530493647 2.2322599904310785e-05 -0.0022569644257115821 0.002596468684011294 -0.0035174530577989152 -0.0005930189161250988 0.00011714407516939735 -0.0046773383276242954 -0.00056411217967748965
leaf_weight=91 5365 31 33 155 54 49 105 53 53 38 44 54 37 958
leaf_count=91 5365 31 33 155 54 49 105 53 53 38 44 54 37 958
internal_value=0 -5.64289e-05 -7.74588e-05 0.00151638 0.00299826 -0.000134766 0.00116809 -0.000165329 -0.00014806 -0.000170848 -0.000150615 -0.00145575 -0.00249298 -0.000122523
internal_weight=0 7029 6998 242 87 6756 154 6602 6549 6496 6458 135 81 6323
internal_count=7120 7029 6998 242 87 6756 154 6602 6549 6496 6458 135 81 6323
is_linear=0
shrinkage=0.03


Tree=111
num_leaves=15
num_cat=0
split_feature=354 220 5 134 5 256 9 41 278 41 256 216 1 319
split_gain=2.40105 0.715164 0.669113 0.61184 0.295095 0.278885 0.275985 0.310498 0.27229 0.283538 0.258716 0.256136 0.34679 0.292436
threshold=0.6826922893524171 0.11089494079351427 0.017374516930431131 0.0058365758741274485 0.0057915056822821507 0.021400777623057369 0.17181472480297091 0.079457387328147902 0.0097276263404637592 0.025193798355758194 0.017509727273136381 0.013618676923215391 0.14423077553510669 0.0058365758741274485
decision_type=2 2 2 2 2 2 2 2 2 2 2 2 2 2
left_child=1 2 3 5 -2 -1 7 8 9 11 -5 13 -13 -4
right_child=4 -3 6 10 -6 -7 -8 -9 -10 -11 -12 12 -14 -15
leaf_value=-0.0018274492250752591 0.0063001424829814247 0.0044128692406229676 -0.00010385640495822168 0.001885752103222661 0.0030561961378802413 0.0017650918091169079 -0.0029516682192127427 0.0023155127157100494 -0.001460188568029587 -0.00038021649445458275 0.0052657956776342215 -0.0033478565989901463 -0.00038574555878397677 0.00041660723344451832
leaf_weight=40 43 31 2578 43 69 36 30 46 135 2220 41 42 208 1558
leaf_count=40 43 31 2578 43 69 36 30 46 135 2220 41 42 208 1558
internal_value=0 -6.17665e-05 -8.22776e-05 0.00182931 0.00434637 -0.000124896 -0.000127406 -0.000114489 -0.000131412 -0.00010404 0.00357808 3.58027e-05 -0.000894736 9.22516e-05
internal_weight=0 7008 6977 160 112 76 6817 6787 6741 6606 84 4386 250 4136
internal_count=7120 7008 6977 160 112 76 6817 6787 6741 6606 84 4386 250 4136
is_linear=0
shrinkage=0.03


Tree=112
num_leaves=15
num_cat=0
split_feature=1 2 177 343 6 98 353 9 41 41 38 311 52 284
split_gain=2.25878 0.639709 0.469026 0.533686 0.439765 0.340322 0.265865 0.260122 0.292633 0.245517 0.274813 0.222652 0.222143 0.221249
threshold=0.055769231170415885 0.40576982498168951 1.0000000180025095e-35 0.059615384787321098 0.16023169457912448 0.021400777623057369 0.51346153020858776 0.17181472480297091 0.079457387328147902 0.036821708083152778 0.036821708083152778 0.0058365758741274485 0.025193798355758194 0.021400777623057369
decision_type=2 2 2 2 2 2 2 2 2 2 2 2 2 2
left_child=11 4 3 6 5 7 -3 8 9 10 13 -1 -12 -2
right_child=1 2 -4 -5 -6 -7 -8 -9 -10 -11 12 -13 -14 -15
leaf_value=0.0025444680503146212 -0.00010461924351706909 0.003477089816526586 -0.00081008185152313666 0.0061811064962636339 0.0034713967703282832 0.0030264185110647828 -0.00027410112010673745 -0.0028659747365201191 0.0022475253830247736 -0.00052640832572527229 0.00034821804499766913 0.0057738686166994733 0.0021651935102828942 -0.0026470756109413358
leaf_weight=32 4945 31 39 32 30 30 36 30 46 1153 560 59 67 30
leaf_count=32 4945 31 39 32 30 30 36 30 46 1153 560 59 67 30
internal_value=0 -5.31264e-05 0.00196186 0.00305102 -9.37576e-05 -0.00010985 0.00148713 -0.000124065 -0.00011155 -0.000127945 -4.58545e-05 0.00467826 0.000545515 -0.00012048
internal_weight=0 7029 138 99 6891 6861 67 6831 6801 6755 5602 91 627 4975
internal_count=7120 7029 138 99 6891 6861 67 6831 6801 6755 5602 91 627 4975
is_linear=0
shrinkage=0.03


Tree=113
num_leaves=15
num_cat=0
split_feature=1 322 3 63 142 322 179 9 169 249 260 294 101 137
split_gain=2.12775 0.619383 0.727393 0.362939 0.324966 1.06005 0.249582 0.441549 0.497813 0.243391 0.234129 0.221563 0.21404 0.276472
threshold=0.055769231170415885 0.052529182285070426 0.23269230872392657 0.087209329009056105 0.0408560298383236 1.0000000180025095e-35 0.017509727273136381 0.16409270465373996 0.036964979022741325 0.013618676923215391 0.0058365758741274485 0.017509727273136381 0.013618676923215391 0.017509727273136381
decision_type=2 2 2 2 2 2 2 2 2 2 2 2 2 2
left_child=-1 4 -3 10 6 -6 7 8 9 11 -4 12 13 -2
right_child=1 2 3 -5 5 -7 -8 -9 -10 -11 -12 -13 -14 -15
leaf_value=0.0045406209738702392 -0.00034139247022960399 0.0055740923381404897 0.00071590898388417944 0.0032474680527326805 -0.0013241281020888237 0.0057767471041092104 -0.0021690882942897991 0.0025805640240368017 -0.003522771651176019 0.00054595054856087025 -0.0016973131545277875 0.00091055296289215958 8.754010980657554e-05 0.0021053175845216696
leaf_weight=91 4176 30 228 44 42 33 53 53 38 454 42 164 1631 41
leaf_count=91 4176 30 228 44 42 33 53 53 38 454 42 164 1631 41
internal_value=0 -5.14742e-05 0.00118809 0.000752682 -0.000115429 0.00183516 -0.000137835 -0.000121088 -0.000143497 -0.000123096 0.000335641 -0.000173701 -0.000204258 -0.000317111
internal_weight=0 7029 344 314 6685 75 6610 6557 6504 6466 270 6012 5848 4217
internal_count=7120 7029 344 314 6685 75 6610 6557 6504 6466 270 6012 5848 4217
is_linear=0
shrinkage=0.03


Tree=114
num_leaves=15
num_cat=0
split_feature=354 220 70 285 32 80 1 319 74 171 41 137 283 169
split_gain=2.01736 0.626427 0.587861 0.462333 0.487747 0.288913 0.587364 0.861525 0.425788 0.362786 1.41662 0.336436 0.330487 0.29094
threshold=0.6826922893524171 0.11089494079351427 0.032945737242698676 1.0000000180025095e-35 0.0096899224445223826 0.013565891422331335 0.32500028610229498 0.0058365758741274485 0.0096899224445223826 0.013618676923215391 0.063953503966331496 0.017509727273136381 0.0058365758741274485 0.036964979022741325
decision_type=2 2 2 2 2 2 2 2 2 2 2 2 2 2
left_child=1 2 5 4 -4 9 8 -8 12 10 -1 13 -7 -11
right_child=-2 -3 3 -5 -6 6 7 -9 -10 11 -12 -13 -14 -15
leaf_value=6.136396713150173e-05 0.0039841815591501314 0.0041314111574320125 0.0010421542757008549 0.00048397845482081061 0.0057208195982526074 -0.00062674287118446171 -0.0068793061345012009 -0.00034156058171841625 0.0029388636585458046 -0.00054675307361187655 0.0059595265321282518 0.0023387444264122417 0.00034355246845588607 -0.0032671604553438922
leaf_weight=3866 112 31 45 198 36 1368 30 44 34 840 36 34 410 36
leaf_count=3866 112 31 45 198 36 1368 30 44 34 840 36 34 410 36
internal_value=0 -5.64281e-05 -7.56248e-05 0.00127115 0.00316597 -0.000131905 -0.000446518 -0.00304838 -0.000338638 -8.52925e-06 0.000117294 -0.000547583 -0.000402929 -0.000662149
internal_weight=0 7008 6977 279 81 6698 1886 74 1812 4812 3902 910 1778 876
internal_count=7120 7008 6977 279 81 6698 1886 74 1812 4812 3902 910 1778 876
is_linear=0
shrinkage=0.03


Tree=115
num_leaves=15
num_cat=0
split_feature=140 70 220 270 80 169 41 18 297 232 137 143 335 63
split_gain=1.90438 0.730238 0.605116 0.45873 0.278906 0.48842 0.348847 0.307425 0.278274 0.332557 0.263293 0.254651 0.241172 0.238063
threshold=0.033073929138481624 0.032945737242698676 0.11089494079351427 0.0058365758741274485 0.013565891422331335 0.033073929138481624 0.091085299849510207 0.052123546600341804 1.0000000180025095e-35 0.0058365758741274485 0.017509727273136381 0.0097276263404637592 1.0000000180025095e-35 0.048449620604515083
decision_type=2 2 2 2 2 2 2 2 2 2 2 2 2 2
left_child=1 2 4 -3 6 7 8 -6 9 -1 -10 -11 -5 -2
right_child=13 3 -4 12 5 -7 -8 -9 10 11 -12 -13 -14 -15
leaf_value=1.2095166096898505e-05 0.0031173912898427056 -0.00049101517800049491 0.0040113421682326589 0.0037092699596780487 0.0014722974642468734 -0.0035943229037856813 0.0028987142965343081 -0.00044097035047212273 -0.00019173387033704644 0.00041535207222538639 0.002287183950583522 0.0019022647803698359 0.0014814309243334413 0.0069993414071557866
leaf_weight=864 30 85 31 60 78 42 36 1766 3466 250 38 177 165 32
leaf_count=864 30 85 31 60 78 42 36 1766 3466 250 38 177 165 32
internal_value=0 -3.88285e-05 -0.000104319 0.00138249 -0.000123907 -0.000433195 -3.09808e-06 -0.000359286 -2.54842e-05 0.000350866 -0.000164206 0.00103471 0.00208931 0.00520028
internal_weight=0 7058 6748 310 6717 1886 4831 1844 4795 1291 3504 427 225 62
internal_count=7120 7058 6748 310 6717 1886 4831 1844 4795 1291 3504 427 225 62
is_linear=0
shrinkage=0.03


Tree=116
num_leaves=15
num_cat=0
split_feature=1 220 5 256 179 75 2 337 1 2 320 46 278 162
split_gain=1.80355 0.555029 0.490419 0.376686 0.24152 0.306483 1.1089 2.61498 1.9704 0.272764 0.237427 0.218075 0.214658 0.247149
threshold=0.055769231170415885 0.11089494079351427 0.0096525095868855732 0.025291828438639644 0.017509727273136381 0.0058139534667134294 0.16730769723653796 0.0097276263404637592 0.32500028610229498 0.30192327499389654 0.048638131469488151 0.0058139534667134294 0.0097276263404637592 0.0097276263404637592
decision_type=2 2 2 2 2 2 2 2 2 2 2 2 2 2
left_child=-1 2 10 4 5 6 8 9 -4 -8 -2 -11 13 -7
right_child=1 -3 3 -5 -6 12 7 -9 -10 11 -12 -13 -14 -15
leaf_value=0.0041805774972865197 0.0044098896166730305 0.0038947625465516464 0.0022083047764646191 0.0026457852410773433 -0.0021064457586261495 -0.00022306475766014719 -1.800986734415972e-05 0.008977082634964436 -0.0083562660877677525 0.0022180025578426143 0.00082261624145566631 0.00016852008718315782 -0.0013472218272178919 0.00027820197541875098
leaf_weight=91 30 31 30 44 53 4931 406 33 32 110 37 81 133 1078
leaf_count=91 30 31 30 44 53 4931 406 33 32 110 37 81 133 1078
internal_value=0 -4.72239e-05 -6.52403e-05 -9.01013e-05 -0.000107962 -9.21572e-05 0.000505928 0.000884164 -0.00329047 0.000422553 0.00247009 0.00135425 -0.000159613 -0.000133107
internal_weight=0 7029 6998 6931 6887 6834 692 630 62 597 67 191 6142 6009
internal_count=7120 7029 6998 6931 6887 6834 692 630 62 597 67 191 6142 6009
is_linear=0
shrinkage=0.03


Tree=117
num_leaves=15
num_cat=0
split_feature=354 271 12 41 98 9 41 34 316 8 6 294 354 128
split_gain=1.71338 0.511946 0.614768 0.326604 0.274063 0.263391 0.323252 0.248726 0.273684 0.231695 0.284946 0.225244 0.341904 0.234184
threshold=0.6826922893524171 0.0408560298383236 0.13706563413143161 0.0058139534667134294 0.021400777623057369 0.17181472480297091 0.079457387328147902 0.13372097909450534 0.071984432637691512 0.040540538728237159 0.07915056869387628 0.0097276263404637592 0.56730771064758312 0.013618676923215391
decision_type=2 2 2 2 2 2 2 2 2 2 2 2 2 2
left_child=1 4 3 -3 5 6 11 8 -2 -5 -11 13 -13 -1
right_child=7 2 -4 9 -6 -7 -8 -9 -10 10 -12 12 -14 -15
leaf_value=-0.00019697478259780087 0.004422722687121741 0.0019234855700608182 0.0046971852679711743 -0.0020824124863961847 0.002656765824649483 -0.0028852247578869273 0.0023657886302990319 0.0060000793777045701 0.00094506204571211474 -0.00013345475409615545 0.0029376759435134855 9.5643990345465309e-05 0.0019840159330789826 -0.002732251453985968
leaf_weight=5346 42 114 36 40 31 30 46 30 40 154 32 1054 93 32
leaf_count=5346 42 114 36 40 31 30 46 30 40 154 32 1054 93 32
internal_value=0 -5.18397e-05 0.00102354 0.000621935 -0.000112953 -0.000126361 -0.000113328 0.00367192 0.00275813 -4.0181e-05 0.000407796 -0.000131166 0.00025035 -0.000212565
internal_weight=0 7008 376 340 6632 6601 6571 112 82 226 186 6525 1147 5378
internal_count=7120 7008 376 340 6632 6601 6571 112 82 226 186 6525 1147 5378
is_linear=0
shrinkage=0.03


Tree=118
num_leaves=15
num_cat=0
split_feature=140 18 26 12 116 310 11 209 270 9 41 64 294 117
split_gain=1.64326 0.551961 0.59082 0.519791 0.422613 0.386727 0.380534 0.309605 0.264406 0.250771 0.301223 0.247972 0.274129 0.256998
threshold=0.033073929138481624 0.13706563413143161 0.0058139534667134294 0.10231658443808557 0.0058365758741274485 0.0097276263404637592 0.059845551848411567 1.0000000180025095e-35 0.036964979022741325 0.17181472480297091 0.079457387328147902 0.0058139534667134294 0.017509727273136381 0.0058365758741274485
decision_type=2 2 2 2 2 2 2 2 2 2 2 2 2 2
left_child=1 9 3 8 -5 6 -4 -7 -3 10 11 -1 13 -13
right_child=-2 2 5 4 -6 7 -8 -9 -10 -11 -12 12 -14 -15
leaf_value=0.00018424913421029535 0.00483074785387587 0.00038539589038415949 -0.0045418702124152329 0.0020892539570358261 0.0063463689040872849 -0.00073408628576614242 -0.00036052788021222047 0.0027108944550719716 0.0029270921089814888 -0.002801460268449098 0.0022963249472253509 -0.00014868146003731863 0.0010367539431782591 -0.00068871290145594761
leaf_weight=1807 62 187 31 66 31 51 51 42 45 30 46 3498 148 1025
leaf_count=1807 62 187 31 66 31 51 51 42 45 30 46 3498 148 1025
internal_value=0 -3.59402e-05 0.000919749 0.00166717 0.00350065 -0.000486883 -0.00197696 0.000834 0.000888844 -0.000109561 -9.67555e-05 -0.0001141 -0.000229533 -0.000271188
internal_weight=0 7058 504 329 97 175 82 93 232 6554 6524 6478 4671 4523
internal_count=7120 7058 504 329 97 175 82 93 232 6554 6524 6478 4671 4523
is_linear=0
shrinkage=0.03


Tree=119
num_leaves=15
num_cat=0
split_feature=140 5 220 297 288 286 354 204 179 75 56 37 41 46
split_gain=1.54763 0.617334 0.487607 0.335362 0.287771 0.262936 0.258881 0.236582 0.223712 0.294531 1.03691 1.47334 1.31364 0.262976
threshold=0.033073929138481624 0.017374516930431131 0.11089494079351427 1.0000000180025095e-35 0.0058365758741274485 0.021400777623057369 0.54807692766189586 1.0000000180025095e-35 0.017509727273136381 0.0058139534667134294 0.0058139534667134294 0.032945737242698676 0.091085299849510207 0.0058139534667134294
decision_type=2 2 2 2 2 2 2 2 2 2 2 2 2 2
left_child=1 3 8 4 6 -6 -1 -2 9 10 11 -3 13 -12
right_child=7 2 -4 -5 5 -7 -8 -9 -10 -11 12 -13 -14 -15
leaf_value=-0.0009711055256854239 0.0065900766579133846 0.0088447861895791357 0.0036129144023288973 -0.0010818454536253258 0.0011273273134664182 0.0046775147629280886 0.0025158888346049932 0.0027593801356852053 -0.0020223375345166357 -0.00015001277959125414 0.00092250085748572016 -7.5453407370258834e-05 -0.00579825531131064 -0.00039214831947901983
leaf_weight=36 30 30 31 33 30 53 39 32 53 6097 374 36 31 215
leaf_count=36 30 30 31 33 30 53 39 32 53 6097 374 36 31 215
internal_value=0 -3.4825e-05 -8.17246e-05 0.00164299 0.00221533 0.00342301 0.000851377 0.00468813 -9.90051e-05 -8.3681e-05 0.00050522 0.0040507 0.000121883 0.000442769
internal_weight=0 7058 6867 191 158 83 75 62 6836 6783 686 66 620 589
internal_count=7120 7058 6867 191 158 83 75 62 6836 6783 686 66 620 589
is_linear=0
shrinkage=0.03


Tree=120
num_leaves=15
num_cat=0
split_feature=140 70 6 270 16 221 249 50 41 41 228 335 63 8
split_gain=1.45896 0.587076 0.474906 0.37681 0.260199 0.750436 0.684311 0.430887 0.36143 0.280831 0.231189 0.217464 0.21133 0.205575
threshold=0.033073929138481624 0.032945737242698676 0.16023169457912448 0.0058365758741274485 0.059845551848411567 0.0058365758741274485 1.0000000180025095e-35 0.025193798355758194 0.091085299849510207 0.025193798355758194 0.0097276263404637592 1.0000000180025095e-35 0.048449620604515083 0.052123546600341804
decision_type=2 2 2 2 2 2 2 2 2 2 2 2 2 2
left_child=1 2 4 -3 8 10 7 -7 9 13 -6 -5 -2 -1
right_child=12 3 -4 11 5 6 -8 -9 -10 -11 -12 -13 -14 -15
leaf_value=0.00084731885703513395 0.0026092306401340228 -0.00045721437145487489 0.0033930721639522485 0.003418482749753433 -8.3999085525482021e-05 -0.0073197531060976602 0.00042639557423221098 -0.0025314895744252548 0.0029155943539572525 -0.00032844362555661398 -0.0018859068133776455 0.0013050740380232862 0.0062389605898748746 3.3859949990463582e-05
leaf_weight=304 30 85 34 60 659 30 36 41 36 2179 70 165 32 3359
leaf_count=304 30 85 34 60 659 30 36 41 36 2179 70 165 32 3359
internal_value=0 -3.37326e-05 -9.24534e-05 0.00124067 -0.000110607 -0.000605492 -0.00293943 -0.00462826 -4.01307e-05 -5.88406e-05 -0.000259368 0.00188128 0.00455193 0.000101583
internal_weight=0 7058 6748 310 6714 836 107 71 5878 5842 729 225 62 3663
internal_count=7120 7058 6748 310 6714 836 107 71 5878 5842 729 225 62 3663
is_linear=0
shrinkage=0.03


Tree=121
num_leaves=15
num_cat=0
split_feature=354 220 70 285 32 80 1 4 74 171 9 283 137 75
split_gain=1.37821 0.441016 0.425874 0.351831 0.419987 0.238909 0.532746 1.47317 0.385818 0.320414 1.32703 0.304611 0.297176 0.265804
threshold=0.6826922893524171 0.11089494079351427 0.032945737242698676 1.0000000180025095e-35 0.0096899224445223826 0.013565891422331335 0.32500028610229498 0.048262543976306922 0.0096899224445223826 0.013618676923215391 0.15250967442989352 0.0058365758741274485 0.017509727273136381 0.0096899224445223826
decision_type=2 2 2 2 2 2 2 2 2 2 2 2 2 2
left_child=1 2 5 4 -4 9 8 -8 11 10 -1 -7 -11 -13
right_child=-2 -3 3 -5 -6 6 7 -9 -10 12 -12 13 -14 -15
leaf_value=6.8223991835619142e-05 0.0032934177792898951 0.0034675123580382205 0.00077122302811957245 0.00039732574692040435 0.0051064122899913706 -0.00056980297390878522 0.0014648240741902358 -0.0069172577397862015 0.0028260726529572692 -0.00061242850335136855 0.0060210593533359799 0.0019634505978013438 0.002207891862972506 -1.6849655548867304e-06
leaf_weight=3869 112 31 45 198 36 1368 36 38 34 876 33 75 34 335
leaf_count=3869 112 31 45 198 36 1368 36 38 34 876 33 75 34 335
internal_value=0 -4.63269e-05 -6.24342e-05 0.00108386 0.00273675 -0.000110337 -0.000396431 -0.00287433 -0.000293707 1.85317e-06 0.000120098 -0.000354921 -0.000504746 0.000361694
internal_weight=0 7008 6977 279 81 6698 1886 74 1812 4812 3902 1778 910 410
internal_count=7120 7008 6977 279 81 6698 1886 74 1812 4812 3902 1778 910 410
is_linear=0
shrinkage=0.03


Tree=122
num_leaves=15
num_cat=0
split_feature=354 6 286 345 335 9 221 277 9 278 24 15 4 240
split_gain=1.29741 0.424661 0.407972 0.28633 0.558829 0.229595 0.283466 1.51999 0.543913 0.233855 0.344588 0.225283 0.279681 0.193012
threshold=0.6826922893524171 0.16023169457912448 0.017509727273136381 1.0000000180025095e-35 1.0000000180025095e-35 0.17181472480297091 0.0097276263404637592 0.0058365758741274485 0.16023169457912448 0.0097276263404637592 0.021317829377949241 0.063706556335091605 0.071428563445806517 0.0058365758741274485
decision_type=2 2 2 2 2 2 2 2 2 2 2 2 2 2
left_child=1 2 5 -4 -5 6 8 -8 9 -1 -11 -2 -13 -6
right_child=11 -3 3 4 13 -7 7 -9 -10 10 -12 12 -14 -15
leaf_value=-0.00011371809877502059 0.0010265577296641739 0.0032514085743044104 0.0002185377727736897 0.0054800500149876285 -0.00048493392024697221 -0.0026809684853369908 0.00014050042189207653 0.0062165393432279904 -0.0036505995678598989 -0.0030507921601310951 0.00024826934065839105 0.0023916007494731075 0.0060333411294656494 0.0025561090338901108
leaf_weight=5767 32 34 135 33 43 30 744 38 39 59 54 45 35 32
leaf_count=5767 32 34 135 33 43 30 744 38 39 59 54 45 35 32
internal_value=0 -4.48678e-05 -6.14018e-05 0.00114368 0.00228749 -0.000105071 -9.31401e-05 0.000443318 -0.000164078 -0.000140336 -0.0014859 0.00319549 0.00403968 0.000829138
internal_weight=0 7008 6974 243 108 6731 6701 782 5919 5880 113 112 80 75
internal_count=7120 7008 6974 243 108 6731 6701 782 5919 5880 113 112 80 75
is_linear=0
shrinkage=0.03


Tree=123
num_leaves=15
num_cat=0
split_feature=140 5 220 297 288 286 9 41 6 115 258 275 70 17
split_gain=1.2592 0.49539 0.412731 0.295325 0.249271 0.22113 0.218673 0.286042 0.230138 0.305027 0.490285 0.345936 0.536039 0.280538
threshold=0.033073929138481624 0.017374516930431131 0.11089494079351427 1.0000000180025095e-35 0.0058365758741274485 0.021400777623057369 0.17181472480297091 0.079457387328147902 0.067567560821771636 0.0058365758741274485 0.013618676923215391 0.0058365758741274485 0.025193798355758194 0.086872573941946044
decision_type=2 2 2 2 2 2 2 2 2 2 2 2 2 2
left_child=1 3 6 4 -1 -6 7 8 -3 11 13 -10 -13 -11
right_child=-2 2 -4 -5 5 -7 -8 -9 9 10 -12 12 -14 -15
leaf_value=0.00074045147248972697 0.0042289178386064512 -0.00030465174339283489 0.0033258754533017055 -0.0010839217794401681 0.0010277503173077298 0.0042831880286232464 -0.0026031336951400003 0.002254618812684326 9.4417434781964189e-05 0.00021386932320732697 0.0030565971017561173 -0.0004376110992912861 -0.003815184276939059 0.0028629194044410004
leaf_weight=75 62 2759 31 33 30 53 30 46 2462 682 65 711 44 37
leaf_count=75 62 2759 31 33 30 53 30 46 2462 682 65 711 44 37
internal_value=0 -3.12623e-05 -7.32752e-05 0.00147174 0.00200897 0.00313277 -8.91739e-05 -7.77119e-05 -9.39139e-05 5.1446e-05 0.000581655 -7.79093e-05 -0.000639236 0.000353977
internal_weight=0 7058 6867 191 158 83 6836 6806 6760 4001 784 3217 755 719
internal_count=7120 7058 6867 191 158 83 6836 6806 6760 4001 784 3217 755 719
is_linear=0
shrinkage=0.03


Tree=124
num_leaves=15
num_cat=0
split_feature=140 5 6 56 335 306 204 50 56 41 24 354 123 64
split_gain=1.18591 0.466582 0.396804 0.264424 0.43755 0.339563 0.217862 0.216449 0.681318 0.614649 0.317152 0.32437 0.251248 0.221994
threshold=0.033073929138481624 0.017374516930431131 0.16023169457912448 0.0058139534667134294 1.0000000180025095e-35 0.0058365758741274485 1.0000000180025095e-35 0.013565891422331335 0.0058139534667134294 0.052325591444969184 0.013565891422331335 0.56730771064758312 0.0097276263404637592 0.0058139534667134294
decision_type=2 2 2 2 2 2 2 2 2 2 2 2 2 2
left_child=1 3 7 4 -1 -5 -2 8 -3 10 -10 12 -12 -9
right_child=6 2 -4 5 -6 -7 -8 13 9 -11 11 -13 -14 -15
leaf_value=0.0053734505519440227 0.0059206633101547912 0.0036395777071852025 0.0031151242119127087 0.0017721495238220085 0.00098062801707003797 -0.0017002714728524941 0.0022731962480412966 0.00014678697438726625 0.0023949865019712293 -0.0039883818783170181 0.00012163426770129061 -0.0024861290726694274 0.0024345342045869432 -0.00025855158982910422
leaf_weight=32 30 53 34 63 55 41 32 1679 60 30 523 39 45 4404
leaf_count=32 30 53 34 63 55 41 32 1679 60 30 523 39 45 4404
internal_value=0 -3.02836e-05 -7.10566e-05 0.00142836 0.00263908 0.000400059 0.00410406 -8.73641e-05 0.000393171 0.000141453 0.000332895 0.00012546 0.000308831 -0.000146666
internal_weight=0 7058 6867 191 87 104 62 6833 750 697 667 607 568 6083
internal_count=7120 7058 6867 191 87 104 62 6833 750 697 667 607 568 6083
is_linear=0
shrinkage=0.03


Tree=125
num_leaves=15
num_cat=0
split_feature=140 70 6 270 16 334 29 131 41 41 37 209 34 14
split_gain=1.11797 0.453269 0.376937 0.310543 0.228878 0.735217 1.26088 0.89168 0.349972 0.2566 0.199787 0.544572 0.319129 0.201042
threshold=0.033073929138481624 0.032945737242698676 0.16023169457912448 0.0058365758741274485 0.059845551848411567 0.0058365758741274485 0.021317829377949241 1.0000000180025095e-35 0.091085299849510207 0.025193798355758194 0.0058139534667134294 0.0058365758741274485 0.044573649764060981 0.13320462405681613
decision_type=2 2 2 2 2 2 2 2 2 2 2 2 2 2
left_child=1 2 4 -3 8 -6 7 -7 9 10 11 12 -1 -12
right_child=-2 3 -4 -5 5 6 -8 -9 -10 -11 13 -13 -14 -15
leaf_value=-0.00011332478302581464 0.0039848440897046764 -0.00045057507503918519 0.0030243405703388685 0.0016720587161958909 -8.5845226140511064e-05 0.0021567726059926345 -0.0077508389721474332 -0.0026745929123937009 0.0028774915545599889 -0.00030712135510990317 8.8612608290975856e-05 0.004020867964385875 0.0030180993487181908 -0.0010494811179822833
leaf_weight=211 62 85 34 225 651 50 30 105 36 2179 3233 41 33 145
leaf_count=211 62 85 34 225 651 50 30 105 36 2179 3233 41 33 145
internal_value=0 -2.9326e-05 -8.09228e-05 0.00109047 -9.70961e-05 -0.000561241 -0.00222466 -0.00111225 -3.09987e-05 -4.9411e-05 0.000103934 0.000865269 0.000320778 3.9464e-05
internal_weight=0 7058 6748 310 6714 836 185 155 5878 5842 3663 285 244 3378
internal_count=7120 7058 6748 310 6714 836 185 155 5878 5842 3663 285 244 3378
is_linear=0
shrinkage=0.03


Tree=126
num_leaves=15
num_cat=0
split_feature=354 220 286 345 134 230 278 24 176 1 14 320 232 346
split_gain=1.06004 0.358629 0.334957 0.237219 0.398286 0.216171 0.199295 0.22067 0.301927 0.209918 1.18179 1.27622 0.264968 0.31469
threshold=0.6826922893524171 0.11089494079351427 0.017509727273136381 1.0000000180025095e-35 0.0058365758741274485 1.0000000180025095e-35 0.0097276263404637592 0.021317829377949241 1.0000000180025095e-35 0.32500028610229498 0.028957529924809936 0.0097276263404637592 1.0000000180025095e-35 1.0000000180025095e-35
decision_type=2 2 2 2 2 2 2 2 2 2 2 2 2 2
left_child=1 2 6 -4 -5 -6 9 8 -8 12 -11 -12 -1 -14
right_child=-2 -3 3 4 5 -7 7 -9 -10 10 11 -13 13 -15
leaf_value=-0.00026085204773872124 0.0028885335692583657 0.0031282344827195628 0.00019493672417250789 -8.276748908784889e-05 0.0053569068317301568 0.0017847512603144753 -0.0043231669273227453 0.00025339160042560913 -0.00062670567971508714 -0.0046215823669108888 -0.00050744511519299536 0.0052240694927781616 4.5515083683325393e-05 0.00090433681422401194
leaf_weight=2318 112 31 135 45 31 32 34 54 47 58 635 36 3115 437
leaf_count=2318 112 31 135 45 31 32 34 54 47 58 635 36 3115 437
internal_value=0 -4.04394e-05 -5.49647e-05 0.00103698 0.00207808 0.00359872 -9.4516e-05 -0.0012313 -0.00221211 -7.10772e-05 -0.000550846 -0.000192626 -1.14106e-05 0.0001514
internal_weight=0 7008 6977 243 108 63 6734 135 81 6599 729 671 5870 3552
internal_count=7120 7008 6977 243 108 63 6734 135 81 6599 729 671 5870 3552
is_linear=0
shrinkage=0.03


Tree=127
num_leaves=15
num_cat=0
split_feature=140 70 220 270 9 41 204 331 64 349 326 307 118 140
split_gain=1.0134 0.405057 0.346418 0.282466 0.214881 0.285571 0.208672 0.200646 0.187313 0.240892 0.252049 0.328072 0.233624 0.232233
threshold=0.033073929138481624 0.032945737242698676 0.11089494079351427 0.0058365758741274485 0.17181472480297091 0.079457387328147902 1.0000000180025095e-35 1.0000000180025095e-35 0.0058139534667134294 1.0000000180025095e-35 0.0058365758741274485 1.0000000180025095e-35 0.0058365758741274485 0.017509727273136381
decision_type=2 2 2 2 2 2 2 2 2 2 2 2 2 2
left_child=1 2 4 -3 5 8 -2 -5 9 -1 12 -12 -11 -10
right_child=6 3 -4 7 -6 -7 -8 -9 13 10 11 -13 -14 -15
leaf_value=-9.5355925133011388e-05 0.0055675102187500844 -0.00043899170890569598 0.0030373202048940584 0.0011010312399184069 -0.0025834812186357956 0.0022503195649032737 0.0020128402617675335 0.0032680659550242126 -0.00021658433634738679 -0.00016202198103884064 0.0042642900728419222 0.00045835696423347007 0.0010345209609180939 0.002024330407979765
leaf_weight=1217 30 85 31 176 30 46 32 49 4712 316 36 46 273 41
leaf_count=1217 30 85 31 176 30 46 32 49 4712 316 36 46 273 41
internal_value=0 -2.79162e-05 -7.66918e-05 0.00103065 -9.15134e-05 -7.99491e-05 0.00379391 0.00158534 -9.64264e-05 0.000156313 0.000612231 0.0021605 0.000393386 -0.000196832
internal_weight=0 7058 6748 310 6717 6687 62 225 6641 1888 671 82 589 4753
internal_count=7120 7058 6748 310 6717 6687 62 225 6641 1888 671 82 589 4753
is_linear=0
shrinkage=0.03


Tree=128
num_leaves=15
num_cat=0
split_feature=354 6 306 134 50 56 54 105 62 63 9 69 354 41
split_gain=0.955133 0.329101 0.310107 0.321486 0.220647 0.67907 0.909653 0.567471 0.2412 0.45088 0.238231 0.272075 0.516616 0.260165
threshold=0.6826922893524171 0.16023169457912448 0.02918287925422192 0.0058365758741274485 0.013565891422331335 0.0058139534667134294 0.036821708083152778 0.017509727273136381 0.036821708083152778 0.029069767333567146 0.025096525438129905 1.0000000180025095e-35 0.56730771064758312 0.025193798355758194
decision_type=2 2 2 2 2 2 2 2 2 2 2 2 2 2
left_child=1 2 4 -4 5 6 -1 8 9 -7 11 -6 -13 -12
right_child=-2 -3 3 -5 10 7 -8 -9 -10 -11 13 12 -14 -15
leaf_value=0.0070584080562055588 0.0027419621542284669 0.0028634860515927099 0.00027224854337921565 0.0039427624628546511 0.0010238438305844155 0.00029491965056877234 0.00013004986246904502 -0.0035994107966710411 -0.0010948575640683091 0.0033358759401289715 6.6229351849858675e-05 -0.00072930870075681013 -0.0042605118730782779 -0.00034943829517512087
leaf_weight=30 112 34 56 34 55 515 38 34 92 47 3614 249 43 2167
leaf_count=30 112 34 56 34 55 515 38 34 92 47 3614 249 43 2167
internal_value=0 -3.83077e-05 -5.28632e-05 0.00168698 -7.58512e-05 0.000407374 0.00324468 0.000122641 0.000321342 0.000554708 -0.000135523 -0.000897858 -0.00126208 -8.96166e-05
internal_weight=0 7008 6974 90 6884 756 68 688 654 562 6128 347 292 5781
internal_count=7120 7008 6974 90 6884 756 68 688 654 562 6128 347 292 5781
is_linear=0
shrinkage=0.03


Tree=129
num_leaves=15
num_cat=0
split_feature=354 271 12 26 9 41 15 20 286 345 342 115 224 258
split_gain=0.899144 0.313962 0.451775 0.253073 0.20155 0.270813 0.185397 0.23427 0.181032 0.192249 0.185094 0.202295 0.437586 0.387338
threshold=0.6826922893524171 0.0408560298383236 0.13706563413143161 0.0058139534667134294 0.17181472480297091 0.079457387328147902 0.063706556335091605 0.0096899224445223826 0.017509727273136381 1.0000000180025095e-35 0.0096153847407549637 0.0058365758741274485 1.0000000180025095e-35 0.013618676923215391
decision_type=2 2 2 2 2 2 2 2 2 2 2 2 2 2
left_child=1 4 3 -3 5 8 -2 -8 10 -10 11 -1 -13 -14
right_child=6 2 -4 -5 -6 -7 7 -9 9 -11 -12 12 13 -15
leaf_value=-0.00019195780856420643 0.00070223714521324082 0.0008997504418157919 0.0039539646072866948 -0.0010549982738916992 -0.0024983320883925882 0.0021955147188434257 0.0018530096690069927 0.0051558547748840949 0.00032467050165230888 0.0027693656706373748 -0.0018321072968787381 -0.00036807527488279235 0.00049152655304316156 0.0029989003665978086
leaf_weight=4891 32 264 36 76 30 46 43 37 123 37 55 648 743 59
leaf_count=4891 32 264 36 76 30 46 43 37 123 37 55 648 743 59
internal_value=0 -3.71201e-05 0.000805028 0.000460994 -8.49798e-05 -7.36366e-05 0.00266043 0.00342537 -8.98904e-05 0.000903696 -0.000114883 -9.97018e-05 0.000211405 0.000679489
internal_weight=0 7008 376 340 6632 6602 112 80 6556 160 6396 6341 1450 802
internal_count=7120 7008 376 340 6632 6602 112 80 6556 160 6396 6341 1450 802
is_linear=0
shrinkage=0.03


Tree=130
num_leaves=15
num_cat=0
split_feature=354 256 6 306 179 9 169 15 4 29 270 121 1 10
split_gain=0.847308 0.312975 0.306426 0.289331 0.196338 0.417073 0.409908 0.174698 0.220608 0.169202 0.239735 0.235939 0.367433 0.19839
threshold=0.6826922893524171 0.025291828438639644 0.16023169457912448 0.02918287925422192 0.017509727273136381 0.16409270465373996 0.036964979022741325 0.063706556335091605 0.071428563445806517 0.017441860400140289 0.0058365758741274485 1.0000000180025095e-35 0.15576923638582232 0.0057915056822821507
decision_type=2 2 2 2 2 2 2 2 2 2 2 2 2 2
left_child=1 2 3 4 5 6 9 -2 -9 11 -11 -1 -13 -12
right_child=7 -3 -4 -5 -6 -7 -8 8 -10 10 13 12 -14 -15
leaf_value=3.0621115207197159e-05 0.00068180845965715978 0.0022606617967018258 0.0027465399748512675 0.0016128602809436455 -0.001891799838817355 0.0025504091779132271 -0.0031634020106866955 0.0018707313552326725 0.0050913300939525166 -0.00018412437494998811 0.0012401726785144407 -0.002333795174621464 -0.00035793530872726492 0.00021858054346629151
leaf_weight=1777 32 52 34 90 53 53 38 45 35 1499 195 88 1777 1352
leaf_count=1777 32 52 34 90 53 53 38 45 35 1499 195 88 1777 1352
internal_value=0 -3.59736e-05 -5.34647e-05 -6.76128e-05 -8.99829e-05 -7.56189e-05 -9.66877e-05 0.00258267 0.0033252 -7.87929e-05 8.61919e-05 -0.000216764 -0.000452367 0.000348071
internal_weight=0 7008 6956 6922 6832 6779 6726 112 80 6688 3046 3642 1865 1547
internal_count=7120 7008 6956 6922 6832 6779 6726 112 80 6688 3046 3642 1865 1547
is_linear=0
shrinkage=0.03


Tree=131
num_leaves=15
num_cat=0
split_feature=140 256 134 32 6 263 179 207 343 86 354 57 171 64
split_gain=0.840301 0.320092 0.418775 0.383281 0.289791 0.218231 0.188571 0.176951 0.730852 1.15463 0.534159 0.434637 0.450545 0.262756
threshold=0.033073929138481624 0.017509727273136381 0.0058365758741274485 0.029069767333567146 0.16023169457912448 0.025291828438639644 0.017509727273136381 1.0000000180025095e-35 1.0000000180025095e-35 1.0000000180025095e-35 0.39038461446762091 0.017441860400140289 0.0097276263404637592 0.0058139534667134294
decision_type=2 2 2 2 2 2 2 2 2 2 2 2 2 2
left_child=1 4 5 -4 6 -3 7 8 10 -10 -1 -11 -13 -9
right_child=-2 2 3 -5 -6 -7 -8 13 9 11 -12 12 -14 -15
leaf_value=-0.0037309961806749922 0.0034548159529055869 -0.0011373821554604402 0.0055966441504537098 0.00080837344735740647 0.0026664979074349894 0.0016239826935046213 -0.0018360967754819687 0.00021470826947243688 0.005489891172386705 0.0015118944157257997 -1.5890196012105034e-06 0.00086452013480343981 -0.0037895832314183389 -0.00025023885730626874
leaf_weight=35 62 56 30 30 34 46 53 1488 54 168 867 41 33 4123
leaf_count=35 62 56 30 30 34 46 53 1488 54 168 867 41 33 4123
internal_value=0 -2.53338e-05 0.00128866 0.00325501 -5.63844e-05 0.000111616 -7.02624e-05 -5.62498e-05 0.000274581 0.00156538 -0.000150271 0.000670676 -0.00123381 -0.000126922
internal_weight=0 7058 162 60 6896 102 6862 6809 1198 296 902 242 74 5611
internal_count=7120 7058 162 60 6896 102 6862 6809 1198 296 902 242 74 5611
is_linear=0
shrinkage=0.03


Tree=132
num_leaves=15
num_cat=0
split_feature=140 70 6 270 16 189 11 97 41 41 5 187 232 344
split_gain=0.791394 0.316359 0.275848 0.232546 0.204197 0.460736 0.598834 1.51169 0.317432 0.216132 0.220958 0.209583 0.185649 0.309753
threshold=0.033073929138481624 0.032945737242698676 0.16023169457912448 0.0058365758741274485 0.059845551848411567 1.0000000180025095e-35 0.059845551848411567 1.0000000180025095e-35 0.091085299849510207 0.025193798355758194 0.156370684504509 1.0000000180025095e-35 1.0000000180025095e-35 0.017307692673057321
decision_type=2 2 2 2 2 2 2 2 2 2 2 2 2 2
left_child=1 2 4 -3 8 11 -7 -8 9 10 12 -6 13 -1
right_child=-2 3 -4 -5 5 6 7 -9 -10 -11 -12 -13 -14 -15
leaf_value=-0.00028230635102072081 0.0033528165672240514 -0.00042227836966048923 0.0025887885562011171 0.0014142877941506098 -0.00012792975177051031 -0.0051574695136930261 0.0042146463301633635 -0.0051549964413167004 0.0027509245629472709 -0.00027310663613524069 -0.0010604378523892087 -0.0022411762656023102 0.00032292632838217986 0.0011760375661091231
leaf_weight=1210 62 85 34 225 691 41 30 30 36 2179 140 44 2167 146
leaf_count=1210 62 85 34 225 691 41 30 30 36 2179 140 44 2167 146
internal_value=0 -2.45396e-05 -6.76454e-05 0.000910975 -8.14812e-05 -0.000519886 -0.00240946 -0.000477883 -1.90511e-05 -3.65883e-05 0.000104145 -0.00025731 0.000150712 -0.000124536
internal_weight=0 7058 6748 310 6714 836 101 60 5878 5842 3663 735 3523 1356
internal_count=7120 7058 6748 310 6714 836 101 60 5878 5842 3663 735 3523 1356
is_linear=0
shrinkage=0.03


Tree=133
num_leaves=15
num_cat=0
split_feature=140 286 220 335 345 2 278 24 176 232 2 75 169 285
split_gain=0.745353 0.299167 0.277377 0.193182 0.401312 0.192479 0.173173 0.191604 0.229711 0.179965 0.418688 1.32484 1.12173 0.334597
threshold=0.033073929138481624 0.017509727273136381 0.11089494079351427 1.0000000180025095e-35 1.0000000180025095e-35 0.41730833053588873 0.0097276263404637592 0.021317829377949241 1.0000000180025095e-35 1.0000000180025095e-35 0.15576923638582232 0.0058139534667134294 0.0408560298383236 0.0058365758741274485
decision_type=2 2 2 2 2 2 2 2 2 2 2 2 2 2
left_child=1 2 5 4 -3 6 9 8 -8 13 11 -11 -12 -1
right_child=-2 3 -4 -5 -6 -7 7 -9 -10 10 12 -13 -14 -15
leaf_value=-0.00046167100210776267 0.0032538286450185944 0.00041057922499021515 0.0027239107625791803 0.00038418136178723969 0.0044907033714667163 0.0018172388768289238 -0.0037165159732103345 0.00026264768148857084 -0.00058693830442280159 -0.0067086585867561065 5.31458224430625e-05 0.00023993520297693435 0.0048164785606010499 0.00037638968995589811
leaf_weight=1886 62 53 31 178 36 47 38 54 47 33 3967 90 44 554
leaf_count=1886 62 53 31 178 36 47 38 54 47 33 3967 90 44 554
internal_value=0 -2.3813e-05 -6.26019e-05 0.000959313 0.00209253 -7.57813e-05 -8.93036e-05 -0.00113337 -0.00201299 -6.7059e-05 5.35342e-05 -0.00166339 0.000106586 -0.000271314
internal_weight=0 7058 6791 267 89 6760 6713 139 85 6574 4134 123 4011 2440
internal_count=7120 7058 6791 267 89 6760 6713 139 85 6574 4134 123 4011 2440
is_linear=0
shrinkage=0.03


Tree=134
num_leaves=15
num_cat=0
split_feature=1 256 220 306 134 16 334 29 73 169 169 152 1 256
split_gain=0.677111 0.279252 0.258363 0.241823 0.284743 0.176053 0.651802 1.1325 0.833424 0.248425 0.209388 0.192817 0.217244 0.190116
threshold=0.055769231170415885 0.025291828438639644 0.11089494079351427 0.02918287925422192 0.0058365758741274485 0.059845551848411567 0.0058365758741274485 0.021317829377949241 0.013565891422331335 0.056420233100652702 0.0097276263404637592 0.0058365758741274485 0.13653846830129626 1.0000000180025095e-35
decision_type=2 2 2 2 2 2 2 2 2 2 2 2 2 2
left_child=-1 2 3 5 -5 9 11 8 -8 10 -2 -7 -13 -12
right_child=1 -3 -4 4 -6 6 7 -9 -10 -11 13 12 -14 -15
leaf_value=0.0025620756052819123 7.4278689567014813e-05 0.0021619121801967804 0.0026447472001018468 0.0001498389642342533 0.0036020423536454989 -0.00060734838806302492 -0.00216070606967732 -0.0072863458127023712 0.0030943232471389429 0.0025031575517995017 2.0182456252410252e-06 0.0018841974680627962 5.539594720911726e-05 -0.00066681227995502468
leaf_weight=91 4353 51 31 56 34 332 121 30 34 34 762 69 355 767
leaf_count=91 4353 51 31 56 34 332 121 30 34 34 762 69 355 767
internal_value=0 -2.84071e-05 -4.4723e-05 -5.71033e-05 0.00147926 -7.74812e-05 -0.000458401 -0.00204936 -0.000995544 -1.68247e-05 -3.18141e-05 -6.68854e-05 0.000356741 -0.000333707
internal_weight=0 7029 6978 6947 90 6857 941 185 155 5916 5882 756 424 1529
internal_count=7120 7029 6978 6947 90 6857 941 185 155 5916 5882 756 424 1529
is_linear=0
shrinkage=0.03


Tree=135
num_leaves=15
num_cat=0
split_feature=140 70 9 41 220 335 56 204 64 34 69 294 222 63
split_gain=0.675978 0.270544 0.2585 0.261337 0.247769 0.198478 0.193406 0.193256 0.157887 0.217563 0.23247 0.224774 0.212417 0.209312
threshold=0.033073929138481624 0.032945737242698676 0.17181472480297091 0.079457387328147902 0.11089494079351427 1.0000000180025095e-35 0.0058139534667134294 1.0000000180025095e-35 0.0058139534667134294 0.040697678923606879 1.0000000180025095e-35 0.017509727273136381 0.0097276263404637592 0.0096899224445223826
decision_type=2 2 2 2 2 2 2 2 2 2 2 2 2 2
left_child=1 2 3 4 8 6 -3 -2 12 11 -11 -10 -1 -14
right_child=7 5 -4 -5 -6 -7 -8 -9 9 10 -12 -13 13 -15
leaf_value=-2.5948561009980912e-05 0.0047967740102490821 0.0037790969472068048 -0.0027957478014662136 0.0021793011970758598 0.0025678841843182454 0.00042074629983004518 0.00066833959396095258 0.0014096517776223747 -0.00024692682910170636 0.0031157262831488079 0.00032178864156459132 0.00093777043821636639 -0.00022822596440653735 0.0011524281251733711
leaf_weight=1432 30 35 30 46 31 238 37 32 4444 33 128 148 144 312
leaf_count=1432 30 35 30 46 31 238 37 32 4444 33 128 148 144 312
internal_value=0 -2.26731e-05 -6.25355e-05 -4.99158e-05 -6.56094e-05 0.000842453 0.00221157 0.00309871 -7.82872e-05 -0.00017047 0.000910157 -0.000208548 0.00015375 0.000716887
internal_weight=0 7058 6748 6718 6672 310 72 62 6641 4753 161 4592 1888 456
internal_count=7120 7058 6748 6718 6672 310 72 62 6641 4753 161 4592 1888 456
is_linear=0
shrinkage=0.03


Tree=136
num_leaves=15
num_cat=0
split_feature=140 256 227 32 6 204 179 278 76 1 343 214 169 221
split_gain=0.637249 0.255801 0.269981 0.238846 0.237915 0.182207 0.168627 0.161747 0.24693 0.317406 0.225321 0.914611 0.39113 0.232922
threshold=0.033073929138481624 0.017509727273136381 1.0000000180025095e-35 0.029069767333567146 0.16023169457912448 1.0000000180025095e-35 0.017509727273136381 0.0058365758741274485 0.032945737242698676 0.12884616106748584 0.005769230774603785 0.013618676923215391 0.036964979022741325 0.013618676923215391
decision_type=2 2 2 2 2 2 2 2 2 2 2 2 2 2
left_child=1 4 -3 -4 6 -2 7 10 9 -9 12 -12 13 -1
right_child=5 2 3 -5 -6 -7 -8 8 -10 -11 11 -13 -14 -15
leaf_value=-7.5478990725218049e-05 0.0046575127426730168 0.00014405824788085811 0.0042819825645225747 0.00063296294752358188 0.0024174621272832152 0.0013686437193642963 -0.0017321203647103782 -0.0027581445404159075 0.0016161726504564284 -0.000397242660928515 0.00026550897884304586 0.0055132561479695136 -0.0025191765593802398 0.0011832286723502498
leaf_weight=4881 30 97 35 30 34 32 53 54 49 763 840 30 57 135
leaf_count=4881 30 97 35 30 34 32 53 54 49 763 840 30 57 135
internal_value=0 -2.19426e-05 0.00115271 0.00263293 -4.97004e-05 0.0030087 -6.22752e-05 -4.9025e-05 -0.000431814 -0.000556469 6.81737e-06 0.000452588 -6.97047e-05 -4.13732e-05
internal_weight=0 7058 162 65 6896 62 6862 6809 866 817 5943 870 5073 5016
internal_count=7120 7058 162 65 6896 62 6862 6809 866 817 5943 870 5073 5016
is_linear=0
shrinkage=0.03


Tree=137
num_leaves=15
num_cat=0
split_feature=140 9 41 70 6 270 64 222 294 140 165 51 131 72
split_gain=0.600743 0.254446 0.248139 0.252245 0.227024 0.200808 0.146592 0.206418 0.195874 0.192988 0.192226 0.169412 0.227238 0.155463
threshold=0.033073929138481624 0.17181472480297091 0.079457387328147902 0.032945737242698676 0.16023169457912448 0.0058365758741274485 0.0058139534667134294 0.0097276263404637592 0.017509727273136381 0.017509727273136381 0.0097276263404637592 0.017441860400140289 0.0058365758741274485 0.0058139534667134294
decision_type=2 2 2 2 2 2 2 2 2 2 2 2 2 2
left_child=1 2 3 4 6 -5 7 -1 9 -8 11 12 -9 -13
right_child=-2 -3 -4 5 -6 -7 8 10 -10 -11 -12 13 -14 -15
leaf_value=-2.5381044690483491e-05 0.002921309157695976 -0.0027332031636145863 0.0021632347444191257 -0.00042738036910440166 0.0023470103447990756 0.0012789876627505537 -0.00021690075571635921 0.0010545184310988341 0.00090683779472386741 0.0018262211226725152 -0.00026606808313431427 0.0023613472966826522 0.0036475379814704259 4.3307398687404119e-05
leaf_weight=1432 62 30 46 85 34 225 4577 98 148 41 127 31 44 140
leaf_count=1432 62 30 46 85 34 225 4577 98 148 41 127 31 44 140
internal_value=0 -2.12479e-05 -9.28431e-06 -2.39054e-05 -6.28245e-05 0.000811243 -7.55194e-05 0.000149374 -0.000163866 -0.00019837 0.000716892 0.00111531 0.00187788 0.000474822
internal_weight=0 7058 7028 6982 6672 310 6638 1872 4766 4618 440 313 142 171
internal_count=7120 7058 7028 6982 6672 310 6638 1872 4766 4618 440 313 142 171
is_linear=0
shrinkage=0.03


Tree=138
num_leaves=15
num_cat=0
split_feature=354 256 220 306 134 278 24 176 162 14 300 169 51 19
split_gain=0.56696 0.230168 0.218667 0.211682 0.255247 0.165468 0.187234 0.266321 0.152622 0.260292 1.14949 0.834 0.254238 0.198227
threshold=0.6826922893524171 0.025291828438639644 0.11089494079351427 0.02918287925422192 0.0058365758741274485 0.0097276263404637592 0.021317829377949241 1.0000000180025095e-35 0.0097276263404637592 0.025096525438129905 1.0000000180025095e-35 0.056420233100652702 0.032945737242698676 0.094594579190015807
decision_type=2 2 2 2 2 2 2 2 2 2 2 2 2 2
left_child=1 2 3 5 -5 8 7 -7 9 10 -1 -11 13 -10
right_child=-2 -3 -4 4 -6 6 -8 -9 12 11 -12 -13 -14 -15
leaf_value=-0.00036331122384384602 0.0021127726900003916 0.0019402291108678391 0.002429946686297626 0.00012334995719261076 0.003391498734043645 -0.0039955101504123638 0.00027017043981080249 -0.00052569994441000747 3.5269355242731597e-05 -9.9854595239841462e-05 -0.0064377516945974232 0.0044822008019157989 0.0027759406034435544 0.0012678897217322225
leaf_weight=295 112 52 31 56 34 34 53 47 1003 5172 30 35 34 132
leaf_count=295 112 52 31 56 34 34 53 47 1003 5172 30 35 34 132
internal_value=0 -2.92859e-05 -4.42859e-05 -5.57111e-05 0.00138169 -7.48374e-05 -0.00111472 -0.00201313 -5.38796e-05 -0.0001197 -0.000942057 -6.82006e-05 0.000257434 0.000179612
internal_weight=0 7008 6956 6925 90 6835 134 81 6701 5532 325 5207 1169 1135
internal_count=7120 7008 6956 6925 90 6835 134 81 6701 5532 325 5207 1169 1135
is_linear=0
shrinkage=0.03


Tree=139
num_leaves=15
num_cat=0
split_feature=354 9 56 330 9 78 284 1 7 6 2 94 29 41
split_gain=0.533729 0.259338 0.24293 1.38146 0.642585 0.501046 0.20864 0.2786 0.268885 0.196993 0.18892 0.406416 0.176694 0.338658
threshold=0.6826922893524171 0.17181472480297091 0.0058139534667134294 1.0000000180025095e-35 0.16023169457912448 0.052325591444969184 0.0097276263404637592 0.14423077553510669 0.10231658443808557 0.16023169457912448 0.14423077553510669 1.0000000180025095e-35 0.017441860400140289 0.063953503966331496
decision_type=2 2 2 2 2 2 2 2 2 2 2 2 2 2
left_child=1 2 3 5 6 -1 9 8 -8 10 11 -4 -12 -14
right_child=-2 -3 4 -5 -6 -7 7 -9 -10 -11 12 -13 13 -15
leaf_value=-3.0814571719578933e-05 0.0020499504342741141 -0.0027662436263410435 -0.0038263701541083202 0.0060958569195721981 -0.0038143826954964003 0.0038334873860003424 -0.0039351201117096939 -0.00025364742115852517 -0.0008747877556997991 0.0022511641864797899 -0.00015440976589747754 0.00082996006716381414 0.00013721249418776455 0.0026789141649351221
leaf_weight=536 112 30 34 37 40 31 38 446 79 34 2847 32 2777 47
leaf_count=536 112 30 34 37 40 31 38 446 79 34 2847 32 2777 47
internal_value=0 -2.83846e-05 -1.62193e-05 0.000558292 -7.0739e-05 0.000186838 -4.6499e-05 -0.000597222 -0.00189367 7.32184e-06 -6.36617e-06 -0.00159006 1.23422e-05 0.000180448
internal_weight=0 7008 6978 604 6374 567 6334 563 117 5771 5737 66 5671 2824
internal_count=7120 7008 6978 604 6374 567 6334 563 117 5771 5737 66 5671 2824
is_linear=0
shrinkage=0.03


Tree=140
num_leaves=15
num_cat=0
split_feature=354 9 41 256 220 306 134 8 278 1 221 41 346 232
split_gain=0.502457 0.244503 0.240842 0.21219 0.201597 0.198502 0.238079 0.161667 0.147144 0.324193 0.225276 0.211407 0.271151 0.254993
threshold=0.6826922893524171 0.17181472480297091 0.079457387328147902 0.025291828438639644 0.11089494079351427 0.02918287925422192 0.0058365758741274485 0.036679536104202277 0.0058365758741274485 0.12884616106748584 0.013618676923215391 0.025193798355758194 1.0000000180025095e-35 1.0000000180025095e-35
decision_type=2 2 2 2 2 2 2 2 2 2 2 2 2 2
left_child=1 2 3 4 5 7 -7 -1 10 -10 11 12 -9 -14
right_child=-2 -3 -4 -5 -6 6 -8 8 9 -11 -12 -13 13 -15
leaf_value=-0.001231465407895527 0.0019889961615919783 -0.0026859331733336852 0.0021245669846006844 0.0018607305780597874 0.002330850231592194 0.00012063872093628896 0.0032769975373188828 1.7469584991900954e-05 -0.0027188164477858941 -0.00027418025841998789 0.0011341497200705549 -0.00028933808035862762 9.5860991952940815e-05 0.0017325616542342224
leaf_weight=106 112 30 46 52 31 56 34 3394 51 806 152 1908 174 168
leaf_count=106 112 30 46 52 31 56 34 3394 51 806 152 1908 174 168
internal_value=0 -2.75324e-05 -1.57201e-05 -3.02272e-05 -4.47877e-05 -5.5879e-05 0.00133595 -7.46069e-05 -5.59927e-05 -0.00042266 -1.71359e-06 -3.24993e-05 9.87123e-05 0.000902561
internal_weight=0 7008 6978 6932 6880 6849 90 6759 6653 857 5796 5644 3736 342
internal_count=7120 7008 6978 6932 6880 6849 90 6759 6653 857 5796 5644 3736 342
is_linear=0
shrinkage=0.03


Tree=141
num_leaves=15
num_cat=0
split_feature=140 50 56 220 105 24 354 123 68 329 326 18 274 21
split_gain=0.506354 0.213806 0.49819 0.890627 0.532775 0.250323 0.310852 0.198407 0.196679 0.309362 0.294815 0.313626 0.202872 0.193515
threshold=0.033073929138481624 0.013565891422331335 0.0058139534667134294 0.0097276263404637592 0.017509727273136381 0.013565891422331335 0.56730771064758312 0.0097276263404637592 0.013565891422331335 0.013618676923215391 0.0058365758741274485 0.098455581814050688 0.0097276263404637592 0.029069767333567146
decision_type=2 2 2 2 2 2 2 2 2 2 2 2 2 2
left_child=1 2 3 -1 5 -4 7 -7 12 10 13 -12 -3 -10
right_child=-2 8 4 -5 -6 6 -8 -9 9 -11 11 -13 -14 -15
leaf_value=0.0066598462977356492 0.0026819775961450343 7.3086117324841856e-05 0.0017274622956756501 -4.300098942029615e-05 -0.0034087217503360342 0.000158746574650252 -0.0024098846133565532 0.0022153945317614156 -0.000157507615715979 -0.0032394617333457885 -0.00060659357757821399 -0.0027713412466497779 -0.00072620253548152762 0.0013387037604115901
leaf_weight=30 62 4328 105 42 34 516 39 45 1053 32 375 71 305 83
leaf_count=30 62 4328 105 42 34 516 39 45 1053 32 375 71 305 83
internal_value=0 -1.9537e-05 0.00043842 0.00280282 0.000204582 0.000383422 0.000145732 0.000327367 -7.90506e-05 -0.000364136 -0.000303966 -0.000956635 2.03219e-05 -4.71081e-05
internal_weight=0 7058 811 72 739 705 600 561 6247 1614 1582 446 4633 1136
internal_count=7120 7058 811 72 739 705 600 561 6247 1614 1582 446 4633 1136
is_linear=0
shrinkage=0.03


Tree=142
num_leaves=15
num_cat=0
split_feature=354 9 41 271 12 26 57 83 285 328 62 90 120 56
split_gain=0.447101 0.223077 0.229991 0.192101 0.354121 0.18658 0.166446 0.305734 0.148247 0.189855 0.180272 0.159561 0.161766 0.190103
threshold=0.6826922893524171 0.17181472480297091 0.079457387328147902 0.0408560298383236 0.13706563413143161 0.0058139534667134294 0.017441860400140289 1.0000000180025095e-35 0.0097276263404637592 0.0058365758741274485 0.021317829377949241 1.0000000180025095e-35 0.0097276263404637592 0.013565891422331335
decision_type=2 2 2 2 2 2 2 2 2 2 2 2 2 2
left_child=1 2 3 8 5 6 7 -5 11 -10 -11 12 -1 -14
right_child=-2 -3 -4 4 -6 -7 -8 -9 9 10 -12 -13 13 -15
leaf_value=-0.00011172924910038802 0.0018762623301637152 -0.0025651966732355854 0.0020768562018496049 0.0036424921085791927 0.0034173405292519444 -0.00097590652861414683 -0.00078973816326146729 0.00056886412788004594 -5.4486322053174933e-05 0.00065304326902166341 0.0033478688210173435 -0.00043426930557841949 0.0019392865305053418 0.00020211401936917788
leaf_weight=4201 112 30 46 34 36 76 53 177 130 58 36 1034 59 1038
leaf_count=4201 112 30 46 34 36 76 53 177 130 58 36 1034 59 1038
internal_value=0 -2.59454e-05 -1.46626e-05 -2.88392e-05 0.000629698 0.000325379 0.000702261 0.00107899 -6.66979e-05 0.000690058 0.00170948 -9.35736e-05 -2.70113e-05 0.000297226
internal_weight=0 7008 6978 6932 376 340 264 211 6556 224 94 6332 5298 1097
internal_count=7120 7008 6978 6932 376 340 264 211 6556 224 94 6332 5298 1097
is_linear=0
shrinkage=0.03


Tree=143
num_leaves=15
num_cat=0
split_feature=140 286 6 204 50 0 304 6 1 105 311 337 3 17
split_gain=0.45953 0.195763 0.185789 0.178555 0.170929 0.593585 0.76356 0.707709 0.303246 0.248106 0.26287 0.237177 0.228654 0.471989
threshold=0.033073929138481624 0.017509727273136381 0.16023169457912448 1.0000000180025095e-35 0.013565891422331335 0.22115384787321093 1.0000000180025095e-35 0.048262543976306922 0.13269231468439105 1.0000000180025095e-35 0.0058365758741274485 0.0097276263404637592 0.3365387916564942 0.055984549224376685
decision_type=2 2 2 2 2 2 2 2 2 2 2 2 2 2
left_child=1 2 4 -2 5 6 -1 -7 9 10 -6 -9 13 -13
right_child=3 -3 -4 -5 8 7 -8 11 -10 -11 -12 12 -14 -15
leaf_value=0.0065004638957625793 0.00418233034118349 0.00077667194293071717 0.0021301378786031688 0.00094882240688258946 -0.0041895831582071472 -0.0033648969522411267 -0.00020663066909858775 0.000120348220503576 -8.5375006275903342e-05 0.00024724625766144265 -0.00060861860908356473 0.0053568717167945578 -0.00022194677596696865 0.00042881682689767327
leaf_weight=30 30 267 34 32 42 48 30 558 5867 41 33 31 38 39
leaf_count=30 30 267 34 32 42 48 30 558 5867 41 33 31 38 39
internal_value=0 -1.86029e-05 -4.99803e-05 0.00255497 -6.12639e-05 0.000357962 0.00319851 0.000115121 -0.000115548 -0.00162787 -0.0026427 0.000370602 0.00165061 0.00265595
internal_weight=0 7058 6791 62 6757 774 60 714 5983 116 75 666 108 70
internal_count=7120 7058 6791 62 6757 774 60 714 5983 116 75 666 108 70
is_linear=0
shrinkage=0.03


Tree=144
num_leaves=15
num_cat=0
split_feature=140 286 64 5 34 15 169 207 194 249 51 70 229 43
split_gain=0.433208 0.184221 0.184313 0.408595 0.251011 0.241894 0.565818 0.352442 0.583613 0.89529 0.293556 0.317121 0.390371 0.202532
threshold=0.033073929138481624 0.017509727273136381 0.0058139534667134294 0.025096525438129905 0.071705445647239699 0.032818533480167396 0.025291828438639644 1.0000000180025095e-35 0.0058365758741274485 1.0000000180025095e-35 0.029069767333567146 0.0058139534667134294 1.0000000180025095e-35 0.0058139534667134294
decision_type=2 2 2 2 2 2 2 2 2 2 2 2 2 2
left_child=1 2 3 -1 -5 6 -4 8 10 -10 11 12 -7 -13
right_child=-2 -3 5 4 -6 7 -8 -9 9 -11 -12 13 -14 -15
leaf_value=0.0032405181143146293 0.0024807684778768036 0.00075345874313458819 -0.00033185697686022672 0.0001835404050473003 -0.0024965464920387601 0.0035194022431022536 -0.0047360503814621443 -0.00021591147798007677 -0.00033278968623455827 0.006594174812712213 -0.0021923393470102124 0.00094414161925669758 0.00010856215110314743 -0.00038629210386647
leaf_weight=38 62 267 116 1842 31 58 33 4038 33 33 41 152 62 314
leaf_count=38 62 267 116 1842 31 58 33 4038 33 33 41 152 62 314
internal_value=0 -1.80156e-05 -4.84539e-05 0.000201232 0.000137874 -0.000146252 -0.00133235 -0.000108623 0.000515943 0.00317742 0.000231174 0.000404184 0.0017726 4.87616e-05
internal_weight=0 7058 6791 1911 1873 4880 149 4731 693 66 627 586 120 466
internal_count=7120 7058 6791 1911 1873 4880 149 4731 693 66 627 586 120 466
is_linear=0
shrinkage=0.03


Tree=145
num_leaves=15
num_cat=0
split_feature=76 2 78 247 271 169 169 29 43 2 17 342 0 232
split_gain=0.38395 0.265554 0.211019 0.31363 0.179825 0.595279 0.422559 0.474224 0.252943 0.318296 0.223447 0.163633 0.248858 0.211419
threshold=0.036821708083152778 0.35576963424682623 0.067829474806785597 0.021400777623057369 0.017509727273136381 0.017509727273136381 0.036964979022741325 0.025193798355758194 0.021317829377949241 0.3403849601745606 0.021235520951449875 1.0000000180025095e-35 0.34807729721069341 0.0058365758741274485
decision_type=2 2 2 2 2 2 2 2 2 2 2 2 2 2
left_child=2 -2 3 4 6 8 11 -8 10 -10 -6 -1 13 -13
right_child=1 -3 -4 -5 5 -7 7 -9 9 -11 -12 12 -14 -15
leaf_value=3.2781640663039116e-05 0.0001420986914828453 0.0020657005741174283 -0.0019244452550972126 0.0027686168235959486 0.002896409720027198 0.0043358380010944195 -0.0044991506962247605 0.00036339680579575623 -0.00011019240742078257 -0.0031201467848212985 0.0004365877771409499 -0.00060540075115144798 0.0012369160630491519 0.00018457508580308802
leaf_weight=4258 125 133 52 35 35 32 40 32 218 36 443 1184 87 410
leaf_count=4258 125 133 52 35 35 32 40 32 218 36 443 1184 87 410
internal_value=0 0.00113787 -3.87952e-05 -2.41163e-05 -3.89501e-05 0.000394276 -9.40697e-05 -0.00236264 0.000216287 -0.000547363 0.000622371 -6.61741e-05 -0.000316701 -0.000402219
internal_weight=0 258 6862 6810 6775 764 6011 72 732 254 478 5939 1681 1594
internal_count=7120 258 6862 6810 6775 764 6011 72 732 254 478 5939 1681 1594
is_linear=0
shrinkage=0.03


Tree=146
num_leaves=15
num_cat=0
split_feature=140 9 56 35 9 134 2 284 204 284 332 16 2 86
split_gain=0.388846 0.193487 0.211211 1.20889 0.600691 0.294835 0.390967 0.181456 0.169926 0.157512 0.244442 0.203538 0.174794 0.398335
threshold=0.033073929138481624 0.17181472480297091 0.0058139534667134294 0.017441860400140289 0.16023169457912448 0.0058365758741274485 0.25961542129516607 0.0097276263404637592 1.0000000180025095e-35 0.0097276263404637592 0.0097276263404637592 0.055984549224376685 0.14423077553510669 0.0058365758741274485
decision_type=2 2 2 2 2 2 2 2 2 2 2 2 2 2
left_child=1 2 3 5 9 -1 -7 -8 -2 12 -11 -12 13 -4
right_child=8 -3 4 -5 -6 6 7 -9 -10 10 11 -13 -14 -15
leaf_value=-0.00026510118401051511 0.0039366363976225862 -0.0023819381261484759 -0.0037235103101868712 0.0051493258112942442 -0.0036768872427140791 -0.00071368146209384905 0.0013916622078058456 0.0041628939784519991 0.00078895938328721305 -0.00028121425585257617 -0.00064960968882046843 -0.0039878445869732286 3.206868485450332e-05 0.00088503895962441508
leaf_weight=417 30 30 34 46 40 54 56 35 32 537 36 30 5711 32
leaf_count=417 30 30 34 46 40 54 56 35 32 537 36 30 5711 32
internal_value=0 -1.70481e-05 -6.61576e-06 0.000527328 -5.72566e-05 0.00014054 0.00130093 0.00249118 0.00235034 -3.39903e-05 -0.000494954 -0.00220386 1.42021e-05 -0.0015092
internal_weight=0 7058 7028 608 6420 562 145 91 62 6380 603 66 5777 66
internal_count=7120 7058 7028 608 6420 562 145 91 62 6380 603 66 5777 66
is_linear=0
shrinkage=0.03


Tree=147
num_leaves=15
num_cat=0
split_feature=140 9 343 210 169 334 216 60 231 115 316 259 6 101
split_gain=0.366588 0.182416 0.193439 1.03946 0.42563 0.259269 0.184515 0.189468 0.292624 0.174137 0.431638 0.251516 0.25857 0.240156
threshold=0.033073929138481624 0.17181472480297091 0.005769230774603785 0.013618676923215391 0.036964979022741325 1.0000000180025095e-35 0.013618676923215391 0.048449620604515083 1.0000000180025095e-35 0.0058365758741274485 0.0097276263404637592 0.0097276263404637592 0.067567560821771636 0.0097276263404637592
decision_type=2 2 2 2 2 2 2 2 2 2 2 2 2 2
left_child=1 2 4 5 6 -4 7 9 -9 13 11 -11 -13 -1
right_child=-2 -3 3 -5 -6 -7 -8 8 -10 10 -12 12 -14 -15
leaf_value=-0.00032367923171484274 0.0022820796269834749 -0.0023127850970617613 0.00072365863035752515 0.0055207868327167538 -0.0030144381348509342 -0.00021230701638226646 -0.00087640235784582478 0.0032584524869453159 8.7192662312745949e-05 -0.00011099652632352455 0.0016217984975886771 0.00042000480241792862 0.0036339409983801568 0.00013398832234570818
leaf_weight=2506 62 30 469 33 43 614 234 39 76 977 180 72 32 1753
leaf_count=2506 62 30 469 33 43 614 234 39 76 977 180 72 32 1753
internal_value=0 -1.65539e-05 -6.42444e-06 0.000355647 -7.48207e-05 0.000193312 -5.27734e-05 -1.84218e-05 0.00118148 -4.36292e-05 0.000265904 3.88409e-05 0.0014341 -0.000135317
internal_weight=0 7058 7028 1116 5912 1083 5869 5635 115 5520 1261 1081 104 4259
internal_count=7120 7058 7028 1116 5912 1083 5869 5635 115 5520 1261 1081 104 4259
is_linear=0
shrinkage=0.03


Tree=148
num_leaves=15
num_cat=0
split_feature=140 9 56 330 169 55 78 278 344 19 28 204 318 215
split_gain=0.345248 0.171985 0.192798 1.25951 0.589049 0.826625 0.366679 0.163123 0.29068 0.540303 0.24221 0.160554 0.159927 0.160007
threshold=0.033073929138481624 0.17181472480297091 0.0058139534667134294 1.0000000180025095e-35 0.033073929138481624 0.0058139534667134294 0.052325591444969184 0.0058365758741274485 0.040384616702795036 0.013513513375073673 0.044573649764060981 1.0000000180025095e-35 0.033073929138481624 0.0058365758741274485
decision_type=2 2 2 2 2 2 2 2 2 2 2 2 2 2
left_child=1 2 3 6 7 -6 -1 8 12 -10 -9 -2 13 -4
right_child=11 -3 4 -5 5 -7 -8 10 9 -11 -12 -13 -14 -15
leaf_value=-4.5037904642743456e-05 0.0037560930667865657 -0.0022456398119984735 7.9950375578836984e-05 0.0057925944646673375 0.00059411124384496357 -0.0063194179318088574 0.0030826144095044581 -0.00030862855552975574 0.0046739900484681126 0.00045198129598429654 -0.002858696528444333 0.00069962005332027644 -0.0017319823810248635 -0.00036897781562952907
leaf_weight=536 30 30 4428 37 30 31 35 808 32 159 34 32 47 851
leaf_count=536 30 30 4428 37 30 31 35 808 32 159 34 32 47 851
internal_value=0 -1.60209e-05 -6.18535e-06 0.000503953 -5.45685e-05 -0.00296458 0.000151729 -2.61919e-05 3.31922e-05 0.00117999 -0.000414869 0.0022147 -8.14793e-06 7.52483e-06
internal_weight=0 7058 7028 608 6420 61 571 6359 5517 191 842 62 5326 5279
internal_count=7120 7058 7028 608 6420 61 571 6359 5517 191 842 62 5326 5279
is_linear=0
shrinkage=0.03


Tree=149
num_leaves=15
num_cat=0
split_feature=354 256 9 6 306 8 134 316 31 75 20 2 354 235
split_gain=0.323762 0.164822 0.159291 0.156101 0.151704 0.205654 0.203873 0.180562 0.194343 0.152333 1.24457 1.01102 0.719932 0.154305
threshold=0.6826922893524171 0.025291828438639644 0.17181472480297091 0.16023169457912448 0.02918287925422192 0.036679536104202277 0.0058365758741274485 1.0000000180025095e-35 0.013565891422331335 0.0058139534667134294 1.0000000180025095e-35 0.15576923638582232 0.45576922595500952 1.0000000180025095e-35
decision_type=2 2 2 2 2 2 2 2 2 2 2 2 2 2
left_child=1 2 3 4 5 7 -6 -1 -9 10 -7 -12 -13 -11
right_child=-2 -3 -4 -5 6 9 -8 8 -10 13 11 12 -14 -15
leaf_value=0.00075769023658546247 0.0015966465745628111 0.001644590221134559 -0.0021804437137606944 0.0019732990548280735 5.787351744641599e-05 0.0052803933205326416 0.0029776624148445466 -0.0028652196881661699 -2.2599014508373596e-05 0.00018187317727509067 -0.0041237480781092014 0.0048575383836343402 0.00015030524257742881 -0.000164771621194142
leaf_weight=30 112 52 30 34 56 43 34 62 33 1556 47 30 517 4484
leaf_count=30 112 52 30 34 56 43 34 62 33 1556 47 30 517 4484
internal_value=0 -2.20605e-05 -3.47542e-05 -2.51467e-05 -3.52904e-05 -5.15616e-05 0.00118151 -0.00125229 -0.0018883 -2.88986e-05 0.000411974 5.12637e-05 0.000416865 -7.54551e-05
internal_weight=0 7008 6956 6926 6892 6802 90 125 95 6677 637 594 547 6040
internal_count=7120 7008 6956 6926 6892 6802 90 125 95 6677 637 594 547 6040
is_linear=0
shrinkage=0.03


Tree=150
num_leaves=15
num_cat=0
split_feature=354 256 9 41 6 278 24 176 41 189 274 216 308 60
split_gain=0.304778 0.155253 0.150185 0.245329 0.149376 0.135868 0.165812 0.2261 0.149535 0.165725 0.149681 0.164627 0.217988 0.151557
threshold=0.6826922893524171 0.025291828438639644 0.17181472480297091 0.079457387328147902 0.16023169457912448 0.0097276263404637592 0.021317829377949241 1.0000000180025095e-35 0.036821708083152778 0.0058365758741274485 0.0097276263404637592 0.013618676923215391 0.0097276263404637592 0.013565891422331335
decision_type=2 2 2 2 2 2 2 2 2 2 2 2 2 2
left_child=1 2 3 4 5 8 7 -7 10 -10 11 13 -13 -1
right_child=-2 -3 -4 -5 -6 6 -8 -9 9 -11 -12 12 -14 -15
leaf_value=-8.32157880844688e-05 0.0015491710754989159 0.0015961834568231595 -0.0021171404002234338 0.0021357271927247875 0.0019157915142630894 -0.003663426866488797 0.00031093837477480214 -0.00046685432913363907 -0.00028090122493452187 -0.0025052931553293618 -0.00050463967918082918 -0.00029526961511511983 -0.0027611599102199667 0.00025690515585095696
leaf_weight=1992 112 52 30 46 34 34 53 47 1123 30 427 216 37 2887
leaf_count=1992 112 52 30 46 34 34 53 47 1123 30 427 216 37 2887
internal_value=0 -2.13622e-05 -3.36819e-05 -2.43531e-05 -3.91038e-05 -4.90909e-05 -0.000991395 -0.00183694 -3.01337e-05 -0.000340899 3.43722e-05 7.93095e-05 -0.000665345 0.000118052
internal_weight=0 7008 6956 6926 6880 6846 134 81 6712 1153 5559 5132 253 4879
internal_count=7120 7008 6956 6926 6880 6846 134 81 6712 1153 5559 5132 253 4879
is_linear=0
shrinkage=0.03


Tree=151
num_leaves=15
num_cat=0
split_feature=140 50 221 101 12 15 170 146 46 82 77 64 322 18
split_gain=0.301223 0.163831 0.351434 0.469506 0.298663 0.222566 0.543688 0.190879 0.193109 0.177486 0.209974 0.167078 0.283301 0.265604
threshold=0.033073929138481624 0.013565891422331335 0.0097276263404637592 0.052529182285070426 0.032818533480167396 0.032818533480167396 1.0000000180025095e-35 0.0058365758741274485 0.0058139534667134294 1.0000000180025095e-35 0.032945737242698676 0.0058139534667134294 0.052529182285070426 0.048262543976306922
decision_type=2 2 2 2 2 2 2 2 2 2 2 2 2 2
left_child=1 2 4 -4 -1 -6 7 8 -7 10 -3 12 -11 -13
right_child=-2 9 3 -5 5 6 -8 -9 -10 11 -12 13 -14 -15
leaf_value=-0.0020526783781169796 0.002068645961712935 0.00037163986148065119 0.0050942139110225068 0.00028789766397411848 -0.0014478303920967797 0.00097733247472673234 0.0043848102020415209 -0.00037807817577980847 -0.0010807222907649391 9.0376680334175745e-05 0.0029290122280574656 -0.0026299604539526625 0.0023850507280323654 -0.00017394988949532647
leaf_weight=49 62 236 31 43 56 330 30 226 46 1539 32 39 49 4352
leaf_count=49 62 236 31 43 56 330 30 226 46 1539 32 39 49 4352
internal_value=0 -1.50026e-05 0.000385875 0.00234243 0.000186515 0.00034874 0.000509966 0.000309916 0.00072335 -6.70988e-05 0.000686751 -0.000100998 0.000162639 -0.000196358
internal_weight=0 7058 811 74 737 688 632 602 376 6247 268 5979 1588 4391
internal_count=7120 7058 811 74 737 688 632 602 376 6247 268 5979 1588 4391
is_linear=0
shrinkage=0.03


Tree=152
num_leaves=15
num_cat=0
split_feature=76 63 212 271 9 169 60 249 2 0 63 318 142 50
split_gain=0.289877 0.220848 0.200583 0.156898 0.14943 0.385401 0.14166 0.143612 0.165343 0.221774 0.167698 0.148324 0.167202 0.337226
threshold=0.036821708083152778 0.048449620604515083 1.0000000180025095e-35 0.0058365758741274485 0.16409270465373996 0.036964979022741325 0.056201562285423286 0.013618676923215391 0.39423131942749029 0.20192307978868487 0.087209329009056105 0.033073929138481624 0.021400777623057369 0.017441860400140289
decision_type=2 2 2 2 2 2 2 2 2 2 2 2 2 2
left_child=4 2 -2 -4 5 6 7 8 11 10 -10 12 -1 -14
right_child=1 -3 3 -5 -6 -7 -8 -9 9 -11 -12 -13 13 -15
leaf_value=-8.5227764085339287e-05 -0.0012259552199789818 0.0025346960588025725 0.00051348079441231671 0.0028863209875999015 0.0015095637900854593 -0.0029463429172614181 -0.0020202503335076472 0.00049521177817343288 -0.00092808970726541789 0.0032273654118480702 0.0016091667950774232 -0.0018140724357429213 0.0033675835809768421 -0.00033002794797842703
leaf_weight=6027 46 62 119 31 55 40 31 454 48 30 44 43 37 53
leaf_count=6027 46 62 119 31 55 40 31 454 48 30 44 43 37 53
internal_value=0 0.000988594 0.000489137 0.00101973 -3.38091e-05 -4.64994e-05 -2.89255e-05 -1.94626e-05 -5.6731e-05 0.00103239 0.000289636 -7.84654e-05 -6.59703e-05 0.0012104
internal_weight=0 258 196 150 6862 6807 6767 6736 6282 122 92 6160 6117 90
internal_count=7120 258 196 150 6862 6807 6767 6736 6282 122 92 6160 6117 90
is_linear=0
shrinkage=0.03


Tree=153
num_leaves=15
num_cat=0
split_feature=76 69 291 78 247 179 343 210 7 320 169 334 221 37
split_gain=0.27304 0.239157 0.270139 0.194356 0.280579 0.147888 0.184746 0.949014 0.263057 0.4281 0.257961 0.182277 0.185491 0.247219
threshold=0.036821708083152778 1.0000000180025095e-35 1.0000000180025095e-35 0.067829474806785597 0.021400777623057369 0.017509727273136381 0.005769230774603785 0.013618676923215391 0.025096525438129905 1.0000000180025095e-35 0.036964979022741325 1.0000000180025095e-35 0.0097276263404637592 0.029069767333567146
decision_type=2 2 2 2 2 2 2 2 2 2 2 2 2 2
left_child=3 2 -2 4 5 6 10 8 9 -8 -1 -10 13 -13
right_child=1 -3 -4 -5 -6 -7 7 -9 11 -11 -12 12 -14 -15
leaf_value=-6.8511056546217275e-05 0.0035798511444590985 6.479628610816832e-05 0.00074435696217485449 -0.0018424544514833404 0.0026227853951907793 -0.001596432093065232 0.0043673897458409716 0.0052711037009173789 0.00052802931296261292 0.00047804111519087058 -0.0020796285939286463 -0.00035476990548746756 0.0012779756289857782 -0.003080704479070846
leaf_weight=5579 50 132 76 52 35 53 32 33 347 113 57 474 56 31
leaf_count=5579 50 132 76 52 35 53 32 33 347 113 57 474 56 31
internal_value=0 0.000959482 0.00188888 -3.27858e-05 -1.8699e-05 -3.27301e-05 -2.01653e-05 0.000337938 0.000178483 0.00136041 -8.92159e-05 -1.15505e-05 -0.000345647 -0.000527862
internal_weight=0 258 126 6862 6810 6775 6722 1086 1053 145 5636 908 561 505
internal_count=7120 258 126 6862 6810 6775 6722 1086 1053 145 5636 908 561 505
is_linear=0
shrinkage=0.03


Tree=154
num_leaves=15
num_cat=0
split_feature=76 69 291 78 247 64 222 344 15 78 41 351 235 286
split_gain=0.257162 0.225279 0.254511 0.183092 0.264441 0.15705 0.283534 0.378091 0.198483 0.894876 0.27016 0.199269 0.190407 0.171545
threshold=0.036821708083152778 1.0000000180025095e-35 1.0000000180025095e-35 0.067829474806785597 0.021400777623057369 0.0058139534667134294 0.0097276263404637592 0.040384616702795036 0.032818533480167396 0.0096899224445223826 0.079457387328147902 0.0096153847407549637 1.0000000180025095e-35 0.0058365758741274485
decision_type=2 2 2 2 2 2 2 2 2 2 2 2 2 2
left_child=3 2 -2 4 5 6 -1 13 9 -7 12 -11 -10 -8
right_child=1 -3 -4 -5 -6 8 7 -9 10 11 -12 -13 -14 -15
leaf_value=-1.4520503682433626e-05 0.0034745613666360867 6.2867018728538014e-05 0.0007223163012040222 -0.0017882236964420748 0.0025462874773559937 -0.0053941953371145898 0.00035723725972455566 0.0040442782578869697 0.00018603458524954844 0.0021451045289605617 0.0022023670828354588 -0.00066040789167028525 -0.00023027785308053794 0.0019875449440239562
leaf_weight=1351 50 132 76 52 35 34 372 30 1400 30 45 85 3360 68
leaf_count=1351 50 132 76 52 35 34 372 30 1400 30 45 85 3360 68
internal_value=0 0.000931206 0.00183324 -3.1778e-05 -1.81055e-05 -3.17272e-05 0.000206439 0.000840261 -0.000119297 -0.00119396 -8.57304e-05 8.36479e-05 -0.00010782 0.000613129
internal_weight=0 258 126 6862 6810 6775 1821 470 4954 149 4805 115 4760 440
internal_count=7120 258 126 6862 6810 6775 1821 470 4954 149 4805 115 4760 440
is_linear=0
shrinkage=0.03


Tree=155
num_leaves=15
num_cat=0
split_feature=256 134 64 6 268 9 169 64 222 322 326 210 102 285
split_gain=0.248696 0.287392 0.315262 0.173852 0.169522 0.141215 0.355568 0.128282 0.265559 0.357994 0.269103 0.342992 0.176191 0.172794
threshold=0.017509727273136381 0.0058365758741274485 0.036821708083152778 0.063706556335091605 0.013618676923215391 0.16409270465373996 0.036964979022741325 0.0058139534667134294 0.0097276263404637592 0.048638131469488151 0.0058365758741274485 0.0058365758741274485 0.013618676923215391 0.0058365758741274485
decision_type=2 2 2 2 2 2 2 2 2 2 2 2 2 2
left_child=5 3 4 -2 -3 6 7 8 -1 10 -10 -12 13 -9
right_child=1 2 -4 -5 -6 -7 -8 12 9 -11 11 -13 -14 -15
leaf_value=-1.5656899385184553e-05 -0.00111392333637923 0.0026798629193217492 0.0045417501823976636 0.0013961515246277173 -0.00017284747456078944 0.0014725997354253194 -0.0028254468310851513 -0.00025219108866021543 0.00020782410432898334 0.0039268636418836973 0.0036999401874840258 -7.920127224609202e-05 0.00052480908983813487 0.0001963121371985874
leaf_weight=1428 62 31 32 40 45 55 40 3569 345 30 49 38 370 986
leaf_count=1428 62 31 32 40 45 55 40 3569 345 30 49 38 370 986
internal_value=0 0.00101776 0.00208883 -0.000125582 0.00101045 -2.77907e-05 -4.00418e-05 -2.3281e-05 0.000186766 0.000811119 0.000586179 0.00206714 -0.000103909 -0.000155084
internal_weight=0 210 108 102 76 6910 6855 6815 1890 462 432 87 4925 4555
internal_count=7120 210 108 102 76 6910 6855 6815 1890 462 432 87 4925 4555
is_linear=0
shrinkage=0.03


Tree=156
num_leaves=15
num_cat=0
split_feature=76 63 212 78 247 9 41 270 64 354 43 76 84 112
split_gain=0.235278 0.194692 0.180977 0.173497 0.246808 0.146627 0.247837 0.160446 0.195606 0.506303 0.236188 0.176607 0.164748 0.161732
threshold=0.036821708083152778 0.048449620604515083 1.0000000180025095e-35 0.067829474806785597 0.021400777623057369 0.17181472480297091 0.079457387328147902 0.0058365758741274485 0.0058139534667134294 0.56346154212951671 0.0058139534667134294 0.032945737242698676 0.025291828438639644 0.0058365758741274485
decision_type=2 2 2 2 2 2 2 2 2 2 2 2 2 2
left_child=3 2 -2 4 5 6 7 13 9 11 -10 -9 -12 -1
right_child=1 -3 -4 -5 -6 -7 -8 8 10 -11 12 -13 -14 -15
leaf_value=-0.00021408518694306908 -0.0012066791444382769 0.0023422772987257865 0.0009261914908499317 -0.0017401494055916116 0.0024603843964481104 -0.0020887046107541649 0.0021501597536212587 0.00021995788196959966 0.00087455691275703453 0.0034824753990505995 -6.6608856766739731e-05 0.0021495405705645679 -0.0012066629447412391 0.0010611674102414246
leaf_weight=3326 46 62 150 52 35 30 46 841 232 47 1998 44 120 91
leaf_count=3326 46 62 150 52 35 30 46 841 232 47 1998 44 120 91
internal_value=0 0.000890751 0.000422036 -3.03473e-05 -1.70379e-05 -3.01976e-05 -2.07337e-05 -3.59592e-05 0.000113831 0.000481343 -3.20653e-05 0.00031821 -0.00013174 -0.000179823
internal_weight=0 258 196 6862 6810 6775 6745 6699 3282 932 2350 885 2118 3417
internal_count=7120 258 196 6862 6810 6775 6745 6699 3282 932 2350 885 2118 3417
is_linear=0
shrinkage=0.03


Tree=157
num_leaves=15
num_cat=0
split_feature=140 50 0 304 6 24 105 46 82 77 249 0 4 1
split_gain=0.225504 0.149934 0.475912 0.643703 0.629387 0.205366 0.231664 0.19494 0.162368 0.195351 0.153329 0.155597 0.234272 0.265184
threshold=0.033073929138481624 0.013565891422331335 0.22115384787321093 1.0000000180025095e-35 0.048262543976306922 0.013565891422331335 0.013618676923215391 0.0058139534667134294 1.0000000180025095e-35 0.032945737242698676 0.013618676923215391 0.3365387916564942 0.086872573941946044 0.13653846830129626
decision_type=2 2 2 2 2 2 2 2 2 2 2 2 2 2
left_child=1 2 3 -1 -4 -6 7 -7 9 -3 11 12 -10 -14
right_child=-2 8 4 -5 5 6 -8 -9 10 -11 -12 -13 13 -15
leaf_value=0.0059508538145511859 0.0017899886207167236 0.00035441583241306574 -0.0031244057520501771 -0.00020683922322801195 0.0015168233522419826 0.0002010344059821033 0.0025615011488416177 -0.0016516518136976579 -9.9663668856104994e-05 0.0028210913747633722 0.00044930996451815496 0.00064077457288796123 -0.0028721651677187767 -0.00054323430622439661
leaf_weight=30 62 236 48 30 120 494 33 56 4738 32 431 221 47 542
leaf_count=30 62 236 48 30 120 494 33 56 4738 32 431 221 47 542
internal_value=0 -1.28541e-05 0.000370644 0.00291909 0.000163429 0.000392038 0.00015832 9.74206e-06 -6.2692e-05 0.000658337 -9.51158e-05 -0.000137483 -0.000169885 -0.000733627
internal_weight=0 7058 811 60 751 703 583 550 6247 268 5979 5548 5327 589
internal_count=7120 7058 811 60 751 703 583 550 6247 268 5979 5548 5327 589
is_linear=0
shrinkage=0.03


Tree=158
num_leaves=15
num_cat=0
split_feature=7 235 2 169 232 119 12 0 274 220 60 115 326 64
split_gain=0.216329 0.146332 0.236536 1.29818 1.2164 0.212099 0.207084 0.515068 0.183774 0.182315 0.199792 0.238498 0.327376 0.174484
threshold=0.17567573487758639 1.0000000180025095e-35 0.15576923638582232 0.0408560298383236 0.0058365758741274485 0.0097276263404637592 0.10231658443808557 0.26346158981323248 0.0097276263404637592 1.0000000180025095e-35 0.013565891422331335 0.0058365758741274485 0.0058365758741274485 0.017441860400140289
decision_type=2 2 2 2 2 2 2 2 2 2 2 2 2 2
left_child=1 6 4 5 -3 8 -1 -8 9 -4 -11 -12 -13 -7
right_child=-2 2 3 -5 -6 13 7 -9 -10 10 11 12 -14 -15
leaf_value=0.00012247164920567587 0.0021758977952981138 0.00035316740307358226 -0.00030936712807773018 0.0052567333636078526 -0.0059774182979772618 -0.00054541457600697121 0.0043009802934370544 0.0002518051786293134 -0.00070820957249515199 -0.00024101217372191912 0.00012286427825871057 0.00058920293047003613 0.003001576307358156 -0.0025529655938523565
leaf_weight=1808 40 104 1167 40 36 351 37 111 347 907 1666 406 57 43
leaf_count=1808 40 104 1167 40 36 351 37 111 347 907 1666 406 57 43
internal_value=0 -9.54761e-06 -9.38141e-05 -5.95216e-05 -0.00130555 -0.000103588 0.000211135 0.00128617 -4.56878e-05 9.16554e-06 0.000131667 0.000290475 0.000892019 -0.000770421
internal_weight=0 7080 5124 4984 140 4944 1956 148 4550 4203 3036 2129 463 394
internal_count=7120 7080 5124 4984 140 4944 1956 148 4550 4203 3036 2129 463 394
is_linear=0
shrinkage=0.03


Tree=159
num_leaves=15
num_cat=0
split_feature=127 15 3 9 41 240 142 17 285 52 144 232 2 10
split_gain=0.206365 0.23974 0.215873 0.156484 0.228684 0.126982 0.12466 0.157177 0.123355 0.191375 0.256746 0.190072 0.251761 0.209435
threshold=0.017509727273136381 0.083011571317911162 0.27115392684936529 0.17181472480297091 0.079457387328147902 0.0058365758741274485 1.0000000180025095e-35 0.040540538728237159 0.0058365758741274485 0.032945737242698676 1.0000000180025095e-35 1.0000000180025095e-35 0.40961599349975591 0.0057915056822821507
decision_type=2 2 2 2 2 2 2 2 2 2 2 2 2 2
left_child=3 2 -2 4 8 6 -3 -8 9 11 -11 12 -1 -13
right_child=1 5 -4 -5 -6 -7 7 -9 -10 10 -12 13 -14 -15
leaf_value=-0.00036209992915499633 0.00090778610599069923 0.00054474609214168516 0.0037144375522927329 -0.0021581384596497479 0.0020635489553232937 0.0018705836863227886 -0.0021975072862013526 0.00055153525536297818 0.00023689744697898493 -0.0033865563120107742 -0.00012750276312645939 0.00061130378823936657 0.0022065013134186821 -3.9764812669184355e-05
leaf_weight=1872 73 93 37 30 46 31 45 31 1217 36 53 521 34 3001
leaf_count=1872 73 93 37 30 46 31 45 31 1217 36 53 521 34 3001
internal_value=0 0.000758693 0.0018768 -3.15403e-05 -2.18137e-05 0.000137456 -0.000189589 -0.00108359 -3.63631e-05 -9.66739e-05 -0.00146875 -7.39103e-05 -0.000315147 5.66922e-05
internal_weight=0 310 110 6810 6780 200 169 76 6734 5517 89 5428 1906 3522
internal_count=7120 310 110 6810 6780 200 169 76 6734 5517 89 5428 1906 3522
is_linear=0
shrinkage=0.03


Tree=160
num_leaves=15
num_cat=0
split_feature=256 134 29 82 9 120 80 1 30 279 309 74 18 37
split_gain=0.201699 0.235719 0.245491 0.154782 0.148325 0.143615 0.126208 0.424531 1.1466 0.424152 1.0084 0.351269 0.223921 0.167319
threshold=0.017509727273136381 0.0058365758741274485 1.0000000180025095e-35 0.0096899224445223826 0.17181472480297091 1.0000000180025095e-35 0.013565891422331335 0.32500028610229498 0.0096899224445223826 0.0058365758741274485 0.0058365758741274485 0.0096899224445223826 0.052123546600341804 0.0058139534667134294
decision_type=2 2 2 2 2 2 2 2 2 2 2 2 2 2
left_child=4 5 3 -3 6 -2 9 11 -9 13 -11 12 -8 -1
right_child=1 2 -4 -5 -6 -7 7 8 -10 10 -12 -13 -14 -15
leaf_value=0.00065068639537363697 -0.0010724099790677428 0.0044566415481762413 0.00011990320654480123 0.0014799572802572088 -0.0020954827509910589 0.0011842133951458064 0.0014794659936534507 -0.0059049550631898448 0.0014957994179470308 0.00025102988470698128 0.0060999626961669752 0.0028476668750601155 -0.00024990396205002948 -3.2636767338816203e-05
leaf_weight=347 59 33 43 32 30 43 69 39 35 110 34 34 1811 4401
leaf_count=347 59 33 43 32 30 43 69 39 35 110 34 34 1811 4401
internal_value=0 0.000916592 0.00188661 0.00303582 -2.49992e-05 -0.000118827 -1.56677e-05 -0.000217167 -0.00243133 6.62446e-05 0.00166457 -0.000130337 -0.00018568 1.74293e-05
internal_weight=0 210 108 65 6910 102 6880 1988 74 4892 144 1914 1880 4748
internal_count=7120 210 108 65 6910 102 6880 1988 74 4892 144 1914 1880 4748
is_linear=0
shrinkage=0.03


Tree=161
num_leaves=15
num_cat=0
split_feature=256 134 64 268 6 9 75 2 354 182 74 38 80 322
split_gain=0.190135 0.22216 0.285479 0.166568 0.155787 0.139844 0.138705 0.774181 2.7195 1.03438 0.189065 0.315596 0.273584 0.236395
threshold=0.017509727273136381 0.0058365758741274485 0.036821708083152778 0.013618676923215391 0.063706556335091605 0.17181472480297091 0.0096899224445223826 0.15576923638582232 0.4211538434028626 1.0000000180025095e-35 1.0000000180025095e-35 0.021317829377949241 0.021317829377949241 0.017509727273136381
decision_type=2 2 2 2 2 2 2 2 2 2 2 2 2 2
left_child=5 4 3 -3 -2 6 7 9 -9 -1 11 -10 13 -13
right_child=1 2 -4 -5 -6 -7 -8 8 10 -11 -12 12 -14 -15
leaf_value=0.00091534707366543655 -0.0010508473505753846 0.00246343235950917 0.0041646132186393845 -0.00036107479756617025 0.0013252366434146718 -0.0020346462094194945 -7.5209169387550323e-05 0.0089606681034307585 -0.00015181905581135701 -0.0065163168823560488 -0.00025385624596737944 0.00060175741777372606 0.0038140751372768796 0.0033864978331351468
leaf_weight=33 62 31 32 45 40 30 5740 32 288 33 446 246 32 30
leaf_count=33 62 31 32 45 40 30 5740 32 288 33 446 246 32 30
internal_value=0 0.000889971 0.00183168 0.000808057 -0.00011523 -2.42295e-05 -1.51688e-05 0.000286941 0.000481705 -0.00284228 0.000212973 0.000562151 0.00122809 0.000915579
internal_weight=0 210 108 76 102 6910 6880 1140 1074 66 1042 596 308 276
internal_count=7120 210 108 76 102 6910 6880 1140 1074 66 1042 596 308 276
is_linear=0
shrinkage=0.03


Tree=162
num_leaves=15
num_cat=0
split_feature=127 353 179 56 35 169 353 24 353 29 322 52 161 283
split_gain=0.180717 0.15393 0.135278 0.168241 1.31299 0.876339 0.157481 0.193998 0.138648 0.11405 0.230468 0.200191 0.170005 0.148343
threshold=0.017509727273136381 0.4211538434028626 0.017509727273136381 0.0058139534667134294 0.017441860400140289 0.056420233100652702 0.49807691574096685 0.017441860400140289 0.47884614765644079 0.017441860400140289 0.052529182285070426 1.0000000180025095e-35 0.0058365758741274485 0.0058365758741274485
decision_type=2 2 2 2 2 2 2 2 2 2 2 2 2 2
left_child=2 -2 3 4 6 9 7 -1 -9 13 11 12 -11 -5
right_child=1 -3 -4 5 -6 -7 -8 8 -10 10 -12 -13 -14 -15
leaf_value=0.0018418962507584021 0.0023130527343196063 0.00043015621751172663 -0.0015250425277756423 -0.00022068968241703056 0.0051749605792800286 -0.0050123732739302792 -0.00069966452108528756 -0.0003270866385161966 0.0016179878411785465 0.0020897704825844042 0.0019886099140306837 1.1030117181137275e-05 -0.00028991499599734585 0.00049713342131858101
leaf_weight=67 45 265 53 2961 48 31 174 187 39 77 56 2793 41 283
leaf_count=67 45 265 53 2961 48 31 174 187 39 77 56 2793 41 283
internal_value=0 0.000710039 -2.94586e-05 -1.75038e-05 0.000503116 -6.05315e-05 1.2895e-05 0.000436994 1.42169e-05 -3.50133e-05 9.93917e-05 6.23777e-05 0.00126744 -0.000157934
internal_weight=0 310 6810 6757 515 6242 467 293 226 6211 2967 2911 118 3244
internal_count=7120 310 6810 6757 515 6242 467 293 226 6211 2967 2911 118 3244
is_linear=0
shrinkage=0.03


Tree=163
num_leaves=15
num_cat=0
split_feature=50 56 156 9 263 82 77 249 43 39 166 79 214 216
split_gain=0.182959 0.38349 0.764685 0.484214 0.219589 0.147868 0.180397 0.138049 0.129904 0.135067 0.262178 0.218047 0.193053 0.161786
threshold=0.013565891422331335 0.0058139534667134294 1.0000000180025095e-35 0.12162159755825998 0.013618676923215391 1.0000000180025095e-35 0.032945737242698676 0.013618676923215391 0.056201562285423286 0.0058139534667134294 0.0097276263404637592 0.032945737242698676 0.017509727273136381 0.013618676923215391
decision_type=2 2 2 2 2 2 2 2 2 2 2 2 2 2
left_child=1 2 -1 4 -3 6 -2 8 9 10 -7 -12 13 -11
right_child=5 3 -4 -5 -6 7 -8 -9 -10 12 11 -13 -14 -15
leaf_value=0.0060770458241383874 0.0003422815926281641 0.00023723612463052315 3.1682660290021064e-05 -0.0034641494885492589 0.0024698987815229751 -7.5931126380394853e-05 0.0027126870297466995 0.00043196332259398673 0.0016233909135610844 -0.00012639159345952588 0.0007339298120615374 0.0034323473972201878 -0.0014878357840600507 -0.0010065450416851139
leaf_weight=30 236 715 48 30 41 468 32 431 37 4602 121 34 100 195
leaf_count=30 236 715 48 30 41 468 32 431 37 4602 121 34 100 195
internal_value=0 0.000411733 0.00240431 0.000211192 0.000361422 -5.37539e-05 0.000634347 -8.46515e-05 -0.000124791 -0.0001368 0.000278942 0.00134405 -0.000189738 -0.000162373
internal_weight=0 864 78 786 756 6256 268 5988 5557 5520 623 155 4897 4797
internal_count=7120 864 78 786 756 6256 268 5988 5557 5520 623 155 4897 4797
is_linear=0
shrinkage=0.03


Tree=164
num_leaves=15
num_cat=0
split_feature=76 78 247 22 64 2 18 2 41 294 12 73 102 21
split_gain=0.168763 0.174647 0.224048 0.165846 0.133034 0.245239 0.189583 0.557137 0.227454 0.173774 0.149069 0.199702 0.140071 0.188582
threshold=0.036821708083152778 0.067829474806785597 0.021400777623057369 0.0058139534667134294 0.0058139534667134294 0.35192346572875982 0.048262543976306922 0.17500000447034839 0.085271343588829054 0.017509727273136381 0.094594579190015807 0.0058139534667134294 1.0000000180025095e-35 0.017441860400140289
decision_type=2 2 2 2 2 2 2 2 2 2 2 2 2 2
left_child=1 2 4 -2 5 -1 7 -6 9 10 12 -12 13 -8
right_child=3 -3 -4 -5 6 -7 8 -9 -10 -11 11 -13 -14 -15
leaf_value=0.00014851714994165377 0.0025318768347788135 -0.0017410796777046513 0.0023481571111672868 0.00042789319425355643 -0.0043785538598118965 0.0028400301266341436 0.00031864701223397927 0.00032286754704170649 0.0024418035795679316 0.00093069137236435992 -0.002749744381289929 -0.00023667627289048336 -0.00019910612206040207 -0.00082148349279812817
leaf_weight=1791 39 52 35 219 35 30 1056 61 31 143 44 78 3358 148
leaf_count=1791 39 52 35 219 35 30 1056 61 31 143 44 78 3358 148
internal_value=0 -2.56211e-05 -1.22684e-05 0.000754485 -2.48072e-05 0.000194393 -0.000105404 -0.00141866 -7.91659e-05 -9.58585e-05 -0.000127391 -0.00115802 -9.95811e-05 0.000177933
internal_weight=0 6862 6810 258 6775 1821 4954 96 4858 4827 4684 122 4562 1204
internal_count=7120 6862 6810 258 6775 1821 4954 96 4858 4827 4684 122 4562 1204
is_linear=0
shrinkage=0.03


Tree=165
num_leaves=15
num_cat=0
split_feature=235 2 258 2 291 41 1 3 62 270 148 274 293 64
split_gain=0.161995 0.229126 0.497979 0.20852 1.35713 0.632842 0.17976 0.301681 0.149504 0.187909 0.154081 0.148873 0.169856 0.269673
threshold=1.0000000180025095e-35 0.39038515090942388 0.025291828438639644 0.15576923638582232 0.013618676923215391 0.091085299849510207 0.13653846830129626 0.30961561203002935 0.036821708083152778 0.017509727273136381 0.017509727273136381 0.0097276263404637592 1.0000000180025095e-35 0.0096899224445223826
decision_type=2 2 2 2 2 2 2 2 2 2 2 2 2 2
left_child=1 8 -3 4 -2 6 7 -5 9 10 -1 12 13 -8
right_child=3 2 -4 5 -6 -7 11 -9 -10 -11 -12 -13 -14 -15
leaf_value=0.00023146417422761941 0.00033513558602174488 0.0045067698138711206 0.00051105308963575761 -0.0030126205785199998 -0.0067687964715784591 0.003802279164573472 0.00067378773946140174 -8.7347467246714087e-05 -0.00054919707027857926 0.0024419840390670715 -0.0018414073561275886 -0.00061540390156621398 -0.00011743977971927023 -0.00024052984682105004
leaf_weight=1482 110 33 163 49 30 37 710 87 253 33 32 389 3222 490
leaf_count=1482 110 33 163 49 30 37 710 87 253 33 32 389 3222 490
internal_value=0 0.000231882 0.00120326 -8.66374e-05 -0.00122434 -5.44401e-05 -8.40482e-05 -0.0011556 0.0001255 0.000236126 0.000186465 -5.35231e-05 -3.96687e-06 0.000300552
internal_weight=0 1996 196 5124 140 4984 4947 136 1800 1547 1514 4811 4422 1200
internal_count=7120 1996 196 5124 140 4984 4947 136 1800 1547 1514 4811 4422 1200
is_linear=0
shrinkage=0.03


Tree=166
num_leaves=15
num_cat=0
split_feature=50 0 304 6 24 74 63 66 82 77 249 0 18 197
split_gain=0.169812 0.396238 0.568497 0.472692 0.203321 0.210496 0.145752 0.174733 0.136459 0.171571 0.129873 0.141124 0.237991 0.232592
threshold=0.013565891422331335 0.22115384787321093 1.0000000180025095e-35 0.048262543976306922 0.013565891422331335 0.0058139534667134294 0.056201562285423286 0.032945737242698676 1.0000000180025095e-35 0.032945737242698676 0.013618676923215391 0.3365387916564942 0.048262543976306922 0.0058365758741274485
decision_type=2 2 2 2 2 2 2 2 2 2 2 2 2 2
left_child=1 2 -1 -3 6 -6 7 -5 9 -2 11 12 -10 -13
right_child=8 3 -4 4 5 -7 -8 -9 10 -11 -12 13 -14 -15
leaf_value=0.0055769776304312527 0.00032436210190570807 -0.0023660854285709183 -0.00020936982055577721 0.000757947233949034 2.0936231661250893e-05 0.0023884620408837994 -0.00023964809177694126 0.0030551634315658808 -0.0021710167475192483 0.0026359620963392607 0.0004195262586170164 0.00016453703156897614 -0.0001313999052361624 0.0026921625793911515
leaf_weight=30 236 58 30 62 553 35 38 58 51 32 431 182 5285 39
leaf_count=30 236 58 30 62 553 35 38 58 51 32 431 182 5285 39
internal_value=0 0.000396577 0.0027278 0.000219433 0.00042335 0.000165676 0.00137521 0.00188434 -5.18747e-05 0.000609147 -8.15563e-05 -0.000120489 -0.000151297 0.000620706
internal_weight=0 864 60 804 746 588 158 120 6256 268 5988 5557 5336 221
internal_count=7120 864 60 804 746 588 158 120 6256 268 5988 5557 5336 221
is_linear=0
shrinkage=0.03


Tree=167
num_leaves=15
num_cat=0
split_feature=50 0 1 4 0 74 24 354 143 285 126 82 77 249
split_gain=0.159992 0.373589 0.534393 1.27138 0.496929 0.207021 0.224582 0.157681 0.137235 0.134683 0.368214 0.128519 0.16177 0.12221
threshold=0.013565891422331335 0.22115384787321093 0.32500028610229498 0.048262543976306922 0.20192307978868487 0.0058139534667134294 0.013565891422331335 0.56730771064758312 1.0000000180025095e-35 0.0058365758741274485 1.0000000180025095e-35 1.0000000180025095e-35 0.032945737242698676 0.013618676923215391
decision_type=2 2 2 2 2 2 2 2 2 2 2 2 2 2
left_child=1 4 5 -4 -1 6 9 8 -8 10 -3 12 -2 -13
right_child=11 2 3 -5 -6 -7 7 -9 -10 -11 -12 13 -14 -15
leaf_value=-0.0001005509962898589 0.00031467229895267186 0.0043206941089718731 0.0016592094620379307 -0.0064488155997413045 0.0053123249231477173 0.0027015725763714208 0.0013477419159371494 -0.0014689064043341203 -1.2514643239417565e-05 -7.7791638137336729e-05 0.0007108512820143784 -0.00011687100967229813 0.0025592795433476566 0.0004069696077992072
leaf_weight=30 236 36 35 33 30 34 79 55 403 46 83 5557 32 431
leaf_count=30 236 36 35 33 30 34 79 55 403 46 83 5557 32 431
internal_value=0 0.000384991 0.000212984 -0.002312 0.00264861 0.000449092 0.00033631 3.81128e-05 0.000212761 0.00130073 0.00182981 -5.02996e-05 0.000591203 -7.91047e-05
internal_weight=0 864 804 68 60 736 702 537 482 165 119 6256 268 5988
internal_count=7120 864 804 68 60 736 702 537 482 165 119 6256 268 5988
is_linear=0
shrinkage=0.03


Tree=168
num_leaves=15
num_cat=0
split_feature=50 0 304 6 105 24 46 63 15 5 169 15 82 77
split_gain=0.150722 0.352243 0.524309 0.441856 0.194737 0.225889 0.176089 0.132487 0.200298 0.150604 0.128088 0.383838 0.115213 0.15253
threshold=0.013565891422331335 0.22115384787321093 1.0000000180025095e-35 0.048262543976306922 0.013618676923215391 0.013565891422331335 0.0058139534667134294 0.056201562285423286 0.071428563445806517 0.0096525095868855732 0.033073929138481624 0.040540538728237159 1.0000000180025095e-35 0.032945737242698676
decision_type=2 2 2 2 2 2 2 2 2 2 2 2 2 2
left_child=1 2 -1 -3 5 7 -7 8 9 -5 12 -12 13 -2
right_child=10 3 -4 4 -6 6 -8 -9 -10 -11 11 -13 -14 -15
leaf_value=0.0053079807717773698 0.00030527196146320855 -0.0022930526751156707 -0.00024751652002094252 -0.00063863668517608724 0.0026225681219469096 0.00019208515308564528 -0.0015678325895906277 -0.00024467224792505682 0.0033979070009346204 0.0020050946079109878 -0.0030240148197069922 0.0011889538034851994 -6.1048302892162526e-05 0.0024848277680575848
leaf_weight=30 236 58 30 34 33 499 56 38 43 43 45 33 5910 32
leaf_count=30 236 58 30 34 33 499 56 38 43 43 45 33 5910 32
internal_value=0 0.000373717 0.00257171 0.000206697 0.000403857 0.000297638 1.20074e-05 0.00129458 0.00178 0.000844511 -4.87755e-05 -0.00124912 -3.34209e-05 0.000573787
internal_weight=0 864 60 804 746 713 555 158 120 77 6256 78 6178 268
internal_count=7120 864 60 804 746 713 555 158 120 77 6256 78 6178 268
is_linear=0
shrinkage=0.03


Tree=169
num_leaves=15
num_cat=0
split_feature=50 56 156 1 4 42 263 69 324 169 0 249 0 4
split_gain=0.142016 0.335202 0.661406 0.511446 1.1892 0.217441 0.135287 0.139582 0.140371 0.120663 0.13889 0.111835 0.122914 0.238045
threshold=0.013565891422331335 0.0058139534667134294 1.0000000180025095e-35 0.32500028610229498 0.048262543976306922 0.0058139534667134294 0.013618676923215391 0.017441860400140289 0.0058365758741274485 0.033073929138481624 0.19807692617177966 0.013618676923215391 0.3365387916564942 0.086872573941946044
decision_type=2 2 2 2 2 2 2 2 2 2 2 2 2 2
left_child=1 2 -1 5 -5 6 7 -3 -9 11 -11 12 13 -2
right_child=9 3 -4 4 -6 -7 -8 8 -10 10 -12 -13 -14 -15
leaf_value=0.0056414046381870588 -2.8378221462517926e-05 -4.4715588415890714e-05 1.9302298504935237e-05 0.0015498356261135389 -0.0062926710414809772 0.0025908117078674527 0.0020023199299780219 0.0023870531202334427 0.00033729332148652063 -0.0026227617305537155 -8.8405286194756633e-05 0.00041709721333124656 0.00061548670154066946 -0.00066620529294386405
leaf_weight=30 4903 509 48 35 33 38 38 45 88 34 44 460 226 589
leaf_count=30 4903 509 48 35 33 38 38 45 88 34 44 460 226 589
internal_value=0 0.000362802 0.00222569 0.000175342 -0.00229213 0.000411893 0.000286504 0.000181988 0.00104346 -4.73079e-05 -0.00121234 -3.2405e-05 -6.86331e-05 -9.6892e-05
internal_weight=0 864 78 786 68 718 680 642 133 6256 78 6178 5718 5492
internal_count=7120 864 78 786 68 718 680 642 133 6256 78 6178 5718 5492
is_linear=0
shrinkage=0.03


Tree=170
num_leaves=15
num_cat=0
split_feature=235 12 0 63 118 41 180 283 246 128 206 132 350 85
split_gain=0.139444 0.225108 0.409874 0.201754 0.178115 0.248388 0.232502 0.156106 0.154877 0.151605 0.160311 0.156875 0.151816 0.149733
threshold=1.0000000180025095e-35 0.10231658443808557 0.26346158981323248 0.048449620604515083 1.0000000180025095e-35 0.091085299849510207 1.0000000180025095e-35 1.0000000180025095e-35 1.0000000180025095e-35 0.0097276263404637592 0.017509727273136381 0.0097276263404637592 0.74000000953674328 0.017509727273136381
decision_type=2 2 2 2 2 2 2 2 2 2 2 2 2 2
left_child=1 13 -3 7 6 8 -2 -4 -6 10 11 -10 -12 -1
right_child=4 2 3 -5 5 -7 -8 -9 9 -11 12 -13 -14 -15
leaf_value=0.00016030519772225216 -0.00031807065636024095 0.0039861255590068661 0.00091442842141259461 0.0017277394162765495 -0.00033931241938137737 0.0025354161852571581 -0.0026438760553719473 -0.0016373803938164355 3.0876691338069922e-05 -0.0016433644862263463 0.0021618824871454259 0.0021779029095365153 0.00045048315091351373 -0.0014294090489856898
leaf_weight=1754 1201 37 39 66 934 34 39 46 2558 43 58 30 227 54
leaf_count=1754 1201 37 39 66 934 34 39 46 2558 43 58 30 227 54
internal_value=0 0.000215108 0.00120027 0.000495913 -8.04121e-05 1.95532e-05 -0.000393292 -0.000469532 -3.31745e-06 0.000104382 0.000131103 5.65965e-05 0.000805109 0.000112061
internal_weight=0 1996 188 151 5124 3884 1240 85 3850 2916 2873 2588 285 1808
internal_count=7120 1996 188 151 5124 3884 1240 85 3850 2916 2873 2588 285 1808
is_linear=0
shrinkage=0.03


Tree=171
num_leaves=15
num_cat=0
split_feature=286 14 9 221 83 9 235 1 335 152 62 0 6 2
split_gain=0.13294 0.325401 0.129425 0.142224 0.805214 0.386008 0.118351 0.245119 0.250976 0.187298 0.210538 0.165392 0.255587 0.199304
threshold=0.02918287925422192 0.13706563413143161 0.17181472480297091 0.0097276263404637592 0.044573649764060981 0.16023169457912448 1.0000000180025095e-35 0.15576923638582232 1.0000000180025095e-35 0.0058365758741274485 0.021317829377949241 0.3365387916564942 0.083011571317911162 0.14423077553510669
decision_type=2 2 2 2 2 2 2 2 2 2 2 2 2 2
left_child=2 -2 3 5 -5 6 -1 8 -8 10 -10 13 -13 -9
right_child=1 -3 -4 4 -6 -7 7 11 9 -11 -12 12 -14 -15
leaf_value=0.00016580887251897808 -0.00015786878383145309 0.0034715597983449695 -0.0019470526145080166 0.00016835799490012108 0.0048242447406186585 -0.0029899199279388995 -0.0029551510614237485 -0.002106371565023437 -0.00057246423145398734 0.00088114701653830706 -0.0033077492658799934 0.0022258337414298784 -0.00021688451486475327 -7.5667252809406268e-05
leaf_weight=1871 64 33 30 748 34 39 47 43 142 59 30 70 84 3826
leaf_count=1871 64 33 30 748 34 39 47 43 142 59 30 70 84 3826
internal_value=0 0.00109971 -1.29062e-05 -4.33155e-06 0.000376691 -5.23573e-05 -3.33139e-05 -0.000119954 -0.00097986 -0.000566956 -0.00106591 -6.03032e-05 0.000900639 -9.87749e-05
internal_weight=0 97 7023 6993 782 6211 6172 4301 278 231 172 4023 154 3869
internal_count=7120 97 7023 6993 782 6211 6172 4301 278 231 172 4023 154 3869
is_linear=0
shrinkage=0.03


Tree=172
num_leaves=15
num_cat=0
split_feature=140 9 41 270 221 34 84 337 10 19 53 7 64 2
split_gain=0.129352 0.122377 0.218584 0.111128 0.175305 0.142951 0.16627 0.150847 0.284885 0.271403 0.134183 0.152151 0.147666 0.518417
threshold=0.033073929138481624 0.17181472480297091 0.079457387328147902 0.0058365758741274485 0.013618676923215391 1.0000000180025095e-35 0.025291828438639644 0.0097276263404637592 0.0096525095868855732 0.083011571317911162 0.013565891422331335 0.098455581814050688 0.0058139534667134294 0.36730813980102545
decision_type=2 2 2 2 2 2 2 2 2 2 2 2 2 2
left_child=1 2 3 -1 5 -5 7 10 9 -9 12 -12 13 -7
right_child=-2 -3 -4 4 -6 6 -8 8 -10 -11 11 -13 -14 -15
leaf_value=-0.00013492051543689064 0.001355666762489515 -0.0018905251825438629 0.0020375725485265572 0.0012283920363694524 0.0011726603849048734 0.00034906054942282559 -0.00094296097409655489 0.003728307237362732 0.00015522928850819322 0.00044028697136166988 -0.00020379796913661279 -0.0023381972904016651 1.7264964707396655e-05 0.004341212012077449
leaf_weight=3489 62 30 46 91 132 347 150 45 259 45 1006 30 1357 31
leaf_count=3489 62 30 46 91 132 347 150 45 259 45 1006 30 1357 31
internal_value=0 -9.75779e-06 -1.46165e-06 -1.51854e-05 0.000104417 6.21264e-05 2.93051e-05 7.63358e-05 0.000663186 0.0021072 2.21104e-06 -0.0002678 0.000163501 0.00068705
internal_weight=0 7058 7028 6982 3493 3361 3270 3120 349 90 2771 1036 1735 378
internal_count=7120 7058 7028 6982 3493 3361 3270 3120 349 90 2771 1036 1735 378
is_linear=0
shrinkage=0.03


Tree=173
num_leaves=15
num_cat=0
split_feature=286 6 80 169 41 18 153 10 322 158 52 116 13 116
split_gain=0.123659 0.226156 0.0989238 0.324348 0.268693 0.224198 0.128365 0.155589 0.201338 0.196758 0.203066 0.141015 0.161262 0.136085
threshold=0.02918287925422192 0.055984549224376685 0.013565891422331335 0.033073929138481624 0.091085299849510207 0.052123546600341804 1.0000000180025095e-35 0.0096525095868855732 0.0097276263404637592 0.0058365758741274485 0.0096899224445223826 1.0000000180025095e-35 0.021235520951449875 0.013618676923215391
decision_type=2 2 2 2 2 2 2 2 2 2 2 2 2 2
left_child=2 -2 4 5 6 -4 7 8 9 11 -11 -1 -13 -9
right_child=1 -3 3 -5 -6 -7 -8 13 -10 10 -12 12 -14 -15
leaf_value=-0.0013525476054968061 0.0030378557839567826 1.0025321434323604e-05 0.001410705488050115 -0.002768878415768403 0.002605391719529556 -0.00020155878380220737 -5.7198093733998831e-05 -0.00011592741642372094 -0.00016483646208012098 0.0037019586996840581 0.00120119886143484 0.0021596731821417201 0.00017598602759928613 0.0015023145959639805
leaf_weight=36 33 64 80 42 36 1866 3561 723 206 34 192 48 150 49
leaf_count=36 33 64 80 42 36 1866 3561 723 206 34 192 48 150 49
internal_value=0 0.0010606 -1.24756e-05 -0.000191606 5.82757e-05 -0.000134588 3.94154e-05 0.000278538 0.000614142 0.000962589 0.00159207 0.000350441 0.000665316 -1.14046e-05
internal_weight=0 97 7023 1988 5035 1946 4999 1438 666 460 226 234 198 772
internal_count=7120 97 7023 1988 5035 1946 4999 1438 666 460 226 234 198 772
is_linear=0
shrinkage=0.03


Tree=174
num_leaves=15
num_cat=0
split_feature=9 41 235 12 0 143 17 316 226 1 269 222 343 34
split_gain=0.125994 0.213251 0.12971 0.195638 0.391066 0.17456 0.144309 0.199912 0.159164 0.141692 0.213865 0.226167 0.171184 0.209002
threshold=0.17181472480297091 0.079457387328147902 1.0000000180025095e-35 0.10231658443808557 0.26346158981323248 1.0000000180025095e-35 0.032818533480167396 1.0000000180025095e-35 0.013618676923215391 0.15576923638582232 0.0097276263404637592 0.0058365758741274485 1.0000000180025095e-35 0.032945737242698676
decision_type=2 2 2 2 2 2 2 2 2 2 2 2 2 2
left_child=1 2 3 6 -5 -6 7 -1 -8 10 11 12 13 -4
right_child=-2 -3 9 4 5 -7 8 -9 -10 -11 -12 -13 -14 -15
leaf_value=0.00060535591415828089 -0.0019061258297053075 0.0020246783699444 -0.00057842719657515596 0.0038415469082170414 -0.0015813331848250761 0.00094119542383314027 0.0001244494734792278 -0.0013786593772584592 0.0013843464890214818 -4.4129015622845374e-05 0.0014492066945725431 -0.0031956970691051634 0.0011550982855260371 -0.0032844557252246884
leaf_weight=71 30 46 154 37 30 121 1511 125 95 4761 35 36 38 30
leaf_count=71 30 46 154 37 30 121 1511 125 95 4761 35 36 38 30
internal_value=0 1.06114e-05 -2.82676e-06 0.000202272 0.00112055 0.000432924 0.000105901 -0.000660535 0.000199791 -8.36078e-05 -0.000722772 -0.00102188 -0.000656617 -0.001035
internal_weight=0 7090 7044 1990 188 151 1802 196 1606 5054 293 258 222 184
internal_count=7120 7090 7044 1990 188 151 1802 196 1606 5054 293 258 222 184
is_linear=0
shrinkage=0.03


Tree=175
num_leaves=15
num_cat=0
split_feature=9 41 19 285 232 9 132 299 10 41 72 7 132 216
split_gain=0.118784 0.200912 0.122542 0.140984 0.155675 0.179156 0.178765 0.171126 0.167897 0.147434 0.143291 0.206825 0.140993 0.132216
threshold=0.17181472480297091 0.079457387328147902 0.025096525438129905 0.0058365758741274485 1.0000000180025095e-35 0.1177605949342251 0.0058365758741274485 0.021400777623057369 1.0000000180025095e-35 1.0000000180025095e-35 0.013565891422331335 0.10231658443808557 0.0097276263404637592 0.013618676923215391
decision_type=2 2 2 2 2 2 2 2 2 2 2 2 2 2
left_child=1 2 13 4 -4 7 -7 8 -6 -10 -5 -12 -11 -1
right_child=-2 -3 3 10 5 6 -8 -9 9 12 11 -13 -14 -15
leaf_value=0.00040627929350263843 -0.0018507869619755974 0.0019652301892440051 -0.00033375614865647368 -0.00027305658926189778 0.0011644038581774415 -0.00031645264653232881 -0.0025833295190452851 0.0023051200903864808 -0.00097084327257329183 6.7269679578256999e-05 0.0003342570295103169 0.0021674824853544121 0.0020729394189402226 -0.0015032268831205061
leaf_weight=831 30 46 1874 326 125 624 32 31 122 2225 731 59 31 33
leaf_count=831 30 46 1874 326 125 624 32 31 122 2225 731 59 31 33
internal_value=0 1.02992e-05 -2.74435e-06 -4.95468e-05 -0.000116818 1.0689e-05 -0.000430796 0.000125105 9.71955e-05 4.06316e-05 0.000255538 0.000473736 9.57361e-05 0.000331693
internal_weight=0 7090 7044 6180 5064 3190 656 2534 2503 2378 1116 790 2256 864
internal_count=7120 7090 7044 6180 5064 3190 656 2534 2503 2378 1116 790 2256 864
is_linear=0
shrinkage=0.03


Tree=176
num_leaves=15
num_cat=0
split_feature=9 169 19 216 142 62 55 25 343 33 143 285 261 0
split_gain=0.114668 0.304686 0.118005 0.126419 0.173561 0.148989 0.155757 0.195238 0.577962 0.185207 0.125833 0.125271 0.167168 0.161406
threshold=0.16409270465373996 0.036964979022741325 0.025096525438129905 0.013618676923215391 0.0097276263404637592 0.044573649764060981 0.0058139534667134294 0.0058139534667134294 0.028846153989434246 0.013565891422331335 1.0000000180025095e-35 0.0058365758741274485 0.0058365758741274485 0.3365387916564942
decision_type=2 2 2 2 2 2 2 2 2 2 2 2 2 2
left_child=1 2 3 4 5 6 7 -1 -9 10 -8 13 -13 -4
right_child=-2 -3 11 -5 -6 -7 9 8 -10 -11 -12 12 -14 -15
leaf_value=-0.0014222522817144635 0.0013543214999871063 -0.0025872198328668276 -0.00014055541510402868 -0.0014594564626253593 0.0012692131889135844 0.0018970597292794736 -0.0021134380100715053 0.00033251521686551998 0.0046820570133446196 0.0015547582895593032 -0.00038855616948891848 0.0001308266429223474 0.0013995178448777611 0.00066630113469541238
leaf_weight=39 55 40 4813 33 167 42 45 245 30 37 225 1014 102 233
leaf_count=39 55 40 4813 33 167 42 45 245 30 37 225 1014 102 233
internal_value=0 -8.5727e-06 6.47614e-06 0.000334816 0.000407825 0.00018927 7.09026e-05 0.000539849 0.000822255 -0.000408932 -0.000682774 -3.95554e-05 0.000247931 -0.000103174
internal_weight=0 7065 7025 863 830 663 621 314 275 307 270 6162 1116 5046
internal_count=7120 7065 7025 863 830 663 621 314 275 307 270 6162 1116 5046
is_linear=0
shrinkage=0.03


Tree=177
num_leaves=15
num_cat=0
split_feature=9 41 270 221 41 201 73 125 193 148 11 84 63 299
split_gain=0.116931 0.197474 0.116656 0.15917 0.149569 0.332655 0.362469 0.190918 0.159589 0.13518 0.150319 0.126153 0.121885 0.213458
threshold=0.17181472480297091 0.079457387328147902 0.0058365758741274485 0.013618676923215391 0.025193798355758194 0.017509727273136381 0.025193798355758194 0.0058365758741274485 1.0000000180025095e-35 0.0058365758741274485 0.055984549224376685 0.021400777623057369 0.0058139534667134294 0.0058365758741274485
decision_type=2 2 2 2 2 2 2 2 2 2 2 2 2 2
left_child=1 2 -1 4 5 7 -7 8 11 -9 -11 -4 13 -6
right_child=-2 -3 3 -5 12 6 -8 9 -10 10 -12 -13 -14 -15
leaf_value=-0.00012601007869076698 -0.001836373173151045 0.0019482707535907464 0.00060065460292833145 0.0011363956537027667 0.0027485707237131216 -0.00018221069799355147 0.0040727256172018618 -0.00039401552908783859 -0.00025120675652284032 0.0022897494714707134 0.00010555065420860214 -0.0008498072194848454 -0.00030258946893523426 -0.0005578209547935617
leaf_weight=3489 30 46 1062 132 32 32 40 689 300 34 150 56 991 37
leaf_count=3489 30 46 1062 132 32 32 40 689 300 34 150 56 991 37
internal_value=0 1.01385e-05 -2.79299e-06 0.000118138 7.85508e-05 0.000211346 0.00220505 0.000147754 0.00036254 -0.000201134 0.000519348 0.000527307 -0.000217402 0.000992938
internal_weight=0 7090 7044 3555 3423 2363 72 2291 1418 873 184 1118 1060 69
internal_count=7120 7090 7044 3555 3423 2363 72 2291 1418 873 184 1118 1060 69
is_linear=0
shrinkage=0.03


Tree=178
num_leaves=15
num_cat=0
split_feature=9 169 19 216 142 11 343 328 62 8 15 15 182 1
split_gain=0.110345 0.297472 0.107376 0.117745 0.162017 0.172649 0.277069 0.159125 0.147846 0.188776 0.134641 0.17734 0.112907 0.109261
threshold=0.16409270465373996 0.036964979022741325 0.025096525438129905 0.013618676923215391 0.0097276263404637592 0.036679536104202277 0.067307695746421828 1.0000000180025095e-35 0.044573649764060981 0.07915056869387628 0.083011571317911162 0.071428563445806517 0.0058365758741274485 0.10192307829856874
decision_type=2 2 2 2 2 2 2 2 2 2 2 2 2 2
left_child=1 2 3 4 5 -1 8 10 9 -7 11 -6 13 -4
right_child=-2 -3 12 -5 7 6 -8 -9 -10 -11 -12 -13 -14 -15
leaf_value=-0.0013027690650051227 0.0013285211710691717 -0.0025563768005969637 -0.0011178880397454594 -0.0014119657904409584 0.00016576877429283089 -0.0011035762227455217 0.002451824200175264 0.0027281881127577353 0.0018290943396819192 0.00029973483880312414 -0.0010004022902682084 0.0028774203942157329 -0.0012103072106311966 -8.6642564033662483e-06
leaf_weight=63 55 40 80 33 55 109 50 45 42 399 32 35 72 6010
leaf_count=63 55 40 80 33 55 109 50 45 42 399 32 35 72 6010
internal_value=0 -8.43893e-06 6.43068e-06 0.000319634 0.000390097 0.000178942 0.00033643 0.00122234 0.000140021 -2.94587e-06 0.000649243 0.00124033 -3.74789e-05 -2.34165e-05
internal_weight=0 7065 7025 863 830 663 600 167 550 508 122 90 6162 6090
internal_count=7120 7065 7025 863 830 663 600 167 550 508 122 90 6162 6090
is_linear=0
shrinkage=0.03


Tree=179
num_leaves=15
num_cat=0
split_feature=9 41 235 12 0 119 15 126 64 64 85 286 324 354
split_gain=0.115052 0.194083 0.113984 0.163491 0.368344 0.16168 0.161143 0.163392 0.158452 0.141023 0.136384 0.127957 0.268983 0.116055
threshold=0.17181472480297091 0.079457387328147902 1.0000000180025095e-35 0.10231658443808557 0.26346158981323248 0.0097276263404637592 0.063706556335091605 1.0000000180025095e-35 0.0058139534667134294 0.017441860400140289 0.017509727273136381 0.0058365758741274485 0.0058365758741274485 0.56730771064758312
decision_type=2 2 2 2 2 2 2 2 2 2 2 2 2 2
left_child=1 2 3 10 -5 8 -6 -8 11 -7 13 -4 -13 -1
right_child=-2 -3 5 4 6 9 7 -9 -10 -11 -12 12 -14 -15
leaf_value=0.00020401108707317089 -0.0018216291391440938 0.0019314096113567814 0.00011970470455877472 0.0036694718064054061 -0.00090447681612874334 -0.00045785946815280523 0.0024842101171461128 -4.5644592804213368e-06 -0.00014377011566141237 -0.0022609370223257096 -0.0013697314301018856 0.00043300397823269879 0.0033276742535776325 -0.00090807437097190698
leaf_weight=1660 30 46 1201 37 56 356 42 53 3252 43 54 168 34 88
leaf_count=1660 30 46 1201 37 56 356 42 53 3252 43 54 168 34 88
internal_value=0 9.99213e-06 -2.82783e-06 0.000189436 0.00102889 -7.85539e-05 0.00036197 0.00111015 -2.88129e-05 -0.000657343 0.000101336 0.000237558 0.000934218 0.000147538
internal_weight=0 7090 7044 1990 188 5054 151 95 4655 399 1802 1403 202 1748
internal_count=7120 7090 7044 1990 188 5054 151 95 4655 399 1802 1403 202 1748
is_linear=0
shrinkage=0.03


Tree=180
num_leaves=15
num_cat=0
split_feature=9 41 117 336 143 2 13 299 2 126 294 285 0 4
split_gain=0.108471 0.182849 0.107255 0.183812 0.156928 0.14264 0.130363 0.28341 0.182759 0.12572 0.108916 0.117308 0.172399 0.154648
threshold=0.17181472480297091 0.079457387328147902 0.0058365758741274485 0.013618676923215391 0.013618676923215391 0.15192308276891711 0.021235520951449875 1.0000000180025095e-35 0.39038515090942388 1.0000000180025095e-35 0.017509727273136381 0.0058365758741274485 0.3365387916564942 0.07915056869387628
decision_type=2 2 2 2 2 2 2 2 2 2 2 2 2 2
left_child=1 2 6 5 -5 -4 7 8 -1 -10 11 12 13 -8
right_child=-2 -3 3 4 -6 -7 10 -9 9 -11 -12 -13 -14 -15
leaf_value=-0.0014373697648041471 -0.001768743211493617 0.0018747000900800636 -0.0020303492398400388 -0.00049264624492056529 -0.0029923486308268223 -9.2612292076044069e-05 -2.943092699786422e-05 0.002953654037026519 0.0024436439516466635 5.6382325419690462e-06 0.0010208060268919461 0.00030399140713782203 0.00071728816322806502 -0.00058693953325896571
leaf_weight=42 30 46 34 57 37 1485 3389 43 31 47 98 1022 244 515
leaf_count=42 30 46 34 57 37 1485 3389 43 31 47 98 1022 244 515
internal_value=0 9.71826e-06 -2.72516e-06 -0.000217452 -0.00149771 -0.000137292 6.10766e-05 0.000894031 0.000137689 0.000993256 3.51389e-05 1.62613e-05 -5.46869e-05 -0.000103107
internal_weight=0 7090 7044 1613 94 1519 5431 163 120 78 5268 5170 4148 3904
internal_count=7120 7090 7044 1613 94 1519 5431 163 120 78 5268 5170 4148 3904
is_linear=0
shrinkage=0.03


Tree=181
num_leaves=15
num_cat=0
split_feature=179 169 7 274 288 156 220 60 95 334 37 255 80 121
split_gain=0.115307 0.155423 0.100236 0.0909621 0.0929459 0.0918245 0.0933913 0.180185 0.157467 0.152432 0.146944 0.182926 0.179644 0.146118
threshold=0.017509727273136381 0.044747080653905875 0.17567573487758639 0.0097276263404637592 1.0000000180025095e-35 0.017509727273136381 1.0000000180025095e-35 0.013565891422331335 0.013618676923215391 0.013618676923215391 0.0096899224445223826 1.0000000180025095e-35 0.021317829377949241 1.0000000180025095e-35
decision_type=2 2 2 2 2 2 2 2 2 2 2 2 2 2
left_child=1 2 3 5 -5 6 9 -8 10 -1 11 -9 -12 -14
right_child=-2 -3 -4 4 -6 -7 7 8 -10 -11 12 -13 13 -15
leaf_value=-8.3057683792808767e-05 -0.0013791006598492255 0.0017699314001947642 0.001480213771744563 -0.0001390174688114427 -0.0010686932670047685 -0.00067935064053194878 -0.00014954867216238757 0.0026960320569143241 -0.0017393307952609444 -0.001698084918833855 0.00013212650924885881 0.00058974677422804717 0.00042054541619314303 0.00266831634019542
leaf_weight=2032 53 44 40 331 136 163 1465 40 34 53 2217 406 61 45
leaf_count=2032 53 44 40 331 136 163 1465 40 34 53 2217 406 61 45
internal_value=0 1.24684e-05 1.20728e-06 -7.47549e-06 -0.000411463 2.15369e-05 3.96238e-05 0.00012001 0.000260899 -0.000124905 0.000286078 0.00078426 0.000190135 0.00139081
internal_weight=0 7067 7023 6983 467 6516 6353 4268 2803 2085 2769 446 2323 106
internal_count=7120 7067 7023 6983 467 6516 6353 4268 2803 2085 2769 446 2323 106
is_linear=0
shrinkage=0.03


Tree=182
num_leaves=15
num_cat=0
split_feature=179 9 169 293 163 0 36 8 281 28 351 188 335 38
split_gain=0.108618 0.321249 0.262641 0.0981186 0.197963 0.20548 0.161804 0.153135 0.141872 0.180451 0.11994 0.116521 0.15473 0.414039
threshold=0.017509727273136381 0.16409270465373996 0.036964979022741325 1.0000000180025095e-35 0.0058365758741274485 0.34807729721069341 0.0058139534667134294 0.067567560821771636 0.0097276263404637592 0.10658918321132661 0.01346153859049082 1.0000000180025095e-35 1.0000000180025095e-35 0.021317829377949241
decision_type=2 2 2 2 2 2 2 2 2 2 2 2 2 2
left_child=1 2 3 4 8 6 -6 -7 9 11 -10 12 13 -1
right_child=-2 -3 -4 -5 5 7 -8 -9 10 -11 -12 -13 -14 -15
leaf_value=0.0041822061769198624 -0.0013384938769013387 0.002317159249085105 -0.0024606808331736826 -7.1456112676635575e-05 -0.0022929427215858597 -0.00017237466109047711 -0.00031784978477049749 0.0024172468418588063 0.00038855773629620672 0.0026906591900173692 -0.0015350860860053217 -0.00010170317648484124 0.00035197761061539018 0.00066014892309442896
leaf_weight=35 53 53 38 4651 39 40 570 41 53 30 63 350 919 185
leaf_count=35 53 53 38 4651 39 40 570 41 53 30 63 350 919 185
internal_value=0 1.21122e-05 -5.6333e-06 8.09072e-06 0.000167181 -0.000258687 -0.000447885 0.00115191 0.000346953 0.000424263 -0.000660371 0.000376825 0.00052383 0.00123686
internal_weight=0 7067 7014 6976 2325 690 609 81 1635 1519 116 1489 1139 220
internal_count=7120 7067 7014 6976 2325 690 609 81 1635 1519 116 1489 1139 220
is_linear=0
shrinkage=0.03


Tree=183
num_leaves=15
num_cat=0
split_feature=9 41 235 12 271 204 1 0 197 100 264 354 242 82
split_gain=0.114283 0.174344 0.102559 0.143537 0.350439 0.210704 0.133437 0.148572 0.165809 0.152759 0.147834 0.239264 0.228022 0.17859
threshold=0.17181472480297091 0.079457387328147902 1.0000000180025095e-35 0.10231658443808557 1.0000000180025095e-35 1.0000000180025095e-35 0.17500000447034839 0.3365387916564942 0.0058365758741274485 0.0097276263404637592 0.0058365758741274485 0.57115384936332714 0.013618676923215391 0.0058139534667134294
decision_type=2 2 2 2 2 2 2 2 2 2 2 2 2 2
left_child=1 2 3 -1 5 -5 10 9 -9 -8 12 -12 13 -4
right_child=-2 -3 6 4 -6 -7 7 8 -10 -11 11 -13 -14 -15
leaf_value=9.7453951125581781e-05 -0.0018157069982900733 0.0018308702236576441 -0.0027108431488558115 0.0016801862018606202 0.0032121266289756563 -0.00068202477335678718 -1.3926702166953852e-05 0.00037928494251579704 0.0027004106545492129 -0.00073806088717433987 -0.0003468831988672415 -0.003796736766103535 0.0021487304972364536 -0.00032870192015268829
leaf_weight=1802 30 46 30 54 46 88 4122 152 33 279 44 30 30 334
leaf_count=1802 30 46 30 54 46 88 4122 152 33 279 44 30 30 334
internal_value=0 9.78125e-06 -2.36935e-06 0.000180005 0.000966561 0.000221749 -7.42001e-05 -2.49035e-05 0.000805616 -5.99902e-05 -0.000556182 -0.00177745 -0.000322888 -0.000531921
internal_weight=0 7090 7044 1990 188 142 5054 4586 185 4401 468 74 394 364
internal_count=7120 7090 7044 1990 188 142 5054 4586 185 4401 468 74 394 364
is_linear=0
shrinkage=0.03


Tree=184
num_leaves=15
num_cat=0
split_feature=1 353 16 2 105 169 75 169 294 64 88 114 220 114
split_gain=0.10474 1.01633 0.2948 0.664124 0.182408 0.174746 0.113926 0.223317 0.153065 0.155896 0.160182 0.292045 0.124835 0.139139
threshold=0.32500028610229498 0.482692301273346 0.044401541352272041 0.16730769723653796 0.017509727273136381 0.0408560298383236 0.0096899224445223826 0.013618676923215391 0.0097276263404637592 0.036821708083152778 0.0058365758741274485 0.0058365758741274485 0.0097276263404637592 0.0058365758741274485
decision_type=2 2 2 2 2 2 2 2 2 2 2 2 2 2
left_child=4 -2 5 -4 6 -3 7 8 9 10 -1 -12 13 -10
right_child=1 2 3 -5 -6 -7 -8 -9 12 -11 11 -13 -14 -15
leaf_value=-0.00032592829988872601 -0.0054017015253125193 -0.0002085600372039322 -0.0018126907630690505 0.0034129428423120304 0.0019885021076147813 -0.0024526180144907399 -2.9587669417773004e-05 0.0021716224135915666 0.00085417899421344587 0.001998317748851453 0.0011986962233921903 -0.00074677668549482854 -0.0003327419463005897 0.0032270277222352364
leaf_weight=544 33 589 34 58 42 32 5258 54 64 35 201 105 37 34
leaf_count=544 33 589 34 58 42 32 5258 54 64 35 201 105 37 34
internal_value=0 -0.000334304 -9.25313e-05 0.001483 4.11692e-05 -0.000327953 2.79406e-05 0.000309348 0.000208727 6.46578e-05 -1.72181e-05 0.000530874 0.00114576 0.00170169
internal_weight=0 746 713 92 6374 621 6332 1074 1020 885 850 306 135 98
internal_count=7120 746 713 92 6374 621 6332 1074 1020 885 850 306 135 98
is_linear=0
shrinkage=0.03


Tree=185
num_leaves=15
num_cat=0
split_feature=9 9 235 119 64 83 73 64 85 353 127 10 110 349
split_gain=0.101459 0.212975 0.0906888 0.15327 0.146115 0.136288 0.354962 0.130256 0.127342 0.138542 0.182526 0.124554 0.122744 0.12185
threshold=0.16409270465373996 0.156370684504509 1.0000000180025095e-35 0.0097276263404637592 0.0058139534667134294 1.0000000180025095e-35 0.0096899224445223826 0.017441860400140289 0.017509727273136381 0.51346153020858776 0.025291828438639644 0.025096525438129905 0.0058365758741274485 1.0000000180025095e-35
decision_type=2 2 2 2 2 2 2 2 2 2 2 2 2 2
left_child=1 2 5 4 13 6 -1 12 9 10 -7 -11 -5 -4
right_child=-2 -3 3 7 -6 8 -8 -9 -10 11 -12 -13 -14 -15
leaf_value=0.0038940780748042366 0.0012736626712804926 -0.0022784280781067805 2.8186800647283723e-05 -0.00025162926626191178 -0.00012482662650044351 0.00025905579752441869 -0.00025416825516545711 -0.0021687029910654847 -0.0012976334853817455 -0.00064432277408914154 0.002484697281547329 0.00041721276784997005 -0.0021236061139165291 0.00061333080973910924
leaf_weight=30 55 36 870 322 3264 1380 46 43 54 299 33 148 34 506
leaf_count=30 55 36 870 322 3264 1380 46 43 54 299 33 148 34 506
internal_value=0 -8.33179e-06 3.61727e-06 -6.41022e-05 -1.55246e-05 0.00017504 0.0014126 -0.000627563 0.000125187 0.00016717 0.000312755 -0.000292706 -0.000435861 0.000243652
internal_weight=0 7065 7029 5039 4640 1990 76 399 1914 1860 1413 447 356 1376
internal_count=7120 7065 7029 5039 4640 1990 76 399 1914 1860 1413 447 356 1376
is_linear=0
shrinkage=0.03


Tree=186
num_leaves=15
num_cat=0
split_feature=179 56 147 169 14 353 14 13 207 276 354 350 46 61
split_gain=0.101113 0.165954 1.85098 0.788551 0.121749 0.188136 0.312234 0.16584 0.0951771 0.20655 0.171478 0.139258 0.124451 0.222767
threshold=0.017509727273136381 0.0058139534667134294 0.0097276263404637592 0.056420233100652702 0.13706563413143161 0.51346153020858776 0.083011571317911162 0.040540538728237159 0.0058365758741274485 1.0000000180025095e-35 0.57499998807907116 0.62000000476837169 0.0058139534667134294 0.013565891422331335
decision_type=2 2 2 2 2 2 2 2 2 2 2 2 2 2
left_child=1 2 4 8 5 6 -1 -7 12 -10 11 -11 -3 -14
right_child=-2 3 -4 -5 -6 7 -8 -9 9 10 -12 -13 13 -15
leaf_value=-3.4388805590972643e-05 -0.0012915335834097479 0.00022253001511811306 0.0075080662321894915 -0.0047307298341183919 0.0015588226301119998 -0.0026103024283499533 0.0023422982719293944 -0.0003566986470154729 8.2990640408013325e-05 -0.0018276316047654891 -0.0019696220964828693 -0.00025980151440490923 -0.0017485882213357118 -4.4722697086688533e-05
leaf_weight=291 53 2267 31 31 46 36 59 145 2000 52 58 1371 77 603
leaf_count=291 53 2267 31 31 46 36 59 145 2000 52 58 1371 77 603
internal_value=0 1.15757e-05 0.000484992 -3.30562e-05 9.53319e-05 -3.41407e-05 0.000371785 -0.000816809 -9.66867e-06 -0.000115869 -0.000384291 -0.000318337 0.000115772 -0.000239945
internal_weight=0 7067 608 6459 577 531 350 181 6428 3481 1481 1423 2947 680
internal_count=7120 7067 608 6459 577 531 350 181 6428 3481 1481 1423 2947 680
is_linear=0
shrinkage=0.03


Tree=187
num_leaves=15
num_cat=0
split_feature=9 169 270 69 28 41 201 209 125 193 116 3 308 148
split_gain=0.0999104 0.280849 0.0894678 0.120666 0.27703 0.129577 0.290532 0.358204 0.186307 0.146707 0.194907 0.140856 0.179386 0.117438
threshold=0.16409270465373996 0.036964979022741325 0.0058365758741274485 0.025193798355758194 0.10658918321132661 0.025193798355758194 0.017509727273136381 0.0058365758741274485 0.0058365758741274485 1.0000000180025095e-35 0.0097276263404637592 0.23653846234083178 0.0097276263404637592 0.0058365758741274485
decision_type=2 2 2 2 2 2 2 2 2 2 2 2 2 2
left_child=1 2 -1 4 5 6 8 -8 9 10 11 12 -4 -10
right_child=-2 -3 3 -5 -6 -7 7 -9 13 -11 -12 -13 -14 -15
leaf_value=-0.00010224238449192375 0.0012638028442493773 -0.0024840940884030536 0.00089299808063613545 -0.0015925493765295156 0.0029532793783883173 -0.00017013742202345552 -0.0003291216175156561 0.0038531883942439804 -0.00035620905573899829 -0.0002117143677760843 -0.0013877991060523883 0.00042113262479417539 0.0031596160390275859 0.00049431797494164757
leaf_weight=3471 55 40 221 36 30 1070 32 42 695 304 45 859 36 184
leaf_count=3471 55 40 221 36 30 1070 32 42 695 304 45 859 36 184
internal_value=0 -8.37193e-06 6.07626e-06 0.000111864 0.000129753 0.000104629 0.000226237 0.00206435 0.000167352 0.00037443 0.000527958 0.000606379 0.00122152 -0.00017781
internal_weight=0 7065 7025 3554 3518 3488 2418 74 2344 1465 1161 1116 257 879
internal_count=7120 7065 7025 3554 3518 3488 2418 74 2344 1465 1161 1116 257 879
is_linear=0
shrinkage=0.03


Tree=188
num_leaves=15
num_cat=0
split_feature=1 353 271 354 39 50 105 75 12 294 263 317 39 227
split_gain=0.0953144 0.953926 0.260718 0.300756 0.546948 0.327262 0.171356 0.102705 0.23233 0.194089 0.146858 0.115598 0.122849 0.154507
threshold=0.32500028610229498 0.482692301273346 0.013618676923215391 0.39038461446762091 0.013565891422331335 0.013565891422331335 0.017509727273136381 0.0096899224445223826 0.036679536104202277 0.0097276263404637592 0.013618676923215391 0.013618676923215391 0.0058139534667134294 1.0000000180025095e-35
decision_type=2 2 2 2 2 2 2 2 2 2 2 2 2 2
left_child=6 -2 3 4 -3 -5 7 8 -1 10 -10 12 13 -9
right_child=1 2 -4 5 -6 -7 -8 11 9 -11 -12 -13 -14 -15
leaf_value=0.0022114376607351004 -0.0052283679045949079 0.00012895550413910922 0.0022085498969369967 0.0027298792744231584 -0.0050707687546438984 -0.00018277834214592274 0.0019265950200023389 -4.6142368109881755e-05 -8.3697398861599722e-05 0.0011207317153182014 0.0016958808260890443 0.00066485414570147095 -0.00010683343068652725 0.0010083221165904043
leaf_weight=53 33 44 41 36 30 562 42 309 810 168 43 207 4533 209
leaf_count=53 33 44 41 36 30 562 42 309 810 168 43 207 4533 209
internal_value=0 -0.000319003 -8.47765e-05 -0.00022777 -0.00201854 -3.16974e-06 3.91773e-05 2.63559e-05 0.000293546 0.000191922 7.89247e-06 -2.82658e-05 -5.67972e-05 0.000380431
internal_weight=0 746 713 672 74 598 6374 6332 1074 1021 853 5258 5051 518
internal_count=7120 746 713 672 74 598 6374 6332 1074 1021 853 5258 5051 518
is_linear=0
shrinkage=0.03


Tree=189
num_leaves=15
num_cat=0
split_feature=9 41 270 221 41 310 9 322 125 64 142 259 84 69
split_gain=0.0969722 0.175035 0.0914034 0.139806 0.121409 0.209527 0.159632 0.145736 0.133459 0.160218 0.124672 0.188487 0.146529 0.108171
threshold=0.17181472480297091 0.079457387328147902 0.0058365758741274485 0.013618676923215391 0.025193798355758194 0.017509727273136381 0.10231658443808557 0.02918287925422192 0.0097276263404637592 0.0096899224445223826 1.0000000180025095e-35 0.0097276263404637592 0.02918287925422192 1.0000000180025095e-35
decision_type=2 2 2 2 2 2 2 2 2 2 2 2 2 2
left_child=1 2 -1 4 6 7 8 -6 10 -10 11 -4 13 -12
right_child=-2 -3 3 -5 5 -7 -8 -9 9 -11 12 -13 -14 -15
leaf_value=-0.00011234980719621524 -0.0016726625960079892 0.0018335873994758313 0.00048015454797463789 0.0010580695781303583 -0.00019157641541203401 0.0021911552882011164 0.0022272573859663681 -0.001821867853241901 0.00037053889145941606 -0.0010437915458660102 0.00060355692749969108 0.0027010406157933174 -0.0016246154820979681 4.1736760129096195e-06
leaf_weight=3489 30 46 504 132 978 31 33 51 125 168 359 36 42 1096
leaf_count=3489 30 46 504 132 978 31 33 51 125 168 359 36 42 1096
internal_value=0 8.89276e-06 -3.28177e-06 0.000103763 6.6664e-05 -0.000199975 0.000186308 -0.000274068 0.000156458 -0.0004412 0.000242599 0.000632933 0.000101469 0.000152376
internal_weight=0 7090 7044 3555 3423 1060 2363 1029 2330 293 2037 540 1497 1455
internal_count=7120 7090 7044 3555 3423 1060 2363 1029 2330 293 2037 540 1497 1455
is_linear=0
shrinkage=0.03


Tree=190
num_leaves=15
num_cat=0
split_feature=9 169 286 6 152 28 317 159 235 54 261 354 32 277
split_gain=0.0979346 0.270634 0.0824858 0.186123 0.0727211 0.110925 0.12909 0.165063 0.13921 0.187155 0.177505 0.142724 0.139259 0.109235
threshold=0.16409270465373996 0.033073929138481624 0.02918287925422192 0.055984549224376685 0.017509727273136381 0.0096899224445223826 0.013618676923215391 1.0000000180025095e-35 1.0000000180025095e-35 0.056201562285423286 0.0058365758741274485 0.63653844594955455 0.036821708083152778 1.0000000180025095e-35
decision_type=2 2 2 2 2 2 2 2 2 2 2 2 2 2
left_child=1 2 4 -4 5 -1 8 -8 9 10 12 -10 -7 -6
right_child=-2 -3 3 -5 13 6 7 -9 11 -11 -12 -13 -14 -15
leaf_value=-0.00041954645431877777 0.0012511766069967832 -0.0021240346910457852 0.0026659600386012565 -7.9506850299926898e-05 -7.9905415431202003e-06 -4.4301038928254427e-05 -0.00023829674879046278 0.0013044987590413312 -0.00012038064516697189 0.0025045880113611927 0.001302792775010447 -0.0018218671060167251 0.0014356234865682963 0.00050907829522381029
leaf_weight=667 55 53 33 64 1060 924 108 146 3201 31 112 44 60 562
leaf_count=667 55 53 33 64 1060 924 108 146 3201 31 112 44 60 562
internal_value=0 -8.35635e-06 7.93553e-06 0.000872191 -4.31215e-06 -5.81707e-05 -5.98636e-06 0.000650145 -4.42456e-05 0.00024287 0.000176673 -0.000144006 4.73041e-05 0.00017137
internal_weight=0 7065 7012 97 6915 5293 4626 254 4372 1127 1096 3245 984 1622
internal_count=7120 7065 7012 97 6915 5293 4626 254 4372 1127 1096 3245 984 1622
is_linear=0
shrinkage=0.03


Tree=191
num_leaves=15
num_cat=0
split_feature=9 56 330 9 134 14 162 76 2 296 19 8 63 353
split_gain=0.0955545 0.114375 0.987579 0.511688 0.158586 0.23545 0.211833 0.19452 0.125654 0.111376 0.0862607 0.11931 0.109298 0.232888
threshold=0.17181472480297091 0.0058139534667134294 1.0000000180025095e-35 0.16023169457912448 0.0058365758741274485 0.083011571317911162 0.0058365758741274485 0.0058139534667134294 0.3403849601745606 1.0000000180025095e-35 0.025096525438129905 0.040540538728237159 0.048449620604515083 0.482692301273346
decision_type=2 2 2 2 2 2 2 2 2 2 2 2 2 2
left_child=1 2 4 10 8 -6 7 -7 9 -1 12 -12 13 -3
right_child=-2 3 -4 -5 5 6 -8 -9 -10 -11 11 -13 -14 -15
leaf_value=0.00082883644276586618 -0.0016604260610596786 -0.0020102405009745825 0.0050843179855789792 -0.0033691520741345677 -0.00085727847123052915 0.002454150310584477 0.0036800439668480643 -0.00054793832611969926 -0.0018817963169547854 -0.0003455005642518417 -0.00096447835980914521 -2.7213576209321791e-05 0.0015297570485637475 0.00031754911423644862
leaf_weight=96 30 40 37 40 47 34 32 43 36 289 124 5529 58 685
leaf_count=96 30 40 37 40 47 34 32 43 36 289 124 5529 58 685
internal_value=0 8.79228e-06 0.000399769 -2.83328e-05 9.10961e-05 0.000904956 0.0016657 0.000792128 -0.000211906 -5.12902e-05 -7.0493e-06 -4.79397e-05 0.00028785 0.000186527
internal_weight=0 7090 614 6476 577 156 109 77 421 385 6436 5653 783 725
internal_count=7120 7090 614 6476 577 156 109 77 421 385 6436 5653 783 725
is_linear=0
shrinkage=0.03


Tree=192
num_leaves=15
num_cat=0
split_feature=9 169 293 166 21 143 296 272 77 253 28 118 4 286
split_gain=0.0993689 0.252307 0.0801304 0.152535 0.32692 0.153115 0.145202 0.149847 0.137672 0.127657 0.125109 0.111001 0.105994 0.0973465
threshold=0.16409270465373996 0.036964979022741325 1.0000000180025095e-35 0.013618676923215391 0.0058139534667134294 0.013618676923215391 1.0000000180025095e-35 1.0000000180025095e-35 0.013565891422331335 0.013618676923215391 0.09883724153041841 0.052529182285070426 0.036679536104202277 0.02918287925422192
decision_type=2 2 2 2 2 2 2 2 2 2 2 2 2 2
left_child=1 2 3 5 -5 9 7 -7 -8 10 11 13 -12 -1
right_child=-2 -3 -4 4 -6 6 8 -9 -10 -11 12 -13 -14 -15
leaf_value=0.00014404591024889317 0.0012602367061689231 -0.0023550397150286632 -6.6923643396895002e-05 0.0028114241364084465 0.00019070092654975627 -0.003236126587575962 0.0015655847600223873 -0.00072640228252766231 -0.00053389546168860894 -0.0015132160757202655 0.0026111354466660749 -0.0013206293760255601 0.00028376004202417221 0.0013188884779810905
leaf_weight=1676 55 40 4662 58 157 30 36 72 116 39 34 44 36 65
leaf_count=1676 55 40 4662 58 157 30 36 72 116 39 34 44 36 65
internal_value=0 -8.48566e-06 5.20879e-06 0.000147488 0.000907429 7.10363e-05 -0.000619162 -0.00148881 -2.96675e-05 0.000163875 0.000199931 0.000150719 0.00143505 0.00018864
internal_weight=0 7065 7025 2363 215 2148 254 102 152 1894 1855 1785 70 1741
internal_count=7120 7065 7025 2363 215 2148 254 102 152 1894 1855 1785 70 1741
is_linear=0
shrinkage=0.03


Tree=193
num_leaves=15
num_cat=0
split_feature=179 169 274 207 287 33 28 61 167 327 66 239 64 104
split_gain=0.0933236 0.157645 0.0771298 0.0965758 0.0790272 0.11731 0.175777 0.139196 0.138213 0.130576 0.104267 0.103108 0.10186 0.15772
threshold=0.017509727273136381 0.044747080653905875 0.0097276263404637592 0.0097276263404637592 1.0000000180025095e-35 0.0096899224445223826 0.040697678923606879 1.0000000180025095e-35 0.0058365758741274485 0.013618676923215391 0.0096899224445223826 1.0000000180025095e-35 0.021317829377949241 1.0000000180025095e-35
decision_type=2 2 2 2 2 2 2 2 2 2 2 2 2 2
left_child=1 2 4 -4 12 6 8 10 9 11 -7 -6 -1 -14
right_child=-2 -3 3 -5 5 7 -8 -9 -10 -11 -12 -13 13 -15
leaf_value=4.7915507709168447e-05 -0.0012409698713842468 0.0017809174389888842 -0.00014171225134875748 -0.0011788208527545626 -0.00015066388684037993 6.638140147251467e-05 -0.0023943079361767585 -3.2545431789965703e-06 0.0013378485403954981 -0.002249101960733242 0.0024345507515643383 -0.0010354080957747525 0.00023507287934512256 0.0015477688530995031
leaf_weight=3759 53 44 364 103 721 30 36 1241 44 31 37 141 414 102
leaf_count=3759 53 44 364 103 721 30 36 1241 44 31 37 141 414 102
internal_value=0 1.09395e-05 -4.01585e-07 -0.000372484 2.61555e-05 -0.000116405 -0.000365672 6.91586e-05 -0.000285262 -0.000366643 0.00139075 -0.000296416 0.000102231 0.000497051
internal_weight=0 7067 7023 467 6556 2281 973 1308 937 893 67 862 4275 516
internal_count=7120 7067 7023 467 6556 2281 973 1308 937 893 67 862 4275 516
is_linear=0
shrinkage=0.03


Tree=194
num_leaves=15
num_cat=0
split_feature=179 169 293 64 322 64 0 19 349 252 158 36 41 309
split_gain=0.0879081 0.148533 0.074818 0.167794 0.331788 0.14815 0.28821 0.142219 0.140222 0.181502 0.123944 0.106012 0.0996026 0.133699
threshold=0.017509727273136381 0.044747080653905875 1.0000000180025095e-35 0.0096899224445223826 0.052529182285070426 0.036821708083152778 0.10576923191547395 0.0096525095868855732 0.0096153847407549637 0.0097276263404637592 0.013618676923215391 1.0000000180025095e-35 0.036821708083152778 1.0000000180025095e-35
decision_type=2 2 2 2 2 2 2 2 2 2 2 2 2 2
left_child=1 2 3 4 8 7 -7 -5 10 -10 11 -1 -4 -14
right_child=-2 -3 12 5 -6 6 -8 -9 9 -11 -12 -13 13 -15
leaf_value=-0.0012905372006006221 -0.00120443021558458 0.0017286770784606536 3.9587548319010442e-07 -0.0018837407184764741 0.003470050626764855 -0.00061233687315784074 0.0027719127648354819 -0.00012520226112035129 0.0002188525791755136 0.0029600530725438145 0.0011646254727701571 0.00017472808988227474 -0.00067301818158910004 3.9115626134743609e-05
leaf_weight=46 53 44 3738 42 30 45 44 1113 48 39 109 816 511 442
leaf_count=46 53 44 3738 42 30 45 44 1113 48 39 109 816 511 442
internal_value=0 1.06126e-05 -3.95875e-07 0.000138447 0.00041038 -9.95242e-05 0.00107298 -0.000190723 0.000320427 0.00146734 0.000216262 9.51305e-05 -6.94324e-05 -0.000343037
internal_weight=0 7067 7023 2332 1088 1244 89 1155 1058 87 971 862 4691 953
internal_count=7120 7067 7023 2332 1088 1244 89 1155 1058 87 971 862 4691 953
is_linear=0
shrinkage=0.03


Tree=195
num_leaves=15
num_cat=0
split_feature=1 2 284 324 41 0 152 277 235 83 118 1 16 235
split_gain=0.0869746 0.739875 2.18863 1.00647 0.179374 0.419369 0.0924151 0.129803 0.122055 0.173108 0.151775 0.142349 0.127569 0.176933
threshold=0.32500028610229498 0.16730769723653796 1.0000000180025095e-35 0.0058365758741274485 0.067829474806785597 0.20192307978868487 0.017509727273136381 1.0000000180025095e-35 1.0000000180025095e-35 1.0000000180025095e-35 1.0000000180025095e-35 0.13653846830129626 0.013513513375073673 0.0097276263404637592
decision_type=2 2 2 2 2 2 2 2 2 2 2 2 2 2
left_child=4 2 -2 -3 6 -6 8 -8 9 -1 -10 -12 13 -13
right_child=1 3 -4 -5 5 -7 7 -9 10 -11 11 12 -14 -15
leaf_value=0.0023222689425764498 0.00028949669336434449 -0.00019393323885412284 -0.0089020407721674168 0.0051855973090807143 -0.00074690289137994536 0.0040541010269225805 2.5960389008395953e-05 0.00065986160537713674 -0.00045894359465756301 0.00015365422248249697 -0.0016173733661797049 0.0028782397009093652 -2.1346005581588616e-05 -4.9792071606250511e-07
leaf_weight=33 74 607 33 32 33 31 825 448 921 1305 48 32 2652 46
leaf_count=33 74 607 33 32 33 31 825 448 921 1305 48 32 2652 46
internal_value=0 -0.000304878 -0.00260145 8.31458e-05 3.72733e-05 0.00160518 2.11188e-05 0.000249389 -3.66098e-05 0.000208835 -0.000125424 -1.47261e-05 1.40343e-05 0.00120201
internal_weight=0 746 107 639 6374 64 6310 1273 5037 1338 3699 2778 2730 78
internal_count=7120 746 107 639 6374 64 6310 1273 5037 1338 3699 2778 2730 78
is_linear=0
shrinkage=0.03


Tree=196
num_leaves=15
num_cat=0
split_feature=9 41 117 10 62 53 6 280 61 343 351 63 126 2
split_gain=0.10788 0.179925 0.084031 0.18612 0.171253 0.156469 0.151942 0.129721 0.120085 0.112831 0.154933 0.147792 0.213818 0.1235
threshold=0.17181472480297091 0.079457387328147902 0.0058365758741274485 0.0057915056822821507 1.0000000180025095e-35 0.017441860400140289 0.11389959231019021 1.0000000180025095e-35 1.0000000180025095e-35 0.059615384787321098 0.040384616702795036 0.048449620604515083 1.0000000180025095e-35 0.34423112869262701
decision_type=2 2 2 2 2 2 2 2 2 2 2 2 2 2
left_child=1 2 3 5 7 9 -6 -4 -5 10 11 13 -13 -1
right_child=-2 -3 4 8 6 -7 -8 -9 -10 -11 -12 12 -14 -15
leaf_value=0.00030594266942671314 -0.0017645334353249881 0.0018590903969759002 -0.00028825369324873791 0.00091955144914240437 -7.3465799946290756e-05 0.0018740655893775364 -0.0017231435467972634 -0.0029409705235489778 -5.8733569337679738e-05 0.001805144531588832 -0.0013423370615055319 0.0035184139187537855 0.00039444258319625594 -0.0013114072162813196
leaf_weight=767 30 46 32 115 1496 61 51 34 4265 43 51 30 55 44
leaf_count=767 30 46 32 115 1496 61 51 34 4265 43 51 30 55 44
internal_value=0 9.08008e-06 -3.26336e-06 5.32102e-05 -0.000193326 0.000411528 -0.000128929 -0.0016783 -3.2844e-05 0.000319612 0.000250326 0.000342375 0.00152511 0.000216688
internal_weight=0 7090 7044 5431 1613 1051 1547 66 4380 990 947 896 85 811
internal_count=7120 7090 7044 5431 1613 1051 1547 66 4380 990 947 896 85 811
is_linear=0
shrinkage=0.03


Tree=197
num_leaves=15
num_cat=0
split_feature=179 169 274 50 287 354 19 34 7 342 61 10 83 351
split_gain=0.0820485 0.142441 0.0734879 0.086459 0.0732881 0.103746 0.218091 0.153386 0.15733 0.14296 0.158056 0.0940536 0.132898 0.123341
threshold=0.017509727273136381 0.044747080653905875 0.0097276263404637592 0.029069767333567146 1.0000000180025095e-35 0.56730771064758312 0.059845551848411567 0.032945737242698676 0.086872573941946044 0.0096153847407549637 1.0000000180025095e-35 0.0057915056822821507 1.0000000180025095e-35 0.040384616702795036
decision_type=2 2 2 2 2 2 2 2 2 2 2 2 2 2
left_child=1 2 4 -4 11 7 -7 9 -9 10 -6 12 -1 -14
right_child=-2 -3 3 -5 5 6 -8 8 -10 -11 -12 -13 13 -15
leaf_value=0.0022763131496321876 -0.0011636251193542395 0.0016926895199964444 -1.4509358263635863e-05 -0.00083990764904724941 0.001229094844284191 -0.00011871487947444065 -0.00277793220221065 7.6718010396386178e-05 0.0028187643292106011 -0.0020118448826833626 -0.00013130224234826667 2.7868643907562302e-05 0.00040636212900908397 -0.0010062214283971115
leaf_weight=31 53 44 270 197 79 91 39 44 32 34 1962 3413 772 59
leaf_count=31 53 44 270 197 79 91 39 44 32 34 1962 3413 772 59
internal_value=0 1.02245e-05 -5.55858e-07 -0.000363747 2.53667e-05 -0.00011192 -0.000931596 -6.19711e-05 0.00125288 -0.00011071 -7.80699e-05 9.86273e-05 0.000378432 0.000304982
internal_weight=0 7067 7023 467 6556 2281 130 2151 76 2075 2041 4275 862 831
internal_count=7120 7067 7023 467 6556 2281 130 2151 76 2075 2041 4275 862 831
is_linear=0
shrinkage=0.03


Tree=198
num_leaves=15
num_cat=0
split_feature=9 41 117 62 278 280 177 40 174 37 1 41 81 220
split_gain=0.106161 0.165894 0.0783035 0.161658 0.126225 0.121092 0.0978016 0.0917808 0.115423 0.198654 0.107195 0.104994 0.102438 0.185711
threshold=0.17181472480297091 0.079457387328147902 0.0058365758741274485 1.0000000180025095e-35 0.0097276263404637592 1.0000000180025095e-35 0.0097276263404637592 0.021317829377949241 1.0000000180025095e-35 0.029069767333567146 0.18653846532106402 0.021317829377949241 0.017441860400140289 0.0058365758741274485
decision_type=2 2 2 2 2 2 2 2 2 2 2 2 2 2
left_child=1 2 6 5 -5 -4 7 8 -1 10 -10 -9 13 -11
right_child=-2 -3 3 4 -6 -7 -8 11 9 12 -12 -13 -14 -15
leaf_value=0.00012113560562981138 -0.0017504749936802734 0.0017853564241940669 -0.0002858760698952458 -7.6886130866424016e-05 -0.0016894538717994389 -0.0028491258035813058 -0.00016739027219395974 0.00068934412889289456 -0.0018542604031307355 0.0027497615936833125 -0.0005298475064381184 0.0001237053202361293 -0.00052889151180771966 0.00015304833138577156
leaf_weight=2295 30 46 32 1503 44 34 1371 476 69 35 264 777 64 80
leaf_count=2295 30 46 32 1503 44 34 1371 476 69 35 264 777 64 80
internal_value=0 8.94467e-06 -2.90775e-06 -0.000186379 -0.000123813 -0.00162915 5.16072e-05 0.000125582 3.02457e-05 -0.000376603 -0.000809005 0.000338963 0.000427835 0.000960244
internal_weight=0 7090 7044 1613 1547 66 5431 4060 2807 512 333 1253 179 115
internal_count=7120 7090 7044 1613 1547 66 5431 4060 2807 512 333 1253 179 115
is_linear=0
shrinkage=0.03


Tree=199
num_leaves=15
num_cat=0
split_feature=15 301 41 50 168 31 207 276 299 63 161 77 215 293
split_gain=0.0826186 0.375915 0.12991 0.0874229 0.0974914 0.0925554 0.0851758 0.140722 0.137112 0.151031 0.126378 0.124055 0.11936 0.107293
threshold=0.032818533480167396 1.0000000180025095e-35 0.079457387328147902 0.036821708083152778 0.017509727273136381 0.0096899224445223826 0.0058365758741274485 1.0000000180025095e-35 0.0097276263404637592 0.029069767333567146 0.0058365758741274485 0.0096899224445223826 1.0000000180025095e-35 1.0000000180025095e-35
decision_type=2 2 2 2 2 2 2 2 2 2 2 2 2 2
left_child=1 3 6 4 5 -1 13 -8 9 11 -10 -9 -11 -2
right_child=2 -3 -4 -5 -6 -7 7 8 10 12 -12 -13 -14 -15
leaf_value=-0.00021578462776283044 0.00035478981488001329 -0.0032099914507797132 0.0015355561550377921 0.0008240123882569606 0.0010980693478823494 -0.0014778244366828838 8.8298319741038022e-05 0.00040178255138075854 0.00074832833356181666 -0.0004461216126959297 -0.00041539987138542665 -0.00044294602808835602 -0.0023489511800148795 -1.6067008550261563e-05
leaf_weight=218 1200 38 50 71 37 68 2053 183 197 58 145 1051 61 1690
leaf_count=218 1200 38 50 71 37 68 2053 183 197 58 145 1051 61 1690
internal_value=0 -0.000400371 2.72275e-05 -0.000121952 -0.00033179 -0.000519954 1.56366e-05 -7.87202e-05 -0.000280947 -0.000416549 0.000255162 -0.00031745 -0.00143297 0.000137991
internal_weight=0 432 6688 394 323 286 6638 3748 1695 1353 342 1234 119 2890
internal_count=7120 432 6688 394 323 286 6638 3748 1695 1353 342 1234 119 2890
is_linear=0
shrinkage=0.03


Tree=200
num_leaves=15
num_cat=0
split_feature=9 210 9 9 284 293 166 36 50 316 51 2 2 318
split_gain=0.101526 0.0886317 0.817744 0.442246 0.119763 0.0936673 0.129727 0.23807 0.126921 0.118457 0.258945 0.116287 0.248796 0.120445
threshold=0.17181472480297091 0.013618676923215391 0.094594579190015807 0.16023169457912448 0.021400777623057369 1.0000000180025095e-35 0.013618676923215391 0.0096899224445223826 1.0000000180025095e-35 0.071984432637691512 1.0000000180025095e-35 0.43653917312622076 0.40961599349975591 0.0097276263404637592
decision_type=2 2 2 2 2 2 2 2 2 2 2 2 2 2
left_child=1 3 -3 4 5 6 8 -8 -1 10 -10 12 13 -12
right_child=-2 2 -4 -5 -6 -7 7 -9 9 -11 11 -13 -14 -15
leaf_value=0.0014746172827376461 -0.0017119163184637024 -0.00021980279031049576 0.0051053119385183121 -0.0033253272636162971 -0.0018520017666366672 -5.9940314293241618e-05 0.0032736491321702487 0.00045416360797348064 0.0026127479065326041 -0.0017480739677921519 0.00016251899173803174 -0.0014457073000401421 0.002032480966100641 -0.00040417889172115475
leaf_weight=58 30 159 30 35 30 4623 31 174 35 31 1332 45 56 451
leaf_count=58 30 159 30 35 30 4623 31 174 35 31 1332 45 56 451
internal_value=0 8.66797e-06 0.000647875 -8.92953e-06 8.45786e-06 1.68922e-05 0.000177351 0.000894347 0.000103744 6.22339e-05 9.23733e-05 4.41898e-05 8.14132e-05 1.90297e-05
internal_weight=0 7090 189 6901 6866 6836 2213 205 2008 1950 1919 1884 1839 1783
internal_count=7120 7090 189 6901 6866 6836 2213 205 2008 1950 1919 1884 1839 1783
is_linear=0
shrinkage=0.03


Tree=201
num_leaves=15
num_cat=0
split_feature=179 56 147 41 324 171 350 258 134 306 6 8 130 274
split_gain=0.0750433 0.133057 1.64228 0.79203 0.0947178 0.130831 0.13017 0.10418 0.0833326 0.102465 0.0978107 0.0822688 0.0798146 0.0795099
threshold=0.017509727273136381 0.0058139534667134294 0.0097276263404637592 0.085271343588829054 0.0058365758741274485 0.0058365758741274485 0.74000000953674328 1.0000000180025095e-35 0.0058365758741274485 0.02918287925422192 0.063706556335091605 0.028957529924809936 1.0000000180025095e-35 0.0097276263404637592
decision_type=2 2 2 2 2 2 2 2 2 2 2 2 2 2
left_child=1 2 4 13 5 8 -6 12 10 -10 -1 -9 -7 -3
right_child=-2 3 -4 -5 6 7 -8 11 9 -11 -12 -13 -14 -15
leaf_value=-0.00076736632268875832 -0.0011129474252488257 2.1841966090005869e-05 0.0070488743383612011 -0.004597036364926573 0.002548224242899807 0.0013312549867158278 -0.0002171568263457307 -0.002234868143850397 0.00042347988062538201 0.0025967877155000513 0.0012591761743875822 -0.00055967995709308642 -0.00024652610982395175 -0.00040416917906393665
leaf_weight=57 53 6005 31 33 30 42 30 30 49 32 33 187 87 421
leaf_count=57 53 6005 31 33 30 42 30 30 49 32 33 187 87 421
internal_value=0 9.67359e-06 0.000433578 -3.02904e-05 6.65826e-05 -6.52092e-05 0.00118464 -0.000400435 0.000611469 0.00130327 -1.86292e-05 -0.000800462 0.000273459 -6.12674e-06
internal_weight=0 7067 608 6459 577 517 60 346 171 81 90 217 129 6426
internal_count=7120 7067 608 6459 577 517 60 346 171 81 90 217 129 6426
is_linear=0
shrinkage=0.03


Tree=202
num_leaves=15
num_cat=0
split_feature=9 9 232 294 102 8 216 211 64 322 251 100 6 2
split_gain=0.0899304 0.168096 0.0752539 0.0970057 0.076679 0.141428 0.174306 0.12127 0.116974 0.206492 0.133898 0.181247 0.173948 0.146042
threshold=0.16409270465373996 0.156370684504509 0.013618676923215391 0.017509727273136381 0.013618676923215391 0.059845551848411567 0.013618676923215391 0.0097276263404637592 0.0058139534667134294 0.056420233100652702 1.0000000180025095e-35 0.017509727273136381 0.1177605949342251 0.1480769291520119
decision_type=2 2 2 2 2 2 2 2 2 2 2 2 2 2
left_child=1 2 4 -4 8 -6 -7 -8 9 -1 11 -10 13 -12
right_child=-2 -3 3 -5 5 6 7 -9 10 -11 12 -13 -14 -15
leaf_value=0.00011668513999300856 0.0011986230529977806 -0.002025122872138446 0.00020448359979101797 0.0015034177331885292 0.00170340719990079 0.00036403309913411421 -0.0023142188107303807 -5.9999738884873161e-06 3.0345821552874553e-05 0.0025160178475462916 -0.0020654454028331917 0.0021267440390319711 -0.0015319552250668417 -0.00019193740403978992
leaf_weight=1494 55 36 425 58 57 482 39 42 1598 32 37 37 93 2635
leaf_count=1494 55 36 425 58 57 482 39 42 1598 32 37 37 93 2635
internal_value=0 -8.34201e-06 2.27381e-06 0.000363247 -2.44122e-05 0.000292752 0.000147165 -0.00113203 -5.76389e-05 0.000168614 -0.000136128 7.90582e-05 -0.000263354 -0.000218643
internal_weight=0 7065 7029 483 6546 620 563 81 5926 1526 4400 1635 2765 2672
internal_count=7120 7065 7029 483 6546 620 563 81 5926 1526 4400 1635 2765 2672
is_linear=0
shrinkage=0.03


Tree=203
num_leaves=15
num_cat=0
split_feature=43 171 41 41 243 76 271 80 8 197 143 81 64 313
split_gain=0.0795357 0.105494 0.381834 0.163908 0.0957357 0.0975967 0.0922878 0.0787042 0.151941 0.110579 0.157682 0.10915 0.138135 0.123252
threshold=0.056201562285423286 0.013618676923215391 0.067829474806785597 0.079457387328147902 1.0000000180025095e-35 0.032945737242698676 0.0058365758741274485 0.0096899224445223826 0.059845551848411567 0.0058365758741274485 1.0000000180025095e-35 0.017441860400140289 0.025193798355758194 1.0000000180025095e-35
decision_type=2 2 2 2 2 2 2 2 2 2 2 2 2 2
left_child=1 2 7 4 6 -6 -3 -1 11 -10 -11 12 -9 -13
right_child=-2 3 -4 -5 5 -7 -8 8 9 10 -12 13 -14 -15
leaf_value=0.00012376605261100307 0.0011701071648768937 -0.00020834978479285571 0.0032617854784158145 -0.0018382478903635942 -9.6609762683829486e-05 0.0011743463564987718 -0.001209012693586427 -0.0006207741108687514 -5.2530684575290478e-05 0.001433310314702491 -0.00048861555836629111 0.0016845929199321701 -0.0022960729912544289 -0.0003684040791211793
leaf_weight=3270 51 214 32 56 693 58 135 255 1976 107 59 32 53 129
leaf_count=3270 51 214 32 56 693 58 135 255 1976 107 59 32 53 129
internal_value=0 -7.4772e-06 4.37771e-05 -0.000269457 -0.000187994 2.97774e-06 -0.000597774 2.57156e-05 -9.70826e-05 1.00921e-05 0.000751381 -0.000585547 -0.000915554 4.75249e-05
internal_weight=0 7069 5913 1156 1100 751 349 5881 2611 2142 166 469 308 161
internal_count=7120 7069 5913 1156 1100 751 349 5881 2611 2142 166 469 308 161
is_linear=0
shrinkage=0.03


Tree=204
num_leaves=15
num_cat=0
split_feature=1 353 320 138 41 17 152 277 19 52 271 63 317 353
split_gain=0.0773089 0.870599 0.289357 0.177722 0.165826 0.419601 0.0810771 0.118347 0.105981 0.247209 0.11941 0.144002 0.113423 0.118083
threshold=0.32500028610229498 0.482692301273346 0.0097276263404637592 1.0000000180025095e-35 0.067829474806785597 0.063706556335091605 0.017509727273136381 1.0000000180025095e-35 0.013513513375073673 0.017441860400140289 0.079766534268856062 0.087209329009056105 0.013618676923215391 0.48653845489025122
decision_type=2 2 2 2 2 2 2 2 2 2 2 2 2 2
left_child=4 -2 3 -3 6 -6 8 -8 9 10 -1 -12 -10 -14
right_child=1 2 -4 -5 5 -7 7 -9 12 -11 11 -13 13 -15
leaf_value=-0.0017169216296245013 -0.0049776900874669936 -0.00013160753361105915 0.0019866967965897759 -0.0024589073079668224 0.0039923811463268063 -0.00080871311002684871 1.987072036046798e-05 0.00062514477942576699 -9.497674399291611e-05 0.0022519180428935215 -0.0005404534299401039 0.0019410341211727686 -0.00092645866239852287 0.00083222041684267523
leaf_weight=30 33 627 56 30 31 33 825 448 4607 59 52 34 40 215
leaf_count=30 33 627 56 30 31 33 825 448 4607 59 52 34 40 215
internal_value=0 -0.000287651 -6.39131e-05 -0.000241452 3.49283e-05 0.00154246 1.9396e-05 0.000233205 -3.46755e-05 0.000688538 -0.00011908 0.000451634 -6.08427e-05 0.000553808
internal_weight=0 746 713 657 6374 64 6310 1273 5037 175 116 86 4862 255
internal_count=7120 746 713 657 6374 64 6310 1273 5037 175 116 86 4862 255
is_linear=0
shrinkage=0.03


Tree=205
num_leaves=15
num_cat=0
split_feature=9 169 156 232 19 43 149 102 343 40 64 5 251 100
split_gain=0.0865563 0.236518 0.0677194 0.0886964 0.144726 0.0828235 0.081598 0.0787012 0.147035 0.150824 0.11297 0.226614 0.131519 0.166813
threshold=0.16409270465373996 0.033073929138481624 0.017509727273136381 0.013618676923215391 0.025096525438129905 0.056201562285423286 0.0097276263404637592 0.013618676923215391 1.0000000180025095e-35 0.0096899224445223826 0.0058139534667134294 0.025096525438129905 1.0000000180025095e-35 0.017509727273136381
decision_type=2 2 2 2 2 2 2 2 2 2 2 2 2 2
left_child=1 2 3 5 -5 7 -6 10 9 -9 11 -1 13 -12
right_child=-2 -3 -4 4 6 -7 -8 8 -10 -11 12 -13 -14 -15
leaf_value=0.0026743177176103928 0.0011758573579468896 -0.0019860880382152066 -0.000589899930592672 0.0019337999922059037 8.6706497371697518e-05 0.0013369374482881094 0.0014703400871651465 -0.001942917965215576 0.00095122919638898954 0.00014817591839736061 4.2094123171005107e-05 0.00012160141299407816 -0.00025388940659962965 0.0020542268283469112
leaf_weight=31 55 53 166 50 357 40 42 33 209 356 1537 1437 2717 37
leaf_count=31 55 53 166 50 357 40 42 33 209 356 1537 1437 2717 37
internal_value=0 -8.2493e-06 6.98121e-06 2.15383e-05 0.000428643 -7.0986e-06 0.000235664 -1.57646e-05 0.000311515 -3.37446e-05 -4.97967e-05 0.000177291 -0.000127509 9.06675e-05
internal_weight=0 7065 7012 6846 449 6397 399 6357 598 389 5759 1468 4291 1574
internal_count=7120 7065 7012 6846 449 6397 399 6357 598 389 5759 1468 4291 1574
is_linear=0
shrinkage=0.03


Tree=206
num_leaves=15
num_cat=0
split_feature=15 301 41 168 220 43 152 82 317 235 261 41 12 354
split_gain=0.0748167 0.347044 0.129109 0.0776115 0.0733024 0.073842 0.0774095 0.109927 0.110458 0.105953 0.140901 0.115202 0.0992748 0.233207
threshold=0.032818533480167396 1.0000000180025095e-35 0.079457387328147902 0.017509727273136381 0.099221788346767439 0.056201562285423286 0.017509727273136381 1.0000000180025095e-35 0.013618676923215391 1.0000000180025095e-35 0.0058365758741274485 0.063953503966331496 0.10231658443808557 0.56730771064758312
decision_type=2 2 2 2 2 2 2 2 2 2 2 2 2 2
left_child=1 3 4 -1 5 6 7 -2 9 10 12 -11 13 -9
right_child=2 -3 -4 -5 -6 -7 -8 8 -10 11 -12 -13 -14 -15
leaf_value=-0.00026559091857977492 0.00085171924564608574 -0.0030806776229292151 0.0015294676726026568 0.001045277163123145 0.0014036398659021975 0.0014015729072236675 0.00019850098078410969 8.454899263077615e-06 0.00052774603144532123 -0.00021820666391066503 0.0010999374214297859 0.0010869330880344814 0.00068656970811044348 -0.0021758380493797037
leaf_weight=349 117 38 50 45 33 33 1391 1007 259 3400 119 61 173 45
leaf_count=349 117 38 50 45 33 33 1391 1007 259 3400 119 61 173 45
internal_value=0 -0.00038111 2.57989e-05 -0.000113605 1.4244e-05 7.09087e-06 -1.23414e-07 -5.34783e-05 -7.45563e-05 -0.000107125 0.000118877 -0.000194896 2.27546e-05 -8.69573e-05
internal_weight=0 432 6688 394 6638 6605 6572 5181 5064 4805 1344 3461 1225 1052
internal_count=7120 432 6688 394 6638 6605 6572 5181 5064 4805 1344 3461 1225 1052
is_linear=0
shrinkage=0.03


Tree=207
num_leaves=15
num_cat=0
split_feature=9 41 168 60 232 62 41 113 149 167 19 4 156 163
split_gain=0.0888087 0.154445 0.0730823 0.195274 0.0948536 0.083461 0.0813719 0.0925504 0.0814392 0.0746476 0.0971906 0.123869 0.0945216 0.0924544
threshold=0.17181472480297091 0.079457387328147902 0.013618676923215391 0.0058139534667134294 0.013618676923215391 0.017441860400140289 0.017441860400140289 0.0058365758741274485 0.0097276263404637592 0.0058365758741274485 0.090733576565980925 0.11003858968615533 0.0097276263404637592 1.0000000180025095e-35
decision_type=2 2 2 2 2 2 2 2 2 2 2 2 2 2
left_child=1 2 4 -4 9 -6 8 -8 -7 13 12 -12 -11 -1
right_child=-2 -3 3 -5 5 6 7 -9 -10 10 11 -13 -14 -15
leaf_value=8.7029709285131899e-05 -0.0016011705093326107 0.0017220670812109365 -0.0021697678918717427 -0.00014853129671015577 -5.093901691941061e-05 -0.00033927911532564872 0.00084561744542043015 0.0026669519003480668 0.0013203362775285068 -7.1086187265975796e-06 0.0012249889300864007 -0.00042306674481161672 0.00095558001959836789 -0.00018853222078578499
leaf_weight=2149 30 46 44 983 161 75 95 34 40 917 156 55 101 2234
leaf_count=2149 30 46 44 983 161 75 95 34 40 917 156 55 101 2234
internal_value=0 8.04981e-06 -3.38623e-06 -0.000237154 3.65468e-05 0.000479357 0.000828046 0.00134248 0.000244384 4.51084e-06 0.000211037 0.000795432 8.92477e-05 -5.34342e-05
internal_weight=0 7090 7044 1027 6017 405 244 129 115 5612 1229 211 1018 4383
internal_count=7120 7090 7044 1027 6017 405 244 129 115 5612 1229 211 1018 4383
is_linear=0
shrinkage=0.03


Tree=208
num_leaves=15
num_cat=0
split_feature=9 41 168 74 166 29 72 201 69 78 34 126 12 216
split_gain=0.0837286 0.145505 0.0688139 0.172056 0.0984799 0.122956 0.172926 0.101208 0.0828342 0.192021 0.267478 0.168884 0.11386 0.297015
threshold=0.17181472480297091 0.079457387328147902 0.013618676923215391 0.0096899224445223826 0.013618676923215391 0.017441860400140289 0.0058139534667134294 1.0000000180025095e-35 1.0000000180025095e-35 0.052325591444969184 0.091085299849510207 1.0000000180025095e-35 0.094594579190015807 0.0097276263404637592
decision_type=2 2 2 2 2 2 2 2 2 2 2 2 2 2
left_child=1 2 4 -4 8 -6 -7 -8 9 -1 -11 -12 -10 -14
right_child=-2 -3 3 -5 5 6 7 -9 12 10 11 -13 13 -15
leaf_value=8.6464664835005141e-05 -0.0015546848654987349 0.0016715040659294165 -0.00015287514807211912 -0.0021847094839008954 -0.00025307485248687075 0.0023529916946426967 0.001225090332870447 0.00016689678212774211 -1.6521245802459594e-05 0.0038299175350731537 0.0017686176907680019 -0.0011168615264713563 -0.00027247478913237244 -0.0033778496463492047
leaf_weight=546 30 46 989 38 193 47 110 306 4473 30 40 32 209 31
leaf_count=546 30 46 989 38 193 47 110 306 4473 30 40 32 209 31
internal_value=0 7.83156e-06 -3.26857e-06 -0.000230107 3.54807e-05 0.000382145 0.000646909 0.000448974 -7.00232e-06 0.000310756 0.00149888 0.000488451 -5.07482e-05 -0.000685937
internal_weight=0 7090 7044 1027 6017 656 463 416 5361 648 102 72 4713 240
internal_count=7120 7090 7044 1027 6017 656 463 416 5361 648 102 72 4713 240
is_linear=0
shrinkage=0.03


Tree=209
num_leaves=15
num_cat=0
split_feature=9 169 156 232 219 43 43 167 242 82 7 278 143 7
split_gain=0.0853204 0.242404 0.0628656 0.0766042 0.116544 0.0731326 0.0765762 0.0792714 0.109445 0.151728 0.161531 0.106797 0.11035 0.136025
threshold=0.16409270465373996 0.036964979022741325 0.017509727273136381 0.013618676923215391 0.0058365758741274485 0.056201562285423286 0.052325591444969184 0.0058365758741274485 0.013618676923215391 0.0096899224445223826 0.036679536104202277 0.0058365758741274485 0.013618676923215391 0.098455581814050688
decision_type=2 2 2 2 2 2 2 2 2 2 2 2 2 2
left_child=1 2 3 5 -5 6 7 11 -9 -10 -11 -1 -13 -14
right_child=-2 -3 -4 4 -6 -7 -8 8 9 10 -12 12 13 -15
leaf_value=-1.249000415320754e-05 0.0011673868755211255 -0.0023082756664513085 -0.00056991761173874492 0.00022433959952759323 0.0017482702235472115 0.0012555944259568094 -0.00092635287478936711 0.00010815195403456462 0.0028245099523337555 0.0017920977625852594 -0.00084706666025643541 -0.00030101495784434469 -0.0030494865675967544 -0.00027288069318541708
leaf_weight=4049 55 40 166 399 50 40 81 1542 31 38 44 522 30 33
leaf_count=4049 55 40 166 399 50 40 81 1542 31 38 44 522 30 33
internal_value=0 -8.23525e-06 5.18774e-06 1.91874e-05 0.00039755 -7.37363e-06 -1.55002e-05 -3.62333e-06 0.000174539 0.00107156 0.000382817 -6.72767e-05 -0.000445807 -0.00162206
internal_weight=0 7065 7025 6859 449 6410 6370 6289 1655 113 82 4634 585 63
internal_count=7120 7065 7025 6859 449 6410 6370 6289 1655 113 82 4634 585 63
is_linear=0
shrinkage=0.03


Tree=210
num_leaves=15
num_cat=0
split_feature=9 56 330 9 78 353 13 69 203 13 34 284 332 322
split_gain=0.0825175 0.0898023 0.873454 0.468149 0.136586 0.0880991 0.166102 0.146408 0.209674 0.137684 0.0748975 0.0715672 0.138768 0.132776
threshold=0.17181472480297091 0.0058139534667134294 1.0000000180025095e-35 0.16023169457912448 0.052325591444969184 0.51346153020858776 0.040540538728237159 0.0058139534667134294 0.0058365758741274485 0.044401541352272041 0.013565891422331335 0.0097276263404637592 0.0097276263404637592 1.0000000180025095e-35
decision_type=2 2 2 2 2 2 2 2 2 2 2 2 2 2
left_child=1 2 4 11 5 7 -7 8 -1 -8 -9 -3 13 -13
right_child=-2 3 -4 -5 -6 6 9 10 -10 -11 -12 12 -14 -15
leaf_value=0.0031921197393570432 -0.0015434405586171533 2.8542813204926543e-05 0.0047597329772926106 -0.0032206900124210954 0.0017114227135399621 -0.0022392117285302705 0.001680168394889352 -0.00088503995493259644 -9.4559486544887089e-05 -0.00054329012947171241 0.00022769044368033063 -0.0010070526800996049 -0.001597278611178496 8.7836054186328944e-05
leaf_weight=32 30 5793 37 40 41 41 30 75 37 130 191 127 66 450
leaf_count=32 30 5793 37 40 41 41 30 75 37 130 191 127 66 450
internal_value=0 7.73369e-06 0.000354174 -2.51625e-05 6.39227e-05 -6.50511e-05 -0.000560063 0.000232739 0.00145352 -0.000118545 -8.8189e-05 -4.80492e-06 -0.000304824 -0.000154479
internal_weight=0 7090 614 6476 577 536 201 335 69 160 266 6436 643 577
internal_count=7120 7090 614 6476 577 536 201 335 69 160 266 6436 643 577
is_linear=0
shrinkage=0.03


Tree=211
num_leaves=15
num_cat=0
split_feature=9 169 156 19 322 0 5 63 65 34 19 209 0 19
split_gain=0.0866941 0.22473 0.0589768 0.0792855 0.160294 0.290089 0.334549 0.158576 0.103734 0.0983715 0.0847139 0.220167 0.107699 0.0957513
threshold=0.16409270465373996 0.036964979022741325 0.017509727273136381 0.013513513375073673 0.0058365758741274485 0.2096153870224953 0.025096525438129905 0.087209329009056105 0.0058139534667134294 0.0096899224445223826 0.017374516930431131 1.0000000180025095e-35 0.25192308425903326 0.025096525438129905
decision_type=2 2 2 2 2 2 2 2 2 2 2 2 2 2
left_child=1 2 3 4 9 7 -7 -6 -8 -1 11 -5 -13 -12
right_child=-2 -3 -4 10 5 6 8 -9 -10 -11 13 12 -14 -15
leaf_value=0.00091319486654308423 0.0011766853659979199 -0.0022229656001280357 -0.00055247208745564573 -0.0025460274590711506 -0.0013475594686730929 0.0043754898594426253 -0.00042257871749290429 0.0011264757597818969 0.0016487166911528836 -0.00089704484514089569 0.00050053734914098317 0.0013925563147557632 -0.00083757653562563719 -1.8304065699680681e-05
leaf_weight=37 55 40 166 41 55 34 33 39 61 93 337 34 43 6052
leaf_count=37 55 40 166 41 55 34 33 39 61 93 337 34 43 6052
internal_value=0 -8.36323e-06 4.5612e-06 1.8121e-05 0.000456005 0.000944352 0.00186818 -0.000320045 0.000924766 -0.000378785 -5.63306e-06 -0.000798715 0.000152386 9.13726e-06
internal_weight=0 7065 7025 6859 352 222 128 94 94 130 6507 118 77 6389
internal_count=7120 7065 7025 6859 352 222 128 94 94 130 6507 118 77 6389
is_linear=0
shrinkage=0.03


Tree=212
num_leaves=15
num_cat=0
split_feature=9 169 293 64 21 107 6 343 61 158 2 63 349 70
split_gain=0.0816593 0.211769 0.0628798 0.14252 0.304982 0.115401 0.216391 0.131016 0.124681 0.109674 0.114815 0.140401 0.111881 0.137511
threshold=0.16409270465373996 0.036964979022741325 1.0000000180025095e-35 0.0096899224445223826 1.0000000180025095e-35 1.0000000180025095e-35 0.1177605949342251 0.059615384787321098 0.0096899224445223826 0.013618676923215391 0.41346216201782232 0.029069767333567146 0.005769230774603785 0.0058139534667134294
decision_type=2 2 2 2 2 2 2 2 2 2 2 2 2 2
left_child=1 2 3 4 -1 6 7 -5 -7 10 11 12 -6 -14
right_child=-2 -3 -4 5 9 8 -8 -9 -10 -11 -12 -13 13 -15
leaf_value=0.0028883594616698764 0.0011420151310241114 -0.0021579033241993406 -5.9459371350578578e-05 0.00015317373664145659 5.9308194748325981e-05 0.00014051382132391964 -0.0022532195120038524 0.0017186681480737976 -0.00079071840920261346 0.0010124711895355611 0.0018372981368697115 -0.0015667460246715397 -0.00032938382738540247 0.0022499506850272152
leaf_weight=41 55 40 4662 648 744 215 31 51 323 156 34 43 30 47
leaf_count=41 55 40 4662 648 744 215 31 51 323 156 34 43 30 47
internal_value=0 -8.10761e-06 4.43861e-06 0.000130476 0.00038103 -8.60239e-05 0.000159614 0.000269686 -0.000419001 0.000280851 0.00015277 8.4433e-05 0.000172715 0.00125368
internal_weight=0 7065 7025 2363 1095 1268 730 699 538 1054 898 864 821 77
internal_count=7120 7065 7025 2363 1095 1268 730 699 538 1054 898 864 821 77
is_linear=0
shrinkage=0.03


Tree=213
num_leaves=15
num_cat=0
split_feature=15 301 18 50 166 320 25 263 268 19 62 14 56 326
split_gain=0.0685994 0.325934 0.126776 0.0817996 0.45041 0.967391 0.325244 0.0951926 0.154869 0.107455 0.117432 0.20018 0.0817573 0.100751
threshold=0.032818533480167396 1.0000000180025095e-35 0.048262543976306922 0.013565891422331335 0.0097276263404637592 0.0097276263404637592 0.021317829377949241 0.013618676923215391 0.013618676923215391 0.036679536104202277 0.032945737242698676 0.075289566069841399 0.029069767333567146 0.0058365758741274485
decision_type=2 2 2 2 2 2 2 2 2 2 2 2 2 2
left_child=1 -1 -2 4 6 -6 7 8 9 -4 11 -11 -5 -14
right_child=2 -3 3 12 5 -7 -8 -9 -10 10 -12 -13 13 -15
leaf_value=-0.00010579142051371687 0.0014589996093630113 -0.0029811945951615389 0.0014212014930528878 -5.2096312155016317e-05 0.00038777578412555158 0.0062575155943769079 -0.0027616543395167872 0.0014338696478529177 -0.0011324697876838837 -4.5610274415037066e-05 -0.001154301327000212 0.0019399155032905663 0.00019906097428793146 0.0016049517982808703
leaf_weight=394 54 38 60 5558 99 33 36 46 86 270 59 54 279 54
leaf_count=394 54 38 60 5558 99 33 36 46 86 270 59 54 279 54
internal_value=0 -0.000365021 2.46136e-05 1.27197e-05 0.000309125 0.00189123 -3.52027e-05 0.000139995 2.49911e-05 0.000251735 6.53044e-05 0.000290261 -2.47105e-05 0.000431166
internal_weight=0 432 6688 6634 743 132 611 575 529 443 383 324 5891 333
internal_count=7120 432 6688 6634 743 132 611 575 529 443 383 324 5891 333
is_linear=0
shrinkage=0.03


Tree=214
num_leaves=15
num_cat=0
split_feature=14 65 41 72 41 41 102 214 7 166 169 245 158 283
split_gain=0.0665388 0.876998 0.70554 0.0975778 0.0779041 0.103336 0.076173 0.264247 0.122249 0.147002 0.1189 0.187535 0.143603 0.118137
threshold=0.025096525438129905 1.0000000180025095e-35 0.091085299849510207 0.0096899224445223826 0.071705445647239699 0.067829474806785597 1.0000000180025095e-35 0.017509727273136381 0.021235520951449875 0.0097276263404637592 1.0000000180025095e-35 1.0000000180025095e-35 0.0058365758741274485 1.0000000180025095e-35
decision_type=2 2 2 2 2 2 2 2 2 2 2 2 2 2
left_child=1 -1 4 -3 5 6 7 8 9 -2 11 -10 -12 -13
right_child=2 3 -4 -5 -6 -7 -8 -9 10 -11 12 13 -14 -15
leaf_value=-0.0049842367992352912 -1.2217155058765043e-05 0.0010149371578358113 0.0040998883089540814 -0.00019252331325939545 -0.0010411868462688288 0.0017112040067149791 -5.7032582666718807e-05 -0.0020898137769351402 0.00024972378783676597 0.0023583719683497643 0.00023336936148102676 0.002898581134291684 -0.00055303170752629845 0.00085687953234203933
leaf_weight=33 43 74 37 305 63 31 4918 44 487 51 605 40 318 71
leaf_count=33 43 74 37 305 63 31 4918 44 487 51 605 40 318 71
internal_value=0 -0.000368658 2.36754e-05 4.52846e-05 4.56017e-07 1.0543e-05 2.26816e-06 0.00017799 0.00024103 0.00128524 0.000175695 0.000504845 -3.78737e-05 0.00161194
internal_weight=0 412 6708 379 6671 6608 6577 1659 1615 94 1521 598 923 111
internal_count=7120 412 6708 379 6671 6608 6577 1659 1615 94 1521 598 923 111
is_linear=0
shrinkage=0.03


Tree=215
num_leaves=15
num_cat=0
split_feature=1 14 64 0 277 41 217 152 277 104 80 11 235 54
split_gain=0.06985 0.719612 0.445865 0.999208 0.244751 0.165415 0.47022 0.0733979 0.112244 0.10003 0.0998662 0.0939063 0.0926625 0.157289
threshold=0.32500028610229498 0.028957529924809936 0.013565891422331335 0.19423077255487445 0.0058365758741274485 0.067829474806785597 1.0000000180025095e-35 0.017509727273136381 1.0000000180025095e-35 0.013618676923215391 0.021317829377949241 0.055984549224376685 1.0000000180025095e-35 0.056201562285423286
decision_type=2 2 2 2 2 2 2 2 2 2 2 2 2 2
left_child=5 -2 4 -4 -3 7 -7 12 -9 10 11 -10 13 -1
right_child=1 2 3 -5 -6 6 -8 8 9 -11 -12 -13 -14 -15
leaf_value=0.00012899741161781001 -0.003453190892232361 -0.00011334188035206377 -0.00090515010119997892 0.0062908200727355094 -0.0027317420943804523 -0.00094794209536356742 0.004132743902737275 1.3241676657018293e-05 -0.00042022882686597443 -0.00030764546472544844 0.0021477868148552562 0.000883606198465303 -0.00011126851587841215 0.0022580862502218223
leaf_weight=1307 58 586 39 30 33 33 31 825 61 87 44 256 3699 31
leaf_count=1307 58 586 39 30 33 33 31 825 61 87 44 256 3699 31
internal_value=0 -0.000273547 -8.73e-07 0.00226871 -0.000257114 3.3076e-05 0.00153873 1.75633e-05 0.000220995 0.000602695 0.000822329 0.000632178 -3.38837e-05 0.000179976
internal_weight=0 746 688 69 619 6374 64 6310 1273 448 361 317 5037 1338
internal_count=7120 746 688 69 619 6374 64 6310 1273 448 361 317 5037 1338
is_linear=0
shrinkage=0.03


Tree=216
num_leaves=15
num_cat=0
split_feature=9 41 117 351 10 53 7 278 63 63 270 55 122 61
split_gain=0.091365 0.160105 0.0627905 0.139139 0.129819 0.135274 0.11258 0.100798 0.0964352 0.0932806 0.127908 0.172658 0.091666 0.0908289
threshold=0.17181472480297091 0.079457387328147902 0.0058365758741274485 1.0000000180025095e-35 0.0057915056822821507 0.017441860400140289 0.090733576565980925 0.0097276263404637592 0.029069767333567146 0.048449620604515083 0.025291828438639644 0.032945737242698676 1.0000000180025095e-35 1.0000000180025095e-35
decision_type=2 2 2 2 2 2 2 2 2 2 2 2 2 2
left_child=1 2 4 6 5 12 -4 8 -5 10 11 13 -1 -6
right_child=-2 -3 3 7 9 -7 -8 -9 -10 -11 -12 -13 -14 -15
leaf_value=0.00031555633587017291 -0.0016241940336241835 0.0017531624489879989 -0.0027551840457387946 -0.00012133265488529451 0.00081264124055074904 0.0017042081012961362 -0.00028598997542368513 -0.0015089638993764916 0.0010113676412286839 -0.0014336962465729031 0.0013987156729777588 -0.0022272261138277824 -0.001206935837116042 -3.8513243207779845e-05
leaf_weight=954 30 46 32 1433 115 61 34 44 70 41 56 31 36 4137
leaf_count=954 30 46 32 1433 115 61 34 44 70 41 56 31 36 4137
internal_value=0 8.02145e-06 -3.62222e-06 -0.000167917 4.5195e-05 0.000344449 -0.00150643 -0.000109876 -6.79414e-05 -2.66745e-05 -1.3052e-05 -3.1833e-05 0.000259031 -1.53072e-05
internal_weight=0 7090 7044 1613 5431 1051 66 1547 1503 4380 4339 4283 990 4252
internal_count=7120 7090 7044 1613 5431 1051 66 1547 1503 4380 4339 4283 990 4252
is_linear=0
shrinkage=0.03


Tree=217
num_leaves=15
num_cat=0
split_feature=9 210 18 9 284 179 293 64 21 61 120 51 158 2
split_gain=0.0861349 0.081505 0.755468 0.382641 0.0887706 0.0801016 0.0761622 0.117387 0.277195 0.106626 0.127768 0.102507 0.0956721 0.103678
threshold=0.17181472480297091 0.013618676923215391 0.07915056869387628 0.16023169457912448 0.021400777623057369 1.0000000180025095e-35 1.0000000180025095e-35 0.0096899224445223826 1.0000000180025095e-35 0.0096899224445223826 1.0000000180025095e-35 0.0096899224445223826 0.013618676923215391 0.41346216201782232
decision_type=2 2 2 2 2 2 2 2 2 2 2 2 2 2
left_child=1 3 -3 4 6 -4 7 8 -1 -9 11 -11 13 -10
right_child=-2 2 5 -5 -6 -7 -8 9 12 10 -12 -13 -14 -15
leaf_value=0.0027783373212774418 -0.0015770401186760395 0.0047470770344476805 0.0011253446740879405 -0.0030939272530182888 -0.0015946754140801908 -0.00057498954243783373 -5.4952268804379083e-05 0.00024382690334884196 9.7786109231275895e-05 -0.002625857345886867 -0.00010547947547473948 -0.00065626156062353403 0.00098597558006329692 0.0017653502940333315
leaf_weight=41 30 32 30 35 30 127 4623 575 818 32 474 89 150 34
leaf_count=41 30 32 30 35 30 127 4623 575 818 32 474 89 150 34
internal_value=0 7.76988e-06 0.00062074 -9.10524e-06 7.06816e-06 -0.000245019 1.43297e-05 0.00015902 0.000390274 -4.72889e-05 -0.000328556 -0.0011944 0.000289887 0.000166324
internal_weight=0 7090 189 6901 6866 157 6836 2213 1043 1170 595 121 1002 852
internal_count=7120 7090 189 6901 6866 157 6836 2213 1043 1170 595 121 1002 852
is_linear=0
shrinkage=0.03


Tree=218
num_leaves=15
num_cat=0
split_feature=9 41 168 100 166 43 43 147 7 230 216 101 102 75
split_gain=0.0812067 0.145548 0.0591865 0.17413 0.0821441 0.173807 0.1355 0.116291 0.0870996 0.0944751 0.0757065 0.183799 0.113434 0.108433
threshold=0.17181472480297091 0.079457387328147902 0.013618676923215391 0.0097276263404637592 0.013618676923215391 0.013565891422331335 0.048449620604515083 1.0000000180025095e-35 0.025096525438129905 0.0058365758741274485 0.013618676923215391 1.0000000180025095e-35 0.013618676923215391 0.013565891422331335
decision_type=2 2 2 2 2 2 2 2 2 2 2 2 2 2
left_child=1 2 4 -4 10 7 8 -6 9 -7 12 -12 -1 -13
right_child=-2 -3 3 -5 5 6 -8 -9 -10 -11 11 13 -14 -15
leaf_value=-2.6250380694974088e-05 -0.0015312549243530918 0.0016714657948134427 -0.00014379072188282351 -0.0023923603807634209 0.0028361672073459391 0.0001091852852697955 0.0017886163515233714 0.00051797752143678869 -0.00018386187941794207 0.001765122338420042 0.00078378310322817137 -0.0024443375351984285 0.00047340824588770498 -0.00063547657135797368
leaf_weight=4687 30 46 996 31 38 88 42 40 401 47 66 39 447 122
leaf_count=4687 30 46 996 31 38 88 42 40 401 47 66 39 447 122
internal_value=0 7.54963e-06 -3.55208e-06 -0.000213925 3.23846e-05 0.000348994 0.000168293 0.00166896 3.82326e-05 0.000694436 -6.41524e-06 -0.000541332 1.73369e-05 -0.00108603
internal_weight=0 7090 7044 1027 6017 656 578 78 536 135 5361 227 5134 161
internal_count=7120 7090 7044 1027 6017 656 578 78 536 135 5361 227 5134 161
is_linear=0
shrinkage=0.03


Tree=219
num_leaves=15
num_cat=0
split_feature=14 300 41 41 41 2 3 11 102 22 310 14 220 204
split_gain=0.0643595 0.79317 0.677868 0.0819291 0.0971839 0.0756294 0.0879414 0.0792424 0.0712748 0.150227 0.12209 0.211464 0.119112 0.0942362
threshold=0.025096525438129905 1.0000000180025095e-35 0.091085299849510207 0.071705445647239699 0.067829474806785597 0.1480769291520119 0.34807729721069341 0.055984549224376685 1.0000000180025095e-35 0.036821708083152778 0.017509727273136381 0.083011571317911162 0.036964979022741325 0.013618676923215391
decision_type=2 2 2 2 2 2 2 2 2 2 2 2 2 2
left_child=1 5 3 4 8 -1 -7 -8 9 10 12 -12 13 -2
right_child=2 -3 -4 -5 -6 6 7 -9 -10 -11 11 -13 -14 -15
leaf_value=0.00077832737294015249 0.00024384515367340058 -0.0049777341252493284 0.0040186890278403695 -0.0010677594049775508 0.0016600586793356343 0.00039903708146293414 -0.0012424382634313549 4.1650665182344335e-05 -5.4590040667253044e-05 -0.0016209479053675129 0.0028653255458807618 -0.00021528810444578994 -0.0016825564719376064 -0.00097949050256382624
leaf_weight=88 1452 30 37 63 31 121 93 80 4918 40 40 39 30 58
leaf_count=88 1452 30 37 63 31 121 93 80 4918 40 40 39 30 58
internal_value=0 -0.000362643 2.32125e-05 4.53034e-07 1.07973e-05 1.1849e-05 -0.000219434 -0.000651813 2.77248e-06 0.00017275 0.00021804 0.00136084 0.000158571 0.000196239
internal_weight=0 412 6708 6671 6608 382 294 173 6577 1659 1619 79 1540 1510
internal_count=7120 412 6708 6671 6608 382 294 173 6577 1659 1619 79 1540 1510
is_linear=0
shrinkage=0.03


Tree=220
num_leaves=15
num_cat=0
split_feature=9 41 117 0 59 9 8 10 53 149 1 176 285 14
split_gain=0.0881642 0.141256 0.0566301 0.13021 0.153179 0.146355 0.134378 0.115383 0.124852 0.100212 0.0908786 0.221431 0.0879482 0.100651
threshold=0.17181472480297091 0.079457387328147902 0.0058365758741274485 0.24807692319154742 0.0096899224445223826 0.1177605949342251 0.083011571317911162 0.0057915056822821507 0.017441860400140289 0.013618676923215391 0.14423077553510669 1.0000000180025095e-35 0.0058365758741274485 0.13320462405681613
decision_type=2 2 2 2 2 2 2 2 2 2 2 2 2 2
left_child=1 2 7 4 -4 10 -6 8 -1 12 11 -5 -9 -14
right_child=-2 -3 3 5 6 -7 -8 9 -10 -11 -12 -13 13 -15
leaf_value=0.00024327735614620559 -0.0015955869955641608 0.0016469813699021617 0.0014215651588165199 -0.0032839951138462749 -0.00027225651473108519 -0.0023665370103245708 0.00060632319983738826 -0.0001048052464546066 0.0016316477570592635 0.0015301328506069007 -0.00023935575617250589 2.5702089847375947e-05 0.0003184231310893737 -0.0010084059143925764
leaf_weight=990 30 46 71 30 556 33 217 3485 61 36 662 44 805 54
leaf_count=990 30 46 71 30 556 33 217 3485 61 36 662 44 805 54
internal_value=0 7.78319e-06 -3.15366e-06 -0.000159181 9.80879e-05 -0.000441302 -2.5153e-05 4.3207e-05 0.000325333 -2.45491e-05 -0.000351886 -0.00134196 -3.77824e-05 0.000233938
internal_weight=0 7090 7044 1613 844 769 773 5431 1051 4380 736 74 4344 859
internal_count=7120 7090 7044 1613 844 769 773 5431 1051 4380 736 74 4344 859
is_linear=0
shrinkage=0.03


Tree=221
num_leaves=15
num_cat=0
split_feature=14 65 41 72 41 41 2 3 102 214 51 310 14 118
split_gain=0.0614592 0.815553 0.646597 0.0862729 0.0800424 0.0920386 0.0671047 0.0798478 0.0667075 0.227813 0.154284 0.121197 0.199919 0.107771
threshold=0.025096525438129905 1.0000000180025095e-35 0.091085299849510207 0.0096899224445223826 0.071705445647239699 0.067829474806785597 0.1480769291520119 0.34807729721069341 1.0000000180025095e-35 0.017509727273136381 0.032945737242698676 0.017509727273136381 0.071428563445806517 0.0408560298383236
decision_type=2 2 2 2 2 2 2 2 2 2 2 2 2 2
left_child=1 -1 4 -3 5 8 -5 -8 9 10 11 13 -13 -2
right_child=2 3 -4 6 -6 -7 7 -9 -10 -11 -12 12 -14 -15
leaf_value=-0.0048053753711557118 0.00015685879566952268 0.00095650424943305543 0.003924869607741896 0.00066949577039023011 -0.0010554302512173308 0.0016156441642124263 0.00031297073724834428 -0.00082116482452815993 -5.2668104058905614e-05 -0.0019384030271321535 0.0021409469910242873 0.003019108336219298 -3.9075426225874412e-06 -0.001630665348662484
leaf_weight=33 1470 74 37 65 63 31 87 153 4918 44 36 34 45 30
leaf_count=33 1470 74 37 65 63 31 87 153 4918 44 36 34 45 30
internal_value=0 -0.000354422 2.26395e-05 4.47542e-05 4.11164e-07 1.06356e-05 -0.00017886 -0.000410448 2.82612e-06 0.000167268 0.0002258 0.000180809 0.00131861 0.000120046
internal_weight=0 412 6708 379 6671 6608 305 240 6577 1659 1615 1579 79 1500
internal_count=7120 412 6708 379 6671 6608 305 240 6577 1659 1615 1579 79 1500
is_linear=0
shrinkage=0.03


Tree=222
num_leaves=15
num_cat=0
split_feature=9 41 293 64 21 310 56 239 107 61 2 63 41 291
split_gain=0.0949026 0.137038 0.0561267 0.114478 0.257824 0.101212 0.178812 0.0994061 0.0977612 0.11341 0.0959885 0.115225 0.0944874 0.15875
threshold=0.17181472480297091 0.079457387328147902 1.0000000180025095e-35 0.0096899224445223826 1.0000000180025095e-35 1.0000000180025095e-35 0.021317829377949241 1.0000000180025095e-35 1.0000000180025095e-35 0.0096899224445223826 0.41346216201782232 0.029069767333567146 0.036821708083152778 0.0097276263404637592
decision_type=2 2 2 2 2 2 2 2 2 2 2 2 2 2
left_child=1 2 3 4 -1 6 -6 10 -5 -10 11 -7 -4 -14
right_child=-2 -3 12 8 5 7 -8 -9 9 -11 -12 -13 13 -15
leaf_value=0.0026458256977743332 -0.0016555129422716076 0.0016225443497062363 4.4670539277062216e-06 0.00014818308617887515 0.00022488465652279897 2.2204534786493649e-06 0.0023287561470166441 0.00080873482370123284 0.00014919051255775329 -0.00073890156723791726 0.0015847893968748393 -0.0016000859859821841 -0.00025518180894894526 -0.0023151937072564449
leaf_weight=41 30 46 3742 730 108 666 54 156 215 323 31 42 902 34
leaf_count=41 30 46 3742 730 108 666 54 156 215 323 31 42 902 34
internal_value=0 8.00203e-06 -2.77037e-06 0.000116275 0.000340383 0.000248541 0.00093616 0.000123172 -7.79016e-05 -0.000384377 -2.24451e-05 -9.49544e-05 -6.29923e-05 -0.000332402
internal_weight=0 7090 7044 2366 1098 1057 162 895 1268 538 739 708 4678 936
internal_count=7120 7090 7044 2366 1098 1057 162 895 1268 538 739 708 4678 936
is_linear=0
shrinkage=0.03


Tree=223
num_leaves=15
num_cat=0
split_feature=9 221 277 9 131 322 142 60 179 187 31 167 251 79
split_gain=0.0894734 0.08649 0.666229 0.29812 0.0673387 0.0624206 0.0622545 0.0822651 0.0877743 0.0621288 0.190438 0.112789 0.120337 0.13588
threshold=0.17181472480297091 0.0097276263404637592 0.0058365758741274485 0.16023169457912448 0.013618676923215391 1.0000000180025095e-35 0.0097276263404637592 0.013565891422331335 1.0000000180025095e-35 1.0000000180025095e-35 0.025193798355758194 1.0000000180025095e-35 1.0000000180025095e-35 0.021317829377949241
decision_type=2 2 2 2 2 2 2 2 2 2 2 2 2 2
left_child=1 3 5 4 9 -3 -7 -8 -9 -1 11 12 13 -11
right_child=-2 2 -4 -5 -6 6 7 8 -10 10 -12 -13 -14 -15
leaf_value=5.5678760363256426e-05 -0.001607449613811989 -0.00041247990710317246 0.0041273388821774946 -0.0026108276132144966 -0.00082278965711388944 0.00010356535125320994 -0.00035320428708060216 0.0023853174865064099 0.0002965350903532988 0.0017809575478101827 -0.0018194701547035947 0.00010501471077176381 -0.00060796395923550905 -0.0004772119504786184
leaf_weight=4572 30 163 38 39 90 476 32 40 33 43 59 955 498 52
leaf_count=4572 30 163 38 39 90 476 32 40 33 43 59 955 498 52
internal_value=0 7.78147e-06 0.000305166 -2.91276e-05 -1.26528e-05 0.000104669 0.000250215 0.000907778 0.00145784 -7.21568e-07 -0.000161118 -9.67786e-05 -0.000421387 0.000552811
internal_weight=0 7090 782 6308 6269 744 581 105 73 6179 1607 1548 593 95
internal_count=7120 7090 782 6308 6269 744 581 105 73 6179 1607 1548 593 95
is_linear=0
shrinkage=0.03


Tree=224
num_leaves=15
num_cat=0
split_feature=9 210 18 9 179 284 349 77 114 0 174 9 222 8
split_gain=0.0843536 0.074863 0.677902 0.338899 0.0739285 0.0734785 0.054804 0.0717373 0.0967672 0.106674 0.10009 0.132373 0.127658 0.291635
threshold=0.17181472480297091 0.013618676923215391 0.07915056869387628 0.16023169457912448 1.0000000180025095e-35 0.021400777623057369 0.01346153859049082 0.013565891422331335 0.0097276263404637592 0.27115392684936529 1.0000000180025095e-35 0.040540538728237159 0.013618676923215391 0.063706556335091605
decision_type=2 2 2 2 2 2 2 2 2 2 2 2 2 2
left_child=1 3 -3 5 -4 6 7 8 10 -10 12 -12 -1 -14
right_child=-2 2 4 -5 -6 -7 -8 -9 9 -11 11 -13 13 -15
leaf_value=0.00026883884058245941 -0.0015607817086481278 0.0045037776261398731 0.0010912561330065553 -0.0029117691074497997 -0.0005421884076486094 -0.0014506616056596318 -0.0006668928572991197 -4.2424961808468324e-05 -4.1903802094052278e-05 -0.0015186001769877198 -0.0011425139115772765 0.00010820852464183355 0.0034283347986638546 0.00050323317417808402
leaf_weight=1074 30 32 30 35 127 30 104 4619 183 57 88 527 38 146
leaf_count=1074 30 32 30 35 127 30 104 4619 183 57 88 527 38 146
internal_value=0 7.55543e-06 0.000595018 -8.61749e-06 -0.000225134 6.60343e-06 1.32099e-05 2.38141e-05 0.000168564 -0.000397465 0.000241266 -7.23208e-05 0.000394505 0.0011226
internal_weight=0 7090 189 6901 157 6866 6836 6732 2113 240 1873 615 1258 184
internal_count=7120 7090 189 6901 157 6866 6836 6732 2113 240 1873 615 1258 184
is_linear=0
shrinkage=0.03


Tree=225
num_leaves=15
num_cat=0
split_feature=43 171 41 41 324 31 44 143 287 247 51 316 152 0
split_gain=0.0609693 0.0885158 0.328752 0.148138 0.091063 0.11712 0.0628719 0.0723399 0.056422 0.10402 0.173269 0.109408 0.0821607 0.0755351
threshold=0.056201562285423286 0.013618676923215391 0.067829474806785597 0.085271343588829054 0.0058365758741274485 0.025193798355758194 1.0000000180025095e-35 0.0097276263404637592 1.0000000180025095e-35 0.013618676923215391 0.013565891422331335 0.013618676923215391 0.017509727273136381 0.16346154361963275
decision_type=2 2 2 2 2 2 2 2 2 2 2 2 2 2
left_child=1 2 8 4 6 -6 -3 -8 -1 11 -11 12 13 -10
right_child=-2 3 -4 -5 5 -7 7 -9 9 10 -12 -13 -14 -15
leaf_value=8.8960033348379832e-05 0.0010241975197165559 -5.3406907209337984e-05 0.0030260871054435317 -0.0022281912324780767 -0.00021119494133315918 0.0018103652386926112 -0.00063236970894238324 0.00073455417390888252 0.0006600383418698606 -0.00069541437136059667 0.0019866022719333895 -0.0016886375159757756 0.00026937691647441886 -0.00027775896655099079
leaf_weight=3925 51 542 32 32 60 44 441 37 81 36 52 40 382 1365
leaf_count=3925 51 542 32 32 60 44 441 37 81 36 52 40 382 1365
internal_value=0 -6.82064e-06 4.01284e-05 -0.000246794 -0.000188454 0.000653177 -0.000274823 -0.000525249 2.33693e-05 -0.000108226 0.000893928 -0.00015589 -0.000121446 -0.000224807
internal_weight=0 7069 5913 1156 1124 104 1020 478 5881 1956 88 1868 1828 1446
internal_count=7120 7069 5913 1156 1124 104 1020 478 5881 1956 88 1868 1828 1446
is_linear=0
shrinkage=0.03


Tree=226
num_leaves=15
num_cat=0
split_feature=9 41 79 0 5 64 316 354 1 246 249 244 256 59
split_gain=0.0735183 0.122009 0.0519356 0.075188 0.149071 0.156886 0.0972017 0.12418 0.081024 0.065483 0.0707037 0.102238 0.090022 0.136074
threshold=0.17181472480297091 0.079457387328147902 0.16860471665859225 0.10576923191547395 0.0057915056822821507 0.036821708083152778 0.071984432637691512 0.6826922893524171 0.094230771064758315 0.025291828438639644 0.013618676923215391 0.017509727273136381 0.017509727273136381 0.017441860400140289
decision_type=2 2 2 2 2 2 2 2 2 2 2 2 2 2
left_child=1 2 3 -1 5 -5 7 8 -6 10 11 12 -10 -14
right_child=-2 -3 -4 4 6 -7 -8 -9 9 -11 -12 -13 13 -15
leaf_value=-0.001217483230765261 -0.0014570743683725595 0.001530511400048086 0.0012027532860520295 -6.8384661008754081e-05 -0.0012430907174712047 0.002972628157585859 -0.0015906089729895549 0.0017517262887364873 -1.7802065762491169e-05 -0.00096126418000494593 0.00037055097990928103 -0.00082739075959036988 0.0025506973395409481 1.0819560103118419e-05
leaf_weight=45 30 46 31 30 47 30 34 35 6073 63 439 138 30 49
leaf_count=45 30 46 31 30 47 30 34 35 6073 63 439 138 30 49
internal_value=0 7.07502e-06 -3.08943e-06 -8.59041e-06 -6.09688e-07 0.00147593 -1.3646e-05 -5.61588e-06 -1.48642e-05 -6.18327e-06 2.90014e-06 -2.28143e-05 -4.63467e-06 0.000995157
internal_weight=0 7090 7044 7013 6968 60 6908 6874 6839 6792 6729 6290 6152 79
internal_count=7120 7090 7044 7013 6968 60 6908 6874 6839 6792 6729 6290 6152 79
is_linear=0
shrinkage=0.03


Tree=227
num_leaves=15
num_cat=0
split_feature=9 169 207 232 143 169 11 27 1 35 84 117 68 197
split_gain=0.0696815 0.193564 0.0587879 0.101308 0.141488 0.221221 0.134878 0.0943279 0.122161 0.0857158 0.106766 0.0850919 0.0809522 0.0795565
threshold=0.16409270465373996 0.033073929138481624 0.0058365758741274485 0.0058365758741274485 0.0097276263404637592 1.0000000180025095e-35 0.063706556335091605 0.0096899224445223826 0.20576923340559009 0.017441860400140289 0.02918287925422192 0.0058365758741274485 0.021317829377949241 0.0058365758741274485
decision_type=2 2 2 2 2 2 2 2 2 2 2 2 2 2
left_child=1 2 13 9 7 6 -6 8 -5 -4 11 12 -11 -1
right_child=-2 -3 3 4 5 -7 -8 -9 -10 10 -12 -13 -14 -15
leaf_value=5.1925791538938413e-05 0.0010547693158566417 -0.0017969097103923558 -0.0001026185890330619 -0.0021084119815911566 0.0031981278337876902 -0.00019728602658688032 0.0010205553027786195 0.00016745944364894366 -0.00023980759792022557 -0.00031709309868165292 -0.001771977261921979 -0.0011706686777822478 0.0011944188381312415 0.00055378220506329995
leaf_weight=2836 55 53 2002 34 32 127 123 761 318 279 56 94 35 315
leaf_count=2836 55 53 2002 34 32 127 123 761 318 279 56 94 35 315
internal_value=0 -7.66023e-06 6.11805e-06 -7.23466e-05 0.000131909 0.000730864 0.00148774 -2.03671e-05 -0.000425759 -0.0001879 -0.000554846 -0.000383864 -0.000145356 0.000102255
internal_weight=0 7065 7012 3861 1395 282 155 1113 352 2466 464 408 314 3151
internal_count=7120 7065 7012 3861 1395 282 155 1113 352 2466 464 408 314 3151
is_linear=0
shrinkage=0.03


Tree=228
num_leaves=15
num_cat=0
split_feature=9 221 71 169 29 131 293 64 322 14 201 255 3 61
split_gain=0.0723418 0.0797258 0.543499 0.280267 1.10426 0.0625337 0.065103 0.106934 0.22482 0.0980882 0.289274 0.167194 0.0907962 0.0893879
threshold=0.17181472480297091 0.0097276263404637592 0.013565891422331335 0.033073929138481624 0.021317829377949241 0.013618676923215391 1.0000000180025095e-35 0.0096899224445223826 0.052529182285070426 0.083011571317911162 0.013618676923215391 1.0000000180025095e-35 0.1480769291520119 0.0096899224445223826
decision_type=2 2 2 2 2 2 2 2 2 2 2 2 2 2
left_child=1 3 -3 5 -5 6 7 8 9 -1 11 -11 -8 -9
right_child=-2 2 -4 4 -6 -7 12 13 -10 10 -12 -13 -14 -15
leaf_value=7.2135528868162317e-05 -0.0014453942791348502 8.8173544579019233e-05 0.0033516066072850812 0.0019930580913299512 -0.0060310243475701535 -0.00078936409100936213 -0.0014370844734096248 0.00019184739092194988 0.0028902075278963292 0.002226223469926761 0.0034325819281002621 0.00010008313047992447 -5.1257732513396844e-05 -0.00034933964523314561
leaf_weight=607 30 734 48 30 30 90 42 593 30 38 31 228 4079 510
leaf_count=607 30 734 48 30 30 90 42 593 30 38 31 228 4079 510
internal_value=0 6.99267e-06 0.000292511 -2.84437e-05 -0.00205208 -8.68528e-06 2.85076e-06 0.000141553 0.000377582 0.000291097 0.00073686 0.000411018 -6.57269e-05 -5.84739e-05
internal_weight=0 7090 782 6308 60 6248 6158 2037 934 904 297 266 4121 1103
internal_count=7120 7090 782 6308 60 6248 6158 2037 934 904 297 266 4121 1103
is_linear=0
shrinkage=0.03


Tree=229
num_leaves=15
num_cat=0
split_feature=9 41 168 60 232 60 189 153 3 28 6 24 318 55
split_gain=0.068204 0.116995 0.0516512 0.167327 0.0741962 0.0695834 0.0624122 0.0812741 0.0758066 0.0839052 0.0745638 0.0743473 0.12468 0.105642
threshold=0.17181472480297091 0.079457387328147902 0.013618676923215391 0.0058139534667134294 0.013618676923215391 0.0096899224445223826 0.0058365758741274485 1.0000000180025095e-35 0.15576923638582232 0.11046515405178071 0.14092664420604709 0.021317829377949241 0.021400777623057369 0.036821708083152778
decision_type=2 2 2 2 2 2 2 2 2 2 2 2 2 2
left_child=1 2 4 -4 6 -6 8 -8 10 11 -1 -10 13 -13
right_child=-2 -3 3 -5 5 -7 7 -9 9 -11 -12 12 -14 -15
leaf_value=-0.0013216718085153076 -0.0014034313137733167 0.0014986108660579045 -0.0019886232332016031 -0.00011765712535540242 -0.00027184396551809074 0.00064373030991451475 -5.1210034910803409e-06 0.0015140851934640001 -0.00012605089773994282 0.0014076955121862212 0.00029913753293490464 9.722314998733222e-05 0.0017406987149563686 -0.0014013835812139129
leaf_weight=75 30 46 44 983 98 307 73 55 2504 37 38 2748 40 42
leaf_count=75 30 46 44 983 98 307 73 55 2504 37 38 2748 40 42
internal_value=0 6.80695e-06 -3.14643e-06 -0.000199672 3.04247e-05 0.00042206 2.09151e-06 0.00065434 -1.32489e-05 2.99898e-06 -0.000778778 -7.00692e-06 9.83312e-05 7.41695e-05
internal_weight=0 7090 7044 1027 6017 405 5612 128 5484 5371 113 5334 2830 2790
internal_count=7120 7090 7044 1027 6017 405 5612 128 5484 5371 113 5334 2830 2790
is_linear=0
shrinkage=0.03


Tree=230
num_leaves=15
num_cat=0
split_feature=9 169 207 276 305 1 323 197 354 6 190 12 35 8
split_gain=0.0696128 0.181689 0.0500042 0.0942516 0.118322 0.108449 0.166455 0.0751326 0.159883 0.285252 0.0823186 0.152036 0.127567 0.230603
threshold=0.16409270465373996 0.036964979022741325 0.0058365758741274485 1.0000000180025095e-35 0.017509727273136381 0.13269231468439105 0.017509727273136381 0.0058365758741274485 0.54807692766189586 0.086872573941946044 1.0000000180025095e-35 0.10231658443808557 1.0000000180025095e-35 0.063706556335091605
decision_type=2 2 2 2 2 2 2 2 2 2 2 2 2 2
left_child=1 2 7 -4 5 6 -5 10 -9 -10 12 -12 13 -1
right_child=-2 -3 3 4 -6 -7 -8 8 9 -11 11 -13 -14 -15
leaf_value=0.002828991187426644 0.0010542072488793305 -0.0019989674432748339 6.4077219609174599e-05 -0.0026485731415613013 0.00094855362284698925 -0.00022703913175416734 -7.6904039430831167e-05 7.1886226962414922e-05 0.0038068982612193478 0.00039246059119571274 -0.00012136758161914509 -0.0018195990885858638 5.6929228108312821e-05 0.00031848415233299979
leaf_weight=41 55 40 2150 42 72 1558 48 216 32 67 544 51 2050 154
leaf_count=41 55 40 2150 42 72 1558 48 216 32 67 544 51 2050 154
internal_value=0 -7.69881e-06 3.92227e-06 -6.8338e-05 -0.000233798 -0.000285998 -0.00129293 9.25521e-05 0.000531374 0.00152315 4.371e-05 -0.000269739 0.000126868 0.000858075
internal_weight=0 7065 7025 3870 1720 1648 90 3155 315 99 2840 595 2245 195
internal_count=7120 7065 7025 3870 1720 1648 90 3155 315 99 2840 595 2245 195
is_linear=0
shrinkage=0.03


Tree=231
num_leaves=15
num_cat=0
split_feature=179 169 274 207 156 156 149 343 230 338 66 272 251 100
split_gain=0.0613118 0.119183 0.0531343 0.0731256 0.0694957 0.0667542 0.131947 0.107434 0.161973 0.145011 0.11826 0.0851956 0.0728765 0.136381
threshold=0.017509727273136381 0.044747080653905875 0.0097276263404637592 0.0097276263404637592 0.017509727273136381 0.0097276263404637592 1.0000000180025095e-35 1.0000000180025095e-35 1.0000000180025095e-35 0.0058365758741274485 0.021317829377949241 1.0000000180025095e-35 1.0000000180025095e-35 0.017509727273136381
decision_type=2 2 2 2 2 2 2 2 2 2 2 2 2 2
left_child=1 2 4 -4 5 12 7 9 -9 -7 -11 -8 13 -1
right_child=-2 -3 3 -5 -6 6 11 8 -10 10 -12 -13 -14 -15
leaf_value=9.9844502544971052e-05 -0.0010063901639336514 0.0015473244090874988 -0.00010958507029564528 -0.0010119790872956331 -0.0005892755055200967 0.00021065242456001592 0.00017284920164239125 0.0022113821349992622 2.237970955442919e-05 -0.00060104111940203662 -0.0026302433274031497 0.00098703777069044404 -8.1524119812786619e-05 0.0014515660017828591
leaf_weight=1673 53 44 364 103 163 196 208 40 118 140 31 261 3657 69
leaf_count=1673 53 44 364 103 163 196 208 40 118 140 31 261 3657 69
internal_value=0 8.33635e-06 -1.52453e-06 -0.000310351 2.05179e-05 3.61553e-05 0.000261953 -6.48027e-05 0.00058698 -0.000346239 -0.000982062 0.000627084 -5.45665e-06 0.000154188
internal_weight=0 7067 7023 467 6556 6393 994 525 158 367 171 469 5399 1742
internal_count=7120 7067 7023 467 6556 6393 994 525 158 367 171 469 5399 1742
is_linear=0
shrinkage=0.03


Tree=232
num_leaves=15
num_cat=0
split_feature=1 14 344 41 14 171 11 41 4 94 64 6 5 60
split_gain=0.0584406 0.681222 0.468953 0.160465 0.404974 0.10144 0.245758 0.102576 0.0723014 0.0620573 0.0614114 0.140537 0.0976694 0.16805
threshold=0.32500028610229498 0.028957529924809936 0.005769230774603785 0.067829474806785597 0.086872573941946044 0.013618676923215391 0.07915056869387628 0.063953503966331496 0.048262543976306922 0.0058365758741274485 0.0058139534667134294 0.15250967442989352 0.025096525438129905 0.056201562285423286
decision_type=2 2 2 2 2 2 2 2 2 2 2 2 2 2
left_child=3 -2 5 10 -5 7 -7 8 -3 -8 12 -12 -1 -14
right_child=1 2 -4 4 -6 6 9 -9 -10 -11 11 -13 13 -15
leaf_value=0.0016610685107298195 -0.0033440899182312282 0.00012662667426986373 0.0033483230089768768 0.0037085249578729935 -0.0010146170844569907 -0.0028753144097342889 -0.00047765125843457886 0.0013734649342779233 -0.00099656981190726635 0.0009291812581667567 -2.5486841778987189e-05 -0.0020520351706598433 0.00018946166037084048 -0.001885144733823836
leaf_weight=38 58 306 35 34 30 37 166 50 61 33 4728 30 1479 35
leaf_count=38 58 306 35 34 30 37 166 50 61 33 4728 30 1479 35
internal_value=0 -0.000250422 1.48561e-05 3.00431e-05 0.001513 -0.00016866 -0.000664293 0.00011276 -6.22634e-05 -0.000240878 1.47646e-05 -3.86931e-05 0.00017857 0.000140289
internal_weight=0 746 688 6374 64 653 236 417 367 199 6310 4758 1552 1514
internal_count=7120 746 688 6374 64 653 236 417 367 199 6310 4758 1552 1514
is_linear=0
shrinkage=0.03


Tree=233
num_leaves=15
num_cat=0
split_feature=179 169 274 156 50 156 149 315 193 260 37 13 285 251
split_gain=0.0575642 0.113031 0.050364 0.0661398 0.0658717 0.0628833 0.122285 0.106279 0.101292 0.122613 0.157547 0.0751567 0.071814 0.0680897
threshold=0.017509727273136381 0.044747080653905875 0.0097276263404637592 0.017509727273136381 0.029069767333567146 0.0097276263404637592 1.0000000180025095e-35 1.0000000180025095e-35 1.0000000180025095e-35 1.0000000180025095e-35 0.013565891422331335 0.075289566069841399 0.0058365758741274485 1.0000000180025095e-35
decision_type=2 2 2 2 2 2 2 2 2 2 2 2 2 2
left_child=1 2 3 5 -4 13 8 -8 9 10 -7 -12 -9 -1
right_child=-2 -3 4 -5 -6 6 7 12 -10 -11 11 -13 -14 -15
leaf_value=0.00014909387646666912 -0.00097516940104671636 0.0015067970901727675 2.5645803092683345e-06 -0.00057497381832501734 -0.00071783513232896268 0.002127169778321458 -0.00058858656060045299 0.00052068108980091318 -0.0010811880392255261 -0.00062517933250266192 -0.00015049283812459179 0.00094906664432816291 0.0013982059031396226 -7.8745389563375582e-05
leaf_weight=1742 53 44 270 163 197 42 58 293 74 140 191 78 118 3657
leaf_count=1742 53 44 270 163 197 42 58 293 74 140 191 78 118 3657
internal_value=0 8.05666e-06 -1.54632e-06 1.99138e-05 -0.000302214 3.5169e-05 0.000254322 0.00060583 -6.02461e-05 0.000109291 0.000440865 0.000170673 0.000775405 -5.21852e-06
internal_weight=0 7067 7023 6556 467 6393 994 469 525 451 311 269 411 5399
internal_count=7120 7067 7023 6556 467 6393 994 469 525 451 311 269 411 5399
is_linear=0
shrinkage=0.03


Tree=234
num_leaves=15
num_cat=0
split_feature=9 56 9 9 247 206 240 10 35 320 30 284 318 63
split_gain=0.0724771 0.0773982 0.739726 0.401409 0.0906524 0.0700097 0.0599668 0.118539 0.0991068 0.0765428 0.0872909 0.0595508 0.117105 0.140037
threshold=0.17181472480297091 0.0058139534667134294 0.13706563413143161 0.16023169457912448 0.036964979022741325 0.017509727273136381 0.0058365758741274485 0.0057915056822821507 1.0000000180025095e-35 0.017509727273136381 0.0096899224445223826 0.0097276263404637592 0.033073929138481624 0.044573649764060981
decision_type=2 2 2 2 2 2 2 2 2 2 2 2 2 2
left_child=1 2 4 11 5 6 8 -8 -1 10 -10 12 13 -3
right_child=-2 3 -4 -5 -6 -7 7 -9 9 -11 -12 -13 -14 -15
leaf_value=-0.0014629378768573091 -0.0014468252006918192 2.4739614647453599e-05 0.0048444756588545603 -0.0029826141232851804 0.0015055639304122641 0.00098559523722781847 0.0020785144340967942 -0.00022314187377748474 0.0004825343966746287 0.0012605618388282463 -0.00057918697444418082 -0.00027844458563415611 -0.0015161557698791677 0.0017633891009193447
leaf_weight=54 30 5709 30 40 37 56 30 57 102 33 215 643 43 41
leaf_count=54 30 5709 30 40 37 56 30 57 102 33 215 643 43 41
internal_value=0 6.91922e-06 0.000328545 -2.36206e-05 8.86774e-05 -9.73572e-06 -0.000125029 0.000585133 -0.000279027 -9.27186e-05 -0.000237117 -4.76987e-06 2.56498e-05 3.74414e-05
internal_weight=0 7090 614 6476 584 547 491 87 404 350 317 6436 5793 5750
internal_count=7120 7090 614 6476 584 547 491 87 404 350 317 6436 5793 5750
is_linear=0
shrinkage=0.03


Tree=235
num_leaves=15
num_cat=0
split_feature=9 41 79 0 306 269 256 209 63 50 64 6 222 152
split_gain=0.0683316 0.10971 0.0481548 0.0709236 0.163794 0.0693437 0.049599 0.10936 0.0937966 0.0839019 0.0539323 0.127982 0.113338 0.194698
threshold=0.17181472480297091 0.079457387328147902 0.16860471665859225 0.10576923191547395 0.02918287925422192 0.021400777623057369 0.017509727273136381 1.0000000180025095e-35 0.048449620604515083 0.021317829377949241 0.0058139534667134294 0.15250967442989352 0.0097276263404637592 1.0000000180025095e-35
decision_type=2 2 2 2 2 2 2 2 2 2 2 2 2 2
left_child=1 2 3 -1 5 6 10 8 9 -8 12 -12 -5 -14
right_child=-2 -3 -4 4 -6 -7 7 -9 -10 -11 11 -13 13 -15
leaf_value=-0.0011823094677200299 -0.0014048206601892748 0.0014513512692374594 0.0011582198634278028 -1.4774672949515209e-05 0.0017104438055146603 -0.0011259888525120914 -0.0014756069845724396 0.0020038918616649298 0.0011715967049398882 0.00059734759056159564 -5.7282756801598262e-05 -0.0019911125130320506 0.0027825258130906149 0.00035698144700191647
leaf_weight=45 30 46 31 1414 49 49 40 34 43 30 4809 30 31 439
leaf_count=45 30 46 31 1414 49 49 40 34 43 30 4809 30 31 439
internal_value=0 6.73662e-06 -2.90194e-06 -8.19891e-06 -4.47832e-07 -1.28097e-05 -4.70728e-06 0.000538543 8.39311e-05 -0.000591297 -1.66639e-05 -6.96807e-05 0.000119473 0.000522532
internal_weight=0 7090 7044 7013 6968 6919 6870 147 113 70 6723 4839 1884 470
internal_count=7120 7090 7044 7013 6968 6919 6870 147 113 70 6723 4839 1884 470
is_linear=0
shrinkage=0.03


Tree=236
num_leaves=15
num_cat=0
split_feature=43 171 41 41 12 108 258 43 156 108 81 80 251 100
split_gain=0.0579899 0.0769045 0.295437 0.141308 0.0689312 0.057974 0.0618691 0.0519188 0.0488441 0.0701707 0.0821769 0.0760252 0.091931 0.162402
threshold=0.056201562285423286 0.013618676923215391 0.067829474806785597 0.079457387328147902 0.083011571317911162 1.0000000180025095e-35 0.0097276263404637592 0.052325591444969184 0.017509727273136381 1.0000000180025095e-35 1.0000000180025095e-35 0.0096899224445223826 1.0000000180025095e-35 0.017509727273136381
decision_type=2 2 2 2 2 2 2 2 2 2 2 2 2 2
left_child=1 2 8 4 5 7 -7 -3 9 11 -11 -1 13 -13
right_child=-2 3 -4 -5 -6 6 -8 -9 -10 10 -12 12 -14 -15
leaf_value=0.00010130791393767177 0.00099876153475354193 -3.8353081571750531e-05 0.0028676331715211164 -0.0016870231045361019 0.00092263249379089646 -0.0010054866104713051 0.00032870797894713356 -0.0008902198929156708 -0.00048775287669956341 -0.00068352305330336087 0.00032075193756560814 -2.3643121129714746e-05 -0.00030798728197532852 0.0015420266745150002
leaf_weight=2394 51 805 32 56 50 136 40 69 164 78 1033 872 1277 63
leaf_count=2394 51 805 32 56 50 136 40 69 164 78 1033 872 1277 63
internal_value=0 -6.75005e-06 3.70115e-05 -0.000230431 -0.000154812 -0.000206948 -0.000702117 -0.000106546 2.11244e-05 3.5805e-05 0.000249694 -1.58294e-05 -0.000142593 8.3386e-05
internal_weight=0 7069 5913 1156 1100 1050 176 874 5881 5717 1111 4606 2212 935
internal_count=7120 7069 5913 1156 1100 1050 176 874 5881 5717 1111 4606 2212 935
is_linear=0
shrinkage=0.03


Tree=237
num_leaves=15
num_cat=0
split_feature=9 9 207 232 148 278 274 21 65 24 48 50 339 197
split_gain=0.0651626 0.111527 0.0501045 0.0821525 0.118165 0.0907947 0.0926503 0.0850127 0.0845238 0.0808599 0.0793746 0.0746466 0.0933021 0.0743732
threshold=0.16409270465373996 0.156370684504509 0.0058365758741274485 0.0058365758741274485 0.017509727273136381 0.0058365758741274485 0.0058365758741274485 0.0058139534667134294 0.021317829377949241 0.021317829377949241 0.013565891422331335 0.025193798355758194 0.0058365758741274485 0.0058365758741274485
decision_type=2 2 2 2 2 2 2 2 2 2 2 2 2 2
left_child=1 2 13 4 8 6 -5 -7 9 -4 11 -11 -13 -1
right_child=-2 -3 3 5 -6 7 -8 -9 -10 10 -12 12 -14 -15
leaf_value=4.2135894693979956e-05 0.0010199060132228103 -0.001650243625563972 -0.00041110127477664217 6.0502002537217192e-05 -0.0015763383060430158 0.00033242247754796626 0.00068145464526709731 -0.0010642200188012794 0.00020127683241680464 0.00079893497987063315 -0.00066037113052503814 0.00036391623242464956 -0.00038137592179722762 0.00053431007834839036
leaf_weight=2852 55 36 1055 951 52 62 279 104 504 117 144 288 316 305
leaf_count=2852 55 36 1055 951 52 62 279 104 504 117 144 288 316 305
internal_value=0 -7.49641e-06 1.15069e-06 -7.11653e-05 -0.0001749 0.000112817 0.000201791 -0.000543715 -0.000144199 -0.000234944 -1.98659e-05 0.000108795 -2.59907e-05 8.98393e-05
internal_weight=0 7065 7029 3872 2476 1396 1230 166 2424 1920 865 721 604 3157
internal_count=7120 7065 7029 3872 2476 1396 1230 166 2424 1920 865 721 604 3157
is_linear=0
shrinkage=0.03


Tree=238
num_leaves=15
num_cat=0
split_feature=9 41 168 100 232 62 41 113 149 43 283 100 140 52
split_gain=0.063089 0.102329 0.0469655 0.152169 0.0661997 0.0601206 0.0783274 0.0779146 0.0634075 0.0567958 0.0568645 0.143053 0.0925655 0.0784364
threshold=0.17181472480297091 0.079457387328147902 0.013618676923215391 0.0097276263404637592 0.013618676923215391 0.017441860400140289 0.017441860400140289 0.0058365758741274485 0.0097276263404637592 0.056201562285423286 0.0058365758741274485 0.017509727273136381 0.033073929138481624 0.021317829377949241
decision_type=2 2 2 2 2 2 2 2 2 2 2 2 2 2
left_child=1 2 4 -4 9 -6 8 -8 -7 10 12 13 -1 -12
right_child=-2 -3 3 -5 5 6 7 -9 -10 -11 11 -13 -14 -15
leaf_value=-5.1972421197076332e-05 -0.0013498657557272141 0.0014016351731930008 -0.00012469455452966682 -0.0022266679417225531 -5.0939807357887428e-05 -0.00039050178001879865 0.00074420683615244337 0.0024144299131418977 0.0010735057433925159 0.001173901850754093 0.00028861956327351176 0.0019111351775195956 0.0013624555318217191 -0.00064307851931479272
leaf_weight=4893 30 46 996 31 161 75 95 34 40 36 503 43 41 96
leaf_count=4893 30 46 996 31 161 75 95 34 40 36 503 43 41 96
internal_value=0 6.46105e-06 -2.84763e-06 -0.000190247 2.91646e-05 0.000399094 0.000695039 0.00119961 0.000123583 2.40158e-06 -5.37104e-06 0.000259993 -3.99453e-05 0.000138476
internal_weight=0 7090 7044 1027 6017 405 244 129 115 5612 5576 642 4934 599
internal_count=7120 7090 7044 1027 6017 405 244 129 115 5612 5576 642 4934 599
is_linear=0
shrinkage=0.03


Tree=239
num_leaves=15
num_cat=0
split_feature=9 169 244 125 77 80 56 2 45 117 219 30 7 1
split_gain=0.062518 0.177748 0.0481787 0.0964043 0.0522599 0.0952531 0.195597 0.133124 0.199205 0.0990948 0.0896434 0.098174 0.0874206 0.144519
threshold=0.16409270465373996 0.036964979022741325 0.017509727273136381 0.013618676923215391 0.013565891422331335 1.0000000180025095e-35 0.0096899224445223826 0.3403849601745606 1.0000000180025095e-35 1.0000000180025095e-35 0.013618676923215391 0.025193798355758194 0.098455581814050688 0.14038462191820147
decision_type=2 2 2 2 2 2 2 2 2 2 2 2 2 2
left_child=1 2 4 -4 5 6 -1 10 -9 -8 11 12 13 -7
right_child=-2 -3 3 -5 -6 7 9 8 -10 -11 -12 -13 -14 -15
leaf_value=0.0027314584557461786 0.00099898925999046431 -0.0019769047973279999 -0.00078954454029533027 0.00086114783681114201 -3.9670855553240833e-05 -0.0015679546990173144 -0.00012695131421423865 -0.00012857333168000677 -0.0025383149910651681 0.0011907986955993692 -0.00091246756811493208 0.00049470864671405639 0.00096062835271856393 2.5939772129879758e-05
leaf_weight=35 55 40 157 39 4632 53 143 117 41 79 69 593 81 986
leaf_count=35 55 40 157 39 4632 53 143 117 41 79 69 593 81 986
internal_value=0 -7.34886e-06 4.14547e-06 -0.000458386 1.74858e-05 0.000137954 0.000679517 6.58979e-05 -0.000765918 0.000345215 0.000140039 0.000182941 1.75776e-05 -5.67952e-05
internal_weight=0 7065 7025 196 6829 2197 257 1940 158 222 1782 1713 1120 1039
internal_count=7120 7065 7025 196 6829 2197 257 1940 158 222 1782 1713 1120 1039
is_linear=0
shrinkage=0.03


Tree=240
num_leaves=15
num_cat=0
split_feature=14 65 41 72 41 41 152 102 214 51 7 169 158 79
split_gain=0.0568198 0.776462 0.608385 0.073141 0.0716512 0.0906894 0.0626326 0.0564475 0.195136 0.135599 0.0979692 0.111821 0.104036 0.119516
threshold=0.025096525438129905 1.0000000180025095e-35 0.091085299849510207 0.0096899224445223826 0.071705445647239699 0.067829474806785597 0.021400777623057369 1.0000000180025095e-35 0.017509727273136381 0.032945737242698676 0.021235520951449875 0.0058365758741274485 0.0058365758741274485 0.021317829377949241
decision_type=2 2 2 2 2 2 2 2 2 2 2 2 2 2
left_child=1 -1 4 -3 5 7 -5 8 9 10 11 -2 13 -12
right_child=2 3 -4 6 -6 -7 -8 -9 -10 -11 12 -13 -14 -15
leaf_value=-0.0046839565122226146 -0.00017437928098228736 0.00088797809171956032 0.003806735632058821 -0.00030564464344456113 -0.00099895894360088264 0.0016028805616770114 0.0010780920848165723 -4.9120344311452759e-05 -0.0017956142290495335 0.0020027921804403131 0.00068758724883465256 0.0019717711610666645 -0.00030866046984496891 2.8813720080720752e-05
leaf_weight=33 36 74 37 273 63 31 32 4918 44 36 379 54 397 713
leaf_count=33 36 74 37 273 63 31 32 4918 44 36 379 54 397 713
internal_value=0 -0.000340982 2.15676e-05 4.84967e-05 6.17003e-09 9.67991e-06 -0.000157417 1.928e-06 0.000153196 0.000207369 0.000165193 0.00112083 0.000106718 0.000257874
internal_weight=0 412 6708 379 6671 6608 305 6577 1659 1615 1579 90 1489 1092
internal_count=7120 412 6708 379 6671 6608 305 6577 1659 1615 1579 90 1489 1092
is_linear=0
shrinkage=0.03


Tree=241
num_leaves=15
num_cat=0
split_feature=2 20 2 7 169 18 18 65 69 118 99 334 0 287
split_gain=0.0547255 0.223951 0.190559 1.27347 0.701291 0.0700114 0.0683225 0.157349 0.0673326 0.0883159 0.0702379 0.139858 0.0856678 0.0735834
threshold=0.14038462191820147 0.017441860400140289 0.15576923638582232 0.067567560821771636 0.0408560298383236 0.044401541352272041 0.048262543976306922 0.0058139534667134294 0.025193798355758194 0.095330737531185164 0.0058365758741274485 0.013618676923215391 0.34807729721069341 0.0058365758741274485
decision_type=2 2 2 2 2 2 2 2 2 2 2 2 2 2
left_child=1 -1 3 -2 5 -4 7 -7 9 10 -8 12 13 -12
right_child=2 -3 4 -5 -6 6 8 -9 -10 -11 11 -13 -14 -15
leaf_value=0.0023999736493569798 -0.006488615261548529 -0.00064359909083577793 -0.001410259502754343 0.00030194231827322042 0.0036668254658976133 0.0023933071400696303 2.0764203086814848e-05 -0.00044227733912349148 -0.0010784935135886354 0.0013346481279321862 -0.00016411297478934121 -0.002198335463181138 0.00099813340986147528 -0.001087526626191296
leaf_weight=39 30 47 31 125 46 33 5897 36 52 43 571 32 49 89
leaf_count=39 30 47 31 125 46 33 5897 36 52 43 571 32 49 89
internal_value=0 0.000748347 -8.70483e-06 -0.00104553 1.48058e-05 -1.03127e-05 -3.72609e-06 0.000928688 -1.3418e-05 -4.96807e-06 -1.38456e-05 -0.000288933 -0.000199779 -0.000290091
internal_weight=0 86 7034 155 6879 6833 6802 69 6733 6681 6638 741 709 660
internal_count=7120 86 7034 155 6879 6833 6802 69 6733 6681 6638 741 709 660
is_linear=0
shrinkage=0.03


Tree=242
num_leaves=15
num_cat=0
split_feature=1 353 320 41 217 277 152 152 252 71 206 3 354 328
split_gain=0.0572542 0.726994 0.183214 0.15174 0.437859 0.14766 0.0568573 0.0933521 0.122293 0.0899024 0.0787576 0.0836235 0.105875 0.0934958
threshold=0.32500028610229498 0.482692301273346 0.0097276263404637592 0.067829474806785597 1.0000000180025095e-35 0.0058365758741274485 0.017509727273136381 0.02918287925422192 0.0058365758741274485 0.0058139534667134294 0.0097276263404637592 0.20576923340559009 0.54038462042808544 1.0000000180025095e-35
decision_type=2 2 2 2 2 2 2 2 2 2 2 2 2 2
left_child=3 -2 5 6 -5 -3 -1 10 -9 -10 11 13 -13 -8
right_child=1 2 -4 4 -6 -7 7 8 9 -11 -12 12 -14 -15
leaf_value=-3.050423501256483e-05 -0.004533772745019044 -6.7360394539164731e-05 0.0015881666797213257 -0.0009275578411533762 0.0039749507517262824 -0.0019059448998554474 0.00049482841863326965 0.00021115935005815715 0.00016038630015986121 -0.0012007725328396551 -4.2102571543572204e-06 0.00068963956088548728 -0.00086280495238800841 0.0028641645894986727
leaf_weight=5037 33 616 56 33 31 41 30 412 68 120 237 332 44 30
leaf_count=5037 33 616 56 33 31 41 30 412 68 120 237 332 44 30
internal_value=0 -0.00024797 -4.35372e-05 2.96335e-05 0.00147171 -0.000184819 1.47761e-05 0.000193825 -7.8233e-05 -0.000710195 0.000436128 0.000674949 0.000506164 0.00170703
internal_weight=0 746 713 6374 64 657 6310 1273 600 188 673 436 376 60
internal_count=7120 746 713 6374 64 657 6310 1273 600 188 673 436 376 60
is_linear=0
shrinkage=0.03


Tree=243
num_leaves=15
num_cat=0
split_feature=9 56 330 9 78 353 14 13 65 8 141 162 3 65
split_gain=0.0798579 0.0709239 0.716353 0.388985 0.106745 0.0781503 0.164397 0.150697 0.126007 0.0627705 0.112718 0.115669 0.101377 0.14248
threshold=0.17181472480297091 0.0058139534667134294 1.0000000180025095e-35 0.16023169457912448 0.052325591444969184 0.51346153020858776 0.083011571317911162 0.040540538728237159 0.021317829377949241 0.071428563445806517 0.0097276263404637592 0.0097276263404637592 0.2788462638854981 0.0096899224445223826
decision_type=2 2 2 2 2 2 2 2 2 2 2 2 2 2
left_child=1 2 4 9 5 6 -1 -7 -9 10 11 -3 -13 -14
right_child=-2 3 -4 -5 -6 7 -8 8 -10 -11 -12 12 13 -15
leaf_value=-4.2165260513696641e-05 -0.0015188266970818081 -0.00015394555979418405 0.0043047609363412974 -0.002934931660718398 0.0015086344602916921 -0.0021274358004198541 0.0019061342935698727 -0.00051391182512052457 0.0016131544621631262 6.7943899066306331e-05 -0.0010383114592244463 -0.00029337038870814233 0.0027782654803013428 0.00052994138530939531
leaf_weight=291 30 2011 37 40 41 41 44 130 30 4068 115 85 31 126
leaf_count=291 30 2011 37 40 41 41 44 130 30 4068 115 85 31 126
internal_value=0 7.14519e-06 0.000315025 -2.20895e-05 5.2179e-05 -6.18309e-05 0.000218642 -0.000528054 -0.000107544 -3.53296e-06 -0.0001263 -7.93085e-05 0.000539001 0.000988652
internal_weight=0 7090 614 6476 577 536 335 201 160 6436 2368 2253 242 157
internal_count=7120 7090 614 6476 577 536 335 201 160 6436 2368 2253 242 157
is_linear=0
shrinkage=0.03


Tree=244
num_leaves=15
num_cat=0
split_feature=9 41 293 132 1 138 18 163 36 75 131 84 233 309
split_gain=0.07529 0.10123 0.0461408 0.0970989 0.194108 0.203527 0.0898265 0.0828233 0.134884 0.118599 0.155213 0.117076 0.0777962 0.0844871
threshold=0.17181472480297091 0.079457387328147902 1.0000000180025095e-35 0.0058365758741274485 0.30576944351196295 1.0000000180025095e-35 0.10617758706212045 0.0058365758741274485 0.0058139534667134294 0.0096899224445223826 0.0058365758741274485 0.02918287925422192 0.0097276263404637592 1.0000000180025095e-35
decision_type=2 2 2 2 2 2 2 2 2 2 2 2 2 2
left_child=1 2 7 12 5 6 -5 -1 -9 10 -10 -11 -4 -14
right_child=-2 -3 3 4 -6 -7 -8 8 9 11 -12 -13 13 -15
leaf_value=0.00021971812817109956 -0.0014747318514292279 0.0013946141867323758 4.7127334190273332e-05 -0.00035979454095452681 -0.0026961181679165318 0.0018502119335212877 -0.001934685590860777 -0.0018393362652533119 -0.00012023484911053227 -0.00013287272052955586 0.0021626181089643226 -0.0019514337873688952 -0.00055483679489420044 2.0760146706203569e-05
leaf_weight=1674 30 46 3422 235 33 34 37 40 64 510 45 33 453 464
leaf_count=1674 30 46 3422 235 33 34 37 40 64 510 45 33 453 464
internal_value=0 6.95454e-06 -2.30407e-06 -5.69065e-05 -0.000545118 -0.000305121 -0.000580328 0.000105633 -0.000170266 -6.52091e-05 0.00083332 -0.000246777 -1.86464e-05 -0.000263881
internal_weight=0 7090 7044 4678 339 306 272 2366 692 652 109 543 4339 917
internal_count=7120 7090 7044 4678 339 306 272 2366 692 652 109 543 4339 917
is_linear=0
shrinkage=0.03


Tree=245
num_leaves=15
num_cat=0
split_feature=9 41 79 0 286 286 229 316 354 17 72 34 246 207
split_gain=0.0709795 0.0953757 0.0450107 0.0644298 0.176662 0.0822985 0.0672276 0.0597206 0.142201 0.0710454 0.0855989 0.0554558 0.0506347 0.0518738
threshold=0.17181472480297091 0.079457387328147902 0.16860471665859225 0.10576923191547395 0.02918287925422192 0.025291828438639644 0.017509727273136381 0.071984432637691512 0.6826922893524171 0.013513513375073673 1.0000000180025095e-35 0.079457387328147902 0.025291828438639644 0.0058365758741274485
decision_type=2 2 2 2 2 2 2 2 2 2 2 2 2 2
left_child=1 2 3 -1 5 6 7 8 9 -5 -11 12 13 -12
right_child=-2 -3 -4 4 -6 -7 -8 -9 -10 10 11 -13 -14 -15
leaf_value=-0.0011264482840551468 -0.0014319168836359054 0.0013536660843826039 0.0011203188089712057 -0.0013500144527400454 0.0017592002189827753 -0.0013213245473195647 0.00070512423603558692 -0.0011188051637410269 0.0017302022135949561 0.0011049493008816126 7.1613717070712887e-05 0.0011186938305189343 -0.00087038353740354069 -9.9008735924261429e-05
leaf_weight=45 30 46 31 35 50 42 117 43 41 60 2910 37 63 3570
leaf_count=45 30 46 31 35 50 42 117 43 41 60 2910 37 63 3570
internal_value=0 6.72943e-06 -2.25747e-06 -7.37869e-06 8.97143e-09 -1.2958e-05 -4.7753e-06 -1.71663e-05 -9.94744e-06 -2.08936e-05 -1.36854e-05 -2.40521e-05 -3.06842e-05 -2.23874e-05
internal_weight=0 7090 7044 7013 6968 6918 6876 6759 6716 6675 6640 6580 6543 6480
internal_count=7120 7090 7044 7013 6968 6918 6876 6759 6716 6675 6640 6580 6543 6480
is_linear=0
shrinkage=0.03


Tree=246
num_leaves=15
num_cat=0
split_feature=179 56 300 41 60 324 13 14 63 205 101 69 296 0
split_gain=0.0560669 0.0970821 1.31482 0.756949 0.0823365 0.0599538 0.0997638 0.0608173 0.0927205 0.0898098 0.0829058 0.0711275 0.0596715 0.0659666
threshold=0.017509727273136381 0.0058139534667134294 1.0000000180025095e-35 0.085271343588829054 0.048449620604515083 0.0058365758741274485 0.036679536104202277 0.048262543976306922 0.087209329009056105 0.0058365758741274485 1.0000000180025095e-35 1.0000000180025095e-35 1.0000000180025095e-35 0.2750000953674317
decision_type=2 2 2 2 2 2 2 2 2 2 2 2 2 2
left_child=1 2 4 -3 5 7 -7 12 9 10 -9 -11 -1 -14
right_child=-2 3 -4 -5 -6 6 -8 8 -10 11 -12 -13 13 -15
leaf_value=0.0010710463791742527 -0.00096253695690797425 -2.6968404100803737e-06 0.0062890477756354811 -0.0044907810443135746 0.0014309086130621532 -0.00042973363259079633 0.0018959165200295891 -0.002300144035303358 0.00082874411779145396 0.0010488952438754496 -0.00049506452833156798 -0.00052822879346918364 0.00037988422579863775 -0.0010881787774766364
leaf_weight=56 53 6426 31 33 35 31 34 45 44 31 47 131 83 40
leaf_count=56 53 6426 31 33 35 31 34 45 44 31 47 131 83 40
internal_value=0 7.8177e-06 0.000369909 -2.63188e-05 4.15659e-05 -5.06217e-05 0.000797055 -0.000167559 -0.000429558 -0.000649927 -0.00139322 -0.00022185 0.000268581 -0.00010246
internal_weight=0 7067 608 6459 577 542 65 477 298 254 92 162 179 123
internal_count=7120 7067 608 6459 577 542 65 477 298 254 92 162 179 123
is_linear=0
shrinkage=0.03


Tree=247
num_leaves=15
num_cat=0
split_feature=179 169 43 8 141 31 7 81 83 80 15 0 62 17
split_gain=0.0528151 0.103222 0.0486368 0.0468049 0.0874431 0.113533 0.110914 0.0905264 0.0869836 0.0747555 0.192609 0.331242 0.341433 0.106173
threshold=0.017509727273136381 0.044747080653905875 0.056201562285423286 0.071428563445806517 0.0097276263404637592 0.021317829377949241 0.044401541352272041 0.0058139534667134294 0.060077533125877387 1.0000000180025095e-35 0.063706556335091605 0.2096153870224953 0.032945737242698676 0.036679536104202277
decision_type=2 2 2 2 2 2 2 2 2 2 2 2 2 2
left_child=1 2 3 4 9 6 -6 -8 -5 10 -1 13 -13 -12
right_child=-2 -3 -4 8 5 -7 7 -9 -10 -11 11 12 -14 -15
leaf_value=-0.0012154114637191273 -0.0009341956483614114 0.0014398315586149691 0.00093074751565000045 2.5426296790200719e-05 -0.0017103799512905595 -0.0022751313036618133 0.001158131870603108 -0.00082140541676811773 0.00069758701217630928 -0.00011382630330384849 -0.0017625161455643752 0.0041883093190179868 0.00039673348733534414 0.00037228620464268783
leaf_weight=48 53 44 49 4062 36 35 45 37 180 2352 30 41 44 64
leaf_count=48 53 44 49 4062 36 35 45 37 180 2352 30 41 44 64
internal_value=0 7.59849e-06 -1.57835e-06 -8.26146e-06 -0.000105084 -0.000799533 -0.000346415 0.000265791 5.41057e-05 -6.35914e-05 0.00045512 0.000907348 0.00225305 -0.000320415
internal_weight=0 7067 7023 6974 2732 153 118 82 4242 2579 227 179 85 94
internal_count=7120 7067 7023 6974 2732 153 118 82 4242 2579 227 179 85 94
is_linear=0
shrinkage=0.03


Tree=248
num_leaves=15
num_cat=0
split_feature=9 41 82 41 117 2 286 39 286 229 269 2 19 53
split_gain=0.0638497 0.0900887 0.0439592 0.120371 0.200236 0.104985 0.0956 0.080689 0.0665419 0.0624956 0.0588673 0.0923624 0.061285 0.192152
threshold=0.17181472480297091 0.079457387328147902 1.0000000180025095e-35 0.0096899224445223826 1.0000000180025095e-35 0.43653917312622076 0.02918287925422192 0.0096899224445223826 0.025291828438639644 0.017509727273136381 0.021400777623057369 0.41730833053588873 0.017374516930431131 1.0000000180025095e-35
decision_type=2 2 2 2 2 2 2 2 2 2 2 2 2 2
left_child=1 2 3 -1 -5 6 8 -6 9 10 11 12 13 -4
right_child=-2 -3 5 4 7 -7 -8 -9 -10 -11 -12 -13 -14 -15
leaf_value=0.0019147378494604847 -0.0013580952389466185 0.0013154567249040021 -0.0026948921619764257 -0.0021332597864731667 0.0012887647076327677 -0.0014456297824685664 0.0012615587965822516 2.4266938907841443e-05 -0.0012694227244508893 0.00068282774376237526 -0.0011290031808244368 0.0013704505390595904 -5.8628914149252088e-06 -0.00017247109738911497
leaf_weight=38 30 46 30 30 68 45 52 133 37 114 42 42 6191 222
leaf_count=38 30 46 30 30 68 45 52 133 37 114 42 42 6191 222
internal_value=0 6.38471e-06 -2.34953e-06 0.000373038 0.000112265 -1.73071e-05 -7.54327e-06 0.000456319 -1.76129e-05 -1.04484e-05 -2.26598e-05 -1.53217e-05 -2.45664e-05 -0.000482224
internal_weight=0 7090 7044 269 231 6775 6730 201 6678 6641 6527 6485 6443 252
internal_count=7120 7090 7044 269 231 6775 6730 201 6678 6641 6527 6485 6443 252
is_linear=0
shrinkage=0.03


Tree=249
num_leaves=15
num_cat=0
split_feature=9 41 293 132 1 1 79 64 322 349 252 239 120 206
split_gain=0.0601952 0.0848772 0.044065 0.0896902 0.183251 0.170812 0.102151 0.088735 0.206609 0.0883261 0.159288 0.0905402 0.110409 0.0890039
threshold=0.17181472480297091 0.079457387328147902 1.0000000180025095e-35 0.0058365758741274485 0.30576944351196295 0.25961542129516607 0.013565891422331335 0.0096899224445223826 0.052529182285070426 0.0096153847407549637 0.0097276263404637592 1.0000000180025095e-35 0.0058365758741274485 0.017509727273136381
decision_type=2 2 2 2 2 2 2 2 2 2 2 2 2 2
left_child=1 2 7 -4 5 6 -5 8 9 11 -11 13 -13 -1
right_child=-2 -3 3 4 -6 -7 -8 -9 -10 10 -12 12 -14 -15
leaf_value=-7.9414279908421266e-05 -0.0013186665320949207 0.0012768327160193485 -1.8877247238093912e-05 -0.0017369778803661643 -0.0026148287442458026 0.0017153923816102393 -0.00025807468232500618 -6.7764031845062012e-05 0.0027152035781933415 -2.3852362254710527e-05 0.0025389783724676816 0.0021740395693968118 0.00036100473920510999 0.0010782453962265906
leaf_weight=742 30 46 4339 51 33 33 222 1268 30 48 39 38 137 64
leaf_count=742 30 46 4339 51 33 33 222 1268 30 48 39 38 137 64
internal_value=0 6.18897e-06 -2.28888e-06 -5.5649e-05 -0.000524866 -0.000291694 -0.000539684 0.000103192 0.0003005 0.000230194 0.0011408 0.000148358 0.000764808 1.37313e-05
internal_weight=0 7090 7044 4678 339 306 273 2366 1098 1068 87 981 175 806
internal_count=7120 7090 7044 4678 339 306 273 2366 1098 1068 87 981 175 806
is_linear=0
shrinkage=0.03


Tree=250
num_leaves=15
num_cat=0
split_feature=2 2 7 169 231 18 5 18 5 69 19 1 285 13
split_gain=0.0572032 0.175763 1.19416 0.692978 0.128813 0.0658692 0.0661129 0.0790296 0.12563 0.0897404 0.0950559 0.110762 0.0973934 0.106543
threshold=0.14038462191820147 0.15576923638582232 0.067567560821771636 0.0408560298383236 1.0000000180025095e-35 0.044401541352272041 0.156370684504509 0.048262543976306922 0.086872573941946044 0.025193798355758194 0.025096525438129905 0.10192307829856874 0.0058365758741274485 0.021235520951449875
decision_type=2 2 2 2 2 2 2 2 2 2 2 2 2 2
left_child=4 2 -2 5 -1 -3 7 8 -7 10 -9 -12 13 -13
right_child=1 3 -4 -5 -6 6 -8 9 -10 -11 11 12 -14 -15
leaf_value=0.0021391841695488738 -0.0062756534868235432 -0.0013693119336949165 0.00029999780020998078 0.0036438675133630316 -0.00020110596533273707 -0.00018526305085591352 -0.00065257319498883339 0.00033480281627312313 0.0024324108981302068 -0.00138415414074968 -0.0011344376451732521 0.001088462485873606 0.0002535273735726757 -9.0632466859334837e-05
leaf_weight=35 30 31 125 46 51 35 138 709 30 41 80 69 989 4711
leaf_count=35 30 31 125 46 51 35 138 709 30 41 80 69 989 4711
internal_value=0 -9.02115e-06 -0.00100478 1.35584e-05 0.000764978 -1.14106e-05 -5.02161e-06 8.48397e-06 0.00104144 -1.84691e-06 7.00485e-06 -3.27804e-05 -1.73095e-05 -7.3388e-05
internal_weight=0 7034 155 6879 86 6833 6802 6664 65 6599 6558 5849 5769 4780
internal_count=7120 7034 155 6879 86 6833 6802 6664 65 6599 6558 5849 5769 4780
is_linear=0
shrinkage=0.03


Tree=251
num_leaves=15
num_cat=0
split_feature=2 20 2 227 41 18 167 291 54 232 43 325 305 41
split_gain=0.0539202 0.21356 0.165765 1.17164 0.398786 0.062736 0.0668873 0.210204 0.102055 0.0847496 0.078314 0.0774519 0.0829927 0.0724365
threshold=0.14038462191820147 0.017441860400140289 0.15576923638582232 1.0000000180025095e-35 0.091085299849510207 0.044401541352272041 0.0058365758741274485 0.013618676923215391 0.021317829377949241 0.013618676923215391 0.056201562285423286 0.0058365758741274485 0.013618676923215391 0.0755814164876938
decision_type=2 2 2 2 2 2 2 2 2 2 2 2 2 2
left_child=1 -1 3 -2 5 -4 9 8 -8 10 13 12 -10 -7
right_child=2 -3 4 -5 -6 6 7 -9 11 -11 -12 -13 -14 -15
leaf_value=0.0023554931557446253 -0.006196760313262442 -0.00061677205900195992 -0.001329516303667333 0.00031648516380560718 0.002999888676451519 -8.5976170172815162e-05 -9.8148594752168463e-05 0.0019646978187042152 0.00038480881827745951 0.0005011442005651099 0.0011480002390706668 -0.00043632445117750929 0.0018112038641881483 -0.001496624108165799
leaf_weight=39 30 47 31 125 39 4621 1031 55 657 233 45 97 38 32
leaf_count=39 30 47 31 125 39 4621 1031 55 657 233 45 97 38 32
internal_value=0 0.000742697 -8.76347e-06 -0.000975785 1.31644e-05 -4.30115e-06 1.92664e-06 0.000154239 9.85702e-05 -5.61019e-05 -8.38396e-05 0.000354453 0.000465289 -9.59971e-05
internal_weight=0 86 7034 155 6879 6840 6809 1878 1823 4931 4698 792 695 4653
internal_count=7120 86 7034 155 6879 6840 6809 1878 1823 4931 4698 792 695 4653
is_linear=0
shrinkage=0.03


Tree=252
num_leaves=15
num_cat=0
split_feature=277 41 41 43 8 234 1 16 51 260 7 3 354 353
split_gain=0.0550349 0.116207 0.0730771 0.0460375 0.0444965 0.0987489 0.108165 0.114439 0.0917099 0.0914572 0.124505 0.184377 0.0949866 0.0845977
threshold=0.0097276263404637592 0.091085299849510207 0.0755814164876938 0.056201562285423286 0.071428563445806517 1.0000000180025095e-35 0.13653846830129626 0.021235520951449875 0.021317829377949241 0.0058365758741274485 0.025096525438129905 0.22500000149011615 0.54423075914382946 0.482692301273346
decision_type=2 2 2 2 2 2 2 2 2 2 2 2 2 2
left_child=1 2 3 4 5 8 -7 -8 9 10 12 -12 -1 -13
right_child=-2 -3 -4 -5 -6 6 7 -9 -10 -11 11 13 -14 -15
leaf_value=0.00040356546907024759 -0.0012409221933921799 0.0017821075123819437 -0.0012973139856834537 0.00089422717261186332 5.9179316955862554e-05 -0.0020358774285220232 0.0011506614277442526 -0.00046217668152608173 -0.00022287568416513864 -0.00031861966260018221 -0.001496419591608431 6.3213360992181845e-05 0.0027873155408568917 0.00067555030084958995
leaf_weight=30 31 32 38 51 4234 35 42 506 947 266 52 468 30 358
leaf_count=30 31 32 38 51 4234 35 42 506 947 266 52 468 30 358
internal_value=0 6.01141e-06 -2.29366e-06 4.90122e-06 -1.73529e-06 -9.60576e-05 -0.000442015 -0.000336694 -2.12867e-06 0.00017154 0.000310731 0.000219408 0.0016216 0.000329105
internal_weight=0 7089 7057 7019 6968 2734 583 548 2151 1204 938 878 60 826
internal_count=7120 7089 7057 7019 6968 2734 583 548 2151 1204 938 878 60 826
is_linear=0
shrinkage=0.03


Tree=253
num_leaves=15
num_cat=0
split_feature=277 169 43 0 75 269 91 182 309 332 68 17 64 332
split_gain=0.0518828 0.0801377 0.043931 0.0437155 0.103188 0.0889122 0.0711403 0.0725808 0.0688962 0.0655942 0.0804409 0.157647 0.0613492 0.0975
threshold=0.0097276263404637592 0.056420233100652702 0.056201562285423286 0.19038461893796924 0.021317829377949241 1.0000000180025095e-35 1.0000000180025095e-35 1.0000000180025095e-35 1.0000000180025095e-35 0.0097276263404637592 0.021317829377949241 0.032818533480167396 0.021317829377949241 1.0000000180025095e-35
decision_type=2 2 2 2 2 2 2 2 2 2 2 2 2 2
left_child=1 2 3 4 6 -6 7 8 -1 12 11 -11 -5 -14
right_child=-2 -3 -4 9 5 -7 -8 -9 -10 10 -12 -13 13 -15
leaf_value=0.00098206932131244358 -0.0012048580369446427 0.001527813352764614 0.00086791628206041283 1.8041396390948557e-05 -0.00068554486297985084 0.00015074959955812663 -0.0016387126457893513 -0.0011791612393839434 -0.00050370754283331155 -0.0023726964835077522 0.00057334362699683491 -0.0002809186864754222 -6.1594114587550339e-05 0.00067776960095162705
leaf_weight=42 31 30 51 4819 141 588 57 73 80 34 83 448 303 340
leaf_count=42 31 30 51 4819 141 588 57 73 80 34 83 448 303 340
internal_value=0 5.83946e-06 -8.44257e-07 -7.2895e-06 -0.000192903 -1.17204e-05 -0.000714919 -0.000437904 1.16152e-05 2.29493e-05 -0.000284481 -0.000433078 5.47967e-05 0.000329806
internal_weight=0 7089 7059 7008 981 729 252 195 122 6027 565 482 5462 643
internal_count=7120 7089 7059 7008 981 729 252 195 122 6027 565 482 5462 643
is_linear=0
shrinkage=0.03


Tree=254
num_leaves=15
num_cat=0
split_feature=9 210 263 9 29 68 284 293 64 21 6 310 56 18
split_gain=0.0832908 0.0636263 0.545632 0.287213 0.272275 0.355537 0.0523997 0.051392 0.0789607 0.185031 0.0854132 0.0748116 0.165997 0.0758109
threshold=0.17181472480297091 0.013618676923215391 0.0097276263404637592 0.16023169457912448 0.025193798355758194 0.013565891422331335 0.021400777623057369 1.0000000180025095e-35 0.0096899224445223826 1.0000000180025095e-35 0.14478765428066256 1.0000000180025095e-35 0.021317829377949241 0.075289566069841399
decision_type=2 2 2 2 2 2 2 2 2 2 2 2 2 2
left_child=1 3 4 6 5 -3 7 8 9 -1 -10 12 13 -11
right_child=-2 2 -4 -5 -6 -7 -8 -9 10 11 -12 -13 -14 -15
leaf_value=0.002271446398767044 -0.0015512685338035226 0.00013057497550295828 0.003818117929119113 -0.0026803691008535678 0.0021334942817852337 -0.0034545243903994559 -0.0012243565882466012 -4.5072182506515412e-05 7.1132933206806389e-06 -0.0011151151549852183 -0.0014771510229911655 0.00012321105973514218 0.0021680885458428582 0.00062966936811183888
leaf_weight=41 30 86 36 35 33 34 30 4623 1135 30 35 838 54 80
leaf_count=41 30 86 36 35 33 34 30 4623 1135 30 35 838 54 80
internal_value=0 7.15785e-06 0.000548741 -7.75203e-06 -0.000240322 -0.000905358 6.2602e-06 1.18391e-05 0.000130694 0.000320359 -3.85113e-05 0.000238339 0.0008223 0.00014806
internal_weight=0 7090 189 6901 153 120 6866 6836 2213 1043 1170 1002 164 110
internal_count=7120 7090 189 6901 153 120 6866 6836 2213 1043 1170 1002 164 110
is_linear=0
shrinkage=0.03


Tree=255
num_leaves=15
num_cat=0
split_feature=9 41 353 74 232 320 7 12 344 68 226 17 159 77
split_gain=0.0785247 0.0831293 0.0424642 0.0478966 0.149963 0.0719112 0.0502257 0.147396 0.116226 0.148886 0.0858224 0.0641877 0.0602287 0.0559856
threshold=0.17181472480297091 0.079457387328147902 0.63269230723381054 0.0096899224445223826 0.0097276263404637592 0.0097276263404637592 0.025096525438129905 0.16023169457912448 0.021153846755623821 0.0058139534667134294 1.0000000180025095e-35 0.059845551848411567 1.0000000180025095e-35 0.021317829377949241
decision_type=2 2 2 2 2 2 2 2 2 2 2 2 2 2
left_child=1 2 3 6 -5 -6 8 -8 10 -10 11 -1 -12 -14
right_child=-2 -3 -4 4 5 -7 7 -9 9 -11 12 -13 13 -15
leaf_value=0.00083516271918023909 -0.0015062318019749175 0.0012644409996140351 -0.0010438004024326802 -0.0017739695517071099 -0.00041883728940904672 0.0012776353073173335 -6.1690868450873162e-07 -0.0019258519960567353 0.0029240560075777466 9.0151880867779256e-05 -0.001066508741423604 1.6730317474205302e-05 -0.00024742470119979478 0.00098031591612663923
leaf_weight=181 30 46 34 54 62 34 6131 35 31 35 63 164 180 40
leaf_count=181 30 46 34 54 62 34 6131 35 31 35 63 164 180 40
internal_value=0 6.94856e-06 -1.44166e-06 3.76216e-06 -0.000524754 0.000188974 1.53934e-05 -1.18556e-05 0.000257162 0.001445 0.000130227 0.000447284 -0.000256505 -2.07734e-05
internal_weight=0 7090 7044 7010 150 96 6860 6166 694 66 628 345 283 220
internal_count=7120 7090 7044 7010 150 96 6860 6166 694 66 628 345 283 220
is_linear=0
shrinkage=0.03


Tree=256
num_leaves=15
num_cat=0
split_feature=14 65 41 41 41 102 214 51 7 166 295 229 13 224
split_gain=0.0521172 0.703823 0.510384 0.0718837 0.0865482 0.0539951 0.168597 0.118775 0.0819718 0.108913 0.103094 0.0896087 0.0754986 0.202391
threshold=0.025096525438129905 1.0000000180025095e-35 0.091085299849510207 0.071705445647239699 0.067829474806785597 1.0000000180025095e-35 0.017509727273136381 0.032945737242698676 0.021235520951449875 0.0097276263404637592 0.0058365758741274485 0.0058365758741274485 0.021235520951449875 0.013618676923215391
decision_type=2 2 2 2 2 2 2 2 2 2 2 2 2 2
left_child=1 -1 3 4 5 6 7 8 9 -2 12 -12 13 -10
right_child=2 -3 -4 -5 -6 -7 -8 -9 10 -11 11 -13 -14 -15
leaf_value=-0.0044615808769594874 -0.00015869167644996197 4.4080163583107365e-05 0.003487409335732656 -0.00099984945557480393 0.0015668253308649582 -4.7075726201938311e-05 -0.0016606705455730357 0.0018815256136696077 0.0026507563533430746 0.0019347539687385924 0.00017924072293911669 0.0010812117882501608 -0.00013059294911138474 -0.0002789324198383838
leaf_weight=33 39 379 37 63 31 4918 44 36 32 51 283 152 963 59
leaf_count=33 39 379 37 63 31 4918 44 36 32 51 283 152 963 59
internal_value=0 -0.000326739 2.0484e-05 7.35243e-07 1.04246e-05 2.85155e-06 0.000150797 0.000201147 0.000161669 0.00103582 0.000108173 0.000496169 -5.22773e-05 0.000768902
internal_weight=0 412 6708 6671 6608 6577 1659 1615 1579 90 1489 435 1054 91
internal_count=7120 412 6708 6671 6608 6577 1659 1615 1579 90 1489 435 1054 91
is_linear=0
shrinkage=0.03


Tree=257
num_leaves=15
num_cat=0
split_feature=2 20 2 210 169 18 18 65 24 99 334 354 24 0
split_gain=0.0512114 0.201163 0.156198 1.2123 0.594416 0.0569586 0.0594447 0.137163 0.063919 0.0536493 0.138382 0.0893066 0.0671521 0.0805301
threshold=0.14038462191820147 0.017441860400140289 0.15576923638582232 0.0097276263404637592 0.0408560298383236 0.044401541352272041 0.048262543976306922 0.0058139534667134294 0.12984500825405124 0.0058365758741274485 0.013618676923215391 0.56346154212951671 0.048449620604515083 0.35576963424682623
decision_type=2 2 2 2 2 2 2 2 2 2 2 2 2 2
left_child=1 -1 3 -2 5 -4 7 -7 9 -8 11 12 13 -11
right_child=2 -3 4 -5 -6 6 8 -9 -10 10 -12 -13 -14 -15
leaf_value=0.0022890226917515973 0.00044531032849080495 -0.00059571182093350213 -0.0012731453051674179 -0.0059573602985919395 0.0033749419360599936 0.0022327006954754535 2.6790053458826029e-05 -0.00041472373574317708 -0.00092192114155463761 -0.00023494484749405202 -0.0021396004323932256 0.001142030141626795 -0.0013450807517232453 0.0012859853812154721
leaf_weight=39 122 47 31 33 46 33 5889 36 68 623 32 44 45 32
leaf_count=39 122 47 31 33 46 33 5889 36 68 623 32 44 45 32
internal_value=0 0.000723756 -8.58633e-06 -0.000947289 1.26995e-05 -1.04258e-05 -4.48469e-06 0.000865244 -1.35249e-05 -4.11999e-06 -0.000238426 -0.000153893 -0.000236864 -0.000158793
internal_weight=0 86 7034 155 6879 6833 6802 69 6733 6665 776 744 700 655
internal_count=7120 86 7034 155 6879 6833 6802 69 6733 6665 776 744 700 655
is_linear=0
shrinkage=0.03


Tree=258
num_leaves=15
num_cat=0
split_feature=1 147 105 167 74 206 206 28 28 332 52 1 187 223
split_gain=0.0512552 0.690987 0.144329 0.0542978 0.124959 0.093335 0.079009 0.0814983 0.101329 0.0717882 0.0895545 0.175904 0.0785965 0.0828923
threshold=0.32500028610229498 0.013618676923215391 0.017509727273136381 0.0058365758741274485 0.0096899224445223826 0.017509727273136381 0.013618676923215391 0.094961270689964308 0.052325591444969184 0.0097276263404637592 0.021317829377949241 0.14423077553510669 1.0000000180025095e-35 0.0058365758741274485
decision_type=2 2 2 2 2 2 2 2 2 2 2 2 2 2
left_child=2 -2 3 9 5 6 7 8 -5 12 -11 -12 -1 -14
right_child=1 -3 -4 4 -6 -7 -8 -9 -10 10 11 -13 13 -15
leaf_value=7.858533118733974e-05 -4.4851470487187399e-05 -0.0046197969209958584 0.0017600748476269113 0.00015933205602533957 0.0017252619136124848 0.0012346631292468652 -0.00048670523816797653 0.0014911896083503961 -0.0015252187636426902 -0.00010771909897614801 -0.0028825391831068213 -0.00043297910762658294 -7.6594833405936648e-05 -0.00071928450064614221
leaf_weight=3194 716 30 42 1235 44 64 196 39 32 349 33 120 793 233
leaf_count=3194 716 30 42 1235 44 64 196 39 32 349 33 120 793 233
internal_value=0 -0.000234769 2.78894e-05 1.61237e-05 0.000166517 0.000121648 7.34324e-05 0.000157804 0.000115617 -3.51783e-05 -0.000373953 -0.000976603 5.20049e-06 -0.000223105
internal_weight=0 746 6374 6332 1610 1566 1502 1306 1267 4722 502 153 4220 1026
internal_count=7120 746 6374 6332 1610 1566 1502 1306 1267 4722 502 153 4220 1026
is_linear=0
shrinkage=0.03


Tree=259
num_leaves=15
num_cat=0
split_feature=9 41 222 154 222 133 81 102 264 130 351 6 28 28
split_gain=0.0879324 0.083583 0.0431238 0.0968342 0.0935418 0.193917 0.173339 0.135489 0.0777264 0.068228 0.0917538 0.0657038 0.0918527 0.0892453
threshold=0.17181472480297091 0.079457387328147902 0.017509727273136381 0.0058365758741274485 0.013618676923215391 0.0058365758741274485 0.025193798355758194 1.0000000180025095e-35 0.0058365758741274485 1.0000000180025095e-35 0.017307692673057321 0.14478765428066256 0.094961270689964308 0.056201562285423286
decision_type=2 2 2 2 2 2 2 2 2 2 2 2 2 2
left_child=1 2 4 8 11 6 9 -7 -4 10 -6 12 13 -1
right_child=-2 -3 3 -5 5 7 -8 -9 -10 -11 -12 -13 -14 -15
leaf_value=-5.4935298714206497e-06 -0.0015939800968513855 0.0012682001674151485 -0.00033877228579949587 0.00055412205225106198 -0.0017523668937352594 0.0033681037684249117 0.0019782792807957372 0.0006567504599469861 -0.0015980074736044595 0.00017526170309017881 0.00029345072849930537 -0.0010576267882263183 0.0015483910069280468 -0.0013614649249410087
leaf_weight=6093 30 46 199 83 42 30 42 37 56 297 36 53 33 43
leaf_count=6093 30 46 199 83 42 30 42 37 56 297 36 53 33 43
internal_value=0 7.28104e-06 -1.13209e-06 -0.000331253 1.55538e-05 0.00041684 0.000174162 0.00190247 -0.000620472 -3.26226e-05 -0.000816381 -1.57237e-05 -6.60239e-06 -1.52162e-05
internal_weight=0 7090 7044 338 6706 484 417 67 255 375 78 6222 6169 6136
internal_count=7120 7090 7044 338 6706 484 417 67 255 375 78 6222 6169 6136
is_linear=0
shrinkage=0.03


Tree=260
num_leaves=15
num_cat=0
split_feature=15 277 15 19 43 19 41 354 306 53 52 354 227 290
split_gain=0.0500349 0.286543 0.102899 0.190408 0.07278 0.221601 0.211745 0.0724787 0.072176 0.0698409 0.0888753 0.0965207 0.0654467 0.0645798
threshold=0.032818533480167396 0.0058365758741274485 0.036679536104202277 0.075289566069841399 0.032945737242698676 0.10231658443808557 0.079457387328147902 0.50576925277709972 1.0000000180025095e-35 0.021317829377949241 0.013565891422331335 0.52500000596046459 1.0000000180025095e-35 1.0000000180025095e-35
decision_type=2 2 2 2 2 2 2 2 2 2 2 2 2 2
left_child=1 7 3 13 6 -6 9 8 -1 -4 11 -11 -12 -2
right_child=2 -3 4 -5 5 -7 -8 -9 -10 10 12 -13 -14 -15
leaf_value=0.0015390326192771847 -0.00012240701022424869 -0.0030913715055512804 6.4589067965395398e-05 0.0027169738703576676 -0.00013745171577987227 -0.0025238868308952076 0.0024067184674170087 -0.00058106561098247769 2.767547167857866e-05 0.00056173369273149079 -0.00028113165399568145 -0.00076035351897679412 -0.0013743123076509366 0.00082510988833934694
leaf_weight=32 146 30 4621 32 1295 35 33 164 206 136 105 77 93 115
leaf_count=32 146 30 4621 32 1295 35 33 164 206 136 105 77 93 115
internal_value=0 -0.00031222 2.0542e-05 0.000569317 -4.68631e-06 -0.000202102 4.71819e-05 -9.76648e-05 0.000236472 3.12329e-05 -0.000343047 8.24764e-05 -0.000798921 0.000296637
internal_weight=0 432 6688 293 6395 1330 5065 402 238 5032 411 213 198 261
internal_count=7120 432 6688 293 6395 1330 5065 402 238 5032 411 213 198 261
is_linear=0
shrinkage=0.03


Tree=261
num_leaves=15
num_cat=0
split_feature=2 20 2 115 41 5 67 69 75 2 294 28 24 114
split_gain=0.0499563 0.186433 0.146648 1.11653 0.342913 0.0589387 0.0703816 0.0629687 0.0783495 0.226147 0.139875 0.0904513 0.116441 0.0773165
threshold=0.14038462191820147 0.017441860400140289 0.15576923638582232 1.0000000180025095e-35 0.091085299849510207 0.156370684504509 1.0000000180025095e-35 0.025193798355758194 0.0096899224445223826 0.17115385085344317 0.0097276263404637592 0.094961270689964308 0.060077533125877387 0.0058365758741274485
decision_type=2 2 2 2 2 2 2 2 2 2 2 2 2 2
left_child=1 -1 3 -2 5 7 -7 8 9 -4 11 12 -11 -12
right_child=2 -3 4 -5 -6 6 -8 -9 -10 10 13 -13 -14 -15
leaf_value=0.0022215554253562004 -0.0060148421321965509 -0.00055576676306372968 0.0027796865687254933 0.00034316064674168865 0.0027816889488603922 7.3192756516737465e-05 -0.0012762266565376603 -0.00095090516228381469 -2.722970808516199e-05 -0.00014459982574477925 0.00040248669708380471 0.0011844654947344678 0.0015573760579144092 0.0016899372474133113
leaf_weight=39 30 47 30 125 39 68 70 60 5594 754 99 55 37 73
leaf_count=39 30 47 30 125 39 68 70 60 5594 754 99 55 37 73
internal_value=0 0.000714775 -8.53728e-06 -0.000918089 1.20875e-05 -4.10838e-06 -0.000615552 8.57174e-06 1.73809e-05 0.000255302 0.000178255 1.92887e-05 -6.31219e-05 0.000955515
internal_weight=0 86 7034 155 6879 6840 138 6702 6642 1048 1018 846 791 172
internal_count=7120 86 7034 155 6879 6840 138 6702 6642 1048 1018 846 791 172
is_linear=0
shrinkage=0.03


Tree=262
num_leaves=15
num_cat=0
split_feature=179 210 263 29 2 74 1 49 64 6 222 152 39 326
split_gain=0.0488768 0.0667378 0.511731 0.254775 0.353287 0.0708205 0.174827 0.199164 0.0566868 0.129761 0.10256 0.154215 0.0863467 0.174534
threshold=0.017509727273136381 0.013618676923215391 0.0097276263404637592 0.025193798355758194 0.22884615510702136 0.0096899224445223826 0.32500028610229498 0.021317829377949241 0.0058139534667134294 0.15250967442989352 0.0097276263404637592 1.0000000180025095e-35 0.0096899224445223826 0.0058365758741274485
decision_type=2 2 2 2 2 2 2 2 2 2 2 2 2 2
left_child=1 5 3 4 -3 8 7 -7 10 -10 -1 -12 -13 -14
right_child=-2 2 -4 -5 -6 6 -8 -9 9 -11 11 12 13 -15
leaf_value=1.9931316446912347e-05 -0.00089882442313763832 -0.0035723630215625233 0.0037246905133832952 0.0020619676925707608 0.00013649583236006687 0.0018416343165029371 -0.0022398619448358659 -0.0010637188343227738 -3.4923383628808886e-05 -0.0019819987595321672 0.0025511948160419707 -0.00014196079140347791 0.00043948436008403482 0.0028480522992509988
leaf_weight=1367 53 31 36 33 83 34 43 53 4911 30 31 166 219 30
leaf_count=1367 53 31 36 33 83 34 43 53 4911 30 31 166 219 30
internal_value=0 7.17605e-06 0.000571035 -0.000221237 -0.000894348 -7.894e-06 -0.00069876 7.97316e-05 5.50516e-06 -4.7144e-05 0.000148938 0.000543416 0.000387665 0.000739905
internal_weight=0 7067 183 147 114 6884 130 87 6754 4941 1813 446 415 249
internal_count=7120 7067 183 147 114 6884 130 87 6754 4941 1813 446 415 249
is_linear=0
shrinkage=0.03


Tree=263
num_leaves=15
num_cat=0
split_feature=9 41 79 271 271 81 63 5 318 310 316 354 1 354
split_gain=0.0896443 0.0705583 0.041086 0.0462929 0.128826 0.217736 0.123343 0.136561 0.119841 0.0953429 0.084759 0.107954 0.0678797 0.0707911
threshold=0.17181472480297091 0.079457387328147902 0.16860471665859225 0.087548635900020613 0.079766534268856062 0.0058139534667134294 0.060077533125877387 0.0057915056822821507 0.0097276263404637592 0.0097276263404637592 0.071984432637691512 0.6826922893524171 0.10192307829856874 0.63653844594955455
decision_type=2 2 2 2 2 2 2 2 2 2 2 2 2 2
left_child=1 2 3 4 6 -6 7 -1 9 -5 11 12 -9 -14
right_child=-2 -3 -4 8 5 -7 -8 10 -10 -11 -12 -13 13 -15
leaf_value=0.0018471484204443792 -0.0016094225520388254 0.0011658667840287733 0.0010721390670369146 -0.00080130541646447509 0.0030460135494782166 -0.00041562921028922905 -0.0015062289986265253 -0.00113074273976963 -0.0019091479707986298 0.00094984687111504811 -0.0014779704767279326 0.0016405940630162756 1.0266032709477501e-05 -0.0011010211116920868
leaf_weight=35 30 46 31 61 32 32 48 47 40 50 34 35 6548 51
leaf_count=35 30 46 31 61 32 32 48 47 40 50 34 35 6548 51
internal_value=0 7.35032e-06 -3.79651e-07 -5.27275e-06 6.1971e-06 0.00133543 -6.51154e-06 4.37465e-06 -0.000523117 -1.10602e-05 -5.50388e-06 2.20965e-06 -6.66413e-06 1.51199e-06
internal_weight=0 7090 7044 7013 6862 64 6798 6750 151 111 6715 6681 6646 6599
internal_count=7120 7090 7044 7013 6862 64 6798 6750 151 111 6715 6681 6646 6599
is_linear=0
shrinkage=0.03


Tree=264
num_leaves=15
num_cat=0
split_feature=9 56 105 169 12 12 63 63 215 26 240 354 82 9
split_gain=0.0845146 0.0601049 0.649306 0.369558 0.532842 0.0793812 0.0592436 0.105727 0.1339 0.058771 0.0834891 0.146674 0.129123 0.0996174
threshold=0.17181472480297091 0.0058139534667134294 0.0097276263404637592 0.033073929138481624 0.044401541352272041 0.10231658443808557 0.056201562285423286 0.048449620604515083 0.013618676923215391 1.0000000180025095e-35 0.0058365758741274485 0.54038462042808544 0.0096899224445223826 0.071428563445806517
decision_type=2 2 2 2 2 2 2 2 2 2 2 2 2 2
left_child=1 2 5 6 -5 9 7 8 -3 10 11 12 13 -1
right_child=-2 3 -4 4 -6 -7 -8 -9 -10 -11 -12 -13 -14 -15
leaf_value=0.0026994755083034117 -0.0015626971425128078 1.0985513381911658e-05 0.0041433230637748899 -0.0050184718833770599 0.00053072717010734546 0.0011991504547471294 -0.0010586993371512977 0.0013321358651026255 -0.0015962652772902807 -0.00034535279758846765 0.0016195894506139061 -0.0018138454196741803 -0.00021294953309414856 0.0002646711508503124
leaf_weight=30 30 6270 36 31 30 48 46 53 46 294 35 31 110 30
leaf_count=30 30 6270 36 31 30 48 46 53 46 294 35 31 110 30
internal_value=0 7.13569e-06 0.000290562 -1.97771e-05 -0.00232482 4.3856e-05 2.50034e-06 1.03298e-05 -9.7108e-07 -6.28357e-05 0.000289086 5.05351e-05 0.00039913 0.00150637
internal_weight=0 7090 614 6476 61 578 6415 6369 6316 530 236 201 170 60
internal_count=7120 7090 614 6476 61 578 6415 6369 6316 530 236 201 170 60
is_linear=0
shrinkage=0.03


Tree=265
num_leaves=15
num_cat=0
split_feature=171 41 41 10 43 243 271 78 28 4 353 285 72 78
split_gain=0.0452178 0.25912 0.178723 0.0686074 0.0719508 0.0709165 0.0640895 0.0508149 0.0490885 0.203367 0.112643 0.073982 0.105502 0.11327
threshold=0.013618676923215391 0.067829474806785597 0.079457387328147902 1.0000000180025095e-35 0.056201562285423286 1.0000000180025095e-35 0.0058365758741274485 0.021317829377949241 0.013565891422331335 0.14864866435527804 0.60576921701431286 0.0058365758741274485 0.013565891422331335 0.044573649764060981
decision_type=2 2 2 2 2 2 2 2 2 2 2 2 2 2
left_child=1 8 3 -2 5 6 7 -5 9 10 -1 -10 -13 -14
right_child=2 -3 -4 4 -6 -7 -8 -9 11 -11 -12 12 13 -15
leaf_value=7.0479694255956693e-05 0.0011852729068188047 0.0026853360726752061 -0.0018069531794907034 -0.00093983313526775007 0.0010084823350916851 -1.6793407963919696e-05 -0.0010850339255243705 9.5968605140076517e-05 -9.812628930783469e-05 0.0024925211492121558 0.0016641426353897083 -0.00025355259904010906 0.00033290015320415684 0.0021409501338546925
leaf_weight=1517 36 32 56 60 47 740 123 141 3377 32 40 302 585 32
leaf_count=1517 36 32 56 60 47 740 123 141 3377 32 40 302 585 32
internal_value=0 3.43902e-05 -0.000167296 -8.57388e-05 -0.000127953 -0.000179052 -0.000548451 -0.000216348 1.95218e-05 0.000161932 0.000112463 -3.31781e-05 0.000205331 0.000429985
internal_weight=0 5917 1203 1147 1111 1064 324 201 5885 1589 1557 4296 919 617
internal_count=7120 5917 1203 1147 1111 1064 324 201 5885 1589 1557 4296 919 617
is_linear=0
shrinkage=0.03


Tree=266
num_leaves=15
num_cat=0
split_feature=9 41 244 125 18 50 18 18 80 79 69 20 82 354
split_gain=0.074821 0.0734233 0.0399152 0.0772147 0.0533192 0.1847 0.1275 0.0794944 0.0487652 0.270279 0.142369 0.160887 0.119733 0.105062
threshold=0.17181472480297091 0.079457387328147902 0.017509727273136381 0.013618676923215391 0.21428583562374118 0.063953503966331496 0.20270280539989474 0.24131290614604953 1.0000000180025095e-35 0.0755814164876938 1.0000000180025095e-35 0.0096899224445223826 0.013565891422331335 0.63653844594955455
decision_type=2 2 2 2 2 2 2 2 2 2 2 2 2 2
left_child=1 2 4 -4 6 -6 8 -7 9 10 11 -1 -13 -12
right_child=-2 -3 3 -5 5 7 -8 -9 -10 -11 13 12 -14 -15
leaf_value=-0.00067422994185329938 -0.0014703179862830906 0.0011885495511439253 -0.00071297692239750173 0.00076253905351040879 0.0018887942360639241 0.00058384182592553476 -0.0017327818232833554 -0.0015682948965038503 -1.407620080850156e-05 0.0030030505883980605 -2.692932044602815e-06 0.0028948779665791476 0.0007515617476898254 -0.0015354123399795396
leaf_weight=40 30 46 159 39 55 30 37 30 6156 30 322 37 64 45
leaf_count=40 30 46 159 39 55 30 37 30 6156 30 322 37 64 45
internal_value=0 6.74628e-06 -1.13896e-06 -0.000419974 1.10341e-05 0.000648745 4.40218e-08 -0.000500296 9.87932e-06 0.000283505 0.000117318 0.000924038 0.00155742 -0.00019429
internal_weight=0 7090 7044 198 6846 115 6731 60 6694 538 508 141 101 367
internal_count=7120 7090 7044 198 6846 115 6731 60 6694 538 508 141 101 367
is_linear=0
shrinkage=0.03


Tree=267
num_leaves=15
num_cat=0
split_feature=9 41 0 9 0 207 33 354 37 10 297 205 258 81
split_gain=0.070541 0.069173 0.0423802 0.149895 0.09491 0.0888884 0.0866957 0.153318 0.0969009 0.0949726 0.0839436 0.078354 0.104717 0.110905
threshold=0.17181472480297091 0.079457387328147902 0.25192308425903326 0.12934361398220065 0.21730769425630572 0.0058365758741274485 0.0058139534667134294 0.57499998807907116 0.0058139534667134294 0.017374516930431131 0.013618676923215391 0.0058365758741274485 0.0058365758741274485 0.017441860400140289
decision_type=2 2 2 2 2 2 2 2 2 2 2 2 2 2
left_child=1 2 4 5 -1 -4 8 9 -6 11 -11 12 -8 -14
right_child=-2 -3 3 -5 6 -7 7 -9 -10 10 -12 -13 13 -15
leaf_value=-6.7122587931986094e-05 -0.0014276313057710085 0.0011536517521326846 7.9210847394600083e-05 -0.0017163188584148883 0.0019451749436557291 -0.00025786744572752081 1.0314701094021966e-05 -0.0018411661103766943 0.00045312954687711204 0.00068275063099136981 -0.00058106452407729291 -0.0002530391575351132 0.00017968599058152524 0.0019727048591288371
leaf_weight=2283 30 46 1709 49 44 1196 336 34 313 392 53 511 66 58
leaf_count=2283 30 46 1709 49 44 1196 336 34 313 392 53 511 66 58
internal_value=0 6.56434e-06 -1.08927e-06 -8.76591e-05 6.14419e-05 -5.96066e-05 0.00022382 0.000120504 0.000641943 0.000168872 0.000531263 2.41621e-06 0.000286127 0.00102743
internal_weight=0 7090 7044 2954 4090 2905 1807 1450 357 1416 445 971 460 124
internal_count=7120 7090 7044 2954 4090 2905 1807 1450 357 1416 445 971 460 124
is_linear=0
shrinkage=0.03


Tree=268
num_leaves=15
num_cat=0
split_feature=9 41 156 162 6 10 283 115 310 245 294 154 306 0
split_gain=0.0665046 0.0651702 0.0404748 0.0505137 0.0932013 0.0891759 0.119031 0.0726355 0.0703525 0.0727758 0.0646608 0.0601723 0.0588948 0.155328
threshold=0.17181472480297091 0.079457387328147902 0.017509727273136381 0.0058365758741274485 0.11389959231019021 1.0000000180025095e-35 1.0000000180025095e-35 0.017509727273136381 0.017509727273136381 0.013618676923215391 0.017509727273136381 0.0097276263404637592 0.02918287925422192 0.10576923191547395
decision_type=2 2 2 2 2 2 2 2 2 2 2 2 2 2
left_child=1 2 3 7 5 6 -5 10 9 11 12 -7 -1 -14
right_child=-2 -3 -4 4 -6 8 -8 -9 -10 -11 -12 -13 13 -15
leaf_value=-6.7447259083125105e-05 -0.0013861838950505181 0.0011197785825587492 -0.00046252715847494 0.0022857039869413711 -0.0012220683139394564 8.1868335046176102e-05 0.00018334926150384405 -0.0014333410831151173 -0.00077102367247425718 0.0011927048038495214 0.0012075227712960662 0.0010527548256615803 -0.00052349192722301392 0.0021110363168498642
leaf_weight=4185 30 46 166 39 45 2206 62 33 79 56 36 58 41 38
leaf_count=4185 30 46 166 39 45 2206 62 33 79 56 36 58 41 38
internal_value=0 6.37485e-06 -1.05401e-06 1.01492e-05 0.000116207 0.000140775 0.0010096 -5.21564e-05 0.000103791 0.000133899 -4.12258e-05 0.000107195 -5.20493e-05 0.000754297
internal_weight=0 7090 7044 6878 2545 2500 101 4333 2399 2320 4300 2264 4264 79
internal_count=7120 7090 7044 6878 2545 2500 101 4333 2399 2320 4300 2264 4264 79
is_linear=0
shrinkage=0.03


Tree=269
num_leaves=15
num_cat=0
split_feature=277 41 41 222 154 43 30 244 83 5 2 182 315 286
split_gain=0.0507495 0.114463 0.0751929 0.04086 0.0886121 0.0832606 0.0798915 0.0632928 0.0556129 0.207817 0.274036 0.0827821 0.0816383 0.0931564
threshold=0.0097276263404637592 0.091085299849510207 0.0755814164876938 0.017509727273136381 0.0058365758741274485 0.056201562285423286 0.048449620604515083 0.017509727273136381 1.0000000180025095e-35 0.028957529924809936 0.42115449905395513 0.0058365758741274485 0.036964979022741325 0.02918287925422192
decision_type=2 2 2 2 2 2 2 2 2 2 2 2 2 2
left_child=1 2 3 5 -5 6 7 8 9 10 -1 12 13 -10
right_child=-2 -3 -4 4 -6 -7 -8 -9 11 -11 -12 -13 -14 -15
leaf_value=0.0034231108139221493 -0.0011917032283963636 0.0017684222478419542 -0.0013161778050618104 -0.00059322605811757963 0.00053039390024163633 0.0014599099957073726 0.0010518212884198872 -0.00055355582196509067 4.5496259371171989e-06 6.4682050622761234e-05 -0.00033960755599001723 -0.0010967882104488389 -0.0014605982190765 0.0015794562908259273
leaf_weight=40 31 32 38 255 83 35 65 178 5813 393 30 61 33 33
leaf_count=40 31 32 38 255 83 35 65 178 5813 393 30 61 33 33
internal_value=0 5.6983e-06 -2.5442e-06 4.75412e-06 -0.000316557 2.10546e-05 1.32586e-05 2.84257e-06 1.83942e-05 0.000334708 0.00182845 -6.31344e-06 5.18583e-06 1.37084e-05
internal_weight=0 7089 7057 7019 338 6681 6646 6581 6403 463 70 5940 5879 5846
internal_count=7120 7089 7057 7019 338 6681 6646 6581 6403 463 70 5940 5879 5846
is_linear=0
shrinkage=0.03


Tree=270
num_leaves=15
num_cat=0
split_feature=277 41 41 156 156 54 308 14 258 14 68 215 164 351
split_gain=0.0478436 0.107899 0.0708628 0.0391956 0.0479794 0.10263 0.104633 0.168212 0.108728 0.0961779 0.0956153 0.0903669 0.0568691 0.0545091
threshold=0.0097276263404637592 0.091085299849510207 0.0755814164876938 0.017509727273136381 0.0097276263404637592 0.013565891422331335 0.0097276263404637592 0.13706563413143161 0.013618676923215391 0.1177605949342251 1.0000000180025095e-35 0.0097276263404637592 1.0000000180025095e-35 0.0096153847407549637
decision_type=2 2 2 2 2 2 2 2 2 2 2 2 2 2
left_child=1 2 3 4 -1 11 7 8 10 -10 -7 -6 -12 -14
right_child=-2 -3 -4 -5 5 6 -8 -9 9 -11 12 -13 13 -15
leaf_value=-1.863242792019087e-05 -0.0011570692271925509 0.0017169775356623259 -0.001277704939353638 -0.00044947502369717775 -0.00010598644876400116 0.00090795609991493301 0.0013266645475038482 -0.0018517788465727458 0.0024598603346385061 0.00047836096119135616 -0.00067185461856791775 -0.0017689438716179744 0.00089030318726735142 -1.33908286040878e-05
leaf_weight=5774 31 32 38 166 219 132 89 32 37 54 91 33 73 319
leaf_count=5774 31 32 38 166 219 132 89 32 37 54 91 33 73 319
internal_value=0 5.54649e-06 -2.45617e-06 4.6289e-06 1.56926e-05 0.000199222 0.000360653 0.000242518 0.000339929 0.00130201 0.00019569 -0.000329886 -4.40608e-07 0.000156736
internal_weight=0 7089 7057 7019 6853 1079 827 738 706 91 615 252 483 392
internal_count=7120 7089 7057 7019 6853 1079 827 738 706 91 615 252 483 392
is_linear=0
shrinkage=0.03


Tree=271
num_leaves=15
num_cat=0
split_feature=9 41 0 9 0 17 5 2 26 207 318 354 354 14
split_gain=0.0720841 0.0681679 0.0399313 0.139595 0.0905222 0.0943751 0.181531 0.14425 0.0938856 0.0844483 0.0736301 0.20634 0.177454 0.0856519
threshold=0.17181472480297091 0.079457387328147902 0.25192308425903326 0.12934361398220065 0.21730769425630572 0.025096525438129905 0.032818533480167396 0.34807729721069341 0.0096899224445223826 0.0058365758741274485 0.021400777623057369 0.63653844594955455 0.64423078298568737 0.17181472480297091
decision_type=2 2 2 2 2 2 2 2 2 2 2 2 2 2
left_child=1 2 4 9 -1 6 -6 8 -7 10 11 -4 -12 -14
right_child=-2 -3 3 -5 5 7 -8 -9 -10 -11 12 -13 13 -15
leaf_value=-6.5831991146464029e-05 -0.001443172573682762 0.0011453489462617151 7.1431761424131117e-05 -0.0016567092432640492 0.0030164858079966038 0.00013140376170017192 -9.8643733694781224e-06 -0.0016304853211085383 0.00081056044911425424 -0.00025117787710194917 0.0026106111661476248 -0.0020362464698074861 0.0006986854998855391 -0.00092640008799038654
leaf_weight=2283 30 46 1502 49 30 1489 42 38 208 1196 33 42 90 42
leaf_count=2283 30 46 1502 49 30 1489 42 38 208 1196 33 42 90 42
internal_value=0 6.62555e-06 -9.72271e-07 -8.50038e-05 5.97254e-05 0.000218306 0.00127516 0.000173738 0.000215076 -5.79321e-05 7.73739e-05 1.28177e-05 0.000677747 0.000178535
internal_weight=0 7090 7044 2954 4090 1807 72 1735 1697 2905 1709 1544 165 132
internal_count=7120 7090 7044 2954 4090 1807 72 1735 1697 2905 1709 1544 165 132
is_linear=0
shrinkage=0.03


Tree=272
num_leaves=15
num_cat=0
split_feature=9 41 353 0 9 0 70 296 50 205 16 165 149 150
split_gain=0.0679595 0.0642232 0.0391103 0.0426712 0.116089 0.091875 0.131628 0.0930778 0.0811985 0.0999969 0.0801417 0.16019 0.0995739 0.112514
threshold=0.17181472480297091 0.079457387328147902 0.63269230723381054 0.24807692319154742 0.12934361398220065 0.24423076957464221 0.0058139534667134294 0.0058365758741274485 0.025193798355758194 0.0097276263404637592 0.025096525438129905 0.0058365758741274485 1.0000000180025095e-35 1.0000000180025095e-35
decision_type=2 2 2 2 2 2 2 2 2 2 2 2 2 2
left_child=1 2 3 5 8 -1 -7 -8 9 10 11 -5 13 -12
right_child=-2 -3 -4 4 -6 6 7 -9 -10 -11 12 -13 -14 -15
leaf_value=3.712890651378371e-05 -0.0014012740462297393 0.001111719532017695 -0.0010012891477506076 0.0021361325644732765 -0.0013959616434886673 0.0021284339969279246 0.00072353671288640593 -0.0009478897174604508 -0.00023888101169820889 0.001425308973120991 -0.00084699515216821208 -0.00064972474421665539 0.00020860298157728886 -3.7791990702753413e-05
leaf_weight=3658 30 46 34 44 58 44 111 40 1253 47 208 31 921 595
leaf_count=3658 30 46 34 44 58 44 111 40 1253 47 208 31 921 595
internal_value=0 6.43485e-06 -9.39854e-07 4.05418e-06 -7.7702e-05 7.10448e-05 0.000703838 0.000277452 -5.25875e-05 7.39229e-05 3.78448e-05 0.000991247 -4.18207e-06 -0.000248192
internal_weight=0 7090 7044 7010 3157 3853 195 151 3099 1846 1799 75 1724 803
internal_count=7120 7090 7044 7010 3157 3853 195 151 3099 1846 1799 75 1724 803
is_linear=0
shrinkage=0.03


Tree=273
num_leaves=15
num_cat=0
split_feature=9 41 306 0 269 15 15 29 0 9 17 177 318 207
split_gain=0.0640712 0.0605063 0.0373986 0.101867 0.0651372 0.0490864 0.159035 0.0608529 0.0403483 0.124896 0.121765 0.271041 0.0995676 0.0774132
threshold=0.17181472480297091 0.079457387328147902 0.02918287925422192 0.10576923191547395 0.021400777623057369 0.18339775502681735 0.16409270465373996 0.013565891422331335 0.25192308425903326 0.12934361398220065 0.025096525438129905 1.0000000180025095e-35 0.033073929138481624 0.0058365758741274485
decision_type=2 2 2 2 2 2 2 2 2 2 2 2 2 2
left_child=1 2 4 -4 5 6 8 -7 10 13 11 -1 -12 -10
right_child=-2 -3 3 -5 -6 7 -8 -9 9 -11 12 -13 -14 -15
leaf_value=0.0027805257636743285 -0.0013605917518537851 0.0010790774681446874 -0.00049455709988251325 0.0015134869957342742 -0.00098482943330815086 -3.0264288294789812e-05 -0.0018941908419365062 0.0017822002213928967 7.4846988343715403e-05 -0.0015669606721261517 5.6798560115134802e-05 -0.00064644915243171938 -0.0015740746273385251 -0.000239721763834785
leaf_weight=44 30 46 41 49 60 36 39 30 1709 49 3720 38 33 1196
leaf_count=44 30 46 41 49 60 36 39 30 1709 49 3720 38 33 1196
internal_value=0 6.25303e-06 -9.05101e-07 0.000603329 -8.81084e-06 -1.74734e-07 -8.10268e-06 0.000807887 3.00949e-06 -8.03068e-05 6.71901e-05 0.00120376 4.20429e-05 -5.47001e-05
internal_weight=0 7090 7044 90 6954 6894 6828 66 6789 2954 3835 82 3753 2905
internal_count=7120 7090 7044 90 6954 6894 6828 66 6789 2954 3835 82 3753 2905
is_linear=0
shrinkage=0.03


Tree=274
num_leaves=15
num_cat=0
split_feature=277 41 41 249 269 44 74 159 157 251 100 76 19 55
split_gain=0.0495024 0.113635 0.0746791 0.0404213 0.0931527 0.0669316 0.0471518 0.0454208 0.0627832 0.0434687 0.106828 0.0848229 0.132639 0.0983102
threshold=0.0097276263404637592 0.091085299849510207 0.0755814164876938 0.013618676923215391 1.0000000180025095e-35 1.0000000180025095e-35 0.0058139534667134294 1.0000000180025095e-35 0.0058365758741274485 1.0000000180025095e-35 0.017509727273136381 0.036821708083152778 0.032818533480167396 0.044573649764060981
decision_type=2 2 2 2 2 2 2 2 2 2 2 2 2 2
left_child=1 2 3 9 -5 -6 7 -7 -9 10 -1 13 -13 -11
right_child=-2 -3 -4 4 5 6 -8 8 -10 11 -12 12 -14 -15
leaf_value=5.7452468574572709e-05 -0.001176996833528392 0.0017619345828213475 -0.0013117483405109781 0.0015248972964946007 -0.00036820265583153208 -0.00015057747727207079 -0.00038667270601662392 0.001441418392379291 0.00027717455117642106 -7.8330940498245395e-05 0.0012492510808764822 0.001510943073686527 -0.00049339573632460089 -0.0017739615584122796
leaf_weight=2056 31 32 38 47 154 54 53 81 86 4267 69 73 49 30
leaf_count=2056 31 32 38 47 154 54 53 81 86 4267 69 73 49 30
internal_value=0 5.60166e-06 -2.61095e-06 4.66241e-06 0.00027158 0.000130716 0.000411449 0.000603733 0.000847086 -1.47505e-05 9.67203e-05 -6.83641e-05 0.000708455 -9.05792e-05
internal_weight=0 7089 7057 7019 475 428 274 221 167 6544 2125 4419 122 4297
internal_count=7120 7089 7057 7019 475 428 274 221 167 6544 2125 4419 122 4297
is_linear=0
shrinkage=0.03


Tree=275
num_leaves=15
num_cat=0
split_feature=9 210 102 9 0 0 70 296 117 201 168 8 17 21
split_gain=0.0651281 0.0552997 0.484338 0.270628 0.0384716 0.151518 0.29383 0.0978522 0.0912772 0.108423 0.0833384 0.0884264 0.139567 0.0791672
threshold=0.17181472480297091 0.013618676923215391 1.0000000180025095e-35 0.16023169457912448 0.24807692319154742 0.24423076957464221 0.0058139534667134294 0.0058365758741274485 0.0058365758741274485 0.013618676923215391 0.013618676923215391 0.071428563445806517 0.048262543976306922 0.013565891422331335
decision_type=2 2 2 2 2 2 2 2 2 2 2 2 2 2
left_child=1 3 -3 4 5 10 -7 -8 -6 -10 11 -1 -13 -12
right_child=-2 2 -4 -5 8 6 7 -9 9 -11 13 12 -14 -15
leaf_value=-6.6242478655922536e-05 -0.0013717850471936886 0.0036988491828919253 -0.00020726675046786952 -0.0026019171464334552 1.8045850166482899e-05 0.0030149985898751766 0.00067165570308894856 -0.0011501147132366896 -0.00028816826850857713 -0.0021024609276003412 -0.00015222943820114614 0.00097709062848597736 0.00013853612307521417 -0.0011235156851517182
leaf_weight=1549 30 34 155 35 2370 44 109 34 699 30 502 208 1233 88
leaf_count=1549 30 34 155 35 2370 44 109 34 699 30 502 208 1233 88
internal_value=0 6.28658e-06 0.00051119 -7.61344e-06 5.98821e-06 7.03897e-05 0.000900548 0.000233529 -7.22927e-05 -0.000365608 2.67873e-05 9.11032e-05 0.00026017 -0.000298755
internal_weight=0 7090 189 6901 6866 3767 187 143 3099 729 3580 2990 1441 590
internal_count=7120 7090 189 6901 6866 3767 187 143 3099 729 3580 2990 1441 590
is_linear=0
shrinkage=0.03


Tree=276
num_leaves=15
num_cat=0
split_feature=277 41 41 43 8 234 1 16 83 16 83 83 309 57
split_gain=0.0491292 0.109817 0.0676763 0.0387859 0.0394424 0.0819519 0.103909 0.0985568 0.0953388 0.112477 0.0757184 0.068582 0.156325 0.0683803
threshold=0.0097276263404637592 0.091085299849510207 0.0755814164876938 0.056201562285423286 0.071428563445806517 1.0000000180025095e-35 0.13653846830129626 0.021235520951449875 0.040697678923606879 0.094594579190015807 0.048449620604515083 1.0000000180025095e-35 0.0058365758741274485 0.044573649764060981
decision_type=2 2 2 2 2 2 2 2 2 2 2 2 2 2
left_child=1 2 3 4 5 8 -7 -8 9 11 -6 12 -1 -9
right_child=-2 -3 -4 -5 10 6 7 13 -10 -11 -12 -13 -14 -15
leaf_value=0.0019102790994803501 -0.0011725608850247226 0.0017321464317766101 -0.0012487493844058077 0.00082070672045049899 2.102824630672488e-05 -0.0019676836490786324 0.0010777539465316505 -0.00050696632212742507 -0.00031116845982315705 0.0016751210202985418 0.00052011717024303219 2.9317656071758577e-05 -0.00060808820441659336 0.00094914837049380428
leaf_weight=53 31 32 38 51 3941 35 42 476 641 40 293 1380 37 30
leaf_count=53 31 32 38 51 3941 35 42 476 641 40 293 1380 37 30
internal_value=0 5.57078e-06 -2.50269e-06 4.42126e-06 -1.67019e-06 -9.04743e-05 -0.000405638 -0.00030247 -4.90464e-06 0.000125225 5.56807e-05 8.19411e-05 0.000879645 -0.000418934
internal_weight=0 7089 7057 7019 6968 2734 583 548 2151 1510 4234 1470 90 506
internal_count=7120 7089 7057 7019 6968 2734 583 548 2151 1510 4234 1470 90 506
is_linear=0
shrinkage=0.03


Tree=277
num_leaves=15
num_cat=0
split_feature=9 56 35 9 353 14 1 70 0 14 4 284 322 53
split_gain=0.0659558 0.0541954 0.622074 0.356629 0.0667278 0.0645666 0.12286 0.239842 0.115364 0.0551397 0.0490884 0.0485978 0.101929 0.102796
threshold=0.17181472480297091 0.0058139534667134294 0.017441860400140289 0.16023169457912448 0.56730771064758312 0.083011571317911162 0.094230771064758315 0.025193798355758194 0.10576923191547395 0.048262543976306922 0.048262543976306922 0.0097276263404637592 1.0000000180025095e-35 0.021317829377949241
decision_type=2 2 2 2 2 2 2 2 2 2 2 2 2 2
left_child=1 2 4 11 5 9 8 -8 -7 10 -1 -3 -13 -14
right_child=-2 3 -4 -5 -6 6 7 -9 -10 -11 -12 12 13 -15
leaf_value=0.00099109587208791208 -0.0013804829679429532 2.6009532150128265e-05 0.0035923329515177064 -0.0028083050026126749 -0.00098240126313092866 -0.0016382390169680796 8.9582220971351484e-05 0.0032409909445171555 0.00068720395150391955 -0.00050752850653309925 -8.9184013004491071e-05 -0.00094575796286796362 6.6428753462479089e-05 -0.0017173159057875314
leaf_weight=54 30 5793 46 40 55 32 55 35 45 171 121 145 468 30
leaf_count=54 30 5793 46 40 55 32 55 35 45 171 121 145 468 30
internal_value=0 6.31762e-06 0.00027545 -1.92379e-05 9.88088e-07 0.000108126 0.000590725 0.00133728 -0.000287827 -0.000125836 0.000247897 -1.47012e-06 -0.000248699 -4.42519e-05
internal_weight=0 7090 614 6476 568 513 167 90 77 346 175 6436 643 498
internal_count=7120 7090 614 6476 568 513 167 90 77 346 175 6436 643 498
is_linear=0
shrinkage=0.03


Tree=278
num_leaves=15
num_cat=0
split_feature=9 41 64 54 222 152 154 326 63 162 56 56 9 38
split_gain=0.0621811 0.061932 0.0363191 0.0982213 0.0815775 0.139917 0.0911328 0.0959159 0.142823 0.094597 0.0909918 0.0883654 0.0779381 0.115665
threshold=0.17181472480297091 0.079457387328147902 0.0058139534667134294 0.11821709573268892 0.0097276263404637592 1.0000000180025095e-35 0.0058365758741274485 0.0058365758741274485 0.017441860400140289 1.0000000180025095e-35 0.021317829377949241 0.013565891422331335 0.036679536104202277 0.025193798355758194
decision_type=2 2 2 2 2 2 2 2 2 2 2 2 2 2
left_child=1 2 4 -4 12 -6 7 9 -9 10 -7 -11 13 -1
right_child=-2 -3 3 -5 5 6 -8 8 -10 11 -12 -13 -14 -15
leaf_value=-0.00023371611303875443 -0.0013404044472882823 0.001091518021099507 -3.1403918283029027e-05 -0.0015827042163928616 0.0023685532053059431 -0.0002304809994231432 0.0015767319417437132 -0.00013978016921196523 0.0025299789286883814 -0.00049210357261472379 -0.002062730262010929 0.00089583054799452207 8.4909891373980713e-05 -0.0022114773225621318
leaf_weight=160 30 46 5104 36 31 116 45 37 34 63 30 116 1241 31
leaf_count=160 30 46 5104 36 31 116 45 37 34 63 30 116 1241 31
internal_value=0 6.12811e-06 -1.11383e-06 -4.25748e-05 0.000110777 0.000452363 0.000312611 0.000165351 0.00115608 -5.39674e-05 -0.000618442 0.00040732 -2.04988e-06 -0.00056456
internal_weight=0 7090 7044 5140 1904 472 441 396 71 325 146 179 1432 191
internal_count=7120 7090 7044 5140 1904 472 441 396 71 325 146 179 1432 191
is_linear=0
shrinkage=0.03


Tree=279
num_leaves=15
num_cat=0
split_feature=277 169 43 73 351 2 16 10 210 14 64 16 2 264
split_gain=0.0468046 0.080597 0.0388712 0.0412521 0.0399763 0.0969901 0.0436074 0.0371938 0.127591 0.079584 0.100033 0.0676033 0.0721887 0.0588063
threshold=0.0097276263404637592 0.056420233100652702 0.056201562285423286 0.048449620604515083 0.044230770319700248 0.43653917312622076 0.0096525095868855732 1.0000000180025095e-35 0.0097276263404637592 0.13320462405681613 0.029069767333567146 0.059845551848411567 0.26730775833129888 1.0000000180025095e-35
decision_type=2 2 2 2 2 2 2 2 2 2 2 2 2 2
left_child=1 2 3 4 5 6 -1 8 9 10 11 12 -8 -13
right_child=-2 -3 -4 -5 -6 -7 7 -9 -10 -11 -12 13 -14 -15
leaf_value=0.0008252799525660904 -0.001144495014741551 0.0015317560071426053 0.00081592409898383685 -0.0010655259948477826 0.00074995319180916765 -0.0015622888131959674 0.00049763062317132215 -2.484559449222129e-05 -0.00085420794901438059 -0.00049800894067933161 0.0023723383058583546 -0.0010309827716647353 0.0019780162054045896 0.00070093011166053737
leaf_weight=56 31 30 51 32 62 35 111 6449 71 53 30 37 40 32
leaf_count=56 31 30 51 32 62 35 111 6449 71 53 30 37 40 32
internal_value=0 5.4267e-06 -1.27608e-06 -7.33873e-06 -2.33264e-06 -9.1861e-06 -1.05806e-06 -7.9602e-06 0.00028249 0.000550778 0.00077422 0.000546546 0.000900219 -0.000229238
internal_weight=0 7089 7059 7008 6976 6914 6879 6823 374 303 250 220 151 69
internal_count=7120 7089 7059 7008 6976 6914 6879 6823 374 303 250 220 151 69
is_linear=0
shrinkage=0.03


Tree=280
num_leaves=15
num_cat=0
split_feature=9 41 353 293 132 1 10 18 349 326 39 169 253 55
split_gain=0.0621015 0.0593026 0.0353086 0.0389935 0.0725198 0.152039 0.176925 0.0812337 0.0703995 0.186701 0.0805318 0.070827 0.0709182 0.0632259
threshold=0.17181472480297091 0.079457387328147902 0.63269230723381054 1.0000000180025095e-35 0.0058365758741274485 0.30576944351196295 0.017374516930431131 0.10617758706212045 0.0096153847407549637 0.0058365758741274485 0.013565891422331335 0.017509727273136381 0.013618676923215391 0.017441860400140289
decision_type=2 2 2 2 2 2 2 2 2 2 2 2 2 2
left_child=1 2 3 8 13 6 7 -6 11 10 -10 12 -1 -5
right_child=-2 -3 -4 4 5 -7 -8 -9 9 -11 -12 -13 -14 -15
leaf_value=5.9722605870011084e-05 -0.0013395473679467555 0.00106822246467655 -0.00095144961488300122 -6.4399419516030521e-05 -0.000303082145773707 -0.0023719217832309796 0.0017534266599853123 -0.0018003275454975664 -0.00098866903417122874 0.0028175109261346439 0.00092463797633007003 0.0010840573105961085 -0.0013854897234048093 0.00024386059311413933
leaf_weight=2150 30 46 34 3607 235 33 34 37 35 30 43 59 30 717
leaf_count=2150 30 46 34 3607 235 33 34 37 35 30 43 59 30 717
internal_value=0 6.12335e-06 -9.63204e-07 3.78191e-06 -4.64143e-05 -0.00046828 -0.000255928 -0.0005126 0.000103489 0.000848026 6.44555e-05 6.72128e-05 3.92082e-05 -1.32396e-05
internal_weight=0 7090 7044 7010 4663 339 306 272 2347 108 78 2239 2180 4324
internal_count=7120 7090 7044 7010 4663 339 306 272 2347 108 78 2239 2180 4324
is_linear=0
shrinkage=0.03


Tree=281
num_leaves=15
num_cat=0
split_feature=277 41 41 249 269 244 44 14 11 78 0 248 69 245
split_gain=0.0461233 0.110331 0.0664081 0.0384782 0.0889811 0.0704407 0.061388 0.0848509 0.0557369 0.0520565 0.0427787 0.142828 0.106462 0.0913339
threshold=0.0097276263404637592 0.091085299849510207 0.0755814164876938 0.013618676923215391 1.0000000180025095e-35 0.017509727273136381 1.0000000180025095e-35 0.13320462405681613 0.071428563445806517 0.036821708083152778 0.33269262313842779 0.0097276263404637592 0.025193798355758194 0.0058365758741274485
decision_type=2 2 2 2 2 2 2 2 2 2 2 2 2 2
left_child=1 2 3 5 -5 10 8 9 -6 -8 12 13 -1 -12
right_child=-2 -3 -4 4 6 -7 7 -9 -10 -11 11 -13 -14 -15
leaf_value=-1.002077394452739e-05 -0.0011361408644006588 0.0017359961179847067 -0.0012372251125410772 0.0014895026238809805 0.00014394140617481795 -0.00068789154108112168 0.00033339720924684243 -0.00092343676602467894 -0.0010030272278548982 0.001337157047405526 0.00031568513852502051 0.0022199122888559939 -0.0015081463573327243 -0.0010366327505415449
leaf_weight=5953 31 32 38 47 88 136 174 37 66 63 331 31 42 51
leaf_count=5953 31 32 38 47 88 136 174 37 66 63 331 31 42 51
internal_value=0 5.38177e-06 -2.71055e-06 4.14825e-06 0.000264572 -1.47923e-05 0.0001269 0.000395753 -0.000350916 0.000604717 -4.01658e-07 0.00029454 -2.07662e-05 0.000132905
internal_weight=0 7089 7057 7019 475 6544 428 274 154 237 6408 413 5995 382
internal_count=7120 7089 7057 7019 475 6544 428 274 154 237 6408 413 5995 382
is_linear=0
shrinkage=0.03


Tree=282
num_leaves=15
num_cat=0
split_feature=9 41 82 41 28 315 286 286 8 23 320 207 354 25
split_gain=0.0631266 0.0589057 0.0356751 0.117628 0.162869 0.0465969 0.165144 0.0823048 0.051277 0.0868475 0.0509775 0.0536723 0.066154 0.233104
threshold=0.17181472480297091 0.079457387328147902 1.0000000180025095e-35 0.0096899224445223826 0.017441860400140289 0.036964979022741325 0.02918287925422192 0.025291828438639644 0.017374516930431131 0.048449620604515083 0.017509727273136381 0.0058365758741274485 0.57884615659713756 0.0058139534667134294
decision_type=2 2 2 2 2 2 2 2 2 2 2 2 2 2
left_child=1 2 3 -1 -5 6 7 8 9 -4 11 -10 -13 -14
right_child=-2 -3 5 4 -6 -7 -8 -9 10 -11 -12 12 13 -15
leaf_value=0.0018612502085474821 -0.0013505802453765944 0.0010646902737604016 -0.001964696313079912 -0.0015199616335524733 0.00047267207651577125 -0.00097654651415844749 0.0018239506711887025 -0.0014505791966803372 7.3705382972279865e-05 0.00022270608727601081 0.00045934953612310848 -7.7283931307129883e-05 -0.002754198004038551 0.0002256002965309149
leaf_weight=38 30 46 31 45 186 44 43 35 2988 33 206 3294 36 65
leaf_count=38 30 46 31 45 186 44 43 35 2988 33 206 3294 36 65
internal_value=0 6.15079e-06 -9.12023e-07 0.00033726 7.96183e-05 -1.43869e-05 -7.95318e-06 -2.00022e-05 -1.22594e-05 -0.000850743 -3.98718e-06 -1.90102e-05 -0.000100608 -0.000853095
internal_weight=0 7090 7044 269 231 6775 6731 6688 6653 64 6589 6383 3395 101
internal_count=7120 7090 7044 269 231 6775 6731 6688 6653 64 6589 6383 3395 101
is_linear=0
shrinkage=0.03


Tree=283
num_leaves=15
num_cat=0
split_feature=179 56 41 41 78 206 201 7 353 130 63 63 215 274
split_gain=0.0412036 0.0765967 0.769229 0.754757 0.0764721 0.0786802 0.0572914 0.0592001 0.0911915 0.112491 0.0552693 0.0965758 0.119618 0.0506627
threshold=0.017509727273136381 0.0058139534667134294 0.052325591444969184 0.085271343588829054 0.052325591444969184 0.017509727273136381 0.0058365758741274485 0.040540538728237159 0.51346153020858776 1.0000000180025095e-35 0.056201562285423286 0.048449620604515083 0.013618676923215391 0.0097276263404637592
decision_type=2 2 2 2 2 2 2 2 2 2 2 2 2 2
left_child=1 2 4 10 5 6 7 -1 9 -9 11 12 13 -3
right_child=-2 3 -4 -5 -6 -7 -8 8 -10 -11 -12 -13 -14 -15
leaf_value=0.0010659036634024233 -0.00082532074121344418 3.0701610865056892e-05 0.0043494624106097035 -0.0044817860073903025 0.0012774567472349319 0.001244556344094095 -0.00046476224908679505 0.0016355417885351926 -0.0013199931538448008 -0.00023723864780130006 -0.0010251986529638477 0.0012706634257402686 -0.0015112664085872314 -0.00030963371388270173
leaf_weight=52 53 5860 39 33 41 38 256 39 40 103 46 53 46 421
leaf_count=52 53 5860 39 33 41 38 256 39 40 103 46 53 46 421
internal_value=0 6.52879e-06 0.000328157 -2.37929e-05 4.53842e-05 -5.25221e-05 -0.000155442 0.000183498 -7.30648e-05 0.000284957 -2.05589e-07 7.34415e-06 -3.43755e-06 7.84411e-06
internal_weight=0 7067 608 6459 569 528 490 234 182 142 6426 6380 6327 6281
internal_count=7120 7067 608 6459 569 528 490 234 182 142 6426 6380 6327 6281
is_linear=0
shrinkage=0.03


Tree=284
num_leaves=15
num_cat=0
split_feature=9 55 9 9 12 251 343 329 120 220 354 4 75 2
split_gain=0.0539303 0.0532045 0.369841 0.0922373 0.0883492 0.0840697 0.135853 0.0742405 0.0657879 0.0797945 0.113028 0.118992 0.0912212 0.0901061
threshold=0.17181472480297091 0.0058139534667134294 0.156370684504509 0.15250967442989352 0.16023169457912448 0.0097276263404637592 0.005769230774603785 0.0058365758741274485 1.0000000180025095e-35 0.0097276263404637592 0.56346154212951671 0.10231658443808557 0.017441860400140289 0.25192308425903326
decision_type=2 2 2 2 2 2 2 2 2 2 2 2 2 2
left_child=1 2 5 4 -3 8 7 -7 -1 10 11 -10 -13 -11
right_child=-2 3 -4 -5 -6 6 -8 -9 9 13 -12 12 -14 -15
leaf_value=-0.00038419035944920881 -0.0012483423861164237 -1.7932763140273292e-05 0.0030799055586593518 -0.0014077430506321518 -0.0014158802343214431 0.00065336558238526896 0.0024379716969269794 -0.00073093269707422462 0.00030398444465533581 -0.0018371067430052789 0.0019750417131845924 -0.0018092486162980396 0.00024326806971969615 -0.00013814024383635877
leaf_weight=311 30 5348 37 43 40 144 31 45 718 31 32 44 34 232
leaf_count=311 30 5348 37 43 40 144 31 45 718 31 32 44 34 232
internal_value=0 5.67626e-06 0.000154316 -3.97486e-05 -2.85718e-05 8.57228e-05 0.000629548 0.000321658 -1.49522e-09 0.000109767 0.00025433 0.000182764 -0.000922808 -0.000344599
internal_weight=0 7090 1659 5431 5388 1622 220 189 1402 1091 828 796 78 263
internal_count=7120 7090 1659 5431 5388 1622 220 189 1402 1091 828 796 78 263
is_linear=0
shrinkage=0.03


Tree=285
num_leaves=15
num_cat=0
split_feature=9 41 306 63 5 5 354 78 78 353 64 354 33 271
split_gain=0.0508442 0.0580595 0.0354507 0.0810165 0.120255 0.0683199 0.0698348 0.0610518 0.060937 0.0800827 0.052528 0.11525 0.0671346 0.117712
threshold=0.17181472480297091 0.079457387328147902 0.02918287925422192 0.060077533125877387 0.0057915056822821507 0.0096525095868855732 0.6826922893524171 0.079457387328147902 0.052325591444969184 0.42499999701976782 0.0058139534667134294 0.63653844594955455 1.0000000180025095e-35 0.0097276263404637592
decision_type=2 2 2 2 2 2 2 2 2 2 2 2 2 2
left_child=1 2 3 4 -1 -6 7 8 10 -10 12 -12 13 -7
right_child=-2 -3 -4 -5 5 6 -8 -9 9 -11 11 -13 -14 -15
leaf_value=0.0017294667699995138 -0.0012121001075232221 0.0010564181201675154 0.00058678644033824346 -0.0011355756925369956 -0.0012610216534589059 0.00028052249360321593 0.0012640397659001443 -0.0012081904894684586 0.0019798422737221698 9.0556631590256337e-05 -5.2030105612026348e-05 -0.0017798397190469716 7.1580328852510113e-05 0.002353315405853209
leaf_weight=35 30 46 90 56 38 109 38 37 31 55 4794 34 1696 31
leaf_count=35 30 46 90 56 38 109 38 37 31 55 4794 34 1696 31
internal_value=0 5.51e-06 -1.5018e-06 -9.19882e-06 1.08716e-07 -8.96136e-06 -1.80646e-06 -9.07903e-06 -2.32813e-06 0.000786507 -1.26247e-05 -6.45638e-05 0.000123917 0.000752933
internal_weight=0 7090 7044 6954 6898 6863 6825 6787 6750 86 6664 4828 1836 140
internal_count=7120 7090 7044 6954 6898 6863 6825 6787 6750 86 6664 4828 1836 140
is_linear=0
shrinkage=0.03


Tree=286
num_leaves=15
num_cat=0
split_feature=9 41 101 50 4 316 354 40 13 79 242 0 14 152
split_gain=0.0479357 0.0546986 0.0354373 0.0476494 0.145505 0.0581152 0.122673 0.0512372 0.17524 0.0772601 0.0776081 0.0925332 0.146807 0.0752828
threshold=0.17181472480297091 0.079457387328147902 0.11478599160909654 1.0000000180025095e-35 0.071428563445806517 0.071984432637691512 0.6826922893524171 0.0096899224445223826 0.021235520951449875 0.013565891422331335 0.0097276263404637592 0.10576923191547395 0.12548260390758517 0.0058365758741274485
decision_type=2 2 2 2 2 2 2 2 2 2 2 2 2 2
left_child=1 2 3 4 -1 6 7 9 -9 -5 13 -12 -13 -11
right_child=-2 -3 -4 5 -6 -7 -8 8 -10 10 11 12 -14 -15
leaf_value=-0.00061978902653208928 -0.0011769101994052048 0.0010253997745012192 -0.00061394641859806147 -0.00101445337992137 0.0022484450612682847 -0.0012037600039426857 0.0016211158609283822 0.0022792369627953326 1.7585063609008843e-05 -0.00058924790333486838 -0.00083641418103812899 0.00026002028402504753 0.0024486716540360991 3.3340678005085664e-05
leaf_weight=31 30 46 83 94 31 35 41 30 5751 350 48 170 32 348
leaf_count=31 30 46 83 94 31 35 41 30 5751 350 48 170 32 348
internal_value=0 5.36152e-06 -1.44432e-06 5.94603e-06 0.000827254 -1.55373e-06 4.75086e-06 -5.19816e-06 2.97139e-05 -0.000198732 -0.000116865 0.000335798 0.000617092 -0.000279242
internal_weight=0 7090 7044 6961 62 6899 6864 6823 5781 1042 948 250 202 698
internal_count=7120 7090 7044 6961 62 6899 6864 6823 5781 1042 948 250 202 698
is_linear=0
shrinkage=0.03


Tree=287
num_leaves=15
num_cat=0
split_feature=9 210 342 169 29 201 284 293 8 1 1 68 4 163
split_gain=0.045194 0.0516531 0.467613 0.25836 0.232659 0.333974 0.0404178 0.0406532 0.0633017 0.0805994 0.101066 0.0609055 0.0562386 0.0551813
threshold=0.17181472480297091 0.013618676923215391 0.005769230774603785 0.033073929138481624 0.025193798355758194 0.0097276263404637592 0.021400777623057369 1.0000000180025095e-35 0.032818533480167396 0.12884616106748584 0.14423077553510669 0.025193798355758194 0.083011571317911162 0.0058365758741274485
decision_type=2 2 2 2 2 2 2 2 2 2 2 2 2 2
left_child=1 3 4 6 5 -3 7 13 -9 -10 -11 -12 -13 -1
right_child=-2 2 -4 -5 -6 -7 -8 8 9 10 11 12 -14 -15
leaf_value=0.00020791628807358259 -0.0011427417776036645 0.0001120532015299299 0.0035198420117533687 -0.0020561410333453257 0.0019572777605293703 -0.0034256778191775082 -0.0010725561799781937 -0.0012736740710868222 0.0012963957105558818 -0.0015804001775043279 -4.1873668516083776e-05 0.001790117149301354 0.00017198873297223505 -0.00013116407251893375
leaf_weight=1636 30 88 36 54 33 32 30 36 40 37 4400 30 52 586
leaf_count=1636 30 88 36 54 33 32 30 36 40 37 4400 30 52 586
internal_value=0 5.22207e-06 0.000493195 -8.21171e-06 -0.00023719 -0.000851856 8.23752e-06 1.31504e-05 -3.7795e-05 -2.77588e-05 -3.97638e-05 -2.66957e-05 0.000778422 0.000118473
internal_weight=0 7090 189 6901 153 120 6847 6817 4595 4559 4519 4482 82 2222
internal_count=7120 7090 189 6901 153 120 6847 6817 4595 4559 4519 4482 82 2222
is_linear=0
shrinkage=0.03


Tree=288
num_leaves=15
num_cat=0
split_feature=2 20 2 210 169 18 18 105 24 69 220 81 71 211
split_gain=0.0456514 0.168611 0.139905 1.13663 0.608503 0.0510441 0.0579293 0.0979485 0.0511321 0.050396 0.0660962 0.0559461 0.101278 0.116504
threshold=0.14038462191820147 0.017441860400140289 0.15576923638582232 0.0097276263404637592 0.0408560298383236 0.044401541352272041 0.048262543976306922 0.0058365758741274485 0.12984500825405124 0.025193798355758194 0.099221788346767439 0.0096899224445223826 0.040697678923606879 0.013618676923215391
decision_type=2 2 2 2 2 2 2 2 2 2 2 2 2 2
left_child=1 -1 3 -2 5 -4 7 -7 9 10 11 -8 -13 -14
right_child=2 -3 4 -5 -6 6 8 -9 -10 -11 -12 12 13 -15
leaf_value=0.002116142960381694 0.00045165521010725258 -0.00052513454145810103 -0.0012068505303614073 -0.0057478781954234679 0.0034137610504601863 -0.00029396478801832666 0.00013514353287459664 0.0019438434139980626 -0.00082725709286498141 -0.00092777403124239086 0.0011873292962887457 -4.274287348942822e-05 -0.0023222931373962446 -2.6083760326955375e-06
leaf_weight=39 122 47 31 33 46 34 1814 35 68 52 41 4681 37 40
leaf_count=39 122 47 31 33 46 34 1814 35 68 52 41 4681 37 40
internal_value=0 0.00068321 -8.23493e-06 -0.00089663 1.19101e-05 -1.14875e-05 -5.86301e-06 0.000852709 -1.4787e-05 -6.37487e-06 1.00954e-06 -6.57093e-06 -6.0617e-05 -0.00113274
internal_weight=0 86 7034 155 6879 6833 6802 69 6733 6665 6613 6572 4758 77
internal_count=7120 86 7034 155 6879 6833 6802 69 6733 6665 6613 6572 4758 77
is_linear=0
shrinkage=0.03


Tree=289
num_leaves=15
num_cat=0
split_feature=2 2 346 169 49 5 108 36 5 69 77 13 12 254
split_gain=0.043026 0.131942 1.10093 0.573295 0.127802 0.047887 0.0675509 0.0620267 0.0600539 0.0493532 0.0539609 0.0783432 0.0872929 0.267598
threshold=0.14038462191820147 0.15576923638582232 1.0000000180025095e-35 0.0408560298383236 0.017441860400140289 0.156370684504509 0.0058365758741274485 0.017441860400140289 0.071428563445806517 0.025193798355758194 0.013565891422331335 0.021235520951449875 0.098455581814050688 1.0000000180025095e-35
decision_type=2 2 2 2 2 2 2 2 2 2 2 2 2 2
left_child=4 2 -2 5 -1 6 9 -7 -8 10 -3 -12 -13 -14
right_child=1 3 -4 -5 -6 7 8 -9 -10 -11 11 12 13 -15
leaf_value=-0.0002101375764946819 0.00045610244912961382 0.00012635162152550681 -0.0056452215554685711 0.0033135270725618651 0.002170984931581188 -0.00022057443080734836 -0.00010744519034145219 -0.0017456741047452294 0.0016465755182850574 -0.00085902954234176728 0.0013752091426731032 -4.9177453305853561e-05 -0.0029438103261820382 0.00015145463405642659
leaf_weight=55 122 2039 33 46 31 108 30 30 41 60 33 4381 37 74
leaf_count=55 122 2039 33 46 31 108 30 30 41 60 33 4381 37 74
internal_value=0 -8.00597e-06 -0.00087075 1.15574e-05 0.000663262 -1.11532e-05 2.89381e-07 -0.000562291 0.000914241 -9.64342e-06 -1.74971e-06 -5.94883e-05 -7.03319e-05 -0.000897372
internal_weight=0 7034 155 6879 86 6833 6695 138 71 6624 6564 4525 4492 111
internal_count=7120 7034 155 6879 86 6833 6695 138 71 6624 6564 4525 4492 111
is_linear=0
shrinkage=0.03


Tree=290
num_leaves=15
num_cat=0
split_feature=15 169 18 168 31 73 15 35 297 41 57 30 56 96
split_gain=0.0407942 0.307917 0.102967 0.0866071 0.0783311 0.0784347 0.0668406 0.0799784 0.0619402 0.399463 0.218133 0.0821161 0.0574477 0.0583023
threshold=0.032818533480167396 0.033073929138481624 0.048262543976306922 0.017509727273136381 0.0096899224445223826 0.0096899224445223826 0.036679536104202277 0.017441860400140289 0.017509727273136381 0.067829474806785597 0.025193798355758194 0.025193798355758194 0.025193798355758194 1.0000000180025095e-35
decision_type=2 2 2 2 2 2 2 2 2 2 2 2 2 2
left_child=1 3 -2 4 -1 -6 7 12 9 -8 11 -10 13 -4
right_child=2 -3 6 -5 5 -7 8 -9 10 -11 -12 -13 -14 -15
leaf_value=4.786241421085003e-05 0.0013111431800590996 -0.0029797817800593161 0.00088000376997004462 0.0012442568855892335 -4.6166412460634757e-05 -0.0018930029998625475 -1.5215083515812988e-05 0.0017845140137554456 0.00049685207343468075 0.0031988451245145238 -0.0028104066436935682 -0.0011087993183714704 -0.00075892190755594789 -0.00017071803986954575
leaf_weight=275 54 34 122 41 40 42 6168 35 85 34 31 42 40 77
leaf_count=275 54 34 122 41 40 42 6168 35 85 34 31 42 40 77
internal_value=0 -0.000282022 1.84452e-05 -4.46695e-05 -0.00019576 -0.00100352 7.72672e-06 0.000465641 -1.20711e-05 2.91758e-06 -0.000596743 -3.86648e-05 0.000265869 0.000474622
internal_weight=0 432 6688 398 357 82 6634 274 6360 6202 158 127 239 199
internal_count=7120 432 6688 398 357 82 6634 274 6360 6202 158 127 239 199
is_linear=0
shrinkage=0.03


Tree=291
num_leaves=15
num_cat=0
split_feature=9 221 83 169 37 322 55 260 353 182 65 166 161 65
split_gain=0.0533455 0.0503154 0.378402 0.224472 0.212363 0.0471436 0.0660085 0.0573794 0.0470099 0.0450525 0.0560185 0.0431227 0.0434998 0.0733119
threshold=0.17181472480297091 0.0097276263404637592 0.044573649764060981 0.033073929138481624 0.032945737242698676 1.0000000180025095e-35 0.0096899224445223826 1.0000000180025095e-35 0.49423076212406164 0.0058365758741274485 0.017441860400140289 0.021400777623057369 0.0097276263404637592 0.0096899224445223826
decision_type=2 2 2 2 2 2 2 2 2 2 2 2 2 2
left_child=1 3 5 9 -5 8 -7 -8 -3 11 -11 12 -1 -14
right_child=-2 2 -4 4 -6 6 7 -9 -10 10 -12 -13 13 -15
leaf_value=-6.3699482662856552e-06 -0.0012416043363872075 -0.001377180808102077 0.0032812890237463371 -3.3130557313861865e-05 -0.003574905994633633 -4.1860175446648402e-05 0.0010438477579923346 9.6413818460455836e-05 -0.00010423291100126756 -0.00092522037564776835 0.00051203674266368825 -0.00054248049583596487 0.00094980068865191673 8.9323861315982741e-05
leaf_weight=5485 30 32 34 30 30 359 124 107 126 95 32 125 114 397
leaf_count=5485 30 32 34 30 30 359 124 107 126 95 32 125 114 397
internal_value=0 5.59743e-06 0.00023242 -2.2554e-05 -0.00183359 8.96388e-05 0.0002129 0.0006073 -0.000369085 -4.87183e-06 -0.000561906 6.77555e-06 1.83146e-05 0.000282769
internal_weight=0 7090 782 6308 60 748 590 231 158 6248 127 6121 5996 511
internal_count=7120 7090 782 6308 60 748 590 231 158 6248 127 6121 5996 511
is_linear=0
shrinkage=0.03


Tree=292
num_leaves=15
num_cat=0
split_feature=9 55 9 169 1 322 120 334 80 232 12 285 1 62
split_gain=0.0502923 0.0488341 0.326094 0.221539 0.139106 0.206399 0.0844286 0.121253 0.167563 0.162609 0.0836393 0.0796361 0.0650227 0.060733
threshold=0.17181472480297091 0.0058139534667134294 0.156370684504509 0.033073929138481624 0.13653846830129626 0.079766534268856062 1.0000000180025095e-35 0.0097276263404637592 0.021317829377949241 0.0058365758741274485 0.16023169457912448 0.0058365758741274485 0.31346178054809576 0.036821708083152778
decision_type=2 2 2 2 2 2 2 2 2 2 2 2 2 2
left_child=1 2 4 10 -1 6 -6 -8 9 11 -3 -9 13 -11
right_child=-2 3 -4 -5 5 -7 7 8 -10 12 -12 -13 -14 -15
leaf_value=-0.0018445630210705778 -0.0012055576869076296 -1.2326300997442137e-05 0.0028949477842022467 -0.0024171727122905265 -0.00034464131904325619 0.0025473308787050267 6.0955015814215587e-05 -0.0017834506044539465 0.0027585251713836832 0.0027180528513816816 -0.0013724903803227879 0.00034082979997037907 5.0616088443465765e-05 0.00089195588952861726
leaf_weight=32 30 5357 37 34 337 30 1029 31 34 30 40 31 30 38
leaf_count=32 30 5357 37 34 337 30 1029 31 34 30 40 31 30 38
internal_value=0 5.42683e-06 0.000147831 -3.80923e-05 8.34203e-05 0.000123357 7.51406e-05 0.000190999 0.000876921 0.00046243 -2.26596e-05 -0.00073276 0.00121833 0.0017253
internal_weight=0 7090 1659 5431 1622 1590 1560 1223 194 160 5397 62 98 68
internal_count=7120 7090 1659 5431 1622 1590 1560 1223 194 160 5397 62 98 68
is_linear=0
shrinkage=0.03


Tree=293
num_leaves=15
num_cat=0
split_feature=9 41 222 154 264 222 133 331 102 249 31 54 30 28
split_gain=0.0474156 0.0548532 0.0352367 0.0781669 0.0775163 0.0762292 0.167557 0.158271 0.111916 0.0949993 0.0700314 0.0600234 0.0544734 0.0536836
threshold=0.17181472480297091 0.079457387328147902 0.017509727273136381 0.0058365758741274485 0.0058365758741274485 0.013618676923215391 0.0058365758741274485 0.013618676923215391 1.0000000180025095e-35 0.0058365758741274485 0.0058139534667134294 0.11434112489223482 0.048449620604515083 0.094961270689964308
decision_type=2 2 2 2 2 2 2 2 2 2 2 2 2 2
left_child=1 2 5 4 -4 11 7 9 -8 10 -7 12 13 -1
right_child=-2 -3 3 -5 -6 6 8 -9 -10 -11 -12 -13 -14 -15
leaf_value=-2.2413995752351817e-05 -0.0011705575955490912 0.0010267616511183851 -0.00027884193668724035 0.00049554412020370365 -0.0015357435557770689 -0.0015485908702248708 0.0030890253419056535 0.0022128241175889867 0.00062367214282092298 0.0010829270901158451 -7.1183063522791451e-05 -0.0011316553825447553 0.00099979024806088994 0.0010175906753477949
leaf_weight=6089 30 46 199 83 56 31 30 30 37 59 297 42 47 44
leaf_count=6089 30 46 199 83 56 31 30 30 37 59 297 42 47 44
internal_value=0 5.28302e-06 -1.53242e-06 -0.000299941 -0.000559788 1.35506e-05 0.000375804 0.000150253 0.00175675 -1.49274e-05 -0.000215099 -1.46844e-05 -6.91146e-06 -1.4788e-05
internal_weight=0 7090 7044 338 255 6706 484 417 67 387 328 6222 6180 6133
internal_count=7120 7090 7044 338 255 6706 484 417 67 387 328 6222 6180 6133
is_linear=0
shrinkage=0.03


Tree=294
num_leaves=15
num_cat=0
split_feature=9 221 354 9 322 9 120 63 72 321 168 15 354 43
split_gain=0.044704 0.0464358 0.362486 0.21439 0.0542504 0.0466486 0.0498182 0.0829104 0.0658398 0.0452271 0.043335 0.0423178 0.162548 0.067059
threshold=0.17181472480297091 0.0097276263404637592 0.44038461148738867 0.16023169457912448 1.0000000180025095e-35 0.12162159755825998 0.0058365758741274485 0.029069767333567146 0.013565891422331335 1.0000000180025095e-35 0.0097276263404637592 0.032818533480167396 0.41346153616905218 0.017441860400140289
decision_type=2 2 2 2 2 2 2 2 2 2 2 2 2 2
left_child=1 3 -3 11 -4 6 7 8 9 -6 -10 12 -1 -14
right_child=-2 2 4 -5 5 -7 -8 -9 10 -11 -12 -13 13 -15
leaf_value=-0.0023013591751805504 -0.0011365737838129842 0.0033501130595141146 -0.00039683412918950321 -0.0022112291320293023 0.00027715954502202466 -0.00075431018170514486 5.0865024898721629e-05 0.0020746460456341027 0.00039358169047145882 -0.0010908427165310468 0.001656265533529222 1.0736303868752514e-05 -0.00075725393533833656 0.00019068722419455229
leaf_weight=33 30 31 161 39 72 40 318 30 57 30 43 5930 98 208
leaf_count=33 30 31 161 39 72 40 318 30 57 30 43 5930 98 208
internal_value=0 5.14974e-06 0.000223052 -2.18946e-05 8.96889e-05 0.000222899 0.000295209 0.000628472 0.000404532 -0.000131878 0.000947559 -7.92404e-06 -0.000333414 -0.00011438
internal_weight=0 7090 782 6308 751 590 550 232 202 102 100 6269 339 306
internal_count=7120 7090 782 6308 751 590 550 232 202 102 100 6269 339 306
is_linear=0
shrinkage=0.03


Tree=295
num_leaves=15
num_cat=0
split_feature=277 169 4 64 6 28 12 65 62 102 21 164 125 6
split_gain=0.0459254 0.0863066 0.0341709 0.0370688 0.106807 0.0756983 0.0927052 0.134285 0.0890343 0.0744252 0.0697423 0.0655695 0.0982869 0.0949854
threshold=0.0097276263404637592 0.056420233100652702 0.16795371472835544 0.0058139534667134294 0.15250967442989352 0.094961270689964308 0.098455581814050688 0.0096899224445223826 0.025193798355758194 0.013618676923215391 0.017441860400140289 0.0058365758741274485 0.0097276263404637592 0.094594579190015807
decision_type=2 2 2 2 2 2 2 2 2 2 2 2 2 2
left_child=1 2 3 5 9 6 -1 -8 -7 11 -11 12 -5 -13
right_child=-2 -3 -4 4 -6 8 7 -9 -10 10 -12 13 -14 -15
leaf_value=0.00011695474775168886 -0.0011337804951472208 0.0015847584400926866 0.00082240710838171554 -8.3137785194519945e-05 -0.0018045854488868386 0.0022040184269743889 0.00015569833899907608 -0.0022874793992377815 -5.2423833328629689e-05 0.00019122249671839941 0.0013183796358423243 1.3813934438579379e-05 -0.00060899001856106751 0.00079217172963913843
leaf_weight=1759 31 30 44 3160 30 32 46 35 30 337 57 1011 355 163
leaf_count=1759 31 30 44 3160 30 32 46 35 30 337 57 1011 355 163
internal_value=0 5.29001e-06 -1.64608e-06 -6.93125e-06 -4.89922e-05 0.000106104 7.10532e-05 -0.000915018 0.00112869 -3.82777e-05 0.000357213 -7.15785e-05 -0.000136405 0.000122465
internal_weight=0 7089 7059 7015 5113 1902 1840 81 62 5083 394 4689 3515 1174
internal_count=7120 7089 7059 7015 5113 1902 1840 81 62 5083 394 4689 3515 1174
is_linear=0
shrinkage=0.03


Tree=296
num_leaves=15
num_cat=0
split_feature=9 41 0 9 0 17 5 17 1 26 50 17 248 5
split_gain=0.0452511 0.0523755 0.0329562 0.109023 0.0805096 0.0879953 0.149926 0.131251 0.0828858 0.0793674 0.0738462 0.0661657 0.209096 0.122373
threshold=0.17181472480297091 0.079457387328147902 0.25192308425903326 0.12934361398220065 0.21730769425630572 0.025096525438129905 0.032818533480167396 0.032818533480167396 0.20576923340559009 0.0096899224445223826 0.025193798355758194 0.032818533480167396 0.0097276263404637592 0.052123546600341804
decision_type=2 2 2 2 2 2 2 2 2 2 2 2 2 2
left_child=1 2 4 10 -1 6 -6 8 -7 -9 -4 12 13 -12
right_child=-2 -3 3 -5 5 7 -8 9 -10 -11 11 -13 -14 -15
leaf_value=-6.4754691033311353e-05 -0.0011435164835664534 0.0010033140340980954 6.6519324726106686e-05 -0.0014668112413259223 0.0028062130787199543 -0.0022873868997539243 5.4364014812203686e-05 0.00013356558228037356 -0.00012313218064852714 0.00076257745048793554 0.0012926475475978805 -0.00034030343346010404 0.0020831116573588756 -0.00085051740683411486
leaf_weight=2283 30 46 1778 49 30 30 42 1467 33 205 31 958 43 95
leaf_count=2283 30 46 1778 49 30 30 42 1467 33 205 31 958 43 95
internal_value=0 5.17195e-06 -1.48778e-06 -7.7828e-05 5.36544e-05 0.000203208 0.0012237 0.000160178 -0.00117337 0.000211097 -5.39027e-05 -0.000243776 0.000302188 -0.000317204
internal_weight=0 7090 7044 2954 4090 1807 72 1735 63 1672 2905 1127 169 126
internal_count=7120 7090 7044 2954 4090 1807 72 1735 63 1672 2905 1127 169 126
is_linear=0
shrinkage=0.03


Tree=297
num_leaves=15
num_cat=0
split_feature=2 20 2 210 138 1 10 132 18 5 36 3 206 69
split_gain=0.0423961 0.157591 0.123297 1.07107 0.180237 0.882884 0.0667866 0.045566 0.0448933 0.0445579 0.0594651 0.0461372 0.0591922 0.0456318
threshold=0.14038462191820147 0.017441860400140289 0.15576923638582232 0.0097276263404637592 0.0058365758741274485 0.29807710647583013 0.025096525438129905 0.0097276263404637592 0.044401541352272041 0.156370684504509 0.017441860400140289 0.16346154361963275 0.013618676923215391 0.025193798355758194
decision_type=2 2 2 2 2 2 2 2 2 2 2 2 2 2
left_child=1 -1 3 7 8 6 -6 -2 -4 11 -11 12 -10 -13
right_child=2 -3 4 -5 5 -7 -8 -9 9 10 -12 13 -14 -15
leaf_value=0.002043698335852241 0.00082446212150428567 -0.00050978332692466213 -0.0010404392671281176 -0.0055512743340531256 -0.000709471863519866 0.0053748911119658842 0.00073915724553997903 -0.00045658214064314961 0.0011300755961801278 -0.00020343105333543238 -0.001696516108068247 -7.476009912929322e-07 -3.0032263036213578e-05 -0.00093897520091404461
leaf_weight=39 88 47 37 33 75 32 45 34 73 108 30 6348 85 46
leaf_count=39 88 47 37 33 75 32 45 34 73 108 30 6348 85 46
internal_value=0 0.000658372 -7.96475e-06 -0.000841965 1.09469e-05 0.0010291 -0.000164617 0.00046664 -1.22084e-05 -6.36699e-06 -0.000537885 4.90836e-06 0.000509703 -7.64321e-06
internal_weight=0 86 7034 155 6879 152 120 122 6727 6690 138 6552 158 6394
internal_count=7120 86 7034 155 6879 152 120 122 6727 6690 138 6552 158 6394
is_linear=0
shrinkage=0.03


Tree=298
num_leaves=15
num_cat=0
split_feature=2 20 2 168 169 304 5 108 292 5 69 77 95 19
split_gain=0.0399572 0.148499 0.116293 1.05501 0.547404 0.041729 0.041101 0.0584468 0.0560735 0.0528289 0.0422262 0.0505389 0.0726302 0.0655253
threshold=0.14038462191820147 0.017441860400140289 0.15576923638582232 0.0097276263404637592 0.0408560298383236 0.0058365758741274485 0.156370684504509 0.0058365758741274485 1.0000000180025095e-35 0.071428563445806517 0.025193798355758194 0.013565891422331335 0.013618676923215391 0.17181472480297091
decision_type=2 2 2 2 2 2 2 2 2 2 2 2 2 2
left_child=1 -1 3 5 6 -2 7 10 -8 -9 11 13 -13 -4
right_child=2 -3 4 -5 -6 -7 8 9 -10 -11 -12 12 -14 -15
leaf_value=0.0019839201451395637 0.00018593785949469951 -0.00049480839527859643 0.00014767885916176988 -0.0053226639462324483 0.0032371744041905758 0.0014395682842851701 -0.00019738411823759676 -0.00010883323892842107 -0.0016472623911836454 0.0015360578485498471 -0.00079586687834158577 -4.6454542636159394e-05 -0.0012319736357691929 -0.00096292315810034995
leaf_weight=39 88 47 1991 35 46 32 108 30 30 41 60 4479 46 48
leaf_count=39 88 47 1991 35 46 32 108 30 30 41 60 4479 46 48
internal_value=0 0.000639149 -7.73672e-06 -0.000817703 1.06299e-05 0.000529374 -1.15618e-05 -9.60774e-07 -0.000522158 0.000849175 -1.01998e-05 -2.8981e-06 -5.87758e-05 0.000121075
internal_weight=0 86 7034 155 6879 120 6833 6695 138 71 6624 6564 4525 2039
internal_count=7120 86 7034 155 6879 120 6833 6695 138 71 6624 6564 4525 2039
is_linear=0
shrinkage=0.03


Tree=299
num_leaves=15
num_cat=0
split_feature=9 167 2 41 205 41 82 73 246 39 12 57 4 82
split_gain=0.0491889 0.045409 0.184366 1.67736 0.773316 0.0692189 0.059645 0.100716 0.105508 0.0709245 0.0574352 0.0861714 0.150266 0.0699181
threshold=0.17181472480297091 0.0058365758741274485 0.15576923638582232 0.067829474806785597 1.0000000180025095e-35 0.0755814164876938 1.0000000180025095e-35 0.0096899224445223826 1.0000000180025095e-35 0.0096899224445223826 0.075289566069841399 0.013565891422331335 0.059845551848411567 0.032945737242698676
decision_type=2 2 2 2 2 2 2 2 2 2 2 2 2 2
left_child=1 5 4 10 -3 6 7 -1 -9 -10 13 12 -12 -4
right_child=-2 2 3 -5 -6 -7 -8 8 9 -11 11 -13 -14 -15
leaf_value=0.0016650792240943701 -0.0011922617641187483 0.00034672871125595911 -4.1713163902462747e-05 0.0063590753643522754 -0.0048621357565143087 -0.0014123607878983337 -5.5886071109616899e-05 -0.0014771723813347278 0.0014075079209547726 -1.9591121689269419e-05 0.002165569328935817 -2.6426690611053165e-05 0.00025263454571146534 0.0011718436841461385
leaf_weight=47 30 104 1477 38 33 32 4802 30 46 94 56 182 106 43
leaf_count=47 30 104 1477 38 33 32 4802 30 46 94 56 182 106 43
internal_value=0 5.36379e-06 0.000124824 0.000201548 -0.000934102 -4.28752e-05 -3.38641e-05 0.000451482 0.000108183 0.00045597 7.26769e-05 0.000422125 0.000923125 -6.63441e-06
internal_weight=0 7090 2039 1902 137 5051 5019 217 170 140 1864 344 162 1520
internal_count=7120 7090 2039 1902 137 5051 5019 217 170 140 1864 344 162 1520
is_linear=0
shrinkage=0.03


end of trees

feature_importances:
Column_9=215
Column_41=167
Column_2=161
Column_34=125
Column_169=110
Column_1=94
Column_354=84
Column_64=61
Column_6=58
Column_0=56
Column_18=56
Column_5=52
Column_220=49
Column_322=46
Column_12=45
Column_14=45
Column_142=45
Column_8=43
Column_56=41
Column_140=40
Column_19=37
Column_66=37
Column_343=35
Column_63=33
Column_270=33
Column_15=32
Column_294=31
Column_39=29
Column_98=29
Column_353=29
Column_271=28
Column_286=28
Column_43=27
Column_4=26
Column_7=26
Column_50=26
Column_179=26
Column_226=26
Column_284=26
Column_10=25
Column_152=24
Column_278=24
Column_17=23
Column_24=23
Column_72=23
Column_76=23
Column_80=23
Column_256=23
Column_28=22
Column_29=22
Column_210=22
Column_3=21
Column_65=21
Column_69=21
Column_221=20
Column_232=20
Column_277=20
Column_55=19
Column_79=19
Column_249=19
Column_37=18
Column_246=18
Column_309=18
Column_16=17
Column_62=17
Column_73=17
Column_78=17
Column_82=17
Column_117=17
Column_134=17
Column_156=17
Column_177=17
Column_263=17
Column_290=17
Column_13=16
Column_32=16
Column_70=16
Column_143=16
Column_235=16
Column_293=16
Column_316=16
Column_320=16
Column_53=15
Column_120=15
Column_207=15
Column_222=15
Column_285=15
Column_30=14
Column_74=14
Column_102=14
Column_247=14
Column_306=14
Column_51=13
Column_60=13
Column_75=13
Column_77=13
Column_171=13
Column_274=13
Column_308=13
Column_11=12
Column_31=12
Column_54=12
Column_81=12
Column_83=12
Column_166=12
Column_168=12
Column_215=12
Column_342=12
Column_20=11
Column_68=11
Column_105=11
Column_115=11
Column_118=11
Column_132=11
Column_204=11
Column_258=11
Column_21=10
Column_52=10
Column_61=10
Column_209=10
Column_216=10
Column_334=10
Column_344=10
Column_46=9
Column_100=9
Column_201=9
Column_214=9
Column_269=9
Column_310=9
Column_335=9
Column_349=9
Column_38=8
Column_40=8
Column_59=8
Column_101=8
Column_116=8
Column_206=8
Column_251=8
Column_254=8
Column_300=8
Column_318=8
Column_326=8
Column_345=8
Column_351=8
Column_26=7
Column_35=7
Column_45=7
Column_49=7
Column_92=7
Column_125=7
Column_126=7
Column_149=7
Column_162=7
Column_167=7
Column_189=7
Column_198=7
Column_283=7
Column_288=7
Column_315=7
Column_332=7
Column_36=6
Column_84=6
Column_95=6
Column_123=6
Column_131=6
Column_138=6
Column_158=6
Column_176=6
Column_182=6
Column_197=6
Column_230=6
Column_240=6
Column_242=6
Column_297=6
Column_304=6
Column_324=6
Column_329=6
Column_57=5
Column_58=5
Column_96=5
Column_137=5
Column_141=5
Column_147=5
Column_154=5
Column_187=5
Column_227=5
Column_244=5
Column_259=5
Column_291=5
Column_296=5
Column_330=5
Column_22=4
Column_25=4
Column_33=4
Column_108=4
Column_114=4
Column_119=4
Column_127=4
Column_130=4
Column_148=4
Column_153=4
Column_163=4
Column_205=4
Column_224=4
Column_229=4
Column_260=4
Column_264=4
Column_268=4
Column_287=4
Column_299=4
Column_317=4
Column_44=3
Column_48=3
Column_71=3
Column_85=3
Column_121=3
Column_144=3
Column_155=3
Column_159=3
Column_161=3
Column_170=3
Column_190=3
Column_193=3
Column_239=3
Column_245=3
Column_252=3
Column_261=3
Column_276=3
Column_301=3
Column_319=3
Column_328=3
Column_337=3
Column_346=3
Column_350=3
Column_86=2
Column_90=2
Column_94=2
Column_99=2
Column_104=2
Column_107=2
Column_110=2
Column_113=2
Column_128=2
Column_133=2
Column_164=2
Column_165=2
Column_174=2
Column_180=2
Column_188=2
Column_211=2
Column_212=2
Column_217=2
Column_219=2
Column_223=2
Column_231=2
Column_234=2
Column_243=2
Column_248=2
Column_253=2
Column_255=2
Column_272=2
Column_280=2
Column_292=2
Column_305=2
Column_311=2
Column_321=2
Column_331=2
Column_348=2
Column_23=1
Column_27=1
Column_42=1
Column_47=1
Column_67=1
Column_88=1
Column_91=1
Column_93=1
Column_97=1
Column_109=1
Column_112=1
Column_122=1
Column_124=1
Column_145=1
Column_146=1
Column_150=1
Column_157=1
Column_194=1
Column_196=1
Column_199=1
Column_203=1
Column_228=1
Column_233=1
Column_257=1
Column_262=1
Column_275=1
Column_279=1
Column_281=1
Column_282=1
Column_295=1
Column_307=1
Column_313=1
Column_323=1
Column_325=1
Column_327=1
Column_336=1
Column_338=1
Column_339=1

parameters:
[boosting: gbdt]
[objective: regression]
[metric: l2]
[tree_learner: serial]
[device_type: cpu]
[data_sample_strategy: bagging]
[data: ]
[valid: ]
[num_iterations: 300]
[learning_rate: 0.03]
[num_leaves: 15]
[num_threads: 8]
[seed: 20260826]
[deterministic: 0]
[force_col_wise: 0]
[force_row_wise: 0]
[histogram_pool_size: -1]
[max_depth: -1]
[min_data_in_leaf: 30]
[min_sum_hessian_in_leaf: 0.001]
[bagging_fraction: 1]
[pos_bagging_fraction: 1]
[neg_bagging_fraction: 1]
[bagging_freq: 0]
[bagging_seed: 26062]
[feature_fraction: 0.7]
[feature_fraction_bynode: 1]
[feature_fraction_seed: 27632]
[extra_trees: 0]
[extra_seed: 31828]
[early_stopping_round: 0]
[first_metric_only: 0]
[max_delta_step: 0]
[lambda_l1: 0]
[lambda_l2: 1]
[linear_lambda: 0]
[min_gain_to_split: 0]
[drop_rate: 0.1]
[max_drop: 50]
[skip_drop: 0.5]
[xgboost_dart_mode: 0]
[uniform_drop: 0]
[drop_seed: 14724]
[top_rate: 0.2]
[other_rate: 0.1]
[min_data_per_group: 100]
[max_cat_threshold: 32]
[cat_l2: 10]
[cat_smooth: 10]
[max_cat_to_onehot: 4]
[top_k: 20]
[monotone_constraints: ]
[monotone_constraints_method: basic]
[monotone_penalty: 0]
[feature_contri: ]
[forcedsplits_filename: ]
[refit_decay_rate: 0.9]
[cegb_tradeoff: 1]
[cegb_penalty_split: 0]
[cegb_penalty_feature_lazy: ]
[cegb_penalty_feature_coupled: ]
[path_smooth: 0]
[interaction_constraints: ]
[verbosity: -1]
[saved_feature_importance_type: 0]
[use_quantized_grad: 0]
[num_grad_quant_bins: 4]
[quant_train_renew_leaf: 0]
[stochastic_rounding: 1]
[linear_tree: 0]
[max_bin: 255]
[max_bin_by_feature: ]
[min_data_in_bin: 3]
[bin_construct_sample_cnt: 200000]
[data_random_seed: 4779]
[is_enable_sparse: 1]
[enable_bundle: 1]
[use_missing: 1]
[zero_as_missing: 0]
[feature_pre_filter: 1]
[pre_partition: 0]
[two_round: 0]
[header: 0]
[label_column: ]
[weight_column: ]
[group_column: ]
[ignore_column: ]
[categorical_feature: ]
[forcedbins_filename: ]
[precise_float_parser: 0]
[parser_config_file: ]
[objective_seed: 19760]
[num_class: 1]
[is_unbalance: 0]
[scale_pos_weight: 1]
[sigmoid: 1]
[boost_from_average: 1]
[reg_sqrt: 0]
[alpha: 0.9]
[fair_c: 1]
[poisson_max_delta_step: 0.7]
[tweedie_variance_power: 1.5]
[lambdarank_truncation_level: 30]
[lambdarank_norm: 1]
[label_gain: ]
[lambdarank_position_bias_regularization: 0]
[eval_at: ]
[multi_error_top_k: 1]
[auc_mu_weights: ]
[num_machines: 1]
[local_listen_port: 12400]
[time_out: 120]
[machine_list_filename: ]
[machines: ]
[gpu_platform_id: -1]
[gpu_device_id: -1]
[gpu_use_dp: 0]
[num_gpu: 1]

end of parameters

pandas_categorical:null
